tree
version=v4
num_class=1
num_tree_per_iteration=1
label_index=0
max_feature_idx=7
objective=regression
feature_names=wt_carries wt_carry_share prior_carries_pg wt_team_total_plays def_rush_epa_adj draft_tier_int is_cold_start_int games_played_so_far
feature_infos=[0:16] [0:0.47203992185651944] [0.14285714285714285:11.083333333333334] [48:102] [-0.60641758501024112:0.31855093932182543] [1:5] [0:1] [0:16]
tree_sizes=2852 3035 2963 3045 2945 3061 2865 3064 2949 2879 3063 2881 2972 2902 2971 2880 2885 3065 2780 2877 2983 3058 3056 2967 3058 2973 2979 2878 2975 2888 3049 3146 2982 2983 2966 3151 2966 3050 2704 2907 2968 3217 2901 2976 2901 2975 2799 2864 2978 2876 3175 3071 2968 3163 3076 2972 3005 3094 2980 2988 2720 2886 2972 2734 3157 3095 2991 2815 2722 2809 2897 3007 2990 2896 2896 3099 2816 3102 3114 3204 3257 3059 2976 3084 3174 3082 2845 3012 2940 2926 3181 3184 2905 2907 2808 3094 3107 3101 3106

Tree=0
num_leaves=33
num_cat=0
split_feature=2 0 2 2 0 2 2 0 2 0 0 3 3 0 0 1 1 1 2 3 1 3 6 0 7 6 1 3 0 0 1 1
split_gain=9158.88 2308.61 1059.71 678.39 638.827 209.09 200.701 166.495 151.162 117.381 106.43 41.6799 33.9568 30.9006 23.281 21.7038 21.2915 19.192 15.4588 13.2462 13.2392 13.3649 10.8418 9.62819 8.14737 15.8756 8.04785 7.3474 4.29007 3.06544 2.8086 2.02147
threshold=4.5277777777777786 2.5410751999865915 7.7812500000000009 1.818014705882353 5.3619032291226052 2.710084033613446 2.1143790849673207 5.7300899422125084 1.2071428571428573 1.7689144200488276 4.0596239812352097 69.142558491087513 77.500037918302084 6.8401566615715703 3.4176220674406497 0.086960423626907007 0.04451113192885426 0.029622339929940646 0.81534090909090928 68.749489161735696 0.052394449629750393 68.220861470117867 1.0000000180025095e-35 3.1793308178050865 5.5000000000000009 1.0000000180025095e-35 0.029622339929940646 66.24466807133976 1.6228026002344695 0.28118202214923776 0.064964276035084048 0.043824962892942403
decision_type=10 10 10 8 10 10 8 8 10 8 10 10 8 10 10 8 8 8 10 10 10 10 2 10 2 2 10 8 8 10 10 10
left_child=1 3 7 8 6 9 -3 -2 17 20 11 22 24 -9 -13 -7 -10 29 -19 -12 21 26 23 -8 -11 -26 -5 -18 -29 -1 -22 -20
right_child=2 4 -4 5 -6 15 10 13 16 12 19 14 -14 -15 -16 -17 27 18 31 -21 30 -23 -24 -25 25 -27 -28 28 -30 -31 -32 -33
leaf_value=2.6767669641089826 2.7677379132054227 2.7008519474912243 2.8556660469348008 2.7005584252455348 2.7777141036408124 2.7157731922804915 2.7306002317010081 2.7881181720753205 2.6872379123157466 2.7013045790490482 2.7468550748324576 2.7140840663132049 2.7190474361907704 2.8036867587384555 2.7261638385835929 2.7270516382449315 2.6991773062654221 2.6768178736134169 2.6869045790073249 2.7366618611642348 2.7019045791187914 2.6888326835232346 2.7340920794964556 2.7228881857623746 2.7024045791046793 2.7119651852266964 2.6927457005361313 2.6903157939550812 2.6956108727656791 2.6723212454128902 2.6972891945508097 2.6830616037762312
leaf_weight=109 144 114 109 104 105 137 138 103 195 100 101 156 105 101 108 136 132 173 100 103 107 153 128 122 120 165 107 107 143 144 104 121
leaf_count=109 144 114 109 104 105 137 138 103 195 100 101 156 105 101 108 136 132 173 100 103 107 153 128 122 120 165 107 107 143 144 104 121
internal_value=2.71686 2.70625 2.80125 2.69593 2.73085 2.70578 2.72578 2.7842 2.68517 2.70177 2.7291 2.72516 2.70897 2.79583 2.71903 2.72139 2.69262 2.67854 2.6813 2.74171 2.69564 2.69333 2.72933 2.72698 2.70622 2.70794 2.6966 2.69536 2.69334 2.67424 2.69963 2.6848
internal_weight=4094 3637 457 2562 1075 1338 970 348 1224 1065 856 652 490 204 264 273 577 647 394 204 575 364 388 260 385 285 211 382 250 253 211 221
internal_count=4094 3637 457 2562 1075 1338 970 348 1224 1065 856 652 490 204 264 273 577 647 394 204 575 364 388 260 385 285 211 382 250 253 211 221
is_linear=0
shrinkage=1


Tree=1
num_leaves=33
num_cat=0
split_feature=2 0 2 2 0 2 2 0 2 0 0 3 3 0 0 1 1 1 2 3 1 3 1 1 7 7 1 3 0 0 1 1
split_gain=8796.19 2217.19 1017.75 651.526 613.53 200.81 192.753 159.902 145.176 112.733 102.216 40.0293 32.6121 29.6769 22.3591 20.8443 20.4483 18.432 14.8466 12.7216 12.7149 12.8356 9.51043 19.7852 7.82474 11.2003 7.72915 7.05645 4.12019 2.94405 2.69738 1.94142
threshold=4.5277777777777786 2.5410751999865915 7.7812500000000009 1.818014705882353 5.3619032291226052 2.710084033613446 2.1143790849673207 5.7300899422125084 1.2071428571428573 1.7689144200488276 4.0596239812352097 69.142558491087513 77.500037918302084 6.8401566615715703 3.4176220674406497 0.086960423626907007 0.04451113192885426 0.029622339929940646 0.81534090909090928 68.749489161735696 0.052394449629750393 68.220861470117867 0.11766790531539173 0.14184595343730455 5.5000000000000009 10.500000000000002 0.029622339929940646 66.24466807133976 1.6228026002344695 0.28118202214923776 0.064964276035084048 0.043824962892942403
decision_type=10 10 10 8 10 10 8 8 10 8 10 10 8 10 10 8 8 8 10 10 10 10 10 10 2 2 10 8 8 10 10 10
left_child=1 3 7 8 6 9 -3 -2 17 20 11 22 24 -9 -13 -7 -10 29 -19 -12 21 26 -8 -24 -11 -26 -5 -18 -29 -1 -22 -20
right_child=2 4 -4 5 -6 15 10 13 16 12 19 14 -14 -15 -16 -17 27 18 31 -21 30 -23 23 -25 25 -27 -28 28 -30 -31 -32 -33
leaf_value=-0.038672953187872512 0.050478575302080976 -0.015069670285049238 0.13664814500633729 -0.015357322463622461 0.060255241763024103 -0.00044685057044899375 0.0085251278663749132 0.070451227516225248 -0.028411425040318416 -0.014626091814041137 0.03001339343514773 -0.0021021944055190454 0.0027619078499930244 0.085708443256888076 0.00973598211451813 0.010606025606393813 -0.016710818427981753 -0.0386230630440519 -0.028738091677427292 0.020024043796131916 -0.014038091157084313 -0.026848549328598321 0.020605145831440769 0.0094399160385131835 -0.0038551527577819246 -0.011806377978885877 -0.023013792277496552 -0.025395100684923549 -0.020205923427234995 -0.043029758847422064 -0.018561168685555459 -0.032504207201240476
leaf_weight=109 144 114 109 104 105 137 134 103 195 100 101 156 105 101 108 136 132 173 100 103 107 153 129 125 132 153 107 107 143 144 104 121
leaf_count=109 144 114 109 104 105 137 134 103 195 100 101 156 105 101 108 136 132 173 100 103 107 153 129 125 132 153 107 107 143 144 104 121
internal_value=0.000616427 -0.00977535 0.0833186 -0.0198906 0.0143318 -0.0102441 0.00936067 0.0666148 -0.0304355 -0.0141669 0.0126142 0.00874841 -0.00711809 0.078005 0.0027407 0.00505934 -0.0231417 -0.0369401 -0.034235 0.0249698 -0.0201737 -0.0224381 0.0128361 0.0151104 -0.00981264 -0.00812371 -0.01924 -0.0204517 -0.0224269 -0.0411527 -0.0162675 -0.0308001
internal_weight=4094 3637 457 2562 1075 1338 970 348 1224 1065 856 652 490 204 264 273 577 647 394 204 575 364 388 254 385 285 211 382 250 253 211 221
internal_count=4094 3637 457 2562 1075 1338 970 348 1224 1065 856 652 490 204 264 273 577 647 394 204 575 364 388 254 385 285 211 382 250 253 211 221
is_linear=0
shrinkage=0.02


Tree=2
num_leaves=32
num_cat=0
split_feature=1 1 1 1 1 1 3 1 1 6 5 3 1 7 1 7 1 3 3 3 3 3 3 5 4 5 3 4 3 4 7
split_gain=7450.45 1702.62 881.567 227.867 209.429 140.188 70.4044 59.3277 40.1924 38.5596 31.1645 37.1033 29.3063 22.5367 19.8705 17.4153 17.977 17.2734 12.475 13.5054 11.2892 18.6904 9.31762 9.03403 20.6561 7.26774 5.8886 4.40265 4.26409 3.21629 1.99723
threshold=0.17898088627092809 0.091869480885349283 0.24734741612493452 0.04451113192885426 0.11539097170601799 0.21569879067660791 69.089569770518452 0.28573096299014872 0.066678437356833528 1.0000000180025095e-35 3.5000000000000004 56.305777401029019 0.13735200488976626 7.5000000000000009 0.13335685159380004 2.5000000000000004 0.03019409448139258 65.633285171585783 65.479264587170817 71.319983282241949 65.157665470454887 69.803678784943301 71.542671571890594 4.5000000000000009 -0.087734142384116975 4.5000000000000009 68.174241339038517 -0.046836570986180381 67.300669384425873 -0.028081478283028295 8.5000000000000018
decision_type=10 8 10 10 10 10 10 10 10 2 2 10 10 2 10 2 10 10 10 10 10 10 10 2 2 2 10 2 10 2 2
left_child=1 3 5 9 10 13 12 -4 18 15 -3 27 -6 -2 -8 -1 25 -14 -5 26 -13 -22 23 -10 -25 -17 -20 -12 -11 -18 -27
right_child=2 4 7 8 6 -7 14 -9 22 28 11 20 17 -15 -16 16 29 -19 19 -21 21 -23 -24 24 -26 30 -28 -29 -30 -31 -32
leaf_value=-0.024426338743959736 0.0308716617336551 -0.0085555953433714711 0.087621227109786842 -0.01550213327874308 0.013359667032478966 0.064705433641870813 -0.00037496113942729099 0.10803018455704054 -0.017017835626441442 -0.018704999755410588 0.01035589401793276 -0.0082701159320255312 0.018945057967212051 0.044200873124599457 0.010607980844184493 -0.032466853132434921 -0.030669760206620472 0.029752089340578425 -0.021766677451344717 -0.017148543563607621 0.0036315695013318743 -0.0066678563315989607 -0.0070198923241984734 -0.0041903918527421494 -0.015233434004933422 -0.036259276580810552 -0.028267270391637629 0.0047694568541071835 -0.024516905522346498 -0.02601940149298081 -0.040256502163410188
leaf_weight=117 103 166 104 184 187 120 108 126 178 102 117 101 128 100 169 153 139 110 113 146 175 118 111 105 191 100 110 109 100 104 100
leaf_count=117 103 166 104 184 187 120 108 126 178 102 117 101 128 100 169 153 139 110 113 146 175 118 111 105 191 100 110 109 100 104 100
internal_value=0.000604099 -0.0100581 0.0688769 -0.0218649 0.0062318 0.0475682 0.0141712 0.0988018 -0.0158902 -0.0292957 -0.000859138 0.00120153 0.0192846 0.0374378 0.00632582 -0.0314811 -0.032866 0.0239399 -0.0197561 -0.0218773 -0.00250397 -0.000516322 -0.0122358 -0.0134573 -0.0113161 -0.0357479 -0.0249732 0.00766155 -0.0215822 -0.0286795 -0.0382579
internal_weight=4094 3541 553 2053 1488 323 702 230 1138 915 786 620 425 203 277 713 596 238 553 369 394 293 585 474 296 353 223 226 202 243 200
internal_count=4094 3541 553 2053 1488 323 702 230 1138 915 786 620 425 203 277 713 596 238 553 369 394 293 585 474 296 353 223 226 202 243 200
is_linear=0
shrinkage=0.02


Tree=3
num_leaves=33
num_cat=0
split_feature=2 0 2 2 0 2 2 0 2 0 0 0 1 6 0 1 2 1 1 5 1 1 6 5 0 2 0 2 1 4 2 2
split_gain=8209.2 2039.76 959.394 614.161 563.688 190.482 182.919 144.182 136.732 103.282 93.5044 28.3543 21.6158 22.3836 18.8873 17.8772 16.6188 12.0127 11.5908 13.2327 9.13396 8.31949 8.06947 15.5365 7.26869 6.93881 17.6681 5.68215 2.7192 2.6901 2.52378 1.13648
threshold=4.5277777777777786 2.5410751999865915 7.7812500000000009 1.818014705882353 5.3619032291226052 2.710084033613446 2.1143790849673207 6.9390602385858582 1.2071428571428573 1.7689144200488276 4.0596239812352097 5.2733973058858457 0.10812595405630911 1.0000000180025095e-35 1.9940662070406705 0.04451113192885426 0.81534090909090928 0.035106664313590261 0.052394449629750393 2.5000000000000004 0.025412419007592928 0.17614202341291527 1.0000000180025095e-35 4.5000000000000009 3.1793308178050865 1.5773809523809526 1.6652066715988549 2.1715686274509807 0.064964276035084048 -0.10340297859857094 0.64583333333333337 2.9393382352941182
decision_type=10 10 10 8 10 10 8 8 10 8 10 10 10 2 8 8 10 8 10 2 10 10 2 2 10 10 10 10 10 2 10 10
left_child=1 3 7 8 6 9 -3 11 16 18 12 -2 -8 24 -7 -10 29 -18 19 -5 -21 -12 27 -24 -14 26 -17 -11 -20 -1 -31 -26
right_child=2 4 -4 5 -6 14 10 -9 15 22 21 -13 13 -15 -16 25 17 -19 28 20 -22 -23 23 -25 31 -27 -28 -29 -30 30 -32 -33
leaf_value=-0.03607309172550837 0.048093258302752712 -0.014888478182909781 0.13226525536644348 -0.027585636793988424 0.057694036676770165 -0.0013313226196744027 0.0013220634904221027 0.08179066999739068 -0.027235984490467952 -0.01311134718575524 0.019936811244831636 0.062281500802627794 0.010887417449553807 0.016615223805750569 0.0094100858162089098 -0.022370542510807945 -0.037429569445104678 -0.029315546299378898 -0.01338548058661345 -0.014372497153282166 -0.022068530865337537 0.028016169065237045 -0.0086124885351427146 0.001164112990455968 0.0066083982242987702 -0.023317513017789691 -0.011410149084586723 -0.0067076665411392846 -0.017926809644469847 -0.041855264618061487 -0.037682677749192942 0.0036656642972298387
leaf_weight=102 119 114 109 103 105 109 137 122 195 103 104 107 150 155 164 139 117 194 107 100 161 100 155 112 104 141 102 120 104 128 106 106
leaf_count=102 119 114 109 103 105 109 137 122 195 103 104 107 150 155 164 139 117 194 107 100 161 100 155 112 104 141 102 120 104 128 106 106
internal_value=0.000592017 -0.00944704 0.0804871 -0.0191491 0.0136754 -0.00978329 0.0089105 0.0642692 -0.0293872 -0.0136039 0.01208 0.0548107 0.00838256 0.0102608 0.00512139 -0.0223087 -0.0356998 -0.0323681 -0.0193535 -0.0215154 -0.0191199 0.0238973 -0.00685703 -0.00451144 0.00752485 -0.0197935 -0.0177317 -0.00966542 -0.0156239 -0.0387836 -0.0399651 0.00512302
internal_weight=4094 3637 457 2562 1075 1338 970 348 1224 1065 856 226 652 515 273 577 647 311 575 364 261 204 490 267 360 382 241 223 211 336 234 210
internal_count=4094 3637 457 2562 1075 1338 970 348 1224 1065 856 226 652 515 273 577 647 311 575 364 261 204 490 267 360 382 241 223 211 336 234 210
is_linear=0
shrinkage=0.02


Tree=4
num_leaves=32
num_cat=0
split_feature=2 0 2 2 0 2 2 0 2 0 0 3 3 0 0 1 1 2 5 1 1 5 3 1 0 3 2 0 1 0 0
split_gain=7884.11 1958.99 921.402 589.841 541.366 182.939 176.491 139.024 131.317 99.1924 94.0544 39.3985 30.2519 24.531 19.4081 18.2015 17.1693 15.9607 14.765 11.537 11.1318 12.7087 25.9719 9.14838 7.57311 6.75914 5.99505 3.38793 2.61152 1.66042 0.904162
threshold=4.5277777777777786 2.5410751999865915 7.7812500000000009 1.818014705882353 5.3619032291226052 2.710084033613446 2.2008928571428577 5.7300899422125084 1.2071428571428573 1.7689144200488276 4.0596239812352097 69.142558491087513 77.500037918302084 6.8401566615715703 3.4176220674406497 0.086960423626907007 0.04451113192885426 0.81534090909090928 4.5000000000000009 0.035106664313590261 0.052394449629750393 2.5000000000000004 68.220861470117867 0.12536478789147817 2.4785812151046298 66.24466807133976 2.5277777777777781 1.6228026002344695 0.064964276035084048 0.99883632944094958 0.41492207887374216
decision_type=10 10 10 8 10 10 8 8 10 8 10 10 8 10 10 8 8 10 2 8 10 2 10 10 8 8 8 8 10 8 10
left_child=1 3 7 8 6 9 -3 -2 17 20 11 18 24 -9 -13 -7 -10 29 -8 -19 21 -5 -23 -20 26 -18 -11 -27 -22 30 -1
right_child=2 4 -4 5 -6 15 10 13 16 12 -12 14 -14 -15 -16 -17 25 19 23 -21 28 22 -24 -25 -26 27 -28 -29 -30 -31 -32
leaf_value=-0.03770612901733035 0.047937900597333077 -0.01060764740162258 0.12961994869446536 -0.027033924605082537 0.05654015534548533 -0.00012634973891460113 0.018182063135835862 0.066736709219810453 -0.02669126479442303 -0.011326039468200462 0.024522168367798559 -0.00187804648162503 0.0027958767641158332 0.080608195956095599 0.0092104930237487514 0.010202109956127756 -0.015736381149653235 -0.036680978022070015 0.0053531361511438202 -0.028729235450017085 -0.01311777053592361 -0.013224689163066246 -0.025957730670945835 0.013537391101111884 -0.013694440967270308 -0.024022296188033629 -0.0052114858276703776 -0.019316781555022394 -0.017568273309331674 -0.036096955406463752 -0.040283918644474677
leaf_weight=105 144 158 109 103 105 137 135 103 195 103 197 152 105 101 108 136 132 117 101 194 107 148 113 119 112 107 170 143 104 118 113
leaf_count=105 144 158 109 103 105 137 135 103 195 103 197 152 105 101 108 136 132 117 101 194 107 148 113 119 112 107 170 143 104 118 113
internal_value=0.000580176 -0.0092581 0.0788773 -0.0187661 0.0134019 -0.00958762 0.00873229 0.0629838 -0.0287994 -0.0133318 0.0124955 0.00864303 -0.00671989 0.0736045 0.00272796 0.00501896 -0.0218625 -0.0349858 0.0129752 -0.0317207 -0.0189664 -0.0210851 -0.0187375 0.00978007 -0.0093151 -0.0193976 -0.00751844 -0.0213307 -0.0153114 -0.0380079 -0.0390423
internal_weight=4094 3637 457 2562 1075 1338 970 348 1224 1065 812 615 490 204 260 273 577 647 355 311 575 364 261 220 385 382 273 250 211 336 218
internal_count=4094 3637 457 2562 1075 1338 970 348 1224 1065 812 615 490 204 260 273 577 647 355 311 575 364 261 220 385 382 273 250 211 336 218
is_linear=0
shrinkage=0.02


Tree=5
num_leaves=33
num_cat=0
split_feature=0 2 0 2 0 2 2 2 1 2 7 1 0 0 2 0 2 2 2 4 1 4 1 2 1 0 1 0 0 1 0 1
split_gain=6989.81 1591.66 1160.88 583.008 395.055 380.637 210.827 134.245 93.6464 81.5068 24.6041 21.3867 20.7321 20.5065 25.0571 17.9076 15.5219 14.4026 13.3092 12.4939 12.262 12.0866 8.96974 7.71766 7.47051 5.62094 5.21634 5.37592 4.9817 3.43741 2.67835 1.25482
threshold=4.4920287302761635 1.9198717948717952 6.3931512805431927 4.5277777777777786 1.7547023969053146 8.0729166666666696 4.7000000000000011 1.1483516483516485 0.09563669280884507 2.3229166666666674 1.0000000180025095e-35 0.051701424978038153 1.9557796761271427 3.3592455774620356 4.3000000000000007 3.7737237993302686 0.70089285714285732 3.8397435897435903 2.7321428571428577 -0.040985426720858552 0.082807992439973735 -0.095805195623638276 0.029622339929940646 1.2696969696969698 0.028200960589856668 2.2480764670911495 0.042509612164062134 1.4896179688935105 2.5948430093919619 0.12252309811889636 0.7230101739017597 0.046653277682513025
decision_type=10 8 10 10 8 8 10 10 10 10 2 10 8 10 8 10 10 8 10 2 8 2 10 10 10 10 10 10 10 10 8 10
left_child=1 7 6 4 9 -4 -2 16 10 11 -6 21 23 18 15 -15 30 19 28 -12 -19 -3 -23 -9 -18 -14 -25 -28 -10 -30 -1 -26
right_child=2 3 5 -5 8 -7 -8 12 13 -11 17 -13 25 14 -16 -17 24 20 -20 -21 -22 22 -24 26 31 -27 27 -29 29 -31 -32 -33
leaf_value=-0.039628273736346857 0.024880541813225771 -0.027139421089129017 0.073657286263745403 0.044157190930032945 0.0050804703095645625 0.12170247392220931 0.058702670305179873 -0.028592420499604025 -0.0010649210539194617 -0.0010975946360871993 -0.0053526481885021017 -0.013162102477418051 -0.013710584416985512 0.013878900408744812 0.019277848090444291 0.0029161498533155682 -0.035135873721463838 -0.0026570298099050332 0.0092446132962192805 0.0042560834765434262 -0.011682123610762513 -0.014839702783343948 -0.022728612456321719 -0.025328861157099408 -0.027510972082614899 -0.01991212290630006 -0.017720920759088852 -0.023868967157985092 0.0017739848546611454 0.0069410254451835046 -0.035594324827194213 -0.030606498035517606
leaf_weight=154 184 110 145 114 132 121 123 111 101 131 118 180 120 108 112 133 137 102 196 100 147 107 125 165 100 114 119 109 103 103 115 110
leaf_count=154 184 110 145 114 132 121 123 111 101 131 118 180 120 108 112 133 137 102 196 100 147 107 125 165 100 114 119 109 103 103 115 110
internal_value=7.93905e-05 -0.0103119 0.0649298 0.000103936 -0.00227845 0.0955124 0.0384314 -0.027405 0.00352182 -0.0152025 -0.00254369 -0.0187422 -0.0216515 0.00776626 0.0114614 0.00782892 -0.0342979 -0.0046987 0.00517303 -0.000944973 -0.0079851 -0.0216791 -0.0190902 -0.0239356 -0.0315027 -0.0167318 -0.0226203 -0.0206601 0.00257358 0.00435751 -0.0379037 -0.0291324
internal_weight=4149 3576 573 2222 2108 266 307 1354 1455 653 599 522 738 856 353 241 616 467 503 218 249 342 232 504 347 234 393 228 307 206 269 210
internal_count=4149 3576 573 2222 2108 266 307 1354 1455 653 599 522 738 856 353 241 616 467 503 218 249 342 232 504 347 234 393 228 307 206 269 210
is_linear=0
shrinkage=0.02


Tree=6
num_leaves=31
num_cat=0
split_feature=0 2 0 2 0 2 2 2 2 0 1 2 0 3 0 7 7 3 2 3 0 1 2 1 1 0 1 0 0 3
split_gain=6713.02 1528.63 1114.91 559.921 379.635 365.564 202.478 128.929 92.421 60.127 37.3109 35.8964 23.4211 24.8609 19.9111 18.3297 20.2177 15.1914 14.9072 11.899 10.1043 8.39142 7.41204 7.17468 5.95389 5.39835 5.00978 5.16303 2.57229 2.30638
threshold=4.4920287302761635 1.9198717948717952 6.3931512805431927 4.5277777777777786 2.1134338645827895 8.0729166666666696 4.7000000000000011 1.1483516483516485 2.710084033613446 3.0791767852357932 0.051141497600779386 3.0801282051282057 2.5410751999865915 77.500037918302084 1.9557796761271427 10.500000000000002 5.5000000000000009 67.771145679358568 0.70089285714285732 67.733867447727519 2.4160716302004954 0.06805245442336251 1.2696969696969698 0.028200960589856668 0.031733955624290787 2.2480764670911495 0.042509612164062134 1.4896179688935105 0.7230101739017597 69.188331011795384
decision_type=10 8 10 10 8 8 10 10 10 10 10 10 10 8 8 2 2 10 10 10 8 10 10 10 10 10 10 10 8 10
left_child=1 7 6 4 8 -4 -2 18 10 11 24 12 13 20 22 16 -11 -14 28 21 -6 -12 -9 -20 -3 -16 -24 -28 -1 -25
right_child=2 3 5 -5 9 -7 -8 14 -10 15 19 -13 17 -15 25 -17 -18 -19 23 -21 -22 -23 26 29 -26 -27 27 -29 -30 -31
leaf_value=-0.038835708262858454 0.024382930873721106 -0.01755332179905213 0.072184140393446228 0.043274047237151024 -0.0030635624028678633 0.11926842365383117 0.0575286169068479 -0.028020571760229162 0.0025394522776638253 0.0079338988576003987 -0.0090460771263235866 0.0093168710517344509 0.0095395627562646513 0.0039200301983139726 -0.013436372732122739 0.0053093426957212643 0.018407227810780715 -0.0007398897288291435 -0.034433156256258049 -0.005823536820411682 -0.010988719513366272 -0.016621124512857671 -0.02482228371952519 -0.026393050078083489 -0.022738571251096903 -0.019513880641836869 -0.017366502460311441 -0.023391587958423367 -0.034882438670033995 -0.030586709258732973
leaf_weight=154 184 194 145 114 117 121 123 111 138 139 101 177 108 110 120 174 157 123 137 125 143 139 165 102 163 114 119 109 115 108
leaf_count=154 184 194 145 114 117 121 123 111 138 139 101 177 108 110 120 174 157 123 137 125 143 139 165 102 163 114 119 109 115 108
internal_value=7.78027e-05 -0.0101057 0.0636312 0.000101857 -0.00223288 0.0936022 0.0376628 -0.0268569 -0.0124572 0.00481274 -0.0153236 0.00140068 -0.000930706 -0.00405033 -0.0212184 0.0104608 0.013489 0.00406609 -0.033612 -0.0108272 -0.0074224 -0.0134333 -0.0234569 -0.0308726 -0.0199208 -0.0163972 -0.0221679 -0.0202469 -0.0371456 -0.0285498
internal_weight=4149 3576 573 2222 2108 266 307 1354 860 1248 722 778 601 370 738 470 296 231 616 365 260 240 504 347 357 234 393 228 269 210
internal_count=4149 3576 573 2222 2108 266 307 1354 860 1248 722 778 601 370 738 470 296 231 616 365 260 240 504 347 357 234 393 228 269 210
is_linear=0
shrinkage=0.02


Tree=7
num_leaves=33
num_cat=0
split_feature=1 1 1 1 1 1 7 3 7 1 7 4 4 1 3 6 1 4 4 7 3 3 7 4 3 4 4 5 3 5 4 1
split_gain=6123.98 1225.86 679.745 172.862 142.177 122.749 35.002 29.3035 25.864 23.4759 26.4345 31.7258 43.483 22.4487 23.8605 21.1553 31.3698 18.2439 27.769 14.4395 11.707 7.93151 7.41827 7.20164 6.65987 5.96936 8.79893 5.77051 4.62407 4.37785 4.1056 3.38175
threshold=0.17898088627092809 0.090044566389023001 0.24734741612493452 0.051141497600779386 0.13735200488976626 0.20713338919790045 2.5000000000000004 67.949966379105504 4.5000000000000009 0.11539097170601799 10.500000000000002 -0.1242058279096495 -0.0013997951937399465 0.073911552762165947 67.300669384425873 1.0000000180025095e-35 0.03019409448139258 0.00082417061545685133 -0.085592574940403704 10.500000000000002 69.459819639450828 67.805975418828723 6.5000000000000009 -0.053612828234644777 70.813427629128682 -0.11990011839009472 -0.028081478283028295 4.5000000000000009 63.298256937785339 4.5000000000000009 -0.040139661632715047 0.080440483517941086
decision_type=10 8 10 10 10 10 2 10 2 10 2 2 2 10 10 2 10 2 2 2 8 10 2 2 10 2 2 2 10 2 2 10
left_child=1 3 5 6 9 -2 -1 -4 -6 10 11 -3 20 14 28 16 22 18 -11 -10 -13 31 -8 -22 -16 -18 -27 -12 -5 -24 -17 -15
right_child=2 4 7 13 8 -7 15 -9 19 17 27 12 -14 21 24 30 25 -19 -20 -21 23 -23 29 -25 -26 26 -28 -29 -30 -31 -32 -33
leaf_value=-0.01585017118677997 0.030266111831687672 0.0059256024124721687 0.080459253112303813 -0.014120411579288655 0.0059567615399044932 0.054822462823774128 -0.02765664692681569 0.094614843347946453 0.022057889190477294 0.001573183818728523 0.0082958651231064533 -0.015256982850757512 0.0023457856500760637 -0.014811313583119082 -0.022460298703776464 -0.023326163306122735 -0.019755407117380955 -0.0018530405080406972 0.015894538816422797 0.012995411388909639 -0.0034702769838846647 -0.0064180958982218393 -0.030844753825893769 -0.010931253551858143 -0.016420941509698566 -0.029653096142514001 -0.022491322766457284 0.001584101918310222 -0.0088662336877922514 -0.03618443101247152 -0.017913819817033147 -0.0097203351612444276
leaf_weight=149 158 120 116 134 101 168 104 118 148 113 104 110 179 101 162 126 101 101 104 134 104 176 104 103 133 116 168 101 134 150 101 108
leaf_count=149 158 120 116 134 101 168 104 118 148 113 104 110 179 101 162 126 101 101 104 134 104 176 104 103 133 116 168 101 134 150 101 108
internal_value=7.62466e-05 -0.00952179 0.0615894 -0.0195518 0.00409978 0.0429209 -0.0248753 0.0875975 0.0146412 0.000555119 -0.00123187 -0.00330216 -0.00553468 -0.013268 -0.0158131 -0.0262616 -0.0278942 0.00516869 0.00843687 0.0177516 -0.00998453 -0.0095463 -0.0321559 -0.00718274 -0.0197375 -0.0239314 -0.0254166 0.00498909 -0.0114933 -0.0339981 -0.020918 -0.0121806
internal_weight=4149 3589 560 2067 1522 326 1119 234 383 1139 821 616 496 948 563 970 743 318 217 282 317 385 358 207 295 385 284 205 268 254 227 209
internal_count=4149 3589 560 2067 1522 326 1119 234 383 1139 821 616 496 948 563 970 743 318 217 282 317 385 358 207 295 385 284 205 268 254 227 209
is_linear=0
shrinkage=0.02


Tree=8
num_leaves=32
num_cat=0
split_feature=0 2 0 2 0 2 2 2 0 2 2 0 3 7 7 0 3 2 0 5 4 0 3 2 3 0 7 5 0 0 4
split_gain=6212.22 1435.06 1040.37 532.537 348.423 348.14 192.13 120.562 76.8889 75.6144 36.4375 27.7255 24.504 17.3905 18.9897 17.256 14.4672 13.9433 10.6826 11.2188 9.32562 9.17624 8.58731 7.0863 6.45962 5.41936 4.82841 10.8951 3.36728 2.13699 1.91282
threshold=4.4920287302761635 1.9198717948717952 6.3931512805431927 4.5277777777777786 1.7547023969053146 8.0729166666666696 4.7000000000000011 1.1483516483516485 3.0791767852357932 2.3229166666666674 3.0801282051282057 2.5410751999865915 77.500037918302084 10.500000000000002 5.5000000000000009 1.9557796761271427 67.771145679358568 0.70089285714285732 0.99883632944094958 4.5000000000000009 -0.038133789235088845 2.4160716302004954 69.089569770518452 1.2696969696969698 65.577510907831581 2.2480764670911495 9.5000000000000018 4.5000000000000009 0.7024542410356921 0.7230101739017597 -0.038133789235088845
decision_type=10 8 10 10 8 8 10 10 10 10 10 10 8 2 2 8 10 10 10 2 2 8 8 10 10 10 2 2 10 8 2
left_child=1 7 6 4 9 -4 -2 17 10 18 11 12 21 14 -10 23 -13 29 20 -20 -3 24 -12 -9 -6 -17 27 -25 -19 -1 -30
right_child=2 3 5 -5 8 -7 -8 15 13 -11 22 16 -14 -15 -16 25 -18 28 19 -21 -22 -23 -24 26 -26 -27 -28 -29 30 -31 -32
leaf_value=-0.037442139642579211 0.023190291195844665 -0.0240837504863739 0.069261970626896832 0.042271876498615663 -0.0080738135331716292 0.11521046503023667 0.055477832518215101 -0.0270456564909703 0.0075605402983349862 -0.00066014933222122781 0.011216538253083694 0.009253621766412699 0.0038100198507308959 0.0049769439556817899 0.017710808883806703 -0.013044654046495756 -0.00077782861343244237 -0.032202088962978041 -0.017979070782661439 -0.0096240627646446229 -0.016132921862835978 -0.010723749768067073 0.0032525155635980459 -0.027565781348630001 -0.0019066555522106313 -0.019133975464001036 -0.018455233103563999 -0.019125176266287312 -0.030117668746744545 -0.033838860040125644 -0.026253777818352569
leaf_weight=154 184 140 145 114 117 121 123 111 139 131 113 108 115 174 157 120 123 142 180 100 102 143 104 114 162 114 147 132 103 115 102
leaf_count=154 184 140 145 114 117 121 123 111 139 131 113 108 115 174 157 120 123 142 180 100 102 143 104 114 162 114 147 132 103 115 102
internal_value=7.47217e-05 -0.00972154 0.0612116 0.000168624 -0.00210831 0.0901634 0.0361263 -0.0259519 0.00333889 -0.0142456 0.000163036 -0.00188169 -0.00437404 0.00999468 0.0129443 -0.0204995 0.0039122 -0.0324842 -0.017655 -0.0149951 -0.0207326 -0.00660429 0.00739968 -0.0225834 -0.00449288 -0.0160112 -0.021323 -0.0230367 -0.0298349 -0.0359017 -0.0281951
internal_weight=4149 3576 573 2222 2108 266 307 1354 1455 653 985 768 537 470 296 738 231 616 522 280 242 422 217 504 279 234 393 246 347 269 205
internal_count=4149 3576 573 2222 2108 266 307 1354 1455 653 985 768 537 470 296 738 231 616 522 280 242 422 217 504 279 234 393 246 347 269 205
is_linear=0
shrinkage=0.02


Tree=9
num_leaves=31
num_cat=0
split_feature=2 2 1 2 1 1 2 1 2 1 2 1 3 3 1 5 3 2 6 5 1 1 3 1 1 3 1 3 1 3
split_gain=5909.97 1577.98 714.952 680.498 367.17 183.433 115.234 62.7376 61.1852 49.062 36.4185 19.2804 26.1325 14.8001 13.6069 13.5006 17.2021 13.3911 12.9727 12.2484 11.4732 6.48224 6.05793 4.83683 4.727 4.56123 3.6335 2.24705 1.5315 0.894014
threshold=4.5277777777777786 1.9198717948717952 0.19467589523757825 7.7812500000000009 0.087634889283949427 0.21865721981894601 1.1483516483516485 0.13735200488976626 2.710084033613446 0.051141497600779386 2.7321428571428577 0.1051509377076873 68.92974834044233 65.633285171585783 0.069696981136956271 2.5000000000000004 68.220861470117867 0.70089285714285732 1.0000000180025095e-35 4.5000000000000009 0.040153734757672893 0.028200960589856668 66.595046858595083 0.11864006637998172 0.16122650703295627 65.090308756094331 0.075854864575349401 69.188331011795384 0.03019409448139258 67.143373313267531
decision_type=10 8 10 10 8 8 10 10 10 10 10 10 8 10 10 2 10 10 2 2 8 10 10 10 10 8 8 10 8 10
left_child=1 6 4 5 8 -2 17 10 9 15 11 12 -6 -11 -15 -3 -17 28 24 -12 -8 -19 25 -13 -9 -22 -24 -23 -1 -21
right_child=3 2 -4 -5 7 -7 20 18 -10 13 19 23 -14 14 -16 16 -18 21 -20 29 22 27 26 -25 -26 -27 -28 -29 -30 -31
leaf_value=-0.036558451360585741 0.039917175043155166 -0.024584969911006616 0.042608965824346451 0.11330234546973868 -0.010019512644835882 0.068809345544694547 -0.024345817128196359 0.012671668873383448 0.00081850522593276151 -0.012877652631641107 0.014019158326163151 0.0066719478294869098 0.0015882080896147367 -0.010080584852041398 -0.00028723553607338354 -0.011663532608913049 -0.022338052884890484 -0.032622542772849983 0.017935876611333629 0.0068091828162127202 -0.018595169939704843 -0.024901467298760131 -0.022479932218096979 0.0012891702693980812 0.0073380417080924788 -0.013082282159588126 -0.018049354007610909 -0.029040831658575267 -0.033527171250249517 0.0041414673596620565
leaf_weight=147 170 109 159 103 140 182 192 130 146 177 101 121 174 113 114 144 104 137 117 101 148 102 172 149 136 101 130 108 122 100
leaf_count=147 170 109 159 103 140 182 192 130 146 177 101 121 174 113 114 144 104 137 117 101 148 102 172 149 136 101 130 108 122 100
internal_value=7.32273e-05 -0.00830415 0.00166821 0.0680865 -0.00132333 0.0548557 -0.0254384 0.00562223 -0.011041 -0.0133162 0.00269844 -0.000217451 -0.00358721 -0.00854256 -0.00516234 -0.0187184 -0.0161399 -0.0318345 0.0123859 0.00833712 -0.0201356 -0.0292382 -0.0186685 0.00370145 0.0099447 -0.016359 -0.0205727 -0.0270303 -0.0351837 0.00548196
internal_weight=4149 3694 2335 455 2176 352 1359 1269 907 761 886 584 314 404 227 357 248 616 383 302 743 347 551 270 266 249 302 210 269 201
internal_count=4149 3694 2335 455 2176 352 1359 1269 907 761 886 584 314 404 227 357 248 616 383 302 743 347 551 270 266 249 302 210 269 201
is_linear=0
shrinkage=0.02


Tree=10
num_leaves=33
num_cat=0
split_feature=2 2 1 2 1 1 1 2 6 2 1 2 1 2 4 1 7 3 2 1 3 4 4 3 4 4 3 4 2 2 3 3
split_gain=6244.8 1520.52 710.342 577.073 268.318 197.132 120.973 100.081 67.1469 62.3009 39.5658 33.399 29.9371 17.9627 15.7996 14.7432 13.8174 16.4693 9.98027 9.26185 9.21585 12.5157 8.75327 7.26726 8.80543 4.98347 4.22632 3.9903 3.95793 3.50981 1.90978 1.53589
threshold=4.5277777777777786 1.9198717948717952 0.13735200488976626 6.8035714285714297 0.21569879067660791 0.087634889283949427 0.21865721981894601 1.1483516483516485 1.0000000180025095e-35 3.0294117647058827 0.051141497600779386 2.7321428571428577 0.10812595405630911 3.0801282051282057 -0.044087761280047974 0.029622339929940646 6.5000000000000009 77.00522429939619 3.215384615384616 0.042509612164062134 71.127647329456138 -0.10841258249038678 -0.032456502637548922 66.64358734101701 -0.066119158687299631 -0.042892301579543067 67.805975418828723 -0.020298475071162784 0.81534090909090928 0.70089285714285732 65.537323406040983 71.542671571890594
decision_type=10 8 10 10 10 8 8 10 2 10 10 10 10 10 2 8 2 8 10 8 10 2 2 8 2 2 10 2 10 10 10 8
left_child=1 7 5 6 8 9 -2 15 13 10 22 12 16 -4 -14 29 17 -7 -13 25 21 -12 26 24 -21 -9 -3 31 -17 -1 -23 -25
right_child=3 2 4 -5 -6 11 -8 19 -10 -11 20 18 14 -15 -16 28 -18 -19 -20 23 -22 30 -24 27 -26 -27 -28 -29 -30 -31 -32 -33
leaf_value=-0.037549863000561422 0.040764245967834428 -0.018313804966211319 0.0036671552230914434 0.099634717554762595 0.049414757938612074 -0.013860440108121611 0.066278119473390171 -0.027342439228296281 0.02462451885471929 0.0028301853858507596 -0.0056673529880856156 0.010908803903887458 -0.001217792006554427 0.013286331220535758 0.0091508202104605436 -0.031075830352695091 -0.00048052521825533865 -0.0024383967578411104 0.0035443203615677823 -0.020351895448004847 -0.0042887186774840727 -0.015989866046344531 -0.015015964929650469 -0.020943003037701483 -0.012020982170806212 -0.021089352415158202 -0.02409991509189793 -0.023982222199440004 -0.026927528860776321 -0.032645261161602462 -0.012147386301131475 -0.017553930443525316
leaf_weight=133 156 100 150 164 105 102 142 100 159 104 109 141 108 161 129 184 171 100 154 101 104 102 164 115 102 104 102 115 184 104 105 100
leaf_count=133 156 100 150 164 105 102 142 100 159 104 109 141 108 161 129 184 171 100 154 101 104 102 164 115 102 104 102 115 184 104 105 100
internal_value=0.000161961 -0.00846842 0.00116375 0.0695039 0.0205096 -0.00503339 0.0529219 -0.025479 0.0140521 -0.0117169 -0.0136417 0.00153937 -0.00113252 0.00864686 0.00442588 -0.0315072 -0.00466427 -0.00820596 0.00706429 -0.0205305 -0.00945288 -0.0111525 -0.0184486 -0.0191435 -0.0161659 -0.0241546 -0.0212355 -0.0209751 -0.0290017 -0.0353976 -0.0140408 -0.0193667
internal_weight=4174 3712 2370 462 575 1795 298 1342 470 890 786 905 610 311 237 605 373 202 295 737 420 316 366 533 203 204 202 330 368 237 207 215
internal_count=4174 3712 2370 462 575 1795 298 1342 470 890 786 905 610 311 237 605 373 202 295 737 420 316 366 533 203 204 202 330 368 237 207 215
is_linear=0
shrinkage=0.02


Tree=11
num_leaves=31
num_cat=0
split_feature=2 2 1 2 1 1 1 2 6 2 1 2 1 2 1 3 3 2 2 1 4 3 4 4 4 3 4 2 2 3
split_gain=5997.51 1460.31 682.212 554.221 257.693 189.326 116.183 96.1175 64.4879 59.8338 37.999 32.0764 28.8044 17.2514 14.1594 12.3471 11.9551 9.58505 9.02281 8.89508 8.40665 6.97948 8.45674 6.52888 4.78613 4.05896 3.83229 3.8012 3.37083 1.47507
threshold=4.5277777777777786 1.9198717948717952 0.13735200488976626 6.8035714285714297 0.21569879067660791 0.087634889283949427 0.21865721981894601 1.1483516483516485 1.0000000180025095e-35 3.0294117647058827 0.051141497600779386 2.7321428571428577 0.1003871023091986 3.0801282051282057 0.029622339929940646 68.92974834044233 67.4807667169609 3.215384615384616 2.2583333333333337 0.042509612164062134 -0.032456502637548922 66.64358734101701 -0.066119158687299631 -0.045833710796637728 -0.042892301579543067 67.805975418828723 -0.020298475071162784 0.81534090909090928 0.70089285714285732 71.542671571890594
decision_type=10 8 10 10 10 8 8 10 2 10 10 10 10 10 8 8 10 10 10 8 2 8 2 2 2 10 2 10 10 8
left_child=1 7 5 6 8 9 -2 14 13 10 20 12 15 -4 28 -7 -14 -13 23 24 25 22 -21 -12 -9 -3 29 -16 -1 -23
right_child=3 2 4 -5 -6 11 -8 19 -10 -11 18 17 16 -15 27 -17 -18 -19 -20 21 -22 26 -24 -25 -26 -27 -28 -29 -30 -31
leaf_value=-0.036798865355943379 0.039948961111979611 -0.017947528702020647 0.0035938120471934475 0.097642022979831919 0.048426462807825636 -0.010328593623638154 0.064952556553860785 -0.026795590525865554 0.02413202845509041 0.0027735817661652196 -0.0042606855877514544 0.010690627869562055 -0.0010514409809062879 0.013020604644317804 -0.03045431390080763 -0.0020985986539295742 0.0068235738880663031 0.0034734340050777833 -0.013476995590829502 -0.019944857512370195 -0.014715645705781334 -0.020524142985758578 -0.011780562459253798 -0.010338102276774421 -0.020667565144025363 -0.023617917287583445 -0.023502577652101932 -0.02638897820983244 -0.031992355808615688 -0.017202851742506027
leaf_weight=133 156 100 150 164 105 125 142 100 159 104 145 141 144 161 184 175 166 154 137 101 164 115 102 138 104 102 115 184 104 100
leaf_count=133 156 100 150 164 105 125 142 100 159 104 145 141 144 161 184 175 166 154 137 101 164 115 102 138 104 102 115 184 104 100
internal_value=0.000158722 -0.00829905 0.00114047 0.0681138 0.0200994 -0.00493272 0.0518634 -0.0249695 0.013771 -0.0114826 -0.0133689 0.00150858 -0.00110987 0.00847392 -0.0308771 -0.00552776 0.0031655 0.00692301 -0.00926382 -0.0201199 -0.0180796 -0.0187606 -0.0158426 -0.00722423 -0.0236715 -0.0208108 -0.0205556 -0.0284216 -0.0346897 -0.0189794
internal_weight=4174 3712 2370 462 575 1795 298 1342 470 890 786 905 610 311 605 300 310 295 420 737 366 533 203 283 204 202 330 368 237 215
internal_count=4174 3712 2370 462 575 1795 298 1342 470 890 786 905 610 311 605 300 310 295 420 737 366 533 203 283 204 202 330 368 237 215
is_linear=0
shrinkage=0.02


Tree=12
num_leaves=32
num_cat=0
split_feature=0 0 0 0 0 0 0 3 1 6 3 6 3 0 5 0 4 3 0 3 4 4 5 3 0 4 4 3 4 0 5
split_gain=5553.88 1068.79 752.765 131.717 107.223 95.2117 81.0425 39.051 29.8101 19.852 16.4132 15.8893 15.2638 13.983 26.1653 23.2051 38.1597 15.5872 12.562 13.4346 11.5193 11.3831 9.53687 14.749 9.20378 4.32911 5.19401 4.26228 3.56691 2.67496 2.24663
threshold=4.4920287302761635 1.9940662070406705 6.8401566615715703 3.3592455774620356 5.7300899422125084 8.3679617311642946 0.99883632944094958 66.983304992913489 0.095037200484604054 1.0000000180025095e-35 68.993585065918879 1.0000000180025095e-35 63.059159530441526 3.1793308178050865 3.5000000000000004 2.7254205172587533 -0.021812353334376196 58.003619933904197 1.4510095537268637 67.859557568809279 -0.075801711900429572 -0.054731356978633808 4.5000000000000009 66.443276747991604 1.1155935225428522 -0.10340297859857094 -0.042892301579543067 69.004014284245713 -0.046836570986180381 1.0817274002478789 3.5000000000000004
decision_type=10 8 10 10 10 10 10 10 8 2 10 2 10 8 2 10 2 10 10 10 2 2 2 10 10 2 2 10 2 10 2
left_child=1 6 4 8 7 -4 11 -2 21 10 -5 12 -1 15 -15 20 -17 28 19 29 -10 -3 30 -24 -21 -14 -27 -28 -16 -8 -20
right_child=2 3 5 9 -6 -7 18 -9 13 -11 -12 -13 25 14 17 16 -18 -19 22 24 -22 -23 23 -25 -26 26 27 -29 -30 -31 -32
leaf_value=-0.019379285115003586 0.040652952972240745 -0.010174647719582167 0.073546774062487455 0.013032535005041531 0.054152654681068196 0.099742397401515429 -0.012917028204450067 0.023884912456721068 0.0037912408501199145 0.018758560381491075 0.0039334299875230629 -0.019745579054067423 -0.025019620006734675 -0.0098235901375301176 0.0060933735087269651 0.00035908809907379602 0.015090156829307888 -0.0055515775567009339 -0.015030087366282384 -0.017771146014088492 -0.0046037981014011957 -0.0029072526081012247 -0.0055719039553687689 -0.015305651367879381 -0.025377517105045176 -0.032870705479667299 -0.025095746125883726 -0.030396910135724903 0.001065153405779884 -0.01690173137510145 -0.019148000211942764
leaf_weight=100 100 163 111 175 130 111 106 125 103 110 145 182 143 128 122 168 121 105 107 122 179 183 105 153 133 105 131 113 105 185 105
leaf_count=100 100 163 111 175 130 111 106 125 103 110 145 182 143 128 122 168 121 105 107 122 179 183 105 153 133 105 131 113 105 185 105
internal_value=0.000155548 -0.0090844 0.0577571 0.00176621 0.0396923 0.0866446 -0.0200381 0.0313374 -0.00125123 0.011429 0.0089095 -0.0249138 -0.0265026 0.000453493 -0.00214153 0.00254405 0.00652677 0.000820232 -0.0163237 -0.018387 -0.00153753 -0.00633091 -0.0139268 -0.0113442 -0.0217384 -0.0279505 -0.0291513 -0.0275508 0.00376754 -0.0154503 -0.0170696
internal_weight=4174 3597 577 1807 355 222 1790 225 1377 430 320 774 592 1031 460 571 289 332 1016 546 282 346 470 258 255 492 349 244 227 291 212
internal_count=4174 3597 577 1807 355 222 1790 225 1377 430 320 774 592 1031 460 571 289 332 1016 546 282 346 470 258 255 492 349 244 227 291 212
is_linear=0
shrinkage=0.02


Tree=13
num_leaves=31
num_cat=0
split_feature=1 1 1 1 1 7 7 7 3 1 6 4 4 1 4 3 4 4 7 3 1 4 3 3 4 5 4 5 1 4
split_gain=4816.07 1041.34 577.037 152.748 149.578 105.463 39.7468 36.955 27.6126 16.7257 20.9299 14.4335 43.0893 27.7332 15.2562 13.8925 11.8525 9.65905 9.49903 15.5295 9.06756 11.5757 5.23328 4.98634 9.97441 7.81438 4.71878 3.45521 5.84157 2.16575
threshold=0.17898088627092809 0.095037200484604054 0.22503942875964714 0.13735200488976626 0.051141497600779386 8.5000000000000018 6.5000000000000009 2.5000000000000004 68.749489161735696 0.036704561020292716 1.0000000180025095e-35 -0.18651553392526171 -0.1117109110598852 0.10649808940629575 -0.040985426720858552 65.633285171585783 0.071718248032482251 0.014379051958111578 8.5000000000000018 73.507154762285964 0.066154567061469688 -0.10688893247734199 67.805975418828723 63.298256937785339 -0.098886721420699833 4.5000000000000009 -0.028081478283028295 4.5000000000000009 0.018118776477284573 -0.022518480365920725
decision_type=10 8 10 10 10 2 2 2 10 10 2 2 2 10 2 10 2 2 2 8 10 2 10 10 2 2 2 2 10 2
left_child=1 4 6 11 7 -4 -2 -1 15 10 27 -3 -13 18 -15 -5 20 -16 19 -14 21 -6 -23 -22 -25 -26 -11 -9 -29 -21
right_child=2 3 5 8 16 -7 -8 9 -10 26 -12 12 13 14 17 -17 -18 -19 -20 29 23 22 -24 24 25 -27 -28 28 -30 -31
leaf_value=-0.013337610182383202 0.022591353799347007 -0.0066923138086158454 0.062114038018679082 0.014812890077507451 -0.010599304577617935 0.085467407135427859 0.038591658437398035 -0.026072216857702304 0.0085157565425456692 -0.022687967043547405 -0.019714356098115816 0.010644149131204452 -0.011523755957251009 -0.0023970555643404814 0.010727855754554818 0.024453328995203433 -0.0055413322488092037 0.0028244146001297275 0.0013323483911325347 -0.0043249933198681026 -0.014439421856581276 -0.014933557140827178 -0.021341455206274985 -0.013912190142564658 -0.0033269276144435108 -0.010339554237673082 -0.017896424276488167 -0.032945178436308072 -0.026959743529758197 -0.00047238839721238171
leaf_weight=151 107 101 176 131 132 138 148 195 161 168 161 163 115 121 109 110 106 143 106 127 134 100 104 164 103 166 161 116 149 108
leaf_count=151 107 101 176 131 132 138 148 195 161 168 161 163 115 121 109 110 106 143 106 127 134 100 104 164 103 166 161 116 149 108
internal_value=0.000152437 -0.00838256 0.0542274 0.00438753 -0.0174306 0.0723776 0.0318778 -0.0225283 0.0149288 -0.0239891 -0.0259207 0.000510486 0.00124384 -0.000604477 0.00344017 0.0192131 -0.0118681 0.00624297 -0.00391293 -0.0055015 -0.0126107 -0.0152142 -0.0182003 -0.0110679 -0.0100246 -0.00765442 -0.0203432 -0.0280929 -0.0295798 -0.00255443
internal_weight=4174 3605 569 1495 2110 314 255 1101 402 950 621 1093 992 829 373 241 1009 252 456 350 903 336 204 567 433 269 329 460 265 235
internal_count=4174 3605 569 1495 2110 314 255 1101 402 950 621 1093 992 829 373 241 1009 252 456 350 903 336 204 567 433 269 329 460 265 235
is_linear=0
shrinkage=0.02


Tree=14
num_leaves=32
num_cat=0
split_feature=0 0 0 0 0 0 0 7 1 7 7 6 0 5 0 4 7 0 4 4 5 7 7 0 5 0 4 0 4 4 5
split_gain=5144.33 986.671 704.218 120.469 99.0321 90.3568 74.4341 36.1134 26.4319 23.4992 34.5827 14.7309 13.0303 25.0663 21.7352 36.6763 14.5136 11.6065 11.0773 10.72 9.19676 13.2899 8.2743 12.7998 7.09072 6.06151 4.81356 4.35628 3.61899 2.60231 2.20152
threshold=4.4920287302761635 1.9940662070406705 6.8401566615715703 3.3592455774620356 5.7300899422125084 8.3679617311642946 0.99883632944094958 7.5000000000000009 0.095037200484604054 3.5000000000000004 10.500000000000002 1.0000000180025095e-35 3.1793308178050865 3.5000000000000004 2.7254205172587533 -0.021812353334376196 1.0000000180025095e-35 1.4510095537268637 -0.075801711900429572 -0.054731356978633808 4.5000000000000009 7.5000000000000009 3.5000000000000004 0.73367921933713443 4.5000000000000009 1.1155935225428522 -0.098886721420699833 1.2948021591523828 -0.044087761280047974 -0.046836570986180381 3.5000000000000004
decision_type=10 8 10 10 10 10 10 2 8 2 2 2 8 2 10 2 2 10 2 2 2 2 2 10 2 10 2 10 2 2 2
left_child=1 6 4 8 7 -4 11 -2 19 -5 -11 22 14 -14 18 -16 29 25 -10 -3 30 -22 -1 24 -24 28 -27 -28 -8 -15 -19
right_child=2 3 5 9 -6 -7 17 -9 12 10 -12 -13 13 16 15 -17 -18 20 -20 -21 21 -23 23 -25 -26 26 27 -29 -30 -31 -32
leaf_value=-0.02068060719247522 0.022454480269323975 -0.0097169702495533989 0.070767451183752966 0.0025389448596922428 0.052010963900946082 0.096286461538559687 -0.017986246325351573 0.03849884325325071 0.0036949831768146998 0.019239940922845759 0.0061438261381825884 -0.018964244382722036 -0.0096225124085322026 0.0057646985103686653 0.0002275424213370397 0.014669436446029294 -0.0050653278774448812 -0.014471460051625688 -0.0045374279082154431 -0.0026644378297967335 -0.016260388666224257 -0.0070469969826818307 -0.025287853310357277 -0.021731108548689863 -0.03126375443660296 -0.015954661475549831 -0.02411560406662383 -0.018325763005836337 -0.013023851772611455 0.0013962195307016373 -0.018547820534024921
leaf_weight=116 118 163 111 102 130 111 108 107 103 185 143 182 128 120 168 121 112 107 179 183 107 151 134 147 195 101 106 102 129 100 105
leaf_count=116 118 163 111 102 130 111 108 107 103 185 143 182 128 120 168 121 112 107 179 183 107 151 134 147 195 101 106 102 129 100 105
internal_value=0.000149388 -0.00874336 0.0555865 0.00168205 0.0381139 0.083527 -0.0192678 0.0300845 -0.00120367 0.0109231 0.0135304 -0.0239405 0.000401552 -0.00210351 0.00241964 0.00627415 0.000795389 -0.0157081 -0.00153055 -0.00598687 -0.0134041 -0.0108681 -0.0254703 -0.0266376 -0.0288298 -0.0176914 -0.0195369 -0.0212764 -0.0152852 0.00377903 -0.0164904
internal_weight=4174 3597 577 1807 355 222 1790 225 1377 430 328 774 1031 460 571 289 332 1016 282 346 470 258 592 476 329 546 309 208 237 220 212
internal_count=4174 3597 577 1807 355 222 1790 225 1377 430 328 774 1031 460 571 289 332 1016 282 346 470 258 592 476 329 546 309 208 237 220 212
is_linear=0
shrinkage=0.02


Tree=15
num_leaves=31
num_cat=0
split_feature=2 2 0 2 0 0 2 0 6 2 0 2 0 1 6 3 5 3 5 3 2 3 1 2 1 3 2 1 5 3
split_gain=5379.36 1326.99 592.668 579.937 305.124 161.051 120.618 97.3998 65.218 53.3595 43.846 33.0005 28.2538 14.8764 14.3249 40.1465 29.3391 22.0855 13.2136 12.8648 12.7436 12.0049 13.502 9.82507 5.29297 7.88242 4.96903 4.24568 3.88799 2.59263
threshold=4.5277777777777786 1.9198717948717952 5.1104307350589258 7.7812500000000009 1.7689144200488276 7.2867298247270087 1.1483516483516485 3.3592455774620356 1.0000000180025095e-35 2.4807692307692313 5.7300899422125084 2.7321428571428577 3.7737237993302686 0.029622339929940646 1.0000000180025095e-35 67.894932598111509 4.5000000000000009 66.542313864520864 2.5000000000000004 68.92974834044233 3.2899159663865549 72.955962902472578 0.061534984929071994 1.5358974358974362 0.06211815891213187 68.220861470117867 0.81534090909090928 0.085498348501629712 4.5000000000000009 66.394968831155722
decision_type=10 8 10 10 8 8 10 10 2 10 10 10 10 10 2 10 2 10 2 10 10 10 10 10 10 10 10 10 2 10
left_child=1 6 4 5 9 10 13 11 12 18 -2 14 -9 28 17 16 -16 -6 -3 20 -13 22 23 29 25 -20 -15 -24 -1 -8
right_child=3 2 -4 -5 7 -7 21 8 -10 -11 -12 19 -14 26 15 -17 -18 -19 24 -21 -22 -23 27 -25 -26 -27 -28 -29 -30 -31
leaf_value=-0.02979080914666778 0.037087084550336498 -0.020176910998973438 0.042685935799888275 0.10553477504543056 -0.010064339563719131 0.073604744287949164 -0.021816587304627457 0.014152087779519588 0.022137872116033082 0.00036995713277296588 0.053915049308822266 0.013170873200536793 0.0015452529554176465 -0.029067486393155519 -0.0007909978462868378 -0.006978037686724412 0.013313031064139471 -5.5433220484040004e-05 -0.0089677499971170544 0.00039189479108584126 0.0038947510123252872 -0.011251780069341846 -0.012845183098819895 -0.017325515362524219 -0.017002970859555915 -0.015598325206608069 -0.024113763314814657 -0.017966791388868284 -0.034449141888729655 -0.026274182637139123
leaf_weight=114 151 141 133 107 159 103 108 114 158 110 105 117 189 161 119 152 117 198 174 118 120 102 142 155 101 122 163 119 193 101
leaf_count=114 151 141 133 107 159 103 108 114 158 110 105 117 189 161 119 152 117 198 174 118 120 102 142 155 101 122 163 119 193 101
internal_value=0.000627968 -0.00743747 0.00168305 0.0646668 -0.000785661 0.0524861 -0.0231667 0.00400347 0.0117206 -0.0123224 0.0439892 0.000769304 0.00628842 -0.0295646 -0.00162198 0.00103823 0.00620125 -0.00451318 -0.0149175 0.00578762 0.0084741 -0.0176136 -0.0186518 -0.021141 -0.0130496 -0.0117006 -0.0265753 -0.0151803 -0.0327193 -0.0239707
internal_weight=4166 3700 2342 466 2209 359 1358 1561 461 648 256 1100 303 631 745 388 236 357 538 355 237 727 625 364 397 296 324 261 307 209
internal_count=4166 3700 2342 466 2209 359 1358 1561 461 648 256 1100 303 631 745 388 236 357 538 355 237 727 625 364 397 296 324 261 307 209
is_linear=0
shrinkage=0.02


Tree=16
num_leaves=31
num_cat=0
split_feature=2 2 0 2 0 0 2 0 6 2 0 2 0 1 6 1 2 0 1 4 1 1 0 2 7 2 7 0 7 1
split_gain=5166.34 1274.44 569.199 556.972 293.041 154.673 115.841 93.5427 62.6354 51.2465 42.1096 31.6937 27.1349 14.2873 13.7576 17.5578 15.4552 10.6595 9.69861 9.42292 8.77487 9.10727 7.55913 7.07087 4.95331 4.77226 4.28594 10.1904 3.53137 1.44218
threshold=4.5277777777777786 1.9198717948717952 5.1104307350589258 7.7812500000000009 1.7689144200488276 7.2867298247270087 1.1483516483516485 3.3592455774620356 1.0000000180025095e-35 2.4807692307692313 5.7300899422125084 2.7321428571428577 3.7737237993302686 0.029622339929940646 1.0000000180025095e-35 0.085498348501629712 2.3484848484848491 1.9557796761271427 0.09563669280884507 -0.036713873106949006 0.1051509377076873 0.074567744308277922 3.0011636705590514 1.2696969696969698 9.5000000000000018 0.81534090909090928 9.5000000000000018 1.1781671472460362 5.5000000000000009 0.048292485090007421
decision_type=10 8 10 10 8 8 10 10 2 10 10 10 10 10 2 10 8 10 8 2 10 10 8 10 2 10 2 8 2 10
left_child=1 6 4 5 9 10 13 11 12 19 -2 14 -9 28 15 -6 -17 23 -13 24 21 -16 -20 -8 -3 -15 27 -25 -1 -21
right_child=3 2 -4 -5 7 -7 17 8 -10 -11 -12 18 -14 25 20 16 -18 -19 22 29 -22 -23 -24 26 -26 -27 -28 -29 -30 -31
leaf_value=-0.029752724233647467 0.03634534300163092 -0.019465481797596076 0.041832217207752674 0.10342407952959291 -0.0097242063851583575 0.072132649095435139 -0.022915703323980172 0.013869045855183351 0.021695114708375894 0.00036255816979841753 0.052836748527629034 0.000672592752509647 0.0015143480996118374 -0.028486136634897741 0.0019326962158083916 -0.0060863093132118009 0.0047656297554763468 -0.012943952193205384 0.01096729289578355 -0.012973893431585226 0.0056231069230827787 -0.0055980371339963029 0.0039209843488461384 -0.014693588151381567 -0.014350483145489789 -0.023631488018972011 -0.014624936477891331 -0.022253597812562049 -0.034054867385011726 -0.0098089923598978779
leaf_weight=142 151 154 133 107 147 103 120 114 158 110 105 108 189 161 168 106 104 174 138 134 116 104 109 130 149 163 145 158 165 101
leaf_count=142 151 154 133 107 147 103 120 114 158 110 105 108 189 161 168 106 104 174 138 134 116 104 109 130 149 163 145 158 165 101
internal_value=0.000615409 -0.00728872 0.00164939 0.0633735 -0.000769947 0.0514364 -0.0227033 0.0039234 0.0114861 -0.012076 0.0431094 0.000753918 0.00616265 -0.0289733 -0.00158954 -0.00442292 -0.000712016 -0.0172613 0.00567187 -0.0146192 0.00101747 -0.000946702 0.00785779 -0.0186198 -0.0169502 -0.0260438 -0.0174292 -0.0188411 -0.032065 -0.0116137
internal_weight=4166 3700 2342 466 2209 359 1358 1561 461 648 256 1100 303 631 745 357 210 727 355 538 388 272 247 553 303 324 433 288 307 235
internal_count=4166 3700 2342 466 2209 359 1358 1561 461 648 256 1100 303 631 745 357 210 727 355 538 388 272 247 553 303 324 433 288 307 235
is_linear=0
shrinkage=0.02


Tree=17
num_leaves=33
num_cat=0
split_feature=1 1 1 1 1 7 4 4 4 3 7 1 7 3 6 3 6 1 1 3 4 3 4 3 3 3 1 4 5 1 4 7
split_gain=4307.29 1030.74 313.005 170.244 117.155 84.7879 42.1519 30.6282 34.0997 29.3388 28.2326 26.2011 36.6502 21.7246 20.0191 21.5749 16.8786 24.3229 16.4299 14.9613 14.8065 12.1819 11.8574 10.8152 8.2223 6.79175 6.01352 5.41353 4.45878 6.05072 3.48278 0.929963
threshold=0.1920513692156755 0.087634889283949427 0.23901084244555651 0.13735200488976626 0.051141497600779386 9.5000000000000018 -0.038928899233905023 -0.19202246239580592 -0.1242058279096495 68.81724221031682 2.5000000000000004 0.10649808940629575 6.5000000000000009 73.186144315372431 1.0000000180025095e-35 67.300669384425873 1.0000000180025095e-35 0.036704561020292716 0.075854864575349401 70.114716345821677 -0.038133789235088845 70.644782188846634 -0.017413768469412803 67.805975418828723 62.99815632789052 71.835818853362412 0.025005850421085978 -0.037236249076214679 3.5000000000000004 0.018118776477284573 -0.028081478283028295 8.5000000000000018
decision_type=10 8 10 10 10 2 2 2 2 10 2 10 2 8 2 10 2 10 10 10 2 10 2 10 10 10 10 2 2 10 2 2
left_child=1 4 6 7 10 -4 -2 -3 -9 20 -1 12 13 -10 15 24 17 28 21 22 -5 -17 -13 -14 -6 -11 -18 -15 -12 -30 -19 -31
right_child=2 3 5 9 14 -7 -8 8 11 25 16 19 23 27 -16 18 26 30 -20 -21 -22 -23 -24 -25 -26 -27 -28 -29 29 31 -32 -33
leaf_value=-0.01254345467487971 0.029896912798748697 -0.0095749998479508439 0.063157273266782485 0.022872579418517877 -0.01267585554357731 0.086450904474990209 0.048080281677737258 0.010411616755518945 -0.013793690882691549 0.0056414045437446067 -0.022453210594776635 0.002372181516582683 -0.00026466812015673436 5.23338333154336e-05 -0.0051942174274896835 -0.023377486755613418 -0.01378723301866033 -0.0205782004793485 -0.0097805282395818961 -0.0013370204856619238 0.01349989921211984 -0.014199345632032914 0.010923912236984405 0.0087511913736279187 -0.0062251887799519567 0.012874776246771216 -0.020233140467119611 -0.0059452327088482916 -0.03009947324952772 -0.023652398749919878 -0.016017418860896561 -0.02629213480534507
leaf_weight=150 101 104 164 165 132 101 103 157 109 108 107 118 109 117 194 122 111 150 115 125 114 110 144 104 197 100 121 124 155 112 121 102
leaf_count=150 101 104 164 165 132 101 103 157 109 108 107 118 109 117 194 122 111 150 115 125 114 110 144 104 197 100 121 124 155 112 121 102
internal_value=0.0006031 -0.00664016 0.0576998 0.00481805 -0.016373 0.0720352 0.0390777 0.000802093 0.001777 0.0148043 -0.0206233 0.000350011 -0.00240377 -0.00638457 -0.0108575 -0.0124827 -0.0218613 -0.0233248 -0.0159618 0.00435616 0.0190429 -0.0190258 0.00707237 0.00413744 -0.0088133 0.00911899 -0.0171491 -0.00303355 -0.0260479 -0.0270902 -0.0185418 -0.0249106
internal_weight=4166 3697 469 1698 1999 265 204 1211 1107 487 1129 950 563 350 870 676 979 747 347 387 279 232 262 213 329 208 232 241 476 369 271 214
internal_count=4166 3697 469 1698 1999 265 204 1211 1107 487 1129 950 563 350 870 676 979 747 347 387 279 232 262 213 329 208 232 241 476 369 271 214
is_linear=0
shrinkage=0.02


Tree=18
num_leaves=30
num_cat=0
split_feature=2 2 2 0 0 0 2 0 6 2 0 2 0 1 6 3 5 3 5 3 2 3 3 1 1 3 2 2 5
split_gain=4824.61 1189.42 525.524 522.393 268.683 145.115 108.631 85.106 59.863 49.1747 37.0025 30.1599 26.4653 13.3424 13.0623 38.2708 28.208 21.178 12.6382 12.2488 12.1925 11.5901 12.3507 13.8965 5.42392 7.54718 4.54397 4.41517 3.60202
threshold=4.5277777777777786 1.9198717948717952 7.7812500000000009 5.1104307350589258 1.7689144200488276 7.2867298247270087 1.1483516483516485 3.3592455774620356 1.0000000180025095e-35 2.4807692307692313 5.7300899422125084 2.7321428571428577 3.7737237993302686 0.029622339929940646 1.0000000180025095e-35 67.894932598111509 4.5000000000000009 66.542313864520864 2.5000000000000004 68.92974834044233 3.2899159663865549 72.955962902472578 69.727674125056254 0.040811599117852197 0.06211815891213187 68.220861470117867 0.81534090909090928 1.5358974358974362 4.5000000000000009
decision_type=10 8 10 10 8 8 10 10 2 10 10 10 10 10 2 10 2 10 2 10 10 10 8 10 10 10 10 10 2
left_child=1 6 5 4 9 10 13 11 12 18 -2 14 -9 28 17 16 -16 -6 -3 20 -13 22 23 -8 25 -20 -15 -25 -1
right_child=2 3 -4 -5 7 -7 21 8 -10 -11 -12 19 -14 26 15 -17 -18 -19 24 -21 -22 -23 -24 27 -26 -27 -28 -29 -30
leaf_value=-0.0281793884540859 0.0352366042354249 -0.01919091445334414 0.10014155800933036 0.040082862762020048 -0.009742038972535224 0.069689429137602593 -0.021352163466223834 0.01338396058331056 0.020958059244948337 0.0006284589225595648 0.050695645711961251 0.012753707961394236 0.0011826420198416427 -0.027562711174073429 -0.00082018942893052297 -0.0068317710706277904 0.0130092987513695 5.9074193540245595e-05 -0.0081808224251900593 0.00027326537138324671 0.0036803868040442469 -0.010417902130706638 -0.022402748162063158 -0.01579064046883065 -0.016222487422499324 -0.014668866361750932 -0.022825600940025659 -0.011077579110860825 -0.032663134793157404
leaf_weight=114 151 141 107 133 159 103 137 114 158 110 105 117 189 161 119 152 117 198 174 118 120 102 164 184 101 122 163 140 193
leaf_count=114 151 141 107 133 159 103 137 114 158 110 105 117 189 161 119 152 117 198 174 118 120 102 164 184 101 122 163 140 193
internal_value=0.000591038 -0.00704721 0.061238 0.00158762 -0.000730111 0.0496428 -0.0219388 0.00376394 0.0109776 -0.0115561 0.0415772 0.000740768 0.00577324 -0.0280105 -0.00154528 0.00099499 0.00603596 -0.00430613 -0.0140473 0.00553824 0.00815962 -0.0166689 -0.017689 -0.0160121 -0.0122205 -0.0108549 -0.0251795 -0.0137541 -0.0309982
internal_weight=4166 3700 466 2342 2209 359 1358 1561 461 648 256 1100 303 631 745 388 236 357 538 355 237 727 625 461 397 296 324 324 307
internal_count=4166 3700 466 2342 2209 359 1358 1561 461 648 256 1100 303 631 745 388 236 357 538 355 237 727 625 461 397 296 324 324 307
is_linear=0
shrinkage=0.02


Tree=19
num_leaves=31
num_cat=0
split_feature=2 2 2 0 0 0 2 0 6 2 0 2 0 1 6 1 2 7 7 0 4 1 4 0 2 1 2 7 0 7
split_gain=4633.56 1142.32 504.714 501.706 258.043 139.368 104.329 81.7358 57.4924 47.2274 35.5372 28.9656 25.4173 12.8141 12.545 15.9021 14.7076 9.42798 11.2921 8.97698 8.84345 7.80032 8.96351 6.96963 6.7343 6.67231 4.36403 4.21985 10.3779 3.00534
threshold=4.5277777777777786 1.9198717948717952 7.7812500000000009 5.1104307350589258 1.7689144200488276 7.2867298247270087 1.1483516483516485 3.3592455774620356 1.0000000180025095e-35 2.4807692307692313 5.7300899422125084 2.7321428571428577 3.7737237993302686 0.029622339929940646 1.0000000180025095e-35 0.085498348501629712 2.3484848484848491 5.5000000000000009 9.5000000000000018 1.9557796761271427 -0.10455402935012757 0.1051509377076873 -0.01673992046836913 1.0778909334811868 1.2696969696969698 0.10720095234576736 0.81534090909090928 9.5000000000000018 1.1781671472460362 5.5000000000000009
decision_type=10 8 10 10 8 8 10 10 2 10 10 10 10 10 2 10 8 2 2 10 2 10 2 10 10 10 10 2 8 2
left_child=1 6 5 4 9 10 13 11 12 17 -2 14 -9 29 15 -6 -17 -3 -19 24 -13 22 -16 -20 -8 -22 -15 28 -26 -1
right_child=2 3 -4 -5 7 -7 19 8 -10 -11 -12 20 -14 26 21 16 -18 18 23 -21 25 -23 -24 -25 27 -27 -28 -29 -30 -31
leaf_value=-0.028245125760809637 0.034531872013941506 -0.0093238010558676209 0.098138727239098084 0.039281205495301272 -0.0092651618540692503 0.068295639553695053 -0.021774561514457065 0.013116281215313887 0.020538898180327322 0.00061588967930186877 0.049681732533588291 0.00038670751601457598 0.0011589891517722103 -0.02701145683386311 -0.0036670745395080391 -0.0059311031901611482 0.0046551345288753506 -0.019990945510620618 -0.015974581457566524 -0.012373471602626232 0.0047842657875705073 0.0053174503031989629 0.003847332635138295 -0.0094130991814566443 -0.013635718907301243 0.011399073077015359 -0.022369088890728046 -0.013637667417526245 -0.02126493758415874 -0.032213931985876777
leaf_weight=142 151 141 107 133 147 103 120 114 158 110 105 100 189 161 171 106 104 137 138 174 154 116 101 122 130 101 163 145 158 165
leaf_count=142 151 141 107 133 147 103 120 114 158 110 105 100 189 161 171 106 104 137 138 174 154 116 101 122 130 101 163 145 158 165
internal_value=0.000579218 -0.00690626 0.0600133 0.00155587 -0.000715509 0.04865 -0.0215 0.00368866 0.010758 -0.0113249 0.0407457 0.000725952 0.00565777 -0.0274503 -0.00151437 -0.00422 -0.000688395 -0.0137664 -0.0153442 -0.0163355 0.00542748 0.00097509 -0.000876798 -0.0128957 -0.0175821 0.00740425 -0.0246759 -0.0164202 -0.0178212 -0.0303782
internal_weight=4166 3700 466 2342 2209 359 1358 1561 461 648 256 1100 303 631 745 357 210 538 397 727 355 388 272 260 553 255 324 433 288 307
internal_count=4166 3700 466 2342 2209 359 1358 1561 461 648 256 1100 303 631 745 357 210 538 397 727 355 388 272 260 553 255 324 433 288 307
is_linear=0
shrinkage=0.02


Tree=20
num_leaves=32
num_cat=0
split_feature=0 0 0 0 0 0 1 5 1 5 0 4 0 4 4 0 4 4 5 0 7 4 4 0 0 4 1 1 4 1 1
split_gain=3970.87 806.533 614.384 178.128 100.178 49.8459 26.8841 25.2805 23.7607 23.4299 42.0856 23.8362 22.1395 18.0854 17.6452 17.349 12.661 11.7189 11.5527 12.9088 12.3664 9.89628 8.09972 7.31627 6.94516 6.20803 14.8267 5.84931 4.63391 2.53152 1.68633
threshold=4.5780586166392263 1.9940662070406705 8.3679617311642946 6.3931512805431927 3.3592455774620356 0.86775781496205651 0.17443683968115117 4.5000000000000009 0.097503132688239597 4.5000000000000009 3.3358533556012078 -0.10929212601271422 1.0000000180025095e-35 -0.028948872937956307 -0.059474970199313165 2.8179886567599257 -0.098886721420699833 -0.048920645947309944 2.5000000000000004 1.4510095537268637 11.500000000000002 -0.12708904900282303 -0.072021478785134402 2.8555378091181765 2.164013463479574 -0.057438579230229193 0.048292485090007421 0.14053989496862504 0.017093537896507759 0.071005273907527464 0.14296268807961796
decision_type=10 8 10 10 10 10 10 2 8 2 8 2 10 2 2 10 2 2 2 10 2 2 2 10 10 2 10 8 2 10 10
left_child=1 5 3 7 8 12 13 -2 16 10 23 -11 -1 30 -13 27 -3 -12 -7 21 29 -20 -14 -10 -18 -23 -27 -16 -24 -21 -6
right_child=2 4 -4 -5 6 18 -8 -9 9 11 17 14 22 -15 15 -17 24 -19 19 20 -22 25 28 -25 -26 26 -28 -29 -30 -31 -32
leaf_value=-0.015170001720802651 0.023045592604157252 -0.010252311694622041 0.092935584108127606 0.056416278320629107 0.013167822000266304 -0.019082607179018801 0.019064158362585425 0.035096353143020426 -8.4754972174616155e-05 0.011076520496560622 -0.0044832953458482571 -0.0053130521663164688 -0.020085944948739116 0.0023861079417770697 -0.0030571342615410687 0.010433340012454068 0.0013686335004038281 -0.013918623068545124 -0.010302362218499185 -0.011353821085813717 -0.0054491782673006138 -0.020173966876391707 -0.027674510641697726 0.0074907349158548622 -0.0053112776121314684 -0.010596926278761916 -0.019393076171290199 0.0036860179634026764 -0.022741607264444633 -0.015173764748573305 0.0095646899618278044
leaf_weight=180 117 125 107 162 101 173 101 172 101 129 110 118 187 161 100 104 108 101 120 156 123 145 163 103 147 148 159 106 143 125 107
leaf_count=180 117 125 107 162 101 173 101 172 101 129 110 118 187 161 100 104 108 101 120 156 123 145 163 103 147 148 159 106 143 125 107
internal_value=0.000166242 -0.00744179 0.0498503 0.0396283 0.00196739 -0.016851 0.00992131 0.0302177 -0.000797662 0.000860128 -0.00273725 0.0035404 -0.0211734 0.00741879 0.001269 0.00377443 -0.00503812 -0.00899973 -0.0143192 -0.0134749 -0.010738 -0.015408 -0.0233652 0.00374012 -0.00248214 -0.0167634 -0.0151526 0.000412643 -0.0253693 -0.0130531 0.0113143
internal_weight=4202 3644 558 451 1822 1822 470 289 1352 972 415 557 673 369 428 310 380 211 1149 976 404 572 493 204 255 452 307 206 306 281 208
internal_count=4202 3644 558 451 1822 1822 470 289 1352 972 415 557 673 369 428 310 380 211 1149 976 404 572 493 204 255 452 307 206 306 281 208
is_linear=0
shrinkage=0.02


Tree=21
num_leaves=33
num_cat=0
split_feature=2 2 2 1 1 6 1 2 2 1 4 4 4 5 2 3 2 5 3 4 1 5 3 3 1 3 1 2 3 1 4 3
split_gain=4205.6 913.859 484.811 426.904 181.604 189.94 112.184 85.1116 72.3419 40.4942 29.6067 26.9329 22.8559 21.7648 18.6354 14.4793 11.6858 11.3624 21.5466 10.3732 8.50339 7.29312 7.159 7.08971 5.95021 5.04089 4.87042 4.55964 2.74954 1.62132 1.46212 1.04877
threshold=4.5277777777777786 1.9198717948717952 7.7812500000000009 0.095037200484604054 0.17898088627092809 1.0000000180025095e-35 0.19992530287250665 1.1483516483516485 2.5277777777777781 0.051141497600779386 -0.0062668348871137902 -0.037236249076214679 -0.036083722684697922 4.5000000000000009 2.0839160839160846 64.219782905081232 0.87083333333333346 2.5000000000000004 68.220861470117867 0.02976308829386692 0.071428616133731318 4.5000000000000009 72.955962902472578 70.06541328421369 0.040811599117852197 65.956011198458313 0.029622339929940646 2.1291666666666669 68.597908107094156 0.041784133275940404 -0.055497091116206758 67.352607346713185
decision_type=10 8 10 10 10 2 8 10 10 8 2 2 2 2 10 8 10 2 10 2 10 2 8 10 10 8 8 10 10 10 2 10
left_child=1 7 6 8 10 -6 -2 16 9 17 12 -8 21 25 -15 -9 26 -3 -19 -12 -10 -5 23 24 -17 -11 -1 -23 -29 -28 -27 -26
right_child=2 3 -4 4 5 -7 11 15 20 13 19 -13 -14 14 -16 22 -18 18 -20 -21 -22 27 -24 -25 31 30 29 28 -30 -31 -32 -33
leaf_value=-0.029655972655064127 0.031227477608432232 -0.020544916406655924 0.093516496818199346 0.0095028220201859217 0.0078024484587245081 0.044993958311542022 0.059893015408816266 -0.01027367250208395 0.0046432415539065736 -0.0136353591299057 -0.0042618853586518079 0.04606390283070505 0.015994863735349928 0.0010823341069573706 -0.0096285692117746586 -0.020758435407689974 -0.021427820024558304 -0.0079737792660792665 -0.019920471625832409 0.0033903368603852057 -0.0023938332521726215 0.0011591540155932308 -0.013255403633912404 -0.022816080504430913 -0.01339410158077089 -0.0068231212325615452 -0.02375796251687683 0.0037655117835562963 0.0083013097884302792 -0.027080694672105641 -0.010234721451997757 -0.016262279430639397
leaf_weight=198 142 117 107 167 114 106 129 166 151 125 121 100 115 176 103 102 193 144 104 171 126 115 150 106 101 101 119 104 110 116 100 103
leaf_count=198 142 117 107 167 114 106 129 166 151 125 121 100 115 176 103 102 193 144 104 171 126 115 150 106 101 101 119 104 110 116 100 103
internal_value=0.000162918 -0.00700553 0.0560108 0.000483062 0.00942773 0.025722 0.0451938 -0.0201133 -0.00757216 -0.0101464 0.00545792 0.0538541 0.00796144 -0.00697236 -0.00287187 -0.0154635 -0.0255208 -0.0154074 -0.0129837 0.000219382 0.00144226 0.00609885 -0.0169964 -0.0183585 -0.0168143 -0.0104817 -0.0273451 0.004371 0.006097 -0.0253981 -0.00852043 -0.0148423
internal_weight=4202 3724 478 2370 1123 220 371 1354 1247 970 903 229 611 605 279 728 626 365 248 292 277 496 562 412 306 326 433 329 214 235 201 204
internal_count=4202 3724 478 2370 1123 220 371 1354 1247 970 903 229 611 605 279 728 626 365 248 292 277 496 562 412 306 326 433 329 214 235 201 204
is_linear=0
shrinkage=0.02


Tree=22
num_leaves=33
num_cat=0
split_feature=2 2 2 0 6 0 0 2 0 2 0 2 3 6 4 3 0 3 0 3 2 7 3 3 3 3 4 0 7 0 4 4
split_gain=4039.05 877.67 465.613 446.536 177.499 176.887 119.048 81.7412 41.1048 40.7524 26.044 35.4774 25.6815 23.2189 18.4294 17.5613 14.4608 13.9059 11.4454 18.317 11.2231 7.15584 7.48934 6.8755 6.80896 5.4948 4.68467 4.3306 2.82447 0.848191 0.0605825 0.0140823
threshold=4.5277777777777786 1.9198717948717952 7.7812500000000009 4.0960900332164334 1.0000000180025095e-35 1.9940662070406705 4.8606991123746814 1.1483516483516485 7.2867298247270087 2.6966911764705888 2.5410751999865915 2.5277777777777781 69.142558491087513 1.0000000180025095e-35 -0.059474970199313165 66.64358734101701 1.6815224956646742 64.219782905081232 3.1793308178050865 65.21818528062073 0.87083333333333346 4.5000000000000009 63.205664657277545 72.955962902472578 70.06541328421369 68.061504418661812 -0.11856671381958057 0.95868000492095307 4.5000000000000009 0.63482062957863505 -0.062462546525683262 -0.042892301579543067
decision_type=10 8 10 10 2 8 8 10 8 10 10 10 10 2 2 10 10 8 10 10 10 2 10 8 10 10 2 10 2 10 2 2
left_child=1 7 6 5 -5 9 -2 20 -8 16 11 13 18 -7 -14 -15 21 -9 19 -12 26 -3 -23 24 25 30 -1 -24 -28 -30 -19 -20
right_child=2 3 -4 4 -6 10 8 17 -10 -11 12 -13 14 15 -16 -17 -18 23 31 -21 -22 22 27 -25 -26 -27 28 -29 29 -31 -32 -33
leaf_value=-0.023026552485062343 0.02637663145110292 -0.0094146764374548383 0.091646167545396603 0.0091022857286584529 0.039925501045460499 -0.011761133547182437 0.044973094475373065 -0.010068199151610753 0.061026928200621472 0.00075943096263988595 0.0041107557808980344 0.0053570970537396255 -0.0056337311354686895 0.0037222425886026516 0.0042788745719293834 -0.0070419398001555743 -0.0055777538553723749 -0.018777228897809983 0.0037188139211852106 0.01563618236138084 -0.020999263379598579 -0.019209390693697436 -0.015846164418873213 -0.012990295735994974 -0.022359758812301563 -0.012796675689377875 -0.025411612006309241 -0.011105378924047248 -0.030521772339262749 -0.02802074507209603 -0.018081053450703623 0.0040536288260413092
leaf_weight=101 106 124 107 163 138 135 158 166 107 111 100 197 139 127 163 116 106 100 100 123 193 116 141 150 106 106 115 170 110 107 100 101
leaf_count=101 106 124 107 163 138 135 158 166 107 111 100 197 139 127 163 116 106 100 100 123 193 116 141 150 106 106 115 170 110 107 100 101
internal_value=0.000159659 -0.00686541 0.0548906 0.000473401 0.0232339 -0.00283781 0.0442899 -0.0197111 0.0514552 -0.0104491 0.00165522 -0.00152443 0.00417354 -0.00511083 -0.00028355 -0.00141621 -0.0123427 -0.0151542 0.00734817 0.0104678 -0.0250104 -0.0136442 -0.0148724 -0.0166565 -0.0179913 -0.016478 -0.0267982 -0.0132547 -0.0279456 -0.0292885 -0.0184291 0.00388705
internal_weight=4202 3724 478 2370 301 2069 371 1354 265 768 1301 575 726 378 302 243 657 728 424 223 626 551 427 562 412 306 433 311 332 217 200 201
internal_count=4202 3724 478 2370 301 2069 371 1354 265 768 1301 575 726 378 302 243 657 728 424 223 626 551 427 562 412 306 433 311 332 217 200 201
is_linear=0
shrinkage=0.02


Tree=23
num_leaves=32
num_cat=0
split_feature=2 2 2 0 6 0 0 2 0 2 1 3 7 1 1 3 1 0 2 2 3 3 1 3 3 1 3 1 3 1 3
split_gain=3879.11 842.914 447.174 428.853 170.47 169.882 114.334 78.5042 39.4771 39.1386 38.8365 18.441 16.5924 14.4619 14.1442 13.3553 11.0499 22.4924 15.446 10.7786 10.4606 7.94282 21.5671 6.60323 6.53932 5.7145 5.14244 4.60219 3.94201 1.55953 1.06391
threshold=4.5277777777777786 1.9198717948717952 7.7812500000000009 4.0960900332164334 1.0000000180025095e-35 1.9940662070406705 4.8606991123746814 1.1483516483516485 7.2867298247270087 2.6966911764705888 0.087634889283949427 62.686312390774638 6.5000000000000009 0.051141497600779386 0.062509405810894786 64.219782905081232 0.15177570538422391 3.5906820407124602 2.1291666666666669 0.87083333333333346 66.24466807133976 69.565311326112578 0.10931057897219161 72.955962902472578 70.06541328421369 0.040811599117852197 68.220861470117867 0.029622339929940646 64.594279337504204 0.041784133275940404 67.352607346713185
decision_type=10 8 10 10 2 8 8 10 8 10 10 10 2 10 10 8 10 10 10 10 10 10 10 8 10 10 10 8 10 10 10
left_child=1 7 6 5 -5 9 -2 19 -8 13 11 -7 -13 26 -15 -9 17 18 20 27 -12 22 -20 24 25 -17 28 -1 -3 -29 -27
right_child=2 3 -4 4 -6 10 8 15 -10 -11 16 12 -14 14 -16 23 -18 -19 21 -21 -22 -23 -24 -25 -26 30 -28 29 -30 -31 -32
leaf_value=-0.028508571740898367 0.02584909865878663 -0.015699788541486948 0.089813244328877634 0.0089202400667170081 0.039126991164209188 0.0018282100677124561 0.044073632501914532 -0.0098668350387050435 0.05980638976409057 0.00074424236207394981 0.0040839105527848011 -0.012928455512111003 -0.002518833063592847 -0.002855519617979343 -0.012056376251944886 -0.020013679488032472 -0.00064261410393735429 0.013670103494391347 0.0017366719819032228 -0.020579278371966363 -0.004074978206984021 0.002324845620239054 0.014019920772572204 -0.012730489770571392 -0.021912563755264819 -0.012757292174466766 -0.017635328749410147 -0.022761021531852232 -0.010316973232616813 -0.026019831245187027 -0.015646102390821696
leaf_weight=198 106 101 107 163 138 163 158 166 107 111 120 104 149 104 187 102 167 104 104 193 132 131 127 150 106 101 147 119 118 116 103
leaf_count=198 106 101 107 163 138 163 158 166 107 111 120 104 149 104 187 102 167 104 104 193 132 131 127 150 106 101 147 119 118 116 103
internal_value=0.000156466 -0.00672811 0.0537928 0.000463933 0.0227692 -0.00278105 0.0434041 -0.0193168 0.0504261 -0.0102401 0.00162212 -0.00341795 -0.00679789 -0.0120959 -0.0087681 -0.0148511 0.00399124 0.00506903 0.00361217 -0.0245102 -0.000189793 0.00625884 0.0084898 -0.0163234 -0.0176315 -0.0161485 -0.0147417 -0.0262623 -0.0127995 -0.0243696 -0.0142159
internal_weight=4202 3724 478 2370 301 2069 371 1354 265 768 1301 416 253 657 291 728 885 718 614 626 252 362 231 562 412 306 366 433 219 235 204
internal_count=4202 3724 478 2370 301 2069 371 1354 265 768 1301 416 253 657 291 728 885 718 614 626 252 362 231 562 412 306 366 433 219 235 204
is_linear=0
shrinkage=0.02


Tree=24
num_leaves=33
num_cat=0
split_feature=2 2 2 0 6 0 0 2 0 2 1 5 5 3 0 2 3 1 0 2 5 3 3 1 3 3 3 1 1 3 1 3
split_gain=3725.49 809.535 429.466 411.87 163.719 163.155 109.806 75.4504 37.9138 37.5887 37.2986 23.0097 21.0431 25.5314 15.2747 14.8073 10.9353 10.6124 21.6017 14.8343 12.2478 10.0464 9.62192 17.5506 6.0321 5.60939 7.70118 4.52912 4.41995 4.0977 1.49778 1.41261
threshold=4.5277777777777786 1.9198717948717952 7.7812500000000009 4.0960900332164334 1.0000000180025095e-35 1.9940662070406705 4.8606991123746814 1.2247899159663869 7.2867298247270087 2.6966911764705888 0.087634889283949427 2.5000000000000004 4.5000000000000009 63.63269214888917 1.6016774303464458 0.87083333333333346 64.219782905081232 0.15177570538422391 3.5906820407124602 2.1291666666666669 4.5000000000000009 66.24466807133976 68.220861470117867 0.040811599117852197 69.142558491087513 72.955962902472578 69.65943129287929 0.046653277682513025 0.029622339929940646 67.577347415837735 0.041784133275940404 66.443276747991604
decision_type=10 8 10 10 2 8 8 10 8 10 10 2 2 10 10 10 8 10 10 10 2 10 10 10 10 8 10 10 8 10 10 10
left_child=1 7 6 5 -5 9 -2 15 -8 11 12 -3 31 -14 22 28 -9 18 19 21 -21 -12 23 -13 -22 26 27 -18 -1 -17 -30 -7
right_child=2 3 -4 4 -6 10 8 16 -10 -11 17 14 13 -15 -16 29 25 -19 -20 20 24 -23 -24 -25 -26 -27 -28 -29 30 -31 -32 -33
leaf_value=-0.027938400337265596 0.025332116602726704 -0.01842343863122952 0.088016979070467377 0.0087418352707969091 0.038344451178243193 -0.0095074612170457842 0.04319215980629567 -0.0093045567706519488 0.058610261762253597 0.00072935757873294593 0.0040022320728749037 -0.0028538432569787052 0.0084463928297162059 -0.0056740864713986719 -0.0032227495791656629 -0.017073907021616326 -0.017978236576914788 -0.00062976180345745774 0.013396701141609811 0.011594561394468872 0.0062269646316968109 -0.0039934784168321079 -0.015892157933729535 -0.013682708529388013 -0.00011278779937489198 -0.011920881497680693 -0.020995099443456403 -0.012429783869456579 -0.022305801312144193 -0.021973883566596814 -0.025499434560087735 -0.0062301258407197555
leaf_weight=198 106 161 107 163 138 100 158 153 107 111 120 101 100 105 112 122 100 167 104 113 148 132 136 147 101 133 115 143 119 155 116 111
leaf_count=198 106 161 107 163 138 100 158 153 107 111 120 101 100 105 112 122 100 167 104 113 148 132 136 147 101 133 115 143 119 155 116 111
internal_value=0.000153337 -0.00659354 0.0527169 0.000454654 0.0223138 -0.00272543 0.042536 -0.0189305 0.0494176 -0.0100353 0.00158968 -0.011854 -0.00334959 0.00121395 -0.00972153 -0.0234269 -0.0139733 0.00391141 0.00496765 0.00353992 0.00613366 -0.000185997 -0.011617 -0.00927257 0.00365542 -0.0154281 -0.0167311 -0.0147131 -0.025737 -0.0198158 -0.0238822 -0.00778337
internal_weight=4202 3724 478 2370 301 2069 371 1354 265 768 1301 657 416 205 496 710 644 885 718 614 362 252 384 248 249 491 358 243 433 277 235 211
internal_count=4202 3724 478 2370 301 2069 371 1354 265 768 1301 657 416 205 496 710 644 885 718 614 362 252 384 248 249 491 358 243 433 277 235 211
is_linear=0
shrinkage=0.02


Tree=25
num_leaves=32
num_cat=0
split_feature=2 2 0 2 1 2 5 2 7 0 0 1 5 1 7 2 1 0 2 1 0 2 0 5 1 5 0 0 1 0 0
split_gain=3164 927.669 435.035 200.355 200.007 78.2645 76.1422 66.4893 40.8799 29.993 25.9653 18.2543 22.4638 12.5043 11.1027 8.89231 8.84665 9.74073 17.968 7.42281 6.70864 6.10326 5.15013 10.6371 4.61685 3.08765 5.04764 2.99907 1.79237 0.807348 0.745852
threshold=4.5277777777777786 2.0312500000000004 5.3619032291226052 6.8035714285714297 0.094273498736053424 3.0801282051282057 4.5000000000000009 1.2247899159663869 1.5000000000000002 1.459766586319341 4.0596239812352097 0.16122650703295627 4.5000000000000009 0.10931057897219161 8.5000000000000018 0.90416666666666679 0.04451113192885426 1.5040191737863942 1.5669642857142858 0.12736950014256096 0.28118202214923776 3.5880952380952382 2.164013463479574 4.5000000000000009 0.051141497600779386 3.5000000000000004 0.99883632944094958 1.0239972294360624 0.033575128888025781 1.1781671472460362 0.41492207887374216
decision_type=10 8 10 10 10 10 2 10 2 10 10 10 2 10 2 10 8 10 10 10 10 8 10 2 10 2 10 10 10 10 10
left_child=1 7 4 6 5 8 -2 15 -3 20 11 12 14 -14 -6 25 -9 29 -19 -15 -10 -12 23 -11 28 -1 30 -17 -22 -18 -27
right_child=3 2 -4 -5 10 -7 -8 16 9 22 21 -13 13 19 -16 27 17 18 -20 -21 24 -23 -24 -25 -26 26 -28 -29 -30 -31 -32
leaf_value=-0.021945901315261442 0.026943358477415906 0.0014464590222604812 0.040690895421258005 0.068630238513792713 0.015055459719684005 0.0073623178958108553 0.048332122675033923 -0.018404750390555048 -0.0094547031383688859 -0.0081077057739783985 0.0089783073441591105 -0.0028092764426643651 -0.0020438012402308613 0.0084513393169465042 0.0064334223573365495 -0.022510971443520652 -0.0088317218479120503 -0.011410514673033913 -0.020847529000249405 0.0023252955935031149 -0.013956225948142154 0.015914805940922025 -0.0089343856696812614 0.00016466749248219962 -0.010774954230177635 -0.026351691422177782 -0.022197054176644051 -0.018001633792364299 -0.017372807487845421 -0.011330524889549408 -0.028508531566731998
leaf_weight=103 106 155 108 155 118 152 179 197 164 116 100 117 133 152 121 117 106 182 145 165 112 103 106 134 102 134 106 119 136 101 123
leaf_count=103 106 155 108 155 118 152 179 197 164 116 100 117 133 152 121 117 106 182 145 165 112 103 106 134 102 134 106 119 136 101 123
internal_value=-0.000391388 -0.00637941 0.00150689 0.0503298 -0.000429005 -0.00603026 0.040377 -0.0190041 -0.00801628 -0.00970217 0.00610487 0.00449473 0.00573504 0.00310323 0.0106903 -0.0234002 -0.0147823 -0.013446 -0.0155951 0.0052627 -0.0127926 0.0124978 -0.00524009 -0.00367371 -0.0143567 -0.0250021 -0.0258693 -0.0202372 -0.0158298 -0.0100509 -0.027384
internal_weight=4167 3727 2294 440 2186 1177 285 1433 1025 870 1009 806 689 450 239 702 731 534 327 317 514 203 356 250 350 466 363 236 248 207 257
internal_count=4167 3727 2294 440 2186 1177 285 1433 1025 870 1009 806 689 450 239 702 731 534 327 317 514 203 356 250 350 466 363 236 248 207 257
is_linear=0
shrinkage=0.02


Tree=26
num_leaves=32
num_cat=0
split_feature=2 2 0 2 1 2 5 2 7 1 0 1 5 3 1 3 3 0 3 1 3 1 1 1 2 3 2 1 3 1 3
split_gain=3038.71 890.933 417.808 192.421 192.087 75.3251 73.127 63.8563 37.7586 30.2035 24.9371 17.5314 21.5742 21.2548 12.0091 15.0838 10.3244 10.1151 9.56497 15.089 11.6093 12.2201 9.33471 8.94842 8.54017 7.14056 5.86157 4.9436 3.61628 2.59059 0.135891
threshold=4.5277777777777786 2.0312500000000004 5.3619032291226052 6.8035714285714297 0.094273498736053424 2.7321428571428577 4.5000000000000009 1.2247899159663869 1.5000000000000002 0.051141497600779386 4.0596239812352097 0.16122650703295627 4.5000000000000009 68.411372829911343 0.10931057897219161 69.523575039584458 66.291132510141054 2.2024003127838609 72.955962902472578 0.046653277682513025 70.006114958180333 0.085498348501629712 0.033575128888025781 0.068982131100945906 0.90416666666666679 67.577347415837735 3.5880952380952382 0.067614877196758752 70.262662606318727 0.028200960589856668 65.721517035429187
decision_type=10 8 10 10 10 10 2 10 2 8 10 10 2 10 10 10 10 8 10 8 8 8 10 10 10 10 8 10 10 10 10
left_child=1 7 4 6 5 8 -2 24 -3 22 11 12 13 -6 -14 30 27 -18 19 -9 21 -21 -10 -7 28 -26 -12 -11 29 -1 -16
right_child=3 2 -4 -5 10 23 -8 18 9 16 26 -13 14 -15 15 -17 17 -19 -20 20 -22 -23 -24 -25 25 -27 -28 -29 -30 -31 -32
leaf_value=-0.027406795062568216 0.026404491344132936 0.0014337440502287739 0.039877077412136176 0.067257633530324504 0.015846403316368884 0.0078167845423404991 0.047365480117791188 -0.020326820840049723 -0.011817971222823668 -0.0071114112192934209 0.0087987408801913254 -0.0027530908723099106 -0.0020029252577096895 0.0038519941510580407 0.0089891654208745109 -0.00058537350646380723 -0.00077325668110943475 -0.008575279419620831 -0.0088693539110513836 -0.0083505669417720148 -0.018690654281678237 -0.016287836495321246 -0.018669037252878971 -0.00014105934202671052 -0.015879263479660437 -0.02289394275586408 0.015596509781277294 -0.013121267978204501 -0.02190668104374845 -0.023797007231182971 0.007949094097013585
leaf_weight=168 106 134 108 155 132 130 179 179 186 110 100 117 133 107 101 116 149 120 104 197 123 128 139 100 103 133 103 109 147 151 100
leaf_count=168 106 134 108 155 132 130 179 179 186 110 100 117 133 107 101 116 149 120 104 197 123 128 139 100 103 133 103 109 147 151 100
internal_value=-0.00038356 -0.00625182 0.00147675 0.0493233 -0.000420425 -0.00590965 0.0395695 -0.018624 -0.0084031 -0.0100244 0.00598277 0.00440484 0.00562034 0.0104765 0.00304116 0.00515745 -0.00687853 -0.00425371 -0.0144867 -0.0154184 -0.0134573 -0.0114766 -0.0147481 0.00435685 -0.0229322 -0.0198325 0.0122479 -0.0101026 -0.0245021 -0.0256981 0.00847172
internal_weight=4167 3727 2294 440 2186 1177 285 1433 947 813 1009 806 689 239 450 317 488 269 731 627 448 325 325 230 702 236 203 219 466 319 201
internal_count=4167 3727 2294 440 2186 1177 285 1433 947 813 1009 806 689 239 450 317 488 269 731 627 448 325 325 230 702 236 203 219 466 319 201
is_linear=0
shrinkage=0.02


Tree=27
num_leaves=31
num_cat=0
split_feature=2 2 0 2 1 2 5 2 7 0 0 1 5 3 1 3 3 3 1 3 1 2 3 0 3 2 3 1 0 3
split_gain=2918.37 855.652 401.263 184.801 184.48 72.8661 70.2311 61.3276 37.6428 28.0576 23.9496 16.8372 20.7199 20.4131 11.5335 14.4865 10.1415 9.1862 14.4915 11.1496 11.7362 8.20198 6.8578 6.32425 5.93892 5.62945 3.47308 2.488 1.17929 0.13051
threshold=4.5277777777777786 2.0312500000000004 5.3619032291226052 6.8035714285714297 0.094273498736053424 3.0801282051282057 4.5000000000000009 1.2247899159663869 1.5000000000000002 1.459766586319341 4.0596239812352097 0.16122650703295627 4.5000000000000009 68.411372829911343 0.10931057897219161 69.523575039584458 67.733867447727519 72.955962902472578 0.046653277682513025 70.006114958180333 0.085498348501629712 0.90416666666666679 67.577347415837735 0.28118202214923776 68.220861470117867 3.5880952380952382 70.262662606318727 0.028200960589856668 1.0654555313471363 65.721517035429187
decision_type=10 8 10 10 10 10 2 10 2 10 10 10 2 10 10 10 10 10 8 8 8 10 10 10 10 8 10 10 10 10
left_child=1 7 4 6 5 8 -2 21 -3 23 11 12 13 -6 -14 29 -11 18 -9 20 -20 26 -23 -10 28 -12 27 -1 -25 -16
right_child=3 2 -4 -5 10 -7 -8 17 9 16 25 -13 14 -15 15 -17 -18 -19 19 -21 -22 22 -24 24 -26 -27 -28 -29 -30 -31
leaf_value=-0.02685865918440478 0.02587640151732935 0.0013725858013476095 0.039079536021583608 0.065912481020535194 0.015529474883170968 0.0071309848198373074 0.046418170978903106 -0.019920284529138545 -0.0090737216229118955 -0.0085012248886186022 0.0086227661460638056 -0.0026980289320947017 -0.0019628666598994031 0.003774954317677244 0.0088093820584956382 -0.0005736660295776252 -0.0017461191198748091 -0.0086919668517433674 -0.0081835555954633023 -0.018316841113373516 -0.015962079958990218 -0.015561678349311001 -0.022436063859779809 -0.01327338860315435 -0.017350377512554967 0.015284579711631663 -0.021468547680431053 -0.02332106692716094 -0.010379845438716569 0.0077901120030786841
leaf_weight=168 106 155 108 155 132 152 179 179 164 172 100 117 133 107 101 116 184 104 197 123 128 103 133 119 124 103 147 151 107 100
leaf_count=168 106 155 108 155 132 152 179 179 164 172 100 117 133 107 101 116 184 104 197 123 128 103 133 119 124 103 147 151 107 100
internal_value=-0.000375889 -0.00612678 0.00144722 0.0483368 -0.000412016 -0.00579146 0.0387781 -0.0182515 -0.00770777 -0.00932553 0.00586311 0.00431674 0.00550793 0.010267 0.00298034 0.0050543 -0.00500982 -0.014197 -0.0151101 -0.0131881 -0.0112471 -0.0224736 -0.0194358 -0.0123146 -0.0138332 0.0120029 -0.024012 -0.0251841 -0.0119034 0.00830228
internal_weight=4167 3727 2294 440 2186 1177 285 1433 1025 870 1009 806 689 239 450 317 356 731 627 448 325 702 236 514 350 203 466 319 226 201
internal_count=4167 3727 2294 440 2186 1177 285 1433 1025 870 1009 806 689 239 450 317 356 731 627 448 325 702 236 514 350 203 466 319 226 201
is_linear=0
shrinkage=0.02


Tree=28
num_leaves=32
num_cat=0
split_feature=2 2 0 2 1 2 5 2 7 0 0 1 5 0 4 7 2 4 1 0 2 4 4 7 0 0 5 4 4 7 1
split_gain=2802.8 821.768 385.373 177.483 177.175 69.9806 67.45 58.8991 36.1521 26.9465 23.0012 16.1704 19.8994 11.3254 12.2585 10.7067 7.87718 8.39702 7.76936 9.38515 17.3254 6.74268 6.53089 6.30712 19.117 4.93486 10.1887 4.57212 3.52884 2.6659 1.92345
threshold=4.5277777777777786 2.0312500000000004 5.3619032291226052 6.8035714285714297 0.094273498736053424 3.0801282051282057 4.5000000000000009 1.2247899159663869 1.5000000000000002 1.459766586319341 4.0596239812352097 0.16122650703295627 4.5000000000000009 2.5948430093919619 -0.0078544227417224211 8.5000000000000018 0.90416666666666679 -0.10340297859857094 0.04451113192885426 1.5040191737863942 1.5669642857142858 -0.098886721420699833 -0.041960937363576888 6.5000000000000009 0.28118202214923776 2.164013463479574 4.5000000000000009 -0.022518480365920725 -0.07073550826672971 5.5000000000000009 0.041784133275940404
decision_type=10 8 10 10 10 10 2 10 2 10 10 10 2 10 2 2 10 2 8 10 10 2 2 2 10 10 2 2 2 2 10
left_child=1 7 4 6 5 8 -2 16 -3 23 11 12 15 -14 21 -6 17 -1 -9 28 -21 -15 -12 -10 -25 26 -11 -18 -20 -19 -26
right_child=3 2 -4 -5 10 -7 -8 18 9 25 22 -13 13 14 -16 -17 27 29 19 20 -22 -23 -24 24 30 -27 -28 -29 -30 -31 -32
leaf_value=-0.019145510212818937 0.025358873569881014 0.0013451341602110092 0.038297945175457884 0.064594231315077313 0.014348221548075267 0.0069883652501984651 0.045489807442330117 -0.017307716454119246 -0.015219837453435451 -0.007715855867698275 0.015297516019454281 -0.0026440683882842713 -0.0028305718245960417 0.0036080598250168177 -0.00083920095293697988 0.0058813594293988438 -0.021496857510795605 -0.023123555622352607 -0.006704203544311154 -0.010661129714040967 -0.019927836765503061 0.010401371803785127 0.0081221237215446315 -0.003588105045053937 -0.011995285478064683 -0.0085258856134594607 0.00038027217361464433 -0.015883789617676759 -0.011926914187004934 -0.026708375093114283 -0.015618068119511009
leaf_weight=127 106 155 108 155 118 152 179 197 170 116 103 117 105 109 110 121 133 145 103 182 145 126 100 109 123 106 134 103 104 194 112
leaf_count=127 106 155 108 155 118 152 179 197 170 116 103 117 105 109 110 121 133 145 103 182 145 126 100 109 123 106 134 103 104 194 112
internal_value=-0.000368371 -0.00600425 0.00141828 0.04737 -0.000403776 -0.00567563 0.0380025 -0.0178865 -0.00755361 -0.00913902 0.00574585 0.00423041 0.00539777 0.00292073 0.00467113 0.0100617 -0.0220241 -0.0235318 -0.013913 -0.0126607 -0.0147702 0.00725043 0.0117628 -0.0120683 -0.0105109 -0.00490963 -0.00337633 -0.0190471 -0.00932817 -0.025175 -0.0137219
internal_weight=4167 3727 2294 440 2186 1177 285 1433 1025 870 1009 806 689 450 345 239 702 466 731 534 327 235 203 514 344 356 250 236 207 339 235
internal_count=4167 3727 2294 440 2186 1177 285 1433 1025 870 1009 806 689 450 345 239 702 466 731 534 327 235 203 514 344 356 250 236 207 339 235
is_linear=0
shrinkage=0.02


Tree=29
num_leaves=31
num_cat=0
split_feature=2 2 0 2 0 5 2 0 2 2 0 2 4 2 4 6 4 4 5 2 4 4 5 7 0 7 0 0 0 7
split_gain=2691.81 789.427 374.282 170.455 155.926 64.779 48.6041 44.3607 40.6165 17.3855 15.0368 14.3353 24.0073 20.3234 19.7023 13.4176 13.4307 22.4178 10.0609 7.01924 8.0645 6.27227 5.14809 7.46098 11.5101 4.86895 10.4548 4.14618 3.52519 2.56033
threshold=4.5277777777777786 1.9198717948717952 5.3619032291226052 6.8035714285714297 1.7547023969053146 4.5000000000000009 1.2071428571428573 4.0596239812352097 2.3229166666666674 2.7321428571428577 2.6487905746897868 3.2899159663865549 -0.16387978920571578 3.0801282051282057 -0.11513342467258025 1.0000000180025095e-35 0.015704269074496537 -0.036083722684697922 2.5000000000000004 0.90416666666666679 -0.10340297859857094 -0.041960937363576888 3.5000000000000004 9.5000000000000018 1.2948021591523828 7.5000000000000009 1.0654555313471363 2.6487905746897868 1.0239972294360624 5.5000000000000009
decision_type=10 8 10 10 8 2 10 10 10 8 10 8 2 10 2 2 2 2 2 10 2 2 2 2 10 2 10 10 10 2
left_child=1 6 4 5 8 -2 19 9 18 10 -6 13 -13 -11 -14 27 17 -17 -3 20 -1 -9 -8 24 -24 -20 -27 -16 -21 -22
right_child=3 2 -4 -5 7 -7 22 21 -10 11 -12 12 14 -15 15 16 -18 -19 25 28 29 -23 23 -25 -26 26 -28 -29 -30 -31
leaf_value=-0.018762599917524679 0.024851696547472255 -0.015756584857934273 0.037531986259208575 0.063302346625635705 -0.0061718750610313521 0.044580011259577133 -0.017407433091368722 0.014991565682697539 0.00091158613562583926 0.0024603712436936159 0.0019865897820256222 0.0099441723980471103 -0.0082096032020752326 0.013795927156088421 -0.0054903699929761416 0.0010071755679914864 -0.0016437222320457984 0.013722774189445053 -0.0066266865294048747 -0.021247943163354387 -0.022661084457268488 0.0079596813771873713 -0.011358921887973945 -0.0099443478481127667 -0.018541492575642752 -0.016113465202664864 -0.0075385065599689336 0.00022627500561522504 -0.016195990048348902 -0.026174207563948886
leaf_weight=127 106 149 108 155 188 179 152 103 136 164 174 113 100 103 101 123 116 101 138 111 145 100 180 182 177 103 127 102 110 194
leaf_count=127 106 149 108 155 188 179 152 103 136 164 174 113 100 103 101 123 116 101 138 111 145 100 180 182 177 103 127 102 110 194
internal_value=-0.000361003 -0.00588416 0.00116584 0.0464226 -0.000586741 0.0372425 -0.0179019 0.00279624 -0.00881365 0.00151648 -0.0022504 0.00284944 0.00144245 0.00683326 -5.16277e-05 0.00145076 0.00388003 0.00674055 -0.0113719 -0.021669 -0.0230612 0.0115276 -0.0141567 -0.0132399 -0.01492 -0.00959663 -0.0113786 -0.00261797 -0.0187334 -0.0246715
internal_weight=4167 3727 2349 440 2241 285 1378 1588 653 1385 362 1023 756 267 643 543 340 224 517 687 466 203 691 539 357 368 230 203 221 339
internal_count=4167 3727 2349 440 2241 285 1378 1588 653 1385 362 1023 756 267 643 543 340 224 517 687 466 203 691 539 357 368 230 203 221 339
is_linear=0
shrinkage=0.02


Tree=30
num_leaves=33
num_cat=0
split_feature=2 2 0 2 0 7 2 0 2 0 5 7 2 3 6 0 0 0 5 2 0 3 6 3 2 0 3 3 3 7 2 3
split_gain=2720.35 651.786 362.051 343.138 107.298 92.7561 69.66 66.3814 31.1774 30.8598 21.7942 33.0216 29.8062 31.172 21.0266 21.3933 21.2655 15.2799 14.3436 9.96008 9.22075 18.4625 7.25051 7.07693 6.68207 17.175 4.24431 4.08846 3.36269 3.13188 4.26226 1.0949
threshold=4.5277777777777786 1.9198717948717952 4.4920287302761635 7.7812500000000009 1.7547023969053146 6.5000000000000009 1.2247899159663869 5.7300899422125084 2.3229166666666674 2.6487905746897868 4.5000000000000009 6.5000000000000009 2.8230769230769233 65.280444604731201 1.0000000180025095e-35 3.3592455774620356 3.7481353231738033 7.2867298247270087 2.5000000000000004 0.67708333333333337 3.3592455774620356 69.188331011795384 1.0000000180025095e-35 69.727674125056254 1.5773809523809526 1.6154713413472963 72.674871533362122 65.956011198458313 69.142558491087513 6.5000000000000009 0.87083333333333346 68.32057227986742
decision_type=10 8 10 10 8 2 10 8 10 10 2 2 8 10 2 10 10 8 2 10 10 10 2 10 10 10 10 10 10 2 10 10
left_child=1 6 4 7 8 -4 19 -2 18 10 11 -6 -12 -14 16 -16 20 -9 -3 28 21 -11 -20 24 25 -8 -25 -24 -1 31 -31 -21
right_child=3 2 5 -5 9 -7 23 17 -10 14 12 -13 13 -15 15 -17 -18 -19 22 29 -22 -23 27 26 -26 -27 -28 -29 -30 30 -32 -33
leaf_value=-0.026917910740252526 0.026207676125870598 -0.016267438693749196 0.011661308437988564 0.07716770574024745 -0.012210562975169014 0.037346256879207333 -0.013049428755003546 0.038231665695382056 -0.00019011898022709472 0.0065480008644327146 -0.0057846230626860751 0.00042823547475478232 0.012526171319186688 -0.0011104594299901429 0.0027069553930662792 0.015569891805347617 -0.0052117279545539101 0.049077663245693882 -0.012680721554618616 -0.019248619216351629 0.0089805244007105899 -0.0039984419615122311 -0.0096251401558237262 -0.018275651849952401 -0.014055953827397577 -0.0033055381070483812 -0.012477239184081555 -0.0042452049945011609 -0.022006092593073845 -0.024319685509262407 -0.018975749110059666 -0.016399653086217034
leaf_weight=126 155 151 111 105 161 114 180 107 132 159 158 170 124 146 101 106 131 101 130 111 111 114 106 102 174 121 100 121 100 101 146 105
leaf_count=126 155 151 111 105 161 114 180 107 132 159 158 170 124 146 101 106 131 101 130 111 111 114 106 102 174 121 100 121 100 101 146 105
internal_value=-0.000113958 -0.00584288 0.000552106 0.0453257 -0.0020069 0.024675 -0.0168258 0.0361152 -0.00884986 0.000950216 -0.00186555 -0.00571934 0.00111483 0.00515229 0.00391028 0.00929377 0.00174643 0.0434982 -0.0111 -0.0213027 0.00412018 0.00214399 -0.00891437 -0.0122695 -0.010936 -0.00913245 -0.0154052 -0.00675742 -0.0247445 -0.0196227 -0.0211609 -0.0178637
internal_weight=4180 3712 2346 468 2121 225 1366 363 640 1481 759 331 428 270 722 207 515 208 508 689 384 273 357 677 475 301 202 227 226 463 247 216
internal_count=4180 3712 2346 468 2121 225 1366 363 640 1481 759 331 428 270 722 207 515 208 508 689 384 273 357 677 475 301 202 227 226 463 247 216
is_linear=0
shrinkage=0.02


Tree=31
num_leaves=34
num_cat=0
split_feature=2 2 0 2 0 7 2 0 2 0 6 2 0 0 0 5 0 5 0 2 2 2 6 2 0 0 7 2 5 0 4 7 2
split_gain=2612.62 625.975 347.713 329.55 103.049 89.083 66.9015 63.7527 29.9427 29.7101 28.1138 23.4086 16.9739 16.2572 14.6748 13.7756 12.4909 13.0359 12.0915 9.73599 9.56567 9.46176 6.96339 5.22588 18.4741 11.3091 3.00785 4.09347 2.8421 2.47972 2.05759 2.05199 0.858116
threshold=4.5277777777777786 1.9198717948717952 4.4920287302761635 7.7812500000000009 1.7547023969053146 6.5000000000000009 1.2247899159663869 5.7300899422125084 2.3229166666666674 2.5410751999865915 1.0000000180025095e-35 3.0801282051282057 3.7481353231738033 3.3592455774620356 7.2867298247270087 2.5000000000000004 2.4160716302004954 4.5000000000000009 3.3592455774620356 3.2426470588235299 0.67708333333333337 2.2583333333333337 1.0000000180025095e-35 1.5773809523809526 1.4261705379848701 1.6652066715988549 6.5000000000000009 0.87083333333333346 4.5000000000000009 1.0778909334811868 -0.055497091116206758 7.5000000000000009 0.93541666666666679
decision_type=10 8 10 10 8 2 10 8 10 10 2 10 10 10 8 2 8 2 10 8 10 10 2 10 10 10 2 10 2 10 2 2 10
left_child=1 6 4 7 8 -4 20 -2 15 11 12 16 18 -12 -9 -3 21 -18 19 30 31 -6 -17 25 -25 28 32 -28 -8 -24 -11 -1 -22
right_child=3 2 5 -5 9 -7 23 14 -10 10 13 -13 -14 -15 -16 22 17 -19 -20 -21 26 -23 29 24 -26 -27 27 -29 -30 -31 -32 -33 -34
leaf_value=-0.026056749578643623 0.025683522393521403 -0.015942090125076028 0.011428082431540698 0.075624352264971967 0.001594224930427235 0.036599331445861284 -0.014985287499959549 0.037467032619447352 -0.00018631677735935558 0.001553986433266413 0.0045096115094396131 0.005540121795453188 -0.0051074932158732692 0.015258493955194389 0.048096109299740689 -0.012427107134690652 -0.010893022497495016 -0.0019207112634913965 0.0088009138809944931 -0.0038143215778301347 -0.016335996588419097 -0.0057985713939975817 -0.0085274100844417843 -0.0096176686834778397 -0.020605732124542524 -0.0065577674657106401 -0.023833291852514784 -0.018596234099831025 -0.010759086650623768 -0.004328709814733672 0.0055075918469916696 -0.022239883012860732 -0.018864134845137596
leaf_weight=119 155 151 111 105 193 114 155 107 132 101 120 131 131 106 101 130 150 114 111 106 116 108 124 143 107 164 101 146 108 103 110 107 100
leaf_count=119 155 151 111 105 193 114 155 107 132 101 120 131 131 106 101 130 150 114 111 106 116 108 124 143 107 164 101 146 108 103 110 107 100
internal_value=-0.000111679 -0.00572602 0.000541064 0.0444192 -0.00196676 0.0241815 -0.0164893 0.0353929 -0.00867286 0.000931212 0.00359853 -0.00207718 0.00119193 0.00955112 0.0426283 -0.010878 -0.00384332 -0.00701862 0.00312003 0.00113082 -0.0208767 -0.00105834 -0.00873608 -0.0120241 -0.0143206 -0.0106796 -0.0192302 -0.0207377 -0.0132498 -0.00662227 0.00361511 -0.0242496 -0.0175064
internal_weight=4180 3712 2346 468 2121 225 1366 363 640 1481 785 696 559 226 208 508 565 264 428 317 689 301 357 677 250 427 463 247 263 227 211 226 216
internal_count=4180 3712 2346 468 2121 225 1366 363 640 1481 785 696 559 226 208 508 565 264 428 317 689 301 357 677 250 427 463 247 263 227 211 226 216
is_linear=0
shrinkage=0.02


Tree=32
num_leaves=32
num_cat=0
split_feature=2 2 2 1 1 2 1 5 4 2 7 3 3 7 2 4 1 3 1 3 2 1 1 4 3 1 2 1 1 3 2
split_gain=2509.16 601.186 316.5 274.564 133.544 64.2522 49.4756 49.4142 29.9377 32.2875 26.0499 19.0128 16.8574 18.0902 16.7986 16.196 11.7348 15.1174 10.3173 9.67108 9.18686 8.29352 12.5207 8.12719 6.76361 7.36666 6.23107 17.4393 3.80176 3.20632 2.99434
threshold=4.5277777777777786 1.9198717948717952 7.7812500000000009 0.1920513692156755 0.095037200484604054 1.2247899159663869 0.19992530287250665 4.5000000000000009 0.01095811229718437 2.7750000000000004 1.5000000000000002 66.877424454102851 62.422076203990351 6.5000000000000009 2.7750000000000004 0.060257239565996178 0.031733955624290787 67.352607346713185 0.139663231121368 63.464982026724819 0.67708333333333337 0.048292485090007421 0.071428616133731318 -0.038928899233905023 69.727674125056254 0.055080766170350078 1.5773809523809526 0.066678437356833528 0.028200960589856668 69.142558491087513 0.93933823529411775
decision_type=10 8 10 10 10 10 8 2 2 8 2 10 10 2 10 2 10 10 10 10 10 10 10 2 10 10 10 10 10 10 10
left_child=1 5 6 4 7 20 -2 12 9 -6 -9 19 -3 -14 21 -10 -15 -18 -13 -11 29 -12 -23 -8 26 -26 27 -7 -22 -1 -30
right_child=2 3 -4 -5 8 24 23 10 15 11 14 18 13 16 -16 -17 17 -19 -20 -21 28 22 -24 -25 25 -27 -28 -29 30 -31 -32
leaf_value=-0.025886892659500952 0.025366233500785065 -0.014918793379156678 0.074111864678206893 0.026166074100362424 -0.00068773192363669688 -0.012740139424267194 0.044072759990890824 0.007223377965066744 -0.0056703440192627328 0.0089039129223309321 -0.010546165458858012 0.0022968949589994739 -0.012793387933525928 0.00016449670407397689 0.0031093870360275793 0.0044591175225839295 -0.013318715339899064 -0.0027284910205083021 0.009948482842495044 0.017248629188455152 -0.021170563271854605 0.0015936002661200131 -0.0077515409670713296 0.036414263954440369 -0.011029728153480751 -0.018668429423676861 -0.01349280859587243 -0.0029471624890963239 -0.015634413319276962 -0.021090638052672146 -0.019745287060449344
leaf_weight=126 140 162 105 156 184 178 120 115 152 102 100 160 172 121 116 108 100 117 126 122 175 102 131 103 101 101 174 123 162 100 126
leaf_count=126 140 162 105 156 184 178 120 115 152 102 100 160 172 121 116 108 100 117 126 122 175 102 131 103 101 101 174 123 162 100 126
internal_value=-0.000109446 -0.0056115 0.0435308 0.000530243 -0.00129587 -0.0161595 0.034685 -0.00563483 0.00432567 0.00649424 -0.00126976 0.00908538 -0.00929838 -0.00751307 -0.00344506 -0.00146272 -0.00482604 -0.00760878 0.00566787 0.0134488 -0.0204591 -0.00572829 -0.00366053 0.0405354 -0.0117836 -0.0148491 -0.01048 -0.00873836 -0.0188456 -0.0237647 -0.0174329
internal_weight=4180 3712 468 2346 2190 1366 363 1236 954 694 564 510 672 510 449 260 338 217 286 224 689 333 233 223 677 202 475 301 463 226 288
internal_count=4180 3712 468 2346 2190 1366 363 1236 954 694 564 510 672 510 449 260 338 217 286 224 689 333 233 223 677 202 475 301 463 226 288
is_linear=0
shrinkage=0.02


Tree=33
num_leaves=32
num_cat=0
split_feature=2 2 2 1 1 2 1 2 4 2 1 3 3 4 1 4 2 4 2 4 4 1 3 1 3 1 2 1 1 3 7
split_gain=2409.8 577.379 303.966 263.691 128.293 61.7078 47.5164 31.0333 35.6098 29.7882 22.717 20.2466 10.8092 14.1618 10.0619 9.65434 9.09066 9.60014 8.82306 7.80536 7.68525 10.394 6.49577 7.07494 6.17547 6.11186 5.98432 16.7487 3.65121 3.07935 2.92733
threshold=4.5277777777777786 1.9198717948717952 7.7812500000000009 0.1920513692156755 0.094273498736053424 1.2247899159663869 0.19992530287250665 2.7321428571428577 0.00082417061545685133 2.6651785714285716 0.052394449629750393 67.4807667169609 66.877424454102851 -0.072021478785134402 0.068982131100945906 0.043372566891882021 2.2583333333333337 -0.12929726723575527 0.67708333333333337 -0.038928899233905023 -0.03389437771641373 0.025005850421085978 69.727674125056254 0.055080766170350078 65.327500283874869 0.12736950014256096 1.5773809523809526 0.066678437356833528 0.028200960589856668 69.142558491087513 9.5000000000000018
decision_type=10 8 10 10 10 10 8 8 2 10 8 10 10 2 10 2 10 2 10 2 2 10 10 10 10 10 10 10 10 10 2
left_child=1 5 6 4 9 18 -2 11 12 10 20 -6 25 -14 -11 -10 17 -12 29 -8 21 -3 26 -24 -19 -9 27 -7 -20 -1 -30
right_child=2 3 -4 -5 7 22 19 8 15 14 16 -13 13 -15 -16 -17 -18 24 28 -21 -22 -23 23 -25 -26 -27 -28 -29 30 -31 -32
leaf_value=-0.025369154772469923 0.024858908552676438 -0.0090725581165330086 0.072629627334574856 0.025642752355167595 -0.008710803367161693 -0.012485336693987419 0.04319130480654227 0.008924629595683943 -0.0046758773633175429 0.0038903807214875187 0.0015331494647103387 0.0030118363913532128 0.0028118488612789206 0.011897399690144271 -0.003832353273714621 0.0035829609160569786 -0.010069744893323596 -0.0024619493756975449 -0.02074715194819229 0.03568597861809783 -0.0077906628335133576 -0.017975213572520903 -0.010809133600738674 -0.018295060903719157 -0.0076562637509778146 0.015627131225320244 -0.013222952357589687 -0.0028882193141351871 -0.015533938895768195 -0.020668825310468677 -0.019706771946294565
leaf_weight=126 140 102 105 156 104 178 120 101 108 144 111 136 164 118 127 119 107 175 175 103 156 108 101 101 192 118 174 123 181 100 107
leaf_count=126 140 102 105 156 104 178 120 101 108 144 111 136 164 118 127 119 107 175 175 103 156 108 101 101 192 118 174 123 181 100 107
internal_value=-0.000107257 -0.00549927 0.0426602 0.000519638 -0.00126995 -0.0158363 0.0339913 0.00416889 0.006225 -0.0055783 -0.00724521 -0.00206797 0.00920245 0.0066136 0.00027124 -0.000346354 -0.00480022 -0.00362064 -0.0200499 0.0397247 -0.0111532 -0.0136511 -0.0115479 -0.0145521 -0.00517941 0.012536 -0.0102704 -0.00856359 -0.0184687 -0.0232894 -0.0170843
internal_weight=4180 3712 468 2346 2190 1366 363 968 728 1222 951 240 501 282 271 227 585 478 689 223 366 210 677 202 367 219 475 301 463 226 288
internal_count=4180 3712 468 2346 2190 1366 363 968 728 1222 951 240 501 282 271 227 585 478 689 223 366 210 677 202 367 219 475 301 463 226 288
is_linear=0
shrinkage=0.02


Tree=34
num_leaves=32
num_cat=0
split_feature=2 2 0 2 1 2 0 5 0 2 1 2 0 0 0 7 1 1 2 1 0 1 2 0 2 0 0 1 2 5 7
split_gain=2314.37 554.515 318.084 291.929 128.239 59.2642 58.004 47.0709 26.5977 33.9335 46.9812 25.2492 23.4919 16.5352 13.861 12.3087 16.909 11.573 20.0972 10.6516 9.99973 9.88178 8.47367 6.33637 4.68244 17.496 10.3127 3.50663 2.86537 2.73399 1.92604
threshold=4.5277777777777786 1.9198717948717952 5.3619032291226052 7.7812500000000009 0.095037200484604054 1.2247899159663869 5.7300899422125084 4.5000000000000009 1.0531875809977065 3.0294117647058827 0.071428616133731318 2.7321428571428577 4.4920287302761635 1.9940662070406705 7.2867298247270087 6.5000000000000009 0.031733955624290787 0.10564945131482108 2.9062500000000004 0.14053989496862504 2.995229877599721 0.14522476615697902 0.67708333333333337 0.31007974769213736 1.5773809523809526 1.4261705379848701 1.6652066715988549 0.028200960589856668 0.93933823529411775 4.5000000000000009 7.5000000000000009
decision_type=10 8 10 10 10 10 8 2 8 8 10 8 10 10 8 2 10 10 10 10 10 10 10 10 10 10 10 10 10 2 2
left_child=1 5 4 6 7 22 -2 13 -9 -10 -11 20 17 15 -8 23 -17 -13 19 -19 -6 -20 30 -3 26 -26 29 -24 -29 -7 -1
right_child=3 2 -4 -5 11 24 14 8 9 10 -12 12 -14 -15 -16 16 -18 18 21 -21 -22 -23 27 -25 25 -27 -28 28 -30 -31 -32
leaf_value=-0.02457433646278722 0.024050231540876047 -0.017087181613582077 0.034196988590601309 0.071177035033702846 -0.0058538492950233256 -0.014200829064413426 0.035196880894565137 -0.0099261539316996255 -0.0053269296623382366 0.012712685825002771 -0.0046636917900580626 0.010608782086486895 0.014972963156086384 -0.0018187263290639277 0.045527032110286816 -0.0029788867537154269 -0.011934535467109755 0.0041165613598205184 0.0026361370450677045 0.011982489635574059 0.0023488451568300663 -0.0053089541176011132 -0.020332208982110026 -0.010295979312062265 -0.008914052784700156 -0.01960730776190758 -0.0061082538380855464 -0.014983227510626118 -0.019004597953328536 -0.010055791590690475 -0.020876468032877019
leaf_weight=119 155 122 107 105 111 155 107 111 194 155 104 108 101 108 101 151 191 187 153 109 128 106 175 100 143 107 164 162 126 108 107
leaf_count=119 155 122 107 105 111 155 107 111 194 155 104 108 101 108 101 151 191 187 153 109 128 106 175 100 143 107 164 162 126 108 107
internal_value=-0.000105112 -0.00538929 0.000509245 0.041807 -0.00110067 -0.0155196 0.0333115 -0.00541242 -0.0011521 0.000997832 0.0057353 0.00421272 0.00598755 -0.00898804 0.040213 -0.0103609 -0.00798043 0.00461873 0.0034531 0.00701314 -0.00146077 -0.000615522 -0.019649 -0.0140281 -0.011317 -0.0134908 -0.0100443 -0.0180993 -0.0167426 -0.0124987 -0.0228236
internal_weight=4180 3712 2346 468 2239 1366 363 1236 564 453 259 1003 764 672 208 564 342 663 555 296 239 259 689 222 677 250 427 463 288 263 226
internal_count=4180 3712 2346 468 2239 1366 363 1236 564 453 259 1003 764 672 208 564 342 663 555 296 239 259 689 222 677 250 427 463 288 263 226
is_linear=0
shrinkage=0.02


Tree=35
num_leaves=34
num_cat=0
split_feature=2 2 0 2 0 2 2 0 0 2 7 1 2 1 4 4 7 0 4 0 7 4 7 7 0 0 0 4 4 1 1 1 4
split_gain=2205.73 603.841 291.253 247.289 121.42 78.8486 60.4201 26.3052 21.2733 31.7586 17.2073 13.2231 11.4803 11.1378 19.1897 25.7151 14.1581 15.1391 11.0707 19.5237 23.2682 10.5234 10.2712 8.25448 10.5626 8.51478 4.27081 3.3738 2.6591 3.10294 1.51448 1.27383 0.343019
threshold=4.5277777777777786 2.1291666666666669 4.4920287302761635 7.7812500000000009 1.6815224956646742 4.416666666666667 1.2696969696969698 5.7300899422125084 2.6487905746897868 3.0801282051282057 3.5000000000000004 0.24318835630272495 0.87083333333333346 0.16667665056926725 -0.15052925625154237 -0.079213792553114074 5.5000000000000009 3.1793308178050865 -0.0093400014096256083 2.153539103769194 6.5000000000000009 -0.03389437771641373 11.500000000000002 9.5000000000000018 1.1781671472460362 1.5843791762796586 2.0960580133169082 -0.10340297859857094 -0.022518480365920725 0.043112107903242318 0.045915922371297165 0.047232736105334634 -0.0069723196149070136
decision_type=10 8 10 10 8 8 10 8 10 10 2 10 10 10 2 2 2 10 2 8 2 2 2 2 10 8 10 2 2 10 8 10 2
left_child=1 6 4 7 10 -4 12 -2 9 18 -3 -9 27 14 -10 -16 -17 -18 19 -6 -21 22 -12 24 -8 -25 -26 -1 29 -14 32 -23 -29
right_child=3 2 5 -5 8 -7 23 11 13 -11 21 -13 28 -15 15 16 17 -19 -20 20 -22 31 -24 25 26 -27 -28 30 -30 -31 -32 -33 -34
leaf_value=-0.018478155114511351 0.026348897891355236 -0.0016185943753111596 0.0099117134131777741 0.067847860241835964 0.0016533609386533499 0.033658728597085338 -0.0091441062182639147 0.042706404619914762 0.013353991592954844 0.0075155116016762096 -0.016533173322677612 0.032639465132659237 -0.015508688230777071 -0.0012707579236899381 -0.0046812038070389202 0.00072178348292788815 0.014092662343396418 0.0043630501344956345 0.0011473882722383645 -0.013488720648962518 -0.001392455834705951 -0.0056930786843347085 -0.0085184028786476525 -0.011820170111898193 -0.01736511534266174 -0.004594035680638626 -0.012231917143414874 -0.024317396985422266 -0.014434700388422381 -0.020359450557954469 -0.020522726285987749 -0.0088246638975410813 -0.02266907093253466
leaf_weight=116 142 102 104 106 128 121 192 101 100 152 159 108 105 122 112 126 120 137 193 138 118 101 107 133 160 128 109 101 146 106 104 107 101
leaf_count=116 142 102 104 106 128 121 192 101 100 152 159 108 105 122 112 126 120 137 193 138 118 101 107 133 160 128 109 101 146 106 104 107 101
internal_value=-0.000406327 -0.00546436 0.0010968 0.0410762 -0.00130516 0.0226823 -0.0152864 0.0329913 0.00178807 -0.000617722 -0.00907045 0.0375043 -0.0191495 0.00423413 0.00536287 0.0037485 0.00621358 0.00890606 -0.00276027 -0.00472428 -0.0079131 -0.010674 -0.0133092 -0.0111184 -0.0127275 -0.00827632 -0.0152851 -0.0213826 -0.0165097 -0.0179456 -0.0224836 -0.00730404 -0.0234932
internal_weight=4205 3748 2247 457 2022 225 1501 351 1446 729 576 209 779 717 595 495 383 257 577 384 256 474 266 722 461 261 269 422 357 211 306 208 202
internal_count=4205 3748 2247 457 2022 225 1501 351 1446 729 576 209 779 717 595 495 383 257 577 384 256 474 266 722 461 261 269 422 357 211 306 208 202
is_linear=0
shrinkage=0.02


Tree=36
num_leaves=32
num_cat=0
split_feature=2 2 0 2 0 2 2 0 0 2 7 1 2 2 1 7 4 0 7 4 7 0 7 0 0 0 0 1 4 0 1
split_gain=2118.39 579.929 279.719 237.497 116.612 75.7262 58.0275 25.2635 20.4308 30.501 16.5259 12.6995 11.0286 10.8736 23.0369 12.1065 10.6323 18.7505 22.3468 10.1066 9.86447 8.82881 7.92761 10.1444 8.17759 4.10169 4.05217 3.51852 5.69425 1.67511 1.22338
threshold=4.5277777777777786 2.1291666666666669 4.4920287302761635 7.7812500000000009 1.6815224956646742 4.416666666666667 1.2696969696969698 5.7300899422125084 2.6487905746897868 3.0801282051282057 3.5000000000000004 0.24318835630272495 0.70089285714285732 2.1380952380952385 0.14184595343730455 6.5000000000000009 -0.0093400014096256083 2.153539103769194 6.5000000000000009 -0.03389437771641373 11.500000000000002 3.3592455774620356 9.5000000000000018 1.1781671472460362 1.5843791762796586 2.0960580133169082 1.4896179688935105 0.043824962892942403 -0.067567394437738001 0.76557978769121371 0.047232736105334634
decision_type=10 8 10 10 8 8 10 8 10 10 2 10 10 10 10 2 2 8 2 2 2 10 2 10 8 10 10 8 2 8 10
left_child=1 6 4 7 10 -4 12 -2 9 16 -3 -9 29 21 15 -15 17 -6 -19 20 -12 -10 23 -8 -24 -25 27 28 -14 -1 -21
right_child=3 2 5 -5 8 -7 22 11 13 -11 19 -13 26 14 -16 -17 -18 18 -20 30 -22 -23 24 25 -26 -27 -28 -29 -30 -31 -32
leaf_value=-0.023367427070185826 0.02582191977571224 -0.0015862223505973816 0.0097134792468009084 0.066490903351947947 0.0016202939441427588 0.032985554289472988 -0.008961224067218913 0.041852276320799742 0.0037693271848062678 0.0073652012567120111 -0.01620251003652811 0.031986675971161782 -0.012948732861460975 0.0011414962982137999 -0.0031385917588816702 0.0095339388837054461 0.0011244403961756379 -0.013218946144308732 -0.0013646066274051948 -0.0055792174067827742 -0.0083480348152534991 0.011271336320638656 -0.011583766729003728 -0.017017812924925237 -0.0045021546469070015 -0.011987278674720625 -0.013646635681306097 -0.020403967878812303 -0.019055352582017314 -0.020139701954192585 -0.0086481704834465677
leaf_weight=159 142 102 104 106 128 121 192 101 126 152 159 108 104 120 185 161 193 138 118 101 107 125 133 160 128 109 110 150 148 108 107
leaf_count=159 142 102 104 106 128 121 192 101 126 152 159 108 104 120 185 161 193 138 118 101 107 125 133 160 128 109 110 150 148 108 107
internal_value=-0.0003982 -0.00535507 0.00107486 0.0402547 -0.00127905 0.0222287 -0.0149807 0.0323315 0.00175231 -0.000605368 -0.00888904 0.0367543 -0.0187665 0.00414945 0.00234185 0.00594998 -0.00270507 -0.00462979 -0.00775484 -0.0104605 -0.013043 0.00750539 -0.010896 -0.0124729 -0.00811079 -0.0149794 -0.017048 -0.0179787 -0.0165352 -0.0220618 -0.00715796
internal_weight=4205 3748 2247 457 2022 225 1501 351 1446 729 576 209 779 717 466 281 577 384 256 474 266 251 722 461 261 269 512 402 252 267 208
internal_count=4205 3748 2247 457 2022 225 1501 351 1446 729 576 209 779 717 466 281 577 384 256 474 266 251 722 461 261 269 512 402 252 267 208
is_linear=0
shrinkage=0.02


Tree=37
num_leaves=33
num_cat=0
split_feature=2 2 0 2 0 2 2 3 3 2 0 7 3 0 3 2 7 7 2 2 3 3 3 0 0 3 4 3 0 0 3 0
split_gain=2034.5 556.964 268.642 228.092 111.994 72.7275 55.7296 25.7279 29.4199 38.0896 24.2631 15.8715 15.5938 15.2255 13.6488 13.0207 16.3469 14.9795 12.471 10.7551 9.23534 9.11384 8.55635 8.28321 6.00055 5.61627 3.20378 4.84701 2.66174 5.90119 2.45938 1.44717
threshold=4.5277777777777786 2.1291666666666669 4.4920287302761635 7.7812500000000009 1.6815224956646742 4.416666666666667 1.2696969696969698 69.142558491087513 67.4807667169609 2.8230769230769233 5.7300899422125084 3.5000000000000004 63.205664657277545 2.7688824001493026 67.805975418828723 2.9393382352941182 6.5000000000000009 10.500000000000002 3.0645833333333337 0.87083333333333346 69.247290526659938 66.443276747991604 73.653900276550829 3.2823826512813858 2.0960580133169082 69.803678784943301 -0.10340297859857094 70.890483517335426 0.86775781496205651 1.2948021591523828 62.743335226439676 1.6652066715988549
decision_type=10 8 10 10 8 8 10 10 10 8 8 2 10 10 10 8 2 2 10 10 8 10 8 10 10 10 2 8 10 10 10 10
left_child=1 6 4 10 11 -4 19 8 9 -6 -2 -3 -13 18 -12 -9 -17 -18 30 26 -21 -14 24 -15 28 -23 -1 -28 -8 -30 -11 -31
right_child=3 2 5 -5 7 -7 22 15 -10 13 14 12 21 23 -16 16 17 -19 -20 20 -22 25 -24 -25 -26 -27 27 -29 29 31 -32 -33
leaf_value=-0.017722288021689344 0.025305481300833571 -0.0015544979829414218 0.0095192095802093934 0.065161084364045344 -0.0064317297852452262 0.032325842979648883 -0.01575293828946123 0.0029641541636054882 0.011014851658087639 0.0010175080120097845 0.041204045529938442 -0.016059879002693508 -0.0033104884092296873 0.012812721002660692 0.030981051364017406 -0.0089942293538122758 0.0049188925100302474 -0.0053232842621703949 0.0074101178289425595 -0.012969839198800154 -0.019446267705599343 -0.013336891815161858 -0.0061380910887210462 0.0050479981524594987 -0.0083315339761895028 -0.0070711888490144958 -0.023578713959112218 -0.018381602379614892 -0.0086514429814581358 -0.015839915714117098 -0.0031454496184254396 -0.012479078965713677
leaf_weight=116 142 102 104 106 166 121 102 164 180 128 103 133 112 100 106 147 109 120 108 199 158 117 135 122 154 112 191 115 126 102 102 103
leaf_count=116 142 102 104 106 166 121 102 164 180 128 103 133 112 100 106 147 109 120 108 199 158 117 135 122 154 112 191 115 126 102 102 103
internal_value=-0.000390236 -0.00524797 0.00105336 0.0394496 -0.00125347 0.0217841 -0.0146811 0.00171727 0.00377686 0.00198231 0.0316849 -0.00871126 -0.0102513 0.00447647 0.0360192 -0.00173827 -0.00378933 -0.000448187 0.00180384 -0.0183912 -0.0158362 -0.00798582 -0.0106781 0.00854562 -0.0117222 -0.0102724 -0.0205526 -0.0216256 -0.0129282 -0.0120577 -0.000828673 -0.0141513
internal_weight=4205 3748 2247 457 2022 225 1501 1446 906 726 351 576 474 560 209 540 376 229 338 779 357 341 722 222 587 229 422 306 433 331 230 205
internal_count=4205 3748 2247 457 2022 225 1501 1446 906 726 351 576 474 560 209 540 376 229 338 779 357 341 722 222 587 229 422 306 433 331 230 205
is_linear=0
shrinkage=0.02


Tree=38
num_leaves=29
num_cat=0
split_feature=2 2 2 2 5 2 3 3 5 3 4 4 3 2 6 3 2 3 2 4 3 3 7 7 3 2 4 3
split_gain=1953.93 534.908 219.059 53.5227 38.3074 27.4796 47.6742 32.6984 33.7614 41.9348 33.738 32.1866 22.3345 21.9521 16.4488 14.925 13.3335 10.7429 10.3292 10.1746 8.86963 8.21752 7.11627 5.54399 6.26537 3.92176 3.07691 4.65507
threshold=4.5277777777777786 2.1291666666666669 7.7812500000000009 1.2696969696969698 1.5000000000000002 2.7321428571428577 66.733180705145614 69.089569770518452 4.5000000000000009 61.252332887320733 0.019896291979261464 -0.048085640573622593 66.983304992913489 4.0357142857142865 1.0000000180025095e-35 66.595046858595083 2.3693181818181821 71.542671571890594 0.87083333333333346 -0.075801711900429572 69.247290526659938 73.653900276550829 6.5000000000000009 8.5000000000000018 66.772947774404017 1.5358974358974362 -0.10340297859857094 70.890483517335426
decision_type=10 8 10 10 2 8 10 10 2 10 2 2 10 8 2 8 10 10 10 2 8 8 2 2 10 10 2 8
left_child=1 3 12 18 -3 6 -6 8 9 -7 15 17 -2 -11 -13 22 -8 -9 26 -15 -20 23 -10 25 -25 -5 -1 -28
right_child=2 4 -4 21 5 7 16 11 10 13 -12 14 -14 19 -16 -17 -18 -19 20 -21 -22 -23 -24 24 -26 -27 27 -29
leaf_value=-0.017367842295046509 0.036316619197882358 -0.008213665625059428 0.063857863174294524 -0.01605515688788146 -0.010066987130714139 -0.0093380147498897011 0.0083778349805756335 -0.0099086844476480637 0.0038797975403981077 0.0120880484517734 -0.00051250862532897909 -0.0004445498717257624 0.026217304662256781 0.0061349941816968992 0.0090676217159228537 0.015255349955516435 -0.0015425629287603357 -0.0022754974273586095 -0.012710442380071733 -0.0019409961009827946 -0.019057342375605073 -0.0060153292220223829 0.010515814940560817 -0.0067808696331504064 -0.012873909681284129 -0.011479303104713321 -0.023107139550890596 -0.01801397021361829
leaf_weight=116 168 166 106 125 194 117 112 124 108 106 136 159 183 104 134 183 105 182 199 156 158 135 161 156 119 187 191 115
leaf_count=116 168 166 106 125 194 117 112 124 108 106 136 159 183 104 134 183 105 182 199 156 158 135 161 156 119 187 191 115
internal_value=-0.000382431 -0.00514301 0.0386606 -0.0143875 0.00103229 0.00176984 -0.00286289 0.00290999 0.00500291 0.00108495 0.00822125 -0.000832119 0.0310512 0.00441688 0.00390573 0.0108491 0.00357764 -0.00536868 -0.0180233 0.0012894 -0.0155194 -0.0104645 0.00785154 -0.0114878 -0.00941749 -0.0133126 -0.0201416 -0.021193
internal_weight=4205 3748 457 1501 2247 2081 411 1670 1071 483 588 599 351 366 293 452 217 306 779 260 357 722 269 587 275 312 422 306
internal_count=4205 3748 457 1501 2247 2081 411 1670 1071 483 588 599 351 366 293 452 217 306 779 260 357 722 269 587 275 312 422 306
is_linear=0
shrinkage=0.02


Tree=39
num_leaves=31
num_cat=0
split_feature=1 1 1 1 7 1 3 4 3 3 7 1 3 1 1 4 4 6 4 4 1 1 1 5 4 4 5 3 3 3
split_gain=1490.13 368.442 170.769 48.6534 45.0912 44.2268 41.5561 34.3832 15.3118 19.3479 19.1655 25.0678 28.3369 13.6728 16.9836 12.1363 8.0239 7.89833 7.67919 7.43336 7.38914 7.87923 6.38798 6.48012 6.89305 6.17778 5.79295 5.24978 2.9556 0.732467
threshold=0.17898088627092809 0.087634889283949427 0.21569879067660791 0.050692721051851741 9.5000000000000018 0.139663231121368 68.32057227986742 -0.058496159359732097 69.863504542931437 61.351381503802976 10.500000000000002 0.10812595405630911 68.882969795123216 0.0062087356330281689 0.038146452300514055 -0.058496159359732097 -0.10121712533623986 1.0000000180025095e-35 -0.066119158687299631 -0.03389437771641373 0.10564945131482108 0.11951076257186158 0.066678437356833528 4.5000000000000009 -0.087734142384116975 0.015704269074496537 4.5000000000000009 68.061504418661812 66.443276747991604 66.93679708478389
decision_type=10 8 10 10 2 10 10 2 10 8 2 10 8 10 10 2 2 2 2 2 8 10 10 2 2 2 2 10 10 10
left_child=1 3 15 13 7 8 18 -4 9 -3 11 12 -11 -1 16 -2 -15 22 -7 -16 -10 -22 28 -24 -25 27 -14 -18 -5 -19
right_child=2 5 4 17 -6 6 -8 -9 20 10 -12 -13 26 14 19 -17 25 29 -20 -21 21 -23 23 24 -26 -27 -28 -29 -30 -31
leaf_value=-0.008748103443310052 0.010356138495931236 -0.0066355526794507668 0.041066134757380565 -0.0082581459600629854 0.047111145061041623 0.0097225864594802265 0.00056533170166855667 0.025179495370477187 0.0006331521230408568 -0.0088868035996103132 0.0081618730932910086 0.0072307612159747195 -0.0016550227980080404 -0.013113370615002864 -0.013835633574233588 0.020160667335725215 -0.023195809460873528 -0.0051308554768562317 0.017300645388460354 -0.0079461510601283626 -0.0092626650725785437 -0.0017241794284847049 -0.010065160893503851 -0.00074938001182612668 -0.0074389196347586714 -0.015172122833500435 0.0040945787939683093 -0.017316038769980273 -0.012333340535350916 -0.0027446665628901067
leaf_weight=192 101 103 102 123 140 100 171 117 116 146 188 177 114 170 186 101 123 100 115 159 114 108 149 101 158 154 182 120 169 106
leaf_count=192 101 103 102 123 140 100 171 117 116 146 188 177 114 170 186 101 123 100 115 159 114 108 149 101 158 154 182 120 169 106
internal_value=-0.000374783 -0.00504623 0.0299688 -0.0107802 0.038246 0.00200715 0.00792359 0.0325788 0.000177222 0.00152734 0.0025692 0.000870617 -0.00167632 -0.013599 -0.0146202 0.0152584 -0.0167492 -0.00734531 0.013776 -0.0111214 -0.00345772 -0.00559529 -0.00835833 -0.00674202 -0.00483026 -0.0183061 0.00188021 -0.0202922 -0.0106167 -0.00390301
internal_weight=4205 3644 561 2010 359 1634 386 219 1248 910 807 619 442 1104 912 202 567 906 215 345 338 222 700 408 259 397 296 243 292 206
internal_count=4205 3644 561 2010 359 1634 386 219 1248 910 807 619 442 1104 912 202 567 906 215 345 338 222 700 408 259 397 296 243 292 206
is_linear=0
shrinkage=0.02


Tree=40
num_leaves=32
num_cat=0
split_feature=0 2 0 2 2 0 2 2 0 2 6 5 7 3 3 0 0 0 3 3 0 2 3 0 5 2 2 0 0 3 0
split_gain=1743.07 418.762 344.385 311.887 190.724 114.83 53.3755 41.2265 20.4152 26.9485 22.8415 17.8384 16.4102 17.2691 22.8839 11.5197 9.56436 11.8972 11.7654 7.7156 5.56062 5.22566 8.49599 4.87264 4.29488 3.87236 3.60413 9.43282 1.82985 1.72327 1.43975
threshold=4.4920287302761635 1.9198717948717952 6.3931512805431927 8.0729166666666696 4.5277777777777786 1.9940662070406705 4.866666666666668 1.1483516483516485 3.3592455774620356 3.0801282051282057 1.0000000180025095e-35 2.5000000000000004 3.5000000000000004 68.220861470117867 63.205664657277545 3.9197193936332875 3.2447313942634826 2.9365525690913596 58.003619933904197 69.089569770518452 0.41492207887374216 2.1291666666666669 66.877424454102851 1.3476293943301159 3.5000000000000004 0.70089285714285732 1.591666666666667 1.6466261821024184 0.7230101739017597 66.101099462234217 1.0996498295664765
decision_type=10 8 10 8 10 8 10 10 10 10 2 2 2 10 10 10 8 10 10 8 10 10 10 10 2 10 10 10 8 10 10
left_child=1 7 6 -4 5 11 -2 23 9 16 15 -3 -13 14 -14 -10 17 21 -18 -11 -9 22 -7 25 -22 28 27 30 -1 -27 -26
right_child=2 4 3 -5 -6 8 -8 20 10 19 -12 12 13 -15 -16 -17 18 -19 -20 -21 24 -23 -24 -25 26 29 -28 -29 -30 -31 -32
leaf_value=-0.021609974171028657 0.012123250200553102 -0.013061303254645105 0.028972995098789825 0.073210295955340066 0.026165739567515171 0.00095378178043649831 0.029399139883680619 -0.0062835510008701001 0.006333660071535456 0.010248591190587622 0.013639199967293637 0.0012724031494171532 -0.010878605610541714 -0.012455719839236891 0.00013497009371103865 -0.0023468429052114193 0.00069217394380008477 0.0057133457185487256 -0.0083819744426470531 0.0028905723839301929 -0.014641597475745671 0.0012406176818308956 -0.0066305524786544404 -0.013679454861400285 -0.010229930638600433 -0.018897795093059541 -0.012771122507382554 -0.0048872424395588355 -0.018113386648716312 -0.015648240420888079 -0.013598620199718246
leaf_weight=147 198 174 136 120 107 109 112 101 155 122 115 108 131 171 178 101 102 131 130 107 126 198 129 107 102 100 182 123 101 188 101
leaf_count=147 198 174 136 120 107 109 112 101 155 122 115 108 131 171 178 101 102 131 130 107 126 198 129 107 102 100 182 123 101 188 101
internal_value=-0.000112704 -0.00518195 0.0325418 0.0497092 0.000101392 -0.00118916 0.0183649 -0.0138776 0.00221335 0.000761942 0.00623502 -0.00743602 -0.0057714 -0.00735625 -0.00453422 0.00290893 -0.000971644 0.000428063 -0.00439248 0.00681056 -0.010642 -0.00115995 -0.00315705 -0.0175762 -0.0113363 -0.018354 -0.0105165 -0.0092578 -0.020186 -0.0167766 -0.011906
internal_weight=4212 3646 566 256 2268 2161 310 1378 1399 1028 371 762 588 480 309 256 799 567 232 229 735 436 238 643 634 536 508 326 248 288 203
internal_count=4212 3646 566 256 2268 2161 310 1378 1399 1028 371 762 588 480 309 256 799 567 232 229 735 436 238 643 634 536 508 326 248 288 203
is_linear=0
shrinkage=0.02


Tree=41
num_leaves=35
num_cat=0
split_feature=2 2 2 0 0 2 0 2 2 0 5 7 7 1 2 7 5 2 0 7 7 7 0 2 0 7 2 0 2 1 0 7 1 1
split_gain=1675.57 461.968 327.533 269.153 131.413 39.2457 36.366 35.7544 25.8814 20.5721 17.132 15.7604 13.902 12.1075 11.1996 9.81762 8.11904 9.37192 7.67028 7.36882 5.73217 4.70151 4.67968 4.49754 8.5042 4.43811 3.71902 3.582 3.19876 2.80067 1.75739 1.6854 0.518008 0.217808
threshold=4.5277777777777786 1.9198717948717952 7.7812500000000009 5.4228497373525615 1.9940662070406705 1.1483516483516485 3.3592455774620356 6.2187500000000009 3.0801282051282057 5.8038915974727878 2.5000000000000004 3.5000000000000004 10.500000000000002 0.067124777654234524 3.1213235294117649 9.5000000000000018 4.5000000000000009 3.0294117647058827 4.0596239812352097 1.5000000000000002 4.5000000000000009 1.5000000000000002 1.3476293943301159 1.5669642857142858 1.6652066715988549 7.5000000000000009 0.70089285714285732 1.459766586319341 1.9198717948717952 0.1032014595677213 0.7230101739017597 4.5000000000000009 0.043112107903242318 0.11015974520124101
decision_type=10 8 10 10 8 10 10 10 10 8 2 2 2 10 8 2 2 8 10 2 2 2 10 10 10 2 10 10 10 10 8 2 10 10
left_child=1 5 7 4 10 22 8 9 13 -2 -3 -12 14 21 -8 28 29 33 -16 -7 -21 -6 26 24 32 -10 30 -17 -13 -15 -1 -28 -22 -18
right_child=2 3 -4 -5 6 19 12 -9 25 -11 11 15 -14 16 18 27 17 -19 -20 20 23 -23 -24 -25 -26 -27 31 -29 -30 -31 -32 -33 -34 -35
leaf_value=-0.02117777471234198 0.016654147482031714 -0.012800077333278708 0.06799998982728106 0.032698321392321414 -0.0019656693610278042 -0.0054255577631294729 0.0048611422026157381 0.036143922106820651 0.0091475977403752042 0.028898535597182456 0.0012469551367340266 -0.012623844328496992 0.0023710555668282262 0.006116695358764892 0.0085739410111575192 -0.0064986762808600688 0.0010825295507907867 -0.004644586781258969 0.016147109357709136 -0.014776818135546313 -0.012368624826137087 -0.0077741905598513851 -0.013405865655045644 -0.012830750952501382 -0.0046548216315833012 0.0035399455073667637 -0.018430930499997094 -0.001724970696064142 -0.0077557260011977495 0.0014524915431852257 -0.01775111880927983 -0.015264674934728372 -0.010348000037392564 0.0024025535967200995
leaf_weight=147 115 174 103 102 110 100 125 118 128 105 108 116 154 102 106 159 100 170 108 144 101 113 107 175 121 101 107 104 101 104 101 181 102 100
leaf_count=147 115 174 103 102 110 100 125 118 128 105 108 116 154 102 106 159 100 170 108 144 101 113 107 175 121 101 107 104 101 104 101 181 102 100
internal_value=-0.00011045 -0.00442423 0.0367768 0.000912129 -0.000508017 -0.0136069 0.00288831 0.027262 0.000746703 0.0224981 -0.0072873 -0.00565597 0.00735398 -0.000952211 0.00961761 -0.00720913 0.000579671 -0.00119208 0.0123959 -0.0104761 -0.0112616 -0.004909 -0.0172246 -0.0102472 -0.00885173 0.00667435 -0.017987 -0.00461098 -0.010358 0.00376195 -0.0197822 -0.016441 -0.0113533 0.00174254
internal_weight=4212 3771 441 2385 2283 1386 1521 338 1028 220 762 588 493 799 339 480 576 370 214 743 643 223 643 499 324 229 536 263 217 206 248 288 203 200
internal_count=4212 3771 441 2385 2283 1386 1521 338 1028 220 762 588 493 799 339 480 576 370 214 743 643 223 643 499 324 229 536 263 217 206 248 288 203 200
is_linear=0
shrinkage=0.02


Tree=42
num_leaves=31
num_cat=0
split_feature=0 0 0 7 0 3 0 1 3 4 4 4 3 4 3 0 1 4 3 3 3 3 0 4 0 1 3 4 3 4
split_gain=1608.25 362.216 321.262 68.6985 42.6887 33.3132 21.9022 20.0483 13.0467 18.8353 26.5042 12.9919 19.1958 13.968 24.5657 11.9765 9.93805 9.97798 8.99642 6.74672 6.64384 9.80881 8.19557 6.20912 11.1903 5.10253 5.07505 3.41991 4.41549 0.956135
threshold=4.4920287302761635 1.9940662070406705 6.3931512805431927 9.5000000000000018 2.6487905746897868 66.983304992913489 0.99883632944094958 0.0062087356330281689 63.5613004123826 -0.098886721420699833 -0.15249349020856798 0.034434361799831344 64.430199146922476 -0.11022391939160929 67.192680186190671 2.3652619592951201 0.083330089215762335 -0.15052925625154237 72.372474009110519 64.219782905081232 71.542671571890594 65.157665470454887 1.3615729185801364 -0.028948872937956307 3.2447313942634826 0.062509405810894786 65.327500283874869 -0.072021478785134402 69.188331011795384 -0.058496159359732097
decision_type=10 8 10 2 10 10 10 10 10 2 2 2 8 2 10 8 10 2 10 10 10 10 10 2 10 10 10 2 10 2
left_child=1 6 5 -4 11 -2 7 29 -6 10 -10 12 -3 14 -14 -15 17 -8 23 -9 21 25 -23 -11 -25 -19 -17 -21 -29 -1
right_child=2 4 3 -5 8 -7 16 19 9 18 -12 -13 13 15 -16 26 -18 20 -20 27 -22 22 -24 24 -26 -27 -28 28 -30 -31
leaf_value=-0.0096447600647807125 0.024981099963462091 -0.0088957614998345248 0.039338287218820815 0.060466329982703168 0.010087407394019247 0.011768912915354488 -0.0040465209138008853 -0.011663845599738551 0.0053977891262842427 0.010641865252639897 -0.0089526579547489042 0.0040975237327317404 0.010377232608199121 0.0021514991538848466 -0.0033490992398983845 -0.0030375048131511318 -0.015226521599061281 -0.0041712862499354575 0.0010306437119939611 -0.014629043581668992 -0.0061990568059691262 -0.015457183597755681 -0.0096283823414108696 0.010106280126497834 0.0016372800485090647 -0.010350265538749785 -0.0081721887419852184 -0.015756371793455178 -0.020824248042817298 -0.0068790624529123301
leaf_weight=100 136 154 153 103 143 174 155 136 105 129 101 138 100 127 109 191 103 110 133 185 177 191 195 109 146 104 129 146 130 100
leaf_count=100 136 154 153 103 143 174 155 136 105 129 101 138 100 127 109 191 103 110 133 185 177 191 195 109 146 104 129 146 130 100
internal_value=-0.000108241 -0.00497749 0.031258 0.047839 0.00135755 0.0175652 -0.0112503 -0.0137423 0.00456761 0.00347587 -0.00163811 -0.00157484 -0.00254125 -0.00104949 0.00321852 -0.00304505 -0.00933131 -0.0086798 0.00551355 -0.0155783 -0.00960407 -0.0106085 -0.0125126 0.00706622 0.00525736 -0.00717415 -0.00510742 -0.0167331 -0.0181434 -0.00826191
internal_weight=4212 3646 566 256 1814 310 1832 797 866 723 206 948 810 656 209 447 1035 932 517 597 777 600 386 384 255 214 320 461 276 200
internal_count=4212 3646 566 256 1814 310 1832 797 866 723 206 948 810 656 209 447 1035 932 517 597 777 600 386 384 255 214 320 461 276 200
is_linear=0
shrinkage=0.02


Tree=43
num_leaves=32
num_cat=0
split_feature=0 0 0 7 0 3 0 0 3 4 4 4 3 4 3 0 5 4 3 3 3 3 4 0 3 3 0 4 3 4 3
split_gain=1544.56 347.872 308.54 65.978 40.9983 31.994 21.0349 17.099 12.5301 18.0894 25.4546 12.4774 18.4357 13.4149 23.5929 11.5022 9.07542 14.7191 15.2896 12.3715 8.64016 6.51898 5.96324 10.7472 4.87408 3.55061 4.72251 3.51294 4.61614 3.1448 1.34677
threshold=4.4920287302761635 1.9940662070406705 6.3931512805431927 9.5000000000000018 2.6487905746897868 66.983304992913489 0.99883632944094958 0.17915650417900955 63.5613004123826 -0.098886721420699833 -0.15249349020856798 0.034434361799831344 64.430199146922476 -0.11022391939160929 67.192680186190671 2.3652619592951201 2.5000000000000004 -0.15052925625154237 71.542671571890594 68.92974834044233 72.372474009110519 64.219782905081232 -0.028948872937956307 3.2447313942634826 65.327500283874869 65.157665470454887 1.3615729185801364 -0.072021478785134402 69.188331011795384 -0.044087761280047974 66.332776917360022
decision_type=10 8 10 2 10 10 10 10 10 2 2 2 8 2 10 8 2 2 10 10 10 10 2 10 10 10 10 2 10 2 10
left_child=1 6 5 -4 11 -2 7 30 -6 10 -10 12 -3 14 -14 -15 -8 -18 19 25 22 -9 -11 -24 -17 29 -27 -23 -29 -19 -1
right_child=2 4 3 -5 8 -7 16 21 9 20 -12 -13 13 15 -16 24 17 18 -20 -21 -22 27 23 -25 -26 26 -28 28 -30 -31 -32
leaf_value=-0.01006832047207281 0.024481478077359498 -0.0087178464306445873 0.038551521776304915 0.059257003815971244 0.0098856591507531962 0.011533534650144906 -0.013476371276392346 -0.011303413805862268 0.0052898333028978898 0.010429028012147247 -0.0087736049679910198 0.0040155729408497395 0.010169687317870558 0.0021084692249969234 -0.0032821173432770125 -0.0029767547379715943 -0.0022369644365537521 -0.0050556920449293793 -0.0036944899046353094 -0.016413729384277514 0.0010100309660700255 -0.014187259257716292 0.0099041545913990479 0.0016045346110102352 -0.0080087453317503592 -0.014336239269697199 -0.0085872882586688955 -0.015294387828301769 -0.020495136863617008 -0.0097422362438270033 -0.0067940509820928665
leaf_weight=100 136 154 153 103 143 174 163 135 105 129 101 138 100 127 109 191 134 105 148 127 133 187 109 146 129 102 130 145 129 126 101
leaf_count=100 136 154 153 103 143 174 163 135 105 129 101 138 100 127 109 191 134 105 148 127 133 187 109 146 129 102 130 145 129 126 101
internal_value=-0.000106076 -0.00487794 0.0306328 0.0468822 0.0013304 0.0172139 -0.0110253 -0.0134675 0.00447626 0.00340635 -0.00160535 -0.00154335 -0.00249042 -0.0010285 0.00315415 -0.00298414 -0.00914468 -0.00833497 -0.0094422 -0.010884 0.00540328 -0.0151687 0.00692489 0.00515222 -0.00500528 -0.0093672 -0.0111148 -0.0163006 -0.0177429 -0.00761199 -0.00842304
internal_weight=4212 3646 566 256 1814 310 1832 797 866 723 206 948 810 656 209 447 1035 872 738 590 517 596 384 255 320 463 232 461 274 231 201
internal_count=4212 3646 566 256 1814 310 1832 797 866 723 206 948 810 656 209 447 1035 872 738 590 517 596 384 255 320 463 232 461 274 231 201
is_linear=0
shrinkage=0.02


Tree=44
num_leaves=31
num_cat=0
split_feature=0 0 0 7 0 3 0 1 3 4 4 4 3 4 3 0 3 1 4 4 0 3 3 3 0 1 3 4 3 4
split_gain=1483.39 334.096 296.322 63.3653 39.3747 30.727 20.2019 18.548 12.0348 18.849 20.8468 11.9833 17.7056 12.8836 22.6586 11.0468 9.58015 9.57842 9.21282 7.50016 11.485 6.22217 6.04862 9.05918 7.68756 4.90312 4.68107 3.15322 4.06645 0.914773
threshold=4.4920287302761635 1.9940662070406705 6.3931512805431927 9.5000000000000018 2.6487905746897868 66.983304992913489 0.99883632944094958 0.0062087356330281689 63.059159530441526 -0.10340297859857094 -0.15442005462452243 0.034434361799831344 64.430199146922476 -0.11022391939160929 67.192680186190671 2.3652619592951201 72.372474009110519 0.083330089215762335 -0.15052925625154237 -0.028948872937956307 3.2447313942634826 64.219782905081232 71.542671571890594 65.157665470454887 1.3615729185801364 0.062509405810894786 65.327500283874869 -0.072021478785134402 69.188331011795384 -0.058496159359732097
decision_type=10 8 10 2 10 10 10 10 10 2 2 2 8 2 10 8 10 10 2 2 10 10 10 10 10 10 10 2 10 2
left_child=1 6 5 -4 11 -2 7 29 -6 10 -10 12 -3 14 -14 -15 19 18 -8 -11 -21 -9 23 25 -25 -20 -17 -23 -29 -1
right_child=2 4 3 -5 8 -7 17 21 9 16 -12 -13 13 15 -16 26 -18 -19 22 20 -22 27 -24 24 -26 -27 -28 28 -30 -31
leaf_value=-0.0092793818102683868 0.023991848345955503 -0.0085434893489658055 0.03778049132999739 0.058071863546569659 0.010022183931554494 0.01130286388527388 -0.0038700925924124259 -0.011204863530857598 0.0045279240761024568 0.010680829726373978 -0.0082918033468537041 0.0039352616181840064 0.0099662942126858972 0.0020662995278248634 -0.0032164750282370719 -0.0029172197722728394 0.00076701124702338824 -0.014749354945441473 -0.0039245709372176365 0.0097958028779642006 0.0012975767638453051 -0.014052717526619499 -0.0059613953218242881 -0.014850438867393317 -0.0092051778344962847 -0.0099816081135605389 -0.0078485701270690263 -0.015136521084852875 -0.019999968202784657 -0.006574167168140411
leaf_weight=100 136 154 153 103 129 174 155 136 103 139 100 138 100 127 109 191 135 103 110 111 149 185 177 191 195 104 129 146 130 100
leaf_count=100 136 154 153 103 129 174 155 136 103 139 100 138 100 127 109 191 135 103 110 111 149 185 177 191 195 104 129 146 130 100
internal_value=-0.000103955 -0.00478038 0.0300202 0.0459446 0.00130379 0.0168696 -0.0108048 -0.0131981 0.00438673 0.00340034 -0.00178721 -0.00151248 -0.00244062 -0.00100793 0.00309107 -0.00292446 0.00537239 -0.00896179 -0.00832217 0.0069306 0.00492567 -0.0149641 -0.0092103 -0.0101687 -0.0119986 -0.00686818 -0.00490517 -0.0160731 -0.0174273 -0.00792677
internal_weight=4212 3646 566 256 1814 310 1832 797 866 737 203 948 810 656 209 447 534 1035 932 399 260 597 777 600 386 214 320 461 276 200
internal_count=4212 3646 566 256 1814 310 1832 797 866 737 203 948 810 656 209 447 534 1035 932 399 260 597 777 600 386 214 320 461 276 200
is_linear=0
shrinkage=0.02


Tree=45
num_leaves=32
num_cat=0
split_feature=2 2 2 2 2 2 7 5 6 7 4 3 4 5 4 3 2 2 4 2 4 3 2 4 2 4 4 3 2 2 3
split_gain=1587.68 407.54 206.313 39.1551 39.3624 35.8414 34.2843 25.1184 36.7209 21.1885 30.2616 28.4899 23.6328 20.2051 20.0912 37.9599 18.561 13.007 13.5173 8.11377 9.20801 6.29582 10.6727 5.99193 5.29095 5.23587 4.06828 3.90926 2.74885 2.70054 1.67653
threshold=4.5277777777777786 1.8958333333333337 7.7812500000000009 3.0801282051282057 3.2899159663865549 1.2696969696969698 4.5000000000000009 4.5000000000000009 1.0000000180025095e-35 6.5000000000000009 -0.0086522307887902331 70.568204071245972 0.0013841486793739965 2.5000000000000004 -0.040985426720858552 67.532908763115799 5.9241071428571432 2.9393382352941182 0.034434361799831344 1.3923076923076925 -0.010458110045942678 70.813427629128682 3.7991071428571432 -0.10455402935012757 0.70089285714285732 -0.068650077110993662 -0.031045653493667277 70.403752395172759 0.93541666666666679 1.0294117647058825 66.93679708478389
decision_type=10 8 10 10 10 10 2 2 2 2 2 10 2 2 2 10 10 8 2 10 2 8 10 2 10 2 2 8 10 10 10
left_child=1 5 6 7 -5 24 -2 9 17 10 23 12 13 -11 15 -10 -8 18 25 -7 27 22 -6 -3 30 -9 29 -21 -28 -26 -1
right_child=2 3 -4 4 21 19 16 8 14 11 -12 -13 -14 -15 -16 -17 -18 -19 -20 20 -22 -23 -24 -25 26 -27 28 -29 -30 -31 -32
leaf_value=-0.019760991977019745 0.018916707127480895 -0.0074017763286829 0.060153990400330468 0.0151021173162153 0.0045753444111299455 -0.0044970323714449648 0.037126776602842824 0.00073833467922998931 0.010403837130288593 -0.0067042801572850591 0.0021948040137067439 0.0075822050934725438 -0.010469363922832393 0.003924407560091752 0.011344338846811779 -0.0065049531012035837 0.026045260303523221 -0.0076649312912708233 0.0065183575006509285 -0.0099074144375150691 -0.014535339010240386 0.006398018028380143 -0.004241039335508557 -0.014056048413454477 -0.014130383313710528 -0.0041196475556775844 -0.015139081988594321 -0.0050721549958285721 -0.01088228443472058 -0.018183936411967107 -0.016523772754700353
leaf_weight=110 111 100 104 140 119 127 139 176 112 113 102 137 119 195 189 101 107 105 103 198 137 108 102 118 133 179 101 101 152 130 153
leaf_count=110 111 100 104 140 119 127 139 176 112 113 102 137 119 195 189 101 107 105 103 198 137 108 102 118 133 179 101 101 152 130 153
internal_value=0.000386508 -0.00401924 0.0353649 0.00105877 0.00621996 -0.0127904 0.0281435 -0.000250365 0.00198074 -0.0026859 -0.00679663 -0.000353575 -0.00289972 2.49215e-05 0.00659778 0.00238605 0.0323068 -0.00131598 0.000139565 -0.00894568 -0.0102415 0.00244032 0.000506244 -0.0110036 -0.015569 -0.00171118 -0.0143923 -0.0082741 -0.0125816 -0.016134 -0.0178777
internal_weight=4121 3660 461 2318 469 1342 357 1849 965 884 320 564 427 308 402 213 246 563 458 563 436 329 221 218 779 355 516 299 253 263 263
internal_count=4121 3660 461 2318 469 1342 357 1849 965 884 320 564 427 308 402 213 246 563 458 563 436 329 221 218 779 355 516 299 253 263 263
is_linear=0
shrinkage=0.02


Tree=46
num_leaves=30
num_cat=0
split_feature=2 2 2 1 1 2 2 2 1 3 1 3 5 4 2 4 1 4 4 5 1 5 3 3 3 3 5 1 1
split_gain=1524.81 391.402 198.143 152.803 65.8135 46.7194 34.4227 31.1434 22.1916 21.3507 37.4629 19.1831 18.5989 14.7368 12.5992 8.67961 12.2296 8.58772 22.9123 7.98957 6.45045 4.90734 10.0221 8.96411 3.94011 3.79082 5.04254 2.40817 1.89644
threshold=4.5277777777777786 1.8958333333333337 7.7812500000000009 0.09563669280884507 0.21264377649155189 3.8229166666666674 1.2071428571428573 2.8564102564102569 0.21865721981894601 66.834196876498524 0.10261448330945096 66.733180705145614 2.5000000000000004 0.0186261988488363 4.2404761904761914 -0.0017893745924712494 0.067614877196758752 -0.048085640573622593 0.01095811229718437 4.5000000000000009 0.076936794644195949 4.5000000000000009 65.633285171585783 67.352607346713185 67.894932598111509 75.61049056171332 4.5000000000000009 0.027719981770292682 0.037049698932696808
decision_type=10 8 10 8 10 8 10 8 10 10 10 10 2 2 8 2 10 2 2 2 10 2 8 8 10 8 2 10 8
left_child=1 6 8 5 7 13 25 11 -2 10 -9 -5 -7 20 -12 16 -14 19 -19 -11 -3 23 -23 -8 -24 26 28 -28 -1
right_child=2 3 -4 4 -6 12 21 9 -10 17 14 -13 15 -15 -16 -17 -18 18 -20 -21 -22 22 24 -25 -26 -27 27 -29 -30
leaf_value=-0.012361890878066543 0.022958055906929075 -0.0042894728554261699 0.058950911016704945 -0.007011038143563071 0.020759247581546125 -0.014023127452298095 -0.01501622096704903 0.0017462063999562638 0.032959565132179049 0.0046212496136853456 0.019203721178678152 0.0030822784479620849 -0.0011543635104956864 0.0067073893828212099 0.010338193427829538 -0.010527835813991261 -0.0098326122082105956 0.012955194959796747 0.00034801202698233924 -0.0026000303109176459 0.0016795410359857464 -0.0024945598372391291 -0.012933216875977814 -0.008133946006807188 -0.0077942079617689067 -0.012175567746878817 -0.019958589385895835 -0.016502318530276949 -0.015888438377438523
leaf_weight=121 192 185 104 134 104 173 134 164 165 109 107 172 182 106 160 128 101 103 131 140 119 105 100 174 148 104 137 196 123
leaf_count=121 192 185 104 134 104 173 134 164 165 109 107 172 182 106 160 128 101 103 131 140 119 105 100 174 148 104 137 196 123
internal_value=0.000378777 -0.00393886 0.0346576 0.0010376 0.00548686 -0.00488879 -0.0125346 0.00418496 0.0275806 0.00603389 0.00926981 -0.00133767 -0.00852184 0.000286088 0.013891 -0.00620621 -0.00425155 0.00314635 0.00589733 0.000561092 -0.00195292 -0.00928332 -0.00767364 -0.0111282 -0.00986639 -0.0156903 -0.0163238 -0.0179243 -0.0141396
internal_weight=4121 3660 461 2318 1324 994 1342 1220 357 914 431 306 584 410 267 411 283 483 234 249 304 661 353 308 248 681 577 333 244
internal_count=4121 3660 461 2318 1324 994 1342 1220 357 914 431 306 584 410 267 411 283 483 234 249 304 661 353 308 248 681 577 333 244
is_linear=0
shrinkage=0.02


Tree=47
num_leaves=31
num_cat=0
split_feature=2 2 2 0 6 0 3 0 2 2 5 2 2 3 7 0 2 2 3 5 3 3 0 3 3 2 7 3 3 0
split_gain=1464.43 375.902 190.296 162.711 83.772 53.4401 39.2704 36.1 33.2143 28.7009 24.943 21.7196 20.6346 19.1284 13.3136 13.1101 10.0217 7.8225 7.53116 7.14446 7.32278 6.75045 10.2549 17.3181 8.25286 4.92277 3.60808 1.82668 1.6251 0.578337
threshold=4.5277777777777786 1.8958333333333337 7.7812500000000009 3.3592455774620356 1.0000000180025095e-35 1.9940662070406705 68.099269240919241 5.7300899422125084 1.2696969696969698 5.7595238095238104 2.5000000000000004 2.5902777777777781 3.0801282051282057 67.805975418828723 3.5000000000000004 2.5410751999865915 3.3229166666666674 1.3923076923076925 65.577510907831581 4.5000000000000009 65.887748343812845 79.930936470014231 2.5410751999865915 66.291132510141054 67.733867447727519 0.70089285714285732 9.5000000000000018 66.689031162103277 66.93679708478389 1.0817274002478789
decision_type=10 8 10 10 2 8 10 8 10 10 2 10 10 10 2 10 8 10 10 2 10 8 10 10 10 10 2 10 10 8
left_child=1 8 7 5 11 10 -6 -2 25 -9 -3 -5 21 -13 -12 -14 -16 -10 -18 -19 -21 22 24 -24 -7 28 27 -27 -1 -29
right_child=2 3 -4 4 6 12 -8 9 17 -11 14 13 15 -15 16 -17 18 19 -20 20 -22 -23 23 -25 -26 26 -28 29 -30 -31
leaf_value=-0.019039831513708288 0.018969629969529427 -0.012727736000703767 0.057771892268568853 -0.0033365197959714212 0.012017188726126083 -0.0064578682415579493 0.029215371166125381 0.039271582293916835 -0.0042146953052151805 0.024823963724754074 0.0025655062727630139 0.014344322757422924 0.011032304198557415 0.0032202909166786681 -0.0020045186235063571 0.0012778035151284365 -0.0044190735432008904 -0.012922811605525332 -0.01098993340028903 -0.0035568151221263646 -0.010457123540281769 0.0040980381170218749 0.0075109786795371251 -0.0022841318611286042 -0.00030332158441128939 -0.014468595404788606 -0.015996200362763679 -0.012439340797465037 -0.01585265936025607 -0.010299039957030576
leaf_weight=110 137 173 104 104 112 190 101 110 127 110 100 100 116 162 197 105 132 179 148 102 155 108 115 194 161 122 192 101 153 101
leaf_count=110 137 173 104 104 112 190 101 110 127 110 100 100 116 162 197 105 132 179 148 102 155 108 115 194 161 122 192 101 153 101
internal_value=0.000371202 -0.00386008 0.0339645 0.00101685 0.0102 -0.00204068 0.0201722 0.027029 -0.0122839 0.0320478 -0.00606675 0.00439651 0.00101245 0.0074661 -0.00406961 0.00639781 -0.00546062 -0.00858277 -0.00789224 -0.00985512 -0.00771848 -0.00053724 -0.00129574 0.0013613 -0.00363484 -0.0149587 -0.0138237 -0.0125363 -0.0171857 -0.0113692
internal_weight=4121 3660 461 2318 579 1739 213 357 1342 220 750 366 989 262 577 221 477 563 280 436 257 768 660 309 351 779 516 324 263 202
internal_count=4121 3660 461 2318 579 1739 213 357 1342 220 750 366 989 262 577 221 477 563 280 436 257 768 660 309 351 779 516 324 263 202
is_linear=0
shrinkage=0.02


Tree=48
num_leaves=32
num_cat=0
split_feature=2 2 2 0 2 0 0 3 2 5 2 4 4 4 0 0 3 0 3 0 1 4 0 2 4 2 4 3 1 1 3
split_gain=1406.43 361.016 182.761 156.267 65.904 51.3239 34.7196 32.6336 31.899 23.9552 19.8175 17.9568 20.6102 14.6918 13.1696 12.5909 12.5623 11.1484 9.22247 19.8516 14.4474 11.4183 7.58224 7.51273 8.80134 4.72783 3.89637 3.77566 3.48392 3.22378 1.56074
threshold=4.5277777777777786 1.8958333333333337 7.7812500000000009 3.3592455774620356 4.416666666666667 1.9940662070406705 6.9390602385858582 68.220861470117867 1.2696969696969698 2.5000000000000004 3.0801282051282057 -0.059474970199313165 -0.13089523010763496 0.021488187358797196 2.5235784428554342 2.5410751999865915 66.877424454102851 5.7300899422125084 65.090308756094331 1.4510095537268637 0.056473639930234493 -0.038133789235088845 3.9661617072336321 1.3923076923076925 -0.010458110045942678 0.70089285714285732 -0.031045653493667277 70.403752395172759 0.039887952113385118 0.043112107903242318 66.93679708478389
decision_type=10 8 10 10 8 8 10 10 10 2 10 2 2 2 10 10 10 8 10 10 10 2 10 10 2 10 2 8 10 8 10
left_child=1 8 6 5 16 9 17 -6 25 -3 11 12 -7 14 -13 -12 -5 -2 20 21 -11 -20 -18 -10 27 30 29 -25 -28 -27 -1
right_child=2 3 -4 4 7 10 -8 -9 23 18 15 13 -14 -15 -16 -17 22 -19 19 -21 -22 -23 -24 24 -26 26 28 -29 -30 -31 -32
leaf_value=-0.018659035016189922 0.018590237495054351 -0.012473181264012019 0.05661645443536914 0.010154377526351224 0.011261242653131484 0.0015802856064156482 0.036086112347976214 0.026270989824638324 -0.0041304014126337532 0.0046806254773174676 0.010811657779047202 0.001306569376220442 -0.0082774572760051044 -0.0023675661149900407 0.010470106729306282 0.0012522474054158445 0.0061088483341038228 0.027055894993899165 -0.014247480883329576 -4.6610672559056964e-06 -0.0053645023842190586 -0.0049494984589517118 -0.0011125352995456767 -0.0093397093306511955 -0.01385596024441825 -0.012977748919511214 -0.014207221501369455 -0.0045877910971567773 -0.0095103482174054357 -0.017407901412703927 -0.015535606169233137
leaf_weight=110 137 173 104 107 125 152 106 108 127 103 116 146 192 168 110 105 100 114 112 133 129 100 139 198 137 128 122 101 131 135 153
leaf_count=110 137 173 104 107 125 152 106 108 127 103 116 146 192 168 110 105 100 114 112 133 129 100 139 198 137 128 122 101 131 135 153
internal_value=0.000363778 -0.00378288 0.0332852 0.000996509 0.009996 -0.00199987 0.0264884 0.0182186 -0.0120382 -0.00594542 0.000992204 -0.000526496 -0.00392171 0.00222811 0.00524403 0.00626986 0.00445885 0.0224352 -0.00398822 -0.0060617 -0.000904812 -0.00986164 0.00190896 -0.00841111 -0.00965802 -0.0146596 -0.0135472 -0.00773455 -0.0117752 -0.0152518 -0.016842
internal_weight=4121 3660 461 2318 579 1739 357 233 1342 750 989 768 344 424 256 221 346 251 577 345 232 212 239 563 436 779 516 299 253 263 263
internal_count=4121 3660 461 2318 579 1739 357 233 1342 750 989 768 344 424 256 221 346 251 577 345 232 212 239 563 436 779 516 299 253 263 263
is_linear=0
shrinkage=0.02


Tree=49
num_leaves=31
num_cat=0
split_feature=2 2 2 0 2 0 0 2 2 5 1 0 2 7 5 0 7 0 2 1 7 5 0 0 7 2 2 7 1 1
split_gain=1350.74 346.72 175.523 151.574 73.8556 70.9607 33.3447 30.7087 25.4381 15.5643 14.9318 17.9373 19.2231 11.2662 10.8348 10.7069 8.20235 9.32659 6.85556 6.3943 14.5769 4.45992 10.4837 6.18145 5.60905 3.19508 3.35259 2.28286 2.15769 1.00806
threshold=4.5277777777777786 1.8958333333333337 7.7812500000000009 4.0960900332164334 4.416666666666667 2.1134338645827895 6.9390602385858582 1.2071428571428573 3.8229166666666674 2.5000000000000004 0.16122650703295627 3.0307702808145192 3.0801282051282057 8.5000000000000018 4.5000000000000009 5.7300899422125084 12.500000000000002 2.4597665863193412 2.710084033613446 0.10720095234576736 1.5000000000000002 4.5000000000000009 1.0778909334811868 1.0374127247080713 8.5000000000000018 0.70089285714285732 1.0294117647058825 6.5000000000000009 0.064964276035084048 0.029622339929940646
decision_type=10 8 10 10 8 8 10 10 8 2 10 10 10 2 2 8 2 8 10 10 2 2 10 8 2 10 10 2 10 8
left_child=1 7 6 5 -5 8 15 25 18 -10 11 12 16 -11 -13 -2 17 -7 28 20 -19 23 -23 -9 -24 29 27 -27 -3 -1
right_child=2 3 -4 4 -6 10 -8 21 9 13 -12 14 -14 -15 -16 -17 -18 19 -20 -21 -22 22 24 -25 -26 26 -28 -29 -30 -31
leaf_value=-0.017729309160906571 0.018218432734482478 -0.0011513928746405458 0.0554841248676754 0.0050748154314280277 0.024890705108803386 0.0036447240644187297 0.035364390001786032 -0.014313700709517601 -0.013099005558588625 -0.0021837456411989043 -0.00480576857814396 0.011193030173616374 0.0074222703499695923 -0.0092600274129220148 0.0036953543920823363 0.026514776869954768 0.0045277091195048006 0.00054775750986090649 0.003085517967289144 0.00081766144089076825 -0.0091415206168560265 -0.0021690007800285798 -0.012346040839116081 -0.0083883973889534915 -0.0062051493115723132 -0.010414434281133471 -0.016162174243557578 -0.01407736427477888 -0.0051826889753931816 -0.0152527278982676
leaf_weight=133 137 112 104 164 139 106 106 109 169 179 110 136 158 181 178 114 108 111 110 115 141 113 131 199 109 126 144 148 101 130
leaf_count=133 137 112 104 164 139 106 106 109 169 179 110 136 158 181 178 114 108 111 110 115 141 113 131 199 109 126 144 148 101 130
internal_value=0.000356502 -0.00370722 0.0326195 0.000976579 0.0141653 -0.00100663 0.0259586 -0.0117974 -0.00539165 -0.00809204 0.00220578 0.00293823 0.00123671 -0.00574154 0.00694276 0.0219865 -0.00044542 -0.00158093 -0.000969042 -0.00309025 -0.00487362 -0.00872659 -0.00719204 -0.0104853 -0.00955705 -0.0147781 -0.0136914 -0.012393 -0.00306295 -0.0165051
internal_weight=4121 3660 461 2318 303 2015 357 1342 852 529 1163 1053 739 360 314 251 581 473 323 367 252 661 353 308 240 681 418 274 213 263
internal_count=4121 3660 461 2318 303 2015 357 1342 852 529 1163 1053 739 360 314 251 581 473 323 367 252 661 353 308 240 681 418 274 213 263
is_linear=0
shrinkage=0.02


Tree=50
num_leaves=34
num_cat=0
split_feature=2 2 0 0 1 4 2 3 2 2 4 0 3 3 3 4 1 0 3 0 1 0 4 4 2 4 1 2 2 3 0 1 3
split_gain=1324.13 339.609 222.674 114.929 64.2263 60.0393 27.7327 27.6626 26.5898 19.6176 20.5431 25.5076 19.4781 15.8909 14.3303 12.7483 18.9548 14.1185 11.0652 27.2772 12.1592 9.74246 9.62972 6.43809 11.4913 9.16615 6.955 8.58058 4.00032 1.89291 1.56755 1.44502 0.907203
threshold=4.6333333333333337 1.9198717948717952 5.5174213532283645 6.3931512805431927 0.09563669280884507 -0.037236249076214679 1.2071428571428573 61.566713301243901 3.0294117647058827 3.4807692307692313 -0.17740386989640405 3.7158832183706596 69.605894863502542 66.877424454102851 72.674871533362122 -0.059474970199313165 0.10410560457616581 2.8179886567599257 67.894932598111509 1.4113916979848709 0.040153734757672893 1.6652066715988549 -0.0017893745924712494 -0.013520533981409988 1.5166666666666668 -0.046836570986180381 0.047625050695993536 1.5358974358974362 0.90416666666666679 70.958133981371176 1.0239972294360624 0.042509612164062134 66.151957174227022
decision_type=10 8 10 8 8 2 10 10 10 10 2 10 10 10 10 2 10 10 10 10 10 10 2 2 10 2 8 10 10 10 10 8 10
left_child=1 6 4 13 7 -5 28 -3 14 10 -6 15 -13 -2 18 16 -12 22 20 -20 -9 -22 -17 25 -25 26 -8 -28 29 31 -30 32 -1
right_child=3 2 -4 5 9 -7 23 8 -10 -11 11 12 -14 -15 -16 17 -18 -19 19 -21 21 -23 -24 24 -26 -27 27 -29 30 -31 -32 -33 -34
leaf_value=-0.01428985910188584 0.026314853170456797 -0.012379769050834964 0.029686706719336813 0.050128467381276465 -0.0066552723785944746 0.030642392786861469 -0.013543896008039189 0.0021675652545849675 0.0058165768221912217 0.0088185861501278301 0.003502127316858724 0.0029725056026751796 0.014457924898891222 0.01514871638379991 0.0012352562875493423 -0.0050730015168135812 -0.0073856620496994107 0.0064941873637526628 -0.016379511986968215 -0.0025678831133675779 -0.0094576117378118978 -0.0016937920413279939 0.0030107476722126404 -0.0078640678728429166 -0.016759814064062777 -0.002445151865814287 -0.010985647712874672 -0.0038251299772125024 -0.014172347995722406 -0.013731531386375426 -0.010689508076012136 -0.01832998606466478 -0.016894700745923804
leaf_weight=105 104 149 101 135 113 119 107 103 117 165 107 135 105 100 143 110 159 198 111 118 143 118 127 130 105 101 138 130 107 125 100 124 109
leaf_count=105 104 149 101 135 113 119 107 103 117 165 107 135 105 100 143 110 159 198 111 118 143 118 127 130 105 101 138 130 107 125 100 124 109
internal_value=-5.98667e-05 -0.00402768 0.000643304 0.0320205 -0.000677445 0.0409992 -0.0118814 -0.00442873 -0.00303986 0.00240606 0.0014022 0.00236978 0.00799738 0.0208413 -0.00444775 0.000443069 -0.00300599 0.00255215 -0.00581818 -0.0092626 -0.00365123 -0.00594753 -0.000741203 -0.00913017 -0.0118388 -0.00779295 -0.00923329 -0.00751226 -0.0148011 -0.0158344 -0.0124898 -0.0166121 -0.0156166
internal_weight=4161 3703 2322 458 2221 254 1381 1002 853 1219 1054 941 240 204 736 701 266 435 593 229 364 261 237 711 235 476 375 268 670 463 207 338 214
internal_count=4161 3703 2322 458 2221 254 1381 1002 853 1219 1054 941 240 204 736 701 266 435 593 229 364 261 237 711 235 476 375 268 670 463 207 338 214
is_linear=0
shrinkage=0.02


Tree=51
num_leaves=33
num_cat=0
split_feature=2 2 1 2 2 2 1 2 2 5 1 1 1 6 1 4 7 1 4 1 1 7 2 4 7 2 7 2 4 5 4 1
split_gain=1271.69 326.161 162.432 117.564 96.114 55.0536 35.6429 26.6345 21.9561 19.5228 19.8005 16.4986 11.8645 11.1594 31.9278 15.6791 17.2461 14.6634 8.04358 6.77777 16.544 9.13214 18.8539 6.18314 11.9933 11.0363 6.39182 3.84191 2.3973 2.39352 1.37098 1.31826
threshold=4.6333333333333337 1.9198717948717952 0.18401823067505133 2.0312500000000004 7.7812500000000009 2.710084033613446 0.073039396239588619 1.2071428571428573 5.572916666666667 2.5000000000000004 0.027719981770292682 0.22835685867585015 0.050692721051851741 1.0000000180025095e-35 0.14760410073043645 -0.01673992046836913 5.5000000000000009 0.11623827600555216 -0.034745084218850579 0.071428616133731318 0.09563669280884507 10.500000000000002 3.1937500000000005 -0.013520533981409988 11.500000000000002 1.5166666666666668 2.5000000000000004 0.90416666666666679 -0.087734142384116975 4.5000000000000009 -0.031045653493667277 0.03019409448139258
decision_type=10 8 10 10 10 10 8 10 10 2 10 8 10 2 8 2 2 10 2 10 10 2 10 2 2 10 2 10 2 2 2 8
left_child=1 7 5 -4 8 6 9 27 -2 -3 -11 -10 -12 14 17 16 -15 18 -8 -7 -21 22 -22 24 26 -25 -9 29 -28 -1 -29 -31
right_child=4 2 3 -5 -6 19 13 23 11 10 12 -13 -14 15 -16 -17 -18 -19 -20 20 21 -23 -24 25 -26 -27 28 30 -30 31 -32 -33
leaf_value=-0.013638586018517701 0.019841847054492264 -0.013109127948220991 0.033024950802238606 0.0025093529196363864 0.04767622697946023 0.0077426752198759153 0.00086438634416513289 -0.0051878130147760774 0.024348799932894169 0.0029486257669643734 -0.011561497222366077 0.03544396360363581 -0.0039544562156302761 -0.0079517893887618013 -0.01263699163821779 0.0062352008276782139 0.0021710705364856755 0.0062476374778263977 -0.0068079850773016615 -0.0041374717336499466 0.01269276087905746 5.0061276581670558e-05 0.0018713885714239675 -0.0077067864995736344 -0.0017058637520333507 -0.016424617756867693 -0.012490208158042373 -0.013844249520983015 -0.0085613075397908689 -0.017898981150458841 -0.010588607695318906 -0.015208263407937057
leaf_weight=171 133 151 101 101 110 147 114 106 102 102 140 113 198 102 103 177 198 106 105 106 120 112 139 130 106 105 164 105 100 153 102 139
leaf_count=171 133 151 101 101 110 147 114 106 102 102 140 113 198 102 103 177 198 106 105 106 120 112 139 130 106 105 164 105 100 153 102 139
internal_value=-5.86693e-05 -0.00394713 0.000630438 0.0177672 0.0313801 -0.0010024 -0.00308392 -0.0116438 0.0262291 -0.00690408 -0.00477462 0.0301802 -0.0071053 -0.000589214 -0.00293378 0.00151451 -0.0012707 0.000141388 -0.00281415 0.00398792 0.00283079 0.00482173 0.00688515 -0.00894757 -0.00763709 -0.011602 -0.00933631 -0.014505 -0.011002 -0.0155177 -0.01224 -0.0166181
internal_weight=4161 3703 2322 202 458 2120 1496 1381 348 591 440 215 338 905 428 477 300 325 219 624 477 371 259 711 476 235 370 670 264 463 207 292
internal_count=4161 3703 2322 202 458 2120 1496 1381 348 591 440 215 338 905 428 477 300 325 219 624 477 371 259 711 476 235 370 670 264 463 207 292
is_linear=0
shrinkage=0.02


Tree=52
num_leaves=32
num_cat=0
split_feature=2 2 1 2 2 2 1 2 2 5 1 3 1 1 1 3 3 1 2 3 3 7 3 1 1 7 2 5 3 7 1
split_gain=1221.33 313.245 156 112.909 92.3079 52.8735 34.2314 25.5798 21.0866 18.7497 19.0164 16.8646 25.9453 15.8453 12.5368 11.9257 19.4519 11.3946 10.5921 11.4867 10.0283 9.76821 5.20466 7.86798 10.4515 4.82246 3.68977 2.29873 3.20431 1.51631 0.63414
threshold=4.6333333333333337 1.9198717948717952 0.18401823067505133 2.0312500000000004 7.7812500000000009 2.710084033613446 0.073039396239588619 1.2071428571428573 5.572916666666667 2.5000000000000004 0.027719981770292682 67.352607346713185 0.10931057897219161 0.22835685867585015 0.12736950014256096 61.671203661728306 65.577510907831581 0.050692721051851741 3.4807692307692313 70.522219282383517 77.00522429939619 8.5000000000000018 72.955962902472578 0.066678437356833528 0.10931057897219161 8.5000000000000018 0.90416666666666679 4.5000000000000009 70.958133981371176 7.5000000000000009 0.039078269585845309
decision_type=10 8 10 10 10 10 8 10 10 2 10 8 10 8 8 10 10 10 10 10 8 2 10 8 8 2 10 2 8 2 10
left_child=1 7 5 -4 8 6 9 26 -2 -3 -11 12 21 -10 25 -7 -17 -12 19 -18 -16 -8 23 29 -25 -13 27 -1 -29 -9 -28
right_child=4 2 3 -5 -6 15 11 22 13 10 17 14 -14 -15 20 16 18 -19 -20 -21 -22 -23 -24 24 -26 -27 30 28 -30 -31 -32
leaf_value=-0.013365814291942887 0.019445010335149622 -0.01284694533967814 0.032364451327167525 0.0024591660512482175 0.046722702127966018 -0.0022743378428052752 -0.012786449711878324 -0.010043045627204953 0.023861823954948173 0.0028896533495143934 -0.01133026712161622 0.0078140376811990375 0.001771204421238508 0.034735084012546373 -0.0043119133610254644 0.012207001294475049 0.0041270502113065748 -0.0038753670691089198 0.0080271112495454173 -0.0041715112950550309 0.0037426677506928355 -0.004288848899958426 -0.0045388962445780633 -0.0040456538032911365 -0.012058598071481417 0.0020811315848727092 -0.013096858601157483 -0.017832417674165556 -0.013447727540743004 -0.012765631584725419 -0.010882885553874075
leaf_weight=171 133 151 101 101 110 104 103 148 102 102 140 130 192 113 157 120 172 198 119 109 102 114 100 177 103 107 104 189 103 183 103
leaf_count=171 133 151 101 101 110 104 103 148 102 102 140 130 192 113 157 120 172 198 119 109 102 114 100 177 103 107 104 189 103 183 103
internal_value=-5.74959e-05 -0.00386819 0.00061783 0.0174118 0.0307525 -0.000982351 -0.00302224 -0.0114109 0.0257045 -0.006766 -0.00467913 -0.00057743 -0.00358401 0.0295766 0.00190179 0.00390816 0.00514466 -0.0069632 0.00302596 0.000908035 -0.00113984 -0.00832227 -0.00876862 -0.00946088 -0.00699327 0.00522576 -0.0142149 -0.0152073 -0.0162858 -0.0115483 -0.0119952
internal_weight=4161 3703 2322 202 458 2120 1496 1381 348 591 440 905 409 215 496 624 520 338 400 281 259 217 711 611 280 237 670 463 292 331 207
internal_count=4161 3703 2322 202 458 2120 1496 1381 348 591 440 905 409 215 496 624 520 338 400 281 259 217 711 611 280 237 670 463 292 331 207
is_linear=0
shrinkage=0.02


Tree=53
num_leaves=34
num_cat=0
split_feature=2 2 0 0 4 1 3 2 2 2 4 0 3 3 3 4 1 4 1 3 0 1 0 4 7 2 0 1 2 7 4 4 0
split_gain=1172.97 300.84 201.635 105.521 57.9924 57.0619 26.1404 24.5668 23.904 18.5074 19.497 23.4332 18.9291 15.5416 13.5539 12.1334 18.7798 13.6361 17.7886 10.8421 25.5379 11.8213 9.11493 5.9457 11.5517 10.5574 7.45693 6.45819 3.54366 2.18603 1.98972 2.1107 1.47627
threshold=4.6333333333333337 1.9198717948717952 5.5174213532283645 6.3931512805431927 -0.037236249076214679 0.09563669280884507 61.566713301243901 1.2071428571428573 3.0294117647058827 3.4807692307692313 -0.17740386989640405 3.7158832183706596 69.605894863502542 66.877424454102851 72.674871533362122 -0.059474970199313165 0.10410560457616581 0.014379051958111578 0.11015974520124101 67.894932598111509 1.4113916979848709 0.040153734757672893 1.6652066715988549 -0.013520533981409988 11.500000000000002 1.5166666666666668 1.5040191737863942 0.048292485090007421 0.90416666666666679 2.5000000000000004 -0.099940705696858131 0.0249931107314551 1.0239972294360624
decision_type=10 8 10 8 2 8 10 10 10 10 2 10 10 10 10 2 10 2 10 10 10 10 10 2 2 10 10 8 10 2 2 2 10
left_child=1 7 5 13 -5 6 -3 28 14 10 -7 15 -13 -2 19 16 -12 18 -17 21 -21 -8 -23 24 26 -25 27 -9 29 -1 -31 -32 -30
right_child=3 2 -4 4 -6 9 8 23 -10 -11 11 12 -14 -15 -16 17 -18 -19 -20 20 -22 22 -24 25 -26 -27 -28 -29 32 30 31 -33 -34
leaf_value=-0.01228488074541092 0.024838615369338256 -0.011916386809750091 0.028242755986676357 0.047713100522722089 0.028562075041484933 -0.0065695574180742282 0.0023776024666691685 -0.010344288276454198 0.0055601534037253795 0.0084835350089283151 0.003489135478353389 0.0026630387477300788 0.013985461087808721 0.013795895971357823 0.0013549261651216791 0.00037357861147029324 -0.007348286870913873 -0.0016062976864398158 0.011138774571245758 -0.015800559486153429 -0.0024365100235494751 -0.0090191148664430683 -0.0015094941816592622 -0.0073864449027639173 -0.0014871715184933735 -0.01591303440850849 -0.012472872201568719 -0.0035173084633424879 -0.013388124308853507 -0.013271928510619599 -0.017981073597446086 -0.01427708678841591 -0.010008209805749358
leaf_weight=100 104 149 101 135 119 113 103 103 117 165 107 135 105 100 143 128 159 189 118 111 118 143 118 130 106 105 147 120 107 103 160 100 100
leaf_count=100 104 149 101 135 119 113 103 103 117 165 107 135 105 100 143 128 159 189 118 111 118 143 118 130 106 105 147 120 107 103 160 100 100
internal_value=-5.6346e-05 -0.00379082 0.000605473 0.0301375 0.0387408 -0.000651333 -0.00418721 -0.0111827 -0.00283709 0.0022551 0.00128006 0.00222269 0.0076166 0.0194255 -0.00417198 0.000375982 -0.00298887 0.00243357 0.00553737 -0.00550477 -0.00891428 -0.00335978 -0.00562396 -0.00859325 -0.00730817 -0.0111962 -0.00897581 -0.00667058 -0.0139306 -0.0149032 -0.0156245 -0.0165565 -0.0117553
internal_weight=4161 3703 2322 458 254 2221 1002 1381 853 1219 1054 941 240 204 736 701 266 435 246 593 229 364 261 711 476 235 370 223 670 463 363 260 207
internal_count=4161 3703 2322 458 254 2221 1002 1381 853 1219 1054 941 240 204 736 701 266 435 246 593 229 364 261 711 476 235 370 223 670 463 363 260 207
is_linear=0
shrinkage=0.02


Tree=54
num_leaves=33
num_cat=0
split_feature=2 2 0 0 4 1 3 2 2 2 4 0 3 3 4 1 4 1 0 4 1 3 4 2 4 1 2 2 3 1 0 3
split_gain=1126.52 288.927 193.65 101.342 55.6959 54.8022 25.1052 23.594 23.0454 17.7745 18.7249 22.5052 18.1795 14.9261 11.6529 18.0361 13.0961 17.0841 8.51407 18.4037 13.9442 11.2149 5.71025 10.1393 8.62474 6.517 8.29394 3.40333 1.75649 1.46939 1.41781 0.859252
threshold=4.6333333333333337 1.9198717948717952 5.5174213532283645 6.3931512805431927 -0.037236249076214679 0.09563669280884507 61.566713301243901 1.2071428571428573 2.6339285714285716 3.4807692307692313 -0.17740386989640405 3.7158832183706596 69.605894863502542 66.877424454102851 -0.059474970199313165 0.10410560457616581 0.014379051958111578 0.11015974520124101 1.459766586319341 -0.10340297859857094 0.031733955624290787 67.733867447727519 -0.013520533981409988 1.5166666666666668 -0.046836570986180381 0.047625050695993536 1.5358974358974362 0.90416666666666679 70.958133981371176 0.042509612164062134 1.0239972294360624 66.151957174227022
decision_type=10 8 10 8 2 8 10 10 10 10 2 10 10 10 2 10 2 10 10 2 10 10 2 10 2 8 10 10 10 8 10 10
left_child=1 7 5 13 -5 6 -3 27 18 10 -7 14 -13 -2 15 -12 17 -16 19 -8 -21 -20 24 -24 25 -9 -27 28 29 31 -29 -1
right_child=3 2 -4 4 -6 9 8 22 -10 -11 11 12 -14 -15 16 -17 -18 -19 21 20 -22 -23 23 -25 -26 26 -28 30 -30 -31 -32 -33
leaf_value=-0.013059239756493342 0.024341842711258391 -0.011678058970214164 0.027677900463637741 0.046758838556430961 0.027990833309815586 -0.006438166461884976 -0.012913437163593567 -0.012731832242527297 0.0032383444783638938 0.0083138642882730693 0.0034193527892614917 0.0026097781100758799 0.013705752323071162 0.013519978058338164 0.00036610724011552518 -0.007201321078640111 -0.0015741717975054467 0.010915999118696456 -0.0066383145931290426 0.0023067064255475997 -0.0074572439022454707 0.0012900756536161199 -0.0072387160023387812 -0.015594773616464367 -0.0019745533420971713 -0.010308092727555314 -0.00326818888892348 -0.013120361984333145 -0.012579472312927248 -0.017086613776703036 -0.0098080456260591746 -0.015594305685900768
leaf_weight=105 104 149 101 135 119 113 123 107 196 165 107 135 105 100 128 159 189 118 123 100 141 170 130 105 101 138 130 107 125 124 100 109
leaf_count=105 104 149 101 135 119 113 123 107 196 165 107 135 105 100 128 159 189 118 123 100 141 170 130 105 101 138 130 107 125 124 100 109
internal_value=-5.52191e-05 -0.00371501 0.000593363 0.0295347 0.037966 -0.000638306 -0.00410346 -0.0109591 -0.00278035 0.00221 0.00125446 0.00217823 0.00746427 0.019037 0.000368462 -0.0029291 0.0023849 0.00542662 -0.00457588 -0.00661855 -0.00340581 -0.00203822 -0.00842138 -0.0109723 -0.00716201 -0.00855917 -0.00689321 -0.013652 -0.0146051 -0.0153543 -0.0115202 -0.0143505
internal_weight=4161 3703 2322 458 254 2221 1002 1381 853 1219 1054 941 240 204 701 266 435 246 657 364 241 293 711 235 476 375 268 670 463 338 207 214
internal_count=4161 3703 2322 458 254 2221 1002 1381 853 1219 1054 941 240 204 701 266 435 246 657 364 241 293 711 235 476 375 268 670 463 338 207 214
is_linear=0
shrinkage=0.02


Tree=55
num_leaves=32
num_cat=0
split_feature=0 0 0 0 7 3 0 6 0 3 3 0 1 1 3 3 1 0 5 0 3 3 3 7 3 0 7 7 7 7 3
split_gain=1117.62 229.552 145.769 43.0156 35.26 18.8281 18.6292 13.7718 12.6023 27.5816 21.041 13.8031 12.3392 20.2863 10.5247 9.87894 8.8192 8.46194 9.90248 6.61681 6.3247 5.32646 8.64744 4.66775 4.02731 3.7452 4.19755 4.4371 3.17265 2.88723 2.601
threshold=5.6360137574774472 2.1134338645827895 8.3679617311642946 4.3229979250387425 9.5000000000000018 66.877424454102851 1.4510095537268637 1.0000000180025095e-35 2.5948430093919619 66.443276747991604 69.142558491087513 3.0791767852357932 0.16122650703295627 0.12347836619299694 62.526558676822738 64.704259152214192 0.077557928418083816 2.2024003127838609 4.5000000000000009 0.7230101739017597 66.101099462234217 70.813427629128682 67.300669384425873 5.5000000000000009 72.300852234904738 1.1155935225428522 4.5000000000000009 9.5000000000000018 8.5000000000000018 7.5000000000000009 68.099269240919241
decision_type=10 8 10 10 2 10 10 2 10 8 10 10 10 10 10 10 10 10 2 10 10 10 10 2 10 10 2 2 2 2 10
left_child=1 6 4 8 -2 -5 7 14 9 -3 12 -12 13 -10 -1 -9 21 18 -11 23 -18 22 -8 -16 -13 26 -21 -28 -15 -27 -25
right_child=2 3 -4 5 -6 -7 16 15 10 17 11 24 -14 28 19 -17 20 -19 -20 25 -22 -23 -24 30 -26 29 27 -29 -30 -31 -32
leaf_value=-0.0054390999048741333 0.018986486509258365 -0.0082675576074847153 0.052284359428177184 0.015705769976734049 0.033865519146124526 0.0043490769005701188 -0.0021934981324842999 -0.010614002962131053 0.001763303957508915 -0.0010109600281486145 -0.0064457549543367881 -0.001035845469062527 -0.0011806931110833762 0.013049617159900002 -0.010007886860735161 -0.0028407416788851303 -0.0051955987769179051 -0.0028161531292468485 0.0055500393693040289 -0.011725943659681199 -0.011628917585899177 5.2850809869979907e-05 -0.009349672257222913 -0.016827602528390433 0.004414860747649141 -0.014262147818454633 -0.0038384503408227691 -0.0096948330477332166 0.0081402496829407651 -0.0096109074233598751 -0.012839222861563457
leaf_weight=144 162 175 109 112 105 122 175 100 196 169 139 111 109 110 121 189 128 171 202 101 117 121 110 126 106 102 104 103 101 112 136
leaf_count=144 162 175 109 112 105 122 175 100 196 169 139 111 109 110 121 189 128 171 202 101 117 121 110 126 106 102 104 103 101 112 136
internal_value=-0.000102659 -0.00334749 0.0327944 0.00177898 0.0248378 0.00978476 -0.0080461 -0.00939622 0.000600027 -0.0013642 0.00221511 -0.00152518 0.00479561 0.00639614 -0.0104612 -0.00553045 -0.0052712 0.000864748 0.00256134 -0.0112603 -0.00826784 -0.00346288 -0.00495553 -0.0132568 0.00162671 -0.00979549 -0.0083834 -0.0067525 0.0106996 -0.0118279 -0.0147573
internal_weight=4188 3812 376 1823 267 234 1989 1338 1589 717 872 356 516 407 1049 289 651 542 371 905 245 406 285 383 217 522 308 207 211 214 262
internal_count=4188 3812 376 1823 267 234 1989 1338 1589 717 872 356 516 407 1049 289 651 542 371 905 245 406 285 383 217 522 308 207 211 214 262
is_linear=0
shrinkage=0.02


Tree=56
num_leaves=32
num_cat=0
split_feature=0 0 0 0 7 4 4 0 0 7 4 4 0 3 4 6 3 3 4 3 4 0 4 7 0 4 4 4 7 3 4
split_gain=1073.36 220.462 139.997 41.3122 33.8637 22.3387 19.5642 17.8915 15.4774 19.6908 22.1399 14.1799 19.3047 19.2285 24.4921 13.2264 10.7468 10.1079 9.57455 9.48774 8.66729 8.00695 9.32186 7.53112 6.35479 6.35592 5.68202 4.78415 4.48291 3.7351 3.23101
threshold=5.6360137574774472 2.1134338645827895 8.3679617311642946 4.3229979250387425 9.5000000000000018 -0.19776363563141799 -0.024596338942595698 1.4510095537268637 3.135262770297953 10.500000000000002 -0.0017893745924712494 0.05607748346348259 2.9742871780525504 66.733180705145614 -0.11022391939160929 1.0000000180025095e-35 71.929425013320227 62.526558676822738 0.034434361799831344 64.704259152214192 -0.019766951844328851 1.8187673686889199 -0.086701570251503893 7.5000000000000009 0.7230101739017597 -0.1282969402870294 -0.040985426720858552 -0.056657084406067031 5.5000000000000009 67.859557568809279 -0.014327069934594889
decision_type=10 8 10 10 2 2 2 10 10 2 2 2 10 8 2 2 8 10 2 10 2 10 2 2 10 2 2 2 2 10 2
left_child=1 7 4 5 -2 -3 -5 15 11 10 -10 12 13 26 -15 17 -16 -1 21 -17 -18 23 -23 -9 28 -26 -7 -27 -19 -29 -30
right_child=2 3 -4 6 -6 8 -8 18 9 -11 -12 -13 -14 14 16 19 20 24 -20 -21 -22 22 -24 -25 25 27 -28 29 30 -31 -32
leaf_value=-0.0053303178945659771 0.018606756848317606 -0.0074235422458150428 0.051238671404719702 0.014584811516279883 0.033188209018536974 -0.0076507373085661122 0.0028947615604847671 -0.0081100697223754487 0.011665294643471149 -0.0016392213669383809 0.00063882651561313151 0.006307773360310763 -0.0085339051921270847 0.010253432297280856 0.0038717160490067564 -0.010401722706342115 -0.0056231096021304508 -0.009807728959386015 1.5974148130840344e-05 -0.0027839268974112299 0.0019484653522027656 -0.0045985505308235586 -0.012099690346072453 -0.0011889131580658326 -0.0050660139812156559 -0.013761978904401664 -0.0013397924738711919 -0.0066480499844792798 -0.012717171406120428 -0.011248112240595355 -0.017289022194594147
leaf_weight=144 162 128 109 134 105 121 100 102 183 147 121 122 117 119 170 100 153 121 117 189 100 120 148 164 100 136 108 127 162 159 100
leaf_count=144 162 128 109 134 105 121 100 102 183 147 121 122 117 119 170 100 153 121 117 189 100 120 148 164 100 136 108 127 162 159 100
internal_value=-0.000100606 -0.00328054 0.0321385 0.0017434 0.024341 0.000588026 0.00958906 -0.00788518 0.00128993 0.00437047 0.00727647 -8.5638e-05 -0.000964012 0.000184727 0.00223775 -0.0092083 -1.72518e-05 -0.010252 -0.00516578 -0.00541984 -0.00263039 -0.0063011 -0.00874097 -0.00384289 -0.0110351 -0.00959958 -0.0046744 -0.0106739 -0.0129917 -0.00920543 -0.0144622
internal_weight=4188 3812 376 1823 267 1589 234 1989 1461 451 304 1010 888 771 542 1338 423 1049 651 289 253 534 268 266 905 522 229 422 383 286 262
internal_count=4188 3812 376 1823 267 1589 234 1989 1461 451 304 1010 888 771 542 1338 423 1049 651 289 253 534 268 266 905 522 229 422 383 286 262
is_linear=0
shrinkage=0.02


Tree=57
num_leaves=33
num_cat=0
split_feature=2 2 2 1 1 2 4 2 1 3 3 5 1 4 4 2 4 4 6 3 3 1 3 3 3 1 4 1 4 2 4 3
split_gain=1026.95 253.807 130.992 99.1265 51.5588 32.6235 31.2451 30.2821 23.9419 22.6214 18.2454 17.4269 13.7376 8.91814 18.5328 12.0214 8.90611 12.2171 8.95968 12.1415 7.92621 7.74094 7.49815 6.05457 6.02993 4.76962 3.53447 9.07605 5.96874 3.54146 2.43009 2.2249
threshold=4.5277777777777786 2.1291666666666669 7.7812500000000009 0.10812595405630911 0.21569879067660791 3.0801282051282057 -0.06934565873640601 0.90416666666666679 0.21865721981894601 71.127647329456138 79.930936470014231 2.5000000000000004 0.12942664138722437 -0.10255454284553356 0.01095811229718437 3.3229166666666674 0.058324854518307122 0.0013841486793739965 1.0000000180025095e-35 68.061504418661812 68.000096059698578 0.069696981136956271 64.219782905081232 67.859557568809279 73.879525128037486 0.060956831725850348 -0.099940705696858131 0.061534984929071994 1.0000000180025095e-35 1.4833333333333336 -0.11990011839009472 68.411372829911343
decision_type=10 8 10 10 10 10 2 10 8 10 8 2 8 2 2 8 2 2 2 10 8 10 10 10 10 10 2 10 2 10 2 10
left_child=1 7 6 5 9 10 -2 30 -8 13 11 23 22 -5 15 -15 17 18 21 -20 -7 -13 25 -3 -11 -9 29 28 -28 -24 -1 -32
right_child=2 3 -4 4 -6 20 8 12 -10 24 -12 16 -14 14 -16 -17 -18 -19 19 -21 -22 -23 26 -25 -26 -27 27 -29 -30 -31 31 -33
leaf_value=-0.011510847533071362 0.029630164763518981 -0.013023434348651169 0.048062185417796832 0.0023260685971178033 0.01912358650077994 0.00072771776256696228 0.010406258180551232 -0.0066876893255997582 0.023760119612360825 -0.0051311953112017361 0.0039630831925965412 -0.0095325927880521005 -0.013967674915859502 0.0063202310784685389 0.0026840608480385754 0.015287310854156515 0.0019469551933766569 -0.0095861824470716457 0.0029191468444145371 -0.0052858888498676102 0.0085572245315473413 -0.0025395765355315765 -0.012740532198412853 -0.0063213715039193629 0.0017970560902342348 -0.00062602555835619569 -0.0068463822332471896 -0.0037840834010206647 -0.01258897634815107 -0.007605425880068825 -0.016341996371746065 -0.013186429567409284
leaf_weight=111 143 117 102 174 104 106 100 108 116 100 102 117 134 108 171 134 103 142 167 127 101 138 110 100 101 100 165 193 129 105 195 165
leaf_count=111 143 117 102 174 104 106 100 108 116 100 102 117 134 108 171 134 103 142 167 127 101 138 110 100 101 100 165 193 129 105 195 165
internal_value=-9.85934e-05 -0.00358175 0.0280613 0.000737576 0.00588793 -0.00274281 0.0223786 -0.00988824 0.0175778 0.00414109 -0.00409877 -0.00491213 -0.00798901 0.00612401 0.00772411 0.0112855 -0.0035394 -0.0043572 -0.00300471 -0.000625205 0.00454791 -0.00574814 -0.00710864 -0.00993493 -0.00164984 -0.00377343 -0.00809685 -0.00715392 -0.00936609 -0.0102327 -0.014098 -0.0148957
internal_weight=4188 3727 461 2212 892 1320 359 1515 216 788 1113 1011 1044 587 413 242 794 691 549 294 207 255 910 217 201 208 702 487 294 215 471 360
internal_count=4188 3727 461 2212 892 1320 359 1515 216 788 1113 1011 1044 587 413 242 794 691 549 294 207 255 910 217 201 208 702 487 294 215 471 360
is_linear=0
shrinkage=0.02


Tree=58
num_leaves=32
num_cat=0
split_feature=0 0 0 0 7 3 0 6 0 3 3 0 1 1 3 3 1 0 5 0 3 3 3 7 3 0 7 7 7 7 3
split_gain=994.739 203.046 132.024 38.034 32.3472 17.9069 16.4904 12.1673 11.4938 25.7829 19.8523 12.7912 12.1869 19.2224 9.52294 9.06674 8.527 8.17286 9.38006 5.97393 5.93872 5.13914 8.18342 4.2767 3.89864 3.64565 4.04388 4.23486 2.97462 2.7689 2.47297
threshold=5.6360137574774472 2.1134338645827895 8.3679617311642946 4.3229979250387425 9.5000000000000018 66.877424454102851 1.4510095537268637 1.0000000180025095e-35 2.5948430093919619 66.443276747991604 69.142558491087513 3.0791767852357932 0.16122650703295627 0.12347836619299694 62.526558676822738 64.704259152214192 0.077557928418083816 2.2024003127838609 4.5000000000000009 0.7230101739017597 66.101099462234217 70.813427629128682 67.300669384425873 5.5000000000000009 72.300852234904738 1.1155935225428522 4.5000000000000009 9.5000000000000018 8.5000000000000018 7.5000000000000009 68.099269240919241
decision_type=10 8 10 10 2 10 10 2 10 8 10 8 10 10 10 10 10 10 2 10 10 10 10 2 10 10 2 2 2 2 10
left_child=1 6 4 8 -2 -5 7 14 9 -3 12 -12 13 -10 -1 -9 21 18 -11 23 -18 22 -8 -16 -13 26 -21 -28 -15 -27 -25
right_child=2 3 -4 5 -6 -7 16 15 10 17 11 24 -14 28 19 -17 20 -19 -20 25 -22 -23 -24 30 -26 29 27 -29 -30 -31 -32
leaf_value=-0.0050710427088456024 0.017762654238139039 -0.0079953625449378576 0.049487594698273803 0.014965846599412285 0.032013863882848194 0.0038904497515959819 -0.0019673021287258184 -0.010083645593002439 0.001684837793689031 -0.00097527601400709894 -0.0062724980569893512 -0.0011212296677996648 -0.0013353571521733467 0.012659144379833545 -0.009395482987165452 -0.0026367781343303188 -0.004935708326520398 -0.0027833266427729564 0.0054103110148340907 -0.011104052216921113 -0.011169633318821336 0.00026531690239044262 -0.0089288272776386953 -0.015960306444811442 0.004241699005108116 -0.01360551965879459 -0.0033756296042926036 -0.0090969947157698936 0.0079054625783263159 -0.009050596157488015 -0.012071326195317157
leaf_weight=144 162 175 109 112 105 122 175 100 196 169 139 111 109 110 121 189 128 171 202 101 117 121 110 126 106 102 104 103 101 112 136
leaf_count=144 162 175 109 112 105 122 175 100 196 169 139 111 109 110 121 189 128 171 202 101 117 121 110 126 106 102 104 103 101 112 136
internal_value=-9.66216e-05 -0.00315787 0.0309392 0.00166355 0.0233671 0.00919149 -0.0075769 -0.00884715 0.000554967 -0.00132089 0.00209738 -0.00153571 0.00460394 0.00619456 -0.00984822 -0.00521355 -0.00496615 0.000834156 0.00250151 -0.0106083 -0.00791273 -0.00318804 -0.00465421 -0.0125054 0.00149845 -0.00921647 -0.00782326 -0.00622249 0.0103837 -0.0112216 -0.0139416
internal_weight=4188 3812 376 1823 267 234 1989 1338 1589 717 872 356 516 407 1049 289 651 542 371 905 245 406 285 383 217 522 308 207 211 214 262
internal_count=4188 3812 376 1823 267 234 1989 1338 1589 717 872 356 516 407 1049 289 651 542 371 905 245 406 285 383 217 522 308 207 211 214 262
is_linear=0
shrinkage=0.02


Tree=59
num_leaves=32
num_cat=0
split_feature=2 2 2 1 1 2 2 1 3 7 3 2 7 1 7 3 1 3 1 3 1 1 2 3 3 2 1 3 2 3 1
split_gain=955.589 237.432 122.355 90.9503 47.0007 31.4763 28.5426 22.5621 21.3542 28.6017 20.0061 16.6571 15.4193 14.079 11.626 9.93673 7.95195 7.06738 6.8899 5.72258 5.53203 4.49371 3.49472 3.46607 2.40131 4.17709 4.06002 4.00301 2.85853 1.57837 1.90783
threshold=4.5277777777777786 2.1291666666666669 7.7812500000000009 0.10812595405630911 0.21569879067660791 4.1125000000000007 0.90416666666666679 0.21865721981894601 71.127647329456138 6.5000000000000009 72.674871533362122 3.0801282051282057 9.5000000000000018 0.12942664138722437 3.5000000000000004 68.882969795123216 0.1354604335524405 64.219782905081232 0.051141497600779386 73.879525128037486 0.026515319035408973 0.060956831725850348 2.6651785714285716 66.443276747991604 65.838604584621081 1.3229166666666667 0.046653277682513025 71.319983282241949 1.591666666666667 64.832068266425793 0.029622339929940646
decision_type=10 8 10 10 10 8 10 8 10 2 8 10 2 8 2 10 10 10 8 10 10 10 10 10 10 10 10 10 10 10 8
left_child=1 6 7 5 8 11 29 -2 9 14 12 15 20 17 -5 22 -11 21 -14 -10 -7 -8 -3 -22 -19 26 -26 28 -27 -1 -31
right_child=2 3 -4 4 -6 10 13 -9 19 16 -12 -13 18 -15 -16 -17 -18 24 -20 -21 23 -23 -24 -25 25 27 -28 -29 -30 30 -32
leaf_value=-0.015546834191938086 0.016170752486775079 -0.0055742548132429312 0.046399438522445664 0.0063498806200382833 0.018293464088525911 -0.006231493290403102 -0.0064099223639264152 0.026226956868939912 -0.0050292972958646725 -0.0009872140118239235 0.00068424467415956973 0.0061562397826995163 -0.0071004016834194774 -0.013762930742527511 0.015385450632852871 0.003427582011252892 0.0050291020943162351 -0.010632002093451155 -0.00088359425717860656 0.0017200746940504205 -0.0094391320447359123 -0.00052620014846324918 -0.00078356797018876449 -0.014618084582686423 -0.0063438762561841442 -0.0096007380940839014 -0.011439338250535317 -0.0028187844753265381 -0.0051510494608917965 -0.014462373196369125 -0.011482706281610511
leaf_weight=127 166 147 102 102 104 101 108 193 100 158 178 175 128 134 129 119 198 101 161 101 107 100 104 100 110 116 145 115 115 168 176
leaf_count=127 166 147 102 102 104 101 108 193 100 158 178 175 128 134 129 119 198 101 161 101 107 100 104 100 110 116 145 115 115 168 176
internal_value=-9.46891e-05 -0.00345464 0.0270692 0.000723028 0.0056564 -0.00261074 -0.00955431 0.021577 0.00398857 0.00591515 -0.00520063 0.00107214 -0.00695525 -0.00771044 0.0113957 -0.0013325 0.00235894 -0.0068192 -0.00363706 -0.00163782 -0.0100688 -0.00358121 -0.00358927 -0.011941 -0.0077786 -0.00729908 -0.0092413 -0.00586768 -0.00738553 -0.0136414 -0.0129379
internal_weight=4188 3727 461 2212 892 1320 1515 359 788 587 775 545 597 1044 231 370 356 910 289 201 308 208 251 207 702 601 255 346 231 471 344
internal_count=4188 3727 461 2212 892 1320 1515 359 788 587 775 545 597 1044 231 370 356 910 289 201 308 208 251 207 702 601 255 346 231 471 344
is_linear=0
shrinkage=0.02


Tree=60
num_leaves=29
num_cat=0
split_feature=2 2 1 2 1 5 2 2 2 5 1 3 7 2 1 3 3 3 1 3 1 1 1 5 2 1 3 1
split_gain=871.431 224.761 121.417 94.3654 51.1548 48.2348 32.5996 24.7161 19.886 19.7461 13.738 10.7727 11.8654 13.4686 8.20874 9.07261 8.69716 8.12073 11.2701 10.1725 7.2359 7.07745 6.35966 5.05246 4.34671 3.62012 2.45084 0.934408
threshold=4.5277777777777786 2.1291666666666669 0.09563669280884507 6.8035714285714297 0.18401823067505133 4.5000000000000009 2.7321428571428577 1.1483516483516485 3.2899159663865549 4.5000000000000009 0.051141497600779386 66.24466807133976 10.500000000000002 3.4017857142857149 0.13048819570558703 64.219782905081232 72.955962902472578 69.004014284245713 0.067614877196758752 72.176307465186795 0.066678437356833528 0.033575128888025781 0.1354604335524405 3.5000000000000004 1.5669642857142858 0.03019409448139258 68.993585065918879 0.012261300742057626
decision_type=10 8 10 10 10 2 10 10 10 2 8 10 2 8 8 10 10 8 10 10 10 10 10 2 10 10 10 10
left_child=1 7 6 5 9 -2 10 23 -8 22 21 -11 13 -13 15 -9 20 18 -12 -19 24 -3 -4 -1 -17 27 -27 -25
right_child=3 2 4 -5 -6 -7 8 14 -10 11 17 12 -14 -15 -16 16 -18 19 -20 -21 -22 -23 -24 25 -26 26 -28 -29
leaf_value=-0.0088922707273347956 0.0089628575291108657 -0.0060073795007468244 0.005632722225598046 0.038604210143937959 0.015102368037273385 0.025751740936108908 0.0091076665480448078 -0.0022135929707437756 -0.0023838630424047164 0.0054311036404694349 -0.001924991906206641 0.0058819410578718964 -0.005882718130545854 -0.003658257323031378 -0.011611424897710094 -0.012528441218333056 -0.0026766059663891795 0.0024592215973703612 -0.0095329449556767944 -0.0056032685793581463 -0.005450121624135963 -0.011921578078722277 0.011601482832504968 -0.01364305346981803 -0.0073766293582873633 -0.0091305057198629476 -0.013307240402390216 -0.016094863692234302
leaf_weight=148 109 190 197 160 196 184 113 180 129 181 162 143 114 101 128 177 125 155 150 105 176 141 112 134 104 109 116 116
leaf_count=148 109 190 197 160 196 184 113 180 129 181 162 143 114 101 128 177 125 155 150 105 176 141 112 134 104 109 116 116
internal_value=6.78942e-05 -0.0031361 0.000960922 0.0262515 0.00589378 0.019506 -0.00353681 -0.00906365 0.00298202 0.00376538 -0.00528383 0.00145461 -0.000555856 0.00193292 -0.00692495 -0.00613773 -0.00735138 -0.00340726 -0.00558266 -0.000796784 -0.00863003 -0.00852672 0.00779616 -0.0121189 -0.0106217 -0.0131243 -0.0112838 -0.0147807
internal_weight=4155 3702 2189 453 1044 293 1145 1513 242 848 903 539 358 244 890 762 582 572 312 260 457 331 309 623 281 475 225 250
internal_count=4155 3702 2189 453 1044 293 1145 1513 242 848 903 539 358 244 890 762 582 572 312 260 457 331 309 623 281 475 225 250
is_linear=0
shrinkage=0.02


Tree=61
num_leaves=31
num_cat=0
split_feature=2 2 0 0 0 7 2 2 2 1 2 2 3 7 1 1 5 1 3 3 0 3 3 3 3 7 5 1 3 0
split_gain=836.922 215.86 136.125 96.834 58.6329 40.5059 31.0305 23.7373 18.2133 12.7829 13.992 11.139 10.5862 9.88006 26.5105 15.859 11.2448 7.88368 8.71333 8.35275 9.64907 6.78992 6.74496 6.1431 6.03179 5.48376 4.85238 3.47676 2.35379 1.0101
threshold=4.5277777777777786 2.1291666666666669 4.5780586166392263 7.2867298247270087 1.9940662070406705 7.5000000000000009 6.1270833333333341 1.1483516483516485 2.3229166666666674 0.087634889283949427 3.2613636363636371 2.8564102564102569 63.393970679451215 10.500000000000002 0.11450891679823678 0.14522476615697902 4.5000000000000009 0.13048819570558703 64.219782905081232 72.955962902472578 1.6466261821024184 66.443276747991604 62.99815632789052 71.224244625291348 69.051892460324822 5.5000000000000009 3.5000000000000004 0.03019409448139258 68.993585065918879 0.33337855441950454
decision_type=10 8 10 8 8 2 10 10 10 10 10 10 10 2 10 10 2 8 10 10 10 10 10 10 10 2 2 10 10 10
left_child=1 7 4 6 8 -4 -2 26 12 11 13 22 -3 15 -15 16 -11 18 -9 20 24 -14 -6 -23 -20 -18 -1 29 -29 -28
right_child=3 2 5 -5 9 -7 -8 17 -10 10 -12 -13 21 14 -16 -17 25 -19 19 -21 -22 23 -24 -25 -26 -27 27 28 -30 -31
leaf_value=-0.0087144251993379069 0.012620420559235146 -0.012110313263756259 0.0077386226464804374 0.036958350885272682 0.0010184712663735493 0.025608368421345951 0.026482240900258035 -0.0021693212029446538 0.00010772415795805735 0.0083293907672054787 -0.0021565385118549681 0.0045510322707566888 -0.0015325861427447072 0.0088605935480100678 -0.0039963893738539915 0.011899874564120196 0.0040972121345384102 -0.011379196299239993 -0.0084586182370678421 -0.0026230737283825874 -0.004681439417167841 -0.009891629858438165 -0.0053778286576271058 -0.0035900522622921804 -0.014454677420381075 -0.0023363351230287835 -0.01338540187248817 -0.0089478956750773508 -0.013041095787595059 -0.015954742111335293
leaf_weight=148 163 135 103 183 101 100 107 180 179 133 163 101 115 108 158 133 107 128 180 125 170 155 190 103 107 105 143 109 116 107
leaf_count=148 163 135 103 183 101 100 107 180 179 133 163 101 115 108 158 133 107 128 180 125 170 155 190 103 107 105 143 109 116 107
internal_value=6.65363e-05 -0.00307338 0.000941704 0.0257265 -0.000652832 0.0165415 0.0181138 -0.00888238 -0.00537822 0.00184627 0.00315058 -0.0011716 -0.00731126 0.0043133 0.00122374 0.00603259 0.00377071 -0.00678646 -0.00601497 -0.00720435 -0.00845743 -0.00557433 -0.00315781 -0.00737588 -0.0106941 0.000910785 -0.0118766 -0.0128618 -0.0110582 -0.0144851
internal_weight=4155 3702 2189 453 1986 203 270 1513 687 1299 907 392 508 744 266 478 345 890 762 582 457 373 291 258 287 212 623 475 225 250
internal_count=4155 3702 2189 453 1986 203 270 1513 687 1299 907 392 508 744 266 478 345 890 762 582 457 373 291 258 287 212 623 475 225 250
is_linear=0
shrinkage=0.02


Tree=62
num_leaves=32
num_cat=0
split_feature=2 2 0 0 0 7 2 2 2 4 3 3 3 0 0 0 5 4 3 3 4 3 3 0 5 3 0 0 0 4 3
split_gain=803.78 207.312 130.734 92.9994 56.311 38.9018 29.8017 22.7973 17.492 13.9612 10.167 8.3797 8.57951 20.3187 8.90169 11.4001 17.4256 8.64474 6.52104 5.89984 5.52825 7.04825 8.18873 5.85989 4.66023 4.42597 3.66243 3.08385 2.73186 1.24602 1.18434
threshold=4.5277777777777786 2.1291666666666669 4.5780586166392263 7.2867298247270087 1.9940662070406705 7.5000000000000009 6.1270833333333341 1.1483516483516485 2.3229166666666674 0.071718248032482251 63.393970679451215 61.437285656264699 71.929425013320227 3.0791767852357932 3.1793308178050865 4.0596239812352097 4.5000000000000009 -0.059474970199313165 66.443276747991604 71.224244625291348 -0.17223588066137449 64.13974800475718 72.955962902472578 1.6466261821024184 3.5000000000000004 67.678861473488368 2.6088926371945242 0.73367921933713443 2.5410751999865915 -0.058496159359732097 69.051892460324822
decision_type=10 8 10 8 8 2 10 10 10 2 10 8 10 10 8 8 2 2 10 10 2 8 10 8 2 10 10 10 8 2 10
left_child=1 7 4 6 8 -4 -2 24 10 11 -3 -6 14 -14 17 -16 -17 -13 -12 -20 -9 -22 23 25 -1 -23 -19 29 -25 -26 -29
right_child=3 2 5 -5 9 -7 -8 20 -10 -11 18 12 13 -15 15 16 -18 26 19 -21 21 22 -24 28 27 -27 -28 30 -30 -31 -32
leaf_value=-0.0085401366369144346 0.012368012243436158 -0.011868107167934929 0.0075838501698979478 0.036219183546312851 -0.004167441557434628 0.02509620092213154 0.025952596251513357 -0.010984075207424423 0.0001055695973961047 0.0082494893317400925 -0.0015019344862388529 0.0018119241425901959 -0.0066976147868337424 0.0050596154068858878 -0.0029220655922515271 -0.0025223893579982577 0.0083410533895647097 0.0050311546145007015 -0.0096937972690850013 -0.0035182512133807233 -0.0025897525228799306 -0.0076854026272892952 -0.0024741855230121339 -0.0036646512218584397 -0.012522139444819882 -0.012966218513920325 0.010444053193368018 -0.009276105203096149 -0.0080214921381996304 -0.015296524750775305 -0.012260410964488985
leaf_weight=148 163 135 103 183 108 100 107 104 179 122 115 194 137 103 195 105 135 100 155 103 179 125 122 109 117 129 100 103 122 145 110
leaf_count=148 163 135 103 183 108 100 107 104 179 122 115 194 137 103 195 105 135 100 155 103 179 125 122 109 117 129 100 103 122 145 110
internal_value=6.52055e-05 -0.00301191 0.00092287 0.025212 -0.000639776 0.0162106 0.0177515 -0.00870473 -0.00527065 0.00180935 -0.00716503 0.00114181 0.00167819 -0.0016518 0.00264225 0.000669859 0.0035883 0.00481988 -0.00546284 -0.00722837 -0.00665073 -0.00607736 -0.00710583 -0.0082709 -0.011639 -0.0103674 0.0077376 -0.0126046 -0.00596567 -0.0140576 -0.0108173
internal_weight=4155 3702 2189 453 1986 203 270 1513 687 1299 508 1177 1069 240 829 435 240 394 373 258 890 786 607 485 623 254 200 475 231 262 213
internal_count=4155 3702 2189 453 1986 203 270 1513 687 1299 508 1177 1069 240 829 435 240 394 373 258 890 786 607 485 623 254 200 475 231 262 213
is_linear=0
shrinkage=0.02


Tree=63
num_leaves=29
num_cat=0
split_feature=2 2 1 2 1 7 2 2 2 1 4 7 3 3 4 4 4 1 3 3 1 1 1 2 2 2 3 4
split_gain=771.95 199.102 108.565 85.9335 45.5569 42.409 29.364 21.8945 19.0704 12.3321 12.1605 17.8808 8.69102 22.7831 15.6351 11.3515 17.2125 7.56199 8.10063 7.71932 7.42867 6.84186 6.49585 4.16732 3.55872 4.20483 2.70848 1.30734
threshold=4.5277777777777786 2.1291666666666669 0.09563669280884507 6.8035714285714297 0.18401823067505133 5.5000000000000009 2.7321428571428577 1.1483516483516485 3.2899159663865549 0.051141497600779386 -0.0093400014096256083 6.5000000000000009 66.24466807133976 63.63269214888917 -0.1386110261911285 -0.0062668348871137902 -0.054731356978633808 0.13048819570558703 64.219782905081232 72.955962902472578 0.066678437356833528 0.033575128888025781 0.066678437356833528 1.5669642857142858 0.80625000000000013 0.93933823529411775 65.838604584621081 -0.040985426720858552
decision_type=10 8 10 10 10 2 10 10 10 8 2 2 10 10 2 2 2 8 10 10 10 10 10 10 10 10 10 2
left_child=1 7 6 5 12 -2 9 24 -8 21 11 -11 13 -4 -14 16 -16 18 -9 22 -13 -3 23 -20 26 -26 -1 -28
right_child=3 2 4 -5 -6 -7 8 17 -10 10 -12 20 14 -15 15 -17 -18 -19 19 -21 -22 -23 -24 -25 25 -27 27 -29
leaf_value=-0.015302862217892772 0.0088042300586467209 -0.0056021045835774486 0.0012274984280010324 0.036495624408358712 0.014259052434936166 0.024386615210599944 0.0088369589038522905 -0.0020541536676593952 -0.0024164451592305833 -0.0099429952776567496 0.0010400446919867625 0.0025675200605217146 -0.0043829410758792851 0.012621456107405346 0.0023701964294243799 0.00020133748581298652 0.013022159551924999 -0.011015776198182722 -0.011867614680595991 -0.0025047896981239322 -0.0048932453955058009 -0.011417037683889164 -0.0051006488989647058 -0.0068232315497544528 -0.0077490248588415293 -0.012621252556316187 -0.010003292909158128 -0.013109642951261428
leaf_weight=115 115 190 154 160 196 178 113 180 129 176 182 102 117 129 152 195 101 128 177 125 112 141 176 104 169 122 112 105
leaf_count=115 115 190 154 160 196 178 113 180 129 176 182 102 117 129 152 195 101 128 177 125 112 141 176 104 169 122 112 105
internal_value=6.39014e-05 -0.00295167 0.000904412 0.0247077 0.00556891 0.0182707 -0.00334863 -0.00853064 0.00283824 -0.00500669 -0.00322873 -0.00522083 0.00356034 0.00642121 0.00212737 0.00382761 0.00662256 -0.00651771 -0.00576213 -0.00690893 -0.00133718 -0.00807916 -0.00811356 -0.0100007 -0.0114062 -0.00979168 -0.0128214 -0.0115064
internal_weight=4155 3702 2189 453 1044 293 1145 1513 242 903 572 390 848 283 565 448 253 890 762 582 214 331 457 281 623 291 332 217
internal_count=4155 3702 2189 453 1044 293 1145 1513 242 903 572 390 848 283 565 448 253 890 762 582 214 331 457 281 623 291 332 217
is_linear=0
shrinkage=0.02


Tree=64
num_leaves=34
num_cat=0
split_feature=0 0 2 2 2 0 2 3 2 2 3 3 3 1 5 0 2 1 2 1 3 3 0 2 3 3 3 3 1 5 1 3 0
split_gain=742.897 191.107 164.714 87.7055 60.5802 46.861 21.7511 27.2651 17.1652 14.9941 14.4843 12.8973 10.1659 12.2171 15.9774 15.8518 13.7709 28.9964 8.69002 8.05706 7.04024 9.72026 6.65455 10.8147 6.15649 5.35088 4.72864 7.35125 4.49474 4.39052 3.20381 2.21437 0.982059
threshold=4.5780586166392263 8.3679617311642946 1.8958333333333337 5.0937500000000009 4.416666666666667 1.9940662070406705 6.2187500000000009 68.32057227986742 1.1483516483516485 3.5166666666666671 63.393970679451215 66.484806557675441 60.806026819193747 0.087634889283949427 4.5000000000000009 2.995229877599721 3.1937500000000005 0.14296268807961796 2.8564102564102569 0.057693967055584786 72.955962902472578 64.219782905081232 3.1793308178050865 2.1715686274509807 76.260164211526842 71.224244625291348 65.537323406040983 70.006114958180333 0.066678437356833528 3.5000000000000004 0.03019409448139258 68.993585065918879 0.33337855441950454
decision_type=10 10 8 10 8 8 10 10 10 8 10 10 8 10 2 10 10 10 10 10 10 8 10 10 8 10 10 10 10 2 10 10 10
left_child=2 4 8 5 -2 9 7 -6 29 19 -11 -12 -7 18 15 -15 17 22 24 -4 21 -10 23 -16 -14 -13 -23 28 -28 -1 32 -32 -31
right_child=1 -3 3 -5 6 12 -8 -9 20 10 11 25 13 14 16 -17 -18 -19 -20 -21 -22 26 -24 -25 -26 -27 27 -29 -30 30 31 -33 -34
leaf_value=-0.0081702410852586907 0.0021048938415944578 0.045257706547325312 0.0029025231211863719 0.017755863692950912 0.010155365971731953 -0.0045867370038275733 0.027175961358882828 0.023905666330917962 -0.003261607371647757 -0.012828988490700721 0.0010074065618055801 -0.0098164180640866166 -0.004976345556122916 0.013178258130060776 -0.0029875915728311627 0.0035308704836313261 -0.0048018328103159244 0.010503030957357176 0.0039948432650417087 -0.0041064841691281226 -0.0019008810255887374 -0.012716308002025611 -0.0046469991820334809 0.0055996201497685843 0.001120597202988232 -0.0038194394644466231 -0.0081547845894379949 -0.012429300623343272 -0.0027916005479937216 -0.012589252210788793 -0.0083370953087412974 -0.012307220897797882 -0.015122681917431198
leaf_weight=148 100 110 116 107 128 106 109 105 163 125 104 147 189 105 113 194 120 138 100 151 106 103 102 122 102 100 164 102 101 143 109 116 107
leaf_count=148 100 110 116 107 128 106 109 105 163 125 104 147 189 105 113 194 120 138 100 151 106 103 102 122 102 100 164 102 101 143 109 116 107
internal_value=6.26234e-05 0.0216685 -0.00324752 8.62152e-05 0.0157979 -0.000799751 0.0198016 0.0163519 -0.00873275 -0.00485491 -0.0069828 -0.00490082 0.0013663 0.00185737 0.00314705 0.00691875 0.0012517 0.00278101 -0.00109142 -0.00106137 -0.00667123 -0.00747006 -0.000381122 0.00147045 -0.00283927 -0.00738849 -0.00892958 -0.00786683 -0.0061107 -0.0111781 -0.0121153 -0.0103839 -0.0136736
internal_weight=4155 552 3603 2241 442 2134 342 233 1362 743 476 351 1391 1285 894 299 595 475 391 267 739 633 337 235 291 247 470 367 265 623 475 225 250
internal_count=4155 552 3603 2241 442 2134 342 233 1362 743 476 351 1391 1285 894 299 595 475 391 267 739 633 337 235 291 247 470 367 265 623 475 225 250
is_linear=0
shrinkage=0.02


Tree=65
num_leaves=33
num_cat=0
split_feature=2 2 2 1 1 7 2 2 2 4 4 5 4 4 2 4 6 2 4 1 7 4 7 7 1 1 4 1 1 1 1 2
split_gain=830.471 207.096 114.513 111.086 51.8233 33.0663 28.181 24.7153 21.1189 17.4888 20.4789 15.4285 14.7223 19.1111 9.42051 9.01308 9.24041 7.64801 10.0254 5.92523 5.57648 4.41336 9.65671 5.53112 4.2085 4.45189 4.13886 3.95319 6.69812 3.19092 4.2349 1.95291
threshold=4.5277777777777786 2.0312500000000004 7.7812500000000009 0.21264377649155189 0.087634889283949427 4.5000000000000009 5.572916666666667 3.0717948717948724 1.2696969696969698 -0.03389437771641373 -0.18651553392526171 4.5000000000000009 0.0029366324923573036 -0.072021478785134402 4.2404761904761914 -0.097942478840201005 1.0000000180025095e-35 1.4142857142857144 -0.024596338942595698 0.025005850421085978 12.500000000000002 -0.044087761280047974 8.5000000000000018 7.5000000000000009 0.052394449629750393 0.079710356004571978 -0.037236249076214679 0.047625050695993536 0.068544094428559008 0.063789160347996518 0.036113042543151598 0.81534090909090928
decision_type=10 8 10 10 10 2 10 10 10 2 2 2 2 2 8 2 2 10 2 10 2 2 2 2 8 8 2 8 10 8 10 10
left_child=1 8 5 4 7 -2 -7 9 20 10 -3 12 13 -6 21 16 -12 -10 27 -17 29 23 -23 -13 -11 -26 -16 -19 -29 30 31 -1
right_child=2 3 -4 -5 11 6 -8 -9 17 24 15 14 -14 -15 26 19 -18 18 -20 -21 -22 22 -24 -25 25 -27 -28 28 -30 -31 -32 -33
leaf_value=-0.012354460156268694 0.011101913467498012 0.0013213244877239266 0.044385958518467696 0.020544470117461903 0.0039647939692374814 0.016482206905685654 0.030285723900435855 0.0043320094918211302 -0.002312160454614944 -0.0038446991431410429 -0.0067596547743853401 0.0076970828593425139 -3.1558103604703889e-05 0.01439119860842885 0.00010765148962779744 -0.0021029036074411123 -0.014722982984616573 -0.0085214896329811642 -0.011231405258301524 -0.0088591017306747805 -0.01466221606830756 -0.0033203264243072935 0.0050989298069593963 0.0016423736266263829 0.0030305939002466375 -0.0023724363829757348 -0.0053709596671164045 -8.0002934361497554e-05 -0.0071796145066954529 -0.012782651802271972 -0.0071668544298280849 -0.008876401174302195
leaf_weight=176 108 101 102 108 166 103 139 147 148 160 102 115 117 122 123 100 136 105 182 108 150 117 102 127 122 122 100 102 111 162 184 102
leaf_count=176 108 101 102 108 166 103 139 147 148 160 102 115 117 122 123 100 136 105 182 108 150 117 102 127 122 122 100 102 111 162 184 102
internal_value=0.000140562 -0.00297222 0.0257384 0.000743797 -0.000234014 0.020304 0.0244107 -0.00330007 -0.0089696 -0.0044798 -0.00681066 0.00285739 0.00595109 0.00838153 0.00102559 -0.00865221 -0.0113101 -0.00630582 -0.00748794 -0.00561093 -0.0111997 0.00265804 0.000600971 0.00451961 -0.0013239 0.000329079 -0.00234912 -0.00534545 -0.0037798 -0.0103674 -0.00952052 -0.0110783
internal_weight=4169 3717 452 2295 2187 350 242 1098 1422 951 547 1089 405 288 684 446 238 648 500 208 774 461 219 242 404 244 223 318 213 624 462 278
internal_count=4169 3717 452 2295 2187 350 242 1098 1422 951 547 1089 405 288 684 446 238 648 500 208 774 461 219 242 404 244 223 318 213 624 462 278
is_linear=0
shrinkage=0.02


Tree=66
num_leaves=32
num_cat=0
split_feature=0 0 7 1 0 1 3 1 3 1 3 7 3 7 3 3 0 1 0 3 7 1 1 3 6 0 7 5 0 0 1
split_gain=900.14 196.269 105.213 47.062 32.4095 20.5288 14.4274 16.3927 13.2127 18.0496 11.3059 13.5975 11.5618 19.553 13.649 13.2192 11.145 10.2076 8.2435 8.39356 6.17586 5.75183 6.56151 5.68168 3.92362 7.49291 3.98727 3.61724 3.46677 1.63614 1.32395
threshold=6.3931512805431927 2.6487905746897868 8.5000000000000018 0.047625050695993536 4.1608443360555425 0.16361852510546498 69.089569770518452 0.12347836619299694 69.142558491087513 0.19467589523757825 79.930936470014231 4.5000000000000009 63.298256937785339 10.500000000000002 69.863504542931437 73.774114462793719 3.0791767852357932 0.09563669280884507 1.8981438569822764 65.887748343812845 5.5000000000000009 0.036113042543151598 0.01720556939214209 66.058785165012026 1.0000000180025095e-35 0.7230101739017597 9.5000000000000018 4.5000000000000009 1.8814951944871845 1.6228026002344695 0.019195433321222657
decision_type=10 10 2 8 10 10 10 10 10 10 8 2 10 2 10 10 10 8 10 10 2 10 10 10 2 10 2 2 8 10 10
left_child=1 3 -2 20 5 6 7 -3 9 -6 11 23 13 -13 17 28 -8 18 19 -14 21 22 -1 -5 25 30 -27 -12 -16 -25 -22
right_child=2 4 -4 10 8 -7 16 -9 -10 -11 27 12 14 -15 15 -17 -18 -19 -20 -21 24 -23 -24 29 -26 26 -28 -29 -30 -31 -32
leaf_value=-0.004718987628553821 0.023774620284869648 0.0019111008809986696 0.048799999875666959 -0.004191837507187302 0.017574938121971077 -0.0054935506627393459 -0.0042752186530491424 0.010123706023782642 0.0046436381266031362 0.0063975008104611699 -0.0024224179672698181 -0.012594282766843899 0.0051742240277552363 -0.0011275677833790807 -0.010342924296855927 0.00061740234629674396 0.0036556915004082305 0.0049170283322660805 -0.0053793673774740402 -0.0022167635866615827 -0.013988972297109711 -0.0025504046288274585 -0.011421040494210465 -0.0077680243702667609 -0.0070994150792331213 -0.0051049174635477788 -0.010349581671180203 0.0022424224750111901 -0.0052462111097559628 -0.011359126838106734 -0.011193562186612138
leaf_weight=113 144 191 126 128 123 117 126 198 146 109 108 117 101 121 112 110 162 136 138 157 163 105 121 101 169 106 128 173 102 102 116
leaf_count=113 144 191 126 128 123 117 126 198 146 109 108 117 101 121 112 110 162 136 138 157 163 105 121 101 169 106 128 173 102 102 116
internal_value=0.00013775 -0.00230779 0.0354531 -0.0052495 0.00453697 0.00224221 0.00357911 0.0060913 0.00935719 0.0123235 -0.00321693 -0.00393993 -0.00286531 -0.00676457 -0.00178117 -0.0050173 0.000185918 0.000189714 -0.00143381 0.000676608 -0.00864575 -0.00643948 -0.00818458 -0.00749171 -0.00974241 -0.0106131 -0.00797379 0.00044953 -0.00791365 -0.00957242 -0.0128267
internal_weight=4169 3899 270 2727 1172 794 677 389 378 232 1706 1425 1094 238 856 324 288 532 396 258 1021 339 234 331 682 513 234 281 214 203 279
internal_count=4169 3899 270 2727 1172 794 677 389 378 232 1706 1425 1094 238 856 324 288 532 396 258 1021 339 234 331 682 513 234 281 214 203 279
is_linear=0
shrinkage=0.02


Tree=67
num_leaves=30
num_cat=0
split_feature=0 0 7 0 0 1 3 3 1 3 1 0 0 0 3 3 3 0 7 1 0 3 1 7 1 5 1 1 3
split_gain=864.495 188.497 101.047 45.3728 31.126 19.7159 14.5481 13.8561 15.7436 12.6895 17.3349 10.9265 13.1926 10.7036 8.28627 8.5481 7.67661 13.7674 9.1979 6.75625 6.02902 5.54579 5.07076 4.3024 3.53947 3.29146 2.44725 2.1754 1.26394
threshold=6.3931512805431927 2.6487905746897868 8.5000000000000018 1.4510095537268637 4.1608443360555425 0.16361852510546498 62.816166173166998 69.089569770518452 0.12347836619299694 69.142558491087513 0.19467589523757825 0.7230101739017597 0.28118202214923776 3.0791767852357932 67.859557568809279 72.955962902472578 69.863504542931437 2.2818519787298608 11.500000000000002 0.075206945478783219 2.3060259765648046 66.484806557675441 0.13253346870007049 7.5000000000000009 0.041784133275940404 4.5000000000000009 0.048292485090007421 0.023393347372333891 66.198320011917687
decision_type=10 10 2 8 10 8 8 10 10 10 10 10 10 10 10 10 10 8 2 10 8 10 8 2 10 2 10 10 10
left_child=1 3 -2 11 5 7 -5 8 -3 10 -6 12 28 -9 23 24 18 19 20 -18 21 -8 -22 -13 -16 -24 -25 -14 -1
right_child=2 4 -4 6 9 -7 16 13 -10 -11 -12 14 27 -15 15 -17 17 -19 -20 -21 22 -23 25 26 -26 -27 -28 -29 -30
leaf_value=-0.0045875325801649266 0.023299128035238634 0.0018728789702272383 0.047823999912906735 -0.0077188965300532203 0.017223439488438814 -0.0053836796689046241 -0.0011849190507616316 -0.0041897144499752261 0.0099212318991645006 0.0045507657198771223 0.0062695508274258271 -0.0020817071267326052 -0.011051881630161796 0.0035825774559958114 -0.0080167012922162922 -0.0037405498394178687 -0.0041971826769019432 -0.0097092713977495002 0.0035666908910440532 0.0024373821002765766 0.0036326527224620803 -0.0072410222435960684 -0.0038077766448259354 -0.008266906561749476 -0.012758593571538379 0.00030367442032043962 -0.004007587838696227 -0.014316061346543778 -0.0075429030146825227
leaf_weight=105 144 191 126 192 123 117 119 126 198 146 109 192 198 162 123 109 152 121 162 103 100 123 141 111 129 174 105 139 129
leaf_count=105 144 191 126 192 123 117 119 126 198 146 109 192 198 162 123 109 152 121 162 103 100 123 141 111 129 174 105 139 129
internal_value=0.000134996 -0.00226163 0.0347441 -0.00514451 0.00444623 0.00219736 -0.0026088 0.00350753 0.00596947 0.00917004 0.012077 -0.00776916 -0.00986503 0.0001822 -0.00621293 -0.00842004 -0.00178777 -0.00415357 -0.000701635 -0.00151734 -0.0017541 -0.00426302 -0.000291065 -0.00426008 -0.0104441 -0.00153669 -0.0061964 -0.0123982 -0.00621678
internal_weight=4169 3899 270 2727 1172 794 1387 677 389 378 232 1340 571 288 769 361 1195 376 819 255 657 242 415 408 252 315 216 337 234
internal_count=4169 3899 270 2727 1172 794 1387 677 389 378 232 1340 571 288 769 361 1195 376 819 255 657 242 415 408 252 315 216 337 234
is_linear=0
shrinkage=0.02


Tree=68
num_leaves=29
num_cat=0
split_feature=0 2 2 2 2 0 2 3 2 2 2 3 3 3 1 0 2 1 0 1 3 1 1 7 1 1 3 2
split_gain=830.261 235.855 187.388 87.5353 84.0404 49.0484 20.0053 16.5919 15.7686 14.7745 11.3496 13.6286 11.1324 21.1587 8.34639 8.34508 8.26832 9.39129 7.2718 7.60764 6.73104 5.33681 5.21643 5.18347 3.48641 3.76488 2.24551 1.8655
threshold=6.3931512805431927 2.7321428571428577 8.4333333333333353 2.0312500000000004 4.866666666666668 1.7320608512911606 1.2696969696969698 67.894932598111509 6.0645833333333341 3.2899159663865549 2.4062500000000004 65.440982269401971 63.882762508405236 65.327500283874869 0.051701424978038153 2.6487905746897868 2.1291666666666669 0.11623827600555216 1.8359265054555542 0.047625050695993536 70.184481808483937 0.12482376719312653 0.095037200484604054 12.500000000000002 0.063789160347996518 0.036113042543151598 69.920122170264165 0.81534090909090928
decision_type=10 10 8 8 10 10 10 10 10 10 10 10 8 10 8 10 10 10 10 10 8 8 10 2 8 10 10 10
left_child=1 3 -2 6 7 12 23 9 -6 -3 11 15 -5 -14 26 -7 17 -13 19 20 -8 -9 -20 24 25 27 -15 -1
right_child=2 4 -4 5 8 10 18 21 -10 -11 -12 16 13 14 -16 -17 -18 -19 22 -21 -22 -23 -24 -25 -26 -27 -28 -29
leaf_value=-0.011728038828904656 0.020339763683689217 0.010055235675536097 0.054298884917836673 -0.0097504035243263804 0.012510284227361014 -0.0057318528555333611 -0.009349394643631501 0.0024986269119544884 0.023431523247889361 0.0022294491768056124 -0.004429634369232438 -0.00043198665560677995 0.002702325390801378 -0.010919791552440628 -0.0030710127407551874 0.0016195929866377851 0.0090980716968950791 0.0059870249591767793 -0.012295536901314841 -0.0014625455875555793 -0.0027023483097553254 -0.0027085270674133133 -0.0058676086172535285 -0.01403791107237339 -0.012421803887887502 -0.0067927653642128336 -0.0068942592820483393 -0.0083287087170516739
leaf_weight=176 161 192 109 186 111 101 156 160 101 194 110 172 137 115 168 159 116 194 101 189 100 155 101 150 162 184 107 102
leaf_count=176 161 192 109 186 111 101 156 160 101 194 110 172 137 115 168 159 116 194 101 189 100 155 101 150 162 184 107 102
internal_value=0.000132296 -0.0022164 0.0340492 -0.00493638 0.00667941 -0.00167339 -0.00853004 0.00334248 0.0177133 0.00612207 0.00156561 0.00245439 -0.00554383 -0.00405915 -0.00643434 -0.00123616 0.00444514 0.00297044 -0.00593453 -0.00450598 -0.00675289 -6.36235e-05 -0.00908157 -0.0106997 -0.00989722 -0.00901197 -0.00897956 -0.0104808
internal_weight=4169 3899 270 2986 913 1565 1421 701 212 386 852 742 713 527 390 260 482 366 647 445 256 315 202 774 624 462 222 278
internal_count=4169 3899 270 2986 913 1565 1421 701 212 386 852 742 713 527 390 260 482 366 647 445 256 315 202 774 624 462 222 278
is_linear=0
shrinkage=0.02


Tree=69
num_leaves=30
num_cat=0
split_feature=0 2 2 2 2 0 2 2 4 2 1 2 1 4 1 0 4 4 7 1 4 2 4 0 7 7 1 1 2
split_gain=797.382 226.515 179.967 84.0689 80.7124 47.1061 19.2131 15.1441 13.456 10.9002 9.48059 11.0639 9.88372 34.4281 8.98269 21.585 9.694 23.9939 11.4077 8.06917 9.81034 6.99539 9.98698 5.43537 4.97821 4.92934 3.34834 3.61579 1.79162
threshold=6.3931512805431927 2.7321428571428577 8.4333333333333353 2.0312500000000004 4.866666666666668 1.7320608512911606 1.2696969696969698 6.0645833333333341 -0.036713873106949006 2.4062500000000004 0.18736884393675066 3.7678571428571432 0.11951076257186158 -0.038928899233905023 0.16956968399853556 3.6166350119063471 -0.14898009331191947 -0.067567394437738001 7.5000000000000009 0.051141497600779386 -0.11022391939160929 1.4142857142857144 -0.024596338942595698 1.5227981501171406 12.500000000000002 5.5000000000000009 0.063789160347996518 0.036113042543151598 0.81534090909090928
decision_type=10 10 8 8 10 10 10 10 2 10 8 10 10 2 10 10 2 2 2 8 2 10 2 10 2 2 8 10 10
left_child=1 3 -2 6 10 8 24 -6 19 14 11 12 13 -3 15 16 -7 -18 -19 -5 -21 -8 23 -23 26 -10 27 28 -1
right_child=2 4 -4 5 7 9 21 -9 25 -11 -12 -13 -14 -15 -16 -17 17 18 -20 20 -22 22 -24 -25 -26 -27 -28 -29 -30
leaf_value=-0.011493478045714172 0.019932967986418398 -0.0034066175644222956 0.053212907322503007 -0.010824250450370899 0.012260078535255816 0.0070795968160033227 -0.0019972456680812144 0.022962892549481282 0.0010765421642242251 -0.0043410416426645079 -0.0014650830119738683 -0.00036866236271129716 0.009599431268342111 0.011793857831162987 -0.002579919976636398 0.010841623720217256 -0.007226215017565746 0.0083894512976773767 6.4430534953206046e-05 -0.0010911576779160117 -0.0097096414905972778 -0.00262094994379708 -0.010682545437805026 -0.0079454857668337913 -0.013757152983546257 -0.004183839018685959 -0.012173367748841828 -0.0066569101130184915 -0.0081621344825800728
leaf_weight=176 161 133 109 191 111 100 148 101 111 110 136 144 180 108 121 124 123 110 164 112 100 187 182 130 150 199 162 184 102
leaf_count=176 161 133 109 191 111 100 148 101 111 110 136 144 180 108 121 124 123 110 164 112 100 187 182 130 150 199 162 184 102
internal_value=0.00012965 -0.00217207 0.0333682 -0.00483766 0.00654582 -0.00163992 -0.00835944 0.0173591 -0.00543295 0.00153429 0.00327563 0.00441676 0.00605357 0.00340521 0.0024053 0.00337666 0.00151417 0.000112297 0.00340659 -0.00784269 -0.00515648 -0.00581584 -0.0069484 -0.00480451 -0.0104857 -0.00230028 -0.00969927 -0.00883173 -0.0102712
internal_weight=4169 3899 270 2986 913 1565 1421 212 713 852 701 565 421 241 742 621 497 397 274 403 212 647 499 317 774 310 624 462 278
internal_count=4169 3899 270 2986 913 1565 1421 212 713 852 701 565 421 241 742 621 497 397 274 403 212 647 499 317 774 310 624 462 278
is_linear=0
shrinkage=0.02


Tree=70
num_leaves=31
num_cat=0
split_feature=2 2 2 1 1 1 2 2 2 3 1 2 3 7 2 3 5 3 7 3 2 3 3 3 3 2 3 5 3 2
split_gain=670.674 180.232 75.8113 71.8912 39.5298 27.0655 17.4097 14.9416 39.4097 18.4166 15.2342 31.4171 11.3498 12.2956 9.1802 16.6277 8.49746 18.8519 7.84875 7.37102 6.88274 6.43685 5.24047 3.99658 3.30943 3.44468 3.85398 2.83933 2.98469 1.81806
threshold=4.6333333333333337 1.9198717948717952 7.7812500000000009 0.21569879067660791 0.052394449629750393 0.21865721981894601 0.90416666666666679 3.0801282051282057 3.2426470588235299 67.4807667169609 0.10931057897219161 3.7187500000000004 58.245371688610163 4.5000000000000009 2.3693181818181821 71.421187490527799 2.5000000000000004 68.376738166996049 11.500000000000002 64.13974800475718 3.2426470588235299 67.949966379105504 67.733867447727519 64.594279337504204 65.365437214875456 1.4555555555555557 69.727674125056254 4.5000000000000009 70.958133981371176 1.4330357142857146
decision_type=10 8 10 10 8 8 10 8 8 8 10 10 10 2 8 8 2 10 2 8 10 10 10 10 10 10 10 2 8 10
left_child=1 6 5 4 16 -2 27 9 -9 23 12 21 -10 -14 -11 -16 -3 -18 19 -8 22 -12 -15 -6 -21 26 -26 -1 -29 -20
right_child=2 3 -4 -5 7 -7 18 8 10 14 11 -13 13 20 15 -17 17 -19 29 24 -22 -23 -24 -25 25 -27 -28 28 -30 -31
leaf_value=-0.0093127344433395626 0.012771189403071811 -0.0098651633967723074 0.03827243492716835 0.017298167079833209 -0.0023229942104121396 0.024042402957842962 -0.0036816126787724336 0.014111443254881673 0.0056309125068433139 0.0056972151816852635 0.0047929445711067985 -0.0052469526799124424 -0.0075313548075999805 -0.0041585046414432947 0.0049330813492173857 -0.006217254429400243 0.0004841819280361543 -0.009640692145813529 -0.0049979869521961642 -0.011919951809283633 0.0044801099384480184 0.010334038635801858 0.0011563012661605046 -0.0069884205227162665 -0.0042888837703666492 -0.010146357964113943 -0.0090005268555272515 -0.014074078637653243 -0.0098684798024949571 -0.0013181199199520052
leaf_weight=168 158 120 105 102 143 185 148 111 102 155 180 103 112 152 106 108 183 123 116 104 101 157 145 151 143 177 135 189 105 100
leaf_count=168 158 120 105 102 143 185 148 111 102 155 180 103 112 152 106 108 183 123 116 104 101 157 145 151 143 177 135 189 105 100
internal_value=0.000277914 -0.00249282 0.0234025 0.000875309 0.000131467 0.0188504 -0.00821744 0.00141133 0.00277731 -0.000984809 0.00158141 0.00441986 -0.000459308 -0.00167735 0.00199055 -0.000694191 -0.00535451 -0.00358562 -0.00663101 -0.00765041 -2.99948e-05 0.0073744 -0.00156373 -0.00471918 -0.00870118 -0.00796547 -0.00657691 -0.0113869 -0.0125721 -0.00329434
internal_weight=4187 3739 448 2354 2252 343 1385 1826 1163 663 1052 440 612 510 369 214 426 306 923 707 398 337 297 294 559 455 278 462 294 216
internal_count=4187 3739 448 2354 2252 343 1385 1826 1163 663 1052 440 612 510 369 214 426 306 923 707 398 337 297 294 559 455 278 462 294 216
is_linear=0
shrinkage=0.02


Tree=71
num_leaves=32
num_cat=0
split_feature=0 0 0 4 0 4 3 4 3 3 4 3 0 4 4 5 7 4 7 5 0 0 3 4 7 4 4 3 3 3 3
split_gain=617.482 178.405 61.5065 22.0601 34.0843 29.8835 19.6035 17.1059 9.2539 15.3185 11.5974 10.5453 7.46325 10.0486 10.566 32.6355 8.77793 7.41319 5.31389 4.61165 7.39549 18.3336 8.14126 6.70766 5.8816 12.3223 8.64119 5.99286 6.34719 3.34605 0.092809
threshold=5.6360137574774472 1.972127520092487 8.3679617311642946 -0.18459815869514665 3.6166350119063471 -0.0052536074367681212 67.000600794430582 -0.0635372204664508 56.305777401029019 61.437285656264699 -0.075801711900429572 63.815972368511979 3.5462578006373646 -0.10255454284553356 -0.0017893745924712494 4.5000000000000009 7.5000000000000009 -0.22055136415213569 8.5000000000000018 2.5000000000000004 0.73367921933713443 0.24796747983253917 72.955962902472578 -0.088543423629606127 6.5000000000000009 -0.096862014511956696 -0.048920645947309944 66.542313864520864 63.75050094290178 68.474913251351168 68.701831902632918
decision_type=10 8 10 2 10 2 10 2 10 10 2 10 8 2 2 2 2 2 2 2 10 10 10 2 2 2 2 10 10 10 10
left_child=1 17 7 -3 8 6 -6 -2 10 -10 -5 -11 13 -13 15 -15 -16 -1 -17 23 21 -21 24 -19 26 -26 -22 28 -27 -23 -25
right_child=2 3 -4 4 5 -7 -8 -9 9 11 -12 12 -14 14 16 18 -18 19 -20 20 22 29 -24 30 25 27 -28 -29 -30 -31 -32
leaf_value=-0.0015968282625649696 0.025154668400792973 -0.0042707718310681124 0.037066158657443934 0.0098547736845910547 0.018104460892690855 0.00089529446512460716 0.007268799963982448 0.014693170574894788 -0.0070651036300057295 0.0072339739892631769 0.0012805235885867947 -0.003362467467552051 -0.0044929160497743977 0.013138610980449579 0.0029694785513892409 -0.0028371848090368713 -0.0045267304739049514 -0.013411126415431501 0.0033149056948928368 -0.0031391336055460318 -0.012105431768644068 -0.0099301427708867983 -0.00086789662601383588 -0.0075000468748483333 -0.0004802216146108226 -0.0079437070348247849 -0.0053956393375992773 -0.0097368974837496181 -0.0011042743884757452 -0.014449120725039392 -0.0066405140176415446
leaf_weight=111 115 199 116 100 110 170 170 137 102 100 171 160 110 117 123 117 127 100 108 153 140 158 131 101 169 116 170 172 102 112 100
leaf_count=111 115 199 116 100 110 170 170 137 102 100 171 160 110 117 123 117 127 100 108 153 140 158 131 101 169 116 170 172 102 112 100
internal_value=0.000272356 -0.00211183 0.0250147 0.00204542 0.00274958 0.00750975 0.0115257 0.0194673 0.00114503 0.00030467 0.00444445 0.00108608 0.000372868 0.00108462 0.00228653 0.00457098 -0.000838596 -0.00660664 0.000115819 -0.0069292 -0.00645346 -0.00867033 -0.00551572 -0.0091783 -0.00621637 -0.00499107 -0.00842587 -0.00694578 -0.00474361 -0.0118047 -0.00707242
internal_weight=4187 3819 368 1984 1785 450 280 252 1335 1064 271 962 862 752 592 342 250 1835 225 1724 1423 423 1000 301 869 559 310 390 218 270 201
internal_count=4187 3819 368 1984 1785 450 280 252 1335 1064 271 962 862 752 592 342 250 1835 225 1724 1423 423 1000 301 869 559 310 390 218 270 201
is_linear=0
shrinkage=0.02


Tree=72
num_leaves=32
num_cat=0
split_feature=2 2 0 2 0 0 2 7 7 3 3 1 0 0 6 1 3 2 7 3 1 0 0 2 3 3 3 3 3 1 1
split_gain=624.212 169.508 83.8339 70.8546 49.2669 36.3474 16.3889 13.3948 10.3063 11.7795 13.4395 22.5238 17.1096 16.9383 9.79777 15.0094 10.2165 9.31471 7.61619 7.10036 6.23129 5.23425 4.12426 6.97069 3.67105 13.6023 8.25802 3.5568 2.00706 2.21236 0.712066
threshold=4.6333333333333337 1.9198717948717952 5.4228497373525615 7.7812500000000009 1.7547023969053146 7.2867298247270087 0.90416666666666679 8.5000000000000018 12.500000000000002 61.351381503802976 63.059159530441526 0.073039396239588619 2.4160716302004954 2.7254205172587533 1.0000000180025095e-35 0.16122650703295627 69.364887584972081 2.6339285714285716 11.500000000000002 64.13974800475718 0.11211426766714737 1.4384128595794716 1.1155935225428522 1.3923076923076925 71.421187490527799 68.220861470117867 63.882762508405236 68.220861470117867 71.224244625291348 0.042509612164062134 0.019977713225317249
decision_type=10 8 10 10 8 8 10 2 2 8 10 10 10 10 2 10 10 10 2 8 10 8 10 10 10 10 10 10 10 8 10
left_child=1 6 4 5 17 7 28 -2 9 -6 -11 -12 -13 -14 15 16 -15 24 19 -8 -10 -20 27 -24 25 26 -3 -21 29 30 -1
right_child=3 2 -4 -5 8 -7 18 -9 20 10 11 12 13 14 -16 -17 -18 -19 21 22 -22 -23 23 -25 -26 -27 -28 -29 -30 -31 -32
leaf_value=-0.011764412155823299 0.018168232649622952 -0.0076124387687930171 0.018594837360193624 0.036951727238439383 -0.0031087691461046535 0.027844414804130795 -0.0035275466705462421 0.0086043008886001731 0.0014475870792676879 0.0083256580260011454 -0.0047251172071775876 0.0098827219510688475 -0.0047083656809159685 0.0085231777070858689 0.0080876101525800843 -0.0034225748889148235 0.00077636172966315199 0.0011197710125753196 -0.0060494621085084004 -0.0087326690659556595 -0.0042823151426807961 0.00019039477765707687 -0.007101630214060988 -0.01320231546101899 -0.002009891742047402 -0.012517643882980886 -0.0015721454119835144 -0.0040231956210401319 -0.0088075060130407418 -0.013960195922754643 -0.0094833407377371125
leaf_weight=108 128 169 102 105 123 107 148 108 157 186 148 149 112 143 155 130 130 101 115 142 147 101 155 145 101 106 195 117 120 123 111
leaf_count=108 128 169 102 105 123 107 148 108 157 186 148 149 112 143 155 130 130 101 115 142 147 101 155 145 101 106 195 117 120 123 111
internal_value=0.000266909 -0.00240613 0.00086026 0.0225761 5.70068e-05 0.0181754 -0.00795783 0.0137915 0.00198622 0.00277465 0.00340228 0.00245528 0.00375284 0.00238963 0.00381431 0.00217074 0.00483422 -0.00447893 -0.00641861 -0.0074228 -0.00132312 -0.00313175 -0.0084541 -0.0100503 -0.00546925 -0.00621264 -0.00437657 -0.00660522 -0.0110329 -0.0118138 -0.0106083
internal_weight=4187 3739 2354 448 2252 343 1385 236 1580 1276 1153 967 819 670 558 403 273 672 923 707 304 216 559 300 571 470 364 259 462 342 219
internal_count=4187 3739 2354 448 2252 343 1385 236 1580 1276 1153 967 819 670 558 403 273 672 923 707 304 216 559 300 571 470 364 259 462 342 219
is_linear=0
shrinkage=0.02


Tree=73
num_leaves=31
num_cat=0
split_feature=2 2 2 1 1 1 2 2 2 3 1 2 3 7 2 3 5 3 7 3 2 3 3 3 3 2 3 5 3 2
split_gain=599.493 162.795 68.0488 64.077 34.7951 24.0983 15.7399 14.1826 37.333 17.4378 13.6679 29.8067 10.3175 11.604 8.78973 16.0918 7.96761 17.8123 7.31459 6.81918 6.45167 6.21478 5.04239 3.92942 3.34052 3.14083 3.73566 2.77189 2.85646 1.71626
threshold=4.6333333333333337 1.9198717948717952 7.7812500000000009 0.21569879067660791 0.052394449629750393 0.21865721981894601 0.90416666666666679 3.0801282051282057 3.2426470588235299 67.4807667169609 0.10931057897219161 3.7187500000000004 58.245371688610163 4.5000000000000009 2.3693181818181821 71.421187490527799 2.5000000000000004 68.376738166996049 11.500000000000002 64.13974800475718 3.2426470588235299 67.949966379105504 67.733867447727519 64.594279337504204 65.365437214875456 1.4555555555555557 69.727674125056254 4.5000000000000009 67.4807667169609 1.4330357142857146
decision_type=10 8 10 10 8 8 10 8 8 8 10 10 10 2 10 8 2 10 2 8 10 10 10 10 10 10 10 2 8 10
left_child=1 6 5 4 16 -2 27 9 -9 23 12 21 -10 -14 -11 -16 -3 -18 19 -8 22 -12 -15 -6 -21 26 -26 -1 -29 -20
right_child=2 3 -4 -5 7 -7 18 8 10 14 11 -13 13 20 15 -17 17 -19 29 24 -22 -23 -24 -25 25 -27 -28 28 -30 -31
leaf_value=-0.0087629197617726667 0.012075540487289052 -0.0093739152889077866 0.036212692434522548 0.016347711130830587 -0.0022507250836522846 0.022710984969259919 -0.0034569958805868001 0.013703868128359317 0.0053821463532307571 0.0055292764467697953 0.0045383029150673085 -0.0052187670582851163 -0.0072728325696100786 -0.0040157015727661357 0.0048111296494333248 -0.0061580705616830125 0.00066269901388355326 -0.0091790604815492789 -0.0047243750371552748 -0.011518871372995468 0.0043810804675121122 0.0099829768669453395 0.0011976940498269837 -0.0068767881814069702 -0.0039673171338293102 -0.0096283384526180005 -0.0086060713495093363 -0.014514570397089933 -0.010447978616229011 -0.0011490160285262392
leaf_weight=168 158 120 105 102 143 185 148 111 102 155 180 103 112 152 106 108 183 123 116 104 101 157 145 151 143 177 135 111 183 100
leaf_count=168 158 120 105 102 143 185 148 111 102 155 180 103 112 152 106 108 183 123 116 104 101 157 145 151 143 177 135 111 183 100
internal_value=0.00026157 -0.00235801 0.0221246 0.000843055 0.000140801 0.0178119 -0.00779867 0.00134157 0.00267241 -0.000992915 0.00150844 0.00419702 -0.000424526 -0.00158586 0.00190229 -0.000724728 -0.00500615 -0.0032933 -0.00629024 -0.00727434 1.44928e-05 0.00707484 -0.00147044 -0.0046267 -0.00828502 -0.00754585 -0.00621995 -0.0108123 -0.0119833 -0.00306912
internal_weight=4187 3739 448 2354 2252 343 1385 1826 1163 663 1052 440 612 510 369 214 426 306 923 707 398 337 297 294 559 455 278 462 294 216
internal_count=4187 3739 448 2354 2252 343 1385 1826 1163 663 1052 440 612 510 369 214 426 306 923 707 398 337 297 294 559 455 278 462 294 216
is_linear=0
shrinkage=0.02


Tree=74
num_leaves=31
num_cat=0
split_feature=2 2 2 1 1 1 2 2 2 3 1 2 3 7 2 3 5 3 7 1 3 2 3 3 3 2 5 3 3 2
split_gain=575.753 156.349 65.3541 61.5396 33.4172 23.144 15.1166 13.621 35.8546 16.7473 13.1267 28.6263 9.90896 11.1445 8.44166 15.4546 7.65209 17.1069 7.02493 6.58081 12.8737 6.19619 5.96868 4.84271 3.77382 3.46473 2.66212 2.74334 1.92295 1.6483
threshold=4.6333333333333337 1.9198717948717952 7.7812500000000009 0.21569879067660791 0.052394449629750393 0.21865721981894601 0.90416666666666679 3.0801282051282057 3.2426470588235299 67.4807667169609 0.10931057897219161 3.7187500000000004 58.245371688610163 4.5000000000000009 2.3693181818181821 71.421187490527799 2.5000000000000004 68.376738166996049 11.500000000000002 0.098151830321515393 64.219782905081232 3.2426470588235299 67.949966379105504 67.733867447727519 64.594279337504204 1.4555555555555557 4.5000000000000009 67.4807667169609 70.114716345821677 1.4330357142857146
decision_type=10 8 10 10 8 8 10 8 8 8 10 10 10 2 10 8 2 10 2 8 10 10 10 10 10 10 2 8 10 10
left_child=1 6 5 4 16 -2 26 9 -9 24 12 22 -10 -14 -11 -16 -3 -18 19 20 -8 23 -12 -15 -6 28 -1 -28 -22 -20
right_child=2 3 -4 -5 7 -7 18 8 10 14 11 -13 13 21 15 -17 17 -19 29 -21 25 -23 -24 -25 -26 -27 27 -29 -30 -31
leaf_value=-0.0085876615026167467 0.011834029625582545 -0.0091864369828253984 0.035488438185215708 0.016020756867148128 -0.0022057106908267509 0.022256765178253726 -0.00037560660384349095 0.01342979091446142 0.0052745032945976534 0.0054186908487576036 0.0044475369181794433 -0.0051143917774112485 -0.0071273760999819007 -0.0039353874916406842 0.0047149071840674808 -0.006034909222033564 0.00064944500468742581 -0.0089954792278084325 -0.0046298874395995825 -0.010960907020404205 -0.0046902869475054579 0.0042934591677224283 0.0097833173771857459 0.0011737402040382912 -0.0067392524142459729 -0.0098251897833637296 -0.014224278989273149 -0.010239019042257567 -0.008164099485491929 -0.001126035729283467
leaf_weight=168 158 120 105 102 143 185 121 111 102 155 180 103 112 152 106 108 183 123 116 143 143 101 157 145 151 185 111 183 115 100
leaf_count=168 158 120 105 102 143 185 121 111 102 155 180 103 112 152 106 108 183 123 116 143 143 101 157 145 151 185 111 183 115 100
internal_value=0.000256339 -0.00231085 0.0216821 0.000826194 0.000137985 0.0174556 -0.0076427 0.00131474 0.00261896 -0.000973057 0.00147827 0.00411308 -0.000416036 -0.00155414 0.00186425 -0.000710234 -0.00490603 -0.00322744 -0.00616443 -0.00712886 -0.00615725 1.4203e-05 0.00693335 -0.00144103 -0.00453416 -0.00773644 -0.010596 -0.0117437 -0.00623869 -0.00300773
internal_weight=4187 3739 448 2354 2252 343 1385 1826 1163 663 1052 440 612 510 369 214 426 306 923 707 564 398 337 297 294 443 462 294 258 216
internal_count=4187 3739 448 2354 2252 343 1385 1826 1163 663 1052 440 612 510 369 214 426 306 923 707 564 398 337 297 294 443 462 294 258 216
is_linear=0
shrinkage=0.02


Tree=75
num_leaves=33
num_cat=0
split_feature=1 7 1 1 1 3 5 7 3 3 4 5 6 3 1 1 4 4 3 3 4 4 7 4 4 3 7 3 4 3 3 1
split_gain=476.039 78.6942 110.886 73.2866 26.425 27.0643 22.3602 12.0774 7.87956 14.0426 13.0801 10.7819 10.2543 8.32928 15.6301 7.90613 16.521 21.0343 8.32541 6.68057 6.4587 9.09642 14.2361 6.87315 7.68621 6.2115 6.01961 9.214 7.21554 4.77973 3.57745 2.12723
threshold=0.17898088627092809 4.5000000000000009 0.27298165327317142 0.066678437356833528 0.13735200488976626 68.749489161735696 4.5000000000000009 1.5000000000000002 69.142558491087513 68.32057227986742 -0.10629643505410434 2.5000000000000004 1.0000000180025095e-35 73.081470398422752 0.1003871023091986 0.10649808940629575 -0.087734142384116975 -0.13427574431479147 64.13974800475718 62.99815632789052 0.095403878429061575 -0.072999556473884245 12.500000000000002 -0.045833710796637728 -0.021812353334376196 65.440982269401971 6.5000000000000009 68.270349272426373 -0.13768328277987521 71.001119853854462 65.633285171585783 0.1032014595677213
decision_type=10 2 10 8 10 10 2 2 10 10 2 2 2 10 10 10 2 2 8 10 2 2 2 2 2 10 2 10 2 10 10 8
left_child=3 -2 6 7 8 30 -3 -1 9 11 -10 -5 15 14 -12 16 17 -13 -18 -14 21 22 26 -23 -25 -26 27 -9 -28 -27 -6 -20
right_child=1 2 -4 4 5 -7 -8 20 10 -11 13 12 19 -15 -16 -17 18 -19 31 -21 -22 23 -24 24 25 29 28 -29 -30 -31 -32 -33
leaf_value=0.00078983900421077298 0.0058567901197377412 0.0085111797755619261 0.039811176721627518 -0.0062531470176727735 0.0068287954725325109 -0.0015728034909162814 0.020031795579436663 -0.012741588077953328 -0.0079751254461946034 0.0069015752469885694 0.0010744360510072262 -0.0042288388348184526 0.00019488229470562588 0.0026524749463725022 -0.0090679621888773033 0.0025839886184760002 -0.0094036272445039166 0.0086794844681543169 -0.00081413382901238248 0.007347062887659051 -0.0013899829279740944 -0.012244921570934384 0.0011116722086444498 -0.0029412509465611449 -0.0049311794190526866 -0.011876925767225918 -0.0079391405977739769 -0.0044843489968893575 -0.0012816144992987102 -0.0067118562530127492 0.011849477692292288 -0.0044545078327005005
leaf_weight=105 168 106 105 129 125 162 185 115 155 103 139 100 103 147 108 171 111 102 114 106 102 133 128 131 139 199 121 102 141 112 104 147
leaf_count=105 168 106 105 129 125 162 185 115 155 103 139 100 103 147 108 171 111 102 114 106 102 133 128 131 139 199 121 102 141 112 104 147
internal_value=0.000224729 0.0173266 0.0221925 -0.00241496 -1.37094e-05 0.00468325 0.0158353 -0.00575597 -0.00107222 -0.000155205 -0.00305323 -0.000826348 -9.25361e-05 -0.00111695 -0.0033603 -0.00119079 -0.00231534 0.00228923 -0.00481566 0.0038223 -0.00623898 -0.00661339 -0.0048134 -0.00814363 -0.00720477 -0.00844593 -0.00639672 -0.00886031 -0.00435627 -0.0100168 0.00910893 -0.00286446
internal_weight=4218 564 396 3654 2126 391 291 1528 1735 1186 549 1083 954 394 247 745 574 202 372 209 1423 1321 607 714 581 450 479 217 262 311 229 261
internal_count=4218 564 396 3654 2126 391 291 1528 1735 1186 549 1083 954 394 247 745 574 202 372 209 1423 1321 607 714 581 450 479 217 262 311 229 261
is_linear=0
shrinkage=0.02


Tree=76
num_leaves=30
num_cat=0
split_feature=0 0 2 3 2 2 0 2 2 3 4 3 2 3 4 0 3 2 5 3 4 0 3 0 4 5 7 3 0
split_gain=552.096 99.5886 95.5344 54.7785 43.1253 26.7958 19.0349 29.0394 18.5591 14.0611 13.5329 11.6094 10.2733 10.1139 9.21702 8.22579 7.60622 14.101 14.0699 8.02025 7.66603 9.66892 8.6344 11.8461 10.8092 4.0563 4.03362 2.62031 2.17261
threshold=4.4920287302761635 8.3679617311642946 1.5358974358974362 66.983304992913489 4.5277777777777786 5.154761904761906 3.3592455774620356 2.2583333333333337 2.7321428571428577 69.089569770518452 -0.22055136415213569 67.4807667169609 0.90416666666666679 59.483868724693941 -0.089532112520412974 1.4510095537268637 65.440982269401971 1.6515151515151518 4.5000000000000009 66.772947774404017 -0.10688893247734199 1.4384128595794716 73.002519460515259 2.5618879589502765 -0.021812353334376196 4.5000000000000009 8.5000000000000018 67.62234673798072 2.164013463479574
decision_type=10 10 8 10 10 8 10 10 10 10 2 8 10 8 2 10 8 10 2 8 2 10 10 8 2 2 2 10 10
left_child=2 3 12 -2 6 -5 8 -8 10 11 -4 28 25 -12 -14 26 17 18 -15 -18 21 -21 23 24 -22 -1 -16 -27 -10
right_child=1 -3 4 5 -6 -7 7 -9 9 -11 13 -13 14 16 15 -17 19 -19 -20 20 22 -23 -24 -25 -26 27 -28 -29 -30
leaf_value=-0.0076032881815592916 0.022499394359949389 0.035068593885292092 0.0039164407120763581 0.00089233402586118738 0.011696777767715379 0.013590317875967317 0.0089752077523768802 -0.0022373135523813857 0.0033701304442221576 -0.0037230131956678641 -0.0089971701998231759 0.009384838849149436 -0.0096694332404584481 -0.001675267985705525 -0.0083128424663028097 -0.0003144262655747726 -0.0080824633936087287 -0.0054806707157377182 0.0076900672219232273 -0.0019752589648015031 -0.0014614293500503053 -0.010346133331849909 0.0021206118577183821 0.00065766369441041237 -0.0090476768755773356 -0.013601422262154231 -0.0032105954706668854 -0.0097486627218015005 -0.0007290102351667746
leaf_weight=172 190 114 110 110 109 168 174 197 101 133 117 107 189 156 163 136 150 151 109 107 134 114 156 189 171 129 100 156 106
leaf_count=172 190 114 110 110 109 168 174 197 101 133 117 107 189 156 163 136 150 151 109 107 134 114 156 189 171 129 100 156 106
internal_value=0.000220234 0.0183059 -0.00267467 0.0142227 -0.000615827 0.00856594 -0.00115655 0.00302139 -0.00189081 0.00172735 -0.00286275 0.00403594 -0.0077794 -0.00334262 -0.00603119 -0.00430781 -0.00288223 -0.000602658 0.00217689 -0.00381102 -0.00307541 -0.00629327 -0.00198134 -0.00327669 -0.0057147 -0.0100288 -0.00637282 -0.0114925 0.00127105
internal_weight=4218 582 3636 468 2591 278 2482 371 2111 447 1664 314 1045 1554 588 399 1437 416 265 1021 871 221 650 494 305 457 263 285 207
internal_count=4218 582 3636 468 2591 278 2482 371 2111 447 1664 314 1045 1554 588 399 1437 416 265 1021 871 221 650 494 305 457 263 285 207
is_linear=0
shrinkage=0.02


Tree=77
num_leaves=33
num_cat=0
split_feature=2 2 1 2 2 3 1 4 4 4 2 7 1 2 2 6 2 2 1 1 1 3 1 1 1 4 3 4 1 2 4 3
split_gain=481.734 113.097 66.3267 53.5217 48.5121 54.9104 20.2448 18.8248 25.2708 20.7417 16.4529 12.808 17.1323 12.5103 14.0358 17.7907 11.3832 8.79018 8.20722 9.99118 5.6866 6.15947 10.4553 5.8861 5.47381 5.2528 4.71125 7.98116 3.99562 2.78278 2.14934 0.857324
threshold=4.5277777777777786 1.9198717948717952 0.17898088627092809 2.0312500000000004 7.7812500000000009 66.983304992913489 0.087634889283949427 -0.0017893745924712494 0.0249931107314551 -0.026205635078150404 0.90416666666666679 3.5000000000000004 0.13735200488976626 3.0801282051282057 2.2583333333333337 1.0000000180025095e-35 2.3229166666666674 4.0954545454545466 0.052394449629750393 0.025005850421085978 0.11105483957230566 69.404023721689782 0.067124777654234524 0.032844095607733145 0.048292485090007421 -0.013520533981409988 71.605233007235327 -0.057438579230229193 0.12252309811889636 0.64583333333333337 -0.015180923770229787 69.320288313916365
decision_type=10 8 10 10 10 10 10 2 2 2 10 2 10 10 8 2 10 8 8 10 8 10 10 10 10 2 8 2 10 10 2 8
left_child=1 10 6 -4 5 -2 13 9 -9 11 29 -8 17 14 -3 16 -16 -13 19 -17 21 22 23 -12 -25 -23 27 -20 -10 31 -31 -1
right_child=4 2 3 -5 -6 -7 7 8 28 -11 20 12 -14 -15 15 18 -18 -19 26 -21 -22 25 -24 24 -26 -27 -28 -29 -30 30 -32 -33
leaf_value=-0.012906768209580333 0.024666042741112136 0.0033085900569772898 0.019927566010233325 0.00061358000592074617 0.03168602103656791 0.0088553546923988823 0.0080954180945430818 -0.010719845525865608 -0.0012667887352613939 0.011795006418228149 -0.0015960933403535325 0.00042406001433846539 0.0059338287452792198 0.0030842348710209333 -0.011583299819546141 -0.00053271965123713016 -0.0042050127710304202 -0.0064940106975180769 0.0061401540096849205 -0.0083895541505731707 -0.0091378800487518317 -0.0047811573457878986 0.0011850573343077772 -0.010474200993776321 -0.0041098279646881244 -0.010315934818220931 -0.0029897895653163437 -0.001754722685597482 0.0042529632507334924 -0.006991703391407326 -0.010743156714644285 -0.010287876892695202
leaf_weight=100 162 119 120 110 103 192 109 102 108 100 121 192 154 147 157 128 179 119 100 131 125 185 152 102 115 109 113 105 102 157 100 100
leaf_count=100 162 119 120 110 103 192 109 102 108 100 121 192 154 147 157 128 179 119 100 131 125 185 152 102 115 109 113 105 102 157 100 100
internal_value=0.00021583 -0.00214023 0.000479016 0.0106904 0.0196057 0.0160908 -0.000605801 0.00150903 -0.00255268 0.00338923 -0.00673255 0.00192481 0.00047837 -0.00237444 -0.00315199 -0.00399405 -0.00765261 -0.00222305 -0.0018636 -0.00450664 -0.00517622 -0.00454458 -0.00317142 -0.00513055 -0.00710138 -0.00683317 0.000289067 0.00209644 0.00141423 -0.00982818 -0.00845141 -0.0115973
internal_weight=4218 3761 2395 230 457 354 2165 986 312 674 1366 574 465 1179 1032 913 336 311 577 259 909 784 490 338 217 294 318 205 210 457 257 200
internal_count=4218 3761 2395 230 457 354 2165 986 312 674 1366 574 465 1179 1032 913 336 311 577 259 909 784 490 338 217 294 318 205 210 457 257 200
is_linear=0
shrinkage=0.02


Tree=78
num_leaves=33
num_cat=0
split_feature=1 7 1 1 1 3 5 7 1 1 4 4 3 5 7 4 3 4 6 4 4 4 1 4 3 4 3 3 3 3 1 3
split_gain=422.223 74.6999 102.121 64.561 23.2178 25.5598 21.5917 11.5592 8.26326 17.2297 9.68838 14.4249 9.55053 7.40208 11.6631 7.48717 6.48437 8.98357 17.4769 11.2684 7.1232 10.7449 5.65414 6.05014 9.25153 4.68931 4.56536 3.79157 4.78305 3.49189 1.75787 0.404597
threshold=0.17898088627092809 4.5000000000000009 0.27298165327317142 0.066678437356833528 0.13735200488976626 68.749489161735696 4.5000000000000009 1.5000000000000002 0.12942664138722437 0.11706454437298573 -0.13768328277987521 -0.088543423629606127 65.537323406040983 3.5000000000000004 6.5000000000000009 -0.055497091116206758 61.437285656264699 -0.072021478785134402 1.0000000180025095e-35 0.091585268188822858 -0.042892301579543067 -0.021812353334376196 0.083755347018978979 -0.01673992046836913 66.24466807133976 -0.10340297859857094 66.689031162103277 65.479264587170817 71.001119853854462 65.633285171585783 0.082192985475500011 70.813427629128682
decision_type=10 2 10 8 10 10 2 2 10 10 2 2 10 2 2 2 10 2 2 2 2 2 8 2 10 2 10 10 10 10 10 10
left_child=3 -2 6 7 8 29 -3 -1 9 10 30 12 -12 14 -13 -15 -9 18 25 20 -19 -22 -17 -24 -25 26 -18 -23 -29 -6 -5 -28
right_child=1 2 -4 4 5 -7 -8 16 -10 -11 11 13 -14 15 -16 22 17 19 -20 -21 21 27 23 24 -26 -27 31 28 -30 -31 -32 -33
leaf_value=0.00099350614260349966 0.0051427996786133877 0.007760603721341435 0.037966526306101256 -0.0034157512233333482 0.0064301917053759096 -0.0016976934104559966 0.019081507507308915 -0.010052997955741983 -0.0062671121608998091 0.0051301562757093888 0.007523735925907226 -0.0032603088774174303 -0.00058695565143199733 -0.0068027961383580315 0.0062154895794865129 -0.00455008920679163 -0.00078496264791492066 -0.012143437318681252 0.0032726551842789694 -0.0007544300895075774 -0.0011325311281141781 -0.0049611788875617013 -0.0038574231294093327 0.0048031709469164366 -0.0024312951020302549 -0.0087240941383806645 -0.0067677311547100555 -0.011342700056217535 -0.006112252181903882 0.011390473513075939 -0.0067923084226963314 -0.0049774682477993128
leaf_weight=105 168 106 105 133 125 162 185 135 112 183 127 101 107 141 107 190 109 126 119 103 105 101 136 145 138 121 100 192 110 104 115 102
leaf_count=105 168 106 105 133 125 162 185 135 112 183 127 101 107 141 107 190 109 126 119 103 105 101 136 145 138 121 100 192 110 104 115 102
internal_value=0.000211513 0.0163177 0.0210586 -0.0022745 -2.07219e-05 0.00438199 0.0149577 -0.00541032 -0.00101292 -0.000650336 -0.00138494 -0.000636664 0.003815 -0.00172402 0.00161426 -0.00264984 -0.00588284 -0.00544575 -0.00351398 -0.00688999 -0.00788677 -0.00683099 -0.00168832 -0.000390617 0.00127541 -0.00538345 -0.00408372 -0.0083157 -0.00943757 0.0086829 -0.00498149 -0.00586374
internal_weight=4218 564 396 3654 2126 391 291 1528 1735 1623 1440 1192 234 958 208 750 1423 1288 551 737 634 508 609 419 283 432 311 403 302 229 248 202
internal_count=4218 564 396 3654 2126 391 291 1528 1735 1623 1440 1192 234 958 208 750 1423 1288 551 737 634 508 609 419 283 432 311 403 302 229 248 202
is_linear=0
shrinkage=0.02


Tree=79
num_leaves=34
num_cat=0
split_feature=0 0 0 4 4 4 4 0 6 4 4 4 7 0 7 7 4 4 4 1 1 1 4 5 4 4 1 0 4 7 4 4 4
split_gain=495.191 91.0078 58.9829 42.5886 43.5079 18.2414 28.1162 10.2387 9.08298 13.0622 9.11391 9.91405 15.3335 9.33691 7.91847 7.92089 11.7305 10.2049 8.79655 6.80547 11.9003 16.463 14.9807 6.60407 6.87186 6.39569 6.18168 5.62624 2.94146 2.63657 1.91277 0.526614 0.0176154
threshold=4.4920287302761635 8.3679617311642946 1.6466261821024184 -0.0035816331797221962 -0.13599177032676554 0.071718248032482251 0.048973631893094963 5.9126244580017113 1.0000000180025095e-35 -0.032456502637548922 -0.024596338942595698 0.024149766229903721 5.5000000000000009 4.1149730397473947 2.5000000000000004 9.5000000000000018 0.021488187358797196 -0.072999556473884245 -0.11856671381958057 0.14184595343730455 0.11706454437298573 0.10261448330945096 -0.13768328277987521 2.5000000000000004 -0.10340297859857094 -0.052561167751764976 0.10649808940629575 2.1134338645827895 -0.03389437771641373 5.5000000000000009 0.020438888747505341 0.069468051428524441 -0.091304867569303519
decision_type=10 10 8 2 2 2 2 10 2 2 2 2 2 8 2 2 2 2 2 10 10 10 2 2 2 2 8 10 2 2 2 2 2
left_child=2 3 14 4 -2 6 8 -6 10 26 13 12 -12 19 25 16 23 18 -17 20 21 22 -4 -16 -25 -1 -10 -24 -19 -26 -30 -18 -15
right_child=1 -3 5 -5 7 -7 -8 -9 9 -11 11 -13 -14 32 15 17 31 28 -20 -21 -22 -23 27 24 29 -27 -28 -29 30 -31 -32 -33 -34
leaf_value=-0.0053561513997614383 0.0069073422163581626 0.033359831746375565 -0.0050626579333005704 0.0045606974177723253 0.027129497735539361 0.0058244598331719131 -0.011210592041630298 0.018417406935949582 0.0037077764126628933 0.0068431469037107404 -0.010200166392993804 0.0015688744781820804 -0.0012174881737742874 0.0039502901937996989 -0.013585722751841688 -0.0042762506818808848 -0.0022814659721218052 -0.009403167431159775 0.0032487702708264505 -0.0055390649937607098 0.0049581974909147794 -0.0086534315978435833 0.00033616538254260006 -0.004938368549332787 -0.007596627505833977 0.0017617060382868731 -0.0023777401437841093 0.006608862797939429 -0.0034156284354363397 -0.011787446572362408 -0.0068101940947289802 -0.0043289169414651276 0.0035767558475237084
leaf_weight=100 104 114 133 148 105 177 100 111 101 155 144 109 161 101 101 159 100 101 102 116 136 107 118 181 102 102 197 111 113 146 161 101 101
leaf_count=100 104 114 133 148 105 177 100 111 101 155 144 109 161 101 101 159 100 101 102 116 136 107 118 181 102 102 197 111 113 146 161 101 101
internal_value=0.000207283 0.0173356 -0.00253437 0.0134322 0.0175353 -0.00031504 -0.000890009 0.0226525 -0.00031344 0.00213412 -0.00114272 -0.00360829 -0.00545849 -3.68195e-05 -0.00545812 -0.00600429 -0.00742434 -0.00437213 -0.00133544 -0.00110155 -0.000250718 -0.00176119 0.000276016 -0.00898458 -0.00790132 -0.00176199 -0.000315199 0.00337664 -0.00648567 -0.0100638 -0.00541025 -0.00331028 0.00376352
internal_weight=4218 582 3636 468 320 2067 1890 216 1790 453 1337 414 305 923 1569 1367 731 636 261 721 605 469 362 530 429 202 298 229 375 248 274 201 202
internal_count=4218 582 3636 468 320 2067 1890 216 1790 453 1337 414 305 923 1569 1367 731 636 261 721 605 469 362 530 429 202 298 229 375 248 274 201 202
is_linear=0
shrinkage=0.02


Tree=80
num_leaves=35
num_cat=0
split_feature=0 2 2 2 0 7 1 0 0 2 2 2 4 4 7 0 1 4 4 7 4 7 0 5 1 1 0 0 1 0 4 1 1 0
split_gain=461.744 177.828 114.706 114.087 36.5622 18.5046 17.4579 16.7212 20.2495 19.9049 18.0509 14.6313 13.424 15.2584 28.1086 15.6299 13.2457 12.3106 12.2058 8.56362 8.39157 6.73958 6.27206 5.55761 13.3698 5.0568 4.80434 6.5442 11.3181 3.01299 2.13145 2.82725 5.47425 1.96602
threshold=6.3931512805431927 2.1291666666666669 4.866666666666668 8.4333333333333353 1.459766586319341 5.5000000000000009 0.19767590450073044 3.3592455774620356 2.995229877599721 3.4807692307692313 3.0801282051282057 1.2247899159663869 -0.18056788528482295 -0.0635372204664508 6.5000000000000009 1.9940662070406705 0.17670967796285633 0.0056023559866302348 0.0056023559866302348 7.5000000000000009 -0.053612828234644777 1.5000000000000002 2.2480764670911495 4.5000000000000009 0.031733955624290787 0.10720095234576736 2.0817274002478792 1.2948021591523828 0.03019409448139258 1.6016774303464458 0.021488187358797196 0.029622339929940646 0.041784133275940404 0.41492207887374216
decision_type=10 8 10 8 8 2 10 10 10 8 10 10 2 2 2 10 10 2 2 2 2 2 10 2 10 8 10 10 10 10 2 10 10 8
left_child=1 11 4 -2 5 -3 7 8 10 20 12 30 -6 14 -14 17 -4 -15 -17 -11 -9 -13 -12 24 -7 26 27 28 -23 -29 31 33 -33 -1
right_child=3 2 16 -5 6 23 -8 9 -10 19 22 21 13 15 -16 18 -18 -19 -20 -21 -22 25 -24 -25 -26 -27 -28 29 -30 -31 -32 32 -34 -35
leaf_value=-0.00949367304058636 0.014593383108671658 0.0014363337156671175 0.020261731068802694 0.04105064333715875 0.007676993939693612 -3.0582695837738449e-05 -0.0058734278286045249 0.0051593435800396928 -0.0050537780529268869 0.0054538224145704714 0.011131127151101828 -0.00054035967420133064 -0.010949238408356906 -0.0065104562169182355 0.0023434936759391227 0.010262668476973333 0.01040127851032451 0.0032279978163947814 0.0010257156522545431 0.012937012280365734 -0.0028764782549005074 -0.0088414555759657003 0.0040475890170317145 -0.010933492597084022 -0.0098533895902025211 -0.0098770208926238483 -0.0011035923726769108 -0.010999170372076332 -0.00035898542945172378 -0.006316156990398638 -0.0071580987070762629 -0.0047494714052599167 -0.01048584265295755 -0.01316883394588602
leaf_weight=119 156 148 117 112 101 103 110 102 181 114 100 114 122 108 133 117 102 100 112 132 106 105 100 103 120 103 101 100 157 122 185 107 176 114
leaf_count=119 156 148 117 112 101 103 110 102 181 114 100 114 122 108 133 117 102 100 112 132 106 105 100 103 120 103 101 100 157 122 185 107 176 114
internal_value=0.000249045 -0.00148138 0.00186211 0.0256501 0.000495134 -0.00442854 0.00183795 0.00235899 0.00109853 0.00561843 0.00221995 -0.00688925 0.000865746 -0.000128381 -0.00401617 0.00214024 0.0156692 -0.00182851 0.00574503 0.00946919 0.00106417 -0.00504439 0.00758936 -0.00709112 -0.0053164 -0.00579069 -0.00507122 -0.00589918 -0.00375845 -0.00842562 -0.00899992 -0.00966026 -0.00831697 -0.0112918
internal_weight=4202 3934 2431 268 2212 474 1738 1628 1174 454 993 1503 793 692 255 437 219 208 229 246 208 802 200 326 223 688 585 484 262 222 701 516 283 233
internal_count=4202 3934 2431 268 2212 474 1738 1628 1174 454 993 1503 793 692 255 437 219 208 229 246 208 802 200 326 223 688 585 484 262 222 701 516 283 233
is_linear=0
shrinkage=0.02


Tree=81
num_leaves=33
num_cat=0
split_feature=0 2 2 2 0 7 2 0 0 3 3 3 5 2 0 0 3 0 7 7 5 3 0 0 2 2 3 2 3 7 3 3
split_gain=443.459 170.786 110.164 109.57 35.1144 17.7718 14.0519 13.0954 16.6671 12.8987 11.783 22.8469 15.8885 17.3011 15.5356 13.542 12.865 12.3526 9.59959 6.47269 5.33753 6.00044 4.88367 11.3415 5.43398 4.2074 3.44291 2.01214 2.62059 2.19821 1.95475 1.76549
threshold=6.3931512805431927 2.1291666666666669 4.866666666666668 8.4333333333333353 1.459766586319341 5.5000000000000009 1.2247899159663869 4.7724750202652269 4.0960900332164334 66.058785165012026 69.089569770518452 67.577347415837735 2.5000000000000004 2.710084033613446 2.2689351361098522 3.3592455774620356 61.437285656264699 3.9661617072336321 7.5000000000000009 1.5000000000000002 4.5000000000000009 66.000043816704633 1.1928938837041378 0.76557978769121371 1.3798076923076925 1.818014705882353 72.372474009110519 0.7238095238095239 69.188331011795384 6.5000000000000009 67.444283689568763 65.6770253850393
decision_type=10 8 10 8 8 2 10 10 10 10 10 10 2 8 8 10 8 8 2 2 2 10 10 8 10 10 10 10 8 2 10 10
left_child=1 6 4 -2 5 -3 27 8 10 -4 11 12 -6 -14 -12 26 -15 18 -18 -8 21 -7 23 -21 -24 30 -16 31 -29 -30 -26 -1
right_child=3 2 9 -5 7 20 19 -9 -10 -11 14 -13 13 16 15 -17 17 -19 -20 22 -22 -23 24 -25 25 -27 -28 28 29 -31 -32 -33
leaf_value=-0.012208801996620262 0.01430151510076263 0.0014076070262219859 0.020459844159463853 0.040229629321589265 -0.0054287667218766633 -0.0085954400941867515 -0.00052955242037250284 -0.0041101213811856243 0.0092041061243923143 0.010739983498402264 0.0051671156516649589 0.0099523006558883929 -0.0031017609174657417 -0.0015654120962222534 -0.0029109227858997626 0.0028444845431543414 0.013303410730418715 0.00064580157794783596 0.0056863578372624715 -0.0082774144613627088 -0.010714822836147928 -0.0020307660909450573 -0.0033872651458841576 0.00060748424610266325 -0.011959716842721891 -0.0052488466655882474 -0.0073492682807975345 -0.0062530342603887091 -0.0074859283686777864 -0.011570933321308272 -0.0080804011355987623 -0.0089498341813468961
leaf_weight=102 156 148 104 112 109 108 114 138 129 115 138 160 152 107 145 126 104 113 182 103 103 115 128 130 101 119 135 197 109 102 107 191
leaf_count=102 156 148 104 112 109 108 114 138 129 115 138 160 152 107 145 126 104 113 182 103 103 115 128 130 101 119 135 197 109 102 107 191
internal_value=0.000244064 -0.00145175 0.00182487 0.0251371 0.000485231 -0.00433997 -0.00675147 0.0018012 0.00231105 0.0153558 0.00170656 0.00307779 0.00164374 0.00281532 -0.000630088 -0.00260057 0.00459278 0.00624423 0.0084562 -0.0049435 -0.0069493 -0.00521007 -0.00567488 -0.00332017 -0.0068807 -0.00824816 -0.00505084 -0.00881992 -0.00791189 -0.00946067 -0.00996411 -0.0100844
internal_weight=4202 3934 2431 268 2212 474 1503 1738 1600 219 1471 927 767 658 544 406 506 399 286 802 326 223 688 233 455 327 280 701 408 211 208 293
internal_count=4202 3934 2431 268 2212 474 1503 1738 1600 219 1471 927 767 658 544 406 506 399 286 802 326 223 688 233 455 327 280 701 408 211 208 293
is_linear=0
shrinkage=0.02


Tree=82
num_leaves=32
num_cat=0
split_feature=0 2 2 2 0 7 2 0 0 3 3 3 5 2 0 0 3 0 7 7 5 3 0 0 2 2 3 3 5 3 3
split_gain=425.898 164.023 105.802 105.231 33.7238 17.0681 13.4955 12.5768 16.0071 12.3879 11.3164 21.9422 15.2593 16.616 14.9204 13.0057 12.3555 11.8634 9.21945 6.21638 5.12616 5.76282 4.69251 8.83089 6.54125 4.99975 3.30657 1.93858 5.22975 1.55211 0.941742
threshold=6.3931512805431927 2.1291666666666669 4.866666666666668 8.4333333333333353 1.459766586319341 5.5000000000000009 1.2247899159663869 4.7724750202652269 4.0960900332164334 66.058785165012026 69.089569770518452 67.577347415837735 2.5000000000000004 2.710084033613446 2.2689351361098522 3.3592455774620356 61.437285656264699 3.9661617072336321 7.5000000000000009 1.5000000000000002 4.5000000000000009 66.000043816704633 1.2948021591523828 0.76557978769121371 1.3798076923076925 1.8452380952380956 72.372474009110519 72.557259998475743 4.5000000000000009 65.6770253850393 68.521850210910046
decision_type=10 8 10 8 8 2 10 10 10 10 10 10 2 8 8 10 8 8 2 2 2 10 10 8 10 10 10 8 2 10 10
left_child=1 6 4 -2 5 -3 27 8 10 -4 11 12 -6 -14 -12 26 -15 18 -18 -8 21 -7 23 -21 -24 -26 -16 28 -1 -30 -31
right_child=3 2 9 -5 7 20 19 -9 -10 -11 14 -13 13 16 15 -17 17 -19 -20 22 -22 -23 24 -25 25 -27 -28 -29 29 30 -32
leaf_value=-0.0054173835451455463 0.01401548511468065 0.0013794548847284671 0.020050647613142455 0.039425037804425564 -0.00532019144304336 -0.008423531304665461 -0.00051896137242581238 -0.0040279191411167811 0.0090200240147668264 0.01052518399513286 0.0050637734565289992 0.0097532545612193638 -0.0030397257457125786 -0.0015341038209882296 -0.0028527042375684816 0.0027875947400683625 0.013037342411251023 0.00063288541823889309 0.0055726305489520456 -0.0081118661830726184 -0.010500526471895356 -0.0019901506716142529 -0.0028759351700671722 -0.00066562401008106269 -0.010390876643238397 -0.0050276815268817708 -0.0072022829475226228 -0.01038089474119454 -0.011601843916476496 -0.0072350231154473697 -0.0098790448821619546
leaf_weight=194 156 148 104 112 109 108 114 138 129 115 138 160 152 107 145 126 104 113 182 103 103 115 117 167 192 109 135 188 103 103 113
leaf_count=194 156 148 104 112 109 108 114 138 129 115 138 160 152 107 145 126 104 113 182 103 103 115 117 167 192 109 135 188 103 103 113
internal_value=0.000239183 -0.00142272 0.00178837 0.0246344 0.000475527 -0.00425317 -0.00661644 0.00176517 0.00226483 0.0150487 0.00167243 0.00301624 0.00161086 0.00275901 -0.000617486 -0.00254856 0.00450093 0.00611934 0.00828707 -0.00484463 -0.00681032 -0.00510587 -0.00556138 -0.00350623 -0.00688888 -0.00844872 -0.00494982 -0.00864352 -0.00800683 -0.0095816 -0.00861824
internal_weight=4202 3934 2431 268 2212 474 1503 1738 1600 219 1471 927 767 658 544 406 506 399 286 802 326 223 688 270 418 301 280 701 513 319 216
internal_count=4202 3934 2431 268 2212 474 1503 1738 1600 219 1471 927 767 658 544 406 506 399 286 802 326 223 688 270 418 301 280 701 513 319 216
is_linear=0
shrinkage=0.02


Tree=83
num_leaves=33
num_cat=0
split_feature=0 2 2 2 0 7 1 0 6 0 2 0 2 4 4 7 0 1 4 4 1 0 0 1 0 7 2 4 1 1 0 4
split_gain=409.033 157.528 101.612 101.063 32.3884 16.3922 16.1944 15.2946 22.1619 19.3537 16.9978 14.6337 12.961 12.8452 14.7266 26.8455 14.9672 12.6203 11.6789 11.6227 6.49419 5.99321 7.15711 7.63054 5.97232 4.92905 3.82816 2.05937 2.67499 5.26933 1.88064 1.02075
threshold=6.3931512805431927 2.1291666666666669 4.866666666666668 8.4333333333333353 1.459766586319341 5.5000000000000009 0.19767590450073044 3.3592455774620356 1.0000000180025095e-35 2.995229877599721 3.0801282051282057 3.7481353231738033 1.2247899159663869 -0.18056788528482295 -0.0635372204664508 6.5000000000000009 1.9940662070406705 0.17670967796285633 0.0056023559866302348 0.0056023559866302348 0.13335685159380004 2.0960580133169082 1.1928938837041378 0.036704561020292716 2.2480764670911495 9.5000000000000018 1.5669642857142858 0.021488187358797196 0.029622339929940646 0.041784133275940404 0.41492207887374216 -0.053612828234644777
decision_type=10 8 10 8 8 2 10 10 2 10 10 10 10 2 2 2 10 10 2 2 8 10 10 10 10 2 10 2 10 10 8 2
left_child=1 12 4 -2 5 -3 7 9 11 10 13 -9 27 -6 15 -15 19 -4 -18 -16 21 22 23 -14 -12 -7 -24 28 30 -30 -1 -27
right_child=3 2 17 -5 6 25 -8 8 -10 -11 24 -13 20 14 16 -17 18 -19 -20 -21 -22 -23 26 -25 -26 31 -28 -29 29 -31 -32 -33
leaf_value=-0.0089480861140211598 0.013735175029111979 0.0013518657060843464 0.019230515511435831 0.038636536119239673 0.0074712299857989392 -0.0097926112697646027 -0.0056972174341367058 0.0076927862324611806 0.011281513801005521 -0.0049884842539679522 0.010789060718938709 -0.0014996978844120557 -0.0054436028023429261 -0.010758973165934325 -0.0063682488996225093 0.0022316653639974453 0.010011303222491446 0.0096056847288912423 0.0009759190481521987 0.0030941930478438733 -0.0092617415795102718 -0.0005367363228468724 -0.0047883410607702541 0.0016166058665557396 0.0038768564268946647 -0.0033023818325251344 -0.0094276795903774531 -0.0066602433149677677 -0.0043130191875116845 -0.0099410028493201186 -0.012542552481029642 -0.006152921491440865
leaf_weight=119 156 148 117 112 101 125 110 113 162 181 100 179 151 122 108 133 117 102 112 100 110 153 137 103 100 100 148 185 107 176 114 101
leaf_count=119 156 148 117 112 101 125 110 113 162 181 100 179 151 122 108 133 117 102 112 100 110 153 137 103 100 100 148 185 107 176 114 101
internal_value=0.000234399 -0.00139426 0.0017526 0.0241417 0.000466016 -0.00416811 0.00172987 0.0022317 0.005349 0.0010262 0.00212253 0.00205767 -0.00648411 0.00080843 -0.000164031 -0.00398346 0.0020647 0.0147477 0.00559225 -0.001819 -0.00474774 -0.00403019 -0.00502184 -0.0025806 0.00733296 -0.00667411 -0.00719754 -0.00847065 -0.00911973 -0.00781311 -0.0107068 -0.00473474
internal_weight=4202 3934 2431 268 2212 474 1738 1628 454 1174 993 292 1503 793 692 255 437 219 229 208 802 692 539 254 200 326 285 701 516 283 233 201
internal_count=4202 3934 2431 268 2212 474 1738 1628 454 1174 993 292 1503 793 692 255 437 219 229 208 802 692 539 254 200 326 285 701 516 283 233 201
is_linear=0
shrinkage=0.02


Tree=84
num_leaves=34
num_cat=0
split_feature=0 2 2 2 0 7 1 0 2 0 2 2 4 4 7 0 1 4 4 7 4 1 0 0 1 0 2 5 1 4 2 1 4
split_gain=392.835 151.29 97.588 97.0613 31.1058 15.743 15.5531 14.689 18.6679 18.5873 16.3247 12.4478 12.3366 14.1434 25.7825 14.3745 12.1205 11.2164 11.1624 8.03672 8.00333 6.23702 5.75588 6.87982 9.48456 5.73582 5.33941 4.92238 12.8162 1.97782 2.64039 2.46654 0.81965
threshold=6.3931512805431927 2.1291666666666669 4.866666666666668 8.4333333333333353 1.459766586319341 5.5000000000000009 0.19767590450073044 3.3592455774620356 3.4807692307692313 2.995229877599721 3.0801282051282057 1.2247899159663869 -0.18056788528482295 -0.0635372204664508 6.5000000000000009 1.9940662070406705 0.17670967796285633 0.0056023559866302348 0.0056023559866302348 7.5000000000000009 -0.053612828234644777 0.13335685159380004 2.0960580133169082 1.2948021591523828 0.040153734757672893 2.2480764670911495 1.5773809523809526 4.5000000000000009 0.031733955624290787 0.021488187358797196 0.70089285714285732 0.041400729555586629 -0.076870487929694406
decision_type=10 8 10 8 8 2 10 10 8 10 10 10 2 2 2 10 10 2 2 2 2 8 10 10 10 10 10 2 10 2 10 8 2
left_child=1 11 4 -2 5 -3 7 9 20 10 12 29 -6 14 -14 18 -4 -17 -15 -10 -9 22 23 24 -13 -12 -25 28 -7 30 32 -32 -1
right_child=3 2 16 -5 6 27 -8 8 19 -11 25 21 13 15 -16 17 -18 -19 -20 -21 -22 -23 -24 26 -26 -27 -28 -29 -30 -31 31 -33 -34
leaf_value=-0.0094532190794752047 0.013460471694811413 0.0013248284701635508 0.018845904981399066 0.037863806486129761 0.0073218052635098457 0.00030481318676464473 -0.0055832731689919122 0.0048308668480546895 0.0050813145695352236 -0.0048887146891542404 0.010573279402405022 -0.0057331865133538763 -0.010543793568112811 -0.0062408840787355549 0.0021870321483540354 0.0098110770211260554 0.0094135712671513643 0.00095640071809092271 0.0030323090721969493 0.012330639376728372 -0.0030168622489282777 -0.0090765067814764649 -0.00052600172165708208 -0.0044106546068579198 0.0016636495172912091 0.0037993192613124849 -0.010280072046220303 -0.010156746888081136 -0.0093124609858108061 -0.0065270385012231973 -0.0060565932594841311 -0.0096210717459519705 -0.011982772589550527
leaf_weight=104 156 148 117 112 101 103 110 102 114 181 100 177 122 108 133 117 102 112 100 132 106 110 153 123 114 100 125 103 120 185 161 150 101
leaf_count=104 156 148 117 112 101 103 110 102 114 181 100 177 122 108 133 117 102 112 100 132 106 110 153 123 114 100 125 103 120 185 161 150 101
internal_value=0.000229711 -0.00136638 0.00171755 0.0236589 0.000456696 -0.00408475 0.00169527 0.00218706 0.00524202 0.00100568 0.00208008 -0.00635442 0.000792261 -0.00016075 -0.00390379 0.00202341 0.0144528 0.00548041 -0.00178262 0.0089712 0.000831543 -0.00465278 -0.00394959 -0.00492141 -0.00283546 0.0071863 -0.00736903 -0.00654063 -0.0048704 -0.00830124 -0.00893734 -0.0077758 -0.0106995
internal_weight=4202 3934 2431 268 2212 474 1738 1628 454 1174 993 1503 793 692 255 437 219 229 208 246 208 802 692 539 291 200 248 326 223 701 516 311 205
internal_count=4202 3934 2431 268 2212 474 1738 1628 454 1174 993 1503 793 692 255 437 219 229 208 246 208 802 692 539 291 200 248 326 223 701 516 311 205
is_linear=0
shrinkage=0.02


Tree=85
num_leaves=33
num_cat=0
split_feature=2 0 2 0 2 5 0 3 4 0 3 3 4 2 4 0 3 0 4 4 4 3 4 2 0 3 5 2 4 3 3 4
split_gain=334.788 113.309 71.2094 53.5491 51.087 21.7657 28.453 20.725 17.8475 30.5005 12.1525 10.3029 9.59324 8.94273 8.0755 7.93308 8.39889 7.48222 7.00298 9.67523 10.072 7.94895 9.33774 6.69386 3.90747 3.8503 5.71466 2.8894 2.30827 1.87908 1.34788 2.93311
threshold=5.572916666666667 4.6445983770010271 4.6333333333333337 8.3679617311642946 2.1291666666666669 4.5000000000000009 4.0960900332164334 60.806026819193747 0.0029366324923573036 2.1134338645827895 68.474913251351168 67.771145679358568 0.060257239565996178 1.2696969696969698 -0.12516253069191388 1.8359265054555542 72.955962902472578 2.3899535037353741 -0.16387978920571578 -0.11022391939160929 -0.074548918012735638 64.978994945911666 -0.0238199899617202 1.591666666666667 1.4261705379848701 69.051892460324822 4.5000000000000009 0.70089285714285732 0.037583527568683869 67.62234673798072 69.523575039584458 -0.083252207048373703
decision_type=10 10 8 8 8 2 8 10 2 10 10 10 2 10 2 10 8 8 2 2 2 10 2 10 8 10 2 10 2 10 8 2
left_child=1 4 -3 11 13 7 12 -6 9 14 -11 -2 18 27 -9 16 25 -10 -7 -20 -21 -22 -23 -17 -16 26 -15 29 30 -1 31 -29
right_child=3 2 -4 -5 5 6 -8 8 17 10 -12 -13 -14 15 24 23 -18 -19 19 20 21 22 -24 -25 -26 -27 -28 28 -30 -31 -32 -33
leaf_value=-0.010148334267383168 0.018406877436322494 -0.002482493274734108 0.017815946528078126 0.031217147645625203 -0.008933523340827032 0.0038102534590846201 0.0089518358701041762 0.00074379387253429739 -0.0023001944400943409 0.010471562215332257 0.0017727176937545445 0.0094613675172757171 0.0052973234499504255 -0.0059316316451160957 -0.0032078152451140342 -0.0030352112141654604 0.0026053946714423466 -0.0096818082099943831 -0.0065822775176436199 0.0051792207875460353 -0.0056569875390403831 -0.0041728381672476089 0.0031597317347700615 -0.0096205524177375174 -0.0084695590313265817 -0.0068909075147318612 0.00014453285696362358 -0.0064259277027818038 -0.008560338394490467 -0.0068023770559978271 -0.0063916410363222265 -0.0017861623385357201
leaf_weight=129 103 109 189 110 168 117 175 128 106 118 141 103 124 104 128 116 114 114 122 106 138 117 171 132 101 103 153 109 101 140 196 109
leaf_count=129 103 109 189 110 168 117 175 128 106 118 141 103 124 104 128 116 114 114 122 106 138 117 171 132 101 103 153 109 101 140 196 109
internal_value=0.000155102 -0.00145792 0.0103913 0.0199504 -0.00244426 -0.000408378 0.00157629 -0.00252351 -0.00123537 0.000511002 0.0057359 0.0139341 0.00013414 -0.00524798 -0.00327961 -0.003642 -0.00212558 -0.00612521 -0.000696256 -0.00150247 -0.000337547 -0.00171026 0.000180875 -0.00654031 -0.0055285 -0.00362372 -0.0023143 -0.00672697 -0.00584946 -0.00840694 -0.00518811 -0.00410605
internal_weight=4194 3878 298 316 3580 2074 1070 1004 836 616 259 206 895 1506 357 722 474 220 771 654 532 426 288 248 229 360 257 784 515 269 414 218
internal_count=4194 3878 298 316 3580 2074 1070 1004 836 616 259 206 895 1506 357 722 474 220 771 654 532 426 288 248 229 360 257 784 515 269 414 218
is_linear=0
shrinkage=0.02


Tree=86
num_leaves=30
num_cat=0
split_feature=0 0 7 0 4 1 1 1 1 4 4 4 0 4 4 7 6 7 7 1 0 7 0 1 4 7 1 0 4
split_gain=310.334 73.9258 64.8884 20.4838 26.4587 30.0057 12.7036 17.3059 18.0584 14.3211 22.5988 12.4733 11.7616 15.9045 10.3207 12.9219 13.7151 6.98892 6.43638 8.23362 5.86811 5.57644 5.40822 6.45044 5.82649 5.98989 5.78109 3.7427 2.81996
threshold=6.3931512805431927 2.6487905746897868 5.5000000000000009 4.0960900332164334 -0.0035816331797221962 0.18193079303850676 0.16122650703295627 0.139663231121368 0.12942664138722437 0.014379051958111578 -0.019766951844328851 -0.066796557853931196 1.4510095537268637 0.045911298537840921 0.0083355177019576489 4.5000000000000009 1.0000000180025095e-35 4.5000000000000009 12.500000000000002 0.084769634690370674 0.28118202214923776 8.5000000000000018 0.68959066771602073 0.062509405810894786 -0.15442005462452243 10.500000000000002 0.037049698932696808 1.0654555313471363 -0.052561167751764976
decision_type=10 8 2 10 2 10 10 10 10 2 2 2 10 2 2 2 2 2 2 10 10 2 10 10 2 2 10 10 2
left_child=1 12 -2 6 5 -5 7 8 9 10 11 17 20 14 15 -14 18 -3 19 -17 21 -1 28 24 -24 26 -26 -28 -22
right_child=2 3 -4 4 -6 -7 -8 -9 -10 -11 -12 -13 13 -15 -16 16 -18 -19 -20 -21 22 -23 23 -25 25 -27 27 -29 -30
leaf_value=-0.0046232713770080845 0.0081994483166022737 0.006369922030512897 0.028377233593779451 0.016965165974433757 -0.001453337289479583 0.0035981224394643942 -0.0050068204787870252 0.0085240207101413678 -0.0070770512945061426 -0.0032842885340497799 0.011253689539216056 -0.0030205881885119845 -0.0067513041821897751 0.0040418745359623587 -0.0082494904417544611 -0.0012802833029644087 0.0048962846969207415 0.00036696803021493934 0.0014721016554348171 -0.0080733776137702426 -0.0056819688534943871 0.0014134110751646486 0.00057050694926426965 -0.0091579808186269505 -0.0066844313769113452 -0.0074219215482150261 0.00078971429640869442 -0.0039218096082447142 -0.0095345684877152434
leaf_weight=138 102 171 170 121 129 151 135 124 109 183 111 175 177 154 125 183 139 142 125 117 151 110 104 103 126 196 139 131 153
leaf_count=138 102 171 170 121 129 151 135 124 109 183 111 175 177 154 125 183 139 142 125 117 151 110 104 103 126 196 139 131 153
internal_value=0.000152 -0.00128072 0.0208106 0.00211423 0.00600654 0.00954449 0.000757006 0.00152362 0.000549382 0.0016124 0.00310839 0.00125566 -0.00350154 -0.00188039 -0.00293354 -0.00203679 -0.000557235 0.00364654 -0.00234086 -0.00392959 -0.00472551 -0.00194571 -0.00535052 -0.00448668 -0.00379539 -0.00456237 -0.00314703 -0.00149625 -0.00762094
internal_weight=4194 3922 272 1551 401 272 1150 1015 891 782 599 488 2371 1020 866 741 564 313 425 300 1351 248 1103 799 696 592 396 270 304
internal_count=4194 3922 272 1551 401 272 1150 1015 891 782 599 488 2371 1020 866 741 564 313 425 300 1351 248 1103 799 696 592 396 270 304
is_linear=0
shrinkage=0.02


Tree=87
num_leaves=32
num_cat=0
split_feature=0 0 7 0 4 0 0 4 4 7 6 5 0 3 3 0 7 4 3 0 7 0 4 3 6 5 0 4 4 4 3
split_gain=298.045 70.9983 62.3188 19.6727 25.4109 21.6396 11.2958 15.2746 9.91205 12.4102 13.172 6.93302 14.0835 11.3116 12.4549 12.2036 6.1815 7.80736 5.79226 5.63573 5.35561 5.19405 6.02305 6.56226 5.0244 4.01518 4.49484 3.93964 2.70829 2.31196 6.57579
threshold=6.3931512805431927 2.6487905746897868 5.5000000000000009 4.0960900332164334 -0.0035816331797221962 4.9082317193632647 1.4510095537268637 0.045911298537840921 0.0083355177019576489 4.5000000000000009 1.0000000180025095e-35 3.5000000000000004 3.5392374262796475 69.605894863502542 65.157665470454887 3.1793308178050865 12.500000000000002 -0.11856671381958057 67.949966379105504 0.28118202214923776 8.5000000000000018 0.68959066771602073 -0.16158089890773455 72.846221062015815 1.0000000180025095e-35 3.5000000000000004 1.2651243738060816 -0.024596338942595698 -0.052561167751764976 -0.085592574940403704 66.394968831155722
decision_type=10 8 2 10 2 10 10 2 2 2 2 2 10 10 8 8 2 2 10 10 2 10 2 10 2 2 10 2 2 2 10
left_child=1 6 -2 11 5 -5 19 8 9 -8 16 24 13 14 -13 -16 17 -11 -14 20 -1 28 -23 25 -3 -24 29 -17 -21 -27 -31
right_child=2 3 -4 4 -6 -7 7 -9 -10 10 -12 12 18 -15 15 27 -18 -19 -20 21 -22 22 23 -25 -26 26 -28 -29 -30 30 -32
leaf_value=-0.0045308059341260705 0.0080354598144471052 -0.0044484553937769794 0.027809688696309048 0.015944903106550161 -0.0014242703808370486 0.0045255774473118935 -0.0066162781810945714 0.0039610371317460461 -0.0080845005985349418 0.00018410099813571341 0.0047983590634070716 -0.00084109791433651944 -0.0064098776696194515 -0.0015118498729342327 0.012034033263041246 0.005945120034961119 0.0014426597705052698 -0.0064308158862989781 0.0003305851403189805 -0.0055683295991247059 0.0013851426785642452 1.9018356557761398e-05 -0.0087854555963228151 -0.00034101040381647179 0.0010707130342529252 -0.0013669504660603433 -0.0085008887939706998 0.00097725494791871129 -0.0093438771292810741 -0.0017149822332239786 -0.0084265319444239133
leaf_weight=138 102 153 170 115 129 157 177 154 125 117 139 131 101 168 107 168 125 183 103 151 110 107 144 100 116 106 108 103 153 122 112
leaf_count=138 102 153 170 115 129 157 177 154 125 117 139 131 101 168 107 168 125 183 103 151 110 107 144 100 116 106 108 103 153 122 112
internal_value=0.00014896 -0.00125511 0.0203944 0.00207195 0.00588641 0.0093536 -0.00343151 -0.00184278 -0.00287487 -0.00199605 -0.000546091 0.000741866 0.00159995 0.00298804 0.00447327 0.00631502 -0.00229404 -0.003851 -0.0030066 -0.004631 -0.0019068 -0.00524351 -0.00439695 -0.00507977 -0.00206844 -0.00588023 -0.00494641 0.00405696 -0.00746852 -0.00381734 -0.00492735
internal_weight=4194 3922 272 1551 401 272 2371 1020 866 741 564 1150 881 677 509 378 425 300 204 1351 248 1103 799 692 269 592 448 271 304 340 234
internal_count=4194 3922 272 1551 401 272 2371 1020 866 741 564 1150 881 677 509 378 425 300 204 1351 248 1103 799 692 269 592 448 271 304 340 234
is_linear=0
shrinkage=0.02


Tree=88
num_leaves=31
num_cat=0
split_feature=0 0 7 0 1 0 4 6 4 4 4 0 0 4 7 6 4 0 7 1 0 7 4 0 1 5 1 4 4 4
split_gain=286.243 68.1868 59.851 19.0169 27.1784 10.8485 14.6698 9.98143 20.9739 14.7595 12.8552 9.92446 10.3742 9.51953 11.9187 12.6504 9.31034 7.23375 5.93672 7.89159 5.41256 5.14353 5.1187 4.98837 6.13436 8.42572 7.35195 2.6067 2.38205 2.15573
threshold=6.3931512805431927 2.6487905746897868 5.5000000000000009 4.5780586166392263 0.18983347235131809 1.4510095537268637 0.045911298537840921 1.0000000180025095e-35 -0.0035816331797221962 -0.0017893745924712494 0.058324854518307122 4.1149730397473947 3.6676738817502117 0.0083355177019576489 4.5000000000000009 1.0000000180025095e-35 -0.098886721420699833 2.9365525690913596 12.500000000000002 0.084769634690370674 0.28118202214923776 8.5000000000000018 -0.066796557853931196 0.68959066771602073 0.05562192139955837 3.5000000000000004 0.036704561020292716 -0.0069723196149070136 -0.084643863696417701 -0.096862014511956696
decision_type=10 8 2 10 10 10 2 2 2 2 2 8 10 2 2 2 2 10 2 10 10 2 2 10 10 2 10 2 2 2
left_child=1 5 -2 7 -5 20 13 9 17 11 -11 12 16 14 -7 18 -3 -9 19 -16 21 -1 -13 27 25 -25 -27 29 -28 -22
right_child=2 3 -4 4 -6 6 -8 8 -10 10 -12 22 -14 -15 15 -17 -18 -19 -20 -21 23 -23 -24 24 -26 26 28 -29 -30 -31
leaf_value=-0.0044401899142784704 0.0078747504226425111 -0.0027967364452779293 0.027253494933247566 0.013636728217381806 0.0011657744574888498 -0.0064839524229578036 0.0038818163587106998 -0.0029014544973497169 0.011345208550138134 -0.0072237078701751179 0.0015414499246549826 0.0071956443712375799 -0.0059358054623007772 -0.0079228105919063093 -0.0011802820166155615 0.0047023917308492624 0.0044113566980728608 0.0040868459828197956 0.0014138065282441675 -0.0078307854920689375 -0.0080749748416244979 0.00135743998775301 0.0013143049269029412 -0.0070879049405539775 -0.0076548949074538878 -0.0056636378872725705 0.0020749077733991476 -0.0099062813438692138 -0.0015622362881059465 -0.0039324543790172526
leaf_weight=138 102 120 170 126 157 177 154 118 105 176 108 143 100 125 183 139 178 119 125 117 100 110 101 177 172 144 116 103 190 101
leaf_count=138 102 120 170 126 157 177 154 118 105 176 108 143 100 125 183 139 178 119 125 117 100 110 101 177 172 144 116 103 190 101
internal_value=0.000145981 -0.00123 0.0199865 0.00203051 0.00671821 -0.00336288 -0.00180593 0.000984281 0.00390412 -9.41053e-05 -0.00389048 0.00158529 -0.000361727 -0.00281737 -0.00195613 -0.000535169 0.00150877 0.000607439 -0.00224816 -0.00377398 -0.00453838 -0.00186866 0.00476116 -0.00513864 -0.00430901 -0.00339116 -0.00193711 -0.00731915 -0.00018345 -0.00599341
internal_weight=4194 3922 272 1551 283 2371 1020 1268 342 926 284 642 398 866 741 564 298 237 425 300 1351 248 244 1103 799 627 450 304 306 201
internal_count=4194 3922 272 1551 283 2371 1020 1268 342 926 284 642 398 866 741 564 298 237 425 300 1351 248 244 1103 799 627 450 304 306 201
is_linear=0
shrinkage=0.02


Tree=89
num_leaves=31
num_cat=0
split_feature=0 0 7 0 3 3 6 5 4 4 3 7 4 3 0 4 6 7 3 3 3 0 7 4 4 0 4 7 4 0
split_gain=274.907 65.4866 57.4809 18.2638 10.9946 10.4713 13.6731 21.7568 12.1945 17.2999 12.1614 8.62401 8.9732 7.49012 6.46233 7.6076 9.68385 8.35131 5.56128 7.8279 5.74532 11.6217 7.73388 5.08503 6.94372 6.23442 4.41942 4.02929 3.73767 7.18417
threshold=6.3931512805431927 2.6487905746897868 5.5000000000000009 4.5780586166392263 75.311026081233862 73.653900276550829 1.0000000180025095e-35 4.5000000000000009 -0.0017893745924712494 0.05607748346348259 66.542313864520864 6.5000000000000009 -0.084643863696417701 67.300669384425873 1.6652066715988549 0.036021486197618073 1.0000000180025095e-35 12.500000000000002 61.437285656264699 64.219782905081232 71.542671571890594 0.17915650417900955 7.5000000000000009 -0.072021478785134402 -0.03389437771641373 0.97194129909788141 1.0000000180025095e-35 9.5000000000000018 -0.1242058279096495 2.0013178716541318
decision_type=10 8 2 10 10 10 2 2 2 2 8 2 2 10 10 2 2 2 10 10 10 10 2 2 2 10 2 2 2 10
left_child=1 4 -2 5 14 6 8 -8 10 -10 -3 12 -12 -5 18 16 17 28 -1 -20 21 -21 -22 25 -25 -23 -26 -28 -16 -30
right_child=2 3 -4 13 -6 -7 7 -9 9 -11 11 -13 -14 -15 15 -17 -18 -19 19 20 22 23 -24 24 26 -27 27 -29 29 -31
leaf_value=-0.0076635855673161399 0.0077172555675839669 -0.0025066875722366952 0.026708425184054412 0.010014857198632977 0.0016048644410774986 -0.0040161305904738457 0.00012177584504213515 0.010850215104119532 -0.0077319075409698007 0.0029585417082496719 0.0055163984979726063 0.0077739842194360451 -0.002079963018913986 0.0034982440498151236 -0.0028435480658920991 0.0024542687733249725 0.0016932736752804981 0.00055396456187147469 -0.00024966476453767387 0.00081855878338357008 0.0020600333078465332 -0.0074547995258889511 -0.0052993689490055352 -0.012141441915690609 -0.0027537658105342136 -0.0017838319186857866 -0.0053759820229477354 -0.010532589212059976 -0.0033332668004609719 -0.010216790115859891
leaf_weight=186 102 173 170 134 170 149 158 145 149 102 121 143 128 149 113 121 134 105 193 107 109 138 120 103 103 177 135 110 107 140
leaf_count=186 102 173 170 134 170 149 158 145 149 102 121 143 128 149 113 121 134 105 193 107 109 138 120 103 103 177 135 110 107 140
internal_value=0.000143061 -0.0012054 0.0195867 0.0019899 -0.00329563 0.000964595 0.0016278 0.00525585 0.000280623 -0.00338758 0.00191022 0.00385951 0.00161144 0.00658385 -0.00367413 -0.00211986 -0.00304385 -0.00440896 -0.00442975 -0.00396527 -0.00461601 -0.00535563 -0.00179642 -0.00621808 -0.00757993 -0.00426826 -0.00622983 -0.00769119 -0.00585648 -0.00723486
internal_weight=4194 3922 272 1551 2371 1268 1119 303 816 251 565 392 249 283 2201 720 599 465 1481 1295 1102 873 229 766 451 315 348 245 360 247
internal_count=4194 3922 272 1551 2371 1268 1119 303 816 251 565 392 249 283 2201 720 599 465 1481 1295 1102 873 229 766 451 315 348 245 360 247
is_linear=0
shrinkage=0.02


Tree=90
num_leaves=34
num_cat=0
split_feature=0 0 4 7 0 5 4 4 3 0 4 1 0 4 3 7 7 3 3 1 4 0 3 3 1 0 3 0 0 4 3 3 4
split_gain=247.196 77.1095 26.6128 17.2066 15.9208 17.9854 23.1393 14.6336 17.9083 12.5142 11.8591 13.1387 14.3897 17.8503 18.7015 11.6179 8.74657 8.34001 11.7725 8.27351 12.9747 11.2831 8.07266 7.19232 6.1079 6.73258 5.42983 5.15796 7.7182 4.77167 4.24933 6.14116 2.97928
threshold=6.9390602385858582 1.9940662070406705 -0.18459815869514665 7.5000000000000009 3.6166350119063471 3.5000000000000004 -0.07073550826672971 -0.025089609428514358 68.749489161735696 3.2823826512813858 0.071718248032482251 0.12942664138722437 2.9532981339139615 -0.12516253069191388 63.059159530441526 11.500000000000002 6.5000000000000009 67.805975418828723 69.523575039584458 0.036704561020292716 -0.16387978920571578 0.28118202214923776 73.002519460515259 66.000043816704633 0.06211815891213187 1.3226870860567959 67.231125183511125 1.6154713413472963 1.0654555313471363 -0.011563449437994353 68.597908107094156 71.224244625291348 -0.078310639900841653
decision_type=10 8 2 2 10 2 2 2 10 10 2 10 10 2 8 2 2 8 10 10 2 10 10 10 10 10 10 10 10 2 10 10 2
left_child=1 19 16 -2 9 -6 -7 -8 -9 10 11 12 13 -4 -15 17 -3 -16 29 21 -21 26 23 27 25 -25 -1 28 -22 -19 32 -32 -23
right_child=3 2 4 -5 5 6 7 8 -10 -11 -12 -13 -14 14 15 -17 -18 18 -20 20 22 30 -24 24 -26 -27 -28 -29 -30 -31 31 -33 -34
leaf_value=0.0006289359286982026 0.015169299098819788 -0.0094025108079407727 0.0078853000630444113 0.026577656145568365 0.012439654271452215 0.0093208635324980461 -0.006114013503491879 -0.002678034705292833 0.0084872830203429478 -0.0047254554716249309 0.0080846478703941373 -0.0051653708644832175 0.0090348179064691069 0.0078153927598406774 -0.0074798910075432471 0.0039894198928590099 -0.0012895909327644488 -0.0010998549305779094 -0.0065255861729383467 0.0027729989639550877 0.00022393211158453871 -0.002983161181506544 0.00097580353123688599 -0.0069270584224923257 -0.009297873478786774 -0.0003754213956349036 -0.0055422829917751914 0.0013590289526941755 -0.0066098310998668674 0.0044059730753302573 -0.013088854395203513 -0.0064810033649477499 -0.0073015028039186171
leaf_weight=131 101 102 129 111 106 172 100 112 118 135 106 120 100 101 117 126 111 170 123 138 109 101 123 163 166 102 101 101 168 100 101 127 174
leaf_count=131 101 102 129 111 106 172 100 112 118 135 106 120 100 101 117 126 111 170 123 138 109 101 123 163 166 102 101 101 168 100 101 127 174
internal_value=0.000102895 -0.00102546 0.00153514 0.0211425 0.00227373 0.00495387 0.0033732 0.000273207 0.00305026 0.00104576 0.00169938 0.00107614 0.00185149 0.001022 -0.000179309 -0.00144891 -0.00517465 -0.00279249 -0.00139701 -0.00407265 -0.00295041 -0.0057064 -0.00379786 -0.00452365 -0.00628968 -0.0044053 -0.00205767 -0.00251 -0.00392073 0.000939341 -0.00738931 -0.00940817 -0.00571549
internal_weight=4165 3953 2148 212 1935 608 502 330 230 1327 1192 1086 966 866 737 636 213 510 393 1805 1070 735 932 809 431 265 232 378 277 270 503 228 275
internal_count=4165 3953 2148 212 1935 608 502 330 230 1327 1192 1086 966 866 737 636 213 510 393 1805 1070 735 932 809 431 265 232 378 277 270 503 228 275
is_linear=0
shrinkage=0.02


Tree=91
num_leaves=34
num_cat=0
split_feature=0 0 4 7 0 5 4 4 3 0 4 1 0 4 3 7 7 3 3 1 4 0 3 3 1 0 3 0 0 5 3 3 4
split_gain=237.407 74.056 25.5589 16.5252 15.2904 17.2732 22.223 14.0541 17.1991 12.0186 11.3894 12.6184 13.8199 17.1434 17.9609 11.1578 8.40021 8.00975 11.3063 7.94588 12.4609 10.8363 7.75298 6.90751 5.86603 6.46597 5.21481 4.95371 7.41256 4.65566 4.08106 5.89797 2.8613
threshold=6.9390602385858582 1.9940662070406705 -0.18459815869514665 7.5000000000000009 3.6166350119063471 3.5000000000000004 -0.07073550826672971 -0.025089609428514358 68.749489161735696 3.2823826512813858 0.071718248032482251 0.12942664138722437 2.9532981339139615 -0.12516253069191388 63.059159530441526 11.500000000000002 6.5000000000000009 67.805975418828723 69.523575039584458 0.036704561020292716 -0.16387978920571578 0.28118202214923776 73.002519460515259 66.000043816704633 0.06211815891213187 1.3226870860567959 67.231125183511125 1.6154713413472963 1.0654555313471363 4.5000000000000009 68.597908107094156 71.224244625291348 -0.078310639900841653
decision_type=10 8 2 2 10 2 2 2 10 10 2 10 10 2 8 2 2 8 10 10 2 10 10 10 10 10 10 10 10 2 10 10 2
left_child=1 19 16 -2 9 -6 -7 -8 -9 10 11 12 13 -4 -15 17 -3 -16 29 21 -21 26 23 27 25 -25 -1 28 -22 -19 32 -32 -23
right_child=3 2 4 -5 5 6 7 8 -10 -11 -12 -13 -14 14 15 -17 -18 18 -20 20 22 30 -24 24 -26 -27 -28 -29 -30 -31 31 -33 -34
leaf_value=0.00061635719839739443 0.014865912833426259 -0.0092144602800116812 0.0077275941411192109 0.026046103389413506 0.012190861242190707 0.0091344463078272646 -0.0059917333332821735 -0.0026244737919686096 0.0083175372985838832 -0.0046309463608044171 0.0079229550432624689 -0.005062063615982576 0.0088541215907782314 0.0076590847401040623 -0.0073302931508097127 0.0039096315619757491 -0.0012637992062278698 -0.0024499378992500261 -0.0063950744389397341 0.0027175388798333596 0.00021945349222749746 -0.0029234979397589618 0.00095628751903711787 -0.0067885171763736041 -0.0091119161239230483 -0.00036791310919558301 -0.0054314373306339923 0.0013318484324482407 -0.0064776344379078223 0.0029669236138995204 -0.012827077354903857 -0.0063513832240123446 -0.0071554726943502131
leaf_weight=131 101 102 129 111 106 172 100 112 118 135 106 120 100 101 117 126 111 102 123 138 109 101 123 163 166 102 101 101 168 168 101 127 174
leaf_count=131 101 102 129 111 106 172 100 112 118 135 106 120 100 101 117 126 111 102 123 138 109 101 123 163 166 102 101 101 168 168 101 127 174
internal_value=0.000100837 -0.00100496 0.00150443 0.0207197 0.00222826 0.00485479 0.00330574 0.000267742 0.00298925 0.00102485 0.00166539 0.00105462 0.00181446 0.00100156 -0.000175723 -0.00141993 -0.00507116 -0.00273665 -0.00136907 -0.0039912 -0.0028914 -0.00559227 -0.00372191 -0.00443318 -0.00616388 -0.00431719 -0.00201652 -0.0024598 -0.00384232 0.000920554 -0.00724152 -0.00922 -0.00560118
internal_weight=4165 3953 2148 212 1935 608 502 330 230 1327 1192 1086 966 866 737 636 213 510 393 1805 1070 735 932 809 431 265 232 378 277 270 503 228 275
internal_count=4165 3953 2148 212 1935 608 502 330 230 1327 1192 1086 966 866 737 636 213 510 393 1805 1070 735 932 809 431 265 232 378 277 270 503 228 275
is_linear=0
shrinkage=0.02


Tree=92
num_leaves=31
num_cat=0
split_feature=2 2 0 2 0 4 5 0 4 0 7 7 0 0 7 0 5 2 0 2 2 4 7 2 4 5 7 2 4 0
split_gain=268.925 117.672 73.784 28.5594 25.9666 26.5277 23.4075 16.4193 20.9452 13.8217 13.791 11.9592 13.5209 10.658 10.6277 11.6616 6.48942 5.53861 7.87151 5.84467 9.09656 15.6554 9.18224 5.21961 3.00683 2.95994 1.58445 2.45993 0.595616 0.0343639
threshold=8.0729166666666696 2.1291666666666669 6.9390602385858582 3.0801282051282057 1.7547023969053146 -0.10255454284553356 3.5000000000000004 5.4228497373525615 -0.072021478785134402 3.7158832183706596 2.5000000000000004 8.5000000000000018 2.622770580334945 2.8555378091181765 6.5000000000000009 1.459766586319341 4.5000000000000009 1.2247899159663869 2.5618879589502765 1.3923076923076925 1.5358974358974362 -0.088543423629606127 7.5000000000000009 2.9705882352941182 -0.072999556473884245 3.5000000000000004 10.500000000000002 0.8500000000000002 -0.023082327553791974 3.4556714527646242
decision_type=10 8 10 10 10 2 2 10 2 8 2 2 10 10 2 8 2 10 10 10 10 2 2 8 2 2 2 10 2 8
left_child=1 17 3 4 10 13 -7 8 9 -5 -3 23 -13 -6 -12 24 -10 25 19 -19 -21 -22 -23 -8 -16 -1 27 28 -27 -18
right_child=-2 2 -4 7 5 6 11 -9 16 -11 14 12 -14 -15 15 -17 29 18 -20 20 21 22 -24 -25 -26 26 -28 -29 -30 -31
leaf_value=-0.0039360825735888132 0.032500564866513017 0.0019593405023396733 0.016481605347133044 0.0059677551886825652 0.00095578141299122624 0.011193148602442495 0.0019534840195523048 -0.0020853283733129504 -0.00070449449074366235 0.015425584340353675 -0.0089436705715908033 -0.00075030590973648368 0.0084402783674209624 -0.0065751560106410744 -0.0026991899464374938 0.0021541283154992139 0.0052079815226607033 -0.00018676613878577629 -0.0088072721984906073 -0.0089039380270121409 0.0021697651071159482 -0.0020736339759567508 -0.010065907918483668 -0.003783422992884658 -0.0068960362153763811 -0.0068029488522320172 -0.0087464852710198385 -0.0045879304489332756 -0.0089239910589186348 0.0046836617225315428
leaf_weight=149 100 166 132 135 141 145 123 125 137 114 161 102 172 161 117 127 100 188 117 129 154 115 115 131 164 109 166 167 103 100
leaf_count=149 100 166 132 135 141 145 123 125 137 114 161 102 172 161 117 127 100 188 117 129 154 115 115 131 164 109 166 167 103 100
internal_value=9.88205e-05 -0.00069827 0.00192044 0.00112652 -0.000274177 0.00186566 0.00407556 0.00449528 0.005899 0.0102978 -0.00311274 0.00212092 0.00501897 -0.00305906 -0.00459246 -0.00287544 0.00264881 -0.00511994 -0.00400498 -0.00320346 -0.00430899 -0.00276537 -0.00606977 -0.00100531 -0.00514859 -0.00643411 -0.00711705 -0.00640337 -0.00783346 0.00494582
internal_weight=4165 4065 2553 2421 1710 975 673 711 586 249 735 528 274 302 569 408 337 1512 818 701 513 384 230 254 281 694 545 379 212 200
internal_count=4165 4065 2553 2421 1710 975 673 711 586 249 735 528 274 302 569 408 337 1512 818 701 513 384 230 254 281 694 545 379 212 200
is_linear=0
shrinkage=0.02


Tree=93
num_leaves=31
num_cat=0
split_feature=2 2 0 2 1 3 0 7 3 2 7 0 3 1 4 3 2 1 3 4 3 2 1 3 0 0 7 2 3 0
split_gain=258.276 113.012 70.8622 27.6016 25.3767 30.4881 21.6137 20.4062 15.9297 15.8353 12.9182 15.8504 12.3649 9.9391 9.61775 27.3684 36.58 24.5573 18.6432 15.9521 12.0322 9.08486 7.34628 10.1819 5.61832 5.38158 3.95514 3.58906 4.47079 0.837107
threshold=8.0729166666666696 2.1291666666666669 6.9390602385858582 3.5880952380952382 0.19467589523757825 67.231125183511125 1.459766586319341 2.5000000000000004 60.806026819193747 3.215384615384616 6.5000000000000009 0.28118202214923776 62.931752954678366 0.12942664138722437 -0.10255454284553356 67.4807667169609 2.3693181818181821 0.13158344116887136 69.051892460324822 0.0029366324923573036 71.127647329456138 1.2696969696969698 0.04451113192885426 66.443276747991604 0.97194129909788141 1.8359265054555542 12.500000000000002 0.78888888888888908 69.142558491087513 0.73367921933713443
decision_type=10 8 10 10 10 10 10 2 10 10 2 10 10 8 2 10 10 10 10 2 10 10 10 10 10 10 2 10 10 10
left_child=1 13 3 6 5 -5 7 -3 -8 12 -9 -12 -10 21 17 19 20 18 -14 -16 -17 26 -23 -24 -13 -25 27 29 -29 -1
right_child=-2 2 -4 4 -6 -7 8 10 9 -11 11 24 14 -15 15 16 -18 -19 -20 -21 -22 22 23 25 -26 -27 -28 28 -30 -31
leaf_value=-0.0081664293433652453 0.031850553068518639 0.00265140897477977 0.01615197303846027 0.014097084078916721 -0.0019854847159776977 0.0020105298329218396 -0.00577332639704562 -0.010151121949261807 0.0096378599730606133 -0.0051605603595574704 0.0032463784433632821 -0.0095226895108819019 0.0095917075999081142 -0.0094851403780789531 0.0027760206756110373 0.0070443141506984835 -0.00048957629664935648 -0.0084315751956881221 -0.0025608099248333304 -0.007761206245321093 0.015682762539730621 -0.0058887442401823059 0.0024771665009691128 -0.00093985326080159705 -0.00316250773280859 -0.006718453807009769 -0.0089853172255217606 -0.0017536021667589855 -0.0064694630887920726 -0.0057860803707702971
leaf_weight=132 100 192 132 177 131 158 108 141 101 105 111 100 100 176 130 128 173 106 102 103 130 197 176 132 125 126 141 179 146 107
leaf_count=132 100 192 132 177 131 158 108 141 101 105 111 100 100 176 130 128 173 106 102 103 130 197 176 132 125 126 141 179 146 107
internal_value=9.68441e-05 -0.000684305 0.00188203 0.00110399 0.005478 0.00839656 6.13851e-05 -0.00285422 0.00157813 0.00225212 -0.00507032 -0.0029382 0.0029775 -0.00501754 0.00228543 0.00364038 0.00662583 -0.000635646 0.00345529 -0.00188207 0.011397 -0.00442899 -0.00268572 -0.00123181 -0.00598926 -0.00376196 -0.00598928 -0.00524028 -0.00387211 -0.00710075
internal_weight=4165 4065 2553 2421 466 335 1955 669 1286 1178 477 336 1073 1512 972 664 431 308 202 233 258 1336 631 434 225 258 705 564 325 239
internal_count=4165 4065 2553 2421 466 335 1955 669 1286 1178 477 336 1073 1512 972 664 431 308 202 233 258 1336 631 434 225 258 705 564 325 239
is_linear=0
shrinkage=0.02


Tree=94
num_leaves=30
num_cat=0
split_feature=2 2 1 7 2 2 5 1 5 7 7 2 1 3 1 2 1 7 2 3 1 3 5 3 2 1 3 7 2
split_gain=248.048 108.537 39.9387 41.5136 48.9619 41.4321 51.9912 27.7444 25.5032 21.41 19.4336 16.74 13.6774 20.9948 13.2199 10.1814 9.54551 9.35653 8.7251 7.34191 7.05536 9.77873 4.81283 7.58916 4.60811 4.58216 3.8831 2.01157 2.4495
threshold=8.0729166666666696 2.1291666666666669 0.1354604335524405 4.5000000000000009 4.3000000000000007 5.9241071428571432 4.5000000000000009 0.1920513692156755 1.5000000000000002 2.5000000000000004 14.500000000000002 4.0811688311688323 0.1282888862916978 61.437285656264699 0.10720095234576736 4.0954545454545466 0.12942664138722437 11.500000000000002 1.2696969696969698 66.772947774404017 0.04451113192885426 66.443276747991604 4.5000000000000009 69.404023721689782 3.1213235294117649 0.067124777654234524 66.877424454102851 10.500000000000002 0.8500000000000002
decision_type=10 8 10 2 8 10 2 10 2 2 2 8 8 10 10 8 8 2 10 10 10 10 2 10 10 10 10 2 10
left_child=1 16 8 7 24 6 -6 -4 -3 11 12 -10 13 -11 15 19 18 26 22 -15 -20 -22 23 -1 -5 -23 -17 28 -24
right_child=-2 2 3 4 5 -7 -8 -9 9 10 -12 -13 -14 14 -16 17 -18 -19 20 -21 21 25 27 -25 -26 -27 -28 -29 -30
leaf_value=-0.0011822774861421851 0.031213542592874732 -0.007794052162021399 0.004692965896267976 -0.0025953422831458467 0.0056894040579597164 0.001554874442687089 0.022665907083933359 -0.0096887123338805815 0.00085381253771943811 -0.0084834287055241681 0.0071438716978375477 0.0099319880208331938 -0.007734728103098663 -0.0018726915413321095 0.0052124625491578435 -0.0017286750786633305 -0.0092954376138831406 0.002197480082933633 -0.0057709694044844155 0.0045588581430944589 0.0024276231943539724 -0.00041706292591627367 -0.007930331130436858 -0.0074377037876639778 0.0031835347098469928 -0.005859462042729701 -0.0066135165557779122 -0.0094523597094080137 -0.0040261417125987114
leaf_weight=171 100 150 112 107 120 110 181 103 162 115 124 163 115 116 194 104 176 106 197 183 176 103 161 142 114 155 174 124 107
leaf_count=171 100 150 112 107 120 110 181 103 162 115 124 163 115 116 194 104 176 106 197 183 176 103 161 142 114 155 174 124 107
internal_value=9.49072e-05 -0.000670619 0.00184439 0.00539456 0.00797708 0.0120591 0.0158979 -0.00219686 8.17886e-05 0.000841028 -0.000364413 0.00540687 -0.00120545 -0.000448527 0.00060508 -0.000703605 -0.00491719 -0.00285834 -0.00434041 0.00206367 -0.002632 -0.00120717 -0.0058695 -0.0040202 0.000385617 -0.00368672 -0.00478609 -0.0073461 -0.00637157
internal_weight=4165 4065 2553 847 632 411 301 215 1706 1556 1231 325 1107 992 877 683 1512 384 1336 299 631 434 705 313 221 258 278 392 268
internal_count=4165 4065 2553 847 632 411 301 215 1706 1556 1231 325 1107 992 877 683 1512 384 1336 299 631 434 705 313 221 258 278 392 268
is_linear=0
shrinkage=0.02


Tree=95
num_leaves=33
num_cat=0
split_feature=2 2 0 7 3 2 0 6 0 7 0 3 0 5 2 3 0 0 3 2 3 0 0 2 2 7 3 7 0 0 0 3
split_gain=177.711 62.0071 45.2119 63.1301 37.7653 21.7027 15.759 15.5253 16.6338 10.1124 9.89333 12.9723 12.8771 12.902 9.60162 7.46983 6.04835 15.2027 6.35851 5.71236 4.4563 5.38854 4.77616 5.73326 7.47138 4.14694 4.02113 3.36501 1.91566 1.47015 1.45858 0.459741
threshold=5.1339285714285721 2.1291666666666669 4.6445983770010271 9.5000000000000018 64.704259152214192 5.0937500000000009 0.992096441268563 1.0000000180025095e-35 3.6166350119063471 8.5000000000000018 3.7481353231738033 71.067341219216658 1.9996781157468813 4.5000000000000009 3.0606617647058827 70.890483517335426 1.459766586319341 2.153539103769194 67.771145679358568 0.90416666666666679 72.000016009949775 2.0013178716541318 1.6466261821024184 1.5504807692307694 1.3229166666666667 6.5000000000000009 64.832068266425793 7.5000000000000009 1.0011636705590508 0.66816961370035977 0.77889950659760365 66.542313864520864
decision_type=10 8 10 2 10 8 10 2 8 2 10 10 10 2 10 8 10 10 10 10 10 10 10 10 10 2 10 2 8 10 10 10
left_child=1 19 5 -4 -2 6 -3 -7 16 -6 11 12 -8 -14 -15 -10 26 -18 -19 28 21 22 23 24 25 -21 -9 -25 29 -1 -28 -23
right_child=4 2 3 -5 9 7 10 8 15 -11 -12 -13 13 14 -16 -17 17 18 -20 20 -22 31 -24 27 -26 -27 30 -29 -30 -31 -32 -33
leaf_value=-0.0067142004059187734 0.023410170569084583 0.0079234929990611574 0.00024267424696258137 0.02000779798935616 0.012529351781557004 -0.0086236136279949534 -0.0043890620027105887 -0.0085305497987195854 -0.00026110689790375465 0.0047929248019931764 -0.0041787364308697146 0.0061633546725432913 0.0071441188301524204 0.0030610160781929258 -0.0045686372667701255 0.007243637863732875 0.0039891821555228845 -0.0015077684497833252 -0.0082189877107016092 -0.0054649054515377984 -0.0067421229353915625 -0.0071056810953184085 0.0015262836205221495 0.0019309878553308191 -0.0093570600761709241 -3.3153487877412277e-05 -0.0019103569835424424 -0.0031204745265707933 -0.0084631908621246883 -0.0037706661118574224 -0.0053095059522299797 -0.0052112172004686163
leaf_weight=199 100 133 161 108 150 147 182 100 113 123 148 180 132 141 124 100 132 125 103 115 186 101 103 105 101 110 100 106 152 103 102 104
leaf_count=199 100 133 161 108 150 147 182 100 113 123 148 180 132 141 124 100 132 125 103 115 186 101 103 105 101 110 100 106 152 103 102 104
internal_value=-0.000280628 -0.00156853 0.000466352 0.00817811 0.0128953 -0.000539692 0.00149431 -0.00260952 -0.00159915 0.00904371 0.000551552 0.00147393 1.60737e-05 0.00203556 -0.000509086 0.00326225 -0.00316332 -0.00141237 -0.00453959 -0.00476267 -0.00393953 -0.00332263 -0.00241872 -0.0031754 -0.00483796 -0.00280938 -0.00525053 -0.000606714 -0.00663196 -0.00571028 -0.00362676 -0.00614459
internal_weight=4189 3816 2331 269 373 2062 1040 1022 875 273 907 759 579 397 265 213 662 360 228 1485 1031 845 640 537 326 225 302 211 454 302 202 205
internal_count=4189 3816 2331 269 373 2062 1040 1022 875 273 907 759 579 397 265 213 662 360 228 1485 1031 845 640 537 326 225 302 211 454 302 202 205
is_linear=0
shrinkage=0.02


Tree=96
num_leaves=33
num_cat=0
split_feature=2 2 0 3 2 4 3 2 4 3 0 3 2 4 4 3 1 1 1 0 1 0 1 3 2 3 5 3 0 0 1 1
split_gain=170.673 59.5517 43.4215 36.2698 26.5285 22.916 20.5376 29.5606 16.3159 16.2989 16.5277 13.8777 14.0327 9.87331 19.7109 21.4722 15.0914 13.0106 9.65504 7.68714 7.35074 10.9006 7.25091 8.52968 6.65647 3.29356 8.08067 4.74774 3.17963 5.20228 1.99675 1.6415
threshold=5.1339285714285721 2.1291666666666669 4.6445983770010271 64.704259152214192 2.1291666666666669 0.089508539372818108 57.717482632191917 4.2404761904761914 -0.010458110045942678 66.772947774404017 2.8179886567599257 65.157665470454887 2.7750000000000004 0.0029366324923573036 -0.036083722684697922 69.605894863502542 0.052394449629750393 0.077557928418083816 0.088239220334915769 3.3592455774620356 0.13335685159380004 2.4392666768905644 0.085498348501629712 64.219782905081232 1.296703296703297 72.176307465186795 3.5000000000000004 74.5236812435855 0.73367921933713443 1.1155935225428522 0.09059031418057388 0.061534984929071994
decision_type=10 8 10 10 10 2 10 8 2 10 10 10 10 2 2 10 8 10 8 10 8 10 10 10 10 10 2 10 10 10 8 10
left_child=1 20 5 -2 -4 6 -3 9 -5 11 18 12 -8 14 15 16 -9 -18 -11 -12 21 22 23 24 -1 26 -25 -27 -28 -30 -15 -31
right_child=3 2 4 8 -6 -7 7 13 -10 10 19 -13 -14 30 -16 -17 17 -19 -20 -21 -22 -23 -24 25 -26 27 28 -29 29 31 -32 -33
leaf_value=-0.0041227570584599386 0.022941967334691435 0.0052419926187083615 0.015338132348679531 0.0050570088331313694 0.0026281766345904716 0.0075991559406885737 -0.0044532141709250619 -0.0080747487809922965 0.015144295254812657 0.0032610171866505893 -0.004594816147502713 -0.0082619797567074944 0.0055175682673738761 -0.006060762349845825 0.0036380859671958856 -0.010099312803302056 0.0063155696678508831 -0.0029939519567415119 0.01116062182949289 0.0025411277655763803 -0.0086338578490540389 0.0020462346632176866 -0.0096976465539444449 -3.1012592216332757e-05 0.0027737213881178337 -0.010086347346680354 -0.0076451118569821125 -0.0042493397292088378 -0.00095625516516753496 -0.007933093423920649 -0.0098638549491901085 -0.0045276183189879009
leaf_weight=114 100 186 114 170 155 130 116 108 103 134 102 110 110 113 140 195 103 144 115 148 166 104 106 135 110 113 183 110 117 108 108 119
leaf_count=114 100 186 114 170 155 130 116 108 103 134 102 110 110 113 140 195 103 144 115 148 166 104 106 135 110 113 183 110 117 108 108 119
internal_value=-0.000275016 -0.00153716 0.000457025 0.0126374 0.00801455 -0.000528898 -0.00107582 -0.00174885 0.00886283 0.000969348 0.00326225 -0.00243589 0.000399822 -0.00424028 -0.00306193 -0.00476739 -0.00183859 0.000888156 0.00690943 -0.000370337 -0.00466742 -0.00416823 -0.00470017 -0.0042225 -0.000736094 -0.00510494 -0.0043968 -0.00720711 -0.00551518 -0.0043821 -0.00791929 -0.00614784
internal_weight=4189 3816 2331 373 269 2062 1932 1746 273 835 499 336 226 911 690 550 355 247 249 250 1485 1319 1215 1109 224 885 662 223 527 344 221 227
internal_count=4189 3816 2331 373 269 2062 1932 1746 273 835 499 336 226 911 690 550 355 247 249 250 1485 1319 1215 1109 224 885 662 223 527 344 221 227
is_linear=0
shrinkage=0.02


Tree=97
num_leaves=33
num_cat=0
split_feature=2 2 0 7 3 4 3 2 4 3 2 3 2 4 4 4 3 4 3 2 4 4 2 2 0 0 3 4 0 3 4 3
split_gain=163.915 57.1934 41.7021 60.526 34.8336 22.0085 19.7243 28.39 15.6698 15.6535 16.4655 13.3282 13.477 12.3631 9.48233 18.9303 20.6219 12.4197 8.18267 5.38232 4.64725 11.0226 10.6655 7.46161 12.1901 6.12442 6.00206 3.43101 3.07802 2.89175 3.88112 1.74385
threshold=5.1339285714285721 2.1291666666666669 4.6445983770010271 9.5000000000000018 64.704259152214192 0.089508539372818108 57.717482632191917 4.2404761904761914 -0.010458110045942678 66.772947774404017 2.4062500000000004 65.157665470454887 2.7750000000000004 -0.048085640573622593 0.0029366324923573036 -0.036083722684697922 69.605894863502542 -0.078310639900841653 64.832068266425793 0.90416666666666679 -0.1117109110598852 -0.085592574940403704 1.5358974358974362 1.5773809523809526 1.4896179688935105 1.6466261821024184 67.733867447727519 -0.11856671381958057 2.8179886567599257 70.754599490040988 -0.0044861812542592227 66.834196876498524
decision_type=10 8 10 2 10 2 10 8 2 10 10 10 10 2 2 2 10 2 10 10 2 2 10 10 10 10 8 2 8 10 2 10
left_child=1 19 5 -4 -2 6 -3 9 -6 11 -11 12 -8 28 15 16 17 18 -9 27 22 -22 -21 25 -25 26 -23 -1 -12 30 -29 -16
right_child=4 2 3 -5 8 -7 7 14 -10 10 13 -13 -14 -15 31 -17 -18 -19 -20 20 21 23 -24 24 -26 -27 -28 29 -30 -31 -32 -33
leaf_value=-0.0031172962841577827 0.022483128175511954 0.0051371527201325828 8.4208914929110072e-05 0.019437393817567716 0.0049558683340163792 0.0074471725938268576 -0.0043641498871147631 -0.0033343965914687732 0.014841409324876313 0.010150749826124896 0.00032388764172792435 -0.0080967403716323046 0.0054072170415046536 0.004942525974063432 -0.0058243974560115595 0.0035653241530859041 -0.0098973264783047705 -0.0074216697067705862 0.0039958201994498574 -0.0095219870058626133 0.0031676198900038124 -0.00036343742656496774 -0.0018057633067856747 -0.0019288361600854182 -0.011092351621728603 0.00136473950793358 -0.0063247175107382994 -0.01082641962661662 -0.0046260912506149547 -0.0044516980948818771 -0.0058674762632759392 -0.009390792479117711
leaf_weight=100 100 186 161 108 170 130 116 111 103 107 100 110 110 191 101 140 195 109 135 154 102 113 134 110 123 127 168 132 101 101 121 120
leaf_count=100 100 186 161 108 170 130 116 111 103 107 100 110 110 191 101 140 195 109 135 154 102 113 134 110 123 127 168 132 101 101 121 120
internal_value=-0.000269515 -0.00150641 0.000447885 0.00785426 0.0123847 -0.00051832 -0.0010543 -0.00171387 0.00868558 0.000949961 0.00319701 -0.00238717 0.000391825 0.00129892 -0.00415547 -0.00300069 -0.00467204 -0.00180181 0.000688283 -0.00457407 -0.00377506 -0.00293908 -0.0059318 -0.00391081 -0.00676623 -0.00228014 -0.00392748 -0.00638855 -0.00216342 -0.00731264 -0.00845475 -0.0077609
internal_weight=4189 3816 2331 269 373 2062 1932 1746 273 835 499 336 226 392 911 690 550 355 246 1485 1031 743 288 641 233 408 281 454 201 354 253 221
internal_count=4189 3816 2331 269 373 2062 1932 1746 273 835 499 336 226 392 911 690 550 355 246 1485 1031 743 288 641 233 408 281 454 201 354 253 221
is_linear=0
shrinkage=0.02


Tree=98
num_leaves=33
num_cat=0
split_feature=2 2 0 7 3 4 3 2 4 3 2 3 2 4 4 4 3 1 1 1 0 1 3 2 3 3 0 4 3 3 7 1
split_gain=157.424 54.9286 40.0507 58.1292 33.4541 21.137 18.9432 27.2658 15.0493 15.0336 15.8135 12.8004 12.9433 11.8735 9.10683 18.1807 19.8053 14.4523 12.5114 7.0568 10.4243 6.99973 8.1426 6.27009 3.16643 4.55852 2.95613 2.75675 3.22985 3.79619 3.22518 1.91056
threshold=5.1339285714285721 2.1291666666666669 4.6445983770010271 9.5000000000000018 64.704259152214192 0.089508539372818108 57.717482632191917 4.2404761904761914 -0.010458110045942678 66.772947774404017 2.4062500000000004 65.157665470454887 2.7750000000000004 -0.048085640573622593 0.0029366324923573036 -0.036083722684697922 69.605894863502542 0.052394449629750393 0.077557928418083816 0.13335685159380004 2.4392666768905644 0.085498348501629712 64.219782905081232 1.296703296703297 72.176307465186795 74.5236812435855 2.8179886567599257 0.058324854518307122 68.061504418661812 66.772947774404017 8.5000000000000018 0.09059031418057388
decision_type=10 8 10 2 10 2 10 8 2 10 10 10 10 2 2 2 10 8 10 8 10 10 10 10 10 10 8 2 10 10 2 8
left_child=1 19 5 -4 -2 6 -3 9 -6 11 -11 12 -8 26 15 16 17 -9 -19 20 21 22 23 -1 27 -26 -12 28 29 -24 -30 -16
right_child=4 2 3 -5 8 -7 7 14 -10 10 13 -13 -14 -15 31 -17 -18 18 -20 -21 -22 -23 24 -25 25 -27 -28 -29 30 -31 -32 -33
leaf_value=-0.0039248713658174925 0.022033465325040743 0.0050344097823444732 8.2524812994351309e-05 0.019048645766969356 0.0048567510014947725 0.0072982293526068897 -0.0042768668447187618 -0.0078684732897414105 0.014544580970140338 0.0099477348086711402 0.00031740990281105042 -0.0079348056245574054 0.0052990724054080519 0.0048436754588915415 -0.005787710815470303 0.0034940177331612048 -0.0096993799862475725 0.0062248748421524338 -0.0029042943467943085 -0.0083689120813155073 0.0020837044364844376 -0.0094238281753880656 -0.003380115311246048 0.0027684583458837796 -0.0097890108886413869 -0.0040695043531331146 -0.0045335695741347748 -0.0072017096007654735 -0.0041513626952993047 -0.008099054446396043 0.00028360253356397153 -0.0095078217182998307
leaf_weight=114 100 186 161 108 170 130 116 108 103 107 100 110 110 191 113 140 195 103 144 166 104 106 188 110 113 110 101 104 138 107 125 108
leaf_count=114 100 186 161 108 170 130 116 108 103 107 100 110 110 191 113 140 195 103 144 166 104 106 188 110 113 110 101 104 138 107 125 108
internal_value=-0.000264125 -0.00147629 0.000438927 0.00769718 0.012137 -0.000507954 -0.00103321 -0.00167959 0.00851187 0.000930962 0.00313307 -0.00233943 0.000383989 0.00127294 -0.00407236 -0.00294068 -0.0045786 -0.00176578 0.000902606 -0.00448259 -0.00399348 -0.00451367 -0.00404435 -0.000637968 -0.00490653 -0.00696773 -0.00212015 -0.0042122 -0.00365501 -0.00509173 -0.00204349 -0.00760568
internal_weight=4189 3816 2331 269 373 2062 1932 1746 273 835 499 336 226 392 911 690 550 355 247 1485 1319 1215 1109 224 885 223 201 662 558 295 263 221
internal_count=4189 3816 2331 269 373 2062 1932 1746 273 835 499 336 226 392 911 690 550 355 247 1485 1319 1215 1109 224 885 223 201 662 558 295 263 221
is_linear=0
shrinkage=0.02


end of trees

feature_importances:
prior_carries_pg=616
wt_carries=583
wt_team_total_plays=558
wt_carry_share=487
def_rush_epa_adj=388
games_played_so_far=241
draft_tier_int=139
is_cold_start_int=59

parameters:
[boosting: gbdt]
[objective: regression]
[metric: rmse]
[tree_learner: serial]
[device_type: cpu]
[data_sample_strategy: bagging]
[data: ]
[valid: ]
[num_iterations: 99]
[learning_rate: 0.02]
[num_leaves: 63]
[num_threads: 1]
[seed: 42]
[deterministic: 0]
[force_col_wise: 0]
[force_row_wise: 0]
[histogram_pool_size: -1]
[max_depth: -1]
[min_data_in_leaf: 100]
[min_sum_hessian_in_leaf: 0.001]
[bagging_fraction: 0.8]
[pos_bagging_fraction: 1]
[neg_bagging_fraction: 1]
[bagging_freq: 5]
[bagging_seed: 400]
[bagging_by_query: 0]
[feature_fraction: 0.8]
[feature_fraction_bynode: 1]
[feature_fraction_seed: 30056]
[extra_trees: 0]
[extra_seed: 12879]
[early_stopping_round: 0]
[early_stopping_min_delta: 0]
[first_metric_only: 0]
[max_delta_step: 0]
[lambda_l1: 0]
[lambda_l2: 0]
[linear_lambda: 0]
[min_gain_to_split: 0]
[drop_rate: 0.1]
[max_drop: 50]
[skip_drop: 0.5]
[xgboost_dart_mode: 0]
[uniform_drop: 0]
[drop_seed: 17869]
[top_rate: 0.2]
[other_rate: 0.1]
[min_data_per_group: 100]
[max_cat_threshold: 32]
[cat_l2: 10]
[cat_smooth: 10]
[max_cat_to_onehot: 4]
[top_k: 20]
[monotone_constraints: ]
[monotone_constraints_method: basic]
[monotone_penalty: 0]
[feature_contri: ]
[forcedsplits_filename: ]
[refit_decay_rate: 0.9]
[cegb_tradeoff: 1]
[cegb_penalty_split: 0]
[cegb_penalty_feature_lazy: ]
[cegb_penalty_feature_coupled: ]
[path_smooth: 0]
[interaction_constraints: ]
[verbosity: -1]
[saved_feature_importance_type: 0]
[use_quantized_grad: 0]
[num_grad_quant_bins: 4]
[quant_train_renew_leaf: 0]
[stochastic_rounding: 1]
[linear_tree: 0]
[max_bin: 255]
[max_bin_by_feature: ]
[min_data_in_bin: 3]
[bin_construct_sample_cnt: 200000]
[data_random_seed: 175]
[is_enable_sparse: 1]
[enable_bundle: 1]
[use_missing: 1]
[zero_as_missing: 0]
[feature_pre_filter: 0]
[pre_partition: 0]
[two_round: 0]
[header: 0]
[label_column: ]
[weight_column: ]
[group_column: ]
[ignore_column: ]
[categorical_feature: ]
[forcedbins_filename: ]
[precise_float_parser: 0]
[parser_config_file: ]
[objective_seed: 16083]
[num_class: 1]
[is_unbalance: 0]
[scale_pos_weight: 1]
[sigmoid: 1]
[boost_from_average: 1]
[reg_sqrt: 0]
[alpha: 0.9]
[fair_c: 1]
[poisson_max_delta_step: 0.7]
[tweedie_variance_power: 1.5]
[lambdarank_truncation_level: 30]
[lambdarank_norm: 1]
[label_gain: ]
[lambdarank_position_bias_regularization: 0]
[eval_at: ]
[multi_error_top_k: 1]
[auc_mu_weights: ]
[num_machines: 1]
[local_listen_port: 12400]
[time_out: 120]
[machine_list_filename: ]
[machines: ]
[gpu_platform_id: -1]
[gpu_device_id: -1]
[gpu_use_dp: 0]
[num_gpu: 1]

end of parameters
