tree
version=v4
num_class=1
num_tree_per_iteration=1
label_index=0
max_feature_idx=18
objective=regression
feature_names=wt_carry_share wt_target_share wt_snap_share wt_team_total_plays def_rush_epa_adj draft_tier_int is_cold_start_int games_played_so_far baseline_carry_share baseline_target_share baseline_snap_share baseline_team_total_plays own_q_int own_practice_int weeks_missed return_from_absence above_new_out_share above_q_share above_long_out_share
feature_infos=[0:1] [0:1] [0:1] [48:102] [-0.66567989472863298:0.38652220373099205] [1:5] [0:1] [0:16] [0:0.95634920634920639] [0:0.82608695652173914] [0:0.96083333333333332] [58.5:75.875] [0:1] [0:3] [0:8] [0:1] [0:0.96624407577243954] [0:0.98687212207109198] [0:1.4423853155164987]
tree_sizes=2802 2853 2836 2869 2814 2841 2870 2837 2857 2864 2895 2792 2857 2845 2916 2890 2890 2902 2928 2964 2906 2885 2835 2926 2878 2893 2953 2921 2862 2941 2890 2860 2888 2908 2921 2868 2896 2902 2966 2989 2900 2880 2889 3017 2967 3011 2899 2962 2870 2958 2993 2883 2954 2921 2917 2932 2936 3035 2862 2889 3003 2867 2899 2964 2897 2956 2956 2933 2828 2928 2926 2944 2913 3019 2937 2949 2934 2922 2871 2922 2966 2995 2951 3009 3017 2938 2966 2981 2935 2971 2999 3004 2930 2977 3022 3019 3035

Tree=0
num_leaves=31
num_cat=0
split_feature=0 0 2 0 8 8 2 7 16 8 2 8 0 0 8 1 1 0 9 18 17 1 16 6 14 1 18 2 11 11
split_gain=129403 24790.5 17236.1 3894.8 3691.87 3475.01 3169.42 3134.36 2218.49 1309.66 1301.23 1263.77 1259.89 1145.62 1103.39 977.059 861.497 821.271 547.701 516.469 462.129 450.031 410.39 396.957 396.89 371.979 358.608 365.895 345.441 450.948
threshold=0.43321406716075811 0.17392394222456045 0.64080080806495909 0.55419310810122113 0.043936556577006021 0.4596610032851644 0.8041730608159009 1.0000000180025095e-35 0.41501372255292718 0.77618447027856996 0.48977086302116113 0.60456624603534836 0.33201572571147803 0.71681656891802248 0.49666448188443008 0.34428408469896993 0.19224058725928145 0.77698705827973258 0.12078438802576735 0.58833125451412838 0.58578431372549034 0.44725061158263441 0.82536348359696343 1.0000000180025095e-35 1.5000000000000002 0.62508711102184356 0.87699911270572628 0.20638438513316021 69.090073529411782 68.156250000000014
decision_type=10 8 10 10 2 2 10 2 10 2 8 2 10 10 2 10 10 10 2 10 10 10 10 2 10 10 10 8 2 2
left_child=1 4 3 15 -1 8 13 11 12 -8 24 -7 26 -4 17 -2 19 21 -15 -9 -14 -12 -6 25 -5 -16 27 -3 29 -20
right_child=2 5 6 10 22 7 9 16 -10 -11 14 -13 20 18 23 -17 -18 -19 28 -21 -22 -23 -24 -25 -26 -27 -28 -29 -30 -31
leaf_value=12.753336189184589 13.13693989621129 12.905414533053813 13.358894020021923 13.224201742664665 12.876833216019183 13.142983982786276 13.529068348897342 12.985289391300816 13.265109499661156 13.743817210247181 13.204720418012558 13.366224118780385 13.051090013238044 13.245982680435201 13.344640207763806 13.253594859479167 13.111937094963181 13.440213452416954 13.474856075144464 13.276511524755058 13.35367498629352 13.374358748036919 13.149279381897916 13.506090020889618 12.919409252027785 13.625469866035678 13.262136524755059 12.972861401392965 13.410284674669271 13.595136531907617
leaf_weight=1192 712 241 367 368 1088 118 176 314 74 119 298 137 430 26 679 240 351 52 353 15.999999999999998 12.999999999999998 45 13.999999999999998 43 10.999999999999998 11.999999999999998 9.9999999999999982 1214 135 100
leaf_count=1192 712 241 367 368 1088 118 176 314 74 119 298 137 430 26 679 240 351 52 353 16 13 45 14 43 11 12 10 1214 135 100
internal_value=13.0983 12.9373 13.3229 13.2455 12.8143 13.034 13.472 13.1134 12.9965 13.6157 13.2955 13.2629 12.9861 13.4288 13.3224 13.1663 13.0574 13.255 13.4706 12.9994 13.06 13.227 12.8803 13.3587 13.2154 13.3495 12.9637 12.9617 13.4805 13.5014
internal_weight=8948 5212 3736 2460 2294 2918 1276 936 1982 295 1508 255 1908 981 1129 952 681 395 614 330 443 343 1102 734 379 691 1465 1455 588 453
internal_count=8948 5212 3736 2460 2294 2918 1276 936 1982 295 1508 255 1908 981 1129 952 681 395 614 330 443 343 1102 734 379 691 1465 1455 588 453
is_linear=0
shrinkage=1


Tree=1
num_leaves=31
num_cat=0
split_feature=0 0 2 10 0 0 2 7 2 0 8 8 9 8 2 8 2 0 11 8 0 8 17 0 17 3 9 6 9 0
split_gain=116786 22382.5 15555.6 4393.56 3556.36 3515.06 2868.62 2703.09 1174.36 1083.07 995.809 933.236 951.539 847.496 783.427 765.013 918.897 741.197 537.497 527.904 505.291 467.978 451.775 445.018 420.742 398.904 374.049 358.254 357.919 356.56
threshold=0.43321406716075811 0.18107742625375847 0.64080080806495909 0.55077724358974367 0.040103919514904017 0.55419310810122113 0.77942130772640195 2.5000000000000004 0.48977086302116113 0.32956991768592547 0.49666448188443008 0.77618447027856996 0.41417201235447859 0.61408730158730174 0.41223422668282295 0.41436210847975558 0.28092620178158489 0.77698705827973258 69.090073529411782 0.49918032786885252 0.36149998052766935 0.12543706293706297 0.88054437176594413 0.69139511469733061 0.72122052185346275 70.054470062236589 0.35495558672276772 1.0000000180025095e-35 0.148573713676353 0.75844096342545819
decision_type=10 8 10 2 10 10 10 2 8 10 2 2 2 2 10 2 8 10 2 2 8 2 10 10 10 10 2 2 2 10
left_child=1 4 5 9 -1 14 13 19 -7 15 17 -8 -13 18 -2 24 -17 -10 29 -5 -9 -11 -6 -15 -3 26 -18 -12 -23 -4
right_child=2 3 6 7 22 8 11 20 10 21 27 12 -14 23 -16 16 25 -19 -20 -21 -22 28 -24 -25 -26 -27 -28 -29 -30 -31
leaf_value=-0.32204584454709134 0.014409048848140699 -0.12409656288253601 0.24619915039915791 -0.023374096676707271 -0.20174772762343443 0.11245122005705942 0.40869887392520909 -0.09290181944264217 0.12349083909531376 0.15824116576695815 0.23990475463798183 0.22640524705251061 0.6142931564037617 0.26770747073318651 0.10585379609560122 -0.15136309292953032 0.0073012322466443434 0.32606624777500448 0.16068699727100988 0.27837875876091905 0.070193317882626893 -0.099607278460766696 0.1203560547395186 0.38136427770463793 0.1733143724501133 -0.11866425748409358 0.22245593653483825 0.3886489827272504 -0.015815837024446062 0.35685998219049586
leaf_weight=1286 416 1317 190 15.999999999999998 1051 379 250 111 343 32 691 18 130 115 536 147 247 52 112 154 83 172 10.999999999999998 343 11.999999999999998 59 22 43 492 118
leaf_count=1286 416 1317 190 16 1051 379 250 111 343 32 691 18 130 115 536 147 247 52 112 154 83 172 11 343 12 59 22 43 492 118
internal_value=0.00124308 -0.151691 0.214598 -0.0578734 -0.266126 0.141118 0.356259 0.104424 0.188606 -0.0815039 0.214171 0.467608 0.567118 0.305784 0.0658947 -0.101945 -0.0474824 0.150159 0.254486 0.249978 -0.023124 -0.0285203 -0.198411 0.352826 -0.121411 -0.000926086 0.0248975 0.248619 -0.0375208 0.288595
internal_weight=8948 5212 3736 2864 2348 2460 1276 364 1508 2500 1129 398 148 878 952 1804 475 395 420 170 194 696 1062 458 1329 328 269 734 664 308
internal_count=8948 5212 3736 2864 2348 2460 1276 364 1508 2500 1129 398 148 878 952 1804 475 395 420 170 194 696 1062 458 1329 328 269 734 664 308
is_linear=0
shrinkage=0.05


Tree=2
num_leaves=31
num_cat=0
split_feature=0 0 2 10 0 8 2 0 16 0 8 10 0 18 3 8 1 3 1 17 0 2 2 18 11 13 8 3 6 2
split_gain=105400 20236.2 14038.9 4211.68 3172.34 2752.64 2594.27 2342.63 2116.69 1105.59 1073.04 1070.53 942.646 892.624 881.982 914.806 850.511 656.459 647.144 646.938 578.584 493.973 457.095 438.735 386.415 418.788 385.516 382.132 443.446 380.654
threshold=0.43321406716075811 0.16314670857666647 0.64080080806495909 0.55077724358974367 0.55419310810122113 0.017908017908017913 0.8041730608159009 0.38051808045421659 0.48005134827323132 0.29520693471759257 0.77618447027856996 0.49174107142857154 0.71681656891802248 0.55440581997992366 1.0000000180025095e-35 0.24930555555555559 0.34428408469896993 74.235578758772974 0.61549665262414754 0.43645895091649811 0.74256087799873094 0.48708728456084716 0.60972972763307776 0.77559273226161374 69.152573529411782 2.5000000000000004 0.51116019294237125 71.461771610482984 1.0000000180025095e-35 0.34960742252358329
decision_type=10 8 10 2 10 2 10 8 10 10 2 2 10 10 10 2 10 8 10 10 10 10 10 10 2 10 2 10 2 10
left_child=1 5 4 8 16 -1 12 -5 9 14 -8 18 -4 29 15 -3 27 -9 20 23 24 -13 -22 -16 25 -6 -26 -2 -29 -11
right_child=2 3 6 7 11 -7 10 17 -10 13 -12 21 -14 -15 19 -17 -18 -19 -20 -21 22 -23 -24 -25 26 -27 -28 28 -30 -31
leaf_value=-0.31248759411114119 0.014964361696234552 -0.16491530830160195 0.23595467535651996 -0.050881232068040017 0.0047852525168711009 -0.20057472911172811 0.39004346430724995 0.081955978853835001 0.1764144915458444 -0.09207515185233206 0.58442706354431995 0.12755743763276509 0.33724352088136866 0.12122500046883544 -0.14810176881302539 0.0095331397677256065 0.14400028135006626 0.26707830323831189 0.45703725414350632 0.011337940726015303 0.18186929976800459 0.24583841081076582 0.40171545250662444 0.036782689844117027 0.12148813878160876 0.11672148930250542 0.25827991245668147 0.052516469054046222 0.23767257304015488 -0.025988766372626749
leaf_weight=1155 546 109 367 153 111 1048 176 72 77 460 119 105 614 73 1161 242 240 143 15.999999999999998 72 128 554 29 33 148 338 79 122 44 414
leaf_count=1155 546 109 367 153 111 1048 176 72 77 460 119 105 614 73 1161 242 240 143 16 72 128 554 29 33 148 338 79 122 44 414
internal_value=0.00118093 -0.144106 0.203868 -0.0598063 0.134062 -0.259249 0.338446 0.0986636 -0.0818877 -0.0896448 0.468456 0.179176 0.299351 -0.0467418 -0.114771 -0.0446403 0.0626 0.205084 0.14206 -0.134215 0.13601 0.226992 0.222478 -0.142992 0.115928 0.0890491 0.169094 0.0351617 0.101594 -0.0607711
internal_weight=8948 5212 3736 3009 2460 2203 1276 368 2641 2564 295 1508 981 947 1617 351 952 215 849 1266 833 659 157 1194 676 449 227 712 166 874
internal_count=8948 5212 3736 3009 2460 2203 1276 368 2641 2564 295 1508 981 947 1617 351 952 215 849 1266 833 659 157 1194 676 449 227 712 166 874
is_linear=0
shrinkage=0.05


Tree=3
num_leaves=31
num_cat=0
split_feature=0 0 2 10 0 2 7 2 16 0 14 11 1 10 0 7 18 9 2 0 0 3 11 1 3 10 10 14 14 9
split_gain=95167.8 19930.4 11307.9 3221.36 2917.2 2348.51 2303.18 2302.77 2214.17 1362.87 765.623 739.021 709.833 688.268 672.845 621.839 600.724 546.377 545.267 538.944 495.366 523.508 438.402 434.468 425.345 421.966 412.682 438.19 402.254 396.607
threshold=0.45550854587205075 0.18107742625375847 0.64080080806495909 0.54494047619047625 0.040103919514904017 0.77942130772640195 2.5000000000000004 0.50044147015155527 0.41501372255292718 0.32956991768592547 1.5000000000000002 69.090073529411782 0.49795363733036163 0.71136363636363653 0.57220570652704106 1.0000000180025095e-35 0.5358611093726301 0.40556217975572822 0.34960742252358329 0.55741073777900108 0.761980103874772 57.022351797862008 74.000000000000014 0.090099913426325992 64.296527020582062 0.46031250000000007 0.4455520833333334 1.0000000180025095e-35 1.0000000180025095e-35 0.29604685504469991
decision_type=10 8 10 2 10 10 2 10 10 10 10 2 10 2 10 2 10 2 10 10 10 10 2 10 10 2 2 10 10 2
left_child=1 4 7 8 -1 11 24 10 9 15 12 20 19 -7 -9 -3 23 -15 -11 22 -4 -22 -2 -17 -5 -16 27 -18 -10 -21
right_child=2 3 5 6 -6 13 -8 14 28 18 -12 -13 -14 17 25 16 26 -19 -20 29 21 -23 -24 -25 -26 -27 -28 -29 -30 -31
leaf_value=-0.29093704432318596 0.040731947859864177 -0.04078866770240161 0.26574486024015598 0.25378871268662467 -0.17896252244416266 0.36646064174563991 -0.018031022714412943 0.12134077569366666 0.24186028603351481 -0.066079317221103454 -0.11810723197129039 0.20452477086700649 0.32072376184391255 0.15893429951234297 0.16190331804607216 -0.16642581698136028 0.061006190174299736 0.52345692814063804 0.016178718419672604 0.10188063345513904 0.00040209554135799412 0.36890880732720066 0.35993712856010962 -0.10457749653302889 0.049985430077199015 0.23465128232286184 0.21715070357960134 -0.1623711791155594 -0.01410582222044468 0.2221889584336752
leaf_weight=1286 486 349 346 147 1062 230 245 307 66 376 45 255 33 10.999999999999998 317 422 46 157 434 444 9.9999999999999982 266 10.999999999999998 868 31 537 18 42 20 81
leaf_count=1286 486 349 346 147 1062 230 245 307 66 376 45 255 33 11 317 422 46 157 434 444 10 266 11 868 31 537 18 42 20 81
internal_value=0.00112189 -0.130682 0.202854 -0.0466872 -0.240291 0.321923 0.0814158 0.135709 -0.067205 -0.0756043 0.0838695 0.276209 0.0924846 0.422656 0.184826 -0.100484 -0.115408 0.499589 -0.0220053 0.0851148 0.305597 0.355557 0.0477969 -0.12481 0.218295 0.207648 -0.000986718 -0.0456057 0.182333 0.120442
internal_weight=8948 5412 3536 3064 2348 1275 423 2261 2641 2555 1100 877 1055 398 1161 1745 1396 168 810 1022 622 276 497 1290 178 854 106 88 86 525
internal_count=8948 5412 3536 3064 2348 1275 423 2261 2641 2555 1100 877 1055 398 1161 1745 1396 168 810 1022 622 276 497 1290 178 854 106 88 86 525
is_linear=0
shrinkage=0.05


Tree=4
num_leaves=31
num_cat=0
split_feature=0 0 0 10 0 8 0 7 16 8 8 14 9 0 8 16 7 7 10 8 3 3 9 10 0 11 3 9 10 11
split_gain=85943.8 16490.5 10802.7 3437.32 2439.87 2273.23 2129.33 2013.86 1726.61 1094.59 971.756 912.827 788.901 786.758 948.503 716.015 488.387 555.426 459.322 458.387 431.293 421.131 421.127 410.644 401.504 398.932 453.424 392.014 388.865 526.505
threshold=0.43321406716075811 0.16314670857666647 0.70933892501190765 0.55077724358974367 0.55137200071476122 0.043936556577006021 0.85720347292591781 2.5000000000000004 0.48005134827323132 0.49666448188443008 0.78854723707664898 1.0000000180025095e-35 0.18191984359726299 0.28209796718356178 0.41436210847975558 0.43601436677685507 14.500000000000002 3.5000000000000004 0.49619047619047624 0.49918032786885252 71.461771610482984 70.054470062236589 0.47992773986350873 0.5664583333333334 0.36149998052766935 66.687500000000014 67.138368621190807 0.34746676248652536 0.76167582417582425 67.906250000000014
decision_type=10 8 10 2 10 2 10 2 10 2 2 8 2 10 2 10 2 2 2 2 10 10 2 2 8 2 10 2 2 2
left_child=1 5 4 8 15 -1 12 19 11 22 16 13 18 14 -3 20 17 -8 -4 -5 23 27 -6 -2 -9 -12 -27 -16 -14 -30
right_child=2 3 6 7 9 -7 10 24 -10 -11 25 -13 28 -15 21 -17 -18 -19 -20 -21 -22 -23 -24 -25 -26 26 -28 -29 29 -31
leaf_value=-0.28088881761135925 0.013651628428514355 -0.11849299339788225 0.13584981897646295 -0.039354308322072033 0.096238605754525336 -0.1789703141367836 0.23761439640074969 -0.079735989463718043 0.1593123525961653 0.19705898665499033 0.41120784293521534 -0.14137299933080114 0.26932200907864484 -0.029665497506237079 -0.0091644841061614239 0.42726006966370805 0.11024409220332193 0.41159061185187762 0.33495742623295105 0.2418293128080376 0.1110408917222111 -0.14679067868452808 0.29202563413258259 0.10482789176346373 0.064561751825981825 0.43056206145772236 0.69199177220810304 0.21623184936387196 0.58822276255358819 0.30092230495065453
leaf_weight=1191 553 893 168 15.999999999999998 519 1012 64 115 77 858 55 503 711 858 237 12.999999999999998 21 162 35 154 244 52 29 159 83 27 43 21 23 52
leaf_count=1191 553 893 168 16 519 1012 64 115 77 858 55 503 711 858 237 13 21 162 35 154 244 52 29 159 83 27 43 21 23 52
internal_value=0.00106579 -0.130129 0.184092 -0.0540292 0.11973 -0.23407 0.296406 0.0891332 -0.0739777 0.161802 0.39838 -0.0809837 0.25805 -0.0662453 -0.0923346 0.0586846 0.340891 0.362323 0.170179 0.215365 0.0536726 -0.0169814 0.1066 0.0340126 -0.0192475 0.511978 0.591155 0.00918173 0.280744 0.389028
internal_weight=8948 5212 3736 3009 2375 2203 1361 368 2641 1406 372 2564 989 2061 1203 969 247 226 203 170 956 310 548 712 198 125 70 258 786 75
internal_count=8948 5212 3736 3009 2375 2203 1361 368 2641 1406 372 2564 989 2061 1203 969 247 226 203 170 956 310 548 712 198 125 70 258 786 75
is_linear=0
shrinkage=0.05


Tree=5
num_leaves=31
num_cat=0
split_feature=2 14 2 2 5 13 2 16 2 5 1 1 2 11 18 4 3 1 2 5 14 7 2 5 4 5 11 5 2 5
split_gain=66752.6 17918.9 6524.12 5840.39 2222.87 2114.22 1554.31 1070.05 927.736 802.582 826.068 769.06 750.687 607.918 536.932 489.962 523.927 465.08 441.807 434.568 430.166 425.932 412.504 408.938 379.231 356.434 399.11 351.266 340.25 337.029
threshold=0.50574904656536035 1.5000000000000002 0.69530861284739498 0.34001074351891963 3.5000000000000004 1.0000000180025095e-35 0.8041730608159009 0.23632047399663675 0.60186356039237598 4.5000000000000009 0.30980358772072303 0.31751082824826399 0.17111002287988072 69.656250000000014 0.67236913667332265 0.093681680544295889 61.531261533483551 0.68886306925166152 0.13158887751668782 4.5000000000000009 1.0000000180025095e-35 14.500000000000002 0.39109885804649375 3.5000000000000004 -0.038743521012282504 3.5000000000000004 65.454044117647072 4.5000000000000009 0.31966784410016502 3.5000000000000004
decision_type=10 8 10 8 2 10 10 10 10 2 10 10 10 2 10 2 10 10 10 2 10 2 10 2 2 2 2 2 10 2
left_child=1 3 8 7 17 -3 13 12 9 10 -2 15 -1 29 27 16 -6 -5 -9 -7 -12 23 -18 -8 -15 -10 -27 -14 -29 -4
right_child=2 5 6 4 11 19 21 18 25 -11 20 -13 14 24 -16 -17 22 -19 -20 -21 -22 -23 -24 -25 -26 26 -28 28 -30 -31
leaf_value=-0.17502034012751766 0.15377975319166137 -0.26975769183598458 0.21420848846043411 -0.033924062449497999 0.12413496135985889 -0.16238812207424883 0.19398915592787996 -0.10719787276216917 0.14798087272654051 0.21818616669415758 0.0755476415527922 -0.019821448105464694 -0.11704794948817349 0.12717207498998956 0.063050779056114462 0.30663718325288403 -0.018577636064340673 0.29220353148200295 0.13398179954896539 0.014947700500488282 -0.061674082256964781 0.15949030611664058 0.073269691746535262 0.44024182081964797 0.31865178704261782 0.29440439776837374 0.19251951168696307 -0.058878430703731437 0.19571248460561039 0.31987316526969956
leaf_weight=491 401 1120 95 1764 318 521 18 28 268 178 387 253 938 99 48 23 180 10.999999999999998 59 37 67 15.999999999999998 381 266 35 131 361 73 15.999999999999998 367
leaf_count=491 401 1120 95 1764 318 521 18 28 268 178 387 253 938 99 48 23 180 11 59 37 67 16 381 266 35 131 361 73 16 367
internal_value=-0.000862441 -0.0903507 0.2075 -0.0391678 0.00322755 -0.230143 0.317672 -0.114315 0.152444 0.121595 0.101486 0.057216 -0.123797 0.27095 -0.100401 0.0788241 0.0728631 -0.031903 0.0563608 -0.150629 0.0552969 0.410493 0.0438 0.424634 0.177185 0.194376 0.219647 -0.108041 -0.0131093 0.298146
internal_weight=8950 6261 2689 4583 2930 1678 896 1653 1793 1033 855 1155 1566 596 1075 902 879 1775 87 558 454 300 561 284 134 760 492 1027 89 462
internal_count=8950 6261 2689 4583 2930 1678 896 1653 1793 1033 855 1155 1566 596 1075 902 879 1775 87 558 454 300 561 284 134 760 492 1027 89 462
is_linear=0
shrinkage=0.05


Tree=6
num_leaves=31
num_cat=0
split_feature=0 0 2 10 0 1 13 16 2 0 2 3 18 17 10 10 14 2 14 14 10 14 2 0 16 5 4 0 1 4
split_gain=73016.7 13736.2 8374.88 2681.19 2417.89 1915.22 1779.87 1475.68 1429.19 1241.02 901.152 679.298 688.802 609.961 607.052 565.083 495.099 459.974 441.237 421.026 381.57 380.353 377.133 371.665 358.918 358.22 350.638 341.697 335.472 325.633
threshold=0.45550854587205075 0.16314670857666647 0.68162227825493138 0.55077724358974367 0.55137200071476122 0.64988204681367678 1.0000000180025095e-35 0.3974730116965241 0.8041730608159009 0.38051808045421659 0.4956062209609004 82.87787273269619 0.66764706031821874 0.43645895091649811 0.46031250000000007 0.71136363636363653 1.0000000180025095e-35 0.13158887751668782 2.5000000000000004 1.0000000180025095e-35 0.56237132352941188 1.0000000180025095e-35 0.34960742252358329 0.68755449104982114 0.2020923641174352 3.5000000000000004 -0.17459665872436383 0.18107742625375847 0.079121878827295766 0.093681680544295889
decision_type=10 8 10 2 10 8 10 10 10 10 8 8 10 10 2 2 10 10 10 10 2 10 8 10 10 2 2 10 10 2
left_child=1 6 4 7 18 -5 -1 9 -4 11 28 12 13 19 -12 -10 17 -9 20 27 -2 -14 -11 -16 -8 -7 -27 -3 -6 -24
right_child=2 3 8 5 10 25 24 16 15 22 14 -13 21 -15 23 -17 -18 -19 -20 -21 -22 -23 29 -25 -26 26 -28 -29 -30 -31
leaf_value=-0.25614273105881041 0.040250877116089892 -0.15833492702195415 0.26103703206325257 -0.015105277995567724 -0.013142578015404364 0.075980723139486825 -0.1738693430635998 -0.012905371636152269 0.32647977843283654 -0.067905627881550495 0.14131718523028478 -0.027848309106002118 0.12447183159541111 0.006508834308610773 0.17498504569733855 0.46408382508304574 -0.060192080449174956 0.26924874123472436 -0.15838561952114105 -0.16564009302604427 0.12896420638046921 -0.069672234170138833 0.016276165257764638 0.24338628603942009 -0.057573976782216152 0.018220726932798113 0.2850689117888025 -0.091930646214609613 0.1134108713413492 0.28132078641404712
leaf_weight=1120 556 237 677 249 62 38 1012 20 156 157 609 365 49 106 416 143 27 52 24 353 155 52 338 380 71 13.999999999999998 102 1061 337 11.999999999999998
leaf_count=1120 556 237 677 249 62 38 1012 20 156 157 609 365 49 106 416 143 27 52 24 353 155 52 338 380 71 14 102 1061 337 12
internal_value=-0.000819318 -0.11567 0.176766 -0.0500438 0.128915 0.0706158 -0.211949 -0.0672321 0.301247 -0.0741089 0.16006 -0.0902084 -0.102459 -0.109758 0.178892 0.39229 0.1224 0.190873 0.052473 -0.117223 0.0595906 0.0245165 -0.00351872 0.207639 -0.166245 0.209217 0.252863 -0.104055 0.0937459 0.0253634
internal_weight=8950 5435 3515 3232 2539 403 2203 2829 976 2730 1804 2223 1858 1757 1405 299 99 72 735 1651 711 101 507 796 1083 154 116 1298 399 350
internal_count=8950 5435 3515 3232 2539 403 2203 2829 976 2730 1804 2223 1858 1757 1405 299 99 72 735 1651 711 101 507 796 1083 154 116 1298 399 350
is_linear=0
shrinkage=0.05


Tree=7
num_leaves=31
num_cat=0
split_feature=0 0 2 10 0 7 8 2 0 2 8 11 8 8 3 8 9 17 2 11 2 0 8 9 12 7 8 1 7 6
split_gain=65897.6 12396.9 7558.33 2419.77 2182.15 1761.39 1657.89 1289.85 1269.08 813.29 849.466 724.015 699.868 637.149 575.279 763.29 513.62 511.714 495.479 448.372 441.896 441.502 413.625 393.481 309.795 330.215 307.449 302.764 322.546 297.342
threshold=0.45550854587205075 0.16314670857666647 0.68162227825493138 0.55077724358974367 0.55137200071476122 3.5000000000000004 0.017908017908017913 0.8041730608159009 0.35233552633342652 0.4956062209609004 0.47126771500679482 74.000000000000014 0.52098133503116428 0.7751121023868468 82.87787273269619 0.27624520195660973 0.5647148394241418 0.43645895091649811 0.34960742252358329 69.656250000000014 0.32482289488404453 0.22199788188653974 0.87889278116058989 0.27622890682318418 1.0000000180025095e-35 1.5000000000000002 0.43873141434117052 0.079121878827295766 7.5000000000000009 1.0000000180025095e-35
decision_type=10 8 10 2 10 2 2 10 10 8 2 2 2 2 8 2 2 10 8 2 10 10 2 2 10 2 2 10 2 2
left_child=1 6 4 8 11 12 -1 19 14 27 26 16 -5 -9 17 -16 20 21 -10 24 -2 -3 29 -24 25 -4 -11 -6 -29 -12
right_child=2 3 7 5 9 -7 -8 13 18 10 22 -13 -14 -15 15 -17 -18 -19 -20 -21 -22 -23 23 -25 -26 -27 -28 28 -30 -31
leaf_value=-0.24312196171411485 -0.051682664348488366 -0.13504450658263192 0.14567843511155465 -0.058672949009471467 -0.012485449713084006 -0.032133679825566572 -0.15631020971312504 0.31081227817754642 -0.063521165765157248 0.12702632896050647 0.17909331636636386 0.47239065408706671 0.21604739547048402 0.45879004120826727 -0.12298103029911334 0.028126417191969788 0.39987764239311219 0.013830688723685978 0.025014197889285279 0.17171501842886211 0.056074349679388541 -0.081731901962185313 0.50758824899792676 0.22127510969837508 0.14422995358705523 0.29402619096241439 -0.0026655926727331605 0.055984156190435279 0.15397196514872061 0.27670788313695338
leaf_weight=1143 113 618 41 27 62 212 1060 174 241 377 840 9.9999999999999982 164 125 130 234 9.9999999999999982 102 459 150 602 1045 20 30 45 441 52 159 178 86
leaf_count=1143 113 618 41 27 62 212 1060 174 241 377 840 10 164 125 130 234 10 102 459 150 602 1045 20 30 45 441 52 159 178 86
internal_value=-0.000778353 -0.109886 0.167928 -0.0475416 0.122469 0.067085 -0.201351 0.286184 -0.0638705 0.152057 0.169947 0.0498494 0.177213 0.372676 -0.0830731 -0.0258405 0.0440212 -0.0948763 -0.00546726 0.247985 0.0390442 -0.101544 0.195723 0.3358 0.269694 0.281407 0.111306 0.0890586 0.10774 0.188159
internal_weight=8950 5435 3515 3232 2539 403 2203 976 2829 1804 1405 735 191 299 2129 364 725 1765 700 677 715 1663 976 50 527 482 429 399 337 926
internal_count=8950 5435 3515 3232 2539 403 2203 976 2829 1804 1405 735 191 299 2129 364 725 1765 700 677 715 1663 976 50 527 482 429 399 337 926
is_linear=0
shrinkage=0.05


Tree=8
num_leaves=31
num_cat=0
split_feature=2 8 2 2 8 8 2 16 8 8 8 2 15 9 4 1 10 8 11 2 4 4 4 15 9 10 11 2 10 15
split_gain=49306.2 13960.4 4787.89 4776.79 3538.33 1856.06 1131.21 973.028 706.854 604.752 591.455 554.509 527.02 477.386 475.433 471.705 448.604 443.139 418.944 414.524 408.051 402.138 398.569 396.578 430.268 390.577 368.157 365.545 611.924 436.323
threshold=0.50574904656536035 0.11045751633986929 0.69530861284739498 0.35601218507932991 0.48382082992990877 0.57642366553257651 0.8041730608159009 0.5769041961542406 0.74458982916245176 0.77618447027856996 0.27871752727936816 0.17111002287988072 1.0000000180025095e-35 0.34474389019082702 -0.099226703847907036 0.61549665262414754 0.46031250000000007 0.31216228592361944 68.757352941176478 0.093051462719568045 -0.05313223839207331 0.093681680544295889 -0.062111031133633428 1.0000000180025095e-35 0.07133888448321439 0.6538750000000001 74.812500000000014 0.50298140290612259 0.26779464285714288 1.0000000180025095e-35
decision_type=10 2 10 8 2 2 10 10 2 2 2 10 8 2 2 10 2 2 2 10 2 2 2 10 2 2 2 8 2 10
left_child=1 12 5 7 17 25 10 11 15 -8 13 -3 -1 -4 -10 21 -7 26 -12 -9 -19 -6 -16 24 -13 -2 27 28 29 -5
right_child=2 3 6 4 8 16 9 19 14 -11 18 23 -14 -15 22 -17 -18 20 -20 -21 -22 -23 -24 -25 -26 -27 -28 -29 -30 -31
leaf_value=-0.14085594474842464 0.088264480737234613 -0.14033464813748392 0.17682604834709953 0.053237821410563019 0.049719555680952841 -0.068814975198577433 0.29393957559433254 -0.18060327218129085 0.069722475285331417 0.43884761882325019 0.27826625454862491 0.058457134159711689 -0.23011195385845792 -0.13206305470731525 0.40803068850987723 0.38459628441117033 0.19067594966403076 -0.036577994331582889 0.18187705671808088 0.12829455821351574 0.050376239912405321 0.24548529408596181 0.17766667775679054 -0.12314570356767141 -0.074799697960470549 -0.1297809023410082 0.095085572723198591 -0.094581858958399878 -0.088934919375639701 -0.11316019942869947
leaf_weight=192 933 630 41 201 923 17 180 12.999999999999998 60 120 376 65 1193 18 28 10.999999999999998 822 384 161 66 208 27 57 439 890 21 37 528 260 49
leaf_count=192 933 630 41 201 923 17 180 13 60 120 376 65 1193 18 28 11 822 384 161 66 208 27 57 439 890 21 37 528 260 49
internal_value=-0.000739435 -0.0776494 0.178336 -0.0378579 0.0052395 0.131172 0.272716 -0.0946858 0.0745796 0.351903 0.232857 -0.101405 -0.217739 0.0825887 0.177484 0.0590529 0.185418 -0.0407654 0.249367 0.0774633 -0.00602651 0.0552834 0.253551 -0.0838113 -0.0657299 0.0834647 -0.059896 -0.0654204 -0.0352297 0.0206238
internal_weight=8950 6261 2689 4876 2773 1793 896 2103 1106 300 596 2024 1385 59 145 961 839 1667 537 79 592 950 85 1394 955 954 1075 1038 510 250
internal_count=8950 6261 2689 4876 2773 1793 896 2103 1106 300 596 2024 1385 59 145 961 839 1667 537 79 592 950 85 1394 955 954 1075 1038 510 250
is_linear=0
shrinkage=0.05


Tree=9
num_leaves=31
num_cat=0
split_feature=0 0 2 10 0 2 16 8 2 0 2 8 11 3 8 8 9 15 0 11 2 11 2 8 9 5 11 16 11 4
split_gain=54492.7 10178.7 6062.97 2000.79 1842.57 1508.61 1290.98 1282.69 1043.94 958.992 656.877 684.851 654.68 530.701 627.467 519.532 452.076 441.441 434.532 408.141 433.708 375.657 368.683 361.006 356.006 351.409 395.777 307.799 293.796 292.651
threshold=0.45550854587205075 0.16314670857666647 0.68162227825493138 0.55077724358974367 0.55137200071476122 0.61485874168535914 0.3974730116965241 0.017908017908017913 0.8041730608159009 0.38051808045421659 0.4956062209609004 0.47126771500679482 74.000000000000014 82.87787273269619 0.27624520195660973 0.7751121023868468 0.5647148394241418 1.0000000180025095e-35 0.22199788188653974 65.18014705882355 0.13158887751668782 69.656250000000014 0.32482289488404453 0.87889278116058989 0.27622890682318418 3.5000000000000004 67.66727941176471 0.2020923641174352 63.718750000000007 -0.20516201442742629
decision_type=10 8 10 2 10 8 10 2 10 10 8 2 2 8 2 2 2 10 10 2 10 2 10 2 2 2 2 10 2 2
left_child=1 7 4 6 12 -5 9 -1 21 13 -6 -12 16 18 -15 -10 22 19 -3 -8 -21 -4 -2 -13 -25 -7 -27 -9 -16 -20
right_child=2 3 8 5 10 25 17 27 15 -11 11 23 -14 14 28 -17 -18 -19 29 20 -22 -23 -24 24 -26 26 -28 -29 -30 -31
leaf_value=-0.2195405580918203 -0.047815699997333302 -0.12312601408225975 0.24413116834854509 -0.016480537198817102 0.082568512606740307 0.053962329588830474 -0.058555252637181969 -0.15034569887199789 0.28057468531374957 -0.0026556954564824261 0.10261033740554587 0.17134134253091229 0.44706653118133544 -0.11188360675023153 0.21912942710849972 0.41419797299951311 0.37358113706111906 -0.053321739976052884 -0.0067980158279339472 0.020711426250636579 0.32662448152190166 0.15444831732908887 0.050610867671535491 0.47267503529787069 0.20033698151508969 0.31526805678382519 0.13128624633608157 -0.041855610640985627 0.0089157829807925328 -0.081372007299715082
leaf_weight=1143 113 638 527 246 399 40 13.999999999999998 990 174 507 429 926 9.9999999999999982 130 18 125 9.9999999999999982 27 150 15.999999999999998 42 150 602 20 30 60 57 70 217 1070
leaf_count=1143 113 638 527 246 399 40 14 990 174 507 429 926 10 130 18 125 10 27 150 16 42 150 602 20 30 60 57 70 217 1070
internal_value=-0.000702462 -0.0999204 0.152711 -0.0434284 0.111997 0.0608032 -0.0582765 -0.182799 0.258626 -0.0647086 0.139185 0.155264 0.0452667 -0.078861 -0.023742 0.336437 0.0397247 0.119092 -0.089689 0.183748 0.242235 0.224261 0.0350553 0.178407 0.309272 0.181897 0.225636 -0.143181 0.0250173 -0.0722031
internal_weight=8950 5435 3515 3232 2539 403 2829 2203 976 2730 1804 1405 735 2223 365 299 725 99 1858 72 58 677 715 976 50 157 117 1060 235 1220
internal_count=8950 5435 3515 3232 2539 403 2829 2203 976 2730 1804 1405 735 2223 365 299 725 99 1858 72 58 677 715 976 50 157 117 1060 235 1220
is_linear=0
shrinkage=0.05


Tree=10
num_leaves=31
num_cat=0
split_feature=0 0 0 0 0 8 3 16 0 17 0 16 8 1 9 10 1 7 17 9 5 4 8 16 9 10 9 8 0 3
split_gain=48521.3 9846.4 4865.45 1713.72 1530.95 1447.07 1150.67 1102.99 1042.04 1027.87 784.938 724.819 644.959 579.439 570.423 539.647 481.672 471.284 462.842 443.584 398.867 359.057 351.105 431.51 350.249 313.284 300.405 351.597 290.334 258.179
threshold=0.45550854587205075 0.19813370142136283 0.70573444834369325 0.85720347292591781 0.040103919514904017 0.4596610032851644 57.022351797862008 0.3974730116965241 0.55137200071476122 0.71768572973858669 0.29520693471759257 0.52118305666223097 0.78854723707664898 0.34428408469896993 0.40556217975572822 0.61287179487179499 0.16446293281572807 14.500000000000002 0.88054437176594413 0.12078438802576735 4.5000000000000009 0.061376527246976863 0.47846692767360405 0.84342122390836771 0.5647148394241418 0.26320512820512826 0.17839462517680341 0.18071246241523453 0.86706210494730918 58.308542066564321
decision_type=10 8 10 10 10 2 10 10 10 10 10 10 2 10 2 2 10 2 10 2 2 2 2 10 2 2 2 2 10 10
left_child=1 4 8 19 -1 7 15 9 13 10 -3 16 17 -2 26 -7 21 20 22 -4 28 -8 23 -6 -21 -11 27 -10 -5 -28
right_child=2 5 3 12 18 6 11 -9 14 25 -12 -13 -14 -15 -16 -17 -18 -19 -20 24 -22 -23 -24 -25 -26 -27 29 -29 -30 -31
leaf_value=-0.20411512429876555 0.023199297782599715 -0.095617095411850983 0.075488516345117884 0.38793417538205782 -0.14179758040391952 0.051241350913306283 -0.092750493352319691 0.1360216417048179 0.23540727496147157 0.46726744445887464 -0.029680673079199468 0.32589780673384672 0.40161864145002407 0.12011348406239503 0.18792753733202536 0.19445690319619396 0.0077750228480305342 0.034834179486192406 0.18248901789387068 0.18309442875174603 0.36379485451258148 0.13255942769740756 -0.050839521037781332 0.17294360074129972 0.29446359222585505 0.080587065219879156 -0.039512052806094294 0.046201646711326781 0.19702359408968026 0.12695944782465859
leaf_weight=1307 566 1103 89 24 1088 196 255 71 27 11.000000000000002 764 14.999999999999998 122 212 265 99 428 21 11.999999999999998 849 91 19 127 10.999999999999998 77 9.9999999999999982 24 271 117 788
leaf_count=1307 566 1103 89 24 1088 196 255 71 27 11 764 15 122 212 265 99 428 21 12 849 91 19 127 11 77 10 24 271 117 788
internal_value=-0.00145436 -0.0941949 0.142931 0.215853 -0.166373 -0.0323663 0.0161838 -0.0574468 0.0958514 -0.0647224 -0.0686351 -0.0180147 0.307191 0.0496078 0.122017 0.0993035 -0.0253633 0.261656 -0.126527 0.182108 0.282188 -0.0771268 -0.129551 -0.138647 0.192355 0.283134 0.106281 0.0633444 0.229519 0.122039
internal_weight=9059 5516 3543 1390 2545 2971 1012 1959 2153 1888 1867 717 375 778 1375 295 702 253 1238 1015 232 274 1226 1099 926 21 1110 298 141 812
internal_count=9059 5516 3543 1390 2545 2971 1012 1959 2153 1888 1867 717 375 778 1375 295 702 253 1238 1015 232 274 1226 1099 926 21 1110 298 141 812
is_linear=0
shrinkage=0.05


Tree=11
num_leaves=31
num_cat=0
split_feature=8 10 14 1 5 8 1 8 1 9 5 1 9 1 10 8 4 11 1 10 5 5 11 11 9 14 8 11 10 11
split_gain=27670.1 6958.07 6625.19 3325.83 1545.39 1064.35 1058.67 931.12 858.865 1204.54 841.317 800.417 793.269 727.069 552.928 504.404 499.154 464.354 496.808 460.803 575.713 452.962 509.435 439.641 538.658 405.701 401.109 387.335 359.704 353.975
threshold=0.28655061434534096 0.61062500000000008 5.5000000000000009 0.1802765373140375 4.5000000000000009 0.77618447027856996 0.58179897008891368 0.4596610032851644 0.3077463570581111 0.23562458691341706 1.5000000000000002 0.4673837356754193 0.07133888448321439 0.22716014871384968 0.4930952380952382 0.24451324389404885 -0.10124199605806712 69.031250000000014 0.33500854868300939 0.74476470588235311 3.5000000000000004 3.5000000000000004 72.060661764705898 69.152573529411782 0.41417201235447859 1.0000000180025095e-35 0.45584415584415588 69.849264705882362 0.6490625000000001 65.727941176470594
decision_type=2 2 8 10 2 2 10 2 10 2 2 10 2 8 2 2 2 2 10 2 2 2 2 2 2 10 2 2 2 2
left_child=2 3 8 14 6 13 7 -5 12 10 -10 21 29 -3 25 -14 26 18 -12 20 28 -7 -23 24 -13 -2 -8 -21 -15 -1
right_child=1 5 -4 4 -6 11 16 -9 9 -11 17 23 15 19 -16 -17 -18 -19 -20 27 -22 22 -24 -25 -26 -27 -28 -29 -30 -31
leaf_value=-0.11482774181291462 -0.016678235269637156 0.040039341319973276 -0.19535158910736308 0.0070440156729340902 0.16843553897525343 -0.009146440801797091 0.48421129823351905 0.08294715788128898 -0.050359101936919615 -0.0727248639696053 -0.017837468215397428 0.15283320661762667 -0.10072494143929854 0.20701218434470767 0.045104530733820966 -0.04010769012022828 0.12322983126760574 0.036557018844676874 0.220443891402334 -0.026549370117761473 0.20517217572193777 0.22569983811362793 0.018185357659152062 0.078805561889620401 0.39219927263235854 -0.09022026658897557 0.17197474373711483 0.21846847611924877 0.040339114441751291 0.050865907062978361
leaf_weight=40 961 150 1229 693 411 27 24 969 144 427 28 29 1318 47 298 464 57 140 100 54 446 285 33 17 124 233 18 23 104 166
leaf_count=40 961 150 1229 693 411 27 24 969 144 427 28 29 1318 47 298 464 57 140 100 54 446 285 33 17 124 233 18 23 104 166
internal_value=-0.00138165 0.0772992 -0.098433 0.0416531 0.0811349 0.17484 0.0607598 0.051298 -0.0562989 -0.0138764 0.0471146 0.231228 -0.0742026 0.139598 -0.015823 -0.0849413 0.219603 0.0994885 0.16832 0.161755 0.176602 0.187471 0.204165 0.320027 0.346829 -0.0310294 0.350396 0.0466378 0.0922175 0.0186924
internal_weight=9059 5003 4056 3664 2172 1339 1761 1662 2827 839 412 515 1988 824 1492 1782 99 268 128 674 597 345 318 170 153 1194 42 77 151 206
internal_count=9059 5003 4056 3664 2172 1339 1761 1662 2827 839 412 515 1988 824 1492 1782 99 268 128 674 597 345 318 170 153 1194 42 77 151 206
is_linear=0
shrinkage=0.05


Tree=12
num_leaves=31
num_cat=0
split_feature=0 0 0 0 16 18 8 3 0 17 1 0 8 1 8 4 1 17 8 9 8 9 3 8 1 11 9 1 1 16
split_gain=40820.3 8123.77 4050.18 1760.81 1221.34 1244.25 1255.99 1271.19 1166.17 963.366 732.096 654.804 613.262 500.013 466.887 441.726 422.917 419.942 403.486 388.758 385.61 356.539 427.446 351.299 407.016 343.806 334.656 327.071 303.894 303.203
threshold=0.45550854587205075 0.19813370142136283 0.84343613201123968 0.55137200071476122 0.48005134827323132 0.65846934361507226 0.4596610032851644 57.022351797862008 0.040103919514904017 0.71768572973858669 0.23816426679258487 0.36466382189864516 0.80929730840353409 0.47055742720282129 0.81961909969017699 0.061376527246976863 0.11096667246972851 0.88054437176594413 0.77258468481872755 0.16431413414172039 0.4893166656275329 0.44735221674876852 70.054470062236589 0.48097769901048598 0.58179897008891368 64.847426470588246 0.12078438802576735 0.71325016402853481 0.14462912772050626 0.80655376321693584
decision_type=10 8 10 10 10 10 2 10 10 10 10 10 2 10 2 2 10 10 2 2 2 2 10 2 10 2 2 10 10 10
left_child=1 8 3 13 5 6 9 18 -1 11 19 -3 26 -2 -14 16 -9 29 -8 25 -18 22 -15 24 -12 28 -4 -16 -5 -10
right_child=2 4 12 10 -6 -7 7 15 17 -11 23 -13 14 21 27 -17 20 -19 -20 -21 -22 -23 -24 -25 -26 -27 -28 -29 -30 -31
leaf_value=-0.18487691380419891 0.031909587484876357 -0.085770879809915046 0.084375938750577695 0.045674669724844755 0.16632032705978916 0.14155082946720843 0.064820645713981814 -0.11665585930611377 -0.12332372361910048 0.27062024871508278 0.096738060445324348 -0.012289641140067439 0.61944006159901621 -0.026164059247821572 0.27633201016834941 0.11463438007742802 0.078262161808433373 0.17718631873528165 0.22193992483068486 0.11552419729559915 -0.041318893148586971 0.29002792635424574 0.30508193714278087 0.16682744104818245 0.24191652281040496 0.066659785095986954 0.25178460374373363 0.48516071748733519 -0.22024108689617028 0.068312998045058484
leaf_weight=1307 699 1413 33 21 77 96 246 153 1205 21 395 386 15.999999999999998 32 75 47 81 11.999999999999998 49 512 402 33 13.999999999999998 1114 55 184 313 25 22 21
leaf_count=1307 699 1413 33 21 77 96 246 153 1205 21 395 386 16 32 75 47 81 12 49 512 402 33 14 1114 55 184 313 25 22 21
internal_value=-0.00131256 -0.0863757 0.13112 0.110419 -0.0302154 -0.0354446 -0.0415174 0.00418144 -0.151937 -0.0660742 0.132388 -0.0700045 0.269173 0.0453851 0.368663 -0.0332818 -0.0442127 -0.11716 0.0909184 0.0913771 -0.0212649 0.164618 0.0746499 0.151766 0.114482 0.0369131 0.235818 0.328539 -0.0903753 -0.120041
internal_weight=9059 5516 3543 3081 2971 2894 2798 978 2545 1820 2303 1799 462 778 116 683 636 1238 295 739 483 79 46 1564 450 227 346 100 43 1226
internal_count=9059 5516 3543 3081 2971 2894 2798 978 2545 1820 2303 1799 462 778 116 683 636 1238 295 739 483 79 46 1564 450 227 346 100 43 1226
is_linear=0
shrinkage=0.05


Tree=13
num_leaves=31
num_cat=0
split_feature=0 2 0 0 10 0 16 8 18 0 3 8 16 8 0 1 9 4 14 8 9 0 4 18 4 2 13 9 0 8
split_gain=36913.4 6019.23 5313.57 1639.93 1486.4 1210.59 1061.81 947.989 851.727 630.984 508.931 568.509 464.047 462.702 420.101 411.21 377.373 351.996 343.439 327.579 310.189 295.352 278.486 261.871 306.418 256.275 355.399 345.373 329.875 304.729
threshold=0.38051808045421659 0.63520438050087658 0.18389586066065167 0.55137200071476122 0.61287179487179499 0.85720347292591781 0.54449631279215749 0.017908017908017913 0.62973840425806371 0.36894834206616062 82.87787273269619 0.27624520195660973 0.5110963482152272 0.55069928070717133 0.27068175569609582 0.32705195115347591 0.17839462517680341 -0.17042155809115064 1.0000000180025095e-35 0.14771415377510969 0.18286126409651196 0.80188994751571097 -0.10763974011993707 0.54449012466003255 0.0069186627022226332 0.78524349015142592 2.5000000000000004 0.39415391156462593 0.73874789017915499 0.49758797118095444
decision_type=10 10 8 10 2 10 10 2 10 8 8 2 10 2 10 10 2 2 10 2 2 10 2 10 2 10 10 2 10 2
left_child=2 3 7 12 6 25 8 -1 10 -6 14 17 15 -7 -4 23 21 -12 20 -8 -10 -5 -11 -2 -25 29 -27 -28 -29 -3
right_child=1 5 4 16 9 13 19 -9 18 22 11 -13 -14 -15 -16 -17 -18 -19 -20 -21 -22 -23 -24 24 -26 26 27 28 -30 -31
leaf_value=-0.17912274985248938 0.00058418345554322332 0.10683235318835126 -0.10149166832470845 0.048712520313168334 -0.035852558260614224 0.17488692524240299 -0.066927226136128101 -0.11671139315848762 0.0491221045670302 0.075949203338887966 0.095935548599809406 0.024225901355415275 0.27229325061565951 0.30926675071295068 -0.051844336181698293 0.069978006794250439 0.1189807789399781 -0.1304978594430222 -0.0065367364761780723 0.2285230285899584 0.30355321884155279 0.18421838584873412 0.23775900516372461 0.057238832381036546 0.36322513818740848 0.085912079122420909 0.17826190289611429 0.5899138493971392 0.29126619845628737 0.17477190055000572
leaf_weight=1174 928 229 869 378 55 85 11.999999999999998 1263 23 45 20 287 19 260 836 350 1061 121 49 43 25 45 65 45 9.9999999999999982 37 65 10.999999999999998 58 591
leaf_count=1174 928 229 869 378 55 85 12 1263 23 45 20 287 19 260 836 350 1061 121 49 43 25 45 65 45 10 37 65 11 58 591
internal_value=-0.00124694 0.10799 -0.0945021 0.0667693 -0.0425041 0.195492 -0.0529694 -0.146777 -0.0583222 0.102425 -0.0649118 -0.0161652 0.0269349 0.276159 -0.0771485 0.0234377 0.10306 -0.0983796 0.0865808 0.164061 0.181638 0.063128 0.171564 0.00686686 0.112873 0.16741 0.223089 0.260967 0.338877 0.155799
internal_weight=9059 4172 4887 2836 2450 1336 2285 2437 2230 165 2133 428 1352 345 1705 1333 1484 141 97 55 48 423 110 983 55 991 171 134 69 820
internal_count=9059 4172 4887 2836 2450 1336 2285 2437 2230 165 2133 428 1352 345 1705 1333 1484 141 97 55 48 423 110 983 55 991 171 134 69 820
is_linear=0
shrinkage=0.05


Tree=14
num_leaves=31
num_cat=0
split_feature=0 0 2 0 16 18 10 0 0 2 11 2 11 7 5 10 8 0 5 8 16 10 8 0 10 2 1 8 8 2
split_gain=33329.8 6600.38 3881.76 1083.86 1004.8 1039.15 1145.11 1079.6 959.861 851.84 648.832 528.273 425.78 422.562 391.087 373.116 361.971 337.2 332.131 321.39 353.712 313.987 313.512 326.056 313.204 337.023 279.204 271.854 389.488 267.9
threshold=0.45550854587205075 0.19813370142136283 0.63520438050087658 0.85720347292591781 0.46665079715506008 0.65846934361507226 0.50665441176470594 0.36149998052766935 0.040103919514904017 0.49381300547203233 69.656250000000014 0.20209470812176331 60.812500000000007 7.5000000000000009 1.5000000000000002 0.74679166666666674 0.55069928070717133 0.38051808045421659 4.5000000000000009 0.47846692767360405 0.84342122390836771 0.67379807692307703 0.12358406516482119 0.59129883270810968 0.2614583333333334 0.3169948313141136 0.49795363733036163 0.48566883177791065 0.30701071080817927 0.17111002287988072
decision_type=10 8 10 10 10 10 2 8 10 10 2 8 2 2 2 2 2 10 2 2 10 2 2 10 2 8 10 2 2 8
left_child=1 8 9 10 5 6 11 -8 -1 26 -4 -3 -5 -9 -11 -15 -14 -13 21 20 -10 -12 -16 27 -6 -26 -2 28 -24 -7
right_child=2 4 3 12 24 29 7 13 19 14 18 17 16 15 22 -17 -18 -19 -20 -21 -22 -23 23 -25 25 -27 -28 -29 -30 -31
leaf_value=-0.16702789845032007 0.041003252832864184 -0.12179980243681857 0.18269881915467034 -0.0077357583812304913 0.030963021834296264 -0.11542893171310425 -0.078073859608252735 0.10699956099543831 -0.11710735485692447 0.020310067645563135 0.075052252775605996 -0.055836895127177766 0.18191560398511314 0.024432433927629858 0.39568349659442903 -0.26135851511588465 0.30353657407164575 -0.0060988532462575981 0.19194420089913627 -0.030896405253357202 0.16783904920924794 -0.16358696540196738 0.1079512092096236 0.13412749282398426 0.03826710635175308 0.32697075740584447 0.19833182081066331 0.11690098482148095 -0.046260078172473351 0.15799914714555408
leaf_weight=1307 1022 252 738 13.999999999999998 33 9.9999999999999982 169 272 1098 116 170 1560 81 94 9.9999999999999982 12.999999999999998 250 436 59 129 10.999999999999998 14.999999999999998 79 694 14.999999999999998 31 29 181 85 86
leaf_count=1307 1022 252 738 14 33 10 169 272 1098 116 170 1560 81 94 10 13 250 436 59 129 11 15 79 694 15 31 29 181 85 86
internal_value=-0.00118459 -0.0780481 0.118482 0.186113 -0.0274266 -0.0322324 -0.0377861 0.0270226 -0.137143 0.0779826 0.159329 -0.0535846 0.262351 0.0738862 0.107427 -0.0102898 0.273774 -0.0449723 0.0886467 -0.105592 -0.114281 0.0557031 0.11706 0.114379 0.148505 0.232828 0.0453444 0.0746525 0.0280246 0.129517
internal_weight=9059 5516 3543 1327 2971 2892 2796 548 2545 2216 982 2248 345 379 1165 107 331 1996 244 1238 1109 185 1049 1039 79 46 1051 345 164 96
internal_count=9059 5516 3543 1327 2971 2892 2796 548 2545 2216 982 2248 345 379 1165 107 331 1996 244 1238 1109 185 1049 1039 79 46 1051 345 164 96
is_linear=0
shrinkage=0.05


Tree=15
num_leaves=31
num_cat=0
split_feature=0 0 0 3 2 16 10 2 0 18 2 17 17 2 4 17 0 3 5 4 6 0 7 4 18 4 2 3 7 10
split_gain=30150.2 4630.24 4498.06 1390.3 1372.13 1081.85 934.12 849.271 775.134 664.77 547.027 516.821 580.541 484.082 417.684 412.027 397.853 368.382 352.245 340.227 341.416 308.184 299.257 283.393 290.79 261.171 276.173 322.918 388.714 279.505
threshold=0.3949677193849353 0.7202423606758549 0.071461930679178387 82.87787273269619 0.40535237056798251 0.59925034486684681 0.62721153846153854 0.60186356039237598 0.22199788188653974 0.87576037396698758 0.17111002287988072 0.61201624597851023 0.64563454382321817 0.73948528585617257 0.061376527246976863 0.88908937429345591 0.85720347292591781 57.748430647933354 1.5000000000000002 -0.21767827527437633 1.0000000180025095e-35 0.55741073777900108 14.500000000000002 -0.21767827527437633 0.6791831740565144 -0.30739431124962197 0.86832895901642682 63.821673259325038 3.5000000000000004 0.53843750000000012
decision_type=10 10 8 8 10 10 2 10 10 10 10 10 10 10 2 10 10 10 2 2 2 10 2 2 10 2 10 10 2 2
left_child=2 4 -1 5 23 8 -5 -3 15 11 -7 19 -13 14 21 -4 18 -18 -9 20 -10 -6 25 -2 -25 -19 27 29 -29 -27
right_child=1 7 3 6 13 10 -8 16 9 -11 -12 12 -14 -15 -16 -17 17 22 -20 -21 -22 -23 -24 24 -26 26 -28 28 -30 -31
leaf_value=-0.15588741348429691 -0.072392636463822185 0.10028383367883771 -0.09998202280996682 -0.0078708829375506838 0.049630529581242977 -0.043123238412663342 0.16842705521548351 -0.049017604506191088 -0.021344745427124064 0.28540811916192371 0.19808530587082107 0.45533465385437016 0.020460551615917325 0.21999864442345618 0.17160411863898239 0.22211207360029223 0.013158669892479392 0.51537618875503544 0.18167917289782406 -0.062396789995114235 0.16971442398925624 0.091883577293913998 0.080901516911884158 0.014446153053701597 0.23698764517903328 0.16179935869417694 0.32201513172707186 0.0045641872137784957 0.219846921088174 0.39291447339402069
leaf_weight=1501 96 274 1396 431 711 40 91 17 106 14.999999999999998 57 9.9999999999999982 33 65 120 9.9999999999999982 17 9.9999999999999982 620 1274 30 1098 24 686 14.999999999999998 19 106 25 130 42
leaf_count=1501 96 274 1396 431 711 40 91 17 106 15 57 10 33 65 120 10 17 10 620 1274 30 1098 24 686 15 19 106 25 130 42
internal_value=-0.00114711 0.0997772 -0.0834993 -0.0523929 0.063627 -0.0656152 0.022863 0.178356 -0.0711582 -0.0457459 0.0986179 -0.0491645 0.121594 0.0857913 0.081269 -0.0976912 0.199536 0.240546 0.175522 -0.0543721 0.0208007 0.0752767 0.251404 0.00817463 0.0192081 0.263729 0.255914 0.223476 0.185124 0.320928
internal_weight=9069 4075 4994 3493 2791 2971 522 1284 2874 1468 97 1453 43 1994 1929 1406 1010 373 637 1410 136 1809 356 797 701 332 322 216 155 61
internal_count=9069 4075 4994 3493 2791 2971 522 1284 2874 1468 97 1453 43 1994 1929 1406 1010 373 637 1410 136 1809 356 797 701 332 322 216 155 61
is_linear=0
shrinkage=0.05


Tree=16
num_leaves=31
num_cat=0
split_feature=0 0 0 8 8 3 16 0 18 9 17 3 18 9 8 5 5 0 16 4 18 8 11 9 0 14 10 7 8 14
split_gain=27224.3 5685.13 2793.28 986.014 839.483 872.288 832.458 763.168 624.496 592.98 586.778 529.769 527.094 434.726 426.13 422.667 407.387 397.529 393.166 375.845 372.367 372.337 325.024 373.256 321.258 312.251 311.47 296.193 289.819 391.315
threshold=0.47152859253244267 0.1944761073605509 0.7202423606758549 0.043936556577006021 0.4098872180451128 82.87787273269619 0.43601436677685507 0.83181414365121886 0.583975442439023 0.15569985569985573 0.71768572973858669 57.022351797862008 0.47150115108407115 0.44522691705790302 0.77258468481872755 1.5000000000000002 4.5000000000000009 0.37340315191251222 0.2020923641174352 -0.069532519934312614 0.82533488574326486 0.80684931506849333 72.029411764705898 0.18146027201145315 0.34395460703126629 2.5000000000000004 0.75045673076923081 3.5000000000000004 0.60133114284510736 1.0000000180025095e-35
decision_type=10 8 10 2 2 8 10 10 10 2 10 10 10 2 2 2 2 10 10 2 10 2 2 2 10 10 2 2 2 10
left_child=1 3 13 -1 6 8 10 9 24 -4 12 -9 16 15 -7 -2 -3 -8 -5 -14 -21 -13 -11 -24 26 -17 -6 -20 29 -26
right_child=2 4 7 18 5 14 17 11 -10 22 -12 21 19 -15 -16 25 -18 -19 27 20 -22 -23 23 -25 28 -27 -28 -29 -30 -31
leaf_value=-0.15580492345305022 0.011569488210657817 -0.065948850251245958 0.021358031461325786 -0.10053009496868884 -0.061312984884716572 0.056712775639258334 0.068046983569261754 -0.0085760641098022467 0.17650142653686246 0.16475916346169264 0.24125243285123041 0.20101479553353277 0.095120566237407431 0.13269547655176256 0.21936444574967029 0.080671856095359498 0.13358868632752161 0.37495874464511875 0.25357529548081487 -0.10297438119568172 0.2126895308494568 0.2985386326519856 0.2719822799930206 -0.034607882771108836 0.05204972893049653 -0.074837498962314744 0.20817754187367182 -0.024994304610623255 -0.050349375054550671 -0.093104961964894428
leaf_weight=1227 292 1583 96 1223 424 250 56 25 41 611 17 363 96 289 48 1479 26 12.999999999999998 10.999999999999998 62 10.999999999999998 134 12.999999999999998 42 298 33 10.999999999999998 72 168 55
leaf_count=1227 292 1583 96 1223 424 250 56 25 41 611 17 363 96 289 48 1479 26 13 11 62 11 134 13 42 298 33 11 72 168 55
internal_value=-0.00108976 -0.0678168 0.11138 -0.123621 -0.0230711 0.00785239 -0.044555 0.169438 -0.0145826 0.137533 -0.0511062 0.216012 -0.0539016 0.0757627 0.0829117 0.0666421 -0.0627245 0.125871 -0.0933833 0.0300991 -0.0554086 0.227309 0.154279 0.0378589 -0.0227776 0.0772778 -0.0544983 0.0119246 0.00370701 0.0294336
internal_weight=9069 5692 3377 2533 3159 1295 1864 1284 997 762 1795 522 1778 2093 298 1804 1609 69 1306 169 73 497 666 55 956 1512 435 83 521 353
internal_count=9069 5692 3377 2533 3159 1295 1864 1284 997 762 1795 522 1778 2093 298 1804 1609 69 1306 169 73 497 666 55 956 1512 435 83 521 353
is_linear=0
shrinkage=0.05


Tree=17
num_leaves=31
num_cat=0
split_feature=0 0 0 2 3 10 2 0 18 2 17 17 4 17 9 0 5 4 1 10 9 7 1 14 18 5 2 1 0 7
split_gain=24674.5 3748.35 3672.6 1158.96 1139.95 774.767 725.063 670.737 541.374 427.508 419.345 536.701 376.156 361.562 357.982 381.224 316.545 313.176 285.254 269.292 345.456 364.652 268.842 267.566 356.463 267.493 266.044 258.638 304.283 255.785
threshold=0.3949677193849353 0.7202423606758549 0.071461930679178387 0.40535237056798251 82.87787273269619 0.62721153846153854 0.60186356039237598 0.22199788188653974 0.87576037396698758 0.73948528585617257 0.61201624597851023 0.64563454382321817 0.061376527246976863 0.88908937429345591 0.12078438802576735 0.85720347292591781 1.5000000000000002 -0.21767827527437633 0.4141540984988113 0.67276190476190478 0.34597411933860539 11.500000000000002 0.12378475253417412 1.0000000180025095e-35 0.69421433750775774 3.5000000000000004 0.23003939290270506 0.58891290747864722 0.55741073777900108 2.5000000000000004
decision_type=10 10 8 10 8 2 10 10 10 10 10 10 2 10 2 10 2 2 10 2 2 2 10 10 10 2 10 10 10 2
left_child=2 3 -1 19 7 -6 -3 13 10 12 17 -12 27 25 18 16 -16 26 -8 20 -2 -22 -13 24 -19 -4 -9 28 -5 -17
right_child=1 6 4 9 5 -7 14 8 -10 -11 11 22 -14 -15 15 29 -18 23 -20 -21 21 -23 -24 -25 -26 -27 -28 -29 -30 -31
leaf_value=-0.14094446297537358 3.874262330858811e-05 0.08882883151340551 -0.096259586010328121 0.038327260823418578 -0.007272822507538264 0.15328495511273435 -0.098056303933262826 0.1252551942901767 0.26282459636529287 0.2042310477048159 0.43571784019470217 0.23402001857757571 0.15958659192081542 0.21603297412395481 -0.056276245648041373 0.12951027066531506 0.16907561158628615 -0.043756913058443418 0.15528577775508168 -0.17920332088282234 0.050156125493469789 0.30100535805288114 -0.076515958231428399 -0.093944827336235909 0.15971540876410226 -0.042141977077494314 -0.019810755128193056 0.16103356567715918 0.081170099530063322 0.24692802578336687
leaf_weight=1501 698 274 1165 683 431 91 20 46 14.999999999999998 65 9.9999999999999982 9.9999999999999982 120 9.9999999999999982 15.999999999999998 55 598 997 25 19 61 19 23 288 22 284 101 72 1054 296
leaf_count=1501 698 274 1165 683 431 91 20 46 15 65 10 10 120 10 16 55 598 997 25 19 61 19 23 288 22 284 101 72 1054 296
internal_value=-0.00103527 0.0902655 -0.0755348 0.0577397 -0.0474272 0.0207171 0.160966 -0.0594001 -0.036063 0.0781096 -0.0390579 0.114826 0.0738598 -0.0835849 0.180536 0.186964 0.163203 -0.0436088 0.0426893 0.00677642 0.0113183 0.109733 0.0175859 -0.051391 -0.039364 -0.0856527 0.025584 0.0681731 0.064324 0.228529
internal_weight=9069 4075 4994 2791 3493 522 1284 2971 1512 1994 1497 43 1929 1459 1010 965 614 1454 45 797 778 80 33 1307 1019 1449 147 1809 1737 351
internal_count=9069 4075 4994 2791 3493 522 1284 2971 1512 1994 1497 43 1929 1459 1010 965 614 1454 45 797 778 80 33 1307 1019 1449 147 1809 1737 351
is_linear=0
shrinkage=0.05


Tree=18
num_leaves=31
num_cat=0
split_feature=0 0 0 3 2 16 2 5 11 0 2 18 17 2 17 9 0 11 11 14 11 9 11 9 3 5 11 11 9 9
split_gain=22268.7 3382.89 3322.77 1047.57 1045.96 901.138 654.369 605.862 603.239 590.881 559.643 508.743 448.597 385.826 338.308 323.078 344.055 432.623 321.397 309.387 287.447 320.056 284.861 271.018 266.849 263.655 263.408 255.693 324.155 240.345
threshold=0.3949677193849353 0.7202423606758549 0.062535114802470759 82.87787273269619 0.40535237056798251 0.59925034486684681 0.60186356039237598 3.5000000000000004 74.812500000000014 0.22199788188653974 0.17111002287988072 0.66764706031821874 0.55054948406562443 0.73948528585617257 0.88908937429345591 0.12078438802576735 0.85720347292591781 60.812500000000007 62.998161764705891 1.0000000180025095e-35 67.21139705882355 0.33225311868422891 68.906250000000014 0.14810024571132305 57.748430647933354 1.5000000000000002 67.531250000000014 67.968750000000014 0.24104930359736823 0.56838106370543551
decision_type=10 10 8 8 10 10 10 2 2 10 10 10 10 10 10 2 10 2 2 10 2 2 2 2 10 2 2 2 2 2
left_child=2 4 -1 5 8 9 -3 23 20 14 -7 12 -11 -6 -4 -8 18 -18 -17 -13 -2 27 26 -5 -19 -20 -12 28 -22 -9
right_child=1 6 3 7 13 10 15 29 -10 11 22 19 -14 -15 -16 16 17 24 25 -21 21 -23 -24 -25 -26 -27 -28 -29 -30 -31
leaf_value=-0.13567484398692312 -0.037619223297595511 0.08438739106900324 -0.086591657205391054 -0.12360918772303396 0.070166838055337993 -0.048419984873561639 0.040554831789599531 0.062665517246835709 0.35826514466898518 -0.052507387049756785 0.18816135093569755 0.17678811450799306 0.090728983791185588 0.19401949734641954 0.2052313196659088 0.31192046312555188 -0.036897153966128825 0.023118959267934166 -0.05346243465319276 -0.022964516737394865 0.037908235937356954 0.11287704616565915 0.32792696032835095 -0.0049669282565660338 0.2388957573339576 0.15234977312413139 -0.11547124039381743 -0.015175272631101883 0.29281424596905709 0.26896901652216915
leaf_weight=1445 298 274 1449 63 1929 42 45 240 11.999999999999998 1333 25 42 57 65 9.9999999999999982 31 15.999999999999998 14.999999999999998 15.999999999999998 36 74 85 23 204 320 567 9.9999999999999982 313 14.999999999999998 14.999999999999998
leaf_count=1445 298 274 1449 63 1929 42 45 240 12 1333 25 42 57 65 10 31 16 15 16 36 74 85 23 204 320 567 10 313 15 15
internal_value=-0.000983508 0.0857523 -0.0717581 -0.0457339 0.0548527 -0.0570147 0.152918 0.0196813 0.0064376 -0.0620572 0.09058 -0.039661 -0.0466337 0.0742042 -0.0845915 0.171509 0.177616 0.217103 0.155043 0.0845946 0.00105934 0.0247271 0.191235 -0.0329612 0.229234 0.146701 0.101409 0.00608846 0.0808699 0.074801
internal_weight=9069 4075 4994 3549 2791 3027 1284 522 797 2927 100 1468 1390 1994 1459 1010 965 351 614 78 785 487 58 267 335 583 35 402 89 255
internal_count=9069 4075 4994 3549 2791 3027 1284 522 797 2927 100 1468 1390 1994 1459 1010 965 351 614 78 785 487 58 267 335 583 35 402 89 255
is_linear=0
shrinkage=0.05


Tree=19
num_leaves=31
num_cat=0
split_feature=0 0 0 0 16 0 10 2 1 1 7 16 2 1 9 1 3 3 0 10 11 0 7 4 4 10 10 4 10 11
split_gain=20121.9 4157.45 2031.63 755.305 679.856 622.927 653.12 590.568 477.167 439.735 424.994 424.717 359.244 340.969 320.005 324.364 308.186 300.305 465.194 297.214 296.425 294.593 292.369 286.052 458.673 402.022 406.233 272.496 271.502 399.9
threshold=0.47152859253244267 0.1944761073605509 0.7202423606758549 0.029562360228286979 0.5769041961542406 0.3251552005944936 0.50665441176470594 0.60186356039237598 0.20261683446803969 0.17439325890708954 8.5000000000000018 0.2020923641174352 0.32172263688928365 0.16446293281572807 0.45696649029982367 0.68886306925166152 73.368852109891023 72.111542413135325 0.34800092430184609 0.75435897435897448 74.812500000000014 0.40115676072407763 3.5000000000000004 -0.098625702736042584 -0.062111031133633428 0.75045673076923081 0.51633333333333342 -0.28268788525913807 0.61997916666666686 67.968750000000014
decision_type=10 8 10 10 10 8 2 10 10 10 2 10 10 10 2 10 10 8 8 2 2 10 2 2 2 2 2 2 2 2
left_child=1 3 9 -1 5 22 8 -4 17 12 23 -5 -2 -6 -11 -16 -12 21 -19 -9 -20 -7 -3 25 28 26 -8 -10 -25 -30
right_child=2 4 7 11 13 6 10 19 27 14 16 -13 -14 -15 15 -17 -18 18 20 -21 -22 -23 -24 24 -26 -27 -28 -29 29 -31
leaf_value=-0.13333562236572771 -0.064078229241583379 -0.10323307072540047 0.080168020381017793 -0.086443205438995155 0.00024827628706892334 -0.10132335208281376 0.26695794692406288 0.15017493594144479 -0.18515530638396741 0.068591244113185929 -0.057013846682305018 0.029909419569940796 0.044758632917958556 0.2302086327597499 0.11834459757206567 0.39624674469232563 0.18371300811568897 0.28082462228261512 -0.02991417688737015 0.22059343660993327 0.20384742532457625 -0.021522717733704858 -0.039856567855026649 0.13699139351956546 0.064156219925010402 0.31540852109478279 -0.026944073926415141 0.024641679629353406 0.52243891924619656 0.12553052224896172
leaf_weight=1266 94 224 274 1183 27 298 12.999999999999998 827 15.999999999999998 1365 117 84 392 40 231 10.999999999999998 14.999999999999998 12.999999999999998 433 183 13.999999999999998 189 970 32 124 10.999999999999998 123 474 15.000000000000002 10.999999999999998
leaf_count=1266 94 224 274 1183 27 298 13 827 16 1365 117 84 392 40 231 11 15 13 433 183 14 189 970 32 124 11 123 474 15 11
internal_value=-0.000934333 -0.0583008 0.095758 -0.106022 -0.0200365 -0.023451 -0.00565085 0.145272 -0.0222636 0.0653824 0.0461332 -0.0787292 0.0237079 0.137538 0.0779859 0.130977 -0.0296585 -0.0429888 -0.0140179 0.162934 -0.0225928 -0.0703535 -0.0517463 0.0765421 0.118442 0.0246655 0.0011495 0.0177912 0.234502 0.354516
internal_weight=9069 5692 3377 2533 3159 3092 1898 1284 1437 2093 461 1267 486 67 1607 242 132 947 460 1010 447 487 1194 329 182 147 136 490 58 26
internal_count=9069 5692 3377 2533 3159 3092 1898 1284 1437 2093 461 1267 486 67 1607 242 132 947 460 1010 447 487 1194 329 182 147 136 490 58 26
is_linear=0
shrinkage=0.05


Tree=20
num_leaves=31
num_cat=0
split_feature=0 0 0 14 10 3 18 14 0 2 1 8 2 1 8 2 8 0 2 2 3 8 6 8 3 1 10 10 8 8
split_gain=19603.7 4059.89 1696.26 924.677 863.426 786.49 777.89 660.729 627.245 570.112 451.522 411.116 393.337 339.411 332.124 327.632 315.384 298.108 286.466 285.503 265.303 258.921 246.4 283.887 399.515 281.521 285.998 254.138 250.386 238.522
threshold=0.52298153887212673 0.18107742625375847 0.83181414365121886 1.0000000180025095e-35 0.54494047619047625 57.022351797862008 0.54666410475345961 1.5000000000000002 0.040103919514904017 0.49381300547203233 0.60628175055920486 0.80929730840353409 0.13894601930536757 0.49795363733036163 0.87242073969762768 0.35852584684975952 0.81961909969017699 0.40781790893210174 0.77942130772640195 0.63520438050087658 66.978153159605725 0.52098133503116428 1.0000000180025095e-35 0.60456624603534836 57.748430647933354 0.51658800882958722 0.18207142857142861 0.49174107142857154 0.63866507965574082 0.49918032786885252
decision_type=10 8 10 8 2 10 10 10 10 10 8 2 8 10 2 10 2 10 10 10 10 2 2 2 10 10 2 2 2 2
left_child=1 8 7 4 6 -4 12 9 -1 13 -6 -7 -3 -2 18 -8 -13 -14 22 21 -15 -9 23 24 -11 26 -24 -25 -29 -12
right_child=2 3 5 -5 10 11 15 19 -10 14 29 16 17 20 -16 -17 -18 -19 -20 -21 -22 -23 25 27 -26 -27 -28 28 -30 -31
leaf_value=-0.12462765335206921 0.046483209026157858 -0.11792639331677213 -0.10531496379566803 -0.072322460441449826 0.021647955835438694 0.17370619542936275 0.044746457226574422 -0.22177984030158432 -0.073045628418757252 -0.24673425063490867 -0.10884069949388504 0.48488209694623952 -0.029231695448681618 0.064452687799930561 0.22466442698644379 0.21618974046273665 0.24769786708927466 0.011213118891530371 0.17654575457175573 0.1200939201646381 0.42029242705215109 -0.012999065474353054 -0.035179648629855363 -0.067781814775968854 0.071712312669316589 -0.021517724882472646 0.18556165083569323 0.18123869979310603 0.10314978977870398 0.14357734129075217
leaf_weight=1293 625 104 22 627 286 377 76 27 1083 9.9999999999999982 9.9999999999999982 15.999999999999998 1726 10.000000000000002 59 44 113 619 126 18 10.999999999999998 33 15.999999999999998 19 653 22 177 126 554 146
leaf_count=1293 625 104 22 627 286 377 76 27 1083 10 10 16 1726 10 59 44 113 619 126 18 11 33 16 19 653 22 177 126 554 146
internal_value=0.00187723 -0.0502822 0.105954 -0.0170823 -0.00557923 0.187345 -0.0166852 0.0886671 -0.101116 0.0933064 0.058971 0.20007 -0.0227756 0.0531265 0.108038 0.107609 0.277116 -0.0185556 0.103997 -0.0545556 0.250845 -0.10695 0.0982005 0.090348 0.0669092 0.147945 0.167262 0.11258 0.117619 0.127397
internal_weight=9028 6014 3014 3638 3011 528 2569 2486 2376 2408 442 506 2449 646 1762 120 129 2345 1703 78 21 60 1577 1362 663 215 193 699 680 156
internal_count=9028 6014 3014 3638 3011 528 2569 2486 2376 2408 442 506 2449 646 1762 120 129 2345 1703 78 21 60 1577 1362 663 215 193 699 680 156
is_linear=0
shrinkage=0.05


Tree=21
num_leaves=31
num_cat=0
split_feature=0 0 0 14 16 18 8 3 14 9 0 17 8 3 4 0 9 8 8 4 16 0 5 17 9 5 0 8 9 0
split_gain=17692.3 3664.98 1530.88 869.397 784.711 750.685 718.262 709.807 596.307 522.66 478.241 514.424 456.063 407.815 427.764 399.663 388.089 371.983 349.878 347.763 337.899 333.919 324.695 289.923 275.56 274.104 272.482 307.758 262.76 257.629
threshold=0.52298153887212673 0.16314670857666647 0.83181414365121886 1.0000000180025095e-35 0.54815700483066665 0.54666410475345961 0.4596610032851644 57.022351797862008 1.5000000000000002 0.25639386189258317 0.040103919514904017 0.88054437176594413 0.77722824705583327 61.9256540064478 -0.14831161285403058 0.28209796718356178 0.29285682779132566 0.80684931506849333 0.27286670384829897 0.020529569579988773 0.22951097479399368 0.50345306217678176 2.5000000000000004 0.57081267439522831 0.28090682667270467 4.5000000000000009 0.41456431790654552 0.49758797118095444 0.38669830287442725 0.45915021449726834
decision_type=10 8 10 8 10 8 2 10 10 2 10 10 2 10 2 10 2 2 2 2 10 8 2 10 2 2 10 2 2 8
left_child=1 10 8 4 5 6 15 -4 12 13 -1 20 -2 14 -8 25 22 -9 -7 -14 -12 24 -6 -5 -11 -3 -15 29 -23 -28
right_child=2 3 7 23 16 18 9 17 -10 21 11 -13 19 26 -16 -17 -18 -19 -20 -21 -22 28 -24 -25 -26 -27 27 -29 -30 -31
leaf_value=-0.11839627213977791 0.080876165492288349 -0.059359127267654944 -0.10004921475933358 -0.074440808408172077 0.05640487782657147 0.049380491682922988 0.21571073961754639 0.16381351854013149 -0.051827789465777388 0.12943043600767853 -0.083336102781400398 0.28528825990855694 0.13046681562679072 -0.091302007000374885 0.00092853022848858558 -0.0096661981530362252 -0.069334456783074594 0.26007299262868322 0.2251082717679268 0.3165136018672326 0.038444824431274761 0.049095209175348285 0.33374721825182924 0.11876533992588521 0.0036680077334876951 0.14930604994297028 0.33367329185659234 -0.045494773843682113 0.1590857942782653 0.034972357714460015
leaf_weight=1293 2136 962 22 666 15.999999999999998 83 30 368 78 50 860 9.9999999999999982 244 194 102 892 12.999999999999998 138 43 28 61 125 31 20 338 15.999999999999998 10.999999999999998 81 96 21
leaf_count=1293 2136 962 22 666 16 83 30 368 78 50 860 10 244 194 102 892 13 138 43 28 61 125 31 20 338 16 11 81 96 21
internal_value=0.00178337 -0.0477681 0.100656 -0.0178681 -0.00661007 -0.0101396 -0.0152992 0.177978 0.0842338 0.0178374 -0.0987219 -0.0713975 0.0886411 -0.0237513 0.0497427 -0.03387 0.172455 0.190066 0.109351 0.149619 -0.0752703 0.0478168 0.239333 -0.068808 0.0198745 -0.0559454 -0.0553513 0.00636946 0.0968739 0.137651
internal_weight=9028 6014 3014 3790 3104 3044 2918 528 2486 1048 2224 931 2408 439 132 1870 60 506 126 272 921 609 47 686 388 978 307 113 221 32
internal_count=9028 6014 3014 3790 3104 3044 2918 528 2486 1048 2224 931 2408 439 132 1870 60 506 126 272 921 609 47 686 388 978 307 113 221 32
is_linear=0
shrinkage=0.05


Tree=22
num_leaves=31
num_cat=0
split_feature=0 0 0 2 8 8 14 2 3 0 7 2 4 17 11 16 2 18 9 8 4 4 11 16 2 7 9 4 5 8
split_gain=15967.3 3307.64 1410.4 794.677 548.16 535.513 520.114 443.451 425.457 424.989 376.353 440.219 375.003 367.163 334.611 331.386 311.382 294.298 282.162 279.198 429.179 616.896 272.764 272.584 289.636 271.735 270.807 270.699 270.204 363.749
threshold=0.52298153887212673 0.16314670857666647 0.73874789017915499 0.29075065598662581 0.40851625030317734 0.80684931506849333 1.5000000000000002 0.23778760472823354 82.87787273269619 0.33796797630616876 2.5000000000000004 0.76112892896806617 0.061376527246976863 0.24833408113767286 72.218750000000014 0.48005134827323132 0.49381300547203233 0.57177654624157037 0.34746676248652536 0.60456624603534836 -0.088765193153031038 -0.062111031133633428 69.849264705882362 0.54815700483066665 0.60972972763307776 8.5000000000000018 0.1940796331040234 -0.19676287003382825 4.5000000000000009 0.51116019294237125
decision_type=10 8 10 8 2 2 10 8 8 10 2 10 2 10 2 10 10 10 2 2 2 2 2 10 10 2 2 2 2 2
left_child=1 7 6 28 9 10 16 -1 12 13 22 -12 14 -5 17 -11 27 23 19 -10 -21 -22 -4 24 -6 -19 -16 -2 -3 -30
right_child=2 3 5 4 8 -7 -8 -9 18 15 11 -13 -14 -15 26 -17 -18 25 -20 20 21 -23 -24 -25 -26 -27 -28 -29 29 -31
leaf_value=-0.054017763485997489 -0.045005286082222658 -0.065790263051055731 -0.0028104202578897062 -0.052054100504945147 -0.030175189842100148 0.20764083044530263 -0.064915560526507252 -0.10632056427088532 -0.008664360293938269 0.0014685177176657774 0.10914169488565513 0.18873779455830386 0.12644112981003472 0.091278401635428705 -0.077382622824774858 0.2083322596549988 0.088697668444481792 0.27297903649947225 0.14209525368186002 0.011540722656757275 0.48519549171129867 0.06101632378995419 0.16292507041464835 0.17396891216437024 0.097712097128734313 -0.014109374023973942 0.14252278714899033 0.057167233294410272 0.17601073692951885 -0.053523144614365373
leaf_weight=533 74 836 92 905 763 229 70 1691 124 605 536 257 59 47 18 20 1199 17 97 47 14.999999999999998 20 34 18 47 15.999999999999998 63 523 28 45
leaf_count=533 74 836 92 905 763 229 70 1691 124 605 536 257 59 47 18 20 1199 17 97 47 15 20 34 18 47 16 63 523 28 45
internal_value=0.0016942 -0.0453797 0.0956233 -0.0169747 -0.00411421 0.13923 0.0687955 -0.0937858 0.0198702 -0.0239466 0.122183 0.134938 0.00415705 -0.0449778 -0.00350193 0.00808816 0.074007 -0.0126421 0.0717806 0.0386713 0.110252 0.242807 0.0419119 -0.018478 -0.0227546 0.133785 0.0936549 0.0445026 -0.0577348 0.0345172
internal_weight=9028 6014 3014 3790 2881 1148 1866 2224 1304 1577 919 793 1001 952 942 625 1796 861 303 206 82 35 126 828 810 33 81 597 909 73
internal_count=9028 6014 3014 3790 2881 1148 1866 2224 1304 1577 919 793 1001 952 942 625 1796 861 303 206 82 35 126 828 810 33 81 597 909 73
is_linear=0
shrinkage=0.05


Tree=23
num_leaves=31
num_cat=0
split_feature=0 0 0 10 0 8 4 16 17 14 17 0 4 0 7 8 4 16 4 7 6 11 10 11 13 9 0 11 0 3
split_gain=14410.5 2992.82 1284.75 678.302 649.424 620.358 544.718 488.593 498.338 448.37 447.013 400.215 379.317 366.428 355.648 421.669 374.083 321.581 319.777 318.27 435.579 314.501 281.298 276.927 265.116 259.137 437.402 256.955 340.794 317.144
threshold=0.52298153887212673 0.22199788188653974 0.69139511469733061 0.54494047619047625 0.040103919514904017 0.77618447027856996 -0.15503150659473705 0.42346611447710658 0.57081267439522831 1.5000000000000002 0.88054437176594413 0.3251552005944936 0.071781263577361781 0.22950917644521357 1.0000000180025095e-35 0.26308936403508776 -0.18396376902676889 0.22951097479399368 -0.21767827527437633 4.5000000000000009 1.0000000180025095e-35 74.250000000000014 0.21339285714285719 69.343750000000014 2.5000000000000004 0.25277433880480954 0.37340315191251222 72.818014705882362 0.44599607851925743 72.449041172535033
decision_type=10 8 10 2 10 2 2 10 10 10 10 10 2 8 2 2 2 10 2 2 2 2 2 2 10 2 10 2 10 10
left_child=1 4 9 7 -1 12 -5 8 11 18 17 13 21 -3 15 16 -15 -6 -2 -8 24 22 23 -4 -21 26 -9 -13 -29 -30
right_child=2 3 5 6 10 -7 19 25 -10 -11 -12 27 -14 14 -16 -17 -18 -19 -20 20 -22 -23 -24 -25 -26 -27 -28 28 29 -31
leaf_value=-0.1072696457375691 -0.010731245695302885 0.089760289946570995 -0.084661286475048184 -0.05586287084690951 -0.066973456266712361 0.17606828008104472 0.11896799172127182 0.063137919399887318 0.11300406623918278 -0.081926449295133361 0.27450927793979646 -0.013075214865981575 0.21755825473346571 0.20344727873802185 -0.066698475075439398 0.028869366777654538 -0.11700454304615658 0.030608443477087549 0.070264589337382125 0.10632867155210027 0.34965579748153686 0.29838491364529263 0.10120890322509349 0.085181583963068463 -0.025100947786692075 -0.077903601477543521 0.35993411110507118 0.010477685092642318 0.08122144730295984 0.42997901060364463
leaf_weight=1293 135 48 42 108 1364 398 183 40 65 56 9.9999999999999982 1174 69 9.9999999999999982 960 243 102 90 1252 53 9.9999999999999982 19 987 56 139 14.999999999999998 18 62 16.000000000000004 10.999999999999998
leaf_count=1293 135 48 42 108 1364 398 183 40 65 56 10 1174 69 10 960 243 102 90 1252 53 10 19 987 56 139 15 18 62 16 11
internal_value=0.00160949 -0.0431107 0.0908422 -0.010659 -0.0814478 0.122128 0.043369 -0.0202956 -0.023758 0.0567808 -0.058642 -0.0271432 0.103826 -0.0459331 -0.0508861 -0.00812601 -0.0883928 -0.0609333 0.0623811 0.0712054 0.0279354 0.0967182 0.0931867 0.0123918 0.0111791 0.107339 0.155247 -0.0068657 0.0750441 0.223308
internal_weight=9028 6014 3014 3257 2757 1571 493 2764 2691 1443 1464 2626 1173 1363 1315 355 112 1454 1387 385 202 1104 1085 98 192 73 58 1263 89 27
internal_count=9028 6014 3014 3257 2757 1571 493 2764 2691 1443 1464 2626 1173 1363 1315 355 112 1454 1387 385 202 1104 1085 98 192 73 58 1263 89 27
is_linear=0
shrinkage=0.05


Tree=24
num_leaves=31
num_cat=0
split_feature=0 0 0 14 18 16 10 3 2 14 17 16 2 8 0 2 11 7 2 4 4 8 10 11 8 10 17 11 11 4
split_gain=13005.5 2712.06 1193.5 743.069 637.419 673.521 719.971 618.328 496.196 559.232 395.422 380.738 375.753 352.094 336.513 302.361 301.374 358.738 328.411 327.934 298.849 294.562 286.37 293.933 284.634 278.619 256.053 252.496 245.723 317.31
threshold=0.52298153887212673 0.16314670857666647 0.83181414365121886 1.0000000180025095e-35 0.54666410475345961 0.54815700483066665 0.55077724358974367 57.022351797862008 0.63520438050087658 1.5000000000000002 0.90459433988517735 0.2020923641174352 0.35852584684975952 0.87889278116058989 0.4941017773537219 0.2568099884866783 68.849264705882362 2.5000000000000004 0.60972972763307776 -0.014964080171682393 -0.033520910930639115 0.80929730840353409 0.36612500000000009 68.27389705882355 0.81961909969017699 0.1804166666666667 0.71367307922101564 68.968750000000014 69.656250000000014 -0.016371593919150895
decision_type=10 8 10 8 10 10 2 10 10 10 10 10 10 2 8 8 2 2 8 2 2 2 2 2 2 2 8 2 2 2
left_child=1 10 8 4 5 6 15 -4 9 16 11 -1 -6 28 -8 -3 18 -18 19 -2 -20 -9 -21 -24 -23 -19 -17 -14 -10 -30
right_child=2 3 7 -5 12 -7 14 21 13 -11 -12 -13 27 -15 -16 26 17 25 20 22 -22 24 23 -25 -26 -27 -28 -29 29 -31
leaf_value=-0.090005401817041072 0.043144602604274739 -0.062776157153603532 -0.10492130694064228 -0.062328139205535184 0.037592803615217024 0.15633817053089538 0.0054857164747777031 0.14353885440753689 0.11317922801106689 -0.094136701375246046 0.22891843110322951 0.026889586459017463 0.30031769371801809 0.2771260606258043 0.095358845385424995 -0.016971938900594081 -0.024899063243841134 0.0086644065679248542 0.023200566570357056 0.015402220432525097 -0.11600458036889048 0.42844889089465144 0.18622972764408319 -0.08473731685768475 0.20312386995791334 0.11886436545447399 0.18381604449823499 0.060537829819847559 0.020248291499068052 0.16938034683034253
leaf_weight=2142 634 402 22 686 78 60 221 377 606 60 9.9999999999999982 72 31 28 197 2082 60 66 158 46 51 15.999999999999998 111 10.999999999999998 113 438 15.999999999999998 17 172 45
leaf_count=2142 634 402 22 686 78 60 221 377 606 60 10 72 31 28 197 2082 60 66 158 46 51 16 111 11 113 438 16 17 172 45
internal_value=0.00152901 -0.0409552 0.0863 -0.0152343 -0.00482635 -0.00948697 -0.0128967 0.154572 0.0717998 0.055684 -0.084787 -0.0862039 0.105327 0.102763 0.0478422 -0.0230522 0.0613914 0.0906746 0.0450554 0.059603 -0.0107682 0.165854 0.121714 0.161798 0.231071 0.104433 -0.0154407 0.215396 0.0968304 0.0511743
internal_weight=9028 6014 3014 3790 3104 2978 2918 528 2486 1635 2224 2214 126 851 418 2500 1575 564 1011 802 209 506 168 122 129 504 2098 48 823 217
internal_count=9028 6014 3014 3790 3104 2978 2918 528 2486 1635 2224 2214 126 851 418 2500 1575 564 1011 802 209 506 168 122 129 504 2098 48 823 217
is_linear=0
shrinkage=0.05


Tree=25
num_leaves=31
num_cat=0
split_feature=0 0 0 10 1 5 2 2 10 7 2 1 3 18 3 1 2 17 10 4 4 3 10 1 4 2 0 1 18 0
split_gain=10759.8 2287.69 1573.52 659.838 492.292 475.281 447.901 392.381 372.813 350.955 322.927 320.887 326.885 312.164 347.942 306.93 510.193 301.586 281.222 288.015 294.229 274.807 376.922 272.278 268.127 247.598 241.481 240.278 238.334 232.976
threshold=0.36149998052766935 0.69659059368366627 0.11441052247467402 0.75435897435897448 0.18181881530977648 4.5000000000000009 0.8041730608159009 0.23328007637588669 0.21339285714285719 14.500000000000002 0.57958483672379146 0.18876485332386142 67.293010730036869 0.76419820003853156 75.278024757859697 0.4569243558979918 0.78524349015142592 0.57492286428290462 0.61287179487179499 -0.19006345415458575 -0.21322618694973719 57.022351797862008 0.58524886877828064 0.58179897008891368 -0.13905170597945202 0.34960742252358329 0.92571431119192094 0.099646658127423446 0.66433733573759568 0.18107742625375847
decision_type=10 10 8 2 10 2 10 8 2 2 10 10 10 10 8 10 8 10 2 2 2 10 2 10 2 8 10 10 10 10
left_child=2 4 7 5 10 13 8 -1 27 23 -2 12 -6 14 29 17 -17 24 19 20 -16 22 -10 -8 -13 -26 -23 -3 -27 -4
right_child=1 6 3 -5 11 -7 9 -9 21 -11 -12 15 -14 -15 18 16 -18 -19 -20 -21 -22 26 -24 -25 25 28 -28 -29 -30 -31
leaf_value=-0.040380119335226311 -0.0060842769506716113 0.16280753200545031 -0.074240695165526685 0.21155161357351712 0.38007913508585522 0.050847032128108871 0.12802292241019683 -0.10114725288577825 -0.1956360047062238 -0.051838055625557905 0.17989423692536852 -0.0026986675211157418 0.076067658203343547 0.063971807269027112 0.0073546270467340948 0.065140958400694907 0.29027939620945187 0.29189286838200962 0.099903962787772929 -0.03043920720243239 0.24223314924165606 0.10050867721861936 0.14373194694519043 0.22777467283109823 -0.077235496966395437 0.045015839039482738 0.22565487546846275 -0.046466383093994271 0.23955730292946101 -0.038221738149035775
leaf_weight=326 850 17 668 28 13.999999999999998 162 142 1435 18 18 24 459 24 74 40 370 27 10.999999999999998 56 488 20 1061 14.999999999999998 132 41 982 40 71 15.999999999999998 1369
leaf_count=326 850 17 668 28 14 162 142 1435 18 18 24 459 24 74 40 370 27 11 56 488 20 1061 15 132 41 982 40 71 16 1369
internal_value=7.81089e-05 0.0568231 -0.052605 -0.0299982 0.0301903 -0.032349 0.106395 -0.0898979 0.0931007 0.162029 -0.000977315 0.0442029 0.188072 -0.0373132 -0.0401512 0.0413345 0.0804526 0.031043 -0.00682262 -0.017729 0.0856475 0.100794 -0.0413778 0.176079 0.0291276 0.0431875 0.105055 -0.00603847 0.0481347 -0.0500336
internal_weight=8998 4332 4666 2905 2818 2877 1514 1761 1222 292 874 1944 38 2715 2641 1906 397 1509 604 548 60 1134 33 274 1498 1039 1101 88 998 2037
internal_count=8998 4332 4666 2905 2818 2877 1514 1761 1222 292 874 1944 38 2715 2641 1906 397 1509 604 548 60 1134 33 274 1498 1039 1101 88 998 2037
is_linear=0
shrinkage=0.05


Tree=26
num_leaves=31
num_cat=0
split_feature=0 0 8 3 0 16 1 8 0 17 9 7 10 0 16 17 8 8 0 11 9 9 2 1 9 2 9 3 1 2
split_gain=9710.73 2064.64 1430.02 686.108 601.768 591.309 444.593 441.22 416.7 392.398 361.949 337.736 319.334 310.967 360.058 296.256 254.849 298.504 275.067 266.961 258.371 248.624 240.983 235.126 217.896 208.991 203.41 507.157 201.747 247.624
threshold=0.36149998052766935 0.69659059368366627 0.26308936403508776 82.87787273269619 0.22199788188653974 0.54449631279215749 0.16670027243705879 0.62734384155631095 0.83181414365121886 0.38305996504262707 0.042261904761904771 4.5000000000000009 0.21339285714285719 0.59129883270810968 0.43601436677685507 0.57492286428290462 0.80929730840353409 0.81961909969017699 0.9345791893065899 73.849264705882362 0.77693236714975855 0.22168803418803421 0.5587328387811451 0.12857295692017398 0.20262735490411424 0.48001403819805488 0.21813346228239847 73.918981250686372 0.58891290747864722 0.7580461523393619
decision_type=10 10 2 8 10 10 10 2 10 10 2 2 2 10 10 10 2 2 10 2 2 2 10 8 2 8 2 10 10 8
left_child=2 6 4 5 23 9 -2 -5 12 24 -6 -11 -3 14 15 -8 19 -18 20 -10 -19 -16 -12 -1 -4 -14 27 -26 -15 -30
right_child=1 8 3 7 10 -7 13 -9 16 11 22 -13 25 28 21 -17 17 18 -20 -21 -22 -23 -24 -25 26 -27 -28 -29 29 -31
leaf_value=-0.047793814182793833 -0.0040593243842959245 -0.016864340110371509 -0.075187219569060784 0.0091293550614901034 0.16248813128471376 0.14228245199968417 0.020698356668275113 0.12599628473942479 0.11031651135408194 0.28886545399824776 -0.037248282928571998 0.021207036814567717 -0.010109136417051967 0.060656290383641759 0.41305756866931898 0.27028559669852259 0.40809470206499104 0.1056250894974385 0.33947893038392069 0.37212587475776671 0.3633269702846354 0.060478244423866269 0.1992846470664848 -0.088572907081953131 -0.021785798991048658 0.09598761691029227 -0.035205728743349075 0.35227962980667749 0.10267667771716203 0.39253054022789002
leaf_weight=429 758 75 369 247 25 48 1291 120 370 14.999999999999998 511 55 49 699 10.000000000000002 11.999999999999998 14.999999999999998 84 20 9.9999999999999982 10.999999999999998 9.9999999999999982 10.999999999999998 2008 37 880 779 11.999999999999998 28 9.9999999999999982
leaf_count=429 758 75 369 247 25 48 1291 120 370 15 511 55 49 699 10 12 15 84 20 10 11 10 11 2008 37 880 779 12 28 10
internal_value=7.42032e-05 0.0539819 -0.0499747 -0.0131062 -0.0707565 -0.0299765 0.0286808 0.047342 0.101075 -0.0365025 -0.023363 0.0785624 0.0823794 0.0407278 0.0262285 0.0229969 0.137879 0.198308 0.170945 0.117206 0.135464 0.236768 -0.0322639 -0.0813943 -0.0432315 0.0903916 -0.0289903 0.0698221 0.0667558 0.178954
internal_weight=8998 4332 4666 1682 2984 1315 2818 367 1514 1267 547 70 1004 2060 1323 1303 510 130 115 380 95 20 522 2437 1197 929 828 49 737 38
internal_count=8998 4332 4666 1682 2984 1315 2818 367 1514 1267 547 70 1004 2060 1323 1303 510 130 115 380 95 20 522 2437 1197 929 828 49 737 38
is_linear=0
shrinkage=0.05


Tree=27
num_leaves=31
num_cat=0
split_feature=2 15 2 16 10 5 2 5 4 2 9 2 18 1 7 2 4 10 1 3 5 11 3 4 4 1 11 9 10 7
split_gain=7687.61 2248.15 849.938 795.841 654.775 487.006 413.227 372.024 418.565 352.633 357.9 322.304 308.282 297.81 307.7 284.925 270.335 360.795 264.196 242.427 236.403 472.252 233.442 232.998 521.59 269.293 390.671 259.733 234.986 228.647
threshold=0.50574904656536035 1.0000000180025095e-35 0.77942130772640195 0.5769041961542406 0.58031250000000012 1.5000000000000002 0.17594986667494508 4.5000000000000009 -0.21583125511424089 0.34960742252358329 0.011126137201868702 0.60186356039237598 0.79163381265476362 0.58179897008891368 14.500000000000002 0.39624184441383187 0.074675225232239018 0.36031250000000004 0.10090124899960402 72.555599751675217 4.5000000000000009 72.060661764705898 67.949966379105504 -0.088765193153031038 -0.05313223839207331 0.17873623030303606 68.757352941176478 0.50196850393700798 0.61997916666666686 1.5000000000000002
decision_type=10 8 10 10 2 2 10 2 2 8 2 10 10 10 2 8 2 2 10 10 2 2 10 2 2 8 2 2 2 2
left_child=1 3 7 4 9 -3 -5 11 -9 19 -11 -2 20 -4 -15 -6 -12 -18 -13 -1 -7 -22 -19 -17 28 -26 -27 -28 -25 -10
right_child=2 5 13 6 15 12 -8 8 29 10 16 18 -14 14 -16 23 17 22 -20 -21 21 -23 -24 24 25 26 27 -29 -30 -31
leaf_value=-0.049076964892176785 0.026162766488162272 -0.08678288284976711 0.10230044984199266 -0.012383877204802747 -0.036687094707261114 -0.053521763079437068 0.23174731616790478 -0.015568712396898133 -0.035519331645058549 0.25637033765132611 -0.010265385217874488 0.30134748294949532 0.11913487240672112 0.20929455160722138 -0.064676471731879501 0.030625996214372144 -0.0093694586598990007 0.33181488461354203 0.065297385838618813 0.002242311466220968 -0.015229383460627716 0.32790393754839897 0.085122558711604637 0.086631732154637583 -0.14241018614598686 0.01605661932345746 0.34368563026189802 0.031595839858055114 0.34971501883761635 0.12678123266171801
leaf_weight=1034 851 1490 235 26 68 678 52 69 23 12.999999999999998 2164 11.999999999999998 30 150 10.999999999999998 135 51 17 973 296 61 11.999999999999998 22 11.999999999999998 13.999999999999998 56 20.000000000000004 9.9999999999999982 29 384
leaf_count=1034 851 1490 235 26 68 678 52 69 23 13 2164 12 30 150 11 135 51 17 973 296 61 12 22 12 14 56 20 10 29 384
internal_value=7.04932e-05 -0.0302539 0.0705063 -0.00778366 -0.0109138 -0.0700195 0.15037 0.0589134 0.0983042 -0.0172165 -0.00522531 0.048701 -0.0380382 0.13819 0.190576 0.054989 -0.00673407 0.0781745 0.0681731 -0.0376555 -0.0443168 0.0411761 0.192655 0.0775758 0.122528 0.060951 0.0940563 0.239656 0.272715 0.117609
internal_weight=8998 6290 2708 4019 3941 2271 78 2312 476 3597 2267 1836 781 396 161 344 2254 90 985 1330 751 73 39 276 141 100 86 30 41 407
internal_count=8998 6290 2708 4019 3941 2271 78 2312 476 3597 2267 1836 781 396 161 344 2254 90 985 1330 751 73 39 276 141 100 86 30 41 407
is_linear=0
shrinkage=0.05


Tree=28
num_leaves=31
num_cat=0
split_feature=0 0 8 8 0 3 16 18 1 8 8 8 14 8 3 3 1 0 4 4 11 4 4 5 10 11 10 17 0 0
split_gain=8121.3 1831.42 1184.6 765.022 620.024 531.744 506.636 454.441 315.877 332.408 308.819 290.493 266.467 261.812 251.854 286.814 284.171 248.453 245.589 444.643 278.001 275.735 239.509 241.228 239.039 373.094 357.028 279.14 260.266 323.204
threshold=0.33796797630616876 0.59129883270810968 0.62034238268495201 0.11045751633986929 0.83181414365121886 73.562768271987139 0.58695003644057298 0.70720992609298128 0.37764880572863557 0.1647116644823067 0.87889278116058989 0.19746095410485351 2.5000000000000004 0.1146757241732889 57.748430647933354 62.512833826634854 0.36414200559275561 0.099209505895546682 -0.099226703847907036 -0.054708558269549658 69.031250000000014 -0.16017521789280778 0.028026652695896815 1.5000000000000002 0.71851282051282062 67.093750000000014 0.55077724358974367 0.72251608305660631 0.57551596143692862 0.57220570652704106
decision_type=10 10 2 2 10 8 10 10 10 2 2 2 10 2 10 10 10 10 2 2 2 2 2 2 2 2 2 10 10 10
left_child=2 7 3 -1 8 -4 13 12 10 -10 14 -11 24 -5 -3 -16 22 -8 21 -20 -21 -7 -17 -24 26 -26 27 -2 29 -28
right_child=1 4 5 6 -6 18 17 -9 9 11 -12 -13 -14 -15 15 16 -18 -19 19 20 -22 -23 23 -25 25 -27 28 -29 -30 -31
leaf_value=-0.08425198744491677 0.0039074275938172339 -0.12016661899245305 -0.02591362637608792 0.13316437481414706 0.12575004622953095 0.20428352515316672 -0.064421516563743356 0.18668188659121862 -0.1228130071837869 0.30539070982486011 0.20612409725785255 0.089935197744026404 -0.090541151404613635 -0.044056639254299708 0.11564563039912662 0.034867508703092978 -0.09636423116255749 0.13035654953582707 0.31281949414147275 -0.028695365098806533 0.22692589677042432 -0.035392967063105768 -0.064329080047706766 0.15461455249251466 -0.28348290858899844 -0.0067914331721705065 0.065306797383496401 0.26892549514770508 -0.05911202880031452 0.3408819163387472
leaf_weight=1389 1552 23 99 21 510 18 22 37 18 15.999999999999998 30 704 64 2736 134 867 38 64 36 26 18 36 14.999999999999998 78 17 43 325 9.9999999999999982 41 10.999999999999998
leaf_count=1389 1552 23 99 21 510 18 22 37 18 16 30 704 64 2736 134 867 38 64 36 26 18 36 15 78 17 43 325 10 41 11
internal_value=6.69689e-05 0.0472111 -0.0477952 -0.0538381 0.0767374 0.0619639 -0.0389789 0.0130027 0.0637388 0.0894173 0.0477466 0.0947231 0.0098878 -0.0427068 0.0436329 0.046961 0.0377388 0.0805296 0.126888 0.182501 0.075877 0.0444992 0.043047 0.119301 0.0131031 -0.0851874 0.0161446 0.00560409 0.0598165 0.0743286
internal_weight=8998 4533 4465 4232 2433 233 2843 2100 1923 738 1185 720 2063 2757 1155 1132 998 86 134 80 44 54 960 93 1999 60 1939 1562 377 336
internal_count=8998 4533 4465 4232 2433 233 2843 2100 1923 738 1185 720 2063 2757 1155 1132 998 86 134 80 44 54 960 93 1999 60 1939 1562 377 336
is_linear=0
shrinkage=0.05


Tree=29
num_leaves=31
num_cat=0
split_feature=0 0 0 10 16 3 1 1 10 5 17 5 14 11 17 17 1 10 4 14 9 4 13 10 11 11 11 17 3 3
split_gain=7329.48 1666.49 986.141 541.718 513.097 455.64 384.425 350.143 303.867 301.954 266.553 254.048 246.943 270.795 246.411 243.578 238.618 213.753 255.54 212.359 204.089 201.99 201 246.948 432.419 221.202 209.737 199.354 197.218 303.981
threshold=0.33796797630616876 0.69659059368366627 0.11441052247467402 0.75435897435897448 0.58695003644057298 82.87787273269619 0.4569243558979918 0.80153152927913174 0.21339285714285719 1.5000000000000002 0.72251608305660631 3.5000000000000004 2.5000000000000004 71.718750000000014 0.33241616063170587 0.32233474451224059 0.17663697785533503 0.63406593406593414 -0.077926235619065157 1.0000000180025095e-35 0.32507668711656451 -0.050283877888599927 2.5000000000000004 0.38875000000000004 67.66727941176471 66.909926470588246 70.093750000000014 0.65067274295399902 78.596774347402132 72.361010042451667
decision_type=10 10 8 2 10 8 10 10 2 2 10 2 10 2 10 10 10 2 2 10 2 2 10 2 2 2 2 10 10 10
left_child=2 6 14 4 5 15 9 8 -3 -2 12 20 28 -14 -1 -4 -10 22 -19 -6 -7 -5 -13 24 -24 -25 -26 -17 29 -11
right_child=1 7 3 21 19 11 -8 -9 16 10 -12 17 13 -15 -16 27 -18 18 -20 -21 -22 -23 23 25 26 -27 -28 -29 -30 -31
leaf_value=-0.077619946592412961 -0.019420455917513568 -0.00083051520908616254 -0.046499349944254698 0.31086255759000769 0.17255206185985694 -0.050308573123861534 0.068074759723596195 0.28567800472744487 0.023285055539260309 0.019861914683233416 0.28191838704049588 -0.14454264165833594 -0.11300393308288065 0.15758148581636222 0.038424692318794577 0.085790935843251648 0.097035163606672248 0.031010775841199434 0.25489725363254551 -0.020700693981988091 0.048572472493125969 0.024404121041297914 -0.095815182725588477 0.091927159520918914 0.4466741424798964 -0.048063126134954087 0.1547738190740347 -0.033478222042322162 -0.063777162639771484 0.070982117954599494
leaf_weight=1714 483 97 1992 16.000000000000004 44 183 415 22 120 1629 9.9999999999999982 15.999999999999998 58 10.999999999999998 47 65 1275 26 25 21 73 9.9999999999999982 11.999999999999998 46 10.000000000000002 73 15.999999999999998 76 59 354
leaf_count=1714 483 97 1992 16 44 183 415 22 120 1629 10 16 58 11 47 65 1275 26 25 21 73 10 12 46 10 73 16 76 59 354
internal_value=6.36201e-05 0.0448506 -0.0454054 -0.0264425 -0.0286476 -0.0320995 0.0233816 0.0876608 0.0847409 0.0162589 0.0243839 0.011914 0.0231639 -0.0698671 -0.0745228 -0.0420041 0.0906911 0.0508009 0.140759 0.110117 -0.022112 0.200686 0.0242815 0.0414865 0.152456 0.00605077 0.267043 0.021504 0.0263075 0.0289878
internal_weight=8998 4533 4465 2704 2678 2613 3019 1514 1492 2604 2121 480 2111 69 1761 2133 1395 224 51 65 256 26 173 157 38 119 26 141 2042 1983
internal_count=8998 4533 4465 2704 2678 2613 3019 1514 1492 2604 2121 480 2111 69 1761 2133 1395 224 51 65 256 26 173 157 38 119 26 141 2042 1983
is_linear=0
shrinkage=0.05


Tree=30
num_leaves=31
num_cat=0
split_feature=2 14 2 8 8 16 8 2 2 9 9 10 17 10 9 9 4 1 4 4 4 8 11 2 1 14 18 11 5 8
split_gain=5528.74 1516.09 1013.73 831.135 470.074 430.579 420.264 480.691 394.645 327.687 314.685 373.354 401.246 404.613 335.27 352.999 310.002 308.147 294.767 315.653 299.8 280.816 272.903 339.82 437.675 272.133 364.71 268.215 265.239 368.32
threshold=0.4003505504894832 1.0000000180025095e-35 0.69530861284739498 0.87889278116058989 0.48097769901048598 0.59925034486684681 0.62621597501115589 0.17594986667494508 0.12876488138170755 0.30340953118946151 0.077693433327236147 0.18369318181818184 0.72122052185346275 0.29149572649572658 0.14810024571132305 0.15727625088090205 -0.16186329707579047 0.29969229767835437 -0.099226703847907036 -0.063688273593308975 -0.081114235239862206 0.83845809555779349 71.24264705882355 0.11266922095584457 0.076936619389449609 1.5000000000000002 0.81317470779543966 66.454044117647072 4.5000000000000009 0.68788965087281806
decision_type=10 8 10 2 2 10 2 10 10 2 2 2 10 2 2 2 2 10 2 2 2 2 2 10 10 10 10 2 2 2
left_child=1 3 4 5 25 6 10 18 -7 21 27 -12 14 -14 -13 16 -16 -4 -8 20 -20 28 -17 24 -24 26 -2 -1 -6 -30
right_child=2 -3 17 -5 9 8 7 -9 -10 -11 11 12 13 -15 15 22 -18 -19 19 -21 -22 -23 23 -25 -26 -27 -28 -29 29 -31
leaf_value=-0.056979669034481054 0.0089233920038880223 -0.068135045259071256 -0.0085550196882751266 0.29312970746647227 0.043534185218589018 -0.057769063439058223 0.016184073648194679 -0.043242285825312143 0.19780714951286263 0.024850128429954113 -0.063285077559648586 -0.074247393849874763 0.42585620671510682 0.020425340067595246 0.31615043793405806 -0.029156056143866894 0.041870665932312992 0.099345233536073482 0.12413953637534923 0.074031210988760004 0.39928868346744117 0.19707489762364366 -0.00049229787064739223 -0.022934944917875771 0.17087367322444377 -0.11504905535416171 0.29809921871532097 0.057115750003319525 0.15828743354896163 0.033740453927905534
leaf_weight=70 1242 2101 72 22 547 23 97 125 44 813 636 257 10.000000000000002 15.999999999999998 13.999999999999998 1096 39 817 22 75 18 41 81 185 69 44 10.999999999999998 195 142 102
leaf_count=70 1242 2101 72 22 547 23 97 125 44 813 636 257 10 16 14 1096 39 817 22 75 18 41 81 185 69 44 11 195 142 102
internal_value=-0.00175208 -0.0353567 0.0438172 -0.0130983 0.0296786 -0.0152914 -0.0180865 0.0345257 0.110072 0.0474254 -0.024732 -0.0304345 -0.0186105 0.17636 -0.0215222 -0.0123912 0.114322 0.0906064 0.0803795 0.134527 0.247957 0.0694851 -0.0170843 0.0224103 0.078336 0.00717023 0.011462 0.0269773 0.0628717 0.106223
internal_weight=9026 5195 3831 3094 2942 3072 3005 337 67 1645 2668 2403 1767 26 1741 1484 53 889 212 115 40 832 1431 335 150 1297 1253 265 791 244
internal_count=9026 5195 3831 3094 2942 3072 3005 337 67 1645 2668 2403 1767 26 1741 1484 53 889 212 115 40 832 1431 335 150 1297 1253 265 791 244
is_linear=0
shrinkage=0.05


Tree=31
num_leaves=31
num_cat=0
split_feature=8 1 14 8 1 5 10 11 8 8 8 3 4 3 8 13 8 8 11 3 1 1 11 11 11 1 4 3 11 7
split_gain=4324.99 1134.04 955.961 640.756 514.433 383.452 352.088 305.73 270.942 303.107 438.323 318.659 404.872 289.319 264.065 262.959 297.87 369.547 264.116 261.216 257.146 249.988 424.431 285.92 283.04 277.972 247.786 235.586 230.087 354.482
threshold=0.29235267656320291 0.18431508829297097 1.0000000180025095e-35 0.57642366553257651 0.58179897008891368 3.5000000000000004 0.66541666666666677 75.625000000000014 0.87889278116058989 0.65105686600132218 0.71649772527735667 67.138368621190807 0.045361383611817872 62.315550661800366 0.343014705882353 2.5000000000000004 0.61069200226886 0.58845369831100769 63.424632352941181 78.186370367664537 0.22295693202559957 0.21491362148777032 71.150735294117666 72.452205882352956 68.156250000000014 0.30217229642135396 0.083367599515053223 74.761748353924389 61.500000000000007 10.500000000000002
decision_type=2 8 8 2 10 2 2 2 2 2 2 8 2 10 2 10 2 2 2 10 10 8 2 2 2 8 2 10 2 2
left_child=2 -2 7 4 6 27 21 19 9 11 13 20 15 -11 -6 -13 17 -17 -19 28 -7 22 24 -23 -3 -25 -15 -5 29 -1
right_child=1 3 -4 5 14 8 -8 -9 -10 10 -12 12 -14 26 -16 16 -18 18 -20 -21 -22 23 -24 25 -26 -27 -28 -29 -30 -31
leaf_value=-0.00055133449246308637 -0.0094368796788640852 0.071056803412811495 -0.066560837218194349 0.0080260605897144437 0.26395536970209194 -0.029623197317123415 -0.18692540895371212 0.18728301880570752 0.14938397787404634 0.089629628785230508 0.073655785646392913 -0.029653096691735333 0.32761072367429733 -0.062044251337647439 0.083943763231656643 0.18528771190731616 0.14636054558784894 0.17447570424813491 -0.073398073107725198 -0.1113478149175644 0.18919210198073416 0.0061284468470508141 -0.098942235804029888 -0.048028654709147911 0.23499559863573977 0.12633633705942582 0.19546089917421341 0.14249648567703035 -0.019597541863372814 0.23259171901837639
leaf_weight=56 1337 98 1827 342 27 14.999999999999998 21 18 120 54 667 62 14.999999999999998 142 83 27 106 12.999999999999998 62 75 128 1376 28 30 36 96 9.9999999999999982 36 2096 23
leaf_count=56 1337 98 1827 342 27 15 21 18 120 54 667 62 15 142 83 27 106 13 62 75 128 1376 28 30 36 96 10 36 2096 23
internal_value=-0.00166448 0.0298765 -0.0396445 0.0445014 0.023366 0.0655898 0.0165269 -0.017962 0.0774956 0.0708648 0.0539665 0.105333 0.0747725 -0.00978483 0.128128 0.0607259 0.0876658 0.0266693 -0.0304333 -0.0196039 0.166239 0.0190945 0.0781051 0.0127298 0.1151 0.0848209 -0.0451031 0.0208328 -0.0164403 0.0673258
internal_weight=9026 4931 4095 3594 1795 1799 1685 2268 1421 1301 873 428 285 206 110 270 208 102 75 2250 143 1664 162 1502 134 126 152 378 2175 79
internal_count=9026 4931 4095 3594 1795 1799 1685 2268 1421 1301 873 428 285 206 110 270 208 102 75 2250 143 1664 162 1502 134 126 152 378 2175 79
is_linear=0
shrinkage=0.05


Tree=32
num_leaves=31
num_cat=0
split_feature=0 0 0 8 16 14 9 3 8 10 1 3 9 11 1 18 8 4 0 8 3 8 18 13 4 1 1 11 8 11
split_gain=5945.2 852.065 755.385 591.543 426.585 402.813 309.536 362.544 406.64 508.133 332.852 331.562 301.805 290.014 318.246 328.595 286.584 281.45 282.327 278.69 260.486 290.417 279.888 251.138 238.303 248.347 313.549 276.966 276.5 246.24
threshold=0.38051808045421659 0.12152048483760096 0.64547026958470621 0.77258468481872755 0.2604993732355364 1.5000000000000002 0.407785336356765 66.834882682976641 0.7751121023868468 0.38243589743589751 0.56721861474246549 68.430515063168144 0.33568931068931074 75.093750000000014 1.0000000180025095e-35 0.82351798635720785 0.1647116644823067 -0.11560429619798147 0.92571431119192094 0.1146757241732889 82.87787273269619 0.27624520195660973 0.82533488574326486 1.0000000180025095e-35 0.071781263577361781 0.32342090270874646 0.31751082824826399 64.757352941176478 0.77258468481872755 64.24264705882355
decision_type=10 8 10 2 10 10 2 10 2 2 10 10 2 2 10 10 2 2 10 2 8 2 10 10 2 10 10 2 2 2
left_child=1 -1 5 4 20 13 12 -8 9 -9 11 -11 16 14 -2 23 19 -10 -19 -4 22 -22 -3 -16 25 26 28 29 -18 -27
right_child=2 3 6 -5 -6 -7 7 8 17 10 -12 -13 -14 -15 15 -17 24 18 -20 -21 21 -23 -24 -25 -26 27 -28 -29 -30 -31
leaf_value=-0.065678325984564065 -0.097664744655291236 -0.038714054567475287 0.091642063248314365 0.12208177969939467 0.0710417136071472 -0.072219892431085356 0.14386327047675126 0.28122505439179285 0.035751473434783264 -0.1741566799581051 -0.21785196679688634 0.050294397337558243 0.0073310230987250705 0.25403651957001006 -0.10553208984966789 0.28965906795735158 0.035431388166546826 0.14481273186325594 0.42908529378473759 -0.15645625059093748 -0.057562842659707014 0.028999167245478324 0.099894877583593944 0.029570374334533068 0.16513754420222776 0.064801856776808983 -0.18278658976157508 0.11240246927286957 0.13898671109267083 -0.11871073907613755
leaf_weight=1859 51 2324 19 69 109 107 237 13.999999999999998 58 21 21 76 286 13.999999999999998 35 11.999999999999998 500 69 9.9999999999999982 28 136 337 37 1998 62 68 14.999999999999998 355 74 25
leaf_count=1859 51 2324 19 69 109 107 237 14 58 21 21 76 286 14 35 12 500 69 10 28 136 337 37 1998 62 68 15 355 74 25
internal_value=-0.00158125 -0.0390597 0.0423556 -0.0226308 -0.0260237 0.0224231 0.0651577 0.0987736 0.0590478 -0.00358073 -0.0373712 0.0017019 0.0532794 0.0272225 0.0257075 0.0287843 0.0647465 0.119391 0.180797 -0.0561612 -0.0297569 0.0041103 -0.0365419 0.0272445 0.0699173 0.0642242 0.0428844 0.0922804 0.0487817 0.0154705
internal_weight=9026 4871 4155 3012 2943 2217 1938 506 269 132 118 97 1432 2110 2096 2045 1146 137 79 47 2834 473 2361 2033 1099 1037 589 448 574 93
internal_count=9026 4871 4155 3012 2943 2217 1938 506 269 132 118 97 1432 2110 2096 2045 1146 137 79 47 2834 473 2361 2033 1099 1037 589 448 574 93
is_linear=0
shrinkage=0.05


Tree=33
num_leaves=31
num_cat=0
split_feature=0 0 2 8 16 1 7 7 0 8 2 1 0 9 7 8 18 3 1 10 3 1 3 3 8 8 2 10 0 10
split_gain=5365.54 768.988 699.296 533.868 384.993 259.803 360.427 353.095 260.896 255.72 281.973 354.182 246.519 246.25 245.699 268.038 258.514 243.744 297.745 240.648 215.434 199.618 232.062 192.655 189.333 312.114 186.687 187.174 189.503 351.479
threshold=0.38051808045421659 0.12152048483760096 0.69530861284739498 0.77258468481872755 0.2604993732355364 0.29969229767835437 14.500000000000002 3.5000000000000004 0.92571431119192094 0.87889278116058989 0.62974213890059672 0.28919874834354747 0.92571431119192094 0.34746676248652536 1.0000000180025095e-35 0.27624520195660973 0.75821469459612512 65.471691880933164 0.63455035802830106 0.55544117647058833 71.396932719997807 0.36274626421151662 62.315550661800366 65.399415384045 0.72011904761904766 0.60456624603534836 0.70936022555491329 0.83577083333333346 0.86364015443390862 0.61997916666666686
decision_type=10 8 10 2 10 10 2 2 10 2 8 10 10 2 2 2 10 10 10 2 10 10 10 10 2 2 10 2 10 2
left_child=1 -1 9 4 14 -4 7 17 -9 12 11 -11 -2 -10 15 -3 21 18 19 -7 -8 -16 -23 -5 25 -17 -19 28 -28 -30
right_child=2 3 5 23 -6 6 20 8 13 10 -12 -13 -14 -15 16 24 -18 26 -20 -21 -22 22 -24 -25 -26 -27 27 -29 29 -31
leaf_value=-0.062394409226313757 0.026652565138703843 -0.055212562362161967 -0.012606314668165787 0.16561260419879476 0.067489628076826763 -0.13263758088533695 0.0084450143960214438 0.10424068677308623 0.10343893780980423 0.21970529715220133 0.23678870335701974 -0.095379308272491803 0.23692428001335691 0.32607572081464309 -0.045500466348486895 0.013240879087951844 0.05145386058748478 0.16894145252612922 0.3065771814187368 0.11498918384313583 -0.25844860345125203 0.10008078631521627 -0.020314214923303431 -0.024654562936888804 -0.099625102602518528 0.13517242512830041 -0.006449147931209976 0.16256496648896823 0.045886428654193873 -0.30754353263798884
leaf_weight=1859 3193 130 70 51 109 12.999999999999998 31 536 23 14.999999999999998 31 22 13.999999999999998 27 1809 230 84 12.999999999999998 14.999999999999998 40 9.9999999999999982 44 443 18 26 68 62 10.999999999999998 12.000000000000002 17
leaf_count=1859 3193 130 70 51 109 13 31 536 23 15 31 22 14 27 1809 230 84 13 15 40 10 44 443 18 26 68 62 11 12 17
internal_value=-0.00150219 -0.0371068 0.0402378 -0.0214993 -0.0247225 0.079809 0.0877956 0.0954969 0.11443 0.029605 0.125554 0.0323577 0.0275705 0.223663 -0.0282691 0.00543886 -0.0346991 0.0348685 0.109911 0.0542505 -0.056651 -0.037851 -0.00943664 0.115978 0.0297743 0.0410642 -0.00950432 -0.0322474 -0.0557962 -0.161297
internal_weight=9026 4871 4155 3012 2943 880 810 769 586 3275 68 37 3207 50 2834 454 2380 183 68 53 41 2296 487 69 324 298 115 102 91 29
internal_count=9026 4871 4155 3012 2943 880 810 769 586 3275 68 37 3207 50 2834 454 2380 183 68 53 41 2296 487 69 324 298 115 102 91 29
is_linear=0
shrinkage=0.05


Tree=34
num_leaves=31
num_cat=0
split_feature=2 14 2 8 16 2 8 9 9 9 13 9 9 11 11 7 1 11 9 2 1 7 7 11 8 9 4 9 7 7
split_gain=3864.52 1068.04 676.337 665.524 359.325 348.988 339.482 339.274 297.84 332.253 284.833 285.688 338.864 357.362 256.017 252.009 438.086 250.776 250.15 247.673 233.325 303.393 337.27 471.095 242.108 232.292 235.327 229.457 215.133 214.215
threshold=0.4003505504894832 1.0000000180025095e-35 0.69530861284739498 0.87889278116058989 0.59925034486684681 0.12876488138170755 0.3900284900284901 0.56838106370543551 0.077693433327236147 0.148573713676353 1.0000000180025095e-35 0.21813346228239847 0.21383296790910908 68.849264705882362 71.281250000000014 12.500000000000002 0.40213999848256016 66.454044117647072 0.3925517241379311 0.50298140290612259 0.29969229767835437 14.500000000000002 1.5000000000000002 69.727941176470594 0.37798473081479539 0.20638945233265724 0.0033872181547602424 0.42121813968884481 12.500000000000002 1.0000000180025095e-35
decision_type=10 8 10 2 10 10 2 2 2 2 10 2 2 2 2 2 10 2 2 10 10 2 2 2 2 2 2 2 2 2
left_child=1 3 6 4 7 -6 10 8 17 -10 -2 12 28 -14 29 18 19 -1 -13 -17 -4 22 -22 -24 -25 -26 -27 -20 -12 -11
right_child=2 -3 20 -5 5 -7 -8 -9 9 14 11 15 13 -15 -16 16 -18 -19 27 -21 21 -23 23 24 25 26 -28 -29 -30 -31
leaf_value=-0.051453360106263848 -0.23225963299091046 -0.057034102457352534 -0.011397719424631862 0.26318524832075296 -0.056115014543351917 0.18422309785065327 0.036670228261576975 0.16806995338201525 -0.057205404696039214 0.014701681366498834 0.043122637603719857 -0.078723897579695709 0.03907848261296748 0.44378944501280793 0.021005120662723406 0.10582534179091452 -0.031694319288966787 0.057084018131822928 0.12365314872004092 0.41058352589607239 -0.012699347234343831 -0.048391030320809006 0.11900845859909044 -0.20234042375038067 0.25215700201012869 -0.025140252559468515 0.17926503770491656 -0.024556525843873831 -0.03671125765697545 -0.030494993824678025
leaf_weight=70 12.999999999999998 2101 72 22 23 44 2012 25 539 323 317 206 12.000000000000002 9.9999999999999982 434 20.000000000000004 53 222 32 9.9999999999999982 73 42 580 11.999999999999998 10.999999999999998 82 17 142 115 1392
leaf_count=70 13 2101 72 22 23 44 2012 25 539 323 317 206 12 10 434 20 53 222 32 10 73 42 580 12 11 82 17 142 115 1392
internal_value=-0.00142708 -0.0295224 0.0366713 -0.0108403 -0.0128027 0.101719 0.0251228 -0.0153561 -0.016895 -0.0221049 0.000140685 0.00343535 0.0316188 0.223038 -0.0133011 -0.0242002 0.0547294 0.0310648 -0.0414401 0.207411 0.0748891 0.0824934 0.0895865 0.100223 0.0109151 0.0341794 0.00995965 0.00270043 0.0218706 -0.0219827
internal_weight=9026 5195 3831 3094 3072 67 2942 3005 2980 2688 930 917 454 22 2149 463 83 292 380 30 889 817 775 702 122 110 99 174 432 1715
internal_count=9026 5195 3831 3094 3072 67 2942 3005 2980 2688 930 917 454 22 2149 463 83 292 380 30 889 817 775 702 122 110 99 174 432 1715
is_linear=0
shrinkage=0.05


Tree=35
num_leaves=31
num_cat=0
split_feature=0 8 0 18 16 8 8 1 11 8 0 11 3 8 7 7 9 1 3 11 3 4 9 11 5 9 5 11 7 0
split_gain=4950.15 989.692 519.209 425.983 428.697 402.164 398.627 343.712 430.594 329.396 294.091 367.891 293.751 255.202 265.67 237.092 353.162 228.315 226.928 225.34 238.779 226.255 211.765 196.131 190.752 178.047 198.525 273.528 180.859 172.977
threshold=0.45002231812869248 0.11045751633986929 0.83181414365121886 0.79134247615906017 0.2604993732355364 0.4596610032851644 0.46711711711711718 0.63455035802830106 73.849264705882362 0.23939176979431012 0.55137200071476122 74.250000000000014 57.022351797862008 0.77618447027856996 10.500000000000002 14.500000000000002 0.07133888448321439 0.41236278515264713 71.623122412075887 66.406250000000014 68.203186485580105 -0.081941644313650044 0.1082709215239336 62.330882352941181 2.5000000000000004 0.29285682779132566 3.5000000000000004 65.18014705882355 2.5000000000000004 0.64269809022095992
decision_type=10 2 10 10 10 2 2 10 2 2 10 2 10 2 2 2 2 10 10 2 10 2 2 2 2 2 2 2 2 10
left_child=1 -1 10 4 5 15 -7 8 12 -5 11 -2 -4 -8 -15 -3 -17 -12 23 21 -21 -9 -14 -19 -11 26 27 -6 -29 -20
right_child=2 3 7 9 25 6 13 19 -10 24 17 -13 22 14 -16 16 -18 18 29 20 -22 -23 -24 -25 -26 -27 -28 28 -30 -31
leaf_value=-0.063673083481187401 0.0099147708320938867 -0.035901932231026397 -0.11373201764765239 0.011161800641186383 -0.12313208629687628 0.16589400184315606 -0.0083905487242654907 -0.11988892279565332 0.38545869372107766 0.088685749909457046 0.038471779317762855 0.31507912099361424 -0.052293206532967512 0.13173964084126055 -0.081179076717480245 0.21001557077873839 -0.0026019880987018691 0.23750916257500651 0.21321659806099805 0.36817615715705831 0.15696813799440862 0.1964566033620101 0.08784213554285536 0.054247198260510159 0.31923012890313807 -0.057235738155073851 0.20415173484278576 -0.1094064623117447 0.11645111257735737 0.090838730796462014
leaf_weight=1435 798 2432 21 49 18 37 959 10.000000000000002 10.999999999999998 17 1618 9.9999999999999982 29 64 19 22 174 14.999999999999998 44 23 32 12.999999999999998 383 547 19 26 28 9.9999999999999982 78 84
leaf_count=1435 798 2432 21 49 18 37 959 10 11 17 1618 10 29 64 19 22 174 15 44 23 32 13 383 547 19 26 28 10 78 84
internal_value=0.00232324 -0.0281076 0.0473839 -0.0151935 -0.0176272 -0.0210859 0.00461583 0.0935341 0.0765286 0.0955289 0.0396527 0.0136916 0.0686805 -0.00111094 0.0829992 -0.0316385 0.0212632 0.0487414 0.072823 0.190334 0.245291 0.0589151 0.0779782 0.0591385 0.210362 0.0625054 0.0857388 0.0544599 0.0907855 0.132906
internal_weight=9025 5387 3638 3952 3867 3707 1079 522 444 85 3116 808 433 1042 83 2628 196 2308 690 78 55 23 412 562 36 160 134 106 88 128
internal_count=9025 5387 3638 3952 3867 3707 1079 522 444 85 3116 808 433 1042 83 2628 196 2308 690 78 55 23 412 562 36 160 134 106 88 128
is_linear=0
shrinkage=0.05


Tree=36
num_leaves=31
num_cat=0
split_feature=2 8 8 2 11 8 1 7 9 7 8 10 4 11 4 18 16 11 2 2 2 2 4 8 2 9 11 13 4 4
split_gain=3536.96 1212.52 558.386 442.685 347.318 344.007 348.129 342.077 326.386 372.074 295.708 272.048 521.376 284.61 270.624 252.497 264.453 277.922 241.419 238.264 236.528 347.146 289.95 231.015 227.069 214.945 212.253 212.181 227.356 245.494
threshold=0.48401500776790013 0.11045751633986929 0.56760752688172056 0.8041730608159009 61.500000000000007 0.4596610032851644 0.4738649846524407 10.500000000000002 0.07133888448321439 14.500000000000002 0.1849185836133368 0.50987500000000019 -0.080486738463048699 67.781250000000014 -0.062650104061546377 0.79134247615906017 0.22951097479399368 75.625000000000014 0.038465808645709927 0.69155570321552229 0.26013696933336261 0.33471700307222513 -0.087329532944131788 0.55990315752848752 0.093051462719568045 1.0000000180025095e-35 64.00183823529413 2.5000000000000004 -0.050956628417473282 -0.11560429619798147
decision_type=10 2 2 10 2 2 10 2 2 2 2 2 2 2 2 10 10 2 10 10 10 10 2 2 8 2 2 10 2 2
left_child=1 -1 4 11 7 8 -7 -2 9 20 -11 12 13 19 -13 16 17 -10 -17 26 22 -22 24 27 -3 -26 -4 -6 29 -29
right_child=2 5 3 -5 23 6 -8 -9 15 10 -12 14 -14 -15 -16 18 -18 -19 -20 -21 21 -23 -24 -25 25 -27 -28 28 -30 -31
leaf_value=-0.060044308303528318 0.046016966106577052 0.22625073973949139 0.30868483013473452 0.13304829226383433 -0.018122060276863809 0.0074043831182046774 0.14551803664244869 0.29287242695041327 -0.02925813788905748 0.33784248846418719 0.033259042501449586 0.030939166616780298 0.019180974092140989 0.2874085480347276 0.080832098091531621 -0.089199775106766646 0.047244802111240686 0.20251147150993348 0.12891416627168656 -0.1052468365430832 0.22512128134923326 0.010130876158119034 -0.10676932951375362 -0.16489103988689535 0.19723338809950899 -0.031564973195044088 0.073580227916439381 0.039223098989253816 0.063992119592282626 -0.022839140966916874
leaf_weight=1421 36 12.999999999999998 15.999999999999998 220 277 1560 47 23 2567 17 14.999999999999998 784 77 44 416 17 122 12.999999999999998 50 9.9999999999999982 28 57 62 17 11.999999999999998 71 24 393 348 268
leaf_count=1421 36 13 16 220 277 1560 47 23 2567 17 15 784 77 44 416 17 122 13 50 10 28 57 62 17 12 71 24 393 348 268
internal_value=0.00220708 -0.0196216 0.0470915 0.0672083 0.0235923 -0.00727141 0.0114438 0.142249 -0.0171516 0.0348011 0.195069 0.0566432 0.115645 0.194664 0.0482354 -0.0223112 -0.0246888 -0.0280903 0.0735718 0.113048 0.0136959 0.0809512 -0.0224858 0.0182196 0.0319474 0.00151431 0.167622 0.0206402 0.0312815 0.0140602
internal_weight=9025 6072 2953 1591 1362 4651 1607 59 3044 275 32 1371 171 94 1200 2769 2702 2580 67 50 243 85 158 1303 96 83 40 1286 1009 661
internal_count=9025 6072 2953 1591 1362 4651 1607 59 3044 275 32 1371 171 94 1200 2769 2702 2580 67 50 243 85 158 1303 96 83 40 1286 1009 661
is_linear=0
shrinkage=0.05


Tree=37
num_leaves=31
num_cat=0
split_feature=2 14 2 5 3 6 3 10 2 11 9 2 10 2 11 11 1 11 3 10 2 9 1 5 3 2 1 10 4 1
split_gain=3192.1 931.628 497.673 311.8 577.357 266.607 266.093 259.312 267.785 242.61 305.363 238.94 302.181 237.538 276.78 323.864 235.14 225.93 223.879 255.378 230.417 220.956 214.773 210.166 208.413 207.021 330.205 290.927 257.71 258.747
threshold=0.48401500776790013 1.0000000180025095e-35 0.8041730608159009 3.5000000000000004 72.555599751675217 1.0000000180025095e-35 75.000326940026738 0.61062500000000008 0.75205901937030861 65.727941176470594 0.024845679012345682 0.73948528585617257 0.11891666666666668 0.63520438050087658 69.152573529411782 68.393382352941188 0.26831556344893087 75.625000000000014 77.036400727357304 0.13345238095238096 0.34517196404876899 0.28860850387239068 0.58891290747864722 4.5000000000000009 57.748430647933354 0.2847811439867472 0.48694111445955651 0.079348739495798334 -0.048440414416517384 0.24922038612631106
decision_type=10 8 10 2 8 2 10 2 10 2 2 10 2 10 2 2 10 2 8 2 10 2 10 2 10 10 10 2 2 10
left_child=1 3 5 9 -5 7 -4 11 13 -1 -11 12 -2 -9 15 -15 -7 25 19 -6 -20 23 -8 -3 -14 26 -12 -27 -29 -30
right_child=2 21 6 4 18 16 22 8 -10 10 17 -13 24 14 -16 -17 -18 -19 20 -21 -22 -23 -24 -25 -26 27 -28 28 29 -31
leaf_value=-0.045795734764122575 0.18331936606764795 -0.029758659150043901 0.11945293875943337 -0.0077642580984509423 -0.10886186858018239 0.13960162084461805 -0.21498191742734468 0.03334237110729401 -0.019318515101545738 0.14673751038499178 -0.026557717798846078 0.086225506396771512 -0.11820305972360075 0.097921286746531333 0.034397465025618572 0.26132252292973657 0.052121745933207779 0.20732399113476277 0.051631631247539035 0.13183059010240769 -0.092057816107426915 -0.056622601566089836 0.072020330838859087 0.08765025434113341 0.01109043265645508 0.18646379424178083 0.13371451542232976 -0.017039871813852532 0.10427290478020633 -0.00093369300491989618
leaf_weight=488 25 809 280 891 11.999999999999998 106 11.000000000000002 364 114 32 1229 116 32 227 149 35 279 11.999999999999998 279 135 31 1385 15.999999999999998 40 1199 23 33 438 109 126
leaf_count=488 25 809 280 891 12 106 11 364 114 32 1229 116 32 227 149 35 279 12 279 135 31 1385 16 40 1199 23 33 438 109 126
internal_value=0.00209673 -0.0186405 0.0447369 -0.00369831 0.0156708 0.0377452 0.104998 0.0311959 0.0522317 -0.0141841 -0.00647855 0.0175657 0.0112245 0.0627565 0.0888069 0.11975 0.0762071 -0.00896734 0.0613615 0.112182 0.0372627 -0.0443111 -0.0449065 -0.024227 0.00772943 -0.0102929 -0.0223668 0.0115996 0.00562353 0.0478643
internal_weight=9025 6072 2953 3838 1348 2646 307 2261 889 2490 2002 1372 1256 775 411 262 385 1970 457 147 310 2234 27 849 1231 1958 1262 696 673 235
internal_count=9025 6072 2953 3838 1348 2646 307 2261 889 2490 2002 1372 1256 775 411 262 385 1970 457 147 310 2234 27 849 1231 1958 1262 696 673 235
is_linear=0
shrinkage=0.05


Tree=38
num_leaves=31
num_cat=0
split_feature=0 8 2 18 9 2 8 0 11 3 18 14 11 2 7 7 11 1 14 9 1 7 9 8 11 5 9 3 11 9
split_gain=3821.27 670.875 496.415 345.7 328.252 339.055 314.629 312.475 311.172 243.591 230.957 224.236 217.875 210.684 204.974 195.79 193.971 193.833 180.156 171.893 163.547 154.465 249.925 242.264 146.456 141.612 150.185 276.962 204.919 314.847
threshold=0.4234650943834618 0.21998883484181339 0.8041730608159009 0.78818626429660099 0.07133888448321439 0.2847811439867472 0.77618447027856996 0.55137200071476122 74.812500000000014 75.000326940026738 0.54546791504538727 1.0000000180025095e-35 66.281250000000014 0.28092620178158489 14.500000000000002 11.500000000000002 66.281250000000014 0.58891290747864722 1.5000000000000002 0.54922593130140307 0.80153152927913174 8.5000000000000018 0.5594117647058825 0.69538706256627791 64.727941176470594 3.5000000000000004 0.29285682779132566 59.305111233682673 70.727941176470594 0.48174793498534513
decision_type=10 2 10 10 2 10 2 10 2 10 10 10 2 8 2 2 2 10 10 2 10 2 2 2 2 2 2 8 2 2
left_child=1 4 7 6 5 14 12 8 10 20 21 16 -3 -5 24 -8 -12 -11 -9 25 -4 22 -2 -23 -1 -14 27 -27 29 -28
right_child=2 3 9 13 -6 -7 15 18 -10 17 11 -13 19 -15 -16 -17 -18 -19 -20 -21 -22 23 -24 -25 -26 26 28 -29 -30 -31
leaf_value=-0.15469681305043839 -0.020982221225773898 -0.036162461992804054 0.10456707083951983 0.045682348251342778 -0.047880309138404881 0.25507419777413209 0.12539248515386134 0.046012076974481703 0.26427292084942261 -0.20423282168128268 0.32320431562570429 -0.062769964436690015 -0.017830020700196163 0.27803498990833758 0.17728320553898813 -0.087445349561480382 0.09310645326491325 0.068419316457584506 -0.03832210083993582 0.12423692451646695 0.2603917827208837 0.036852721540032288 0.21987942240454933 -0.088215476551721267 0.0046513079959703127 0.24195471212267874 -0.0096644862360069847 0.023093847801497008 -0.08172953825643553 0.19956706773489716
leaf_weight=17 515 723 261 25 2507 14.999999999999998 64 2459 11.999999999999998 11.000000000000002 12.999999999999998 14.999999999999998 955 15.999999999999998 14.999999999999998 12.999999999999998 31 15.999999999999998 65 26 18 389 10.999999999999998 43 95 14.999999999999998 178 398 84 20
leaf_count=17 515 723 261 25 2507 15 64 2459 12 11 13 15 955 16 15 13 31 16 65 26 18 389 11 43 95 15 178 398 84 20
internal_value=0.00199189 -0.0261278 0.0396354 -0.00764305 -0.0436914 0.0302633 -0.0100275 0.0343726 0.0111496 0.100743 0.00816291 0.104176 -0.0132207 0.136357 0.00371084 0.0894588 0.16109 -0.0426612 0.0438402 -0.00332402 0.11462 0.00224976 -0.0159452 0.0244038 -0.0195355 -0.00533407 0.0118366 0.0310428 -0.0162916 0.01147
internal_weight=9025 5166 3859 2517 2649 142 2476 3553 1029 306 1017 59 2399 41 127 77 44 27 2524 1676 279 958 526 432 112 1650 695 413 282 198
internal_count=9025 5166 3859 2517 2649 142 2476 3553 1029 306 1017 59 2399 41 127 77 44 27 2524 1676 279 958 526 432 112 1650 695 413 282 198
is_linear=0
shrinkage=0.05


Tree=39
num_leaves=31
num_cat=0
split_feature=0 8 2 8 18 17 16 2 0 11 3 18 3 15 0 2 7 11 1 17 10 10 1 5 2 3 3 1 7 8
split_gain=3448.69 609.421 448.014 309.301 317.739 315.236 311.454 303.906 282.009 280.832 219.841 208.439 206.791 202.373 199.632 190.172 176.7 175.059 174.934 163.041 157.876 238.987 223.194 283.391 313.119 204.587 190.117 147.601 145.725 164.948
threshold=0.4234650943834618 0.11045751633986929 0.8041730608159009 0.77618447027856996 0.79134247615906017 0.32233474451224059 0.58695003644057298 0.3169948313141136 0.55137200071476122 74.812500000000014 75.000326940026738 0.54546791504538727 64.864436490533407 1.0000000180025095e-35 0.17734899736387824 0.5995204851520356 11.500000000000002 66.281250000000014 0.58891290747864722 0.7077839430051257 0.4903125000000001 0.18369318181818184 0.29100018540152534 2.5000000000000004 0.28092620178158489 71.683038385118508 67.800822742892009 0.80153152927913174 1.5000000000000002 0.2008128908859069
decision_type=10 2 10 2 10 10 10 10 10 2 10 10 10 10 8 10 2 2 10 10 2 2 10 2 10 10 10 10 2 2
left_child=1 19 8 4 5 6 14 -6 9 11 27 -2 -7 17 28 -16 -5 -13 -12 -1 21 -14 23 25 -25 26 -23 -4 29 -3
right_child=2 3 10 16 7 12 -8 -9 -10 -11 18 13 20 -15 15 -17 -18 -19 -20 -21 -22 22 -24 24 -26 -27 -28 -29 -30 -31
leaf_value=-0.05396730363488187 0.0021372745319081002 -0.0868477349728346 0.099338716553645456 0.11912286214646883 0.039151611336520023 -0.044497890798550738 0.064672864887863404 0.30210499625939591 0.041648225932272825 0.25105927746432521 -0.19402118758721779 0.30704410259540266 -0.0027402372425422076 -0.059631466468175257 -0.019385425684089321 0.093356863291640044 -0.083073079528716898 0.088451132947398772 0.064998350432142624 0.14863275811076165 -0.090517891783799445 0.17167152941226954 0.00147206149995327 0.4647978388837406 0.14951574429869652 0.25395943025747936 -0.10978108048439027 0.24737219313780467 -0.051590150013184816 0.089765214213194
leaf_weight=1422 958 20 261 64 71 53 100 12.999999999999998 2524 11.999999999999998 11.000000000000002 12.999999999999998 50 14.999999999999998 2383 38 12.999999999999998 31 15.999999999999998 9.9999999999999982 13.999999999999998 10.000000000000002 24 13.999999999999998 18 11.999999999999998 14.999999999999998 18 783 39
leaf_count=1422 958 20 261 64 71 53 100 13 2524 12 11 13 50 15 2383 38 13 31 16 10 14 10 24 14 18 12 15 18 783 39
internal_value=0.00189229 -0.0248214 0.0376536 -0.0141864 -0.0162746 -0.0185343 -0.0222456 0.0798468 0.0326539 0.0105921 0.0957054 0.00775476 0.0408983 0.0989676 -0.0249093 -0.0176158 0.0849859 0.153035 -0.0405281 -0.0525525 0.0697263 0.0854146 0.13281 0.178492 0.287452 0.0842571 0.00279996 0.108889 -0.0458803 0.0298964
internal_weight=9025 5166 3859 3734 3657 3573 3363 84 3553 1029 306 1017 210 59 3263 2421 77 44 27 1432 157 143 93 69 32 37 25 279 842 59
internal_count=9025 5166 3859 3734 3657 3573 3363 84 3553 1029 306 1017 210 59 3263 2421 77 44 27 1432 157 143 93 69 32 37 25 279 842 59
is_linear=0
shrinkage=0.05


Tree=40
num_leaves=31
num_cat=0
split_feature=0 0 2 14 17 11 17 8 14 7 7 9 8 13 14 1 11 7 1 1 1 2 7 11 11 4 4 4 0 16
split_gain=3110.66 715.012 415.293 339.043 333.692 265.8 258.814 269.784 257.05 252.976 284.042 440.709 249.451 344.758 375.807 292.869 300.28 241.98 506.381 234.902 230.7 247.285 229.433 228.998 220.069 206.96 196.72 386.989 195.149 182.087
threshold=0.53025562201484056 0.29520693471759257 0.63520438050087658 1.5000000000000002 0.36352759361974468 69.656250000000014 0.71768572973858669 0.34011719364480103 1.0000000180025095e-35 1.5000000000000002 14.500000000000002 0.26503012048192781 0.58108006890869601 1.5000000000000002 1.0000000180025095e-35 0.58179897008891368 68.156250000000014 3.5000000000000004 0.12378475253417412 0.21851690837300422 0.52620700253924113 0.71242736117267003 10.500000000000002 68.757352941176478 68.656250000000014 -0.10027060083500274 -0.13321141758611496 -0.18536291013981701 0.51581309349205329 1.0000000180025095e-35
decision_type=10 8 10 10 10 2 10 2 8 2 2 2 2 10 10 10 2 2 10 10 10 10 2 2 2 2 2 2 10 10
left_child=1 4 3 -2 29 9 7 8 22 24 12 -12 15 -14 -15 20 -17 18 -6 -5 26 -22 28 -24 -4 -16 27 -11 -3 -1
right_child=2 6 5 19 17 -7 -8 -9 -10 10 11 -13 13 14 25 16 -18 -19 -20 -21 21 -23 23 -25 -26 -27 -28 -29 -30 -31
leaf_value=-0.04148760954354018 0.029751949872381191 -0.02329423520302458 -0.061547208361257356 -0.23914137463036336 0.45267577618360505 0.021787950604659868 0.2411818391897462 0.011722440475392719 -0.085490211889975604 0.10809163232644399 0.16922405926804795 -0.12702856134321239 -0.0061234974527153482 0.13751438268916702 -0.086376370778006903 0.05932614869765334 0.28364121770858763 0.0090016555741241726 -0.013178618252277376 -0.020768208929470608 0.10521911203861234 -0.19687377104447001 0.070056567106010589 -0.024654138594735087 0.19418304659426214 0.11157811510822047 0.079937096190815932 -0.13506134446296428 -0.22670922130346299 0.016202650445194304
leaf_weight=3143 1621 676 53 19 10.000000000000002 294 10.999999999999998 1520 135 30 19 37 58 451 31 37 25 139 13.999999999999998 35 10.000000000000002 21 145 114 9.9999999999999982 23 142 36 11.999999999999998 143
leaf_count=3143 1621 676 53 19 10 294 11 1520 135 30 19 37 58 451 31 37 25 139 14 35 10 21 145 114 10 23 142 36 12 143
internal_value=-6.97713e-05 -0.0205666 0.042021 0.0256462 -0.0355132 0.0634994 -0.00083806 -0.0018612 -0.0209436 0.0759746 0.0826122 -0.0265143 0.0896852 0.109329 0.122589 0.052942 0.149776 0.0343159 0.180927 -0.0976032 0.027822 -0.0994245 -0.0117421 0.0283692 -0.0209551 -0.00206242 0.0467866 -0.0245373 -0.0268422 -0.038977
internal_weight=9014 6062 2952 1675 3449 1277 2613 2602 1082 983 920 56 864 563 505 301 62 163 24 54 239 31 947 259 63 54 208 66 688 3286
internal_count=9014 6062 2952 1675 3449 1277 2613 2602 1082 983 920 56 864 563 505 301 62 163 24 54 239 31 947 259 63 54 208 66 688 3286
is_linear=0
shrinkage=0.05


Tree=41
num_leaves=31
num_cat=0
split_feature=2 8 2 11 3 8 17 10 10 8 8 3 16 1 3 3 10 10 6 8 9 10 6 10 1 8 1 7 3 14
split_gain=2343.66 695.083 506.748 416.202 283.814 324.748 280.07 381.024 265.003 264.883 303.21 259.721 258.598 241.675 237.545 379.973 231.843 231.661 226.09 216.344 204.956 293.195 204.817 372.448 283.588 269.123 273.459 236.926 220.744 221.908
threshold=0.44213342350525714 0.41436210847975558 0.63520438050087658 68.757352941176478 70.470543377694952 0.87242073969762768 0.71768572973858669 0.18369318181818184 0.44151041666666674 0.18071246241523453 0.19791112724837026 57.022351797862008 1.0000000180025095e-35 0.076936619389449609 70.000288179095733 68.391800546360614 0.21339285714285719 0.27352083333333338 1.0000000180025095e-35 0.87242073969762768 0.048662088562633203 0.36156250000000006 1.0000000180025095e-35 0.17267361111111115 0.37289943182657986 0.54652920962199325 0.4141540984988113 15.500000000000002 61.9256540064478 1.0000000180025095e-35
decision_type=10 2 10 2 10 2 10 2 2 2 2 8 10 8 10 10 2 2 2 2 2 2 2 2 10 2 10 2 10 10
left_child=1 6 22 4 5 8 12 -8 -3 16 -11 -5 -1 -10 15 19 -4 -16 -6 -12 -13 -22 23 24 -2 28 -27 -25 -24 -30
right_child=2 3 9 11 18 -7 7 -9 13 10 14 20 -14 -15 17 -17 -18 -19 -20 -21 21 -23 25 27 -26 26 -28 -29 29 -31
leaf_value=-0.035189765074508737 0.054425755535301414 -0.034505268865956597 0.063974406042446696 0.29440261900424958 -0.079167424625570304 0.23357616066932679 -0.049787952949603399 0.20221195603410402 -0.088498182629430031 0.26495289653539661 0.050093917776192425 -0.12409472630212182 0.031319063711960457 0.03623184353226977 -0.1673379071056843 0.14441789443310546 -0.14452163650343816 0.033142797194187189 0.060147526222007246 0.15494308719798081 0.095493200181999027 0.017579138059113514 0.12278759929266843 0.0080735094422806127 0.28703189574182036 0.20971721832386475 -0.069007123397155243 -0.14702919381856919 0.029380896656463547 -0.12342262985529724
leaf_weight=3799 38 340 24 9.9999999999999982 203 14.999999999999998 30 30 43 18 686 19 152 401 14.999999999999998 152 30 366 34 53 179 371 55 1626 20 44 10.999999999999998 25 198 27
leaf_count=3799 38 340 24 10 203 15 30 30 43 18 686 19 152 401 15 152 30 366 34 53 179 371 55 1626 20 44 11 25 198 27
internal_value=-6.62826e-05 -0.019851 0.0327876 0.00784569 -0.0111299 0.00312315 -0.0310029 0.076212 -0.00128603 0.0566347 0.0611762 0.0417986 -0.0326311 0.0241521 0.0582926 0.0724219 -0.0518567 0.0252499 -0.0591813 0.0576135 0.0373591 0.0429366 0.0171073 0.0100998 0.134635 0.0528561 0.153972 0.00572489 0.032994 0.0110445
internal_weight=9014 5626 3388 1615 1036 799 4011 60 784 1344 1290 579 3951 444 1272 891 54 381 237 739 569 550 2044 1709 58 335 55 1651 280 225
internal_count=9014 5626 3388 1615 1036 799 4011 60 784 1344 1290 579 3951 444 1272 891 54 381 237 739 569 550 2044 1709 58 335 55 1651 280 225
is_linear=0
shrinkage=0.05


Tree=42
num_leaves=31
num_cat=0
split_feature=2 8 2 12 14 18 8 8 8 3 3 10 10 1 18 2 3 14 4 8 1 1 8 8 7 9 4 1 4 5
split_gain=2115.15 627.312 457.34 295.285 253.015 292.194 239.057 273.647 221.657 214.384 342.926 209.238 209.074 207.245 205.9 198.758 231.789 199.553 196.456 273.409 231.223 249.036 195.251 194.662 189.984 184.671 296.085 219.781 340.035 218.859
threshold=0.44213342350525714 0.41436210847975558 0.63520438050087658 1.0000000180025095e-35 1.0000000180025095e-35 0.54666410475345961 0.18071246241523453 0.19791112724837026 0.48382082992990877 70.000288179095733 68.391800546360614 0.21339285714285719 0.27352083333333338 0.27901933754539421 0.79163381265476362 0.29355516482670019 59.305111233682673 6.5000000000000009 -0.079197921436213223 0.6414948636922484 0.38889081656976571 0.4738649846524407 0.87242073969762768 0.73669904919388185 10.500000000000002 0.2299227284838796 -0.20234344515716654 0.13755753311409799 -0.044064021841627006 4.5000000000000009
decision_type=10 2 10 10 8 10 2 2 2 10 10 2 2 10 10 8 10 8 2 2 10 10 2 2 2 2 2 8 2 2
left_child=1 4 3 14 5 -1 11 -8 -5 10 22 -4 -11 24 -2 16 -3 -18 20 -20 -12 -22 -9 -21 -10 26 -17 29 -29 -28
right_child=2 15 6 8 -6 -7 7 9 13 12 18 -13 -14 -15 -16 25 17 -19 19 23 21 -23 -24 -25 -26 -27 27 28 -30 -31
leaf_value=-0.022398443386223404 0.019486606743214275 0.14598139406819094 0.060775686862568061 -0.1635905374546309 -0.042862932078116416 0.054951906358966462 0.25170524683263568 0.047589222146415373 -0.0028340418283876617 -0.15897100597620012 -0.052405096639109694 -0.1372955523679654 0.031485657119370306 -0.084640908373020046 0.23642606572671371 -0.11254903435032687 -0.040411376627833083 0.15912127964771713 0.11170274364677342 0.48625958621501919 0.2949910655617714 0.061728969104588027 0.1471959319879424 0.22201663320479184 0.26641292519867421 0.033042687899180682 0.026501879510961897 0.016844467200416834 -0.1027703881396779 0.17712254752715428
leaf_weight=2007 1926 19 24 37 1874 130 18 686 19.000000000000004 14.999999999999998 23 30 366 41 10.999999999999998 58 347 12.999999999999998 44 9.9999999999999982 17 35 53 23 9.9999999999999982 738 123 203 84 30
leaf_count=2007 1926 19 24 37 1874 130 18 686 19 15 23 30 366 41 11 58 347 13 44 10 17 35 53 23 10 738 123 203 84 30
internal_value=-6.29681e-05 -0.0188585 0.0311482 0.016252 -0.0294528 -0.017693 0.0538029 0.0581174 -0.064606 0.0553779 0.0688008 -0.0492639 0.0239874 -0.0122856 0.0207186 0.00745341 -0.024223 -0.033206 0.137197 0.193297 0.0796006 0.137988 0.0547329 0.30209 0.0900097 0.0171665 -0.00636089 0.00763664 -0.0181648 0.0560353
internal_weight=9014 5626 3388 2044 4011 2137 1344 1290 107 1272 891 54 381 70 1937 1615 379 360 152 77 75 52 739 33 29 1236 498 440 287 153
internal_count=9014 5626 3388 2044 4011 2137 1344 1290 107 1272 891 54 381 70 1937 1615 379 360 152 77 75 52 739 33 29 1236 498 440 287 153
is_linear=0
shrinkage=0.05


Tree=43
num_leaves=31
num_cat=0
split_feature=0 0 9 13 17 1 7 1 1 1 0 17 14 7 1 8 14 3 7 11 7 0 4 14 11 3 0 10 4 0
split_gain=2363.95 563.578 323.936 333.081 285.357 229.664 228.983 223.747 230.424 352.109 282.685 222.166 216.457 213.328 452.054 207.97 220.905 216.775 207.201 204.56 190.142 185.765 217.482 260.275 351.88 215.061 201.638 201.881 179.186 178.955
threshold=0.53025562201484056 0.29520693471759257 0.18146027201145315 1.5000000000000002 0.36352759361974468 0.80153152927913174 1.5000000000000002 0.56721861474246549 0.26522648572503565 0.39043972661623044 0.70573444834369325 0.71768572973858669 1.5000000000000002 3.5000000000000004 0.12378475253417412 0.34011719364480103 1.0000000180025095e-35 73.368852109891023 10.500000000000002 68.757352941176478 5.5000000000000009 0.85720347292591781 -0.0019024468865165749 1.5000000000000002 60.250000000000007 70.647362318645207 0.86706210494730918 0.88966666666666672 -0.10572304060954946 0.51581309349205329
decision_type=10 8 2 10 10 10 2 10 10 8 10 10 10 2 10 2 8 10 2 2 2 10 2 10 2 10 10 2 2 10
left_child=1 4 3 20 -1 6 7 8 -4 10 -10 15 -5 14 -6 16 18 -18 29 -20 -2 22 23 24 -8 -25 -23 -28 -7 -3
right_child=2 11 5 12 13 28 21 -9 9 -11 -12 -13 -14 -15 -16 -17 17 -19 19 -21 -22 26 -24 25 -26 -27 27 -29 -30 -31
leaf_value=-0.034400899728907648 0.041650658107495742 -0.020537247675327729 -0.066416679931959752 0.021015898421907493 0.42779200956225383 0.032227592468261707 0.33333194971084601 -0.13131882121617144 0.060152862401810114 -0.029714151823094916 0.36780365364892142 0.22381841133941305 -0.16539245313033463 0.0096079049611852759 -0.012364258936473303 0.01056565376182813 -0.1043741166500505 0.073977756090462213 0.067933767259377859 -0.021580818793409617 -0.17390275237787711 0.1855619592028995 0.079142622504292479 -0.15588146735193029 0.035727638669476723 0.10145316990939053 0.05578937875949757 0.24534275243679682 0.30546907186508182 -0.2153298287341992
leaf_weight=3286 13.999999999999998 676 48 584 10.000000000000002 10.000000000000002 9.9999999999999982 33 16.000000000000004 35 13.999999999999998 10.999999999999998 15.999999999999998 139 13.999999999999998 1520 115 20 145 114 38 43 328 31 1470 10.999999999999998 221 14.999999999999998 14.999999999999998 11.999999999999998
leaf_count=3286 14 676 48 584 10 10 10 33 16 35 14 11 16 139 14 1520 115 20 145 114 38 43 328 31 1470 11 221 15 15 12
internal_value=-5.98198e-05 -0.017928 0.0366329 0.00552425 -0.0311977 0.0454516 0.0437953 -0.0167796 0.0166699 0.0780262 0.203723 -0.000412792 0.016045 0.0333762 0.171034 -0.00136073 -0.018115 -0.0779516 -0.00958496 0.0285335 -0.115869 0.0479493 0.0422137 0.0342553 0.0377385 -0.0884843 0.0859812 0.0678373 0.196172 -0.0239348
internal_weight=9014 6062 2952 652 3449 2300 2275 146 113 65 30 2613 600 163 24 2602 1082 135 947 259 52 2129 1850 1522 1480 42 279 236 25 688
internal_count=9014 6062 2952 652 3449 2300 2275 146 113 65 30 2613 600 163 24 2602 1082 135 947 259 52 2129 1850 1522 1480 42 279 236 25 688
is_linear=0
shrinkage=0.05


Tree=44
num_leaves=31
num_cat=0
split_feature=0 0 9 13 17 1 7 1 1 1 0 17 14 10 5 7 1 8 9 2 8 7 4 0 7 0 4 14 3 7
split_gain=2133.47 508.629 292.353 300.606 257.534 207.272 206.658 201.932 207.958 317.778 255.123 200.504 195.353 192.649 208.51 192.528 407.979 187.33 180.02 197.288 235.524 279.168 263.035 218.443 171.603 167.653 196.278 234.898 194.093 189.435
threshold=0.53025562201484056 0.29520693471759257 0.18146027201145315 1.5000000000000002 0.36352759361974468 0.80153152927913174 1.5000000000000002 0.56721861474246549 0.26522648572503565 0.39043972661623044 0.70573444834369325 0.71768572973858669 1.5000000000000002 0.30272619047619054 4.5000000000000009 3.5000000000000004 0.12378475253417412 0.12543706293706297 0.35495558672276772 0.15146255151719895 0.13026806526806531 6.5000000000000009 -0.035266980285566817 0.50778694349450237 5.5000000000000009 0.85720347292591781 -0.0019024468865165749 1.5000000000000002 70.647362318645207 14.500000000000002
decision_type=10 8 2 10 10 10 2 10 10 10 10 10 10 2 2 2 10 2 2 10 2 2 2 10 2 10 2 10 10 2
left_child=1 4 3 24 -1 6 7 8 -4 10 -10 13 -5 14 18 16 -6 -15 19 -3 21 -21 -22 -24 -2 26 27 -8 -29 -27
right_child=2 11 5 12 15 -7 25 -9 9 -11 -12 -13 -14 17 -16 -17 -18 -19 -20 20 22 -23 23 -25 -26 29 -28 28 -30 -31
leaf_value=-0.03268085540091898 0.039568124392202926 -0.052964343724720336 -0.063095845930123087 0.019965103698363337 0.40640240147709839 0.18636386072635652 0.035851554695534131 -0.12475287983296297 0.057145216665230682 -0.028228442440075538 0.34941347071102691 0.21262748891657052 -0.15712283281609418 -0.17294308841228487 0.11547062466187137 0.0091275090819037102 -0.011746046798569817 0.010743106496263956 0.12540937922894954 0.25352835895286668 -0.041669750656702566 0.012364708971128697 0.05952148164758151 -0.16365787014365196 -0.16520761141651555 0.092501818533929719 0.07518549146834852 -0.14808739373280155 0.096380508487874827 -0.075203007004327249
leaf_weight=3286 13.999999999999998 394 48 584 10.000000000000002 25 1480 33 16.000000000000004 35 13.999999999999998 10.999999999999998 15.999999999999998 13.999999999999998 28 139 13.999999999999998 1621 20 18 332 36 127 11.999999999999998 38 261 328 31 10.999999999999998 18
leaf_count=3286 14 394 48 584 10 25 1480 33 16 35 14 11 16 14 28 139 14 1621 20 18 332 36 127 12 38 261 328 31 11 18
internal_value=-5.6829e-05 -0.0170316 0.0348013 0.00524804 -0.0296379 0.043179 0.0416055 -0.0159406 0.0158364 0.0741249 0.193537 -0.000392153 0.0152428 -0.0012927 -0.0189834 0.0317074 0.162482 0.00917026 -0.0229927 -0.0262223 -0.00615311 0.0927526 -0.0174926 0.0402542 -0.110076 0.0455519 0.040103 0.0325426 -0.0840601 0.0816822
internal_weight=9014 6062 2952 652 3449 2300 2275 146 113 65 30 2613 600 2602 967 163 24 1635 939 919 525 54 471 139 52 2129 1850 1522 42 279
internal_count=9014 6062 2952 652 3449 2300 2275 146 113 65 30 2613 600 2602 967 163 24 1635 939 919 525 54 471 139 52 2129 1850 1522 42 279
is_linear=0
shrinkage=0.05


Tree=45
num_leaves=31
num_cat=0
split_feature=0 0 0 1 18 16 14 9 16 4 0 2 2 12 17 9 8 8 4 0 7 8 2 16 11 11 9 1 9 17
split_gain=1637.28 345.672 337.329 298.482 257.21 251.321 246.08 237.154 252.027 239.491 221.92 255.165 216.428 206.389 187.803 187.259 213.109 191.907 261.708 258.891 225.608 221.722 210.213 182.004 181.946 316.049 178.393 174.328 171.608 166.058
threshold=0.40115676072407763 0.12152048483760096 0.83181414365121886 0.68886306925166152 0.84937418575363566 0.55330395250928965 1.0000000180025095e-35 0.15899814471243043 0.43601436677685507 0.071781263577361781 0.73874789017915499 0.77153664294901558 0.44519106611098103 1.0000000180025095e-35 0.88054437176594413 0.10495716034271728 0.16941029945307848 0.2241197054749581 -0.031275684366561904 0.60562218487091324 13.500000000000002 0.28655061434534096 0.40303166093959869 0.80091630819287263 67.093750000000014 68.27389705882355 0.21390159031432435 0.25950229795772056 0.58759377604890262 0.71367307922101564
decision_type=10 8 10 10 10 10 10 2 10 2 10 8 8 8 10 2 2 2 2 10 2 2 8 10 2 2 2 10 2 10
left_child=1 14 3 7 5 13 12 15 9 -9 11 -5 -7 28 23 17 -17 18 20 -20 -2 -19 -23 -1 -11 27 -6 -26 29 -3
right_child=2 4 -4 10 26 6 -8 8 -10 24 -12 -13 -14 -15 -16 16 -18 21 19 -21 -22 22 -24 -25 25 -27 -28 -29 -30 -31
leaf_value=-0.040394309426538801 -0.040650904637116653 -0.01433135698817942 0.06010407051868643 0.11915862120010637 0.029938697318236025 0.18182912568251294 -0.062237672313399939 0.017287821417396418 0.23336778900453023 0.014348544373430989 -0.04598523215814071 0.42376843988895418 -0.057154158999522531 -0.08986910160994907 0.17827243924140931 -0.26328794121742249 -0.029231840998360542 -0.11805237201420037 0.36088340026991705 0.027786744534969335 0.18231389285065236 0.11476564182944241 -0.010150615703314544 0.14058205815298216 0.41591819425423932 0.06571559677913523 0.31588165074586871 0.15620975675327439 0.13069620610968699 0.077582605838775631
leaf_weight=1807 39 2858 517 22 12.000000000000002 45 23 2608 13.999999999999998 55 10.999999999999998 9.9999999999999982 11.999999999999998 87 9.9999999999999982 9.9999999999999982 354 37 14.000000000000002 9.9999999999999982 15.999999999999998 42 170 13.999999999999998 12.000000000000002 57 9.9999999999999982 13.999999999999998 21 50
leaf_count=1807 39 2858 517 22 12 45 23 2608 14 55 11 10 12 87 10 10 354 37 14 10 16 42 170 14 12 57 10 14 21 50
internal_value=-0.00132921 -0.0205723 0.0224081 0.0168319 -0.0104461 -0.0116566 0.0758124 0.0152011 0.0217633 0.0206845 0.147752 0.214349 0.131517 -0.0139768 -0.0378163 -0.0109718 -0.035662 0.0164283 0.0843275 0.222093 0.0242116 -0.005114 0.0145969 -0.0390029 0.0848762 0.131611 0.159913 0.276075 -0.0117225 -0.012751
internal_weight=8961 4949 4012 3495 3118 3096 80 3452 2760 2746 43 32 57 3016 1831 692 364 328 79 24 55 249 212 1821 138 83 22 26 2929 2908
internal_count=8961 4949 4012 3495 3118 3096 80 3452 2760 2746 43 32 57 3016 1831 692 364 328 79 24 55 249 212 1821 138 83 22 26 2929 2908
is_linear=0
shrinkage=0.05


Tree=46
num_leaves=31
num_cat=0
split_feature=0 0 0 9 18 16 16 14 4 11 11 2 12 2 2 9 4 4 0 8 10 11 8 11 0 11 11 0 9 8
split_gain=1477.65 311.969 304.439 236.801 232.132 226.817 223.409 222.087 206.546 272.003 267.294 195.326 186.266 171.353 240.21 184.455 289.811 228.69 219.309 179.051 298.02 253.724 220.399 216.446 280.397 306.84 256.104 306.895 214.027 228.007
threshold=0.40115676072407763 0.12152048483760096 0.83181414365121886 0.15899814471243043 0.84937418575363566 0.55330395250928965 0.43601436677685507 1.0000000180025095e-35 0.074675225232239018 67.093750000000014 71.968750000000014 0.44519106611098103 1.0000000180025095e-35 0.48401500776790013 0.47231607516924207 0.16853146853146858 -0.18396376902676889 -0.11560429619798147 0.61072147839887936 0.60133114284510736 0.66541666666666677 66.545955882352956 0.58845369831100769 67.343750000000014 0.79816458267720514 69.152573529411782 67.843750000000014 0.75844096342545819 0.29604685504469991 0.63518260384722625
decision_type=10 8 10 2 10 10 10 10 2 2 2 8 8 8 10 2 2 2 10 2 2 2 2 2 10 2 2 10 2 2
left_child=1 -1 3 -2 5 12 8 11 13 -10 -11 -7 -3 14 -5 16 -15 -18 -19 20 -17 28 -22 -23 25 26 -25 -28 29 -21
right_child=2 4 -4 6 -6 7 -8 -9 9 10 -12 -13 -14 15 -16 19 17 18 -20 21 22 23 -24 24 -26 -27 27 -29 -30 -31
leaf_value=-0.035925484305685859 -0.01017981357432359 -0.01113639614437863 0.057098866486291422 0.0065073822332364908 0.15191712867129933 0.1727376683884197 0.22169940024614335 -0.059125787149304936 -0.00029859394488627452 0.18678673230229864 -0.062230640420546907 -0.054296448143819967 -0.085375647049868247 -0.12315603600194057 -0.094470973805739336 0.013503272247714563 0.3232268137591226 0.27125747754023627 0.032525579591055176 0.16843399691581729 -0.2435825876891613 -0.070046666962286785 -0.0024168428447511464 0.0048510688715256182 -0.074687459030798806 0.0091734913057845199 0.10033988756956636 0.31665708591230213 0.10558758636760475 0.0047670614873091656
leaf_weight=1831 693 2929 517 627 22 45 13.999999999999998 23 57 63 12.999999999999998 11.999999999999998 87 11.999999999999998 65 932 13.999999999999998 12.999999999999998 37 25 20 63 18 52 58 264 91 20 201 143
leaf_count=1831 693 2929 517 627 22 45 14 23 57 63 13 12 87 12 65 932 14 13 37 25 20 63 18 52 58 264 91 20 201 143
internal_value=-0.00126275 -0.0195437 0.0212877 0.0159903 -0.00992375 -0.0110738 0.0224628 0.0720218 0.0214623 0.0822673 0.144192 0.124941 -0.0132779 0.0184164 -0.00297758 0.0259582 0.10233 0.144609 0.0945959 0.0228823 0.00790711 0.038723 -0.129346 0.0171411 0.0284665 0.0424781 0.0964192 0.139316 0.0707741 0.0291223
internal_weight=8961 4949 4012 3495 3118 3096 2802 80 2788 133 76 57 3016 2655 692 1963 76 64 50 1887 970 917 38 548 485 427 163 111 369 168
internal_count=8961 4949 4012 3495 3118 3096 2802 80 2788 133 76 57 3016 2655 692 1963 76 64 50 1887 970 917 38 548 485 427 163 111 369 168
is_linear=0
shrinkage=0.05


Tree=47
num_leaves=31
num_cat=0
split_feature=0 0 1 4 11 3 0 0 0 4 8 16 15 3 1 3 4 4 8 2 4 2 3 4 3 13 2 17 10 2
split_gain=1333.58 281.552 277.202 425.271 302.892 262.077 302.448 251.557 259.989 252.284 199.839 199.038 200.434 184.014 275.356 248.194 334.762 240.756 233.946 185.073 178.2 177.112 175.9 325.243 245.673 182.817 174.491 169.492 165.393 212.177
threshold=0.40115676072407763 0.12152048483760096 0.68886306925166152 -0.20234344515716654 67.343750000000014 86.177256265367461 0.8804468960219477 0.86706210494730918 0.85720347292591781 -0.062650104061546377 0.5739606832097971 0.55330395250928965 1.0000000180025095e-35 67.503564320394489 0.10611644611508038 65.214063139871357 -0.072214522641279505 -0.27666608101186035 0.58686460335343638 0.74855173151819832 -0.073083020679269237 0.45002265829205862 57.022351797862008 -0.0042015118638668676 58.003619933904197 1.0000000180025095e-35 0.83349371659106386 0.88054437176594413 0.74679166666666674 0.69530861284739498
decision_type=10 8 10 2 2 8 10 10 10 2 2 10 10 10 10 10 2 2 2 8 2 8 10 2 10 10 10 10 2 10
left_child=1 27 5 -4 -5 6 7 8 9 10 -2 -3 21 14 -12 17 19 -16 -15 -17 -20 -13 23 -11 -24 -26 -9 -1 29 -19
right_child=2 11 3 4 -6 -7 -8 26 -10 22 13 12 -14 18 15 16 -18 28 20 -21 -22 -23 24 -25 25 -27 -28 -29 -30 -31
leaf_value=-0.035256526103056046 -0.0094700112389130894 -0.011477553687230389 -0.20569842174649239 0.034416249088751967 0.22115091961257313 -0.22556814402341843 0.07523804911844699 -0.042466052144300194 0.12572781279407166 -0.16608294296871734 0.21314725279808044 0.16179364965013837 -0.056169500169546707 0.16521884188765573 0.20380177050828935 0.11860541004915626 -0.17592763801415762 -0.024791517906955312 -0.011916074876049849 -0.0285502347946167 0.11556464932088195 -0.061541096188805322 0.25985764339566231 0.16772205591201783 -0.091564625296099433 0.035338747974000197 -0.26603806614875797 0.17115509569644929 -0.12138651945981488 0.091102695230532577
leaf_weight=1821 1174 3038 9.9999999999999982 39 49 10.999999999999998 224 32 54 27 23 46 23 21 13.999999999999998 147 11.999999999999998 147 501 25 29 10.999999999999998 11.999999999999998 9.9999999999999982 29 1327 11.999999999999998 9.9999999999999982 29 54
leaf_count=1821 1174 3038 10 39 49 11 224 32 54 27 23 46 23 21 14 147 12 147 501 25 29 11 12 10 29 1327 12 10 29 54
internal_value=-0.00119961 -0.0185665 0.0202233 0.103282 0.138394 0.0181437 0.0188305 0.0153961 0.0168346 0.0151925 0.00452846 -0.00942757 0.0684207 0.0209299 0.0446135 0.0355568 0.0794028 0.00249266 0.0015445 0.0972165 -0.00494071 0.118694 0.0317085 -0.0758654 0.034618 0.0326247 -0.10344 -0.0341292 -0.00976094 0.00634424
internal_weight=8961 4949 4012 98 88 3914 3903 3679 3635 3581 2176 3118 80 1002 451 428 184 244 551 172 530 57 1405 37 1368 1356 44 1831 230 201
internal_count=8961 4949 4012 98 88 3914 3903 3679 3635 3581 2176 3118 80 1002 451 428 184 244 551 172 530 57 1405 37 1368 1356 44 1831 230 201
is_linear=0
shrinkage=0.05


Tree=48
num_leaves=31
num_cat=0
split_feature=0 14 17 17 1 2 2 8 0 11 2 1 11 2 7 5 1 2 0 11 7 8 6 2 2 0 11 11 7 3
split_gain=1205.35 318.436 371.849 315.279 275.326 287.607 343.547 249.277 423.648 227.591 236.225 227.362 271.291 360.153 274.368 280.296 225.886 285.557 221.213 215.468 200.939 365.347 190.467 320.269 191.774 222.598 258.236 211.045 414.4 465.025
threshold=0.4271749368508268 1.0000000180025095e-35 0.71367307922101564 0.73891181997516731 0.58179897008891368 0.64422637781372993 0.77153664294901558 0.61408730158730174 0.60192726503280813 69.152573529411782 0.40303166093959869 0.53423108518185403 74.812500000000014 0.42853613491208903 12.500000000000002 1.5000000000000002 0.45017304449102907 0.63868441505860829 0.62338052369686736 73.786764705882362 4.5000000000000009 0.7956251706251708 1.0000000180025095e-35 0.81265395183633216 0.49381300547203233 0.45915021449726834 69.303308823529434 67.696691176470594 9.5000000000000018 66.64358734101701
decision_type=10 8 10 10 10 10 10 2 10 2 10 10 2 10 2 2 10 10 10 2 2 2 2 10 8 10 2 2 2 10
left_child=1 2 -1 -4 7 -6 -7 11 -9 16 -11 12 14 -14 19 -16 20 -18 -12 22 -10 -22 -2 24 25 26 -24 28 29 -26
right_child=4 -3 3 -5 5 6 -8 8 9 10 18 -13 13 -15 15 -17 17 -19 -20 -21 21 -23 23 -25 27 -27 -28 -29 -30 -31
leaf_value=-0.008828589381648223 -0.010662998347793797 -0.031742014285986407 0.36306958713314752 0.062369006588345481 0.17829278375332555 -0.033658375731772848 0.08791449416851875 -0.019057321440527179 0.099121039312784431 0.18326541960239412 0.1637519045954659 -0.074938665155232662 0.3704178385436534 0.016789550044470365 -0.041148313261302458 0.06012719929411682 -0.074958474125320973 0.12869390837054273 -0.0037205545753586592 -0.16212002056251681 0.058132339495520192 -0.0563674027643477 0.19830342495441439 -0.24879739850759508 0.2202513146227883 -0.03493366800699263 -0.069907722622156152 0.12170293390714 -0.12235511861303275 -0.049832190523544949
leaf_weight=2991 1188 2120 10.999999999999998 42 48 90 164 302 132 20 21 84 12.000000000000002 18 84 366 19 183 323 21 254 96 25 9.9999999999999982 34 124 13.999999999999998 101 34 30
leaf_count=2991 1188 2120 11 42 48 90 164 302 132 20 21 84 12 18 84 366 19 183 323 21 254 96 25 10 34 124 14 101 34 30
internal_value=-0.00113963 -0.0168641 -0.00650232 0.124779 0.0202459 0.0660489 0.0448375 0.0162882 0.0331201 0.048156 0.0162153 0.00569461 0.00898098 0.158241 0.00677625 0.0412224 0.0651536 0.109538 0.00650305 -0.00302817 0.0465525 0.0267267 -0.000886546 0.030335 0.0380459 -0.00216501 0.102023 0.0709824 0.0187092 0.0936497
internal_weight=8961 5164 3044 53 3797 302 254 3495 1350 1048 364 2145 2061 30 2031 450 684 202 344 1581 482 350 1560 372 362 163 39 199 98 64
internal_count=8961 5164 3044 53 3797 302 254 3495 1350 1048 364 2145 2061 30 2031 450 684 202 344 1581 482 350 1560 372 362 163 39 199 98 64
is_linear=0
shrinkage=0.05


Tree=49
num_leaves=31
num_cat=0
split_feature=5 10 17 1 10 11 11 3 7 3 3 10 1 1 5 10 3 10 3 11 11 14 11 9 9 1 7 9 3 5
split_gain=787.28 293.727 342.046 287.596 249.977 242.437 449.95 226.051 417.614 413.903 265.061 253.233 244.48 212.129 209.222 283.011 260.055 347.449 238.642 210.949 256.359 219.303 359.427 187.624 187.526 253.266 171.129 171.065 201.575 170.57
threshold=1.5000000000000002 0.61062500000000008 0.71367307922101564 0.58179897008891368 0.65749019607843151 68.968750000000014 68.757352941176478 67.554642801168242 13.500000000000002 68.203186485580105 66.425435765553672 0.84811764705882364 0.099646658127423446 0.46463238757093805 2.5000000000000004 0.6538750000000001 63.762299433247783 0.65562500000000012 66.369076529245135 63.483455882352949 65.424632352941188 1.0000000180025095e-35 69.727941176470594 0.29604685504469991 0.54922593130140307 0.37069865667669039 13.500000000000002 0.26503012048192781 64.691484054932673 4.5000000000000009
decision_type=2 2 10 10 2 2 2 8 2 8 10 2 10 10 2 2 8 2 10 2 2 10 2 2 2 10 2 2 10 2
left_child=-1 2 3 24 14 6 26 10 9 11 12 -9 -6 -14 -3 19 -17 -18 -19 -16 -21 -22 -23 -12 29 -26 27 -5 -29 -2
right_child=1 4 -4 5 7 -7 -8 8 -10 -11 23 -13 13 -15 15 16 17 18 -20 20 21 22 -24 -25 25 -27 -28 28 -30 -31
leaf_value=-0.02312368972430183 -0.0052973243257120389 -0.074804437369108204 0.14052183747291566 -0.02672709855048553 0.24339468677838647 -0.0091390866595201011 0.42483178377151493 -0.18334273886298991 -0.16001756261216432 0.024773288281990616 -0.087358260154724129 0.077804524451494217 -0.017528081994522087 0.066548755091904596 0.23104933314025403 -0.011967605991022928 0.38936210919171571 0.29373816907405842 -0.026066717399018155 -0.11547181852485822 0.043635284268904284 0.43161497294902784 0.039135760867169932 0.14189549182732422 0.31271260191093792 0.026508311318376887 -0.12243998527526856 -0.020698354320807591 0.16837658432813793 0.022447062710839502
leaf_weight=2790 3963 25 45 23 11.999999999999998 78 9.9999999999999982 41 41 387 9.9999999999999982 11.999999999999998 203 119 15.999999999999998 13.999999999999998 20 10.000000000000002 13.999999999999998 23 224 10.000000000000002 13.999999999999998 83 10.999999999999998 26 9.9999999999999982 18 65 644
leaf_count=2790 3963 25 45 23 12 78 10 41 41 387 10 12 203 119 16 14 20 10 14 23 224 10 14 83 11 26 10 18 65 644
internal_value=-0.00108265 0.00888243 0.00330746 0.00203381 0.030227 0.0601385 0.103025 0.0161109 -0.00739471 0.00682696 0.0425892 -0.124215 0.0218019 0.0135438 0.0648684 0.0749897 0.175727 0.235447 0.107185 0.0546317 0.0442159 0.0590256 0.202669 0.117245 -0.00051859 0.111596 0.0752826 0.0939357 0.127372 -0.00141901
internal_weight=8961 6171 4893 4848 1278 204 126 908 481 440 427 53 334 322 370 345 58 44 24 287 271 248 24 93 4644 37 116 106 83 4607
internal_count=8961 6171 4893 4848 1278 204 126 908 481 440 427 53 334 322 370 345 58 44 24 287 271 248 24 93 4644 37 116 106 83 4607
is_linear=0
shrinkage=0.05


Tree=50
num_leaves=31
num_cat=0
split_feature=0 0 9 18 1 2 4 1 9 3 7 13 3 11 9 2 3 1 1 3 11 11 4 2 2 3 7 15 2 7
split_gain=1303.9 345.614 473.41 386.274 223.323 230.897 242.613 204.985 241.815 177.087 173.499 194.811 228.283 203.284 173.096 171.409 218.789 290.069 242.844 191.199 149.303 320.634 190.221 147.857 166.975 146.263 200.248 144.015 140.093 187.807
threshold=0.53025562201484056 0.24414775689749166 0.011126137201868702 0.67236913667332265 0.17439325890708954 0.62464620538911764 -0.11809030469074662 0.80153152927913174 0.58759377604890262 58.003619933904197 1.5000000000000002 1.0000000180025095e-35 65.322815358092029 69.24264705882355 0.58025382605449805 0.3383919606458583 65.322815358092029 0.099646658127423446 0.079121878827295766 65.90697629347757 71.500000000000014 69.152573529411782 -0.11254657397357358 0.50868050359514405 0.46840135595848204 72.111542413135325 4.5000000000000009 1.0000000180025095e-35 0.20998945028573548 9.5000000000000018
decision_type=10 8 2 10 10 8 2 10 2 10 2 10 10 2 2 8 10 10 10 10 2 2 2 10 10 10 2 8 8 2
left_child=1 -1 -3 28 5 9 -7 10 -9 -2 -6 12 -12 14 -14 -11 17 18 -17 -18 21 22 -5 24 25 -21 -27 -19 29 -4
right_child=4 2 3 20 7 6 -8 8 -10 15 11 -13 13 -15 -16 16 19 27 -20 23 -22 -23 -24 -25 -26 26 -28 -29 -30 -31
leaf_value=-0.025776822401326768 -0.17743974290788175 0.27833121379216513 -0.082103363478381652 0.035538856809337931 -0.021750874386878907 -0.20620924211465397 -0.022400746256883805 0.3374372959136962 0.02617994546890259 0.14424062177538874 0.09485878567211331 0.037235207560847916 -0.32818710250513888 0.044869070974263278 -0.055819632411003121 0.072829185798764226 -0.16076068516288486 -0.017672322239608518 0.33896714791655547 -0.026879007056321916 0.27324311462315648 -0.089791037106797811 0.2243944909175237 0.063756165858816174 -0.11939125497286257 -0.042629933815736029 0.22548192342122397 0.17131969332695007 -0.0034676264249426242 0.026355087307506592
leaf_weight=2974 11.999999999999998 14.999999999999998 128 24 143 26 58 12.000000000000002 12.999999999999998 25 15.999999999999998 2229 14.000000000000002 10.999999999999998 9.9999999999999982 20 21 63 14.999999999999998 111 10.999999999999998 21 30 61 38 13.000000000000002 14.999999999999998 11.999999999999998 2792 58
leaf_count=2974 12 15 128 24 143 26 58 12 13 25 16 2229 14 11 10 20 21 63 15 111 11 21 30 61 38 13 15 12 2792 58
internal_value=-0.000354506 -0.0136201 -0.00187803 -0.00324981 0.026976 -0.00383596 -0.0792939 0.0331434 0.175583 0.011776 0.0316737 0.0350245 -0.0615983 -0.133122 -0.214701 0.0175389 0.00895481 0.0680325 0.186888 -0.0161361 0.101219 0.0759887 0.140459 -0.00337509 -0.0265107 -0.00111892 0.101001 0.0125664 -0.00626671 -0.048283
internal_weight=8991 6053 3079 3064 2938 490 84 2448 25 406 2423 2280 51 35 24 394 369 110 35 259 86 75 54 238 177 139 28 75 2978 186
internal_count=8991 6053 3079 3064 2938 490 84 2448 25 406 2423 2280 51 35 24 394 369 110 35 259 86 75 54 238 177 139 28 75 2978 186
is_linear=0
shrinkage=0.05


Tree=51
num_leaves=31
num_cat=0
split_feature=0 0 18 14 4 2 0 2 5 11 7 11 0 11 9 11 1 4 2 9 17 2 7 0 3 10 11 4 0 2
split_gain=1176.77 313.192 347.591 202.338 224.397 281.281 217.179 235.933 211.471 323.824 193.899 351.399 247.143 218.617 216.476 179.283 178.072 177.535 195.557 173.865 175.07 172.495 163.745 261.118 209.389 246.939 193.618 189.736 309.724 155.494
threshold=0.53025562201484056 0.19813370142136283 0.66764706031821874 1.5000000000000002 -0.076016240926417317 0.55270987985159004 0.53459237704352436 0.50868050359514405 1.5000000000000002 68.968750000000014 4.5000000000000009 68.849264705882362 0.56035614100705955 67.272058823529434 0.15899814471243043 66.093750000000014 0.22505959702887143 -0.038743521012282504 0.74435269088330325 0.011126137201868702 0.51492172187078322 0.45002265829205862 2.5000000000000004 0.76592154016816072 63.167411831521399 0.75615384615384629 65.24264705882355 -0.1196109918964932 0.8941647679810073 0.52848006592728802
decision_type=10 8 10 10 2 8 10 8 2 2 2 2 10 2 2 2 10 2 8 2 10 10 2 10 10 2 2 2 10 10
left_child=1 -1 19 6 15 -6 7 -2 9 -8 11 12 13 -10 -14 -5 -11 -13 -19 -3 -21 -18 23 -16 -24 26 29 -25 -29 -26
right_child=3 2 -4 4 5 -7 8 -9 10 16 -12 17 14 -15 22 -17 21 18 -20 20 -22 -23 24 27 25 -27 -28 28 -30 -31
leaf_value=-0.026237865079638295 0.36272325634956348 0.14479921428780806 0.085091288313614566 -0.25015933233148913 -0.17454965174198153 0.14107723211248716 -0.063452377159283646 0.049186468124389648 -0.20175361216068266 -0.028689550519999815 0.039868058457971645 -0.0660360736867667 -0.052245236020170005 0.055862415262631006 0.072233537607208159 -0.050291371085878583 0.15579028822654903 -0.015573807060718536 0.2063435054742373 -0.0088713350691949407 0.058289877971634277 0.0192125358581543 0.20280292700318731 0.078600461319798531 0.13569556621834636 0.22504501601769811 0.085882349167676536 -0.19690340579836629 0.050218215797628675 -0.085896936647201841
leaf_weight=2557 10.000000000000002 19 108 17 9.9999999999999982 24 155 14.999999999999998 20 59 1831 176 51 13.999999999999998 113 33 43 42 12.999999999999998 3269 100 50 34 21 9.9999999999999982 21 85 32 21 38
leaf_count=2557 10 19 108 17 10 24 155 15 20 59 1831 176 51 14 113 33 43 42 13 3269 100 50 34 21 10 21 85 32 21 38
internal_value=-0.000336781 -0.0129391 -0.00321235 0.0256272 -0.0508567 0.0482458 0.0278783 0.174601 0.0265817 -0.0126 0.0313512 0.00878336 0.0340506 -0.0956764 0.0444044 -0.118246 0.0392561 -0.0415324 0.0368794 -0.00602722 -0.00687783 0.0823614 0.0575488 0.0244207 0.0905006 0.0657066 0.0405479 -0.0485908 -0.0989873 -0.0397318
internal_weight=8991 6053 3496 2938 84 34 2854 25 2829 307 2522 691 460 34 426 50 152 231 55 3388 3369 93 375 187 188 154 133 74 53 48
internal_count=8991 6053 3496 2938 84 34 2854 25 2829 307 2522 691 460 34 426 50 152 231 55 3388 3369 93 375 187 188 154 133 74 53 48
is_linear=0
shrinkage=0.05


Tree=52
num_leaves=31
num_cat=0
split_feature=0 1 8 2 10 1 4 11 8 2 4 0 8 10 18 8 10 10 0 8 2 2 2 0 17 10 11 11 4 1
split_gain=1071.34 222.279 205.682 220.022 203.737 195.751 216.996 189.897 173.388 226.801 263.417 202.96 339.229 304.213 174.786 283.184 164.041 159.947 182.876 157.173 151.223 185.525 148.824 139.871 167.167 183.55 158.528 133.136 131.219 221.915
threshold=0.36466382189864516 0.17439325890708954 0.4098872180451128 0.4326413885372517 0.079348739495798334 0.80153152927913174 -0.1088553656630404 61.705882352941181 0.12358406516482119 0.51607385811467454 -0.041403581115651907 0.59914969845496469 0.1647116644823067 0.74476470588235311 0.583975442439023 0.32354578596699174 0.17612500000000003 0.18282451923076926 0.78069977367801913 0.4596610032851644 0.49858725924763664 0.5434566173859311 0.60972972763307776 0.17036670704548942 0.71768572973858669 0.21240384615384619 60.250000000000007 67.093750000000014 -0.058074083100602691 0.24746329902924064
decision_type=10 10 2 8 2 10 2 2 2 8 2 10 2 2 10 2 2 2 10 2 8 8 10 10 10 2 2 2 2 10
left_child=2 4 23 -4 19 8 -7 -6 9 -3 -11 13 22 14 28 -16 -9 -18 -19 -2 -5 -22 -13 -1 26 -26 -25 -15 -10 -30
right_child=1 5 3 20 7 6 -8 16 11 10 -12 12 -14 27 15 -17 17 18 -20 -21 21 -23 -24 24 25 -27 -28 -29 29 -31
leaf_value=-0.028594508672291987 0.28069576187567274 0.29388261895913342 -0.02010301464408332 0.10687088984468918 0.1691389056046804 -0.016915497481822962 0.28377519587675731 -0.069576765705370219 -0.0062598641793784153 -0.096378758944132753 0.16087004570290447 -0.034307104922257928 0.033841966237983474 -0.26636156744577666 -0.020014485487571131 0.20914390616651093 0.14487404574950535 -1.2420926868900058e-05 -0.10734165545020785 0.0068085801601409897 -0.11479418015480042 0.025371587625265403 -0.27848963886499406 0.12901597574353219 -0.01596708941188725 0.27287895679473878 -0.012914608617199589 -0.070957365082133392 0.088496859707019968 0.006621380041766641
leaf_weight=2535 11 12.999999999999998 490 53 14.999999999999998 10.000000000000002 14.999999999999998 103 715 17 24 13.000000000000002 1953 10.999999999999998 26 28 18 721 42 10 25 424 11.999999999999998 20 11.000000000000002 10.999999999999998 1207 42 114 302
leaf_count=2535 11 13 490 53 15 10 15 103 715 17 24 13 1953 11 26 28 18 721 42 10 25 424 12 20 11 11 1207 42 114 302
internal_value=-0.000319942 0.0180524 -0.0165342 0.00373123 -0.00367734 0.0241195 0.163499 -0.00727352 0.0230539 0.111906 0.0542059 0.021562 0.0314992 0.00568495 0.0109267 0.0988084 -0.0102669 -0.00244503 -0.00592045 0.150273 0.0269957 0.0175673 -0.151515 -0.0218469 -0.00815179 0.128456 -0.0106012 -0.111513 0.00673077 0.0290584
internal_weight=8991 4215 4776 992 920 3295 25 899 3270 54 41 3216 1978 1238 1185 54 884 781 763 21 502 449 25 3784 1249 22 1227 53 1131 416
internal_count=8991 4215 4776 992 920 3295 25 899 3270 54 41 3216 1978 1238 1185 54 884 781 763 21 502 449 25 3784 1249 22 1227 53 1131 416
is_linear=0
shrinkage=0.05


Tree=53
num_leaves=31
num_cat=0
split_feature=0 0 11 14 18 7 0 5 11 8 1 10 7 10 9 0 1 0 0 10 10 5 11 7 7 0 14 11 9 9
split_gain=966.886 209.15 227.951 216.075 292 192.843 195.77 187.368 248.539 240.381 254.862 186.927 176.828 248.954 191.046 342.907 169.75 148.383 226.924 145.143 155.265 142.495 130.833 129.261 154.201 125.556 125.451 175.307 160.022 422.899
threshold=0.36466382189864516 0.83181414365121886 71.500000000000014 1.5000000000000002 0.82351798635720785 2.5000000000000004 0.85316977850765596 1.5000000000000002 67.093750000000014 0.69538706256627791 0.02779851924362212 0.76167582417582425 6.5000000000000009 0.71136363636363653 0.31343976677594249 0.85316977850765596 0.42181123913939766 0.8941647679810073 0.87463343121399018 0.53535714285714298 0.58031250000000012 4.5000000000000009 71.24264705882355 2.5000000000000004 6.5000000000000009 0.91672515567073398 1.0000000180025095e-35 71.281250000000014 0.44208407871198574 0.36265673981191232
decision_type=10 10 2 10 10 2 10 2 2 2 10 2 2 2 2 10 10 10 10 2 2 2 2 2 2 10 8 2 2 2
left_child=11 3 5 4 7 6 -3 8 16 10 -10 21 13 14 -7 -16 23 18 -8 22 -21 26 -5 -2 -25 -19 27 -1 29 -29
right_child=1 2 -4 19 -6 12 17 -9 9 -11 -12 -13 -14 -15 15 -17 -18 25 -20 20 -22 -23 -24 24 -26 -27 -28 28 -30 -31
leaf_value=-0.016631430540906225 0.12755414098501205 0.17024386511607603 0.22182525566054717 -0.11529207420726753 0.23558682918548587 0.12275886122996992 -0.009257711966832477 0.019271660488774479 0.24629711355082692 -0.16278421470993443 0.011629401323105852 0.10667283390798876 0.031611749711291819 0.2044396327399626 0.19860001596120688 -0.10592125284019858 -0.20486097382871726 0.11880213876565299 -0.2891555793583393 0.19688308089971543 -0.021847784518112624 0.027771246939897538 0.029050124585628515 -0.13682472286096145 -0.021927007981627198 -0.056511742435395723 -0.027403683170008464 0.013075669492473421 -0.056122428136037995 0.19156276052062576
leaf_weight=2104 9.9999999999999982 10.999999999999998 18 73 14.999999999999998 52 15.000000000000002 3023 11.999999999999998 19 323 31 271 41 12.999999999999998 32 19 14.999999999999998 13.999999999999998 9.9999999999999982 43 175 20 43 91 32 2046 322 61 37
leaf_count=2104 10 11 18 73 15 52 15 3023 12 19 323 31 271 41 13 32 19 15 14 10 43 175 20 43 91 32 2046 322 61 37
internal_value=-0.000303945 0.0171497 0.0470365 0.012999 0.0154474 0.0406933 -0.0269047 0.0145146 -0.0133011 0.0102231 0.0200354 -0.0157075 0.0550723 0.101144 0.0574823 -0.0179484 -0.0643904 -0.0554393 -0.144381 -0.046616 0.0194222 -0.016507 -0.0842507 -0.0458561 -0.0587972 -0.000560504 -0.0182026 -0.010744 0.0187493 0.0314713
internal_weight=8991 4215 514 3701 3555 496 87 3540 517 354 335 4776 409 138 97 45 163 76 29 146 53 4745 93 144 134 47 4570 2524 420 359
internal_count=8991 4215 514 3701 3555 496 87 3540 517 354 335 4776 409 138 97 45 163 76 29 146 53 4745 93 144 134 47 4570 2524 420 359
is_linear=0
shrinkage=0.05


Tree=54
num_leaves=31
num_cat=0
split_feature=0 0 9 18 8 17 0 1 1 9 8 10 8 3 9 7 8 13 1 1 1 1 7 9 0 3 11 1 5 3
split_gain=883.458 231.417 405.425 303.951 275.419 181.355 175.245 202.094 160 203.826 171.518 276.078 264.873 297.341 251.271 224.869 218.309 237.685 208.536 206.075 294.431 188.838 182.376 181.189 162.464 155.823 150.772 147.926 145.269 279.832
threshold=0.53025562201484056 0.24414775689749166 0.011126137201868702 0.67236913667332265 0.59679796930316431 0.51492172187078322 0.53459237704352436 0.17439325890708954 0.80153152927913174 0.58759377604890262 0.60133114284510736 0.44242387820512824 0.64648640832851367 71.001119853854462 0.39619252873563221 3.5000000000000004 0.71285656890317406 1.0000000180025095e-35 0.46169589584444465 0.30217229642135396 0.2577328307316713 0.52620700253924113 5.5000000000000009 0.41690476190476194 0.66482855041041811 63.167411831521399 70.676470588235304 0.37069865667669039 2.5000000000000004 65.980644813366141
decision_type=10 8 2 10 2 10 10 10 10 2 2 2 2 10 2 2 2 10 10 10 10 10 2 2 10 10 2 10 2 10
left_child=1 -1 -3 5 -5 -4 -2 -8 10 -10 11 23 13 14 15 -12 19 -18 -16 20 -14 28 -17 -9 -23 -26 -27 -21 29 -13
right_child=6 2 3 4 -6 -7 7 8 9 -11 12 21 16 -15 18 22 17 -19 -20 27 -22 24 -24 -25 25 26 -28 -29 -30 -31
leaf_value=-0.021155717242456674 0.1490040624583209 0.25770998557408648 -0.0075014419764342036 0.053768626469615347 0.31200035264094672 0.072291059808706717 -0.0085793517124326032 0.034803470855385495 0.30132927646239593 0.01556550401907701 -0.03737318351864815 -0.07120376056746433 -0.011710934151532286 -0.0016498210865797268 0.13582077582677207 0.29319304365378163 -0.13110957138240339 0.043613029613724541 0.35109105151560577 0.14598701085363117 -0.20409534747401872 0.020251859251099329 0.092986395791336732 -0.13528093770146371 0.042871183566749099 -0.23366541049908848 -0.031740664461484325 -0.0033163979460921473 -0.014992537386687941 0.17566336647703731
leaf_weight=2974 27 14.999999999999998 2905 74 11.999999999999998 73 481 733 12.000000000000002 12.999999999999998 30 19 59 72 30 12.999999999999998 20 727 18 21 30 24 91 15.999999999999998 9.9999999999999982 32 12.999999999999998 79 339 29
leaf_count=2974 27 15 2905 74 12 73 481 733 12 13 30 19 59 72 30 13 20 727 18 21 30 24 91 16 10 32 13 79 339 29
internal_value=-0.000288748 -0.0112082 -0.00159984 -0.00286931 0.089801 -0.00554548 0.0222079 0.0210319 0.0268932 0.152732 0.0255851 0.0123705 0.0390773 0.0843604 0.118386 0.0832244 0.0267889 0.038935 0.216547 -0.0212173 -0.0765596 -0.0178461 0.118012 0.0311702 -0.0882932 -0.135658 -0.175332 0.0280373 -0.00346539 0.0779451
internal_weight=8991 6053 3079 3064 86 2978 2938 2911 2430 25 2405 1215 1190 254 182 134 936 747 48 189 89 466 104 749 79 55 45 100 387 48
internal_count=8991 6053 3079 3064 86 2978 2938 2911 2430 25 2405 1215 1190 254 182 134 936 747 48 189 89 466 104 749 79 55 45 100 387 48
is_linear=0
shrinkage=0.05


Tree=55
num_leaves=31
num_cat=0
split_feature=8 0 0 11 3 18 2 14 3 3 3 1 10 3 0 11 8 8 8 3 11 8 1 11 6 10 2 3 14 0
split_gain=783.191 402.92 335.889 297.549 279.113 278.505 196.655 213.825 197.208 194.053 172.387 169.752 197.724 197.494 180.871 169.756 158.294 238.123 194.525 205.462 241.3 260.472 204.75 200.874 310.334 295.4 244.228 227.657 212.585 242.713
threshold=0.49666448188443008 0.55419310810122113 0.1944761073605509 74.500000000000014 66.064122406055432 0.71880503328040135 0.72451642244405867 1.5000000000000002 64.383540710387223 67.40752484491415 66.157180630994262 0.27052939505507051 0.17612500000000003 63.433194852202206 0.81983222433797198 72.452205882352956 0.67770469839529868 0.68355676928169495 0.61588729016786581 66.834882682976641 69.906250000000014 0.6414948636922484 0.58179897008891368 68.718750000000014 1.0000000180025095e-35 0.66541666666666677 0.5387015541311434 68.689930247176775 1.0000000180025095e-35 0.69139511469733061
decision_type=2 8 10 2 10 10 10 10 10 10 10 10 2 10 10 2 2 2 2 8 2 2 10 2 2 2 10 8 10 10
left_child=2 5 -1 16 6 -2 7 11 -8 -7 -6 14 -13 -14 15 -4 18 -18 23 22 -21 -22 -20 25 26 27 -25 28 -3 -30
right_child=1 3 4 -5 10 9 8 -9 -10 -11 -12 12 13 -15 -16 -17 17 -19 19 20 21 -23 -24 24 -26 -27 -28 -29 29 -31
leaf_value=-0.023001443238836586 -0.0095520998536721431 0.036074444110272455 -0.023032403420656919 0.21533192101527346 0.14591321218758821 0.029527053236961354 -0.15898038840040249 -0.094006760134116601 0.014831584990024566 0.33385601937770848 0.011050950134276295 0.11879526600241662 0.039954836926125184 -0.032925676726418635 0.18588074982166292 -0.16477588699622589 -0.14236619762428429 0.020286462710096025 0.14952131010455277 0.078099963901161459 0.017087708073309983 -0.22588443521942414 -0.053600640275648662 0.087094574340357722 0.19890495175985914 -0.19958297394914554 -0.031557546172823227 -0.018481166498528587 0.38016998529434193 0.052521076941719425
leaf_weight=2808 995 248 530 22 24 11.000000000000002 47 76 25 9.9999999999999982 1867 43 197 176 9.9999999999999982 22 23 1039 109 171 52 13.999999999999998 13.999999999999998 114 38 15.999999999999998 70 225 10.000000000000002 12.999999999999998
leaf_count=2808 995 248 530 22 24 11 47 76 25 10 1867 43 197 176 10 22 23 1039 109 171 52 14 14 114 38 16 70 225 10 13
internal_value=0.000354456 0.0202523 -0.010556 0.0323814 0.00102724 -0.005749 -0.018681 -0.0132197 -0.098629 0.174446 0.0127626 -0.00694177 0.0172701 0.00556618 -0.0248638 -0.0286816 0.0305146 0.0167639 0.043863 0.0739686 0.0467564 -0.0344518 0.126402 0.0290974 0.0688205 0.0118737 0.0419552 0.0186949 0.0495606 0.194977
internal_weight=9019 3194 5825 2178 3017 1016 1126 1054 72 21 1891 978 416 373 562 552 2156 1062 1094 360 237 66 123 734 222 512 184 496 271 23
internal_count=9019 3194 5825 2178 3017 1016 1126 1054 72 21 1891 978 416 373 562 552 2156 1062 1094 360 237 66 123 734 222 512 184 496 271 23
is_linear=0
shrinkage=0.05


Tree=56
num_leaves=31
num_cat=0
split_feature=8 0 0 3 3 18 17 18 4 8 8 8 0 0 3 10 1 8 3 0 10 12 3 10 10 0 1 2 14 0
split_gain=706.83 363.636 305.501 296.423 289.803 251.351 218.556 211.272 184.243 182.495 214.906 184.951 234.322 284.252 190.005 236.028 249.966 226.315 319.003 226.994 199.767 189.555 189.384 234.786 177.408 245.985 213.602 284.183 175.278 297.163
threshold=0.49666448188443008 0.55419310810122113 0.22199788188653974 66.064122406055432 66.157180630994262 0.71880503328040135 0.61201624597851023 0.85261131637968146 -0.12322622703711268 0.67770469839529868 0.68355676928169495 0.61588729016786581 0.81983222433797198 0.7136580776721263 66.834882682976641 0.61287179487179499 0.29592220576239731 0.63866507965574082 68.557766426629783 0.83181414365121886 0.49174107142857154 1.0000000180025095e-35 63.937719610166155 0.64732142857142871 0.40081250000000007 0.83757915337130051 0.51658800882958722 0.69155570321552229 1.0000000180025095e-35 0.59129883270810968
decision_type=2 8 10 10 10 10 10 10 2 2 2 2 10 10 10 2 8 2 10 8 2 10 10 2 2 10 10 10 10 10
left_child=2 5 -1 -4 -5 -2 7 -6 -8 11 -11 12 13 21 15 16 -13 20 -19 -20 -16 28 -15 -24 -14 -26 27 -27 -3 -30
right_child=1 9 3 4 6 -7 8 -9 -10 10 -12 14 24 22 17 -17 -18 18 19 -21 -22 -23 23 -25 25 26 -28 -29 29 -31
leaf_value=-0.021025824110456295 -0.0090744946208599978 0.038838288957030627 -0.019017390795846547 0.20380584098398688 0.008526279395559961 0.16572332736991702 -0.032710393294692032 0.228369493376125 0.22804739815848218 -0.135247885176669 0.019272139723714318 0.23056745049026281 0.25586638443637638 0.062860755793946357 -0.10722640951474507 0.18737211406626034 0.022811957851455018 -0.17787991321605187 -0.00040010211282762989 0.25753907352685929 0.10733754450982783 -0.1004808021142431 -0.040920577665493521 -0.25738907592105015 0.30463541239500047 0.16981808136288937 0.15903067837158841 -0.10869335352533288 0.3864757151901721 0.042977474717532889
leaf_weight=3030 995 427 1055 20 1678 21 10.000000000000002 10.999999999999998 21 23 1039 18 15.999999999999998 38 11.999999999999998 66 74 23 58 9.9999999999999982 113 23 119 13.999999999999998 9.9999999999999982 12.999999999999998 24 31 10.000000000000002 17
leaf_count=3030 995 427 1055 20 1678 21 10 11 21 23 1039 18 16 38 12 66 74 23 58 10 113 23 119 14 10 13 24 31 10 17
internal_value=0.000336733 0.0192396 -0.0100282 0.00189403 0.0145731 -0.00546155 0.0123727 0.00995806 0.143932 0.0307623 0.0159257 0.0448811 0.03043 0.0197284 0.0735514 0.115221 0.0634598 0.0430712 -0.0169127 0.0375321 0.0867394 0.0395561 -0.0355806 -0.0637067 0.104203 0.0730927 0.0390423 -0.0264059 0.0466505 0.170199
internal_weight=9019 3194 5825 2795 1740 1016 1720 1689 31 2178 1062 1116 742 648 374 158 92 216 91 68 125 477 171 133 94 78 68 44 454 27
internal_count=9019 3194 5825 2795 1740 1016 1720 1689 31 2178 1062 1116 742 648 374 158 92 216 91 68 125 477 171 133 94 78 68 44 454 27
is_linear=0
shrinkage=0.05


Tree=57
num_leaves=31
num_cat=0
split_feature=8 2 11 11 16 17 5 4 11 14 11 18 14 18 17 17 3 11 2 2 2 5 10 2 4 8 10 10 18 8
split_gain=637.94 327.623 269.67 257.191 252.215 213.358 171.027 318.464 205.883 161.14 177.634 157.55 136.875 196.527 153.929 268.152 221.299 153.714 127.981 271.259 278.214 328.352 259.933 140.382 148.576 125.755 123.488 216.38 123.111 155.068
threshold=0.48566883177791065 0.40535237056798251 74.500000000000014 66.281250000000014 1.0000000180025095e-35 0.49802334496327216 3.5000000000000004 -0.16386869318752093 64.727941176470594 2.5000000000000004 64.454044117647072 0.72774903901894017 1.0000000180025095e-35 0.54666410475345961 0.71367307922101564 0.76924149106553663 70.299118947185704 67.468750000000014 0.62001998715833506 0.50298140290612259 0.47000763421814995 3.5000000000000004 0.25746153846153852 0.31966784410016502 -0.13321141758611496 0.32354578596699174 0.27935416666666674 0.21240384615384619 0.19895137170690683 0.14324428958575303
decision_type=2 8 2 2 10 10 2 2 2 10 2 10 8 10 10 10 10 2 10 10 10 2 2 10 2 2 2 2 10 2
left_child=4 3 9 -2 12 11 8 -8 -6 -3 -11 -5 13 14 -1 -16 -17 25 19 20 23 -22 -20 -14 -25 26 27 -15 29 -10
right_child=1 2 -4 5 6 -7 7 -9 28 10 -12 -13 18 17 15 16 -18 -19 22 -21 21 -23 -24 24 -26 -27 -28 -29 -30 -31
leaf_value=-0.0096883949685873869 -0.067276093075751747 0.025030395210579905 0.19928823577409441 -0.0061031338717272079 -0.14334379658102989 0.21283762156963348 -0.060898956114595573 0.27404308337718247 -0.099800679087638858 -0.25808857321739198 -0.015737826353119266 0.18568282615054738 -0.018364153394603708 0.048611252331598243 0.22053946778178216 -0.11184341713786124 0.17623154461383819 0.0068582861654852573 0.23144656419754028 -0.12672690704104403 0.26359523915582228 -0.093745424747467054 -0.023471354444821679 -0.0059106310909347879 -0.097712688310416185 0.2522149490813414 -0.068322745958964023 0.30467731139876625 0.1992511240920673 0.055776627495994463
leaf_weight=3195 173 2685 22 404 15.999999999999998 11.999999999999998 11.000000000000002 20 19 9.9999999999999982 31 10.999999999999998 1759 33 20 20.000000000000004 9.9999999999999982 95 14.999999999999998 62 18.000000000000004 9.9999999999999982 30 70 119 11.999999999999998 11.999999999999998 10.999999999999998 11.999999999999998 102
leaf_count=3195 173 2685 22 404 16 12 11 20 19 10 31 11 1759 33 20 20 10 95 15 62 18 10 30 70 119 12 12 11 12 102
internal_value=0.000319896 0.0176267 0.0249353 -0.0158464 -0.00989758 0.00499039 0.0483416 0.155193 0.0261108 0.0235282 -0.0748478 -0.00101965 -0.0118067 -0.00563507 -0.0083261 0.0787247 -0.0158184 0.0479378 -0.0219042 -0.0237458 -0.0205146 0.135974 0.0615013 -0.0227639 -0.0637119 0.105328 0.0738527 0.112628 0.0464964 0.0313471
internal_weight=9019 3348 2748 600 5671 427 180 31 149 2726 41 415 5491 3408 3245 50 30 163 2083 2038 1976 28 45 1948 189 68 56 44 133 121
internal_count=9019 3348 2748 600 5671 427 180 31 149 2726 41 415 5491 3408 3245 50 30 163 2083 2038 1976 28 45 1948 189 68 56 44 133 121
is_linear=0
shrinkage=0.05


Tree=58
num_leaves=31
num_cat=0
split_feature=5 9 1 2 12 8 6 1 4 9 11 4 9 4 11 2 1 4 9 4 9 2 2 9 2 2 2 7 1 7
split_gain=582.318 332.485 345.076 249.716 239.653 235 222.782 212.736 241.941 208.688 205.647 189.797 241.839 290.783 254.556 300.188 224.087 250.206 182.626 173.571 170.488 159.277 158.709 154.033 149.79 156.482 149.99 145.337 207.514 213.603
threshold=4.5000000000000009 0.56838106370543551 0.80153152927913174 0.74855173151819832 1.0000000180025095e-35 0.87889278116058989 1.0000000180025095e-35 0.51281800793666366 -0.050283877888599927 0.41690476190476194 68.718750000000014 -0.20978581723115772 0.19756782730834629 -0.073908199484106249 67.60477941176471 0.19808237877518831 0.62508711102184356 -0.31550012752717077 0.27622890682318418 -0.1278600075774102 0.11206650492364779 0.88334125175245326 0.48708728456084716 0.29285682779132566 0.7580461523393619 0.72024154801046902 0.52589145085535272 8.5000000000000018 0.58891290747864722 2.5000000000000004
decision_type=2 2 10 8 8 2 2 10 2 2 2 2 2 2 2 10 8 2 2 2 2 10 10 2 10 10 10 2 10 2
left_child=1 2 4 7 5 -1 11 8 19 20 23 16 13 -13 15 -14 17 -2 -7 -3 -6 -5 -16 -8 25 26 -24 28 29 -17
right_child=6 3 -4 21 9 18 10 -9 -10 -11 -12 12 14 -15 22 27 -18 -19 -20 -21 -22 -23 24 -25 -26 -27 -28 -29 -30 -31
leaf_value=-0.0032109641134439207 0.13362502999927686 0.12305862132240747 0.24204255898616145 0.18517424049600961 -0.13534316900186241 0.19879856532812121 0.082330482480499678 -0.09047005004955061 0.25864293059477439 -0.12430895349266483 0.1490325964584544 0.1477896620788508 0.20158212353785832 0.019219366724191365 -0.049589711745580044 -0.019865791720372658 -0.26049128249287606 -0.051162617407842649 0.024794206067331528 -0.096858418301532134 -0.0185564944593254 0.02847321351679663 0.13320290703947346 -0.049321061892039851 -0.079304624878568583 0.16641794645360539 -0.0045358719570296148 -0.0024583826269264576 -0.029373646061867476 0.14111895013771866
leaf_weight=6238 23 16.999999999999996 13.999999999999998 50 32 25 68 33 12.999999999999998 51 74 90 30 86 150 27 9.9999999999999982 90 38 19.000000000000004 1333 24 24 33 32 21 112 135 40 87
leaf_count=6238 23 17 14 50 32 25 68 33 13 51 74 90 30 86 150 27 10 90 38 19 1333 24 24 33 32 21 112 135 40 87
internal_value=0.000303902 -0.00450934 -0.00596764 0.0677603 -0.00641757 -0.00224057 0.0338393 0.00766504 0.073756 -0.0250046 0.0857102 0.024354 0.0329052 0.0849655 0.0189803 0.0510395 -0.0336274 -0.013551 0.0938436 0.00699129 -0.0212944 0.134352 -0.0111875 0.0393156 0.0192904 0.0393862 0.019771 0.0354123 0.0686106 0.102991
internal_weight=9019 7887 7731 156 7717 6301 1132 82 49 1416 175 957 834 176 658 319 123 113 63 36 1365 74 339 101 189 157 136 289 154 114
internal_count=9019 7887 7731 156 7717 6301 1132 82 49 1416 175 957 834 176 658 319 123 113 63 36 1365 74 339 101 189 157 136 289 154 114
is_linear=0
shrinkage=0.05


Tree=59
num_leaves=31
num_cat=0
split_feature=8 16 9 11 1 5 6 8 11 12 8 10 9 9 11 5 11 8 11 11 1 1 7 8 11 11 1 4 7 7
split_gain=534.34 226.347 191.831 223.958 217.254 228.958 221.716 178.867 170.402 163.187 176.284 171.712 275.689 164.82 163.89 160.96 351.073 207.321 236.294 157.604 261.279 454.588 236.495 182.969 160.486 156.153 163.807 192.616 154.272 223.131
threshold=0.48566883177791065 1.0000000180025095e-35 0.56838106370543551 65.18014705882355 0.80153152927913174 4.5000000000000009 1.0000000180025095e-35 0.52315043664524652 68.718750000000014 1.0000000180025095e-35 0.87889278116058989 0.71616666666666673 0.45201891132123695 0.27622890682318418 68.093750000000014 2.5000000000000004 71.281250000000014 0.15036764705882355 71.843750000000014 72.818014705882362 0.1264770207319767 0.22716014871384968 8.5000000000000018 0.58530967942732659 64.968750000000014 67.843750000000014 0.10346254707006666 -0.13087209407058129 7.5000000000000009 5.5000000000000009
decision_type=2 10 2 2 10 2 2 2 2 10 2 2 2 2 2 2 2 2 2 2 8 10 2 2 2 2 10 2 2 2
left_child=1 -1 4 -4 5 9 7 -7 28 10 11 -2 14 -12 -13 16 -3 -17 -19 23 -21 -22 -23 24 -9 26 27 -25 29 -8
right_child=2 15 3 -5 -6 6 8 19 -10 -11 13 12 -14 -15 -16 17 -18 18 -20 20 21 22 -24 25 -26 -27 -28 -29 -30 -31
leaf_value=-0.0108709722371405 0.0086676354250679582 -0.042223180887790833 0.24942525843779248 0.048545146782857346 0.20963825245520901 0.15562427334953099 0.038511577019324672 0.037055205686816146 0.1415809667996458 -0.053410778060054578 0.18885863722860816 -0.12950894347851791 0.039239447226282212 0.02355449521227887 0.0061498054994210127 -0.06162896985735964 0.22190668016672133 0.17053483093778293 -0.091989421471953395 0.32285607084631923 -0.091481165215373042 0.27195642211220483 0.0090769428892859393 0.329082904458046 -0.1343889759805722 -0.0092713884913852903 0.028847142435496548 0.070868605833787179 -0.024451700964585901 0.27120911691870009
leaf_weight=5491 1862 78 14.999999999999998 185 13.999999999999998 24 39 21 74 119 25 79 64 38 31 17 14.999999999999998 60 9.9999999999999982 9.9999999999999982 31 22 13.999999999999998 9.9999999999999982 39 283 262 26 47 13.999999999999998
leaf_count=5491 1862 78 15 185 14 24 39 21 74 119 25 79 64 38 31 17 15 60 10 10 31 22 14 10 39 283 262 26 47 14
internal_value=0.000288706 -0.00906239 0.016128 0.0636112 0.0131113 0.0122334 0.033263 0.0213508 0.0840612 0.00354849 0.00677772 0.00422883 -0.0432715 0.0891514 -0.0912778 0.0461094 0.00037841 0.0949943 0.133031 0.0168626 0.0844515 0.0488687 0.169726 0.00874345 -0.0743835 0.017328 0.0425885 0.142595 0.0414965 0.0999789
internal_weight=9019 5671 3348 200 3148 3134 916 742 174 2218 2099 2036 174 63 110 180 93 87 70 718 77 67 36 641 60 581 298 36 100 53
internal_count=9019 5671 3348 200 3148 3134 916 742 174 2218 2099 2036 174 63 110 180 93 87 70 718 77 67 36 641 60 581 298 36 100 53
is_linear=0
shrinkage=0.05


Tree=60
num_leaves=31
num_cat=0
split_feature=0 8 10 4 4 10 10 8 15 8 10 8 4 0 2 16 8 18 15 2 18 11 0 0 2 1 11 2 4 1
split_gain=481.845 205.788 279.393 268.32 203.751 205.812 305.303 211.184 202.845 187.158 313.012 187.642 328.394 184.094 180.663 233.218 173.396 173.22 315.209 301.747 251.814 173.2 171.04 199.262 164.996 150.578 161.188 180.766 148.997 143.734
threshold=0.29520693471759257 0.77618447027856996 0.74476470588235311 -0.099226703847907036 -0.10572304060954946 0.73968750000000016 0.71136363636363653 0.90313852813852824 1.0000000180025095e-35 0.83845809555779349 0.75435897435897448 0.87242073969762768 0.032669799813584192 0.92571431119192094 0.20998945028573548 0.60487839018711265 0.78432841274481158 0.54666410475345961 1.0000000180025095e-35 0.32172263688928365 0.33135803222330934 74.500000000000014 0.86364015443390862 0.91672515567073398 0.67882780203612858 0.68886306925166152 66.218750000000014 0.83349371659106386 -0.073908199484106249 0.11446261216525276
decision_type=8 2 2 2 2 2 2 2 10 2 2 2 2 8 8 10 2 10 10 8 8 2 8 8 10 10 2 10 2 10
left_child=-1 2 14 4 5 6 -3 8 16 10 -5 12 -11 -13 29 17 -7 20 -19 -20 21 25 -12 -24 -8 -16 -27 28 -28 -2
right_child=1 3 -4 9 -6 7 24 -9 -10 11 22 13 -14 -15 15 -17 -18 18 19 -21 -22 -23 23 -25 -26 26 27 -29 -30 -31
leaf_value=-0.01497916547815361 -0.033143463000959279 0.021524726009342524 -0.078007952944964778 0.049288192160681567 -0.19211805669160992 0.11184015274047852 0.36275947906754225 0.14893596916725593 -0.25128957703709603 -0.13161044249178044 0.25027152083405274 0.032603073843579362 0.19328237414360047 0.22587083180745446 0.005418819055818886 0.1750242509036547 -0.06291702502883624 0.11229770079767332 0.20581324830651285 -0.10051333459048738 -0.090680770197826818 0.085733377199087829 -0.07604971853169526 0.19406544123258856 0.082138435840606705 -0.073358456790447238 0.28914677186144727 -0.0409625765952197 0.07165977908298371 -0.1993430499235789
leaf_weight=3427 98 113 98 110 12.999999999999998 17 11.000000000000002 13.999999999999998 11.999999999999998 35 41 69 9.9999999999999982 14.999999999999998 4341 21 86 100 9.9999999999999982 41 66 70 11.000000000000002 18 9.9999999999999982 11.999999999999998 17.999999999999996 10.999999999999998 14.000000000000002 14.999999999999998
leaf_count=3427 98 113 98 110 13 17 11 14 12 35 41 69 10 15 4341 21 86 100 10 41 66 70 11 18 10 12 18 11 14 15
internal_value=-0.000262976 0.00890655 0.00556986 0.0369404 0.00111067 0.0106619 0.0540599 -0.0344182 -0.0567396 0.0689437 0.101886 0.0229778 -0.059412 0.0671152 0.00727022 0.00877101 -0.0340736 0.00802548 0.0607077 -0.0404493 0.00627019 0.00770296 0.184539 0.091608 0.22913 0.00646044 0.0886725 0.13389 0.193996 -0.0552054
internal_weight=8927 5500 4915 585 276 263 134 129 115 309 180 129 45 84 4817 4704 103 4683 151 51 4532 4466 70 29 21 4396 55 43 32 113
internal_count=8927 5500 4915 585 276 263 134 129 115 309 180 129 45 84 4817 4704 103 4683 151 51 4532 4466 70 29 21 4396 55 43 32 113
is_linear=0
shrinkage=0.05


Tree=61
num_leaves=31
num_cat=0
split_feature=14 8 16 1 8 8 8 18 3 1 7 3 4 10 9 1 11 10 8 13 8 3 7 3 9 9 4 4 1 4
split_gain=402.134 254.637 327.299 315.235 251.229 222.282 235.559 210.037 209.735 190.937 344.616 216.966 202.922 172.274 170.542 169.839 167.281 161.089 154.419 197.025 183.486 164.173 145.585 262.461 198.697 192.6 146.591 145.001 143.046 140.922
threshold=1.0000000180025095e-35 0.57642366553257651 0.2020923641174352 0.20866289031262297 0.14771415377510969 0.63866507965574082 0.72713784731588904 0.54666410475345961 62.40976708050983 0.27901933754539421 12.500000000000002 67.138368621190807 -0.16919509642364455 0.32035714285714295 0.20701970443349757 0.68886306925166152 74.812500000000014 0.66541666666666677 0.61069200226886 2.5000000000000004 0.58845369831100769 71.771837992790481 14.500000000000002 64.7275792318149 0.07133888448321439 0.25888870165978606 -0.06825626088917279 -0.038743521012282504 0.5500133572691509 -0.12617699651201325
decision_type=8 2 10 8 2 2 2 10 10 8 2 10 2 2 2 10 2 2 2 10 2 10 2 10 2 2 2 2 8 2
left_child=1 2 7 -3 -4 9 13 15 -6 12 18 -12 -5 -7 -8 16 17 22 20 -20 28 -21 -1 -24 -25 -26 -27 29 -11 -13
right_child=-2 3 4 5 8 6 14 -9 -10 10 11 27 -14 -15 -16 -17 -18 -19 19 21 -22 -23 23 24 25 26 -28 -29 -30 -31
leaf_value=-0.008983711833157583 -0.016976597429719187 -0.015133929395104504 -0.079528938084840781 -0.017433261915164835 0.31074276591340699 0.10923543511224645 0.15086629171855748 0.0510456147921187 0.087602021449873613 0.22558459371328354 0.074781675419459737 -0.069389873246351874 0.17862774144416138 -0.019418878239815494 0.03262264713541501 0.092975195819004028 0.075712415553449153 -0.14516813435724804 -0.0020564146099552034 0.1765119552800927 0.0098400106872290824 0.02719101418430607 -0.055415321587466863 0.21947107516667425 0.0086766264978391325 0.19678633769267595 0.041578192915767434 0.025779065191745762 0.012536161679487963 -0.29927224874496455
leaf_weight=3699 2562 452 20 17 11.999999999999998 28 32 176 86 20 18 11.999999999999998 59 368 648 44 62 21 31 79 132 24 71 17 138 29 32 9.9999999999999982 12.999999999999998 15.000000000000002
leaf_count=3699 2562 452 20 17 12 28 32 176 86 20 18 12 59 368 648 44 62 21 31 79 132 24 71 17 138 29 32 10 13 15
internal_value=-0.000249827 0.00648293 -0.000183087 0.0214866 0.081967 0.0324776 0.0203342 -0.00244322 0.114925 0.0628642 0.0474263 -0.0675982 0.134772 -0.0103221 0.0381871 -0.00473207 -0.00578862 -0.00704968 0.0685847 0.108457 0.0362033 0.141719 -0.00632201 0.0279833 0.0553967 0.0413803 0.115366 -0.136864 0.141656 -0.197102
internal_weight=8927 6365 4407 1958 118 1506 1076 4289 98 430 354 55 76 396 680 4113 4069 4007 299 134 165 103 3986 287 216 199 61 37 33 27
internal_count=8927 6365 4407 1958 118 1506 1076 4289 98 430 354 55 76 396 680 4113 4069 4007 299 134 165 103 3986 287 216 199 61 37 33 27
is_linear=0
shrinkage=0.05


Tree=62
num_leaves=31
num_cat=0
split_feature=14 8 16 1 8 8 8 18 3 1 7 3 7 4 5 10 3 9 1 10 7 9 9 1 4 3 5 10 3 8
split_gain=362.926 229.81 295.388 284.5 226.734 200.61 212.592 189.559 189.286 172.321 311.016 195.811 185.322 175.43 240.467 155.477 155.111 153.914 153.28 153.61 144.367 243.653 235.171 144.034 153.947 139.729 255.855 319.513 313.217 288.011
threshold=1.0000000180025095e-35 0.57642366553257651 0.2020923641174352 0.20866289031262297 0.14771415377510969 0.63866507965574082 0.72713784731588904 0.54666410475345961 62.40976708050983 0.27901933754539421 12.500000000000002 67.138368621190807 13.500000000000002 -0.20039317984665253 4.5000000000000009 0.32035714285714295 71.993873632763396 0.20701970443349757 0.68886306925166152 0.6538750000000001 14.500000000000002 0.07133888448321439 0.21813346228239847 0.096773973190867266 -0.20039317984665253 72.361010042451667 3.5000000000000004 0.48437500000000006 74.339795173758532 0.26743983957219258
decision_type=8 2 10 8 2 2 2 10 10 8 2 10 2 2 2 2 10 2 10 2 2 2 2 8 2 8 2 2 8 2
left_child=1 2 7 -3 -4 9 15 18 -6 12 -11 -12 13 -5 -15 -7 -16 -8 19 20 25 -22 -23 -24 -25 -1 -27 29 -29 -28
right_child=-2 3 4 5 8 6 17 -9 -10 10 11 -13 -14 14 16 -17 -18 -19 -20 -21 21 22 23 24 -26 26 27 28 -30 -31
leaf_value=-0.013057739908605299 -0.016127767539775809 -0.01437723249729761 -0.075552491694688806 -0.10085906431078911 0.29520563135544459 0.10377366348901498 0.14332297566579655 0.048493334645172581 0.083221919360559782 0.065155458697008853 0.071042594686150554 -0.13002089197571215 0.29234110510775019 0.23533610288913431 -0.092773031988846386 -0.018447934924093398 0.15220305950691304 0.03099151524617394 0.08832643499428576 -0.088492585027759738 0.18235470339034995 -0.026646775181308903 0.25010895580053333 -0.13510710932314396 0.070937522199273725 -0.0097497676931685411 -0.034768178896047178 0.13466927256239089 -0.096111061630340722 0.091622570627953592
leaf_weight=2676 2562 452 20 9.9999999999999982 11.999999999999998 28 32 176 86 299 18 37 13.999999999999998 26 14.000000000000002 368 11.999999999999998 648 44 55 24 145 9.9999999999999982 9.9999999999999982 97 681 56 19 65 231
leaf_count=2676 2562 452 20 10 12 28 32 176 86 299 18 37 14 26 14 368 12 648 44 55 24 145 10 10 97 681 56 19 65 231
internal_value=-0.000237336 0.00615878 -0.000173933 0.0204122 0.0778687 0.0308537 0.0193175 -0.00232106 0.109179 0.059721 0.045055 -0.0642183 0.128033 0.0909316 0.127814 -0.009806 0.0202929 0.0362777 -0.00449547 -0.00549919 -0.00436201 0.029873 0.0159053 0.0686407 0.051681 -0.00698841 0.00845029 0.0418579 -0.0439107 0.066961
internal_weight=8927 6365 4407 1958 118 1506 1076 4289 98 430 354 55 76 62 52 396 26 680 4113 4069 4014 286 262 117 107 3728 1052 371 84 287
internal_count=8927 6365 4407 1958 118 1506 1076 4289 98 430 354 55 76 62 52 396 26 680 4113 4069 4014 286 262 117 107 3728 1052 371 84 287
is_linear=0
shrinkage=0.05


Tree=63
num_leaves=31
num_cat=0
split_feature=0 14 16 2 18 9 18 11 3 8 4 9 4 10 3 2 8 9 0 1 2 8 2 14 10 1 1 3 9 11
split_gain=384.701 181.03 216.307 184.158 189.423 287.152 244.01 190.047 182.315 175.881 226.463 334.302 262.182 223.281 194.903 191.268 147.949 320.984 159.59 165.685 147.744 263.807 155.996 146.865 146.803 144.848 142.484 178.755 161.748 141.671
threshold=0.29520693471759257 1.5000000000000002 0.43601436677685507 0.20998945028573548 0.54666410475345961 0.40118225570202976 0.3364380091520876 69.656250000000014 86.177256265367461 0.77618447027856996 -0.099226703847907036 0.31622807017543864 -0.18247432548332501 0.74476470588235311 63.50709830614732 0.60460617641543568 0.83845809555779349 0.42480772752243184 0.86364015443390862 0.62508711102184356 0.33168572928646139 0.62034238268495201 0.36753649642511038 1.0000000180025095e-35 0.88966666666666672 0.46169589584444465 0.30217229642135396 68.496667402562608 0.17420484388678145 74.500000000000014
decision_type=8 8 10 8 10 2 10 2 10 2 2 2 2 2 8 8 2 2 10 10 8 2 10 8 2 10 10 10 2 2
left_child=-1 2 3 -2 6 7 8 26 9 13 11 12 15 29 25 -11 17 -12 -19 -20 21 -3 -22 24 -16 -13 27 28 -6 -5
right_child=1 20 -4 4 5 -7 -8 -9 -10 10 16 14 -14 -15 23 -17 -18 18 19 -21 22 -23 -24 -25 -26 -27 -28 -29 -30 -31
leaf_value=-0.013374785819860799 -0.057380915092286267 -0.028958000562020709 0.11890820268127654 0.0073900638659519444 0.13916385378688576 -0.16518242383996648 -0.093398851339287811 -0.0039508313846749231 -0.17042278743215972 0.066509407758712752 0.037284144261832707 -0.24221059294307931 0.02092084487900138 -0.070172657566549987 -0.014658262363777761 0.34100532650947574 0.024514662644223258 0.22330803660532605 -0.087650742344558219 0.18791917587320012 -0.17027178752635208 0.22879161169895759 -0.039409697627205954 -0.15865691800912221 0.12185471576193106 -0.0023911415040493013 0.04313417799149951 0.073928058395783106 0.36065772105665772 0.079618394499023762
leaf_weight=3427 103 42 45 4220 15.999999999999998 11.999999999999998 58 37 13.999999999999998 11.000000000000002 97 17.000000000000004 40 92 137 14.999999999999998 119 52 10.000000000000002 11.999999999999998 28 12.999999999999998 122 14.999999999999998 23 9.9999999999999982 30 24 17 69
leaf_count=3427 103 42 45 4220 16 12 58 37 14 11 97 17 40 92 137 15 119 52 10 12 28 13 122 15 23 10 30 24 17 69
internal_value=-0.000225469 0.00796775 0.00975263 0.00881701 0.0101417 0.0683657 0.00856152 0.0909671 0.00975549 0.0102662 0.0367043 0.00356958 0.101265 0.00689885 -0.0283508 0.224872 0.0673253 0.0971176 0.175548 0.0626601 -0.0381343 0.0319646 -0.0638373 -0.0090593 0.00496548 -0.153389 0.131335 0.177756 0.253267 0.00855205
internal_weight=8927 5500 5295 5250 5147 136 5011 124 4953 4939 558 268 66 4381 202 26 290 171 74 22 205 55 150 175 160 27 87 57 33 4289
internal_count=8927 5500 5295 5250 5147 136 5011 124 4953 4939 558 268 66 4381 202 26 290 171 74 22 205 55 150 175 160 27 87 57 33 4289
is_linear=0
shrinkage=0.05


Tree=64
num_leaves=31
num_cat=0
split_feature=8 1 14 1 2 2 9 3 4 9 9 7 8 11 11 9 2 1 3 1 10 10 9 2 11 9 3 10 7 4
split_gain=317.474 216.043 160.637 152.474 216.901 291.399 215.666 211.058 208.664 371.663 282.78 264.651 257.479 201.775 225.24 198.455 200.957 214.194 198.087 170.276 166.774 212.772 164.989 194.622 195.355 227.198 197.173 211.794 207.902 186.877
threshold=0.4596610032851644 0.19435154940195218 6.5000000000000009 0.27901933754539421 0.59537293914028278 0.67882780203612858 0.18835874270656883 69.803678784943301 -0.042316845490692138 0.40201131999191436 0.43641386238071328 10.500000000000002 0.66362594037896783 65.818014705882362 67.093750000000014 0.20064935064935069 0.36010689990281836 0.24922038612631106 65.322815358092029 0.23994246665815186 0.46093750000000006 0.54494047619047625 0.47297077922077929 0.5434566173859311 64.514705882352956 0.49825174825174828 67.03701416122189 0.88966666666666672 5.5000000000000009 -0.081114235239862206
decision_type=2 8 8 8 10 10 2 10 2 2 2 2 2 2 2 2 8 10 10 10 2 2 2 10 2 2 10 2 2 2
left_child=-1 2 -2 4 8 6 -6 -7 9 11 13 15 18 -10 -15 -3 -17 19 -13 -18 -20 -22 -5 -24 -25 29 -27 -28 -29 -26
right_child=1 3 -4 22 5 7 -8 -9 10 -11 -12 12 -14 14 -16 16 17 -19 20 -21 21 -23 23 24 25 26 27 28 -30 -31
leaf_value=-0.0078345855918861267 -0.011647144953325472 0.070359042686883547 0.16535097864957959 0.0048660159118685733 -0.0083187438920140269 -0.09566623316332698 0.20364930148857338 0.13268375635585364 -0.070564617878860911 -0.12679341575535744 0.25261745139956476 0.027466086841498812 -0.064394399543341849 0.29744153618812563 0.054953864330073467 0.13578849673271179 -0.041297851474037472 -0.1470162516629154 0.32887228306602029 0.15552959682849737 -0.0074939254139150873 0.26816893688270022 0.11129829112726908 0.15312273855562564 0.01090715860327085 0.043946908698662329 -0.072179788485232557 0.21648859637124196 -0.024167899787425996 0.25303939572151973
leaf_weight=5400 920 61 12.999999999999998 1580 14.999999999999998 25 60 17 27 46 20 24 19 10.999999999999998 74 14.999999999999998 71 44 17 12.999999999999998 14.000000000000002 13.999999999999998 78 27 14.999999999999998 133 118 13.999999999999998 25 17
leaf_count=5400 920 61 13 1580 15 25 60 17 27 46 20 24 19 11 74 15 71 44 17 13 14 14 78 27 15 133 118 14 25 17
internal_value=-0.000214196 0.011453 -0.00918093 0.0188745 0.0412895 0.102206 0.161256 -0.00323886 0.026125 0.0053054 0.079436 0.0261155 0.0985906 0.0485107 0.0863346 -0.00514828 -0.0373577 -0.0576483 0.143471 -0.0108365 0.20534 0.130338 0.0123186 0.0398951 0.0239368 0.0131045 -0.000847011 -0.0387935 0.0622216 0.13954
internal_weight=8927 3527 933 2594 587 117 75 42 470 338 132 292 88 112 85 204 143 128 69 84 45 28 2007 427 349 322 290 157 39 32
internal_count=8927 3527 933 2594 587 117 75 42 470 338 132 292 88 112 85 204 143 128 69 84 45 28 2007 427 349 322 290 157 39 32
is_linear=0
shrinkage=0.05


Tree=65
num_leaves=31
num_cat=0
split_feature=0 6 3 0 3 13 10 3 10 0 7 9 9 1 17 13 9 10 3 10 3 1 1 7 3 11 7 7 9 9
split_gain=340.868 188.277 255.261 319.024 230.075 194.958 225.675 192.022 188.786 172.104 167.563 161.926 146.489 152.18 144.208 131.466 126.566 125.4 122.897 155.428 117.431 122.727 147.753 130.252 138.617 116.376 221.817 338.842 113.437 126.597
threshold=0.40115676072407763 1.0000000180025095e-35 70.908471959836945 0.46552513438566417 74.339795173758532 2.5000000000000004 0.41944240196078436 71.84404712491137 0.18207142857142861 0.40781790893210174 14.500000000000002 0.77693236714975855 0.07133888448321439 0.12857295692017398 0.90459433988517735 1.0000000180025095e-35 0.011126137201868702 0.3164583333333334 67.65472881193584 0.079348739495798334 58.003619933904197 0.45017304449102907 0.087718956125595368 13.500000000000002 69.803678784943301 68.531250000000014 11.500000000000002 9.5000000000000018 0.35495558672276772 0.20949163449163452
decision_type=10 2 10 10 10 10 2 10 2 10 2 2 2 8 10 10 2 2 10 2 10 10 10 2 10 2 2 2 2 2
left_child=10 9 8 4 -4 6 -5 -7 18 17 14 15 13 -12 -1 28 -17 -2 19 -3 -10 22 -22 24 -23 -24 27 -27 29 -11
right_child=1 2 3 5 -6 7 -8 -9 20 11 12 -13 -14 -15 -16 16 -18 -19 -20 -21 21 23 25 -25 -26 26 -28 -29 -30 -31
leaf_value=-0.012100405549150423 0.26199382360558959 0.065833380411971704 0.12686335798352955 0.051446173741267268 0.42391392805359579 0.15344264086173931 0.36738574743270874 -0.011701740262098611 -0.07723036733269692 -0.052464903742074964 0.031312547836984901 0.18044351568588846 0.015140606214227635 0.27983095618811521 0.15466268956661225 0.11498848049623821 0.0042282608841178381 0.057543103496233629 -0.1770548039012485 -0.14727972128561564 -0.043253610878274208 -0.089669948787643367 0.037245568588882914 0.096951799053284868 0.10569700659676032 0.08969535486812287 0.0087926523387432103 0.35018187095137204 -0.0054628018683825549 -0.25289012526090326
leaf_weight=4644 9.9999999999999982 22 16.000000000000004 13.000000000000002 10.999999999999998 23 9.9999999999999982 75 25 20 14.000000000000002 12.999999999999998 331 10.999999999999998 12.999999999999998 26 3228 30 18 13.999999999999998 41 52 226 18 10.999999999999998 47 40 17 39 12.999999999999998
leaf_count=4644 10 22 16 13 11 23 10 75 25 20 14 13 331 11 13 26 3228 30 18 14 41 52 226 18 11 47 40 17 39 13
internal_value=-0.000386916 0.0103859 0.0344113 0.0924802 0.247884 0.0578034 0.188811 0.0270566 0.0182264 0.00555804 -0.00910744 0.00432296 0.0239552 0.140661 -0.0116349 0.00363458 0.00511325 0.108656 -0.0703809 -0.0170439 0.0282574 0.0340919 0.0462657 -0.0216671 -0.0555583 0.0573878 0.101158 0.158887 -0.0631933 -0.13142
internal_weight=9071 4058 679 148 27 121 23 98 531 3379 5013 3339 356 25 4657 3326 3254 40 54 36 477 452 371 81 63 330 104 64 72 33
internal_count=9071 4058 679 148 27 121 23 98 531 3379 5013 3339 356 25 4657 3326 3254 40 54 36 477 452 371 81 63 330 104 64 72 33
is_linear=0
shrinkage=0.05


Tree=66
num_leaves=31
num_cat=0
split_feature=0 6 3 2 3 3 2 1 1 0 8 4 7 7 0 7 9 8 9 8 4 8 4 2 2 0 2 1 4 11
split_gain=307.633 169.92 231.003 330.567 248.683 235.06 216.92 207.862 199.391 189.551 192.117 198.78 173.955 210.237 155.324 151.225 146.139 141.131 144.003 157.756 132.733 217.835 208.797 165.694 190.968 156.232 221.121 179.365 157.937 153.131
threshold=0.40115676072407763 1.0000000180025095e-35 71.067341219216658 0.35160857818118507 74.339795173758532 71.84404712491137 0.50044147015155527 0.22716014871384968 0.21851690837300422 0.44599607851925743 0.54652920962199325 -0.033520910930639115 11.500000000000002 5.5000000000000009 0.40781790893210174 14.500000000000002 0.77693236714975855 0.60777667937673596 0.07133888448321439 0.21998883484181339 0.014490684120496722 0.12358406516482119 0.0025801266921434795 0.76112892896806617 0.74855173151819832 0.45550854587205075 0.30565200289612654 0.091575214316056502 -0.0019024468865165749 67.424632352941188
decision_type=10 2 10 10 10 10 10 10 10 10 2 2 2 2 10 2 2 2 2 2 2 2 2 10 10 10 8 10 2 2
left_child=15 14 6 4 -4 -5 12 8 -8 -7 -11 -12 13 -3 -2 -1 20 18 -17 -20 22 -22 25 24 -23 27 -27 -16 -28 -25
right_child=1 2 3 5 -6 9 7 -9 -10 10 11 -13 -14 -15 16 17 -18 -19 19 -21 21 23 -24 29 -26 26 28 -29 -30 -31
leaf_value=-0.011053142167000565 0.1032229919731617 -0.058543356501146171 0.099745692363516825 0.20415487397800791 0.43595630309798505 0.20048395441128661 0.091030847039577131 0.029133149001373218 0.34266595900058749 -0.05912492632865906 0.20106387171480389 -0.076970604062080394 -0.069190656005385084 0.057572281679690446 0.062756397859079813 0.14744752136369546 0.17142133300121015 -0.12734499911467234 -0.0095683382236925168 0.061907238498526189 0.23045186794434605 0.01682931034665278 -0.069023142906480303 0.17197475749434848 -0.20460293054580692 0.1676539515455564 0.0032759574339679349 -0.050651605626320387 0.11508091387804598 0.0016748435456644406
leaf_weight=4657 40 61 11.000000000000002 22 10.999999999999998 12.999999999999998 37 229 9.9999999999999982 55 18.000000000000004 9.9999999999999982 94 108 41 24 12.999999999999998 14.999999999999998 184 133 12.999999999999998 370 107 33 9.9999999999999982 21 2444 233 32 22
leaf_count=4657 40 61 11 22 11 13 37 229 10 55 18 10 94 108 41 24 13 15 184 133 13 370 107 33 10 21 2444 233 32 22
internal_value=-0.00036757 0.00986658 0.0326908 0.0899142 0.267851 0.0567396 0.0178275 0.0487909 0.14457 0.0229569 -0.00484852 0.101766 -0.0146664 0.0156607 0.00528013 -0.00865207 0.00410681 0.0227575 0.0293602 0.0204198 0.00345285 0.0287694 -0.000488022 0.0227421 0.0110021 0.00215841 0.00609121 -0.0336818 0.00472093 0.103855
internal_weight=9071 4058 679 140 22 118 539 276 47 96 83 28 263 169 3379 5013 3339 356 341 317 3326 448 2878 435 380 2771 2497 274 2476 55
internal_count=9071 4058 679 140 22 118 539 276 47 96 83 28 263 169 3379 5013 3339 356 341 317 3326 448 2878 435 380 2771 2497 274 2476 55
is_linear=0
shrinkage=0.05


Tree=67
num_leaves=31
num_cat=0
split_feature=5 1 11 11 8 2 9 2 17 3 3 4 3 3 8 3 3 3 1 3 10 2 8 2 10 3 10 11 9 1
split_gain=277.224 225.671 266.903 153.335 181.154 150.175 152.908 246.058 141.76 135.467 189.427 205.758 189.526 166.123 176.861 155.257 263.933 300.231 231.665 144.417 145.558 139.305 138.192 163.748 132.665 170.628 164.247 138.464 131.987 128.642
threshold=4.5000000000000009 0.68886306925166152 66.843750000000014 70.968750000000014 0.48186090225563916 0.89684676455767887 0.56838106370543551 0.76112892896806617 0.88908937429345591 74.482088236731556 67.721824196664542 -0.27666608101186035 68.430515063168144 75.92285310786832 0.39214341692789972 67.085345873112786 66.695824436576189 66.425435765553672 0.4141540984988113 68.799758502547277 0.55544117647058833 0.53440990695691315 0.83845809555779349 0.4003505504894832 0.79437500000000016 65.689633114524739 0.77435897435897449 61.705882352941181 0.6048780487804879 0.45468388133505494
decision_type=2 10 2 2 2 10 2 8 10 10 10 2 10 10 2 10 10 10 10 10 2 10 2 8 2 10 2 2 2 10
left_child=1 5 -3 4 -4 6 8 -8 24 10 15 29 -13 21 -15 16 17 22 -17 20 -14 -11 23 -2 26 -26 27 -1 -9 -12
right_child=9 2 3 -5 -6 -7 7 28 -10 13 11 12 19 14 -16 18 -18 -19 -20 -21 -22 -23 -24 -25 25 -27 -28 -29 -30 -31
leaf_value=0.03057389315361014 -0.029864137065974447 -0.047325563164693968 0.36771265268325809 0.011971138045191766 0.12824286770607746 -0.14137851355830208 0.0007618126089134849 0.20862510565604114 0.15387577818972725 0.29313768446445465 -0.24685813529150821 -0.079681383180732451 -0.0096711175008253603 0.21151865896853536 -0.0084442238116429914 0.21932805147435933 -0.097401247386080345 0.19981125813943368 0.0033850562313328622 0.006125217721470305 0.22978913207848867 0.091345748677849781 -0.048513108083548459 0.051898934189029348 -0.19461667693796614 0.0094454623013734834 0.13152877785720526 -0.0065532611817797695 0.016895575019029472 -0.023761195689439775
leaf_weight=260 74 28 10.999999999999998 15.999999999999998 28 20 83 29 13.999999999999998 12.999999999999998 14.000000000000002 62 11.000000000000002 10.999999999999998 54 27 39 27 23 333 14.999999999999998 25 52 355 21 20 22 7359 12.999999999999998 11.999999999999998
leaf_count=260 74 28 11 16 28 20 83 29 14 13 14 62 11 11 54 27 39 27 23 333 15 25 52 355 21 20 22 7359 13 12
internal_value=-0.000349192 -0.00367477 0.0783381 0.142312 0.195786 -0.00454291 -0.00419299 0.050664 -0.00508399 0.0226254 0.0172282 -0.00738533 0.00104491 0.0773316 0.0287803 0.0356574 0.0279484 0.0375716 0.119994 0.0149865 0.128479 0.16038 0.0284646 0.0377953 -0.00537368 -0.0950742 -0.00489237 -0.00528629 0.14928 -0.14389
internal_weight=9071 7924 83 55 39 7841 7821 125 7696 1147 1044 447 421 103 65 597 547 508 50 359 26 38 481 429 7682 41 7641 7619 42 26
internal_count=9071 7924 83 55 39 7841 7821 125 7696 1147 1044 447 421 103 65 597 547 508 50 359 26 38 481 429 7682 41 7641 7619 42 26
is_linear=0
shrinkage=0.05


Tree=68
num_leaves=31
num_cat=0
split_feature=5 1 11 11 4 4 2 9 2 4 1 6 3 4 3 3 3 11 3 9 3 9 3 9 3 3 2 9 3 10
split_gain=250.195 203.668 240.88 138.385 175.949 149.513 135.533 138 222.068 132.679 174.223 153.448 194.512 144.657 144.589 286.763 253.192 270.463 188.473 185.006 181.255 175.636 156.729 239.727 202.456 211.609 164.56 238.806 346.687 142.911
threshold=4.5000000000000009 0.68886306925166152 66.843750000000014 70.968750000000014 0.004771204627454553 -0.10680945388262648 0.89684676455767887 0.56838106370543551 0.76112892896806617 0.08817246063122762 0.71325016402853481 1.0000000180025095e-35 61.212225366164411 0.10537657288678549 72.728443445273797 67.721824196664542 68.430515063168144 70.781250000000014 70.299118947185704 0.38669830287442725 71.001119853854462 0.46503325508607202 67.085345873112786 0.33967680608365025 66.695824436576189 66.425435765553672 0.4003505504894832 0.20064935064935069 60.259574371272421 0.44242387820512824
decision_type=2 10 2 2 2 2 10 2 8 2 10 2 10 2 10 8 8 2 10 2 10 2 10 2 10 10 8 2 10 2
left_child=1 6 -3 4 5 -4 7 -1 -9 10 11 14 -13 -11 15 22 -17 18 19 -18 -19 -21 24 -24 25 26 -2 28 -28 -16
right_child=9 2 3 -5 -6 -7 -8 8 -10 13 -12 12 -14 -15 29 16 17 20 -20 21 -22 -23 23 -25 -26 -27 27 -29 -30 -31
leaf_value=-0.0048297900196520539 -0.043622503131628042 -0.044959284045866563 0.16644364814791415 0.011372577026486398 0.016557161645455797 0.40757428944110857 -0.13430958787910641 0.00072372273306351115 0.14181623891040326 0.2795546865463257 -0.13568199144469367 0.20152754913205687 0.043873973455251632 0.050202519751407881 0.12928118713510534 -0.13473722653579898 0.0058883335727911729 -0.14133601538519461 -0.049128045126174885 0.24209050222447048 0.031339419296100027 0.055904895194659111 0.2693685883984846 0.023959530889987948 -0.09360992435146781 0.18807678055905164 -0.069318849071860297 0.025001925867528915 0.28837372800778777 0.025738540794187734
leaf_weight=7696 70 28 18 15.999999999999998 10.999999999999998 10.000000000000002 20 83 42 9.9999999999999982 18 23 131 22 48 48 104 55 78 19 21 38 17 24 34 21 10.000000000000002 226 21 109
leaf_count=7696 70 28 18 16 11 10 20 83 42 10 18 23 131 22 48 48 104 55 78 19 21 38 17 24 34 21 10 226 21 109
internal_value=-0.000331732 -0.00349103 0.0744212 0.135197 0.185996 0.252562 -0.00431576 -0.00398334 0.0481308 0.0214942 0.0186133 0.021145 0.0674196 0.121875 0.013588 0.00483773 -0.0277637 -0.011463 0.0146632 0.0455683 -0.0936231 0.117967 0.0328149 0.125715 0.022844 0.0342216 0.024341 0.0428525 0.172989 0.0573949
internal_weight=9071 7924 83 55 39 28 7841 7821 125 1147 1115 1097 154 32 943 786 363 315 239 161 76 57 423 41 382 348 327 257 31 157
internal_count=9071 7924 83 55 39 28 7841 7821 125 1147 1115 1097 154 32 943 786 363 315 239 161 76 57 423 41 382 348 327 257 31 157
is_linear=0
shrinkage=0.05


Tree=69
num_leaves=31
num_cat=0
split_feature=5 17 8 5 3 3 3 7 3 7 8 2 2 2 6 7 3 3 3 3 9 7 7 2 8 7 7 8 2 9
split_gain=235.813 216.994 220.255 135.016 115.122 151.726 147.442 202.929 170.318 203.98 143.286 141.68 130.546 317.16 152.407 147.17 135.356 130.27 212.919 251.984 167.967 190.965 180.076 129.033 142.326 124.899 180.835 209.011 208.583 319.89
threshold=1.5000000000000002 0.81538366558120157 0.26743983957219258 4.5000000000000009 74.482088236731556 75.172133924072398 67.721824196664542 11.500000000000002 71.196849915989915 14.500000000000002 0.39214341692789972 0.60460617641543568 0.81265395183633216 0.83349371659106386 1.0000000180025095e-35 7.5000000000000009 68.557766426629783 67.085345873112786 66.695824436576189 66.425435765553672 0.33225311868422891 10.500000000000002 10.500000000000002 0.4003505504894832 0.83845809555779349 13.500000000000002 8.5000000000000018 0.73669904919388185 0.57455544504041711 0.2440442427680091
decision_type=2 10 2 2 10 10 10 2 10 2 2 10 10 10 2 2 10 10 10 10 2 2 2 8 2 2 2 2 8 2
left_child=-1 3 -3 -2 6 11 17 12 -9 -10 -7 -6 14 -14 16 -16 -8 18 19 23 21 -19 -22 -5 25 26 27 28 29 -25
right_child=1 2 -4 4 5 10 7 8 9 -11 -12 -13 13 -15 15 -17 -18 20 -20 -21 22 -23 -24 24 -26 -27 -28 -29 -30 -31
leaf_value=-0.012290046456382344 0.0010701659022935945 0.011173831197348506 0.33539886891841891 -0.036124421535311521 0.32434262305498113 0.1821467781971608 -0.10754680046263863 -0.11175740825825593 0.080428260192275058 -0.15443942019572626 0.0058010524539993356 0.077928470394441063 0.34059146493673326 0.022291202362005911 0.18181740215846473 0.00057071136931578326 0.00013478454202413561 0.34409421732028317 -0.088279711053921628 0.18158266100066681 -0.092591633796691886 0.067492333025886461 0.18132748603820803 0.347678222010533 -0.042439533287987996 0.12573386606844991 -0.024014936155743072 0.15116272393842134 0.0013326703116121725 0.046218931437893351
leaf_weight=2829 5075 11.000000000000002 9.9999999999999982 74 10.000000000000002 13.999999999999998 34 71 32 12.999999999999998 65 13.999999999999998 9.9999999999999982 36 21 24 206 12.000000000000002 39 27 15.000000000000002 12.999999999999998 9.9999999999999982 11.999999999999998 51 44 90 49 127 33
leaf_count=2829 5075 11 10 74 10 14 34 71 32 13 65 14 10 36 21 24 206 12 39 27 15 13 10 12 51 44 90 49 127 33
internal_value=-0.000315146 0.00511212 0.165567 0.00457048 0.0200714 0.0705005 0.0150914 -0.00661599 -0.063524 0.0125776 0.0370522 0.180601 0.0133276 0.0914869 0.00071241 0.0851525 -0.0151201 0.0313719 0.024298 0.0329579 0.108619 0.200261 0.016976 0.0245977 0.0356653 0.046886 0.0357307 0.0600615 0.0341082 0.126608
internal_weight=9071 6242 21 6221 1146 103 1043 447 116 45 79 24 331 46 285 45 240 596 546 507 50 25 25 480 406 355 311 221 172 45
internal_count=9071 6242 21 6221 1146 103 1043 447 116 45 79 24 331 46 285 45 240 596 546 507 50 25 25 480 406 355 311 221 172 45
is_linear=0
shrinkage=0.05


Tree=70
num_leaves=31
num_cat=0
split_feature=0 11 18 2 3 1 1 3 10 7 3 12 1 2 1 7 2 1 4 1 2 10 2 1 2 10 11 1 0 7
split_gain=286.022 349.204 259.28 186.665 175.401 214.43 206.239 286.336 220.533 187.686 224.178 185.829 184.129 221.947 176.785 167.049 193.827 190.447 198.376 177.73 173.26 165.68 214.234 292.78 240.691 288.929 176.825 172.203 159.236 224.436
threshold=0.28209796718356178 75.625000000000014 0.85261131637968146 0.15146255151719895 72.311375147181863 0.18431508829297097 0.19037096596034281 67.293010730036869 0.40867788461538468 14.500000000000002 65.864565936556787 1.0000000180025095e-35 0.054058272425619371 0.24006206052028159 0.71325016402853481 3.5000000000000004 0.63520438050087658 0.55463283482928538 -0.092827929205553592 0.41964498243361076 0.72451642244405867 0.19468750000000004 0.42853613491208903 0.16446293281572807 0.40303166093959869 0.23374125874125876 68.343750000000014 0.33677887040608467 0.83181414365121886 6.5000000000000009
decision_type=8 2 10 8 8 10 10 10 2 2 10 10 8 10 10 2 10 10 2 10 10 2 8 8 10 2 2 10 8 2
left_child=-1 2 3 -2 5 9 7 8 -7 -5 -11 28 13 -6 21 -13 -17 18 19 -18 -20 -14 24 26 25 -23 -24 -27 -8 -30
right_child=1 -3 -4 4 12 6 11 -9 -10 10 -12 15 14 -15 -16 16 17 -19 20 -21 -22 22 23 -25 -26 27 -28 -29 29 -31
leaf_value=-0.013015253240760461 -0.07308562299926076 0.27482552916432418 0.19979412099894356 -0.02450921303354768 0.2194335099309683 0.38706058751453043 0.0036454155756218327 -0.022794020548462871 0.10289394474691815 -0.041734684857985253 0.10161258308633941 -0.15888863073454962 -0.026287926882302956 0.027609514797988694 -0.18329843458804218 -0.074287452108888749 -0.17075077891349794 -0.15970791891217231 0.28832002749045677 0.084352582920756605 0.027065204219384627 0.24685872416285909 -0.030227514241750426 0.021085673655152834 0.2175926947593689 0.045088245320533009 -0.23760649772251355 -0.15227117190758388 0.082950706923940437 0.0064629999385115424
leaf_weight=3352 77 11.999999999999998 17 1066 25 11.000000000000002 2324 24 18 46 67 27 184 38 10.999999999999998 83 10.999999999999998 9.9999999999999982 15.000000000000005 18 10.999999999999998 17 26 980 25 140 17 11.999999999999998 163 233
leaf_count=3352 77 12 17 1066 25 11 2324 24 18 46 67 27 184 38 11 83 11 10 15 18 11 17 26 980 25 140 17 12 163 233
internal_value=-0.00142227 0.00538567 0.00481803 0.00423437 0.00529714 7.89733e-06 0.00721546 0.104957 0.210681 -0.0180141 0.0432588 0.00542607 0.0200963 0.10373 0.0163647 -0.0445161 -0.0236509 0.0410081 0.0775019 -0.0124108 0.177789 0.0179324 0.0246181 0.0154826 0.0727913 0.051371 -0.112215 0.0295072 0.00863926 0.0379466
internal_weight=9060 5708 5696 5679 5602 4127 2948 53 29 1179 113 2895 1475 63 1412 175 148 65 55 29 26 1401 1217 1023 194 169 43 152 2720 396
internal_count=9060 5708 5696 5679 5602 4127 2948 53 29 1179 113 2895 1475 63 1412 175 148 65 55 29 26 1401 1217 1023 194 169 43 152 2720 396
is_linear=0
shrinkage=0.05


Tree=71
num_leaves=31
num_cat=0
split_feature=0 11 2 8 13 0 8 0 4 8 10 2 11 7 8 8 1 1 1 2 17 12 1 7 4 11 11 7 14 0
split_gain=258.135 315.156 171.011 153.358 126.679 296.941 242.913 130.881 130.832 123.466 254.728 122.537 206.336 126.612 119.301 228.071 174.841 171.375 158.225 119.075 118.632 117.795 205.138 199.643 292.551 268.416 270.7 269.634 231.62 222.313
threshold=0.28209796718356178 75.625000000000014 0.15146255151719895 0.77618447027856996 1.0000000180025095e-35 0.63670005995659928 0.70281031942953376 0.54180453938656115 0.074675225232239018 0.76471629054436641 0.83254166666666685 0.55270987985159004 66.406250000000014 4.5000000000000009 0.5492143613123831 0.29573008849557531 0.24554461507060263 0.23649411104701881 0.1802765373140375 0.64422637781372993 0.90459433988517735 1.0000000180025095e-35 0.54548399446358642 8.5000000000000018 -0.057124604415158618 67.781250000000014 70.849264705882362 13.500000000000002 1.0000000180025095e-35 0.66265294577247935
decision_type=8 2 8 2 10 10 2 10 2 2 2 10 2 2 2 2 8 8 10 8 10 10 10 2 2 2 2 2 10 8
left_child=20 2 -2 4 5 7 -7 -4 9 21 -11 14 19 -14 15 17 18 -10 -17 -13 -1 -6 23 24 -23 29 27 -27 -26 -25
right_child=1 -3 3 -5 8 6 -8 -9 11 10 -12 12 13 -15 -16 16 -18 -19 -20 -21 -22 22 -24 25 28 26 -28 -29 -30 -31
leaf_value=-0.012995138175019467 -0.069431340624275917 0.26108424601455532 -0.092085404053796088 0.029571438415816692 0.004638920654419401 0.1597137116640806 -0.14210159391164781 -0.28571373323599497 -0.12121371573044196 -0.15588049182997032 0.072695102562245581 0.1098852865087489 0.26465424316770891 0.095802136417478326 -0.056093406642592228 0.10506146248430014 0.016466547542118602 0.085294098034501081 0.34115103808316322 -0.093450204862488645 0.12793361206849416 -0.12285021504511436 -0.20447070868685843 0.034897531257857654 -0.028709022472612561 0.36440150896708168 -0.0063514354949196182 0.038488197733055458 0.23951237987388266 -0.1732077378602255
leaf_weight=3337 77 11.999999999999998 32 596 4436 20.000000000000004 9.9999999999999982 11.999999999999998 27 34 19 12.000000000000002 17 32 43 20.000000000000004 28 15.999999999999998 10.999999999999998 18 14.999999999999998 75 15.999999999999998 33 30 15 24 11 10.999999999999998 21
leaf_count=3337 77 12 32 596 4436 20 10 12 27 34 19 12 17 32 43 20 28 16 11 18 15 75 16 33 30 15 24 11 11 21
internal_value=-0.00135115 0.00511638 0.00457713 0.0055913 0.00274596 -0.0621897 0.0591086 -0.144893 0.00371691 0.00194684 -0.0739383 0.0410544 0.0911558 0.154383 0.0137577 0.0432048 0.107033 -0.0443736 0.188835 -0.012116 -0.0123645 0.00280769 -0.0316132 -0.0190418 -0.0641414 0.0312617 0.114739 0.226515 0.0432528 -0.0460323
internal_weight=9060 5708 5696 5619 5023 74 30 44 4949 4725 53 224 79 49 145 102 59 43 31 30 3352 4672 236 220 116 104 50 26 41 54
internal_count=9060 5708 5696 5619 5023 74 30 44 4949 4725 53 224 79 49 145 102 59 43 31 30 3352 4672 236 220 116 104 50 26 41 54
is_linear=0
shrinkage=0.05


Tree=72
num_leaves=31
num_cat=0
split_feature=0 18 17 17 8 9 8 10 8 3 1 10 3 7 10 1 7 9 1 9 3 10 3 1 8 8 9 3 8 10
split_gain=233.691 317.843 230.258 195.024 155.66 143.929 123.885 211.719 102.238 115.584 232.649 227.246 191.817 188.837 194.49 239.381 158.336 245.123 295.815 153.384 202.63 201.739 262.575 223.239 176.093 246.595 186.147 172.458 167.147 149.906
threshold=0.18389586066065167 0.84937418575363566 0.81212977750187465 0.77201801455586128 0.77618447027856996 0.19018282988871227 0.76471629054436641 0.83254166666666685 0.093439153439153447 71.993873632763396 0.054058272425619371 0.1874166666666667 75.92285310786832 14.500000000000002 0.22468750000000001 0.20673170336722313 2.5000000000000004 0.37681118881118886 0.68886306925166152 0.11606636415201363 73.098375242887798 0.49992424242424249 75.278024757859697 0.24922038612631106 0.27286670384829897 0.23035787741670097 0.407785336356765 74.000561190870641 0.33567122841316394 0.41944240196078436
decision_type=8 10 10 8 2 2 2 2 2 8 8 2 10 2 2 10 2 2 10 2 10 2 10 10 2 2 2 10 2 2
left_child=-1 2 3 4 6 -3 8 -8 -2 16 -11 -12 13 14 15 -13 17 -10 -19 20 -16 22 24 -24 25 -21 27 28 -26 -15
right_child=1 5 -4 -5 -6 -7 7 -9 9 10 11 12 -14 29 19 -17 -18 18 -20 21 -22 -23 23 -25 26 -27 -28 -29 -30 -31
leaf_value=-0.014611468253276883 -0.052695127807814504 0.065512904524803156 0.2425509235262871 -0.19894236822923025 0.027024342772256661 0.28200244860989704 -0.13135658610005713 0.069060350954532626 -0.046506570417523804 0.092507575536993417 -0.037687080814774593 0.021157314573846214 -0.018738406385657276 -0.19275526299196133 0.02679057313089675 0.19308076819754205 0.0011093880581471243 0.007839022652904799 0.26456103468170533 0.046851190255666281 -0.13345132369328946 0.0023689080531964939 0.061022539756127751 0.34338444753416947 0.13554505299072009 -0.10715915084612081 0.23562188724676769 0.14356464459763274 0.019949234681582023 0.01428387529320187
leaf_weight=2413 87 17.000000000000004 9.9999999999999982 11.999999999999998 603 13.999999999999998 43 19 394 88 223 41 288 17 47 40 3786 82 12.999999999999998 71 34 331 14.000000000000002 13.999999999999998 37 41 14.999999999999998 46 202 18
leaf_count=2413 87 17 10 12 603 14 43 19 394 88 223 41 288 17 47 40 3786 82 13 71 34 331 14 14 37 41 15 46 202 18
internal_value=-0.0012836 0.0035547 0.00280628 0.00244336 0.00280985 0.163282 0.000372636 -0.0699385 0.00110789 0.00190913 0.0135255 0.00882611 0.0170844 0.0277425 0.0320197 0.106058 -0.00234885 -0.0291237 0.0429694 0.0249809 -0.0404715 0.0318572 0.0540405 0.202203 0.0439712 -0.0095276 0.063944 0.0549084 0.0378448 -0.086278
internal_weight=9060 6647 6616 6606 6594 31 5991 62 5929 5842 1567 1479 1256 968 933 81 4275 489 95 852 81 771 440 28 412 112 300 285 239 35
internal_count=9060 6647 6616 6606 6594 31 5991 62 5929 5842 1567 1479 1256 968 933 81 4275 489 95 852 81 771 440 28 412 112 300 285 239 35
is_linear=0
shrinkage=0.05


Tree=73
num_leaves=31
num_cat=0
split_feature=11 8 18 18 16 14 9 11 11 8 2 10 8 8 11 2 2 10 2 8 11 11 7 11 2 11 1 17 8 2
split_gain=228.527 192.283 148.829 186.498 120.203 176.988 150.704 187.677 175.192 152.778 145.399 220.111 225.553 231.967 187.648 243.133 185.338 184.272 213.376 193.126 179.718 168.004 155.483 138.946 192.572 136.597 132.138 127.359 518.938 117.23
threshold=75.625000000000014 0.77618447027856996 0.84937418575363566 0.92272134203168699 0.22951097479399368 1.0000000180025095e-35 0.31805919820157363 69.849264705882362 72.625000000000014 0.1146757241732889 0.44213342350525714 0.23215384615384618 0.19791112724837026 0.16941029945307848 64.343750000000014 0.47000763421814995 0.48977086302116113 0.23374125874125876 0.44519106611098103 0.20325149918480737 66.909926470588246 71.656250000000014 13.500000000000002 65.18014705882355 0.29075065598662581 67.843750000000014 0.15319774109714593 0.82830995438551913 0.26743983957219258 0.5995204851520356
decision_type=2 2 10 10 10 10 2 2 2 2 10 2 2 2 2 10 10 2 10 2 2 2 2 2 10 2 10 10 2 10
left_child=1 2 4 -4 10 6 7 9 -9 -6 27 12 13 14 -12 -16 22 -13 25 -20 -15 -17 -14 -11 -25 -19 -18 -1 -29 -28
right_child=-2 -3 3 -5 5 -7 -8 8 -10 23 11 17 16 20 15 21 26 18 19 -21 -22 -23 -24 24 -26 -27 29 28 -30 -31
leaf_value=-0.0105463813014699 0.16760837865527722 0.025635424310424221 0.15540257755554085 -0.010277646269117084 -0.11591978420813878 -0.045038667635298242 -0.056748877065679576 0.28552925994521688 0.026976283565163614 -0.034643066035849705 0.21573875397443773 -0.16962750810198488 0.19769794854678602 0.011745608936656606 0.24713201001286508 -0.065856252884378241 0.1187835155771329 0.29393200397491442 -0.058664443197331453 0.0025743950650113454 0.24511241364208136 0.10929369248057669 -0.032194326538592576 0.059225366956421312 0.26306819403544068 0.032592242509126665 -0.019873915362570969 -0.050072502735115224 0.38754939436912539 -0.1521932676434517
leaf_weight=5286 20 605 33 35 11.999999999999998 51 22 19.000000000000004 9.9999999999999982 21 13.999999999999998 15.999999999999998 19.000000000000004 10.999999999999998 9.9999999999999982 49 12.999999999999998 10.000000000000002 136 2413 33 19 11.999999999999998 42 15.999999999999998 9.9999999999999982 70 21.000000000000004 9.9999999999999982 22
leaf_count=5286 20 605 33 35 12 51 22 19 10 21 14 16 19 11 10 49 13 10 136 2413 33 19 12 42 16 10 70 21 10 22
internal_value=-0.00121942 -0.00159293 -0.00354588 0.070126 -0.00414462 0.0348569 0.0635518 0.0856069 0.196373 0.0503079 -0.00506551 0.00403176 0.0468158 0.092347 0.0471879 0.0169352 0.00128448 -0.000470076 0.000583454 -0.000692958 0.186771 -0.0169173 0.108707 0.0755576 0.115458 0.163262 -0.0304309 -0.00995377 0.0910959 -0.0515155
internal_weight=9060 9040 8435 68 8367 193 142 120 29 91 8174 2857 272 136 92 78 136 2585 2569 2549 44 68 31 79 58 20 105 5317 31 92
internal_count=9060 9040 8435 68 8367 193 142 120 29 91 8174 2857 272 136 92 78 136 2585 2569 2549 44 68 31 79 58 20 105 5317 31 92
is_linear=0
shrinkage=0.05


Tree=74
num_leaves=31
num_cat=0
split_feature=11 0 18 8 14 8 10 18 11 4 2 18 8 2 3 3 10 2 8 4 4 7 5 8 4 8 0 3 8 0
split_gain=206.246 193.668 273.601 130.727 124.727 110.203 190.822 107.513 216.012 162.145 132.141 118.327 110.467 223.65 115.765 180.328 147.73 191.166 273.42 193.444 414.199 204.96 192.666 167.023 174.015 150.703 228.973 462.804 204.379 276.167
threshold=75.625000000000014 0.18389586066065167 0.84937418575363566 0.77618447027856996 3.5000000000000004 0.76471629054436641 0.83254166666666685 0.54201106134659494 68.968750000000014 -0.093362231049314473 0.33168572928646139 0.3364380091520876 0.093439153439153447 0.45958513164391851 72.311375147181863 76.589144242906329 0.17015625000000004 0.46374534800448847 0.71649772527735667 -0.17306302745464036 -0.18396376902676889 14.500000000000002 1.5000000000000002 0.13026806526806531 -0.024144371547145143 0.49758797118095444 0.48226252514941664 74.106407181894951 0.47126771500679482 0.40435217088136194
decision_type=2 8 10 2 8 2 2 10 2 2 8 10 2 10 8 10 2 8 2 2 2 2 2 2 2 2 10 10 2 8
left_child=1 -1 3 4 5 7 -7 11 -9 10 -10 12 13 -3 -14 16 23 18 25 20 22 -21 -19 -16 -25 26 28 -28 29 -18
right_child=-2 2 -4 -5 -6 6 -8 8 9 -11 -12 -13 14 -15 15 -17 17 19 -20 21 -22 -23 -24 24 -26 -27 27 -29 -30 -31
leaf_value=-0.013662028958572917 0.15922795694321396 -0.11274150779904124 0.15108929353375589 0.024391354441142349 -0.054578263972641775 -0.12541487044322172 0.065547666188917664 0.080385825861276697 0.21736914582550521 -0.077879056520760062 -0.011689608587938197 -0.05100089106370103 -0.0021035503402406712 0.079558008181906892 0.13916809237920322 -0.022806389029969964 0.074604527747044264 0.16946256959012576 0.29993281016747159 0.010053664870360128 0.2758902121512663 -0.17695101872086527 0.00091037697328085257 -0.077100992600123097 0.10684524734814962 -0.01250057144731772 0.053908790385021881 0.48258172035217284 0.27314543232321736 -0.098362058548834827
leaf_weight=2407 20 54 31 603 103 42 19 119 10.000000000000002 52 17 110 4042 21 12.999999999999998 263 113 21 11.999999999999998 632 21 14.999999999999998 88 90 14.999999999999998 61 17.000000000000004 9.9999999999999982 9.9999999999999982 29
leaf_count=2407 20 54 31 603 103 42 19 119 10 52 17 110 4042 21 13 263 113 21 12 632 21 15 88 90 15 61 17 10 10 29
internal_value=-0.00115845 -0.00151328 0.00289529 0.00219943 -3.12257e-05 0.000921682 -0.0659347 0.00162061 0.0378342 -0.0262626 0.073147 0.000348605 0.00137058 -0.0588976 0.00219965 0.0145355 0.0230978 0.0291743 0.0670166 0.0169011 0.0725579 0.00571816 0.0333837 -0.0298917 -0.050823 0.0553708 0.0785002 0.212677 0.0546662 0.0392804
internal_weight=9060 9040 6633 6602 5999 5896 61 5835 198 79 27 5637 5527 75 5452 1410 1147 1029 252 777 130 647 109 118 105 240 179 27 152 142
internal_count=9060 9040 6633 6602 5999 5896 61 5835 198 79 27 5637 5527 75 5452 1410 1147 1029 252 777 130 647 109 118 105 240 179 27 152 142
is_linear=0
shrinkage=0.05


Tree=75
num_leaves=31
num_cat=0
split_feature=5 12 9 4 3 3 10 17 9 10 0 0 6 16 3 8 9 8 0 4 5 0 14 14 4 0 0 9 14 8
split_gain=189.931 167.26 192.818 242.081 210.19 272.883 220.35 160.695 248.568 243.228 156.437 255.083 175.448 210.418 214.072 391.127 239.684 209.076 220.401 170.729 263.087 153.497 141.08 136.958 130.391 144.513 165.663 160.286 234.63 166.78
threshold=1.5000000000000002 1.0000000180025095e-35 0.44208407871198574 -0.15676352601863056 70.691858182179757 67.40752484491415 0.64236363636363647 0.57081267439522831 0.13244153082919918 0.20643750000000002 0.47152859253244267 0.476189767854651 1.0000000180025095e-35 0.5769041961542406 62.315550661800366 0.14771415377510969 0.1732731554160126 0.59679796930316431 0.45915021449726834 -0.14490003256511075 3.5000000000000004 0.099209505895546682 1.5000000000000002 6.5000000000000009 -0.065911285396622207 0.45915021449726834 0.40435217088136194 0.07133888448321439 1.0000000180025095e-35 0.46070050432466547
decision_type=2 10 2 2 10 8 2 10 2 2 10 10 2 10 10 2 2 2 8 2 2 8 10 8 2 10 8 2 10 2
left_child=-1 7 3 -3 5 6 -5 10 9 -9 12 -12 13 14 15 16 -2 18 23 -15 -21 -17 -13 -14 -16 26 -26 -28 29 -29
right_child=1 2 -4 4 -6 -7 -8 8 -10 -11 11 22 17 19 24 21 -18 -19 -20 20 -22 -23 -24 -25 25 -27 27 28 -30 -31
leaf_value=-0.01139980910568137 0.39456668019294727 -0.10722030535606403 -0.1322304135099763 0.0046558457361140721 0.10022226360493475 -0.10783424779807252 0.24515187298371033 0.042665687203407278 0.024096645374747018 0.35483059011972867 0.18706521100941159 0.013854148632856771 0.021344904909354923 -0.01461952650233319 -0.032717855944610151 0.16297144410510858 0.086072589544688952 0.17702481754124166 -0.049915142860422784 0.051784523700674372 0.38287317037582397 0.00073433304814478524 -0.062429944353718916 0.18527744592955481 -0.011691132131420132 -0.12243876916170121 0.22638984018315875 -0.0010538566346262016 -0.1654917175953205 0.13101080341471569
leaf_weight=2843 10.000000000000002 56 42 71 49 54 10.999999999999998 12.000000000000002 79 12.999999999999998 21 2702 639 19 983 14.999999999999998 17 20 117 15.000000000000002 9.9999999999999982 520 62 12.999999999999998 548 25 11.999999999999998 51 12.999999999999998 45
leaf_count=2843 10 56 42 71 49 54 11 12 79 13 21 2702 639 19 983 15 17 20 117 15 10 520 62 13 548 25 12 51 13 45
internal_value=-0.00068707 0.00419062 -0.0333673 -0.016138 0.0114328 -0.0205575 0.0369175 0.00597369 0.067581 0.204991 0.00487976 0.013462 -0.00290067 -0.00992522 -0.0120532 0.0146536 0.20033 0.0174251 0.0132743 0.0983575 0.18422 0.00528304 0.012143 0.0246135 -0.0210032 -0.00441021 4.25726e-07 0.0529506 0.0338564 0.0608515
internal_weight=9087 6244 283 241 185 136 82 5961 104 25 5857 2785 3072 2283 2239 562 27 789 769 44 25 535 2764 652 1677 694 669 121 109 96
internal_count=9087 6244 283 241 185 136 82 5961 104 25 5857 2785 3072 2283 2239 562 27 789 769 44 25 535 2764 652 1677 694 669 121 109 96
is_linear=0
shrinkage=0.05


Tree=76
num_leaves=31
num_cat=0
split_feature=5 10 4 12 1 17 10 3 10 4 4 13 1 1 1 6 3 2 3 4 16 15 1 10 10 7 1 1 8 8
split_gain=171.413 155.983 180.467 150.605 148.343 148.152 182.408 231.488 218.772 151.844 155.218 136.978 222.719 212.488 161.476 124.8 180.432 213.113 168.451 195.295 359.111 209.08 197.976 295.596 237.925 211.272 209.961 223.772 195.793 278.093
threshold=1.5000000000000002 0.90635416666666668 -0.13087209407058129 1.0000000180025095e-35 0.49795363733036163 0.57081267439522831 0.41654761904761911 72.209381493509241 0.30272619047619054 -0.067619577551563517 -0.13784899833066325 2.5000000000000004 0.25179131152253825 0.27901933754539421 0.34428408469896993 1.0000000180025095e-35 59.485418169639615 0.46840135595848204 62.512833826634854 -0.17459665872436383 0.59925034486684681 1.0000000180025095e-35 0.20866289031262297 0.21968750000000004 0.21339285714285719 6.5000000000000009 0.48085553042284052 0.3077463570581111 0.50524819397754106 0.52579921767801929
decision_type=2 2 2 10 10 10 2 10 2 2 2 8 10 10 10 2 8 10 8 2 10 10 10 2 2 2 10 10 2 2
left_child=11 3 -3 5 -5 15 7 8 9 10 -7 12 -1 -14 -15 18 17 -17 -2 -20 21 22 -21 24 25 26 27 -24 -25 -30
right_child=1 2 -4 4 -6 6 -8 -9 -10 -11 -12 -13 13 14 -16 16 -18 -19 19 20 -22 -23 23 28 -26 -27 -28 -29 29 -31
leaf_value=-0.080380234572969916 0.025421516079553397 -0.0066878094484931544 0.20849580496549605 -0.017827723048865981 -0.12290694385958023 -0.030694725683757237 -0.044892610396657678 0.31651760790158406 0.20127497954027995 -0.10650754190153547 0.21436555255204437 -0.0072166675320403471 0.18602739115556083 -0.1285938742570579 0.02142675928246807 -0.12852024363223899 0.023079637950654867 0.052813426483995646 -0.025221782397335014 -0.011103606935428056 0.21337648727931083 -0.028573544150379701 0.072637976209322594 -0.010484061903271702 0.25866669126682812 0.0083948253243065936 -0.0050370688949312485 0.36231789569060013 0.14547024618267365 0.019338570749712153
leaf_weight=168 581 19 20 242 39 13.999999999999998 28 10.999999999999998 21 18 12.000000000000002 2565 14.999999999999998 24 71 43 1137 26 816 1009 20 508 12.000000000000002 633 18 68 13.999999999999998 14.999999999999998 46 874
leaf_count=168 581 19 20 242 39 14 28 11 21 18 12 2565 15 24 71 43 1137 26 816 1009 20 508 12 633 18 68 14 15 46 874
internal_value=-0.000652717 0.00398109 0.103663 0.00335457 -0.0324117 0.00505111 0.0642019 0.104395 0.0684969 0.00512556 0.08241 -0.0108298 -0.044167 0.0111405 -0.0164732 0.00399412 0.0183154 -0.0601916 0.000250854 -0.00337527 0.00216615 0.00084485 0.00640251 0.0169166 0.0902579 0.0624473 0.152095 0.233571 0.010919 0.0256452
internal_weight=9087 6244 39 6205 281 5924 104 76 65 44 26 2843 278 110 95 5820 1206 69 4614 4033 3217 3197 2689 1680 127 109 41 27 1553 920
internal_count=9087 6244 39 6205 281 5924 104 76 65 44 26 2843 278 110 95 5820 1206 69 4614 4033 3217 3197 2689 1680 127 109 41 27 1553 920
is_linear=0
shrinkage=0.05


Tree=77
num_leaves=31
num_cat=0
split_feature=5 10 4 12 9 4 3 3 10 3 11 3 13 1 1 11 1 11 1 1 4 11 7 0 0 14 8 9 5 8
split_gain=154.7 140.774 162.871 135.921 193.335 216.969 188.618 245.445 204.247 265.337 124.924 231.834 123.623 201.003 191.771 172.687 217.682 173.141 120.319 227.038 235.113 284.105 213.71 161.984 211.791 164.237 141.046 191.95 171.907 168.957
threshold=1.5000000000000002 0.90635416666666668 -0.13087209407058129 1.0000000180025095e-35 0.44208407871198574 -0.15676352601863056 70.691858182179757 67.40752484491415 0.49174107142857154 66.000043816704633 68.393382352941188 71.001119853854462 2.5000000000000004 0.25179131152253825 0.27901933754539421 69.406250000000014 0.34650338188074042 71.031250000000014 0.075374693836953235 0.10346254707006666 -0.13321141758611496 70.781250000000014 3.5000000000000004 0.71681656891802248 0.5384644570687277 6.5000000000000009 0.84980935787692868 0.47297077922077929 3.5000000000000004 0.78854723707664898
decision_type=2 2 2 10 2 2 10 8 2 10 2 10 8 10 10 2 10 2 10 10 2 2 2 10 10 10 2 2 2 2
left_child=12 3 -3 18 5 10 7 8 -7 -10 -5 -12 13 -1 -15 -16 -17 -18 23 20 -20 22 -22 24 25 26 27 29 -29 -2
right_child=1 2 -4 4 -6 6 -8 -9 9 -11 11 -13 -14 14 15 16 17 -19 19 -21 21 -23 -24 -25 -26 -27 -28 28 -30 -31
leaf_value=-0.076361222244200444 -0.015192308944651576 -0.0063534231562363472 0.19807101100683214 -0.15796958705543407 -0.13259179944172503 -0.030002512068798143 0.096316983910011394 -0.10087007917011054 0.033575940472276321 0.3321472027085044 0.15468553484163497 -0.17795221596956254 -0.006855834011672896 0.17672602335611981 -0.086708083036873079 -0.16035039484500888 0.26937175664034757 0.03639906883753579 0.12098320824808853 0.005512407056014349 -0.05960895911310659 -0.10300554290816591 0.08516842636412808 0.16491494614344379 -0.10080075799487531 0.12511252605396769 -0.15283030779922713 -0.085927305221557615 0.15071622196472054 0.15987699627876284
leaf_weight=168 883 19 20 35 40 48 49 54 23 10.999999999999998 11.000000000000002 9.9999999999999982 2565 14.999999999999998 45 9.9999999999999982 10.999999999999998 29 86 4599 33 37 112 12.999999999999998 64 23 17 9.9999999999999982 33 13.999999999999998
leaf_count=168 883 19 20 35 40 48 49 54 23 11 11 10 2565 15 45 10 11 29 86 4599 33 37 112 13 64 23 17 10 33 14
internal_value=-0.000620081 0.00378204 0.0984796 0.00318684 -0.0307911 -0.0138947 0.012207 -0.0180973 0.0364115 0.130173 -0.100124 -0.00371339 -0.0102883 -0.0419586 0.0105835 -0.0156495 0.0483032 0.100467 0.00479855 0.00811931 0.0528549 0.0206624 0.0522191 -0.010492 -0.0126762 -0.00692112 -0.0100943 -0.00751295 0.0956828 -0.0124599
internal_weight=9087 6244 39 6205 281 241 185 136 82 34 56 21 2843 278 110 95 50 40 5924 4867 268 182 145 1057 1044 980 957 940 43 897
internal_count=9087 6244 39 6205 281 241 185 136 82 34 56 21 2843 278 110 95 50 40 5924 4867 268 182 145 1057 1044 980 957 940 43 897
is_linear=0
shrinkage=0.05


Tree=78
num_leaves=31
num_cat=0
split_feature=8 11 1 9 7 8 9 9 1 1 9 7 8 4 9 1 9 13 7 8 5 7 9 1 1 8 1 2 1 2
split_gain=140.051 136.681 141.943 124.202 326.392 212.714 122.36 145.976 208.977 246.625 238.473 190.203 425.491 241.563 210.972 214.517 248.672 190.188 170.54 255.607 246.609 323.43 165.535 163.006 248.606 209.365 165.309 163.001 161.392 147.876
threshold=0.48097769901048598 74.500000000000014 0.096773973190867266 0.07133888448321439 14.500000000000002 0.20861785273549982 0.59407852392190519 0.29285682779132566 0.32541493523139381 0.31751082824826399 0.23971830985915496 8.5000000000000018 0.67770469839529868 -0.033520910930639115 0.20949163449163452 0.17439325890708954 0.15296546546546549 2.5000000000000004 11.500000000000002 0.57274255343124381 3.5000000000000004 2.5000000000000004 0.084626402482692778 0.35474083733625245 0.37454200288745049 0.72011904761904766 0.43762491978943668 0.62720923824659036 0.25356380152857888 0.3383919606458583
decision_type=2 2 8 2 2 2 2 2 10 10 2 2 2 2 2 10 2 10 2 2 2 2 2 10 10 2 10 10 10 10
left_child=3 6 -3 4 -1 -6 7 8 9 11 23 22 13 14 15 -13 28 -16 19 -12 -21 -22 -2 27 -25 26 -26 -10 -17 -19
right_child=1 2 -4 -5 5 -7 -8 -9 10 -11 18 12 -14 -15 17 16 -18 29 -20 20 21 -23 -24 24 25 -27 -28 -29 -30 -31
leaf_value=0.0055343260204806779 0.078808132886886595 -0.032336388184474062 0.17135713911056519 -0.0073194700535376273 0.23383204105443189 -0.004866215786231416 0.056785143381797569 -0.0059158776634668595 0.021581020335165357 -0.16899963684380057 0.19360037252568363 -0.013644500908582179 -0.035680468678702969 -0.0041821778069880576 0.22823578151496682 0.34490405406270702 0.0092828636313788595 0.17354409723646114 0.0059517380488277594 -0.08685011176223105 -0.06633772324948084 0.16215359664569468 -0.015582217442139482 -0.21410226752360662 0.025979575814005541 0.11132070380263032 -0.11139881040264921 0.23842088465507214 0.088974359631538394 0.044103116999592698
leaf_weight=303 50 12.999999999999998 25 5306 28 13.999999999999998 116 1656 26 20 57 73 163 99 37 14.000000000000002 25 36 54 22 21 59 654 14.999999999999998 47 32 41 12.999999999999998 10.999999999999998 57
leaf_count=303 50 13 25 5306 28 14 116 1656 26 20 57 73 163 99 37 14 25 36 54 22 21 59 654 15 47 32 41 13 11 57
internal_value=-0.000589077 0.00737139 0.101673 -0.00542931 0.0236408 0.154266 0.00631682 0.00453305 0.0151748 0.0051568 0.0472477 0.00801417 0.0311061 0.0620328 0.087943 0.0410032 0.120789 0.132355 0.0827225 0.108796 0.0614046 0.102175 -0.00887836 0.00382181 -0.0221895 0.00179959 -0.0380263 0.093861 0.232295 0.0942093
internal_weight=9087 3436 38 5651 345 42 3398 3282 1626 1239 387 1219 515 352 253 123 50 130 213 159 102 80 704 174 135 120 88 39 25 93
internal_count=9087 3436 38 5651 345 42 3398 3282 1626 1239 387 1219 515 352 253 123 50 130 213 159 102 80 704 174 135 120 88 39 25 93
is_linear=0
shrinkage=0.05


Tree=79
num_leaves=31
num_cat=0
split_feature=5 12 9 4 10 17 9 10 1 1 9 1 8 10 6 10 1 4 1 2 14 4 4 9 2 2 9 1 4 1
split_gain=135.006 125.449 153.151 193.807 130.565 129.901 208.97 208.909 130.808 321.178 126.136 168.984 151.072 121.471 120.421 165.039 152.081 150.698 192.682 220.154 153.576 132.879 139.072 152.417 153.445 124.572 153.723 119.756 149.475 388.76
threshold=1.5000000000000002 1.0000000180025095e-35 0.44208407871198574 -0.15676352601863056 0.45062500000000005 0.57081267439522831 0.13244153082919918 0.20643750000000002 0.15987603608352335 0.23216457562571977 0.59407852392190519 0.43552525293108202 0.77943615257048104 0.90635416666666668 1.0000000180025095e-35 0.56237132352941188 0.51658800882958722 -0.18868995657977078 0.18181881530977648 0.34517196404876899 6.5000000000000009 -0.13164650954463683 -0.10124199605806712 0.28504486683294633 0.88334125175245326 0.065176202136569952 0.07133888448321439 1.0000000180025095e-35 -0.15395442865757775 0.11191129729465556
decision_type=2 10 2 2 2 10 2 2 10 10 2 10 2 2 2 2 8 2 10 10 8 2 2 2 8 8 2 8 2 10
left_child=-1 5 3 -3 -5 10 7 -7 -8 -10 14 12 -12 -13 25 16 17 18 -16 -20 -19 -18 -23 -24 -25 -2 27 -27 29 -29
right_child=1 2 -4 4 -6 6 8 -9 9 -11 11 13 -14 -15 15 -17 21 20 19 -21 -22 22 23 24 -26 26 -28 28 -30 -31
leaf_value=-0.00959153136629428 -0.0684321324132494 -0.095115041982249501 -0.11708297906886965 -0.033530637397077581 0.05062753687973838 0.036039898792902619 -0.053401261283194314 0.32534491786589992 0.29805699338515601 -0.0040085799709865541 0.23025113684790477 -0.023975573084317151 0.038238642662763597 0.097956775029500329 -0.0031608437825190391 0.12729879373853856 -0.092940886065896067 0.010727187105532665 0.27079984322190287 0.074739845916628841 0.18389676751998754 0.14875425749591417 -0.05373850325321608 -0.054084422998130301 0.20643426959331218 -0.066353717801116763 -0.001640316429790827 0.38259253284583489 0.034171545470502877 0.03404215935928126
leaf_weight=2843 67 56 42 87 98 12.000000000000002 34 12.999999999999998 11.999999999999998 33 21 64 20 30 57 33 56 846 18 70 12.999999999999998 13.999999999999998 76 10.000000000000002 12.999999999999998 21 4271 11.999999999999998 121 24
leaf_count=2843 67 56 42 87 98 12 34 13 12 33 21 64 20 30 57 33 56 846 18 70 13 14 76 10 13 21 4271 12 121 24
internal_value=-0.000559623 0.00355276 -0.0289738 -0.0136187 0.0110504 0.00509697 0.0604877 0.186479 0.0206172 0.0765422 0.00411342 0.0518838 0.136587 0.014939 0.00298637 0.0170226 0.0139202 0.0213066 0.0684553 0.114843 0.0133479 -0.0299613 0.00124986 -0.0196093 0.0931653 -0.000762022 0.00025706 0.0457834 0.0607827 0.150226
internal_weight=9087 6244 283 241 185 5961 104 25 79 45 5857 135 41 94 5722 1206 1173 1004 145 88 859 169 113 99 23 4516 4449 178 157 36
internal_count=9087 6244 283 241 185 5961 104 25 79 45 5857 135 41 94 5722 1206 1173 1004 145 88 859 169 113 99 23 4516 4449 178 157 36
is_linear=0
shrinkage=0.05


Tree=80
num_leaves=31
num_cat=0
split_feature=0 16 9 11 2 8 18 9 0 10 3 10 9 1 8 8 2 9 9 2 2 8 3 9 3 11 0 3 2 0
split_gain=315.395 229.323 115.809 109.615 343.043 242.2 104.423 217.865 317.893 260.538 104.294 102.312 223.433 98.4319 154.77 302.406 163.647 129.706 130.985 192.166 190.766 201.346 195.024 342.758 192.932 184.63 184.09 225.234 245.529 219.201
threshold=0.43937960424452777 0.43601436677685507 0.011126137201868702 74.500000000000014 0.45002265829205862 0.57274255343124381 0.55746752337426364 0.407785336356765 0.40781790893210174 0.4903125000000001 86.177256265367461 0.10076923076923078 0.12534153005464485 0.46463238757093805 0.1849185836133368 0.19791112724837026 0.59326530417970835 0.59635103599462569 0.31805919820157363 0.76714023751677218 0.41223422668282295 0.12358406516482119 64.802424580497203 0.12078438802576735 69.671781796272668 67.21139705882355 0.45915021449726834 65.000422157096381 0.52848006592728802 0.57220570652704106
decision_type=10 10 2 2 10 2 10 2 10 2 10 2 2 10 2 2 8 2 2 10 10 2 10 2 10 2 10 10 10 10
left_child=6 2 -2 10 -5 -6 -1 8 9 11 13 12 -8 17 16 -16 -15 18 20 -20 24 -22 23 25 -4 -23 -24 28 -28 -29
right_child=1 -3 3 4 5 -7 7 -9 -10 -11 -12 -13 -14 14 15 -17 -18 -19 19 -21 21 22 26 -25 -26 -27 27 29 -30 -31
leaf_value=-0.0086316564043514028 0.1344132512807846 0.25104513406753542 -0.041353338276763171 0.31714750938117509 -0.13465664945542813 0.13638121888918037 0.24843608828691333 -0.12446496706941855 0.28743233407537144 0.20151658273841205 -0.14402527321468703 -0.0036654916142827365 -0.044711944919366108 0.096384494155645373 0.30373629469890151 0.026939751668176894 -0.14162192428126361 0.12965467632526445 -0.0035747565195703083 -0.084315461903396588 0.18758407699772053 0.0047555296726170043 0.14750616356082585 0.063302427174661974 0.021806690035653969 -0.21690036522991518 0.038620853965932664 -0.033626427350692073 -0.2723832937081655 0.021741486012744823
leaf_weight=5077 19 9.9999999999999982 285 11.999999999999998 15.999999999999998 17 13.000000000000002 23 11.999999999999998 19 10.999999999999998 197 12.999999999999998 9.9999999999999982 9.9999999999999982 745 26 21 817 81 18 21 23 369 210 17 11.000000000000002 236 14.999999999999998 737
leaf_count=5077 19 10 285 12 16 17 13 23 12 19 11 197 13 10 10 745 26 21 817 81 18 21 23 369 210 17 11 236 15 737
internal_value=0.00078 0.0119273 0.0112857 0.0106548 0.0882165 0.00496892 -0.00700062 0.0228939 0.0362375 0.0237815 0.00970195 0.00863817 0.101862 0.010165 0.0257764 0.0306059 -0.075509 0.00584878 0.00493331 -0.0108576 0.0122352 0.0214008 0.0193076 0.0485778 -0.0145582 -0.0944063 0.00765104 0.00443115 -0.140805 0.00831206
internal_weight=9091 3737 3727 3708 45 33 5354 277 254 242 3663 223 26 3652 791 755 36 2861 2840 898 1942 1447 1429 407 495 38 1022 999 26 973
internal_count=9091 3737 3727 3708 45 33 5354 277 254 242 3663 223 26 3652 791 755 36 2861 2840 898 1942 1447 1429 407 495 38 1022 999 26 973
is_linear=0
shrinkage=0.05


Tree=81
num_leaves=31
num_cat=0
split_feature=2 4 2 4 3 13 2 1 8 8 4 7 3 14 4 9 9 9 1 13 2 4 2 2 9 16 4 3 4 2
split_gain=244.235 153.735 186.69 436.052 169.233 140.305 164.07 188.288 135.667 224.542 198.582 184.578 120.849 344.744 237.026 201.18 192.686 157.002 239.082 148.194 222.868 153.423 149.921 195.258 108.676 102.655 103.547 123.166 112.634 106.738
threshold=0.44213342350525714 0.074675225232239018 0.44519106611098103 -0.027016083154210575 74.000561190870641 2.5000000000000004 0.53440990695691315 0.36414200559275561 0.30407836865253907 0.4596610032851644 0.093681680544295889 4.5000000000000009 62.512833826634854 1.0000000180025095e-35 -0.23396190222235683 0.1082709215239336 0.32240143369175633 0.43768491124260361 0.24554461507060263 2.5000000000000004 0.71242736117267003 -0.0026628223322396507 0.49858725924763664 0.52848006592728802 0.59635103599462569 0.1437139482650609 -0.19869965894591909 73.368852109891023 -0.04742340063813464 0.20638438513316021
decision_type=10 2 10 2 10 10 10 10 2 2 2 2 10 10 2 2 2 2 10 10 10 2 10 10 2 10 2 10 2 8
left_child=25 2 3 -2 5 6 -3 -8 -7 -10 -11 -12 13 14 16 -16 -4 18 -15 20 21 -17 -21 -24 -25 -1 29 28 -28 -27
right_child=1 4 12 -5 -6 8 7 -9 9 10 11 -13 -14 17 15 19 -18 -19 -20 22 -22 -23 23 24 -26 26 27 -29 -30 -31
leaf_value=-0.0069159526549072538 -0.040112041575568053 -0.21729724004864695 0.25510587857829198 0.38056505051526157 0.21360350828617813 -0.038147637685355937 0.18840889215935017 -0.10017626606501068 0.26749560202006251 0.15922090678379452 0.16177071007815275 -0.078773108860156663 0.0038428583165133544 0.31078562262383375 -0.21606744527816774 0.033374596939627403 0.016633472777903082 0.32964768767356878 0.040572585730114956 0.11029534888394335 -0.17515197719136877 -0.17002093060450121 -0.1329570188586201 0.018243558752492142 0.17281670073668165 -0.15282018142087117 0.10556417828131665 -0.07598903166020618 0.0083445071603874769 0.033612225423840916
leaf_weight=5440 14.000000000000002 9.9999999999999982 18 10.999999999999998 15.999999999999998 23 10.000000000000002 12.999999999999998 15.999999999999998 29 10.999999999999998 29 2808 10.999999999999998 9.9999999999999982 59 15.999999999999998 9.9999999999999982 32 47 24 10.999999999999998 21 217 11.999999999999998 14.000000000000002 76 17 49 17
leaf_count=5440 14 10 18 11 16 23 10 13 16 29 11 29 2808 11 10 59 16 10 32 47 24 11 21 217 12 14 76 17 49 17
internal_value=0.000741 0.0111522 0.00886656 0.144986 0.0594999 0.0420129 -0.0482174 0.0252955 0.0695833 0.098734 0.0596009 -0.0126236 0.00783411 0.0308001 0.0161311 0.005384 0.142884 0.151197 0.109697 0.0110477 -0.0436678 0.00141244 0.0283651 0.0129622 0.0263435 -0.00571012 0.0322073 0.0502813 0.0674541 -0.0505831
internal_weight=9091 3478 3321 25 157 141 33 23 108 85 69 40 3296 488 435 401 34 53 43 391 94 70 297 250 229 5613 173 142 125 31
internal_count=9091 3478 3321 25 157 141 33 23 108 85 69 40 3296 488 435 401 34 53 43 391 94 70 297 250 229 5613 173 142 125 31
is_linear=0
shrinkage=0.05


Tree=82
num_leaves=31
num_cat=0
split_feature=0 16 4 2 3 11 4 11 11 1 1 1 12 0 2 4 11 2 11 11 1 8 8 2 0 8 3 3 0 1
split_gain=269.247 206.57 106.406 223.326 205.435 178.327 151.601 224.77 208.508 176.978 174.85 198.022 161.767 160.559 159.947 146.576 153.425 289.353 272.361 201.079 289.882 254.231 142.651 139.346 219.461 141.855 160.277 139.075 138.8 138.555
threshold=0.43937960424452777 0.43601436677685507 -0.11560429619798147 0.9638074473065108 57.022351797862008 74.000000000000014 -0.14391747450641676 61.705882352941181 69.757352941176478 0.4000851969449073 0.10090124899960402 0.057301950835784918 1.0000000180025095e-35 0.80188994751571097 0.6552902182577468 -0.062650104061546377 65.818014705882362 0.37964543859678695 64.343750000000014 67.781250000000014 0.10611644611508038 0.21052003337220057 0.19746095410485351 0.62001998715833506 0.86706210494730918 0.48382082992990877 65.432736462061641 71.623122412075887 0.92571431119192094 0.38648390535182992
decision_type=10 10 2 10 10 2 2 2 2 10 10 10 10 10 10 2 2 8 2 2 10 2 2 10 10 2 10 10 10 10
left_child=-1 2 6 4 -4 15 7 9 12 -2 11 -9 -8 14 -10 -6 17 -17 23 20 -18 -22 -20 25 -25 -19 -27 -13 -23 -7
right_child=1 -3 3 -5 5 29 8 10 13 -11 -12 27 -14 -15 -16 16 19 18 22 -21 21 28 -24 24 -26 26 -28 -29 -30 -31
leaf_value=-0.0064849390661025439 -0.011144939661025999 0.23794881252571942 -0.094001242059662385 0.21861169437567393 -0.014834130093508147 0.030668997019529343 0.08163949382811668 -0.018397634800661495 -0.023327369185594415 -0.26319775844995796 0.0099430749729996146 0.19622374595822514 -0.0541883879651626 0.099672189496812377 -0.23318789790977135 -0.19125667945905167 0.23015721650286156 -0.098740777031828972 -0.22820849597454071 0.0072107388459793911 0.26772412608067192 0.026371943035518861 -0.034071784416763957 0.1598273916291478 -0.046104511639310258 0.15675448037329176 -0.013108994323396829 -0.013932705540210009 0.21593705309554934 0.22404473016504201
leaf_weight=5354 15.000000000000002 9.9999999999999982 54 11.999999999999998 758 22 253 27 52 12.999999999999998 1029 37 24 21 10.999999999999998 22 22 24 9.9999999999999982 690 11.999999999999998 281 176 46 18 21 41 9.9999999999999982 9.9999999999999982 15.999999999999998
leaf_count=5354 15 10 54 12 758 22 253 27 52 13 1029 37 24 21 11 22 22 24 10 690 12 281 176 46 18 21 41 10 10 16
internal_value=0.00070395 0.0110035 0.0103945 0.00349185 0.00233061 0.00472892 0.0207347 0.0117302 0.0489454 -0.128169 0.0152816 0.0895164 0.069871 -0.0200592 -0.0599697 0.00281445 0.0125578 -0.0155854 -0.00408317 0.0224842 0.0549109 0.0421867 -0.0445092 0.0460452 0.101909 0.00447205 0.0444254 0.15151 0.0328862 0.11209
internal_weight=9091 3737 3727 2235 2223 2169 1492 1131 361 28 1103 74 277 84 63 2131 1373 358 336 1015 325 303 186 150 64 86 62 47 291 38
internal_count=9091 3737 3727 2235 2223 2169 1492 1131 361 28 1103 74 277 84 63 2131 1373 358 336 1015 325 303 186 150 64 86 62 47 291 38
is_linear=0
shrinkage=0.05


Tree=83
num_leaves=31
num_cat=0
split_feature=0 16 9 4 2 3 11 4 9 1 3 1 8 2 11 11 4 11 11 1 12 0 2 1 9 1 11 3 9 11
split_gain=242.995 186.429 100.732 99.0796 203.003 182.444 163.316 144.988 219.343 335.537 188.511 248.031 217.118 216.191 184.001 141.915 141.406 201.051 188.179 159.723 145.995 144.904 144.352 138.166 185.487 164.131 139.944 211.087 210.32 202.992
threshold=0.43937960424452777 0.43601436677685507 0.011126137201868702 -0.11560429619798147 0.9638074473065108 57.022351797862008 74.000000000000014 -0.099226703847907036 0.22276159654800434 0.20673170336722313 72.311375147181863 0.4569243558979918 0.78432841274481158 0.7580461523393619 68.531250000000014 73.786764705882362 -0.14391747450641676 61.705882352941181 69.757352941176478 0.4000851969449073 1.0000000180025095e-35 0.80188994751571097 0.6552902182577468 0.10090124899960402 0.065805753170429956 0.057301950835784918 65.906250000000014 62.903118738213735 0.30862042021652097 68.393382352941188
decision_type=10 10 2 2 10 10 2 2 2 10 10 10 2 10 2 2 2 2 2 10 10 10 10 10 2 10 2 10 2 2
left_child=-1 2 -2 16 5 -5 7 8 -7 -10 11 12 -11 -13 -12 -9 17 19 20 -4 -18 22 -20 25 -25 -19 27 28 -26 -28
right_child=1 -3 3 4 -6 6 -8 15 9 10 14 13 -14 -15 -16 -17 18 23 21 -21 -22 -23 -24 24 26 -27 29 -29 -30 -31
leaf_value=-0.0061606919439931339 0.12470789841915433 0.226051362529397 -0.01058769086996714 -0.089301179459801427 0.20768110913534962 -0.10006685154512525 0.10648584079585577 0.0075108106318251405 0.24442388071463658 -0.066483115506146037 -0.042014912854541425 0.19196884259581562 -0.30910959243774416 -0.082539688165371244 0.2410960721472899 -0.15227132397038598 0.077557518843859585 -0.017477751330093102 -0.022161000221967698 -0.25003787926398219 -0.051478969864547253 0.094688579865864347 -0.22152849896387622 -0.15971878124400973 0.20444494660411561 0.13782010906092498 -0.027127373417343059 0.019099091814901187 0.014563804961740971 0.025332173315898689
leaf_weight=5354 19 9.9999999999999982 15.000000000000002 54 11.999999999999998 84 38 1883 12.999999999999998 57 11.000000000000002 16.000000000000004 10.999999999999998 12.999999999999998 11.999999999999998 13.999999999999998 253 27 52 12.999999999999998 24 21 10.999999999999998 15.999999999999998 35 46 349 212 25 391
leaf_count=5354 19 10 15 54 12 84 38 1883 13 57 11 16 11 13 12 14 253 27 52 13 24 21 11 16 35 46 349 212 25 391
internal_value=0.000668752 0.0104533 0.00987482 0.00928641 0.00258749 0.00147184 0.0037496 0.00190288 -0.0368128 0.00313716 -0.0230022 -0.0535181 -0.105732 0.0689133 0.105695 0.00633161 0.0192584 0.0105484 0.0464981 -0.121761 0.0663775 -0.0190563 -0.0569712 0.0139132 0.00919319 0.0803812 0.0118637 0.0425319 0.125328 0.000591117
internal_weight=9091 3737 3727 3708 2218 2206 2152 2114 217 133 120 97 68 29 23 1897 1490 1129 361 28 277 84 63 1101 1028 73 1012 272 60 740
internal_count=9091 3737 3727 3708 2218 2206 2152 2114 217 133 120 97 68 29 23 1897 1490 1129 361 28 277 84 63 1101 1028 73 1012 272 60 740
is_linear=0
shrinkage=0.05


Tree=84
num_leaves=31
num_cat=0
split_feature=1 7 1 10 4 8 3 5 1 4 10 3 3 7 8 8 9 1 3 3 10 1 7 7 1 4 1 1 16 13
split_gain=122.583 221.309 222.724 158.266 248.047 160.363 204.981 165.625 255.142 257.021 198.11 251.36 183.53 155.356 163.268 154.617 152.801 219.296 230.699 135.938 130.953 145.131 129.568 122.499 117.404 112.883 200.678 135.653 110.777 110.618
threshold=0.41236278515264713 14.500000000000002 0.63455035802830106 0.73968750000000016 -0.25163586254700759 0.77258468481872755 61.336438140082009 3.5000000000000004 0.29442146632711691 0.028026652695896815 0.70839285714285727 67.949966379105504 66.204966809845303 2.5000000000000004 0.83145535460657138 0.84980935787692868 0.54922593130140307 0.23064801738271132 65.471691880933164 65.576551996103703 0.74679166666666674 0.3846215315555841 5.5000000000000009 15.500000000000002 0.35842619664543734 -0.065236099004117171 0.11913278955830169 0.3044539287896213 0.1437139482650609 2.5000000000000004
decision_type=10 2 10 2 2 2 8 2 10 2 2 10 8 2 2 2 2 8 8 10 2 10 2 2 10 2 10 10 10 10
left_child=3 -2 23 5 -5 16 29 12 9 13 11 24 -8 14 -9 -14 28 -18 -19 25 -21 -22 -15 -3 -10 26 -6 -28 -1 -7
right_child=1 2 -4 4 19 6 7 8 10 -11 -12 -13 15 22 -16 -17 17 18 -20 20 21 -23 -24 -25 -26 -27 27 -29 -30 -31
leaf_value=-0.004582812711581322 0.015706134195685461 -0.053377480967406271 -0.28102070510387422 -0.24331827431917194 0.083660302843366355 0.060219726016124075 0.11902695693648779 0.27114128330722453 -0.3081726149966319 0.33255741983652115 0.16390800356864932 0.029020724952220918 -0.034293208590575629 -0.086234944039269512 0.045262312470003965 -0.22616186797618867 -0.1119909969659952 0.30028940164125884 0.05856162444120501 -0.094051449474963286 0.079966095482761221 -0.11898415291851216 0.066734786769923046 0.11626506683727106 -0.082026957517320476 -0.15944391183688172 -0.25762626691298046 -0.034756502509117125 0.03607844912750257 0.24921839330345394
leaf_weight=6409 1882 94 9.9999999999999982 14.999999999999998 21 15.000000000000002 12.999999999999998 15.999999999999998 12.000000000000002 9.9999999999999982 9.9999999999999982 25 35 19 15.999999999999998 14.999999999999998 12.999999999999998 12.999999999999998 41 22 55 10.999999999999998 51 11.999999999999998 10.999999999999998 28 11.000000000000002 18 172 15.999999999999998
leaf_count=6409 1882 94 10 15 21 15 13 16 12 10 10 25 35 19 16 15 13 13 41 22 55 11 51 12 11 28 11 18 172 16
internal_value=0.000635315 0.0115748 -0.0554527 -0.00244619 -0.0486004 -0.00123758 0.03698 0.0209096 0.0465722 0.0906522 -0.0385478 -0.080726 -0.0483387 0.066936 0.158202 -0.0918538 -0.00275524 0.0723717 0.116755 -0.0310054 0.0115929 0.0468077 0.0252144 -0.0341727 -0.200016 -0.079065 -0.0340528 -0.119293 -0.0035201 0.157767
internal_weight=9091 1998 116 7093 181 6912 264 233 170 112 58 48 63 102 32 50 6648 67 54 166 88 66 70 106 23 78 50 29 6581 31
internal_count=9091 1998 116 7093 181 6912 264 233 170 112 58 48 63 102 32 50 6648 67 54 166 88 66 70 106 23 78 50 29 6581 31
is_linear=0
shrinkage=0.05


Tree=85
num_leaves=31
num_cat=0
split_feature=0 0 1 3 9 3 11 17 3 10 9 0 3 0 2 16 14 11 3 2 2 1 0 11 2 0 11 8 10 9
split_gain=129.889 212.682 208.816 171.4 146.882 161.111 158.471 140.538 187.796 190.548 207.635 200.313 193.563 129.003 127.394 126.911 136.423 122.899 122.436 119.558 159.507 114.494 141.421 135.861 129.216 111.175 124.62 197.326 146.924 109.823
threshold=0.8804468960219477 0.86706210494730918 0.44725061158263441 69.803678784943301 0.47992773986350873 66.000043816704633 66.156250000000014 0.24833408113767286 63.433194852202206 0.17612500000000003 0.25402722277722284 0.1334003696302388 65.864565936556787 0.46552513438566417 0.027070465687307147 0.22951097479399368 1.0000000180025095e-35 67.343750000000014 75.073735930203384 0.41549273528377734 0.28822693176896469 0.41964498243361076 0.90035992493700945 68.343750000000014 0.74855173151819832 0.18389586066065167 65.18014705882355 0.54063470048213469 0.35083916083916089 0.16304588622835239
decision_type=10 10 10 10 2 10 2 10 10 2 2 10 10 8 8 10 10 2 10 8 10 10 10 2 10 10 2 2 2 2
left_child=1 4 3 21 7 6 13 14 -9 -10 11 -11 -13 -6 29 -16 25 -3 -4 20 -12 22 23 -2 -24 -17 -27 28 -28 -1
right_child=2 17 18 -5 5 -7 -8 8 9 10 19 12 -14 -15 15 16 -18 -19 -20 -21 -22 -23 24 -25 -26 26 27 -29 -30 -31
leaf_value=-0.11418869554375609 0.22156825621922804 -0.19708290327162969 0.010053742529144365 0.19482400351100498 -0.10181475987968346 0.0031580234662893928 0.08302008144670299 -0.051975689139217143 -0.0190837427634367 0.289442343544215 -0.08337066713720559 0.23636403460251657 0.054622714189463295 0.047028418932412122 -0.0036858437708662257 0.0055491782076980758 -0.02573478560764016 -0.03445436478807376 -0.14105957706769309 -0.12452372397695269 0.15778003560262732 0.19496667788674435 0.03637707427595601 0.00072765762989337633 -0.13330328148954057 -0.03857143452534309 0.12072565212499264 -0.074272947758436209 0.30721539642129625 -0.0041657961385194653
leaf_weight=48 15.000000000000002 21 126 27 24 363 162 50 59 15.999999999999998 12.000000000000002 19 64 37 7607 46 57 26 14.999999999999998 13.999999999999998 15.999999999999998 11.999999999999998 33 12.999999999999998 17 12.999999999999998 43 9.9999999999999982 13.999999999999998 43
leaf_count=48 15 21 126 27 24 363 162 50 59 16 12 19 64 37 7607 46 57 26 15 14 16 12 33 13 17 13 43 10 14 43
internal_value=-1.24786e-05 -0.00104183 0.0349535 0.0843344 -0.000469889 0.0237067 0.0571558 -0.00221229 0.0346953 0.056363 0.087933 0.127453 0.0962261 -0.0115328 -0.00338307 -0.00269599 0.0384505 -0.107118 -0.00602214 -0.00522142 0.0544297 0.0511875 0.0290676 0.119035 -0.0213142 0.0674867 0.103101 0.130589 0.16653 -0.0621999
internal_weight=9022 8764 258 117 8717 586 223 8131 250 200 141 99 83 61 7881 7790 183 47 141 42 28 90 78 28 50 126 80 67 57 91
internal_count=9022 8764 258 117 8717 586 223 8131 250 200 141 99 83 61 7881 7790 183 47 141 42 28 90 78 28 50 126 80 67 57 91
is_linear=0
shrinkage=0.05


Tree=86
num_leaves=31
num_cat=0
split_feature=17 0 0 1 3 9 3 3 4 0 9 1 0 0 1 1 1 9 4 8 4 0 4 1 3 14 16 18 0 3
split_gain=117.849 118.99 190.968 188.457 154.688 135.574 145.403 110.498 109.83 137.476 153.902 109.087 128.743 173.999 190.811 160.281 158.79 150.329 140.018 155.225 103.548 183.225 113.41 100.33 93.7843 91.9899 186.631 138.678 157.247 135.843
threshold=0.88908937429345591 0.8804468960219477 0.86706210494730918 0.44725061158263441 69.803678784943301 0.47992773986350873 66.000043816704633 75.073735930203384 -0.33538873024915844 0.50778694349450237 0.21813346228239847 0.22716014871384968 0.67357188223070075 0.52678916836701228 0.3529273168448111 0.42607939467767436 0.60628175055920486 0.55409356725146208 -0.022899403218636885 0.75517193038671826 -0.034375632567199603 0.91672515567073398 -0.12993030183664464 0.34086546230649262 73.270382134954829 1.0000000180025095e-35 0.5769041961542406 0.55440581997992366 0.21246586127007855 71.993873632763396
decision_type=10 10 10 10 10 2 10 10 2 8 2 8 10 8 10 10 10 2 2 2 2 10 2 10 10 8 10 10 10 8
left_child=1 2 5 4 20 8 -7 -5 9 10 -1 -8 13 14 17 -14 18 -13 19 -17 21 22 -3 -23 -6 26 27 29 -29 -10
right_child=-2 3 -4 7 24 6 11 -9 25 -11 -12 12 15 -15 -16 16 -18 -19 -20 -21 -22 23 -24 -25 -26 -27 -28 28 -30 -31
leaf_value=-0.12809780616509289 0.13151051945546097 0.08723334968090056 -0.10176227038845104 0.0095510556140825861 0.29747002070600326 0.054298040307557111 -0.086699750971409584 -0.13400659561157227 -0.0058568999489815327 -0.14050439037382603 0.045441414683293074 0.26488784118132153 -0.12959233251730762 0.089814024258937156 -0.026099588828427452 -0.12319600794996535 -0.10107377376407385 0.0034851962869817559 0.21280885841909122 0.081966141238808632 -0.031177965391959463 -0.091410677681366612 0.28605461487403283 0.083679288294580254 0.10781659046187997 -0.0097839979847506135 0.078605367668952125 -0.030858858930421812 0.072625949008404522 0.011838810692754718
leaf_weight=19 17 16.000000000000004 47 126 11.000000000000002 223 31 14.999999999999998 3767 32 39 11.000000000000002 31 84 119 13.999999999999998 24 10.999999999999998 10.999999999999998 27 28 14.999999999999998 12.999999999999998 18 15.999999999999998 2474 78 51 131 1523
leaf_count=19 17 16 47 126 11 223 31 15 3767 32 39 11 31 84 119 14 24 11 11 27 28 15 13 18 16 2474 78 51 131 1523
internal_value=-1.18549e-05 -0.000260148 -0.00124725 0.0332058 0.0801176 -0.000704242 0.0225213 -0.00572103 -0.00238161 -0.0573087 -0.0114076 0.00300012 0.0113757 0.0328472 -0.00109041 -0.0337747 0.0053088 0.134187 0.0544084 0.0119108 0.0486281 0.0846695 0.17636 0.00409294 0.185083 -0.00176553 0.00180883 0.000714138 0.0436275 -0.000762275
internal_weight=9022 9005 8747 258 117 8700 586 141 8114 90 58 363 332 225 141 107 76 22 52 41 90 62 29 33 27 8024 5550 5472 182 5290
internal_count=9022 9005 8747 258 117 8700 586 141 8114 90 58 363 332 225 141 107 76 22 52 41 90 62 29 33 27 8024 5550 5472 182 5290
is_linear=0
shrinkage=0.05


Tree=87
num_leaves=31
num_cat=0
split_feature=17 0 0 1 3 9 3 7 2 4 0 4 2 9 3 4 0 9 0 1 0 0 1 7 1 1 9 4 7 10
split_gain=106.359 107.389 172.348 170.082 139.606 122.355 131.226 112.935 123.731 102.828 117.869 110.028 106.221 100.039 99.7247 99.1213 124.072 139.171 103.981 98.4512 116.19 157.034 172.206 152.494 144.654 143.308 135.672 126.367 115.486 113.642
threshold=0.88908937429345591 0.8804468960219477 0.86706210494730918 0.44725061158263441 69.803678784943301 0.47992773986350873 66.000043816704633 2.5000000000000004 0.64422637781372993 -0.034375632567199603 0.91672515567073398 -0.12993030183664464 0.74855173151819832 0.24885321100917435 75.073735930203384 -0.33538873024915844 0.50778694349450237 0.22485955056179777 0.16683005019974489 0.22716014871384968 0.67357188223070075 0.52678916836701228 0.3529273168448111 6.5000000000000009 0.42607939467767436 0.60628175055920486 0.55409356725146208 -0.022899403218636885 9.5000000000000018 0.73083333333333345
decision_type=10 10 10 10 10 2 10 2 10 2 10 2 10 2 10 2 8 2 10 8 10 8 10 2 10 10 2 2 2 2
left_child=1 2 5 4 7 15 -7 -3 -9 10 11 -10 -12 -11 -5 16 17 -1 -19 -8 21 22 26 -24 -22 27 -21 -26 29 -23
right_child=-2 3 -4 14 -6 6 19 8 9 13 12 -13 -14 -15 -16 -17 -18 18 -20 20 24 28 23 -25 25 -27 -28 -29 -30 -31
leaf_value=-0.11364383424321811 0.12493499491144629 -0.11222254365682603 -0.096674157805899358 0.0090735024314314607 0.1758286643911291 0.051583137497673397 -0.082364762598468422 -0.08973791951482947 0.10249423036972682 0.11300289273262021 0.14960708434765152 0.31660883426666253 -0.061504598368297927 -0.10550577247684652 -0.12730626900990805 -0.0016772550762865922 -0.13347916947677732 -0.021699510514736176 0.14902325530846913 0.2516434504227204 -0.1231127173189194 0.084320451916594596 0.050453447117361917 -0.067369166737128255 0.011315232987810927 -0.096020083129405978 0.0033109341155398981 0.20216841819611464 0.014228208494537018 0.24881228754917781
leaf_weight=21 17 9.9999999999999982 47 126 27 223 31 10.999999999999998 11.999999999999998 10.000000000000002 13.000000000000002 12.000000000000002 10.999999999999998 10.999999999999998 14.999999999999998 8024 32 22 14.999999999999998 11.000000000000002 31 35 43 76 41 24 10.999999999999998 10.999999999999998 34 14.999999999999998
leaf_count=21 17 10 47 126 27 223 31 11 12 10 13 12 11 11 15 8024 32 22 15 11 31 35 43 76 41 24 11 11 34 15
internal_value=-1.12619e-05 -0.00024714 -0.00118489 0.0315455 0.0761118 -0.00066903 0.0213953 0.0461967 0.0659991 0.0908267 0.1312 0.209552 0.0528476 -0.00145403 -0.00543498 -0.00226253 -0.0544433 -0.0108373 0.0475124 0.00285012 0.0108069 0.0312049 -0.00103589 -0.0247946 -0.032086 0.00504336 0.127477 0.051688 0.0853233 0.133668
internal_weight=9022 9005 8747 258 117 8700 586 90 80 69 48 24 24 21 141 8114 90 58 37 363 332 225 141 119 107 76 22 52 84 50
internal_count=9022 9005 8747 258 117 8700 586 90 80 69 48 24 24 21 141 8114 90 58 37 363 332 225 141 119 107 76 22 52 84 50
is_linear=0
shrinkage=0.05


Tree=88
num_leaves=31
num_cat=0
split_feature=17 0 0 1 2 11 9 3 11 0 2 1 8 3 1 1 3 0 11 2 9 2 1 8 2 9 3 4 0 9
split_gain=95.9891 96.9181 155.544 153.499 131.923 110.916 110.426 118.432 143.02 116.426 108.092 116.082 125.546 110.467 100.884 261.56 108.793 107.955 99.8303 208.889 148.856 118.816 110.547 178.921 122.752 102.448 134.969 93.6626 144.134 113.753
threshold=0.88908937429345591 0.8804468960219477 0.86706210494730918 0.44725061158263441 0.8229229196755542 67.343750000000014 0.47992773986350873 66.000043816704633 66.156250000000014 0.46552513438566417 0.77153664294901558 0.40864201767651664 0.81080685912132144 64.243625933422223 0.3846215315555841 0.3077463570581111 63.591890370605064 0.75844096342545819 61.500000000000007 0.59042736454318567 0.31622807017543864 0.67008831593866347 0.29272066101143884 0.39214341692789972 0.15659784354402992 0.16431413414172039 68.391800546360614 -0.14178990443863479 0.4629097431721913 0.23639858072146661
decision_type=10 10 10 10 8 2 2 10 2 8 10 10 2 10 8 10 8 10 2 10 2 10 10 2 8 2 8 2 8 2
left_child=1 2 6 4 10 -4 18 8 9 -8 11 12 13 -3 15 -10 17 -16 19 22 21 -21 24 -24 -1 26 -26 -27 -29 -30
right_child=-2 3 5 -5 -6 -7 7 -9 14 -11 -12 -13 -14 -15 16 -17 -18 -19 -20 20 -22 -23 23 -25 25 27 -28 28 29 -31
leaf_value=-0.066195598083802251 0.11868824521627497 0.09347421949108442 -0.17730693746180762 -0.0051632345581414003 0.19682051431801584 -0.022809826912215125 -0.10201807958073915 0.0027076100616522788 -0.0014898257596152166 0.039382938461730611 -0.10619642227888107 0.1940118498603503 0.13264731490612031 -0.062254202221670468 0.15710960202724547 0.29444230562075974 0.017584830161797096 0.001667300332337618 -0.0031009076169700965 0.29283264080683385 -0.020128685100512071 0.086308945027681494 -0.0032320504005138688 -0.2064300535963132 0.27246861796205235 -0.07503424824525913 0.023750030398368836 -0.0013188046487894926 0.045593499595468691 0.26819518866638337
leaf_weight=22 17 18 21 141 18 26 24 363 14.000000000000002 37 9.9999999999999982 14.999999999999998 25 31 37 15.999999999999998 79 15.999999999999998 7882 15.000000000000002 10.999999999999998 12.999999999999998 65 12.999999999999998 12.000000000000002 14.999999999999998 9.9999999999999982 33 11 12
leaf_count=22 17 18 21 141 18 26 24 363 14 37 10 15 25 31 37 16 79 16 7882 15 11 13 65 13 12 15 10 33 11 12
internal_value=-1.06989e-05 -0.000234784 -0.00112565 0.0299682 0.0723062 -0.0918405 -0.000635578 0.0203255 0.049004 -0.0162502 0.0496672 0.06718 0.0414708 -0.00504784 0.073575 0.156341 0.0547646 0.110184 -0.00214941 0.030177 0.13572 0.196947 0.00884965 -0.0370984 0.0400144 0.0651394 0.159415 0.0359273 0.0656491 0.161734
internal_weight=9022 9005 8747 258 117 47 8700 586 223 61 99 89 74 49 162 30 132 53 8114 232 39 28 193 78 115 93 22 71 56 23
internal_count=9022 9005 8747 258 117 47 8700 586 223 61 99 89 74 49 162 30 132 53 8114 232 39 28 193 78 115 93 22 71 56 23
is_linear=0
shrinkage=0.05


Tree=89
num_leaves=31
num_cat=0
split_feature=2 16 2 8 0 4 10 3 4 8 2 4 10 0 8 2 0 4 2 9 18 3 0 7 8 9 8 0 8 0
split_gain=91.8412 110.308 121.889 159.349 114.888 216.844 155.911 166.003 151.734 152.783 163.72 138.921 215.931 257.737 166.229 138.986 163.764 134.117 178.336 285.728 137.244 142.17 188.888 168.018 130.006 182.389 129.325 111.647 104.458 154.189
threshold=0.065176202136569952 0.2604993732355364 0.086513408452183985 0.3900284900284901 0.53025562201484056 -0.21767827527437633 0.73968750000000016 67.554642801168242 -0.20039317984665253 0.30407836865253907 0.50574904656536035 -0.25540626016614748 0.65133333333333343 0.80740962777123504 0.24930555555555559 0.55063375365253242 0.90035992493700945 -0.1875576843217549 0.68162227825493138 0.18218722327640738 0.65846934361507226 57.022351797862008 0.78069977367801913 1.5000000000000002 0.47846692767360405 0.28504486683294633 0.19746095410485351 0.70573444834369325 0.60777667937673596 0.37340315191251222
decision_type=8 10 8 2 8 2 2 8 2 2 10 2 2 8 2 8 8 2 10 2 8 8 8 2 2 2 2 10 2 10
left_child=-1 2 3 -2 -4 6 11 -8 9 -7 -11 12 15 -14 26 -6 -17 18 19 -10 21 22 27 -24 25 -16 -13 -19 29 -3
right_child=1 28 4 -5 5 8 7 -9 17 10 -12 14 13 -15 24 16 -18 20 -20 -21 -22 -23 23 -25 -26 -27 -28 -29 -30 -31
leaf_value=-0.032452410761214481 0.028433333431991437 0.028233388610129813 -0.0054310999386642704 0.21576921577964511 0.086408074796199802 0.21781014800071719 0.0022255389818123411 -0.22004838749056771 -0.16468282973482495 -0.072871540165082974 0.084930411792145333 -0.066426133567636644 0.20989812272787095 -0.072004187107086184 -0.045434743809429086 -0.077392248706892139 0.08257046885788441 -0.052656216387237824 -0.16446240463852882 0.054455400039167969 -0.13571488484740257 0.01266098110495379 -0.039394479990005483 -0.29360368842115769 -0.064248192129950782 0.18067177442212901 -0.3148679029941559 0.14397983781316065 -0.11669744193553924 0.15896395567666602
leaf_weight=213 60 137 5025 13.999999999999998 25 14.999999999999998 13.999999999999998 21 21 22 65 11.000000000000002 25 11.999999999999998 22 80 20 21 25 51 15.999999999999998 2913 13.000000000000002 12.999999999999998 95 14.999999999999998 9.9999999999999982 10.999999999999998 9.9999999999999982 27
leaf_count=213 60 137 5025 14 25 15 14 21 21 22 65 11 25 12 22 80 20 21 25 51 16 2913 13 13 95 15 10 11 10 27
internal_value=-1.0164e-05 0.000774284 -1.9961e-05 0.0638753 -0.000572262 0.00633262 -0.0310247 -0.131139 0.0104365 0.0704358 0.0450265 -0.0199009 0.0123681 0.11847 -0.0540682 -0.0190381 -0.0453997 0.00845212 -0.049409 -0.00945992 0.0103311 0.0111176 -0.0663962 -0.166499 -0.0332808 0.0462301 -0.184732 0.0149374 0.0401898 0.0497561
internal_weight=9022 8809 8635 74 8561 3536 350 35 3186 102 87 315 162 37 153 125 100 3084 97 72 2987 2971 58 26 132 37 21 32 174 164
internal_count=9022 8809 8635 74 8561 3536 350 35 3186 102 87 315 162 37 153 125 100 3084 97 72 2987 2971 58 26 132 37 21 32 174 164
is_linear=0
shrinkage=0.05


Tree=90
num_leaves=31
num_cat=0
split_feature=5 9 10 18 9 10 7 11 4 4 4 4 10 14 7 4 4 11 8 4 8 9 10 4 3 3 3 3 8 7
split_gain=172.493 161.635 160.022 153.197 166.947 152.479 147.432 138.271 186.842 130.552 166.915 135.265 128.81 153.774 211.277 127.16 138.306 126.501 131.834 298.046 162.656 177.862 123.127 137.251 121.182 119.093 187.269 130.269 120.472 132.393
threshold=4.5000000000000009 0.44735221674876852 0.67379807692307703 0.54546791504538727 0.40118225570202976 0.6538750000000001 8.5000000000000018 69.849264705882362 -0.058789505069238697 -0.17656248522234827 -0.18158482344350121 -0.14076948590081753 0.21240384615384619 1.0000000180025095e-35 9.5000000000000018 0.08817246063122762 0.13456632394263002 64.21139705882355 0.673576799140709 -0.19513630792012918 0.55197438370051688 0.2440442427680091 0.71616666666666673 -0.050956628417473282 68.347532780690528 70.299118947185704 67.721824196664542 73.729348882410122 0.77943615257048104 2.5000000000000004
decision_type=2 2 2 10 2 2 2 2 2 2 2 2 2 10 2 2 2 2 2 2 2 2 2 2 10 10 10 10 2 2
left_child=1 3 5 -1 -5 12 22 8 -8 10 17 -11 -3 -14 -15 -13 -17 -2 19 20 -19 -22 23 -4 -10 26 28 -27 -24 -30
right_child=9 2 6 4 -6 -7 7 -9 24 11 -12 15 13 14 -16 16 -18 18 -20 -21 21 -23 25 -25 -26 27 -28 -29 29 -31
leaf_value=-0.0049100583070077475 -0.12396180406212808 -0.13196227011586806 0.10051107936435273 0.038045661009594126 -0.13849653537784304 -0.069428918619864985 -0.02106305172873868 -0.13436372258833476 0.28497663378715504 0.078955267563237452 -0.1555598264069934 0.016884710547978653 0.010111820909814636 0.021919440094268685 0.22479333458911804 0.20956418613592778 -0.009577397132913272 -0.056165562730959878 -0.037858756802161227 0.26196148278457776 -0.1070170978253538 0.11776932645589114 -0.0032480641065732296 0.32469009011983874 0.053460747003555298 0.26836304733386401 -0.12438639387488366 0.039909561350941661 0.039454365770022065 0.27432413399219513
leaf_weight=6931 19 13.999999999999998 18.000000000000004 308 13.999999999999998 58 45 13.999999999999998 10.000000000000002 116 19 734 347 33 21 18.000000000000004 11.999999999999998 44 80 13.999999999999998 10.999999999999998 44 23 10.999999999999998 12.999999999999998 13.000000000000002 14.999999999999998 11.999999999999998 12.000000000000002 11.999999999999998
leaf_count=6931 19 14 18 308 14 58 45 14 10 116 19 734 347 33 21 18 12 44 80 14 11 44 23 11 13 13 15 12 12 12
internal_value=0.00141513 -0.00117175 0.0223063 -0.00334379 0.0303699 0.00650836 0.0600459 0.00872959 0.03819 0.0198656 -0.0135878 0.0286471 0.0171213 0.0223262 0.100815 0.0210086 0.121908 -0.000863852 0.0112546 0.0460251 0.0154887 0.072812 0.0963213 0.185544 0.15412 0.0665802 0.0294329 0.158705 0.0785242 0.156889
internal_weight=9035 7924 671 7253 322 473 198 82 68 1111 231 880 415 401 54 764 30 212 193 113 99 55 116 29 23 87 62 25 47 24
internal_count=9035 7924 671 7253 322 473 198 82 68 1111 231 880 415 401 54 764 30 212 193 113 99 55 116 29 23 87 62 25 47 24
is_linear=0
shrinkage=0.05


Tree=91
num_leaves=31
num_cat=0
split_feature=5 9 12 9 9 8 0 4 4 1 11 10 0 0 3 9 7 7 0 0 4 3 3 3 7 4 11 1 4 1
split_gain=155.675 145.875 150.47 142.002 182.009 278.071 264.702 142.248 306.292 169.206 183.902 132.808 142.502 199.027 172.189 146.715 172.116 242.062 132.75 130.413 222.499 230.188 141.075 128.93 318.536 181.939 152.546 123.145 121.779 119.777
threshold=4.5000000000000009 0.44735221674876852 1.0000000180025095e-35 0.42480772752243184 0.407785336356765 0.66362594037896783 0.54180453938656115 -0.065236099004117171 0.0025801266921434795 0.63455035802830106 66.781250000000014 0.67379807692307703 0.8804468960219477 0.84343613201123968 68.391800546360614 0.52319508448540719 9.5000000000000018 5.5000000000000009 0.73220114518389134 0.78589030119032899 -0.049314904488858079 63.762299433247783 68.496667402562608 61.744990149667757 10.500000000000002 -0.10572304060954946 64.968750000000014 0.52620700253924113 -0.011747420866276276 0.71325016402853481
decision_type=2 2 10 2 2 2 8 2 2 8 2 2 10 10 10 2 2 2 10 10 2 10 10 8 2 2 2 8 2 10
left_child=1 3 11 4 -1 6 28 9 27 10 -5 23 13 15 -14 16 17 18 -13 20 21 -8 -21 24 25 -3 -25 -9 -6 -2
right_child=29 2 -4 7 5 -7 19 8 -10 -11 -12 12 14 -15 -16 -17 -18 -19 -20 22 -22 -23 -24 26 -26 -27 -28 -29 -30 -31
leaf_value=-0.0030535162083363465 0.020856790713132383 -0.16919973850250247 -0.074123791452401722 -0.023214389319563735 0.043541783196004956 -0.11867453075945378 0.15425418037921187 0.11949151017576119 -0.10250595790383064 0.10675430223345757 -0.14284828403033317 0.17358461841940875 -0.16552132777869699 0.22898036807775501 0.07126953742083382 0.013774597275953152 -0.0023666410148143768 0.33649401128292089 -0.058642660379409794 -0.087596095874905563 0.048967260494828226 0.43750977682379583 0.17799330204725267 -0.10836367551382864 0.30048823018486681 0.11957136044899619 0.012554354323294221 -0.067549483071674007 -0.13063747424345751 -0.11694225100800396
leaf_weight=6876 1095 9.9999999999999982 39 58 44 20 16.000000000000004 44 38 11.999999999999998 72 16.000000000000004 14.000000000000002 20 17 76 20 14.999999999999998 9.9999999999999982 10.000000000000002 15.999999999999998 12.999999999999998 9.9999999999999982 28 12.999999999999998 12.000000000000002 381 10.999999999999998 12.999999999999998 15.999999999999998
leaf_count=6876 1095 10 39 58 44 20 16 44 38 12 72 16 14 20 17 76 20 15 10 10 16 13 10 28 13 12 381 11 13 16
internal_value=0.00134437 -0.00111316 0.021191 -0.0031766 -0.00189638 0.0541352 0.0824647 -0.041409 0.00665974 -0.0728906 -0.0894732 0.0270728 0.0622966 0.08164 -0.0356683 0.0601305 0.117885 0.176545 0.0842664 0.151433 0.198648 0.281231 0.0451986 0.0121582 0.104263 -0.0116882 0.00427635 0.0820833 0.00381669 0.0188723
internal_weight=9035 7924 671 7253 7018 142 122 235 93 142 130 632 188 157 31 137 61 41 26 65 45 29 20 444 35 22 409 55 57 1111
internal_count=9035 7924 671 7253 7018 142 122 235 93 142 130 632 188 157 31 137 61 41 26 65 45 29 20 444 35 22 409 55 57 1111
is_linear=0
shrinkage=0.05


Tree=92
num_leaves=31
num_cat=0
split_feature=3 5 13 18 9 10 9 10 7 10 9 0 9 9 0 10 13 1 3 1 10 14 7 11 0 11 3 0 3 13
split_gain=149.879 157.648 135.913 111.947 151.859 130.524 130.368 134.863 128.623 128.19 123.848 218.464 119.279 211.44 164.099 175.817 224.824 156.446 116.413 111.865 110.636 118.312 210.37 109.973 170.413 152.578 150.47 201.552 139.2 131.634
threshold=78.596774347402132 4.5000000000000009 2.5000000000000004 0.63680231054921566 0.34979674796747973 0.4903125000000001 0.44735221674876852 0.67379807692307703 8.5000000000000018 0.6538750000000001 0.52450812171127892 0.70573444834369325 0.42480772752243184 0.407785336356765 0.64926638770584677 0.48076923076923078 2.5000000000000004 0.50000766698879917 67.894670540512763 0.71325016402853481 0.21240384615384619 1.0000000180025095e-35 9.5000000000000018 61.500000000000007 0.86706210494730918 65.63786764705884 72.016531980906862 0.65888700147502133 58.635953965496036 1.0000000180025095e-35
decision_type=10 2 10 10 2 2 2 2 2 2 2 8 2 2 8 2 10 8 10 10 2 10 2 2 10 2 10 8 8 8
left_child=1 3 -2 6 5 -5 12 9 10 20 11 -9 13 23 -15 -16 -17 -18 -13 -3 -8 -22 -23 24 26 28 27 -1 -25 -27
right_child=2 19 -4 4 -6 -7 7 8 -10 -11 -12 18 -14 14 15 16 17 -19 -20 -21 21 22 -24 25 -26 29 -28 -29 -30 -31
leaf_value=0.031443355226917054 0.024838480191926166 0.022097209548864898 -0.063328992383357902 0.036427695595014555 -0.07398053978023858 0.18088545974563153 -0.12815664347547751 0.32547779805385152 0.0066830548807047313 -0.065547246306336349 0.044556918172882154 0.16912237719485634 -0.039115045333902046 0.0079510354135237955 0.23283918310295451 0.22022428597722735 0.098215133524858014 -0.14266343116760255 -0.013926849327981473 -0.11109513938426972 0.0096193686902835349 0.0051035560667514806 0.21742247378453616 0.061245093129429162 -0.16965983629226686 -0.095831922772857889 -0.05781234975438565 0.16190516693811668 -0.023012048514152506 0.00012697367687622383
leaf_weight=134 60 1070 161 195 29 17 12.999999999999998 12.999999999999998 80 56 65 19 225 71 22 13.999999999999998 13.000000000000002 13.999999999999998 15.999999999999998 15.999999999999998 334 28 20 51 9.9999999999999982 36 32 38 1262 4921
leaf_count=134 60 1070 161 195 29 17 13 13 80 56 65 19 225 71 22 14 13 14 16 16 334 28 20 51 10 36 32 38 1262 4921
internal_value=0.00127715 0.00229688 -0.0393921 -0.000209854 0.033332 0.0480116 -0.00128954 0.0202175 0.0551946 0.00524953 0.089539 0.150452 -0.00331358 -0.0020964 0.0600719 0.118811 0.0576256 -0.0266849 0.0854427 0.0201349 0.0152865 0.0201681 0.0935698 -0.00338119 0.0318655 -0.00458418 0.0417442 0.0602663 -0.0197393 -0.000569924
internal_weight=9035 8814 221 7728 241 212 7487 644 193 451 113 48 6843 6618 134 63 41 27 35 1086 395 382 48 6484 214 6270 204 172 1313 4957
internal_count=9035 8814 221 7728 241 212 7487 644 193 451 113 48 6843 6618 134 63 41 27 35 1086 395 382 48 6484 214 6270 204 172 1313 4957
is_linear=0
shrinkage=0.05


Tree=93
num_leaves=31
num_cat=0
split_feature=3 5 13 8 18 18 13 3 11 11 0 1 3 0 0 11 0 3 0 3 3 3 10 8 1 1 8 8 5 11
split_gain=135.266 142.277 122.662 115.569 110.99 101.032 105.497 141.531 107.76 139.875 150.81 139.541 174.678 126.913 163.165 159.927 119.902 116.629 121.795 150.535 116.35 160.391 178.281 117.05 113.874 104.87 164.809 339.893 121.221 100.501
threshold=78.596774347402132 4.5000000000000009 2.5000000000000004 0.49666448188443008 0.67588409698121032 0.63680231054921566 1.0000000180025095e-35 64.383540710387223 66.343750000000014 61.500000000000007 0.86706210494730918 0.68886306925166152 69.86199086253184 0.84809574679142041 0.86706210494730918 64.406250000000014 0.94475154530107974 71.512364031003855 0.65888700147502133 63.272143867093838 66.262761193904097 66.103827052096392 0.30272619047619054 0.91537800687285231 0.4569243558979918 0.43149821582260023 0.54786299108295589 0.63518260384722625 2.5000000000000004 64.406250000000014
decision_type=10 2 10 2 10 10 8 8 2 2 10 10 10 10 10 2 10 10 8 8 10 10 2 2 8 10 2 2 2 2
left_child=1 5 3 -2 -3 6 7 -1 9 10 17 16 -13 20 15 -15 -10 18 -8 -20 21 23 -23 29 -21 26 -22 28 -28 -11
right_child=2 4 -4 -5 -6 -7 8 -9 11 13 -12 12 -14 14 -16 -17 -18 -19 19 24 25 22 -24 -25 -26 -27 27 -29 -30 -31
leaf_value=0.067566683003678921 -0.023642274355742992 0.017301460565089546 -0.060162542649307607 0.1255329794005344 0.15900009412850655 0.031665422327051336 0.0299944793309668 -0.1021101743914187 0.0021468342662184351 0.010919780423516084 -0.15345251993699507 0.15608263781124898 -0.019134556323289875 0.27626369366279008 0.0028562431534131369 0.010299395211040974 0.14867689439228601 -0.042289853382569097 -0.045085714757442476 0.27265598541125657 -0.024507803514609069 0.25921274622281387 -0.0034236859530210498 0.1623667359352112 0.089329530381494104 0.0067803010653109249 -0.061302508747287314 -0.026807898324783721 -0.21850970202887599 -0.021119791694778813
leaf_weight=15.999999999999998 41 1072 161 19 13.999999999999998 241 139 53 4998 384 10.999999999999998 33 25 13.000000000000002 57 9.9999999999999982 13.999999999999998 39 9.9999999999999982 15.999999999999998 603 12.000000000000002 13.999999999999998 9.9999999999999982 18 169 17 107 44 675
leaf_count=16 41 1072 161 19 14 241 139 53 4998 384 11 33 25 13 57 10 14 39 10 16 603 12 14 10 18 169 17 107 44 675
internal_value=0.0012133 0.00218204 -0.0374225 0.0235966 0.0191281 -0.000199361 -0.00122506 -0.0627648 -0.000652637 -0.00950808 0.0272597 0.00344846 0.080558 -0.0135586 0.0482153 0.160627 0.00255614 0.036214 0.0529443 0.125445 -0.0159871 -0.00490993 0.117793 -0.00789429 0.175601 -0.0288908 -0.0367098 -0.080506 -0.174698 -0.00950204
internal_weight=9035 8814 221 60 1086 7728 7487 69 7418 2348 233 5070 58 2115 80 23 5012 222 183 44 2035 1095 26 1069 34 940 771 168 61 1059
internal_count=9035 8814 221 60 1086 7728 7487 69 7418 2348 233 5070 58 2115 80 23 5012 222 183 44 2035 1095 26 1069 34 940 771 168 61 1059
is_linear=0
shrinkage=0.05


Tree=94
num_leaves=31
num_cat=0
split_feature=3 13 18 9 10 2 11 17 8 9 0 6 7 0 9 0 10 2 8 10 3 2 10 0 2 0 11 11 10 3
split_gain=122.077 110.702 108.807 158.058 156.861 116.488 160.71 180.814 167.471 224.928 153.782 122.037 175.433 138.984 137.164 198.396 149.119 138.475 181.008 132.78 130.748 121.369 181.065 234.806 167.053 156.865 172.321 204.236 139.228 265.035
threshold=78.596774347402132 2.5000000000000004 0.63680231054921566 0.34979674796747973 0.50370535714285725 0.49123654953562723 72.818014705882362 0.50454432447036968 0.36816640476387402 0.20701970443349757 0.6208543326651742 1.0000000180025095e-35 9.5000000000000018 0.90035992493700945 0.44735221674876852 0.94475154530107974 0.7673809523809525 0.78524349015142592 0.80032819196905891 0.18207142857142861 73.729348882410122 0.78524349015142592 0.13345238095238096 0.60562218487091324 0.83349371659106386 0.84809574679142041 67.029411764705898 68.757352941176478 0.63769230769230778 62.973566457028191
decision_type=10 10 10 2 2 10 2 10 2 2 10 2 2 10 2 10 2 10 2 2 10 10 2 10 10 10 2 2 2 10
left_child=2 -2 5 4 -4 -1 7 11 9 -8 -10 14 -13 19 15 16 21 18 -18 -14 -21 22 23 -7 28 -26 -27 -28 29 -23
right_child=1 -3 3 -5 -6 6 8 -9 10 -11 -12 12 13 -15 -16 -17 17 -19 -20 20 -22 24 -24 -25 25 26 27 -29 -30 -31
leaf_value=-0.0029209072098465762 0.022416727182765803 -0.057154415533964678 0.037081460838351774 -0.071836388736001913 0.19946413580328226 0.28420103415846815 0.10567429473002753 0.20039106011390687 0.19473902621754893 -0.15648575474818549 0.057161440583309388 0.067869774914450121 -0.10277388560302232 -0.17261761318553578 0.024056751647336228 0.16979970000684264 -0.2043710678815841 -0.25613320415670221 0.074151535598295071 0.036537158680119496 -0.14163605923002417 -0.09581260770559312 -0.011180700777971574 -0.017208132373967341 0.10801724721403683 0.026397695731032979 -0.32251506691629228 -0.010303351767361165 -0.019708739966154101 0.19060410784468765
leaf_weight=5793 60 161 211 31 15.999999999999998 12.000000000000002 14.999999999999998 11.999999999999998 27 18 82 180 23 10.999999999999998 512 15.999999999999998 10.000000000000002 10.999999999999998 13.999999999999998 161 10.999999999999998 9.9999999999999982 1502 13.999999999999998 17 22 11.000000000000002 9.9999999999999982 20 42
leaf_count=5793 60 161 211 31 16 12 15 12 27 18 82 180 23 11 512 16 10 11 14 161 11 10 1502 14 17 22 11 10 20 42
internal_value=0.00115263 -0.0355514 0.00207294 0.0340647 0.0485269 0.00110825 0.00955592 0.00674912 0.0613631 -0.0373221 0.0912403 0.00585847 0.0318095 0.00030045 0.00135236 -0.00544171 -0.0070959 -0.10923 -0.0418995 0.0100548 0.0251424 -0.00494247 -0.00891617 0.121904 0.0410562 -0.0205609 -0.0713942 -0.173843 0.0924038 0.135524
internal_weight=9035 221 8814 258 227 8556 2763 2621 142 33 109 2609 386 206 2223 1711 1695 35 24 195 172 1660 1528 26 132 60 43 21 72 52
internal_count=9035 221 8814 258 227 8556 2763 2621 142 33 109 2609 386 206 2223 1711 1695 35 24 195 172 1660 1528 26 132 60 43 21 72 52
is_linear=0
shrinkage=0.05


Tree=95
num_leaves=31
num_cat=0
split_feature=17 0 17 17 7 12 1 10 3 0 9 7 0 11 0 4 1 9 9 1 10 1 1 10 0 7 0 11 11 3
split_gain=147.694 310.606 105.339 94.7957 98.0195 83.6979 152.325 116.867 144.248 252.667 149.754 133.208 245.696 136.9 134.08 118.82 92.7466 125.082 123.857 89.2952 83.1492 78.2718 75.4964 87.9076 73.3638 141.97 155.046 120.36 117.249 86.1972
threshold=0.71768572973858669 0.24414775689749166 0.6692020965977471 0.74793469309713234 12.500000000000002 1.0000000180025095e-35 0.14462912772050626 0.75615384615384629 70.576094448592059 0.68447319018788377 0.4316457129912788 8.5000000000000018 0.73874789017915499 67.968750000000014 0.64269809022095992 -0.17042155809115064 0.085392853744048008 0.22485955056179777 0.14243313763861712 0.37764880572863557 0.55077724358974367 0.0432442224111231 0.49795363733036163 0.53843750000000012 0.83181414365121886 14.500000000000002 0.83757915337130051 68.531250000000014 69.24264705882355 60.259574371272421
decision_type=10 10 10 10 2 10 8 2 8 10 2 2 10 2 8 2 10 2 2 10 2 10 10 2 10 2 10 2 2 10
left_child=2 3 5 -2 -5 24 16 8 10 15 11 20 14 -14 19 -10 21 18 -18 -13 -8 -7 23 -17 -1 26 28 -27 -26 -28
right_child=1 -3 -4 4 -6 6 7 -9 9 -11 -12 12 13 -15 -16 22 17 -19 -20 -21 -22 -23 -24 -25 25 27 29 -29 -30 -31
leaf_value=-0.0011302645642392555 0.15134822997179898 0.26407917579635981 -0.12203800727923711 -0.056672804471519261 0.089003361673916093 0.062225916981697063 -0.063900346260163041 0.10535529596874348 -0.15636139451526107 0.17835205758319184 -0.17307669435056949 -0.072048967810613776 0.021010608642416839 0.2473866315727884 -0.18360160386396782 -0.020030599020953693 0.039725478648153303 -0.068157844692468647 0.23354773764149286 0.082606634604079396 -0.18056535712288072 -0.11899584394234877 -0.12336784586310388 0.13730412142781109 0.25904786586761469 -0.18721450924873351 -0.040835098004727455 0.020646346303132865 0.042311612459329462 0.026567845145503106
leaf_weight=8075 10.999999999999998 15.999999999999998 18 36 17 11.000000000000002 42 12.999999999999998 15.999999999999998 17 31 28 17.000000000000004 10.999999999999998 18 28 17 9.9999999999999982 15.999999999999998 13.999999999999998 24 12.999999999999998 9.9999999999999982 12.999999999999998 12.000000000000002 15.000000000000002 54 12.999999999999998 12.999999999999998 390
leaf_count=8075 11 16 18 36 17 11 42 13 16 17 31 28 17 11 18 28 17 10 16 14 24 13 10 13 12 15 54 13 13 390
internal_value=-0.000598425 0.0670367 -0.00120373 0.017776 -0.00994649 -0.00095992 -0.024962 -0.0410631 -0.0481391 0.00619787 -0.072811 -0.0526276 -0.0123554 0.109944 -0.0694285 -0.037483 0.0428068 0.0867562 0.1337 -0.0204971 -0.106324 -0.0359359 -0.000187876 0.029856 1.72991e-05 0.0186623 0.0251919 -0.0907077 0.146345 0.0183702
internal_weight=9019 80 8939 64 53 8921 349 282 269 84 185 154 88 28 60 67 67 43 33 42 66 24 51 41 8572 497 469 28 25 444
internal_count=9019 80 8939 64 53 8921 349 282 269 84 185 154 88 28 60 67 67 43 33 42 66 24 51 41 8572 497 469 28 25 444
is_linear=0
shrinkage=0.05


Tree=96
num_leaves=31
num_cat=0
split_feature=17 0 17 8 17 17 8 3 6 1 8 3 2 2 14 2 0 3 8 7 2 3 1 16 16 1 3 0 4 3
split_gain=133.294 280.322 95.0682 86.3869 149.857 130.026 99.032 76.6577 75.1409 251.015 204.466 150.455 192.855 354.272 151.199 150.103 147.978 233.372 171.423 231.727 149.779 147.811 122.87 138.687 158.572 120.445 128.614 116.174 121.941 151.843
threshold=0.71768572973858669 0.24414775689749166 0.6692020965977471 0.26743983957219258 0.76625739491840716 0.78946529300190005 0.14324428958575303 53.882470958793768 1.0000000180025095e-35 0.4780565936002325 0.60133114284510736 72.555599751675217 0.5387015541311434 0.56956133623680516 1.5000000000000002 0.73108005899495698 0.50345306217678176 72.998589439163041 0.48382082992990877 8.5000000000000018 0.42853613491208903 68.629632563226679 1.0000000180025095e-35 0.22951097479399368 0.5110963482152272 0.23994246665815186 67.228132515196833 0.6697901783846133 -0.15160390469893412 70.173052389611414
decision_type=10 10 10 2 10 10 2 8 2 8 2 10 10 10 10 8 10 10 2 2 10 10 10 10 10 10 10 10 2 10
left_child=2 3 7 4 -2 -5 -6 -1 -9 11 -11 12 22 25 16 -12 17 -13 -19 20 -20 -17 -10 27 -25 -14 -27 28 29 -24
right_child=1 -3 -4 5 6 -7 -8 8 9 10 15 14 13 -15 -16 21 -18 18 19 -21 -22 -23 23 24 -26 26 -28 -29 -30 -31
leaf_value=-0.054193048491559703 0.1333950434896079 0.25087522324174644 -0.11593610946502951 -0.036006310880184161 0.039087057079781176 0.20811471194028855 -0.1476916514337063 -0.0027213569646275301 -0.058890509595731638 -0.051620235455920919 -0.099244512617588043 0.32505335748195652 0.31285575628280643 0.02049389162878773 -0.072100110600392023 0.2045055792480707 -0.013338575460189997 0.047784560630655191 0.21300816156647406 0.37812520623207097 -0.054359213858842848 -0.023682820322838697 0.057656739208470566 0.25999637733806263 0.035948902395154747 0.021530740282365249 0.23585153677101647 -0.090740739181637775 -0.0049967893830663648 -0.056266611090728218
leaf_weight=67 10.999999999999998 15.999999999999998 18 10.000000000000002 11.000000000000002 11.999999999999998 20 7194 77 240 9.9999999999999982 9.9999999999999982 12.999999999999998 144 21 20.000000000000004 43 117 11.000000000000005 9.9999999999999982 9.9999999999999982 10.999999999999998 178 10.999999999999998 28 14.000000000000002 13.999999999999998 32 611 35
leaf_count=67 11 16 18 10 11 12 20 7194 77 240 10 10 13 144 21 20 43 117 11 10 10 11 178 11 28 14 14 32 611 35
internal_value=-0.000568504 0.0636848 -0.00114354 0.0168872 -0.0251555 0.0971506 -0.0814153 -0.000911924 -0.000508735 0.00908018 -0.0339918 0.017857 0.0106226 0.057414 0.0555604 0.0691989 0.0688981 0.091279 0.0754834 0.180024 0.0856904 0.123536 0.00171686 0.00693112 0.0991418 0.187085 0.128691 0.00272994 0.00635987 0.0389369
internal_weight=9019 80 8939 64 42 22 31 8921 8854 1660 281 1379 1157 185 222 41 201 158 148 31 21 31 972 895 39 41 28 856 824 213
internal_count=9019 80 8939 64 42 22 31 8921 8854 1660 281 1379 1157 185 222 41 201 158 148 31 21 31 972 895 39 41 28 856 824 213
is_linear=0
shrinkage=0.05


end of trees

feature_importances:
wt_carry_share=346
baseline_carry_share=306
wt_snap_share=284
wt_target_share=274
wt_team_total_plays=257
baseline_team_total_plays=226
baseline_target_share=222
def_rush_epa_adj=195
baseline_snap_share=192
games_played_so_far=144
weeks_missed=79
above_q_share=79
draft_tier_int=76
above_new_out_share=74
above_long_out_share=73
own_practice_int=32
is_cold_start_int=23
own_q_int=17
return_from_absence=11

parameters:
[boosting: gbdt]
[objective: regression]
[metric: rmse]
[tree_learner: serial]
[device_type: cpu]
[data_sample_strategy: bagging]
[data: ]
[valid: ]
[num_iterations: 97]
[learning_rate: 0.05]
[num_leaves: 31]
[num_threads: 1]
[seed: 42]
[deterministic: 0]
[force_col_wise: 0]
[force_row_wise: 0]
[histogram_pool_size: -1]
[max_depth: -1]
[min_data_in_leaf: 10]
[min_sum_hessian_in_leaf: 0.001]
[bagging_fraction: 0.8]
[pos_bagging_fraction: 1]
[neg_bagging_fraction: 1]
[bagging_freq: 5]
[bagging_seed: 400]
[bagging_by_query: 0]
[feature_fraction: 0.8]
[feature_fraction_bynode: 1]
[feature_fraction_seed: 30056]
[extra_trees: 0]
[extra_seed: 12879]
[early_stopping_round: 0]
[early_stopping_min_delta: 0]
[first_metric_only: 0]
[max_delta_step: 0]
[lambda_l1: 0]
[lambda_l2: 0]
[linear_lambda: 0]
[min_gain_to_split: 0]
[drop_rate: 0.1]
[max_drop: 50]
[skip_drop: 0.5]
[xgboost_dart_mode: 0]
[uniform_drop: 0]
[drop_seed: 17869]
[top_rate: 0.2]
[other_rate: 0.1]
[min_data_per_group: 100]
[max_cat_threshold: 32]
[cat_l2: 10]
[cat_smooth: 10]
[max_cat_to_onehot: 4]
[top_k: 20]
[monotone_constraints: ]
[monotone_constraints_method: basic]
[monotone_penalty: 0]
[feature_contri: ]
[forcedsplits_filename: ]
[refit_decay_rate: 0.9]
[cegb_tradeoff: 1]
[cegb_penalty_split: 0]
[cegb_penalty_feature_lazy: ]
[cegb_penalty_feature_coupled: ]
[path_smooth: 0]
[interaction_constraints: ]
[verbosity: -1]
[saved_feature_importance_type: 0]
[use_quantized_grad: 0]
[num_grad_quant_bins: 4]
[quant_train_renew_leaf: 0]
[stochastic_rounding: 1]
[linear_tree: 0]
[max_bin: 255]
[max_bin_by_feature: ]
[min_data_in_bin: 3]
[bin_construct_sample_cnt: 200000]
[data_random_seed: 175]
[is_enable_sparse: 1]
[enable_bundle: 1]
[use_missing: 1]
[zero_as_missing: 0]
[feature_pre_filter: 0]
[pre_partition: 0]
[two_round: 0]
[header: 0]
[label_column: ]
[weight_column: ]
[group_column: ]
[ignore_column: ]
[categorical_feature: ]
[forcedbins_filename: ]
[precise_float_parser: 0]
[parser_config_file: ]
[objective_seed: 16083]
[num_class: 1]
[is_unbalance: 0]
[scale_pos_weight: 1]
[sigmoid: 1]
[boost_from_average: 1]
[reg_sqrt: 0]
[alpha: 0.9]
[fair_c: 1]
[poisson_max_delta_step: 0.7]
[tweedie_variance_power: 1.5]
[lambdarank_truncation_level: 30]
[lambdarank_norm: 1]
[label_gain: ]
[lambdarank_position_bias_regularization: 0]
[eval_at: ]
[multi_error_top_k: 1]
[auc_mu_weights: ]
[num_machines: 1]
[local_listen_port: 12400]
[time_out: 120]
[machine_list_filename: ]
[machines: ]
[gpu_platform_id: -1]
[gpu_device_id: -1]
[gpu_use_dp: 0]
[num_gpu: 1]

end of parameters
