tree
version=v4
num_class=1
num_tree_per_iteration=1
label_index=0
max_feature_idx=13
objective=regression
feature_names=prior_epa_per_opp baseline_epa_per_opp rolling_epa_per_opp form_residual is_cold_start_int draft_tier_int def_short_pass_epa_adj def_deep_pass_epa_adj wt_air_yards_per_target wt_snap_share games_played_so_far def_used_fallback_int team_spread implied_total
feature_infos=[-1.190114082110493:1.0573153048385089] [-1.190114082110493:1.0573153048385089] [-5.2403803459601477:3.9893086673109792] [-5.7338659135566559:3.8696762551067811] [0:1] [1:5] [-2.658167193544589:1.2747836867003006] [-3.099611844164798:2.7683519475234535] [-6:32.567567567567572] [0:1] [0:16] [0:1] [-20.5:20.5] [11.5:35.75]
tree_sizes=741 781 802 794 781 789 785 787 777 775 781 778 771 772 791 800 796 793 791 796 789 771 791 770 793 782 771 778 771 782 793 785 784 779 781 780 780 765 794 791 796 787 787 791 790 796 795 802 775 812 763 777 784 767 781 818 822 829 789 779 809 792 785 799 808 783 797 796 799 804 765 788 786 791 786 787 798 813 812 794 787 797 789 789 790 795 773 789 783 779 781 785 784 779 786 794 788 789 788 777 768 794 768 812 766 799 792 774 762 791 768 808 805 805 785 775 771 791 792 771 791 788 769 794 767 769 790 786 783 774 776 766 775 784 784 780 783 788 801 781 792 793 802 796 778 794 769 786 805 791 829 799 809 840 829 785 770 789 770 805 799 782 793 783 778 781 815 784 793 781

Tree=0
num_leaves=7
num_cat=0
split_feature=12 12 13 3 3 6
split_gain=18.8173 4.87058 4.52948 5.22989 4.60537 4.40857
threshold=1.7500000000000002 6.2500000000000009 20.875000000000004 1.3096864331958 -0.29922403763704525 0.38981297244369462
decision_type=10 10 8 10 8 2
left_child=2 -2 3 4 -1 -6
right_child=1 -3 -4 -5 5 -7
leaf_value=0.19496831396528874 0.19586576288788687 0.19801270894608511 0.19483218749859849 0.20383163134711163 0.19274360821900749 0.18843708167043746
leaf_weight=337 1166 663 1239 18 795 108
leaf_count=337 1166 663 1239 18 795 108
internal_value=0.195103 0.196644 0.193974 0.193129 0.192973 0.192229
internal_weight=4326 1829 2497 1258 1240 903
internal_count=4326 1829 2497 1258 1240 903
is_linear=0
shrinkage=1


Tree=1
num_leaves=7
num_cat=0
split_feature=12 12 9 13 8 3
split_gain=18.0721 4.6777 4.65549 5.31628 5.74964 6.11689
threshold=1.7500000000000002 6.2500000000000009 0.78617820914575243 19.375000000000004 8.4309142412930296 -0.57786422231355872
decision_type=10 10 10 8 8 8
left_child=2 -2 3 -1 -5 -6
right_child=1 -3 -4 4 5 -7
leaf_value=-0.0035569865457279587 0.00054062014031918846 0.0026446272240850518 0.00011845381664943079 -0.0022715633342661034 0.0074750351571064031 -0.00022339819909539073
leaf_weight=515 1166 663 666 771 45 500
leaf_count=515 1166 663 666 771 45 500
internal_value=-0.000207098 0.00130331 -0.00131344 -0.00183427 -0.0011601 0.000412252
internal_weight=4326 1829 2497 1831 1316 545
internal_count=4326 1829 2497 1831 1316 545
is_linear=0
shrinkage=0.02


Tree=2
num_leaves=7
num_cat=0
split_feature=13 13 0 0 2 8
split_gain=17.1902 7.85309 5.77724 5.39445 5.39205 4.84779
threshold=21.125000000000004 26.125000000000004 -0.020324776500797972 0.79020652238218914 0.26669320870501884 9.6983464249782205
decision_type=8 10 8 10 10 10
left_child=-1 2 -2 4 5 -4
right_child=1 -3 3 -5 -6 -7
leaf_value=-0.0020509121501414997 -0.0028049454754476141 0.0023681056889849734 -0.00096579797499826193 -0.011153243694279809 0.0017489539993917566 0.0027837920525789627
leaf_weight=1374 253 787 928 15.999999999999998 806 162
leaf_count=1374 253 787 928 16 806 162
internal_value=-0.000202956 0.00065717 3.52275e-05 0.000411045 0.000508634 -0.000408519
internal_weight=4326 2952 2165 1912 1896 1090
internal_count=4326 2952 2165 1912 1896 1090
is_linear=0
shrinkage=0.02


Tree=3
num_leaves=7
num_cat=0
split_feature=12 9 13 8 3 9
split_gain=16.8098 4.46819 4.98801 5.48033 5.85823 5.50632
threshold=1.7500000000000002 0.78617820914575243 19.375000000000004 8.4309142412930296 -0.57786422231355872 0.77806057153835406
decision_type=10 10 8 8 8 10
left_child=1 2 -1 5 -5 -4
right_child=-2 -3 3 4 -6 -7
leaf_value=-0.0034448284100451806 0.0012578042893345376 0.00013689323365164804 -0.0019701665845702227 0.0073238026093070709 -0.00021010032570222391 -0.014207351009051006
leaf_weight=515 1829 666 756 45 500 14.999999999999998
leaf_count=515 1829 666 756 45 500 15
internal_value=-0.000198897 -0.0012659 -0.00177615 -0.00112313 0.000411965 -0.00220824
internal_weight=4326 2497 1831 1316 545 771
internal_count=4326 2497 1831 1316 545 771
is_linear=0
shrinkage=0.02


Tree=4
num_leaves=7
num_cat=0
split_feature=12 12 9 0 9 9
split_gain=16.1441 4.39043 4.29125 4.18572 3.9982 4.87665
threshold=1.7500000000000002 6.2500000000000009 0.78617820914575243 0.58446105764160117 0.81578673735761675 0.50003623304419931
decision_type=10 10 10 10 10 8
left_child=2 4 3 -1 5 -2
right_child=1 -3 -4 -5 -6 -7
leaf_value=-0.0019196427706530325 0.0022374192400831557 0.0025321262936352936 0.0001341554155618172 0.0033672350377122301 0.0024880346164798807 -0.0011193497845447759
leaf_weight=1769 239 663 666 62 299 628
leaf_count=1769 239 663 666 62 299 628
internal_value=-0.000194919 0.00123265 -0.00124058 -0.00174062 0.000493751 -0.000194012
internal_weight=4326 1829 2497 1831 1166 867
internal_count=4326 1829 2497 1831 1166 867
is_linear=0
shrinkage=0.02


Tree=5
num_leaves=7
num_cat=0
split_feature=13 13 6 3 1 7
split_gain=15.5639 7.78575 6.27283 5.69046 5.25712 7.17629
threshold=21.125000000000004 26.125000000000004 0.2455246305059828 1.3096864331958 -0.019037632377921252 -0.42689243635156893
decision_type=8 10 2 10 2 2
left_child=3 4 -3 -1 5 -2
right_child=1 2 -4 -5 -6 -7
leaf_value=-0.0019288082777717884 -0.018267662728374653 0.0013150558943027812 0.0051359669704495467 0.0085629475755350931 0.0005488498429259606 -0.001768788759687952
leaf_weight=1349 10.999999999999998 565 247 21 1922 255
leaf_count=1349 11 565 247 21 1922 255
internal_value=-1.74967e-06 0.000804831 0.00247733 -0.00176799 0.000184143 -0.00245107
internal_weight=4370 3000 812 1370 2188 266
internal_count=4370 3000 812 1370 2188 266
is_linear=0
shrinkage=0.02


Tree=6
num_leaves=7
num_cat=0
split_feature=12 9 7 6 9 7
split_gain=13.6456 5.62065 4.57404 5.63009 4.23393 4.85626
threshold=1.7500000000000002 0.81578673735761675 -0.32578386986805258 0.66566812507650985 0.82692027550595659 0.34759171322030508
decision_type=10 10 2 2 10 2
left_child=4 2 -2 -4 -1 -6
right_child=1 -3 3 -5 5 -7
leaf_value=-0.0013865952364279055 -0.0031566348490424645 0.0031148453609939181 0.00071093762269781879 0.0076225394595946586 0.0027156066538688416 -0.0013291121984614022
leaf_weight=1994 117 491 1244 49 240 235
leaf_count=1994 117 491 1244 49 240 235
internal_value=-1.71465e-06 0.00127195 0.000630202 0.000972862 -0.000982368 0.000714535
internal_weight=4370 1901 1410 1293 2469 475
internal_count=4370 1901 1410 1293 2469 475
is_linear=0
shrinkage=0.02


Tree=7
num_leaves=7
num_cat=0
split_feature=13 9 13 3 6 6
split_gain=14.6438 7.54004 5.76461 5.4695 5.33589 5.72667
threshold=21.125000000000004 0.81578673735761675 26.125000000000004 1.3096864331958 0.2455246305059828 0.27174203767795219
decision_type=8 10 10 10 2 2
left_child=3 2 -2 -1 -4 -6
right_child=1 -3 4 -5 5 -7
leaf_value=-0.0018725839542696233 -0.00037720008797524802 0.0025698581075385431 0.00064359116647569976 0.0084134610919725326 0.018101175158905487 0.0038110824887705752
leaf_weight=1349 1689 717 410 21 11.999999999999998 172
leaf_count=1349 1689 717 410 21 12 172
internal_value=-1.68034e-06 0.000780697 0.000218792 -0.00171491 0.00191346 0.00474305
internal_weight=4370 3000 2283 1370 594 184
internal_count=4370 3000 2283 1370 594 184
is_linear=0
shrinkage=0.02


Tree=8
num_leaves=7
num_cat=0
split_feature=9 0 0 6 8 5
split_gain=9.8548 5.05367 3.98652 5.38921 5.33448 4.20843
threshold=0.81578673735761675 0.31947164611898643 0.40843961066045226 0.15851733542819696 10.465329410534515 2.5000000000000004
decision_type=10 8 10 2 10 2
left_child=2 -2 5 -4 -5 -1
right_child=1 -3 3 4 -6 -7
leaf_value=-0.0020083028903941564 0.00051377645726839889 0.0033668074319155327 -0.00047698737050933367 0.0027727693597024141 0.014539213796310567 -0.00031924126368286016
leaf_weight=831 586 431 305 165 17 2035
leaf_count=831 586 431 305 165 17 2035
internal_value=-1.64674e-06 0.00172288 -0.000524713 0.00114824 0.00387183 -0.000808987
internal_weight=4370 1017 3353 487 182 2866
internal_count=4370 1017 3353 487 182 2866
is_linear=0
shrinkage=0.02


Tree=9
num_leaves=7
num_cat=0
split_feature=13 13 6 0 3 9
split_gain=13.9933 7.03252 5.76104 5.49149 5.26882 4.63656
threshold=21.125000000000004 26.125000000000004 0.2455246305059828 0.19341703080904218 1.3096864331958 0.81578673735761675
decision_type=8 10 2 8 10 10
left_child=4 3 -3 -2 -1 -5
right_child=1 2 -4 5 -6 -7
leaf_value=-0.0018311145413046313 -0.0012084967460772344 0.0012388758664338775 0.0049005999478138234 0.00026584037778161848 0.0082644678723244429 0.002939798499108292
leaf_weight=1349 754 565 247 1094 21 340
leaf_count=1349 754 565 247 1094 21 340
internal_value=-1.6138e-06 0.000763189 0.00235273 0.000173288 -0.00167636 0.000899833
internal_weight=4370 3000 812 2188 1370 1434
internal_count=4370 3000 812 2188 1370 1434
is_linear=0
shrinkage=0.02


Tree=10
num_leaves=7
num_cat=0
split_feature=12 3 13 7 8 0
split_gain=14.3038 6.72669 7.20305 5.25789 4.89227 5.06656
threshold=4.7500000000000009 1.3096864331958 20.875000000000004 -0.81988126897553082 7.4292003306957453 0.24003688271251555
decision_type=10 10 8 2 10 8
left_child=1 2 -1 -2 -4 -6
right_child=3 -3 4 -5 5 -7
leaf_value=-0.0020226543599701657 -0.0088829147333607944 0.0067471531289629641 -0.00094147845047589654 0.0023458943272206623 -0.00076627584482399534 0.0021668260702599408
leaf_weight=1225 17 48 1245 887 402 569
leaf_count=1225 17 48 1245 887 402 569
internal_value=-0.000107295 -0.000688205 -0.000791924 0.00213473 -0.000111579 0.000952504
internal_weight=4393 3489 3441 904 2216 971
internal_count=4393 3489 3441 904 2216 971
is_linear=0
shrinkage=0.02


Tree=11
num_leaves=7
num_cat=0
split_feature=12 13 7 0 1 7
split_gain=13.7374 6.39763 5.04968 4.74715 5.03446 4.3053
threshold=4.7500000000000009 20.875000000000004 -0.81988126897553082 0.19341703080904218 0.084247597141202904 0.64061034667550942
decision_type=10 8 2 8 2 2
left_child=1 -1 -2 -3 -5 -4
right_child=2 3 5 4 -6 -7
leaf_value=-0.0018271014875554878 -0.008705256235073594 -0.0012734023932822179 0.0033585800716961702 0.010366939476558142 0.00050252291189366565 0.00046667724581918898
leaf_weight=1241 17 801 562 21 1426 325
leaf_count=1241 17 801 562 21 1426 325
internal_value=-0.00010515 -0.000674441 0.00209204 -3.81192e-05 0.000645683 0.00229898
internal_weight=4393 3489 904 2248 1447 887
internal_count=4393 3489 904 2248 1447 887
is_linear=0
shrinkage=0.02


Tree=12
num_leaves=7
num_cat=0
split_feature=12 9 2 2 0 2
split_gain=13.1934 5.4084 5.41273 4.40184 3.56343 3.3406
threshold=4.7500000000000009 0.81578673735761675 1.6812345087106608 0.31641620524197417 0.54319486415725005 0.886506457866159
decision_type=10 10 10 8 10 10
left_child=1 2 -1 4 -2 -5
right_child=3 -3 -4 5 -6 -7
leaf_value=-0.0011623813595011165 4.2326707726221548e-05 0.00079451300783887435 0.0095502338612354128 0.0040517006559106167 0.0067906913117450826 -0.00076607551635938023
leaf_weight=2680 394 790 19 409 34 67
leaf_count=2680 394 790 19 409 34 67
internal_value=-0.000103047 -0.000660952 -0.00108697 0.0020502 0.000578412 0.00337357
internal_weight=4393 3489 2699 904 428 476
internal_count=4393 3489 2699 904 428 476
is_linear=0
shrinkage=0.02


Tree=13
num_leaves=7
num_cat=0
split_feature=12 3 9 7 7 7
split_gain=12.6709 6.33212 5.67626 4.84575 4.12681 4.00803
threshold=4.7500000000000009 1.3096864331958 0.81578673735761675 -0.81988126897553082 0.64061034667550942 0.47563101767498356
decision_type=10 10 10 2 2 2
left_child=1 2 -1 -2 -5 -4
right_child=3 -3 5 4 -6 -7
leaf_value=-0.0011907037362507062 -0.008567830744911643 0.0065662631702919803 0.0018575335559097132 0.003249316591263195 0.00041799491364508871 -0.0010849930153653375
leaf_weight=2654 17 48 489 562 325 298
leaf_count=2654 17 48 489 562 325 298
internal_value=-0.000100986 -0.000647733 -0.000748364 0.00200919 0.00221191 0.000743337
internal_weight=4393 3489 3441 904 887 787
internal_count=4393 3489 3441 904 887 787
is_linear=0
shrinkage=0.02


Tree=14
num_leaves=7
num_cat=0
split_feature=13 13 2 6 0 3
split_gain=12.2693 6.53378 5.67572 5.56724 6.45258 5.51328
threshold=26.125000000000004 20.875000000000004 0.26669320870501884 0.155317730964912 0.057850959401350661 1.3096864331958
decision_type=10 8 10 2 8 10
left_child=1 5 -3 -4 -5 -1
right_child=-2 2 3 4 -6 -7
leaf_value=-0.0019280421446093857 0.0021139936009635942 -0.00082858523201084962 -3.122795226314291e-06 -0.0023936594378735337 0.004337358582624861 0.0098885075375437746
leaf_weight=1226 816 1342 617 70 306 15.999999999999998
leaf_count=1226 816 1342 617 70 306 16
internal_value=-9.89659e-05 -0.000603795 1.96092e-05 0.00116591 0.00308424 -0.00177582
internal_weight=4393 3577 2335 993 376 1242
internal_count=4393 3577 2335 993 376 1242
is_linear=0
shrinkage=0.02


Tree=15
num_leaves=7
num_cat=0
split_feature=13 9 1 13 9 2
split_gain=11.8674 9.1804 5.44049 4.97472 3.764 3.37148
threshold=23.375000000000004 0.21532439528734493 0.086140277950086636 17.875000000000004 0.91556489843793454 -0.16121703120498501
decision_type=8 8 2 10 10 8
left_child=1 2 -1 -3 -2 -4
right_child=4 3 5 -5 -6 -7
leaf_value=0.017598345788262252 0.00089050246192366885 -0.0036503760998501727 0.012673311964608729 -0.00077638785167545631 0.0037538690075021365 0.00047367838790287844
leaf_weight=13.999999999999998 1925 276 11.999999999999998 1895 203 37
leaf_count=14 1925 276 12 1895 203 37
internal_value=9.47906e-05 -0.000923355 0.0066029 -0.00114176 0.00116365 0.00346134
internal_weight=4362 2234 63 2171 2128 49
internal_count=4362 2234 63 2171 2128 49
is_linear=0
shrinkage=0.02


Tree=16
num_leaves=7
num_cat=0
split_feature=13 9 6 2 1 12
split_gain=11.3975 8.81686 5.511 6.28931 5.22505 3.93337
threshold=23.375000000000004 0.21532439528734493 0.3974718316857172 0.6385732228360429 0.086140277950086636 -4.2499999999999991
decision_type=8 8 2 8 2 10
left_child=1 4 -3 -4 -1 -5
right_child=-2 2 3 5 -6 -7
leaf_value=0.017246378487242121 0.0011403795040618057 -0.00076201529485429896 -0.0053986247427909098 -0.0069015670770948582 0.0033921169328541322 0.0071442524908945483
leaf_weight=13.999999999999998 2128 1929 202 10.999999999999998 49 29
leaf_count=14 2128 1929 202 11 49 29
internal_value=9.28948e-05 -0.000904888 -0.00111892 -0.00396387 0.00647084 0.00328165
internal_weight=4362 2234 2171 242 63 40
internal_count=4362 2234 2171 242 63 40
is_linear=0
shrinkage=0.02


Tree=17
num_leaves=7
num_cat=0
split_feature=13 9 6 2 8 6
split_gain=10.9462 8.46771 5.29277 6.04026 4.35905 4.15353
threshold=23.375000000000004 0.21532439528734493 0.3974718316857172 0.6385732228360429 12.709459459459461 0.24983446716995886
decision_type=8 8 2 8 10 2
left_child=1 4 -3 -4 5 -1
right_child=-2 2 3 -5 -6 -7
leaf_value=6.4176796909628636e-05 0.0011175719018830447 -0.00074677498982024949 -0.0052906522151119637 0.003216018959879875 0.016658798089394203 0.012902501848127162
leaf_weight=36 2128 1929 202 40 12.999999999999998 13.999999999999998
leaf_count=36 2128 1929 202 40 13 14
internal_value=9.10369e-05 -0.000886791 -0.00109655 -0.00388459 0.00634142 0.00365891
internal_weight=4362 2234 2171 242 63 50
internal_count=4362 2234 2171 242 63 50
is_linear=0
shrinkage=0.02


Tree=18
num_leaves=7
num_cat=0
split_feature=13 9 13 8 9 0
split_gain=10.5261 6.47657 6.84663 6.56165 4.79263 4.6012
threshold=26.125000000000004 0.18613841824209595 17.875000000000004 10.668732391563088 0.82692027550595659 0.45887955773669559
decision_type=8 8 10 10 10 8
left_child=1 3 -3 -1 -4 -6
right_child=-2 2 4 -5 5 -7
leaf_value=0.0021560456076016028 0.0018859952698768751 -0.0035678538084898048 -0.00071518869084383186 0.01694528717547655 0.00040999642529858474 0.0046850751281806062
leaf_weight=48 1004 279 2355 15.999999999999998 536 124
leaf_count=48 1004 279 2355 16 536 124
internal_value=8.92162e-05 -0.000447998 -0.000570429 0.00585336 -0.000293055 0.00121319
internal_weight=4362 3358 3294 64 3015 660
internal_count=4362 3358 3294 64 3015 660
is_linear=0
shrinkage=0.02


Tree=19
num_leaves=7
num_cat=0
split_feature=13 9 6 2 1 12
split_gain=10.204 7.90817 5.07504 5.79355 4.88925 3.76984
threshold=23.375000000000004 0.21532439528734493 0.3974718316857172 0.6385732228360429 0.086140277950086636 -4.2499999999999991
decision_type=8 8 2 8 2 10
left_child=1 4 -3 -4 -1 -5
right_child=-2 2 3 5 -6 -7
leaf_value=0.01655218825010317 0.0010785546082136815 -0.00071686902238269582 -0.0051665160053301282 -0.0068046701360832563 0.0031504999832321452 0.0069460744898894736
leaf_weight=13.999999999999998 2128 1929 202 10.999999999999998 49 29
leaf_count=14 2128 1929 202 11 49 29
internal_value=8.74318e-05 -0.000856664 -0.00105937 -0.00378947 0.00612865 0.00316462
internal_weight=4362 2234 2171 242 63 40
internal_count=4362 2234 2171 242 63 40
is_linear=0
shrinkage=0.02


Tree=20
num_leaves=7
num_cat=0
split_feature=13 13 1 9 9 5
split_gain=8.5978 4.58615 4.09915 3.83663 3.38566 3.44083
threshold=26.125000000000004 17.625000000000004 0.73608952634689129 0.40914603770595964 0.067927309772304809 2.5000000000000004
decision_type=10 8 2 8 8 2
left_child=1 3 -2 -1 -3 -6
right_child=2 4 -4 -5 5 -7
leaf_value=0.0026250535789655435 0.0016325215668437064 0.0089781187474727627 0.010383788509802386 -0.0039597791533296303 -0.0012950378633541143 0.00015047585110139938
leaf_weight=42 798 15.999999999999998 22 225 906 2413
leaf_count=42 798 16 22 225 906 2413
internal_value=1.89827e-05 -0.000401792 0.00186731 -0.00292396 -0.000199867 -0.000244112
internal_weight=4422 3602 820 267 3335 3319
internal_count=4422 3602 820 267 3335 3319
is_linear=0
shrinkage=0.02


Tree=21
num_leaves=7
num_cat=0
split_feature=13 13 0 9 6 12
split_gain=8.25733 4.40454 3.93682 3.6847 3.37936 4.44836
threshold=26.125000000000004 17.625000000000004 0.74127254673922438 0.40914603770595964 0.093723450706237013 8.7500000000000018
decision_type=10 8 10 8 2 10
left_child=1 3 4 -1 5 -2
right_child=2 -3 -4 -5 -6 -7
leaf_value=0.0025725523785998421 0.0016349915369212942 -0.00019586959056131406 0.010176112780516798 -0.0038805835886418613 0.0027887956092198345 -0.0031825617785480893
leaf_weight=42 253 3335 22 225 435 110
leaf_count=42 253 3335 22 225 435 110
internal_value=1.8603e-05 -0.000393756 0.00182997 -0.00286548 0.00159987 0.000175127
internal_weight=4422 3602 820 267 798 363
internal_count=4422 3602 820 267 798 363
is_linear=0
shrinkage=0.02


Tree=22
num_leaves=7
num_cat=0
split_feature=13 13 1 9 9 5
split_gain=7.93034 4.23012 3.78092 3.53879 3.25159 3.30457
threshold=26.125000000000004 17.625000000000004 0.73608952634689129 0.40914603770595964 0.067927309772304809 2.5000000000000004
decision_type=10 8 2 8 8 2
left_child=1 3 -2 -1 -3 -6
right_child=2 4 -4 -5 5 -7
leaf_value=0.0025211014563129063 0.0015678736764907295 0.0088024735264480118 0.0099725904654372824 -0.0038029719767885073 -0.0012652197289722612 0.00015138374390337718
leaf_weight=42 798 15.999999999999998 22 225 906 2413
leaf_count=42 798 16 22 225 906 2413
internal_value=1.82309e-05 -0.000385881 0.00179337 -0.00280817 -0.000191952 -0.000235312
internal_weight=4422 3602 820 267 3335 3319
internal_count=4422 3602 820 267 3335 3319
is_linear=0
shrinkage=0.02


Tree=23
num_leaves=7
num_cat=0
split_feature=13 13 0 9 6 12
split_gain=7.6163 4.06261 3.6312 3.39865 3.24553 4.2722
threshold=26.125000000000004 17.625000000000004 0.74127254673922438 0.40914603770595964 0.093723450706237013 8.7500000000000018
decision_type=10 8 10 8 2 10
left_child=1 3 4 -1 5 -2
right_child=2 -3 -4 -5 -6 -7
leaf_value=0.0024706794208447852 0.0015709342621036773 -0.00018811314947316017 0.0097731387208808557 -0.0037269124629648611 0.0027016622232508732 -0.0031502680148590696
leaf_weight=42 253 3335 22 225 435 110
leaf_count=42 253 3335 22 225 435 110
internal_value=1.78663e-05 -0.000378163 0.0017575 -0.00275201 0.00153652 0.000140267
internal_weight=4422 3602 820 267 798 363
internal_count=4422 3602 820 267 798 363
is_linear=0
shrinkage=0.02


Tree=24
num_leaves=7
num_cat=0
split_feature=13 9 10 1 8 6
split_gain=7.41666 5.03655 3.38209 4.74421 4.64565 3.74135
threshold=23.375000000000004 0.11886852170077992 11.500000000000002 0.41853915338540454 13.35769024496852 0.78856820721307286
decision_type=10 8 2 2 10 2
left_child=1 -1 3 5 -4 -2
right_child=2 -3 4 -5 -6 -7
leaf_value=0.0090408424119509407 0.00065036587380575537 -0.00079573613363387188 -0.00022812660595575293 0.0035168195677012497 -0.012358945556558096 0.0093753291256725799
leaf_weight=21 1153 2445 441 329 12.999999999999998 20
leaf_count=21 1153 2445 441 329 13 20
internal_value=1.7509e-05 -0.00071197 0.000937189 0.00139442 -0.000575485 0.000799129
internal_weight=4422 2466 1956 1502 454 1173
internal_count=4422 2466 1956 1502 454 1173
is_linear=0
shrinkage=0.02


Tree=25
num_leaves=7
num_cat=0
split_feature=12 0 12 9 13 9
split_gain=10.472 5.95423 6.00724 5.66977 5.84128 5.04678
threshold=4.7500000000000009 0.41853915338540454 7.7500000000000009 0.81578673735761675 19.375000000000004 0.70018349930314594
decision_type=10 10 10 10 8 8
left_child=3 -2 -3 4 -1 -6
right_child=1 2 -4 -5 5 -7
leaf_value=-0.0028746181831118605 0.00098284834595874703 0.007923723691002171 0.0011140463560035355 0.00095169365932061176 0.00024839510468303963 -0.0017410730871163722
leaf_weight=525 702 114 95 783 1318 832
leaf_count=525 702 114 95 783 1318 832
internal_value=-4.25928e-05 0.00186509 0.00482842 -0.000545167 -0.000983313 -0.000521483
internal_weight=4369 911 209 3458 2675 2150
internal_count=4369 911 209 3458 2675 2150
is_linear=0
shrinkage=0.02


Tree=26
num_leaves=7
num_cat=0
split_feature=12 0 12 9 13 2
split_gain=10.0573 5.71845 5.76936 5.44525 5.60996 4.9845
threshold=4.7500000000000009 0.41853915338540454 7.7500000000000009 0.81578673735761675 19.375000000000004 0.29429437984247669
decision_type=10 10 10 10 8 10
left_child=3 -2 5 4 -1 -3
right_child=1 2 -4 -5 -6 -7
leaf_value=-0.002817125861259965 0.00096319138682699444 0.01294378134691053 0.0010917654496029412 0.00093265977904609723 -0.00051105319642039495 0.004387945704418572
leaf_weight=525 702 45 95 783 2150 69
leaf_count=525 702 45 95 783 2150 69
internal_value=-4.1741e-05 0.00182779 0.00473185 -0.000534263 -0.000963647 0.00776525
internal_weight=4369 911 209 3458 2675 114
internal_count=4369 911 209 3458 2675 114
is_linear=0
shrinkage=0.02


Tree=27
num_leaves=7
num_cat=0
split_feature=12 0 12 2 2 13
split_gain=9.65901 5.492 5.54089 4.78711 4.46608 4.14538
threshold=4.7500000000000009 0.41853915338540454 7.7500000000000009 0.29429437984247669 -0.1215260443233683 21.125000000000004
decision_type=10 10 10 10 8 8
left_child=5 -2 3 4 -3 -1
right_child=1 2 -4 -5 -6 -7
leaf_value=-0.0013925721745347145 0.00094392752138679876 0.0016077025624161418 0.001069930025155803 0.0043001867960328647 0.016268706696436687 2.822282507214211e-05
leaf_weight=1343 702 10.999999999999998 95 69 34 2115
leaf_count=1343 702 11 95 69 34 2115
internal_value=-4.09062e-05 0.00179123 0.00463721 0.00760994 0.0126849 -0.000523578
internal_weight=4369 911 209 114 45 3458
internal_count=4369 911 209 114 45 3458
is_linear=0
shrinkage=0.02


Tree=28
num_leaves=7
num_cat=0
split_feature=12 0 12 8 12 1
split_gain=9.27652 5.27451 5.32147 4.65701 3.88355 5.42121
threshold=4.7500000000000009 0.41853915338540454 7.7500000000000009 9.9028081713106548 -3.7499999999999996 -0.2548675364670947
decision_type=10 10 10 8 8 2
left_child=4 -2 3 -3 5 -1
right_child=1 2 -4 -5 -6 -7
leaf_value=0.0067280293717199282 0.00092504899431682694 0.0041330205050625788 0.0010485315095498473 0.012372556197983416 -6.4154131618357851e-05 -0.0017593802510169692
leaf_weight=31 702 68 95 46 2387 1040
leaf_count=31 702 68 95 46 2387 1040
internal_value=-4.0088e-05 0.00175541 0.00454447 0.00745775 -0.000513107 -0.00151371
internal_weight=4369 911 209 114 3458 1071
internal_count=4369 911 209 114 3458 1071
is_linear=0
shrinkage=0.02


Tree=29
num_leaves=7
num_cat=0
split_feature=12 9 13 1 12 9
split_gain=8.90917 5.22998 5.20314 5.06564 5.11074 4.84314
threshold=4.7500000000000009 0.81578673735761675 19.375000000000004 0.41853915338540454 7.7500000000000009 0.70018349930314594
decision_type=10 10 8 2 10 8
left_child=1 2 -1 -2 -5 -4
right_child=3 -3 5 4 -6 -7
leaf_value=-0.0027086643260388105 0.00090654802781282959 0.00093479076440245075 0.00026640514793437628 0.0073085903858749624 0.0010275608802851484 -0.0016825125468798994
leaf_weight=525 702 783 1318 114 95 832
leaf_count=525 702 783 1318 114 95 832
internal_value=-3.92863e-05 -0.000502844 -0.000923655 0.0017203 0.00445358 -0.000487781
internal_weight=4369 3458 2675 911 209 2150
internal_count=4369 3458 2675 911 209 2150
is_linear=0
shrinkage=0.02


Tree=30
num_leaves=7
num_cat=0
split_feature=12 9 7 0 7 6
split_gain=7.26911 4.46478 3.78659 5.04049 3.94647 7.70132
threshold=3.7500000000000004 0.81578673735761675 -0.3411247564142153 0.75873527059828627 0.64061034667550942 0.089443410938377668
decision_type=10 10 2 8 2 2
left_child=1 -1 3 -2 -4 -6
right_child=2 -3 4 -5 5 -7
leaf_value=-0.00090056196253708891 -0.0054333244525201496 0.00087564429531967027 0.0025951957746500969 0.0082832509526409789 -0.0029420408321279888 0.0026052584046944638
leaf_weight=2509 61 731 670 12.999999999999998 183 221
leaf_count=2509 61 731 670 13 183 221
internal_value=-1.52723e-05 -0.000499819 0.00135226 -0.00302366 0.00165377 9.24966e-05
internal_weight=4388 3240 1148 74 1074 404
internal_count=4388 3240 1148 74 1074 404
is_linear=0
shrinkage=0.02


Tree=31
num_leaves=7
num_cat=0
split_feature=12 7 0 7 6 7
split_gain=6.98125 3.63664 4.84089 3.79019 7.39635 3.6103
threshold=3.7500000000000004 -0.3411247564142153 0.75873527059828627 0.64061034667550942 0.089443410938377668 1.7955855657184843
decision_type=10 2 8 2 2 2
left_child=5 2 -2 -3 -5 -1
right_child=1 3 -4 4 -6 -7
leaf_value=-0.00053830955315036985 -0.0053246579271384329 0.0025432918662554585 0.0081175858355485471 -0.0028832000659402114 0.0025531532510596738 0.008702704398071066
leaf_weight=3223 61 670 12.999999999999998 183 221 17
leaf_count=3223 61 670 13 183 221 17
internal_value=-1.49668e-05 0.00132522 -0.00296318 0.0016207 9.06467e-05 -0.000489823
internal_weight=4388 1148 74 1074 404 3240
internal_count=4388 1148 74 1074 404 3240
is_linear=0
shrinkage=0.02


Tree=32
num_leaves=7
num_cat=0
split_feature=9 7 0 6 9 0
split_gain=6.18272 4.60128 4.29724 3.4605 4.89953 4.33405
threshold=0.81578673735761675 -0.32578386986805258 0.32263303845521679 0.2384910311698015 0.56641667048633892 0.45204125576894832
decision_type=10 2 8 2 8 10
left_child=1 2 -1 -3 -5 -6
right_child=-2 3 -4 4 5 -7
leaf_value=-0.0050184127724272496 0.0013374288889513725 -0.00062253812992357879 -0.00028876921361578362 0.0027304059718094042 -0.0010066590292669671 0.0045831543668394996
leaf_weight=161 1034 2175 147 343 465 63
leaf_count=161 1034 2175 147 343 465 63
internal_value=-1.46675e-05 -0.000431503 -0.00276108 -0.000195945 0.000869313 -0.000339693
internal_weight=4388 3354 308 3046 871 528
internal_count=4388 3354 308 3046 871 528
is_linear=0
shrinkage=0.02


Tree=33
num_leaves=7
num_cat=0
split_feature=12 9 13 7 9 7
split_gain=6.67408 4.10759 4.10114 4.3497 3.63052 5.41415
threshold=3.7500000000000004 0.81578673735761675 18.125000000000004 1.577978961145315 0.97689268783462901 -0.6050289699176099
decision_type=10 10 8 2 10 2
left_child=1 2 -1 -4 5 -2
right_child=4 -3 3 -5 -6 -7
leaf_value=-0.0030997646237394356 -0.0074170711097018473 0.00084063202114686595 -0.00066714471807196479 0.0075615735695912295 0.0081619986395041148 0.001338878390659331
leaf_weight=290 29 731 2193 26 30 1089
leaf_count=290 29 731 2193 26 30 1089
internal_value=-1.43741e-05 -0.000478666 -0.000863045 -0.000570729 0.001296 0.00111176
internal_weight=4388 3240 2509 2219 1148 1118
internal_count=4388 3240 2509 2219 1148 1118
is_linear=0
shrinkage=0.02


Tree=34
num_leaves=7
num_cat=0
split_feature=13 13 6 7 7 9
split_gain=6.43336 4.75508 4.25188 4.04784 5.30612 5.54631
threshold=20.875000000000004 20.625000000000004 0.65020961907854058 0.33103028412313334 0.83977561227551789 0.51863861894286944
decision_type=8 10 2 2 2 8
left_child=1 2 3 -1 5 -5
right_child=-2 -3 -4 4 -6 -7
leaf_value=0.00049091206933290599 0.00046627107162544677 -0.0053716432729704012 -0.0088587036377821976 -0.0073508091408681746 0.0011961652792449439 -0.0017950259343480002
leaf_weight=574 3149 102 26 96 155 286
leaf_count=574 3149 102 26 96 155 286
internal_value=-1.40867e-05 -0.00123495 -0.000863845 -0.000676747 -0.00192486 -0.00319124
internal_weight=4388 1239 1137 1111 537 382
internal_count=4388 1239 1137 1111 537 382
is_linear=0
shrinkage=0.02


Tree=35
num_leaves=7
num_cat=0
split_feature=13 0 9 9 5 7
split_gain=6.21696 4.12174 3.38419 3.81771 3.51519 4.20912
threshold=26.625000000000004 0.71551386713200615 0.81578673735761675 0.70018349930314594 2.5000000000000004 -0.17986169310841479
decision_type=8 10 10 8 2 2
left_child=2 -2 3 -1 5 -5
right_child=1 -3 -4 4 -6 -7
leaf_value=-2.9506408543809963e-05 0.0013908731230178469 0.0099720042539031602 0.00083277189058315534 -0.0097312890531288249 -0.00076861946035733158 -0.0024873057386632694
leaf_weight=1676 844 23 846 36 691 295
leaf_count=1676 844 23 846 36 691 295
internal_value=0.00010046 0.00161852 -0.000270916 -0.000616994 -0.00158043 -0.00327517
internal_weight=4411 867 3544 2698 1022 331
internal_count=4411 867 3544 2698 1022 331
is_linear=0
shrinkage=0.02


Tree=36
num_leaves=7
num_cat=0
split_feature=12 9 6 9 8 0
split_gain=4.88048 3.80842 4.00598 6.57185 4.82278 5.13352
threshold=-1.7499999999999998 0.81578673735761675 0.19249501770406832 0.54873217526663642 8.7579141711194577 0.026020752348980408
decision_type=8 10 2 8 8 10
left_child=-1 2 -2 -4 -5 -6
right_child=1 -3 3 4 5 -7
leaf_value=-0.00070466730058385183 -0.00046330422215253215 0.0020001696683481147 0.0040036665244403448 -0.0016422705708442637 -0.0025199547187800993 0.0046702892404362449
leaf_weight=1795 1259 633 253 283 57 131
leaf_count=1795 1259 633 253 283 57 131
internal_value=9.84505e-05 0.000649519 0.000218374 0.00140378 7.23546e-06 0.00249027
internal_weight=4411 2616 1983 724 471 188
internal_count=4411 2616 1983 724 471 188
is_linear=0
shrinkage=0.02


Tree=37
num_leaves=7
num_cat=0
split_feature=13 1 9 9 1 7
split_gain=5.87102 3.95253 3.16445 3.68776 6.89199 3.82768
threshold=26.625000000000004 0.71551386713200615 0.81578673735761675 0.21532439528734493 0.27420697638852182 0.071218910937239824
decision_type=8 2 10 8 2 2
left_child=2 -2 3 4 5 -1
right_child=1 -3 -4 -5 -6 -7
leaf_value=0.013712906746400728 0.0013487770201320267 0.0097519230939771811 0.00080284172828676921 -0.0007456359199340813 -0.0080994483673324201 0.0033082161019697331
leaf_weight=18 844 23 846 2596 18 66
leaf_count=18 844 23 846 2596 18 66
internal_value=9.64815e-05 0.0015717 -0.000264414 -0.000599068 0.00313122 0.00553779
internal_weight=4411 867 3544 2698 102 84
internal_count=4411 867 3544 2698 102 84
is_linear=0
shrinkage=0.02


Tree=38
num_leaves=7
num_cat=0
split_feature=13 1 9 9 8 8
split_gain=5.63853 3.79601 3.03914 3.60951 4.38548 5.22712
threshold=26.625000000000004 0.71551386713200615 0.81578673735761675 0.70018349930314594 6.4967284393384279 6.4386591414285261
decision_type=8 2 10 8 8 10
left_child=2 -2 3 -1 5 -5
right_child=1 -3 -4 4 -6 -7
leaf_value=-1.5843040789816492e-05 0.0013218015340094509 0.0095568845728817194 0.00078678486443259019 -0.0030628253245257265 -0.00069329917333465693 -0.017115985615686939
leaf_weight=1676 844 23 846 282 729 10.999999999999998
leaf_count=1676 844 23 846 282 729 11
internal_value=9.45519e-05 0.00154026 -0.000259125 -0.000587087 -0.00152388 -0.00359042
internal_weight=4411 867 3544 2698 1022 293
internal_count=4411 867 3544 2698 1022 293
is_linear=0
shrinkage=0.02


Tree=39
num_leaves=7
num_cat=0
split_feature=13 8 0 9 8 1
split_gain=5.43188 3.46204 3.21746 2.97794 7.43504 4.9044
threshold=26.125000000000004 0.80011858597876695 0.75873527059828627 0.21532439528734493 12.045798792374056 0.27420697638852182
decision_type=8 8 10 8 10 2
left_child=3 -2 -3 4 5 -1
right_child=1 2 -4 -5 -6 -7
leaf_value=0.0027672338580282834 -0.010312743969261646 0.0013456181258943928 0.0092591592243739546 -0.00038783914871021315 0.014022017223760485 -0.0099199673148492977
leaf_weight=65 9.9999999999999982 961 21 3319 20 14.999999999999998
leaf_count=65 10 961 21 3319 20 15
internal_value=9.26608e-05 0.00139562 0.00151485 -0.000285384 0.00311511 0.000388384
internal_weight=4411 992 982 3419 100 80
internal_count=4411 992 982 3419 100 80
is_linear=0
shrinkage=0.02


Tree=40
num_leaves=7
num_cat=0
split_feature=13 0 13 2 13 9
split_gain=5.92823 5.11383 4.85039 4.65511 3.78347 8.86848
threshold=26.125000000000004 0.26076609411644541 16.375000000000004 0.52321032201774831 25.375000000000004 0.43554448267753049
decision_type=10 8 10 10 10 10
left_child=1 2 -1 -3 -5 -6
right_child=-2 3 -4 4 5 -7
leaf_value=-0.0047732745458844549 0.0015376656865007899 -0.00014319501101147132 -0.00081136719617181166 0.002921976780569231 -0.019838155776262283 0.0015878667485188036
leaf_weight=134 833 1443 1593 370 9.9999999999999982 34
leaf_count=134 833 1443 1593 370 10 34
internal_value=1.78528e-05 -0.000335385 -0.00111878 0.000393165 0.00226265 -0.00328168
internal_weight=4417 3584 1727 1857 414 44
internal_count=4417 3584 1727 1857 414 44
is_linear=0
shrinkage=0.02


Tree=41
num_leaves=7
num_cat=0
split_feature=13 0 12 3 9 9
split_gain=5.69347 4.91132 5.47054 5.35238 4.41657 5.4655
threshold=26.125000000000004 0.26076609411644541 -10.749999999999998 0.84936900867423726 0.81578673735761675 0.79523280994841439
decision_type=10 8 10 10 10 10
left_child=1 2 -1 4 5 -3
right_child=-2 3 -4 -5 -6 -7
leaf_value=-0.004993281490607117 0.0015069123493375578 -4.4407135282281989e-05 -0.00077125328783536856 0.0060685651493258778 0.0022763370456157033 -0.006415590183875922
leaf_weight=133 833 1408 1594 64 329 56
leaf_count=133 833 1408 1594 64 329 56
internal_value=1.74957e-05 -0.000328677 -0.0010964 0.000385301 0.000182441 -0.000288114
internal_weight=4417 3584 1727 1857 1793 1464
internal_count=4417 3584 1727 1857 1793 1464
is_linear=0
shrinkage=0.02


Tree=42
num_leaves=7
num_cat=0
split_feature=13 0 12 3 13 12
split_gain=5.46801 4.71683 5.2539 5.14043 4.35995 3.80138
threshold=26.125000000000004 0.26076609411644541 -10.749999999999998 0.84936900867423726 25.875000000000004 7.2500000000000009
decision_type=10 8 10 10 10 10
left_child=1 2 -1 4 -3 -4
right_child=-2 3 5 -5 -6 -7
leaf_value=-0.0048934158483254064 0.0014767741013792346 0.00035587415415382149 -0.00091252528890554453 0.0059471937804482875 -0.0053139135083516264 0.0053318521762266763
leaf_weight=133 833 1737 1554 64 56 40
leaf_count=133 833 1737 1554 64 56 40
internal_value=1.71458e-05 -0.000322104 -0.00107447 0.000377595 0.000178792 -0.000755828
internal_weight=4417 3584 1727 1857 1793 1594
internal_count=4417 3584 1727 1857 1793 1594
is_linear=0
shrinkage=0.02


Tree=43
num_leaves=7
num_cat=0
split_feature=13 0 12 3 9 9
split_gain=5.25147 4.53004 5.04585 4.93687 4.24128 5.25175
threshold=26.125000000000004 0.26076609411644541 -10.749999999999998 0.84936900867423726 0.81578673735761675 0.79523280994841439
decision_type=10 8 10 10 10 10
left_child=1 2 -1 4 5 -3
right_child=-2 3 -4 -5 -6 -7
leaf_value=-0.0047955475616639947 0.0014472386279475449 -4.7012310070303184e-05 -0.00074071164761205146 0.0058282498834887524 0.0022271394883608023 -0.0062923710147983264
leaf_weight=133 833 1408 1594 64 329 56
leaf_count=133 833 1408 1594 64 329 56
internal_value=1.68029e-05 -0.000315662 -0.00105298 0.000370043 0.000175216 -0.000285906
internal_weight=4417 3584 1727 1857 1793 1464
internal_count=4417 3584 1727 1857 1793 1464
is_linear=0
shrinkage=0.02


Tree=44
num_leaves=7
num_cat=0
split_feature=13 0 12 3 13 7
split_gain=5.04351 4.35065 4.84603 4.74137 4.18954 3.67028
threshold=26.125000000000004 0.26076609411644541 -10.749999999999998 0.84936900867423726 25.875000000000004 -0.42689243635156893
decision_type=10 8 10 10 10 2
left_child=1 2 -1 4 -3 -4
right_child=-2 3 5 -5 -6 -7
leaf_value=-0.0046996366249089294 0.0014182938374826318 0.00034529901306543266 -0.0040302257304410298 0.005711684799171053 -0.0052125863438206056 -0.00044716495507140174
leaf_weight=133 833 1737 124 64 56 1470
leaf_count=133 833 1737 124 64 56 1470
internal_value=1.64668e-05 -0.000309348 -0.00103192 0.000362643 0.000171712 -0.000725897
internal_weight=4417 3584 1727 1857 1793 1594
internal_count=4417 3584 1727 1857 1793 1594
is_linear=0
shrinkage=0.02


Tree=45
num_leaves=7
num_cat=0
split_feature=12 0 8 3 6 2
split_gain=5.3313 3.56647 3.02135 4.48821 3.71019 3.79762
threshold=-1.7499999999999998 0.21475705950857785 8.8217686725167592 0.3551696933669129 0.21046246895022208 -0.60526073433922178
decision_type=10 8 10 10 2 10
left_child=1 -1 -2 4 -4 -6
right_child=2 -3 3 -5 5 -7
leaf_value=-0.0017168334604143228 0.00029035536771428102 2.4511532584874283e-05 0.0016699656752224257 -0.00067137334995048565 -0.0044893732454095569 0.0064251155245656777
leaf_weight=791 1739 1161 306 194 13.999999999999998 143
leaf_count=791 1739 1161 306 194 14 143
internal_value=9.47732e-05 -0.000681126 0.000726891 0.00188235 0.00295238 0.00545185
internal_weight=4348 1952 2396 657 463 157
internal_count=4348 1952 2396 657 463 157
is_linear=0
shrinkage=0.02


Tree=46
num_leaves=7
num_cat=0
split_feature=13 3 3 3 0 9
split_gain=6.20855 3.46692 3.81209 4.35849 6.23708 4.76974
threshold=23.375000000000004 1.3096864331958 -0.25913552570622084 -0.1226682976380621 0.32303750524802455 0.36629922427580258
decision_type=10 10 8 8 8 10
left_child=1 2 -1 4 5 -4
right_child=-2 -3 3 -5 -6 -7
leaf_value=0.00056565632842209062 0.00094473552399361449 0.0061792775913296896 -0.019061834182251582 -0.00076591485726194093 0.00010685394269109953 -0.0053377440524855048
leaf_weight=712 1915 30 10.999999999999998 1451 101 128
leaf_count=712 1915 30 11 1451 101 128
internal_value=9.28778e-05 -0.000577614 -0.00066197 -0.00117887 -0.0036755 -0.00642382
internal_weight=4348 2433 2403 1691 240 139
internal_count=4348 2433 2403 1691 240 139
is_linear=0
shrinkage=0.02


Tree=47
num_leaves=7
num_cat=0
split_feature=13 8 9 6 7 13
split_gain=5.96269 3.11556 4.41489 5.70021 4.10465 4.29414
threshold=23.375000000000004 8.8217686725167592 0.32018203312879928 -0.068315487759855922 -0.75446316952340131 23.625000000000004
decision_type=10 10 10 2 2 10
left_child=-1 -2 3 -3 -4 -6
right_child=1 2 4 -5 5 -7
leaf_value=-0.00056606218040663569 0.00042160022289599734 -0.016921021521091463 -0.0078698613281760893 -7.9988970353109083e-05 0.01086365062467478 0.0026497553673289894
leaf_weight=2433 1377 9.9999999999999982 13.999999999999998 41 27 446
leaf_count=2433 1377 10 14 41 27 446
internal_value=9.10202e-05 0.000925841 0.00221643 -0.00338215 0.00280273 0.00311862
internal_weight=4348 1915 538 51 487 473
internal_count=4348 1915 538 51 487 473
is_linear=0
shrinkage=0.02


Tree=48
num_leaves=7
num_cat=0
split_feature=13 3 3 7 3 2
split_gain=5.72657 3.32963 3.66113 5.86693 4.18589 5.44474
threshold=23.375000000000004 1.3096864331958 -0.25913552570622084 1.0279588841718825 -0.1226682976380621 0.1009344165485294
decision_type=10 10 8 2 8 10
left_child=1 2 3 -1 5 -4
right_child=-2 -3 4 -5 -6 -7
leaf_value=0.0011459624152176441 0.00090732399680589111 0.0060670132758095865 -0.005986714370384001 -0.0051142216812480584 -0.00073927528853094952 0.00019663800715759235
leaf_weight=646 1915 30 147 66 1451 93
leaf_count=646 1915 30 147 66 1451 93
internal_value=8.91998e-05 -0.000554741 -0.00063741 0.000565664 -0.00114397 -0.00359067
internal_weight=4348 2433 2403 712 1691 240
internal_count=4348 2433 2403 712 1691 240
is_linear=0
shrinkage=0.02


Tree=49
num_leaves=7
num_cat=0
split_feature=13 8 9 7 13 7
split_gain=5.4998 2.99218 4.24006 3.9421 4.12409 9.14972
threshold=23.375000000000004 8.8217686725167592 0.32018203312879928 -0.75446316952340131 23.625000000000004 0.3708681675086612
decision_type=10 10 10 2 10 2
left_child=-1 -2 -3 -4 5 -5
right_child=1 2 3 4 -6 -7
leaf_value=-0.00054364610377755985 0.00039502173268216603 -0.0033326556803841218 -0.0077306105835097177 0.023645112691447132 0.0025786137763403501 0.00021472554157177606
leaf_weight=2433 1377 51 13.999999999999998 12.000000000000002 446 14.999999999999998
leaf_count=2433 1377 51 14 12 446 15
internal_value=8.74158e-05 0.000889178 0.00215396 0.00272853 0.00303811 0.0106282
internal_weight=4348 1915 538 487 473 27
internal_count=4348 1915 538 487 473 27
is_linear=0
shrinkage=0.02


Tree=50
num_leaves=7
num_cat=0
split_feature=12 7 6 7 7 4
split_gain=4.52468 3.78819 3.66867 7.05253 2.90756 3.61189
threshold=4.7500000000000009 -0.81988126897553082 0.52928369549523524 0.12050939757405554 0.83355016692390582 1.0000000180025095e-35
decision_type=10 2 2 2 2 2
left_child=-1 -2 4 -4 -3 -6
right_child=1 2 3 -5 5 -7
leaf_value=-0.00019089714762739868 -0.0079762251850436713 0.0018043917957273302 0.01592249759286642 0.0022368556938561625 0.00031547078097559467 -0.0067083734408434894
leaf_weight=3445 17 643 20 61 157 36
leaf_count=3445 17 643 20 61 157 36
internal_value=0.000143849 0.00137854 0.00155196 0.00561603 0.0011582 -0.000994676
internal_weight=4379 934 917 81 836 193
internal_count=4379 934 917 81 836 193
is_linear=0
shrinkage=0.02


Tree=51
num_leaves=7
num_cat=0
split_feature=13 0 0 6 6 7
split_gain=4.33757 3.16544 3.18253 3.8169 3.448 3.24316
threshold=26.125000000000004 0.74127254673922438 0.56104994858676649 0.24983446716995886 0.52050320868720501 0.54170659144464284
decision_type=10 10 8 2 2 2
left_child=-1 2 3 -2 -4 -5
right_child=1 -3 4 5 -6 -7
leaf_value=-0.00016365974730899176 0.00082046374452936666 0.0084504187844693657 -0.0019409068667116654 0.0017022570514550004 0.0080718470513820653 0.006772867333219976
leaf_weight=3548 423 25 166 104 14.999999999999998 98
leaf_count=3548 423 25 166 104 15 98
internal_value=0.000140972 0.00144161 0.00122422 0.00190053 -0.00111112 0.00416226
internal_weight=4379 831 806 625 181 202
internal_count=4379 831 806 625 181 202
is_linear=0
shrinkage=0.02


Tree=52
num_leaves=7
num_cat=0
split_feature=12 6 10 0 2 12
split_gain=4.24361 3.4254 4.01406 3.11444 6.58978 3.20608
threshold=6.2500000000000009 0.0099977612216461485 14.500000000000002 0.41853915338540454 -0.28959588053308599 8.7500000000000018
decision_type=10 2 2 10 10 10
left_child=-1 2 3 4 -2 -6
right_child=1 -3 -4 -5 5 -7
leaf_value=-0.00013642152516905585 -0.012526031658053398 0.0025716933749265385 -0.010023825555108487 0.0040926651092013343 0.0026894929019941221 -0.0031931380165873898
leaf_weight=3666 18 462 15.999999999999998 64 90 63
leaf_count=3666 18 462 16 64 90 63
internal_value=0.000138152 0.00154992 -0.000330807 0.000329143 -0.00107943 0.000267233
internal_weight=4379 713 251 235 171 153
internal_count=4379 713 251 235 171 153
is_linear=0
shrinkage=0.02


Tree=53
num_leaves=7
num_cat=0
split_feature=12 3 10 6 7 0
split_gain=4.09127 3.94917 3.68881 4.22771 5.69764 4.1616
threshold=4.7500000000000009 -0.68112896765320163 13.500000000000002 0.52928369549523524 0.12050939757405554 0.40988084520659634
decision_type=10 8 2 2 2 10
left_child=1 -1 3 5 -5 -2
right_child=2 -3 -4 4 -6 -7
leaf_value=0.0022326450139670021 0.00050445201139011017 -0.00037274785958712412 -0.0018589034487354003 0.015527085646986962 0.0028964173369109632 0.0039959928712380525
leaf_weight=251 556 3194 127 20 50 181
leaf_count=251 556 3194 127 20 50 181
internal_value=0.000135389 -0.000182921 0.00130946 0.00180807 0.00650518 0.00136194
internal_weight=4379 3445 934 807 70 737
internal_count=4379 3445 934 807 70 737
is_linear=0
shrinkage=0.02


Tree=54
num_leaves=7
num_cat=0
split_feature=13 0 0 6 7 6
split_gain=3.96639 2.9824 3.0724 3.57737 3.40224 3.24905
threshold=26.125000000000004 0.74127254673922438 0.56104994858676649 0.24983446716995886 0.83977561227551789 0.52050320868720501
decision_type=10 10 8 2 2 2
left_child=-1 2 3 -2 5 -4
right_child=1 -3 4 -5 -6 -7
leaf_value=-0.00015862428956124234 0.00078429160256546432 0.0081795722767710691 -0.00034061044793237341 0.0040195276604684093 -0.0055675333827734002 0.011521196804940702
leaf_weight=3548 423 25 121 202 50 9.9999999999999982
leaf_count=3548 423 25 121 202 50 10
internal_value=0.000132681 0.00137643 0.00116541 0.00182992 -0.00112916 0.000564871
internal_weight=4379 831 806 625 181 131
internal_count=4379 831 806 625 181 131
is_linear=0
shrinkage=0.02


Tree=55
num_leaves=7
num_cat=0
split_feature=9 6 5 12 6 3
split_gain=4.69617 3.42988 3.57989 4.3672 6.53028 2.99761
threshold=0.91556489843793454 -1.1337607335357216 1.5000000000000002 -11.249999999999998 0.4579872378620235 1.9112020180536755
decision_type=10 2 2 8 2 10
left_child=1 -1 -3 4 -4 -5
right_child=-2 2 3 5 -6 -7
leaf_value=-0.010481902830875838 0.0021346226324575304 -0.0013255936816550221 -0.001967645698756564 0.00018922043322524952 -0.018365628086030483 0.010204724653934438
leaf_weight=12.999999999999998 368 873 51 3075 11.999999999999998 11.999999999999998
leaf_count=13 368 873 51 3075 12 12
internal_value=-2.82459e-05 -0.000225455 -0.000192312 0.000121769 -0.00509107 0.000228153
internal_weight=4404 4036 4023 3150 63 3087
internal_count=4404 4036 4023 3150 63 3087
is_linear=0
shrinkage=0.02


Tree=56
num_leaves=7
num_cat=0
split_feature=9 6 5 7 9 6
split_gain=4.51021 3.29405 3.43812 3.51432 3.26688 2.9493
threshold=0.91556489843793454 -1.1337607335357216 1.5000000000000002 -0.5716423452933036 0.31004688387393603 0.70376189977870995
decision_type=10 2 2 2 10 2
left_child=1 -1 -3 4 -4 -2
right_child=5 2 3 -5 -6 -7
leaf_value=-0.010272264893238361 0.0024206540416229615 -0.0012990818187948595 0.0077621400561183693 0.00025399448826943986 -0.0041642665150122046 -0.0076602119828263916
leaf_weight=12.999999999999998 356 873 9.9999999999999982 3027 113 11.999999999999998
leaf_count=13 356 873 10 3027 113 12
internal_value=-2.7681e-05 -0.000220946 -0.000188466 0.000119334 -0.00319464 0.00209193
internal_weight=4404 4036 4023 3150 123 368
internal_count=4404 4036 4023 3150 123 368
is_linear=0
shrinkage=0.02


Tree=57
num_leaves=7
num_cat=0
split_feature=9 6 12 6 8 6
split_gain=4.3316 3.16361 3.02731 5.98315 3.57431 2.83251
threshold=0.91556489843793454 -1.1337607335357216 -11.249999999999998 0.4579872378620235 9.6983464249782205 0.70376189977870995
decision_type=10 2 8 2 10 2
left_child=1 -1 3 4 -3 -2
right_child=5 2 -4 -5 -6 -7
leaf_value=-0.010066819603626544 0.0023722409822564739 -0.0037945108797534238 -0.00010360969431442959 -0.015373797461390495 0.0071984701342880731 -0.0075070075566569961
leaf_weight=12.999999999999998 356 56 3937 14.999999999999998 14.999999999999998 11.999999999999998
leaf_count=13 356 56 3937 15 15 12
internal_value=-2.71273e-05 -0.000216527 -0.000184696 -0.00389677 -0.00147205 0.00205009
internal_weight=4404 4036 4023 86 71 368
internal_count=4404 4036 4023 86 71 368
is_linear=0
shrinkage=0.02


Tree=58
num_leaves=7
num_cat=0
split_feature=13 9 7 3 3 3
split_gain=4.33699 5.83406 3.78134 2.91306 5.53851 6.17214
threshold=23.625000000000004 0.91556489843793454 0.32452076250813261 -0.44200358465930806 -0.060771958261137286 -0.083000459336664431
decision_type=8 10 2 8 8 10
left_child=2 -2 3 -1 5 -5
right_child=1 -3 -4 4 -6 -7
leaf_value=0.0026427816993400801 0.00032785180642101903 0.0041697515566117326 -0.0013344503708536241 -0.0016765274333301933 0.00088122057335174363 -0.013456046602835781
leaf_weight=173 1836 173 1294 280 629 19
leaf_count=173 1836 173 1294 280 629 19
internal_value=-2.65848e-05 0.000658687 -0.000601412 0.000260124 -0.000184057 -0.00242506
internal_weight=4404 2009 2395 1101 928 299
internal_count=4404 2009 2395 1101 928 299
is_linear=0
shrinkage=0.02


Tree=59
num_leaves=7
num_cat=0
split_feature=13 9 7 5 7 3
split_gain=4.16524 5.60303 3.6316 2.88758 5.05628 4.42469
threshold=23.625000000000004 0.91556489843793454 0.32452076250813261 1.5000000000000002 -0.5716423452933036 -0.59505419650195279
decision_type=8 10 2 2 2 10
left_child=2 -2 3 5 -5 -1
right_child=1 -3 -4 4 -6 -7
leaf_value=0.0035014000096741842 0.0003212947595315683 0.0040863565286632219 -0.0013077613715585493 -0.0037844654040989178 0.0012991888378299417 -0.0031561006570700557
leaf_weight=51 1836 173 1294 87 779 184
leaf_count=51 1836 173 1294 87 779 184
internal_value=-2.60531e-05 0.000645514 -0.000589384 0.000254921 0.000788475 -0.00171128
internal_weight=4404 2009 2395 1101 866 235
internal_count=4404 2009 2395 1101 866 235
is_linear=0
shrinkage=0.02


Tree=60
num_leaves=7
num_cat=0
split_feature=13 0 9 9 9 8
split_gain=3.91054 3.92906 9.25886 6.43094 5.26179 6.12194
threshold=21.125000000000004 -0.12496411937062481 0.30633126102790625 0.76004116242346831 0.55090219437427235 6.4967284393384279
decision_type=8 8 10 10 10 8
left_child=1 2 -1 4 -4 -6
right_child=-2 -3 3 -5 5 -7
leaf_value=0.017271455667912963 0.00041775531555737831 -0.0012277994005004884 0.0027067384182342465 0.007923357672989368 0.0017415464172760642 -0.014828302029689606
leaf_weight=14.999999999999998 3055 1202 35 32 15.000000000000002 21.999999999999996
leaf_count=15 3055 1202 35 32 15 22
internal_value=2.46077e-05 -0.000884602 0.00258198 0.000463306 -0.00285227 -0.0081108
internal_weight=4376 1321 119 104 72 37
internal_count=4376 1321 119 104 72 37
is_linear=0
shrinkage=0.02


Tree=61
num_leaves=7
num_cat=0
split_feature=0 6 8 6 10 3
split_gain=2.96401 3.08242 4.13023 4.12385 4.01307 5.53097
threshold=0.40843961066045226 0.155317730964912 7.641647562396205 0.1448410775762809 12.500000000000002 0.37850875913645426
decision_type=10 2 10 2 2 10
left_child=-1 3 -3 -2 5 -4
right_child=1 2 4 -5 -6 -7
leaf_value=-0.00020879253988265352 0.00043690824028668385 0.00055000969735709466 0.008796083994427736 -0.012553648948669434 -0.0015236601378354761 -0.0051222363916727208
leaf_weight=3646 434 152 94 9.9999999999999982 27 12.999999999999998
leaf_count=3646 434 152 94 10 27 13
internal_value=2.41155e-05 0.00118738 0.00280666 0.000144328 0.00536645 0.00710507
internal_weight=4376 730 286 444 134 107
internal_count=4376 730 286 444 134 107
is_linear=0
shrinkage=0.02


Tree=62
num_leaves=7
num_cat=0
split_feature=13 0 9 9 9 6
split_gain=3.73356 3.77798 8.89221 6.17628 5.05343 3.56037
threshold=21.125000000000004 -0.12496411937062481 0.30633126102790625 0.76004116242346831 0.55090219437427235 0.3777705520617981
decision_type=8 8 10 10 10 2
left_child=1 2 -1 4 -4 -3
right_child=-2 5 3 -5 -6 -7
leaf_value=0.01693020238975684 0.0004077815848490074 -0.00079027861550723876 0.0026567793765238353 0.0077690664888359611 -0.0079444039643213563 -0.0040839207842635608
leaf_weight=14.999999999999998 3055 1052 35 32 37 150
leaf_count=15 3055 1052 35 32 37 150
internal_value=2.36332e-05 -0.000864764 0.00253452 0.000458216 -0.00279105 -0.0012013
internal_weight=4376 1321 119 104 72 1202
internal_count=4376 1321 119 104 72 1202
is_linear=0
shrinkage=0.02


Tree=63
num_leaves=7
num_cat=0
split_feature=13 6 9 9 1 10
split_gain=3.58572 3.62994 3.66295 3.28646 6.09375 4.11343
threshold=21.125000000000004 0.3777705520617981 0.264004787817608 0.76004116242346831 -0.13229190663749016 5.5000000000000009
decision_type=8 2 8 8 2 2
left_child=1 3 -3 -1 5 -5
right_child=-2 2 -4 4 -6 -7
leaf_value=-0.0013413386623133713 0.00039962594280045698 0.0081330283954739561 -0.0043509729395495959 0.017343908177156534 0.00020846911974944495 0.0030566691254314622
leaf_weight=679 3055 9.9999999999999982 157 13.999999999999998 442 19
leaf_count=679 3055 10 157 14 442 19
internal_value=2.31606e-05 -0.000847469 -0.00360343 -0.000448643 0.000827442 0.00911792
internal_weight=4376 1321 167 1154 475 33
internal_count=4376 1321 167 1154 475 33
is_linear=0
shrinkage=0.02


Tree=64
num_leaves=7
num_cat=0
split_feature=0 7 3 1 7 7
split_gain=2.88697 3.91453 3.66189 3.65157 3.59788 2.72746
threshold=0.32130848982524102 -0.42689243635156893 -1.6051025312870857 0.17519248998930573 -0.42689243635156893 -0.40467728032833178
decision_type=8 2 8 2 2 2
left_child=4 3 -3 -2 -1 -6
right_child=1 2 -4 -5 5 -7
leaf_value=-0.0033108427636566705 0.012881171085173265 0.009082217672349591 0.00025759357928841105 0.002678149831726363 0.0082594982484976449 -0.000298201894103151
leaf_weight=164 15.999999999999998 19 1874 114 14.999999999999998 2174
leaf_count=164 16 19 1874 114 15 2174
internal_value=2.26974e-05 0.000576718 0.000346166 0.00393391 -0.000453624 -0.000239561
internal_weight=4376 2023 1893 130 2353 2189
internal_count=4376 2023 1893 130 2353 2189
is_linear=0
shrinkage=0.02


Tree=65
num_leaves=7
num_cat=0
split_feature=12 8 9 9 6 3
split_gain=5.37223 4.15316 5.30965 7.42564 7.6364 5.98065
threshold=-1.7499999999999998 10.992275510101368 0.51863861894286944 0.41423975489609549 -0.010421528007158802 -0.24827434495018089
decision_type=8 10 10 10 2 10
left_child=1 2 3 4 5 -1
right_child=-2 -3 -4 -5 -6 -7
leaf_value=-0.001320020541328416 0.00067395477953114671 0.0022737604546727557 -0.00022347945949505608 -0.0063022917527038626 0.0010022307525862069 -0.0091576619001466839
leaf_weight=93 2588 165 1064 158 248 67
leaf_count=93 2588 165 1064 158 248 67
internal_value=9.08166e-05 -0.000749942 -0.00105602 -0.00262109 -0.00119552 -0.00460203
internal_weight=4383 1795 1630 566 408 160
internal_count=4383 1795 1630 566 408 160
is_linear=0
shrinkage=0.02


Tree=66
num_leaves=7
num_cat=0
split_feature=13 8 9 6 7 6
split_gain=5.02754 3.71635 6.3289 5.9477 3.6927 3.88981
threshold=23.375000000000004 8.8217686725167592 0.3004345942994468 0.082379664014344559 0.19502549640160796 -0.34890102101161108
decision_type=8 10 8 2 2 2
left_child=-1 4 3 -3 5 -2
right_child=1 2 -4 -5 -6 -7
leaf_value=-0.00057081796815879754 0.004358827077227438 -0.019637938916683192 0.0025492240233162006 2.42207245901227e-05 0.00090830555634425591 -0.0018290257003705122
leaf_weight=2249 45 10.000000000000002 577 15.999999999999998 1067 419
leaf_count=2249 45 10 577 16 1067 419
internal_value=8.90003e-05 0.000784376 0.00211428 -0.00753815 0.00026058 -0.00122891
internal_weight=4383 2134 603 26 1531 464
internal_count=4383 2134 603 26 1531 464
is_linear=0
shrinkage=0.02


Tree=67
num_leaves=7
num_cat=0
split_feature=12 8 9 9 3 8
split_gain=5.03356 3.97765 5.09556 7.14169 5.25461 5.21283
threshold=-1.7499999999999998 10.992275510101368 0.51863861894286944 0.41423975489609549 1.2464758396760087 10.078554779459672
decision_type=8 10 10 10 8 8
left_child=1 2 3 -1 -5 -4
right_child=-2 -3 5 4 -6 -7
leaf_value=-0.0011612913616494659 0.0006516788523528536 0.0022325160283256664 0.00013466774129447111 -0.0071175445603974463 0.0078619709536433234 -0.0058870746078137619
leaf_weight=408 2588 165 1003 148 9.9999999999999982 61
leaf_count=408 2588 165 1003 148 10 61
internal_value=8.72203e-05 -0.000726606 -0.00102615 -0.00255934 -0.00616947 -0.000210564
internal_weight=4383 1795 1630 566 158 1064
internal_count=4383 1795 1630 566 158 1064
is_linear=0
shrinkage=0.02


Tree=68
num_leaves=7
num_cat=0
split_feature=12 8 3 2 6 7
split_gain=4.83423 3.82014 4.20613 3.3443 4.05766 4.09603
threshold=-1.7499999999999998 10.992275510101368 1.2464758396760087 0.24353685755394969 0.75396674439824818 -0.3411247564142153
decision_type=8 10 10 10 2 2
left_child=1 2 -1 -2 5 -5
right_child=3 -3 -4 4 -6 -7
leaf_value=-0.0011067810325705604 -2.7254173298002332e-05 0.0021878657255208853 0.0091983439028263097 -0.0023958401508363232 0.0092294366242220774 0.0016264406757845781
leaf_weight=1614 1393 165 15.999999999999998 112 26 1057
leaf_count=1614 1393 165 16 112 26 1057
internal_value=8.54759e-05 -0.000712074 -0.00100563 0.000638645 0.00141488 0.00124107
internal_weight=4383 1795 1630 2588 1195 1169
internal_count=4383 1795 1630 2588 1195 1169
is_linear=0
shrinkage=0.02


Tree=69
num_leaves=7
num_cat=0
split_feature=9 13 0 3 3 0
split_gain=4.74258 4.39766 3.52361 4.69226 2.9358 2.9739
threshold=0.81578673735761675 17.875000000000004 -0.2479517466875478 -0.23839404963349001 -0.16976794841450452 0.14994438568492172
decision_type=10 8 8 8 8 10
left_child=1 2 -1 -4 -5 -6
right_child=-2 -3 3 4 5 -7
leaf_value=0.0073042331850872591 0.0012662623331250091 -7.6278769427310213e-05 8.1014472872335859e-05 -0.015139837674796581 -0.0067304792447436248 -9.0060555376112464e-05
leaf_weight=12.999999999999998 1036 3097 94 11.999999999999998 93 38
leaf_count=13 1036 3097 94 12 93 38
internal_value=8.37663e-05 -0.000282253 -0.00283386 -0.00338996 -0.00567157 -0.00480425
internal_weight=4383 3347 250 237 143 131
internal_count=4383 3347 250 237 143 131
is_linear=0
shrinkage=0.02


Tree=70
num_leaves=7
num_cat=0
split_feature=12 1 8 5 8 6
split_gain=6.6532 4.54614 3.23865 5.02183 4.63514 4.3941
threshold=-1.7499999999999998 0.44288948474870249 8.7926293492331258 4.5000000000000009 12.865157645326841 0.26336550409530163
decision_type=8 2 8 2 10 2
left_child=-1 -2 -3 4 5 -4
right_child=1 2 3 -5 -6 -7
leaf_value=-0.00096939160709532725 0.00024270725285969761 0.0010019695324450732 0.0050833796933293339 -0.0047072442674211097 -0.0030860784117664607 0.013503878698465997
leaf_weight=1784 2180 250 110 21 21 32
leaf_count=1784 2180 250 110 21 21 32
internal_value=-2.77772e-05 0.000614855 0.00248417 0.00449802 0.00568398 0.00698096
internal_weight=4398 2614 434 184 163 142
internal_count=4398 2614 434 184 163 142
is_linear=0
shrinkage=0.02


Tree=71
num_leaves=7
num_cat=0
split_feature=13 7 6 9 7 6
split_gain=5.77814 4.41282 6.8918 6.77724 4.10913 4.48321
threshold=21.125000000000004 0.33103028412313334 0.5119730048966753 0.46691015544692871 -0.32578386986805258 0.25365140281509013
decision_type=8 2 2 8 2 2
left_child=1 2 -1 -4 -2 -6
right_child=4 -3 3 -5 5 -7
leaf_value=0.00052147933334062608 -0.0019835308320842334 -0.0022909738348144471 0.0041572396270930772 -0.013221185494471212 0.00017541391038218755 0.001957873091693982
leaf_weight=639 254 658 12.999999999999998 29 2022 783
leaf_count=639 254 658 13 29 2022 783
internal_value=-2.72217e-05 -0.00112293 5.66084e-06 -0.00784215 0.000452398 0.000672977
internal_weight=4398 1339 681 42 3059 2805
internal_count=4398 1339 681 42 3059 2805
is_linear=0
shrinkage=0.02


Tree=72
num_leaves=7
num_cat=0
split_feature=12 0 9 8 5 2
split_gain=6.23621 4.36072 5.51712 4.62621 5.73402 3.76003
threshold=-1.7499999999999998 0.44288948474870249 0.29363519712169345 8.7579141711194577 4.5000000000000009 0.886506457866159
decision_type=8 10 8 8 2 8
left_child=-1 5 -3 -4 -5 -2
right_child=1 2 3 4 -6 -7
leaf_value=-0.00093830645616048056 0.00056601278884478839 -0.011557188001884655 0.0010071344514928605 0.0065208892489907249 -0.0048455943744629623 -0.001828424012189212
leaf_weight=1784 1875 10.999999999999998 245 158 20 305
leaf_count=1784 1875 11 245 158 20 305
internal_value=-2.66773e-05 0.00059549 0.00242628 0.00278992 0.00524376 0.000231011
internal_weight=4398 2614 434 423 178 2180
internal_count=4398 2614 434 423 178 2180
is_linear=0
shrinkage=0.02


Tree=73
num_leaves=7
num_cat=0
split_feature=12 0 9 8 5 9
split_gain=5.98926 4.18803 5.29864 4.44301 5.50695 3.71707
threshold=-1.7499999999999998 0.44288948474870249 0.29363519712169345 8.7579141711194577 4.5000000000000009 0.50003623304419931
decision_type=8 10 8 8 2 8
left_child=-1 5 -3 -4 -5 -2
right_child=1 2 3 4 -6 -7
leaf_value=-0.00091954033273620225 0.0017402019197423943 -0.011326043938500912 0.00098699176207847649 0.0063904714837406552 -0.0047486825305968526 -0.00022414786322873882
leaf_weight=1784 500 10.999999999999998 245 158 20 1680
leaf_count=1784 500 11 245 158 20 1680
internal_value=-2.61437e-05 0.000583581 0.00237776 0.00273412 0.00513888 0.000226391
internal_weight=4398 2614 434 423 178 2180
internal_count=4398 2614 434 423 178 2180
is_linear=0
shrinkage=0.02


Tree=74
num_leaves=7
num_cat=0
split_feature=12 0 9 8 5 2
split_gain=5.75208 4.02219 5.08881 4.26707 5.28888 3.61162
threshold=-1.7499999999999998 0.44288948474870249 0.29363519712169345 8.7579141711194577 4.5000000000000009 0.886506457866159
decision_type=8 10 8 8 2 8
left_child=-1 5 -3 -4 -5 -2
right_child=1 2 3 4 -6 -7
leaf_value=-0.00090114954127125922 0.0005501866308003664 -0.011099523097615352 0.00096725193338886828 0.0062626620036932267 -0.0046537089478224511 -0.0017965181309836688
leaf_weight=1784 1875 10.999999999999998 245 158 20 305
leaf_count=1784 1875 11 245 158 20 305
internal_value=-2.56208e-05 0.000571909 0.0023302 0.00267944 0.0050361 0.000221863
internal_weight=4398 2614 434 423 178 2180
internal_count=4398 2614 434 423 178 2180
is_linear=0
shrinkage=0.02


Tree=75
num_leaves=7
num_cat=0
split_feature=13 3 0 13 8 13
split_gain=3.08636 3.1832 2.98381 2.20048 2.13116 3.50142
threshold=23.375000000000004 1.3096864331958 0.68893475800873427 20.375000000000004 5.8703641105037514 15.875000000000002
decision_type=10 10 10 10 8 8
left_child=1 2 4 -3 5 -1
right_child=-2 3 -4 -5 -6 -7
leaf_value=-0.0065125097886755551 0.00058572551282265353 0.010863782912492752 0.0054032488195507808 0.0012884686351753772 -0.0010303477277737018 0.00058847540821087491
leaf_weight=29 1959 15.999999999999998 33 24 1708 658
leaf_count=29 1959 16 33 24 1708 658
internal_value=-7.00082e-06 -0.000477483 -0.000569676 0.00511859 -0.000651975 0.000288725
internal_weight=4427 2468 2428 40 2395 687
internal_count=4427 2468 2428 40 2395 687
is_linear=0
shrinkage=0.02


Tree=76
num_leaves=7
num_cat=0
split_feature=12 12 3 8 7 6
split_gain=4.20365 3.27594 4.76629 3.09014 4.95472 4.10737
threshold=-1.7499999999999998 -2.2499999999999996 0.53892946400374375 6.003693619716393 -0.5716423452933036 0.45466629970141265
decision_type=10 10 8 8 2 2
left_child=1 3 -3 -1 -5 -6
right_child=-2 2 -4 4 5 -7
leaf_value=0.00069990209984568366 0.00054979782288064533 -0.0084846847674444979 0.0041882499423809352 -0.0068848681714319231 -0.00047287648975754312 -0.0045452071055640574
leaf_weight=565 2438 46 15.999999999999998 56 1198 108
leaf_count=565 2438 46 16 56 1198 108
internal_value=-6.8608e-06 -0.00068918 -0.00521425 -0.000543589 -0.00105943 -0.000809639
internal_weight=4427 1989 62 1927 1362 1306
internal_count=4427 1989 62 1927 1362 1306
is_linear=0
shrinkage=0.02


Tree=77
num_leaves=7
num_cat=0
split_feature=12 12 3 13 8 7
split_gain=4.03718 3.14621 4.57755 3.04431 3.26367 4.59921
threshold=-1.7499999999999998 -2.2499999999999996 0.53892946400374375 26.125000000000004 6.003693619716393 -0.5716423452933036
decision_type=10 10 8 10 8 2
left_child=1 3 -3 4 -1 -6
right_child=-2 2 -4 -5 5 -7
leaf_value=0.00067916001757663312 0.00053880186124809443 -0.008314991090092403 0.0041044847702141852 0.0084422237823406857 -0.0067471709534480144 -0.00089293203714149044
leaf_weight=561 2438 46 15.999999999999998 14.999999999999998 56 1295
leaf_count=561 2438 46 16 15 56 1295
internal_value=-6.72359e-06 -0.000675397 -0.00510997 -0.000532717 -0.000603128 -0.00113559
internal_weight=4427 1989 62 1927 1912 1351
internal_count=4427 1989 62 1927 1912 1351
is_linear=0
shrinkage=0.02


Tree=78
num_leaves=7
num_cat=0
split_feature=12 12 3 13 3 9
split_gain=3.87731 3.02162 4.39627 2.92375 2.76117 2.77686
threshold=-1.7499999999999998 -2.2499999999999996 0.53892946400374375 26.125000000000004 1.3096864331958 0.80969890340270434
decision_type=10 10 8 10 10 10
left_child=1 3 -3 4 5 -1
right_child=-2 2 -4 -5 -6 -7
leaf_value=-0.0010968171377120563 0.00052802584651912574 -0.0081486912432086212 0.0040223952496307907 0.0082733793854713449 0.0057594153298823926 0.00073858169552393509
leaf_weight=1459 2438 46 15.999999999999998 14.999999999999998 27 426
leaf_count=1459 2438 46 16 15 27 426
internal_value=-6.5891e-06 -0.000661889 -0.00500777 -0.000522063 -0.000591065 -0.000682027
internal_weight=4427 1989 62 1927 1912 1885
internal_count=4427 1989 62 1927 1912 1885
is_linear=0
shrinkage=0.02


Tree=79
num_leaves=7
num_cat=0
split_feature=12 12 3 8 7 7
split_gain=3.72377 2.90196 4.22218 2.84553 4.56268 4.10927
threshold=-1.7499999999999998 -2.2499999999999996 0.53892946400374375 6.003693619716393 -0.5716423452933036 -0.40467728032833178
decision_type=10 10 8 8 2 2
left_child=1 3 -3 -1 -5 -6
right_child=-2 2 -4 4 5 -7
leaf_value=0.0006816384916119607 0.00051746532122302024 -0.0079857174582455472 0.0039419471260043791 -0.00659684620465019 0.0051045563432347519 -0.00098127550876083596
leaf_weight=565 2438 46 15.999999999999998 56 46 1260
leaf_count=565 2438 46 16 56 46 1260
internal_value=-6.45733e-06 -0.000648651 -0.00490761 -0.000511622 -0.00100662 -0.00076692
internal_weight=4427 1989 62 1927 1362 1306
internal_count=4427 1989 62 1927 1362 1306
is_linear=0
shrinkage=0.02


Tree=80
num_leaves=7
num_cat=0
split_feature=13 0 3 0 9 10
split_gain=3.15013 3.30498 4.21676 2.17449 3.6806 3.28901
threshold=17.875000000000004 -0.2479517466875478 0.60458374182216434 0.40843961066045226 0.42141985184579239 10.500000000000002
decision_type=8 8 8 10 8 2
left_child=1 -1 -3 -2 -5 -6
right_child=3 2 -4 4 5 -7
leaf_value=0.0082112572249025111 -0.00015942669894695213 -0.0016010620480719881 -0.0090077041398201677 -0.0031282846808433533 0.0024385673283781532 -0.00081006394840820492
leaf_weight=11.999999999999998 3400 253 35 75 460 171
leaf_count=12 3400 253 35 75 460 171
internal_value=-9.42477e-05 -0.00207268 -0.00250117 5.03039e-05 0.00106034 0.00155819
internal_weight=4406 300 288 4106 706 631
internal_count=4406 300 288 4106 706 631
is_linear=0
shrinkage=0.02


Tree=81
num_leaves=7
num_cat=0
split_feature=5 9 6 0 12 3
split_gain=4.4365 4.24787 3.02052 2.98005 3.36608 2.85519
threshold=2.5000000000000004 0.21532439528734493 0.13919622896882619 0.63201542758186335 9.7500000000000018 0.42293743201099171
decision_type=2 8 2 10 10 10
left_child=2 5 -1 -3 -5 -2
right_child=1 3 -4 4 -6 -7
leaf_value=-0.0019807457506972629 0.0036878860825433945 0.00010203477032600835 9.6074598061112287e-05 0.0056532526251805186 -0.0067742803096771248 0.01566668726503849
leaf_weight=700 39 3112 467 68 9.9999999999999982 9.9999999999999982
leaf_count=700 39 3112 467 68 10 10
internal_value=-9.23627e-05 0.000288578 -0.00114966 0.000198812 0.00405998 0.00613254
internal_weight=4406 3239 1167 3190 78 49
internal_count=4406 3239 1167 3190 78 49
is_linear=0
shrinkage=0.02


Tree=82
num_leaves=7
num_cat=0
split_feature=5 2 2 13 0 12
split_gain=4.26081 3.24061 4.1862 3.09818 2.98819 3.44672
threshold=2.5000000000000004 1.3233098276236812 1.0251129965840009 17.375000000000004 0.63201542758186335 9.7500000000000018
decision_type=2 10 10 8 10 10
left_child=3 2 4 -1 -2 -6
right_child=1 -3 -4 -5 5 -7
leaf_value=-0.0059472015085995349 0.00021342072675542307 0.0054961965486724331 -0.0048574691714748045 -0.00090637530062487857 0.0059870117332320658 -0.0066387945935130121
leaf_weight=51 3054 47 64 1116 64 9.9999999999999982
leaf_count=51 3054 47 64 1116 64 10
internal_value=-9.05155e-05 0.000282807 0.000206043 -0.00112667 0.000309644 0.00428082
internal_weight=4406 3239 3192 1167 3128 74
internal_count=4406 3239 3192 1167 3128 74
is_linear=0
shrinkage=0.02


Tree=83
num_leaves=7
num_cat=0
split_feature=5 9 13 6 2 12
split_gain=4.09208 4.08138 2.97549 2.75632 4.42773 3.98912
threshold=2.5000000000000004 0.21532439528734493 17.375000000000004 0.13919622896882619 1.1168358948881674 10.250000000000002
decision_type=2 8 8 2 10 10
left_child=2 -2 -1 -4 5 -5
right_child=1 -3 3 4 -6 -7
leaf_value=-0.0058282574983861517 0.0060054472185509782 0.00018916105836842262 -0.0017067889940007624 0.00035908357985540512 -0.0094007181272738501 0.010856408976018429
leaf_weight=51 49 3190 665 418 18 14.999999999999998
leaf_count=51 49 3190 665 418 18 15
internal_value=-8.87052e-05 0.000277151 -0.00110414 -0.000888248 0.000318692 0.000722732
internal_weight=4406 3239 1167 1116 451 433
internal_count=4406 3239 1167 1116 451 433
is_linear=0
shrinkage=0.02


Tree=84
num_leaves=7
num_cat=0
split_feature=5 2 2 0 12 13
split_gain=3.93004 3.10839 4.02354 2.87232 3.31023 2.85766
threshold=2.5000000000000004 1.3233098276236812 1.0251129965840009 0.63201542758186335 9.7500000000000018 17.375000000000004
decision_type=2 10 10 10 10 8
left_child=5 2 3 -2 -5 -1
right_child=1 -3 -4 4 -6 -7
leaf_value=-0.0057116922653079327 0.00020365506064554784 0.0053775394375019884 -0.0047677381188259461 0.0058634882897604258 -0.0065098021663725384 -0.00087048282732792351
leaf_weight=51 3054 47 64 64 9.9999999999999982 1116
leaf_count=51 3054 47 64 64 10 1116
internal_value=-8.69311e-05 0.000271608 0.000196426 0.000297995 0.00419142 -0.00108205
internal_weight=4406 3239 3192 3128 74 1167
internal_count=4406 3239 3192 3128 74 1167
is_linear=0
shrinkage=0.02


Tree=85
num_leaves=7
num_cat=0
split_feature=9 13 1 5 12 12
split_gain=3.70647 3.1886 2.68651 2.66104 3.8259 2.93418
threshold=0.81578673735761675 18.125000000000004 -0.2548675364670947 2.5000000000000004 -9.2499999999999982 7.7500000000000009
decision_type=10 8 2 2 8 10
left_child=1 2 -1 4 -3 -5
right_child=-2 3 -4 5 -6 -7
leaf_value=0.0078361003249883647 0.001039934047720536 0.0076288794651627545 -0.0027163313751309721 0.00048220892635305771 -0.0012127383053775231 -0.0020845903604462439
leaf_weight=9.9999999999999982 1037 20 276 1955 924 196
leaf_count=10 1037 20 276 1955 924 196
internal_value=-6.06354e-06 -0.000326886 -0.00234737 -0.000140179 -0.00102542 0.000248321
internal_weight=4418 3381 286 3095 944 2151
internal_count=4418 3381 286 3095 944 2151
is_linear=0
shrinkage=0.02


Tree=86
num_leaves=7
num_cat=0
split_feature=13 8 10 8 12 13
split_gain=2.99932 2.73111 4.11657 2.84074 3.07321 3.12339
threshold=18.125000000000004 9.1769308762334347 9.5000000000000018 9.5962197044469661 -3.7499999999999996 23.625000000000004
decision_type=8 10 2 10 10 10
left_child=-1 -2 -3 -4 -5 -6
right_child=1 2 3 4 5 -7
leaf_value=-0.0017555190894312949 -0.00013443239090125589 0.0021143735720221025 0.0035762359736556254 -0.0049380972352495566 0.003222549164169271 -0.0018915332246520747
leaf_weight=360 3124 589 54 74 71 146
leaf_count=360 3124 589 54 74 71 146
internal_value=-5.94227e-06 0.000149269 0.00109818 -0.000636711 -0.0014185 -0.000218262
internal_weight=4418 4058 934 345 291 217
internal_count=4418 4058 934 345 291 217
is_linear=0
shrinkage=0.02


Tree=87
num_leaves=7
num_cat=0
split_feature=9 13 1 5 12 13
split_gain=3.54955 2.95641 2.58012 2.55796 3.68377 2.81589
threshold=0.81578673735761675 18.125000000000004 -0.2548675364670947 2.5000000000000004 -9.2499999999999982 26.625000000000004
decision_type=10 8 2 2 8 10
left_child=1 2 -1 4 -3 -6
right_child=-2 3 -4 -5 5 -7
leaf_value=0.0077144885733723646 0.001017791991391046 0.007484100200235844 -0.0026268943733927133 0.00024090077301934588 -0.0016563264685742272 0.0014320610029448708
leaf_weight=9.9999999999999982 1037 20 276 2151 785 139
leaf_count=10 1037 20 276 2151 785 139
internal_value=-5.82343e-06 -0.000319781 -0.00226531 -0.00014 -0.00100792 -0.00119173
internal_weight=4418 3381 286 3095 944 924
internal_count=4418 3381 286 3095 944 924
is_linear=0
shrinkage=0.02


Tree=88
num_leaves=7
num_cat=0
split_feature=9 13 8 8 3 6
split_gain=3.40899 2.83934 3.80312 5.1386 4.12822 4.55284
threshold=0.81578673735761675 18.125000000000004 9.1769308762334347 9.3657198849653209 0.089651534190853185 0.5495692513752356
decision_type=10 8 8 8 10 2
left_child=1 -1 4 -4 -3 -6
right_child=-2 2 3 -5 5 -7
leaf_value=-0.0022200014121289903 0.00099743616673882108 -0.0013776627349460164 0.0076960849305171344 0.00055604392824146079 5.6639451827618069e-05 0.0060128695788708598
leaf_weight=286 1037 1221 42 1007 770 55
leaf_count=286 1037 1221 42 1007 770 55
internal_value=-5.70695e-06 -0.000313385 -0.0001372 0.000841918 -0.000639201 0.000453721
internal_weight=4418 3381 3095 1049 2046 825
internal_count=4418 3381 3095 1049 2046 825
is_linear=0
shrinkage=0.02


Tree=89
num_leaves=7
num_cat=0
split_feature=10 13 8 1 8 6
split_gain=2.67859 3.76799 5.41465 4.12921 4.80867 3.74794
threshold=1.5000000000000002 21.125000000000004 3.5022522522522528 -0.2548675364670947 4.702379751878726 0.38414682006842332
decision_type=2 8 10 2 8 2
left_child=-1 3 -3 -2 -5 -6
right_child=1 2 -4 4 5 -7
leaf_value=0.0012804208891270519 0.0056432196881089896 -0.0027714600800894775 0.00049811171721156604 0.0014677111030982925 -0.0014213728536996519 -0.0050501470498839456
leaf_weight=565 35 221 2434 203 828 132
leaf_count=565 35 221 2434 203 828 132
internal_value=-5.59281e-06 -0.000194173 0.000225955 -0.00112526 -0.00132895 -0.00192033
internal_weight=4418 3853 2655 1198 1163 960
internal_count=4418 3853 2655 1198 1163 960
is_linear=0
shrinkage=0.02


Tree=90
num_leaves=7
num_cat=0
split_feature=0 2 10 7 6 8
split_gain=3.21115 3.97581 3.09498 2.91749 2.7769 2.71658
threshold=0.40988084520659634 -1.3725757448021547 6.5000000000000009 -0.29671506787839119 0.16940203577517318 14.219364418757097
decision_type=10 8 2 2 2 8
left_child=1 -1 3 -2 -5 -4
right_child=2 -3 5 4 -6 -7
leaf_value=0.0074431151457663089 -0.0035488595756200643 -0.00012212808356940101 0.00048385038761519534 0.001904156282544136 0.0059151928290624971 -0.0096046665717254981
leaf_weight=28 26 3651 363 180 112 10.999999999999998
leaf_count=28 26 3651 363 180 112 11
internal_value=0.000170552 -6.45508e-05 0.00142047 0.002871 0.00344264 0.000187129
internal_weight=4371 3679 692 318 292 374
internal_count=4371 3679 692 318 292 374
is_linear=0
shrinkage=0.02


Tree=91
num_leaves=7
num_cat=0
split_feature=13 2 7 3 9 2
split_gain=3.18078 3.13995 4.83101 4.401 3.60926 5.11837
threshold=26.125000000000004 0.52321032201774831 1.5135166097075963 0.29108623059613031 0.27299608514596868 0.058307992132267297
decision_type=8 10 2 10 8 8
left_child=1 4 3 -3 5 -1
right_child=-2 2 -4 -5 -6 -7
leaf_value=0.0088406947162002324 0.0011667888193469425 0.0048717450408329224 -0.010541300464953695 0.00058765056839343909 -0.00056708880794161876 -0.00071585834026336673
leaf_weight=40 986 116 13.999999999999998 554 2610 51
leaf_count=40 986 116 14 554 2610 51
internal_value=0.000167141 -0.000124041 0.00108641 0.00132937 -0.000430575 0.00348482
internal_weight=4371 3385 684 670 2701 91
internal_count=4371 3385 684 670 2701 91
is_linear=0
shrinkage=0.02


Tree=92
num_leaves=7
num_cat=0
split_feature=13 2 12 9 10 0
split_gain=3.05482 3.01561 3.53102 6.74372 4.96951 4.76588
threshold=26.125000000000004 0.52321032201774831 -5.2499999999999991 0.30633126102790625 12.500000000000002 -0.038080566347032538
decision_type=8 10 10 8 2 8
left_child=1 -1 5 4 -4 -3
right_child=-2 2 3 -5 -6 -7
leaf_value=-0.00042196338368452255 0.0011434530586043928 0.013527353629469871 -0.0035185247804555633 0.0010184232288894398 -0.019455812361091375 0.0024852369920773231
leaf_weight=2701 986 18 36 501 9.9999999999999982 119
leaf_count=2701 986 18 36 501 10 119
internal_value=0.000163798 -0.000121561 0.00106468 0.00034553 -0.00698315 0.00393603
internal_weight=4371 3385 684 547 46 137
internal_count=4371 3385 684 547 46 137
is_linear=0
shrinkage=0.02


Tree=93
num_leaves=7
num_cat=0
split_feature=0 9 9 9 10 13
split_gain=3.00035 3.97322 3.52437 6.17942 2.82284 3.09655
threshold=0.40988084520659634 0.30633126102790625 0.35809255773272147 0.38647202219147569 6.5000000000000009 26.125000000000004
decision_type=10 8 8 8 2 8
left_child=-1 -2 -3 -4 5 -5
right_child=1 2 3 4 -6 -7
leaf_value=-6.6732872271066762e-05 -0.0076507136480588669 0.0096878568668450626 -0.012287212604513535 0.0013698032945911917 0.00037898826096872132 0.0054869988721197218
leaf_weight=3679 19 21 12.999999999999998 180 336 123
leaf_count=3679 19 21 13 180 336 123
internal_value=0.000160522 0.00136872 0.00162335 0.00136361 0.00164132 0.00304114
internal_weight=4371 692 673 652 639 303
internal_count=4371 692 673 652 639 303
is_linear=0
shrinkage=0.02


Tree=94
num_leaves=7
num_cat=0
split_feature=13 2 7 3 9 2
split_gain=2.87389 2.88668 4.60719 4.17553 3.48658 4.91115
threshold=26.125000000000004 0.52321032201774831 1.5135166097075963 0.29108623059613031 0.27299608514596868 0.058307992132267297
decision_type=8 10 2 10 8 8
left_child=1 4 3 -3 5 -1
right_child=-2 2 -4 -5 -6 -7
leaf_value=0.0086812387955724265 0.0011075124566471129 0.0047288463216531894 -0.010314027879919325 0.00055593546351127073 -0.00054755224412790201 -0.00067987067953628646
leaf_weight=40 986 116 13.999999999999998 554 2610 51
leaf_count=40 986 116 14 554 2610 51
internal_value=0.000157312 -0.000119467 0.00104114 0.00127841 -0.000413378 0.0034349
internal_weight=4371 3385 684 670 2701 91
internal_count=4371 3385 684 670 2701 91
is_linear=0
shrinkage=0.02


Tree=95
num_leaves=7
num_cat=0
split_feature=13 8 1 9 9 0
split_gain=3.02211 4.54677 3.97943 6.71995 4.30178 3.60369
threshold=21.125000000000004 4.702379751878726 -0.2548675364670947 0.34113719196959141 0.76004116242346831 0.048151083600672287
decision_type=8 8 2 10 10 8
left_child=1 -1 3 -3 -4 -2
right_child=5 2 4 -5 -6 -7
leaf_value=0.0017410161849693395 -0.0012183230252420713 0.019174527364200913 -0.0024433983003258573 -0.00059865686703811994 0.00019488121584804887 0.00058496996664288397
leaf_weight=224 539 9.9999999999999982 749 22 369 2496
leaf_count=224 539 10 749 22 369 2496
internal_value=-8.75987e-05 -0.000865816 -0.00137358 0.00558046 -0.00157262 0.000264715
internal_weight=4409 1374 1150 32 1118 3035
internal_count=4409 1374 1150 32 1118 3035
is_linear=0
shrinkage=0.02


Tree=96
num_leaves=7
num_cat=0
split_feature=13 8 1 10 2 8
split_gain=2.90243 4.36672 3.82185 4.08835 3.9114 3.08007
threshold=21.125000000000004 4.702379751878726 -0.2548675364670947 8.5000000000000018 1.3233098276236812 7.4292003306957453
decision_type=8 8 2 2 10 10
left_child=1 -1 3 -3 -4 -2
right_child=5 2 4 -5 -6 -7
leaf_value=0.001706195898078704 -0.00029580889792937408 0.014111254166525145 -0.0016967158541070623 -0.00044436723974190264 0.0074558142141291977 0.00099054283050967759
leaf_weight=224 1725 12.999999999999998 1099 19 19 1310
leaf_count=224 1725 13 1099 19 19 1310
internal_value=-8.58467e-05 -0.0008485 -0.00134611 0.00546885 -0.00154117 0.00025942
internal_weight=4409 1374 1150 32 1118 3035
internal_count=4409 1374 1150 32 1118 3035
is_linear=0
shrinkage=0.02


Tree=97
num_leaves=7
num_cat=0
split_feature=13 8 1 9 9 0
split_gain=2.7875 4.1938 3.6705 6.37125 4.13207 3.4522
threshold=21.125000000000004 4.702379751878726 -0.2548675364670947 0.34113719196959141 0.76004116242346831 0.048151083600672287
decision_type=8 8 2 10 10 8
left_child=1 -1 3 -3 -4 -2
right_child=5 2 4 -5 -6 -7
leaf_value=0.0016720719704712143 -0.0011973001943652367 0.018596145436167718 -0.0023637731150862014 -0.00065719070675020869 0.00022194145295294481 0.00056768380535103437
leaf_weight=224 539 9.9999999999999982 749 22 369 2496
leaf_count=224 539 10 749 22 369 2496
internal_value=-8.41298e-05 -0.00083153 -0.00131919 0.00535948 -0.00151035 0.000254232
internal_weight=4409 1374 1150 32 1118 3035
internal_count=4409 1374 1150 32 1118 3035
is_linear=0
shrinkage=0.02


Tree=98
num_leaves=7
num_cat=0
split_feature=13 8 2 1 9 9
split_gain=2.67711 4.02772 3.59746 3.68483 6.11895 3.82626
threshold=21.125000000000004 4.702379751878726 1.3233098276236812 -0.2548675364670947 0.34113719196959141 0.76004116242346831
decision_type=8 8 10 2 10 10
left_child=1 -1 3 4 -3 -5
right_child=-2 2 -4 5 -6 -7
leaf_value=0.0016386305068557963 0.00024914728983975118 0.01822422294318676 0.0073376422649935671 -0.0024613549280215726 -0.00064404693516817966 4.7778892087090778e-05
leaf_weight=224 3035 9.9999999999999982 19 736 22 363
leaf_count=224 3035 10 19 736 22 363
internal_value=-8.24472e-05 -0.000814899 -0.0012928 -0.00143779 0.00525229 -0.00163259
internal_weight=4409 1374 1150 1131 32 1099
internal_count=4409 1374 1150 1131 32 1099
is_linear=0
shrinkage=0.02


Tree=99
num_leaves=7
num_cat=0
split_feature=13 8 2 1 0 1
split_gain=2.5711 3.86823 3.455 3.53891 3.31549 4.11002
threshold=21.125000000000004 4.702379751878726 1.3233098276236812 -0.2548675364670947 0.048151083600672287 0.057288795450841069
decision_type=8 8 10 2 8 2
left_child=1 -1 3 -3 -2 -6
right_child=4 2 -4 -5 5 -7
leaf_value=0.0016058578785201202 -0.0011783371659311948 0.0051472416007891297 0.0071908895122377494 -0.0015999355602916141 0.0086199094146490098 0.00046971460163470043
leaf_weight=224 539 32 19 1099 25 2471
leaf_count=224 539 32 19 1099 25 2471
internal_value=-8.07983e-05 -0.000798601 -0.00126695 -0.00140903 0.000244164 0.000551347
internal_weight=4409 1374 1150 1131 3035 2496
internal_count=4409 1374 1150 1131 3035 2496
is_linear=0
shrinkage=0.02


Tree=100
num_leaves=7
num_cat=0
split_feature=6 6 8 9 13 0
split_gain=2.12406 14.1045 5.17481 3.37525 3.41856 3.98951
threshold=0.38414682006842332 0.34224811744513545 4.2432707640321938 0.28288139788818173 21.125000000000004 0.22741180956803467
decision_type=2 2 8 8 8 8
left_child=1 -1 -3 -2 5 -5
right_child=3 2 -4 4 -6 -7
leaf_value=1.8656954536464274e-05 0.0048926829123819198 -0.003026762649062134 0.0076564563221483729 -0.0076628921441733834 -0.00044135736952067038 -0.0011901393779755933
leaf_weight=3594 37 21 133 65 449 92
leaf_count=3594 37 21 133 65 449 92
internal_value=9.04301e-05 0.000272625 0.00619965 -0.000971572 -0.00132962 -0.00386994
internal_weight=4391 3748 154 643 606 157
internal_count=4391 3748 154 643 606 157
is_linear=0
shrinkage=0.02


Tree=101
num_leaves=7
num_cat=0
split_feature=7 9 12 0 1 2
split_gain=2.24907 3.21805 2.7258 3.43742 2.8596 2.69132
threshold=-0.27554720196420313 0.25097884832847706 3.7500000000000004 0.79020652238218914 0.63815480620020815 -0.28959588053308599
decision_type=2 8 10 10 2 8
left_child=1 -1 3 4 -2 -3
right_child=2 5 -4 -5 -6 -7
leaf_value=0.0078728629170606544 -9.8516241984024686e-05 0.0031480231258848852 0.0011258566800447167 -0.0087837748891777465 0.0048242358661567172 -0.0020639465600695637
leaf_weight=14.999999999999998 2835 44 1032 18 48 399
leaf_count=15 2835 44 1032 18 48 399
internal_value=8.86215e-05 -0.00123779 0.000243083 -7.09542e-05 -1.65557e-05 -0.00154628
internal_weight=4391 458 3933 2901 2883 443
internal_count=4391 458 3933 2901 2883 443
is_linear=0
shrinkage=0.02


Tree=102
num_leaves=7
num_cat=0
split_feature=7 2 7 12 0 0
split_gain=2.16001 3.07067 2.86215 3.0316 3.83127 5.395
threshold=-0.27554720196420313 -0.28959588053308599 -0.40467728032833178 2.7500000000000004 0.18806232732117067 0.22987242410847922
decision_type=2 8 2 10 8 8
left_child=1 -1 3 4 -3 -6
right_child=-2 2 -4 -5 5 -7
leaf_value=0.0036296414080610935 0.00023822145998865868 -0.0029320100732687592 -0.0043506372531814394 -0.0034649131538382933 0.013422586252803313 0.0012530321671682246
leaf_weight=47 3933 69 121 102 17 102
leaf_count=47 3933 69 121 102 17 102
internal_value=8.68491e-05 -0.00121304 -0.00176682 -0.000688747 0.000817471 0.00299154
internal_weight=4391 458 411 290 188 119
internal_count=4391 458 411 290 188 119
is_linear=0
shrinkage=0.02


Tree=103
num_leaves=7
num_cat=0
split_feature=7 9 13 7 10 0
split_gain=2.07696 3.09715 2.7205 7.1921 3.68864 4.88284
threshold=-0.29671506787839119 0.25097884832847706 23.375000000000004 1.6873742903568545 10.500000000000002 0.56685351910538684
decision_type=2 8 10 2 2 10
left_child=1 -1 3 -2 -4 -6
right_child=2 -3 4 -5 5 -7
leaf_value=0.0077093474970509612 -0.00014586747916525795 -0.0015383270253111754 0.0013778476935512715 -0.013604557747021318 -8.1115316572081942e-05 -0.0075400048200237125
leaf_weight=14.999999999999998 2157 423 1281 15.999999999999998 461 38
leaf_count=15 2157 423 1281 16 461 38
internal_value=8.51121e-05 -0.00122163 0.000229901 -0.000244965 0.000809612 -0.000649127
internal_weight=4391 438 3953 2173 1780 499
internal_count=4391 438 3953 2173 1780 499
is_linear=0
shrinkage=0.02


Tree=104
num_leaves=7
num_cat=0
split_feature=6 6 8 9 13 0
split_gain=2.03463 13.512 4.94284 3.21088 3.24533 3.82983
threshold=0.38414682006842332 0.34224811744513545 4.2432707640321938 0.28288139788818173 21.125000000000004 0.22741180956803467
decision_type=2 2 8 8 8 8
left_child=1 -1 -3 -2 5 -5
right_child=3 2 -4 4 -6 -7
leaf_value=1.315090908305437e-05 0.0047636839203737879 -0.0029543075391224457 0.0074867204797657251 -0.007496605910933935 -0.00043975156334818982 -0.0011547105154275652
leaf_weight=3594 37 21 133 65 449 92
leaf_count=3594 37 21 133 65 449 92
internal_value=8.34099e-05 0.000261728 0.00606294 -0.000955995 -0.00130522 -0.00378034
internal_weight=4391 3748 154 643 606 157
internal_count=4391 3748 154 643 606 157
is_linear=0
shrinkage=0.02


Tree=105
num_leaves=7
num_cat=0
split_feature=7 9 6 2 2 7
split_gain=1.97456 4.82888 9.5236 2.43186 4.9256 4.24036
threshold=1.5135166097075963 0.50003623304419931 -0.14411060391402561 0.52321032201774831 0.79329777514627342 0.50816606037938084
decision_type=2 10 2 10 10 2
left_child=3 2 -2 -1 -5 -6
right_child=1 -3 -4 4 5 -7
leaf_value=-0.00013919770437885841 0.0033796394765377032 -5.6307667163911005e-05 -0.023047567481795945 0.0022120526498578589 -0.0023305496893899174 0.0019046571917639887
leaf_weight=3373 10.000000000000002 59 11.999999999999998 560 245 154
leaf_count=3373 10 59 12 560 245 154
internal_value=5.56247e-05 -0.00303823 -0.0110352 0.000113474 0.00100217 -0.000695908
internal_weight=4413 81 22 4332 959 399
internal_count=4413 81 22 4332 959 399
is_linear=0
shrinkage=0.02


Tree=106
num_leaves=7
num_cat=0
split_feature=12 1 2 2 8 7
split_gain=2.12011 4.56123 6.16243 2.73141 2.69232 2.34378
threshold=-3.7499999999999996 -0.2548675364670947 0.28515004780872999 -0.74505253572237085 13.833271727795653 0.33597244751101746
decision_type=8 2 8 8 10 2
left_child=1 2 -1 -3 5 -5
right_child=-2 3 -4 4 -6 -7
leaf_value=-0.00042276950190878578 0.00030527374009983401 0.0048242319258861247 0.018080128232638035 -0.00027317875915473333 0.0059781451168514433 -0.0022052031644307136
leaf_weight=18 3325 32 12.000000000000002 493 21 512
leaf_count=18 3325 32 12 493 21 512
internal_value=5.45122e-05 -0.000711832 0.00697839 -0.000929891 -0.00110936 -0.00125745
internal_weight=4413 1088 30 1058 1026 1005
internal_count=4413 1088 30 1058 1026 1005
is_linear=0
shrinkage=0.02


Tree=107
num_leaves=7
num_cat=0
split_feature=13 6 0 2 9 10
split_gain=2.33172 4.13519 2.45182 2.84637 2.64122 3.08589
threshold=29.375000000000004 -0.10624740307118953 0.31696627619669659 0.838874876426009 0.560043909393796 6.5000000000000009
decision_type=8 2 8 10 10 2
left_child=-1 -2 4 -4 -3 -6
right_child=1 2 3 -5 5 -7
leaf_value=-8.4005668555274353e-05 -0.0022973942792296363 0.0043587649391794749 0.005704283895017195 -0.0035322015173733234 -0.0058317779068435939 0.0018496900087652298
leaf_weight=4051 84 55 121 14.999999999999998 35 52
leaf_count=4051 84 55 121 15 35 52
internal_value=5.34219e-05 0.00159132 0.00276633 0.00468555 0.000928195 -0.00124056
internal_weight=4413 362 278 136 142 87
internal_count=4413 362 278 136 142 87
is_linear=0
shrinkage=0.02


Tree=108
num_leaves=7
num_cat=0
split_feature=13 6 0 6 0 6
split_gain=2.23938 3.97143 2.35472 2.59101 3.35568 2.26906
threshold=29.375000000000004 -0.10624740307118953 0.31696627619669659 0.050608098315268218 0.19028449743319628 0.19533484115072744
decision_type=8 2 8 2 10 2
left_child=-1 -2 3 -3 5 -5
right_child=1 2 -4 4 -6 -7
leaf_value=-8.2325553175937384e-05 -0.0022514464157921748 0.0054607120966790506 0.0045918428195256961 -0.0043846010022303636 -0.0055411548187603819 0.0040525931124940663
leaf_weight=4051 84 37 136 17 37 51
leaf_count=4051 84 37 136 17 37 51
internal_value=5.23535e-05 0.00155949 0.002711 0.000909631 -0.000694083 0.00194329
internal_weight=4413 362 278 142 105 68
internal_count=4413 362 278 142 105 68
is_linear=0
shrinkage=0.02


Tree=109
num_leaves=7
num_cat=0
split_feature=12 1 2 2 8 7
split_gain=2.00675 4.38061 5.9184 2.62324 2.58571 2.25096
threshold=-3.7499999999999996 -0.2548675364670947 0.28515004780872999 -0.74505253572237085 13.833271727795653 0.33597244751101746
decision_type=8 2 8 8 10 2
left_child=1 2 -1 -3 5 -5
right_child=-2 3 -4 4 -6 -7
leaf_value=-0.00041098749472035304 0.00029527199463061008 0.0047310740186367181 0.017721852064132685 -0.00026438855063821932 0.0058619089069820588 -0.0021577724887907835
leaf_weight=18 3325 32 12.000000000000002 493 21 512
leaf_count=18 3325 32 12 493 21 512
internal_value=5.13064e-05 -0.000694269 0.00684215 -0.000907967 -0.00108384 -0.00122898
internal_weight=4413 1088 30 1058 1026 1005
internal_count=4413 1088 30 1058 1026 1005
is_linear=0
shrinkage=0.02


Tree=110
num_leaves=7
num_cat=0
split_feature=9 6 6 9 13 5
split_gain=3.39238 2.13503 5.70588 5.14645 4.98252 4.08848
threshold=0.81578673735761675 0.26336550409530163 0.38981297244369462 0.62569176465036802 26.375000000000004 3.5000000000000004
decision_type=10 2 2 8 8 2
left_child=1 -1 4 -4 -3 -6
right_child=-2 2 3 -5 5 -7
leaf_value=-0.00066329350372134666 0.0009541846304285548 0.0011251140463525038 0.001034321936851078 -0.0030618878318164205 0.002016689101090798 0.011009516569652728
leaf_weight=2504 1014 319 251 240 39 42
leaf_count=2504 1014 319 251 240 39 42
internal_value=-6.09254e-05 -0.000364113 0.000476682 -0.000967899 0.0022499 0.00667964
internal_weight=4409 3395 891 491 400 81
internal_count=4409 3395 891 491 400 81
is_linear=0
shrinkage=0.02


Tree=111
num_leaves=7
num_cat=0
split_feature=9 2 2 9 7 7
split_gain=3.25804 2.11742 6.63554 3.73442 3.28817 4.05012
threshold=0.81578673735761675 -0.40438661546460641 -0.33750517450394674 0.60701936024240755 0.52922360955723968 0.70967256530982226
decision_type=10 8 8 8 2 2
left_child=1 3 4 -1 -3 -6
right_child=-2 2 -4 -5 5 -7
leaf_value=0.0031463160423626157 0.00093510095741304979 -0.0028210009474839482 -0.00039010035839712648 -0.0013747653048781176 -0.022659360092133273 -0.0062274396816889444
leaf_weight=174 1014 28 3042 126 10.000000000000002 14.999999999999998
leaf_count=174 1014 28 3042 126 10 15
internal_value=-5.97069e-05 -0.000356831 -0.000512336 0.00124746 -0.00752817 -0.0128002
internal_weight=4409 3395 3095 300 53 25
internal_count=4409 3395 3095 300 53 25
is_linear=0
shrinkage=0.02


Tree=112
num_leaves=7
num_cat=0
split_feature=9 13 3 12 9 6
split_gain=3.12902 2.10602 3.76329 3.24412 4.16568 2.12641
threshold=0.81578673735761675 16.375000000000004 0.26502043348442123 -7.2499999999999991 0.40026129923270215 0.26336550409530163
decision_type=10 8 10 10 10 2
left_child=1 2 3 4 -1 -3
right_child=-2 5 -4 -5 -6 -7
leaf_value=0.0056520965171512217 0.00091639893429346488 -0.00056823376874853696 -0.011530201906959216 0.008183859797815482 -0.0061629199062256104 0.00058646270311631576
leaf_weight=15.999999999999998 1014 2438 18 11.999999999999998 47 864
leaf_count=16 1014 2438 18 12 47 864
internal_value=-5.85127e-05 -0.000349694 -0.00331786 -0.0013469 -0.00316228 -0.000266096
internal_weight=4409 3395 93 75 63 3302
internal_count=4409 3395 93 75 63 3302
is_linear=0
shrinkage=0.02


Tree=113
num_leaves=7
num_cat=0
split_feature=9 2 2 9 7 7
split_gain=3.00511 2.03167 6.35671 3.57694 3.16348 3.89334
threshold=0.81578673735761675 -0.40438661546460641 -0.33750517450394674 0.60701936024240755 0.52922360955723968 0.70967256530982226
decision_type=10 8 8 8 2 2
left_child=1 3 4 -1 -3 -6
right_child=-2 2 -4 -5 5 -7
leaf_value=0.0030871561010657202 0.00089807095973710191 -0.0027448166341387799 -0.00037538422708671443 -0.0013375702491473585 -0.022199427545070642 -0.0060886855324109391
leaf_weight=174 1014 28 3042 126 10.000000000000002 14.999999999999998
leaf_count=174 1014 28 3042 126 10 15
internal_value=-5.73425e-05 -0.0003427 -0.000495024 0.00122877 -0.00736188 -0.012533
internal_weight=4409 3395 3095 300 53 25
internal_count=4409 3395 3095 300 53 25
is_linear=0
shrinkage=0.02


Tree=114
num_leaves=7
num_cat=0
split_feature=13 12 13 3 12 13
split_gain=2.14908 2.23229 1.77238 4.75392 3.29263 1.76034
threshold=30.875000000000004 8.7500000000000018 16.375000000000004 0.26502043348442123 -6.7499999999999991 16.625000000000004
decision_type=10 10 8 10 10 8
left_child=2 -2 3 4 -1 -4
right_child=1 -3 5 -5 -6 -7
leaf_value=-0.0021536964115249106 0.0099544196444399224 0.0010335221768102863 0.0062038223735160301 -0.011696907319128513 0.0090544378260771427 -6.3974899526521528e-05
leaf_weight=83 17 33 18 19 11.999999999999998 4227
leaf_count=83 17 33 18 19 12 4227
internal_value=-5.61956e-05 0.00406663 -0.000103487 -0.00256443 -0.000737932 -3.73977e-05
internal_weight=4409 50 4359 114 95 4245
internal_count=4409 50 4359 114 95 4245
is_linear=0
shrinkage=0.02


Tree=115
num_leaves=7
num_cat=0
split_feature=9 2 10 6 2 0
split_gain=2.72632 2.41755 3.73389 4.72629 3.67845 4.40973
threshold=0.81578673735761675 0.87044964293496252 6.5000000000000009 0.024002784004912365 0.94002139366557669 0.063912822758582247
decision_type=10 10 2 2 10 8
left_child=1 -1 3 -3 -4 -6
right_child=-2 2 4 -5 5 -7
leaf_value=-0.00027167767105210159 0.00075244297027063454 -0.0045112379767738705 -0.012037840104945328 0.0032911309088269869 -0.011274163820559071 -0.00093479355573412273
leaf_weight=3069 1030 53 23 75 21 77
leaf_count=3069 1030 53 23 75 21 77
internal_value=-0.000146419 -0.000425451 -0.00232075 6.04625e-05 -0.00483973 -0.00315037
internal_weight=4348 3318 249 128 121 98
internal_count=4348 3318 249 128 121 98
is_linear=0
shrinkage=0.02


Tree=116
num_leaves=7
num_cat=0
split_feature=9 2 10 13 6 13
split_gain=2.61836 2.32182 3.58603 4.79135 4.53913 5.38888
threshold=0.81578673735761675 0.87044964293496252 6.5000000000000009 20.875000000000004 0.024002784004912365 25.125000000000004
decision_type=10 10 2 8 2 8
left_child=1 -1 4 -4 -3 -6
right_child=-2 2 3 -5 5 -7
leaf_value=-0.00026624411257178778 0.00073739410453087218 -0.0044210132272949195 -0.012168820357398578 -0.0026099635739909844 0.007363196023284121 -0.0037204318054552587
leaf_weight=3069 1030 53 27 94 47 28
leaf_count=3069 1030 53 27 94 47 28
internal_value=-0.000143491 -0.000416942 -0.00227434 -0.00474293 5.92533e-05 0.00322531
internal_weight=4348 3318 249 121 128 75
internal_count=4348 3318 249 121 128 75
is_linear=0
shrinkage=0.02


Tree=117
num_leaves=7
num_cat=0
split_feature=9 6 0 9 0 10
split_gain=2.51467 2.31202 2.2781 3.49637 2.50672 3.04366
threshold=0.81578673735761675 -1.1337607335357216 0.44288948474870249 0.82001342307893255 0.54319486415725005 12.500000000000002
decision_type=10 2 8 10 10 2
left_child=1 -1 3 -2 -4 -6
right_child=2 -3 4 -5 5 -7
leaf_value=-0.0085190259119761851 0.0073822419187770444 -0.00037423693941347736 0.0039075565344138573 -7.9332330525222662e-05 0.0014845385415589109 -0.007568630129098892
leaf_weight=13.999999999999998 26 3304 159 742 85 18
leaf_count=14 26 3304 159 742 85 18
internal_value=-0.000140621 -0.000408603 0.000722646 0.000173273 0.00233302 -9.75686e-05
internal_weight=4348 3318 1030 768 262 103
internal_count=4348 3318 1030 768 262 103
is_linear=0
shrinkage=0.02


Tree=118
num_leaves=7
num_cat=0
split_feature=9 6 0 9 0 10
split_gain=2.41509 2.22046 2.18788 3.35791 2.40745 2.92313
threshold=0.81578673735761675 -1.1337607335357216 0.44288948474870249 0.82001342307893255 0.54319486415725005 12.500000000000002
decision_type=10 2 8 10 10 2
left_child=1 -1 3 -2 -4 -6
right_child=2 -3 4 -5 5 -7
leaf_value=-0.0083486456051468858 0.0072345971201474846 -0.00036675219486628069 0.003829405403918581 -7.7745689222252751e-05 0.0014548477736466071 -0.0074172575637284259
leaf_weight=13.999999999999998 26 3304 159 742 85 18
leaf_count=14 26 3304 159 742 85 18
internal_value=-0.000137808 -0.000400431 0.000708193 0.000169808 0.00228636 -9.56172e-05
internal_weight=4348 3318 1030 768 262 103
internal_count=4348 3318 1030 768 262 103
is_linear=0
shrinkage=0.02


Tree=119
num_leaves=7
num_cat=0
split_feature=9 2 10 13 6 13
split_gain=2.31945 2.22052 3.4436 4.60836 4.34523 5.17548
threshold=0.81578673735761675 0.87044964293496252 6.5000000000000009 20.875000000000004 0.024002784004912365 25.125000000000004
decision_type=10 10 2 8 2 8
left_child=1 -1 4 -4 -3 -6
right_child=-2 2 3 -5 5 -7
leaf_value=-0.00024504850110774703 0.00069402943733509954 -0.0043056020965659119 -0.011910624148117171 -0.0025360821258831536 0.0072307519551287301 -0.0036312034007694037
leaf_weight=3069 1030 53 27 94 47 28
leaf_count=3069 1030 53 27 94 47 28
internal_value=-0.000135052 -0.000392422 -0.00220885 -0.00462792 7.79276e-05 0.00317562
internal_weight=4348 3318 249 121 128 75
internal_count=4348 3318 249 121 128 75
is_linear=0
shrinkage=0.02


Tree=120
num_leaves=7
num_cat=0
split_feature=12 12 1 8 12 2
split_gain=2.73264 4.34978 3.40976 3.06674 2.79853 4.75029
threshold=6.2500000000000009 7.7500000000000009 0.17184468367729364 8.8559154276610688 12.750000000000002 0.81705587062288088
decision_type=8 8 2 10 8 10
left_child=3 -2 -3 -1 -4 -6
right_child=1 2 4 -5 5 -7
leaf_value=-0.00051844838851732998 0.0029368397269928914 0.0021644611476773494 -0.002745532109213019 0.00082708578259340596 0.0019916537299266078 -0.0095034967669198524
leaf_weight=2579 321 190 197 919 142 15.999999999999998
leaf_count=2579 321 190 197 919 142 16
internal_value=8.40687e-05 0.00108991 2.08564e-06 -0.000164948 -0.00115524 0.000827588
internal_weight=4364 866 545 3498 355 158
internal_count=4364 866 545 3498 355 158
is_linear=0
shrinkage=0.02


Tree=121
num_leaves=7
num_cat=0
split_feature=12 12 1 8 9 6
split_gain=2.62442 4.17753 3.27473 2.94529 8.14017 2.83883
threshold=6.2500000000000009 7.7500000000000009 0.17184468367729364 8.8559154276610688 0.14214962184819666 -0.46900911154779051
decision_type=8 8 2 10 8 2
left_child=3 -2 -3 -1 -5 -6
right_child=1 2 -4 4 5 -7
leaf_value=-0.00050807941118149633 0.0028781029294575695 0.0021211719273736603 -0.0011321372160078092 0.016524348258972168 -0.0049997699409058049 0.00080948955687105105
leaf_weight=2579 321 190 355 12.999999999999998 35 871
leaf_count=2579 321 190 355 13 35 871
internal_value=8.23873e-05 0.00106811 2.04395e-06 -0.000161649 0.000810544 0.00058507
internal_weight=4364 866 545 3498 919 906
internal_count=4364 866 545 3498 919 906
is_linear=0
shrinkage=0.02


Tree=122
num_leaves=7
num_cat=0
split_feature=12 12 6 6 0 3
split_gain=2.5205 4.0121 3.0063 3.75704 3.32443 3.16816
threshold=6.2500000000000009 7.7500000000000009 0.155317730964912 0.055534963364037376 -0.0057619516953359177 0.42293743201099171
decision_type=8 8 2 2 10 10
left_child=-1 -2 3 5 -4 -3
right_child=1 2 4 -5 -6 -7
leaf_value=-0.00015841563988231282 0.0028205408652659763 -0.0010769734531173006 0.0055467857639164191 -0.0050606976306209195 0.00020718055982259836 0.0049096330866044346
leaf_weight=3498 321 199 66 78 159 43
leaf_count=3498 321 199 66 78 159 43
internal_value=8.07395e-05 0.00104675 2.00305e-06 -0.00124356 0.00177346 -1.32376e-05
internal_weight=4364 866 545 320 225 242
internal_count=4364 866 545 320 225 242
is_linear=0
shrinkage=0.02


Tree=123
num_leaves=7
num_cat=0
split_feature=1 0 8 10 2 7
split_gain=2.56297 2.74705 2.36496 2.84729 5.39818 6.25699
threshold=-0.51139125409470332 -0.35425839648363794 8.8559154276610688 12.500000000000002 0.27670181486732465 -0.15619269343525724
decision_type=2 8 10 2 10 2
left_child=-1 -2 -3 -4 -5 -6
right_child=1 2 3 4 5 -7
leaf_value=-0.0048977898170308376 0.0079232024484210545 -0.00018676755085572077 0.0013683215808346003 0.0020831731221867059 -0.017246901006079639 -0.0025056993640442888
leaf_weight=41 18 3170 915 106 12.999999999999998 101
leaf_count=41 18 3170 915 106 13 101
internal_value=7.91247e-05 0.000126327 9.37264e-05 0.000877132 -0.00116577 -0.00418671
internal_weight=4364 4323 4305 1135 220 114
internal_count=4364 4323 4305 1135 220 114
is_linear=0
shrinkage=0.02


Tree=124
num_leaves=7
num_cat=0
split_feature=1 1 12 3 12 6
split_gain=2.46148 2.63826 2.28733 4.27 3.93485 3.22611
threshold=-0.51139125409470332 -0.35425839648363794 6.2500000000000009 0.90442677048254094 7.7500000000000009 0.155317730964912
decision_type=2 2 8 10 8 2
left_child=-1 -2 -3 4 -4 -6
right_child=1 2 3 -5 5 -7
leaf_value=-0.0047998339183083398 0.0077647384670045637 -0.00013798234187907391 0.0025602077458404589 0.0089977363282098231 -0.0016120717256235604 0.0015760105361621226
leaf_weight=41 18 3448 308 26 306 217
leaf_count=41 18 3448 308 26 306 217
internal_value=7.75423e-05 0.0001238 9.18519e-05 0.00101655 0.00076684 -0.000289292
internal_weight=4364 4323 4305 857 831 523
internal_count=4364 4323 4305 857 831 523
is_linear=0
shrinkage=0.02


Tree=125
num_leaves=7
num_cat=0
split_feature=6 6 12 8 9 2
split_gain=2.26514 4.53512 4.44657 3.61293 3.37488 3.1297
threshold=0.42234852210918788 0.34224811744513545 -3.2499999999999996 1.1207555281278576 0.68446691080435684 0.15950290682624366
decision_type=2 2 8 10 8 10
left_child=1 -1 4 -4 5 -2
right_child=2 -3 3 -5 -6 -7
leaf_value=-0.00016912606926459815 -0.0048314053488566593 0.0025607695966116885 -0.0077328144037164754 0.00011386578158256574 -0.0076365089971585651 0.0048496934826570475
leaf_weight=3614 34 261 25 384 69 22
leaf_count=3614 34 261 25 384 69 22
internal_value=-0.000153538 1.47456e-05 -0.0013747 -0.00036576 -0.00467595 -0.00102812
internal_weight=4409 3875 534 409 125 56
internal_count=4409 3875 534 409 125 56
is_linear=0
shrinkage=0.02


Tree=126
num_leaves=7
num_cat=0
split_feature=13 3 3 13 13 0
split_gain=1.90053 2.73207 3.91728 2.73167 3.32619 3.03575
threshold=26.125000000000004 0.072901637739144168 0.1079405971894402 18.625000000000004 20.875000000000004 0.13059719718081172
decision_type=8 10 10 10 10 8
left_child=1 -1 3 -3 -5 -6
right_child=-2 2 -4 4 5 -7
leaf_value=-0.00082923340127436494 0.00061079233715945853 0.012278110661676951 1.5759840432589684e-05 -0.0044117508828639988 -0.00058165188305653055 0.008038184528387237
leaf_weight=2077 1011 13.999999999999998 1217 20 26 44
leaf_count=2077 1011 14 1217 20 26 44
internal_value=-0.000150468 -0.000376964 0.000334137 0.00405977 0.00278136 0.00483653
internal_weight=4409 3398 1321 104 90 70
internal_count=4409 3398 1321 104 90 70
is_linear=0
shrinkage=0.02


Tree=127
num_leaves=7
num_cat=0
split_feature=6 6 12 8 9 5
split_gain=2.17398 4.34432 4.2485 3.46472 3.24302 7.04785
threshold=0.42234852210918788 0.34224811744513545 -3.2499999999999996 1.1207555281278576 0.68446691080435684 4.5000000000000009
decision_type=2 2 8 10 8 2
left_child=1 -1 4 -4 -2 -6
right_child=2 -3 3 -5 5 -7
leaf_value=-0.00016255756803355571 -0.00099482026350285321 0.0025092936268743572 -0.0075719415858387954 0.00011210381712771778 -0.0041039685558320752 -0.019600712736447652
leaf_weight=3614 56 261 25 384 54 14.999999999999998
leaf_count=3614 56 261 25 384 54 15
internal_value=-0.000147458 1.74045e-05 -0.00134379 -0.000357581 -0.00457068 -0.00747283
internal_weight=4409 3875 534 409 125 69
internal_count=4409 3875 534 409 125 69
is_linear=0
shrinkage=0.02


Tree=128
num_leaves=7
num_cat=0
split_feature=6 6 12 8 9 5
split_gain=2.08789 4.17228 4.08026 3.32751 3.1146 6.76876
threshold=0.42234852210918788 0.34224811744513545 -3.2499999999999996 1.1207555281278576 0.68446691080435684 4.5000000000000009
decision_type=2 2 8 10 8 2
left_child=1 -1 4 -4 -2 -6
right_child=2 -3 3 -5 5 -7
leaf_value=-0.00015930640997749605 -0.00097492398028927189 0.0024591077275536743 -0.0074205028355121619 0.0001098617269750927 -0.0040218892276149103 -0.01920869885881742
leaf_weight=3614 56 261 25 384 54 14.999999999999998
leaf_count=3614 56 261 25 384 54 15
internal_value=-0.000144509 1.70565e-05 -0.00131692 -0.00035043 -0.00447927 -0.00732337
internal_weight=4409 3875 534 409 125 69
internal_count=4409 3875 534 409 125 69
is_linear=0
shrinkage=0.02


Tree=129
num_leaves=7
num_cat=0
split_feature=6 6 9 12 8 7
split_gain=2.00767 6.65854 4.37882 4.06873 3.52984 3.77599
threshold=0.38981297244369462 0.34224811744513545 0.36629922427580258 -3.7499999999999996 1.1207555281278576 -0.27554720196420313
decision_type=2 2 8 8 10 2
left_child=1 -1 -2 -4 -5 -6
right_child=2 -3 3 4 5 -7
leaf_value=-0.00015612029034638438 0.00366709826471792 0.0037956378676579985 -0.0051120914949168419 -0.0087009305506944665 -0.005946586474776268 0.00019180702698691075
leaf_weight=3614 66 179 116 22 45 367
leaf_count=3614 66 179 116 22 45 367
internal_value=-0.000141619 3.03719e-05 -0.00120065 -0.00178478 -0.000895446 -0.000478649
internal_weight=4409 3793 616 550 434 412
internal_count=4409 3793 616 550 434 412
is_linear=0
shrinkage=0.02


Tree=130
num_leaves=7
num_cat=0
split_feature=7 0 12 10 8 5
split_gain=2.90198 3.03333 3.10166 2.80075 5.02753 4.68112
threshold=-0.32578386986805258 0.75873527059828627 3.7500000000000004 10.500000000000002 12.592358600901909 3.5000000000000004
decision_type=2 8 10 2 8 2
left_child=1 2 -1 -2 -5 -6
right_child=3 -3 -4 4 5 -7
leaf_value=-0.0017017237281349176 0.00033995387133775243 0.0016747431472176686 -0.0066951191581545331 -0.00054610842120018791 -0.012245751521710693 -1.1441150510852989e-05
leaf_weight=252 2803 80 62 1110 29 22
leaf_count=252 2803 80 62 1110 29 22
internal_value=-0.000164897 -0.00180191 -0.00268768 -2.18672e-06 -0.000828216 -0.00696821
internal_weight=4358 394 314 3964 1161 51
internal_count=4358 394 314 3964 1161 51
is_linear=0
shrinkage=0.02


Tree=131
num_leaves=7
num_cat=0
split_feature=7 0 12 9 6 3
split_gain=2.78706 2.91321 2.97884 2.91314 4.40125 3.4451
threshold=-0.32578386986805258 0.75873527059828627 3.7500000000000004 0.62569176465036802 -0.17569601518018521 -0.31182537324973875
decision_type=2 8 10 10 2 10
left_child=1 2 3 4 -1 -6
right_child=-2 -3 -4 -5 5 -7
leaf_value=-0.013653089284951634 -2.1429883025590834e-06 0.0016412483330350369 -0.006561216754358141 5.0261075412676592e-06 0.0040774552111068497 -0.0051404680408198723
leaf_weight=17 3964 80 62 157 23 55
leaf_count=17 3964 80 62 157 23 55
internal_value=-0.000161599 -0.00176587 -0.00263393 -0.00166769 -0.00443207 -0.00242236
internal_weight=4358 394 314 252 95 78
internal_count=4358 394 314 252 95 78
is_linear=0
shrinkage=0.02


Tree=132
num_leaves=7
num_cat=0
split_feature=7 0 3 10 9 2
split_gain=2.67669 2.79784 2.8467 2.68984 4.12882 6.24459
threshold=-0.32578386986805258 0.75873527059828627 0.40781639224604288 10.500000000000002 0.29363519712169345 0.075292032645912249
decision_type=2 8 10 2 8 8
left_child=1 2 -1 -2 5 -5
right_child=3 -3 -4 4 -6 -7
leaf_value=-0.0015612719264635284 0.0003331976522592088 0.001608423302648589 -0.0061365960973447991 0.0028796476275116827 -0.00050493320664710562 -0.0096149419271387166
leaf_weight=244 2803 80 70 24 1089 48
leaf_count=244 2803 80 70 24 1089 48
internal_value=-0.000158367 -0.00173055 -0.00258125 -2.10013e-06 -0.000811609 -0.00545008
internal_weight=4358 394 314 3964 1161 72
internal_count=4358 394 314 3964 1161 72
is_linear=0
shrinkage=0.02


Tree=133
num_leaves=7
num_cat=0
split_feature=7 0 12 7 5 0
split_gain=2.57069 2.68705 2.86487 2.73549 3.39773 2.67728
threshold=-0.32578386986805258 0.75873527059828627 3.7500000000000004 -0.3854332954030969 2.5000000000000004 -0.020324776500797972
decision_type=2 8 10 2 2 10
left_child=1 2 3 5 -5 -1
right_child=-2 -3 -4 4 -6 -7
leaf_value=-0.0061507243042190872 -2.0581299019871726e-06 0.0015762548753991724 -0.0063810560347572452 -0.014694983916213879 -0.0025135637013121476 0.00030786872124613339
leaf_weight=30 3964 80 62 12.999999999999998 31 178
leaf_count=30 3964 80 62 13 31 178
internal_value=-0.0001552 -0.00169594 -0.00252962 -0.00158205 -0.00611262 -0.000623659
internal_weight=4358 394 314 252 44 208
internal_count=4358 394 314 252 44 208
is_linear=0
shrinkage=0.02


Tree=134
num_leaves=7
num_cat=0
split_feature=5 6 2 0 13 9
split_gain=2.49015 3.04281 4.21303 3.3086 4.5293 2.96642
threshold=2.5000000000000004 0.13045016330739026 1.1168358948881674 0.56685351910538684 21.875000000000004 0.3004345942994468
decision_type=2 2 10 10 10 10
left_child=1 3 -3 5 -5 -1
right_child=-2 2 -4 4 -6 -7
leaf_value=-0.0032573813825342969 0.00013701955105817375 0.00069204809349849 -0.0084704770946076938 0.0022570093789448342 -0.010997502909916822 -0.00041207027402695283
leaf_weight=226 3191 455 21 14.999999999999998 33 417
leaf_count=226 3191 455 21 15 33 417
internal_value=-0.000152096 -0.000942641 0.000287819 -0.00179025 -0.00685547 -0.00141213
internal_weight=4358 1167 476 691 48 643
internal_count=4358 1167 476 691 48 643
is_linear=0
shrinkage=0.02


Tree=135
num_leaves=7
num_cat=0
split_feature=9 7 8 3 12 12
split_gain=2.5629 6.77957 5.42076 4.61395 4.6819 7.1327
threshold=0.51863861894286944 1.5135166097075963 13.560489060489063 -0.59505419650195279 -1.7499999999999998 -2.7499999999999996
decision_type=10 2 10 8 8 10
left_child=1 2 3 -1 5 -5
right_child=-2 -3 -4 4 -6 -7
leaf_value=0.0026440603032501209 0.00037752910753587613 -0.012842342671420839 0.0051543422842828127 -0.0015930838464033104 -0.00011509097746485574 -0.0080697970956098292
leaf_weight=144 2841 18 65 454 753 80
leaf_count=144 2841 18 65 454 753 80
internal_value=2.3345e-05 -0.000641276 -0.000494472 -0.000751057 -0.00113093 -0.00256338
internal_weight=4355 1514 1496 1431 1287 534
internal_count=4355 1514 1496 1431 1287 534
is_linear=0
shrinkage=0.02


Tree=136
num_leaves=7
num_cat=0
split_feature=9 0 7 2 10 2
split_gain=2.52284 2.61629 3.58941 2.9289 2.75157 2.74686
threshold=0.82692027550595659 0.22076164641867888 0.44980706964759082 1.0525229912067615 6.5000000000000009 -0.2195873803399094
decision_type=10 8 2 10 2 10
left_child=-1 2 5 -3 -4 -2
right_child=1 3 4 -5 -6 -7
leaf_value=-0.00022624332043163519 0.0066862638091499159 0.0015981059291757139 -0.0053450812700841779 0.010865526332386903 -0.00013616294589364667 0.00040390995992648448
leaf_weight=3435 33 532 76 13.999999999999998 87 178
leaf_count=3435 33 532 76 14 87 178
internal_value=2.28781e-05 0.000953022 -0.000335641 0.00183573 -0.00256486 0.00138646
internal_weight=4355 920 374 546 163 211
internal_count=4355 920 374 546 163 211
is_linear=0
shrinkage=0.02


Tree=137
num_leaves=7
num_cat=0
split_feature=9 7 3 12 12 12
split_gain=2.42389 6.5111 4.57923 4.67492 6.60306 4.55966
threshold=0.51863861894286944 1.5135166097075963 -0.59505419650195279 -1.7499999999999998 -2.7499999999999996 -1.0000000180025095e-35
decision_type=10 2 8 8 10 10
left_child=1 2 -1 4 -4 -5
right_child=-2 -3 3 5 -6 -7
leaf_value=0.0027629690447774453 0.00036686578030500216 -0.012580970641639497 -0.0013546040073782995 0.0034792547420495084 -0.0075032492244627514 -0.00055952322213680193
leaf_weight=156 2841 18 472 135 82 651
leaf_count=156 2841 18 472 135 82 651
internal_value=2.24206e-05 -0.000623926 -0.000480058 -0.000857604 -0.00226469 0.00013416
internal_weight=4355 1514 1496 1340 554 786
internal_count=4355 1514 1496 1340 554 786
is_linear=0
shrinkage=0.02


Tree=138
num_leaves=7
num_cat=0
split_feature=9 0 2 12 2 8
split_gain=2.38645 2.51268 2.81292 1.89242 1.86913 1.95098
threshold=0.82692027550595659 0.22076164641867888 1.0525229912067615 -10.249999999999998 -0.15188121637849633 9.2654675322737905
decision_type=10 8 10 10 10 10
left_child=-1 3 4 -2 5 -3
right_child=1 2 -4 -5 -6 -7
leaf_value=-0.00022032179445903287 -0.0068557364909964452 0.00036053441328609862 0.010640878405954157 -2.581431587482346e-05 0.0019654222350849325 -0.0080691902662316968
leaf_weight=3435 17 41 13.999999999999998 357 476 14.999999999999998
leaf_count=3435 17 41 14 357 476 15
internal_value=2.19722e-05 0.000926624 0.00179168 -0.000336265 0.00155881 -0.00189743
internal_weight=4355 920 546 374 532 56
internal_count=4355 920 546 374 532 56
is_linear=0
shrinkage=0.02


Tree=139
num_leaves=7
num_cat=0
split_feature=9 7 8 9 13 9
split_gain=2.29243 6.25326 5.19299 3.80573 3.37887 3.66389
threshold=0.51863861894286944 1.5135166097075963 13.560489060489063 0.50715538874038801 26.875000000000004 0.44896200092963556
decision_type=10 2 10 10 8 10
left_child=1 2 3 4 -1 -6
right_child=-2 -3 -4 -5 5 -7
leaf_value=-0.00097746906522090085 0.00035650659148926846 -0.012324945144355297 0.0050628152856459982 -0.0061947187125606807 0.00057857806979240303 0.0074191687286302857
leaf_weight=1141 2841 18 65 49 204 37
leaf_count=1141 2841 18 65 49 204 37
internal_value=2.15327e-05 -0.000607041 -0.00046605 -0.000717187 -0.000522976 0.00162879
internal_weight=4355 1514 1496 1431 1382 241
internal_count=4355 1514 1496 1431 1382 241
is_linear=0
shrinkage=0.02


Tree=140
num_leaves=7
num_cat=0
split_feature=13 7 7 13 13 9
split_gain=3.15484 5.02871 4.20752 3.89564 3.87779 3.27063
threshold=26.125000000000004 0.5022961923445074 0.53825219072327213 16.625000000000004 17.875000000000004 0.43000464288543111
decision_type=8 2 2 10 10 8
left_child=1 -1 4 -4 -3 -6
right_child=-2 2 3 -5 5 -7
leaf_value=0.00027571360096462867 0.00094219943429419979 -0.016378738568587736 0.0043845857764021135 -0.0012079997812807044 0.0041113004088401796 -0.0055812881882121032
leaf_weight=2042 973 10.999999999999998 52 1189 17 77
leaf_count=2042 973 11 52 1189 17 77
internal_value=-6.15866e-05 -0.000349864 -0.00129892 -0.000973661 -0.00514317 -0.00382837
internal_weight=4361 3388 1346 1241 105 94
internal_count=4361 3388 1346 1241 105 94
is_linear=0
shrinkage=0.02


Tree=141
num_leaves=7
num_cat=0
split_feature=13 7 7 13 13 9
split_gain=3.02991 4.82957 4.04091 3.74137 3.72423 3.16184
threshold=26.125000000000004 0.5022961923445074 0.53825219072327213 16.625000000000004 17.875000000000004 0.67513751704217029
decision_type=8 2 2 10 10 8
left_child=1 -1 4 -4 -3 -6
right_child=-2 2 3 -5 5 -7
leaf_value=0.00027019930923490639 0.00092335545255937523 -0.016051163808865981 0.0042968940270321368 -0.0011838398038080573 0.00060416376218199732 -0.0068405839475718412
leaf_weight=2042 973 10.999999999999998 52 1189 39 55
leaf_count=2042 973 11 52 1189 39 55
internal_value=-6.03549e-05 -0.000342867 -0.00127294 -0.000954188 -0.00504031 -0.00375181
internal_weight=4361 3388 1346 1241 105 94
internal_count=4361 3388 1346 1241 105 94
is_linear=0
shrinkage=0.02


Tree=142
num_leaves=7
num_cat=0
split_feature=13 7 3 3 9 7
split_gain=2.93037 3.35141 4.04587 5.21114 3.75193 7.20595
threshold=30.625000000000004 0.48644951971263911 0.50493099483922177 1.3096864331958 0.20026424000768478 0.071218910937239824
decision_type=8 2 10 10 10 2
left_child=1 2 -1 4 5 -4
right_child=-2 -3 3 -5 -6 -7
leaf_value=0.00062397978647991471 0.0021636360445163316 -0.00084483546414545595 0.002983445651829242 0.0053135713303668628 -0.002035199020633368 -0.018934508949518203
leaf_weight=2079 225 1750 10.000000000000002 36 246 14.999999999999998
leaf_count=2079 225 1750 10 36 246 15
internal_value=-5.91478e-05 -0.000180068 0.000307502 -0.00183568 -0.0027854 -0.0101673
internal_weight=4361 4136 2386 307 271 25
internal_count=4361 4136 2386 307 271 25
is_linear=0
shrinkage=0.02


Tree=143
num_leaves=7
num_cat=0
split_feature=13 7 7 13 2 9
split_gain=2.87253 4.49777 4.65559 3.59321 3.37621 3.1481
threshold=26.125000000000004 0.50816606037938084 0.53825219072327213 16.625000000000004 0.6385732228360429 0.67772377275308793
decision_type=8 2 2 10 10 10
left_child=1 -1 4 -4 -3 -5
right_child=-2 2 3 5 -6 -7
leaf_value=0.00025349796495587453 0.00089985707524459419 -0.0072474992720337663 0.0042278528724832894 -0.00020772249884753219 0.0034296609634267435 -0.0022753090464785269
leaf_weight=2056 973 77 52 651 13.999999999999998 538
leaf_count=2056 973 77 52 651 14 538
internal_value=-5.79648e-05 -0.000333042 -0.00123839 -0.000918207 -0.00560486 -0.00114327
internal_weight=4361 3388 1332 1241 91 1189
internal_count=4361 3388 1332 1241 91 1189
is_linear=0
shrinkage=0.02


Tree=144
num_leaves=7
num_cat=0
split_feature=13 2 2 8 10 6
split_gain=2.77954 2.43455 3.76952 4.36913 3.31374 6.09929
threshold=30.625000000000004 0.81705587062288088 0.52321032201774831 11.610694959726443 7.5000000000000009 -0.055329488920715465
decision_type=10 10 10 10 2 2
left_child=1 2 -1 -4 -3 -6
right_child=-2 4 3 -5 5 -7
leaf_value=-0.0002412006885431208 0.0040163659372112973 -5.2797788085463719e-05 0.002043505671952486 -0.0036881297902535584 0.0022378236907642595 -0.0067696617707610129
leaf_weight=3357 66 195 541 59 43 100
leaf_count=3357 66 195 541 59 43 100
internal_value=-5.68055e-05 -0.000119397 1.97691e-05 0.00147989 -0.00174863 -0.00406112
internal_weight=4361 4295 3957 600 338 143
internal_count=4361 4295 3957 600 338 143
is_linear=0
shrinkage=0.02


Tree=145
num_leaves=7
num_cat=0
split_feature=2 3 6 10 9 9
split_gain=3.05262 2.88925 4.60352 2.85323 10.8792 3.30969
threshold=0.52321032201774831 0.50493099483922177 -0.24523811909281232 13.500000000000002 0.32829346893798744 0.46974366273804563
decision_type=10 10 2 2 10 10
left_child=1 -1 -3 -2 -5 -6
right_child=3 2 -4 4 5 -7
leaf_value=7.3951488621661385e-05 0.0016147870720540547 0.0081971199661493299 -0.0065976160314847841 -0.015569071299151372 0.009750797629356385 -0.0007025466948038056
leaf_weight=3344 887 9.9999999999999982 53 19 14.999999999999998 63
leaf_count=3344 887 10 53 19 15 63
internal_value=0.000277408 -5.99022e-06 -0.00424925 0.00125864 -0.00199805 0.00130771
internal_weight=4391 3407 63 984 97 78
internal_count=4391 3407 63 984 97 78
is_linear=0
shrinkage=0.02


Tree=146
num_leaves=7
num_cat=0
split_feature=2 7 10 9 7 1
split_gain=2.93174 4.04218 3.09414 10.4487 4.11873 2.85528
threshold=0.52321032201774831 1.5135166097075963 13.500000000000002 0.32829346893798744 0.83101650614966538 0.40988084520659634
decision_type=10 2 2 10 2 2
left_child=-1 2 -2 -4 5 -5
right_child=1 -3 3 4 -6 -7
leaf_value=-5.8704145197999332e-06 0.0018098439101689641 -0.0070523945910289237 -0.01525769010970467 0.0016234963539649139 0.010334610780701041 -0.0080274252004592737
leaf_weight=3407 865 23 19 44 15.999999999999998 17
leaf_count=3407 865 23 19 44 16 17
internal_value=0.000271859 0.00123347 0.00143178 -0.00197474 0.00130288 -0.0010661
internal_weight=4391 984 961 96 77 61
internal_count=4391 984 961 96 77 61
is_linear=0
shrinkage=0.02


Tree=147
num_leaves=7
num_cat=0
split_feature=2 7 10 9 7 0
split_gain=2.81564 3.88211 2.97161 10.035 3.95563 3.15967
threshold=0.52321032201774831 1.5135166097075963 13.500000000000002 0.32829346893798744 0.83101650614966538 -0.23828405392997246
decision_type=10 2 2 10 2 10
left_child=-1 2 -2 -4 5 -5
right_child=1 -3 3 4 -6 -7
leaf_value=-5.7530030380096105e-06 0.0017736470436867774 -0.0069113466074771212 -0.014952535974351984 0.0065888684068340806 0.010127918561920524 -0.003758969656709168
leaf_weight=3407 865 23 19 15.999999999999998 15.999999999999998 45
leaf_count=3407 865 23 19 16 16 45
internal_value=0.000266422 0.0012088 0.00140314 -0.00193524 0.00127682 -0.00104478
internal_weight=4391 984 961 96 77 61
internal_count=4391 984 961 96 77 61
is_linear=0
shrinkage=0.02


Tree=148
num_leaves=7
num_cat=0
split_feature=2 10 3 0 0 13
split_gain=2.70414 2.81014 4.35582 3.78175 3.43526 2.73524
threshold=0.52321032201774831 1.5000000000000002 0.50493099483922177 -0.21917598593632887 0.67077394706053184 19.625000000000004
decision_type=10 2 8 8 10 10
left_child=1 3 -3 -1 -5 -4
right_child=-2 2 5 4 -6 -7
leaf_value=0.012517941724509001 0.0011846252773954427 -8.7879593183524818e-05 -0.0098835271639892679 0.00083364239230735088 0.010896746783650347 -0.0023808888856369954
leaf_weight=11.999999999999998 984 2837 26 441 13.999999999999998 77
leaf_count=12 984 2837 26 441 14 77
internal_value=0.000261094 -5.63795e-06 -0.000234563 0.00143556 0.00114328 -0.00427476
internal_weight=4391 3407 2940 467 455 103
internal_count=4391 3407 2940 467 455 103
is_linear=0
shrinkage=0.02


Tree=149
num_leaves=7
num_cat=0
split_feature=13 8 8 8 2 6
split_gain=2.61847 2.48946 4.49364 2.23419 2.16926 3.27303
threshold=17.625000000000004 6.663700612815938 4.1351051572823083 6.2964867155904622 0.68761314875317769 -0.11057318023265982
decision_type=8 10 8 10 10 2
left_child=1 2 -1 -4 5 -3
right_child=-2 4 3 -5 -6 -7
leaf_value=0.0023417572707178131 0.00037408225992819672 0.0062555703944103284 -0.0049848354582985241 -0.013614609541992347 -0.007440925792657903 -0.0011078415074282223
leaf_weight=31 4148 33 60 14.999999999999998 13.999999999999998 90
leaf_count=31 4148 33 60 15 14 90
internal_value=0.000255872 -0.00176197 -0.00406335 -0.00671079 1.86506e-05 0.000867708
internal_weight=4391 243 106 75 137 123
internal_count=4391 243 106 75 137 123
is_linear=0
shrinkage=0.02


Tree=150
num_leaves=7
num_cat=0
split_feature=9 1 8 8 7 1
split_gain=2.68289 5.34714 3.62175 4.54129 3.61197 2.29196
threshold=0.18613841824209595 0.23162453821181228 16.234653385163593 10.719751988624351 0.60418719281217814 0.40843961066045226
decision_type=8 2 8 8 2 2
left_child=1 2 3 -1 -3 -2
right_child=5 4 -4 -5 -6 -7
leaf_value=0.0066222670604474832 -0.0001254753624553027 -0.0090303809765507181 -0.0011455162508147102 0.022323457002639779 0.0061177750602364545 0.0011158784747342854
leaf_weight=28.000000000000004 3568 17.000000000000004 13.999999999999998 9.9999999999999947 9.9999999999999982 714
leaf_count=28 3568 17 14 10 10 714
internal_value=0.000148893 0.00380104 0.0075504 0.0107542 -0.00341995 8.15136e-05
internal_weight=4361 79 52 38 27 4282
internal_count=4361 79 52 38 27 4282
is_linear=0
shrinkage=0.02


Tree=151
num_leaves=7
num_cat=0
split_feature=9 2 1 1 6 9
split_gain=2.57665 5.24653 6.71418 3.19849 2.24436 4.25474
threshold=0.18613841824209595 0.0031686656539034086 0.31413312459689152 0.084247597141202904 -0.76416821184482975 0.6459252149967728
decision_type=8 8 2 2 2 10
left_child=1 -1 3 -3 5 -2
right_child=4 2 -4 -5 -6 -7
leaf_value=0.014371269815911849 -0.0086852275015729848 0.014369210914708675 -0.01298948716033589 0.0018116202274727267 0.00013848122765881569 0.0012569834467851455
leaf_weight=14.999999999999998 33 9.9999999999999982 10.999999999999998 43 4213 36
leaf_count=15 33 10 11 43 4213 36
internal_value=0.000145915 0.00372502 0.0012298 0.00418098 7.98833e-05 -0.00349799
internal_weight=4361 79 64 53 4282 69
internal_count=4361 79 64 53 4282 69
is_linear=0
shrinkage=0.02


Tree=152
num_leaves=7
num_cat=0
split_feature=9 2 1 1 0 13
split_gain=2.47461 5.03876 6.44829 3.07183 2.21578 2.77788
threshold=0.18613841824209595 0.0031686656539034086 0.31413312459689152 0.084247597141202904 0.40843961066045226 30.625000000000004
decision_type=8 8 2 2 8 8
left_child=1 -1 3 -3 -2 -6
right_child=4 2 -4 -5 5 -7
leaf_value=0.014083844544986884 -0.00026025226736306169 0.014081826496869326 -0.012729698094454678 0.0017753879518009896 0.00048244844204782945 0.0042031310564454869
leaf_weight=14.999999999999998 2756 9.9999999999999982 10.999999999999998 43 1441 85
leaf_count=15 2756 10 11 43 1441 85
internal_value=0.000142997 0.00365052 0.00120521 0.00409736 7.82856e-05 0.000689695
internal_weight=4361 79 64 53 4282 1526
internal_count=4361 79 64 53 4282 1526
is_linear=0
shrinkage=0.02


Tree=153
num_leaves=7
num_cat=0
split_feature=9 2 1 7 7 8
split_gain=2.37662 4.83923 6.19294 3.1131 5.90379 2.26338
threshold=0.18613841824209595 0.0031686656539034086 0.31413312459689152 0.77808363744698161 0.075112461526534099 5.2497613253541999
decision_type=8 8 2 2 2 10
left_child=1 -1 3 4 -3 -6
right_child=-2 2 -4 -5 5 -7
leaf_value=0.013802167450388272 7.6719923820465135e-05 0.011932611976351058 -0.012475103600458667 0.012975042617569368 0.00036935826434808614 -0.011621942676603794
leaf_weight=14.999999999999998 4282 13.999999999999998 10.999999999999998 11.999999999999998 17.000000000000004 9.9999999999999982
leaf_count=15 4282 14 11 12 17 10
internal_value=0.000140137 0.00357751 0.0011811 0.00401541 0.00139308 -0.00407186
internal_weight=4361 79 64 53 41 27
internal_count=4361 79 64 53 41 27
is_linear=0
shrinkage=0.02


Tree=154
num_leaves=7
num_cat=0
split_feature=9 1 0 8 8 0
split_gain=2.2825 4.66495 3.42542 3.32432 4.2703 2.14298
threshold=0.18613841824209595 0.23162453821181228 0.47042915228094867 16.234653385163593 10.719751988624351 0.40843961066045226
decision_type=8 2 8 8 8 10
left_child=1 3 -3 4 -1 -2
right_child=5 2 -4 -5 -6 -7
leaf_value=0.0060706673815314255 -0.00012496295341765852 0.0060494534671306612 -0.0087023196325582593 -0.0013232077871050156 0.021296177387237557 0.0010753672546984273
leaf_weight=28.000000000000004 3568 9.9999999999999982 17.000000000000004 13.999999999999998 9.9999999999999947 714
leaf_count=28 3568 10 17 14 10 714
internal_value=0.000137334 0.00350596 -0.0032387 0.00700799 0.0100774 7.51855e-05
internal_weight=4361 79 27 52 38 4282
internal_count=4361 79 27 52 38 4282
is_linear=0
shrinkage=0.02


Tree=155
num_leaves=7
num_cat=0
split_feature=9 1 12 10 3 6
split_gain=2.40326 4.0553 4.88098 3.49033 5.20835 3.28405
threshold=0.264004787817608 0.26341549362649802 4.7500000000000009 9.5000000000000018 -0.039491130557099095 0.21806279188665295
decision_type=8 2 8 2 10 2
left_child=1 3 -3 -1 -5 -6
right_child=-2 2 -4 4 5 -7
leaf_value=0.0059973506714500815 -0.00021381229216381651 0.001015597339719534 -0.014314445182681084 0.0059182525997360548 -0.0097561250671582382 0.0039725375920534132
leaf_weight=92 4176 27 11.999999999999998 30 23 9.9999999999999982
leaf_count=92 4176 27 12 30 23 10
internal_value=-0.000112722 0.00206333 -0.00370134 0.0035138 -0.000112983 -0.00559592
internal_weight=4370 194 39 155 63 33
internal_count=4370 194 39 155 63 33
is_linear=0
shrinkage=0.02


Tree=156
num_leaves=7
num_cat=0
split_feature=9 1 6 9 6 13
split_gain=2.30809 3.89471 3.08093 2.98616 5.60517 2.97661
threshold=0.264004787817608 0.26341549362649802 0.27681681627367105 0.29363519712169345 0.055534963364037376 29.375000000000004
decision_type=8 2 2 8 2 10
left_child=1 2 -1 4 -2 -5
right_child=3 -3 -4 5 -6 -7
leaf_value=0.0018085550372328224 -0.014398353974170544 -0.0036273120818898462 0.0083064920732226124 -0.00026248377464244095 -0.00010810496105301765 0.0024555742924678185
leaf_weight=116 17 39 39 3960 31 168
leaf_count=116 17 39 39 3960 31 168
internal_value=-0.000110467 0.00202206 0.00344352 -0.000209536 -0.00516923 -0.000151865
internal_weight=4370 194 155 4176 48 4128
internal_count=4370 194 155 4176 48 4128
is_linear=0
shrinkage=0.02


Tree=157
num_leaves=7
num_cat=0
split_feature=9 1 12 2 10 2
split_gain=2.21669 3.74048 4.68769 3.35545 3.34491 5.21066
threshold=0.264004787817608 0.26341549362649802 4.7500000000000009 0.0031686656539034086 9.5000000000000018 0.080039573675871431
decision_type=8 2 8 8 2 10
left_child=1 4 3 -3 -1 -6
right_child=-2 2 -4 -5 5 -7
leaf_value=0.0058059175407201421 -0.00020534532294719278 0.0095711270228705601 -0.013955610245466233 -0.0047781840496463699 0.0064658688588274853 -0.0051570061899514665
leaf_weight=92 4176 11 11.999999999999998 15.999999999999998 27 36
leaf_count=92 4176 11 12 16 27 36
internal_value=-0.000108258 0.00198162 -0.00355477 0.00106783 0.00337465 -0.000175774
internal_weight=4370 194 39 27 155 63
internal_count=4370 194 39 27 155 63
is_linear=0
shrinkage=0.02


Tree=158
num_leaves=7
num_cat=0
split_feature=9 6 9 6 13 3
split_gain=2.12891 3.44228 2.86791 5.38321 2.85874 3.52303
threshold=0.264004787817608 0.34562570110706109 0.29363519712169345 0.055534963364037376 29.375000000000004 -0.3404895900013073
decision_type=8 2 8 2 10 8
left_child=1 -1 3 -2 -4 -6
right_child=2 -3 4 -5 5 -7
leaf_value=0.0006056453053043374 -0.014106280019178111 0.0072531045753604327 -0.00025312719714470357 -0.00010183588151008852 -0.0045162155061960222 0.0036215461517026377
leaf_weight=155 17 39 3960 31 25 143
leaf_count=155 17 39 3960 31 25 143
internal_value=-0.000106093 0.00194199 -0.000201238 -0.00506174 -0.000144721 0.00241057
internal_weight=4370 194 4176 48 4128 168
internal_count=4370 194 4176 48 4128 168
is_linear=0
shrinkage=0.02


Tree=159
num_leaves=7
num_cat=0
split_feature=9 1 12 10 3 3
split_gain=2.04461 3.58406 4.50357 3.20306 4.82489 3.11617
threshold=0.264004787817608 0.26341549362649802 4.7500000000000009 9.5000000000000018 -0.039491130557099095 -0.40678224700095228
decision_type=8 2 8 2 10 8
left_child=1 3 5 -1 -5 -3
right_child=-2 2 -4 4 -6 -7
leaf_value=0.0056458940727474247 -0.00019721365614334331 0.0086111695802537722 -0.013710768943031628 0.0055973820586999257 -0.0054848275361864852 -0.0050625369300444914
leaf_weight=92 4176 11.999999999999998 11.999999999999998 30 33 15.000000000000002
leaf_count=92 4176 12 12 30 33 15
internal_value=-0.000103971 0.00190315 -0.00351624 0.00326674 -0.000207585 0.00101467
internal_weight=4370 194 39 155 63 27
internal_count=4370 194 39 155 63 27
is_linear=0
shrinkage=0.02


Tree=160
num_leaves=7
num_cat=0
split_feature=0 6 12 0 12 6
split_gain=3.43859 2.25998 3.35636 3.06628 3.0523 3.0849
threshold=0.68893475800873427 -0.033845089063248394 8.7500000000000018 0.029259862536200092 6.7500000000000009 -0.0053931123155464286
decision_type=10 2 10 8 8 2
left_child=1 2 -1 -4 5 -3
right_child=-2 4 3 -5 -6 -7
leaf_value=-0.00045079031538333827 0.0038017322011291983 0.0028777611593418908 0.0043280303478240969 -0.0062487603745290214 0.0016700835516550454 -0.0002033656750594182
leaf_weight=1376 95 138 12.999999999999998 70 518 2237
leaf_count=1376 95 138 13 70 518 2237
internal_value=3.7561e-05 -4.46073e-05 -0.000686385 -0.00459215 0.000279055 -2.4336e-05
internal_weight=4447 4352 1459 83 2893 2375
internal_count=4447 4352 1459 83 2893 2375
is_linear=0
shrinkage=0.02


Tree=161
num_leaves=7
num_cat=0
split_feature=0 2 6 12 6 3
split_gain=3.30242 2.22256 2.17049 3.22344 3.01495 6.12419
threshold=0.68893475800873427 0.79329777514627342 -0.033845089063248394 8.7500000000000018 -0.064815147553933167 -0.21767898167489688
decision_type=10 10 2 10 2 8
left_child=2 -2 3 4 -1 -6
right_child=1 -3 -4 -5 5 -7
leaf_value=-0.00010459163379878394 0.0053054150763899091 -0.002198242818005383 0.00027347361432825324 -0.0045003114685595756 0.0038370065202411171 -0.0052952299913501038
leaf_weight=1218 75 20 2893 83 39 119
leaf_count=1218 75 20 2893 83 39 119
internal_value=3.68097e-05 0.0037257 -4.37152e-05 -0.000672658 -0.000441775 -0.00304107
internal_weight=4447 95 4352 1459 1376 158
internal_count=4447 95 4352 1459 1376 158
is_linear=0
shrinkage=0.02


Tree=162
num_leaves=7
num_cat=0
split_feature=0 2 6 12 0 12
split_gain=3.17165 2.13455 2.08454 3.0958 2.94485 2.93143
threshold=0.68893475800873427 0.79329777514627342 -0.033845089063248394 8.7500000000000018 0.029259862536200092 6.7500000000000009
decision_type=10 10 2 10 8 8
left_child=2 -2 3 -1 -5 -4
right_child=1 -3 5 4 -6 -7
leaf_value=-0.00043293902190017376 0.0051993067459824181 -0.0021542779467999935 -2.9318750310002974e-05 0.0043314759662518134 -0.006033778895224844 0.0016312124117697378
leaf_weight=1376 75 20 2375 12.999999999999998 70 518
leaf_count=1376 75 20 2375 13 70 518
internal_value=3.60735e-05 0.00365118 -4.28409e-05 -0.000659205 -0.00441031 0.000268004
internal_weight=4447 95 4352 1459 83 2893
internal_count=4447 95 4352 1459 83 2893
is_linear=0
shrinkage=0.02


Tree=163
num_leaves=7
num_cat=0
split_feature=0 2 6 12 6 12
split_gain=3.04605 2.05002 2.00199 2.9732 2.91583 2.98044
threshold=0.68893475800873427 0.79329777514627342 -0.033845089063248394 8.7500000000000018 -0.0053931123155464286 6.7500000000000009
decision_type=10 10 2 10 2 8
left_child=2 -2 3 -1 -4 -6
right_child=1 -3 4 -5 5 -7
leaf_value=-0.00042428024208104122 0.0050953206608692807 -0.0021111923502758144 0.002811804321786036 -0.0043220991055559687 -0.00020418146901901259 0.0015223578767079712
leaf_weight=1376 75 20 169 83 2237 487
leaf_count=1376 75 20 169 83 2237 487
internal_value=3.53521e-05 0.00357816 -4.1984e-05 -0.00064602 0.000262644 0.000104491
internal_weight=4447 95 4352 1459 2893 2724
internal_count=4447 95 4352 1459 2893 2724
is_linear=0
shrinkage=0.02


Tree=164
num_leaves=7
num_cat=0
split_feature=1 2 6 12 6 3
split_gain=2.92543 1.96884 1.92271 2.85546 2.89555 5.88167
threshold=0.68893475800873427 0.79329777514627342 -0.033845089063248394 8.7500000000000018 -0.064815147553933167 -0.21767898167489688
decision_type=2 10 2 10 2 8
left_child=2 -2 3 4 -1 -6
right_child=1 -3 -4 -5 5 -7
leaf_value=-8.5355432071046922e-05 0.0049934142064303163 -0.0020689685251563789 0.00025739117758905662 -0.0042356571007564842 0.0037774109549056261 -0.0051721810258361471
leaf_weight=1218 75 20 2893 83 39 119
leaf_count=1218 75 20 2893 83 39 119
internal_value=3.4645e-05 0.0035066 -4.11444e-05 -0.0006331 -0.000415795 -0.0029631
internal_weight=4447 95 4352 1459 1376 158
internal_count=4447 95 4352 1459 1376 158
is_linear=0
shrinkage=0.02


Tree=165
num_leaves=7
num_cat=0
split_feature=3 6 6 9 10 9
split_gain=3.03212 3.13602 2.81739 3.93468 2.96249 5.1357
threshold=0.072901637739144168 -0.76416821184482975 -0.37290836702929092 0.87002024837330494 11.500000000000002 0.34640758959959667
decision_type=10 2 2 8 2 8
left_child=-1 -2 3 -3 -4 -6
right_child=1 2 4 -5 5 -7
leaf_value=-0.00033100031043319724 -0.0062958949565887455 0.0049539522750333687 0.0010917506348613339 -0.0039048644294962286 -0.0071832454805616699 -7.8479024032843185e-05
leaf_weight=2658 25 122 1200 24 46 353
leaf_count=2658 25 122 1200 24 46 353
internal_value=9.6079e-05 0.000737422 0.000838186 0.00349771 0.000595352 -0.000897575
internal_weight=4428 1770 1745 146 1599 399
internal_count=4428 1770 1745 146 1599 399
is_linear=0
shrinkage=0.02


Tree=166
num_leaves=7
num_cat=0
split_feature=7 2 7 8 2 0
split_gain=1.79608 3.65843 4.17616 4.89435 4.2575 3.73647
threshold=0.49126203727729284 0.56524844676558239 0.51806445831101056 11.610694959726443 1.1168358948881674 0.17423652420306818
decision_type=2 10 2 10 10 10
left_child=-1 -2 -3 -4 5 -5
right_child=1 2 3 4 -6 -7
leaf_value=0.00043553498143407784 -0.00080668595878264824 -0.0096434474335267001 0.0029224617336958965 -0.0032449124596620853 0.0034840380415124329 -0.017891904312101276
leaf_weight=2577 1506 12.999999999999998 283 19.000000000000004 19 10.999999999999998
leaf_count=2577 1506 13 283 19 19 11
internal_value=9.41574e-05 -0.000381115 0.00147659 0.00191202 -0.00392383 -0.00861548
internal_weight=4428 1851 345 332 49 30
internal_count=4428 1851 345 332 49 30
is_linear=0
shrinkage=0.02


Tree=167
num_leaves=7
num_cat=0
split_feature=5 9 3 3 7 7
split_gain=3.10754 3.54136 3.7187 3.4146 6.04374 9.11995
threshold=2.5000000000000004 0.21532439528734493 0.49771592637587275 0.16511527506292509 0.0071542000945133532 0.16253267246942679
decision_type=2 8 10 10 2 2
left_child=3 2 -2 -1 -5 -6
right_child=1 -3 -4 4 5 -7
leaf_value=-0.0015282669939115933 0.0029435899500784117 0.00032659527994398038 0.016650965094566345 0.0057876637945701546 -0.0096481010317802426 0.00089105113613426935
leaf_weight=797 38 3226 9.9999999999999982 77 38 242
leaf_count=797 38 3226 10 77 38 242
internal_value=9.22742e-05 0.00040683 0.00579929 -0.000800149 0.000825369 -0.000539262
internal_weight=4428 3274 48 1154 357 280
internal_count=4428 3274 48 1154 357 280
is_linear=0
shrinkage=0.02


Tree=168
num_leaves=7
num_cat=0
split_feature=3 10 0 2 9 2
split_gain=2.79368 2.55065 4.81505 4.98537 6.3759 5.87735
threshold=0.072901637739144168 1.5000000000000002 -0.026064201419670807 -0.43482741156105081 0.29363519712169345 0.20854732659982322
decision_type=10 2 8 8 10 10
left_child=1 -1 -3 -4 5 -5
right_child=-2 2 3 4 -6 -7
leaf_value=0.0010437488894254625 0.00070603863057012192 -0.0048446943791635687 0.0023634615777931756 -0.0027778914633630092 -0.00034480226098394372 -0.012847991033750415
leaf_weight=455 1770 102 233 164 1677 27
leaf_count=455 1770 102 233 164 1677 27
internal_value=9.04287e-05 -0.000319515 -0.000601078 -0.000395058 -0.000739135 -0.00420141
internal_weight=4428 2658 2203 2101 1868 191
internal_count=4428 2658 2203 2101 1868 191
is_linear=0
shrinkage=0.02


Tree=169
num_leaves=7
num_cat=0
split_feature=3 6 6 9 10 9
split_gain=2.68305 3.00688 2.68908 3.7804 2.8296 4.95734
threshold=0.072901637739144168 -0.76416821184482975 -0.37290836702929092 0.87002024837330494 11.500000000000002 0.34640758959959667
decision_type=10 2 2 8 2 8
left_child=-1 -2 3 -3 -4 -6
right_child=1 2 4 -5 5 -7
leaf_value=-0.00031312433146345658 -0.0061950713276863103 0.0048162519222232289 0.0010384826116341477 -0.0038671500266840059 -0.0070812719637204126 -0.00010096418447053805
leaf_weight=2658 25 122 1200 24 46 353
leaf_count=2658 25 122 1200 24 46 353
internal_value=8.86202e-05 0.000691918 0.000790585 0.00338884 0.000553346 -0.000905711
internal_weight=4428 1770 1745 146 1599 399
internal_count=4428 1770 1745 146 1599 399
is_linear=0
shrinkage=0.02


end of trees

feature_importances:
wt_snap_share=162
implied_total=126
team_spread=107
def_short_pass_epa_adj=106
prior_epa_per_opp=97
def_deep_pass_epa_adj=93
rolling_epa_per_opp=80
wt_air_yards_per_target=72
form_residual=70
baseline_epa_per_opp=48
games_played_so_far=34
draft_tier_int=24
is_cold_start_int=1

parameters:
[boosting: gbdt]
[objective: regression]
[metric: rmse]
[tree_learner: serial]
[device_type: cpu]
[data_sample_strategy: bagging]
[data: ]
[valid: ]
[num_iterations: 170]
[learning_rate: 0.02]
[num_leaves: 7]
[num_threads: 1]
[seed: 42]
[deterministic: 0]
[force_col_wise: 0]
[force_row_wise: 0]
[histogram_pool_size: -1]
[max_depth: -1]
[min_data_in_leaf: 10]
[min_sum_hessian_in_leaf: 0.001]
[bagging_fraction: 0.8]
[pos_bagging_fraction: 1]
[neg_bagging_fraction: 1]
[bagging_freq: 5]
[bagging_seed: 400]
[bagging_by_query: 0]
[feature_fraction: 0.8]
[feature_fraction_bynode: 1]
[feature_fraction_seed: 30056]
[extra_trees: 0]
[extra_seed: 12879]
[early_stopping_round: 0]
[early_stopping_min_delta: 0]
[first_metric_only: 0]
[max_delta_step: 0]
[lambda_l1: 0]
[lambda_l2: 0]
[linear_lambda: 0]
[min_gain_to_split: 0]
[drop_rate: 0.1]
[max_drop: 50]
[skip_drop: 0.5]
[xgboost_dart_mode: 0]
[uniform_drop: 0]
[drop_seed: 17869]
[top_rate: 0.2]
[other_rate: 0.1]
[min_data_per_group: 100]
[max_cat_threshold: 32]
[cat_l2: 10]
[cat_smooth: 10]
[max_cat_to_onehot: 4]
[top_k: 20]
[monotone_constraints: ]
[monotone_constraints_method: basic]
[monotone_penalty: 0]
[feature_contri: ]
[forcedsplits_filename: ]
[refit_decay_rate: 0.9]
[cegb_tradeoff: 1]
[cegb_penalty_split: 0]
[cegb_penalty_feature_lazy: ]
[cegb_penalty_feature_coupled: ]
[path_smooth: 0]
[interaction_constraints: ]
[verbosity: -1]
[saved_feature_importance_type: 0]
[use_quantized_grad: 0]
[num_grad_quant_bins: 4]
[quant_train_renew_leaf: 0]
[stochastic_rounding: 1]
[linear_tree: 0]
[max_bin: 255]
[max_bin_by_feature: ]
[min_data_in_bin: 3]
[bin_construct_sample_cnt: 200000]
[data_random_seed: 175]
[is_enable_sparse: 1]
[enable_bundle: 1]
[use_missing: 1]
[zero_as_missing: 0]
[feature_pre_filter: 0]
[pre_partition: 0]
[two_round: 0]
[header: 0]
[label_column: ]
[weight_column: ]
[group_column: ]
[ignore_column: ]
[categorical_feature: ]
[forcedbins_filename: ]
[precise_float_parser: 0]
[parser_config_file: ]
[objective_seed: 16083]
[num_class: 1]
[is_unbalance: 0]
[scale_pos_weight: 1]
[sigmoid: 1]
[boost_from_average: 1]
[reg_sqrt: 0]
[alpha: 0.9]
[fair_c: 1]
[poisson_max_delta_step: 0.7]
[tweedie_variance_power: 1.5]
[lambdarank_truncation_level: 30]
[lambdarank_norm: 1]
[label_gain: ]
[lambdarank_position_bias_regularization: 0]
[eval_at: ]
[multi_error_top_k: 1]
[auc_mu_weights: ]
[num_machines: 1]
[local_listen_port: 12400]
[time_out: 120]
[machine_list_filename: ]
[machines: ]
[gpu_platform_id: -1]
[gpu_device_id: -1]
[gpu_use_dp: 0]
[num_gpu: 1]

end of parameters
