tree
version=v4
num_class=1
num_tree_per_iteration=1
label_index=0
max_feature_idx=14
objective=regression
feature_names=wt_target_share wt_air_yards_share wt_snap_share wt_tgt_per_snap wt_team_total_plays def_short_pass_epa_adj def_deep_pass_epa_adj draft_tier_int is_cold_start_int games_played_so_far baseline_target_share baseline_air_yards_share baseline_snap_share baseline_tgt_per_snap baseline_team_total_plays
feature_infos=[0.016129032258064516:0.35897435897435898] [-0.07451743721511446:0.82539682539682535] [0:1] [0:1] [48:102] [-2.657629356493695:1.2753215237511943] [-3.1009062621398629:2.7670575295483877] [1:5] [0:1] [0:16] [0.024096385542168676:0.25536992840095463] [-0.00045662100456621003:0.34612105711849955] [0:0.99187499999999995] [0:0.375] [58.5:75.875]
tree_sizes=736 772 775 773 775 775 775 776 770 776 777 778 776 776 781 780 783 773 775 780 778 782 779 777 776 779 778 775 776 782 780 779 777 784 780 776 784 778 774 776 778 778 784 782 781 782 784 775 779 781 779 783 781 784 774 772 777 778 785 783 780 782 782 791 785 783 786 785 777 786 783 787 782 780 787 783 784 783 776 784 785 785 784 786 787 786 762 790 776 766 785 787 796 798 794 804 778 781 777 775 769 790 785 791 791 779 787 788 796 773 778 778 772 789 786 780 793 771 791 803 778 791 773 784 791 776 774 794 777 798 792 774 770 783 764 813 813 785 803 784 796 816 784 791 760 772 778 789 773 790 772 767 792 798 800 757 790 782 788 757 816 795 767 818 775 786 783 760 787 773 769 802 789 772 768 772 776 777 776 797 778 791 793 790 760 774 783 789 770 781 792 806 788 775 775 776 795 787 791 776 812 799 768 801 789 784 794 786 789 768 802 776 798 792 760 785 817 798 785 781 783 793 786 760 782 776 776 780 783 813 783 779 794 780 770 775 786 786 781 789 827 760 750 762 764 788 787 784 810 803 799 787 798 807 822 801 753 774 783 753 764 773 786 807 807 798 768 808 800 780 820 803 792 802 793 766

Tree=0
num_leaves=7
num_cat=0
split_feature=0 0 11 0 10 10
split_gain=17147.6 2470.95 1729.13 959.738 573.872 414.387
threshold=0.10590270935702505 0.16359458844597574 0.1180556413964738 0.072668310363142211 0.19245945789830901 0.12921261465526127
decision_type=10 10 2 10 2 2
left_child=2 5 3 -1 -3 -2
right_child=1 4 -4 -5 -6 -7
leaf_value=3.5810085536485734 3.6284271707148839 3.6642810626189517 3.6190520078753745 3.6022365733737978 3.6945057598831395 3.6495196997047166
leaf_weight=3621 1045 738 731 1114 381 579
leaf_count=3621 1045 738 731 1114 381 579
internal_value=3.6109 3.6517 3.59042 3.586 3.67457 3.63595
internal_weight=8209 2743 5466 4735 1119 1624
internal_count=8209 2743 5466 4735 1119 1624
is_linear=0
shrinkage=1


Tree=1
num_leaves=7
num_cat=0
split_feature=0 0 11 0 10 0
split_gain=16468.5 2373.1 1660.66 921.733 551.147 402.526
threshold=0.10590270935702505 0.16359458844597574 0.1180556413964738 0.072668310363142211 0.19245945789830901 0.062319456259723412
decision_type=10 10 2 10 2 8
left_child=2 -2 3 -1 -3 -4
right_child=1 4 5 -5 -6 -7
leaf_value=-0.02952682790621905 0.024313074768397024 0.05208023334421763 -0.019204569273135241 -0.0087233670459829493 0.081700436878079194 0.01592555560317694
leaf_weight=3621 1624 738 170 1114 381 561
leaf_count=3621 1624 738 170 1114 381 561
internal_value=-0.000233585 0.0397548 -0.020301 -0.0246324 0.0621654 0.00775576
internal_weight=8209 2743 5466 4735 1119 731
internal_count=8209 2743 5466 4735 1119 731
is_linear=0
shrinkage=0.02


Tree=2
num_leaves=7
num_cat=0
split_feature=0 0 11 0 10 10
split_gain=15816.4 2279.12 1594.9 888.264 529.341 397.977
threshold=0.10590270935702505 0.16359458844597574 0.1180556413964738 0.06575922710461797 0.18749943296771093 0.12921261465526127
decision_type=10 10 2 10 2 2
left_child=2 5 3 -1 -3 -2
right_child=1 4 -4 -5 -6 -7
leaf_value=-0.029752273162086867 0.016457156313663464 0.051018770553040209 0.0076006436511038434 -0.010769964431013379 0.080028748896109489 0.037127833732875107
leaf_weight=3335 1045 737 731 1400 382 579
leaf_count=3335 1045 737 731 1400 382 579
internal_value=-0.000228913 0.0389597 -0.0198949 -0.0241398 0.0609221 0.0238268
internal_weight=8209 2743 5466 4735 1119 1624
internal_count=8209 2743 5466 4735 1119 1624
is_linear=0
shrinkage=0.02


Tree=3
num_leaves=7
num_cat=0
split_feature=0 0 11 0 10 0
split_gain=15190.1 2188.87 1531.74 855.127 508.401 386.586
threshold=0.10590270935702505 0.16359458844597574 0.1180556413964738 0.072668310363142211 0.19245945789830901 0.062319456259723412
decision_type=10 10 2 10 2 8
left_child=2 -2 3 -1 -3 -4
right_child=1 4 5 -5 -6 -7
leaf_value=-0.028371230890262989 0.023350277640329209 0.050017465711205314 -0.018972491359009462 -0.0083335000715307108 0.0784658522297704 0.015455031768948425
leaf_weight=3621 1624 738 170 1114 381 561
leaf_count=3621 1624 738 170 1114 381 561
internal_value=-0.000224335 0.0381805 -0.019497 -0.023657 0.0597036 0.00744863
internal_weight=8209 2743 5466 4735 1119 731
internal_count=8209 2743 5466 4735 1119 731
is_linear=0
shrinkage=0.02


Tree=4
num_leaves=7
num_cat=0
split_feature=0 0 11 0 10 10
split_gain=14588.5 2102.19 1471.08 824.092 488.286 382.217
threshold=0.10590270935702505 0.16359458844597574 0.1180556413964738 0.06575922710461797 0.18749943296771093 0.12921261465526127
decision_type=10 10 2 10 2 2
left_child=2 5 3 -1 -3 -2
right_child=1 4 -4 -5 -6 -7
leaf_value=-0.028589802357746566 0.015661007153360468 0.048998046634640427 0.0072996580323507624 -0.01030602628162929 0.076860343478815096 0.035918271989402374
leaf_weight=3335 1045 737 731 1400 382 579
leaf_count=3335 1045 737 731 1400 382 579
internal_value=-0.000219848 0.0374169 -0.0191071 -0.0231838 0.0585096 0.0228833
internal_weight=8209 2743 5466 4735 1119 1624
internal_count=8209 2743 5466 4735 1119 1624
is_linear=0
shrinkage=0.02


Tree=5
num_leaves=7
num_cat=0
split_feature=0 0 10 0 10 2
split_gain=13732.5 2139.72 1646.62 1059.61 539.652 527.446
threshold=0.10590270935702505 0.15151650125887681 0.12354859752120027 0.071433934827161885 0.18543449180989882 0.52933169235401745
decision_type=10 10 2 10 2 8
left_child=2 -2 3 -1 -3 -4
right_child=1 4 5 -5 -6 -7
leaf_value=-0.027706992851952869 0.018874553167906993 0.045416015178062451 -0.015400975902875265 -0.0061260701436549429 0.072107852164664171 0.024114038238471202
leaf_weight=3617 1370 919 195 1216 452 440
leaf_count=3617 1370 919 195 1216 452 440
internal_value=1.57994e-05 0.0365517 -0.0182989 -0.0222772 0.0542159 0.0119795
internal_weight=8209 2741 5468 4833 1371 635
internal_count=8209 2741 5468 4833 1371 635
is_linear=0
shrinkage=0.02


Tree=6
num_leaves=7
num_cat=0
split_feature=0 0 11 0 10 10
split_gain=13188.7 2054.98 1602.49 851.371 548.77 518.281
threshold=0.10590270935702505 0.15151650125887681 0.1180556413964738 0.071433934827161885 0.17227402838846759 0.18543449180989882
decision_type=10 10 2 10 2 2
left_child=2 -2 3 -1 -4 -3
right_child=1 5 4 -5 -6 -7
leaf_value=-0.027101845066970342 0.018497062740969832 0.044507693056994084 0.0021409990968465431 -0.0073835515386061088 0.050504682963544677 0.070665694326162334
leaf_weight=3557 1370 919 639 1162 110 452
leaf_count=3557 1370 919 639 1162 110 452
internal_value=1.54834e-05 0.0358207 -0.0179329 -0.0222464 0.00924381 0.0531316
internal_weight=8209 2741 5468 4719 749 1371
internal_count=8209 2741 5468 4719 749 1371
is_linear=0
shrinkage=0.02


Tree=7
num_leaves=7
num_cat=0
split_feature=0 0 11 0 10 10
split_gain=12666.4 1980.45 1539.03 817.656 527.039 459.367
threshold=0.10590270935702505 0.16359458844597574 0.1180556413964738 0.071433934827161885 0.17227402838846759 0.18543449180989882
decision_type=10 10 2 10 2 2
left_child=2 -2 3 -1 -4 -3
right_child=1 5 4 -5 -6 -7
leaf_value=-0.026559808771027787 0.020844792783482613 0.045734725143760445 0.0020981791200399024 -0.0072358803351036238 0.049494589274579837 0.072214752757804271
leaf_weight=3557 1609 720 639 1162 110 412
leaf_count=3557 1609 720 639 1162 110 412
internal_value=1.51736e-05 0.0351043 -0.0175743 -0.0218015 0.00905893 0.0553723
internal_weight=8209 2741 5468 4719 749 1132
internal_count=8209 2741 5468 4719 749 1132
is_linear=0
shrinkage=0.02


Tree=8
num_leaves=7
num_cat=0
split_feature=0 0 10 0 2 10
split_gain=12164.9 1907.86 1483.9 944.948 488.81 476.762
threshold=0.10590270935702505 0.15151650125887681 0.12354859752120027 0.071433934827161885 0.52933169235401745 0.18543449180989882
decision_type=10 10 2 10 8 2
left_child=2 -2 3 -1 -4 -3
right_child=1 5 4 -5 -6 -7
leaf_value=-0.026127003016048679 0.01771022492103333 0.042810638722004947 -0.014837924920595609 -0.0057471414920138688 0.023202323570847509 0.0678990057826174
leaf_weight=3617 1370 919 195 1216 440 452
leaf_count=3617 1370 919 195 1216 440 452
internal_value=1.48701e-05 0.0344022 -0.0172228 -0.0209994 0.0115207 0.0510819
internal_weight=8209 2741 5468 4833 635 1371
internal_count=8209 2741 5468 4833 635 1371
is_linear=0
shrinkage=0.02


Tree=9
num_leaves=7
num_cat=0
split_feature=0 0 11 0 10 10
split_gain=11683.1 1835.44 1432.23 751.527 496.866 424.281
threshold=0.10590270935702505 0.16359458844597574 0.1180556413964738 0.071433934827161885 0.17227402838846759 0.18543449180989882
decision_type=10 10 2 10 2 2
left_child=2 -2 3 -1 -4 -3
right_child=1 5 4 -5 -6 -7
leaf_value=-0.025518076246730526 0.019986649999462158 0.043963818028672705 0.0020555576369609444 -0.0069920533874974601 0.048075234239751644 0.069412477801291686
leaf_weight=3557 1609 720 639 1162 110 412
leaf_count=3557 1609 720 639 1162 110 412
internal_value=1.45722e-05 0.0337141 -0.0168783 -0.0209563 0.00881412 0.0532261
internal_weight=8209 2741 5468 4719 749 1132
internal_count=8209 2741 5468 4719 749 1132
is_linear=0
shrinkage=0.02


Tree=10
num_leaves=7
num_cat=0
split_feature=2 11 1 10 1 3
split_gain=10278.9 1957.74 1914.38 726.053 708.586 405.988
threshold=0.6238080385160677 0.12708461231263801 0.18455446516415294 0.10350005220825891 0.070597481701997714 0.091507529427883511
decision_type=10 2 10 2 10 8
left_child=1 4 3 -2 -1 -3
right_child=2 5 -4 -5 -6 -7
leaf_value=-0.025164083214728416 0.0059746598978607651 -0.012811003417804324 0.055331458333018051 0.030270323618645737 -0.007593052368701371 0.025242077902862523
leaf_weight=3552 865 145 869 1141 1238 495
leaf_count=3552 865 145 869 1141 1238 495
internal_value=-4.28937e-05 -0.0162331 0.0305355 0.0197939 -0.0206228 0.0166207
internal_weight=8305 5430 2875 2006 4790 640
internal_count=8305 5430 2875 2006 4790 640
is_linear=0
shrinkage=0.02


Tree=11
num_leaves=7
num_cat=0
split_feature=0 0 11 2 10 0
split_gain=11146.9 1746.54 1227.78 655.409 450.583 441.285
threshold=0.10590270935702505 0.16359458844597574 0.11888699022076293 0.52703813765887719 0.12354859752120027 0.081071352769779573
decision_type=10 10 2 10 2 8
left_child=2 4 3 -1 -2 -4
right_child=1 -3 5 -5 -6 -7
leaf_value=-0.024143301441501352 0.010446394516276476 0.051305400418243538 -0.011904949292381464 -0.0061689814499446332 0.031693343096782504 0.020135893223651644
leaf_weight=3744 967 1154 281 1036 680 443
leaf_count=3744 967 1154 281 1036 680 443
internal_value=-4.20357e-05 0.0324383 -0.0165713 -0.0202476 0.0192187 0.00770015
internal_weight=8305 2801 5504 4780 1647 724
internal_count=8305 2801 5504 4780 1647 724
is_linear=0
shrinkage=0.02


Tree=12
num_leaves=7
num_cat=0
split_feature=0 0 10 0 10 11
split_gain=10705.5 1677.37 1181.07 752.329 432.74 388.344
threshold=0.10590270935702505 0.16359458844597574 0.12354859752120027 0.07045440388408776 0.12354859752120027 0.20685578236029076
decision_type=10 10 2 10 2 2
left_child=2 4 3 -1 -2 -3
right_child=1 5 -4 -5 -6 -7
leaf_value=-0.024252669404710284 0.010237466416783024 0.042022017831512902 0.0095988226787705553 -0.0064076603281888501 0.031059476473579279 0.066581025513791539
leaf_weight=3595 967 766 627 1282 680 388
leaf_count=3595 967 766 627 1282 680 388
internal_value=-4.11954e-05 0.0317895 -0.0162399 -0.0195618 0.0188343 0.0502793
internal_weight=8305 2801 5504 4877 1647 1154
internal_count=8305 2801 5504 4877 1647 1154
is_linear=0
shrinkage=0.02


Tree=13
num_leaves=7
num_cat=0
split_feature=0 0 11 2 0 11
split_gain=10290.1 1822.47 1070 496.254 427.54 389.547
threshold=0.10085245653445908 0.16359458844597574 0.11888699022076293 0.51571816563553019 0.081071352769779573 0.098560253967623121
decision_type=10 10 2 10 8 2
left_child=2 5 3 -1 -4 -2
right_child=1 -3 4 -5 -6 -7
leaf_value=-0.023646408592304474 0.0067979534324397227 0.049273706354084623 -0.011589671388215442 -0.0078886760634753212 0.021002062707744164 0.025318354300324388
leaf_weight=3620 806 1154 281 1026 377 1041
leaf_count=3620 806 1154 281 1026 377 1041
internal_value=-4.03716e-05 0.029556 -0.016786 -0.0201665 0.00708371 0.0172364
internal_weight=8305 3001 5304 4646 658 1847
internal_count=8305 3001 5304 4646 658 1847
is_linear=0
shrinkage=0.02


Tree=14
num_leaves=7
num_cat=0
split_feature=0 0 13 2 2 11
split_gain=9882.57 1750.3 1035.35 560.197 445.703 374.121
threshold=0.10085245653445908 0.16359458844597574 0.081536023500309224 0.59479309246504364 0.52703813765887719 0.098560253967623121
decision_type=10 10 2 8 10 2
left_child=2 5 4 -4 -1 -2
right_child=1 -3 3 -5 -6 -7
leaf_value=-0.024987312844929339 0.0066619942860479103 0.048288232206368575 -0.011016156774279395 0.015846263468112545 -0.0083147314542568983 0.02481198758620605
leaf_weight=3155 806 1154 857 487 805 1041
leaf_count=3155 806 1154 857 487 805 1041
internal_value=-3.95642e-05 0.0289648 -0.0164502 -0.00128253 -0.0215981 0.0168916
internal_weight=8305 3001 5304 1344 3960 1847
internal_count=8305 3001 5304 1344 3960 1847
is_linear=0
shrinkage=0.02


Tree=15
num_leaves=7
num_cat=0
split_feature=0 0 10 0 10 13
split_gain=9443.63 1309.86 1044.51 751.958 363.659 355.417
threshold=0.10590270935702505 0.16504746814623608 0.14044024157660526 0.079811822763781667 0.18543449180989882 0.081536023500309224
decision_type=10 10 2 10 2 2
left_child=2 -2 3 5 -3 -1
right_child=1 4 -4 -5 -6 -7
leaf_value=-0.024419369303996158 0.018267148171724239 0.037201769978460607 0.017365129144564898 -0.0022234033608851014 0.060684364522809474 -0.009163504432219997
leaf_weight=3434 1677 685 357 978 429 743
leaf_count=3434 1677 685 357 978 429 743
internal_value=-0.000540639 0.0294342 -0.0157184 -0.0180095 0.0462449 -0.0217057
internal_weight=8303 2791 5512 5155 1114 4177
internal_count=8303 2791 5512 5155 1114 4177
is_linear=0
shrinkage=0.02


Tree=16
num_leaves=7
num_cat=0
split_feature=1 10 10 1 1 4
split_gain=7128.96 1622.8 1352.56 668.468 533.038 306.553
threshold=0.097366752573234142 0.14935307636641248 0.14044024157660526 0.049145895152485929 0.18227298866092609 56.472972972972983
decision_type=10 2 2 10 10 10
left_child=2 4 3 5 -2 -1
right_child=1 -3 -4 -5 -6 -7
leaf_value=-0.0074419203318018831 0.0074731130201512201 0.04362296065542165 0.020582940561125182 -0.0076160633815962773 0.032624561408326015 -0.025577312263198811
leaf_weight=433 1521 1077 404 1752 433 2683
leaf_count=433 1521 1077 404 1752 433 2683
internal_value=-0.000529826 0.0239112 -0.0145816 -0.0174999 0.0130466 -0.0230572
internal_weight=8303 3031 5272 4868 1954 3116
internal_count=8303 3031 5272 4868 1954 3116
is_linear=0
shrinkage=0.02


Tree=17
num_leaves=7
num_cat=0
split_feature=0 0 10 0 10 10
split_gain=8776.96 1218.92 971.418 557.738 379.414 342.128
threshold=0.10590270935702505 0.16504746814623608 0.09683036375864941 0.081071352769779573 0.17394484648882594 0.18543449180989882
decision_type=10 10 2 8 2 2
left_child=2 -2 -1 -4 -5 -3
right_child=1 5 3 4 -6 -7
leaf_value=-0.020573056337765988 0.017605758109990759 0.035823566470703068 -0.013704524109386731 0.0049985564410613449 0.049697911224601904 0.058600366833882457
leaf_weight=3890 1677 685 823 714 85 429
leaf_count=3890 1677 685 823 714 85 429
internal_value=-0.00051923 0.0283782 -0.0151514 -0.00214891 0.00975381 0.0445949
internal_weight=8303 2791 5512 1622 799 1114
internal_count=8303 2791 5512 1622 799 1114
is_linear=0
shrinkage=0.02


Tree=18
num_leaves=7
num_cat=0
split_feature=0 0 10 2 10 2
split_gain=8429.39 1171.38 933.612 597.624 355.93 331.947
threshold=0.10590270935702505 0.15683109635549133 0.095139757587119983 0.60645803380597496 0.18543449180989882 0.5522807016065564
decision_type=10 10 2 8 2 10
left_child=2 -2 5 -4 -3 -1
right_child=1 4 3 -5 -6 -7
leaf_value=-0.02292187458813694 0.015859447357974933 0.034075394175994402 -0.012684935462907188 0.011440885515058076 0.056116692640265614 -0.0070904911526544828
leaf_weight=3197 1508 830 965 715 453 635
leaf_count=3197 1508 830 965 715 453 635
internal_value=-0.000508845 0.0278106 -0.0148484 -0.0024171 0.0418577 -0.0202985
internal_weight=8303 2791 5512 1680 1283 3832
internal_count=8303 2791 5512 1680 1283 3832
is_linear=0
shrinkage=0.02


Tree=19
num_leaves=7
num_cat=0
split_feature=0 0 13 2 10 10
split_gain=8095.59 1127.59 927.419 537.138 494.757 324.18
threshold=0.10590270935702505 0.16504746814623608 0.081536023500309224 0.560043909393796 0.17394484648882594 0.11699821193562969
decision_type=10 10 2 10 2 2
left_child=2 5 3 -1 -4 -2
right_child=1 -3 4 -5 -6 -7
leaf_value=-0.022663853623458921 0.0088107515815199784 0.042851715472324532 -0.0034814090404069699 -0.0034003562354255885 0.048024873621290251 0.026460039598532603
leaf_weight=3396 909 1114 1339 698 79 768
leaf_count=3396 909 1114 1339 698 79 768
internal_value=-0.000498668 0.0272544 -0.0145514 -0.0193796 -0.000611877 0.0168934
internal_weight=8303 2791 5512 4094 1418 1677
internal_count=8303 2791 5512 4094 1418 1677
is_linear=0
shrinkage=0.02


Tree=20
num_leaves=7
num_cat=0
split_feature=1 1 10 10 1 10
split_gain=6456.32 1389.73 1258.31 625.722 467.204 279.413
threshold=0.097366752573234142 0.19826241273320808 0.12354859752120027 0.12354859752120027 0.049145895152485929 0.21030639245614577
decision_type=10 10 2 2 10 2
left_child=2 3 4 -2 -1 -3
right_child=1 5 -4 -5 -6 -7
leaf_value=-0.021268095814452898 0.0061855074951159515 0.038419890292132351 0.013757023304766839 0.028031678631987838 -0.0079463296847048174 0.064457079559160038
leaf_weight=2985 1283 649 621 887 1627 221
leaf_count=2985 1283 649 621 887 1627 221
internal_value=0.000496651 0.0236775 -0.0129698 0.0151153 -0.0165685 0.0450339
internal_weight=8273 3040 5233 2170 4612 870
internal_count=8273 3040 5233 2170 4612 870
is_linear=0
shrinkage=0.02


Tree=21
num_leaves=7
num_cat=0
split_feature=0 0 0 13 9 11
split_gain=7632.88 1222.32 717.616 686.789 331.654 311.942
threshold=0.12145771048098426 0.081071352769779573 0.19589541283029285 0.081536023500309224 1.0000000180025095e-35 0.11289073438134485
decision_type=10 10 10 2 2 2
left_child=1 3 5 -1 -5 -2
right_child=2 -3 -4 4 -6 -7
leaf_value=-0.020850884914741141 0.014721899787902783 0.0038125331016165991 0.050725608511284347 0.020056472995451519 -0.0080918436760710494 0.032188737680618654
leaf_weight=3476 692 1569 586 217 733 1000
leaf_count=3476 692 1569 586 217 733 1000
internal_value=0.000486718 -0.0113553 0.0316512 -0.0167322 -0.00166218 0.0250451
internal_weight=8273 5995 2278 4426 950 1692
internal_count=8273 5995 2278 4426 950 1692
is_linear=0
shrinkage=0.02


Tree=22
num_leaves=7
num_cat=0
split_feature=0 0 10 0 13 2
split_gain=7330.61 1173.92 696.865 689.198 355.394 313.787
threshold=0.12145771048098426 0.081071352769779573 0.14044024157660526 0.19589541283029285 0.076261210999247681 0.59169053227139023
decision_type=10 10 2 10 2 8
left_child=1 2 4 5 -1 -2
right_child=3 -3 -4 -5 -6 -7
leaf_value=-0.021400999463198365 0.0030452056099366178 0.003736282434707586 0.01781369878951691 0.049711095348776102 -0.0075359745682188018 0.027994642197914598
leaf_weight=3242 234 1569 226 586 958 1458
leaf_count=3242 234 1569 226 586 958 1458
internal_value=0.000476984 -0.0111282 -0.0163976 0.0310182 -0.0182385 0.0245442
internal_weight=8273 5995 4426 2278 4200 1692
internal_count=8273 5995 4426 2278 4200 1692
is_linear=0
shrinkage=0.02


Tree=23
num_leaves=7
num_cat=0
split_feature=0 0 10 0 13 10
split_gain=7040.32 1127.43 669.269 661.906 341.321 302.1
threshold=0.12145771048098426 0.081071352769779573 0.14044024157660526 0.19589541283029285 0.076261210999247681 0.11842472389071887
decision_type=10 10 2 10 2 2
left_child=1 2 4 5 -1 -2
right_child=3 -3 -4 -5 -6 -7
leaf_value=-0.020972979845804315 0.014257902478210861 0.0036615567084169903 0.017457424849601447 0.048716874137079168 -0.0073852549807512692 0.031344315107273341
leaf_weight=3242 722 1569 226 586 958 970
leaf_count=3242 722 1569 226 586 958 970
internal_value=0.000467444 -0.0109056 -0.0160696 0.0303978 -0.0178737 0.0240533
internal_weight=8273 5995 4426 2278 4200 1692
internal_count=8273 5995 4426 2278 4200 1692
is_linear=0
shrinkage=0.02


Tree=24
num_leaves=7
num_cat=0
split_feature=0 0 11 4 11 0
split_gain=6761.52 1082.79 636.12 623.08 347.046 336.212
threshold=0.12145771048098426 0.081071352769779573 0.18066606051167425 83.904463970501723 0.14698625785164521 0.049820182643722032
decision_type=10 10 2 8 2 10
left_child=1 3 -2 5 -5 -1
right_child=2 -3 -4 4 -6 -7
leaf_value=-0.023787658549577397 0.022656256677360442 0.0035883255669885124 0.045447843333498571 -0.0029968364666412713 0.039052086381319288 -0.011975207254771469
leaf_weight=2156 1565 1569 713 431 96 1743
leaf_count=2156 1565 1569 713 431 96 1743
internal_value=0.000458095 -0.0106875 0.0297899 -0.0157482 0.00466293 -0.018507
internal_weight=8273 5995 2278 4426 527 3899
internal_count=8273 5995 2278 4426 527 3899
is_linear=0
shrinkage=0.02


Tree=25
num_leaves=7
num_cat=0
split_feature=0 0 10 0 10 10
split_gain=6325.18 1346.95 760.645 374.774 317.014 299.095
threshold=0.096795505182601979 0.15683109635549133 0.14044024157660526 0.055564802269453546 0.19894261397458093 0.10350005220825891
decision_type=10 10 2 10 2 2
left_child=2 5 3 -1 -3 -2
right_child=1 4 -4 -5 -6 -7
leaf_value=-0.020036124817466382 0.0026886325726510154 0.032148618938533123 0.017223034053295852 -0.0086018528214212523 0.054662169636610677 0.018845790730863812
leaf_weight=2954 846 947 300 1874 340 1000
leaf_count=2954 846 947 300 1874 340 1000
internal_value=1.2806e-06 0.0223908 -0.0136778 -0.0155979 0.0380963 0.0114412
internal_weight=8261 3133 5128 4828 1287 1846
internal_count=8261 3133 5128 4828 1287 1846
is_linear=0
shrinkage=0.02


Tree=26
num_leaves=7
num_cat=0
split_feature=0 0 0 13 2 2
split_gain=6081.18 1096.88 627.9 578.952 314.87 210.877
threshold=0.12545808234365546 0.08453441146134158 0.17117198404823772 0.081536023500309224 0.61056667454626656 0.65018899911374495
decision_type=10 10 10 2 8 10
left_child=1 3 -2 -1 -5 -3
right_child=2 5 -4 4 -6 -7
leaf_value=-0.018858642713547973 0.018790685460591764 -0.0016523228418493367 0.04045948380725542 -0.0097958997326964403 0.013643969242116782 0.013467597262888931
leaf_weight=3567 1141 907 1007 668 349 622
leaf_count=3567 1141 907 1007 668 349 622
internal_value=1.25489e-06 -0.0101705 0.0289492 -0.0150634 -0.00175213 0.00449849
internal_weight=8261 6113 2148 4584 1017 1529
internal_count=8261 6113 2148 4584 1017 1529
is_linear=0
shrinkage=0.02


Tree=27
num_leaves=7
num_cat=0
split_feature=2 3 11 10 3 13
split_gain=5716.3 1066.91 1000.53 399.576 337.926 327.075
threshold=0.61056667454626656 0.10893898652881577 0.12708461231263801 0.19245945789830901 0.093991377020557057 0.081536023500309224
decision_type=10 10 2 2 8 2
left_child=2 -2 5 -3 -4 -1
right_child=1 3 4 -5 -6 -7
leaf_value=-0.018478852476914734 0.012035572129220464 0.029387350986886624 -0.015237398948393712 0.054927379878326542 0.019445502350313799 -0.0055981232320508412
leaf_weight=3648 1742 905 147 336 477 1006
leaf_count=3648 1742 905 147 336 477 1006
internal_value=1.22989e-06 0.0221311 -0.0125061 0.0363023 0.011275 -0.0156946
internal_weight=8261 2983 5278 1241 624 4654
internal_count=8261 2983 5278 1241 624 4654
is_linear=0
shrinkage=0.02


Tree=28
num_leaves=7
num_cat=0
split_feature=0 0 10 0 10 10
split_gain=5645.11 1203.75 697.414 343.198 292.703 277.715
threshold=0.096795505182601979 0.15683109635549133 0.14044024157660526 0.055564802269453546 0.20867435114620056 0.10272581836081714
decision_type=10 10 2 10 2 2
left_child=2 5 3 -1 -3 -2
right_child=1 4 -4 -5 -6 -7
leaf_value=-0.019007296768670637 0.0021812791851324935 0.031154751808510937 0.016667009808495642 -0.0080653133291090553 0.05477546820755709 0.01778238703232423
leaf_weight=2954 826 1023 300 1874 264 1020
leaf_count=2954 826 1023 300 1874 264 1020
internal_value=1.20533e-06 0.0211528 -0.0129216 -0.0147601 0.036 0.0108016
internal_weight=8261 3133 5128 4828 1287 1846
internal_count=8261 3133 5128 4828 1287 1846
is_linear=0
shrinkage=0.02


Tree=29
num_leaves=7
num_cat=0
split_feature=0 10 10 0 0 10
split_gain=5434.07 991.733 599.739 472.897 402.803 274.362
threshold=0.12545808234365546 0.09683036375864941 0.19894261397458093 0.085978340678558446 0.063401435593292407 0.11842472389071887
decision_type=10 2 2 8 10 2
left_child=1 4 5 -3 -1 -2
right_child=2 3 -4 -5 -6 -7
leaf_value=-0.019659862687354156 0.013126987780695555 -0.0086215673236339982 0.050233946624335162 0.011151270617617894 -0.00658430650548434 0.029109715543593852
leaf_weight=2720 734 888 378 1063 1442 1036
leaf_count=2720 734 888 378 1063 1442 1036
internal_value=1.18128e-06 -0.00961419 0.0273656 0.00215164 -0.0151296 0.0224818
internal_weight=8261 6113 2148 1951 4162 1770
internal_count=8261 6113 2148 1951 4162 1770
is_linear=0
shrinkage=0.02


Tree=30
num_leaves=7
num_cat=0
split_feature=0 13 2 0 2 2
split_gain=5684.44 1032.3 573.367 545.683 428.21 218.118
threshold=0.12545808234365546 0.077366792603345905 0.60009641360272747 0.19589541283029285 0.52933169235401745 0.58560615355058565
decision_type=10 2 8 10 10 8
left_child=1 4 -3 5 -1 -2
right_child=3 2 -4 -5 -6 -7
leaf_value=-0.019131780774255858 0.0012758394523656794 -0.0070789099216837141 0.014647009932987903 0.044574990713390807 -0.0040266519737915084 0.024571661034542176
leaf_weight=3156 182 1168 832 580 985 1378
leaf_count=3156 182 1168 832 580 985 1378
internal_value=-5.82732e-05 -0.00984009 0.00195907 0.0280119 -0.0155388 0.0218538
internal_weight=8281 6141 2000 2140 4141 1560
internal_count=8281 6141 2000 2140 4141 1560
is_linear=0
shrinkage=0.02


Tree=31
num_leaves=7
num_cat=0
split_feature=2 3 11 10 13 13
split_gain=5132.58 1030.92 1011.67 367.157 345.835 340.268
threshold=0.61056667454626656 0.10994751194195056 0.12708461231263801 0.18543449180989882 0.076261210999247681 0.074547475389012394
decision_type=10 10 2 2 2 2
left_child=2 5 4 -3 -1 -2
right_child=1 3 -4 -5 -6 -7
leaf_value=-0.018227194973176195 0.0014060724741345599 0.027670336754929154 0.012682106324729799 0.051400555112443048 -0.0058774822085173586 0.018999949677528643
leaf_weight=3470 786 822 595 382 1228 998
leaf_count=3470 786 822 595 382 1228 998
internal_value=-5.71078e-05 0.0208993 -0.0118874 0.0351994 -0.0149991 0.0112484
internal_weight=8281 2988 5293 1204 4698 1784
internal_count=8281 2988 5293 1204 4698 1784
is_linear=0
shrinkage=0.02


Tree=32
num_leaves=7
num_cat=0
split_feature=0 13 11 2 2 0
split_gain=5274.57 948.874 601.151 534.899 397.358 196.814
threshold=0.12545808234365546 0.077366792603345905 0.17773443961795168 0.60009641360272747 0.52933169235401745 0.15415856243282874
decision_type=10 2 2 8 10 10
left_child=1 4 5 -3 -1 -2
right_child=2 3 -4 -5 -6 -7
leaf_value=-0.01840324659418199 0.011611875219717512 -0.0068957366131238915 0.041995311805767821 0.014088727307385293 -0.0038524472081394355 0.02648880332875677
leaf_weight=3156 671 1168 712 832 985 757
leaf_count=3156 671 1168 712 832 985 757
internal_value=-5.59657e-05 -0.00947854 0.0269833 0.0018338 -0.0149421 0.0194983
internal_weight=8281 6141 2140 2000 4141 1428
internal_count=8281 6141 2140 2000 4141 1428
is_linear=0
shrinkage=0.02


Tree=33
num_leaves=7
num_cat=0
split_feature=0 13 11 0 0 10
split_gain=5065.7 911.299 577.345 385.791 369.955 221.21
threshold=0.12545808234365546 0.077366792603345905 0.17773443961795168 0.085978340678558446 0.060046975803275317 0.17227402838846759
decision_type=10 2 2 10 8 2
left_child=1 3 -2 -1 -3 -6
right_child=2 4 -4 -5 5 -7
leaf_value=-0.017322915885199134 0.019108347747087185 -0.013509903358761222 0.041155406031247461 -0.00073637589248473612 0.0043370764618712761 0.032008870443890967
leaf_weight=3472 1428 480 712 669 1394 126
leaf_count=3472 1428 480 712 669 1394 126
internal_value=-5.48462e-05 -0.00928897 0.0264436 -0.0146433 0.00179712 0.00663092
internal_weight=8281 6141 2140 4141 2000 1520
internal_count=8281 6141 2140 4141 2000 1520
is_linear=0
shrinkage=0.02


Tree=34
num_leaves=7
num_cat=0
split_feature=0 10 11 2 2 10
split_gain=4865.1 887.162 554.483 474.317 331.93 230.255
threshold=0.12545808234365546 0.09683036375864941 0.17773443961795168 0.51315574647654727 0.52933169235401745 0.17227402838846759
decision_type=10 2 2 8 10 2
left_child=1 4 -2 -3 -1 -5
right_child=2 3 -4 5 -6 -7
leaf_value=-0.017339904784414807 0.018726180743208254 -0.010851254659510838 0.040332298019490197 0.0064741803684141034 -0.0039064364301915353 0.033636309190501347
leaf_weight=3239 1428 720 712 1089 952 141
leaf_count=3239 1428 720 712 1089 952 141
internal_value=-5.37493e-05 -0.00910319 0.0259148 0.00204113 -0.0142884 0.00958789
internal_weight=8281 6141 2140 1950 4191 1230
internal_count=8281 6141 2140 1950 4191 1230
is_linear=0
shrinkage=0.02


Tree=35
num_leaves=7
num_cat=0
split_feature=2 11 3 2 13 3
split_gain=4470.07 904.193 800.799 375.469 303.895 272.028
threshold=0.60355915251748027 0.12708461231263801 0.10836947483796106 0.82001342307893255 0.081536023500309224 0.093991377020557057
decision_type=10 2 10 10 2 8
left_child=1 4 -2 -4 -1 -3
right_child=2 5 3 -5 -6 -7
leaf_value=-0.016528356316405975 0.010899513815291067 -0.012214640388670175 0.022842251894471314 0.045091901671631754 -0.0042066739111798019 0.019842056009468142
leaf_weight=3658 1742 138 751 509 1025 455
leaf_count=3658 1742 138 751 509 1025 455
internal_value=0.000200919 -0.0108852 0.0196846 0.0318304 -0.0138314 0.012382
internal_weight=8278 5276 3002 1260 4683 593
internal_count=8278 5276 3002 1260 4683 593
is_linear=0
shrinkage=0.02


Tree=36
num_leaves=7
num_cat=0
split_feature=0 0 10 0 10 9
split_gain=4524.71 858.135 633.066 264.475 247.182 218.829
threshold=0.10085245653445908 0.14944416476923078 0.12354859752120027 0.049820182643722032 0.18543449180989882 1.0000000180025095e-35
decision_type=10 10 2 10 2 2
left_child=2 -2 3 5 -3 -1
right_child=1 4 -4 -5 -6 -7
leaf_value=-0.0028699269158875239 0.0093940625014349976 0.025243066110020317 0.008976458110618632 -0.0083026206484535757 0.042916725546057369 -0.020136099184104191
leaf_weight=340 1521 996 572 2233 464 2152
leaf_count=340 1521 996 572 2233 464 2152
internal_value=0.000196901 0.0199074 -0.0108956 -0.0133013 0.0308599 -0.0177804
internal_weight=8278 2981 5297 4725 1460 2492
internal_count=8278 2981 5297 4725 1460 2492
is_linear=0
shrinkage=0.02


Tree=37
num_leaves=7
num_cat=0
split_feature=0 0 11 0 10 0
split_gain=4345.53 824.153 612.339 294.859 237.394 226.816
threshold=0.10085245653445908 0.14944416476923078 0.11324754131709917 0.062781239934190283 0.18543449180989882 0.049820182643722032
decision_type=10 10 2 8 2 10
left_child=2 -2 5 -4 -3 -1
right_child=1 4 3 -5 -6 -7
leaf_value=-0.017698614098948781 0.0092061812918385853 0.024738204744799916 -0.013443022690777913 0.013418987356792729 0.042058391038906476 -0.0087018780707892093
leaf_weight=2416 1521 996 231 559 464 2091
leaf_count=2416 1521 996 231 559 464 2091
internal_value=0.000192963 0.0195092 -0.0106777 0.0055644 0.0302427 -0.0135246
internal_weight=8278 2981 5297 790 1460 4507
internal_count=8278 2981 5297 790 1460 4507
is_linear=0
shrinkage=0.02


Tree=38
num_leaves=7
num_cat=0
split_feature=0 0 10 2 10 2
split_gain=4173.45 791.517 590.694 274.335 227.993 216.776
threshold=0.10085245653445908 0.14944416476923078 0.12354859752120027 0.52703813765887719 0.18543449180989882 0.72234427795969214
decision_type=10 10 2 10 2 10
left_child=2 5 3 -1 -3 -2
right_child=1 4 -4 -5 -6 -7
leaf_value=-0.015214972796362006 0.0028689784114299998 0.024243440756067703 0.0087313687377869823 -0.0032191641220777147 0.04121722294310718 0.018287155643731505
leaf_weight=3769 914 996 572 956 464 607
leaf_count=3769 914 996 572 956 464 607
internal_value=0.000189103 0.019119 -0.0104641 -0.0127879 0.0296378 0.00902206
internal_weight=8278 2981 5297 4725 1460 1521
internal_count=8278 2981 5297 4725 1460 1521
is_linear=0
shrinkage=0.02


Tree=39
num_leaves=7
num_cat=0
split_feature=2 11 3 13 1 2
split_gain=3890.74 924.212 639.41 340.132 259.28 236.874
threshold=0.66158076300004509 0.12708461231263801 0.10893898652881577 0.081536023500309224 0.13420907469092744 0.82001342307893255
decision_type=10 2 10 2 8 10
left_child=1 3 -2 -1 -3 -4
right_child=2 4 5 -5 -6 -7
leaf_value=-0.014735560270635707 0.012398956955623265 -0.00058133185299187053 0.023928098353790121 -0.0023719112756712467 0.022946407094541654 0.042909456813775136
leaf_weight=3880 1436 354 556 1155 398 499
leaf_count=3880 1436 354 556 1155 398 499
internal_value=0.000185321 -0.00881055 0.0210842 -0.0118994 0.0118708 0.032906
internal_weight=8278 5787 2491 5035 752 1055
internal_count=8278 5787 2491 5035 752 1055
is_linear=0
shrinkage=0.02


Tree=40
num_leaves=7
num_cat=0
split_feature=0 0 13 10 10 3
split_gain=3619.76 569.657 488.77 283.62 258.744 198.279
threshold=0.10133648122891947 0.19218749533548593 0.081536023500309224 0.17895054496396495 0.11842472389071887 0.02833004825482726
decision_type=10 10 2 2 2 8
left_child=2 4 5 -4 -2 -1
right_child=1 -3 3 -5 -6 -7
leaf_value=-0.022263800770517452 0.006250046519109537 0.034289151755846674 -0.0014311312401155101 0.043071505546569827 0.019578664078612966 -0.011182357530578769
leaf_weight=811 1146 643 1265 60 1185 3172
leaf_count=811 1146 643 1265 60 1185 3172
internal_value=-4.1207e-05 0.0176231 -0.0099383 0.000584083 0.0130259 -0.0134387
internal_weight=8282 2974 5308 1325 2331 3983
internal_count=8282 2974 5308 1325 2331 3983
is_linear=0
shrinkage=0.02


Tree=41
num_leaves=7
num_cat=0
split_feature=0 0 10 10 10 3
split_gain=3476.42 547.453 474.429 246.888 244.779 241.945
threshold=0.10133648122891947 0.14720649811281358 0.12354859752120027 0.20867435114620056 0.21360928847317234 0.031119451463884815
decision_type=10 10 2 2 2 8
left_child=2 -2 5 -3 -4 -1
right_child=1 3 4 -5 -6 -7
leaf_value=-0.020736600243637673 0.0084379358916902032 0.021688611549799994 0.0049484473428294661 0.042079821018007946 0.074526661918276838 -0.0095233130421441201
leaf_weight=967 1444 1236 548 294 21 3772
leaf_count=967 1444 1236 548 294 21 3772
internal_value=-4.03827e-05 0.0172707 -0.00973953 0.0256069 0.00751636 -0.0118114
internal_weight=8282 2974 5308 1530 569 4739
internal_count=8282 2974 5308 1530 569 4739
is_linear=0
shrinkage=0.02


Tree=42
num_leaves=7
num_cat=0
split_feature=0 0 13 2 2 2
split_gain=3338.75 532.063 458.917 270.469 256.449 232.541
threshold=0.10133648122891947 0.19218749533548593 0.081536023500309224 0.59479309246504364 0.72234427795969214 0.52703813765887719
decision_type=10 10 2 8 10 10
left_child=2 4 5 -4 -2 -1
right_child=1 -3 3 -5 -6 -7
leaf_value=-0.015372538460322986 0.0057017442165106019 0.033031963121789056 -0.0062596172508481108 0.012466123119091373 0.018972435354667236 -0.0033496713630486942
leaf_weight=3176 1140 643 836 489 1191 807
leaf_count=3176 1140 643 836 489 1191 807
internal_value=-3.95752e-05 0.0169253 -0.00954474 0.000651241 0.0124823 -0.0129366
internal_weight=8282 2974 5308 1325 2331 3983
internal_count=8282 2974 5308 1325 2331 3983
is_linear=0
shrinkage=0.02


Tree=43
num_leaves=7
num_cat=0
split_feature=2 11 13 1 1 3
split_gain=3201.33 703.297 541.846 339.929 227.918 134.703
threshold=0.66158076300004509 0.11324754131709917 0.11356332711877147 0.13420907469092744 0.052242913807044399 0.13021313918894584
decision_type=10 2 2 8 10 10
left_child=1 4 5 -3 -1 -2
right_child=2 3 -4 -5 -6 -7
leaf_value=-0.014968244951310555 0.010025035653953141 -0.0041171559253015784 0.031987818320468972 0.018832330677274269 -0.0058704759837616164 0.026389001275576619
leaf_weight=2955 1475 552 826 485 1756 233
leaf_count=2955 1475 552 826 485 1756 233
internal_value=-3.87837e-05 -0.00829483 0.0186888 0.00661621 -0.0115771 0.0122574
internal_weight=8282 5748 2534 1037 4711 1708
internal_count=8282 5748 2534 1037 4711 1708
is_linear=0
shrinkage=0.02


Tree=44
num_leaves=7
num_cat=0
split_feature=10 1 10 3 1 13
split_gain=2788.96 805.754 510.502 297.777 212.136 195.57
threshold=0.12354859752120027 0.054187334570342562 0.20867435114620056 0.066664352815956326 0.061794089303956933 0.13317881807909002
decision_type=2 10 2 10 8 2
left_child=1 -1 4 -3 -2 -6
right_child=2 3 -4 -5 5 -7
leaf_value=-0.013916235662619778 -0.0047737200027621243 -0.008833476575852062 0.041722803234615746 0.0050698595196063201 0.01411512534896143 0.031683203279373157
leaf_weight=3214 193 900 340 1954 1370 311
leaf_count=3214 193 900 340 1954 1370 311
internal_value=-3.80079e-05 -0.00704852 0.019176 0.000685486 0.0150853 0.0173654
internal_weight=8282 6068 2214 2854 1874 1681
internal_count=8282 6068 2214 2854 1874 1681
is_linear=0
shrinkage=0.02


Tree=45
num_leaves=7
num_cat=0
split_feature=2 0 10 13 13 13
split_gain=3023.46 625.715 608.398 289.985 209.018 165.335
threshold=0.59771940793520539 0.14823831912453131 0.15584247950413929 0.076773410643414641 0.072065897299560339 0.13699470425153978
decision_type=10 10 2 2 2 2
left_child=2 4 3 -1 -2 -3
right_child=1 5 -4 -5 -6 -7
leaf_value=-0.0143764268308886 -0.00059625595728662146 0.021349281804914785 0.020549514667294818 -0.0036365667157185356 0.013477021890008411 0.037237686470003202
leaf_weight=3464 751 1016 253 1417 964 353
leaf_count=3464 751 1016 253 1417 964 353
internal_value=-0.00028889 0.0153631 -0.00969107 -0.0112585 0.00731432 0.0254461
internal_weight=8218 3084 5134 4881 1715 1369
internal_count=8218 3084 5134 4881 1715 1369
is_linear=0
shrinkage=0.02


Tree=46
num_leaves=7
num_cat=0
split_feature=2 0 10 13 11 13
split_gain=2903.73 602.713 584.306 278.502 240.085 152.103
threshold=0.59771940793520539 0.13584697512006214 0.15584247950413929 0.076773410643414641 0.18066606051167425 0.072065897299560339
decision_type=10 10 2 2 2 2
left_child=2 5 3 -1 -3 -2
right_child=1 4 -4 -5 -6 -7
leaf_value=-0.014088898442570533 -0.0013312656294692446 0.017539792013203815 0.020138524489720231 -0.0035638354817038431 0.033407534220464254 0.011714404679577503
leaf_weight=3464 675 1050 253 1417 599 760
leaf_count=3464 675 1050 253 1417 599 760
internal_value=-0.000283112 0.0150558 -0.00949724 -0.0110334 0.0233038 0.00557794
internal_weight=8218 3084 5134 4881 1649 1435
internal_count=8218 3084 5134 4881 1649 1435
is_linear=0
shrinkage=0.02


Tree=47
num_leaves=7
num_cat=0
split_feature=0 11 13 2 2 12
split_gain=2789.12 493.518 406.724 285.551 282.043 186.437
threshold=0.10085245653445908 0.17950124372412277 0.076773410643414641 0.59479309246504364 0.69320412047789803 0.91675000000000006
decision_type=10 2 2 8 10 2
left_child=2 4 -1 -4 -2 -5
right_child=1 -3 3 5 -6 -7
leaf_value=-0.01253858414440261 0.0017840459417980791 0.029126599696056469 -0.0068188125005233385 0.0087830270881217067 0.016404022965020141 0.066949591714402901
leaf_weight=3747 890 764 968 529 1297 23
leaf_count=3747 890 764 968 529 1297 23
internal_value=-0.00027745 0.0152886 -0.00899879 -0.000272729 0.0104544 0.0112066
internal_weight=8218 2951 5267 1520 2187 552
internal_count=8218 2951 5267 1520 2187 552
is_linear=0
shrinkage=0.02


Tree=48
num_leaves=7
num_cat=0
split_feature=2 13 11 3 0 3
split_gain=2694.53 561.593 518.272 245.198 240.894 178.752
threshold=0.59771940793520539 0.11356332711877147 0.12708461231263801 0.068280192295376949 0.13796740814378647 0.047205420891496451
decision_type=10 2 2 10 8 8
left_child=2 3 5 -2 -4 -1
right_child=1 -3 4 -5 -6 -7
leaf_value=-0.017236149564661504 -0.002130443013725029 0.027373872928552707 -0.0023168452641729154 0.013016557712569959 0.02395412458226177 -0.0087134070701681086
leaf_weight=1437 590 942 330 1552 242 3125
leaf_count=1437 590 942 330 1552 242 3125
internal_value=-0.000271901 0.0145042 -0.00914792 0.00884441 0.0087978 -0.011398
internal_weight=8218 3084 5134 2142 572 4562
internal_count=8218 3084 5134 2142 572 4562
is_linear=0
shrinkage=0.02


Tree=49
num_leaves=7
num_cat=0
split_feature=2 0 10 13 13 13
split_gain=2587.83 547.442 529.511 253.829 183.731 157.723
threshold=0.59771940793520539 0.14944416476923078 0.15584247950413929 0.076773410643414641 0.072065897299560339 0.13699470425153978
decision_type=10 10 2 2 2 2
left_child=2 4 3 -1 -2 -3
right_child=1 5 -4 -5 -6 -7
leaf_value=-0.013344328176473777 -0.0006376564958593512 0.019739073547032877 0.019247025521140798 -0.003296288907511164 0.012478700869036222 0.035352824189487313
leaf_weight=3464 752 993 253 1417 989 350
leaf_count=3464 752 993 253 1417 989 350
internal_value=-0.000266463 0.0142141 -0.00896496 -0.0104273 0.00681328 0.0238082
internal_weight=8218 3084 5134 4881 1741 1343
internal_count=8218 3084 5134 4881 1741 1343
is_linear=0
shrinkage=0.02


Tree=50
num_leaves=7
num_cat=0
split_feature=0 0 10 13 2 12
split_gain=2459.71 482.155 358.605 272.292 174.747 171.287
threshold=0.12545808234365546 0.049820182643722032 0.09683036375864941 0.13029287656865499 0.65018899911374495 0.79107142857142876
decision_type=10 8 2 2 8 2
left_child=1 -1 -3 -2 -4 -5
right_child=3 2 4 5 -6 -7
leaf_value=-0.015696396599026413 0.013916509167134614 -0.0076509697285446036 -0.0021879376322690614 0.020781444562657087 0.010998926997543962 0.043337230703729239
leaf_weight=1751 1564 2759 826 321 783 232
leaf_count=1751 1564 2759 826 321 783 232
internal_value=-0.000400436 -0.0068293 -0.00327475 0.0181816 0.00422929 0.0302443
internal_weight=8236 6119 4368 2117 1609 553
internal_count=8236 6119 4368 2117 1609 553
is_linear=0
shrinkage=0.02


Tree=51
num_leaves=7
num_cat=0
split_feature=0 0 10 13 12 3
split_gain=2362.31 465.338 333.718 261.509 164.504 145.099
threshold=0.12545808234365546 0.062781239934190283 0.09683036375864941 0.13029287656865499 0.79107142857142876 0.042324077538522291
decision_type=10 8 2 2 2 8
left_child=1 -1 5 -2 -5 -3
right_child=3 2 -4 4 -6 -7
leaf_value=-0.013128544159020778 0.013638178969589312 -0.018000063436199944 0.0057125909194556904 0.020365815623851952 0.042470485835882095 -0.0044618849825735774
leaf_weight=2591 1564 386 1379 321 232 1763
leaf_count=2591 1564 386 1379 321 232 1763
internal_value=-0.000392427 -0.00669271 -0.00196617 0.017818 0.0296394 -0.00689359
internal_weight=8236 6119 3528 2117 553 2149
internal_count=8236 6119 3528 2117 553 2149
is_linear=0
shrinkage=0.02


Tree=52
num_leaves=7
num_cat=0
split_feature=0 0 10 0 2 13
split_gain=2269.63 409.622 321.452 269.638 166.679 154.785
threshold=0.10085245653445908 0.14944416476923078 0.19245945789830901 0.049820182643722032 0.29518707341625505 0.12985453645394529
decision_type=10 10 2 8 8 2
left_child=2 -2 3 -1 -5 -3
right_child=1 5 -4 4 -6 -7
leaf_value=-0.015119897898207864 0.0063768496045210135 0.016554821887896455 0.041255431358630842 -0.016299921957180358 -0.0037275988046366771 0.030352981794065786
leaf_weight=1751 1506 948 52 491 2993 495
leaf_count=1751 1506 948 52 491 2993 495
internal_value=-0.000384579 0.0136732 -0.00822577 -0.00871727 -0.00549942 0.0212881
internal_weight=8236 2949 5287 5235 3484 1443
internal_count=8236 2949 5287 5235 3484 1443
is_linear=0
shrinkage=0.02


Tree=53
num_leaves=7
num_cat=0
split_feature=2 11 13 0 1 3
split_gain=2192.68 463.555 380.866 211.356 197.869 177.936
threshold=0.66158076300004509 0.12708461231263801 0.11099488609948861 0.049820182643722032 0.12290280752304271 0.047205420891496451
decision_type=10 2 2 8 8 8
left_child=1 3 -2 -1 -3 -5
right_child=2 4 -4 5 -6 -7
leaf_value=-0.015106486507128187 0.0096633965775167197 -0.0044694524645324677 0.026162312846463847 -0.015566473226730149 0.016522723533719152 -0.0040938676571812115
leaf_weight=1670 1606 310 859 677 427 2687
leaf_count=1670 1606 310 859 677 427 2687
internal_value=-0.000376887 -0.00712128 0.0154129 -0.00929014 0.00769291 -0.00640271
internal_weight=8236 5771 2465 5034 737 3364
internal_count=8236 5771 2465 5034 737 3364
is_linear=0
shrinkage=0.02


Tree=54
num_leaves=7
num_cat=0
split_feature=0 0 10 11 2 2
split_gain=2111.4 412.868 308.05 221.554 142.573 119.83
threshold=0.12545808234365546 0.062781239934190283 0.09683036375864941 0.17950124372412277 0.78246233869975623 0.65018899911374495
decision_type=10 8 2 2 8 8
left_child=1 -1 -3 -2 -5 -4
right_child=3 2 5 4 -6 -7
leaf_value=-0.012387792635293889 0.012463397905718328 -0.0066076900549956697 -0.0010286825351260591 0.012067359976223385 0.032372599563224518 0.010824703748877111
leaf_weight=2591 1451 2149 619 196 470 760
leaf_count=2591 1451 2149 619 196 470 760
internal_value=-0.000369349 -0.00632565 -0.00187356 0.0168468 0.0263969 0.005504
internal_weight=8236 6119 3528 2117 666 1379
internal_count=8236 6119 3528 2117 666 1379
is_linear=0
shrinkage=0.02


Tree=55
num_leaves=7
num_cat=0
split_feature=2 13 10 13 2 0
split_gain=2202.7 467.6 376.723 229.687 202.6 160.929
threshold=0.59771940793520539 0.11468466277561609 0.15584247950413929 0.081536023500309224 0.78246233869975623 0.13584697512006214
decision_type=10 2 2 2 10 8
left_child=2 4 3 -1 -2 -4
right_child=1 -3 5 -5 -6 -7
leaf_value=-0.011687100450711967 0.0031369120833999167 0.025504754353003853 -0.0041427633127099593 -0.0017074499168197961 0.01539318217532867 0.029124985863765079
leaf_weight=3681 1259 899 95 1231 944 150
leaf_count=3681 1259 899 95 1231 944 150
internal_value=3.17724e-05 0.0133492 -0.00797884 -0.00918609 0.0083888 0.0162252
internal_weight=8259 3102 5157 4912 2203 245
internal_count=8259 3102 5157 4912 2203 245
is_linear=0
shrinkage=0.02


Tree=56
num_leaves=7
num_cat=0
split_feature=2 13 10 13 2 0
split_gain=2115.47 449.083 361.805 220.591 194.577 154.557
threshold=0.59771940793520539 0.11468466277561609 0.15584247950413929 0.081536023500309224 0.78246233869975623 0.13584697512006214
decision_type=10 2 2 2 10 8
left_child=2 4 3 -1 -2 -4
right_child=1 -3 5 -5 -6 -7
leaf_value=-0.01145335843508241 0.0030741737558964322 0.024994659031077275 -0.0040599080724151512 -0.0016733010133288069 0.01508531861654404 0.028542486185828848
leaf_weight=3681 1259 899 95 1231 944 150
leaf_count=3681 1259 899 95 1231 944 150
internal_value=3.11369e-05 0.0130822 -0.00781927 -0.00900237 0.00822103 0.0159007
internal_weight=8259 3102 5157 4912 2203 245
internal_count=8259 3102 5157 4912 2203 245
is_linear=0
shrinkage=0.02


Tree=57
num_leaves=7
num_cat=0
split_feature=2 13 10 13 2 0
split_gain=2031.7 431.299 347.478 211.856 187.135 148.436
threshold=0.59771940793520539 0.11468466277561609 0.15584247950413929 0.081536023500309224 0.77655780181704503 0.13584697512006214
decision_type=10 2 2 2 10 8
left_child=2 4 3 -1 -2 -4
right_child=1 -3 5 -5 -6 -7
leaf_value=-0.011224291403645939 0.0028242483511662538 0.024494766081839769 -0.0039787096020422489 -0.0016398349367906767 0.014550482102168584 0.027971636507411801
leaf_weight=3681 1220 899 95 1231 983 150
leaf_count=3681 1220 899 95 1231 983 150
internal_value=3.05141e-05 0.0128206 -0.00766288 -0.00882232 0.00805661 0.0155827
internal_weight=8259 3102 5157 4912 2203 245
internal_count=8259 3102 5157 4912 2203 245
is_linear=0
shrinkage=0.02


Tree=58
num_leaves=7
num_cat=0
split_feature=0 13 0 1 13 10
split_gain=1907.66 454.785 217.992 205.978 192.946 152.152
threshold=0.13584697512006214 0.077366792603345905 0.062781239934190283 0.052242913807044399 0.11468466277561609 0.16015873015873019
decision_type=10 2 8 10 2 2
left_child=1 3 -3 5 -2 -1
right_child=4 2 -4 -5 -6 -7
leaf_value=-0.012699697611361312 0.012535775440067976 -0.0089650010059880159 0.0058759767831880159 -0.0032140183979866774 0.025742829120609653 0.042672981441020968
leaf_weight=2635 1033 519 1669 1609 774 20
leaf_count=2635 1033 519 1669 1609 774 20
internal_value=2.99039e-05 -0.00505695 0.00235565 -0.0088606 0.0181928 -0.0122826
internal_weight=8259 6452 2188 4264 1807 2655
internal_count=8259 6452 2188 4264 1807 2655
is_linear=0
shrinkage=0.02


Tree=59
num_leaves=7
num_cat=0
split_feature=2 1 10 13 2 13
split_gain=1893.45 406.139 325.57 208.617 202.671 199.805
threshold=0.59771940793520539 0.20132507335672448 0.15584247950413929 0.067671251814474337 0.29518707341625505 0.081536023500309224
decision_type=10 10 2 2 8 2
left_child=2 3 4 -2 -1 -6
right_child=1 -3 -4 -5 5 -7
leaf_value=-0.015939451958375858 0.00012607683435700244 0.02549202150361965 0.015103177126268953 0.012633136498210892 -0.009052368856901168 0.0013760004627021464
leaf_weight=1133 808 724 245 1570 2780 999
leaf_count=1133 808 724 245 1570 2780 999
internal_value=2.93058e-05 0.0123766 -0.00739773 0.00838347 -0.00852002 -0.00629557
internal_weight=8259 3102 5157 2378 4912 3779
internal_count=8259 3102 5157 2378 4912 3779
is_linear=0
shrinkage=0.02


Tree=60
num_leaves=7
num_cat=0
split_feature=2 10 1 3 13 4
split_gain=1843.08 444.675 390.614 239.549 213.194 149.974
threshold=0.66158076300004509 0.12465761845889033 0.19826241273320808 0.1216216045172866 0.076261210999247681 72.737612090714066
decision_type=10 2 10 8 2 10
left_child=1 4 5 -3 -1 -2
right_child=2 3 -4 -5 -6 -7
leaf_value=-0.010677789324335014 0.0069934250764071464 -0.0039908627565447023 0.027376910924029902 0.018558685210309109 -0.0011840177229445043 0.022182420207470469
leaf_weight=3660 1468 348 693 411 1276 316
leaf_count=3660 1468 348 693 411 1276 316
internal_value=0.000231948 -0.00603208 0.0146339 0.00821976 -0.00822356 0.00968385
internal_weight=8172 5695 2477 759 4936 1784
internal_count=8172 5695 2477 759 4936 1784
is_linear=0
shrinkage=0.02


Tree=61
num_leaves=7
num_cat=0
split_feature=2 11 1 3 12 4
split_gain=1770.09 492.975 375.146 308.164 147.414 146.755
threshold=0.66158076300004509 0.094049082114196381 0.19826241273320808 0.076038441075996555 0.91214285714285726 62.977667805339244
decision_type=10 2 10 8 2 10
left_child=1 -1 5 -3 -5 -2
right_child=2 3 -4 4 -6 -7
leaf_value=-0.0097918330063154618 -0.0032935088127627609 -0.0097701499024317375 0.026829372798153141 0.0075364288861000219 0.054803143364411819 0.012064129248168947
leaf_weight=3969 299 525 693 1174 27 1485
leaf_count=3969 299 525 693 1174 27 1485
internal_value=0.000227309 -0.00591144 0.0143412 0.00301166 0.00859904 0.00949018
internal_weight=8172 5695 2477 1726 1201 1784
internal_count=8172 5695 2477 1726 1201 1784
is_linear=0
shrinkage=0.02


Tree=62
num_leaves=7
num_cat=0
split_feature=2 11 0 1 11 1
split_gain=1701.71 612.598 303.44 273.594 136.98 121.279
threshold=0.72234427795969214 0.094049082114196381 0.091086027256939067 0.19826241273320808 0.1623201637787087 0.052775609528756616
decision_type=10 2 8 10 2 10
left_child=1 5 -3 -2 -4 -1
right_child=3 2 4 -5 -6 -7
leaf_value=-0.011952766543286409 0.011366680853711737 -0.0049836706479913315 0.0059397556048158742 0.027419187947746625 0.020515145496587169 -0.0049053983848845167
leaf_weight=2607 1353 855 794 619 382 1562
leaf_count=2607 1353 855 794 619 382 1562
internal_value=0.000222762 -0.00492438 0.00408268 0.0164055 0.0106743 -0.00931233
internal_weight=8172 6200 2031 1972 1176 4169
internal_count=8172 6200 2031 1972 1176 4169
is_linear=0
shrinkage=0.02


Tree=63
num_leaves=7
num_cat=0
split_feature=2 11 3 1 5 1
split_gain=1634.32 588.339 294.857 262.76 164.919 137.441
threshold=0.72234427795969214 0.094049082114196381 0.074966435805575202 0.19826241273320808 0.83883071013259713 0.14408873608610853
decision_type=10 2 8 10 2 8
left_child=1 -1 -3 -2 5 -4
right_child=3 2 4 -5 -6 -7
leaf_value=-0.0091260811954226376 0.011139347176545926 -0.0082740333789085921 0.0024158224870000156 0.026870804170029228 0.089674888849258422 0.014731119635997672
leaf_weight=4169 1353 565 775 619 9.9999999999999982 681
leaf_count=4169 1353 565 775 619 10 681
internal_value=0.000218307 -0.0048259 0.00400102 0.0160774 0.00873186 0.00817593
internal_weight=8172 6200 2031 1972 1466 1456
internal_count=8172 6200 2031 1972 1466 1456
is_linear=0
shrinkage=0.02


Tree=64
num_leaves=7
num_cat=0
split_feature=2 1 13 9 1 4
split_gain=1573.94 331.483 319.001 171.488 165.078 143.335
threshold=0.66158076300004509 0.19826241273320808 0.076261210999247681 1.0000000180025095e-35 0.070597481701997714 72.737612090714066
decision_type=10 10 2 2 10 10
left_child=2 5 4 -4 -1 -2
right_child=1 -3 3 -5 -6 -7
leaf_value=-0.011160338875350315 0.0063326859284745527 0.025261841204829116 0.017313920695901566 -0.0011092778459280207 -0.0011649551007115368 0.021181657445393031
leaf_weight=2947 1468 693 230 1666 852 316
leaf_count=2947 1468 693 230 1666 852 316
internal_value=0.000213941 0.0135229 -0.0055747 0.0011256 -0.00891868 0.00896288
internal_weight=8172 2477 5695 1896 3799 1784
internal_count=8172 2477 5695 1896 3799 1784
is_linear=0
shrinkage=0.02


Tree=65
num_leaves=7
num_cat=0
split_feature=2 11 3 1 2 3
split_gain=1449.34 411.745 314.035 176.986 158.701 143.384
threshold=0.66158076300004509 0.12708461231263801 0.1238899654205234 0.12915174895564882 0.34565978667835073 0.07069263185917074
decision_type=10 2 10 8 8 10
left_child=1 4 -2 -3 -1 -6
right_child=2 3 -4 -5 5 -7
leaf_value=-0.012994177353241121 0.0081878004369666055 -0.0027733886302531469 0.023771323063551928 0.016509316985617143 -0.0079602353833471227 0.00078354034330379142
leaf_weight=1514 1799 338 726 436 2416 1088
leaf_count=1514 1799 338 726 436 2416 1088
internal_value=2.35504e-05 -0.00548894 0.0126684 0.0080887 -0.00758322 -0.00524527
internal_weight=8317 5792 2525 774 5018 3504
internal_count=8317 5792 2525 774 5018 3504
is_linear=0
shrinkage=0.02


Tree=66
num_leaves=7
num_cat=0
split_feature=0 0 10 9 2 10
split_gain=1396.53 370.742 351.8 170.181 194.99 149.764
threshold=0.085978340678558446 0.17244281296727756 0.17227402838846759 1.0000000180025095e-35 0.34565978667835073 0.10272581836081714
decision_type=10 10 2 2 10 2
left_child=2 5 3 -1 -5 -2
right_child=1 -3 -4 4 -6 -7
leaf_value=0.003701383782864936 0.00023865874569973191 0.019805217280199253 0.033312852863621498 -0.013642285311107116 -0.0049422612633314086 0.0097279756112027826
leaf_weight=449 1218 978 84 2048 2074 1466
leaf_count=449 1218 978 84 2048 2074 1466
internal_value=2.30795e-05 0.00926308 -0.00724585 -0.00799119 -0.00926484 0.00542172
internal_weight=8317 3662 4655 4571 4122 2684
internal_count=8317 3662 4655 4571 4122 2684
is_linear=0
shrinkage=0.02


Tree=67
num_leaves=7
num_cat=0
split_feature=2 11 13 0 2 13
split_gain=1348.35 381.642 261.452 153.005 145.531 110.368
threshold=0.66158076300004509 0.12708461231263801 0.11468466277561609 0.081071352769779573 0.29518707341625505 0.076261210999247681
decision_type=10 2 2 8 8 2
left_child=1 4 -2 -3 -1 -6
right_child=2 3 -4 -5 5 -7
leaf_value=-0.0136465301608584 0.0079561432847140255 -0.0078668768916811266 0.021935042528786343 0.012831904023121565 -0.0076292159728881303 -0.00020405334232502289
leaf_weight=1125 1755 189 770 585 2766 1127
leaf_count=1125 1755 189 770 585 2766 1127
internal_value=2.26178e-05 -0.00529435 0.012219 0.00777755 -0.00731063 -0.00547968
internal_weight=8317 5792 2525 774 5018 3893
internal_count=8317 5792 2525 774 5018 3893
is_linear=0
shrinkage=0.02


Tree=68
num_leaves=7
num_cat=0
split_feature=2 11 3 3 0 2
split_gain=1294.96 368.562 289.138 184.77 164.769 114.034
threshold=0.66158076300004509 0.1623201637787087 0.1238899654205234 0.062469827878593169 0.050143471073345151 0.82001342307893255
decision_type=10 2 10 8 8 10
left_child=1 3 -2 -1 -5 -4
right_child=2 -3 5 4 -6 -7
leaf_value=-0.011021438743483115 0.007675270296010981 0.014265342624169097 0.015230183619189739 -0.012783374109808024 -0.0013115672674700082 0.031120802764684381
leaf_weight=2168 1799 365 388 618 2641 338
leaf_count=2168 1799 365 388 618 2641 338
internal_value=2.21655e-05 -0.00518847 0.0119746 -0.00649686 -0.00348695 0.0226283
internal_weight=8317 5792 2525 5427 3259 726
internal_count=8317 5792 2525 5427 3259 726
is_linear=0
shrinkage=0.02


Tree=69
num_leaves=7
num_cat=0
split_feature=0 11 9 2 11 2
split_gain=1249.09 354.992 320.327 182.804 176.673 157.014
threshold=0.085978340678558446 0.17950124372412277 1.0000000180025095e-35 0.35173919487012389 0.1119016537045866 0.69320412047789803
decision_type=10 2 2 10 2 10
left_child=2 5 4 -4 -1 -2
right_child=1 -3 3 -5 -6 -7
leaf_value=-0.00077707142408650664 0.00081280504199515756 0.020848211132785458 -0.012815907681479959 -0.0044142318162984683 0.023706363645407395 0.0101312688992956
leaf_weight=325 1422 768 2111 2034 185 1472
leaf_count=325 1422 768 2111 2034 185 1472
internal_value=2.17222e-05 0.00876037 -0.0068528 -0.00869311 0.00810417 0.00555254
internal_weight=8317 3662 4655 4145 510 2894
internal_count=8317 3662 4655 4145 510 2894
is_linear=0
shrinkage=0.02


Tree=70
num_leaves=7
num_cat=0
split_feature=0 10 13 2 1 2
split_gain=1226.13 312.782 295.533 150.037 128.904 131.545
threshold=0.095270483171865275 0.17349268474513094 0.13251391804802645 0.29518707341625505 0.036608463932288983 0.79247389760735709
decision_type=10 2 2 8 8 10
left_child=1 3 -2 -1 -5 -6
right_child=2 -3 -4 4 5 -7
leaf_value=-0.012989959769385278 0.0070147590847194317 0.030693430720838598 0.022553908806793883 -0.01022358103240064 -0.0031132682300914097 0.021089080833299186
leaf_weight=1115 2584 92 604 1170 2635 93
leaf_count=1115 2584 92 604 1170 2635 93
internal_value=0.000227291 -0.00584991 0.00995881 -0.00652056 -0.00467003 -0.00228819
internal_weight=8293 5105 3188 5013 3898 2728
internal_count=8293 5105 3188 5013 3898 2728
is_linear=0
shrinkage=0.02


Tree=71
num_leaves=7
num_cat=0
split_feature=0 10 13 3 1 4
split_gain=1177.57 300.396 283.83 172.044 123.087 119.776
threshold=0.095270483171865275 0.17349268474513094 0.13251391804802645 0.031119451463884815 0.036608463932288983 65.335500294077519
decision_type=10 2 2 8 8 10
left_child=1 3 5 -1 -5 -2
right_child=2 -3 -4 4 -6 -7
leaf_value=-0.013803131807439343 6.4312847806607704e-05 0.030079561824626896 0.022102830779880584 -0.0099780891632002336 -0.0022817813493853445 0.0095970487292315661
leaf_weight=1002 738 92 604 1176 2835 1846
leaf_count=1002 738 92 604 1176 2835 1846
internal_value=0.000222745 -0.00573291 0.00975964 -0.00639015 -0.00453829 0.00687446
internal_weight=8293 5105 3188 5013 4011 2584
internal_count=8293 5105 3188 5013 4011 2584
is_linear=0
shrinkage=0.02


Tree=72
num_leaves=7
num_cat=0
split_feature=0 10 13 2 13 4
split_gain=1130.94 288.501 272.59 141.575 122.599 115.033
threshold=0.095270483171865275 0.17349268474513094 0.13251391804802645 0.29518707341625505 0.076261210999247681 65.335500294077519
decision_type=10 2 2 8 2 10
left_child=1 3 5 -1 -5 -2
right_child=2 -3 -4 4 -6 -7
leaf_value=-0.012546657051072527 6.302659278344313e-05 0.029477970955751675 0.0216607741233646 -0.0067056145596472386 0.0011494782735245418 0.0094051076916974365
leaf_weight=1115 738 92 604 2786 1112 1846
leaf_count=1115 738 92 604 2786 1112 1846
internal_value=0.00021829 -0.00561825 0.00956444 -0.00626235 -0.00446476 0.00673697
internal_weight=8293 5105 3188 5013 3898 2584
internal_count=8293 5105 3188 5013 3898 2584
is_linear=0
shrinkage=0.02


Tree=73
num_leaves=7
num_cat=0
split_feature=2 10 13 3 9 9
split_gain=1093.17 260.97 240.177 200.794 164.628 116.579
threshold=0.66158076300004509 0.17227402838846759 0.11468466277561609 0.096077514083920193 1.0000000180025095e-35 14.500000000000002
decision_type=10 2 2 10 2 2
left_child=1 3 -2 4 -1 -4
right_child=2 -3 5 -5 -6 -7
leaf_value=0.0041056946280748977 0.0071635044501737327 0.018652153704439269 0.022500283311919077 0.0017168015628519669 -0.0086555418848141396 -0.011770827507688887
leaf_weight=451 1711 188 726 1264 3911 42
leaf_count=451 1711 188 726 1264 3911 42
internal_value=0.000213924 -0.00452761 0.0113342 -0.00530219 -0.00733612 0.0206261
internal_weight=8293 5814 2479 5626 4362 768
internal_count=8293 5814 2479 5626 4362 768
is_linear=0
shrinkage=0.02


Tree=74
num_leaves=7
num_cat=0
split_feature=0 2 9 12 11 0
split_gain=1055.58 293.359 296.668 137.418 136.95 136.527
threshold=0.13584697512006214 0.52933169235401745 1.0000000180025095e-35 0.6422500000000001 0.17950124372412277 0.052647267152822481
decision_type=10 10 2 2 2 10
left_child=1 2 3 -1 -2 -4
right_child=4 -3 5 -5 -6 -7
leaf_value=0.00037169452335968463 0.0095654349848373118 0.0028266280832259399 -0.011454721542727734 0.022073052708056932 0.021005650090347931 -0.0039530672968953601
leaf_weight=339 1169 1985 2281 178 652 1689
leaf_count=339 1169 1985 2281 178 652 1689
internal_value=0.000209646 -0.00357526 -0.00640739 0.00784334 0.0136615 -0.00826321
internal_weight=8293 6472 4487 517 1821 3970
internal_count=8293 6472 4487 517 1821 3970
is_linear=0
shrinkage=0.02


Tree=75
num_leaves=7
num_cat=0
split_feature=10 1 10 3 14 1
split_gain=943.998 347.236 247.479 117.485 128.755 116.627
threshold=0.12354859752120027 0.063583602947282714 0.19894261397458093 0.09795556506755905 68.718750000000014 0.050350001268972801
decision_type=2 10 2 10 2 8
left_child=1 -1 5 -3 -5 -2
right_child=2 3 -4 4 -6 -7
leaf_value=-0.0077784642765915506 -0.0091916310794908432 -0.0018486143949302989 0.024474436773518852 0.0012588182482235078 0.015378795193941442 0.0095279050399039548
leaf_weight=3615 145 1431 459 647 430 1626
leaf_count=3615 145 1431 459 647 430 1626
internal_value=0.00024616 -0.0038114 0.0113872 0.00190669 0.00689632 0.00799525
internal_weight=8353 6123 2230 2508 1077 1771
internal_count=8353 6123 2230 2508 1077 1771
is_linear=0
shrinkage=0.02


Tree=76
num_leaves=7
num_cat=0
split_feature=0 1 3 0 12 7
split_gain=1079.58 247.508 210.545 208.461 162.818 125.334
threshold=0.13584697512006214 0.049145895152485929 0.037901795369140699 0.19589541283029285 0.89100000000000013 2.5000000000000004
decision_type=10 8 8 10 2 2
left_child=1 -1 -3 -2 5 -4
right_child=3 2 4 -5 -6 -7
leaf_value=-0.0087691971386726127 0.0092105283351493761 -0.012756517115980387 -0.004553325267574738 0.023710354817050007 0.030588941165845686 0.0032284918515512145
leaf_weight=2349 1259 505 1296 579 73 2292
leaf_count=2349 1259 505 1296 579 73 2292
internal_value=0.000241237 -0.00357779 -0.000650613 0.0137782 0.00101928 0.000417668
internal_weight=8353 6515 4166 1838 3661 3588
internal_count=8353 6515 4166 1838 3661 3588
is_linear=0
shrinkage=0.02


Tree=77
num_leaves=7
num_cat=0
split_feature=0 1 0 12 7 11
split_gain=1036.83 237.706 200.206 174.101 138.846 91.9018
threshold=0.13584697512006214 0.049145895152485929 0.19589541283029285 0.89100000000000013 2.5000000000000004 0.22763079241195583
decision_type=10 8 10 2 2 2
left_child=1 -1 5 4 -3 -2
right_child=2 3 -4 -5 -6 -7
leaf_value=-0.0085938132284822683 0.0069719345213676044 -0.005966247102862178 0.023236147707041886 0.029977162817161375 0.0016535547254346971 0.023239031538554708
leaf_weight=2349 1100 1524 579 73 2569 159
leaf_count=2349 1100 1524 579 73 2569 159
internal_value=0.000236412 -0.00350623 0.0135026 -0.000637601 -0.00118363 0.00902632
internal_weight=8353 6515 1838 4166 4093 1259
internal_count=8353 6515 1838 4166 4093 1259
is_linear=0
shrinkage=0.02


Tree=78
num_leaves=7
num_cat=0
split_feature=0 2 0 12 13 6
split_gain=995.775 238.515 192.278 190.05 181.584 90.2864
threshold=0.13584697512006214 0.34283205218441454 0.19589541283029285 0.89100000000000013 0.074712643678160925 1.1681758088405669
decision_type=10 8 10 2 2 2
left_child=1 -1 -2 4 -3 -4
right_child=2 3 5 -5 -6 -7
leaf_value=-0.010250453318136229 0.0088457914333416234 -0.0048449568069316917 0.020707930820887545 0.029096596204664236 0.0030914161095996766 0.052998822507624686
leaf_weight=1562 1259 2998 542 81 1874 37
leaf_count=1562 1259 2998 542 81 1874 37
internal_value=0.000231684 -0.00343611 0.0132326 -0.00128711 -0.00179226 0.0227714
internal_weight=8353 6515 1838 4953 4872 579
internal_count=8353 6515 1838 4953 4872 579
is_linear=0
shrinkage=0.02


Tree=79
num_leaves=7
num_cat=0
split_feature=0 3 0 0 10 9
split_gain=956.342 232.318 203.115 184.663 112.771 94.983
threshold=0.13584697512006214 0.034471109040074562 0.049820182643722032 0.19589541283029285 0.09683036375864941 1.5000000000000002
decision_type=10 8 8 10 2 2
left_child=1 -1 -3 -2 -4 -6
right_child=3 2 4 -5 5 -7
leaf_value=-0.011443858548412874 0.0086688755558322114 -0.0090977271039673971 -0.0023542248898748585 0.022315996245678919 0.01360916977982436 0.0019712876632908671
leaf_weight=1169 1259 1138 2445 579 350 1413
leaf_count=1169 1259 1138 2445 579 350 1413
internal_value=0.00022705 -0.00336739 -0.00160132 0.0129679 0.000425988 0.0042817
internal_weight=8353 6515 5346 1838 4208 1763
internal_count=8353 6515 5346 1838 4208 1763
is_linear=0
shrinkage=0.02


Tree=80
num_leaves=7
num_cat=0
split_feature=0 11 4 12 2 11
split_gain=927.378 310.867 220.087 168.947 141.785 127.799
threshold=0.085978340678558446 0.18066606051167425 83.904463970501723 0.65093750000000006 0.29007624106602675 0.050822927903197777
decision_type=10 2 8 2 10 2
left_child=2 5 4 -4 -1 -2
right_child=1 -3 3 -5 -6 -7
leaf_value=-0.011970038479450272 -0.0080310969754641033 0.019098601398895108 -0.0018051796633970097 0.021925760786152545 -0.0044372917132422147 0.0059881255169533711
leaf_weight=1672 289 742 360 180 2485 2601
leaf_count=1672 289 742 360 180 2485 2601
internal_value=-3.82414e-05 0.00755102 -0.00590671 0.00610513 -0.00746706 0.0045862
internal_weight=8329 3632 4697 540 4157 2890
internal_count=8329 3632 4697 540 4157 2890
is_linear=0
shrinkage=0.02


Tree=81
num_leaves=7
num_cat=0
split_feature=0 11 9 11 2 11
split_gain=890.654 298.556 206.988 151.359 144.234 122.738
threshold=0.085978340678558446 0.18066606051167425 1.0000000180025095e-35 0.1119016537045866 0.29007624106602675 0.050822927903197777
decision_type=10 2 2 2 10 2
left_child=2 5 3 -1 -4 -2
right_child=1 -3 4 -5 -6 -7
leaf_value=-0.0017022931895305491 -0.0078704751096665866 0.018716629439502995 -0.011774933644949349 0.021185868439280383 -0.0042060867147122559 0.0058683630188669971
leaf_weight=333 289 742 1686 177 2501 2601
leaf_count=333 289 742 1686 177 2501 2601
internal_value=-3.74765e-05 0.0074 -0.00578857 0.00624125 -0.00725387 0.00449448
internal_weight=8329 3632 4697 510 4187 2890
internal_count=8329 3632 4697 510 4187 2890
is_linear=0
shrinkage=0.02


Tree=82
num_leaves=7
num_cat=0
split_feature=0 1 4 12 2 10
split_gain=855.384 238.714 203.429 158.528 130.643 114.241
threshold=0.085978340678558446 0.19826241273320808 83.904463970501723 0.65093750000000006 0.29007624106602675 0.10272581836081714
decision_type=10 10 8 2 10 2
left_child=2 5 4 -4 -1 -2
right_child=1 -3 3 -5 -6 -7
leaf_value=-0.011495380086061751 -0.00021703124220563821 0.016457403947918697 -0.0017869823040544159 0.021200519551833472 -0.0042646486243285552 0.0079695830026551458
leaf_weight=1672 1210 860 360 180 2485 1562
leaf_count=1672 1210 860 360 180 2485 1562
internal_value=-3.6727e-05 0.007252 -0.0056728 0.00587552 -0.00717294 0.00439606
internal_weight=8329 3632 4697 540 4157 2772
internal_count=8329 3632 4697 540 4157 2772
is_linear=0
shrinkage=0.02


Tree=83
num_leaves=7
num_cat=0
split_feature=0 11 4 12 3 11
split_gain=821.511 280.677 195.373 152.25 124.626 115.927
threshold=0.085978340678558446 0.18066606051167425 83.904463970501723 0.65093750000000006 0.031119451463884815 0.050822927903197777
decision_type=10 2 8 2 10 2
left_child=2 5 4 -4 -1 -2
right_child=1 -3 3 -5 -6 -7
leaf_value=-0.011363066943655549 -0.0077271879811780884 0.018079495421344679 -0.0017512424403491121 0.020776508973083564 -0.0042622783527758454 0.0056250038244514472
leaf_weight=1620 289 742 360 180 2537 2601
leaf_count=1620 289 742 360 180 2537 2601
internal_value=-3.59924e-05 0.00710696 -0.00555935 0.00575801 -0.00702948 0.00428978
internal_weight=8329 3632 4697 540 4157 2890
internal_count=8329 3632 4697 540 4157 2890
is_linear=0
shrinkage=0.02


Tree=84
num_leaves=7
num_cat=0
split_feature=2 11 9 0 4 12
split_gain=797.69 276.434 165.709 181.348 162.879 141.765
threshold=0.59771940793520539 0.17950124372412277 1.0000000180025095e-35 0.052647267152822481 62.897779841282421 0.70645833333333352
decision_type=10 2 2 10 10 2
left_child=2 4 5 -4 -2 -1
right_child=1 -3 3 -5 -6 -7
leaf_value=-0.00033580253874262176 -0.0066551213082800499 0.01935551117665666 -0.0098679264208842918 -0.0020195316083461293 0.0071809624978784537 0.023500519796986793
leaf_weight=375 409 671 2379 2332 2027 136
leaf_count=375 409 671 2379 2332 2027 136
internal_value=-3.52726e-05 0.00798887 -0.0048095 -0.00598288 0.00485791 0.00600811
internal_weight=8329 3107 5222 4711 2436 511
internal_count=8329 3107 5222 4711 2436 511
is_linear=0
shrinkage=0.02


Tree=85
num_leaves=7
num_cat=0
split_feature=0 10 0 4 4 3
split_gain=748.975 227.622 200.852 104.408 96.2136 102.596
threshold=0.085978340678558446 0.16015873015873019 0.17244281296727756 62.201495329307818 74.835014939811018 0.034471109040074562
decision_type=10 2 10 10 8 10
left_child=1 4 3 -2 5 -1
right_child=2 -3 -4 -5 -6 -7
leaf_value=-0.011089029188583528 -0.0060696582226981337 0.021264485712163151 0.014876323791192999 0.0057770440238853159 0.0003013991718631828 -0.0043274928706935655
leaf_weight=1552 342 128 972 2291 846 2129
leaf_count=1552 342 128 972 2291 846 2129
internal_value=0.000263027 -0.00503686 0.00710657 0.00423828 -0.00578052 -0.00717832
internal_weight=8260 4655 3605 2633 4527 3681
internal_count=8260 4655 3605 2633 4527 3681
is_linear=0
shrinkage=0.02


Tree=86
num_leaves=7
num_cat=0
split_feature=2 3 10 2 9 5
split_gain=686.829 210.07 195.063 146.646 150.904 133.218
threshold=0.54638711889999858 0.1238899654205234 0.15584247950413929 0.82001342307893255 10.500000000000002 -0.2957436565176767
decision_type=10 10 2 10 2 2
left_child=2 -2 -1 -3 5 -5
right_child=1 3 -4 4 -6 -7
leaf_value=-0.0056286011944432102 0.0040144979272593506 0.0091456269929576818 0.013742463673046285 0.059120573710936764 0.04542317062581204 0.011010126857856168
leaf_weight=4504 2610 595 218 26 106 201
leaf_count=4504 2610 595 218 26 106 201
internal_value=0.000257767 0.00692044 -0.0047343 0.0150934 0.0257208 0.0165206
internal_weight=8260 3538 4722 928 333 227
internal_count=8260 3538 4722 928 333 227
is_linear=0
shrinkage=0.02


Tree=87
num_leaves=7
num_cat=0
split_feature=0 10 0 3 14 3
split_gain=697.956 213.163 186.361 99.0228 92.4954 91.8084
threshold=0.085978340678558446 0.16015873015873019 0.18818103459476329 0.049310375143842497 72.029411764705898 0.034471109040074562
decision_type=10 2 10 8 2 8
left_child=1 5 3 -2 -3 -1
right_child=2 4 -4 -5 -6 -7
leaf_value=-0.010550797486307733 -0.017416907514952406 0.015639362650187449 0.016307215391724181 0.00528306852916113 0.078990450024604794 -0.003950226946777902
leaf_weight=1120 79 118 678 2848 9.9999999999999982 3407
leaf_count=1120 79 118 678 2848 10 3407
internal_value=0.000252611 -0.00486358 0.00685896 0.00467039 0.0205887 -0.00558324
internal_weight=8260 4655 3605 2927 128 4527
internal_count=8260 4655 3605 2927 128 4527
is_linear=0
shrinkage=0.02


Tree=88
num_leaves=7
num_cat=0
split_feature=0 10 2 3 3 5
split_gain=670.317 204.722 182.866 107.473 106.327 102.846
threshold=0.085978340678558446 0.16015873015873019 0.78246233869975623 0.1238899654205234 0.1292008283447279 -0.2957436565176767
decision_type=10 2 8 10 10 2
left_child=1 -1 4 -4 -2 -5
right_child=2 -3 3 5 -6 -7
leaf_value=-0.0054715727284918251 -0.00024199309767797015 0.020176893186289818 0.0086482105803251316 0.048766001414143202 0.0091982276952663825 0.017137826244735647
leaf_weight=4527 1404 128 1044 46 723 388
leaf_count=4527 1404 128 1044 46 723 388
internal_value=0.000247559 -0.00476631 0.00672178 0.0121255 0.00296688 0.0204901
internal_weight=8260 4655 3605 1478 2127 434
internal_count=8260 4655 3605 1478 2127 434
is_linear=0
shrinkage=0.02


Tree=89
num_leaves=7
num_cat=0
split_feature=0 10 2 3 9 6
split_gain=643.772 196.615 176.059 148.585 145.032 157.147
threshold=0.085978340678558446 0.16015873015873019 0.82001342307893255 0.1238899654205234 10.500000000000002 0.015148339256149604
decision_type=10 2 10 10 2 2
left_child=1 -1 -2 -4 -5 -6
right_child=2 -3 3 4 5 -7
leaf_value=-0.0053621413206590262 0.003738719871030275 0.019773355289653408 0.0083654481433203514 0.015484747492343123 0.0031751977492656025 0.058409641448599406
leaf_weight=4527 2547 128 725 227 28 78
leaf_count=4527 2547 128 725 227 28 78
internal_value=0.000242608 -0.00467098 0.00658734 0.013445 0.0245042 0.0438194
internal_weight=8260 4655 3605 1058 333 106
internal_count=8260 4655 3605 1058 333 106
is_linear=0
shrinkage=0.02


Tree=90
num_leaves=7
num_cat=0
split_feature=2 11 4 3 3 3
split_gain=688.98 215.643 133.611 121.649 102.271 77.0809
threshold=0.72234427795969214 0.097284946667332811 63.283312913625487 0.11610524556733708 0.1238899654205234 0.056753095978797387
decision_type=10 2 10 8 10 10
left_child=1 5 -2 -3 -4 -1
right_child=2 3 4 -5 -6 -7
leaf_value=-0.0077316850770729629 -0.00060702245149178713 -0.002203107982958977 0.0095298048474911426 0.0076769206907788233 0.02033396989369983 -0.002239528320442451
leaf_weight=2589 358 1073 1130 931 508 1689
leaf_count=2589 358 1073 1130 931 508 1689
internal_value=0.000225224 -0.00302716 0.0104614 0.00238687 0.0128805 -0.00556332
internal_weight=8278 6282 1996 2004 1638 4278
internal_count=8278 6282 1996 2004 1638 4278
is_linear=0
shrinkage=0.02


Tree=91
num_leaves=7
num_cat=0
split_feature=2 10 3 4 0 12
split_gain=661.696 202.513 131.155 128.32 101.238 89.1655
threshold=0.72234427795969214 0.09683036375864941 0.11538988756001764 63.283312913625487 0.20036048584007379 0.95121212121212129
decision_type=10 2 8 10 8 2
left_child=1 -1 -3 -2 -5 -4
right_child=3 2 5 4 -6 -7
leaf_value=-0.0055559818526915725 -0.00059488191149020624 -0.0024472911418077373 0.006864093179838898 0.0098995770284691677 0.021700800348445282 0.0668971343934536
leaf_weight=4133 358 1184 955 1260 378 9.9999999999999982
leaf_count=4133 358 1184 955 1260 378 10
internal_value=0.00022072 -0.00296662 0.0020133 0.0102522 0.0126229 0.0074862
internal_weight=8278 6282 2149 1996 1638 965
internal_count=8278 6282 2149 1996 1638 965
is_linear=0
shrinkage=0.02


Tree=92
num_leaves=7
num_cat=0
split_feature=2 10 4 1 0 12
split_gain=635.493 194.494 123.239 112.285 97.2287 93.794
threshold=0.72234427795969214 0.09683036375864941 63.283312913625487 0.052242913807044399 0.20036048584007379 0.95121212121212129
decision_type=10 2 10 8 8 2
left_child=1 -1 -2 -3 -4 -5
right_child=2 3 4 5 -6 -7
leaf_value=-0.0054448622243103767 -0.00058298450127223188 -0.0063184430560993101 0.0097015854187147126 0.0041208815869451096 0.021266784446028173 0.065559190997853872
leaf_weight=4133 358 501 1260 1638 378 9.9999999999999982
leaf_count=4133 358 501 1260 1638 378 10
internal_value=0.000216305 -0.00290728 0.0100472 0.00197304 0.0123705 0.00449369
internal_weight=8278 6282 1996 2149 1638 1648
internal_count=8278 6282 1996 2149 1638 1648
is_linear=0
shrinkage=0.02


Tree=93
num_leaves=7
num_cat=0
split_feature=2 3 10 4 12 3
split_gain=610.327 191.075 130.91 118.389 91.8413 90.8304
threshold=0.72234427795969214 0.057896637617761149 0.09683036375864941 62.897779841282421 0.95121212121212129 0.10893898652881577
decision_type=10 8 2 10 2 10
left_child=1 -1 -3 -2 -4 -5
right_child=3 2 4 5 -6 -7
leaf_value=-0.0077416283138233592 -0.0011781899453864998 -0.003374770675382212 0.0034630351864962418 0.0077716002158156414 0.064248007342219346 0.017145529356867056
leaf_weight=2117 326 2419 1736 917 9.9999999999999982 753
leaf_count=2117 326 2419 1736 917 10 753
internal_value=0.000211979 -0.00284914 -0.000362368 0.00984622 0.00381117 0.0119983
internal_weight=8278 6282 4165 1996 1746 1670
internal_count=8278 6282 4165 1996 1746 1670
is_linear=0
shrinkage=0.02


Tree=94
num_leaves=7
num_cat=0
split_feature=2 11 4 3 0 12
split_gain=586.158 187.011 113.898 108.735 91.4338 78.4382
threshold=0.72234427795969214 0.097284946667332811 63.283312913625487 0.11610524556733708 0.20036048584007379 0.95121212121212129
decision_type=10 2 10 8 8 2
left_child=1 -1 -2 -3 -4 -5
right_child=2 3 4 5 -6 -7
leaf_value=-0.0051539577628936665 -0.00057004466597426566 -0.0020898629459903994 0.0092946877850955054 0.006646146957452098 0.020509945836291458 0.062963046878576276
leaf_weight=4278 358 1073 1260 921 378 9.9999999999999982
leaf_count=4278 358 1073 1260 921 378 10
internal_value=0.00020774 -0.00279216 0.00964929 0.00224966 0.0118828 0.00725105
internal_weight=8278 6282 1996 2004 1638 931
internal_count=8278 6282 1996 2004 1638 931
is_linear=0
shrinkage=0.02


Tree=95
num_leaves=7
num_cat=0
split_feature=2 0 12 6 10 2
split_gain=654.595 138.057 110.88 114.601 97.607 86.1409
threshold=0.72234427795969214 0.13584697512006214 0.91566964285714303 0.56575227450144172 0.20867435114620056 0.29007624106602675
decision_type=10 10 2 2 2 8
left_child=1 2 5 -4 -2 -1
right_child=4 -3 3 -5 -6 -7
leaf_value=-0.0090471953076153699 0.0084749986110855737 0.0068896597042240994 -0.010948404312133786 0.07910827728418203 0.021807576064614066 -0.0028435806064382695
leaf_weight=1111 1758 520 10.000000000000002 12.999999999999998 251 4612
leaf_count=1111 1758 520 10 13 251 4612
internal_value=0.000206437 -0.00297869 -0.00387175 0.0399532 0.0101407 -0.00404788
internal_weight=8275 6266 5746 23 2009 5723
internal_count=8275 6266 5746 23 2009 5723
is_linear=0
shrinkage=0.02


Tree=96
num_leaves=7
num_cat=0
split_feature=2 3 11 3 9 6
split_gain=628.673 163.011 117.536 105.298 96.6247 144.303
threshold=0.72234427795969214 0.057896637617761149 0.09427116306220866 0.1238899654205234 10.500000000000002 -0.34662512013097219
decision_type=10 8 2 10 2 2
left_child=1 -1 -3 -2 5 -5
right_child=3 2 -4 4 -6 -7
leaf_value=-0.0074675268643394892 0.0070031663406839115 -0.0034067510031118575 0.0034318762330871107 0.057713927567005163 0.028402122187816618 0.0080274649953645059
leaf_weight=2097 1424 2477 1692 25 199 361
leaf_count=2097 1424 2477 1692 25 199 361
internal_value=0.000202308 -0.00291912 -0.000631276 0.00993793 0.0170817 0.0112455
internal_weight=8275 6266 4169 2009 585 386
internal_count=8275 6266 4169 2009 585 386
is_linear=0
shrinkage=0.02


Tree=97
num_leaves=7
num_cat=0
split_feature=0 12 3 0 9 10
split_gain=539.521 205.327 143.873 110.691 108.07 119.817
threshold=0.13584697512006214 0.95121212121212129 0.034471109040074562 0.051033614608264243 11.500000000000002 0.20867435114620056
decision_type=10 2 8 8 2 2
left_child=1 2 -1 -4 5 -2
right_child=4 -3 3 -5 -6 -7
leaf_value=-0.0090870364026656159 0.0043125122801711772 0.06491778924647304 -0.0066876858864546454 0.0002550410577831021 0.017990025394519455 0.020420051222159105
leaf_weight=1164 1152 18 1187 4062 472 220
leaf_count=1164 1152 18 1187 4062 472 220
internal_value=0.000198262 -0.00253632 -0.00272565 -0.00131498 0.0097352 0.00689535
internal_weight=8275 6431 6413 5249 1844 1372
internal_count=8275 6431 6413 5249 1844 1372
is_linear=0
shrinkage=0.02


Tree=98
num_leaves=7
num_cat=0
split_feature=2 11 0 8 0 5
split_gain=587.055 147.626 102.001 127.013 90.6624 89.8747
threshold=0.72234427795969214 0.097284946667332811 0.13584697512006214 1.0000000180025095e-35 0.20036048584007379 0.64269604334384678
decision_type=10 2 8 2 10 2
left_child=1 -1 -3 -4 -2 -6
right_child=4 2 3 -5 5 -7
leaf_value=-0.0049232094571486449 0.0073097113950643692 -0.0015880190109784662 0.011349348943364824 -0.013916024159964012 0.019440521662063139 -0.022928285556180136
leaf_weight=4267 1556 1317 590 92 432 21
leaf_count=4267 1556 1317 590 92 432 21
internal_value=0.000194297 -0.00282204 0.00166304 0.00794112 0.00960215 0.0174764
internal_weight=8275 6266 1999 682 2009 453
internal_count=8275 6266 1999 682 2009 453
is_linear=0
shrinkage=0.02


Tree=99
num_leaves=7
num_cat=0
split_feature=2 3 7 3 10 12
split_gain=563.808 148.215 110.893 96.3801 71.7952 69.3751
threshold=0.72234427795969214 0.057896637617761149 3.5000000000000004 0.13668089023747274 0.2215007215007215 0.79107142857142876
decision_type=10 8 2 10 2 2
left_child=1 -1 -3 4 -2 -5
right_child=3 2 -4 5 -6 -7
leaf_value=-0.0071026777994428608 0.0064345289725829483 -0.0031674135034299722 0.003534519539309426 0.010774285840160316 0.03010609338024877 0.02748453452890174
leaf_weight=2097 1553 2562 1607 225 53 178
leaf_count=2097 1553 2562 1607 225 53 178
internal_value=0.000190411 -0.0027656 -0.000584059 0.00941011 0.00721572 0.018155
internal_weight=8275 6266 4169 2009 1606 403
internal_count=8275 6266 4169 2009 1606 403
is_linear=0
shrinkage=0.02


Tree=100
num_leaves=7
num_cat=0
split_feature=2 13 10 3 9 3
split_gain=505.891 206.497 122.963 99.0246 109.928 129.646
threshold=0.78246233869975623 0.093543412354204394 0.16015873015873019 0.1238899654205234 10.500000000000002 0.1292008283447279
decision_type=10 2 2 10 2 10
left_child=1 2 -1 -2 -5 -6
right_child=3 -3 -4 4 5 -7
leaf_value=-0.0046496765440518593 0.0074199849079169414 0.0037774424885984649 0.018808612921735742 0.012055911241593409 0.08385252863168717 0.026163080714578769
leaf_weight=5021 1010 1721 91 294 18 116
leaf_count=5021 1010 1721 91 294 18 116
internal_value=5.43371e-05 -0.00221476 -0.00423209 0.0108365 0.0188988 0.0339124
internal_weight=8271 6833 5112 1438 428 134
internal_count=8271 6833 5112 1438 428 134
is_linear=0
shrinkage=0.02


Tree=101
num_leaves=7
num_cat=0
split_feature=2 11 3 14 4 3
split_gain=485.858 195.295 120.871 95.3324 108.673 95.1032
threshold=0.78246233869975623 0.093154981401344497 0.074528936166414997 73.343750000000014 63.385360244002122 0.1238899654205234
decision_type=10 2 8 2 10 10
left_child=1 -1 -3 -4 -5 -2
right_child=5 2 3 4 -6 -7
leaf_value=-0.0047371456599703023 0.00727158510521467 -0.0050128774749770254 0.0037284168786620594 0.070692766606807705 0.014703604217367962 0.018520856953139365
leaf_weight=4335 1010 666 1712 15.999999999999998 104 428
leaf_count=4335 1010 666 1712 16 104 428
internal_value=5.32504e-05 -0.00217047 0.00228372 0.0049363 0.0221688 0.0106198
internal_weight=8271 6833 2498 1832 120 1438
internal_count=8271 6833 2498 1832 120 1438
is_linear=0
shrinkage=0.02


Tree=102
num_leaves=7
num_cat=0
split_feature=2 13 10 13 4 3
split_gain=466.618 193.407 115.022 94.5202 72.8861 84.002
threshold=0.78246233869975623 0.093543412354204394 0.16015873015873019 0.13452305581935214 66.825252240971665 0.03950810951779294
decision_type=10 2 2 2 8 8
left_child=1 2 4 -2 -1 -6
right_child=3 -3 -4 -5 5 -7
leaf_value=-0.0074522124092330933 0.007891589600839544 0.0036721119025201559 0.018204887985855671 0.020858247075363406 -0.0085186638763317685 -0.00067472800971174506
leaf_weight=1994 1159 1721 91 279 715 2312
leaf_count=1994 1159 1721 91 279 715 2312
internal_value=5.21854e-05 -0.00212706 -0.0040794 0.0104074 -0.00448328 -0.00252752
internal_weight=8271 6833 5112 1438 5021 3027
internal_count=8271 6833 5112 1438 5021 3027
is_linear=0
shrinkage=0.02


Tree=103
num_leaves=7
num_cat=0
split_feature=2 13 10 10 1 2
split_gain=448.14 185.748 110.467 91.2065 74.1187 73.6112
threshold=0.78246233869975623 0.093543412354204394 0.16015873015873019 0.21630482941958354 0.27176518291512824 0.93313837318800641
decision_type=10 2 2 2 8 10
left_child=1 2 -1 5 -4 -2
right_child=3 -3 4 -5 -6 -7
leaf_value=-0.0043936102873503085 0.011072745218195391 0.0035986696613139707 0.0098219398624802886 0.026042610690223449 0.058469633638858792 -0.00051199579965256444
leaf_weight=5021 1027 1721 76 132 14.999999999999998 279
leaf_count=5021 1027 1721 76 132 15 279
internal_value=5.11416e-05 -0.00208452 -0.00399781 0.0101992 0.0178408 0.0085979
internal_weight=8271 6833 5112 1438 91 1306
internal_count=8271 6833 5112 1438 91 1306
is_linear=0
shrinkage=0.02


Tree=104
num_leaves=7
num_cat=0
split_feature=2 13 10 13 3 1
split_gain=430.394 178.393 106.092 88.8685 72.5635 123.466
threshold=0.78246233869975623 0.093543412354204394 0.16015873015873019 0.13452305581935214 0.17883808887821684 0.27649408057721719
decision_type=10 2 2 2 10 10
left_child=1 2 -1 -2 5 -5
right_child=3 -3 -4 4 -6 -7
leaf_value=-0.0043057380593166193 0.0075558311596988503 0.0035266962827966352 0.017483974508531803 0.024795115502199271 0.073029746592044836 -0.0095170845385067742
leaf_weight=5021 1159 1721 91 217 9.9999999999999982 52
leaf_count=5021 1159 1721 91 217 10 52
internal_value=5.01188e-05 -0.00204283 -0.00391785 0.00999524 0.0201288 0.0181623
internal_weight=8271 6833 5112 1438 279 269
internal_count=8271 6833 5112 1438 279 269
is_linear=0
shrinkage=0.02


Tree=105
num_leaves=7
num_cat=0
split_feature=0 10 11 11 14 6
split_gain=361.535 118.09 114.401 112.622 105.99 77.7064
threshold=0.090608288670338169 0.18944658493870406 0.17950124372412277 0.30195172007119703 63.218750000000007 0.38742520373782335
decision_type=10 2 2 2 2 2
left_child=1 -1 -2 4 -4 -6
right_child=2 -3 3 -5 5 -7
leaf_value=-0.0042061675869984674 0.002629961771171278 0.026095589135701838 0.077813764452934267 -0.021733763080376844 0.0060012146083529665 0.019158477965627977
leaf_weight=4816 2683 52 9.9999999999999982 39 378 342
leaf_count=4816 2683 52 10 39 378 342
internal_value=-0.000371703 -0.00388248 0.00457919 0.0113799 0.013149 0.0122509
internal_weight=8320 4868 3452 769 730 720
internal_count=8320 4868 3452 769 730 720
is_linear=0
shrinkage=0.02


Tree=106
num_leaves=7
num_cat=0
split_feature=2 9 11 11 14 11
split_gain=384.898 135.315 133.261 115.471 98.0381 96.5283
threshold=0.51878552734246641 1.0000000180025095e-35 0.18066606051167425 0.30195172007119703 63.218750000000007 0.1119016537045866
decision_type=10 2 2 2 2 2
left_child=1 5 -2 4 -4 -1
right_child=2 -3 3 -5 -6 -7
leaf_value=-0.00098487620733001013 0.0025265925547797909 -0.0055622098240632944 0.076257486939430241 -0.021299087860836435 0.013160650202922262 0.01732215006304326
leaf_weight=330 3113 3994 9.9999999999999982 39 657 177
leaf_count=330 3113 3994 10 39 657 177
internal_value=-0.000364269 -0.0043267 0.00430577 0.0121508 0.0141066 0.00540633
internal_weight=8320 4501 3819 706 667 507
internal_count=8320 4501 3819 706 667 507
is_linear=0
shrinkage=0.02


Tree=107
num_leaves=7
num_cat=0
split_feature=2 9 3 2 4 3
split_gain=369.656 129.956 125.224 89.3139 81.4955 77.0179
threshold=0.51878552734246641 1.0000000180025095e-35 0.14021043483014972 0.78246233869975623 61.11269235112011 0.058819477435199594
decision_type=10 2 10 10 10 10
left_child=1 -1 3 -2 -4 -3
right_child=2 5 4 -5 -6 -7
leaf_value=0.0052982076406993218 9.2152590058935843e-05 -0.0076779072800959971 -0.013227108283175361 0.0069727359197452226 0.014767059434137562 -0.0019873092007708288
leaf_weight=507 2019 2431 45 1205 550 1563
leaf_count=507 2019 2431 45 1205 550 1563
internal_value=-0.000356983 -0.00424016 0.00421966 0.00266383 0.0126499 -0.00545097
internal_weight=8320 4501 3819 3224 595 3994
internal_count=8320 4501 3819 3224 595 3994
is_linear=0
shrinkage=0.02


Tree=108
num_leaves=7
num_cat=0
split_feature=2 9 2 4 12 1
split_gain=355.017 124.81 112.64 82.4136 70.2085 70.0501
threshold=0.51878552734246641 1.0000000180025095e-35 0.78246233869975623 63.283312913625487 0.95121212121212129 0.17891430200976713
decision_type=10 2 10 10 2 10
left_child=1 4 3 -2 -1 -4
right_child=2 -3 5 -5 -6 -7
leaf_value=0.0041365380403051676 -0.0064969834347097053 -0.0053419463560536633 0.0046751340788640803 0.0031948622641264197 0.057660809755325317 0.013514555101526502
leaf_weight=497 429 3994 829 1929 9.9999999999999982 632
leaf_count=497 429 3994 829 1929 10 632
internal_value=-0.000349843 -0.00415536 0.00413526 0.00143159 0.00519224 0.00849889
internal_weight=8320 4501 3819 2358 507 1461
internal_count=8320 4501 3819 2358 507 1461
is_linear=0
shrinkage=0.02


Tree=109
num_leaves=7
num_cat=0
split_feature=2 11 9 11 11 6
split_gain=340.959 123.083 119.868 110.401 92.0818 88.9335
threshold=0.51878552734246641 0.18066606051167425 1.0000000180025095e-35 0.30195172007119703 0.1119016537045866 0.38742520373782335
decision_type=10 2 2 2 2 2
left_child=2 -2 4 5 -1 -3
right_child=1 3 -4 -5 -6 -7
leaf_value=-0.0011538730766059773 0.0023426706698213649 0.0066167161961959379 -0.0052351074343360447 -0.021115212754513592 0.016726532963625456 0.021247692874330246
leaf_weight=330 3113 353 3994 39 177 314
leaf_count=330 3113 353 3994 39 177 314
internal_value=-0.000342847 0.00405256 -0.00407225 0.011592 0.0050884 0.0135045
internal_weight=8320 3819 4501 706 507 667
internal_count=8320 3819 4501 706 507 667
is_linear=0
shrinkage=0.02


Tree=110
num_leaves=7
num_cat=0
split_feature=2 11 9 11 11 13
split_gain=376.068 124.963 110.827 96.086 96.2344 85.7592
threshold=0.52435741459719509 0.050822927903197777 1.0000000180025095e-35 0.30195172007119703 0.20685578236029076 0.14651735703644522
decision_type=10 2 2 2 2 2
left_child=2 -2 5 4 -3 -1
right_child=1 3 -4 -5 -6 -7
leaf_value=0.0031090737994524907 -0.0051295594881460276 0.0049644750547548928 -0.0049625246922702544 -0.024017894276905628 0.014500437334943564 0.039786617513056156
leaf_weight=459 456 2760 4037 42 500 27
leaf_count=459 456 2760 4037 42 500 27
internal_value=8.68621e-06 0.0046845 -0.00387628 0.0060398 0.00642705 0.00514672
internal_weight=8281 3758 4523 3302 3260 486
internal_count=8281 3758 4523 3302 3260 486
is_linear=0
shrinkage=0.02


Tree=111
num_leaves=7
num_cat=0
split_feature=2 11 9 11 11 6
split_gain=361.176 120.015 106.438 92.281 92.4894 93.7864
threshold=0.52435741459719509 0.050822927903197777 1.0000000180025095e-35 0.30195172007119703 0.22540338567260074 0.33311068005213051
decision_type=10 2 2 2 2 2
left_child=2 -2 -1 4 -3 -6
right_child=1 3 -4 -5 5 -7
leaf_value=0.0050437807868936183 -0.0050269683701263971 0.0050876329828438887 -0.0048632742232516306 -0.02353753682425512 0.0051173200984459145 0.025200838079124842
leaf_weight=486 456 2887 4037 42 177 196
leaf_count=486 456 2887 4037 42 177 196
internal_value=8.51246e-06 0.00459081 -0.00379875 0.005919 0.00629851 0.0156706
internal_weight=8281 3758 4523 3302 3260 373
internal_count=8281 3758 4523 3302 3260 373
is_linear=0
shrinkage=0.02


Tree=112
num_leaves=7
num_cat=0
split_feature=0 3 14 12 11 14
split_gain=327.7 119.573 107.503 102.949 99.5521 88.6773
threshold=0.13584697512006214 0.02833004825482726 69.152573529411782 0.95121212121212129 0.097284946667332811 69.343750000000014
decision_type=10 8 2 2 2 2
left_child=1 -1 4 -3 -2 -4
right_child=2 3 5 -5 -6 -7
leaf_value=-0.0087393845275170346 -0.0072148187315687826 -0.0011629052342485751 0.042914745340123774 0.043204095505532766 0.0069171374558751235 0.012159394155675546
leaf_weight=932 253 5494 40 21 941 600
leaf_count=932 253 5494 40 21 941 600
internal_value=8.3422e-06 -0.00211367 0.00746778 -0.000993965 0.00392268 0.0140816
internal_weight=8281 6447 1834 5515 1194 640
internal_count=8281 6447 1834 5515 1194 640
is_linear=0
shrinkage=0.02


Tree=113
num_leaves=7
num_cat=0
split_feature=2 3 9 11 0 10
split_gain=338.45 120.171 101.365 90.6809 82.4461 81.3272
threshold=0.52435741459719509 0.10836947483796106 1.0000000180025095e-35 0.31160840476826474 0.051344653052727597 0.18043769865570236
decision_type=10 10 2 2 10 2
left_child=2 -2 -1 5 -4 -3
right_child=1 3 4 -5 -6 -7
leaf_value=0.0049518686811221239 0.0015596157426262405 0.0066442548813468319 -0.0073214249218309345 -0.026771795753655687 -0.0015805585009178583 0.017229492579473003
leaf_weight=486 2277 1052 2205 28 1832 401
leaf_count=486 2277 1052 2205 28 1832 401
internal_value=8.1754e-06 0.00444396 -0.00367736 0.00887858 -0.00471621 0.00956558
internal_weight=8281 3758 4523 1481 4037 1453
internal_count=8281 3758 4523 1481 4037 1453
is_linear=0
shrinkage=0.02


Tree=114
num_leaves=7
num_cat=0
split_feature=2 3 9 11 13 0
split_gain=325.048 115.412 97.3511 87.0899 82.4325 79.1813
threshold=0.52435741459719509 0.10836947483796106 1.0000000180025095e-35 0.31160840476826474 0.14651735703644522 0.051344653052727597
decision_type=10 10 2 2 2 10
left_child=2 -2 4 -3 -1 -4
right_child=1 3 5 -5 -6 -7
leaf_value=0.0028551020937279876 0.0015284234422210362 0.0093742649970833831 -0.0071749965875808688 -0.02623635943979025 0.038814230867558058 -0.0015489473751177769
leaf_weight=459 2277 1453 2205 28 27 1832
leaf_count=459 2277 1453 2205 28 27 1832
internal_value=8.01186e-06 0.00435508 -0.00360382 0.00870101 0.00485283 -0.00462188
internal_weight=8281 3758 4523 1481 486 4037
internal_count=8281 3758 4523 1481 486 4037
is_linear=0
shrinkage=0.02


Tree=115
num_leaves=7
num_cat=0
split_feature=0 12 4 3 11 9
split_gain=276.333 150.446 104.795 99.5765 88.9135 80.6834
threshold=0.13584697512006214 0.95121212121212129 60.998661905251438 0.034471109040074562 0.18066606051167425 12.500000000000002
decision_type=10 2 10 8 2 2
left_child=1 3 -2 -1 5 -4
right_child=2 -3 4 -5 -6 -7
leaf_value=-0.0075743088549619642 -0.0088090765782738029 0.051326226897182921 0.0018747990497063223 -0.0011234789867650904 0.014392202325425357 0.015629086863682713
leaf_weight=1169 158 21 826 5282 598 215
leaf_count=1169 158 21 826 5282 598 215
internal_value=-0.000191945 -0.00211847 0.00674654 -0.00229245 0.00824611 0.0047155
internal_weight=8269 6472 1797 6451 1639 1041
internal_count=8269 6472 1797 6451 1639 1041
is_linear=0
shrinkage=0.02


Tree=116
num_leaves=7
num_cat=0
split_feature=2 11 5 10 9 14
split_gain=329.795 112.231 135.786 72.4554 69.8753 96.6678
threshold=0.78246233869975623 0.09427116306220866 0.83883071013259713 0.2215007215007215 1.0000000180025095e-35 73.531250000000014
decision_type=10 2 2 2 2 2
left_child=1 -1 4 -2 5 -3
right_child=3 2 -4 -5 -6 -7
leaf_value=-0.0039035558907562604 0.007151160386487717 0.0080782584333187572 0.056196268474062283 0.023321958003519487 -0.00010828986552031208 0.062201513477734158
leaf_weight=4439 1319 231 18 121 2127 13.999999999999998
leaf_count=4439 1319 231 18 121 2127 14
internal_value=-0.000188106 -0.00202223 0.00147201 0.00850996 0.00105673 0.011171
internal_weight=8269 6829 2390 1440 2372 245
internal_count=8269 6829 2390 1440 2372 245
is_linear=0
shrinkage=0.02


Tree=117
num_leaves=7
num_cat=0
split_feature=2 11 3 9 7 3
split_gain=316.735 107.787 70.408 135.618 89.6571 65.5257
threshold=0.78246233869975623 0.09427116306220866 0.1238899654205234 10.500000000000002 3.5000000000000004 0.034471109040074562
decision_type=10 2 10 2 2 8
left_child=1 -1 -2 4 -4 -3
right_child=2 5 3 -5 -6 -7
leaf_value=-0.0038254847304876141 0.0054350293903920807 -0.010600973063791614 -0.010559732414782048 0.031711276654292034 0.014179759375989165 0.002353150584962568
leaf_weight=4439 1006 168 80 135 219 2222
leaf_count=4439 1006 168 80 135 219 2222
internal_value=-0.000184344 -0.00198178 0.00833976 0.0150728 0.0075605 0.00144257
internal_weight=8269 6829 1440 434 299 2390
internal_count=8269 6829 1440 434 299 2390
is_linear=0
shrinkage=0.02


Tree=118
num_leaves=7
num_cat=0
split_feature=2 11 10 9 12 14
split_gain=304.192 103.519 68.5029 61.4348 94.571 108.541
threshold=0.78246233869975623 0.09427116306220866 0.2215007215007215 1.0000000180025095e-35 0.90142857142857158 73.531250000000014
decision_type=10 2 2 2 2 2
left_child=1 -1 -2 4 5 -3
right_child=2 3 -4 -5 -6 -7
leaf_value=-0.0037489750475562817 0.0068517469377782957 0.003387402061831973 0.022575301123428936 0.00033002000756231778 0.050462574240836229 0.060910422120775493
leaf_weight=4439 1319 209 121 2145 22 13.999999999999998
leaf_count=4439 1319 209 121 2145 22 14
internal_value=-0.000180657 -0.00194215 0.00817296 0.00141372 0.0109016 0.00699871
internal_weight=8269 6829 1440 2390 245 223
internal_count=8269 6829 1440 2390 245 223
is_linear=0
shrinkage=0.02


Tree=119
num_leaves=7
num_cat=0
split_feature=2 12 7 13 3 14
split_gain=295.474 97.3697 91.8128 78.0788 96.9701 91.8292
threshold=0.59169053227139023 0.93420955882352952 3.5000000000000004 0.1318539526500413 0.17883808887821684 64.625000000000014
decision_type=10 2 2 2 10 2
left_child=1 -1 -2 4 -4 -5
right_child=2 -3 3 5 -6 -7
leaf_value=-0.0032589667624890392 0.00053527118659086193 0.05630880610509352 0.0058011666779158415 -0.01214195755225691 -0.049069613172457775 0.018425257176181004
leaf_weight=5123 1278 10.999999999999998 1431 44 12.999999999999998 369
leaf_count=5123 1278 11 1431 44 13 369
internal_value=-0.000177044 -0.00313134 0.00466103 0.0075004 0.00530718 0.0151687
internal_weight=8269 5134 3135 1857 1444 413
internal_count=8269 5134 3135 1857 1444 413
is_linear=0
shrinkage=0.02


Tree=120
num_leaves=7
num_cat=0
split_feature=3 12 4 14 9 10
split_gain=211.635 118.248 97.5048 79.7821 72.6185 68.1066
threshold=0.074966435805575202 0.89100000000000013 69.30092301573525 68.718750000000014 1.5000000000000002 0.10368017153731442
decision_type=10 2 10 2 2 2
left_child=1 4 -3 5 -1 -2
right_child=3 2 -4 -5 -6 -7
leaf_value=0.0017549449911179764 -0.0030802719722466264 0.034659932646235181 -0.018849269714620379 0.0066751410301584355 -0.0050213194016213358 0.0037535199262826932
leaf_weight=765 1051 56 18 1448 3655 1311
leaf_count=765 1051 56 18 1448 3655 1311
internal_value=-0.000488875 -0.00342873 0.0216442 0.00297877 -0.0038485 0.000712743
internal_weight=8304 4494 74 3810 4420 2362
internal_count=8304 4494 74 3810 4420 2362
is_linear=0
shrinkage=0.02


Tree=121
num_leaves=7
num_cat=0
split_feature=3 12 14 9 4 4
split_gain=203.728 146.212 70.2513 69.2902 59.5874 55.5338
threshold=0.068596739009758934 0.89100000000000013 68.718750000000014 1.5000000000000002 69.30092301573525 65.335500294077519
decision_type=10 2 2 2 10 10
left_child=1 3 -2 -1 -3 -4
right_child=2 4 5 -5 -6 -7
leaf_value=0.0014239581198000801 0.00063317071876915114 0.037453045833972284 -0.0013559387919994501 -0.00531520836476771 -0.0094410733452865055 0.0079349902983370402
leaf_weight=747 2600 48 325 3334 13.999999999999998 1236
leaf_count=747 2600 48 325 3334 14 1236
internal_value=-0.000479097 -0.00361855 0.00264677 -0.00408165 0.0268641 0.00600062
internal_weight=8304 4143 4161 4081 62 1561
internal_count=8304 4143 4161 4081 62 1561
is_linear=0
shrinkage=0.02


Tree=122
num_leaves=7
num_cat=0
split_feature=3 12 4 2 9 4
split_gain=195.752 108.806 90.9413 74.0557 67.2075 64.9718
threshold=0.074966435805575202 0.89100000000000013 69.30092301573525 0.4754359667937641 1.5000000000000002 60.998661905251438
decision_type=10 2 10 10 2 10
left_child=1 4 -3 -2 -1 -5
right_child=3 2 -4 5 -6 -7
leaf_value=0.0016910793635251573 -0.0018023276802788149 0.03332429369246321 -0.018352576941251756 -0.005535423558601673 -0.0048278416244634179 0.0054505137098555699
leaf_weight=765 1002 56 18 235 3655 2573
leaf_count=765 1002 56 18 235 3655 2573
internal_value=-0.000469515 -0.0032969 0.0207542 0.00286546 -0.00369957 0.00453111
internal_weight=8304 4494 74 3810 4420 2808
internal_count=8304 4494 74 3810 4420 2808
is_linear=0
shrinkage=0.02


Tree=123
num_leaves=7
num_cat=0
split_feature=3 12 2 9 11 10
split_gain=188.636 135.777 79.4501 63.9449 60.4729 69.1236
threshold=0.068596739009758934 0.89100000000000013 0.58560615355058565 1.5000000000000002 0.30195172007119703 0.21630482941958354
decision_type=10 2 10 2 2 2
left_child=1 3 -2 -1 5 -4
right_child=2 -3 4 -5 -6 -7
leaf_value=0.0013616572820345861 -0.00081405797397581306 0.025893663168854771 0.0041835260272390633 -0.0051123472888720458 -0.022939230821305709 0.016594916681448621
leaf_weight=747 1678 62 2257 3334 31 195
leaf_count=747 1678 62 2257 3334 31 195
internal_value=-0.000460125 -0.00348105 0.00254773 -0.00392732 0.00481962 0.00517057
internal_weight=8304 4143 4161 4081 2483 2452
internal_count=8304 4143 4161 4081 2483 2452
is_linear=0
shrinkage=0.02


Tree=124
num_leaves=7
num_cat=0
split_feature=0 3 4 14 2 6
split_gain=181.744 89.4352 75.9572 70.4128 65.3089 54.2598
threshold=0.083259683743458615 0.065210547886666956 73.819414507710903 68.718750000000014 0.2320442599274328 -0.05872649908671073
decision_type=10 8 8 2 10 2
left_child=2 -2 4 -3 -1 -5
right_child=1 3 -4 5 -6 -7
leaf_value=-0.0084825828104293198 -0.0071435771030714601 0.0015098115491206656 0.0017103333833302613 0.015644687448371952 -0.0026564719433701447 0.0054106630209252195
leaf_weight=1124 328 2086 1014 258 2441 1053
leaf_count=1124 328 2086 1014 258 2441 1053
internal_value=-0.000450923 0.00282957 -0.00311959 0.00379253 -0.00449337 0.00742468
internal_weight=8304 3725 4579 3397 3565 1311
internal_count=8304 3725 4579 3397 3565 1311
is_linear=0
shrinkage=0.02


Tree=125
num_leaves=7
num_cat=0
split_feature=0 12 1 11 13 11
split_gain=226.671 109.921 87.7703 91.9313 81.0288 74.0201
threshold=0.081071352769779573 0.91675000000000006 0.19826241273320808 0.060016058622668754 0.18913105311811138 0.055641121379009929
decision_type=10 2 10 2 2 2
left_child=1 -1 5 -4 -5 -2
right_child=2 -3 3 4 -6 -7
leaf_value=-0.0031871305750241501 -0.006225154248599484 0.042677738710883116 0.047098681741952898 0.0092064798316705172 -0.029698061197996142 0.0032320914643331408
leaf_weight=4462 379 21 25 804 22 2616
leaf_count=4462 379 21 25 804 22 2616
internal_value=8.37067e-05 -0.00297228 0.00364585 0.00931389 0.00817028 0.00203533
internal_weight=8329 4483 3846 851 826 2995
internal_count=8329 4483 3846 851 826 2995
is_linear=0
shrinkage=0.02


Tree=126
num_leaves=7
num_cat=0
split_feature=13 2 10 0 14 2
split_gain=220.678 125.797 93.5414 61.6801 55.691 129.355
threshold=0.078670747373989283 0.7960976877510294 0.15107396317166907 0.062781239934190283 72.750000000000014 0.88858224630025562
decision_type=2 8 2 10 2 10
left_child=2 3 -1 -2 -3 -6
right_child=1 4 -4 -5 5 -7
leaf_value=-0.0032399949538715446 -0.0049907451515346828 0.008097621358966323 0.010499307997164807 0.0029617158221542524 0.038987388714911447 -0.020548753832515917
leaf_weight=4670 499 1083 207 1788 63 19
leaf_count=4670 499 1083 207 1788 63 19
internal_value=8.20326e-05 0.00395153 -0.00265684 0.00122657 0.00930086 0.0251924
internal_weight=8329 3452 4877 2287 1165 82
internal_count=8329 3452 4877 2287 1165 82
is_linear=0
shrinkage=0.02


Tree=127
num_leaves=7
num_cat=0
split_feature=13 2 1 14 5 14
split_gain=211.939 120.815 69.8537 76.0798 66.3187 64.3405
threshold=0.078670747373989283 0.7960976877510294 0.052775609528756616 71.718750000000014 0.83883071013259713 71.843750000000014
decision_type=2 8 10 2 2 2
left_child=2 4 -1 -4 -2 -5
right_child=1 -3 3 5 -6 -7
leaf_value=-0.0046956387588684137 0.00085876500290492917 0.0091148438798803275 -0.0013028055386371713 0.05188389216150556 0.034992119673153625 0.0078289923230853986
leaf_weight=2765 2264 1165 1847 13.999999999999998 23 251
leaf_count=2765 2264 1165 1847 14 23 251
internal_value=8.03919e-05 0.0038725 -0.00260371 0.000135024 0.00120204 0.0101564
internal_weight=8329 3452 4877 2112 2287 265
internal_count=8329 3452 4877 2112 2287 265
is_linear=0
shrinkage=0.02


Tree=128
num_leaves=7
num_cat=0
split_feature=0 12 4 3 9 12
split_gain=204.826 103.758 82.8819 99.0063 88.3346 67.1438
threshold=0.081071352769779573 0.91675000000000006 60.998661905251438 0.11274957852666773 10.500000000000002 0.81230113636363643
decision_type=10 2 10 8 2 2
left_child=1 -1 -2 -4 -5 -6
right_child=2 -3 3 4 5 -7
leaf_value=-0.0030349576824561454 -0.0060555527585664549 0.041525617206380483 0.0011084821519486228 0.0045030078659857552 0.010975740767388166 0.028739861210862409
leaf_weight=4462 334 21 1807 1112 490 103
leaf_count=4462 334 21 1807 1112 490 103
internal_value=7.87841e-05 -0.00282622 0.00346493 0.00437036 0.00782737 0.0140612
internal_weight=8329 4483 3846 3512 1705 593
internal_count=8329 4483 3846 3512 1705 593
is_linear=0
shrinkage=0.02


Tree=129
num_leaves=7
num_cat=0
split_feature=13 2 10 5 1 14
split_gain=199.108 114.872 87.2424 63.7291 60.7911 53.5199
threshold=0.078670747373989283 0.7960976877510294 0.15107396317166907 0.83883071013259713 0.13004671750579133 72.750000000000014
decision_type=2 8 2 2 10 2
left_child=2 3 -1 -2 -5 -3
right_child=1 5 -4 4 -6 -7
leaf_value=-0.0030875457211742099 0.0008122829697351959 0.00768494565086149 0.010181100602905099 0.0057549010102565454 0.07134558912739157 0.024443233502438155
leaf_weight=4670 2264 1083 207 13.000000000000002 9.9999999999999982 82
leaf_count=4670 2264 1083 207 13 10 82
internal_value=7.72084e-05 0.00375273 -0.00252437 0.00114879 0.0342726 0.0088645
internal_weight=8329 3452 4877 2287 23 1165
internal_count=8329 3452 4877 2287 23 1165
is_linear=0
shrinkage=0.02


Tree=130
num_leaves=7
num_cat=0
split_feature=3 12 13 14 4 10
split_gain=199.359 98.857 90.0403 75.6898 75.6533 67.2491
threshold=0.065210547886666956 0.95121212121212129 0.14651735703644522 73.786764705882362 62.201495329307818 0.21907460064363302
decision_type=10 2 2 2 10 2
left_child=1 2 -1 4 -2 -6
right_child=3 -3 -4 -5 5 -7
leaf_value=-0.0037758678505426641 -0.0047598056936012725 0.047961668779452647 0.027571802068803764 0.015002090080518915 0.0027817233210782367 0.01596350060476933
leaf_weight=3886 524 14.999999999999998 37 198 3488 162
leaf_count=3886 524 15 37 198 3488 162
internal_value=-2.0268e-05 -0.00328427 -0.00348021 0.00291972 0.00234657 0.00336678
internal_weight=8310 3938 3923 4372 4174 3650
internal_count=8310 3938 3923 4372 4174 3650
is_linear=0
shrinkage=0.02


Tree=131
num_leaves=7
num_cat=0
split_feature=3 4 10 4 1 1
split_gain=191.465 97.8608 77.0926 70.0342 72.2777 100.841
threshold=0.065210547886666956 79.2815585601831 0.17349268474513094 62.201495329307818 0.19826241273320808 0.21677352032617669
decision_type=10 8 2 10 10 10
left_child=1 -1 -3 -2 -5 -6
right_child=3 2 -4 4 5 -7
leaf_value=-0.0045262286785915165 -0.0039393959179891734 0.0018970730585589086 0.02584454284856717 0.0024763817813888327 0.023335050982565969 0.0054785108801051639
leaf_weight=3360 532 518 60 3112 163 565
leaf_count=3360 532 518 60 3112 163 565
internal_value=-1.98626e-05 -0.00321858 0.00438297 0.00286133 0.00380351 0.00947661
internal_weight=8310 3938 578 4372 3840 728
internal_count=8310 3938 578 4372 3840 728
is_linear=0
shrinkage=0.02


Tree=132
num_leaves=7
num_cat=0
split_feature=13 1 10 12 11 2
split_gain=153.474 112.146 77.9374 64.5436 75.0752 66.902
threshold=0.13251391804802645 0.036608463932288983 0.17349268474513094 0.50059659090909103 0.31160840476826474 0.97993289303162734
decision_type=2 10 2 2 2 8
left_child=1 2 -1 -2 5 -5
right_child=3 -3 -4 4 -6 -7
leaf_value=-0.0046539643441065558 -0.0013703714385993927 0.00085960181104773395 0.028896534155522072 0.010778466501892535 -0.019707001412993874 0.032210013977054398
leaf_weight=2546 204 4940 28 497 29 66
leaf_count=2546 204 4940 28 497 29 66
internal_value=-1.94654e-05 -0.000904107 -0.004289 0.00833128 0.0116744 0.0132909
internal_weight=8310 7514 2574 796 592 563
internal_count=8310 7514 2574 796 592 563
is_linear=0
shrinkage=0.02


Tree=133
num_leaves=7
num_cat=0
split_feature=3 9 12 2 4 13
split_gain=179.944 93.1898 71.5177 67.8031 60.3401 74.0553
threshold=0.065210547886666956 1.0000000180025095e-35 0.91675000000000006 0.78246233869975623 62.001665877404243 0.14651735703644522
decision_type=10 2 2 10 10 2
left_child=1 2 -1 4 -2 -6
right_child=3 -3 -4 -5 5 -7
leaf_value=0.0035221177077090198 -0.006632341726957037 -0.0042947112104200005 0.045257889418041007 0.0066558607315608097 0.0013680210330138795 0.015556834425824957
leaf_weight=484 351 3437 17 1275 2590 156
leaf_count=484 351 3437 17 1275 2590 156
internal_value=-1.90761e-05 -0.00312007 0.0049383 0.00277409 0.00117601 0.00217409
internal_weight=8310 3938 501 4372 3097 2746
internal_count=8310 3938 501 4372 3097 2746
is_linear=0
shrinkage=0.02


Tree=134
num_leaves=7
num_cat=0
split_feature=10 14 10 11 1 10
split_gain=143.896 90.2159 77.0235 102.068 82.4168 72.2802
threshold=0.10272581836081714 73.786764705882362 0.2215007215007215 0.28026175562177025 0.13967621133933963 0.2330920484010372
decision_type=2 2 2 2 10 2
left_child=-1 2 3 -2 -4 -6
right_child=1 -3 4 -5 5 -7
leaf_value=-0.0021761841684105427 0.0022568025388090122 0.018456778724023418 0.056411489206883644 -0.026277645406514113 0.027972608838101914 -0.0012750187736970406
leaf_weight=4970 2984 148 18 51 58 81
leaf_count=4970 2984 148 18 51 58 81
internal_value=-1.86945e-05 0.0031917 0.00248392 0.00177731 0.0161436 0.010929
internal_weight=8310 3340 3192 3035 157 139
internal_count=8310 3340 3192 3035 157 139
is_linear=0
shrinkage=0.02


Tree=135
num_leaves=7
num_cat=0
split_feature=1 8 2 4 5 3
split_gain=164.526 91.6539 87.9665 74.3751 63.8827 66.8337
threshold=0.049145895152485929 1.0000000180025095e-35 0.78601506452009773 76.83638153080723 0.91455171459211881 0.10893898652881577
decision_type=10 2 8 8 2 10
left_child=1 3 4 -1 -2 -6
right_child=2 -3 -4 -5 5 -7
leaf_value=-0.00288797831885824 0.00012936455364462754 -0.0073011464183855871 0.0060250515688048071 0.0063588597120492361 0.0074347839504480349 0.071921549558639525
leaf_weight=1391 3324 1439 1649 464 18.000000000000004 9.9999999999999982
leaf_count=1391 3324 1439 1649 464 18 10
internal_value=-4.27555e-05 -0.00351336 0.00224322 -0.000575023 0.000382771 0.0304658
internal_weight=8295 3294 5001 1855 3352 28
internal_count=8295 3294 5001 1855 3352 28
is_linear=0
shrinkage=0.02


Tree=136
num_leaves=7
num_cat=0
split_feature=1 8 2 9 5 0
split_gain=158.011 88.0244 84.483 81.0457 61.353 58.5264
threshold=0.049145895152485929 1.0000000180025095e-35 0.78601506452009773 3.5000000000000004 0.91455171459211881 0.11081302365864826
decision_type=10 2 8 2 2 10
left_child=1 3 4 -1 -2 -6
right_child=2 -3 -4 -5 5 -7
leaf_value=0.0044543922083317552 0.00012677725577210283 -0.0071551235070519007 0.0059045504879323895 -0.0040462754193446747 0.0083043017486731201 0.068650333166122443
leaf_weight=760 3324 1439 1649 1095 18.000000000000004 9.9999999999999982
leaf_count=760 3324 1439 1649 1095 18 10
internal_value=-4.19004e-05 -0.0034431 0.00219836 -0.000563522 0.000375116 0.0298565
internal_weight=8295 3294 5001 1855 3352 28
internal_count=8295 3294 5001 1855 3352 28
is_linear=0
shrinkage=0.02


Tree=137
num_leaves=7
num_cat=0
split_feature=2 4 1 13 1 1
split_gain=152.438 97.6272 82.5281 80.6523 102.545 84.5388
threshold=0.51315574647654727 72.856231493762024 0.19826241273320808 0.13959504247736373 0.28446107708104923 0.24085844693296846
decision_type=10 10 10 2 10 10
left_child=-1 2 -2 5 -5 -3
right_child=1 3 -4 4 -6 -7
leaf_value=-0.0025925906274752485 -0.00025711640527849701 0.0097707752310012656 0.007770027919878018 0.043911823681913889 -0.013988437876105309 -0.014814314784542206
leaf_weight=4399 2552 573 641 52 15.999999999999998 62
leaf_count=4399 2552 573 641 52 16 62
internal_value=-4.10624e-05 0.00283989 0.00135435 0.00958715 0.0302882 0.00737034
internal_weight=8295 3896 3193 703 68 635
internal_count=8295 3896 3193 703 68 635
is_linear=0
shrinkage=0.02


Tree=138
num_leaves=7
num_cat=0
split_feature=1 2 9 12 5 14
split_gain=148.188 79.6408 72.2755 68.0207 66.2076 67.245
threshold=0.049145895152485929 0.78601506452009773 1.5000000000000002 0.6151470588235296 0.35468241612763562 73.718750000000014
decision_type=10 8 2 2 2 2
left_child=2 -2 3 -1 5 -5
right_child=1 -3 -4 4 -6 -7
leaf_value=-0.0019093147822331958 0.00035904613861166497 0.0057276829517078787 -0.0049328554900710513 0.0058842776653252873 0.051795708854993183 0.058991443753242501
leaf_weight=512 3352 1649 2551 206 14.999999999999998 9.9999999999999982
leaf_count=512 3352 1649 2551 206 15 10
internal_value=-4.02412e-05 0.00212927 -0.00333402 0.00215537 0.0111646 0.00834294
internal_weight=8295 5001 3294 743 231 216
internal_count=8295 5001 3294 743 231 216
is_linear=0
shrinkage=0.02


Tree=139
num_leaves=7
num_cat=0
split_feature=2 4 1 13 3 1
split_gain=142.639 93.622 78.2868 77.1474 107.726 98.4522
threshold=0.51315574647654727 72.856231493762024 0.19826241273320808 0.13959504247736373 0.15178227682682316 0.28446107708104923
decision_type=10 10 10 2 10 10
left_child=-1 2 -2 4 -3 -5
right_child=1 3 -4 5 -6 -7
leaf_value=-0.0025075958506307399 -0.00027687609269962772 0.0094068007114834172 0.007541280783416468 0.042950006181804036 -0.023378669058167656 -0.013782958015799523
leaf_weight=4399 2552 592 641 52 43 15.999999999999998
leaf_count=4399 2552 592 641 52 43 16
internal_value=-3.94364e-05 0.00274738 0.00129263 0.00935479 0.00718668 0.0296011
internal_weight=8295 3896 3193 703 635 68
internal_count=8295 3896 3193 703 635 68
is_linear=0
shrinkage=0.02


Tree=140
num_leaves=7
num_cat=0
split_feature=3 10 4 12 3 0
split_gain=140.082 61.6551 57.5525 61.1902 64.7999 71.8868
threshold=0.078902625764798645 0.22514822134387355 72.737612090714066 0.38939338235294124 0.12840908047425151 0.24879837026431986
decision_type=10 2 10 2 10 10
left_child=1 -1 3 -2 -5 -6
right_child=2 -3 -4 4 5 -7
leaf_value=-0.0024779418034798239 -0.0036653215173665724 0.044928656599738381 0.008204922330825851 0.00068645897917072804 0.0093209184648003433 -0.012728068800643087
leaf_weight=4583 661 10.999999999999998 666 1459 780 64
leaf_count=4583 661 11 666 1459 780 64
internal_value=-4.41668e-05 -0.00236443 0.00289228 0.00169854 0.00323806 0.00764896
internal_weight=8224 4594 3630 2964 2303 844
internal_count=8224 4594 3630 2964 2303 844
is_linear=0
shrinkage=0.02


Tree=141
num_leaves=7
num_cat=0
split_feature=3 10 2 4 4 0
split_gain=134.535 59.2136 57.8228 59.7565 51.7672 54.8329
threshold=0.078902625764798645 0.22514822134387355 0.22755587949465503 64.248197195393871 71.660368296254873 0.18157169604411805
decision_type=10 2 10 10 8 10
left_child=1 4 -2 -4 5 -1
right_child=2 -3 3 -5 -6 -7
leaf_value=-0.0039424276031068788 -0.0074302263682199743 0.044030084339055149 -0.0016559125823655662 0.0048214034777761686 0.0008714215376242118 0.042962902009487151
leaf_weight=3229 207 10.999999999999998 722 2701 1344 9.9999999999999982
leaf_count=3229 207 11 722 2701 1344 10
internal_value=-4.32835e-05 -0.00231714 0.00283443 0.00345517 -0.00242838 -0.00379761
internal_weight=8224 4594 3630 3423 4583 3239
internal_count=8224 4594 3630 3423 4583 3239
is_linear=0
shrinkage=0.02


Tree=142
num_leaves=7
num_cat=0
split_feature=2 2 13 3 3 14
split_gain=130.516 62.8187 66.6125 66.3703 56.3725 62.6856
threshold=0.72234427795969214 0.22755587949465503 0.14203535040921197 0.19618266053864916 0.057896637617761149 68.849264705882362
decision_type=10 8 2 8 10 2
left_child=1 -1 4 -4 -3 -6
right_child=-2 2 3 -5 5 -7
leaf_value=-0.007086181297382527 0.0044407757135660588 -0.0030998485133488019 0.0036165656845691617 0.029497196110034429 -0.0013628007644577243 0.0052264467364515023
leaf_weight=704 1974 2840 149 54 1599 904
leaf_count=704 1974 2840 149 54 1599 904
internal_value=-4.24178e-05 -0.00145839 -0.000744007 0.0105011 -0.00117125 0.00101702
internal_weight=8224 6250 5546 203 5343 2503
internal_count=8224 6250 5546 203 5343 2503
is_linear=0
shrinkage=0.02


Tree=143
num_leaves=7
num_cat=0
split_feature=13 3 4 6 2 4
split_gain=126.387 84.3984 76.2072 75.1511 68.1817 51.2308
threshold=0.081536023500309224 0.1216216045172866 64.181620240621129 1.2415437319327809 0.59771940793520539 72.370366594144414
decision_type=2 10 10 2 8 10
left_child=1 -1 -3 -4 -2 -6
right_child=4 2 3 -5 5 -7
leaf_value=-0.0029052095540344327 -0.00088772465407729471 -0.0084354394184494464 0.0087598742511451107 0.053162081539630889 0.0036251796527057801 0.0115735816932225
leaf_weight=4468 1175 108 324 15.999999999999998 1734 399
leaf_count=4468 1175 108 324 16 1734 399
internal_value=-4.15694e-05 -0.00207541 0.00620037 0.0108494 0.00298091 0.00511201
internal_weight=8224 4916 448 340 3308 2133
internal_count=8224 4916 448 340 3308 2133
is_linear=0
shrinkage=0.02


Tree=144
num_leaves=7
num_cat=0
split_feature=2 4 14 3 0 14
split_gain=121.954 75.9873 80.7523 82.8667 83.6634 78.0285
threshold=0.72234427795969214 72.737612090714066 68.343750000000014 0.15178227682682316 0.19589541283029285 67.66727941176471
decision_type=10 10 2 10 10 2
left_child=-1 -2 5 4 -4 -3
right_child=1 2 3 -5 -6 -7
leaf_value=-0.001409474591061659 0.0024271021265397717 0.0079742426854263766 0.018243384563782872 -0.010141363797649261 0.05081996654346585 -0.029745007295299462
leaf_weight=6250 1610 117 149 31 40 27
leaf_count=6250 1610 117 149 31 40 27
internal_value=-4.07381e-05 0.0042929 0.0125455 0.0201667 0.0251379 0.000901883
internal_weight=8224 1974 364 220 189 144
internal_count=8224 1974 364 220 189 144
is_linear=0
shrinkage=0.02


Tree=145
num_leaves=7
num_cat=0
split_feature=10 14 3 4 4 4
split_gain=147.842 104.106 96.3413 87.1311 71.447 64.673
threshold=0.15107396317166907 72.312500000000014 0.065710147996302606 79.660240631010751 64.119023022307772 62.897779841282421
decision_type=2 2 10 10 10 10
left_child=2 3 -1 -2 -3 -4
right_child=1 4 5 -5 -6 -7
leaf_value=-0.0031729724414717359 0.0037244708525237631 0.052673421123853092 -0.0051245927312420815 0.048069119511379141 0.015840677537091143 0.0027457289829970195
leaf_weight=3746 1154 26 493 18 111 2732
leaf_count=3746 1154 26 493 18 111 2732
internal_value=0.000166674 0.00633392 -0.0009914 0.00440553 0.0228308 0.00154261
internal_weight=8280 1309 6971 1172 137 3225
internal_count=8280 1309 6971 1172 137 3225
is_linear=0
shrinkage=0.02


Tree=146
num_leaves=7
num_cat=0
split_feature=2 4 2 10 7 13
split_gain=156.382 96.3638 63.5994 62.1265 53.024 72.9873
threshold=0.66158076300004509 62.897779841282421 0.34283205218441454 0.19245945789830901 3.5000000000000004 0.11099488609948861
decision_type=10 10 8 2 2 2
left_child=2 3 -1 -2 -3 -6
right_child=1 4 -4 -5 5 -7
leaf_value=-0.0051158729554081741 -0.0078279890217493441 0.0019071714072195342 -0.00037681095613206327 0.015064571624452419 0.0045587187150123122 0.014098008892951755
leaf_weight=1547 344 779 4230 55 780 545
leaf_count=1547 344 779 4230 55 780 545
internal_value=0.000163341 0.00433904 -0.00164587 -0.00467237 0.00604796 0.00848243
internal_weight=8280 2503 5777 399 2104 1325
internal_count=8280 2503 5777 399 2104 1325
is_linear=0
shrinkage=0.02


Tree=147
num_leaves=7
num_cat=0
split_feature=2 4 2 5 12 3
split_gain=150.19 92.5478 61.0809 60.9064 74.027 62.6991
threshold=0.66158076300004509 62.897779841282421 0.34283205218441454 1.0000000180025095e-35 0.79107142857142876 0.13165621946483963
decision_type=10 10 8 2 2 10
left_child=2 3 -1 4 -2 -6
right_child=1 -3 -4 -5 5 -7
leaf_value=-0.0050135555482818221 -0.0027584810252301397 0.0059269981157066068 -0.00036927480715900511 -0.010939084390799205 0.012053289573501658 0.06699733008941014
leaf_weight=1547 120 2104 4230 240 27 11.999999999999998
leaf_count=1547 120 2104 4230 240 27 12
internal_value=0.000160074 0.00425226 -0.00161295 -0.00457893 0.00502131 0.0289591
internal_weight=8280 2503 5777 399 159 39
internal_count=8280 2503 5777 399 159 39
is_linear=0
shrinkage=0.02


Tree=148
num_leaves=7
num_cat=0
split_feature=10 14 1 4 4 10
split_gain=134.389 100.243 84.9825 83.3598 69.2808 62.7819
threshold=0.15107396317166907 72.312500000000014 0.031139757384006182 79.660240631010751 64.119023022307772 0.15365885937145515
decision_type=2 2 10 10 10 2
left_child=2 3 -1 5 -3 -2
right_child=1 4 -4 -5 -6 -7
leaf_value=-0.0041178227880937744 0.031555562134711973 0.051611475228117064 0.00059074975777809581 0.046852746338893969 0.01534138455449998 0.0027033313363749047
leaf_weight=2277 31 26 4694 18 111 1123
leaf_count=2277 31 26 4694 18 111 1123
internal_value=0.000156872 0.00603683 -0.000947253 0.00414455 0.0222248 0.00347839
internal_weight=8280 1309 6971 1172 137 1154
internal_count=8280 1309 6971 1172 137 1154
is_linear=0
shrinkage=0.02


Tree=149
num_leaves=7
num_cat=0
split_feature=2 4 5 12 3 2
split_gain=140.955 88.8479 58.5247 70.8776 60.3373 57.985
threshold=0.66158076300004509 62.897779841282421 1.0000000180025095e-35 0.79107142857142876 0.13165621946483963 0.34283205218441454
decision_type=10 10 2 2 10 8
left_child=5 2 3 -2 -5 -1
right_child=1 -3 -4 4 -6 -7
leaf_value=-0.0048772212427829493 -0.0027365793632343409 0.0057590383932551708 -0.010769305953135093 0.011714640750929163 0.065613879561424254 -0.00035216804092830315
leaf_weight=1547 120 2104 240 27 11.999999999999998 4230
leaf_count=1547 120 2104 240 27 12 4230
internal_value=0.000153735 0.00411812 -0.00453474 0.00487593 0.028299 -0.00156391
internal_weight=8280 2503 399 159 39 5777
internal_count=8280 2503 399 159 39 5777
is_linear=0
shrinkage=0.02


Tree=150
num_leaves=7
num_cat=0
split_feature=13 7 14 1 13 5
split_gain=149.697 51.4501 73.5877 68.8533 80.0976 64.1721
threshold=0.078670747373989283 3.5000000000000004 71.781250000000014 0.23347859767817006 0.043074003795066422 -0.21149615483388176
decision_type=2 2 2 10 2 2
left_child=1 3 -3 -1 -5 -4
right_child=-2 2 5 4 -6 -7
leaf_value=-0.0035298145799843466 0.003442407009442637 -0.00027429233366685666 -0.015233995582422484 -0.0033631622791290279 0.067052920311689371 0.021388427540659904
leaf_weight=3526 3364 1139 23 14 12 114
leaf_count=3526 3364 1139 23 14 12 114
internal_value=0.000203511 -0.00205325 0.00139144 -0.0032907 0.0291366 0.0152401
internal_weight=8192 4828 1276 3552 26 137
internal_count=8192 4828 1276 3552 26 137
is_linear=0
shrinkage=0.02


Tree=151
num_leaves=7
num_cat=0
split_feature=7 4 2 14 0 10
split_gain=140.408 96.2636 73.3184 65.883 48.78 46.4655
threshold=3.5000000000000004 62.727612678754895 0.51878552734246641 74.000000000000014 0.17655813341595483 0.099944875405132569
decision_type=2 8 8 2 8 2
left_child=5 -2 -3 -4 -5 -1
right_child=1 2 3 4 -6 -7
leaf_value=-0.0030438938037767654 -0.0047103127065409259 -0.00053042849695712736 0.0061106032756028782 0.011562523621099966 0.051682028087194673 0.0017267670710410538
leaf_weight=3750 509 777 2063 27 22 1044
leaf_count=3750 509 777 2063 27 22 1044
internal_value=0.000199441 0.0033095 0.00472247 0.006655 0.0295754 -0.00200498
internal_weight=8192 3398 2889 2112 49 4794
internal_count=8192 3398 2889 2112 49 4794
is_linear=0
shrinkage=0.02


Tree=152
num_leaves=7
num_cat=0
split_feature=13 2 10 1 1 2
split_gain=140.145 56.0058 52.0232 62.4323 69.4814 68.5498
threshold=0.078670747373989283 0.59771940793520539 0.10350005220825891 0.20827936843024286 0.1917158057159277 0.8000048956741117
decision_type=2 8 2 10 10 10
left_child=2 -2 3 4 -1 -5
right_child=1 -3 -4 5 -6 -7
leaf_value=-0.0030789472048550919 -0.00017232727299857734 0.0052311133322703283 0.0023167743778794709 -0.007076100111007691 -0.046207052469253544 0.04555175011808222
leaf_weight=3862 1184 2180 911 18 14.999999999999998 22
leaf_count=3862 1184 2180 911 18 15 22
internal_value=0.000195452 0.00332931 -0.00198812 -0.00298934 -0.00324581 0.0218692
internal_weight=8192 3364 4828 3917 3877 40
internal_count=8192 3364 4828 3917 3877 40
is_linear=0
shrinkage=0.02


Tree=153
num_leaves=7
num_cat=0
split_feature=13 2 4 12 4 10
split_gain=134.595 53.788 65.5908 53.0627 51.7642 71.0348
threshold=0.078670747373989283 0.59771940793520539 60.998661905251438 0.90142857142857158 66.825252240971665 0.1283940279992912
decision_type=2 8 8 2 8 2
left_child=4 -2 3 -3 -1 -6
right_child=1 2 -4 -5 5 -7
leaf_value=-0.0044816335705202843 -0.00016888071815874601 -0.011168946777337364 0.0060829448096062491 0.02966834936823164 -0.0011251201787021304 0.011033818849771854
leaf_weight=1934 1184 140 2026 13.999999999999998 2687 207
leaf_count=1934 1184 140 2026 14 2687 207
internal_value=0.000191543 0.00326272 0.00512649 -0.00745647 -0.00194836 -0.000255424
internal_weight=8192 3364 2180 154 4828 2894
internal_count=8192 3364 2180 154 4828 2894
is_linear=0
shrinkage=0.02


Tree=154
num_leaves=7
num_cat=0
split_feature=11 3 1 5 5 11
split_gain=129.697 68.2805 44.8675 69.1476 52.2923 40.2381
threshold=0.093442239453461723 0.034471109040074562 0.23347859767817006 -0.093795531523338735 0.15944160061029536 0.30195172007119703
decision_type=2 8 10 2 2 2
left_child=2 -2 -1 -4 -5 -3
right_child=1 5 3 4 -6 -7
leaf_value=-0.0021877297243208934 -0.0089120466662570823 0.0039782961839936347 -0.025322064378044823 0.058530812785029411 0.0081550638991243693 -0.015957740561173456
leaf_weight=4628 180 3299 10.999999999999998 15.999999999999998 17 41
leaf_count=4628 180 3299 11 16 17 41
internal_value=0.000187712 0.00308692 -0.00199662 0.0181042 0.0325797 0.00373357
internal_weight=8192 3520 4672 44 33 3340
internal_count=8192 3520 4672 44 33 3340
is_linear=0
shrinkage=0.02


Tree=155
num_leaves=7
num_cat=0
split_feature=4 10 12 5 4 10
split_gain=119.724 91.3792 78.3595 81.3393 80.5047 74.0602
threshold=71.540166436067224 0.15107396317166907 0.85585714285714298 0.45759299497609246 72.204905448607235 0.2215007215007215
decision_type=8 2 2 2 10 2
left_child=-1 -2 3 -3 -4 -6
right_child=1 2 4 -5 5 -7
leaf_value=-0.0017923290501243019 0.0017043714945976396 0.015023411460095445 0.021207446912924449 0.055943552056948349 -0.023885845446073618 0.01589893027312226
leaf_weight=6005 1857 260 45 21 61 27
leaf_count=6005 1857 260 45 21 61 27
internal_value=-0.000313007 0.00359863 0.0120953 0.0180815 -0.000552108 -0.0116792
internal_weight=8276 2271 414 281 133 88
internal_count=8276 2271 414 281 133 88
is_linear=0
shrinkage=0.02


Tree=156
num_leaves=7
num_cat=0
split_feature=4 2 12 4 9 1
split_gain=114.983 105.379 77.1149 97.159 72.2809 70.0793
threshold=71.540166436067224 0.6238080385160677 0.85585714285714298 71.923383986871031 3.5000000000000004 0.052775609528756616
decision_type=8 10 2 10 2 10
left_child=5 -2 4 -4 -3 -1
right_child=1 2 3 -5 -6 -7
leaf_value=-0.0044708674028408344 0.00067162362790264599 0.0011868010984351304 0.046978643490717967 -0.010953609170611807 0.017305840085311212 -3.6732046152057145e-05
leaf_weight=2329 1578 151 12.999999999999998 106 423 3676
leaf_count=2329 1578 151 13 106 423 3676
internal_value=-0.000306747 0.00352666 0.0100277 -0.00462488 0.0130655 -0.00175648
internal_weight=8276 2271 693 119 574 6005
internal_count=8276 2271 693 119 574 6005
is_linear=0
shrinkage=0.02


Tree=157
num_leaves=7
num_cat=0
split_feature=4 10 6 3 3 3
split_gain=110.43 87.416 73.5274 78.6425 88.4248 71.8764
threshold=71.540166436067224 0.15107396317166907 0.36042038087422695 0.13932449494423968 0.14351926505091658 0.04456698483769226
decision_type=8 2 2 8 8 10
left_child=5 -2 3 -3 -5 -1
right_child=1 2 -4 4 -6 -7
leaf_value=-0.0049826944060116203 0.0016033985903984524 -0.01115713194494178 0.019758514921702105 0.065499026974042251 0.0079148995884073276 -0.00025331590953623181
leaf_weight=1864 1857 88 218 11.999999999999998 96 4141
leaf_count=1864 1857 88 218 12 96 4141
internal_value=-0.000300612 0.00345612 0.0117665 0.00287751 0.0143131 -0.00172135
internal_weight=8276 2271 414 196 108 6005
internal_count=8276 2271 414 196 108 6005
is_linear=0
shrinkage=0.02


Tree=158
num_leaves=7
num_cat=0
split_feature=4 2 12 4 5 3
split_gain=106.057 100.033 74.6445 93.3615 80.3546 69.0301
threshold=71.540166436067224 0.6238080385160677 0.85585714285714298 71.923383986871031 0.13797183850488517 0.04456698483769226
decision_type=8 10 2 10 2 10
left_child=5 -2 4 -4 -3 -1
right_child=1 2 3 -5 -6 -7
leaf_value=-0.0048830405099488808 0.00060533356780235873 0.0065687115659323623 0.045890012429310727 -0.010898807155899705 0.021828139625747742 -0.00024824962000261281
leaf_weight=1864 1578 343 12.999999999999998 106 231 4141
leaf_count=1864 1578 343 13 106 231 4141
internal_value=-0.0002946 0.003387 0.00972102 -0.00469499 0.0127097 -0.00168693
internal_weight=8276 2271 693 119 574 6005
internal_count=8276 2271 693 119 574 6005
is_linear=0
shrinkage=0.02


Tree=159
num_leaves=7
num_cat=0
split_feature=4 10 12 5 4 10
split_gain=101.857 83.5866 71.2415 76.7351 72.9739 71.1299
threshold=71.540166436067224 0.15107396317166907 0.85585714285714298 0.45759299497609246 72.204905448607235 0.2215007215007215
decision_type=8 2 2 2 10 2
left_child=-1 -2 3 -3 -4 -6
right_child=1 2 4 -5 5 -7
leaf_value=-0.0016531872261057576 0.0015075717626292988 0.014183136507976226 0.020103088703420428 0.053928270141283673 -0.023170327010610309 0.01581943567014403
leaf_weight=6005 1857 260 45 21 61 27
leaf_count=6005 1857 260 45 21 61 27
internal_value=-0.000288708 0.00331926 0.0114456 0.0171534 -0.000613731 -0.0112076
internal_weight=8276 2271 414 281 133 88
internal_count=8276 2271 414 281 133 88
is_linear=0
shrinkage=0.02


Tree=160
num_leaves=7
num_cat=0
split_feature=2 9 3 6 10 1
split_gain=104.984 73.9851 77.6408 96.1276 70.7283 62.665
threshold=0.52933169235401745 15.500000000000002 0.13818818626850463 -0.84534333513946169 0.22483885819521182 0.27649408057721719
decision_type=10 2 10 2 2 10
left_child=4 2 -2 -4 5 -1
right_child=1 -3 3 -5 -6 -7
leaf_value=-0.0019857826447710601 0.0018091077123605706 -0.02242937644214734 0.06573194175958634 0.0085472097224635647 0.044848554501166704 0.043777293761571245
leaf_weight=4620 3064 46 11.999999999999998 584 12.999999999999998 11.999999999999998
leaf_count=4620 3064 46 12 584 13 12
internal_value=0.000266525 0.00277704 0.00309384 0.00969858 -0.00173648 -0.00186723
internal_weight=8351 3706 3660 596 4645 4632
internal_count=8351 3706 3660 596 4645 4632
is_linear=0
shrinkage=0.02


Tree=161
num_leaves=7
num_cat=0
split_feature=3 10 11 6 6 2
split_gain=101.215 99.9707 87.056 73.1542 63.3351 57.7794
threshold=0.13085646382976132 0.2215007215007215 0.25447485582432411 0.39399604604484539 -0.92973642392605227 0.46332907842570897
decision_type=10 2 2 2 2 8
left_child=1 5 3 -3 -2 -1
right_child=4 2 -4 -5 -6 -7
leaf_value=-0.0034181559969990454 0.041821316119871645 0.01171189188957214 0.004936847761273384 0.078711952082812786 0.005017543297874366 0.00040910503266496524
leaf_weight=2378 19 11.000000000000002 40 15.999999999999998 1198 4689
leaf_count=2378 19 11 40 16 1198 4689
internal_value=0.000261195 -0.000648218 0.0236671 0.0514156 0.00559213 -0.000878744
internal_weight=8351 7134 67 27 1217 7067
internal_count=8351 7134 67 27 1217 7067
is_linear=0
shrinkage=0.02


Tree=162
num_leaves=7
num_cat=0
split_feature=3 10 1 14 11 14
split_gain=97.2064 96.0119 86.9649 61.6062 76.9475 74.8219
threshold=0.13085646382976132 0.2215007215007215 0.1331080257916292 69.500000000000014 0.096680514248847368 67.727941176470594
decision_type=10 2 10 2 2 2
left_child=1 -1 -3 4 -2 -6
right_child=3 2 -4 -5 5 -7
leaf_value=-0.000861168792075606 -0.0081202472872858832 0.062271105296471542 0.0099074648514390004 0.011344678274205083 0.0099173838920335808 -0.0078331548901519072
leaf_weight=7067 215 17 50 451 429 122
leaf_count=7067 215 17 50 451 429 122
internal_value=0.000255971 -0.000635253 0.0231938 0.00548029 0.00202749 0.00598714
internal_weight=8351 7134 67 1217 766 551
internal_count=8351 7134 67 1217 766 551
is_linear=0
shrinkage=0.02


Tree=163
num_leaves=7
num_cat=0
split_feature=2 9 3 10 5 1
split_gain=97.0765 70.8718 70.0291 62.7467 60.4286 59.3758
threshold=0.52933169235401745 15.500000000000002 0.13818818626850463 0.22483885819521182 0.75276420193732652 0.27649408057721719
decision_type=10 2 10 2 2 10
left_child=3 2 -2 5 -4 -1
right_child=1 -3 4 -5 -6 -7
leaf_value=-0.0019137930559094865 0.0017548971444862444 -0.022005411334659743 0.0084157510817371977 0.042202573693715613 0.057997916460037234 0.042632055282592778
leaf_weight=4620 3064 46 586 12.999999999999998 9.9999999999999982 11.999999999999998
leaf_count=4620 3064 46 586 13 10 12
internal_value=0.000250851 0.00266497 0.00297503 -0.00167524 0.00924767 -0.00179839
internal_weight=8351 3706 3660 4645 596 4632
internal_count=8351 3706 3660 4645 596 4632
is_linear=0
shrinkage=0.02


Tree=164
num_leaves=7
num_cat=0
split_feature=2 14 4 14 3 1
split_gain=93.2323 80.7295 68.7097 71.9741 69.9432 69.4541
threshold=0.52933169235401745 68.718750000000014 61.599671206189619 69.593750000000014 0.11849815307362062 0.23756138235491892
decision_type=10 2 10 2 10 10
left_child=-1 -2 -3 5 -5 -4
right_child=1 2 3 4 -6 -7
leaf_value=-0.0016417385807658081 0.00032879635314334634 -0.0093713044798841658 0.021064087542665515 0.0018310894151012894 0.012742216119690465 -0.019863800472683376
leaf_weight=4645 2319 102 211 703 353 18
leaf_count=4645 2319 102 211 703 353 18
internal_value=0.000245834 0.00261167 0.00642852 0.00768267 0.00547846 0.017847
internal_weight=8351 3706 1387 1285 1056 229
internal_count=8351 3706 1387 1285 1056 229
is_linear=0
shrinkage=0.02


Tree=165
num_leaves=7
num_cat=0
split_feature=2 9 12 4 0 10
split_gain=95.0804 51.474 48.9609 47.9644 51.4607 49.8778
threshold=0.66158076300004509 15.500000000000002 0.93420955882352952 62.793384014655004 0.27962430941875588 0.19245945789830901
decision_type=10 2 2 10 10 2
left_child=2 3 -1 5 -5 -2
right_child=1 -3 -4 4 -6 -7
leaf_value=-0.0014539009678059115 -0.0054699775040278143 -0.022308112476621903 0.03599286211388452 0.0051691886093465193 -0.027068830758333204 0.015189061484954976
leaf_weight=5800 348 31 13.999999999999998 2043 20 54
leaf_count=5800 348 31 14 2043 20 54
internal_value=3.79851e-05 0.00330304 -0.00136373 0.00362512 0.00485665 -0.00269488
internal_weight=8310 2496 5814 2465 2063 402
internal_count=8310 2496 5814 2465 2063 402
is_linear=0
shrinkage=0.02


Tree=166
num_leaves=7
num_cat=0
split_feature=2 9 4 0 10 10
split_gain=91.3152 49.4356 46.065 49.4229 47.9026 70.6684
threshold=0.66158076300004509 15.500000000000002 62.793384014655004 0.27962430941875588 0.19245945789830901 0.20139251018792129
decision_type=10 2 10 10 2 2
left_child=-1 2 4 -4 -2 -6
right_child=1 -3 3 -5 5 -7
leaf_value=-0.0013364552649595904 -0.0053605780976385565 -0.021861950394607362 0.0050658048085438822 -0.026527453735470774 0.051777294596036277 0.00069604324606748727
leaf_weight=5814 348 31 2043 20 14.999999999999998 39
leaf_count=5814 348 31 2043 20 15 39
internal_value=3.72254e-05 0.00323698 0.00355262 0.00475952 -0.00264099 0.0148853
internal_weight=8310 2496 2465 2063 402 54
internal_count=8310 2496 2465 2063 402 54
is_linear=0
shrinkage=0.02


Tree=167
num_leaves=7
num_cat=0
split_feature=13 12 1 14 6 11
split_gain=73.4983 66.1714 91.8489 106.746 79.5986 64.9566
threshold=0.13251391804802645 0.50400568181818195 0.27649408057721719 65.63786764705884 -0.01578354708448201 0.21777896899848123
decision_type=2 2 10 2 2 2
left_child=-1 -2 5 -4 -5 -3
right_child=1 2 3 4 -6 -7
leaf_value=-0.00057358428096664831 -0.0032825124829121361 0.021395685693898867 0.033107398237500869 0.020092806327674122 -0.02727884094328133 0.0063034993640066666
leaf_weight=7519 227 215 21 18 67 243
leaf_count=7519 227 215 21 18 67 243
internal_value=3.64808e-05 0.00583557 0.00950544 -0.00727129 -0.0172472 0.0133883
internal_weight=8310 791 564 106 85 458
internal_count=8310 791 564 106 85 458
is_linear=0
shrinkage=0.02


Tree=168
num_leaves=7
num_cat=0
split_feature=2 12 13 1 5 0
split_gain=88.0977 63.1927 58.0304 78.8224 110.952 79.3421
threshold=0.46332907842570897 0.93420955882352952 0.13251391804802645 0.27649408057721719 0.55904360670611453 0.21064964636189212
decision_type=10 2 2 10 2 10
left_child=1 -1 -2 4 5 -4
right_child=2 -3 3 -5 -6 -7
leaf_value=-0.0022657171691447308 0.0010561830525996204 0.043699884663025539 0.0039871313648725025 -0.0074492255232371067 0.049006132051862522 0.022720475069070156
leaf_weight=3941 3736 11.999999999999998 358 113 29 121
leaf_count=3941 3736 12 358 113 29 121
internal_value=3.57513e-05 -0.00212618 0.00199722 0.00765859 0.0110192 0.00871935
internal_weight=8310 3953 4357 621 508 479
internal_count=8310 3953 4357 621 508 479
is_linear=0
shrinkage=0.02


Tree=169
num_leaves=7
num_cat=0
split_feature=14 11 6 9 3 3
split_gain=64.9261 58.7519 58.9255 73.6561 91.9615 56.5119
threshold=73.849264705882362 0.16070336712349853 0.0067082527346327232 5.5000000000000009 0.1143085931567676 0.05171870930911749
decision_type=2 2 2 2 10 10
left_child=5 -2 -3 4 -4 -1
right_child=1 2 3 -5 -6 -7
leaf_value=-0.0023682394363877079 0.0035820899042181484 -0.008209866533676783 0.053480858206748944 0.051672587887280519 -0.020734075725297715 0.0010628978400908865
leaf_weight=3175 195 18 11.000000000000002 36 17 4858
leaf_count=3175 195 18 11 36 17 4858
internal_value=3.50362e-05 0.00955507 0.0237591 0.0327504 0.00842179 -0.000293241
internal_weight=8310 277 82 64 28 8033
internal_count=8310 277 82 64 28 8033
is_linear=0
shrinkage=0.02


Tree=170
num_leaves=7
num_cat=0
split_feature=2 1 11 4 13 6
split_gain=84.767 48.8663 115.461 93.0131 72.2327 95.0492
threshold=0.78246233869975623 0.27649408057721719 0.13691416371175832 74.368364854590865 0.11286934541968101 0.11032669183019786
decision_type=10 8 2 10 2 2
left_child=-1 4 -3 -4 -2 -6
right_child=1 2 3 -5 5 -7
leaf_value=-0.00097537604881228453 0.0023850240951058055 0.037412506370317365 -0.0052801012244444714 -0.048701299975315734 -0.0015443394193781241 0.019072353945027851
leaf_weight=6823 875 21 111 24 131 282
leaf_count=6823 875 21 111 24 131 282
internal_value=-4.36989e-05 0.00435854 -0.0062132 -0.0129994 0.00563897 0.0125329
internal_weight=8267 1444 156 135 1288 413
internal_count=8267 1444 156 135 1288 413
is_linear=0
shrinkage=0.02


Tree=171
num_leaves=7
num_cat=0
split_feature=2 2 1 11 10 6
split_gain=81.4103 47.4898 46.9312 111.87 83.7454 120.073
threshold=0.78246233869975623 0.2320442599274328 0.27649408057721719 0.10715871606191323 0.20801363793550623 1.0723260605273646
decision_type=10 8 8 2 2 2
left_child=1 -1 4 -4 -2 -6
right_child=2 -3 3 -5 5 -7
leaf_value=-0.0057690379958564185 0.0036537813689089932 -0.00037743477909719285 0.052580806761980056 -0.010978085514507257 0.013361365652106104 0.07126142147928477
leaf_weight=732 1135 6091 11.999999999999998 144 137 15.999999999999998
leaf_count=732 1135 6091 12 144 137 16
internal_value=-4.2825e-05 -0.000955869 0.00427137 -0.00608894 0.00552619 0.0194163
internal_weight=8267 6823 1444 156 1288 153
internal_count=8267 6823 1444 156 1288 153
is_linear=0
shrinkage=0.02


Tree=172
num_leaves=7
num_cat=0
split_feature=3 10 14 14 14 2
split_gain=83.1403 114.377 112.052 107.937 74.2955 73.5468
threshold=0.1238899654205234 0.24063648029792165 69.152573529411782 67.727941176470594 64.788602941176478 0.76630678265734842
decision_type=10 2 2 2 2 10
left_child=1 -1 3 4 -2 -4
right_child=2 -3 5 -5 -6 -7
leaf_value=-0.0010757715480462329 -0.0060645399911901654 0.060724537372589114 0.0062884398220155978 -0.014446130761274082 0.0077076513770761189 0.021749972952862403
leaf_weight=6805 231 11.999999999999998 380 170 487 182
leaf_count=6805 231 12 380 170 487 182
internal_value=-4.19685e-05 -0.000966984 0.00430688 -0.000116131 0.00327677 0.0112956
internal_weight=8267 6817 1450 888 718 562
internal_count=8267 6817 1450 888 718 562
is_linear=0
shrinkage=0.02


Tree=173
num_leaves=7
num_cat=0
split_feature=3 14 14 13 12 14
split_gain=79.8479 107.615 103.663 72.0704 90.7911 71.3534
threshold=0.1238899654205234 69.152573529411782 67.727941176470594 0.14651735703644522 0.77828571428571436 64.788602941176478
decision_type=10 2 2 2 2 2
left_child=3 2 5 -1 -5 -2
right_child=1 -3 -4 4 -6 -7
leaf_value=-0.0012518679056761402 -0.0059432492342281649 0.011069644519104705 -0.014157208063146647 0.005783964939076792 0.047650350928306578 0.0075534982787678496
leaf_weight=6671 231 562 170 121 25 487
leaf_count=6671 231 562 170 121 25 487
internal_value=-4.11291e-05 0.00422074 -0.000113809 -0.000947644 0.0129529 0.00321123
internal_weight=8267 1450 888 6817 146 718
internal_count=8267 1450 888 6817 146 718
is_linear=0
shrinkage=0.02


Tree=174
num_leaves=7
num_cat=0
split_feature=3 14 14 2 1 12
split_gain=76.6859 103.354 99.5575 70.6344 111.541 77.8328
threshold=0.1238899654205234 69.152573529411782 67.727941176470594 0.76630678265734842 0.27649408057721719 0.77320833333333339
decision_type=10 2 2 10 10 2
left_child=-1 2 -2 5 -5 -3
right_child=1 3 -4 4 -6 -7
leaf_value=-0.00092869158553119616 0.0031470054563933927 0.008543024554527285 -0.013874063943129251 0.031666480462849138 -0.0020926020921845185 -0.025548823465561043
leaf_weight=6817 718 351 170 125 57 29
leaf_count=6817 718 351 170 125 57 29
internal_value=-4.03065e-05 0.00413633 -0.000111533 0.0108483 0.0210936 0.00594128
internal_weight=8267 1450 888 562 182 380
internal_count=8267 1450 888 562 182 380
is_linear=0
shrinkage=0.02


Tree=175
num_leaves=7
num_cat=0
split_feature=2 13 2 1 3 7
split_gain=86.5994 65.357 88.6311 66.5914 89.8852 52.0372
threshold=0.29007624106602675 0.13761836698231197 0.96669372629052852 0.29345524914410753 0.16404997802557769 2.5000000000000004
decision_type=8 2 8 10 10 2
left_child=-1 -2 3 -3 -5 -4
right_child=1 2 5 4 -6 -7
leaf_value=-0.0051530734470177607 0.00034278043661449341 0.0073348909009068285 0.067176141478121287 -0.036544910849946918 0.019015559454758961 0.021053393597029291
leaf_weight=1100 6668 399 11.999999999999998 33 18 53
leaf_count=1100 6668 399 12 33 18 53
internal_value=7.26961e-05 0.000872967 0.0077376 0.00458427 -0.0169353 0.0295684
internal_weight=8283 7183 515 450 51 65
internal_count=8283 7183 515 450 51 65
is_linear=0
shrinkage=0.02


Tree=176
num_leaves=7
num_cat=0
split_feature=2 2 13 3 12 14
split_gain=83.9534 57.6718 50.5454 69.5467 51.3631 39.0113
threshold=0.78246233869975623 0.29007624106602675 0.14651735703644522 0.087115753344644678 0.50059659090909103 61.441176470588239
decision_type=10 8 2 10 2 2
left_child=1 -1 -3 -4 -5 -2
right_child=5 2 3 4 -6 -7
leaf_value=-0.0050500119769564741 0.026642019613345544 -0.00040381383156773317 0.033834052670460482 -0.012741504976153372 0.011812861898095809 0.0039618007251650813
leaf_weight=1100 31 5540 39 50 107 1416
leaf_count=1100 31 5540 39 50 107 1416
internal_value=7.12423e-05 -0.000855136 -5.06798e-05 0.00993076 0.003993 0.00444769
internal_weight=8283 6836 5736 196 157 1447
internal_count=8283 6836 5736 196 157 1447
is_linear=0
shrinkage=0.02


Tree=177
num_leaves=7
num_cat=0
split_feature=2 2 13 2 4 13
split_gain=80.6289 55.388 48.5438 57.0142 46.3312 45.2235
threshold=0.78246233869975623 0.29007624106602675 0.14651735703644522 0.35924244574848252 57.022351797862008 0.17902930402930406
decision_type=10 8 2 10 10 2
left_child=1 -1 -3 -4 -2 -5
right_child=4 2 3 5 -6 -7
leaf_value=-0.004949011836658147 -0.016090719065693922 -0.00039573759025925132 0.030705470044716691 0.0096945761551520213 0.0049850405531021982 -0.016995521299540996
leaf_weight=1100 43 5540 41 123 1404 32
leaf_count=1100 43 5540 41 123 1404 32
internal_value=6.98174e-05 -0.000838034 -4.96663e-05 0.00973215 0.00435874 0.00418436
internal_weight=8283 6836 5736 196 1447 155
internal_count=8283 6836 5736 196 1447 155
is_linear=0
shrinkage=0.02


Tree=178
num_leaves=7
num_cat=0
split_feature=2 2 13 3 12 4
split_gain=77.436 53.1947 46.6215 64.7846 48.6832 44.4965
threshold=0.78246233869975623 0.29007624106602675 0.14651735703644522 0.087115753344644678 0.50059659090909103 57.022351797862008
decision_type=10 8 2 10 2 10
left_child=1 -1 -3 -4 -5 -2
right_child=5 2 3 4 -6 -7
leaf_value=-0.0048500315152600788 -0.015768904547358669 -0.00038782282318141443 0.032607910973139302 -0.012485443913936616 0.011419757970338949 0.0048853397631766996
leaf_weight=1100 43 5540 39 50 107 1404
leaf_count=1100 43 5540 39 50 107 1404
internal_value=6.8421e-05 -0.000821273 -4.86729e-05 0.0095375 0.00380664 0.00427156
internal_weight=8283 6836 5736 196 157 1447
internal_count=8283 6836 5736 196 157 1447
is_linear=0
shrinkage=0.02


Tree=179
num_leaves=7
num_cat=0
split_feature=2 2 9 10 2 14
split_gain=74.3695 51.0882 38.749 66.0758 44.7066 44.2233
threshold=0.78246233869975623 0.29007624106602675 1.0000000180025095e-35 0.18043769865570236 0.74051932906513696 71.031250000000014
decision_type=10 8 2 2 8 2
left_child=1 -1 3 -3 -4 -5
right_child=-2 2 4 5 -6 -7
leaf_value=-0.0047530308640604327 0.0041861335038604584 0.0029873688237548337 0.00039754434356181973 0.017799916644181523 -0.0041403231142651039 0.065489957928657527
leaf_weight=1100 1447 453 4139 35 1099 9.9999999999999982
leaf_count=1100 1447 453 4139 35 1099 10
internal_value=6.70526e-05 -0.000804848 -4.76995e-05 0.00528348 -0.000554559 0.0283977
internal_weight=8283 6836 5736 498 5238 45
internal_count=8283 6836 5736 498 5238 45
is_linear=0
shrinkage=0.02


Tree=180
num_leaves=7
num_cat=0
split_feature=7 4 5 14 6 2
split_gain=63.7719 57.8374 68.2393 65.6823 63.632 88.3506
threshold=3.5000000000000004 65.036424587922809 -0.013181810039881753 73.849264705882362 1.108242816057055 0.90257755135402051
decision_type=2 8 2 2 2 10
left_child=-1 -2 -3 4 -4 -6
right_child=1 2 3 -5 5 -7
leaf_value=-0.0013872519245826077 -0.002157909457533979 -0.000594464718803915 0.0043284361798512846 0.026049683620221913 0.013550299537094202 0.069534642879779521
leaf_weight=4826 911 934 1459 64 85 12.999999999999998
leaf_count=4826 911 934 1459 64 85 13
internal_value=9.91474e-05 0.00216878 0.00371149 0.00619253 0.00537631 0.0209768
internal_weight=8292 3466 2555 1621 1557 98
internal_count=8292 3466 2555 1621 1557 98
is_linear=0
shrinkage=0.02


Tree=181
num_leaves=7
num_cat=0
split_feature=7 4 5 14 2 1
split_gain=61.2465 55.547 65.537 63.0813 45.478 38.6507
threshold=3.5000000000000004 65.036424587922809 -0.013181810039881753 73.849264705882362 0.39967814945203844 1.0000000180025095e-35
decision_type=2 8 2 2 8 8
left_child=-1 -2 -3 4 5 -4
right_child=1 2 3 -5 -6 -7
leaf_value=-0.0013595069165968645 -0.0021147513431642598 -0.00058257535132888612 0.033858793301624245 0.025528689820785076 0.0067243350851271802 -0.0045246688080052928
leaf_weight=4826 911 934 10.999999999999998 64 1318 228
leaf_count=4826 911 934 11 64 1318 228
internal_value=9.71645e-05 0.00212541 0.00363726 0.00606868 0.00526878 -0.00275807
internal_weight=8292 3466 2555 1621 1557 239
internal_count=8292 3466 2555 1621 1557 239
is_linear=0
shrinkage=0.02


Tree=182
num_leaves=7
num_cat=0
split_feature=7 4 5 6 2 2
split_gain=58.8211 53.3473 62.9417 55.7879 84.4636 42.7777
threshold=3.5000000000000004 65.036424587922809 -0.013181810039881753 1.108242816057055 0.90257755135402051 0.39967814945203844
decision_type=2 8 2 2 10 10
left_child=-1 -2 -3 -4 5 -5
right_child=1 2 3 4 -6 -7
leaf_value=-0.0013323167545246301 -0.0020724563228179068 -0.00057092382466147321 0.0050010297288316579 -0.018675624313099045 0.068009463823758637 0.01953269162111812
leaf_weight=4826 911 934 1522 13.999999999999998 12.999999999999998 72
leaf_count=4826 911 934 1522 14 13 72
internal_value=9.52212e-05 0.0020829 0.00356452 0.00594731 0.0204951 0.0133127
internal_weight=8292 3466 2555 1621 99 86
internal_count=8292 3466 2555 1621 99 86
is_linear=0
shrinkage=0.02


Tree=183
num_leaves=7
num_cat=0
split_feature=10 6 2 5 3 14
split_gain=58.3622 106.645 121.14 65.8115 66.6918 59.0527
threshold=0.19894261397458093 1.0723260605273646 0.89843213794213106 0.25977468993169073 0.08888246460970646 72.029411764705898
decision_type=2 2 8 2 10 2
left_child=5 3 -3 -2 -5 -1
right_child=1 2 -4 4 -6 -7
leaf_value=-0.00087068616673562961 0.0090103164594620474 0.013017447963356972 0.088822410702705384 0.029936944524447125 -0.015508561914646498 0.0050269091241532931
leaf_weight=7096 300 24 12.999999999999998 14.999999999999998 93 751
leaf_count=7096 300 24 13 15 93 751
internal_value=9.33168e-05 0.00713924 0.0396516 0.00419082 -0.00919669 -0.000306255
internal_weight=8292 445 37 408 108 7847
internal_count=8292 445 37 408 108 7847
is_linear=0
shrinkage=0.02


Tree=184
num_leaves=7
num_cat=0
split_feature=7 11 11 6 5 5
split_gain=56.1216 52.8387 72.2346 56.2019 75.9508 112.652
threshold=3.5000000000000004 0.30195172007119703 0.23455551273761216 0.32073414948483553 -0.065805171473492408 0.046181131727979101
decision_type=2 2 2 2 2 2
left_child=-1 2 -2 -4 -5 -6
right_child=1 -3 3 4 5 -7
leaf_value=-0.0013029455281961964 0.0014744612406676415 -0.023961097257992916 0.001138877056769489 -0.004685454229159015 0.072055482123047118 0.019415495385758409
leaf_weight=4826 3196 31 97 35 20 87
leaf_count=4826 3196 31 97 35 20 87
internal_value=9.14504e-05 0.00203298 0.00226757 0.0128734 0.0208892 0.0292547
internal_weight=8292 3466 3435 239 142 107
internal_count=8292 3466 3435 239 142 107
is_linear=0
shrinkage=0.02


Tree=185
num_leaves=7
num_cat=0
split_feature=2 14 4 12 12 7
split_gain=63.1746 52.6152 43.8138 50.0087 94.2121 49.3006
threshold=0.34283205218441454 73.786764705882362 65.335500294077519 0.89100000000000013 0.92312500000000008 3.5000000000000004
decision_type=8 2 8 2 2 2
left_child=1 -1 3 -2 -5 -4
right_child=2 -3 5 4 -6 -7
leaf_value=-0.0042136874628113368 -0.002508538277612004 0.019924455331386745 -5.1693637870406215e-05 0.028507289195965443 -0.014950545728206635 0.0039833455139838712
leaf_weight=1521 1773 37 2602 56 31 2266
leaf_count=1521 1773 37 2602 56 31 2266
internal_value=-1.14358e-05 -0.00364045 0.000828932 -0.0017821 0.0130223 0.00182657
internal_weight=8286 1558 6728 1860 87 4868
internal_count=8286 1558 6728 1860 87 4868
is_linear=0
shrinkage=0.02


Tree=186
num_leaves=7
num_cat=0
split_feature=13 14 6 1 1 5
split_gain=62.205 54.5091 59.8176 62.525 68.142 99.285
threshold=0.062802049905623422 73.849264705882362 -0.37236721053329952 0.29345524914410753 0.18227298866092609 0.38088649205347996
decision_type=2 2 2 10 8 2
left_child=-1 -2 -3 4 -4 -6
right_child=1 2 3 -5 5 -7
leaf_value=-0.0021031217577504343 0.0010279578457876794 -0.018954566383645649 0.010172211995348335 -0.020192003846168517 0.024276179239535942 0.090062254828711358
leaf_weight=3372 4746 21 80 15.999999999999998 39 11.999999999999998
leaf_count=3372 4746 21 80 16 39 12
internal_value=-1.1207e-05 0.00142427 0.0126201 0.0171308 0.0216893 0.0397553
internal_weight=8286 4914 168 147 131 51
internal_count=8286 4914 168 147 131 51
is_linear=0
shrinkage=0.02


Tree=187
num_leaves=7
num_cat=0
split_feature=2 14 4 7 14 2
split_gain=60.2115 50.3825 41.8908 46.9391 46.9382 41.5705
threshold=0.34283205218441454 73.786764705882362 65.335500294077519 3.5000000000000004 74.000000000000014 0.44144808834139976
decision_type=8 2 8 2 2 8
left_child=1 -1 -2 -4 -5 -6
right_child=2 -3 3 4 5 -7
leaf_value=-0.0041148125363530972 -0.0017436431388502755 0.019505634203150466 -4.7788804344282413e-05 0.0033642496981593538 -0.012757597932448754 0.026691486691435177
leaf_weight=1521 1860 37 2602 2193 12.999999999999998 60
leaf_count=1521 1860 37 2602 2193 13 60
internal_value=-1.09829e-05 -0.00355386 0.000809441 0.00178494 0.00388943 0.0196663
internal_weight=8286 1558 6728 4868 2266 73
internal_count=8286 1558 6728 4868 2266 73
is_linear=0
shrinkage=0.02


Tree=188
num_leaves=7
num_cat=0
split_feature=13 14 6 5 11 4
split_gain=59.0241 50.9962 57.3037 46.8334 34.3813 76.9994
threshold=0.062802049905623422 73.849264705882362 -0.37236721053329952 0.45759299497609246 0.11719884965018902 70.413478860967928
decision_type=2 2 2 2 2 10
left_child=4 -2 -3 -4 -1 -6
right_child=1 2 3 -5 5 -7
leaf_value=-0.0027080485928153942 0.0010042015881583451 -0.018687479403756917 0.012414576680247867 0.046852371841669085 0.011436300324186539 -0.0088447637575813851
leaf_weight=3047 4746 21 129 18 208 117
leaf_count=3047 4746 21 129 18 208 117
internal_value=-1.07632e-05 0.00138753 0.0122166 0.0166314 -0.00204849 0.00413512
internal_weight=8286 4914 168 147 3372 325
internal_count=8286 4914 168 147 3372 325
is_linear=0
shrinkage=0.02


Tree=189
num_leaves=7
num_cat=0
split_feature=3 11 13 6 14 6
split_gain=57.8358 44.9204 49.7378 86.8774 82.0536 54.3248
threshold=0.02833004825482726 0.30195172007119703 0.13029287656865499 0.36042038087422695 73.849264705882362 0.86013950451280052
decision_type=8 2 2 2 2 2
left_child=-1 2 -2 -4 -5 -6
right_child=1 -3 3 4 5 -7
leaf_value=-0.0047070272856218906 0.00011707768307155134 -0.018906022540115294 -0.0014013671039132185 0.0088965254085565399 0.056727188903093334 0.0033919922872023152
leaf_weight=931 6474 47 401 397 25 10.999999999999998
leaf_count=931 6474 47 401 397 25 11
internal_value=-1.0548e-05 0.000583935 0.000709281 0.00530631 0.0115183 0.0404303
internal_weight=8286 7355 7308 834 433 36
internal_count=8286 7355 7308 834 433 36
is_linear=0
shrinkage=0.02


Tree=190
num_leaves=7
num_cat=0
split_feature=3 9 14 13 13 8
split_gain=67.9906 56.4188 62.4959 50.7908 45.7678 46.4611
threshold=0.078902625764798645 4.5000000000000009 73.718750000000014 0.099501138839374156 0.14651735703644522 1.0000000180025095e-35
decision_type=10 2 2 2 2 2
left_child=1 2 4 -4 5 -1
right_child=-2 -3 3 -5 -6 -7
leaf_value=0.0028410859444899022 0.0023627303450302691 -0.0029099687558804921 0.013571199539077023 0.063303408861160287 0.023251944545966886 -0.0045183076929440078
leaf_weight=1053 3630 3023 46 9.9999999999999982 36 509
leaf_count=1053 3630 3023 46 10 36 509
internal_value=0.000308908 -0.00128514 0.00168454 0.022452 0.000956768 0.000442922
internal_weight=8307 4677 1654 56 1598 1562
internal_count=8307 4677 1654 56 1598 1562
is_linear=0
shrinkage=0.02


Tree=191
num_leaves=7
num_cat=0
split_feature=3 9 14 13 10 2
split_gain=65.2982 54.1846 60.0211 48.7795 44.0914 42.5934
threshold=0.078902625764798645 4.5000000000000009 73.718750000000014 0.099501138839374156 0.22483885819521182 0.45819774310266087
decision_type=10 2 2 2 2 10
left_child=1 2 4 -4 5 -1
right_child=-2 -3 3 -5 -6 -7
leaf_value=-0.0013842636420743804 0.0023154757319951654 -0.0028517693721965319 0.013299775597355937 0.062037341129034758 0.040841090923005884 0.0059099185284478273
leaf_weight=1142 3630 3023 46 9.9999999999999982 10.999999999999998 445
leaf_count=1142 3630 3023 46 10 11 445
internal_value=0.00030273 -0.00125944 0.00165085 0.0220029 0.000937632 0.000661049
internal_weight=8307 4677 1654 56 1598 1587
internal_count=8307 4677 1654 56 1598 1587
is_linear=0
shrinkage=0.02


Tree=192
num_leaves=7
num_cat=0
split_feature=3 9 13 8 6 2
split_gain=62.7124 52.0389 43.6067 47.8977 45.584 45.2805
threshold=0.078902625764798645 4.5000000000000009 0.14651735703644522 1.0000000180025095e-35 0.55722110582773177 0.48455699836011967
decision_type=10 2 2 2 2 10
left_child=1 2 3 -1 -4 -5
right_child=-2 -3 4 5 -6 -7
leaf_value=0.0034848480802823494 0.0022691662635121201 -0.0027947340288507257 0.0079134357512856898 -0.0058895393470903079 0.055038363436857862 0.013621748241613496
leaf_weight=1098 3630 3023 26 465 11.999999999999998 53
leaf_count=1098 3630 3023 26 465 12 53
internal_value=0.000296675 -0.00123425 0.00161783 0.00111985 0.022795 -0.00389321
internal_weight=8307 4677 1654 1616 38 518
internal_count=8307 4677 1654 1616 38 518
is_linear=0
shrinkage=0.02


Tree=193
num_leaves=7
num_cat=0
split_feature=3 9 2 0 6 5
split_gain=60.438 63.6399 98.8699 157.091 91.9555 92.4735
threshold=0.10893898652881577 10.500000000000002 0.82001342307893255 0.17505783109505677 0.015148339256149604 0.25426667222407873
decision_type=10 2 10 10 2 2
left_child=-1 -2 -3 -4 5 -5
right_child=1 2 3 4 -6 -7
leaf_value=-0.00069805448862062577 0.00067279105691842066 0.0041138890613573835 0.071551266271959651 0.011217061733560903 0.025058718261883613 -0.050321639060974123
leaf_weight=6218 1358 572 22 28 94 14.999999999999998
leaf_count=6218 1358 572 22 28 94 15
internal_value=0.000290742 0.00323394 0.00799185 0.0219428 0.0139764 -0.0102499
internal_weight=8307 2089 731 159 137 43
internal_count=8307 2089 731 159 137 43
is_linear=0
shrinkage=0.02


Tree=194
num_leaves=7
num_cat=0
split_feature=3 9 14 12 13 8
split_gain=58.6517 49.9782 57.4636 47.7036 41.7637 42.3316
threshold=0.078902625764798645 4.5000000000000009 73.718750000000014 0.54651442307692322 0.14651735703644522 1.0000000180025095e-35
decision_type=10 2 2 2 2 2
left_child=1 2 4 -4 5 -1
right_child=-2 -3 3 -5 -6 -7
leaf_value=0.0026998351604818368 0.0021924881541199683 -0.0027248782417527459 0.0043286619965607924 0.041341473806936008 0.022199156378499337 -0.0043248932454771636
leaf_weight=1053 3630 3023 30 26 36 509
leaf_count=1053 3630 3023 30 26 36 509
internal_value=0.000284927 -0.0011956 0.00159943 0.0215132 0.00090158 0.000410727
internal_weight=8307 4677 1654 56 1598 1562
internal_count=8307 4677 1654 56 1598 1562
is_linear=0
shrinkage=0.02


Tree=195
num_leaves=7
num_cat=0
split_feature=11 10 2 3 14 10
split_gain=72.1737 50.5276 78.5 40.9971 43.5785 38.332
threshold=0.30195172007119703 0.2215007215007215 0.93915304018014589 0.034471109040074562 73.849264705882362 0.16261629704584427
decision_type=2 2 8 8 2 2
left_child=1 3 -3 -1 5 -5
right_child=-2 2 -4 4 -6 -7
leaf_value=-0.0039530544636013328 -0.026851619750533892 0.0021748588059065689 0.033257871521843806 0.00035050185156399946 0.0086330003685574849 -0.0044766820874568578
leaf_weight=1159 41 117 45 5939 232 740
leaf_count=1159 41 117 45 5939 232 740
internal_value=-0.000381929 -0.000250095 0.010809 -0.0004721 0.000111669 -0.000184326
internal_weight=8273 8232 162 8070 6911 6679
internal_count=8273 8232 162 8070 6911 6679
is_linear=0
shrinkage=0.02


Tree=196
num_leaves=7
num_cat=0
split_feature=3 4 0 14 0 0
split_gain=41.27 36.1883 29.5177 40.8171 29.8072 59.6549
threshold=0.034471109040074562 62.001665877404243 0.039034075258565067 58.867647058823536 0.25583319972948537 0.22958278348691874
decision_type=8 8 8 2 10 10
left_child=-1 -2 -3 -4 5 -5
right_child=1 2 3 4 -6 -7
leaf_value=-0.0038739933987787739 -0.0038115419830661271 -0.0036248542279343123 0.039624802307649094 0.00091662762131090923 -0.012199950142582851 0.015169853768621882
leaf_weight=1159 800 573 10.999999999999998 5543 67 120
leaf_count=1159 800 573 11 5543 67 120
internal_value=-0.000374291 0.000195874 0.000703624 0.00113564 0.00106175 0.00121866
internal_weight=8273 7114 6314 5741 5730 5663
internal_count=8273 7114 6314 5741 5730 5663
is_linear=0
shrinkage=0.02


Tree=197
num_leaves=7
num_cat=0
split_feature=11 10 2 6 2 3
split_gain=69.392 47.9948 75.4674 86.8216 39.569 39.3587
threshold=0.30195172007119703 0.2215007215007215 0.93915304018014589 0.72797289989636826 0.18410936454655005 0.13085646382976132
decision_type=2 2 8 2 8 10
left_child=1 4 -3 -4 -1 -6
right_child=-2 2 3 -5 5 -7
leaf_value=-0.0059031183101423083 -0.026321387838844849 0.0020750987039417283 0.017702589599149568 0.084524086311459537 -0.00065725794322676694 0.0035982140276707461
leaf_weight=500 41 117 35 9.9999999999999982 6568 1002
leaf_count=500 41 117 35 10 6568 1002
internal_value=-0.000366805 -0.000237537 0.0105409 0.0325518 -0.000453906 -9.39841e-05
internal_weight=8273 8232 162 45 8070 7570
internal_count=8273 8232 162 45 8070 7570
is_linear=0
shrinkage=0.02


Tree=198
num_leaves=7
num_cat=0
split_feature=11 10 2 6 2 2
split_gain=66.6441 46.0942 72.4789 83.3835 38.0806 34.9183
threshold=0.30195172007119703 0.2215007215007215 0.93915304018014589 0.72797289989636826 0.22159340564586164 0.90602728263965326
decision_type=2 2 8 2 8 10
left_child=1 4 5 -4 -1 -3
right_child=-2 2 3 -5 -6 -7
leaf_value=-0.0049775802132993145 -0.025794959958733581 0.0060617768769921036 0.01734853778194104 0.08283360455185175 -2.8410439172136168e-05 -0.02760230060134615
leaf_weight=679 41 103 35 9.9999999999999982 7391 13.999999999999998
leaf_count=679 41 103 35 10 7391 14
internal_value=-0.000359469 -0.000232786 0.01033 0.0319008 -0.000444828 0.0020336
internal_weight=8273 8232 162 45 8070 117
internal_count=8273 8232 162 45 8070 117
is_linear=0
shrinkage=0.02


Tree=199
num_leaves=7
num_cat=0
split_feature=11 10 2 4 5 13
split_gain=64.005 44.2689 69.6088 37.6391 54.2063 67.7191
threshold=0.30195172007119703 0.2215007215007215 0.93915304018014589 70.657887596670619 0.12312537770470795 0.062397540983606566
decision_type=2 2 8 8 2 2
left_child=1 3 -3 -1 -5 -6
right_child=-2 2 -4 4 5 -7
leaf_value=-0.0013939553266327667 -0.025279060922017912 0.001992924930448206 0.031262758381664757 -0.00092586406933378544 -0.0011275640470429068 0.0088903055975349185
leaf_weight=5409 41 117 45 1539 452 670
leaf_count=5409 41 117 45 1539 452 670
internal_value=-0.00035228 -0.00022813 0.0101234 -0.000435931 0.00151144 0.00485459
internal_weight=8273 8232 162 8070 2661 1122
internal_count=8273 8232 162 8070 2661 1122
is_linear=0
shrinkage=0.02


Tree=200
num_leaves=7
num_cat=0
split_feature=3 10 3 12 4 6
split_gain=44.0253 69.4618 66.4694 54.3547 55.6236 71.7844
threshold=0.13748198061627093 0.24063648029792165 0.12599640042115157 0.92312500000000008 63.856213798554386 -0.84534333513946169
decision_type=10 2 10 2 10 2
left_child=1 -1 -3 4 -2 -6
right_child=3 2 -4 -5 5 -7
leaf_value=-0.00061694440448269736 -0.0051220272793853407 0.06973543860695576 -0.0015095162838697435 -0.0286801304128021 0.050290135105450953 0.0061171464209406412
leaf_weight=7336 189 11.000000000000002 9.9999999999999982 20 14.999999999999998 776
leaf_count=7336 189 11 10 20 15 776
internal_value=2.22188e-05 -0.000512969 0.0358093 0.00395959 0.00462571 0.00695481
internal_weight=8357 7357 21 1000 980 791
internal_count=8357 7357 21 1000 980 791
is_linear=0
shrinkage=0.02


Tree=201
num_leaves=7
num_cat=0
split_feature=3 10 3 12 4 10
split_gain=42.2819 66.7111 63.8372 52.2022 53.4209 59.4534
threshold=0.13748198061627093 0.24063648029792165 0.12599640042115157 0.92312500000000008 63.856213798554386 0.23402421652421654
decision_type=10 2 10 2 10 2
left_child=1 -1 -3 4 -2 -6
right_child=3 2 -4 -5 5 -7
leaf_value=-0.00060460548308447512 -0.0050195867605704481 0.068340729800137584 -0.0014793257564306259 -0.028106528728269044 0.0079231164268168969 -0.020333417889571961
leaf_weight=7336 189 11.000000000000002 9.9999999999999982 20 760 31
leaf_count=7336 189 11 10 20 760 31
internal_value=2.17744e-05 -0.000502709 0.0350931 0.0038804 0.00453319 0.00681572
internal_weight=8357 7357 21 1000 980 791
internal_count=8357 7357 21 1000 980 791
is_linear=0
shrinkage=0.02


Tree=202
num_leaves=7
num_cat=0
split_feature=14 5 11 11 11 0
split_gain=41.7777 56.8698 48.1725 108.762 47.8215 43.0392
threshold=73.786764705882362 -0.12240273723453381 0.27411769507948464 0.26455182853691056 0.16070336712349853 0.25583319972948537
decision_type=2 2 2 2 2 10
left_child=2 -2 3 5 -3 -1
right_child=1 4 -4 -5 -6 -7
leaf_value=-7.7507755666293511e-05 -0.0075144347347086294 0.0063612421681146225 -0.013719229886929194 0.039989302781996909 0.026157030090689658 -0.015505716433263806
leaf_weight=7831 80 173 105 27 68 73
leaf_count=7831 80 173 105 27 68 73
internal_value=2.1339e-05 0.00709663 -0.000261285 -8.3113e-05 0.0119468 -0.00022
internal_weight=8357 321 8036 7931 241 7904
internal_count=8357 321 8036 7931 241 7904
is_linear=0
shrinkage=0.02


Tree=203
num_leaves=7
num_cat=0
split_feature=3 10 3 14 5 2
split_gain=40.5543 64.4099 61.4338 45.0837 105.244 66.9393
threshold=0.13748198061627093 0.24063648029792165 0.12599640042115157 69.152573529411782 -0.099378067220733571 0.86105471045714754
decision_type=10 2 10 2 2 10
left_child=1 -1 -3 -2 -5 -6
right_child=3 2 -4 4 5 -7
leaf_value=-0.00059286802614505821 0.00032533336007883635 0.067099482146176406 -0.0013936222344636917 -0.0065045093469031645 0.012428899516016246 0.044528799015900178
leaf_weight=7336 599 11.000000000000002 9.9999999999999982 122 250 29
leaf_count=7336 599 11 10 122 250 29
internal_value=2.09121e-05 -0.000492745 0.0344837 0.00379988 0.00899005 0.0157654
internal_weight=8357 7357 21 1000 401 279
internal_count=8357 7357 21 1000 401 279
is_linear=0
shrinkage=0.02


Tree=204
num_leaves=7
num_cat=0
split_feature=14 11 11 2 13 4
split_gain=39.6242 46.8451 103.932 42.0982 56.6238 49.3736
threshold=73.786764705882362 0.27411769507948464 0.26455182853691056 0.88493542091843203 0.13959504247736373 69.385858327111933
decision_type=2 2 2 8 2 8
left_child=1 2 -1 -3 -5 -6
right_child=-2 3 -4 4 5 -7
leaf_value=-0.0002128625232688888 0.006911017618017312 -0.023662043279036881 0.039093521764432947 -0.024272238529390758 0.056499455094337452 -0.0026117099878879696
leaf_weight=7904 321 64 27 18 10.000000000000002 12.999999999999998
leaf_count=7904 321 64 27 18 10 13
internal_value=2.04939e-05 -0.00025475 -7.90493e-05 -0.013526 0.00229615 0.0230888
internal_weight=8357 8036 7931 105 41 23
internal_count=8357 8036 7931 105 41 23
is_linear=0
shrinkage=0.02


Tree=205
num_leaves=7
num_cat=0
split_feature=3 10 11 1 11 14
split_gain=62.7439 87.9467 59.0923 56.6621 46.4952 66.3652
threshold=0.13085646382976132 0.22483885819521182 0.29406606911068839 0.16063565284582967 0.19582113468121595 69.24264705882355
decision_type=10 2 2 10 2 2
left_child=1 2 -1 -3 5 -2
right_child=4 3 -4 -5 -6 -7
leaf_value=-0.00088392075065492869 0.0022212495092839542 0.058147806038459149 -0.031687487649917599 0.011687547632626125 -0.0026227607172204567 0.01350442832408328
leaf_weight=6988 555 14.999999999999998 25 35 302 334
leaf_count=6988 555 15 25 35 302 334
internal_value=-8.9235e-05 -0.000805287 -0.00099373 0.0256256 0.00415718 0.00646037
internal_weight=8254 7063 7013 50 1191 889
internal_count=8254 7063 7013 50 1191 889
is_linear=0
shrinkage=0.02


Tree=206
num_leaves=7
num_cat=0
split_feature=3 10 11 9 12 3
split_gain=60.2592 84.464 56.7523 51.6308 47.6131 45.7696
threshold=0.13085646382976132 0.22483885819521182 0.29406606911068839 4.5000000000000009 0.88544444444444459 0.13319980291190978
decision_type=10 2 2 2 2 10
left_child=1 2 -1 4 -3 -2
right_child=5 3 -4 -5 -6 -7
leaf_value=-0.0008662423191391985 0.018587844891496647 0.022458474114537236 -0.03105373774766922 0.0055868887901306154 0.079597791999578477 0.0030149184111600137
leaf_weight=6988 81 14.000000000000002 25 26 9.9999999999999982 1110
leaf_count=6988 81 14 25 26 10 1110
internal_value=-8.74502e-05 -0.000789182 -0.000973855 0.0251131 0.0462665 0.00407403
internal_weight=8254 7063 7013 50 24 1191
internal_count=8254 7063 7013 50 24 1191
is_linear=0
shrinkage=0.02


Tree=207
num_leaves=7
num_cat=0
split_feature=3 10 11 1 11 14
split_gain=57.873 81.1193 54.5049 52.7908 44.5357 63.7359
threshold=0.13085646382976132 0.22483885819521182 0.29406606911068839 0.16063565284582967 0.19582113468121595 69.24264705882355
decision_type=10 2 2 10 2 2
left_child=1 2 -1 -3 5 -2
right_child=4 3 -4 -5 -6 -7
leaf_value=-0.00084891751183657413 0.0020923951885386096 0.056002381707231201 -0.030432663178443908 0.011157337537833623 -0.0026429797526424294 0.013149796102340974
leaf_weight=6988 555 14.999999999999998 25 35 302 334
leaf_count=6988 555 15 25 35 302 334
internal_value=-8.57013e-05 -0.000773398 -0.000954378 0.0246109 0.00399255 0.00624669
internal_weight=8254 7063 7013 50 1191 889
internal_count=8254 7063 7013 50 1191 889
is_linear=0
shrinkage=0.02


Tree=208
num_leaves=7
num_cat=0
split_feature=11 2 11 10 9 10
split_gain=45.8181 50.4095 49.5727 50.2559 51.1727 39.3544
threshold=0.050822927903197777 0.28188957238494555 0.30195172007119703 0.2215007215007215 4.5000000000000009 0.21983804533609799
decision_type=2 8 2 2 2 2
left_child=-1 -2 3 5 -5 -3
right_child=1 2 -4 4 -6 -7
leaf_value=-0.0033683213406335627 -0.004037840594002637 0.0011564010741390662 -0.022170669742756419 0.028550986567125569 0.0043252570832184719 -0.030253298869356515
leaf_weight=1409 827 5811 36 53 102 15.999999999999998
leaf_count=1409 827 5811 36 53 102 16
internal_value=-8.39872e-05 0.000592072 0.00122832 0.00136914 0.0126089 0.00107016
internal_weight=8254 6845 6018 5982 155 5827
internal_count=8254 6845 6018 5982 155 5827
is_linear=0
shrinkage=0.02


Tree=209
num_leaves=7
num_cat=0
split_feature=10 9 4 12 2 4
split_gain=41.9973 61.9103 36.6729 61.4311 61.5343 58.056
threshold=0.2215007215007215 4.5000000000000009 71.428244390278948 0.85585714285714298 0.60009641360272747 72.204905448607235
decision_type=2 2 8 2 10 10
left_child=2 -2 -1 4 -4 -5
right_child=1 -3 3 5 -6 -7
leaf_value=-0.0011282659702103537 0.02651920966980658 0.0011381880808294866 0.00051688398049781824 0.0053083279433970652 0.0080357216617290977 -0.022859599402546886
leaf_weight=5828 58 114 1521 48 610 75
leaf_count=5828 58 114 1521 48 610 75
internal_value=-8.23075e-05 0.0096969 -0.000290427 0.00187591 0.00266916 -0.0118672
internal_weight=8254 172 8082 2254 2131 123
internal_count=8254 172 8082 2254 2131 123
is_linear=0
shrinkage=0.02


Tree=210
num_leaves=7
num_cat=0
split_feature=14 5 3 10 3 9
split_gain=43.7377 68.8747 82.8804 116.029 74.7737 49.4168
threshold=72.029411764705898 -0.11011973294380177 0.13818818626850463 0.073230599889928472 0.14351926505091658 9.5000000000000018
decision_type=2 2 10 2 8 2
left_child=-1 -2 -3 5 -5 -4
right_child=1 2 3 4 -6 -7
leaf_value=-0.00076281840283860423 -0.0051902245431243721 0.0042342596410684811 0.037828869361143838 0.056708468554111623 0.0044189083122688792 0.096965916101820773
leaf_weight=7509 229 482 13.000000000000002 12.999999999999998 69 9.9999999999999982
leaf_count=7509 229 482 13 13 69 10
internal_value=-0.000284937 0.00411262 0.00774184 0.0238433 0.0127087 0.0635406
internal_weight=8325 816 587 105 82 23
internal_count=8325 816 587 105 82 23
is_linear=0
shrinkage=0.02


Tree=211
num_leaves=7
num_cat=0
split_feature=14 5 6 11 11 5
split_gain=42.0057 66.1472 80.6425 55.25 85.7873 44.5225
threshold=72.029411764705898 -0.11011973294380177 0.8497489828635455 0.061680048312956745 0.061718815585874547 -0.51352941507089678
decision_type=2 2 2 2 2 2
left_child=-1 5 3 -3 -5 -2
right_child=1 2 -4 4 -6 -7
leaf_value=-0.0007475620515737944 0.01379736774214884 -0.0023774195281788708 -0.0090741514729470313 0.069345448924736541 0.012687883483587537 -0.00920469281214111
leaf_weight=7509 41 100 97 10.999999999999998 379 188
leaf_count=7509 41 100 97 11 379 188
internal_value=-0.000279238 0.00403037 0.00758701 0.0108852 0.0142859 -0.00508642
internal_weight=8325 816 587 490 390 229
internal_count=8325 816 587 490 390 229
is_linear=0
shrinkage=0.02


Tree=212
num_leaves=7
num_cat=0
split_feature=4 5 13 1 13 3
split_gain=41.5287 51.489 86.8442 79.3855 49.2381 42.981
threshold=71.323197820533451 0.083635789294095167 0.062397540983606566 0.18455446516415294 0.14651735703644522 0.096437104272364835
decision_type=8 2 2 10 2 10
left_child=5 -2 3 -3 -4 -1
right_child=1 2 4 -5 -6 -7
leaf_value=-0.0023867446996483715 -0.00088860824688385108 -0.00041144512696510426 0.0078785580853535202 -0.045801337193697694 0.029481298878788947 0.0012167086839616676
leaf_weight=3929 1239 420 679 15.999999999999998 45 1997
leaf_count=3929 1239 420 679 16 45 1997
internal_value=-0.000273654 0.00194647 0.00497463 -0.00207713 0.00922127 -0.00117242
internal_weight=8325 2399 1160 436 724 5926
internal_count=8325 2399 1160 436 724 5926
is_linear=0
shrinkage=0.02


Tree=213
num_leaves=7
num_cat=0
split_feature=11 4 5 13 12 13
split_gain=40.4194 41.059 48.9871 86.463 77.1947 46.2944
threshold=0.30195172007119703 71.323197820533451 0.083635789294095167 0.062397540983606566 0.89937500000000015 0.14651735703644522
decision_type=2 8 2 2 2 2
left_child=1 -1 -3 4 -4 -5
right_child=-2 2 3 5 -6 -7
leaf_value=-0.001064904326206709 -0.019838686957955362 -0.00073236758302470516 -0.00062210486478273517 0.0079417474336825784 -0.052062900314728426 0.028891672990388341
leaf_weight=5896 42 1231 423 676 11.999999999999998 45
leaf_count=5896 42 1231 423 676 12 45
internal_value=-0.000268181 -0.000168946 0.00204411 0.00500073 -0.00204116 0.0092493
internal_weight=8325 8283 2387 1156 435 721
internal_count=8325 8283 2387 1156 435 721
is_linear=0
shrinkage=0.02


Tree=214
num_leaves=7
num_cat=0
split_feature=14 5 3 3 8 0
split_gain=39.8453 62.8153 78.6096 72.081 47.9902 81.9753
threshold=72.029411764705898 -0.11011973294380177 0.13818818626850463 0.15178227682682316 1.0000000180025095e-35 0.060046975803275317
decision_type=2 2 8 8 2 10
left_child=-1 -2 -3 -4 -5 -6
right_child=1 2 3 4 5 -7
leaf_value=-0.00071893828814197471 -0.0049497101308603056 0.0022383502772914208 0.044719088229167307 0.0058494079294614497 0.0027479089512711481 0.058630540080013727
leaf_weight=7509 229 392 33 120 21 21
leaf_count=7509 229 392 33 120 21 21
internal_value=-0.000262817 0.0039345 0.00740041 0.0177775 0.0122894 0.0306892
internal_weight=8325 816 587 195 162 42
internal_count=8325 816 587 195 162 42
is_linear=0
shrinkage=0.02


Tree=215
num_leaves=7
num_cat=0
split_feature=2 4 12 12 3 2
split_gain=42.1733 36.5599 41.4896 35.6197 71.2477 53.3314
threshold=0.22159340564586164 62.001665877404243 0.89100000000000013 0.92062500000000014 0.065210547886666956 0.9145897620037845
decision_type=8 8 2 2 8 8
left_child=-1 2 -2 -3 -5 -6
right_child=1 3 -4 4 5 -7
leaf_value=-0.005167920748981392 -0.0044379941171002477 0.00084750929656202774 0.020290612104747977 0.033925163924694059 -0.026790619085542859 -0.0035646828848483235
leaf_weight=667 883 6439 28 14.999999999999998 60 116
leaf_count=667 883 6439 28 15 60 116
internal_value=-0.000347535 7.88274e-05 -0.00367795 0.00059503 -0.00791656 -0.0114826
internal_weight=8208 7541 911 6630 191 176
internal_count=8208 7541 911 6630 191 176
is_linear=0
shrinkage=0.02


Tree=216
num_leaves=7
num_cat=0
split_feature=2 4 12 5 12 3
split_gain=40.5033 35.1121 39.8466 82.0266 34.2091 68.4263
threshold=0.22159340564586164 62.001665877404243 0.89100000000000013 0.085823275416570907 0.92062500000000014 0.065210547886666956
decision_type=8 8 2 2 2 8
left_child=-1 2 -2 -4 -3 -6
right_child=1 4 3 -5 5 -7
leaf_value=-0.0050645622296881555 -0.0043492342371013416 0.00083055910672445732 0.049530310891568653 -0.019642547828455766 0.033246661514043804 -0.011252963243221694
leaf_weight=667 883 6439 16.000000000000004 11.999999999999998 14.999999999999998 176
leaf_count=667 883 6439 16 12 15 176
internal_value=-0.000340584 7.72509e-05 -0.00360439 0.0198848 0.000583129 -0.00775823
internal_weight=8208 7541 911 28 6630 191
internal_count=8208 7541 911 28 6630 191
is_linear=0
shrinkage=0.02


Tree=217
num_leaves=7
num_cat=0
split_feature=2 11 9 3 2 6
split_gain=38.8993 34.1874 32.8682 45.925 39.8757 36.2773
threshold=0.22159340564586164 0.30195172007119703 1.0000000180025095e-35 0.17558728788527259 0.85041515188933137 0.34550339348370412
decision_type=8 2 2 8 10 2
left_child=-1 2 5 -4 -5 -2
right_child=1 -3 3 4 -6 -7
leaf_value=-0.0049632709584515851 -0.00094377878233748629 -0.017918194433053335 0.00044928679221189365 -0.0038946114819167561 -0.042204537012360314 0.0098342666510020348
leaf_weight=667 223 42 6076 905 10.999999999999998 284
leaf_count=667 223 42 6076 905 11 284
internal_value=-0.000333772 7.57059e-05 0.000176485 -0.000180064 -0.00435467 0.00509363
internal_weight=8208 7541 7499 6992 916 507
internal_count=8208 7541 7499 6992 916 507
is_linear=0
shrinkage=0.02


Tree=218
num_leaves=7
num_cat=0
split_feature=2 4 12 12 3 2
split_gain=37.3589 33.5639 38.2158 32.9753 65.7452 51.1253
threshold=0.22159340564586164 62.001665877404243 0.89100000000000013 0.92062500000000014 0.065210547886666956 0.9145897620037845
decision_type=8 8 2 2 8 8
left_child=-1 2 -2 -3 -5 -6
right_child=1 3 -4 4 5 -7
leaf_value=-0.0048640055915962479 -0.004254812022460093 0.00081171891075022037 0.01947811798857791 0.032572742179036142 -0.026034389290337762 -0.0032939135630069105
leaf_weight=667 883 6439 28 14.999999999999998 60 116
leaf_count=667 883 6439 28 15 60 116
internal_value=-0.000327097 7.41918e-05 -0.00352537 0.000568792 -0.00762077 -0.0110463
internal_weight=8208 7541 911 6630 191 176
internal_count=8208 7541 911 6630 191 176
is_linear=0
shrinkage=0.02


Tree=219
num_leaves=7
num_cat=0
split_feature=9 2 11 6 10 11
split_gain=36.3692 55.3402 35.8855 33.8209 50.3917 33.6733
threshold=1.0000000180025095e-35 0.22159340564586164 0.30195172007119703 0.34550339348370412 0.061916474561521988 0.053236789116870638
decision_type=2 10 2 2 2 2
left_child=3 -2 -3 5 -5 -1
right_child=1 2 -4 4 -6 -7
leaf_value=0.015414658014367267 -0.004274073132867158 0.00025059905773010759 -0.019243792671906321 -0.0090532431918747564 0.013227014998877852 -0.0046383348269556021
leaf_weight=41 1391 6269 38 49 237 183
leaf_count=41 1391 6269 38 49 237 183
internal_value=-0.000320555 -0.000663223 0.000133144 0.00485172 0.00940977 -0.000967921
internal_weight=8208 7698 6307 510 286 224
internal_count=8208 7698 6307 510 286 224
is_linear=0
shrinkage=0.02


Tree=220
num_leaves=7
num_cat=0
split_feature=7 14 10 9 0 10
split_gain=45.8891 66.6306 40.7979 88.3322 56.3998 49.7865
threshold=3.5000000000000004 73.849264705882362 0.21238244514106586 4.5000000000000009 0.23768352245524127 0.21030639245614577
decision_type=2 2 2 2 10 2
left_child=-1 2 4 -4 5 -2
right_child=1 -3 3 -5 -6 -7
leaf_value=-0.0011878620962954471 0.0013161706589827579 0.01707764088234923 0.028400574006896089 0.0006179979495594607 -0.017122165635498107 -0.041309637572955006
leaf_weight=4833 3045 111 69 136 69 10.999999999999998
leaf_count=4833 3045 111 69 136 69 11
internal_value=6.89234e-05 0.00183412 0.001326 0.00996921 0.000759009 0.00116274
internal_weight=8274 3441 3330 205 3125 3056
internal_count=8274 3441 3330 205 3125 3056
is_linear=0
shrinkage=0.02


Tree=221
num_leaves=7
num_cat=0
split_feature=2 4 5 5 14 2
split_gain=42.9057 41.1406 39.5768 44.6778 51.6057 46.6663
threshold=0.22159340564586164 66.825252240971665 0.071516407742712229 0.26398706906539166 74.000000000000014 0.53167510018301922
decision_type=8 8 2 2 2 10
left_child=-1 -2 -3 -4 -5 -6
right_child=1 2 3 4 5 -7
leaf_value=-0.004844450712708742 -0.00132777321616456 -0.00021747497115205631 0.0062118887635777657 -6.6594208171138266e-06 0.0044481555620829267 0.053134433541979109
leaf_weight=655 3012 2252 1192 1131 18 13.999999999999998
leaf_count=655 3012 2252 1192 1131 18 14
internal_value=6.75449e-05 0.000489826 0.00167815 0.00349087 0.000701992 0.0257484
internal_weight=8274 7619 4607 2355 1163 32
internal_count=8274 7619 4607 2355 1163 32
is_linear=0
shrinkage=0.02


Tree=222
num_leaves=7
num_cat=0
split_feature=7 4 5 2 2 4
split_gain=43.7728 45.4299 45.5477 52.1807 78.5184 51.5784
threshold=3.5000000000000004 62.727612678754895 0.071516407742712229 0.78246233869975623 0.78957506222814688 68.363216887632078
decision_type=2 8 2 10 10 10
left_child=-1 -2 3 -3 -5 -6
right_child=1 2 -4 4 5 -7
leaf_value=-0.0011612694292742016 -0.0037188993982888541 -0.002134344418671285 0.00522250473847283 0.05283884058041232 -0.0043985320610756221 0.010419601086117483
leaf_weight=4833 510 1045 1477 13.999999999999998 154 241
leaf_count=4833 510 1045 1477 14 154 241
internal_value=6.6194e-05 0.00179021 0.0027488 0.000235972 0.00629216 0.0046424
internal_weight=8274 3441 2931 1454 409 395
internal_count=8274 3441 2931 1454 409 395
is_linear=0
shrinkage=0.02


Tree=223
num_leaves=7
num_cat=0
split_feature=7 14 10 9 11 14
split_gain=42.0394 63.0942 38.7733 84.8851 48.9677 56.2194
threshold=3.5000000000000004 73.849264705882362 0.21238244514106586 4.5000000000000009 0.27411769507948464 67.093750000000014
decision_type=2 2 2 2 2 2
left_child=-1 2 -2 -4 5 -5
right_child=1 -3 3 4 -6 -7
leaf_value=-0.0011380440389517194 0.00070720732882749286 0.016587885198023941 0.027754121211667857 0.039691064678132534 -0.013609305242435974 0.00088981735630560741
leaf_weight=4833 3125 111 69 20 57 59
leaf_count=4833 3125 111 69 20 57 59
internal_value=6.48702e-05 0.0017544 0.00125995 0.00968597 0.000519045 0.0107129
internal_weight=8274 3441 3330 205 136 79
internal_count=8274 3441 3330 205 136 79
is_linear=0
shrinkage=0.02


Tree=224
num_leaves=7
num_cat=0
split_feature=2 4 0 2 6 3
split_gain=40.6056 38.3722 31.2902 35.0347 72.4028 103.751
threshold=0.22159340564586164 66.825252240971665 0.26562853280627896 0.7960976877510294 1.1852935462156589 0.10000995447027529
decision_type=8 8 10 10 2 10
left_child=-1 -2 3 -3 -5 -6
right_child=1 2 -4 4 5 -7
leaf_value=-0.0047149490117742365 -0.0012809998392477474 0.00096527465530469789 -0.01984520267557215 0.0043484454894822623 -0.019148249864578245 0.058016613780156434
leaf_weight=655 3012 3815 27 732 9.9999999999999982 23
leaf_count=655 3012 3815 27 732 10 23
internal_value=6.35728e-05 0.000474379 0.00162202 0.00174858 0.00565485 0.0346333
internal_weight=8274 7619 4607 4580 765 33
internal_count=8274 7619 4607 4580 765 33
is_linear=0
shrinkage=0.02


Tree=225
num_leaves=7
num_cat=0
split_feature=4 5 13 5 4 0
split_gain=36.2029 55.1693 61.1345 57.291 55.1233 48.2444
threshold=76.321752803005168 0.081206107281928785 0.13761836698231197 0.046181131727979101 77.244060729952608 0.24879837026431986
decision_type=8 2 2 2 10 8
left_child=5 3 -3 -2 -4 -1
right_child=1 2 4 -5 -6 -7
leaf_value=-0.00021878448515538776 0.0012361380199852269 0.006378635731139456 0.058212994883457825 -0.020317872969566712 0.0063004158486922581 -0.0064991642990762776
leaf_weight=6831 414 434 18 56 14.999999999999998 527
leaf_count=6831 414 434 18 56 15 527
internal_value=-0.0001971 0.00350547 0.00837402 -0.001332 0.0346164 -0.000668602
internal_weight=8295 937 467 470 33 7358
internal_count=8295 937 467 470 33 7358
is_linear=0
shrinkage=0.02


Tree=226
num_leaves=7
num_cat=0
split_feature=2 11 11 2 0 11
split_gain=33.7895 39.2709 80.608 55.2025 41.6819 48.7177
threshold=0.29007624106602675 0.050822927903197777 0.052742004433740351 0.560043909393796 0.094759723317128647 0.030249144957242999
decision_type=8 2 2 10 10 2
left_child=-1 4 3 -3 -2 -6
right_child=1 2 -4 -5 5 -7
leaf_value=-0.0033926868198490175 -0.0013271624359770307 0.0073482485725121062 0.00077535693409048632 0.053886831402778626 0.0019032583564100132 -0.018753662553499452
leaf_weight=1139 961 22 5955 19 71 128
leaf_count=1139 961 22 5955 19 71 128
internal_value=-0.000193158 0.000316101 0.000967772 0.0289149 -0.00305236 -0.0113836
internal_weight=8295 7156 5996 41 1160 199
internal_count=8295 7156 5996 41 1160 199
is_linear=0
shrinkage=0.02


Tree=227
num_leaves=7
num_cat=0
split_feature=4 5 5 1 4 0
split_gain=34.6188 52.9641 54.9985 46.8384 50.5378 48.1322
threshold=76.321752803005168 0.081206107281928785 0.046181131727979101 0.016415899393667194 75.442765272228144 0.24879837026431986
decision_type=8 2 2 10 10 10
left_child=3 2 -2 -1 5 -5
right_child=1 -3 -4 4 -6 -7
leaf_value=-0.0044142496565283745 0.0012077928176329692 0.0082016210612843206 -0.019910569000723105 0.00052624168491269361 -0.011602215166761834 -0.013973072449206023
leaf_weight=1121 414 467 56 5998 146 93
leaf_count=1121 414 467 56 5998 146 93
internal_value=-0.000189295 0.00343137 -0.00130844 -0.000650366 2.61309e-05 0.00030486
internal_weight=8295 937 470 7358 6237 6091
internal_count=8295 937 470 7358 6237 6091
is_linear=0
shrinkage=0.02


Tree=228
num_leaves=7
num_cat=0
split_feature=4 5 13 4 5 1
split_gain=33.2479 50.8667 58.6768 52.9288 52.8206 44.9836
threshold=76.321752803005168 0.081206107281928785 0.13761836698231197 77.244060729952608 0.046181131727979101 0.016415899393667194
decision_type=8 2 2 10 2 10
left_child=5 4 -3 -4 -2 -1
right_child=1 2 3 -5 -6 -7
leaf_value=-0.0043259646818453049 0.0011836369736412549 0.006082723506421606 0.056869195687274145 0.0060004256193836522 -0.019512357440377985 2.5608293631393149e-05
leaf_weight=1121 414 434 18 14.999999999999998 56 6237
leaf_count=1121 414 434 18 15 56 6237
internal_value=-0.000185509 0.00336274 0.00803759 0.033747 -0.00128227 -0.000637359
internal_weight=8295 937 467 33 470 7358
internal_count=8295 937 467 33 470 7358
is_linear=0
shrinkage=0.02


Tree=229
num_leaves=7
num_cat=0
split_feature=0 0 10 6 10 6
split_gain=32.467 62.0139 72.2361 73.8356 78.4389 45.1044
threshold=0.24879837026431986 0.23413911706842164 0.23402421652421654 0.757734747745204 0.20311578803043809 -0.15333554483746489
decision_type=10 10 2 2 2 2
left_child=1 -1 3 5 -5 -3
right_child=-2 2 -4 4 -6 -7
leaf_value=-0.00022111667856211596 -0.011286186013514032 0.04045208567753434 -0.021635058373212813 0.018367202043533318 0.097582822322845472 -8.2963696547916959e-05
leaf_weight=8104 104 15.999999999999998 15.999999999999998 10.000000000000002 9.9999999999999982 35
leaf_count=8104 104 16 16 10 10 35
internal_value=-0.000181799 -4.08083e-05 0.0167548 0.0254061 0.057975 0.0126339
internal_weight=8295 8191 87 71 20 51
internal_count=8295 8191 87 71 20 51
is_linear=0
shrinkage=0.02


Tree=230
num_leaves=7
num_cat=0
split_feature=3 14 3 13 3 0
split_gain=42.4652 31.0783 55.1142 54.5619 58.5251 44.1991
threshold=0.023608884574353742 69.152573529411782 0.11141987856720027 0.16453466814979609 0.15665111185587427 0.10392800939394722
decision_type=8 2 10 2 10 10
left_child=-1 -2 5 4 -4 -3
right_child=1 2 3 -5 -6 -7
leaf_value=-0.0047438202194843284 -0.00053366911542144808 0.0020505170242893075 0.011808664181059407 -0.015048674639574319 -0.0011718288635342851 -0.0053379454369163696
leaf_weight=710 5047 1361 496 43 193 425
leaf_count=710 5047 1361 496 43 193 425
internal_value=-6.71386e-05 0.000371783 0.00218664 0.00680853 0.00817262 0.000292344
internal_weight=8275 7565 2518 732 689 1786
internal_count=8275 7565 2518 732 689 1786
is_linear=0
shrinkage=0.02


Tree=231
num_leaves=7
num_cat=0
split_feature=3 11 1 14 12 14
split_gain=40.7836 43.6371 44.1691 42.0738 31.7252 33.3727
threshold=0.023608884574353742 0.050822927903197777 0.11685635873884294 71.781250000000014 0.060312500000000005 69.152573529411782
decision_type=8 2 10 2 2 2
left_child=-1 2 -2 -4 -3 -6
right_child=1 4 3 -5 5 -7
leaf_value=-0.0046489438277367559 -0.0018922117655342553 0.015136258897800294 -0.020126851776386706 0.012392264055578334 -0.0001562800245292354 0.0029206486509931809
leaf_weight=710 1052 63 98 19 4214 2119
leaf_count=710 1052 63 98 19 4214 2119
internal_value=-6.57958e-05 0.000364348 -0.0031887 -0.014846 0.00101374 0.00087325
internal_weight=8275 7565 1169 117 6396 6333
internal_count=8275 7565 1169 117 6396 6333
is_linear=0
shrinkage=0.02


Tree=232
num_leaves=7
num_cat=0
split_feature=2 11 11 13 13 4
split_gain=36.8976 40.3125 56.5882 59.9576 36.9229 40.5939
threshold=0.82001342307893255 0.29406606911068839 0.2477974258765259 0.14770441654863767 0.14651735703644522 75.315069912922738
decision_type=10 2 2 2 2 10
left_child=1 2 -1 4 5 -4
right_child=-2 -3 3 -5 -6 -7
leaf_value=-0.00069566779453183623 0.0032817279168207238 -0.020372054765864119 0.029785957261919977 -0.0032303669052415121 0.056298859651599614 -0.016378748267889022
leaf_weight=6998 1137 41 32 43 13.999999999999998 9.9999999999999982
leaf_count=6998 1137 41 32 43 14 10
internal_value=-6.44799e-05 -0.000597492 -0.000483252 0.0145317 0.0281705 0.0187944
internal_weight=8275 7138 7097 99 56 42
internal_count=8275 7138 7097 99 56 42
is_linear=0
shrinkage=0.02


Tree=233
num_leaves=7
num_cat=0
split_feature=3 11 1 14 12 14
split_gain=38.9643 41.6904 42.5119 40.383 30.5144 31.9983
threshold=0.023608884574353742 0.050822927903197777 0.11685635873884294 71.781250000000014 0.060312500000000005 69.152573529411782
decision_type=8 2 10 2 2 2
left_child=-1 2 -2 -4 -3 -6
right_child=1 4 3 -5 5 -7
leaf_value=-0.0045429478740437665 -0.0018437056112352815 0.014842396248797221 -0.019725823904558713 0.01213321284243935 -0.00015389880001484508 0.0028590040080459832
leaf_weight=710 1052 63 98 19 4214 2119
leaf_count=710 1052 63 98 19 4214 2119
internal_value=-6.31903e-05 0.00035725 -0.00311564 -0.0145521 0.00099199 0.000854208
internal_weight=8275 7565 1169 117 6396 6333
internal_count=8275 7565 1169 117 6396 6333
is_linear=0
shrinkage=0.02


Tree=234
num_leaves=7
num_cat=0
split_feature=3 11 11 9 11 13
split_gain=37.4213 40.0394 29.319 38.5334 31.5241 51.451
threshold=0.023608884574353742 0.050822927903197777 0.30195172007119703 6.5000000000000009 0.2477974258765259 0.11701496313632399
decision_type=8 2 2 2 2 2
left_child=-1 -2 4 -4 -3 -6
right_child=1 2 3 -5 5 -7
leaf_value=-0.004452088925662831 -0.0030533229009545282 0.00078004316498120623 0.0045402094564939797 -0.034768801558585395 0.031542004540096966 0.0045636624587630783
leaf_weight=710 1169 6081 19 21 32 243
leaf_count=710 1169 6081 19 21 32 243
internal_value=-6.19265e-05 0.000350105 0.000972151 -0.016097 0.00107957 0.00770296
internal_weight=8275 7565 6396 40 6356 275
internal_count=8275 7565 6396 40 6356 275
is_linear=0
shrinkage=0.02


Tree=235
num_leaves=7
num_cat=0
split_feature=13 5 2 14 0 2
split_gain=38.6948 76.0016 48.1822 59.7928 42.7228 49.6075
threshold=0.12985453645394529 0.75276420193732652 0.95991979857797949 62.330882352941181 0.24879837026431986 0.85819040380463829
decision_type=2 2 8 2 8 10
left_child=-1 2 3 -2 -5 -6
right_child=1 -3 -4 4 5 -7
leaf_value=-0.00072179773147556495 0.039143394455313681 0.040427809791131461 0.014819708091571279 0.0013235473905596333 0.0012893802734712759 -0.040288818722421474
leaf_weight=7427 15.999999999999998 22 115 676 24 22
leaf_count=7427 16 22 115 676 24 22
internal_value=-0.000253133 0.00372489 0.00277828 0.000901902 5.44448e-05 -0.0185958
internal_weight=8302 875 853 738 722 46
internal_count=8302 875 853 738 722 46
is_linear=0
shrinkage=0.02


Tree=236
num_leaves=7
num_cat=0
split_feature=3 9 3 6 2 10
split_gain=37.7625 49.4766 62.569 89.5213 52.2942 47.9173
threshold=0.13085646382976132 9.5000000000000018 0.15331314706796717 -0.80438032862362119 0.90602728263965326 0.22483885819521182
decision_type=10 2 10 2 10 2
left_child=5 2 -2 -4 -5 -1
right_child=1 -3 3 4 -6 -7
leaf_value=-0.00095058877404613539 0.0052933137366238583 0.0078301167767448436 0.052255161285400392 -0.0060738267004489897 -0.035149533530283307 0.017460902220847313
leaf_weight=7044 367 501 9.9999999999999982 296 27 57
leaf_count=7044 367 501 10 296 27 57
internal_value=-0.00024807 0.0030318 -0.000402418 -0.0066797 -0.0085043 -0.000802799
internal_weight=8302 1201 700 333 323 7101
internal_count=8302 1201 700 333 323 7101
is_linear=0
shrinkage=0.02


Tree=237
num_leaves=7
num_cat=0
split_feature=7 2 14 5 13 0
split_gain=36.6828 45.2902 48.3985 48.0778 37.602 96.5748
threshold=3.5000000000000004 0.53167510018301922 74.000000000000014 0.39315647829835593 0.11356332711877147 0.091963492217581225
decision_type=2 8 2 2 2 10
left_child=-1 -2 4 -4 -3 -6
right_child=1 2 3 -5 5 -7
leaf_value=-0.0013688762312719595 -0.0021318444810949967 0.00059839181042427552 0.012523713787881339 0.061433447122573856 0.022978056957822686 0.0031195130663249516
leaf_weight=4835 1054 1552 41 9.9999999999999982 114 696
leaf_count=4835 1054 1552 41 10 114 696
internal_value=-0.000243109 0.00132686 0.00283763 0.0221139 0.00242142 0.00591442
internal_weight=8302 3467 2413 51 2362 810
internal_count=8302 3467 2413 51 2362 810
is_linear=0
shrinkage=0.02


Tree=238
num_leaves=7
num_cat=0
split_feature=3 9 3 6 2 10
split_gain=35.8838 47.5276 59.9579 85.6033 50.2798 46.5128
threshold=0.13085646382976132 9.5000000000000018 0.15331314706796717 -0.80438032862362119 0.90602728263965326 0.237535683699686
decision_type=10 2 10 2 10 2
left_child=-1 2 5 -4 -5 -2
right_child=1 -3 3 4 -6 -7
leaf_value=-0.00077900074596564393 0.0067379068512735622 0.0076618537064009687 0.051078975319862371 -0.005952833756817052 -0.03446302368960999 -0.027137976810336112
leaf_weight=7101 350 501 9.9999999999999982 296 27 17
leaf_count=7101 350 501 10 296 27 17
internal_value=-0.000238247 0.002959 -0.000406898 -0.0065518 -0.00833604 0.00516872
internal_weight=8302 1201 700 333 323 367
internal_count=8302 1201 700 333 323 367
is_linear=0
shrinkage=0.02


Tree=239
num_leaves=7
num_cat=0
split_feature=7 9 12 3 9 0
split_gain=34.9854 34.1142 82.9036 59.1386 31.0708 82.0854
threshold=3.5000000000000004 1.5000000000000002 0.95121212121212129 0.029053804863107827 13.500000000000002 0.14823831912453131
decision_type=2 2 2 10 2 10
left_child=4 2 -2 -3 -1 -6
right_child=1 3 -4 -5 5 -7
leaf_value=-0.0019529046280631957 0.0050292243565806119 -0.0096743346643921035 0.058319583634535474 0.001304251146093475 0.00031835708928748541 0.023738130669929643
leaf_weight=4206 434 211 11.999999999999998 2810 562 67
leaf_count=4206 434 211 12 2810 562 67
internal_value=-0.000233482 0.00129973 0.00646305 0.000537458 -0.00133289 0.00281299
internal_weight=8302 3467 446 3021 4835 629
internal_count=8302 3467 446 3021 4835 629
is_linear=0
shrinkage=0.02


Tree=240
num_leaves=7
num_cat=0
split_feature=3 4 2 13 12 13
split_gain=26.3849 26.1076 24.7889 39.1762 26.5916 23.2014
threshold=0.037901795369140699 62.001665877404243 0.97361598582322439 0.10071602605539258 0.91675000000000006 0.20293079637870187
decision_type=8 8 10 2 2 2
left_child=-1 2 4 -4 5 -2
right_child=1 -3 3 -5 -6 -7
leaf_value=-0.0024747974727419657 -0.002170034626796324 0.00107120650283719 -0.043059126069148371 0.0066328206929293547 0.030225728034973143 -0.03143739014863968
leaf_weight=1290 720 6185 15.000000000000002 10.999999999999998 9.9999999999999982 10.999999999999998
leaf_count=1290 720 6185 15 11 10 11
internal_value=0.00015215 0.000639601 -0.00284081 -0.0220356 -0.00216731 -0.00261045
internal_weight=8242 6952 767 26 741 731
internal_count=8242 6952 767 26 741 731
is_linear=0
shrinkage=0.02


Tree=241
num_leaves=7
num_cat=0
split_feature=14 6 11 9 2 1
split_gain=29.5162 75.7878 45.7749 88.7468 41.7606 71.229
threshold=73.849264705882362 -0.27042558949470163 0.16070336712349853 11.500000000000002 0.7960976877510294 0.29345524914410753
decision_type=2 2 2 2 8 10
left_child=-1 -2 -3 4 -4 -6
right_child=1 2 3 -5 5 -7
leaf_value=-7.6580843903288859e-05 -0.015846102780103684 0.0051832114766010001 -0.011352563410997392 0.062872154505716427 0.042567291993361255 -0.01814493014053865
leaf_weight=7959 50 158 20 18 26 10.999999999999998
leaf_count=7959 50 158 20 18 26 11
internal_value=0.000149107 0.00649627 0.0112908 0.0241574 0.0119317 0.0245177
internal_weight=8242 283 233 75 57 37
internal_count=8242 283 233 75 57 37
is_linear=0
shrinkage=0.02


Tree=242
num_leaves=7
num_cat=0
split_feature=14 2 2 14 2 0
split_gain=28.4946 62.0094 61.0601 51.3312 45.1372 44.7718
threshold=72.029411764705898 0.90602728263965326 0.84788993075275421 72.312500000000014 0.44842388106539061 0.14321241247711594
decision_type=2 10 10 2 8 8
left_child=-1 2 3 4 -2 -6
right_child=1 -3 -4 -5 5 -7
leaf_value=-0.00024395865083433788 -0.00061801261291271302 -0.022353322314364567 0.02802518497719321 0.0012927922994865307 0.04427654245744149 0.0119551156219095
leaf_weight=7425 41 35 43 628 30 40
leaf_count=7425 41 35 43 628 30 40
internal_value=0.000146125 0.00369125 0.00485693 0.00350884 0.0160465 0.0258072
internal_weight=8242 817 782 739 111 70
internal_count=8242 817 782 739 111 70
is_linear=0
shrinkage=0.02


Tree=243
num_leaves=7
num_cat=0
split_feature=14 6 11 9 3 6
split_gain=28.0444 72.6793 43.6769 85.0631 49.7583 34.5119
threshold=73.849264705882362 -0.27042558949470163 0.16070336712349853 11.500000000000002 0.11348598547563833 0.38742520373782335
decision_type=2 2 2 2 10 2
left_child=-1 -2 -3 4 -4 -6
right_child=1 2 3 -5 5 -7
leaf_value=-7.6786764881067886e-05 -0.015549281758069994 0.0050592871272311657 0.03434384587018386 0.061496317519081967 -0.032881762222810224 0.010190084609000578
leaf_weight=7959 50 158 23 18 10.999999999999998 23
leaf_count=7959 50 158 23 18 11 23
internal_value=0.000143202 0.0063301 0.0110252 0.0235935 0.0116242 -0.00374492
internal_weight=8242 283 233 75 57 34
internal_count=8242 283 233 75 57 34
is_linear=0
shrinkage=0.02


Tree=244
num_leaves=7
num_cat=0
split_feature=14 6 11 4 1 2
split_gain=26.9339 69.8012 41.9473 65.5869 40.0626 45.2873
threshold=73.849264705882362 -0.27042558949470163 0.16070336712349853 75.563097739900684 0.29345524914410753 0.84469257525940344
decision_type=2 2 2 10 10 8
left_child=-1 -2 -3 4 5 -4
right_child=1 2 3 -5 -6 -7
leaf_value=-7.5251028729331931e-05 -0.015238295799493791 0.0049581013579817514 0.025926199988885359 -0.0050003011071163674 0.0035095469032724695 0.068702245073186022
leaf_weight=7959 50 158 22 23 11.999999999999998 18
leaf_count=7959 50 158 22 23 12 18
internal_value=0.000140338 0.0062035 0.0108047 0.0231217 0.0355602 0.0451754
internal_weight=8242 283 233 75 52 40
internal_count=8242 283 233 75 52 40
is_linear=0
shrinkage=0.02


Tree=245
num_leaves=7
num_cat=0
split_feature=4 7 5 1 6 0
split_gain=37.555 40.2061 52.1284 53.6492 84.5593 56.2076
threshold=62.128009659898119 3.5000000000000004 0.068683690538695372 0.25690406010732453 1.0985019189935237 0.20289953566965543
decision_type=8 2 2 10 2 10
left_child=-1 -2 -3 -4 5 -5
right_child=1 2 3 4 -6 -7
leaf_value=-0.0031075523411644478 -0.00025819796830240527 0.00010147965210552519 0.0063863907574264831 -0.035339132095828202 0.046889929383993147 -0.0030291786907060492
leaf_weight=1017 4242 1488 1418 33 9.9999999999999982 62
leaf_count=1017 4242 1488 1418 33 10 62
internal_value=0.000491674 0.00099635 0.0027638 0.00536494 -0.00842953 -0.0142526
internal_weight=8270 7253 3011 1523 105 95
internal_count=8270 7253 3011 1523 105 95
is_linear=0
shrinkage=0.02


Tree=246
num_leaves=7
num_cat=0
split_feature=11 6 4 3 0 0
split_gain=36.7631 44.855 34.0654 45.0566 40.0052 44.0931
threshold=0.30195172007119703 0.35495800845893272 62.128009659898119 0.032976057486447947 0.27962430941875588 0.21064964636189212
decision_type=2 2 8 8 10 10
left_child=2 -2 -1 -4 5 -5
right_child=1 -3 3 4 -6 -7
leaf_value=-0.0028623548020451201 0.0077393118385225539 -0.03514491081237793 -0.0029866000313787215 0.0013676797369973086 -0.026565932571887968 0.0088689150827306572
leaf_weight=1011 15.999999999999998 25 956 5911 20 331
leaf_count=1011 16 25 956 5911 20 331
internal_value=0.000481841 -0.0184096 0.000575965 0.00105756 0.00167497 0.00176545
internal_weight=8270 41 8229 7218 6262 6242
internal_count=8270 41 8229 7218 6262 6242
is_linear=0
shrinkage=0.02


Tree=247
num_leaves=7
num_cat=0
split_feature=11 6 3 9 2 6
split_gain=35.3073 43.0788 33.2483 61.8579 75.1257 136.734
threshold=0.30195172007119703 0.35495800845893272 0.10836947483796106 10.500000000000002 0.82001342307893255 0.015148339256149604
decision_type=2 2 10 2 10 2
left_child=2 -2 -1 -4 -5 -6
right_child=1 -3 3 4 5 -7
leaf_value=-0.00016923069651088692 0.0075845255702733996 -0.034442012274265292 0.00025042093760813101 0.0042193006770519601 -0.0097196249213329575 0.032681400315979353
leaf_weight=6173 15.999999999999998 25 1347 562 43 104
leaf_count=6173 16 25 1347 562 43 104
internal_value=0.000472204 -0.0180414 0.000564446 0.00276726 0.0075489 0.0202784
internal_weight=8270 41 8229 2056 709 147
internal_count=8270 41 8229 2056 709 147
is_linear=0
shrinkage=0.02


Tree=248
num_leaves=7
num_cat=0
split_feature=4 3 11 11 5 12
split_gain=34.5464 41.2351 38.4698 43.231 48.1883 40.5885
threshold=62.128009659898119 0.032976057486447947 0.27411769507948464 0.26455182853691056 0.2828245650754983 0.91566964285714303
decision_type=8 8 2 2 2 2
left_child=-1 -2 3 -3 -5 -4
right_child=1 2 5 4 -6 -7
leaf_value=-0.0029892891132975163 -0.0029234833575438835 0.0016342131330326247 -0.014440595759268926 0.050794535160064685 -0.0043173898282376204 0.02452882411889732
leaf_weight=1017 956 6161 98 15.000000000000002 10.999999999999998 11.999999999999998
leaf_count=1017 956 6161 98 15 11 12
internal_value=0.00046276 0.000946799 0.00153438 0.00174282 0.027478 -0.0101894
internal_weight=8270 7253 6297 6187 26 110
internal_count=8270 7253 6297 6187 26 110
is_linear=0
shrinkage=0.02


Tree=249
num_leaves=7
num_cat=0
split_feature=0 0 6 2 3 2
split_gain=32.3542 46.1435 71.0732 78.1564 54.1471 42.6195
threshold=0.27962430941875588 0.21064964636189212 1.1681758088405669 0.92386180211365054 0.12840908047425151 0.98636707662917644
decision_type=10 10 2 10 8 10
left_child=1 -1 4 -4 5 -3
right_child=-2 2 3 -5 -6 -7
leaf_value=0.00019605977823430754 -0.021008969949824468 -0.019246484980795463 0.0098211787312346317 0.076485901474952697 0.0085138677649585336 0.024013838442889127
leaf_weight=7859 28 53 17.000000000000004 11.999999999999998 290 10.999999999999998
leaf_count=7859 28 53 17 12 290 11
internal_value=0.000453505 0.000526418 0.00730522 0.0374066 0.00483929 -0.0118111
internal_weight=8270 8242 383 29 354 64
internal_count=8270 8242 383 29 354 64
is_linear=0
shrinkage=0.02


Tree=250
num_leaves=7
num_cat=0
split_feature=3 10 11 9 10 1
split_gain=39.3385 48.2192 44.1516 33.5623 65.4761 49.7365
threshold=0.096437104272364835 0.23402421652421654 0.30195172007119703 3.5000000000000004 0.20867435114620056 0.18455446516415294
decision_type=10 2 2 2 2 10
left_child=1 -1 3 4 -2 -6
right_child=2 -3 -4 -5 5 -7
leaf_value=-0.001150943225098944 -0.0050357953243483711 0.042806101828813559 -0.024573642981052399 0.003203063373648788 0.05690496883609078 0.0084664209327987728
leaf_weight=5585 439 9.9999999999999982 25 2153 10.999999999999998 37
leaf_count=5585 439 10 25 2153 11 37
internal_value=-0.000119807 -0.00107238 0.00188006 0.00213057 -0.00261089 0.0195669
internal_weight=8260 5595 2665 2640 487 48
internal_count=8260 5595 2665 2640 487 48
is_linear=0
shrinkage=0.02


Tree=251
num_leaves=7
num_cat=0
split_feature=3 10 11 9 10 3
split_gain=37.7807 46.3097 42.4032 32.2332 62.8833 47.2999
threshold=0.096437104272364835 0.23402421652421654 0.30195172007119703 3.5000000000000004 0.20867435114620056 0.14678210496307884
decision_type=10 2 2 2 2 10
left_child=1 -1 3 4 -2 -6
right_child=2 -3 -4 -5 5 -7
leaf_value=-0.0011279243609592638 -0.0049350795370223244 0.041949979744851588 -0.024082170224189757 0.0031390021173155853 0.035954943216804945 -0.0043155198898166417
leaf_weight=5585 439 9.9999999999999982 25 2153 28 20
leaf_count=5585 439 10 25 2153 28 20
internal_value=-0.000117411 -0.00105093 0.00184246 0.00208795 -0.00255867 0.0191756
internal_weight=8260 5595 2665 2640 487 48
internal_count=8260 5595 2665 2640 487 48
is_linear=0
shrinkage=0.02


Tree=252
num_leaves=7
num_cat=0
split_feature=3 10 11 12 13 12
split_gain=36.2846 44.4759 40.724 28.5407 45.6066 38.0435
threshold=0.096437104272364835 0.23402421652421654 0.30195172007119703 0.83450000000000013 0.13469614796273122 0.78224242424242429
decision_type=10 2 2 2 2 2
left_child=1 3 -2 5 -5 -1
right_child=2 -3 -4 4 -6 -7
leaf_value=-0.0010753272013043584 0.0020461953417146685 0.041110980872996146 -0.023600526654720309 -0.0046013148395245354 -0.032148132301293889 0.0078836420150580084
leaf_weight=5043 2640 9.9999999999999982 25 319 26 197
leaf_count=5043 2640 10 25 319 26 197
internal_value=-0.000115062 -0.00102991 0.00180561 -0.00110537 -0.00667731 -0.000738511
internal_weight=8260 5595 2665 5585 345 5240
internal_count=8260 5595 2665 5585 345 5240
is_linear=0
shrinkage=0.02


Tree=253
num_leaves=7
num_cat=0
split_feature=3 10 9 13 2 13
split_gain=34.8477 42.7146 33.0539 51.2003 80.7153 58.4454
threshold=0.096437104272364835 0.23402421652421654 3.5000000000000004 0.10850979676280882 0.96669372629052852 0.099501138839374156
decision_type=10 2 2 2 10 2
left_child=1 -1 3 5 -5 -2
right_child=2 -3 -4 4 -6 -7
leaf_value=-0.0010832585539228359 -0.0050432500316519432 0.040288761317729946 0.0028280268968253254 0.0012129728998270561 0.049422335863113405 -0.032965156736181063
leaf_weight=5585 254 9.9999999999999982 2174 188 14.999999999999998 34
leaf_count=5585 254 10 2174 188 15 34
internal_value=-0.000112761 -0.00100931 0.00176949 -0.00291737 0.00477524 -0.00833959
internal_weight=8260 5595 2665 491 203 288
internal_count=8260 5595 2665 491 203 288
is_linear=0
shrinkage=0.02


Tree=254
num_leaves=7
num_cat=0
split_feature=3 10 11 9 5 2
split_gain=33.4678 41.0231 39.1459 30.0205 63.2326 71.7716
threshold=0.096437104272364835 0.23402421652421654 0.30195172007119703 9.5000000000000018 -0.75030998300473606 0.73474525142523495
decision_type=10 2 2 2 2 10
left_child=1 -1 3 4 5 -2
right_child=2 -3 -4 -5 -6 -7
leaf_value=-0.0010615933954858199 0.00011827411254247028 0.03948298531770706 -0.023174903678894042 0.004468081950204596 -0.00040706331418234463 0.064323130754324109
leaf_weight=5585 15.000000000000002 9.9999999999999982 25 1113 1499 12.999999999999998
leaf_count=5585 15 10 25 1113 1499 13
internal_value=-0.000110506 -0.000989128 0.0017341 0.00196999 0.000149173 0.0299277
internal_weight=8260 5595 2665 2640 1527 28
internal_count=8260 5595 2665 2640 1527 28
is_linear=0
shrinkage=0.02


Tree=255
num_leaves=7
num_cat=0
split_feature=1 4 0 4 5 14
split_gain=35.7947 64.756 68.9343 77.2375 53.9346 60.7907
threshold=0.26188029219340242 73.167863480630501 0.22958278348691874 76.321752803005168 0.38639238747976262 63.152573529411775
decision_type=10 10 10 10 2 2
left_child=-1 4 -3 -4 5 -2
right_child=1 2 3 -5 -6 -7
leaf_value=0.00051509222006947662 0.050439013063907627 -0.041476888576228367 -0.028733435183763496 0.041039796092293475 -0.022503248095689786 -7.83504230329896e-05
leaf_weight=7949 9.9999999999999982 38 15.000000000000002 10.999999999999998 42 202
leaf_count=7949 10 38 15 11 42 202
internal_value=0.00025187 -0.00632786 -0.0243076 0.000786009 -0.00179753 0.00230454
internal_weight=8267 318 64 26 254 212
internal_count=8267 318 64 26 254 212
is_linear=0
shrinkage=0.02


Tree=256
num_leaves=7
num_cat=0
split_feature=1 6 12 12 12 1
split_gain=34.3772 101.017 63.3162 56.0349 50.885 49.8008
threshold=0.26188029219340242 0.93695938191154704 0.71452083333333338 0.77828571428571436 0.65437500000000015 0.27649408057721719
decision_type=10 2 2 2 2 10
left_child=-1 2 4 -3 5 -2
right_child=1 3 -4 -5 -6 -7
leaf_value=0.00050479037550838542 -0.029604259505867959 0.0013569841496646404 -0.017664832723199984 0.049997688349750311 0.028271733509457629 0.0047394992541848566
leaf_weight=7949 24 20 176 18 23 57
leaf_count=7949 24 20 176 18 23 57
internal_value=0.000246833 -0.0062013 -0.010354 0.0243973 0.00201826 -0.00543643
internal_weight=8267 318 280 38 104 81
internal_count=8267 318 280 38 104 81
is_linear=0
shrinkage=0.02


Tree=257
num_leaves=7
num_cat=0
split_feature=13 6 0 0 6 2
split_gain=25.1968 81.527 56.1249 68.6554 60.5745 60.4832
threshold=0.13029287656865499 0.36042038087422695 0.22297623344869646 0.19218749533548593 -0.33117559383494261 0.87712289405963462
decision_type=2 2 10 10 2 10
left_child=-1 2 3 -2 -4 -5
right_child=1 -3 4 5 -6 -7
leaf_value=-0.00014017018663468815 -0.0042135268315439236 0.0093304701667217601 0.017139244111520905 0.027104226802957467 -0.029729288888092224 -0.014862375434281096
leaf_weight=7383 287 455 13.999999999999998 58 52 18
leaf_count=7383 287 455 14 58 52 18
internal_value=0.000241896 0.00343284 -0.00282222 0.00026237 -0.0197875 0.0171648
internal_weight=8267 884 429 363 66 76
internal_count=8267 884 429 363 66 76
is_linear=0
shrinkage=0.02


Tree=258
num_leaves=7
num_cat=0
split_feature=4 10 4 13 6 4
split_gain=32.0392 39.1231 37.7317 45.1683 34.4972 28.5326
threshold=76.000727188770796 0.050423156247777552 75.442765272228144 0.10757138788008262 0.55905989228227393 75.315069912922738
decision_type=8 2 10 2 2 10
left_child=2 -2 5 -4 -5 -1
right_child=1 -3 3 4 -6 -7
leaf_value=-0.00010722947345681488 -0.010311557543751163 0.004704556463815783 -0.0035449662307898205 -0.043767763064242897 -0.0033152472972869875 0.020491603072042817
leaf_weight=7102 75 930 96 24 12.999999999999998 27
leaf_count=7102 75 930 96 24 13 27
internal_value=0.000237058 0.00358395 -0.000226124 -0.0107808 -0.0295547 -2.92145e-05
internal_weight=8267 1005 7262 133 37 7129
internal_count=8267 1005 7262 133 37 7129
is_linear=0
shrinkage=0.02


Tree=259
num_leaves=7
num_cat=0
split_feature=1 6 12 4 12 12
split_gain=33.1288 96.4395 60.623 57.654 53.6984 48.766
threshold=0.26188029219340242 0.93695938191154704 0.71452083333333338 73.167863480630501 0.77828571428571436 0.65437500000000015
decision_type=10 2 2 10 2 2
left_child=-1 2 5 -4 -3 -2
right_child=1 4 3 -5 -6 -7
leaf_value=0.00048554745436095486 -0.0053467173598430772 0.0012447447776794433 -0.011707588190567011 -0.040702207605628406 0.048860538187954161 0.027652131431614574
leaf_weight=7949 81 20 142 34 18 23
leaf_count=7949 81 20 142 34 18 23
internal_value=0.000232317 -0.00609765 -0.0101551 -0.0173088 0.0237996 0.0019511
internal_weight=8267 318 280 176 38 104
internal_count=8267 318 280 176 38 104
is_linear=0
shrinkage=0.02


Tree=260
num_leaves=7
num_cat=0
split_feature=13 10 5 11 0 7
split_gain=31.1164 47.0361 63.9894 38.7945 41.028 43.0114
threshold=0.062397540983606566 0.20513624018861734 0.22489739217501081 0.13062436395936403 0.16359458844597574 4.5000000000000009
decision_type=2 2 2 2 10 2
left_child=1 3 -3 -1 5 -5
right_child=-2 2 -4 4 -6 -7
leaf_value=-0.0011482897155040736 0.0010744523399545225 0.047911222063832817 -0.0061962804811842298 0.0020414021519041554 -0.02629575023503632 -0.023556867784096137
leaf_weight=3077 4978 18 17 97 49 36
leaf_count=3077 4978 18 17 97 49 36
internal_value=7.66294e-05 -0.00143131 0.0216304 -0.00167898 -0.0106512 -0.00488745
internal_weight=8272 3294 35 3259 182 133
internal_count=8272 3294 35 3259 182 133
is_linear=0
shrinkage=0.02


Tree=261
num_leaves=7
num_cat=0
split_feature=13 10 5 14 5 11
split_gain=29.8842 45.1735 61.4555 40.947 50.3406 37.2582
threshold=0.062397540983606566 0.20513624018861734 0.22489739217501081 72.029411764705898 -0.01597818130829461 0.13062436395936403
decision_type=2 2 2 2 2 2
left_child=1 5 -3 -2 -5 -1
right_child=3 2 -4 4 -6 -7
leaf_value=-0.0011253239396825762 0.00043678844729830936 0.046952996734115814 -0.0060723543868345378 -0.0014868265409818172 0.011354882405286868 -0.010438200666845501
leaf_weight=3077 4463 18 17 199 316 182
leaf_count=3077 4463 18 17 199 316 182
internal_value=7.50968e-05 -0.00140269 0.0211978 0.00105296 0.00639275 -0.0016454
internal_weight=8272 3294 35 4978 515 3259
internal_count=8272 3294 35 4978 515 3259
is_linear=0
shrinkage=0.02


Tree=262
num_leaves=7
num_cat=0
split_feature=4 12 3 11 14 5
split_gain=28.8098 37.654 90.7938 53.0564 53.095 43.757
threshold=65.335500294077519 0.89100000000000013 0.14273135309179505 0.23204171931013368 71.281250000000014 0.12946384440137607
decision_type=8 2 10 2 2 2
left_child=1 3 5 -1 -5 -3
right_child=-2 2 -4 4 -6 -7
leaf_value=-0.0016973062537390296 0.00080850696309013126 0.018587296607238905 0.062316907290369275 -0.023580534330010412 0.025480387449264525 -0.013038021366511072
leaf_weight=2144 5961 35 11.999999999999998 75 9.9999999999999982 35
leaf_count=2144 5961 35 12 75 10 35
internal_value=7.35949e-05 -0.00182204 0.0114881 -0.00231169 -0.0178087 0.00277464
internal_weight=8272 2311 82 2229 85 70
internal_count=8272 2311 82 2229 85 70
is_linear=0
shrinkage=0.02


Tree=263
num_leaves=7
num_cat=0
split_feature=4 12 3 10 1 12
split_gain=27.6689 36.1629 87.1984 55.0826 39.5846 67.0073
threshold=65.335500294077519 0.89100000000000013 0.14273135309179505 0.164930073662859 0.22212697698588649 0.91214285714285726
decision_type=8 2 10 2 10 2
left_child=1 3 4 -1 5 -3
right_child=-2 2 -4 -5 -6 -7
leaf_value=-0.0012756602031967102 0.00079233684142833915 0.054724389991976999 0.061070569381117823 -0.012252073258309815 -0.026080017685890199 -0.00046426963484422727
leaf_weight=2028 5961 10.999999999999998 11.999999999999998 201 14.999999999999998 44
leaf_count=2028 5961 11 12 201 15 44
internal_value=7.2123e-05 -0.0017856 0.0112584 -0.00226546 0.00271915 0.0105735
internal_weight=8272 2311 82 2229 70 55
internal_count=8272 2311 82 2229 70 55
is_linear=0
shrinkage=0.02


Tree=264
num_leaves=7
num_cat=0
split_feature=13 10 3 4 14 13
split_gain=28.8057 43.2811 77.2486 47.867 38.9862 45.1714
threshold=0.062397540983606566 0.20513624018861734 0.16630148914058132 72.298288593304804 72.029411764705898 0.070743212149102633
decision_type=2 2 10 8 2 2
left_child=1 -1 3 -3 -2 -6
right_child=4 2 -4 -5 5 -7
leaf_value=-0.0016177715282960378 0.00042949905488080814 0.016898382099775164 -0.02039343200623989 0.075100707292556759 0.018858584903821508 0.0034604719191816107
leaf_weight=3259 4463 13.000000000000002 11.999999999999998 9.9999999999999982 93 422
leaf_count=3259 4463 13 12 10 93 422
internal_value=7.06805e-05 -0.00138019 0.0207419 0.0422037 0.00103074 0.0062411
internal_weight=8272 3294 35 23 4978 515
internal_count=8272 3294 35 23 4978 515
is_linear=0
shrinkage=0.02


Tree=265
num_leaves=7
num_cat=0
split_feature=2 14 3 3 3 12
split_gain=26.2238 31.4439 37.417 31.4056 53.5341 58.0892
threshold=0.22755587949465503 72.880514705882362 0.14100531671976335 0.15792633021688054 0.14100531671976335 0.93420955882352952
decision_type=8 2 10 10 10 2
left_child=1 -1 -3 4 -2 -6
right_child=3 2 -4 -5 5 -7
leaf_value=-0.0043563296805455617 0.00053904233727412789 0.0021856738283083993 0.04770847499370575 -0.0048579818477892146 0.0094000605227831466 -0.039431839715689421
leaf_weight=670 6738 26 9.9999999999999982 392 381 9.9999999999999982
leaf_count=670 6738 26 10 392 381 10
internal_value=0.000307526 -0.00337794 0.0148309 0.000653483 0.00095654 0.00815116
internal_weight=8227 706 36 7521 7129 391
internal_count=8227 706 36 7521 7129 391
is_linear=0
shrinkage=0.02


Tree=266
num_leaves=7
num_cat=0
split_feature=14 2 10 4 3 14
split_gain=25.8651 58.3259 60.0366 87.8169 48.0451 51.642
threshold=72.029411764705898 0.90602728263965326 0.15443292200142908 64.119023022307772 0.15178227682682316 74.000000000000014
decision_type=2 10 2 10 10 2
left_child=-1 2 -2 -4 -5 -6
right_child=1 -3 3 4 5 -7
leaf_value=-6.9469243177511543e-05 0.0023098447418621664 -0.018974653433488555 0.049185910456710398 0.017007012446242642 -0.032687758042624124 0.020308449318011595
leaf_weight=7416 627 43 27 83 19 12.000000000000002
leaf_count=7416 627 43 27 83 19 12
internal_value=0.000301375 0.00369248 0.0049616 0.0167534 0.00907207 -0.0121731
internal_weight=8227 811 768 141 114 31
internal_count=8227 811 768 141 114 31
is_linear=0
shrinkage=0.02


Tree=267
num_leaves=7
num_cat=0
split_feature=13 1 13 6 6 11
split_gain=25.5476 30.4954 75.4265 67.909 71.5837 64.0981
threshold=0.062397540983606566 0.25690406010732453 0.070140914362019899 0.95057243990369311 1.3160066203169092 0.30123432449500848
decision_type=2 10 2 2 2 2
left_child=-1 -2 -3 5 -5 -4
right_child=1 2 3 4 -6 -7
leaf_value=-0.0010747725243521831 0.0016138542317631008 0.046681394604119388 -0.012626890583661397 0.033138280277450881 -0.02865006211400032 0.02992453678448995
leaf_weight=3276 4632 10.999999999999998 253 30 9.9999999999999982 14.999999999999998
leaf_count=3276 4632 11 253 30 10 15
internal_value=0.000295348 0.00120194 -0.00477929 -0.00661717 0.0176912 -0.0102453
internal_weight=8227 4951 319 308 40 268
internal_count=8227 4951 319 308 40 268
is_linear=0
shrinkage=0.02


Tree=268
num_leaves=7
num_cat=0
split_feature=2 14 3 3 3 12
split_gain=25.0919 29.9943 35.8533 29.7065 51.0844 55.4073
threshold=0.22755587949465503 72.880514705882362 0.14100531671976335 0.15792633021688054 0.14100531671976335 0.93420955882352952
decision_type=8 2 10 10 10 2
left_child=1 -1 -3 4 -2 -6
right_child=3 2 -4 -5 5 -7
leaf_value=-0.0042711774432308862 0.00051476063997969658 0.0020903726323292806 0.046651814341545104 -0.0047324510392903977 0.009170402499194456 -0.038520927667617798
leaf_weight=670 6738 26 9.9999999999999982 392 381 9.9999999999999982
leaf_count=670 6738 26 10 392 381 10
internal_value=0.000289441 -0.00331561 0.0144686 0.000627849 0.000922594 0.00795068
internal_weight=8227 706 36 7521 7129 391
internal_count=8227 706 36 7521 7129 391
is_linear=0
shrinkage=0.02


Tree=269
num_leaves=7
num_cat=0
split_feature=4 2 0 2 0 14
split_gain=24.9817 41.8524 68.837 52.1096 54.7734 65.8475
threshold=71.323197820533451 0.90257755135402051 0.11781677793679265 0.7960976877510294 0.20796060708561104 72.312500000000014
decision_type=8 10 10 10 10 2
left_child=-1 3 -3 -2 5 -5
right_child=1 2 -4 4 -6 -7
leaf_value=-0.0004147106272898681 0.0015918447320559656 0.035959615041501823 -0.014533128523854194 0.011834926757938374 -0.0070550661772489547 0.046722701740264896
leaf_weight=5870 2001 11.999999999999998 108 161 50 25
leaf_count=5870 2001 12 108 161 50 25
internal_value=0.000283652 0.00202289 -0.00948385 0.00264015 0.0115285 0.0165241
internal_weight=8227 2357 120 2237 236 186
internal_count=8227 2357 120 2237 236 186
is_linear=0
shrinkage=0.02


Tree=270
num_leaves=7
num_cat=0
split_feature=5 2 11 6 4 1
split_gain=28.5602 56.484 24.3764 25.4986 26.2015 23.7195
threshold=-1.1218306457570226 0.62608517967376787 0.30195172007119703 0.35495800845893272 66.235917563926066 0.016415899393667194
decision_type=2 8 2 2 8 8
left_child=1 -1 5 -4 -5 -2
right_child=2 -3 3 4 -6 -7
leaf_value=-0.001536022691350234 -0.003630564724801914 0.055412219789895148 0.0041363620933364421 -0.044754287123680112 -0.005104668736457825 0.00020802902254030728
leaf_weight=19.000000000000004 705 10.999999999999998 17 15.000000000000002 11.999999999999998 7430
leaf_count=19 705 11 17 15 12 7430
internal_value=-0.000133487 0.019345 -0.000204933 -0.0150512 -0.0271322 -0.000124633
internal_weight=8209 30 8179 44 27 8135
internal_count=8209 30 8179 44 27 8135
is_linear=0
shrinkage=0.02


Tree=271
num_leaves=7
num_cat=0
split_feature=5 0 11 6 1 1
split_gain=27.4292 54.6602 23.4111 24.4889 22.7802 21.8611
threshold=-1.1218306457570226 0.12797576650599851 0.30195172007119703 0.35495800845893272 0.016415899393667194 0.26188029219340242
decision_type=2 8 2 2 8 10
left_child=1 -1 4 -4 -2 -6
right_child=2 -3 3 -5 5 -7
leaf_value=-0.00013119856268167492 -0.0035579534111716223 0.057136695861816404 0.0040536355183405041 -0.026589589703966073 0.00042093038556808952 -0.0052181263780546987
leaf_weight=20.000000000000004 705 9.9999999999999982 17 27 7144 286
leaf_count=20 705 10 17 27 7144 286
internal_value=-0.000130817 0.0189581 -0.000200834 -0.0147502 -0.000122141 0.000203868
internal_weight=8209 30 8179 44 8135 7430
internal_count=8209 30 8179 44 8135 7430
is_linear=0
shrinkage=0.02


Tree=272
num_leaves=7
num_cat=0
split_feature=14 2 6 0 0 2
split_gain=27.1802 30.5059 73.9854 95.2991 75.9526 84.0759
threshold=73.786764705882362 0.85819040380463829 1.1513994545681505 0.098262894047865576 0.16805590441757187 0.90257755135402051
decision_type=2 10 2 10 10 10
left_child=1 -1 3 -3 -4 -6
right_child=-2 2 4 -5 5 -7
leaf_value=-0.00076392138419993563 0.0057910065945972963 0.026467285582731509 -0.0026340808131192863 -0.00024027132122393918 0.0069955461133610099 0.078823131173849106
leaf_weight=7126 299 58 19 680 11.000000000000002 15.999999999999998
leaf_count=7126 299 58 19 680 11 16
internal_value=-0.000128201 -0.000351948 0.00339259 0.0018587 0.0280016 0.04956
internal_weight=8209 7910 784 738 46 27
internal_count=8209 7910 784 738 46 27
is_linear=0
shrinkage=0.02


Tree=273
num_leaves=7
num_cat=0
split_feature=5 2 11 4 1 1
split_gain=26.339 52.4822 22.4618 23.9315 21.7813 21.3561
threshold=-1.1218306457570226 0.62608517967376787 0.30195172007119703 66.094250574251632 0.016415899393667194 0.26188029219340242
decision_type=2 8 2 10 8 10
left_child=1 -1 4 -4 -2 -6
right_child=2 -3 3 -5 5 -7
leaf_value=-0.0015476818774875839 -0.0034768087854542841 0.053346156342463057 -0.032172695646683375 -0.0021729099234709375 0.00041615544836401267 -0.0051573957690409017
leaf_weight=19.000000000000004 705 10.999999999999998 18 26 7144 286
leaf_count=19 705 11 18 26 7144 286
internal_value=-0.000125637 0.0185801 -0.000194248 -0.0144455 -0.000117167 0.000201615
internal_weight=8209 30 8179 44 8135 7430
internal_count=8209 30 8179 44 8135 7430
is_linear=0
shrinkage=0.02


Tree=274
num_leaves=7
num_cat=0
split_feature=5 0 11 6 2 6
split_gain=25.296 50.7872 21.5723 23.0877 21.5474 75.3599
threshold=-1.1218306457570226 0.12797576650599851 0.30195172007119703 0.35495800845893272 0.85819040380463829 1.1513994545681505
decision_type=2 8 2 2 10 2
left_child=1 -1 4 -4 -2 -6
right_child=2 -3 3 -5 5 -7
leaf_value=-0.00019213037565350528 -0.00045616890800028945 0.055009633660316463 0.0041012709982254925 -0.025652359508805806 0.0014672389934489772 0.027564678312616143
leaf_weight=20.000000000000004 7329 9.9999999999999982 17 27 759 47
leaf_count=20 7329 10 17 27 759 47
internal_value=-0.000123124 0.0182085 -0.000190363 -0.0141566 -0.000114823 0.00298905
internal_weight=8209 30 8179 44 8135 806
internal_count=8209 30 8179 44 8135 806
is_linear=0
shrinkage=0.02


Tree=275
num_leaves=7
num_cat=0
split_feature=10 6 11 5 10 10
split_gain=37.1369 87.7941 65.1025 57.4086 36.8331 74.1747
threshold=0.19529993815708105 1.1513994545681505 0.24991456189060982 0.53576324382191232 0.16402273573696066 0.15791088640663006
decision_type=2 2 2 2 2 2
left_child=4 3 -3 -2 5 -1
right_child=1 2 -4 -5 -6 -7
leaf_value=-0.00021034398450722264 0.0047841665257641452 0.06401178458157708 0.0094357366549472008 -0.026389802885055543 -0.0057490789491382952 0.013559416251489893
leaf_weight=7116 431 17 18 25 459 160
leaf_count=7116 431 17 18 25 459 160
internal_value=8.43844e-05 0.00541807 0.0359441 0.00307507 -0.000254186 9.24545e-05
internal_weight=8226 491 35 456 7735 7276
internal_count=8226 491 35 456 7735 7276
is_linear=0
shrinkage=0.02


end of trees

feature_importances:
wt_snap_share=230
wt_target_share=209
baseline_target_share=184
wt_tgt_per_snap=164
baseline_air_yards_share=146
baseline_tgt_per_snap=122
wt_team_total_plays=116
wt_air_yards_share=92
baseline_team_total_plays=91
baseline_snap_share=82
games_played_so_far=68
def_short_pass_epa_adj=63
def_deep_pass_epa_adj=60
draft_tier_int=22
is_cold_start_int=7

parameters:
[boosting: gbdt]
[objective: regression]
[metric: rmse]
[tree_learner: serial]
[device_type: cpu]
[data_sample_strategy: bagging]
[data: ]
[valid: ]
[num_iterations: 276]
[learning_rate: 0.02]
[num_leaves: 7]
[num_threads: 1]
[seed: 42]
[deterministic: 0]
[force_col_wise: 0]
[force_row_wise: 0]
[histogram_pool_size: -1]
[max_depth: -1]
[min_data_in_leaf: 10]
[min_sum_hessian_in_leaf: 0.001]
[bagging_fraction: 0.8]
[pos_bagging_fraction: 1]
[neg_bagging_fraction: 1]
[bagging_freq: 5]
[bagging_seed: 400]
[bagging_by_query: 0]
[feature_fraction: 0.8]
[feature_fraction_bynode: 1]
[feature_fraction_seed: 30056]
[extra_trees: 0]
[extra_seed: 12879]
[early_stopping_round: 0]
[early_stopping_min_delta: 0]
[first_metric_only: 0]
[max_delta_step: 0]
[lambda_l1: 0]
[lambda_l2: 0]
[linear_lambda: 0]
[min_gain_to_split: 0]
[drop_rate: 0.1]
[max_drop: 50]
[skip_drop: 0.5]
[xgboost_dart_mode: 0]
[uniform_drop: 0]
[drop_seed: 17869]
[top_rate: 0.2]
[other_rate: 0.1]
[min_data_per_group: 100]
[max_cat_threshold: 32]
[cat_l2: 10]
[cat_smooth: 10]
[max_cat_to_onehot: 4]
[top_k: 20]
[monotone_constraints: ]
[monotone_constraints_method: basic]
[monotone_penalty: 0]
[feature_contri: ]
[forcedsplits_filename: ]
[refit_decay_rate: 0.9]
[cegb_tradeoff: 1]
[cegb_penalty_split: 0]
[cegb_penalty_feature_lazy: ]
[cegb_penalty_feature_coupled: ]
[path_smooth: 0]
[interaction_constraints: ]
[verbosity: -1]
[saved_feature_importance_type: 0]
[use_quantized_grad: 0]
[num_grad_quant_bins: 4]
[quant_train_renew_leaf: 0]
[stochastic_rounding: 1]
[linear_tree: 0]
[max_bin: 255]
[max_bin_by_feature: ]
[min_data_in_bin: 3]
[bin_construct_sample_cnt: 200000]
[data_random_seed: 175]
[is_enable_sparse: 1]
[enable_bundle: 1]
[use_missing: 1]
[zero_as_missing: 0]
[feature_pre_filter: 0]
[pre_partition: 0]
[two_round: 0]
[header: 0]
[label_column: ]
[weight_column: ]
[group_column: ]
[ignore_column: ]
[categorical_feature: ]
[forcedbins_filename: ]
[precise_float_parser: 0]
[parser_config_file: ]
[objective_seed: 16083]
[num_class: 1]
[is_unbalance: 0]
[scale_pos_weight: 1]
[sigmoid: 1]
[boost_from_average: 1]
[reg_sqrt: 0]
[alpha: 0.9]
[fair_c: 1]
[poisson_max_delta_step: 0.7]
[tweedie_variance_power: 1.5]
[lambdarank_truncation_level: 30]
[lambdarank_norm: 1]
[label_gain: ]
[lambdarank_position_bias_regularization: 0]
[eval_at: ]
[multi_error_top_k: 1]
[auc_mu_weights: ]
[num_machines: 1]
[local_listen_port: 12400]
[time_out: 120]
[machine_list_filename: ]
[machines: ]
[gpu_platform_id: -1]
[gpu_device_id: -1]
[gpu_use_dp: 0]
[num_gpu: 1]

end of parameters
