tree
version=v4
num_class=1
num_tree_per_iteration=1
label_index=0
max_feature_idx=13
objective=regression
feature_names=prior_epa_per_opp baseline_epa_per_opp rolling_epa_per_opp form_residual is_cold_start_int draft_tier_int def_short_pass_epa_adj def_deep_pass_epa_adj wt_air_yards_per_target wt_snap_share games_played_so_far def_used_fallback_int team_spread implied_total
feature_infos=[-1.6252557225216813:1.5626637372082437] [-1.6252557225216813:1.5626637372082437] [-3.9271849622018635:5.4421632811427116] [-4.1447192190406437:5.5649277863618209] [0:1] [1:5] [-1.1976773517205141:0.51766782491140417] [-0.90098094100757076:1.9256437549098133] [-7:56] [0:1] [0:16] [0:1] [-20.5:20.5] [11.5:35.75]
tree_sizes=784 789 785 791 792 786 793 790 790 790 792 790 790 788 795 789 791 781 787 794 788 787 786 792 785 786 791 790 786 791 791 787 786 786 790 789 790 787 789 787 791 791 792 791 785 788 791 783 789 786 794 781 794 791 784 783 784 787 787 789 785 795 794 791 791 782 778 796 795 784 795 789 795 786 795 793 793 798 793 793 801 790 796 791 800 793 791 792 790 793 792 796 797 799 799 793 796 790 801 786 796 791 795 802 793 782 799 787 791 781 787 796 798 788 785 796 798 798 791 783 783 785 788 777 775 783 773 784 795 798 792 784 795 796 793 786 782 798 785 791 783 794 789 789 797 788 790 778 788 781 796 791 789 793 787 777 779 782 794 785 788 786

Tree=0
num_leaves=7
num_cat=0
split_feature=0 13 13 0 0 0
split_gain=5909.38 68.5248 18.5621 17.7515 12.6832 7.53555
threshold=-1.2816653967541698 22.375000000000004 17.875000000000004 -1.5027146707635046 -0.042534888816193279 0.055440560625064396
decision_type=8 10 8 10 10 10
left_child=3 2 -2 -1 -3 -4
right_child=1 4 5 -5 -6 -7
leaf_value=-0.11584202137528761 -0.08434415738776449 -0.08009164881403559 -0.082139308253121615 -0.11244747114282488 -0.078021423813968302 -0.080492457531941661
leaf_weight=1097 866 1613 1857 1406 4448 2768
leaf_count=1097 866 1613 1857 1406 4448 2768
internal_value=-0.086075 -0.0800385 -0.0816569 -0.113935 -0.0785724 -0.0811537
internal_weight=14055 11552 5491 2503 6061 4625
internal_count=14055 11552 5491 2503 6061 4625
is_linear=0
shrinkage=1


Tree=1
num_leaves=7
num_cat=0
split_feature=0 13 13 0 9 0
split_gain=5675.37 65.8112 17.827 17.0486 14.6636 7.23714
threshold=-1.2816653967541698 22.375000000000004 17.875000000000004 -1.5027146707635046 0.70750507683933261 0.055440560625064396
decision_type=8 10 8 10 10 10
left_child=3 2 -2 -1 -3 -4
right_child=1 4 5 -5 -6 -7
leaf_value=-0.029298700564078236 0.0015692059865477334 0.0062423115762464424 0.0037299580808535884 -0.025972040602314693 0.008209781420636577 0.0053438719334774551
leaf_weight=1097 866 3032 1857 1406 3029 2768
leaf_count=1097 866 3032 1857 1406 3029 2768
internal_value=-0.000127068 0.00578873 0.00420275 -0.02743 0.00722556 0.00469586
internal_weight=14055 11552 5491 2503 6061 4625
internal_count=14055 11552 5491 2503 6061 4625
is_linear=0
shrinkage=0.02


Tree=2
num_leaves=7
num_cat=0
split_feature=0 13 13 0 0 8
split_gain=5450.62 63.2051 17.1211 16.3734 12.0373 7.90493
threshold=-1.2816653967541698 22.375000000000004 17.875000000000004 -1.5027146707635046 -0.042534888816193279 6.2504365337686183
decision_type=8 10 8 10 10 8
left_child=3 2 -2 -1 -3 -6
right_child=1 4 -4 -5 5 -7
leaf_value=-0.028712726161902673 0.001537821899250464 0.005600962401841901 0.004601946478760801 -0.025452600170462098 0.004975340390660621 0.0078868016192662083
leaf_weight=1097 866 1613 4625 1406 411 4037
leaf_count=1097 866 1613 4625 1406 411 4037
internal_value=-0.000124527 0.00567296 0.0041187 -0.0268814 0.00708105 0.00761778
internal_weight=14055 11552 5491 2503 6061 4448
internal_count=14055 11552 5491 2503 6061 4448
is_linear=0
shrinkage=0.02


Tree=3
num_leaves=7
num_cat=0
split_feature=0 13 13 0 9 2
split_gain=5234.78 60.7022 16.4431 15.7251 13.8961 7.12804
threshold=-1.2816653967541698 22.375000000000004 17.875000000000004 -1.5027146707635046 0.70750507683933261 -0.017987840893824974
decision_type=8 10 8 10 10 8
left_child=3 2 -2 -1 -3 -4
right_child=1 4 5 -5 -6 -7
leaf_value=-0.028138472616210674 0.0015070654039715328 0.0059822571433844167 0.0032309756489788035 -0.024943548344171066 0.007897545797316342 0.0049919341923396051
leaf_weight=1097 866 3032 1266 1406 3029 3359
leaf_count=1097 866 3032 1266 1406 3029 3359
internal_value=-0.000122036 0.0055595 0.00403632 -0.0263438 0.00693943 0.00450991
internal_weight=14055 11552 5491 2503 6061 4625
internal_count=14055 11552 5491 2503 6061 4625
is_linear=0
shrinkage=0.02


Tree=4
num_leaves=7
num_cat=0
split_feature=0 12 0 0 2 9
split_gain=5027.48 26.6892 21.7083 15.1023 8.38836 12.7947
threshold=-1.2816653967541698 -5.2499999999999991 0.054156530758826003 -1.5027146707635046 -0.025446360103582016 0.37120195119156163
decision_type=8 10 10 10 8 8
left_child=3 4 -3 -1 -2 -6
right_child=1 2 -4 -5 5 -7
leaf_value=-0.027575702185597382 0.0019531942813874408 0.0046018796237068836 0.0066902880413650112 -0.02444467698643845 -0.00089020693074373246 0.0049200022895594005
leaf_weight=1097 778 3021 5839 1406 166 1748
leaf_count=1097 778 3021 5839 1406 166 1748
internal_value=-0.000119596 0.00544831 0.0059782 -0.0258169 0.0037043 0.00441609
internal_weight=14055 11552 8860 2503 2692 1914
internal_count=14055 11552 8860 2503 2692 1914
is_linear=0
shrinkage=0.02


Tree=5
num_leaves=7
num_cat=0
split_feature=1 13 13 8 1 1
split_gain=4815.48 48.5708 14.236 11.9084 11.3685 10.8867
threshold=-1.2816653967541698 22.375000000000004 18.375000000000004 6.2504365337686183 -1.5027146707635046 0.36751948077924806
decision_type=2 10 8 8 2 2
left_child=4 2 -2 -3 -1 -5
right_child=1 3 -4 5 -6 -7
leaf_value=-0.026617519141118137 0.0020187504539668226 0.0040064442693110774 0.004510230526056134 0.0062904569939778044 -0.023921036990339411 0.0082390124150529334
leaf_weight=1133 1163 642 4343 3741 1396 1654
leaf_count=1133 1163 642 4343 3741 1396 1654
internal_value=-0.000133856 0.00534244 0.00398397 0.00658143 -0.0251291 0.00688785
internal_weight=14072 11543 5506 6037 2529 5395
internal_count=14072 11543 5506 6037 2529 5395
is_linear=0
shrinkage=0.02


Tree=6
num_leaves=7
num_cat=0
split_feature=0 12 0 0 9 12
split_gain=4624.79 25.8301 20.2404 10.9183 7.34635 7.14636
threshold=-1.2816653967541698 -4.2499999999999991 0.14049697553049748 -1.5027146707635046 0.66272464066089087 4.7500000000000009
decision_type=8 10 10 10 10 10
left_child=3 -2 5 -1 -4 -3
right_child=1 2 4 -5 -6 -7
leaf_value=-0.026085168924264854 0.0036662826557338165 0.004187029287345133 0.0055803830551979759 -0.023442615525113866 0.0072329614506901523 0.0062213183879427127
leaf_weight=1133 3077 2772 1638 1396 3136 920
leaf_count=1133 3077 2772 1638 1396 3136 920
internal_value=-0.000131178 0.00523559 0.00580596 -0.0246265 0.00666595 0.00469395
internal_weight=14072 11543 8466 2529 4774 3692
internal_count=14072 11543 8466 2529 4774 3692
is_linear=0
shrinkage=0.02


Tree=7
num_leaves=7
num_cat=0
split_feature=0 13 9 13 0 9
split_gain=4441.65 45.6657 18.1735 13.4774 10.4859 7.42534
threshold=-1.2816653967541698 22.375000000000004 0.70750507683933261 18.375000000000004 -1.5027146707635046 0.069596695821185633
decision_type=8 10 10 8 10 8
left_child=4 3 -3 -2 -1 -5
right_child=1 2 -4 5 -6 -7
leaf_value=-0.025563465785317367 0.0019015178550710432 0.0052383546519946464 0.0074330337427845295 -0.0051252268548264649 -0.022973764334911384 0.0043980710904760788
leaf_weight=1133 1163 3028 3009 33 1396 4310
leaf_count=1133 1163 3028 3009 33 1396 4310
internal_value=-0.000128555 0.00513088 0.00633224 0.00381366 -0.024134 0.00432571
internal_weight=14072 11543 6037 5506 2529 4343
internal_count=14072 11543 6037 5506 2529 4343
is_linear=0
shrinkage=0.02


Tree=8
num_leaves=7
num_cat=0
split_feature=0 9 0 0 7 7
split_gain=4265.76 21.456 11.2532 10.0707 8.46158 7.45643
threshold=-1.2816653967541698 0.70750507683933261 0.25804641592485461 -1.5027146707635046 0.23368796100680619 -0.11550315004616533
decision_type=8 10 10 10 2 2
left_child=3 5 4 -1 -3 -2
right_child=1 2 -4 -5 -6 -7
leaf_value=-0.025052196213553046 0.0014204434820032379 0.0036471903082027054 0.006884543684945281 -0.022514288789168387 0.0058271684941180527 0.0043551181414652647
leaf_weight=1133 370 1065 2548 1396 2150 5410
leaf_count=1133 370 1065 2548 1396 2150 5410
internal_value=-0.000125984 0.00502826 0.00589181 -0.0236513 0.00510503 0.00416726
internal_weight=14072 11543 5763 2529 3215 5780
internal_count=14072 11543 5763 2529 3215 5780
is_linear=0
shrinkage=0.02


Tree=9
num_leaves=7
num_cat=0
split_feature=0 13 9 13 0 9
split_gain=4096.83 43.6497 16.8479 12.9067 9.67187 7.10871
threshold=-1.2816653967541698 22.375000000000004 0.70750507683933261 18.375000000000004 -1.5027146707635046 0.069596695821185633
decision_type=8 10 10 8 10 8
left_child=4 3 -3 -2 -1 -5
right_child=1 2 -4 5 -6 -7
leaf_value=-0.024551152143190102 0.0017686625466521257 0.0050490050743386052 0.0071621259425182528 -0.0051062675836411392 -0.022064002500206532 0.0042117734650818995
leaf_weight=1133 1163 3028 3009 33 1396 4310
leaf_count=1133 1163 3028 3009 33 1396 4310
internal_value=-0.000123464 0.0049277 0.00610224 0.00363988 -0.0231783 0.00414097
internal_weight=14072 11543 6037 5506 2529 4343
internal_count=14072 11543 6037 5506 2529 4343
is_linear=0
shrinkage=0.02


Tree=10
num_leaves=7
num_cat=0
split_feature=0 13 0 0 13 13
split_gain=4044.78 44.6056 14.4186 9.91729 8.45269 7.57792
threshold=-1.2816653967541698 20.625000000000004 0.077851478070728536 -1.5027146707635046 24.875000000000004 16.875000000000004
decision_type=8 10 10 10 10 8
left_child=3 5 -3 -1 -4 -2
right_child=1 2 4 -5 -6 -7
leaf_value=-0.024389652299487384 0.00062744766622291033 0.0045964134106096345 0.0056443375467069316 -0.021867260820412217 0.007265805140372456 0.003410603543102856
leaf_weight=1114 446 2863 2901 1416 2310 3192
leaf_count=1114 446 2863 2901 1416 2310 3192
internal_value=-4.56299e-05 0.00490815 0.00573666 -0.0229779 0.00636312 0.0030694
internal_weight=14242 11712 8074 2530 5211 3638
internal_count=14242 11712 8074 2530 5211 3638
is_linear=0
shrinkage=0.02


Tree=11
num_leaves=7
num_cat=0
split_feature=0 13 0 13 0 9
split_gain=3884.61 43.0115 11.4086 10.4838 9.52457 8.68429
threshold=-1.2816653967541698 22.375000000000004 0.077851478070728536 17.875000000000004 -1.5027146707635046 0.093239015067890632
decision_type=8 10 10 8 10 8
left_child=4 3 -3 -2 -1 -5
right_child=1 2 -4 5 -6 -7
leaf_value=-0.023901859506809186 0.0015409770347273449 0.0047624102919402948 0.0065927130383866758 -0.0042884345688656272 -0.021429915362309683 0.0040092927828804274
leaf_weight=1114 878 2057 4033 51 1416 4693
leaf_count=1114 878 2057 4033 51 1416 4693
internal_value=-4.47173e-05 0.00480999 0.0059745 0.00354854 -0.0225184 0.00392009
internal_weight=14242 11712 6090 5622 2530 4744
internal_count=14242 11712 6090 5622 2530 4744
is_linear=0
shrinkage=0.02


Tree=12
num_leaves=7
num_cat=0
split_feature=0 12 0 8 0 0
split_gain=3730.78 21.8178 17.1439 9.62724 9.1474 5.95976
threshold=-1.2816653967541698 -5.2499999999999991 0.077851478070728536 20.145493648543969 -1.5027146707635046 0.36644807385982109
decision_type=8 10 10 10 10 10
left_child=4 3 -3 -2 -1 -4
right_child=1 2 5 -5 -6 -7
leaf_value=-0.023423822821897967 0.0033375776765578549 0.0040485296828930255 0.0053132390921342776 -0.0045717132876494102 -0.021001317229932228 0.0066307969166826998
leaf_weight=1114 2690 3307 3300 63 1416 2352
leaf_count=1114 2690 3307 3300 63 1416 2352
internal_value=-4.3823e-05 0.00471379 0.0051923 0.00315658 -0.022068 0.00586152
internal_weight=14242 11712 8959 2753 2530 5652
internal_count=14242 11712 8959 2753 2530 5652
is_linear=0
shrinkage=0.02


Tree=13
num_leaves=7
num_cat=0
split_feature=0 12 0 0 9 3
split_gain=3583.04 21.277 10.8578 8.78515 8.6739 6.86004
threshold=-1.2816653967541698 1.7500000000000002 0.3420802500306071 -1.5027146707635046 0.59935591972105617 0.82103632019777872
decision_type=8 10 10 10 8 10
left_child=3 2 -2 -1 5 -3
right_child=1 4 -4 -5 -6 -7
leaf_value=-0.022955345256702179 0.00343863897883584 0.004648032069422119 0.0053136093765530122 -0.020581290526841739 0.0060815821322058108 -0.00025767909795831656
leaf_weight=1114 5133 1044 1627 1416 3780 128
leaf_count=1114 5133 1044 1627 1416 3780 128
internal_value=-4.29464e-05 0.00461951 0.00388991 -0.0216266 0.0056155 0.00411225
internal_weight=14242 11712 6760 2530 4952 1172
internal_count=14242 11712 6760 2530 4952 1172
is_linear=0
shrinkage=0.02


Tree=14
num_leaves=7
num_cat=0
split_feature=0 13 0 0 7 9
split_gain=3441.15 39.8868 12.6181 8.43726 7.91971 7.96951
threshold=-1.2816653967541698 20.625000000000004 0.077851478070728536 -1.5027146707635046 -0.24448786459224328 0.63365803758462114
decision_type=8 10 10 10 2 10
left_child=3 -2 -3 -1 -4 -6
right_child=1 2 4 -5 5 -7
leaf_value=-0.022496238944538293 0.0027883509278542285 0.0042439050228588937 0.0011692867996306092 -0.020169664937595044 0.0048720878368133172 0.0065701607372977569
leaf_weight=1114 3638 2863 138 1416 1628 3445
leaf_count=1114 3638 2863 138 1416 1628 3445
internal_value=-4.20875e-05 0.00452712 0.00531058 -0.0211941 0.00589663 0.00602522
internal_weight=14242 11712 8074 2530 5211 5073
internal_count=14242 11712 8074 2530 5211 5073
is_linear=0
shrinkage=0.02


Tree=15
num_leaves=7
num_cat=0
split_feature=0 13 13 2 9 9
split_gain=3182.09 37.0461 14.339 10.9638 9.18926 8.56267
threshold=-1.2816653967541698 23.375000000000004 17.875000000000004 -0.077512632280309565 0.67332290720464594 0.63365803758462114
decision_type=8 10 8 8 10 8
left_child=-1 2 -2 -4 -3 -5
right_child=1 4 3 5 -6 -7
leaf_value=-0.020393716174915758 0.0011013899299596884 0.0047959983510419838 0.0021888495428650113 0.00269219657127173 0.0065163750065803704 0.0047632581877663071
leaf_weight=2509 896 2284 1282 1038 2722 3461
leaf_count=2509 896 2284 1282 1038 2722 3461
internal_value=4.20579e-05 0.00443077 0.00345561 0.00382049 0.00573145 0.00428543
internal_weight=14192 11683 6677 5781 5006 4499
internal_count=14192 11683 6677 5781 5006 4499
is_linear=0
shrinkage=0.02


Tree=16
num_leaves=7
num_cat=0
split_feature=1 13 13 2 9 1
split_gain=3056.08 35.579 13.7712 10.5297 8.82537 8.52832
threshold=-1.2816653967541698 23.375000000000004 17.875000000000004 -0.077512632280309565 0.67332290720464594 0.15889746989767012
decision_type=2 10 8 8 10 2
left_child=-1 2 -2 -4 -3 -5
right_child=1 4 3 5 -6 -7
leaf_value=-0.019985842134007045 0.0010793621170168016 0.0047000783545964563 0.0021450725128781697 0.0031437426058322092 0.0063860476092072703 0.0049177665067402579
leaf_weight=2509 896 2284 1282 1821 2722 2678
leaf_count=2509 896 2284 1282 1821 2722 2678
internal_value=4.12167e-05 0.00434216 0.00338649 0.00374408 0.00561682 0.00419972
internal_weight=14192 11683 6677 5781 5006 4499
internal_count=14192 11683 6677 5781 5006 4499
is_linear=0
shrinkage=0.02


Tree=17
num_leaves=7
num_cat=0
split_feature=2 9 13 8 2 3
split_gain=2633.05 204.103 32.3449 23.8326 18.4337 15.9955
threshold=-0.89459905087045932 1.0000000180025095e-35 20.875000000000004 6.9812205696797554 -0.7857822000136031 -0.78156544352508617
decision_type=8 10 10 10 8 10
left_child=1 3 -2 -1 5 -4
right_child=2 -3 4 -5 -6 -7
leaf_value=-0.019613226457325567 0.0027177464069099949 0.0025405240898101551 0.0011625941352146427 -0.0076935774827564972 0.0050482711460089818 -0.020654010340571401
leaf_weight=2433 3886 184 41 69 7559 20
leaf_count=2433 3886 184 41 69 7559 20
internal_value=4.03925e-05 -0.0177894 0.00420264 -0.0192845 0.0049599 -0.00599039
internal_weight=14192 2686 11506 2502 7620 61
internal_count=14192 2686 11506 2502 7620 61
is_linear=0
shrinkage=0.02


Tree=18
num_leaves=7
num_cat=0
split_feature=0 13 13 2 9 8
split_gain=2821.21 33.3096 13.0119 9.99463 9.0214 8.69802
threshold=-1.2816653967541698 23.375000000000004 17.875000000000004 -0.052665949710083856 0.63365803758462114 6.2504365337686183
decision_type=8 10 8 8 8 8
left_child=-1 2 -2 -4 -5 -3
right_child=1 5 3 4 -6 -7
leaf_value=-0.019202533526785578 0.0010046491994580721 0.0030539161569275602 0.0021062417051737957 0.0024031437704366515 0.0045539068992511049 0.0057008687509519373
leaf_weight=2509 896 559 1375 1013 3393 4447
leaf_count=2509 896 559 1375 1013 3393 4447
internal_value=3.95846e-05 0.00417195 0.00324727 0.00359486 0.00405942 0.00540529
internal_weight=14192 11683 6677 5781 4406 5006
internal_count=14192 11683 6677 5781 4406 5006
is_linear=0
shrinkage=0.02


Tree=19
num_leaves=7
num_cat=0
split_feature=0 13 13 2 9 0
split_gain=2709.49 31.9905 12.4966 9.61044 8.40002 8.22738
threshold=-1.2816653967541698 23.375000000000004 17.875000000000004 -0.077512632280309565 0.67332290720464594 -1.5027146707635046
decision_type=8 10 8 8 10 10
left_child=5 2 -2 -4 -3 -1
right_child=1 4 3 -5 -6 -7
leaf_value=-0.020129468282052226 0.00098455617502103058 0.0044028111349621252 0.0019953447431222395 0.0039582582043598642 0.0060476500774601094 -0.017817969432629185
leaf_weight=1086 896 2284 1282 4499 2722 1423
leaf_count=1086 896 2284 1282 4499 2722 1423
internal_value=3.87929e-05 0.00408852 0.00318233 0.00352296 0.00529719 -0.0188185
internal_weight=14192 11683 6677 5781 5006 2509
internal_count=14192 11683 6677 5781 5006 2509
is_linear=0
shrinkage=0.02


Tree=20
num_leaves=7
num_cat=0
split_feature=1 13 13 1 2 8
split_gain=2651.44 36.154 11.2819 10.716 8.97325 7.68991
threshold=-1.2816653967541698 22.625000000000004 17.875000000000004 0.34928771661689256 -0.077512632280309565 6.2504365337686183
decision_type=2 10 8 2 8 10
left_child=-1 2 -2 -3 -4 -5
right_child=1 3 4 5 -6 -7
leaf_value=-0.018581889283660065 0.00083608768521387154 0.0045486281463819195 0.0016939628865999773 0.0034726530421280962 0.0037416719063643701 0.0069406523793253605
leaf_weight=2523 885 3942 1100 305 3859 1584
leaf_count=2523 885 3942 1100 305 3859 1584
internal_value=1.01526e-05 0.00402794 0.00291622 0.00514214 0.00328745 0.00638071
internal_weight=14198 11675 5844 5831 4959 1889
internal_count=14198 11675 5844 5831 4959 1889
is_linear=0
shrinkage=0.02


Tree=21
num_leaves=7
num_cat=0
split_feature=0 13 13 0 2 8
split_gain=2546.44 34.7223 10.8351 10.0522 8.61791 7.7762
threshold=-1.2816653967541698 22.625000000000004 17.875000000000004 0.34678562448226474 -0.077512632280309565 6.2504365337686183
decision_type=8 10 8 10 8 10
left_child=-1 2 -2 -3 -4 -5
right_child=1 3 4 5 -6 -7
leaf_value=-0.018210251808691229 0.00081936595010697623 0.0044617598533471005 0.0016600836310808188 0.0033185479057996747 0.0036668384601850983 0.0067946408593625779
leaf_weight=2523 885 3930 1100 307 3859 1594
leaf_count=2523 885 3930 1100 307 3859 1594
internal_value=9.94951e-06 0.00394739 0.0028579 0.0050393 0.0032217 0.00623327
internal_weight=14198 11675 5844 5831 4959 1901
internal_count=14198 11675 5844 5831 4959 1901
is_linear=0
shrinkage=0.02


Tree=22
num_leaves=7
num_cat=0
split_feature=1 13 13 1 1 8
split_gain=2445.6 33.3473 10.4061 9.89066 7.16717 7.08633
threshold=-1.2816653967541698 22.625000000000004 17.875000000000004 0.34928771661689256 -1.5027146707635046 6.2504365337686183
decision_type=2 10 8 2 2 10
left_child=4 2 -2 -3 -1 -5
right_child=1 3 -4 5 -6 -7
leaf_value=-0.019057485246480894 0.00080297860488398153 0.0043683136782299969 0.0031572682417839353 0.0033368290244510062 -0.016908076128071964 0.0066659465013042497
leaf_weight=1101 885 3942 4959 305 1422 1584
leaf_count=1101 885 3942 4959 305 1422 1584
internal_value=9.75056e-06 0.00386844 0.00280074 0.00493852 -0.017846 0.00612842
internal_weight=14198 11675 5844 5831 2523 1889
internal_count=14198 11675 5844 5831 2523 1889
is_linear=0
shrinkage=0.02


Tree=23
num_leaves=7
num_cat=0
split_feature=0 13 13 1 2 0
split_gain=2348.76 32.0267 9.99399 9.49899 8.27664 6.88335
threshold=-1.2816653967541698 22.625000000000004 17.875000000000004 0.34928771661689256 -0.077512632280309565 -1.5027146707635046
decision_type=8 10 8 2 8 10
left_child=5 2 -2 -3 -4 -1
right_child=1 3 4 -5 -6 -7
leaf_value=-0.018676335632032991 0.00078691902813813415 0.004280947377701301 0.0015637365677034143 0.0060058550895079566 0.0035303563306284752 -0.016569914465792066
leaf_weight=1101 885 3942 1100 1889 3859 1422
leaf_count=1101 885 3942 1100 1889 3859 1422
internal_value=9.55554e-06 0.00379107 0.00274473 0.00483975 0.00309412 -0.0174891
internal_weight=14198 11675 5844 5831 4959 2523
internal_count=14198 11675 5844 5831 4959 2523
is_linear=0
shrinkage=0.02


Tree=24
num_leaves=7
num_cat=0
split_feature=1 13 2 9 9 6
split_gain=2255.75 30.7585 9.64252 9.35929 9.31542 7.83861
threshold=-1.2816653967541698 22.625000000000004 -0.025446360103582016 0.63365803758462114 0.67332290720464594 0.010764702416137311
decision_type=2 10 10 8 10 2
left_child=-1 2 -2 5 -3 -4
right_child=1 4 3 -5 -6 -7
leaf_value=-0.017139342943424403 0.0016018519433626274 0.0038646954350441552 0.0010856140868512115 0.0038715284035891 0.0054705608168874563 0.0086173111663626154
leaf_weight=2523 2092 2642 875 2818 3189 59
leaf_count=2523 2092 2642 875 2818 3189 59
internal_value=9.36445e-06 0.00371525 0.00268983 0.00329646 0.00474295 0.00156139
internal_weight=14198 11675 5844 3752 5831 934
internal_count=14198 11675 5844 3752 5831 934
is_linear=0
shrinkage=0.02


Tree=25
num_leaves=7
num_cat=0
split_feature=0 13 9 13 8 2
split_gain=2198.54 32.9908 9.19108 8.55402 7.81061 7.36998
threshold=-1.2816653967541698 22.625000000000004 0.069596695821185633 18.375000000000004 6.2504365337686183 0.054127514434528588
decision_type=8 10 8 8 8 8
left_child=-1 2 -2 -4 -3 -5
right_child=1 4 3 5 -6 -7
leaf_value=-0.016934043991355213 -0.0059014940152273456 0.00257937671542759 0.0010974762913827686 0.0018684113288381765 0.0049379925952902307 0.0035720233533334971
leaf_weight=2537 51 630 1168 1511 5173 3099
leaf_count=2537 51 630 1168 1511 5173 3099
internal_value=-6.48374e-05 0.00361442 0.00255168 0.00262629 0.00468193 0.00301364
internal_weight=14169 11632 5829 5778 5803 4610
internal_count=14169 11632 5829 5778 5803 4610
is_linear=0
shrinkage=0.02


Tree=26
num_leaves=7
num_cat=0
split_feature=0 13 1 3 13 8
split_gain=2111.48 31.6844 9.12053 9.87834 8.80112 7.50131
threshold=-1.2816653967541698 22.625000000000004 0.22632580309356568 -0.090231155841716912 16.125000000000004 6.2504365337686183
decision_type=8 10 2 10 8 8
left_child=-1 2 3 -2 -5 -3
right_child=1 5 -4 4 -6 -7
leaf_value=-0.016595363149087758 0.00060534012474658242 0.002527789213693708 0.0035009544060022224 -0.0029896443705279929 0.0030311630743846073 0.0048392326944431078
leaf_weight=2537 1456 630 2243 102 2028 5173
leaf_count=2537 1456 630 2243 102 2028 5173
internal_value=-6.35406e-05 0.00354214 0.00250065 0.00187497 0.00274284 0.00458829
internal_weight=14169 11632 5829 3586 2130 5803
internal_count=14169 11632 5829 3586 2130 5803
is_linear=0
shrinkage=0.02


Tree=27
num_leaves=7
num_cat=0
split_feature=0 13 1 3 13 8
split_gain=2027.86 30.4297 8.75936 9.48716 8.4526 7.20426
threshold=-1.2816653967541698 22.625000000000004 0.22632580309356568 -0.090231155841716912 16.125000000000004 6.2504365337686183
decision_type=8 10 2 10 8 8
left_child=-1 2 3 -2 -5 -3
right_child=1 5 -4 4 -6 -7
leaf_value=-0.016263455878776176 0.00059323330765547215 0.0024772334114485789 0.0034309353134220001 -0.002929851403094682 0.0029705398275416584 0.0047424480703774866
leaf_weight=2537 1456 630 2243 102 2028 5173
leaf_count=2537 1456 630 2243 102 2028 5173
internal_value=-6.22698e-05 0.00347129 0.00245063 0.00183747 0.00268799 0.00449653
internal_weight=14169 11632 5829 3586 2130 5803
internal_count=14169 11632 5829 3586 2130 5803
is_linear=0
shrinkage=0.02


Tree=28
num_leaves=7
num_cat=0
split_feature=0 12 0 7 8 6
split_gain=1947.56 17.0173 11.4894 6.56267 7.07173 6.51899
threshold=-1.2816653967541698 -8.7499999999999982 0.34514894813548253 0.22319663464287959 9.5523867345747835 -0.68026490960840491
decision_type=8 8 10 2 8 2
left_child=-1 5 3 -3 -5 -2
right_child=1 2 -4 4 -6 -7
leaf_value=-0.01593818659243617 -0.006294411081751326 0.0023190585897672361 0.0046596534882167671 0.0026278499582935554 0.0041204726226478673 0.001035858791547621
leaf_weight=2537 52 2347 3000 1986 3520 727
leaf_count=2537 52 2347 3000 1986 3520 727
internal_value=-6.10244e-05 0.00340187 0.00360682 0.00320461 0.00358209 0.000546547
internal_weight=14169 11632 10853 7853 5506 779
internal_count=14169 11632 10853 7853 5506 779
is_linear=0
shrinkage=0.02


Tree=29
num_leaves=7
num_cat=0
split_feature=1 13 9 13 9 2
split_gain=1870.44 28.8401 8.7356 7.75045 7.0405 6.68615
threshold=-1.2816653967541698 22.625000000000004 0.069596695821185633 18.375000000000004 0.71874530866340525 0.054127514434528588
decision_type=2 10 8 8 10 8
left_child=-1 2 -2 -4 -3 -5
right_child=1 4 3 5 -6 -7
leaf_value=-0.015619423015716394 -0.0059008708609012417 0.0036538899122931113 0.00095769016136541298 0.0016908264298959228 0.0050476705297248575 0.0033134791448517537
leaf_weight=2537 51 2980 1168 1511 2823 3099
leaf_count=2537 51 2980 1168 1511 2823 3099
internal_value=-5.98039e-05 0.00333383 0.00234019 0.00241293 0.00433193 0.00278163
internal_weight=14169 11632 5829 5778 5803 4610
internal_count=14169 11632 5829 5778 5803 4610
is_linear=0
shrinkage=0.02


Tree=30
num_leaves=7
num_cat=0
split_feature=0 12 9 7 1 10
split_gain=1775.71 14.4636 11.3135 10.5472 8.04651 7.52866
threshold=-1.2816653967541698 -8.7499999999999982 0.61021915935966964 0.06346047009806835 0.49221106460686137 11.500000000000002
decision_type=8 10 10 2 2 2
left_child=-1 -2 5 -4 -5 -3
right_child=1 2 3 4 -6 -7
leaf_value=-0.015203512701490998 0.0012924268741472389 0.0032205891895182182 0.0023435536894042225 0.0042200940384438754 0.0067678810673080401 0.0011202458845818036
leaf_weight=2504 1215 3118 1113 4797 553 874
leaf_count=2504 1215 3118 1113 4797 553 874
internal_value=7.87639e-05 0.00335784 0.00359787 0.00411493 0.00448344 0.00276074
internal_weight=14174 11670 10455 6463 5350 3992
internal_count=14174 11670 10455 6463 5350 3992
is_linear=0
shrinkage=0.02


Tree=31
num_leaves=7
num_cat=0
split_feature=0 13 13 2 1 0
split_gain=1705.39 27.2716 10.1115 7.77645 6.66661 6.55822
threshold=-1.2816653967541698 22.625000000000004 16.875000000000004 -0.17546800535196275 0.34627076885349106 -0.084059867489278725
decision_type=8 10 8 8 2 8
left_child=-1 2 -2 5 -3 -4
right_child=1 4 3 -5 -6 -7
leaf_value=-0.014899442406455292 -0.00056130030310409243 0.0037889839590868192 -0.0041942396627532115 0.002922030661589671 0.0052327805268838909 0.0014721955780284668
leaf_weight=2504 448 3924 90 4424 1898 886
leaf_count=2504 448 3924 90 4424 1898 886
internal_value=7.71886e-05 0.00329068 0.00232601 0.00256555 0.00425967 0.000949676
internal_weight=14174 11670 5848 5400 5822 976
internal_count=14174 11670 5848 5400 5822 976
is_linear=0
shrinkage=0.02


Tree=32
num_leaves=7
num_cat=0
split_feature=0 1 6 9 8 8
split_gain=1637.86 11.8608 7.10086 6.85106 8.23802 7.82473
threshold=-1.2816653967541698 0.34627076885349106 -0.64787656259572601 0.55233271709070575 20.886698512422878 11.054078693014093
decision_type=8 2 2 10 10 8
left_child=-1 3 -3 -2 5 -5
right_child=1 2 -4 4 -6 -7
leaf_value=-0.014601453860809105 0.0020829844271835897 0.00010412808399527305 0.004494901099733428 0.0026499362005446441 -0.0037064696631894738 0.0041781081557279512
leaf_weight=2504 3072 155 2977 2926 67 2473
leaf_count=2504 3072 155 2977 2926 67 2473
internal_value=7.56448e-05 0.00322487 0.00427761 0.00283869 0.00326342 0.00334991
internal_weight=14174 11670 3132 8538 5466 5399
internal_count=14174 11670 3132 8538 5466 5399
is_linear=0
shrinkage=0.02


Tree=33
num_leaves=7
num_cat=0
split_feature=1 13 13 2 9 1
split_gain=1573 26.078 9.70333 7.43233 7.10556 6.33914
threshold=-1.2816653967541698 22.625000000000004 16.875000000000004 -0.17546800535196275 0.60753148483015129 -1.480209135482595
decision_type=2 10 8 8 10 2
left_child=5 2 -2 -4 -3 -1
right_child=1 4 3 -5 -6 -7
leaf_value=-0.015222747191925271 -0.00061138311742719715 0.0032117317228254651 0.00087198279611658996 0.0028002039890434489 0.0046526555898065312 -0.013200678559235082
leaf_weight=1373 448 2201 976 4424 3621 1131
leaf_count=1373 448 2201 976 4424 3621 1131
internal_value=7.41319e-05 0.00316037 0.00221704 0.0024517 0.00410792 -0.0143094
internal_weight=14174 11670 5848 5400 5822 2504
internal_count=14174 11670 5848 5400 5822 2504
is_linear=0
shrinkage=0.02


Tree=34
num_leaves=7
num_cat=0
split_feature=0 13 13 9 0 3
split_gain=1510.71 25.0453 9.31908 6.82418 6.08811 5.97704
threshold=-1.2816653967541698 22.625000000000004 16.875000000000004 0.60753148483015129 -1.480209135482595 -0.085669176048263282
decision_type=8 10 8 10 10 10
left_child=4 2 -2 -3 -1 -4
right_child=1 3 5 -5 -6 -7
leaf_value=-0.014918292250317364 -0.000599155503457171 0.0031474971008421037 0.0017245828262288999 0.0045596024486553536 -0.01293666484229951 0.003055599618018896
leaf_weight=1373 448 2201 2649 3621 1131 2751
leaf_count=1373 448 2201 2649 3621 1131 2751
internal_value=7.26493e-05 0.00309716 0.0021727 0.00402576 -0.0140232 0.00240266
internal_weight=14174 11670 5848 5822 2504 5400
internal_count=14174 11670 5848 5822 2504 5400
is_linear=0
shrinkage=0.02


Tree=35
num_leaves=7
num_cat=0
split_feature=0 13 2 0 9 12
split_gain=1460.67 21.9628 12.6646 8.23512 6.96047 10.7346
threshold=-1.2816653967541698 25.125000000000004 -0.017987840893824974 -1.5027146707635046 0.35109828505881807 -7.2499999999999991
decision_type=8 10 8 10 8 8
left_child=3 2 -2 -1 5 -4
right_child=1 -3 4 -5 -6 -7
leaf_value=-0.015143456680625694 0.0010903412997796465 0.0043485331836295698 -0.0059362145410850643 -0.012844559195370022 0.0030333955766971726 0.0019298773929328909
leaf_weight=1119 2223 3124 85 1407 5837 378
leaf_count=1119 2223 3124 85 1407 5837 378
internal_value=-7.60835e-05 0.00291401 0.00238821 -0.013863 0.00284617 0.000485778
internal_weight=14173 11647 8523 2526 6300 463
internal_count=14173 11647 8523 2526 6300 463
is_linear=0
shrinkage=0.02


Tree=36
num_leaves=7
num_cat=0
split_feature=0 0 2 12 0 8
split_gain=1402.83 15.9533 11.607 8.27789 7.90901 7.6484
threshold=-1.2816653967541698 0.35091668148682376 0.084734689709876895 6.7500000000000009 -1.5027146707635046 5.1247719962342613
decision_type=8 10 10 10 10 8
left_child=4 2 3 5 -1 -2
right_child=1 -3 -4 -5 -6 -7
leaf_value=-0.014840587684476849 -0.0019061408821975678 0.0040926761452366525 0.0030447859143362481 0.0045920472603080513 -0.012587667963288489 0.0015485151462961116
leaf_weight=1119 280 3071 4935 327 1407 3034
leaf_count=1119 280 3071 4935 327 1407 3034
internal_value=-7.45618e-05 0.00285573 0.00241279 0.00155619 -0.0135857 0.00125663
internal_weight=14173 11647 8576 3641 2526 3314
internal_count=14173 11647 8576 3641 2526 3314
is_linear=0
shrinkage=0.02


Tree=37
num_leaves=7
num_cat=0
split_feature=1 13 2 1 9 12
split_gain=1347.28 20.7976 11.7994 7.59582 6.65211 10.2985
threshold=-1.2816653967541698 25.125000000000004 -0.017987840893824974 -1.5027146707635046 0.35109828505881807 -7.2499999999999991
decision_type=2 10 8 2 8 8
left_child=3 2 -2 -1 5 -4
right_child=1 -3 4 -5 -6 -7
leaf_value=-0.014543775801552177 0.0010341988905767433 0.004194568597717622 -0.0058686866461135009 -0.012335914594932794 0.0029120244396943803 0.0018359341435614854
leaf_weight=1119 2223 3124 85 1407 5837 378
leaf_count=1119 2223 3124 85 1407 5837 378
internal_value=-7.30706e-05 0.00279862 0.00228695 -0.013314 0.00272899 0.000421479
internal_weight=14173 11647 8523 2526 6300 463
internal_count=14173 11647 8523 2526 6300 463
is_linear=0
shrinkage=0.02


Tree=38
num_leaves=7
num_cat=0
split_feature=1 13 1 3 8 1
split_gain=1293.92 19.974 9.75455 10.9345 7.4183 7.29502
threshold=-1.2816653967541698 25.125000000000004 0.34627076885349106 -0.08078202813150652 5.2367712306312049 -1.5027146707635046
decision_type=2 10 2 8 10 2
left_child=5 2 3 4 -2 -1
right_child=1 -3 -4 -5 -6 -7
leaf_value=-0.0142529003426659 -0.0025745919429006575 0.0041106772023907813 0.0034587634525623397 0.0024633058674416127 0.0011375564595356063 -0.012089196395581718
leaf_weight=1119 241 3124 2011 4249 2022 1407
leaf_count=1119 241 3124 2011 4249 2022 1407
internal_value=-7.16092e-05 0.00274264 0.00224121 0.00186521 0.000742228 -0.0130477
internal_weight=14173 11647 8523 6512 2263 2526
internal_count=14173 11647 8523 6512 2263 2526
is_linear=0
shrinkage=0.02


Tree=39
num_leaves=7
num_cat=0
split_feature=0 13 2 0 9 12
split_gain=1242.69 19.1831 10.983 7.00614 6.37822 9.88541
threshold=-1.2816653967541698 25.125000000000004 -0.017987840893824974 -1.5027146707635046 0.35109828505881807 -7.2499999999999991
decision_type=8 10 8 10 8 8
left_child=3 2 -2 -1 5 -4
right_child=1 -3 4 -5 -6 -7
leaf_value=-0.013967842317304739 0.00098775329233106979 0.0040284636668057785 -0.0057993805071010311 -0.011847412332946367 0.0028020865218238355 0.00174915022301123
leaf_weight=1119 2223 3124 85 1407 5837 378
leaf_count=1119 2223 3124 85 1407 5837 378
internal_value=-7.0177e-05 0.00268779 0.00219638 -0.0127867 0.00262286 0.000363351
internal_weight=14173 11647 8523 2526 6300 463
internal_count=14173 11647 8523 2526 6300 463
is_linear=0
shrinkage=0.02


Tree=40
num_leaves=7
num_cat=0
split_feature=0 13 13 9 8 0
split_gain=1191.65 16.5245 8.66603 6.89334 7.20783 6.31188
threshold=-1.2816653967541698 25.375000000000004 19.625000000000004 0.72106068332483442 9.5132151649240182 -1.5027146707635046
decision_type=8 10 10 10 8 10
left_child=5 2 -2 4 -4 -1
right_child=1 -3 3 -5 -6 -7
leaf_value=-0.013560425092314426 0.001383038369565904 0.0040959178827714212 0.00084831570426505435 0.0034472581209700017 0.002820749375260014 -0.011540144026600297
leaf_weight=1107 2656 2824 1160 2952 2052 1402
leaf_count=1107 2656 2824 1160 2952 2052 1402
internal_value=7.05207e-05 0.00276441 0.00233808 0.0027496 0.00210841 -0.0124315
internal_weight=14153 11644 8820 6164 3212 2509
internal_count=14153 11644 8820 6164 3212 2509
is_linear=0
shrinkage=0.02


Tree=41
num_leaves=7
num_cat=0
split_feature=0 13 13 9 0 7
split_gain=1144.46 15.8701 8.32285 6.62036 6.06193 5.49338
threshold=-1.2816653967541698 25.375000000000004 19.625000000000004 0.72106068332483442 -1.5027146707635046 0.8569696167017653
decision_type=8 10 10 10 10 2
left_child=4 2 5 -4 -1 -2
right_child=1 -3 3 -5 -6 -7
leaf_value=-0.013289216709453553 0.0011400119993382582 0.0040139995227292807 0.0020662451786567005 0.0033783129806228404 -0.011309341182552994 0.0051968279044170276
leaf_weight=1107 2515 2824 3212 2952 1402 141
leaf_count=1107 2515 2824 3212 2952 1402 141
internal_value=6.91103e-05 0.00270912 0.00229132 0.00269461 -0.0121829 0.00135538
internal_weight=14153 11644 8820 6164 2509 2656
internal_count=14153 11644 8820 6164 2509 2656
is_linear=0
shrinkage=0.02


Tree=42
num_leaves=7
num_cat=0
split_feature=0 13 0 13 0 1
split_gain=1099.14 15.2417 8.01876 7.27088 5.82188 5.48955
threshold=-1.2816653967541698 25.375000000000004 0.34514894813548253 16.875000000000004 -1.5027146707635046 0.28042239183310796
decision_type=8 10 10 10 10 2
left_child=4 2 3 -2 -1 -5
right_child=1 -3 -4 5 -6 -7
leaf_value=-0.013023432414860592 -7.1606643516385907e-06 0.0039337195252654921 0.0033358407145785752 0.0023442059614106033 -0.01108315432942592 0.00038939349386626692
leaf_weight=1107 707 2824 2066 5404 1402 643
leaf_count=1107 707 2824 2066 5404 1402 643
internal_value=6.77281e-05 0.00265494 0.00224549 0.00191196 -0.0119392 0.00213634
internal_weight=14153 11644 8820 6754 2509 6047
internal_count=14153 11644 8820 6754 2509 6047
is_linear=0
shrinkage=0.02


Tree=43
num_leaves=7
num_cat=0
split_feature=0 13 0 7 0 13
split_gain=1055.61 14.7507 9.42194 7.45016 5.59133 5.33366
threshold=-1.2816653967541698 19.625000000000004 0.34514894813548253 -0.19241197791669973 -1.5027146707635046 25.625000000000004
decision_type=8 10 10 2 10 10
left_child=4 -2 5 -4 -1 -3
right_child=1 2 3 -5 -6 -7
leaf_value=-0.012762963813409888 0.001292345100345827 0.0022339367444840696 -0.0011517456617137348 0.0042119916225111268 -0.010861491200632215 0.0035680667764998297
leaf_weight=1107 2656 4743 108 2533 1402 1604
leaf_count=1107 2656 4743 108 2533 1402 1604
internal_value=6.63735e-05 0.00260184 0.0029888 0.00399265 -0.0117004 0.0025711
internal_weight=14153 11644 8988 2641 2509 6347
internal_count=14153 11644 8988 2641 2509 6347
is_linear=0
shrinkage=0.02


Tree=44
num_leaves=7
num_cat=0
split_feature=0 13 1 7 0 7
split_gain=1013.81 14.1666 9.17954 7.19807 5.36991 5.26565
threshold=-1.2816653967541698 19.625000000000004 0.34627076885349106 -0.19241197791669973 -1.5027146707635046 0.8569696167017653
decision_type=8 10 2 2 10 2
left_child=4 5 -3 -4 -1 -2
right_child=1 2 3 -5 -6 -7
leaf_value=-0.01250770445994788 0.0010556438533699409 0.0025195996440549014 -0.0011287107377278584 0.0041446163112173759 -0.01064426133313652 0.0050274816737675386
leaf_weight=1107 2515 6373 108 2507 1402 141
leaf_count=1107 2515 6373 108 2507 1402 141
internal_value=6.50461e-05 0.0025498 0.00292902 0.00392683 -0.0114664 0.0012665
internal_weight=14153 11644 8988 2615 2509 2656
internal_count=14153 11644 8988 2615 2509 2656
is_linear=0
shrinkage=0.02


Tree=45
num_leaves=7
num_cat=0
split_feature=0 12 8 0 12 0
split_gain=953.09 14.3532 8.08321 8.84997 6.157 5.20657
threshold=-1.2816653967541698 -5.2499999999999991 11.383836780046805 0.14201785467089748 4.7500000000000009 0.51134406366070528
decision_type=8 10 10 10 10 10
left_child=4 -2 3 -3 -1 -4
right_child=1 2 5 -5 -6 -7
leaf_value=-0.011628892739925236 0.0011450297705775795 0.0014343056248211272 0.0033428325300372181 0.0030432589663892907 -0.009075692577119595 0.0061474492892719295
leaf_weight=2053 2708 2426 3043 3134 463 290
leaf_count=2053 2708 2426 3043 3134 463 290
internal_value=-2.28314e-07 0.00241987 0.00280807 0.00234122 -0.011159 0.00358686
internal_weight=14117 11601 8893 5560 2516 3333
internal_count=14117 11601 8893 5560 2516 3333
is_linear=0
shrinkage=0.02


Tree=46
num_leaves=7
num_cat=0
split_feature=0 13 8 13 9 12
split_gain=915.348 20.3923 6.79906 6.33975 7.19169 5.91318
threshold=-1.2816653967541698 20.625000000000004 11.430070980070981 23.375000000000004 0.60282844411937708 4.7500000000000009
decision_type=8 10 10 10 8 10
left_child=5 -2 3 4 -3 -1
right_child=1 2 -4 -5 -6 -7
leaf_value=-0.01139631497771308 0.001126916864656508 -0.00072021452868555448 0.0036993191736147055 0.0030434996853063757 0.0022366493697487727 -0.0088941786977760184
leaf_weight=2053 3622 423 2947 3128 1481 463
leaf_count=2053 3622 423 2947 3128 1481 463
internal_value=-2.23766e-07 0.00237147 0.00293643 0.00248965 0.00157974 -0.0109359
internal_weight=14117 11601 7979 5032 1904 2516
internal_count=14117 11601 7979 5032 1904 2516
is_linear=0
shrinkage=0.02


Tree=47
num_leaves=7
num_cat=0
split_feature=0 13 7 8 13 9
split_gain=879.1 19.5847 6.82879 6.52982 6.08869 6.9069
threshold=-1.2816653967541698 20.625000000000004 1.0651906309569641 11.430070980070981 23.375000000000004 0.60282844411937708
decision_type=8 10 2 10 10 8
left_child=-1 2 -2 4 5 -3
right_child=1 3 -4 -5 -6 -7
leaf_value=-0.010717148863958319 0.00097554529075822769 -0.00070581028619935259 0.0069580336337765822 0.0036253327836651382 0.0029826296967160109 0.002191916390900865
leaf_weight=2516 3544 423 78 2947 3128 1481
leaf_count=2516 3544 423 78 2947 3128 1481
internal_value=-2.1928e-07 0.00232405 0.00110438 0.0028777 0.00243985 0.00154815
internal_weight=14117 11601 3622 7979 5032 1904
internal_count=14117 11601 3622 7979 5032 1904
is_linear=0
shrinkage=0.02


Tree=48
num_leaves=7
num_cat=0
split_feature=1 13 7 8 13 9
split_gain=844.288 18.8092 6.55837 6.27124 5.84758 6.63339
threshold=-1.2816653967541698 20.625000000000004 1.0651906309569641 11.430070980070981 23.375000000000004 0.60282844411937708
decision_type=2 10 2 10 10 8
left_child=-1 2 -2 4 5 -3
right_child=1 3 -4 -5 -6 -7
leaf_value=-0.010502805836990448 0.00095603435473131531 -0.00069169409514732879 0.0068188729196882406 0.0035528261302989312 0.0029229771133961547 0.0021480780670099881
leaf_weight=2516 3544 423 78 2947 3128 1481
leaf_count=2516 3544 423 78 2947 3128 1481
internal_value=-2.14891e-07 0.00227756 0.00108229 0.00282015 0.00239106 0.00151718
internal_weight=14117 11601 3622 7979 5032 1904
internal_count=14117 11601 3622 7979 5032 1904
is_linear=0
shrinkage=0.02


Tree=49
num_leaves=7
num_cat=0
split_feature=0 13 7 8 0 12
split_gain=810.854 18.0643 6.29866 6.0229 5.9822 5.67902
threshold=-1.2816653967541698 20.625000000000004 1.0651906309569641 11.430070980070981 0.14201785467089748 4.7500000000000009
decision_type=8 10 2 10 10 10
left_child=5 2 -2 4 -3 -1
right_child=1 3 -4 -5 -6 -7
leaf_value=-0.010743989678986845 0.00093691367976188019 0.0015304066861526191 0.0066824954064101738 0.0034817696324840287 0.0029282696813555664 -0.0082918961464299688
leaf_weight=2053 3544 2106 78 2947 2926 463
leaf_count=2053 3544 2106 78 2947 2926 463
internal_value=-2.1062e-07 0.00223201 0.00106065 0.00276375 0.00234323 -0.0102927
internal_weight=14117 11601 3622 7979 5032 2516
internal_count=14117 11601 3622 7979 5032 2516
is_linear=0
shrinkage=0.02


Tree=50
num_leaves=7
num_cat=0
split_feature=2 9 7 8 13 2
split_gain=693.102 65.2053 14.1649 11.2648 10.5101 6.11463
threshold=-0.89459905087045932 0.069596695821185633 0.06346047009806835 5.0029154518950447 25.625000000000004 -0.13968843519143564
decision_type=8 10 2 8 10 8
left_child=1 -1 5 -4 -5 -2
right_child=2 -3 3 4 -6 -7
leaf_value=-0.0098413170415733338 -0.0017483378691015999 0.0024325079786320846 -0.00016030091135729133 0.0023895060880197937 0.0039891247327391213 0.0012345845015576807
leaf_weight=2503 334 186 556 6854 2161 1553
leaf_count=2503 334 186 556 6854 2161 1553
internal_value=0.000145758 -0.00899233 0.00229031 0.00260255 0.00277295 0.000706606
internal_weight=14147 2689 11458 9571 9015 1887
internal_count=14147 2689 11458 9571 9015 1887
is_linear=0
shrinkage=0.02


Tree=51
num_leaves=7
num_cat=0
split_feature=0 13 0 7 13 7
split_gain=746.32 14.2307 6.47484 6.43882 6.95733 5.98904
threshold=-1.2816653967541698 20.625000000000004 0.51134406366070528 0.64664540223645084 17.875000000000004 -0.11550315004616533
decision_type=8 10 10 2 8 2
left_child=-1 3 -3 -2 -5 -4
right_child=1 2 5 4 -6 -7
leaf_value=-0.0097410618331078766 0.00085516900977053434 0.0025642300513198284 -0.0021050145646885916 -0.00057733705139481552 0.0043527183609779231 0.0049932549783725825
leaf_weight=2513 3003 7270 51 153 455 702
leaf_count=2513 3003 7270 51 153 455 702
internal_value=0.000142843 0.00227781 0.00274708 0.00123518 0.0031121 0.0045125
internal_weight=14147 11634 8023 3611 608 753
internal_count=14147 11634 8023 3611 608 753
is_linear=0
shrinkage=0.02


Tree=52
num_leaves=7
num_cat=0
split_feature=0 7 12 0 2 0
split_gain=716.765 12.5572 9.02968 7.43236 5.33661 5.22034
threshold=-1.2816653967541698 0.06346047009806835 -8.7499999999999982 0.077851478070728536 0.0642622623698028 0.52808567318227129
decision_type=8 2 10 10 10 10
left_child=-1 -2 -3 -4 5 -5
right_child=1 2 3 4 -6 -7
leaf_value=-0.0095462406840679127 0.00075430742304024537 0.00061847474951577891 0.0019758318729890278 0.0019516677683575449 0.0036267335924318202 0.0053687233821256087
leaf_weight=2513 1920 902 3339 1690 3583 200
leaf_count=2513 1920 902 3339 1690 3583 200
internal_value=0.000139986 0.00223226 0.00252438 0.00271947 0.00317315 0.00231326
internal_weight=14147 11634 9714 8812 5473 1890
internal_count=14147 11634 9714 8812 5473 1890
is_linear=0
shrinkage=0.02


Tree=53
num_leaves=7
num_cat=0
split_feature=0 7 12 0 2 0
split_gain=688.382 12.0599 8.6721 7.13803 5.12528 5.01362
threshold=-1.2816653967541698 0.06346047009806835 -8.7499999999999982 0.077851478070728536 0.0642622623698028 0.52808567318227129
decision_type=8 2 10 10 10 10
left_child=-1 -2 -3 -4 5 -5
right_child=1 2 3 4 -6 -7
leaf_value=-0.0093553158646034317 0.00073922127581014737 0.00060610524524171573 0.0019363152260289829 0.0019126344127621856 0.0035541989056054398 0.0052613489133305847
leaf_weight=2513 1920 902 3339 1690 3583 200
leaf_count=2513 1920 902 3339 1690 3583 200
internal_value=0.000137186 0.00218761 0.00247389 0.00266508 0.00310969 0.002267
internal_weight=14147 11634 9714 8812 5473 1890
internal_count=14147 11634 9714 8812 5473 1890
is_linear=0
shrinkage=0.02


Tree=54
num_leaves=7
num_cat=0
split_feature=0 13 8 7 8 7
split_gain=661.122 13.3781 9.02313 6.08889 7.53038 5.31747
threshold=-1.2816653967541698 23.375000000000004 0.68472027247249245 0.22319663464287959 9.690299291700752 0.06346047009806835
decision_type=8 10 8 2 8 2
left_child=-1 2 -2 -4 -5 -3
right_child=1 5 3 4 -6 -7
leaf_value=-0.0091682095871478547 -0.0069955143134812926 0.0011488864829321628 0.0008085111196127748 0.00095086067235822399 0.002711092515985379 0.0031647346523237837
leaf_weight=2513 49 594 2373 1522 2691 4405
leaf_count=2513 49 594 2373 1522 2691 4405
internal_value=0.000134443 0.00214386 0.00155517 0.00161879 0.00207519 0.0029252
internal_weight=14147 11634 6635 6586 4213 4999
internal_count=14147 11634 6635 6586 4213 4999
is_linear=0
shrinkage=0.02


Tree=55
num_leaves=7
num_cat=0
split_feature=0 0 12 8 0 8
split_gain=594.418 13.4282 6.20477 5.17453 7.29708 6.29038
threshold=-1.2816653967541698 0.055440560625064396 6.7500000000000009 20.145493648543969 -0.39242525727771821 25.009242375472088
decision_type=8 10 10 8 8 8
left_child=-1 3 -3 -2 -5 -6
right_child=1 2 -4 4 5 -7
leaf_value=-0.0089256153084131366 0.0012950771021315417 0.002198460915531433 0.0038416390784539629 0.011077760196290911 -0.0060153852656974899 -0.00023995485079692267
leaf_weight=2444 3666 6343 1075 20 91 441
leaf_count=2444 3666 6343 1075 20 91 441
internal_value=4.09434e-05 0.00192426 0.00243659 0.00102325 -0.000782002 -0.00122786
internal_weight=14080 11636 7418 4218 552 532
internal_count=14080 11636 7418 4218 552 532
is_linear=0
shrinkage=0.02


Tree=56
num_leaves=7
num_cat=0
split_feature=1 1 6 2 8 1
split_gain=570.879 9.75793 5.31043 5.19774 7.6397 8.22257
threshold=-1.2816653967541698 0.34928771661689256 -0.64787656259572601 0.23147716497039902 19.606026946591211 0.093857354568292459
decision_type=2 2 2 10 10 2
left_child=-1 3 -3 -2 -5 -6
right_child=1 2 -4 4 5 -7
leaf_value=-0.0087471030894530205 0.0010861347198535829 -0.00078827129611501998 0.0030329948389222357 0.002247014263866668 -0.010939198642703039 0.00032412407323718071
leaf_weight=2444 4659 153 2956 3733 35 100
leaf_count=2444 4659 153 2956 3733 35 100
internal_value=4.01245e-05 0.00188577 0.00284494 0.00153606 0.00207798 -0.002596
internal_weight=14080 11636 3109 8527 3868 135
internal_count=14080 11636 3109 8527 3868 135
is_linear=0
shrinkage=0.02


Tree=57
num_leaves=7
num_cat=0
split_feature=0 0 12 8 8 0
split_gain=548.272 12.6565 5.91984 5.02794 4.85284 7.03577
threshold=-1.2816653967541698 0.055440560625064396 6.7500000000000009 6.1786334661236291 20.145493648543969 -0.39242525727771821
decision_type=8 10 10 8 8 8
left_child=-1 4 3 -3 -2 -6
right_child=1 2 -4 -5 5 -7
leaf_value=-0.0085721609649678805 0.0012365660486114082 0.00031389551438792696 0.0037178579319032254 0.0022891041105437063 0.010870558436494321 -0.0012127120491586402
leaf_weight=2444 3666 566 1075 5777 20 532
leaf_count=2444 3666 566 1075 5777 20 532
internal_value=3.93221e-05 0.00184806 0.00234545 0.00211285 0.000973328 -0.000774912
internal_weight=14080 11636 7418 6343 4218 552
internal_count=14080 11636 7418 6343 4218 552
is_linear=0
shrinkage=0.02


Tree=58
num_leaves=7
num_cat=0
split_feature=0 13 1 13 13 3
split_gain=526.56 14.214 5.96897 6.77116 7.52581 5.46595
threshold=-1.2816653967541698 23.375000000000004 0.2471184261685912 16.125000000000004 15.125000000000002 -0.093989920265143023
decision_type=8 10 2 8 10 10
left_child=-1 2 3 4 -2 -5
right_child=1 -3 -4 5 -6 -7
leaf_value=-0.0084007177334986648 0.0015165839386779979 0.0026095097788038676 0.0019990300002092516 2.6697288531696896e-05 -0.0061286861984393539 0.0015355553810201289
leaf_weight=2444 92 5049 2382 1605 117 2391
leaf_count=2444 92 5049 2382 1605 117 2391
internal_value=3.85356e-05 0.0018111 0.00119911 0.000745977 -0.0027633 0.00092952
internal_weight=14080 11636 6587 4205 209 3996
internal_count=14080 11636 6587 4205 209 3996
is_linear=0
shrinkage=0.02


Tree=59
num_leaves=7
num_cat=0
split_feature=0 13 13 0 0 2
split_gain=505.709 13.6511 5.53985 5.27157 6.32696 5.71934
threshold=-1.2816653967541698 23.375000000000004 16.875000000000004 0.054156530758826003 -0.39242525727771821 0.89537604191916997
decision_type=8 10 8 10 8 8
left_child=-1 2 -2 4 -3 -6
right_child=1 3 -4 -5 5 -7
leaf_value=-0.0082327033765446124 -0.00096937158672379662 0.0094262641477398587 0.001331997133175399 0.0029832412172898499 0.0019924340368614453 -0.0010864021055317383
leaf_weight=2444 449 40 6138 3520 1186 303
leaf_count=2444 449 40 6138 3520 1186 303
internal_value=3.77649e-05 0.00177488 0.00117513 0.00255732 0.00157678 0.00136591
internal_weight=14080 11636 6587 5049 1529 1489
internal_count=14080 11636 6587 5049 1529 1489
is_linear=0
shrinkage=0.02


Tree=60
num_leaves=7
num_cat=0
split_feature=0 13 8 13 13 0
split_gain=515.206 10.8244 8.13322 5.40376 4.63795 4.52398
threshold=-1.2816653967541698 22.625000000000004 6.2504365337686183 16.875000000000004 15.125000000000002 -0.37142320705035542
decision_type=8 10 8 8 10 8
left_child=-1 3 -3 4 -2 -4
right_child=1 2 5 -5 -6 -7
leaf_value=-0.0082627388440019173 0.0019541616900168148 0.00016942411899185789 0.0092009502016689362 0.0012733192415851384 -0.0024308162017963653 0.0025307627613934641
leaf_weight=2526 142 626 41 5348 301 5097
leaf_count=2526 142 626 41 5348 301 5097
internal_value=-8.05025e-05 0.00170819 0.00232176 0.00109748 -0.00102525 0.00258399
internal_weight=14081 11555 5764 5791 443 5138
internal_count=14081 11555 5764 5791 443 5138
is_linear=0
shrinkage=0.02


Tree=61
num_leaves=7
num_cat=0
split_feature=0 0 8 6 7 12
split_gain=494.804 7.96477 7.72829 5.86518 6.13297 5.63766
threshold=-1.2816653967541698 0.061248017613783526 20.886698512422878 -0.25636443369437983 0.43645455958474183 9.2500000000000018
decision_type=8 10 10 2 2 10
left_child=-1 2 5 4 -3 -2
right_child=1 3 -4 -5 -6 -7
leaf_value=-0.0080974840209435128 0.00097986416336722643 0.0008980583089094208 -0.0038071142380627305 0.0027080064862768649 0.0024941183403354343 0.0044125617243551112
leaf_weight=2526 3997 2311 130 3265 1651 201
leaf_count=2526 3997 2311 130 3265 1651 201
internal_value=-7.88924e-05 0.00167403 0.000995498 0.00208037 0.00156315 0.00114422
internal_weight=14081 11555 4328 7227 3962 4198
internal_count=14081 11555 4328 7227 3962 4198
is_linear=0
shrinkage=0.02


Tree=62
num_leaves=7
num_cat=0
split_feature=0 13 13 13 12 2
split_gain=475.21 10.2717 5.17131 5.89908 4.79232 4.60044
threshold=-1.2816653967541698 22.625000000000004 16.375000000000004 15.125000000000002 -1.7499999999999998 -0.11095381418364882
decision_type=8 10 8 10 10 8
left_child=4 2 3 -2 -1 -4
right_child=1 -3 5 -5 -6 -7
leaf_value=-0.0088184762579348926 0.001890113689070961 0.0022382408385837392 7.2435573191370595e-05 -0.0033530745381373517 -0.0070760457825217605 0.0014999132046386537
leaf_weight=1246 142 5764 1144 217 1280 4288
leaf_count=1246 142 5764 1144 217 1280 4288
internal_value=-7.73146e-05 0.00164054 0.00104564 -0.00127917 -0.00793553 0.00119928
internal_weight=14081 11555 5791 359 2526 5432
internal_count=14081 11555 5791 359 2526 5432
is_linear=0
shrinkage=0.02


Tree=63
num_leaves=7
num_cat=0
split_feature=1 13 8 13 12 1
split_gain=456.391 9.86492 7.81655 4.98133 4.60254 4.35692
threshold=-1.2816653967541698 22.625000000000004 6.2504365337686183 16.875000000000004 -1.7499999999999998 -0.36673172136000148
decision_type=2 10 8 8 10 2
left_child=4 3 -3 -2 -1 -4
right_child=1 2 5 -5 -6 -7
leaf_value=-0.0086421068013910318 -0.0010133506686575964 8.3461078401757613e-05 0.0089441966201837479 0.0011935456262291606 -0.0069345248105182689 0.0023983200010580918
leaf_weight=1246 443 626 41 5348 1280 5097
leaf_count=1246 443 626 41 5348 1280 5097
internal_value=-7.57683e-05 0.00160773 0.00219348 0.00102472 -0.00777682 0.00245055
internal_weight=14081 11555 5764 5791 2526 5138
internal_count=14081 11555 5764 5791 2526 5138
is_linear=0
shrinkage=0.02


Tree=64
num_leaves=7
num_cat=0
split_feature=0 0 8 6 7 8
split_gain=438.318 7.54803 7.4262 5.58166 5.84127 5.3771
threshold=-1.2816653967541698 0.061248017613783526 20.886698512422878 -0.25636443369437983 0.43645455958474183 5.2367712306312049
decision_type=8 10 10 2 2 8
left_child=-1 2 5 4 -3 -2
right_child=1 3 -4 -5 -6 -7
leaf_value=-0.0076212872536522407 -0.0011982452582252423 0.00081750405696910818 -0.0037927719900169628 0.0025834296261734841 0.002375145427751202 0.0012876250568636305
leaf_weight=2526 383 2311 130 3265 1651 3815
leaf_count=2526 383 2311 130 3265 1651 3815
internal_value=-7.42529e-05 0.00157558 0.000915042 0.00197115 0.00146659 0.00106083
internal_weight=14081 11555 4328 7227 3962 4198
internal_count=14081 11555 4328 7227 3962 4198
is_linear=0
shrinkage=0.02


Tree=65
num_leaves=7
num_cat=0
split_feature=0 13 9 12 0 8
split_gain=419.969 10.6821 7.27639 5.62691 5.61755 6.86159
threshold=-1.2816653967541698 20.375000000000004 0.67332290720464594 -4.2499999999999991 -0.39242525727771821 10.977363196943452
decision_type=8 10 10 10 8 8
left_child=3 -2 4 -1 5 -3
right_child=1 2 -4 -5 -6 -7
leaf_value=-0.0089107426538375094 0.00057223654955097444 -0.001367293576310788 0.0024558427033378881 -0.0068350432502782502 0.0011832348963393222 0.013173043695004548
leaf_weight=736 3282 21 4579 1800 3786 34
leaf_count=736 3282 21 4579 1800 3786 34
internal_value=-5.8934e-05 0.0015401 0.00191736 -0.00743745 0.00127542 0.00762128
internal_weight=14238 11702 8420 2536 3841 55
internal_count=14238 11702 8420 2536 3841 55
is_linear=0
shrinkage=0.02


Tree=66
num_leaves=7
num_cat=0
split_feature=0 13 9 0 8 3
split_gain=403.338 10.2591 6.98825 5.39509 6.58987 4.91444
threshold=-1.2816653967541698 20.375000000000004 0.67332290720464594 -0.39242525727771821 10.977363196943452 2.0260122720297953
decision_type=8 10 10 8 8 10
left_child=-1 -2 3 4 -3 -5
right_child=1 2 -4 5 -6 -7
leaf_value=-0.0072887053612890086 0.00056079180540905948 -0.0013399477382855757 0.0024067258506014007 0.0010940986313989209 0.012909582853317262 0.0090900782856249036
leaf_weight=2536 3282 21 4579 3755 34 31
leaf_count=2536 3282 21 4579 3755 34 31
internal_value=-5.77554e-05 0.0015093 0.00187902 0.00124991 0.00746885 0.00115957
internal_weight=14238 11702 8420 3841 55 3786
internal_count=14238 11702 8420 3841 55 3786
is_linear=0
shrinkage=0.02


Tree=67
num_leaves=7
num_cat=0
split_feature=1 13 9 12 3 1
split_gain=387.366 9.8706 5.67073 5.40408 5.31775 6.70831
threshold=-1.2816653967541698 20.875000000000004 0.67332290720464594 -4.2499999999999991 0.84791858753442695 0.25019164701805147
decision_type=2 10 10 10 10 2
left_child=3 4 -3 -1 5 -2
right_child=1 2 -4 -5 -6 -7
leaf_value=-0.0085867536862307414 -8.6900651789153518e-05 0.0013043570952694478 0.0023901286221079394 -0.0065525683281283525 0.0039946219602204052 0.001710386523368871
leaf_weight=736 2529 3545 4208 1800 183 1237
leaf_count=736 2529 3545 4208 1800 183 1237
internal_value=-5.66002e-05 0.00147911 0.00189367 -0.00714293 0.00066523 0.000503446
internal_weight=14238 11702 7753 2536 3949 3766
internal_count=14238 11702 7753 2536 3949 3766
is_linear=0
shrinkage=0.02


Tree=68
num_leaves=7
num_cat=0
split_feature=1 13 12 1 7 13
split_gain=372.026 9.49789 5.2089 4.19692 4.5393 3.81681
threshold=-1.2816653967541698 20.375000000000004 -1.7499999999999998 0.34627076885349106 -0.11550315004616533 23.875000000000004
decision_type=2 10 10 2 2 10
left_child=2 -2 -1 5 -5 -3
right_child=1 3 -4 4 -6 -7
leaf_value=-0.0079267315039159587 0.0005368906607697301 0.0010088925710285469 -0.0061134545936070983 -0.00067364324412911246 0.0027093876993137694 0.0020286339002084219
leaf_weight=1240 3282 2980 1296 170 2376 2894
leaf_count=1240 3282 2980 1296 170 2376 2894
internal_value=-5.54682e-05 0.00144953 -0.00700007 0.00180527 0.0024835 0.0015113
internal_weight=14238 11702 2536 8420 2546 5874
internal_count=14238 11702 2536 8420 2546 5874
is_linear=0
shrinkage=0.02


Tree=69
num_leaves=7
num_cat=0
split_feature=0 13 9 0 8 12
split_gain=357.294 9.12177 6.46024 5.18683 6.32713 5.05501
threshold=-1.2816653967541698 20.375000000000004 0.67332290720464594 -0.39242525727771821 10.977363196943452 -4.2499999999999991
decision_type=8 10 10 8 8 10
left_child=5 -2 3 4 -3 -1
right_child=1 2 -4 -5 -6 -7
leaf_value=-0.0082564840381396803 0.00052615284531262047 -0.001369391471324932 0.0022765443201069433 0.0010757099016020012 0.012593183486777194 -0.0062890935197046829
leaf_weight=736 3282 21 4579 3786 34 1800
leaf_count=736 3282 21 4579 3786 34 1800
internal_value=-5.43589e-05 0.00142054 0.00176916 0.00116429 0.00726202 -0.00686007
internal_weight=14238 11702 8420 3841 55 2536
internal_count=14238 11702 8420 3841 55 2536
is_linear=0
shrinkage=0.02


Tree=70
num_leaves=7
num_cat=0
split_feature=1 13 8 1 1 13
split_gain=355.394 7.53265 6.45892 5.93798 5.49532 5.26896
threshold=-1.2816653967541698 16.875000000000004 9.2653952225293406 -1.5027146707635046 0.18419669036769673 25.375000000000004
decision_type=2 8 10 2 2 8
left_child=3 -2 5 -1 -4 -3
right_child=1 2 4 -5 -6 -7
leaf_value=-0.0078514865252701637 -0.00097726935014560393 0.00062277976463715422 0.0013341733363706821 -0.0058937529285255042 0.002513901301389101 0.0020777484705010842
leaf_weight=1117 461 3272 2652 1392 3905 1431
leaf_count=1117 461 3272 2652 1392 3905 1431
internal_value=6.61469e-05 0.00152849 0.00163108 -0.00676533 0.00203676 0.00106549
internal_weight=14230 11721 11260 2509 6557 4703
internal_count=14230 11721 11260 2509 6557 4703
is_linear=0
shrinkage=0.02


Tree=71
num_leaves=7
num_cat=0
split_feature=0 9 0 13 13 0
split_gain=341.32 7.61355 5.70284 5.42992 5.17504 4.39295
threshold=-1.2816653967541698 0.70408403706893219 -1.5027146707635046 16.125000000000004 25.125000000000004 0.7027257333298953
decision_type=8 10 10 8 10 10
left_child=2 3 -1 -2 5 -3
right_child=1 4 -4 -5 -6 -7
leaf_value=-0.0076944568121441849 -0.002729999069246202 0.0015882528283700749 -0.0057758778723429457 0.0010879024078336557 0.0029876057517622908 0.0086042526364326476
leaf_weight=1117 153 4248 1392 5708 1576 36
leaf_count=1117 153 4248 1392 5708 1576 36
internal_value=6.48239e-05 0.00149792 -0.00663002 0.000988237 0.0020077 0.00164721
internal_weight=14230 11721 2509 5861 5860 4284
internal_count=14230 11721 2509 5861 5860 4284
is_linear=0
shrinkage=0.02


Tree=72
num_leaves=7
num_cat=0
split_feature=0 9 8 2 8 0
split_gain=327.804 7.31205 5.73306 5.57112 10.6075 5.47701
threshold=-1.2816653967541698 0.70408403706893219 1.5215153061200113 -0.017987840893824974 9.9630555245254122 -1.5027146707635046
decision_type=8 10 8 10 10 10
left_child=5 2 -2 4 -3 -1
right_child=1 3 -4 -5 -6 -7
leaf_value=-0.0075405676989671678 -0.0031847105214300635 -0.0013846795032829943 0.0010626816096259556 0.0022850625175988722 0.0023735481278444322 -0.0056603603489960132
leaf_weight=1117 130 524 5731 4632 704 1392
leaf_count=1117 130 524 5731 4632 704 1392
internal_value=6.35275e-05 0.00146797 0.000968472 0.00196755 0.000769874 -0.00649742
internal_weight=14230 11721 5861 5860 1228 2509
internal_count=14230 11721 5861 5860 1228 2509
is_linear=0
shrinkage=0.02


Tree=73
num_leaves=7
num_cat=0
split_feature=0 13 0 8 1 8
split_gain=314.823 7.16435 7.70151 6.9684 6.0483 5.59925
threshold=-1.2816653967541698 19.625000000000004 0.071025842055312399 20.886698512422878 0.094816404199938739 9.7864300924382857
decision_type=8 8 10 10 2 8
left_child=-1 -2 3 5 -5 -3
right_child=1 2 -4 4 -6 -7
leaf_value=-0.0063674750302685056 0.00042746429564276912 7.4668781635737442e-05 0.0021073182391365842 -0.010063763105399198 -9.805623698851159e-05 0.0017548459997370025
leaf_weight=2509 2262 1332 6065 42 58 1962
leaf_count=2509 2262 1332 6065 42 58 1962
internal_value=6.22569e-05 0.00143861 0.00168041 0.000917531 -0.00428365 0.00107543
internal_weight=14230 11721 9459 3394 100 3294
internal_count=14230 11721 9459 3394 100 3294
is_linear=0
shrinkage=0.02


Tree=74
num_leaves=7
num_cat=0
split_feature=0 9 8 2 8 0
split_gain=302.356 6.94324 5.47566 5.30748 10.1564 5.26012
threshold=-1.2816653967541698 0.70408403706893219 1.5215153061200113 -0.017987840893824974 9.9630555245254122 -1.5027146707635046
decision_type=8 10 8 10 10 10
left_child=5 2 -2 4 -3 -1
right_child=1 3 -4 -5 -6 -7
leaf_value=-0.0072624068389271611 -0.0031357756472156885 -0.0013805864694153263 0.0010151706994293225 0.0022065652526428114 0.0022968710036792056 -0.0054198035328720407
leaf_weight=1117 130 524 5731 4632 704 1392
leaf_count=1117 130 524 5731 4632 704 1392
internal_value=6.10118e-05 0.00140983 0.000923101 0.00189665 0.000727663 -0.00624013
internal_weight=14230 11721 5861 5860 1228 2509
internal_count=14230 11721 5861 5860 1228 2509
is_linear=0
shrinkage=0.02


Tree=75
num_leaves=7
num_cat=0
split_feature=0 13 7 8 13 1
split_gain=286.59 8.57349 6.13699 4.87631 4.60719 6.01306
threshold=-1.2816653967541698 25.375000000000004 0.21878022554315565 9.2653952225293406 21.625000000000004 0.26008661199098876
decision_type=8 10 2 10 10 2
left_child=-1 2 4 -4 -2 -6
right_child=1 -3 3 -5 5 -7
leaf_value=-0.0061424833622250631 -0.00043344851833485021 0.0022305360413687218 0.0006550174000236168 0.0018155417182771838 -4.6085227526736868e-05 0.0028615408089726862
leaf_weight=2535 1749 2839 2471 3499 669 495
leaf_count=2535 1749 2839 2471 3499 669 495
internal_value=-4.48934e-05 0.00127377 0.00096799 0.0013352 0.000215424 0.00119041
internal_weight=14257 11722 8883 5970 2913 1164
internal_count=14257 11722 8883 5970 2913 1164
is_linear=0
shrinkage=0.02


Tree=76
num_leaves=7
num_cat=0
split_feature=0 13 7 8 12 8
split_gain=275.241 8.23398 5.89397 4.6832 4.54045 4.44229
threshold=-1.2816653967541698 25.375000000000004 0.21878022554315565 9.2653952225293406 -4.2499999999999991 18.712392266881292
decision_type=8 10 2 10 10 8
left_child=4 2 -2 -4 -1 -3
right_child=1 5 3 -5 -6 -7
leaf_value=-0.0073480456383716595 0.00021111556012277742 0.0024850066079929144 0.00064191705179347043 0.0017792308871576012 -0.005480311716607714 9.3198813635750975e-05
leaf_weight=732 2913 2484 2471 3499 1803 355
leaf_count=732 2913 2484 2471 3499 1803 355
internal_value=-4.39955e-05 0.0012483 0.000948631 0.00130849 -0.00601963 0.00218593
internal_weight=14257 11722 8883 5970 2535 2839
internal_count=14257 11722 8883 5970 2535 2839
is_linear=0
shrinkage=0.02


Tree=77
num_leaves=7
num_cat=0
split_feature=1 13 13 1 3 1
split_gain=264.341 8.02516 5.69777 5.3579 5.75976 6.67319
threshold=-1.2816653967541698 17.875000000000004 25.375000000000004 0.34627076885349106 -0.16944763284241304 -0.077765682609623313
decision_type=2 8 10 2 8 2
left_child=-1 -2 3 4 5 -3
right_child=1 2 -4 -5 -6 -7
leaf_value=-0.0058992409917566829 -0.00061350195693309734 -0.0062976020486161547 0.0021422068109166604 0.0020191862987526321 0.0011799053782766142 5.8633571969782422e-05
leaf_weight=2535 880 69 2839 1924 4455 1555
leaf_count=2535 880 69 2839 1924 4455 1555
internal_value=-4.31156e-05 0.00122333 0.00137242 0.00109934 0.000808212 -0.000211428
internal_weight=14257 11722 10842 8003 6079 1624
internal_count=14257 11722 10842 8003 6079 1624
is_linear=0
shrinkage=0.02


Tree=78
num_leaves=7
num_cat=0
split_feature=0 13 0 12 12 3
split_gain=253.873 7.70737 5.73298 4.36065 4.03395 7.3147
threshold=-1.2816653967541698 17.875000000000004 0.061248017613783526 -4.2499999999999991 -3.2499999999999996 1.2535615060141436
decision_type=8 8 10 10 8 10
left_child=3 -2 4 -1 5 -3
right_child=1 2 -4 -5 -6 -7
leaf_value=-0.0070830999798735588 -0.00060123193806595578 0.0014897532416898777 0.0016939028986668978 -0.0052527206647122659 0.00036020110721609303 0.010546316087648675
leaf_weight=732 880 994 6881 1803 2930 37
leaf_count=732 880 994 6881 1803 2930 37
internal_value=-4.22533e-05 0.00119886 0.00134497 -0.00578126 0.000738808 0.00181477
internal_weight=14257 11722 10842 2535 3961 1031
internal_count=14257 11722 10842 2535 3961 1031
is_linear=0
shrinkage=0.02


Tree=79
num_leaves=7
num_cat=0
split_feature=2 9 13 7 9 8
split_gain=221.407 23.3641 7.1679 4.99515 4.76349 4.68148
threshold=-0.7857822000136031 0.069596695821185633 17.875000000000004 -0.19241197791669973 0.74359116419397187 18.712392266881292
decision_type=8 10 8 2 10 10
left_child=1 -1 -2 -4 -5 -3
right_child=2 5 3 4 -6 -7
leaf_value=-0.0056259217202844656 -0.00056498121720471839 0.0019898908996384183 -0.00075987111811991778 0.0010376250775311221 0.0019088916305871923 -0.0054783432432450353
leaf_weight=2572 855 209 435 5591 4555 40
leaf_count=2572 855 209 435 5591 4555 40
internal_value=-4.14082e-05 -0.00505959 0.00119646 0.0013388 0.00142878 0.000790175
internal_weight=14257 2821 11436 10581 10146 249
internal_count=14257 2821 11436 10581 10146 249
is_linear=0
shrinkage=0.02


Tree=80
num_leaves=7
num_cat=0
split_feature=0 2 13 3 0 9
split_gain=234.229 8.31596 5.43438 4.89791 4.72154 4.7131
threshold=-1.2816653967541698 -0.025446360103582016 25.625000000000004 -0.35244611051584296 -1.5027146707635046 0.67332290720464594
decision_type=8 10 10 10 10 8
left_child=4 2 3 -2 -1 -3
right_child=1 5 -4 -5 -6 -7
leaf_value=-0.0065457137598370942 0.00043507045898567674 0.00077131405460937512 0.0020254458651652383 -0.0014741837640641687 -0.0048057501847422529 0.0018202939899000699
leaf_weight=1112 2348 2475 640 697 1421 5567
leaf_count=1112 2348 2475 640 697 1421 5567
internal_value=-5.43409e-05 0.00113694 0.000350156 -1.95752e-06 -0.0055696 0.00149746
internal_weight=14260 11727 3685 3045 2533 8042
internal_count=14260 11727 3685 3045 2533 8042
is_linear=0
shrinkage=0.02


Tree=81
num_leaves=7
num_cat=0
split_feature=0 8 0 12 7 9
split_gain=224.953 7.44948 5.5078 4.61303 4.52623 4.38392
threshold=-1.2816653967541698 5.7324669984377667 0.054156530758826003 4.2500000000000009 -0.24448786459224328 0.83047039760288932
decision_type=8 8 10 10 2 10
left_child=3 5 -3 -1 -4 -2
right_child=1 2 4 -5 -6 -7
leaf_value=-0.0059009142020944854 -0.0010432287543760957 0.000651534938585767 -0.00098395050630879755 -0.0038127073278525769 0.0017005772427018224 0.0030814129317927562
leaf_weight=1996 866 3776 261 537 6707 117
leaf_count=1996 866 3776 261 537 6707 117
internal_value=-5.32541e-05 0.0011142 0.00126668 -0.00545821 0.00160002 -0.0005523
internal_weight=14260 11727 10744 2533 6968 983
internal_count=14260 11727 10744 2533 6968 983
is_linear=0
shrinkage=0.02


Tree=82
num_leaves=7
num_cat=0
split_feature=0 2 8 13 0 0
split_gain=216.045 7.95153 6.47767 5.89074 4.5343 4.49117
threshold=-1.2816653967541698 -0.025446360103582016 9.690299291700752 20.625000000000004 -1.5027146707635046 0.057258080523497047
decision_type=8 10 8 10 10 8
left_child=4 2 5 -4 -1 -2
right_child=1 -3 3 -5 -6 -7
leaf_value=-0.006305607242260842 -0.00334753623929755 0.0014444498804376921 -0.00040792137408386431 0.0016300533926339993 -0.0046004928803645836 -0.00027605964705373003
leaf_weight=1112 237 8042 879 1600 1421 969
leaf_count=1112 237 8042 879 1600 1421 969
internal_value=-5.2189e-05 0.00109192 0.000322566 0.000907431 -0.00534905 -0.000879658
internal_weight=14260 11727 3685 2479 2533 1206
internal_count=14260 11727 3685 2479 2533 1206
is_linear=0
shrinkage=0.02


Tree=83
num_leaves=7
num_cat=0
split_feature=1 2 8 13 9 10
split_gain=207.49 7.63665 6.22116 5.65747 4.54687 4.69705
threshold=-1.2816653967541698 -0.025446360103582016 9.690299291700752 20.625000000000004 0.18636097517499137 14.500000000000002
decision_type=2 10 8 10 8 2
left_child=-1 2 -2 -4 5 -3
right_child=1 4 3 -5 -6 -7
leaf_value=-0.0052420658886381203 -0.00086206510276079496 -0.00060663010062028959 -0.00039976295506644174 0.0015974523074208263 0.0014854462680755187 -0.01092489404976368
leaf_weight=2533 1206 150 879 1600 7872 20
leaf_count=2533 1206 150 879 1600 7872 20
internal_value=-5.11452e-05 0.00107008 0.000316114 0.000889283 0.00141556 -0.00182054
internal_weight=14260 11727 3685 2479 8042 170
internal_count=14260 11727 3685 2479 8042 170
is_linear=0
shrinkage=0.02


Tree=84
num_leaves=7
num_cat=0
split_feature=0 2 8 13 12 7
split_gain=199.273 7.33424 5.9748 5.43343 4.48455 4.39644
threshold=-1.2816653967541698 -0.025446360103582016 9.690299291700752 20.625000000000004 -4.2499999999999991 0.027144269446302299
decision_type=8 10 8 10 10 2
left_child=4 2 -2 -4 -1 -3
right_child=1 5 3 -5 -6 -7
leaf_value=-0.0064584920386558907 -0.00084482380961821684 0.00025901732026884514 -0.00039176769094516242 0.0015655032660521102 -0.004601238749496684 0.0015810695634540361
leaf_weight=731 1206 1179 879 1600 1802 6863
leaf_count=731 1206 1179 879 1600 1802 6863
internal_value=-5.01223e-05 0.00104868 0.000309792 0.000871497 -0.00513722 0.00138725
internal_weight=14260 11727 3685 2479 2533 8042
internal_count=14260 11727 3685 2479 2533 8042
is_linear=0
shrinkage=0.02


Tree=85
num_leaves=7
num_cat=0
split_feature=0 13 9 7 12 0
split_gain=195.544 7.53055 5.85234 5.68984 4.95193 4.63933
threshold=-1.2816653967541698 19.625000000000004 0.72106068332483442 0.63510029916301136 -4.2499999999999991 -0.39242525727771821
decision_type=8 10 10 2 10 8
left_child=4 3 5 -2 -1 -3
right_child=1 2 -4 -5 -6 -7
leaf_value=-0.0063293656916568941 -0.00014461727262963584 0.0063568744773510842 0.0020290035019209542 0.0023111767336192256 -0.0043629305317343095 0.00093479873805465941
leaf_weight=716 2166 64 4346 457 1800 4604
leaf_count=716 2166 64 4346 457 1800 4604
internal_value=0.000133298 0.0012264 0.00150085 0.000283251 -0.00492254 0.00100914
internal_weight=14153 11637 9014 2623 2516 4668
internal_count=14153 11637 9014 2623 2516 4668
is_linear=0
shrinkage=0.02


Tree=86
num_leaves=7
num_cat=0
split_feature=0 13 8 0 7 12
split_gain=187.8 7.23234 6.09241 6.54559 5.46452 4.75583
threshold=-1.2816653967541698 19.625000000000004 7.7464293371147495 0.071025842055312399 0.63510029916301136 -4.2499999999999991
decision_type=8 10 8 8 2 10
left_child=5 4 3 -3 -2 -1
right_child=1 2 -4 -5 -6 -7
leaf_value=-0.0062027783080808334 -0.00014172492899198002 -0.0023699771110985007 0.001725051212705663 0.0009494532365386919 0.0022649532000899022 -0.0042756719473041006
leaf_weight=716 2166 284 7275 1455 457 1800
leaf_count=716 2166 284 7275 1455 457 1800
internal_value=0.000130632 0.00120188 0.00147084 0.00040735 0.000277586 -0.00482409
internal_weight=14153 11637 9014 1739 2623 2516
internal_count=14153 11637 9014 1739 2623 2516
is_linear=0
shrinkage=0.02


Tree=87
num_leaves=7
num_cat=0
split_feature=0 13 9 7 12 0
split_gain=180.363 6.94594 5.58814 5.24813 4.5675 4.48381
threshold=-1.2816653967541698 19.625000000000004 0.72106068332483442 0.63510029916301136 -4.2499999999999991 -0.39242525727771821
decision_type=8 10 10 2 10 8
left_child=4 3 5 -2 -1 -3
right_child=1 2 -4 -5 -6 -7
leaf_value=-0.0060787228786766366 -0.00013889042552254105 0.0062182705628219996 0.0019575107357048946 0.0022196541228143118 -0.0041901585116643726 0.00088784861407380721
leaf_weight=716 2166 64 4346 457 1800 4604
leaf_count=716 2166 64 4346 457 1800 4604
internal_value=0.00012802 0.00117784 0.00144142 0.000272034 -0.0047276 0.000960931
internal_weight=14153 11637 9014 2623 2516 4668
internal_count=14153 11637 9014 2623 2516 4668
is_linear=0
shrinkage=0.02


Tree=88
num_leaves=7
num_cat=0
split_feature=0 13 8 0 12 0
split_gain=173.221 6.67088 5.82669 6.30682 4.38663 3.94619
threshold=-1.2816653967541698 19.625000000000004 7.7464293371147495 0.071025842055312399 -4.2499999999999991 -0.50440545460434383
decision_type=8 10 8 8 10 8
left_child=4 -2 3 -3 -1 -4
right_child=1 2 5 -5 -6 -7
leaf_value=-0.0059571483502593404 0.0002665933384101799 -0.002353644974162461 0.0095935432216618221 0.00090467922148835622 -0.0041063553561529256 0.0016338475883823362
leaf_weight=716 2623 284 25 1455 1800 7250
leaf_count=716 2623 284 25 1455 1800 7250
internal_value=0.000125459 0.00115428 0.00141259 0.000372555 -0.00463305 0.0016612
internal_weight=14153 11637 9014 1739 2516 7275
internal_count=14153 11637 9014 1739 2516 7275
is_linear=0
shrinkage=0.02


Tree=89
num_leaves=7
num_cat=0
split_feature=0 13 8 0 7 12
split_gain=166.361 6.40671 5.59595 6.05707 5.0403 4.21292
threshold=-1.2816653967541698 19.625000000000004 7.7464293371147495 0.071025842055312399 0.63510029916301136 -4.2499999999999991
decision_type=8 10 8 8 2 10
left_child=5 4 3 -3 -2 -1
right_child=1 2 -4 -5 -6 -7
leaf_value=-0.0058380053980424274 -0.00014144446461618481 -0.0023065720897899205 0.0016279764854720744 0.00088658562983559043 0.0021699291889411059 -0.0040242282537728893
leaf_weight=716 2166 284 7275 1455 457 1800
leaf_count=716 2166 284 7275 1455 457 1800
internal_value=0.00012295 0.0011312 0.00138434 0.000365104 0.000261262 -0.00454039
internal_weight=14153 11637 9014 1739 2623 2516
internal_count=14153 11637 9014 1739 2623 2516
is_linear=0
shrinkage=0.02


Tree=90
num_leaves=7
num_cat=0
split_feature=0 1 8 7 0 8
split_gain=167.379 5.12238 5.39373 4.60332 4.43712 4.22315
threshold=-1.2816653967541698 0.34928771661689256 8.4252854131328103 0.21878022554315565 -1.5027146707635046 20.886698512422878
decision_type=8 2 8 2 10 10
left_child=4 3 -3 5 -1 -2
right_child=1 2 -4 -5 -6 -7
leaf_value=-0.0056247300473868823 0.00014793196880206512 0.00018653796636795234 0.0021439507851855003 0.0010377788939894229 -0.003939798505898021 -0.005404844613679286
leaf_weight=1120 2529 738 2376 5977 1415 56
leaf_count=1120 2529 738 2376 5977 1415 56
internal_value=-2.59354e-05 0.000985436 0.00168006 0.000732802 -0.00468423 2.76397e-05
internal_weight=14211 11676 3114 8562 2535 2585
internal_count=14211 11676 3114 8562 2535 2585
is_linear=0
shrinkage=0.02


Tree=91
num_leaves=7
num_cat=0
split_feature=0 13 12 8 0 0
split_gain=160.751 5.97605 5.21665 4.93771 5.18 5.00869
threshold=-1.2816653967541698 19.625000000000004 1.0000000180025095e-35 8.4252854131328103 0.34514894813548253 0.061248017613783526
decision_type=8 8 10 8 10 8
left_child=-1 2 -2 5 -5 -3
right_child=1 3 -4 4 -6 -7
leaf_value=-0.0045905413108384627 0.00012772336687436099 -0.0017427246440020491 -0.0098878419612135199 0.0010915184534054151 0.0022656610221280841 0.00078989487201699959
leaf_weight=2535 2204 372 21 4978 2153 1948
leaf_count=2535 2204 372 21 4978 2153 1948
internal_value=-2.54166e-05 0.000965727 3.31944e-05 0.00118527 0.00144602 0.000383802
internal_weight=14211 11676 2225 9451 7131 2320
internal_count=14211 11676 2225 9451 7131 2320
is_linear=0
shrinkage=0.02


Tree=92
num_leaves=7
num_cat=0
split_feature=0 13 12 8 0 0
split_gain=154.385 5.7394 5.01007 4.74217 4.97488 4.81034
threshold=-1.2816653967541698 19.625000000000004 1.0000000180025095e-35 8.4252854131328103 0.34514894813548253 0.061248017613783526
decision_type=8 8 10 8 10 8
left_child=-1 2 -2 5 -5 -3
right_child=1 3 -4 4 -6 -7
leaf_value=-0.0044987305071548982 0.00012516888983299116 -0.0017078701693436973 -0.0096900851598807746 0.0010696880822406701 0.0022203478050569383 0.00077409696697474512
leaf_weight=2535 2204 372 21 4978 2153 1948
leaf_count=2535 2204 372 21 4978 2153 1948
internal_value=-2.49083e-05 0.000946412 3.25305e-05 0.00116156 0.0014171 0.000376126
internal_weight=14211 11676 2225 9451 7131 2320
internal_count=14211 11676 2225 9451 7131 2320
is_linear=0
shrinkage=0.02


Tree=93
num_leaves=7
num_cat=0
split_feature=0 13 12 0 0 13
split_gain=148.272 5.51212 4.81167 4.5558 4.26141 4.68265
threshold=-1.2816653967541698 19.625000000000004 1.0000000180025095e-35 0.054156530758826003 -1.5027146707635046 30.375000000000004
decision_type=8 8 10 10 10 10
left_child=4 2 -2 -3 5 -1
right_child=1 3 -4 -5 -6 -7
leaf_value=-0.0051560744620288137 0.00012266551319545872 0.00052140399124464543 -0.009496283495710009 0.0014508765836767227 -0.0036792171247229028 -0.014921105399727821
leaf_weight=1100 2204 3178 21 6273 1415 20
leaf_count=1100 2204 3178 21 6273 1415 20
internal_value=-2.44102e-05 0.000927484 3.18799e-05 0.00113833 -0.00440876 -0.00533045
internal_weight=14211 11676 2225 9451 2535 1120
internal_count=14211 11676 2225 9451 2535 1120
is_linear=0
shrinkage=0.02


Tree=94
num_leaves=7
num_cat=0
split_feature=2 9 2 8 9 13
split_gain=132.594 10.9874 4.8715 5.71104 5.08461 6.48091
threshold=-0.89459905087045932 0.14273927917512733 -0.017987840893824974 10.14911150280629 0.66830886058030181 17.125000000000004
decision_type=8 10 8 10 10 8
left_child=1 -1 3 -2 5 -4
right_child=2 -3 4 -5 -6 -7
leaf_value=-0.0043279722821100552 -0.00081259196587319521 0.0010129562670240042 -0.0035073951677092024 0.0010946980394722534 0.0015567703724962553 0.00075751701455244636
leaf_weight=2545 1264 164 148 1248 4993 3849
leaf_count=2545 1264 164 148 1248 4993 3849
internal_value=-2.39219e-05 -0.00400464 0.000913633 0.000134979 0.00113121 0.000599597
internal_weight=14211 2709 11502 2512 8990 3997
internal_count=14211 2709 11502 2512 8990 3997
is_linear=0
shrinkage=0.02


Tree=95
num_leaves=7
num_cat=0
split_feature=0 9 7 6 3 7
split_gain=121.992 6.20037 3.81197 4.62746 3.64429 3.57357
threshold=-1.2816653967541698 0.72106068332483442 -0.12188956454502065 -0.68945459098501283 1.1710358154845377 0.64987263216101121
decision_type=8 10 2 2 10 2
left_child=-1 2 -2 -4 5 -3
right_child=1 4 3 -5 -6 -7
leaf_value=-0.0040662785018110749 -0.0016385639264268892 0.00097192891253785046 -0.0028130111651753177 0.00057562016049018852 0.0074485681990259572 0.0022262712145719689
leaf_weight=2514 362 4355 166 5570 38 1148
leaf_count=2514 362 4355 166 5570 38 1148
internal_value=-7.10086e-05 0.000791961 0.000351932 0.000477553 0.00127622 0.0012336
internal_weight=14153 11639 6098 5736 5541 5503
internal_count=14153 11639 6098 5736 5541 5503
is_linear=0
shrinkage=0.02


Tree=96
num_leaves=7
num_cat=0
split_feature=1 2 3 3 13 1
split_gain=117.161 5.04975 4.05502 4.33244 3.63186 3.93202
threshold=-1.2816653967541698 0.013846053371218957 -0.35244611051584296 -0.31153249178341502 17.125000000000004 0.59095397033080366
decision_type=2 10 10 10 10 2
left_child=-1 2 -2 -4 5 -3
right_child=1 4 3 -5 -6 -7
leaf_value=-0.0039849529427218953 0.00058029590720402088 -0.0009251656494786559 -0.0038735718326571252 -0.00031703932160592372 0.0011980463971209576 0.0067757907270320833
leaf_weight=2514 2969 502 162 888 7090 28
leaf_count=2514 2969 502 162 888 7090 28
internal_value=-6.95884e-05 0.000776122 0.0002025 -0.000865761 0.00107867 -0.000518323
internal_weight=14153 11639 4019 1050 7620 530
internal_count=14153 11639 4019 1050 7620 530
is_linear=0
shrinkage=0.02


Tree=97
num_leaves=7
num_cat=0
split_feature=0 9 7 6 3 7
split_gain=112.521 5.92943 3.65092 4.4413 3.49268 3.49927
threshold=-1.2816653967541698 0.72106068332483442 -0.12188956454502065 -0.68945459098501283 1.1710358154845377 0.06346047009806835
decision_type=8 10 2 2 10 2
left_child=-1 2 -2 -4 5 -3
right_child=1 4 3 -5 -6 -7
leaf_value=-0.0039052538103301767 -0.0016177030488300698 0.00012353024025066122 -0.002770464652279639 0.00054930496836280544 0.0072767532910955578 0.0014303941673776122
leaf_weight=2514 362 1002 166 5570 38 4501
leaf_count=2514 362 1002 166 5570 38 4501
internal_value=-6.81966e-05 0.0007606 0.000330292 0.000453231 0.00123416 0.00119244
internal_weight=14153 11639 6098 5736 5541 5503
internal_count=14153 11639 6098 5736 5541 5503
is_linear=0
shrinkage=0.02


Tree=98
num_leaves=7
num_cat=0
split_feature=1 9 7 6 7 2
split_gain=108.065 5.69462 3.50635 4.26542 3.40292 3.10132
threshold=-1.2816653967541698 0.72106068332483442 -0.12188956454502065 -0.68945459098501283 0.64987263216101121 0.013846053371218957
decision_type=2 10 2 2 2 10
left_child=-1 2 -2 -4 5 -3
right_child=1 4 3 -5 -6 -7
leaf_value=-0.0038271487856328425 -0.0015853489892892036 6.6592910464741794e-09 -0.0027150554043845368 0.00053831888068815313 0.0021753198527468941 0.0012512624714091961
leaf_weight=2514 362 1038 166 5570 1155 3348
leaf_count=2514 362 1038 166 5570 1155 3348
internal_value=-6.68327e-05 0.000745388 0.000323687 0.000444166 0.00120948 0.000955138
internal_weight=14153 11639 6098 5736 5541 4386
internal_count=14153 11639 6098 5736 5541 4386
is_linear=0
shrinkage=0.02


Tree=99
num_leaves=7
num_cat=0
split_feature=0 2 8 12 13 13
split_gain=103.786 4.68091 4.39719 4.92933 3.57325 4.23457
threshold=-1.2816653967541698 0.0642622623698028 2.3457037681001713 6.7500000000000009 17.125000000000004 14.875000000000002
decision_type=8 10 8 10 8 10
left_child=-1 2 -2 -4 5 -3
right_child=1 4 3 -5 -6 -7
leaf_value=-0.0037506058063538571 -0.0035867927120643334 0.0038841211364841928 0.00010550825059038965 0.0023801088511780505 0.0011332543233885251 -0.0025559819432592347
leaf_weight=2514 118 51 3932 422 6911 205
leaf_count=2514 118 51 3932 422 6911 205
internal_value=-6.54961e-05 0.00073048 0.000222724 0.000325968 0.0010473 -0.00127299
internal_weight=14153 11639 4472 4354 7167 256
internal_count=14153 11639 4472 4354 7167 256
is_linear=0
shrinkage=0.02


Tree=100
num_leaves=7
num_cat=0
split_feature=0 8 13 3 5 6
split_gain=105.616 6.59995 4.75204 5.80497 4.7588 5.14011
threshold=-1.2816653967541698 6.1786334661236291 20.625000000000004 0.36465002594916823 3.5000000000000004 0.022721045553812165
decision_type=8 8 8 8 2 2
left_child=-1 -2 4 -4 5 -3
right_child=1 2 3 -5 -6 -7
leaf_value=-0.0037538391168545709 -0.0006635029992091739 -0.0010207403885020146 0.0015260797952806966 0.00033731938374232664 0.00090362387981099326 0.0055918593446210941
leaf_weight=2561 1216 1164 5234 2395 1617 49
leaf_count=2561 1216 1164 5234 2395 1617 49
internal_value=-7.57236e-05 0.000731099 0.00089324 0.00115289 0.000193293 -0.00075362
internal_weight=14236 11675 10459 7629 2830 1213
internal_count=14236 11675 10459 7629 2830 1213
is_linear=0
shrinkage=0.02


Tree=101
num_leaves=7
num_cat=0
split_feature=0 8 1 2 0 0
split_gain=101.434 6.3386 4.14362 3.53784 6.79577 4.88081
threshold=-1.2816653967541698 6.1786334661236291 0.34928771661689256 0.64186906911017294 0.36644807385982109 -0.23668421207310145
decision_type=8 8 2 10 8 10
left_child=-1 3 -3 5 -5 -2
right_child=1 2 -4 4 -6 -7
leaf_value=-0.0036787623132284396 0.00098835773080995014 0.00063150898985847744 0.0015252021047336942 0.0063314589490515317 -0.0024876247782958673 -0.0019358810988999529
leaf_weight=2561 329 7605 2854 77 64 746
leaf_count=2561 329 7605 2854 77 64 746
internal_value=-7.42091e-05 0.000716477 0.000875376 -0.000650233 0.00232847 -0.00104093
internal_weight=14236 11675 10459 1216 141 1075
internal_count=14236 11675 10459 1216 141 1075
is_linear=0
shrinkage=0.02


Tree=102
num_leaves=7
num_cat=0
split_feature=0 8 13 13 2 12
split_gain=97.4172 6.08759 4.71923 4.16135 5.33868 4.59581
threshold=-1.2816653967541698 6.1786334661236291 32.375000000000007 20.625000000000004 0.89537604191916997 -9.7499999999999982
decision_type=8 8 10 8 8 8
left_child=-1 -2 3 -3 5 -5
right_child=1 2 -4 4 -6 -7
leaf_value=-0.0036051870929736107 -0.00063722826965634954 0.00017344321019379026 0.006867965284305123 0.010891321487724781 -6.791948038756985e-05 0.0012885980340865324
leaf_weight=2561 1216 2830 52 20 1350 6207
leaf_count=2561 1216 2830 52 20 1350 6207
internal_value=-7.27249e-05 0.000702147 0.000857868 0.000827838 0.00107225 0.00131944
internal_weight=14236 11675 10459 10407 7577 6227
internal_count=14236 11675 10459 10407 7577 6227
is_linear=0
shrinkage=0.02


Tree=103
num_leaves=7
num_cat=0
split_feature=0 8 13 13 2 5
split_gain=93.5595 5.84652 4.53235 3.99656 5.12726 4.56562
threshold=-1.2816653967541698 6.1786334661236291 32.375000000000007 20.625000000000004 0.89537604191916997 3.5000000000000004
decision_type=8 8 10 8 8 2
left_child=-1 -2 3 5 -5 -3
right_child=1 2 -4 4 -6 -7
leaf_value=-0.0035330833445440151 -0.0006244837301388591 -0.00075751973154268831 0.0067306059498626449 0.0012930514357991508 -6.6561082808335345e-05 0.00086573827784248135
leaf_weight=2561 1216 1213 52 6227 1350 1617
leaf_count=2561 1216 1213 52 6227 1350 1617
internal_value=-7.12704e-05 0.000688105 0.000840711 0.000811281 0.00105081 0.000169974
internal_weight=14236 11675 10459 10407 7577 2830
internal_count=14236 11675 10459 10407 7577 2830
is_linear=0
shrinkage=0.02


Tree=104
num_leaves=7
num_cat=0
split_feature=0 8 13 1 6 13
split_gain=89.8545 5.61834 4.34776 3.81915 5.78977 4.76666
threshold=-1.2816653967541698 6.2504365337686183 32.375000000000007 0.34928771661689256 -0.64787656259572601 18.375000000000004
decision_type=8 8 10 2 2 10
left_child=-1 -2 3 -3 5 -5
right_child=1 2 -4 4 -6 -7
leaf_value=-0.0034624217093681461 -0.0005836934399019374 0.00056369677989254446 0.006595993812840718 -0.010565386689074028 0.0016419828294314649 -0.00084033292954758046
leaf_weight=2561 1266 7541 52 24 2666 126
leaf_count=2561 1266 7541 52 24 2666 126
internal_value=-6.9845e-05 0.000674342 0.000827352 0.000798389 0.00142687 -0.00239634
internal_weight=14236 11675 10409 10357 2816 150
internal_count=14236 11675 10409 10357 2816 150
is_linear=0
shrinkage=0.02


Tree=105
num_leaves=7
num_cat=0
split_feature=0 0 8 8 2 6
split_gain=82.0775 4.31202 5.35712 8.49463 4.29504 4.13511
threshold=-1.2816653967541698 0.12877478135732581 20.145493648543969 25.009242375472088 0.20250030909701425 -0.26013108970925786
decision_type=8 10 10 8 10 2
left_child=-1 2 -2 -4 -5 -3
right_child=1 5 3 4 -6 -7
leaf_value=-0.0031306999128229169 0.00050706970752952495 0.00070012607353920047 -0.0064233717236266297 0.0086841672712138721 -0.002207344671090444 0.0017183878991880223
leaf_weight=2571 5118 3509 109 28 30 2925
leaf_count=2571 5118 3509 109 28 30 2925
internal_value=0.000105386 0.000815342 0.000392048 -0.003133 0.00305063 0.00116304
internal_weight=14290 11719 5285 167 58 6434
internal_count=14290 11719 5285 167 58 6434
is_linear=0
shrinkage=0.02


Tree=106
num_leaves=7
num_cat=0
split_feature=0 7 10 9 0 1
split_gain=78.8272 4.22044 4.16788 6.15538 6.39876 5.60027
threshold=-1.2816653967541698 0.015866289578417816 11.500000000000002 0.65438386972282581 -0.037933261794545307 0.64431790292069113
decision_type=8 2 2 10 8 2
left_child=-1 -2 5 -4 -5 -3
right_child=1 2 3 4 -6 -7
leaf_value=-0.0030680859147123479 -0.00016702627250645183 0.0010807890626269316 -0.00095544128894255501 -0.0041445462923200629 0.0014234425539843222 0.0042164175999053616
leaf_weight=2571 1567 7472 1022 88 1335 235
leaf_count=2571 1567 7472 1022 88 1335 235
internal_value=0.000103278 0.000799036 0.000948151 0.000228677 0.00107911 0.0011764
internal_weight=14290 11719 10152 2445 1423 7707
internal_count=14290 11719 10152 2445 1423 7707
is_linear=0
shrinkage=0.02


Tree=107
num_leaves=7
num_cat=0
split_feature=0 13 9 2 10 0
split_gain=75.7056 5.89352 6.20459 3.53031 5.42487 5.29297
threshold=-1.2816653967541698 16.875000000000004 0.21070126107846396 -0.18376797629283112 5.5000000000000009 0.53569474150721463
decision_type=8 8 8 8 2 10
left_child=-1 2 -2 4 5 -3
right_child=1 3 -4 -5 -6 -7
leaf_value=-0.0030067242114253379 -0.011596305720184162 0.0011271336545102164 -0.00092723418262771599 0.0010154244654164313 -0.00088393529326133684 0.010359961403211436
leaf_weight=2571 23 555 419 9683 1013 26
leaf_count=2571 23 555 419 9683 1013 26
internal_value=0.000101213 0.000783055 -0.00148241 0.00087185 -3.18869e-07 0.00154031
internal_weight=14290 11719 442 11277 1594 581
internal_count=14290 11719 442 11277 1594 581
is_linear=0
shrinkage=0.02


Tree=108
num_leaves=7
num_cat=0
split_feature=0 13 9 3 7 8
split_gain=72.7077 5.66014 5.95889 3.50042 3.48889 3.74011
threshold=-1.2816653967541698 16.875000000000004 0.21070126107846396 -0.19456836272261643 -0.01415251227773954 2.2510353803037177
decision_type=8 8 8 8 2 8
left_child=-1 2 -2 -4 -3 -6
right_child=1 4 3 -5 5 -7
leaf_value=-0.0029465897678200427 -0.011364379722786986 -0.00012440007406872583 0.0012819312108128312 -0.0024341419697946564 -0.0019005511545985255 0.0010328321622931624
leaf_weight=2571 23 1290 172 247 177 9810
leaf_count=2571 23 1290 172 247 177 9810
internal_value=9.91887e-05 0.000767394 -0.00145276 -0.000908689 0.000854413 0.000980844
internal_weight=14290 11719 442 419 11277 9987
internal_count=14290 11719 442 419 11277 9987
is_linear=0
shrinkage=0.02


Tree=109
num_leaves=7
num_cat=0
split_feature=0 0 8 8 2 8
split_gain=69.8285 3.99095 5.13944 8.17174 4.15363 3.71687
threshold=-1.2816653967541698 0.12877478135732581 20.145493648543969 25.009242375472088 0.20250030909701425 19.606026946591211
decision_type=8 10 10 10 10 10
left_child=-1 2 5 -4 -5 -2
right_child=1 -3 3 4 -6 -7
leaf_value=-0.0028876579355595804 0.00041822493559739028 0.0010865527346676739 -0.0063351026882573439 0.0084971162623592791 -0.0022135952388246853 0.0078584383666101439
leaf_weight=2571 5091 6434 109 28 30 27
leaf_count=2571 5091 6434 109 28 30 27
internal_value=9.72049e-05 0.000752046 0.000344815 -0.00310787 0.00295709 0.000457476
internal_weight=14290 11719 5285 167 58 5118
internal_count=14290 11719 5285 167 58 5118
is_linear=0
shrinkage=0.02


Tree=110
num_leaves=7
num_cat=0
split_feature=1 13 7 13 8 1
split_gain=68.201 6.15014 5.8495 5.05219 3.97962 4.57518
threshold=-1.2816653967541698 16.875000000000004 -0.11550315004616533 15.125000000000002 2.2510353803037177 0.22608675431343442
decision_type=2 8 2 10 8 2
left_child=-1 3 -3 -2 5 -4
right_child=1 2 4 -5 -6 -7
leaf_value=-0.0029035235250592212 0.0016835257933923492 -0.00089262478345605064 0.0002118751077920708 -0.0029257533669411 0.00097655596658865291 -0.0066579599496667634
leaf_weight=2544 135 759 117 322 10291 58
leaf_count=2544 135 759 117 322 10291 58
internal_value=6.3931e-05 0.000710156 0.000802749 -0.00156415 0.000925699 -0.00206498
internal_weight=14226 11682 11225 457 10466 175
internal_count=14226 11682 11225 457 10466 175
is_linear=0
shrinkage=0.02


Tree=111
num_leaves=7
num_cat=0
split_feature=2 9 7 13 8 12
split_gain=61.0241 7.56738 6.25387 5.96385 4.57946 4.26566
threshold=-0.7857822000136031 0.069596695821185633 -0.12188956454502065 18.375000000000004 18.047231326395224 -6.7499999999999991
decision_type=8 10 2 8 10 8
left_child=1 -1 -2 -4 -3 -5
right_child=2 4 3 5 -6 -7
leaf_value=-0.0028836739828730818 -0.0010316259210261258 0.0018819986910344989 -0.00061464175563928191 0.0025813881443383173 -0.0058305155798896325 0.00088393042163940146
leaf_weight=2586 764 213 1017 634 36 8976
leaf_count=2586 764 213 1017 634 36 8976
internal_value=6.26524e-05 -0.00256304 0.000716136 0.000841787 0.000766936 0.000995917
internal_weight=14226 2835 11391 10627 249 9610
internal_count=14226 2835 11391 10627 249 9610
is_linear=0
shrinkage=0.02


Tree=112
num_leaves=7
num_cat=0
split_feature=0 13 7 6 9 0
split_gain=62.9063 5.87966 5.03268 4.30437 3.8512 4.056
threshold=-0.29827971350332455 18.375000000000004 0.041355745824277083 -0.6328643170309538 0.60282844411937708 0.7027257333298953
decision_type=8 8 2 2 10 10
left_child=-1 3 -3 -2 -4 -6
right_child=1 2 4 -5 5 -7
leaf_value=-0.0026511655797771295 -0.0040080984599485218 -0.00023538912631859525 0.00051152717802836517 -0.00019645761822622906 0.0013016618854762923 0.0057304254194189396
leaf_weight=2757 134 1431 3381 1025 5414 84
leaf_count=2757 134 1431 3381 1025 5414 84
internal_value=6.13993e-05 0.000713465 0.000865294 -0.000637148 0.00104269 0.00136933
internal_weight=14226 11469 10310 1159 8879 5498
internal_count=14226 11469 10310 1159 8879 5498
is_linear=0
shrinkage=0.02


Tree=113
num_leaves=7
num_cat=0
split_feature=0 13 7 13 0 7
split_gain=60.5276 5.61073 5.25393 4.84821 6.64929 5.72159
threshold=-1.2816653967541698 16.875000000000004 -0.11550315004616533 15.125000000000002 0.061248017613783526 0.60367676381666568
decision_type=8 8 2 8 10 2
left_child=-1 3 -3 -2 5 -5
right_child=1 2 -4 4 -6 -7
leaf_value=-0.0027353663620850732 0.001678116639731107 -0.00084935214873575098 0.00087392001569339313 -0.0067778816334372743 0.0005453871906631523 0.0028866657640399607
leaf_weight=2544 135 759 10466 158 135 29
leaf_count=2544 135 759 10466 158 135 29
internal_value=6.01713e-05 0.000668958 0.000757398 -0.00150332 -0.00283716 -0.0052791
internal_weight=14226 11682 11225 457 322 187
internal_count=14226 11682 11225 457 322 187
is_linear=0
shrinkage=0.02


Tree=114
num_leaves=7
num_cat=0
split_feature=0 13 13 0 10 8
split_gain=58.1307 5.38855 4.65622 6.38598 6.36191 4.08841
threshold=-1.2816653967541698 16.875000000000004 15.125000000000002 0.061248017613783526 6.5000000000000009 2.2510353803037177
decision_type=8 8 10 10 2 8
left_child=-1 2 -2 -4 -5 -3
right_child=1 5 3 4 -6 -7
leaf_value=-0.0026806590498755791 0.0016445543423846917 -0.0022063285987824204 -0.0051735195683198353 -0.0064021904849888471 0.0032519378298029454 0.0007916597462198021
leaf_weight=2544 135 185 187 38 97 11040
leaf_count=2544 135 185 187 38 97 11040
internal_value=5.89679e-05 0.000655579 -0.00147326 -0.00278041 0.000534479 0.00074225
internal_weight=14226 11682 457 322 135 11225
internal_count=14226 11682 457 322 135 11225
is_linear=0
shrinkage=0.02


Tree=115
num_leaves=7
num_cat=0
split_feature=0 0 12 12 5 1
split_gain=54.5277 3.95679 3.87106 3.12736 5.36692 3.13228
threshold=-1.2816653967541698 0.061248017613783526 -3.2499999999999996 -4.2499999999999991 3.5000000000000004 0.21431139662910004
decision_type=8 10 10 8 2 2
left_child=2 -2 -1 4 5 -3
right_child=1 3 -4 -5 -6 -7
leaf_value=-0.0037107491735442139 0.00012389390410674116 -0.0034072208934626314 -0.0020680626341538087 0.0010962506513091115 0.0010314071102511023 -0.00034607949379078062
leaf_weight=885 4360 206 1632 5792 912 381
leaf_count=885 4360 206 1632 5792 912 381
internal_value=2.38191e-05 0.000600512 -0.00264565 0.000885528 7.13139e-05 -0.00142035
internal_weight=14168 11651 2517 7291 1499 587
internal_count=14168 11651 2517 7291 1499 587
is_linear=0
shrinkage=0.02


Tree=116
num_leaves=7
num_cat=0
split_feature=1 7 12 13 9 2
split_gain=52.3684 3.94492 3.71776 3.48242 5.497 3.56065
threshold=-1.2816653967541698 -0.11550315004616533 -3.2499999999999996 16.125000000000004 0.30449221194341641 -0.17546800535196275
decision_type=2 2 10 8 8 8
left_child=2 -2 -1 4 -3 -5
right_child=1 3 -4 5 -6 -7
leaf_value=-0.0036365341383258923 -0.00072670814099591715 -0.010311502149471869 -0.0020267013682064763 -0.00013711928628378495 -0.00062404661932527895 0.00090079598778670857
leaf_weight=885 846 26 1632 1550 237 8992
leaf_count=885 846 26 1632 1550 237 8992
internal_value=2.33428e-05 0.000588501 -0.00259273 0.000691478 -0.00158174 0.00074819
internal_weight=14168 11651 2517 10805 263 10542
internal_count=14168 11651 2517 10805 263 10542
is_linear=0
shrinkage=0.02


Tree=117
num_leaves=7
num_cat=0
split_feature=0 7 13 9 2 2
split_gain=50.2946 3.78871 3.34451 5.27931 3.41964 6.65657
threshold=-1.2816653967541698 -0.11550315004616533 16.125000000000004 0.30449221194341641 -0.17546800535196275 -0.42605900082750076
decision_type=8 2 8 8 8 10
left_child=-1 -2 3 -3 5 -4
right_child=1 2 4 -5 -6 -7
leaf_value=-0.0025408784848707073 -0.00071217397592541272 -0.010105271924000521 0.0012601351052793043 -0.00061156570261053519 0.00088278006151584168 -0.0013662240781197787
leaf_weight=2517 846 26 727 237 8992 823
leaf_count=2517 846 26 727 237 8992 823
internal_value=2.28759e-05 0.000576731 0.000677649 -0.00155011 0.000733227 -0.000134377
internal_weight=14168 11651 10805 263 10542 1550
internal_count=14168 11651 10805 263 10542 1550
is_linear=0
shrinkage=0.02


Tree=118
num_leaves=7
num_cat=0
split_feature=0 8 7 9 10 12
split_gain=48.3029 3.83663 4.40904 3.67038 5.3677 3.57054
threshold=-1.2816653967541698 5.0029154518950447 0.06346047009806835 0.47255543550536233 6.5000000000000009 -3.2499999999999996
decision_type=8 8 2 8 2 10
left_child=5 -2 3 4 -3 -1
right_child=1 2 -4 -5 -6 -7
leaf_value=-0.0035129858988296441 -0.00088355472429146517 0.001902712723640434 0.00083630049084143618 6.98003846450534e-05 -0.0051728875374314025 -0.0019353497870225492
leaf_weight=885 688 64 9122 1647 130 1632
leaf_count=885 688 64 9122 1647 130 1632
internal_value=2.24184e-05 0.000565197 0.000656115 -0.000236687 -0.00283867 -0.00249006
internal_weight=14168 11651 10963 1841 194 2517
internal_count=14168 11651 10963 1841 194 2517
is_linear=0
shrinkage=0.02


Tree=119
num_leaves=7
num_cat=0
split_feature=1 8 7 9 13 10
split_gain=46.3901 3.6847 4.23444 3.52503 5.29672 4.27746
threshold=-1.2816653967541698 5.0029154518950447 0.06346047009806835 0.47255543550536233 24.625000000000004 4.5000000000000009
decision_type=2 8 2 8 10 2
left_child=-1 -2 3 4 5 -3
right_child=1 2 -4 -5 -6 -7
leaf_value=-0.0024402597139046357 -0.00086588362377369775 0.0026683799591329361 0.0008195744787947997 6.840438437667909e-05 0.0034108995861742036 -0.0061161506867938448
leaf_weight=2517 688 27 9122 1647 43 124
leaf_count=2517 688 27 9122 1647 43 124
internal_value=2.197e-05 0.000553893 0.000642993 -0.000231953 -0.0027819 -0.00454541
internal_weight=14168 11651 10963 1841 194 151
internal_count=14168 11651 10963 1841 194 151
is_linear=0
shrinkage=0.02


Tree=120
num_leaves=7
num_cat=0
split_feature=0 8 1 13 8 13
split_gain=42.3044 5.28557 6.17463 6.21097 3.94863 3.90822
threshold=-1.2816653967541698 20.886698512422878 0.078082343248643313 20.375000000000004 28.661050263939476 25.375000000000004
decision_type=8 10 2 8 10 10
left_child=-1 5 3 -3 -4 -2
right_child=1 2 4 -5 -6 -7
leaf_value=-0.0024020522847730272 0.0003027856736347326 0.00049697959884291605 -0.0021441722580854842 -0.013121019094502806 0.0054596034503158397 0.0011609608953132042
leaf_weight=2524 8688 21 139 37 34 2809
leaf_count=2524 8688 21 139 37 34 2809
internal_value=-5.32201e-05 0.000452275 -0.00254309 -0.00819036 -0.000649789 0.000512459
internal_weight=14252 11728 231 58 173 11497
internal_count=14252 11728 231 58 173 11497
is_linear=0
shrinkage=0.02


Tree=121
num_leaves=7
num_cat=0
split_feature=1 8 1 7 12 8
split_gain=40.6291 5.07626 5.93012 4.14651 4.66183 3.74677
threshold=-1.2816653967541698 20.886698512422878 0.078082343248643313 0.79436673502359822 -5.7499999999999991 11.383836780046805
decision_type=2 10 2 2 10 8
left_child=-1 5 -3 4 -4 -2
right_child=1 2 3 -5 -6 -7
leaf_value=-0.0023540112519857314 0.00017261335634524125 -0.0080265570171819678 -0.0070589510558380017 -0.0092008427232503891 0.0020987568476370402 0.0008977129676400003
leaf_weight=2524 6271 58 27 20 126 5226
leaf_count=2524 6271 58 27 20 126 5226
internal_value=-5.21557e-05 0.00044323 -0.00249223 -0.000636793 0.000482691 0.00050221
internal_weight=14252 11728 231 173 153 11497
internal_count=14252 11728 231 173 153 11497
is_linear=0
shrinkage=0.02


Tree=122
num_leaves=7
num_cat=0
split_feature=0 8 0 8 13 8
split_gain=39.0202 4.87524 5.0109 5.10879 3.75338 5.0211
threshold=-1.2816653967541698 20.886698512422878 0.32480069337239487 28.661050263939476 25.375000000000004 9.5523867345747835
decision_type=8 10 10 10 10 8
left_child=-1 4 3 -3 5 -2
right_child=1 2 -4 -5 -6 -7
leaf_value=-0.0023069310047271331 -0.00035337548183822406 -0.0056634731512388284 0.0032346199498492845 0.0026625911780708547 0.001127691503983492 0.00064786127947245853
leaf_weight=2524 3134 145 49 37 2809 5554
leaf_count=2524 3134 145 49 37 2809 5554
internal_value=-5.11126e-05 0.000434365 -0.00244239 -0.00397081 0.000492166 0.000286688
internal_weight=14252 11728 231 182 11497 8688
internal_count=14252 11728 231 182 11497 8688
is_linear=0
shrinkage=0.02


Tree=123
num_leaves=7
num_cat=0
split_feature=0 8 1 13 7 1
split_gain=37.475 4.68218 5.63252 5.94664 3.97865 4.11791
threshold=-1.2816653967541698 20.886698512422878 0.078082343248643313 20.375000000000004 0.79436673502359822 0.15889746989767012
decision_type=8 10 2 8 2 2
left_child=-1 -2 3 -3 5 -4
right_child=1 2 4 -5 -6 -7
leaf_value=-0.0022607923761901903 0.00048232231043878252 0.00071326314737754203 0.0071551052158077555 -0.012611801571942666 -0.0089741689413785925 -0.0011090990128677066
leaf_weight=2524 11497 21 30 37 20 123
leaf_count=2524 11497 21 30 37 20 123
internal_value=-5.00904e-05 0.000425678 -0.00239354 -0.00778721 -0.000585257 0.000511333
internal_weight=14252 11728 231 58 173 153
internal_count=14252 11728 231 58 173 153
is_linear=0
shrinkage=0.02


Tree=124
num_leaves=7
num_cat=0
split_feature=1 8 1 13 7 12
split_gain=35.991 4.49677 5.40947 5.71115 3.8211 4.46948
threshold=-1.2816653967541698 20.886698512422878 0.078082343248643313 20.375000000000004 0.79436673502359822 -5.7499999999999991
decision_type=2 10 2 8 2 10
left_child=-1 -2 3 -3 5 -4
right_child=1 2 4 -5 -6 -7
leaf_value=-0.0022155765142960943 0.0004726758675376424 0.00069899781873183594 -0.00688331307636367 -0.012359565564909497 -0.0087946855276823041 0.0020834821495153604
leaf_weight=2524 11497 21 27 37 20 126
leaf_count=2524 11497 21 27 37 20 126
internal_value=-4.90886e-05 0.000417164 -0.00234567 -0.00763147 -0.000573552 0.000501107
internal_weight=14252 11728 231 58 173 153
internal_count=14252 11728 231 58 173 153
is_linear=0
shrinkage=0.02


Tree=125
num_leaves=7
num_cat=0
split_feature=2 0 6 0 13 9
split_gain=35.8454 4.18324 3.7695 5.04993 3.2185 3.40096
threshold=-0.7857822000136031 0.066340034721425675 -0.096399529234372325 0.20842242329578856 25.375000000000004 0.91989913731649653
decision_type=8 10 2 10 10 10
left_child=1 -1 3 -3 -2 -6
right_child=4 2 -4 -5 5 -7
leaf_value=-0.0021426930018080929 0.0003556548778044029 0.0064264417234808201 0.0070927881534610469 -0.003301322560858082 0.0008991410967468885 0.0031868991975768884
leaf_weight=2690 8631 30 35 74 2506 290
leaf_count=2690 8631 30 35 74 2506 290
internal_value=4.76995e-05 -0.00196787 0.00141542 -0.000495237 0.000546697 0.00113643
internal_weight=14256 2829 139 104 11427 2796
internal_count=14256 2829 139 104 11427 2796
is_linear=0
shrinkage=0.02


Tree=126
num_leaves=7
num_cat=0
split_feature=2 0 0 9 9 13
split_gain=34.4259 4.01758 3.494 4.25886 3.55882 3.18431
threshold=-0.7857822000136031 0.066340034721425675 0.23964014475361603 0.31325326392317926 0.72953980663351214 16.875000000000004
decision_type=8 10 10 10 8 8
left_child=1 -1 4 -4 -3 -2
right_child=5 2 3 -5 -6 -7
leaf_value=-0.0020998391654300434 -0.0011228009273646022 0.010355666117310258 0.006114199447631836 -0.003578733309651866 -0.00069045702368021014 0.00060296939681665405
leaf_weight=2690 445 28 25 66 20 10982
leaf_count=2690 445 28 25 66 20 10982
internal_value=4.67455e-05 -0.00192851 0.00138711 -0.00091584 0.00575311 0.000535763
internal_weight=14256 2829 139 91 48 11427
internal_count=14256 2829 139 91 48 11427
is_linear=0
shrinkage=0.02


Tree=127
num_leaves=7
num_cat=0
split_feature=2 0 6 0 10 13
split_gain=33.0627 3.85849 3.61146 4.70712 3.07928 5.14532
threshold=-0.7857822000136031 0.066340034721425675 -0.096399529234372325 0.20842242329578856 7.5000000000000009 18.375000000000004
decision_type=8 10 2 10 2 8
left_child=1 -1 3 -3 5 -2
right_child=4 2 -4 -5 -6 -7
leaf_value=-0.0020578423806160897 -0.0012509452438599236 0.006171804482738177 0.0069164446677480434 -0.003219969536404352 0.00019636045111680577 0.001024007100680751
leaf_weight=2690 430 30 35 74 5707 5290
leaf_count=2690 430 30 35 74 5707 5290
internal_value=4.58106e-05 -0.00188994 0.00135937 -0.000510804 0.000525048 0.000852988
internal_weight=14256 2829 139 104 11427 5720
internal_count=14256 2829 139 104 11427 5720
is_linear=0
shrinkage=0.02


Tree=128
num_leaves=7
num_cat=0
split_feature=2 12 13 13 9 13
split_gain=31.7534 3.43419 3.11442 3.05603 3.26335 3.31329
threshold=-0.7857822000136031 5.2500000000000009 28.375000000000004 25.375000000000004 0.91989913731649653 26.625000000000004
decision_type=8 10 10 10 10 10
left_child=1 2 -1 -2 5 -5
right_child=3 -3 -4 4 -6 -7
leaf_value=-0.0020958042170667939 0.00032838930238993986 -0.00034822063648607586 -0.0089281323138210508 0.0017938113275847661 0.0030977565747573326 0.00029237725593107161
leaf_weight=2302 8631 500 27 942 290 1564
leaf_count=2302 8631 500 27 942 290 1564
internal_value=4.48944e-05 -0.00185214 -0.00217501 0.000514547 0.0010892 0.000856763
internal_weight=14256 2829 2329 11427 2796 2506
internal_count=14256 2829 2329 11427 2796 2506
is_linear=0
shrinkage=0.02


Tree=129
num_leaves=7
num_cat=0
split_feature=8 10 13 12 9 9
split_gain=28.482 3.94197 4.68872 3.88526 3.68654 3.64244
threshold=5.2367712306312049 7.5000000000000009 21.875000000000004 3.7500000000000004 0.94628889364506119 0.093239015067890632
decision_type=8 2 10 10 10 10
left_child=5 -2 3 -3 -4 -1
right_child=1 2 4 -5 -6 -7
leaf_value=-0.001970997948847664 0.00090200495951151872 -0.00039402466211741789 0.00051940244249147702 -0.006923087739410836 0.0037459429739599408 -0.00031733463352309131
leaf_weight=2515 5526 2483 2870 37 149 676
leaf_count=2515 5526 2483 2870 37 149 676
internal_value=4.39965e-05 0.000524066 0.000147014 -0.000489888 0.000678645 -0.00162068
internal_weight=14256 11065 5539 2520 3019 3191
internal_count=14256 11065 5539 2520 3019 3191
is_linear=0
shrinkage=0.02


Tree=130
num_leaves=7
num_cat=0
split_feature=0 8 1 8 6 8
split_gain=35.2516 5.03029 5.03047 5.26782 4.95707 4.94758
threshold=-1.2816653967541698 25.009242375472088 0.34928771661689256 20.886698512422878 -0.64787656259572601 8.4252854131328103
decision_type=8 10 2 10 2 8
left_child=-1 2 3 -2 -4 -6
right_child=1 -3 4 -5 5 -7
leaf_value=-0.0021383537475173193 0.00025883614157755618 0.0050222847257385553 -0.0024084255130961537 -0.0038293869838526007 -0.00012824288931318856 0.0017821189676781532
leaf_weight=2480 8374 97 150 128 716 2235
leaf_count=2480 8374 97 150 128 716 2235
internal_value=2.75971e-05 0.000486705 0.000448788 0.000197287 0.00113833 0.00131861
internal_weight=14180 11700 11603 8502 3101 2951
internal_count=14180 11700 11603 8502 3101 2951
is_linear=0
shrinkage=0.02


Tree=131
num_leaves=7
num_cat=0
split_feature=0 1 6 6 10 2
split_gain=33.8557 4.68372 4.82944 3.94475 4.1124 3.88447
threshold=-1.2816653967541698 0.34928771661689256 -0.64787656259572601 -0.55859985728992123 8.5000000000000018 0.23147716497039902
decision_type=8 2 2 2 2 10
left_child=-1 5 -3 4 -4 -2
right_child=1 2 3 -5 -6 -7
leaf_value=-0.0020955866553572819 -0.00014683408182049592 -0.002360256991100808 0.0077852898810369274 0.0011433211386556248 0.0013774616967583465 0.0007089119064183629
leaf_weight=2480 4745 150 75 2806 86 3838
leaf_count=2480 4745 150 75 2806 86 3838
internal_value=2.70452e-05 0.000476971 0.00114099 0.001318 0.00436247 0.000235824
internal_weight=14180 11700 3117 2967 161 8583
internal_count=14180 11700 3117 2967 161 8583
is_linear=0
shrinkage=0.02


Tree=132
num_leaves=7
num_cat=0
split_feature=0 1 2 3 2 1
split_gain=32.515 4.49824 3.73065 3.83727 3.34202 4.56236
threshold=-1.2816653967541698 0.34928771661689256 0.23147716497039902 0.59351241354278284 -0.42605900082750076 0.20455109127512441
decision_type=8 2 10 10 8 2
left_child=-1 2 3 4 5 -2
right_child=1 -3 -4 -5 -6 -7
leaf_value=-0.0020536749439586475 0.0023476069012407638 0.0011181743418259042 0.00069473367989722815 -0.0088858571066521112 -0.00032796925680132131 -0.0010591523516147088
leaf_weight=2480 456 3117 3838 20 4029 240
leaf_count=2480 456 3117 3838 20 4029 240
internal_value=2.65043e-05 0.000467431 0.000231107 -0.000143897 -0.000106894 0.00117286
internal_weight=14180 11700 8583 4745 4725 696
internal_count=14180 11700 8583 4745 4725 696
is_linear=0
shrinkage=0.02


Tree=133
num_leaves=7
num_cat=0
split_feature=0 8 1 8 8 2
split_gain=31.2274 4.82108 4.46205 5.06959 4.57941 4.42658
threshold=-1.2816653967541698 25.009242375472088 0.34928771661689256 20.886698512422878 8.4252854131328103 0.23147716497039902
decision_type=8 10 2 10 8 10
left_child=-1 2 3 5 -4 -2
right_child=1 -3 4 -5 -6 -7
leaf_value=-0.0020126014747591163 -0.00016812483878658873 0.0048983419982274786 -0.00028205241867565011 -0.0037660862828124667 0.0015071467353806214 0.00075694191003831696
leaf_weight=2480 4639 97 757 128 2344 3735
leaf_count=2480 4639 97 757 128 2344 3735
internal_value=2.59742e-05 0.000458083 0.000420962 0.000184096 0.00107038 0.000244477
internal_weight=14180 11700 11603 8502 3101 8374
internal_count=14180 11700 11603 8502 3101 8374
is_linear=0
shrinkage=0.02


Tree=134
num_leaves=7
num_cat=0
split_feature=0 1 6 6 2 2
split_gain=29.9908 4.15057 4.63431 3.79294 3.45324 3.42777
threshold=-1.2816653967541698 0.34928771661689256 -0.64787656259572601 -0.55859985728992123 0.49054416871795009 0.23147716497039902
decision_type=8 2 2 2 8 10
left_child=-1 5 4 -4 -3 -2
right_child=1 2 3 -5 -6 -7
leaf_value=-0.0019723494274343644 -0.00013754676308804775 -0.0004006677489938601 0.0042327206325355731 0.0010761185980561186 -0.0070658141323788606 0.00066632180933626065
leaf_weight=2480 4745 106 161 2806 44 3838
leaf_count=2480 4745 106 161 2806 44 3838
internal_value=2.54547e-05 0.000448921 0.00107401 0.00124741 -0.00235578 0.000221914
internal_weight=14180 11700 3117 2967 150 8583
internal_count=14180 11700 3117 2967 150 8583
is_linear=0
shrinkage=0.02


Tree=135
num_leaves=7
num_cat=0
split_feature=1 8 9 13 13 12
split_gain=24.2763 6.15182 4.86507 4.62286 4.26649 4.11883
threshold=-0.72190220325368948 1.5215153061200113 0.24569412401138566 25.125000000000004 22.875000000000004 4.7500000000000009
decision_type=2 8 8 10 8 10
left_child=5 2 4 -3 -2 -1
right_child=1 3 -4 -5 -6 -7
leaf_value=-0.0021858703538012959 -0.014294228062585549 0.00016664209620867733 -0.0010550175364836152 0.0010717774871139008 -0.0021066532880067825 -0.00011653362791079548
leaf_weight=2062 27 8440 83 3081 20 473
leaf_count=2062 27 8440 83 3081 20 473
internal_value=-2.60414e-05 0.00035988 -0.00396649 0.000408698 -0.00910803 -0.00179976
internal_weight=14186 11651 130 11521 47 2535
internal_count=14186 11651 130 11521 47 2535
is_linear=0
shrinkage=0.02


Tree=136
num_leaves=7
num_cat=0
split_feature=0 8 13 9 13 8
split_gain=23.3186 5.34063 4.54183 4.45685 3.55707 3.18253
threshold=-1.2816653967541698 1.5215153061200113 25.125000000000004 0.24569412401138566 22.875000000000004 14.251028077519617
decision_type=8 8 10 8 8 8
left_child=-1 3 -3 4 -2 -4
right_child=1 2 5 -5 -6 -7
leaf_value=-0.0017748313486319167 -0.01310792681894132 0.00015673982806319129 0.0014300125363416775 -0.00088326404177967242 -0.0020645203739404678 -4.2446875408101775e-05
leaf_weight=2509 28 8460 2295 85 20 789
leaf_count=2509 28 8460 2295 85 20 789
internal_value=-2.55206e-05 0.000350348 0.000396258 -0.00363451 -0.00850651 0.0010533
internal_weight=14186 11677 11544 133 48 3084
internal_count=14186 11677 11544 133 48 3084
is_linear=0
shrinkage=0.02


Tree=137
num_leaves=7
num_cat=0
split_feature=0 13 9 2 12 1
split_gain=22.3952 4.86054 4.64751 3.79559 3.58621 3.21279
threshold=-1.2816653967541698 23.375000000000004 0.90030126512308295 0.9303354658756845 4.7500000000000009 0.1596530323486757
decision_type=8 10 10 10 10 2
left_child=4 -2 3 -3 -1 -5
right_child=1 2 -4 5 -6 -7
leaf_value=-0.0021018855558812741 -1.1369414762002454e-05 0.00074310166625304256 0.0023060981400532428 -0.0039799487938187899 -0.00016235454869804097 -6.6906895068393131e-06
leaf_weight=2040 6651 3955 715 126 469 230
leaf_count=2040 6651 3955 715 126 469 230
internal_value=-2.50101e-05 0.000343341 0.000812737 0.000565056 -0.00173933 -0.00141296
internal_weight=14186 11677 5026 4311 2509 356
internal_count=14186 11677 5026 4311 2509 356
is_linear=0
shrinkage=0.02


Tree=138
num_leaves=7
num_cat=0
split_feature=1 8 9 13 13 12
split_gain=21.5115 5.68154 4.48568 4.13758 3.94981 3.80674
threshold=-0.72190220325368948 1.5215153061200113 0.24569412401138566 25.125000000000004 22.875000000000004 4.7500000000000009
decision_type=2 8 8 10 8 10
left_child=5 2 4 -3 -2 -1
right_child=1 3 -4 -5 -6 -7
leaf_value=-0.0020653654183316709 -0.013745957789597687 0.00015668699962400221 -0.0010232975825398083 0.001012997172512178 -0.0020194099508225919 -7.597093304016689e-05
leaf_weight=2062 27 8440 83 3081 20 473
leaf_count=2062 27 8440 83 3081 20 473
internal_value=-2.45099e-05 0.000338771 -0.00381894 0.000385685 -0.00875594 -0.00169417
internal_weight=14186 11651 130 11521 47 2535
internal_count=14186 11651 130 11521 47 2535
is_linear=0
shrinkage=0.02


Tree=139
num_leaves=7
num_cat=0
split_feature=0 8 9 13 12 6
split_gain=20.6622 4.90841 4.09829 4.06935 3.30151 3.35651
threshold=-1.2816653967541698 1.5215153061200113 0.24569412401138566 25.125000000000004 4.7500000000000009 -0.33661823578917316
decision_type=8 8 8 10 10 2
left_child=4 2 -2 -3 -1 -6
right_child=1 3 -4 -5 5 -7
leaf_value=-0.0020185405220522539 -0.008162321985388795 0.0001470876164742121 -0.00085216267604161706 0.00099573653476892868 0.0024099536231574669 -0.0012725449331383867
leaf_weight=2040 48 8460 85 3084 142 327
leaf_count=2040 48 8460 85 3084 142 327
internal_value=-2.40197e-05 0.000329793 -0.00349042 0.000373806 -0.00167068 -0.000157588
internal_weight=14186 11677 133 11544 2509 469
internal_count=14186 11677 133 11544 2509 469
is_linear=0
shrinkage=0.02


Tree=140
num_leaves=7
num_cat=0
split_feature=0 13 3 6 10 1
split_gain=22.1156 5.20576 5.22095 4.65584 3.64206 4.66901
threshold=-1.2816653967541698 22.625000000000004 1.0015823276752214 0.21450270132898228 2.5000000000000004 0.21705558582750298
decision_type=8 10 10 2 2 2
left_child=-1 2 3 -2 -4 -6
right_child=1 -3 4 -5 5 -7
leaf_value=-0.0017137777156257228 -0.00022306723679103618 0.00078380255229755481 0.0073275666613260215 0.0068949233672606783 0.0028797540017138652 -0.0073240390728183452
leaf_weight=2507 5603 5768 58 37 123 21
leaf_count=2507 5603 5768 58 37 123 21
internal_value=-1.0257e-05 0.000357592 -6.32197e-05 -0.000176371 0.00309606 0.0013917
internal_weight=14117 11610 5842 5640 202 144
internal_count=14117 11610 5842 5640 202 144
is_linear=0
shrinkage=0.02


Tree=141
num_leaves=7
num_cat=0
split_feature=1 13 3 8 8 8
split_gain=21.2399 4.99961 5.01623 5.28251 8.98344 5.07456
threshold=-1.2816653967541698 22.625000000000004 0.84791858753442695 25.009242375472088 20.886698512422878 16.79289854029939
decision_type=2 10 10 10 10 10
left_child=-1 2 3 4 5 -2
right_child=1 -3 -4 -5 -6 -7
leaf_value=-0.0016795021152127534 -0.00028060043262119271 0.00076812650161800792 0.0025211146328650365 0.0076642671731465004 -0.0074145848270289706 0.0027548490703794295
leaf_weight=2507 5223 5768 286 34 69 230
leaf_count=2507 5223 5768 286 34 69 230
internal_value=-1.00518e-05 0.00035044 -6.19554e-05 -0.000194921 -0.000243312 -0.000152569
internal_weight=14117 11610 5842 5556 5522 5453
internal_count=14117 11610 5842 5556 5522 5453
is_linear=0
shrinkage=0.02


Tree=142
num_leaves=7
num_cat=0
split_feature=2 13 3 6 3 7
split_gain=19.992 4.15434 5.17738 4.48544 3.89188 3.77449
threshold=-0.7857822000136031 22.625000000000004 1.0015823276752214 0.21450270132898228 -1.0621604106796922 -0.47927517851307799
decision_type=8 10 10 2 8 2
left_child=5 2 3 4 -2 -1
right_child=1 -3 -4 -5 -6 -7
leaf_value=-0.0091104128186662615 0.0086260230801999578 0.00074775355530488604 0.0031100268612214016 0.0071066688573645318 -0.00021280899423365443 -0.00145437695521697
leaf_weight=26 20 5650 204 34 5417 2766
leaf_count=26 20 5650 204 34 5417 2766
internal_value=-9.85078e-06 0.000363851 -1.83601e-05 -0.00013501 -0.000180295 -0.00152567
internal_weight=14117 11325 5675 5471 5437 2792
internal_count=14117 11325 5675 5471 5437 2792
is_linear=0
shrinkage=0.02


Tree=143
num_leaves=7
num_cat=0
split_feature=0 13 3 6 11 1
split_gain=19.6622 4.62339 4.64802 4.29343 3.49784 4.48412
threshold=-1.2816653967541698 22.625000000000004 1.0015823276752214 0.21450270132898228 1.0000000180025095e-35 0.21705558582750298
decision_type=8 10 10 2 2 2
left_child=-1 2 3 -2 5 -4
right_child=1 -3 4 -5 -6 -7
leaf_value=-0.0016159048286459984 -0.00021098864054060071 0.00073885461939690925 0.0027095361420415281 0.0066243558769693246 0.0070683923985102575 -0.0072901807296910284
leaf_weight=2507 5603 5768 123 37 58 21
leaf_count=2507 5603 5768 123 37 58 21
internal_value=-9.65377e-06 0.000337191 -5.93842e-05 -0.000166147 0.00292151 0.00125124
internal_weight=14117 11610 5842 5640 202 144
internal_count=14117 11610 5842 5640 202 144
is_linear=0
shrinkage=0.02


Tree=144
num_leaves=7
num_cat=0
split_feature=0 13 6 8 2 13
split_gain=18.8835 4.4403 4.1922 3.58626 3.71455 4.49271
threshold=-1.2816653967541698 22.625000000000004 0.21450270132898228 10.14911150280629 -0.025446360103582016 20.625000000000004
decision_type=8 10 2 10 8 8
left_child=-1 2 3 4 5 -2
right_child=1 -3 -4 -5 -6 -7
leaf_value=-0.0015835867037720447 -0.00056830920828075356 0.00072407753374762189 0.0064770870894575727 0.00039687740158887697 -0.00015447546013859717 -0.0036302924739496888
leaf_weight=2507 497 5768 39 2891 2103 312
leaf_count=2507 497 5768 39 2891 2103 312
internal_value=-9.46069e-06 0.000330447 -5.81965e-05 -0.000102118 -0.000597515 -0.0017492
internal_weight=14117 11610 5842 5803 2912 809
internal_count=14117 11610 5842 5803 2912 809
is_linear=0
shrinkage=0.02


Tree=145
num_leaves=7
num_cat=0
split_feature=8 0 9 9 3 0
split_gain=21.0288 3.70353 3.67929 5.91494 4.46332 5.52568
threshold=5.0029154518950447 0.56459212300809158 0.67332290720464594 0.67858535482021076 0.47865909126139877 0.7027257333298953
decision_type=8 10 10 10 8 10
left_child=1 -1 -2 -4 5 -5
right_child=2 -3 3 4 -6 -7
leaf_value=-0.0014781721486061081 6.418593395383263e-05 0.0064097951461250585 0.0062675106358260685 0.00086147613106080838 -0.00070317427184755368 0.0069160264522814367
leaf_weight=2996 5007 24 78 5218 765 61
leaf_count=2996 5007 24 78 5218 765 61
internal_value=6.46412e-05 -0.00141549 0.000466293 0.000795165 0.000724542 0.000931438
internal_weight=14149 3020 11129 6122 6044 5279
internal_count=14149 3020 11129 6122 6044 5279
is_linear=0
shrinkage=0.02


Tree=146
num_leaves=7
num_cat=0
split_feature=8 7 1 9 1 8
split_gain=20.1961 4.07391 3.55687 3.42102 5.49174 3.57038
threshold=5.0029154518950447 -0.19241197791669973 0.56788729180313158 0.63365803758462114 0.7027257333298953 11.383836780046805
decision_type=8 2 2 10 2 10
left_child=2 -2 -1 -3 5 -5
right_child=1 3 -4 4 -6 -7
leaf_value=-0.0014486086909476026 -0.0012375188290434718 0.00010948276288862493 0.0062815993628464644 0.00034493380771371369 0.006115007041475903 0.0013105525559679446
leaf_weight=2996 540 4310 24 3440 78 2761
leaf_count=2996 540 4310 24 3440 78 2761
internal_value=6.33483e-05 0.000456967 -0.00138718 0.00054338 0.000841213 0.000774876
internal_weight=14149 11129 3020 10589 6279 6201
internal_count=14149 11129 3020 10589 6279 6201
is_linear=0
shrinkage=0.02


Tree=147
num_leaves=7
num_cat=0
split_feature=8 12 10 6 9 0
split_gain=19.4071 3.46041 4.82251 3.58234 3.58005 4.55822
threshold=6.2504365337686183 -12.249999999999998 7.5000000000000009 -0.48768683921386713 0.62009746688889622 0.25137460384361648
decision_type=8 8 2 2 10 8
left_child=1 2 -1 -3 -5 -6
right_child=-2 3 -4 4 5 -7
leaf_value=-0.010845022184508189 0.00050486636974233828 0.000325116983206832 -0.0015034763210763533 -0.0016405840663742031 -0.0019709213756671793 0.0021634855984011664
leaf_weight=35 10424 606 60 2592 192 240
leaf_count=35 10424 606 60 2592 192 240
internal_value=6.20814e-05 -0.001177 -0.0049451 -0.00107839 -0.00135965 0.000325971
internal_weight=14149 3725 95 3630 3024 432
internal_count=14149 3725 95 3630 3024 432
is_linear=0
shrinkage=0.02


Tree=148
num_leaves=7
num_cat=0
split_feature=8 0 9 9 3 0
split_gain=18.6599 3.40622 3.39513 5.68343 4.29841 5.11992
threshold=5.0029154518950447 0.56459212300809158 0.67332290720464594 0.67858535482021076 0.47865909126139877 0.7027257333298953
decision_type=8 10 10 10 8 10
left_child=1 -1 -2 -4 5 -5
right_child=2 -3 3 4 -6 -7
leaf_value=-0.0013935443005342416 5.2924815464312561e-05 0.0061711845025032141 0.0061192915316384579 0.00082157611463676912 -0.00071521073391293355 0.0066495859813418424
leaf_weight=2996 5007 24 78 5218 765 61
leaf_count=2996 5007 24 78 5218 765 61
internal_value=6.08398e-05 -0.00133343 0.000439192 0.000755109 0.000685882 0.00088892
internal_weight=14149 3020 11129 6122 6044 5279
internal_count=14149 3020 11129 6122 6044 5279
is_linear=0
shrinkage=0.02


Tree=149
num_leaves=7
num_cat=0
split_feature=8 12 10 6 9 0
split_gain=17.9861 3.32009 4.63562 3.43638 3.35633 4.36997
threshold=6.2504365337686183 -12.249999999999998 7.5000000000000009 -0.48768683921386713 0.62009746688889622 0.25137460384361648
decision_type=8 8 2 2 10 8
left_child=1 2 -1 -3 -5 -6
right_child=-2 3 -4 4 5 -7
leaf_value=-0.010608620211482048 0.0004858901642771315 0.00033797247577174304 -0.0014498753783603511 -0.0015841304703829836 -0.0019289739752033105 0.0021191591939520248
leaf_weight=35 10424 606 60 2592 192 240
leaf_count=35 10424 606 60 2592 192 240
internal_value=5.9623e-05 -0.00113324 -0.00482415 -0.00103664 -0.00131211 0.000319989
internal_weight=14149 3725 95 3630 3024 432
internal_count=14149 3725 95 3630 3024 432
is_linear=0
shrinkage=0.02


Tree=150
num_leaves=7
num_cat=0
split_feature=2 1 9 5 10 8
split_gain=16.0403 3.7611 3.44307 5.45515 4.14261 7.32798
threshold=-0.7857822000136031 0.50478994843692238 0.67332290720464594 3.5000000000000004 11.500000000000002 28.661050263939476
decision_type=8 2 10 2 2 10
left_child=-1 2 4 -4 5 -2
right_child=1 -3 3 -5 -6 -7
leaf_value=-0.0013605366254655937 7.5278998937823404e-05 0.0015351287084687853 -0.00045904738391796071 0.00092948095102710017 -0.0012547216938778381 0.011924363445667994
leaf_weight=2821 3574 942 1562 4109 1107 21
leaf_count=2821 3574 942 1562 4109 1107 21
internal_value=-1.12688e-05 0.000325124 0.00021524 0.00054703 -0.000184925 0.000144495
internal_weight=14136 11315 10373 5671 4702 3595
internal_count=14136 11315 10373 5671 4702 3595
is_linear=0
shrinkage=0.02


Tree=151
num_leaves=7
num_cat=0
split_feature=2 3 2 8 0 1
split_gain=15.4051 4.56506 4.63116 4.04807 3.91348 5.33483
threshold=-0.7857822000136031 0.39938224169658071 0.61034118368902879 28.661050263939476 0.67687591337609343 0.26997743889663556
decision_type=8 8 10 10 8 2
left_child=-1 2 3 -2 -3 -6
right_child=1 4 -4 -5 5 -7
leaf_value=-0.0013333258880860246 0.00042397163509520904 6.1103486565473175e-05 0.0024611100750408085 0.0092169964526380814 -0.00097799491896930044 -0.0062260738261763681
leaf_weight=2821 7666 2406 486 21 648 88
leaf_count=2821 7666 2406 486 21 648 88
internal_value=-1.10434e-05 0.000318622 0.000567701 0.000447993 -0.000329287 -0.00160548
internal_weight=14136 11315 8173 7687 3142 736
internal_count=14136 11315 8173 7687 3142 736
is_linear=0
shrinkage=0.02


Tree=152
num_leaves=7
num_cat=0
split_feature=2 3 2 10 13 0
split_gain=14.795 4.38429 4.44776 3.88015 6.1405 6.58397
threshold=-0.7857822000136031 0.39938224169658071 0.61034118368902879 7.5000000000000009 28.375000000000004 0.59095397033080366
decision_type=8 8 10 2 8 8
left_child=-1 2 3 4 -2 -6
right_child=1 -3 -4 -5 5 -7
leaf_value=-0.0013066593521128466 0.00065167716620489948 -0.00032270139647718008 0.0024118878907110129 3.8024241237325032e-05 0.0020006775904241351 0.0086017861753980348
leaf_weight=2821 3050 3142 486 4279 281 77
leaf_count=2821 3050 3142 486 4279 281 77
internal_value=-1.08225e-05 0.000312249 0.000556347 0.000439033 0.00094253 0.00342047
internal_weight=14136 11315 8173 7687 3408 358
internal_count=14136 11315 8173 7687 3408 358
is_linear=0
shrinkage=0.02


Tree=153
num_leaves=7
num_cat=0
split_feature=2 3 2 8 10 13
split_gain=14.2091 4.21067 4.27476 3.89298 3.5589 5.10256
threshold=-0.7857822000136031 0.39938224169658071 0.58154563684668348 28.661050263939476 7.5000000000000009 28.375000000000004
decision_type=8 8 10 10 2 8
left_child=-1 2 3 4 5 -2
right_child=1 -3 -4 -5 -6 -7
leaf_value=-0.0012805261730826543 0.00061455431806623027 -0.00031624738281059613 0.0021600762359792009 0.0090148580225095868 5.3352703938486432e-06 0.0031867227967027141
leaf_weight=2821 2989 3142 607 21 4212 344
leaf_count=2821 2989 3142 607 21 4212 344
internal_value=-1.06061e-05 0.000306004 0.00054522 0.000415665 0.000391731 0.000880029
internal_weight=14136 11315 8173 7566 7545 3333
internal_count=14136 11315 8173 7566 7545 3333
is_linear=0
shrinkage=0.02


Tree=154
num_leaves=7
num_cat=0
split_feature=2 3 2 0 1 2
split_gain=13.6465 4.04393 4.12124 3.7585 5.12357 5.29725
threshold=-0.7857822000136031 0.39938224169658071 0.61034118368902879 0.67687591337609343 0.26997743889663556 0.98459826171311537
decision_type=8 8 10 8 2 10
left_child=-1 2 -2 -3 5 -5
right_child=1 3 -4 4 -6 -7
leaf_value=-0.0012549156510614974 0.0004213901830518134 7.266038921662643e-05 0.0023204486038767703 -0.001903592695936693 -0.0060887733845844533 0.0024678365004734255
leaf_weight=2821 7687 2406 486 506 88 142
leaf_count=2821 7687 2406 486 506 88 142
internal_value=-1.0394e-05 0.000299884 0.000534316 -0.000309922 -0.00156059 -0.000945656
internal_weight=14136 11315 8173 3142 736 648
internal_count=14136 11315 8173 3142 736 648
is_linear=0
shrinkage=0.02


Tree=155
num_leaves=7
num_cat=0
split_feature=8 7 6 7 9 3
split_gain=16.6543 5.9119 4.5666 6.14313 6.2412 4.13609
threshold=5.0029154518950447 0.58927134111893753 -0.50955135617002567 0.80083427478599001 0.89388024726103466 0.35137448934512872
decision_type=8 2 2 2 10 10
left_child=-1 -2 3 4 -3 -5
right_child=1 2 -4 5 -6 -7
leaf_value=-0.0012385613930632944 0.00015470287412849021 -0.00065385821003536269 0.00090917732073677996 0.0043045515183084571 0.0094254067270406368 0.011581383300501676
leaf_weight=3048 8182 161 2567 122 29 42
leaf_count=3048 8182 161 2567 122 29 42
internal_value=7.0959e-05 0.000430449 0.00120284 0.00333231 0.000884556 0.00616813
internal_weight=14151 11103 2921 354 190 164
internal_count=14151 11103 2921 354 190 164
is_linear=0
shrinkage=0.02


Tree=156
num_leaves=7
num_cat=0
split_feature=8 7 6 7 9 2
split_gain=15.9948 5.67779 4.38577 5.89986 5.99405 4.11944
threshold=5.0029154518950447 0.58927134111893753 -0.50955135617002567 0.80083427478599001 0.89388024726103466 0.34608320113768959
decision_type=8 2 2 2 10 10
left_child=-1 -2 3 4 -3 -5
right_child=1 2 -4 5 -6 -7
leaf_value=-0.0012137901546910698 0.00015160881218818893 -0.00064078105104543415 0.00089099377785122004 0.0033433602040535528 0.0092368984479328682 0.0097640970068565321
leaf_weight=3048 8182 161 2567 95 29 69
leaf_count=3048 8182 161 2567 95 29 69
internal_value=6.95398e-05 0.00042184 0.00117878 0.00326567 0.000866865 0.00604477
internal_weight=14151 11103 2921 354 190 164
internal_count=14151 11103 2921 354 190 164
is_linear=0
shrinkage=0.02


Tree=157
num_leaves=7
num_cat=0
split_feature=8 6 12 0 0 3
split_gain=15.3614 3.86143 3.64519 3.32494 3.21998 3.55401
threshold=5.0029154518950447 -0.48768683921386713 -14.249999999999998 -1.529636910283841 -1.5027146707635046 0.42021462864452269
decision_type=8 2 10 8 8 10
left_child=1 2 -1 -2 5 -3
right_child=3 4 -4 -5 -6 -7
leaf_value=-0.006032252232685234 -0.0075372218234198429 -0.0029009537333541582 0.00084047935017171247 0.0004284694392728844 -0.00099019805894924769 0.0014247860626450607
leaf_weight=33 21 795 478 11082 1658 84
leaf_count=33 21 795 478 11082 1658 84
internal_value=6.8149e-05 -0.00118951 0.000396643 0.000413403 -0.001509 -0.00248757
internal_weight=14151 3048 511 11103 2537 879
internal_count=14151 3048 511 11103 2537 879
is_linear=0
shrinkage=0.02


Tree=158
num_leaves=7
num_cat=0
split_feature=8 13 6 12 10 9
split_gain=14.7531 4.86759 3.70852 3.50084 3.5006 4.59778
threshold=5.0029154518950447 25.625000000000004 -0.48768683921386713 -14.249999999999998 9.5000000000000018 0.38932660466041219
decision_type=8 10 2 10 2 10
left_child=2 4 3 -1 -2 -6
right_child=1 -3 -4 -5 5 -7
leaf_value=-0.0059116071710983908 0.00049945775270478405 0.001190271567436677 -0.001478816761283887 0.00082366980912692829 -0.0018393842391917672 3.8632070582413658e-05
leaf_weight=33 5326 2459 2537 478 648 2670
leaf_count=33 5326 2459 2537 478 648 2670
internal_value=6.67861e-05 0.000405135 -0.00116572 0.000388711 0.000181784 -0.000328141
internal_weight=14151 11103 3048 511 8644 3318
internal_count=14151 11103 3048 511 8644 3318
is_linear=0
shrinkage=0.02


Tree=159
num_leaves=7
num_cat=0
split_feature=0 9 7 10 9 8
split_gain=14.389 5.34478 4.54871 5.15641 4.71593 3.14324
threshold=-1.5027146707635046 0.69883696141265073 0.36171175208263578 15.500000000000002 0.81233165537824792 20.886698512422878
decision_type=8 10 2 2 10 10
left_child=-1 -2 3 5 -5 -3
right_child=1 2 -4 4 -6 -7
leaf_value=-0.0021312835247703004 -0.00011623733752145168 8.0379696934043717e-05 0.0012360215557046688 0.013776116537905874 0.00052577463740652265 -0.0071886649689016247
leaf_weight=1100 7165 2784 3035 21 22 24
leaf_count=1100 7165 2784 3035 21 22 24
internal_value=6.54503e-05 0.000250601 0.000697153 0.000123506 0.00699687 1.82511e-05
internal_weight=14151 13051 5886 2851 43 2808
internal_count=14151 13051 5886 2851 43 2808
is_linear=0
shrinkage=0.02


Tree=160
num_leaves=7
num_cat=0
split_feature=0 12 13 9 8 0
split_gain=14.8094 3.01588 4.2898 3.93813 4.16187 3.94157
threshold=-1.2816653967541698 -8.7499999999999982 21.625000000000004 0.88175352766603587 20.145493648543969 0.2886246057745358
decision_type=8 10 10 8 10 8
left_child=-1 2 3 5 -5 -2
right_child=1 -3 -4 4 -6 -7
leaf_value=-0.0013873801958416241 -0.002978896952847478 0.00041179148102914702 0.0081029567257924519 0.0011371849099660099 -0.0082045633103698494 -4.4938521631107736e-05
leaf_weight=2522 418 10459 22 413 20 326
leaf_count=2522 418 10459 22 413 20 326
internal_value=2.25363e-06 0.000302876 -0.000647204 -0.000810759 0.000705695 -0.00169332
internal_weight=14180 11658 1199 1177 433 744
internal_count=14180 11658 1199 1177 433 744
is_linear=0
shrinkage=0.02


Tree=161
num_leaves=7
num_cat=0
split_feature=0 12 13 9 8 0
split_gain=14.223 2.89645 4.11993 3.78218 3.99706 3.78548
threshold=-1.2816653967541698 -8.7499999999999982 21.625000000000004 0.88175352766603587 20.145493648543969 0.2886246057745358
decision_type=8 10 10 8 10 8
left_child=-1 2 3 5 -5 -2
right_child=1 -3 -4 4 -6 -7
leaf_value=-0.0013596325857663427 -0.002919318982291801 0.00040355564838742735 0.0079408978061242547 0.001114441246936886 -0.0080404721423983569 -4.4039720212297938e-05
leaf_weight=2522 418 10459 22 413 20 326
leaf_count=2522 418 10459 22 413 20 326
internal_value=2.20856e-06 0.000296819 -0.00063426 -0.000794543 0.000691582 -0.00165945
internal_weight=14180 11658 1199 1177 433 744
internal_count=14180 11658 1199 1177 433 744
is_linear=0
shrinkage=0.02


end of trees

feature_importances:
prior_epa_per_opp=227
implied_total=175
wt_air_yards_per_target=119
wt_snap_share=90
baseline_epa_per_opp=83
rolling_epa_per_opp=73
team_spread=60
def_deep_pass_epa_adj=59
form_residual=32
def_short_pass_epa_adj=31
games_played_so_far=18
draft_tier_int=4
def_used_fallback_int=1

parameters:
[boosting: gbdt]
[objective: regression]
[metric: rmse]
[tree_learner: serial]
[device_type: cpu]
[data_sample_strategy: bagging]
[data: ]
[valid: ]
[num_iterations: 162]
[learning_rate: 0.02]
[num_leaves: 7]
[num_threads: 1]
[seed: 42]
[deterministic: 0]
[force_col_wise: 0]
[force_row_wise: 0]
[histogram_pool_size: -1]
[max_depth: -1]
[min_data_in_leaf: 20]
[min_sum_hessian_in_leaf: 0.001]
[bagging_fraction: 0.8]
[pos_bagging_fraction: 1]
[neg_bagging_fraction: 1]
[bagging_freq: 5]
[bagging_seed: 400]
[bagging_by_query: 0]
[feature_fraction: 0.8]
[feature_fraction_bynode: 1]
[feature_fraction_seed: 30056]
[extra_trees: 0]
[extra_seed: 12879]
[early_stopping_round: 0]
[early_stopping_min_delta: 0]
[first_metric_only: 0]
[max_delta_step: 0]
[lambda_l1: 0]
[lambda_l2: 0]
[linear_lambda: 0]
[min_gain_to_split: 0]
[drop_rate: 0.1]
[max_drop: 50]
[skip_drop: 0.5]
[xgboost_dart_mode: 0]
[uniform_drop: 0]
[drop_seed: 17869]
[top_rate: 0.2]
[other_rate: 0.1]
[min_data_per_group: 100]
[max_cat_threshold: 32]
[cat_l2: 10]
[cat_smooth: 10]
[max_cat_to_onehot: 4]
[top_k: 20]
[monotone_constraints: ]
[monotone_constraints_method: basic]
[monotone_penalty: 0]
[feature_contri: ]
[forcedsplits_filename: ]
[refit_decay_rate: 0.9]
[cegb_tradeoff: 1]
[cegb_penalty_split: 0]
[cegb_penalty_feature_lazy: ]
[cegb_penalty_feature_coupled: ]
[path_smooth: 0]
[interaction_constraints: ]
[verbosity: -1]
[saved_feature_importance_type: 0]
[use_quantized_grad: 0]
[num_grad_quant_bins: 4]
[quant_train_renew_leaf: 0]
[stochastic_rounding: 1]
[linear_tree: 0]
[max_bin: 255]
[max_bin_by_feature: ]
[min_data_in_bin: 3]
[bin_construct_sample_cnt: 200000]
[data_random_seed: 175]
[is_enable_sparse: 1]
[enable_bundle: 1]
[use_missing: 1]
[zero_as_missing: 0]
[feature_pre_filter: 0]
[pre_partition: 0]
[two_round: 0]
[header: 0]
[label_column: ]
[weight_column: ]
[group_column: ]
[ignore_column: ]
[categorical_feature: ]
[forcedbins_filename: ]
[precise_float_parser: 0]
[parser_config_file: ]
[objective_seed: 16083]
[num_class: 1]
[is_unbalance: 0]
[scale_pos_weight: 1]
[sigmoid: 1]
[boost_from_average: 1]
[reg_sqrt: 0]
[alpha: 0.9]
[fair_c: 1]
[poisson_max_delta_step: 0.7]
[tweedie_variance_power: 1.5]
[lambdarank_truncation_level: 30]
[lambdarank_norm: 1]
[label_gain: ]
[lambdarank_position_bias_regularization: 0]
[eval_at: ]
[multi_error_top_k: 1]
[auc_mu_weights: ]
[num_machines: 1]
[local_listen_port: 12400]
[time_out: 120]
[machine_list_filename: ]
[machines: ]
[gpu_platform_id: -1]
[gpu_device_id: -1]
[gpu_use_dp: 0]
[num_gpu: 1]

end of parameters
