tree
version=v4
num_class=1
num_tree_per_iteration=1
label_index=0
max_feature_idx=12
objective=regression
feature_names=wt_target_share wt_air_yards_share wt_snap_share wt_team_total_plays def_short_pass_epa_adj def_deep_pass_epa_adj draft_tier_int is_cold_start_int games_played_so_far baseline_target_share baseline_air_yards_share baseline_snap_share baseline_team_total_plays
feature_infos=[0.016666666666666666:0.44444444444444442] [-0.11079802267631861:0.75152783262587475] [0:1] [48:102] [-1.1976773517205141:0.51766782491140417] [-0.90098094100757076:1.9256437549098133] [1:5] [0:1] [0:16] [0.027459954233409609:0.31418312387791741] [-0.024441132637853951:0.52051109616677871] [0:0.98999999999999999] [58.5:75.875]
tree_sizes=2719 2891 2882 2892 2902 2877 2875 2888 2893 2896 2871 2890 2884 2900 2899 2892 2886 2881 2885 2885 2886 2887 2889 2887 2891 2897 2894 2895 2897 2898 2895 2882 2890 2905 2897 2894 2889 2902 2891 2903 2876 2890 2884 2898 2901 2889 2895 2908 2901 2901 2909 2908 2904 2886 2907 2897 2910 2879 2909 2903 2900 2906 2894 2898 2898 2887 2899 2901 2910 2905 2896 2900 2902 2900 2905 2911 2921 2926 2889 2923 2910 2918 2917 2913 2908 2911 2914 2906 2916 2902 2917 2915 2928 2904 2918 2911 2908 2898 2900 2901 2938 2920 2925 2912 2918 2927 2914 2915 2920 2918 2920 2930 2936 2913 2913 2916 2930 2912 2918 2915 2922 2924 2911 2917 2910 2943 2914 2920 2932 2915 2907 2925 2905 2907 2904 2923 2950 2935 2915 2928 2915 2900 2919 2920 2918 2930 2919

Tree=0
num_leaves=31
num_cat=0
split_feature=2 10 1 10 11 2 1 11 2 10 2 1 12 1 12 1 1 10 3 3 2 2 11 11 11 4 10 10 3 6
split_gain=18473.2 3176.68 2897.49 1320.3 980.32 566.983 536.467 413.768 388.014 352.885 346.433 241.058 221.557 193.434 189.24 180.53 159.02 139.831 131.692 131.017 114.302 108.775 106.711 98.6218 93.6018 90.628 90.3697 146.656 110.149 88.1761
threshold=0.70408403706893219 0.320862353714858 0.14349100786100513 0.32564440849116033 0.70062500000000016 0.47255543550536233 0.20486754341780281 0.71354166666666685 0.91989913731649653 0.34819042378274373 0.46006802721088441 0.27868692424694691 65.781250000000014 0.22219409228884465 67.66727941176471 0.35743508097692872 0.36304664954379234 0.010997591742597764 65.544506305648298 71.310463260535826 0.73666910467305169 0.95821639890727894 0.84438541666666678 0.62581730769230781 0.79033333333333344 -0.30039832680233419 0.42404942270950036 0.3656781991724844 68.528418503457331 3.5000000000000004
decision_type=10 2 8 2 2 8 10 2 10 2 10 8 2 10 2 10 8 2 10 8 10 10 2 2 2 2 2 2 10 2
left_child=2 4 10 5 11 -4 -6 13 15 14 17 20 -11 -7 -3 -8 -5 -1 -17 -9 -2 26 -10 -12 -16 -24 27 -14 -29 -22
right_child=1 9 3 16 6 7 8 19 22 12 23 -13 21 -15 24 18 -18 -19 -20 -21 29 -23 25 -25 -26 -27 -28 28 -30 -31
leaf_value=6.2100555490510141 6.2335803448612062 6.2710781883812148 6.2187902660711227 6.2662336596630324 6.2588167592327615 6.2342226509179177 6.2713856539822688 6.2475024853910135 6.2849993070975279 6.2918327071441533 6.2253061709536546 6.2648511900924655 6.3220774626377478 6.2480587095546634 6.2803557840167956 6.2704784728790512 6.2966700697344873 6.219173896272661 6.2963198867933352 6.2640674720126563 6.2445557836178418 6.3281147591651496 6.2936817100045337 6.2387425909051748 6.3035795727500048 6.3178427406525612 6.3239061597182271 6.3082250578144219 6.284728005984042 6.2578986408545338
leaf_weight=854 171 183 435 113 656 1328 1232 379 193 260 516 566 143 581 100 119 175 3169 234 385 375 156 135 379 227 115 133 179 144 420
leaf_count=854 171 183 435 113 656 1328 1232 379 193 260 516 566 143 581 100 119 175 3169 234 385 375 156 135 379 227 115 133 179 144 420
internal_value=6.24861 6.2762 6.22955 6.24376 6.26725 6.23997 6.27454 6.24341 6.27962 6.30094 6.21974 6.25449 6.30776 6.23843 6.28736 6.275 6.28473 6.21724 6.28761 6.25585 6.24841 6.31324 6.29617 6.231 6.29648 6.3048 6.30937 6.30522 6.29775 6.2516
internal_weight=14055 5741 8314 3396 4216 3108 2684 2673 2028 1525 4918 1532 1015 1909 510 1585 288 4023 353 764 966 755 443 895 327 250 599 466 323 795
internal_count=14055 5741 8314 3396 4216 3108 2684 2673 2028 1525 4918 1532 1015 1909 510 1585 288 4023 353 764 966 755 443 895 327 250 599 466 323 795
is_linear=0
shrinkage=1


Tree=1
num_leaves=31
num_cat=0
split_feature=2 10 1 10 11 2 1 11 2 10 2 1 12 1 12 1 1 10 2 12 2 11 1 11 11 12 11 10 10 6
split_gain=17741.7 3050.88 2782.75 1268.02 941.499 544.531 515.223 397.383 372.648 338.91 332.714 231.512 212.784 185.774 181.746 173.381 152.723 134.293 109.775 109.426 104.468 102.485 98.6597 98.7644 94.7164 90.6551 89.8952 86.7911 140.849 84.6844
threshold=0.70408403706893219 0.320862353714858 0.14349100786100513 0.32564440849116033 0.70062500000000016 0.47255543550536233 0.20486754341780281 0.71354166666666685 0.91989913731649653 0.34819042378274373 0.46006802721088441 0.27868692424694691 65.781250000000014 0.22219409228884465 67.66727941176471 0.35743508097692872 0.36304664954379234 0.010997591742597764 0.73666910467305169 69.500000000000014 0.95821639890727894 0.84438541666666678 0.20635390677198504 0.86703296703296717 0.62581730769230781 68.79411764705884 0.79033333333333344 0.42404942270950036 0.3656781991724844 3.5000000000000004
decision_type=10 2 8 2 2 8 10 2 10 2 10 8 2 10 2 10 8 2 10 2 10 2 8 2 2 2 2 2 2 2
left_child=2 4 10 5 11 -4 -6 13 15 14 17 18 -11 -7 -3 -8 -5 -1 -2 -17 27 -10 -9 -24 -12 -23 -16 28 -14 -20
right_child=1 9 3 16 6 7 8 22 21 12 24 -13 20 -15 26 19 -18 -19 29 -21 -22 25 23 -25 -26 -27 -28 -29 -30 -31
leaf_value=-0.037901345835845979 -0.01484704541881182 0.021900841232206002 -0.029341322944082062 0.017153203081240697 0.0098846409751511197 -0.014217585723802269 0.022202157026471256 -0.005010733653118115 0.035543537096656051 0.042240268115813918 -0.022955736766836439 0.015798383186646992 0.071880129292294703 -0.00065824889377554593 0.03099288432598114 0.030310163311817476 0.046980885655539373 -0.028965365157382426 -0.0040911154762903849 0.054017028885668721 0.077796677840061682 0.065882011991347703 0.007150002765444528 0.028281620727343994 -0.0097880446879404521 0.041683056924195418 0.053752196202719267 0.073672254305136825 0.048038815730496454 0.0089848844068390991
leaf_weight=854 171 183 435 113 656 1328 1232 202 193 260 516 566 143 581 100 237 175 3169 375 116 156 137 452 110 379 113 227 133 323 420
leaf_count=854 171 183 435 113 656 1328 1232 202 193 260 516 566 143 581 100 237 175 3169 375 116 156 137 452 110 379 113 227 133 323 420
internal_value=-0.000121192 0.0269198 -0.0187936 -0.00486934 0.0181512 -0.00858953 0.0252917 -0.00521241 0.0302754 0.0511616 -0.0284087 0.00564133 0.0578449 -0.0100908 0.0378606 0.0257429 0.0352777 -0.0308623 -0.000309898 0.0381005 0.0632187 0.0464919 0.00697724 0.0112861 -0.0173797 0.0549441 0.0467922 0.059422 0.0553549 0.00281696
internal_weight=14055 5741 8314 3396 4216 3108 2684 2673 2028 1525 4918 1532 1015 1909 510 1585 288 4023 966 353 755 443 764 562 895 250 327 599 466 795
internal_count=14055 5741 8314 3396 4216 3108 2684 2673 2028 1525 4918 1532 1015 1909 510 1585 288 4023 966 353 755 443 764 562 895 250 327 599 466 795
is_linear=0
shrinkage=0.02


Tree=2
num_leaves=31
num_cat=0
split_feature=2 10 10 10 2 1 1 2 10 10 6 10 12 10 1 3 1 2 12 2 1 6 2 2 2 1 10 10 3 3
split_gain=17039.1 2930.07 2673.13 798.143 783.728 709.996 402.923 402.481 325.49 324.5 215.509 207.304 204.358 198.904 194.371 185.65 181.704 175.949 174.549 134.902 114.884 107.466 129.136 105.112 100.331 83.6437 83.3541 135.271 105.787 82.7211
threshold=0.70408403706893219 0.320862353714858 0.21506188953531227 0.32564440849116033 0.85322129698866556 0.14349100786100513 0.27464651419184244 0.48013141640868179 0.34819042378274373 0.18190646807733227 1.5000000000000002 0.010997591742597764 65.781250000000014 0.22009972479927373 0.36304664954379234 74.265673525042217 0.35227304383541214 0.52536826245142831 67.66727941176471 0.28631848677325361 0.088235670766308533 3.5000000000000004 0.74794973212826166 0.94001163670559063 0.95821639890727894 0.27657439161178321 0.42404942270950036 0.3656781991724844 68.528418503457331 69.130615068564722
decision_type=10 2 2 2 10 10 10 8 2 2 2 2 2 2 8 8 10 8 2 8 8 2 10 10 10 10 2 2 10 10
left_child=2 4 5 7 6 11 13 -4 18 -6 -11 -1 -10 21 -5 -9 23 -7 -3 -13 -21 -2 -23 -12 26 -19 27 -14 -29 -18
right_child=1 8 3 14 9 17 -8 15 12 10 16 19 24 -15 -16 -17 29 25 -20 20 -22 22 -24 -25 -26 -27 -28 28 -30 -31
leaf_value=-0.036921220405522676 -0.009840993022349611 0.02146282340008053 -0.025652081004597923 0.013537897467613221 0.0078020235214914593 -0.023748143766512419 0.021289947745653817 -0.0036651192340585921 0.041395462801823248 0.005677062688303776 0.025851370245754932 -0.03540776327034853 0.070442526990717111 0.012336570058499013 0.046041266788755149 0.012571656458261535 0.03872647076375841 -0.010033716294341362 0.045856319325050451 -0.027542027927053375 -0.020251030593149123 -0.0122459651849888 0.010913441454370816 0.041394462680274788 0.07624074544662085 0.0053243761731867198 0.072198808999886191 0.057343997049598062 0.034316886001163061 0.058654137138397469
leaf_weight=861 398 183 264 127 280 358 848 900 260 122 833 548 143 666 175 410 254 832 327 2273 1395 135 336 220 156 171 133 179 144 124
leaf_count=861 398 183 264 127 280 358 848 900 260 122 833 548 143 666 175 410 254 832 327 2273 1395 135 336 220 156 171 133 179 144 124
internal_value=-0.000118768 0.0263814 -0.0184177 0.0025907 0.0177881 -0.0245395 0.0102254 -0.00312349 0.0501384 0.0276202 0.0311933 -0.0279783 0.056688 0.0041128 0.0323726 0.00141662 0.0333687 -0.0117115 0.0371034 -0.026152 -0.0247691 -0.00218988 0.00427539 0.0290987 0.0619543 -0.00741534 0.0582336 0.0542478 0.047078 0.0452636
internal_weight=14055 5741 8314 1876 4216 6438 2383 1574 1525 1833 1553 5077 1015 1535 302 1310 1431 1361 510 4216 3668 869 471 1053 755 1003 599 466 323 378
internal_count=14055 5741 8314 1876 4216 6438 2383 1574 1525 1833 1553 5077 1015 1535 302 1310 1431 1361 510 4216 3668 869 471 1053 755 1003 599 466 323 378
is_linear=0
shrinkage=0.02


Tree=3
num_leaves=31
num_cat=0
split_feature=0 0 11 0 1 10 11 10 0 11 11 3 10 0 6 12 1 3 10 12 10 10 3 0 12 1 1 12 4 1
split_gain=20170 3896.96 1659.32 1535.27 610.073 456.079 448.564 419.378 279.381 278.002 204.28 183.685 147.77 152.492 113.429 111.728 122.414 104.012 101.506 100.734 93.2403 88.2572 86.9803 85.6912 87.3384 84.4296 82.6425 73.4882 71.7413 76.3889
threshold=0.18231429849567923 0.12067415305096561 0.6976562500000002 0.2259294287639057 0.090042045135591678 0.34819042378274373 0.79332417582417591 0.34165273687282766 0.27039491609131677 0.67815625000000013 0.77275000000000005 76.000727188770796 0.014211912459174319 0.063927520952964181 2.5000000000000004 68.424632352941188 0.43789651372022453 65.726911650687029 0.23374368533952386 67.424632352941188 0.22740591778270958 0.15624201645495206 65.544506305648298 0.15333704944773471 70.393382352941188 0.25712237186061981 0.27081030867848954 69.031250000000014 -0.37198101570008985 0.31686172746314512
decision_type=10 8 2 10 10 2 2 2 10 2 2 8 2 10 2 2 10 10 2 2 2 2 10 10 2 10 8 2 2 10
left_child=1 9 4 5 20 10 14 11 19 12 21 18 -1 -14 -5 -10 -17 -12 26 -8 -3 -2 -23 -6 -25 -9 -4 -20 -21 -30
right_child=3 2 7 6 23 -7 8 25 15 -11 17 -13 13 -15 -16 16 -18 -19 27 28 -22 22 -24 24 -26 -27 -28 -29 29 -31
leaf_value=-0.035451377294366322 0.0061530281031086419 -0.025586805685980235 0.0016604748952902103 0.019324912180967421 -0.0082209638703351073 0.051029665063183946 0.041659003966427466 0.045228087429205574 0.059246757962486962 -0.015700564063214639 0.019703194029331208 0.019780178154508273 -0.034156205977762449 -0.024438359347417896 0.041615329001631056 0.089542278280909771 0.06216941805319353 0.035681879531878694 0.0045627425608372393 0.045351639432844773 -0.0055086620999317548 0.0092925074195319961 0.024449512525595758 -0.0026452479810651504 0.015224283039569854 0.021778670635360937 -0.018340163635976105 0.016701206659421954 0.07544096128507094 0.054477965680379714
leaf_weight=1008 263 995 418 107 990 249 308 150 220 770 250 420 850 2690 623 161 110 468 563 153 102 220 486 528 138 104 103 309 110 189
leaf_count=1008 263 995 418 107 990 249 308 150 220 770 250 420 850 2690 623 161 110 468 563 153 102 220 486 528 138 104 103 309 110 189
internal_value=-0.000116393 -0.0150089 -0.0019842 0.0384285 -0.0121523 0.0257626 0.0508066 0.0115585 0.0580766 -0.0268139 0.0220332 0.00818655 -0.0286955 -0.0267717 0.0383481 0.0698355 0.0784315 0.0301183 0.00469098 0.0504798 -0.0237199 0.0160424 0.0197264 -0.00448943 0.00105745 0.0356268 -0.00229359 0.0088641 0.0564904 0.0621901
internal_weight=14055 10138 4820 3917 2753 1936 1981 2067 1251 5318 1687 1813 4548 3540 730 491 271 718 1393 760 1097 969 706 1656 666 254 521 872 452 299
internal_count=14055 10138 4820 3917 2753 1936 1981 2067 1251 5318 1687 1813 4548 3540 730 491 271 718 1393 760 1097 969 706 1656 666 254 521 872 452 299
is_linear=0
shrinkage=0.02


Tree=4
num_leaves=31
num_cat=0
split_feature=0 9 9 0 2 9 0 0 0 9 0 2 2 12 9 10 3 10 0 4 2 3 4 9 0 0 9 0 3 12
split_gain=19371.2 3813.13 1978.41 1118.13 1008.06 964.769 578.694 319.777 242.984 221.811 213.961 191.909 165.477 153.957 153.46 111.638 109.846 97.2055 94.5067 90.2348 84.6792 77.1271 72.6842 94.8465 71.7715 71.604 71.5613 78.703 70.3385 85.8541
threshold=0.18231429849567923 0.14821987772144352 0.19830046010628816 0.12067415305096561 0.5293102073290773 0.24325980392156865 0.27039491609131677 0.12927953952757118 0.23535236013560995 0.24571204547682055 0.097817786661374265 0.92077717351920607 0.90030126512308295 65.968750000000014 0.20853359395960294 0.15624201645495206 65.380638696335538 0.063238642058389791 0.19620062537501246 -0.15176099037308841 0.72357307530911863 71.310463260535826 -0.37198101570008985 0.18313831789774868 0.21717116345947229 0.12067415305096561 0.085920291850220279 0.066664977645860726 65.296582814596078 68.531250000000014
decision_type=10 2 2 8 10 2 10 8 10 2 8 10 10 2 2 2 10 2 10 2 8 10 2 2 10 10 2 10 10 2
left_child=1 4 8 -3 10 11 9 -6 15 12 26 14 24 -8 20 -2 -17 -12 -18 -11 21 -5 -10 -24 -4 -19 -1 -28 -26 -30
right_child=2 3 6 5 7 -7 13 -9 22 19 17 -13 -14 -15 -16 16 18 25 -20 -21 -22 -23 23 -25 28 -27 27 -29 29 -31
leaf_value=-0.034952154976097403 0.0072886895967854397 -0.01641911658316178 0.028164401546248736 -0.0066019777459453569 -0.019103686274541495 0.066271548770307526 0.047330838509325714 -0.0034733548679867303 0.024057795539330899 0.062102141643806202 -0.02667066301339582 0.033245623031584154 0.051935179531574248 0.074198872612051894 0.019011381862007761 0.011187817297998021 0.016036146638610149 -0.021721863314970252 0.030718417541424105 0.040951042637646762 0.0076637652609762644 0.011278830517549068 0.032709809323574632 0.055425598966741117 0.027347320192738583 -0.010415445616320958 -0.033834689078991453 -0.024982420968709649 0.036738904254982267 0.059164910547692198
leaf_weight=1113 288 753 349 392 991 123 106 1110 178 328 1222 119 322 437 352 305 275 776 484 107 1053 128 235 107 114 315 657 1034 166 116
leaf_count=1113 288 753 349 392 991 123 106 1110 178 328 1222 119 322 437 352 305 275 776 484 107 1053 128 235 107 114 315 657 1034 166 116
internal_value=-0.000114065 -0.0147087 0.0376599 0.00457593 -0.0225102 0.0118714 0.0512592 -0.0108459 0.0228038 0.0448623 -0.0272995 0.0085978 0.0399549 0.0689539 0.00707411 0.0183351 0.0213251 -0.0227966 0.0253988 0.0568995 0.00440284 -0.00220055 0.0344224 0.0398168 0.0347769 -0.0184574 -0.0310139 -0.0284218 0.0406045 0.0459638
internal_weight=14055 10138 3917 2920 7218 2167 2045 2101 1872 1502 5117 2044 1067 543 1925 1352 1064 2313 759 435 1573 520 520 342 745 1091 2804 1691 396 282
internal_count=14055 10138 3917 2920 7218 2167 2045 2101 1872 1502 5117 2044 1067 543 1925 1352 1064 2313 759 435 1573 520 520 342 745 1091 2804 1691 396 282
is_linear=0
shrinkage=0.02


Tree=5
num_leaves=31
num_cat=0
split_feature=0 0 9 9 9 9 1 0 11 0 11 9 0 4 12 12 9 3 8 12 5 9 9 11 0 5 8 0 8 3
split_gain=18514.4 3446.51 2102.53 1658.89 732.977 727.445 630.366 289.887 272.975 227.549 138.901 132.912 141.76 131.8 130.249 115.541 108.621 96.6298 123.624 94.3005 89.8517 85.0723 83.6446 80.0316 78.3754 72.4404 69.0558 68.4211 67.677 69.5073
threshold=0.17963059322415706 0.12000062703473809 0.19523313045340213 0.15729406949921873 0.23733925648819268 0.25566543328549046 0.084413517975568092 0.23186656492091082 0.71354166666666685 0.20727918604208312 0.71643750000000017 0.086113176897272478 0.066664977645860726 -0.44871318066123927 67.906250000000014 69.031250000000014 0.16365459593447199 62.193631916087647 7.5000000000000009 66.343750000000014 0.51893182849272124 0.13348734228405049 0.20717961914565108 0.67863920454545468 0.15333704944773471 0.33520256669536674 4.5000000000000009 0.21832759135752242 7.5000000000000009 70.109686953277375
decision_type=10 8 2 2 2 2 10 10 2 10 2 2 10 2 2 2 2 10 2 2 2 2 2 2 10 2 2 10 2 10
left_child=1 8 9 6 10 7 23 17 11 16 -5 -1 -13 -7 26 -12 25 -4 20 -15 -19 -11 -17 -3 -8 -2 -9 -20 29 -23
right_child=2 3 5 4 -6 13 24 14 -10 21 15 12 -14 19 -16 22 -18 18 27 -21 -22 28 -24 -25 -26 -27 -28 -29 -30 -31
leaf_value=-0.032076231367696793 -0.0013077771305048615 -0.025639808185925386 0.015835585534572601 -0.00023287812190026229 0.056141118860580548 0.083774306029081341 -0.0079085352591850826 0.029520279619751909 -0.012731983246274921 0.015736765376084757 0.007852310307983364 -0.032886804246133369 -0.022661711506723099 0.046518158947720246 0.058202029815678569 0.015898668097355698 0.021260614597028299 0.053434552355627316 0.02325877068747937 0.067040725962891762 0.031954494914971293 0.017562854980291583 0.036806674381293869 -0.0071966536486378083 0.00063517798344756276 0.013529701645004338 0.047873954593650694 0.042287194676769592 0.035412118155036483 0.035941801843095998
leaf_weight=1732 241 990 110 483 142 144 1143 123 546 229 757 713 2266 119 403 316 341 199 284 362 128 253 101 104 688 290 246 103 394 122
leaf_count=1732 241 990 110 483 142 144 1143 123 546 229 757 713 2266 119 403 316 341 199 284 362 128 253 101 104 688 290 246 103 394 122
internal_value=-0.000291066 -0.0149781 0.0355416 -0.00258025 0.0125321 0.0486979 -0.011875 0.0415351 -0.026119 0.0199159 0.00879491 -0.0276705 -0.025109 0.0669886 0.0503412 0.0125091 0.0124522 0.0332848 0.035973 0.0619634 0.0450265 0.0264373 0.0209627 -0.0238865 -0.00469823 0.00679555 0.0417561 0.0283232 0.0296238 0.0235421
internal_weight=14072 9981 4091 4724 1799 2221 2925 1596 5257 1870 1657 4711 2979 625 772 1174 872 824 714 481 327 998 417 1094 1831 531 369 387 769 375
internal_count=14072 9981 4091 4724 1799 2221 2925 1596 5257 1870 1657 4711 2979 625 772 1174 872 824 714 481 327 998 417 1094 1831 531 369 387 769 375
is_linear=0
shrinkage=0.02


Tree=6
num_leaves=31
num_cat=0
split_feature=0 0 9 9 9 9 1 0 11 0 12 9 9 4 12 0 9 3 8 12 9 11 0 3 8 0 8 0 3 0
split_gain=17781.2 3310.03 2019.27 1593.2 704.897 698.639 605.404 278.407 262.165 218.538 137.549 165.17 127.753 126.58 125.091 115.129 104.319 92.8033 118.729 90.5662 81.7035 76.8624 75.2717 69.37 66.3212 65.7117 65.0095 71.1603 63.4961 60.8466
threshold=0.17963059322415706 0.12000062703473809 0.19523313045340213 0.15729406949921873 0.241808440351819 0.25566543328549046 0.084413517975568092 0.23186656492091082 0.71354166666666685 0.20727918604208312 69.031250000000014 0.21017200212239126 0.098159249616575642 -0.44871318066123927 67.906250000000014 0.066664977645860726 0.16365459593447199 62.193631916087647 7.5000000000000009 66.343750000000014 0.13348734228405049 0.67863920454545468 0.15333704944773471 55.523634898994075 4.5000000000000009 0.21832759135752242 5.5000000000000009 0.24445022828242394 70.691858182179757 0.1461110868400016
decision_type=10 8 2 2 2 2 10 10 2 10 2 2 2 2 2 10 2 10 2 2 2 2 10 10 2 10 2 10 8 10
left_child=1 8 9 6 10 7 21 17 12 16 23 -12 -1 -7 24 -14 28 -4 -19 -15 -11 -3 -8 -5 -9 -20 27 -22 -2 -25
right_child=2 3 5 4 -6 13 22 14 -10 20 11 -13 15 19 -16 -17 -18 18 25 -21 26 -23 -24 29 -26 -27 -28 -29 -30 -31
leaf_value=-0.030589542475744837 0.002178689533854551 -0.025127012196363822 0.015518873810768129 0.015107490542260084 0.058697018305786317 0.082098819903201531 -0.0077503646482580714 0.028929874029585988 -0.012477343443221663 0.015422029828400591 0.011781488781115589 0.039793464950152804 -0.032568495724797246 0.045587796313422066 0.057037988813875923 -0.021827844360034276 0.020835402204144385 0.04412592741509825 0.022793595398395834 0.065699911069804134 0.012625886026769877 -0.0070527203352405482 0.00062247448059362038 -0.0038447809152762987 0.046916475700653659 0.041441450888670767 0.033543442933509748 0.032589680570964667 0.01733401595217407 0.0066794504725451211
leaf_weight=2231 374 990 110 220 122 144 1143 123 546 229 425 105 500 119 403 1980 341 327 284 362 160 104 688 358 246 103 480 129 157 569
leaf_count=2231 374 990 110 220 122 144 1143 123 546 229 425 105 500 119 403 1980 341 327 284 362 160 104 688 358 246 103 480 129 157 569
internal_value=-0.000285245 -0.0146785 0.0348308 -0.00252865 0.0122814 0.0477239 -0.0116375 0.0407044 -0.0255966 0.0195176 0.00890475 0.017331 -0.0271171 0.0656489 0.0493344 -0.0239933 0.0122031 0.0326191 0.0352535 0.0607241 0.0259085 -0.0234088 -0.00460426 0.00501118 0.0409209 0.0277567 0.0290313 0.0215371 0.00665964 0.00261508
internal_weight=14072 9981 4091 4724 1799 2221 2925 1596 5257 1870 1677 530 4711 625 772 2480 872 824 714 481 998 1094 1831 1147 369 387 769 289 531 927
internal_count=14072 9981 4091 4724 1799 2221 2925 1596 5257 1870 1677 530 4711 625 772 2480 872 824 714 481 998 1094 1831 1147 369 387 769 289 531 927
is_linear=0
shrinkage=0.02


Tree=7
num_leaves=31
num_cat=0
split_feature=0 0 0 11 11 1 2 11 11 2 2 3 2 12 11 1 0 2 2 12 12 3 0 12 2 5 11 3 0 2
split_gain=17077.1 3178.95 1485.08 1390.37 536.628 440.408 357.482 330.612 281.363 221.23 200.569 152.515 143.026 111.236 108.401 107.278 103.277 99.9063 99.8692 89.9295 82.9929 76.4153 75.8324 75.4714 72.7559 65.6717 62.7933 61.0166 60.858 72.7828
threshold=0.17963059322415706 0.12000062703473809 0.23535236013560995 0.62062500000000009 0.77354166666666679 0.090042045135591678 0.69387286583156527 0.7360477941176472 0.81937500000000008 0.9133133012347886 0.91989913731649653 60.998661905251438 0.56836266243779299 68.656250000000014 0.71354166666666685 0.41754201868861451 0.24645546118200004 0.67858535482021076 0.93898644378569596 68.393382352941188 69.656250000000014 65.544506305648298 0.070067543141454428 71.031250000000014 0.79984845318606423 0.45781279614800274 0.6593541666666668 70.691858182179757 0.1478330603272178 0.73947678094977232
decision_type=10 8 10 2 2 10 10 2 2 10 8 10 8 2 2 10 10 8 10 2 2 8 10 2 10 2 2 8 10 8
left_child=1 6 4 5 17 -3 14 24 12 16 20 -6 -5 -11 22 -15 -9 -2 -13 -18 25 -19 -1 -21 -4 -10 27 -23 -7 -30
right_child=2 3 7 8 11 28 -8 9 10 13 -12 18 -14 15 -16 -17 19 21 -20 23 -22 26 -24 -25 -26 -27 -28 -29 29 -31
leaf_value=-0.031474962534004718 0.00038438140993287583 -0.024160107837585661 0.016381644819464004 -0.014389287975796484 0.011919151650646987 -0.010022662514286098 -0.0086127807613703301 0.032189478358330088 0.01113869747533227 0.053305486602534494 0.029978306691499021 0.033149563182005556 0.0048608351553701768 0.080936711516683496 -0.015869469918376188 0.055675181681459601 0.042485826397151281 0.0091771642340671353 0.049422167812921726 0.065020340723869127 0.022302515529669248 0.0075127413883731148 -0.025819928636272728 0.045160717770220744 0.037071361603764438 -0.0064691733627868214 0.026286418339934212 0.025535353665550549 -0.010159569994942977 0.0052886510161416871
leaf_weight=1374 169 986 112 171 118 662 479 171 217 278 307 906 1589 173 341 110 342 339 181 195 143 201 3063 126 173 139 377 120 202 308
leaf_count=1374 169 986 112 171 118 662 479 171 217 278 307 906 1589 173 341 110 342 339 181 195 143 201 3063 126 173 139 377 120 202 308
internal_value=-0.00027954 -0.014385 0.0341341 -0.00247807 0.0240754 -0.0143096 -0.0250847 0.0485697 0.00747225 0.0525799 0.0172587 0.0335148 0.00299051 0.062291 -0.026736 0.0711177 0.0460477 0.0146437 0.0358592 0.049622 0.00943315 0.0169675 -0.0275711 0.057225 0.0289407 0.00426371 0.0207511 0.0142502 -0.00602247 -0.000830056
internal_weight=14072 9981 4091 4724 2411 2158 5257 1680 2566 1395 806 1205 1760 561 4778 283 834 1206 1087 663 499 1037 4437 321 285 356 698 321 1172 510
internal_count=14072 9981 4091 4724 2411 2158 5257 1680 2566 1395 806 1205 1760 561 4778 283 834 1206 1087 663 499 1037 4437 321 285 356 698 321 1172 510
is_linear=0
shrinkage=0.02


Tree=8
num_leaves=31
num_cat=0
split_feature=0 0 9 9 9 9 1 2 2 2 9 9 2 0 4 10 11 11 0 0 12 12 0 0 3 11 3 12 1 2
split_gain=16400.8 3053.06 1888.79 1485.75 670.118 659.097 559.983 343.325 298.012 219.308 154.63 149.113 146.029 145.689 121.674 102.739 100.101 94.8121 112.387 91.774 84.8114 77.3521 72.8463 70.3059 69.5537 68.9842 68.4138 63.0479 61.5452 60.4609
threshold=0.17963059322415706 0.12000062703473809 0.19523313045340213 0.15729406949921873 0.23733925648819268 0.25566543328549046 0.084413517975568092 0.69387286583156527 0.90030126512308295 0.7114175378045472 0.16929121725731897 0.098159249616575642 0.71874530866340525 0.24645546118200004 -0.44871318066123927 0.21657623533094403 0.62062500000000009 0.85839583333333347 0.23186656492091082 0.066664977645860726 66.343750000000014 69.272058823529434 0.1919980353881271 0.16541067688421687 70.691858182179757 0.67863920454545468 71.310463260535826 68.343750000000014 0.26186761718343454 0.76016724499099242
decision_type=10 8 2 2 2 2 10 10 10 10 2 2 8 10 2 2 2 2 10 10 2 2 10 10 10 2 10 2 10 8
left_child=1 7 9 6 12 8 25 11 13 21 22 -1 26 -4 -7 -12 -14 -10 -19 -13 -16 -2 -11 -8 -24 -3 -5 -20 -18 -25
right_child=2 3 5 4 -6 14 23 -9 17 10 15 19 16 -15 20 -17 28 18 27 -21 -22 -23 24 29 -26 -27 -28 -29 -30 -31
leaf_value=-0.03010749857609301 -0.0012223267590298374 -0.024173718810065022 0.027930872601409674 -0.0055270721225157676 0.053570654912733703 0.079459381128350895 -0.0063489203489965895 -0.008440525188326586 0.06283713845607361 0.0059893118639282776 0.045571723933403308 -0.030067687181998856 -0.0063533794079665782 0.044083853130755218 0.043855520376638202 0.02555908451702071 0.016738202322071932 0.031618996858596801 0.043328000278967736 -0.021027568149467938 0.06331817164111532 0.017831862727180122 0.016020393488641253 -0.0051740693076987943 0.030705357974973219 -0.007050750642441787 0.012413325690265214 0.064942387981848287 0.0060077134151100709 0.011596476314487039
leaf_weight=2150 255 990 729 353 142 144 1486 479 183 197 130 575 108 322 119 487 791 146 106 2053 362 128 499 163 174 104 112 110 293 182
leaf_count=2150 255 990 729 353 142 144 1486 479 183 197 130 575 108 322 119 487 791 146 106 2053 362 128 499 163 174 104 112 110 293 182
internal_value=-0.000273949 -0.0140973 0.0334515 -0.00242851 0.0118734 0.0459211 -0.0112248 -0.024583 0.0391031 0.0186413 0.0221173 -0.0262013 0.00830009 0.0328797 0.0633314 0.0297757 0.0120084 0.0511046 0.0451735 -0.0230055 0.0585031 0.00514565 0.016686 -0.00446057 0.0198171 -0.0225459 -0.00120594 0.0543353 0.0138378 0.003673
internal_weight=14072 9981 4091 4724 1799 2221 2925 5257 1596 1870 1487 4778 1657 1051 625 617 1192 545 362 2628 481 383 870 1831 673 1094 465 216 1084 345
internal_count=14072 9981 4091 4724 1799 2221 2925 5257 1596 1870 1487 4778 1657 1051 625 617 1192 545 362 2628 481 383 870 1831 673 1094 465 216 1084 345
is_linear=0
shrinkage=0.02


Tree=9
num_leaves=31
num_cat=0
split_feature=0 0 0 10 1 10 10 10 10 3 3 0 10 12 3 12 0 1 12 10 0 8 10 3 8 1 1 0 0 8
split_gain=15751.4 2932.16 1376.72 1187.18 483.8 452.019 342.62 323.699 191.955 162.621 160.704 160.111 148.877 146.481 142.463 139.675 110.098 104.729 96.8499 86.3171 82.1078 72.8987 72.2669 71.9453 69.0571 79.2818 67.6597 86.6459 66.6141 66.6041
threshold=0.17963059322415706 0.12000062703473809 0.23535236013560995 0.21506188953531227 0.084413517975568092 0.34678297305875455 0.36724250952959359 0.33057696245974139 0.010997591742597764 80.651117589893104 65.380638696335538 0.066664977645860726 0.17035370196403996 68.393382352941188 70.981840503824699 66.968750000000014 0.20727918604208312 0.3448515808508954 69.031250000000014 0.39586496333922766 0.16187735105002873 6.5000000000000009 0.22897487623095267 82.87787273269619 3.5000000000000004 0.35474104039137683 0.39943684146734232 0.26737003982263091 0.14341821686086736 3.5000000000000004
decision_type=10 8 10 2 10 2 2 2 2 8 8 10 2 2 10 2 10 10 2 2 10 2 2 8 2 10 10 10 10 2
left_child=1 8 5 4 23 10 9 15 -1 18 17 -10 21 -9 -15 -4 -14 -2 20 -7 -5 -12 -13 -3 -18 -26 27 -17 -6 -24
right_child=2 3 7 6 28 19 -8 13 11 -11 12 22 16 14 -16 26 24 -19 -20 -21 -22 -23 29 -25 25 -27 -28 -29 -30 -31
leaf_value=-0.032974812153195927 0.016070307293285926 -0.024972708484481188 0.027921261135608919 -0.0034319303960896109 -0.0083185485925463248 0.036615532646720537 0.040025633807535529 0.047286887206137183 -0.029132883390235446 0.019063218279482576 -0.0037535595192628745 -0.021619352151225169 0.020968141216962111 0.057589685190067019 0.084747682612075992 0.041947322587504436 0.018817523232528142 -0.0023588431886879795 0.011597988769132062 0.057458901765734656 0.0083443970334985875 0.018377631758893287 -0.0010385515130176318 -0.01405772245525079 0.042247684463314047 0.022134638181272544 0.033644595912770726 0.060145776455076579 -0.00020602643030252603 -0.017459438617309829
leaf_weight=821 480 726 310 671 779 207 135 352 1083 363 102 2781 672 278 107 299 105 166 479 129 366 143 127 362 301 106 173 161 843 445
leaf_count=821 480 726 310 671 779 207 135 352 1083 363 102 2781 672 278 107 299 105 166 479 129 366 143 127 362 301 106 173 161 843 445
internal_value=-0.00026847 -0.0138153 0.0327824 -0.00237994 -0.0110232 0.0230975 0.00925028 0.0466814 -0.0240913 0.00703917 0.0196128 -0.0224472 0.0233551 0.0566118 0.0651375 0.0389203 0.0262916 0.0113346 0.00416007 0.0446179 0.00072442 0.00916383 -0.0202877 -0.0213411 0.0332786 0.0370094 0.0443068 0.0483168 -0.00410224 -0.0138135
internal_weight=14072 9981 4091 4724 2710 2411 2014 1680 5257 1879 2075 4436 1429 737 385 943 1184 646 1516 336 1037 245 3353 1088 512 407 633 460 1622 572
internal_count=14072 9981 4091 4724 2710 2411 2014 1680 5257 1879 2075 4436 1429 737 385 943 1184 646 1516 336 1037 245 3353 1088 512 407 633 460 1622 572
is_linear=0
shrinkage=0.02


Tree=10
num_leaves=31
num_cat=0
split_feature=0 9 9 2 8 0 2 12 9 0 0 0 12 9 9 9 2 2 9 0 10 9 4 10 2 11 0 8 12 12
split_gain=15185.8 2562.62 2185.59 939.718 706.745 588.527 457.958 295.19 293.323 241.708 232.112 206.243 174.682 174.329 152.965 148.99 140.264 116.845 114.415 88.333 92.9846 87.5663 84.2525 81.9985 88.3746 80.6913 80.1074 105.002 78.073 68.3181
threshold=0.16087493347443491 0.19741609458428683 0.16929121725731897 0.53734157312081121 2.5000000000000004 0.21592230654689812 0.7114175378045472 68.27389705882355 0.22162549988238064 0.095884927890779667 0.11908888220116164 0.11908888220116164 69.303308823529434 0.13348734228405049 0.24571204547682055 0.22540617026892287 0.85183886912455919 0.90150399995955388 0.12335753306497989 0.21071675232687692 0.21099411311416019 0.25566543328549046 -0.20960178694777654 0.29250001934067105 0.91645412704283491 0.73933035714285722 0.18231429849567923 9.5000000000000018 67.424632352941188 68.531250000000014
decision_type=10 2 2 10 2 10 10 2 2 8 8 8 2 2 2 2 10 10 2 10 2 2 2 2 10 2 10 2 2 2
left_child=2 6 3 9 8 15 12 14 -4 -1 -5 -6 26 -8 17 16 28 -7 -11 -15 -21 23 -16 -9 -25 -22 -2 -28 -3 -17
right_child=1 5 4 10 11 7 13 21 -10 18 -12 -13 -14 19 22 29 -18 -19 -20 20 25 -23 -24 24 -26 -27 27 -29 -30 -31
leaf_value=-0.028239705524014749 -0.012118260274128828 0.027252240726880938 0.016463300663038801 -0.016143256283164487 -0.017132956255998078 0.027476995822099538 0.0084961355773025549 0.064783886493329543 0.049356703400611879 -0.022033223122466378 -0.0030193105727542224 0.0039614307184627547 0.015543309006901823 0.018367530548110092 0.059968375057708932 0.046731062156637922 0.035843330924793824 0.047979804910498969 -0.01192299759049633 0.040506842329322945 0.010072941156950864 0.067886279705452968 0.039135633630752564 0.037716294952673826 0.060216470873604218 0.028181524349121467 -0.0076934998801776342 0.018349760386431328 0.0060675185499478824 0.028547705665437711
leaf_weight=2853 289 107 361 953 290 325 464 166 155 2061 1241 514 241 928 205 194 177 169 572 173 132 276 125 167 120 387 147 107 199 144
leaf_count=2853 289 107 361 953 290 325 464 166 155 2061 1241 514 241 928 205 194 177 169 572 173 132 276 125 167 120 387 147 107 199 144
internal_value=6.47557e-05 0.0271253 -0.0156965 -0.0197825 0.00807664 0.0424953 0.0144027 0.0497356 0.0263441 -0.0242068 -0.00871991 -0.00364724 0.00137276 0.0193046 0.0415341 0.0287995 0.0216722 0.0344911 -0.0198369 0.0224004 0.0278086 0.0590059 0.0520772 0.0535954 0.047124 0.0235759 -0.00491657 0.00327748 0.0134752 0.0389843
internal_weight=14242 5242 9000 7680 1320 2374 2868 1553 516 5486 2194 804 784 2084 824 821 483 494 2633 1620 692 729 330 453 287 519 543 254 306 338
internal_count=14242 5242 9000 7680 1320 2374 2868 1553 516 5486 2194 804 784 2084 824 821 483 494 2633 1620 692 729 330 453 287 519 543 254 306 338
is_linear=0
shrinkage=0.02


Tree=11
num_leaves=31
num_cat=0
split_feature=2 10 1 11 11 2 2 1 1 2 3 2 1 10 3 11 2 10 3 1 1 10 2 11 11 10 1 1 2 4
split_gain=12488.2 2016.48 1752.53 906.287 838.3 427.137 384.013 376.634 292.857 258.511 215.684 169.112 162.813 155.87 141.855 135.411 132.756 129.194 140.148 119.55 112.191 104.399 97.0942 95.5955 134.658 79.0798 72.8984 63.6316 61.9714 60.684
threshold=0.68644299576194989 0.34819042378274373 0.16257539032320792 0.77531250000000018 0.74645833333333345 0.84142352889627414 0.44547572047922535 0.27868692424694691 0.23661295075740393 0.46006802721088441 61.599671206189619 0.92077717351920607 0.21606040923181588 0.42404942270950036 65.544506305648298 0.60468750000000016 0.92238411883964211 0.32564440849116033 72.937273859459609 0.28357767000363571 0.36304664954379234 0.010997591742597764 0.87342518550476 0.71433333333333338 0.75167832167832183 0.22740591778270958 0.41378362117153761 0.26022056436493418 0.64500137292590132 -0.2176060931605906
decision_type=10 2 8 2 2 10 10 8 8 8 10 10 10 2 10 2 10 2 8 10 10 2 10 2 2 2 10 8 8 2
left_child=2 3 6 7 9 12 21 15 -6 -4 -7 13 -5 -3 -9 22 -12 18 -10 25 -18 -1 -2 -16 -25 27 -13 -11 -27 -17
right_child=1 11 4 5 8 10 -8 14 17 19 16 26 -14 -15 23 29 20 -19 -20 -21 -22 -23 -24 24 -26 28 -28 -29 -30 -31
leaf_value=-0.031918092593810586 -0.0077524524249876024 0.036302310085773247 -0.02775831208781316 0.0030289466884967525 -0.007947846146730277 0.011733825108563968 -0.01255966846472815 0.0083472772316068936 -0.0039352872072283282 -0.0079122697547031173 0.030287051281672996 0.06404206537891452 0.021109348824795555 0.061571709908576321 0.017217158126943518 0.00369116431762549 0.037504846191913153 0.035182007621137469 0.023208102993075807 0.0041871168242337614 0.058609901878175198 -0.024102292310318244 0.013424363353298704 0.043796212856309961 0.015710356101907533 -0.012478882567006716 0.045838324512239466 -0.017688965997697315 0.0036592390026759219 0.013862880691885949
leaf_weight=860 544 544 279 304 169 173 1128 403 109 595 745 246 578 119 424 660 341 196 252 312 143 3333 103 166 116 147 137 482 270 364
leaf_count=860 544 544 279 304 169 173 1128 403 109 595 745 246 578 119 424 660 341 196 252 312 143 3333 103 166 116 147 137 482 270 364
internal_value=6.34604e-05 0.0216694 -0.0161702 0.0164476 -0.00339612 0.025782 -0.0229186 0.0087785 0.0151129 -0.00984099 0.0326421 0.04695 0.0148776 0.0408378 0.0178148 0.00278135 0.0355852 0.0221098 0.0150125 -0.00707304 0.0437404 -0.0257053 -0.00438118 0.023219 0.0322432 -0.00942455 0.0575305 -0.0122877 -0.00202974 0.00730689
internal_weight=14242 6110 8132 5064 2811 2284 5321 2780 726 2085 1402 1046 882 663 1109 1671 1229 557 361 1806 484 4193 647 706 282 1494 383 1077 417 1024
internal_count=14242 6110 8132 5064 2811 2284 5321 2780 726 2085 1402 1046 882 663 1109 1671 1229 557 361 1806 484 4193 647 706 282 1494 383 1077 417 1024
is_linear=0
shrinkage=0.02


Tree=12
num_leaves=31
num_cat=0
split_feature=0 0 9 9 9 9 0 9 8 10 0 0 0 3 3 10 0 3 3 9 3 12 4 10 10 9 11 8 11 8
split_gain=14125.2 2868.33 1745.67 1392.99 469.725 417.242 333.202 230.632 192.26 179.485 146.036 144.302 114.471 114.859 111.055 105.668 111.33 98.5344 86.3598 81.652 81.0756 74.1442 70.7906 70.6261 154.165 68.8005 65.2508 76.7925 62.8331 89.7744
threshold=0.17963059322415706 0.12067415305096561 0.19741609458428683 0.16419763404688031 0.241808440351819 0.24453002781157659 0.14341821686086736 0.10181640058780604 2.5000000000000004 0.065929662619716153 0.19620062537501246 0.087100423800063845 0.2633950321919119 62.601507294638694 73.774114462793719 0.063238642058389791 0.1409237630167863 60.32176544243918 71.482019421021576 0.18313831789774868 69.86199086253184 69.24264705882355 -0.44871318066123927 0.32564440849116033 0.39115333124546153 0.18586658269983361 0.75700892857142865 5.5000000000000009 0.87545955882352955 6.5000000000000009
decision_type=10 8 2 2 2 2 10 2 2 2 10 10 10 10 10 2 8 10 8 2 10 2 2 2 2 2 2 2 2 2
left_child=1 7 10 6 8 12 15 -1 19 -8 26 -9 13 -4 22 -3 -17 -12 -18 -5 -14 25 -7 -24 -25 -10 27 -2 29 -15
right_child=2 3 5 4 -6 14 9 11 21 -11 17 -13 20 28 -16 16 18 -19 -20 -21 -22 -23 23 24 -26 -27 -28 -29 -30 -31
leaf_value=-0.026312061426147507 -0.0078727666754275557 -0.02279072539736612 0.016934941516746935 0.0091519346579592275 0.051076861074355648 0.063774705919090707 -0.019568171265399021 -0.023624392830244277 0.0087054430610603757 0.0020928964462609738 0.003511607924051452 -0.013710398183173099 0.057568740154845727 0.049514457605809838 0.074657017930899516 -0.0065894794856638794 -0.028461217435940014 0.022934286062665978 -0.012827039144219381 0.027518621259715565 0.035553035599382027 0.014870267456528006 0.034550711308513678 0.065228302179937178 0.041402148748965972 -0.003756480567947158 0.018956072986728016 0.010806155616932727 0.028746254447194721 0.034019630138395991
leaf_weight=3000 128 439 139 141 127 164 178 1033 360 1090 114 1361 160 243 101 801 205 1251 455 309 115 271 111 202 235 349 198 282 291 389
leaf_count=3000 128 439 139 141 127 164 178 1033 360 1090 114 1361 160 243 101 801 205 1251 455 309 115 271 111 202 235 349 198 282 291 389
internal_value=6.21912e-05 -0.0126517 0.0312657 -0.00127467 0.0142153 0.0437323 -0.00888764 -0.0226177 0.0109416 -0.000947853 0.0176807 -0.0179882 0.0368619 0.033884 0.0550309 -0.0141864 -0.011601 0.0213122 -0.0176831 0.0217637 0.0483622 0.00597223 0.0522469 0.048797 0.0524156 0.00257115 0.00952784 0.00497469 0.0364364 0.0399773
internal_weight=14242 10119 4123 4725 1557 2150 3168 5394 1430 1268 1973 2394 1337 1062 813 1900 1461 1365 660 450 275 980 712 548 437 709 608 410 923 632
internal_count=14242 10119 4123 4725 1557 2150 3168 5394 1430 1268 1973 2394 1337 1062 813 1900 1461 1365 660 450 275 980 712 548 437 709 608 410 923 632
is_linear=0
shrinkage=0.02


Tree=13
num_leaves=31
num_cat=0
split_feature=0 0 9 9 1 9 9 2 2 8 2 11 2 2 9 2 4 12 1 0 2 9 9 0 12 9 9 9 0 1
split_gain=13565.8 2754.74 1676.54 1337.82 591.25 451.124 400.89 310.731 287.99 184.646 160.111 112.943 108.799 106.177 102.103 98.4971 93.4281 90.8399 89.536 80.6484 84.6405 78.4186 77.1254 74.7423 71.2081 66.402 66.3612 66.076 63.352 62.4089
threshold=0.17963059322415706 0.12067415305096561 0.19741609458428683 0.16419763404688031 0.090042045135591678 0.241808440351819 0.24571204547682055 0.44547572047922535 0.91645412704283491 2.5000000000000004 0.68335286890044677 0.86775000000000013 0.55233271709070575 0.8584070184249244 0.13348734228405049 0.75450903325978269 -0.19075314563943832 65.968750000000014 0.37911168412139978 0.14341821686086736 0.74127317520861757 0.18313831789774868 0.085920291850220279 0.24791153012762027 69.24264705882355 0.15037799080352274 0.12335753306497989 0.18586658269983361 0.071980420019626415 0.25361571791423881
decision_type=10 8 2 2 10 2 2 10 10 2 8 2 8 10 2 10 2 2 10 10 8 2 2 10 2 2 2 2 10 8
left_child=1 7 10 4 26 9 8 22 11 21 -2 23 -6 -9 15 -12 -10 -8 -13 -14 -21 -5 -1 -4 27 -22 -3 29 -24 -11
right_child=2 3 6 5 12 -7 17 13 16 24 14 18 19 -15 -16 -17 -18 -19 -20 20 25 -23 28 -25 -26 -27 -28 -29 -30 -31
leaf_value=-0.029454636875582557 0.00050360365601008743 -0.022498089078000178 0.031033662585253571 0.0089688958153657048 -0.015277075326946228 0.050055324109051169 0.039781820842287909 -0.016240489002633994 0.044883176264184428 0.014456433833393591 0.024801934003829955 0.028472346801688704 -0.0054775713664326495 0.0044562468987028557 0.021952587993369948 0.0041096283830573408 0.06694829320086336 0.057459064153635241 0.0058695151783385371 -0.0036239092501829258 0.0047151559804167065 0.026968248809618473 -0.027712544892582743 0.045462681793826905 0.014572862239341455 0.021205071293916859 -0.011542546162540697 -0.0036813509754601726 -0.021048363266828435 -0.0031719614700837567
leaf_weight=1226 203 902 485 141 219 127 142 1534 254 239 135 207 718 106 1346 289 110 642 106 424 490 309 870 204 271 122 293 349 1658 121
leaf_count=1226 203 902 485 141 219 127 142 1534 254 239 135 207 718 106 1346 289 110 642 106 424 490 309 870 204 271 122 293 349 1658 121
internal_value=6.09474e-05 -0.0123987 0.0306404 -0.00124917 -0.00870988 0.013931 0.0428577 -0.0221654 0.036315 0.0107228 0.0173271 0.0307801 -0.00198564 -0.0149028 0.0192566 0.010698 0.0515512 0.0542573 0.0208177 -0.000326105 0.00324412 0.0213285 -0.0253382 0.0353058 0.00585279 0.00800236 -0.0198119 0.00251973 -0.0233418 0.00853133
internal_weight=14242 10119 4123 4725 3168 1557 2150 5394 1366 1430 1973 1002 1973 1640 1770 424 364 784 313 1754 1036 450 3754 689 980 612 1195 709 2528 360
internal_count=14242 10119 4123 4725 3168 1557 2150 5394 1366 1430 1973 1002 1973 1640 1770 424 364 784 313 1754 1036 450 3754 689 980 612 1195 709 2528 360
is_linear=0
shrinkage=0.02


Tree=14
num_leaves=31
num_cat=0
split_feature=0 0 0 10 2 10 2 1 2 0 10 3 2 2 2 10 2 0 2 3 1 3 0 10 0 1 10 0 0 8
split_gain=13031.4 1739.12 1716.31 938.693 476.422 436.115 294.146 286.911 274.077 176.65 173.043 167.275 143.352 140.855 137.889 102.225 100.586 99.6489 87.1956 85.6537 80.212 78.1182 74.1592 71.3135 74.3359 70.9381 71.317 69.0873 62.6967 60.3296
threshold=0.16087493347443491 0.12000062703473809 0.21717116345947229 0.21506188953531227 0.70408403706893219 0.32321955312325512 0.44547572047922535 0.084413517975568092 0.92077717351920607 0.29011748173660112 0.17035370196403996 62.193631916087647 0.9147934690931544 0.84142352889627414 0.93898644378569596 0.34901353965183762 0.8584070184249244 0.19509235860341859 0.8789441522394551 60.756568713861746 0.41378362117153761 86.177256265367461 0.25724307338431762 0.010997591742597764 0.071092467638629989 0.26022056436493418 0.22897487623095267 0.19735730581261327 0.24645546118200004 9.5000000000000018
decision_type=10 8 10 2 10 2 10 10 8 10 2 10 10 10 10 2 10 10 8 10 10 8 10 2 10 10 2 10 10 2
left_child=1 6 4 7 27 9 23 21 -5 11 -6 -4 18 -13 17 -10 -8 19 28 -12 22 -3 -14 -1 -25 -15 -27 -2 -7 -30
right_child=2 3 5 8 10 12 16 -9 15 -11 14 13 20 25 -16 -17 -18 -19 -20 -21 -22 -23 -24 24 -26 26 -28 -29 29 -31
leaf_value=-0.030155926019653254 -0.0016630507204080784 -0.023289989960453981 0.0082674415208972424 0.0018241553042061937 0.0053301151341771423 0.035915180518286037 -0.015995760595856785 -0.0051269610102550947 0.015873266190952723 0.049710907024762982 -0.0012804979378101872 0.021309651527367534 0.053580099441056704 0.050228331942401339 0.037580255211144685 0.038138027616066508 0.0042497664675826118 0.026200320037937014 0.028618953427111238 0.018045791690610963 0.045795235171088737 -0.011898743794605014 0.07516245422650035 -0.027568906494220499 -0.020976909474802592 0.018487819553567812 0.037173895677331634 0.014173715630574013 0.059391157092921663 0.040520656369950461
leaf_weight=809 620 704 156 845 292 159 1507 1192 450 164 102 400 137 122 200 101 105 636 158 911 167 366 119 1094 1827 104 381 134 165 115
leaf_count=809 620 704 156 845 292 159 1507 1192 450 164 102 400 137 122 200 101 105 636 158 911 167 366 119 1094 1827 104 381 134 165 115
internal_value=5.97285e-05 -0.0145408 0.0251273 -0.00391638 0.0148232 0.0378374 -0.0218159 -0.0118755 0.00898017 0.0302788 0.019638 0.0275386 0.0476709 0.030524 0.0218975 0.0199545 -0.014677 0.0199955 0.0413597 0.0160998 0.0565783 -0.0193935 0.0636125 -0.0249012 -0.0234458 0.0365961 0.033167 0.00115144 0.0459452 0.0516408
internal_weight=14242 9000 5242 3658 2895 2347 5342 2262 1396 1327 2141 1163 1020 1007 1849 551 1612 1649 597 1013 423 1070 256 3730 2921 607 485 754 439 280
internal_count=14242 9000 5242 3658 2895 2347 5342 2262 1396 1327 2141 1163 1020 1007 1849 551 1612 1649 597 1013 423 1070 256 3730 2921 607 485 754 439 280
is_linear=0
shrinkage=0.02


Tree=15
num_leaves=31
num_cat=0
split_feature=0 0 10 11 2 0 2 2 1 0 2 10 1 11 11 11 11 2 11 10 0 2 8 4 8 0 11 1 0 2
split_gain=12782.3 2321.09 1097.33 811.616 485.131 467.372 333.323 299.68 266.26 190.757 154.021 129.762 122.934 127.612 112.748 106.1 104.91 103.32 110.774 102.723 100.118 99.2396 93.8938 92.2147 83.9173 71.1991 69.7884 68.499 62.1595 61.8104
threshold=0.17963059322415706 0.13423769206245786 0.320862353714858 0.71643750000000017 0.48704459219651824 0.22893304556967875 0.68335286890044677 0.91989913731649653 0.084413517975568092 0.26141096259997415 0.8789441522394551 0.21657623533094403 0.43789651372022453 0.84453125000000007 0.84343750000000017 0.6130000000000001 0.71643750000000017 0.93044148261597193 0.8716666666666667 0.010997591742597764 0.062797001486144713 0.74794973212826166 5.5000000000000009 -0.26426708499503698 1.5000000000000002 0.26553691660835571 0.83656862745098048 0.36502906982545502 0.1919980353881271 0.67561680278615943
decision_type=10 8 2 2 10 10 10 8 10 10 10 2 10 2 2 2 2 10 2 2 10 10 2 2 2 10 2 10 10 10
left_child=1 4 5 8 19 6 22 29 11 17 -7 -3 13 -11 -9 -6 28 18 26 -1 -21 -10 -2 -16 -17 -12 -4 -20 -8 -5
right_child=2 3 9 7 15 10 16 14 21 12 25 -13 -14 -15 23 24 -18 -19 27 20 -22 -23 -24 -25 -26 -27 -28 -29 -30 -31
leaf_value=-0.029823436117786872 -0.019078375248625729 -0.019512468948602105 0.035958207423608862 -0.0050983063097532633 -0.016402541422068741 0.025330404254085042 0.0031192849477132164 0.014725007180714136 -0.0060753560204944625 0.043444043512500467 0.034669018719611422 0.003435375975412235 0.041090070570353417 0.070491153359807171 0.043783216407665845 0.0096279495998418761 0.023810046119279293 0.050651752770819888 0.032594596969624683 -0.027917369689779419 -0.020050260545224519 0.0053581381681117599 0.004659292442458017 0.019549326075773154 -0.0092022898047218558 0.050247892234981578 0.05444687012893458 0.01155209240512651 0.017639388815004226 0.0074236628080340972
leaf_weight=834 101 728 309 197 1006 497 180 278 858 105 280 114 192 208 143 105 942 207 155 861 2604 470 196 112 962 202 111 103 342 790
leaf_count=834 101 728 309 197 1006 497 180 278 858 105 280 114 192 208 143 105 942 207 155 861 2604 470 196 112 962 202 111 103 342 790
internal_value=-0.000219535 -0.0123799 0.029407 0.000242989 -0.0196898 0.0220643 0.0159055 0.0114503 -0.00760727 0.0438811 0.0331426 -0.0164055 0.0536893 0.0614178 0.0235349 -0.0117427 0.0198246 0.0382843 0.0345084 -0.0235219 -0.0220051 -0.00202886 -0.00341311 0.0331393 -0.00734927 0.0411979 0.0408445 0.0241939 0.0126325 0.00492434
internal_weight=14192 10062 4130 3690 6372 2740 1761 1520 2170 1390 979 842 505 313 533 2073 1464 885 678 4299 3465 1328 297 255 1067 482 420 258 522 987
internal_count=14192 10062 4130 3690 6372 2740 1761 1520 2170 1390 979 842 505 313 533 2073 1464 885 678 4299 3465 1328 297 255 1067 482 420 258 522 987
is_linear=0
shrinkage=0.02


Tree=16
num_leaves=31
num_cat=0
split_feature=0 0 10 11 2 0 3 2 2 0 2 10 10 2 10 8 11 2 11 10 12 0 8 12 3 2 0 11 0 3
split_gain=12276.2 2229.17 1053.88 779.476 465.92 448.864 328.422 320.123 234.267 183.203 147.921 142.65 129.553 116.237 103.107 119.603 100.756 99.2281 106.388 98.6554 97.848 96.1531 90.1756 83.232 95.2227 76.2591 68.3796 67.0248 59.698 58.2919
threshold=0.17963059322415706 0.13423769206245786 0.320862353714858 0.71643750000000017 0.48704459219651824 0.22893304556967875 74.387988859686985 0.68335286890044677 0.71874530866340525 0.26141096259997415 0.8789441522394551 0.33466592085835761 0.16830126243870183 0.85183886912455919 0.20108614063123817 2.5000000000000004 0.71643750000000017 0.93044148261597193 0.8716666666666667 0.010997591742597764 69.849264705882362 0.062797001486144713 5.5000000000000009 68.656250000000014 69.406122710366546 0.80947953634638925 0.26553691660835571 0.83656862745098048 0.1919980353881271 61.599671206189619
decision_type=10 8 2 2 10 10 8 10 10 10 10 2 2 10 2 2 2 10 2 2 2 10 2 2 10 10 10 2 10 10
left_child=1 4 5 8 19 7 13 22 12 17 20 -8 -3 -5 -6 -16 28 18 27 -1 25 -21 -2 -11 -25 -7 -12 -4 -9 -18
right_child=2 3 9 6 14 10 11 16 -10 23 26 -13 -14 -15 15 -17 29 -19 -20 21 -22 -23 -24 24 -26 -27 -28 -29 -30 -31
leaf_value=-0.029226968427785011 -0.018696807746839995 -0.015780677013365153 0.03523904333374852 -1.1172850355397807e-05 -0.015457253519829569 0.0096152192262701844 0.018990468327047788 0.0030568992296854652 0.0036470812363268851 0.044702370292830737 0.033975637967931106 0.045344271419153925 -0.0040752226930289041 0.014544793950084319 0.0085507115735239236 -0.0099663953295201866 0.010555508901034632 0.049638718138516377 0.023710029104493501 -0.027359022518725899 0.038451093586816178 -0.019649255253022649 0.0045661065894730237 0.050474228401370863 0.075731506260550197 0.028313817723273217 0.049242934915098811 0.053357932205387475 0.017286600878364162 0.025270903648439712
leaf_weight=834 101 998 309 689 1162 173 406 180 563 259 280 103 609 322 172 739 124 207 258 861 148 2604 196 144 102 176 202 111 342 818
leaf_count=834 101 998 309 689 1162 173 406 180 563 259 280 103 609 322 172 739 124 207 258 861 148 2604 196 144 102 176 202 111 342 818
internal_value=-0.000215145 -0.0121323 0.0288188 0.000238129 -0.019296 0.021623 0.0112213 0.0155873 -0.00745512 0.0430035 0.0324798 0.0243234 -0.0113447 0.00462485 -0.0115078 -0.0064703 0.0194281 0.0375186 0.0338183 -0.0230514 0.0248238 -0.021565 -0.00334485 0.0526155 0.0609468 0.0190449 0.040374 0.0400276 0.0123798 0.0233338
internal_weight=14192 10062 4130 3690 6372 2740 1520 1761 2170 1390 979 509 1607 1011 2073 911 1464 885 678 4299 497 3465 297 505 246 349 482 420 522 942
internal_count=14192 10062 4130 3690 6372 2740 1520 1761 2170 1390 979 509 1607 1011 2073 911 1464 885 678 4299 497 3465 297 505 246 349 482 420 522 942
is_linear=0
shrinkage=0.02


Tree=17
num_leaves=31
num_cat=0
split_feature=0 9 9 2 9 9 0 0 2 2 0 3 10 0 10 11 2 2 8 12 0 11 5 8 8 9 3 9 8 2
split_gain=11790 2208.9 1467.23 916.687 611.557 341.053 320.055 270.47 231.939 219.919 181.097 135.894 99.8474 98.0988 87.2396 86.9727 102.93 80.4015 79.6156 77.7236 77.5977 71.5559 98.9713 70.6234 70.0824 67.632 65.6906 69.7776 66.1924 64.9488
threshold=0.17963059322415706 0.16929121725731897 0.19523313045340213 0.53734157312081121 0.24325980392156865 0.25321706388613047 0.14702286442380397 0.13423769206245786 0.68335286890044677 0.89723557882709437 0.083571005574083077 74.265673525042217 0.014211912459174319 0.19620062537501246 0.32621640229011589 0.85604779411764709 0.94628889364506119 0.67561680278615943 9.5000000000000018 67.424632352941188 0.21717116345947229 0.86775000000000013 0.56419830538692317 6.5000000000000009 3.5000000000000004 0.10772139014104989 65.380638696335538 0.15801713586291313 8.5000000000000018 0.28631848677325361
decision_type=10 2 2 10 2 2 8 10 10 10 8 8 2 10 2 2 10 10 2 2 10 2 2 2 2 2 10 2 2 8
left_child=1 3 8 10 6 9 24 25 -2 18 -1 17 -12 -10 -7 -11 -17 -8 21 -9 -20 22 -4 -19 -3 -5 27 -15 -28 -14
right_child=2 4 5 7 -6 14 11 19 13 15 12 -13 29 26 -16 16 -18 23 20 -21 -22 -23 -24 -25 -26 -27 28 -29 -30 -31
leaf_value=-0.025393743252065386 -0.00023593719762105209 0.0065058245529314579 0.044337794567572371 -0.018164973953632708 0.05048044094245506 0.036051675641026938 -0.0059793860244918874 -0.0051599732218980789 0.010722980479660787 0.055591026281026447 -0.025801516684776211 0.023116615569017021 -0.02864070510435961 0.0046544778196117549 0.055387210062008752 0.02962708489287591 0.050904305174618511 0.022172968681806175 0.011672852691154034 0.0046036737392549992 0.029725079111776555 0.022958956481042233 0.023856964930489978 0.0056011095268047404 -0.0086869290141477467 -0.0091537221879942829 0.019353928253453435 0.02210968999824393 0.030918193534406693 -0.015799197476879207
leaf_weight=2120 312 158 294 553 129 114 142 625 456 188 551 332 167 158 515 209 161 156 171 682 215 187 139 302 525 838 411 218 382 2782
leaf_count=2120 312 158 294 553 129 114 142 625 456 188 551 332 167 158 515 209 161 156 171 682 215 187 139 302 525 838 411 218 382 2782
internal_value=-0.000210842 -0.0118896 0.0282425 -0.0161805 0.00857536 0.0394459 0.00522814 -0.00659797 0.0155584 0.034444 -0.0207807 0.01285 -0.0179866 0.0185909 0.0518828 0.0445139 0.0388856 0.00716908 0.0288586 -6.5247e-05 0.0217278 0.033298 0.0377631 0.0112457 -0.00517235 -0.0127362 0.02166 0.0147748 0.0249246 -0.0165264
internal_weight=14192 10062 4130 8318 1744 2193 1615 2698 1937 1564 5620 932 3500 1625 629 558 370 600 1006 1307 386 620 433 458 683 1391 1169 376 793 2949
internal_count=14192 10062 4130 8318 1744 2193 1615 2698 1937 1564 5620 932 3500 1625 629 558 370 600 1006 1307 386 620 433 458 683 1391 1169 376 793 2949
is_linear=0
shrinkage=0.02


Tree=18
num_leaves=31
num_cat=0
split_feature=9 1 9 1 1 3 9 10 1 10 11 11 1 11 10 8 1 3 9 4 11 10 7 4 9 3 9 10 10 9
split_gain=10734.9 1738.14 1657.11 619.738 435.68 248.287 212.078 183.128 170.624 166.584 158.19 148.639 130.637 134.068 127.714 126.259 107.452 103.202 101.564 91.4876 86.0849 80.4228 76.9526 82.3122 76.0626 95.4683 75.6945 75.1169 115.34 73.2542
threshold=0.16929121725731897 0.20975980714608278 0.24325980392156865 0.21470528698457189 0.088235670766308533 75.201564324530537 0.19523313045340213 0.22467619522197479 0.29896673960935788 0.320862353714858 0.6130000000000001 0.71643750000000017 0.2919654515285055 0.86775000000000013 0.3656781991724844 2.5000000000000004 0.15919107757913928 64.730641864164866 0.098159249616575642 -0.15457905541531117 0.86207142857142871 0.25526382789220403 1.0000000180025095e-35 -0.35316227545721568 0.14250098010389103 70.366036324048139 0.062387493310413052 0.26582168896593589 0.25037925504667385 0.26756681297561236
decision_type=2 10 2 8 8 8 2 2 10 2 2 2 10 2 2 2 10 10 2 2 2 2 2 2 2 10 2 2 2 2
left_child=1 4 3 15 18 9 7 -5 24 -4 26 -9 19 -14 -11 -2 -17 -10 -1 -8 29 -18 23 -19 -3 -26 -6 28 -13 -16
right_child=2 8 5 6 10 -7 12 11 17 14 -12 27 13 -15 20 16 21 22 -20 -21 -22 -23 -24 -25 25 -27 -28 -29 -30 -31
leaf_value=-0.025966841872729879 0.021604417241959658 -0.0058905917985059399 0.024999904959209708 0.03560221404530281 -0.025578977379947902 0.073060621460423858 0.025188033050624652 -0.0021862333505671826 -0.00090602001853731296 0.063651131818676654 -0.0064917550010092917 0.012348640503421906 0.037635348444138128 0.022792864184019303 0.065424395011147801 -0.006651890867070848 0.017047477189068485 0.018898410583097561 -0.019241748506133603 0.0074043344658840998 0.036507391630675012 0.00044944186763772704 0.024620114606002282 0.0023291502322015894 -0.0021310543625429747 0.01518122357252256 -0.014102639234663802 0.012640535450956357 0.039361727673184965 0.041276262822747233
leaf_weight=1594 152 847 151 172 260 137 440 199 302 163 1223 124 668 383 101 349 214 204 2058 157 301 257 174 291 391 189 1985 477 129 100
leaf_count=1594 152 847 151 172 260 137 440 199 302 163 1223 124 668 383 101 349 214 204 2058 157 301 257 174 291 391 189 1985 477 129 100
internal_value=-0.000206625 -0.0123959 0.0246153 0.0185886 -0.0173559 0.0481465 0.0234421 0.0166457 0.00233112 0.0439636 -0.012279 0.013136 0.0279826 0.0322265 0.0482697 0.00486217 0.00175873 0.0087985 -0.0221771 0.0205112 0.0432753 0.0079908 0.0131793 0.00915769 -0.0020696 0.00351036 -0.0154317 0.0173129 0.0261221 0.0534104
internal_weight=14192 9518 4674 3721 7120 953 2749 1101 2398 816 3468 929 1648 1051 665 972 820 971 3652 597 502 471 669 495 1427 580 2245 730 253 201
internal_count=14192 9518 4674 3721 7120 953 2749 1101 2398 816 3468 929 1648 1051 665 972 820 971 3652 597 502 471 669 495 1427 580 2245 730 253 201
is_linear=0
shrinkage=0.02


Tree=19
num_leaves=31
num_cat=0
split_feature=0 9 9 2 8 9 9 0 2 2 0 0 0 9 11 2 8 12 12 0 0 5 11 9 2 8 12 8 8 5
split_gain=10954.6 2021.73 1347.5 852.202 573.166 314.609 314.592 253.836 218.614 209.461 194.95 170.423 91.9322 86.1603 81.2977 98.102 76.2214 74.2658 73.5611 76.3844 73.388 67.4395 89.9983 62.8077 62.7305 65.1703 60.4028 61.2955 60.0559 86.1225
threshold=0.17963059322415706 0.16929121725731897 0.19523313045340213 0.53734157312081121 1.5000000000000002 0.25321706388613047 0.23352010547132501 0.13423769206245786 0.68335286890044677 0.89723557882709437 0.14702286442380397 0.095884927890779667 0.19620062537501246 0.1093834496635855 0.85604779411764709 0.94628889364506119 9.5000000000000018 67.424632352941188 65.968750000000014 0.25724307338431762 0.21717116345947229 0.53654686300217891 0.86775000000000013 0.10772139014104989 0.85183886912455919 8.5000000000000018 69.303308823529434 7.5000000000000009 7.5000000000000009 0.18457197366610661
decision_type=10 2 2 10 2 2 2 10 10 10 8 8 10 2 2 10 2 2 2 10 10 2 2 2 10 2 2 2 2 2
left_child=1 3 8 11 6 9 -3 23 26 16 -6 -1 -10 -13 -11 -16 21 -9 -7 -20 -18 22 -4 -5 25 -12 27 -2 -14 -30
right_child=2 4 5 7 10 18 -8 17 12 14 24 13 28 -15 15 -17 20 -19 19 -21 -22 -23 -24 -25 -26 -27 -28 -29 29 -31
leaf_value=-0.023401165896205077 -0.017411271029884375 0.018610238582424991 0.043011082056975382 -0.017503692901442349 -0.0065163664280215392 0.037465717648833746 0.058807981657236816 -0.0049770915521979335 0.010396213592928754 0.053693971195000599 0.012920250296592713 -0.01922511914502378 0.016158241515938383 -0.01193266972171453 0.028503974149422497 0.049276226704928636 0.010950228849001098 0.0045669025547605806 0.044443411326885798 0.060525128434711424 0.028505960825310889 0.022898821024760114 0.022588666329580929 -0.0088197798917191168 0.018351632107980548 -0.0022746627038991601 0.012361492123089584 0.0042031367972632438 0.014274747902337386 0.030300249675179226
leaf_weight=2877 103 352 284 553 639 146 100 625 456 188 214 1693 548 1050 209 161 171 682 206 277 215 212 124 838 200 239 102 107 196 425
leaf_count=2877 103 352 284 553 639 146 100 625 456 188 214 1693 548 1050 209 161 171 682 206 277 215 212 124 838 200 239 102 107 196 425
internal_value=-0.000202492 -0.0114599 0.0272242 -0.0155649 0.00811884 0.0379608 0.0275035 -0.00632564 0.0150687 0.0331568 0.0013372 -0.0200005 0.0180128 -0.0164336 0.0429844 0.0375427 0.0277057 3.01861e-06 0.0499059 0.0536663 0.0207287 0.0320495 0.0368043 -0.0122721 0.00902238 0.00490351 -0.000265234 -0.00639822 0.0209839 0.0252423
internal_weight=14192 10062 4130 8318 1744 2193 452 2698 1937 1564 1292 5620 1625 2743 558 370 1006 1307 629 483 386 620 408 1391 653 453 312 210 1169 621
internal_count=14192 10062 4130 8318 1744 2193 452 2698 1937 1564 1292 5620 1625 2743 558 370 1006 1307 629 483 386 620 408 1391 653 453 312 210 1169 621
is_linear=0
shrinkage=0.02


Tree=20
num_leaves=31
num_cat=0
split_feature=9 2 9 2 1 2 9 2 1 3 11 11 2 12 12 1 3 2 12 9 11 9 9 9 12 12 9 8 9 9
split_gain=9673.93 2089.95 1537.78 821.56 343.944 235.157 223.814 198.381 197.263 180.297 162.011 149.444 173.928 146.918 105.643 102.364 101.401 95.8651 95.2366 93.8762 96.196 93.8267 92.8868 90.3161 82.9636 105.175 81.3083 82.3492 72.9209 72.7133
threshold=0.16929121725731897 0.66272464066089087 0.24453002781157659 0.77323567825730855 0.088235670766308533 0.46006802721088441 0.22162549988238064 0.92077717351920607 0.26186761718343454 73.25292181583167 0.84806250000000005 0.37022727272727279 0.70408403706893219 68.531250000000014 67.781250000000014 0.20635390677198504 64.119023022307772 0.87342518550476 69.593750000000014 0.25976363944425623 0.84572916666666675 0.085920291850220279 0.20223462519336097 0.18438044560617381 70.909926470588246 67.468750000000014 0.13022960246687226 8.5000000000000018 0.19262657152565413 0.15340336129385571
decision_type=2 10 2 10 8 8 2 10 8 8 2 2 8 2 2 10 10 10 2 2 2 2 2 2 2 2 2 2 2 2
left_child=1 4 3 6 21 -6 11 10 17 19 13 -2 -13 28 -8 29 -10 -3 -17 -4 -21 -1 -15 -9 25 -22 -18 -28 -5 -7
right_child=2 8 9 7 5 15 14 23 16 -11 -12 12 -14 22 -16 18 26 -19 -20 20 24 -23 -24 -25 -26 -27 27 -29 -30 -31
leaf_value=-0.02673342189981856 -0.020244907799105229 -0.0037727435556855755 0.031474868886365324 0.013000700922411108 -0.022432322591447059 -0.013614233755619161 0.0069244556449284071 0.019117035972622206 -0.0003754640142818925 0.064231863635456896 0.013932204794592467 -0.0034081085851026937 0.012254848773497463 0.02824419503596208 0.032234691541674437 -0.0079642036146862372 0.0048437049322658113 0.0093263986436305218 0.0093623872393289141 0.03261162804957065 0.044207793310060542 -0.019705790458785094 0.047241890614961875 0.039629008631607385 0.036415053776536997 0.06845098720058318 0.0098598248783732696 0.025494976414284155 0.026816337838574355 -0.0016128941573700527
leaf_weight=1100 104 1297 237 281 775 1605 107 106 314 179 628 541 596 261 172 404 315 270 185 144 133 2458 170 452 104 155 271 268 335 231
leaf_count=1100 104 1297 237 281 775 1605 107 106 314 179 628 541 596 261 172 404 315 270 185 144 133 2458 170 452 104 155 271 268 335 231
internal_value=-7.23611e-06 -0.0116296 0.0234426 0.0176839 -0.0175995 -0.0128419 0.00634205 0.0254042 0.00312154 0.0461448 0.0219636 0.00270317 0.0048022 0.0267808 0.0225279 -0.00977687 0.00934293 -0.00151571 -0.00252207 0.0419564 0.046591 -0.0218785 0.0357375 0.0357325 0.0517263 0.0572553 0.0129162 0.0176339 0.0205141 -0.0121043
internal_weight=14198 9493 4705 3753 6758 3200 1520 2233 2735 952 1675 1241 1137 1047 279 2425 1168 1567 589 773 536 3558 431 558 392 288 854 539 616 1836
internal_count=14198 9493 4705 3753 6758 3200 1520 2233 2735 952 1675 1241 1137 1047 279 2425 1168 1567 589 773 536 3558 431 558 392 288 854 539 616 1836
is_linear=0
shrinkage=0.02


Tree=21
num_leaves=31
num_cat=0
split_feature=0 0 9 9 9 0 2 9 2 11 2 9 12 12 2 11 2 12 4 3 9 9 10 0 4 12 2 4 9 9
split_gain=10208.1 1944.18 1070.55 1003.39 573.455 358.365 297.682 179.664 171.215 155.157 147.173 110.217 99.6652 96.2407 93.6073 116.428 93.4906 90.7474 89.325 85.7448 84.3 80.7886 75.5765 88.6127 73.3369 73.3258 72.7495 61.596 60.8967 69.5029
threshold=0.17963059322415706 0.11908888220116164 0.19523313045340213 0.14821987772144352 0.23921437876062282 0.26141096259997415 0.5293102073290773 0.26995950712171729 0.44547572047922535 0.70710416666666676 0.7114175378045472 0.12292258746693509 69.031250000000014 68.393382352941188 0.90030126512308295 0.85839583333333347 0.8584070184249244 69.849264705882362 -0.20960178694777654 74.265673525042217 0.085920291850220279 0.24571204547682055 0.209783996837304 0.24445022828242394 -0.19699320684113347 67.343750000000014 0.84909803313554033 -0.31096130882544054 0.21953089836131165 0.21170562156011111
decision_type=10 8 2 2 2 10 10 2 10 2 10 2 2 2 10 2 10 2 2 8 2 2 2 10 2 2 10 2 2 2
left_child=1 8 10 6 9 7 -3 14 20 -5 17 -12 26 18 28 -16 -10 -2 21 -14 -1 -7 23 -13 -15 -8 -11 -17 29 -4
right_child=2 3 5 4 -6 13 25 -9 16 12 11 22 19 24 15 27 -18 -19 -20 -21 -22 -23 -24 -25 -26 -27 -28 -29 -30 -31
leaf_value=-0.026027953776338153 -0.0017388533480761285 -0.016076234930352661 0.024773950408835781 -0.0036162145388504811 0.04827105261874895 0.034578665706772947 -0.0077031356992335164 0.052944549703750551 -0.015097972130145526 0.0021461563948541877 0.0055853460824235954 0.02196694772079831 0.010372764468622482 0.048195787848912264 0.051032071102081855 0.020077290310748393 0.0045243642901858462 0.019732847013256768 0.026805471099461568 0.027353126253541662 -0.019571386959219676 0.058168198270356561 0.017543607844396476 0.044242675313265013 0.067201061543108023 0.0017857492966438407 0.015377047711282694 0.037793880203882087 0.029460820164120594 0.0081920580326971647
leaf_weight=1203 277 1414 302 504 137 107 634 127 1469 700 235 244 347 247 136 158 104 110 132 181 2469 127 940 101 121 670 218 156 476 152
leaf_count=1203 277 1414 302 504 137 107 634 127 1469 700 235 244 347 247 136 158 104 110 132 181 2469 127 940 101 121 670 218 156 476 152
internal_value=-7.09139e-06 -0.010902 0.0263898 -0.00171151 0.00871842 0.0357626 -0.00972006 0.0301809 -0.0193216 0.00593959 0.0153754 0.0181789 0.00927024 0.0472225 0.028086 0.0355743 -0.0138006 0.00436421 0.0399607 0.0161937 -0.0216867 0.0473815 0.0204821 0.0284882 0.0544448 -0.00282771 0.00528813 0.0288792 0.0244627 0.0192223
internal_weight=14198 10050 4148 4805 2087 2241 2718 1507 5245 1950 1907 1520 1446 734 1380 450 1573 387 366 528 3672 234 1285 345 368 1304 918 314 930 454
internal_count=14198 10050 4148 4805 2087 2241 2718 1507 5245 1950 1907 1520 1446 734 1380 450 1573 387 366 528 3672 234 1285 345 368 1304 918 314 930 454
is_linear=0
shrinkage=0.02


Tree=22
num_leaves=31
num_cat=0
split_feature=0 0 9 9 9 0 1 9 2 2 11 8 9 12 9 3 12 5 2 12 4 9 9 12 2 11 2 0 8 8
split_gain=9803.87 1867.19 1028.16 963.653 551.536 344.173 295.62 172.549 164.435 141.345 133.682 106.427 105.852 99.7176 101.406 98.6577 92.4296 113.496 89.7884 87.1538 85.7878 80.9617 77.5894 73.5231 72.7642 72.5951 71.5893 68.4245 61.6326 58.7306
threshold=0.17963059322415706 0.11908888220116164 0.19523313045340213 0.14821987772144352 0.24325980392156865 0.26141096259997415 0.084413517975568092 0.26995950712171729 0.44547572047922535 0.7114175378045472 0.70710416666666676 8.5000000000000018 0.12292258746693509 69.031250000000014 0.21017200212239126 63.720147763410026 68.393382352941188 0.25793081581240979 0.8584070184249244 69.849264705882362 -0.20960178694777654 0.085920291850220279 0.24571204547682055 67.843750000000014 0.81034800575009991 0.91033333333333344 0.84909803313554033 0.1478330603272178 9.5000000000000018 7.5000000000000009
decision_type=10 8 2 2 2 10 10 2 10 10 2 2 2 2 2 10 2 2 10 2 2 2 2 2 10 2 10 8 2 2
left_child=1 8 9 6 10 7 -3 11 21 19 -5 15 -11 26 27 -4 20 -18 -10 28 22 -1 -7 -8 -17 -26 -12 -15 -2 -14
right_child=2 3 5 4 -6 16 23 -9 18 12 13 -13 29 14 -16 24 17 -19 -20 -21 -22 -23 -24 -25 25 -27 -28 -29 -30 -31
leaf_value=-0.02550739450397238 -0.0092456817662222145 -0.017717732699331804 0.016174350192830447 -0.0028198120257797083 0.050170288330409679 0.033887092713701814 -0.0080113381663594694 0.051885659176064289 -0.014796012654539814 0.005473639313210832 0.0020359436785118224 0.021329732777512961 0.015658005850802858 -0.0011100820608499673 0.034147179310023784 0.025800742774873094 0.06847414730015651 0.045195854921595321 0.0044338772338456834 0.019338190105828372 0.026269361683816623 -0.019179959419379958 0.057004834605952882 0.00048283222802438278 0.045196219590827244 0.026786105702830177 0.01509765905819156 0.016722587360925613 0.010097139786790919 0.024213828785347769
leaf_weight=1203 169 1069 124 509 120 107 912 127 1469 235 708 615 622 119 100 204 129 239 104 110 132 2469 127 737 320 117 220 311 108 663
leaf_count=1203 169 1069 124 509 120 107 912 127 1469 235 708 615 622 119 100 204 129 239 104 110 132 2469 127 737 320 117 220 311 108 663
internal_value=-6.94955e-06 -0.010684 0.025862 -0.00167728 0.00854405 0.0350473 -0.00952566 0.0295773 -0.0189352 0.0150679 0.00600457 0.0275243 0.0178154 0.00908524 0.0160063 0.0325042 0.046278 0.0533559 -0.0135246 0.00427693 0.0391614 -0.0212529 0.0464339 -0.00421497 0.0356632 0.0402672 0.00513247 0.0117875 -0.00170408 0.0200724
internal_weight=14198 10050 4148 4805 2087 2241 2718 1507 5245 1907 1967 1380 1520 1458 530 765 734 368 1573 387 366 3672 234 1649 641 437 928 430 277 1285
internal_count=14198 10050 4148 4805 2087 2241 2718 1507 5245 1907 1967 1380 1520 1458 530 765 734 368 1573 387 366 3672 234 1649 641 437 928 430 277 1285
is_linear=0
shrinkage=0.02


Tree=23
num_leaves=31
num_cat=0
split_feature=9 2 9 2 2 11 2 9 10 11 10 2 12 2 8 4 12 2 9 9 9 9 8 5 5 9 11 6 2 12
split_gain=8599.73 1857.8 1362.44 731.678 220.582 200.41 182.794 159.464 157.235 154.907 209.023 143.691 135.76 127.823 118.417 148.814 114.86 111.652 96.3552 88.0543 83.4567 81.988 71.4969 103.232 74.6441 64.8388 64.0454 81.5523 64.2395 62.3563
threshold=0.16929121725731897 0.67561680278615943 0.24453002781157659 0.77323567825730855 0.5293102073290773 0.36700000000000005 0.92077717351920607 0.21464364415733392 0.010997591742597764 0.84806250000000005 0.25931889056889063 0.88394243249438575 68.531250000000014 0.41083275309601236 2.5000000000000004 -0.44871318066123927 66.687500000000014 0.70408403706893219 0.14821987772144352 0.14312848762340824 0.20531469927394949 0.18438044560617381 4.5000000000000009 0.34406064590239788 0.54439651835926139 0.19262657152565413 0.47035714285714292 2.5000000000000004 0.78001058341942209 71.781250000000014
decision_type=2 10 2 10 10 2 10 2 2 2 2 10 2 8 2 2 2 8 2 2 2 2 2 2 2 2 2 2 10 2
left_child=1 4 3 5 8 -2 9 17 -1 12 -11 19 25 -10 -4 -16 -9 -7 -15 26 -14 -8 -13 -24 -25 -5 27 -3 -28 -21
right_child=2 11 14 6 -6 7 21 16 13 10 -12 22 20 18 15 -17 -18 -19 -20 29 -22 -23 23 24 -26 -27 28 -29 -30 -31
leaf_value=-0.025934208400409529 -0.021387166690826419 -0.00678079288401362 0.057597543752507162 0.012266979345329292 -0.0088508296075456242 -0.0025409746975705132 0.018051435103956261 0.0033789008065012466 -0.022330456816865331 0.034158283094285244 0.0065751083113383428 0.0013005152056437164 0.028010074162824174 -0.015734593385144761 0.055670606178826978 0.034980436433058405 0.027948114959351258 0.010345748789421213 -0.003592954013311357 0.0035852944316663721 0.046947408241325962 0.037594838653118308 0.0055366560837346547 0.038482306868422266 0.015426213450431823 0.025294512950801363 -0.00066739422896731654 0.0089763486642647789 -0.012861667647040807 0.018337478504649229
leaf_weight=864 100 217 190 281 1268 520 106 114 1193 142 486 168 295 3292 183 579 229 557 284 632 136 452 181 102 125 335 369 333 325 140
leaf_count=864 100 217 190 281 1268 520 106 114 1193 142 486 168 295 3292 183 579 229 557 284 632 136 452 181 102 125 335 369 333 325 140
internal_value=-6.81057e-06 -0.010965 0.0221028 0.0166823 -0.0163873 0.00597886 0.0239681 0.00790605 -0.0180838 0.0206654 0.0128121 0.00347169 0.0253758 -0.0166615 0.0434716 0.0399493 0.0197823 0.00412375 -0.0147703 0.00095463 0.0339857 0.0338823 0.0122814 0.016803 0.0257862 0.0193518 -0.00233812 0.00275944 -0.00637797 0.00626056
internal_weight=14198 9493 4705 3753 6901 1520 2233 1420 5633 1675 628 2592 1047 4769 952 762 343 1077 3576 2016 431 558 576 408 227 616 1244 550 694 772
internal_count=14198 9493 4705 3753 6901 1520 2233 1420 5633 1675 628 2592 1047 4769 952 762 343 1077 3576 2016 431 558 576 408 227 616 1244 550 694 772
is_linear=0
shrinkage=0.02


Tree=24
num_leaves=31
num_cat=0
split_feature=9 2 9 2 1 2 9 1 2 3 11 10 12 1 3 12 1 3 10 9 11 3 12 10 2 9 5 5 11 9
split_gain=8259.18 1784.23 1308.49 702.703 330.735 218.554 193.806 175.592 175.555 169.537 148.773 200.745 130.384 111.312 94.8348 133.383 94.1059 91.7328 89.0034 86.2755 91.4091 85.5959 80.7163 133.945 80.6096 80.4467 79.9142 127.264 103.678 79.2776
threshold=0.16929121725731897 0.67561680278615943 0.24453002781157659 0.77323567825730855 0.088235670766308533 0.46006802721088441 0.20275993145130014 0.26186761718343454 0.92077717351920607 73.25292181583167 0.84806250000000005 0.25931889056889063 68.531250000000014 0.18200298517031299 71.482019421021576 68.27389705882355 0.20635390677198504 64.119023022307772 0.25591641070334537 0.25976363944425623 0.84572916666666675 72.937273859459609 70.909926470588246 0.37424746529390585 0.87342518550476 0.20223462519336097 0.34406064590239788 0.61034307507648022 0.70062500000000016 0.085920291850220279
decision_type=2 10 2 10 8 8 2 8 10 8 2 2 2 8 8 2 10 10 2 2 2 10 2 2 10 2 2 2 2 2
left_child=1 4 3 6 29 -6 13 24 10 19 12 -12 -5 -2 -8 -16 -7 -9 -15 -4 -21 -18 23 -22 -3 -14 -19 28 -28 -1
right_child=2 7 9 8 5 16 14 17 -10 -11 11 -13 25 18 15 -17 21 26 -20 20 22 -23 -24 -25 -26 -27 27 -29 -30 -31
leaf_value=-0.024753874273772784 -0.0092711961699253019 -0.0033987203041884045 0.028492402269304554 0.018964722873068524 -0.020833934622714597 -0.010967968583616773 0.0081270547743770294 -0.00016422584951920655 0.033204646622328131 0.060141194033223162 0.033475117179447074 0.0064436062000818367 0.026332464320188161 0.015227744189898173 0.0097420036551527315 0.039439326561444131 -0.0052994510571027663 0.0059916020528779489 -0.00060574262279581713 0.029356566666004561 0.065989677426524646 0.014552546448607758 0.032887123737018555 0.038615598521110683 0.0087019614433800734 0.044012292943949642 0.016923773015920934 0.0074844795127117303 0.043860560619071419 -0.01829971912794531
leaf_weight=1101 324 1194 237 616 775 1900 344 299 558 179 142 486 261 225 122 120 555 379 385 144 156 103 104 132 270 170 130 218 102 2467
leaf_count=1101 324 1194 237 616 775 1900 344 299 558 179 142 486 261 225 122 120 555 379 385 144 156 103 104 132 270 170 130 218 102 2467
internal_value=-6.67439e-06 -0.0107457 0.0216607 0.0163487 -0.0160596 -0.0115295 0.00585929 0.00340226 0.0234888 0.0426021 0.0202521 0.0125558 0.0248683 0.000202531 0.0148753 0.0244679 -0.00871049 0.00933262 0.00523448 0.0385407 0.0429837 -0.00219192 0.0479896 0.0534432 -0.00116704 0.0333059 0.0127579 0.0184566 0.0287667 -0.0202913
internal_weight=14198 9493 4705 3753 6901 3333 1520 2592 2233 952 1675 628 1047 934 586 242 2558 1128 610 773 536 658 392 288 1464 431 829 450 232 3568
internal_count=14198 9493 4705 3753 6901 3333 1520 2592 2233 952 1675 628 1047 934 586 242 2558 1128 610 773 536 658 392 288 1464 431 829 450 232 3568
is_linear=0
shrinkage=0.02


Tree=25
num_leaves=31
num_cat=0
split_feature=0 0 9 9 9 0 9 9 12 11 10 9 10 12 9 0 0 10 0 11 5 0 12 12 11 9 5 5 8 10
split_gain=8584.93 1880.62 829.102 828.018 460.766 365.728 177.734 142.257 132.356 126.764 124.107 119.614 118.311 109.446 186.973 105.955 91.1978 82.9958 103.563 82.4885 69.4388 66.3455 92.7547 59.4646 59.2692 58.1393 58.065 126.594 74.0412 55.5017
threshold=0.18231429849567923 0.12000062703473809 0.19741609458428683 0.1456013769468969 0.23921437876062282 0.26141096259997415 0.093887132317715824 0.2664508110936683 68.656250000000014 0.8716666666666667 0.063238642058389791 0.13348734228405049 0.32321955312325512 69.031250000000014 0.20853359395960294 0.18063580303657711 0.082221312778931202 0.209783996837304 0.23859560815624956 0.72466666666666679 0.26892164305168453 0.20542360620752079 67.531250000000014 66.031250000000014 0.65612500000000018 0.12047562375711822 0.36696476257044147 0.57360961605492877 7.5000000000000009 0.12740975902135851
decision_type=10 8 2 2 2 10 2 2 2 2 2 2 2 2 2 8 10 2 10 2 2 10 2 2 2 2 2 2 2 2
left_child=1 6 11 10 13 7 -1 9 -7 12 -3 23 21 24 -15 29 -8 18 -13 -19 -10 -4 -23 -2 -5 -17 -21 -28 -29 -12
right_child=2 3 5 4 -6 8 16 -9 20 -11 15 17 -14 14 -16 25 -18 19 -20 26 -22 22 -24 -25 -26 -27 27 28 -30 -31
leaf_value=-0.022590987417733379 -0.0038797689508045874 -0.016317143066892331 0.0099496645522143302 -0.0053887062093867935 0.04250134453850074 0.036811482257111686 -0.019404771665730024 0.044333816991533555 0.065907390314725131 0.017093856339294885 0.002222431240772304 0.018967868878699102 0.038533218831666771 0.0077043132382110125 0.036485642183326047 -0.018965797692085756 -0.012467838729909513 0.0059720922969414246 0.042920954894518186 0.012945498846022547 0.047177064842012922 0.014449736232537841 0.037761672911360677 0.01135039929214484 0.0044999478258683648 -0.0038792143828814498 0.036168529873337255 0.0018505883185813824 0.02526967269782391 -0.0061177779088851195
leaf_weight=2067 155 632 116 307 144 380 1216 175 124 485 469 222 358 609 106 330 2013 281 107 372 219 118 162 303 1153 148 183 108 108 999
leaf_count=2067 155 632 116 307 144 380 1216 175 124 485 469 222 358 609 106 330 2013 281 107 372 219 118 162 303 1153 148 183 108 108 999
internal_value=-2.78355e-05 -0.00975085 0.0248984 -0.000817012 0.00785412 0.0333707 -0.0180116 0.0274544 0.0449414 0.0250702 -0.00861699 0.0150533 0.0302009 0.00556024 0.0119712 -0.00611623 -0.0150802 0.0179907 0.0267581 0.0152488 0.0539484 0.0226682 0.0279374 0.00619608 0.00242062 -0.0142946 0.0186298 0.0239294 0.0135601 -0.00345323
internal_weight=14169 10193 3976 4897 2319 2137 5296 1414 723 1239 2578 1839 754 2175 715 1946 3229 1381 329 1052 343 396 280 458 1460 478 771 399 216 1468
internal_count=14169 10193 3976 4897 2319 2137 5296 1414 723 1239 2578 1839 754 2175 715 1946 3229 1381 329 1052 343 396 280 458 1460 478 771 399 216 1468
is_linear=0
shrinkage=0.02


Tree=26
num_leaves=31
num_cat=0
split_feature=0 0 9 9 9 0 1 9 9 12 11 9 0 12 9 1 0 1 0 5 4 4 12 9 12 11 1 12 11 5
split_gain=8244.97 1806.15 796.27 795.228 442.52 351.245 198.358 170.696 136.624 127.115 121.744 114.878 107.158 105.112 179.569 93.9081 87.5864 72.9534 65.2073 75.4301 81.7813 92.5453 69.594 64.9983 61.7428 58.7915 81.7637 57.1098 56.9222 53.5331
threshold=0.18231429849567923 0.12000062703473809 0.19741609458428683 0.1456013769468969 0.23921437876062282 0.26141096259997415 0.08232503141300275 0.093887132317715824 0.2664508110936683 68.656250000000014 0.8716666666666667 0.13348734228405049 0.19845395480152264 69.031250000000014 0.20853359395960294 0.34029962181846324 0.082221312778931202 0.41754201868861451 0.24645546118200004 0.72159760968975106 -0.53636688287588785 -0.13018103007141674 68.468750000000014 0.12047562375711822 68.27389705882355 0.85159663865546231 0.27081030867848954 66.031250000000014 0.65612500000000018 0.36696476257044147
decision_type=10 8 2 2 2 10 10 2 2 2 2 2 10 2 2 10 10 10 10 2 2 2 2 2 2 2 10 2 2 2
left_child=1 7 11 6 13 8 23 -1 10 -7 12 27 -4 28 -15 24 -9 -11 19 20 -13 29 -20 -3 -12 26 -14 -2 -5 -22
right_child=2 3 5 4 -6 9 -8 16 -10 17 15 18 25 14 -16 -17 -18 -19 22 -21 21 -23 -24 -25 -26 -27 -28 -29 -30 -31
leaf_value=-0.022139167949434747 -0.0038021735613865239 -0.017491375932118275 0.013000954638646787 -0.0052809319464362401 0.041651317612122513 0.036075252575113584 -0.0040030482397525533 -0.01901667626179436 0.043447141018935612 0.060715630461073408 0.016200082013441714 0.0018687128837694201 0.016253535985597409 0.0075502269431277315 0.035755929464896051 0.0065101098625251607 -0.012218481926275527 0.042026369546850517 0.016521125640429089 0.0034746318554642508 0.018898131763248477 0.0087897179277467846 0.036433710698582179 -0.0031807345056893842 0.035223648295182146 0.045803962053858449 0.034735378377482688 0.011123391299357903 0.0044099489024356456 0.031068063669307415
leaf_weight=2067 155 858 129 307 144 380 1571 1216 175 199 160 114 128 609 106 206 2013 144 144 177 341 217 137 149 119 117 380 303 1153 251
leaf_count=2067 155 858 129 307 144 380 1571 1216 175 199 160 114 128 609 106 206 2013 144 144 177 341 217 137 149 119 117 380 303 1153 251
internal_value=-2.72788e-05 -0.00955584 0.0244004 -0.000800671 0.00769704 0.0327033 -0.00844465 -0.0176514 0.0269053 0.0440426 0.0245688 0.0147522 0.0295969 0.00544903 0.0117318 0.016752 -0.0147786 0.0528694 0.0176309 0.0154343 0.0177278 0.0199626 0.0262294 -0.0153739 0.0243141 0.0330223 0.0300785 0.00607216 0.00237221 0.024058
internal_weight=14169 10193 3976 4897 2319 2137 2578 5296 1414 723 1239 1839 754 2175 715 485 3229 343 1381 1100 923 809 281 1007 279 625 508 458 1460 592
internal_count=14169 10193 3976 4897 2319 2137 2578 5296 1414 723 1239 1839 754 2175 715 485 3229 343 1381 1100 923 809 281 1007 279 625 508 458 1460 592
is_linear=0
shrinkage=0.02


Tree=27
num_leaves=31
num_cat=0
split_feature=0 0 9 9 9 0 9 2 2 9 12 11 10 9 2 2 10 2 3 10 0 2 0 4 12 9 2 12 12 2
split_gain=7918.47 1734.62 764.738 763.737 424.996 337.336 163.937 149.524 142.831 131.213 122.081 116.923 111.86 110.328 126.756 97.5231 87.9746 87.5993 87.1288 80.2685 76.1303 73.2588 73.2115 61.1352 60.3217 84.2751 70.8375 56.5075 54.8482 79.1014
threshold=0.18231429849567923 0.12000062703473809 0.19741609458428683 0.1456013769468969 0.23921437876062282 0.26141096259997415 0.093887132317715824 0.30449221194341641 0.72357307530911863 0.2664508110936683 68.656250000000014 0.8716666666666667 0.32321955312325512 0.13348734228405049 0.701313776952459 0.82721391847073311 0.21099411311416019 0.84000717919852519 70.981840503824699 0.35135631513523391 0.23859560815624956 0.88944279476424104 0.066664977645860726 -0.31096130882544054 69.031250000000014 0.17427736939289903 0.85322129698866556 69.906250000000014 66.031250000000014 0.75634674854772921
decision_type=10 8 2 2 2 10 2 10 8 2 2 2 2 2 10 10 2 10 10 2 10 10 10 2 2 2 8 2 2 10
left_child=1 6 13 7 8 9 -1 -3 -5 11 -7 12 17 28 -15 22 20 -4 19 -12 -16 -13 -8 -23 -10 -26 -27 -9 -2 -30
right_child=2 3 5 4 -6 10 15 27 24 -11 18 21 -14 14 16 -17 -18 -19 -20 -21 -22 23 -24 -25 25 26 -28 -29 29 -31
leaf_value=-0.021696384200005352 -0.0037261300428259761 -0.013498040739399725 0.012600811134206085 -0.0022511897856716981 0.040818291149205627 0.035353747536673356 -0.02094966915301881 -0.0060330584363400839 0.0058378936762706005 0.042578197898183553 0.055303789092735811 0.0085309216095656778 0.037106902786418691 0.0016766592530914435 0.021563421999888591 0.002624832351866644 0.016539729918579656 0.031425780071169918 0.066681164159542977 0.031746191741193384 0.042783561139589261 0.014427397633631399 -0.013549808147905415 0.034378536952142956 0.0057112732112816556 0.0097060863874528728 0.030154029728562542 0.0035429296877555316 0.022849461948499083 0.0021614213466644287
leaf_weight=2067 155 1185 205 681 144 380 687 1073 968 175 132 239 358 181 190 128 905 191 108 103 105 127 2414 119 246 115 165 320 128 175
leaf_count=2067 155 1185 205 681 144 380 687 1073 968 175 132 239 358 181 190 128 905 191 108 103 105 127 2414 119 246 115 165 320 128 175
internal_value=-2.67332e-05 -0.00936472 0.0239124 -0.000784658 0.0075431 0.0320492 -0.0172984 -0.00827576 0.00534005 0.0263672 0.0431618 0.0240775 0.029005 0.0144571 0.0172782 -0.014483 0.0196315 0.0216805 0.051812 0.0449785 0.0291164 0.0164169 -0.0151892 0.0240786 0.00880031 0.0142521 0.0217558 -0.00383326 0.00595072 0.0109009
internal_weight=14169 10193 3976 4897 2319 2137 5296 2578 2175 1414 723 1239 754 1839 1381 3229 1200 396 343 235 295 485 3101 246 1494 526 280 1393 458 303
internal_count=14169 10193 3976 4897 2319 2137 5296 2578 2175 1414 723 1239 754 1839 1381 3229 1200 396 343 235 295 485 3101 246 1494 526 280 1393 458 303
is_linear=0
shrinkage=0.02


Tree=28
num_leaves=31
num_cat=0
split_feature=0 0 9 9 9 0 1 9 2 9 12 9 2 10 2 3 2 10 10 9 0 1 12 9 2 2 12 2 3 2
split_gain=7604.9 1665.93 734.454 733.493 408.166 323.977 185.161 157.445 137.174 126.017 117.247 105.959 122.096 96.0306 95.2796 83.6785 78.4327 77.0899 70.5219 62.2896 58.2831 60.3729 57.933 80.9378 68.0323 53.0382 52.6762 75.969 52.5335 51.6595
threshold=0.18231429849567923 0.12000062703473809 0.19741609458428683 0.1456013769468969 0.23921437876062282 0.26141096259997415 0.08232503141300275 0.093887132317715824 0.72357307530911863 0.2664508110936683 68.656250000000014 0.13348734228405049 0.77667560134213953 0.21099411311416019 0.4517454129159944 70.981840503824699 0.84000717919852519 0.35135631513523391 0.32321955312325512 0.12047562375711822 0.22177562338617388 0.31889946152084253 69.031250000000014 0.17427736939289903 0.85322129698866556 0.82721391847073311 66.031250000000014 0.75634674854772921 64.864436490533407 0.74794973212826166
decision_type=10 8 2 2 2 10 10 2 8 2 2 2 10 2 10 10 10 2 2 2 10 10 2 2 8 10 2 10 10 10
left_child=1 7 11 6 8 9 19 -1 -5 16 -7 26 -13 -14 -9 17 18 -12 -4 -3 21 -18 -10 -24 -25 -16 -2 -28 -8 -30
right_child=2 3 5 4 -6 10 28 14 22 -11 15 12 13 -15 25 -17 20 -19 -20 -21 -22 -23 23 24 -26 -27 27 -29 29 -31
leaf_value=-0.021262456614381749 -0.00365160751631183 -0.016877897612073204 0.010763069645247677 -0.0022061660438885424 0.040001925310740871 0.034646672595586431 -0.0096825505167468118 -0.016741621229038415 0.0057211357816353385 0.041726634017058783 0.054197713729332797 0.0076686172558586329 0.03198812772279027 0.017255136105211264 -0.01108725855534202 0.065347540561989367 0.027961190635360053 0.031111267468376648 0.025291399944502004 -0.002868616001417973 0.032756629319329982 0.0088780486078646331 0.0055970477713347686 0.0095119649346755899 0.029550948794352622 0.0025723357326933182 0.022392472594510764 0.0021181927357401169 -0.0048917851416884726 0.0039095534548474579
leaf_weight=2067 155 858 275 681 144 380 440 2083 968 175 132 403 232 746 1018 108 183 103 260 149 417 104 246 115 165 128 128 175 700 431
leaf_count=2067 155 858 275 681 144 380 440 2083 968 175 132 403 232 746 1018 108 183 103 260 149 417 104 246 115 165 128 128 175 700 431
internal_value=-2.61986e-05 -0.00917742 0.0234342 -0.000768965 0.00739224 0.0314082 -0.00811025 -0.0169524 0.00523325 0.0258398 0.0422985 0.014168 0.0169327 0.0207501 -0.0141934 0.0507758 0.0235959 0.044079 0.0178236 -0.014805 0.0279826 0.021046 0.00862431 0.013967 0.0213207 -0.00956158 0.00583171 0.0106829 -0.00381894 -0.00153778
internal_weight=14169 10193 3976 4897 2319 2137 2578 5296 2175 1414 723 1839 1381 978 3229 343 1239 235 535 1007 704 287 1494 526 280 1146 458 303 1571 1131
internal_count=14169 10193 3976 4897 2319 2137 2578 5296 2175 1414 723 1839 1381 978 3229 343 1239 235 535 1007 704 287 1494 526 280 1146 458 303 1571 1131
is_linear=0
shrinkage=0.02


Tree=29
num_leaves=31
num_cat=0
split_feature=0 0 9 9 9 0 1 9 2 10 9 2 2 10 2 0 10 1 5 2 5 9 9 2 5 3 2 5 3 10
split_gain=7303.74 1599.96 705.37 704.447 392.003 311.148 177.828 151.246 131.742 121.107 101.763 118.804 93.2835 81.4413 78.896 72.5389 71.6605 63.6407 67.5612 60.6809 63.6684 60.3551 59.823 55.7211 71.2535 50.4532 49.9195 49.6661 48.7002 48.6973
threshold=0.18231429849567923 0.12000062703473809 0.19741609458428683 0.1456013769468969 0.23921437876062282 0.26141096259997415 0.08232503141300275 0.098159249616575642 0.72357307530911863 0.39586496333922766 0.13348734228405049 0.701313776952459 0.4517454129159944 0.21099411311416019 0.84712379567259488 0.23859560815624956 0.32321955312325512 0.36502906982545502 0.40194013417903579 0.94451845047667427 0.52934940064702418 0.25976363944425623 0.12047562375711822 0.91989913731649653 0.78413948689909252 64.864436490533407 0.88001792271744472 0.33823658507096377 65.415487688348648 0.28082404858173654
decision_type=10 8 2 2 2 10 10 2 8 2 2 10 10 2 10 10 2 10 2 10 2 2 2 10 2 10 10 2 10 2
left_child=1 7 10 6 8 9 22 -1 -5 14 -2 -12 -9 15 16 -13 -4 18 -16 20 21 -7 -3 24 -10 -8 -27 -11 -15 -30
right_child=2 3 5 4 -6 19 25 12 23 27 11 13 -14 28 17 -17 -18 -19 -20 -21 -22 -23 -24 -25 -26 26 -28 -29 29 -31
leaf_value=-0.020511129443749648 0.0057150712467762578 -0.016540339613085861 0.010495301444083451 -0.0021620428336513462 0.039201886895009211 0.036548962591711531 -0.0094888993779102086 -0.016303798814892127 0.0087014435452977441 0.027966364939455635 0.0014897537791267942 0.020625508360760776 -0.0089736292770289227 0.0091753407814763235 0.037853196721829699 0.041339083199206338 0.0253703603365769 0.016477873830691627 0.0227829447186364 0.051369365320601705 0.028597686415918734 0.053565817056637668 -0.002811243493960008 0.021178712555103833 -0.0073735245560442118 -0.0028227840503994195 0.01191108994554765 0.046103586536308708 0.023287361109894524 0.011511680981434813
leaf_weight=2273 458 858 300 681 144 218 440 1942 1247 108 181 190 1081 292 262 105 228 161 218 184 186 135 149 126 121 1030 101 137 395 218
leaf_count=2273 458 858 300 681 144 218 440 1942 1247 108 181 190 1081 292 262 105 228 161 218 184 186 135 149 126 121 1030 101 137 395 218
internal_value=-2.56746e-05 -0.00899388 0.0229655 -0.000753585 0.00724439 0.03078 -0.00794804 -0.0166133 0.00512858 0.025323 0.0138846 0.016594 -0.0136826 0.0188723 0.0226434 0.0279981 0.0169186 0.0273591 0.0310088 0.0414525 0.0380672 0.0430568 -0.0145089 0.00845182 0.00727961 -0.00374256 -0.00150703 0.0381084 0.0158975 0.0190996
internal_weight=14169 10193 3976 4897 2319 2137 2578 5296 2175 1414 1839 1381 3023 1200 1169 295 528 641 480 723 539 353 1007 1494 1368 1571 1131 245 905 613
internal_count=14169 10193 3976 4897 2319 2137 2578 5296 2175 1414 1839 1381 3023 1200 1169 295 528 641 480 723 539 353 1007 1494 1368 1571 1131 245 905 613
is_linear=0
shrinkage=0.02


Tree=30
num_leaves=31
num_cat=0
split_feature=9 2 9 2 9 2 2 2 2 9 5 3 3 10 10 9 4 9 10 2 5 5 3 2 11 2 11 8 3 11
split_gain=6498.11 1414.67 1113.08 514.19 213.352 183.203 173.48 133.424 132.594 124.122 113.945 113.455 98.7011 97.6339 96.1435 95.3144 78.7543 91.6345 72.5923 103.862 67.8765 66.8527 65.4164 61.99 60.1634 80.0811 65.3323 59.3253 58.7238 60.8805
threshold=0.16929121725731897 0.67332290720464594 0.24453002781157659 0.79312168741499989 0.2224014336917563 0.94805950982589604 0.53734157312081121 0.92077717351920607 0.70408403706893219 0.12646941680764395 0.22319663464287959 61.504077024155848 64.119023022307772 0.21212042111454663 0.2309215038692651 0.18438044560617381 -0.48567128035636958 0.1781525224237997 0.010997591742597764 0.41083275309601236 0.36969087978511495 0.58522661559527311 79.473672901559041 0.72106068332483442 0.75167832167832183 0.75634674854772921 0.86612500000000014 8.5000000000000018 66.673322088416441 0.50892045454545476
decision_type=2 10 2 10 2 10 10 10 8 2 2 10 10 2 2 2 2 2 2 8 2 2 8 8 2 10 2 2 10 2
left_child=1 6 3 4 8 9 13 11 27 28 -4 -5 -11 18 -13 -9 -16 -18 -1 -20 -12 -19 -15 -6 25 -14 -26 -2 -3 -30
right_child=2 5 10 7 23 -7 -8 15 -10 12 20 14 24 22 16 -17 17 21 19 -21 -22 -23 -24 -25 26 -27 -28 -29 29 -31
leaf_value=-0.021764985149861499 0.0025114044761567404 -0.0089997947318992081 0.028446483370138421 0.0035104686108728251 0.032997944040790851 0.027381776546855936 -0.0072122152079535833 0.013388713884360351 0.008536946513275509 -0.0039291428560142352 0.05516185370099265 0.032984608540987344 0.0028254805663195642 -0.011407757882250093 0.0059986002550770834 0.034137700495616319 0.0057545834441315126 0.026912225483418012 -0.020785008665271915 -0.013588233004063414 0.040112216510073476 0.013551097343228216 0.0049559485188201647 0.014878165540772237 -0.0032698495205883207 0.016190466426996862 0.015330216099436467 -0.010098109045927412 0.0058155484519514791 -0.0078805311314943359
leaf_weight=854 297 436 273 180 115 119 1195 111 829 337 160 206 276 403 180 438 142 549 1068 3222 478 206 129 220 276 512 104 300 354 205
leaf_count=854 297 436 273 180 115 119 1195 111 829 337 160 206 276 403 180 438 142 549 1068 3222 478 206 129 220 276 512 104 300 354 205
internal_value=0.000142981 -0.00937079 0.0194183 0.0146276 0.00673569 0.00313662 -0.0141382 0.021535 0.00336156 0.00198255 0.0392595 0.01838 0.00560604 -0.0155964 0.0204661 0.0299426 0.0180717 0.0204944 -0.0164399 -0.0153799 0.0438864 0.0232667 -0.00743987 0.0210984 0.00835721 0.0115093 0.00182069 -0.00382503 -0.00349821 0.000792836
internal_weight=14174 9490 4684 3773 1761 2619 6871 2012 1426 2500 911 1463 1505 5676 1283 549 1077 897 5144 4290 638 755 532 335 1168 788 380 597 995 559
internal_count=14174 9490 4684 3773 1761 2619 6871 2012 1426 2500 911 1463 1505 5676 1283 549 1077 897 5144 4290 638 755 532 335 1168 788 380 597 995 559
is_linear=0
shrinkage=0.02


Tree=31
num_leaves=31
num_cat=0
split_feature=9 2 9 2 1 2 9 2 2 12 2 9 10 12 5 12 9 12 9 12 9 5 1 2 11 4 9 2 1 10
split_gain=6240.78 1358.65 1069 493.828 237.237 223.17 204.903 175.948 128.141 132.217 127.344 119.207 113.333 123.284 109.433 111.213 91.54 82.3589 79.5226 71.1915 66.4216 65.1886 93.0946 61.5904 56.2321 79.5947 73.4072 102.909 51.3148 48.7074
threshold=0.16929121725731897 0.67332290720464594 0.24453002781157659 0.79312168741499989 0.088235670766308533 0.41083275309601236 0.2224014336917563 0.94805950982589604 0.92077717351920607 69.406250000000014 0.70408403706893219 0.12646941680764395 0.26859346132069856 71.281250000000014 0.22319663464287959 68.393382352941188 0.18438044560617381 66.687500000000014 0.05922793829770575 72.218750000000014 0.098159249616575642 0.36969087978511495 0.3448515808508954 0.87705076502280999 0.85058823529411776 -0.33297064707588081 0.19441960082846924 0.85000016009949764 0.39562710119693489 0.24792557830948117
decision_type=2 10 2 10 8 8 2 10 10 2 8 2 2 2 2 2 2 2 2 2 2 2 10 8 2 2 2 10 10 2
left_child=1 4 3 6 20 -6 10 11 9 24 -2 -3 -11 -14 15 -4 -10 -8 -7 28 -1 -16 -23 -24 26 -26 -5 -28 -13 -20
right_child=2 7 14 8 5 18 17 -9 16 12 -12 19 13 -15 21 -17 -18 -19 29 -21 -22 22 23 -25 25 -27 27 -29 -30 -31
leaf_value=-0.020497701893434927 -0.0037485337756274634 -0.0034282421429767907 0.015159044790006902 0.010428972628091773 -0.020917594009618387 -0.021188717852606908 0.0065892012094290143 0.02683414111743454 0.013120939711964614 0.037576306747157853 0.0083662075866845105 0.0030179676609850036 0.028803574920867582 0.0011938846631432479 0.054058616688242182 0.040689580796135813 0.033454946458135564 0.027657140521540505 -0.0077121713347114698 0.019700522700743388 -0.014991855400380541 0.029296576817782874 0.05905007772608882 0.039432463599596082 -0.0031125342593634432 0.015698094467440863 0.01375621553159812 0.036777871430597527 0.017200503797681482 0.0008175073278222331
leaf_weight=1586 597 995 137 300 613 161 111 119 111 211 829 1265 166 106 160 136 438 224 2248 129 1959 209 105 164 158 209 170 143 111 304
leaf_count=1586 597 995 137 300 613 161 111 119 111 211 829 1265 166 106 160 136 438 224 2248 129 1959 209 105 164 158 209 170 143 111 304
internal_value=0.000140121 -0.00918337 0.0190299 0.0143351 -0.0138554 -0.0100187 0.00660097 0.00307389 0.0211043 0.0180124 0.00329433 0.0019429 0.0265767 0.0180439 0.0384743 0.0278776 0.0293437 0.0206764 -0.00755615 0.00549392 -0.0174551 0.0430087 0.03931 0.0470899 0.0137914 0.00759979 0.0174983 0.0242741 0.00416205 -0.0066961
internal_weight=14174 9490 4684 3773 6871 3326 1761 2619 2012 1463 1426 2500 483 272 911 273 549 335 2713 1505 3545 638 478 269 980 367 613 313 1376 2552
internal_count=14174 9490 4684 3773 6871 3326 1761 2619 2012 1463 1426 2500 483 272 911 273 549 335 2713 1505 3545 638 478 269 980 367 613 313 1376 2552
is_linear=0
shrinkage=0.02


Tree=32
num_leaves=31
num_cat=0
split_feature=0 11 0 0 11 0 1 12 3 2 11 12 1 3 0 3 2 3 0 0 4 2 1 11 11 2 2 4 12 6
split_gain=6643.05 1280.3 568.146 363.162 296.392 283.378 136.978 133.466 130.767 119.726 108.444 98.9788 110.2 104.637 98.5288 88.0145 128.638 85.307 73.7838 63.077 61.0929 60.2753 58.4786 58.0486 75.4034 55.6673 54.9603 53.9677 53.1832 50.2579
threshold=0.17963059322415706 0.62062500000000009 0.24990277573044953 0.11908888220116164 0.76332720588235314 0.11629588065907433 0.10697962253704653 68.393382352941188 74.387988859686985 0.4911461438772054 0.74645833333333345 70.393382352941188 0.41378362117153761 69.187405805224913 0.28610544383938002 70.647362318645207 0.84322909641437727 61.504077024155848 0.063927520952964181 0.2133450483896138 -0.19504823521681319 0.91816227685079244 0.30235136512970157 0.78029411764705892 0.89181985294117661 0.94451845047667427 0.81598590113266189 -0.36247156279359066 70.187500000000014 4.5000000000000009
decision_type=10 2 10 8 2 10 10 2 8 10 2 2 10 10 10 10 10 10 8 10 2 10 10 2 2 10 10 2 2 2
left_child=1 5 4 26 15 18 -7 14 9 -5 -10 12 -9 -13 20 19 22 -6 -1 -2 27 28 -17 -12 -25 29 -3 -4 -11 -19
right_child=2 3 7 8 17 6 -8 11 10 21 23 13 -14 -15 -16 16 -18 25 -20 -21 -22 -23 -24 24 -26 -27 -28 -29 -30 -31
leaf_value=-0.021584278913896259 0.0025404897476996127 -0.01104912120707561 0.016935114149716407 -0.017991871932920601 0.00893674185056062 -0.014643671547840124 -0.0035762829244235382 0.056176799494143004 0.0018380234064178842 0.00024569018035059331 0.030871285746030718 0.040353997875418927 0.032865452892609247 0.015136298131650296 0.037619413410501526 0.0018774785086412558 0.035629332161763998 0.01943182915297309 -0.015389284657126568 0.013456855070673757 0.0091842533769302594 0.015371970914022409 0.021004470981798869 0.0078512382270260299 0.028013465045907786 0.033648628229865939 0.0038824660267244588 0.034687757745817088 0.0089094695009169032 0.027893589277906965
leaf_weight=984 611 883 136 112 168 702 1233 201 262 1256 107 171 136 107 203 149 113 802 3520 324 129 152 112 242 107 205 111 138 366 432
leaf_count=984 611 883 136 112 168 702 1233 201 262 1256 107 171 136 107 203 149 113 802 3520 324 129 152 112 242 107 205 111 138 366 432
internal_value=0.000137319 -0.00865308 0.0214642 0.000902644 0.0166681 -0.0139926 -0.00759143 0.0329181 0.00482839 0.00206304 0.0120922 0.0394819 0.0467693 0.0306479 0.0262568 0.00960322 0.0178031 0.022423 -0.0167427 0.00632327 0.0205331 0.0033292 0.0100852 0.0179839 0.0140328 0.0239974 -0.00938171 0.0258762 0.00220065 0.0223941
internal_weight=14174 10037 4137 3598 2916 6439 1935 1221 2604 1886 718 615 337 278 606 1309 374 1607 4504 935 403 1774 261 456 349 1439 994 274 1622 1234
internal_count=14174 10037 4137 3598 2916 6439 1935 1221 2604 1886 718 615 337 278 606 1309 374 1607 4504 935 403 1774 261 456 349 1439 994 274 1622 1234
is_linear=0
shrinkage=0.02


Tree=33
num_leaves=31
num_cat=0
split_feature=0 11 9 9 0 0 9 2 1 2 12 9 4 0 3 12 4 0 7 0 8 0 4 0 3 2 9 2 9 11
split_gain=6379.98 1229.6 836.532 359.524 272.156 266.855 255.016 139.04 131.553 103.873 101.456 101.506 87.5765 85.0421 81.1374 72.749 81.9135 78.7391 71.0252 70.9361 65.777 67.7438 62.3845 76.7085 62.0813 60.3236 59.7303 59.5408 59.6004 52.9237
threshold=0.17963059322415706 0.62062500000000009 0.19441960082846924 0.23921437876062282 0.11629588065907433 0.11908888220116164 0.25321706388613047 0.68335286890044677 0.10697962253704653 0.89723557882709437 69.031250000000014 0.20717961914565108 -0.44871318066123927 0.23859560815624956 65.916260401855666 68.718750000000014 -0.34843691917316449 0.21458873723244845 1.0000000180025095e-35 0.070067543141454428 6.5000000000000009 0.19620062537501246 -0.46276444852573262 0.26553691660835571 60.000348848379041 0.91001600994976262 0.086113176897272478 0.9147934690931544 0.12956490331184708 0.81118055555555568
decision_type=10 2 2 2 10 8 2 8 10 10 2 2 2 10 10 2 2 10 2 8 2 10 2 10 8 10 2 10 2 2
left_child=1 4 7 5 19 -3 9 -2 -6 15 24 -12 -8 14 -9 16 -4 -17 25 -1 -16 -22 -11 -24 -7 -15 -21 28 -26 -19
right_child=2 3 6 -5 8 10 12 13 -10 22 11 -13 -14 18 20 17 -18 29 -20 26 21 -23 23 -25 27 -27 -28 -29 -30 -31
leaf_value=-0.020367514793952247 -0.004349486233271989 -0.0091416361109064575 0.0074130121104833161 0.033538219507926931 -0.014350798133166342 -0.01435794823008393 0.053457914046641138 0.0039197843933554766 -0.0035047572946296031 0.019003486095563224 0.0061533755387991988 0.027145788603950116 0.035927381879441639 0.0098178909936142925 0.0070068065320245104 0.017269111781767228 0.022418062282218688 0.044490264516751303 0.035768066203594205 -0.018358131369519793 0.0097941572494948132 0.024473694149322763 0.030110539414576795 0.048567148512665879 -0.011865520853625269 0.028328004031006351 -0.012717025714354331 0.01579870320182471 0.0015895418178354967 0.025744197755551139
leaf_weight=1291 203 986 225 130 702 109 148 461 1233 115 752 105 496 199 306 164 412 122 100 1196 208 318 304 128 147 109 2017 105 1264 119
leaf_count=1291 203 986 225 130 702 109 148 461 1233 115 752 105 496 199 306 164 412 122 100 1196 208 318 304 128 147 109 2017 105 1264 119
internal_value=0.000134572 -0.00848001 0.0210349 0.000884591 -0.0137128 -0.000339449 0.0293395 0.0112953 -0.0074396 0.0250367 0.00315731 0.00872537 0.0399561 0.0131624 0.0106504 0.0213317 0.017118 0.0279593 0.0211233 -0.0164079 0.0143797 0.0186689 0.0320943 0.0355792 0.000220798 0.0163685 -0.0148169 0.00126901 0.000187774 0.0352339
internal_weight=14174 10037 4137 3598 6439 3468 2233 1904 1935 1589 2482 857 644 1701 1293 1042 637 405 408 4504 832 526 547 432 1625 308 3213 1516 1411 241
internal_count=14174 10037 4137 3598 6439 3468 2233 1904 1935 1589 2482 857 644 1701 1293 1042 637 405 408 4504 832 526 547 432 1625 308 3213 1516 1411 241
is_linear=0
shrinkage=0.02


Tree=34
num_leaves=31
num_cat=0
split_feature=0 11 9 9 0 0 9 0 8 10 0 12 9 4 8 7 12 5 0 1 11 5 12 9 5 9 12 5 0 9
split_gain=6127.34 1180.91 803.406 345.287 261.696 256.288 244.917 110.129 107.895 107.42 98.2998 97.4384 97.4862 84.1085 77.3472 75.5781 75.1856 74.7221 73.6181 69.7059 83.9835 73.0747 69.2268 66.1445 65.6496 65.2842 64.3496 77.563 71.7731 71.4621
threshold=0.17963059322415706 0.62062500000000009 0.19441960082846924 0.23921437876062282 0.12000062703473809 0.11908888220116164 0.25321706388613047 0.23859560815624956 5.5000000000000009 0.063238642058389791 0.26737003982263091 69.031250000000014 0.20717961914565108 -0.44871318066123927 4.5000000000000009 1.0000000180025095e-35 71.205882352941188 0.74327904388642729 0.070067543141454428 0.37089353563381261 0.87775000000000014 0.33823658507096377 69.152573529411782 0.099916175436698951 0.22547012087313223 0.15340336129385571 64.545955882352956 0.35444145703362889 0.19509235860341859 0.17339103273247872
decision_type=10 2 2 2 10 8 2 10 2 2 10 2 2 2 2 2 2 2 8 10 2 2 2 2 2 2 2 2 10 2
left_child=1 4 7 5 18 -3 10 8 25 -6 19 -7 -13 -8 -12 22 -11 26 -1 -4 21 -21 -9 -20 -15 -2 -10 29 -29 -28
right_child=2 3 6 -5 9 11 13 15 17 16 14 12 -14 24 -16 -17 -18 -19 23 20 -22 -23 -24 -25 -26 -27 27 28 -30 -31
leaf_value=-0.019960164354809674 -0.0069599372358459376 -0.0089588033200031936 0.024837221595447542 0.032867455223431957 -0.013665999031315249 0.00021638206887578308 0.052388756033284842 0.0067466791219670669 0.0026058262989773779 -0.0053011196970833086 0.02143278776786544 0.006030308134120671 0.026602873243391514 0.023720348276407788 0.042466148326154023 0.034828072358460097 0.0094081558273346327 -0.0022255236544374995 -0.016443884185745716 0.010457492889584721 0.00038451739141474601 0.034029316779598598 0.02527172141889698 -0.010639780581081651 0.039817209845029955 0.0080944749223201568 0.0055295691051388289 0.012075493154385367 0.031703342723650572 0.023628966722786426
leaf_weight=1291 234 986 961 130 600 1625 148 176 158 979 110 752 105 142 192 104 162 127 2179 111 115 100 149 1228 354 227 289 121 194 125
leaf_count=1291 234 986 961 130 600 1625 148 176 158 979 110 752 105 142 192 104 162 127 2179 111 115 100 149 1228 354 227 289 121 194 125
internal_value=0.000131881 -0.00831041 0.0206142 0.000866899 -0.0134385 -0.00033266 0.0287527 0.0110694 0.00847536 -0.00681521 0.0245359 0.00309416 0.00855087 0.039157 0.034805 0.0199884 -0.00321269 0.0121226 -0.015893 0.0221263 0.0141348 0.021629 0.0152397 -0.0143519 0.0352088 0.000452973 0.014177 0.0166848 0.0241638 0.0109944
internal_weight=14174 10037 4137 3598 6439 3468 2233 1904 1475 1741 1589 2482 857 644 302 429 1141 1014 4698 1287 326 211 325 3407 496 461 887 729 315 414
internal_count=14174 10037 4137 3598 6439 3468 2233 1904 1475 1741 1589 2482 857 644 302 429 1141 1014 4698 1287 326 211 325 3407 496 461 887 729 315 414
is_linear=0
shrinkage=0.02


Tree=35
num_leaves=31
num_cat=0
split_feature=0 0 9 9 9 0 2 1 9 2 11 1 2 2 3 10 1 2 12 12 12 5 4 11 11 9 3 2 5 2
split_gain=5900.88 1247.75 727.138 593.264 363.1 210.794 147.522 143.605 114.017 113.268 84.5384 113.786 84.7233 80.6143 72.756 71.5735 69.2302 68.2021 68.3417 66.388 64.4781 91.8693 82.5476 62.2986 58.3732 56.1611 66.592 64.5829 57.1436 55.0168
threshold=0.17963059322415706 0.12796891659084333 0.19523313045340213 0.23921437876062282 0.13290669823902454 0.26141096259997415 0.50892173407617081 0.11056724117329313 0.26995950712171729 0.7114175378045472 0.8716666666666667 0.34029962181846324 0.84712379567259488 0.55981667764893051 68.174241339038517 0.34575024169578494 0.48839648225286408 0.92077717351920607 69.906250000000014 69.272058823529434 68.393382352941188 0.25793081581240979 -0.19860788130996329 0.88088888888888894 0.80613095238095245 0.12047562375711822 61.403154128629005 0.94451845047667427 0.53407084423763462 0.82274787089245693
decision_type=10 8 2 2 2 10 10 10 2 10 2 10 10 8 10 2 10 10 2 2 2 2 2 2 2 2 10 10 2 10
left_child=1 6 9 4 7 8 -1 -3 10 19 12 14 15 -6 -12 -4 20 18 23 -2 22 -22 -7 -15 -14 -11 -27 28 -28 -8
right_child=2 3 5 -5 13 16 29 -9 -10 25 11 -13 24 17 -16 -17 -18 -19 -20 -21 21 -23 -24 -25 -26 26 27 -29 -30 -31
leaf_value=-0.01598982328233161 -0.0039317796154979432 -0.013860130522329853 0.015304453579551198 0.041852993014499663 -0.0094516179104692042 0.040758669403414549 -0.010372626410455641 -0.0023651397187887135 0.042319786904485727 0.0048636341542005537 0.033851248022241917 0.0054855825146258776 0.042079437782367071 0.0036218115521186346 0.014840665319229148 0.032871144092713411 0.022465709657006134 0.019278552753114426 0.010792540343902868 0.013520223463690558 0.059909909033074471 0.037616059502417393 0.018183428225293757 -0.0092277977804050733 0.026447067851208907 0.0024189582847590958 0.018641538161898341 0.031903436897709123 0.0083106814004411285 0.00035318451625931317
leaf_weight=4234 269 848 324 133 162 184 1423 892 123 240 153 232 165 1345 170 130 110 129 487 129 118 198 100 170 227 140 703 106 308 221
leaf_count=4234 269 848 324 133 162 184 1423 892 123 240 153 232 165 1345 170 130 110 129 487 129 118 198 100 170 227 140 703 106 308 221
internal_value=0.000193225 -0.00808098 0.0203207 0.000292295 -0.00107829 0.0280506 -0.0140155 -0.0079673 0.0238574 0.0112078 0.0222365 0.0161708 0.0262157 0.0041493 0.0238457 0.0203346 0.0370514 0.00518325 0.00427501 0.00172477 0.0397255 0.045941 0.0328096 0.00217994 0.033027 0.013729 0.0154217 0.0170514 0.0154943 -0.00893077
internal_weight=14173 10044 4129 4166 4033 2234 5878 1740 1524 1895 1401 555 846 2293 323 454 710 2131 2002 398 600 316 284 1515 392 1497 1257 1117 1011 1644
internal_count=14173 10044 4129 4166 4033 2234 5878 1740 1524 1895 1401 555 846 2293 323 454 710 2131 2002 398 600 316 284 1515 392 1497 1257 1117 1011 1644
is_linear=0
shrinkage=0.02


Tree=36
num_leaves=31
num_cat=0
split_feature=0 0 9 9 9 0 2 1 9 2 11 1 2 2 8 10 1 2 12 12 8 10 12 5 4 11 11 4 9 9
split_gain=5667.2 1198.34 698.343 569.771 348.721 202.446 141.68 137.918 109.502 108.783 81.1907 109.28 81.3683 77.422 69.1906 68.7392 66.4887 65.5013 65.6354 63.759 62.4059 75.5548 61.9247 88.2312 79.2787 59.8316 56.0616 55.0443 54.8702 53.6737
threshold=0.17963059322415706 0.12796891659084333 0.19523313045340213 0.23921437876062282 0.13290669823902454 0.26141096259997415 0.50892173407617081 0.11056724117329313 0.26995950712171729 0.7114175378045472 0.8716666666666667 0.34029962181846324 0.84712379567259488 0.55981667764893051 7.5000000000000009 0.34575024169578494 0.48839648225286408 0.92077717351920607 69.906250000000014 69.272058823529434 2.5000000000000004 0.22564410821399367 68.393382352941188 0.25793081581240979 -0.19860788130996329 0.88088888888888894 0.80613095238095245 -0.30308556635529876 0.12047562375711822 0.1781525224237997
decision_type=10 8 2 2 2 10 10 10 2 10 2 10 10 8 2 2 10 10 2 2 2 2 2 2 2 2 2 2 2 2
left_child=1 6 9 4 7 8 -1 -3 10 19 12 27 15 -6 -11 -4 22 18 25 -2 21 -8 24 -24 -7 -15 -14 -12 -16 -20
right_child=2 3 5 -5 13 16 20 -9 -10 14 11 -13 26 17 28 -17 -18 -19 29 -21 -22 -23 23 -25 -26 -27 -28 -29 -30 -31
leaf_value=-0.015670026905520568 -0.0038531440532451229 -0.013582927932224747 0.01499836439571493 0.04101593283684294 -0.0092625855146274902 0.039943495655391847 -0.0091254729628056086 -0.0023178369166160363 0.041473391263346315 0.0088787652424369493 0.014557041004192185 0.0053758707660218254 0.041237848895855925 0.0035493752723525121 0.0055561912683553469 0.032213721269025254 0.022016395549374547 0.018892981640474742 0.005080899818233218 0.013249818839768106 -0.010433362350675841 0.012734549925452822 0.058711710734040301 0.036863738332752777 0.017819760250858963 -0.0090432420219568651 0.025918126231395857 0.031104637991459662 0.019807345877602897 0.018598321962800594
leaf_weight=4234 269 848 324 133 162 184 147 892 123 702 151 232 165 1345 129 130 110 129 289 129 1386 111 118 198 100 170 227 172 666 198
leaf_count=4234 269 848 324 133 162 184 147 892 123 702 151 232 165 1345 129 130 110 129 289 129 1386 111 118 198 100 170 227 172 666 198
internal_value=0.000189361 -0.00791936 0.0199142 0.000286449 -0.00105672 0.0274896 -0.0137352 -0.00780795 0.0233802 0.0109837 0.0217917 0.0158474 0.0256914 0.00406632 0.0134545 0.0199279 0.0363104 0.00507959 0.00418951 0.00169028 -0.00875216 0.000279421 0.038931 0.0450222 0.0321534 0.00213634 0.0323665 0.0233688 0.0174949 0.0105767
internal_weight=14173 10044 4129 4166 4033 2234 5878 1740 1524 1895 1401 555 846 2293 1497 454 710 2131 2002 398 1644 258 600 316 284 1515 392 323 795 487
internal_count=14173 10044 4129 4166 4033 2234 5878 1740 1524 1895 1401 555 846 2293 1497 454 710 2131 2002 398 1644 258 600 316 284 1515 392 323 795 487
is_linear=0
shrinkage=0.02


Tree=37
num_leaves=31
num_cat=0
split_feature=0 0 9 9 9 1 0 2 9 2 3 1 4 12 2 9 12 5 4 3 0 10 2 3 9 2 5 9 9 0
split_gain=5442.78 1154.22 670.689 582.437 313.555 234.478 194.429 128.1 105.166 104.475 79.9375 63.8557 61.3537 61.2342 59.57 77.4689 59.4725 84.7373 76.1393 58.1556 57.1565 57.0702 54.3938 53.3368 63.6893 61.9896 54.8426 51.4305 49.7192 49.616
threshold=0.17963059322415706 0.11908888220116164 0.19523313045340213 0.16520846013390142 0.241808440351819 0.08232503141300275 0.26141096259997415 0.82721391847073311 0.26995950712171729 0.7114175378045472 74.265673525042217 0.48839648225286408 -0.28997004224071465 69.272058823529434 0.90030126512308295 0.25321706388613047 68.393382352941188 0.25793081581240979 -0.19860788130996329 86.177256265367461 0.066664977645860726 0.010997591742597764 0.55233271709070575 61.403154128629005 0.11951712196998847 0.94451845047667427 0.53407084423763462 0.21301297894066984 0.05922793829770575 0.14525153369233676
decision_type=10 8 2 2 2 10 10 10 2 10 8 10 2 2 10 2 2 2 2 8 10 2 8 10 2 10 2 2 2 10
left_child=1 7 9 5 10 19 8 20 14 13 12 16 -5 -2 15 -4 18 -18 -8 -3 -1 -22 -7 -11 -25 26 -26 -12 -23 -24
right_child=2 3 6 4 -6 22 11 -9 -10 23 27 -13 -14 -15 -16 -17 17 -19 -20 -21 21 28 29 24 25 -27 -28 -29 -30 -31
leaf_value=-0.018339655598304107 -0.0037760811233996899 -0.015942143245231386 0.016579599074417316 0.0092507629506445831 0.040049759284743386 -0.010058770238494903 0.039144626008144216 0.0041057184978067329 0.040643923435117899 0.0023482154381036023 0.010261876875499509 0.021576067847623066 -0.00054116706781346226 0.012984822673159977 0.027470963087494242 0.034703998311229473 0.057537476741787739 0.036126463513520328 0.017463364577293396 -0.0067186775387866274 -0.019194150619058801 -0.02393327082403832 -0.0037829818282504521 0.0045849675427658762 0.017980399381042594 0.030976444931243949 0.0078618644343011763 0.027034364969718575 -0.011905910131724838 0.002808296254402958
leaf_weight=1327 269 745 857 478 124 255 184 148 123 162 265 110 551 129 438 106 118 198 100 432 596 144 841 217 704 106 308 101 3037 1000
leaf_count=1327 269 745 857 478 124 255 184 148 123 162 265 110 551 129 438 106 118 198 100 432 596 144 841 217 704 106 308 101 3037 1000
internal_value=0.000185573 -0.00776098 0.019516 -0.000663152 0.0095719 -0.00541324 0.0269398 -0.0142371 0.0229126 0.010764 0.00686276 0.0355842 0.00400747 0.00165647 0.0213559 0.0185746 0.0381523 0.0441217 0.0315104 -0.0125568 -0.014769 -0.0135145 -0.0014018 0.0131854 0.0145004 0.016425 0.0149008 0.0148904 -0.0124504 -0.000202711
internal_weight=14173 10044 4129 4792 1519 3273 2234 5252 1524 1895 1395 710 1029 398 1401 963 600 316 284 1177 5104 3777 2096 1497 1335 1118 1012 366 3181 1841
internal_count=14173 10044 4129 4792 1519 3273 2234 5252 1524 1895 1395 710 1029 398 1401 963 600 316 284 1177 5104 3777 2096 1497 1335 1118 1012 366 3181 1841
is_linear=0
shrinkage=0.02


Tree=38
num_leaves=31
num_cat=0
split_feature=0 0 9 9 9 1 0 2 8 0 9 9 11 1 2 8 12 2 0 1 12 4 0 2 8 11 4 2 9 4
split_gain=5227.25 1108.52 644.13 559.372 301.138 225.192 186.73 123.027 114.688 102.132 101.001 98.6738 78.8483 105.219 76.8714 65.6344 92.9373 79.9392 66.6023 61.327 57.1174 73.1241 54.8931 54.7003 54.1321 53.9151 52.9068 52.2398 51.0405 49.6229
threshold=0.17963059322415706 0.11908888220116164 0.19523313045340213 0.16520846013390142 0.241808440351819 0.08232503141300275 0.26141096259997415 0.82721391847073311 2.5000000000000004 0.19509235860341859 0.26995950712171729 0.19830046010628816 0.8716666666666667 0.34029962181846324 0.84712379567259488 7.5000000000000009 68.968750000000014 0.73109577151947913 0.22736599430097151 0.48839648225286408 68.393382352941188 -0.19860788130996329 0.066664977645860726 0.70945526863306518 1.0000000180025095e-35 0.80613095238095245 -0.30308556635529876 0.55233271709070575 0.22368588609833748 -0.43884663171299898
decision_type=10 8 2 2 2 10 10 10 2 10 2 2 2 10 10 2 2 8 10 10 2 2 10 10 2 2 2 8 2 2
left_child=1 7 9 5 8 24 10 22 11 23 12 -5 14 26 28 16 -11 -17 -18 20 21 -8 -1 -2 -3 -16 -14 -7 -4 -10
right_child=2 3 6 4 -6 27 19 -9 29 15 -12 -13 13 -15 25 17 18 -19 -20 -21 -22 -23 -24 -25 -26 -27 -28 -29 -30 -31
leaf_value=-0.017972862586861905 -0.0070347360001001141 -0.006642088163991422 0.012724645692318426 0.0066666490065329003 0.039248764075398929 -0.0098575948698756601 0.038361733146416756 0.004023604261204349 0.011488163917207382 0.0029421023184211179 0.039831044922878103 0.02612424517462128 0.013812196746295849 0.0047956743206555861 0.039959662310553319 0.0021479287094998737 0.0080310366761684425 0.020645860366083211 0.028555640833437791 0.021144546290520917 0.043239280945161662 0.017114097639918328 -0.013244232613334928 0.0071581985486445119 -0.015553906905977804 0.024936092534155834 0.030035320813226147 -0.00019865707452293012 0.026147075824166113 0.00056701369723121536
leaf_weight=1327 151 429 236 231 124 255 184 148 213 402 123 190 151 232 165 111 125 591 128 110 316 100 3777 387 748 227 172 1841 218 761
leaf_count=1327 151 429 236 231 124 255 184 148 213 402 123 190 151 232 165 111 125 591 128 110 316 100 3777 387 748 227 172 1841 218 761
internal_value=0.000181862 -0.00760576 0.0191256 -0.000649889 0.00938046 -0.00530498 0.026401 -0.0139524 0.0067255 0.0105487 0.0224544 0.015448 0.0209288 0.0150708 0.0247718 0.0134723 0.00891867 0.017721 0.018415 0.0348725 0.0373893 0.0308802 -0.0144736 0.00317468 -0.0123057 0.0312598 0.0224511 -0.00137377 0.0191698 0.00295531
internal_weight=14173 10044 4129 4792 1519 3273 2234 5252 1395 1895 1524 421 1401 555 846 1357 655 702 253 710 600 284 5104 538 1177 392 323 2096 454 974
internal_count=14173 10044 4129 4792 1519 3273 2234 5252 1395 1895 1524 421 1401 555 846 1357 655 702 253 710 600 284 5104 538 1177 392 323 2096 454 974
is_linear=0
shrinkage=0.02


Tree=39
num_leaves=31
num_cat=0
split_feature=0 0 9 9 9 1 0 2 0 9 2 3 2 1 3 4 2 9 10 0 3 0 9 9 9 5 5 9 5 4
split_gain=5020.25 1064.62 618.622 537.221 289.213 216.275 179.335 118.155 98.7804 97.0014 92.239 74.1046 61.9567 58.8985 58.585 57.8135 57.1048 74.235 55.139 55.3834 53.6946 50.9881 47.8995 47.7503 46.5674 52.1724 73.7647 52.9754 46.0251 43.5962
threshold=0.17963059322415706 0.11908888220116164 0.19523313045340213 0.16520846013390142 0.241808440351819 0.08232503141300275 0.26141096259997415 0.82721391847073311 0.23535236013560995 0.26995950712171729 0.68335286890044677 74.265673525042217 0.88756436421118978 0.48839648225286408 64.119023022307772 -0.28997004224071465 0.90030126512308295 0.24916578200522585 0.010997591742597764 0.066664977645860726 86.177256265367461 0.14525153369233676 0.21301297894066984 0.05922793829770575 0.14312848762340824 0.69724930170268784 0.15365856610342718 0.17066530919392683 0.58927134111893753 -0.34133456380747534
decision_type=10 8 2 2 2 10 10 10 10 2 10 8 8 10 10 2 10 2 2 10 8 10 2 2 2 2 2 2 2 2
left_child=1 7 8 5 11 20 9 18 10 16 -2 15 -10 28 -12 29 17 -4 -1 -20 -3 -7 -13 -21 -16 26 -26 -28 -8 -5
right_child=2 3 6 4 -6 21 13 -9 12 -11 14 22 -14 -15 24 -17 -18 -19 19 23 -22 -23 -24 -25 25 -27 27 -29 -30 -31
leaf_value=-0.018949426070732231 -0.0028642334669939208 -0.015312461498799741 0.015603162604250121 0.0056683626232316361 0.038463789376753169 -0.0045685708356933497 0.040067308398450761 0.0039431321400066688 0.011740689349922348 0.039034424327253327 0.0017411253265746604 0.009853399870108883 0.026184578705404964 0.020721655746413901 0.0060741644578852826 -0.00057360566219487341 0.026497402462478916 0.031906240833995417 -0.017130356682994501 -0.023189720643891229 -0.0064498119462277157 0.0016734794859014051 0.026039882134092918 -0.01140290726237502 0.0061641352703349275 0.0027884874173540477 0.031587988603186894 0.016064846451558611 0.02768492765993957 0.020111302887951887
leaf_weight=816 269 745 834 370 124 1014 434 148 267 123 257 265 214 110 294 551 438 129 1107 144 432 1082 101 3037 139 102 166 187 166 108
leaf_count=816 269 745 834 370 124 1014 434 148 267 123 257 265 214 110 294 551 438 129 1107 144 432 1082 101 3037 139 102 166 187 166 108
internal_value=0.000178225 -0.00745364 0.0187431 -0.000636891 0.00919286 -0.00519888 0.025873 -0.0136733 0.0103377 0.0220053 0.00767452 0.00659099 0.0181669 0.0341751 0.0101504 0.00384184 0.0205102 0.0177871 -0.0141842 -0.0132773 -0.0120596 -0.00134629 0.0143202 -0.0119365 0.0125842 0.0158064 0.0185052 0.0233647 0.0366415 0.00893162
internal_weight=14173 10044 4129 4792 1519 3273 2234 5252 1895 1524 1414 1395 481 710 1145 1029 1401 963 5104 4288 1177 2096 366 3181 888 594 492 353 600 478
internal_count=14173 10044 4129 4792 1519 3273 2234 5252 1895 1524 1414 1395 481 710 1145 1029 1401 963 5104 4288 1177 2096 366 3181 888 594 492 353 600 478
is_linear=0
shrinkage=0.02


Tree=40
num_leaves=31
num_cat=0
split_feature=0 0 9 9 0 2 9 2 10 9 11 1 10 12 9 10 3 3 2 0 12 3 2 12 2 3 4 10 4 12
split_gain=4793.8 853.412 699.302 339.828 229.471 222.043 202.909 131.095 115.591 112.724 109.461 94.5923 88.3734 79.8075 88.1961 74.5032 70.3279 69.4232 65.265 64.594 88.2969 60.6449 58.349 103.013 57.844 57.7163 55.4302 55.1131 55.1112 54.802
threshold=0.15522089145113635 0.21717116345947229 0.16929121725731897 0.23921437876062282 0.095884927890779667 0.67561680278615943 0.24453002781157659 0.76566976360887862 0.070116069137026199 0.15729406949921873 0.82571428571428573 0.45519377262699301 0.24232630141896913 68.27389705882355 0.19523313045340213 0.29250001934067105 67.000600794430582 70.900763590340787 0.28631848677325361 0.19509235860341859 67.272058823529434 73.186144315372431 0.89183281904880685 64.847426470588246 0.85322129698866556 65.415487688348648 -0.39425885158458968 0.26345361775914278 -0.27249054206310375 69.343750000000014
decision_type=10 10 2 2 8 10 2 8 2 2 2 10 2 2 2 2 10 10 8 10 2 8 10 2 10 10 2 2 2 2
left_child=2 5 4 7 -1 21 13 -4 -6 25 -8 17 -9 22 16 -16 -15 26 -10 -11 24 -2 -3 -24 -21 -7 -12 -22 -18 -14
right_child=1 6 3 -5 8 9 10 12 18 19 11 -13 29 14 15 -17 28 -19 -20 20 27 -23 23 -25 -26 -27 -28 -29 -30 -31
leaf_value=-0.015404507316834766 -0.003912535179113075 0.012301762001937881 -0.005883948754029659 0.040183317014523372 -0.013173592470324387 -0.0028919053529950895 0.016588846788383446 0.023268158433378719 -0.020941985343146112 0.010733916559902421 0.048338692813447798 0.019898429426408952 0.00024436539785634707 0.028581003004900452 0.043042264342410111 0.024680355704372881 0.00040267176152962561 0.053574880997812935 -0.0054320563358034903 0.018546043557334479 0.022978257808588549 0.012563236915291503 0.0063023611453344244 0.029990620655183015 0.037864717241525653 0.0084496860184282169 0.030454288103124675 0.0075010534122987998 0.020945079848893641 0.015672000132260784
leaf_weight=3248 635 573 487 101 1337 257 130 122 113 959 101 105 358 147 146 224 106 126 2739 123 144 104 106 239 125 595 221 255 103 124
leaf_count=3248 635 573 487 101 1337 257 130 122 113 959 101 105 358 147 146 224 106 126 2739 123 144 104 106 239 125 595 221 255 103 124
internal_value=0.000177673 0.0147255 -0.00913538 0.00508604 -0.0114148 0.00801882 0.0239397 0.00183689 -0.0083213 0.0109089 0.0331024 0.0369844 0.00806213 0.020133 0.0250882 0.0319259 0.0179816 0.0409889 -0.00604658 0.0140285 0.0189117 -0.00159389 0.0162143 0.0227125 0.0282833 0.00502857 0.036064 0.0130868 0.0105264 0.0042133
internal_weight=14153 5524 8629 1192 7437 3197 2327 1091 4189 2458 683 553 604 1644 726 370 356 448 2852 1606 647 739 918 345 248 852 322 399 209 482
internal_count=14153 5524 8629 1192 7437 3197 2327 1091 4189 2458 683 553 604 1644 726 370 356 448 2852 1606 647 739 918 345 248 852 322 399 209 482
is_linear=0
shrinkage=0.02


Tree=41
num_leaves=31
num_cat=0
split_feature=9 1 9 1 1 3 12 8 10 9 6 9 10 12 12 3 5 1 10 10 10 12 12 9 4 8 9 8 4 3
split_gain=4192.73 782.019 754.443 236.034 196.254 154.544 112.183 104.141 97.1572 95.4768 93.4235 109.626 126.738 91.5415 149.809 79.5494 68.9986 65.0582 64.7401 117.923 79.5907 69.1021 64.374 63.5353 60.8501 57.5077 56.4024 55.6881 59.9847 55.7851
threshold=0.16929121725731897 0.13679647269240819 0.24453002781157659 0.21470528698457189 0.26186761718343454 73.894836538412946 67.727941176470594 12.500000000000002 0.24232630141896913 0.12335753306497989 1.5000000000000002 0.1781525224237997 0.27163752248318895 71.406250000000014 69.272058823529434 60.176173335693093 0.28744572080397141 0.31493061620803481 0.31839039549319931 0.38644744800458214 0.41443078979843689 69.727941176470594 71.343750000000014 0.19830046010628816 -0.33054724970780369 5.5000000000000009 0.21017200212239126 5.5000000000000009 -0.12523421266774951 71.792550539176162
decision_type=2 10 2 8 10 8 2 2 2 2 2 2 2 2 2 10 2 10 2 2 2 2 2 2 2 2 2 2 2 10
left_child=1 9 3 7 6 18 -3 8 24 22 -5 -12 16 14 23 -6 -13 25 -4 21 -21 -20 -1 -14 -2 -18 -10 28 29 -17
right_child=2 4 5 10 15 -7 -8 -9 26 -11 11 12 13 -15 -16 27 17 -19 19 20 -22 -23 -24 -25 -26 -27 -28 -29 -30 -31
leaf_value=-0.012796415443344138 0.004485625686175233 -0.0083005930625640462 0.015241127258843997 -0.00047306057284860051 -0.0093553794584643676 0.049117073624797121 7.1283522192449073e-05 -0.010079137530732663 -0.0032420624297293688 -0.0070418535503695128 0.0063249194760094671 0.032846640821259758 0.0028754668101050262 0.00055749835262378295 0.027954703143028465 -0.0090363339606528634 0.022397148643187651 0.03035683584459823 0.04836405852853376 0.011026501578333623 0.030489306292073293 0.027666939285655438 -0.020015886918130055 0.014937629937725811 0.023719190208757499 0.0027835469630307858 0.010592376689813781 0.0091813843826579807 0.013468360533134653 0.0085797550027760169
leaf_weight=3794 109 1307 132 153 142 169 1255 188 349 1059 425 260 223 172 322 233 127 139 170 136 220 104 568 806 166 113 178 921 109 104
leaf_count=3794 109 1307 132 153 142 169 1255 188 349 1059 425 260 223 172 322 233 127 139 170 136 220 104 568 806 166 113 178 921 109 104
internal_value=0.000174119 -0.00745395 0.0157085 0.0116885 -0.000829512 0.0318143 -0.00419962 0.00331859 0.0064592 -0.0124287 0.0147127 0.0156108 0.0174362 0.0142996 0.0160491 0.00489229 0.0249119 0.0194685 0.0279768 0.0306452 0.0230541 0.0405082 -0.0137365 0.0123236 0.0160957 0.0131624 0.00143067 0.0063723 0.00057148 -0.00359991
internal_weight=14153 9492 4661 3730 4071 931 2562 990 802 5421 2740 2587 2162 1523 1351 1509 639 379 762 630 356 274 4362 1029 275 240 527 1367 446 337
internal_count=14153 9492 4661 3730 4071 931 2562 990 802 5421 2740 2587 2162 1523 1351 1509 639 379 762 630 356 274 4362 1029 275 240 527 1367 446 337
is_linear=0
shrinkage=0.02


Tree=42
num_leaves=31
num_cat=0
split_feature=0 0 9 9 0 2 9 2 10 11 2 0 1 10 12 0 5 1 3 2 2 12 3 9 1 12 11 11 12 11
split_gain=4460.61 793.606 640.486 314.971 215.831 207.949 184.131 123.492 106.399 104.352 103.86 102.658 90.4884 83.8237 74.8676 96.7332 68.2304 70.5855 65.0186 61.8294 59.1235 95.8808 58.091 57.7324 58.0653 54.819 60.3654 53.9081 68.573 51.4373
threshold=0.15522089145113635 0.21717116345947229 0.16929121725731897 0.23921437876062282 0.095884927890779667 0.67561680278615943 0.24453002781157659 0.76566976360887862 0.070116069137026199 0.82571428571428573 0.93898644378569596 0.19301489695625149 0.45519377262699301 0.24232630141896913 69.303308823529434 0.26553691660835571 0.52934940064702418 0.34718581055186476 70.900763590340787 0.28631848677325361 0.89183281904880685 64.847426470588246 73.186144315372431 0.14965322861576466 0.17059634698730855 64.727941176470594 0.85839583333333347 0.76209134615384622 69.303308823529434 0.26062500000000005
decision_type=10 10 2 2 8 10 2 8 2 2 10 10 10 2 2 10 2 10 10 8 10 2 8 2 10 2 2 2 2 2
left_child=2 5 4 7 -1 22 14 -4 29 -8 11 23 18 -9 20 16 17 -16 -11 -10 -3 -22 -2 -7 -25 -13 -27 -15 -29 -6
right_child=1 6 3 -5 8 10 9 13 19 12 -12 25 -14 27 15 -17 -18 -19 -20 -21 21 -23 -24 24 -26 26 -28 28 -30 -31
leaf_value=-0.014863711984471412 -0.0038355678236331996 0.012784969193497715 -0.0058243736462549028 0.038586551665079474 -0.0077709251312982463 0.00022181389253259206 0.015694151301174245 0.022520681558573834 -0.020309893597016293 0.034758568840876504 0.023237480048106211 0.027093836051091308 0.018896797537094071 -0.0081238896617319735 0.0352645878555874 0.038456436423699801 0.0078177383217600087 0.01458854610558416 0.051704854727944449 -0.0052137125165989048 0.0059590333264391386 0.028002900487252038 0.0122895611772457 0.021963100172897692 0.0068600765783932939 0.01595219750060612 0.0026366535949797093 0.0023713300208936432 0.021708438744639406 -0.01580391178320488
leaf_weight=3248 635 677 487 101 525 478 130 122 113 322 233 122 105 113 144 162 124 122 126 2739 106 309 104 117 785 541 182 268 101 812
leaf_count=3248 635 677 487 101 525 478 130 122 113 322 233 122 105 113 144 162 124 122 126 2739 106 309 104 117 785 541 182 268 101 812
internal_value=0.000170637 0.0142038 -0.00881294 0.00479729 -0.0109944 0.00773637 0.0230893 0.00166922 -0.00799424 0.0318177 0.0105332 0.00920284 0.035608 0.00771125 0.019463 0.025466 0.02007 0.0257816 0.0395247 -0.00581184 0.0164286 0.0223724 -0.00156627 0.00584121 0.00881912 0.0146928 0.0126003 0.0039628 0.00766414 -0.0126496
internal_weight=14153 5524 8629 1192 7437 3197 2327 1091 4189 683 2458 2225 553 604 1644 552 390 266 448 2852 1092 415 739 1380 902 845 723 482 369 1337
internal_count=14153 5524 8629 1192 7437 3197 2327 1091 4189 683 2458 2225 553 604 1644 552 390 266 448 2852 1092 415 739 1380 902 845 723 482 369 1337
is_linear=0
shrinkage=0.02


Tree=43
num_leaves=31
num_cat=0
split_feature=9 2 9 2 1 3 3 3 10 2 1 2 3 2 9 4 11 9 11 12 12 12 1 3 2 1 9 10 4 10
split_gain=3876.78 904.105 698.131 338.369 150.337 145.195 113.122 105.618 94.9007 94.589 89.6043 85.5264 72.6147 70.7397 70.2444 89.2992 66.1781 66.2158 62.9823 64.749 59.904 59.429 56.6567 52.2948 51.208 50.4861 50.2899 89.267 62.4923 50.0959
threshold=0.16929121725731897 0.67561680278615943 0.24453002781157659 0.80311065740224252 0.12158552473228898 73.894836538412946 62.262756099643056 71.196849915989915 0.22009972479927373 0.5293102073290773 0.26186761718343454 0.38932660466041219 61.403154128629005 0.53734157312081121 0.1781525224237997 -0.56371630519414373 0.88391544117647081 0.25976363944425623 0.74645833333333345 69.272058823529434 71.24264705882355 70.187500000000014 0.24190307261829999 72.625592157483993 0.88944279476424104 0.21470528698457189 0.13348734228405049 0.27852399744818707 -0.32204172170838913 0.27596905685906947
decision_type=2 10 2 10 8 8 10 8 2 8 8 10 10 8 2 2 2 2 2 2 2 2 10 10 10 10 2 2 2 2
left_child=1 4 3 7 11 16 24 13 -8 23 21 20 -12 -2 -10 -16 -4 -18 -9 -20 -1 22 -3 -6 -5 -17 -14 28 -28 -27
right_child=2 10 5 6 9 -7 8 18 14 -11 12 -13 26 -15 15 25 17 -19 19 -21 -22 -23 -24 -25 -26 29 27 -29 -30 -31
leaf_value=-0.013525553176734205 -0.012374002041151891 -0.00084901452507436153 0.02076361350908023 -0.0021719908914705622 -0.015442373058578745 0.047369157124376865 0.032843888403640852 0.0019547149697270419 0.0068386140495905988 -0.0048466514425566445 -0.0071268645872081086 -0.0067718205192521521 0.0035274936211413871 0.0032659810602620599 0.0031787501724677221 0.0095626819472926766 0.019703351421641153 0.037775254473090172 0.0094254260845078892 0.024681428032977286 -0.02117773862650334 0.0064937645993084891 -0.013897730289207351 -0.0014053231765200772 0.015648216903209687 0.030438843330270363 0.02553113427724521 -0.00067690163550760925 0.010401497974930222 0.020017014256626144
leaf_weight=3076 130 942 367 158 647 169 180 193 213 1903 126 674 401 1050 124 134 114 281 277 186 472 379 155 127 109 247 199 149 242 729
leaf_count=3076 130 942 367 158 647 169 180 193 213 1903 126 674 401 1050 124 134 114 281 277 186 472 379 155 127 109 247 199 149 242 729
internal_value=0.000167224 -0.00716781 0.0151048 0.0112378 -0.010952 0.0305979 0.0171686 0.00511956 0.0191487 -0.00724425 0.00290041 -0.0133029 0.00717416 0.00154293 0.017445 0.0192758 0.0268783 0.0325596 0.0115531 0.0155542 -0.0145435 -0.000333864 -0.00269273 -0.0131391 0.00510293 0.0210741 0.00899246 0.0127068 0.0172287 0.0226545
internal_weight=14153 9492 4661 3730 6899 931 1894 1836 1627 2677 2593 4222 1117 1180 1447 1234 762 395 656 463 3548 1476 1097 774 267 1110 991 590 441 976
internal_count=14153 9492 4661 3730 6899 931 1894 1836 1627 2677 2593 4222 1117 1180 1447 1234 762 395 656 463 3548 1476 1097 774 267 1110 991 590 441 976
is_linear=0
shrinkage=0.02


Tree=44
num_leaves=31
num_cat=0
split_feature=0 0 11 8 2 0 12 11 3 2 0 0 11 11 1 10 8 10 0 3 1 3 1 12 12 11 11 11 5 11
split_gain=4147.08 738.564 591.528 263.989 190.677 159.567 145.488 132.905 102.659 97.8329 96.5068 93.9545 85.1142 75.175 74.5181 94.5383 142.926 72.2813 64.1804 64.1644 61.5932 55.6686 53.4513 53.2487 53.1624 58.5611 52.3128 50.4264 46.6904 53.727
threshold=0.15522089145113635 0.21717116345947229 0.70710416666666676 2.5000000000000004 0.67561680278615943 0.097817786661374265 64.281250000000014 0.70710416666666676 73.002519460515259 0.93898644378569596 0.19301489695625149 0.27039491609131677 0.90806250000000011 0.84031250000000013 0.41378362117153761 0.32621640229011589 5.5000000000000009 0.070116069137026199 0.12286850167725531 69.549508663068096 0.44271269495219168 73.186144315372431 0.16897807854299357 65.849264705882362 64.727941176470594 0.85839583333333347 0.66418750000000004 0.88550000000000006 0.5686548796210914 0.26062500000000005
decision_type=10 10 2 2 10 8 2 2 10 10 10 10 2 2 10 2 2 2 8 10 10 8 10 2 2 2 2 2 2 2
left_child=2 4 5 18 21 -1 -3 19 11 10 22 14 20 -10 15 16 -9 28 -4 -8 -13 -2 -6 -19 -12 -26 -24 -20 29 -7
right_child=1 6 3 -5 9 17 7 8 13 -11 24 12 -14 -15 -16 -17 -18 23 27 -21 -22 -23 26 -25 25 -27 -28 -29 -30 -31
leaf_value=-0.014325986719758313 -0.0036736460720137583 0.0081968023661895158 -0.00016534835730607693 -0.0039151999629472491 0.016301388564780809 -0.0036286098948666748 0.019136021734504662 0.00063826002287778916 0.02513042854159836 0.022464096031347573 0.026377897541053963 0.031507969797123225 0.044551515806547919 0.045344297486969401 0.0092820772916619027 0.032181897069873483 0.024783268080543243 -0.011081425977876615 0.011895017750847701 0.00078650756323448399 0.013142346455937339 0.012111683732901628 -0.0032247968386769706 -0.0043359524121719456 0.015406456837334192 0.0022914239826131162 0.0064750777925077106 0.026549256278482813 -0.018272393553520398 -0.013598550592581145
leaf_weight=3271 635 261 130 1108 164 355 206 139 127 233 122 240 137 175 193 290 333 643 369 121 105 104 293 1721 541 182 923 126 353 553
leaf_count=3271 635 261 130 1108 164 355 206 139 127 233 122 240 137 175 193 290 333 643 369 121 105 104 293 1721 541 182 923 126 353 553
internal_value=0.00016388 0.0136949 -0.00849823 0.00194745 0.00745576 -0.0111233 0.0222667 0.0240441 0.0262438 0.0101339 0.00884274 0.0240161 0.0312146 0.0368438 0.020383 0.0231946 0.0176728 -0.00823334 0.0123408 0.0123461 0.0259184 -0.00145217 0.00558338 -0.0061707 0.0141657 0.012105 0.00413785 0.0156252 -0.0121002 -0.00970061
internal_weight=14153 5524 8629 1733 3197 6896 2327 2066 1739 2458 2225 1437 482 302 955 762 472 3625 625 327 345 739 1380 2364 845 723 1216 495 1261 908
internal_count=14153 5524 8629 1733 3197 6896 2327 2066 1739 2458 2225 1437 482 302 955 762 472 3625 625 327 345 739 1380 2364 845 723 1216 495 1261 908
is_linear=0
shrinkage=0.02


Tree=45
num_leaves=31
num_cat=0
split_feature=0 9 9 0 0 9 0 8 0 0 3 3 12 12 8 5 4 0 0 8 3 5 9 11 3 12 9 3 11 8
split_gain=4048.93 833.761 543.621 323.111 181.445 164.879 126.756 116.286 87.6418 83.2215 67.5459 66.5016 63.534 60.1449 86.8858 104.494 90.0614 58.3554 57.8755 57.3212 55.4723 53.2889 45.2696 41.5136 41.4792 50.3067 40.0009 38.9499 63.3219 55.522
threshold=0.17963059322415706 0.14592386900566548 0.19947594422384343 0.15522089145113635 0.095884927890779667 0.24325980392156865 0.27039491609131677 14.500000000000002 0.19620062537501246 0.098438505322859762 70.5616408344723 62.973566457028191 65.968750000000014 69.24264705882355 8.5000000000000018 0.21123274583846904 -0.27499694822195969 0.13267511867943707 0.24791153012762027 2.5000000000000004 72.000016009949775 0.25793081581240979 0.17678672716959729 0.78710416666666683 65.98718614178749 67.531250000000014 0.19741609458428683 68.528418503457331 0.90693750000000006 8.5000000000000018
decision_type=10 2 2 8 8 2 10 2 10 10 10 10 2 2 2 2 2 10 10 2 10 2 2 2 8 2 2 10 2 2
left_child=1 4 8 9 -1 24 7 11 23 -3 13 -4 -8 14 22 -16 -17 -6 -15 -11 -12 -14 -10 -2 25 -5 -21 -13 29 -29
right_child=2 3 6 5 17 -7 12 -9 10 19 20 27 21 18 15 16 -18 -19 -20 26 -22 -23 -24 -25 -26 -27 -28 28 -30 -31
leaf_value=-0.014432363641059036 -0.00036765356470694707 -0.011291072583467959 0.011875668696494182 -0.006609740448849542 -0.0097252717661132533 0.032897005652732875 0.017755374893693641 7.3967793642884435e-05 -0.0062459828906512565 0.01000853897600322 0.029960912288196626 0.027779782999768601 0.044782496434065601 0.010364435971793482 -0.0040193201966888022 0.0074266232811921349 0.032472035830777859 -0.004686118466254531 0.028040624411983624 -0.0008631776150746953 0.013714131634982153 0.030211588749237225 0.0095716421316879297 0.012441506799353103 0.0092519836707676446 0.009623284981685824 -0.010336654190153014 0.02923634619758644 0.010131089907778791 0.015266456311907282
leaf_weight=3024 445 457 211 168 2610 108 101 101 238 157 124 585 155 236 101 111 119 1419 108 805 261 285 104 131 917 140 229 322 169 176
leaf_count=3024 445 457 211 168 2610 108 101 101 238 157 124 585 155 236 101 111 119 1419 108 805 261 285 104 131 917 140 229 322 169 176
internal_value=-0.000149026 -0.00698155 0.016642 0.00188633 -0.0107296 0.00920763 0.0237161 0.0208296 0.00911357 -0.00403558 0.011812 0.0222625 0.0320608 0.00911099 0.0056337 0.0129383 0.0203849 -0.0079505 0.0159139 -0.00125156 0.0189469 0.0353445 -0.00143594 0.00254554 0.0071191 0.000768907 -0.00296127 0.024013 0.0207094 0.0242992
internal_weight=14117 10034 4083 2981 7053 1333 2105 1564 1978 1648 1402 1463 541 1017 673 331 230 4029 344 1191 385 440 342 576 1225 308 1034 1252 667 498
internal_count=14117 10034 4083 2981 7053 1333 2105 1564 1978 1648 1402 1463 541 1017 673 331 230 4029 344 1191 385 440 342 576 1225 308 1034 1252 667 498
is_linear=0
shrinkage=0.02


Tree=46
num_leaves=31
num_cat=0
split_feature=0 9 9 0 0 9 0 1 0 0 10 5 10 3 12 12 8 5 4 0 0 1 8 3 5 8 0 0 1 5
split_gain=3888.59 800.744 522.094 310.316 174.26 158.35 121.737 129.26 84.1712 79.926 76.099 72.9427 70.2104 64.8711 61.0181 57.7631 83.4451 100.356 86.4949 56.4307 55.5836 55.4441 55.0513 53.2756 49.0204 54.5034 58.994 78.4447 64.1469 62.5126
threshold=0.17963059322415706 0.14592386900566548 0.19947594422384343 0.15522089145113635 0.095884927890779667 0.24325980392156865 0.27039491609131677 0.41378362117153761 0.19620062537501246 0.098438505322859762 0.070116069137026199 0.35444145703362889 0.39586496333922766 70.5616408344723 65.968750000000014 69.24264705882355 8.5000000000000018 0.21123274583846904 -0.27499694822195969 0.13336836796383292 0.24791153012762027 0.41378362117153761 2.5000000000000004 72.000016009949775 0.8569696167017653 12.500000000000002 0.2259294287639057 0.23707979706112445 0.3382794331923572 0.27610175282096833
decision_type=10 2 2 8 8 2 10 10 10 10 2 2 2 10 2 2 2 2 2 10 10 10 2 10 2 2 10 10 10 2
left_child=1 4 8 9 -1 -5 7 12 -2 -3 -6 -9 24 15 -8 16 -10 -18 -19 -12 -17 -16 -11 -15 25 26 28 -28 -4 -29
right_child=2 3 6 5 10 -7 14 11 13 22 19 -13 -14 23 21 20 17 18 -20 -21 -22 -23 -24 -25 -26 -27 27 29 -30 -31
leaf_value=-0.014143716413330622 0.0024946301487337526 -0.011065251148373083 0.023327671081380369 0.0069767140108084645 -0.011491050044203336 0.03223906550280474 0.017400266935329627 -0.0059859031403348565 -0.0014072259415719899 0.0098083680187156241 -0.0081852604597577577 0.017645126873663125 0.033676301593862291 0.029361694080214346 0.041546132732965715 0.010157147131355133 -0.0039389338071393496 0.0072780906811759282 0.031822595047850573 -0.0021798466484691213 0.027479812592543937 0.027341737494429696 -0.0029020432791813005 0.013439849071861227 0.007548145369863978 0.012551236373885555 0.044738624621005293 0.035832313224036468 0.0053127226454786737 0.016882469720575354
leaf_weight=3024 576 457 364 1225 1433 108 101 105 342 157 1543 104 198 124 226 236 101 111 119 1053 108 214 1034 261 102 196 105 117 101 172
leaf_count=3024 576 457 364 1225 1433 108 101 105 342 157 1543 104 198 124 226 236 101 111 119 1053 108 214 1034 261 102 196 105 117 101 172
internal_value=-0.000146045 -0.00684192 0.0163091 0.0018486 -0.010515 0.00902348 0.0232418 0.0204131 0.0089313 -0.00395487 -0.00779149 0.00577308 0.0226712 0.0115758 0.0314196 0.00892877 0.00552103 0.0126795 0.0199772 -0.00574932 0.0155957 0.0346376 -0.00122653 0.0185679 0.0207878 0.0220679 0.0242393 0.0299333 0.0194147 0.0245542
internal_weight=14117 10034 4083 2981 7053 1333 2105 1564 1978 1648 4029 209 1355 1402 541 1017 673 331 230 2596 344 440 1191 385 1157 1055 859 394 465 289
internal_count=14117 10034 4083 2981 7053 1333 2105 1564 1978 1648 4029 209 1355 1402 541 1017 673 331 230 2596 344 440 1191 385 1157 1055 859 394 465 289
is_linear=0
shrinkage=0.02


Tree=47
num_leaves=31
num_cat=0
split_feature=0 9 9 0 0 9 0 1 2 0 0 10 12 12 10 10 12 10 1 2 0 1 11 11 12 2 11 12 2 2
split_gain=3734.6 769.035 501.419 298.027 167.359 152.079 116.916 124.141 86.564 80.838 76.7609 73.0855 61.9759 105.204 60.9986 85.7222 58.6018 57.9476 56.8606 54.6849 54.196 53.2485 47.1353 63.8248 42.3662 41.1002 39.8696 39.6078 47.5253 53.135
threshold=0.17963059322415706 0.14592386900566548 0.19947594422384343 0.15522089145113635 0.095884927890779667 0.24325980392156865 0.27039491609131677 0.41378362117153761 0.83814199477233009 0.19620062537501246 0.098438505322859762 0.070116069137026199 69.272058823529434 70.187500000000014 0.15435658968965846 0.27163752248318895 65.968750000000014 0.36010130116919736 0.33362123325606258 0.91989913731649653 0.13336836796383292 0.41378362117153761 0.91696691176470602 0.9364583333333335 67.66727941176471 0.86000763421815007 0.78710416666666683 72.218750000000014 0.832774148641242 0.88756436421118978
decision_type=10 2 2 8 8 2 10 10 10 10 10 2 2 2 2 2 2 2 10 8 10 10 2 2 2 8 2 2 10 10
left_child=1 4 9 10 -1 27 7 8 17 26 -3 -6 14 -14 -11 -16 -8 18 24 -12 -13 -18 -10 -24 -4 -15 -2 28 -5 -30
right_child=2 3 6 5 11 -7 16 -9 22 12 19 20 13 25 15 -17 21 -19 -20 -21 -22 -23 23 -25 -26 -27 -28 -29 29 -31
leaf_value=-0.013860842074925406 -0.00041019311905158369 -0.010843946189421924 0.0079483133769650566 0.0034289797881885478 -0.011261228998734329 0.031594284214079379 0.017052261495944295 0.0056576166935621555 0.029432363968278311 -0.0042304928834313782 -0.0025622158443302178 -0.0080215552338137649 0.033880897786533623 0.0054237819137295511 0.013929129254015569 -0.0021937075504184474 0.040715210275534972 0.027671443361375069 -0.00039041140354147147 0.012300317687999218 -0.0021362497511516316 0.026794902945511807 0.0072425104806629519 0.029295356625093603 0.022605868067012681 0.018510245611514761 0.012142783858962643 0.017956779209961152 0.023576968193187248 0.0050950187199882103
leaf_weight=3024 445 457 132 857 1433 108 101 209 580 134 1082 1543 114 191 601 169 226 135 102 109 1053 214 104 106 196 193 131 116 112 140
leaf_count=3024 445 457 132 857 1433 108 101 209 580 134 1082 1543 114 191 601 169 226 135 102 109 1053 214 104 106 196 193 131 116 112 140
internal_value=-0.000143124 -0.00670508 0.0159829 0.00181163 -0.0103047 0.00884301 0.022777 0.0200048 0.0222177 0.00875268 -0.00387577 -0.00763566 0.0113442 0.0170097 0.00822321 0.0103905 0.0307912 0.0162403 0.0126514 -0.001202 -0.00563433 0.0339449 0.0264928 0.0183739 0.0167071 0.0120011 0.00244474 0.00683718 0.00567408 0.0133092
internal_weight=14117 10034 4083 2981 7053 1333 2105 1564 1355 1978 1648 4029 1402 498 904 770 541 565 430 1191 2596 440 790 210 328 384 576 1225 1109 252
internal_count=14117 10034 4083 2981 7053 1333 2105 1564 1355 1978 1648 4029 1402 498 904 770 541 565 430 1191 2596 440 790 210 328 384 576 1225 1109 252
is_linear=0
shrinkage=0.02


Tree=48
num_leaves=31
num_cat=0
split_feature=0 9 9 0 0 9 0 1 0 0 10 8 3 3 3 12 12 8 4 12 0 8 0 3 1 9 8 9 3 8
split_gain=3586.71 738.581 481.563 286.225 160.732 146.057 112.286 119.225 77.6369 73.7212 70.1913 68.8105 71.7234 63.7 61.8392 56.2811 53.6646 79.9386 91.446 56.2989 52.7235 52.6008 52.0499 51.1896 51.1398 49.0056 49.3546 43.5763 41.5024 58.0236
threshold=0.17963059322415706 0.14592386900566548 0.19947594422384343 0.15522089145113635 0.095884927890779667 0.24325980392156865 0.27039491609131677 0.41378362117153761 0.19620062537501246 0.098438505322859762 0.070116069137026199 2.5000000000000004 61.504077024155848 66.344798068921818 70.5616408344723 65.968750000000014 69.24264705882355 8.5000000000000018 -0.38876069716384243 66.093750000000014 0.24791153012762027 2.5000000000000004 0.13336836796383292 72.000016009949775 0.41378362117153761 0.26081678335143532 13.500000000000002 0.17678672716959729 68.370669940560973 8.5000000000000018
decision_type=10 2 2 8 8 2 10 10 10 10 2 2 10 10 10 2 2 2 2 2 10 2 10 10 10 2 2 2 10 2
left_child=1 4 8 9 -1 -5 7 11 -2 -3 -6 -4 -13 -9 16 -8 17 27 -19 -20 -18 -11 -12 -16 -17 26 28 -10 -14 -30
right_child=2 3 6 5 10 -7 15 13 14 21 22 12 25 -15 23 24 20 18 19 -21 -22 -23 -24 -25 -26 -27 -28 -29 29 -31
leaf_value=-0.013583625060532034 0.0023958427689245178 -0.010627067238092423 0.034406034319229381 0.0067004361781082588 -0.011036004410628996 0.030962398561338582 0.016711217074996173 -0.0057643810907999672 -0.0062520016099917195 0.0096085390284254106 -0.0078611241289724097 0.0042070429743204301 0.026630948838410957 0.016324859145053914 0.02852451987985161 0.039900906078921286 0.0096622400612459847 -0.0018688302724701117 0.0092514478879989967 0.029843511751304112 0.026533349787307627 -0.0028157561447720646 -0.0020935247372194997 0.012917493156432192 0.026259004984782123 0.031017975347336902 0.0085918184082170411 0.0092669786638222059 0.023116082442117949 0.0076359082540714898
leaf_weight=3024 576 457 153 1225 1433 108 101 102 238 157 1543 103 363 107 124 226 236 118 101 112 108 1034 1053 261 214 186 135 104 261 154
leaf_count=3024 576 457 153 1225 1433 108 101 102 238 157 1543 103 363 107 124 226 236 118 101 112 108 1034 1053 261 214 186 135 104 261 154
internal_value=-0.000140262 -0.00657098 0.0156633 0.00177539 -0.0100986 0.00866615 0.0223214 0.0196047 0.00857762 -0.00379825 -0.00748295 0.0217734 0.0201654 0.00554446 0.0111174 0.0301754 0.00853297 0.00524835 0.0122548 0.0200792 0.014959 -0.00117796 -0.00552165 0.0179442 0.033266 0.0216611 0.0197548 -0.00153278 0.0216919 0.0173716
internal_weight=14117 10034 4083 2981 7053 1333 2105 1564 1978 1648 4029 1355 1202 209 1402 541 1017 673 331 213 344 1191 2596 385 440 1099 913 342 778 415
internal_count=14117 10034 4083 2981 7053 1333 2105 1564 1978 1648 4029 1355 1202 209 1402 541 1017 673 331 213 344 1191 2596 385 440 1099 913 342 778 415
is_linear=0
shrinkage=0.02


Tree=49
num_leaves=31
num_cat=0
split_feature=0 9 9 0 0 9 9 2 4 2 0 5 0 11 5 2 8 4 2 8 11 8 5 0 3 5 3 12 9 11
split_gain=3444.68 709.333 462.493 274.891 154.367 140.273 108.458 98.6322 88.777 77.5462 83.8912 74.7951 71.0826 60.3725 60.1729 59.6337 72.0893 58.9824 52.1558 51.1781 50.4237 50.0675 60.1804 48.5084 48.4623 45.6424 50.9034 44.0212 43.641 43.6268
threshold=0.17963059322415706 0.14592386900566548 0.19947594422384343 0.15522089145113635 0.095884927890779667 0.24325980392156865 0.25321706388613047 0.92238411883964211 -0.17040388012095359 0.93737621359632362 0.19301489695625149 0.55555214607182235 0.11908888220116164 0.86775000000000013 0.33231814368665119 0.73403128849760957 12.500000000000002 -0.18250734658000797 0.95185386791959969 3.5000000000000004 0.68211397058823542 4.5000000000000009 0.29672815468289221 0.20171228414275708 67.687796710713698 0.30486144341381022 63.971988486318246 67.727941176470594 0.22835233282406867 0.71643750000000017
decision_type=10 2 2 8 8 2 2 10 2 10 10 2 10 2 2 10 2 2 10 2 2 2 2 10 10 2 10 2 2 2
left_child=1 4 9 12 -1 -5 7 13 11 10 14 24 19 23 -2 29 20 25 -11 -3 -17 -19 -23 -4 -8 -12 -27 -16 -25 -6
right_child=2 3 6 5 15 -7 8 -9 -10 18 17 -13 -14 -15 27 16 -18 21 -20 -21 -22 22 -24 28 -26 26 -28 -29 -30 -31
leaf_value=-0.013311952648072818 -0.0083696881600302982 0.0014568910514787027 0.0092449420538138257 0.0065664274157310023 -0.0090436075750620747 0.030343150790366862 0.031352440941030395 0.027920522482339952 0.016785423914023809 0.03024288392966927 0.012076146345721878 0.020791545274309244 0.00026339784395565673 0.0093501125110520261 -0.0022471441908693706 0.0045606418629502554 -0.014118395568003045 0.0045143175566083067 0.010337734471667897 -0.010776447511220455 -0.0081778499209987261 0.0081538150378248908 0.02663772903838936 0.025734566699384766 0.046960448782498901 -0.0094843652507044223 0.0060296028990938656 0.014674303321348083 0.014248596181720495 0.0015719760392158312
leaf_weight=3024 206 176 154 1225 3099 108 167 367 175 101 369 130 858 369 122 429 163 115 110 614 175 110 196 391 152 106 419 124 200 163
leaf_count=3024 206 176 154 1225 3099 108 167 367 175 101 369 130 858 369 122 429 163 115 110 614 175 110 196 391 152 106 419 124 200 163
internal_value=-0.000137456 -0.00643956 0.01535 0.00173989 -0.00989666 0.00849282 0.021875 0.0189282 0.0288689 0.00840607 0.00703765 0.0335785 -0.00372229 0.0159658 -0.00039534 -0.00733329 -0.00231539 0.00959256 0.0198658 -0.00805105 0.000869854 0.015765 0.0199932 0.0192425 0.0387895 0.00668586 0.00289726 0.00628237 0.0218476 -0.00851315
internal_weight=14117 10034 4083 2981 7053 1333 2105 1481 624 1978 1767 449 1648 1114 452 4029 767 1315 211 790 604 421 306 745 319 894 525 246 591 3262
internal_count=14117 10034 4083 2981 7053 1333 2105 1481 624 1978 1767 449 1648 1114 452 4029 767 1315 211 790 604 421 306 745 319 894 525 246 591 3262
is_linear=0
shrinkage=0.02


Tree=50
num_leaves=31
num_cat=0
split_feature=0 0 9 9 9 0 1 0 9 11 1 10 8 3 3 3 11 9 1 11 1 11 11 11 10 10 3 10 10 0
split_gain=3007.67 652.443 343.505 275.297 125.034 114.106 112.74 76.6365 68.7794 63.5386 62.2509 87.718 59.9793 51.2453 51.5932 74.1236 54.4929 57.3855 50.8778 50.7924 64.9532 59.7334 89.7222 55.2856 74.2869 50.8426 48.1236 50.6103 59.5489 47.5564
threshold=0.17963059322415706 0.11908888220116164 0.19523313045340213 0.15729406949921873 0.241808440351819 0.22463304761305961 0.084413517975568092 0.066664977645860726 0.099916175436698951 0.51775641025641039 0.38199913359089982 0.35410537553056526 5.5000000000000009 64.401880073679479 68.479091016255694 71.310463260535826 0.78165178571428584 0.17295159473874336 0.26022056436493418 0.93895833333333345 0.41378362117153761 0.84453125000000007 0.86612500000000014 0.81937500000000008 0.27163752248318895 0.33165269088098254 64.730641864164866 0.12289381870171755 0.14330091873187259 0.24302582435930326
decision_type=10 8 2 2 2 10 10 10 2 2 10 2 2 8 10 10 2 2 8 2 10 2 2 2 2 2 10 2 2 8
left_child=1 7 12 6 9 10 -3 -1 -9 -5 11 -4 29 -11 16 -16 17 -15 -17 20 21 23 -23 24 -7 -26 -8 -28 -29 -2
right_child=2 3 5 4 -6 19 26 8 -10 13 -12 -13 -14 14 15 18 -18 -19 -20 -21 -22 22 -24 -25 25 -27 27 28 -30 -31
leaf_value=-0.01514742432700762 -8.9532107015007312e-05 -0.0094836313644888499 0.011441125885447831 -0.010529935148910485 0.02532202884807425 0.037444595181766675 -0.0067967912545785882 -0.012058426304109273 -0.0067323036188663933 -0.0022016351463398942 -0.0011942027129378974 0.028009941920638087 0.010515764277588003 0.0079188267916136777 -0.0055069622313168899 0.014631975521224206 0.0051924697077841168 0.024891045091946316 -0.0018296783539498674 0.032406089577360631 0.014163910570355613 0.045423483413374308 0.024386828215042157 0.0072226681862957781 0.0063437934784163347 0.025528520774401601 0.0068843175300471382 -0.014518711825818285 5.4454630353554169e-05 0.0120820193047282
leaf_weight=1328 490 1127 515 112 118 102 494 2088 1811 311 102 170 1272 155 257 213 347 164 116 193 356 107 335 116 101 122 363 129 859 174
leaf_count=1328 490 1127 515 112 118 102 494 2088 1811 311 102 170 1272 155 257 213 347 164 116 193 356 107 335 116 101 122 363 129 859 174
internal_value=-0.00017169 -0.00611834 0.0141289 -0.000765676 0.00542351 0.0195003 -0.0044996 -0.0109979 -0.00958456 0.0040217 0.0133825 0.0155531 0.00797234 0.00506443 0.00686934 0.00254109 0.0106777 0.0166444 0.00882787 0.0228624 0.0213758 0.0242834 0.0294794 0.0190757 0.0233063 0.0168395 -0.00145515 0.000498053 -0.00184832 0.0031
internal_weight=14147 9992 4155 4765 1793 2219 2972 5227 3899 1675 787 685 1936 1563 1252 586 666 319 329 1432 1239 883 442 441 325 223 1845 1351 988 664
internal_count=14147 9992 4155 4765 1793 2219 2972 5227 3899 1675 787 685 1936 1563 1252 586 666 319 329 1432 1239 883 442 441 325 223 1845 1351 988 664
is_linear=0
shrinkage=0.02


Tree=51
num_leaves=31
num_cat=0
split_feature=0 0 9 9 9 2 2 0 2 0 9 11 11 8 9 4 8 11 9 4 12 2 5 0 0 2 9 5 5 8
split_gain=2888.57 626.606 329.902 264.395 120.083 119.7 110.452 94.1788 83.4389 73.6017 66.0557 61.0225 54.9056 51.1288 45.3444 43.4748 69.7792 58.5903 42.9145 43.7716 40.3594 39.9613 51.8142 40.6089 39.6771 44.8215 52.8033 39.4684 39.3387 43.7033
threshold=0.17963059322415706 0.11908888220116164 0.19523313045340213 0.15729406949921873 0.241808440351819 0.90030126512308295 0.47255543550536233 0.24791153012762027 0.63005311932805419 0.066664977645860726 0.099916175436698951 0.51775641025641039 0.94097285067873315 5.5000000000000009 0.15340336129385571 -0.43325490155507546 2.5000000000000004 0.82571428571428573 0.25976363944425623 -0.34671777516446528 67.343750000000014 0.91645412704283491 0.36480383682321771 0.1919980353881271 0.24030286675841314 0.9133133012347886 0.15801713586291313 0.52725871830971183 0.81211267108018037 8.5000000000000018
decision_type=10 8 2 2 2 10 10 10 8 10 2 2 2 2 2 2 2 2 2 2 2 10 2 10 10 8 2 2 2 2
left_child=1 9 8 6 11 7 -3 28 -2 14 -11 -5 -7 24 -1 17 27 -13 19 -9 -8 23 -23 -15 25 26 -10 -17 29 -4
right_child=2 3 5 4 -6 12 20 18 13 10 -12 15 -14 21 -16 16 -18 -19 -20 -21 -22 22 -24 -25 -26 -27 -28 -29 -30 -31
leaf_value=-0.016014599368136682 -0.0099780044969171294 -0.0084431527692751095 0.017504793737422336 -0.010319336686599335 0.024815588603585455 0.022195129215908702 -0.0043251554386059491 0.0088553847817163314 -0.0033643362973675584 -0.011817257805616805 -0.0065976575009312945 0.018508017841012369 0.034285200860661766 0.0026018701911556951 -0.0031722509479227144 0.006467919271025393 -8.9459427672321343e-05 0.0013687368372783944 0.030757649914801486 0.024068845609327795 0.0021626157754775044 0.0095767960660495203 0.029322948429514384 0.011843961064397474 0.011987279914834059 -0.010060489687457447 0.01271007418649754 0.020940862400829791 -0.00030509451732915993 0.0078553398635958435
leaf_weight=1207 100 1419 396 112 118 691 691 124 165 2088 1811 193 192 255 121 306 828 136 163 194 862 111 102 748 181 112 162 100 102 357
leaf_count=1207 100 1419 396 112 118 691 691 124 165 2088 1811 193 192 255 121 306 828 136 163 194 862 111 102 748 181 112 162 100 102 357
internal_value=-0.000168256 -0.00599597 0.0138463 -0.000750362 0.00531504 0.0191103 -0.0044096 0.0153339 0.00781289 -0.0107779 -0.00939287 0.00394127 0.024824 0.0087819 -0.0148445 0.00496314 0.00324084 0.0114231 0.0224136 0.0181366 -0.000724087 0.0111651 0.0190327 0.00949428 0.00410781 0.000859093 0.00459913 0.0100327 0.011351 0.01293
internal_weight=14147 9992 4155 4765 1793 2219 2972 1336 1936 5227 3899 1675 883 1836 1328 1563 1234 329 481 318 1553 1216 213 1003 620 439 327 406 855 753
internal_count=14147 9992 4155 4765 1793 2219 2972 1336 1936 5227 3899 1675 883 1836 1328 1563 1234 329 481 318 1553 1216 213 1003 620 439 327 406 855 753
is_linear=0
shrinkage=0.02


Tree=52
num_leaves=31
num_cat=0
split_feature=2 11 2 11 3 1 2 11 1 12 5 5 3 11 6 2 3 11 4 4 3 11 4 1 2 1 2 8 12 11
split_gain=2413.87 373.605 328.294 159.006 133.574 127.114 155.642 119.486 105.22 92.9543 90.4333 91.5914 77.2413 82.2749 56.3529 55.8671 83.7607 55.2914 51.1666 73.5728 48.8828 48.8724 65.0041 45.6601 44.3025 52.0795 59.7556 42.9522 40.2438 39.9436
threshold=0.70750507683933261 0.70710416666666676 0.92077717351920607 0.70062500000000016 66.622356006899011 0.090042045135591678 0.41083275309601236 0.84438541666666678 0.25205097391637943 63.330882352941181 0.60761473318376591 -0.18023880345559959 68.276329205013312 0.77118055555555565 3.5000000000000004 0.79312168741499989 68.174241339038517 0.84806250000000005 -0.52516008532290714 -0.41906902922299138 66.344798068921818 0.93781250000000005 -0.46276444852573262 0.31889946152084253 0.87705076502280999 0.36011339426229633 0.81442118975835098 5.5000000000000009 71.24264705882355 0.75700892857142865
decision_type=10 2 10 2 8 8 8 2 10 2 2 2 10 2 2 10 10 2 2 2 10 2 2 10 10 10 10 2 2 2
left_child=1 5 3 -2 -3 28 27 20 15 -10 11 -11 13 -6 -14 29 -17 18 -13 -20 -4 22 -9 -22 25 26 -12 -7 -1 -5
right_child=2 4 7 8 12 6 -8 21 9 10 24 17 14 -15 -16 16 -18 -19 19 -21 23 -23 -24 -25 -26 -27 -28 -29 -30 -31
leaf_value=-0.010716341852339191 0.0016808267441423548 -0.0069850179145780882 0.0038405127516697819 0.0083242899600331106 0.023518513429285206 -0.023134618132866075 -0.004239612449529721 0.0072771579436622224 -0.0051265867551167814 -0.0019166336791976444 -0.004163215599421944 0.0073223089113413735 -0.011583375058367722 0.0063481441959815487 0.0044498089886104162 0.015393037723233215 0.0011183879734740032 0.011751227620948504 0.037152286397444237 0.019578003722691376 0.008798707458405287 0.032492073193099352 0.02445273086288291 0.025103024872603703 -0.0035350659565768971 0.020159935539397669 0.015850759249610397 -0.011606573733720886 -0.016870627961070497 -0.0049332137116715503
leaf_weight=3082 1391 431 205 131 161 203 2816 111 114 106 140 107 117 364 350 336 322 459 111 673 141 200 428 134 137 127 104 356 493 297
leaf_count=3082 1391 431 205 131 161 203 2816 111 114 106 140 107 117 364 350 336 322 459 111 673 141 200 428 134 137 127 104 356 493 297
internal_value=-0.000164891 -0.00702534 0.00978359 0.00731653 0.0023112 -0.00893698 -0.00615319 0.0190022 0.00979417 0.0124308 0.0134499 0.0159849 0.00635018 0.0116137 0.00043293 0.00474908 0.00840757 0.0173905 0.0202956 0.0220662 0.0112328 0.0240486 0.0209156 0.0167434 0.00618432 0.00977342 0.00436733 -0.015793 -0.011565 -0.000875426
internal_weight=14147 8373 5774 4555 1423 6950 3375 1219 3164 2078 1964 1456 992 525 467 1086 658 1350 891 784 480 739 539 275 508 371 244 559 3575 428
internal_count=14147 8373 5774 4555 1423 6950 3375 1219 3164 2078 1964 1456 992 525 467 1086 658 1350 891 784 480 739 539 275 508 371 244 559 3575 428
is_linear=0
shrinkage=0.02


Tree=53
num_leaves=31
num_cat=0
split_feature=9 9 2 2 6 11 3 2 3 12 2 10 2 3 5 3 2 9 12 2 10 11 2 2 9 2 11 11 12 12
split_gain=2389.81 505.109 436.442 272.169 136.26 108.644 93.7798 92.0685 89.8932 76.6534 74.2496 93.2446 64.7538 78.9825 65.1111 57.1923 56.1712 53.95 60.1428 96.37 91.809 66.4099 60.4678 60.4366 58.2582 77.5983 49.7 47.7081 49.9637 62.96
threshold=0.15729406949921873 0.21464364415733392 0.6812716618833432 0.70408403706893219 1.5000000000000002 0.93781250000000005 70.109686953277375 0.94805950982589604 71.310463260535826 63.718750000000007 0.28631848677325361 0.010997591742597764 0.93737621359632362 68.479091016255694 0.54439651835926139 64.257330450418877 0.9544875690605451 0.25080313841781737 67.21139705882355 0.89057349224196847 0.26345361775914278 0.85058823529411776 0.82274787089245693 0.81034800575009991 0.27566257761623508 0.87705076502280999 0.85058823529411776 0.74645833333333345 64.696691176470594 63.090073529411775
decision_type=2 2 10 10 2 2 8 10 8 2 8 2 10 10 2 10 10 2 2 10 2 2 10 10 2 10 2 2 2 2
left_child=2 3 10 8 -5 9 -7 27 -2 -3 -1 -12 13 15 26 -6 -14 18 19 -11 -20 23 -23 -22 25 -19 -15 28 29 -4
right_child=1 5 7 4 12 6 -8 -9 -10 17 11 -13 16 14 -16 -17 -18 24 20 -21 21 22 -24 -25 -26 -27 -28 -29 -30 -31
leaf_value=-0.01563886238652169 -0.0056312358352309747 0.0024279962178794727 0.0067976396530866623 -0.012209923417572308 0.0075037159508924379 0.020573720594123563 0.044912701347002794 0.019817636659912145 0.0052492092293292538 0.014871463530553946 -0.014796795736244865 -0.0076040785046395153 0.029240224001590504 0.0119021149351572 -0.0033980893019686714 0.016840253905620248 0.010374755650789531 0.036656135633419462 0.024627906005093438 0.038063527419432704 0.0072236058013881999 0.012704920714291244 -0.0066560173696454837 0.0261008312729272 0.012895960562156908 0.017954756571084595 -0.0013254073651899634 -0.0062870405771078943 0.003588709640663951 -0.012441181968211344
leaf_weight=678 852 149 106 109 442 167 102 102 472 241 843 4979 132 450 261 646 121 177 167 102 177 104 170 110 165 178 152 356 1247 190
leaf_count=678 852 149 106 109 442 167 102 102 472 241 843 4979 132 450 261 646 121 177 167 102 177 104 170 110 165 178 152 356 1247 190
internal_value=-0.000161593 0.00992498 -0.00686066 0.00547897 0.00961833 0.0179738 0.0298026 0.00130688 -0.00175241 0.0161451 -0.00937501 -0.00864555 0.0106979 0.00946337 0.00494506 0.0130473 0.0202176 0.0174298 0.0148635 0.0217682 0.0116103 0.00773522 0.00069266 0.0144588 0.0227152 0.0272791 0.00856228 0.000312617 0.00183529 -0.0055516
internal_weight=14147 5646 8501 3637 2313 2009 269 2001 1324 1740 6500 5822 2204 1951 863 1088 253 1591 1071 343 728 561 274 287 520 355 602 1899 1543 296
internal_count=14147 5646 8501 3637 2313 2009 269 2001 1324 1740 6500 5822 2204 1951 863 1088 253 1591 1071 343 728 561 274 287 520 355 602 1899 1543 296
is_linear=0
shrinkage=0.02


Tree=54
num_leaves=31
num_cat=0
split_feature=9 9 10 11 11 3 10 3 10 3 10 6 9 12 12 10 6 5 11 9 5 4 4 8 12 9 5 12 11 12
split_gain=2295.17 485.106 170.786 111.857 104.341 90.7262 94.3366 90.0661 84.9514 87.9183 81.804 76.932 74.3409 73.6179 67.6318 64.14 64.3571 60.7778 79.5817 60.4305 56.992 53.839 114.181 66.6354 53.0569 68.0362 47.5418 47.5374 47.4983 47.0416
threshold=0.15729406949921873 0.21464364415733392 0.070116069137026199 0.71643750000000017 0.93781250000000005 59.727979156730676 0.28591300667154895 70.109686953277375 0.32321955312325512 63.357884731732234 0.21476202685538068 3.5000000000000004 0.13348734228405049 63.718750000000007 72.750000000000014 0.11567331894329262 2.5000000000000004 0.23980151898587468 0.75700892857142865 0.098159249616575642 0.5160012562864873 0.016751180630080371 -0.094149341987676799 2.5000000000000004 72.125000000000014 0.25976363944425623 0.38513868935444057 71.406250000000014 0.89909926470588253 69.303308823529434
decision_type=2 2 2 2 2 8 2 8 2 10 2 2 2 2 2 2 2 2 2 2 2 2 2 2 2 2 2 2 2 2
left_child=2 3 19 10 13 -5 14 -6 27 -10 11 -2 15 -3 17 -4 -17 -7 20 -1 -19 22 23 26 25 -25 -15 29 -11 -8
right_child=1 4 12 5 7 6 8 -9 9 28 -12 -13 -14 21 -16 16 -18 18 -20 -21 -22 -23 -24 24 -26 -27 -28 -29 -30 -31
leaf_value=-0.013478188975225803 -0.0012667749406418938 0.0023794363775359304 -0.0020020399885323898 -0.0084263042582681889 0.020162246169042802 0.0044101398481394757 -0.0023218252101824396 0.044014446947212314 -0.0066834009585902097 0.019180677663675989 -0.0037245832325181155 0.020131775571161328 -0.0012755789843705374 0.033660866881140082 0.025909396180612668 -0.010997453404914911 -0.0048908388649717242 0.034822523319026799 0.010012520513258981 -0.0077354281563747377 0.014210117606437832 0.029791398583873502 0.00028793483336524264 0.013813607269508039 0.0018446853904440853 0.026091158442078575 0.017168611003373697 -0.012614499726193424 0.0043736242153501323 0.011807593292919279
leaf_weight=1478 138 149 1038 135 167 440 336 102 100 264 740 131 1766 162 124 1332 1433 103 637 1454 112 123 164 671 101 247 123 117 129 131
leaf_count=1478 138 149 1038 135 167 440 336 102 100 264 740 131 1766 162 124 1332 1433 103 637 1454 112 123 164 671 101 247 123 117 129 131
internal_value=-0.000158361 0.00972648 -0.00672345 0.00536939 0.0176143 0.0075427 0.00840745 0.0292066 0.00394645 0.01006 -0.000291124 0.00915408 -0.00466654 0.0158222 0.0118005 -0.0062412 -0.00783261 0.0104464 0.0135636 -0.0106303 0.0240849 0.0170812 0.0160162 0.0179943 0.0156033 0.017117 0.0265432 -0.00121444 0.0143203 0.00164167
internal_weight=14147 5646 8501 3637 2009 2628 2493 269 1077 493 1009 269 5569 1740 1416 3803 2765 1292 852 2932 215 1591 1468 1304 1019 918 285 584 393 467
internal_count=14147 5646 8501 3637 2009 2628 2493 269 1077 493 1009 269 5569 1740 1416 3803 2765 1292 852 2932 215 1591 1468 1304 1019 918 285 584 393 467
is_linear=0
shrinkage=0.02


Tree=55
num_leaves=31
num_cat=0
split_feature=0 0 9 9 9 0 1 8 11 0 7 0 5 1 0 4 3 3 4 11 11 11 5 1 11 0 3 9 1 4
split_gain=2589.96 468.286 362.123 317.22 159.355 150.803 110.197 79.2996 75.2417 74.8622 71.88 111.107 68.1266 64.288 64.055 61.4346 61.3646 57.6546 48.9253 51.5196 48.7785 45.2189 59.6511 44.5313 44.1338 44.0441 43.0845 41.9307 74.9047 59.4512
threshold=0.17352927174765601 0.12718191894270031 0.19441960082846924 0.23671083269114443 0.1456013769468969 0.26141096259997415 0.4067037641449544 8.5000000000000018 0.8716666666666667 0.21212257630324863 1.0000000180025095e-35 0.2259294287639057 0.60761473318376591 0.31164481867152743 0.063927520952964181 0.022721045553812165 65.380638696335538 67.776616270430381 -0.43015230392739751 0.82129166666666686 0.85839583333333347 0.87545955882352955 0.54729244347964501 0.28357767000363571 0.71643750000000017 0.26737003982263091 68.409812281123976 0.16520846013390142 0.24857705913383035 -0.47730285422683338
decision_type=10 8 2 2 2 10 10 2 2 10 2 10 2 10 10 2 10 10 2 2 2 2 2 10 2 10 10 2 10 2
left_child=1 14 10 4 -3 6 7 12 -8 26 15 23 16 18 -1 25 -4 -18 19 24 -14 22 -7 -12 -6 27 -9 29 -29 -2
right_child=2 3 5 -5 13 21 8 9 -10 -11 11 -13 20 -15 -16 -17 17 -19 -20 -21 -22 -23 -24 -25 -26 -27 -28 28 -30 -31
leaf_value=-0.013901932805841666 0.011171711289903501 -0.0055653877322019386 0.013223840307343651 0.029011360290024778 0.0077677762364609208 0.026083875658949908 0.01323561132563135 0.0095136148642835233 -0.010491953832076184 0.017357109684168419 -0.00070651058009883142 0.027695442000340648 0.020783730522481673 -0.010023084291670885 -0.0086150672853899414 0.018150669155904086 0.040874436296452987 0.023875119765315082 0.0020555161511044803 0.00020102291650398344 0.0020308374224510869 0.03082779872253627 0.0091936966898988511 0.013672672907983803 0.025695344968786778 0.015981357498365698 -0.0067445530249249366 0.017537129132986887 0.0020284140924046738 -0.0030298646439353306
leaf_weight=1145 143 2014 148 139 114 266 104 172 110 340 162 147 109 144 4597 121 107 314 1207 122 113 332 122 184 106 103 105 173 445 672
leaf_count=1145 143 2014 148 139 114 266 104 172 110 340 162 147 109 144 4597 121 107 314 1207 122 113 332 122 184 106 103 105 173 445 672
internal_value=-0.000180668 -0.00605192 0.0123513 -0.00065124 -0.00176349 0.0177921 0.0144108 0.0164432 0.0010392 0.011069 0.00642461 0.0131289 0.0206351 0.00275927 -0.00966931 0.00442991 0.0243014 0.0281956 0.00394756 0.010625 0.0112383 0.0254094 0.020773 0.00694022 0.0164056 0.00334904 0.00335077 0.00244107 0.00636985 -0.000538054
internal_weight=14080 9588 4492 3846 3707 2342 1622 1408 214 617 2150 493 791 1693 5742 1657 569 421 1549 342 222 720 388 346 220 1536 277 1433 618 815
internal_count=14080 9588 4492 3846 3707 2342 1622 1408 214 617 2150 493 791 1693 5742 1657 569 421 1549 342 222 720 388 346 220 1536 277 1433 618 815
is_linear=0
shrinkage=0.02


Tree=56
num_leaves=31
num_cat=0
split_feature=0 0 9 9 9 0 2 1 7 10 3 10 5 8 5 1 0 2 9 0 10 0 9 1 10 12 1 12 2 9
split_gain=2487.4 449.964 347.783 288.627 172.695 144.831 109.225 105.833 97.6932 78.5679 71.3143 65.4776 73.5998 65.2075 66.3643 58.4091 56.2924 52.2368 51.2473 46.1709 42.0641 41.9818 47.7615 41.7118 75.165 41.4879 40.458 42.447 43.7378 38.0431
threshold=0.17352927174765601 0.12000062703473809 0.19441960082846924 0.23671083269114443 0.14568908798208166 0.26141096259997415 0.79312168741499989 0.4067037641449544 1.0000000180025095e-35 0.39874017396957567 69.65943129287929 0.20695555880780001 0.60761473318376591 7.5000000000000009 0.17229562190389827 0.31164481867152743 0.20853128157407594 0.23430981106574025 0.12047562375711822 0.18231429849567923 0.010997591742597764 0.055686666873804823 0.05922793829770575 0.41378362117153761 0.33057696245974139 67.21139705882355 0.28865406149448675 72.452205882352956 0.85000016009949764 0.22835233282406867
decision_type=10 8 2 2 2 10 10 10 2 2 10 2 2 2 2 10 10 8 2 10 2 10 2 10 2 2 10 2 10 2
left_child=1 17 6 4 -3 7 19 9 18 11 -10 -4 13 14 -13 26 -15 -1 -8 -2 -19 -22 -23 24 -7 -14 27 28 -6 -9
right_child=2 3 5 -5 15 23 8 29 10 -11 -12 12 25 16 -16 -17 -18 20 -20 -21 21 22 -24 -25 -26 -27 -28 -29 -30 -31
leaf_value=-0.01668301711282066 -0.006578815451544171 -0.0056461650049735917 0.029815331766114454 0.026863531414681757 0.00045156178247053358 0.020466486578482896 -0.0047673779579363472 0.0092948396004941484 0.012979694898440553 0.028993200288742537 0.033789023671792269 0.011306470834187694 0.013683016687130727 0.0023484446938897745 0.028491564060230394 -0.0096433654103813514 0.016695103756503481 -0.013570957660752156 0.0088736161495705738 0.0036980667736375532 -0.014529397516755513 -0.01820704898708278 -0.0072876603063330367 0.019442814664116927 0.037699143721941199 -0.0015203077864745704 0.015370478787749938 0.015372331051714719 0.010164978578216782 -0.0075733012276745981
leaf_weight=416 237 2400 101 142 1241 201 127 109 186 167 102 143 119 183 242 145 272 773 831 667 412 168 3464 315 204 181 109 100 218 105
leaf_count=416 237 2400 101 142 1241 201 127 109 186 167 102 143 119 183 242 145 272 773 831 667 412 168 3464 315 204 181 109 100 218 105
internal_value=-0.000177054 -0.00593089 0.0121043 -0.00118151 -0.00212678 0.0174363 0.00629612 0.0141226 0.0101358 0.0161143 0.0203497 0.0143812 0.0130138 0.0160507 0.0221085 0.00253209 0.0109249 -0.0098834 0.00706526 0.0010038 -0.00929618 -0.00847907 -0.00779274 0.0249012 0.0291466 0.00451034 0.00359051 0.00276689 0.00190292 0.00101842
internal_weight=14080 9588 4492 4355 4213 2342 2150 1622 1246 1408 288 1241 1140 840 385 1813 455 5233 958 904 4817 4044 3632 720 405 300 1668 1559 1459 214
internal_count=14080 9588 4492 4355 4213 2342 2150 1622 1246 1408 288 1241 1140 840 385 1813 455 5233 958 904 4817 4044 3632 720 405 300 1668 1559 1459 214
is_linear=0
shrinkage=0.02


Tree=57
num_leaves=31
num_cat=0
split_feature=0 9 0 8 2 2 3 9 2 9 8 3 9 12 2 8 5 9 5 0 5 0 9 11 2 7 1 5 3 5
split_gain=2389.74 412.139 395.862 229.886 127.529 124.716 115.604 107.168 108.095 103.968 73.314 96.2577 79.5394 71.3762 66.6073 85.3935 139.191 65.0214 64.9479 98.4788 74.2494 60.849 52.1673 85.7267 73.8364 55.6266 51.1512 66.9467 51.1194 51.8338
threshold=0.16087493347443491 0.17117185419105649 0.22893304556967875 2.5000000000000004 0.56836266243779299 0.7114175378045472 63.861888986766608 0.24453002781157659 0.91165143277388194 0.23352010547132501 12.500000000000002 68.600368902947693 0.12701664875577923 68.27389705882355 0.95821639890727894 10.500000000000002 0.38728906071830727 0.1781525224237997 0.41138246096565018 0.19620062537501246 0.29075739320738253 0.066664977645860726 0.20223462519336097 0.83160416666666681 0.81034800575009991 1.0000000180025095e-35 0.24706355262536869 0.23368796100680619 70.981840503824699 0.22547012087313223
decision_type=10 2 10 2 10 10 10 2 8 2 2 10 2 2 8 2 2 2 2 10 2 8 2 2 10 2 10 2 10 2
left_child=1 4 5 9 21 17 26 8 22 13 11 12 -8 -3 15 16 -10 -2 20 -20 -13 -1 25 24 -24 -4 -7 -28 29 -9
right_child=2 3 7 -5 -6 6 10 28 14 -11 -12 18 -14 -15 -16 -17 -18 -19 19 -21 -22 -23 23 -25 -26 -27 27 -29 -30 -31
leaf_value=-0.013814300784266534 -0.0038730732254541908 0.0021791564738425206 0.0011967804992963917 -0.0026034530638639935 -0.0039547416458715189 0.010567040440148197 0.0018886398017406464 0.010785276359511596 0.036505184352544011 0.032815312367165464 0.0031233052451134801 0.0084739529430470639 0.021168662177540695 0.020070012808074616 0.0092458274747644151 0.04108678102885422 0.004141120081012313 0.0085670642255944139 -0.0060168694224192465 0.013809301709825479 0.026012718761684716 -0.0086942377069501985 0.011218568033276541 0.0050116230754859072 0.034258322897097793 0.017867728414658075 -0.015333392559699715 0.0023089923380293707 0.034721386960518907 0.025576456081609997
leaf_weight=1175 590 197 318 724 2066 148 100 132 102 106 389 339 594 163 112 114 111 235 231 177 135 4425 103 176 121 107 125 276 153 336
leaf_count=1175 590 197 318 724 2066 148 100 132 102 106 389 339 594 163 112 114 111 235 231 177 135 4425 103 176 121 107 125 276 153 336
internal_value=-0.000173513 -0.00650181 0.0105546 0.00444893 -0.00820171 0.00641792 0.00863217 0.017882 0.0145394 0.0154059 0.0108991 0.0128184 0.0183906 0.0102797 0.0225572 0.0271165 0.0196394 -0.000329519 0.00843394 0.00258419 0.0134692 -0.00976854 0.010273 0.015457 0.0236641 0.00539394 0.000518269 -0.0031905 0.0246855 0.0214046
internal_weight=14080 8856 5224 1190 7666 3339 2514 1885 1264 466 1965 1576 694 360 439 327 213 825 882 408 474 5600 825 400 224 425 549 401 621 468
internal_count=14080 8856 5224 1190 7666 3339 2514 1885 1264 466 1965 1576 694 360 439 327 213 825 882 408 474 5600 825 400 224 425 549 401 621 468
is_linear=0
shrinkage=0.02


Tree=58
num_leaves=31
num_cat=0
split_feature=0 0 9 9 9 0 1 10 4 10 11 9 4 0 12 1 0 8 4 1 12 0 10 6 10 10 0 11 11 10
split_gain=2295.63 420.265 323.121 282.748 142.209 134.598 102.438 74.6787 76.6854 73.2358 71.551 66.1128 65.8893 103.65 71.1507 59.5272 56.3018 56.1025 50.8794 55.2627 46.8026 51.1164 45.6936 45.6574 50.6394 58.8984 90.4336 65.3253 42.9732 42.9854
threshold=0.17352927174765601 0.12718191894270031 0.19441960082846924 0.23671083269114443 0.1456013769468969 0.26141096259997415 0.4067037641449544 0.39874017396957567 -0.0869388362062605 0.22905629594586174 0.8716666666666667 0.22368588609833748 -0.19075314563943832 0.23367376763821177 66.343750000000014 0.31164481867152743 0.063927520952964181 10.500000000000002 -0.19075314563943832 0.39943684146734232 72.545955882352956 0.14702286442380397 0.010997591742597764 1.5000000000000002 0.29850417666058454 0.25363862818500282 0.18231429849567923 0.69572727272727286 0.87545955882352955 0.3656781991724844
decision_type=10 8 2 2 2 10 10 2 2 2 2 2 2 10 2 10 10 2 2 10 2 10 2 2 2 2 10 2 2 2
left_child=1 16 18 4 -3 6 7 8 9 -4 -8 -10 13 14 -11 20 -1 -16 23 -20 21 -6 -18 -2 25 26 -25 -28 -7 -30
right_child=2 3 5 -5 15 28 10 -9 11 12 -12 -13 -14 -15 17 -17 22 -19 19 -21 -22 -23 -24 24 -26 -27 27 -29 29 -31
leaf_value=-0.013092725349750825 -0.0047668570040647566 -0.005222966238602445 0.03077391761230926 0.027423230629387518 -0.00053521327524420285 0.019444478067435017 0.012574603593764971 0.02808896662277019 -0.008182762618933883 0.018675538982961561 -0.010563706306909972 0.014264941727290455 0.024917192324627559 0.023320512360050564 0.0071009612244395713 -0.0096588652345558842 -0.013205180981940312 -0.0098358075391199139 0.0081406000982878462 0.024162586876749992 0.016743081313235542 0.0070294630650245228 -0.0073517775887361886 -0.01055495450997518 -0.006368790735935115 0.013910133463587184 0.013049389400469241 3.8640588190964707e-05 0.035353687723538807 0.020766431477403254
leaf_weight=1145 210 2014 120 139 798 388 104 167 107 143 110 103 182 210 265 144 616 111 620 100 104 647 3981 144 132 323 334 287 193 139
leaf_count=1145 210 2014 120 139 798 388 104 167 107 143 110 103 182 210 265 144 616 111 620 100 104 647 3981 144 132 323 334 287 193 139
internal_value=-0.000170043 -0.00569763 0.0116284 -0.000581347 -0.00163142 0.0167678 0.0135734 0.0155329 0.0138432 0.016087 0.00068108 0.0028273 0.0141524 0.0114649 0.00666779 0.00264109 -0.00912452 0.00210101 0.00602993 0.0103659 0.00378453 0.00285188 -0.00813614 0.0038468 0.00532948 0.00674876 0.00372506 0.00703637 0.0239642 0.0292464
internal_weight=14080 9588 4492 3846 3707 2342 1622 1408 1241 1031 214 210 911 729 519 1693 5742 376 2150 720 1549 1445 4597 1430 1220 1088 765 621 720 332
internal_count=14080 9588 4492 3846 3707 2342 1622 1408 1241 1031 214 210 911 729 519 1693 5742 376 2150 720 1549 1445 4597 1430 1220 1088 765 621 720 332
is_linear=0
shrinkage=0.02


Tree=59
num_leaves=31
num_cat=0
split_feature=0 9 0 8 9 0 9 9 1 10 0 12 8 10 8 0 3 3 4 8 0 4 9 1 9 0 12 9 10 3
split_gain=2204.75 384.738 366.538 217.921 123.554 114.216 95.8575 95.4458 77.6779 76.8258 73.3237 68.1057 58.9485 59.7635 57.4877 82.5462 86.0998 59.9719 54.6149 54.6584 60.8094 53.8381 94.2729 43.7644 49.7517 43.2736 51.5757 62.1091 43.1494 65.073
threshold=0.16087493347443491 0.17117185419105649 0.21832759135752242 2.5000000000000004 0.24453002781157659 0.095884927890779667 0.23269738102607188 0.23352010547132501 0.088235670766308533 0.077934422991457225 0.19509235860341859 68.27389705882355 11.500000000000002 0.3098458221874994 4.5000000000000009 0.26737003982263091 67.300669384425873 67.189947942384421 -0.51332393614638405 8.5000000000000018 0.26141096259997415 -0.38876069716384243 0.15885655159153814 0.31325149243130879 0.14592386900566548 0.12635576213132096 69.24264705882355 0.18543123052303548 0.11567331894329262 68.528418503457331
decision_type=10 2 10 2 2 8 2 2 10 2 10 2 2 2 2 10 10 10 2 2 10 2 2 10 2 8 2 2 2 10
left_child=1 5 6 7 14 -1 9 11 -7 -2 -8 -3 -11 -14 17 21 -17 -4 -6 -20 -21 -16 -23 24 28 -5 27 -27 29 -10
right_child=2 3 4 25 18 8 10 -9 23 12 -12 -13 13 -15 15 16 -18 -19 19 20 -22 22 -24 -25 -26 26 -28 -29 -30 -31
leaf_value=-0.010762979779337375 -0.012823892359686371 0.0021790325313541794 0.01534233963735101 -0.0082945946567129381 0.036596940261526753 -0.0087877854034292772 0.0054897099129110572 0.031684060831958391 -0.0059699026690796025 0.0068637172296321302 0.026326129211454975 0.019655188106334671 0.0025708590349332598 -0.013387905187518881 0.0057294872096450679 0.012726611137390136 0.036524196373956166 0.0015268713713157923 0.026185258639807054 0.0017108823224902155 0.021899668598497235 0.00073489512942853522 0.020570521603653028 -0.014586865209849245 0.0021860190753016603 0.0088150109595849981 0.013104686296888088 -0.0097078118230167192 -0.0064898080825937475 0.0085287193487490615
leaf_weight=3211 101 197 223 303 104 1965 125 106 280 1834 147 163 608 111 290 110 136 288 330 100 148 122 447 134 591 117 114 190 1263 222
leaf_count=3211 101 197 223 303 104 1965 125 106 280 1834 147 163 608 111 290 110 136 288 330 100 148 122 447 134 591 117 114 190 1263 222
internal_value=-0.000166642 -0.00624507 0.0101378 0.00433539 0.0161157 -0.00788748 0.00544293 0.0150034 -0.00581493 0.00428405 0.0167506 0.0100918 0.00496086 0.000107128 0.0131031 0.0156683 0.025883 0.00755593 0.0232543 0.0208536 0.013759 0.012743 0.0163175 -0.00346889 -0.00283654 -0.00253102 0.00161712 -0.00264863 -0.00451831 0.000441839
internal_weight=14080 8856 5224 1190 2298 7666 2926 466 4455 2654 272 360 2553 719 1616 1105 246 511 682 578 248 859 569 2490 2356 724 421 307 1765 502
internal_count=14080 8856 5224 1190 2298 7666 2926 466 4455 2654 272 360 2553 719 1616 1105 246 511 682 578 248 859 569 2490 2356 724 421 307 1765 502
is_linear=0
shrinkage=0.02


Tree=60
num_leaves=31
num_cat=0
split_feature=0 9 2 9 0 2 0 12 9 2 0 0 12 0 3 0 3 11 7 3 3 3 4 1 0 3 11 2 1 2
split_gain=2409.31 631.693 174.039 161.404 161.108 109.556 100.05 92.345 85.9211 79.5486 95.7165 76.6053 75.8939 72.4201 55.5908 60.3995 64.9979 52.6046 51.9999 48.5367 58.6309 47.0969 45.7573 42.057 63.8693 51.0627 41.4073 38.4798 38.2204 48.853
threshold=0.19509235860341859 0.14821987772144352 0.44547572047922535 0.25321706388613047 0.11690916699518093 0.93737621359632362 0.28610544383938002 65.968750000000014 0.24325980392156865 0.89388024726103466 0.21832759135752242 0.20727918604208312 72.545955882352956 0.13423769206245786 72.556639831743865 0.24645546118200004 67.089599262531166 0.85357142857142876 1.0000000180025095e-35 65.235698951259778 67.189947942384421 65.415487688348648 -0.44006527539573237 0.17402898392029623 0.15908552092762621 67.487258680560203 0.65075000000000016 0.24569412401138566 0.15273634792066912 0.71351340214985182
decision_type=10 2 10 2 8 10 10 2 2 10 10 10 2 10 10 10 10 2 2 10 10 10 2 8 10 10 2 8 10 10
left_child=1 2 27 6 -3 8 9 -5 12 19 11 -11 23 -4 15 16 -12 -17 21 -2 -21 -15 -9 24 25 -6 -22 -1 -23 -30
right_child=3 4 13 7 5 -7 -8 22 -10 10 14 -13 -14 18 -16 17 -18 -19 -20 20 26 28 -24 -25 -26 -27 -28 -29 29 -31
leaf_value=-0.015400409232064491 0.0035436601278879547 -0.0060602999271271857 -0.0067671859896947838 0.010190030011400895 0.010841171353071897 0.022616249037380437 0.024813165105659309 0.039888867796822026 0.018399227116731746 0.016181903832129665 0.036271669571451323 -0.0060756999729286642 0.0161217825663236 -0.009160964601480498 0.034604897422787662 0.020304046417060104 0.01481943805095008 0.00077251649408970242 0.0071297811297543028 0.019883882380147211 0.00067391224678393469 0.011538374611475277 0.025120884152287144 0.00065037665017079538 0.018817073360517404 -0.0057491318570866588 0.011104176794172325 -0.0095300420503884528 -0.010384045915286008 0.0027021099476051405
leaf_weight=499 457 689 1451 142 145 131 254 110 153 143 114 109 163 290 104 115 112 106 297 247 193 106 354 1815 138 152 721 4257 171 343
leaf_count=499 457 689 1451 142 145 131 254 110 153 143 114 109 163 290 104 115 112 106 297 247 193 106 354 1815 138 152 721 4257 171 343
internal_value=-2.65304e-05 -0.00458638 -0.00785518 0.014983 0.002571 0.00477603 0.0128717 0.0243029 0.00386525 0.0116188 0.016765 0.00655461 0.0029437 -0.00375625 0.0214347 0.0183705 0.0256405 0.010936 -0.000136632 0.00906486 0.0112382 -0.0025082 0.0286219 0.00198902 0.00757439 0.00235051 0.00890172 -0.010146 0.00060358 -0.00165146
internal_weight=14081 10800 7414 3281 3386 2697 2675 606 2566 2421 803 252 2413 2658 551 447 226 221 1207 1618 1161 910 464 2250 435 297 914 4756 620 514
internal_count=14081 10800 7414 3281 3386 2697 2675 606 2566 2421 803 252 2413 2658 551 447 226 221 1207 1618 1161 910 464 2250 435 297 914 4756 620 514
is_linear=0
shrinkage=0.02


Tree=61
num_leaves=31
num_cat=0
split_feature=0 9 2 9 0 2 0 8 9 12 4 5 4 2 3 0 5 1 12 4 3 3 12 9 1 0 0 0 3 2
split_gain=2313.9 606.678 167.147 155.012 154.728 105.218 96.0884 95.8066 164.439 88.6881 81.0017 78.2658 72.3456 70.315 77.8489 69.5523 55.5703 49.4072 51.5066 43.9453 42.2432 47.4157 39.953 44.2462 48.5063 47.553 39.1561 65.3915 64.8965 47.7759
threshold=0.19509235860341859 0.14821987772144352 0.44547572047922535 0.25321706388613047 0.11690916699518093 0.93737621359632362 0.28610544383938002 2.5000000000000004 0.20275993145130014 65.968750000000014 -0.19699320684113347 0.81211267108018037 -0.3142758355518061 0.89388024726103466 73.082882550778308 0.13423769206245786 -0.11550315004616533 0.1269274318022782 70.187500000000014 -0.44006527539573237 71.310463260535826 64.730641864164866 70.187500000000014 0.18543123052303548 0.17402898392029623 0.15611369872716779 0.21832759135752242 0.24645546118200004 67.089599262531166 0.93737621359632362
decision_type=10 2 10 2 8 10 10 2 2 2 2 2 2 10 10 10 2 10 2 2 10 10 2 2 8 8 10 10 10 10
left_child=1 2 -1 6 -3 7 11 8 10 -5 -6 13 -13 16 26 -4 -2 -17 20 -11 21 -19 23 24 -9 -25 -15 28 -28 -29
right_child=3 4 15 9 5 -7 -8 22 -10 19 -12 12 -14 14 -16 17 -18 18 -20 -21 -22 -23 -24 25 -26 -27 27 29 -30 -31
leaf_value=-0.0099430423568916525 -0.002000387538448748 -0.0059390939659261953 -0.0066318423517204329 0.0099862293136948853 -0.0032919619702284531 0.022163923857662512 0.02431690171346303 0.011801045382475502 0.022143718402494086 0.039091090610081501 0.015631598969704882 -0.010313528739685609 0.011135514356366552 0.0073660737430970924 0.033039926147820163 0.013329202665830962 0.011342822694535126 -0.0080421968081924502 0.0067846208510330191 0.024618466509043077 -0.012639188954933725 0.0026780673319068181 0.0067255408717582857 -0.011648929245402459 0.00018354891006000588 -3.7249690479560134e-05 0.036945387242982783 0.019974908654642579 0.014969007905804394 0.00061647194103129862
leaf_weight=4756 138 689 1451 142 303 131 254 186 275 110 129 121 131 190 112 100 1310 269 243 354 168 427 433 223 633 384 108 101 107 103
leaf_count=4756 138 689 1451 142 303 131 254 186 275 110 129 121 131 190 112 100 1310 269 243 354 168 427 433 223 633 384 108 101 107 103
internal_value=-2.59998e-05 -0.00449465 -0.00769808 0.0146834 0.00251958 0.00468051 0.0126143 0.00378794 0.0100545 0.0238168 0.00235882 0.0113865 0.000836569 0.0126122 0.0177154 -0.00368112 0.0100712 -0.0001339 -0.00135008 0.0280495 -0.00363796 -0.00146525 0.00140469 -0.000210964 0.00282195 -0.00430316 0.014897 0.018312 0.0260083 0.0102008
internal_weight=14081 10800 7414 3281 3386 2697 2675 2566 707 606 432 2421 252 2169 721 2658 1448 1207 1107 464 864 696 1859 1426 819 607 609 419 215 204
internal_count=14081 10800 7414 3281 3386 2697 2675 2566 707 606 432 2421 252 2169 721 2658 1448 1207 1107 464 864 696 1859 1426 819 607 609 419 215 204
is_linear=0
shrinkage=0.02


Tree=62
num_leaves=31
num_cat=0
split_feature=0 11 2 0 0 2 2 3 11 6 2 1 5 8 5 3 4 2 8 5 2 5 4 0 1 2 11 3 1 1
split_gain=2222.27 562.496 196.678 145.66 122.899 113.295 75.3237 75.0578 60.6166 60.2622 60.2606 51.2406 49.2377 49 51.5579 51.3921 45.8758 63.0527 59.1002 89.3616 54.7278 51.4404 80.5345 71.5638 52.4648 45.6465 67.089 46.9147 59.3367 45.629
threshold=0.19509235860341859 0.62062500000000009 0.48704459219651824 0.27039491609131677 0.12796891659084333 0.8584070184249244 0.68644299576194989 61.1185229912304 0.88088888888888894 1.5000000000000002 0.87177330753273974 0.10697962253704653 -0.22545152055048864 5.5000000000000009 0.38203464065514842 65.98718614178749 -0.29245334143194079 0.87000830832129783 8.5000000000000018 0.37756358918938221 0.93044148261597193 0.58522661559527311 -0.32775054374048823 0.24030286675841314 0.26903226261621982 0.93737621359632362 0.91218750000000004 68.409812281123976 0.29382954244509896 0.4067037641449544
decision_type=10 2 8 10 10 8 10 10 2 2 10 10 2 2 2 10 2 10 2 2 10 2 2 10 10 10 2 10 8 10
left_child=1 4 -3 6 -1 8 -2 10 -4 -7 -8 -6 -9 15 -15 -5 21 -18 20 -20 -19 22 23 24 -14 26 27 28 -11 -16
right_child=3 2 5 13 11 9 7 12 -10 25 -12 -13 16 14 29 -17 17 18 19 -21 -22 -23 -24 -25 -26 -27 -28 -29 -30 -31
leaf_value=-0.0095829119214798503 0.0019137068085937764 -0.011353496608035028 0.0013174457308820773 0.025973449920973751 -0.0088665006004608748 -0.0049683460254438113 0.012716529752303026 0.00081524101150507974 -0.0089064677897481154 0.019718826006759296 -0.0090246137636668475 -0.00082652456063147324 0.011922457133020675 0.034045377752280295 0.029780077745418736 0.0088130860644759553 0.013250984543535326 0.021906832539636618 0.0043139825063011061 0.028984585533087907 0.040206835406632828 0.0047575427250148841 -0.00070901685883081314 0.0089386410850847784 0.028363953110625739 0.019190556151439359 0.022070438133419624 -0.0023006845188782354 0.005218554454333924 0.011319026722196947
leaf_weight=5025 257 441 2222 121 445 138 101 101 259 143 103 1103 112 203 101 165 532 157 126 110 112 279 111 223 253 153 112 223 536 114
leaf_count=5025 257 441 2222 121 445 138 101 101 259 143 103 1103 112 203 101 165 532 157 126 110 112 279 111 223 253 153 112 223 536 114
internal_value=-2.54799e-05 -0.00440476 0.00128696 0.0143897 -0.00806502 0.00275935 0.0121872 0.0133252 0.000250137 0.00752973 0.00173938 -0.00313776 0.0144422 0.0224522 0.0268167 0.0160732 0.0151252 0.0180559 0.0231176 0.015813 0.0295262 0.0120178 0.0149156 0.0178652 0.0233189 0.00900765 0.00747118 0.00565841 0.00827237 0.0199914
internal_weight=14081 10800 4227 3281 6573 3786 2577 2320 2481 1305 204 1548 2116 704 418 286 2015 1037 505 236 269 978 699 588 365 1167 1014 902 679 215
internal_count=14081 10800 4227 3281 6573 3786 2577 2320 2481 1305 204 1548 2116 704 418 286 2015 1037 505 236 269 978 699 588 365 1167 1014 902 679 215
is_linear=0
shrinkage=0.02


Tree=63
num_leaves=31
num_cat=0
split_feature=0 11 0 0 0 10 12 10 0 10 10 5 8 4 10 10 5 4 5 0 12 5 12 4 5 12 8 10 1 4
split_gain=2134.26 540.221 178.104 139.891 118.033 94.8696 84.1926 72.9633 64.7273 62.4006 62.6713 78.6199 73.0187 61.9253 76.8285 106.181 72.0077 71.5127 57.3171 56.7714 77.7252 55.3829 62.4339 51.4867 51.132 49.5708 50.5153 98.7747 48.5043 46.3485
threshold=0.19509235860341859 0.62062500000000009 0.11908888220116164 0.27039491609131677 0.12796891659084333 0.36724250952959359 65.968750000000014 0.39327041351122111 0.23535236013560995 0.063238642058389791 0.12740975902135851 0.17229562190389827 5.5000000000000009 -0.19075314563943832 0.26010489906404605 0.320862353714858 0.58927134111893753 -0.084365173285824144 0.44086153275709572 0.21717116345947229 64.485294117647072 0.37756358918938221 69.788602941176478 -0.34671777516446528 0.47217942159970644 69.031250000000014 6.5000000000000009 0.21506188953531227 0.14615817117455801 -0.32775054374048823
decision_type=10 2 8 10 10 2 2 2 10 2 2 2 2 2 2 2 2 2 2 10 2 2 2 2 2 2 2 2 8 2
left_child=1 4 -3 7 -1 25 -5 13 -9 -6 11 -11 -13 16 17 18 19 -15 -16 29 -21 22 -8 -23 -12 28 27 -27 -4 -2
right_child=3 2 5 6 9 -7 21 8 -10 10 24 12 -14 14 15 -17 -18 -19 -20 20 -22 23 -24 -25 -26 26 -28 -29 -30 -31
leaf_value=-0.0093912536446815967 0.011022036873629957 -0.00607515030767813 0.0093592829725498133 0.0081209776060921796 -0.009337594632034556 0.017666432881934774 0.024299640089362681 0.034026412574840445 0.014054431814919499 -0.008122040706140728 0.00033479634794174323 -0.0023010178641093395 0.018822722939163528 0.031703801926535866 -0.0099243843359382543 0.020091607700280768 0.0012365527096860514 0.013747655192707131 0.010821234521630686 -0.00155020802327902 0.017446564462190055 0.029937180926182628 0.043924665522304771 0.01267582113530194 -0.010724508786322117 -0.0028369931660352215 0.0019556681885449 0.016158459763299805 -0.00034672540824749748 -0.002097836079842904
leaf_weight=5025 254 1008 234 140 451 180 167 105 170 116 413 101 186 168 114 198 406 188 100 101 586 113 106 178 281 155 559 373 1718 187
leaf_count=5025 254 1008 234 140 451 180 167 105 170 116 413 101 186 168 114 198 406 188 100 101 586 113 106 178 281 155 559 373 1718 187
internal_value=-2.49702e-05 -0.00431666 0.00126122 0.0141019 -0.00790372 0.00355854 0.0220031 0.0119434 0.0216801 -0.003075 -0.000500318 0.00577287 0.0113889 0.0107803 0.0154162 0.00953612 0.00845923 0.0222213 -0.00023017 0.0110589 0.0146537 0.025449 0.0319196 0.0193787 -0.00414311 0.00272293 0.0061459 0.0105821 0.000816802 0.00545873
internal_weight=14081 10800 4227 3281 6573 3219 704 2577 275 1548 1097 403 287 2302 768 412 1534 356 214 1128 687 564 273 291 694 3039 1087 528 1952 441
internal_count=14081 10800 4227 3281 6573 3219 704 2577 275 1548 1097 403 287 2302 768 412 1534 356 214 1128 687 564 273 291 694 3039 1087 528 1952 441
is_linear=0
shrinkage=0.02


Tree=64
num_leaves=31
num_cat=0
split_feature=0 9 2 9 0 2 8 9 0 2 4 4 0 4 11 8 7 2 8 5 2 10 5 5 2 4 4 5 8 5
split_gain=2049.75 546.246 149.67 142.69 138.986 97.1775 89.5956 154.933 86.9593 97.0044 77.6131 76.0838 61.0947 51.0106 76.3632 58.9993 49.9754 47.1682 44.9258 54.3142 42.4341 42.3178 43.9927 41.7291 43.8708 41.6667 39.8703 40.41 39.0924 44.8265
threshold=0.19509235860341859 0.14821987772144352 0.44547572047922535 0.25321706388613047 0.11690916699518093 0.93737621359632362 2.5000000000000004 0.20275993145130014 0.21717116345947229 0.90649441084227511 -0.19699320684113347 -0.18846586058723883 0.13423769206245786 0.016751180630080371 0.88391544117647081 5.5000000000000009 1.0000000180025095e-35 0.95642272839878595 10.500000000000002 0.38728906071830727 0.9147934690931544 0.28834498707174311 0.71023756191125809 0.29075739320738253 0.84909803313554033 -0.1128237129147375 -0.35507062128157507 0.5238690315040343 5.5000000000000009 0.30486144341381022
decision_type=10 2 10 2 8 10 2 2 10 10 2 2 10 2 2 2 2 10 2 2 8 2 2 2 8 2 2 2 2 2
left_child=1 2 -1 8 -3 6 7 10 11 13 -6 20 -4 14 15 -10 26 18 19 -11 -2 -8 -23 -13 -25 -5 28 -28 -14 -30
right_child=3 4 12 25 5 -7 21 -9 9 17 -12 23 16 -15 -16 -17 -18 -19 -20 -21 -22 22 -24 24 -26 -27 27 -29 29 -31
leaf_value=-0.0093943750835787515 0.0055755428631456948 -0.0055914353294073673 -0.006234381008022905 0.02514802922828005 -0.0033255720522758787 0.021275597848957904 0.0035235077443604287 0.021410267047787254 0.0052370198689289946 0.029909725570979043 0.015197936768044335 0.0048687646656392896 -0.0066852145138130131 0.024795081830113239 -0.0038499148232596261 0.015686833053436943 0.0069792394296137577 0.011822017720513434 0.03457742759900153 0.01231734835966067 -0.0071506956608882594 -0.00022789479681144386 -0.01331178650376387 0.01090306968316436 0.029545099685589472 0.011861445791064166 -0.0016991866339517178 -0.012773032459369362 -0.0013014126136093526 0.016515859021278827
leaf_weight=4756 481 689 1451 489 303 131 1209 275 335 129 129 107 112 101 140 609 297 154 129 154 134 522 128 100 102 117 366 206 111 115
leaf_count=4756 481 689 1451 489 303 131 1209 275 335 129 129 107 112 101 140 609 297 154 129 154 134 522 128 100 102 117 366 206 111 115
internal_value=-2.44708e-05 -0.00423033 -0.00727002 0.0138199 0.00242539 0.00447344 0.00361565 0.00967568 0.0118347 0.0144542 0.00220575 0.00687068 -0.00346888 0.0112008 0.00993422 0.0119785 -0.000144316 0.0212656 0.0247954 0.0203365 0.00280267 0.00131095 -0.00280442 0.0149672 0.0203164 0.0225828 -0.00246926 -0.00568732 0.0029767 0.0077649
internal_weight=14081 10800 7414 3281 3386 2697 2566 707 2675 1751 432 924 2658 1185 1084 944 1207 566 412 283 615 1859 650 309 202 606 910 572 338 226
internal_count=14081 10800 7414 3281 3386 2697 2566 707 2675 1751 432 924 2658 1185 1084 944 1207 566 412 283 615 1859 650 309 202 606 910 572 338 226
is_linear=0
shrinkage=0.02


Tree=65
num_leaves=31
num_cat=0
split_feature=0 0 9 2 2 0 0 11 11 2 1 5 5 1 5 3 9 3 3 9 11 3 11 0 10 1 4 4 11 4
split_gain=1762.4 329.704 308.855 156.893 125.215 116.362 76.6428 71.2443 72.882 62.2375 56.6508 53.1936 92.5484 52.0754 53.0689 51.502 47.2575 45.3825 44.3997 39.8278 40.4447 38.8439 57.5322 51.8633 36.238 40.8997 35.8576 33.4938 33.413 53.7808
threshold=0.14525153369233676 0.21717116345947229 0.20042419224144423 0.80750404040574286 0.67561680278615943 0.095884927890779667 0.26553691660835571 0.70062500000000016 0.80187500000000012 0.93898644378569596 0.22772550495972865 0.2555192418940917 0.10411059778105072 0.41378362117153761 0.58927134111893753 58.74287515104124 0.22289407712995754 65.235698951259778 67.2301885297979 0.23269738102607188 0.85604779411764709 64.401880073679479 0.64222527472527491 0.25918826846565335 0.32564440849116033 0.3448515808508954 -0.25178182904234164 -0.34513430781043336 0.7683958333333335 -0.38477250503032306
decision_type=10 10 2 8 10 8 10 2 2 10 10 2 2 10 2 8 2 8 10 2 2 10 2 10 2 10 2 2 2 2
left_child=2 4 5 -4 17 -1 21 15 10 19 26 12 -8 14 -13 -7 -5 27 -11 -6 -21 24 -23 28 25 -3 -9 -2 -24 -30
right_child=1 6 3 16 9 7 11 8 -10 18 -12 13 -14 -15 -16 -17 -18 -19 -20 20 -22 22 23 -25 -26 -27 -28 -29 29 -31
leaf_value=-0.0096625489862652309 0.00035436742007732391 0.008544029032742536 -0.005464207654586062 0.010754531220974107 0.0049861108797045837 0.0060534333829526544 0.015665793477884913 0.013153610673499268 -0.0068245052271892993 0.0071141472139528818 -0.008216589250227559 0.027826864005695728 0.039959074286764248 0.0085566372390569276 0.011037294986973128 -0.0065525985842801431 0.027234835560395295 0.0012112949900525774 0.024264717499889038 0.023289657995849845 0.005967668530841669 0.00051236757863080127 0.022432394466688117 0.0016176152687280552 0.015521637027462324 -0.008144020138021844 0.0016878203253703889 -0.0134938240566296 0.0060738380381221936 0.017776779620444473
leaf_weight=3439 113 135 160 133 2296 135 138 243 352 112 107 185 115 237 127 3263 146 663 131 100 117 128 252 109 102 104 198 183 233 482
leaf_count=3439 113 135 160 133 2296 135 138 243 352 112 107 185 115 237 127 3263 146 663 131 100 117 128 252 109 102 104 198 183 233 482
internal_value=6.43019e-05 0.00823614 -0.00599461 0.0103243 0.00452881 -0.00692055 0.0141044 -0.00472657 0.000276794 0.00669476 0.00483821 0.0191207 0.0267082 0.0156241 0.0209926 -0.00605177 0.0193786 -0.00169576 0.0163599 0.00576016 0.0139502 0.0115004 0.0131881 0.014696 0.00554156 0.00128228 0.0080057 -0.00820718 0.0161702 0.0139631
internal_weight=14238 6062 8176 439 3715 7737 2347 4298 900 2756 548 802 253 549 312 3398 279 959 243 2513 217 1545 1204 1076 341 239 441 296 967 715
internal_count=14238 6062 8176 439 3715 7737 2347 4298 900 2756 548 802 253 549 312 3398 279 959 243 2513 217 1545 1204 1076 341 239 441 296 967 715
is_linear=0
shrinkage=0.02


Tree=66
num_leaves=31
num_cat=0
split_feature=0 0 9 2 2 0 0 11 11 2 1 5 5 1 5 3 9 3 3 2 0 11 11 4 4 4 3 4 3 11
split_gain=1692.6 316.648 296.625 150.68 120.257 111.754 73.6078 68.423 69.9959 59.7729 54.4075 51.0871 88.8835 50.0132 50.9674 49.4722 45.3861 43.5853 42.6415 39.8391 45.9277 70.8018 44.0179 44.986 82.8537 38.1677 49.6737 43.2017 37.3057 55.4158
threshold=0.14525153369233676 0.21717116345947229 0.20042419224144423 0.80750404040574286 0.67561680278615943 0.095884927890779667 0.26553691660835571 0.70062500000000016 0.80187500000000012 0.93898644378569596 0.22772550495972865 0.2555192418940917 0.10411059778105072 0.41378362117153761 0.58927134111893753 59.036428534112154 0.22289407712995754 65.235698951259778 67.2301885297979 0.9278304361397266 0.19301489695625149 0.87033333333333351 0.35787946428571432 -0.43682923813216651 -0.50288351233457074 -0.18250734658000797 66.248567952125214 -0.38653687549428689 64.401880073679479 0.6593541666666668
decision_type=10 10 2 8 10 8 10 2 2 10 10 2 2 10 2 8 2 8 10 10 10 2 2 2 2 2 10 2 10 2
left_child=2 4 5 -4 17 -1 28 15 10 19 -9 12 -8 14 -13 -7 -5 -2 -11 20 22 25 -6 24 -24 26 -22 -28 -3 -30
right_child=1 6 3 16 9 7 11 8 -10 18 -12 13 -14 -15 -16 -17 -18 -19 -20 -21 21 -23 23 -25 -26 -27 27 -29 29 -31
leaf_value=-0.0094692980045348856 -0.0080430396841335537 0.0054307311141858008 -0.0053549235125537964 0.0105394404766647 -0.007665560259443263 0.0052598174222257751 0.015352477256235652 0.007845590675329946 -0.0066880151308875858 0.0069718640058168344 -0.0080522571500634479 0.027270326700250341 0.039159892585614454 0.0083855046113002017 0.010816549310886015 -0.0064511456241510513 0.026690138436547696 0.0011870691839459479 0.023779423169166078 -0.0067249630426988007 0.00060529353596221387 -0.002302724942058122 0.0044512717540801305 0.0032311780004688991 0.024489146461486814 0.020275283396926407 0.025298211446776988 0.0087133027264881414 0.0012368034908769431 0.014499572219079561
leaf_weight=3439 296 341 160 133 115 151 138 441 352 112 107 185 115 237 127 3247 146 663 131 100 153 147 243 1159 125 202 100 169 143 1061
leaf_count=3439 296 341 160 133 115 151 138 441 352 112 107 185 115 237 127 3247 146 663 131 100 153 147 243 1159 125 202 100 169 143 1061
internal_value=6.30159e-05 0.00807142 -0.00587472 0.0101178 0.00443823 -0.00678214 0.0138223 -0.00463204 0.000271258 0.00656086 0.00474145 0.0187383 0.026174 0.0153116 0.0205728 -0.00593073 0.0189911 -0.00166185 0.0160327 0.00564496 0.0061576 0.0101843 0.00426687 0.00516551 0.0112576 0.0131259 0.00970374 0.0148787 0.0112704 0.0129243
internal_weight=14238 6062 8176 439 3715 7737 2347 4298 900 2756 548 802 253 549 312 3398 279 959 243 2513 2413 771 1642 1527 368 624 422 269 1545 1204
internal_count=14238 6062 8176 439 3715 7737 2347 4298 900 2756 548 802 253 549 312 3398 279 959 243 2513 2413 771 1642 1527 368 624 422 269 1545 1204
is_linear=0
shrinkage=0.02


Tree=67
num_leaves=31
num_cat=0
split_feature=0 0 9 8 2 0 0 11 11 12 4 2 12 1 9 11 12 8 10 1 12 4 11 10 12 12 12 0 1 1
split_gain=1625.58 304.109 284.878 214.553 115.495 107.329 70.6929 65.7134 67.224 65.2699 60.8503 57.4059 66.8985 52.2529 50.9159 66.1385 59.1941 49.4198 65.3685 49.2536 99.4949 56.905 48.7031 47.4698 42.0448 48.2859 63.3016 59.7457 37.2383 68.0387
threshold=0.14525153369233676 0.21717116345947229 0.20042419224144423 2.5000000000000004 0.67561680278615943 0.095884927890779667 0.26553691660835571 0.70062500000000016 0.80187500000000012 64.21139705882355 -0.25273896143436958 0.93898644378569596 63.545955882352949 0.22772550495972865 0.15729406949921873 0.74645833333333345 67.343750000000014 2.5000000000000004 0.28443342756234918 0.41378362117153761 68.424632352941188 -0.25273896143436958 0.85058823529411776 0.34275574144508825 65.24264705882355 68.27389705882355 69.21139705882355 0.25108335190401571 0.29896673960935788 0.23106711227759805
decision_type=10 10 2 2 10 8 10 2 2 2 2 10 2 10 2 2 2 2 2 10 2 2 2 2 2 2 2 10 10 10
left_child=2 4 5 10 -2 -1 9 -7 13 -3 -4 12 -6 -9 15 16 -14 -16 -19 20 21 -8 23 -20 -11 27 -27 -26 29 -18
right_child=1 6 3 -5 11 7 19 8 -10 24 -12 -13 14 -15 17 -17 28 18 22 -21 -22 -23 -24 -25 25 26 -28 -29 -30 -31
leaf_value=-0.0092799120304612702 -0.0016286117884954897 -0.00096590059291985309 0.029353692082664633 -0.0067776072225970785 0.016599267317232356 -0.0058121202501009005 0.023242475378215315 0.0076886788628522367 -0.006554254772808318 0.022760930716676613 0.0094174725959077481 0.01571207479845901 -0.0032070002380710145 -0.0078912122338731724 0.017350756751839072 -0.010829188626097597 0.012804990349619022 0.0099602705921729741 0.0011974678463017455 0.012843870286590436 0.032944482331195679 0.0036126904096454382 -0.0052657603368695292 0.017491663405948345 0.010013033174062044 0.026136382570843292 0.011562964995771094 -0.0068903988957839104 0.018559396766718025 -0.0068655726119500248
leaf_weight=3439 959 162 158 181 201 3398 125 441 352 142 100 243 308 107 160 161 172 659 245 358 207 112 280 101 445 153 540 103 107 119
leaf_count=3439 959 162 158 181 201 3398 125 441 352 142 100 243 308 107 160 161 172 659 245 358 207 112 280 101 445 153 540 103 107 119
internal_value=6.17556e-05 0.00790999 -0.00575722 0.00991545 0.00434947 -0.0066465 0.0135458 -0.0045394 0.000265833 0.011045 0.0216265 0.00642965 0.00553206 0.00464662 0.0045699 0.000738241 0.00337614 0.0068689 0.00556377 0.0183635 0.0228141 0.013966 0.000935503 0.00595387 0.0124519 0.0112723 0.0147805 0.00683593 0.00847063 0.00476101
internal_weight=14238 6062 8176 439 3715 7737 2347 4298 900 1545 258 2756 2513 548 2312 867 706 1445 1285 802 444 237 626 346 1383 1241 693 548 398 291
internal_count=14238 6062 8176 439 3715 7737 2347 4298 900 1545 258 2756 2513 548 2312 867 706 1445 1285 802 444 237 626 346 1383 1241 693 548 398 291
is_linear=0
shrinkage=0.02


Tree=68
num_leaves=31
num_cat=0
split_feature=0 0 9 8 2 0 0 12 9 4 2 12 5 5 12 10 2 9 12 8 10 12 12 12 5 0 2 6 10 5
split_gain=1561.2 292.066 273.597 206.057 110.921 103.079 67.8935 62.6852 59.2227 58.4407 55.1326 64.2494 48.9197 85.196 71.8685 52.4536 61.2392 48.8997 50.1813 47.4628 62.7799 40.3798 46.3737 60.7949 67.1353 57.3797 37.2157 48.4697 71.1977 43.2442
threshold=0.14525153369233676 0.21717116345947229 0.20042419224144423 2.5000000000000004 0.67561680278615943 0.095884927890779667 0.26553691660835571 64.21139705882355 0.099916175436698951 -0.25273896143436958 0.93898644378569596 63.545955882352949 0.2555192418940917 0.10411059778105072 70.676470588235304 0.38644744800458214 0.92238411883964211 0.15729406949921873 67.424632352941188 2.5000000000000004 0.28443342756234918 65.24264705882355 68.27389705882355 69.21139705882355 0.53654686300217891 0.25108335190401571 0.37120195119156163 1.5000000000000002 0.15327278647144563 0.85076529518953914
decision_type=10 10 2 2 10 8 10 2 2 2 10 2 2 2 2 2 10 2 2 2 2 2 2 2 2 10 8 2 2 2
left_child=2 4 5 9 -2 -1 7 -3 -7 -4 11 -6 13 -8 15 16 -14 18 -13 -19 -21 -9 25 -24 -25 -23 -10 -28 -29 -30
right_child=1 6 3 -5 10 8 12 21 26 -11 -12 17 14 -15 -16 -17 -18 19 -20 20 -22 22 23 24 -26 -27 27 28 29 -31
leaf_value=-0.0090943137725253784 -0.0015960394919338143 -0.00094658238732796404 0.028766618420758956 -0.0066420548160699353 0.016267281921756506 -0.0073075515783866977 0.014677855596857388 0.022305712217701154 -0.013540464122580666 0.0092291230503469702 0.015397833067954446 -0.004597831497446467 0.016343543030881268 0.037986193893396338 -6.4220296863083532e-05 0.0071700132325772312 0.035006212072713032 0.01700374144781381 0.005074231525135287 0.009761065300610567 0.00091679258373217852 0.0098127724175665829 0.025613654829026049 0.016091246122539527 0.00088324745576938944 -0.0067525904227807689 -0.0060382312812372685 0.01090179493301548 -0.00063950630843764063 -0.013910645756800219
leaf_weight=3439 959 162 158 181 201 1731 138 142 117 100 243 390 213 115 107 124 105 160 477 659 626 445 153 371 169 103 799 208 1337 106
leaf_count=3439 959 162 158 181 201 1731 138 142 117 100 243 390 213 115 107 124 105 160 477 659 626 445 153 371 169 103 799 208 1337 106
internal_value=6.05205e-05 0.00775179 -0.00564208 0.00971714 0.00426248 -0.00651357 0.0132749 0.0108241 -0.00444861 0.0211939 0.00630105 0.00542142 0.0179963 0.0252726 0.0146431 0.0182034 0.0225057 0.00447851 0.000723477 0.00673152 0.00545249 0.0122029 0.0110469 0.0144849 0.0113317 0.00669921 -0.00252075 -0.0019945 -3.75379e-05 -0.00161438
internal_weight=14238 6062 8176 439 3715 7737 2347 1545 4298 258 2756 2513 802 253 549 442 318 2312 867 1445 1285 1383 1241 693 540 548 2567 2450 1651 1443
internal_count=14238 6062 8176 439 3715 7737 2347 1545 4298 258 2756 2513 802 253 549 442 318 2312 867 1445 1285 1383 1241 693 540 548 2567 2450 1651 1443
is_linear=0
shrinkage=0.02


Tree=69
num_leaves=31
num_cat=0
split_feature=0 0 11 8 2 3 1 3 3 0 5 0 5 1 8 1 5 2 5 3 11 5 11 1 3 2 1 4 0 5
split_gain=1499.38 280.518 245.23 162.712 114.756 84.6362 77.9551 73.9843 57.1834 55.8991 48.8269 64.2198 63.6601 58.441 54.5422 52.7857 57.4953 47.4737 47.3586 42.9002 45.729 42.489 42.4393 43.7103 41.6451 41.586 43.0648 41.1251 41.0099 41.7489
threshold=0.14525153369233676 0.2259294287639057 0.70062500000000016 1.5000000000000002 0.93898644378569596 76.000727188770796 0.086260876767971506 65.235698951259778 66.101099462234217 0.066664977645860726 0.5825240835560308 0.27039491609131677 0.6761597810690213 0.45519377262699301 4.5000000000000009 0.36781698665042228 0.35885505612110818 0.63999615761205708 0.83918163098423226 65.726911650687029 0.84453125000000007 0.59880645140677791 0.51775641025641039 0.28704057745288786 68.223540187501797 0.25421058308237038 1.0000000180025095e-35 -0.24174448338159199 0.19509235860341859 0.93728395339909987
decision_type=10 10 2 2 10 10 10 10 10 8 2 10 2 10 2 10 2 8 2 10 2 2 2 10 10 8 8 2 10 2
left_child=2 4 9 27 6 10 -2 17 -6 -1 11 15 -12 19 -14 -3 24 -8 21 -13 -21 -5 -19 -24 -17 -11 -27 -4 29 -9
right_child=1 5 3 18 8 -7 7 28 -10 25 12 13 14 -15 -16 16 -18 22 -20 20 -22 -23 23 -25 -26 26 -28 -29 -30 -31
leaf_value=-0.011048541178277116 -0.01023548031395132 0.015830189691808931 0.015041706369219308 -0.0035988096785041744 0.005146288528743357 0.031430109914175226 -0.011193112999338796 0.0035863109964484868 0.024085272742015437 -0.015470823873329209 -0.0030202063382897947 0.034619209372829043 0.0012593060969805518 0.0099756505922742288 0.017913838121568351 -0.006503128179786156 0.016549509125414179 -0.0080131315447057889 -0.015610829970267201 0.010188451281876541 0.028904189461163271 0.0068934350986916996 0.007676201804692662 -0.0017698430332562163 0.010177732990814908 -0.013195837845022863 -0.0055314174707998568 0.0029984866260269354 0.0097305637036833696 0.016838918551433796
leaf_weight=1235 154 509 333 756 101 103 135 1623 173 192 158 124 119 142 232 147 134 157 105 102 107 194 430 360 101 312 4877 172 850 101
leaf_count=1235 154 509 333 756 101 103 135 1623 173 192 158 124 119 142 232 147 134 157 105 102 107 194 430 360 101 312 4877 172 850 101
internal_value=5.93101e-05 0.00759675 -0.00552924 0.00160392 0.00460261 0.0137788 0.00370355 0.0042907 0.0171041 -0.00721118 0.0128092 0.0147793 0.00752196 0.0207185 0.0122674 0.011613 0.00599378 -9.75126e-05 -0.00286494 0.0252996 0.0197702 -0.00145618 0.00148423 0.00337168 0.000290287 -0.00633046 -0.00599226 0.0109399 0.00613531 0.00436271
internal_weight=14238 6062 8176 1560 4084 1978 3810 3656 274 6616 1875 1366 509 475 351 891 382 1082 1055 333 209 950 947 790 248 5381 5189 505 2574 1724
internal_count=14238 6062 8176 1560 4084 1978 3810 3656 274 6616 1875 1366 509 475 351 891 382 1082 1055 333 209 950 947 790 248 5381 5189 505 2574 1724
is_linear=0
shrinkage=0.02


Tree=70
num_leaves=31
num_cat=0
split_feature=9 0 0 9 8 10 2 5 4 8 5 8 1 0 9 10 9 10 2 0 9 5 4 5 5 5 10 2 9 6
split_gain=1473.94 341.632 299.307 168.998 120.882 92.1481 88.0137 80.164 79.7321 77.7177 85.2076 75.2141 74.6551 89.4139 80.889 68.5964 64.5966 63.4504 63.1823 62.9296 62.037 60.0086 92.7462 59.0927 55.3866 53.8998 51.5904 58.7748 51.286 77.6266
threshold=0.16929121725731897 0.13123663799781146 0.17963059322415706 0.25080313841781737 2.5000000000000004 0.063238642058389791 0.89577251378119638 0.35885505612110818 -0.44871318066123927 8.5000000000000018 0.52934940064702418 3.5000000000000004 0.44271269495219168 0.26553691660835571 0.19741609458428683 0.3763244772601097 0.085920291850220279 0.27163752248318895 0.41083275309601236 0.26141096259997415 0.19523313045340213 0.53407084423763462 -0.17894638188952014 0.45781279614800274 0.67083610014124828 0.81211267108018037 0.25931889056889063 0.82274787089245693 0.09202294614832511 4.5000000000000009
decision_type=2 10 8 2 2 2 10 2 2 2 2 2 10 10 2 2 2 2 8 8 2 2 2 2 2 2 2 8 2 2
left_child=1 16 4 6 20 -3 21 -7 -5 10 15 -9 13 14 -8 -10 -1 -6 -18 -11 -2 23 24 26 -23 -26 -4 -28 -13 -30
right_child=2 5 3 8 17 7 12 11 9 19 -12 28 -14 -15 -16 -17 18 -19 -20 -21 -22 22 -24 -25 25 -27 27 -29 29 -31
leaf_value=-0.010015186726521614 0.0050328303064618796 -0.0078380128879167125 0.014731291139989885 0.033108352056179922 0.0044629293126389798 -0.001026570705594247 0.0039623705571873134 -0.0034781530982396784 0.041939382238862372 -0.0033126979507505892 0.0098045919296076978 0.018131236792923285 0.00071240042464448773 0.033592871071887201 0.020429098982652084 0.019853040072242773 -0.010351554810262594 -0.0047892392393224306 -0.0043694525982210684 0.017935714029840059 0.026825842584411685 -0.013081755748596685 0.01359424125842559 0.020637245386921372 0.013523208836075103 -0.006712003977630626 0.012048098942566135 0.00035154357663958662 0.0036591541362453344 0.01802863812570096
leaf_weight=1767 105 389 360 174 541 1315 178 283 112 100 117 171 109 128 362 113 873 656 3697 126 104 145 195 192 101 110 303 397 823 184
leaf_count=1767 105 389 360 174 541 1315 178 283 112 100 117 171 109 128 362 113 873 656 3697 126 104 145 195 192 101 110 303 397 823 184
internal_value=0.000452711 -0.00408774 0.00957778 0.0128515 0.00184284 0.00127834 0.0104324 0.00255581 0.0212631 0.0176345 0.0236484 0.0057802 0.0160594 0.0185637 0.0150012 0.0308471 -0.00676781 -0.000607599 -0.0055122 0.00853376 0.0158772 0.00800738 0.00250734 0.0104279 -0.00356554 0.00297405 0.00857868 0.00541448 0.00800441 0.00628476
internal_weight=14230 9502 4728 3322 1406 3165 2580 2776 742 568 342 1461 777 668 540 225 6337 1197 4570 226 209 1803 551 1252 356 211 1060 700 1178 1007
internal_count=14230 9502 4728 3322 1406 3165 2580 2776 742 568 342 1461 777 668 540 225 6337 1197 4570 226 209 1803 551 1252 356 211 1060 700 1178 1007
is_linear=0
shrinkage=0.02


Tree=71
num_leaves=31
num_cat=0
split_feature=0 0 10 10 8 2 3 0 2 3 1 1 3 1 12 1 8 2 1 5 5 3 12 1 10 5 12 5 5 3
split_gain=1405.87 384.335 150.007 147.071 86.1536 100.085 91.1296 69.7291 64.3814 62.7274 61.369 89.6929 65.2447 54.0285 52.7111 51.2808 51.1338 66.7475 57.8008 89.1917 53.0449 48.1993 46.4997 44.2582 62.8857 56.4645 45.8153 43.3675 74.3811 44.5689
threshold=0.18350346723070785 0.12000062703473809 0.21506188953531227 0.32321955312325512 4.5000000000000009 0.70945526863306518 65.916260401855666 0.26737003982263091 0.8584070184249244 76.000727188770796 0.088235670766308533 0.15080086524733857 64.401880073679479 0.31889946152084253 65.454044117647072 0.36011339426229633 8.5000000000000018 0.95185386791959969 0.36781698665042228 0.19808223558997637 0.37255372019133709 66.919250700731908 69.656250000000014 0.44271269495219168 0.39327041351122111 0.53654686300217891 68.156250000000014 0.1615275254883598 0.27866727838153954 68.528418503457331
decision_type=10 8 2 2 2 10 10 10 10 8 10 10 10 8 2 10 2 10 10 2 2 10 2 10 2 2 2 2 2 10
left_child=1 8 10 4 5 -2 15 21 -1 13 -3 12 -12 27 -7 -6 17 23 20 -20 -18 -8 -11 24 25 26 -5 -4 -29 -30
right_child=3 2 9 16 6 14 7 -9 -10 22 11 -13 -14 -15 -16 -17 18 -19 19 -21 -22 -23 -24 -25 -26 -27 -28 28 29 -31
leaf_value=-0.0074660957534053284 -0.014764805766519064 -0.0062276557188734151 0.010229091450959195 0.0098827609914069123 0.0074934017240911545 0.016637463093150492 0.022851044238161516 0.027209496994659247 0.0080632828116211884 0.006639098413783978 -0.0058691383618007008 -0.0029131126424954195 0.011938226864052316 -0.0053592582564377942 0.002265167564138435 -0.005115874452495027 0.028747926230810711 0.031711917869850163 -0.0083196232787200383 0.013280786413784405 0.010390815338878721 0.010094020120420526 0.019569239278760139 0.0051470118700652516 0.030395432250930911 0.0026383982429605559 0.027721169238715475 -0.010833511683621153 0.0084604582797340698 -0.00075871034813423954
leaf_weight=5256 119 1082 356 101 499 129 136 131 109 376 109 1220 336 284 489 174 118 144 112 241 135 919 158 111 141 109 134 151 476 375
leaf_count=5256 119 1082 356 101 499 129 136 131 109 376 109 1220 336 284 489 174 118 144 112 241 135 919 158 111 141 109 134 151 476 375
internal_value=0.000443657 -0.00344762 0.000587804 0.0105993 0.00781761 0.00203106 0.0101117 0.0134474 -0.00715059 0.00451037 -0.00251941 -0.000109603 0.00757642 0.00257389 0.00526521 0.00423335 0.0159642 0.0194919 0.0116566 0.0064274 0.0189526 0.0117385 0.0104649 0.0165394 0.0191467 0.014536 0.0200544 0.00423296 0.0021026 0.00439796
internal_weight=14230 10288 4923 3942 2596 737 1859 1186 5365 2176 2747 1665 445 1642 618 673 1346 740 606 353 253 1055 534 596 485 344 235 1358 1002 851
internal_count=14230 10288 4923 3942 2596 737 1859 1186 5365 2176 2747 1665 445 1642 618 673 1346 740 606 353 253 1055 534 596 485 344 235 1358 1002 851
is_linear=0
shrinkage=0.02


Tree=72
num_leaves=31
num_cat=0
split_feature=9 2 9 2 5 8 8 4 10 10 10 2 11 9 10 2 5 5 12 9 10 2 10 4 8 11 10 2 12 4
split_gain=1367.38 292.111 225.295 133.037 91.8614 88.0588 84.3042 89.7151 71.0273 72.415 55.7071 76.1977 52.4559 84.7341 55.7629 60.229 50.924 50.6324 50.3961 50.3454 81.1166 51.8186 64.2125 48.9502 46.0464 59.4509 54.2393 62.2017 44.1072 50.9232
threshold=0.16929121725731897 0.67561680278615943 0.25080313841781737 0.85183886912455919 0.79436673502359822 9.5000000000000018 2.5000000000000004 -0.4125158084658625 0.22467619522197479 0.39327041351122111 0.010997591742597764 0.41083275309601236 0.85357142857142876 0.19523313045340213 0.26582168896593589 0.92077717351920607 0.12004650195649028 0.34406064590239788 70.909926470588246 0.21530609932934569 0.29676146801791542 0.82433753515186037 0.320862353714858 -0.31807390284648734 4.5000000000000009 0.62839583333333349 0.24340011894401906 0.86353203085370123 69.656250000000014 -0.20960178694777654
decision_type=2 10 2 10 2 2 2 2 2 2 2 8 2 2 2 10 2 2 2 2 2 8 2 2 2 2 2 10 2 2
left_child=1 10 3 4 5 19 -4 -8 -5 12 -1 -12 13 -10 -14 -16 -7 18 -3 20 -2 22 -21 -20 -19 -26 27 -27 29 -9
right_child=2 17 6 8 -6 16 7 28 9 -11 11 -13 14 -15 15 -17 -18 24 23 21 -22 -23 -24 -25 25 26 -28 -29 -30 -31
leaf_value=-0.010807897688784688 0.0099894717710316081 -0.0031186895959139289 0.032133054079333687 0.024235487321885418 -0.0066904703444981978 0.0090137368207327036 0.027292415943155263 0.024060559353919403 0.0054701980868787879 0.02440619321245896 -0.0098630943743751344 -0.004271077121101011 0.014619546257688298 0.019969645209883879 -0.0064631391373964455 0.0084945942827810844 -0.0027703778064306233 -0.0015915837341723739 -0.0029547195560207557 0.0088230724672524671 -0.0027044980031188941 0.0060999329909682274 0.029824214299112115 0.015716170677542687 0.00067357762873681605 0.010390963769776929 0.0031337006313409263 0.028893477974832056 0.0017061216247061062 0.0073567244215838367
leaf_weight=873 692 993 157 166 268 198 188 138 318 133 1222 4816 161 327 221 210 566 371 102 103 284 165 134 125 399 266 235 100 144 155
leaf_count=873 692 993 157 166 268 198 188 138 318 133 1222 4816 161 327 221 210 566 371 102 103 284 165 134 125 399 266 235 100 144 155
internal_value=0.000434784 -0.00393845 0.00922381 0.00728027 0.00434854 0.00572971 0.0190309 0.0157397 0.0118802 0.0103831 -0.00608559 -0.00540282 0.00887539 0.0128211 0.00457645 0.000824852 0.00028362 0.00178862 -0.00117518 0.00874916 0.00629573 0.0147057 0.0206971 0.00732661 0.004426 0.00665852 0.0106319 0.0154463 0.0107696 0.0152241
internal_weight=14230 9502 4728 3946 2410 2142 782 625 1536 1370 6911 6038 1237 645 592 431 764 2591 1220 1378 976 402 237 227 1371 1000 601 366 437 293
internal_count=14230 9502 4728 3946 2410 2142 782 625 1536 1370 6911 6038 1237 645 592 431 764 2591 1220 1378 976 402 237 227 1371 1000 601 366 437 293
is_linear=0
shrinkage=0.02


Tree=73
num_leaves=31
num_cat=0
split_feature=9 0 0 9 8 2 12 3 1 0 9 8 1 5 0 9 9 2 5 12 5 12 3 12 12 5 6 9 3 1
split_gain=1313.23 306.375 269.777 152.68 114.596 80.6241 77.0676 72.6086 71.6168 84.6618 75.6764 71.5525 97.1313 84.4591 70.1428 59.5213 59.2534 57.3768 55.8137 67.4066 62.2983 59.6784 74.5249 52.0943 49.1765 46.2575 44.993 77.4418 43.5236 63.7284
threshold=0.16929121725731897 0.13123663799781146 0.17963059322415706 0.25080313841781737 2.5000000000000004 0.89577251378119638 61.705882352941181 72.839515466499662 0.44271269495219168 0.26553691660835571 0.19741609458428683 3.5000000000000004 0.066543173005877795 0.35885505612110818 0.22177562338617388 0.085920291850220279 0.19523313045340213 0.41083275309601236 0.53407084423763462 68.718750000000014 0.46362537672689319 66.909926470588246 65.544506305648298 67.424632352941188 67.272058823529434 0.66701356989709149 3.5000000000000004 0.093928222579323831 69.130615068564722 0.36011339426229633
decision_type=2 10 8 2 2 10 2 8 10 10 2 2 10 2 10 2 2 8 2 2 2 2 8 2 2 2 2 2 10 8
left_child=1 15 4 5 16 18 -3 28 9 10 -7 24 -13 14 23 -1 -2 -17 19 20 -4 -20 -23 -14 -8 -24 27 -15 29 -5
right_child=2 6 3 7 -6 8 11 -9 -10 -11 -12 12 13 26 -16 17 -18 -19 21 -21 -22 22 25 -25 -26 -27 -28 -29 -30 -31
leaf_value=-0.0095148932169300642 0.0047621683967964991 0.016423807831597515 0.003904307151474959 0.029145214328779045 -0.00069000627990242541 0.0035426613770090467 -0.01291957072704902 0.032170745951913389 0.00020215484253857115 0.032310767583403503 0.019469987033835474 -0.010674305437090191 -0.0077254723038535922 0.014499516441130345 0.012752276870765186 -0.0098040898856232191 0.026060639957969006 -0.0041034404569249309 0.011518518007461629 0.015687493186122108 0.020555170944247109 -0.016674361547543891 -0.0066109797311100097 0.0017605655516443914 -0.00089558681795843468 0.010416616719877838 0.010591118893240728 -0.0018736219253748074 0.007517096385661815 0.013627410255299479
leaf_weight=1767 105 128 662 181 1197 178 232 158 109 128 362 219 444 162 133 873 104 3697 184 486 104 105 110 484 329 152 631 403 148 255
leaf_count=1767 105 128 662 181 1197 178 232 158 109 128 362 219 444 162 133 873 104 3697 184 486 104 105 110 484 329 152 631 403 148 255
internal_value=0.000426088 -0.00385968 0.00903933 0.0121474 0.00169587 0.00984797 0.00122196 0.0201426 0.0152336 0.0176864 0.0142199 0.000581246 0.0020425 0.00327643 -0.000831238 -0.0063977 0.0153605 -0.00519243 0.00752703 0.00986143 0.006165 0.00222272 -0.00243785 -0.00277801 -0.00586807 0.00326763 0.00692044 0.00282098 0.0168884 0.0200694
internal_weight=14230 9502 4728 3322 1406 2580 3165 742 777 668 540 3037 2476 2257 1061 6337 209 4570 1803 1252 766 551 367 928 561 262 1196 565 584 436
internal_count=14230 9502 4728 3322 1406 2580 3165 742 777 668 540 3037 2476 2257 1061 6337 209 4570 1803 1252 766 551 367 928 561 262 1196 565 584 436
is_linear=0
shrinkage=0.02


Tree=74
num_leaves=31
num_cat=0
split_feature=9 0 0 9 1 1 3 4 0 5 12 1 4 9 12 3 4 1 0 5 3 4 0 3 3 12 12 4 5 0
split_gain=1261.23 295.272 259.093 146.634 78.8583 75.493 75.4884 74.0501 72.1361 69.4156 128.809 69.3763 64.7627 57.9541 54.5687 52.2817 91.4934 76.7822 72.2615 50.9187 134.042 49.3145 49.2919 57.8459 48.956 47.9188 46.9777 62.8581 44.4029 44.1672
threshold=0.16929121725731897 0.12000062703473809 0.17963059322415706 0.25080313841781737 0.088235670766308533 0.41378362117153761 77.296120503667694 -0.44871318066123927 0.26553691660835571 0.53407084423763462 70.547794117647072 0.35227304383541214 -0.18471152213482384 0.085920291850220279 61.500000000000007 64.730641864164866 -0.13627653563021064 0.12158552473228898 0.16541067688421687 0.35885505612110818 66.559110419780893 -0.55859985728992123 0.25724307338431762 71.754952339858008 65.693386820071467 69.406250000000014 69.788602941176478 -0.37809221990698616 0.40194013417903579 0.11844155148281481
decision_type=2 10 8 2 10 8 10 2 10 2 2 10 2 2 2 10 2 10 10 2 10 2 8 8 10 2 2 2 2 10
left_child=1 13 29 5 -3 8 14 -5 9 21 12 -10 -11 -1 -6 16 -16 -17 -18 -19 -21 -4 -9 24 -24 -23 27 -7 -29 -2
right_child=2 4 3 7 6 26 -8 22 11 10 -12 -13 -14 -15 15 17 18 19 -20 20 -22 25 23 -25 -26 -27 -28 28 -30 -31
leaf_value=-0.0098265892882135834 -0.0045424812836195698 -0.0064605666794481558 0.0018525951300912044 0.031155089754878875 0.01455615053066741 -0.010677032798093603 0.016302842377650516 0.008777410885951388 0.0116709947232157 0.0032519143463967523 -0.016104647040367126 0.033608611756348397 0.019287503401312647 -0.0053852171223384782 -0.0075867116481272709 0.016598683258086659 -0.0044702290670963329 -0.0021268007599677032 0.018162220828862003 0.019283154029109625 0.00089514347006220058 0.011653600996698845 0.026037228569333066 0.032982617771646024 0.0077681374964969499 0.02115516677320289 0.012563824346583142 -0.0017407183442605372 0.011986939965220041 0.0036871766497837905
leaf_weight=1669 346 560 136 174 115 137 135 218 120 278 100 111 158 3972 630 138 109 975 117 193 889 660 101 109 140 313 190 188 189 1060
leaf_count=1669 346 560 136 174 115 137 135 218 120 278 100 111 158 3972 630 138 109 975 117 193 889 660 101 109 140 313 190 188 189 1060
internal_value=0.000417566 -0.00378249 0.00885854 0.0119044 0.000479005 0.00965101 0.00165627 0.0197397 0.0117468 0.0102771 0.00436752 0.0222124 0.00906298 -0.00669928 0.00103173 0.000521965 -0.00367045 0.00215691 0.00724657 0.00118804 0.00417508 0.0131334 0.0162427 0.0208926 0.0154245 0.0147101 0.00406626 0.000925142 0.00514132 0.00166195
internal_weight=14230 9502 4728 3322 3861 2580 3301 742 1876 1645 536 231 436 5641 3166 3051 856 2195 226 2057 1082 1109 568 350 241 973 704 514 377 1406
internal_count=14230 9502 4728 3322 3861 2580 3301 742 1876 1645 536 231 436 5641 3166 3051 856 2195 226 2057 1082 1109 568 350 241 973 704 514 377 1406
is_linear=0
shrinkage=0.02


Tree=75
num_leaves=31
num_cat=0
split_feature=0 9 9 0 3 9 2 10 3 9 10 4 3 2 9 9 0 9 1 10 12 12 11 9 1 1 1 4 3 0
split_gain=1476.02 295.238 193.32 116.357 97.3165 120.25 70.0614 74.1691 53.9441 68.0384 77.6741 86.8298 70.5088 62.5699 62.0338 51.6844 66.2475 58.0501 50.1824 47.8759 47.1141 44.5548 44.3727 44.3138 46.0201 52.6316 40.3048 39.1869 37.499 36.1337
threshold=0.19509235860341859 0.15729406949921873 0.21464364415733392 0.095884927890779667 73.99460970270367 0.22368588609833748 0.59144528557537235 0.28591300667154895 64.301782497248823 0.20717961914565108 0.15896694827330668 -0.55859985728992123 67.624799243656284 0.84322909641437727 0.19002650171429256 0.22162549988238064 0.25724307338431762 0.26418929283632464 0.088235670766308533 0.36010130116919736 69.343750000000014 67.343750000000014 0.79718750000000005 0.27566257761623508 0.41378362117153761 0.34718581055186476 0.3448515808508954 -0.47332255187631472 70.403752395172759 0.12992769986718486
decision_type=10 2 2 10 8 2 8 2 10 2 2 2 10 10 2 2 10 2 10 2 2 2 2 2 10 10 10 2 10 10
left_child=1 3 8 -1 6 20 -3 -8 26 10 -10 -12 14 -14 -13 -4 17 -17 -5 27 22 -20 -6 24 25 -18 -2 -9 -15 -23
right_child=2 4 15 18 5 -7 7 19 9 -11 11 12 13 28 -16 16 23 -19 21 -21 -22 29 -24 -25 -26 -27 -28 -29 -30 -31
leaf_value=-0.0081327447166478876 0.0067904732276707191 -0.007873794189331082 0.028111871697596814 -0.0064732818993417408 0.0055438992329556683 0.023790127235482083 0.0051594564598053698 0.0054947791815743788 -0.0010543916729327878 -0.0038758810234408008 -0.004786321082901137 0.015547205481706612 0.0041359151506175596 0.0087567845560037171 0.033884075943309562 0.00836823029938168 0.019158365188085516 0.021978232012153036 -0.0045913293266544551 0.0077588931885030537 0.01164617398931826 -0.0032019562075720795 -0.0088402180454763418 0.01109251628076104 0.016493421510529162 0.03730403811981281 -0.00501033352208989 -0.0075528868200188436 0.021471013780113912 0.0028437051489910619
leaf_weight=3725 258 389 152 1365 206 157 984 111 190 141 102 197 300 156 118 532 115 164 1303 135 203 670 147 148 201 144 210 540 229 965
leaf_count=3725 258 389 152 1365 206 157 984 111 190 141 102 197 300 156 118 532 115 164 1303 135 203 670 147 148 201 144 210 540 229 965
internal_value=-4.82776e-06 -0.00357611 0.0115909 -0.00554486 0.00192708 0.00833346 -0.000188601 0.00150041 0.00739061 0.00931596 0.0107556 0.0127918 0.0145848 0.0109835 0.0224163 0.017075 0.0157885 0.0115752 -0.00330459 -0.00308039 0.00396889 -0.00183242 -0.000446087 0.0206116 0.0236743 0.0292471 0.00149524 -0.00532817 0.0163193 0.000366278
internal_weight=14257 10900 3357 8028 2872 713 2159 1770 1901 1433 1292 1102 1000 685 315 1456 1304 696 4303 786 556 2938 353 608 460 259 468 651 385 1635
internal_count=14257 10900 3357 8028 2872 713 2159 1770 1901 1433 1292 1102 1000 685 315 1456 1304 696 4303 786 556 2938 353 608 460 259 468 651 385 1635
is_linear=0
shrinkage=0.02


Tree=76
num_leaves=31
num_cat=0
split_feature=0 0 10 11 8 1 0 8 12 6 3 3 12 3 0 4 0 6 4 1 4 3 1 8 0 0 10 10 1 4
split_gain=1417.57 277.183 117.084 109.698 108.946 94.2621 75.7411 71.3778 87.0073 77.7133 59.5188 59.0175 54.636 51.8642 49.0894 47.904 50.1832 47.3894 45.4911 43.2792 41.8742 70.5917 52.2609 49.7782 46.4062 41.8467 41.8024 53.4177 44.9336 39.2761
threshold=0.19509235860341859 0.12000062703473809 0.33165269088098254 0.71643750000000017 6.5000000000000009 0.084413517975568092 0.31054865388980696 4.5000000000000009 64.696691176470594 3.5000000000000004 74.64484688908459 65.380638696335538 71.205882352941188 67.836205574495992 0.24302582435930326 -0.42728194438577566 0.21717116345947229 2.5000000000000004 -0.23741820759218449 0.31686172746314512 -0.14870773988246275 64.507726907332739 0.27868692424694691 9.5000000000000018 0.16811060175314604 0.081493604058768432 0.25169474301473616 0.20695555880780001 0.35743508097692872 -0.046053488572129465
decision_type=10 8 2 2 2 10 10 2 2 2 10 10 2 10 10 2 10 2 2 10 2 10 10 2 8 10 2 2 10 2
left_child=1 25 6 5 -5 -3 7 9 -9 -2 11 14 -7 -14 19 -13 -17 -6 -18 -10 21 -19 23 -23 -22 -1 27 -11 -28 -4
right_child=2 3 29 4 17 12 -8 8 10 26 -12 15 13 -15 -16 16 18 20 -20 -21 24 22 -24 -25 -26 -27 28 -29 -30 -31
leaf_value=-0.008801710503634352 -0.0090323705209055163 -0.0073225749245401216 0.0153070839115026 0.0074494362769559107 -0.012726066297929706 -0.0014971790546859324 0.025236683712802202 -0.0012375534447787054 0.00930587661150214 0.0094421854239498445 -0.0015488198059692719 0.0089638113574014838 -0.0023390442313205814 0.014451453462757625 0.018108213161802399 0.012576839999601059 0.032296055674902166 -0.0072200526419731945 0.017839319935916916 -0.0069505100831258717 0.0017610425530940063 -0.0072160296084344848 0.016904081204071126 0.0085978367992748436 -0.015170694785622449 -0.0052280282292709018 0.0051212239992264267 -0.010464990752376615 0.022546587067812977 0.026503910266119861
leaf_weight=2275 174 1138 923 1126 131 1890 107 223 154 117 114 237 124 181 113 241 160 202 191 114 129 129 145 208 130 3092 143 100 101 145
leaf_count=2275 174 1138 923 1126 131 1890 107 223 154 117 114 237 124 181 113 241 160 202 191 114 129 129 145 208 130 3092 143 100 101 145
internal_value=-4.7312e-06 -0.00350459 0.0113591 -0.000363461 0.00310275 -0.00265139 0.00880779 0.00800215 0.0103197 0.00235613 0.0122663 0.0135678 -0.000229611 0.00762515 0.00705243 0.0165623 0.0196042 -0.00145438 0.0244293 0.00239085 0.000111461 0.00270486 0.00686426 0.00254446 -0.00673751 -0.00674286 0.00665461 0.000268372 0.0123342 0.0168273
internal_weight=14257 10900 3357 5533 2200 3333 2289 2182 1547 635 1324 1210 2195 305 381 829 592 1074 351 268 943 684 482 337 259 5367 461 217 244 1068
internal_count=14257 10900 3357 5533 2200 3333 2289 2182 1547 635 1324 1210 2195 305 381 829 592 1074 351 268 943 684 482 337 259 5367 461 217 244 1068
is_linear=0
shrinkage=0.02


Tree=77
num_leaves=31
num_cat=0
split_feature=0 0 10 11 8 1 0 8 12 6 5 0 3 3 12 3 0 4 0 6 4 1 0 10 4 3 1 8 0 10
split_gain=1361.43 266.206 112.447 105.354 104.632 90.5293 72.7418 68.5512 83.5618 74.6359 66.5922 58.7557 57.1619 56.6804 52.4724 49.8104 47.1455 46.007 48.1959 45.5128 43.6897 41.5653 40.3743 41.0446 40.216 67.7963 50.1914 47.807 44.5686 40.1471
threshold=0.19509235860341859 0.12000062703473809 0.33165269088098254 0.71643750000000017 6.5000000000000009 0.084413517975568092 0.31054865388980696 4.5000000000000009 64.696691176470594 3.5000000000000004 0.78413948689909252 0.13889391239038068 74.64484688908459 65.380638696335538 71.205882352941188 67.836205574495992 0.24302582435930326 -0.42728194438577566 0.21717116345947229 2.5000000000000004 -0.23741820759218449 0.31686172746314512 0.063927520952964181 0.014211912459174319 -0.14870773988246275 64.507726907332739 0.27868692424694691 9.5000000000000018 0.16811060175314604 0.25169474301473616
decision_type=10 8 2 2 2 10 10 2 2 2 2 8 10 10 2 10 10 2 10 2 2 10 10 2 2 10 10 2 8 2
left_child=1 22 6 5 10 -3 7 9 -9 -2 11 -5 13 16 -7 -16 21 -15 -19 -6 -20 -10 -1 -24 25 -21 27 -27 -26 -11
right_child=2 3 -4 4 19 14 -8 8 12 29 -12 -13 -14 17 15 -17 -18 18 20 24 -22 -23 23 -25 28 26 -28 -29 -30 -31
leaf_value=-0.0098561931788134702 -0.00885172307534122 -0.0071761234983783841 0.016490707256620198 0.021097687862976625 -0.012471544863336244 -0.0014672354346571771 0.024731950374128661 -0.0012128025057804958 0.0091197592915072071 0.00026300432832164836 -0.0073342092840799266 0.0070140845802407646 -0.0015178432668510235 0.0087845348576201659 -0.0022922632669008548 0.014162424454396045 0.01774604862374542 0.012325303274751698 0.031650134363910183 -0.0070756516344660869 0.017482533528620663 -0.0068114999662104402 -0.0096300818516809709 -0.0046859222660713858 0.0017258218219575955 -0.0070717087376487341 0.016565999455878447 0.0084258800081443049 -0.014867281130873241 0.012087498070046183
leaf_weight=1191 174 1138 1068 137 131 1890 107 223 154 217 112 877 114 237 124 181 113 241 160 202 191 114 841 3335 129 129 145 208 130 244
leaf_count=1191 174 1138 1068 137 131 1890 107 223 154 217 112 877 114 237 124 181 113 241 160 202 191 114 841 3335 129 129 145 208 130 244
internal_value=-4.63658e-06 -0.00343449 0.0111319 -0.000356192 0.0030407 -0.00259836 0.00863163 0.00784211 0.0101133 0.00230901 0.00730045 0.0089169 0.0120209 0.0132965 -0.000225019 0.00747265 0.00691138 0.016231 0.0192121 -0.0014253 0.0239407 0.00234303 -0.00660801 -0.00568162 0.000109232 0.00265076 0.00672698 0.00249357 -0.00660276 0.00652152
internal_weight=14257 10900 3357 5533 2200 3333 2289 2182 1547 635 1126 1014 1324 1210 2195 305 381 829 592 1074 351 268 5367 4176 943 684 482 337 259 461
internal_count=14257 10900 3357 5533 2200 3333 2289 2182 1547 635 1126 1014 1324 1210 2195 305 381 829 592 1074 351 268 5367 4176 943 684 482 337 259 461
is_linear=0
shrinkage=0.02


Tree=78
num_leaves=31
num_cat=0
split_feature=0 9 9 0 0 5 8 9 9 8 9 4 9 8 4 10 9 9 4 5 5 5 8 9 0 4 9 9 4 10
split_gain=1307.52 267.908 176.884 103.534 81.7172 66.5908 64.0442 97.2232 63.6394 64.4458 58.8621 52.7794 52.2472 112.957 70.6452 56.5567 50.5706 56.0129 76.7552 76.1181 60.4453 65.3319 61.0215 62.7596 49.648 49.6107 49.518 63.1693 68.1903 43.4421
threshold=0.19509235860341859 0.15729406949921873 0.21464364415733392 0.095884927890779667 0.1461110868400016 0.83918163098423226 4.5000000000000009 0.17678672716959729 0.22540617026892287 2.5000000000000004 0.21760666528148659 -0.38876069716384243 0.19061860974711789 8.5000000000000018 -0.22191494719263802 0.29676146801791542 0.20853359395960294 0.18255910067779801 -0.48567128035636958 0.25793081581240979 0.18457197366610661 0.052089184274203816 7.5000000000000009 0.13348734228405049 0.16344830681857406 -0.51332393614638405 0.22162549988238064 0.25566543328549046 -0.47730285422683338 0.24132611360117315
decision_type=10 2 2 10 8 2 2 2 2 2 2 2 2 2 2 2 2 2 2 2 2 2 2 2 8 2 2 2 2 2
left_child=1 3 16 -1 5 6 7 -3 10 -10 11 24 15 14 -14 -13 17 20 -19 -20 21 -2 -22 -24 -6 -26 -4 -28 -29 -25
right_child=2 4 26 -5 8 -7 -8 -9 9 -11 -12 12 13 -15 -16 -17 -18 18 19 -21 22 -23 23 29 25 -27 27 28 -30 -31
leaf_value=-0.0076823542560778878 0.0049965862903369254 -0.004002319255045482 0.026958138251334036 -0.0031279968882090589 0.022238428496262608 -0.017518200775924721 -0.004085219217005367 0.019551263992855353 0.022485773946961451 0.0039647744132731205 -0.011937385171209233 0.0011359557483968 0.005039868269748283 -0.0052595298355560252 0.027769962332780122 -0.013397779663449483 -0.003517577839248321 -0.0031581186383681475 0.025988993793318833 0.010281857145178602 0.0024011785155280104 -0.014647620977026172 0.00056053083546668569 0.026554253348925465 -0.0039897495655921 0.013453138479712926 0.010838253277043502 0.033224037333133338 0.016311431951102955 0.010769483799524342
leaf_weight=3725 169 147 152 4303 102 106 695 134 145 156 101 504 106 162 113 136 170 106 183 379 395 113 107 138 116 149 705 119 480 141
leaf_count=3725 169 147 152 4303 102 106 695 134 145 156 101 504 106 162 113 136 170 106 183 379 395 113 107 138 116 149 705 119 480 141
internal_value=-4.54385e-06 -0.0033658 0.0109093 -0.00524122 0.00187649 -0.00246269 -0.00082756 0.00722964 0.00449939 0.0128869 0.00280387 0.00387654 0.00153831 0.00740207 0.0167682 -0.00195246 0.00689149 0.00791376 0.0124522 0.0153965 0.00506178 -0.00287503 0.00792756 0.0135828 0.0103815 0.00581776 0.0161551 0.0148958 0.0196714 0.018577
internal_weight=14257 10900 3357 8028 2872 1082 976 281 1790 301 1489 1388 1021 381 219 640 1901 1731 668 562 1063 282 781 386 367 265 1456 1304 599 279
internal_count=14257 10900 3357 8028 2872 1082 976 281 1790 301 1489 1388 1021 381 219 640 1901 1731 668 562 1063 282 781 386 367 265 1456 1304 599 279
is_linear=0
shrinkage=0.02


Tree=79
num_leaves=31
num_cat=0
split_feature=0 0 10 11 8 1 2 8 12 0 5 5 1 0 1 11 11 12 6 2 2 4 1 2 2 0 4 4 4 1
split_gain=1255.74 247.822 104.742 97.4861 97.7786 85.7384 80.6481 69.2787 71.8815 93.8097 73.4475 62.8756 58.3647 56.8724 56.8124 103.921 53.0527 50.4715 43.9041 42.1412 40.7035 38.5121 38.1211 53.2993 48.5361 46.6271 38.0178 86.7333 58.3616 58.4398
threshold=0.19509235860341859 0.12000062703473809 0.33165269088098254 0.71643750000000017 6.5000000000000009 0.084413517975568092 0.79774586648376011 1.5000000000000002 66.781250000000014 0.24990277573044953 0.069159448753098138 0.78413948689909252 0.40272334362237044 0.13889391239038068 0.36781698665042228 0.77703296703296709 0.85357142857142876 71.205882352941188 2.5000000000000004 0.8654080303084063 1.0000000180025095e-35 -0.079675167653973963 0.1269274318022782 0.55549804425824234 0.91165143277388194 0.15062530810718025 -0.046053488572129465 -0.15457905541531117 -0.21589625664677206 0.44271269495219168
decision_type=10 8 2 2 2 10 10 2 2 10 2 2 10 8 10 2 2 2 2 10 10 2 10 10 8 10 2 2 2 10
left_child=1 19 6 5 11 20 -2 -8 -9 10 -10 13 -11 -5 15 -12 -17 22 -6 -1 -3 -20 23 -7 -24 -26 27 28 29 -4
right_child=2 3 26 4 18 17 7 8 9 12 14 -13 -14 -15 -16 16 -18 -19 21 -21 -22 -23 24 -25 25 -27 -28 -29 -30 -31
leaf_value=-0.006608360629034438 0.002491205131915291 -0.0054382086818751674 0.017879375783744315 0.020611766724147069 -0.01222732056010486 -0.0035585259236395363 -0.0037121101731919055 0.0057636910237164963 0.024318388364329115 0.029490983268949722 0.023721360286614701 -0.0071633192843624524 0.011432705068206858 0.0067557101317709516 -0.0045260215253849342 -0.0073486809580175731 0.011285119923379492 0.0073739630145433013 0.0020109275350963037 0.006308963868441513 -0.016465647396781753 -0.0085518678951831094 -0.003965846703557205 0.016989315379337937 -0.004577331527947418 0.011360849220564382 0.025383426065974195 0.00010774321233232817 0.030503594771704893 0.003496802605416936
leaf_weight=5264 678 983 525 137 131 100 123 504 127 225 157 112 105 877 123 111 136 305 775 103 155 168 1384 102 124 180 145 144 110 144
leaf_count=5264 678 983 525 137 131 100 123 504 127 225 157 112 105 877 123 111 136 305 775 103 155 168 1384 102 124 180 145 144 110 144
internal_value=-4.45298e-06 -0.00329849 0.0106911 -0.000328381 0.00293921 -0.0024852 0.00827799 0.0107134 0.0119058 0.0150518 0.0106652 0.00705709 0.0237452 0.00862778 0.007375 0.0109983 0.00291123 -0.000175513 -0.00137805 -0.00636046 -0.00694019 0.000129115 -0.00139382 0.00681712 -0.0023764 0.00485975 0.015863 0.0143674 0.0170033 0.0147836
internal_weight=14257 10900 3357 5533 2200 3333 2289 1611 1488 984 654 1126 330 1014 527 404 247 2195 1074 5367 1138 943 1890 202 1688 304 1068 923 779 669
internal_count=14257 10900 3357 5533 2200 3333 2289 1611 1488 984 654 1126 330 1014 527 404 247 2195 1074 5367 1138 943 1890 202 1688 304 1068 923 779 669
is_linear=0
shrinkage=0.02


Tree=80
num_leaves=31
num_cat=0
split_feature=0 11 2 0 10 2 8 1 12 0 1 11 1 5 3 2 11 10 10 1 2 3 11 1 1 12 5 11 0 5
split_gain=1055.01 278.244 159.782 117.467 108.289 99.2648 89.5122 88.0809 85.6368 78.4995 74.1511 64.3402 61.9043 61.761 60.8797 78.9073 58.1087 55.8669 72.5106 52.6328 64.0794 63.5152 50.2151 49.837 52.9385 44.5668 52.273 43.9201 43.8027 42.9729
threshold=0.19509235860341859 0.62581730769230781 0.92077717351920607 0.26553691660835571 0.320862353714858 0.48704459219651824 4.5000000000000009 0.48839648225286408 68.424632352941188 0.097817786661374265 0.3382794331923572 0.893798076923077 0.41378362117153761 0.2555192418940917 73.002519460515259 0.79774586648376011 0.80408333333333348 0.063238642058389791 0.12740975902135851 0.36304664954379234 0.79091760605749095 68.223540187501797 0.84453125000000007 0.11474405754648702 0.086260876767971506 66.968750000000014 0.33823658507096377 0.71643750000000017 0.28610544383938002 0.5112024637495628
decision_type=10 2 8 10 2 10 2 10 2 10 10 2 10 2 10 10 2 2 2 10 8 10 2 10 8 2 2 2 10 2
left_child=1 9 5 4 6 -3 14 8 22 -1 -6 13 28 -12 15 -2 -17 -11 -19 20 27 -21 -5 24 -7 26 -22 -8 -10 -4
right_child=3 2 29 7 10 23 19 -9 12 17 11 -13 -14 -15 -16 16 -18 18 -20 21 25 -23 -24 -25 -26 -27 -28 -29 -30 -31
leaf_value=-0.0077125324414904651 -0.021136304855642614 -0.010130970024378698 0.005846371121472559 0.0047595216578730712 0.021331584811691316 -0.00156088258445698 0.010745047547846522 0.0014367329665368662 0.042531478042696039 -0.0065950279061437952 0.0015301787038551312 -0.0012475999664448335 0.01602495884113278 0.020041444528831078 0.010605680575737587 0.0079460073916388929 -0.011766577177104496 0.0039402675015139986 -0.0041484461725787864 -0.0078407053984481199 -0.0046857594512403015 0.01168609424612739 0.020148827581562931 -0.00060198124962007864 0.014957685148702445 0.016700806542087644 0.013715613465266008 -0.0054651346688087167 0.024041394513208889 0.015837416203344258
leaf_weight=3487 107 417 574 178 310 137 117 133 102 1290 107 167 141 221 104 139 105 696 1221 169 104 110 162 2678 179 448 152 156 103 246
leaf_count=3487 107 417 574 178 310 137 117 133 102 1290 107 167 141 221 104 139 105 696 1221 169 104 110 162 2678 179 448 152 156 103 246
internal_value=-9.23412e-05 -0.00309797 0.00091673 0.00975369 0.00761215 -0.000988899 0.00476612 0.0163326 0.0192206 -0.0056355 0.0136613 0.00885765 0.0262254 0.0140027 -0.00283426 -0.00681647 -0.000536867 -0.00337712 -0.0012117 0.00751944 0.00970729 -0.000141967 0.0120921 0.000284395 0.00779615 0.0128969 0.00624006 0.00148209 0.0332413 0.00884368
internal_weight=14260 10925 4231 3335 2516 3411 1711 819 686 6694 805 495 346 328 455 351 244 3207 1917 1256 977 279 340 2994 316 704 256 273 205 820
internal_count=14260 10925 4231 3335 2516 3411 1711 819 686 6694 805 495 346 328 455 351 244 3207 1917 1256 977 279 340 2994 316 704 256 273 205 820
is_linear=0
shrinkage=0.02


Tree=81
num_leaves=31
num_cat=0
split_feature=0 9 9 8 0 9 3 4 5 1 0 1 12 12 1 5 1 12 9 3 9 9 5 4 11 11 12 5 12 5
split_gain=1013.23 271.324 129.679 124.054 117.953 92.6718 76.5344 74.4402 64.9836 63.6732 61.0549 58.4895 55.0562 186.65 83.7894 63.7507 62.3571 56.6667 51.5658 43.8718 43.5192 43.1097 42.5249 40.7319 40.6427 53.9645 40.4717 39.239 38.2713 38.1702
threshold=0.19509235860341859 0.16419763404688031 0.25321706388613047 6.5000000000000009 0.095884927890779667 0.19353192971977504 65.415487688348648 -0.0092518596530107196 0.67948895002097365 0.3448515808508954 0.24791153012762027 0.088235670766308533 71.24264705882355 69.303308823529434 0.28357767000363571 0.11457345741320796 0.39943684146734232 67.468750000000014 0.16998560663787995 59.41546035654499 0.19741609458428683 0.17799820984097015 0.21591086721121147 -0.44871318066123927 0.73811764705882366 0.79154761904761917 68.531250000000014 0.49312861800431196 73.281250000000014 0.1436463568929624
decision_type=10 2 2 2 8 2 10 2 2 10 10 10 2 2 10 2 10 2 2 10 2 2 2 2 2 2 2 2 2 2
left_child=1 4 6 5 -1 24 9 12 29 10 26 19 13 14 27 -16 17 -17 -5 -6 -15 -14 -11 -4 -3 -26 -2 -8 -13 -7
right_child=2 3 23 18 11 8 7 -9 -10 22 -12 28 21 20 15 16 -18 -19 -20 -21 -22 -23 -24 -25 25 -27 -28 -29 -30 -31
leaf_value=-0.0077199707883724815 0.0082148848020053098 -0.0052128953603847372 0.026938232662641025 0.0093209759880310706 -0.00088370670776652253 0.026389456685898562 -0.0083141568096922365 0.021745392184876099 -0.0017006668706352895 -0.014596382966898021 0.021132859609582843 -0.0016786512387011387 0.010727273439643558 0.015059383904699644 -0.00087691288595753052 0.022489172248032822 0.0030141321215675682 0.0071775949607292815 -0.0031215121478974767 -0.0074219464175403118 0.030331817799190568 -0.0051590237110072093 0.00060478660054216087 0.014911499854638174 0.017553344953512014 0.00050737126495595242 -0.0060646754297881559 0.006613426090473622 0.0088682149393328781 0.012907517450950329
leaf_weight=3241 247 217 146 152 575 105 187 190 104 103 102 3107 108 128 175 272 181 150 1079 1435 179 186 258 493 108 238 117 113 144 420
leaf_count=3241 247 217 146 152 575 105 187 190 104 103 102 3107 108 128 175 272 181 150 1079 1435 179 186 258 493 108 238 117 113 144 420
internal_value=-9.04945e-05 -0.00303601 0.00955861 0.002868 -0.00471861 0.00746686 0.00763858 0.00988012 0.0127427 0.00257276 0.00745721 -0.00286964 0.00853742 0.010206 0.00628791 0.00975038 0.0128346 0.0170467 -0.00158515 -0.00555155 0.0239642 0.000676759 -0.00373239 0.0176594 0.0015725 0.00582808 0.00362503 -0.00269143 -0.00121149 0.0156039
internal_weight=14260 10925 3335 2423 8502 1192 2696 1869 629 827 466 5261 1679 1385 1078 778 603 422 1231 2010 307 294 361 639 563 346 364 300 3251 525
internal_count=14260 10925 3335 2423 8502 1192 2696 1869 629 827 466 5261 1679 1385 1078 778 603 422 1231 2010 307 294 361 639 563 346 364 300 3251 525
is_linear=0
shrinkage=0.02


Tree=82
num_leaves=31
num_cat=0
split_feature=2 2 11 2 1 10 11 4 12 6 1 1 2 10 5 2 10 6 5 12 10 1 11 6 1 8 11 11 8 2
split_gain=858.347 170.503 146.995 127.946 96.8531 86.0627 75.3656 72.0237 57.2349 49.6488 53.2976 42.7296 49.8314 43.4469 41.4382 39.1817 46.1176 39.3753 36.5686 57.8076 44.2408 66.9366 42.5491 35.3515 35.1813 43.8838 35.2845 34.5679 36.2672 33.0458
threshold=0.70408403706893219 0.92077717351920607 0.62581730769230781 0.4911461438772054 0.11474405754648702 0.42404942270950036 0.84438541666666678 -0.44006527539573237 66.218750000000014 1.5000000000000002 0.30981357542754923 0.22917445691773428 0.66830886058030181 0.24855061825961103 0.76950640201922094 0.28631848677325361 0.010997591742597764 4.5000000000000009 0.18782064298877479 67.424632352941188 0.34819042378274373 0.37089353563381261 0.893798076923077 4.5000000000000009 0.27868692424694691 7.5000000000000009 0.57571895424836617 0.893798076923077 5.5000000000000009 0.94451845047667427
decision_type=10 10 2 8 10 2 2 2 2 2 8 10 10 2 2 8 2 2 2 2 2 10 2 2 10 2 2 2 2 10
left_child=2 5 15 -4 27 9 7 -3 -9 10 -2 -6 13 -13 23 -1 -17 24 19 -11 22 -22 -20 29 26 -26 -18 28 -5 -8
right_child=1 6 3 4 11 -7 14 8 -10 18 -12 12 -14 -15 -16 16 17 -19 20 -21 21 -23 -24 -25 25 -27 -28 -29 -30 -31
leaf_value=-0.010637243410568044 -0.007300410738986054 0.019465144145928447 -0.0095961329289123241 0.0041347672273970657 -0.0046723448958679989 0.020718317286819526 0.012421910401413785 -0.010479763288878731 0.0070983269786998879 -0.0038551268444955351 0.0094896694870278391 -0.0018982012964785101 -0.0048113231064628934 0.014576653914547034 0.028249231776795707 -0.0095109288414137634 -0.004095617267049172 -0.012637669018076525 0.0054016988128238377 0.0051171918111059958 0.020723601681379118 0.002955797454457224 -0.0034369002087041734 0.0086710136136437053 -0.0059227502369552411 0.012037095833822327 -0.01344860898580269 0.01888865332792301 0.016604535975946792 0.024204184957443902
leaf_weight=600 301 122 435 535 638 121 187 108 236 500 101 100 182 178 104 861 4070 225 2362 675 178 162 240 244 101 118 168 101 113 194
leaf_count=600 301 122 435 535 638 121 187 108 236 500 101 100 182 178 104 861 4070 225 2362 675 178 162 240 244 101 118 168 101 113 194
internal_value=-8.86845e-05 0.00580743 -0.00417223 0.000162163 0.00246041 0.00407243 0.0125442 0.0062621 0.00157962 0.00362673 -0.00308201 -0.00132222 0.00332427 0.00865045 0.0165599 -0.00578237 -0.00525685 -0.00447455 0.00428179 0.00129918 0.00547301 0.0122578 0.00458646 0.0146148 -0.00406245 0.00375424 -0.00446638 0.00800556 0.00630928 0.0184213
internal_weight=14260 5835 8425 2282 1847 4640 1195 466 344 4519 402 1098 460 278 729 6143 5543 4682 4117 1175 2942 340 2602 625 4457 219 4238 749 648 381
internal_count=14260 5835 8425 2282 1847 4640 1195 466 344 4519 402 1098 460 278 729 6143 5543 4682 4117 1175 2942 340 2602 625 4457 219 4238 749 648 381
is_linear=0
shrinkage=0.02


Tree=83
num_leaves=31
num_cat=0
split_feature=9 1 9 1 3 9 8 10 6 12 12 10 12 11 9 9 3 3 9 8 5 1 5 11 1 10 10 3 12 12
split_gain=898.593 190.17 169.509 98.0928 87.7636 78.2534 74.6914 72.052 69.1629 71.0957 107.575 64.8667 54.5531 53.229 52.6379 64.7125 68.9856 55.6334 90.2359 53.8127 49.2664 65.1007 49.1404 100.263 47.7488 47.4147 45.1054 43.3831 43.5572 42.0987
threshold=0.18255910067779801 0.086260876767971506 0.24453002781157659 0.2019349352346804 75.201564324530537 0.13348734228405049 8.5000000000000018 0.27163752248318895 2.5000000000000004 71.406250000000014 69.906250000000014 0.2892046614430413 71.24264705882355 0.62839583333333349 0.19401668904156469 0.22835233282406867 70.366036324048139 69.86199086253184 0.21464364415733392 8.5000000000000018 0.28744572080397141 0.3382794331923572 0.22319663464287959 0.89031250000000017 0.27657439161178321 0.18190646807733227 0.21212042111454663 59.550796099763652 67.24264705882355 68.343750000000014
decision_type=2 10 2 8 8 2 2 2 2 2 2 2 2 2 2 2 8 10 2 2 2 10 2 2 10 2 2 10 2 2
left_child=1 12 3 6 22 25 -2 20 -9 10 14 13 27 -7 -10 17 -17 18 -16 -19 -5 24 23 -4 -22 -3 -27 28 -1 -8
right_child=2 5 4 7 -6 11 29 8 9 -11 -12 -13 -14 -15 15 16 -18 19 -20 -21 21 -23 -24 -25 -26 26 -28 -29 -30 -31
leaf_value=0.003638390357483571 0.0052279519326254428 -0.0018806562208624532 -0.0061858720515868557 0.019905500949988532 0.030367348021931119 -0.0032777012647811051 -0.016989784745404319 -0.0087026819712840604 -0.0041191676376106517 -0.0052595370663278788 0.022547683371754178 -0.0063629091622394171 -0.011790417261899206 0.0040463332223824745 0.0082070728288310482 -0.007242990529510317 0.012641584433363154 0.011499876939481304 0.026862824333033393 -0.0065568743719030985 0.0097366872789116897 0.022957595835253596 0.016179684316364303 0.01945341326828514 -0.0066736007066300288 -0.013731730203239286 -0.0025560087434829439 -0.0064926586989993195 -0.0060287312702708394 -0.001476105145517398
leaf_weight=380 306 2484 134 258 135 492 137 130 179 182 178 367 628 2054 271 194 109 155 168 115 223 100 571 112 104 294 284 3007 366 143
leaf_count=380 306 2484 134 258 135 492 137 130 179 182 178 367 628 2054 271 194 109 155 168 115 223 100 571 112 104 294 284 3007 366 143
internal_value=-8.69108e-05 -0.00316946 0.00809007 0.00572343 0.0154286 -0.000848742 -0.00160227 0.00753782 0.00530986 0.00648435 0.00804563 0.00149789 -0.00633457 0.00263101 0.00587823 0.00764655 -8.97936e-05 0.0109528 0.0153464 0.00380904 0.0130053 0.00883603 0.0129602 0.0054873 0.00451751 -0.00308118 -0.00824055 -0.00542162 -0.00110446 -0.00906673
internal_weight=14260 10356 3904 2952 952 5975 586 2366 1681 1551 1369 2913 4381 2546 1191 1012 303 709 439 270 685 427 817 246 327 3062 578 3753 746 280
internal_count=14260 10356 3904 2952 952 5975 586 2366 1681 1551 1369 2913 4381 2546 1191 1012 303 709 439 270 685 427 817 246 327 3062 578 3753 746 280
is_linear=0
shrinkage=0.02


Tree=84
num_leaves=31
num_cat=0
split_feature=0 0 0 11 10 8 1 12 2 1 8 2 11 1 5 5 2 10 1 2 4 11 10 0 11 10 1 4 4 11
split_gain=914.745 242.319 106.011 105.939 96.7786 85.844 84.2521 80.6972 78.4794 70.2539 63.2359 72.9687 62.2672 60.0187 57.8026 57.5994 50.8001 52.7481 50.3869 60.0951 72.206 48.5631 48.2904 46.935 46.1149 44.5375 42.6711 65.2166 66.9836 81.8579
threshold=0.19509235860341859 0.12718191894270031 0.26553691660835571 0.33900000000000008 0.320862353714858 4.5000000000000009 0.48839648225286408 68.424632352941188 0.48013141640868179 0.3382794331923572 10.500000000000002 0.94001163670559063 0.893798076923077 0.41378362117153761 0.51401660061325072 0.2555192418940917 0.91001600994976262 0.20412764345763643 0.36304664954379234 0.79091760605749095 -0.47332255187631472 0.87364583333333345 0.25801865620420045 0.082930777469887626 0.84453125000000007 0.13933212982837542 0.24339665445871936 -0.42425099088162904 -0.15176099037308841 0.71354166666666685
decision_type=10 8 10 2 2 2 10 2 8 10 2 10 2 10 2 2 8 2 10 8 2 2 2 10 2 2 10 2 2 2
left_child=1 23 4 -3 5 16 7 24 -5 -6 11 26 15 -9 25 -11 17 -2 19 -7 -21 -22 -20 -1 -4 -12 -10 -28 29 -29
right_child=2 3 6 8 9 18 -8 13 10 12 14 -13 -14 -15 -16 -17 -18 -19 22 20 21 -23 -24 -25 -26 -27 27 28 -30 -31
leaf_value=-0.0078139922853937734 -0.010764108317175714 -0.005788381339785347 0.0042107209753705546 -0.01301733764234398 0.020233206328034645 0.0012296303058718587 0.00076437985510530333 0.031865462036394496 0.0048481802490156073 0.0011080105090949023 0.0059470590927683921 0.020463070043242805 -0.001849627140435407 0.014913306013657876 0.0047485826506495138 0.01898472591594064 -0.013483186182390928 0.0066822332314245107 0.0079688155382831131 -0.00013084006873337 0.012669702948308581 0.027558295051439093 -0.0086734902861376178 -0.0041718439833440656 0.018958369720451257 -0.0072849732010243961 0.0091364996976673954 -0.019605411705936982 0.0046250690531589294 -0.0014718413776878653
leaf_weight=2377 101 925 178 140 310 273 133 205 1905 107 122 101 167 141 354 221 133 221 138 148 447 109 141 3498 162 613 215 161 253 261
leaf_count=2377 101 925 178 140 310 273 133 205 1905 107 122 101 167 141 354 221 133 221 138 148 447 109 141 3498 162 613 215 161 253 261
internal_value=-8.51726e-05 -0.00288388 0.009083 0.00032883 0.00704857 0.00435804 0.0153329 0.0181574 0.00170057 0.0127672 0.00221763 0.00376258 0.0080915 0.0249572 -0.00189086 0.013153 -0.00308498 0.00120993 0.00705436 0.00919502 0.0122839 0.0155885 -0.000441812 -0.00564544 0.0112375 -0.00508864 0.00315909 -0.000456328 -0.00351182 -0.0083901
internal_weight=14260 10925 3335 5050 2516 1711 819 686 4125 805 3985 2896 495 346 1089 328 455 322 1256 977 704 556 279 5875 340 735 2795 890 675 422
internal_count=14260 10925 3335 5050 2516 1711 819 686 4125 805 3985 2896 495 346 1089 328 455 322 1256 977 704 556 279 5875 340 735 2795 890 675 422
is_linear=0
shrinkage=0.02


Tree=85
num_leaves=31
num_cat=0
split_feature=9 9 11 2 2 5 5 12 4 6 5 11 8 4 4 4 9 11 12 2 10 11 11 2 5 2 10 2 9 10
split_gain=677.024 198.279 135.857 117.503 94.622 93.4718 73.7198 72.9337 69.0436 64.8089 58.8489 71.6032 58.4753 58.4155 64.921 74.5724 73.4386 65.9091 58.1467 59.1615 57.3827 56.6302 54.1143 79.132 53.5046 52.7795 61.7179 52.5834 50.4169 48.0549
threshold=0.15729406949921873 0.24453002781157659 0.62581730769230781 0.87342518550476 0.85183886912455919 0.82370219508838882 0.61034307507648022 69.303308823529434 -0.56371630519414373 2.5000000000000004 -0.10695577394247956 0.86775000000000013 9.5000000000000018 -0.14614830609655058 -0.20316298589095705 -0.25273896143436958 0.1781525224237997 0.81118055555555568 69.788602941176478 0.61669757676926928 0.28834498707174311 0.93781250000000005 0.76593750000000005 0.70750507683933261 0.19322190920620971 0.28631848677325361 0.014211912459174319 0.91989913731649653 0.22289407712995754 0.2457321364650164
decision_type=2 2 2 10 10 2 2 2 2 2 2 2 2 2 2 2 2 2 2 8 2 2 2 10 2 8 2 10 2 2
left_child=3 2 29 25 5 7 -5 10 -6 -10 -4 12 28 14 15 16 -11 -18 -9 -20 -19 -3 23 -14 -15 -1 -27 -22 -12 -2
right_child=1 21 4 6 8 -7 -8 18 9 13 11 -13 22 24 -16 -17 17 20 19 -21 27 -23 -24 -25 -26 26 -28 -29 -30 -31
leaf_value=-0.0096278759454195249 -0.0020801633578848163 0.011042609585534536 -0.010619690448511392 0.0099404488491395913 -0.0040187717163109133 -0.0094005142555116019 -0.0075008357335026414 0.022701853274340086 -0.0053585101332109756 0.0036145966716485318 0.0056283582984838799 -0.006322509281154051 -0.0059974531726050776 -0.0072529974607405834 0.028136225531302524 -0.0025998088315191893 0.030123901337596546 0.02372927534721897 -0.0067907262916586039 0.0089661597293818427 -0.0024392592855211762 0.02273005258084999 -0.0083723405530705484 0.017318767361473621 0.0094757673565213016 -0.0080438933997629154 -0.0029468845272211386 0.017687513302266599 0.019927010367248667 -0.016960726100571304
leaf_weight=661 212 714 152 390 155 243 129 101 101 179 732 305 119 108 114 119 141 142 113 609 108 216 223 114 262 1122 6208 100 114 147
leaf_count=661 212 714 152 390 155 243 129 101 101 179 732 305 119 108 114 119 141 142 113 609 108 216 223 114 262 1122 6208 100 114 147
internal_value=-5.42267e-05 0.00531754 0.00365219 -0.00361626 0.00462724 0.00245816 0.00560533 0.00357421 0.00863487 0.0100623 0.00127498 0.00240005 0.00444335 0.0112858 0.0140282 0.0119898 0.0145811 0.0185791 0.00848837 0.00650005 0.0139282 0.0137571 -0.0013298 0.00541048 0.00459278 -0.00421518 -0.00372708 0.00723707 0.00755513 -0.00817332
internal_weight=14153 5643 4713 8510 4354 2825 519 2582 1529 1374 1759 1607 1302 1273 903 789 670 491 823 722 350 930 456 233 370 7991 7330 208 846 359
internal_count=14153 5643 4713 8510 4354 2825 519 2582 1529 1374 1759 1607 1302 1273 903 789 670 491 823 722 350 930 456 233 370 7991 7330 208 846 359
is_linear=0
shrinkage=0.02


Tree=86
num_leaves=31
num_cat=0
split_feature=0 0 3 10 12 2 10 2 1 1 2 2 3 12 5 4 7 3 10 5 2 4 0 12 3 0 1 2 12 2
split_gain=788.741 136.992 93.9238 88.307 85.8013 70.0386 69.6416 64.6966 70.8581 57.5656 60.868 87.162 57.5283 57.1366 90.6774 48.4166 47.2348 76.265 48.8474 45.4545 41.2552 40.4732 60.7855 39.0899 37.609 36.8407 36.7611 52.6385 54.4037 36.0848
threshold=0.16087493347443491 0.21717116345947229 65.726911650687029 0.36724250952959359 68.27389705882355 0.28631848677325361 0.010997591742597764 0.82902682256425486 0.29896673960935788 0.3382794331923572 0.84909803313554033 0.89933090206797994 66.559110419780893 70.727941176470594 0.39847876656966269 -0.28137046323185372 1.0000000180025095e-35 69.130615068564722 0.31839039549319931 0.49731875287080213 0.82582249136430841 -0.15950876553294333 0.24645546118200004 69.788602941176478 64.401880073679479 0.055686666873804823 0.41378362117153761 0.92238411883964211 69.152573529411782 0.77834667822237369
decision_type=10 10 10 2 2 8 2 10 10 10 10 10 10 2 2 2 2 10 2 2 8 2 10 2 10 8 10 10 2 10
left_child=3 2 9 5 16 -1 -7 12 -9 10 20 -12 -4 26 15 -15 17 18 24 29 -2 22 -19 -10 -3 -8 27 28 -6 -14
right_child=1 4 7 -5 13 6 25 8 23 -11 11 -13 19 14 -16 -17 -18 21 -20 -21 -22 -23 -24 -25 -26 -27 -28 -29 -30 -31
leaf_value=-0.0098826933958823301 -0.00016662676517635282 -0.0030477752133327373 0.016267513831456502 0.014068672863833674 0.026676433234770074 -0.0087660852103514895 -0.0091964069513409442 0.015824283735119786 0.0082318335150678955 -0.010893467327733653 0.021436635043281013 -0.0021079743078307196 0.0071696028036263883 0.0085136642206634864 -0.001248537053076012 0.026742729224769453 0.017500738299036093 -0.0072734848257257709 0.014434133805278464 -0.0045275494487577814 -0.013820456130136001 -0.011427705036997795 0.010718628440621743 -0.0065169724627075912 0.0097619029909522103 -0.0024055082232486854 0.010367062104621318 0.030486656253200933 0.0093231718384084259 -0.0033502443245706265
leaf_weight=715 396 170 114 111 117 851 335 419 219 218 117 136 488 128 211 107 131 144 332 352 114 125 157 107 199 6927 198 148 189 178
leaf_count=715 396 170 114 111 117 851 335 419 219 218 117 136 488 128 211 107 131 144 332 352 114 125 157 107 199 6927 198 148 189 178
internal_value=-5.31421e-05 0.0061289 0.0031855 -0.00365904 0.00969945 -0.00388195 -0.0033531 0.00580663 0.0103837 -0.00182965 0.000760007 0.00878024 0.00279437 0.0137848 0.00826856 0.0168137 0.00613371 0.00481243 0.00886823 0.00128558 -0.00321866 -0.00186155 0.00211111 0.00339097 0.00386043 -0.00271878 0.0175582 0.0206944 0.0159582 0.00435799
internal_weight=14153 5214 2858 8939 2356 8828 8113 1877 745 981 763 253 1132 1098 446 235 1258 1127 701 1018 510 426 301 326 369 7262 652 454 306 666
internal_count=14153 5214 2858 8939 2356 8828 8113 1877 745 981 763 253 1132 1098 446 235 1258 1127 701 1018 510 426 301 326 369 7262 652 454 306 666
is_linear=0
shrinkage=0.02


Tree=87
num_leaves=31
num_cat=0
split_feature=0 0 9 12 12 0 9 7 12 5 11 1 4 12 12 10 10 9 4 9 12 4 4 1 4 11 5 5 0 10
split_gain=757.507 131.567 107.47 92.9416 82.4036 60.9481 58.4311 64.3053 54.874 87.0865 73.643 59.2876 46.4993 45.4548 45.4844 39.5614 48.0363 51.4668 51.1859 35.3132 36.4349 31.995 79.9404 71.707 50.7298 81.7188 78.9487 60.9722 49.2183 42.0545
threshold=0.16087493347443491 0.21717116345947229 0.21212150168561231 68.093750000000014 68.27389705882355 0.095884927890779667 0.26332497911445285 1.0000000180025095e-35 70.727941176470594 0.39847876656966269 0.93781250000000005 0.43789651372022453 -0.28137046323185372 63.218750000000007 73.531250000000014 0.21657623533094403 0.30342006404008981 0.22777977178312647 -0.18250734658000797 0.19002650171429256 69.656250000000014 -0.43682923813216651 -0.49127828565132464 0.24025209549509641 -0.19385117725474274 0.79033333333333344 0.29075739320738253 0.39225199775469466 0.19509235860341859 0.26859346132069856
decision_type=10 10 2 2 2 8 2 2 2 2 2 10 2 2 2 2 2 2 2 2 2 2 2 10 2 2 2 2 10 2
left_child=2 13 5 -4 6 -1 7 15 10 12 11 19 -10 -2 21 -3 18 -18 -17 -6 -21 22 23 -15 25 29 28 -28 -26 -23
right_child=1 4 3 -5 8 -7 -8 -9 9 -11 -12 -13 -14 14 -16 16 17 -19 -20 20 -22 24 -24 -25 26 -27 27 -29 -30 -31
leaf_value=-0.0061071783557065523 0.013548378865293498 0.01112618823570234 -0.0016881204064014138 0.019756014185560333 0.0082972988534358236 -0.0026614609543232511 0.015478171397569693 0.017150723394433052 0.0083433908866572901 -0.0012235663194756655 0.032462114842151696 0.00032719478309154511 0.026207874322606024 0.011822184850959658 0.015167736196463262 -0.00019284666678498662 0.011601254494981495 -0.0029685363558713683 -0.016813351129492126 0.027101918769881907 0.013609170171138425 -0.0034385367741545996 0.017090028076954596 -0.0052034253402406935 0.0019793732460219784 0.0053104915051028516 0.021830141730606555 0.0054290754815853126 -0.015321234930487513 -0.01495189288199493
leaf_weight=3381 158 162 186 143 124 5229 216 131 128 211 106 100 107 159 109 252 216 176 105 173 149 561 182 262 182 390 112 476 103 164
leaf_count=3381 158 162 186 143 124 5229 216 131 128 211 106 100 107 159 109 252 216 176 105 173 149 561 182 262 182 390 112 476 103 164
internal_value=-5.20793e-05 0.00600632 -0.00358586 0.00763258 0.00950546 -0.00401454 0.00601103 0.00404856 0.0135091 0.00810319 0.017207 0.0142454 0.0164774 0.00312179 0.00251164 0.00216449 0.000226181 0.00505972 -0.00508123 0.0173661 0.0208584 0.00197922 0.00601462 0.00122667 0.0007552 -0.00207178 0.00436584 0.00855309 -0.00427313 -0.00604294
internal_weight=14153 5214 8939 329 2356 8610 1258 1042 1098 446 652 546 235 2858 2700 911 749 392 357 446 322 2591 603 421 1988 1115 873 588 285 725
internal_count=14153 5214 8939 329 2356 8610 1258 1042 1098 446 652 546 235 2858 2700 911 749 392 357 446 322 2591 603 421 1988 1115 873 588 285 725
is_linear=0
shrinkage=0.02


Tree=88
num_leaves=31
num_cat=0
split_feature=0 4 0 9 3 9 2 10 2 4 2 9 3 1 5 5 1 2 3 1 9 1 4 12 2 2 12 4 4 0
split_gain=727.509 129.934 114.086 103.912 81.0296 67.5289 66.4148 65.3709 63.6859 50.8228 51.9457 50.9816 49.5613 54.1307 70.0825 50.0309 47.5093 53.0778 106.742 54.9488 44.7206 42.0712 58.9231 55.8032 52.4462 72.4912 42.6304 41.9291 46.2841 41.6179
threshold=0.16087493347443491 -0.74932373359188631 0.26553691660835571 0.23733925648819268 65.335500294077519 0.21366634551248798 0.28631848677325361 0.010997591742597764 0.82902682256425486 -0.13627653563021064 0.77667560134213953 0.17339103273247872 66.719327885456394 0.3448515808508954 0.49731875287080213 0.26892164305168453 0.45519377262699301 0.89933090206797994 69.047218397623126 0.4067037641449544 0.22777977178312647 0.36011339426229633 -0.15176099037308841 67.029411764705898 0.94628889364506119 0.93044148261597193 70.968750000000014 -0.26759048193743545 -0.16472763469856566 0.23707979706112445
decision_type=10 2 10 2 10 2 8 2 10 2 10 2 10 10 2 2 10 10 10 10 2 10 2 2 10 10 2 2 2 10
left_child=3 -2 4 6 5 9 -1 -8 12 10 -3 -11 -6 14 27 -15 17 18 -4 -19 -7 24 23 -23 25 26 -10 -14 -29 -25
right_child=1 2 16 -5 8 20 7 -9 21 11 -12 -13 13 15 -16 -17 -18 19 -20 -21 -22 22 -24 29 -26 -27 -28 28 -30 -31
leaf_value=-0.0095838097964837041 0.026283358074113972 -0.012422675687792529 0.017964141928523625 0.015543164548884452 0.011429998205212351 0.018222367185754356 -0.0084856258610265661 -0.0026264195064487502 0.0087157064971642041 0.012039214048002447 -0.0012181308395875414 -0.0061911953050716251 -0.0018172220998537651 -0.0012536160903526287 -0.0076182227264834593 0.016737135892650884 0.0039864175101873749 0.014508112190464108 -0.0069180401363932303 0.032101921231618952 0.0025312963157036418 0.019960135875713259 -0.0086061472262673328 -0.0069369478465862644 0.021320442396204876 -0.0058157794069694851 0.019949435924419334 0.017137856773384239 0.0020804678251035509 0.011086099243234369
leaf_weight=719 122 274 194 113 237 108 851 7256 593 154 418 102 327 102 365 157 207 194 107 112 222 105 116 103 166 114 175 138 200 102
leaf_count=719 122 274 194 113 237 108 851 7256 593 154 418 102 327 102 365 157 207 194 107 112 222 105 116 103 166 114 175 138 200 102
internal_value=-5.10377e-05 0.00588619 0.00539749 -0.00351415 0.00409164 -0.00012558 -0.00375814 -0.00324147 0.00588818 -0.00283803 -0.00565461 0.00477554 0.00302425 0.00147874 -0.000576471 0.00965197 0.0122604 0.015082 0.00911898 0.0209477 0.00766656 0.00885315 0.00355347 0.00810352 0.0110074 0.0090664 0.0112755 0.00328855 0.00822816 0.00203062
internal_weight=14153 5214 5092 8939 4278 1278 8826 8107 3000 948 692 256 1526 1289 1030 259 814 607 301 306 330 1474 426 310 1048 882 768 665 338 205
internal_count=14153 5214 5092 8939 4278 1278 8826 8107 3000 948 692 256 1526 1289 1030 259 814 607 301 306 330 1474 426 310 1048 882 768 665 338 205
is_linear=0
shrinkage=0.02


Tree=89
num_leaves=31
num_cat=0
split_feature=0 4 0 9 12 5 9 11 12 8 0 1 11 10 1 11 0 11 12 8 5 9 10 5 1 11 4 4 5 5
split_gain=698.7 124.788 109.568 100.586 88.6303 77.7839 62.6731 72.0707 66.2631 59.1523 57.3204 45.6279 112.648 136.028 46.75 41.1284 48.9297 46.3145 42.3517 40.5884 71.1013 65.7897 33.8507 59.5831 48.2395 49.9248 48.7586 52.194 54.5029 50.2045
threshold=0.16087493347443491 -0.74932373359188631 0.26553691660835571 0.21212150168561231 68.093750000000014 -0.34498947685846976 0.16083071292792556 0.62581730769230781 70.781250000000014 3.5000000000000004 0.092929559943743759 0.45519377262699301 0.84438541666666678 0.23449775596396313 0.38822733037609003 0.75029411764705889 0.2133450483896138 0.66418750000000004 65.424632352941188 11.500000000000002 0.8569696167017653 0.17117185419105649 0.33466592085835761 0.22319663464287959 0.31889946152084253 0.85058823529411776 -0.52516008532290714 -0.38876069716384243 0.42001536508521103 0.63510029916301136
decision_type=10 2 10 2 2 2 2 2 2 2 8 10 2 2 10 2 10 2 2 2 2 2 2 2 10 2 2 2 2 2
left_child=3 -2 5 10 -5 -3 8 -8 9 -7 -1 12 13 -4 -14 16 17 18 -11 20 22 -21 24 -24 26 -26 -9 -28 -29 -30
right_child=1 2 11 4 -6 6 7 19 -10 15 -12 -13 14 -15 -16 -17 -18 -19 -20 21 -22 -23 23 -25 25 -27 27 28 29 -31
leaf_value=-0.0060216182010606944 0.025757690814674876 -0.012991562682603087 0.024653263166546823 -0.0016926155691986446 0.01924824414045348 -0.010878169968615958 -0.009444205247257885 -0.002276077139600415 0.0089613174719099225 -0.01235238958042169 -0.0026274556093521233 0.0039066891802321882 0.01555566936331384 -0.0041648622508111757 0.030922919965603132 -0.0096123639576964903 0.013767331040774782 0.0093531075560022141 0.0012933690601799371 0.017237869735984575 -0.0045120361003076065 6.6501902494610856e-05 0.0028556224974255039 0.017932404680928635 0.0068335943932149121 -0.0075353959344776605 0.022506160433253933 0.014740766264362474 -0.0039382456797396855 0.013904518398022887
leaf_weight=3123 122 105 100 186 143 215 114 107 313 138 5487 207 163 190 154 126 132 160 267 105 161 595 146 372 308 141 155 349 168 101
leaf_count=3123 122 105 100 186 143 215 114 107 313 138 5487 207 163 190 154 126 132 160 267 105 161 595 146 372 308 141 155 349 168 101
internal_value=-5.00169e-05 0.00576847 0.00528954 -0.00344386 0.00740934 0.00400981 0.0044376 0.00613348 0.000895198 -0.00153707 -0.00385858 0.0120152 0.0147804 0.00577242 0.0230211 0.000903192 0.00280414 0.000242827 -0.0033563 0.00678926 0.00823494 0.00264221 0.00934608 0.013683 0.0076557 0.00232128 0.0103775 0.012129 0.00952631 0.00276108
internal_weight=14153 5214 5092 8939 329 4278 4173 2822 1351 1038 8610 814 607 290 317 823 697 565 405 2708 2008 700 1847 518 1329 449 880 773 618 269
internal_count=14153 5214 5092 8939 329 4278 4173 2822 1351 1038 8610 814 607 290 317 823 697 565 405 2708 2008 700 1847 518 1329 449 880 773 618 269
is_linear=0
shrinkage=0.02


Tree=90
num_leaves=31
num_cat=0
split_feature=9 2 9 2 6 11 11 2 2 8 5 5 2 4 4 10 10 5 5 10 10 5 12 2 5 9 2 4 8 11
split_gain=804.956 228.304 92.0235 84.4703 82.8771 75.4899 65.0664 62.8415 64.7353 61.8245 67.0752 57.5825 56.918 51.7393 50.0801 49.833 49.4628 42.5922 57.8997 42.08 38.7609 38.015 53.4924 52.1668 39.67 51.1653 49.2798 43.5192 50.3432 40.9686
threshold=0.19523313045340213 0.67561680278615943 0.24453002781157659 0.94628889364506119 3.5000000000000004 0.89031250000000017 0.91935661764705889 0.92077717351920607 0.76740299805147683 13.500000000000002 0.8569696167017653 0.33520256669536674 0.31325326392317926 -0.44269034463096352 -0.49465132405042112 0.014211912459174319 0.41443078979843689 0.67083610014124828 0.57725079353947695 0.31164184239574527 0.36010130116919736 0.15765795241678032 66.218750000000014 0.91989913731649653 0.50367095158042396 0.15801713586291313 0.88175352766603587 -0.050532695815611768 8.5000000000000018 0.67863920454545468
decision_type=2 10 2 10 2 2 2 10 10 2 2 2 8 2 2 2 2 2 2 2 2 2 2 10 2 2 10 2 2 2
left_child=1 12 3 6 -3 7 9 8 -4 10 14 -8 -1 -7 -2 -14 -10 18 -16 21 -15 22 -6 24 25 29 27 28 -26 -23
right_child=2 4 5 -5 19 13 11 -9 16 -11 -12 -13 15 20 17 -17 -18 -19 -20 -21 -22 23 -24 -25 26 -27 -28 -29 -30 -31
leaf_value=-0.0091287339268113742 0.0005258978717029095 -0.0024003269925890569 0.00040482778398864036 0.020478514438473629 -0.0091047194718145014 0.03341569475479203 0.0072659008830785752 -0.0037438908046377554 0.012167821690037444 -0.0031399289830265071 -0.0063409463051698166 -0.012989352646691259 -0.0073879987092078797 0.025675720862448216 0.011567655646855331 -0.0027756105806078313 0.029626285256445409 0.021046822106192825 -0.0030763596223026025 -0.0063646393093104306 0.011394466580150975 0.0083396478403698314 0.0040327234231438995 0.014741462227934397 -0.0046922588680594138 0.012984036049948862 -0.011600282605884984 0.015404320760611811 0.0079179737500997636 -0.0048668588670652086
leaf_weight=827 200 1210 113 174 172 101 100 112 185 202 111 128 1130 125 941 5485 100 157 122 148 194 220 444 243 276 390 101 102 234 164
leaf_count=827 200 1210 113 174 172 101 100 112 185 202 111 128 1130 125 941 5485 100 157 122 148 194 220 444 243 276 390 101 102 234 164
internal_value=0.000333506 -0.00216258 0.00941062 0.00712341 0.00189471 0.0146614 0.00593841 0.0094904 0.0132146 0.00725982 0.00863196 -0.00410547 -0.00418196 0.0209404 0.00980238 -0.00356352 0.0182936 0.0113231 0.00988697 0.00397851 0.0169906 0.00463102 0.000364476 0.00615021 0.00474626 0.00788157 0.00134271 0.00347873 0.00109361 0.00269937
internal_weight=14211 11146 3065 2135 3704 930 1961 510 398 1733 1531 228 7442 420 1420 6615 285 1220 1063 2494 319 2346 616 1730 1487 774 713 612 510 384
internal_count=14211 11146 3065 2135 3704 930 1961 510 398 1733 1531 228 7442 420 1420 6615 285 1220 1063 2494 319 2346 616 1730 1487 774 713 612 510 384
is_linear=0
shrinkage=0.02


Tree=91
num_leaves=31
num_cat=0
split_feature=0 9 10 0 8 9 10 11 8 5 0 11 8 11 5 11 10 4 5 5 4 4 0 8 4 5 5 5 11 2
split_gain=795.382 144.149 135.913 80.9759 69.556 136.221 75.1754 68.7463 70.0636 62.7802 60.7727 46.5899 45.0144 49.3032 62.8645 58.4243 57.4701 48.537 44.7922 44.0763 44.0257 43.5854 43.3982 42.5419 52.9746 48.8539 42.3378 55.4807 37.6508 107.753
threshold=0.17895020441073189 0.19441960082846924 0.21506188953531227 0.14341821686086736 2.5000000000000004 0.19741609458428683 0.29006020586252695 0.94097285067873315 11.500000000000002 0.86415258966813802 0.12635576213132096 0.91696691176470602 5.5000000000000009 0.8387083333333335 0.1436463568929624 0.70062500000000016 0.28082404858173654 -0.12523421266774951 0.35885505612110818 0.57360961605492877 -0.46542546860531975 -0.25273896143436958 0.24174138535839426 1.5000000000000002 -0.49927539982631003 -0.03993138170555921 0.4613016954278199 0.07160137224603734 0.80613095238095245 0.85322129698866556
decision_type=10 2 2 10 2 2 2 2 2 2 10 2 2 2 2 2 2 2 2 2 2 2 10 2 2 2 2 2 2 10
left_child=2 12 3 -1 5 -4 10 8 9 11 19 23 17 14 15 -14 -16 22 -8 -6 -12 -7 -2 -3 -25 -26 27 -10 29 -27
right_child=1 7 4 -5 6 21 18 -9 26 -11 20 -13 13 -15 16 -17 -18 -19 -20 -21 -22 -23 -24 24 25 28 -28 -29 -30 -31
leaf_value=-0.0050097789526516324 -0.0074305837870296621 0.0027507360805885507 -0.00019765454658150731 0.0011928395381666822 -0.0074745363144883004 0.022722640872253359 -0.00089203389389499359 0.021879105471840528 0.0096091944982343528 -0.0015100597420467006 0.014829344065319145 0.0034239467463182834 0.0043532199243994521 0.015195244401105142 0.0088173354678423542 -0.014846535022291591 -0.0072205031210300979 0.0093142965166653335 -0.011177284465758257 0.0048441606744863957 0.002951301025581225 0.0067794563499954316 0.0059329557677369506 0.0055871154699060656 0.0048761100287742489 0.015395854693294193 0.010712124079465866 -0.0076040909512294945 0.01603368687177343 0.039372937635872234
leaf_weight=6249 354 109 524 973 358 185 316 214 122 124 155 167 137 190 722 118 102 148 365 172 641 109 134 171 106 192 205 194 532 123
leaf_count=6249 354 109 524 973 358 185 316 214 122 124 155 167 137 190 722 118 102 148 365 172 641 109 134 171 106 192 205 194 532 123
internal_value=0.000326836 0.00767652 -0.00271925 -0.00417412 0.00100005 0.00591574 -0.00100346 0.0110937 0.00996506 0.0121296 0.00177047 0.0133376 0.00362432 0.0058008 0.00414655 -0.00453137 0.00683207 -0.000718388 -0.00640469 -0.00347677 0.00526424 0.0168117 -0.00376109 0.0146804 0.0158372 0.0176765 0.00363362 -0.000958455 0.0192784 0.0247583
internal_weight=14211 4164 10047 7222 2825 818 2007 2259 2045 1524 1326 1400 1905 1269 1079 255 824 636 681 530 796 294 488 1233 1124 953 521 316 847 315
internal_count=14211 4164 10047 7222 2825 818 2007 2259 2045 1524 1326 1400 1905 1269 1079 255 824 636 681 530 796 294 488 1233 1124 953 521 316 847 315
is_linear=0
shrinkage=0.02


Tree=92
num_leaves=31
num_cat=0
split_feature=0 9 0 9 11 8 5 2 11 5 11 1 1 2 8 0 11 1 11 5 11 0 12 11 9 4 1 8 9 8
split_gain=763.885 138.44 129.229 93.0278 66.0239 67.2891 60.2941 53.1231 46.4377 45.2882 44.745 62.9063 107.316 44.3829 42.8464 50.5078 55.2936 42.7529 46.6753 51.1154 42.2155 41.9094 44.1516 41.9307 55.388 48.8086 44.7729 42.4537 75.611 40.9046
threshold=0.17895020441073189 0.19441960082846924 0.11908888220116164 0.23733925648819268 0.94097285067873315 11.500000000000002 0.86415258966813802 0.48013141640868179 0.33900000000000008 -0.22545152055048864 0.91696691176470602 0.24706355262536869 0.28189488931773671 0.63005311932805419 5.5000000000000009 0.2231294727135994 0.72612500000000002 0.20340523593172133 0.8387083333333335 0.17229562190389827 0.69572727272727286 0.12353249843848531 70.312500000000014 0.88088888888888894 0.14592386900566548 -0.39139609970247763 0.19374642362478625 2.5000000000000004 0.19002650171429256 5.5000000000000009
decision_type=10 2 8 2 2 2 2 8 2 2 2 10 10 8 2 10 2 10 2 2 2 8 2 2 2 2 10 2 2 2
left_child=2 13 -1 7 5 6 10 -4 -9 -10 11 -3 -13 -2 15 -15 -17 -16 19 20 -19 -11 23 24 -23 26 -26 28 -27 -14
right_child=1 4 3 -5 -6 -7 -8 8 9 21 -12 12 29 14 17 16 -18 18 -20 -21 -22 22 -24 -25 25 27 -28 -29 -30 -31
leaf_value=-0.0048257177710451897 -0.0091518741435720596 0.025277665085390786 -0.0096362740371841935 0.015379851817273769 0.02144152365694536 0.0035609429289368763 -0.0014798583380217034 -0.0042154734829928783 0.01267785645060001 0.0095647278809571339 0.0033554680310858937 -0.0063725888132359146 0.009983278189918985 -0.004878348656092886 0.017984276008631648 0.018047800249266392 -0.0015370895017122513 0.0041186749008523312 0.014587699729070236 0.0062474120240308588 -0.012492120969774468 -0.0036933089824024625 0.0043697086553742635 -0.0097325514524129984 0.001392025888182115 -0.0020419850518938001 0.01712733283026242 -0.0032434426505678106 0.019204972281313695 0.01836896249781024
leaf_weight=5267 104 181 256 147 214 521 124 935 124 187 167 108 416 356 116 103 131 119 178 672 126 1139 670 221 138 169 152 531 111 528
leaf_count=5267 104 181 256 147 214 521 124 935 124 187 167 108 416 356 116 103 131 119 178 672 126 1139 670 221 138 169 152 531 111 528
internal_value=0.000320299 0.00752299 -0.00266487 -0.000283867 0.0108718 0.00976576 0.011887 -0.000780859 -0.000262928 0.000810759 0.0130709 0.0143868 0.0125129 0.00355183 0.00428542 -0.000134114 0.00708361 0.00643861 0.00521551 0.00339627 -0.00442402 0.000367263 -0.000182059 -0.00142126 -0.000601266 0.0025975 0.0096395 7.93938e-05 0.00638092 0.0146736
internal_weight=14211 4164 10047 4780 2259 2045 1524 4633 4377 3442 1400 1233 1052 1905 1801 590 234 1211 1095 917 245 3318 3131 2461 2240 1101 290 811 280 944
internal_count=14211 4164 10047 4780 2259 2045 1524 4633 4377 3442 1400 1233 1052 1905 1801 590 234 1211 1095 917 245 3318 3131 2461 2240 1101 290 811 280 944
is_linear=0
shrinkage=0.02


Tree=93
num_leaves=31
num_cat=0
split_feature=0 10 10 3 0 4 8 3 0 4 11 3 12 4 0 2 11 11 5 10 2 2 11 2 10 0 10 4 5 5
split_gain=733.635 126.537 109.714 98.6352 76.5864 68.7009 51.9149 79.8437 95.2372 61.5249 58.5312 84.4293 59.6444 50.6364 48.88 39.8192 50.1165 43.4322 39.77 41.5634 39.4888 56.4827 45.4522 43.6528 38.2119 36.4268 34.4849 38.8564 35.5016 55.2987
threshold=0.17895020441073189 0.21506188953531227 0.34819042378274373 76.000727188770796 0.14341821686086736 -0.24174448338159199 4.5000000000000009 75.691072852012454 0.28264109862722125 -0.46042711034781358 0.8387083333333335 66.153824439946689 68.27389705882355 -0.55859985728992123 0.17611904006400467 0.75000070780830541 0.83291666666666686 0.76033333333333342 0.1436463568929624 0.35565737552894799 0.75000070780830541 0.92947513782334934 0.73933035714285722 0.91645412704283491 0.29676146801791542 0.11574959690304591 0.29484378291427688 -0.35507062128157507 0.34126621378013605 0.53407084423763462
decision_type=10 2 2 8 10 2 2 10 10 2 2 10 2 2 8 10 2 2 2 2 8 10 2 8 2 10 2 2 2 2
left_child=1 4 6 14 -1 -5 7 8 15 24 20 -12 -13 -4 25 -2 17 -17 -15 -20 22 23 -11 26 -8 -3 27 -22 -29 -30
right_child=2 3 13 5 -6 -7 9 -9 -10 10 11 12 -14 18 -16 16 -18 -19 19 -21 21 -23 -24 -25 -26 -27 -28 28 29 -31
leaf_value=-0.0048280536839971728 -0.012963020885054837 -0.0040222926729718339 0.025923027518364759 0.01395116390984227 0.001204107648985918 -0.00013593271097330295 0.0039072664175428314 0.016578118484780319 0.016482094628912099 0.0060433705314062534 0.0044018414983766499 0.010984163823434048 0.028129023963645583 0.0032917204446317066 -0.012149443542649005 -0.0028536879488926252 -0.0097971659337555798 0.012253379138340627 0.025050345734439112 0.01164673532350516 0.016443953085749932 -0.0042356010175090501 -0.010080302574248476 0.021079391307952836 -0.0092990169922510784 0.0016436137248780722 0.01700042396985196 -0.0024203243197549675 0.018662357981932366 -8.0674299556348064e-05
leaf_weight=6249 151 663 111 348 973 230 379 119 106 192 209 144 186 183 145 178 174 133 110 583 118 123 110 127 114 1439 148 213 118 135
leaf_count=6249 151 663 111 348 973 230 379 119 106 192 209 144 186 183 145 178 174 133 110 583 118 123 110 127 114 1439 148 213 118 135
internal_value=0.000313893 -0.00261157 0.00737253 0.000977151 -0.00401536 0.00834557 0.00556304 0.00136994 -0.00106911 0.00712187 0.00881705 0.0143482 0.0206476 0.013197 -0.000918242 -0.00399431 -0.00120199 0.00360689 0.0115844 0.0137743 0.00649516 0.00844021 0.000170509 0.0102553 0.000853481 -0.000143492 0.00837731 0.00619199 0.003596 0.00866114
internal_weight=14211 10047 4164 2825 7222 578 3177 861 742 2316 1823 539 330 987 2247 636 485 311 876 693 1284 982 302 859 493 2102 732 584 466 253
internal_count=14211 10047 4164 2825 7222 578 3177 861 742 2316 1823 539 330 987 2247 636 485 311 876 693 1284 982 302 859 493 2102 732 584 466 253
is_linear=0
shrinkage=0.02


Tree=94
num_leaves=31
num_cat=0
split_feature=9 2 9 3 4 2 6 11 8 2 1 8 4 3 3 10 11 11 4 4 10 3 2 2 3 3 2 2 1 1
split_gain=689.948 197.961 82.8596 113.003 80.4848 133.877 76.4193 54.9393 78.4983 52.7787 48.5025 48.3652 65.0636 47.7026 45.5813 39.9055 36.9668 35.3083 34.2987 69.2629 50.6605 48.9209 40.4522 58.7346 52.3206 36.7395 32.7148 31.4153 46.5252 39.6873
threshold=0.19523313045340213 0.67561680278615943 0.24453002781157659 75.278024757859697 -0.49465132405042112 0.94628889364506119 3.5000000000000004 0.91935661764705889 13.500000000000002 0.31325326392317926 0.067982779378387301 2.5000000000000004 -0.53970702791057601 61.699089145449925 60.869267806013347 0.31164184239574527 0.86775000000000013 0.26062500000000005 0.016751180630080371 -0.14199598603405703 0.23449775596396313 62.973566457028191 0.88394243249438575 0.81034800575009991 68.81724221031682 68.000096059698578 0.91989913731649653 0.93898644378569596 0.28535650108429922 0.35743508097692872
decision_type=2 10 2 8 2 10 2 2 2 8 8 2 2 8 10 2 2 2 2 2 2 8 8 10 10 8 10 10 8 10
left_child=1 9 4 11 16 7 14 8 18 -1 13 -4 -13 -11 -3 26 -2 -15 19 20 -6 -22 23 24 -23 -21 -8 28 -14 -30
right_child=2 6 3 -5 5 -7 15 -9 -10 10 -12 12 27 17 -16 -17 -18 -19 -20 25 21 22 -24 -25 -26 -27 -28 -29 29 -31
leaf_value=-0.0086471996246245859 0.002390462585366689 -0.015075358004824629 0.023495255252172317 0.031551119650343087 0.023510468746053764 0.026240285177528858 0.00346576910869264 -0.0035784625296641863 -0.0048462066178161633 0.0019863967018754918 -0.0018173618736727756 0.023821626868025931 -0.0025138059683144092 -0.0023555833726046126 -0.0011654638479629493 -0.006296609490354722 -0.011946104172813266 -0.0076871401291942953 0.019586065282174922 0.0082739374858966062 -0.0025797885435068202 -0.0011497315606184765 0.005005431213088123 0.023935196792152242 0.01739083576552344 -0.0062168029795613986 0.010311237562355803 -0.00073407106583609296 0.02199274091410541 0.0076455518680022044
leaf_weight=827 195 103 107 123 116 150 2022 191 173 320 3807 102 100 686 1107 148 114 1802 122 121 117 113 247 178 132 166 324 170 124 204
leaf_count=827 195 103 107 123 116 150 2022 191 173 320 3807 102 100 686 1107 148 114 1802 122 121 117 113 247 178 132 166 324 170 124 204
internal_value=0.000307615 -0.00200329 0.00871131 0.0136938 0.00654097 0.00813838 0.00177478 0.00651828 0.00781692 -0.00388369 -0.00328816 0.010972 0.00905775 -0.00528223 -0.00234953 0.00377575 -0.00289876 -0.0062171 0.00948667 0.00845127 0.0111715 0.00935279 0.0114365 0.0151918 0.00883947 -0.000107466 0.00441118 0.0065395 0.00942853 0.0130695
internal_weight=14211 11146 3065 930 2135 1826 3704 1676 1485 7442 6615 807 700 2808 1210 2494 309 2488 1312 1190 903 787 670 423 245 287 2346 598 428 328
internal_count=14211 11146 3065 930 2135 1826 3704 1676 1485 7442 6615 807 700 2808 1210 2494 309 2488 1312 1190 903 787 670 423 245 287 2346 598 428 328
is_linear=0
shrinkage=0.02


Tree=95
num_leaves=31
num_cat=0
split_feature=9 0 0 8 7 4 4 12 6 9 12 11 11 2 6 9 8 12 1 4 6 4 4 6 9 1 4 9 1 1
split_gain=628.493 145.676 135.869 98.1037 64.3093 69.9359 69.3181 66.9402 61.3823 58.436 54.6994 53.8902 61.0257 57.8963 54.1283 52.3336 52.0305 45.826 54.9999 53.0363 45.3652 42.4224 40.8334 55.1962 43.7355 40.656 57.491 41.4547 40.3981 38.8348
threshold=0.16929121725731897 0.17963059322415706 0.14341821686086736 2.5000000000000004 1.0000000180025095e-35 -0.60994279371943605 -0.037081077918628788 70.878676470588246 1.5000000000000002 0.19002650171429256 67.424632352941188 0.94097285067873315 0.91696691176470602 0.832774148641242 3.5000000000000004 0.19172626155866382 3.5000000000000004 64.545955882352956 0.38518305895523819 -0.48567128035636958 3.5000000000000004 -0.44269034463096352 -0.38477250503032306 4.5000000000000009 0.19172626155866382 0.44271269495219168 -0.25433318055913073 0.19830046010628816 0.35227304383541214 0.35227304383541214
decision_type=2 8 10 2 2 2 2 2 2 2 2 2 2 10 2 2 2 2 10 2 2 2 2 2 2 10 2 2 10 10
left_child=2 3 -1 15 5 -4 10 -6 -3 -5 16 12 13 17 -15 -2 -7 -10 19 -19 -8 -18 -21 24 -24 26 27 -16 -14 -29
right_child=1 8 4 9 7 6 20 -9 11 -11 -12 -13 28 14 25 -17 21 18 -20 22 -22 -23 23 -25 -26 -27 -28 29 -30 -31
leaf_value=-0.0041807767731094495 0.0029385418714125556 -0.0044532631599619021 0.012996847461116441 0.0034988816429010095 0.0038991538600134756 -0.018351084484499604 -0.0013344627830619907 0.021587545745508762 0.01561121183230953 -0.0054365636204325015 0.00030031449617200061 0.018339845806915077 0.0055603305268040774 0.022016996841424358 0.0085182564542172299 0.022834549997891255 0.0064502058876678347 -0.0068256151097492099 -0.0055796971030326352 0.01955805437276717 0.016544818825932454 -0.0072582817860267447 -0.00031101770373061298 -0.0012808068124172481 0.015041047951076001 0.0012831092716166467 0.0064938733405766214 0.014682908027487642 -0.01009979722607467 0.027252891269745307
leaf_weight=6962 101 139 141 532 506 136 102 103 172 651 844 235 169 189 204 111 112 103 180 113 128 466 100 230 288 165 448 255 108 160
leaf_count=6962 101 139 141 532 506 136 102 103 172 651 844 235 169 189 204 111 112 103 180 113 128 466 100 230 288 165 448 255 108 160
internal_value=0.00021294 0.00623509 -0.00273664 0.000826975 0.00122476 -0.000564044 -0.00163344 0.00689079 0.00855071 -0.00141826 -0.00314648 0.00913024 0.00837981 0.00932814 0.012051 0.0133558 -0.00722085 0.00606572 0.00444656 0.0066105 0.00861575 -0.00460197 0.00850369 0.00648242 0.0110843 0.0105222 0.0119509 0.0159004 -0.000545423 0.0195292
internal_weight=14153 4653 9500 1395 2538 1929 1788 609 3258 1183 1558 3119 2884 2607 1421 212 714 1186 1014 834 230 578 731 618 388 1232 1067 619 277 415
internal_count=14153 4653 9500 1395 2538 1929 1788 609 3258 1183 1558 3119 2884 2607 1421 212 714 1186 1014 834 230 578 731 618 388 1232 1067 619 277 415
is_linear=0
shrinkage=0.02


Tree=96
num_leaves=31
num_cat=0
split_feature=9 0 0 3 7 12 12 9 3 10 2 5 3 0 0 12 6 9 9 5 12 5 12 10 0 11 0 0 2 10
split_gain=603.605 139.907 130.489 72.0704 61.7626 64.2894 52.9515 51.7156 59.2064 54.6092 57.405 56.5654 51.9121 52.519 66.6903 49.4102 46.8199 45.3974 48.3564 43.3166 77.644 74.8841 48.0414 44.0871 43.1183 52.1591 39.0975 37.3231 45.2403 37.2995
threshold=0.16929121725731897 0.17963059322415706 0.14341821686086736 76.000727188770796 1.0000000180025095e-35 70.878676470588246 66.343750000000014 0.25080313841781737 73.002519460515259 0.22817274266600926 0.92238411883964211 0.30754088521089978 68.174241339038517 0.2531601882852243 0.20309941388943467 65.849264705882362 3.5000000000000004 0.14312848762340824 0.082342851377257609 0.54439651835926139 66.843750000000014 0.46987394087848516 70.547794117647072 0.28082404858173654 0.23367376763821177 0.86612500000000014 0.3046276239961872 0.066664977645860726 0.29685499704237245 0.38644744800458214
decision_type=2 8 10 10 2 2 2 2 8 2 10 2 10 8 10 2 2 2 2 2 2 2 2 2 10 2 8 8 8 2
left_child=2 16 27 7 6 -6 15 9 26 11 12 -3 19 14 -14 -4 -2 18 -8 21 -21 22 23 -11 -12 -26 29 -1 -29 -9
right_child=1 3 4 -5 5 -7 17 8 -10 10 24 -13 13 -15 -16 -17 -18 -19 -20 20 -22 -23 -24 -25 25 -27 -28 28 -30 -31
leaf_value=-0.007189864305320981 -0.0052992451075858215 0.024247188811423258 -0.0025500685607446083 0.02064441597819822 0.003821170778775757 0.021155794851698922 0.0090497060785875525 0.017526307844603614 0.026425809216542313 0.01133921259363729 0.0043980435466163615 0.0072208018101751802 -0.0083700074244788883 -0.01108933147561701 0.0076288598751979731 -0.016680553271627624 0.0030077765351179515 0.0065359723581606523 -0.0036818809971945095 0.012544904631108812 -0.0082716407157682088 0.024171774361144611 0.018284883792339654 -0.00076132159040545133 0.02790678571803229 0.0088205059605931477 -0.001339038392994553 -0.011603239606453122 -0.0030157139673520354 0.0062280140045654258
leaf_weight=1275 369 128 544 181 506 103 148 259 104 189 178 200 157 158 310 121 1026 500 616 117 185 108 108 332 105 126 100 257 5430 213
leaf_count=1275 369 128 544 181 506 103 148 259 104 189 178 200 157 158 310 121 1026 500 616 117 185 108 108 332 105 126 100 257 5430 213
internal_value=0.000208681 0.00611038 -0.00268191 0.0083797 0.00120027 0.00675297 -0.000552763 0.00765825 0.0125448 0.00628245 0.00508266 0.0138652 0.00343264 -0.00112201 0.00225023 -0.00512118 0.000810435 0.00185072 -0.00121555 0.00617245 -0.000206953 0.00878653 0.00614486 0.00362832 0.0117957 0.0174961 0.0100209 -0.00409716 -0.00340379 0.0124277
internal_weight=14153 4653 9500 3258 2538 609 1929 3077 676 2401 2073 328 1664 625 467 665 1395 1264 764 1039 302 737 629 521 409 231 572 6962 5687 472
internal_count=14153 4653 9500 3258 2538 609 1929 3077 676 2401 2073 328 1664 625 467 665 1395 1264 764 1039 302 737 629 521 409 231 572 6962 5687 472
is_linear=0
shrinkage=0.02


Tree=97
num_leaves=31
num_cat=0
split_feature=0 10 8 2 0 5 2 12 12 2 12 3 0 5 2 8 10 2 5 1 3 3 5 1 8 12 0 3 2 2
split_gain=546.036 102.046 124.625 97.2424 83.8518 64.0801 82.2801 92.0954 71.208 70.676 52.7113 50.9957 74.5423 56.6954 55.912 50.493 48.086 54.4354 48.1145 41.7377 41.3577 41.2779 53.8628 60.8926 37.6909 35.6075 35.4797 53.23 34.0522 57.3817
threshold=0.16087493347443491 0.21506188953531227 2.5000000000000004 0.93737621359632362 0.20443291037477798 0.53654686300217891 0.78001058341942209 68.343750000000014 69.152573529411782 0.8789441522394551 63.625000000000007 70.759284506918831 0.23707979706112445 0.15365856610342718 0.96337070024985083 6.5000000000000009 0.18535613322847369 0.67332290720464594 0.57360961605492877 0.36781698665042228 68.223540187501797 62.89259261755938 0.015866289578417816 0.23283918921475677 4.5000000000000009 66.843750000000014 0.10855548341770152 55.523634898994075 0.74359116419397187 0.78001058341942209
decision_type=10 2 2 10 10 2 10 2 2 10 2 10 10 2 10 2 2 10 2 10 10 10 2 10 2 2 10 10 8 8
left_child=1 16 26 4 21 6 24 -8 -9 20 -4 13 -13 -5 19 -7 17 -1 -19 -15 -10 25 23 -23 -6 -2 27 -3 -24 -30
right_child=3 2 10 11 5 15 7 8 9 -11 -12 12 -14 14 -16 -17 -18 18 -20 -21 -22 22 28 -25 -26 -27 -28 -29 29 -31
leaf_value=-0.0040173168660233164 -0.011664579341565173 0.008982193368184099 -0.014035795551932618 -0.0034331360304107267 -0.0076252338992402191 -0.003901643513372311 0.0068475724343807646 0.031854274963211811 0.030678198153727521 0.0049428976827957591 -0.0011283896191290131 0.0070681243605911735 0.030153786506885147 0.024458012070972472 0.0018796903692461825 0.0067785289733261261 -0.0083552564233059408 0.0054257719241866944 -0.006791053711052584 0.0079678960562258681 0.013365692193864992 0.02298993415768864 -0.0033315884744962616 0.0034367670061925572 0.0054489282753990113 0.0008329025350043164 0.016021476882492745 -0.0053564193639634317 0.013752037134931186 0.0011061104029520966
leaf_weight=5261 163 415 140 120 126 325 655 117 107 183 1318 100 127 152 135 389 879 475 177 103 114 103 461 167 294 207 163 138 172 867
leaf_count=5261 163 415 140 120 126 325 655 117 107 183 1318 100 127 152 135 389 879 475 177 103 114 103 461 167 294 207 163 138 172 867
internal_value=0.000204507 -0.00278345 0.000987901 0.00536936 0.00425492 0.00689737 0.00912539 0.0118392 0.0181147 0.0141357 -0.00236778 0.0120983 0.0199839 0.00858842 0.0122874 0.00191711 -0.0039906 -0.00334177 0.00210924 0.0177973 0.0217478 0.00140256 0.00267254 0.0108959 0.00152668 -0.00467274 0.00782112 0.00540402 0.00119232 0.00319957
internal_weight=14153 8966 2174 5187 4450 2310 1596 1176 521 404 1458 737 227 510 390 714 6792 5913 652 255 221 2140 1770 270 420 370 716 553 1500 1039
internal_count=14153 8966 2174 5187 4450 2310 1596 1176 521 404 1458 737 227 510 390 714 6792 5913 652 255 221 2140 1770 270 420 370 716 553 1500 1039
is_linear=0
shrinkage=0.02


Tree=98
num_leaves=31
num_cat=0
split_feature=9 0 0 8 3 7 4 4 12 9 12 9 8 9 4 3 9 10 3 1 4 3 12 3 1 10 1 10 6 9
split_gain=559.957 129.434 120.463 92.6628 68.6318 59.1255 67.057 66.8871 61.4183 55.9912 50.6143 50.1352 49.6314 48.9144 60.0169 99.8395 59.8296 52.5258 51.0359 71.3989 51.886 60.5636 49.2089 49.0214 45.8207 47.2706 45.312 44.2549 43.295 41.5089
threshold=0.16929121725731897 0.17963059322415706 0.14341821686086736 2.5000000000000004 76.000727188770796 1.0000000180025095e-35 -0.60994279371943605 -0.037081077918628788 70.878676470588246 0.19002650171429256 67.424632352941188 0.19172626155866382 3.5000000000000004 0.25080313841781737 -0.21311078718999954 63.275711272423152 0.26756681297561236 0.22817274266600926 68.223540187501797 0.28535650108429922 -0.42425099088162904 62.262756099643056 69.090073529411782 69.604563509785464 0.31493061620803481 0.26859346132069856 0.34265681403596276 0.29250001934067105 3.5000000000000004 0.19002650171429256
decision_type=2 8 10 2 10 2 2 2 2 2 2 2 2 2 2 10 2 2 10 10 2 8 2 10 10 2 8 2 2 2
left_child=2 3 -1 11 13 6 -4 10 -7 27 12 -2 -8 17 15 -15 -16 -3 20 -20 22 26 -19 -17 -21 -26 -22 -5 -9 -23
right_child=1 4 5 9 -6 8 7 28 -10 -11 -12 -13 -14 14 16 23 -18 18 19 24 21 29 -24 -25 25 -27 -28 -29 -30 -31
leaf_value=-0.0039434975498815498 0.0027673384598871269 0.013462163820499327 0.012710001195074186 0.0069322605056870617 0.02003601485225295 0.0037136371137036872 -0.017892137336243383 -0.0012686571544584105 0.020656769731380406 -0.0053284270705200292 0.00021332195684119564 0.022240980080924594 -0.0044637474368099178 0.032957436754622246 0.015088439409221921 0.005370145787695243 -0.0052803982728255507 -0.0051656059771158259 -0.0088646991532038439 0.015992419913048502 0.0095445427879691132 0.0040906958754819171 0.011867377183586358 0.021476088620658064 0.013991781620710504 -0.0013006222647590898 -0.0094475953539114189 -0.006050576048696207 0.01619790653076052 0.015092390800961687
leaf_weight=6962 101 328 141 388 181 506 136 102 103 651 844 111 578 110 105 217 128 211 217 113 100 182 100 116 102 390 101 144 128 557
leaf_count=6962 101 328 141 388 181 506 136 102 103 651 844 111 578 110 105 217 128 211 217 113 100 182 100 116 102 390 101 144 128 557
internal_value=0.000200417 0.00588474 -0.0025837 0.000787009 0.00806747 0.00114636 -0.000568841 -0.001616 0.00657922 -0.00139507 -0.00310227 0.0129634 -0.00702154 0.00736343 0.0121158 0.0164376 0.00389869 0.00602542 0.00484874 0.0009774 0.00739249 0.00973534 0.000311237 0.0109806 0.00450754 0.00186975 1.22959e-06 0.00341811 0.00845187 0.0123829
internal_weight=14153 4653 9500 1395 3258 2538 1929 1788 609 1183 1558 212 714 3077 676 443 233 2401 2073 822 1251 940 311 333 605 492 201 532 230 739
internal_count=14153 4653 9500 1395 3258 2538 1929 1788 609 1183 1558 212 714 3077 676 443 233 2401 2073 822 1251 940 311 333 605 492 201 532 230 739
is_linear=0
shrinkage=0.02


Tree=99
num_leaves=31
num_cat=0
split_feature=0 11 2 8 0 8 2 2 0 10 10 2 10 8 2 6 1 12 8 10 8 11 1 10 10 10 0 4 0 12
split_gain=505.985 97.4816 92.2196 91.7602 78.3469 60.8768 55.5397 54.8458 54.5728 70.6355 114.853 46.3558 63.5418 63.6317 41.5495 38.2454 43.9778 36.7358 64.1884 35.451 35.2172 33.2419 33.0274 34.1875 46.9471 64.9083 30.8841 49.737 36.5873 30.6045
threshold=0.16087493347443491 0.70710416666666676 0.93737621359632362 4.5000000000000009 0.20443291037477798 5.5000000000000009 0.91645412704283491 0.76740299805147683 0.23186656492091082 0.26010489906404605 0.33057696245974139 0.74794973212826166 0.12740975902135851 9.5000000000000018 0.91645412704283491 4.5000000000000009 0.14615817117455801 69.152573529411782 4.5000000000000009 0.25526382789220403 6.5000000000000009 0.6593541666666668 0.31164481867152743 0.19277426020143534 0.24464313172512311 0.28082404858173654 0.12434813046060744 -0.19504823521681319 0.14024773136182964 67.906250000000014
decision_type=10 2 10 2 10 2 8 10 10 2 2 10 2 2 8 2 8 2 2 2 2 2 10 2 2 2 10 2 10 2
left_child=1 11 4 26 22 6 7 -6 -9 -10 -11 -1 -13 -14 20 16 -5 19 -19 -4 -7 -22 -2 -24 -25 -26 27 -3 -28 -21
right_child=2 3 17 15 5 14 -8 8 9 10 -12 12 13 -15 -16 -17 -18 18 -20 29 21 -23 23 24 25 -27 28 -29 -30 -31
leaf_value=-0.0042171138024286866 0.0027907055090398525 0.0076900905840449445 -0.0020860248944858826 0.0018870613202772427 -0.0053637148157355775 0.017268306905389729 -0.010110405147556336 0.01677810102573463 0.015468781721793999 -0.018801590097092449 0.010251694955920751 0.013696371468934505 0.0049792800891307479 -0.010894476186003086 0.016494980153473723 0.0031988016667272474 -0.0087173955567462855 0.029942735654882868 0.010853315666148063 0.015900779937384361 -0.0032949761478673844 0.0076076186406311697 0.00756603134455908 -0.016615259287730708 0.011858792529247776 -0.0072643785245490554 0.021360265521459209 -0.0045003812059451259 0.0051108250245451925 0.002280203393101692
leaf_weight=6550 1588 437 109 233 171 133 124 175 118 105 113 136 227 182 248 309 476 101 233 194 126 997 102 110 101 239 103 193 120 100
leaf_count=6550 1588 437 109 233 171 133 124 175 118 105 113 136 227 182 248 309 476 101 233 194 126 997 102 110 101 239 103 193 120 100
internal_value=0.000196409 -0.00267989 0.00516823 0.0013811 0.00408296 0.0066372 0.00220208 0.00444071 0.00772164 0.00300473 -0.00374186 -0.00375079 0.00185359 -0.00208435 0.00901401 -0.00267325 -0.00523243 0.0117211 0.0166259 0.00765607 0.00753687 0.00638435 0.00132582 -0.00288839 -0.00525806 -0.00158367 0.0062197 0.00395555 0.0126162 0.0112679
internal_weight=14153 8966 5187 1871 4450 2310 806 682 511 336 218 7095 545 409 1504 1018 709 737 334 403 1256 1123 2140 552 450 340 853 630 223 294
internal_count=14153 8966 5187 1871 4450 2310 806 682 511 336 218 7095 545 409 1504 1018 709 737 334 403 1256 1123 2140 552 450 340 853 630 223 294
is_linear=0
shrinkage=0.02


Tree=100
num_leaves=31
num_cat=0
split_feature=0 0 0 2 10 2 2 12 2 4 4 6 2 0 12 10 11 0 4 10 4 4 10 10 8 3 2 8 2 8
split_gain=515.096 133.833 78.7053 69.742 63.0789 52.7816 51.2031 50.9209 46.8105 43.0659 45.0511 40.9064 38.8257 43.1822 42.2419 39.7969 37.179 40.3138 40.494 39.3745 36.3249 54.566 35.9113 36.6854 39.895 35.8578 54.7167 49.8658 50.7073 48.6368
threshold=0.19509235860341859 0.12067415305096561 0.27039491609131677 0.92947513782334934 0.36724250952959359 0.96000457547511642 0.94001163670559063 72.060661764705898 0.82721391847073311 -0.66749478049674582 -0.56371630519414373 2.5000000000000004 0.701313776952459 0.15908552092762621 67.093750000000014 0.33165269088098254 0.75029411764705889 0.18903055061303239 -0.24604218206553816 0.063238642058389791 -0.34976028225184913 -0.23399677232610072 0.12289381870171755 0.16160182371387957 6.5000000000000009 62.126533374004232 0.81034800575009991 4.5000000000000009 0.78616662818661209 8.5000000000000018
decision_type=10 8 10 8 2 10 10 2 10 2 2 2 8 8 2 2 2 8 2 2 2 2 2 2 2 10 10 2 10 2
left_child=1 7 9 20 6 -5 11 8 -1 -2 -11 16 13 -13 -15 -14 17 19 -19 -3 -4 -22 -21 -24 -25 -12 27 -27 -29 -28
right_child=2 4 3 5 -6 -7 -8 -9 -10 10 25 12 15 14 -16 -17 -18 18 -20 22 21 -23 23 24 -26 26 29 28 -30 -31
leaf_value=-0.0044195912398393902 0.017117906590705518 -0.0047929259428360557 0.00041943465312667324 0.028994912003292472 0.011334113968270165 0.010463078357621071 0.011428615294777565 -0.010986807767200308 0.0072338830835749993 -0.0062037681184079962 -0.0015723058607312445 0.00033136581437081478 0.0024992936675107746 -0.015929891599365083 -0.0025091298494268866 -0.0074677335656102685 -0.011544597081915298 -0.014198641099109508 1.3073137156049112e-05 0.0075658201189603208 0.023719123068193976 0.0057803458687968748 -0.0085768046837321598 0.012857528206138384 -0.0029125752724481354 -0.0080178893029908931 0.011692109095835358 0.0074591311638265156 -0.0080437787082933247 0.0042188624812047873
leaf_weight=4749 111 558 169 141 182 109 137 468 142 151 287 619 2173 163 221 173 198 202 133 301 104 195 173 105 165 170 756 430 105 646
leaf_count=4749 111 558 169 141 182 109 137 468 142 151 287 619 2173 163 221 173 198 202 133 301 104 195 173 105 165 170 756 430 105 646
internal_value=-0.000314362 -0.00243467 0.00651158 0.0123866 -0.000243881 0.020915 -0.000639896 -0.00468432 -0.00408126 0.00492337 0.00439151 -0.000958836 0.000356247 -0.00293716 -0.00820596 0.0017643 -0.00335895 -0.00236888 -0.00855638 -0.000776853 0.00783086 0.0120199 0.0022352 -0.00138673 0.00322024 0.0050598 0.00596317 0.00141814 0.0044165 0.00824866
internal_weight=14236 10862 3374 718 5503 250 5321 5359 4891 2656 2545 5184 3349 1003 384 2346 1835 1637 335 1302 468 299 744 443 270 2394 2107 705 535 1402
internal_count=14236 10862 3374 718 5503 250 5321 5359 4891 2656 2545 5184 3349 1003 384 2346 1835 1637 335 1302 468 299 744 443 270 2394 2107 705 535 1402
is_linear=0
shrinkage=0.02


Tree=101
num_leaves=31
num_cat=0
split_feature=0 0 0 1 2 9 3 6 12 3 2 1 3 10 10 10 12 3 2 3 9 12 0 2 11 10 2 11 1 1
split_gain=494.699 128.534 75.5886 87.4812 75.6208 72.752 61.1667 55.1722 48.9315 46.8481 68.4043 44.8853 79.6935 65.7035 91.4001 63.1591 51.9812 49.2319 43.9828 42.4687 41.7732 42.2896 36.8725 42.9949 60.495 44.1612 88.3914 78.6183 36.9559 36.4616
threshold=0.19509235860341859 0.12067415305096561 0.27039491609131677 0.48839648225286408 0.93044148261597193 0.16365459593447199 68.479091016255694 1.5000000000000002 71.406250000000014 65.415487688348648 0.74794973212826166 0.3382794331923572 62.973566457028191 0.26010489906404605 0.23009792535490922 0.32321955312325512 71.031250000000014 68.652547857110363 0.82721391847073311 69.245282541908168 0.20211003226852056 68.393382352941188 0.13889391239038068 0.70945526863306518 0.76718750000000002 0.3132725826972011 0.8584070184249244 0.88391544117647081 0.28535650108429922 0.26381228867245082
decision_type=10 8 10 10 8 2 10 2 2 10 10 10 10 2 2 2 2 10 10 10 2 2 8 8 2 2 10 2 8 8
left_child=1 8 11 4 20 9 7 -7 18 -3 -11 15 -13 14 -14 -2 -15 -17 -1 -8 -4 -22 -9 -24 -25 26 28 -27 -26 -21
right_child=2 5 3 -5 -6 6 19 22 -10 10 -12 12 13 16 -16 17 -18 -19 -20 29 21 -23 23 24 25 27 -28 -29 -30 -31
leaf_value=-0.0042001106484400646 0.0050544109927023175 -0.0048423719202363184 -0.00012527826072817499 -0.0030664950845390561 0.025586645971772445 -0.0069001510612262309 -0.01367272018405238 0.017536470598290461 -0.0095743691890325614 -0.0025219400087635869 0.0052294557213321121 -0.010475731257642253 -0.00056084586331286491 0.0031847638394100529 0.023164466113132769 0.022720893088705334 -0.012094151952436991 0.0064232157061889983 0.0071425849806966511 0.0041526682185445054 0.0060706331541313593 0.02142061423844634 -0.0038352337945252658 0.017411686159229202 -0.0061931624652537621 -0.011542435388961068 0.023156342735358826 0.010461503932746048 0.008634766821640107 -0.0055881525456475522
leaf_weight=4531 1224 1381 110 125 194 129 103 117 687 1464 661 178 117 587 146 163 105 136 141 376 133 156 160 190 113 146 120 117 166 260
leaf_count=4531 1224 1381 110 125 194 129 103 117 687 1464 661 178 117 587 146 163 105 136 141 376 133 156 160 190 113 146 120 117 166 260
internal_value=-0.000308075 -0.00238597 0.00638135 0.0121389 0.0153441 -0.000239003 0.00280798 0.00549073 -0.00459063 -0.00197455 -0.0001108 0.0048249 0.00181049 0.00410049 0.0126099 0.00706741 0.000866431 0.0153079 -0.00385779 -0.00175887 0.010364 0.0143564 0.00690652 0.00567756 0.007464 0.00460892 0.00880277 -0.00175361 0.00262919 0.000170572
internal_weight=14236 10862 3374 718 593 5503 1997 1258 5359 3506 2125 2656 1133 955 263 1523 692 299 4672 739 399 289 1129 1012 852 662 399 263 279 636
internal_count=14236 10862 3374 718 593 5503 1997 1258 5359 3506 2125 2656 1133 955 263 1523 692 299 4672 739 399 289 1129 1012 852 662 399 263 279 636
is_linear=0
shrinkage=0.02


Tree=102
num_leaves=31
num_cat=0
split_feature=2 2 10 1 11 8 11 1 12 1 10 4 11 11 2 4 11 1 2 6 4 4 12 11 1 1 8 4 5 4
split_gain=452.912 102.562 78.8647 74.5238 64.7221 60.1485 57.209 56.6998 55.5693 47.5408 51.0672 43.6956 48.272 46.7087 46.5574 43.4607 43.2524 63.441 51.6641 44.2216 44.997 53.7092 37.369 35.909 34.4811 51.2891 57.035 52.3586 51.2898 46.8288
threshold=0.73403128849760957 0.92238411883964211 0.42404942270950036 0.35743508097692872 0.93781250000000005 14.500000000000002 0.71354166666666685 0.44271269495219168 67.696691176470594 0.40272334362237044 0.35494235322656742 -0.060072631952678208 0.76593750000000005 0.75167832167832183 0.47255543550536233 -0.24908759264194599 0.87775000000000014 0.29382954244509896 0.85000016009949764 2.5000000000000004 -0.53017489697970477 -0.46866038105689112 66.968750000000014 0.9093541666666668 0.31889946152084253 0.28037404050130682 2.5000000000000004 -0.12738241973197026 0.46659158979596416 -0.32204172170838913
decision_type=10 10 2 10 2 2 2 10 2 10 2 2 2 2 10 2 2 10 10 2 2 2 2 2 10 10 2 2 2 2
left_child=3 2 5 6 7 16 -1 9 -5 10 22 12 13 14 -8 -7 19 18 -18 -2 -21 -22 -3 -14 25 26 -23 28 -28 -27
right_child=1 4 -4 8 -6 15 11 -9 -10 -11 -12 -13 23 -15 -16 -17 17 -19 -20 20 21 24 -24 -25 -26 29 27 -29 -30 -31
leaf_value=-0.0041198940552315075 -0.0015383141609584886 -0.0013661792554091989 0.018746662983336018 -0.00087299804119632038 0.02054883462546692 0.00045758303408237062 -0.0075914597166877873 -0.006285258679527719 0.01943114012107253 0.022108037454066892 0.018647214237186644 -0.0087772869522822032 -0.0027672851239500741 0.018623163860912124 0.0086044225450171985 -0.014838154003390986 -0.0046286105580519935 -0.0079435476686101954 0.011578731055223876 -0.0018984487219657527 0.016692630787719192 0.015647803848770299 0.0088119426859737046 0.0096781782387703099 0.0017941508221179106 0.024589116333104739 0.004208013638691113 0.0095950706194517978 -0.0078607035955125821 0.0088337706335005345
leaf_weight=7155 489 228 121 117 181 170 106 106 100 101 135 188 741 105 215 132 138 323 183 332 173 162 393 106 796 107 343 295 239 256
leaf_count=7155 489 228 121 117 181 170 106 106 100 101 135 188 741 105 215 132 138 323 183 332 173 162 393 106 796 107 343 295 239 256
internal_value=-0.000301913 0.00425929 0.00283117 -0.00309193 0.00957604 0.00236578 -0.00338347 0.00751366 0.00848375 0.00922041 0.00749865 0.000223057 0.00155225 0.00704387 0.00325625 -0.00622797 0.00304235 -0.00168572 0.00461109 0.00399626 0.00499752 0.00596313 0.00507505 -0.00120977 0.00511863 0.00700614 0.00474507 0.00273111 -0.00074804 0.0134779
internal_weight=14236 5403 4259 8833 1144 4138 8616 963 217 857 756 1461 1273 426 321 302 3836 644 321 3192 2703 2371 621 847 2198 1402 1039 877 582 363
internal_count=14236 5403 4259 8833 1144 4138 8616 963 217 857 756 1461 1273 426 321 302 3836 644 321 3192 2703 2371 621 847 2198 1402 1039 877 582 363
is_linear=0
shrinkage=0.02


Tree=103
num_leaves=31
num_cat=0
split_feature=0 0 0 1 2 9 3 8 12 10 12 2 3 2 1 4 3 10 9 12 0 1 8 3 2 3 9 12 4 8
split_gain=460.979 119.916 71.6206 83.7736 70.6873 67.8103 59.1112 78.5897 47.3088 46.3656 70.1676 48.824 44.5678 63.6488 43.2404 86.9552 74.642 60.076 58.7338 97.8583 87.1463 70.0116 65.8417 47.1473 41.8081 40.6059 40.0222 40.6623 39.3243 51.2064
threshold=0.19509235860341859 0.12067415305096561 0.27039491609131677 0.48839648225286408 0.93044148261597193 0.16365459593447199 68.479091016255694 12.500000000000002 72.060661764705898 0.24232630141896913 69.031250000000014 0.70750507683933261 65.415487688348648 0.74794973212826166 0.3382794331923572 -0.48112509790706259 62.785869449813866 0.32321955312325512 0.22777977178312647 67.029411764705898 0.23047532856921574 0.39156151347636209 8.5000000000000018 68.652547857110363 0.82721391847073311 69.245282541908168 0.20223462519336097 68.393382352941188 -0.23926884046221461 4.5000000000000009
decision_type=10 8 10 10 8 2 10 2 2 2 2 10 10 10 10 2 10 2 2 2 10 10 2 10 10 10 2 2 2 2
left_child=1 8 14 4 26 12 7 9 24 -7 11 -11 -3 -14 17 -16 -17 28 19 21 -21 -18 -20 -19 -1 -8 -4 -28 -2 -30
right_child=2 5 3 -5 -6 6 25 -9 -10 10 -12 -13 13 -15 15 16 18 23 22 20 -22 -23 -24 -25 -26 -27 27 -29 29 -31
leaf_value=-0.0041696399271788824 0.0019252816392035239 -0.00470068335709999 -0.00011547124718089361 -0.0031137552644684915 0.024805276702571009 0.01543934062533712 -0.013425372633201441 -0.00553725028861331 -0.010506012205713088 -0.0037297049583867193 0.014687139649389556 0.007992964547655591 -0.0024115200546567976 0.0050655840541082532 0.013511596701893152 -0.014254733063280582 0.0043991246271552972 0.022138720216335197 0.0030704904598967426 -0.011266823790700238 0.008840962361803378 0.027775291121911766 -0.018055050828586425 0.0061898223704809109 0.0068435656991918427 0.00011091126656194902 0.005907183097591414 0.020981249796286707 -0.0011751846131617136 0.013197086537905389
leaf_weight=4749 728 1381 111 125 194 236 103 219 468 312 230 261 1464 661 204 142 103 163 126 176 169 102 111 136 142 636 133 155 137 359
leaf_count=4749 728 1381 111 125 194 236 103 219 468 312 230 261 1464 661 204 142 103 163 126 176 169 102 111 136 142 636 133 155 137 359
internal_value=-0.000295875 -0.0023017 0.00616154 0.0117659 0.0149025 -0.000227961 0.00271372 0.00535101 -0.00443117 0.00764603 0.00535559 0.00160994 -0.00190352 -8.57008e-05 0.0046465 0.00168783 -0.000908557 0.00684753 0.00149952 0.00508609 -0.00141692 0.0160302 -0.00682375 0.0148844 -0.00384989 -0.00177574 0.0100875 0.01402 0.00488428 0.00922733
internal_weight=14236 10862 3374 718 593 5503 1997 1258 5359 1039 803 573 3506 2125 2656 1133 929 1523 787 550 345 205 237 299 4891 739 399 288 1224 496
internal_count=14236 10862 3374 718 593 5503 1997 1258 5359 1039 803 573 3506 2125 2656 1133 929 1523 787 550 345 205 237 299 4891 739 399 288 1224 496
is_linear=0
shrinkage=0.02


Tree=104
num_leaves=31
num_cat=0
split_feature=9 1 9 8 4 8 4 5 4 11 1 10 8 5 11 11 5 4 3 3 9 1 4 5 8 4 3 12 1 1
split_gain=407.708 102.227 85.8246 72.726 69.6102 51.9839 90.5633 110.016 66.3253 103.138 61.6488 61.4525 58.8937 56.5663 49.5038 48.7959 46.5302 44.3298 43.886 40.3945 39.8536 47.0779 61.219 35.6431 34.9309 42.5554 47.1963 44.9234 39.6635 71.5038
threshold=0.17339103273247872 0.11474405754648702 0.24453002781157659 2.5000000000000004 -0.53970702791057601 8.5000000000000018 -0.55859985728992123 0.93728395339909987 -0.43682923813216651 0.83291666666666686 0.2019349352346804 0.27852399744818707 5.5000000000000009 0.44086153275709572 0.84438541666666678 0.79253846153846175 0.39847876656966269 -0.17548615269837467 77.523835444680586 64.401880073679479 0.18313831789774868 0.24857705913383035 -0.21927842792346283 0.07160137224603734 7.5000000000000009 -0.15176099037308841 67.687796710713698 66.281250000000014 0.27464651419184244 0.29691263037273191
decision_type=2 10 2 2 2 2 2 2 2 2 10 2 2 2 2 2 2 2 10 10 2 8 2 2 2 2 10 2 10 10
left_child=1 -1 5 -4 -5 6 -2 8 9 -8 -7 14 20 17 16 -15 -12 23 24 -6 -10 22 -22 -13 25 -3 27 -27 -26 -30
right_child=2 18 3 4 19 10 7 -9 12 -11 11 13 -14 15 -16 -17 -18 -19 -20 -21 21 -23 -24 -25 28 26 -28 -29 29 -31
leaf_value=-0.0045670059193002243 -0.0086942514896123525 -0.0045677523269329117 0.021803179032550277 0.022743430907286488 -0.0047816851757522807 -0.0069028880968150024 0.028804234371218883 -0.01238291467548208 -0.0056697682585687406 0.0037854312105876642 0.011101706845283107 0.0080771681556461358 0.012432840329664919 -0.0048581995625121919 0.019067706778200706 0.012354985514195057 -0.0065583726756274696 -0.014839650847187096 0.0093686342166051616 0.007617441947621195 0.022637986573841303 0.0024615479962295595 0.0022864499477158605 -0.0060937669543108574 -0.00088917028753918159 -0.002952489012906563 -0.0039277640235850543 0.013576054429369313 0.014780492766550742 0.00085893706396241972
leaf_weight=4958 166 1504 176 103 133 345 142 113 155 123 148 111 439 102 134 186 100 132 174 501 124 623 113 197 1903 103 283 182 200 563
leaf_count=4958 166 1504 176 103 133 345 142 113 155 123 148 111 439 102 134 186 100 132 174 501 124 623 113 197 1903 103 283 182 200 563
internal_value=-0.000289958 -0.00254105 0.00479899 0.0102523 0.00749382 0.0033571 0.00545121 0.00673295 0.00798955 0.0171917 0.000481472 0.00277661 0.0063124 -0.000632211 0.00927301 0.00625865 0.00398071 -0.00514259 -0.00049613 0.00501636 0.00366523 0.0053477 0.0129345 -0.000986709 -0.000858407 -0.00280633 0.00185771 0.00760258 0.00065551 0.0045081
internal_weight=14236 9870 4366 913 737 3453 1998 1832 1719 265 1455 1110 1454 728 382 288 248 440 4912 634 1015 860 237 308 4738 2072 568 285 2666 763
internal_count=14236 9870 4366 913 737 3453 1998 1832 1719 265 1455 1110 1454 728 382 288 248 440 4912 634 1015 860 237 308 4738 2072 568 285 2666 763
is_linear=0
shrinkage=0.02


Tree=105
num_leaves=31
num_cat=0
split_feature=9 0 0 0 3 2 5 5 10 2 5 2 9 2 0 10 10 5 9 10 12 12 4 4 9 3 0 12 12 5
split_gain=458.195 115.446 87.0197 66.494 64.0268 68.9458 58.3385 63.0065 87.4792 61.7347 82.5546 52.8867 49.1343 44.9087 43.8048 45.0913 55.5223 40.5358 68.2011 39.1547 42.801 45.2498 38.9531 40.1174 62.1722 56.9367 36.6548 35.8172 61.0323 58.7399
threshold=0.16929121725731897 0.17352927174765601 0.14341821686086736 0.16637591975811691 60.998661905251438 0.70408403706893219 0.58522661559527311 0.45781279614800274 0.22009972479927373 0.93561317264961297 0.64270668570153966 0.94628889364506119 0.085920291850220279 0.8584070184249244 0.15716513865255802 0.24232630141896913 0.20695555880780001 0.3481695499022453 0.090569238502136232 0.36724250952959359 68.156250000000014 67.468750000000014 0.010764702416137311 -0.39139609970247763 0.12510434056761272 67.537429577286787 0.13068804310408569 68.393382352941188 70.312500000000014 0.15365856610342718
decision_type=2 10 10 10 10 10 2 2 2 10 2 10 2 10 10 2 2 2 2 2 2 2 2 2 2 10 8 2 2 2
left_child=2 3 12 14 -3 -6 7 8 -7 10 -8 17 -1 -14 15 16 -2 -4 -19 20 21 26 23 24 -20 -26 -17 -10 29 -29
right_child=1 4 11 -5 5 6 9 -9 27 -11 -12 -13 13 -15 -16 19 -18 18 22 -21 -22 -23 -24 -25 25 -27 -28 28 -30 -31
leaf_value=-0.0064872499184524569 0.00041137739544573393 -0.0019176047482361242 -0.0027959346823006109 -0.011169025566671374 -0.0022140316553253985 0.023925226389953536 -0.01494531677570194 0.018493413300746199 0.0046615293839900014 0.015356425867880132 0.0048341487561648529 0.014326630446507976 -0.0030350404975368721 0.0075681025231482861 0.011121656985724355 0.0047184648069754972 0.018724930988225554 0.014103943508312193 -0.0071849858254642678 0.0099355601925741541 0.0023335674975346276 -0.017326638563225666 0.01181715257848347 -0.0033146040748146463 0.022155229012816424 0.0015965450812230068 -0.0083117782984168161 0.007234624599417051 0.0047790767658513842 0.024397891825656336
leaf_weight=1858 162 274 1106 169 233 146 104 361 743 156 448 108 5050 165 187 143 112 173 108 110 374 120 112 696 103 113 218 138 311 189
leaf_count=1858 162 274 1106 169 233 146 104 361 743 156 448 108 5050 165 187 143 112 173 108 110 374 120 112 696 103 113 218 138 311 189
internal_value=-5.13678e-05 0.00506589 -0.00255771 0.000692954 0.00731366 0.00820775 0.00914314 0.0109791 0.00920267 0.00424716 0.00110758 0.000634351 -0.00369455 -0.00269956 0.00209876 0.000736947 0.00789721 2.10099e-05 0.0024084 -0.00129612 -0.00274113 -0.00668695 0.000621004 -0.000608377 0.005205 0.0114 -0.00315021 0.00764619 0.0111221 0.0171547
internal_weight=14290 4698 9592 1595 3103 2829 2596 1888 1527 708 552 2519 7073 5215 1426 1239 274 2411 1305 965 855 481 1132 1020 324 216 361 1381 638 327
internal_count=14290 4698 9592 1595 3103 2829 2596 1888 1527 708 552 2519 7073 5215 1426 1239 274 2411 1305 965 855 481 1132 1020 324 216 361 1381 638 327
is_linear=0
shrinkage=0.02


Tree=106
num_leaves=31
num_cat=0
split_feature=9 9 2 8 4 5 2 10 1 5 4 5 2 1 5 5 4 3 10 9 12 3 3 3 4 1 4 8 4 5
split_gain=440.051 97.2428 79.0368 77.9398 79.9884 76.587 66.6566 65.3287 58.9276 55.26 84.6965 54.4335 51.8853 45.2513 42.6182 59.9784 51.8949 104.238 44.7179 41.0621 41.0056 46.8261 62.8498 60.0799 50.7042 44.7546 44.6215 43.1117 39.9832 50.4814
threshold=0.16929121725731897 0.23733925648819268 0.94805950982589604 8.5000000000000018 -0.44871318066123927 0.14836238403865765 0.80311065740224252 0.19961929892616784 0.088235670766308533 -0.03993138170555921 -0.59658244329148202 0.39847876656966269 0.41083275309601236 0.41754201868861451 -0.12188956454502065 1.0000000180025095e-35 -0.35507062128157507 70.691858182179757 0.24232630141896913 0.20598456523823222 71.281250000000014 63.173879851225443 68.528418503457331 66.061369309785974 -0.28997004224071465 0.38199913359089982 -0.25178182904234164 8.5000000000000018 -0.30308556635529876 0.23368796100680619
decision_type=2 2 10 2 2 2 10 2 10 2 2 2 8 8 2 2 2 10 2 2 2 10 10 10 2 10 2 2 2 2
left_child=2 6 8 5 -5 -3 14 -8 -1 -9 -11 -7 -10 -13 -2 -16 17 19 -18 -17 21 24 23 -23 -12 -24 -22 -25 -20 -30
right_child=1 3 -4 4 -6 11 7 9 12 10 20 13 -14 -15 15 16 18 -19 28 -21 26 22 25 27 -26 -27 -28 -29 29 -31
leaf_value=-0.0044108650635805435 -0.011397337117731306 0.0015227285653559696 0.01383098841398063 0.01768021401911974 -0.00089629424377902307 0.026608666945446995 0.020407939490727028 0.015173361900409585 -0.0074207149781461814 -0.013962811214646492 0.0093519399530890557 0.017946969280907318 -0.00058784747617034183 0.0018938636235892772 0.016128685166245525 -0.0053021235414990433 0.0096780846409982059 0.011932082444912307 0.010354638821760517 -0.01945594556658314 -0.011847008735209972 0.006297499871826524 0.0004391361902589384 0.013077725757986814 -0.0092684800680659773 0.014145439145790915 0.0065726656449958685 0.030739991490084391 0.0085702835899721455 -0.0046657150517508744
leaf_weight=4376 112 144 117 125 359 188 118 190 492 101 101 236 4607 100 103 222 278 108 133 130 111 203 391 118 139 126 100 104 149 509
leaf_count=4376 112 144 117 125 359 188 118 190 492 101 101 236 4607 100 103 222 278 108 133 130 111 203 391 118 139 126 100 104 149 509
internal_value=-5.03404e-05 0.00496457 -0.00250656 0.0100129 0.00390136 0.014441 0.00332451 0.00602212 -0.0027083 0.00501409 0.00372208 0.017991 -0.00124715 0.0131693 0.000537197 0.00135623 0.000361098 -0.00525582 0.00277811 -0.0105294 0.00500433 0.00645413 0.00846343 0.0141612 -0.00143239 0.00377955 -0.00311731 0.0213519 0.000353085 -0.00166851
internal_weight=14290 4698 9592 1152 484 668 3546 1802 9475 1684 1494 524 5099 336 1744 1632 1529 460 1069 352 1393 1182 942 425 240 517 211 222 791 658
internal_count=14290 4698 9592 1152 484 668 3546 1802 9475 1684 1494 524 5099 336 1744 1632 1529 460 1069 352 1393 1182 942 425 240 517 211 222 791 658
is_linear=0
shrinkage=0.02


Tree=107
num_leaves=31
num_cat=0
split_feature=9 0 0 0 10 9 3 12 3 11 11 11 4 8 0 10 3 3 3 11 9 4 12 3 1 11 3 12 3 3
split_gain=422.625 108.564 81.3127 63.939 61.4008 63.2918 71.2178 60.9304 67.6969 55.3325 62.511 55.3973 54.3294 48.4845 61.7977 59.145 47.9267 64.7783 47.5928 50.6782 46.935 44.2938 40.4972 38.8295 43.963 54.7301 36.6472 34.0657 55.4004 33.6691
threshold=0.16929121725731897 0.17352927174765601 0.14341821686086736 0.16637591975811691 0.18794435926574352 0.25976363944425623 61.599671206189619 71.24264705882355 75.884163800323918 0.75167832167832183 0.82129166666666686 0.73933035714285722 -0.44269034463096352 6.5000000000000009 0.15716513865255802 0.30617715167672871 68.528418503457331 65.98718614178749 70.366036324048139 0.84572916666666675 0.085920291850220279 -0.29521169789295687 72.818014705882362 71.063275534605935 0.36502906982545502 0.84031250000000013 77.972952180534676 68.718750000000014 66.919250700731908 65.502325655860247
decision_type=2 10 10 10 2 2 10 2 10 2 2 2 2 2 10 2 10 10 10 2 2 2 2 10 8 2 10 2 10 10
left_child=2 3 20 13 -3 6 -6 8 16 11 -11 -4 -7 -2 15 -15 17 21 19 -18 -1 -8 -9 -20 25 -25 -22 28 -19 -14
right_child=1 4 9 -5 5 12 7 22 -10 10 -12 -13 29 14 -16 -17 18 27 23 -21 26 -23 -24 24 -26 -27 -28 -29 -30 -31
leaf_value=-0.0062848368355726417 0.0052422830544076628 0.022383101159098126 0.0012135750079283736 -0.011007163492224272 -0.0044480932793833994 0.024278089448569285 -0.0014958241102335222 -0.0078984273438089791 0.01993143464143048 -0.011862399873955085 0.0038554504920551382 0.015922783068208785 0.017565539918012091 -0.0010524270562995669 0.011554890825689114 -0.016511223311188504 0.0032832966370443845 0.024048342356495191 0.017407474231121003 -0.015116160283066041 -0.0028811687444866741 0.010719603402772919 0.0060301605628863457 -0.0093100752370419357 0.012976020933230864 0.0081948457861975802 0.0068408612565835939 0.024739219014188678 0.0059069131974979205 0.0055383825857813164
leaf_weight=1858 805 101 1981 169 275 124 235 181 167 267 163 108 135 379 108 134 145 101 102 102 5055 240 155 147 137 139 160 115 202 300
leaf_count=1858 805 101 1981 169 275 124 235 181 167 267 163 108 135 379 108 134 145 101 102 102 5055 240 155 147 137 139 160 115 202 300
internal_value=-4.93336e-05 0.00486528 -0.00245643 0.000624691 0.00704502 0.00652899 0.00513986 0.00635604 0.00779194 0.00062919 -0.00590424 0.00197403 0.0125999 0.00200322 -0.00219556 -0.0050904 0.00657435 0.00972931 0.00292488 -0.00431486 -0.00355535 0.00467618 -0.00147304 0.00633101 0.00366009 -0.000802439 -0.00258289 0.0154715 0.0119541 0.00927095
internal_weight=14290 4698 9592 1595 3103 3002 2443 2168 1832 2519 430 2089 559 1426 621 513 1665 893 772 247 7073 475 336 525 423 286 5215 418 303 435
internal_count=14290 4698 9592 1595 3103 3002 2443 2168 1832 2519 430 2089 559 1426 621 513 1665 893 772 247 7073 475 336 525 423 286 5215 418 303 435
is_linear=0
shrinkage=0.02


Tree=108
num_leaves=31
num_cat=0
split_feature=0 10 2 2 12 12 0 3 0 10 8 8 12 2 12 12 12 5 0 0 12 5 5 5 10 2 5 2 10 5
split_gain=398.012 93.3905 69.9723 64.197 84.2424 77.2523 86.187 78.1713 53.4186 64.9435 53.3328 71.0062 53.8808 83.2018 42.519 42.2717 55.2774 65.0455 48.4625 64.4056 57.783 40.6024 39.6265 45.5818 44.7524 32.3442 32.2447 31.468 31.9458 30.658
threshold=0.19509235860341859 0.22740591778270958 0.93737621359632362 0.80947953634638925 70.187500000000014 68.393382352941188 0.24645546118200004 70.000288179095733 0.14341821686086736 0.21476202685538068 4.5000000000000009 2.5000000000000004 67.156250000000014 0.76360198931442025 63.718750000000007 67.727941176470594 66.968750000000014 0.21591086721121147 0.2231294727135994 0.27874693641026393 65.849264705882362 -0.0058011545602438949 0.13247953637847668 1.0000000180025095e-35 0.065929662619716153 0.86705054442180785 0.55555214607182235 0.63999615761205708 0.12625226395606137 0.78413948689909252
decision_type=10 2 10 10 2 2 10 10 10 2 2 2 2 10 2 2 2 2 10 10 2 2 2 2 2 10 2 8 2 2
left_child=1 8 14 10 5 15 -7 -8 25 22 11 -2 13 -12 -3 16 17 21 -19 20 -20 -5 23 -10 -24 -1 -6 -26 -29 -16
right_child=3 2 -4 4 26 6 7 -9 9 -11 12 -13 -14 -15 29 -17 -18 18 19 -21 -22 -23 24 -25 27 -27 -28 28 -30 -31
leaf_value=-0.0040049930812460039 0.0045637157184146614 -0.007056197103389633 0.015247014692067205 0.0079668869788401594 0.0039283527772534981 0.0061431076180245448 0.015172502453229866 0.035776400794038328 0.0017935904236146191 -0.014262469677085226 0.0059588552904575312 -0.015618819977406044 0.0091693570702161831 -0.015754957219077784 0.0019886835119219239 0.00017576088596790753 0.018420304274048858 0.018973014678504017 0.008776440638324454 0.020314372926581611 -0.0095711328830939153 -0.0080719938460592326 -0.0062568101394020661 -0.014097984761984881 -0.0023697327016824229 0.0074585141333751385 -0.0068503102628239554 0.01474524660395797 0.0048219797025675463 -0.0046223551317535602
leaf_weight=6357 137 276 133 107 385 201 196 118 179 110 197 142 426 110 2330 270 203 185 180 101 111 154 153 121 163 100 156 176 494 319
leaf_count=6357 137 276 133 107 385 201 196 118 179 110 197 142 426 110 2330 270 203 185 180 101 111 154 153 121 163 100 156 176 494 319
internal_value=-4.8347e-05 -0.00190583 0.00105933 0.00594956 0.0077521 0.00980584 0.0163693 0.0229154 -0.00306047 0.000487097 0.00173355 -0.0057084 0.00456616 -0.00182134 0.000414219 0.00722751 0.0090565 0.00678818 0.0105357 0.00655387 0.00177788 -0.00149667 0.00174872 -0.00461601 0.00368526 -0.00382746 0.000820272 0.00551135 0.00742869 0.00119256
internal_weight=14290 10911 3058 3379 2367 1826 515 314 7853 1396 1012 279 733 307 2925 1311 1041 838 577 392 291 261 1286 300 986 6457 541 833 670 2649
internal_count=14290 10911 3058 3379 2367 1826 515 314 7853 1396 1012 279 733 307 2925 1311 1041 838 577 392 291 261 1286 300 986 6457 541 833 670 2649
is_linear=0
shrinkage=0.02


Tree=109
num_leaves=31
num_cat=0
split_feature=0 10 2 2 10 5 5 10 11 2 2 2 0 0 10 8 8 10 5 8 5 5 5 10 8 6 11 10 1 0
split_gain=382.251 89.6922 67.2014 61.6548 67.4656 54.9677 85.338 75.2004 64.3738 79.2721 60.1271 58.623 60.3658 51.3032 62.3717 51.2208 68.1943 44.8257 43.8322 38.4571 70.1703 38.0573 43.7767 42.9802 36.8376 36.5279 35.4828 33.825 45.1892 35.467
threshold=0.19509235860341859 0.22740591778270958 0.93737621359632362 0.80947953634638925 0.15624201645495206 0.58927134111893753 0.4549284827357043 0.23374368533952386 0.94097285067873315 0.8654080303084063 0.92447684505556871 0.9316574835709539 0.21922481202396407 0.14341821686086736 0.21476202685538068 4.5000000000000009 2.5000000000000004 0.32564440849116033 0.71720965254905178 6.5000000000000009 0.79436673502359822 0.13247953637847668 1.0000000180025095e-35 0.065929662619716153 9.5000000000000018 4.5000000000000009 0.75575367647058833 0.29006020586252695 0.29691263037273191 0.17263362270413124
decision_type=10 2 10 10 2 2 2 2 2 10 10 10 10 10 2 2 2 2 2 2 2 2 2 2 2 2 2 2 8 10
left_child=1 13 19 15 -5 6 7 26 9 25 -8 12 -7 -1 21 16 -2 -17 -14 20 -3 22 -15 -23 -19 -9 -6 28 -21 -29
right_child=3 2 -4 4 5 11 10 8 -10 -11 -12 -13 18 14 -16 17 -18 24 -20 27 -22 23 -24 -25 -26 -27 -28 29 -30 -31
leaf_value=-0.0037509077716713084 0.0044724413703610428 0.0043389074473160804 0.014942074488932477 -0.0068251204478546861 0.026644983925602654 0.009502458203609827 0.025673143759396083 0.0067687468450539599 0.020522465672100258 0.000575160089605939 0.0084941463482876619 0.012936490221642132 -0.017039070784393699 0.0017577186676377024 -0.013977220364592291 0.0011727235440892228 -0.015306443677506816 0.020628174256103544 -0.00035184452069156314 0.0023835669918520043 -0.0093409302859731452 -0.0061316739748311202 -0.01381602475588972 0.0054011234396868493 0.0044274953941310768 0.021178538063764574 0.010506634058223829 -0.0089022581637594345 -0.010444909131310852 0.0018592419452033938
leaf_weight=6457 137 1274 133 123 110 144 213 161 107 702 132 172 100 179 110 507 142 104 170 774 170 153 121 833 122 125 108 403 128 176
leaf_count=6457 137 1274 133 123 110 144 213 161 107 702 132 172 100 179 110 507 142 104 170 774 170 153 121 833 122 125 108 403 128 176
internal_value=-4.738e-05 -0.00186771 0.00103815 0.00583057 0.00759706 0.00838758 0.0102485 0.00792263 0.00578699 0.00419114 0.0191003 0.00312237 -0.000954992 -0.00299926 0.000477355 0.00169888 -0.00559423 0.00447484 -0.0065323 0.000405935 0.0027284 0.00171375 -0.00452369 0.00361155 0.0118827 0.0130667 0.0186498 -0.00185851 0.000563118 -0.00563106
internal_weight=14290 10911 3058 3379 2367 2244 1658 1313 1095 988 345 586 414 7853 1396 1012 279 733 270 2925 1444 1286 300 986 226 286 218 1481 902 579
internal_count=14290 10911 3058 3379 2367 2244 1658 1313 1095 988 345 586 414 7853 1396 1012 279 733 270 2925 1444 1286 300 986 226 286 218 1481 902 579
is_linear=0
shrinkage=0.02


Tree=110
num_leaves=31
num_cat=0
split_feature=9 9 11 11 1 4 7 1 11 11 10 3 3 3 11 11 9 4 9 12 3 12 10 1 1 3 4 5 3 12
split_gain=409.834 125.188 79.3039 75.1767 74.1055 69.3949 57.567 53.4637 49.7279 58.202 45.6404 104.854 59.2406 68.6314 45.4728 63.4409 55.4824 60.9976 53.488 49.0425 42.435 43.5539 69.9166 39.8601 39.5642 38.6009 53.3997 47.3899 40.2647 38.1736
threshold=0.16929121725731897 0.25080313841781737 0.62581730769230781 0.66449519230769238 0.088235670766308533 -0.44871318066123927 1.0000000180025095e-35 0.33117846702969861 0.7360477941176472 0.74849264705882368 0.27163752248318895 76.338925580697733 75.000326940026738 72.625592157483993 0.85357142857142876 0.84031250000000013 0.22777977178312647 -0.46276444852573262 0.21464364415733392 71.24264705882355 72.176307465186795 69.303308823529434 0.37974770746729264 0.22772550495972865 0.35227304383541214 64.564009855197909 -0.14199598603405703 0.57725079353947695 62.722943635600338 71.24264705882355
decision_type=2 2 2 2 10 2 2 10 2 2 2 10 10 10 2 2 2 2 2 2 8 2 2 8 8 10 2 2 8 2
left_child=4 2 23 -4 29 -3 25 -8 -5 -10 12 14 13 -11 15 19 17 -16 -19 -12 21 22 -7 -2 -18 26 27 28 -6 -1
right_child=1 5 3 8 6 20 7 -9 9 10 11 -13 -14 -15 16 -17 24 18 -20 -21 -22 -23 -24 -25 -26 -27 -28 -29 -30 -31
leaf_value=-0.003539863438360746 -0.00095322834705215663 0.02299106729651491 0.020722898522497347 -0.0028673350601009307 -0.00098380674910943924 0.018970009468517506 0.0012363853613078463 0.013128772127234952 0.016242357630282641 0.0068545136498319508 0.0040071603176521434 0.021731122773067626 -0.0071191254385880066 0.024047365704408061 -0.010693435137476575 0.017127044186114319 -0.0034038383225644276 -6.3194361174137925e-05 0.014783328740864339 -0.0093842706734744395 0.0185685429881726 -0.0025446740060431671 0.00025390770461335279 -0.01709397904720961 -0.019515164730449518 -0.00087924529920330001 0.00260891355545149 -0.016835956278193686 -0.012707620295081901 -0.0089538968845790032
leaf_weight=3711 153 180 106 416 329 172 1251 172 160 868 690 102 105 104 142 126 140 333 137 130 140 158 149 102 108 2824 239 191 182 606
leaf_count=3711 153 180 106 416 329 172 1251 172 160 868 690 102 105 104 142 126 140 333 137 130 140 158 149 102 108 2824 239 191 182 606
internal_value=2.8461e-05 0.00484518 0.00337519 0.00412515 -0.00236394 0.0120608 -0.00075303 0.00267383 0.00363109 0.00449065 0.00386075 0.00200272 0.0071524 0.00869408 0.000888495 0.00391437 -0.00243997 0.000793798 0.00426441 0.00188413 0.00888241 0.00605139 0.0102825 -0.00740953 -0.0104201 -0.00204823 -0.00555643 -0.00833636 -0.00515941 -0.00429986
internal_weight=14226 4721 3922 3667 9505 799 5188 1423 3561 3145 2985 1908 1077 972 1806 946 860 612 470 820 619 479 321 255 248 3765 941 702 511 4317
internal_count=14226 4721 3922 3667 9505 799 5188 1423 3561 3145 2985 1908 1077 972 1806 946 860 612 470 820 619 479 321 255 248 3765 941 702 511 4317
is_linear=0
shrinkage=0.02


Tree=111
num_leaves=31
num_cat=0
split_feature=0 9 0 2 2 9 11 0 2 10 10 5 2 5 8 5 5 5 2 2 11 9 0 8 10 11 9 11 11 0
split_gain=413.599 99.5157 69.4745 67.1721 64.0676 54.2437 49.1421 53.1247 47.553 43.6634 59.9313 73.1928 52.9354 46.5724 43.7228 38.6731 61.2309 50.9752 37.4577 51.2158 36.1604 35.1571 33.8215 32.6248 29.1474 37.7948 36.0132 57.8056 35.2638 37.4857
threshold=0.17963059322415706 0.25321706388613047 0.12000062703473809 0.86353203085370123 0.81598590113266189 0.23921437876062282 0.94097285067873315 0.25724307338431762 0.7114175378045472 0.070116069137026199 0.12740975902135851 0.1615275254883598 0.48013141640868179 0.52169990069774064 5.5000000000000009 -0.22545152055048864 -0.03993138170555921 0.15765795241678032 0.94628889364506119 0.95821639890727894 0.91696691176470602 0.18313831789774868 0.22177562338617388 8.5000000000000018 0.29676146801791542 0.87775000000000014 0.15729406949921873 0.71643750000000017 0.75575367647058833 0.16716216597119785
decision_type=10 2 8 10 10 2 2 10 8 2 2 2 8 2 2 2 2 2 10 10 2 2 10 2 2 2 2 2 2 10
left_child=2 8 -1 4 -3 9 7 -5 -2 13 11 -11 -12 -4 -13 -10 22 21 20 -20 -19 -18 -17 -23 26 -26 -14 -28 -29 -30
right_child=1 3 5 6 -6 -7 -8 -9 15 10 12 14 24 -15 -16 16 17 18 19 -21 -22 23 -24 -25 25 -27 27 28 29 -31
leaf_value=-0.0037335276239586213 -0.0025951101434837217 0.011738364851102231 -0.0018936261499113707 -0.006222574704020988 0.032855588143818004 0.011997941540975641 0.018203574476954271 0.010639769021721406 -0.0056648959144087576 -0.0064012541818256321 -0.012071806274467346 0.0032001587861461268 -0.0015372571734837018 -0.013316339382802004 0.015609584877436812 0.0075367417965213415 -0.0090308643374148578 0.0054061371063259247 0.0228332672385793 0.0051733010476154662 -0.0054863495351030276 0.0089601997368865538 0.023747543051129295 -0.0058665085200331002 -0.0016188142165635636 -0.013562818776283944 -0.0030438143283246688 0.016425367276199528 0.007475796498111034 -0.0044159568138420584
leaf_weight=5328 391 130 446 131 103 137 127 174 135 148 165 214 1514 210 242 101 168 1959 114 155 130 144 105 101 436 140 379 122 437 140
leaf_count=5328 391 130 446 131 103 137 127 174 135 148 165 214 1514 210 242 101 168 1959 114 155 130 144 105 101 436 140 379 122 437 140
internal_value=2.78918e-05 0.00532538 -0.00216737 0.0124182 0.0210734 -0.000403209 0.00775004 0.00339725 0.0039789 -0.00077311 2.28837e-05 0.00581948 -0.00102757 -0.00555029 0.00978586 0.00480487 0.00527965 0.00449759 0.00563285 0.0126575 0.00472829 -0.0019841 0.0157995 0.00284796 -0.000452344 -0.00452187 0.000451995 0.00324581 0.00665606 0.00459045
internal_weight=14226 4168 10058 665 233 4730 432 305 3503 4593 3937 604 3333 656 456 3112 2977 2771 2358 269 2089 413 206 245 3168 576 2592 1078 699 577
internal_count=14226 4168 10058 665 233 4730 432 305 3503 4593 3937 604 3333 656 456 3112 2977 2771 2358 269 2089 413 206 245 3168 576 2592 1078 699 577
is_linear=0
shrinkage=0.02


Tree=112
num_leaves=31
num_cat=0
split_feature=0 4 9 0 9 4 7 0 1 0 12 2 2 10 10 2 1 1 4 1 4 0 1 10 2 12 4 1 11 4
split_gain=397.221 112.994 86.7947 66.7233 52.0956 52.0391 59.9843 90.0175 52.8982 45.6583 44.3506 54.7034 43.1153 41.9343 57.558 50.8391 56.35 40.8824 45.5949 36.8057 65.8265 37.1813 44.1551 34.8083 33.3644 31.7551 39.5985 30.7007 27.8274 34.5276
threshold=0.17963059322415706 -0.71036662037510501 0.19741609458428683 0.12000062703473809 0.23921437876062282 -0.57526632530367749 1.0000000180025095e-35 0.23859560815624956 0.33117846702969861 0.25108335190401571 64.125000000000014 0.70945526863306518 0.6812716618833432 0.070116069137026199 0.12740975902135851 0.48013141640868179 0.11474405754648702 0.20486754341780281 -0.36970926712495816 0.44271269495219168 -0.20316298589095705 0.2259294287639057 0.3382794331923572 0.29250001934067105 0.82721391847073311 68.79411764705884 -0.20741805274904687 0.28535650108429922 0.77354166666666679 -0.17040388012095359
decision_type=10 2 2 8 2 2 2 10 10 10 2 10 8 2 2 8 8 10 2 10 2 10 10 2 10 2 2 8 2 2
left_child=3 -2 5 -1 13 -3 9 8 -8 12 -4 -12 -7 -5 27 -16 -17 -14 -19 21 -21 22 23 -13 -20 26 -26 -15 -23 -30
right_child=1 2 10 4 -6 6 7 -9 -10 -11 11 19 17 14 15 16 -18 18 24 20 -22 28 -24 -25 25 -27 -28 -29 29 -31
leaf_value=-0.0036588570859542868 0.024681421466701634 -0.01070706032620844 -0.0012379708950858161 -0.0054392816486435501 0.011757982489075103 -0.010006679316813297 -0.0025478381738066676 0.025342029675986005 0.014747635497300475 -0.0086021612584590915 -0.0040488374916215738 0.0040614762662146333 -0.007321532249223185 0.0088875209117422645 -0.011830370053169177 0.011961742747175907 -0.0010168461334710765 0.011706973452092474 0.0068396947794283425 -0.0062184940367937093 0.014667778749867242 0.022434663420060168 -0.0024413106404823364 0.015469814808052118 -0.0066408568025270315 -0.0099142991807033773 0.0096069097185902518 -0.00068160371697364162 0.014307481824006471 0.0055330721520844136
leaf_weight=5328 116 129 213 656 137 110 195 103 111 192 132 211 131 403 165 140 3028 261 300 150 101 108 161 217 110 134 132 201 594 257
leaf_count=5328 116 129 213 656 137 110 195 103 111 192 132 211 131 403 165 140 3028 261 300 150 101 108 161 217 110 134 132 201 594 257
internal_value=2.73339e-05 0.00521888 0.00466171 -0.00212402 -0.000395145 0.00155882 0.00244826 0.00916965 0.00372601 0.00044165 0.00742304 0.0083784 0.00191568 -0.000757648 2.24261e-05 -0.00100701 -0.000443297 0.00314364 0.00460676 0.00929023 0.00218594 0.0104422 0.00648705 0.00984561 0.0018654 -0.00210345 0.00222156 0.00570309 0.0128713 0.0116576
internal_weight=14226 4168 4052 10058 4730 1908 1779 409 306 1370 2144 1931 1178 4593 3937 3333 3168 1068 937 1799 251 1548 589 428 676 376 242 604 959 851
internal_count=14226 4168 4052 10058 4730 1908 1779 409 306 1370 2144 1931 1178 4593 3937 3333 3168 1068 937 1799 251 1548 589 428 676 376 242 604 959 851
is_linear=0
shrinkage=0.02


Tree=113
num_leaves=31
num_cat=0
split_feature=0 4 9 0 9 4 7 0 1 3 0 5 9 8 1 3 2 11 4 8 3 0 2 8 3 2 3 8 0 3
split_gain=381.491 108.519 83.3577 64.0811 50.0326 49.9784 57.6089 86.4528 50.8035 46.6926 43.8502 57.6468 70.4349 49.8255 50.1022 47.1914 39.1522 43.523 37.0742 36.743 42.2894 39.9495 51.2426 40.3631 39.1613 60.4201 63.1547 49.1039 47.3594 30.2539
threshold=0.17963059322415706 -0.71036662037510501 0.19741609458428683 0.12000062703473809 0.23921437876062282 -0.57526632530367749 1.0000000180025095e-35 0.23859560815624956 0.33117846702969861 76.338925580697733 0.25108335190401571 0.21591086721121147 0.16520846013390142 4.5000000000000009 0.29691263037273191 71.519532138710204 0.75232750242954338 0.75790865384615402 -0.19075314563943832 2.5000000000000004 66.750747833179702 0.26737003982263091 0.88564427408359903 7.5000000000000009 66.2982122784518 0.80750404040574286 69.130615068564722 11.500000000000002 0.2259294287639057 64.864436490533407
decision_type=10 2 2 8 2 2 2 10 8 10 10 2 2 2 10 10 10 2 2 2 10 10 10 2 10 10 10 2 10 8
left_child=3 -2 5 -1 29 -3 10 8 -8 16 11 12 -7 14 -13 18 -4 -18 -15 20 -19 24 -23 -24 27 -26 -27 28 -21 -5
right_child=1 2 9 4 -6 6 7 -9 -10 -11 -12 13 -14 15 -16 -17 17 19 -20 21 -22 22 23 -25 25 26 -28 -29 -30 -31
leaf_value=-0.0035856799285230944 0.024187793119184287 -0.010492919108779855 -0.0008290083848294758 -0.003700462770845429 0.011522823013093351 -0.013701698552380062 -0.002496881470609552 0.024835189173667178 0.014452682741590448 0.01923846598442008 -0.0084301180252805349 -0.011457772548346557 0.0045298717883617981 0.0063528758956486967 0.0064966924857969089 -0.0036893924822409946 0.018381925501955162 0.023466613166211618 0.017922536097678611 -0.0056040076840491527 0.0057607787529107279 0.020885384551628871 -0.0035268140651962977 0.012251645845325688 -0.0070833927951753145 0.018154047914966939 0.0037659167229367524 -0.01190629197716713 0.011297473128352846 0.00014824702448499187
leaf_weight=5328 116 129 252 1063 137 179 195 103 111 123 192 129 161 299 120 114 138 105 176 126 111 135 110 158 108 200 313 125 140 3530
leaf_count=5328 116 129 252 1063 137 179 195 103 111 123 192 129 161 299 120 114 138 105 176 126 111 135 110 158 108 200 313 125 140 3530
internal_value=2.67873e-05 0.0051145 0.00456847 -0.00208154 -0.000387242 0.00152765 0.00239929 0.00898626 0.00365149 0.00727458 0.000432816 0.00187737 -0.00506851 0.00469551 -0.00280502 0.00786636 0.00654644 0.0075971 0.0106397 0.00668459 0.0143678 0.00551175 0.0108371 0.00577541 0.0033911 0.00651294 0.00937532 -0.00156712 0.00329151 -0.000742495
internal_weight=14226 4168 4052 10058 4730 1908 1779 409 306 2144 1370 1178 340 838 249 589 2021 1769 475 1631 216 1415 403 268 1012 621 513 391 266 4593
internal_count=14226 4168 4052 10058 4730 1908 1779 409 306 2144 1370 1178 340 838 249 589 2021 1769 475 1631 216 1415 403 268 1012 621 513 391 266 4593
is_linear=0
shrinkage=0.02


Tree=114
num_leaves=31
num_cat=0
split_feature=0 11 5 11 0 0 1 10 2 5 10 10 5 2 1 3 3 3 3 5 2 11 1 8 3 0 1 12 10 0
split_gain=366.384 86.4851 96.5556 75.7982 61.5434 60.3193 69.5895 75.9773 48.3811 46.735 46.3406 47.7262 70.3732 53.2321 54.6998 50.8638 46.2994 45.1132 74.3356 44.6823 38.1551 41.9609 44.0376 35.9615 41.2913 35.6389 39.4288 45.6296 35.6229 33.3949
threshold=0.17963059322415706 0.83656862745098048 -0.22545152055048864 0.85604779411764709 0.12000062703473809 0.26141096259997415 0.30044738727503145 0.39586496333922766 0.7114175378045472 -0.087396239442339443 0.070116069137026199 0.12740975902135851 0.1615275254883598 0.48013141640868179 0.11474405754648702 71.196849915989915 67.962233371139305 66.972835680382872 65.916260401855666 0.52169990069774064 0.8011718203327054 0.79033333333333344 0.28704057745288786 4.5000000000000009 73.505552924680785 0.20443291037477798 0.36011339426229633 66.878676470588246 0.32321955312325512 0.21592230654689812
decision_type=10 2 2 2 8 10 8 2 8 2 2 2 2 8 8 10 10 8 10 2 8 2 10 2 10 10 10 2 2 10
left_child=4 2 -2 28 -1 6 29 -8 -4 -10 19 12 -12 -13 -15 -14 -7 18 20 -6 -11 22 -22 -19 25 -25 27 -27 -3 -5
right_child=1 3 8 5 10 16 7 -9 9 17 11 13 15 14 -16 -17 -18 23 -20 -21 21 -23 -24 24 -26 26 -28 -29 -30 -31
leaf_value=-0.0035139663392396393 -0.016207848133232731 0.010604762738934284 -0.003499491122848958 0.0057969280127986066 -0.0017311208819419215 0.0058148940438817577 -0.0051832886549080005 0.012231918493229332 0.017832717164328285 0.012761362971190144 -0.0063796309119946246 -0.011574801560604212 0.0059297709823913983 0.012253601400814091 -0.00047793477919075153 0.022015538968809763 0.019103046708529997 -0.0043515137007396169 0.019652553111638712 -0.01291963349979016 0.0090126517483400653 0.011125427976462012 -0.006097926376396297 -0.0011174038655179389 -0.0060047275858790905 0.0029348886743480085 0.0010721676968295808 0.019764505769099508 0.023668956021721841 0.018411063342140269
leaf_weight=5328 104 169 341 237 446 203 416 132 102 170 148 165 355 141 3164 101 217 321 161 210 109 141 264 204 146 102 159 175 165 130
leaf_count=5328 104 169 341 237 446 203 416 132 102 170 148 165 355 141 3164 101 217 321 161 210 109 141 264 204 146 102 159 175 165 130
internal_value=2.62515e-05 0.00501221 0.0026578 0.00853747 -0.00203991 0.00640559 0.00352533 -0.000988385 0.00347702 0.00463524 -0.000379497 0.000414871 0.0056034 -0.000488262 6.52261e-05 0.00949263 0.0126804 0.00394562 0.00742569 -0.00531281 0.00454772 0.00183115 -0.00168223 0.0012892 0.00359285 0.0057823 0.0090106 0.0135673 0.0170586 0.0102652
internal_weight=14226 4168 2499 1669 10058 1335 915 548 2395 2054 4730 4074 604 3470 3305 456 420 1952 845 656 684 514 373 1107 786 640 436 277 334 367
internal_count=14226 4168 2499 1669 10058 1335 915 548 2395 2054 4730 4074 604 3470 3305 456 420 1952 845 656 684 514 373 1107 786 640 436 277 334 367
is_linear=0
shrinkage=0.02


Tree=115
num_leaves=31
num_cat=0
split_feature=0 9 2 2 12 5 0 0 12 8 5 0 6 1 12 2 0 4 8 9 1 9 2 1 11 2 8 11 1 5
split_gain=296.189 94.4492 79.5545 54.7673 68.7034 50.8418 107.14 48.2083 47.7648 45.8991 49.7738 40.4885 37.0674 36.5324 36.2749 46.4788 33.2419 88.778 94.1457 64.1638 45.6978 51.3433 40.3413 39.0847 38.6583 33.9808 33.178 32.9381 58.1758 39.3534
threshold=0.14341821686086736 0.25566543328549046 0.62773535047465301 0.44547572047922535 68.27389705882355 0.53654686300217891 0.25724307338431762 0.3046276239961872 74.000000000000014 3.5000000000000004 0.47217942159970644 0.13718546544356089 2.5000000000000004 0.30981357542754923 72.029411764705898 0.63999615761205708 0.21717116345947229 -0.38876069716384243 4.5000000000000009 0.22835233282406867 0.27657439161178321 0.21464364415733392 0.89388024726103466 0.3382794331923572 0.72466666666666679 0.81442118975835098 11.500000000000002 0.87775000000000014 0.26713602015960031 0.3005287096505756
decision_type=8 2 8 10 2 2 8 8 2 2 2 10 2 8 2 10 10 2 2 2 10 2 10 10 2 10 2 2 10 2
left_child=3 2 13 12 9 6 -3 -8 16 10 -5 -11 -1 -2 -6 -16 27 24 22 20 -20 25 23 -19 -18 -22 -27 29 -29 -4
right_child=1 5 8 4 14 -7 7 -9 -10 11 -12 -13 -14 -15 15 -17 17 18 19 -21 21 -23 -24 -25 -26 26 -28 28 -30 -31
leaf_value=-0.0032844544919929282 -0.0015573217011202712 0.0025221961316200764 -0.00019414966339948933 0.0090609914081187931 0.0052908075970613897 0.0019144857391505175 0.028773198198087466 0.012065752674171256 0.015033686752140056 -0.0035725175042593264 -0.0065220980876340316 -0.014681704235326096 -0.0081908772920973021 -0.013071583773827916 0.0061439171100833587 -0.011254294067895149 0.0084827373374514944 0.0034149550147495179 0.026636908525994065 0.00071496760669332107 0.00020205117609412945 0.02396983857448565 0.0077094383739654115 -0.013219208657618399 -0.0046838254211243333 0.0077758895625939239 0.022028401388537767 0.0025577807018444653 -0.011383183276889348 0.0040544928262642365
leaf_weight=3488 332 202 1443 222 855 213 161 121 128 1158 130 148 748 165 112 136 114 106 109 161 122 119 158 121 410 185 101 294 202 2204
leaf_count=3488 332 202 1443 222 855 213 161 121 128 1158 130 148 748 165 112 136 114 106 109 161 122 119 158 121 410 185 101 294 202 2204
internal_value=0.000205177 0.00306163 0.0023085 -0.00272231 -0.000530614 0.010057 0.0136403 0.0216044 0.00294781 -0.00310386 0.00330587 -0.00483145 -0.00415084 -0.00537996 0.00333742 -0.00339704 0.00268332 0.00503295 0.00807069 0.0119937 0.0148489 0.0124108 -5.05136e-05 -0.00545171 -0.00181934 0.00903936 0.0128091 0.00171579 -0.00311979 0.00237344
internal_weight=14168 7171 6474 6997 2761 697 484 282 5977 1658 352 1306 4236 497 1103 248 5849 1706 1182 797 636 527 385 227 524 408 286 4143 496 3647
internal_count=14168 7171 6474 6997 2761 697 484 282 5977 1658 352 1306 4236 497 1103 248 5849 1706 1182 797 636 527 385 227 524 408 286 4143 496 3647
is_linear=0
shrinkage=0.02


Tree=116
num_leaves=31
num_cat=0
split_feature=0 9 5 0 0 0 4 8 9 10 11 9 1 10 0 12 0 0 9 12 9 1 0 9 12 5 3 5 9 11
split_gain=284.46 90.709 48.8285 102.897 46.2993 45.8995 96.8872 91.5998 55.4317 53.0476 51.68 42.5206 35.4166 35.3249 30.7988 30.6311 47.573 48.8258 36.6162 58.663 44.9518 32.0401 31.1623 30.3035 28.7551 47.4503 68.1273 37.6543 57.5081 49.1705
threshold=0.14341821686086736 0.25566543328549046 0.53654686300217891 0.25724307338431762 0.3046276239961872 0.21717116345947229 -0.38876069716384243 4.5000000000000009 0.23577991895248265 0.23374368533952386 0.79033333333333344 0.20223462519336097 0.34985291564635962 0.31164184239574527 0.25918826846565335 65.57536764705884 0.1318024209786757 0.12000062703473809 0.094626241093115945 72.029411764705898 0.19441960082846924 0.20486754341780281 0.066664977645860726 0.18543123052303548 72.545955882352956 0.46987394087848516 71.404050885656233 0.34406064590239788 0.21464364415733392 0.89566964285714301
decision_type=8 2 2 8 8 10 2 2 2 2 2 2 10 2 10 2 10 10 2 2 2 10 10 2 2 2 8 2 2 2
left_child=15 5 3 -3 -5 24 9 -8 10 -7 12 -11 -9 -12 -4 16 17 21 -17 20 22 -1 -20 -24 27 26 -26 28 -2 -29
right_child=1 2 14 4 -6 6 7 8 -10 11 13 -13 -14 -15 -16 18 -18 -19 19 -21 -22 -23 23 -25 25 -27 -28 29 -30 -31
leaf_value=-0.0043915273160953696 -0.0025778147271291723 0.0024717522511203396 0.0096620097054311866 0.028197734375941273 0.01182443739184417 0.0077299098405729308 0.00032097806094278552 0.014734842164328743 -1.8160473768606441e-05 -0.014559024650667763 0.02503961722389679 -0.00088407818189837413 0.0018825744054754455 0.012262353712790891 -0.0055524701249161992 -0.0040376365995630987 -0.014533933831159682 0.0048204625694517481 -0.0053382133008626686 -0.008045891499954624 0.010678296856488448 -0.015927858741510481 0.0011344150262288396 -0.0096650797039817236 0.0010134353223297976 -0.0028125891303988522 0.022741271785255205 0.0033565929854653992 0.0078002511282436182 -0.0068469688109153715
leaf_weight=1162 1713 202 104 161 121 159 406 181 131 145 201 244 163 152 109 2030 187 222 411 377 159 105 2235 109 113 135 118 2162 244 207
leaf_count=1162 1713 202 104 161 121 159 406 181 131 145 201 244 163 152 109 2030 187 222 411 377 159 105 2235 109 113 135 118 2162 244 207
internal_value=0.000201073 0.00300039 0.00985583 0.0133675 0.0211723 0.00226233 0.00499491 0.00810263 0.0119183 -0.00200314 0.0141617 -0.00598142 0.00864496 0.0195378 0.0018762 -0.00266786 -0.00502571 -0.00383159 -0.00192519 -0.000622162 0.000338287 -0.00534758 -0.000258469 0.00063222 0.00122451 0.00660735 0.0121125 0.000769093 -0.00128387 0.00246502
internal_weight=14168 7171 697 484 282 6474 1782 1234 828 548 697 389 344 353 213 6997 1676 1489 5321 3291 2914 1267 2755 2344 4692 366 231 4326 1957 2369
internal_count=14168 7171 697 484 282 6474 1782 1234 828 548 697 389 344 353 213 6997 1676 1489 5321 3291 2914 1267 2755 2344 4692 366 231 4326 1957 2369
is_linear=0
shrinkage=0.02


Tree=117
num_leaves=31
num_cat=0
split_feature=0 2 10 2 8 3 10 3 4 4 6 4 4 1 8 3 1 0 3 6 0 4 10 10 2 8 1 3 4 4
split_gain=273.196 81.4399 59.0993 52.3655 53.9061 42.5873 48.641 42.5791 55.2631 67.1969 41.3524 40.8798 61.076 38.3959 46.1061 41.1041 67.5375 40.6201 48.2674 35.4664 35.4074 35.0691 33.8452 58.2738 80.1078 45.8919 34.5153 34.1966 33.0536 101.306
threshold=0.14341821686086736 0.62340792846417414 0.34819042378274373 0.44547572047922535 3.5000000000000004 66.719327885456394 0.26582168896593589 61.294503025880509 -0.27249054206310375 -0.12738241973197026 4.5000000000000009 0.010764702416137311 0.053215717191621333 0.37089353563381261 11.500000000000002 70.176124614707931 0.40272334362237044 0.24645546118200004 70.109686953277375 2.5000000000000004 0.20727918604208312 -0.22191494719263802 0.3098458221874994 0.320862353714858 0.78971708733511881 8.5000000000000018 0.086260876767971506 71.196849915989915 -0.17730354622041414 -0.27912668507351679
decision_type=8 8 2 10 2 10 2 8 2 2 2 2 2 8 2 10 8 10 10 2 8 2 2 2 8 2 8 8 2 2
left_child=3 -2 7 19 10 28 -7 8 -3 -10 -5 22 -13 17 15 16 -15 18 -4 -1 -14 -18 26 -24 -25 27 -9 -26 29 -6
right_child=1 2 13 4 5 6 -8 11 9 -11 -12 12 20 14 -16 -17 21 -19 -20 -21 -22 -23 23 24 25 -27 -28 -29 -30 -31
leaf_value=-0.0031638920265055662 -0.0049297377515052053 0.0036867645291818515 0.013762647174133929 0.0025052978851359872 -0.0031702466830380513 0.0023154741660558116 -0.0074736281379406888 -0.0064034379932949017 -0.0184100134700485 0.001763620281317195 0.016608151133070785 0.021127692382873559 -0.0024701862166426618 0.017994154760614039 -0.0056236701260367738 0.016390525672970148 -0.0065191450359278844 0.021811623227974725 -0.0024409593874161399 -0.0079631897080817294 0.012274220766475758 0.0081436609541906887 -0.012886864263826693 -0.013037506452362454 0.020181669308364673 -0.0027125435423753829 0.0037396751912088691 0.0044340224515484732 0.00057968512836291831 -0.021870982006869537
leaf_weight=3488 490 270 226 471 468 1045 252 139 144 122 101 123 147 100 139 145 178 126 109 748 117 103 142 112 106 138 3880 115 270 154
leaf_count=3488 490 270 226 471 468 1045 252 139 144 122 101 123 147 100 139 145 178 126 109 748 117 103 142 112 106 138 3880 115 270 154
internal_value=0.000197052 0.00294039 0.0035176 -0.0026145 -0.000471408 -0.00189994 0.000413505 0.00267071 -0.00268741 -0.00915744 0.00499549 0.00324292 0.00948753 0.00769565 0.00462066 0.00732782 0.00387875 0.0121314 0.00849043 -0.00401136 0.00406427 -0.00114452 0.00272119 -0.00165628 0.00172959 0.0063366 0.00338887 0.0119872 -0.00526378 -0.00780033
internal_weight=14168 7171 6681 6997 2761 2189 1297 5555 536 266 572 5019 387 1126 665 526 381 461 335 4236 264 281 4632 613 471 359 4019 221 892 622
internal_count=14168 7171 6681 6997 2761 2189 1297 5555 536 266 572 5019 387 1126 665 526 381 461 335 4236 264 281 4632 613 471 359 4019 221 892 622
is_linear=0
shrinkage=0.02


Tree=118
num_leaves=31
num_cat=0
split_feature=0 2 2 12 11 3 3 12 1 11 5 5 12 11 4 2 11 11 3 1 3 5 3 3 4 2 0 3 2 6
split_gain=262.377 78.2149 50.2918 65.0186 50.1032 98.306 45.9358 42.767 39.858 43.1697 37.4926 45.602 46.7938 53.1215 55.4851 50.3908 47.3825 68.4454 61.2156 44.8741 44.1664 39.6726 39.0145 46.5684 36.7049 36.5021 35.8154 34.7548 55.6144 34.062
threshold=0.14341821686086736 0.62340792846417414 0.44547572047922535 68.27389705882355 0.93781250000000005 66.344798068921818 65.98718614178749 74.000000000000014 0.10867948997697614 0.58388888888888901 0.15765795241678032 0.19808223558997637 67.21139705882355 0.27685897435897439 -0.14614830609655058 0.94628889364506119 0.77069047619047626 0.71102678571428579 72.094872291284574 0.18391197649441324 65.693386820071467 0.069159448753098138 63.720147763410026 66.000043816704633 -0.17730354622041414 0.77323567825730855 0.16716216597119785 67.354485566609 0.89933090206797994 2.5000000000000004
decision_type=8 8 10 2 2 8 10 2 10 2 2 2 2 2 2 10 2 2 8 8 10 2 8 10 2 10 10 10 10 2
left_child=2 -2 29 6 7 -6 24 10 9 -8 21 20 15 -14 19 -13 17 26 -18 -15 -12 22 -3 -24 -4 -23 -16 -25 -29 -1
right_child=1 4 3 -5 5 -7 8 -9 -10 -11 11 12 13 14 16 -17 18 -19 -20 -21 -22 25 23 27 -26 -27 -28 28 -30 -31
leaf_value=-0.0031006141626103022 -0.0048311429059475055 -0.0060768792792150255 -0.010209648589575009 0.0033008976706201489 -0.002870559675966279 0.020491680643445736 -0.0012885319364588121 0.014513722324045375 -0.0024692970362225303 0.015982139223498535 0.0026123903420264441 0.0047779569696433169 -0.0095597649471443388 0.010029272484661495 -0.0023590845448303631 0.017791098312882243 -0.0041574562974438269 0.024453036137356245 0.013966160768061994 -0.00056062377430888513 0.019016216808829357 0.0018553005642535396 0.01259621329746248 -0.0081827543354858218 0.00023382858841324041 -0.010216121932699477 0.01360378749700992 6.013725390680116e-05 0.015176711368748522 -0.0078039259090646107
leaf_weight=3488 490 191 456 1103 118 185 121 128 779 111 118 1698 162 177 110 128 227 121 111 1672 148 171 192 123 191 242 115 417 127 748
leaf_count=3488 490 191 456 1103 118 185 121 128 779 111 118 1698 162 177 110 128 227 121 111 1672 148 171 192 123 191 242 115 417 127 748
internal_value=0.000193111 0.00288158 -0.00256221 -0.00046198 0.00344725 0.0113935 -0.00296527 0.00306974 -0.000302154 0.00697459 0.00283537 0.00369172 0.00321823 0.00154337 0.00225348 0.00569016 0.00712026 0.012323 0.00179438 0.00045312 0.0117393 3.33457e-05 0.00209889 0.00391678 -0.00712664 -0.00521803 0.00579972 0.00141835 0.00358919 -0.00393113
internal_weight=14168 7171 6997 2761 6681 303 1658 6378 1011 232 6250 4787 4521 2695 2533 1826 684 346 338 1849 266 1463 1050 859 647 413 225 667 544 4236
internal_count=14168 7171 6997 2761 6681 303 1658 6378 1011 232 6250 4787 4521 2695 2533 1826 684 346 338 1849 266 1463 1050 859 647 413 225 667 544 4236
is_linear=0
shrinkage=0.02


Tree=119
num_leaves=31
num_cat=0
split_feature=0 2 10 12 2 12 3 5 1 2 3 0 3 11 3 11 12 12 2 5 6 1 10 0 5 3 1 12 10 3
split_gain=251.987 75.1176 56.2083 48.6576 48.3003 62.4438 44.1167 38.8664 36.8734 43.1035 67.1428 38.7276 46.6355 44.0602 36.0496 36.4024 45.7345 33.7647 44.5988 32.8067 32.7131 31.3033 36.2977 59.9493 57.7692 47.723 42.4971 47.6105 49.8649 77.7903
threshold=0.14341821686086736 0.62340792846417414 0.34819042378274373 74.000000000000014 0.44547572047922535 68.27389705882355 65.98718614178749 0.22319663464287959 0.37089353563381261 0.78971708733511881 74.827979381539706 0.24645546118200004 70.109686953277375 0.89031250000000017 61.294503025880509 0.80531250000000021 68.27389705882355 72.029411764705898 0.63999615761205708 -0.01415251227773954 2.5000000000000004 0.086260876767971506 0.25801865620420045 0.23047532856921574 0.46659158979596416 70.056170487427153 0.15558353562134397 66.687500000000014 0.20280099369409932 65.98718614178749
decision_type=8 8 2 2 10 2 10 2 8 8 8 10 10 2 8 2 2 2 10 2 2 8 2 10 2 8 8 2 2 8
left_child=4 -2 3 14 20 6 -6 19 11 -10 -11 12 13 -4 15 16 -3 -7 -19 -8 -1 -16 23 26 -25 -24 -23 28 -28 -30
right_child=1 2 8 -5 5 17 7 -9 9 10 -12 -13 -14 -15 21 -17 -18 18 -20 -21 -22 22 25 24 -26 -27 27 -29 29 -31
leaf_value=-0.0030386018880179926 -0.0047345201297026426 -0.0039487293809049038 0.0051273008266774309 0.01504355834674884 -0.0069841108612508918 0.0051194669841271309 -0.0023709063682315953 -0.0030504705094797002 0.016198598800670535 -0.0014011303273481499 0.01542555886112954 0.021251836711806908 -0.0025003632301584294 0.022822844700993234 -0.0062156784704467593 -0.010234656792653854 0.011230910628492762 0.0060836168045976333 -0.010959096539436894 0.010417511018365622 -0.0076478474136357283 0.011777252378595001 -0.0017867822742371081 0.017247951132928804 0.0026381240153442258 0.0046966320549060286 0.0018383255622501096 0.00021860347160349345 -0.0025297916341120398 0.017765017346033269
leaf_weight=3488 490 247 120 122 647 855 134 677 105 439 121 126 109 106 149 172 117 112 136 200 748 214 1087 263 184 780 449 1407 107 257
leaf_count=3488 490 247 120 122 647 855 134 677 105 439 121 126 109 106 149 172 117 112 136 200 748 214 1087 263 184 780 449 1407 107 257
internal_value=0.000189249 0.00282395 0.0033783 0.00255239 -0.00251097 -0.00045274 -0.00290596 -0.000296111 0.00745288 0.00443947 0.00223464 0.0117998 0.00824465 0.013427 0.00227189 -0.00265239 0.000930441 0.00323488 -0.00326239 0.00528683 -0.00385251 0.00281088 0.00309415 0.00450186 0.0112341 0.000921875 0.0032655 0.002445 0.00629807 0.0117992
internal_weight=14168 7171 6681 5555 6997 2761 1658 1011 1126 665 560 461 335 226 5433 536 364 1103 248 334 4236 4897 4748 2881 447 1867 2434 2220 813 364
internal_count=14168 7171 6681 5555 6997 2761 1658 1011 1126 665 560 461 335 226 5433 536 364 1103 248 334 4236 4897 4748 2881 447 1867 2434 2220 813 364
is_linear=0
shrinkage=0.02


Tree=120
num_leaves=31
num_cat=0
split_feature=9 1 9 2 6 5 1 12 4 6 11 4 5 2 6 6 9 11 3 11 12 12 11 11 12 11 1 12 3 4
split_gain=231.25 92.4521 53.0335 46.2657 55.6391 45.168 69.7734 46.1384 58.3922 44.556 45.4449 42.9717 41.6429 39.2523 36.8327 35.9479 71.2527 44.4569 73.068 45.4322 44.5066 55.6502 46.3609 43.4873 38.561 35.4919 45.3587 34.9417 34.3877 33.5284
threshold=0.18255910067779801 0.32891609415051865 0.086113176897272478 0.4517454129159944 1.5000000000000002 0.28352260875472751 0.2019349352346804 65.781250000000014 -0.29521169789295687 3.5000000000000004 0.53343750000000012 -0.43325490155507546 -0.14047309965476312 0.94805950982589604 1.5000000000000002 3.5000000000000004 0.23921437876062282 0.86207142857142871 64.401880073679479 0.94097285067873315 68.156250000000014 70.187500000000014 0.89757352941176471 0.84438541666666678 67.272058823529434 0.6593541666666668 0.25868474205012421 73.281250000000014 77.296120503667694 -0.38653687549428689
decision_type=2 8 2 8 2 2 10 2 2 2 2 2 2 10 2 2 2 2 10 2 2 2 2 2 2 2 8 2 10 2
left_child=2 5 -1 4 -4 6 -2 -8 11 10 14 -9 -3 27 -5 16 24 18 -17 20 22 -22 -19 -20 -14 26 -12 28 -11 -27
right_child=1 12 3 9 -6 -7 7 8 -10 13 25 -13 15 -15 -16 17 -18 19 23 -21 21 -23 -24 -25 -26 29 -28 -29 -30 -31
leaf_value=-0.0042927127340055384 -0.0035797889834413162 -0.0051287174530327316 0.0026089281565509735 -0.0014896501454731471 -0.0074372119277281911 -0.001073167502529246 -0.0020046997007702582 0.011144821211948232 0.0045239768464243012 0.00021608180996598533 -0.0059488338805161987 0.028964846132695676 -0.0011420924542019668 0.013465485950218183 0.0042854554395141634 0.0016964462359321606 0.027897205145179647 0.014531912654032553 0.011145081879938363 0.013067660803182257 -0.016448475856383423 0.0032717947083814392 -0.0024727316237569078 0.024862198291718957 0.01604118354829415 0.0049081033610061491 -0.021741904642635791 0.011601191070236144 0.011887030947776068 -0.0053470013766965911
leaf_weight=2365 260 100 304 2369 803 1306 119 118 209 2640 260 100 103 107 543 269 103 123 355 135 113 116 134 125 106 176 101 122 105 463
leaf_count=2365 260 100 304 2369 803 1306 119 118 209 2640 260 100 103 107 543 269 103 123 355 135 113 116 134 125 106 176 101 122 105 463
internal_value=-9.97579e-05 0.00405526 -0.0016618 -0.000883356 -0.00467838 0.00122454 0.00494762 0.00900829 0.0120775 -0.000273264 -0.00167598 0.0193191 0.00741019 0.00157187 -0.000412767 0.00815567 0.0142825 0.00676036 0.0100409 0.00280365 -4.74699e-05 -0.00645917 0.00566568 0.0147172 0.00757287 -0.00535446 -0.0103674 0.00112799 0.000662512 -0.00252243
internal_weight=14252 3894 10358 7993 1107 2112 806 546 427 6886 3912 218 1782 2974 2912 1682 312 1370 749 621 486 229 257 480 209 1000 361 2867 2745 639
internal_count=14252 3894 10358 7993 1107 2112 806 546 427 6886 3912 218 1782 2974 2912 1682 312 1370 749 621 486 229 257 480 209 1000 361 2867 2745 639
is_linear=0
shrinkage=0.02


Tree=121
num_leaves=31
num_cat=0
split_feature=9 0 0 2 11 5 5 2 2 2 9 0 5 5 11 3 4 0 3 5 5 12 10 2 12 5 5 12 4 4
split_gain=222.092 72.3132 68.0167 73.2057 59.9198 57.69 73.2331 72.422 57.6292 58.5349 53.9414 54.1638 51.393 61.8796 66.2203 48.3849 41.3034 40.7952 39.318 38.2756 35.4827 34.7091 33.0871 48.6851 32.0788 35.5596 34.3441 44.1101 38.6929 34.5627
threshold=0.18255910067779801 0.11283415264431926 0.27039491609131677 0.92077717351920607 0.87775000000000014 0.34406064590239788 0.46987394087848516 0.86891814620541197 0.93737621359632362 0.89933090206797994 0.25080313841781737 0.28264109862722125 -0.12188956454502065 0.78413948689909252 0.64433035714285725 69.187405805224913 -0.6031406437593303 0.15062530810718025 69.047218397623126 0.041355745824277083 0.51893182849272124 71.343750000000014 0.093165453061010942 0.33017450002612153 68.718750000000014 0.51401660061325072 0.50070374787147875 66.545955882352956 -0.12523421266774951 -0.29245334143194079
decision_type=2 10 8 10 2 2 2 10 10 10 2 10 2 2 2 8 2 10 8 2 2 2 2 10 2 2 2 2 2 2
left_child=1 -1 3 4 12 16 7 -7 9 22 15 -12 -2 14 -14 -4 17 -3 -15 -16 -17 24 -8 -24 26 -26 28 -28 29 -21
right_child=2 5 10 -5 -6 6 8 -9 -10 -11 11 -13 13 18 19 20 -18 -19 -20 21 -22 -23 23 -25 25 -27 27 -29 -30 -31
leaf_value=-0.0032575958548385509 -0.0089826085836883039 -0.0026684626998397911 0.013273291378405201 0.0091031888965347023 -0.0046418944567454927 0.0045581448103120346 -0.0047549036705728485 0.021129192098036525 0.014689678075773569 -0.012955198583417926 0.025333247561315733 0.0089433546204012466 -0.007890690627907003 -0.013738769608870395 0.016157847948221338 -0.002844937191943505 -0.0031152176411992226 0.015089138687516634 0.002955372598199617 -0.000461185549426338 0.010517511350346041 -0.0030517722311474028 0.013299025712591228 0.00051716720652777895 0.01738249101439597 0.0030078052095720703 0.018888774968236686 0.0016465503930122452 -0.0092554213521334368 0.011878838335225978
leaf_weight=5311 138 103 189 547 574 623 405 127 102 145 127 221 140 122 148 280 2077 104 105 230 111 168 132 1229 193 107 125 113 106 150
leaf_count=5311 138 103 189 547 574 623 405 127 102 145 127 221 140 122 148 280 2077 104 105 230 111 168 132 1229 193 107 125 113 106 150
internal_value=-9.77627e-05 -0.00162856 0.00397415 0.00249563 0.00100149 8.56787e-05 0.00202979 0.00736418 4.23136e-05 -0.000739492 0.0086997 0.0149247 0.0027572 0.00370629 0.00519761 0.00496468 -0.00226615 0.00625323 -0.00601681 0.00656504 0.000948494 0.00537399 0.000263496 0.00175685 0.00675634 0.0122555 0.00447767 0.0107023 0.00142938 0.00440988
internal_weight=14252 10358 3894 2966 2419 5047 2763 750 2013 1911 928 348 1845 1707 1480 580 2284 207 227 1340 391 1192 1766 1361 1024 300 724 238 486 380
internal_count=14252 10358 3894 2966 2419 5047 2763 750 2013 1911 928 348 1845 1707 1480 580 2284 207 227 1340 391 1192 1766 1361 1024 300 724 238 486 380
is_linear=0
shrinkage=0.02


Tree=122
num_leaves=31
num_cat=0
split_feature=9 1 0 8 2 4 5 6 5 5 5 2 2 2 10 9 6 9 2 2 5 1 5 4 10 11 1 11 11 8
split_gain=213.298 86.6564 69.4496 62.5145 79.4445 70.5457 68.9891 68.1158 58.0109 55.4054 70.333 69.5541 55.347 56.2738 50.6679 56.7357 58.3991 57.8551 46.9684 45.6638 40.994 54.499 55.1585 39.6887 38.5768 36.4189 43.5392 33.4615 31.8694 31.6515
threshold=0.18255910067779801 0.32891609415051865 0.11283415264431926 8.5000000000000018 0.67040284648963644 -0.063649721831467179 0.10926208685683071 2.5000000000000004 0.41138246096565018 0.34406064590239788 0.46987394087848516 0.86891814620541197 0.93737621359632362 0.90150399995955388 0.26582168896593589 0.24453002781157659 3.5000000000000004 0.22994027799799169 0.89183281904880685 0.86000763421815007 0.15365856610342718 0.41378362117153761 0.5112024637495628 -0.6328643170309538 0.25037925504667385 0.81118055555555568 0.25537324340933515 0.93895833333333345 0.83656862745098048 5.5000000000000009
decision_type=2 8 10 2 8 2 2 2 2 2 2 10 10 10 2 2 2 2 10 8 2 8 2 2 2 2 10 2 2 2
left_child=2 3 28 7 -5 6 -6 -2 18 23 11 -11 13 29 24 17 -17 20 -9 -18 -16 22 -22 -4 -3 -10 -27 -21 -1 -12
right_child=1 14 9 4 5 -7 -8 8 25 10 12 -13 -14 -15 15 16 19 -19 -20 27 21 -23 -24 -25 -26 26 -28 -29 -30 -31
leaf_value=-0.0029589044621677243 -0.007136887095655714 0.008697968637905746 0.0073209769750174911 -0.014897077518926804 0.013450463036925805 -0.014273601435761675 -0.0011545012926149089 0.0076563615662877975 0.0084477170516726804 0.004466981879067548 -0.0033400728332072865 0.020706608166962157 0.014395884781089776 -0.013375769366744821 -0.0034194082035957016 0.024376337276500407 0.017209513375645556 -0.0071149079828823686 0.021944000614720637 -0.00039771526703175075 0.021152879736002755 0.0012967188436393501 0.0043616347482492183 -0.002949278368205899 0.024759453569583242 0.005231843404737967 -0.010155058257041438 0.013320054010141129 -0.013470160521061744 0.0022119491021972064
leaf_weight=5193 175 139 162 172 173 117 513 357 186 623 643 127 102 131 170 103 144 189 124 235 170 280 145 2122 105 140 155 102 118 1137
leaf_count=5193 175 139 162 172 173 117 513 357 186 623 643 127 102 131 170 103 144 189 124 235 170 280 145 2122 105 140 155 102 118 1137
internal_value=-9.58074e-05 0.00389467 -0.00159599 0.00115411 -0.00256168 8.05225e-05 0.00252867 0.00434048 0.00642835 8.39652e-05 0.00198919 0.00721689 4.14673e-05 -0.000724703 0.00714274 0.00579948 0.0107091 0.00279402 0.0113397 0.00778244 0.0052421 0.00771682 0.0134236 -0.00222083 0.0156097 0.00151705 -0.0028528 0.00375425 -0.00319244 0.000206359
internal_weight=14252 3894 10358 2112 975 803 686 1137 962 5047 2763 750 2013 1911 1782 1538 584 954 481 481 765 595 315 2284 244 481 295 337 5311 1780
internal_count=14252 3894 10358 2112 975 803 686 1137 962 5047 2763 750 2013 1911 1782 1538 584 954 481 481 765 595 315 2284 244 481 295 337 5311 1780
is_linear=0
shrinkage=0.02


Tree=123
num_leaves=31
num_cat=0
split_feature=9 1 0 8 2 4 6 11 4 4 2 1 11 8 12 8 1 9 8 8 2 4 1 1 1 7 4 12 12 1
split_gain=204.851 83.2553 66.6994 59.835 72.2243 67.3925 65.6346 58.0676 44.9022 53.102 62.8069 44.1514 46.5485 40.9259 48.2886 39.5958 62.6507 68.2037 49.4713 89.744 43.1453 46.3991 42.262 38.4109 35.2564 34.4009 46.37 44.9094 40.1981 31.5703
threshold=0.18255910067779801 0.33117846702969861 0.11283415264431926 8.5000000000000018 0.67040284648963644 -0.063649721831467179 2.5000000000000004 0.91696691176470602 -0.53017489697970477 -0.26299452125540901 0.85322129698866556 0.23283918921475677 0.81568627450980402 11.500000000000002 67.156250000000014 11.500000000000002 0.41378362117153761 0.25080313841781737 5.5000000000000009 2.5000000000000004 0.92447684505556871 -0.30678517693622148 0.44941457202550633 0.2019349352346804 0.37660194037541467 1.0000000180025095e-35 -0.72817653778303681 61.441176470588239 63.424632352941181 0.31686172746314512
decision_type=2 8 10 2 8 2 2 2 2 2 10 10 2 2 2 2 8 2 2 2 10 2 8 10 10 2 2 2 2 10
left_child=2 3 -1 6 -5 13 -2 8 -8 10 -10 -11 -13 14 -6 16 18 22 19 -3 21 -17 -18 -15 -20 26 -4 -28 -29 -30
right_child=1 15 25 4 5 -7 7 -9 9 11 -12 12 -14 23 -16 20 17 -19 24 -21 -22 -23 -24 -25 -26 -27 27 28 29 -31
leaf_value=-0.0031285950827943231 -0.0069813066915693613 0.021142358074097763 0.012132833688174961 -0.014150219003445114 -0.014524473463839824 -0.013988129419760189 -0.0039574404691274353 -0.0053865731648843861 0.0084926384732455003 0.013382947363159401 0.025728143900122548 0.0095465452703508997 -0.0086142502466464068 -0.004263467650012215 0.0027369678872560272 0.0045478756525054844 -0.0097091048745772783 0.014651318225971979 0.012536780317972481 -0.0016118458479868023 0.011554204390705687 -0.012438352267187433 0.0038686461732415308 0.0099381141854269859 0.025227341933804714 0.0032028074489579119 0.010218856201590553 -0.011779901400158131 -0.00028350565799442666 -0.0052827757464714168
leaf_weight=5311 176 112 108 174 101 117 104 145 201 149 146 101 128 101 181 140 117 198 198 182 113 119 424 310 157 1104 134 148 2943 610
leaf_count=5311 176 112 108 174 101 117 104 145 201 149 146 101 128 101 181 140 117 198 198 182 113 119 424 310 157 1104 134 148 2943 610
internal_value=-9.38913e-05 0.00381678 -0.00156407 0.00116097 -0.00245948 5.18684e-05 0.00425881 0.00628988 0.0083322 0.0100951 0.0157445 0.00490909 -0.000604467 0.00242226 -0.00344532 0.00703695 0.00858996 0.00460799 0.0131241 0.00705642 0.00124238 -0.00325661 0.000932238 0.00644819 0.0181492 8.22858e-05 -0.000791429 -0.0011554 -0.00156722 -0.00114181
internal_weight=14252 3894 10358 2134 984 810 1150 974 829 725 347 378 229 693 282 1760 1388 739 649 294 372 259 541 411 355 5047 3943 3835 3701 3553
internal_count=14252 3894 10358 2134 984 810 1150 974 829 725 347 378 229 693 282 1760 1388 739 649 294 372 259 541 411 355 5047 3943 3835 3701 3553
is_linear=0
shrinkage=0.02


Tree=124
num_leaves=31
num_cat=0
split_feature=9 1 0 8 5 1 1 5 5 5 5 1 0 5 6 9 10 3 4 10 5 3 4 0 3 8 6 4 6 9
split_gain=196.739 79.9584 64.0581 57.4655 77.9951 65.1517 60.344 53.2729 67.5054 52.8774 46.7886 56.4932 45.6003 41.3099 38.0204 79.6356 49.4114 84.8405 77.6119 46.9352 38.1193 37.7208 37.5606 38.9704 36.8136 36.8035 34.4065 32.2495 31.7948 43.2611
threshold=0.18255910067779801 0.33117846702969861 0.11283415264431926 8.5000000000000018 0.35885505612110818 0.24706355262536869 0.21470528698457189 0.34406064590239788 0.46987394087848516 0.15365856610342718 0.07160137224603734 0.2019349352346804 0.27039491609131677 0.69132031726119936 3.5000000000000004 0.23733925648819268 0.30151148108075548 67.2301885297979 -0.15457905541531117 0.39327041351122111 0.39847876656966269 67.450529198731189 -0.6031406437593303 0.15062530810718025 68.880013852819715 5.5000000000000009 3.5000000000000004 -0.050532695815611768 2.5000000000000004 0.16998560663787995
decision_type=2 8 10 2 2 10 10 2 2 2 2 10 8 2 2 2 2 10 2 2 2 10 2 10 8 2 2 2 2 2
left_child=2 3 -1 4 6 13 -2 22 26 12 -5 -12 -3 -6 15 -11 17 -16 19 20 -18 -7 23 -4 -22 -10 -9 -20 -27 -30
right_child=1 9 7 10 5 21 -8 8 25 14 11 -13 -14 -15 16 -17 18 -19 27 -21 24 -23 -24 -25 -26 28 -28 -29 29 -31
leaf_value=-0.0030660231726589459 0.00076099471548083113 -0.0052431178214991919 -0.0027750179155286653 0.0058376685519551117 0.011914580222901873 0.0010174211766570806 0.015229777717893873 0.0029547242488837445 -0.0035329251572277552 0.0062584709043481523 -0.012715773491019553 -0.0010428914118141106 0.0084864671062678098 -0.0028035392154624147 0.0057314342975376114 0.029626674807071686 -0.003287763443523608 0.02746863045005335 -0.012388851793621442 0.015820330707698102 0.017102653820912878 -0.012633156765957138 -0.0029890457200842423 0.014580885484241522 0.0006849991611324914 -0.001830570507298407 0.011529002036485407 0.0029190177138489069 0.0066994407375024125 -0.0061036077595596752
leaf_weight=5311 179 232 103 215 191 144 324 390 733 140 242 527 166 127 186 100 159 117 121 218 119 185 2077 104 101 503 360 101 651 126
leaf_count=5311 179 232 103 215 191 144 324 390 733 140 242 527 166 127 186 100 159 117 121 218 119 185 2077 104 101 503 360 101 651 126
internal_value=-9.20135e-05 0.00374044 -0.00153279 0.00113775 0.00417363 -0.000418841 0.0100808 8.06401e-05 0.00194884 0.00689621 -0.00241029 -0.00471628 0.000483292 0.00603659 0.00877017 0.0159952 0.00722471 0.014125 0.00467185 0.00842626 0.00417321 -0.00665844 -0.00217936 0.00594486 0.00956546 4.06708e-05 0.00707038 -0.00542446 0.00208711 0.00462327
internal_weight=14252 3894 10358 2134 1150 647 503 5047 2763 1760 984 769 398 318 1362 240 1122 303 819 597 379 329 2284 207 220 2013 750 222 1280 777
internal_count=14252 3894 10358 2134 1150 647 503 5047 2763 1760 984 769 398 318 1362 240 1122 303 819 597 379 329 2284 207 220 2013 750 222 1280 777
is_linear=0
shrinkage=0.02


Tree=125
num_leaves=31
num_cat=0
split_feature=9 2 1 2 9 1 12 10 11 4 4 12 11 11 1 9 2 2 11 10 9 2 12 10 9 4 2 11 10 4
split_gain=182.166 73.1442 68.9883 56.629 59.1686 50.9253 47.6662 45.4784 45.3495 57.0156 77.4813 55.7592 46.6939 45.9673 44.3349 80.1541 43.7908 43.0594 43.0418 43.7399 67.2314 42.0355 39.3348 38.3133 41.1083 68.7119 48.8313 47.1535 46.7981 45.4707
threshold=0.18313831789774868 0.53734157312081121 0.28037404050130682 0.81034800575009991 0.2224014336917563 0.17402898392029623 71.406250000000014 0.20695555880780001 0.84806250000000005 -0.50955135617002567 -0.089475740718865784 66.281250000000014 0.93372549019607853 0.95281250000000017 0.24025209549509641 0.25566543328549046 0.701313776952459 0.85499767434413987 0.84031250000000013 0.35410537553056526 0.21464364415733392 0.92077717351920607 64.454044117647072 0.3132725826972011 0.13348734228405049 -0.14614830609655058 0.83047039760288932 0.62581730769230781 0.18535613322847369 -0.43682923813216651
decision_type=2 10 10 8 2 10 2 2 2 2 2 2 2 2 8 2 10 10 2 2 2 10 2 2 2 2 10 2 2 2
left_child=1 2 -1 4 6 22 7 -2 9 -5 18 -10 14 -14 -13 17 -6 -16 19 20 -11 -19 -3 24 25 27 -27 -7 -26 -30
right_child=3 5 -4 8 16 23 -8 -9 11 10 -12 12 13 -15 15 -17 -18 21 -20 -21 -22 -23 -24 -25 28 26 -28 -29 29 -31
leaf_value=-0.0032275290779352852 0.010376620728964524 -0.0046482759969505042 0.010931858371295932 -0.0034710886572591132 0.01668594344197933 -0.0034970330396803394 -0.014951849610470564 -0.003175051869127169 0.01145212844235035 0.0090862068730396227 -0.00075005549815059273 0.0076343509907363565 0.018164715496575938 0.00087553770122704682 0.0024252056343467923 0.0090162404246030402 0.0024549500456624257 -0.016697239713697899 0.024956460468032779 0.0022892024164456268 0.024444728505009429 -0.0037766803807644835 0.0051802409329679356 -0.0097448907217577759 0.011153626739164519 -0.00082216832623709731 0.015739256301016177 -0.014343892834878256 0.0065851170976053584 -0.0013784894010797899
leaf_weight=5777 118 190 141 144 116 639 113 617 253 364 213 186 113 135 143 162 340 205 102 172 166 198 1141 184 183 217 106 214 374 1230
leaf_count=5777 118 190 141 144 116 639 113 617 253 364 213 186 113 135 143 162 340 205 102 172 166 198 1141 184 183 217 106 214 374 1230
internal_value=-5.32772e-05 -0.00143088 -0.00289017 0.00365698 0.000265435 0.000497673 -0.00285864 -0.000999409 0.00538725 0.00830741 0.00997517 0.00295692 0.00107488 0.00875327 -0.00105514 -0.00333797 0.00607512 -0.0070035 0.0128165 0.0110526 0.0138966 -0.0103492 0.00377722 -0.000889387 -0.000339467 -0.00324341 0.00461285 -0.00621829 0.00157158 0.000478361
internal_weight=14256 10396 5918 3860 1304 4478 848 735 2556 1161 1017 1395 1142 248 894 708 456 546 804 702 530 403 1331 3147 2963 1176 323 853 1787 1604
internal_count=14256 10396 5918 3860 1304 4478 848 735 2556 1161 1017 1395 1142 248 894 708 456 546 804 702 530 403 1331 3147 2963 1176 323 853 1787 1604
is_linear=0
shrinkage=0.02


Tree=126
num_leaves=31
num_cat=0
split_feature=0 3 12 11 2 1 11 11 2 5 5 5 11 12 11 12 3 2 3 6 3 3 2 1 0 0 0 3 11 2
split_gain=197.409 54.5381 71.7299 50.3333 36.8238 36.0875 34.8721 60.4125 42.2893 64.6936 48.4439 43.3445 41.0567 56.063 53.5197 49.5788 41.8673 67.1865 49.9401 49.167 92.1592 56.6783 60.6291 55.9818 54.4799 41.0246 49.6295 38.7088 37.9337 36.8131
threshold=0.14702286442380397 76.338925580697733 69.656250000000014 0.33900000000000008 0.25421058308237038 0.12158552473228898 0.79033333333333344 0.75700892857142865 0.89057349224196847 0.14082962938812313 0.49111283841527237 0.23368796100680619 0.91696691176470602 70.727941176470594 0.93299107142857152 68.27389705882355 61.504077024155848 0.86353203085370123 64.803704533849256 4.5000000000000009 73.002519460515259 68.479091016255694 0.83814199477233009 0.3382794331923572 0.27039491609131677 0.18063580303657711 0.20957784011256017 72.094872291284574 0.6696875000000001 0.87705076502280999
decision_type=10 8 2 2 8 10 2 2 8 2 2 2 2 2 2 2 10 10 10 2 10 10 10 10 10 10 10 10 2 10
left_child=4 3 -3 -2 -1 -5 7 8 9 -7 28 -11 16 14 -14 -16 17 -8 29 20 21 22 -20 -24 -21 -9 -27 -13 -10 -18
right_child=1 2 -4 5 -6 6 12 25 10 11 -12 27 13 -15 15 -17 18 -19 19 24 -22 -23 23 -25 -26 26 -28 -29 -30 -31
leaf_value=-0.0067573539159189741 -0.0041413780295436022 0.0037715217119780198 0.023460726037360075 0.013053524654407275 -0.0016779846645436456 -0.0063870354742870073 0.0088042810453101989 -0.011944005868243212 0.0074100980011205519 0.013740976084495935 -0.00048488275574580319 0.0035868759436316171 -0.007869988139288929 -0.01364189942539842 0.00073787480604516553 0.018468849263020923 0.0072670576614263941 -0.013997257843474362 -0.0058897915793888599 0.0066058366138410443 0.01684756042602761 -0.0058469872766642407 0.019299917515988151 0.00022108017840330397 0.022118369038587653 0.0086851289147231083 -0.0056248915972082914 -0.0071229369844655567 0.023069244636475895 0.021728435588233612
leaf_weight=617 453 211 114 134 7643 352 100 199 155 142 155 894 130 108 158 105 146 107 134 456 145 394 138 111 113 143 301 159 103 136
leaf_count=617 453 211 114 134 7643 352 100 199 155 142 155 894 130 108 158 105 146 107 134 456 145 394 138 111 113 143 301 159 103 136
internal_value=-5.22117e-05 0.00271011 0.0106779 0.00225348 -0.0020574 0.00280865 0.00253862 0.000921501 0.00266665 0.00114874 0.0083524 0.00336848 0.00423526 -0.000879461 0.00262777 0.00781678 0.00552944 -0.00298202 0.00652317 0.00506339 0.00221028 -0.000521257 0.00495743 0.0107949 0.00968653 -0.0043981 -0.00101603 0.00196972 0.0136616 0.0142413
internal_weight=14256 5996 325 5671 8260 5218 5084 2603 1960 1547 413 1195 2481 501 393 263 1980 207 1773 1491 922 777 383 249 569 643 444 1053 258 282
internal_count=14256 5996 325 5671 8260 5218 5084 2603 1960 1547 413 1195 2481 501 393 263 1980 207 1773 1491 922 777 383 249 569 643 444 1053 258 282
is_linear=0
shrinkage=0.02


Tree=127
num_leaves=31
num_cat=0
split_feature=9 2 8 5 12 3 3 5 5 5 8 9 8 3 11 1 5 8 3 12 9 10 12 3 3 5 2 12 1 1
split_gain=170.561 74.9853 67.1156 66.9927 46.9468 43.0739 84.3287 49.3048 67.1745 57.2889 55.2748 72.3812 51.3768 42.3999 41.8217 40.5633 39.8205 56.232 79.5215 47.2918 38.7341 40.1585 38.6011 37.4751 36.1842 35.0164 33.2347 31.2998 29.4993 28.2201
threshold=0.19947594422384343 0.52536826245142831 2.5000000000000004 0.18782064298877479 73.281250000000014 61.504077024155848 59.903842556468781 0.58927134111893753 0.44469329617501457 0.35885505612110818 8.5000000000000018 0.26081678335143532 4.5000000000000009 69.187405805224913 0.87775000000000014 0.27464651419184244 0.74327904388642729 5.5000000000000009 68.000096059698578 67.393382352941188 0.073296703296703306 0.31164184239574527 71.24264705882355 78.202702702702723 65.502325655860247 0.06346047009806835 0.14273927917512733 70.000000000000014 0.30437094776066331 0.17402898392029623
decision_type=2 10 2 2 2 10 10 2 2 2 2 2 2 10 2 10 2 2 10 2 2 2 2 10 8 2 8 2 10 10
left_child=1 15 3 -2 5 6 -4 8 9 10 12 25 -7 -10 -14 22 19 -18 -19 -9 -3 29 23 26 -5 -12 -1 -26 -27 -22
right_child=2 20 4 24 -6 7 -8 16 13 -11 11 -13 14 -15 -16 -17 17 18 -20 -21 21 -23 -24 -25 27 28 -28 -29 -30 -31
leaf_value=-0.0099573109794583968 0.023438930708945281 -0.0061542260475837317 0.0078664690621618964 0.017300222552227743 -0.010192694159868723 0.00060419519095360728 -0.016862838962803717 0.0039607623118907212 0.021435336540590905 -0.0062648310937450441 0.0051799825166323876 0.016419737345918461 0.022095430749056871 0.0054811423488638619 0.0063690625200117082 0.0072400781922042365 -0.0066244488099748778 -0.0030056231654258352 0.021170832414606239 -0.013867655595333702 0.0039091778330554708 -0.0057660519828634915 -0.0070658360264775457 0.0089648323538510707 0.0075234196220892152 -0.013393274334375746 -0.0022183412684221256 -0.0055887359587272799 0.00038002188048086874 0.00048369474784158446
leaf_weight=233 123 323 106 103 107 119 115 100 169 177 165 108 181 110 108 160 129 101 118 147 1346 329 794 115 261 128 4687 101 121 3372
leaf_count=233 123 323 106 103 107 119 115 100 169 177 165 108 181 110 108 160 129 101 118 147 1346 329 794 115 261 128 4687 101 121 3372
internal_value=-5.11674e-05 -0.00115595 0.00428062 0.010313 0.00274443 0.00337308 -0.00500172 0.00430737 0.00637469 0.00416425 0.00614914 0.00183845 0.0116643 0.0151452 0.0162184 -0.00269466 -0.00050829 0.00385068 0.010021 -0.00664967 0.000560135 0.000989844 -0.00296736 -0.00232105 0.00684102 -0.00196536 -0.00258484 0.00386506 -0.00670023 0.00146095
internal_weight=14256 11359 2897 588 2309 2202 221 1981 1386 1107 930 522 408 279 289 5989 595 348 219 247 5370 5047 5829 5035 465 414 4920 362 249 4718
internal_count=14256 11359 2897 588 2309 2202 221 1981 1386 1107 930 522 408 279 289 5989 595 348 219 247 5370 5047 5829 5035 465 414 4920 362 249 4718
is_linear=0
shrinkage=0.02


Tree=128
num_leaves=31
num_cat=0
split_feature=0 4 11 11 9 11 2 5 12 9 4 10 0 5 0 8 8 2 8 10 12 9 4 2 2 5 11 12 10 10
split_gain=184.656 45.5309 47.1106 53.0255 44.7469 41.4428 59.1001 37.5769 33.4238 32.5252 66.2502 44.1494 37.7218 36.9372 48.5696 45.5706 49.9928 47.772 50.3281 41.7773 31.3736 30.1701 28.8149 30.9591 27.8315 30.4201 27.0153 54.5963 42.3107 58.7607
threshold=0.14702286442380397 -0.74932373359188631 0.79033333333333344 0.7683958333333335 0.22162549988238064 0.80613095238095245 0.85499767434413987 0.38513868935444057 71.343750000000014 0.19947594422384343 -0.19385117725474274 0.27422836796114747 0.18483755340130892 0.18782064298877479 0.2231294727135994 13.500000000000002 11.500000000000002 0.73947678094977232 7.5000000000000009 0.16404562524907709 69.24264705882355 0.13781224162553557 0.16372714265450103 0.24569412401138566 0.83619799083556778 -0.047408568584284598 0.91696691176470602 70.727941176470594 0.42404942270950036 0.39115333124546153
decision_type=10 2 2 2 2 2 10 2 2 2 2 2 10 2 10 2 2 8 2 2 2 2 2 8 10 2 2 2 2 2
left_child=4 -2 3 9 8 6 -4 -6 22 11 -11 13 -13 14 24 16 17 20 -19 -20 -15 -18 23 -1 25 -3 28 -28 29 -7
right_child=1 2 5 -5 7 26 -8 -9 -10 10 -12 12 -14 15 -16 -17 21 18 19 -21 -22 -23 -24 -25 -26 -27 27 -29 -30 -31
leaf_value=-0.0067114537658102547 0.014328618951428396 0.0043009504018118603 0.0018788165068727427 -0.0058411802525049454 0.014665567331716546 0.0050589200754626853 0.021392849689449066 -0.0019425097516938754 -0.0056173186715837596 0.0010473183339886499 0.019211530390105421 0.0009659289990862211 -0.014672116082249664 -0.0054680943140868873 0.0096980434297160665 0.011996368935209847 -0.014567125390391225 0.0026134618979439723 0.0037258755971418052 0.018802482673445264 0.0070292301341757044 0.00059493182543313725 0.0081010951159092102 -0.0015346265800087542 -0.013517921522387073 -0.0070548772758439824 0.0028778186831105914 -0.013126262356009749 0.017353000544756653 -0.0086439290979657985
leaf_weight=498 130 160 118 422 117 1573 131 102 1019 228 124 120 127 291 110 214 104 524 122 185 111 106 117 6407 117 230 405 108 100 136
leaf_count=498 130 160 118 422 117 1573 131 102 1019 228 124 120 127 291 110 214 104 524 122 185 111 106 117 6407 117 230 405 108 100 136
internal_value=-5.01441e-05 0.00262146 0.00236201 0.000778791 -0.00198948 0.00439107 0.0121452 0.0069303 -0.00223242 0.00175116 0.00744607 0.000956 -0.00707469 0.00182829 -0.00234892 0.00338371 0.00210643 0.00364274 0.00638083 0.0128111 -0.00201734 -0.0069139 -0.00174122 -0.00190799 -0.00496266 -0.00239608 0.00355956 -0.000491462 0.00470835 0.00396847
internal_weight=14256 5996 5866 3295 8260 2571 249 219 8041 2873 352 2521 247 2274 617 1657 1443 1233 831 307 402 210 7022 6905 507 390 2322 513 1809 1709
internal_count=14256 5996 5866 3295 8260 2571 249 219 8041 2873 352 2521 247 2274 617 1657 1443 1233 831 307 402 210 7022 6905 507 390 2322 513 1809 1709
is_linear=0
shrinkage=0.02


Tree=129
num_leaves=31
num_cat=0
split_feature=0 3 1 4 4 9 9 2 3 5 4 4 12 3 10 12 2 2 9 1 3 4 1 10 12 2 1 9 3 4
split_gain=177.344 51.7709 70.3573 53.4466 51.6285 42.9749 36.634 44.906 39.2388 36.0888 34.3231 61.0541 63.4667 83.6994 54.0717 38.6673 39.5847 51.4778 55.0715 53.6054 37.1137 60.1011 52.1877 92.143 32.1002 30.4507 70.7784 45.4543 37.9447 42.2071
threshold=0.14702286442380397 76.338925580697733 0.31493061620803481 -0.74932373359188631 -0.25854913209794844 0.22162549988238064 0.19523313045340213 0.9661291697025236 59.036428534112154 0.38513868935444057 -0.15457905541531117 0.016751180630080371 68.343750000000014 68.061504418661812 0.22905629594586174 72.029411764705898 0.93898644378569596 0.92238411883964211 0.25566543328549046 0.39156151347636209 66.719327885456394 -0.36247156279359066 0.28535650108429922 0.36010130116919736 71.343750000000014 0.73947678094977232 0.15273634792066912 0.16083071292792556 64.401880073679479 -0.26580004433752219
decision_type=10 8 10 2 2 2 2 8 10 2 2 2 2 10 2 2 10 10 2 10 10 2 10 2 2 8 10 2 10 2
left_child=5 3 4 -2 -3 24 8 10 -5 -7 14 12 13 -12 -8 16 17 18 20 -20 21 -16 -22 -24 -1 26 -10 28 -28 -30
right_child=1 2 -4 6 -6 9 7 -9 25 -11 11 -13 -14 -15 15 -17 -18 -19 19 -21 22 -23 23 -25 -26 -27 27 -29 29 -31
leaf_value=-0.0017063930151055094 0.015057016078233719 -0.006827879076202711 0.022657047759552126 -0.0094047834213774693 0.013150723656018576 0.01437225576203603 0.018222046958844124 -0.005251406644140668 0.011025759433221101 -0.001903659736408907 0.00020765492196140952 0.01007970407319766 0.0046257700548053551 -0.024453542681859283 -0.0099986128953950745 -0.0069077585040047615 -0.0036116431497670467 0.019972520730735962 0.021062523347997592 0.0027293824881454492 -0.0036549235625012266 0.0065069236340566296 0.020443386510935625 -0.0032283033893525021 -0.0055049722370249703 0.0021575423374885091 0.0012774625330150707 0.0011893335698685164 -0.020463850797109662 -0.0055282361250227462
leaf_weight=7022 125 102 118 154 105 117 136 203 133 102 121 186 195 101 175 101 153 114 158 107 124 178 182 103 1019 2229 103 287 147 156
leaf_count=7022 125 102 118 154 105 117 136 203 133 102 121 186 195 101 175 101 153 114 158 107 124 178 182 103 1019 2229 103 287 147 156
internal_value=-4.91412e-05 0.00256903 0.010332 0.00212414 0.00330619 -0.00194969 0.00183265 0.0037374 0.00044549 0.00679169 0.00459247 0.00055086 -0.00369942 -0.0110121 0.0061843 0.00501073 0.005941 0.00722194 0.00580659 0.0136601 0.00307539 -0.00167571 0.00717597 0.0118884 -0.00218777 0.000942034 -0.00233807 -0.00490285 -0.00920939 -0.0127742
internal_weight=14256 5996 325 5671 207 8260 5546 2337 3209 219 2134 603 417 222 1531 1395 1294 1141 1027 265 762 353 409 285 8041 3055 826 693 406 303
internal_count=14256 5996 325 5671 207 8260 5546 2337 3209 219 2134 603 417 222 1531 1395 1294 1141 1027 265 762 353 409 285 8041 3055 826 693 406 303
is_linear=0
shrinkage=0.02


Tree=130
num_leaves=31
num_cat=0
split_feature=9 11 1 5 11 11 3 3 9 12 3 1 4 6 9 1 1 1 9 5 12 7 12 1 12 3 12 1 4 9
split_gain=181.152 90.3428 52.0098 46.5534 74.6568 45.2984 43.0055 32.4356 32.433 66.7223 72.4041 65.954 64.5076 56.4351 44.5782 44.5276 48.9466 33.8435 53.5468 51.9936 39.8417 76.3258 75.0169 58.5975 62.918 62.7356 82.4431 48.2621 35.4127 43.8673
threshold=0.15729406949921873 0.62062500000000009 0.26561849016864414 -0.18023880345559959 0.83656862745098048 0.64222527472527491 61.504077024155848 77.972952180534676 0.24453002781157659 69.818014705882362 72.000016009949775 0.40272334362237044 -0.55859985728992123 1.5000000000000002 0.26756681297561236 0.31493061620803481 0.24706355262536869 0.38822733037609003 0.2224014336917563 0.89683582736025336 69.031250000000014 1.0000000180025095e-35 67.343750000000014 0.32891609415051865 72.545955882352956 66.101099462234217 71.281250000000014 0.22917445691773428 -0.33909532460486563 0.16641914191419147
decision_type=2 2 8 2 2 2 8 10 2 2 8 10 2 2 2 8 10 10 2 2 2 2 2 10 2 10 2 8 2 2
left_child=7 2 -2 4 -3 -5 -7 -1 12 10 11 14 15 -14 -10 16 -8 19 -19 20 22 23 28 24 25 -22 27 -27 -15 -30
right_child=1 3 -4 5 -6 6 8 -9 9 -11 -12 -13 13 17 -16 -17 -18 18 -20 -21 21 -23 -24 -25 -26 26 -28 -29 29 -31
leaf_value=-0.0017463816160858561 -0.0018714499278944367 -0.013971110788129626 -0.018987319605052472 0.017486766797304154 0.0072408424256261714 -0.0016768955865609861 -0.0015466563293541019 0.0055235073337765788 0.021002874571689697 -0.0013002039110843399 0.023592826448209793 -0.0027946809206535169 -0.0074431062784770996 0.00087063067316105875 0.004964880727118615 0.005423213534118715 -0.020096836918964984 0.015088256993987102 -0.0011857257317751647 -0.0062219081733418599 0.00067046646734601572 -0.0052701733644223885 -0.0029315640539535736 -0.00023512378515619221 0.02489612210489495 0.011229386805503998 0.00068103339656123095 0.029146005106594066 -0.0020119954706207524 0.011151616945992798
leaf_weight=8265 245 147 100 100 121 499 132 253 146 218 151 158 149 330 132 121 100 291 112 174 190 144 542 165 142 106 112 139 123 573
leaf_count=8265 245 147 100 100 121 499 132 253 146 218 151 158 149 330 132 121 100 291 112 174 190 144 542 165 142 106 112 139 123 573
internal_value=0.000312567 0.00308523 -0.00683257 0.00372876 -0.00439407 0.00415992 0.00389064 -0.00153045 0.00451495 0.00814819 0.0116571 0.00752345 0.00371255 0.0045838 0.0133877 -0.00441256 -0.00954242 0.00515396 0.0105655 0.00435803 0.00507546 0.00819922 0.00308725 0.0104704 0.0130341 0.0099548 0.014896 0.0213943 0.00626677 0.00882529
internal_weight=14180 5662 345 5317 268 5049 4949 8518 4450 805 587 436 3645 3292 278 353 232 3143 403 2740 2566 998 1568 854 689 547 357 245 1026 696
internal_count=14180 5662 345 5317 268 5049 4949 8518 4450 805 587 436 3645 3292 278 353 232 3143 403 2740 2566 998 1568 854 689 547 357 245 1026 696
is_linear=0
shrinkage=0.02


Tree=131
num_leaves=31
num_cat=0
split_feature=9 0 5 1 6 10 9 2 3 2 3 5 2 5 1 5 5 2 12 12 9 4 4 2 10 3 10 5 5 0
split_gain=173.979 59.506 52.3331 41.2407 38.5837 41.1077 54.8179 68.5992 38.3797 41.6667 49.9449 72.7567 55.9672 48.2152 45.4456 42.9384 67.0163 35.4444 36.0796 60.7904 47.8577 34.2371 33.9658 41.0251 34.1622 37.3154 45.0193 40.9404 36.6705 40.5931
threshold=0.15729406949921873 0.20443291037477798 -0.22545152055048864 0.47264077997574533 1.5000000000000002 0.18794435926574352 0.18255910067779801 0.90478889617294811 61.599671206189619 0.91645412704283491 69.047218397623126 0.53654686300217891 0.87705076502280999 0.33823658507096377 0.36502906982545502 0.07160137224603734 0.29075739320738253 0.94628889364506119 61.705882352941181 64.24264705882355 0.12956490331184708 -0.31262796714996915 -0.62789086573066977 0.93737621359632362 0.28443342756234918 68.409812281123976 0.31438126484479595 0.39847876656966269 0.5238690315040343 0.13336836796383292
decision_type=2 8 2 10 2 2 2 8 8 8 10 2 10 2 10 2 2 10 2 2 2 2 2 10 2 10 2 2 2 10
left_child=17 22 -3 4 -4 -6 7 -7 -8 10 11 13 -12 14 -10 -11 -17 18 -1 20 -20 -5 -2 24 -24 28 -27 -28 29 -26
right_child=1 2 3 21 5 6 8 -9 9 15 12 -13 -14 -15 -16 16 -18 -19 19 -21 -22 -23 23 -25 25 26 27 -29 -30 -31
leaf_value=0.0050099279344523817 -0.0077132222813428844 -0.0090502796917423314 -0.0049579760795301301 -0.011235793826070803 0.018587261073158258 0.0068629806364576022 -0.0016650413232574979 -0.010011110058825077 0.01737313638964709 0.024065788519382476 0.0046412915431640368 -0.00033405194470756931 -0.011935681424472693 0.025060923312520311 -2.1624953842887255e-05 0.0001396801101747064 0.013941434748314009 0.010219085988561239 -0.0046643097454216334 -0.0013786659507782617 -0.01716883595269289 0.0051111613506195598 0.0029091808062287105 0.01160619885518851 0.0086839748347798985 -0.012465459789035089 0.0086779905696000373 -0.0086629280012171222 0.0086209349305958957 -0.0057709771013479171
leaf_weight=314 171 102 118 103 112 216 166 174 137 100 352 190 106 124 107 196 499 102 511 7430 161 102 1395 151 105 228 112 106 191 299
leaf_count=314 171 102 118 103 112 216 166 174 137 100 352 190 106 124 107 196 499 102 511 7430 161 102 1395 151 105 228 112 106 191 299
internal_value=0.000306315 0.00302353 0.00502166 0.00553392 0.00621563 0.00674749 0.00618726 -0.00066546 0.00753909 0.00838276 0.00569925 0.00971665 0.0008047 0.0149059 0.00974511 0.0118122 0.0100491 -0.00149984 -0.00164187 -0.00189967 -0.00766019 -0.00310219 0.000919621 0.00149025 0.000863194 -0.00187855 -0.00625215 0.000246168 0.00139982 -0.00201412
internal_weight=14180 5662 2904 2802 2597 2479 2367 390 1977 1811 1016 558 458 368 244 795 695 8518 8416 8102 672 205 2758 2587 2436 1041 446 218 595 404
internal_count=14180 5662 2904 2802 2597 2479 2367 390 1977 1811 1016 558 458 368 244 795 695 8518 8416 8102 672 205 2758 2587 2436 1041 446 218 595 404
is_linear=0
shrinkage=0.02


Tree=132
num_leaves=31
num_cat=0
split_feature=9 11 1 5 11 11 3 3 4 9 4 6 9 11 1 8 4 3 10 11 3 11 5 3 8 4 3 9 4 11
split_gain=167.089 85.923 50.3503 43.4194 71.7702 43.6352 40.5144 31.1046 30.6715 30.2282 61.0996 53.6451 44.8359 55.1175 42.3309 52.8502 38.623 37.8105 47.1789 32.8469 66.1223 55.7549 50.9134 37.0279 58.9997 58.0669 56.2708 53.5135 46.9082 41.5277
threshold=0.15729406949921873 0.62062500000000009 0.24339665445871936 -0.18023880345559959 0.83656862745098048 0.64222527472527491 61.504077024155848 77.972952180534676 -0.77842341751749566 0.24453002781157659 -0.55859985728992123 1.5000000000000002 0.27566257761623508 0.89566964285714301 0.31493061620803481 8.5000000000000018 -0.3606454771370774 71.15548357631944 0.372773860929211 0.88088888888888894 71.063275534605935 0.9093541666666668 0.33520256669536674 65.296582814596078 9.5000000000000018 -0.14199598603405703 68.223540187501797 0.17066530919392683 -0.23741820759218449 0.79941176470588249
decision_type=2 2 10 2 2 2 8 10 2 2 2 2 2 2 8 2 2 8 2 2 10 2 2 10 2 2 10 2 2 2
left_child=7 2 -2 4 -3 -5 -7 8 -1 10 14 -12 16 -14 15 -8 -11 18 -18 23 21 -21 -23 24 27 28 -27 -13 -25 -30
right_child=1 3 -4 5 -6 6 9 -9 -10 12 11 19 13 -15 -16 -17 17 -19 -20 20 -22 22 -24 25 -26 26 -28 -29 29 -31
leaf_value=0.0075667715141325134 -0.001758952962518229 -0.013644073419462966 -0.018502104647603691 0.017086945320665837 0.007153767938456259 -0.0016611363714885616 -0.01888096710667014 0.0054378676639405986 -0.0018418082974329727 0.018318634137200814 -0.0073038614836315185 -0.0063689977588636849 -0.0098286760126778845 0.0089125173390729711 0.0052565856277942656 0.00021049369206844736 0.012560680928990382 0.016809838505993997 -0.0051289551983828901 -0.0027110772964566254 -0.0097536053639727047 0.021713745866744027 0.0036058671067158384 0.0076375302854079776 -0.0070355158585486159 0.011270552595552491 -0.0022731648556633885 0.0098485120145932713 0.010697055532744056 0.025649746505879478
leaf_weight=141 243 147 102 100 121 499 116 253 8124 192 149 107 109 148 121 116 109 112 135 215 170 106 150 978 203 181 381 340 190 122
leaf_count=141 243 147 102 100 121 499 116 253 8124 192 149 107 109 148 121 116 109 112 135 215 170 106 150 978 203 181 381 340 190 122
internal_value=0.000300189 0.00296306 -0.0067091 0.00359065 -0.004254 0.00400704 0.00374275 -0.00146985 -0.0016813 0.00434871 0.00357406 0.00442199 0.00785629 0.000963918 -0.00433351 -0.00933524 0.0110887 0.00718935 0.00277338 0.00497787 0.000938444 0.00479757 0.0111037 0.00601275 0.00190585 0.00745416 0.00208878 0.00596647 0.00979164 0.0165439
internal_weight=14180 5662 345 5317 268 5049 4949 8518 8265 4450 3645 3292 805 257 353 232 548 356 244 3143 641 471 256 2502 650 1852 562 447 1290 312
internal_count=14180 5662 345 5317 268 5049 4949 8518 8265 4450 3645 3292 805 257 353 232 548 356 244 3143 641 471 256 2502 650 1852 562 447 1290 312
is_linear=0
shrinkage=0.02


Tree=133
num_leaves=31
num_cat=0
split_feature=9 11 1 5 11 11 3 2 4 3 2 10 9 2 4 6 2 2 3 3 9 11 1 9 2 5 11 4 4 3
split_gain=160.472 82.5204 48.6516 41.6999 68.9281 41.9073 38.9101 34.0377 31.4813 31.4283 30.4754 54.2133 29.0312 59.1352 58.68 51.5208 44.1271 43.4895 59.2357 71.7019 69.8057 47.4734 42.9884 50.4709 39.0192 36.6272 93.0539 35.8315 34.1016 29.393
threshold=0.15729406949921873 0.62062500000000009 0.26561849016864414 -0.18023880345559959 0.83656862745098048 0.64222527472527491 61.504077024155848 0.94628889364506119 -0.77842341751749566 77.972952180534676 0.86353203085370123 0.24585219175049858 0.24453002781157659 0.97750549815380006 -0.55859985728992123 1.5000000000000002 0.8789441522394551 0.85322129698866556 68.528418503457331 66.061369309785974 0.19172626155866382 0.88088888888888894 0.41378362117153761 0.26756681297561236 0.89057349224196847 0.19808223558997637 0.86703296703296717 -0.30540609412223862 -0.65585207644437993 68.370669940560973
decision_type=2 2 8 2 2 2 8 10 2 10 8 2 2 8 2 2 8 10 10 10 2 2 10 2 10 2 2 2 2 10
left_child=7 2 -2 4 -3 -5 10 8 -1 -10 11 -7 14 22 16 -16 28 21 19 20 -19 -17 23 24 -14 -20 -27 -21 -8 -23
right_child=1 3 -4 5 -6 6 12 -9 9 -11 -12 -13 13 -15 15 17 -18 18 25 27 -22 29 -24 -25 -26 26 -28 -29 -30 -31
leaf_value=0.0078595109004527333 -0.0017766363493033818 -0.013371191957116533 -0.018330715379118921 0.016745206490159033 0.0070106926264841699 -0.0080880496101944071 0.0092448140299039912 0.010043568603840529 -0.0019556440664920188 0.0052451470550196246 -0.0073787039521870743 0.0096762657654337111 0.02271737509136719 0.020342288754209875 -0.0071577842793608673 0.0044579767854616955 -0.0153394029304093 -0.0056570388227701182 0.012230810864970385 0.030207081889989329 0.01474473729544545 0.0011529112799579034 -0.0025841288618052129 0.0017525033820825426 0.0070934093805650866 0.0076256514209786623 -0.011865656687230464 0.014317185169493315 -0.005788270246982574 -0.011270369680168537
leaf_weight=139 245 147 100 100 121 114 101 102 8027 250 212 173 124 125 149 1742 102 115 151 102 161 184 194 230 132 279 151 128 150 130
leaf_count=139 245 147 100 100 121 114 101 102 8027 250 212 173 124 125 149 1742 102 115 151 102 161 184 194 230 132 279 151 128 150 130
internal_value=0.000294185 0.0029038 -0.00657492 0.00351884 -0.00416892 0.0039269 0.00366789 -0.00144045 -0.00157963 -0.00173815 -0.00162791 0.00262006 0.00426174 0.00769916 0.00350258 0.00433355 -0.00424684 0.00487831 0.00811385 0.0131167 0.006244 0.0031677 0.00537506 0.00855218 0.0146613 0.00375679 0.000781029 0.021364 0.000260899 -0.00399049
internal_weight=14180 5662 345 5317 268 5049 4949 8518 8416 8277 499 287 4450 805 3645 3292 353 3143 1087 506 276 2056 680 486 256 581 430 230 251 314
internal_count=14180 5662 345 5317 268 5049 4949 8518 8416 8277 499 287 4450 805 3645 3292 353 3143 1087 506 276 2056 680 486 256 581 430 230 251 314
is_linear=0
shrinkage=0.02


Tree=134
num_leaves=31
num_cat=0
split_feature=9 0 8 5 5 9 3 3 1 5 5 4 1 5 8 4 2 10 9 2 5 5 1 8 1 5 2 4 3 9
split_gain=154.118 53.9167 49.0976 48.0832 45.6074 43.738 73.2168 56.624 41.5083 49.5839 77.747 44.2584 39.105 35.4726 33.6719 33.0197 32.6898 32.5367 55.3559 79.4734 41.4612 104.472 59.5193 62.2844 61.5068 46.3017 44.1456 32.5995 67.9852 53.2874
threshold=0.15729406949921873 0.20443291037477798 6.5000000000000009 -0.22545152055048864 0.86415258966813802 0.18543123052303548 66.200991988270161 68.528418503457331 0.27081030867848954 0.57360961605492877 0.42372767665146666 -0.37809221990698616 0.47264077997574533 0.11457345741320796 9.5000000000000018 -0.31262796714996915 0.94628889364506119 0.18794435926574352 0.18255910067779801 0.90337753306485091 0.53654686300217891 0.4549284827357043 0.36304664954379234 9.5000000000000018 0.27464651419184244 0.73797705074496456 0.92238411883964211 -0.21311078718999954 64.401880073679479 0.21464364415733392
decision_type=2 8 2 2 2 2 10 10 10 2 2 2 10 2 2 2 10 2 2 8 2 2 10 2 10 2 8 2 10 2
left_child=16 2 4 -3 8 6 -4 -8 9 10 13 -10 17 -2 -9 -14 -1 -5 19 -19 21 27 24 -24 -22 -26 -23 29 -29 -20
right_child=1 3 5 12 -6 -7 7 14 11 -11 -12 -13 15 -15 -16 -17 -18 18 20 -21 22 26 23 -25 25 -27 -28 28 -30 -31
leaf_value=-0.0015480409201899085 0.0020972104525814454 -0.0087407659463511374 -0.0059229081850804268 0.016117990293047006 -0.0087404665708541874 -0.0045905491560697554 0.015930969828420138 -0.0054272796223695224 0.010319048139718498 0.018063607887145443 -0.0074448267713928895 -0.0057556320604444109 -0.011158498334653169 0.014673084368725784 0.0069449911314633586 0.0048952005182703335 0.0098426970087137876 0.0068432510237506385 0.0019189864136278628 -0.010506349154462925 0.0071060104167410812 0.030355912274723753 0.0020241831247299132 0.022200596851168895 -0.017795779247505545 0.00019477241606052434 0.012554251607834249 -0.011286818598761508 0.0069036820329104864 0.012731537611627772
leaf_weight=8416 144 102 305 119 100 825 169 148 101 157 141 213 103 238 217 102 102 229 290 196 162 109 153 102 117 112 114 115 288 491
leaf_count=8416 144 102 305 119 100 825 169 148 101 157 141 213 103 238 217 102 102 229 290 196 162 109 153 102 117 112 114 115 288 491
internal_value=0.000288302 0.00284572 0.000843059 0.0047477 0.00413408 -0.00132063 0.00189472 0.00635985 0.00542931 0.00820656 0.00524756 -0.000585114 0.00523871 0.00993244 0.00192829 -0.0031708 -0.00141164 0.00590254 0.00541197 -0.00115798 0.00677204 0.0086979 0.00257747 0.0100947 -0.00232511 -0.00899691 0.0212555 0.00633274 0.00171284 0.00871663
internal_weight=14180 5662 2758 2904 1094 1664 839 534 994 680 523 314 2802 382 365 205 8518 2597 2478 425 2053 1407 646 255 391 229 223 1184 403 781
internal_count=14180 5662 2758 2904 1094 1664 839 534 994 680 523 314 2802 382 365 205 8518 2597 2478 425 2053 1407 646 255 391 229 223 1184 403 781
is_linear=0
shrinkage=0.02


Tree=135
num_leaves=31
num_cat=0
split_feature=0 9 10 4 12 9 2 2 9 11 5 2 12 11 0 8 5 10 8 5 4 10 0 10 0 2 5 0 11 0
split_gain=126.039 65.2918 52.7505 48.6732 45.8514 41.249 66.7178 85.6366 59.6502 57.6091 48.8227 44.5888 50.8719 38.7175 52.1418 43.8906 66.0972 37.1377 36.8848 35.3181 42.6564 42.3168 73.6465 47.1326 45.9954 38.0943 57.6823 33.9961 32.1397 32.4226
threshold=0.12718191894270031 0.16929121725731897 0.18794435926574352 0.10325556165085784 73.531250000000014 0.24325980392156865 0.86353203085370123 0.82902682256425486 0.26756681297561236 0.87775000000000014 0.29672815468289221 0.93737621359632362 69.303308823529434 0.75167832167832183 0.21458873723244845 5.5000000000000009 0.5160012562864873 0.30496645407580131 14.500000000000002 0.07160137224603734 -0.35507062128157507 0.25801865620420045 0.20443291037477798 0.32564440849116033 0.18799150946492302 0.85000016009949764 -0.10695577394247956 0.16263444063383409 0.71433333333333338 0.21922481202396407
decision_type=8 2 2 2 2 2 10 8 2 2 2 10 2 2 10 2 2 2 2 2 2 2 10 2 10 8 2 10 2 8
left_child=-1 13 -3 4 5 9 7 -7 10 18 -8 12 17 14 -2 27 -17 -11 19 25 28 -22 24 -24 -23 26 -4 -15 -21 -30
right_child=1 2 3 -5 -6 6 8 -9 -10 11 -12 -13 -14 15 -16 16 -18 -19 -20 20 21 22 23 -25 -26 -27 -28 -29 29 -31
leaf_value=-0.0022834167346454473 -0.00029350885904971916 0.014135547497331402 -0.0082109956008077842 0.014374289576043474 0.014094989457955728 0.0037319835473783314 -0.0030116396010495153 0.023396958980691746 -0.0062043422319089311 -0.004262823772632293 0.013410893922573641 0.0060790483646436045 0.0029723835074518985 -0.0046951555368899226 0.0074845150979139753 -0.0071260962360719972 0.010138237610743899 -0.016833216044487377 -0.0072040827510257569 -0.012681183926761151 0.010009752882959582 -0.00037485650933642944 0.0016322873660711327 0.016129700665975487 -0.01569527003516271 0.015275303560761766 0.012588759957425363 -0.019502078425804419 0.0046004241934566479 -0.0059068882903583085
leaf_weight=5829 3093 172 101 141 130 200 117 159 237 179 190 131 148 139 388 231 144 198 150 104 337 328 198 164 103 179 113 112 247 224
leaf_count=5829 3093 172 101 141 130 200 117 159 237 179 190 131 148 139 388 231 144 198 150 104 337 328 198 164 103 179 113 112 247 224
internal_value=-2.61584e-05 0.00154828 0.00328609 0.00282848 0.00241498 0.00201614 0.00574949 0.0124415 0.00133323 0.000855246 0.00715214 -0.00435938 -0.00696402 -0.00025004 0.000573447 -0.0048292 -0.000496592 -0.0108648 0.00237695 0.00306196 0.00181613 0.00407273 0.00154968 0.00820018 -0.00403612 0.00846692 0.00277205 -0.0113022 -0.00261858 -0.000396684
internal_weight=14186 8357 4250 4078 3937 3807 903 359 544 2904 307 656 525 4107 3481 626 375 377 2248 2098 1705 1130 793 362 431 393 214 251 575 471
internal_count=14186 8357 4250 4078 3937 3807 903 359 544 2904 307 656 525 4107 3481 626 375 377 2248 2098 1705 1130 793 362 431 393 214 251 575 471
is_linear=0
shrinkage=0.02


Tree=136
num_leaves=31
num_cat=0
split_feature=0 11 6 0 12 4 11 4 1 5 1 10 2 2 5 11 8 2 1 11 5 4 11 11 12 2 1 12 0 4
split_gain=121.048 47.4433 52.6063 41.0943 37.4169 33.5984 31.7356 34.9183 31.4689 29.7311 27.9233 26.7865 46.6776 62.507 45.4554 32.909 35.8261 31.4782 39.2601 52.3288 33.502 41.9214 26.0349 29.7525 27.4796 33.6589 26.0252 59.3992 25.2005 30.1754
threshold=0.12718191894270031 0.62581730769230781 4.5000000000000009 0.22463304761305961 74.000000000000014 0.10325556165085784 0.63433333333333342 -0.72817653778303681 0.12321298170657918 0.069159448753098138 0.19227206964049073 0.34819042378274373 0.85183886912455919 0.8654080303084063 0.092773720396510356 0.893798076923077 14.500000000000002 0.79984845318606423 0.35743508097692872 0.90806250000000011 0.32863365560900748 -0.24174448338159199 0.69607692307692315 0.74849264705882368 69.090073529411782 0.66830886058030181 0.30044738727503145 67.303308823529434 0.068519690752902318 -0.48567128035636958
decision_type=8 2 2 10 2 2 2 2 8 2 10 2 8 8 2 2 2 8 8 2 2 2 2 2 2 8 10 2 10 2
left_child=9 2 3 26 5 6 -3 -8 -9 28 22 12 15 -14 -13 16 -10 -16 19 -19 -20 -22 24 -24 25 -11 -2 -28 -1 -30
right_child=1 4 -4 -5 -6 -7 7 8 11 10 -12 14 13 -15 17 -17 -18 18 20 -21 21 -23 23 -25 -26 -27 27 -29 29 -31
leaf_value=-0.0047301647301231115 -0.0015163081524064228 0.011964184596173225 -0.011090241455548518 0.010538306853218046 0.013176552220247686 0.010341615405573388 0.011520937444825827 0.010829274575625148 -0.00013602456614803755 -0.0045385484697271754 -0.0071587186697699614 -0.0052394384488965683 0.014077985316345638 0.0015874381458304146 0.013150650365077841 -0.010661462454323504 -0.010459833422354584 0.0024706853433128667 0.0078588956925360592 0.021421126995746994 0.0030367984904630762 -0.011652637291421642 0.0094111236446345874 -0.0013923783816848021 -0.0053648979340001233 0.00013415387913945221 -0.0044363154958756198 0.014907709476246964 -0.004274805174111657 0.0048809261063280972
leaf_weight=245 1846 124 185 139 128 198 142 140 1849 1024 545 178 176 1792 186 148 145 136 170 102 185 134 151 314 1224 1550 126 128 191 585
leaf_count=245 1846 124 185 139 128 198 142 140 1849 1024 545 178 176 1792 186 148 145 136 170 102 185 134 151 314 1224 1550 126 128 191 585
internal_value=-2.56353e-05 0.00151731 -0.000840249 6.66854e-06 0.00248052 0.00224468 0.00195875 0.00173247 0.00147223 -0.00223775 -0.00289596 0.00122036 0.00048086 0.00270448 0.00400617 -0.00156213 -0.000886753 0.00580871 0.00393031 0.0105923 0.000687866 -0.00313369 -0.002351 0.00211586 -0.00289789 -0.00172476 -0.000690426 0.00531185 0.000861864 0.00262739
internal_weight=14186 8357 2424 2239 5933 5805 5607 5483 5341 5829 4808 5201 4110 1968 1091 2142 1994 913 727 238 489 319 4263 465 3798 2574 2100 254 1021 776
internal_count=14186 8357 2424 2239 5933 5805 5607 5483 5341 5829 4808 5201 4110 1968 1091 2142 1994 913 727 238 489 319 4263 465 3798 2574 2100 254 1021 776
is_linear=0
shrinkage=0.02


Tree=137
num_leaves=31
num_cat=0
split_feature=0 9 10 4 12 9 2 2 9 11 2 12 4 8 11 4 9 0 10 8 7 2 9 2 12 4 2 10 0 2
split_gain=116.255 61.509 50.4286 45.4519 42.9832 38.852 63.8813 82.6295 57.3185 55.2313 42.5135 49.1509 41.776 37.7025 77.7996 65.134 86.6379 39.8574 36.0221 34.8497 28.7897 40.415 31.9474 29.9371 24.7268 31.2307 30.3709 23.6194 47.6234 28.012
threshold=0.12718191894270031 0.16929121725731897 0.18794435926574352 0.10325556165085784 73.531250000000014 0.24325980392156865 0.86353203085370123 0.82902682256425486 0.26756681297561236 0.87775000000000014 0.93737621359632362 69.303308823529434 -0.26426708499503698 5.5000000000000009 0.76209134615384622 -0.30540609412223862 0.15729406949921873 0.18231429849567923 0.30496645407580131 14.500000000000002 1.0000000180025095e-35 0.89723557882709437 0.14239009896846819 0.76566976360887862 69.031250000000014 -0.21927842792346283 0.28631848677325361 0.34275574144508825 0.23047532856921574 0.85322129698866556
decision_type=8 2 2 2 2 2 10 8 2 2 10 2 2 2 2 2 2 10 2 2 2 10 2 8 2 2 8 2 8 10
left_child=24 13 -3 4 5 9 7 -7 12 19 11 18 -8 14 -2 16 -15 -18 -11 27 21 23 -22 -17 26 -26 -1 29 -29 -4
right_child=1 2 3 -5 -6 6 8 -9 -10 10 -12 -13 -14 15 -16 20 17 -19 -20 -21 22 -23 -24 -25 25 -27 -28 28 -30 -31
leaf_value=-0.0063805851481872613 -0.0010057107485540819 0.013781681139845141 0.00023497728789621014 0.013883471826606609 0.013635472023716341 0.0035567426113993863 0.00019138167104767466 0.02287337204406284 -0.0061463732240163577 -0.0041674937709451224 0.0059005901007024384 0.0029315568249974702 0.015004286403102534 0.00226119721813998 -0.014454133871035316 -0.00054425488405941604 0.025609955696186217 0.007841934743199018 -0.016547643649156646 -0.0070091495998203758 0.0086593558017126065 0.0076213297716759398 -0.0034128950187005103 -0.0081236302893317666 -0.0020472062114444832 -0.0073755742939631943 -0.00069912448403469858 0.015722986292329769 -0.00020742362299999158 0.005442349440100031
leaf_weight=421 1463 172 1153 141 130 200 167 159 237 179 131 148 140 920 195 358 101 101 198 150 194 116 160 499 1144 715 3549 158 143 644
leaf_count=421 1463 172 1153 141 130 200 167 159 237 179 131 148 140 920 195 358 101 101 198 150 194 116 160 499 1144 715 3549 158 143 644
internal_value=-2.51225e-05 0.00148697 0.00317368 0.00272626 0.00232668 0.00194051 0.00556377 0.012112 0.00124241 0.000813854 -0.00429202 -0.00683532 0.00694645 -0.00025848 -0.0025874 0.00131823 0.00486537 0.0167259 -0.0106695 0.00230383 -0.00168094 -0.00345782 0.00320297 -0.00495745 -0.00219299 -0.00409658 -0.00130162 0.00296967 0.00815472 0.00210117
internal_weight=14186 8357 4250 4078 3937 3807 903 359 544 2904 656 525 307 4107 1658 2449 1122 202 377 2248 1327 973 354 857 5829 1859 3970 2098 301 1797
internal_count=14186 8357 4250 4078 3937 3807 903 359 544 2904 656 525 307 4107 1658 2449 1122 202 377 2248 1327 973 354 857 5829 1859 3970 2098 301 1797
is_linear=0
shrinkage=0.02


Tree=138
num_leaves=31
num_cat=0
split_feature=0 9 10 4 12 9 11 8 9 4 12 11 0 8 5 7 10 8 5 4 10 0 10 0 4 11 0 5 0 4
split_gain=111.651 59.0733 48.4317 43.652 41.281 37.3135 53.0441 43.7376 38.2651 46.9469 39.9003 36.7994 48.555 39.76 63.4419 37.3768 34.9416 33.4696 34.0041 41.1773 41.0898 70.5039 44.963 44.4948 36.5503 48.5675 32.7025 32.0256 34.4839 31.6354
threshold=0.12718191894270031 0.16929121725731897 0.18794435926574352 0.10325556165085784 73.531250000000014 0.24325980392156865 0.87775000000000014 2.5000000000000004 0.26756681297561236 -0.25273896143436958 68.79411764705884 0.75167832167832183 0.21458873723244845 5.5000000000000009 0.5160012562864873 1.0000000180025095e-35 0.34901353965183762 14.500000000000002 0.07160137224603734 -0.35507062128157507 0.25801865620420045 0.20443291037477798 0.32564440849116033 0.18799150946492302 -0.19504823521681319 0.81568627450980402 0.16263444063383409 0.4549284827357043 0.21922481202396407 -0.25433318055913073
decision_type=8 2 2 2 2 2 2 2 2 2 2 2 10 2 2 2 2 2 2 2 2 10 2 10 2 2 10 2 8 2
left_child=-1 11 -3 4 5 6 17 -7 10 -10 16 12 -2 26 -15 -14 -9 18 24 27 29 23 -23 -22 25 -4 -13 28 -20 -21
right_child=1 2 3 -5 -6 7 -8 8 9 -11 -12 13 15 14 -16 -17 -18 -19 19 20 21 22 -24 -25 -26 -27 -28 -29 -30 -31
leaf_value=-0.0021491335564571461 -0.00028708752312605744 0.013506047777225113 0.018683383294234152 0.013605802295174687 0.013362762633424539 0.014274080990247764 -0.0042061826047947535 0.0029690426352000469 0.0042074500435252786 -0.011548160787018376 -0.00089511359066721187 -0.0043983607697669121 0.0025024528100109867 -0.0070888817208432054 0.0098251205682754524 0.015388964246696151 0.018087057582793699 -0.006868966549510757 -0.00097236434911719021 0.019188855736702683 -0.00044551248153921487 0.0015108786169627699 0.015670691490423209 -0.015513924831904254 -0.0019536999512750368 0.0020027465524814899 -0.018920840414773141 0.0022093557671596892 -0.014650731741669863 0.0057748754693486013
leaf_weight=5829 3093 172 171 141 130 180 656 101 194 124 149 139 246 231 144 142 155 150 161 100 328 198 164 103 104 118 112 278 136 237
leaf_count=5829 3093 172 171 141 130 180 656 101 194 124 149 139 246 231 144 142 155 150 161 100 328 198 164 103 104 118 112 278 136 237
internal_value=-2.46201e-05 0.00145723 0.00311021 0.00267174 0.00228014 0.0019017 0.000797577 0.0054525 0.00325625 -0.00193625 0.00733332 -0.00025331 0.000549519 -0.0047176 -0.000593905 0.00721865 0.0121225 0.00225775 0.00291028 0.00168784 0.00390497 0.00141877 0.00792582 -0.00404655 0.00821373 0.0118726 -0.0108785 -0.0026693 -0.00723586 0.00975529
internal_weight=14186 8357 4250 4078 3937 3807 2904 903 723 318 405 4107 3481 626 375 388 256 2248 2098 1705 1130 793 362 431 393 289 251 575 297 337
internal_count=14186 8357 4250 4078 3937 3807 2904 903 723 318 405 4107 3481 626 375 388 256 2248 2098 1705 1130 793 362 431 393 289 251 575 297 337
is_linear=0
shrinkage=0.02


Tree=139
num_leaves=31
num_cat=0
split_feature=9 11 4 10 12 3 12 9 9 10 12 12 3 9 4 11 4 3 11 3 5 4 10 9 10 12 12 9 10 4
split_gain=106.847 49.2378 36.1555 35.7487 90.8366 111.837 56.4649 55.6952 82.3797 53.9844 48.9626 61.7937 53.4766 62.566 49.8878 48.3218 41.013 47.7184 52.8581 54.0127 67.9218 46.1605 38.9113 67.5425 34.5568 33.896 37.9438 41.5078 35.6462 50.8641
threshold=0.16520846013390142 0.51775641025641039 0.10325556165085784 0.27163752248318895 72.218750000000014 76.552685784080126 72.818014705882362 0.24325980392156865 0.22994027799799169 0.38644744800458214 69.031250000000014 71.406250000000014 72.625592157483993 0.2187179410933853 -0.30858218386243291 0.85058823529411776 -0.36970926712495816 64.507726907332739 0.87033333333333351 65.726911650687029 0.40194013417903579 -0.22191494719263802 0.40306422092383359 0.27708463704630798 0.014211912459174319 61.705882352941181 64.00183823529413 0.16342774718069766 0.25526382789220403 -0.38876069716384243
decision_type=2 2 2 2 2 10 2 2 2 2 2 2 10 2 2 2 2 8 2 10 2 2 2 2 2 2 2 2 2 2
left_child=24 -2 3 6 5 7 16 8 10 -9 12 14 13 -5 -12 -10 -3 -18 19 -19 -21 -22 -11 -24 -1 -26 -27 28 -28 -30
right_child=1 2 -4 4 -6 -7 -8 9 15 22 11 -13 -14 -15 -16 -17 17 18 -20 20 21 -23 23 -25 25 26 27 -29 29 -31
leaf_value=-0.0046042295254971298 -0.0076164625031161686 -0.00068164653715696089 0.011824736923596564 -0.0023297460436085275 -0.011414337231846596 0.020616728335378635 0.017771076753856689 0.011262895180040026 -0.0021537366610552586 -0.0095086501538753504 0.017431763935162398 -0.0077167103804794013 -0.015219869830617959 0.011228333480252199 0.0033274337050697963 -0.018571716344275443 -0.0018030161194978879 0.022121231590411555 -0.0032060694030319999 0.0010111016084385269 0.024603571991722743 0.0070901886535988702 0.011946895838145994 -0.0081770225088902797 0.0054735328705604273 -0.005940921529749176 -0.0008590762655561597 -0.011080646652308917 0.015788767654895782 0.00083283237689091055
leaf_weight=1112 191 553 169 757 216 124 123 365 140 110 183 102 101 166 222 147 235 134 129 272 117 124 180 106 326 600 6572 151 125 334
leaf_count=1112 191 553 169 757 216 124 123 365 140 110 183 102 101 166 222 147 235 134 129 272 117 124 180 106 326 600 6572 151 125 334
internal_value=-2.41277e-05 0.00234093 0.00273923 0.00240587 0.00106638 0.00206373 0.00472357 0.00117169 -0.000729861 0.00571443 0.00111344 0.00619645 -0.00140324 0.000108652 0.0097005 -0.0105629 0.00369746 0.00609275 0.00848387 0.0108146 0.00786125 0.0155925 0.000600317 0.00448838 -0.00129798 -0.00084453 -0.0011092 -0.000705551 -0.000482732 0.0049058
internal_weight=14186 4966 4775 4606 2919 2703 1687 2579 1818 761 1531 507 1024 923 405 287 1564 1011 776 647 513 241 396 286 9220 8108 7782 7182 7031 459
internal_count=14186 4966 4775 4606 2919 2703 1687 2579 1818 761 1531 507 1024 923 405 287 1564 1011 776 647 513 241 396 286 9220 8108 7782 7182 7031 459
is_linear=0
shrinkage=0.02


Tree=140
num_leaves=31
num_cat=0
split_feature=0 2 12 9 12 8 3 1 3 3 10 1 12 12 9 3 3 5 8 9 1 2 12 12 0 2 12 2 5 5
split_gain=126.461 55.4425 60.2604 51.3801 60.1932 45.4757 49.7604 79.9686 57.4728 44.5363 43.9826 42.9167 42.2475 67.4538 76.6938 38.725 43.404 35.3576 33.7779 57.6651 31.1209 37.6251 39.1702 36.5536 37.7046 64.0685 56.372 35.5894 30.8464 67.0889
threshold=0.1461110868400016 0.4911461438772054 61.500000000000007 0.19262657152565413 63.718750000000007 14.500000000000002 68.707238688127873 0.41378362117153761 67.354485566609 58.74287515104124 0.38644744800458214 0.27868692424694691 71.968750000000014 68.27389705882355 0.23733925648819268 75.884163800323918 61.863429230123657 0.27866727838153954 9.5000000000000018 0.23843208018915954 0.21761205484096766 0.85000016009949764 65.424632352941188 72.029411764705898 0.13423769206245786 0.68644299576194989 67.531250000000014 0.63999615761205708 0.60761473318376591 0.50367095158042396
decision_type=8 8 2 2 2 2 10 10 10 8 2 10 2 2 2 10 8 2 2 2 10 8 2 2 10 8 2 10 2 2
left_child=20 -2 11 9 -5 6 7 8 28 -4 -9 -3 13 18 17 16 -11 -15 19 -8 23 22 -22 24 -1 -26 -27 -25 29 -6
right_child=1 2 3 4 5 -7 12 10 -10 15 -12 -13 -14 14 -16 -17 -18 -19 -20 -21 21 -23 -24 27 25 26 -28 -29 -30 -31
leaf_value=-0.0016986933728901832 -0.0096177601027819856 0.021213804800063372 -0.010670817183368158 -0.0083853139410007601 0.0071802888417847209 -0.0060885001872253569 0.0070075087947160924 0.0041139198695214433 0.019451137630019301 0.0077286143549822996 -0.012881498515892487 0.0034652369096875193 -0.0091718220235559884 -0.0073567151167605186 0.018952851463845895 0.0087595467397094898 -0.00068410352170384704 0.0076681078548232716 -0.010222642083320169 -0.010951163491699846 -0.016412444381591153 0.0020840295491729929 -0.0051264179035539871 -0.0039429715143082895 0.01489055316110975 -0.0079506584658148756 0.0089173626552767598 -0.01627706952148485 0.0015033358370604378 0.024180720390544998
leaf_weight=5285 171 108 149 158 662 158 229 147 194 266 104 110 127 101 177 213 3154 165 143 104 170 183 445 438 152 188 137 119 252 108
leaf_count=5285 171 108 149 158 662 158 229 147 194 266 104 110 127 101 177 213 3154 165 143 104 170 183 445 438 152 188 137 119 252 108
internal_value=-0.000278261 0.00163044 0.00191209 0.00157093 0.00360956 0.0043191 0.00497346 0.0073499 0.00947141 4.60023e-05 -0.00292801 0.0122581 0.00164054 0.00313474 0.00875139 0.000485531 -2.9781e-05 0.00196319 -0.00209252 0.00139879 -0.00215558 -0.00587719 -0.00824613 -0.00168559 -0.00121265 0.00417258 -0.000840139 -0.00657808 0.00757702 0.00956476
internal_weight=14117 7000 6829 6611 2829 2671 2513 1467 1216 3782 251 218 1046 919 443 3633 3420 266 476 333 7117 798 615 6319 5762 477 325 557 1022 770
internal_count=14117 7000 6829 6611 2829 2671 2513 1467 1216 3782 251 218 1046 919 443 3633 3420 266 476 333 7117 798 615 6319 5762 477 325 557 1022 770
is_linear=0
shrinkage=0.02


Tree=141
num_leaves=31
num_cat=0
split_feature=0 3 2 12 1 9 12 1 8 3 3 11 5 2 2 0 5 12 3 11 3 3 4 1 9 3 3 4 1 3
split_gain=121.453 53.6274 61.8286 52.8503 56.819 51.4821 53.4913 46.8904 62.367 78.3214 54.8775 53.0079 54.7547 63.279 52.9467 48.419 46.0847 43.2763 73.7072 48.6004 40.7724 40.4663 43.2542 39.7164 38.3333 37.8191 66.5586 45.4855 34.8752 33.4417
threshold=0.1461110868400016 77.296120503667694 0.52003887269193405 61.500000000000007 0.27868692424694691 0.19262657152565413 63.718750000000007 0.41378362117153761 14.500000000000002 68.707238688127873 67.354485566609 0.76718750000000002 0.60761473318376591 0.88564427408359903 0.94214904584570969 0.27039491609131677 0.41138246096565018 68.27389705882355 70.056170487427153 0.893798076923077 58.74287515104124 61.863429230123657 -0.014000914259074694 0.28535650108429922 0.23671083269114443 65.98718614178749 62.89259261755938 -0.25178182904234164 0.30826254815007409 70.647362318645207
decision_type=8 10 8 2 10 2 2 10 2 10 10 2 2 8 8 10 2 2 10 2 8 8 2 10 2 10 10 2 8 10
left_child=-1 2 -2 4 -4 20 -7 8 9 10 11 -8 25 -14 15 -9 -3 19 -19 28 -5 -22 29 -24 -20 26 27 -13 -11 -23
right_child=1 16 3 5 -6 6 7 14 -10 17 -12 12 13 -15 -16 -17 -18 18 24 -21 21 22 23 -25 -26 -27 -28 -29 -30 -31
leaf_value=-0.0021124683385079692 -0.010264364042067231 0.0033764973164891166 0.021762219979515614 -0.01057905955837939 0.0010541953076169176 -0.0080324398224743514 0.017477958749553987 -0.0057579990779049696 -0.0083652723525255365 0.0074517193119576644 0.019062114920582355 0.010953859123003543 -0.014447739090947877 0.0075096246197464923 -0.013467069632405865 0.0094436649802479549 0.021077976536517048 -0.0087967915790421632 0.0052773111284507802 -0.015715713148005305 0.0076516520459345497 -0.0024497089727706328 0.0011733544959027446 0.016591615572432491 0.02007059199324894 -0.001359272990231366 0.020090293017513465 -0.0047602714903843711 -0.0070891583897173408 0.0024290267511753848
leaf_weight=7117 181 139 106 148 106 156 175 160 126 141 194 199 105 105 116 176 102 105 193 100 265 2190 178 107 110 129 191 117 124 756
leaf_count=7117 181 139 106 148 106 156 175 160 126 141 194 199 105 105 116 176 102 105 193 100 265 2190 178 107 110 129 191 117 124 756
internal_value=-0.000272696 0.00159783 0.00126727 0.00158458 0.0114082 0.00125743 0.00333842 0.00402971 0.00527986 0.00614469 0.00931108 0.00745828 0.00538565 -0.00346906 -0.0018172 0.00220478 0.0108684 0.00116777 0.00564368 -0.00383544 -0.000297028 0.000138252 -0.000477982 0.00696196 0.0106478 0.00830938 0.0107695 0.00513565 0.000647686 -0.00119773
internal_weight=14117 7000 6759 6578 212 6366 2722 2566 2114 1988 1215 1021 846 210 452 336 241 773 408 365 3644 3496 3231 285 303 636 507 316 265 2946
internal_count=14117 7000 6759 6578 212 6366 2722 2566 2114 1988 1215 1021 846 210 452 336 241 773 408 365 3644 3496 3231 285 303 636 507 316 265 2946
is_linear=0
shrinkage=0.02


Tree=142
num_leaves=31
num_cat=0
split_feature=0 3 9 12 10 0 5 9 1 4 4 10 9 9 3 5 5 5 8 9 3 4 0 3 3 8 1 4 7 10
split_gain=116.644 51.5037 50.4047 56.975 51.6188 90.0546 63.3875 75.756 67.8319 58.2165 54.9987 47.7985 78.3058 50.9603 66.3502 44.2598 42.7962 58.97 56.6621 45.519 35.0724 43.1507 44.5939 35.1471 36.7565 41.1027 38.8335 34.4771 49.5822 58.7157
threshold=0.1461110868400016 77.296120503667694 0.19262657152565413 61.705882352941181 0.38644744800458214 0.27039491609131677 0.58522661559527311 0.23843208018915954 0.34985291564635962 -0.55859985728992123 -0.07717644528348909 0.39586496333922766 0.28036723163841809 0.25976363944425623 69.047218397623126 0.41138246096565018 -0.11550315004616533 0.06346047009806835 6.5000000000000009 0.22490981947232938 58.74287515104124 -0.014000914259074694 0.16187735105002873 61.863429230123657 64.691484054932673 5.5000000000000009 0.26381228867245082 -0.36970926712495816 1.0000000180025095e-35 0.26010489906404605
decision_type=8 10 2 2 2 8 2 2 10 2 2 2 2 2 8 2 2 2 2 2 8 2 10 8 8 2 10 2 2 2
left_child=-1 2 3 -2 5 9 7 8 -7 -4 16 -6 13 14 -13 -3 -11 -18 19 -19 -5 23 -23 -22 -25 26 -26 -27 29 -29
right_child=1 15 4 20 11 6 -8 -9 -10 10 -12 12 -14 -15 -16 -17 17 18 -20 -21 21 22 -24 24 25 27 -28 28 -30 -31
leaf_value=-0.0020702189624901626 0.011837117263911576 0.0033089674516118689 -0.0086554130853348701 -0.0099146872625650861 -0.013780570157744863 0.00036183872902647982 -0.0007487354049180437 0.025812432564617623 0.021222119537516706 -0.0070229753910905071 -0.0045820531526699054 0.010145906310062855 -0.012621464474650566 0.016570765355358955 -0.011034685717387634 0.020656416958161429 0.019401233017913938 0.016625035965101308 0.00099174363131366542 0.0029387895506532754 0.0062664688383454389 -0.0042306015589453566 0.01159477146655585 -0.0070503704009949276 -0.0012126898472289869 0.0055144020324469261 -0.0092261776858094079 -0.0072788995509166336 0.0068778653371249559 0.00726854159246231
leaf_weight=7117 151 139 172 158 111 158 127 168 103 101 267 128 128 115 110 102 127 227 590 170 248 104 226 421 906 557 330 473 238 145
leaf_count=7117 151 139 172 158 111 158 127 168 103 101 267 128 128 115 110 102 127 227 590 170 248 104 226 421 906 557 330 473 238 145
internal_value=-0.000267242 0.00156587 0.00124193 -0.000211439 0.00329438 0.00469934 0.0116627 0.0153369 0.00859406 0.00235859 0.00363687 -0.00195049 0.000779524 0.00563881 0.000356557 0.010651 0.005443 0.00657322 0.0049226 0.0107644 -0.000689456 -0.000289898 0.00660738 -0.000975884 -0.00156093 -0.00068851 -0.00335221 0.00164152 -0.000878562 -0.00386566
internal_weight=14117 7000 6759 3957 2802 2210 556 429 261 1654 1482 592 481 353 238 241 1215 1114 987 397 3806 3648 330 3318 3070 2649 1236 1413 856 618
internal_count=14117 7000 6759 3957 2802 2210 556 429 261 1654 1482 592 481 353 238 241 1215 1114 987 397 3806 3648 330 3318 3070 2649 1236 1413 856 618
is_linear=0
shrinkage=0.02


Tree=143
num_leaves=31
num_cat=0
split_feature=0 3 9 10 0 5 9 1 4 4 1 5 5 5 8 9 3 4 0 3 3 1 4 10 1 4 1 4 5 3
split_gain=112.025 49.4642 48.4087 49.5747 86.4884 60.8773 72.756 65.1458 55.9111 52.8208 48.221 42.5071 41.1014 56.6347 54.4183 43.7165 32.3904 36.7483 47.9129 35.1197 45.3048 51.4345 31.7993 49.0687 31.1337 29.9898 29.8885 33.42 49.5374 28.7488
threshold=0.1461110868400016 77.296120503667694 0.19262657152565413 0.38644744800458214 0.27039491609131677 0.58522661559527311 0.23843208018915954 0.34985291564635962 -0.55859985728992123 -0.07717644528348909 0.40272334362237044 0.41138246096565018 -0.11550315004616533 0.06346047009806835 6.5000000000000009 0.22490981947232938 58.003619933904197 -0.014000914259074694 0.16187735105002873 61.863429230123657 65.415487688348648 0.36011339426229633 -0.38049895283735774 0.29484378291427688 0.44941457202550633 -0.29521169789295687 0.21761205484096766 -0.3142758355518061 0.31383564587906126 66.344798068921818
decision_type=8 10 2 2 8 2 2 10 2 2 10 2 2 2 2 2 8 2 10 8 8 8 2 2 10 2 10 2 2 10
left_child=26 2 16 4 8 6 7 -6 -4 12 -5 -3 -10 -14 15 25 -2 19 -19 -18 21 -21 -16 -24 -12 -15 -1 28 -28 -25
right_child=1 11 3 10 5 -7 -8 -9 9 -11 24 -13 13 14 22 -17 17 18 -20 20 -22 -23 23 29 -26 -27 27 -29 -30 -31
leaf_value=-0.0015682283407154249 -0.0097261967960799098 0.0032427881009501518 -0.0084823047970746489 0.0031920047954721292 0.00035460188183226163 -0.00073376032017816715 0.025296183435157653 0.020797677251320441 -0.0068825160793148646 -0.0044904123215974492 -0.016102065145969392 0.020243288953514661 0.019013208132677192 0.023789758451960307 -0.0064177583961072798 0.0028800138253718614 0.0063207787254208822 -0.004853988153808708 0.011026264170845191 -0.0026433811877227559 5.6520230389202671e-05 -0.016144374624906196 -0.0048002550225149584 0.0014413359717211941 -0.0022299350727651569 0.0092438636057906674 -0.0014781904414944028 -0.0022656660475184839 -0.017239786084524537 0.014865038580702324
leaf_weight=6319 138 139 172 329 158 127 168 103 101 267 115 102 127 110 167 170 278 109 251 447 2583 151 161 110 148 117 138 471 189 152
leaf_count=6319 138 139 172 329 158 127 168 103 101 267 115 102 127 110 167 170 278 109 251 447 2583 151 161 110 148 117 138 471 189 152
internal_value=-0.000261897 0.00153455 0.00121709 0.00322849 0.00460536 0.0114294 0.0150302 0.00842218 0.00231142 0.00356413 -0.00191148 0.010438 0.00533414 0.00644175 0.00482415 0.0105491 -0.00020721 0.000136759 0.00621808 -0.000496162 -0.00109192 -0.00605249 0.000971909 0.00388934 -0.0082957 0.0162925 -0.00202881 -0.00567599 -0.0105881 0.00922913
internal_weight=14117 7000 6759 2802 2210 556 429 261 1654 1482 592 241 1215 1114 987 397 3957 3819 360 3459 3181 598 590 423 263 227 7117 798 327 262
internal_count=14117 7000 6759 2802 2210 556 429 261 1654 1482 592 241 1215 1114 987 397 3957 3819 360 3459 3181 598 590 423 263 227 7117 798 327 262
is_linear=0
shrinkage=0.02


Tree=144
num_leaves=31
num_cat=0
split_feature=0 3 9 10 0 5 9 1 4 4 1 5 1 5 5 11 1 3 4 0 3 3 5 9 11 1 3 1 4 5
split_gain=107.589 47.5054 46.4917 47.6115 83.0635 58.4666 69.8749 62.566 53.697 50.7291 46.3114 40.8238 39.6522 53.9698 47.7648 46.5632 45.6605 31.1502 42.1161 47.1533 33.2237 43.5275 30.5666 30.5108 36.2374 29.9008 29.8528 28.7049 32.0966 47.5758
threshold=0.1461110868400016 77.296120503667694 0.19262657152565413 0.38644744800458214 0.27039491609131677 0.58522661559527311 0.23843208018915954 0.34985291564635962 -0.55859985728992123 -0.07717644528348909 0.40272334362237044 0.41138246096565018 0.31493061620803481 0.1615275254883598 0.19808223558997637 0.87775000000000014 0.19711157455683007 58.74287515104124 -0.014000914259074694 0.16187735105002873 61.863429230123657 64.564009855197909 0.52169990069774064 0.22755305155263364 0.80408333333333348 0.44941457202550633 67.089599262531166 0.21761205484096766 -0.3142758355518061 0.31383564587906126
decision_type=8 10 2 2 8 2 2 10 2 2 10 2 10 2 2 2 10 8 2 10 8 8 2 2 2 10 10 10 2 2
left_child=27 2 17 4 8 6 7 -6 -4 12 -5 -3 14 -14 -10 22 -16 -2 20 -20 -19 -22 -15 24 -18 -12 -21 -1 29 -29
right_child=1 11 3 10 5 -7 -8 -9 9 -11 25 -13 13 15 16 -17 23 18 19 26 21 -23 -24 -25 -26 -27 -28 28 -30 -31
leaf_value=-0.001536863755906124 -0.0087369597654948696 0.0031779322907221404 -0.0083126588453278812 0.0031281647931410729 0.00034751022128459019 -0.00071908546069006276 0.02479025996777983 0.02038172364090253 0.016033576269315005 -0.0044006038199035863 -0.015780024305633876 0.019838422936405621 -0.010881190764096875 0.017009716765939171 -0.0070069731082409046 -0.0056844043954570071 0.0038722274429559456 0.0063923165804432172 -0.0044303804910126717 0.019029807575177728 -0.0070439678443327157 -0.00015385564058536882 0.002643443003296852 0.00098386223301475447 0.018893547056536755 -0.0021853362069137999 0.0051064596369640152 -0.0014486266121916151 -0.0022203526848377443 -0.016894990457074037
leaf_weight=6319 164 139 172 329 158 127 168 103 216 267 115 102 120 117 104 117 118 258 106 114 423 2758 120 162 141 148 134 138 471 189
leaf_count=6319 164 139 172 329 158 127 168 103 216 267 115 102 120 117 104 117 118 258 106 114 423 2758 120 162 141 148 134 138 471 189
internal_value=-0.000256659 0.00150386 0.00119275 0.00316392 0.00451325 0.0112008 0.0147296 0.00825373 0.00226519 0.00349285 -0.00187325 0.0102293 0.00522745 0.000709983 0.00811717 0.00463919 0.00486014 -0.000203066 0.000165918 0.00673459 -0.00051024 -0.00107008 0.00973565 0.00779168 0.0120499 -0.00812978 0.0115067 -0.00198824 -0.00556247 -0.0103763
internal_weight=14117 7000 6759 2802 2210 556 429 261 1654 1482 592 241 1215 474 741 354 525 3957 3793 354 3439 3181 237 421 259 263 248 7117 798 327
internal_count=14117 7000 6759 2802 2210 556 429 261 1654 1482 592 241 1215 474 741 354 525 3957 3793 354 3439 3181 237 421 259 263 248 7117 798 327
is_linear=0
shrinkage=0.02


Tree=145
num_leaves=31
num_cat=0
split_feature=9 12 1 1 4 1 5 11 9 1 5 9 11 3 9 10 11 1 5 12 5 5 10 11 4 11 4 7 12 12
split_gain=91.0991 60.7734 56.3085 55.8607 48.9612 60.9774 52.6107 60.253 60.7684 67.2778 50.0405 35.6722 38.6197 53.9017 48.5297 44.1281 42.9616 56.3879 40.4662 44.7627 40.2391 38.9315 38.2985 34.6155 61.5178 33.6994 32.1861 44.2013 43.5061 56.6532
threshold=0.21464364415733392 63.718750000000007 0.41378362117153761 0.39562710119693489 -0.074273461398484938 0.28357767000363571 0.58927134111893753 0.91935661764705889 0.25080313841781737 0.33362123325606258 0.50070374787147875 0.21170562156011111 0.71643750000000017 60.176173335693093 0.15037799080352274 0.28443342756234918 0.80187500000000012 0.12158552473228898 0.04662462407585851 62.781250000000007 0.1436463568929624 0.10411059778105072 0.29006020586252695 0.84031250000000013 -0.31262796714996915 0.92459821428571443 -0.56371630519414373 1.0000000180025095e-35 69.406250000000014 71.031250000000014
decision_type=2 2 10 10 2 8 2 2 2 8 2 2 2 8 2 2 2 10 2 2 2 2 2 2 2 2 2 2 2 2
left_child=11 -2 3 4 5 10 7 8 9 -7 -3 12 18 -14 -15 16 20 -18 -1 -20 -16 -21 -23 -19 -25 -4 -17 28 -28 -30
right_child=1 2 25 -5 -6 6 -8 -9 -10 -11 -12 -13 13 14 15 26 17 23 19 21 -22 22 -24 24 -26 -27 27 -29 29 -31
leaf_value=0.0021508182248517428 -0.0069395993970459407 -0.0041983787806332117 -0.0051473105068185502 0.021514565610885619 -0.0033287368817642954 0.023832060283973437 0.0014324477976188064 0.0023874203611963562 0.028051272626580862 0.004340477091499738 0.010876190574182307 -0.010018590902361799 -0.0083184522792782017 -0.00295808697450282 0.00031749267535550254 -0.010391426762091179 -0.01132119047679697 -0.0028059844604661961 0.0047464588569654598 -0.0088473811188032707 0.011173479454172627 -0.0014011105863911092 -0.011019114157732794 -0.0012903513118173139 0.014961440099803644 0.0080481804503458685 -0.00052067456045188016 -0.010248528056565606 0.018753407182755755 0.0015775467078718874
leaf_weight=1372 179 250 280 100 192 119 180 140 145 175 136 153 208 591 175 102 108 178 420 315 622 6405 170 165 214 107 520 114 134 180
leaf_count=1372 179 250 280 100 192 119 180 140 145 175 136 153 208 591 175 102 108 178 420 315 622 6405 170 165 214 107 520 114 134 180
internal_value=0.000229248 0.0041811 0.00527244 0.00709605 0.00601762 0.00758487 0.0108763 0.0138122 0.0174557 0.0122299 0.00111287 -0.000422452 -0.00030003 0.00153778 0.00219846 0.00341165 0.00565811 0.00190479 -0.0010009 -0.00159245 0.00878979 -0.00197885 -0.00164979 0.00446925 0.00788612 -0.00149894 0.00028372 0.00143231 0.00302897 0.00890737
internal_weight=14149 2003 1824 1437 1337 1145 759 579 439 294 386 12146 11993 3311 3103 2512 1462 665 8682 7310 797 6890 6575 557 379 387 1050 948 834 314
internal_count=14149 2003 1824 1437 1337 1145 759 579 439 294 386 12146 11993 3311 3103 2512 1462 665 8682 7310 797 6890 6575 557 379 387 1050 948 834 314
is_linear=0
shrinkage=0.02


Tree=146
num_leaves=31
num_cat=0
split_feature=0 4 3 4 2 0 5 5 4 4 12 9 12 5 10 3 3 4 9 10 4 5 9 9 12 12 3 5 10 12
split_gain=92.8754 71.0021 52.4106 36.9059 38.1382 49.8706 38.0279 61.6694 54.9252 37.8765 33.172 30.8073 31.7118 48.049 30.8943 69.1082 50.9773 49.3086 67.474 47.2235 55.1843 36.5193 36.0813 29.0575 29.5608 29.6613 38.2133 44.9141 33.0056 35.9104
threshold=0.19509235860341859 -0.68945459098501283 77.296120503667694 -0.50740219383135299 0.96000457547511642 0.26737003982263091 0.37756358918938221 0.14836238403865765 -0.25273896143436958 -0.25028633660760097 69.343750000000014 0.16083071292792556 66.406250000000014 0.3005287096505756 0.25931889056889063 63.971988486318246 68.061504418661812 -0.17730354622041414 0.22755305155263364 0.30496645407580131 -0.34513430781043336 0.3005287096505756 0.22777977178312647 0.085920291850220279 61.441176470588239 65.424632352941188 68.409812281123976 0.5825240835560308 0.32018473505104528 64.968750000000014
decision_type=10 2 10 2 10 10 2 2 2 2 2 2 2 2 2 10 10 2 2 2 2 2 2 2 2 2 10 2 2 2
left_child=23 -2 3 10 5 11 7 -7 -8 -6 -3 12 -5 -14 15 -13 19 18 -18 -16 -21 -17 -22 -1 -25 26 28 -28 29 -26
right_child=1 2 -4 4 9 6 8 -9 -10 -11 -12 14 13 -15 16 21 17 -19 -20 20 22 -23 -24 24 25 -27 27 -29 -30 -31
leaf_value=-0.0028465355658007056 0.018499610978660399 -0.0077957119412259933 0.015119015254895203 -0.0093509086666052187 -0.01243855026054887 0.0037446261496023015 0.012865479074519228 0.023902006146094914 -0.0041964501469674243 0.0038854766828673227 0.0051909770137440851 -0.0068844731241464617 -0.0075707982675321684 0.0085883158616100758 -0.0020562738274224101 0.020179962929505021 -0.0058104429820048219 -0.011085495996632073 0.0134812162139199 -0.0013375681165767753 0.023345543096045484 0.0069804914742313227 0.0079288934432570971 0.0062826608107119366 0.001636301619401798 0.00021499945160224373 -0.0035446837590481181 -0.016760256537075701 -0.011171989772238036 -0.0081962247538912517
leaf_weight=2015 116 259 128 168 124 111 148 134 154 105 113 100 131 168 200 134 181 190 121 115 119 224 124 274 984 6722 354 145 113 175
leaf_count=2015 116 259 128 168 124 111 148 134 154 105 113 100 131 168 200 134 181 190 121 115 119 224 124 274 984 6722 354 145 113 175
internal_value=0.000224663 0.00312431 0.0025757 0.0020616 0.0028611 0.00357069 0.00891473 0.0147695 0.00416503 -0.00495373 -0.00385083 0.0020906 -0.00239805 0.00150857 0.00348065 0.00781506 0.00159002 -0.00310306 0.001919 0.00572801 0.0100768 0.0119211 0.0154786 -0.000680839 -0.000183077 -0.000391673 -0.00269436 -0.00738488 -0.000854287 0.000151666
internal_weight=14149 3367 3251 3123 2751 2522 547 245 302 229 372 1975 467 299 1508 458 1050 492 302 558 358 358 243 10782 8767 8493 1771 499 1272 1159
internal_count=14149 3367 3251 3123 2751 2522 547 245 302 229 372 1975 467 299 1508 458 1050 492 302 558 358 358 243 10782 8767 8493 1771 499 1272 1159
is_linear=0
shrinkage=0.02


end of trees

feature_importances:
wt_target_share=567
baseline_target_share=543
wt_snap_share=523
wt_air_yards_share=374
wt_team_total_plays=369
baseline_team_total_plays=368
baseline_snap_share=360
baseline_air_yards_share=351
def_deep_pass_epa_adj=333
def_short_pass_epa_adj=314
games_played_so_far=225
draft_tier_int=61
is_cold_start_int=22

parameters:
[boosting: gbdt]
[objective: regression]
[metric: rmse]
[tree_learner: serial]
[device_type: cpu]
[data_sample_strategy: bagging]
[data: ]
[valid: ]
[num_iterations: 147]
[learning_rate: 0.02]
[num_leaves: 31]
[num_threads: 1]
[seed: 42]
[deterministic: 0]
[force_col_wise: 0]
[force_row_wise: 0]
[histogram_pool_size: -1]
[max_depth: -1]
[min_data_in_leaf: 100]
[min_sum_hessian_in_leaf: 0.001]
[bagging_fraction: 0.8]
[pos_bagging_fraction: 1]
[neg_bagging_fraction: 1]
[bagging_freq: 5]
[bagging_seed: 400]
[bagging_by_query: 0]
[feature_fraction: 0.8]
[feature_fraction_bynode: 1]
[feature_fraction_seed: 30056]
[extra_trees: 0]
[extra_seed: 12879]
[early_stopping_round: 0]
[early_stopping_min_delta: 0]
[first_metric_only: 0]
[max_delta_step: 0]
[lambda_l1: 0]
[lambda_l2: 0]
[linear_lambda: 0]
[min_gain_to_split: 0]
[drop_rate: 0.1]
[max_drop: 50]
[skip_drop: 0.5]
[xgboost_dart_mode: 0]
[uniform_drop: 0]
[drop_seed: 17869]
[top_rate: 0.2]
[other_rate: 0.1]
[min_data_per_group: 100]
[max_cat_threshold: 32]
[cat_l2: 10]
[cat_smooth: 10]
[max_cat_to_onehot: 4]
[top_k: 20]
[monotone_constraints: ]
[monotone_constraints_method: basic]
[monotone_penalty: 0]
[feature_contri: ]
[forcedsplits_filename: ]
[refit_decay_rate: 0.9]
[cegb_tradeoff: 1]
[cegb_penalty_split: 0]
[cegb_penalty_feature_lazy: ]
[cegb_penalty_feature_coupled: ]
[path_smooth: 0]
[interaction_constraints: ]
[verbosity: -1]
[saved_feature_importance_type: 0]
[use_quantized_grad: 0]
[num_grad_quant_bins: 4]
[quant_train_renew_leaf: 0]
[stochastic_rounding: 1]
[linear_tree: 0]
[max_bin: 255]
[max_bin_by_feature: ]
[min_data_in_bin: 3]
[bin_construct_sample_cnt: 200000]
[data_random_seed: 175]
[is_enable_sparse: 1]
[enable_bundle: 1]
[use_missing: 1]
[zero_as_missing: 0]
[feature_pre_filter: 0]
[pre_partition: 0]
[two_round: 0]
[header: 0]
[label_column: ]
[weight_column: ]
[group_column: ]
[ignore_column: ]
[categorical_feature: ]
[forcedbins_filename: ]
[precise_float_parser: 0]
[parser_config_file: ]
[objective_seed: 16083]
[num_class: 1]
[is_unbalance: 0]
[scale_pos_weight: 1]
[sigmoid: 1]
[boost_from_average: 1]
[reg_sqrt: 0]
[alpha: 0.9]
[fair_c: 1]
[poisson_max_delta_step: 0.7]
[tweedie_variance_power: 1.5]
[lambdarank_truncation_level: 30]
[lambdarank_norm: 1]
[label_gain: ]
[lambdarank_position_bias_regularization: 0]
[eval_at: ]
[multi_error_top_k: 1]
[auc_mu_weights: ]
[num_machines: 1]
[local_listen_port: 12400]
[time_out: 120]
[machine_list_filename: ]
[machines: ]
[gpu_platform_id: -1]
[gpu_device_id: -1]
[gpu_use_dp: 0]
[num_gpu: 1]

end of parameters
