component,stratum,nominal,empirical,sharpness,delta
efficiency,low_opp_5_8,0.5,0.3879960642833716,0.3786523145179084,-0.11200393571662842
efficiency,low_opp_5_8,0.8,0.6730075434568711,0.7760186281004002,-0.12699245654312896
efficiency,low_opp_5_8,0.9,0.8117415546080682,1.0433326787293362,-0.08825844539193184
volume,low_opp_5_8,0.5,0.4155460806821909,7.589465760574885,-0.0844539193178091
volume,low_opp_5_8,0.8,0.7855034437520498,14.354249745964731,-0.01449655624795021
volume,low_opp_5_8,0.9,0.89996720236143,19.00248977557664,-3.279763857000351e-5
combined,low_opp_5_8,0.5,0.3578222367989505,2.4443035610892148,-0.14217776320104952
combined,low_opp_5_8,0.8,0.6490652673007543,5.094481447594091,-0.15093473269924573
combined,low_opp_5_8,0.9,0.7927189242374549,6.921540946345202,-0.10728107576254509
