position,player_id,player_name,posteam,defteam,game_id,season,week,report_status,practice_status,thresh_start,thresh_boom,pred_vol,pred_tot,lo_80_tot,hi_80_tot,lo_90_tot,hi_90_tot,pred_fp,lo_80_fp,hi_80_fp,lo_90_fp,hi_90_fp,p_start,p_boom,p_start_recal,p_boom_recal,recal_method_start,recal_method_boom,p_start_recal_preoverride,p_boom_recal_preoverride,override_flag_type,override_confidence,override_reason
QB,00-0034857,Josh Allen,BUF,LAC,2026_03_LAC_BUF,2026,3,NA,NA,20,25,6.073178502807356,8.927368683629183,-4.369218364818913,22.22395573207728,-7.839399573080733,25.6941369403391,NA,NA,NA,NA,NA,0.6455,0.414,0.6729041527150862,0.40339386542886296,platt_vol_vegas,platt,0.6729041527150862,0.40339386542886296,NA,NA,NA
QB,00-0033873,Patrick Mahomes,KC,MIA,2026_03_KC_MIA,2026,3,NA,Full Participation in Practice,20,25,2.717487083299503,7.385890119537413,-5.910696928910683,20.68247716798551,-9.380878137172504,24.15265837624733,NA,NA,NA,NA,NA,0.4965,0.2895,0.5574449481985582,0.3635299460486603,platt_vol_vegas,platt,0.4724449481985582,0.27852994604866027,role_change_up,0.85,Waiving a backup QB who started recent games suggests the starter is healthy and returning to full role.
QB,00-0034796,Lamar Jackson,BAL,DAL,2026_03_BAL_DAL,2026,3,NA,NA,20,25,3.195082987284453,7.687407101286743,-5.609179947161353,20.98399414973484,-9.079361155423173,24.45417535799666,NA,NA,NA,NA,NA,0.489,0.275,0.5444633276132543,0.2641204976207349,platt_vol_vegas,platt,0.5444633276132543,0.2641204976207349,NA,NA,NA
QB,00-0037834,Brock Purdy,SF,ARI,2026_03_ARI_SF,2026,3,NA,NA,20,25,3.320963980376249,8.75796350606963,-4.538623542378465,22.054550554517725,-8.008804750640286,25.524731762779545,NA,NA,NA,NA,NA,0.4895,0.277,0.5072038659465062,0.2661061456234884,platt_vol_vegas,platt,0.5072038659465062,0.2661061456234884,NA,NA,NA
QB,00-0033106,Jared Goff,DET,NYJ,2026_03_NYJ_DET,2026,3,NA,NA,20,25,1.4779160094291,8.734069227276825,-4.562517821171271,22.030656275724922,-8.032699029433092,25.500837483986743,NA,NA,NA,NA,NA,0.482,0.283,0.4472395059820523,0.2720666865185987,platt_vol_vegas,platt,0.4472395059820523,0.2720666865185987,NA,NA,NA
QB,00-0033077,Dak Prescott,DAL,BAL,2026_03_BAL_DAL,2026,3,NA,NA,20,25,3.0172866111088945,5.354066262939341,-7.942520785508755,18.650653311387437,-11.412701993770575,22.120834519649257,NA,NA,NA,NA,NA,0.391,0.192,0.43217256022935707,0.1822947596778548,platt_vol_vegas,platt,0.43217256022935707,0.1822947596778548,NA,NA,NA
QB,00-0040743,Tyler Shough,NO,LV,2026_03_LV_NO,2026,3,NA,NA,20,25,4.397775021344569,4.71497361775855,-8.581613430689547,18.011560666206645,-12.051794638951367,21.481741874468465,NA,NA,NA,NA,NA,0.5045,0.296,0.4111312138560121,0.2849993438555186,platt_vol_vegas,platt,0.4111312138560121,0.2849993438555186,NA,NA,NA
QB,00-0036389,Jalen Hurts,PHI,CHI,2026_03_PHI_CHI,2026,3,NA,NA,20,25,4.899180472190453,3.007520352840583,-10.289066695607513,16.30410740128868,-13.759247903869333,19.7742886095505,NA,NA,NA,NA,NA,0.424,0.2265,0.3696036343581765,0.21616235182307225,platt_vol_vegas,platt,0.3696036343581765,0.21616235182307225,NA,NA,NA
QB,00-0036355,Justin Herbert,LAC,BUF,2026_03_LAC_BUF,2026,3,NA,NA,20,25,4.248823615035765,1.540181830037572,-11.756405218410524,14.836768878485667,-15.226586426672345,18.306950086747488,NA,NA,NA,NA,NA,0.31,0.146,0.35120483268813957,0.13750674028782517,platt_vol_vegas,platt,0.35120483268813957,0.13750674028782517,NA,NA,NA
QB,00-0036971,Trevor Lawrence,JAX,NE,2026_03_NE_JAX,2026,3,NA,NA,20,25,2.7465401955844326,3.8890009981406632,-9.407586050307433,17.18558804658876,-12.877767258569254,20.65576925485058,NA,NA,NA,NA,NA,0.3525,0.169,0.3302680668874415,0.15984426767919035,platt_vol_vegas,platt,0.3302680668874415,0.15984426767919035,NA,NA,NA
QB,00-0039851,Drake Maye,NE,JAX,2026_03_NE_JAX,2026,3,NA,NA,20,25,4.370287989371777,3.374761065465517,-9.921825982982579,16.671348113913613,-13.3920071912444,20.141529322175433,NA,NA,NA,NA,NA,0.3735,0.1785,0.32921442775210463,0.1691041775229171,platt_vol_vegas,platt,0.32921442775210463,0.1691041775229171,NA,NA,NA
QB,00-0039163,C.J. Stroud,HOU,IND,2026_03_HOU_IND,2026,3,NA,NA,20,25,2.8419787880978284,2.2050838503114565,-11.091503198136639,15.501670898759553,-14.56168440639846,18.971852107021373,NA,NA,NA,NA,NA,0.3715,0.185,0.28265305868053725,0.17545063580117687,platt_vol_vegas,platt,0.28265305868053725,0.17545063580117687,NA,NA,NA
QB,00-0030565,Geno Smith,NYJ,DET,2026_03_NYJ_DET,2026,3,NA,NA,20,25,3.0764338488718983,0.41442362042601555,-12.88216342802208,13.711010668874112,-16.352344636283902,17.18119187713593,NA,NA,NA,NA,NA,0.275,0.124,0.2818909117192467,0.11625677021478496,platt_vol_vegas,platt,0.2818909117192467,0.11625677021478496,NA,NA,NA
QB,00-0039918,Caleb Williams,CHI,PHI,2026_03_PHI_CHI,2026,3,Out,Did Not Participate In Practice,20,25,4.87747665801864,0.2847497398835692,-13.011837308564527,13.581336788331665,-16.482018516826347,17.051517996593486,NA,NA,NA,NA,NA,0.3265,0.152,0.2731334940632346,0.14332243221860283,platt_vol_vegas,platt,0.2731334940632346,0.14332243221860283,NA,NA,NA
QB,00-0033537,Deshaun Watson,CLE,CAR,2026_03_CAR_CLE,2026,3,NA,NA,20,25,4.7482736819290174,0.5800949158474277,-12.716492132600669,13.876681964295523,-16.186673340862487,17.346863172557345,NA,NA,NA,NA,NA,0.303,0.138,0.26992118389767145,0.1297656825569432,platt_vol_vegas,platt,0.26992118389767145,0.1297656825569432,NA,NA,NA
QB,00-0033119,Jacoby Brissett,ARI,SF,2026_03_ARI_SF,2026,3,NA,Full Participation in Practice,20,25,2.588556829299428,1.2339644151997793,-12.062622633248317,14.530551463647875,-15.532803841510137,18.000732671909695,NA,NA,NA,NA,NA,0.247,0.1065,0.2540710072928321,0.09944333574197925,platt_vol_vegas,platt,0.2540710072928321,0.09944333574197925,NA,NA,NA
QB,00-0039732,Bo Nix,DEN,LA,2026_03_LA_DEN,2026,3,NA,NA,20,25,2.970614679080875,1.1312646692497823,-12.165322379198313,14.427851717697878,-15.635503587460134,17.898032925959697,NA,NA,NA,NA,NA,0.294,0.1285,0.24117753808405326,0.12059350171680891,platt_vol_vegas,platt,0.24117753808405326,0.12059350171680891,NA,NA,NA
QB,00-0034855,Baker Mayfield,TB,MIN,2026_03_MIN_TB,2026,3,NA,Full Participation in Practice,20,25,3.1686384900453453,1.2855239115691826,-12.011063136878914,14.582110960017278,-15.481244345140734,18.0522921682791,NA,NA,NA,NA,NA,0.3045,0.1395,0.2410388731349411,0.13121595977655293,platt_vol_vegas,platt,0.2410388731349411,0.13121595977655293,NA,NA,NA
QB,00-0036442,Joe Burrow,CIN,PIT,2026_03_CIN_PIT,2026,3,NA,NA,20,25,1.7755734803470848,1.7671881433059449,-11.529398905142152,15.06377519175404,-14.999580113403972,18.53395640001586,NA,NA,NA,NA,NA,0.278,0.132,0.2402035205500937,0.12397010021562813,platt_vol_vegas,platt,0.2402035205500937,0.12397010021562813,NA,NA,NA
QB,00-0031503,Jameis Winston,NYG,TEN,2026_03_TEN_NYG,2026,3,NA,NA,20,25,2.632868255410564,-3.2847601759538603,-16.581347224401956,10.011826872494236,-20.051528432663776,13.482008080756057,NA,NA,NA,NA,NA,0.1415,0.052,0.22953074191588577,0.14271023478347494,platt_vol_vegas,platt,0.13453074191588577,0.047710234783474956,role_change_up,0.95,"Dart's season-ending surgery creates immediate QB1 opportunity for Jameis Winston, directly impacting passing volume and touchdown distribution for Giants receivers and pass-catchers."
QB,00-0034869,Sam Darnold,SEA,WAS,2026_03_SEA_WAS,2026,3,NA,Full Participation in Practice,20,25,1.5662714985125028,2.0224337058102932,-11.274153342637803,15.31902075425839,-14.744334550899623,18.78920196252021,NA,NA,NA,NA,NA,0.2275,0.0965,0.22921684924462649,0.08987493161579076,platt_vol_vegas,platt,0.22921684924462649,0.08987493161579076,NA,NA,NA
QB,00-0039150,Bryce Young,CAR,CLE,2026_03_CAR_CLE,2026,3,NA,NA,20,25,2.0716995695401628,0.19137899965884536,-13.105208048789251,13.48796604810694,-16.57538925705107,16.95814725636876,NA,NA,NA,NA,NA,0.268,0.127,0.2250361885219925,0.1191473433906277,platt_vol_vegas,platt,0.2250361885219925,0.1191473433906277,NA,NA,NA
QB,00-0035710,Daniel Jones,IND,HOU,2026_03_HOU_IND,2026,3,NA,NA,20,25,2.6665655551562346,1.9413916095622512,-11.355195438885845,15.237978658010347,-14.825376647147666,18.70815986627217,NA,NA,NA,NA,NA,0.2855,0.119,0.22441025225474096,0.11144440201211454,platt_vol_vegas,platt,0.22441025225474096,0.11144440201211454,NA,NA,NA
QB,00-0026498,Matthew Stafford,LA,DEN,2026_03_LA_DEN,2026,3,NA,NA,20,25,1.0970701203605595,2.304995025136497,-10.991592023311599,15.601582073584593,-14.461773231573419,19.071763281846412,NA,NA,NA,NA,NA,0.2345,0.1045,0.21344805926643873,0.09752727695984213,platt_vol_vegas,platt,0.21344805926643873,0.09752727695984213,NA,NA,NA
QB,00-0035228,Kyler Murray,MIN,TB,2026_03_MIN_TB,2026,3,NA,NA,20,25,2.4041130837860547,-0.8638397139455525,-14.160426762393648,12.432747334502544,-17.63060797065547,15.902928542764364,NA,NA,NA,NA,NA,0.186,0.0615,0.19314856919911833,0.05664672978583869,platt_vol_vegas,platt,0.19314856919911833,0.05664672978583869,NA,NA,NA
QB,00-0038128,Malik Willis,MIA,KC,2026_03_KC_MIA,2026,3,NA,NA,20,25,3.4255818430690814,-3.0829018220339606,-16.379488870482056,10.213685226414135,-19.849670078743877,13.683866434675956,NA,NA,NA,NA,NA,0.1745,0.0635,0.18668491083345348,0.058533119340422095,platt_vol_vegas,platt,0.18668491083345348,0.058533119340422095,NA,NA,NA
QB,00-0029604,Kirk Cousins,LV,NO,2026_03_LV_NO,2026,3,NA,NA,20,25,1.164680266596693,0.27026671307068484,-13.026320335377411,13.56685376151878,-16.49650154363923,17.037034969780603,NA,NA,NA,NA,NA,0.235,0.103,0.18333060698763956,0.09609100207602975,platt_vol_vegas,platt,0.18333060698763956,0.09609100207602975,NA,NA,NA
QB,00-0023459,Aaron Rodgers,PIT,CIN,2026_03_CIN_PIT,2026,3,NA,NA,20,25,1.1133873418194717,-0.8856028641397653,-14.18218991258786,12.410984184308331,-17.652371120849683,15.881165392570152,NA,NA,NA,NA,NA,0.21,0.0855,0.1628965334715383,0.0793855607173039,platt_vol_vegas,platt,0.1628965334715383,0.0793855607173039,NA,NA,NA
QB,00-0040676,Cam Ward,TEN,NYG,2026_03_TEN_NYG,2026,3,NA,NA,20,25,2.6641455225082065,-2.064123487997639,-15.360710536445735,11.232463560450457,-18.830891744707557,14.702644768712277,NA,NA,NA,NA,NA,0.19,0.058,0.13438985206461498,0.053349647608688947,platt_vol_vegas,platt,0.13438985206461498,0.053349647608688947,NA,NA,NA
QB,00-0036825,Feleipe Franks,CAR,CLE,2026_03_CAR_CLE,2026,3,NA,NA,20,25,2.368927336057654,-6.251348768322828,-19.547935816770924,7.045238280125268,-23.018117025032744,10.515419488387089,NA,NA,NA,NA,NA,0.081,0.021,0.13130531803113013,0.01889491273565537,platt_vol_vegas,platt,0.13130531803113013,0.01889491273565537,NA,NA,NA
QB,00-0039910,Jayden Daniels,WAS,SEA,2026_03_SEA_WAS,2026,3,Out,Did Not Participate In Practice,20,25,5.687168408671858,-4.57456880839344,-17.871155856841536,8.722018240054656,-21.341337065103357,12.192199448316476,NA,NA,NA,NA,NA,0.2035,0.074,0.09273802681973026,0,platt_vol_vegas,platt,0.18773802681973026,0.06846301605117991,role_change_down,0.95,Starting QB change due to injury means Daniels loses snaps/touches and Mariota takes over the offense in Week 3.
QB,00-0032950,Carson Wentz,MIN,TB,2026_03_MIN_TB,2026,3,NA,NA,20,25,2.4920299252241223,2.2279511085954105,-11.068635939852685,15.524538157043507,-14.538817148114505,18.994719365305325,NA,NA,NA,NA,NA,0.252,0.111,0.08773802681973025,0,platt_vol_vegas,platt,0.22529739106557556,0.10375868220919378,NA,NA,NA
QB,00-0035704,Drew Lock,SEA,WAS,2026_03_SEA_WAS,2026,3,NA,NA,20,25,1.7593870021940345,3.96110690269855,-9.335480145749546,17.257693951146646,-12.805661354011367,20.727875159408466,NA,NA,NA,NA,NA,0.2875,0.1565,0.08773802681973025,0,platt_vol_vegas,platt,0.2605929238044705,0.14768961760966004,NA,NA,NA
QB,00-0038102,Kenny Pickett,CAR,CLE,2026_03_CAR_CLE,2026,3,NA,NA,20,25,1.1594193297520947,-5.007760940274251,-18.30434798872235,8.288826108173845,-21.77452919698417,11.759007316435666,NA,NA,NA,NA,NA,0.076,0.0155,0.08773802681973025,0,platt_vol_vegas,platt,0.11490902454984478,0.013860894523125226,NA,NA,NA
QB,00-0038416,Tyson Bagent,CHI,PHI,2026_03_PHI_CHI,2026,3,Questionable,Full Participation in Practice,20,25,1.6999954417752878,-4.749309001258871,-18.04589604970697,8.547278047189225,-21.51607725796879,12.017459255451046,NA,NA,NA,NA,NA,0.101,0.0295,0.08773802681973025,0,platt_vol_vegas,platt,0.12007863570910182,0.02673127810418369,role_change_up,0.85,"Caleb Williams ruled out creates a starting opportunity for either Bagent or Keenum, materially increasing one backup QB's snap share and volume."
QB,00-0039107,Stetson Bennett,LA,DEN,2026_03_LA_DEN,2026,3,NA,NA,20,25,1.7639918020683463,-3.222424038879643,-16.51901108732774,10.074163009568453,-19.98919229558956,13.544344217830274,NA,NA,NA,NA,NA,0.1255,0.0475,0.08773802681973025,0,platt_vol_vegas,platt,0.16771661912829655,0.04349190612099697,role_change_up,0.85,"Bennett elevated to backup QB role over rookie Simpson, increasing his opportunity to play if starter is injured."
QB,00-0040691,Jaxson Dart,NYG,TEN,2026_03_TEN_NYG,2026,3,NA,Did Not Participate In Practice,20,25,4.8481817789191375,1.0653069505700017,-12.231280097878095,14.361893999018097,-15.701461306139915,17.832075207279917,NA,NA,NA,NA,NA,0.289,0.122,0.08773802681973025,0,platt_vol_vegas,platt,0.22948786880625135,0.11433102777429287,role_change_down,0.92,"Dart is sidelined with a sprained MCL, reducing his opportunity; Winston becomes short-term starter, which negatively impacts New York's offensive weapons."
QB,00-0026158,Joe Flacco,CIN,PIT,2026_03_CIN_PIT,2026,3,NA,NA,20,25,1.575456773100536,-3.3150513511827584,-16.611638399630856,9.981535697265338,-20.081819607892676,13.451716905527158,NA,NA,NA,NA,NA,0.1375,0.045,0.08773802681973025,0,platt_vol_vegas,platt,0.16887094354407367,0.04115282080697391,NA,NA,NA
QB,00-0027973,Andy Dalton,PHI,CHI,2026_03_PHI_CHI,2026,3,NA,NA,20,25,2.4496209513755285,-3.204603871744583,-16.501190920192677,10.091983176703513,-19.971372128454497,13.562164384965333,NA,NA,NA,NA,NA,0.1565,0.0495,0.08773802681973025,0,platt_vol_vegas,platt,0.1923208686237706,0.04536548192828363,NA,NA,NA
QB,00-0028986,Case Keenum,CHI,PHI,2026_03_PHI_CHI,2026,3,NA,NA,20,25,2.3175711710318003,-3.8749689601022075,-17.171556008550304,9.421618088345888,-20.641737216812125,12.891799296607708,NA,NA,NA,NA,NA,0.1005,0.0215,0.08773802681973025,0,platt_vol_vegas,platt,0.12635411200386118,0.019354122278833884,NA,NA,NA
QB,00-0033869,Mitchell Trubisky,TEN,NYG,2026_03_TEN_NYG,2026,3,NA,NA,20,25,2.58549368409346,-4.168633764638082,-17.465220813086177,9.127953283810013,-20.935402021347997,12.598134492071834,NA,NA,NA,NA,NA,0.1135,0.038,0.08773802681973025,0,platt_vol_vegas,platt,0.10335808142802295,0.03462157084051211,NA,NA,NA
QB,00-0033949,Joshua Dobbs,DET,NYJ,2026_03_NYJ_DET,2026,3,NA,NA,20,25,2.3780409954795876,3.5833667417599315,-9.713220306688164,16.879953790208027,-13.183401514949985,20.350134998469848,NA,NA,NA,NA,NA,0.2775,0.1195,0.08773802681973025,0,platt_vol_vegas,platt,0.3665222122135367,0.11192533928183732,NA,NA,NA
QB,00-0034577,Kyle Allen,BUF,LAC,2026_03_LAC_BUF,2026,3,NA,NA,20,25,2.3603208898734,1.0915324869564633,-12.205054561491632,14.38811953540456,-15.675235769753453,17.85830074366638,NA,NA,NA,NA,NA,0.281,0.1065,0.08773802681973025,0,platt_vol_vegas,platt,0.40589498597792245,0.09944333574197925,NA,NA,NA
QB,00-0035264,Jarrett Stidham,DEN,LA,2026_03_LA_DEN,2026,3,NA,NA,20,25,2.451515125310913,-2.7862617953822295,-16.082848843830327,10.510325253065867,-19.553030052092147,13.980506461327687,NA,NA,NA,NA,NA,0.148,0.0425,0.08773802681973025,0,platt_vol_vegas,platt,0.16574104053686978,0.038817064304422305,NA,NA,NA
QB,00-0035289,Gardner Minshew,ARI,SF,2026_03_ARI_SF,2026,3,NA,NA,20,25,2.38670674283861,-1.4972362146736775,-14.793823263121773,11.799350833774419,-18.264004471383593,15.26953204203624,NA,NA,NA,NA,NA,0.1375,0.0425,0.08773802681973025,0,platt_vol_vegas,platt,0.1911585942647592,0.038817064304422305,NA,NA,NA
QB,00-0035993,Tyler Huntley,BAL,DAL,2026_03_BAL_DAL,2026,3,NA,NA,20,25,2.359473646451113,3.7924653574559946,-9.5041216909921,17.08905240590409,-12.974302899253921,20.559233614165912,NA,NA,NA,NA,NA,0.307,0.1425,0.08773802681973025,0,platt_vol_vegas,platt,0.432221615073296,0.13411814457100063,NA,NA,NA
QB,00-0036879,Sam Ehlinger,DEN,LA,2026_03_LA_DEN,2026,3,NA,NA,20,25,2.3947606045524577,-1.9338222238169016,-15.230409272264998,11.362764824631194,-18.700590480526817,14.832946032893014,NA,NA,NA,NA,NA,0.1505,0.06,0.08773802681973025,0,platt_vol_vegas,platt,0.16627399177875604,0.055233046833983585,NA,NA,NA
QB,00-0036898,Davis Mills,HOU,IND,2026_03_HOU_IND,2026,3,NA,NA,20,25,1.8947995998532852,-2.1509133810331273,-15.447500429481224,11.145673667414968,-18.917681637743044,14.615854875676789,NA,NA,NA,NA,NA,0.1885,0.069,0.08773802681973025,0,platt_vol_vegas,platt,0.18665321391436215,0.0637291176666275,NA,NA,NA
QB,00-0036945,Justin Fields,KC,MIA,2026_03_KC_MIA,2026,3,NA,NA,20,25,5.334027184088416,4.499552411465082,-8.797034636983014,17.796139459913178,-12.267215845244834,21.266320668175,NA,NA,NA,NA,NA,0.445,0.227,0.08773802681973025,0,platt_vol_vegas,platt,0.5119765855217304,0.2166547710362318,NA,NA,NA
QB,00-0036972,Mac Jones,SF,ARI,2026_03_ARI_SF,2026,3,NA,NA,20,25,2.722974756215185,6.091382201499322,-7.2052048469487735,19.387969249947417,-10.675386055210595,22.858150458209238,NA,NA,NA,NA,NA,0.402,0.208,0.08773802681973025,0,platt_vol_vegas,platt,0.4501377079425946,0.1979741108885929,NA,NA,NA
QB,00-0037012,Trey Lance,LAC,BUF,2026_03_LAC_BUF,2026,3,Questionable,Limited Participation in Practice,20,25,2.527631120591575,-3.7523818431014213,-17.048968891549517,9.544205205346675,-20.519150099811338,13.014386413608495,NA,NA,NA,NA,NA,0.1265,0.0365,0.08773802681973025,0,platt_vol_vegas,platt,0.20992807960475723,0.03322574579039934,NA,NA,NA
QB,00-0037013,Zach Wilson,NO,LV,2026_03_LV_NO,2026,3,NA,NA,20,25,2.499376120531166,0.38865773747593574,-12.90792931097216,13.685244785924032,-16.37811051923398,17.15542599418585,NA,NA,NA,NA,NA,0.2065,0.0815,0.08773802681973025,0,platt_vol_vegas,platt,0.2315698676707084,0.07558114986136244,NA,NA,NA
QB,00-0037077,Sam Howell,DAL,BAL,2026_03_BAL_DAL,2026,3,NA,NA,20,25,2.451515125310913,-1.471721951691089,-14.768309000139185,11.824865096757007,-18.238490208401004,15.295046305018827,NA,NA,NA,NA,NA,0.16,0.0555,0.08773802681973025,0,platt_vol_vegas,platt,0.28685544702756854,0.050997888104340076,NA,NA,NA
QB,00-0038400,Tanner McKee,PHI,CHI,2026_03_PHI_CHI,2026,3,NA,NA,20,25,2.3928664306170733,-2.0711119382751164,-15.367698986723212,11.22547511017298,-18.837880194985033,14.6956563184348,NA,NA,NA,NA,NA,0.1575,0.0535,0.08773802681973025,0,platt_vol_vegas,platt,0.19201615650956633,0.04911852810601867,NA,NA,NA
QB,00-0038476,Tommy DeVito,NE,JAX,2026_03_NE_JAX,2026,3,NA,NA,20,25,2.3603208898734,-4.87375139124908,-18.170338439697176,8.422835657199016,-21.640519647958996,11.893016865460837,NA,NA,NA,NA,NA,0.1145,0.0345,0.08773802681973025,0,platt_vol_vegas,platt,0.16225526742594562,0.031366840108263565,NA,NA,NA
QB,00-0038579,Aidan O'Connell,LV,NO,2026_03_LV_NO,2026,3,Questionable,Did Not Participate In Practice,20,25,2.4496209513755285,-2.827775719710166,-16.124362768158264,10.46881132873793,-19.594543976420084,13.93899253699975,NA,NA,NA,NA,NA,0.1415,0.0465,0.08773802681973025,0,platt_vol_vegas,platt,0.15898530525263352,0.042555881292912406,NA,NA,NA
QB,00-0038998,Jake Haener,NYG,TEN,2026_03_TEN_NYG,2026,3,NA,NA,20,25,2.4496209513755285,-2.5975463201789437,-15.89413336862704,10.699040728269152,-19.36431457688886,14.169221936530972,NA,NA,NA,NA,NA,0.1385,0.0445,0.08773802681973025,0,platt_vol_vegas,platt,0.13108050596106977,0.04068539873148206,NA,NA,NA
QB,00-0039164,Anthony Richardson,IND,HOU,2026_03_HOU_IND,2026,3,NA,NA,20,25,2.527631120591575,-4.066851115115233,-17.36343816356333,9.229735933332863,-20.83361937182515,12.699917141594684,NA,NA,NA,NA,NA,0.1175,0.035,0.08773802681973025,0,platt_vol_vegas,platt,0.1442727168940152,0.03183132631204705,NA,NA,NA
QB,00-0039376,Spencer Rattler,NO,LV,2026_03_LV_NO,2026,3,NA,NA,20,25,2.7341790310870735,1.7066489463259655,-11.58993810212213,15.003235994774062,-15.06011931038395,18.473417203035883,NA,NA,NA,NA,NA,0.2945,0.14,0.08773802681973025,0,platt_vol_vegas,platt,0.27887991212111257,0.13169950675868133,NA,NA,NA
QB,00-0039923,J.J. McCarthy,MIN,TB,2026_03_MIN_TB,2026,3,NA,NA,20,25,2.7118592070144922,-0.058835811028543183,-13.35542285947664,13.237751237419552,-16.82560406773846,16.707932445681372,NA,NA,NA,NA,NA,0.2235,0.0935,0.08773802681973025,0,platt_vol_vegas,platt,0.21604929641868673,0.08701035173960686,NA,NA,NA
QB,00-0040014,Kyle McCord,MIA,KC,2026_03_KC_MIA,2026,3,NA,NA,20,25,2.368816670918668,-4.626114734176067,-17.922701782624163,8.670472314272029,-21.392882990885983,12.14065352253385,NA,NA,NA,NA,NA,0.107,0.025,0.08773802681973025,0,platt_vol_vegas,platt,0.13615814976920604,0.02257503433461274,NA,NA,NA
QB,00-0040203,Will Howard,PIT,CIN,2026_03_CIN_PIT,2026,3,NA,NA,20,25,2.36118765487733,-1.7851577669135978,-15.081744815361693,11.511429281534499,-18.551926023623516,14.981610489796319,NA,NA,NA,NA,NA,0.1425,0.0455,0.08773802681973025,0,platt_vol_vegas,platt,0.14942414429798498,0.04162037598801674,NA,NA,NA
QB,00-0040206,Riley Leonard,IND,HOU,2026_03_HOU_IND,2026,3,NA,NA,20,25,2.3928664306170733,-3.4707241590283138,-16.76731120747641,9.825862889419781,-20.23749241573823,13.296044097681602,NA,NA,NA,NA,NA,0.145,0.0455,0.08773802681973025,0,platt_vol_vegas,platt,0.15741338592436319,0.04162037598801674,NA,NA,NA
QB,00-0040234,Quinn Ewers,JAX,NE,2026_03_NE_JAX,2026,3,NA,NA,20,25,2.383645055351765,-0.5680159259277219,-13.864602974375817,12.728571122520375,-17.334784182637637,16.198752330782195,NA,NA,NA,NA,NA,0.1965,0.073,0.08773802681973025,0,platt_vol_vegas,platt,0.24489999003203586,0.06751547910925741,NA,NA,NA
QB,00-0040398,Brady Cook,MIA,KC,2026_03_KC_MIA,2026,3,NA,NA,20,25,2.3252526726979976,-5.042080407670778,-18.338667456118873,8.254506640777318,-21.808848664380694,11.724687849039139,NA,NA,NA,NA,NA,0.1105,0.031,0.08773802681973025,0,platt_vol_vegas,platt,0.13769615520806278,0.02812011314917865,NA,NA,NA
QB,00-0040464,DJ Uiagalelei,LAC,BUF,2026_03_LAC_BUF,2026,3,NA,NA,20,25,2.3603208898734,-4.353512993017318,-17.650100041465414,8.943074055430777,-21.120281249727235,12.413255263692598,NA,NA,NA,NA,NA,0.1235,0.04,0.08773802681973025,0,platt_vol_vegas,platt,0.2050615636770913,0.03648478341234495,NA,NA,NA
QB,00-0040589,Kurtis Rourke,SF,ARI,2026_03_ARI_SF,2026,3,NA,NA,20,25,2.3947606045524577,4.568494578635339,-8.728092469812758,17.865081627083434,-12.198273678074578,21.335262835345254,NA,NA,NA,NA,NA,0.3225,0.156,0.08773802681973025,0,platt_vol_vegas,platt,0.4018557756896206,0.14720414882077448,NA,NA,NA
QB,00-0040668,Shedeur Sanders,CLE,CAR,2026_03_CAR_CLE,2026,3,NA,NA,20,25,2.4290817351333245,-0.7679098241761801,-14.064496872624275,12.528677224271917,-17.534678080886096,15.998858432533737,NA,NA,NA,NA,NA,0.1825,0.0745,0.08773802681973025,0,platt_vol_vegas,platt,0.1761906877574875,0.06893692401370446,NA,NA,NA
QB,00-0040673,Jalen Milroe,SEA,WAS,2026_03_SEA_WAS,2026,3,NA,NA,20,25,2.4496209513755285,0.7361843543659691,-12.560402694082127,14.032771402814065,-16.03058390234395,17.502952611075884,NA,NA,NA,NA,NA,0.2115,0.0865,0.08773802681973025,0,platt_vol_vegas,platt,0.23674506825904712,0.08033751049557732,NA,NA,NA
QB,00-0040891,Cole Payton,PHI,CHI,2026_03_PHI_CHI,2026,3,NA,NA,20,25,2.4496209513755285,-3.1721354192884443,-16.46872246773654,10.124451629159651,-19.93890367599836,13.594632837421472,NA,NA,NA,NA,NA,0.152,0.0405,0.08773802681973025,0,platt_vol_vegas,platt,0.18976711855275394,0.03695095393465202,NA,NA,NA
QB,00-0040906,Garrett Nussmeier,KC,MIA,2026_03_KC_MIA,2026,3,NA,NA,20,25,2.3501167117754735,4.286626983013322,-9.009960065434774,17.583214031461416,-12.480141273696594,21.053395239723237,NA,NA,NA,NA,NA,0.3085,0.136,0.08773802681973025,0,platt_vol_vegas,platt,0.3713578833230559,0.12783283371997334,NA,NA,NA
QB,00-0040981,Joe Fagnano,BAL,DAL,2026_03_BAL_DAL,2026,3,NA,NA,20,25,2.359473646451113,3.7924653574559946,-9.5041216909921,17.08905240590409,-12.974302899253921,20.559233614165912,NA,NA,NA,NA,NA,0.3,0.137,0.08773802681973025,0,platt_vol_vegas,platt,0.42833298932831987,0.1287991356320276,NA,NA,NA
QB,00-0041056,Cade Klubnik,NYJ,DET,2026_03_NYJ_DET,2026,3,NA,NA,20,25,2.3780409954795876,-3.6493951449011743,-16.94598219334927,9.647191903546922,-20.41616340161109,13.117373111808742,NA,NA,NA,NA,NA,0.1235,0.0325,0.08773802681973025,0,platt_vol_vegas,platt,0.1857048748942701,0.02951054563355397,NA,NA,NA
QB,00-0041092,Taylen Green,CLE,CAR,2026_03_CAR_CLE,2026,3,NA,NA,20,25,2.4126506764723996,-0.7119888423657049,-14.0085758908138,12.584598206082392,-17.478757099075622,16.05477941434421,NA,NA,NA,NA,NA,0.1765,0.0635,0.08773802681973025,0,platt_vol_vegas,platt,0.173144343245105,0.058533119340422095,NA,NA,NA
QB,00-0041123,Behren Morton,NE,JAX,2026_03_NE_JAX,2026,3,NA,NA,20,25,2.3928664306170733,-3.783276256403039,-17.079863304851134,9.513310792045058,-20.550044513112955,12.983492000306878,NA,NA,NA,NA,NA,0.12,0.0345,0.08773802681973025,0,platt_vol_vegas,platt,0.16618875368666922,0.031366840108263565,NA,NA,NA
QB,00-0041149,Haynes King,CAR,CLE,2026_03_CAR_CLE,2026,3,NA,NA,20,25,2.368927336057654,-4.320953404426201,-17.617540452874298,8.975633644021894,-21.08772166113612,12.445814852283714,NA,NA,NA,NA,NA,0.096,0.0235,0.08773802681973025,0,platt_vol_vegas,platt,0.1418269351607246,0.021193303667846324,NA,NA,NA
QB,00-0041251,Jalon Daniels,TB,MIN,2026_03_MIN_TB,2026,3,NA,NA,20,25,2.3603208898734,-3.8304807526786075,-17.127067801126703,9.466106295769489,-20.597249009388523,12.93628750403131,NA,NA,NA,NA,NA,0.1185,0.0365,0.08773802681973025,0,platt_vol_vegas,platt,0.14281547734249794,0.03322574579039934,NA,NA,NA
QB,00-0041561,Carson Beck,ARI,SF,2026_03_ARI_SF,2026,3,NA,NA,20,25,2.443461263597065,-1.7762711402451092,-15.072858188693205,11.520315908202987,-18.543039396955024,14.990497116464807,NA,NA,NA,NA,NA,0.1485,0.052,0.08773802681973025,0,platt_vol_vegas,platt,0.19878542260181464,0.047710234783474956,NA,NA,NA
QB,00-0041562,Fernando Mendoza,LV,NO,2026_03_LV_NO,2026,3,NA,NA,20,25,2.527631120591575,-2.48401851586116,-15.780605564309255,10.812568532586937,-19.250786772571075,14.282749740848757,NA,NA,NA,NA,NA,0.1515,0.051,0.08773802681973025,0,platt_vol_vegas,platt,0.1652322158743636,0.046771968934738846,NA,NA,NA
QB,00-0041565,Drew Allar,PIT,CIN,2026_03_CIN_PIT,2026,3,NA,NA,20,25,2.389111938581444,-2.140943461847132,-15.437530510295229,11.155643586600963,-18.90771171855705,14.625824794862783,NA,NA,NA,NA,NA,0.1375,0.044,0.08773802681973025,0,platt_vol_vegas,platt,0.14725774905069844,0.04021811088410216,NA,NA,NA
QB,00-0041568,Ty Simpson,LA,DEN,2026_03_LA_DEN,2026,3,NA,NA,20,25,2.5362998172462086,-3.453691988634693,-16.750279037082787,9.842895059813403,-20.220460245344608,13.313076268075223,NA,NA,NA,NA,NA,0.1425,0.046,0.08773802681973025,0,platt_vol_vegas,platt,0.1891290888418198,0.04208806317547994,NA,NA,NA
QB,00-0041117,Athan Kaliakmanis,WAS,SEA,2026_03_SEA_WAS,2026,3,NA,NA,20,25,2.3121529989405896,-7.0522464413494,-20.348833489797496,6.244340607098696,-23.819014698059316,9.714521815360516,NA,NA,NA,NA,NA,0.0695,0.0175,0.08425843112084996,0.015687556128205687,platt_vol_vegas,platt,0.08425843112084996,0.015687556128205687,NA,NA,NA
QB,00-0034771,Mason Rudolph,PIT,CIN,2026_03_CIN_PIT,2026,3,NA,NA,20,25,1.776359253711503,-4.192152686424508,-17.488739734872603,9.10443436202359,-20.958920943134423,12.57461557028541,NA,NA,NA,NA,NA,0.0905,0.0265,0.054830748744428726,0,platt_vol_vegas,platt,0.11483074874442872,0.023958663943615108,role_change_down,0.6,Mason Rudolph listed as Steelers' QB2 on Week 1 depth chart
QB,00-0032268,Marcus Mariota,WAS,SEA,2026_03_SEA_WAS,2026,3,NA,NA,20,25,2.5156240367436986,-5.693714671009019,-18.990301719457115,7.602872377439077,-22.460482927718935,11.073053585700897,NA,NA,NA,NA,NA,0.1075,0.0255,0.030559046021131075,0,platt_vol_vegas,platt,0.10555904602113109,0.023036037749141286,role_change_down,0.75,Jayden Daniels avoiding IR and targeting Week 4 return reduces Mariota's starting opportunity window from potentially multiple weeks to just one confirmed week.
RB,00-0039139,Jahmyr Gibbs,DET,NYJ,2026_03_NYJ_DET,2026,3,NA,NA,15,20,21.562677268933676,NA,NA,NA,NA,NA,21.41765351305093,11.37714777382715,33.46581168919009,9.993563292389613,39.560086385392935,0.6944246079875933,0.44594697828110785,0.7021276595744681,0.5158419994397914,strat_iso,platt_vol_vegas,0.7021276595744681,0.5158419994397914,NA,NA,NA
RB,00-0036223,Jonathan Taylor,IND,HOU,2026_03_HOU_IND,2026,3,NA,Full Participation in Practice,15,20,24.75097947677631,NA,NA,NA,NA,NA,20.265551851235603,9.194617668241749,33.550178109977004,7.6690398608642045,40.26989082237296,0.6056569760238382,0.40061323734790033,0.6534653465346535,0.461541487315206,strat_iso,platt_vol_vegas,0.6534653465346535,0.461541487315206,NA,NA,NA
RB,00-0039040,De'Von Achane,MIA,KC,2026_03_KC_MIA,2026,3,NA,NA,15,20,22.377157720601843,NA,NA,NA,NA,NA,19.750175941978647,9.442442680981868,32.11899520182809,8.022034172773076,38.37546869223192,0.5976335775098846,0.3819613928596973,0.6534653465346535,0.3417263061315895,strat_iso,platt_vol_vegas,0.6534653465346535,0.3417263061315895,NA,NA,NA
RB,00-0032764,Derrick Henry,BAL,DAL,2026_03_BAL_DAL,2026,3,NA,NA,15,20,19.196708654526567,NA,NA,NA,NA,NA,18.653711872879924,9.406813488641,29.74957668940749,8.132588321288832,35.362156404518814,0.561971832389809,0.33502254783917385,0.548922056384743,0.410718328859892,strat_iso,platt_vol_vegas,0.548922056384743,0.410718328859892,NA,NA,NA
RB,00-0033280,Christian McCaffrey,SF,ARI,2026_03_ARI_SF,2026,3,NA,Full Participation in Practice,15,20,16.66273077000329,NA,NA,NA,NA,NA,16.725839182060678,8.361332271053707,26.76287366484881,7.2087008939572605,31.839869200524333,0.47114028154860366,0.2537502784041119,0.548922056384743,0.29058654972703,strat_iso,platt_vol_vegas,0.548922056384743,0.29058654972703,NA,NA,NA
RB,00-0037248,James Cook,BUF,LAC,2026_03_LAC_BUF,2026,3,NA,NA,15,20,20.804514265429486,NA,NA,NA,NA,NA,17.70095353277075,7.911854807137912,29.44743452799845,6.562914282047128,35.38911298640524,0.4980548248414185,0.3004965767594223,0.548922056384743,0.3979159401010527,strat_iso,platt_vol_vegas,0.548922056384743,0.3979159401010527,NA,NA,NA
RB,00-0036275,D'Andre Swift,CHI,PHI,2026_03_PHI_CHI,2026,3,NA,NA,15,20,17.857225453145677,NA,NA,NA,NA,NA,15.83408094830825,7.049080487467393,26.375688899009816,5.838504982335447,31.707910940921792,0.4280583680292567,0.22909863092998106,0.5240274599542334,0.2156229931007979,strat_iso,platt_vol_vegas,0.5240274599542334,0.2156229931007979,NA,NA,NA
RB,00-0036555,Chuba Hubbard,CAR,CLE,2026_03_CAR_CLE,2026,3,NA,NA,15,20,17.09491551118682,NA,NA,NA,NA,NA,14.649169434525122,6.1315383104718695,24.869946129836606,4.95780637425961,30.03988330024457,0.3754045694674961,0.19103668961385434,0.5211702127659574,0.29093457824147395,strat_iso,platt_vol_vegas,0.43617021276595747,0.20593457824147393,role_change_up,0.85,"Impact note explicitly states Hubbard has out-touched Jonathon Brooks by a solid margin and appears to be the back to own in Carolina moving forward, indicating a shift in backfield opportunity."
RB,00-0033293,Aaron Jones,MIN,TB,2026_03_MIN_TB,2026,3,NA,Full Participation in Practice,15,20,17.652812094264128,NA,NA,NA,NA,NA,15.456835717165914,6.7431980944050824,25.912811451381856,5.542456408194543,31.20171847016095,0.411613849693404,0.21504820052708307,0.5185185185185185,0.23132936647697477,strat_iso,platt_vol_vegas,0.5185185185185185,0.23132936647697477,NA,NA,NA
RB,00-0040122,Ashton Jeanty,LV,NO,2026_03_LV_NO,2026,3,NA,NA,15,20,21.11926567978609,NA,NA,NA,NA,NA,15.551778988487772,5.657989714313535,27.423883963336948,4.2946228025369475,33.42910632854267,0.4129066998991572,0.23642828243749414,0.5185185185185185,0.26242661751029023,strat_iso,platt_vol_vegas,0.5185185185185185,0.26242661751029023,NA,NA,NA
RB,00-0037840,Kyren Williams,LA,DEN,2026_03_LA_DEN,2026,3,NA,NA,15,20,15.845806042945046,NA,NA,NA,NA,NA,13.932947564799836,5.86108715366611,23.618819326133362,4.74878254558787,28.51818753850159,0.34020520121683795,0.17138457625961656,0.4676530612244898,0.2681426753372825,strat_iso,platt_vol_vegas,0.3826530612244898,0.18314267533728246,role_change_up,0.85,"Ronnie Rivers' IR placement removes a backup RB, increasing snap and carry share for the Rams' lead back Kyren Williams."
RB,00-0038134,Kenneth Walker III,KC,MIA,2026_03_KC_MIA,2026,3,NA,NA,15,20,20.08297508679169,NA,NA,NA,NA,NA,18.12448744351763,8.577143923121408,29.580872996519037,7.261517332503608,35.37581356460291,0.5251388104360254,0.31535464408061753,0.463922056384743,0.29528651781624027,strat_iso,platt_vol_vegas,0.548922056384743,0.3802865178162403,role_change_down,0.85,"Chiefs HC Reid explicitly stated Emmett Johnson will take some of Kenneth Walker's workload, directly reducing Walker's opportunity share."
RB,00-0040734,TreVeyon Henderson,NE,JAX,2026_03_NE_JAX,2026,3,NA,NA,15,20,16.42406754866859,NA,NA,NA,NA,NA,13.679062550512253,5.399610370938754,23.614035156682327,4.258699559473227,28.639405115815187,0.32962669344344997,0.1695027356208384,0.4576530612244898,0.2460101099857343,strat_iso,platt_vol_vegas,0.3826530612244898,0.1710101099857343,role_change_up,0.75,Henderson returning from injury to make season debut implies increased snap/carry share in Patriots backfield after missing time.
RB,00-0037228,Jaylen Warren,PIT,CIN,2026_03_CIN_PIT,2026,3,Questionable,Limited Participation in Practice,15,20,16.545728463399183,NA,NA,NA,NA,NA,12.73895455628345,4.416100195129287,22.72600784070368,3.269208550979112,27.77772157412808,0.28941977116627626,0.1521513954155178,0.4503719008264463,0.24175263506797617,strat_iso,platt_vol_vegas,0.35537190082644626,0.14675263506797617,role_change_up,0.95,"Dowdle's injury likely rules him out, giving Warren a clear lead role in the backfield."
RB,00-0038120,Breece Hall,NYJ,DET,2026_03_NYJ_DET,2026,3,NA,NA,15,20,18.7020815356189,NA,NA,NA,NA,NA,12.527663426073842,3.4501992388001614,23.42021477826966,2.199322150880901,28.929953205695355,0.2892134526221044,0.15999291477811728,0.42737190082644627,0.24427838781348793,strat_iso,platt_vol_vegas,0.35537190082644626,0.17227838781348795,role_change_up,0.72,"Richardson's waiver removes a backup RB, increasing Breece Hall's snap and carry share in the Jets backfield."
RB,00-0036997,Javonte Williams,DAL,BAL,2026_03_BAL_DAL,2026,3,NA,NA,15,20,18.90840582409718,NA,NA,NA,NA,NA,14.29400229322697,5.145704951868565,25.271550264785667,3.8850670356296657,30.824282213633733,0.3614866194131058,0.1917506623200984,0.4106280193236715,0.24147069848688116,strat_iso,platt_vol_vegas,0.4106280193236715,0.24147069848688116,NA,NA,NA
RB,00-0040666,Omarion Hampton,LAC,BUF,2026_03_LAC_BUF,2026,3,NA,NA,15,20,18.54910260682432,NA,NA,NA,NA,NA,13.528732133829111,4.5039342611181805,24.358086262211046,3.260314605983293,29.83585787476524,0.3282803168261291,0.17688993012328547,0.3826530612244898,0.1882268488195696,strat_iso,platt_vol_vegas,0.3826530612244898,0.1882268488195696,NA,NA,NA
RB,00-0040784,Quinshon Judkins,CLE,CAR,2026_03_CAR_CLE,2026,3,NA,Full Participation in Practice,15,20,19.54357818852403,NA,NA,NA,NA,NA,13.91762386240847,4.55266455876523,25.15515650607017,3.2621705639063023,30.8393955272387,0.34663233335007704,0.1876490247166649,0.3826530612244898,0.21512764743867754,strat_iso,platt_vol_vegas,0.3826530612244898,0.21512764743867754,NA,NA,NA
RB,00-0038597,Chase Brown,CIN,PIT,2026_03_CIN_PIT,2026,3,NA,NA,15,20,20.588942154568016,NA,NA,NA,NA,NA,13.245128353047745,3.527998298504686,24.905250159252837,2.188975076292431,30.80324587273291,0.32148427956570413,0.18037745907549685,0.3764705882352941,0.23793216552441038,strat_iso,platt_vol_vegas,0.3764705882352941,0.23793216552441038,NA,NA,NA
RB,00-0041512,Jadarian Price,SEA,WAS,2026_03_SEA_WAS,2026,3,NA,Full Participation in Practice,15,20,14.541919283884235,NA,NA,NA,NA,NA,12.826995894421893,5.231540631241527,21.94120276879199,4.184884784959241,26.551407873870623,0.28512351256093527,0.14069379751685474,0.35537190082644626,0.14684059853880002,strat_iso,platt_vol_vegas,0.35537190082644626,0.14684059853880002,NA,NA,NA
RB,00-0040719,Bhayshul Tuten,JAX,NE,2026_03_NE_JAX,2026,3,NA,NA,15,20,15.00008339268659,NA,NA,NA,NA,NA,10.388390330284206,2.6241679192463323,19.70511023986724,1.5542559130835798,24.417751754570183,0.19649014601651438,0.09687129013300988,0.3291113490364026,0.20417352243506479,strat_iso,platt_vol_vegas,0.24411134903640258,0.11917352243506478,role_change_up,0.85,"Tuten is clearly gaining opportunity share in the Jaguars backfield committee, outproducing Rodriguez in both games and scoring, suggesting increased role going forward."
RB,00-0035261,Tony Pollard,TEN,NYG,2026_03_TEN_NYG,2026,3,NA,Limited Participation in Practice,15,20,17.038709101609808,NA,NA,NA,NA,NA,12.027461547136024,3.5296801002214426,22.224419516964616,2.3586834550357416,27.382308550729277,0.2661495791828048,0.1416794776374789,0.30030959752321984,0.13394009778846844,strat_iso,platt_vol_vegas,0.30030959752321984,0.13394009778846844,NA,NA,NA
RB,00-0037263,Tyler Allgeier,ARI,SF,2026_03_ARI_SF,2026,3,NA,NA,15,20,14.379305089659573,NA,NA,NA,NA,NA,11.99038325737752,4.4551990323406425,21.032267579492494,3.4168485518657477,25.60589003901406,0.2513755944200198,0.12181270574634129,0.29375,0.1066797752188637,strat_iso,platt_vol_vegas,0.29375,0.1066797752188637,NA,NA,NA
RB,00-0040715,Cam Skattebo,NYG,TEN,2026_03_TEN_NYG,2026,3,NA,NA,15,20,17.64160268532962,NA,NA,NA,NA,NA,11.579333161018097,2.869615807110529,22.030604747807224,1.6694143350375352,27.317132285323595,0.2533611974723232,0.13712209377718287,0.29375,0.15133722853997644,strat_iso,platt_vol_vegas,0.29375,0.15133722853997644,NA,NA,NA
RB,00-0041027,Jeremiyah Love,ARI,SF,2026_03_ARI_SF,2026,3,NA,NA,15,20,15.577059407614563,NA,NA,NA,NA,NA,11.911433088160253,3.936800372238716,21.480635960351904,2.837893767583351,26.320989985776635,0.25498208459144744,0.1295630154715901,0.29375,0.11959259687244882,strat_iso,platt_vol_vegas,0.29375,0.11959259687244882,NA,NA,NA
RB,00-0039361,Bucky Irving,TB,MIN,2026_03_MIN_TB,2026,3,NA,NA,15,20,19.221624500287295,NA,NA,NA,NA,NA,12.389537362915394,3.1341379761762145,23.49560300253285,1.8587413683168155,29.113342561757133,0.2863282410007455,0.1601364888271023,0.28337190082644625,0.11621904360750442,strat_iso,platt_vol_vegas,0.35537190082644626,0.1882190436075044,role_change_down,0.72,"OC explicitly stated Irving is on a pitch count for durability, and coach plans to use hot-hand approach, which could reduce Irving's snap share and increase Kenneth Gainwell's opportunity despite Irving being the lead back."
RB,00-0029892,Kyle Juszczyk,SF,ARI,2026_03_ARI_SF,2026,3,NA,NA,15,20,8.20792696142228,NA,NA,NA,NA,NA,13.215063562163074,8.150011477919135,19.292899705710965,7.452045892972958,22.367228783714527,0.2653750405089963,0.08849992508368332,0.2631578947368421,0.0845796703023132,strat_iso,platt_vol_vegas,0.2631578947368421,0.0845796703023132,NA,NA,NA
RB,00-0034975,Justice Hill,BAL,DAL,2026_03_BAL_DAL,2026,3,NA,NA,15,20,8.642666551949345,NA,NA,NA,NA,NA,12.062891979514612,6.809216536817782,18.36706772361441,6.085258600652431,21.55588531349059,0.20382858281532645,0.07439595978192981,0.2608695652173913,0.08107465270410753,strat_iso,platt_vol_vegas,0.2608695652173913,0.08107465270410753,NA,NA,NA
RB,00-0033906,Alvin Kamara,NO,LV,2026_03_LV_NO,2026,3,NA,NA,15,20,14.652452781273292,NA,NA,NA,NA,NA,10.27149043379113,2.635179399990575,19.434722407058103,1.582893617161723,24.069725694175695,0.19246853110122542,0.09390207991315758,0.24411134903640258,0.11016042716022127,strat_iso,platt_vol_vegas,0.24411134903640258,0.11016042716022127,NA,NA,NA
RB,00-0035685,David Montgomery,HOU,IND,2026_03_HOU_IND,2026,3,NA,NA,15,20,15.21042565507463,NA,NA,NA,NA,NA,10.849518538740556,3.008320222068842,20.258606095025392,1.9278009147157196,25.017969590284455,0.21268595485464836,0.10525130745543698,0.24411134903640258,0.11899102406592629,strat_iso,platt_vol_vegas,0.24411134903640258,0.11899102406592629,NA,NA,NA
RB,00-0036875,Rhamondre Stevenson,NE,JAX,2026_03_NE_JAX,2026,3,NA,NA,15,20,15.129758136352388,NA,NA,NA,NA,NA,10.47334367422189,2.6616291604840496,19.847051984619373,1.5851727293696918,24.588519728525412,0.19879670081967626,0.09838712373845415,0.24411134903640258,0.105290801882884,strat_iso,platt_vol_vegas,0.24411134903640258,0.105290801882884,NA,NA,NA
RB,00-0037525,Jordan Mason,MIN,TB,2026_03_MIN_TB,2026,3,NA,NA,15,20,14.6828560948406,NA,NA,NA,NA,NA,11.021584666180205,3.3740516324661707,20.198282537831364,2.320219454930294,24.840097229861193,0.2153946994744722,0.10412832837933073,0.24411134903640258,0.11464936414236342,strat_iso,platt_vol_vegas,0.24411134903640258,0.11464936414236342,NA,NA,NA
RB,00-0040583,Woody Marks,HOU,IND,2026_03_HOU_IND,2026,3,NA,NA,15,20,14.100021847220871,NA,NA,NA,NA,NA,10.269983391212472,2.8387783633220938,19.187097323589505,1.8147562451130774,23.69760764448384,0.18971497485109834,0.09098879485271505,0.24411134903640258,0.10018656243453619,strat_iso,platt_vol_vegas,0.24411134903640258,0.10018656243453619,NA,NA,NA
RB,00-0036973,Travis Etienne,NO,LV,2026_03_LV_NO,2026,3,NA,Full Participation in Practice,15,20,15.745748763948976,NA,NA,NA,NA,NA,11.355380937946089,3.319662844562611,20.99788353318212,2.212338657915442,25.87531448280202,0.2352503759053879,0.1197727143063575,0.20875,0.05540557317917684,strat_iso,platt_vol_vegas,0.29375,0.14040557317917685,role_change_down,0.85,"Kamara's return as offensive focal point is explicitly noted to have cut into Etienne's volume, signaling a reduced role for the backup RB."
RB,00-0038551,Kendre Miller,NO,LV,2026_03_LV_NO,2026,3,NA,Full Participation in Practice,15,20,12.308619403151893,NA,NA,NA,NA,NA,7.925798864538502,1.1765805563175649,16.024559211348148,0.2465363976245678,20.12112480507686,0.12417100532892178,0.0514783701408601,0.20148221343873518,0.13612682616972147,strat_iso,platt_vol_vegas,0.12648221343873517,0.06112682616972146,role_change_up,0.75,"Kendre Miller saw more touches than CJ Donaldson in the Saints backfield with Kamara and Estime out, suggesting Miller has claimed a larger role in the committee."
RB,00-0037256,Rachaad White,WAS,SEA,2026_03_SEA_WAS,2026,3,NA,NA,15,20,10.83177347201058,NA,NA,NA,NA,NA,10.616353621852987,4.451429352546586,18.01398723410815,3.601901074809711,21.755904519376823,0.17784393660451003,0.07346263139339737,0.2,0.04728823168819799,strat_iso,platt_vol_vegas,0.2,0.04728823168819799,NA,NA,NA
RB,00-0041052,Kaelon Black,SF,ARI,2026_03_ARI_SF,2026,3,NA,NA,15,20,13.265751818231731,NA,NA,NA,NA,NA,10.497924880302227,3.3809741469696677,19.037947703257082,2.400256357891875,23.357715441532783,0.19033953656249425,0.08886453676411155,0.2,0.11275355767134972,strat_iso,platt_vol_vegas,0.2,0.11275355767134972,NA,NA,NA
RB,00-0034844,Saquon Barkley,PHI,CHI,2026_03_PHI_CHI,2026,3,NA,Full Participation in Practice,15,20,15.383300822066534,NA,NA,NA,NA,NA,11.12260327660586,3.2183724837343277,20.607326987404548,2.129167283642163,25.404949235232507,0.22423257381032746,0.1122341582901879,0.19874235807860263,0.05652469001777409,strat_iso,platt_vol_vegas,0.27074235807860264,0.12852469001777408,role_change_down,0.72,"Barkley's shoulder injury caused him to miss snaps in Week 2, with Bigsby receiving increased opportunity, and there is explicit uncertainty about Barkley's availability for Week 3."
RB,00-0036158,J.K. Dobbins,DEN,LA,2026_03_LA_DEN,2026,3,NA,Full Participation in Practice,15,20,15.010613051481585,NA,NA,NA,NA,NA,9.172622630519074,1.4045393822395127,18.493975372251036,0.3340953516318077,23.208960295076963,0.17161716020229556,0.08402938023769624,0.1794871794871795,0.0906869465626562,strat_iso,platt_vol_vegas,0.1794871794871795,0.0906869465626562,NA,NA,NA
RB,00-0040242,Jacory Croskey-Merritt,WAS,SEA,2026_03_SEA_WAS,2026,3,NA,NA,15,20,14.453942586241698,NA,NA,NA,NA,NA,8.701672024939072,1.1387997503683307,17.776780769113742,0.09663384897228866,22.36720901352742,0.15846096163385304,0.07578418491137728,0.1794871794871795,0.060005648192996364,strat_iso,platt_vol_vegas,0.1794871794871795,0.060005648192996364,NA,NA,NA
RB,00-0038951,Sean Tucker,TB,MIN,2026_03_MIN_TB,2026,3,NA,NA,15,20,9.268990076642261,NA,NA,NA,NA,NA,5.692098178264665,0.17146159369326242,12.316615362101166,-0.5892836620193069,15.66747006186514,0.05995969866900164,0.022279781154457945,0.15089147286821708,0.10883026995174741,strat_iso,platt_vol_vegas,0.06589147286821706,0.023830269951747408,role_change_up,0.85,Tucker's return from injury after missing Week 1 directly increases his snap/carry opportunity in the RB rotation.
RB,00-0035594,Travis Homer,PIT,CIN,2026_03_CIN_PIT,2026,3,NA,NA,15,20,10.81258157570933,NA,NA,NA,NA,NA,9.535035621291186,3.377851791871217,16.92338105160345,2.5293901489020048,20.660600130610153,0.14973868978756477,0.05883812423950452,0.14106583072100312,0.050828823471309965,strat_iso,platt_vol_vegas,0.14106583072100312,0.050828823471309965,NA,NA,NA
RB,00-0036139,Rico Dowdle,PIT,CIN,2026_03_CIN_PIT,2026,3,Out,Did Not Participate In Practice,15,20,13.50954892541692,NA,NA,NA,NA,NA,8.683481949941932,1.4741163079443753,17.33439853326582,0.480663718767536,21.71025924674184,0.15155717075286423,0.06954197538183604,0.14106583072100312,0.067740894375949,strat_iso,platt_vol_vegas,0.14106583072100312,0.067740894375949,NA,NA,NA
RB,00-0040236,Kyle Monangai,CHI,PHI,2026_03_PHI_CHI,2026,3,NA,Full Participation in Practice,15,20,12.298173497866998,NA,NA,NA,NA,NA,8.198363025738411,1.4532030842936603,16.29225351378534,0.523718169670369,20.386355805107343,0.13050468870316478,0.054718443478150025,0.14106583072100312,0.052471660752813926,strat_iso,platt_vol_vegas,0.14106583072100312,0.052471660752813926,NA,NA,NA
RB,00-0036924,Michael Carter,TEN,NYG,2026_03_TEN_NYG,2026,3,NA,NA,15,20,10.981898504515678,NA,NA,NA,NA,NA,8.71036025403658,2.485025059852237,16.18048427637666,1.6271721398770849,19.95906911409935,0.13019316179670049,0.04976776234076907,0.14106583072100312,0.04207650759929707,strat_iso,platt_vol_vegas,0.14106583072100312,0.04207650759929707,NA,NA,NA
RB,00-0039032,Tyjae Spears,TEN,NYG,2026_03_TEN_NYG,2026,3,Questionable,Limited Participation in Practice,15,20,10.298686335794885,NA,NA,NA,NA,NA,8.761832950685315,2.813432584611671,15.899647555530102,1.993741360919076,19.510141566028906,0.12408148921091755,0.047091194790008783,0.12648221343873517,0.03869942491686822,strat_iso,platt_vol_vegas,0.12648221343873517,0.03869942491686822,NA,NA,NA
RB,00-0039299,George Holani,SEA,WAS,2026_03_SEA_WAS,2026,3,NA,Full Participation in Practice,15,20,10.151393881880848,NA,NA,NA,NA,NA,8.699855161954478,2.811851928381821,15.765195906950307,2.000483446334126,19.339030736538923,0.12069263161968857,0.046034869678592716,0.12648221343873517,0.04875076469933092,strat_iso,platt_vol_vegas,0.12648221343873517,0.04875076469933092,NA,NA,NA
RB,00-0041496,Jonah Coleman,DEN,LA,2026_03_LA_DEN,2026,3,Out,Did Not Participate In Practice,15,20,12.641500127517496,NA,NA,NA,NA,NA,7.505336513536988,0.6273097860073706,15.758661207059454,-0.3204842086662767,19.933409505010342,0.11756285623681217,0.049658026364499674,0.12648221343873517,0.052900167699193236,strat_iso,platt_vol_vegas,0.12648221343873517,0.052900167699193236,NA,NA,NA
RB,00-0040730,RJ Harvey,DEN,LA,2026_03_LA_DEN,2026,3,NA,Full Participation in Practice,15,20,11.02684644850777,NA,NA,NA,NA,NA,10.718024130285508,4.474648636975724,18.20979570535384,3.61430975876712,21.999330443542462,0.1818594955660886,0.07637962944889287,0.125,0,strat_iso,platt_vol_vegas,0.2,0.06702724877493337,role_change_down,0.75,"RJ Harvey's return from hamstring injury is noted but explicitly subordinated to Dobbins remaining the primary rusher and goal-line threat, clarifying Harvey's limited opportunity in the committee."
RB,00-0035537,Ty Johnson,BUF,LAC,2026_03_LAC_BUF,2026,3,NA,Full Participation in Practice,15,20,9.855535848016933,NA,NA,NA,NA,NA,8.798632131587329,3.0327238581994704,15.717464380794024,2.2381800955992723,19.21719136704151,0.1198127036521226,0.045204519618023076,0.11583011583011583,0.0578928208015174,strat_iso,platt_vol_vegas,0.11583011583011583,0.0578928208015174,NA,NA,NA
RB,00-0036919,Kenny Gainwell,TB,MIN,2026_03_MIN_TB,2026,3,NA,NA,15,20,10.456595023105782,NA,NA,NA,NA,NA,8.079491036061901,2.0666193932221626,15.294668291799967,1.2380440096726035,18.94429436206072,0.10780301784787216,0.043798380034850704,0.10303030303030303,0.04299444239642028,strat_iso,platt_vol_vegas,0.10303030303030303,0.04299444239642028,NA,NA,NA
RB,00-0038555,Tank Bigsby,PHI,CHI,2026_03_PHI_CHI,2026,3,NA,Full Participation in Practice,15,20,10.615896582279474,NA,NA,NA,NA,NA,7.821347406531073,1.7437227900812244,15.114225336786188,0.9062244287713028,18.803154448031655,0.10299253819781184,0.04304417769357094,0.10303030303030303,0.047223080698440396,strat_iso,platt_vol_vegas,0.10303030303030303,0.047223080698440396,NA,NA,NA
RB,00-0038797,Emanuel Wilson,SEA,WAS,2026_03_SEA_WAS,2026,3,NA,NA,15,20,10.833724331906149,NA,NA,NA,NA,NA,7.756874927761151,1.5911640652535013,15.155452416704904,0.7415273947548755,18.89784713958151,0.10401444443434782,0.043686024119277356,0.10303030303030303,0.04877164952970611,strat_iso,platt_vol_vegas,0.10303030303030303,0.04877164952970611,NA,NA,NA
RB,00-0035125,Alec Ingold,LAC,BUF,2026_03_LAC_BUF,2026,3,NA,NA,15,20,10.078397830360046,NA,NA,NA,NA,NA,8.319545084225533,2.461568403914912,15.348855307195763,1.6543375892520498,18.9044649528632,0.10948219372087087,0.04339423866860026,0.10303030303030303,0.039786779025819605,strat_iso,platt_vol_vegas,0.10303030303030303,0.039786779025819605,NA,NA,NA
RB,00-0033526,Samaje Perine,CIN,PIT,2026_03_CIN_PIT,2026,3,NA,NA,15,20,8.673173023745457,NA,NA,NA,NA,NA,8.627678184082912,3.3608719285813784,14.947610316731378,2.6351045627620726,18.14439790157541,0.09918058860843615,0.03755537674074905,0.09239130434782608,0.03788039203297576,strat_iso,platt_vol_vegas,0.09239130434782608,0.03788039203297576,NA,NA,NA
RB,00-0037085,Tyler Badie,DEN,LA,2026_03_LA_DEN,2026,3,NA,NA,15,20,8.241352661331494,NA,NA,NA,NA,NA,8.368316835416303,3.2886604484155555,14.463677489605017,2.588682386490496,17.546870925147743,0.09130248358386606,0.032941913761387775,0.09239130434782608,0.02966373336581285,strat_iso,platt_vol_vegas,0.09239130434782608,0.02966373336581285,NA,NA,NA
RB,00-0037304,Connor Heyward,LV,NO,2026_03_LV_NO,2026,3,NA,NA,15,20,7.994148561495497,NA,NA,NA,NA,NA,7.7695198501690985,2.798285749200158,13.734778606519466,2.1132483084242466,16.75216308667393,0.07903446839801198,0.026923271542386384,0.09239130434782608,0.023999701938467642,strat_iso,platt_vol_vegas,0.09239130434782608,0.023999701938467642,NA,NA,NA
RB,00-0038454,Keaton Mitchell,LAC,BUF,2026_03_LAC_BUF,2026,3,NA,NA,15,20,9.591349763415721,NA,NA,NA,NA,NA,7.471532895862885,1.8155551573212962,14.258453416057627,1.036159852976069,17.69145598679719,0.08919973742136433,0.03558300629513467,0.09239130434782608,0.033164144902902565,strat_iso,platt_vol_vegas,0.09239130434782608,0.033164144902902565,NA,NA,NA
RB,00-0038488,Brady Russell,SEA,WAS,2026_03_SEA_WAS,2026,3,NA,Full Participation in Practice,15,20,8.231603015522252,NA,NA,NA,NA,NA,8.349958578986147,3.274560204522362,14.440209808421395,2.5751688979083314,17.520818762790153,0.09091429324736688,0.03274629447465249,0.09239130434782608,0.033478472363936695,strat_iso,platt_vol_vegas,0.09239130434782608,0.033478472363936695,NA,NA,NA
RB,00-0038794,Jaleel McLaughlin,CLE,CAR,2026_03_CAR_CLE,2026,3,NA,NA,15,20,8.244020217430208,NA,NA,NA,NA,NA,7.814951759072689,2.7341306126279363,13.911710072541023,2.0339920465277697,16.99561048083902,0.08235530037658378,0.029113456620430633,0.09239130434782608,0.02749559762574194,strat_iso,platt_vol_vegas,0.09239130434782608,0.02749559762574194,NA,NA,NA
RB,00-0039746,Will Shipley,PHI,CHI,2026_03_PHI_CHI,2026,3,NA,Limited Participation in Practice,15,20,9.697062275382683,NA,NA,NA,NA,NA,7.9996991109179865,2.2996286776035024,14.839528894334478,1.5141573876638228,18.299294359396395,0.0976808961866632,0.039461151259074456,0.09239130434782608,0.04183212920421608,strat_iso,platt_vol_vegas,0.09239130434782608,0.04183212920421608,NA,NA,NA
RB,00-0040466,Raheim Sanders,CLE,CAR,2026_03_CAR_CLE,2026,3,NA,NA,15,20,8.588648219557083,NA,NA,NA,NA,NA,8.06345943456288,2.833068151815578,14.33969522729404,2.1123187793626723,17.51438005628265,0.08960046731762783,0.03321409399894859,0.09239130434782608,0.031069444496077892,strat_iso,platt_vol_vegas,0.09239130434782608,0.031069444496077892,NA,NA,NA
RB,00-0041013,Emmett Johnson,KC,MIA,2026_03_KC_MIA,2026,3,NA,NA,15,20,8.614296246539755,NA,NA,NA,NA,NA,7.525520885822906,2.2840689237982437,13.815028999384339,1.561795386666807,16.99642731667658,0.0813765696333143,0.0297590553454139,0.09239130434782608,0.03616455478574618,strat_iso,platt_vol_vegas,0.09239130434782608,0.03616455478574618,NA,NA,NA
RB,00-0031595,Michael Burton,CLE,CAR,2026_03_CAR_CLE,2026,3,NA,NA,15,20,9.567729036608613,NA,NA,NA,NA,NA,7.666146463240395,2.020040257735558,14.441221584950561,1.242005253386405,17.868232442168804,0.09184743733927048,0.036663709505845854,0.09239130434782608,0.03555951078116267,strat_iso,platt_vol_vegas,0.09239130434782608,0.03555951078116267,NA,NA,NA
RB,00-0038409,Lew Nichols III,PIT,CIN,2026_03_CIN_PIT,2026,3,NA,NA,15,20,9.742614516982837,NA,NA,NA,NA,NA,6.6223115039355065,0.903284480464019,13.484888348369013,0.11520096713207106,16.956159874053835,0.07817641690630817,0.031200602511912146,0.09239130434782608,0.029228056893762948,strat_iso,platt_vol_vegas,0.09239130434782608,0.029228056893762948,NA,NA,NA
RB,00-0040179,DJ Giddens,IND,HOU,2026_03_HOU_IND,2026,3,NA,NA,15,20,9.700833633183667,NA,NA,NA,NA,NA,6.911085352218483,1.2094444820161092,13.752799589717501,0.4237567854368054,17.213518261125436,0.0819806154631012,0.032737623532862914,0.09239130434782608,0.03285949676110377,strat_iso,platt_vol_vegas,0.09239130434782608,0.03285949676110377,NA,NA,NA
RB,00-0041081,Max Bredeson,MIN,TB,2026_03_MIN_TB,2026,3,NA,NA,15,20,9.795678359014644,NA,NA,NA,NA,NA,6.648024021812584,0.9069470030790958,13.537059875144605,0.11582499427165693,17.021715062137606,0.07900882517277408,0.031676133740489276,0.09239130434782608,0.03482611265105706,strat_iso,platt_vol_vegas,0.09239130434782608,0.03482611265105706,NA,NA,NA
RB,00-0039344,Jonathon Brooks,CAR,CLE,2026_03_CAR_CLE,2026,3,NA,NA,15,20,10.339541619041974,NA,NA,NA,NA,NA,7.37901975108441,1.4139114367792347,14.536883147127615,0.5919178531766711,18.157518362539548,0.09360448063227911,0.03908989134934404,0.07432432432432433,0.0422608866369462,strat_iso,platt_vol_vegas,0.07432432432432433,0.0422608866369462,NA,NA,NA
RB,00-0039794,Braelon Allen,NYJ,DET,2026_03_NYJ_DET,2026,3,NA,NA,15,20,10.36780392707217,NA,NA,NA,NA,NA,7.440987062855679,1.4643320155897381,14.612706022427467,0.6407472889759802,18.240349745611244,0.09466190718926737,0.039600501240792174,0.07432432432432433,0.036837468206634666,strat_iso,platt_vol_vegas,0.07432432432432433,0.036837468206634666,NA,NA,NA
RB,00-0039391,Kimani Vidal,LAC,BUF,2026_03_LAC_BUF,2026,3,NA,NA,15,20,11.093865171402928,NA,NA,NA,NA,NA,7.104948210292653,0.834713851877618,14.628949223162657,-0.02932618540741405,18.434786457085156,0.09512524112263576,0.04118273152344787,0.07432432432432433,0.04061173645474689,strat_iso,platt_vol_vegas,0.07432432432432433,0.04061173645474689,NA,NA,NA
RB,00-0033376,Patrick Ricard,NYG,TEN,2026_03_TEN_NYG,2026,3,NA,NA,15,20,8.272075848260002,NA,NA,NA,NA,NA,7.401748023423145,2.3086833360322823,13.513198038862079,1.6068576065868756,16.604529895706367,0.0759520810124914,0.026451407191131704,0.07142857142857142,0.024989599702800035,strat_iso,platt_vol_vegas,0.07142857142857142,0.024989599702800035,NA,NA,NA
RB,00-0037557,Ronnie Rivers,LA,DEN,2026_03_LA_DEN,2026,3,NA,NA,15,20,9.196990183545399,NA,NA,NA,NA,NA,6.822637906539301,1.332416410012474,13.4106583439748,0.5758623618857568,16.743052031289103,0.07615315288113356,0.029046084125367244,0.07142857142857142,0.03248817818658472,strat_iso,platt_vol_vegas,0.07142857142857142,0.03248817818658472,NA,NA,NA
RB,00-0039738,Blake Corum,LA,DEN,2026_03_LA_DEN,2026,3,NA,NA,15,20,12.631845744127643,NA,NA,NA,NA,NA,8.38606326200155,1.5117582697787064,16.634922039480507,0.5644771312647201,20.807411359856445,0.13786861133834316,0.059675415535679566,0.06606583072100311,0,strat_iso,platt_vol_vegas,0.14106583072100312,0.06898232754596628,role_change_down,0.75,"Impact note explicitly signals concern about Corum's role declining relative to Williams despite receiving nearly equal touches, suggesting a shift in committee opportunity."
RB,00-0032104,Ameer Abdullah,JAX,NE,2026_03_NE_JAX,2026,3,NA,NA,15,20,8.28803337366148,NA,NA,NA,NA,NA,7.27507658814044,2.1750534026205273,13.394876490358449,1.4722687901989522,16.490431939138524,0.07407373997655076,0.02569331348330728,0.06589147286821706,0.02943642822854247,strat_iso,platt_vol_vegas,0.06589147286821706,0.02943642822854247,NA,NA,NA
RB,00-0036187,Reggie Gilliam,NE,JAX,2026_03_NE_JAX,2026,3,NA,Limited Participation in Practice,15,20,7.915615264044529,NA,NA,NA,NA,NA,7.472461280245901,2.5358751105338886,13.396144067506516,1.8556121643149321,16.392498331034545,0.07323654362209764,0.024187857154601256,0.06589147286821706,0.023495355666608594,strat_iso,platt_vol_vegas,0.06589147286821706,0.023495355666608594,NA,NA,NA
RB,00-0036265,AJ Dillon,CAR,CLE,2026_03_CAR_CLE,2026,3,NA,NA,15,20,9.162353168567897,NA,NA,NA,NA,NA,6.452808324987609,0.977243342467168,13.023241600616121,0.22270896604403667,16.34673923978668,0.07026087252047486,0.02643345179437162,0.06589147286821706,0.029185915875134315,strat_iso,platt_vol_vegas,0.06589147286821706,0.029185915875134315,NA,NA,NA
RB,00-0036727,Adam Prentice,DEN,LA,2026_03_LA_DEN,2026,3,NA,NA,15,20,7.85013091818131,NA,NA,NA,NA,NA,6.955098760670414,2.0474801684764943,12.844021749472457,1.371208962490532,15.822793594418805,0.06381095359509859,0.01993512700672384,0.06589147286821706,0.019687450426862495,strat_iso,platt_vol_vegas,0.06589147286821706,0.019687450426862495,NA,NA,NA
RB,00-0037157,Bam Knight,ARI,SF,2026_03_ARI_SF,2026,3,NA,NA,15,20,8.938370964126383,NA,NA,NA,NA,NA,6.848952701728709,1.4685586104631083,13.30518516104544,0.727138809305881,16.570917029302322,0.07405153106064422,0.027488307505229015,0.06589147286821706,0.02447470985584081,strat_iso,platt_vol_vegas,0.06589147286821706,0.02447470985584081,NA,NA,NA
RB,00-0038705,Emari Demercado,DAL,BAL,2026_03_BAL_DAL,2026,3,NA,NA,15,20,8.675149412000073,NA,NA,NA,NA,NA,6.728258381565642,1.4606018998260462,13.04921074770311,0.7347173725948313,16.24651439342926,0.06949321258704166,0.024831255591738932,0.06589147286821706,0.029434837086699542,strat_iso,platt_vol_vegas,0.06589147286821706,0.029434837086699542,NA,NA,NA
RB,00-0038738,Hunter Luepke,DAL,BAL,2026_03_BAL_DAL,2026,3,NA,NA,15,20,8.01281844464211,NA,NA,NA,NA,NA,6.847157833361983,1.8677014346634104,12.82228297953283,1.1815309589751202,15.844658138672976,0.0639734165052045,0.020523964797032335,0.06589147286821706,0.024444422877532658,strat_iso,platt_vol_vegas,0.06589147286821706,0.024444422877532658,NA,NA,NA
RB,00-0039364,Sione Vaki,DET,NYJ,2026_03_NYJ_DET,2026,3,NA,NA,15,20,8.328151308929305,NA,NA,NA,NA,NA,7.303994872070346,2.1864949377425287,13.44476609182067,1.4813020244778867,16.550929383551907,0.07496535497152645,0.02619388748973628,0.06589147286821706,0.03323378736978389,strat_iso,platt_vol_vegas,0.06589147286821706,0.03323378736978389,NA,NA,NA
RB,00-0039686,Colson Yankoff,WAS,SEA,2026_03_SEA_WAS,2026,3,NA,NA,15,20,7.774202232291654,NA,NA,NA,NA,NA,6.761632009179184,1.8876895022085982,12.610145200699915,1.216058870126055,15.568476709335117,0.05960806298543231,0.01788433822256874,0.06589147286821706,0.013088336033387939,strat_iso,platt_vol_vegas,0.06589147286821706,0.013088336033387939,NA,NA,NA
RB,00-0040177,Jordan James,SF,ARI,2026_03_ARI_SF,2026,3,NA,NA,15,20,9.583727570324664,NA,NA,NA,NA,NA,6.043730505727649,0.3909374454798389,12.826829554293361,-0.38801900931138356,16.257899124360907,0.06833100580843288,0.02661719300314347,0.06589147286821706,0.036666029165481825,strat_iso,platt_vol_vegas,0.06589147286821706,0.036666029165481825,NA,NA,NA
RB,00-0040198,Ollie Gordon II,MIA,KC,2026_03_KC_MIA,2026,3,NA,NA,15,20,8.467349277321611,NA,NA,NA,NA,NA,6.36697057954307,1.1890204698521938,12.580279308206343,0.47549750562151605,15.723133976215266,0.0615044132262309,0.020824922017690706,0.06589147286821706,0.016158810711911494,strat_iso,platt_vol_vegas,0.06589147286821706,0.016158810711911494,NA,NA,NA
RB,00-0040556,Corey Kiner,NE,JAX,2026_03_NE_JAX,2026,3,NA,NA,15,20,8.482285984379287,NA,NA,NA,NA,NA,6.773593453308978,1.5891739887877714,12.994665118652712,0.8747595456634363,16.141446483828815,0.06813673006425947,0.02371132865960801,0.06589147286821706,0.023951108237260623,strat_iso,platt_vol_vegas,0.06589147286821706,0.023951108237260623,NA,NA,NA
RB,00-0040568,Lan Larison,NE,JAX,2026_03_NE_JAX,2026,3,NA,NA,15,20,7.7218557503956555,NA,NA,NA,NA,NA,6.8149964533603145,1.9643266435249735,12.635583448377274,1.295902995575883,15.579789153696648,0.059846274542725175,0.01781262835875852,0.06589147286821706,0.018359261181486876,strat_iso,platt_vol_vegas,0.06589147286821706,0.018359261181486876,NA,NA,NA
RB,00-0040878,Mike Washington Jr.,LV,NO,2026_03_LV_NO,2026,3,NA,NA,15,20,8.717414788249478,NA,NA,NA,NA,NA,6.4848336988792745,1.199008484110033,12.827587732690322,0.47062030041766967,16.035919234267602,0.06614420507603913,0.023510489233835474,0.06589147286821706,0.022597448754403372,strat_iso,platt_vol_vegas,0.06589147286821706,0.022597448754403372,NA,NA,NA
RB,00-0040886,Nicholas Singleton,TEN,NYG,2026_03_TEN_NYG,2026,3,NA,NA,15,20,8.534454666357131,NA,NA,NA,NA,NA,6.535194406099453,1.3282057555522746,12.783348086055796,0.6106812723208739,15.943828245185536,0.06493172235964029,0.022484719356938188,0.06589147286821706,0.019657339016082125,strat_iso,platt_vol_vegas,0.06589147286821706,0.019657339016082125,NA,NA,NA
RB,00-0041096,Kaytron Allen,WAS,SEA,2026_03_SEA_WAS,2026,3,NA,Full Participation in Practice,15,20,9.009384052870866,NA,NA,NA,NA,NA,6.322430230366065,0.9117879145281043,12.81495920737428,0.16619989961787152,16.099050807143115,0.06673294994604406,0.02453370822919676,0.06589147286821706,0.01802171322110238,strat_iso,platt_vol_vegas,0.06589147286821706,0.01802171322110238,NA,NA,NA
RB,00-0041104,Demond Claiborne,MIN,TB,2026_03_MIN_TB,2026,3,NA,NA,15,20,7.796122404284569,NA,NA,NA,NA,NA,7.188044956741199,2.304370552220706,13.048235990402612,1.6313988619509852,16.01247445816167,0.06707815462848188,0.021159617399233555,0.06589147286821706,0.022652277450023513,strat_iso,platt_vol_vegas,0.06589147286821706,0.022652277450023513,NA,NA,NA
RB,00-0041125,Seth McGowan,IND,HOU,2026_03_HOU_IND,2026,3,NA,NA,15,20,8.143507186070439,NA,NA,NA,NA,NA,6.705990942950258,1.66913406379933,12.749994100432296,0.9750537859513049,15.807209565893283,0.0632017120646674,0.02059726115744931,0.06589147286821706,0.020950190426046216,strat_iso,platt_vol_vegas,0.06589147286821706,0.020950190426046216,NA,NA,NA
RB,00-0041326,CJ Donaldson,NO,LV,2026_03_LV_NO,2026,3,NA,NA,15,20,8.280541779472921,NA,NA,NA,NA,NA,6.7253223956342785,1.628565535754892,12.841202853055986,0.9262310239143963,15.934775743764028,0.06510835168247942,0.021826887242496484,0.06589147286821706,0.024963213141314413,strat_iso,platt_vol_vegas,0.06589147286821706,0.024963213141314413,NA,NA,NA
RB,00-0041436,DJ Herman,MIA,KC,2026_03_KC_MIA,2026,3,NA,NA,15,20,7.881273284671117,NA,NA,NA,NA,NA,7.3251703075239645,2.4037668653328463,13.230634500276699,1.7255961031860263,16.217773320424374,0.07038360775553398,0.02285418866245792,0.06589147286821706,0.016748273051747597,strat_iso,platt_vol_vegas,0.06589147286821706,0.016748273051747597,NA,NA,NA
RB,00-0034959,Andrew Beck,NYJ,DET,2026_03_NYJ_DET,2026,3,NA,NA,15,20,8.76029815070788,NA,NA,NA,NA,NA,6.255511488832473,0.9512781150279075,12.620354490823948,0.22035328190426995,15.839859172390998,0.06304329788988239,0.022296818329191836,0.06589147286821706,0.02148829015376756,strat_iso,platt_vol_vegas,0.06589147286821706,0.02148829015376756,NA,NA,NA
RB,00-0036842,Kene Nwangwu,NYJ,DET,2026_03_NYJ_DET,2026,3,Doubtful,Did Not Participate In Practice,15,20,9.967419150254635,NA,NA,NA,NA,NA,5.792932748513666,-0.01927161132526134,12.767318232486183,-0.8201949875055554,16.295145503273098,0.06835613543210983,0.027484866741010805,0.06589147286821706,0.027156258645302297,strat_iso,platt_vol_vegas,0.06589147286821706,0.027156258645302297,NA,NA,NA
RB,00-0037120,Tyler Goodson,DAL,BAL,2026_03_BAL_DAL,2026,3,NA,NA,15,20,9.711099707860141,NA,NA,NA,NA,NA,6.169625943063365,0.4637110624090628,13.016468802098863,-0.3225655939983998,16.47978166491757,0.0713636729272159,0.028208428362499927,0.06589147286821706,0.03453707032342464,strat_iso,platt_vol_vegas,0.06589147286821706,0.03453707032342464,NA,NA,NA
RB,00-0037594,Julius Chestnut,TEN,NYG,2026_03_TEN_NYG,2026,3,NA,NA,15,20,8.688320654015316,NA,NA,NA,NA,NA,6.293441363911343,1.0201201618268003,12.621191141305985,0.2934550345576472,15.82193309609304,0.06283972759603051,0.022014349502520236,0.06589147286821706,0.019522799672884894,strat_iso,platt_vol_vegas,0.06589147286821706,0.019522799672884894,NA,NA,NA
RB,00-0037745,Velus Jones Jr.,SEA,WAS,2026_03_SEA_WAS,2026,3,NA,NA,15,20,8.903059782047361,NA,NA,NA,NA,NA,6.124560069693476,0.759232942806376,12.562712845099735,0.019889373528088505,15.819299534603143,0.06257911446429332,0.02247691649263761,0.06589147286821706,0.026137708067147016,strat_iso,platt_vol_vegas,0.06589147286821706,0.026137708067147016,NA,NA,NA
RB,00-0038489,Ben VanSumeren,KC,MIA,2026_03_KC_MIA,2026,3,NA,NA,15,20,8.977239368730176,NA,NA,NA,NA,NA,6.259341878486613,0.8623830373017958,12.735451297426529,0.11868060900183419,16.011237453674827,0.06543503460605904,0.023894421685014544,0.06589147286821706,0.03127031332584341,strat_iso,platt_vol_vegas,0.06589147286821706,0.03127031332584341,NA,NA,NA
RB,00-0038896,Jacob Saylors,DET,NYJ,2026_03_NYJ_DET,2026,3,NA,NA,15,20,8.942776184875566,NA,NA,NA,NA,NA,6.5731600492682585,1.1908875085032973,13.03164656403618,0.4492088564829766,16.298518592714196,0.06987403518281765,0.02570851146584996,0.06589147286821706,0.03399968590164941,strat_iso,platt_vol_vegas,0.06589147286821706,0.03399968590164941,NA,NA,NA
RB,00-0039021,Roschon Johnson,CHI,PHI,2026_03_PHI_CHI,2026,3,NA,NA,15,20,9.355524911071692,NA,NA,NA,NA,NA,6.3146076031980085,0.7575068810678598,12.982880122520054,-0.008263142934836765,16.355867419646632,0.0700989108497635,0.026837248817943027,0.06589147286821706,0.02542726551989243,strat_iso,platt_vol_vegas,0.06589147286821706,0.02542726551989243,NA,NA,NA
RB,00-0039407,Dylan Laube,LV,NO,2026_03_LV_NO,2026,3,NA,NA,15,20,9.05116527619962,NA,NA,NA,NA,NA,6.393730415683599,0.965323759201004,12.907575807575704,0.2172878132126721,16.202449809595695,0.06824728060706586,0.025289849564836153,0.06589147286821706,0.024390820715155158,strat_iso,platt_vol_vegas,0.06589147286821706,0.024390820715155158,NA,NA,NA
RB,00-0039603,British Brooks,HOU,IND,2026_03_HOU_IND,2026,3,NA,NA,15,20,9.36960130677617,NA,NA,NA,NA,NA,6.191647509480302,0.6286245787255531,12.867026414487935,-0.13796152727158173,16.243608308052572,0.06841519541437369,0.026149127952248996,0.06589147286821706,0.02931069752043602,strat_iso,platt_vol_vegas,0.06589147286821706,0.02931069752043602,NA,NA,NA
RB,00-0039796,Rasheen Ali,BAL,DAL,2026_03_BAL_DAL,2026,3,NA,NA,15,20,8.682703679507705,NA,NA,NA,NA,NA,6.766774392597285,1.495868646389808,13.091625730886346,0.7695363696118456,16.290901579083386,0.0701749027019799,0.025144222733617827,0.06589147286821706,0.03564719195280531,strat_iso,platt_vol_vegas,0.06589147286821706,0.03564719195280531,NA,NA,NA
RB,00-0039798,Isaiah Davis,NYJ,DET,2026_03_NYJ_DET,2026,3,NA,NA,15,20,8.96854162793145,NA,NA,NA,NA,NA,6.127761601311828,0.7345077024713609,12.599425255012667,-0.008684183743828733,15.872962626491901,0.06333362854045299,0.022970888053753025,0.06589147286821706,0.022266546035119822,strat_iso,platt_vol_vegas,0.06589147286821706,0.022266546035119822,NA,NA,NA
RB,00-0040078,Brashard Smith,KC,MIA,2026_03_KC_MIA,2026,3,NA,NA,15,20,8.995907031811264,NA,NA,NA,NA,NA,6.756296041891374,1.3513889412560625,13.241943016963592,0.6065912405947511,16.522553519485484,0.07320533812708119,0.02727434222642322,0.06589147286821706,0.03462509605374724,strat_iso,platt_vol_vegas,0.06589147286821706,0.03462509605374724,NA,NA,NA
RB,00-0040208,Tahj Brooks,CIN,PIT,2026_03_CIN_PIT,2026,3,NA,NA,15,20,9.412432141066704,NA,NA,NA,NA,NA,6.503202966029918,0.922176214913927,13.200185650879005,0.15310917746718555,16.587695303434295,0.07343455024898093,0.02840377015105655,0.06589147286821706,0.031976177334022,strat_iso,platt_vol_vegas,0.06589147286821706,0.031976177334022,NA,NA,NA
RB,00-0040394,Anthony Tyus III,CAR,CLE,2026_03_CAR_CLE,2026,3,NA,NA,15,20,9.701462069464087,NA,NA,NA,NA,NA,6.014935788790414,0.3130332477757465,12.856964019570098,-0.47269050711421823,16.31784151702241,0.0690391240081818,0.027189913702350132,0.06589147286821706,0.030811064522614576,strat_iso,platt_vol_vegas,0.06589147286821706,0.030811064522614576,NA,NA,NA
RB,00-0041398,Riley Nowakowski,PIT,CIN,2026_03_CIN_PIT,2026,3,NA,NA,15,20,8.969893696654093,NA,NA,NA,NA,NA,6.4697486790956145,1.0759187761317568,12.942103512002856,0.33264751638827406,16.215990500069665,0.06857105184910028,0.025220119211903813,0.06589147286821706,0.023679148221297457,strat_iso,platt_vol_vegas,0.06589147286821706,0.023679148221297457,NA,NA,NA
RB,00-0041415,Dean Connors,LA,DEN,2026_03_LA_DEN,2026,3,NA,NA,15,20,9.716769873082361,NA,NA,NA,NA,NA,6.08658308360814,0.3783081433928164,12.93625790864563,-0.4082937298780891,16.401003254213496,0.07021798306195393,0.027729969467332194,0.06589147286821706,0.032355507896229554,strat_iso,platt_vol_vegas,0.06589147286821706,0.032355507896229554,NA,NA,NA
RB,00-0041490,Eli Heidenreich,PIT,CIN,2026_03_CIN_PIT,2026,3,NA,NA,15,20,8.96206410861881,NA,NA,NA,NA,NA,6.371639409600828,0.9811453947286539,12.83999132587913,0.23833382129135305,16.111853533629635,0.06699114239890414,0.024522413217283656,0.06589147286821706,0.023162902194215122,strat_iso,platt_vol_vegas,0.06589147286821706,0.023162902194215122,NA,NA,NA
RB,00-0039875,Ray Davis,BUF,LAC,2026_03_LAC_BUF,2026,3,NA,NA,15,20,8.178821799525414,NA,NA,NA,NA,NA,6.332352447035035,1.2800310710257508,12.394912309637615,0.5838197812125747,15.461514243702986,0.05752484759394838,0.018270425361501585,0.045454545454545456,0.026319562036260048,strat_iso,platt_vol_vegas,0.045454545454545456,0.026319562036260048,NA,NA,NA
RB,00-0039471,Frank Gore Jr.,BUF,LAC,2026_03_LAC_BUF,2026,3,NA,NA,15,20,8.163119020654648,NA,NA,NA,NA,NA,5.706031210477038,0.6605837739365796,11.76034265291388,-0.03468028510730825,14.822772319520208,0.04875927335531394,0.01375552446780437,0.02830188679245283,0.021183016436344508,strat_iso,platt_vol_vegas,0.02830188679245283,0.021183016436344508,NA,NA,NA
RB,00-0039874,Jaylen Wright,MIA,KC,2026_03_KC_MIA,2026,3,Doubtful,Did Not Participate In Practice,15,20,8.180088469140097,NA,NA,NA,NA,NA,6.1462885236787725,1.0934128269621342,12.209513546357545,0.39712515160142114,15.276451935851373,0.054506969178096276,0.016980235944198396,0.02830188679245283,0.013565338957371179,strat_iso,platt_vol_vegas,0.02830188679245283,0.013565338957371179,NA,NA,NA
RB,00-0040238,LeQuint Allen Jr.,JAX,NE,2026_03_NE_JAX,2026,3,NA,Limited Participation in Practice,15,20,7.505941311468676,NA,NA,NA,NA,NA,6.53285172926575,1.7786663541269583,12.237661714543233,1.1235382880951121,15.123304368934647,0.052136514872120454,0.013767877131250716,0.02830188679245283,0.01741888348939004,strat_iso,platt_vol_vegas,0.02830188679245283,0.01741888348939004,NA,NA,NA
RB,00-0036893,Najee Harris,NYG,TEN,2026_03_TEN_NYG,2026,3,NA,NA,15,20,10.273660564916929,NA,NA,NA,NA,NA,6.433679644095718,0.49552322055488673,13.559201975703662,-0.3227563850095718,17.1634782317,0.08001265827086201,0.03312752751821124,0.025,0.025,strat_iso,platt_vol_vegas,0.025,0.025,NA,NA,NA
RB,00-0038611,Chris Rodriguez Jr.,JAX,NE,2026_03_NE_JAX,2026,3,NA,NA,15,20,10.391620824887113,NA,NA,NA,NA,NA,6.723096206693943,0.7367177488519809,13.906482824417035,-0.08820686644159359,17.540028355395485,0.08495247732194378,0.03548522951043109,0.025,0.025,strat_iso,platt_vol_vegas,0.025,0.025,NA,NA,NA
RB,00-0035250,Devin Singletary,NYG,TEN,2026_03_TEN_NYG,2026,3,NA,NA,15,20,9.695928426775582,NA,NA,NA,NA,NA,7.830590648072268,2.1309923972099964,14.669853833647972,1.3455861741434667,18.129332698647577,0.09522838295541858,0.03840698088909278,0.007391304347826075,0,strat_iso,platt_vol_vegas,0.09239130434782608,0.03628171896079993,role_change_down,0.85,"Singletary saw minimal touches (3) with Najee Harris out-touching him, signaling a shift in backfield opportunity distribution."
RB,00-0036425,DeeJay Dallas,MIN,TB,2026_03_MIN_TB,2026,3,NA,Full Participation in Practice,15,20,8.461167491780282,NA,NA,NA,NA,NA,7.196999729562295,2.0217280349814093,13.407094479792146,1.3085741570973033,16.548323433135426,0.0746451859468491,0.026441850097513986,0,0,strat_iso,platt_vol_vegas,0.06589147286821706,0.027979340835116034,role_change_down,0.95,Aaron Jones Sr.'s return from knee injury significantly reduces Dallas's opportunity and workload in the backfield committee.
RB,00-0039384,Tyrone Tracy Jr.,NYG,TEN,2026_03_TEN_NYG,2026,3,NA,NA,15,20,8.845655142198797,NA,NA,NA,NA,NA,6.233115474296334,0.8923196379465379,12.641831797362984,0.15635648732230845,15.883528756501253,0.0636275655565306,0.022775284452850375,0,0,strat_iso,platt_vol_vegas,0.06589147286821706,0.023067785025864627,role_change_down,0.92,"Tracy phased out of offense entirely with zero touches and relegated to special teams only, while Najee Harris took four touches, indicating a significant role reduction."
TE,00-0037744,Trey McBride,ARI,SF,2026_03_ARI_SF,2026,3,NA,NA,12,17,8.387295320332711,1.7093615466098884,-3.072191797300875,7.471072021247869,-4.953913915395813,9.046632210601125,NA,NA,NA,NA,NA,0.59,0.306,0.6026066502034692,0.3310354040899142,platt_vol_vegas,platt,0.6026066502034692,0.3310354040899142,NA,NA,NA
TE,00-0033288,George Kittle,SF,ARI,2026_03_ARI_SF,2026,3,NA,NA,12,17,6.715100853499497,3.0574371721711886,-1.1931764996577439,8.179372149181294,-2.865953772328596,9.57998345683992,NA,NA,NA,NA,NA,0.57,0.2925,0.5623176753670792,0.40170250517847916,platt_vol_vegas,platt,0.4773176753670792,0.31670250517847914,role_change_up,0.85,Tonges' IR placement directly increases Kittle's opportunity and snap/target share at the tight end position.
TE,00-0034753,Mark Andrews,BAL,DAL,2026_03_BAL_DAL,2026,3,NA,NA,12,17,6.409066855279979,1.7553765630583513,-2.3915710115135127,6.752395221987108,-4.023551753418139,8.118847718883565,NA,NA,NA,NA,NA,0.433,0.188,0.5433423325159907,0.28949426678263235,platt_vol_vegas,platt,0.45834233251599077,0.20449426678263236,role_change_up,0.85,Zay Flowers' hamstring injury should increase Andrews' target volume as the Ravens' primary receiving weapon.
TE,00-0038933,Dalton Kincaid,BUF,LAC,2026_03_LAC_BUF,2026,3,NA,NA,12,17,7.048851445172204,2.960575282789535,-1.4005892157135302,8.215722588558744,-3.1168724206127263,9.652761280558835,NA,NA,NA,NA,NA,0.617,0.3275,0.5381691280303653,0.35377811500668876,platt_vol_vegas,platt,0.5381691280303653,0.35377811500668876,NA,NA,NA
TE,00-0030506,Travis Kelce,KC,MIA,2026_03_KC_MIA,2026,3,NA,NA,12,17,6.935552684881529,2.0141077865388475,-2.3098097419480874,7.224372970985755,-4.011434855162366,8.64913848753206,NA,NA,NA,NA,NA,0.532,0.2685,0.48788546526848126,0.2911246348880188,platt_vol_vegas,platt,0.48788546526848126,0.2911246348880188,NA,NA,NA
TE,00-0039065,Sam LaPorta,DET,NYJ,2026_03_NYJ_DET,2026,3,NA,NA,12,17,6.719431916105599,3.2460878375730653,-1.005976798286996,8.369771207637726,-2.679325080191367,9.770860619585733,NA,NA,NA,NA,NA,0.593,0.321,0.4754930252614188,0.3469134107952695,platt_vol_vegas,platt,0.4754930252614188,0.3469134107952695,NA,NA,NA
TE,00-0034829,Mike Gesicki,CIN,PIT,2026_03_CIN_PIT,2026,3,NA,NA,12,17,6.735135479303819,1.2343922189213856,-3.022929633320101,6.364410467322364,-4.6983468287412755,7.767232174246843,NA,NA,NA,NA,NA,0.4345,0.169,0.4095377744641439,0.18388015776336158,platt_vol_vegas,platt,0.4095377744641439,0.18388015776336158,NA,NA,NA
TE,00-0040128,Tyler Warren,IND,HOU,2026_03_HOU_IND,2026,3,NA,NA,12,17,6.772825983814506,1.3207007369656607,-2.949215598033388,6.465895175614376,-4.629589198845512,7.8728668656533545,NA,NA,NA,NA,NA,0.427,0.1965,0.38933672100430006,0.21369751803531506,platt_vol_vegas,platt,0.38933672100430006,0.21369751803531506,NA,NA,NA
TE,00-0040663,Harold Fannin Jr.,CLE,CAR,2026_03_CAR_CLE,2026,3,NA,NA,12,17,6.732096849018495,1.1533554377787714,-3.102949596707449,6.2821484338213764,-4.777966635877602,7.6846350911375385,NA,NA,NA,NA,NA,0.41,0.1725,0.38347765781278625,0.18768169614019883,platt_vol_vegas,platt,0.38347765781278625,0.18768169614019883,NA,NA,NA
TE,00-0040737,Terrance Ferguson,LA,DEN,2026_03_LA_DEN,2026,3,NA,Full Participation in Practice,12,17,5.755795314917825,1.1707390209173512,-2.7468084843331724,5.891333537475164,-4.288511621182069,7.182196871047143,NA,NA,NA,NA,NA,0.323,0.108,0.3779592298746396,0.20237318482025957,platt_vol_vegas,platt,0.29295922987463957,0.11737318482025957,role_change_up,0.85,"Ferguson expected to step up as primary tight end with both Parkinson (questionable) and Puka Nacua (hip) likely out, creating a direct opportunity increase."
TE,00-0034383,Dalton Schultz,HOU,IND,2026_03_HOU_IND,2026,3,NA,Did Not Participate In Practice,12,17,6.320764960793342,0.8563381017541942,-3.2602671955559757,5.816794705603987,-4.880307103566234,7.173249178705786,NA,NA,NA,NA,NA,0.3695,0.1465,0.3488747365880943,0.15940002440141868,platt_vol_vegas,platt,0.3488747365880943,0.15940002440141868,NA,NA,NA
TE,00-0033090,Hunter Henry,NE,JAX,2026_03_NE_JAX,2026,3,NA,NA,12,17,6.333590635551697,1.4877757846178559,-2.6332489967729504,6.453557810122168,-4.255028138949799,7.81146853868618,NA,NA,NA,NA,NA,0.415,0.1745,0.346743097625679,0.1898531723765697,platt_vol_vegas,platt,0.346743097625679,0.1898531723765697,NA,NA,NA
TE,00-0039338,Brock Bowers,LV,NO,2026_03_LV_NO,2026,3,Questionable,Did Not Participate In Practice,12,17,6.344872571585721,0.8952047059814774,-3.22970413539388,5.865666973969249,-4.853011802101411,7.224857531460092,NA,NA,NA,NA,NA,0.3565,0.133,0.3264277063721318,0.14468067223649947,platt_vol_vegas,platt,0.3264277063721318,0.14468067223649947,NA,NA,NA
TE,00-0038046,Charlie Kolar,LAC,BUF,2026_03_LAC_BUF,2026,3,Out,Did Not Participate In Practice,12,17,5.1536165482220895,0.8395770678741841,-2.8553839832906194,5.291957761061934,-4.30949093042539,6.509477072195393,NA,NA,NA,NA,NA,0.2565,0.068,0.3065527098374821,0.1586113210939447,platt_vol_vegas,platt,0.22155270983748213,0.0736113210939447,role_change_up,0.85,Kolar's 4+ week absence creates increased opportunity for backup TEs (likely Hayden Hurst or similar) in target/snap share.
TE,00-0038129,Cade Otton,TB,MIN,2026_03_MIN_TB,2026,3,NA,NA,12,17,6.049191203058081,1.17959198996361,-2.84242235027285,6.026067703299719,-4.4252371384747,7.351353697139867,NA,NA,NA,NA,NA,0.346,0.1285,0.3005761160071842,0.13976966050773756,platt_vol_vegas,platt,0.3005761160071842,0.13976966050773756,NA,NA,NA
TE,00-0037838,Isaiah Likely,NYG,TEN,2026_03_TEN_NYG,2026,3,NA,NA,12,17,6.118160479794108,0.9761126007959018,-3.070110391949523,5.851759430023754,-4.662452200681931,7.1850223690922945,NA,NA,NA,NA,NA,0.349,0.126,0.2915927398958451,0.13704041652937018,platt_vol_vegas,platt,0.2915927398958451,0.13704041652937018,NA,NA,NA
TE,00-0035229,T.J. Hockenson,MIN,TB,2026_03_MIN_TB,2026,3,NA,NA,12,17,5.793819062618883,0.8281683985768168,-3.1030570034383578,5.56524460537035,-4.650142910073529,6.860614915664424,NA,NA,NA,NA,NA,0.319,0.1055,0.28700690555447145,0.11463964707765545,platt_vol_vegas,platt,0.28700690555447145,0.11463964707765545,NA,NA,NA
TE,00-0036040,Juwan Johnson,NO,LV,2026_03_LV_NO,2026,3,NA,NA,12,17,5.654280515813436,1.0893999401113186,-2.7914208730973478,5.765739263635293,-4.31867066732535,7.044500857520212,NA,NA,NA,NA,NA,0.3125,0.106,0.2845212432139479,0.11518638695848703,platt_vol_vegas,platt,0.2845212432139479,0.11518638695848703,NA,NA,NA
TE,00-0041032,Kenyon Sadiq,NYJ,DET,2026_03_NYJ_DET,2026,3,NA,NA,12,17,4.998291725823139,0.6518946019153974,-2.9836942517600784,5.0327325583454,-4.414435993243041,6.230688254061343,NA,NA,NA,NA,NA,0.2195,0.0565,0.28321991580764017,0.14603530631949194,platt_vol_vegas,platt,0.19821991580764015,0.06103530631949193,role_change_up,0.85,First-round rookie tight end will see increased snaps and opportunity with Mason Taylor sidelined.
TE,00-0038041,Jake Ferguson,DAL,BAL,2026_03_BAL_DAL,2026,3,NA,NA,12,17,5.179804542817966,0.8680138171979436,-2.836874065034716,5.332356214549565,-4.294887595708237,6.553146496163122,NA,NA,NA,NA,NA,0.253,0.0895,0.26486318401641634,0.09713721634758885,platt_vol_vegas,platt,0.26486318401641634,0.09713721634758885,NA,NA,NA
TE,00-0038935,Brenton Strange,JAX,NE,2026_03_NE_JAX,2026,3,NA,NA,12,17,5.30584689804894,1.2947033241827253,-2.4576352417272376,5.816223186995527,-3.93432241139885,7.052648849578903,NA,NA,NA,NA,NA,0.313,0.1105,0.26042287978913564,0.12010629970618521,platt_vol_vegas,platt,0.26042287978913564,0.12010629970618521,NA,NA,NA
TE,00-0040189,Oronde Gadsden II,LAC,BUF,2026_03_LAC_BUF,2026,3,NA,NA,12,17,4.466831356270774,0.7481612706027109,-2.6773992348830977,4.87591776025866,-4.02548687637181,6.004667430182865,NA,NA,NA,NA,NA,0.199,0.06,0.25567051630793564,0.1568615942381203,platt_vol_vegas,platt,0.16367051630793564,0.06486159423812027,role_change_up,0.92,"Njoku and Kolar both placed on IR, making Gadsden the only healthy tight end and likely to see significant increased opportunity."
TE,00-0039066,Michael Mayer,LV,NO,2026_03_LV_NO,2026,3,NA,NA,12,17,6.324822777190995,1.311465305890546,-2.806538693998535,6.273607328415019,-4.42712904438391,7.630522685238399,NA,NA,NA,NA,NA,0.386,0.154,0.24050863216643442,0.08256774143504252,platt_vol_vegas,platt,0.32550863216643444,0.16756774143504252,role_change_down,0.85,Brock Bowers' imminent return from knee injury will reduce Mayer's target share and role in the offense.
TE,00-0040126,Colston Loveland,CHI,PHI,2026_03_PHI_CHI,2026,3,NA,NA,12,17,5.422772258803075,1.363040526121226,-2.4328443142420406,5.937033091339112,-3.9266685901855642,7.1878076007278136,NA,NA,NA,NA,NA,0.2955,0.103,0.22222674708837653,0.11190571804873982,platt_vol_vegas,platt,0.22222674708837653,0.11190571804873982,NA,NA,NA
TE,00-0040887,Josh Cuevas,BAL,DAL,2026_03_BAL_DAL,2026,3,NA,NA,12,17,4.336260754237707,1.3140144540539553,-2.058172377491908,5.377456350921491,-3.3852554592584765,6.488618967064022,NA,NA,NA,NA,NA,0.2375,0.0625,0.2153932180820576,0.06759537263867949,platt_vol_vegas,platt,0.2153932180820576,0.06759537263867949,NA,NA,NA
TE,00-0040736,Mason Taylor,NYJ,DET,2026_03_NYJ_DET,2026,3,Out,Did Not Participate In Practice,12,17,5.148215093864471,0.9311162322668047,-2.7617943904091065,5.381026185414189,-4.2150944163696025,6.597869863909914,NA,NA,NA,NA,NA,0.2665,0.09,0.21306573152575647,0.09768431652547978,platt_vol_vegas,platt,0.21306573152575647,0.09768431652547978,NA,NA,NA
TE,00-0036894,Pat Freiermuth,PIT,CIN,2026_03_CIN_PIT,2026,3,NA,NA,12,17,5.310304666986267,0.5787399942114051,-3.1752670017683666,5.1022702938672175,-4.652610761786053,6.339245717544456,NA,NA,NA,NA,NA,0.2535,0.082,0.21050509087149774,0.08893018460389757,platt_vol_vegas,platt,0.21050509087149774,0.08893018460389757,NA,NA,NA
TE,00-0039824,Jared Wiley,KC,MIA,2026_03_KC_MIA,2026,3,NA,NA,12,17,4.596334349457098,1.2744017489709345,-2.2033754387955966,5.465078671299838,-3.572012320021704,6.611034156971426,NA,NA,NA,NA,NA,0.2575,0.0665,0.2095664086677352,0.07197041792083021,platt_vol_vegas,platt,0.2095664086677352,0.07197041792083021,NA,NA,NA
TE,00-0035644,Noah Fant,NO,LV,2026_03_LV_NO,2026,3,NA,NA,12,17,4.843898142483262,1.1344099341619778,-2.4412956678172573,5.44308934006718,-3.8484710844857606,6.621313023904229,NA,NA,NA,NA,NA,0.2445,0.0705,0.20396334139555217,0.07634641321737823,platt_vol_vegas,platt,0.20396334139555217,0.07634641321737823,NA,NA,NA
TE,00-0041395,Eli Raridon,NE,JAX,2026_03_NE_JAX,2026,3,Questionable,Did Not Participate In Practice,12,17,4.0507083043996355,0.7074634526388244,-2.5452935290883145,4.626993911696868,-3.8253764471422183,5.698803434135142,NA,NA,NA,NA,NA,0.1625,0.037,0.20341606466338824,0.11175249597058656,platt_vol_vegas,platt,0.13141606466338823,0.03975249597058656,role_change_up,0.72,"Impact note suggests Raridon is primed for increased involvement at tight end, implying a shift in target share away from Hunter Henry."
TE,00-0040194,Jackson Hawes,BUF,LAC,2026_03_LAC_BUF,2026,3,NA,NA,12,17,4.273090091065413,1.9130314860585638,-1.4330615218525309,5.94503065999773,-2.7498756969380227,7.047595151901136,NA,NA,NA,NA,NA,0.2625,0.066,0.20264930395189623,0.07142347900937805,platt_vol_vegas,platt,0.20264930395189623,0.07142347900937805,NA,NA,NA
TE,00-0035689,Dawson Knox,BUF,LAC,2026_03_LAC_BUF,2026,3,NA,NA,12,17,4.276052004715193,1.1991376413616224,-2.1481828807368943,5.23261595415855,-3.465480129089714,6.335584921835093,NA,NA,NA,NA,NA,0.2135,0.0575,0.2007328766002348,0.06212839979150592,platt_vol_vegas,platt,0.2007328766002348,0.06212839979150592,NA,NA,NA
TE,00-0040363,Keleki Latu,BUF,LAC,2026_03_LAC_BUF,2026,3,NA,NA,12,17,4.252322181364056,1.4399441421894934,-1.8975306895241262,5.461558524305204,-3.2109532862663412,6.561283258007676,NA,NA,NA,NA,NA,0.2215,0.0545,0.1991261989597902,0.05884947016740101,platt_vol_vegas,platt,0.1991261989597902,0.05884947016740101,NA,NA,NA
TE,00-0039793,AJ Barner,SEA,WAS,2026_03_SEA_WAS,2026,3,NA,NA,12,17,4.780233752102248,1.6818091373201112,-1.868942345433366,5.960419149497538,-3.2662973722186344,7.130420250842111,NA,NA,NA,NA,NA,0.2725,0.084,0.1951275487395475,0.09111879081751575,platt_vol_vegas,platt,0.1951275487395475,0.09111879081751575,NA,NA,NA
TE,00-0038643,Brayden Willis,SF,ARI,2026_03_ARI_SF,2026,3,NA,NA,12,17,4.280165885461741,1.3554552358063132,-1.9935695497034467,5.390987164163257,-3.311537490177705,6.494517700307157,NA,NA,NA,NA,NA,0.252,0.071,0.19327691184683027,0.07689346464503752,platt_vol_vegas,platt,0.19327691184683027,0.07689346464503752,NA,NA,NA
TE,00-0040584,Gunnar Helm,TEN,NYG,2026_03_TEN_NYG,2026,3,NA,NA,12,17,5.338407960557475,0.480276027849396,-3.2842341776632966,5.016462560329676,-4.765711347949062,6.256898875815552,NA,NA,NA,NA,NA,0.2465,0.0675,0.19124242470217662,0.0730643395520422,platt_vol_vegas,platt,0.19124242470217662,0.0730643395520422,NA,NA,NA
TE,00-0040390,Jackson Meeks,DET,NYJ,2026_03_NYJ_DET,2026,3,NA,NA,12,17,4.282444705029967,1.601001637393032,-1.7489668662272757,5.637670733973682,-3.0673061954771343,6.741512232806484,NA,NA,NA,NA,NA,0.223,0.061,0.19001858143219363,0.06595504054326327,platt_vol_vegas,platt,0.19001858143219363,0.06595504054326327,NA,NA,NA
TE,00-0033881,Evan Engram,DEN,LA,2026_03_LA_DEN,2026,3,NA,NA,12,17,4.952306674462382,0.7427933288895928,-2.8750518992221203,5.102250444008063,-4.298810852837401,6.294359472743148,NA,NA,NA,NA,NA,0.212,0.0615,0.1897475699605773,0.0665017969186095,platt_vol_vegas,platt,0.1897475699605773,0.0665017969186095,NA,NA,NA
TE,00-0031610,Darren Waller,CAR,CLE,2026_03_CAR_CLE,2026,3,NA,Full Participation in Practice,12,17,4.802745877716667,0.6528567902516277,-2.906736400338672,4.942120947012004,-4.307570973623086,6.115035462026076,NA,NA,NA,NA,NA,0.208,0.057,0.18913580498935473,0.06158183911511638,platt_vol_vegas,platt,0.18913580498935473,0.06158183911511638,NA,NA,NA
TE,00-0034270,Tyler Conklin,DET,NYJ,2026_03_NYJ_DET,2026,3,NA,NA,12,17,4.240579898710132,1.7606670589606435,-1.5719262437290256,5.7763992611890655,-2.8834277741411567,6.874515491913504,NA,NA,NA,NA,NA,0.2425,0.0725,0.18750500492819475,0.07853467528005519,platt_vol_vegas,platt,0.18750500492819475,0.07853467528005519,NA,NA,NA
TE,00-0036244,Colby Parkinson,LA,DEN,2026_03_LA_DEN,2026,3,Questionable,Did Not Participate In Practice,12,17,4.686013285190173,0.7121020125934349,-2.801429602059511,4.945862560909379,-4.184137202788865,6.103599417098796,NA,NA,NA,NA,NA,0.2035,0.0545,0.18693389551969283,0.05884947016740101,platt_vol_vegas,platt,0.18693389551969283,0.05884947016740101,NA,NA,NA
TE,00-0039847,Theo Johnson,NYG,TEN,2026_03_TEN_NYG,2026,3,NA,NA,12,17,5.027530437035138,0.7592004590459805,-2.887630400650061,5.153584888595879,-4.322796296766285,6.355244915490524,NA,NA,NA,NA,NA,0.2415,0.0775,0.18506507914956824,0.08400583472461792,platt_vol_vegas,platt,0.18506507914956824,0.08400583472461792,NA,NA,NA
TE,00-0037005,Tommy Tremble,CAR,CLE,2026_03_CAR_CLE,2026,3,NA,NA,12,17,4.671653496018057,0.7002339558404547,-2.8075942965407106,4.927122025742283,-4.188057408468536,6.082979578304915,NA,NA,NA,NA,NA,0.212,0.0595,0.17904704980983374,0.06431490573088806,platt_vol_vegas,platt,0.17904704980983374,0.06431490573088806,NA,NA,NA
TE,00-0041084,Tanner Koziol,JAX,NE,2026_03_NE_JAX,2026,3,NA,NA,12,17,4.421366816593453,0.801158533025768,-2.6059017008951186,4.906622432639821,-3.946708785692183,6.029276114655193,NA,NA,NA,NA,NA,0.184,0.044,0.1765307809696799,0.047383656801313234,platt_vol_vegas,platt,0.1765307809696799,0.047383656801313234,NA,NA,NA
TE,00-0040879,Matthew Hibner,BAL,DAL,2026_03_BAL_DAL,2026,3,NA,NA,12,17,3.844657914996746,1.1566450603308984,-2.0074528132549947,4.96934243078605,-3.2526450184462234,6.011938065777309,NA,NA,NA,NA,NA,0.1835,0.0485,0.17288181473303513,0.052295270999154896,platt_vol_vegas,platt,0.17288181473303513,0.052295270999154896,NA,NA,NA
TE,00-0034798,Durham Smythe,BAL,DAL,2026_03_BAL_DAL,2026,3,NA,NA,12,17,3.848303360556011,1.093490590286843,-2.0721950070479,4.908101147502992,-3.3180120415949355,5.951219950207848,NA,NA,NA,NA,NA,0.1705,0.045,0.17252041602462448,0.04847477896508845,platt_vol_vegas,platt,0.17252041602462448,0.04847477896508845,NA,NA,NA
TE,00-0039356,Ja'Tavion Sanders,CAR,CLE,2026_03_CAR_CLE,2026,3,NA,NA,12,17,4.59779295483777,0.6404028051641414,-2.837958532784118,4.831783620972581,-4.20682529920405,5.977931588815701,NA,NA,NA,NA,NA,0.1865,0.0445,0.17231839917295966,0.04792919143411586,platt_vol_vegas,platt,0.17231839917295966,0.04792919143411586,NA,NA,NA
TE,00-0041510,Max Klare,LA,DEN,2026_03_LA_DEN,2026,3,NA,NA,12,17,4.480957105397726,0.9774823156430162,-2.4538081254620794,5.1121433042561275,-3.804150713369783,6.242781033938319,NA,NA,NA,NA,NA,0.2245,0.065,0.1721001759409034,0.07032964800129017,platt_vol_vegas,platt,0.1721001759409034,0.07032964800129017,NA,NA,NA
TE,00-0036556,Brevin Jordan,HOU,IND,2026_03_HOU_IND,2026,3,NA,NA,12,17,4.58861969139039,0.5473198219823604,-2.9273663055594548,4.734272056371275,-4.29478673765808,5.879209012899158,NA,NA,NA,NA,NA,0.1825,0.0535,0.1714495071232623,0.05775674085216733,platt_vol_vegas,platt,0.1714495071232623,0.05775674085216733,NA,NA,NA
TE,00-0040331,Patrick Herbert,LAC,BUF,2026_03_LAC_BUF,2026,3,NA,NA,12,17,4.462294658333395,0.8077976266551518,-2.615920814531441,4.933334452447836,-3.963283534036546,6.061477147406516,NA,NA,NA,NA,NA,0.214,0.0615,0.1639689646053896,0.0665017969186095,platt_vol_vegas,platt,0.1639689646053896,0.0665017969186095,NA,NA,NA
TE,00-0039489,Hayden Rucci,LAC,BUF,2026_03_LAC_BUF,2026,3,NA,NA,12,17,4.462294658333395,0.8077976266551518,-2.615920814531441,4.933334452447836,-3.963283534036546,6.061477147406516,NA,NA,NA,NA,NA,0.1895,0.0445,0.16293550772632495,0.04792919143411586,platt_vol_vegas,platt,0.16293550772632495,0.04792919143411586,NA,NA,NA
TE,00-0036887,Luke Farrell,SF,ARI,2026_03_ARI_SF,2026,3,NA,NA,12,17,3.897447326641147,1.209930413229029,-1.9770904798073332,5.050249728223665,-3.2313037602874948,6.100398682035872,NA,NA,NA,NA,NA,0.173,0.0455,0.16082037991681936,0.0490204181443333,platt_vol_vegas,platt,0.16082037991681936,0.0490204181443333,NA,NA,NA
TE,00-0041314,Tanner Arkin,NE,JAX,2026_03_NE_JAX,2026,3,NA,NA,12,17,4.445191330952738,0.80470145566604,-2.6120644743867953,4.921860594681388,-3.9566911177602067,6.047712381441307,NA,NA,NA,NA,NA,0.194,0.0475,0.15815312766617456,0.05120346723481726,platt_vol_vegas,platt,0.15815312766617456,0.05120346723481726,NA,NA,NA
TE,00-0039518,Treyton Welch,NO,LV,2026_03_LV_NO,2026,3,NA,NA,12,17,4.274730046963259,1.0126925243695706,-2.334080184531084,5.045510729286643,-3.651161847667791,6.148299188119369,NA,NA,NA,NA,NA,0.184,0.049,0.15755689985891277,0.052841238793498356,platt_vol_vegas,platt,0.15755689985891277,0.052841238793498356,NA,NA,NA
TE,00-0034351,Dallas Goedert,PHI,CHI,2026_03_PHI_CHI,2026,3,Out,Did Not Participate In Practice,12,17,5.310951547340611,1.0580730680939443,-2.6961759840487165,5.581895042322612,-4.173615002323035,6.818950225447546,NA,NA,NA,NA,NA,0.2895,0.0915,0.15727969222409616,0.014325577072529364,platt_vol_vegas,platt,0.24227969222409618,0.09932557707252937,role_change_down,0.85,Zach Ertz signing implies reduced snap share and targets for Goedert during his MCL sprain recovery.
TE,00-0036754,Brock Wright,DET,NYJ,2026_03_NYJ_DET,2026,3,NA,NA,12,17,3.8558126745815278,1.2127898831461827,-1.9561640633788464,5.031338759232795,-3.2032673169678283,6.075534509217906,NA,NA,NA,NA,NA,0.186,0.045,0.156601285331697,0.04847477896508845,platt_vol_vegas,platt,0.156601285331697,0.04847477896508845,NA,NA,NA
TE,00-0040058,Nick Kallerup,SEA,WAS,2026_03_SEA_WAS,2026,3,NA,NA,12,17,4.252322181364056,1.2667270785417173,-2.0707477531719025,5.288341460657428,-3.3841703499141174,6.3880661943599,NA,NA,NA,NA,NA,0.2065,0.052,0.1531031085969793,0.05611790252579439,platt_vol_vegas,platt,0.1531031085969793,0.05611790252579439,NA,NA,NA
TE,00-0040215,Gavin Bartholomew,MIN,TB,2026_03_MIN_TB,2026,3,NA,NA,12,17,4.319276420940255,0.9156645809507643,-2.44952423937104,4.970673964015512,-3.7738533389991984,6.0795306793144785,NA,NA,NA,NA,NA,0.198,0.061,0.1530490711920804,0.06595504054326327,platt_vol_vegas,platt,0.1530490711920804,0.06595504054326327,NA,NA,NA
TE,00-0036637,Noah Gray,KC,MIA,2026_03_KC_MIA,2026,3,NA,NA,12,17,3.8913594844245827,1.1858076700005535,-1.998577154038142,5.022950555650307,-3.2517530416501366,6.072230903578529,NA,NA,NA,NA,NA,0.1785,0.046,0.1520689382626943,0.04956610774783282,platt_vol_vegas,platt,0.1520689382626943,0.04956610774783282,NA,NA,NA
TE,00-0035631,Drew Sample,CIN,PIT,2026_03_CIN_PIT,2026,3,NA,NA,12,17,4.24862922764247,0.7193449468659333,-2.6165953262238357,4.739110205514633,-3.9294140160980686,5.8383292898387404,NA,NA,NA,NA,NA,0.1785,0.0455,0.15115884869726973,0.0490204181443333,platt_vol_vegas,platt,0.15115884869726973,0.0490204181443333,NA,NA,NA
TE,00-0041116,Jack Endries,CIN,PIT,2026_03_CIN_PIT,2026,3,NA,NA,12,17,4.252322181364056,0.8870623684692843,-2.4504124632443354,4.908676750584995,-3.7638350599865507,6.008401484287467,NA,NA,NA,NA,NA,0.1685,0.045,0.1509619091254243,0.04847477896508845,platt_vol_vegas,platt,0.1509619091254243,0.04847477896508845,NA,NA,NA
TE,00-0038498,E.J. Jenkins,PHI,CHI,2026_03_PHI_CHI,2026,3,NA,NA,12,17,4.252322181364056,0.9065803850779149,-2.4308944466357048,4.9281947671936255,-3.74431704337792,6.027919500896098,NA,NA,NA,NA,NA,0.1615,0.0455,0.15063894123553392,0.0490204181443333,platt_vol_vegas,platt,0.15063894123553392,0.0490204181443333,NA,NA,NA
TE,00-0036825,Feleipe Franks,CAR,CLE,2026_03_CAR_CLE,2026,3,NA,NA,12,17,4.269345175288143,1.0958661554186602,-2.2486742631258667,5.125994479077017,-3.564877435564047,6.228047380327672,NA,NA,NA,NA,NA,0.194,0.0535,0.1495431776378965,0.05775674085216733,platt_vol_vegas,platt,0.1495431776378965,0.05775674085216733,NA,NA,NA
TE,00-0038564,Cameron Latu,NE,JAX,2026_03_NE_JAX,2026,3,NA,NA,12,17,4.335555002869532,0.7078864743270884,-2.6640098254719966,4.770978284164693,-3.990978572005933,5.882045167765717,NA,NA,NA,NA,NA,0.1645,0.0395,0.14941556259348085,0.04247644574696996,platt_vol_vegas,platt,0.14941556259348085,0.04247644574696996,NA,NA,NA
TE,00-0038783,Nate Adkins,DEN,LA,2026_03_LA_DEN,2026,3,NA,NA,12,17,4.424789770687738,0.6474811315642459,-2.7609750663932564,4.754627149944627,-4.102331515845451,5.877740813309922,NA,NA,NA,NA,NA,0.167,0.042,0.1491344842810949,0.04520207320489637,platt_vol_vegas,platt,0.1491344842810949,0.04520207320489637,NA,NA,NA
TE,00-0037755,Jelani Woods,NYJ,DET,2026_03_NYJ_DET,2026,3,NA,NA,12,17,4.3656775265354435,0.7004745383948698,-2.6838023586462203,4.778484809176213,-4.015643338529843,5.893631198898351,NA,NA,NA,NA,NA,0.169,0.039,0.1488662498699172,0.04193151520405128,platt_vol_vegas,platt,0.1488662498699172,0.04193151520405128,NA,NA,NA
TE,00-0034959,Andrew Beck,NYJ,DET,2026_03_NYJ_DET,2026,3,NA,NA,12,17,4.339078311502737,0.904762158004424,-2.468584335978542,4.969601433240522,-3.796123788781984,6.081146167460082,NA,NA,NA,NA,NA,0.1825,0.042,0.14769839845900276,0.04520207320489637,platt_vol_vegas,platt,0.14769839845900276,0.04520207320489637,NA,NA,NA
TE,00-0039530,Brevyn Spann-Ford,DAL,BAL,2026_03_BAL_DAL,2026,3,NA,NA,12,17,3.842892759786337,0.5201278072651088,-2.643201022602816,4.331898489900094,-3.888090579999531,5.374240718816223,NA,NA,NA,NA,NA,0.129,0.0275,0.14688575745209054,0.02942089259379163,platt_vol_vegas,platt,0.14688575745209054,0.02942089259379163,NA,NA,NA
TE,00-0034613,Tanner Hudson,CIN,PIT,2026_03_CIN_PIT,2026,3,NA,NA,12,17,4.1848603614244935,0.8904308324274678,-2.4189113916996563,4.878145783092431,-3.721262743152386,5.968600596886465,NA,NA,NA,NA,NA,0.1765,0.0405,0.14685510531754103,0.043566506363363365,platt_vol_vegas,platt,0.14685510531754103,0.043566506363363365,NA,NA,NA
TE,00-0039050,Payne Durham,TB,MIN,2026_03_MIN_TB,2026,3,NA,NA,12,17,4.356239348821847,0.8572198867823366,-2.523182181511202,4.930561038602448,-3.8534982697051015,6.044430641164409,NA,NA,NA,NA,NA,0.187,0.0475,0.14567274686822565,0.05120346723481726,platt_vol_vegas,platt,0.14567274686822565,0.05120346723481726,NA,NA,NA
TE,00-0036290,Cole Kmet,CHI,PHI,2026_03_PHI_CHI,2026,3,NA,NA,12,17,4.491637969354696,0.5793604265503757,-2.8562569326208402,4.719235295957311,-4.208302326466821,5.851298779857273,NA,NA,NA,NA,NA,0.1765,0.0385,0.14532526194024747,0.04138665329369701,platt_vol_vegas,platt,0.14532526194024747,0.04138665329369701,NA,NA,NA
TE,00-0040081,Jake Briningstool,KC,MIA,2026_03_KC_MIA,2026,3,NA,NA,12,17,3.795233749125699,1.2772185462271604,-1.8652829580288453,5.0638925685290115,-3.101976174938295,6.099372026557804,NA,NA,NA,NA,NA,0.162,0.0445,0.14499524120779278,0.04792919143411586,platt_vol_vegas,platt,0.14499524120779278,0.04792919143411586,NA,NA,NA
TE,00-0039041,Elijah Higgins,ARI,SF,2026_03_ARI_SF,2026,3,NA,NA,12,17,4.379069369972362,0.5731705450335743,-2.8165975921451953,4.657797689777081,-4.150599582746393,5.7747534871809565,NA,NA,NA,NA,NA,0.159,0.044,0.14490749754895962,0.047383656801313234,platt_vol_vegas,platt,0.14490749754895962,0.047383656801313234,NA,NA,NA
TE,00-0038547,Luke Schoonmaker,DAL,BAL,2026_03_BAL_DAL,2026,3,NA,NA,12,17,3.793437928648671,0.724501057594105,-2.4172132608706414,4.510226531110076,-3.653596690393457,5.545446605105036,NA,NA,NA,NA,NA,0.1415,0.032,0.14433691129998374,0.03431050162284035,platt_vol_vegas,platt,0.14433691129998374,0.03431050162284035,NA,NA,NA
TE,00-0036422,Adam Trautman,DEN,LA,2026_03_LA_DEN,2026,3,NA,NA,12,17,4.334499631937842,0.854678869666293,-2.5167829314025503,4.917247114104709,-3.8435806862498585,6.028170826888122,NA,NA,NA,NA,NA,0.1815,0.042,0.14387180412020925,0.04520207320489637,platt_vol_vegas,platt,0.14387180412020925,0.04520207320489637,NA,NA,NA
TE,00-0041558,Sam Roush,CHI,PHI,2026_03_PHI_CHI,2026,3,NA,NA,12,17,4.458649959065384,0.8305002037981457,-2.5917377183608066,4.954253023144407,-3.938517797623255,6.081907875205234,NA,NA,NA,NA,NA,0.1925,0.052,0.14385022974417064,0.05611790252579439,platt_vol_vegas,platt,0.14385022974417064,0.05611790252579439,NA,NA,NA
TE,00-0037252,Greg Dulcich,MIA,KC,2026_03_KC_MIA,2026,3,NA,NA,12,17,4.710996775945856,0.437387676975896,-3.0860472081450605,4.683081539234971,-4.472652120425871,5.84408160249781,NA,NA,NA,NA,NA,0.168,0.045,0.14346460262504251,0.04847477896508845,platt_vol_vegas,platt,0.14346460262504251,0.04847477896508845,NA,NA,NA
TE,00-0035249,Josh Oliver,MIN,TB,2026_03_MIN_TB,2026,3,NA,NA,12,17,4.199802393138056,0.7490345039799933,-2.5665570711979964,4.7442798425376935,-3.8713677786905643,5.836793867641704,NA,NA,NA,NA,NA,0.156,0.0365,0.14337104409498094,0.03920792541404707,platt_vol_vegas,platt,0.14337104409498094,0.03920792541404707,NA,NA,NA
TE,00-0040225,Thomas Fidone II,NYG,TEN,2026_03_TEN_NYG,2026,3,NA,NA,12,17,4.470143088491314,0.6433387902313743,-2.783565842979935,4.772714936563355,-4.132182449574481,5.901907507357087,NA,NA,NA,NA,NA,0.1785,0.0425,0.14281539285033018,0.045747383197463264,platt_vol_vegas,platt,0.14281539285033018,0.045747383197463264,NA,NA,NA
TE,00-0037004,Hunter Long,ARI,SF,2026_03_ARI_SF,2026,3,NA,NA,12,17,4.323565674026501,0.7919389472373117,-2.575018383607428,4.849079362807947,-3.9000434590258246,5.9585188165130285,NA,NA,NA,NA,NA,0.1895,0.0475,0.14264146089219482,0.05120346723481726,platt_vol_vegas,platt,0.14264146089219482,0.05120346723481726,NA,NA,NA
TE,00-0041133,Dallen Bentley,DEN,LA,2026_03_LA_DEN,2026,3,NA,NA,12,17,4.3174496491356615,0.5537902504864862,-2.8106451189210073,4.607891734859559,-4.134677707112739,5.716500182037303,NA,NA,NA,NA,NA,0.1665,0.0375,0.14214669902459456,0.04029714197416743,platt_vol_vegas,platt,0.14214669902459456,0.04029714197416743,NA,NA,NA
TE,00-0039814,Erick All,CIN,PIT,2026_03_CIN_PIT,2026,3,NA,NA,12,17,4.111593927985306,0.6010153807834907,-2.677530732414934,4.5516214126193955,-3.9677626492576468,5.631928660784373,NA,NA,NA,NA,NA,0.155,0.0395,0.14119191535965175,0.04247644574696996,platt_vol_vegas,platt,0.14119191535965175,0.04247644574696996,NA,NA,NA
TE,00-0041503,Nate Boerkircher,JAX,NE,2026_03_NE_JAX,2026,3,NA,NA,12,17,3.9162768944198847,0.8170973465602611,-2.3780646094228546,4.667226538028353,-3.6354817061338274,5.720058037397488,NA,NA,NA,NA,NA,0.156,0.035,0.14023291878666044,0.03757468480989566,platt_vol_vegas,platt,0.14023291878666044,0.03757468480989566,NA,NA,NA
TE,00-0041094,Bauer Sharp,TB,MIN,2026_03_MIN_TB,2026,3,NA,NA,12,17,4.252322181364056,1.0181665942023155,-2.3193082375113043,5.039780976318026,-3.632730834253519,6.139505710020498,NA,NA,NA,NA,NA,0.18,0.0455,0.13877826140026422,0.0490204181443333,platt_vol_vegas,platt,0.13877826140026422,0.0490204181443333,NA,NA,NA
TE,00-0041041,Oscar Delp,NO,LV,2026_03_LV_NO,2026,3,NA,NA,12,17,3.999012854809767,0.8557005134952461,-2.3750164201074515,4.7486729971410035,-3.646425745490377,5.813220146894359,NA,NA,NA,NA,NA,0.1675,0.0425,0.13871644068421107,0.045747383197463264,platt_vol_vegas,platt,0.13871644068421107,0.045747383197463264,NA,NA,NA
TE,00-0033217,Mo Alie-Cox,IND,HOU,2026_03_HOU_IND,2026,3,NA,NA,12,17,4.252322181364056,0.5311646915731191,-2.8063101401405004,4.552779073688829,-4.119732736882716,5.652503807391302,NA,NA,NA,NA,NA,0.172,0.0445,0.13845130951502638,0.04792919143411586,platt_vol_vegas,platt,0.13845130951502638,0.04792919143411586,NA,NA,NA
TE,00-0037311,Ko Kieft,TB,MIN,2026_03_MIN_TB,2026,3,NA,NA,12,17,4.252322181364056,1.0181665942023155,-2.3193082375113043,5.039780976318026,-3.632730834253519,6.139505710020498,NA,NA,NA,NA,NA,0.172,0.0545,0.13845130951502638,0.05884947016740101,platt_vol_vegas,platt,0.13845130951502638,0.05884947016740101,NA,NA,NA
TE,00-0040739,Elijah Arroyo,SEA,WAS,2026_03_SEA_WAS,2026,3,NA,NA,12,17,4.023381069426629,1.4787442454056468,-1.7623785351650936,5.384255641233489,-3.037882954963772,6.4522316010492125,NA,NA,NA,NA,NA,0.1935,0.0495,0.13777216016602117,0.05338724910356462,platt_vol_vegas,platt,0.13777216016602117,0.05338724910356462,NA,NA,NA
TE,00-0041131,Carsen Ryan,CLE,CAR,2026_03_CAR_CLE,2026,3,NA,NA,12,17,4.2185185960418,1.0838177886427516,-2.239586901160478,5.088477830151141,-3.5474723648136663,6.183566339209002,NA,NA,NA,NA,NA,0.1835,0.0465,0.13682217408526826,0.05011184657662508,platt_vol_vegas,platt,0.13682217408526826,0.05011184657662508,NA,NA,NA
TE,00-0033110,Tyler Higbee,LA,DEN,2026_03_LA_DEN,2026,3,NA,NA,12,17,3.99185153173993,1.0457467616866727,-2.1819064346878627,4.935027481252977,-3.452110063576027,5.998565105009204,NA,NA,NA,NA,NA,0.16,0.043,0.13625942605487512,0.04629275136441496,platt_vol_vegas,platt,0.13625942605487512,0.04629275136441496,NA,NA,NA
TE,00-0037304,Connor Heyward,LV,NO,2026_03_LV_NO,2026,3,NA,NA,12,17,4.252322181364056,0.6104151494553338,-2.727059682258286,4.632029531571044,-4.040482279000501,5.7317542652735165,NA,NA,NA,NA,NA,0.1665,0.0435,0.1339470255667725,0.04683817634331945,platt_vol_vegas,platt,0.1339470255667725,0.04683817634331945,NA,NA,NA
TE,00-0038488,Brady Russell,SEA,WAS,2026_03_SEA_WAS,2026,3,NA,Full Participation in Practice,12,17,3.9567705697030435,1.3272775544492925,-1.885329882589801,5.198428326919577,-3.1496124360263886,6.257008252262233,NA,NA,NA,NA,NA,0.179,0.0405,0.133147297546978,0.043566506363363365,platt_vol_vegas,platt,0.133147297546978,0.043566506363363365,NA,NA,NA
TE,00-0033757,Robert Tonyan,PIT,CIN,2026_03_CIN_PIT,2026,3,NA,NA,12,17,4.269345175288143,1.050179085185739,-2.294361333358788,5.080307408844096,-3.610564505796968,6.182360310094751,NA,NA,NA,NA,NA,0.187,0.0435,0.13190824801293585,0.04683817634331945,platt_vol_vegas,platt,0.13190824801293585,0.04683817634331945,NA,NA,NA
TE,00-0031484,Chris Manhertz,NYG,TEN,2026_03_TEN_NYG,2026,3,NA,NA,12,17,4.2876250296245315,0.8499975750645119,-2.502115355961573,4.889250679175205,-3.8212985985153036,5.99379878404301,NA,NA,NA,NA,NA,0.177,0.045,0.13149409796578265,0.04847477896508845,platt_vol_vegas,platt,0.13149409796578265,0.04847477896508845,NA,NA,NA
TE,00-0036590,Quintin Morris,JAX,NE,2026_03_NE_JAX,2026,3,NA,NA,12,17,3.77363846947141,0.8787099587400513,-2.254313744669756,4.653963352538067,-3.4872770884186552,5.6863197991473795,NA,NA,NA,NA,NA,0.142,0.0365,0.13087534305638931,0.03920792541404707,platt_vol_vegas,platt,0.13087534305638931,0.03920792541404707,NA,NA,NA
TE,00-0036187,Reggie Gilliam,NE,JAX,2026_03_NE_JAX,2026,3,NA,Limited Participation in Practice,12,17,4.02305373130868,0.909825597757949,-2.331157597988341,4.815168795661959,-3.606607085878364,5.883098761158134,NA,NA,NA,NA,NA,0.1545,0.0365,0.12944237524624783,0.03920792541404707,platt_vol_vegas,platt,0.12944237524624783,0.03920792541404707,NA,NA,NA
TE,00-0041472,Marlin Klein,HOU,IND,2026_03_HOU_IND,2026,3,NA,NA,12,17,3.963052742313574,0.9811324841065528,-2.2341738944619074,4.855535446516324,-3.4995185834862372,5.91500469474659,NA,NA,NA,NA,NA,0.167,0.0345,0.12931533160420905,0.037030434671985246,platt_vol_vegas,platt,0.12931533160420905,0.037030434671985246,NA,NA,NA
TE,00-0037809,Chig Okonkwo,WAS,SEA,2026_03_SEA_WAS,2026,3,Out,Did Not Participate In Practice,12,17,4.668060758216999,0.0767013500784309,-3.4296986634679496,4.301868410495937,-4.809599709386669,5.4572553469037075,NA,NA,NA,NA,NA,0.166,0.046,0.12726976312160265,0.04956610774783282,platt_vol_vegas,platt,0.12726976312160265,0.04956610774783282,NA,NA,NA
TE,00-0039074,Davis Allen,LA,DEN,2026_03_LA_DEN,2026,3,NA,NA,12,17,3.844657914996746,0.6529448696349665,-2.511153003950927,4.4656422400901175,-3.7563452091421556,5.5082378750813765,NA,NA,NA,NA,NA,0.1435,0.034,0.12676648064297444,0.036486269550923635,platt_vol_vegas,platt,0.12676648064297444,0.036486269550923635,NA,NA,NA
TE,00-0033576,Eric Saubert,SEA,WAS,2026_03_SEA_WAS,2026,3,NA,NA,12,17,3.856534109232652,1.0968044393025504,-2.0724633461932203,4.915731487325145,-3.3196901072891336,5.960030649769055,NA,NA,NA,NA,NA,0.16,0.0325,0.12648496567253054,0.034854305329966966,platt_vol_vegas,platt,0.12648496567253054,0.034854305329966966,NA,NA,NA
TE,00-0033246,Johnny Mundt,PHI,CHI,2026_03_PHI_CHI,2026,3,NA,NA,12,17,3.8679203246714597,0.7558892962236597,-2.4183280736070167,4.580780529910699,-3.6675026833722812,5.626710620103612,NA,NA,NA,NA,NA,0.143,0.032,0.1259528857803743,0.03431050162284035,platt_vol_vegas,platt,0.1259528857803743,0.03431050162284035,NA,NA,NA
TE,00-0041579,Seydou Traore,MIA,KC,2026_03_KC_MIA,2026,3,NA,Full Participation in Practice,12,17,4.423193588398047,0.28117760226345,-3.1266276969549,4.3875392960083905,-4.46772799313095,5.510438483016957,NA,NA,NA,NA,NA,0.161,0.042,0.125707696547816,0.04520207320489637,platt_vol_vegas,platt,0.125707696547816,0.04520207320489637,NA,NA,NA
TE,00-0036876,Kylen Granson,TEN,NYG,2026_03_TEN_NYG,2026,3,NA,NA,12,17,4.423193588398047,0.3888299922143297,-3.0189753070040206,4.49519168595927,-4.3600756031800705,5.618090872967836,NA,NA,NA,NA,NA,0.157,0.0395,0.1248481221482777,0.04247644574696996,platt_vol_vegas,platt,0.1248481221482777,0.04247644574696996,NA,NA,NA
TE,00-0036628,John Bates,WAS,SEA,2026_03_SEA_WAS,2026,3,NA,NA,12,17,4.612274829709758,0.4881772444309425,-2.9959791480742606,4.686541026681524,-4.367126487678481,5.83459851149504,NA,NA,NA,NA,NA,0.183,0.0415,0.12471104745497981,0.04465682277974643,platt_vol_vegas,platt,0.12471104745497981,0.04465682277974643,NA,NA,NA
TE,00-0041077,Justin Joly,MIA,KC,2026_03_KC_MIA,2026,3,NA,NA,12,17,4.400641983354807,0.0900289864735634,-3.308568269395227,4.185295106039531,-4.646044852190079,5.3051601688880305,NA,NA,NA,NA,NA,0.146,0.036,0.12379729876333087,0.03866343211875167,platt_vol_vegas,platt,0.12379729876333087,0.03866343211875167,NA,NA,NA
TE,00-0039359,Cade Stover,HOU,IND,2026_03_HOU_IND,2026,3,NA,NA,12,17,3.8547410033012985,1.038630996226709,-2.129856700136511,4.856618046846181,-3.376776466649446,5.9006601636622396,NA,NA,NA,NA,NA,0.153,0.036,0.12252913295360662,0.03866343211875167,platt_vol_vegas,platt,0.12252913295360662,0.03866343211875167,NA,NA,NA
TE,00-0033885,David Njoku,LAC,BUF,2026_03_LAC_BUF,2026,3,NA,NA,12,17,5.101118275764272,0.9642284533906326,-2.7107608136901122,5.392543402817337,-4.1570081082923735,6.6034818508609225,NA,NA,NA,NA,NA,0.2525,0.0775,0.12168833546908892,0,platt_vol_vegas,platt,0.21668833546908892,0.08400583472461792,role_change_down,0.95,"Njoku placed on IR, reducing his opportunity; Rucci signed as depth but doesn't meaningfully increase any starter's role given both top TEs are out."
TE,00-0040187,Mitchell Evans,CAR,CLE,2026_03_CAR_CLE,2026,3,NA,NA,12,17,3.8219521883356835,0.5633473310921568,-2.5908453816763384,4.364109109757402,-3.8321395313921176,5.403440914789949,NA,NA,NA,NA,NA,0.1235,0.029,0.11939960145251804,0.031049782047973696,platt_vol_vegas,platt,0.11939960145251804,0.031049782047973696,NA,NA,NA
TE,00-0037805,Jeremy Ruckert,NYJ,DET,2026_03_NYJ_DET,2026,3,NA,NA,12,17,3.8795911964144096,0.47443162449691567,-2.704851957744356,4.305427579184305,-3.9560203137385788,5.353027027012871,NA,NA,NA,NA,NA,0.127,0.0335,0.11777257934363693,0.03594219152108819,platt_vol_vegas,platt,0.11777257934363693,0.03594219152108819,NA,NA,NA
TE,00-0034981,Foster Moreau,HOU,IND,2026_03_HOU_IND,2026,3,NA,NA,12,17,3.778925844044307,0.5980914212373623,-2.537255175862807,4.3761438721502115,-3.77113266614961,5.409265730867139,NA,NA,NA,NA,NA,0.126,0.0335,0.11717748183488412,0.03594219152108819,platt_vol_vegas,platt,0.11717748183488412,0.03594219152108819,NA,NA,NA
TE,00-0038558,Darnell Washington,PIT,CIN,2026_03_CIN_PIT,2026,3,NA,NA,12,17,3.9649395759981436,0.4093539492943659,-2.806762655827998,4.284733224313595,-4.072426199650652,5.344469448693843,NA,NA,NA,NA,NA,0.134,0.0335,0.11278078967198063,0.03594219152108819,platt_vol_vegas,platt,0.11278078967198063,0.03594219152108819,NA,NA,NA
TE,00-0039648,David Martin-Robinson,TEN,NYG,2026_03_TEN_NYG,2026,3,NA,NA,12,17,4.2185185960418,0.39050367035922046,-2.9329010194440093,4.3951637118676095,-4.240786483097198,5.490252220925471,NA,NA,NA,NA,NA,0.13,0.0285,0.11254645236703795,0.030506703429256914,platt_vol_vegas,platt,0.11254645236703795,0.030506703429256914,NA,NA,NA
TE,00-0037292,Andrew Ogletree,IND,HOU,2026_03_HOU_IND,2026,3,NA,NA,12,17,3.8100666388184203,1.0602036328212734,-2.0887930764221414,4.854704293857279,-3.328042402195657,5.892323974040632,NA,NA,NA,NA,NA,0.1515,0.0375,0.11240483828567512,0.04029714197416743,platt_vol_vegas,platt,0.11240483828567512,0.04029714197416743,NA,NA,NA
TE,00-0038710,Blake Whiteheart,CLE,CAR,2026_03_CAR_CLE,2026,3,NA,NA,12,17,3.77363846947141,0.7852361345338776,-2.3477875688759293,4.560489528331893,-3.580750912624829,5.592845974941206,NA,NA,NA,NA,NA,0.14,0.0315,0.11007294460685932,0.033766793921005685,platt_vol_vegas,platt,0.11007294460685932,0.033766793921005685,NA,NA,NA
TE,00-0034365,Ian Thomas,LV,NO,2026_03_LV_NO,2026,3,NA,NA,12,17,3.7782107552016115,0.6307124781696741,-2.5043200496035936,4.408386479570322,-3.738073941729603,5.441404849924248,NA,NA,NA,NA,NA,0.116,0.0265,0.10577359365277407,0.02833556413937982,platt_vol_vegas,platt,0.10577359365277407,0.02833556413937982,NA,NA,NA
TE,00-0041524,Will Kacmarek,MIA,KC,2026_03_KC_MIA,2026,3,NA,NA,12,17,3.8929247669700757,0.6098496021697949,-2.575213183042983,4.447809422342109,-3.828655874022989,5.497313163916492,NA,NA,NA,NA,NA,0.1215,0.0275,0.09688708955550666,0.02942089259379163,platt_vol_vegas,platt,0.09688708955550666,0.02942089259379163,NA,NA,NA
TE,00-0038115,Daniel Bellinger,TEN,NYG,2026_03_TEN_NYG,2026,3,NA,Limited Participation in Practice,12,17,3.857673056913974,0.26648256822672434,-2.9032806267875646,4.086006578367438,-4.150702350269435,5.130468982222384,NA,NA,NA,NA,NA,0.1135,0.0205,0.09441522207979683,0.021835341684752277,platt_vol_vegas,platt,0.09441522207979683,0.021835341684752277,NA,NA,NA
TE,00-0039912,Ben Sinnott,WAS,SEA,2026_03_SEA_WAS,2026,3,NA,NA,12,17,3.880649458851418,0.13527413873482863,-3.044468470050637,3.966823214522747,-4.29581747035412,5.014573915280408,NA,NA,NA,NA,NA,0.1005,0.0265,0.08590474727929492,0.02833556413937982,platt_vol_vegas,platt,0.08590474727929492,0.02833556413937982,NA,NA,NA
TE,00-0039686,Colson Yankoff,WAS,SEA,2026_03_SEA_WAS,2026,3,NA,NA,12,17,3.795233749125699,0.6071710377422258,-2.5353304665137797,4.393845060044077,-3.7720236834232295,5.429324518072869,NA,NA,NA,NA,NA,0.1335,0.029,0.08368494492066769,0.031049782047973696,platt_vol_vegas,platt,0.08368494492066769,0.031049782047973696,NA,NA,NA
WR,00-0038543,Jaxon Smith-Njigba,SEA,WAS,2026_03_SEA_WAS,2026,3,NA,NA,15,20,8.947016229310924,NA,NA,NA,NA,NA,19.316465865405387,9.126960402322572,31.211537130505697,7.550462764355768,36.11640693242067,0.6070629638123706,0.38088767301726945,0.711645432770027,0.47638285008678666,platt,platt,0.626645432770027,0.39138285008678664,role_change_up,0.85,"Drew Lock's performance demonstrates a clear passing-volume dependency on JSN (155/235 yards, all 3 TDs), establishing him as the primary target in Lock's offense if Lock continues starting."
WR,00-0036963,Amon-Ra St. Brown,DET,NYJ,2026_03_NYJ_DET,2026,3,NA,NA,15,20,10.086928885583939,NA,NA,NA,NA,NA,20.641107767418752,9.390056347364396,33.775411383402485,7.649318678336014,39.19127209911194,0.648978681565151,0.4314841638425718,0.6697233013443916,0.44338887438735497,platt,platt,0.6697233013443916,0.44338887438735497,NA,NA,NA
WR,00-0039075,Puka Nacua,LA,DEN,2026_03_LA_DEN,2026,3,Doubtful,Did Not Participate In Practice,15,20,8.964284578198074,NA,NA,NA,NA,NA,17.30408746873495,7.0983321993248065,29.218128506706762,5.519320427439997,34.13082039425981,0.5004196126556251,0.30051598391528633,0.5153940480914975,0.3084078729899792,platt,platt,0.5153940480914975,0.3084078729899792,NA,NA,NA
WR,00-0036358,CeeDee Lamb,DAL,BAL,2026_03_BAL_DAL,2026,3,NA,NA,15,20,8.056073389084935,NA,NA,NA,NA,NA,16.55405537136147,7.210628590013139,27.461427454045435,5.765034365182631,31.959024715490326,0.4760773995701548,0.27019526575584896,0.4897494921911196,0.2770247244658585,platt,platt,0.4897494921911196,0.2770247244658585,NA,NA,NA
WR,00-0035640,DK Metcalf,PIT,CIN,2026_03_CIN_PIT,2026,3,NA,NA,15,20,8.672640190705398,NA,NA,NA,NA,NA,14.596748787498466,4.666174752659687,26.189547503367017,3.1297384097676098,30.969776816323783,0.39168489466627154,0.21966179668239272,0.4854174239395083,0.30967556131855967,platt,platt,0.4004174239395083,0.22467556131855967,role_change_up,0.85,"Metcalf established clear target share leadership (10 targets, easily led team) in Week 1, indicating secured WR1 role in Steelers offense that changes his opportunity outlook."
WR,00-0037247,George Pickens,DAL,BAL,2026_03_BAL_DAL,2026,3,NA,NA,15,20,7.252971258372925,NA,NA,NA,NA,NA,16.19854982358214,7.631806406942676,26.1992337448924,6.306378906036883,30.3229629324634,0.46530316113740045,0.24859285198633208,0.4783770382226376,0.25465001115497893,platt,platt,0.4783770382226376,0.25465001115497893,NA,NA,NA
WR,00-0037239,Chris Olave,NO,LV,2026_03_LV_NO,2026,3,NA,NA,15,20,9.634132918712194,NA,NA,NA,NA,NA,16.479312819736933,5.6472971194723005,29.124440609908476,3.971391725657435,34.33859225785534,0.46394154615038097,0.282817157068427,0.47693896229888544,0.2900925944719258,platt,platt,0.47693896229888544,0.2900925944719258,NA,NA,NA
WR,00-0036322,Justin Jefferson,MIN,TB,2026_03_MIN_TB,2026,3,NA,NA,15,20,9.10350108738768,NA,NA,NA,NA,NA,15.867819408879901,5.5312564769852255,27.934563291254918,3.9320064342950296,32.910221390063654,0.44248493989168247,0.26127185282561305,0.45425449065229306,0.2677834544057084,platt,platt,0.45425449065229306,0.2677834544057084,NA,NA,NA
WR,00-0039064,Zay Flowers,BAL,DAL,2026_03_BAL_DAL,2026,3,Questionable,Limited Participation in Practice,15,20,8.530780252405064,NA,NA,NA,NA,NA,17.361719932225675,7.565576488067968,28.797586453283163,6.049938947379493,33.51310560468458,0.5086787481754085,0.2988765951692196,0.4520778138930009,0.23471188238423085,platt,platt,0.5240778138930009,0.30671188238423086,role_change_down,0.72,Chris Moore's activation combined with Zay Flowers' hamstring absence implies a meaningful shift in target share and receiving opportunity in Baltimore's passing game.
WR,00-0035719,Deebo Samuel Sr.,SF,ARI,2026_03_ARI_SF,2026,3,NA,NA,15,20,7.111659724158265,NA,NA,NA,NA,NA,13.944547754803727,5.515973797046547,23.783934784324707,4.2119235677224065,27.841154050597368,0.35717634025366296,0.1808789404675959,0.44879283884128324,0.269503386123807,platt,platt,0.3637928388412832,0.18450338612380696,role_change_up,0.85,Robinson's absence and Evans' uncertainty explicitly increase opportunity for Deebo Samuel Jr. and George Kittle against Arizona.
WR,00-0036912,DeVonta Smith,PHI,CHI,2026_03_PHI_CHI,2026,3,NA,Full Participation in Practice,15,20,8.62929764499155,NA,NA,NA,NA,NA,15.29790633107553,5.40836417008552,26.84280507129364,3.878276187517532,31.60328308231667,0.42053052819121184,0.23944972878461956,0.4310056136157884,0.24517771153289789,platt,platt,0.4310056136157884,0.24517771153289789,NA,NA,NA
WR,00-0031408,Mike Evans,SF,ARI,2026_03_ARI_SF,2026,3,Questionable,Limited Participation in Practice,15,20,6.85498517176503,NA,NA,NA,NA,NA,13.57702756794059,5.400650096988697,23.122004314820707,4.1356191475690185,27.057825056232474,0.33726979879582575,0.16878891801744134,0.4146658630884936,0.24398883395604182,platt,platt,0.3426658630884936,0.17198883395604184,role_change_up,0.72,"If Evans is ruled out, Kittle and Samuel are explicitly expected to see increased involvement in the passing game."
WR,00-0037740,Garrett Wilson,NYJ,DET,2026_03_NYJ_DET,2026,3,NA,NA,15,20,9.545063271925406,NA,NA,NA,NA,NA,14.815219979662354,4.066031139346686,27.363656973079628,2.402940533211444,32.5379386817421,0.40123489476442564,0.23746627533585796,0.4105483534982875,0.2431227380388756,platt,platt,0.4105483534982875,0.2431227380388756,NA,NA,NA
WR,00-0031381,Davante Adams,LA,DEN,2026_03_LA_DEN,2026,3,NA,NA,15,20,7.624262020780373,NA,NA,NA,NA,NA,14.825059088279668,5.89747709425251,25.246980390420127,4.516221450656179,29.544404586841868,0.40025390525357296,0.2094120030570027,0.40950784511472277,0.21405616470628988,platt,platt,0.40950784511472277,0.21405616470628988,NA,NA,NA
WR,00-0036900,Ja'Marr Chase,CIN,PIT,2026_03_CIN_PIT,2026,3,NA,NA,15,20,9.048493572695307,NA,NA,NA,NA,NA,14.769163796518525,4.484244068217942,26.77562020082746,2.892984147205201,31.726419076516827,0.3990921793339638,0.22989855616428057,0.408275585644755,0.23528191667601153,platt,platt,0.408275585644755,0.23528191667601153,NA,NA,NA
WR,00-0038997,Josh Downs,IND,HOU,2026_03_HOU_IND,2026,3,NA,NA,15,20,7.099472824851852,NA,NA,NA,NA,NA,12.654767829113624,4.238131998183087,22.480218473803248,2.935928809307784,26.531691145407933,0.29618860711525774,0.15308811606165074,0.38411165990698204,0.24074733313870406,platt,platt,0.299111659906982,0.15574733313870406,role_change_up,0.85,Alec Pierce's heel injury creates a near-term opportunity increase for Downs in the Colts' receiving corps.
WR,00-0035676,A.J. Brown,NE,JAX,2026_03_NE_JAX,2026,3,NA,NA,15,20,7.427278874097814,NA,NA,NA,NA,NA,12.043264720096191,3.3067309782517924,22.24215924404606,1.9550338956077091,26.447619526592405,0.2789520703650835,0.1462352497553927,0.37587190582973107,0.24366321630492202,platt,platt,0.28087190582973104,0.14866321630492202,role_change_up,0.95,A.J. Brown's six-week absence creates significant target volume opportunity for these three receivers in New England's passing game.
WR,00-0041037,Denzel Boston,CLE,CAR,2026_03_CAR_CLE,2026,3,NA,NA,15,20,7.0601725798239094,NA,NA,NA,NA,NA,12.317092846489246,3.9389792934326806,22.097573179099932,2.6427361857700973,26.130502580069003,0.2842003147890515,0.14510417996496927,0.37142273500573675,0.2324942987644542,platt,platt,0.28642273500573673,0.1474942987644542,role_change_up,0.85,"Boston is emerging as the clear WR1 on the Browns offense with consistent target share and touchdown production, signaling increased opportunity and role definition."
WR,00-0038393,Dontayvion Wicks,PHI,CHI,2026_03_PHI_CHI,2026,3,NA,NA,15,20,6.702578451540118,NA,NA,NA,NA,NA,12.296370575470725,4.270514539929634,21.665630923981595,3.028771932446494,25.528995936726037,0.2794042441493271,0.13738809370473637,0.36635004189369424,0.22452267309272028,platt,platt,0.2813500418936942,0.1395226730927203,role_change_up,0.85,Loss of Dallas Goedert to knee injury increases target opportunity for Wicks as primary pass-catcher.
WR,00-0040124,Tetairoa McMillan,CAR,CLE,2026_03_CAR_CLE,2026,3,NA,NA,15,20,8.1922792334981,NA,NA,NA,NA,NA,13.792775513449927,4.318990003768667,24.852326361743863,2.853226966226906,29.412673733322436,0.3562771762587714,0.1922725170915056,0.3628384357355368,0.19630181870600655,platt,platt,0.3628384357355368,0.19630181870600655,NA,NA,NA
WR,00-0037240,Jameson Williams,DET,NYJ,2026_03_NYJ_DET,2026,3,NA,NA,15,20,6.359789357368793,NA,NA,NA,NA,NA,13.880231235007873,6.195124289940377,22.851706359359767,5.006101624383492,26.551046736173713,0.3488227678817357,0.16684990602366812,0.35492635224357566,0.16998233205643096,platt,platt,0.35492635224357566,0.16998233205643096,NA,NA,NA
WR,00-0039424,Devaughn Vele,NO,LV,2026_03_LV_NO,2026,3,NA,NA,15,20,7.178006729443138,NA,NA,NA,NA,NA,13.76124506892853,5.267740554655026,23.67643102704743,3.9536444139418876,27.764905581128932,0.3487652676626526,0.17798039184243286,0.354865324306304,0.1815025222144459,platt,platt,0.354865324306304,0.1815025222144459,NA,NA,NA
WR,00-0038606,Parker Washington,JAX,NE,2026_03_NE_JAX,2026,3,NA,NA,15,20,7.4382775358743745,NA,NA,NA,NA,NA,13.654640372735303,4.907416360710961,23.866014552944677,3.554065303224924,28.076620755827378,0.3455202631130254,0.17962311211397364,0.3514213201151819,0.18320319065470042,platt,platt,0.3514213201151819,0.18320319065470042,NA,NA,NA
WR,00-0036550,Rashod Bateman,BAL,DAL,2026_03_BAL_DAL,2026,3,NA,NA,15,20,6.6987971725679705,NA,NA,NA,NA,NA,11.795432262934076,3.773318234832926,21.160324249767935,2.5321545824238783,25.021887991650193,0.2613574032467555,0.12605772223128608,0.33428448300184094,0.19982648987101465,platt,platt,0.26228448300184093,0.12782648987101464,role_change_up,0.72,"Conditional opportunity increase if Zay Flowers remains unavailable, elevating Bateman to primary WR role against Dallas in Week 3."
WR,00-0037261,Khalil Shakir,BUF,LAC,2026_03_LAC_BUF,2026,3,NA,NA,15,20,6.499811561042522,NA,NA,NA,NA,NA,11.722589538004435,3.897917870639777,20.856990363101417,2.6873020614468093,24.62351229198265,0.2557678780077085,0.119731301266642,0.32838745541013115,0.19330142041883094,platt,platt,0.25638745541013114,0.12130142041883095,role_change_up,0.72,"Impact note indicates Shakir may see increased opportunity if DJ Moore misses time with shoulder injury, representing a potential role change."
WR,00-0036410,Tee Higgins,CIN,PIT,2026_03_CIN_PIT,2026,3,NA,NA,15,20,7.082241947809135,NA,NA,NA,NA,NA,13.2109163432727,4.811165726830204,23.0166554494201,3.5115749808112717,27.06000017223068,0.32138179422150737,0.16470014138624733,0.3258113108904729,0.16775795894957835,platt,platt,0.3258113108904729,0.16775795894957835,NA,NA,NA
WR,00-0036613,Jaylen Waddle,DEN,LA,2026_03_LA_DEN,2026,3,NA,NA,15,20,8.150155434757774,NA,NA,NA,NA,NA,12.990431402313392,3.5569209064393448,24.00296582167705,2.0973891295182483,28.543926217144723,0.3213687440195224,0.17644594567168848,0.3257974709634121,0.17991404025380958,platt,platt,0.3257974709634121,0.17991404025380958,NA,NA,NA
WR,00-0036554,Nico Collins,HOU,IND,2026_03_HOU_IND,2026,3,Out,Did Not Participate In Practice,15,20,9.03136107936005,NA,NA,NA,NA,NA,14.739149054382692,4.4703250981113065,26.72681550308016,2.8815554791723237,31.669866439828766,0.39788580036065346,0.22882612953153436,0.32199590740872536,0.14917077042442217,platt,platt,0.4069959074087254,0.2341707704244222,role_change_down,0.85,"Collins ruled out with hamstring injury and Bond elevated to fill WR depth, reducing Collins' target share and opportunity this week."
WR,00-0039491,Jalen Coker,CAR,CLE,2026_03_CAR_CLE,2026,3,Questionable,Limited Participation in Practice,15,20,7.066056860466667,NA,NA,NA,NA,NA,13.138749698208207,4.7548659819963355,22.92596603014607,3.457730127515177,26.96167298485562,0.31770693125207083,0.16287383429190816,0.321914389744943,0.16586845595961724,platt,platt,0.321914389744943,0.16586845595961724,NA,NA,NA
WR,00-0041523,Caleb Douglas,MIA,KC,2026_03_KC_MIA,2026,3,Out,Did Not Participate In Practice,15,20,6.983186617917327,NA,NA,NA,NA,NA,10.802805024523417,2.5002616180534023,20.495065935453837,1.2157105555078402,24.49161852390128,0.2307811475637528,0.11074231299243753,0.31508207475170275,0.19703814282051574,platt,platt,0.23008207475170273,0.11203814282051572,role_change_up,0.85,Douglas's absence creates increased snap and target opportunity for fellow rookie receivers Bell and Coleman Jr.
WR,00-0034827,DJ Moore,BUF,LAC,2026_03_LAC_BUF,2026,3,Questionable,Limited Participation in Practice,15,20,6.898673178990053,NA,NA,NA,NA,NA,12.921461164291252,4.7020437052785535,22.516682128330604,3.4303537045671515,26.47322080727909,0.30511403835705175,0.15516114075222576,0.3085661688389026,0.15789092977479421,platt,platt,0.3085661688389026,0.15789092977479421,NA,NA,NA
WR,00-0039410,Ryan Flournoy,DAL,BAL,2026_03_BAL_DAL,2026,3,NA,NA,15,20,6.64594407145931,NA,NA,NA,NA,NA,12.767839946233774,4.798068591891785,22.071627904336612,3.565003281629483,25.90799572274614,0.29577468385651384,0.1468286677599624,0.2986733446919684,0.14927652886599102,platt,platt,0.2986733446919684,0.14927652886599102,NA,NA,NA
WR,00-0039067,Rashee Rice,KC,MIA,2026_03_KC_MIA,2026,3,NA,Full Participation in Practice,15,20,7.48087101504615,NA,NA,NA,NA,NA,12.499892264736653,3.7112948954827125,22.759565063019842,2.351542644122887,26.990086945933783,0.29450814020700333,0.15656749951182913,0.2973322497060668,0.15934531829079132,platt,platt,0.2973322497060668,0.15934531829079132,NA,NA,NA
WR,00-0039893,Brian Thomas Jr.,JAX,NE,2026_03_NE_JAX,2026,3,NA,NA,15,20,6.284089202431272,NA,NA,NA,NA,NA,12.7239271613407,5.114494740170787,21.6070610155519,3.937180268756496,25.26997433627521,0.29028764215834135,0.13804749021238127,0.292864273339594,0.1402037176307835,platt,platt,0.292864273339594,0.1402037176307835,NA,NA,NA
WR,00-0038618,Xavier Hutchinson,HOU,IND,2026_03_HOU_IND,2026,3,NA,NA,15,20,6.675181054582695,NA,NA,NA,NA,NA,10.301336948411985,2.302602072800802,19.638936473801728,1.0650555909022987,23.48924631337657,0.20717259917904796,0.09531124063721919,0.29032925349324806,0.18116188643171194,platt,platt,0.20532925349324807,0.09616188643171192,role_change_up,0.85,Nico Collins sidelined creates increased target opportunity for Hutchinson as team's leading receiver.
WR,00-0035659,Terry McLaurin,WAS,SEA,2026_03_SEA_WAS,2026,3,NA,NA,15,20,7.562859964598778,NA,NA,NA,NA,NA,11.969874856184036,3.1017519956535775,22.32238448443445,1.7296957370374813,26.59118714378625,0.2780140456748271,0.14717895666871905,0.27988008951355264,0.14963857335582584,platt,platt,0.27988008951355264,0.14963857335582584,NA,NA,NA
WR,00-0039890,Adonai Mitchell,NYJ,DET,2026_03_NYJ_DET,2026,3,Questionable,Limited Participation in Practice,15,20,7.280130906806214,NA,NA,NA,NA,NA,12.01346657025353,3.4202211825286923,22.045088483193343,2.0906933555600773,26.18157478818666,0.27632559744074014,0.1428746711309259,0.27809504569436694,0.14519046852877646,platt,platt,0.27809504569436694,0.14519046852877646,NA,NA,NA
WR,00-0038117,Wan'Dale Robinson,TEN,NYG,2026_03_TEN_NYG,2026,3,NA,NA,15,20,6.974959197500797,NA,NA,NA,NA,NA,12.096899780572501,3.8024410166685456,21.779722804666847,2.519140792051809,25.77238373033191,0.2756162896848423,0.13865540478533256,0.27734524804578087,0.14083162264516103,platt,platt,0.27734524804578087,0.14083162264516103,NA,NA,NA
WR,00-0032464,Kalif Raymond,CHI,PHI,2026_03_PHI_CHI,2026,3,NA,NA,15,20,6.7073979174978815,NA,NA,NA,NA,NA,12.174640246644685,4.144015330198508,21.54946771305213,2.9015348920610897,25.41512829745361,0.27509209044673233,0.13475994667855506,0.27679116001740717,0.13680861714565476,platt,platt,0.27679116001740717,0.13680861714565476,NA,NA,NA
WR,00-0038559,Michael Wilson,ARI,SF,2026_03_ARI_SF,2026,3,NA,NA,15,20,6.96821632881652,NA,NA,NA,NA,NA,12.031488474732013,3.743656798768763,21.7065751387429,2.4613819024687906,25.69604601719392,0.27326037426085203,0.13709628375989846,0.2748552359650584,0.13922129484484683,platt,platt,0.2748552359650584,0.13922129484484683,NA,NA,NA
WR,00-0038621,DeMario Douglas,NE,JAX,2026_03_NE_JAX,2026,3,NA,NA,15,20,6.047149136336139,NA,NA,NA,NA,NA,10.042125154238128,2.6705869641154436,18.647544958232125,1.5300789593830402,22.195944357338647,0.18914324640888236,0.08094274502880905,0.2715082405562274,0.16641474775240245,platt,platt,0.1865082405562274,0.08141474775240243,role_change_up,0.85,A.J. Brown's ankle injury creates sustained opportunity increase for Douglas as primary receiver for New England.
WR,00-0040129,Emeka Egbuka,TB,MIN,2026_03_MIN_TB,2026,3,NA,NA,15,20,7.759826985172192,NA,NA,NA,NA,NA,11.321162852732842,2.262598573386244,21.895990851276313,0.8610776417276291,26.25646531624904,0.2594402609034171,0.13770706932591215,0.2602614085001785,0.13985211608980538,platt,platt,0.2602614085001785,0.13985211608980538,NA,NA,NA
WR,00-0038544,Quentin Johnston,LAC,BUF,2026_03_LAC_BUF,2026,3,NA,NA,15,20,7.387396637767164,NA,NA,NA,NA,NA,11.345450621728423,2.6477039447817834,21.499065725318342,1.3020079106102234,25.685855278062224,0.2553885017416443,0.13104987329968498,0.25598735920831805,0.13297832532759998,platt,platt,0.25598735920831805,0.13297832532759998,NA,NA,NA
WR,00-0040727,Tre Harris,LAC,BUF,2026_03_LAC_BUF,2026,3,NA,NA,15,20,6.646635274004769,NA,NA,NA,NA,NA,11.622651078547563,3.652194731752859,20.927238686257596,2.4190234409807427,24.763936235958603,0.254361801155779,0.12095821387071437,0.2549046834814832,0.12256651536434743,platt,platt,0.2549046834814832,0.12256651536434743,NA,NA,NA
WR,00-0035535,Darius Slayton,IND,HOU,2026_03_HOU_IND,2026,3,NA,NA,15,20,5.632487811421241,NA,NA,NA,NA,NA,9.3942158794923,2.442963660838351,17.509000333178534,1.3674813674804227,20.855088837306468,0.16502548269475625,0.06277743903443644,0.24646705356091975,0.14783536135741393,platt,platt,0.16146705356091973,0.06283536135741394,role_change_up,0.85,"Slayton signed with Indianapolis to replace injured Alec Pierce, creating immediate WR opportunity in the Colts' passing game alongside Josh Downs."
WR,00-0034348,Courtland Sutton,DEN,LA,2026_03_LA_DEN,2026,3,NA,NA,15,20,6.95808957927003,NA,NA,NA,NA,NA,11.222034635879822,2.944157916561137,20.88550003729292,1.6634232290272397,24.870178949499632,0.24494669616650988,0.11927150100497885,0.24498328924195173,0.12082735486958565,platt,platt,0.24498328924195173,0.12082735486958565,NA,NA,NA
WR,00-0031588,Stefon Diggs,WAS,SEA,2026_03_SEA_WAS,2026,3,NA,NA,15,20,6.731824881045123,NA,NA,NA,NA,NA,11.251353076635748,3.196566718225265,20.65438623713446,1.950348075488554,24.53167729050137,0.24235198523719748,0.11463612275662749,0.2422513828858035,0.11604955001947032,platt,platt,0.2422513828858035,0.11604955001947032,NA,NA,NA
WR,00-0039894,Xavier Worthy,KC,MIA,2026_03_KC_MIA,2026,3,NA,NA,15,20,6.594532897975453,NA,NA,NA,NA,NA,11.262880868842233,3.344093558296712,20.50715084184371,2.11891638597303,24.31897673349312,0.24046749265829237,0.11153783661439098,0.24026791161268363,0.11285753422250827,platt,platt,0.24026791161268363,0.11285753422250827,NA,NA,NA
WR,00-0041438,Carnell Tate,TEN,NYG,2026_03_TEN_NYG,2026,3,NA,NA,15,20,7.171674254458899,NA,NA,NA,NA,NA,10.982781194673558,2.4954694511949143,20.890737807835514,1.1823314422150517,24.976231379712146,0.24006684628495534,0.11890713149606436,0.23984629544799593,0.12045169803390153,platt,platt,0.23984629544799593,0.12045169803390153,NA,NA,NA
WR,00-0039915,Ladd McConkey,LAC,BUF,2026_03_LAC_BUF,2026,3,NA,Full Participation in Practice,15,20,6.097975059799053,NA,NA,NA,NA,NA,11.254186103019642,3.831483026210596,19.91933500531091,2.6830589039295916,23.492363382588703,0.23103725482561044,0.09887119571730707,0.23035118119694603,0.09982133765701899,platt,platt,0.23035118119694603,0.09982133765701899,NA,NA,NA
WR,00-0038994,Jordan Addison,MIN,TB,2026_03_MIN_TB,2026,3,NA,NA,15,20,6.967556990919306,NA,NA,NA,NA,NA,10.797166012400254,2.5099824126787507,20.471496122218326,1.2278077852944822,24.460655039544342,0.2303148773479895,0.11024983978751646,0.22959216807331814,0.11153093572378507,platt,platt,0.22959216807331814,0.11153093572378507,NA,NA,NA
WR,00-0039880,Malik Washington,MIA,KC,2026_03_KC_MIA,2026,3,NA,NA,15,20,7.019689004021641,NA,NA,NA,NA,NA,10.709581225870574,2.3711888001298327,20.443691728084318,1.0810912570010398,24.45750077443213,0.22818471119512407,0.10958616531593512,0.22735451414524677,0.11084745615822417,platt,platt,0.22735451414524677,0.11084745615822417,NA,NA,NA
WR,00-0039337,Malik Nabers,NYG,TEN,2026_03_TEN_NYG,2026,3,NA,Full Participation in Practice,15,20,8.26105906714939,NA,NA,NA,NA,NA,12.572843854770928,3.0333743489416385,23.709073185449327,1.5574488295056614,28.301038524194496,0.3044812958189038,0.17004660502961866,0.22289573274777763,0.0882903919415504,platt,platt,0.30789573274777765,0.1732903919415504,role_change_down,0.85,Starting QB change from Jaxson Dart to Jameis Winston reduces passing volume and accuracy for the star WR.
WR,00-0041547,KC Concepcion,CLE,CAR,2026_03_CAR_CLE,2026,3,NA,NA,15,20,6.641667460969818,NA,NA,NA,NA,NA,10.71279894150782,2.7472660495810644,20.011638984064973,1.5148565048032037,23.84596655563599,0.22135792502127816,0.10026323652604052,0.22018890544976982,0.10125283658117393,platt,platt,0.22018890544976982,0.10125283658117393,NA,NA,NA
WR,00-0040170,Elic Ayomanor,TEN,NYG,2026_03_TEN_NYG,2026,3,NA,NA,15,20,5.565471484837477,NA,NA,NA,NA,NA,8.753793514477184,1.8709622252166174,16.788704432189824,0.8060658659814939,20.10185750568116,0.14681848661389174,0.05153716872450187,0.21768553357782375,0.12638581710657054,platt,platt,0.14268553357782374,0.05138581710657054,role_change_up,0.75,"Second-year WR has established himself as the Titans' lead pass-catcher through two games, indicating a significant increase in target share and receiving role opportunity."
WR,00-0036252,Michael Pittman,PIT,CIN,2026_03_CIN_PIT,2026,3,Questionable,Limited Participation in Practice,15,20,6.621484199519541,NA,NA,NA,NA,NA,10.42542812671527,2.4799048585732795,19.700909243584615,1.2505911583138385,23.525604885538915,0.21054078171229929,0.09609000578850557,0.20885371168002442,0.09696223963066543,platt,platt,0.20885371168002442,0.09696223963066543,NA,NA,NA
WR,00-0040735,Luther Burden III,CHI,PHI,2026_03_PHI_CHI,2026,3,NA,NA,15,20,6.791763269092881,NA,NA,NA,NA,NA,10.309547472689921,2.195538594238183,19.781716088186116,0.9401571748291655,23.687514781221708,0.2098701284275677,0.09720564308392154,0.20815174431091485,0.0981089780305776,platt,platt,0.20815174431091485,0.0981089780305776,NA,NA,NA
WR,00-0039365,Jacob Cowing,SF,ARI,2026_03_ARI_SF,2026,3,NA,NA,15,20,5.4875440608990225,NA,NA,NA,NA,NA,11.046039290831061,4.242948889846339,18.98786192744702,3.190389863612479,22.26263053995553,0.20896717177812363,0.08454641850592204,0.20720678104990856,0.08510965575908923,platt,platt,0.20720678104990856,0.08510965575908923,NA,NA,NA
WR,00-0034960,Jakobi Meyers,JAX,NE,2026_03_NE_JAX,2026,3,NA,Full Participation in Practice,15,20,6.087485609973005,NA,NA,NA,NA,NA,10.495532758634294,3.0833830048580317,19.14836187465003,1.9365916692607534,22.716310253134857,0.20132391071361022,0.08806543656173038,0.1992152372421788,0.08872027071649892,platt,platt,0.1992152372421788,0.08872027071649892,NA,NA,NA
WR,00-0033307,Kendrick Bourne,ARI,SF,2026_03_ARI_SF,2026,3,NA,NA,15,20,6.2702530773536855,NA,NA,NA,NA,NA,10.325640708135884,2.730056784543949,19.192608040212967,1.554884921895134,22.848855180931942,0.19944180727622507,0.08895873379571018,0.1972494368901382,0.08963719660342585,platt,platt,0.1972494368901382,0.08963719660342585,NA,NA,NA
WR,00-0033921,Chris Godwin Jr.,TB,MIN,2026_03_MIN_TB,2026,3,NA,NA,15,20,6.165366528348674,NA,NA,NA,NA,NA,10.337328031985193,2.8468979965804246,19.081540339461668,1.687995309796003,22.687170094224882,0.19816648795235658,0.0872635333768671,0.19591788347499015,0.08789728441147379,platt,platt,0.19591788347499015,0.08789728441147379,NA,NA,NA
WR,00-0039901,Keon Coleman,BUF,LAC,2026_03_LAC_BUF,2026,3,Questionable,Limited Participation in Practice,15,20,6.0404157714514275,NA,NA,NA,NA,NA,10.210224245060427,2.845469913375344,18.80772467751476,1.7060114921425455,22.352858565600002,0.19314363584276406,0.08318433999781605,0.19067741130049312,0.08371277986416105,platt,platt,0.19067741130049312,0.08371277986416105,NA,NA,NA
WR,00-0038619,Andrei Iosivas,CIN,PIT,2026_03_CIN_PIT,2026,3,Out,Did Not Participate In Practice,15,20,5.087473615496819,NA,NA,NA,NA,NA,7.844339035000042,1.4538023341481008,15.304552855413892,0.4650726994534278,18.380732616600724,0.10858561193646254,0.03626244603406992,0.18868284790382028,0.12090504625522414,platt,platt,0.10368284790382029,0.03590504625522413,role_change_up,0.85,Iosivas' 4-game IR placement creates target and snap opportunity for other Bengals receivers in the pecking order.
WR,00-0037816,Romeo Doubs,NE,JAX,2026_03_NE_JAX,2026,3,NA,NA,15,20,6.186573664548247,NA,NA,NA,NA,NA,10.008726222013818,2.4970101124653654,18.777787563607866,1.3348140916000428,22.3936636863275,0.1906033548022481,0.08309935967229898,0.18802947572775663,0.0836256409989821,platt,platt,0.18802947572775663,0.0836256409989821,NA,NA,NA
WR,00-0039855,Jalen McMillan,TB,MIN,2026_03_MIN_TB,2026,3,NA,Full Participation in Practice,15,20,5.595059089905317,NA,NA,NA,NA,NA,10.371457829654977,3.458401273305946,18.441653257231863,2.3888285279258303,21.76935571197965,0.18968977118227082,0.07658524516600373,0.18707758047799006,0.07695062667898687,platt,platt,0.18707758047799006,0.07695062667898687,NA,NA,NA
WR,00-0039739,Roman Wilson,PIT,CIN,2026_03_CIN_PIT,2026,3,NA,NA,15,20,6.179417576247445,NA,NA,NA,NA,NA,9.921546391356822,2.41701158869128,18.68222438623613,1.2559266436656475,22.294643680221935,0.1883959538102361,0.08176048367422639,0.1857298780089693,0.08225295335838848,platt,platt,0.1857298780089693,0.08225295335838848,NA,NA,NA
WR,00-0041525,Chris Bell,MIA,KC,2026_03_KC_MIA,2026,3,NA,Full Participation in Practice,15,20,5.054700939126442,NA,NA,NA,NA,NA,7.753355767671578,1.3968587602458546,15.173832175841625,0.41339567126117327,18.23362642499771,0.1049267239824091,0.0349341760245343,0.18498753640618834,0.11956417941966391,platt,platt,0.09998753640618833,0.03456417941966391,role_change_up,0.85,"Backup Caleb Douglas sidelined, implying increased snap/carry opportunity for Bell this week."
WR,00-0040870,Ja'Kobi Lane,BAL,DAL,2026_03_BAL_DAL,2026,3,NA,NA,15,20,5.13947370963066,NA,NA,NA,NA,NA,8.105657419991438,1.6611882171576307,15.628831210043046,0.6641142656271599,18.73097218213172,0.11757894665475022,0.039323911471792705,0.18479595774671578,0.11099914456980503,platt,platt,0.11279595774671579,0.03899914456980504,role_change_up,0.72,"Lane's one-month absence creates immediate opportunity redistribution among Ravens receivers, likely benefiting other pass catchers on the roster."
WR,00-0038104,Tyquan Thornton,KC,MIA,2026_03_KC_MIA,2026,3,NA,NA,15,20,5.360714450468739,NA,NA,NA,NA,NA,10.314536395192441,3.641649410043647,18.10436157560808,2.6092351669167035,21.31645483996023,0.18381165994171755,0.07049216401295477,0.18095823624037,0.07071581617252612,platt,platt,0.18095823624037,0.07071581617252612,NA,NA,NA
WR,00-0032951,Laquon Treadwell,IND,HOU,2026_03_HOU_IND,2026,3,NA,Full Participation in Practice,15,20,5.021308262215595,NA,NA,NA,NA,NA,7.454632991394525,1.1328590774960272,14.83457419660035,0.15476826836603585,17.877653968936357,0.09728193449111155,0.031798574173798166,0.17729124491706538,0.1164028787538575,platt,platt,0.09229124491706536,0.0314028787538575,role_change_up,0.85,Dulin's absence creates increased opportunity for Treadwell in the Colts WR rotation.
WR,00-0036040,Juwan Johnson,NO,LV,2026_03_LV_NO,2026,3,NA,NA,15,20,5.954690154909249,NA,NA,NA,NA,NA,9.712006559127916,2.4337360488326745,18.208547114536444,1.3076582122256362,21.71205073062997,0.1794193156414211,0.07443340892764572,0.17639178636071567,0.07474771977885851,platt,platt,0.17639178636071567,0.07474771977885851,NA,NA,NA
WR,00-0038976,Marvin Mims Jr.,DEN,LA,2026_03_LA_DEN,2026,3,Questionable,Limited Participation in Practice,15,20,5.51505644813042,NA,NA,NA,NA,NA,9.996861583038815,3.165596239631596,17.9715752121784,2.1086780489279935,21.259906251711406,0.1783666865598642,0.06915722955755599,0.17529824066837857,0.06935105779018742,platt,platt,0.17529824066837857,0.06935105779018742,NA,NA,NA
WR,00-0030279,Keenan Allen,IND,HOU,2026_03_HOU_IND,2026,3,NA,Full Participation in Practice,15,20,6.508371759087728,NA,NA,NA,NA,NA,9.20800301945376,1.3748161541731365,18.352344355050864,0.16288289248456422,22.1229652009273,0.17710029658708937,0.07815140115783559,0.17398304715451607,0.07855462099140967,platt,platt,0.17398304715451607,0.07855462099140967,NA,NA,NA
WR,00-0040669,Isaac TeSlaa,DET,NYJ,2026_03_NYJ_DET,2026,3,NA,NA,15,20,5.670981502993553,NA,NA,NA,NA,NA,9.751063867118933,2.7605751229944184,17.91165243449432,1.6790222416231178,21.276628022947385,0.17503742174420012,0.06896935043642138,0.1718416741003977,0.06915901829730753,platt,platt,0.1718416741003977,0.06915901829730753,NA,NA,NA
WR,00-0041067,Bryce Lance,NO,LV,2026_03_LV_NO,2026,3,NA,NA,15,20,5.626625113644159,NA,NA,NA,NA,NA,9.74595787261766,2.800685565241218,17.85376147025915,1.7261284704651434,21.196971455272546,0.17402429918697437,0.0679015296771398,0.17079045884618393,0.06806772828346185,platt,platt,0.17079045884618393,0.06806772828346185,NA,NA,NA
WR,00-0038563,Tre Tucker,LV,NO,2026_03_LV_NO,2026,3,NA,NA,15,20,6.1086015191416445,NA,NA,NA,NA,NA,11.550445337444637,4.117054306549378,20.228071192223368,2.9669765677672917,23.806244374951405,0.2427358772751137,0.10552750782333398,0.1706555070064143,0.0346689868550312,platt,platt,0.24265550700641428,0.10666898685503119,role_change_down,0.72,Brock Bowers' imminent return from knee injury will likely reduce Tucker's target share and receiving opportunities in the Raiders' offense.
WR,00-0040867,Makai Lemon,PHI,CHI,2026_03_PHI_CHI,2026,3,NA,NA,15,20,5.64517559606033,NA,NA,NA,NA,NA,9.659929605813023,2.695739631720248,17.78981739532972,1.6182556375963895,21.14213368020583,0.1721690653295569,0.06703499286983361,0.16886626542091632,0.06718236962022413,platt,platt,0.16886626542091632,0.06718236962022413,NA,NA,NA
WR,00-0037545,Rashid Shaheed,SEA,WAS,2026_03_SEA_WAS,2026,3,NA,NA,15,20,5.764026381764948,NA,NA,NA,NA,NA,9.525349885729383,2.440210836792585,17.79643175673807,1.344013870631299,21.206968675277057,0.1711052651033913,0.06769470180364012,0.16776339322468192,0.06785638961495337,platt,platt,0.16776339322468192,0.06785638961495337,NA,NA,NA
WR,00-0041489,Germie Bernard,PIT,CIN,2026_03_CIN_PIT,2026,3,NA,NA,15,20,5.721699957415028,NA,NA,NA,NA,NA,9.410603342040117,2.368487889176177,17.631460131643067,1.278947438174674,21.021287003172205,0.1673192960713864,0.06506399945893859,0.16384120305125932,0.06516932850503372,platt,platt,0.16384120305125932,0.06516932850503372,NA,NA,NA
WR,00-0038608,Kayshon Boutte,HOU,IND,2026_03_HOU_IND,2026,3,NA,NA,15,20,5.57607880882919,NA,NA,NA,NA,NA,9.497329551727093,2.60365913311385,17.54489390159783,1.5370857678764223,20.863264550999368,0.16650665070431248,0.06300735575085714,0.16299990432891295,0.06306997647239965,platt,platt,0.16299990432891295,0.06306997647239965,NA,NA,NA
WR,00-0041048,Ted Hurst III,TB,MIN,2026_03_MIN_TB,2026,3,NA,NA,15,20,6.052000893749798,NA,NA,NA,NA,NA,8.989756524541425,1.6133310064729862,17.600881719677446,0.47206684522343245,21.151633706683356,0.16352147193168753,0.06621675789942238,0.15991128753819556,0.06634654886381183,platt,platt,0.15991128753819556,0.06634654886381183,NA,NA,NA
WR,00-0039919,Rome Odunze,CHI,PHI,2026_03_PHI_CHI,2026,3,NA,NA,15,20,6.81680733469982,NA,NA,NA,NA,NA,10.905338897524864,2.766611972217607,20.406362979063623,1.5074062315376455,24.324060071096415,0.23147962806488886,0.10899504977438734,0.15881603522341486,0.03823875037873525,platt,platt,0.23081603522341487,0.11023875037873525,role_change_down,0.72,Elevation of depth WR suggests potential snap/target opportunity shift if Odunze's questionable status results in absence or limited role.
WR,00-0033555,Mack Hollins,NE,JAX,2026_03_NE_JAX,2026,3,NA,NA,15,20,5.443288593763267,NA,NA,NA,NA,NA,9.343310112031112,2.5855924715179324,17.232165289013363,1.5400534179383465,20.485093049335994,0.15950757070115174,0.05745625302923851,0.1557629098472101,0.05740992681776363,platt,platt,0.1557629098472101,0.05740992681776363,NA,NA,NA
WR,00-0039451,Isaiah Williams,NYJ,DET,2026_03_NYJ_DET,2026,3,NA,NA,15,20,5.548857363175286,NA,NA,NA,NA,NA,9.203524544398139,2.3376776622271978,17.218608127657838,1.275409092707294,20.523585504522963,0.15821466441338017,0.057921166241379884,0.1544278403890528,0.05788359324746227,platt,platt,0.1544278403890528,0.05788359324746227,NA,NA,NA
WR,00-0039792,Devontez Walker,BAL,DAL,2026_03_BAL_DAL,2026,3,NA,NA,15,20,4.743443053980419,NA,NA,NA,NA,NA,9.786061473827417,3.7548093506323026,16.826852028689927,2.8216674272437396,19.730084821878414,0.15456847295678844,0.04757368043569088,0.15066584775814518,0.04735916972321113,platt,platt,0.15066584775814518,0.04735916972321113,NA,NA,NA
WR,00-0032775,Demarcus Robinson,SF,ARI,2026_03_ARI_SF,2026,3,Out,Did Not Participate In Practice,15,20,5.155195578727737,NA,NA,NA,NA,NA,9.325372860857978,2.8646162232176007,16.867560350686457,1.8650223159744481,19.977541521440592,0.1520759468460866,0.04981153742261657,0.14809685661377023,0.049631940562588385,platt,platt,0.14809685661377023,0.049631940562588385,NA,NA,NA
WR,00-0033908,Cooper Kupp,SEA,WAS,2026_03_SEA_WAS,2026,3,NA,Limited Participation in Practice,15,20,5.364538266901644,NA,NA,NA,NA,NA,8.83684400551392,2.160023726023101,16.631260852980972,1.127000932337733,19.84524746698685,0.1440148919523485,0.04874340231096963,0.13980413779643847,0.048546894167012224,platt,platt,0.13980413779643847,0.048546894167012224,NA,NA,NA
WR,00-0036309,Darnell Mooney,NYG,TEN,2026_03_TEN_NYG,2026,3,NA,NA,15,20,5.382588521802269,NA,NA,NA,NA,NA,8.736433503242832,2.0410527442675814,16.552517567728575,1.0051583144490621,19.775438544217707,0.14177410516494326,0.04818160548818273,0.1375033581852142,0.047976382713838556,platt,platt,0.1375033581852142,0.047976382713838556,NA,NA,NA
WR,00-0040582,Arian Smith,NYJ,DET,2026_03_NYJ_DET,2026,3,NA,NA,15,20,4.356954316905616,NA,NA,NA,NA,NA,6.775138533477397,1.1529662446415632,13.338375609375792,0.2831162440007544,16.044691748130866,0.06930099246667154,0.011857920950159695,0.13445054584828192,0.08148209655634804,platt,platt,0.06445054584828191,0.011482096556348045,role_change_up,0.7,"Arian Smith's season-ending ACL injury removes a receiver from the Jets depth chart, increasing target share for remaining WRs."
WR,00-0040729,Jack Bech,LV,NO,2026_03_LV_NO,2026,3,NA,NA,15,20,5.320025086576206,NA,NA,NA,NA,NA,8.673412746928925,2.0424103322383207,16.414342526845164,1.016476376759667,19.606274031085317,0.1384256591808597,0.046780836379480384,0.1340689818072276,0.046554438081458954,platt,platt,0.1340689818072276,0.046554438081458954,NA,NA,NA
WR,00-0040876,Elijah Sarratt,BAL,DAL,2026_03_BAL_DAL,2026,3,NA,NA,15,20,5.265155680765406,NA,NA,NA,NA,NA,8.639945423920627,2.0655123525416013,16.31483702636603,1.0483306801286112,19.47953803696462,0.13602960736328584,0.04570800839669387,0.13161424110195638,0.045465939069661405,platt,platt,0.13161424110195638,0.045465939069661405,NA,NA,NA
WR,00-0039342,Xavier Legette,CAR,CLE,2026_03_CAR_CLE,2026,3,Questionable,Limited Participation in Practice,15,20,5.3896872878012125,NA,NA,NA,NA,NA,8.408862928902204,1.7061857055423362,16.233464773191173,0.6691623829714111,19.45989801118804,0.13315311632636162,0.04563126554852548,0.1286704601261835,0.045388093777236675,platt,platt,0.1286704601261835,0.045388093777236675,NA,NA,NA
WR,00-0032398,Chris Moore,BAL,DAL,2026_03_BAL_DAL,2026,3,NA,Full Participation in Practice,15,20,5.022503751219463,NA,NA,NA,NA,NA,8.702451115573231,2.3794333921269155,16.083844324830196,1.401150143548187,19.127522823366657,0.1308807913633544,0.04251903104310584,0.12634747797910792,0.04223331203311305,platt,platt,0.12634747797910792,0.04223331203311305,NA,NA,NA
WR,00-0038740,Jalen Moreno-Cropper,NO,LV,2026_03_LV_NO,2026,3,NA,NA,15,20,5.2323555446954595,NA,NA,NA,NA,NA,8.39362940669289,1.8530615061535416,16.0289873318659,0.8411193777038504,19.177386839473005,0.128342651835465,0.04318119342223714,0.12375542568918059,0.04290416606632401,platt,platt,0.12375542568918059,0.04290416606632401,NA,NA,NA
WR,00-0040930,Camden Brown,DAL,BAL,2026_03_BAL_DAL,2026,3,NA,NA,15,20,5.101363086691757,NA,NA,NA,NA,NA,8.513123215980148,2.108171561194692,15.990164830926672,1.1172116768662237,19.073283444298298,0.1278507922201989,0.042155608823540636,0.12325344973340872,0.04186520479273794,platt,platt,0.12325344973340872,0.04186520479273794,NA,NA,NA
WR,00-0040172,Jordan Watkins,SF,ARI,2026_03_ARI_SF,2026,3,NA,NA,15,20,5.157246301563645,NA,NA,NA,NA,NA,8.429349613512413,1.9664691182034852,15.974016461972756,0.9665466124223583,19.085019983161835,0.12715101589242983,0.042324376559378596,0.12253946822869505,0.042036140605715644,platt,platt,0.12253946822869505,0.042036140605715644,NA,NA,NA
WR,00-0041042,Malachi Fields,NYG,TEN,2026_03_TEN_NYG,2026,3,NA,NA,15,20,6.750608934627606,NA,NA,NA,NA,NA,10.250667461811013,2.1773115844511413,19.67537839186016,0.9282199070153521,23.561608158991042,0.20692853132854594,0.09582343778428337,0.12007395853130352,0.011688270762210975,platt,platt,0.20507395853130353,0.09668827076221098,role_change_down,0.85,QB Jaxson Dart's knee injury will reduce passing volume and opportunity for rookie WR Fields in coming weeks.
WR,00-0040138,Jaylin Noel,HOU,IND,2026_03_HOU_IND,2026,3,NA,NA,15,20,4.917261157759378,NA,NA,NA,NA,NA,8.564062650289625,2.350739856152402,15.81739969369249,1.3894283632274957,18.80827490867994,0.1237004431455152,0.03960126900699068,0.1190221171481493,0.03927969580516228,platt,platt,0.1190221171481493,0.03927969580516228,NA,NA,NA
WR,00-0041040,Antonio Williams,WAS,SEA,2026_03_SEA_WAS,2026,3,NA,NA,15,20,5.069915132180439,NA,NA,NA,NA,NA,8.3470719343207609,1.9747677918824351,15.786001347708106,0.988859058101677,18.853404596089817,0.12222146601125705,0.040244671971124024,0.1175162102253006,0.03993065370844861,platt,platt,0.1175162102253006,0.03993065370844861,NA,NA,NA
WR,00-0041443,Skyler Bell,BUF,LAC,2026_03_LAC_BUF,2026,3,NA,NA,15,20,5.140745164817696,NA,NA,NA,NA,NA,8.256690218574802,1.8109035011451775,15.781402054811952,0.8136257066847605,18.884177232120692,0.12183959247360476,0.0406147150191043,0.11712755112271238,0.040305133420038525,platt,platt,0.11712755112271238,0.040305133420038525,NA,NA,NA
WR,00-0041070,Reggie Virgil,ARI,SF,2026_03_ARI_SF,2026,3,NA,NA,15,20,5.16859784040324,NA,NA,NA,NA,NA,8.119474197212758,1.6448399834385912,15.677862155032187,0.6430989684604365,18.794523503185417,0.11886131909665576,0.03990580509103847,0.11409875501280925,0.03958778244476699,platt,platt,0.11409875501280925,0.03958778244476699,NA,NA,NA
WR,00-0034837,Calvin Ridley,TEN,NYG,2026_03_TEN_NYG,2026,3,NA,NA,15,20,5.123957725698422,NA,NA,NA,NA,NA,8.158247447979688,1.7298608703990563,15.662646629763064,0.7352751869023768,18.757045991306885,0.11857059934353442,0.03951710464464997,0.11380333399876032,0.039194558269594885,platt,platt,0.11380333399876032,0.039194558269594885,NA,NA,NA
WR,00-0036980,Elijah Moore,PHI,CHI,2026_03_PHI_CHI,2026,3,NA,NA,15,20,5.110568037646271,NA,NA,NA,NA,NA,8.169607051352454,1.7551059473526616,15.657796545787196,0.7626685934664383,18.745511928378484,0.11847458182289428,0.03939692511336135,0.1137057728691356,0.03907299523126128,platt,platt,0.1137057728691356,0.03907299523126128,NA,NA,NA
WR,00-0040648,Tory Horton,SEA,WAS,2026_03_SEA_WAS,2026,3,NA,NA,15,20,4.858998976023125,NA,NA,NA,NA,NA,8.402663123899401,2.2502422606221906,15.584904194059334,1.2983533790787964,18.546463360035784,0.11712713069184344,0.03719120944488097,0.11233713901883711,0.03684319053666837,platt,platt,0.11233713901883711,0.03684319053666837,NA,NA,NA
WR,00-0040134,Pat Bryant,DEN,LA,2026_03_LA_DEN,2026,3,NA,NA,15,20,5.2789647033295815,NA,NA,NA,NA,NA,7.924352083553605,1.335672568802102,15.615874763905955,0.31628671833478883,18.787433511627857,0.11683991666660631,0.04002218712013439,0.11204552617301944,0.03970553342023476,platt,platt,0.11204552617301944,0.03970553342023476,NA,NA,NA
WR,00-0040405,Jamaal Pritchett,NYJ,DET,2026_03_NYJ_DET,2026,3,NA,NA,15,20,5.106617684310081,NA,NA,NA,NA,NA,8.11003113286222,1.6996278594064291,15.593436883225202,0.7078245127541001,18.67917971421804,0.11667765923766527,0.03882914137142068,0.11188080187190273,0.03849877289147634,platt,platt,0.11188080187190273,0.03849877289147634,NA,NA,NA
WR,00-0041267,Malik McClain,NYJ,DET,2026_03_NYJ_DET,2026,3,NA,NA,15,20,5.106617684310081,NA,NA,NA,NA,NA,8.11003113286222,1.6996278594064291,15.593436883225202,0.7078245127541001,18.67917971421804,0.11667765923766527,0.03882914137142068,0.11188080187190273,0.03849877289147634,platt,platt,0.11188080187190273,0.03849877289147634,NA,NA,NA
WR,00-0032385,Sterling Shepard,NYJ,DET,2026_03_NYJ_DET,2026,3,NA,NA,15,20,5.139876231467913,NA,NA,NA,NA,NA,8.05453950968314,1.6096531972393207,15.578200227049763,0.6125147114370604,18.680541981044648,0.11616251382933107,0.03890037023557513,0.11135791172882141,0.03857080058318031,platt,platt,0.11135791172882141,0.03857080058318031,NA,NA,NA
WR,00-0041399,CJ Daniels,LA,DEN,2026_03_LA_DEN,2026,3,NA,NA,15,20,5.074861988197099,NA,NA,NA,NA,NA,8.123321338495352,1.7458793213761856,15.56824862741269,0.7591756670442917,18.638125068086154,0.11605231927289072,0.03842239085430632,0.11124607777235855,0.03808751004636498,platt,platt,0.11124607777235855,0.03808751004636498,NA,NA,NA
WR,00-0040534,Ke'Shawn Williams,CIN,PIT,2026_03_CIN_PIT,2026,3,NA,NA,15,20,5.088808752634349,NA,NA,NA,NA,NA,8.090567903771387,1.6986452568024282,15.552399656271465,0.7097011916049443,18.629246563207523,0.11556925391358164,0.03837331223654106,0.11075589778813963,0.038037892676883234,platt,platt,0.11075589778813963,0.038037892676883234,NA,NA,NA
WR,00-0033589,David Moore,CAR,CLE,2026_03_CAR_CLE,2026,3,NA,NA,15,20,5.097199065658113,NA,NA,NA,NA,NA,8.03846310494954,1.6378322934057952,15.510460634246208,0.6475409203401412,18.591499345544875,0.11436763843620645,0.03806939541682153,0.10953709704768542,0.03773066722501936,platt,platt,0.10953709704768542,0.03773066722501936,NA,NA,NA
WR,00-0034272,Marquez Valdes-Scantling,LAC,BUF,2026_03_LAC_BUF,2026,3,NA,NA,15,20,5.086204396407349,NA,NA,NA,NA,NA,8.010281224915373,1.6210621021454008,15.468956925030929,0.6325363202031085,18.54450245043769,0.11322303303791448,0.037649291474355584,0.1083768075306955,0.037306068467243804,platt,platt,0.1083768075306955,0.037306068467243804,NA,NA,NA
WR,00-0041292,Kolbe Katsis,DEN,LA,2026_03_LA_DEN,2026,3,NA,NA,15,20,5.064932203578553,NA,NA,NA,NA,NA,8.029335385858722,1.6622074634567872,15.462222159940385,0.677099582935349,18.52713375792389,0.11307835433737357,0.03745854541873328,0.10823019437244343,0.03711331197229468,platt,platt,0.10823019437244343,0.03711331197229468,NA,NA,NA
WR,00-0039751,Jordan Whittington,LA,DEN,2026_03_LA_DEN,2026,3,NA,Full Participation in Practice,15,20,4.7137754947000445,NA,NA,NA,NA,NA,8.424950899282527,2.424889616962881,15.429329748358498,1.496573471149543,18.317548367006257,0.11289083970871172,0.03479749766920093,0.10804018865353364,0.03442626086965482,platt,platt,0.10804018865353364,0.03442626086965482,NA,NA,NA
WR,00-0041467,Lewis Bond,HOU,IND,2026_03_HOU_IND,2026,3,NA,NA,15,20,4.776666619976033,NA,NA,NA,NA,NA,8.234744489246866,2.168603098012647,15.31626423663162,1.230063184618257,18.236291497209706,0.1093925489710671,0.0342368700203215,0.1044988019377772,0.03386065778058111,platt,platt,0.1044988019377772,0.03386065778058111,NA,NA,NA
WR,00-0036259,Jauan Jennings,MIN,TB,2026_03_MIN_TB,2026,3,NA,NA,15,20,5.208558773783365,NA,NA,NA,NA,NA,7.73058715855557,1.2146117844480528,15.33723614828953,0.20647455702833728,18.473797678019757,0.10932396422540425,0.03730125353492231,0.10442943717639651,0.03695437664255237,platt,platt,0.10442943717639651,0.03695437664255237,NA,NA,NA
WR,00-0036182,Nick Westbrook-Ikhine,IND,HOU,2026_03_HOU_IND,2026,3,NA,NA,15,20,4.891452445274682,NA,NA,NA,NA,NA,8.00495249963212,1.8185922196578659,15.226813920531344,0.8614523069971414,18.204710328845515,0.10660511539237782,0.03426642189909812,0.1016817195994451,0.03389046741500625,platt,platt,0.1016817195994451,0.03389046741500625,NA,NA,NA
WR,00-0039355,Luke McCaffrey,WAS,SEA,2026_03_SEA_WAS,2026,3,NA,NA,15,20,5.066551047955549,NA,NA,NA,NA,NA,7.735216966431907,1.3664073065956792,15.170066974814054,0.38103923139625095,18.235788102090822,0.10481069285038247,0.03498170420410884,0.09987047168294144,0.03461214134182047,platt,platt,0.09987047168294144,0.03461214134182047,NA,NA,NA
WR,00-0038519,Nikko Remigio,KC,MIA,2026_03_KC_MIA,2026,3,NA,NA,15,20,4.681412087311224,NA,NA,NA,NA,NA,8.13184458150065,2.165847299740358,15.0964576425611,1.2428014603826272,17.968279048578538,0.10291272514346372,0.03153670601956571,0.09795667790471317,0.031139133901130222,platt,platt,0.09795667790471317,0.031139133901130222,NA,NA,NA
WR,00-0041099,Barion Brown,NO,LV,2026_03_LV_NO,2026,3,Out,Did Not Participate In Practice,15,20,4.74868754074495,NA,NA,NA,NA,NA,8.048046395075914,2.0112840343082183,15.095269516155792,1.077289579209527,18.00115474404477,0.10284312393813588,0.03204839554252181,0.09788653533331043,0.03165453040909907,platt,platt,0.09788653533331043,0.03165453040909907,NA,NA,NA
WR,00-0036988,Josh Palmer,BUF,LAC,2026_03_LAC_BUF,2026,3,NA,NA,15,20,4.754064614170482,NA,NA,NA,NA,NA,8.008074577581057,1.9656637707691376,15.061891607312983,1.0307954006527673,17.970495798603125,0.10184530188504815,0.031790086489754676,0.09688125853911743,0.03139432956863241,platt,platt,0.09688125853911743,0.03139432956863241,NA,NA,NA
WR,00-0036630,Tylan Wallace,CLE,CAR,2026_03_CAR_CLE,2026,3,NA,NA,15,20,4.710720109459369,NA,NA,NA,NA,NA,8.046652799777219,2.0498057138162356,15.047279445678576,1.12198686131961,17.933950863167833,0.10142034979732573,0.03132133435923867,0.09645330648033525,0.030922251118557918,platt,platt,0.09645330648033525,0.030922251118557918,NA,NA,NA
WR,00-0031610,Darren Waller,CAR,CLE,2026_03_CAR_CLE,2026,3,NA,Full Participation in Practice,15,20,4.613255775545363,NA,NA,NA,NA,NA,8.161411964106163,2.267286570223991,15.042122893570046,1.3553605896156933,17.879347698826315,0.10128749259010872,0.030493548424575745,0.09631953290904748,0.030088932923135116,platt,platt,0.09631953290904748,0.030088932923135116,NA,NA,NA
WR,00-0037666,Jalen Tolbert,MIA,KC,2026_03_KC_MIA,2026,3,NA,NA,15,20,4.995000730080863,NA,NA,NA,NA,NA,7.692778524799726,1.3983885067325046,15.04075219305204,0.4245344731018488,18.07065032038984,0.10116638855053961,0.03338174286500317,0.09619760253507295,0.0329982926718766,platt,platt,0.09619760253507295,0.0329982926718766,NA,NA,NA
WR,00-0040277,Jahdae Walker,CHI,PHI,2026_03_PHI_CHI,2026,3,NA,NA,15,20,4.572379751503431,NA,NA,NA,NA,NA,8.204769039903901,2.353836381662542,15.035057437043369,1.4485930851120496,17.851490777446482,0.10107944613493791,0.030091419321081392,0.09611007215962708,0.029684276830939136,platt,platt,0.09611007215962708,0.029684276830939136,NA,NA,NA
WR,00-0037524,Tay Martin,DET,NYJ,2026_03_NYJ_DET,2026,3,NA,NA,15,20,4.618941705692378,NA,NA,NA,NA,NA,8.13375910456945,2.233630796775212,15.021477742998304,1.3207760586685673,17.86159214002892,0.10065580254478701,0.030350239441634064,0.09568362687995018,0.029944711213023174,platt,platt,0.09568362687995018,0.029944711213023174,NA,NA,NA
WR,00-0035544,Tom Kennedy,DET,NYJ,2026_03_NYJ_DET,2026,3,NA,NA,15,20,4.618941705692378,NA,NA,NA,NA,NA,8.093192668396446,2.193064360602208,14.980911306825302,1.2802096224955637,17.821025703855916,0.0996639449947041,0.029977475773660722,0.09468562261334149,0.029569636635726437,platt,platt,0.09468562261334149,0.029569636635726437,NA,NA,NA
WR,00-0038728,Jared Wayne,HOU,IND,2026_03_HOU_IND,2026,3,NA,NA,15,20,4.84884756518801,NA,NA,NA,NA,NA,7.803407791988164,1.6616112119445283,14.973246238030384,0.711366095889411,17.92969124746723,0.09954753492988677,0.031724558953741044,0.09456852926773719,0.03132832874038286,platt,platt,0.09456852926773719,0.03132832874038286,NA,NA,NA
WR,00-0040075,LaJohntay Wester,BAL,DAL,2026_03_BAL_DAL,2026,3,NA,NA,15,20,4.634506061735238,NA,NA,NA,NA,NA,8.024018536758712,2.1074647342304385,14.930912043990944,1.1920686800859874,17.778933096883748,0.09878708839004402,0.029647348358499803,0.09380381760006799,0.02923753960549851,platt,platt,0.09380381760006799,0.02923753960549851,NA,NA,NA
WR,00-0037291,Jalen Nailor,LV,NO,2026_03_LV_NO,2026,3,NA,NA,15,20,5.961312136893051,NA,NA,NA,NA,NA,9.755852455329947,2.4708937286622445,18.260200731208823,1.3437811060833464,21.766923819594975,0.1806237802569507,0.0751933753401689,0.0926434563535078,0,platt,platt,0.1776434563535078,0.07552559945359992,role_change_down,0.85,Brock Bowers' imminent return from knee injury will reduce target share for other receiving options like Nailor in the Raiders offense.
WR,00-0038840,Brycen Tremayne,CAR,CLE,2026_03_CAR_CLE,2026,3,NA,NA,15,20,4.530336261692528,NA,NA,NA,NA,NA,8.071775666630923,2.265339368145697,14.850119700792778,1.366980449478687,17.645134057511775,0.09731879196171345,0.028012052078400962,0.09232826768805509,0.027593582435423963,platt,platt,0.09232826768805509,0.027593582435423963,NA,NA,NA
WR,00-0041106,C.J. Williams,JAX,NE,2026_03_NE_JAX,2026,3,NA,NA,15,20,4.579423883846842,NA,NA,NA,NA,NA,8.008195662197268,2.1498148701401494,14.84717889569081,1.2434192148799692,17.66719750593513,0.09729042383348041,0.028411197637842722,0.09229977225967402,0.027994670630059344,platt,platt,0.09229977225967402,0.027994670630059344,NA,NA,NA
WR,00-0037801,KaVontae Turpin,DAL,BAL,2026_03_BAL_DAL,2026,3,NA,NA,15,20,4.482023041887647,NA,NA,NA,NA,NA,8.090839482820003,2.335623694215821,14.809389485026408,1.4451894989944662,17.57974808852319,0.09655982235056138,0.027200404780060694,0.09156606128609183,0.026778336300963684,platt,platt,0.09156606128609183,0.026778336300963684,NA,NA,NA
WR,00-0036626,Dyami Brown,WAS,SEA,2026_03_SEA_WAS,2026,3,NA,NA,15,20,5.236470588649732,NA,NA,NA,NA,NA,7.140893736044385,0.5960751570813159,14.781213837542673,-0.41652462688649905,17.931659472345416,0.09652769500224967,0.03286624288958406,0.09153380469277887,0.032478638439006426,platt,platt,0.09153380469277887,0.032478638439006426,NA,NA,NA
WR,00-0040024,Darius Cooper,PHI,CHI,2026_03_PHI_CHI,2026,3,NA,NA,15,20,4.716854270923543,NA,NA,NA,NA,NA,7.788833461400555,1.7855337417345272,14.796992812205717,0.8567165520927356,17.68677030077147,0.09648749447669347,0.029109111559805112,0.09149344333611402,0.028696248842551612,platt,platt,0.09149344333611402,0.028696248842551612,NA,NA,NA
WR,00-0041100,Josh Cameron,JAX,NE,2026_03_NE_JAX,2026,3,NA,NA,15,20,4.6603876520643945,NA,NA,NA,NA,NA,7.857553726495156,1.9137075432997754,14.796307937292019,0.9940888726787867,17.657466582999458,0.09644039202416166,0.028632859306770397,0.09144615370108672,0.02821745948345103,platt,platt,0.09144615370108672,0.02821745948345103,NA,NA,NA
WR,00-0035662,Marquise Brown,PHI,CHI,2026_03_PHI_CHI,2026,3,Out,Did Not Participate In Practice,15,20,4.562572291185475,NA,NA,NA,NA,NA,7.980967274894176,2.140407881767594,14.799146082589964,1.2367695137399535,17.61058609775339,0.09642791743151669,0.02781981734201533,0.09143362976315068,0.02740045244237116,platt,platt,0.09143362976315068,0.02740045244237116,NA,NA,NA
WR,00-0040646,Jalen Royals,KC,MIA,2026_03_KC_MIA,2026,3,NA,NA,15,20,4.507536842456002,NA,NA,NA,NA,NA,8.045836020161001,2.2635592385709415,14.795976607527562,1.3689382266608048,17.579361421941755,0.0963349769062497,0.027303481156282672,0.09134032460423572,0.0268818432409589,platt,platt,0.09134032460423572,0.0268818432409589,NA,NA,NA
WR,00-0039920,Malachi Corley,CLE,CAR,2026_03_CAR_CLE,2026,3,NA,NA,15,20,4.694241710121009,NA,NA,NA,NA,NA,7.804053289189252,1.8245473540090842,14.784436143563731,0.8994114858186766,17.662760140552216,0.09625539277958617,0.028808282315079703,0.09126043246310343,0.028393798792772408,platt,platt,0.09126043246310343,0.028393798792772408,NA,NA,NA
WR,00-0037745,Velus Jones Jr.,SEA,WAS,2026_03_SEA_WAS,2026,3,NA,NA,15,20,4.635219744122282,NA,NA,NA,NA,NA,7.864511357163712,1.947204615733848,14.77228383363789,1.0316920685560316,17.620667324854562,0.0960027122916507,0.02819986099985705,0.09100679985738927,0.027782291398358232,platt,platt,0.09100679985738927,0.027782291398358232,NA,NA,NA
WR,00-0035500,Greg Dortch,BUF,LAC,2026_03_LAC_BUF,2026,3,NA,NA,15,20,4.577896030677015,NA,NA,NA,NA,NA,7.93691774778992,2.0801522667218286,14.774015292188992,1.1740065287876664,17.593256348496123,0.09599210029760596,0.02772076997188322,0.09099614873733904,0.02730095412413571,platt,platt,0.09099614873733904,0.02730095412413571,NA,NA,NA
WR,00-0041069,Colbie Young,CIN,PIT,2026_03_CIN_PIT,2026,3,NA,NA,15,20,4.65017856941683,NA,NA,NA,NA,NA,7.801565934520521,1.868482174744095,14.727756258481318,0.9505286423538335,17.583734251819088,0.09523379132903409,0.02792033931965532,0.09023522420008807,0.02750143926960625,platt,platt,0.09023522420008807,0.02750143926960625,NA,NA,NA
WR,00-0040621,Montorie Foster Jr,SEA,WAS,2026_03_SEA_WAS,2026,3,NA,NA,15,20,4.59932535175842,NA,NA,NA,NA,NA,7.862962312029659,1.983549378588311,14.726498142460263,1.0738996771593783,17.556640886355506,0.09516805542530149,0.027468945626516583,0.09016927835895837,0.027048015093882233,platt,platt,0.09016927835895837,0.027048015093882233,NA,NA,NA
WR,00-0037664,Alec Pierce,IND,HOU,2026_03_HOU_IND,2026,3,Out,Did Not Participate In Practice,15,20,5.553322603908255,NA,NA,NA,NA,NA,9.952762147351585,3.0823496394879015,17.97317557151296,2.0193746865084146,21.28035068011966,0.17796212262747635,0.0693571649228315,0.08987803551063263,0,platt,platt,0.17487803551063263,0.06955543061149422,role_change_down,0.85,Pierce's heel injury created opportunity for Treadwell and signals reduced target share for Pierce going forward.
WR,00-0041051,Zavion Thomas,CHI,PHI,2026_03_PHI_CHI,2026,3,NA,NA,15,20,4.707521610467375,NA,NA,NA,NA,NA,7.662565298682578,1.6690833492592985,14.659263536176109,0.7417851432084053,17.544315095209733,0.09409479420294964,0.027786263513050025,0.08909297125833499,0.027366745059089332,platt,platt,0.08909297125833499,0.027366745059089332,NA,NA,NA
WR,00-0038640,Jalen Brooks,ARI,SF,2026_03_ARI_SF,2026,3,NA,NA,15,20,4.620180321135444,NA,NA,NA,NA,NA,7.751254963137449,1.8498191587793604,14.640499952856093,0.9367621277104092,17.481243732778292,0.09367243097239564,0.02686035810255316,0.08866960776696288,0.026436924612138535,platt,platt,0.08866960776696288,0.026436924612138535,NA,NA,NA
WR,00-0036646,Simi Fehoko,ARI,SF,2026_03_ARI_SF,2026,3,NA,NA,15,20,4.620180321135444,NA,NA,NA,NA,NA,7.743190375102732,1.8417545707446434,14.632435364821376,0.9286975396756922,17.473179144743575,0.09353048596328017,0.026786269282764508,0.08852735190439669,0.026362549742085836,platt,platt,0.08852735190439669,0.026362549742085836,NA,NA,NA
WR,00-0036331,Devin Duvernay,ARI,SF,2026_03_ARI_SF,2026,3,NA,NA,15,20,4.620180321135444,NA,NA,NA,NA,NA,7.742993792606304,1.8415579882482156,14.632238782324949,0.9285009571792644,17.472982562247147,0.09352702591000439,0.026784463292788496,0.08852388443304005,0.026360736830341604,platt,platt,0.08852388443304005,0.026360736830341604,NA,NA,NA
WR,00-0037132,Britain Covey,PHI,CHI,2026_03_PHI_CHI,2026,3,NA,NA,15,20,4.541531473320369,NA,NA,NA,NA,NA,7.839766249207572,2.0214746202948133,14.63195001296354,1.1212814712538135,17.432671109074,0.09342937096543469,0.026077079371813805,0.08842602325304785,0.02565083026405738,platt,platt,0.08842602325304785,0.02565083026405738,NA,NA,NA
WR,00-0040718,Travis Hunter,JAX,NE,2026_03_NE_JAX,2026,3,NA,NA,15,20,4.603975901805171,NA,NA,NA,NA,NA,7.742252075849205,1.8579266572597897,14.61152266555117,0.9475169070472793,17.4440301071388,0.09314251873189983,0.026450199719622036,0.08813860022382854,0.02602523414833106,platt,platt,0.08813860022382854,0.02602523414833106,NA,NA,NA
WR,00-0040237,Tez Johnson,TB,MIN,2026_03_MIN_TB,2026,3,NA,NA,15,20,4.655603457098121,NA,NA,NA,NA,NA,7.6605384894979265,1.7217352985079506,14.59340558910083,0.8028968684323852,17.452136715605377,0.09288855102304905,0.02674023277874027,0.087884170844258,0.026316337553964855,platt,platt,0.087884170844258,0.026316337553964855,NA,NA,NA
WR,00-0040154,Tai Felton,MIN,TB,2026_03_MIN_TB,2026,3,NA,NA,15,20,4.577425865684231,NA,NA,NA,NA,NA,7.762241575583425,1.905973191659549,14.598758816455742,0.9999043634906881,17.417760587668997,0.09288327542675556,0.026094176395052515,0.08787888609372531,0.025667983783441834,platt,platt,0.08787888609372531,0.025667983783441834,NA,NA,NA
WR,00-0038359,Xavier Smith,LA,DEN,2026_03_LA_DEN,2026,3,NA,NA,15,20,4.531388262216772,NA,NA,NA,NA,NA,7.821224987831237,2.0136744419467307,14.600869777193568,1.11514312939864,17.396420493448403,0.09286133103424532,0.02569441810652895,0.08785690381378437,0.025266963337483715,platt,platt,0.08785690381378437,0.025266963337483715,NA,NA,NA
WR,00-0039589,Kameron Johnson,TB,MIN,2026_03_MIN_TB,2026,3,NA,NA,15,20,4.586307817003029,NA,NA,NA,NA,NA,7.726241516156043,1.8605838985975414,14.573719603323912,0.9530623890693208,17.39724102160782,0.09245126327153608,0.02594278105420944,0.08744618467462172,0.02551609595812644,platt,platt,0.08744618467462172,0.02551609595812644,NA,NA,NA
WR,00-0039868,Troy Franklin,DEN,LA,2026_03_LA_DEN,2026,3,NA,NA,15,20,4.6831695389607795,NA,NA,NA,NA,NA,7.594142632146905,1.626294502985247,14.560916343870911,0.7029623046312841,17.433628682776092,0.09235768144651013,0.026685295952787902,0.08735246929010732,0.026261193148202952,platt,platt,0.08735246929010732,0.026261193148202952,NA,NA,NA
WR,00-0041397,Kaden Wetjen,PIT,CIN,2026_03_CIN_PIT,2026,3,NA,NA,15,20,4.597768981432479,NA,NA,NA,NA,NA,7.642823189118488,1.7650544787116393,14.504439578979387,0.8556591678161407,17.33379085169492,0.09124250803002998,0.025407091248713876,0.08623613851686011,0.02497880588332695,platt,platt,0.08623613851686011,0.02497880588332695,NA,NA,NA
WR,00-0035891,Cody White,LV,NO,2026_03_LV_NO,2026,3,NA,NA,15,20,4.567572240812019,NA,NA,NA,NA,NA,7.678775432431729,1.8329271531301456,14.503128404142895,0.9284705003886318,17.317114303223804,0.09117139151231368,0.025118142000183474,0.08616497549803587,0.024689086779323664,platt,platt,0.08616497549803587,0.024689086779323664,NA,NA,NA
WR,00-0041550,Brenen Thompson,LAC,BUF,2026_03_LAC_BUF,2026,3,Out,Did Not Participate In Practice,15,20,4.709727287646984,NA,NA,NA,NA,NA,7.482549352311035,1.4867467703967074,14.481956660324341,0.5590895212446565,17.368125290276463,0.09102541455306001,0.026201692989972436,0.0860189133965492,0.025775860778816818,platt,platt,0.0860189133965492,0.025775860778816818,NA,NA,NA
WR,00-0034419,Braxton Berrios,NYG,TEN,2026_03_TEN_NYG,2026,3,NA,NA,15,20,4.606155453381559,NA,NA,NA,NA,NA,7.604895387991014,1.718267954412755,14.476853314428297,0.8075020415576493,17.310468865123205,0.09076891913859997,0.025229304372394568,0.08576230201703984,0.024800537510542214,platt,platt,0.08576230201703984,0.024800537510542214,NA,NA,NA
WR,00-0039816,Anthony Gould,IND,HOU,2026_03_HOU_IND,2026,3,NA,NA,15,20,4.56004322387117,NA,NA,NA,NA,NA,7.662265304594491,1.8243815113694062,14.477320658299258,0.9211571062117141,17.28747273370875,0.09070015914308516,0.024808916737401376,0.08569351823449617,0.024379111187015856,platt,platt,0.08569351823449617,0.024379111187015856,NA,NA,NA
WR,00-0041132,Deion Burks,IND,HOU,2026_03_HOU_IND,2026,3,NA,NA,15,20,4.56004322387117,NA,NA,NA,NA,NA,7.65814087810561,1.8202570848805255,14.473196231810377,0.9170326797228334,17.283348307219867,0.09062677474291392,0.024770613428017896,0.08562011185757855,0.02434072027378111,platt,platt,0.08562011185757855,0.02434072027378111,NA,NA,NA
WR,00-0037614,John Metchie III,CAR,CLE,2026_03_CAR_CLE,2026,3,NA,NA,15,20,4.557407378665141,NA,NA,NA,NA,NA,7.653606044524865,1.8185110898925618,14.46540575113977,0.9157181676434485,17.274215377669314,0.09048361548232164,0.024673697713247345,0.08547691986961134,0.024243588189499354,platt,platt,0.08547691986961134,0.024243588189499354,NA,NA,NA
WR,00-0040131,Kyle Williams,NE,JAX,2026_03_NE_JAX,2026,3,NA,NA,15,20,4.567110094910273,NA,NA,NA,NA,NA,7.612644258709224,1.7672847895774924,14.436426600979484,0.8629037644590252,17.250177204024716,0.08998537044451316,0.02449521535577237,0.0849786657950757,0.024064727277356084,platt,platt,0.0849786657950757,0.024064727277356084,NA,NA,NA
WR,00-0039062,Jonathan Mingo,DAL,BAL,2026_03_BAL_DAL,2026,3,NA,NA,15,20,4.514552002210785,NA,NA,NA,NA,NA,7.653081583100227,1.8633688984137464,14.411902728868053,0.9675974201036315,17.198866925685028,0.08944914197671394,0.023769600451703177,0.08444261043550086,0.023337842885468123,platt,platt,0.08444261043550086,0.023337842885468123,NA,NA,NA
WR,00-0035021,Ashton Dulin,IND,HOU,2026_03_HOU_IND,2026,3,Out,Did Not Participate In Practice,15,20,4.409741609906804,NA,NA,NA,NA,NA,7.7533725634100925,2.0749673139083438,14.382255128875382,1.1964170745771607,17.115639838489155,0.08870000133987899,0.022460802427171966,0.08369403116737065,0.022027883733009297,platt,platt,0.08369403116737065,0.022027883733009297,NA,NA,NA
WR,00-0040785,Dohnte Meyers,CIN,PIT,2026_03_CIN_PIT,2026,3,NA,NA,15,20,4.419028156042886,NA,NA,NA,NA,NA,7.721376251225566,2.0330904013206696,14.361793276961105,1.1530114574558183,17.09993416033795,0.08834598455263154,0.022358944567723138,0.08334041006339506,0.02192599831437476,platt,platt,0.08334041006339506,0.02192599831437476,NA,NA,NA
WR,00-0040590,Konata Mumpfield,LA,DEN,2026_03_LA_DEN,2026,3,NA,NA,15,20,4.712325455052425,NA,NA,NA,NA,NA,7.284331950856422,1.2857960324357256,14.286930113681333,0.3577158875345461,17.174414475759722,0.08765240262971663,0.0244617361224152,0.0826478476339588,0.024031179923297903,platt,platt,0.0826478476339588,0.024031179923297903,NA,NA,NA
WR,00-0034854,KhaDarel Hodge,SF,ARI,2026_03_ARI_SF,2026,3,NA,NA,15,20,4.502723184076015,NA,NA,NA,NA,NA,7.524837548996073,1.7476642933218791,14.269020359050238,0.8538328875983039,17.049948515460887,0.08685727210779082,0.022315136913821254,0.08185428665756468,0.02188218165702684,platt,platt,0.08185428665756468,0.02188218165702684,NA,NA,NA
WR,00-0040506,Myles Price,MIN,TB,2026_03_MIN_TB,2026,3,NA,NA,15,20,4.5048382599005485,NA,NA,NA,NA,NA,7.511609474528485,1.732193661395688,14.258410211515688,0.8380152921664452,17.040417856268302,0.08667167953540511,0.02223647322616351,0.08166912246026302,0.021803506118505952,platt,platt,0.08166912246026302,0.021803506118505952,NA,NA,NA
WR,00-0037231,Kevin Austin Jr.,NO,LV,2026_03_LV_NO,2026,3,NA,NA,15,20,4.5419770322234925,NA,NA,NA,NA,NA,7.427180131788169,1.6084167769084807,14.219914581150475,0.7081506434743394,17.020862749561783,0.08607461880860168,0.022242011369343895,0.08107360005104865,0.021809044914261843,platt,platt,0.08107360005104865,0.021809044914261843,NA,NA,NA
WR,00-0036849,Tutu Atwell,LA,DEN,2026_03_LA_DEN,2026,3,NA,NA,15,20,4.4976041915326075,NA,NA,NA,NA,NA,7.41685690668278,1.6451119368600091,14.154702819692826,0.7521203834584123,16.93301799008121,0.08478759376696254,0.021190728779501233,0.07979072911435761,0.020758140379453355,platt,platt,0.07979072911435761,0.020758140379453355,NA,NA,NA
WR,00-0040782,Isaiah Bond,CLE,CAR,2026_03_CAR_CLE,2026,3,NA,NA,15,20,4.551113977879684,NA,NA,NA,NA,NA,7.316602658498056,1.4881675277234292,14.120627789625752,0.5864049986193942,16.92623161102138,0.08432828962399952,0.021407814716008278,0.07933318723843395,0.02097506451371126,platt,platt,0.07933318723843395,0.02097506451371126,NA,NA,NA
WR,00-0040890,Cyrus Allen,KC,MIA,2026_03_KC_MIA,2026,3,NA,NA,15,20,4.507536842456002,NA,NA,NA,NA,NA,7.352390620880663,1.5701138392906033,14.102531208247225,0.6754928273804666,16.885916022661416,0.08387810432993148,0.020801561904677413,0.07888487327942512,0.020369375127353484,platt,platt,0.07888487327942512,0.020369375127353484,NA,NA,NA
WR,00-0040563,Efton Chism III,NE,JAX,2026_03_NE_JAX,2026,3,NA,NA,15,20,4.433500234775351,NA,NA,NA,NA,NA,7.450014526517442,1.7463380092973209,14.10839837951416,0.863877855592885,16.853947789204597,0.0837627831912453,0.020095316118022843,0.07877005454696093,0.019664231752719728,platt,platt,0.07877005454696093,0.019664231752719728,NA,NA,NA
WR,00-0037093,Dareke Young,LV,NO,2026_03_LV_NO,2026,3,NA,Full Participation in Practice,15,20,4.456690157171214,NA,NA,NA,NA,NA,7.37191647753297,1.6435962647414195,14.05906900003182,0.75732329323146,16.816481018624508,0.08293815009103345,0.01986936160545405,0.0779492893672481,0.019438733853614144,platt,platt,0.0779492893672481,0.019438733853614144,NA,NA,NA
WR,00-0041529,Kevin Coleman Jr.,MIA,KC,2026_03_KC_MIA,2026,3,NA,NA,15,20,4.608161829496239,NA,NA,NA,NA,NA,6.952141793236609,1.0633954175604767,13.826573339944485,0.1523016666935657,16.661208874891383,0.0793019835250619,0.019260657262937908,0.07433604711122613,0.018831516715255577,platt,platt,0.07433604711122613,0.018831516715255577,NA,NA,NA
WR,00-0036862,Ben Skowronek,PIT,CIN,2026_03_CIN_PIT,2026,3,NA,NA,15,20,4.421984092304056,NA,NA,NA,NA,NA,7.172041687735477,1.4806115687977313,13.816129284565747,0.6000461506165955,16.555783708544162,0.07839379475979524,0.017190683305022048,0.07343511032703046,0.016769552473742375,platt,platt,0.07343511032703046,0.016769552473742375,NA,NA,NA
WR,00-0040218,Jimmy Horn Jr.,CAR,CLE,2026_03_CAR_CLE,2026,3,NA,NA,15,20,4.376293231870526,NA,NA,NA,NA,NA,7.223105212744271,1.580318016416597,13.810407813179388,0.7072785231075196,16.52664724385401,0.07810222152387436,0.01662791067630831,0.07314599729635964,0.01620979411432965,platt,platt,0.07314599729635964,0.01620979411432965,NA,NA,NA
WR,00-0035406,Lil'Jordan Humphrey,DEN,LA,2026_03_LA_DEN,2026,3,NA,NA,15,20,4.421850103076399,NA,NA,NA,NA,NA,7.080338976901919,1.3890513762059333,13.72426020013845,0.5085080081304012,16.463846020844336,0.07671655711203751,0.016314049046794454,0.0717729109510711,0.01589777779876451,platt,platt,0.0717729109510711,0.01589777779876451,NA,NA,NA
WR,00-0038573,Derius Davis,LAC,BUF,2026_03_LAC_BUF,2026,3,NA,NA,15,20,4.493276944067321,NA,NA,NA,NA,NA,6.951576753255325,1.1844213229055267,13.684064908786091,0.29213985285043886,16.460170836179593,0.07629890347070711,0.016722643176474872,0.07135933822326963,0.016303992963320798,platt,platt,0.07135933822326963,0.016303992963320798,NA,NA,NA
WR,00-0038824,Ryan Miller,MIA,KC,2026_03_KC_MIA,2026,3,Questionable,Full Participation in Practice,15,20,4.435316948935699,NA,NA,NA,NA,NA,7.0214036348772995,1.315795707521585,13.682042186228934,0.4330367303337397,16.428521308875855,0.0760064112102028,0.01606293227080291,0.07106978454088135,0.015648224039588116,platt,platt,0.07106978454088135,0.015648224039588116,NA,NA,NA
WR,00-0040894,Malik Benson,LV,NO,2026_03_LV_NO,2026,3,NA,NA,15,20,4.473074826306477,NA,NA,NA,NA,NA,6.9396480113362244,1.1939293984238573,13.647111157357056,0.3049645851170366,16.412898154270664,0.07554242528161681,0.016152427208446563,0.07061059705462003,0.015737153022962816,platt,platt,0.07061059705462003,0.015737153022962816,NA,NA,NA
WR,00-0039849,Marvin Harrison Jr.,ARI,SF,2026_03_ARI_SF,2026,3,NA,NA,15,20,5.545469198601801,NA,NA,NA,NA,NA,9.24274400779221,2.3803618865184832,17.253782882705835,1.3186293771037896,20.55709244545013,0.15916748252032364,0.05843233785493773,0.07041167586749174,0,platt,platt,0.15541167586749174,0.05840446976090817,role_change_down,0.85,Repeated low target volume (1 target in two consecutive games) suggests a potential role reduction or usage concern with the Cardinals' 2024 first-round pick.
WR,00-0040705,Chimere Dike,TEN,NYG,2026_03_TEN_NYG,2026,3,NA,NA,15,20,4.379770193125743,NA,NA,NA,NA,NA,6.965683223665439,1.3191913331220615,13.557310626896026,0.4455786577580154,16.275333367158126,0.07346068243408344,0.014236758416462658,0.06855247591150936,0.013835851293473755,platt,platt,0.06855247591150936,0.013835851293473755,NA,NA,NA
WR,00-0037742,Treylon Burks,WAS,SEA,2026_03_SEA_WAS,2026,3,NA,NA,15,20,4.517169688534656,NA,NA,NA,NA,NA,6.537389120260604,0.7449022640971359,13.2994487909539,-0.1512984278580003,16.087748376416776,0.06950558652463101,0.013382398062261047,0.06465196090765625,0.012989515085854154,platt,platt,0.06465196090765625,0.012989515085854154,NA,NA,NA
WR,00-0040164,Jaylin Lane,WAS,SEA,2026_03_SEA_WAS,2026,3,NA,Full Participation in Practice,15,20,4.384213563983058,NA,NA,NA,NA,NA,6.458800654762458,0.8075751057920124,13.055954057712913,-0.06676995068280078,15.776255414769087,0.06426782023167332,0.009478717362358391,0.05950707136347082,0.009137500027585014,platt,platt,0.05950707136347082,0.009137500027585014,NA,NA,NA
WR,00-0036407,Jerry Jeudy,CLE,CAR,2026_03_CAR_CLE,2026,3,NA,NA,15,20,5.6993356043188985,NA,NA,NA,NA,NA,8.206935127950555,1.1875746906645874,16.401228063898476,0.10155484509781765,19.780101470693246,0.1359631062138391,0.04830154925060848,0.04654614497786398,0,platt,platt,0.131546144977864,0.048098176510986794,role_change_down,0.85,Denzel Boston's emergence as WR1 represents a meaningful shift in target share and role opportunity away from Jeudy.
WR,00-0041511,Omar Cooper Jr.,NYJ,DET,2026_03_NYJ_DET,2026,3,NA,NA,15,20,4.502211804907727,NA,NA,NA,NA,NA,7.398201992134403,1.6215709653529498,14.141751812555801,0.7278234520784972,16.92241895903507,0.08456758500328121,0.021115620250539147,0.007571546011788277,0,platt,platt,0.07957154601178827,0.020683098157723078,role_change_down,0.72,Cooper's week-to-week status combined with Jets adding WR depth suggests reduced target opportunity if Cooper misses time.
WR,00-0031235,Odell Beckham Jr.,NYG,TEN,2026_03_TEN_NYG,2026,3,NA,NA,15,20,4.579310262887007,NA,NA,NA,NA,NA,7.643073516089181,1.7848128456959662,14.481916521407982,0.8784357753926404,17.30187730930518,0.09081399498859088,0.025029848413022804,8.073951369802213e-4,0,platt,platt,0.08580739513698023,0.02460057115371662,role_change_down,0.85,"Despite preseason hype about increased role, OBJ played only 11 snaps with zero targets/touches, signaling a diminished opportunity in the offense."
