position,player_id,player_name,posteam,defteam,game_id,season,week,report_status,practice_status,thresh_start,thresh_boom,pred_vol,pred_tot,lo_80_tot,hi_80_tot,lo_90_tot,hi_90_tot,p_start,p_boom,p_start_recal,p_boom_recal,recal_method_start,recal_method_boom,p_start_recal_preoverride,p_boom_recal_preoverride,override_flag_type,override_confidence,override_reason
QB,00-0034857,Josh Allen,BUF,NE,2026_04_NE_BUF,2026,4,NA,NA,20,25,6.032480281900971,8.743759045802307,-4.668014138588141,22.155532230192755,-7.937018542442097,25.42453663404671,0.6225,0.375,0.6459522423730873,0.3640792649374913,platt_vol_vegas,platt,0.6459522423730873,0.3640792649374913,NA,NA,NA
QB,00-0033873,Patrick Mahomes,KC,LV,2026_04_KC_LV,2026,4,NA,Full Participation in Practice,20,25,2.8892618933490013,4.351484956072669,-9.060288228317779,17.763258140463115,-12.329292632171734,21.03226254431707,0.411,0.222,0.4936814465093319,0.29673255087280875,platt_vol_vegas,platt,0.40868144650933186,0.21173255087280873,role_change_up,0.85,Waiver of backup QB who started final two games suggests starter Mahomes returning to full role/snaps.
QB,00-0039918,Caleb Williams,CHI,NYJ,2026_04_NYJ_CHI,2026,4,Out,Did Not Participate In Practice,20,25,4.9316035987203835,4.136121810357043,-9.275651374033405,17.54789499474749,-12.54465577788736,20.816899398601446,0.4135,0.2215,0.46658340484536154,0.2962405711422393,platt_vol_vegas,platt,0.3815834048453615,0.21124057114223926,role_change_up,0.85,"Tyson Bagent's expected return in Week 4 implies Caleb Williams will reclaim the starting QB role from Case Keenum, restoring his opportunity."
QB,00-0034796,Lamar Jackson,BAL,TEN,2026_04_TEN_BAL,2026,4,NA,Full Participation in Practice,20,25,3.7116537538594083,6.5880692601306405,-6.823703924259807,19.99984244452109,-10.092708328113762,23.268846848375045,0.4395,0.2295,0.43523214840435526,0.21911751930251663,platt_vol_vegas,platt,0.43523214840435526,0.21911751930251663,NA,NA,NA
QB,00-0039163,C.J. Stroud,HOU,DAL,2026_04_DAL_HOU,2026,4,NA,NA,20,25,2.76932617486616,5.515904688322726,-7.895868496067722,18.927677872713176,-11.164872899921678,22.19668227656713,0.436,0.246,0.4179785713363994,0.2353983823510904,platt_vol_vegas,platt,0.4179785713363994,0.2353983823510904,NA,NA,NA
QB,00-0040743,Tyler Shough,NO,ATL,2026_04_ATL_NO,2026,4,NA,NA,20,25,3.1204404646472335,4.885795851803076,-8.525977332587372,18.297569036193522,-11.794981736441327,21.566573440047478,0.463,0.2565,0.4169472554764844,0.2457823934304035,platt_vol_vegas,platt,0.4169472554764844,0.2457823934304035,NA,NA,NA
QB,00-0033106,Jared Goff,DET,CAR,2026_04_DET_CAR,2026,4,NA,NA,20,25,1.3877486651044755,5.597711967904125,-7.814061216486323,19.009485152294573,-11.083065620340278,22.27848955614853,0.4075,0.228,0.4101503941001786,0.21763974010568768,platt_vol_vegas,platt,0.4101503941001786,0.21763974010568768,NA,NA,NA
QB,00-0036442,Joe Burrow,CIN,JAX,2026_04_JAX_CIN,2026,4,NA,NA,20,25,1.9144853704627232,4.496621635533374,-8.915151548857075,17.90839481992382,-12.18415595271103,21.177399223777776,0.351,0.178,0.40057006434973075,0.1686163454600118,platt_vol_vegas,platt,0.40057006434973075,0.1686163454600118,NA,NA,NA
QB,00-0039851,Drake Maye,NE,BUF,2026_04_NE_BUF,2026,4,NA,Full Participation in Practice,20,25,4.463870358139775,3.184611579771887,-10.227161604618562,16.596384764162334,-13.496166008472517,19.86538916801629,0.4095,0.2025,0.38859521320888074,0.19257885331624777,platt_vol_vegas,platt,0.38859521320888074,0.19257885331624777,NA,NA,NA
QB,00-0036971,Trevor Lawrence,JAX,CIN,2026_04_JAX_CIN,2026,4,NA,NA,20,25,2.9198986433058276,5.130291491113119,-8.281481693277328,18.542064675503568,-11.550486097131284,21.811069079357523,0.3575,0.1795,0.3860581687704189,0.1700799957100049,platt_vol_vegas,platt,0.3860581687704189,0.1700799957100049,NA,NA,NA
QB,00-0037834,Brock Purdy,SF,DEN,2026_04_DEN_SF,2026,4,NA,NA,20,25,3.2043844620412765,4.581509756926848,-8.8302634274636,17.993282941317297,-12.099267831317555,21.262287345171252,0.366,0.181,0.3783110827829198,0.17154410670521983,platt_vol_vegas,platt,0.3783110827829198,0.17154410670521983,NA,NA,NA
QB,00-0039910,Jayden Daniels,WAS,IND,2026_04_IND_WAS,2026,4,Out,Limited Participation in Practice,20,25,5.522213006686118,3.515251735005517,-9.896521449384931,16.927024919395965,-13.165525853238886,20.19602932324992,0.3865,0.1825,0.3681980419993752,0.17300867587814164,platt_vol_vegas,platt,0.3681980419993752,0.17300867587814164,NA,NA,NA
QB,00-0039917,Michael Penix Jr.,ATL,NO,2026_04_ATL_NO,2026,4,NA,NA,20,25,1.549203847245304,4.255441500384254,-9.156331684006194,17.667214684774702,-12.425336087860149,20.936219088628658,0.2955,0.1485,0.3623051191796547,0.2349289304306707,platt_vol_vegas,platt,0.2673051191796547,0.1399289304306707,role_change_up,0.95,"Michael Penix returns as starting QB, increasing his snap count and opportunity after Tua's injury forced a benching."
QB,00-0035710,Daniel Jones,IND,WAS,2026_04_IND_WAS,2026,4,NA,NA,20,25,2.49345544391537,4.643098444700495,-8.768674739689953,18.054871629090943,-12.037679143543908,21.3238760329449,0.36,0.177,0.35889718290603984,0.1676408358791598,platt_vol_vegas,platt,0.35889718290603984,0.1676408358791598,NA,NA,NA
QB,00-0033077,Dak Prescott,DAL,HOU,2026_04_DAL_HOU,2026,4,NA,NA,20,25,2.9098732554218305,3.742510682496863,-9.669262501893584,17.15428386688731,-12.93826690574754,20.423288270741267,0.3695,0.197,0.3412104548126174,0.1871893044646353,platt_vol_vegas,platt,0.3412104548126174,0.1871893044646353,NA,NA,NA
QB,00-0033119,Jacoby Brissett,ARI,NYG,2026_04_ARI_NYG,2026,4,NA,NA,20,25,2.7217397294522576,4.5090749230371525,-8.902698261353295,17.920848107427602,-12.17170266520725,21.189852511281558,0.4095,0.221,0.3352513994258543,0.21074863574251448,platt_vol_vegas,platt,0.3352513994258543,0.21074863574251448,NA,NA,NA
QB,00-0039150,Bryce Young,CAR,DET,2026_04_DET_CAR,2026,4,NA,Full Participation in Practice,20,25,1.9020558212211394,3.7450361289782457,-9.666737055412202,17.156809313368694,-12.935741459266158,20.42581371722265,0.344,0.179,0.3350741275265738,0.16959206097168786,platt_vol_vegas,platt,0.3350741275265738,0.16959206097168786,NA,NA,NA
QB,00-0039732,Bo Nix,DEN,SF,2026_04_DEN_SF,2026,4,NA,NA,20,25,3.0487007703360613,3.3151686169052006,-10.096604567485247,16.72694180129565,-13.365608971339203,19.995946205149604,0.3195,0.149,0.3059730334070012,0.14041354320276644,platt_vol_vegas,platt,0.3059730334070012,0.14041354320276644,NA,NA,NA
QB,00-0026498,Matthew Stafford,LA,PHI,2026_04_LA_PHI,2026,4,NA,NA,20,25,1.2565429075382606,4.0724106511996645,-9.339362533190783,17.484183835590112,-12.608366937044739,20.753188239444068,0.3255,0.163,0.25078052907782417,0.1540057736453082,platt_vol_vegas,platt,0.25078052907782417,0.1540057736453082,NA,NA,NA
QB,00-0034869,Sam Darnold,SEA,LAC,2026_04_LAC_SEA,2026,4,NA,NA,20,25,1.5377667779614008,1.9099415733849183,-11.50183161100553,15.321714757775366,-14.770836014859485,18.590719161629323,0.231,0.0925,0.24297901066272456,0.08605612114347229,platt_vol_vegas,platt,0.24297901066272456,0.08605612114347229,NA,NA,NA
QB,00-0035228,Kyler Murray,MIN,MIA,2026_04_MIA_MIN,2026,4,NA,NA,20,25,2.377890124187959,0.468356868482468,-12.94341631590798,13.880130052872916,-16.212420719761937,17.14913445672687,0.246,0.0965,0.23985283122788303,0.08987493161579076,platt_vol_vegas,platt,0.23985283122788303,0.08987493161579076,NA,NA,NA
QB,00-0036389,Jalen Hurts,PHI,LA,2026_04_LA_PHI,2026,4,NA,NA,20,25,4.727578004063811,-0.32314185228119574,-13.734915036671644,13.088631332109252,-17.0039194405256,16.357635735963207,0.257,0.1105,0.2395360711222672,0.1032789146656592,platt_vol_vegas,platt,0.2395360711222672,0.1032789146656592,NA,NA,NA
QB,00-0029604,Kirk Cousins,LV,KC,2026_04_KC_LV,2026,4,NA,NA,20,25,1.2773816962675746,1.0122391135497906,-12.399534070840657,14.424012297940239,-15.668538474694612,17.693016701794193,0.2545,0.115,0.234621083544991,0.10759934059745752,platt_vol_vegas,platt,0.234621083544991,0.10759934059745752,NA,NA,NA
QB,00-0030565,Geno Smith,NYJ,CHI,2026_04_NYJ_CHI,2026,4,NA,NA,20,25,2.8690341301481403,-0.7565160106658828,-14.168289195056332,12.655257173724564,-17.437293598910287,15.92426157757852,0.2685,0.117,0.22425809464925903,0.10952132725270648,platt_vol_vegas,platt,0.22425809464925903,0.10952132725270648,NA,NA,NA
QB,00-0036264,Jordan Love,GB,TB,2026_04_GB_TB,2026,4,NA,NA,20,25,2.0456106490573807,3.064063723077298,-10.34770946131315,16.475836907467745,-13.616713865167105,19.7448413113217,0.343,0.1825,0.21824802577098676,0.17300867587814164,platt_vol_vegas,platt,0.21824802577098676,0.17300867587814164,NA,NA,NA
QB,00-0036825,Feleipe Franks,CAR,DET,2026_04_DET_CAR,2026,4,NA,NA,20,25,2.1405332897664775,-2.4937612078044173,-15.905534392194866,10.91801197658603,-19.17453879604882,14.187016380439985,0.1115,0.0335,0.20638377938431596,0.030438358980190972,platt_vol_vegas,platt,0.20638377938431596,0.030438358980190972,NA,NA,NA
QB,00-0036355,Justin Herbert,LAC,SEA,2026_04_LAC_SEA,2026,4,NA,NA,20,25,3.8635923177191533,-3.2543762008671955,-16.666149385257643,10.157396983523252,-19.9351537891116,13.426401387377208,0.1875,0.065,0.17957082921698592,0.05994899975373432,platt_vol_vegas,platt,0.17957082921698592,0.05994899975373432,NA,NA,NA
QB,00-0038128,Malik Willis,MIA,MIN,2026_04_MIA_MIN,2026,4,NA,NA,20,25,4.657537539725477,-7.516347618788311,-20.928120803178757,5.895425565602137,-24.197125207032713,9.164429969456092,0.131,0.053,0.12000309533075071,0.0486489788369163,platt_vol_vegas,platt,0.12000309533075071,0.0486489788369163,NA,NA,NA
QB,00-0040676,Cam Ward,TEN,BAL,2026_04_TEN_BAL,2026,4,NA,NA,20,25,2.5807066264630594,-6.307204358863104,-19.71897754325355,7.104568825527344,-22.987981947107507,10.3735732293813,0.1075,0.0335,0.11240348625943042,0.030438358980190972,platt_vol_vegas,platt,0.11240348625943042,0.030438358980190972,NA,NA,NA
QB,00-0031503,Jameis Winston,NYG,ARI,2026_04_ARI_NYG,2026,4,NA,NA,20,25,2.0158032707699536,-2.3534105589882417,-15.765183743378689,11.058362625402207,-19.034188147232644,14.327367029256163,0.157,0.065,0.10207092800858751,0,platt_vol_vegas,platt,0.1740709280085875,0.05994899975373432,role_change_down,0.72,McCarthy's acquisition creates potential quarterback competition that could reduce Winston's snap certainty and role clarity in New York's offense.
QB,00-0034855,Baker Mayfield,TB,GB,2026_04_GB_TB,2026,4,Out,Did Not Participate In Practice,20,25,3.4533284219586844,-1.0972836872222471,-14.509056871612696,12.3144894971682,-17.77806127546665,15.583493901022155,0.2115,0.086,0.07416701565458274,0,platt_vol_vegas,platt,0.15916701565458274,0.07986149376528805,role_change_down,0.85,"QB Baker Mayfield left the game with a dislocated thumb, creating uncertainty around his availability and potential impact on passing volume/efficiency for Egbuka and other Buccaneers receivers."
QB,00-0027973,Andy Dalton,PHI,LA,2026_04_LA_PHI,2026,4,NA,NA,20,25,1.9421989034747233,-6.628159494940519,-20.039932679330967,6.783613689449929,-23.308937083184922,10.052618093303884,0.074,0.016,0.06916701565458273,0,platt_vol_vegas,platt,0.10611629587173219,0.014317108446621887,NA,NA,NA
QB,00-0028986,Case Keenum,CHI,NYJ,2026_04_NYJ_CHI,2026,4,NA,NA,20,25,2.447057899489232,2.4647076221144513,-10.947065562275997,15.8764808065049,-14.216069966129952,19.145485210358856,0.3025,0.1405,0.06916701565458273,0,platt_vol_vegas,platt,0.2768856146231919,0.13218311412292946,role_change_down,0.95,"Starting QB role being taken away from Keenum after strong performance, reducing his opportunity."
QB,00-0032268,Marcus Mariota,WAS,IND,2026_04_IND_WAS,2026,4,NA,NA,20,25,2.7465260159214373,2.134525008859664,-11.277248175530783,15.546298193250113,-14.546252579384738,18.81530259710407,0.265,0.11,0.06916701565458273,0,platt_vol_vegas,platt,0.25344936568558957,0.10279921776677031,role_change_up,0.95,"Mariota confirmed for a second straight start at QB, increasing his snap count and passing volume opportunities."
QB,00-0032950,Carson Wentz,MIN,MIA,2026_04_MIA_MIN,2026,4,NA,NA,20,25,2.0844240831211116,3.3755167499340386,-10.036256434456408,16.787289934324487,-13.305260838310364,20.056294338178443,0.288,0.134,0.06916701565458273,0,platt_vol_vegas,platt,0.25362173949748823,0.1259009697076538,role_change_down,0.85,"Wentz's role is at risk of being benched if Kyler Murray returns from concussion, reducing his snap count and passing opportunities."
QB,00-0033662,Cooper Rush,ATL,NO,2026_04_ATL_NO,2026,4,NA,NA,20,25,1.6810773233908696,-1.0766462918847322,-14.48841947627518,12.335126892505716,-17.757423880129135,15.604131296359672,0.1795,0.0675,0.06916701565458273,0,platt_vol_vegas,platt,0.2129605503480291,0.06231082792763581,NA,NA,NA
QB,00-0035704,Drew Lock,SEA,LAC,2026_04_LAC_SEA,2026,4,NA,NA,20,25,1.7751018767255307,3.165635658517443,-10.246137525873005,16.577408842907893,-13.51514192972696,19.84641324676185,0.265,0.118,0.06916701565458273,0,platt_vol_vegas,platt,0.26393109580023594,0.11048272938967953,NA,NA,NA
QB,00-0038102,Kenny Pickett,CAR,DET,2026_04_DET_CAR,2026,4,NA,NA,20,25,1.3044616052777547,-2.501815501325164,-15.913588685715613,10.909957683065283,-19.18259308956957,14.178962086919238,0.0975,0.0255,0.06916701565458273,0,platt_vol_vegas,platt,0.1822979095153144,0.023036037749141286,NA,NA,NA
QB,00-0038416,Tyson Bagent,CHI,NYJ,2026_04_NYJ_CHI,2026,4,NA,NA,20,25,1.8300804842998573,-4.529540150912491,-17.94131333530294,8.882233033477956,-21.210317739156896,12.151237437331911,0.098,0.036,0.06916701565458273,0,platt_vol_vegas,platt,0.1566036605459556,0.03276078089977872,NA,NA,NA
QB,00-0038476,Tommy DeVito,NE,BUF,2026_04_NE_BUF,2026,4,NA,NA,20,25,1.6863551846275568,-3.055354263717763,-16.46712744810821,10.356418920672684,-19.736131851962167,13.62542332452664,0.1255,0.038,0.06916701565458273,0,platt_vol_vegas,platt,0.18527417852579803,0.03462157084051211,NA,NA,NA
QB,00-0039107,Stetson Bennett,LA,PHI,2026_04_LA_PHI,2026,4,NA,NA,20,25,1.7060250414778486,-0.6567469107067608,-14.06852009509721,12.755026273683686,-17.337524498951165,16.02403067753764,0.1685,0.0555,0.06916701565458273,0,platt_vol_vegas,platt,0.18756909190942062,0.050997888104340076,role_change_up,0.85,"Bennett elevated to backup QB role over rookie Simpson, increasing his opportunity for playing time if starter is injured."
QB,00-0040691,Jaxson Dart,NYG,ARI,2026_04_ARI_NYG,2026,4,NA,NA,20,25,4.57996774344194,1.8039014986250215,-11.607871685765426,15.21567468301547,-14.876876089619381,18.484679086869424,0.305,0.136,0.06916701565458273,0,platt_vol_vegas,platt,0.29023036827750937,0.12783283371997334,NA,NA,NA
QB,00-0041194,Jack Strand,ATL,NO,2026_04_ATL_NO,2026,4,NA,NA,20,25,2.4206799239080596,-1.673820567395056,-15.085593751785504,11.737952616995392,-18.354598155639458,15.006957020849347,0.156,0.0495,0.06916701565458273,0,platt_vol_vegas,platt,0.21162311861390587,0.04536548192828363,NA,NA,NA
QB,00-0041251,Jalon Daniels,TB,GB,2026_04_GB_TB,2026,4,NA,NA,20,25,1.7364189450473482,-3.0185463934034096,-16.430319577793856,10.393226790987038,-19.69932398164781,13.662231194840993,0.1145,0.0365,0.06916701565458273,0,platt_vol_vegas,platt,0.10130253768219437,0.03322574579039934,role_change_up,0.95,"Rookie QB Jalon Daniels confirmed as starter with Baker Mayfield ruled out for multiple weeks, materially increasing his snap volume and opportunity."
QB,00-0026158,Joe Flacco,CIN,JAX,2026_04_JAX_CIN,2026,4,NA,NA,20,25,1.610729645706994,-1.5420400163672778,-14.953813200757725,11.86973316802317,-18.22281760461168,15.138737571877126,0.1745,0.064,0.06916701565458273,0,platt_vol_vegas,platt,0.2925633228012251,0.05900497680467688,NA,NA,NA
QB,00-0028118,Tyrod Taylor,GB,TB,2026_04_GB_TB,2026,4,NA,NA,20,25,2.7599864459860677,0.09223829072608813,-13.31953489366436,13.504011475116537,-16.588539297518317,16.77301587897049,0.2135,0.08,0.06916701565458273,0,platt_vol_vegas,platt,0.17962028414963618,0.07415591866266888,NA,NA,NA
QB,00-0033869,Mitchell Trubisky,TEN,BAL,2026_04_TEN_BAL,2026,4,NA,NA,20,25,2.633750281820879,-8.410538495124241,-21.82231167951469,5.001234689266207,-25.091316083368646,8.270239093120162,0.049,0.006,0.06916701565458273,0,platt_vol_vegas,platt,0.07813439953731932,0.005267403067650558,NA,NA,NA
QB,00-0033949,Joshua Dobbs,DET,CAR,2026_04_DET_CAR,2026,4,NA,NA,20,25,2.1375441302021305,-0.9048024097588829,-14.316575594149331,12.506970774631565,-17.585579998003286,15.77597517848552,0.1865,0.0785,0.06916701565458273,0,platt_vol_vegas,platt,0.3066452283498049,0.07273147905576888,NA,NA,NA
QB,00-0034577,Kyle Allen,BUF,NE,2026_04_NE_BUF,2026,4,NA,NA,20,25,2.0275604265227165,1.5668563513672134,-11.844916833023234,14.978629535757662,-15.11392123687719,18.247633939611617,0.2165,0.0855,0.06916701565458273,0,platt_vol_vegas,platt,0.34336920575006696,0.0793855607173039,NA,NA,NA
QB,00-0035264,Jarrett Stidham,DEN,SF,2026_04_DEN_SF,2026,4,NA,NA,20,25,2.1133940113952425,-1.0513504727587966,-14.463123657149245,12.360422711631651,-17.7321280610032,15.629427115485607,0.1595,0.057,0.06916701565458273,0,platt_vol_vegas,platt,0.20669829736823975,0.05240860768770103,NA,NA,NA
QB,00-0035289,Gardner Minshew,ARI,NYG,2026_04_ARI_NYG,2026,4,NA,NA,20,25,2.2133602422441183,-0.5156329667232313,-13.92740615111368,12.896140217667217,-17.196410554967635,16.165144621521172,0.157,0.057,0.06916701565458273,0,platt_vol_vegas,platt,0.20354346259101255,0.05240860768770103,NA,NA,NA
QB,00-0035993,Tyler Huntley,BAL,TEN,2026_04_TEN_BAL,2026,4,NA,NA,20,25,2.0958733535608634,-0.4641696780336023,-13.87594286242405,12.947603506356845,-17.144947266278006,16.2166079102108,0.174,0.0655,0.06916701565458273,0,platt_vol_vegas,platt,0.25940623143720837,0.06042116410905633,NA,NA,NA
QB,00-0036212,Tua Tagovailoa,ATL,NO,2026_04_ATL_NO,2026,4,NA,NA,20,25,1.530318980816165,2.0631378202074258,-11.348635364183021,15.474911004597875,-14.617639768036977,18.74391540845183,0.217,0.0825,0.06916701565458273,0,platt_vol_vegas,platt,0.229929451320514,0.07653173877117592,NA,NA,NA
QB,00-0036879,Sam Ehlinger,DEN,SF,2026_04_DEN_SF,2026,4,NA,NA,20,25,2.049413911337723,-1.2958810571524957,-14.707654241542944,12.115892127237952,-17.9766586453969,15.384896531091908,0.155,0.0595,0.06916701565458273,0,platt_vol_vegas,platt,0.20302356833684135,0.05476203379181058,NA,NA,NA
QB,00-0036898,Davis Mills,HOU,DAL,2026_04_DAL_HOU,2026,4,NA,NA,20,25,2.0114777941492714,1.7975692801205845,-11.614203904269864,15.209342464511032,-14.88320830812382,18.478346868364987,0.2365,0.107,0.06916701565458273,0,platt_vol_vegas,platt,0.30075488323732463,0.09992253203134395,NA,NA,NA
QB,00-0036945,Justin Fields,KC,LV,2026_04_KC_LV,2026,4,NA,NA,20,25,5.616893220506887,-3.910938599627155,-17.322711784017603,9.500834584763293,-20.591716187871558,12.769838988617249,0.233,0.0885,0.06916701565458273,0,platt_vol_vegas,platt,0.3776583639413286,0.08224240766087534,NA,NA,NA
QB,00-0036972,Mac Jones,SF,DEN,2026_04_DEN_SF,2026,4,NA,NA,20,25,2.8003770355660014,-2.1042555615578293,-15.516028745948278,11.307517622832618,-18.78503314980223,14.576522026686574,0.163,0.0595,0.06916701565458273,0,platt_vol_vegas,platt,0.2578848894136644,0.05476203379181058,NA,NA,NA
QB,00-0037012,Trey Lance,LAC,SEA,2026_04_LAC_SEA,2026,4,Questionable,Limited Participation in Practice,20,25,2.3176134794954324,-5.85995370853164,-19.27172689292209,7.5518194758588075,-22.540731296776045,10.820823879712762,0.0655,0.015,0.06916701565458273,0,platt_vol_vegas,platt,0.09603072956276974,0.013404995251069817,NA,NA,NA
QB,00-0037013,Zach Wilson,NO,ATL,2026_04_ATL_NO,2026,4,NA,NA,20,25,2.519051409217587,0.107634483151447,-13.304138701239001,13.519407667541895,-16.573143105092957,16.78841207139585,0.216,0.075,0.06916701565458273,0,platt_vol_vegas,platt,0.2807058094646804,0.06941092438814922,NA,NA,NA
QB,00-0037077,Sam Howell,DAL,HOU,2026_04_DAL_HOU,2026,4,NA,NA,20,25,2.127170176737735,-5.404581205863764,-18.81635439025421,8.007191978526684,-22.085358794108167,11.27619638238064,0.097,0.031,0.06916701565458273,0,platt_vol_vegas,platt,0.17543058717623924,0.02812011314917865,NA,NA,NA
QB,00-0038400,Tanner McKee,PHI,LA,2026_04_LA_PHI,2026,4,NA,NA,20,25,2.0292811743940904,-4.51910224029606,-17.93087542468651,8.892670944094387,-21.199879828540464,12.161675347948343,0.088,0.027,0.06916701565458273,0,platt_vol_vegas,platt,0.11586574429425854,0.024420280355990476,NA,NA,NA
QB,00-0038579,Aidan O'Connell,LV,KC,2026_04_KC_LV,2026,4,Questionable,Did Not Participate In Practice,20,25,2.0616637089316026,-3.79146346284935,-17.203236647239798,9.620309721541098,-20.472241051093754,12.889314125395053,0.11,0.032,0.06916701565458273,0,platt_vol_vegas,platt,0.16911137757729108,0.02904689436666612,NA,NA,NA
QB,00-0039164,Anthony Richardson,IND,WAS,2026_04_IND_WAS,2026,4,NA,NA,20,25,2.356085651324815,-2.1382222652897895,-15.549995449680237,11.273550919100659,-18.818999853534194,14.542555322954614,0.1375,0.047,0.06916701565458273,0,platt_vol_vegas,platt,0.23189596021870337,0.043023829285824024,NA,NA,NA
QB,00-0039376,Spencer Rattler,NO,ATL,2026_04_ATL_NO,2026,4,NA,NA,20,25,2.6804351609653563,1.4700081593875811,-11.941765025002868,14.881781343778028,-15.210769428856823,18.150785747631986,0.25,0.0985,0.06916701565458273,0,platt_vol_vegas,platt,0.30283627100120025,0.09178620274109028,NA,NA,NA
QB,00-0039923,J.J. McCarthy,NYG,ARI,2026_04_ARI_NYG,2026,4,NA,NA,20,25,2.5956275569844336,-0.6555430790534774,-14.067316263443926,12.75623010533697,-17.33632066729788,16.025234509190927,0.1975,0.064,0.06916701565458273,0,platt_vol_vegas,platt,0.20318586873344915,0.05900497680467688,role_change_up,0.85,"McCarthy acquisition signals he is now the primary QB, increasing his snap opportunity and fantasy relevance for the Giants."
QB,00-0040206,Riley Leonard,IND,WAS,2026_04_IND_WAS,2026,4,NA,NA,20,25,2.093407962078392,-2.544119790838262,-15.95589297522871,10.867653393552185,-19.224897379082666,14.13665779740614,0.136,0.0485,0.06916701565458273,0,platt_vol_vegas,platt,0.22625859068279147,0.04442844228768633,NA,NA,NA
QB,00-0040234,Quinn Ewers,JAX,CIN,2026_04_JAX_CIN,2026,4,NA,NA,20,25,2.2368962097007747,-1.607519538466809,-15.019292722857257,11.80425364592364,-18.288297126711214,15.073258049777595,0.155,0.056,0.06916701565458273,0,platt_vol_vegas,platt,0.256803542459271,0.051468014965613394,NA,NA,NA
QB,00-0040464,DJ Uiagalelei,LAC,SEA,2026_04_LAC_SEA,2026,4,NA,NA,20,25,2.1180778512727128,-5.438942035535128,-18.850715219925576,7.97283114885532,-22.11971962377953,11.241835552709276,0.0635,0.0155,0.06916701565458273,0,platt_vol_vegas,platt,0.09299254182003741,0.013860894523125226,NA,NA,NA
QB,00-0040494,Max Brosmer,MIN,MIA,2026_04_MIA_MIN,2026,4,NA,NA,20,25,1.3337806774632126,-0.8564277169648066,-14.268200901355254,12.555345467425642,-17.53720530520921,15.824349871279598,0.153,0.054,0.06916701565458273,0,platt_vol_vegas,platt,0.17662554409153042,0.0495881944544771,NA,NA,NA
QB,00-0040589,Kurtis Rourke,SF,DEN,2026_04_DEN_SF,2026,4,NA,NA,20,25,2.3955798101473733,-4.3241350651649855,-17.735908249555433,9.087638119225463,-21.004912653409388,12.356642523079419,0.1075,0.0245,0.06916701565458273,0,platt_vol_vegas,platt,0.20966325731757465,0.022114241824838794,NA,NA,NA
QB,00-0040673,Jalen Milroe,SEA,LAC,2026_04_LAC_SEA,2026,4,NA,NA,20,25,2.3079991253165733,0.08615027205479063,-13.325622912335657,13.497923456445239,-16.594627316189612,16.766927860299194,0.1845,0.0645,0.06916701565458273,0,platt_vol_vegas,platt,0.2321072383612105,0.059476937132049136,NA,NA,NA
QB,00-0040891,Cole Payton,PHI,LA,2026_04_LA_PHI,2026,4,NA,NA,20,25,2.09326127445161,-4.6398515105670795,-18.05162469495753,8.771921673823368,-21.320629098811484,12.040926077677323,0.0775,0.021,0.06916701565458273,0,platt_vol_vegas,platt,0.10985420134850195,0.01889491273565537,NA,NA,NA
QB,00-0040906,Garrett Nussmeier,KC,LV,2026_04_KC_LV,2026,4,NA,NA,20,25,2.2557257850888606,-2.9276784376209135,-16.33945162201136,10.484094746769534,-19.608456025865316,13.75309915062349,0.1415,0.0395,0.06916701565458273,0,platt_vol_vegas,platt,0.2454583249140648,0.03601875841779032,NA,NA,NA
QB,00-0040981,Joe Fagnano,BAL,TEN,2026_04_TEN_BAL,2026,4,NA,NA,20,25,2.0958733535608634,-0.4641696780336023,-13.87594286242405,12.947603506356845,-17.144947266278006,16.2166079102108,0.174,0.0565,0.06916701565458273,0,platt_vol_vegas,platt,0.25940623143720837,0.05193825506974072,NA,NA,NA
QB,00-0041056,Cade Klubnik,NYJ,CHI,2026_04_NYJ_CHI,2026,4,NA,NA,20,25,2.225016750124091,-3.9360668085192057,-17.347839992909655,9.475706375871242,-20.61684439676361,12.744710779725198,0.1075,0.0345,0.06916701565458273,0,platt_vol_vegas,platt,0.13727228325750415,0.031366840108263565,NA,NA,NA
QB,00-0041117,Athan Kaliakmanis,WAS,IND,2026_04_IND_WAS,2026,4,NA,NA,20,25,2.2349599473688864,-2.0822198854365404,-15.493993069826988,11.329553298953908,-18.762997473680944,14.598557702807863,0.105,0.0285,0.06916701565458273,0,platt_vol_vegas,platt,0.15863466573588597,0.025806307004070037,NA,NA,NA
QB,00-0041123,Behren Morton,NE,BUF,2026_04_NE_BUF,2026,4,NA,NA,20,25,2.2699949090773615,-3.413440282080108,-16.825213466470558,9.99833290231034,-20.094217870324513,13.267337306164295,0.1395,0.043,0.06916701565458273,0,platt_vol_vegas,platt,0.20339343120218845,0.039283942485815425,NA,NA,NA
QB,00-0041149,Haynes King,CAR,DET,2026_04_DET_CAR,2026,4,NA,NA,20,25,2.1405332897664775,-0.721519291797779,-14.133292476188227,12.690253892592668,-17.402296880042183,15.959258296446624,0.157,0.07,0.06916701565458273,0,platt_vol_vegas,platt,0.23907623827530558,0.06467513260725245,NA,NA,NA
QB,00-0041561,Carson Beck,ARI,NYG,2026_04_ARI_NYG,2026,4,NA,NA,20,25,2.213362209490644,-0.5590324654702967,-13.970805649860745,12.85274071892015,-17.2398100537147,16.121745122774108,0.1585,0.061,0.06916701565458273,0,platt_vol_vegas,platt,0.204421611324837,0.056175395467207616,NA,NA,NA
QB,00-0041562,Fernando Mendoza,LV,KC,2026_04_KC_LV,2026,4,NA,NA,20,25,2.3039005044825984,-3.2091787477670173,-16.620951932157464,10.20259443662343,-19.88995633601142,13.471598840477386,0.116,0.041,0.06916701565458273,0,platt_vol_vegas,platt,0.1766179051624646,0.037417268611225046,NA,NA,NA
QB,00-0041568,Ty Simpson,LA,PHI,2026_04_LA_PHI,2026,4,NA,NA,20,25,2.276016593851745,-0.7332916456073075,-14.145064829997755,12.67848153878314,-17.414069233851713,15.947485942637096,0.1395,0.0455,0.06916701565458273,0,platt_vol_vegas,platt,0.17994557626364033,0.04162037598801674,NA,NA,NA
QB,00-0040398,Brady Cook,MIA,MIN,2026_04_MIA_MIN,2026,4,NA,NA,20,25,1.9488308802179215,-11.706430857719347,-25.118204042109795,1.7053423266711007,-28.38720844596375,4.974346730525056,0.039,0.0045,0.052778843671936186,0.003929078768373785,platt_vol_vegas,platt,0.052778843671936186,0.003929078768373785,NA,NA,NA
QB,00-0040014,Kyle McCord,MIA,MIN,2026_04_MIA_MIN,2026,4,NA,NA,20,25,2.0669449327019387,-10.279463013243491,-23.69123619763394,3.1323101711469565,-26.960240601487897,6.401314575000912,0.038,0.008,0.05271270679615359,0.00706197095271257,platt_vol_vegas,platt,0.05271270679615359,0.00706197095271257,NA,NA,NA
RB,00-0036223,Jonathan Taylor,IND,WAS,2026_04_IND_WAS,2026,4,NA,Full Participation in Practice,15,20,25.13636405423738,-0.8102589102408101,-7.418684756896187,5.798166936414567,-9.541976126530088,7.921458306048468,0.728,0.4875,0.7652928701352676,0.5376848169367231,star_platt,star_platt,0.7652928701352676,0.5376848169367231,NA,NA,NA
RB,00-0039139,Jahmyr Gibbs,DET,CAR,2026_04_DET_CAR,2026,4,NA,NA,15,20,22.986223287878126,-0.05186580001959555,-6.398473868970745,6.294742268931554,-8.437643022404327,8.333911422365137,0.6815,0.44,0.7317048609178383,0.5002192081828869,star_platt,star_platt,0.7317048609178383,0.5002192081828869,NA,NA,NA
RB,00-0037248,James Cook,BUF,NE,2026_04_NE_BUF,2026,4,NA,NA,15,20,21.269372399913443,-0.38014920655692463,-6.50789622937003,5.747597816256181,-8.476745191399912,7.7164467782860635,0.6095,0.355,0.6795108785331889,0.4307635576289623,star_platt,star_platt,0.6795108785331889,0.4307635576289623,NA,NA,NA
RB,00-0033280,Christian McCaffrey,SF,DEN,2026_04_DEN_SF,2026,4,NA,Full Participation in Practice,15,20,19.33151755780109,-0.08379254766438628,-5.952530564760217,5.7849454694314435,-7.838159770790979,7.6705746754622055,0.54,0.2865,0.628123984529176,0.3713540377305451,star_platt,star_platt,0.628123984529176,0.3713540377305451,NA,NA,NA
RB,00-0032764,Derrick Henry,BAL,TEN,2026_04_TEN_BAL,2026,4,NA,NA,15,20,19.738021350062812,-0.6260381372975419,-6.550248139727172,5.298171865132089,-8.453700529440221,7.201624254845138,0.531,0.2735,0.6213541340535609,0.35960676238569556,star_platt,star_platt,0.6213541340535609,0.35960676238569556,NA,NA,NA
RB,00-0040122,Ashton Jeanty,LV,KC,2026_04_KC_LV,2026,4,NA,Full Participation in Practice,15,20,22.242600228993872,-2.6950836571137984,-8.948035509025736,3.5578681947981403,-10.957112861179205,5.566945546951608,0.5275,0.272,0.6187127930962139,0.3582399816185441,star_platt,star_platt,0.6187127930962139,0.3582399816185441,NA,NA,NA
RB,00-0037840,Kyren Williams,LA,PHI,2026_04_LA_PHI,2026,4,NA,NA,15,20,18.351087219994074,-1.3512746891908491,-7.083534998413976,4.380985620032277,-8.925313831300247,6.222764452918549,0.4165,0.192,0.6167401460191215,0.3662031442853708,star_platt,star_platt,0.5317401460191216,0.2812031442853708,role_change_up,0.85,"Ronnie Rivers' IR placement removes a backup RB, increasing Kyren Williams' snap and carry share in the Rams backfield."
RB,00-0038597,Chase Brown,CIN,JAX,2026_04_JAX_CIN,2026,4,NA,NA,15,20,20.311012591139846,-1.0759908554526463,-7.077339285540131,4.925357574634838,-9.005576300444359,6.853594589539067,0.5235,0.293,0.6156879976060969,0.37716431380636495,star_platt,star_platt,0.6156879976060969,0.37716431380636495,NA,NA,NA
RB,00-0038542,Bijan Robinson,ATL,NO,2026_04_ATL_NO,2026,4,NA,NA,15,20,19.274227862495636,-0.9240839602048302,-6.784952954103057,4.936785033693397,-8.66805383804462,6.819885917634961,0.4725,0.2345,0.5764783632774746,0.32322484258681583,star_platt,star_platt,0.5764783632774746,0.32322484258681583,NA,NA,NA
RB,00-0040715,Cam Skattebo,NYG,ARI,2026_04_ARI_NYG,2026,4,NA,NA,15,20,17.689710828085637,-1.705674224842985,-7.343599464663311,3.93225101497734,-9.155068380579241,5.743719930893271,0.3525,0.1465,0.5627455682326521,0.3175466766200242,star_platt,star_platt,0.47774556823265213,0.2325466766200242,role_change_up,0.85,Singletary's healthy inactive reduces backfield competition and increases Skattebo's snap and carry opportunity as the primary RB.
RB,00-0036275,D'Andre Swift,CHI,NYJ,2026_04_NYJ_CHI,2026,4,NA,Full Participation in Practice,15,20,18.699204251061754,-1.1928634756582746,-6.974029649682652,4.588302698366103,-8.831521967605536,6.445795016288987,0.436,0.215,0.5475496838439761,0.30429152316768815,star_platt,star_platt,0.5475496838439761,0.30429152316768815,NA,NA,NA
RB,00-0039040,De'Von Achane,MIA,MIN,2026_04_MIA_MIN,2026,4,NA,NA,15,20,17.43585317392636,-1.856980163400985,-7.458184092450572,3.7442237656486013,-9.257854428182597,5.543894101380626,0.338,0.1425,0.46498873374639993,0.2280412447126327,star_platt,star_platt,0.46498873374639993,0.2280412447126327,NA,NA,NA
RB,00-0038134,Kenneth Walker III,KC,LV,2026_04_KC_LV,2026,4,NA,NA,15,20,19.449632807073023,-0.9554520593219414,-6.840373559489433,4.92946944084555,-8.731202528782132,6.820298410138249,0.498,0.2535,0.4232247868912863,0.19244219895246897,star_platt,star_platt,0.4232247868912863,0.19244219895246897,NA,NA,NA
RB,00-0041027,Jeremiyah Love,ARI,NYG,2026_04_ARI_NYG,2026,4,NA,NA,15,20,18.67584339678983,-1.191373235247666,-6.969273212843311,4.586526742347979,-8.825716099804936,6.442969629309604,0.444,0.215,0.4148887564142725,0.25447543775898573,star_platt,star_platt,0.32288875641427245,0.16247543775898574,role_change_up,0.92,"Love clearly out-snapped backup Tyler Allgeier with career-high 26 touches, signaling an established workhorse role shift going forward."
RB,00-0036997,Javonte Williams,DAL,HOU,2026_04_DAL_HOU,2026,4,NA,NA,15,20,19.4339329968092,-1.5732507634101174,-7.4560242734450295,4.309522746624795,-9.346163092160815,6.1996615653405795,0.4725,0.2315,0.4034664819185506,0.17823612157959284,star_platt,star_platt,0.4034664819185506,0.17823612157959284,NA,NA,NA
RB,00-0038120,Breece Hall,NYJ,CHI,2026_04_NYJ_CHI,2026,4,Out,Did Not Participate In Practice,15,20,17.578799773693948,-1.2664473669162142,-6.88836473067,4.355469996837572,-8.694690305964887,6.161795572132459,0.3515,0.162,0.3967499739163468,0.21776154565869593,star_platt,star_platt,0.3117499739163468,0.13276154565869594,role_change_up,0.85,"Richardson's waiver removes a depth RB, increasing opportunity for Hall as the primary Jets back."
RB,00-0036158,J.K. Dobbins,DEN,SF,2026_04_DEN_SF,2026,4,NA,Full Participation in Practice,15,20,15.86675700503953,-0.9232012080166628,-6.290633208423987,4.444230792390661,-8.01519247685093,6.168790060817603,0.321,0.133,0.37383058082874043,0.19820439899050502,star_platt,star_platt,0.2888305808287404,0.11320439899050501,role_change_up,0.85,Coleman's 4-game IR placement solidifies Dobbins' lead role in the Broncos backfield with increased snap and carry opportunity.
RB,00-0036973,Travis Etienne,NO,ATL,2026_04_ATL_NO,2026,4,NA,NA,15,20,16.158294662064133,-1.0088131239338913,-6.420607469575956,4.402981221708173,-8.159420387352888,6.141794139485106,0.3045,0.133,0.3714085433592893,0.20820439899050502,star_platt,star_platt,0.27640854335928927,0.11320439899050501,role_change_up,0.95,Etienne's IR placement creates increased snap and carry opportunities for Kamara and Miller in the Saints backfield.
RB,00-0034844,Saquon Barkley,PHI,LA,2026_04_LA_PHI,2026,4,NA,NA,15,20,18.96467534656086,-2.0247171298693676,-7.842844156255288,3.793409896516553,-9.712212019225454,5.662777759486718,0.3855,0.1635,0.337314755581573,0.13376028248321256,star_platt,star_platt,0.337314755581573,0.13376028248321256,NA,NA,NA
RB,00-0035261,Tony Pollard,TEN,BAL,2026_04_TEN_BAL,2026,4,NA,Full Participation in Practice,15,20,18.54321005822805,-2.656310155349856,-8.415623432459519,3.1030031217598077,-10.26609440089658,4.953474090196869,0.3405,0.13,0.33688406275458066,0.19256426414559566,star_platt,star_platt,0.25188406275458064,0.10756426414559565,role_change_up,0.85,"Pollard cleared to play with opportunity for vast majority of touches if Spears remains sidelined, representing a meaningful role increase."
RB,00-0040198,Ollie Gordon II,MIA,MIN,2026_04_MIA_MIN,2026,4,NA,NA,15,20,18.44623447632089,-2.8421672970559495,-8.587844662276304,2.9035100681644046,-10.43393440367027,4.7495998095583705,0.3245,0.124,0.3261964321915969,0.18855058759207194,star_platt,star_platt,0.24119643219159687,0.10355058759207195,role_change_up,0.85,"Achane ruled out for remainder of Week 3, elevating Gordon to primary RB duties for this game and creating immediate opportunity increase."
RB,00-0033293,Aaron Jones,MIN,MIA,2026_04_MIA_MIN,2026,4,NA,Limited Participation in Practice,15,20,19.0256920682655,-1.3131436843218236,-7.139725773906726,4.513438405263079,-9.011810253986123,6.385522885342476,0.4435,0.2225,0.32253541312852096,0.16722141849884709,star_platt,star_platt,0.32253541312852096,0.16722141849884709,NA,NA,NA
RB,00-0040734,TreVeyon Henderson,NE,BUF,2026_04_NE_BUF,2026,4,NA,NA,15,20,14.421732145798494,-0.7698978518412529,-5.910554235689391,4.370758532006885,-7.562250356271945,6.022454652589439,0.2675,0.11,0.3204108413669921,0.1692529674290127,star_platt,star_platt,0.24841084136699212,0.09725296742901268,role_change_up,0.72,"Impact note indicates Henderson saw more carries than Stevenson this week, suggesting a shift in backfield opportunity allocation."
RB,00-0040666,Omarion Hampton,LAC,SEA,2026_04_LAC_SEA,2026,4,NA,NA,15,20,17.865840345345227,-2.0123254440185,-7.67555898961179,3.6509081015747906,-9.49515948004709,5.470508592010089,0.343,0.1495,0.30536479364690966,0.12439371108953114,star_platt,star_platt,0.30536479364690966,0.12439371108953114,NA,NA,NA
RB,00-0040242,Jacory Croskey-Merritt,WAS,IND,2026_04_IND_WAS,2026,4,NA,NA,15,20,15.22828147069026,-0.9296459455179396,-6.198336923480115,4.339045032444236,-7.891170639460595,6.031878748424717,0.2905,0.1105,0.303632050763266,0.1794103533706317,star_platt,star_platt,0.218632050763266,0.09441035337063168,role_change_up,0.85,Backup RB explicitly stated to handle bigger role in Commanders backfield due to White's absence.
RB,00-0039794,Braelon Allen,NYJ,CHI,2026_04_NYJ_CHI,2026,4,NA,NA,15,20,17.72364235576258,-3.166007872102951,-8.808819483359537,2.4768037391536346,-10.621858393482892,4.289842649276989,0.275,0.0975,0.30338890619603187,0.1804385245880351,star_platt,star_platt,0.20838890619603187,0.08543852458803511,role_change_up,0.95,Hall's absence elevates Allen to workhorse back role with increased snap and carry opportunity against the Bears.
RB,00-0040583,Woody Marks,HOU,DAL,2026_04_DAL_HOU,2026,4,NA,NA,15,20,13.278685840496742,-0.8420657113881441,-5.794355345656116,4.110223922879828,-7.385529111446418,5.701397688670131,0.249,0.095,0.263228461522483,0.15569085401495356,star_platt,star_platt,0.19122846152248302,0.08369085401495356,role_change_up,0.72,"Woody Marks received short-yardage touchdown carries, suggesting increased role/opportunity in goal-line situations at Montgomery's expense."
RB,00-0035685,David Montgomery,HOU,DAL,2026_04_DAL_HOU,2026,4,NA,NA,15,20,16.013459591793406,-0.7697470731342773,-6.159557649628507,4.620063503359953,-7.891307168589027,6.3518130223204725,0.355,0.149,0.2616202334713405,0.1201119492175244,star_platt,star_platt,0.2616202334713405,0.1201119492175244,NA,NA,NA
RB,00-0039361,Bucky Irving,TB,GB,2026_04_GB_TB,2026,4,NA,Full Participation in Practice,15,20,18.924646011044576,-2.33103556328586,-8.143607641089657,3.4815365145179373,-10.011190695596072,5.349119569024351,0.3785,0.173,0.26004542044654766,0.06806178402263548,star_platt,star_platt,0.33204542044654767,0.14006178402263547,role_change_down,0.72,Tucker's return from hamstring injury will reduce Irving's snap share in a three-way RB rotation.
RB,00-0036555,Chuba Hubbard,CAR,DET,2026_04_DET_CAR,2026,4,NA,Full Participation in Practice,15,20,17.92571698743143,-0.6205349401442446,-6.2923410894767535,5.051271209188265,-8.114695962870588,6.873626082582098,0.4435,0.213,0.25053541312852096,0.089208499749101125,star_platt,star_platt,0.32253541312852096,0.16120849974910112,role_change_down,0.72,Ekeler's potential signing to Carolina as a pass-catching back could reduce Hubbard's target share despite retaining majority volume.
RB,00-0036875,Rhamondre Stevenson,NE,BUF,2026_04_NE_BUF,2026,4,NA,NA,15,20,13.956149861772186,-0.7368113930878537,-5.801767219670449,4.328144433494742,-7.429140703720771,5.955517917545064,0.263,0.1,0.2449863017449102,0.0901529182851717,star_platt,star_platt,0.2449863017449102,0.0901529182851717,NA,NA,NA
RB,00-0038797,Emanuel Wilson,SEA,LAC,2026_04_LAC_SEA,2026,4,NA,NA,15,20,11.532880973406224,-0.8353189898783503,-5.4818741935685305,3.81123621381183,-6.974815295043729,5.3041773152870295,0.1655,0.044,0.22061618349793805,0.1306131270853419,star_platt,star_platt,0.13561618349793805,0.04561312708534188,role_change_up,0.85,"Price's absence elevates Wilson to lead RB role, increasing his snap and carry opportunity against the Chargers."
RB,00-0040719,Bhayshul Tuten,JAX,CIN,2026_04_JAX_CIN,2026,4,NA,NA,15,20,14.741169554522504,-1.0676340386156618,-6.259456949972801,4.1241888727414775,-7.927592907937957,5.792324830706633,0.2765,0.107,0.20937946369602697,0.09201278649778417,star_platt,star_platt,0.20937946369602697,0.09201278649778417,NA,NA,NA
RB,00-0038551,Kendre Miller,NO,ATL,2026_04_ATL_NO,2026,4,NA,NA,15,20,10.808060125583237,-0.665783560836807,-5.177969840768382,3.8464027190947685,-6.627738122757675,5.296171001084062,0.139,0.034,0.2024917065060442,0.12227047298678692,star_platt,star_platt,0.11749170650604421,0.037270472986786915,role_change_up,0.85,"Kendre Miller saw more touches than Donaldson in Week 1 despite backfield absences, indicating an increased role in the Saints' RB committee under new HC Kellen Moore."
RB,00-0039299,George Holani,SEA,LAC,2026_04_LAC_SEA,2026,4,NA,Limited Participation in Practice,15,20,10.959908450827015,-1.092953921135855,-5.6336897356444675,3.447781893372757,-7.092631001000922,4.9067231587292115,0.1365,0.0355,0.1937610679496994,0.11655176383007636,star_platt,star_platt,0.1157610679496994,0.038551763830076344,role_change_up,0.78,Holani's opportunity increases as he moves from a three-way backfield split to a two-way committee with Emmanuel Wilson due to Jadarian Price's absence.
RB,00-0041512,Jadarian Price,SEA,LAC,2026_04_LAC_SEA,2026,4,Out,Did Not Participate In Practice,15,20,12.740438507932007,-0.6970276717795406,-5.557538162674326,4.163482819115244,-7.119223232130795,5.725167888571714,0.2385,0.0805,0.18429534173809153,0.07338604398056818,star_platt,star_platt,0.18429534173809153,0.07338604398056818,NA,NA,NA
RB,00-0033906,Alvin Kamara,NO,ATL,2026_04_ATL_NO,2026,4,NA,NA,15,20,14.171985459563704,-1.6162882659915458,-6.716506851521344,3.483930319538252,-8.355210282139799,5.122633750156707,0.236,0.0835,0.1826436262789817,0.0755436355425845,star_platt,star_platt,0.1826436262789817,0.0755436355425845,NA,NA,NA
RB,00-0041496,Jonah Coleman,DEN,SF,2026_04_DEN_SF,2026,4,NA,NA,15,20,13.053706942898208,-0.6093381533210299,-5.523518204842007,4.304841898199947,-7.102447337791646,5.883771031149586,0.236,0.089,0.1826436262789817,0.07946335841852872,star_platt,star_platt,0.1826436262789817,0.07946335841852872,NA,NA,NA
RB,00-0037525,Jordan Mason,MIN,MIA,2026_04_MIA_MIN,2026,4,NA,NA,15,20,13.357061131060968,-1.1027943685345059,-6.068276953832616,3.8626882167636034,-7.663689623064117,5.458100885995105,0.2275,0.08,0.1770237673426893,0.07302502755531493,star_platt,star_platt,0.1770237673426893,0.07302502755531493,NA,NA,NA
RB,00-0039811,MarShawn Lloyd,GB,TB,2026_04_GB_TB,2026,4,NA,NA,15,20,13.584660877504069,-1.138794289229018,-6.1423501687716175,3.864761590313582,-7.7499958113251655,5.4724072328671305,0.223,0.088,0.17404545133016766,0.07875397992617368,star_platt,star_platt,0.17404545133016766,0.07875397992617368,NA,NA,NA
RB,00-0041052,Kaelon Black,SF,DEN,2026_04_DEN_SF,2026,4,NA,NA,15,20,11.761620840089943,-0.24452755142128088,-4.932521388554089,4.443466285711527,-6.438776748946588,5.9497216461040265,0.2145,0.0735,0.16841231816306382,0.06829253510184295,star_platt,star_platt,0.16841231816306382,0.06829253510184295,NA,NA,NA
RB,00-0040142,Kaleb Johnson,GB,TB,2026_04_GB_TB,2026,4,NA,NA,15,20,13.867948528568926,-1.7418270427976608,-6.792286759398982,3.3086326738036607,-8.415002634219706,4.931348548624383,0.201,0.0665,0.15944005370237438,0.06310649415840623,star_platt,star_platt,0.15944005370237438,0.06310649415840623,NA,NA,NA
RB,00-0040730,RJ Harvey,DEN,SF,2026_04_DEN_SF,2026,4,NA,NA,15,20,10.029566340162221,-0.5292516414260287,-4.891496774465944,3.832993491613886,-6.293088871909079,5.234585589057021,0.146,0.0465,0.15279654868797335,0.0493318222056401,star_platt,star_platt,0.15279654868797335,0.0493318222056401,NA,NA,NA
RB,00-0040236,Kyle Monangai,CHI,NYJ,2026_04_NYJ_CHI,2026,4,NA,NA,15,20,11.734482565741983,-0.7538406696794342,-5.436941347051188,3.92926000769232,-6.941624532143249,5.433943192784381,0.18,0.0575,0.14539666448997143,0.05627910100248875,star_platt,star_platt,0.14539666448997143,0.05627910100248875,NA,NA,NA
RB,00-0037256,Rachaad White,WAS,IND,2026_04_IND_WAS,2026,4,Out,Did Not Participate In Practice,15,20,10.828266344385355,-0.5135443313917943,-5.029542275044723,4.002453612261134,-6.480535246978535,5.453446584194946,0.159,0.0495,0.13120375741234677,0.05002925048511805,star_platt,star_platt,0.13120375741234677,0.05002925048511805,NA,NA,NA
RB,00-0037746,Brian Robinson,ATL,NO,2026_04_ATL_NO,2026,4,NA,NA,15,20,10.622309455967931,-0.4054782589139594,-4.8824403929195235,4.071483875091605,-6.320891134728612,5.5099346169006935,0.1545,0.0455,0.12813736320563437,0.04682826196898371,star_platt,star_platt,0.12813736320563437,0.04682826196898371,NA,NA,NA
RB,00-0036919,Kenny Gainwell,TB,GB,2026_04_GB_TB,2026,4,NA,NA,15,20,10.338341235035493,-1.1233278852260449,-5.5457820272598015,3.2991262568077113,-6.966719317058471,4.720063546606381,0.1135,0.029,0.12525272670561977,0.03410014264308677,star_platt,star_platt,0.12525272670561977,0.03410014264308677,NA,NA,NA
RB,00-0041013,Emmett Johnson,KC,LV,2026_04_KC_LV,2026,4,NA,NA,15,20,9.823035410585577,-0.26634230932905467,-4.587746575101176,4.055061956443066,-5.97621647627393,5.44353185761582,0.148,0.036,0.12368972792363882,0.03897629526938985,star_platt,star_platt,0.12368972792363882,0.03897629526938985,NA,NA,NA
RB,00-0038611,Chris Rodriguez Jr.,JAX,CIN,2026_04_JAX_CIN,2026,4,NA,NA,15,20,10.279362400975005,-0.678514609145114,-5.089545192016282,3.7325159737260547,-6.5068120850906395,5.149782866800412,0.1425,0.041,0.1199078718784638,0.04315659643555027,star_platt,star_platt,0.1199078718784638,0.04315659643555027,NA,NA,NA
RB,00-0033699,Austin Ekeler,WAS,IND,2026_04_IND_WAS,2026,4,NA,NA,15,20,10.358334931020371,-0.6594458181250507,-5.085764414395431,3.76687277814533,-6.507943355764288,5.189051719514188,0.139,0.034,0.11749170650604421,0.037270472986786915,star_platt,star_platt,0.11749170650604421,0.037270472986786915,NA,NA,NA
RB,00-0039344,Jonathon Brooks,CAR,DET,2026_04_DET_CAR,2026,4,NA,NA,15,20,9.993214878820954,-0.5419621473084333,-4.897052535444237,3.81312824082737,-6.296345808861901,5.212421514245035,0.1325,0.0365,0.11298328819741561,0.03939958234880574,star_platt,star_platt,0.11298328819741561,0.03939958234880574,NA,NA,NA
RB,00-0041096,Kaytron Allen,WAS,IND,2026_04_IND_WAS,2026,4,NA,NA,15,20,9.968657597205777,-0.7682126829142516,-5.1184615989734,3.5820362331448967,-6.516199304376045,4.979773938547542,0.1315,0.037,0.11228709481005195,0.03982164706466869,star_platt,star_platt,0.11228709481005195,0.03982164706466869,NA,NA,NA
RB,00-0029892,Kyle Juszczyk,SF,DEN,2026_04_DEN_SF,2026,4,NA,NA,15,20,8.456808115510993,0.3302050294604001,-3.7083141178842456,4.3687241768050455,-5.005892853067914,5.666302911988714,0.1265,0.03,0.10879509837895954,0.03379274900493337,star_platt,star_platt,0.10879509837895954,0.03379274900493337,NA,NA,NA
RB,00-0041081,Max Bredeson,MIN,MIA,2026_04_MIA_MIN,2026,4,NA,NA,15,20,9.487498502360209,-0.54098165915837515,-4.79501852194834,3.7130552036315896,-6.161843234287047,5.079879915970296,0.123,0.0305,0.10633922802094911,0.03423263992594899,star_platt,star_platt,0.10633922802094911,0.03423263992594899,NA,NA,NA
RB,00-0039364,Sione Vaki,DET,CAR,2026_04_DET_CAR,2026,4,NA,NA,15,20,8.45268786144492,0.3264502236127408,-3.7111792921629356,4.364079739388417,-5.0084721881654755,5.661372635390958,0.121,0.0285,0.10493140230102013,0.0324635076245836,star_platt,star_platt,0.10493140230102013,0.0324635076245836,NA,NA,NA
RB,00-0033526,Samaje Perine,CIN,JAX,2026_04_JAX_CIN,2026,4,NA,NA,15,20,9.340918664663004,-0.4038666511592976,-4.628064437469378,3.820331135150783,-5.985301835818679,5.177568533500083,0.119,0.0395,0.10352019942856533,0.04191436097293838,star_platt,star_platt,0.10352019942856533,0.04191436097293838,NA,NA,NA
RB,00-0040177,Jordan James,SF,DEN,2026_04_DEN_SF,2026,4,NA,NA,15,20,9.330365436630538,-0.2935515008245552,-4.5155911104518625,3.9284881088027523,-5.872135085279282,5.285032083630172,0.1165,0.032,0.10175128730398147,0.035543202718088876,star_platt,star_platt,0.10175128730398147,0.035543202718088876,NA,NA,NA
RB,00-0040878,Mike Washington Jr.,LV,KC,2026_04_KC_LV,2026,4,NA,NA,15,20,9.806446148457324,-0.3485777097257214,-4.666681170563052,3.9695257511116093,-6.054090521039845,5.356935101588402,0.116,0.028,0.1013968335533904,0.0320171200914087,star_platt,star_platt,0.1013968335533904,0.0320171200914087,NA,NA,NA
RB,00-0034975,Justice Hill,BAL,TEN,2026_04_TEN_BAL,2026,4,NA,NA,15,20,8.984738314849006,-0.2027600810440463,-4.353364106330804,3.947843944242711,-5.6869557831019755,5.281435621013882,0.1145,0.0275,0.10033209842943625,0.031569016810379776,star_platt,star_platt,0.10033209842943625,0.031569016810379776,NA,NA,NA
RB,00-0040556,Corey Kiner,NE,BUF,2026_04_NE_BUF,2026,4,NA,NA,15,20,9.470190734633453,-0.4868508343566365,-4.737377590361275,3.7636759216480016,-6.103074503188157,5.129372834474884,0.113,0.0325,0.09926526507950091,0.03597712195250222,star_platt,star_platt,0.09926526507950091,0.03597712195250222,NA,NA,NA
RB,00-0036924,Michael Carter,TEN,BAL,2026_04_TEN_BAL,2026,4,NA,NA,15,20,10.59660451952325,-1.3960147407782522,-5.86807590832353,3.076046426767026,-7.304951966534822,4.512922484978318,0.111,0.031,0.09783947143936823,0.03467099165438612,star_platt,star_platt,0.09783947143936823,0.03467099165438612,NA,NA,NA
RB,00-0040179,DJ Giddens,IND,WAS,2026_04_IND_WAS,2026,4,NA,NA,15,20,9.76688707687413,-0.7440739543714184,-5.054293885190814,3.5661459764479773,-6.439170252527937,4.9510223437851,0.111,0.032,0.09783947143936823,0.035543202718088876,star_platt,star_platt,0.09783947143936823,0.035543202718088876,NA,NA,NA
RB,00-0038896,Jacob Saylors,DET,CAR,2026_04_DET_CAR,2026,4,NA,NA,15,20,8.462748424995654,-0.1235783131985284,-4.1633796545100745,3.9162230281130177,-5.461370359419557,5.2142137330225,0.105,0.022,0.0935379549453693,0.02651403222322637,star_platt,star_platt,0.0935379549453693,0.02651403222322637,NA,NA,NA
RB,00-0036842,Kene Nwangwu,NYJ,CHI,2026_04_NYJ_CHI,2026,4,NA,Full Participation in Practice,15,20,10.053864156892534,-1.1457959517143315,-5.5128154949060715,3.221223591477409,-6.915941613325714,4.624349709897052,0.102,0.0245,0.09137281118954357,0.028842032327268976,star_platt,star_platt,0.09137281118954357,0.028842032327268976,NA,NA,NA
RB,00-0039796,Rasheen Ali,BAL,TEN,2026_04_TEN_BAL,2026,4,NA,NA,15,20,8.931174437587313,-0.7255474008236137,-4.864946697506823,3.413851895859595,-6.1949382879495625,4.743843486302334,0.1015,0.0265,0.09101097357077823,0.030667503145147382,star_platt,star_platt,0.09101097357077823,0.030667503145147382,NA,NA,NA
RB,00-0039032,Tyjae Spears,TEN,BAL,2026_04_TEN_BAL,2026,4,Questionable,Full Participation in Practice,15,20,10.391726601141293,-1.3690237746065672,-5.801787332267184,3.0637397830540487,-7.226037043773294,4.487989494560159,0.1,0.0255,0.08992373445033701,0.02975863018024345,star_platt,star_platt,0.08992373445033701,0.02975863018024345,NA,NA,NA
RB,00-0039021,Roschon Johnson,CHI,NYJ,2026_04_NYJ_CHI,2026,4,NA,NA,15,20,9.191488894708234,-0.7187208279179838,-4.912234094645228,3.4747924388092604,-6.259612537605845,4.8221708817698765,0.0995,0.0275,0.08956073815149684,0.031569016810379776,star_platt,star_platt,0.08956073815149684,0.031569016810379776,NA,NA,NA
RB,00-0035537,Ty Johnson,BUF,NE,2026_04_NE_BUF,2026,4,NA,NA,15,20,8.074779271754595,0.09662986983839719,-3.8583686787689984,4.051628418445793,-5.129112193190491,5.322371932867285,0.0985,0.021,0.08883385629631631,0.025566999149833868,star_platt,star_platt,0.08883385629631631,0.025566999149833868,NA,NA,NA
RB,00-0038488,Brady Russell,SEA,LAC,2026_04_LAC_SEA,2026,4,NA,NA,15,20,8.889864284208354,-0.21424507251453237,-4.344977756414411,3.916487611385347,-5.672184758733776,5.243694613704712,0.0985,0.03,0.08883385629631631,0.03379274900493337,star_platt,star_platt,0.08883385629631631,0.03379274900493337,NA,NA,NA
RB,00-0033854,Dare Ogunbowale,HOU,DAL,2026_04_DAL_HOU,2026,4,NA,NA,15,20,9.344016344913591,-1.045939052592622,-5.270770073054711,3.178891967869468,-6.628210929934246,4.536332824749001,0.0975,0.02,0.08810577245557405,0.024610114580161303,star_platt,star_platt,0.08810577245557405,0.024610114580161303,NA,NA,NA
RB,00-0036265,AJ Dillon,CAR,DET,2026_04_DET_CAR,2026,4,NA,NA,15,20,9.387118423721484,-1.0290548477381107,-5.26268497597197,3.204575280495748,-6.6229529916977725,4.56484329622155,0.097,0.0215,0.08774127357552217,0.026041711063453824,star_platt,star_platt,0.08774127357552217,0.026041711063453824,NA,NA,NA
RB,00-0039875,Ray Davis,BUF,NE,2026_04_NE_BUF,2026,4,Questionable,Limited Participation in Practice,15,20,8.031793348147605,-0.14247605812048328,-4.08794249463671,3.802990378395744,-5.355623335464339,5.070671219223374,0.097,0.0205,0.08774127357552217,0.025089825319549692,star_platt,star_platt,0.08774127357552217,0.025089825319549692,NA,NA,NA
RB,00-0041326,CJ Donaldson,NO,ATL,2026_04_ATL_NO,2026,4,NA,NA,15,20,8.556177404025405,-0.2736649220945186,-4.33356804925544,3.7862382050664034,-5.6380174705670765,5.09068762637804,0.097,0.02,0.08774127357552217,0.024610114580161303,star_platt,star_platt,0.08774127357552217,0.024610114580161303,NA,NA,NA
RB,00-0039471,Frank Gore Jr.,BUF,NE,2026_04_NE_BUF,2026,4,NA,NA,15,20,8.153690009043821,-0.12766706488963853,-4.10009194062981,3.844757810850534,-5.376434544889644,5.121100415110368,0.0965,0.023,0.08737646668680735,0.027451769428245804,star_platt,star_platt,0.08737646668680735,0.027451769428245804,NA,NA,NA
RB,00-0039874,Jaylen Wright,MIA,MIN,2026_04_MIA_MIN,2026,4,NA,Full Participation in Practice,15,20,10.359598949301551,-1.3116192648267002,-5.738182037728244,3.114943508074843,-7.160439433201852,4.5372009035484515,0.0965,0.0235,0.08737646668680735,0.027917311028885478,star_platt,star_platt,0.08737646668680735,0.027917311028885478,NA,NA,NA
RB,00-0037557,Ronnie Rivers,LA,PHI,2026_04_LA_PHI,2026,4,NA,NA,15,20,8.514884931262024,-0.6802130488017694,-4.731246769114236,3.3708206715106974,-6.03284644444217,4.672420346838632,0.095,0.023,0.0862801722140056,0.027451769428245804,star_platt,star_platt,0.0862801722140056,0.027451769428245804,NA,NA,NA
RB,00-0035250,Devin Singletary,NYG,ARI,2026_04_ARI_NYG,2026,4,NA,NA,15,20,9.126203526054224,-0.7636641156750131,-4.943685643404039,3.4163574120540128,-6.286729182161899,4.759400950811873,0.0945,0.03,0.08591410739275454,0.03379274900493337,star_platt,star_platt,0.08591410739275454,0.03379274900493337,NA,NA,NA
RB,00-0038454,Keaton Mitchell,LAC,SEA,2026_04_LAC_SEA,2026,4,NA,Full Participation in Practice,15,20,9.941523579761746,-1.2037276383610438,-5.548619472860292,3.141164196138204,-6.944635944597537,4.537180667875449,0.0945,0.024,0.08591410739275454,0.028380713424621614,star_platt,star_platt,0.08591410739275454,0.028380713424621614,NA,NA,NA
RB,00-0039686,Colson Yankoff,WAS,IND,2026_04_IND_WAS,2026,4,NA,NA,15,20,8.983174257329582,-0.4188324019119511,-4.569109770292589,3.731444966468687,-5.902596491994932,5.06493168817103,0.093,0.0245,0.08481397545353578,0.028842032327268976,star_platt,star_platt,0.08481397545353578,0.028842032327268976,NA,NA,NA
RB,00-0039798,Isaiah Davis,NYJ,CHI,2026_04_NYJ_CHI,2026,4,NA,NA,15,20,8.814404287295035,-0.6760881048390021,-4.790932596443945,3.4387563867659403,-6.113034712613152,4.760858502935148,0.093,0.023,0.08481397545353578,0.027451769428245804,star_platt,star_platt,0.08481397545353578,0.027451769428245804,NA,NA,NA
RB,00-0041125,Seth McGowan,IND,WAS,2026_04_IND_WAS,2026,4,NA,NA,15,20,8.584457214084898,-0.5537813527011459,-4.619745310647309,3.5121826052450174,-5.926142080691871,4.818579375289579,0.091,0.021,0.08334250897667267,0.025566999149833868,star_platt,star_platt,0.08334250897667267,0.025566999149833868,NA,NA,NA
RB,00-0041415,Dean Connors,LA,PHI,2026_04_LA_PHI,2026,4,NA,NA,15,20,8.607183964125388,-0.721671527921799,-4.792498280003907,3.349155224160309,-6.100457468854512,4.6571144130109134,0.091,0.0225,0.08334250897667267,0.02698403024064909,star_platt,star_platt,0.08334250897667267,0.02698403024064909,NA,NA,NA
RB,00-0038685,Chris Brooks,GB,TB,2026_04_GB_TB,2026,4,NA,NA,15,20,9.234175034384048,-1.113482178735944,-5.315788504556026,3.0888241470841384,-6.665992162918576,4.439027805446688,0.09,0.028,0.08260474290782377,0.0320171200914087,star_platt,star_platt,0.08260474290782377,0.0320171200914087,NA,NA,NA
RB,00-0040394,Anthony Tyus III,CAR,DET,2026_04_DET_CAR,2026,4,NA,NA,15,20,8.674753340387433,-0.5075607770794818,-4.592803792860258,3.577682238701295,-5.905394936279778,4.8902733821208155,0.0895,0.0225,0.08223534142529339,0.02698403024064909,star_platt,star_platt,0.08223534142529339,0.02698403024064909,NA,NA,NA
RB,00-0038489,Ben VanSumeren,KC,LV,2026_04_KC_LV,2026,4,NA,NA,15,20,8.496033278631192,-0.5491639586872412,-4.596140607305502,3.49781268993102,-5.896436742953309,4.798108825578828,0.0875,0.022,0.08075420865375728,0.02651403222322637,star_platt,star_platt,0.08075420865375728,0.02651403222322637,NA,NA,NA
RB,00-0036893,Najee Harris,NYG,ARI,2026_04_ARI_NYG,2026,4,NA,NA,15,20,9.61578133093818,-0.7921221505568393,-5.072066782630308,3.487822481516629,-6.447215677490328,4.86297137637665,0.0855,0.023,0.0792672829796268,0.027451769428245804,star_platt,star_platt,0.0792672829796268,0.027451769428245804,NA,NA,NA
RB,00-0037085,Tyler Badie,DEN,SF,2026_04_DEN_SF,2026,4,NA,NA,15,20,8.434792783394853,-0.32999544954066856,-4.363758359809519,3.7037674607281814,-5.659808913037406,4.999818013956068,0.085,0.0255,0.07889462226460116,0.02975863018024345,star_platt,star_platt,0.07889462226460116,0.02975863018024345,NA,NA,NA
RB,00-0032104,Ameer Abdullah,JAX,CIN,2026_04_JAX_CIN,2026,4,NA,NA,15,20,8.053599999465309,-0.5411376457231712,-4.491443182757513,3.409167891311171,-5.760678829616915,4.678403538170573,0.082,0.017,0.07665059204464425,0.02167380784111855,star_platt,star_platt,0.07665059204464425,0.02167380784111855,NA,NA,NA
RB,00-0040208,Tahj Brooks,CIN,JAX,2026_04_JAX_CIN,2026,4,NA,NA,15,20,9.101686785730925,-1.0400061313151003,-5.214947426515666,3.1349351638854657,-6.556358683375581,4.476346420745381,0.0805,0.0225,0.07552323292812718,0.02698403024064909,star_platt,star_platt,0.07552323292812718,0.02698403024064909,NA,NA,NA
RB,00-0039384,Tyrone Tracy Jr.,NYG,ARI,2026_04_ARI_NYG,2026,4,NA,Full Participation in Practice,15,20,8.555168033455127,-0.8399653785217813,-4.899651978160907,3.2197212211173447,-6.204031829043974,4.524101072000412,0.0795,0.019,0.07476961367365484,0.023642761377000724,star_platt,star_platt,0.07476961367365484,0.023642761377000724,NA,NA,NA
RB,00-0034959,Andrew Beck,NYJ,CHI,2026_04_NYJ_CHI,2026,4,NA,NA,15,20,8.616419670172576,-0.5538989572894544,-4.6266998430618855,3.5189019284829772,-5.935293322305458,4.827495407726549,0.0795,0.0185,0.07476961367365484,0.02315494684038758,star_platt,star_platt,0.07476961367365484,0.02315494684038758,NA,NA,NA
RB,00-0038555,Tank Bigsby,PHI,LA,2026_04_LA_PHI,2026,4,NA,Full Participation in Practice,15,20,9.266466979450353,-1.066670510625438,-5.275613974128561,3.1422729528776845,-6.6279501489917845,4.494609127740908,0.0775,0.0205,0.0732573247835015,0.025089825319549692,star_platt,star_platt,0.0732573247835015,0.025089825319549692,NA,NA,NA
RB,00-0038951,Sean Tucker,TB,GB,2026_04_GB_TB,2026,4,NA,NA,15,20,9.087286190886031,-1.1321779590553163,-5.304131741138274,3.0397758230276413,-6.6445831081595985,4.3802271900489655,0.0775,0.0155,0.0732573247835015,0.020163825579628633,star_platt,star_platt,0.0732573247835015,0.020163825579628633,NA,NA,NA
RB,00-0036727,Adam Prentice,DEN,SF,2026_04_DEN_SF,2026,4,NA,NA,15,20,7.678462434856616,-0.3945437117370709,-4.260576667309361,3.4714892438352196,-5.502735480885431,4.71364805741129,0.0765,0.0165,0.07249859114031905,0.021173843207367572,star_platt,star_platt,0.07249859114031905,0.021173843207367572,NA,NA,NA
RB,00-0039407,Dylan Laube,LV,KC,2026_04_KC_LV,2026,4,NA,NA,15,20,9.198848545466623,-1.2587608646645303,-5.453791764044343,2.936270034715282,-6.801657823328158,4.284136093999097,0.0765,0.019,0.07249859114031905,0.023642761377000724,star_platt,star_platt,0.07249859114031905,0.023642761377000724,NA,NA,NA
RB,00-0039391,Kimani Vidal,LAC,SEA,2026_04_LAC_SEA,2026,4,NA,NA,15,20,9.078594392588363,-1.1287268454438664,-5.298876192264047,3.0414225013763145,-6.638747793103619,4.381294102215886,0.074,0.0175,0.07059393667944429,0.022170572706153933,star_platt,star_platt,0.07059393667944429,0.022170572706153933,NA,NA,NA
RB,00-0038738,Hunter Luepke,DAL,HOU,2026_04_DAL_HOU,2026,4,NA,NA,15,20,8.118580039738772,-0.5720099225868915,-4.536692718321117,3.3926728731473332,-5.810547787418858,4.666527942245074,0.0735,0.019,0.07021163023428954,0.023642761377000724,star_platt,star_platt,0.07021163023428954,0.023642761377000724,NA,NA,NA
RB,00-0036187,Reggie Gilliam,NE,BUF,2026_04_NE_BUF,2026,4,Questionable,Limited Participation in Practice,15,20,7.590393802454625,-0.3902127907842511,-4.236136504425347,3.455710922856845,-5.471834205955499,4.691408624386996,0.073,0.0145,0.06982885475291312,0.019139453414929057,star_platt,star_platt,0.06982885475291312,0.019139453414929057,NA,NA,NA
RB,00-0037304,Connor Heyward,LV,KC,2026_04_KC_LV,2026,4,NA,NA,15,20,7.772434237386097,-0.1148678635127168,-4.002219089846765,3.772483362821331,-5.251227477190371,5.021491750164937,0.0705,0.0155,0.0679077769449322,0.020163825579628633,star_platt,star_platt,0.0679077769449322,0.020163825579628633,NA,NA,NA
RB,00-0041436,DJ Herman,MIA,MIN,2026_04_MIA_MIN,2026,4,NA,NA,15,20,8.707731900254634,-0.8838692844704681,-4.976126099252888,3.208387530311952,-6.2909707806910085,4.523232211750072,0.069,0.019,0.06674919389076917,0.023642761377000724,star_platt,star_platt,0.06674919389076917,0.023642761377000724,NA,NA,NA
RB,00-0033376,Patrick Ricard,NYG,ARI,2026_04_ARI_NYG,2026,4,NA,Full Participation in Practice,15,20,7.9037855663852286,-0.6570106892197661,-4.573924729933265,3.2599033514937323,-5.832431668080123,4.518410289640591,0.0685,0.015,0.06636197966853015,0.0196535064447878,star_platt,star_platt,0.06636197966853015,0.0196535064447878,NA,NA,NA
RB,00-0038705,Emari Demercado,DAL,HOU,2026_04_DAL_HOU,2026,4,NA,NA,15,20,8.34296939647577,-1.0903159899296349,-5.104167471522745,2.9235354916634755,-6.393820470227769,4.213188490368499,0.067,0.0115,0.06519720290887374,0.01596684463720429,star_platt,star_platt,0.06519720290887374,0.01596684463720429,NA,NA,NA
RB,00-0040568,Lan Larison,NE,BUF,2026_04_NE_BUF,2026,4,NA,NA,15,20,7.353753882874214,-0.40786264680946993,-4.199111099695756,3.3833858060768156,-5.417241605650591,4.601516312031651,0.0655,0.0185,0.0640276087751381,0.02315494684038758,star_platt,star_platt,0.0640276087751381,0.02315494684038758,NA,NA,NA
RB,00-0041104,Demond Claiborne,MIN,MIA,2026_04_MIA_MIN,2026,4,NA,NA,15,20,8.487005794372518,-0.7846443869176468,-4.829676480465297,3.2603877066300035,-6.1293478293492045,4.5600590555139116,0.065,0.017,0.06363664686121409,0.02167380784111855,star_platt,star_platt,0.06363664686121409,0.02167380784111855,NA,NA,NA
RB,00-0039738,Blake Corum,LA,PHI,2026_04_LA_PHI,2026,4,NA,NA,15,20,11.378399633990863,-0.8126348983046453,-5.430948864081482,3.8056790674721914,-6.914816038100941,5.289546241491651,0.164,0.0435,0.06259960849071584,0,star_platt,star_platt,0.13459960849071584,0.045206186071923234,role_change_down,0.72,"Corum receiving nearly equal touches to the lead back Williams suggests a potential shift toward a more even backfield committee, implying reduced opportunity for Williams despite his productive game."
RB,00-0037157,Bam Knight,ARI,NYG,2026_04_ARI_NYG,2026,4,NA,NA,15,20,8.605459370544974,-1.003166073302377,-5.0736240646415185,3.067291918036765,-6.381464770434105,4.3751326238293515,0.062,0.0145,0.061278932574159964,0.019139453414929057,star_platt,star_platt,0.061278932574159964,0.019139453414929057,NA,NA,NA
RB,00-0040078,Brashard Smith,KC,LV,2026_04_KC_LV,2026,4,NA,NA,15,20,7.625808418130146,-0.7085334797264613,-4.562558914362026,3.1454919549091036,-5.800859703929467,4.383792744476544,0.062,0.0135,0.061278932574159964,0.018099496827087197,star_platt,star_platt,0.061278932574159964,0.018099496827087197,NA,NA,NA
RB,00-0037594,Julius Chestnut,TEN,BAL,2026_04_TEN_BAL,2026,4,NA,NA,15,20,8.649031227562704,-1.8376089566186047,-5.917371308962746,2.2421533957255373,-7.2282015117823555,3.5529835985451457,0.0585,0.0115,0.0585010125763277,0.01596684463720429,star_platt,star_platt,0.0585010125763277,0.01596684463720429,NA,NA,NA
RB,00-0040238,LeQuint Allen Jr.,JAX,CIN,2026_04_JAX_CIN,2026,4,NA,Limited Participation in Practice,15,20,7.615212627083168,-1.1216174378502775,-4.97322106277047,2.7299861870699154,-6.210743723357293,3.967508847656738,0.0555,0.0095,0.056094827157321045,0.013750881989775093,star_platt,star_platt,0.056094827157321045,0.013750881989775093,NA,NA,NA
RB,00-0039746,Will Shipley,PHI,LA,2026_04_LA_PHI,2026,4,NA,Full Participation in Practice,15,20,7.9828305057968825,-1.144724814489635,-5.079299643382518,2.789850014403248,-6.343481003849057,4.054031374869787,0.0525,0.0115,0.05366364797893129,0.01596684463720429,star_platt,star_platt,0.05366364797893129,0.01596684463720429,NA,NA,NA
RB,00-0040886,Nicholas Singleton,TEN,BAL,2026_04_TEN_BAL,2026,4,NA,NA,15,20,8.45944844791032,-1.0997698244705478,-5.1388589387633274,2.9393192898222313,-6.43662080468494,4.2370811557438435,0.0475,0.0105,0.04955075259378453,0.014870445694090887,star_platt,star_platt,0.04955075259378453,0.014870445694090887,NA,NA,NA
RB,00-0035125,Alec Ingold,LAC,SEA,2026_04_LAC_SEA,2026,4,NA,NA,15,20,7.310599043022087,-0.7685939389689109,-4.54976808938568,3.012580211447858,-5.764661715638002,4.22747383770018,0.045,0.0055,0.047462965129457003,0.008966262783585711,star_platt,star_platt,0.047462965129457003,0.008966262783585711,NA,NA,NA
RB,00-0037263,Tyler Allgeier,ARI,NYG,2026_04_ARI_NYG,2026,4,NA,NA,15,20,11.3782287165838,-0.9994071936124219,-5.6176897974510975,3.618875410226254,-7.101546894860155,5.102732507635311,0.1435,0.036,0.03559681274626396,0,star_platt,star_platt,0.12059681274626396,0.03897629526938985,role_change_down,0.85,"Backup Jeremiah Love took meaningful snaps over Allgeier for the first time this season, signaling a potential shift in the Cardinals' RB opportunity distribution."
RB,00-0037120,Tyler Goodson,DAL,HOU,2026_04_DAL_HOU,2026,4,NA,NA,15,20,9.731121788053093,-1.1500297925740521,-5.453107164358128,3.1530475792100234,-6.835688622997067,4.535629037848961,0.1015,0.0205,0.01901097357077823,0,star_platt,star_platt,0.09101097357077823,0.025089825319549692,role_change_down,0.72,"Tyler Goodson signing adds a depth RB to Dallas backfield, increasing competition for touches in the absence of Malik Davis."
RB,00-0036425,DeeJay Dallas,MIN,MIA,2026_04_MIA_MIN,2026,4,NA,NA,15,20,8.93804282435999,-0.5827166340952222,-4.723554744463944,3.5581214762734996,-6.054008626646327,4.888575358455883,0.0915,0.0225,0,0,star_platt,star_platt,0.08371087946584485,0.02698403024064909,role_change_down,0.95,Aaron Jones Sr. clearing to play reduces Dallas's snap/carry opportunity in a committee backfield.
TE,00-0040128,Tyler Warren,IND,WAS,2026_04_IND_WAS,2026,4,NA,NA,12,17,7.353652487925901,1.6904581405073067,-2.943057096243428,6.975408131090553,-4.908579349126891,8.50738439974885,0.5175,0.249,0.6154212857811702,0.3552541151163617,platt_vol_vegas,platt,0.5304212857811702,0.27025411511636166,role_change_up,0.85,Warren's role is expanding with career-high 9 receptions and explicit callout that he will continue seeing plenty of targets with WR Alec Pierce sidelined.
TE,00-0037744,Trey McBride,ARI,NYG,2026_04_ARI_NYG,2026,4,NA,NA,12,17,8.08829599460351,2.0614280517161623,-2.8352983471338264,7.646594564223127,-4.912473927972286,9.265596176142147,0.602,0.3315,0.6050200143641327,0.357997756518523,platt_vol_vegas,platt,0.6050200143641327,0.357997756518523,NA,NA,NA
TE,00-0039338,Brock Bowers,LV,KC,2026_04_KC_LV,2026,4,NA,Limited Participation in Practice,12,17,7.95608513200416,1.4540899949838393,-3.3960323977280247,6.986100355149424,-5.4534387091333185,8.589693313426446,0.5425,0.2935,0.5629428413260654,0.3177655694353598,platt_vol_vegas,platt,0.5629428413260654,0.3177655694353598,NA,NA,NA
TE,00-0033288,George Kittle,SF,DEN,2026_04_DEN_SF,2026,4,NA,NA,12,17,6.798520379506658,2.531155845837703,-1.8960624694415573,7.580805236880335,-3.774074232095603,9.044573682354006,0.532,0.2535,0.5469064506917274,0.3600772500834789,platt_vol_vegas,platt,0.4619064506917274,0.2750772500834789,role_change_up,0.85,Tonges' IR placement removes a competing tight end and directly increases Kittle's expected offensive opportunities and target share.
TE,00-0038933,Dalton Kincaid,BUF,NE,2026_04_NE_BUF,2026,4,NA,NA,12,17,6.957246123510615,1.4699474205588225,-3.016955486872935,6.587672574519525,-4.920285261454416,8.071174499675521,0.48,0.23,0.5109946630090196,0.24984569273832488,platt_vol_vegas,platt,0.5109946630090196,0.24984569273832488,NA,NA,NA
TE,00-0039065,Sam LaPorta,DET,CAR,2026_04_DET_CAR,2026,4,NA,NA,12,17,6.291463303480337,2.8085837861846814,-1.4239305958940491,7.636155446312966,-3.2193495766372404,9.035549051123155,0.5265,0.238,0.42301348733555766,0.2584472897872046,platt_vol_vegas,platt,0.42301348733555766,0.2584472897872046,NA,NA,NA
TE,00-0030506,Travis Kelce,KC,LV,2026_04_KC_LV,2026,4,NA,NA,12,17,6.445420879412838,1.9061145833193833,-2.3861921321315487,6.801884895129229,-4.206974828280865,8.221047602034385,0.4785,0.2115,0.41919400114648814,0.22990830960948436,platt_vol_vegas,platt,0.41919400114648814,0.22990830960948436,NA,NA,NA
TE,00-0034753,Mark Andrews,BAL,TEN,2026_04_TEN_BAL,2026,4,NA,Full Participation in Practice,12,17,6.513315837326957,1.7493561435631777,-2.569128114343309,6.674984348502774,-4.401015239763537,8.102802120032651,0.4285,0.19,0.4088631677637806,0.20666082067932537,platt_vol_vegas,platt,0.4088631677637806,0.20666082067932537,NA,NA,NA
TE,00-0034383,Dalton Schultz,HOU,DAL,2026_04_DAL_HOU,2026,4,NA,Limited Participation in Practice,12,17,6.201451541421842,1.264496450684998,-2.9327755399759683,6.051870924298352,-4.713244811688954,7.4396123590941725,0.3695,0.1395,0.3861746319863389,0.15177043821554775,platt_vol_vegas,platt,0.3861746319863389,0.15177043821554775,NA,NA,NA
TE,00-0034829,Mike Gesicki,CIN,JAX,2026_04_JAX_CIN,2026,4,NA,NA,12,17,5.898455735553319,1.5599988325913343,-2.5170316192233435,6.21022677983672,-4.246494817092259,7.558212829227001,0.3875,0.1485,0.3718945569284699,0.16157879297761965,platt_vol_vegas,platt,0.3718945569284699,0.16157879297761965,NA,NA,NA
TE,00-0036040,Juwan Johnson,NO,ATL,2026_04_ATL_NO,2026,4,NA,NA,12,17,6.0559062452131265,1.298792811786804,-2.8410360301348154,6.020648094704245,-4.59713810300331,7.38939713686311,0.371,0.145,0.3589972331565476,0.15776561763285532,platt_vol_vegas,platt,0.3589972331565476,0.15776561763285532,NA,NA,NA
TE,00-0038996,Tucker Kraft,GB,TB,2026_04_GB_TB,2026,4,NA,NA,12,17,5.760151681578865,1.1692329281334977,-2.8520526673782665,5.755878743295568,-4.557869076589162,7.085433905423738,0.325,0.1155,0.3463365427601115,0.21057114095599,platt_vol_vegas,platt,0.2613365427601115,0.12557114095598998,role_change_up,0.85,"Kraft reached a season-high 8 targets, indicating increased opportunity/volume in the passing game that could sustain fantasy relevance despite poor efficiency."
TE,00-0037838,Isaiah Likely,NYG,ARI,2026_04_ARI_NYG,2026,4,NA,NA,12,17,6.371918835105441,0.7682242107278751,-3.4956122693256626,5.631521602388033,-5.30431798323597,7.041271213023217,0.3565,0.138,0.34485000869573873,0.15013476517328692,platt_vol_vegas,platt,0.34485000869573873,0.15013476517328692,NA,NA,NA
TE,00-0035229,T.J. Hockenson,MIN,MIA,2026_04_MIA_MIN,2026,4,NA,NA,12,17,5.445130671591098,1.0445853617835479,-2.8475880220127214,5.4839668328731275,-4.498635446494052,6.770833704527296,0.3025,0.0995,0.33311737633565486,0.19307762304453102,platt_vol_vegas,platt,0.24811737633565484,0.10807762304453103,role_change_up,0.85,Josh Oliver's IR placement increases snap and target share for the Vikings' primary TE.
TE,00-0041032,Kenyon Sadiq,NYJ,CHI,2026_04_NYJ_CHI,2026,4,Questionable,Limited Participation in Practice,12,17,5.493081643196574,0.7216720736380632,-3.1903526363294596,5.183695806747138,-4.84982092949152,6.477126110059962,0.279,0.0925,0.3188861469813484,0.185419714074119,platt_vol_vegas,platt,0.23388614698134835,0.10041971407411901,role_change_up,0.85,Rookie TE Sadiq should continue to see expanded role with Taylor sidelined for a second consecutive game.
TE,00-0031610,Darren Waller,CAR,DET,2026_04_DET_CAR,2026,4,NA,Full Participation in Practice,12,17,5.794738320594642,0.5458026285111033,-3.489475669296383,5.148408406700696,-5.201227737792927,6.482589967309531,0.2925,0.0965,0.3119764747941652,0.10479591199092417,platt_vol_vegas,platt,0.3119764747941652,0.10479591199092417,NA,NA,NA
TE,00-0038935,Brenton Strange,JAX,CIN,2026_04_JAX_CIN,2026,4,NA,NA,12,17,5.644376131607363,1.170755631302384,-2.8034320203507828,5.703681912755412,-4.489269633336967,7.0176651109194434,0.3105,0.11,0.31076241815435157,0.11955971202915788,platt_vol_vegas,platt,0.31076241815435157,0.11955971202915788,NA,NA,NA
TE,00-0033110,Tyler Higbee,LA,PHI,2026_04_LA_PHI,2026,4,NA,Did Not Participate In Practice,12,17,4.986988091209403,1.0515358494397857,-2.6471240432025915,5.270197398181884,-4.216083667458435,6.493083024288046,0.2515,0.0785,0.2960225533219942,0.17010012221058085,platt_vol_vegas,platt,0.21102255332199418,0.08510012221058086,role_change_up,0.85,"Higbee's opportunity increased due to Terrance Ferguson's ankle injury, elevating his target share and role in the passing game."
TE,00-0039793,AJ Barner,SEA,LAC,2026_04_LAC_SEA,2026,4,NA,NA,12,17,5.630981324063451,1.4182704196081204,-2.5504421109106223,5.944951822192874,-4.233957195130399,7.257124784452328,0.329,0.123,0.28614630695542226,0.13376451171525858,platt_vol_vegas,platt,0.28614630695542226,0.13376451171525858,NA,NA,NA
TE,00-0040737,Terrance Ferguson,LA,PHI,2026_04_LA_PHI,2026,4,Out,Did Not Participate In Practice,12,17,4.9620412200758865,1.1164490395280493,-2.5714638520653805,5.322852645824649,-4.135864633059864,6.542184997640128,0.252,0.0755,0.2808860010354374,0.15381730413274103,platt_vol_vegas,platt,0.20888600103543742,0.08181730413274105,role_change_up,0.72,Ferguson's IR placement opens increased target share and snaps for other Rams tight ends.
TE,00-0039066,Michael Mayer,LV,KC,2026_04_KC_LV,2026,4,NA,NA,12,17,5.715807734628472,1.084898369614646,-2.918395311312277,5.6510227525687124,-4.616579608253852,6.974629259137689,0.331,0.1205,0.2771163031290035,0.13103394249384007,platt_vol_vegas,platt,0.2771163031290035,0.13103394249384007,NA,NA,NA
TE,00-0038041,Jake Ferguson,DAL,HOU,2026_04_DAL_HOU,2026,4,NA,NA,12,17,5.533013917077899,0.7936496167772394,-3.1348512933575488,5.2744659704928445,-4.801308737610528,6.573343789647144,0.2685,0.093,0.27230219949302237,0.10096677057111388,platt_vol_vegas,platt,0.27230219949302237,0.10096677057111388,NA,NA,NA
TE,00-0038129,Cade Otton,TB,GB,2026_04_GB_TB,2026,4,NA,NA,12,17,6.137687553006576,0.9704959431867389,-3.2016804035154776,5.729246528342464,-4.971504183818371,7.108690605942485,0.3445,0.131,0.2718155760169134,0.14249826463702156,platt_vol_vegas,platt,0.2718155760169134,0.14249826463702156,NA,NA,NA
TE,00-0040126,Colston Loveland,CHI,NYJ,2026_04_NYJ_CHI,2026,4,NA,NA,12,17,5.526498840040122,1.4258244810367193,-2.499991700691602,5.903578655253283,-4.165310291793953,7.201568824319831,0.314,0.113,0.27121841192756635,0.12283896144717572,platt_vol_vegas,platt,0.27121841192756635,0.12283896144717572,NA,NA,NA
TE,00-0030061,Zach Ertz,PHI,LA,2026_04_LA_PHI,2026,4,NA,NA,12,17,4.713638034201618,0.5690531145399936,-3.010583003672672,4.651957109155088,-4.5290531258312186,5.835489978549409,0.182,0.049,0.24555635670249837,0.13784123879349836,platt_vol_vegas,platt,0.16055635670249838,0.052841238793498356,role_change_up,0.85,"Ertz signed to active roster with Goedert sidelined, establishing him as Philadelphia's primary tight end role going forward."
TE,00-0040189,Oronde Gadsden II,LAC,SEA,2026_04_LAC_SEA,2026,4,NA,NA,12,17,4.501257462364965,0.3182129393299416,-3.1669338976588484,4.293343224266998,-4.645321970786576,5.445635161219913,0.147,0.0355,0.22511938974864554,0.1331190179467453,platt_vol_vegas,platt,0.13011938974864554,0.038119017946745305,role_change_up,0.95,"With both Njoku and Kolar on IR, Gadsden becomes the Chargers' only healthy tight end and should see a significant increase in snaps and targets."
TE,00-0034351,Dallas Goedert,PHI,LA,2026_04_LA_PHI,2026,4,Out,Did Not Participate In Practice,12,17,5.419244019719246,0.8075603752221437,-3.0738656390329613,5.234683483566982,-4.720354063939719,6.5179969590961155,0.2535,0.0925,0.22010405409583703,0.10041971407411901,platt_vol_vegas,platt,0.22010405409583703,0.10041971407411901,NA,NA,NA
TE,00-0035644,Noah Fant,NO,ATL,2026_04_ATL_NO,2026,4,NA,Limited Participation in Practice,12,17,4.807189364324148,0.9094064420441778,-2.711282685063818,5.0391351664570605,-4.247167361488119,6.236241366718157,0.224,0.0615,0.2198529070636025,0.0665017969186095,platt_vol_vegas,platt,0.2198529070636025,0.0665017969186095,NA,NA,NA
TE,00-0040736,Mason Taylor,NYJ,CHI,2026_04_NYJ_CHI,2026,4,Out,Did Not Participate In Practice,12,17,5.265873593753089,0.8824243000397924,-2.9348793531868083,5.236409962191315,-4.554167278889567,6.498522701267297,0.258,0.0785,0.2124335901603829,0.08510012221058086,platt_vol_vegas,platt,0.2124335901603829,0.08510012221058086,NA,NA,NA
TE,00-0033090,Hunter Henry,NE,BUF,2026_04_NE_BUF,2026,4,NA,NA,12,17,5.93113380027102,1.0637674601190656,-3.0263537963182428,5.728926673203047,-4.761370071382168,7.081240927205767,0.3345,0.119,0.21109319265286275,0.04439532908455897,platt_vol_vegas,platt,0.29609319265286277,0.12939532908455897,role_change_down,0.85,Raridon's potential return from injury would reduce Henry's snap count and targets at the tight end position.
TE,00-0033881,Evan Engram,DEN,SF,2026_04_DEN_SF,2026,4,NA,NA,12,17,4.954710804988591,0.5046046142214522,-3.1801460585793766,4.707401419347824,-4.743205436537987,5.925688248725361,0.209,0.055,0.20841560841935095,0.05939588329461221,platt_vol_vegas,platt,0.20841560841935095,0.05939588329461221,NA,NA,NA
TE,00-0037805,Jeremy Ruckert,NYJ,CHI,2026_04_NYJ_CHI,2026,4,NA,Full Participation in Practice,12,17,4.0439319099759645,0.5781292210623373,-2.6969549071855945,4.313663679967234,-4.086235055242449,5.396502713826482,0.1315,0.027,0.20536761204254672,0.11387816647662594,platt_vol_vegas,platt,0.1203676120425467,0.028878166476625923,role_change_up,0.85,Ruckert will see increased offensive snaps and targets due to co-tight ends Mason Taylor and Kenyon Sadiq being out/questionable.
TE,00-0037005,Tommy Tremble,CAR,DET,2026_04_DET_CAR,2026,4,NA,NA,12,17,4.730592269715794,0.7559427737645602,-2.831158550146398,4.847361521600269,-4.352795388539299,6.033362607324112,0.206,0.0615,0.20276757474770143,0.0665017969186095,platt_vol_vegas,platt,0.20276757474770143,0.0665017969186095,NA,NA,NA
TE,00-0036556,Brevin Jordan,HOU,DAL,2026_04_DAL_HOU,2026,4,NA,NA,12,17,4.540761029956193,0.6688501991763152,-2.834011366776612,4.664185760645029,-4.319913970925333,5.822334707447297,0.193,0.0465,0.20195318143674826,0.05011184657662508,platt_vol_vegas,platt,0.20195318143674826,0.05011184657662508,NA,NA,NA
TE,00-0039824,Jared Wiley,KC,LV,2026_04_KC_LV,2026,4,NA,NA,12,17,4.468464678148871,0.7906755986396737,-2.6797162222989432,4.7489764316485426,-4.1518452650994915,5.896389926797005,0.1955,0.0515,0.19415766407479945,0.05557169491281011,platt_vol_vegas,platt,0.19415766407479945,0.05557169491281011,NA,NA,NA
TE,00-0041116,Jack Endries,CIN,JAX,2026_04_JAX_CIN,2026,4,NA,NA,12,17,4.245372443763391,1.4808151101678422,-1.8879636023457689,5.3232168538299245,-3.3169886915410927,6.437034069968226,0.2305,0.06,0.1941190752608195,0.06486159423812027,platt_vol_vegas,platt,0.1941190752608195,0.06486159423812027,NA,NA,NA
TE,00-0040363,Keleki Latu,BUF,NE,2026_04_NE_BUF,2026,4,NA,NA,12,17,4.249579438878598,1.2138966913111469,-2.156818651559898,5.058507339890193,-3.5866652531208123,6.172964862922322,0.202,0.0495,0.1926994421615173,0.05338724910356462,platt_vol_vegas,platt,0.1926994421615173,0.05338724910356462,NA,NA,NA
TE,00-0034613,Tanner Hudson,CIN,JAX,2026_04_JAX_CIN,2026,4,NA,NA,12,17,4.147205447557777,1.4556475105187898,-1.867710234481902,5.246242466123773,-3.277467895421881,6.345042175946914,0.215,0.0575,0.18556134100100152,0.06212839979150592,platt_vol_vegas,platt,0.18556134100100152,0.06212839979150592,NA,NA,NA
TE,00-0034270,Tyler Conklin,DET,CAR,2026_04_DET_CAR,2026,4,NA,NA,12,17,4.18941932100166,1.406536400352213,-1.936408020657115,5.21947176014242,-3.3544742865304817,6.324747400505107,0.203,0.0555,0.18542746854363554,0.05994232758805185,platt_vol_vegas,platt,0.18542746854363554,0.05994232758805185,NA,NA,NA
TE,00-0032392,Austin Hooper,ATL,NO,2026_04_ATL_NO,2026,4,NA,NA,12,17,4.632060575260645,1.06622203327251,-2.4773355572632267,5.10797515112041,-3.9805012840810985,6.279579399287634,0.2225,0.06,0.1852222378087123,0.06486159423812027,platt_vol_vegas,platt,0.1852222378087123,0.06486159423812027,NA,NA,NA
TE,00-0038046,Charlie Kolar,LAC,SEA,2026_04_LAC_SEA,2026,4,Out,Limited Participation in Practice,12,17,5.242272809809834,0.6972137066017496,-3.1101535199216297,5.039865960848381,-4.725226445392076,6.298693425326826,0.239,0.078,0.18488455940918078,0.08455297699520203,platt_vol_vegas,platt,0.18488455940918078,0.08455297699520203,NA,NA,NA
TE,00-0040584,Gunnar Helm,TEN,BAL,2026_04_TEN_BAL,2026,4,NA,NA,12,17,5.513936735173172,0.7642967071955511,-3.1563391378381516,5.236142231290864,-4.819460246784851,6.53241962884932,0.281,0.091,0.1841692692885289,0.09877849722789435,platt_vol_vegas,platt,0.1841692692885289,0.09877849722789435,NA,NA,NA
TE,00-0039356,Ja'Tavion Sanders,CAR,DET,2026_04_DET_CAR,2026,4,NA,NA,12,17,4.513377143872239,0.5015900898292628,-2.988998534776883,4.482927233694718,-4.469694996700345,5.637018385512136,0.1835,0.0495,0.18399466844430357,0.05338724910356462,platt_vol_vegas,platt,0.18399466844430357,0.05338724910356462,NA,NA,NA
TE,00-0039814,Erick All,CIN,JAX,2026_04_JAX_CIN,2026,4,NA,NA,12,17,4.141480564573437,0.9883105509989403,-2.332384493139731,4.775868451543858,-3.7410126449425514,5.873787794232604,0.1895,0.048,0.18392887160248936,0.051749346784633304,platt_vol_vegas,platt,0.18392887160248936,0.051749346784633304,NA,NA,NA
TE,00-0035689,Dawson Knox,BUF,NE,2026_04_NE_BUF,2026,4,NA,NA,12,17,4.146744116080806,0.704171653404344,-2.6189715788496755,4.494521937506034,-4.0286382441728135,5.5932507231128,0.184,0.0415,0.1836302318846717,0.04465682277974643,platt_vol_vegas,platt,0.1836302318846717,0.04465682277974643,NA,NA,NA
TE,00-0037809,Chig Okonkwo,WAS,IND,2026_04_IND_WAS,2026,4,NA,Limited Participation in Practice,12,17,4.773232141169197,0.7269096097694027,-2.8789172162049805,4.83968651375594,-4.4084973523149475,6.0318788006119926,0.2035,0.0575,0.17992826792693167,0.06212839979150592,platt_vol_vegas,platt,0.17992826792693167,0.06212839979150592,NA,NA,NA
TE,00-0037252,Greg Dulcich,MIA,MIN,2026_04_MIA_MIN,2026,4,NA,NA,12,17,5.594417811776961,0.4356735895747488,-3.5180657254492154,4.945276663710188,-5.195229219839573,6.2524990410181625,0.2465,0.08,0.17696694573380725,0.08674157112212656,platt_vol_vegas,platt,0.17696694573380725,0.08674157112212656,NA,NA,NA
TE,00-0040194,Jackson Hawes,BUF,NE,2026_04_NE_BUF,2026,4,NA,NA,12,17,4.02790076521669,1.8812927120416305,-1.386251728421845,5.608227464061047,-2.772333565183076,6.6885736556248245,0.2355,0.0655,0.1767608528337564,0.07087655549962064,platt_vol_vegas,platt,0.1767608528337564,0.07087655549962064,NA,NA,NA
TE,00-0041084,Tanner Koziol,JAX,CIN,2026_04_JAX_CIN,2026,4,NA,NA,12,17,4.28613855818078,1.0160884958391598,-2.37142256206686,4.879856201097742,-3.8083938518973834,5.999866880973868,0.1865,0.054,0.17674893653500573,0.058303089062848375,platt_vol_vegas,platt,0.17674893653500573,0.058303089062848375,NA,NA,NA
TE,00-0039518,Treyton Welch,NO,ATL,2026_04_ATL_NO,2026,4,NA,NA,12,17,4.294271829275802,1.1353558564180761,-2.255883539286031,5.003376073604235,-3.694436378012797,6.1246194514939365,0.1975,0.0535,0.17624755857628036,0.05775674085216733,platt_vol_vegas,platt,0.17624755857628036,0.05775674085216733,NA,NA,NA
TE,00-0039847,Theo Johnson,NYG,ARI,2026_04_ARI_NYG,2026,4,NA,NA,12,17,4.715258172362139,0.13204243665931284,-3.448307539355921,4.215760651708395,-4.96708047769714,5.3995295434651895,0.18,0.053,0.17482257586393626,0.05721042642175668,platt_vol_vegas,platt,0.17482257586393626,0.05721042642175668,NA,NA,NA
TE,00-0036637,Noah Gray,KC,LV,2026_04_KC_LV,2026,4,NA,NA,12,17,4.222170332269023,0.8354725333952805,-2.5226109106079924,4.665675340326849,-3.94709910131836,5.775956386471617,0.176,0.046,0.1739208746493631,0.04956610774783282,platt_vol_vegas,platt,0.1739208746493631,0.04956610774783282,NA,NA,NA
TE,00-0036244,Colby Parkinson,LA,PHI,2026_04_LA_PHI,2026,4,Questionable,Did Not Participate In Practice,12,17,4.518722597558657,0.7721926268557976,-2.720794179209237,4.7562651170902575,-4.202507941990266,5.911149178155889,0.1955,0.053,0.17092221465387028,0.05721042642175668,platt_vol_vegas,platt,0.17092221465387028,0.05721042642175668,NA,NA,NA
TE,00-0035631,Drew Sample,CIN,JAX,2026_04_JAX_CIN,2026,4,NA,NA,12,17,3.9866921369656985,0.7783588901093136,-2.4697464886996316,4.483121605681495,-3.8475823380614673,5.557040672348061,0.1555,0.0385,0.17043534462789092,0.04138665329369701,platt_vol_vegas,platt,0.17043534462789092,0.04138665329369701,NA,NA,NA
TE,00-0038643,Brayden Willis,SF,DEN,2026_04_DEN_SF,2026,4,NA,NA,12,17,4.189704575080033,0.9936487638604388,-2.349427728710767,4.8067347634055695,-3.767550018915679,5.912054070506839,0.1815,0.0465,0.16874282399875923,0.05011184657662508,platt_vol_vegas,platt,0.16874282399875923,0.05011184657662508,NA,NA,NA
TE,00-0041510,Max Klare,LA,PHI,2026_04_LA_PHI,2026,4,NA,NA,12,17,4.434836187323335,1.1327654321063494,-2.3224480665942666,5.073753993574045,-3.7881385139449493,6.2161490894557385,0.209,0.058,0.1653832654063167,0.06267498756057978,platt_vol_vegas,platt,0.1653832654063167,0.06267498756057978,NA,NA,NA
TE,00-0036825,Feleipe Franks,CAR,DET,2026_04_DET_CAR,2026,4,NA,NA,12,17,4.257486065976782,0.9023979572965853,-2.4719549127062685,4.751157539891975,-3.9033445415710175,5.866817736263415,0.1685,0.042,0.16408743261235695,0.04520207320489637,platt_vol_vegas,platt,0.16408743261235695,0.04520207320489637,NA,NA,NA
TE,00-0041133,Dallen Bentley,DEN,SF,2026_04_DEN_SF,2026,4,NA,NA,12,17,4.41347858639642,0.49327186208440665,-2.9522767258147606,4.423236704488016,-4.413867349104931,5.56243629690636,0.164,0.0435,0.16361227555773605,0.04683817634331945,platt_vol_vegas,platt,0.16361227555773605,0.04683817634331945,NA,NA,NA
TE,00-0036290,Cole Kmet,CHI,NYJ,2026_04_NYJ_CHI,2026,4,NA,NA,12,17,4.340436699973537,0.8703672123062464,-2.541978519122628,4.762461145254713,-3.989484597544134,5.890682897833293,0.183,0.0555,0.162114616449809,0.05994232758805185,platt_vol_vegas,platt,0.162114616449809,0.05994232758805185,NA,NA,NA
TE,00-0040390,Jackson Meeks,DET,CAR,2026_04_DET_CAR,2026,4,NA,NA,12,17,3.889969064166571,1.4337783813035507,-1.768366229240173,5.086118616447931,-3.126705668604604,6.144841702811432,0.1825,0.042,0.16209272112526033,0.04520207320489637,platt_vol_vegas,platt,0.16209272112526033,0.04520207320489637,NA,NA,NA
TE,00-0036754,Brock Wright,DET,CAR,2026_04_DET_CAR,2026,4,NA,NA,12,17,3.8743086402949096,1.0424752907993449,-2.1521829006020203,4.686276576840441,-3.507346625057389,5.742524433086567,0.17,0.041,0.1604097951891351,0.044111633346726534,platt_vol_vegas,platt,0.1604097951891351,0.044111633346726534,NA,NA,NA
TE,00-0040058,Nick Kallerup,SEA,LAC,2026_04_LAC_SEA,2026,4,NA,NA,12,17,4.230501881341432,1.5176833633272604,-1.8442434320365233,5.352269865725164,-3.270361960026203,6.463821636746312,0.2185,0.053,0.15808409643438884,0.05721042642175668,platt_vol_vegas,platt,0.15808409643438884,0.05721042642175668,NA,NA,NA
TE,00-0034981,Foster Moreau,HOU,DAL,2026_04_DAL_HOU,2026,4,NA,NA,12,17,3.973665179217813,0.854592189631032,-2.3873505470476615,4.552325845449634,-3.7625722234490855,5.624207361571228,0.152,0.0375,0.15653425517761438,0.04029714197416743,platt_vol_vegas,platt,0.15653425517761438,0.04029714197416743,NA,NA,NA
TE,00-0036422,Adam Trautman,DEN,SF,2026_04_DEN_SF,2026,4,NA,NA,12,17,4.295545582995281,0.5724485412184396,-2.8193744818967437,4.441134439107709,-4.258174893493188,5.562570781366323,0.1515,0.032,0.15475557151532968,0.03431050162284035,platt_vol_vegas,platt,0.15475557151532968,0.03431050162284035,NA,NA,NA
TE,00-0041472,Marlin Klein,HOU,DAL,2026_04_DAL_HOU,2026,4,NA,NA,12,17,3.9236722987943153,1.4781495751361746,-1.7400639849084187,5.1488179240719445,-3.105219820941606,6.212853877241698,0.1735,0.0375,0.1541416124920468,0.04029714197416743,platt_vol_vegas,platt,0.1541416124920468,0.04029714197416743,NA,NA,NA
TE,00-0041041,Oscar Delp,NO,ATL,2026_04_ATL_NO,2026,4,NA,NA,12,17,4.001098220882742,1.1841522358005334,-2.070758372082842,4.896676940595835,-3.4514809777189783,5.972846015930147,0.1625,0.042,0.1535920054766175,0.04520207320489637,platt_vol_vegas,platt,0.1535920054766175,0.04520207320489637,NA,NA,NA
TE,00-0037317,Nick Muse,ATL,NO,2026_04_ATL_NO,2026,4,NA,NA,12,17,4.219163177346919,0.7657824284608382,-2.590913030437569,4.59440211081159,-4.014812442332956,5.704224248302073,0.1705,0.0445,0.15275510610338874,0.04792919143411586,platt_vol_vegas,platt,0.15275510610338874,0.04792919143411586,NA,NA,NA
TE,00-0040225,Thomas Fidone II,NYG,ARI,2026_04_ARI_NYG,2026,4,NA,NA,12,17,4.4035227901976715,0.32816464131132483,-3.112871963441939,4.25298315224389,-4.5725486180010755,5.390690950473389,0.1455,0.0345,0.1509670747079395,0.037030434671985246,platt_vol_vegas,platt,0.1509670747079395,0.037030434671985246,NA,NA,NA
TE,00-0039359,Cade Stover,HOU,DAL,2026_04_DAL_HOU,2026,4,NA,NA,12,17,3.886889252712837,0.7919278617405027,-2.408745454874152,4.442589950933208,-3.766460776088462,5.500826584297552,0.149,0.0345,0.15050165077026953,0.037030434671985246,platt_vol_vegas,platt,0.15050165077026953,0.037030434671985246,NA,NA,NA
TE,00-0040081,Jake Briningstool,KC,LV,2026_04_KC_LV,2026,4,NA,NA,12,17,3.872294284511755,1.1826678543791802,-2.0110264589605324,4.825369748901618,-3.365781309443885,5.881298918742092,0.171,0.042,0.14901870328376213,0.04520207320489637,platt_vol_vegas,platt,0.14901870328376213,0.04520207320489637,NA,NA,NA
TE,00-0036970,Kyle Pitts,ATL,NO,2026_04_ATL_NO,2026,4,NA,NA,12,17,5.176593297120245,0.9801818946159778,-2.79943356070176,5.291180703157147,-4.4027342741313396,6.540832616735691,0.2565,0.078,0.14860783193813665,0,platt_vol_vegas,platt,0.23360783193813664,0.08455297699520203,role_change_down,0.85,"QB Michael Penix is heavily favoring Drake London in target distribution, materially reducing Pitts' opportunity despite past production with other QBs."
TE,00-0040879,Matthew Hibner,BAL,TEN,2026_04_TEN_BAL,2026,4,NA,NA,12,17,3.9809640171996508,1.0017719056342491,-2.24362472352882,4.7034450432760675,-3.6203115300075694,5.7764685177273964,0.1735,0.038,0.14770169945625652,0.04084186165655354,platt_vol_vegas,platt,0.14770169945625652,0.04084186165655354,NA,NA,NA
TE,00-0038564,Cameron Latu,NE,BUF,2026_04_NE_BUF,2026,4,NA,NA,12,17,4.300788339523306,0.915904921332696,-2.4783195414227928,4.787329881846333,-3.9181386359868773,5.909560210603659,0.1765,0.0435,0.1469565168644434,0.04683817634331945,platt_vol_vegas,platt,0.1469565168644434,0.04683817634331945,NA,NA,NA
TE,00-0036887,Luke Farrell,SF,DEN,2026_04_DEN_SF,2026,4,NA,NA,12,17,3.8834976249762696,0.98167689820533,-2.217375596664622,4.630490291229635,-3.5744033705105966,5.6881910333058885,0.15,0.029,0.14608811062260493,0.031049782047973696,platt_vol_vegas,platt,0.14608811062260493,0.031049782047973696,NA,NA,NA
TE,00-0041503,Nate Boerkircher,JAX,CIN,2026_04_JAX_CIN,2026,4,NA,Full Participation in Practice,12,17,3.869912984317569,0.5538887133347893,-2.6386658659218623,4.195290636383352,-3.9929372448748195,5.250842976650896,0.1225,0.0295,0.14427140659128904,0.0315929722364222,platt_vol_vegas,platt,0.14427140659128904,0.0315929722364222,NA,NA,NA
TE,00-0041314,Tanner Arkin,NE,BUF,2026_04_NE_BUF,2026,4,NA,NA,12,17,4.242947500889312,1.1772832203525547,-2.1903788382084253,5.018411317550796,-3.618930246390409,6.131859335085374,0.1895,0.051,0.1437450546650914,0.055025524786148354,platt_vol_vegas,platt,0.1437450546650914,0.055025524786148354,NA,NA,NA
TE,00-0037304,Connor Heyward,LV,KC,2026_04_KC_LV,2026,4,NA,NA,12,17,4.217845982355271,0.5289127861841526,-2.8271745762449485,4.356838878621949,-4.250816035574897,5.4664599615539755,0.1555,0.0365,0.1431689283476627,0.03920792541404707,platt_vol_vegas,platt,0.1431689283476627,0.03920792541404707,NA,NA,NA
TE,00-0031484,Chris Manhertz,NYG,ARI,2026_04_ARI_NYG,2026,4,NA,NA,12,17,4.275158710247737,0.39383603057653455,-2.988637088470257,4.251857503532813,-4.423471300848668,5.370202492808835,0.149,0.036,0.14275324475622175,0.03866343211875167,platt_vol_vegas,platt,0.14275324475622175,0.03866343211875167,NA,NA,NA
TE,00-0037292,Andrew Ogletree,IND,WAS,2026_04_IND_WAS,2026,4,NA,NA,12,17,3.837017559554701,0.9019889542663317,-2.2747910307317953,4.525398502731379,-3.6223708775625694,5.575735298683865,0.1485,0.034,0.14153274258466964,0.036486269550923635,platt_vol_vegas,platt,0.14153274258466964,0.036486269550923635,NA,NA,NA
TE,00-0038783,Nate Adkins,DEN,SF,2026_04_DEN_SF,2026,4,NA,NA,12,17,4.114667186652685,0.25450765364436645,-3.0536955976281845,4.027817516313734,-4.457024771095501,5.121606705275542,0.1255,0.027,0.14149003205830116,0.028878166476625923,platt_vol_vegas,platt,0.14149003205830116,0.028878166476625923,NA,NA,NA
TE,00-0039041,Elijah Higgins,ARI,NYG,2026_04_ARI_NYG,2026,4,NA,NA,12,17,4.019090456642376,0.6691604722529502,-2.5942349845279833,4.391362927052307,-3.978556835762415,5.47033734271465,0.149,0.0395,0.14147201098879372,0.04247644574696996,platt_vol_vegas,platt,0.14147201098879372,0.04247644574696996,NA,NA,NA
TE,00-0041558,Sam Roush,CHI,NYJ,2026_04_NYJ_CHI,2026,4,NA,NA,12,17,4.041976138646533,0.9779806627960576,-2.2961843096678645,4.712466740050341,-3.6850745547989643,5.795001874002855,0.1605,0.0415,0.1411081523613625,0.04465682277974643,platt_vol_vegas,platt,0.1411081523613625,0.04465682277974643,NA,NA,NA
TE,00-0036590,Quintin Morris,JAX,CIN,2026_04_JAX_CIN,2026,4,NA,NA,12,17,3.8105502039861934,0.6621830513488532,-2.501863586504285,4.271069047082219,-3.844041988451776,5.317195824366374,0.1335,0.034,0.14108263268824664,0.036486269550923635,platt_vol_vegas,platt,0.14108263268824664,0.036486269550923635,NA,NA,NA
TE,00-0040739,Elijah Arroyo,SEA,LAC,2026_04_LAC_SEA,2026,4,NA,NA,12,17,3.999553347051671,0.9980725969807734,-2.256108727380025,4.7097654868906496,-3.636521973292702,5.785693439666249,0.169,0.044,0.14078137404570762,0.047383656801313234,platt_vol_vegas,platt,0.14078137404570762,0.047383656801313234,NA,NA,NA
TE,00-0040598,Mark Redman,GB,TB,2026_04_GB_TB,2026,4,NA,NA,12,17,4.385259144376536,0.5123618387907313,-2.9203865038767343,4.427726825046207,-4.376547304330513,5.562694280323307,0.1405,0.036,0.14066211001116646,0.03866343211875167,platt_vol_vegas,platt,0.14066211001116646,0.03866343211875167,NA,NA,NA
TE,00-0040215,Gavin Bartholomew,MIN,MIA,2026_04_MIA_MIN,2026,4,NA,NA,12,17,4.15837811674468,0.7371932571166507,-2.591356569375683,4.533710258863345,-4.003316694576416,5.634226623369533,0.165,0.0375,0.13956943262391908,0.04029714197416743,platt_vol_vegas,platt,0.13956943262391908,0.04029714197416743,NA,NA,NA
TE,00-0040887,Josh Cuevas,BAL,TEN,2026_04_TEN_BAL,2026,4,NA,NA,12,17,3.850897653882593,1.2603447982001112,-1.9230981100979117,4.891354023073202,-3.273504347551367,5.943893777223465,0.176,0.038,0.139466885941282,0.04084186165655354,platt_vol_vegas,platt,0.139466885941282,0.04084186165655354,NA,NA,NA
TE,00-0034798,Durham Smythe,BAL,TEN,2026_04_TEN_BAL,2026,4,NA,Full Participation in Practice,12,17,3.8622854950785466,0.8551412531313252,-2.333760686294185,4.492377004740959,-3.6864826271848834,5.546721674966785,0.1405,0.027,0.1385889506286109,0.028878166476625923,platt_vol_vegas,platt,0.1385889506286109,0.028878166476625923,NA,NA,NA
TE,00-0033217,Mo Alie-Cox,IND,WAS,2026_04_IND_WAS,2026,4,NA,Full Participation in Practice,12,17,3.7962831505692165,0.6625976449303218,-2.494569767318566,4.263637251597339,-3.8338300239019243,5.3074895547869945,0.139,0.0285,0.13851289143865608,0.030506703429256914,platt_vol_vegas,platt,0.13851289143865608,0.030506703429256914,NA,NA,NA
TE,00-0040187,Mitchell Evans,CAR,DET,2026_04_DET_CAR,2026,4,NA,NA,12,17,3.8931144514884566,0.4599630992607079,-2.743683627647662,4.114016636177407,-4.102660259940199,5.173236366342821,0.1315,0.0305,0.13792297780769142,0.03267967619522707,platt_vol_vegas,platt,0.13792297780769142,0.03267967619522707,NA,NA,NA
TE,00-0034959,Andrew Beck,NYJ,CHI,2026_04_NYJ_CHI,2026,4,NA,NA,12,17,4.263226040922766,1.075711598688,-2.3012802310464755,4.927481157402204,-3.7337892981372667,6.044013871392821,0.178,0.052,0.13507533475680064,0.05611790252579439,platt_vol_vegas,platt,0.13507533475680064,0.05611790252579439,NA,NA,NA
TE,00-0038589,Josh Whyle,GB,TB,2026_04_GB_TB,2026,4,NA,NA,12,17,4.267555478168572,0.9520538380004404,-2.4269274686348195,4.806092577971387,-3.860280465424831,5.92328307147568,0.1695,0.0445,0.13468210465440247,0.04792919143411586,platt_vol_vegas,platt,0.13468210465440247,0.04792919143411586,NA,NA,NA
TE,00-0035249,Josh Oliver,MIN,MIA,2026_04_MIA_MIN,2026,4,NA,NA,12,17,4.075583975989513,0.8023875065730649,-2.4875463202109835,4.554859411483566,-3.8831256626008672,5.642608191958867,0.156,0.0395,0.1340780585290847,0.04247644574696996,platt_vol_vegas,platt,0.1340780585290847,0.04247644574696996,NA,NA,NA
TE,00-0037004,Hunter Long,ARI,NYG,2026_04_ARI_NYG,2026,4,NA,NA,12,17,3.8917586999961435,0.8789544377789673,-2.324044896697548,4.5322695641257615,-3.6827469072037875,5.5912752473329945,0.1525,0.037,0.1337527418437809,0.03975249597058656,platt_vol_vegas,platt,0.1337527418437809,0.03975249597058656,NA,NA,NA
TE,00-0033576,Eric Saubert,SEA,LAC,2026_04_LAC_SEA,2026,4,NA,NA,12,17,3.880293748986883,0.9807134582779251,-2.2168073935079673,4.62777987159264,-3.5731854492864765,5.684974207466057,0.157,0.0375,0.13291940564052357,0.04029714197416743,platt_vol_vegas,platt,0.13291940564052357,0.04029714197416743,NA,NA,NA
TE,00-0038488,Brady Russell,SEA,LAC,2026_04_LAC_SEA,2026,4,NA,NA,12,17,3.8578282227309164,1.234500790373338,-1.9522652558613456,4.86930035949042,-3.3040811577337506,5.922938840675411,0.164,0.0385,0.1318696121264052,0.04138665329369701,platt_vol_vegas,platt,0.1318696121264052,0.04138665329369701,NA,NA,NA
TE,00-0041395,Eli Raridon,NE,BUF,2026_04_NE_BUF,2026,4,Questionable,Limited Participation in Practice,12,17,4.0411376102695895,0.8423777862140055,-2.431393045062589,4.576414309218907,-3.8201160967703616,5.658819128515133,0.1625,0.0425,0.13021629683304134,0.045747383197463264,platt_vol_vegas,platt,0.13021629683304134,0.045747383197463264,NA,NA,NA
TE,00-0039074,Davis Allen,LA,PHI,2026_04_LA_PHI,2026,4,NA,NA,12,17,3.912434590422539,0.7880500357986133,-2.4248120978358774,4.452614591067889,-3.7876978760066677,5.514881205443045,0.144,0.037,0.12857654437455135,0.03975249597058656,platt_vol_vegas,platt,0.12857654437455135,0.03975249597058656,NA,NA,NA
TE,00-0033858,Jonnu Smith,GB,TB,2026_04_GB_TB,2026,4,NA,NA,12,17,4.145744406659074,0.6161826864291643,-2.7064956604135664,4.406002725991995,-4.115965122841226,5.504577806823585,0.1655,0.037,0.12728938244848714,0.03975249597058656,platt_vol_vegas,platt,0.12728938244848714,0.03975249597058656,NA,NA,NA
TE,00-0039530,Brevyn Spann-Ford,DAL,HOU,2026_04_DAL_HOU,2026,4,NA,NA,12,17,3.795473735906488,0.5154295606292074,-2.64134724657315,4.116023646340426,-3.9804418097527288,5.159746804025831,0.1275,0.0265,0.1261985650700166,0.02833556413937982,platt_vol_vegas,platt,0.1261985650700166,0.02833556413937982,NA,NA,NA
TE,00-0038547,Luke Schoonmaker,DAL,HOU,2026_04_DAL_HOU,2026,4,NA,NA,12,17,3.78557698917881,0.6883124242448825,-2.463685608016425,4.283455877922049,-3.8007530302439987,5.325599032212866,0.1345,0.027,0.1259661108160133,0.028878166476625923,platt_vol_vegas,platt,0.1259661108160133,0.028878166476625923,NA,NA,NA
TE,00-0036429,Charlie Woerner,ATL,NO,2026_04_ATL_NO,2026,4,NA,NA,12,17,3.8246098384701077,0.44235979590170305,-2.7284554863255344,4.058966052644989,-4.073505125435174,5.1073307426201104,0.121,0.0295,0.12577390135491473,0.0315929722364222,platt_vol_vegas,platt,0.12577390135491473,0.0315929722364222,NA,NA,NA
TE,00-0038498,E.J. Jenkins,PHI,LA,2026_04_LA_PHI,2026,4,NA,NA,12,17,4.192150758898397,0.5447192484937152,-2.799489663025808,4.359096875929217,-4.218092321704497,5.4647905940049535,0.145,0.033,0.12569388076500937,0.03539820271580311,platt_vol_vegas,platt,0.12569388076500937,0.03539820271580311,NA,NA,NA
TE,00-0036628,John Bates,WAS,IND,2026_04_IND_WAS,2026,4,NA,NA,12,17,3.9900850485546173,0.6290571253722351,-2.620651944605268,4.335648998116263,-3.999168074600164,5.410098292199156,0.1485,0.0365,0.12517837898369133,0.03920792541404707,platt_vol_vegas,platt,0.12517837898369133,0.03920792541404707,NA,NA,NA
TE,00-0036187,Reggie Gilliam,NE,BUF,2026_04_NE_BUF,2026,4,Questionable,Limited Participation in Practice,12,17,3.9638840870557948,0.7156770989689085,-2.5216329362014265,4.408126732928947,-3.8948894355309327,5.4784765418243975,0.139,0.03,0.1247203007796484,0.032136271190390205,platt_vol_vegas,platt,0.1247203007796484,0.032136271190390205,NA,NA,NA
TE,00-0039912,Ben Sinnott,WAS,IND,2026_04_IND_WAS,2026,4,NA,Limited Participation in Practice,12,17,3.8989713923140012,0.3937513906868415,-2.8126910297697227,4.05099367304545,-4.172853586268927,5.111137741634595,0.133,0.0285,0.1193949515712294,0.030506703429256914,platt_vol_vegas,platt,0.1193949515712294,0.030506703429256914,NA,NA,NA
TE,00-0037755,Jelani Woods,NYJ,CHI,2026_04_NYJ_CHI,2026,4,NA,NA,12,17,3.9730228430287546,0.6627599746834687,-2.5788786738236293,4.3601467899938395,-3.953971357001212,5.431927765631879,0.155,0.0385,0.11748985727005545,0.04138665329369701,platt_vol_vegas,platt,0.11748985727005545,0.04138665329369701,NA,NA,NA
TE,00-0034365,Ian Thomas,LV,KC,2026_04_KC_LV,2026,4,NA,NA,12,17,3.7962831505692165,0.6351111518171465,-2.522056260431741,4.236150758484163,-3.8613165170150996,5.28000306167382,0.128,0.0255,0.1170822865597214,0.02725074424158018,platt_vol_vegas,platt,0.1170822865597214,0.02725074424158018,NA,NA,NA
TE,00-0039686,Colson Yankoff,WAS,IND,2026_04_IND_WAS,2026,4,NA,NA,12,17,3.858849006841765,0.5405296048484163,-2.6467256852795416,4.175887201591833,-3.998749122837098,5.229687441181791,0.1215,0.032,0.11668097917421838,0.03431050162284035,platt_vol_vegas,platt,0.11668097917421838,0.03431050162284035,NA,NA,NA
TE,00-0039489,Hayden Rucci,LAC,SEA,2026_04_LAC_SEA,2026,4,NA,NA,12,17,4.255501901895985,0.20602805965436227,-3.167412241448451,4.053746773545702,-4.598414761522428,5.169105247827767,0.128,0.027,0.11546916777459909,0.028878166476625923,platt_vol_vegas,platt,0.11546916777459909,0.028878166476625923,NA,NA,NA
TE,00-0037311,Ko Kieft,TB,GB,2026_04_GB_TB,2026,4,Out,Did Not Participate In Practice,12,17,4.224477920344557,0.48613646817473805,-2.8730117868695,4.317553789964548,-4.297951666996908,5.428186893923312,0.1505,0.033,0.11533767512243749,0.03539820271580311,platt_vol_vegas,platt,0.11533767512243749,0.03539820271580311,NA,NA,NA
TE,00-0041094,Bauer Sharp,TB,GB,2026_04_GB_TB,2026,4,NA,NA,12,17,4.224477920344557,0.48613646817473805,-2.8730117868695,4.317553789964548,-4.297951666996908,5.428186893923312,0.1475,0.033,0.11521790865629392,0.03539820271580311,platt_vol_vegas,platt,0.11521790865629392,0.03539820271580311,NA,NA,NA
TE,00-0036876,Kylen Granson,TEN,BAL,2026_04_TEN_BAL,2026,4,NA,NA,12,17,4.285946246809883,0.9199227169705823,-2.4675001483851475,4.783589830519845,-3.904434027219639,5.9035713513477726,0.17,0.0345,0.10331263273871312,0.037030434671985246,platt_vol_vegas,platt,0.10331263273871312,0.037030434671985246,NA,NA,NA
TE,00-0033246,Johnny Mundt,PHI,LA,2026_04_LA_PHI,2026,4,NA,NA,12,17,3.7633401013211247,0.41454579277908254,-2.7266956949999077,3.9974204188478613,-4.059200225672396,5.03600714350854,0.1105,0.0275,0.10167953464671076,0.02942089259379163,platt_vol_vegas,platt,0.10167953464671076,0.02942089259379163,NA,NA,NA
TE,00-0041077,Justin Joly,MIA,MIN,2026_04_MIA_MIN,2026,4,NA,NA,12,17,4.372629595528962,0.6383993830946983,-2.7886090419108407,4.547217465705023,-4.242334987763355,5.680287135565907,0.1595,0.037,0.09962888966475171,0.03975249597058656,platt_vol_vegas,platt,0.09962888966475171,0.03975249597058656,NA,NA,NA
TE,00-0041579,Seydou Traore,MIA,MIN,2026_04_MIA_MIN,2026,4,NA,Full Participation in Practice,12,17,4.372629595528962,0.6383993830946983,-2.7886090419108407,4.547217465705023,-4.242334987763355,5.680287135565907,0.1585,0.041,0.09959559956414281,0.044111633346726534,platt_vol_vegas,platt,0.09959559956414281,0.044111633346726534,NA,NA,NA
TE,00-0039648,David Martin-Robinson,TEN,BAL,2026_04_TEN_BAL,2026,4,NA,NA,12,17,4.181365429967459,0.8677900110891479,-2.4714239295382967,4.676470415138034,-3.887907737638269,5.780512649085995,0.1555,0.035,0.097899714789136,0.03757468480989566,platt_vol_vegas,platt,0.097899714789136,0.03757468480989566,NA,NA,NA
TE,00-0039050,Payne Durham,TB,GB,2026_04_GB_TB,2026,4,NA,NA,12,17,3.8411270625291687,0.527343816318672,-2.6514099243873157,4.153004614575009,-3.999827032037864,5.203993992152907,0.1125,0.027,0.09501225399749129,0.028878166476625923,platt_vol_vegas,platt,0.09501225399749129,0.028878166476625923,NA,NA,NA
TE,00-0033885,David Njoku,LAC,SEA,2026_04_LAC_SEA,2026,4,NA,NA,12,17,5.029302469815541,0.5531602758193912,-3.16367700045385,4.792554801262809,-4.7403474123515,6.021450404443808,0.214,0.061,0.08273398407628481,0,platt_vol_vegas,platt,0.16773398407628481,0.06595504054326327,role_change_down,0.85,"Njoku placed on injured reserve, reducing his immediate fantasy relevance and likely increasing opportunity for other Chargers pass-catchers."
TE,00-0038115,Daniel Bellinger,TEN,BAL,2026_04_TEN_BAL,2026,4,NA,NA,12,17,3.844018763124704,0.7128373733217283,-2.4673046927768385,4.340081684288295,-3.8163107235913194,5.391530083029593,0.122,0.0315,0.08235911314003652,0.033766793921005685,platt_vol_vegas,platt,0.08235911314003652,0.033766793921005685,NA,NA,NA
TE,00-0041524,Will Kacmarek,MIA,MIN,2026_04_MIA_MIN,2026,4,NA,NA,12,17,3.8712641239536376,0.5308912065104325,-2.662310089151526,4.17303076905849,-4.016855803122495,5.228796932769976,0.1295,0.032,0.07763287100098239,0.03431050162284035,platt_vol_vegas,platt,0.07763287100098239,0.03431050162284035,NA,NA,NA
WR,00-0036900,Ja'Marr Chase,CIN,JAX,2026_04_JAX_CIN,2026,4,NA,NA,15,20,10.220063594842681,3.6837870549658978,-2.644989279611153,10.280876563161803,-4.741485854107127,11.91144571462426,0.6685,0.431,0.6462795439721307,0.4666666666666667,strat_platt,iso,0.6462795439721307,0.4666666666666667,NA,NA,NA
WR,00-0038543,Jaxon Smith-Njigba,SEA,LAC,2026_04_LAC_SEA,2026,4,NA,NA,15,20,8.717425750143935,3.0299769561166126,-2.898080508729454,9.209358820451682,-4.861833296225559,10.736685292310751,0.5235,0.287,0.615514535432738,0.3766666666666667,strat_platt,iso,0.5305145354327381,0.2916666666666667,role_change_up,0.85,"Drew Lock's continued starting role (due to Darnold's injury) and demonstrated heavy reliance on JSN (155 yards, all TDs) signals increased target concentration and opportunity for Smith-Njigba."
WR,00-0036963,Amon-Ra St. Brown,DET,CAR,2026_04_DET_CAR,2026,4,NA,NA,15,20,9.426787658313811,3.0743591833517505,-3.0475501371546634,9.455811396757966,-5.075519090599183,11.033082571839769,0.5825,0.3395,0.556617660269107,0.33024691358024694,strat_platt,iso,0.556617660269107,0.33024691358024694,NA,NA,NA
WR,00-0037239,Chris Olave,NO,ATL,2026_04_ATL_NO,2026,4,NA,NA,15,20,9.283398604870882,2.829961555170691,-3.2534739326991997,9.171308809228005,-5.268697885520217,10.738667444931083,0.5435,0.308,0.5164603172611825,0.2916666666666667,strat_platt,iso,0.5164603172611825,0.2916666666666667,NA,NA,NA
WR,00-0039064,Zay Flowers,BAL,TEN,2026_04_TEN_BAL,2026,4,Questionable,Limited Participation in Practice,15,20,8.439297056084465,2.652577514889496,-3.1969438123535787,8.7500936437325,-5.134680394701263,10.257185776995843,0.5035,0.2805,0.5097001464688133,0.2916666666666667,strat_platt,iso,0.5097001464688133,0.2916666666666667,NA,NA,NA
WR,00-0039067,Rashee Rice,KC,LV,2026_04_KC_LV,2026,4,NA,Full Participation in Practice,15,20,8.386981606793022,2.521804380275937,-3.312774945246226,8.60374503013639,-5.245561778421569,10.10698745126279,0.491,0.2565,0.49667962035932317,0.27710843373493976,strat_platt,iso,0.49667962035932317,0.27710843373493976,NA,NA,NA
WR,00-0036912,DeVonta Smith,PHI,LA,2026_04_LA_PHI,2026,4,Out,Did Not Participate In Practice,15,20,8.342237978839522,1.6937775089396307,-4.127978839477005,7.762351542055463,-6.056517880321673,9.262290204320305,0.408,0.182,0.49510676127766756,0.30764875239923223,strat_platt,iso,0.41010676127766754,0.22264875239923224,role_change_up,0.85,DeVonta Smith's absence creates increased target and snap opportunities for Wicks and Lemon as the Eagles' receiving options against the Rams.
WR,00-0037238,Drake London,ATL,NO,2026_04_ATL_NO,2026,4,NA,NA,15,20,9.265063339842476,2.280420546862819,-3.798070101334004,8.616613321096178,-5.811656006152063,10.182697950166128,0.518,0.2895,0.4903843582321271,0.2916666666666667,strat_platt,iso,0.4903843582321271,0.2916666666666667,NA,NA,NA
WR,00-0038997,Josh Downs,IND,WAS,2026_04_IND_WAS,2026,4,NA,NA,15,20,7.244811727574155,2.46226458694738,-3.0313598884937054,8.188795352601725,-4.851200610531036,9.604192915386982,0.3845,0.1755,0.47059453768649784,0.30764875239923223,strat_platt,iso,0.3855945376864978,0.22264875239923224,role_change_up,0.85,"With both Keenan Allen and Alec Pierce out, Josh Downs is explicitly identified as a primary beneficiary with expected heavy targeting volume."
WR,00-0038994,Jordan Addison,MIN,MIA,2026_04_MIA_MIN,2026,4,NA,NA,15,20,7.382048141674013,2.184261381981267,-3.351929554158145,7.955163245052935,-5.185871017685564,9.381527786924245,0.3905,0.1635,0.4638516827890881,0.2502477341389728,strat_platt,iso,0.3918516827890881,0.1782477341389728,role_change_up,0.72,"Murray targeted Addison heavily in return from concussion protocol with Jefferson sidelined early, suggesting increased volume opportunity going forward."
WR,00-0036322,Justin Jefferson,MIN,MIA,2026_04_MIA_MIN,2026,4,Out,Did Not Participate In Practice,15,20,8.55175909820717,1.9623581186701216,-3.9191003169790752,8.093165353352502,-5.867416517697365,9.608485880384388,0.4595,0.242,0.46383898692231174,0.27710843373493976,strat_platt,iso,0.46383898692231174,0.27710843373493976,NA,NA,NA
WR,00-0037247,George Pickens,DAL,HOU,2026_04_DAL_HOU,2026,4,NA,NA,15,20,8.102730287723904,2.6602645674763483,-3.092153605010484,8.656560781190539,-4.997723395460819,10.13863490144714,0.4485,0.211,0.45236412748520943,0.22448979591836735,strat_platt,iso,0.45236412748520943,0.22448979591836735,NA,NA,NA
WR,00-0037740,Garrett Wilson,NYJ,CHI,2026_04_NYJ_CHI,2026,4,NA,NA,15,20,9.717622577486832,1.551459085829234,-4.647441600693575,8.013166771402071,-6.700915031873746,9.610274284461156,0.4775,0.258,0.44927457127201276,0.27710843373493976,strat_platt,iso,0.44927457127201276,0.27710843373493976,NA,NA,NA
WR,00-0035659,Terry McLaurin,WAS,IND,2026_04_IND_WAS,2026,4,Questionable,Limited Participation in Practice,15,20,7.5590242538419234,2.023771739657655,-3.5666295670530213,7.8511822622275576,-5.418528981722414,9.291513762839363,0.356,0.1445,0.4408919603786352,0.26289757412398923,strat_platt,iso,0.3558919603786352,0.1778975741239892,role_change_up,0.85,McLaurin's absence elevates snap shares and target opportunities for Diggs and Williams at the WR position.
WR,00-0036358,CeeDee Lamb,DAL,HOU,2026_04_DAL_HOU,2026,4,NA,NA,15,20,8.176630513333748,2.3387452620520457,-3.4351944552544924,8.357475442464436,-5.347893561485172,9.845094452478493,0.434,0.2155,0.43723540296789204,0.22448979591836735,strat_platt,iso,0.43723540296789204,0.22448979591836735,NA,NA,NA
WR,00-0036554,Nico Collins,HOU,DAL,2026_04_DAL_HOU,2026,4,NA,Full Participation in Practice,15,20,8.64820551240335,2.8031105590508107,-3.1055404681064727,8.962263235356488,-5.062864598941822,10.484589761418418,0.5095,0.2785,0.4309470301748188,0.20666666666666667,strat_platt,iso,0.5159470301748188,0.2916666666666667,role_change_down,0.85,Collins' return from injury will reduce target share and snap opportunities for Schultz and Hutchinson in the Texans offense.
WR,00-0039075,Puka Nacua,LA,PHI,2026_04_LA_PHI,2026,4,NA,Full Participation in Practice,15,20,8.751359775999841,2.716127704312541,-3.221410301364185,8.905392044048781,-5.188303651952597,10.435161117226086,0.4925,0.267,0.426242491852738,0.2191392405063291,strat_platt,iso,0.498242491852738,0.2911392405063291,role_change_down,0.72,"Rams are actively managing Nacua's snap count, implying reduced opportunity despite his availability."
WR,00-0036410,Tee Higgins,CIN,JAX,2026_04_JAX_CIN,2026,4,NA,NA,15,20,7.269050249948223,2.9137579702915,-2.587418841434766,8.648161259137591,-4.409761381566823,10.065504633548517,0.4185,0.1895,0.421062152511839,0.22448979591836735,strat_platt,iso,0.421062152511839,0.22448979591836735,NA,NA,NA
WR,00-0040124,Tetairoa McMillan,CAR,DET,2026_04_DET_CAR,2026,4,NA,NA,15,20,7.757271159569305,2.2529019378411386,-3.397345303171017,8.14269560754984,-5.269069529087898,9.598446034215218,0.405,0.2,0.40697689771818385,0.22448979591836735,strat_platt,iso,0.40697689771818385,0.22448979591836735,NA,NA,NA
WR,00-0031381,Davante Adams,LA,PHI,2026_04_LA_PHI,2026,4,NA,Full Participation in Practice,15,20,7.91742719170935,2.1811438814740853,-3.5167962463564733,8.120652413363374,-5.404319414842447,9.58869061034628,0.394,0.1905,0.3955021544482029,0.22448979591836735,strat_platt,iso,0.3955021544482029,0.22448979591836735,NA,NA,NA
WR,00-0039337,Malik Nabers,NYG,ARI,2026_04_ARI_NYG,2026,4,NA,NA,15,20,8.616640931029494,1.2537411637074083,-4.646030127732619,7.403637641304369,-6.600412720657719,8.923676359681487,0.393,0.191,0.39445912995002413,0.22448979591836735,strat_platt,iso,0.39445912995002413,0.22448979591836735,NA,NA,NA
WR,00-0038559,Michael Wilson,ARI,NYG,2026_04_ARI_NYG,2026,4,NA,NA,15,20,7.85679928045794,2.2593349328785037,-3.4206181999534846,8.180093897755803,-5.302182922223883,9.64349785936339,0.3925,0.1805,0.39393762728482207,0.22264875239923224,strat_platt,iso,0.39393762728482207,0.22264875239923224,NA,NA,NA
WR,00-0034827,DJ Moore,BUF,NE,2026_04_NE_BUF,2026,4,NA,Limited Participation in Practice,15,20,7.355063279330674,2.138560852030929,-3.389297249103634,7.90077660336822,-5.2204783433084625,9.324994243060527,0.39,0.1855,0.3913302136942209,0.22264875239923224,strat_platt,iso,0.3913302136942209,0.22264875239923224,NA,NA,NA
WR,00-0039890,Adonai Mitchell,NYJ,CHI,2026_04_NYJ_CHI,2026,4,Out,Did Not Participate In Practice,15,20,7.3102589101554125,1.1731850318961472,-4.340797787365366,6.920937248479041,-6.1673824984181955,8.341580009649189,0.294,0.1085,0.3764593290483306,0.2293914081145585,strat_platt,iso,0.2914593290483306,0.14439140811455847,role_change_up,0.85,Mitchell's continued absence explicitly signals increased snap allocation for backup receivers Shepard and McClain.
WR,00-0038606,Parker Washington,JAX,CIN,2026_04_JAX_CIN,2026,4,NA,NA,15,20,7.241165391354231,2.193084601106508,-3.299402447748862,7.918429718130174,-5.118866381159984,9.333534230157326,0.3685,0.1695,0.36891497943706775,0.1782477341389728,strat_platt,iso,0.36891497943706775,0.1782477341389728,NA,NA,NA
WR,00-0032464,Kalif Raymond,CHI,NYJ,2026_04_NYJ_CHI,2026,4,NA,NA,15,20,6.641447398886899,1.6615301578696868,-3.639082453443171,7.186866178049945,-5.3949852685945965,8.552535456112244,0.282,0.107,0.36403122973638785,0.2293914081145585,strat_platt,iso,0.27903122973638783,0.14439140811455847,role_change_up,0.85,"Raymond has emerged as the Bears' primary passing-game target, outproducing expected starters Odunze and Burden, indicating a significant shift in receiving opportunity."
WR,00-0035719,Deebo Samuel Sr.,SF,DEN,2026_04_DEN_SF,2026,4,NA,NA,15,20,6.866700099992424,1.1486158783391591,-4.225215662988397,6.750274999457945,-6.00537328315251,8.134808671247162,0.2695,0.086,0.3511043844557761,0.18704081632653063,strat_platt,iso,0.26610438445577606,0.10204081632653061,role_change_up,0.85,Robinson's absence combined with Evans' uncertainty increases target and snap opportunities for Deebo Samuel Jr. as a primary receiver option.
WR,00-0040667,Matthew Golden,GB,TB,2026_04_GB_TB,2026,4,NA,NA,15,20,7.359486741861602,1.7906050773769442,-3.738620206004441,7.554245973667933,-5.5702541986442355,8.978815859209714,0.3415,0.131,0.3407962425919559,0.1778975741239892,strat_platt,iso,0.3407962425919559,0.1778975741239892,NA,NA,NA
WR,00-0036613,Jaylen Waddle,DEN,SF,2026_04_DEN_SF,2026,4,NA,Full Participation in Practice,15,20,7.765632690096638,1.5462048651832765,-4.106546621740109,7.438608950168729,-5.979100414495355,8.895004579937307,0.339,0.135,0.3381949022299612,0.1778975741239892,strat_platt,iso,0.3381949022299612,0.1778975741239892,NA,NA,NA
WR,00-0038124,Christian Watson,GB,TB,2026_04_GB_TB,2026,4,NA,NA,15,20,7.172389423884275,1.9636639571276657,-3.5073058646735102,7.666579608273521,-5.319641912625114,9.076140342988163,0.3325,0.1415,0.3314335011384125,0.1778975741239892,strat_platt,iso,0.3314335011384125,0.1778975741239892,NA,NA,NA
WR,00-0035676,A.J. Brown,NE,BUF,2026_04_NE_BUF,2026,4,NA,NA,15,20,6.784761270635831,0.9538090780555506,-4.393554009520779,6.527877595665979,-6.164943580430492,7.905591837933274,0.2435,0.0815,0.3312881751329137,0.17768075117370893,strat_platt,iso,0.23928817513291367,0.08568075117370892,role_change_up,0.92,A.J. Brown's six-week absence creates immediate opportunity expansion for three backup receivers who will now be primary targets for Drake Maye.
WR,00-0037240,Jameson Williams,DET,CAR,2026_04_DET_CAR,2026,4,NA,NA,15,20,6.396362456641876,2.382064060737276,-2.837202645002249,7.822605455254973,-4.56615847966836,9.167316475794253,0.3235,0.118,0.32207690100675984,0.14439140811455847,strat_platt,iso,0.32207690100675984,0.14439140811455847,NA,NA,NA
WR,00-0038393,Dontayvion Wicks,PHI,LA,2026_04_LA_PHI,2026,4,NA,NA,15,20,6.458272746693501,1.3099884937016397,-3.9299976027288523,6.772127692868681,-5.66581702828724,8.122176933233051,0.2385,0.0865,0.3191436111610526,0.18704081632653063,strat_platt,iso,0.23414361116105262,0.10204081632653061,role_change_up,0.85,Goedert and Smith both out creates increased opportunity for Wicks and rookie Makai Lemon at receiver/tight end in Week 4.
WR,00-0031408,Mike Evans,SF,DEN,2026_04_DEN_SF,2026,4,Questionable,Limited Participation in Practice,15,20,7.238899112572219,1.4311360821522834,-4.060643860955556,7.155744115155026,-5.879873555597738,8.570666445863422,0.3175,0.126,0.3158429031044709,0.1743119266055046,strat_platt,iso,0.3158429031044709,0.1743119266055046,NA,NA,NA
WR,00-0039424,Devaughn Vele,NO,ATL,2026_04_ATL_NO,2026,4,NA,NA,15,20,6.689889007917536,2.0514071955449844,-3.265073428462054,7.593283964604099,-5.026232747003503,8.963041535667493,0.3155,0.1205,0.3137656094249678,0.14439140811455847,strat_platt,iso,0.3137656094249678,0.14439140811455847,NA,NA,NA
WR,00-0040735,Luther Burden III,CHI,NYJ,2026_04_NYJ_CHI,2026,4,NA,NA,15,20,6.983070949124884,1.7442174342331562,-3.6668874321596308,7.384730110719347,-5.459392367853351,8.778867018712655,0.3135,0.116,0.311688680945541,0.14439140811455847,strat_platt,iso,0.311688680945541,0.14439140811455847,NA,NA,NA
WR,00-0039410,Ryan Flournoy,DAL,HOU,2026_04_DAL_HOU,2026,4,NA,NA,15,20,6.729357237434026,1.8921884196274505,-3.437170872210159,7.447489857205884,-5.20259643142176,8.820565535493534,0.292,0.116,0.28938681051056775,0.14439140811455847,strat_platt,iso,0.28938681051056775,0.14439140811455847,NA,NA,NA
WR,00-0035535,Darius Slayton,IND,WAS,2026_04_IND_WAS,2026,4,NA,NA,15,20,5.675368971131588,1.508132641352399,-3.460609014261754,6.687527790158633,-5.106574886627612,7.96769261775202,0.2025,0.0595,0.28924202371135016,0.15990123456790123,strat_platt,iso,0.19724202371135013,0.06790123456790123,role_change_up,0.92,Slayton signing to fill extended absence of Alec Pierce significantly increases his snap count and target share in Colts' passing game.
WR,00-0040129,Emeka Egbuka,TB,GB,2026_04_GB_TB,2026,4,NA,NA,15,20,7.405317665875824,1.2025106446849978,-4.340851455753846,6.9808876988931985,-6.177168468770471,8.409099845841473,0.291,0.1155,0.2883507219468877,0.14439140811455847,strat_platt,iso,0.2883507219468877,0.14439140811455847,NA,NA,NA
WR,00-0041523,Caleb Douglas,MIA,MIN,2026_04_MIA_MIN,2026,4,Out,Did Not Participate In Practice,15,20,6.871649967422614,0.32376354866692303,-5.051660963627083,5.927083175939514,-6.832346277929505,7.312027266612217,0.204,0.073,0.2837742271385889,0.16780254777070064,strat_platt,iso,0.19877422713858892,0.08280254777070063,role_change_up,0.85,Douglas's continued absence elevates opportunity for the trio of receivers leading Dolphins passing game in Week 4.
WR,00-0034960,Jakobi Meyers,JAX,CIN,2026_04_JAX_CIN,2026,4,NA,Full Participation in Practice,15,20,6.583408119521796,1.8679785502813284,-3.4135321570506325,7.373402827072827,-5.163107196634527,8.734150620519646,0.286,0.1055,0.2831720268514541,0.14439140811455847,strat_platt,iso,0.2831720268514541,0.14439140811455847,NA,NA,NA
WR,00-0039894,Xavier Worthy,KC,LV,2026_04_KC_LV,2026,4,NA,NA,15,20,6.191942007119688,1.7147232868272555,-3.435279441432556,7.083064206091804,-5.1412906049892095,8.409929801383717,0.277,0.093,0.2738580415669669,0.11336717428087986,strat_platt,iso,0.2738580415669669,0.11336717428087986,NA,NA,NA
WR,00-0038618,Xavier Hutchinson,HOU,DAL,2026_04_DAL_HOU,2026,4,NA,NA,15,20,6.229264161940369,1.875807289363707,-3.286940707525801,7.257433822388492,-4.997173921382638,8.587583155445182,0.276,0.0975,0.27282378894736165,0.11428571428571428,strat_platt,iso,0.27282378894736165,0.11428571428571428,NA,NA,NA
WR,00-0039919,Rome Odunze,CHI,NYJ,2026_04_NYJ_CHI,2026,4,NA,NA,15,20,7.225950849544835,1.982741223052248,-3.5049962075336594,7.703135358211977,-5.322886762789878,9.11701616116458,0.336,0.1385,0.2630738730955141,0.10589757412398922,strat_platt,iso,0.3350738730955141,0.1778975741239892,role_change_down,0.72,"Elevation of backup WR Kaden Davis suggests potential absence or reduced role for Rome Odunze, whose questionable status creates uncertainty around target share in Week 1."
WR,00-0039491,Jalen Coker,CAR,DET,2026_04_DET_CAR,2026,4,Questionable,Limited Participation in Practice,15,20,6.109273080162706,1.8777120510675323,-3.2438978394841635,7.2164563971795825,-4.940503474412784,8.536006757607467,0.2665,0.0875,0.26300506809481033,0.10204081632653061,strat_platt,iso,0.26300506809481033,0.10204081632653061,NA,NA,NA
WR,00-0034348,Courtland Sutton,DEN,SF,2026_04_DEN_SF,2026,4,NA,NA,15,20,6.6213002686798905,1.4687446554028252,-3.8252483032200466,6.987180377800332,-5.5789582648947125,8.351144144259905,0.2625,0.1015,0.25887462932461325,0.14439140811455847,strat_platt,iso,0.25887462932461325,0.14439140811455847,NA,NA,NA
WR,00-0030279,Keenan Allen,IND,WAS,2026_04_IND_WAS,2026,4,Questionable,Did Not Participate In Practice,15,20,6.288686930721118,1.5631358370267097,-3.619812212720633,6.965818819154515,-5.336736979475257,8.301172567931816,0.2525,0.0915,0.24855889958809566,0.11336717428087986,strat_platt,iso,0.24855889958809566,0.11336717428087986,NA,NA,NA
WR,00-0037261,Khalil Shakir,BUF,NE,2026_04_NE_BUF,2026,4,NA,NA,15,20,6.185767638845199,1.6237918865672,-3.5240979799757746,6.989930367773027,-5.229409228237977,8.316251597621346,0.2525,0.0905,0.24855889958809566,0.11336717428087986,strat_platt,iso,0.24855889958809566,0.11336717428087986,NA,NA,NA
WR,00-0038117,Wan'Dale Robinson,TEN,BAL,2026_04_TEN_BAL,2026,4,NA,NA,15,20,7.830145860875502,6.430478171033408e-4,-5.67137673347118,5.913132320819236,-7.550313420959438,7.37449230463222,0.25,0.091,0.24598238136947376,0.11336717428087986,strat_platt,iso,0.24598238136947376,0.11336717428087986,NA,NA,NA
WR,00-0038563,Tre Tucker,LV,KC,2026_04_KC_LV,2026,4,NA,NA,15,20,6.366773880418456,1.172870374394648,-4.036452280868271,6.603046133029501,-5.762114008323337,7.945195131925017,0.245,0.082,0.24083237265917895,0.08568075117370892,strat_platt,iso,0.24083237265917895,0.08568075117370892,NA,NA,NA
WR,00-0038619,Andrei Iosivas,CIN,JAX,2026_04_JAX_CIN,2026,4,NA,NA,15,20,5.137353179495407,1.3231075789171702,-3.446199507486524,6.294612981814442,-5.026099861167286,7.523394755386295,0.1605,0.042,0.23956801010785572,0.13699698568198945,strat_platt,iso,0.15456801010785573,0.05199698568198945,role_change_up,0.85,Iosivas's 4-game IR absence redistributes targets and snaps among remaining Bengals receivers.
WR,00-0036040,Juwan Johnson,NO,ATL,2026_04_ATL_NO,2026,4,NA,NA,15,20,6.208392828945983,1.4352397689522272,-3.7203863640615102,6.809442501392222,-5.428260359891,8.137756931313957,0.2405,0.0795,0.23620092133928275,0.08568075117370892,strat_platt,iso,0.23620092133928275,0.08568075117370892,NA,NA,NA
WR,00-0037816,Romeo Doubs,NE,BUF,2026_04_NE_BUF,2026,4,NA,NA,15,20,6.250781945158919,1.4221697432785412,-3.747906012395366,6.811434700864333,-5.46056664987694,8.143471984575548,0.239,0.078,0.23465787356553017,0.08568075117370892,strat_platt,iso,0.23465787356553017,0.08568075117370892,NA,NA,NA
WR,00-0039893,Brian Thomas Jr.,JAX,CIN,2026_04_JAX_CIN,2026,4,NA,NA,15,20,6.1474050781693546,1.5403293411439571,-3.5944049953769532,6.8927545538607164,-5.295358288456533,8.215686344694115,0.2385,0.094,0.23414361116105262,0.11336717428087986,strat_platt,iso,0.23414361116105262,0.11336717428087986,NA,NA,NA
WR,00-0031588,Stefon Diggs,WAS,IND,2026_04_IND_WAS,2026,4,NA,NA,15,20,6.405826684747754,1.4459283248437496,-3.776513375810632,6.889779320544054,-5.5065209723989765,8.23530835842042,0.238,0.0815,0.23362939244955383,0.08568075117370892,strat_platt,iso,0.23362939244955383,0.08568075117370892,NA,NA,NA
WR,00-0041042,Malachi Fields,NYG,ARI,2026_04_ARI_NYG,2026,4,NA,NA,15,20,6.507810665115167,1.2407031982684007,-4.015777593017302,6.720036397131037,-5.757061119285391,8.074335391187404,0.2365,0.083,0.23208700007892144,0.08568075117370892,strat_platt,iso,0.23208700007892144,0.08568075117370892,NA,NA,NA
WR,00-0039880,Malik Washington,MIA,MIN,2026_04_MIA_MIN,2026,4,NA,NA,15,20,7.551934244191977,-0.15944937710984625,-5.74769336434889,5.665712364827001,-7.59887813646445,7.105488045736177,0.2345,0.0765,0.23003109839876024,0.08568075117370892,strat_platt,iso,0.23003109839876024,0.08568075117370892,NA,NA,NA
WR,00-0039849,Marvin Harrison Jr.,ARI,NYG,2026_04_ARI_NYG,2026,4,NA,NA,15,20,5.688676515876988,1.9301754453543212,-3.0433549499139816,7.114562355989344,-4.690907159946134,8.395960972034343,0.229,0.076,0.22438111208059083,0.08568075117370892,strat_platt,iso,0.22438111208059083,0.08568075117370892,NA,NA,NA
WR,00-0033555,Mack Hollins,NE,BUF,2026_04_NE_BUF,2026,4,NA,NA,15,20,5.928389536845624,1.4827968407009486,-3.5758892556569375,6.755949691625548,-5.251650494764383,8.059288134886312,0.2285,0.0655,0.22386775450602722,0.0681265206812652,strat_platt,iso,0.22386775450602722,0.0681265206812652,NA,NA,NA
WR,00-0031236,Brandin Cooks,SF,DEN,2026_04_DEN_SF,2026,4,NA,NA,15,20,6.112714931452591,1.2766458946710921,-3.846150604514726,6.616627156571702,-5.543149320317941,7.9364832392010625,0.2255,0.071,0.2207886016776676,0.08280254777070063,strat_platt,iso,0.2207886016776676,0.08280254777070063,NA,NA,NA
WR,00-0036550,Rashod Bateman,BAL,TEN,2026_04_TEN_BAL,2026,4,NA,NA,15,20,6.648694311865591,1.9699261268816102,-3.3330646790616756,7.497741167020137,-5.089755304783832,8.864023171871242,0.307,0.1195,0.21994127655345358,0.05939140811455847,strat_platt,iso,0.3049412765534536,0.14439140811455847,role_change_down,0.85,"Bateman's role diminished with Zay Flowers' return from absence, moving him to a complementary role after a bigger Week 2 performance."
WR,00-0041067,Bryce Lance,NO,ATL,2026_04_ATL_NO,2026,4,NA,NA,15,20,5.722294968169708,1.5989939808180487,-3.3866047659580745,6.795960889687244,-5.038154787930225,8.080468840086525,0.223,0.082,0.21822395966660293,0.08568075117370892,strat_platt,iso,0.21822395966660293,0.08568075117370892,NA,NA,NA
WR,00-0040669,Isaac TeSlaa,DET,CAR,2026_04_DET_CAR,2026,4,NA,NA,15,20,5.555641159080003,1.8241915618484374,-3.101165395787581,6.9583626861802905,-4.732759474004267,8.227349721033214,0.2225,0.0665,0.21771117719281943,0.0681265206812652,strat_platt,iso,0.21771117719281943,0.0681265206812652,NA,NA,NA
WR,00-0038090,Skyy Moore,GB,TB,2026_04_GB_TB,2026,4,NA,NA,15,20,5.097093402615513,0.7159511897701474,-4.03794732189342,5.67139475995594,-5.61274336749743,6.896206611806594,0.14,0.0355,0.20892534815421795,0.11885964912280703,strat_platt,iso,0.13392534815421794,0.043859649122807015,role_change_up,0.75,"Moore received significant target volume (7 targets) with Jayden Reed out, indicating a temporary opportunity increase in the passing game."
WR,00-0035891,Cody White,LV,KC,2026_04_KC_LV,2026,4,NA,Limited Participation in Practice,15,20,5.1245958493233426,0.8799979067566074,-3.884434300568253,5.8464217564555145,-5.462719781681309,7.073947548298384,0.1325,0.0345,0.20140930688425565,0.1082425068119891,strat_platt,iso,0.12640930688425564,0.0332425068119891,role_change_up,0.75,"Cody White promoted to fill WR role vacated by Bech's 4-week IR placement, implying increased opportunity."
WR,00-0033908,Cooper Kupp,SEA,LAC,2026_04_LAC_SEA,2026,4,NA,NA,15,20,5.49501668746982,1.465127235051892,-3.4380517046858867,6.57618008794323,-5.062299001140238,7.839453096906523,0.2065,0.0585,0.20132901517110255,0.06790123456790123,strat_platt,iso,0.20132901517110255,0.06790123456790123,NA,NA,NA
WR,00-0038621,DeMario Douglas,NE,BUF,2026_04_NE_BUF,2026,4,NA,NA,15,20,6.102675303838085,1.1152504517041213,-4.0040836964336055,6.451622573612175,-5.699935459535652,7.770586603416142,0.206,0.064,0.2008179469129011,0.0681265206812652,strat_platt,iso,0.2008179469129011,0.0681265206812652,NA,NA,NA
WR,00-0038544,Quentin Johnston,LAC,SEA,2026_04_LAC_SEA,2026,4,NA,NA,15,20,6.789905845634495,0.4008750034605371,-4.948155439406067,5.976681565127256,-6.720097345312267,7.3548253909281,0.2035,0.0725,0.19826343648693148,0.08280254777070063,strat_platt,iso,0.19826343648693148,0.08280254777070063,NA,NA,NA
WR,00-0041525,Chris Bell,MIA,MIN,2026_04_MIA_MIN,2026,4,NA,Full Participation in Practice,15,20,5.607867948284269,0.003075031214814371,-4.941273890788889,5.15704329835065,-6.579159325522989,6.430923492573801,0.1185,0.032,0.1974371612674931,0.11824250681198911,strat_platt,iso,0.1124371612674931,0.0332425068119891,role_change_up,0.85,Bell explicitly primed for increased workload due to Caleb Douglas's ankle injury ruling him out for Week 4.
WR,00-0039901,Keon Coleman,BUF,NE,2026_04_NE_BUF,2026,4,NA,Limited Participation in Practice,15,20,5.530562819412348,1.5901265403695832,-3.3260734684037487,6.714752500190081,-4.954634177939262,7.981380305146469,0.2025,0.058,0.19724202371135013,0.06790123456790123,strat_platt,iso,0.19724202371135013,0.06790123456790123,NA,NA,NA
WR,00-0038840,Brycen Tremayne,CAR,DET,2026_04_DET_CAR,2026,4,NA,NA,15,20,4.863781651194618,1.410646220468179,-3.252513947937362,6.271504527934521,-4.797251635375582,7.472938220161646,0.1495,0.041,0.19641897966527241,0.12699698568198947,strat_platt,iso,0.1214189796652724,0.05199698568198945,role_change_up,0.75,Jalen Coker's quad injury creates opportunity for Tremayne to maintain elevated target share and role as leading receiver if Coker misses time.
WR,00-0038608,Kayshon Boutte,HOU,DAL,2026_04_DAL_HOU,2026,4,NA,NA,15,20,5.487456912165107,1.8979181728539125,-3.002485121243681,7.006077704546444,-4.625812945865085,8.26863558598476,0.201,0.0685,0.19571032884400882,0.08280254777070063,strat_platt,iso,0.19571032884400882,0.08280254777070063,NA,NA,NA
WR,00-0038104,Tyquan Thornton,KC,LV,2026_04_KC_LV,2026,4,NA,NA,15,20,5.479169329702099,1.5998087039408961,-3.297549135176756,6.704793666327498,-4.919868109809523,7.966566905572766,0.2005,0.0675,0.1951998778323741,0.08280254777070063,strat_platt,iso,0.1951998778323741,0.08280254777070063,NA,NA,NA
WR,00-0040727,Tre Harris,LAC,SEA,2026_04_LAC_SEA,2026,4,NA,NA,15,20,6.551035060054079,0.6985982272212001,-4.572214756779871,6.192871242755098,-6.318246024371765,7.550862835519183,0.2,0.0645,0.19468948412753878,0.0681265206812652,strat_platt,iso,0.19468948412753878,0.0681265206812652,NA,NA,NA
WR,00-0037545,Rashid Shaheed,SEA,LAC,2026_04_LAC_SEA,2026,4,NA,Full Participation in Practice,15,20,5.8054374527005,1.0285839060405284,-3.9866831923060913,6.256476978282232,-5.648061274893794,7.548628791616167,0.1995,0.0655,0.1941791479313806,0.0681265206812652,strat_platt,iso,0.1941791479313806,0.0681265206812652,NA,NA,NA
WR,00-0041438,Carnell Tate,TEN,BAL,2026_04_TEN_BAL,2026,4,NA,NA,15,20,7.162783557590804,-0.016366471760052452,-5.484321353144124,5.683406418330266,-7.2956586594871435,7.092190372735771,0.1975,0.071,0.1921383822957297,0.08280254777070063,strat_platt,iso,0.1921383822957297,0.08280254777070063,NA,NA,NA
WR,00-0040876,Elijah Sarratt,BAL,TEN,2026_04_TEN_BAL,2026,4,NA,NA,15,20,5.190348671316109,1.412489177041227,-3.3769928250631036,6.405024826175869,-4.96357640460319,7.639004539038938,0.1975,0.0535,0.1921383822957297,0.057534246575342465,strat_platt,iso,0.1921383822957297,0.057534246575342465,NA,NA,NA
WR,00-0035662,Marquise Brown,PHI,LA,2026_04_LA_PHI,2026,4,Out,Did Not Participate In Practice,15,20,4.593722125175917,0.7374071803419892,-3.817462666100839,5.485384117209679,-5.326327654451001,6.658917493631737,0.1065,0.0225,0.19007967419737745,0.12524250681198912,strat_platt,iso,0.09807967419737744,0.0332425068119891,role_change_up,0.92,"Two starting WRs (Hollywood Brown, Devonta Smith) ruled out, creating significant snap and target opportunity increase for backup receivers Lemon and Wicks."
WR,00-0040172,Jordan Watkins,SF,DEN,2026_04_DEN_SF,2026,4,NA,NA,15,20,4.681491126569168,1.0018650469302381,-3.588600546465133,5.786946838882479,-5.109257128894062,6.96965123412961,0.1375,0.035,0.18713489917731924,0.1052425068119891,strat_platt,iso,0.11513489917731923,0.0332425068119891,role_change_up,0.72,Watkins saw increased snaps with Evans sidelined early and could see more opportunity if Evans misses additional games.
WR,00-0038839,Mitchell Tinsley,CIN,JAX,2026_04_JAX_CIN,2026,4,NA,NA,15,20,5.1185428286573655,1.488423157236056,-3.273693547903197,6.452433337314279,-4.851211986203594,7.67936255467981,0.1905,0.0515,0.18500316482882082,0.057534246575342465,strat_platt,iso,0.18500316482882082,0.057534246575342465,NA,NA,NA
WR,00-0039146,Jayden Reed,GB,TB,2026_04_GB_TB,2026,4,NA,NA,15,20,4.7702635465669,0.5829386407611408,-4.043132233987801,5.405135226416974,-5.575583568900539,6.597013096967234,0.092,0.019,0.18456326174536108,0.11103206412825652,strat_platt,iso,0.0895632617453611,0.01603206412825651,role_change_up,0.95,"Season-ending injury to WR1 Jayden Reed creates sustained opportunity increase for Packers pass-catchers Watson, Golden, and Moore throughout the remainder of the season."
WR,00-0034419,Braxton Berrios,NYG,ARI,2026_04_ARI_NYG,2026,4,NA,NA,15,20,4.637788940222108,0.8957987618765919,-3.6769924692491793,5.6624568738425785,-5.191794169470915,6.840607581557551,0.1145,0.032,0.17461432225672574,0.1052425068119891,strat_platt,iso,0.10261432225672576,0.0332425068119891,role_change_up,0.72,Addition to 53-man roster suggests increased opportunity for snaps and targets in Giants' WR rotation.
WR,00-0037291,Jalen Nailor,LV,KC,2026_04_KC_LV,2026,4,NA,NA,15,20,5.666446746549129,1.0348808380673364,-3.9306464391635645,6.210925332531172,-5.57554750327687,7.490261995886202,0.179,0.0625,0.17330747132154792,0.06790123456790123,strat_platt,iso,0.17330747132154792,0.06790123456790123,NA,NA,NA
WR,00-0033921,Chris Godwin Jr.,TB,GB,2026_04_GB_TB,2026,4,NA,Full Participation in Practice,15,20,5.804101154148443,1.0619977842602333,-3.952794457474776,6.289395867991562,-5.6140152371010545,7.581425337526108,0.1785,0.057,0.17279974282011973,0.06790123456790123,strat_platt,iso,0.17279974282011973,0.06790123456790123,NA,NA,NA
WR,00-0040867,Makai Lemon,PHI,LA,2026_04_LA_PHI,2026,4,NA,NA,15,20,5.703849471722379,0.9662584857090207,-4.012723880973003,6.156328508135486,-5.662082133562019,7.439131790095649,0.178,0.052,0.17229208124605994,0.057534246575342465,strat_platt,iso,0.17229208124605994,0.057534246575342465,NA,NA,NA
WR,00-0041070,Reggie Virgil,ARI,NYG,2026_04_ARI_NYG,2026,4,NA,NA,15,20,5.1325345306009424,1.2608009217758576,-3.506665682778522,6.230387814228731,-5.085956350844162,7.458695399305263,0.1755,0.047,0.16975478566012325,0.05199698568198945,strat_platt,iso,0.16975478566012325,0.05199698568198945,NA,NA,NA
WR,00-0035021,Ashton Dulin,IND,WAS,2026_04_IND_WAS,2026,4,Questionable,Full Participation in Practice,15,20,4.44732869048917,0.8820131563653907,-3.6125830211144567,5.567161077304092,-5.101481505067425,6.7251653245452765,0.1,0.028,0.16931312787179986,0.1082425068119891,strat_platt,iso,0.09431312787179985,0.0332425068119891,role_change_up,0.75,"If active with Keenan Allen out, Dulin's target share and role expected to increase materially."
WR,00-0039855,Jalen McMillan,TB,GB,2026_04_GB_TB,2026,4,NA,NA,15,20,4.529988259735854,0.4906860070360145,-4.038084170380173,5.211456760022261,-5.5383032746261875,6.3782657219716965,0.083,0.0195,0.1690474701462174,0.10103206412825652,strat_platt,iso,0.08404747014621738,0.01603206412825651,role_change_up,0.85,"McMillan's 6-8 week absence opens target share for Buccaneers WRs, increasing opportunity for remaining pass catchers."
WR,00-0041443,Skyler Bell,BUF,NE,2026_04_NE_BUF,2026,4,NA,NA,15,20,5.093116644595049,1.3860286839024383,-3.3663439255873424,6.339881660158371,-4.940634494538167,7.564300372975317,0.171,0.0475,0.16519198183130798,0.05199698568198945,strat_platt,iso,0.16519198183130798,0.05199698568198945,NA,NA,NA
WR,00-0036309,Darnell Mooney,NYG,ARI,2026_04_ARI_NYG,2026,4,NA,NA,15,20,5.447781920375768,1.0446449111788743,-3.841154282815756,6.137581191096885,-5.459644292949677,7.396376418610672,0.1705,0.05,0.16468535332335701,0.057534246575342465,strat_platt,iso,0.16468535332335701,0.057534246575342465,NA,NA,NA
WR,00-0032385,Sterling Shepard,NYJ,CHI,2026_04_NYJ_CHI,2026,4,NA,NA,15,20,4.750683899598515,0.3665633246122182,-4.251688198777973,5.180609051700357,-5.7815492630804455,6.370472315881869,0.097,0.0205,0.16454746958146216,0.08803206412825651,strat_platt,iso,0.09254746958146216,0.01603206412825651,role_change_up,0.72,"OBJ's release opens target volume for remaining Giants receivers, particularly Shepard who was competing for targets."
WR,00-0031610,Darren Waller,CAR,DET,2026_04_DET_CAR,2026,4,NA,Full Participation in Practice,15,20,5.029867160165068,1.4653368834320741,-3.2626716812326775,6.3937928830853945,-4.828891316117232,7.6119343540160225,0.169,0.0465,0.16316589399129228,0.05199698568198945,strat_platt,iso,0.16316589399129228,0.05199698568198945,NA,NA,NA
WR,00-0037741,Jahan Dotson,ATL,NO,2026_04_ATL_NO,2026,4,NA,NA,15,20,5.859513049442099,0.7840030311302818,-4.250426224149134,6.031870654181293,-5.918152041945944,7.328959475922271,0.1685,0.051,0.16265955046474764,0.057534246575342465,strat_platt,iso,0.16265955046474764,0.057534246575342465,NA,NA,NA
WR,00-0039342,Xavier Legette,CAR,DET,2026_04_DET_CAR,2026,4,Out,Did Not Participate In Practice,15,20,5.3835604459723,1.1557390035848494,-3.7062873861762755,6.223894613575814,-5.316902319042983,7.476564928598203,0.1665,0.05,0.1606348978424148,0.057534246575342465,strat_platt,iso,0.1606348978424148,0.057534246575342465,NA,NA,NA
WR,00-0036259,Jauan Jennings,MIN,MIA,2026_04_MIA_MIN,2026,4,NA,NA,15,20,5.549529171528341,1.1452305602131385,-3.777896950562905,6.277077718629391,-5.408752493009347,7.545490350614758,0.166,0.0445,0.1601289163638632,0.05199698568198945,strat_platt,iso,0.1601289163638632,0.05199698568198945,NA,NA,NA
WR,00-0032398,Chris Moore,BAL,TEN,2026_04_TEN_BAL,2026,4,Questionable,Limited Participation in Practice,15,20,5.001397128941843,1.676187995249722,-3.0407948926514043,6.593150876383326,-4.603362116336,7.80845165150574,0.165,0.049,0.1591171732641595,0.05199698568198945,strat_platt,iso,0.1591171732641595,0.05199698568198945,NA,NA,NA
WR,00-0041048,Ted Hurst III,TB,GB,2026_04_GB_TB,2026,4,NA,NA,15,20,5.76020341083375,1.0820423513862651,-3.917114805342403,6.2931424890689165,-5.573156242166083,7.581143677946339,0.1625,0.052,0.1565891104845131,0.057534246575342465,strat_platt,iso,0.1565891104845131,0.057534246575342465,NA,NA,NA
WR,00-0033307,Kendrick Bourne,ARI,NYG,2026_04_ARI_NYG,2026,4,NA,NA,15,20,5.54016088954212,0.950965780902309,-3.9687416891024165,6.079247903378392,-5.5984642947246375,7.346779383513283,0.1615,0.0465,0.15557840903584183,0.05199698568198945,strat_platt,iso,0.15557840903584183,0.05199698568198945,NA,NA,NA
WR,00-0039451,Isaiah Williams,NYJ,CHI,2026_04_NYJ_CHI,2026,4,NA,NA,15,20,5.579604200423924,0.9465811385321847,-3.9875028284236427,6.089849260226245,-5.6219878517736905,7.3610847537746755,0.16,0.052,0.15406292478143896,0.057534246575342465,strat_platt,iso,0.15406292478143896,0.057534246575342465,NA,NA,NA
WR,00-0040134,Pat Bryant,DEN,SF,2026_04_DEN_SF,2026,4,NA,NA,15,20,5.504670436026547,1.182937263348422,-3.7237828786311873,6.297681450380983,-5.34920324835865,7.561866827680484,0.159,0.05,0.1530529837998835,0.057534246575342465,strat_platt,iso,0.1530529837998835,0.057534246575342465,NA,NA,NA
WR,00-0039710,Jeshaun Jones,MIN,MIA,2026_04_MIA_MIN,2026,4,NA,NA,15,20,5.1730759769545065,1.138463691972606,-3.6444561247282046,6.124158946979259,-5.228865887642078,7.356447954322101,0.1555,0.043,0.14952063165553822,0.05199698568198945,strat_platt,iso,0.14952063165553822,0.05199698568198945,NA,NA,NA
WR,00-0040582,Arian Smith,NYJ,CHI,2026_04_NYJ_CHI,2026,4,NA,NA,15,20,4.42365670813232,-0.2663144713405281,-4.751055156303214,4.408560126155244,-6.236688869120361,5.564025168150202,0.068,0.013,0.1463590802430176,0.08803206412825651,strat_platt,iso,0.07435908024301761,0.01603206412825651,role_change_up,0.72,"Loss of a pass-catcher creates increased target opportunity for remaining Jets receivers, particularly Wilson."
WR,00-0032775,Demarcus Robinson,SF,DEN,2026_04_DEN_SF,2026,4,NA,NA,15,20,5.07136710192904,1.0324632121677246,-3.711551554033164,5.9776040081604584,-5.2830734693139885,7.199869375572359,0.149,0.0415,0.1429709020412202,0.05199698568198945,strat_platt,iso,0.1429709020412202,0.05199698568198945,NA,NA,NA
WR,00-0041399,CJ Daniels,LA,PHI,2026_04_LA_PHI,2026,4,NA,NA,15,20,5.1010192669733865,1.2228100112666656,-3.53259418712502,6.1798231028878146,-5.10788901273023,7.405022885390594,0.148,0.042,0.14196447892580685,0.05199698568198945,strat_platt,iso,0.14196447892580685,0.05199698568198945,NA,NA,NA
WR,00-0041040,Antonio Williams,WAS,IND,2026_04_IND_WAS,2026,4,NA,NA,15,20,5.188144886671024,0.956861657841955,-3.8317838058304527,5.948525302876486,-5.418090270196255,7.182289486909178,0.147,0.041,0.14095839018470852,0.05199698568198945,strat_platt,iso,0.14095839018470852,0.05199698568198945,NA,NA,NA
WR,00-0038728,Jared Wayne,HOU,DAL,2026_04_DAL_HOU,2026,4,NA,NA,15,20,5.012013661158615,1.221712532667012,-3.499386161828877,6.142965713073118,-5.063316804596568,7.359326899705121,0.145,0.0345,0.13894722600457138,0.0332425068119891,strat_platt,iso,0.13894722600457138,0.0332425068119891,NA,NA,NA
WR,00-0040930,Camden Brown,DAL,HOU,2026_04_DAL_HOU,2026,4,NA,NA,15,20,5.065227879046486,0.9909114083622297,-3.7507403799809076,5.933589046295751,-5.321479525461934,7.15524560742398,0.145,0.048,0.13894722600457138,0.05199698568198945,strat_platt,iso,0.13894722600457138,0.05199698568198945,NA,NA,NA
WR,00-0039792,Devontez Walker,BAL,TEN,2026_04_TEN_BAL,2026,4,NA,NA,15,20,4.8736998762653245,1.7064595523128243,-2.9606094768233495,6.5713924395639145,-4.506642029603417,7.773833225009031,0.1765,0.0495,0.13508577871640617,0.05660377358490566,strat_platt,iso,0.13508577871640617,0.05660377358490566,NA,NA,NA
WR,00-0040590,Konata Mumpfield,LA,PHI,2026_04_LA_PHI,2026,4,NA,NA,15,20,5.008888225455237,0.9580114681682679,-3.761876094036004,5.878002169429644,-5.325405532121083,7.094051315495091,0.1395,0.0355,0.13342364353215436,0.043859649122807015,strat_platt,iso,0.13342364353215436,0.043859649122807015,NA,NA,NA
WR,00-0032951,Laquon Treadwell,IND,WAS,2026_04_IND_WAS,2026,4,NA,NA,15,20,4.928818537120713,1.410262690061352,-3.2784442363250057,6.297750829288834,-4.831644648271855,7.505766481958425,0.1545,0.0385,0.12399556548909278,0.043859649122807015,strat_platt,iso,0.12399556548909278,0.043859649122807015,NA,NA,NA
WR,00-0037664,Alec Pierce,IND,WAS,2026_04_IND_WAS,2026,4,NA,NA,15,20,5.553251597210883,1.7984225495323698,-3.1260629485355236,6.9316852681204,-4.7573683434581895,8.20044777693331,0.2125,0.0665,0.12246606456568103,0,strat_platt,iso,0.20746606456568104,0.0681265206812652,role_change_down,0.85,"Alec Pierce's heel injury creates a temporary opportunity shift in the receiving corps, with Treadwell stepping into increased volume."
WR,00-0041100,Josh Cameron,JAX,CIN,2026_04_JAX_CIN,2026,4,NA,NA,15,20,4.760028781858642,1.2017703718596753,-3.4202154967582254,6.019708764515265,-4.951313615676628,7.210534159100398,0.142,0.0415,0.11750895322362796,0.05199698568198945,strat_platt,iso,0.11750895322362796,0.05199698568198945,NA,NA,NA
WR,00-0035544,Tom Kennedy,DET,CAR,2026_04_DET_CAR,2026,4,NA,NA,15,20,4.647056275454786,1.0551148187576067,-3.5214325411357366,5.825688303360259,-5.037478512078742,7.004806753869975,0.141,0.0385,0.1169832724203262,0.043859649122807015,strat_platt,iso,0.1169832724203262,0.043859649122807015,NA,NA,NA
WR,00-0038576,Charlie Jones,NYG,ARI,2026_04_ARI_NYG,2026,4,NA,NA,15,20,5.121990513736128,0.9354765455394365,-3.8279592229332646,5.900861711620908,-5.405914619598741,7.128130777302548,0.1225,0.0285,0.11642115200868715,0.0332425068119891,strat_platt,iso,0.11642115200868715,0.0332425068119891,NA,NA,NA
WR,00-0040648,Tory Horton,SEA,LAC,2026_04_LAC_SEA,2026,4,NA,NA,15,20,4.561284889082343,1.3381201734465804,-3.203493119257388,6.072278535132895,-4.7079666868914645,7.2423964444190405,0.1375,0.0415,0.11513489917731923,0.05199698568198945,strat_platt,iso,0.11513489917731923,0.05199698568198945,NA,NA,NA
WR,00-0040138,Jaylin Noel,HOU,DAL,2026_04_DAL_HOU,2026,4,NA,NA,15,20,4.5842645247608536,1.3978086117137387,-3.153201779132565,6.141762468498148,-4.660788268289554,7.3143014806222055,0.133,0.0295,0.112738203058648,0.0332425068119891,strat_platt,iso,0.112738203058648,0.0332425068119891,NA,NA,NA
WR,00-0039915,Ladd McConkey,LAC,SEA,2026_04_LAC_SEA,2026,4,Questionable,Limited Participation in Practice,15,20,6.472044174606836,0.43977160468691506,-4.804807432139978,5.9066984653700265,-6.542148334094255,7.257931047746968,0.19,0.0555,0.11249396061854659,0,strat_platt,iso,0.1844939606185466,0.06790123456790123,role_change_down,0.72,"Thompson's unavailability thins WR depth; McConkey's opportunity is at risk if also ruled out, but more critically Thompson's absence increases volume pressure on remaining eligible receivers if McConkey plays."
WR,00-0041099,Barion Brown,NO,ATL,2026_04_ATL_NO,2026,4,NA,Limited Participation in Practice,15,20,4.72280443864132,1.1759264115127284,-3.431158327201624,5.978331929794186,-4.957320236314629,7.165318142607337,0.1315,0.0345,0.11193402695755811,0.0332425068119891,strat_platt,iso,0.11193402695755811,0.0332425068119891,NA,NA,NA
WR,00-0040075,LaJohntay Wester,BAL,TEN,2026_04_TEN_BAL,2026,4,NA,NA,15,20,4.664311880561388,1.1581769223198601,-3.4253525473376905,5.936028528416374,-4.943711440784126,7.116945875299065,0.131,0.033,0.11166536415816522,0.0332425068119891,strat_platt,iso,0.11166536415816522,0.0332425068119891,NA,NA,NA
WR,00-0036988,Josh Palmer,BUF,NE,2026_04_NE_BUF,2026,4,NA,NA,15,20,4.76808141057802,1.0341581732110958,-3.591042177726921,5.8554473285524296,-5.123205139328432,7.047100914154594,0.13,0.0345,0.11112711973386315,0.0332425068119891,strat_platt,iso,0.11112711973386315,0.0332425068119891,NA,NA,NA
WR,00-0036646,Simi Fehoko,ARI,NYG,2026_04_ARI_NYG,2026,4,NA,NA,15,20,4.664277744366853,1.110170419643234,-3.473345252560982,5.888007643333131,-4.991699575406069,7.068921435389329,0.1275,0.0305,0.10977604780776398,0.0332425068119891,strat_platt,iso,0.10977604780776398,0.0332425068119891,NA,NA,NA
WR,00-0041069,Colbie Young,CIN,JAX,2026_04_JAX_CIN,2026,4,Out,Did Not Participate In Practice,15,20,4.77944118816421,1.1121710089991246,-3.517558556402246,5.938181398215214,-5.051221884283997,7.131001907246787,0.127,0.032,0.10950487959651468,0.0332425068119891,strat_platt,iso,0.10950487959651468,0.0332425068119891,NA,NA,NA
WR,00-0038519,Nikko Remigio,KC,LV,2026_04_KC_LV,2026,4,NA,NA,15,20,4.63938288064415,0.979537698535003,-3.593899884442475,5.746869564919549,-5.108915697846821,6.925186801096686,0.1265,0.0295,0.10923338818097653,0.0332425068119891,strat_platt,iso,0.10923338818097653,0.0332425068119891,NA,NA,NA
WR,00-0041132,Deion Burks,IND,WAS,2026_04_IND_WAS,2026,4,NA,NA,15,20,4.58692753452891,1.2212652002376727,-3.3308323847986285,5.966352343617315,-4.838779022391057,7.1391714644407704,0.1255,0.036,0.10868942652833649,0.043859649122807015,strat_platt,iso,0.10868942652833649,0.043859649122807015,NA,NA,NA
WR,00-0040785,Dohnte Meyers,CIN,JAX,2026_04_JAX_CIN,2026,4,NA,NA,15,20,4.6819236157483335,0.8337594086460411,-3.756880608819463,5.619023019506429,-5.2775949716859065,6.801772354010849,0.124,0.0325,0.10787100189753017,0.0332425068119891,strat_platt,iso,0.10787100189753017,0.0332425068119891,NA,NA,NA
WR,00-0037524,Tay Martin,DET,CAR,2026_04_DET_CAR,2026,4,NA,NA,15,20,4.647056275454786,1.0551148187576067,-3.5214325411357366,5.825688303360259,-5.037478512078742,7.004806753869975,0.1235,0.0375,0.10759752226657363,0.043859649122807015,strat_platt,iso,0.10759752226657363,0.043859649122807015,NA,NA,NA
WR,00-0036849,Tutu Atwell,LA,PHI,2026_04_LA_PHI,2026,4,NA,NA,15,20,4.4766660138838965,1.2331355859775366,-3.273632011393378,5.930970943194324,-4.766562450144458,7.092111079706147,0.123,0.027,0.10732370289568062,0.0332425068119891,strat_platt,iso,0.10732370289568062,0.0332425068119891,NA,NA,NA
WR,00-0039816,Anthony Gould,IND,WAS,2026_04_IND_WAS,2026,4,NA,NA,15,20,4.58692753452891,1.2172282570851047,-3.3348693279511963,5.962315400464747,-4.8428159655436245,7.135134521288203,0.123,0.031,0.10732370289568062,0.0332425068119891,strat_platt,iso,0.10732370289568062,0.0332425068119891,NA,NA,NA
WR,00-0041267,Malik McClain,NYJ,CHI,2026_04_NYJ_CHI,2026,4,NA,NA,15,20,5.046945169575017,0.6888108833270101,-4.045793914012561,5.624142767838976,-5.614198644162971,6.843983716353709,0.113,0.0315,0.10697027845260465,0.0332425068119891,strat_platt,iso,0.10697027845260465,0.0332425068119891,NA,NA,NA
WR,00-0040621,Montorie Foster Jr,SEA,LAC,2026_04_LAC_SEA,2026,4,NA,NA,15,20,4.6506048460267015,0.9489722096862085,-3.6290122480484275,5.721043718960589,-5.145534277954842,6.900532428630015,0.1215,0.0325,0.10650018170324971,0.0332425068119891,strat_platt,iso,0.10650018170324971,0.0332425068119891,NA,NA,NA
WR,00-0035500,Greg Dortch,BUF,NE,2026_04_NE_BUF,2026,4,NA,NA,15,20,4.594572065030916,1.2403043056151097,-3.314912154941219,5.988642551559103,-4.823891964113482,7.1622652309128885,0.121,0.0335,0.10622497861390544,0.0332425068119891,strat_platt,iso,0.10622497861390544,0.0332425068119891,NA,NA,NA
WR,00-0039751,Jordan Whittington,LA,PHI,2026_04_LA_PHI,2026,4,NA,NA,15,20,4.879499253558069,1.1258016154197519,-3.5435508306185017,5.993114726728571,-5.090339797507755,7.1961438200808745,0.1205,0.031,0.10594942328552658,0.0332425068119891,strat_platt,iso,0.10594942328552658,0.0332425068119891,NA,NA,NA
WR,00-0041106,C.J. Williams,JAX,CIN,2026_04_JAX_CIN,2026,4,NA,NA,15,20,4.616330042732041,1.1434053887087512,-3.4206713765971832,5.9009795786035015,-4.9325862868971395,7.076885059376313,0.1195,0.03,0.10539724559508068,0.0332425068119891,strat_platt,iso,0.10539724559508068,0.0332425068119891,NA,NA,NA
WR,00-0039365,Jacob Cowing,SF,DEN,2026_04_DEN_SF,2026,4,NA,NA,15,20,4.800055279534117,0.7906551581995008,-3.847277218162705,5.625216122640027,-5.383657843065471,6.820150033978921,0.1185,0.032,0.10484362774500794,0.0332425068119891,strat_platt,iso,0.10484362774500794,0.0332425068119891,NA,NA,NA
WR,00-0036331,Devin Duvernay,ARI,NYG,2026_04_ARI_NYG,2026,4,NA,NA,15,20,4.664277744366853,1.095245950713216,-3.488269721491,5.873083174403113,-5.006624044336087,7.0539969664593105,0.1175,0.0225,0.10428854843420779,0.0332425068119891,strat_platt,iso,0.10428854843420779,0.0332425068119891,NA,NA,NA
WR,00-0039868,Troy Franklin,DEN,SF,2026_04_DEN_SF,2026,4,NA,NA,15,20,4.660080487728121,0.8862482884484932,-3.695570448152616,5.662316633689933,-5.213362637104675,6.84279322103227,0.1165,0.0285,0.10373198593530922,0.0332425068119891,strat_platt,iso,0.10373198593530922,0.0332425068119891,NA,NA,NA
WR,00-0036626,Dyami Brown,WAS,IND,2026_04_IND_WAS,2026,4,NA,NA,15,20,4.966518017605626,0.4061968938459814,-4.2972277736014295,5.309026743698904,-5.855303645208661,6.520834329166348,0.1135,0.024,0.10205317537577129,0.0332425068119891,strat_platt,iso,0.10205317537577129,0.0332425068119891,NA,NA,NA
WR,00-0038976,Marvin Mims Jr.,DEN,SF,2026_04_DEN_SF,2026,4,NA,Full Participation in Practice,15,20,4.629938400297713,0.746856801804372,-3.822749081264783,5.5101945205168565,-5.336495589939808,6.687524543473321,0.113,0.026,0.10177201294526259,0.0332425068119891,strat_platt,iso,0.10177201294526259,0.0332425068119891,NA,NA,NA
WR,00-0034854,KhaDarel Hodge,SF,DEN,2026_04_DEN_SF,2026,4,NA,Did Not Participate In Practice,15,20,4.573583618709343,0.7631932420038324,-3.7834528467676867,5.502597768885262,-5.28959359920305,6.67401234621267,0.1105,0.022,0.1003601902885606,0.018867924528301886,strat_platt,iso,0.1003601902885606,0.018867924528301886,NA,NA,NA
WR,00-0035208,Olamide Zaccheaus,ATL,NO,2026_04_ATL_NO,2026,4,NA,NA,15,20,4.762736393816013,0.29247238268046216,-4.3305946788930445,5.111537806270104,-5.862050958253207,6.302641763374591,0.109,0.0255,0.09950817655862386,0.0332425068119891,strat_platt,iso,0.09950817655862386,0.0332425068119891,NA,NA,NA
WR,00-0039355,Luke McCaffrey,WAS,IND,2026_04_IND_WAS,2026,4,NA,NA,15,20,4.601233723747398,0.7452215572180095,-3.8127102891074527,5.496390309727763,-5.322589608179019,6.670712591032291,0.1085,0.028,0.09922333283594231,0.0332425068119891,strat_platt,iso,0.09922333283594231,0.0332425068119891,NA,NA,NA
WR,00-0040131,Kyle Williams,NE,BUF,2026_04_NE_BUF,2026,4,NA,NA,15,20,4.557914967497776,0.7378523714740762,-3.8023805125953056,5.470571801076396,-5.306396800366605,6.640334056818005,0.1075,0.024,0.09865236697589583,0.0332425068119891,strat_platt,iso,0.09865236697589583,0.0332425068119891,NA,NA,NA
WR,00-0040948,J. Michael Sturdivant,GB,TB,2026_04_GB_TB,2026,4,NA,NA,15,20,4.482672554419917,0.701396758184101,-3.8078570267992937,5.4018237067839,-5.301611050322148,6.5636043937925885,0.1075,0.017,0.09865236697589583,0.01603206412825651,strat_platt,iso,0.09865236697589583,0.01603206412825651,NA,NA,NA
WR,00-0038640,Jalen Brooks,ARI,NYG,2026_04_ARI_NYG,2026,4,NA,NA,15,20,4.4676804278029465,1.0068156668206754,-3.496229007090238,5.700770264472046,-4.98792617484731,6.8609512133263815,0.1065,0.026,0.09807967419737744,0.0332425068119891,strat_platt,iso,0.09807967419737744,0.0332425068119891,NA,NA,NA
WR,00-0040170,Elic Ayomanor,TEN,BAL,2026_04_TEN_BAL,2026,4,NA,NA,15,20,5.492486205776786,-0.3456521657709943,-5.247902264776419,4.764432467495213,-6.871841869615411,6.027466166524842,0.104,0.026,0.098053744570382,0.0332425068119891,strat_platt,iso,0.098053744570382,0.0332425068119891,NA,NA,NA
WR,00-0039062,Jonathan Mingo,DAL,HOU,2026_04_DAL_HOU,2026,4,NA,NA,15,20,4.453006180959447,0.8721329311222433,-3.6248223944254643,5.559740017963479,-5.114502379506223,6.7183520847672185,0.1055,0.029,0.09750522713988084,0.0332425068119891,strat_platt,iso,0.09750522713988084,0.0332425068119891,NA,NA,NA
WR,00-0031235,Odell Beckham Jr.,NYG,ARI,2026_04_ARI_NYG,2026,4,NA,NA,15,20,4.517922592205494,0.7595917669685369,-3.764213106522746,5.475186708281834,-5.2627873836932615,6.640716391113227,0.1045,0.0245,0.09692899782912962,0.0332425068119891,strat_platt,iso,0.09692899782912962,0.0332425068119891,NA,NA,NA
WR,00-0037231,Kevin Austin Jr.,NO,ATL,2026_04_ATL_NO,2026,4,NA,NA,15,20,4.6174451398888925,0.8925047178832415,-3.6720254754589208,5.650551559232615,-5.1840905902019605,6.826573862868046,0.1045,0.025,0.09692899782912962,0.0332425068119891,strat_platt,iso,0.09692899782912962,0.0332425068119891,NA,NA,NA
WR,00-0040729,Jack Bech,LV,KC,2026_04_KC_LV,2026,4,NA,NA,15,20,4.846396948050577,0.641319249692883,-4.014978115783244,5.495023800602038,-5.557442402792638,6.694689335106771,0.1045,0.022,0.09692899782912962,0.018867924528301886,strat_platt,iso,0.09692899782912962,0.018867924528301886,NA,NA,NA
WR,00-0041467,Lewis Bond,HOU,DAL,2026_04_DAL_HOU,2026,4,NA,NA,15,20,4.458599111953687,1.1694392226687005,-3.3298383835361585,5.8594670449805,-4.82028765689404,7.018677432691852,0.103,0.0235,0.09606124937945891,0.0332425068119891,strat_platt,iso,0.09606124937945891,0.0332425068119891,NA,NA,NA
WR,00-0040390,Jackson Meeks,DET,CAR,2026_04_DET_CAR,2026,4,NA,NA,15,20,4.481920219624071,0.7713411833186304,-3.7376013076904777,5.471443640404878,-5.231252210686353,6.633144124492074,0.1025,0.0255,0.09577107736065602,0.0332425068119891,strat_platt,iso,0.09577107736065602,0.0332425068119891,NA,NA,NA
WR,00-0033589,David Moore,CAR,DET,2026_04_DET_CAR,2026,4,NA,NA,15,20,4.481530328361544,1.1555944905693065,-3.353186662820006,5.855528770007529,-4.846784120449928,7.017187686478506,0.102,0.027,0.0954804378368587,0.0332425068119891,strat_platt,iso,0.0954804378368587,0.0332425068119891,NA,NA,NA
WR,00-0037132,Britain Covey,PHI,LA,2026_04_LA_PHI,2026,4,NA,NA,15,20,4.6506048460267015,0.41456146827735285,-4.163422989457283,5.186632977551733,-5.679945019363697,6.36612168722116,0.102,0.023,0.0954804378368587,0.0332425068119891,strat_platt,iso,0.0954804378368587,0.0332425068119891,NA,NA,NA
WR,00-0036463,Chris Blair,ATL,NO,2026_04_ATL_NO,2026,4,NA,NA,15,20,4.5003313928952995,0.5996654753815762,-3.9168862014760575,5.30769971540238,-5.413057754787694,6.471360658045295,0.1015,0.0275,0.09518932700062278,0.0332425068119891,strat_platt,iso,0.09518932700062278,0.0332425068119891,NA,NA,NA
WR,00-0037801,KaVontae Turpin,DAL,HOU,2026_04_DAL_HOU,2026,4,NA,NA,15,20,4.477617781310289,0.9138388185807687,-3.593322858956303,5.612084963285073,-5.086383842330032,6.773326632056558,0.1005,0.0265,0.0946056759381337,0.0332425068119891,strat_platt,iso,0.0946056759381337,0.0332425068119891,NA,NA,NA
WR,00-0040218,Jimmy Horn Jr.,CAR,DET,2026_04_DET_CAR,2026,4,NA,NA,15,20,4.431735856340969,0.7075408657052703,-3.780566939602459,5.385925335114156,-5.267316058604958,6.54225789434683,0.1,0.021,0.09431312787179985,0.018867924528301886,strat_platt,iso,0.09431312787179985,0.018867924528301886,NA,NA,NA
WR,00-0040277,Jahdae Walker,CHI,NYJ,2026_04_NYJ_CHI,2026,4,NA,NA,15,20,4.515499313914715,0.7595243052649545,-3.763282391597823,5.47407875151015,-5.261526008657793,6.639351260453242,0.0995,0.023,0.0940200928113162,0.0332425068119891,strat_platt,iso,0.0940200928113162,0.0332425068119891,NA,NA,NA
WR,00-0040718,Travis Hunter,JAX,CIN,2026_04_JAX_CIN,2026,4,NA,NA,15,20,4.663709520561753,0.3519390397620305,-4.231346954249275,5.129536847881428,-5.7496251929480415,6.3103914648054475,0.0975,0.028,0.09284300115176952,0.0332425068119891,strat_platt,iso,0.09284300115176952,0.0332425068119891,NA,NA,NA
WR,00-0037093,Dareke Young,LV,KC,2026_04_KC_LV,2026,4,NA,NA,15,20,4.484176065341968,0.7980102873853107,-3.7118655139862264,5.499085623220052,-5.2058255892255705,6.661026568812799,0.097,0.024,0.09254746958146216,0.0332425068119891,strat_platt,iso,0.09254746958146216,0.0332425068119891,NA,NA,NA
WR,00-0040894,Malik Benson,LV,KC,2026_04_KC_LV,2026,4,NA,Full Participation in Practice,15,20,4.529966377175481,0.5606492199311286,-3.968111959352106,5.281410593301892,-5.468328082839452,6.448217236939344,0.0965,0.0255,0.09225142605093756,0.0332425068119891,strat_platt,iso,0.09225142605093756,0.0332425068119891,NA,NA,NA
WR,00-0040024,Darius Cooper,PHI,LA,2026_04_LA_PHI,2026,4,NA,Full Participation in Practice,15,20,4.528953837841727,0.8385505454472746,-3.6897942485572335,5.558877880576135,-5.189872438538265,6.7255772451829,0.096,0.0295,0.09195486621984446,0.0332425068119891,strat_platt,iso,0.09195486621984446,0.0332425068119891,NA,NA,NA
WR,00-0040506,Myles Price,MIN,MIA,2026_04_MIA_MIN,2026,4,NA,NA,15,20,4.509210430995369,0.568459445661966,-3.951755314842198,5.280312068481376,-5.449140316364208,6.444916781432718,0.0955,0.018,0.09165778569416408,0.01603206412825651,strat_platt,iso,0.09165778569416408,0.01603206412825651,NA,NA,NA
WR,00-0040646,Jalen Royals,KC,LV,2026_04_KC_LV,2026,4,NA,NA,15,20,4.433680968356733,0.6644099060113755,-3.824508017479885,5.343638839165926,-5.31152549957612,6.500180120219261,0.0955,0.0265,0.09165778569416408,0.0332425068119891,strat_platt,iso,0.09165778569416408,0.0332425068119891,NA,NA,NA
WR,00-0041044,Zachariah Branch,ATL,NO,2026_04_ATL_NO,2026,4,NA,NA,15,20,4.489415342126867,0.47445148436793677,-4.037590895478124,5.17778525238093,-5.53226868044682,6.340284403199778,0.0945,0.0235,0.09106204470886085,0.0332425068119891,strat_platt,iso,0.09106204470886085,0.0332425068119891,NA,NA,NA
WR,00-0035406,Lil'Jordan Humphrey,DEN,SF,2026_04_DEN_SF,2026,4,NA,NA,15,20,4.516652375436176,0.600112237333859,-3.9231694583519174,5.315161820329976,-5.421570425482843,6.480556709712321,0.0935,0.0195,0.09046416683258046,0.01603206412825651,strat_platt,iso,0.09046416683258046,0.01603206412825651,NA,NA,NA
WR,00-0040405,Jamaal Pritchett,NYJ,CHI,2026_04_NYJ_CHI,2026,4,NA,NA,15,20,4.623446640453436,0.44237009899268653,-4.124599357033699,5.202959617379627,-5.637472512003067,6.379610381601266,0.0905,0.0175,0.08865733519289361,0.01603206412825651,strat_platt,iso,0.08865733519289361,0.01603206412825651,NA,NA,NA
WR,00-0039589,Kameron Johnson,TB,GB,2026_04_GB_TB,2026,4,NA,NA,15,20,4.671966446637017,0.4367689637928907,-4.149852892708703,5.217844060770676,-5.669236182986818,6.399558141544045,0.09,0.0185,0.08835422066779511,0.01603206412825651,strat_platt,iso,0.08835422066779511,0.01603206412825651,NA,NA,NA
WR,00-0041051,Zavion Thomas,CHI,NYJ,2026_04_NYJ_CHI,2026,4,NA,NA,15,20,4.436281957435585,0.057873857485784046,-4.432127023038754,4.738231660441443,-5.919503249952402,5.895051958517574,0.0895,0.019,0.08805052816177648,0.01603206412825651,strat_platt,iso,0.08805052816177648,0.01603206412825651,NA,NA,NA
WR,00-0041529,Kevin Coleman Jr.,MIA,MIN,2026_04_MIA_MIN,2026,4,NA,NA,15,20,5.033548431826585,-0.04233983572566377,-4.771771372940411,4.88759946445587,-6.338462387586068,6.106107555254344,0.0935,0.019,0.08770070246637364,0.01603206412825651,strat_platt,iso,0.08770070246637364,0.01603206412825651,NA,NA,NA
WR,00-0040154,Tai Felton,MIN,MIA,2026_04_MIA_MIN,2026,4,NA,NA,15,20,4.479639885089475,0.7754294166956928,-3.7325693510989746,5.474548140720842,-5.225907632447037,6.636005480497094,0.088,0.017,0.0871359305344633,0.01603206412825651,strat_platt,iso,0.0871359305344633,0.01603206412825651,NA,NA,NA
WR,00-0037091,Bo Melton,GB,TB,2026_04_GB_TB,2026,4,NA,NA,15,20,4.427478135183487,0.7122832339771082,-3.774050545521055,5.388818466434514,-5.260211993410498,6.544693959149735,0.087,0.0185,0.0865232118977595,0.01603206412825651,strat_platt,iso,0.0865232118977595,0.01603206412825651,NA,NA,NA
WR,00-0034837,Calvin Ridley,TEN,BAL,2026_04_TEN_BAL,2026,4,NA,NA,15,20,4.89092791525206,0.0945507221843299,-4.579296914203089,4.966549600776123,-6.12757497640406,6.170736851460241,0.0865,0.023,0.08621594009292949,0.0332425068119891,strat_platt,iso,0.08621594009292949,0.0332425068119891,NA,NA,NA
WR,00-0038573,Derius Davis,LAC,SEA,2026_04_LAC_SEA,2026,4,NA,NA,15,20,4.511356670991277,0.7665711346399088,-3.754528428615796,5.479346072080728,-5.252206533549846,6.644178748858807,0.086,0.022,0.08590805249015962,0.018867924528301886,strat_platt,iso,0.08590805249015962,0.018867924528301886,NA,NA,NA
WR,00-0041550,Brenen Thompson,LAC,SEA,2026_04_LAC_SEA,2026,4,Out,Did Not Participate In Practice,15,20,4.76757927700279,0.16114379459002412,-4.463856206019111,4.982224105601466,-5.995952798743607,6.173826072209928,0.0855,0.024,0.0855995433872816,0.0332425068119891,strat_platt,iso,0.0855995433872816,0.0332425068119891,NA,NA,NA
WR,00-0036980,Elijah Moore,PHI,LA,2026_04_LA_PHI,2026,4,NA,NA,15,20,4.599532389751084,0.5209725070107895,-4.0362660718262875,5.27141860044204,-5.545915736247764,6.445562265767662,0.0845,0.021,0.08498063747386896,0.018867924528301886,strat_platt,iso,0.08498063747386896,0.018867924528301886,NA,NA,NA
WR,00-0040890,Cyrus Allen,KC,LV,2026_04_KC_LV,2026,4,NA,NA,15,20,4.43725309260449,0.4475765023629543,-4.042828627607916,5.128355693220493,-5.5303387678619425,6.285280143606934,0.0825,0.021,0.08373510773634829,0.018867924528301886,strat_platt,iso,0.08373510773634829,0.018867924528301886,NA,NA,NA
WR,00-0037742,Treylon Burks,WAS,IND,2026_04_IND_WAS,2026,4,NA,NA,15,20,4.578082317379111,0.27071034392432675,-4.2777746790326665,5.012031767971955,-5.784524604397638,6.183920135048894,0.081,0.024,0.08279401249056467,0.0332425068119891,strat_platt,iso,0.08279401249056467,0.0332425068119891,NA,NA,NA
WR,00-0040237,Tez Johnson,TB,GB,2026_04_GB_TB,2026,4,NA,NA,15,20,4.491846279384109,0.595163483913296,-3.9178836467695874,5.29954459992115,-5.4128942696482145,6.462302618431448,0.081,0.024,0.08279401249056467,0.0332425068119891,strat_platt,iso,0.08279401249056467,0.0332425068119891,NA,NA,NA
WR,00-0040164,Jaylin Lane,WAS,IND,2026_04_IND_WAS,2026,4,NA,NA,15,20,4.427774030798505,0.38084363798983284,-4.10561346209729,5.0575074193041685,-5.5918157616741135,6.213414684788321,0.0725,0.0155,0.07733938298039278,0.01603206412825651,strat_platt,iso,0.07733938298039278,0.01603206412825651,NA,NA,NA
WR,00-0040563,Efton Chism III,NE,BUF,2026_04_NE_BUF,2026,4,NA,NA,15,20,4.4678692332351995,-0.1749798593286741,-4.678102804744835,4.519056328206547,-6.169825901043848,5.679257443218627,0.068,0.0185,0.07435908024301761,0.01603206412825651,strat_platt,iso,0.07435908024301761,0.01603206412825651,NA,NA,NA
WR,00-0037666,Jalen Tolbert,MIA,MIN,2026_04_MIA_MIN,2026,4,NA,NA,15,20,4.68944310120287,-0.15648832764113824,-4.7501594593415435,4.631934903793602,-6.271877921622223,5.815465185688908,0.068,0.015,0.07435908024301761,0.01603206412825651,strat_platt,iso,0.07435908024301761,0.01603206412825651,NA,NA,NA
WR,00-0040705,Chimere Dike,TEN,BAL,2026_04_TEN_BAL,2026,4,NA,NA,15,20,4.47769235173974,-0.7255307893647382,-5.232723340772528,3.9727475381309683,-6.725794551552123,5.133997161359763,0.0605,0.011,0.06922663021199627,0.01603206412825651,strat_platt,iso,0.06922663021199627,0.01603206412825651,NA,NA,NA
WR,00-0038824,Ryan Miller,MIA,MIN,2026_04_MIA_MIN,2026,4,NA,NA,15,20,4.562586634403586,-0.13721595808935236,-4.679362319206021,4.597498071840974,-6.1840124732830555,5.767753322828487,0.052,0.011,0.06311514108740904,0.01603206412825651,strat_platt,iso,0.06311514108740904,0.01603206412825651,NA,NA,NA
WR,00-0034272,Marquez Valdes-Scantling,LAC,SEA,2026_04_LAC_SEA,2026,4,NA,NA,15,20,4.42871908813147,-0.8557020219918389,-5.342552961688553,3.8213722960548737,-6.828885726200264,4.977381031820813,0.045,0.01,0.05779370771776676,0.01603206412825651,strat_platt,iso,0.05779370771776676,0.01603206412825651,NA,NA,NA
WR,00-0040870,Ja'Kobi Lane,BAL,TEN,2026_04_TEN_BAL,2026,4,NA,NA,15,20,4.923117289303797,1.4194380669929465,-3.2670373508400994,6.3046000912044695,-4.819498544051658,7.51204080982427,0.165,0.048,0.03433548585164825,0,strat_platt,iso,0.12933548585164825,0.05199698568198945,role_change_down,0.95,Expected one-month absence due to wrist surgery materially reduces Lane's target opportunities and snap count for the upcoming month.
WR,00-0037614,John Metchie III,CAR,DET,2026_04_DET_CAR,2026,4,NA,NA,15,20,4.941050549908578,1.015287568656283,-3.678201931609041,5.907761042534749,-5.232986638722041,7.117008895083015,0.129,0.0345,0.025587635870706657,0,strat_platt,iso,0.11058763587070666,0.0332425068119891,role_change_down,0.85,"Impact note explicitly warns that Metchie's opportunity is expected to decrease if Jalen Coker returns from quad injury, implying a role reduction."
WR,00-0041511,Omar Cooper Jr.,NYJ,CHI,2026_04_NYJ_CHI,2026,4,NA,NA,15,20,4.406533903479547,0.18829280300062703,-4.289299680109779,4.855716145317021,-5.7725654500727535,6.009339498364137,0.068,0.02,0.004359080243017621,0,strat_platt,iso,0.07435908024301761,0.01603206412825651,role_change_down,0.7,Cooper's week-to-week status combined with Johnson's depth signing suggests reduced opportunity for Cooper if he remains unavailable.
WR,00-0038359,Xavier Smith,LA,PHI,2026_04_LA_PHI,2026,4,NA,NA,15,20,4.537842544253676,0.7025570117926784,-3.829441204737199,5.426692659008576,-5.330729642545724,6.594333304797071,0.107,0.0235,0.003366238147321579,0,strat_platt,iso,0.09836623814732158,0.0332425068119891,role_change_down,0.95,"Xavier Smith was released, eliminating his punt return opportunity; Alex Bachman assumes the role."
