position,player_id,player_name,posteam,defteam,game_id,season,week,report_status,practice_status,thresh_start,thresh_boom,pred_vol,pred_tot,lo_80_tot,hi_80_tot,lo_90_tot,hi_90_tot,p_start,p_boom,p_start_recal,p_boom_recal,recal_method_start,recal_method_boom,kickoff_et,run_ts,as_of,run_mode
QB,00-0036389,Jalen Hurts,PHI,LV,2025_15_LV_PHI,2025,15,NA,NA,20,25,6.93390120192036,5.478897839615014,-7.960795691954727,18.918591371184753,-11.401263039659716,22.35905871888974,0.5045,0.301,0.5045,0.28939625136807806,raw,platt,2025-12-14T18:00:00Z,2026-07-18 17:43:45,2025-12-10 20:15:00,hindcast
QB,00-0034857,Josh Allen,BUF,NE,2025_15_BUF_NE,2025,15,NA,NA,20,25,5.434985499375528,5.484063749273873,-7.955629782295868,18.923757280843613,-11.396097130000857,22.3642246285486,0.497,0.2835,0.497,0.2717047092600588,raw,platt,2025-12-14T18:00:00Z,2026-07-18 17:43:45,2025-12-10 20:15:00,hindcast
QB,00-0034796,Lamar Jackson,BAL,CIN,2025_15_BAL_CIN,2025,15,NA,Full Participation in Practice,20,25,5.216094959489634,6.1406353770180475,-7.299058154551694,19.580328908587788,-10.739525502256683,23.020796256292776,0.486,0.2675,0.486,0.2555827955847422,raw,platt,2025-12-14T18:00:00Z,2026-07-18 17:43:45,2025-12-10 20:15:00,hindcast
QB,00-0037834,Brock Purdy,SF,TEN,2025_15_TEN_SF,2025,15,NA,NA,20,25,2.732476979241321,5.440006486453121,-7.99968704511662,18.879700018022863,-11.440154392821608,22.32016736572785,0.3925,0.201,0.3925,0.1892045352724007,raw,platt,2025-12-14T21:25:00Z,2026-07-18 17:43:45,2025-12-10 20:15:00,hindcast
QB,00-0034855,Baker Mayfield,TB,ATL,2025_15_ATL_TB,2025,15,NA,Full Participation in Practice,20,25,3.0118187522395976,5.641338846542256,-7.798354685027485,19.081032378112,-11.238822032732473,22.521499725816987,0.383,0.1965,0.383,0.1847541984365822,raw,platt,2025-12-12T01:15:00Z,2026-07-18 17:43:45,2025-12-10 20:15:00,hindcast
QB,00-0036355,Justin Herbert,LAC,KC,2025_15_LAC_KC,2025,15,NA,Limited Participation in Practice,20,25,4.158664629411894,3.7675361991765,-9.67215733239324,17.207229730746242,-13.112624680098229,20.64769707845123,0.3785,0.192,0.3785,0.18030971720243255,raw,platt,2025-12-14T18:00:00Z,2026-07-18 17:43:45,2025-12-10 20:15:00,hindcast
QB,00-0039732,Bo Nix,DEN,GB,2025_15_GB_DEN,2025,15,NA,NA,20,25,4.43322297927373,1.977249713364824,-11.462443818204918,15.416943244934565,-14.902911165909906,18.857410592639553,0.359,0.187,0.359,0.17537842200041556,raw,platt,2025-12-14T21:25:00Z,2026-07-18 17:43:45,2025-12-10 20:15:00,hindcast
QB,00-0040691,Jaxson Dart,NYG,WAS,2025_15_WAS_NYG,2025,15,NA,NA,20,25,5.32859997758589,2.3888910741760307,-11.050802457393711,15.828584605745771,-14.4912698050987,19.26905195345076,0.353,0.1695,0.353,0.15817959929918105,raw,platt,2025-12-14T18:00:00Z,2026-07-18 17:43:45,2025-12-10 20:15:00,hindcast
QB,00-0036971,Trevor Lawrence,JAX,NYJ,2025_15_NYJ_JAX,2025,15,NA,Full Participation in Practice,20,25,3.48049574546877,3.8946121237084412,-9.5450814078613,17.334305655278182,-12.985548755566288,20.77477300298317,0.351,0.1745,0.351,0.16308363898422146,raw,platt,2025-12-14T18:00:00Z,2026-07-18 17:43:45,2025-12-10 20:15:00,hindcast
QB,00-0039851,Drake Maye,NE,BUF,2025_15_BUF_NE,2025,15,NA,NA,20,25,3.5252468185164023,1.8092533396591683,-11.630440191910573,15.24894687122891,-15.070907539615561,18.689414218933898,0.3465,0.1715,0.3465,0.16014023962703644,raw,platt,2025-12-14T18:00:00Z,2026-07-18 17:43:45,2025-12-10 20:15:00,hindcast
QB,00-0033106,Jared Goff,DET,LA,2025_15_DET_LA,2025,15,NA,NA,20,25,1.3804781114521651,4.714049788739686,-8.725643742830055,18.153743320309427,-12.166111090535043,21.594210668014416,0.317,0.1595,0.317,0.14839640626828346,raw,platt,2025-12-14T21:25:00Z,2026-07-18 17:43:45,2025-12-10 20:15:00,hindcast
QB,00-0034869,Sam Darnold,SEA,IND,2025_15_IND_SEA,2025,15,NA,NA,20,25,2.153038976368353,3.7845874260989354,-9.655106105470805,17.224280957668675,-13.095573453175794,20.664748305373664,0.3045,0.1395,0.3045,0.1289358366509797,raw,platt,2025-12-14T21:25:00Z,2026-07-18 17:43:45,2025-12-10 20:15:00,hindcast
QB,00-0033873,Patrick Mahomes,KC,LAC,2025_15_LAC_KC,2025,15,NA,Full Participation in Practice,20,25,2.6955190643510822,2.2563595564153127,-11.18333397515443,15.696053087985053,-14.623801322859418,19.13652043569004,0.303,0.1385,0.303,0.12796672447507687,raw,platt,2025-12-14T18:00:00Z,2026-07-18 17:43:45,2025-12-10 20:15:00,hindcast
QB,00-0026498,Matthew Stafford,LA,DET,2025_15_DET_LA,2025,15,NA,NA,20,25,1.2569610358903043,2.521357539956473,-10.918335991613269,15.961051071526214,-14.358803339318257,19.401518419231202,0.2845,0.1445,0.2845,0.13378714912926368,raw,platt,2025-12-14T21:25:00Z,2026-07-18 17:43:45,2025-12-10 20:15:00,hindcast
QB,00-0036442,Joe Burrow,CIN,BAL,2025_15_BAL_CIN,2025,15,NA,NA,20,25,1.6410442429142071,2.7102516505474727,-10.729441881022268,16.149945182117214,-14.169909228727256,19.590412529822203,0.2805,0.127,0.2805,0.1168504556729878,raw,platt,2025-12-14T18:00:00Z,2026-07-18 17:43:45,2025-12-10 20:15:00,hindcast
QB,00-0039163,C.J. Stroud,HOU,ARI,2025_15_ARI_HOU,2025,15,NA,NA,20,25,2.374737851306567,1.7642409509920332,-11.675452580577709,15.203934482561774,-15.115919928282697,18.644401830266762,0.272,0.1205,0.272,0.11059147554063188,raw,platt,2025-12-14T18:00:00Z,2026-07-18 17:43:45,2025-12-10 20:15:00,hindcast
QB,00-0033077,Dak Prescott,DAL,MIN,2025_15_MIN_DAL,2025,15,NA,NA,20,25,1.7752746574787024,-0.39645735932097953,-13.836150890890721,13.043236172248761,-17.27661823859571,16.48370351995375,0.2695,0.122,0.2695,0.11203425506748736,raw,platt,2025-12-15T01:20:00Z,2026-07-18 17:43:45,2025-12-10 20:15:00,hindcast
QB,00-0036264,Jordan Love,GB,DEN,2025_15_GB_DEN,2025,15,NA,Full Participation in Practice,20,25,1.5647796404581285,4.454624571698686,-8.985068959871056,17.894318103268425,-12.425536307576044,21.334785450973413,0.2685,0.126,0.2685,0.1158863719090821,raw,platt,2025-12-14T21:25:00Z,2026-07-18 17:43:45,2025-12-10 20:15:00,hindcast
QB,00-0039150,Bryce Young,CAR,NO,2025_15_CAR_NO,2025,15,NA,NA,20,25,2.80384766230152,1.4836404446709333,-11.956053086898809,14.923333976240674,-15.396520434603797,18.363801323945662,0.2655,0.1125,0.2655,0.10291339261386458,raw,platt,2025-12-14T21:25:00Z,2026-07-18 17:43:45,2025-12-10 20:15:00,hindcast
QB,00-0040676,Cam Ward,TEN,SF,2025_15_TEN_SF,2025,15,NA,NA,20,25,3.09523449954326,-0.9705122359631777,-14.410205767532918,12.469181295606564,-17.850673115237907,15.909648643311552,0.2525,0.1085,0.2525,0.0990852529571321,raw,platt,2025-12-14T21:25:00Z,2026-07-18 17:43:45,2025-12-10 20:15:00,hindcast
QB,00-0039923,J.J. McCarthy,MIN,DAL,2025_15_MIN_DAL,2025,15,NA,NA,20,25,2.8416371666542237,0.4816582128327633,-12.958035318736979,13.921351744402504,-16.398502666441967,17.361819092107492,0.2435,0.097,0.2435,0.08812217276900708,raw,platt,2025-12-15T01:20:00Z,2026-07-18 17:43:45,2025-12-10 20:15:00,hindcast
QB,00-0040743,Tyler Shough,NO,CAR,2025_15_CAR_NO,2025,15,NA,NA,20,25,4.457330484157064,-1.307788521458456,-14.747482053028197,12.131905010111286,-18.187949400733185,15.572372357816274,0.243,0.108,0.243,0.09860726153396854,raw,platt,2025-12-14T21:25:00Z,2026-07-18 17:43:45,2025-12-10 20:15:00,hindcast
QB,00-0032268,Marcus Mariota,WAS,NYG,2025_15_WAS_NYG,2025,15,NA,NA,20,25,4.62843034939848,-2.2769566383615416,-15.716650169931283,11.1627368932082,-19.157117517636273,14.603204240913188,0.2355,0.089,0.2355,0.08053548644577334,raw,platt,2025-12-14T18:00:00Z,2026-07-18 17:43:45,2025-12-10 20:15:00,hindcast
QB,00-0036212,Tua Tagovailoa,MIA,PIT,2025_15_MIA_PIT,2025,15,NA,NA,20,25,1.2231006617164508,2.842788056519111,-10.59690547505063,16.282481588088853,-14.037372822755618,19.72294893579384,0.2255,0.092,0.2255,0.08337649475676477,raw,platt,2025-12-16T01:15:00Z,2026-07-18 17:43:45,2025-12-10 20:15:00,hindcast
QB,00-0029604,Kirk Cousins,ATL,TB,2025_15_ATL_TB,2025,15,NA,NA,20,25,1.0640881325022706,1.695701034915391,-11.74399249665435,15.135394566485132,-15.184459844359338,18.57586191419012,0.2085,0.0845,0.2085,0.07628329890275393,raw,platt,2025-12-12T01:15:00Z,2026-07-18 17:43:45,2025-12-10 20:15:00,hindcast
QB,00-0039918,Caleb Williams,CHI,CLE,2025_15_CLE_CHI,2025,15,NA,NA,20,25,3.091460467241062,-2.3259487948285473,-15.76564232639829,11.113744736741193,-19.206109674103278,14.554212084446181,0.197,0.083,0.197,0.07486845699288898,raw,platt,2025-12-14T18:00:00Z,2026-07-18 17:43:45,2025-12-10 20:15:00,hindcast
QB,00-0033119,Jacoby Brissett,ARI,HOU,2025_15_ARI_HOU,2025,15,NA,NA,20,25,2.12371749179619,-6.1346794161156115,-19.574372947685355,7.30501411545413,-23.014840295390343,10.745481463159118,0.1575,0.0575,0.1575,0.05103351113626021,raw,platt,2025-12-14T18:00:00Z,2026-07-18 17:43:45,2025-12-10 20:15:00,hindcast
QB,00-0023459,Aaron Rodgers,PIT,MIA,2025_15_MIA_PIT,2025,15,NA,Full Participation in Practice,20,25,1.3173362299348084,-2.1027995191472035,-15.542493050716946,11.336894012422537,-18.982960398421934,14.777361360127525,0.153,0.0565,0.153,0.05010809522935103,raw,platt,2025-12-16T01:15:00Z,2026-07-18 17:43:45,2025-12-10 20:15:00,hindcast
QB,00-0040668,Shedeur Sanders,CLE,CHI,2025_15_CLE_CHI,2025,15,NA,NA,20,25,2.5030070908838344,-4.61415288415572,-18.05384641572546,8.825540647414021,-21.494313763430448,12.26600799511901,0.1375,0.0465,0.1375,0.04089902765211027,raw,platt,2025-12-14T18:00:00Z,2026-07-18 17:43:45,2025-12-10 20:15:00,hindcast
QB,00-0040398,Brady Cook,NYJ,JAX,2025_15_NYJ_JAX,2025,15,NA,Full Participation in Practice,20,25,1.760277361433143,-7.896856706963048,-21.336550238532787,5.5428368246066935,-24.777017586237776,8.983304172311682,0.1025,0.035,0.1025,0.030423501788972553,raw,platt,2025-12-14T18:00:00Z,2026-07-18 17:43:45,2025-12-10 20:15:00,hindcast
QB,00-0038102,Kenny Pickett,LV,PHI,2025_15_LV_PHI,2025,15,NA,NA,20,25,1.9419335051999695,-7.499855562226403,-20.939549093796145,5.939837969343338,-24.380016441501134,9.380305317048325,0.0735,0.0145,0.0735,0.012172252652441254,raw,platt,2025-12-14T18:00:00Z,2026-07-18 17:43:45,2025-12-10 20:15:00,hindcast
QB,00-0022942,Philip Rivers,IND,SEA,2025_15_IND_SEA,2025,15,NA,NA,20,25,2.6773442332924096,-9.515933023565013,-22.955626555134756,3.9237605080047278,-26.396093902839745,7.364227855709716,0.0595,0.012,0.0595,0.010000890525146229,raw,platt,2025-12-14T21:25:00Z,2026-07-18 17:43:45,2025-12-10 20:15:00,hindcast
RB,00-0034844,Saquon Barkley,PHI,LV,2025_15_LV_PHI,2025,15,NA,NA,15,20,23.978839341880363,-0.5509973662966177,-7.129677137565801,6.027682404972565,-9.423757403622236,8.321762671029003,0.7015,0.4495,0.7015,0.46985007556289266,raw,platt,2025-12-14T18:00:00Z,2026-07-18 17:43:45,2025-12-10 20:15:00,hindcast
RB,00-0040122,Ashton Jeanty,LV,PHI,2025_15_LV_PHI,2025,15,NA,NA,15,20,23.74454540375838,-2.182103539611138,-8.723822230210619,4.359615150988342,-11.005013635777631,6.640806556555356,0.605,0.3455,0.605,0.36849559606352983,raw,platt,2025-12-14T18:00:00Z,2026-07-18 17:43:45,2025-12-10 20:15:00,hindcast
RB,00-0036223,Jonathan Taylor,IND,SEA,2025_15_IND_SEA,2025,15,NA,NA,15,20,22.755064755435562,-1.7182834355218701,-8.102161766540146,4.665594895496405,-10.328311968295434,6.891745097251693,0.591,0.341,0.591,0.3640560249521142,raw,platt,2025-12-14T21:25:00Z,2026-07-18 17:43:45,2025-12-10 20:15:00,hindcast
RB,00-0038120,Breece Hall,NYJ,JAX,2025_15_NYJ_JAX,2025,15,NA,Full Participation in Practice,15,20,21.21641707573344,-1.7805934097951694,-7.9130915060576505,4.3519046864673125,-10.051581804020627,6.490394984430287,0.525,0.2735,0.525,0.29679981814254625,raw,platt,2025-12-14T18:00:00Z,2026-07-18 17:43:45,2025-12-10 20:15:00,hindcast
RB,00-0036997,Javonte Williams,DAL,MIN,2025_15_MIN_DAL,2025,15,NA,NA,15,20,22.102191688714548,-2.359637798861791,-8.637765101462083,3.9184895037385017,-10.827038398451712,6.107762800728131,0.524,0.2865,0.524,0.3098564955386449,raw,platt,2025-12-15T01:20:00Z,2026-07-18 17:43:45,2025-12-10 20:15:00,hindcast
RB,00-0033280,Christian McCaffrey,SF,TEN,2025_15_TEN_SF,2025,15,NA,Full Participation in Practice,15,20,20.31000470040024,-1.29670133025759,-7.277468436144988,4.684065775629809,-9.363047955217517,6.769645294702337,0.503,0.2715,0.503,0.2947863305011432,raw,platt,2025-12-14T21:25:00Z,2026-07-18 17:43:45,2025-12-10 20:15:00,hindcast
RB,00-0039040,De'Von Achane,MIA,PIT,2025_15_MIA_PIT,2025,15,NA,Full Participation in Practice,15,20,18.931523012449063,-0.4430136415969199,-6.187374984903367,5.301347701709527,-8.190516414028501,7.304489130834662,0.4925,0.2425,0.4925,0.2654397475220538,raw,platt,2025-12-16T01:15:00Z,2026-07-18 17:43:45,2025-12-10 20:15:00,hindcast
RB,00-0038542,Bijan Robinson,ATL,TB,2025_15_ATL_TB,2025,15,NA,NA,15,20,19.373285519080515,-0.9058149869765337,-6.726712959213468,4.9150829852604,-8.756543811773792,6.9449138378207245,0.492,0.2555,0.492,0.2786308539073943,raw,platt,2025-12-12T01:15:00Z,2026-07-18 17:43:45,2025-12-10 20:15:00,hindcast
RB,00-0037248,James Cook,BUF,NE,2025_15_BUF_NE,2025,15,NA,NA,15,20,19.472546176623773,-1.0056212117009022,-6.843613670454015,4.832371247052212,-8.879405616355044,6.868163192953238,0.4825,0.256,0.4825,0.2791370213008952,raw,platt,2025-12-14T18:00:00Z,2026-07-18 17:43:45,2025-12-10 20:15:00,hindcast
RB,00-0040784,Quinshon Judkins,CLE,CHI,2025_15_CLE_CHI,2025,15,NA,NA,15,20,19.16664996576182,-0.9338042749769496,-6.718995667862294,4.851387117908394,-8.736375122587964,6.8687665726340645,0.475,0.2485,0.475,0.27153538189893267,raw,platt,2025-12-14T18:00:00Z,2026-07-18 17:43:45,2025-12-10 20:15:00,hindcast
RB,00-0039139,Jahmyr Gibbs,DET,LA,2025_15_DET_LA,2025,15,NA,NA,15,20,19.05792253321557,-0.750882608267023,-6.517220056415252,5.0154548398812056,-8.528024869409974,7.026259652875927,0.4745,0.2575,0.4745,0.2806550078448972,raw,platt,2025-12-14T21:25:00Z,2026-07-18 17:43:45,2025-12-10 20:15:00,hindcast
RB,00-0040583,Woody Marks,HOU,ARI,2025_15_ARI_HOU,2025,15,NA,Full Participation in Practice,15,20,19.443747094248987,-1.2475580781803726,-7.08059464455955,4.585478488198806,-9.11465839950266,6.619542243141915,0.469,0.2325,0.469,0.2552511816556538,raw,platt,2025-12-14T18:00:00Z,2026-07-18 17:43:45,2025-12-10 20:15:00,hindcast
RB,00-0033923,Kareem Hunt,KC,LAC,2025_15_LAC_KC,2025,15,NA,NA,15,20,19.423190784047954,-1.4197100665993316,-7.2492072850268015,4.409787151828138,-9.282036818428049,6.442616685229385,0.4625,0.238,0.4625,0.2608594686699257,raw,platt,2025-12-14T18:00:00Z,2026-07-18 17:43:45,2025-12-10 20:15:00,hindcast
RB,00-0040666,Omarion Hampton,LAC,KC,2025_15_LAC_KC,2025,15,NA,NA,15,20,18.185004423085225,-0.67972060730158,-6.292993051169323,4.933551836566163,-8.250421895435904,6.890980680832745,0.4565,0.2205,0.4565,0.24297492746973573,raw,platt,2025-12-14T18:00:00Z,2026-07-18 17:43:45,2025-12-10 20:15:00,hindcast
RB,00-0032764,Derrick Henry,BAL,CIN,2025_15_BAL_CIN,2025,15,NA,NA,15,20,18.04394441349522,-0.5210661474870828,-6.109312556599447,5.067180261625282,-8.058014462564413,7.015882167590247,0.454,0.2365,0.454,0.25933105398602896,raw,platt,2025-12-14T18:00:00Z,2026-07-18 17:43:45,2025-12-10 20:15:00,hindcast
RB,00-0038597,Chase Brown,CIN,BAL,2025_15_BAL_CIN,2025,15,NA,NA,15,20,19.259353904096773,-1.3936761649634188,-7.194906966732433,4.407554636805595,-9.21787959405178,6.430527264124943,0.448,0.2335,0.448,0.2562717121764603,raw,platt,2025-12-14T18:00:00Z,2026-07-18 17:43:45,2025-12-10 20:15:00,hindcast
RB,00-0040734,TreVeyon Henderson,NE,BUF,2025_15_BUF_NE,2025,15,NA,NA,15,20,18.306368400661476,-0.7969102976563485,-6.43164828385383,4.837827688541134,-8.396562471497957,6.8027418761852605,0.443,0.226,0.443,0.24860846337498071,raw,platt,2025-12-14T18:00:00Z,2026-07-18 17:43:45,2025-12-10 20:15:00,hindcast
RB,00-0040202,Devin Neal,NO,CAR,2025_15_CAR_NO,2025,15,NA,Full Participation in Practice,15,20,18.268102969826312,-0.915444345523307,-6.543420922598382,4.712532231551768,-8.505977309623272,6.675088618576659,0.4415,0.2285,0.4415,0.2511652694322295,raw,platt,2025-12-14T21:25:00Z,2026-07-18 17:43:45,2025-12-10 20:15:00,hindcast
RB,00-0036139,Rico Dowdle,CAR,NO,2025_15_CAR_NO,2025,15,NA,NA,15,20,18.416505353611377,-0.8479310920130458,-6.502096470410747,4.8062342863846546,-8.473785269164855,6.777923085138764,0.4365,0.234,0.4365,0.25678183635635043,raw,platt,2025-12-14T21:25:00Z,2026-07-18 17:43:45,2025-12-10 20:15:00,hindcast
RB,00-0035700,Josh Jacobs,GB,DEN,2025_15_GB_DEN,2025,15,Questionable,Limited Participation in Practice,15,20,18.69308294454046,-1.1734238435342719,-6.87615848690729,4.529310799838747,-8.864784086993994,6.51793639992545,0.4285,0.2055,0.4285,0.2275489435117742,raw,platt,2025-12-14T21:25:00Z,2026-07-18 17:43:45,2025-12-10 20:15:00,hindcast
RB,00-0036973,Travis Etienne,JAX,NYJ,2025_15_NYJ_JAX,2025,15,NA,NA,15,20,18.43592549524903,-1.1611436462455067,-6.8187294617218175,4.496442169230804,-8.791611016085888,6.469323723594875,0.406,0.1975,0.406,0.21928324206631236,raw,platt,2025-12-14T18:00:00Z,2026-07-18 17:43:45,2025-12-10 20:15:00,hindcast
RB,00-0039361,Bucky Irving,TB,ATL,2025_15_ATL_TB,2025,15,NA,Full Participation in Practice,15,20,17.00699077223194,-0.8238446013089226,-6.225494372811904,4.5778051701940585,-8.109127347177303,6.461438144559457,0.39,0.183,0.39,0.2042294889787862,raw,platt,2025-12-12T01:15:00Z,2026-07-18 17:43:45,2025-12-10 20:15:00,hindcast
RB,00-0039391,Kimani Vidal,LAC,KC,2025_15_LAC_KC,2025,15,NA,NA,15,20,18.24957807368069,-1.4168137176546236,-7.041514822085947,4.207887386776701,-9.002929004684527,6.16930156937528,0.3885,0.1945,0.3885,0.21617643106906081,raw,platt,2025-12-14T18:00:00Z,2026-07-18 17:43:45,2025-12-10 20:15:00,hindcast
RB,00-0035261,Tony Pollard,TEN,SF,2025_15_TEN_SF,2025,15,NA,Full Participation in Practice,15,20,17.402205471367775,-1.2717651488986637,-6.745089488435491,4.201559190638164,-8.653716415663997,6.110186117866669,0.377,0.174,0.377,0.19483666584889084,raw,platt,2025-12-14T21:25:00Z,2026-07-18 17:43:45,2025-12-10 20:15:00,hindcast
RB,00-0036275,D'Andre Swift,CHI,CLE,2025_15_CLE_CHI,2025,15,NA,NA,15,20,16.04477252206667,-0.7815803394724593,-6.005693919998073,4.442533241053155,-7.827417470832825,6.264256791887907,0.3405,0.1515,0.3405,0.17117713457805592,raw,platt,2025-12-14T18:00:00Z,2026-07-18 17:43:45,2025-12-10 20:15:00,hindcast
RB,00-0037840,Kyren Williams,LA,DET,2025_15_DET_LA,2025,15,NA,NA,15,20,16.031638166795453,-0.9541914717498418,-6.175850744238411,4.267467800738728,-7.996718442557101,6.0883354990574174,0.336,0.1455,0.336,0.16482222769624377,raw,platt,2025-12-14T21:25:00Z,2026-07-18 17:43:45,2025-12-10 20:15:00,hindcast
RB,00-0039384,Tyrone Tracy Jr.,NYG,WAS,2025_15_WAS_NYG,2025,15,NA,Full Participation in Practice,15,20,15.30362541041762,-0.5379409641866261,-5.622192895193581,4.546310966820328,-7.395144677026882,6.319262748653629,0.3305,0.1555,0.3305,0.17540269293736307,raw,platt,2025-12-14T18:00:00Z,2026-07-18 17:43:45,2025-12-10 20:15:00,hindcast
RB,00-0038134,Kenneth Walker III,SEA,IND,2025_15_IND_SEA,2025,15,NA,NA,15,20,16.046933628356136,-1.1833726566455094,-6.407889983131906,4.041144669840888,-8.229754325990791,5.863009012699774,0.328,0.1305,0.328,0.1488436822754343,raw,platt,2025-12-14T21:25:00Z,2026-07-18 17:43:45,2025-12-10 20:15:00,hindcast
RB,00-0036875,Rhamondre Stevenson,NE,BUF,2025_15_BUF_NE,2025,15,NA,NA,15,20,15.334870392694178,-0.9238600830557223,-6.014065751685025,4.16634558557358,-7.7890936874676875,5.941373521356242,0.322,0.1395,0.322,0.15844682723375741,raw,platt,2025-12-14T18:00:00Z,2026-07-18 17:43:45,2025-12-10 20:15:00,hindcast
RB,00-0033293,Aaron Jones,MIN,DAL,2025_15_MIN_DAL,2025,15,NA,Full Participation in Practice,15,20,15.660521309223157,-1.3212738271276614,-6.473227496971803,3.8306798427164805,-8.2697878489809,5.6272401947255775,0.3095,0.1205,0.3095,0.1381141696131249,raw,platt,2025-12-15T01:20:00Z,2026-07-18 17:43:45,2025-12-10 20:15:00,hindcast
RB,00-0040730,RJ Harvey,DEN,GB,2025_15_GB_DEN,2025,15,NA,NA,15,20,14.93715714272337,-0.5900994727439729,-5.604129823531324,4.423930878043378,-7.352594330252584,6.172395384764638,0.2925,0.1225,0.2925,0.14026525506408624,raw,platt,2025-12-14T21:25:00Z,2026-07-18 17:43:45,2025-12-10 20:15:00,hindcast
RB,00-0040236,Kyle Monangai,CHI,CLE,2025_15_CLE_CHI,2025,15,NA,NA,15,20,14.05532745036905,-1.0770511588406346,-5.9190310761915015,3.764928758510232,-7.607499121945494,5.453396804264225,0.256,0.098,0.256,0.11372170266365533,raw,platt,2025-12-14T18:00:00Z,2026-07-18 17:43:45,2025-12-10 20:15:00,hindcast
RB,00-0037228,Jaylen Warren,PIT,MIA,2025_15_MIA_PIT,2025,15,NA,NA,15,20,14.677899449916461,-1.5450431999717686,-6.508951040029743,3.4188646400862055,-8.239937106281587,5.149850706338051,0.2545,0.094,0.2545,0.10934543201332059,raw,platt,2025-12-16T01:15:00Z,2026-07-18 17:43:45,2025-12-10 20:15:00,hindcast
RB,00-0035250,Devin Singletary,NYG,WAS,2025_15_WAS_NYG,2025,15,NA,NA,15,20,14.140591503763543,-1.1798520414239362,-6.038664640298643,3.6789605574507704,-7.733002484226624,5.373298401378753,0.247,0.0945,0.247,0.10989317035908762,raw,platt,2025-12-14T18:00:00Z,2026-07-18 17:43:45,2025-12-10 20:15:00,hindcast
RB,00-0039738,Blake Corum,LA,DET,2025_15_DET_LA,2025,15,NA,NA,15,20,12.65515633473592,-0.48122487338958025,-5.040256856954914,4.077807110175754,-6.630056888185135,5.667607141405974,0.2405,0.086,0.2405,0.10055325940651517,raw,platt,2025-12-14T21:25:00Z,2026-07-18 17:43:45,2025-12-10 20:15:00,hindcast
RB,00-0037197,Isiah Pacheco,KC,LAC,2025_15_LAC_KC,2025,15,NA,NA,15,20,13.22855525622741,-1.0570246206565006,-5.733465936642693,3.619416695329692,-7.364208290941116,5.250159049628115,0.218,0.07,0.218,0.08279559762447304,raw,platt,2025-12-14T18:00:00Z,2026-07-18 17:43:45,2025-12-10 20:15:00,hindcast
RB,00-0039165,Zach Charbonnet,SEA,IND,2025_15_IND_SEA,2025,15,NA,NA,15,20,12.821388139365322,-0.9464988595906354,-5.539797751719232,3.6468000325379615,-7.1415471468715355,5.248549427690265,0.211,0.0745,0.211,0.08781487465581087,raw,platt,2025-12-14T21:25:00Z,2026-07-18 17:43:45,2025-12-10 20:15:00,hindcast
RB,00-0040242,Jacory Croskey-Merritt,WAS,NYG,2025_15_WAS_NYG,2025,15,NA,NA,15,20,12.061332287875729,-0.3779321503774886,-4.812956575572788,4.057092274817811,-6.3595133874353555,5.603649086680378,0.2055,0.0765,0.2055,0.09003918758624484,raw,platt,2025-12-14T18:00:00Z,2026-07-18 17:43:45,2025-12-10 20:15:00,hindcast
RB,00-0035685,David Montgomery,DET,LA,2025_15_DET_LA,2025,15,NA,NA,15,20,12.190900998905622,-0.6270406449746224,-5.089340781632496,3.835259491683251,-6.645409026424541,5.391327736475296,0.203,0.0705,0.203,0.0833543142642239,raw,platt,2025-12-14T21:25:00Z,2026-07-18 17:43:45,2025-12-10 20:15:00,hindcast
RB,00-0037525,Jordan Mason,MIN,DAL,2025_15_MIN_DAL,2025,15,NA,NA,15,20,11.542317252739418,-0.41038460455590003,-4.73487568672971,3.91410647761791,-6.242887931934046,5.422118722822246,0.183,0.058,0.183,0.06930463158194652,raw,platt,2025-12-15T01:20:00Z,2026-07-18 17:43:45,2025-12-10 20:15:00,hindcast
RB,00-0036555,Chuba Hubbard,CAR,NO,2025_15_CAR_NO,2025,15,NA,NA,15,20,10.832441712124451,-0.4321954798039743,-4.6020133320055425,3.7376223723975937,-6.056088797049796,5.191697837441847,0.177,0.057,0.177,0.06817286960040737,raw,platt,2025-12-14T21:25:00Z,2026-07-18 17:43:45,2025-12-10 20:15:00,hindcast
RB,00-0039032,Tyjae Spears,TEN,SF,2025_15_TEN_SF,2025,15,NA,NA,15,20,11.864151112596097,-0.7381828718825096,-5.131457550345658,3.6550918065806393,-6.663455624981135,5.187089881216116,0.167,0.0575,0.167,0.0687389035158437,raw,platt,2025-12-14T21:25:00Z,2026-07-18 17:43:45,2025-12-10 20:15:00,hindcast
RB,00-0033526,Samaje Perine,CIN,BAL,2025_15_BAL_CIN,2025,15,NA,NA,15,20,11.404240672886408,-0.5622173016483852,-4.8569479319022255,3.7325133286054553,-6.354582279438295,5.2301476761415255,0.1655,0.0405,0.1655,0.049305130567465306,raw,platt,2025-12-14T18:00:00Z,2026-07-18 17:43:45,2025-12-10 20:15:00,hindcast
RB,00-0036919,Kenneth Gainwell,PIT,MIA,2025_15_MIA_PIT,2025,15,NA,NA,15,20,11.462322218237508,-0.9134672486637129,-5.2207351421549,3.3938006448274742,-6.7227414137218,4.895806916394375,0.158,0.046,0.158,0.05563775943075345,raw,platt,2025-12-16T01:15:00Z,2026-07-18 17:43:45,2025-12-10 20:15:00,hindcast
RB,00-0036924,Michael Carter,ARI,HOU,2025_15_ARI_HOU,2025,15,NA,NA,15,20,11.156156639782553,-0.7455621623277684,-4.986433154507088,3.4953088298515507,-6.465285871512467,4.97416154685693,0.1555,0.055,0.1555,0.06590563006056493,raw,platt,2025-12-14T18:00:00Z,2026-07-18 17:43:45,2025-12-10 20:15:00,hindcast
RB,00-0037746,Brian Robinson,SF,TEN,2025_15_TEN_SF,2025,15,NA,NA,15,20,10.622492269530238,-0.38214864121347686,-4.5053995652170435,3.7411022827900897,-5.943236472565199,5.178939190138245,0.153,0.0525,0.153,0.06306441850245523,raw,platt,2025-12-14T21:25:00Z,2026-07-18 17:43:45,2025-12-10 20:15:00,hindcast
RB,00-0039405,Jawhar Jordan,HOU,ARI,2025_15_ARI_HOU,2025,15,NA,NA,15,20,10.577603700370602,-0.7586282380283738,-4.871872107176272,3.3546156311195245,-6.306219410551608,4.788962934494861,0.1415,0.0475,0.1415,0.057356885359179204,raw,platt,2025-12-14T18:00:00Z,2026-07-18 17:43:45,2025-12-10 20:15:00,hindcast
RB,00-0033955,Jeremy McNichols,WAS,NYG,2025_15_WAS_NYG,2025,15,NA,NA,15,20,9.23281988872096,-0.15812388120866505,-3.96264065852142,3.64639289610409,-5.289330384145504,4.9730826217281745,0.123,0.034,0.123,0.04175626319473131,raw,platt,2025-12-14T18:00:00Z,2026-07-18 17:43:45,2025-12-10 20:15:00,hindcast
RB,00-0032104,Ameer Abdullah,IND,SEA,2025_15_IND_SEA,2025,15,NA,NA,15,20,9.12955011397617,-0.7178664164853157,-4.497907033409879,3.062174200439247,-5.816061569833752,4.380328736863121,0.1155,0.0335,0.1155,0.041172387548901256,raw,platt,2025-12-14T21:25:00Z,2026-07-18 17:43:45,2025-12-10 20:15:00,hindcast
RB,00-0038555,Tank Bigsby,PHI,LV,2025_15_LV_PHI,2025,15,NA,NA,15,20,9.00635876434755,-0.2732992249633737,-4.023987156253894,3.4773887063271465,-5.331905988978844,4.785307539052096,0.112,0.029,0.112,0.035894873949388784,raw,platt,2025-12-14T18:00:00Z,2026-07-18 17:43:45,2025-12-10 20:15:00,hindcast
RB,00-0037563,Malik Davis,DAL,MIN,2025_15_MIN_DAL,2025,15,NA,NA,15,20,9.39847715595521,-0.7982852480598182,-4.641822406127765,3.045251910008128,-5.982119099802707,4.3855486036830715,0.108,0.0265,0.108,0.03294400377864139,raw,platt,2025-12-15T01:20:00Z,2026-07-18 17:43:45,2025-12-10 20:15:00,hindcast
RB,00-0035537,Ty Johnson,BUF,NE,2025_15_BUF_NE,2025,15,NA,NA,15,20,8.890824365828204,-0.11724204002171573,-3.8402458124552807,3.605761732411849,-5.138510780769095,4.904026700725663,0.1045,0.024,0.1045,0.02997821101922997,raw,platt,2025-12-14T18:00:00Z,2026-07-18 17:43:45,2025-12-10 20:15:00,hindcast
RB,00-0039373,Audric Estimé,NO,CAR,2025_15_CAR_NO,2025,15,NA,NA,15,20,8.896563985643057,-0.45427834220376817,-4.17866103861073,3.270104354203193,-5.477406857548946,4.56885017314141,0.103,0.0235,0.103,0.029383144738376797,raw,platt,2025-12-14T21:25:00Z,2026-07-18 17:43:45,2025-12-10 20:15:00,hindcast
RB,00-0040238,LeQuint Allen Jr.,JAX,NYJ,2025_15_NYJ_JAX,2025,15,NA,NA,15,20,8.908339033748593,-0.1920931731289864,-3.919303598203276,3.535117251945303,-5.219035486802735,4.834849140544762,0.102,0.025,0.102,0.031166401441018055,raw,platt,2025-12-14T18:00:00Z,2026-07-18 17:43:45,2025-12-10 20:15:00,hindcast
RB,00-0038454,Keaton Mitchell,BAL,CIN,2025_15_BAL_CIN,2025,15,NA,Full Participation in Practice,15,20,8.929469021918905,-0.7260268960072872,-4.458307608603075,3.006253816588501,-5.759807579393903,4.307753787379329,0.097,0.023,0.097,0.02878741466568027,raw,platt,2025-12-14T18:00:00Z,2026-07-18 17:43:45,2025-12-10 20:15:00,hindcast
RB,00-0038738,Hunter Luepke,DAL,MIN,2025_15_MIN_DAL,2025,15,NA,Full Participation in Practice,15,20,8.604546822206109,-0.7023111944285101,-4.356048956961388,2.951426568104367,-5.630159871278591,4.225537482421572,0.0895,0.0225,0.0895,0.02819100783085276,raw,platt,2025-12-15T01:20:00Z,2026-07-18 17:43:45,2025-12-10 20:15:00,hindcast
RB,00-0039798,Isaiah Davis,NYJ,JAX,2025_15_NYJ_JAX,2025,15,NA,NA,15,20,8.905136124002164,-0.7948693437060433,-4.521310761172412,2.9315720737603255,-5.82077448575734,4.231035798345253,0.085,0.0235,0.085,0.029383144738376797,raw,platt,2025-12-14T18:00:00Z,2026-07-18 17:43:45,2025-12-10 20:15:00,hindcast
RB,00-0033854,Dare Ogunbowale,HOU,ARI,2025_15_ARI_HOU,2025,15,NA,NA,15,20,8.226121642328836,-0.5703446767878558,-4.1309946494574215,2.9903052958817096,-5.3726445124450155,4.2319551588693045,0.082,0.016,0.082,0.02036898568101084,raw,platt,2025-12-14T18:00:00Z,2026-07-18 17:43:45,2025-12-10 20:15:00,hindcast
WR,00-0036900,Ja'Marr Chase,CIN,BAL,2025_15_BAL_CIN,2025,15,NA,NA,15,20,10.573673895127493,2.5880254896798696,-4.360182805875041,9.34435495622107,-6.550796533753424,11.149960185112983,0.6105,0.378,0.5561669151940997,0.35612050388218114,strat_platt,strat_platt,2025-12-14T18:00:00Z,2026-07-18 17:43:45,2025-12-10 20:15:00,hindcast
WR,00-0038117,Wan'Dale Robinson,NYG,WAS,2025_15_WAS_NYG,2025,15,NA,NA,15,20,10.196496842568678,1.9600442914088145,-4.869871438205202,8.601347910286448,-7.023190181846876,10.376212886941167,0.56,0.3095,0.5246356677102946,0.3214985335307526,strat_platt,strat_platt,2025-12-14T18:00:00Z,2026-07-18 17:43:45,2025-12-10 20:15:00,hindcast
WR,00-0038543,Jaxon Smith-Njigba,SEA,IND,2025_15_IND_SEA,2025,15,NA,Full Participation in Practice,15,20,8.780797385376246,2.7653042370501315,-3.598638647930381,8.953503123471851,-5.605046638921516,10.607277457905877,0.494,0.2715,0.4948592985698799,0.29658470447711305,strat_platt,strat_platt,2025-12-14T21:25:00Z,2026-07-18 17:43:45,2025-12-10 20:15:00,hindcast
WR,00-0036554,Nico Collins,HOU,ARI,2025_15_ARI_HOU,2025,15,NA,NA,15,20,8.436631052198903,2.713555268261451,-3.531224675974641,8.785881968124473,-5.500063273138581,10.40868986923555,0.4775,0.2455,0.47789534364508046,0.27096491143879414,strat_platt,strat_platt,2025-12-14T18:00:00Z,2026-07-18 17:43:45,2025-12-10 20:15:00,hindcast
WR,00-0039075,Puka Nacua,LA,DET,2025_15_DET_LA,2025,15,NA,NA,15,20,9.10615996150741,2.0239493436205147,-4.450401588512017,8.319507294506908,-6.491618752382179,10.001972960399284,0.4795,0.2615,0.47540047361779103,0.2959514988666199,strat_platt,strat_platt,2025-12-14T21:25:00Z,2026-07-18 17:43:45,2025-12-10 20:15:00,hindcast
WR,00-0039064,Zay Flowers,BAL,CIN,2025_15_BAL_CIN,2025,15,NA,NA,15,20,8.822755300205229,1.8661125912657401,-4.5121880045627325,8.068272691967147,-6.523122658708825,9.72577811169385,0.452,0.2395,0.4516800732288507,0.2650112249301521,strat_platt,strat_platt,2025-12-14T18:00:00Z,2026-07-18 17:43:45,2025-12-10 20:15:00,hindcast
WR,00-0036613,Jaylen Waddle,MIA,PIT,2025_15_MIA_PIT,2025,15,NA,NA,15,20,8.19864757002077,2.6104179371064573,-3.550457642419671,8.601157340281208,-5.492843081396033,10.202161324007701,0.4385,0.225,0.43780456311773613,0.2505537577862176,strat_platt,strat_platt,2025-12-16T01:15:00Z,2026-07-18 17:43:45,2025-12-10 20:15:00,hindcast
WR,00-0036259,Jauan Jennings,SF,TEN,2025_15_TEN_SF,2025,15,NA,NA,15,20,7.863566831101833,2.4102213790315545,-3.6303092277968156,8.283939206196827,-5.53475260486903,9.853669586322095,0.4135,0.2065,0.41211987439384745,0.2319554014184207,strat_platt,strat_platt,2025-12-14T21:25:00Z,2026-07-18 17:43:45,2025-12-10 20:15:00,hindcast
WR,00-0040129,Emeka Egbuka,TB,ATL,2025_15_ATL_TB,2025,15,NA,NA,15,20,8.275768166466799,1.4246425901120487,-4.763561912658992,7.441956212359443,-6.714563546182477,9.050062062439391,0.3985,0.1795,0.39671834397813516,0.20446924099875113,strat_platt,strat_platt,2025-12-12T01:15:00Z,2026-07-18 17:43:45,2025-12-10 20:15:00,hindcast
WR,00-0037240,Jameson Williams,DET,LA,2025_15_DET_LA,2025,15,NA,NA,15,20,7.536376667458575,2.295196935777953,-3.6251843704215125,8.052083455404171,-5.491747376589901,9.590591080506098,0.3905,0.1895,0.38850777362584643,0.21469992189854026,strat_platt,strat_platt,2025-12-14T21:25:00Z,2026-07-18 17:43:45,2025-12-10 20:15:00,hindcast
WR,00-0037247,George Pickens,DAL,MIN,2025_15_MIN_DAL,2025,15,NA,NA,15,20,8.293466405293229,1.6112393377314942,-4.583217854113489,7.634632977393224,-6.536190819804766,9.24436369069061,0.383,0.182,0.38081292523282534,0.20703276234363333,strat_platt,strat_platt,2025-12-15T01:20:00Z,2026-07-18 17:43:45,2025-12-10 20:15:00,hindcast
WR,00-0034960,Jakobi Meyers,JAX,NYJ,2025_15_NYJ_JAX,2025,15,NA,NA,15,20,7.789016479671913,1.7215292470368206,-4.291860747590009,7.568855965853407,-6.187747300349724,9.131533415320597,0.3505,0.1635,0.3475026512940794,0.18796537223359266,strat_platt,strat_platt,2025-12-14T18:00:00Z,2026-07-18 17:43:45,2025-12-10 20:15:00,hindcast
WR,00-0036358,CeeDee Lamb,DAL,MIN,2025_15_MIN_DAL,2025,15,NA,Full Participation in Practice,15,20,8.255890246094708,1.03547666924382,-5.145696662954405,7.04595329079914,-7.0944815266107994,8.652231976549597,0.349,0.167,0.34596677917242386,0.19159042680162106,strat_platt,strat_platt,2025-12-15T01:20:00Z,2026-07-18 17:43:45,2025-12-10 20:15:00,hindcast
WR,00-0035640,DK Metcalf,PIT,MIA,2025_15_MIA_PIT,2025,15,NA,Limited Participation in Practice,15,20,7.648799042640828,1.702156023216398,-4.259813140399241,7.499481927293852,-6.139487862206205,9.048796835311734,0.347,0.156,0.34391918199178484,0.18016801378427333,strat_platt,strat_platt,2025-12-16T01:15:00Z,2026-07-18 17:43:45,2025-12-10 20:15:00,hindcast
WR,00-0038559,Michael Wilson,ARI,HOU,2025_15_ARI_HOU,2025,15,NA,NA,15,20,8.282661437948244,0.8213556025837797,-5.369285092005719,6.841038139790118,-7.321054801990683,8.449777074040671,0.3395,0.1375,0.33624313050893045,0.16075158947665308,strat_platt,strat_platt,2025-12-14T18:00:00Z,2026-07-18 17:43:45,2025-12-10 20:15:00,hindcast
WR,00-0035659,Terry McLaurin,WAS,NYG,2025_15_WAS_NYG,2025,15,NA,Did Not Participate In Practice,15,20,7.21498358581853,1.8656155236614556,-3.9340367355496193,7.5051069994233535,-5.762536589832414,9.0122412129566,0.3305,0.15,0.3270372101861625,0.1739001903193446,strat_platt,strat_platt,2025-12-14T18:00:00Z,2026-07-18 17:43:45,2025-12-10 20:15:00,hindcast
WR,00-0038124,Christian Watson,GB,DEN,2025_15_GB_DEN,2025,15,NA,NA,15,20,6.936764957377842,2.313213347594671,-3.379617448963496,7.848833297765923,-5.174438899754959,9.328208212308756,0.3265,0.1415,0.3229476629535957,0.16497291987069976,strat_platt,strat_platt,2025-12-14T21:25:00Z,2026-07-18 17:43:45,2025-12-10 20:15:00,hindcast
WR,00-0036963,Amon-Ra St. Brown,DET,LA,2025_15_DET_LA,2025,15,NA,NA,15,20,7.47545905311492,1.2986909601984507,-4.599018684163088,7.033531909165966,-6.458433825508864,8.566147933236241,0.3215,0.129,0.3178375155043984,0.15173597656643667,strat_platt,strat_platt,2025-12-14T21:25:00Z,2026-07-18 17:43:45,2025-12-10 20:15:00,hindcast
WR,00-0039915,Ladd McConkey,LAC,KC,2025_15_LAC_KC,2025,15,NA,Limited Participation in Practice,15,20,6.976073149248579,1.9492313267410448,-3.758827090518574,7.499658377976949,-5.558449467467198,8.982990438073363,0.318,0.1315,0.3142616303830869,0.15439417986221832,strat_platt,strat_platt,2025-12-14T18:00:00Z,2026-07-18 17:43:45,2025-12-10 20:15:00,hindcast
WR,00-0037239,Chris Olave,NO,CAR,2025_15_CAR_NO,2025,15,NA,NA,15,20,7.5233160211214765,1.1850343992205525,-4.730494296957044,6.937202316484006,-6.595527384378358,8.474448911741035,0.312,0.129,0.30813395871594396,0.15173597656643667,strat_platt,strat_platt,2025-12-14T21:25:00Z,2026-07-18 17:43:45,2025-12-10 20:15:00,hindcast
WR,00-0031408,Mike Evans,TB,ATL,2025_15_ATL_TB,2025,15,Questionable,Limited Participation in Practice,15,20,6.77230970736639,1.6055862884075793,-4.023037402170068,7.078772249319321,-5.797615797226106,8.541461900358378,0.3075,0.1165,0.3035402762738737,0.13835849506815226,strat_platt,strat_platt,2025-12-12T01:15:00Z,2026-07-18 17:43:45,2025-12-10 20:15:00,hindcast
WR,00-0036322,Justin Jefferson,MIN,DAL,2025_15_MIN_DAL,2025,15,NA,Limited Participation in Practice,15,20,6.962174265488053,1.9115133494220047,-3.7911659546784255,7.456709834849376,-5.589092418288086,8.938644044675062,0.307,0.1235,0.30302997955171745,0.1458680136497467,strat_platt,strat_platt,2025-12-15T01:20:00Z,2026-07-18 17:43:45,2025-12-10 20:15:00,hindcast
WR,00-0034348,Courtland Sutton,DEN,GB,2025_15_GB_DEN,2025,15,NA,NA,15,20,7.037960076000183,1.9668786346063938,-3.7650627935448044,7.540529153443251,-5.572214946415033,9.030067603376182,0.303,0.1275,0.29894843229569057,0.15013836685922657,strat_platt,strat_platt,2025-12-14T21:25:00Z,2026-07-18 17:43:45,2025-12-10 20:15:00,hindcast
WR,00-0036252,Michael Pittman,IND,SEA,2025_15_IND_SEA,2025,15,NA,NA,15,20,8.382069671160906,-0.07260616001949928,-6.298261133175085,5.981123716006126,-8.261070057305037,7.59896168151417,0.3015,0.127,0.2974182361271774,0.14960537714307265,strat_platt,strat_platt,2025-12-14T21:25:00Z,2026-07-18 17:43:45,2025-12-10 20:15:00,hindcast
WR,00-0031381,Davante Adams,LA,DET,2025_15_DET_LA,2025,15,Questionable,Limited Participation in Practice,15,20,6.811796933766568,1.5471350575464462,-4.09697968887634,7.035384279751218,-5.876442065262559,8.50209953426174,0.297,0.113,0.2928289333077922,0.13458566401021232,strat_platt,strat_platt,2025-12-14T21:25:00Z,2026-07-18 17:43:45,2025-12-10 20:15:00,hindcast
WR,00-0033555,Mack Hollins,NE,BUF,2025_15_BUF_NE,2025,15,NA,NA,15,20,6.478803737403567,1.8581325476541135,-3.653822918619242,7.217872145396172,-5.391618447805861,8.65024365586018,0.289,0.103,0.2846750861957528,0.12373575942041047,strat_platt,strat_platt,2025-12-14T18:00:00Z,2026-07-18 17:43:45,2025-12-10 20:15:00,hindcast
WR,00-0039893,Brian Thomas Jr.,JAX,NYJ,2025_15_NYJ_JAX,2025,15,NA,NA,15,20,6.590226168728481,1.8041882595774967,-3.7523792601261987,7.207307922846253,-5.504239965904583,8.651272602875565,0.2765,0.1105,0.2719480019609745,0.13188313526103418,strat_platt,strat_platt,2025-12-14T18:00:00Z,2026-07-18 17:43:45,2025-12-10 20:15:00,hindcast
WR,00-0040124,Tetairoa McMillan,CAR,NO,2025_15_CAR_NO,2025,15,NA,NA,15,20,6.797575486611341,1.4693153030009574,-4.169225760641244,6.952144762929502,-5.946930880265053,8.417411605080359,0.273,0.1025,0.2683874786570979,0.12319041101149593,strat_platt,strat_platt,2025-12-14T21:25:00Z,2026-07-18 17:43:45,2025-12-10 20:15:00,hindcast
WR,00-0039067,Rashee Rice,KC,LAC,2025_15_LAC_KC,2025,15,NA,Full Participation in Practice,15,20,7.221096458326815,0.7054658141175538,-5.096508861361756,6.347215571266424,-6.925740921235207,7.85495330253823,0.2625,0.1075,0.25771440224153463,0.12863146450380716,strat_platt,strat_platt,2025-12-14T18:00:00Z,2026-07-18 17:43:45,2025-12-10 20:15:00,hindcast
WR,00-0036309,Darnell Mooney,ATL,TB,2025_15_ATL_TB,2025,15,NA,NA,15,20,6.2113202819433155,1.9552058826817045,-3.4479730562645297,7.209172880411408,-5.151473794060658,8.61327703644849,0.26,0.09,0.25517513673067155,0.1094617506546986,strat_platt,strat_platt,2025-12-12T01:15:00Z,2026-07-18 17:43:45,2025-12-10 20:15:00,hindcast
WR,00-0033921,Chris Godwin Jr.,TB,ATL,2025_15_ATL_TB,2025,15,NA,Limited Participation in Practice,15,20,6.443401484538641,1.6686274993286776,-3.8290688121180123,7.014501717130269,-5.562368750645494,8.44316775369087,0.2485,0.089,0.24350463762998345,0.10835519404760921,strat_platt,strat_platt,2025-12-12T01:15:00Z,2026-07-18 17:43:45,2025-12-10 20:15:00,hindcast
WR,00-0035719,Deebo Samuel Sr.,WAS,NYG,2025_15_WAS_NYG,2025,15,Questionable,Did Not Participate In Practice,15,20,6.862715586336995,1.0260736096984646,-4.637947077216877,6.533679058226374,-6.423685348719425,8.00556719597679,0.247,0.099,0.24198366379871478,0.11936503020658874,strat_platt,strat_platt,2025-12-14T18:00:00Z,2026-07-18 17:43:45,2025-12-10 20:15:00,hindcast
WR,00-0038606,Parker Washington,JAX,NYJ,2025_15_NYJ_JAX,2025,15,Questionable,Full Participation in Practice,15,20,6.469723370455531,1.4615499633494888,-4.0467520802558905,6.817737029823714,-5.783395767484155,8.249159138831686,0.246,0.0905,0.24096984807827454,0.11001455084022262,strat_platt,strat_platt,2025-12-14T18:00:00Z,2026-07-18 17:43:45,2025-12-10 20:15:00,hindcast
WR,00-0039424,Devaughn Vele,NO,CAR,2025_15_CAR_NO,2025,15,NA,NA,15,20,6.2816146190012985,1.8099299973884604,-3.622070710351408,7.091922833938058,-5.33465830330435,8.503516796588018,0.238,0.0805,0.23286422997009656,0.09889607215415389,strat_platt,strat_platt,2025-12-14T21:25:00Z,2026-07-18 17:43:45,2025-12-10 20:15:00,hindcast
WR,00-0037614,John Metchie III,NYJ,JAX,2025_15_NYJ_JAX,2025,15,NA,NA,15,20,6.425400171054017,0.9530600645655221,-4.537369918138591,6.291868617535439,-6.2683789467195545,7.718646380081452,0.237,0.0855,0.2318516535919484,0.10447202396531922,strat_platt,strat_platt,2025-12-14T18:00:00Z,2026-07-18 17:43:45,2025-12-10 20:15:00,hindcast
WR,00-0036407,Jerry Jeudy,CLE,CHI,2025_15_CLE_CHI,2025,15,NA,NA,15,20,6.433903958679188,1.2248001147778114,-4.269063804139076,6.566947773806975,-6.001155475537927,7.994617900674512,0.235,0.088,0.22982692735322643,0.10724735109086467,strat_platt,strat_platt,2025-12-14T18:00:00Z,2026-07-18 17:43:45,2025-12-10 20:15:00,hindcast
WR,00-0039894,Xavier Worthy,KC,LAC,2025_15_LAC_KC,2025,15,NA,NA,15,20,6.34501262535773,1.183010161210364,-4.2748392085624225,6.490137833898279,-5.995576303010997,7.908448992887381,0.222,0.0875,0.21668052114208688,0.10669294289981483,strat_platt,strat_platt,2025-12-14T18:00:00Z,2026-07-18 17:43:45,2025-12-10 20:15:00,hindcast
WR,00-0039491,Jalen Coker,CAR,NO,2025_15_CAR_NO,2025,15,NA,NA,15,20,5.700167385797076,1.9249061000765064,-3.2633066810854903,6.969843355983999,-4.899033426473723,8.318085050503004,0.221,0.067,0.21567032010927617,0.08365780413308695,strat_platt,strat_platt,2025-12-14T21:25:00Z,2026-07-18 17:43:45,2025-12-10 20:15:00,hindcast
WR,00-0039146,Jayden Reed,GB,DEN,2025_15_GB_DEN,2025,15,NA,Full Participation in Practice,15,20,6.067174003235804,1.2671060149511029,-4.076427854156985,6.463075076271908,-5.761123843559014,7.851679488289186,0.215,0.067,0.20961242580291295,0.08365780413308695,strat_platt,strat_platt,2025-12-14T21:25:00Z,2026-07-18 17:43:45,2025-12-10 20:15:00,hindcast
WR,00-0037816,Romeo Doubs,GB,DEN,2025_15_GB_DEN,2025,15,NA,NA,15,20,5.72807006283507,1.7279198698958507,-3.4722835334656175,6.78451661996967,-5.111790652221869,8.135874273196317,0.2145,0.0695,0.20910786141412677,0.08650126002762545,strat_platt,strat_platt,2025-12-14T21:25:00Z,2026-07-18 17:43:45,2025-12-10 20:15:00,hindcast
WR,00-0036040,Juwan Johnson,NO,CAR,2025_15_CAR_NO,2025,15,NA,NA,15,20,6.000604808608669,1.4144932912663633,-3.901243319925059,6.583432732178182,-5.5771754593963685,7.964813573440494,0.213,0.07,0.20759441222813693,0.08706872093643905,strat_platt,strat_platt,2025-12-14T21:25:00Z,2026-07-18 17:43:45,2025-12-10 20:15:00,hindcast
WR,00-0031588,Stefon Diggs,NE,BUF,2025_15_BUF_NE,2025,15,NA,NA,15,20,5.969647860678538,1.1452315042518815,-4.157523051091628,6.301547396368013,-5.82936224047468,7.679554638721992,0.2065,0.072,0.20104043406745875,0.08933455521985417,strat_platt,strat_platt,2025-12-14T18:00:00Z,2026-07-18 17:43:45,2025-12-10 20:15:00,hindcast
WR,00-0038563,Tre Tucker,LV,PHI,2025_15_LV_PHI,2025,15,NA,NA,15,20,6.720890875586392,0.27447258215929465,-5.33390766042028,5.727974129709209,-7.102103751838049,7.185403190679385,0.2065,0.0725,0.20104043406745875,0.08990002467575374,strat_platt,strat_platt,2025-12-14T18:00:00Z,2026-07-18 17:43:45,2025-12-10 20:15:00,hindcast
WR,00-0037261,Khalil Shakir,BUF,NE,2025_15_BUF_NE,2025,15,NA,NA,15,20,6.026504074630147,0.7669895001553358,-4.559581080767379,5.94646372439856,-6.238928927110339,7.330659949363314,0.2055,0.067,0.20003276143424797,0.08365780413308695,strat_platt,strat_platt,2025-12-14T18:00:00Z,2026-07-18 17:43:45,2025-12-10 20:15:00,hindcast
WR,00-0039868,Troy Franklin,DEN,GB,2025_15_GB_DEN,2025,15,NA,NA,15,20,6.056469424111636,1.0075808093902252,-4.331494044615387,6.199213993914147,-6.014784206891804,7.58665965814462,0.204,0.0585,0.19852157406826437,0.07390902321691833,strat_platt,strat_platt,2025-12-14T21:25:00Z,2026-07-18 17:43:45,2025-12-10 20:15:00,hindcast
WR,00-0039916,Ricky Pearsall,SF,TEN,2025_15_TEN_SF,2025,15,NA,NA,15,20,6.036626876986119,1.1084796630346117,-4.222318732043085,6.292064947876385,-5.902999513055368,7.677359839291583,0.204,0.057,0.19852157406826437,0.07217481458709386,strat_platt,strat_platt,2025-12-14T21:25:00Z,2026-07-18 17:43:45,2025-12-10 20:15:00,hindcast
WR,00-0030279,Keenan Allen,LAC,KC,2025_15_LAC_KC,2025,15,NA,Full Participation in Practice,15,20,6.129681205562834,0.9561337868281362,-4.413355156036121,6.177341157388641,-6.106234196155662,7.572690418566586,0.2005,0.0695,0.19499698916171265,0.08650126002762545,strat_platt,strat_platt,2025-12-14T18:00:00Z,2026-07-18 17:43:45,2025-12-10 20:15:00,hindcast
WR,00-0035535,Darius Slayton,NYG,WAS,2025_15_WAS_NYG,2025,15,NA,NA,15,20,5.713101515188839,1.6477454276646668,-3.5460293779456133,6.69809110946774,-5.183509704486415,8.04777818673865,0.2005,0.07,0.19499698916171265,0.08706872093643905,strat_platt,strat_platt,2025-12-14T18:00:00Z,2026-07-18 17:43:45,2025-12-10 20:15:00,hindcast
WR,00-0033908,Cooper Kupp,SEA,IND,2025_15_IND_SEA,2025,15,NA,Limited Participation in Practice,15,20,6.1772245514454065,0.5121817650636595,-4.87695545397872,5.7524948131833575,-6.576029153454181,7.152949999327402,0.1945,0.0665,0.18895990216745914,0.08308786270818999,strat_platt,strat_platt,2025-12-14T21:25:00Z,2026-07-18 17:43:45,2025-12-10 20:15:00,hindcast
WR,00-0040735,Luther Burden III,CHI,CLE,2025_15_CLE_CHI,2025,15,NA,NA,15,20,6.067654646964,0.7722274290939681,-4.571506555831873,5.968391079917376,-6.2562656372482595,7.357047495293154,0.191,0.062,0.18544129754429034,0.07793895575056159,strat_platt,strat_platt,2025-12-14T18:00:00Z,2026-07-18 17:43:45,2025-12-10 20:15:00,hindcast
WR,00-0036415,Van Jefferson,TEN,SF,2025_15_TEN_SF,2025,15,NA,NA,15,20,5.576621944374467,1.3297328900299556,-3.8050131102624416,6.32267988143984,-5.423882982745275,7.657027361075862,0.185,0.055,0.179414763716372,0.069855660089188365,strat_platt,strat_platt,2025-12-14T21:25:00Z,2026-07-18 17:43:45,2025-12-10 20:15:00,hindcast
WR,00-0040705,Chimere Dike,TEN,SF,2025_15_TEN_SF,2025,15,NA,NA,15,20,6.045060924431008,0.797426193982707,-4.5368918486654,5.984433929272176,-6.218682295357966,7.370643458502859,0.18,0.0585,0.17439798020598388,0.07390902321691833,strat_platt,strat_platt,2025-12-14T21:25:00Z,2026-07-18 17:43:45,2025-12-10 20:15:00,hindcast
WR,00-0039890,Adonai Mitchell,NYJ,JAX,2025_15_NYJ_JAX,2025,15,NA,NA,15,20,6.707317799666579,-0.38896952957598624,-5.991992479457149,5.05932267004141,-7.758499537036236,6.515359551143411,0.1735,0.0555,0.16788367019331746,0.07043619780793384,strat_platt,strat_platt,2025-12-14T18:00:00Z,2026-07-18 17:43:45,2025-12-10 20:15:00,hindcast
WR,00-0038997,Josh Downs,IND,SEA,2025_15_IND_SEA,2025,15,NA,Full Participation in Practice,15,20,6.08977587785331,-0.06953758270351329,-5.422472705071939,5.1355731107796245,-7.110132698081133,6.526620591761295,0.159,0.0515,0.15338406587477657,0.06577746356032484,strat_platt,strat_platt,2025-12-14T21:25:00Z,2026-07-18 17:43:45,2025-12-10 20:15:00,hindcast
WR,00-0034827,DJ Moore,CHI,CLE,2025_15_CLE_CHI,2025,15,NA,NA,15,20,5.921234205847054,0.1553221217574256,-5.127058393445197,5.291826614747191,-6.792474106425919,6.664539330534432,0.147,0.0425,0.14142064674242663,0.055164883866907224,strat_platt,strat_platt,2025-12-14T18:00:00Z,2026-07-18 17:43:45,2025-12-10 20:15:00,hindcast
WR,00-0039342,Xavier Legette,CAR,NO,2025_15_CAR_NO,2025,15,NA,NA,15,20,5.421306852283686,0.8984298785727824,-4.1682063712982975,5.825148010087275,-5.765602772070337,7.1417960604217985,0.143,0.035,0.13744064576891962,0.04616203555070025,strat_platt,strat_platt,2025-12-14T21:25:00Z,2026-07-18 17:43:45,2025-12-10 20:15:00,hindcast
WR,00-0035359,David Sills,ATL,TB,2025_15_ATL_TB,2025,15,NA,NA,15,20,5.228832121555132,0.7172150077811652,-4.263572295899797,5.560454961880212,-5.833902455700293,6.854793763622562,0.138,0.041,0.13247140282987846,0.05337679646098464,strat_platt,strat_platt,2025-12-12T01:15:00Z,2026-07-18 17:43:45,2025-12-10 20:15:00,hindcast
WR,00-0031610,Darren Waller,MIA,PIT,2025_15_MIA_PIT,2025,15,NA,Full Participation in Practice,15,20,5.061638648656319,1.0445013891297925,-3.8603506332240984,5.813903059032839,-5.406740107508329,7.088508839658184,0.1345,0.036,0.12899685336896566,0.04737180823998758,strat_platt,strat_platt,2025-12-16T01:15:00Z,2026-07-18 17:43:45,2025-12-10 20:15:00,hindcast
WR,00-0032211,Tyler Lockett,LV,PHI,2025_15_LV_PHI,2025,15,NA,NA,15,20,5.187769025258429,0.692245400038367,-4.2700120541571,5.5174672172646995,-5.834500169371164,6.806990735455031,0.1305,0.033,0.1250300136027049,0.04373308216607285,strat_platt,strat_platt,2025-12-14T18:00:00Z,2026-07-18 17:43:45,2025-12-10 20:15:00,hindcast
WR,00-0037545,Rashid Shaheed,SEA,IND,2025_15_IND_SEA,2025,15,NA,NA,15,20,5.081682338101847,0.5819347443084806,-4.3320897168744,5.3602555507866345,-5.881371054724344,6.637244939215146,0.1195,0.0355,0.11414466445461492,0.04676730502430926,strat_platt,strat_platt,2025-12-14T21:25:00Z,2026-07-18 17:43:45,2025-12-10 20:15:00,hindcast
WR,00-0039410,Ryan Flournoy,DAL,MIN,2025_15_MIN_DAL,2025,15,NA,NA,15,20,5.33377659830032,0.08290584252217151,-4.944892222138421,4.97185832798767,-6.5300438170455575,6.278413642567339,0.1175,0.0355,0.11216936987280295,0.04676730502430926,strat_platt,strat_platt,2025-12-15T01:20:00Z,2026-07-18 17:43:45,2025-12-10 20:15:00,hindcast
WR,00-0037291,Jalen Nailor,MIN,DAL,2025_15_MIN_DAL,2025,15,NA,NA,15,20,4.9644770219626695,1.336664552899073,-3.523450301260068,6.0625644976282835,-5.055735153082631,7.325544595576565,0.1495,0.042,0.10297892301097454,0.031523180164892084,strat_platt,strat_platt,2025-12-15T01:20:00Z,2026-07-18 17:43:45,2025-12-10 20:15:00,hindcast
WR,00-0040727,Tre Harris,LAC,KC,2025_15_LAC_KC,2025,15,NA,NA,15,20,4.964659290366247,1.0154982282503833,-3.844700979835884,5.741480197423769,-5.377012426553549,7.00448221611556,0.12,0.0305,0.0997736945132551,0.027323768929937105,strat_platt,strat_platt,2025-12-14T18:00:00Z,2026-07-18 17:43:45,2025-12-10 20:15:00,hindcast
WR,00-0040782,Isaiah Bond,CLE,CHI,2025_15_CLE_CHI,2025,15,NA,NA,15,20,4.744366798843484,0.794605498281167,-3.9624228867959532,5.420265766962364,-5.462206894555731,6.6564571649055555,0.1195,0.0335,0.09971466715507815,0.02849050359274229,strat_platt,strat_platt,2025-12-14T18:00:00Z,2026-07-18 17:43:45,2025-12-10 20:15:00,hindcast
WR,00-0035406,Lil'Jordan Humphrey,DEN,GB,2025_15_GB_DEN,2025,15,NA,NA,15,20,4.872328444688082,0.685469208427551,-4.131788133955823,5.3696951765924,-5.650560976689832,6.621538051235341,0.1135,0.0245,0.09899164912176776,0.024789025929192177,strat_platt,strat_platt,2025-12-14T21:25:00Z,2026-07-18 17:43:45,2025-12-10 20:15:00,hindcast
WR,00-0038976,Marvin Mims Jr.,DEN,GB,2025_15_GB_DEN,2025,15,NA,NA,15,20,4.4928390543117835,1.0692519327517027,-3.5668382403259615,5.577313768771423,-5.028493151178762,6.782077400206987,0.111,0.0245,0.09868197020661792,0.024789025929192177,strat_platt,strat_platt,2025-12-14T21:25:00Z,2026-07-18 17:43:45,2025-12-10 20:15:00,hindcast
WR,00-0040667,Matthew Golden,GB,DEN,2025_15_GB_DEN,2025,15,NA,Full Participation in Practice,15,20,4.903090542432815,0.6856834169705376,-4.145928263911849,5.383867320195513,-5.669226706575076,6.639440403771263,0.109,0.028,0.09843043937197761,0.02630360127694092,strat_platt,strat_platt,2025-12-14T21:25:00Z,2026-07-18 17:43:45,2025-12-10 20:15:00,hindcast
WR,00-0040729,Jack Bech,LV,PHI,2025_15_LV_PHI,2025,15,NA,NA,15,20,4.80488092458794,0.4565089690348118,-4.329107560891058,5.109967904252663,-5.837904767434802,6.353588397816988,0.1045,0.027,0.0978515069285575,0.025881847948016245,strat_platt,strat_platt,2025-12-14T18:00:00Z,2026-07-18 17:43:45,2025-12-10 20:15:00,hindcast
WR,00-0035208,Olamide Zaccheaus,CHI,CLE,2025_15_CLE_CHI,2025,15,NA,Full Participation in Practice,15,20,4.880600258715619,0.44528991920482996,-4.375831937258099,5.133273680636509,-5.895823174322581,6.3861208122810185,0.1,0.0205,0.09725333438836418,0.02290611190591148,strat_platt,strat_platt,2025-12-14T18:00:00Z,2026-07-18 17:43:45,2025-12-10 20:15:00,hindcast
WR,00-0039451,Isaiah Williams,NYJ,JAX,2025_15_NYJ_JAX,2025,15,NA,NA,15,20,4.861540943859035,0.010822015161553518,-4.801390306816366,4.690142284105141,-6.31857256813895,5.940674127927404,0.0975,0.0225,0.09691207952295078,0.023870392673050893,strat_platt,strat_platt,2025-12-14T18:00:00Z,2026-07-18 17:43:45,2025-12-10 20:15:00,hindcast
WR,00-0033307,Kendrick Bourne,SF,TEN,2025_15_TEN_SF,2025,15,NA,NA,15,20,4.456943399543967,0.8928894376554565,-3.725653225580435,5.383888348563354,-5.181775801431987,6.584091973422171,0.094,0.0245,0.09642283891448183,0.024789025929192177,strat_platt,strat_platt,2025-12-14T21:25:00Z,2026-07-18 17:43:45,2025-12-10 20:15:00,hindcast
WR,00-0031236,Brandin Cooks,BUF,NE,2025_15_BUF_NE,2025,15,NA,NA,15,20,4.621983473092741,0.4941967990917918,-4.204421562594933,5.063060071283065,-5.685790204314727,6.2840726721656,0.0925,0.019,0.0962088513932271,0.0221486276480343,strat_platt,strat_platt,2025-12-14T18:00:00Z,2026-07-18 17:43:45,2025-12-10 20:15:00,hindcast
WR,00-0038104,Tyquan Thornton,KC,LAC,2025_15_LAC_KC,2025,15,NA,NA,15,20,4.533974819357496,0.5098125631975251,-4.146296085861442,5.037340053295901,-5.614262371737916,6.247305812153209,0.0825,0.0215,0.09470868863402339,0.02339437332953644,strat_platt,strat_platt,2025-12-14T18:00:00Z,2026-07-18 17:43:45,2025-12-10 20:15:00,hindcast
WR,00-0037231,Kevin Austin Jr.,NO,CAR,2025_15_CAR_NO,2025,15,NA,NA,15,20,4.4310272080530675,0.3294280156776609,-4.27639920946483,4.80806263273942,-5.728512893806722,6.0049619436611055,0.078,0.015,0.0939865777177655,0.019951414641284977,strat_platt,strat_platt,2025-12-14T21:25:00Z,2026-07-18 17:43:45,2025-12-10 20:15:00,hindcast
WR,00-0038640,Jalen Brooks,ARI,HOU,2025_15_ARI_HOU,2025,15,NA,NA,15,20,4.551635889076823,-0.18738510657058416,-4.852059020035049,4.34847111315563,-6.3227257410440725,5.560662695641066,0.0745,0.018,0.09340173230512522,0.021625265601576592,strat_platt,strat_platt,2025-12-14T18:00:00Z,2026-07-18 17:43:45,2025-12-10 20:15:00,hindcast
QB,00-0036389,Jalen Hurts,PHI,LV,2025_15_LV_PHI,2025,15,NA,NA,20,25,6.93390120192036,5.478897839615014,-7.960795691954727,18.918591371184753,-11.401263039659716,22.35905871888974,0.5165,0.314,0.5165,0.3025753980478065,raw,platt,2025-12-14T18:00:00Z,2026-07-18 17:45:13,2025-12-12 12:00:00,rescore
QB,00-0034857,Josh Allen,BUF,NE,2025_15_BUF_NE,2025,15,NA,NA,20,25,5.434985499375528,5.484063749273873,-7.955629782295868,18.923757280843613,-11.396097130000857,22.3642246285486,0.501,0.2795,0.501,0.267669321195992,raw,platt,2025-12-14T18:00:00Z,2026-07-18 17:45:13,2025-12-12 12:00:00,rescore
QB,00-0034796,Lamar Jackson,BAL,CIN,2025_15_BAL_CIN,2025,15,NA,Full Participation in Practice,20,25,5.216094959489634,6.1406353770180475,-7.299058154551694,19.580328908587788,-10.739525502256683,23.020796256292776,0.464,0.251,0.464,0.23901417096363842,raw,platt,2025-12-14T18:00:00Z,2026-07-18 17:45:13,2025-12-12 12:00:00,rescore
QB,00-0036355,Justin Herbert,LAC,KC,2025_15_LAC_KC,2025,15,NA,Limited Participation in Practice,20,25,4.158664629411894,3.7675361991765,-9.67215733239324,17.207229730746242,-13.112624680098229,20.64769707845123,0.4015,0.198,0.4015,0.18623699937898827,raw,platt,2025-12-14T18:00:00Z,2026-07-18 17:45:13,2025-12-12 12:00:00,rescore
QB,00-0037834,Brock Purdy,SF,TEN,2025_15_TEN_SF,2025,15,NA,NA,20,25,2.732476979241321,5.440006486453121,-7.99968704511662,18.879700018022863,-11.440154392821608,22.32016736572785,0.39,0.2085,0.39,0.19663445433534998,raw,platt,2025-12-14T21:25:00Z,2026-07-18 17:45:13,2025-12-12 12:00:00,rescore
QB,00-0039732,Bo Nix,DEN,GB,2025_15_GB_DEN,2025,15,NA,NA,20,25,4.43322297927373,1.977249713364824,-11.462443818204918,15.416943244934565,-14.902911165909906,18.857410592639553,0.385,0.211,0.385,0.19911454337117507,raw,platt,2025-12-14T21:25:00Z,2026-07-18 17:45:13,2025-12-12 12:00:00,rescore
QB,00-0036971,Trevor Lawrence,JAX,NYJ,2025_15_NYJ_JAX,2025,15,NA,Full Participation in Practice,20,25,3.48049574546877,3.8946121237084412,-9.5450814078613,17.334305655278182,-12.985548755566288,20.77477300298317,0.364,0.1735,0.364,0.1621021828266071,raw,platt,2025-12-14T18:00:00Z,2026-07-18 17:45:13,2025-12-12 12:00:00,rescore
QB,00-0040691,Jaxson Dart,NYG,WAS,2025_15_WAS_NYG,2025,15,NA,NA,20,25,5.32859997758589,2.3888910741760307,-11.050802457393711,15.828584605745771,-14.4912698050987,19.26905195345076,0.3445,0.1655,0.3445,0.15426227973638654,raw,platt,2025-12-14T18:00:00Z,2026-07-18 17:45:13,2025-12-12 12:00:00,rescore
QB,00-0039851,Drake Maye,NE,BUF,2025_15_BUF_NE,2025,15,NA,NA,20,25,3.5252468185164023,1.8092533396591683,-11.630440191910573,15.24894687122891,-15.070907539615561,18.689414218933898,0.34,0.169,0.34,0.15768964431635749,raw,platt,2025-12-14T18:00:00Z,2026-07-18 17:45:13,2025-12-12 12:00:00,rescore
QB,00-0034869,Sam Darnold,SEA,IND,2025_15_IND_SEA,2025,15,NA,NA,20,25,2.153038976368353,3.7845874260989354,-9.655106105470805,17.224280957668675,-13.095573453175794,20.664748305373664,0.315,0.162,0.315,0.15083902751512757,raw,platt,2025-12-14T21:25:00Z,2026-07-18 17:45:13,2025-12-12 12:00:00,rescore
QB,00-0033873,Patrick Mahomes,KC,LAC,2025_15_LAC_KC,2025,15,NA,Full Participation in Practice,20,25,2.6955190643510822,2.2563595564153127,-11.18333397515443,15.696053087985053,-14.623801322859418,19.13652043569004,0.311,0.1435,0.311,0.13281612703463158,raw,platt,2025-12-14T18:00:00Z,2026-07-18 17:45:13,2025-12-12 12:00:00,rescore
QB,00-0033106,Jared Goff,DET,LA,2025_15_DET_LA,2025,15,NA,NA,20,25,1.3804781114521651,4.714049788739686,-8.725643742830055,18.153743320309427,-12.166111090535043,21.594210668014416,0.3055,0.157,0.3055,0.14595594900423217,raw,platt,2025-12-14T21:25:00Z,2026-07-18 17:45:13,2025-12-12 12:00:00,rescore
QB,00-0036442,Joe Burrow,CIN,BAL,2025_15_BAL_CIN,2025,15,NA,NA,20,25,1.6410442429142071,2.7102516505474727,-10.729441881022268,16.149945182117214,-14.169909228727256,19.590412529822203,0.2955,0.1385,0.2955,0.12796672447507687,raw,platt,2025-12-14T18:00:00Z,2026-07-18 17:45:13,2025-12-12 12:00:00,rescore
QB,00-0039163,C.J. Stroud,HOU,ARI,2025_15_ARI_HOU,2025,15,NA,NA,20,25,2.374737851306567,1.7642409509920332,-11.675452580577709,15.203934482561774,-15.115919928282697,18.644401830266762,0.275,0.1285,0.275,0.11829736149008822,raw,platt,2025-12-14T18:00:00Z,2026-07-18 17:45:13,2025-12-12 12:00:00,rescore
QB,00-0040743,Tyler Shough,NO,CAR,2025_15_CAR_NO,2025,15,NA,NA,20,25,4.457330484157064,-1.307788521458456,-14.747482053028197,12.131905010111286,-18.187949400733185,15.572372357816274,0.273,0.11,0.273,0.10051993276938381,raw,platt,2025-12-14T21:25:00Z,2026-07-18 17:45:13,2025-12-12 12:00:00,rescore
QB,00-0036264,Jordan Love,GB,DEN,2025_15_GB_DEN,2025,15,NA,Full Participation in Practice,20,25,1.5647796404581285,4.454624571698686,-8.985068959871056,17.894318103268425,-12.425536307576044,21.334785450973413,0.2715,0.12,0.2715,0.11011076566607816,raw,platt,2025-12-14T21:25:00Z,2026-07-18 17:45:13,2025-12-12 12:00:00,rescore
QB,00-0039150,Bryce Young,CAR,NO,2025_15_CAR_NO,2025,15,NA,NA,20,25,2.80384766230152,1.4836404446709333,-11.956053086898809,14.923333976240674,-15.396520434603797,18.363801323945662,0.2655,0.114,0.2655,0.10435084671098092,raw,platt,2025-12-14T21:25:00Z,2026-07-18 17:45:13,2025-12-12 12:00:00,rescore
QB,00-0033077,Dak Prescott,DAL,MIN,2025_15_MIN_DAL,2025,15,NA,NA,20,25,1.7752746574787024,-0.39645735932097953,-13.836150890890721,13.043236172248761,-17.27661823859571,16.48370351995375,0.264,0.116,0.264,0.1062690379143303,raw,platt,2025-12-15T01:20:00Z,2026-07-18 17:45:13,2025-12-12 12:00:00,rescore
QB,00-0026498,Matthew Stafford,LA,DET,2025_15_DET_LA,2025,15,NA,NA,20,25,1.2569610358903043,2.521357539956473,-10.918335991613269,15.961051071526214,-14.358803339318257,19.401518419231202,0.2625,0.114,0.2625,0.10435084671098092,raw,platt,2025-12-14T21:25:00Z,2026-07-18 17:45:13,2025-12-12 12:00:00,rescore
QB,00-0040676,Cam Ward,TEN,SF,2025_15_TEN_SF,2025,15,NA,NA,20,25,3.09523449954326,-0.9705122359631777,-14.410205767532918,12.469181295606564,-17.850673115237907,15.909648643311552,0.2575,0.1045,0.2575,0.09526465822611435,raw,platt,2025-12-14T21:25:00Z,2026-07-18 17:45:13,2025-12-12 12:00:00,rescore
QB,00-0039923,J.J. McCarthy,MIN,DAL,2025_15_MIN_DAL,2025,15,NA,NA,20,25,2.8416371666542237,0.4816582128327633,-12.958035318736979,13.921351744402504,-16.398502666441967,17.361819092107492,0.241,0.097,0.241,0.08812217276900708,raw,platt,2025-12-15T01:20:00Z,2026-07-18 17:45:13,2025-12-12 12:00:00,rescore
QB,00-0036212,Tua Tagovailoa,MIA,PIT,2025_15_MIA_PIT,2025,15,NA,NA,20,25,1.2231006617164508,2.842788056519111,-10.59690547505063,16.282481588088853,-14.037372822755618,19.72294893579384,0.2255,0.0875,0.2255,0.07911683083640697,raw,platt,2025-12-16T01:15:00Z,2026-07-18 17:45:13,2025-12-12 12:00:00,rescore
QB,00-0032268,Marcus Mariota,WAS,NYG,2025_15_WAS_NYG,2025,15,NA,NA,20,25,4.62843034939848,-2.2769566383615416,-15.716650169931283,11.1627368932082,-19.157117517636273,14.603204240913188,0.2185,0.092,0.2185,0.08337649475676477,raw,platt,2025-12-14T18:00:00Z,2026-07-18 17:45:13,2025-12-12 12:00:00,rescore
QB,00-0039918,Caleb Williams,CHI,CLE,2025_15_CLE_CHI,2025,15,NA,NA,20,25,3.091460467241062,-2.3259487948285473,-15.76564232639829,11.113744736741193,-19.206109674103278,14.554212084446181,0.206,0.088,0.206,0.07958957751516833,raw,platt,2025-12-14T18:00:00Z,2026-07-18 17:45:13,2025-12-12 12:00:00,rescore
QB,00-0033119,Jacoby Brissett,ARI,HOU,2025_15_ARI_HOU,2025,15,NA,NA,20,25,2.12371749179619,-6.1346794161156115,-19.574372947685355,7.30501411545413,-23.014840295390343,10.745481463159118,0.1615,0.053,0.1615,0.046875387737522076,raw,platt,2025-12-14T18:00:00Z,2026-07-18 17:45:13,2025-12-12 12:00:00,rescore
QB,00-0023459,Aaron Rodgers,PIT,MIA,2025_15_MIA_PIT,2025,15,NA,Full Participation in Practice,20,25,1.3173362299348084,-2.1027995191472035,-15.542493050716946,11.336894012422537,-18.982960398421934,14.777361360127525,0.1475,0.0495,0.1475,0.04365278716613726,raw,platt,2025-12-16T01:15:00Z,2026-07-18 17:45:13,2025-12-12 12:00:00,rescore
QB,00-0040668,Shedeur Sanders,CLE,CHI,2025_15_CLE_CHI,2025,15,NA,NA,20,25,2.5030070908838344,-4.61415288415572,-18.05384641572546,8.825540647414021,-21.494313763430448,12.26600799511901,0.1405,0.0455,0.1405,0.0399829175892654,raw,platt,2025-12-14T18:00:00Z,2026-07-18 17:45:13,2025-12-12 12:00:00,rescore
QB,00-0040398,Brady Cook,NYJ,JAX,2025_15_NYJ_JAX,2025,15,NA,Full Participation in Practice,20,25,1.760277361433143,-7.896856706963048,-21.336550238532787,5.5428368246066935,-24.777017586237776,8.983304172311682,0.0945,0.028,0.0945,0.02411972648271924,raw,platt,2025-12-14T18:00:00Z,2026-07-18 17:45:13,2025-12-12 12:00:00,rescore
QB,00-0022942,Philip Rivers,IND,SEA,2025_15_IND_SEA,2025,15,NA,NA,20,25,2.6773442332924096,-9.515933023565013,-22.955626555134756,3.9237605080047278,-26.396093902839745,7.364227855709716,0.0635,0.0155,0.0635,0.01304518789078144,raw,platt,2025-12-14T21:25:00Z,2026-07-18 17:45:13,2025-12-12 12:00:00,rescore
QB,00-0038102,Kenny Pickett,LV,PHI,2025_15_LV_PHI,2025,15,NA,NA,20,25,1.9419335051999695,-7.499855562226403,-20.939549093796145,5.939837969343338,-24.380016441501134,9.380305317048325,0.0635,0.015,0.0635,0.012608425694754365,raw,platt,2025-12-14T18:00:00Z,2026-07-18 17:45:13,2025-12-12 12:00:00,rescore
RB,00-0034844,Saquon Barkley,PHI,LV,2025_15_LV_PHI,2025,15,NA,NA,15,20,23.978839341880363,-0.5509973662966177,-7.129677137565801,6.027682404972565,-9.423757403622236,8.321762671029003,0.69,0.4325,0.69,0.4534287108819196,raw,platt,2025-12-14T18:00:00Z,2026-07-18 17:45:13,2025-12-12 12:00:00,rescore
RB,00-0040122,Ashton Jeanty,LV,PHI,2025_15_LV_PHI,2025,15,NA,NA,15,20,23.74454540375838,-2.182103539611138,-8.723822230210619,4.359615150988342,-11.005013635777631,6.640806556555356,0.6195,0.3615,0.6195,0.38424052467652386,raw,platt,2025-12-14T18:00:00Z,2026-07-18 17:45:13,2025-12-12 12:00:00,rescore
RB,00-0036223,Jonathan Taylor,IND,SEA,2025_15_IND_SEA,2025,15,NA,NA,15,20,22.755064755435562,-1.7182834355218701,-8.102161766540146,4.665594895496405,-10.328311968295434,6.891745097251693,0.572,0.314,0.572,0.3373082630363269,raw,platt,2025-12-14T21:25:00Z,2026-07-18 17:45:13,2025-12-12 12:00:00,rescore
RB,00-0036997,Javonte Williams,DAL,MIN,2025_15_MIN_DAL,2025,15,NA,NA,15,20,22.102191688714548,-2.359637798861791,-8.637765101462083,3.9184895037385017,-10.827038398451712,6.107762800728131,0.5345,0.2735,0.5345,0.29679981814254625,raw,platt,2025-12-15T01:20:00Z,2026-07-18 17:45:13,2025-12-12 12:00:00,rescore
RB,00-0038120,Breece Hall,NYJ,JAX,2025_15_NYJ_JAX,2025,15,NA,Full Participation in Practice,15,20,21.21641707573344,-1.7805934097951694,-7.9130915060576505,4.3519046864673125,-10.051581804020627,6.490394984430287,0.524,0.2795,0.524,0.302832586463192,raw,platt,2025-12-14T18:00:00Z,2026-07-18 17:45:13,2025-12-12 12:00:00,rescore
RB,00-0033280,Christian McCaffrey,SF,TEN,2025_15_TEN_SF,2025,15,NA,Full Participation in Practice,15,20,20.31000470040024,-1.29670133025759,-7.277468436144988,4.684065775629809,-9.363047955217517,6.769645294702337,0.5105,0.265,0.5105,0.28823347775053204,raw,platt,2025-12-14T21:25:00Z,2026-07-18 17:45:13,2025-12-12 12:00:00,rescore
RB,00-0039040,De'Von Achane,MIA,PIT,2025_15_MIA_PIT,2025,15,NA,Full Participation in Practice,15,20,18.931523012449063,-0.4430136415969199,-6.187374984903367,5.301347701709527,-8.190516414028501,7.304489130834662,0.501,0.267,0.501,0.2902512210750772,raw,platt,2025-12-16T01:15:00Z,2026-07-18 17:45:13,2025-12-12 12:00:00,rescore
RB,00-0037248,James Cook,BUF,NE,2025_15_BUF_NE,2025,15,NA,NA,15,20,19.472546176623773,-1.0056212117009022,-6.843613670454015,4.832371247052212,-8.879405616355044,6.868163192953238,0.483,0.256,0.483,0.2791370213008952,raw,platt,2025-12-14T18:00:00Z,2026-07-18 17:45:13,2025-12-12 12:00:00,rescore
RB,00-0040583,Woody Marks,HOU,ARI,2025_15_ARI_HOU,2025,15,NA,Full Participation in Practice,15,20,19.443747094248987,-1.2475580781803726,-7.08059464455955,4.585478488198806,-9.11465839950266,6.619542243141915,0.4825,0.2525,0.4825,0.2755920332349199,raw,platt,2025-12-14T18:00:00Z,2026-07-18 17:45:13,2025-12-12 12:00:00,rescore
RB,00-0039139,Jahmyr Gibbs,DET,LA,2025_15_DET_LA,2025,15,NA,NA,15,20,19.05792253321557,-0.750882608267023,-6.517220056415252,5.0154548398812056,-8.528024869409974,7.026259652875927,0.4805,0.2515,0.4805,0.2745783970765652,raw,platt,2025-12-14T21:25:00Z,2026-07-18 17:45:13,2025-12-12 12:00:00,rescore
RB,00-0040784,Quinshon Judkins,CLE,CHI,2025_15_CLE_CHI,2025,15,NA,NA,15,20,19.16664996576182,-0.9338042749769496,-6.718995667862294,4.851387117908394,-8.736375122587964,6.8687665726340645,0.478,0.2505,0.478,0.2735644107077133,raw,platt,2025-12-14T18:00:00Z,2026-07-18 17:45:13,2025-12-12 12:00:00,rescore
RB,00-0038597,Chase Brown,CIN,BAL,2025_15_BAL_CIN,2025,15,NA,NA,15,20,19.259353904096773,-1.3936761649634188,-7.194906966732433,4.407554636805595,-9.21787959405178,6.430527264124943,0.4625,0.23,0.4625,0.2526982005294389,raw,platt,2025-12-14T18:00:00Z,2026-07-18 17:45:13,2025-12-12 12:00:00,rescore
RB,00-0040734,TreVeyon Henderson,NE,BUF,2025_15_BUF_NE,2025,15,NA,NA,15,20,18.306368400661476,-0.7969102976563485,-6.43164828385383,4.837827688541134,-8.396562471497957,6.8027418761852605,0.448,0.2325,0.448,0.2552511816556538,raw,platt,2025-12-14T18:00:00Z,2026-07-18 17:45:13,2025-12-12 12:00:00,rescore
RB,00-0032764,Derrick Henry,BAL,CIN,2025_15_BAL_CIN,2025,15,NA,NA,15,20,18.04394441349522,-0.5210661474870828,-6.109312556599447,5.067180261625282,-8.058014462564413,7.015882167590247,0.446,0.2155,0.446,0.23784312924906334,raw,platt,2025-12-14T18:00:00Z,2026-07-18 17:45:13,2025-12-12 12:00:00,rescore
RB,00-0035700,Josh Jacobs,GB,DEN,2025_15_GB_DEN,2025,15,Questionable,Limited Participation in Practice,15,20,18.69308294454046,-1.1734238435342719,-6.87615848690729,4.529310799838747,-8.864784086993994,6.51793639992545,0.439,0.2135,0.439,0.2357875873467482,raw,platt,2025-12-14T21:25:00Z,2026-07-18 17:45:13,2025-12-12 12:00:00,rescore
RB,00-0040202,Devin Neal,NO,CAR,2025_15_CAR_NO,2025,15,NA,Full Participation in Practice,15,20,18.268102969826312,-0.915444345523307,-6.543420922598382,4.712532231551768,-8.505977309623272,6.675088618576659,0.4385,0.225,0.4385,0.24758506404222322,raw,platt,2025-12-14T21:25:00Z,2026-07-18 17:45:13,2025-12-12 12:00:00,rescore
RB,00-0033923,Kareem Hunt,KC,LAC,2025_15_LAC_KC,2025,15,NA,NA,15,20,19.423190784047954,-1.4197100665993316,-7.2492072850268015,4.409787151828138,-9.282036818428049,6.442616685229385,0.4375,0.2255,0.4375,0.2480968122578038,raw,platt,2025-12-14T18:00:00Z,2026-07-18 17:45:13,2025-12-12 12:00:00,rescore
RB,00-0040666,Omarion Hampton,LAC,KC,2025_15_LAC_KC,2025,15,NA,NA,15,20,18.185004423085225,-0.67972060730158,-6.292993051169323,4.933551836566163,-8.250421895435904,6.890980680832745,0.433,0.229,0.433,0.2516763421180558,raw,platt,2025-12-14T18:00:00Z,2026-07-18 17:45:13,2025-12-12 12:00:00,rescore
RB,00-0036973,Travis Etienne,JAX,NYJ,2025_15_NYJ_JAX,2025,15,NA,NA,15,20,18.43592549524903,-1.1611436462455067,-6.8187294617218175,4.496442169230804,-8.791611016085888,6.469323723594875,0.4305,0.2085,0.4305,0.23064155528286276,raw,platt,2025-12-14T18:00:00Z,2026-07-18 17:45:13,2025-12-12 12:00:00,rescore
RB,00-0036139,Rico Dowdle,CAR,NO,2025_15_CAR_NO,2025,15,NA,NA,15,20,18.416505353611377,-0.8479310920130458,-6.502096470410747,4.8062342863846546,-8.473785269164855,6.777923085138764,0.4265,0.2005,0.4265,0.22238611151355878,raw,platt,2025-12-14T21:25:00Z,2026-07-18 17:45:13,2025-12-12 12:00:00,rescore
RB,00-0039391,Kimani Vidal,LAC,KC,2025_15_LAC_KC,2025,15,NA,NA,15,20,18.24957807368069,-1.4168137176546236,-7.041514822085947,4.207887386776701,-9.002929004684527,6.16930156937528,0.4125,0.192,0.4125,0.2135843722573808,raw,platt,2025-12-14T18:00:00Z,2026-07-18 17:45:13,2025-12-12 12:00:00,rescore
RB,00-0035261,Tony Pollard,TEN,SF,2025_15_TEN_SF,2025,15,NA,Full Participation in Practice,15,20,17.402205471367775,-1.2717651488986637,-6.745089488435491,4.201559190638164,-8.653716415663997,6.110186117866669,0.388,0.184,0.388,0.20527076440651654,raw,platt,2025-12-14T21:25:00Z,2026-07-18 17:45:13,2025-12-12 12:00:00,rescore
RB,00-0036275,D'Andre Swift,CHI,CLE,2025_15_CLE_CHI,2025,15,NA,NA,15,20,16.04477252206667,-0.7815803394724593,-6.005693919998073,4.442533241053155,-7.827417470832825,6.264256791887907,0.35,0.161,0.35,0.18119881023426873,raw,platt,2025-12-14T18:00:00Z,2026-07-18 17:45:13,2025-12-12 12:00:00,rescore
RB,00-0037840,Kyren Williams,LA,DET,2025_15_DET_LA,2025,15,NA,NA,15,20,16.031638166795453,-0.9541914717498418,-6.175850744238411,4.267467800738728,-7.996718442557101,6.0883354990574174,0.3435,0.144,0.3435,0.16323032658343106,raw,platt,2025-12-14T21:25:00Z,2026-07-18 17:45:13,2025-12-12 12:00:00,rescore
RB,00-0039384,Tyrone Tracy Jr.,NYG,WAS,2025_15_WAS_NYG,2025,15,NA,Full Participation in Practice,15,20,15.30362541041762,-0.5379409641866261,-5.622192895193581,4.546310966820328,-7.395144677026882,6.319262748653629,0.3295,0.1375,0.3295,0.15631701448672874,raw,platt,2025-12-14T18:00:00Z,2026-07-18 17:45:13,2025-12-12 12:00:00,rescore
RB,00-0036875,Rhamondre Stevenson,NE,BUF,2025_15_BUF_NE,2025,15,NA,NA,15,20,15.334870392694178,-0.9238600830557223,-6.014065751685025,4.16634558557358,-7.7890936874676875,5.941373521356242,0.317,0.14,0.317,0.15897891087844404,raw,platt,2025-12-14T18:00:00Z,2026-07-18 17:45:13,2025-12-12 12:00:00,rescore
RB,00-0038134,Kenneth Walker III,SEA,IND,2025_15_IND_SEA,2025,15,NA,NA,15,20,16.046933628356136,-1.1833726566455094,-6.407889983131906,4.041144669840888,-8.229754325990791,5.863009012699774,0.3165,0.133,0.3165,0.151516165447806,raw,platt,2025-12-14T21:25:00Z,2026-07-18 17:45:13,2025-12-12 12:00:00,rescore
RB,00-0033293,Aaron Jones,MIN,DAL,2025_15_MIN_DAL,2025,15,NA,Full Participation in Practice,15,20,15.660521309223157,-1.3212738271276614,-6.473227496971803,3.8306798427164805,-8.2697878489809,5.6272401947255775,0.305,0.1355,0.305,0.154184815203161,raw,platt,2025-12-15T01:20:00Z,2026-07-18 17:45:13,2025-12-12 12:00:00,rescore
RB,00-0040730,RJ Harvey,DEN,GB,2025_15_GB_DEN,2025,15,NA,NA,15,20,14.93715714272337,-0.5900994727439729,-5.604129823531324,4.423930878043378,-7.352594330252584,6.172395384764638,0.304,0.134,0.304,0.15258408202757875,raw,platt,2025-12-14T21:25:00Z,2026-07-18 17:45:13,2025-12-12 12:00:00,rescore
RB,00-0040236,Kyle Monangai,CHI,CLE,2025_15_CLE_CHI,2025,15,NA,NA,15,20,14.05532745036905,-1.0770511588406346,-5.9190310761915015,3.764928758510232,-7.607499121945494,5.453396804264225,0.2545,0.102,0.2545,0.11808535856046573,raw,platt,2025-12-14T18:00:00Z,2026-07-18 17:45:13,2025-12-12 12:00:00,rescore
RB,00-0035250,Devin Singletary,NYG,WAS,2025_15_WAS_NYG,2025,15,NA,NA,15,20,14.140591503763543,-1.1798520414239362,-6.038664640298643,3.6789605574507704,-7.733002484226624,5.373298401378753,0.243,0.093,0.243,0.10824934272200659,raw,platt,2025-12-14T18:00:00Z,2026-07-18 17:45:13,2025-12-12 12:00:00,rescore
RB,00-0039738,Blake Corum,LA,DET,2025_15_DET_LA,2025,15,NA,NA,15,20,12.65515633473592,-0.48122487338958025,-5.040256856954914,4.077807110175754,-6.630056888185135,5.667607141405974,0.2355,0.078,0.2355,0.09170488257983055,raw,platt,2025-12-14T21:25:00Z,2026-07-18 17:45:13,2025-12-12 12:00:00,rescore
RB,00-0037228,Jaylen Warren,PIT,MIA,2025_15_MIA_PIT,2025,15,NA,NA,15,20,14.677899449916461,-1.5450431999717686,-6.508951040029743,3.4188646400862055,-8.239937106281587,5.149850706338051,0.2335,0.0935,0.2335,0.10879748976497883,raw,platt,2025-12-16T01:15:00Z,2026-07-18 17:45:13,2025-12-12 12:00:00,rescore
RB,00-0037197,Isiah Pacheco,KC,LAC,2025_15_LAC_KC,2025,15,NA,NA,15,20,13.22855525622741,-1.0570246206565006,-5.733465936642693,3.619416695329692,-7.364208290941116,5.250159049628115,0.214,0.0735,0.214,0.08670124305674938,raw,platt,2025-12-14T18:00:00Z,2026-07-18 17:45:13,2025-12-12 12:00:00,rescore
RB,00-0039165,Zach Charbonnet,SEA,IND,2025_15_IND_SEA,2025,15,NA,NA,15,20,12.821388139365322,-0.9464988595906354,-5.539797751719232,3.6468000325379615,-7.1415471468715355,5.248549427690265,0.208,0.0775,0.208,0.09114989020363524,raw,platt,2025-12-14T21:25:00Z,2026-07-18 17:45:13,2025-12-12 12:00:00,rescore
RB,00-0040242,Jacory Croskey-Merritt,WAS,NYG,2025_15_WAS_NYG,2025,15,NA,NA,15,20,12.061332287875729,-0.3779321503774886,-4.812956575572788,4.057092274817811,-6.3595133874353555,5.603649086680378,0.2065,0.072,0.2065,0.08502892076251069,raw,platt,2025-12-14T18:00:00Z,2026-07-18 17:45:13,2025-12-12 12:00:00,rescore
RB,00-0035685,David Montgomery,DET,LA,2025_15_DET_LA,2025,15,NA,NA,15,20,12.190900998905622,-0.6270406449746224,-5.089340781632496,3.835259491683251,-6.645409026424541,5.391327736475296,0.1915,0.0675,0.1915,0.07999808690723748,raw,platt,2025-12-14T21:25:00Z,2026-07-18 17:45:13,2025-12-12 12:00:00,rescore
RB,00-0039032,Tyjae Spears,TEN,SF,2025_15_TEN_SF,2025,15,NA,NA,15,20,11.864151112596097,-0.7381828718825096,-5.131457550345658,3.6550918065806393,-6.663455624981135,5.187089881216116,0.1855,0.067,0.1855,0.07943778816327567,raw,platt,2025-12-14T21:25:00Z,2026-07-18 17:45:13,2025-12-12 12:00:00,rescore
RB,00-0037525,Jordan Mason,MIN,DAL,2025_15_MIN_DAL,2025,15,NA,NA,15,20,11.542317252739418,-0.41038460455590003,-4.73487568672971,3.91410647761791,-6.242887931934046,5.422118722822246,0.1815,0.065,0.1815,0.0771938829584337,raw,platt,2025-12-15T01:20:00Z,2026-07-18 17:45:13,2025-12-12 12:00:00,rescore
RB,00-0037746,Brian Robinson,SF,TEN,2025_15_TEN_SF,2025,15,NA,NA,15,20,10.622492269530238,-0.38214864121347686,-4.5053995652170435,3.7411022827900897,-5.943236472565199,5.178939190138245,0.1675,0.051,0.1675,0.061355750877905686,raw,platt,2025-12-14T21:25:00Z,2026-07-18 17:45:13,2025-12-12 12:00:00,rescore
RB,00-0036555,Chuba Hubbard,CAR,NO,2025_15_CAR_NO,2025,15,NA,NA,15,20,10.832441712124451,-0.4321954798039743,-4.6020133320055425,3.7376223723975937,-6.056088797049796,5.191697837441847,0.1665,0.0525,0.1665,0.06306441850245523,raw,platt,2025-12-14T21:25:00Z,2026-07-18 17:45:13,2025-12-12 12:00:00,rescore
RB,00-0036924,Michael Carter,ARI,HOU,2025_15_ARI_HOU,2025,15,NA,NA,15,20,11.156156639782553,-0.7455621623277684,-4.986433154507088,3.4953088298515507,-6.465285871512467,4.97416154685693,0.165,0.0535,0.165,0.06420187531324491,raw,platt,2025-12-14T18:00:00Z,2026-07-18 17:45:13,2025-12-12 12:00:00,rescore
RB,00-0033526,Samaje Perine,CIN,BAL,2025_15_BAL_CIN,2025,15,NA,NA,15,20,11.404240672886408,-0.5622173016483852,-4.8569479319022255,3.7325133286054553,-6.354582279438295,5.2301476761415255,0.1625,0.0505,0.1625,0.06078552220543561,raw,platt,2025-12-14T18:00:00Z,2026-07-18 17:45:13,2025-12-12 12:00:00,rescore
RB,00-0036919,Kenneth Gainwell,PIT,MIA,2025_15_MIA_PIT,2025,15,NA,NA,15,20,11.462322218237508,-0.9134672486637129,-5.2207351421549,3.3938006448274742,-6.7227414137218,4.895806916394375,0.1585,0.052,0.1585,0.06249519628348322,raw,platt,2025-12-16T01:15:00Z,2026-07-18 17:45:13,2025-12-12 12:00:00,rescore
RB,00-0039405,Jawhar Jordan,HOU,ARI,2025_15_ARI_HOU,2025,15,NA,NA,15,20,10.577603700370602,-0.7586282380283738,-4.871872107176272,3.3546156311195245,-6.306219410551608,4.788962934494861,0.1225,0.036,0.1225,0.04408703850570409,raw,platt,2025-12-14T18:00:00Z,2026-07-18 17:45:13,2025-12-12 12:00:00,rescore
RB,00-0040238,LeQuint Allen Jr.,JAX,NYJ,2025_15_NYJ_JAX,2025,15,NA,NA,15,20,8.908339033748593,-0.1920931731289864,-3.919303598203276,3.535117251945303,-5.219035486802735,4.834849140544762,0.1185,0.0275,0.1185,0.034126073590929625,raw,platt,2025-12-14T18:00:00Z,2026-07-18 17:45:13,2025-12-12 12:00:00,rescore
RB,00-0032104,Ameer Abdullah,IND,SEA,2025_15_IND_SEA,2025,15,NA,NA,15,20,9.12955011397617,-0.7178664164853157,-4.497907033409879,3.062174200439247,-5.816061569833752,4.380328736863121,0.111,0.025,0.111,0.031166401441018055,raw,platt,2025-12-14T21:25:00Z,2026-07-18 17:45:13,2025-12-12 12:00:00,rescore
RB,00-0035537,Ty Johnson,BUF,NE,2025_15_BUF_NE,2025,15,NA,NA,15,20,8.890824365828204,-0.11724204002171573,-3.8402458124552807,3.605761732411849,-5.138510780769095,4.904026700725663,0.1075,0.0275,0.1075,0.034126073590929625,raw,platt,2025-12-14T18:00:00Z,2026-07-18 17:45:13,2025-12-12 12:00:00,rescore
RB,00-0039373,Audric Estimé,NO,CAR,2025_15_CAR_NO,2025,15,NA,NA,15,20,8.896563985643057,-0.45427834220376817,-4.17866103861073,3.270104354203193,-5.477406857548946,4.56885017314141,0.107,0.0275,0.107,0.034126073590929625,raw,platt,2025-12-14T21:25:00Z,2026-07-18 17:45:13,2025-12-12 12:00:00,rescore
RB,00-0033955,Jeremy McNichols,WAS,NYG,2025_15_WAS_NYG,2025,15,NA,NA,15,20,9.23281988872096,-0.15812388120866505,-3.96264065852142,3.64639289610409,-5.289330384145504,4.9730826217281745,0.105,0.029,0.105,0.035894873949388784,raw,platt,2025-12-14T18:00:00Z,2026-07-18 17:45:13,2025-12-12 12:00:00,rescore
RB,00-0038555,Tank Bigsby,PHI,LV,2025_15_LV_PHI,2025,15,NA,NA,15,20,9.00635876434755,-0.2732992249633737,-4.023987156253894,3.4773887063271465,-5.331905988978844,4.785307539052096,0.105,0.023,0.105,0.02878741466568027,raw,platt,2025-12-14T18:00:00Z,2026-07-18 17:45:13,2025-12-12 12:00:00,rescore
RB,00-0037563,Malik Davis,DAL,MIN,2025_15_MIN_DAL,2025,15,NA,NA,15,20,9.39847715595521,-0.7982852480598182,-4.641822406127765,3.045251910008128,-5.982119099802707,4.3855486036830715,0.1045,0.0255,0.1045,0.031759548973079706,raw,platt,2025-12-15T01:20:00Z,2026-07-18 17:45:13,2025-12-12 12:00:00,rescore
RB,00-0038454,Keaton Mitchell,BAL,CIN,2025_15_BAL_CIN,2025,15,NA,Full Participation in Practice,15,20,8.929469021918905,-0.7260268960072872,-4.458307608603075,3.006253816588501,-5.759807579393903,4.307753787379329,0.0945,0.0265,0.0945,0.03294400377864139,raw,platt,2025-12-14T18:00:00Z,2026-07-18 17:45:13,2025-12-12 12:00:00,rescore
RB,00-0038738,Hunter Luepke,DAL,MIN,2025_15_MIN_DAL,2025,15,NA,Full Participation in Practice,15,20,8.604546822206109,-0.7023111944285101,-4.356048956961388,2.951426568104367,-5.630159871278591,4.225537482421572,0.086,0.0215,0.086,0.026996109096800832,raw,platt,2025-12-15T01:20:00Z,2026-07-18 17:45:13,2025-12-12 12:00:00,rescore
RB,00-0039798,Isaiah Davis,NYJ,JAX,2025_15_NYJ_JAX,2025,15,NA,NA,15,20,8.905136124002164,-0.7948693437060433,-4.521310761172412,2.9315720737603255,-5.82077448575734,4.231035798345253,0.086,0.028,0.086,0.03471623848056912,raw,platt,2025-12-14T18:00:00Z,2026-07-18 17:45:13,2025-12-12 12:00:00,rescore
RB,00-0033854,Dare Ogunbowale,HOU,ARI,2025_15_ARI_HOU,2025,15,NA,NA,15,20,8.226121642328836,-0.5703446767878558,-4.1309946494574215,2.9903052958817096,-5.3726445124450155,4.2319551588693045,0.076,0.02,0.076,0.025198325959077485,raw,platt,2025-12-14T18:00:00Z,2026-07-18 17:45:13,2025-12-12 12:00:00,rescore
WR,00-0036900,Ja'Marr Chase,CIN,BAL,2025_15_BAL_CIN,2025,15,NA,NA,15,20,10.573673895127493,2.5880254896798696,-4.360182805875041,9.34435495622107,-6.550796533753424,11.149960185112983,0.6355,0.39,0.5721304283906221,0.3620522011963247,strat_platt,strat_platt,2025-12-14T18:00:00Z,2026-07-18 17:45:13,2025-12-12 12:00:00,rescore
WR,00-0038543,Jaxon Smith-Njigba,SEA,IND,2025_15_IND_SEA,2025,15,NA,Full Participation in Practice,15,20,8.780797385376246,2.7653042370501315,-3.598638647930381,8.953503123471851,-5.605046638921516,10.607277457905877,0.511,0.2855,0.5123356159047743,0.3102680724460619,strat_platt,strat_platt,2025-12-14T21:25:00Z,2026-07-18 17:45:13,2025-12-12 12:00:00,rescore
WR,00-0038117,Wan'Dale Robinson,NYG,WAS,2025_15_WAS_NYG,2025,15,NA,NA,15,20,10.196496842568678,1.9600442914088145,-4.869871438205202,8.601347910286448,-7.023190181846876,10.376212886941167,0.5345,0.312,0.5089604736878015,0.32279342676078515,strat_platt,strat_platt,2025-12-14T18:00:00Z,2026-07-18 17:45:13,2025-12-12 12:00:00,rescore
WR,00-0036554,Nico Collins,HOU,ARI,2025_15_ARI_HOU,2025,15,NA,NA,15,20,8.436631052198903,2.713555268261451,-3.531224675974641,8.785881968124473,-5.500063273138581,10.40868986923555,0.493,0.268,0.49383120450558715,0.29315208035462176,strat_platt,strat_platt,2025-12-14T18:00:00Z,2026-07-18 17:45:13,2025-12-12 12:00:00,rescore
WR,00-0039075,Puka Nacua,LA,DET,2025_15_DET_LA,2025,15,NA,NA,15,20,9.10615996150741,2.0239493436205147,-4.450401588512017,8.319507294506908,-6.491618752382179,10.001972960399284,0.485,0.26,0.4787517020427816,0.29512842172242526,strat_platt,strat_platt,2025-12-14T21:25:00Z,2026-07-18 17:45:13,2025-12-12 12:00:00,rescore
WR,00-0039064,Zay Flowers,BAL,CIN,2025_15_BAL_CIN,2025,15,NA,NA,15,20,8.822755300205229,1.8661125912657401,-4.5121880045627325,8.068272691967147,-6.523122658708825,9.72577811169385,0.4565,0.232,0.45630586448318894,0.2575457678020003,strat_platt,strat_platt,2025-12-14T18:00:00Z,2026-07-18 17:45:13,2025-12-12 12:00:00,rescore
WR,00-0036613,Jaylen Waddle,MIA,PIT,2025_15_MIA_PIT,2025,15,NA,NA,15,20,8.19864757002077,2.6104179371064573,-3.550457642419671,8.601157340281208,-5.492843081396033,10.202161324007701,0.451,0.229,0.45065215633017436,0.25455211161436825,strat_platt,strat_platt,2025-12-16T01:15:00Z,2026-07-18 17:45:13,2025-12-12 12:00:00,rescore
WR,00-0036259,Jauan Jennings,SF,TEN,2025_15_TEN_SF,2025,15,NA,NA,15,20,7.863566831101833,2.4102213790315545,-3.6303092277968156,8.283939206196827,-5.53475260486903,9.853669586322095,0.4245,0.2135,0.4234190832195398,0.2390136828175523,strat_platt,strat_platt,2025-12-14T21:25:00Z,2026-07-18 17:45:13,2025-12-12 12:00:00,rescore
WR,00-0037247,George Pickens,DAL,MIN,2025_15_MIN_DAL,2025,15,NA,NA,15,20,8.293466405293229,1.6112393377314942,-4.583217854113489,7.634632977393224,-6.536190819804766,9.24436369069061,0.4095,0.198,0.4080120137362084,0.22334842385217926,strat_platt,strat_platt,2025-12-15T01:20:00Z,2026-07-18 17:45:13,2025-12-12 12:00:00,rescore
WR,00-0037240,Jameson Williams,DET,LA,2025_15_DET_LA,2025,15,NA,NA,15,20,7.536376667458575,2.295196935777953,-3.6251843704215125,8.052083455404171,-5.491747376589901,9.590591080506098,0.401,0.193,0.39928468540052603,0.21826622761400558,strat_platt,strat_platt,2025-12-14T21:25:00Z,2026-07-18 17:45:13,2025-12-12 12:00:00,rescore
WR,00-0034960,Jakobi Meyers,JAX,NYJ,2025_15_NYJ_JAX,2025,15,NA,NA,15,20,7.789016479671913,1.7215292470368206,-4.291860747590009,7.568855965853407,-6.187747300349724,9.131533415320597,0.3675,0.167,0.3649190465333538,0.19159042680162106,strat_platt,strat_platt,2025-12-14T18:00:00Z,2026-07-18 17:45:13,2025-12-12 12:00:00,rescore
WR,00-0035640,DK Metcalf,PIT,MIA,2025_15_MIA_PIT,2025,15,NA,Limited Participation in Practice,15,20,7.648799042640828,1.702156023216398,-4.259813140399241,7.499481927293852,-6.139487862206205,9.048796835311734,0.36,0.1595,0.3572331840247749,0.18381184816947407,strat_platt,strat_platt,2025-12-16T01:15:00Z,2026-07-18 17:45:13,2025-12-12 12:00:00,rescore
WR,00-0038559,Michael Wilson,ARI,HOU,2025_15_ARI_HOU,2025,15,NA,NA,15,20,8.282661437948244,0.8213556025837797,-5.369285092005719,6.841038139790118,-7.321054801990683,8.449777074040671,0.355,0.1515,0.3521111437171236,0.17546970766357675,strat_platt,strat_platt,2025-12-14T18:00:00Z,2026-07-18 17:45:13,2025-12-12 12:00:00,rescore
WR,00-0036358,CeeDee Lamb,DAL,MIN,2025_15_MIN_DAL,2025,15,NA,Full Participation in Practice,15,20,8.255890246094708,1.03547666924382,-5.145696662954405,7.04595329079914,-7.0944815266107994,8.652231976549597,0.341,0.1605,0.3377780260797483,0.18485130443784586,strat_platt,strat_platt,2025-12-15T01:20:00Z,2026-07-18 17:45:13,2025-12-12 12:00:00,rescore
WR,00-0038124,Christian Watson,GB,DEN,2025_15_GB_DEN,2025,15,NA,NA,15,20,6.936764957377842,2.313213347594671,-3.379617448963496,7.848833297765923,-5.174438899754959,9.328208212308756,0.326,0.1285,0.3224365578787628,0.1512036656963539,strat_platt,strat_platt,2025-12-14T21:25:00Z,2026-07-18 17:45:13,2025-12-12 12:00:00,rescore
WR,00-0034348,Courtland Sutton,DEN,GB,2025_15_GB_DEN,2025,15,NA,NA,15,20,7.037960076000183,1.9668786346063938,-3.7650627935448044,7.540529153443251,-5.572214946415033,9.030067603376182,0.325,0.148,0.32141440742827154,0.17180479592479309,strat_platt,strat_platt,2025-12-14T21:25:00Z,2026-07-18 17:45:13,2025-12-12 12:00:00,rescore
WR,00-0035659,Terry McLaurin,WAS,NYG,2025_15_WAS_NYG,2025,15,NA,Did Not Participate In Practice,15,20,7.21498358581853,1.8656155236614556,-3.9340367355496193,7.5051069994233535,-5.762536589832414,9.0122412129566,0.3175,0.138,0.3137508733463186,0.1612799853097049,strat_platt,strat_platt,2025-12-14T18:00:00Z,2026-07-18 17:45:13,2025-12-12 12:00:00,rescore
WR,00-0037239,Chris Olave,NO,CAR,2025_15_CAR_NO,2025,15,NA,NA,15,20,7.5233160211214765,1.1850343992205525,-4.730494296957044,6.937202316484006,-6.595527384378358,8.474448911741035,0.3165,0.129,0.31272942280224375,0.15173597656643667,strat_platt,strat_platt,2025-12-14T21:25:00Z,2026-07-18 17:45:13,2025-12-12 12:00:00,rescore
WR,00-0036252,Michael Pittman,IND,SEA,2025_15_IND_SEA,2025,15,NA,NA,15,20,8.382069671160906,-0.07260616001949928,-6.298261133175085,5.981123716006126,-8.261070057305037,7.59896168151417,0.316,0.138,0.31221872944724643,0.1612799853097049,strat_platt,strat_platt,2025-12-14T21:25:00Z,2026-07-18 17:45:13,2025-12-12 12:00:00,rescore
WR,00-0039915,Ladd McConkey,LAC,KC,2025_15_LAC_KC,2025,15,NA,Limited Participation in Practice,15,20,6.976073149248579,1.9492313267410448,-3.758827090518574,7.499658377976949,-5.558449467467198,8.982990438073363,0.315,0.1275,0.31119740695299547,0.15013836685922657,strat_platt,strat_platt,2025-12-14T18:00:00Z,2026-07-18 17:45:13,2025-12-12 12:00:00,rescore
WR,00-0036322,Justin Jefferson,MIN,DAL,2025_15_MIN_DAL,2025,15,NA,Limited Participation in Practice,15,20,6.962174265488053,1.9115133494220047,-3.7911659546784255,7.456709834849376,-5.589092418288086,8.938644044675062,0.312,0.1305,0.30813395871594396,0.15333156534803125,strat_platt,strat_platt,2025-12-15T01:20:00Z,2026-07-18 17:45:13,2025-12-12 12:00:00,rescore
WR,00-0036963,Amon-Ra St. Brown,DET,LA,2025_15_DET_LA,2025,15,NA,NA,15,20,7.47545905311492,1.2986909601984507,-4.599018684163088,7.033531909165966,-6.458433825508864,8.566147933236241,0.2965,0.111,0.2923191315657895,0.1324241590710424,strat_platt,strat_platt,2025-12-14T21:25:00Z,2026-07-18 17:45:13,2025-12-12 12:00:00,rescore
WR,00-0039893,Brian Thomas Jr.,JAX,NYJ,2025_15_NYJ_JAX,2025,15,NA,NA,15,20,6.590226168728481,1.8041882595774967,-3.7523792601261987,7.207307922846253,-5.504239965904583,8.651272602875565,0.2905,0.114,0.286203441717819,0.13566487791798512,strat_platt,strat_platt,2025-12-14T18:00:00Z,2026-07-18 17:45:13,2025-12-12 12:00:00,rescore
WR,00-0031381,Davante Adams,LA,DET,2025_15_DET_LA,2025,15,Questionable,Limited Participation in Practice,15,20,6.811796933766568,1.5471350575464462,-4.09697968887634,7.035384279751218,-5.876442065262559,8.50209953426174,0.2865,0.115,0.28212834205188925,0.13674307780010667,strat_platt,strat_platt,2025-12-14T21:25:00Z,2026-07-18 17:45:13,2025-12-12 12:00:00,rescore
WR,00-0033555,Mack Hollins,NE,BUF,2025_15_BUF_NE,2025,15,NA,NA,15,20,6.478803737403567,1.8581325476541135,-3.653822918619242,7.217872145396172,-5.391618447805861,8.65024365586018,0.285,0.1025,0.28060060830864286,0.12319041101149593,strat_platt,strat_platt,2025-12-14T18:00:00Z,2026-07-18 17:45:13,2025-12-12 12:00:00,rescore
WR,00-0039067,Rashee Rice,KC,LAC,2025_15_LAC_KC,2025,15,NA,Full Participation in Practice,15,20,7.221096458326815,0.7054658141175538,-5.096508861361756,6.347215571266424,-6.925740921235207,7.85495330253823,0.2735,0.092,0.26889604015622276,0.11167105896234006,strat_platt,strat_platt,2025-12-14T18:00:00Z,2026-07-18 17:45:13,2025-12-12 12:00:00,rescore
WR,00-0040124,Tetairoa McMillan,CAR,NO,2025_15_CAR_NO,2025,15,NA,NA,15,20,6.797575486611341,1.4693153030009574,-4.169225760641244,6.952144762929502,-5.946930880265053,8.417411605080359,0.268,0.102,0.26330344416333146,0.12264478164093576,strat_platt,strat_platt,2025-12-14T21:25:00Z,2026-07-18 17:45:13,2025-12-12 12:00:00,rescore
WR,00-0038606,Parker Washington,JAX,NYJ,2025_15_NYJ_JAX,2025,15,Questionable,Full Participation in Practice,15,20,6.469723370455531,1.4615499633494888,-4.0467520802558905,6.817737029823714,-5.783395767484155,8.249159138831686,0.256,0.088,0.25111392154868895,0.10724735109086467,strat_platt,strat_platt,2025-12-14T18:00:00Z,2026-07-18 17:45:13,2025-12-12 12:00:00,rescore
WR,00-0035719,Deebo Samuel Sr.,WAS,NYG,2025_15_WAS_NYG,2025,15,Questionable,Did Not Participate In Practice,15,20,6.862715586336995,1.0260736096984646,-4.637947077216877,6.533679058226374,-6.423685348719425,8.00556719597679,0.2535,0.0985,0.24857668672997152,0.11881739633280501,strat_platt,strat_platt,2025-12-14T18:00:00Z,2026-07-18 17:45:13,2025-12-12 12:00:00,rescore
WR,00-0039424,Devaughn Vele,NO,CAR,2025_15_CAR_NO,2025,15,NA,NA,15,20,6.2816146190012985,1.8099299973884604,-3.622070710351408,7.091922833938058,-5.33465830330435,8.503516796588018,0.253,0.0905,0.2480693357051283,0.11001455084022262,strat_platt,strat_platt,2025-12-14T21:25:00Z,2026-07-18 17:45:13,2025-12-12 12:00:00,rescore
WR,00-0037614,John Metchie III,NYJ,JAX,2025_15_NYJ_JAX,2025,15,NA,NA,15,20,6.425400171054017,0.9530600645655221,-4.537369918138591,6.291868617535439,-6.2683789467195545,7.718646380081452,0.2395,0.085,0.23438335872236188,0.10391596361826427,strat_platt,strat_platt,2025-12-14T18:00:00Z,2026-07-18 17:45:13,2025-12-12 12:00:00,rescore
WR,00-0039491,Jalen Coker,CAR,NO,2025_15_CAR_NO,2025,15,NA,NA,15,20,5.700167385797076,1.9249061000765064,-3.2633066810854903,6.969843355983999,-4.899033426473723,8.318085050503004,0.2285,0.0785,0.22325057001860604,0.09665589969146626,strat_platt,strat_platt,2025-12-14T21:25:00Z,2026-07-18 17:45:13,2025-12-12 12:00:00,rescore
WR,00-0036040,Juwan Johnson,NO,CAR,2025_15_CAR_NO,2025,15,NA,NA,15,20,6.000604808608669,1.4144932912663633,-3.901243319925059,6.583432732178182,-5.5771754593963685,7.964813573440494,0.226,0.075,0.2207228681406976,0.09272156473458856,strat_platt,strat_platt,2025-12-14T21:25:00Z,2026-07-18 17:45:13,2025-12-12 12:00:00,rescore
WR,00-0036407,Jerry Jeudy,CLE,CHI,2025_15_CLE_CHI,2025,15,NA,NA,15,20,6.433903958679188,1.2248001147778114,-4.269063804139076,6.566947773806975,-6.001155475537927,7.994617900674512,0.2245,0.0745,0.21920670074099227,0.09215802277012737,strat_platt,strat_platt,2025-12-14T18:00:00Z,2026-07-18 17:45:13,2025-12-12 12:00:00,rescore
WR,00-0038563,Tre Tucker,LV,PHI,2025_15_LV_PHI,2025,15,NA,NA,15,20,6.720890875586392,0.27447258215929465,-5.33390766042028,5.727974129709209,-7.102103751838049,7.185403190679385,0.2195,0.0755,0.21415531161333987,0.09328472851351192,strat_platt,strat_platt,2025-12-14T18:00:00Z,2026-07-18 17:45:13,2025-12-12 12:00:00,rescore
WR,00-0037816,Romeo Doubs,GB,DEN,2025_15_GB_DEN,2025,15,NA,NA,15,20,5.72807006283507,1.7279198698958507,-3.4722835334656175,6.78451661996967,-5.111790652221869,8.135874273196317,0.2145,0.067,0.20910786141412677,0.08365780413308695,strat_platt,strat_platt,2025-12-14T21:25:00Z,2026-07-18 17:45:13,2025-12-12 12:00:00,rescore
WR,00-0039894,Xavier Worthy,KC,LAC,2025_15_LAC_KC,2025,15,NA,NA,15,20,6.34501262535773,1.183010161210364,-4.2748392085624225,6.490137833898279,-5.995576303010997,7.908448992887381,0.2125,0.076,0.20709001089985507,0.09384751647213942,strat_platt,strat_platt,2025-12-14T18:00:00Z,2026-07-18 17:45:13,2025-12-12 12:00:00,rescore
WR,00-0039916,Ricky Pearsall,SF,TEN,2025_15_TEN_SF,2025,15,NA,NA,15,20,6.036626876986119,1.1084796630346117,-4.222318732043085,6.292064947876385,-5.902999513055368,7.677359839291583,0.2125,0.0625,0.20709001089985507,0.07851282220824198,strat_platt,strat_platt,2025-12-14T21:25:00Z,2026-07-18 17:45:13,2025-12-12 12:00:00,rescore
WR,00-0035535,Darius Slayton,NYG,WAS,2025_15_WAS_NYG,2025,15,NA,NA,15,20,5.713101515188839,1.6477454276646668,-3.5460293779456133,6.69809110946774,-5.183509704486415,8.04777818673865,0.2115,0.0605,0.20608133158047476,0.0762146275722446,strat_platt,strat_platt,2025-12-14T18:00:00Z,2026-07-18 17:45:13,2025-12-12 12:00:00,rescore
WR,00-0039146,Jayden Reed,GB,DEN,2025_15_GB_DEN,2025,15,NA,Full Participation in Practice,15,20,6.067174003235804,1.2671060149511029,-4.076427854156985,6.463075076271908,-5.761123843559014,7.851679488289186,0.21,0.074,0.20456862279940155,0.09159410022450529,strat_platt,strat_platt,2025-12-14T21:25:00Z,2026-07-18 17:45:13,2025-12-12 12:00:00,rescore
WR,00-0030279,Keenan Allen,LAC,KC,2025_15_LAC_KC,2025,15,NA,Full Participation in Practice,15,20,6.129681205562834,0.9561337868281362,-4.413355156036121,6.177341157388641,-6.106234196155662,7.572690418566586,0.208,0.067,0.20255226203113325,0.08365780413308695,strat_platt,strat_platt,2025-12-14T18:00:00Z,2026-07-18 17:45:13,2025-12-12 12:00:00,rescore
WR,00-0031588,Stefon Diggs,NE,BUF,2025_15_BUF_NE,2025,15,NA,NA,15,20,5.969647860678538,1.1452315042518815,-4.157523051091628,6.301547396368013,-5.82936224047468,7.679554638721992,0.2025,0.068,0.19701077571597775,0.08479642805470532,strat_platt,strat_platt,2025-12-14T18:00:00Z,2026-07-18 17:45:13,2025-12-12 12:00:00,rescore
WR,00-0036415,Van Jefferson,TEN,SF,2025_15_TEN_SF,2025,15,NA,NA,15,20,5.576621944374467,1.3297328900299556,-3.8050131102624416,6.32267988143984,-5.423882982745275,7.657027361075862,0.199,0.065,0.1934871123222746,0.08137548470929182,strat_platt,strat_platt,2025-12-14T21:25:00Z,2026-07-18 17:45:13,2025-12-12 12:00:00,rescore
WR,00-0039868,Troy Franklin,DEN,GB,2025_15_GB_DEN,2025,15,NA,NA,15,20,6.056469424111636,1.0075808093902252,-4.331494044615387,6.199213993914147,-6.014784206891804,7.58665965814462,0.199,0.064,0.1934871123222746,0.0802317404968583,strat_platt,strat_platt,2025-12-14T21:25:00Z,2026-07-18 17:45:13,2025-12-12 12:00:00,rescore
WR,00-0033908,Cooper Kupp,SEA,IND,2025_15_IND_SEA,2025,15,NA,Limited Participation in Practice,15,20,6.1772245514454065,0.5121817650636595,-4.87695545397872,5.7524948131833575,-6.576029153454181,7.152949999327402,0.194,0.0685,0.18845710589086268,0.08536511638044289,strat_platt,strat_platt,2025-12-14T21:25:00Z,2026-07-18 17:45:13,2025-12-12 12:00:00,rescore
WR,00-0037261,Khalil Shakir,BUF,NE,2025_15_BUF_NE,2025,15,NA,NA,15,20,6.026504074630147,0.7669895001553358,-4.559581080767379,5.94646372439856,-6.238928927110339,7.330659949363314,0.193,0.055,0.18745165124751156,0.069855660089188365,strat_platt,strat_platt,2025-12-14T18:00:00Z,2026-07-18 17:45:13,2025-12-12 12:00:00,rescore
WR,00-0040705,Chimere Dike,TEN,SF,2025_15_TEN_SF,2025,15,NA,NA,15,20,6.045060924431008,0.797426193982707,-4.5368918486654,5.984433929272176,-6.218682295357966,7.370643458502859,0.189,0.0695,0.18343169220989777,0.08650126002762545,strat_platt,strat_platt,2025-12-14T21:25:00Z,2026-07-18 17:45:13,2025-12-12 12:00:00,rescore
WR,00-0040735,Luther Burden III,CHI,CLE,2025_15_CLE_CHI,2025,15,NA,NA,15,20,6.067654646964,0.7722274290939681,-4.571506555831873,5.968391079917376,-6.2562656372482595,7.357047495293154,0.181,0.0575,0.17540094136780773,0.07275336855495881,strat_platt,strat_platt,2025-12-14T18:00:00Z,2026-07-18 17:45:13,2025-12-12 12:00:00,rescore
WR,00-0039890,Adonai Mitchell,NYJ,JAX,2025_15_NYJ_JAX,2025,15,NA,NA,15,20,6.707317799666579,-0.38896952957598624,-5.991992479457149,5.05932267004141,-7.758499537036236,6.515359551143411,0.1695,0.0535,0.16387922196182117,0.06811099038061609,strat_platt,strat_platt,2025-12-14T18:00:00Z,2026-07-18 17:45:13,2025-12-12 12:00:00,rescore
WR,00-0038997,Josh Downs,IND,SEA,2025_15_IND_SEA,2025,15,NA,Full Participation in Practice,15,20,6.08977587785331,-0.06953758270351329,-5.422472705071939,5.1355731107796245,-7.110132698081133,6.526620591761295,0.163,0.042,0.15737933519883718,0.05456951046785518,strat_platt,strat_platt,2025-12-14T21:25:00Z,2026-07-18 17:45:13,2025-12-12 12:00:00,rescore
WR,00-0039342,Xavier Legette,CAR,NO,2025_15_CAR_NO,2025,15,NA,NA,15,20,5.421306852283686,0.8984298785727824,-4.1682063712982975,5.825148010087275,-5.765602772070337,7.1417960604217985,0.153,0.047,0.14739806456722865,0.06049499586586523,strat_platt,strat_platt,2025-12-14T21:25:00Z,2026-07-18 17:45:13,2025-12-12 12:00:00,rescore
WR,00-0031610,Darren Waller,MIA,PIT,2025_15_MIA_PIT,2025,15,NA,Full Participation in Practice,15,20,5.061638648656319,1.0445013891297925,-3.8603506332240984,5.813903059032839,-5.406740107508329,7.088508839658184,0.146,0.042,0.14042526971692,0.05456951046785518,strat_platt,strat_platt,2025-12-16T01:15:00Z,2026-07-18 17:45:13,2025-12-12 12:00:00,rescore
WR,00-0034827,DJ Moore,CHI,CLE,2025_15_CLE_CHI,2025,15,NA,NA,15,20,5.921234205847054,0.1553221217574256,-5.127058393445197,5.291826614747191,-6.792474106425919,6.664539330534432,0.1425,0.0395,0.13694343053505917,0.05158269297599532,strat_platt,strat_platt,2025-12-14T18:00:00Z,2026-07-18 17:45:13,2025-12-12 12:00:00,rescore
WR,00-0032211,Tyler Lockett,LV,PHI,2025_15_LV_PHI,2025,15,NA,NA,15,20,5.187769025258429,0.692245400038367,-4.2700120541571,5.5174672172646995,-5.834500169371164,6.806990735455031,0.1285,0.0305,0.12304826150779763,0.04067830435425559,strat_platt,strat_platt,2025-12-14T18:00:00Z,2026-07-18 17:45:13,2025-12-12 12:00:00,rescore
WR,00-0039410,Ryan Flournoy,DAL,MIN,2025_15_MIN_DAL,2025,15,NA,NA,15,20,5.33377659830032,0.08290584252217151,-4.944892222138421,4.97185832798767,-6.5300438170455575,6.278413642567339,0.122,0.038,0.11661548955007008,0.0497823570301416,strat_platt,strat_platt,2025-12-15T01:20:00Z,2026-07-18 17:45:13,2025-12-12 12:00:00,rescore
WR,00-0040727,Tre Harris,LAC,KC,2025_15_LAC_KC,2025,15,NA,NA,15,20,4.964659290366247,1.0154982282503833,-3.844700979835884,5.741480197423769,-5.377012426553549,7.00448221611556,0.1375,0.038,0.10173513238475307,0.03014084465984052,strat_platt,strat_platt,2025-12-14T18:00:00Z,2026-07-18 17:45:13,2025-12-12 12:00:00,rescore
WR,00-0037545,Rashid Shaheed,SEA,IND,2025_15_IND_SEA,2025,15,NA,NA,15,20,5.081682338101847,0.5819347443084806,-4.3320897168744,5.3602555507866345,-5.881371054724344,6.637244939215146,0.1065,0.029,0.10132787339542039,0.038834912311555676,strat_platt,strat_platt,2025-12-14T21:25:00Z,2026-07-18 17:45:13,2025-12-12 12:00:00,rescore
WR,00-0037291,Jalen Nailor,MIN,DAL,2025_15_MIN_DAL,2025,15,NA,NA,15,20,4.9644770219626695,1.336664552899073,-3.523450301260068,6.0625644976282835,-5.055735153082631,7.325544595576565,0.1305,0.039,0.10097357765866323,0.030493322914485,strat_platt,strat_platt,2025-12-15T01:20:00Z,2026-07-18 17:45:13,2025-12-12 12:00:00,rescore
WR,00-0040782,Isaiah Bond,CLE,CHI,2025_15_CLE_CHI,2025,15,NA,NA,15,20,4.744366798843484,0.794605498281167,-3.9624228867959532,5.420265766962364,-5.462206894555731,6.6564571649055555,0.118,0.0335,0.09953648330143125,0.02849050359274229,strat_platt,strat_platt,2025-12-14T18:00:00Z,2026-07-18 17:45:13,2025-12-12 12:00:00,rescore
WR,00-0040667,Matthew Golden,GB,DEN,2025_15_GB_DEN,2025,15,NA,Full Participation in Practice,15,20,4.903090542432815,0.6856834169705376,-4.145928263911849,5.383867320195513,-5.669226706575076,6.639440403771263,0.1175,0.0265,0.09947671632926607,0.02566780878064398,strat_platt,strat_platt,2025-12-14T21:25:00Z,2026-07-18 17:45:13,2025-12-12 12:00:00,rescore
WR,00-0035208,Olamide Zaccheaus,CHI,CLE,2025_15_CLE_CHI,2025,15,NA,Full Participation in Practice,15,20,4.880600258715619,0.44528991920482996,-4.375831937258099,5.133273680636509,-5.895823174322581,6.3861208122810185,0.112,0.03,0.09880646202739468,0.02712343359175909,strat_platt,strat_platt,2025-12-14T18:00:00Z,2026-07-18 17:45:13,2025-12-12 12:00:00,rescore
WR,00-0035406,Lil'Jordan Humphrey,DEN,GB,2025_15_GB_DEN,2025,15,NA,NA,15,20,4.872328444688082,0.685469208427551,-4.131788133955823,5.3696951765924,-5.650560976689832,6.621538051235341,0.1075,0.026,0.09823950224326035,0.025451576366023954,strat_platt,strat_platt,2025-12-14T21:25:00Z,2026-07-18 17:45:13,2025-12-12 12:00:00,rescore
WR,00-0038976,Marvin Mims Jr.,DEN,GB,2025_15_GB_DEN,2025,15,NA,NA,15,20,4.4928390543117835,1.0692519327517027,-3.5668382403259615,5.577313768771423,-5.028493151178762,6.782077400206987,0.1075,0.0305,0.09823950224326035,0.027323768929937105,strat_platt,strat_platt,2025-12-14T21:25:00Z,2026-07-18 17:45:13,2025-12-12 12:00:00,rescore
WR,00-0040729,Jack Bech,LV,PHI,2025_15_LV_PHI,2025,15,NA,NA,15,20,4.80488092458794,0.4565089690348118,-4.329107560891058,5.109967904252663,-5.837904767434802,6.353588397816988,0.0995,0.023,0.09718561062798244,0.024104081973579494,strat_platt,strat_platt,2025-12-14T18:00:00Z,2026-07-18 17:45:13,2025-12-12 12:00:00,rescore
WR,00-0033307,Kendrick Bourne,SF,TEN,2025_15_TEN_SF,2025,15,NA,NA,15,20,4.456943399543967,0.8928894376554565,-3.725653225580435,5.383888348563354,-5.181775801431987,6.584091973422171,0.097,0.0245,0.09684302464114619,0.024789025929192177,strat_platt,strat_platt,2025-12-14T21:25:00Z,2026-07-18 17:45:13,2025-12-12 12:00:00,rescore
WR,00-0031236,Brandin Cooks,BUF,NE,2025_15_BUF_NE,2025,15,NA,NA,15,20,4.621983473092741,0.4941967990917918,-4.204421562594933,5.063060071283065,-5.685790204314727,6.2840726721656,0.0955,0.022,0.0966342036440214,0.023633857598754367,strat_platt,strat_platt,2025-12-14T18:00:00Z,2026-07-18 17:45:13,2025-12-12 12:00:00,rescore
WR,00-0038104,Tyquan Thornton,KC,LAC,2025_15_LAC_KC,2025,15,NA,NA,15,20,4.533974819357496,0.5098125631975251,-4.146296085861442,5.037340053295901,-5.614262371737916,6.247305812153209,0.093,0.0195,0.09628047701904273,0.022404646706408023,strat_platt,strat_platt,2025-12-14T18:00:00Z,2026-07-18 17:45:13,2025-12-12 12:00:00,rescore
WR,00-0039451,Isaiah Williams,NYJ,JAX,2025_15_NYJ_JAX,2025,15,NA,NA,15,20,4.861540943859035,0.010822015161553518,-4.801390306816366,4.690142284105141,-6.31857256813895,5.940674127927404,0.08,0.017,0.09431147621307837,0.021085676095118883,strat_platt,strat_platt,2025-12-14T18:00:00Z,2026-07-18 17:45:13,2025-12-12 12:00:00,rescore
WR,00-0037231,Kevin Austin Jr.,NO,CAR,2025_15_CAR_NO,2025,15,NA,NA,15,20,4.4310272080530675,0.3294280156776609,-4.27639920946483,4.80806263273942,-5.728512893806722,6.0049619436611055,0.0795,0.019,0.09423085994293617,0.0221486276480343,strat_platt,strat_platt,2025-12-14T21:25:00Z,2026-07-18 17:45:13,2025-12-12 12:00:00,rescore
WR,00-0038640,Jalen Brooks,ARI,HOU,2025_15_ARI_HOU,2025,15,NA,NA,15,20,4.551635889076823,-0.18738510657058416,-4.852059020035049,4.34847111315563,-6.3227257410440725,5.560662695641066,0.069,0.019,0.09243672122690029,0.0221486276480343,strat_platt,strat_platt,2025-12-14T18:00:00Z,2026-07-18 17:45:13,2025-12-12 12:00:00,rescore
QB,00-0036389,Jalen Hurts,PHI,LV,2025_15_LV_PHI,2025,15,NA,NA,20,25,6.93390120192036,5.478897839615014,-7.960795691954727,18.918591371184753,-11.401263039659716,22.35905871888974,0.5045,0.301,0.5045,0.28939625136807806,raw,platt,2025-12-14T18:00:00Z,2026-07-18 17:47:14,2025-12-10 20:15:00,hindcast
QB,00-0034857,Josh Allen,BUF,NE,2025_15_BUF_NE,2025,15,NA,NA,20,25,5.434985499375528,5.484063749273873,-7.955629782295868,18.923757280843613,-11.396097130000857,22.3642246285486,0.497,0.2835,0.497,0.2717047092600588,raw,platt,2025-12-14T18:00:00Z,2026-07-18 17:47:14,2025-12-10 20:15:00,hindcast
QB,00-0034796,Lamar Jackson,BAL,CIN,2025_15_BAL_CIN,2025,15,NA,Full Participation in Practice,20,25,5.216094959489634,6.1406353770180475,-7.299058154551694,19.580328908587788,-10.739525502256683,23.020796256292776,0.486,0.2675,0.486,0.2555827955847422,raw,platt,2025-12-14T18:00:00Z,2026-07-18 17:47:14,2025-12-10 20:15:00,hindcast
QB,00-0037834,Brock Purdy,SF,TEN,2025_15_TEN_SF,2025,15,NA,NA,20,25,2.732476979241321,5.440006486453121,-7.99968704511662,18.879700018022863,-11.440154392821608,22.32016736572785,0.3925,0.201,0.3925,0.1892045352724007,raw,platt,2025-12-14T21:25:00Z,2026-07-18 17:47:14,2025-12-10 20:15:00,hindcast
QB,00-0034855,Baker Mayfield,TB,ATL,2025_15_ATL_TB,2025,15,NA,Full Participation in Practice,20,25,3.0118187522395976,5.641338846542256,-7.798354685027485,19.081032378112,-11.238822032732473,22.521499725816987,0.383,0.1965,0.383,0.1847541984365822,raw,platt,2025-12-12T01:15:00Z,2026-07-18 17:47:14,2025-12-10 20:15:00,hindcast
QB,00-0036355,Justin Herbert,LAC,KC,2025_15_LAC_KC,2025,15,NA,Limited Participation in Practice,20,25,4.158664629411894,3.7675361991765,-9.67215733239324,17.207229730746242,-13.112624680098229,20.64769707845123,0.3785,0.192,0.3785,0.18030971720243255,raw,platt,2025-12-14T18:00:00Z,2026-07-18 17:47:14,2025-12-10 20:15:00,hindcast
QB,00-0039732,Bo Nix,DEN,GB,2025_15_GB_DEN,2025,15,NA,NA,20,25,4.43322297927373,1.977249713364824,-11.462443818204918,15.416943244934565,-14.902911165909906,18.857410592639553,0.359,0.187,0.359,0.17537842200041556,raw,platt,2025-12-14T21:25:00Z,2026-07-18 17:47:14,2025-12-10 20:15:00,hindcast
QB,00-0040691,Jaxson Dart,NYG,WAS,2025_15_WAS_NYG,2025,15,NA,NA,20,25,5.32859997758589,2.3888910741760307,-11.050802457393711,15.828584605745771,-14.4912698050987,19.26905195345076,0.353,0.1695,0.353,0.15817959929918105,raw,platt,2025-12-14T18:00:00Z,2026-07-18 17:47:14,2025-12-10 20:15:00,hindcast
QB,00-0036971,Trevor Lawrence,JAX,NYJ,2025_15_NYJ_JAX,2025,15,NA,Full Participation in Practice,20,25,3.48049574546877,3.8946121237084412,-9.5450814078613,17.334305655278182,-12.985548755566288,20.77477300298317,0.351,0.1745,0.351,0.16308363898422146,raw,platt,2025-12-14T18:00:00Z,2026-07-18 17:47:14,2025-12-10 20:15:00,hindcast
QB,00-0039851,Drake Maye,NE,BUF,2025_15_BUF_NE,2025,15,NA,NA,20,25,3.5252468185164023,1.8092533396591683,-11.630440191910573,15.24894687122891,-15.070907539615561,18.689414218933898,0.3465,0.1715,0.3465,0.16014023962703644,raw,platt,2025-12-14T18:00:00Z,2026-07-18 17:47:14,2025-12-10 20:15:00,hindcast
QB,00-0033106,Jared Goff,DET,LA,2025_15_DET_LA,2025,15,NA,NA,20,25,1.3804781114521651,4.714049788739686,-8.725643742830055,18.153743320309427,-12.166111090535043,21.594210668014416,0.317,0.1595,0.317,0.14839640626828346,raw,platt,2025-12-14T21:25:00Z,2026-07-18 17:47:14,2025-12-10 20:15:00,hindcast
QB,00-0034869,Sam Darnold,SEA,IND,2025_15_IND_SEA,2025,15,NA,NA,20,25,2.153038976368353,3.7845874260989354,-9.655106105470805,17.224280957668675,-13.095573453175794,20.664748305373664,0.3045,0.1395,0.3045,0.1289358366509797,raw,platt,2025-12-14T21:25:00Z,2026-07-18 17:47:14,2025-12-10 20:15:00,hindcast
QB,00-0033873,Patrick Mahomes,KC,LAC,2025_15_LAC_KC,2025,15,NA,Full Participation in Practice,20,25,2.6955190643510822,2.2563595564153127,-11.18333397515443,15.696053087985053,-14.623801322859418,19.13652043569004,0.303,0.1385,0.303,0.12796672447507687,raw,platt,2025-12-14T18:00:00Z,2026-07-18 17:47:14,2025-12-10 20:15:00,hindcast
QB,00-0026498,Matthew Stafford,LA,DET,2025_15_DET_LA,2025,15,NA,NA,20,25,1.2569610358903043,2.521357539956473,-10.918335991613269,15.961051071526214,-14.358803339318257,19.401518419231202,0.2845,0.1445,0.2845,0.13378714912926368,raw,platt,2025-12-14T21:25:00Z,2026-07-18 17:47:14,2025-12-10 20:15:00,hindcast
QB,00-0036442,Joe Burrow,CIN,BAL,2025_15_BAL_CIN,2025,15,NA,NA,20,25,1.6410442429142071,2.7102516505474727,-10.729441881022268,16.149945182117214,-14.169909228727256,19.590412529822203,0.2805,0.127,0.2805,0.1168504556729878,raw,platt,2025-12-14T18:00:00Z,2026-07-18 17:47:14,2025-12-10 20:15:00,hindcast
QB,00-0039163,C.J. Stroud,HOU,ARI,2025_15_ARI_HOU,2025,15,NA,NA,20,25,2.374737851306567,1.7642409509920332,-11.675452580577709,15.203934482561774,-15.115919928282697,18.644401830266762,0.272,0.1205,0.272,0.11059147554063188,raw,platt,2025-12-14T18:00:00Z,2026-07-18 17:47:14,2025-12-10 20:15:00,hindcast
QB,00-0033077,Dak Prescott,DAL,MIN,2025_15_MIN_DAL,2025,15,NA,NA,20,25,1.7752746574787024,-0.39645735932097953,-13.836150890890721,13.043236172248761,-17.27661823859571,16.48370351995375,0.2695,0.122,0.2695,0.11203425506748736,raw,platt,2025-12-15T01:20:00Z,2026-07-18 17:47:14,2025-12-10 20:15:00,hindcast
QB,00-0036264,Jordan Love,GB,DEN,2025_15_GB_DEN,2025,15,NA,Full Participation in Practice,20,25,1.5647796404581285,4.454624571698686,-8.985068959871056,17.894318103268425,-12.425536307576044,21.334785450973413,0.2685,0.126,0.2685,0.1158863719090821,raw,platt,2025-12-14T21:25:00Z,2026-07-18 17:47:14,2025-12-10 20:15:00,hindcast
QB,00-0039150,Bryce Young,CAR,NO,2025_15_CAR_NO,2025,15,NA,NA,20,25,2.80384766230152,1.4836404446709333,-11.956053086898809,14.923333976240674,-15.396520434603797,18.363801323945662,0.2655,0.1125,0.2655,0.10291339261386458,raw,platt,2025-12-14T21:25:00Z,2026-07-18 17:47:14,2025-12-10 20:15:00,hindcast
QB,00-0040676,Cam Ward,TEN,SF,2025_15_TEN_SF,2025,15,NA,NA,20,25,3.09523449954326,-0.9705122359631777,-14.410205767532918,12.469181295606564,-17.850673115237907,15.909648643311552,0.2525,0.1085,0.2525,0.0990852529571321,raw,platt,2025-12-14T21:25:00Z,2026-07-18 17:47:14,2025-12-10 20:15:00,hindcast
QB,00-0039923,J.J. McCarthy,MIN,DAL,2025_15_MIN_DAL,2025,15,NA,NA,20,25,2.8416371666542237,0.4816582128327633,-12.958035318736979,13.921351744402504,-16.398502666441967,17.361819092107492,0.2435,0.097,0.2435,0.08812217276900708,raw,platt,2025-12-15T01:20:00Z,2026-07-18 17:47:14,2025-12-10 20:15:00,hindcast
QB,00-0040743,Tyler Shough,NO,CAR,2025_15_CAR_NO,2025,15,NA,NA,20,25,4.457330484157064,-1.307788521458456,-14.747482053028197,12.131905010111286,-18.187949400733185,15.572372357816274,0.243,0.108,0.243,0.09860726153396854,raw,platt,2025-12-14T21:25:00Z,2026-07-18 17:47:14,2025-12-10 20:15:00,hindcast
QB,00-0032268,Marcus Mariota,WAS,NYG,2025_15_WAS_NYG,2025,15,NA,NA,20,25,4.62843034939848,-2.2769566383615416,-15.716650169931283,11.1627368932082,-19.157117517636273,14.603204240913188,0.2355,0.089,0.2355,0.08053548644577334,raw,platt,2025-12-14T18:00:00Z,2026-07-18 17:47:14,2025-12-10 20:15:00,hindcast
QB,00-0036212,Tua Tagovailoa,MIA,PIT,2025_15_MIA_PIT,2025,15,NA,NA,20,25,1.2231006617164508,2.842788056519111,-10.59690547505063,16.282481588088853,-14.037372822755618,19.72294893579384,0.2255,0.092,0.2255,0.08337649475676477,raw,platt,2025-12-16T01:15:00Z,2026-07-18 17:47:14,2025-12-10 20:15:00,hindcast
QB,00-0029604,Kirk Cousins,ATL,TB,2025_15_ATL_TB,2025,15,NA,NA,20,25,1.0640881325022706,1.695701034915391,-11.74399249665435,15.135394566485132,-15.184459844359338,18.57586191419012,0.2085,0.0845,0.2085,0.07628329890275393,raw,platt,2025-12-12T01:15:00Z,2026-07-18 17:47:14,2025-12-10 20:15:00,hindcast
QB,00-0039918,Caleb Williams,CHI,CLE,2025_15_CLE_CHI,2025,15,NA,NA,20,25,3.091460467241062,-2.3259487948285473,-15.76564232639829,11.113744736741193,-19.206109674103278,14.554212084446181,0.197,0.083,0.197,0.07486845699288898,raw,platt,2025-12-14T18:00:00Z,2026-07-18 17:47:14,2025-12-10 20:15:00,hindcast
QB,00-0033119,Jacoby Brissett,ARI,HOU,2025_15_ARI_HOU,2025,15,NA,NA,20,25,2.12371749179619,-6.1346794161156115,-19.574372947685355,7.30501411545413,-23.014840295390343,10.745481463159118,0.1575,0.0575,0.1575,0.05103351113626021,raw,platt,2025-12-14T18:00:00Z,2026-07-18 17:47:14,2025-12-10 20:15:00,hindcast
QB,00-0023459,Aaron Rodgers,PIT,MIA,2025_15_MIA_PIT,2025,15,NA,Full Participation in Practice,20,25,1.3173362299348084,-2.1027995191472035,-15.542493050716946,11.336894012422537,-18.982960398421934,14.777361360127525,0.153,0.0565,0.153,0.05010809522935103,raw,platt,2025-12-16T01:15:00Z,2026-07-18 17:47:14,2025-12-10 20:15:00,hindcast
QB,00-0040668,Shedeur Sanders,CLE,CHI,2025_15_CLE_CHI,2025,15,NA,NA,20,25,2.5030070908838344,-4.61415288415572,-18.05384641572546,8.825540647414021,-21.494313763430448,12.26600799511901,0.1375,0.0465,0.1375,0.04089902765211027,raw,platt,2025-12-14T18:00:00Z,2026-07-18 17:47:14,2025-12-10 20:15:00,hindcast
QB,00-0040398,Brady Cook,NYJ,JAX,2025_15_NYJ_JAX,2025,15,NA,Full Participation in Practice,20,25,1.760277361433143,-7.896856706963048,-21.336550238532787,5.5428368246066935,-24.777017586237776,8.983304172311682,0.1025,0.035,0.1025,0.030423501788972553,raw,platt,2025-12-14T18:00:00Z,2026-07-18 17:47:14,2025-12-10 20:15:00,hindcast
QB,00-0038102,Kenny Pickett,LV,PHI,2025_15_LV_PHI,2025,15,NA,NA,20,25,1.9419335051999695,-7.499855562226403,-20.939549093796145,5.939837969343338,-24.380016441501134,9.380305317048325,0.0735,0.0145,0.0735,0.012172252652441254,raw,platt,2025-12-14T18:00:00Z,2026-07-18 17:47:14,2025-12-10 20:15:00,hindcast
QB,00-0022942,Philip Rivers,IND,SEA,2025_15_IND_SEA,2025,15,NA,NA,20,25,2.6773442332924096,-9.515933023565013,-22.955626555134756,3.9237605080047278,-26.396093902839745,7.364227855709716,0.0595,0.012,0.0595,0.010000890525146229,raw,platt,2025-12-14T21:25:00Z,2026-07-18 17:47:14,2025-12-10 20:15:00,hindcast
RB,00-0034844,Saquon Barkley,PHI,LV,2025_15_LV_PHI,2025,15,NA,NA,15,20,23.978839341880363,-0.5509973662966177,-7.129677137565801,6.027682404972565,-9.423757403622236,8.321762671029003,0.7015,0.4495,0.7015,0.46985007556289266,raw,platt,2025-12-14T18:00:00Z,2026-07-18 17:47:14,2025-12-10 20:15:00,hindcast
RB,00-0040122,Ashton Jeanty,LV,PHI,2025_15_LV_PHI,2025,15,NA,NA,15,20,23.74454540375838,-2.182103539611138,-8.723822230210619,4.359615150988342,-11.005013635777631,6.640806556555356,0.605,0.3455,0.605,0.36849559606352983,raw,platt,2025-12-14T18:00:00Z,2026-07-18 17:47:14,2025-12-10 20:15:00,hindcast
RB,00-0036223,Jonathan Taylor,IND,SEA,2025_15_IND_SEA,2025,15,NA,NA,15,20,22.755064755435562,-1.7182834355218701,-8.102161766540146,4.665594895496405,-10.328311968295434,6.891745097251693,0.591,0.341,0.591,0.3640560249521142,raw,platt,2025-12-14T21:25:00Z,2026-07-18 17:47:14,2025-12-10 20:15:00,hindcast
RB,00-0038120,Breece Hall,NYJ,JAX,2025_15_NYJ_JAX,2025,15,NA,Full Participation in Practice,15,20,21.21641707573344,-1.7805934097951694,-7.9130915060576505,4.3519046864673125,-10.051581804020627,6.490394984430287,0.525,0.2735,0.525,0.29679981814254625,raw,platt,2025-12-14T18:00:00Z,2026-07-18 17:47:14,2025-12-10 20:15:00,hindcast
RB,00-0036997,Javonte Williams,DAL,MIN,2025_15_MIN_DAL,2025,15,NA,NA,15,20,22.102191688714548,-2.359637798861791,-8.637765101462083,3.9184895037385017,-10.827038398451712,6.107762800728131,0.524,0.2865,0.524,0.3098564955386449,raw,platt,2025-12-15T01:20:00Z,2026-07-18 17:47:14,2025-12-10 20:15:00,hindcast
RB,00-0033280,Christian McCaffrey,SF,TEN,2025_15_TEN_SF,2025,15,NA,Full Participation in Practice,15,20,20.31000470040024,-1.29670133025759,-7.277468436144988,4.684065775629809,-9.363047955217517,6.769645294702337,0.503,0.2715,0.503,0.2947863305011432,raw,platt,2025-12-14T21:25:00Z,2026-07-18 17:47:14,2025-12-10 20:15:00,hindcast
RB,00-0039040,De'Von Achane,MIA,PIT,2025_15_MIA_PIT,2025,15,NA,Full Participation in Practice,15,20,18.931523012449063,-0.4430136415969199,-6.187374984903367,5.301347701709527,-8.190516414028501,7.304489130834662,0.4925,0.2425,0.4925,0.2654397475220538,raw,platt,2025-12-16T01:15:00Z,2026-07-18 17:47:14,2025-12-10 20:15:00,hindcast
RB,00-0038542,Bijan Robinson,ATL,TB,2025_15_ATL_TB,2025,15,NA,NA,15,20,19.373285519080515,-0.9058149869765337,-6.726712959213468,4.9150829852604,-8.756543811773792,6.9449138378207245,0.492,0.2555,0.492,0.2786308539073943,raw,platt,2025-12-12T01:15:00Z,2026-07-18 17:47:14,2025-12-10 20:15:00,hindcast
RB,00-0037248,James Cook,BUF,NE,2025_15_BUF_NE,2025,15,NA,NA,15,20,19.472546176623773,-1.0056212117009022,-6.843613670454015,4.832371247052212,-8.879405616355044,6.868163192953238,0.4825,0.256,0.4825,0.2791370213008952,raw,platt,2025-12-14T18:00:00Z,2026-07-18 17:47:14,2025-12-10 20:15:00,hindcast
RB,00-0040784,Quinshon Judkins,CLE,CHI,2025_15_CLE_CHI,2025,15,NA,NA,15,20,19.16664996576182,-0.9338042749769496,-6.718995667862294,4.851387117908394,-8.736375122587964,6.8687665726340645,0.475,0.2485,0.475,0.27153538189893267,raw,platt,2025-12-14T18:00:00Z,2026-07-18 17:47:14,2025-12-10 20:15:00,hindcast
RB,00-0039139,Jahmyr Gibbs,DET,LA,2025_15_DET_LA,2025,15,NA,NA,15,20,19.05792253321557,-0.750882608267023,-6.517220056415252,5.0154548398812056,-8.528024869409974,7.026259652875927,0.4745,0.2575,0.4745,0.2806550078448972,raw,platt,2025-12-14T21:25:00Z,2026-07-18 17:47:14,2025-12-10 20:15:00,hindcast
RB,00-0040583,Woody Marks,HOU,ARI,2025_15_ARI_HOU,2025,15,NA,Full Participation in Practice,15,20,19.443747094248987,-1.2475580781803726,-7.08059464455955,4.585478488198806,-9.11465839950266,6.619542243141915,0.469,0.2325,0.469,0.2552511816556538,raw,platt,2025-12-14T18:00:00Z,2026-07-18 17:47:14,2025-12-10 20:15:00,hindcast
RB,00-0033923,Kareem Hunt,KC,LAC,2025_15_LAC_KC,2025,15,NA,NA,15,20,19.423190784047954,-1.4197100665993316,-7.2492072850268015,4.409787151828138,-9.282036818428049,6.442616685229385,0.4625,0.238,0.4625,0.2608594686699257,raw,platt,2025-12-14T18:00:00Z,2026-07-18 17:47:14,2025-12-10 20:15:00,hindcast
RB,00-0040666,Omarion Hampton,LAC,KC,2025_15_LAC_KC,2025,15,NA,NA,15,20,18.185004423085225,-0.67972060730158,-6.292993051169323,4.933551836566163,-8.250421895435904,6.890980680832745,0.4565,0.2205,0.4565,0.24297492746973573,raw,platt,2025-12-14T18:00:00Z,2026-07-18 17:47:14,2025-12-10 20:15:00,hindcast
RB,00-0032764,Derrick Henry,BAL,CIN,2025_15_BAL_CIN,2025,15,NA,NA,15,20,18.04394441349522,-0.5210661474870828,-6.109312556599447,5.067180261625282,-8.058014462564413,7.015882167590247,0.454,0.2365,0.454,0.25933105398602896,raw,platt,2025-12-14T18:00:00Z,2026-07-18 17:47:14,2025-12-10 20:15:00,hindcast
RB,00-0038597,Chase Brown,CIN,BAL,2025_15_BAL_CIN,2025,15,NA,NA,15,20,19.259353904096773,-1.3936761649634188,-7.194906966732433,4.407554636805595,-9.21787959405178,6.430527264124943,0.448,0.2335,0.448,0.2562717121764603,raw,platt,2025-12-14T18:00:00Z,2026-07-18 17:47:14,2025-12-10 20:15:00,hindcast
RB,00-0040734,TreVeyon Henderson,NE,BUF,2025_15_BUF_NE,2025,15,NA,NA,15,20,18.306368400661476,-0.7969102976563485,-6.43164828385383,4.837827688541134,-8.396562471497957,6.8027418761852605,0.443,0.226,0.443,0.24860846337498071,raw,platt,2025-12-14T18:00:00Z,2026-07-18 17:47:14,2025-12-10 20:15:00,hindcast
RB,00-0040202,Devin Neal,NO,CAR,2025_15_CAR_NO,2025,15,NA,Full Participation in Practice,15,20,18.268102969826312,-0.915444345523307,-6.543420922598382,4.712532231551768,-8.505977309623272,6.675088618576659,0.4415,0.2285,0.4415,0.2511652694322295,raw,platt,2025-12-14T21:25:00Z,2026-07-18 17:47:14,2025-12-10 20:15:00,hindcast
RB,00-0036139,Rico Dowdle,CAR,NO,2025_15_CAR_NO,2025,15,NA,NA,15,20,18.416505353611377,-0.8479310920130458,-6.502096470410747,4.8062342863846546,-8.473785269164855,6.777923085138764,0.4365,0.234,0.4365,0.25678183635635043,raw,platt,2025-12-14T21:25:00Z,2026-07-18 17:47:14,2025-12-10 20:15:00,hindcast
RB,00-0035700,Josh Jacobs,GB,DEN,2025_15_GB_DEN,2025,15,Questionable,Limited Participation in Practice,15,20,18.69308294454046,-1.1734238435342719,-6.87615848690729,4.529310799838747,-8.864784086993994,6.51793639992545,0.4285,0.2055,0.4285,0.2275489435117742,raw,platt,2025-12-14T21:25:00Z,2026-07-18 17:47:14,2025-12-10 20:15:00,hindcast
RB,00-0036973,Travis Etienne,JAX,NYJ,2025_15_NYJ_JAX,2025,15,NA,NA,15,20,18.43592549524903,-1.1611436462455067,-6.8187294617218175,4.496442169230804,-8.791611016085888,6.469323723594875,0.406,0.1975,0.406,0.21928324206631236,raw,platt,2025-12-14T18:00:00Z,2026-07-18 17:47:14,2025-12-10 20:15:00,hindcast
RB,00-0039361,Bucky Irving,TB,ATL,2025_15_ATL_TB,2025,15,NA,Full Participation in Practice,15,20,17.00699077223194,-0.8238446013089226,-6.225494372811904,4.5778051701940585,-8.109127347177303,6.461438144559457,0.39,0.183,0.39,0.2042294889787862,raw,platt,2025-12-12T01:15:00Z,2026-07-18 17:47:14,2025-12-10 20:15:00,hindcast
RB,00-0039391,Kimani Vidal,LAC,KC,2025_15_LAC_KC,2025,15,NA,NA,15,20,18.24957807368069,-1.4168137176546236,-7.041514822085947,4.207887386776701,-9.002929004684527,6.16930156937528,0.3885,0.1945,0.3885,0.21617643106906081,raw,platt,2025-12-14T18:00:00Z,2026-07-18 17:47:14,2025-12-10 20:15:00,hindcast
RB,00-0035261,Tony Pollard,TEN,SF,2025_15_TEN_SF,2025,15,NA,Full Participation in Practice,15,20,17.402205471367775,-1.2717651488986637,-6.745089488435491,4.201559190638164,-8.653716415663997,6.110186117866669,0.377,0.174,0.377,0.19483666584889084,raw,platt,2025-12-14T21:25:00Z,2026-07-18 17:47:14,2025-12-10 20:15:00,hindcast
RB,00-0036275,D'Andre Swift,CHI,CLE,2025_15_CLE_CHI,2025,15,NA,NA,15,20,16.04477252206667,-0.7815803394724593,-6.005693919998073,4.442533241053155,-7.827417470832825,6.264256791887907,0.3405,0.1515,0.3405,0.17117713457805592,raw,platt,2025-12-14T18:00:00Z,2026-07-18 17:47:14,2025-12-10 20:15:00,hindcast
RB,00-0037840,Kyren Williams,LA,DET,2025_15_DET_LA,2025,15,NA,NA,15,20,16.031638166795453,-0.9541914717498418,-6.175850744238411,4.267467800738728,-7.996718442557101,6.0883354990574174,0.336,0.1455,0.336,0.16482222769624377,raw,platt,2025-12-14T21:25:00Z,2026-07-18 17:47:14,2025-12-10 20:15:00,hindcast
RB,00-0039384,Tyrone Tracy Jr.,NYG,WAS,2025_15_WAS_NYG,2025,15,NA,Full Participation in Practice,15,20,15.30362541041762,-0.5379409641866261,-5.622192895193581,4.546310966820328,-7.395144677026882,6.319262748653629,0.3305,0.1555,0.3305,0.17540269293736307,raw,platt,2025-12-14T18:00:00Z,2026-07-18 17:47:14,2025-12-10 20:15:00,hindcast
RB,00-0038134,Kenneth Walker III,SEA,IND,2025_15_IND_SEA,2025,15,NA,NA,15,20,16.046933628356136,-1.1833726566455094,-6.407889983131906,4.041144669840888,-8.229754325990791,5.863009012699774,0.328,0.1305,0.328,0.1488436822754343,raw,platt,2025-12-14T21:25:00Z,2026-07-18 17:47:14,2025-12-10 20:15:00,hindcast
RB,00-0036875,Rhamondre Stevenson,NE,BUF,2025_15_BUF_NE,2025,15,NA,NA,15,20,15.334870392694178,-0.9238600830557223,-6.014065751685025,4.16634558557358,-7.7890936874676875,5.941373521356242,0.322,0.1395,0.322,0.15844682723375741,raw,platt,2025-12-14T18:00:00Z,2026-07-18 17:47:14,2025-12-10 20:15:00,hindcast
RB,00-0033293,Aaron Jones,MIN,DAL,2025_15_MIN_DAL,2025,15,NA,Full Participation in Practice,15,20,15.660521309223157,-1.3212738271276614,-6.473227496971803,3.8306798427164805,-8.2697878489809,5.6272401947255775,0.3095,0.1205,0.3095,0.1381141696131249,raw,platt,2025-12-15T01:20:00Z,2026-07-18 17:47:14,2025-12-10 20:15:00,hindcast
RB,00-0040730,RJ Harvey,DEN,GB,2025_15_GB_DEN,2025,15,NA,NA,15,20,14.93715714272337,-0.5900994727439729,-5.604129823531324,4.423930878043378,-7.352594330252584,6.172395384764638,0.2925,0.1225,0.2925,0.14026525506408624,raw,platt,2025-12-14T21:25:00Z,2026-07-18 17:47:14,2025-12-10 20:15:00,hindcast
RB,00-0040236,Kyle Monangai,CHI,CLE,2025_15_CLE_CHI,2025,15,NA,NA,15,20,14.05532745036905,-1.0770511588406346,-5.9190310761915015,3.764928758510232,-7.607499121945494,5.453396804264225,0.256,0.098,0.256,0.11372170266365533,raw,platt,2025-12-14T18:00:00Z,2026-07-18 17:47:14,2025-12-10 20:15:00,hindcast
RB,00-0037228,Jaylen Warren,PIT,MIA,2025_15_MIA_PIT,2025,15,NA,NA,15,20,14.677899449916461,-1.5450431999717686,-6.508951040029743,3.4188646400862055,-8.239937106281587,5.149850706338051,0.2545,0.094,0.2545,0.10934543201332059,raw,platt,2025-12-16T01:15:00Z,2026-07-18 17:47:14,2025-12-10 20:15:00,hindcast
RB,00-0035250,Devin Singletary,NYG,WAS,2025_15_WAS_NYG,2025,15,NA,NA,15,20,14.140591503763543,-1.1798520414239362,-6.038664640298643,3.6789605574507704,-7.733002484226624,5.373298401378753,0.247,0.0945,0.247,0.10989317035908762,raw,platt,2025-12-14T18:00:00Z,2026-07-18 17:47:14,2025-12-10 20:15:00,hindcast
RB,00-0039738,Blake Corum,LA,DET,2025_15_DET_LA,2025,15,NA,NA,15,20,12.65515633473592,-0.48122487338958025,-5.040256856954914,4.077807110175754,-6.630056888185135,5.667607141405974,0.2405,0.086,0.2405,0.10055325940651517,raw,platt,2025-12-14T21:25:00Z,2026-07-18 17:47:14,2025-12-10 20:15:00,hindcast
RB,00-0037197,Isiah Pacheco,KC,LAC,2025_15_LAC_KC,2025,15,NA,NA,15,20,13.22855525622741,-1.0570246206565006,-5.733465936642693,3.619416695329692,-7.364208290941116,5.250159049628115,0.218,0.07,0.218,0.08279559762447304,raw,platt,2025-12-14T18:00:00Z,2026-07-18 17:47:14,2025-12-10 20:15:00,hindcast
RB,00-0039165,Zach Charbonnet,SEA,IND,2025_15_IND_SEA,2025,15,NA,NA,15,20,12.821388139365322,-0.9464988595906354,-5.539797751719232,3.6468000325379615,-7.1415471468715355,5.248549427690265,0.211,0.0745,0.211,0.08781487465581087,raw,platt,2025-12-14T21:25:00Z,2026-07-18 17:47:14,2025-12-10 20:15:00,hindcast
RB,00-0040242,Jacory Croskey-Merritt,WAS,NYG,2025_15_WAS_NYG,2025,15,NA,NA,15,20,12.061332287875729,-0.3779321503774886,-4.812956575572788,4.057092274817811,-6.3595133874353555,5.603649086680378,0.2055,0.0765,0.2055,0.09003918758624484,raw,platt,2025-12-14T18:00:00Z,2026-07-18 17:47:14,2025-12-10 20:15:00,hindcast
RB,00-0035685,David Montgomery,DET,LA,2025_15_DET_LA,2025,15,NA,NA,15,20,12.190900998905622,-0.6270406449746224,-5.089340781632496,3.835259491683251,-6.645409026424541,5.391327736475296,0.203,0.0705,0.203,0.0833543142642239,raw,platt,2025-12-14T21:25:00Z,2026-07-18 17:47:14,2025-12-10 20:15:00,hindcast
RB,00-0037525,Jordan Mason,MIN,DAL,2025_15_MIN_DAL,2025,15,NA,NA,15,20,11.542317252739418,-0.41038460455590003,-4.73487568672971,3.91410647761791,-6.242887931934046,5.422118722822246,0.183,0.058,0.183,0.06930463158194652,raw,platt,2025-12-15T01:20:00Z,2026-07-18 17:47:14,2025-12-10 20:15:00,hindcast
RB,00-0036555,Chuba Hubbard,CAR,NO,2025_15_CAR_NO,2025,15,NA,NA,15,20,10.832441712124451,-0.4321954798039743,-4.6020133320055425,3.7376223723975937,-6.056088797049796,5.191697837441847,0.177,0.057,0.177,0.06817286960040737,raw,platt,2025-12-14T21:25:00Z,2026-07-18 17:47:14,2025-12-10 20:15:00,hindcast
RB,00-0039032,Tyjae Spears,TEN,SF,2025_15_TEN_SF,2025,15,NA,NA,15,20,11.864151112596097,-0.7381828718825096,-5.131457550345658,3.6550918065806393,-6.663455624981135,5.187089881216116,0.167,0.0575,0.167,0.0687389035158437,raw,platt,2025-12-14T21:25:00Z,2026-07-18 17:47:14,2025-12-10 20:15:00,hindcast
RB,00-0033526,Samaje Perine,CIN,BAL,2025_15_BAL_CIN,2025,15,NA,NA,15,20,11.404240672886408,-0.5622173016483852,-4.8569479319022255,3.7325133286054553,-6.354582279438295,5.2301476761415255,0.1655,0.0405,0.1655,0.049305130567465306,raw,platt,2025-12-14T18:00:00Z,2026-07-18 17:47:14,2025-12-10 20:15:00,hindcast
RB,00-0036919,Kenneth Gainwell,PIT,MIA,2025_15_MIA_PIT,2025,15,NA,NA,15,20,11.462322218237508,-0.9134672486637129,-5.2207351421549,3.3938006448274742,-6.7227414137218,4.895806916394375,0.158,0.046,0.158,0.05563775943075345,raw,platt,2025-12-16T01:15:00Z,2026-07-18 17:47:14,2025-12-10 20:15:00,hindcast
RB,00-0036924,Michael Carter,ARI,HOU,2025_15_ARI_HOU,2025,15,NA,NA,15,20,11.156156639782553,-0.7455621623277684,-4.986433154507088,3.4953088298515507,-6.465285871512467,4.97416154685693,0.1555,0.055,0.1555,0.06590563006056493,raw,platt,2025-12-14T18:00:00Z,2026-07-18 17:47:14,2025-12-10 20:15:00,hindcast
RB,00-0037746,Brian Robinson,SF,TEN,2025_15_TEN_SF,2025,15,NA,NA,15,20,10.622492269530238,-0.38214864121347686,-4.5053995652170435,3.7411022827900897,-5.943236472565199,5.178939190138245,0.153,0.0525,0.153,0.06306441850245523,raw,platt,2025-12-14T21:25:00Z,2026-07-18 17:47:14,2025-12-10 20:15:00,hindcast
RB,00-0039405,Jawhar Jordan,HOU,ARI,2025_15_ARI_HOU,2025,15,NA,NA,15,20,10.577603700370602,-0.7586282380283738,-4.871872107176272,3.3546156311195245,-6.306219410551608,4.788962934494861,0.1415,0.0475,0.1415,0.057356885359179204,raw,platt,2025-12-14T18:00:00Z,2026-07-18 17:47:14,2025-12-10 20:15:00,hindcast
RB,00-0033955,Jeremy McNichols,WAS,NYG,2025_15_WAS_NYG,2025,15,NA,NA,15,20,9.23281988872096,-0.15812388120866505,-3.96264065852142,3.64639289610409,-5.289330384145504,4.9730826217281745,0.123,0.034,0.123,0.04175626319473131,raw,platt,2025-12-14T18:00:00Z,2026-07-18 17:47:14,2025-12-10 20:15:00,hindcast
RB,00-0032104,Ameer Abdullah,IND,SEA,2025_15_IND_SEA,2025,15,NA,NA,15,20,9.12955011397617,-0.7178664164853157,-4.497907033409879,3.062174200439247,-5.816061569833752,4.380328736863121,0.1155,0.0335,0.1155,0.041172387548901256,raw,platt,2025-12-14T21:25:00Z,2026-07-18 17:47:14,2025-12-10 20:15:00,hindcast
RB,00-0038555,Tank Bigsby,PHI,LV,2025_15_LV_PHI,2025,15,NA,NA,15,20,9.00635876434755,-0.2732992249633737,-4.023987156253894,3.4773887063271465,-5.331905988978844,4.785307539052096,0.112,0.029,0.112,0.035894873949388784,raw,platt,2025-12-14T18:00:00Z,2026-07-18 17:47:14,2025-12-10 20:15:00,hindcast
RB,00-0037563,Malik Davis,DAL,MIN,2025_15_MIN_DAL,2025,15,NA,NA,15,20,9.39847715595521,-0.7982852480598182,-4.641822406127765,3.045251910008128,-5.982119099802707,4.3855486036830715,0.108,0.0265,0.108,0.03294400377864139,raw,platt,2025-12-15T01:20:00Z,2026-07-18 17:47:14,2025-12-10 20:15:00,hindcast
RB,00-0035537,Ty Johnson,BUF,NE,2025_15_BUF_NE,2025,15,NA,NA,15,20,8.890824365828204,-0.11724204002171573,-3.8402458124552807,3.605761732411849,-5.138510780769095,4.904026700725663,0.1045,0.024,0.1045,0.02997821101922997,raw,platt,2025-12-14T18:00:00Z,2026-07-18 17:47:14,2025-12-10 20:15:00,hindcast
RB,00-0039373,Audric Estimé,NO,CAR,2025_15_CAR_NO,2025,15,NA,NA,15,20,8.896563985643057,-0.45427834220376817,-4.17866103861073,3.270104354203193,-5.477406857548946,4.56885017314141,0.103,0.0235,0.103,0.029383144738376797,raw,platt,2025-12-14T21:25:00Z,2026-07-18 17:47:14,2025-12-10 20:15:00,hindcast
RB,00-0040238,LeQuint Allen Jr.,JAX,NYJ,2025_15_NYJ_JAX,2025,15,NA,NA,15,20,8.908339033748593,-0.1920931731289864,-3.919303598203276,3.535117251945303,-5.219035486802735,4.834849140544762,0.102,0.025,0.102,0.031166401441018055,raw,platt,2025-12-14T18:00:00Z,2026-07-18 17:47:14,2025-12-10 20:15:00,hindcast
RB,00-0038454,Keaton Mitchell,BAL,CIN,2025_15_BAL_CIN,2025,15,NA,Full Participation in Practice,15,20,8.929469021918905,-0.7260268960072872,-4.458307608603075,3.006253816588501,-5.759807579393903,4.307753787379329,0.097,0.023,0.097,0.02878741466568027,raw,platt,2025-12-14T18:00:00Z,2026-07-18 17:47:14,2025-12-10 20:15:00,hindcast
RB,00-0038738,Hunter Luepke,DAL,MIN,2025_15_MIN_DAL,2025,15,NA,Full Participation in Practice,15,20,8.604546822206109,-0.7023111944285101,-4.356048956961388,2.951426568104367,-5.630159871278591,4.225537482421572,0.0895,0.0225,0.0895,0.02819100783085276,raw,platt,2025-12-15T01:20:00Z,2026-07-18 17:47:14,2025-12-10 20:15:00,hindcast
RB,00-0039798,Isaiah Davis,NYJ,JAX,2025_15_NYJ_JAX,2025,15,NA,NA,15,20,8.905136124002164,-0.7948693437060433,-4.521310761172412,2.9315720737603255,-5.82077448575734,4.231035798345253,0.085,0.0235,0.085,0.029383144738376797,raw,platt,2025-12-14T18:00:00Z,2026-07-18 17:47:14,2025-12-10 20:15:00,hindcast
RB,00-0033854,Dare Ogunbowale,HOU,ARI,2025_15_ARI_HOU,2025,15,NA,NA,15,20,8.226121642328836,-0.5703446767878558,-4.1309946494574215,2.9903052958817096,-5.3726445124450155,4.2319551588693045,0.082,0.016,0.082,0.02036898568101084,raw,platt,2025-12-14T18:00:00Z,2026-07-18 17:47:14,2025-12-10 20:15:00,hindcast
WR,00-0036900,Ja'Marr Chase,CIN,BAL,2025_15_BAL_CIN,2025,15,NA,NA,15,20,10.573673895127493,2.5880254896798696,-4.360182805875041,9.34435495622107,-6.550796533753424,11.149960185112983,0.6105,0.378,0.5561669151940997,0.35612050388218114,strat_platt,strat_platt,2025-12-14T18:00:00Z,2026-07-18 17:47:14,2025-12-10 20:15:00,hindcast
WR,00-0038117,Wan'Dale Robinson,NYG,WAS,2025_15_WAS_NYG,2025,15,NA,NA,15,20,10.196496842568678,1.9600442914088145,-4.869871438205202,8.601347910286448,-7.023190181846876,10.376212886941167,0.56,0.3095,0.5246356677102946,0.3214985335307526,strat_platt,strat_platt,2025-12-14T18:00:00Z,2026-07-18 17:47:14,2025-12-10 20:15:00,hindcast
WR,00-0038543,Jaxon Smith-Njigba,SEA,IND,2025_15_IND_SEA,2025,15,NA,Full Participation in Practice,15,20,8.780797385376246,2.7653042370501315,-3.598638647930381,8.953503123471851,-5.605046638921516,10.607277457905877,0.494,0.2715,0.4948592985698799,0.29658470447711305,strat_platt,strat_platt,2025-12-14T21:25:00Z,2026-07-18 17:47:14,2025-12-10 20:15:00,hindcast
WR,00-0036554,Nico Collins,HOU,ARI,2025_15_ARI_HOU,2025,15,NA,NA,15,20,8.436631052198903,2.713555268261451,-3.531224675974641,8.785881968124473,-5.500063273138581,10.40868986923555,0.4775,0.2455,0.47789534364508046,0.27096491143879414,strat_platt,strat_platt,2025-12-14T18:00:00Z,2026-07-18 17:47:14,2025-12-10 20:15:00,hindcast
WR,00-0039075,Puka Nacua,LA,DET,2025_15_DET_LA,2025,15,NA,NA,15,20,9.10615996150741,2.0239493436205147,-4.450401588512017,8.319507294506908,-6.491618752382179,10.001972960399284,0.4795,0.2615,0.47540047361779103,0.2959514988666199,strat_platt,strat_platt,2025-12-14T21:25:00Z,2026-07-18 17:47:14,2025-12-10 20:15:00,hindcast
WR,00-0039064,Zay Flowers,BAL,CIN,2025_15_BAL_CIN,2025,15,NA,NA,15,20,8.822755300205229,1.8661125912657401,-4.5121880045627325,8.068272691967147,-6.523122658708825,9.72577811169385,0.452,0.2395,0.4516800732288507,0.2650112249301521,strat_platt,strat_platt,2025-12-14T18:00:00Z,2026-07-18 17:47:14,2025-12-10 20:15:00,hindcast
WR,00-0036613,Jaylen Waddle,MIA,PIT,2025_15_MIA_PIT,2025,15,NA,NA,15,20,8.19864757002077,2.6104179371064573,-3.550457642419671,8.601157340281208,-5.492843081396033,10.202161324007701,0.4385,0.225,0.43780456311773613,0.2505537577862176,strat_platt,strat_platt,2025-12-16T01:15:00Z,2026-07-18 17:47:14,2025-12-10 20:15:00,hindcast
WR,00-0036259,Jauan Jennings,SF,TEN,2025_15_TEN_SF,2025,15,NA,NA,15,20,7.863566831101833,2.4102213790315545,-3.6303092277968156,8.283939206196827,-5.53475260486903,9.853669586322095,0.4135,0.2065,0.41211987439384745,0.2319554014184207,strat_platt,strat_platt,2025-12-14T21:25:00Z,2026-07-18 17:47:14,2025-12-10 20:15:00,hindcast
WR,00-0040129,Emeka Egbuka,TB,ATL,2025_15_ATL_TB,2025,15,NA,NA,15,20,8.275768166466799,1.4246425901120487,-4.763561912658992,7.441956212359443,-6.714563546182477,9.050062062439391,0.3985,0.1795,0.39671834397813516,0.20446924099875113,strat_platt,strat_platt,2025-12-12T01:15:00Z,2026-07-18 17:47:14,2025-12-10 20:15:00,hindcast
WR,00-0037240,Jameson Williams,DET,LA,2025_15_DET_LA,2025,15,NA,NA,15,20,7.536376667458575,2.295196935777953,-3.6251843704215125,8.052083455404171,-5.491747376589901,9.590591080506098,0.3905,0.1895,0.38850777362584643,0.21469992189854026,strat_platt,strat_platt,2025-12-14T21:25:00Z,2026-07-18 17:47:14,2025-12-10 20:15:00,hindcast
WR,00-0037247,George Pickens,DAL,MIN,2025_15_MIN_DAL,2025,15,NA,NA,15,20,8.293466405293229,1.6112393377314942,-4.583217854113489,7.634632977393224,-6.536190819804766,9.24436369069061,0.383,0.182,0.38081292523282534,0.20703276234363333,strat_platt,strat_platt,2025-12-15T01:20:00Z,2026-07-18 17:47:14,2025-12-10 20:15:00,hindcast
WR,00-0034960,Jakobi Meyers,JAX,NYJ,2025_15_NYJ_JAX,2025,15,NA,NA,15,20,7.789016479671913,1.7215292470368206,-4.291860747590009,7.568855965853407,-6.187747300349724,9.131533415320597,0.3505,0.1635,0.3475026512940794,0.18796537223359266,strat_platt,strat_platt,2025-12-14T18:00:00Z,2026-07-18 17:47:14,2025-12-10 20:15:00,hindcast
WR,00-0036358,CeeDee Lamb,DAL,MIN,2025_15_MIN_DAL,2025,15,NA,Full Participation in Practice,15,20,8.255890246094708,1.03547666924382,-5.145696662954405,7.04595329079914,-7.0944815266107994,8.652231976549597,0.349,0.167,0.34596677917242386,0.19159042680162106,strat_platt,strat_platt,2025-12-15T01:20:00Z,2026-07-18 17:47:14,2025-12-10 20:15:00,hindcast
WR,00-0035640,DK Metcalf,PIT,MIA,2025_15_MIA_PIT,2025,15,NA,Limited Participation in Practice,15,20,7.648799042640828,1.702156023216398,-4.259813140399241,7.499481927293852,-6.139487862206205,9.048796835311734,0.347,0.156,0.34391918199178484,0.18016801378427333,strat_platt,strat_platt,2025-12-16T01:15:00Z,2026-07-18 17:47:14,2025-12-10 20:15:00,hindcast
WR,00-0038559,Michael Wilson,ARI,HOU,2025_15_ARI_HOU,2025,15,NA,NA,15,20,8.282661437948244,0.8213556025837797,-5.369285092005719,6.841038139790118,-7.321054801990683,8.449777074040671,0.3395,0.1375,0.33624313050893045,0.16075158947665308,strat_platt,strat_platt,2025-12-14T18:00:00Z,2026-07-18 17:47:14,2025-12-10 20:15:00,hindcast
WR,00-0035659,Terry McLaurin,WAS,NYG,2025_15_WAS_NYG,2025,15,NA,Did Not Participate In Practice,15,20,7.21498358581853,1.8656155236614556,-3.9340367355496193,7.5051069994233535,-5.762536589832414,9.0122412129566,0.3305,0.15,0.3270372101861625,0.1739001903193446,strat_platt,strat_platt,2025-12-14T18:00:00Z,2026-07-18 17:47:14,2025-12-10 20:15:00,hindcast
WR,00-0038124,Christian Watson,GB,DEN,2025_15_GB_DEN,2025,15,NA,NA,15,20,6.936764957377842,2.313213347594671,-3.379617448963496,7.848833297765923,-5.174438899754959,9.328208212308756,0.3265,0.1415,0.3229476629535957,0.16497291987069976,strat_platt,strat_platt,2025-12-14T21:25:00Z,2026-07-18 17:47:14,2025-12-10 20:15:00,hindcast
WR,00-0036963,Amon-Ra St. Brown,DET,LA,2025_15_DET_LA,2025,15,NA,NA,15,20,7.47545905311492,1.2986909601984507,-4.599018684163088,7.033531909165966,-6.458433825508864,8.566147933236241,0.3215,0.129,0.3178375155043984,0.15173597656643667,strat_platt,strat_platt,2025-12-14T21:25:00Z,2026-07-18 17:47:14,2025-12-10 20:15:00,hindcast
WR,00-0039915,Ladd McConkey,LAC,KC,2025_15_LAC_KC,2025,15,NA,Limited Participation in Practice,15,20,6.976073149248579,1.9492313267410448,-3.758827090518574,7.499658377976949,-5.558449467467198,8.982990438073363,0.318,0.1315,0.3142616303830869,0.15439417986221832,strat_platt,strat_platt,2025-12-14T18:00:00Z,2026-07-18 17:47:14,2025-12-10 20:15:00,hindcast
WR,00-0037239,Chris Olave,NO,CAR,2025_15_CAR_NO,2025,15,NA,NA,15,20,7.5233160211214765,1.1850343992205525,-4.730494296957044,6.937202316484006,-6.595527384378358,8.474448911741035,0.312,0.129,0.30813395871594396,0.15173597656643667,strat_platt,strat_platt,2025-12-14T21:25:00Z,2026-07-18 17:47:14,2025-12-10 20:15:00,hindcast
WR,00-0031408,Mike Evans,TB,ATL,2025_15_ATL_TB,2025,15,Questionable,Limited Participation in Practice,15,20,6.77230970736639,1.6055862884075793,-4.023037402170068,7.078772249319321,-5.797615797226106,8.541461900358378,0.3075,0.1165,0.3035402762738737,0.13835849506815226,strat_platt,strat_platt,2025-12-12T01:15:00Z,2026-07-18 17:47:14,2025-12-10 20:15:00,hindcast
WR,00-0036322,Justin Jefferson,MIN,DAL,2025_15_MIN_DAL,2025,15,NA,Limited Participation in Practice,15,20,6.962174265488053,1.9115133494220047,-3.7911659546784255,7.456709834849376,-5.589092418288086,8.938644044675062,0.307,0.1235,0.30302997955171745,0.1458680136497467,strat_platt,strat_platt,2025-12-15T01:20:00Z,2026-07-18 17:47:14,2025-12-10 20:15:00,hindcast
WR,00-0034348,Courtland Sutton,DEN,GB,2025_15_GB_DEN,2025,15,NA,NA,15,20,7.037960076000183,1.9668786346063938,-3.7650627935448044,7.540529153443251,-5.572214946415033,9.030067603376182,0.303,0.1275,0.29894843229569057,0.15013836685922657,strat_platt,strat_platt,2025-12-14T21:25:00Z,2026-07-18 17:47:14,2025-12-10 20:15:00,hindcast
WR,00-0036252,Michael Pittman,IND,SEA,2025_15_IND_SEA,2025,15,NA,NA,15,20,8.382069671160906,-0.07260616001949928,-6.298261133175085,5.981123716006126,-8.261070057305037,7.59896168151417,0.3015,0.127,0.2974182361271774,0.14960537714307265,strat_platt,strat_platt,2025-12-14T21:25:00Z,2026-07-18 17:47:14,2025-12-10 20:15:00,hindcast
WR,00-0031381,Davante Adams,LA,DET,2025_15_DET_LA,2025,15,Questionable,Limited Participation in Practice,15,20,6.811796933766568,1.5471350575464462,-4.09697968887634,7.035384279751218,-5.876442065262559,8.50209953426174,0.297,0.113,0.2928289333077922,0.13458566401021232,strat_platt,strat_platt,2025-12-14T21:25:00Z,2026-07-18 17:47:14,2025-12-10 20:15:00,hindcast
WR,00-0033555,Mack Hollins,NE,BUF,2025_15_BUF_NE,2025,15,NA,NA,15,20,6.478803737403567,1.8581325476541135,-3.653822918619242,7.217872145396172,-5.391618447805861,8.65024365586018,0.289,0.103,0.2846750861957528,0.12373575942041047,strat_platt,strat_platt,2025-12-14T18:00:00Z,2026-07-18 17:47:14,2025-12-10 20:15:00,hindcast
WR,00-0039893,Brian Thomas Jr.,JAX,NYJ,2025_15_NYJ_JAX,2025,15,NA,NA,15,20,6.590226168728481,1.8041882595774967,-3.7523792601261987,7.207307922846253,-5.504239965904583,8.651272602875565,0.2765,0.1105,0.2719480019609745,0.13188313526103418,strat_platt,strat_platt,2025-12-14T18:00:00Z,2026-07-18 17:47:14,2025-12-10 20:15:00,hindcast
WR,00-0040124,Tetairoa McMillan,CAR,NO,2025_15_CAR_NO,2025,15,NA,NA,15,20,6.797575486611341,1.4693153030009574,-4.169225760641244,6.952144762929502,-5.946930880265053,8.417411605080359,0.273,0.1025,0.2683874786570979,0.12319041101149593,strat_platt,strat_platt,2025-12-14T21:25:00Z,2026-07-18 17:47:14,2025-12-10 20:15:00,hindcast
WR,00-0039067,Rashee Rice,KC,LAC,2025_15_LAC_KC,2025,15,NA,Full Participation in Practice,15,20,7.221096458326815,0.7054658141175538,-5.096508861361756,6.347215571266424,-6.925740921235207,7.85495330253823,0.2625,0.1075,0.25771440224153463,0.12863146450380716,strat_platt,strat_platt,2025-12-14T18:00:00Z,2026-07-18 17:47:14,2025-12-10 20:15:00,hindcast
WR,00-0036309,Darnell Mooney,ATL,TB,2025_15_ATL_TB,2025,15,NA,NA,15,20,6.2113202819433155,1.9552058826817045,-3.4479730562645297,7.209172880411408,-5.151473794060658,8.61327703644849,0.26,0.09,0.25517513673067155,0.1094617506546986,strat_platt,strat_platt,2025-12-12T01:15:00Z,2026-07-18 17:47:14,2025-12-10 20:15:00,hindcast
WR,00-0033921,Chris Godwin Jr.,TB,ATL,2025_15_ATL_TB,2025,15,NA,Limited Participation in Practice,15,20,6.443401484538641,1.6686274993286776,-3.8290688121180123,7.014501717130269,-5.562368750645494,8.44316775369087,0.2485,0.089,0.24350463762998345,0.10835519404760921,strat_platt,strat_platt,2025-12-12T01:15:00Z,2026-07-18 17:47:14,2025-12-10 20:15:00,hindcast
WR,00-0035719,Deebo Samuel Sr.,WAS,NYG,2025_15_WAS_NYG,2025,15,Questionable,Did Not Participate In Practice,15,20,6.862715586336995,1.0260736096984646,-4.637947077216877,6.533679058226374,-6.423685348719425,8.00556719597679,0.247,0.099,0.24198366379871478,0.11936503020658874,strat_platt,strat_platt,2025-12-14T18:00:00Z,2026-07-18 17:47:14,2025-12-10 20:15:00,hindcast
WR,00-0038606,Parker Washington,JAX,NYJ,2025_15_NYJ_JAX,2025,15,Questionable,Full Participation in Practice,15,20,6.469723370455531,1.4615499633494888,-4.0467520802558905,6.817737029823714,-5.783395767484155,8.249159138831686,0.246,0.0905,0.24096984807827454,0.11001455084022262,strat_platt,strat_platt,2025-12-14T18:00:00Z,2026-07-18 17:47:14,2025-12-10 20:15:00,hindcast
WR,00-0039424,Devaughn Vele,NO,CAR,2025_15_CAR_NO,2025,15,NA,NA,15,20,6.2816146190012985,1.8099299973884604,-3.622070710351408,7.091922833938058,-5.33465830330435,8.503516796588018,0.238,0.0805,0.23286422997009656,0.09889607215415389,strat_platt,strat_platt,2025-12-14T21:25:00Z,2026-07-18 17:47:14,2025-12-10 20:15:00,hindcast
WR,00-0037614,John Metchie III,NYJ,JAX,2025_15_NYJ_JAX,2025,15,NA,NA,15,20,6.425400171054017,0.9530600645655221,-4.537369918138591,6.291868617535439,-6.2683789467195545,7.718646380081452,0.237,0.0855,0.2318516535919484,0.10447202396531922,strat_platt,strat_platt,2025-12-14T18:00:00Z,2026-07-18 17:47:14,2025-12-10 20:15:00,hindcast
WR,00-0036407,Jerry Jeudy,CLE,CHI,2025_15_CLE_CHI,2025,15,NA,NA,15,20,6.433903958679188,1.2248001147778114,-4.269063804139076,6.566947773806975,-6.001155475537927,7.994617900674512,0.235,0.088,0.22982692735322643,0.10724735109086467,strat_platt,strat_platt,2025-12-14T18:00:00Z,2026-07-18 17:47:14,2025-12-10 20:15:00,hindcast
WR,00-0039894,Xavier Worthy,KC,LAC,2025_15_LAC_KC,2025,15,NA,NA,15,20,6.34501262535773,1.183010161210364,-4.2748392085624225,6.490137833898279,-5.995576303010997,7.908448992887381,0.222,0.0875,0.21668052114208688,0.10669294289981483,strat_platt,strat_platt,2025-12-14T18:00:00Z,2026-07-18 17:47:14,2025-12-10 20:15:00,hindcast
WR,00-0039491,Jalen Coker,CAR,NO,2025_15_CAR_NO,2025,15,NA,NA,15,20,5.700167385797076,1.9249061000765064,-3.2633066810854903,6.969843355983999,-4.899033426473723,8.318085050503004,0.221,0.067,0.21567032010927617,0.08365780413308695,strat_platt,strat_platt,2025-12-14T21:25:00Z,2026-07-18 17:47:14,2025-12-10 20:15:00,hindcast
WR,00-0039146,Jayden Reed,GB,DEN,2025_15_GB_DEN,2025,15,NA,Full Participation in Practice,15,20,6.067174003235804,1.2671060149511029,-4.076427854156985,6.463075076271908,-5.761123843559014,7.851679488289186,0.215,0.067,0.20961242580291295,0.08365780413308695,strat_platt,strat_platt,2025-12-14T21:25:00Z,2026-07-18 17:47:14,2025-12-10 20:15:00,hindcast
WR,00-0037816,Romeo Doubs,GB,DEN,2025_15_GB_DEN,2025,15,NA,NA,15,20,5.72807006283507,1.7279198698958507,-3.4722835334656175,6.78451661996967,-5.111790652221869,8.135874273196317,0.2145,0.0695,0.20910786141412677,0.08650126002762545,strat_platt,strat_platt,2025-12-14T21:25:00Z,2026-07-18 17:47:14,2025-12-10 20:15:00,hindcast
WR,00-0036040,Juwan Johnson,NO,CAR,2025_15_CAR_NO,2025,15,NA,NA,15,20,6.000604808608669,1.4144932912663633,-3.901243319925059,6.583432732178182,-5.5771754593963685,7.964813573440494,0.213,0.07,0.20759441222813693,0.08706872093643905,strat_platt,strat_platt,2025-12-14T21:25:00Z,2026-07-18 17:47:14,2025-12-10 20:15:00,hindcast
WR,00-0031588,Stefon Diggs,NE,BUF,2025_15_BUF_NE,2025,15,NA,NA,15,20,5.969647860678538,1.1452315042518815,-4.157523051091628,6.301547396368013,-5.82936224047468,7.679554638721992,0.2065,0.072,0.20104043406745875,0.08933455521985417,strat_platt,strat_platt,2025-12-14T18:00:00Z,2026-07-18 17:47:14,2025-12-10 20:15:00,hindcast
WR,00-0038563,Tre Tucker,LV,PHI,2025_15_LV_PHI,2025,15,NA,NA,15,20,6.720890875586392,0.27447258215929465,-5.33390766042028,5.727974129709209,-7.102103751838049,7.185403190679385,0.2065,0.0725,0.20104043406745875,0.08990002467575374,strat_platt,strat_platt,2025-12-14T18:00:00Z,2026-07-18 17:47:14,2025-12-10 20:15:00,hindcast
WR,00-0037261,Khalil Shakir,BUF,NE,2025_15_BUF_NE,2025,15,NA,NA,15,20,6.026504074630147,0.7669895001553358,-4.559581080767379,5.94646372439856,-6.238928927110339,7.330659949363314,0.2055,0.067,0.20003276143424797,0.08365780413308695,strat_platt,strat_platt,2025-12-14T18:00:00Z,2026-07-18 17:47:14,2025-12-10 20:15:00,hindcast
WR,00-0039868,Troy Franklin,DEN,GB,2025_15_GB_DEN,2025,15,NA,NA,15,20,6.056469424111636,1.0075808093902252,-4.331494044615387,6.199213993914147,-6.014784206891804,7.58665965814462,0.204,0.0585,0.19852157406826437,0.07390902321691833,strat_platt,strat_platt,2025-12-14T21:25:00Z,2026-07-18 17:47:14,2025-12-10 20:15:00,hindcast
WR,00-0039916,Ricky Pearsall,SF,TEN,2025_15_TEN_SF,2025,15,NA,NA,15,20,6.036626876986119,1.1084796630346117,-4.222318732043085,6.292064947876385,-5.902999513055368,7.677359839291583,0.204,0.057,0.19852157406826437,0.07217481458709386,strat_platt,strat_platt,2025-12-14T21:25:00Z,2026-07-18 17:47:14,2025-12-10 20:15:00,hindcast
WR,00-0030279,Keenan Allen,LAC,KC,2025_15_LAC_KC,2025,15,NA,Full Participation in Practice,15,20,6.129681205562834,0.9561337868281362,-4.413355156036121,6.177341157388641,-6.106234196155662,7.572690418566586,0.2005,0.0695,0.19499698916171265,0.08650126002762545,strat_platt,strat_platt,2025-12-14T18:00:00Z,2026-07-18 17:47:14,2025-12-10 20:15:00,hindcast
WR,00-0035535,Darius Slayton,NYG,WAS,2025_15_WAS_NYG,2025,15,NA,NA,15,20,5.713101515188839,1.6477454276646668,-3.5460293779456133,6.69809110946774,-5.183509704486415,8.04777818673865,0.2005,0.07,0.19499698916171265,0.08706872093643905,strat_platt,strat_platt,2025-12-14T18:00:00Z,2026-07-18 17:47:14,2025-12-10 20:15:00,hindcast
WR,00-0033908,Cooper Kupp,SEA,IND,2025_15_IND_SEA,2025,15,NA,Limited Participation in Practice,15,20,6.1772245514454065,0.5121817650636595,-4.87695545397872,5.7524948131833575,-6.576029153454181,7.152949999327402,0.1945,0.0665,0.18895990216745914,0.08308786270818999,strat_platt,strat_platt,2025-12-14T21:25:00Z,2026-07-18 17:47:14,2025-12-10 20:15:00,hindcast
WR,00-0040735,Luther Burden III,CHI,CLE,2025_15_CLE_CHI,2025,15,NA,NA,15,20,6.067654646964,0.7722274290939681,-4.571506555831873,5.968391079917376,-6.2562656372482595,7.357047495293154,0.191,0.062,0.18544129754429034,0.07793895575056159,strat_platt,strat_platt,2025-12-14T18:00:00Z,2026-07-18 17:47:14,2025-12-10 20:15:00,hindcast
WR,00-0036415,Van Jefferson,TEN,SF,2025_15_TEN_SF,2025,15,NA,NA,15,20,5.576621944374467,1.3297328900299556,-3.8050131102624416,6.32267988143984,-5.423882982745275,7.657027361075862,0.185,0.055,0.179414763716372,0.069855660089188365,strat_platt,strat_platt,2025-12-14T21:25:00Z,2026-07-18 17:47:14,2025-12-10 20:15:00,hindcast
WR,00-0040705,Chimere Dike,TEN,SF,2025_15_TEN_SF,2025,15,NA,NA,15,20,6.045060924431008,0.797426193982707,-4.5368918486654,5.984433929272176,-6.218682295357966,7.370643458502859,0.18,0.0585,0.17439798020598388,0.07390902321691833,strat_platt,strat_platt,2025-12-14T21:25:00Z,2026-07-18 17:47:14,2025-12-10 20:15:00,hindcast
WR,00-0039890,Adonai Mitchell,NYJ,JAX,2025_15_NYJ_JAX,2025,15,NA,NA,15,20,6.707317799666579,-0.38896952957598624,-5.991992479457149,5.05932267004141,-7.758499537036236,6.515359551143411,0.1735,0.0555,0.16788367019331746,0.07043619780793384,strat_platt,strat_platt,2025-12-14T18:00:00Z,2026-07-18 17:47:14,2025-12-10 20:15:00,hindcast
WR,00-0038997,Josh Downs,IND,SEA,2025_15_IND_SEA,2025,15,NA,Full Participation in Practice,15,20,6.08977587785331,-0.06953758270351329,-5.422472705071939,5.1355731107796245,-7.110132698081133,6.526620591761295,0.159,0.0515,0.15338406587477657,0.06577746356032484,strat_platt,strat_platt,2025-12-14T21:25:00Z,2026-07-18 17:47:14,2025-12-10 20:15:00,hindcast
WR,00-0034827,DJ Moore,CHI,CLE,2025_15_CLE_CHI,2025,15,NA,NA,15,20,5.921234205847054,0.1553221217574256,-5.127058393445197,5.291826614747191,-6.792474106425919,6.664539330534432,0.147,0.0425,0.14142064674242663,0.055164883866907224,strat_platt,strat_platt,2025-12-14T18:00:00Z,2026-07-18 17:47:14,2025-12-10 20:15:00,hindcast
WR,00-0039342,Xavier Legette,CAR,NO,2025_15_CAR_NO,2025,15,NA,NA,15,20,5.421306852283686,0.8984298785727824,-4.1682063712982975,5.825148010087275,-5.765602772070337,7.1417960604217985,0.143,0.035,0.13744064576891962,0.04616203555070025,strat_platt,strat_platt,2025-12-14T21:25:00Z,2026-07-18 17:47:14,2025-12-10 20:15:00,hindcast
WR,00-0035359,David Sills,ATL,TB,2025_15_ATL_TB,2025,15,NA,NA,15,20,5.228832121555132,0.7172150077811652,-4.263572295899797,5.560454961880212,-5.833902455700293,6.854793763622562,0.138,0.041,0.13247140282987846,0.05337679646098464,strat_platt,strat_platt,2025-12-12T01:15:00Z,2026-07-18 17:47:14,2025-12-10 20:15:00,hindcast
WR,00-0031610,Darren Waller,MIA,PIT,2025_15_MIA_PIT,2025,15,NA,Full Participation in Practice,15,20,5.061638648656319,1.0445013891297925,-3.8603506332240984,5.813903059032839,-5.406740107508329,7.088508839658184,0.1345,0.036,0.12899685336896566,0.04737180823998758,strat_platt,strat_platt,2025-12-16T01:15:00Z,2026-07-18 17:47:14,2025-12-10 20:15:00,hindcast
WR,00-0032211,Tyler Lockett,LV,PHI,2025_15_LV_PHI,2025,15,NA,NA,15,20,5.187769025258429,0.692245400038367,-4.2700120541571,5.5174672172646995,-5.834500169371164,6.806990735455031,0.1305,0.033,0.1250300136027049,0.04373308216607285,strat_platt,strat_platt,2025-12-14T18:00:00Z,2026-07-18 17:47:14,2025-12-10 20:15:00,hindcast
WR,00-0037545,Rashid Shaheed,SEA,IND,2025_15_IND_SEA,2025,15,NA,NA,15,20,5.081682338101847,0.5819347443084806,-4.3320897168744,5.3602555507866345,-5.881371054724344,6.637244939215146,0.1195,0.0355,0.11414466445461492,0.04676730502430926,strat_platt,strat_platt,2025-12-14T21:25:00Z,2026-07-18 17:47:14,2025-12-10 20:15:00,hindcast
WR,00-0039410,Ryan Flournoy,DAL,MIN,2025_15_MIN_DAL,2025,15,NA,NA,15,20,5.33377659830032,0.08290584252217151,-4.944892222138421,4.97185832798767,-6.5300438170455575,6.278413642567339,0.1175,0.0355,0.11216936987280295,0.04676730502430926,strat_platt,strat_platt,2025-12-15T01:20:00Z,2026-07-18 17:47:14,2025-12-10 20:15:00,hindcast
WR,00-0037291,Jalen Nailor,MIN,DAL,2025_15_MIN_DAL,2025,15,NA,NA,15,20,4.9644770219626695,1.336664552899073,-3.523450301260068,6.0625644976282835,-5.055735153082631,7.325544595576565,0.1495,0.042,0.10297892301097454,0.031523180164892084,strat_platt,strat_platt,2025-12-15T01:20:00Z,2026-07-18 17:47:14,2025-12-10 20:15:00,hindcast
WR,00-0040727,Tre Harris,LAC,KC,2025_15_LAC_KC,2025,15,NA,NA,15,20,4.964659290366247,1.0154982282503833,-3.844700979835884,5.741480197423769,-5.377012426553549,7.00448221611556,0.12,0.0305,0.0997736945132551,0.027323768929937105,strat_platt,strat_platt,2025-12-14T18:00:00Z,2026-07-18 17:47:14,2025-12-10 20:15:00,hindcast
WR,00-0040782,Isaiah Bond,CLE,CHI,2025_15_CLE_CHI,2025,15,NA,NA,15,20,4.744366798843484,0.794605498281167,-3.9624228867959532,5.420265766962364,-5.462206894555731,6.6564571649055555,0.1195,0.0335,0.09971466715507815,0.02849050359274229,strat_platt,strat_platt,2025-12-14T18:00:00Z,2026-07-18 17:47:14,2025-12-10 20:15:00,hindcast
WR,00-0035406,Lil'Jordan Humphrey,DEN,GB,2025_15_GB_DEN,2025,15,NA,NA,15,20,4.872328444688082,0.685469208427551,-4.131788133955823,5.3696951765924,-5.650560976689832,6.621538051235341,0.1135,0.0245,0.09899164912176776,0.024789025929192177,strat_platt,strat_platt,2025-12-14T21:25:00Z,2026-07-18 17:47:14,2025-12-10 20:15:00,hindcast
WR,00-0038976,Marvin Mims Jr.,DEN,GB,2025_15_GB_DEN,2025,15,NA,NA,15,20,4.4928390543117835,1.0692519327517027,-3.5668382403259615,5.577313768771423,-5.028493151178762,6.782077400206987,0.111,0.0245,0.09868197020661792,0.024789025929192177,strat_platt,strat_platt,2025-12-14T21:25:00Z,2026-07-18 17:47:14,2025-12-10 20:15:00,hindcast
WR,00-0040667,Matthew Golden,GB,DEN,2025_15_GB_DEN,2025,15,NA,Full Participation in Practice,15,20,4.903090542432815,0.6856834169705376,-4.145928263911849,5.383867320195513,-5.669226706575076,6.639440403771263,0.109,0.028,0.09843043937197761,0.02630360127694092,strat_platt,strat_platt,2025-12-14T21:25:00Z,2026-07-18 17:47:14,2025-12-10 20:15:00,hindcast
WR,00-0040729,Jack Bech,LV,PHI,2025_15_LV_PHI,2025,15,NA,NA,15,20,4.80488092458794,0.4565089690348118,-4.329107560891058,5.109967904252663,-5.837904767434802,6.353588397816988,0.1045,0.027,0.0978515069285575,0.025881847948016245,strat_platt,strat_platt,2025-12-14T18:00:00Z,2026-07-18 17:47:14,2025-12-10 20:15:00,hindcast
WR,00-0035208,Olamide Zaccheaus,CHI,CLE,2025_15_CLE_CHI,2025,15,NA,Full Participation in Practice,15,20,4.880600258715619,0.44528991920482996,-4.375831937258099,5.133273680636509,-5.895823174322581,6.3861208122810185,0.1,0.0205,0.09725333438836418,0.02290611190591148,strat_platt,strat_platt,2025-12-14T18:00:00Z,2026-07-18 17:47:14,2025-12-10 20:15:00,hindcast
WR,00-0039451,Isaiah Williams,NYJ,JAX,2025_15_NYJ_JAX,2025,15,NA,NA,15,20,4.861540943859035,0.010822015161553518,-4.801390306816366,4.690142284105141,-6.31857256813895,5.940674127927404,0.0975,0.0225,0.09691207952295078,0.023870392673050893,strat_platt,strat_platt,2025-12-14T18:00:00Z,2026-07-18 17:47:14,2025-12-10 20:15:00,hindcast
WR,00-0033307,Kendrick Bourne,SF,TEN,2025_15_TEN_SF,2025,15,NA,NA,15,20,4.456943399543967,0.8928894376554565,-3.725653225580435,5.383888348563354,-5.181775801431987,6.584091973422171,0.094,0.0245,0.09642283891448183,0.024789025929192177,strat_platt,strat_platt,2025-12-14T21:25:00Z,2026-07-18 17:47:14,2025-12-10 20:15:00,hindcast
WR,00-0031236,Brandin Cooks,BUF,NE,2025_15_BUF_NE,2025,15,NA,NA,15,20,4.621983473092741,0.4941967990917918,-4.204421562594933,5.063060071283065,-5.685790204314727,6.2840726721656,0.0925,0.019,0.0962088513932271,0.0221486276480343,strat_platt,strat_platt,2025-12-14T18:00:00Z,2026-07-18 17:47:14,2025-12-10 20:15:00,hindcast
WR,00-0038104,Tyquan Thornton,KC,LAC,2025_15_LAC_KC,2025,15,NA,NA,15,20,4.533974819357496,0.5098125631975251,-4.146296085861442,5.037340053295901,-5.614262371737916,6.247305812153209,0.0825,0.0215,0.09470868863402339,0.02339437332953644,strat_platt,strat_platt,2025-12-14T18:00:00Z,2026-07-18 17:47:14,2025-12-10 20:15:00,hindcast
WR,00-0037231,Kevin Austin Jr.,NO,CAR,2025_15_CAR_NO,2025,15,NA,NA,15,20,4.4310272080530675,0.3294280156776609,-4.27639920946483,4.80806263273942,-5.728512893806722,6.0049619436611055,0.078,0.015,0.0939865777177655,0.019951414641284977,strat_platt,strat_platt,2025-12-14T21:25:00Z,2026-07-18 17:47:14,2025-12-10 20:15:00,hindcast
WR,00-0038640,Jalen Brooks,ARI,HOU,2025_15_ARI_HOU,2025,15,NA,NA,15,20,4.551635889076823,-0.18738510657058416,-4.852059020035049,4.34847111315563,-6.3227257410440725,5.560662695641066,0.0745,0.018,0.09340173230512522,0.021625265601576592,strat_platt,strat_platt,2025-12-14T18:00:00Z,2026-07-18 17:47:14,2025-12-10 20:15:00,hindcast
QB,00-0036389,Jalen Hurts,PHI,LV,2025_15_LV_PHI,2025,15,NA,NA,20,25,6.93390120192036,5.478897839615014,-7.960795691954727,18.918591371184753,-11.401263039659716,22.35905871888974,0.5045,0.301,0.5045,0.28939625136807806,raw,platt,2025-12-14T18:00:00Z,2026-07-18 18:38:32,2025-12-10 20:15:00,hindcast
QB,00-0034857,Josh Allen,BUF,NE,2025_15_BUF_NE,2025,15,NA,NA,20,25,5.434985499375528,5.484063749273873,-7.955629782295868,18.923757280843613,-11.396097130000857,22.3642246285486,0.497,0.2835,0.497,0.2717047092600588,raw,platt,2025-12-14T18:00:00Z,2026-07-18 18:38:32,2025-12-10 20:15:00,hindcast
QB,00-0034796,Lamar Jackson,BAL,CIN,2025_15_BAL_CIN,2025,15,NA,Full Participation in Practice,20,25,5.216094959489634,6.1406353770180475,-7.299058154551694,19.580328908587788,-10.739525502256683,23.020796256292776,0.486,0.2675,0.486,0.2555827955847422,raw,platt,2025-12-14T18:00:00Z,2026-07-18 18:38:32,2025-12-10 20:15:00,hindcast
QB,00-0037834,Brock Purdy,SF,TEN,2025_15_TEN_SF,2025,15,NA,NA,20,25,2.732476979241321,5.440006486453121,-7.99968704511662,18.879700018022863,-11.440154392821608,22.32016736572785,0.3925,0.201,0.3925,0.1892045352724007,raw,platt,2025-12-14T21:25:00Z,2026-07-18 18:38:32,2025-12-10 20:15:00,hindcast
QB,00-0034855,Baker Mayfield,TB,ATL,2025_15_ATL_TB,2025,15,NA,Full Participation in Practice,20,25,3.0118187522395976,5.641338846542256,-7.798354685027485,19.081032378112,-11.238822032732473,22.521499725816987,0.383,0.1965,0.383,0.1847541984365822,raw,platt,2025-12-12T01:15:00Z,2026-07-18 18:38:32,2025-12-10 20:15:00,hindcast
QB,00-0036355,Justin Herbert,LAC,KC,2025_15_LAC_KC,2025,15,NA,Limited Participation in Practice,20,25,4.158664629411894,3.7675361991765,-9.67215733239324,17.207229730746242,-13.112624680098229,20.64769707845123,0.3785,0.192,0.3785,0.18030971720243255,raw,platt,2025-12-14T18:00:00Z,2026-07-18 18:38:32,2025-12-10 20:15:00,hindcast
QB,00-0039732,Bo Nix,DEN,GB,2025_15_GB_DEN,2025,15,NA,NA,20,25,4.43322297927373,1.977249713364824,-11.462443818204918,15.416943244934565,-14.902911165909906,18.857410592639553,0.359,0.187,0.359,0.17537842200041556,raw,platt,2025-12-14T21:25:00Z,2026-07-18 18:38:32,2025-12-10 20:15:00,hindcast
QB,00-0040691,Jaxson Dart,NYG,WAS,2025_15_WAS_NYG,2025,15,NA,NA,20,25,5.32859997758589,2.3888910741760307,-11.050802457393711,15.828584605745771,-14.4912698050987,19.26905195345076,0.353,0.1695,0.353,0.15817959929918105,raw,platt,2025-12-14T18:00:00Z,2026-07-18 18:38:32,2025-12-10 20:15:00,hindcast
QB,00-0036971,Trevor Lawrence,JAX,NYJ,2025_15_NYJ_JAX,2025,15,NA,Full Participation in Practice,20,25,3.48049574546877,3.8946121237084412,-9.5450814078613,17.334305655278182,-12.985548755566288,20.77477300298317,0.351,0.1745,0.351,0.16308363898422146,raw,platt,2025-12-14T18:00:00Z,2026-07-18 18:38:32,2025-12-10 20:15:00,hindcast
QB,00-0039851,Drake Maye,NE,BUF,2025_15_BUF_NE,2025,15,NA,NA,20,25,3.5252468185164023,1.8092533396591683,-11.630440191910573,15.24894687122891,-15.070907539615561,18.689414218933898,0.3465,0.1715,0.3465,0.16014023962703644,raw,platt,2025-12-14T18:00:00Z,2026-07-18 18:38:32,2025-12-10 20:15:00,hindcast
QB,00-0033106,Jared Goff,DET,LA,2025_15_DET_LA,2025,15,NA,NA,20,25,1.3804781114521651,4.714049788739686,-8.725643742830055,18.153743320309427,-12.166111090535043,21.594210668014416,0.317,0.1595,0.317,0.14839640626828346,raw,platt,2025-12-14T21:25:00Z,2026-07-18 18:38:32,2025-12-10 20:15:00,hindcast
QB,00-0034869,Sam Darnold,SEA,IND,2025_15_IND_SEA,2025,15,NA,NA,20,25,2.153038976368353,3.7845874260989354,-9.655106105470805,17.224280957668675,-13.095573453175794,20.664748305373664,0.3045,0.1395,0.3045,0.1289358366509797,raw,platt,2025-12-14T21:25:00Z,2026-07-18 18:38:32,2025-12-10 20:15:00,hindcast
QB,00-0033873,Patrick Mahomes,KC,LAC,2025_15_LAC_KC,2025,15,NA,Full Participation in Practice,20,25,2.6955190643510822,2.2563595564153127,-11.18333397515443,15.696053087985053,-14.623801322859418,19.13652043569004,0.303,0.1385,0.303,0.12796672447507687,raw,platt,2025-12-14T18:00:00Z,2026-07-18 18:38:32,2025-12-10 20:15:00,hindcast
QB,00-0026498,Matthew Stafford,LA,DET,2025_15_DET_LA,2025,15,NA,NA,20,25,1.2569610358903043,2.521357539956473,-10.918335991613269,15.961051071526214,-14.358803339318257,19.401518419231202,0.2845,0.1445,0.2845,0.13378714912926368,raw,platt,2025-12-14T21:25:00Z,2026-07-18 18:38:32,2025-12-10 20:15:00,hindcast
QB,00-0036442,Joe Burrow,CIN,BAL,2025_15_BAL_CIN,2025,15,NA,NA,20,25,1.6410442429142071,2.7102516505474727,-10.729441881022268,16.149945182117214,-14.169909228727256,19.590412529822203,0.2805,0.127,0.2805,0.1168504556729878,raw,platt,2025-12-14T18:00:00Z,2026-07-18 18:38:32,2025-12-10 20:15:00,hindcast
QB,00-0039163,C.J. Stroud,HOU,ARI,2025_15_ARI_HOU,2025,15,NA,NA,20,25,2.374737851306567,1.7642409509920332,-11.675452580577709,15.203934482561774,-15.115919928282697,18.644401830266762,0.272,0.1205,0.272,0.11059147554063188,raw,platt,2025-12-14T18:00:00Z,2026-07-18 18:38:32,2025-12-10 20:15:00,hindcast
QB,00-0033077,Dak Prescott,DAL,MIN,2025_15_MIN_DAL,2025,15,NA,NA,20,25,1.7752746574787024,-0.39645735932097953,-13.836150890890721,13.043236172248761,-17.27661823859571,16.48370351995375,0.2695,0.122,0.2695,0.11203425506748736,raw,platt,2025-12-15T01:20:00Z,2026-07-18 18:38:32,2025-12-10 20:15:00,hindcast
QB,00-0036264,Jordan Love,GB,DEN,2025_15_GB_DEN,2025,15,NA,Full Participation in Practice,20,25,1.5647796404581285,4.454624571698686,-8.985068959871056,17.894318103268425,-12.425536307576044,21.334785450973413,0.2685,0.126,0.2685,0.1158863719090821,raw,platt,2025-12-14T21:25:00Z,2026-07-18 18:38:32,2025-12-10 20:15:00,hindcast
QB,00-0039150,Bryce Young,CAR,NO,2025_15_CAR_NO,2025,15,NA,NA,20,25,2.80384766230152,1.4836404446709333,-11.956053086898809,14.923333976240674,-15.396520434603797,18.363801323945662,0.2655,0.1125,0.2655,0.10291339261386458,raw,platt,2025-12-14T21:25:00Z,2026-07-18 18:38:32,2025-12-10 20:15:00,hindcast
QB,00-0040676,Cam Ward,TEN,SF,2025_15_TEN_SF,2025,15,NA,NA,20,25,3.09523449954326,-0.9705122359631777,-14.410205767532918,12.469181295606564,-17.850673115237907,15.909648643311552,0.2525,0.1085,0.2525,0.0990852529571321,raw,platt,2025-12-14T21:25:00Z,2026-07-18 18:38:32,2025-12-10 20:15:00,hindcast
QB,00-0039923,J.J. McCarthy,MIN,DAL,2025_15_MIN_DAL,2025,15,NA,NA,20,25,2.8416371666542237,0.4816582128327633,-12.958035318736979,13.921351744402504,-16.398502666441967,17.361819092107492,0.2435,0.097,0.2435,0.08812217276900708,raw,platt,2025-12-15T01:20:00Z,2026-07-18 18:38:32,2025-12-10 20:15:00,hindcast
QB,00-0040743,Tyler Shough,NO,CAR,2025_15_CAR_NO,2025,15,NA,NA,20,25,4.457330484157064,-1.307788521458456,-14.747482053028197,12.131905010111286,-18.187949400733185,15.572372357816274,0.243,0.108,0.243,0.09860726153396854,raw,platt,2025-12-14T21:25:00Z,2026-07-18 18:38:32,2025-12-10 20:15:00,hindcast
QB,00-0032268,Marcus Mariota,WAS,NYG,2025_15_WAS_NYG,2025,15,NA,NA,20,25,4.62843034939848,-2.2769566383615416,-15.716650169931283,11.1627368932082,-19.157117517636273,14.603204240913188,0.2355,0.089,0.2355,0.08053548644577334,raw,platt,2025-12-14T18:00:00Z,2026-07-18 18:38:32,2025-12-10 20:15:00,hindcast
QB,00-0036212,Tua Tagovailoa,MIA,PIT,2025_15_MIA_PIT,2025,15,NA,NA,20,25,1.2231006617164508,2.842788056519111,-10.59690547505063,16.282481588088853,-14.037372822755618,19.72294893579384,0.2255,0.092,0.2255,0.08337649475676477,raw,platt,2025-12-16T01:15:00Z,2026-07-18 18:38:32,2025-12-10 20:15:00,hindcast
QB,00-0029604,Kirk Cousins,ATL,TB,2025_15_ATL_TB,2025,15,NA,NA,20,25,1.0640881325022706,1.695701034915391,-11.74399249665435,15.135394566485132,-15.184459844359338,18.57586191419012,0.2085,0.0845,0.2085,0.07628329890275393,raw,platt,2025-12-12T01:15:00Z,2026-07-18 18:38:32,2025-12-10 20:15:00,hindcast
QB,00-0039918,Caleb Williams,CHI,CLE,2025_15_CLE_CHI,2025,15,NA,NA,20,25,3.091460467241062,-2.3259487948285473,-15.76564232639829,11.113744736741193,-19.206109674103278,14.554212084446181,0.197,0.083,0.197,0.07486845699288898,raw,platt,2025-12-14T18:00:00Z,2026-07-18 18:38:32,2025-12-10 20:15:00,hindcast
QB,00-0033119,Jacoby Brissett,ARI,HOU,2025_15_ARI_HOU,2025,15,NA,NA,20,25,2.12371749179619,-6.1346794161156115,-19.574372947685355,7.30501411545413,-23.014840295390343,10.745481463159118,0.1575,0.0575,0.1575,0.05103351113626021,raw,platt,2025-12-14T18:00:00Z,2026-07-18 18:38:32,2025-12-10 20:15:00,hindcast
QB,00-0023459,Aaron Rodgers,PIT,MIA,2025_15_MIA_PIT,2025,15,NA,Full Participation in Practice,20,25,1.3173362299348084,-2.1027995191472035,-15.542493050716946,11.336894012422537,-18.982960398421934,14.777361360127525,0.153,0.0565,0.153,0.05010809522935103,raw,platt,2025-12-16T01:15:00Z,2026-07-18 18:38:32,2025-12-10 20:15:00,hindcast
QB,00-0040668,Shedeur Sanders,CLE,CHI,2025_15_CLE_CHI,2025,15,NA,NA,20,25,2.5030070908838344,-4.61415288415572,-18.05384641572546,8.825540647414021,-21.494313763430448,12.26600799511901,0.1375,0.0465,0.1375,0.04089902765211027,raw,platt,2025-12-14T18:00:00Z,2026-07-18 18:38:32,2025-12-10 20:15:00,hindcast
QB,00-0040398,Brady Cook,NYJ,JAX,2025_15_NYJ_JAX,2025,15,NA,Full Participation in Practice,20,25,1.760277361433143,-7.896856706963048,-21.336550238532787,5.5428368246066935,-24.777017586237776,8.983304172311682,0.1025,0.035,0.1025,0.030423501788972553,raw,platt,2025-12-14T18:00:00Z,2026-07-18 18:38:32,2025-12-10 20:15:00,hindcast
QB,00-0038102,Kenny Pickett,LV,PHI,2025_15_LV_PHI,2025,15,NA,NA,20,25,1.9419335051999695,-7.499855562226403,-20.939549093796145,5.939837969343338,-24.380016441501134,9.380305317048325,0.0735,0.0145,0.0735,0.012172252652441254,raw,platt,2025-12-14T18:00:00Z,2026-07-18 18:38:32,2025-12-10 20:15:00,hindcast
QB,00-0022942,Philip Rivers,IND,SEA,2025_15_IND_SEA,2025,15,NA,NA,20,25,2.6773442332924096,-9.515933023565013,-22.955626555134756,3.9237605080047278,-26.396093902839745,7.364227855709716,0.0595,0.012,0.0595,0.010000890525146229,raw,platt,2025-12-14T21:25:00Z,2026-07-18 18:38:32,2025-12-10 20:15:00,hindcast
RB,00-0034844,Saquon Barkley,PHI,LV,2025_15_LV_PHI,2025,15,NA,NA,15,20,23.978839341880363,-0.5509973662966177,-7.129677137565801,6.027682404972565,-9.423757403622236,8.321762671029003,0.7015,0.4495,0.7015,0.46985007556289266,raw,platt,2025-12-14T18:00:00Z,2026-07-18 18:38:32,2025-12-10 20:15:00,hindcast
RB,00-0040122,Ashton Jeanty,LV,PHI,2025_15_LV_PHI,2025,15,NA,NA,15,20,23.74454540375838,-2.182103539611138,-8.723822230210619,4.359615150988342,-11.005013635777631,6.640806556555356,0.605,0.3455,0.605,0.36849559606352983,raw,platt,2025-12-14T18:00:00Z,2026-07-18 18:38:32,2025-12-10 20:15:00,hindcast
RB,00-0036223,Jonathan Taylor,IND,SEA,2025_15_IND_SEA,2025,15,NA,NA,15,20,22.755064755435562,-1.7182834355218701,-8.102161766540146,4.665594895496405,-10.328311968295434,6.891745097251693,0.591,0.341,0.591,0.3640560249521142,raw,platt,2025-12-14T21:25:00Z,2026-07-18 18:38:32,2025-12-10 20:15:00,hindcast
RB,00-0038120,Breece Hall,NYJ,JAX,2025_15_NYJ_JAX,2025,15,NA,Full Participation in Practice,15,20,21.21641707573344,-1.7805934097951694,-7.9130915060576505,4.3519046864673125,-10.051581804020627,6.490394984430287,0.525,0.2735,0.525,0.29679981814254625,raw,platt,2025-12-14T18:00:00Z,2026-07-18 18:38:32,2025-12-10 20:15:00,hindcast
RB,00-0036997,Javonte Williams,DAL,MIN,2025_15_MIN_DAL,2025,15,NA,NA,15,20,22.102191688714548,-2.359637798861791,-8.637765101462083,3.9184895037385017,-10.827038398451712,6.107762800728131,0.524,0.2865,0.524,0.3098564955386449,raw,platt,2025-12-15T01:20:00Z,2026-07-18 18:38:32,2025-12-10 20:15:00,hindcast
RB,00-0033280,Christian McCaffrey,SF,TEN,2025_15_TEN_SF,2025,15,NA,Full Participation in Practice,15,20,20.31000470040024,-1.29670133025759,-7.277468436144988,4.684065775629809,-9.363047955217517,6.769645294702337,0.503,0.2715,0.503,0.2947863305011432,raw,platt,2025-12-14T21:25:00Z,2026-07-18 18:38:32,2025-12-10 20:15:00,hindcast
RB,00-0039040,De'Von Achane,MIA,PIT,2025_15_MIA_PIT,2025,15,NA,Full Participation in Practice,15,20,18.931523012449063,-0.4430136415969199,-6.187374984903367,5.301347701709527,-8.190516414028501,7.304489130834662,0.4925,0.2425,0.4925,0.2654397475220538,raw,platt,2025-12-16T01:15:00Z,2026-07-18 18:38:32,2025-12-10 20:15:00,hindcast
RB,00-0038542,Bijan Robinson,ATL,TB,2025_15_ATL_TB,2025,15,NA,NA,15,20,19.373285519080515,-0.9058149869765337,-6.726712959213468,4.9150829852604,-8.756543811773792,6.9449138378207245,0.492,0.2555,0.492,0.2786308539073943,raw,platt,2025-12-12T01:15:00Z,2026-07-18 18:38:32,2025-12-10 20:15:00,hindcast
RB,00-0037248,James Cook,BUF,NE,2025_15_BUF_NE,2025,15,NA,NA,15,20,19.472546176623773,-1.0056212117009022,-6.843613670454015,4.832371247052212,-8.879405616355044,6.868163192953238,0.4825,0.256,0.4825,0.2791370213008952,raw,platt,2025-12-14T18:00:00Z,2026-07-18 18:38:32,2025-12-10 20:15:00,hindcast
RB,00-0040784,Quinshon Judkins,CLE,CHI,2025_15_CLE_CHI,2025,15,NA,NA,15,20,19.16664996576182,-0.9338042749769496,-6.718995667862294,4.851387117908394,-8.736375122587964,6.8687665726340645,0.475,0.2485,0.475,0.27153538189893267,raw,platt,2025-12-14T18:00:00Z,2026-07-18 18:38:32,2025-12-10 20:15:00,hindcast
RB,00-0039139,Jahmyr Gibbs,DET,LA,2025_15_DET_LA,2025,15,NA,NA,15,20,19.05792253321557,-0.750882608267023,-6.517220056415252,5.0154548398812056,-8.528024869409974,7.026259652875927,0.4745,0.2575,0.4745,0.2806550078448972,raw,platt,2025-12-14T21:25:00Z,2026-07-18 18:38:32,2025-12-10 20:15:00,hindcast
RB,00-0040583,Woody Marks,HOU,ARI,2025_15_ARI_HOU,2025,15,NA,Full Participation in Practice,15,20,19.443747094248987,-1.2475580781803726,-7.08059464455955,4.585478488198806,-9.11465839950266,6.619542243141915,0.469,0.2325,0.469,0.2552511816556538,raw,platt,2025-12-14T18:00:00Z,2026-07-18 18:38:32,2025-12-10 20:15:00,hindcast
RB,00-0033923,Kareem Hunt,KC,LAC,2025_15_LAC_KC,2025,15,NA,NA,15,20,19.423190784047954,-1.4197100665993316,-7.2492072850268015,4.409787151828138,-9.282036818428049,6.442616685229385,0.4625,0.238,0.4625,0.2608594686699257,raw,platt,2025-12-14T18:00:00Z,2026-07-18 18:38:32,2025-12-10 20:15:00,hindcast
RB,00-0040666,Omarion Hampton,LAC,KC,2025_15_LAC_KC,2025,15,NA,NA,15,20,18.185004423085225,-0.67972060730158,-6.292993051169323,4.933551836566163,-8.250421895435904,6.890980680832745,0.4565,0.2205,0.4565,0.24297492746973573,raw,platt,2025-12-14T18:00:00Z,2026-07-18 18:38:32,2025-12-10 20:15:00,hindcast
RB,00-0032764,Derrick Henry,BAL,CIN,2025_15_BAL_CIN,2025,15,NA,NA,15,20,18.04394441349522,-0.5210661474870828,-6.109312556599447,5.067180261625282,-8.058014462564413,7.015882167590247,0.454,0.2365,0.454,0.25933105398602896,raw,platt,2025-12-14T18:00:00Z,2026-07-18 18:38:32,2025-12-10 20:15:00,hindcast
RB,00-0038597,Chase Brown,CIN,BAL,2025_15_BAL_CIN,2025,15,NA,NA,15,20,19.259353904096773,-1.3936761649634188,-7.194906966732433,4.407554636805595,-9.21787959405178,6.430527264124943,0.448,0.2335,0.448,0.2562717121764603,raw,platt,2025-12-14T18:00:00Z,2026-07-18 18:38:32,2025-12-10 20:15:00,hindcast
RB,00-0040734,TreVeyon Henderson,NE,BUF,2025_15_BUF_NE,2025,15,NA,NA,15,20,18.306368400661476,-0.7969102976563485,-6.43164828385383,4.837827688541134,-8.396562471497957,6.8027418761852605,0.443,0.226,0.443,0.24860846337498071,raw,platt,2025-12-14T18:00:00Z,2026-07-18 18:38:32,2025-12-10 20:15:00,hindcast
RB,00-0040202,Devin Neal,NO,CAR,2025_15_CAR_NO,2025,15,NA,Full Participation in Practice,15,20,18.268102969826312,-0.915444345523307,-6.543420922598382,4.712532231551768,-8.505977309623272,6.675088618576659,0.4415,0.2285,0.4415,0.2511652694322295,raw,platt,2025-12-14T21:25:00Z,2026-07-18 18:38:32,2025-12-10 20:15:00,hindcast
RB,00-0036139,Rico Dowdle,CAR,NO,2025_15_CAR_NO,2025,15,NA,NA,15,20,18.416505353611377,-0.8479310920130458,-6.502096470410747,4.8062342863846546,-8.473785269164855,6.777923085138764,0.4365,0.234,0.4365,0.25678183635635043,raw,platt,2025-12-14T21:25:00Z,2026-07-18 18:38:32,2025-12-10 20:15:00,hindcast
RB,00-0035700,Josh Jacobs,GB,DEN,2025_15_GB_DEN,2025,15,Questionable,Limited Participation in Practice,15,20,18.69308294454046,-1.1734238435342719,-6.87615848690729,4.529310799838747,-8.864784086993994,6.51793639992545,0.4285,0.2055,0.4285,0.2275489435117742,raw,platt,2025-12-14T21:25:00Z,2026-07-18 18:38:32,2025-12-10 20:15:00,hindcast
RB,00-0036973,Travis Etienne,JAX,NYJ,2025_15_NYJ_JAX,2025,15,NA,NA,15,20,18.43592549524903,-1.1611436462455067,-6.8187294617218175,4.496442169230804,-8.791611016085888,6.469323723594875,0.406,0.1975,0.406,0.21928324206631236,raw,platt,2025-12-14T18:00:00Z,2026-07-18 18:38:32,2025-12-10 20:15:00,hindcast
RB,00-0039361,Bucky Irving,TB,ATL,2025_15_ATL_TB,2025,15,NA,Full Participation in Practice,15,20,17.00699077223194,-0.8238446013089226,-6.225494372811904,4.5778051701940585,-8.109127347177303,6.461438144559457,0.39,0.183,0.39,0.2042294889787862,raw,platt,2025-12-12T01:15:00Z,2026-07-18 18:38:32,2025-12-10 20:15:00,hindcast
RB,00-0039391,Kimani Vidal,LAC,KC,2025_15_LAC_KC,2025,15,NA,NA,15,20,18.24957807368069,-1.4168137176546236,-7.041514822085947,4.207887386776701,-9.002929004684527,6.16930156937528,0.3885,0.1945,0.3885,0.21617643106906081,raw,platt,2025-12-14T18:00:00Z,2026-07-18 18:38:32,2025-12-10 20:15:00,hindcast
RB,00-0035261,Tony Pollard,TEN,SF,2025_15_TEN_SF,2025,15,NA,Full Participation in Practice,15,20,17.402205471367775,-1.2717651488986637,-6.745089488435491,4.201559190638164,-8.653716415663997,6.110186117866669,0.377,0.174,0.377,0.19483666584889084,raw,platt,2025-12-14T21:25:00Z,2026-07-18 18:38:32,2025-12-10 20:15:00,hindcast
RB,00-0036275,D'Andre Swift,CHI,CLE,2025_15_CLE_CHI,2025,15,NA,NA,15,20,16.04477252206667,-0.7815803394724593,-6.005693919998073,4.442533241053155,-7.827417470832825,6.264256791887907,0.3405,0.1515,0.3405,0.17117713457805592,raw,platt,2025-12-14T18:00:00Z,2026-07-18 18:38:32,2025-12-10 20:15:00,hindcast
RB,00-0037840,Kyren Williams,LA,DET,2025_15_DET_LA,2025,15,NA,NA,15,20,16.031638166795453,-0.9541914717498418,-6.175850744238411,4.267467800738728,-7.996718442557101,6.0883354990574174,0.336,0.1455,0.336,0.16482222769624377,raw,platt,2025-12-14T21:25:00Z,2026-07-18 18:38:32,2025-12-10 20:15:00,hindcast
RB,00-0039384,Tyrone Tracy Jr.,NYG,WAS,2025_15_WAS_NYG,2025,15,NA,Full Participation in Practice,15,20,15.30362541041762,-0.5379409641866261,-5.622192895193581,4.546310966820328,-7.395144677026882,6.319262748653629,0.3305,0.1555,0.3305,0.17540269293736307,raw,platt,2025-12-14T18:00:00Z,2026-07-18 18:38:32,2025-12-10 20:15:00,hindcast
RB,00-0038134,Kenneth Walker III,SEA,IND,2025_15_IND_SEA,2025,15,NA,NA,15,20,16.046933628356136,-1.1833726566455094,-6.407889983131906,4.041144669840888,-8.229754325990791,5.863009012699774,0.328,0.1305,0.328,0.1488436822754343,raw,platt,2025-12-14T21:25:00Z,2026-07-18 18:38:32,2025-12-10 20:15:00,hindcast
RB,00-0036875,Rhamondre Stevenson,NE,BUF,2025_15_BUF_NE,2025,15,NA,NA,15,20,15.334870392694178,-0.9238600830557223,-6.014065751685025,4.16634558557358,-7.7890936874676875,5.941373521356242,0.322,0.1395,0.322,0.15844682723375741,raw,platt,2025-12-14T18:00:00Z,2026-07-18 18:38:32,2025-12-10 20:15:00,hindcast
RB,00-0033293,Aaron Jones,MIN,DAL,2025_15_MIN_DAL,2025,15,NA,Full Participation in Practice,15,20,15.660521309223157,-1.3212738271276614,-6.473227496971803,3.8306798427164805,-8.2697878489809,5.6272401947255775,0.3095,0.1205,0.3095,0.1381141696131249,raw,platt,2025-12-15T01:20:00Z,2026-07-18 18:38:32,2025-12-10 20:15:00,hindcast
RB,00-0040730,RJ Harvey,DEN,GB,2025_15_GB_DEN,2025,15,NA,NA,15,20,14.93715714272337,-0.5900994727439729,-5.604129823531324,4.423930878043378,-7.352594330252584,6.172395384764638,0.2925,0.1225,0.2925,0.14026525506408624,raw,platt,2025-12-14T21:25:00Z,2026-07-18 18:38:32,2025-12-10 20:15:00,hindcast
RB,00-0040236,Kyle Monangai,CHI,CLE,2025_15_CLE_CHI,2025,15,NA,NA,15,20,14.05532745036905,-1.0770511588406346,-5.9190310761915015,3.764928758510232,-7.607499121945494,5.453396804264225,0.256,0.098,0.256,0.11372170266365533,raw,platt,2025-12-14T18:00:00Z,2026-07-18 18:38:32,2025-12-10 20:15:00,hindcast
RB,00-0037228,Jaylen Warren,PIT,MIA,2025_15_MIA_PIT,2025,15,NA,NA,15,20,14.677899449916461,-1.5450431999717686,-6.508951040029743,3.4188646400862055,-8.239937106281587,5.149850706338051,0.2545,0.094,0.2545,0.10934543201332059,raw,platt,2025-12-16T01:15:00Z,2026-07-18 18:38:32,2025-12-10 20:15:00,hindcast
RB,00-0035250,Devin Singletary,NYG,WAS,2025_15_WAS_NYG,2025,15,NA,NA,15,20,14.140591503763543,-1.1798520414239362,-6.038664640298643,3.6789605574507704,-7.733002484226624,5.373298401378753,0.247,0.0945,0.247,0.10989317035908762,raw,platt,2025-12-14T18:00:00Z,2026-07-18 18:38:32,2025-12-10 20:15:00,hindcast
RB,00-0039738,Blake Corum,LA,DET,2025_15_DET_LA,2025,15,NA,NA,15,20,12.65515633473592,-0.48122487338958025,-5.040256856954914,4.077807110175754,-6.630056888185135,5.667607141405974,0.2405,0.086,0.2405,0.10055325940651517,raw,platt,2025-12-14T21:25:00Z,2026-07-18 18:38:32,2025-12-10 20:15:00,hindcast
RB,00-0037197,Isiah Pacheco,KC,LAC,2025_15_LAC_KC,2025,15,NA,NA,15,20,13.22855525622741,-1.0570246206565006,-5.733465936642693,3.619416695329692,-7.364208290941116,5.250159049628115,0.218,0.07,0.218,0.08279559762447304,raw,platt,2025-12-14T18:00:00Z,2026-07-18 18:38:32,2025-12-10 20:15:00,hindcast
RB,00-0039165,Zach Charbonnet,SEA,IND,2025_15_IND_SEA,2025,15,NA,NA,15,20,12.821388139365322,-0.9464988595906354,-5.539797751719232,3.6468000325379615,-7.1415471468715355,5.248549427690265,0.211,0.0745,0.211,0.08781487465581087,raw,platt,2025-12-14T21:25:00Z,2026-07-18 18:38:32,2025-12-10 20:15:00,hindcast
RB,00-0040242,Jacory Croskey-Merritt,WAS,NYG,2025_15_WAS_NYG,2025,15,NA,NA,15,20,12.061332287875729,-0.3779321503774886,-4.812956575572788,4.057092274817811,-6.3595133874353555,5.603649086680378,0.2055,0.0765,0.2055,0.09003918758624484,raw,platt,2025-12-14T18:00:00Z,2026-07-18 18:38:32,2025-12-10 20:15:00,hindcast
RB,00-0035685,David Montgomery,DET,LA,2025_15_DET_LA,2025,15,NA,NA,15,20,12.190900998905622,-0.6270406449746224,-5.089340781632496,3.835259491683251,-6.645409026424541,5.391327736475296,0.203,0.0705,0.203,0.0833543142642239,raw,platt,2025-12-14T21:25:00Z,2026-07-18 18:38:32,2025-12-10 20:15:00,hindcast
RB,00-0037525,Jordan Mason,MIN,DAL,2025_15_MIN_DAL,2025,15,NA,NA,15,20,11.542317252739418,-0.41038460455590003,-4.73487568672971,3.91410647761791,-6.242887931934046,5.422118722822246,0.183,0.058,0.183,0.06930463158194652,raw,platt,2025-12-15T01:20:00Z,2026-07-18 18:38:32,2025-12-10 20:15:00,hindcast
RB,00-0036555,Chuba Hubbard,CAR,NO,2025_15_CAR_NO,2025,15,NA,NA,15,20,10.832441712124451,-0.4321954798039743,-4.6020133320055425,3.7376223723975937,-6.056088797049796,5.191697837441847,0.177,0.057,0.177,0.06817286960040737,raw,platt,2025-12-14T21:25:00Z,2026-07-18 18:38:32,2025-12-10 20:15:00,hindcast
RB,00-0039032,Tyjae Spears,TEN,SF,2025_15_TEN_SF,2025,15,NA,NA,15,20,11.864151112596097,-0.7381828718825096,-5.131457550345658,3.6550918065806393,-6.663455624981135,5.187089881216116,0.167,0.0575,0.167,0.0687389035158437,raw,platt,2025-12-14T21:25:00Z,2026-07-18 18:38:32,2025-12-10 20:15:00,hindcast
RB,00-0033526,Samaje Perine,CIN,BAL,2025_15_BAL_CIN,2025,15,NA,NA,15,20,11.404240672886408,-0.5622173016483852,-4.8569479319022255,3.7325133286054553,-6.354582279438295,5.2301476761415255,0.1655,0.0405,0.1655,0.049305130567465306,raw,platt,2025-12-14T18:00:00Z,2026-07-18 18:38:32,2025-12-10 20:15:00,hindcast
RB,00-0036919,Kenneth Gainwell,PIT,MIA,2025_15_MIA_PIT,2025,15,NA,NA,15,20,11.462322218237508,-0.9134672486637129,-5.2207351421549,3.3938006448274742,-6.7227414137218,4.895806916394375,0.158,0.046,0.158,0.05563775943075345,raw,platt,2025-12-16T01:15:00Z,2026-07-18 18:38:32,2025-12-10 20:15:00,hindcast
RB,00-0036924,Michael Carter,ARI,HOU,2025_15_ARI_HOU,2025,15,NA,NA,15,20,11.156156639782553,-0.7455621623277684,-4.986433154507088,3.4953088298515507,-6.465285871512467,4.97416154685693,0.1555,0.055,0.1555,0.06590563006056493,raw,platt,2025-12-14T18:00:00Z,2026-07-18 18:38:32,2025-12-10 20:15:00,hindcast
RB,00-0037746,Brian Robinson,SF,TEN,2025_15_TEN_SF,2025,15,NA,NA,15,20,10.622492269530238,-0.38214864121347686,-4.5053995652170435,3.7411022827900897,-5.943236472565199,5.178939190138245,0.153,0.0525,0.153,0.06306441850245523,raw,platt,2025-12-14T21:25:00Z,2026-07-18 18:38:32,2025-12-10 20:15:00,hindcast
RB,00-0039405,Jawhar Jordan,HOU,ARI,2025_15_ARI_HOU,2025,15,NA,NA,15,20,10.577603700370602,-0.7586282380283738,-4.871872107176272,3.3546156311195245,-6.306219410551608,4.788962934494861,0.1415,0.0475,0.1415,0.057356885359179204,raw,platt,2025-12-14T18:00:00Z,2026-07-18 18:38:32,2025-12-10 20:15:00,hindcast
RB,00-0033955,Jeremy McNichols,WAS,NYG,2025_15_WAS_NYG,2025,15,NA,NA,15,20,9.23281988872096,-0.15812388120866505,-3.96264065852142,3.64639289610409,-5.289330384145504,4.9730826217281745,0.123,0.034,0.123,0.04175626319473131,raw,platt,2025-12-14T18:00:00Z,2026-07-18 18:38:32,2025-12-10 20:15:00,hindcast
RB,00-0032104,Ameer Abdullah,IND,SEA,2025_15_IND_SEA,2025,15,NA,NA,15,20,9.12955011397617,-0.7178664164853157,-4.497907033409879,3.062174200439247,-5.816061569833752,4.380328736863121,0.1155,0.0335,0.1155,0.041172387548901256,raw,platt,2025-12-14T21:25:00Z,2026-07-18 18:38:32,2025-12-10 20:15:00,hindcast
RB,00-0038555,Tank Bigsby,PHI,LV,2025_15_LV_PHI,2025,15,NA,NA,15,20,9.00635876434755,-0.2732992249633737,-4.023987156253894,3.4773887063271465,-5.331905988978844,4.785307539052096,0.112,0.029,0.112,0.035894873949388784,raw,platt,2025-12-14T18:00:00Z,2026-07-18 18:38:32,2025-12-10 20:15:00,hindcast
RB,00-0037563,Malik Davis,DAL,MIN,2025_15_MIN_DAL,2025,15,NA,NA,15,20,9.39847715595521,-0.7982852480598182,-4.641822406127765,3.045251910008128,-5.982119099802707,4.3855486036830715,0.108,0.0265,0.108,0.03294400377864139,raw,platt,2025-12-15T01:20:00Z,2026-07-18 18:38:32,2025-12-10 20:15:00,hindcast
RB,00-0035537,Ty Johnson,BUF,NE,2025_15_BUF_NE,2025,15,NA,NA,15,20,8.890824365828204,-0.11724204002171573,-3.8402458124552807,3.605761732411849,-5.138510780769095,4.904026700725663,0.1045,0.024,0.1045,0.02997821101922997,raw,platt,2025-12-14T18:00:00Z,2026-07-18 18:38:32,2025-12-10 20:15:00,hindcast
RB,00-0039373,Audric Estimé,NO,CAR,2025_15_CAR_NO,2025,15,NA,NA,15,20,8.896563985643057,-0.45427834220376817,-4.17866103861073,3.270104354203193,-5.477406857548946,4.56885017314141,0.103,0.0235,0.103,0.029383144738376797,raw,platt,2025-12-14T21:25:00Z,2026-07-18 18:38:32,2025-12-10 20:15:00,hindcast
RB,00-0040238,LeQuint Allen Jr.,JAX,NYJ,2025_15_NYJ_JAX,2025,15,NA,NA,15,20,8.908339033748593,-0.1920931731289864,-3.919303598203276,3.535117251945303,-5.219035486802735,4.834849140544762,0.102,0.025,0.102,0.031166401441018055,raw,platt,2025-12-14T18:00:00Z,2026-07-18 18:38:32,2025-12-10 20:15:00,hindcast
RB,00-0038454,Keaton Mitchell,BAL,CIN,2025_15_BAL_CIN,2025,15,NA,Full Participation in Practice,15,20,8.929469021918905,-0.7260268960072872,-4.458307608603075,3.006253816588501,-5.759807579393903,4.307753787379329,0.097,0.023,0.097,0.02878741466568027,raw,platt,2025-12-14T18:00:00Z,2026-07-18 18:38:32,2025-12-10 20:15:00,hindcast
RB,00-0038738,Hunter Luepke,DAL,MIN,2025_15_MIN_DAL,2025,15,NA,Full Participation in Practice,15,20,8.604546822206109,-0.7023111944285101,-4.356048956961388,2.951426568104367,-5.630159871278591,4.225537482421572,0.0895,0.0225,0.0895,0.02819100783085276,raw,platt,2025-12-15T01:20:00Z,2026-07-18 18:38:32,2025-12-10 20:15:00,hindcast
RB,00-0039798,Isaiah Davis,NYJ,JAX,2025_15_NYJ_JAX,2025,15,NA,NA,15,20,8.905136124002164,-0.7948693437060433,-4.521310761172412,2.9315720737603255,-5.82077448575734,4.231035798345253,0.085,0.0235,0.085,0.029383144738376797,raw,platt,2025-12-14T18:00:00Z,2026-07-18 18:38:32,2025-12-10 20:15:00,hindcast
RB,00-0033854,Dare Ogunbowale,HOU,ARI,2025_15_ARI_HOU,2025,15,NA,NA,15,20,8.226121642328836,-0.5703446767878558,-4.1309946494574215,2.9903052958817096,-5.3726445124450155,4.2319551588693045,0.082,0.016,0.082,0.02036898568101084,raw,platt,2025-12-14T18:00:00Z,2026-07-18 18:38:32,2025-12-10 20:15:00,hindcast
WR,00-0036900,Ja'Marr Chase,CIN,BAL,2025_15_BAL_CIN,2025,15,NA,NA,15,20,10.573673895127493,2.5880254896798696,-4.360182805875041,9.34435495622107,-6.550796533753424,11.149960185112983,0.6105,0.378,0.5561669151940997,0.35612050388218114,strat_platt,strat_platt,2025-12-14T18:00:00Z,2026-07-18 18:38:32,2025-12-10 20:15:00,hindcast
WR,00-0038117,Wan'Dale Robinson,NYG,WAS,2025_15_WAS_NYG,2025,15,NA,NA,15,20,10.196496842568678,1.9600442914088145,-4.869871438205202,8.601347910286448,-7.023190181846876,10.376212886941167,0.56,0.3095,0.5246356677102946,0.3214985335307526,strat_platt,strat_platt,2025-12-14T18:00:00Z,2026-07-18 18:38:32,2025-12-10 20:15:00,hindcast
WR,00-0038543,Jaxon Smith-Njigba,SEA,IND,2025_15_IND_SEA,2025,15,NA,Full Participation in Practice,15,20,8.780797385376246,2.7653042370501315,-3.598638647930381,8.953503123471851,-5.605046638921516,10.607277457905877,0.494,0.2715,0.4948592985698799,0.29658470447711305,strat_platt,strat_platt,2025-12-14T21:25:00Z,2026-07-18 18:38:32,2025-12-10 20:15:00,hindcast
WR,00-0036554,Nico Collins,HOU,ARI,2025_15_ARI_HOU,2025,15,NA,NA,15,20,8.436631052198903,2.713555268261451,-3.531224675974641,8.785881968124473,-5.500063273138581,10.40868986923555,0.4775,0.2455,0.47789534364508046,0.27096491143879414,strat_platt,strat_platt,2025-12-14T18:00:00Z,2026-07-18 18:38:32,2025-12-10 20:15:00,hindcast
WR,00-0039075,Puka Nacua,LA,DET,2025_15_DET_LA,2025,15,NA,NA,15,20,9.10615996150741,2.0239493436205147,-4.450401588512017,8.319507294506908,-6.491618752382179,10.001972960399284,0.4795,0.2615,0.47540047361779103,0.2959514988666199,strat_platt,strat_platt,2025-12-14T21:25:00Z,2026-07-18 18:38:32,2025-12-10 20:15:00,hindcast
WR,00-0039064,Zay Flowers,BAL,CIN,2025_15_BAL_CIN,2025,15,NA,NA,15,20,8.822755300205229,1.8661125912657401,-4.5121880045627325,8.068272691967147,-6.523122658708825,9.72577811169385,0.452,0.2395,0.4516800732288507,0.2650112249301521,strat_platt,strat_platt,2025-12-14T18:00:00Z,2026-07-18 18:38:32,2025-12-10 20:15:00,hindcast
WR,00-0036613,Jaylen Waddle,MIA,PIT,2025_15_MIA_PIT,2025,15,NA,NA,15,20,8.19864757002077,2.6104179371064573,-3.550457642419671,8.601157340281208,-5.492843081396033,10.202161324007701,0.4385,0.225,0.43780456311773613,0.2505537577862176,strat_platt,strat_platt,2025-12-16T01:15:00Z,2026-07-18 18:38:32,2025-12-10 20:15:00,hindcast
WR,00-0036259,Jauan Jennings,SF,TEN,2025_15_TEN_SF,2025,15,NA,NA,15,20,7.863566831101833,2.4102213790315545,-3.6303092277968156,8.283939206196827,-5.53475260486903,9.853669586322095,0.4135,0.2065,0.41211987439384745,0.2319554014184207,strat_platt,strat_platt,2025-12-14T21:25:00Z,2026-07-18 18:38:32,2025-12-10 20:15:00,hindcast
WR,00-0040129,Emeka Egbuka,TB,ATL,2025_15_ATL_TB,2025,15,NA,NA,15,20,8.275768166466799,1.4246425901120487,-4.763561912658992,7.441956212359443,-6.714563546182477,9.050062062439391,0.3985,0.1795,0.39671834397813516,0.20446924099875113,strat_platt,strat_platt,2025-12-12T01:15:00Z,2026-07-18 18:38:32,2025-12-10 20:15:00,hindcast
WR,00-0037240,Jameson Williams,DET,LA,2025_15_DET_LA,2025,15,NA,NA,15,20,7.536376667458575,2.295196935777953,-3.6251843704215125,8.052083455404171,-5.491747376589901,9.590591080506098,0.3905,0.1895,0.38850777362584643,0.21469992189854026,strat_platt,strat_platt,2025-12-14T21:25:00Z,2026-07-18 18:38:32,2025-12-10 20:15:00,hindcast
WR,00-0037247,George Pickens,DAL,MIN,2025_15_MIN_DAL,2025,15,NA,NA,15,20,8.293466405293229,1.6112393377314942,-4.583217854113489,7.634632977393224,-6.536190819804766,9.24436369069061,0.383,0.182,0.38081292523282534,0.20703276234363333,strat_platt,strat_platt,2025-12-15T01:20:00Z,2026-07-18 18:38:32,2025-12-10 20:15:00,hindcast
WR,00-0034960,Jakobi Meyers,JAX,NYJ,2025_15_NYJ_JAX,2025,15,NA,NA,15,20,7.789016479671913,1.7215292470368206,-4.291860747590009,7.568855965853407,-6.187747300349724,9.131533415320597,0.3505,0.1635,0.3475026512940794,0.18796537223359266,strat_platt,strat_platt,2025-12-14T18:00:00Z,2026-07-18 18:38:32,2025-12-10 20:15:00,hindcast
WR,00-0036358,CeeDee Lamb,DAL,MIN,2025_15_MIN_DAL,2025,15,NA,Full Participation in Practice,15,20,8.255890246094708,1.03547666924382,-5.145696662954405,7.04595329079914,-7.0944815266107994,8.652231976549597,0.349,0.167,0.34596677917242386,0.19159042680162106,strat_platt,strat_platt,2025-12-15T01:20:00Z,2026-07-18 18:38:32,2025-12-10 20:15:00,hindcast
WR,00-0035640,DK Metcalf,PIT,MIA,2025_15_MIA_PIT,2025,15,NA,Limited Participation in Practice,15,20,7.648799042640828,1.702156023216398,-4.259813140399241,7.499481927293852,-6.139487862206205,9.048796835311734,0.347,0.156,0.34391918199178484,0.18016801378427333,strat_platt,strat_platt,2025-12-16T01:15:00Z,2026-07-18 18:38:32,2025-12-10 20:15:00,hindcast
WR,00-0038559,Michael Wilson,ARI,HOU,2025_15_ARI_HOU,2025,15,NA,NA,15,20,8.282661437948244,0.8213556025837797,-5.369285092005719,6.841038139790118,-7.321054801990683,8.449777074040671,0.3395,0.1375,0.33624313050893045,0.16075158947665308,strat_platt,strat_platt,2025-12-14T18:00:00Z,2026-07-18 18:38:32,2025-12-10 20:15:00,hindcast
WR,00-0035659,Terry McLaurin,WAS,NYG,2025_15_WAS_NYG,2025,15,NA,Did Not Participate In Practice,15,20,7.21498358581853,1.8656155236614556,-3.9340367355496193,7.5051069994233535,-5.762536589832414,9.0122412129566,0.3305,0.15,0.3270372101861625,0.1739001903193446,strat_platt,strat_platt,2025-12-14T18:00:00Z,2026-07-18 18:38:32,2025-12-10 20:15:00,hindcast
WR,00-0038124,Christian Watson,GB,DEN,2025_15_GB_DEN,2025,15,NA,NA,15,20,6.936764957377842,2.313213347594671,-3.379617448963496,7.848833297765923,-5.174438899754959,9.328208212308756,0.3265,0.1415,0.3229476629535957,0.16497291987069976,strat_platt,strat_platt,2025-12-14T21:25:00Z,2026-07-18 18:38:32,2025-12-10 20:15:00,hindcast
WR,00-0036963,Amon-Ra St. Brown,DET,LA,2025_15_DET_LA,2025,15,NA,NA,15,20,7.47545905311492,1.2986909601984507,-4.599018684163088,7.033531909165966,-6.458433825508864,8.566147933236241,0.3215,0.129,0.3178375155043984,0.15173597656643667,strat_platt,strat_platt,2025-12-14T21:25:00Z,2026-07-18 18:38:32,2025-12-10 20:15:00,hindcast
WR,00-0039915,Ladd McConkey,LAC,KC,2025_15_LAC_KC,2025,15,NA,Limited Participation in Practice,15,20,6.976073149248579,1.9492313267410448,-3.758827090518574,7.499658377976949,-5.558449467467198,8.982990438073363,0.318,0.1315,0.3142616303830869,0.15439417986221832,strat_platt,strat_platt,2025-12-14T18:00:00Z,2026-07-18 18:38:32,2025-12-10 20:15:00,hindcast
WR,00-0037239,Chris Olave,NO,CAR,2025_15_CAR_NO,2025,15,NA,NA,15,20,7.5233160211214765,1.1850343992205525,-4.730494296957044,6.937202316484006,-6.595527384378358,8.474448911741035,0.312,0.129,0.30813395871594396,0.15173597656643667,strat_platt,strat_platt,2025-12-14T21:25:00Z,2026-07-18 18:38:32,2025-12-10 20:15:00,hindcast
WR,00-0031408,Mike Evans,TB,ATL,2025_15_ATL_TB,2025,15,Questionable,Limited Participation in Practice,15,20,6.77230970736639,1.6055862884075793,-4.023037402170068,7.078772249319321,-5.797615797226106,8.541461900358378,0.3075,0.1165,0.3035402762738737,0.13835849506815226,strat_platt,strat_platt,2025-12-12T01:15:00Z,2026-07-18 18:38:32,2025-12-10 20:15:00,hindcast
WR,00-0036322,Justin Jefferson,MIN,DAL,2025_15_MIN_DAL,2025,15,NA,Limited Participation in Practice,15,20,6.962174265488053,1.9115133494220047,-3.7911659546784255,7.456709834849376,-5.589092418288086,8.938644044675062,0.307,0.1235,0.30302997955171745,0.1458680136497467,strat_platt,strat_platt,2025-12-15T01:20:00Z,2026-07-18 18:38:32,2025-12-10 20:15:00,hindcast
WR,00-0034348,Courtland Sutton,DEN,GB,2025_15_GB_DEN,2025,15,NA,NA,15,20,7.037960076000183,1.9668786346063938,-3.7650627935448044,7.540529153443251,-5.572214946415033,9.030067603376182,0.303,0.1275,0.29894843229569057,0.15013836685922657,strat_platt,strat_platt,2025-12-14T21:25:00Z,2026-07-18 18:38:32,2025-12-10 20:15:00,hindcast
WR,00-0036252,Michael Pittman,IND,SEA,2025_15_IND_SEA,2025,15,NA,NA,15,20,8.382069671160906,-0.07260616001949928,-6.298261133175085,5.981123716006126,-8.261070057305037,7.59896168151417,0.3015,0.127,0.2974182361271774,0.14960537714307265,strat_platt,strat_platt,2025-12-14T21:25:00Z,2026-07-18 18:38:32,2025-12-10 20:15:00,hindcast
WR,00-0031381,Davante Adams,LA,DET,2025_15_DET_LA,2025,15,Questionable,Limited Participation in Practice,15,20,6.811796933766568,1.5471350575464462,-4.09697968887634,7.035384279751218,-5.876442065262559,8.50209953426174,0.297,0.113,0.2928289333077922,0.13458566401021232,strat_platt,strat_platt,2025-12-14T21:25:00Z,2026-07-18 18:38:32,2025-12-10 20:15:00,hindcast
WR,00-0033555,Mack Hollins,NE,BUF,2025_15_BUF_NE,2025,15,NA,NA,15,20,6.478803737403567,1.8581325476541135,-3.653822918619242,7.217872145396172,-5.391618447805861,8.65024365586018,0.289,0.103,0.2846750861957528,0.12373575942041047,strat_platt,strat_platt,2025-12-14T18:00:00Z,2026-07-18 18:38:32,2025-12-10 20:15:00,hindcast
WR,00-0039893,Brian Thomas Jr.,JAX,NYJ,2025_15_NYJ_JAX,2025,15,NA,NA,15,20,6.590226168728481,1.8041882595774967,-3.7523792601261987,7.207307922846253,-5.504239965904583,8.651272602875565,0.2765,0.1105,0.2719480019609745,0.13188313526103418,strat_platt,strat_platt,2025-12-14T18:00:00Z,2026-07-18 18:38:32,2025-12-10 20:15:00,hindcast
WR,00-0040124,Tetairoa McMillan,CAR,NO,2025_15_CAR_NO,2025,15,NA,NA,15,20,6.797575486611341,1.4693153030009574,-4.169225760641244,6.952144762929502,-5.946930880265053,8.417411605080359,0.273,0.1025,0.2683874786570979,0.12319041101149593,strat_platt,strat_platt,2025-12-14T21:25:00Z,2026-07-18 18:38:32,2025-12-10 20:15:00,hindcast
WR,00-0039067,Rashee Rice,KC,LAC,2025_15_LAC_KC,2025,15,NA,Full Participation in Practice,15,20,7.221096458326815,0.7054658141175538,-5.096508861361756,6.347215571266424,-6.925740921235207,7.85495330253823,0.2625,0.1075,0.25771440224153463,0.12863146450380716,strat_platt,strat_platt,2025-12-14T18:00:00Z,2026-07-18 18:38:32,2025-12-10 20:15:00,hindcast
WR,00-0036309,Darnell Mooney,ATL,TB,2025_15_ATL_TB,2025,15,NA,NA,15,20,6.2113202819433155,1.9552058826817045,-3.4479730562645297,7.209172880411408,-5.151473794060658,8.61327703644849,0.26,0.09,0.25517513673067155,0.1094617506546986,strat_platt,strat_platt,2025-12-12T01:15:00Z,2026-07-18 18:38:32,2025-12-10 20:15:00,hindcast
WR,00-0033921,Chris Godwin Jr.,TB,ATL,2025_15_ATL_TB,2025,15,NA,Limited Participation in Practice,15,20,6.443401484538641,1.6686274993286776,-3.8290688121180123,7.014501717130269,-5.562368750645494,8.44316775369087,0.2485,0.089,0.24350463762998345,0.10835519404760921,strat_platt,strat_platt,2025-12-12T01:15:00Z,2026-07-18 18:38:32,2025-12-10 20:15:00,hindcast
WR,00-0035719,Deebo Samuel Sr.,WAS,NYG,2025_15_WAS_NYG,2025,15,Questionable,Did Not Participate In Practice,15,20,6.862715586336995,1.0260736096984646,-4.637947077216877,6.533679058226374,-6.423685348719425,8.00556719597679,0.247,0.099,0.24198366379871478,0.11936503020658874,strat_platt,strat_platt,2025-12-14T18:00:00Z,2026-07-18 18:38:32,2025-12-10 20:15:00,hindcast
WR,00-0038606,Parker Washington,JAX,NYJ,2025_15_NYJ_JAX,2025,15,Questionable,Full Participation in Practice,15,20,6.469723370455531,1.4615499633494888,-4.0467520802558905,6.817737029823714,-5.783395767484155,8.249159138831686,0.246,0.0905,0.24096984807827454,0.11001455084022262,strat_platt,strat_platt,2025-12-14T18:00:00Z,2026-07-18 18:38:32,2025-12-10 20:15:00,hindcast
WR,00-0039424,Devaughn Vele,NO,CAR,2025_15_CAR_NO,2025,15,NA,NA,15,20,6.2816146190012985,1.8099299973884604,-3.622070710351408,7.091922833938058,-5.33465830330435,8.503516796588018,0.238,0.0805,0.23286422997009656,0.09889607215415389,strat_platt,strat_platt,2025-12-14T21:25:00Z,2026-07-18 18:38:32,2025-12-10 20:15:00,hindcast
WR,00-0037614,John Metchie III,NYJ,JAX,2025_15_NYJ_JAX,2025,15,NA,NA,15,20,6.425400171054017,0.9530600645655221,-4.537369918138591,6.291868617535439,-6.2683789467195545,7.718646380081452,0.237,0.0855,0.2318516535919484,0.10447202396531922,strat_platt,strat_platt,2025-12-14T18:00:00Z,2026-07-18 18:38:32,2025-12-10 20:15:00,hindcast
WR,00-0036407,Jerry Jeudy,CLE,CHI,2025_15_CLE_CHI,2025,15,NA,NA,15,20,6.433903958679188,1.2248001147778114,-4.269063804139076,6.566947773806975,-6.001155475537927,7.994617900674512,0.235,0.088,0.22982692735322643,0.10724735109086467,strat_platt,strat_platt,2025-12-14T18:00:00Z,2026-07-18 18:38:32,2025-12-10 20:15:00,hindcast
WR,00-0039894,Xavier Worthy,KC,LAC,2025_15_LAC_KC,2025,15,NA,NA,15,20,6.34501262535773,1.183010161210364,-4.2748392085624225,6.490137833898279,-5.995576303010997,7.908448992887381,0.222,0.0875,0.21668052114208688,0.10669294289981483,strat_platt,strat_platt,2025-12-14T18:00:00Z,2026-07-18 18:38:32,2025-12-10 20:15:00,hindcast
WR,00-0039491,Jalen Coker,CAR,NO,2025_15_CAR_NO,2025,15,NA,NA,15,20,5.700167385797076,1.9249061000765064,-3.2633066810854903,6.969843355983999,-4.899033426473723,8.318085050503004,0.221,0.067,0.21567032010927617,0.08365780413308695,strat_platt,strat_platt,2025-12-14T21:25:00Z,2026-07-18 18:38:32,2025-12-10 20:15:00,hindcast
WR,00-0039146,Jayden Reed,GB,DEN,2025_15_GB_DEN,2025,15,NA,Full Participation in Practice,15,20,6.067174003235804,1.2671060149511029,-4.076427854156985,6.463075076271908,-5.761123843559014,7.851679488289186,0.215,0.067,0.20961242580291295,0.08365780413308695,strat_platt,strat_platt,2025-12-14T21:25:00Z,2026-07-18 18:38:32,2025-12-10 20:15:00,hindcast
WR,00-0037816,Romeo Doubs,GB,DEN,2025_15_GB_DEN,2025,15,NA,NA,15,20,5.72807006283507,1.7279198698958507,-3.4722835334656175,6.78451661996967,-5.111790652221869,8.135874273196317,0.2145,0.0695,0.20910786141412677,0.08650126002762545,strat_platt,strat_platt,2025-12-14T21:25:00Z,2026-07-18 18:38:32,2025-12-10 20:15:00,hindcast
WR,00-0036040,Juwan Johnson,NO,CAR,2025_15_CAR_NO,2025,15,NA,NA,15,20,6.000604808608669,1.4144932912663633,-3.901243319925059,6.583432732178182,-5.5771754593963685,7.964813573440494,0.213,0.07,0.20759441222813693,0.08706872093643905,strat_platt,strat_platt,2025-12-14T21:25:00Z,2026-07-18 18:38:32,2025-12-10 20:15:00,hindcast
WR,00-0031588,Stefon Diggs,NE,BUF,2025_15_BUF_NE,2025,15,NA,NA,15,20,5.969647860678538,1.1452315042518815,-4.157523051091628,6.301547396368013,-5.82936224047468,7.679554638721992,0.2065,0.072,0.20104043406745875,0.08933455521985417,strat_platt,strat_platt,2025-12-14T18:00:00Z,2026-07-18 18:38:32,2025-12-10 20:15:00,hindcast
WR,00-0038563,Tre Tucker,LV,PHI,2025_15_LV_PHI,2025,15,NA,NA,15,20,6.720890875586392,0.27447258215929465,-5.33390766042028,5.727974129709209,-7.102103751838049,7.185403190679385,0.2065,0.0725,0.20104043406745875,0.08990002467575374,strat_platt,strat_platt,2025-12-14T18:00:00Z,2026-07-18 18:38:32,2025-12-10 20:15:00,hindcast
WR,00-0037261,Khalil Shakir,BUF,NE,2025_15_BUF_NE,2025,15,NA,NA,15,20,6.026504074630147,0.7669895001553358,-4.559581080767379,5.94646372439856,-6.238928927110339,7.330659949363314,0.2055,0.067,0.20003276143424797,0.08365780413308695,strat_platt,strat_platt,2025-12-14T18:00:00Z,2026-07-18 18:38:32,2025-12-10 20:15:00,hindcast
WR,00-0039868,Troy Franklin,DEN,GB,2025_15_GB_DEN,2025,15,NA,NA,15,20,6.056469424111636,1.0075808093902252,-4.331494044615387,6.199213993914147,-6.014784206891804,7.58665965814462,0.204,0.0585,0.19852157406826437,0.07390902321691833,strat_platt,strat_platt,2025-12-14T21:25:00Z,2026-07-18 18:38:32,2025-12-10 20:15:00,hindcast
WR,00-0039916,Ricky Pearsall,SF,TEN,2025_15_TEN_SF,2025,15,NA,NA,15,20,6.036626876986119,1.1084796630346117,-4.222318732043085,6.292064947876385,-5.902999513055368,7.677359839291583,0.204,0.057,0.19852157406826437,0.07217481458709386,strat_platt,strat_platt,2025-12-14T21:25:00Z,2026-07-18 18:38:32,2025-12-10 20:15:00,hindcast
WR,00-0030279,Keenan Allen,LAC,KC,2025_15_LAC_KC,2025,15,NA,Full Participation in Practice,15,20,6.129681205562834,0.9561337868281362,-4.413355156036121,6.177341157388641,-6.106234196155662,7.572690418566586,0.2005,0.0695,0.19499698916171265,0.08650126002762545,strat_platt,strat_platt,2025-12-14T18:00:00Z,2026-07-18 18:38:32,2025-12-10 20:15:00,hindcast
WR,00-0035535,Darius Slayton,NYG,WAS,2025_15_WAS_NYG,2025,15,NA,NA,15,20,5.713101515188839,1.6477454276646668,-3.5460293779456133,6.69809110946774,-5.183509704486415,8.04777818673865,0.2005,0.07,0.19499698916171265,0.08706872093643905,strat_platt,strat_platt,2025-12-14T18:00:00Z,2026-07-18 18:38:32,2025-12-10 20:15:00,hindcast
WR,00-0033908,Cooper Kupp,SEA,IND,2025_15_IND_SEA,2025,15,NA,Limited Participation in Practice,15,20,6.1772245514454065,0.5121817650636595,-4.87695545397872,5.7524948131833575,-6.576029153454181,7.152949999327402,0.1945,0.0665,0.18895990216745914,0.08308786270818999,strat_platt,strat_platt,2025-12-14T21:25:00Z,2026-07-18 18:38:32,2025-12-10 20:15:00,hindcast
WR,00-0040735,Luther Burden III,CHI,CLE,2025_15_CLE_CHI,2025,15,NA,NA,15,20,6.067654646964,0.7722274290939681,-4.571506555831873,5.968391079917376,-6.2562656372482595,7.357047495293154,0.191,0.062,0.18544129754429034,0.07793895575056159,strat_platt,strat_platt,2025-12-14T18:00:00Z,2026-07-18 18:38:32,2025-12-10 20:15:00,hindcast
WR,00-0036415,Van Jefferson,TEN,SF,2025_15_TEN_SF,2025,15,NA,NA,15,20,5.576621944374467,1.3297328900299556,-3.8050131102624416,6.32267988143984,-5.423882982745275,7.657027361075862,0.185,0.055,0.179414763716372,0.069855660089188365,strat_platt,strat_platt,2025-12-14T21:25:00Z,2026-07-18 18:38:32,2025-12-10 20:15:00,hindcast
WR,00-0040705,Chimere Dike,TEN,SF,2025_15_TEN_SF,2025,15,NA,NA,15,20,6.045060924431008,0.797426193982707,-4.5368918486654,5.984433929272176,-6.218682295357966,7.370643458502859,0.18,0.0585,0.17439798020598388,0.07390902321691833,strat_platt,strat_platt,2025-12-14T21:25:00Z,2026-07-18 18:38:32,2025-12-10 20:15:00,hindcast
WR,00-0039890,Adonai Mitchell,NYJ,JAX,2025_15_NYJ_JAX,2025,15,NA,NA,15,20,6.707317799666579,-0.38896952957598624,-5.991992479457149,5.05932267004141,-7.758499537036236,6.515359551143411,0.1735,0.0555,0.16788367019331746,0.07043619780793384,strat_platt,strat_platt,2025-12-14T18:00:00Z,2026-07-18 18:38:32,2025-12-10 20:15:00,hindcast
WR,00-0038997,Josh Downs,IND,SEA,2025_15_IND_SEA,2025,15,NA,Full Participation in Practice,15,20,6.08977587785331,-0.06953758270351329,-5.422472705071939,5.1355731107796245,-7.110132698081133,6.526620591761295,0.159,0.0515,0.15338406587477657,0.06577746356032484,strat_platt,strat_platt,2025-12-14T21:25:00Z,2026-07-18 18:38:32,2025-12-10 20:15:00,hindcast
WR,00-0034827,DJ Moore,CHI,CLE,2025_15_CLE_CHI,2025,15,NA,NA,15,20,5.921234205847054,0.1553221217574256,-5.127058393445197,5.291826614747191,-6.792474106425919,6.664539330534432,0.147,0.0425,0.14142064674242663,0.055164883866907224,strat_platt,strat_platt,2025-12-14T18:00:00Z,2026-07-18 18:38:32,2025-12-10 20:15:00,hindcast
WR,00-0039342,Xavier Legette,CAR,NO,2025_15_CAR_NO,2025,15,NA,NA,15,20,5.421306852283686,0.8984298785727824,-4.1682063712982975,5.825148010087275,-5.765602772070337,7.1417960604217985,0.143,0.035,0.13744064576891962,0.04616203555070025,strat_platt,strat_platt,2025-12-14T21:25:00Z,2026-07-18 18:38:32,2025-12-10 20:15:00,hindcast
WR,00-0035359,David Sills,ATL,TB,2025_15_ATL_TB,2025,15,NA,NA,15,20,5.228832121555132,0.7172150077811652,-4.263572295899797,5.560454961880212,-5.833902455700293,6.854793763622562,0.138,0.041,0.13247140282987846,0.05337679646098464,strat_platt,strat_platt,2025-12-12T01:15:00Z,2026-07-18 18:38:32,2025-12-10 20:15:00,hindcast
WR,00-0031610,Darren Waller,MIA,PIT,2025_15_MIA_PIT,2025,15,NA,Full Participation in Practice,15,20,5.061638648656319,1.0445013891297925,-3.8603506332240984,5.813903059032839,-5.406740107508329,7.088508839658184,0.1345,0.036,0.12899685336896566,0.04737180823998758,strat_platt,strat_platt,2025-12-16T01:15:00Z,2026-07-18 18:38:32,2025-12-10 20:15:00,hindcast
WR,00-0032211,Tyler Lockett,LV,PHI,2025_15_LV_PHI,2025,15,NA,NA,15,20,5.187769025258429,0.692245400038367,-4.2700120541571,5.5174672172646995,-5.834500169371164,6.806990735455031,0.1305,0.033,0.1250300136027049,0.04373308216607285,strat_platt,strat_platt,2025-12-14T18:00:00Z,2026-07-18 18:38:32,2025-12-10 20:15:00,hindcast
WR,00-0037545,Rashid Shaheed,SEA,IND,2025_15_IND_SEA,2025,15,NA,NA,15,20,5.081682338101847,0.5819347443084806,-4.3320897168744,5.3602555507866345,-5.881371054724344,6.637244939215146,0.1195,0.0355,0.11414466445461492,0.04676730502430926,strat_platt,strat_platt,2025-12-14T21:25:00Z,2026-07-18 18:38:32,2025-12-10 20:15:00,hindcast
WR,00-0039410,Ryan Flournoy,DAL,MIN,2025_15_MIN_DAL,2025,15,NA,NA,15,20,5.33377659830032,0.08290584252217151,-4.944892222138421,4.97185832798767,-6.5300438170455575,6.278413642567339,0.1175,0.0355,0.11216936987280295,0.04676730502430926,strat_platt,strat_platt,2025-12-15T01:20:00Z,2026-07-18 18:38:32,2025-12-10 20:15:00,hindcast
WR,00-0037291,Jalen Nailor,MIN,DAL,2025_15_MIN_DAL,2025,15,NA,NA,15,20,4.9644770219626695,1.336664552899073,-3.523450301260068,6.0625644976282835,-5.055735153082631,7.325544595576565,0.1495,0.042,0.10297892301097454,0.031523180164892084,strat_platt,strat_platt,2025-12-15T01:20:00Z,2026-07-18 18:38:32,2025-12-10 20:15:00,hindcast
WR,00-0040727,Tre Harris,LAC,KC,2025_15_LAC_KC,2025,15,NA,NA,15,20,4.964659290366247,1.0154982282503833,-3.844700979835884,5.741480197423769,-5.377012426553549,7.00448221611556,0.12,0.0305,0.0997736945132551,0.027323768929937105,strat_platt,strat_platt,2025-12-14T18:00:00Z,2026-07-18 18:38:32,2025-12-10 20:15:00,hindcast
WR,00-0040782,Isaiah Bond,CLE,CHI,2025_15_CLE_CHI,2025,15,NA,NA,15,20,4.744366798843484,0.794605498281167,-3.9624228867959532,5.420265766962364,-5.462206894555731,6.6564571649055555,0.1195,0.0335,0.09971466715507815,0.02849050359274229,strat_platt,strat_platt,2025-12-14T18:00:00Z,2026-07-18 18:38:32,2025-12-10 20:15:00,hindcast
WR,00-0035406,Lil'Jordan Humphrey,DEN,GB,2025_15_GB_DEN,2025,15,NA,NA,15,20,4.872328444688082,0.685469208427551,-4.131788133955823,5.3696951765924,-5.650560976689832,6.621538051235341,0.1135,0.0245,0.09899164912176776,0.024789025929192177,strat_platt,strat_platt,2025-12-14T21:25:00Z,2026-07-18 18:38:32,2025-12-10 20:15:00,hindcast
WR,00-0038976,Marvin Mims Jr.,DEN,GB,2025_15_GB_DEN,2025,15,NA,NA,15,20,4.4928390543117835,1.0692519327517027,-3.5668382403259615,5.577313768771423,-5.028493151178762,6.782077400206987,0.111,0.0245,0.09868197020661792,0.024789025929192177,strat_platt,strat_platt,2025-12-14T21:25:00Z,2026-07-18 18:38:32,2025-12-10 20:15:00,hindcast
WR,00-0040667,Matthew Golden,GB,DEN,2025_15_GB_DEN,2025,15,NA,Full Participation in Practice,15,20,4.903090542432815,0.6856834169705376,-4.145928263911849,5.383867320195513,-5.669226706575076,6.639440403771263,0.109,0.028,0.09843043937197761,0.02630360127694092,strat_platt,strat_platt,2025-12-14T21:25:00Z,2026-07-18 18:38:32,2025-12-10 20:15:00,hindcast
WR,00-0040729,Jack Bech,LV,PHI,2025_15_LV_PHI,2025,15,NA,NA,15,20,4.80488092458794,0.4565089690348118,-4.329107560891058,5.109967904252663,-5.837904767434802,6.353588397816988,0.1045,0.027,0.0978515069285575,0.025881847948016245,strat_platt,strat_platt,2025-12-14T18:00:00Z,2026-07-18 18:38:32,2025-12-10 20:15:00,hindcast
WR,00-0035208,Olamide Zaccheaus,CHI,CLE,2025_15_CLE_CHI,2025,15,NA,Full Participation in Practice,15,20,4.880600258715619,0.44528991920482996,-4.375831937258099,5.133273680636509,-5.895823174322581,6.3861208122810185,0.1,0.0205,0.09725333438836418,0.02290611190591148,strat_platt,strat_platt,2025-12-14T18:00:00Z,2026-07-18 18:38:32,2025-12-10 20:15:00,hindcast
WR,00-0039451,Isaiah Williams,NYJ,JAX,2025_15_NYJ_JAX,2025,15,NA,NA,15,20,4.861540943859035,0.010822015161553518,-4.801390306816366,4.690142284105141,-6.31857256813895,5.940674127927404,0.0975,0.0225,0.09691207952295078,0.023870392673050893,strat_platt,strat_platt,2025-12-14T18:00:00Z,2026-07-18 18:38:32,2025-12-10 20:15:00,hindcast
WR,00-0033307,Kendrick Bourne,SF,TEN,2025_15_TEN_SF,2025,15,NA,NA,15,20,4.456943399543967,0.8928894376554565,-3.725653225580435,5.383888348563354,-5.181775801431987,6.584091973422171,0.094,0.0245,0.09642283891448183,0.024789025929192177,strat_platt,strat_platt,2025-12-14T21:25:00Z,2026-07-18 18:38:32,2025-12-10 20:15:00,hindcast
WR,00-0031236,Brandin Cooks,BUF,NE,2025_15_BUF_NE,2025,15,NA,NA,15,20,4.621983473092741,0.4941967990917918,-4.204421562594933,5.063060071283065,-5.685790204314727,6.2840726721656,0.0925,0.019,0.0962088513932271,0.0221486276480343,strat_platt,strat_platt,2025-12-14T18:00:00Z,2026-07-18 18:38:32,2025-12-10 20:15:00,hindcast
WR,00-0038104,Tyquan Thornton,KC,LAC,2025_15_LAC_KC,2025,15,NA,NA,15,20,4.533974819357496,0.5098125631975251,-4.146296085861442,5.037340053295901,-5.614262371737916,6.247305812153209,0.0825,0.0215,0.09470868863402339,0.02339437332953644,strat_platt,strat_platt,2025-12-14T18:00:00Z,2026-07-18 18:38:32,2025-12-10 20:15:00,hindcast
WR,00-0037231,Kevin Austin Jr.,NO,CAR,2025_15_CAR_NO,2025,15,NA,NA,15,20,4.4310272080530675,0.3294280156776609,-4.27639920946483,4.80806263273942,-5.728512893806722,6.0049619436611055,0.078,0.015,0.0939865777177655,0.019951414641284977,strat_platt,strat_platt,2025-12-14T21:25:00Z,2026-07-18 18:38:32,2025-12-10 20:15:00,hindcast
WR,00-0038640,Jalen Brooks,ARI,HOU,2025_15_ARI_HOU,2025,15,NA,NA,15,20,4.551635889076823,-0.18738510657058416,-4.852059020035049,4.34847111315563,-6.3227257410440725,5.560662695641066,0.0745,0.018,0.09340173230512522,0.021625265601576592,strat_platt,strat_platt,2025-12-14T18:00:00Z,2026-07-18 18:38:32,2025-12-10 20:15:00,hindcast
QB,00-0036389,Jalen Hurts,PHI,LV,2025_15_LV_PHI,2025,15,NA,NA,20,25,6.93390120192036,5.478897839615014,-7.960795691954727,18.918591371184753,-11.401263039659716,22.35905871888974,0.5045,0.301,0.5045,0.28939625136807806,raw,platt,2025-12-14T18:00:00Z,2026-07-18 19:51:06,2025-12-10 20:15:00,hindcast
QB,00-0034857,Josh Allen,BUF,NE,2025_15_BUF_NE,2025,15,NA,NA,20,25,5.434985499375528,5.484063749273873,-7.955629782295868,18.923757280843613,-11.396097130000857,22.3642246285486,0.497,0.2835,0.497,0.2717047092600588,raw,platt,2025-12-14T18:00:00Z,2026-07-18 19:51:06,2025-12-10 20:15:00,hindcast
QB,00-0034796,Lamar Jackson,BAL,CIN,2025_15_BAL_CIN,2025,15,NA,Full Participation in Practice,20,25,5.216094959489634,6.1406353770180475,-7.299058154551694,19.580328908587788,-10.739525502256683,23.020796256292776,0.486,0.2675,0.486,0.2555827955847422,raw,platt,2025-12-14T18:00:00Z,2026-07-18 19:51:06,2025-12-10 20:15:00,hindcast
QB,00-0037834,Brock Purdy,SF,TEN,2025_15_TEN_SF,2025,15,NA,NA,20,25,2.732476979241321,5.440006486453121,-7.99968704511662,18.879700018022863,-11.440154392821608,22.32016736572785,0.3925,0.201,0.3925,0.1892045352724007,raw,platt,2025-12-14T21:25:00Z,2026-07-18 19:51:06,2025-12-10 20:15:00,hindcast
QB,00-0034855,Baker Mayfield,TB,ATL,2025_15_ATL_TB,2025,15,NA,Full Participation in Practice,20,25,3.0118187522395976,5.641338846542256,-7.798354685027485,19.081032378112,-11.238822032732473,22.521499725816987,0.383,0.1965,0.383,0.1847541984365822,raw,platt,2025-12-12T01:15:00Z,2026-07-18 19:51:06,2025-12-10 20:15:00,hindcast
QB,00-0036355,Justin Herbert,LAC,KC,2025_15_LAC_KC,2025,15,NA,Limited Participation in Practice,20,25,4.158664629411894,3.7675361991765,-9.67215733239324,17.207229730746242,-13.112624680098229,20.64769707845123,0.3785,0.192,0.3785,0.18030971720243255,raw,platt,2025-12-14T18:00:00Z,2026-07-18 19:51:06,2025-12-10 20:15:00,hindcast
QB,00-0039732,Bo Nix,DEN,GB,2025_15_GB_DEN,2025,15,NA,NA,20,25,4.43322297927373,1.977249713364824,-11.462443818204918,15.416943244934565,-14.902911165909906,18.857410592639553,0.359,0.187,0.359,0.17537842200041556,raw,platt,2025-12-14T21:25:00Z,2026-07-18 19:51:06,2025-12-10 20:15:00,hindcast
QB,00-0040691,Jaxson Dart,NYG,WAS,2025_15_WAS_NYG,2025,15,NA,NA,20,25,5.32859997758589,2.3888910741760307,-11.050802457393711,15.828584605745771,-14.4912698050987,19.26905195345076,0.353,0.1695,0.353,0.15817959929918105,raw,platt,2025-12-14T18:00:00Z,2026-07-18 19:51:06,2025-12-10 20:15:00,hindcast
QB,00-0036971,Trevor Lawrence,JAX,NYJ,2025_15_NYJ_JAX,2025,15,NA,Full Participation in Practice,20,25,3.48049574546877,3.8946121237084412,-9.5450814078613,17.334305655278182,-12.985548755566288,20.77477300298317,0.351,0.1745,0.351,0.16308363898422146,raw,platt,2025-12-14T18:00:00Z,2026-07-18 19:51:06,2025-12-10 20:15:00,hindcast
QB,00-0039851,Drake Maye,NE,BUF,2025_15_BUF_NE,2025,15,NA,NA,20,25,3.5252468185164023,1.8092533396591683,-11.630440191910573,15.24894687122891,-15.070907539615561,18.689414218933898,0.3465,0.1715,0.3465,0.16014023962703644,raw,platt,2025-12-14T18:00:00Z,2026-07-18 19:51:06,2025-12-10 20:15:00,hindcast
QB,00-0033106,Jared Goff,DET,LA,2025_15_DET_LA,2025,15,NA,NA,20,25,1.3804781114521651,4.714049788739686,-8.725643742830055,18.153743320309427,-12.166111090535043,21.594210668014416,0.317,0.1595,0.317,0.14839640626828346,raw,platt,2025-12-14T21:25:00Z,2026-07-18 19:51:06,2025-12-10 20:15:00,hindcast
QB,00-0034869,Sam Darnold,SEA,IND,2025_15_IND_SEA,2025,15,NA,NA,20,25,2.153038976368353,3.7845874260989354,-9.655106105470805,17.224280957668675,-13.095573453175794,20.664748305373664,0.3045,0.1395,0.3045,0.1289358366509797,raw,platt,2025-12-14T21:25:00Z,2026-07-18 19:51:06,2025-12-10 20:15:00,hindcast
QB,00-0033873,Patrick Mahomes,KC,LAC,2025_15_LAC_KC,2025,15,NA,Full Participation in Practice,20,25,2.6955190643510822,2.2563595564153127,-11.18333397515443,15.696053087985053,-14.623801322859418,19.13652043569004,0.303,0.1385,0.303,0.12796672447507687,raw,platt,2025-12-14T18:00:00Z,2026-07-18 19:51:06,2025-12-10 20:15:00,hindcast
QB,00-0026498,Matthew Stafford,LA,DET,2025_15_DET_LA,2025,15,NA,NA,20,25,1.2569610358903043,2.521357539956473,-10.918335991613269,15.961051071526214,-14.358803339318257,19.401518419231202,0.2845,0.1445,0.2845,0.13378714912926368,raw,platt,2025-12-14T21:25:00Z,2026-07-18 19:51:06,2025-12-10 20:15:00,hindcast
QB,00-0036442,Joe Burrow,CIN,BAL,2025_15_BAL_CIN,2025,15,NA,NA,20,25,1.6410442429142071,2.7102516505474727,-10.729441881022268,16.149945182117214,-14.169909228727256,19.590412529822203,0.2805,0.127,0.2805,0.1168504556729878,raw,platt,2025-12-14T18:00:00Z,2026-07-18 19:51:06,2025-12-10 20:15:00,hindcast
QB,00-0039163,C.J. Stroud,HOU,ARI,2025_15_ARI_HOU,2025,15,NA,NA,20,25,2.374737851306567,1.7642409509920332,-11.675452580577709,15.203934482561774,-15.115919928282697,18.644401830266762,0.272,0.1205,0.272,0.11059147554063188,raw,platt,2025-12-14T18:00:00Z,2026-07-18 19:51:06,2025-12-10 20:15:00,hindcast
QB,00-0033077,Dak Prescott,DAL,MIN,2025_15_MIN_DAL,2025,15,NA,NA,20,25,1.7752746574787024,-0.39645735932097953,-13.836150890890721,13.043236172248761,-17.27661823859571,16.48370351995375,0.2695,0.122,0.2695,0.11203425506748736,raw,platt,2025-12-15T01:20:00Z,2026-07-18 19:51:06,2025-12-10 20:15:00,hindcast
QB,00-0036264,Jordan Love,GB,DEN,2025_15_GB_DEN,2025,15,NA,Full Participation in Practice,20,25,1.5647796404581285,4.454624571698686,-8.985068959871056,17.894318103268425,-12.425536307576044,21.334785450973413,0.2685,0.126,0.2685,0.1158863719090821,raw,platt,2025-12-14T21:25:00Z,2026-07-18 19:51:06,2025-12-10 20:15:00,hindcast
QB,00-0039150,Bryce Young,CAR,NO,2025_15_CAR_NO,2025,15,NA,NA,20,25,2.80384766230152,1.4836404446709333,-11.956053086898809,14.923333976240674,-15.396520434603797,18.363801323945662,0.2655,0.1125,0.2655,0.10291339261386458,raw,platt,2025-12-14T21:25:00Z,2026-07-18 19:51:06,2025-12-10 20:15:00,hindcast
QB,00-0040676,Cam Ward,TEN,SF,2025_15_TEN_SF,2025,15,NA,NA,20,25,3.09523449954326,-0.9705122359631777,-14.410205767532918,12.469181295606564,-17.850673115237907,15.909648643311552,0.2525,0.1085,0.2525,0.0990852529571321,raw,platt,2025-12-14T21:25:00Z,2026-07-18 19:51:06,2025-12-10 20:15:00,hindcast
QB,00-0039923,J.J. McCarthy,MIN,DAL,2025_15_MIN_DAL,2025,15,NA,NA,20,25,2.8416371666542237,0.4816582128327633,-12.958035318736979,13.921351744402504,-16.398502666441967,17.361819092107492,0.2435,0.097,0.2435,0.08812217276900708,raw,platt,2025-12-15T01:20:00Z,2026-07-18 19:51:06,2025-12-10 20:15:00,hindcast
QB,00-0040743,Tyler Shough,NO,CAR,2025_15_CAR_NO,2025,15,NA,NA,20,25,4.457330484157064,-1.307788521458456,-14.747482053028197,12.131905010111286,-18.187949400733185,15.572372357816274,0.243,0.108,0.243,0.09860726153396854,raw,platt,2025-12-14T21:25:00Z,2026-07-18 19:51:06,2025-12-10 20:15:00,hindcast
QB,00-0032268,Marcus Mariota,WAS,NYG,2025_15_WAS_NYG,2025,15,NA,NA,20,25,4.62843034939848,-2.2769566383615416,-15.716650169931283,11.1627368932082,-19.157117517636273,14.603204240913188,0.2355,0.089,0.2355,0.08053548644577334,raw,platt,2025-12-14T18:00:00Z,2026-07-18 19:51:06,2025-12-10 20:15:00,hindcast
QB,00-0036212,Tua Tagovailoa,MIA,PIT,2025_15_MIA_PIT,2025,15,NA,NA,20,25,1.2231006617164508,2.842788056519111,-10.59690547505063,16.282481588088853,-14.037372822755618,19.72294893579384,0.2255,0.092,0.2255,0.08337649475676477,raw,platt,2025-12-16T01:15:00Z,2026-07-18 19:51:06,2025-12-10 20:15:00,hindcast
QB,00-0029604,Kirk Cousins,ATL,TB,2025_15_ATL_TB,2025,15,NA,NA,20,25,1.0640881325022706,1.695701034915391,-11.74399249665435,15.135394566485132,-15.184459844359338,18.57586191419012,0.2085,0.0845,0.2085,0.07628329890275393,raw,platt,2025-12-12T01:15:00Z,2026-07-18 19:51:06,2025-12-10 20:15:00,hindcast
QB,00-0039918,Caleb Williams,CHI,CLE,2025_15_CLE_CHI,2025,15,NA,NA,20,25,3.091460467241062,-2.3259487948285473,-15.76564232639829,11.113744736741193,-19.206109674103278,14.554212084446181,0.197,0.083,0.197,0.07486845699288898,raw,platt,2025-12-14T18:00:00Z,2026-07-18 19:51:06,2025-12-10 20:15:00,hindcast
QB,00-0033119,Jacoby Brissett,ARI,HOU,2025_15_ARI_HOU,2025,15,NA,NA,20,25,2.12371749179619,-6.1346794161156115,-19.574372947685355,7.30501411545413,-23.014840295390343,10.745481463159118,0.1575,0.0575,0.1575,0.05103351113626021,raw,platt,2025-12-14T18:00:00Z,2026-07-18 19:51:06,2025-12-10 20:15:00,hindcast
QB,00-0023459,Aaron Rodgers,PIT,MIA,2025_15_MIA_PIT,2025,15,NA,Full Participation in Practice,20,25,1.3173362299348084,-2.1027995191472035,-15.542493050716946,11.336894012422537,-18.982960398421934,14.777361360127525,0.153,0.0565,0.153,0.05010809522935103,raw,platt,2025-12-16T01:15:00Z,2026-07-18 19:51:06,2025-12-10 20:15:00,hindcast
QB,00-0040668,Shedeur Sanders,CLE,CHI,2025_15_CLE_CHI,2025,15,NA,NA,20,25,2.5030070908838344,-4.61415288415572,-18.05384641572546,8.825540647414021,-21.494313763430448,12.26600799511901,0.1375,0.0465,0.1375,0.04089902765211027,raw,platt,2025-12-14T18:00:00Z,2026-07-18 19:51:06,2025-12-10 20:15:00,hindcast
QB,00-0040398,Brady Cook,NYJ,JAX,2025_15_NYJ_JAX,2025,15,NA,Full Participation in Practice,20,25,1.760277361433143,-7.896856706963048,-21.336550238532787,5.5428368246066935,-24.777017586237776,8.983304172311682,0.1025,0.035,0.1025,0.030423501788972553,raw,platt,2025-12-14T18:00:00Z,2026-07-18 19:51:06,2025-12-10 20:15:00,hindcast
QB,00-0038102,Kenny Pickett,LV,PHI,2025_15_LV_PHI,2025,15,NA,NA,20,25,1.9419335051999695,-7.499855562226403,-20.939549093796145,5.939837969343338,-24.380016441501134,9.380305317048325,0.0735,0.0145,0.0735,0.012172252652441254,raw,platt,2025-12-14T18:00:00Z,2026-07-18 19:51:06,2025-12-10 20:15:00,hindcast
QB,00-0022942,Philip Rivers,IND,SEA,2025_15_IND_SEA,2025,15,NA,NA,20,25,2.6773442332924096,-9.515933023565013,-22.955626555134756,3.9237605080047278,-26.396093902839745,7.364227855709716,0.0595,0.012,0.0595,0.010000890525146229,raw,platt,2025-12-14T21:25:00Z,2026-07-18 19:51:06,2025-12-10 20:15:00,hindcast
RB,00-0034844,Saquon Barkley,PHI,LV,2025_15_LV_PHI,2025,15,NA,NA,15,20,23.780697974339137,-0.546444378134303,-7.09185278486136,5.998964028592755,-9.32641321360257,8.233524457333964,0.681,0.4525,0.6687850279124932,0.47098739546375284,platt,platt_vol,2025-12-14T18:00:00Z,2026-07-18 19:51:06,2025-12-10 20:15:00,hindcast
RB,00-0036223,Jonathan Taylor,IND,SEA,2025_15_IND_SEA,2025,15,NA,NA,15,20,23.80970277931266,-1.7979214003607378,-8.34791386473361,4.752071064012134,-10.584039261339601,6.988196460618126,0.622,0.362,0.6089844780018536,0.40301260570521047,platt,platt_vol,2025-12-14T21:25:00Z,2026-07-18 19:51:06,2025-12-10 20:15:00,hindcast
RB,00-0040122,Ashton Jeanty,LV,PHI,2025_15_LV_PHI,2025,15,NA,NA,15,20,23.39726751898601,-2.1501889971886703,-8.634772894706732,4.334394900329392,-10.848568226309567,6.548190231932225,0.588,0.338,0.574704733920802,0.37981532308117977,platt,platt_vol,2025-12-14T18:00:00Z,2026-07-18 19:51:06,2025-12-10 20:15:00,hindcast
RB,00-0038120,Breece Hall,NYJ,JAX,2025_15_NYJ_JAX,2025,15,NA,Full Participation in Practice,15,20,21.744528855630406,-1.8249153304834311,-8.042316912774337,4.392486251807474,-10.164897916444255,6.515067255477392,0.5565,0.301,0.5430612318203734,0.3331623105215274,platt,platt_vol,2025-12-14T18:00:00Z,2026-07-18 19:51:06,2025-12-10 20:15:00,hindcast
RB,00-0036997,Javonte Williams,DAL,MIN,2025_15_MIN_DAL,2025,15,NA,NA,15,20,21.87739991208369,-2.33563894931411,-8.574833000748484,3.9035551021202646,-10.704853813543608,6.033575914915389,0.5135,0.28,0.5000413553038686,0.31798726524744536,platt,platt_vol,2025-12-15T01:20:00Z,2026-07-18 19:51:06,2025-12-10 20:15:00,hindcast
RB,00-0033280,Christian McCaffrey,SF,TEN,2025_15_TEN_SF,2025,15,NA,Full Participation in Practice,15,20,20.332763850086753,-1.2981543983444455,-7.280402250308153,4.684093453619262,-9.322703279405363,6.726394482716472,0.4985,0.2685,0.48508144548466375,0.2935236204387379,platt,platt_vol,2025-12-14T21:25:00Z,2026-07-18 19:51:06,2025-12-10 20:15:00,hindcast
RB,00-0037248,James Cook,BUF,NE,2025_15_BUF_NE,2025,15,NA,NA,15,20,20.263653876969496,-1.046476407369285,-7.017037236031983,4.924084421293412,-9.055348390368838,6.962395575630268,0.4985,0.262,0.48508144548466375,0.28776979892691756,platt,platt_vol,2025-12-14T18:00:00Z,2026-07-18 19:51:06,2025-12-10 20:15:00,hindcast
RB,00-0038542,Bijan Robinson,ATL,TB,2025_15_ATL_TB,2025,15,NA,NA,15,20,19.374380953364707,-0.9058662049690054,-6.724499475663038,4.912767065725026,-8.710943536615291,6.8992111266772795,0.4825,0.2485,0.4691506571840653,0.2688354772083179,platt,platt_vol,2025-12-12T01:15:00Z,2026-07-18 19:51:06,2025-12-10 20:15:00,hindcast
RB,00-0033923,Kareem Hunt,KC,LAC,2025_15_LAC_KC,2025,15,NA,NA,15,20,19.75932936171729,-1.4442796302614191,-7.329036000488204,4.440476739965366,-9.338054063314772,6.449494802791933,0.482,0.242,0.46865325744580816,0.2672891128516649,platt,platt_vol,2025-12-14T18:00:00Z,2026-07-18 19:51:06,2025-12-10 20:15:00,hindcast
RB,00-0039040,De'Von Achane,MIA,PIT,2025_15_MIA_PIT,2025,15,NA,Full Participation in Practice,15,20,18.327743599327913,-0.4288846929459234,-6.0648486238550285,5.207079237963181,-7.988930544377944,7.131161158486097,0.472,0.252,0.4587108025305251,0.2619386122049941,platt,platt_vol,2025-12-16T01:15:00Z,2026-07-18 19:51:06,2025-12-10 20:15:00,hindcast
RB,00-0040583,Woody Marks,HOU,ARI,2025_15_ARI_HOU,2025,15,NA,Full Participation in Practice,15,20,19.621015704783467,-1.2589320631436676,-7.119993763486046,4.60212963719871,-9.120922618060709,6.603058491773374,0.468,0.225,0.4547367672773702,0.25252781320670453,platt,platt_vol,2025-12-14T18:00:00Z,2026-07-18 19:51:06,2025-12-10 20:15:00,hindcast
RB,00-0035700,Josh Jacobs,GB,DEN,2025_15_GB_DEN,2025,15,Questionable,Limited Participation in Practice,15,20,19.106455331157388,-1.199372533547261,-6.971653344554189,4.572908277459667,-8.94227297320896,6.543527906114438,0.467,0.2265,0.45374352083640246,0.24917740127986326,platt,platt_vol,2025-12-14T21:25:00Z,2026-07-18 19:51:06,2025-12-10 20:15:00,hindcast
RB,00-0039139,Jahmyr Gibbs,DET,LA,2025_15_DET_LA,2025,15,NA,NA,15,20,18.60248636917587,-0.732938412400069,-6.417273690671829,4.951396865871692,-8.357869278789634,6.891992453989497,0.466,0.225,0.4527503792280488,0.24360299109723835,platt,platt_vol,2025-12-14T21:25:00Z,2026-07-18 19:51:06,2025-12-10 20:15:00,hindcast
RB,00-0040734,TreVeyon Henderson,NE,BUF,2025_15_BUF_NE,2025,15,NA,NA,15,20,18.165797675845383,-0.7907909923029768,-6.3980980205515445,4.8165160359455905,-8.312396658395,6.730814673789046,0.4615,0.2345,0.44828253773465004,0.2471550027306642,platt,platt_vol,2025-12-14T18:00:00Z,2026-07-18 19:51:06,2025-12-10 20:15:00,hindcast
RB,00-0040202,Devin Neal,NO,CAR,2025_15_CAR_NO,2025,15,NA,Full Participation in Practice,15,20,18.829842562248263,-0.9435940299425717,-6.667728252672395,4.780540192787251,-8.621910945041826,6.734722885156682,0.457,0.234,0.44381681262356176,0.25261616355069116,platt,platt_vol,2025-12-14T21:25:00Z,2026-07-18 19:51:06,2025-12-10 20:15:00,hindcast
RB,00-0040784,Quinshon Judkins,CLE,CHI,2025_15_CLE_CHI,2025,15,NA,NA,15,20,19.100013005357784,-0.9305577045743015,-6.701720566999782,4.840605157851179,-8.671958535182627,6.810843126034023,0.457,0.2495,0.44381681262356176,0.2670826693112235,platt,platt_vol,2025-12-14T18:00:00Z,2026-07-18 19:51:06,2025-12-10 20:15:00,hindcast
RB,00-0038597,Chase Brown,CIN,BAL,2025_15_BAL_CIN,2025,15,NA,NA,15,20,19.029001839456313,-1.3770070605044562,-7.135836572691761,4.381822451682848,-9.101864014245326,6.347849893236413,0.442,0.1965,0.42894627913013544,0.22446424495364195,platt,platt_vol,2025-12-14T18:00:00Z,2026-07-18 19:51:06,2025-12-10 20:15:00,hindcast
RB,00-0036973,Travis Etienne,JAX,NYJ,2025_15_NYJ_JAX,2025,15,NA,NA,15,20,19.157825283322833,-1.2066108158955406,-6.987800215048303,4.574578583257221,-8.961461178530428,6.548239546739347,0.4395,0.229,0.4264701235605471,0.25160310861380275,platt,platt_vol,2025-12-14T18:00:00Z,2026-07-18 19:51:06,2025-12-10 20:15:00,hindcast
RB,00-0032764,Derrick Henry,BAL,CIN,2025_15_BAL_CIN,2025,15,NA,NA,15,20,18.01382974471034,-0.5201965075631839,-6.100513213343705,5.060120198217337,-8.005597528291117,6.96520451316475,0.438,0.233,0.4249847399686933,0.24468270782050963,platt,platt_vol,2025-12-14T18:00:00Z,2026-07-18 19:51:06,2025-12-10 20:15:00,hindcast
RB,00-0036139,Rico Dowdle,CAR,NO,2025_15_CAR_NO,2025,15,NA,NA,15,20,18.056856702871357,-0.8313721810086189,-6.419340508901809,4.756596146884571,-8.327037038538695,6.664292676521457,0.432,0.1985,0.4190455243390958,0.2182013895906892,platt,platt_vol,2025-12-14T21:25:00Z,2026-07-18 19:51:06,2025-12-10 20:15:00,hindcast
RB,00-0040666,Omarion Hampton,LAC,KC,2025_15_LAC_KC,2025,15,NA,NA,15,20,17.99274830114068,-0.672534441990578,-6.249099327692125,4.904030443710969,-8.152902795339678,6.8078339113585224,0.4315,0.2185,0.41855075691399746,0.23334414754619942,platt,platt_vol,2025-12-14T18:00:00Z,2026-07-18 19:51:06,2025-12-10 20:15:00,hindcast
RB,00-0039391,Kimani Vidal,LAC,KC,2025_15_LAC_KC,2025,15,NA,NA,15,20,18.212522514597342,-1.4139368936418886,-7.029523168396965,4.201649381113187,-8.94664828787054,6.1187745005867615,0.4085,0.188,0.3958191076299899,0.21103888507750596,platt,platt_vol,2025-12-14T18:00:00Z,2026-07-18 19:51:06,2025-12-10 20:15:00,hindcast
RB,00-0039361,Bucky Irving,TB,ATL,2025_15_ATL_TB,2025,15,NA,Full Participation in Practice,15,20,17.252445714816172,-0.8357348135175856,-6.27933967063613,4.607870043600959,-8.137751437718364,6.466281810683193,0.3955,0.2,0.38299455890694617,0.21298617004935494,platt,platt_vol,2025-12-12T01:15:00Z,2026-07-18 19:51:06,2025-12-10 20:15:00,hindcast
RB,00-0035261,Tony Pollard,TEN,SF,2025_15_TEN_SF,2025,15,NA,Full Participation in Practice,15,20,17.67015892149246,-1.2913473713908883,-6.81026639262142,4.227571649839643,-8.694389932047057,6.111695189265282,0.3705,0.1695,0.3583796480257674,0.19194703760220538,platt,platt_vol,2025-12-14T21:25:00Z,2026-07-18 19:51:06,2025-12-10 20:15:00,hindcast
RB,00-0036275,D'Andre Swift,CHI,CLE,2025_15_CLE_CHI,2025,15,NA,NA,15,20,16.070417495376212,-0.7828295692086533,-6.008992508599583,4.443333370182277,-7.793171000275449,6.227511861858143,0.357,0.174,0.3451134117330517,0.18404594623366155,platt,platt_vol,2025-12-14T18:00:00Z,2026-07-18 19:51:06,2025-12-10 20:15:00,hindcast
RB,00-0040730,RJ Harvey,DEN,GB,2025_15_GB_DEN,2025,15,NA,NA,15,20,14.976215093488896,-0.5916424756014093,-5.610365890974353,4.4270809397715345,-7.323725860271828,6.140440909069009,0.315,0.1215,0.30395448755099,0.1356736258486101,platt,platt_vol,2025-12-14T21:25:00Z,2026-07-18 19:51:06,2025-12-10 20:15:00,hindcast
RB,00-0037840,Kyren Williams,LA,DET,2025_15_DET_LA,2025,15,NA,NA,15,20,15.829656643804126,-0.9421696780513945,-6.123218264250921,4.238878908148132,-7.891995005242115,6.007655649139326,0.303,0.1275,0.29222595606712887,0.1454311513369552,platt,platt_vol,2025-12-14T21:25:00Z,2026-07-18 19:51:06,2025-12-10 20:15:00,hindcast
RB,00-0039384,Tyrone Tracy Jr.,NYG,WAS,2025_15_WAS_NYG,2025,15,NA,Full Participation in Practice,15,20,14.412053609147637,-0.5066011357764053,-5.415851691041606,4.402649419488796,-7.091838328376102,6.078636056823292,0.3015,0.1265,0.2907608507022976,0.13655968702400667,platt,platt_vol,2025-12-14T18:00:00Z,2026-07-18 19:51:06,2025-12-10 20:15:00,hindcast
RB,00-0038134,Kenneth Walker III,SEA,IND,2025_15_IND_SEA,2025,15,NA,NA,15,20,15.275081510141307,-1.1264528292926175,-6.2024582081973865,3.949552549612152,-7.935373872271258,5.682468213686024,0.3,0.1135,0.2892959581189362,0.13070685953207944,platt,platt_vol,2025-12-14T21:25:00Z,2026-07-18 19:51:06,2025-12-10 20:15:00,hindcast
RB,00-0040236,Kyle Monangai,CHI,CLE,2025_15_CLE_CHI,2025,15,NA,NA,15,20,15.100038198088432,-1.157106705426629,-6.199621064066001,3.8854076532127433,-7.921103108730225,5.606889697876968,0.2915,0.123,0.2809989077338745,0.1375790710686097,platt,platt_vol,2025-12-14T18:00:00Z,2026-07-18 19:51:06,2025-12-10 20:15:00,hindcast
RB,00-0036875,Rhamondre Stevenson,NE,BUF,2025_15_BUF_NE,2025,15,NA,NA,15,20,14.861582879425548,-0.8953465429917705,-5.891970176064061,4.1012770900805195,-7.59778542149647,5.8070923355129285,0.287,0.1105,0.2766090996146051,0.12603786164585618,platt,platt_vol,2025-12-14T18:00:00Z,2026-07-18 19:51:06,2025-12-10 20:15:00,hindcast
RB,00-0033293,Aaron Jones,MIN,DAL,2025_15_MIN_DAL,2025,15,NA,Full Participation in Practice,15,20,15.201651830014201,-1.2825591367942417,-6.3445352181520205,3.779416944563537,-8.07266137006813,5.507543096479647,0.2855,0.1175,0.2751462514187419,0.13363211716916798,platt,platt_vol,2025-12-15T01:20:00Z,2026-07-18 19:51:06,2025-12-10 20:15:00,hindcast
RB,00-0037197,Isiah Pacheco,KC,LAC,2025_15_LAC_KC,2025,15,NA,NA,15,20,14.040619448909245,-1.1219124204647346,-5.958089986400214,3.7142651454707445,-7.609129974080549,5.365305133151081,0.2585,0.0945,0.2488506755225862,0.10872194290492797,platt,platt_vol,2025-12-14T18:00:00Z,2026-07-18 19:51:06,2025-12-10 20:15:00,hindcast
RB,00-0037228,Jaylen Warren,PIT,MIA,2025_15_MIA_PIT,2025,15,NA,NA,15,20,14.755577793204864,-1.5532198737861884,-6.529342276114764,3.4229025285423864,-8.22815853292588,5.121718785353503,0.2555,0.0925,0.2459330826085338,0.11029589360554534,platt,platt_vol,2025-12-16T01:15:00Z,2026-07-18 19:51:06,2025-12-10 20:15:00,hindcast
RB,00-0035250,Devin Singletary,NYG,WAS,2025_15_WAS_NYG,2025,15,NA,NA,15,20,13.728587345260976,-1.1454755482372807,-5.919628080615587,3.628676984141026,-7.549493119848739,5.2585420233741775,0.2445,0.0775,0.2352422370337442,0.09288403828735733,platt,platt_vol,2025-12-14T18:00:00Z,2026-07-18 19:51:06,2025-12-10 20:15:00,hindcast
RB,00-0039738,Blake Corum,LA,DET,2025_15_DET_LA,2025,15,NA,NA,15,20,12.573654695386521,-0.47812569270468386,-5.017295284637448,4.061043899228079,-6.566938655867545,5.610687270458176,0.215,0.0725,0.20662484887263255,0.08420892253822723,platt,platt_vol,2025-12-14T21:25:00Z,2026-07-18 19:51:06,2025-12-10 20:15:00,hindcast
RB,00-0040242,Jacory Croskey-Merritt,WAS,NYG,2025_15_WAS_NYG,2025,15,NA,NA,15,20,12.154492964735455,-0.38085126528916474,-4.832482789498468,4.070780258920139,-6.3522412261319285,5.590538695553599,0.21,0.0715,0.20178205040328395,0.08186699085564009,platt,platt_vol,2025-12-14T18:00:00Z,2026-07-18 19:51:06,2025-12-10 20:15:00,hindcast
RB,00-0036555,Chuba Hubbard,CAR,NO,2025_15_CAR_NO,2025,15,NA,NA,15,20,12.15586170779722,-0.4849976231445444,-4.936917069144451,3.966921822855362,-6.456773800429654,5.486778554140565,0.2005,0.063,0.19258670750491083,0.07464020952641764,platt,platt_vol,2025-12-14T21:25:00Z,2026-07-18 19:51:06,2025-12-10 20:15:00,hindcast
RB,00-0039165,Zach Charbonnet,SEA,IND,2025_15_IND_SEA,2025,15,NA,NA,15,20,12.786839077029397,-0.943948383172214,-5.527162661993087,3.639265895648659,-7.091842606695867,5.203945840351439,0.1925,0.07,0.18484927675083615,0.08283707097409425,platt,platt_vol,2025-12-14T21:25:00Z,2026-07-18 19:51:06,2025-12-10 20:15:00,hindcast
RB,00-0035685,David Montgomery,DET,LA,2025_15_DET_LA,2025,15,NA,NA,15,20,11.47316757674298,-0.5901239291393362,-4.896674908591447,3.7164270503127748,-6.3669037782140165,5.186655919935344,0.1885,0.05,0.18098260487830992,0.061188632013769874,platt,platt_vol,2025-12-14T21:25:00Z,2026-07-18 19:51:06,2025-12-10 20:15:00,hindcast
RB,00-0033526,Samaje Perine,CIN,BAL,2025_15_BAL_CIN,2025,15,NA,NA,15,20,11.366106446073887,-0.5603373236021524,-4.8437610423528765,3.7230863951485715,-6.3060944135776085,5.185419766373303,0.1825,0.059,0.17518513053678672,0.06873662557952473,platt,platt_vol,2025-12-14T18:00:00Z,2026-07-18 19:51:06,2025-12-10 20:15:00,hindcast
RB,00-0037525,Jordan Mason,MIN,DAL,2025_15_MIN_DAL,2025,15,NA,NA,15,20,11.058414080544535,-0.3931795314656234,-4.609614148078354,3.8232550851471068,-6.049077869696406,5.262718806765159,0.1755,0.0445,0.1684252215829807,0.055170595692203096,platt,platt_vol,2025-12-15T01:20:00Z,2026-07-18 19:51:06,2025-12-10 20:15:00,hindcast
RB,00-0039032,Tyjae Spears,TEN,SF,2025_15_TEN_SF,2025,15,NA,NA,15,20,11.14718422106329,-0.6935734705006897,-4.9294151723873165,3.542268231385937,-6.375504348384302,4.988357407382923,0.1505,0.045,0.14431552555452137,0.05584264444933285,platt,platt_vol,2025-12-14T21:25:00Z,2026-07-18 19:51:06,2025-12-10 20:15:00,hindcast
RB,00-0036919,Kenneth Gainwell,PIT,MIA,2025_15_MIA_PIT,2025,15,NA,NA,15,20,10.920571381671154,-0.8702934801447866,-5.056460748203543,3.3158737879139704,-6.4855913912482075,4.745004430958635,0.149,0.0485,0.14287054351764902,0.05839789089893816,platt,platt_vol,2025-12-16T01:15:00Z,2026-07-18 19:51:06,2025-12-10 20:15:00,hindcast
RB,00-0036924,Michael Carter,ARI,HOU,2025_15_ARI_HOU,2025,15,NA,NA,15,20,10.766424973567544,-0.7195165273324059,-4.871643230730759,3.432610176065947,-6.289152643435698,4.850119588770887,0.1475,0.0435,0.1414257393257417,0.05356171781496983,platt,platt_vol,2025-12-14T18:00:00Z,2026-07-18 19:51:06,2025-12-10 20:15:00,hindcast
RB,00-0039405,Jawhar Jordan,HOU,ARI,2025_15_ARI_HOU,2025,15,NA,NA,15,20,10.228199068284034,-0.7335688552128219,-4.7651774001600025,3.2980396897343582,-6.141542686924232,4.6744049764985895,0.129,0.0345,0.12362087958713953,0.04413006029845635,platt,platt_vol,2025-12-14T18:00:00Z,2026-07-18 19:51:06,2025-12-10 20:15:00,hindcast
RB,00-0037746,Brian Robinson,SF,TEN,2025_15_TEN_SF,2025,15,NA,NA,15,20,9.658357343242598,-0.3474634804547229,-4.248493236089852,3.553566275180407,-5.580279762095662,4.885352801186217,0.1255,0.0335,0.12025533141203082,0.04209713601934436,platt,platt_vol,2025-12-14T21:25:00Z,2026-07-18 19:51:06,2025-12-10 20:15:00,hindcast
RB,00-0035537,Ty Johnson,BUF,NE,2025_15_BUF_NE,2025,15,NA,NA,15,20,8.694891144157667,-0.11465829641465812,-3.787195393091686,3.55787880026237,-5.0409759915466825,4.8116593987173655,0.1065,0.031,0.1020009079335608,0.03807828685598023,platt,platt_vol,2025-12-14T18:00:00Z,2026-07-18 19:51:06,2025-12-10 20:15:00,hindcast
RB,00-0033955,Jeremy McNichols,WAS,NYG,2025_15_WAS_NYG,2025,15,NA,NA,15,20,8.931968258699575,-0.15297141121788255,-3.8826928515608152,3.5767500291250505,-5.155995817996401,4.8500529955606355,0.1015,0.0285,0.0972013817504467,0.036185903881319405,platt,platt_vol,2025-12-14T18:00:00Z,2026-07-18 19:51:06,2025-12-10 20:15:00,hindcast
RB,00-0038555,Tank Bigsby,PHI,LV,2025_15_LV_PHI,2025,15,NA,NA,15,20,8.5175800230225,-0.2584671652289216,-3.8878008706254334,3.37086654016759,-5.126832108529659,4.609897778071816,0.0995,0.0275,0.09528205263349787,0.034594007986736626,platt,platt_vol,2025-12-14T18:00:00Z,2026-07-18 19:51:06,2025-12-10 20:15:00,hindcast
RB,00-0040238,LeQuint Allen Jr.,JAX,NYJ,2025_15_NYJ_JAX,2025,15,NA,NA,15,20,8.250283304668267,-0.17790332105713993,-3.7413773404876034,3.385570698373323,-4.9579245042188855,4.602117862104606,0.094,0.025,0.09000528897266905,0.031866999636097064,platt,platt_vol,2025-12-14T18:00:00Z,2026-07-18 19:51:06,2025-12-10 20:15:00,hindcast
RB,00-0039373,Audric Estimé,NO,CAR,2025_15_CAR_NO,2025,15,NA,NA,15,20,8.652052307898177,-0.44179303216781984,-4.10392669842985,3.220340634094211,-5.354155632499074,4.470569568163434,0.092,0.023,0.08808696388268394,0.03052844055751778,platt,platt_vol,2025-12-14T21:25:00Z,2026-07-18 19:51:06,2025-12-10 20:15:00,hindcast
RB,00-0037563,Malik Davis,DAL,MIN,2025_15_MIN_DAL,2025,15,NA,NA,15,20,9.048401588137398,-0.7685506264974252,-4.5261196876476495,2.989018434652799,-5.808929653131088,4.271828400136238,0.091,0.0265,0.08712789946590313,0.03448693675647979,platt,platt_vol,2025-12-15T01:20:00Z,2026-07-18 19:51:06,2025-12-10 20:15:00,hindcast
RB,00-0038454,Keaton Mitchell,BAL,CIN,2025_15_BAL_CIN,2025,15,NA,Full Participation in Practice,15,20,8.736322581261792,-0.7103227695423292,-4.392900775439023,2.9722552363543646,-5.650109275869974,4.229463736785315,0.0885,0.0245,0.08473052168429884,0.03209972612840315,platt,platt_vol,2025-12-14T18:00:00Z,2026-07-18 19:51:06,2025-12-10 20:15:00,hindcast
RB,00-0032104,Ameer Abdullah,IND,SEA,2025_15_IND_SEA,2025,15,NA,NA,15,20,8.691453145992012,-0.6834183772551659,-4.355121360944324,2.9882846064339925,-5.608617198577692,4.241780444067361,0.088,0.0215,0.08425109430874349,0.029106843931903163,platt,platt_vol,2025-12-14T21:25:00Z,2026-07-18 19:51:06,2025-12-10 20:15:00,hindcast
RB,00-0038738,Hunter Luepke,DAL,MIN,2025_15_MIN_DAL,2025,15,NA,Full Participation in Practice,15,20,8.501906029954338,-0.693933556547873,-4.319429825645797,2.9315627125500505,-5.557150987422179,4.169283874326433,0.086,0.0225,0.08233354378628636,0.02983522229177634,platt,platt_vol,2025-12-15T01:20:00Z,2026-07-18 19:51:06,2025-12-10 20:15:00,hindcast
RB,00-0033854,Dare Ogunbowale,HOU,ARI,2025_15_ARI_HOU,2025,15,NA,NA,15,20,7.98055341396634,-0.5533186057030228,-4.0494060576878255,2.9427688462817794,-5.2429478797068905,4.136310668300845,0.0835,0.0155,0.07993695954602097,0.02215887586670076,platt,platt_vol,2025-12-14T18:00:00Z,2026-07-18 19:51:06,2025-12-10 20:15:00,hindcast
RB,00-0039798,Isaiah Davis,NYJ,JAX,2025_15_NYJ_JAX,2025,15,NA,NA,15,20,8.3757219824017,-0.7476140221227573,-4.3421064408494106,2.846878396603896,-5.569243087058047,4.074015042812532,0.072,0.012,0.06891754709135137,0.018698984905146408,platt,platt_vol,2025-12-14T18:00:00Z,2026-07-18 19:51:06,2025-12-10 20:15:00,hindcast
WR,00-0036900,Ja'Marr Chase,CIN,BAL,2025_15_BAL_CIN,2025,15,NA,NA,15,20,10.573673895127493,2.5880254896798696,-4.360182805875041,9.34435495622107,-6.550796533753424,11.149960185112983,0.609,0.376,0.5532025215811696,0.3553427663058417,strat_platt,strat_platt,2025-12-14T18:00:00Z,2026-07-18 19:51:06,2025-12-10 20:15:00,hindcast
WR,00-0038117,Wan'Dale Robinson,NYG,WAS,2025_15_WAS_NYG,2025,15,NA,NA,15,20,10.196496842568678,1.9600442914088145,-4.869871438205202,8.601347910286448,-7.023190181846876,10.376212886941167,0.553,0.304,0.5201238965692766,0.3188072645463367,strat_platt,strat_platt,2025-12-14T18:00:00Z,2026-07-18 19:51:06,2025-12-10 20:15:00,hindcast
WR,00-0038543,Jaxon Smith-Njigba,SEA,IND,2025_15_IND_SEA,2025,15,NA,Full Participation in Practice,15,20,8.780797385376246,2.7653042370501315,-3.598638647930381,8.953503123471851,-5.605046638921516,10.607277457905877,0.495,0.2715,0.4959688508089123,0.2979962564711327,strat_platt,strat_platt,2025-12-14T21:25:00Z,2026-07-18 19:51:06,2025-12-10 20:15:00,hindcast
WR,00-0039075,Puka Nacua,LA,DET,2025_15_DET_LA,2025,15,NA,NA,15,20,9.10615996150741,2.0239493436205147,-4.450401588512017,8.319507294506908,-6.491618752382179,10.001972960399284,0.4805,0.265,0.4781352123475507,0.29800777878287105,strat_platt,strat_platt,2025-12-14T21:25:00Z,2026-07-18 19:51:06,2025-12-10 20:15:00,hindcast
WR,00-0036554,Nico Collins,HOU,ARI,2025_15_ARI_HOU,2025,15,NA,NA,15,20,8.436631052198903,2.713555268261451,-3.531224675974641,8.785881968124473,-5.500063273138581,10.40868986923555,0.477,0.2405,0.477460241600463,0.2671319342139758,strat_platt,strat_platt,2025-12-14T18:00:00Z,2026-07-18 19:51:06,2025-12-10 20:15:00,hindcast
WR,00-0039064,Zay Flowers,BAL,CIN,2025_15_BAL_CIN,2025,15,NA,NA,15,20,8.822755300205229,1.8661125912657401,-4.5121880045627325,8.068272691967147,-6.523122658708825,9.72577811169385,0.4485,0.2375,0.4481570013872903,0.2641227119236085,strat_platt,strat_platt,2025-12-14T18:00:00Z,2026-07-18 19:51:06,2025-12-10 20:15:00,hindcast
WR,00-0036613,Jaylen Waddle,MIA,PIT,2025_15_MIA_PIT,2025,15,NA,NA,15,20,8.19864757002077,2.6104179371064573,-3.550457642419671,8.601157340281208,-5.492843081396033,10.202161324007701,0.443,0.226,0.4425030500153918,0.25254809541656903,strat_platt,strat_platt,2025-12-16T01:15:00Z,2026-07-18 19:51:06,2025-12-10 20:15:00,hindcast
WR,00-0036259,Jauan Jennings,SF,TEN,2025_15_TEN_SF,2025,15,NA,NA,15,20,7.863566831101833,2.4102213790315545,-3.6303092277968156,8.283939206196827,-5.53475260486903,9.853669586322095,0.411,0.2025,0.4096204928864616,0.22868934052069395,strat_platt,strat_platt,2025-12-14T21:25:00Z,2026-07-18 19:51:06,2025-12-10 20:15:00,hindcast
WR,00-0040129,Emeka Egbuka,TB,ATL,2025_15_ATL_TB,2025,15,NA,NA,15,20,8.275768166466799,1.4246425901120487,-4.763561912658992,7.441956212359443,-6.714563546182477,9.050062062439391,0.4025,0.1815,0.4008911330962362,0.2071107631335596,strat_platt,strat_platt,2025-12-12T01:15:00Z,2026-07-18 19:51:06,2025-12-10 20:15:00,hindcast
WR,00-0037240,Jameson Williams,DET,LA,2025_15_DET_LA,2025,15,NA,NA,15,20,7.536376667458575,2.295196935777953,-3.6251843704215125,8.052083455404171,-5.491747376589901,9.590591080506098,0.3965,0.191,0.3947308490659234,0.21690455313222878,strat_platt,strat_platt,2025-12-14T21:25:00Z,2026-07-18 19:51:06,2025-12-10 20:15:00,hindcast
WR,00-0037247,George Pickens,DAL,MIN,2025_15_MIN_DAL,2025,15,NA,NA,15,20,8.293466405293229,1.6112393377314942,-4.583217854113489,7.634632977393224,-6.536190819804766,9.24436369069061,0.383,0.179,0.38087572773980666,0.20452426298579907,strat_platt,strat_platt,2025-12-15T01:20:00Z,2026-07-18 19:51:06,2025-12-10 20:15:00,hindcast
WR,00-0034960,Jakobi Meyers,JAX,NYJ,2025_15_NYJ_JAX,2025,15,NA,NA,15,20,7.789016479671913,1.7215292470368206,-4.291860747590009,7.568855965853407,-6.187747300349724,9.131533415320597,0.35,0.1655,0.3470468284436596,0.19048773521646722,strat_platt,strat_platt,2025-12-14T18:00:00Z,2026-07-18 19:51:06,2025-12-10 20:15:00,hindcast
WR,00-0036358,CeeDee Lamb,DAL,MIN,2025_15_MIN_DAL,2025,15,NA,Full Participation in Practice,15,20,8.255890246094708,1.03547666924382,-5.145696662954405,7.04595329079914,-7.0944815266107994,8.652231976549597,0.3495,0.164,0.3465347672762422,0.1889206385864773,strat_platt,strat_platt,2025-12-15T01:20:00Z,2026-07-18 19:51:06,2025-12-10 20:15:00,hindcast
WR,00-0035640,DK Metcalf,PIT,MIA,2025_15_MIA_PIT,2025,15,NA,Limited Participation in Practice,15,20,7.648799042640828,1.702156023216398,-4.259813140399241,7.499481927293852,-6.139487862206205,9.048796835311734,0.342,0.156,0.33885585948541347,0.18053632883810714,strat_platt,strat_platt,2025-12-16T01:15:00Z,2026-07-18 19:51:06,2025-12-10 20:15:00,hindcast
WR,00-0038559,Michael Wilson,ARI,HOU,2025_15_ARI_HOU,2025,15,NA,NA,15,20,8.282661437948244,0.8213556025837797,-5.369285092005719,6.841038139790118,-7.321054801990683,8.449777074040671,0.3365,0.1365,0.33322714656095287,0.15990099256451368,strat_platt,strat_platt,2025-12-14T18:00:00Z,2026-07-18 19:51:06,2025-12-10 20:15:00,hindcast
WR,00-0038124,Christian Watson,GB,DEN,2025_15_GB_DEN,2025,15,NA,NA,15,20,6.936764957377842,2.313213347594671,-3.379617448963496,7.848833297765923,-5.174438899754959,9.328208212308756,0.334,0.144,0.3306693656982206,0.1678724505052733,strat_platt,strat_platt,2025-12-14T21:25:00Z,2026-07-18 19:51:06,2025-12-10 20:15:00,hindcast
WR,00-0035659,Terry McLaurin,WAS,NYG,2025_15_WAS_NYG,2025,15,NA,Did Not Participate In Practice,15,20,7.21498358581853,1.8656155236614556,-3.9340367355496193,7.5051069994233535,-5.762536589832414,9.0122412129566,0.3295,0.1485,0.326066540127395,0.17263410715290342,strat_platt,strat_platt,2025-12-14T18:00:00Z,2026-07-18 19:51:06,2025-12-10 20:15:00,hindcast
WR,00-0036963,Amon-Ra St. Brown,DET,LA,2025_15_DET_LA,2025,15,NA,NA,15,20,7.47545905311492,1.2986909601984507,-4.599018684163088,7.033531909165966,-6.458433825508864,8.566147933236241,0.3185,0.1295,0.314821877373841,0.15241930344679253,strat_platt,strat_platt,2025-12-14T21:25:00Z,2026-07-18 19:51:06,2025-12-10 20:15:00,hindcast
WR,00-0039915,Ladd McConkey,LAC,KC,2025_15_LAC_KC,2025,15,NA,Limited Participation in Practice,15,20,6.976073149248579,1.9492313267410448,-3.758827090518574,7.499658377976949,-5.558449467467198,8.982990438073363,0.3165,0.133,0.31277845859273595,0.15616530682809307,strat_platt,strat_platt,2025-12-14T18:00:00Z,2026-07-18 19:51:06,2025-12-10 20:15:00,hindcast
WR,00-0034348,Courtland Sutton,DEN,GB,2025_15_GB_DEN,2025,15,NA,NA,15,20,7.037960076000183,1.9668786346063938,-3.7650627935448044,7.540529153443251,-5.572214946415033,9.030067603376182,0.309,0.135,0.3051187061104999,0.15830123129712795,strat_platt,strat_platt,2025-12-14T21:25:00Z,2026-07-18 19:51:06,2025-12-10 20:15:00,hindcast
WR,00-0037239,Chris Olave,NO,CAR,2025_15_CAR_NO,2025,15,NA,NA,15,20,7.5233160211214765,1.1850343992205525,-4.730494296957044,6.937202316484006,-6.595527384378358,8.474448911741035,0.3085,0.1275,0.3046082323133396,0.15027399623147836,strat_platt,strat_platt,2025-12-14T21:25:00Z,2026-07-18 19:51:06,2025-12-10 20:15:00,hindcast
WR,00-0036252,Michael Pittman,IND,SEA,2025_15_IND_SEA,2025,15,NA,NA,15,20,8.382069671160906,-0.07260616001949928,-6.298261133175085,5.981123716006126,-8.261070057305037,7.59896168151417,0.304,0.1245,0.30001498961180323,0.1470494439668383,strat_platt,strat_platt,2025-12-14T21:25:00Z,2026-07-18 19:51:06,2025-12-10 20:15:00,hindcast
WR,00-0036322,Justin Jefferson,MIN,DAL,2025_15_MIN_DAL,2025,15,NA,Limited Participation in Practice,15,20,6.962174265488053,1.9115133494220047,-3.7911659546784255,7.456709834849376,-5.589092418288086,8.938644044675062,0.303,0.1215,0.29899452219327605,0.1438168217430662,strat_platt,strat_platt,2025-12-15T01:20:00Z,2026-07-18 19:51:06,2025-12-10 20:15:00,hindcast
WR,00-0031408,Mike Evans,TB,ATL,2025_15_ATL_TB,2025,15,Questionable,Limited Participation in Practice,15,20,6.77230970736639,1.6055862884075793,-4.023037402170068,7.078772249319321,-5.797615797226106,8.541461900358378,0.3005,0.111,0.29644376388939003,0.13243630422595404,strat_platt,strat_platt,2025-12-12T01:15:00Z,2026-07-18 19:51:06,2025-12-10 20:15:00,hindcast
WR,00-0031381,Davante Adams,LA,DET,2025_15_DET_LA,2025,15,Questionable,Limited Participation in Practice,15,20,6.811796933766568,1.5471350575464462,-4.09697968887634,7.035384279751218,-5.876442065262559,8.50209953426174,0.3,0.1135,0.295933683199402,0.13515558801159372,strat_platt,strat_platt,2025-12-14T21:25:00Z,2026-07-18 19:51:06,2025-12-10 20:15:00,hindcast
WR,00-0033555,Mack Hollins,NE,BUF,2025_15_BUF_NE,2025,15,NA,NA,15,20,6.478803737403567,1.8581325476541135,-3.653822918619242,7.217872145396172,-5.391618447805861,8.65024365586018,0.291,0.103,0.2867563874236301,0.12369199143599158,strat_platt,strat_platt,2025-12-14T18:00:00Z,2026-07-18 19:51:06,2025-12-10 20:15:00,hindcast
WR,00-0039893,Brian Thomas Jr.,JAX,NYJ,2025_15_NYJ_JAX,2025,15,NA,NA,15,20,6.590226168728481,1.8041882595774967,-3.7523792601261987,7.207307922846253,-5.504239965904583,8.651272602875565,0.28,0.1095,0.2755508877127361,0.13080174688903334,strat_platt,strat_platt,2025-12-14T18:00:00Z,2026-07-18 19:51:06,2025-12-10 20:15:00,hindcast
WR,00-0040124,Tetairoa McMillan,CAR,NO,2025_15_CAR_NO,2025,15,NA,NA,15,20,6.797575486611341,1.4693153030009574,-4.169225760641244,6.952144762929502,-5.946930880265053,8.417411605080359,0.2715,0.1015,0.26690106504359723,0.12204495046278206,strat_platt,strat_platt,2025-12-14T21:25:00Z,2026-07-18 19:51:06,2025-12-10 20:15:00,hindcast
WR,00-0039067,Rashee Rice,KC,LAC,2025_15_LAC_KC,2025,15,NA,Full Participation in Practice,15,20,7.221096458326815,0.7054658141175538,-5.096508861361756,6.347215571266424,-6.925740921235207,7.85495330253823,0.261,0.105,0.2562274985348413,0.12588430565384798,strat_platt,strat_platt,2025-12-14T18:00:00Z,2026-07-18 19:51:06,2025-12-10 20:15:00,hindcast
WR,00-0036309,Darnell Mooney,ATL,TB,2025_15_ATL_TB,2025,15,NA,NA,15,20,6.2113202819433155,1.9552058826817045,-3.4479730562645297,7.209172880411408,-5.151473794060658,8.61327703644849,0.259,0.09,0.25419594476637464,0.10933393764469602,strat_platt,strat_platt,2025-12-12T01:15:00Z,2026-07-18 19:51:06,2025-12-10 20:15:00,hindcast
WR,00-0035719,Deebo Samuel Sr.,WAS,NYG,2025_15_WAS_NYG,2025,15,Questionable,Did Not Participate In Practice,15,20,6.862715586336995,1.0260736096984646,-4.637947077216877,6.533679058226374,-6.423685348719425,8.00556719597679,0.2465,0.097,0.24151023283057801,0.11708904502264131,strat_platt,strat_platt,2025-12-14T18:00:00Z,2026-07-18 19:51:06,2025-12-10 20:15:00,hindcast
WR,00-0038606,Parker Washington,JAX,NYJ,2025_15_NYJ_JAX,2025,15,Questionable,Full Participation in Practice,15,20,6.469723370455531,1.4615499633494888,-4.0467520802558905,6.817737029823714,-5.783395767484155,8.249159138831686,0.2465,0.089,0.24151023283057801,0.10822131262491369,strat_platt,strat_platt,2025-12-14T18:00:00Z,2026-07-18 19:51:06,2025-12-10 20:15:00,hindcast
WR,00-0033921,Chris Godwin Jr.,TB,ATL,2025_15_ATL_TB,2025,15,NA,Limited Participation in Practice,15,20,6.443401484538641,1.6686274993286776,-3.8290688121180123,7.014501717130269,-5.562368750645494,8.44316775369087,0.2455,0.091,0.24049625983481895,0.11044535065312772,strat_platt,strat_platt,2025-12-12T01:15:00Z,2026-07-18 19:51:06,2025-12-10 20:15:00,hindcast
WR,00-0036407,Jerry Jeudy,CLE,CHI,2025_15_CLE_CHI,2025,15,NA,NA,15,20,6.433903958679188,1.2248001147778114,-4.269063804139076,6.566947773806975,-6.001155475537927,7.994617900674512,0.2385,0.0885,0.2334022706639847,0.10766454171476597,strat_platt,strat_platt,2025-12-14T18:00:00Z,2026-07-18 19:51:06,2025-12-10 20:15:00,hindcast
WR,00-0039424,Devaughn Vele,NO,CAR,2025_15_CAR_NO,2025,15,NA,NA,15,20,6.2816146190012985,1.8099299973884604,-3.622070710351408,7.091922833938058,-5.33465830330435,8.503516796588018,0.2385,0.081,0.2334022706639847,0.0992751217302014,strat_platt,strat_platt,2025-12-14T21:25:00Z,2026-07-18 19:51:06,2025-12-10 20:15:00,hindcast
WR,00-0037614,John Metchie III,NYJ,JAX,2025_15_NYJ_JAX,2025,15,NA,NA,15,20,6.425400171054017,0.9530600645655221,-4.537369918138591,6.291868617535439,-6.2683789467195545,7.718646380081452,0.235,0.084,0.22985784298809908,0.10263956033468337,strat_platt,strat_platt,2025-12-14T18:00:00Z,2026-07-18 19:51:06,2025-12-10 20:15:00,hindcast
WR,00-0039491,Jalen Coker,CAR,NO,2025_15_CAR_NO,2025,15,NA,NA,15,20,5.700167385797076,1.9249061000765064,-3.2633066810854903,6.969843355983999,-4.899033426473723,8.318085050503004,0.2255,0.068,0.22024623369550994,0.08455136172090544,strat_platt,strat_platt,2025-12-14T21:25:00Z,2026-07-18 19:51:06,2025-12-10 20:15:00,hindcast
WR,00-0039894,Xavier Worthy,KC,LAC,2025_15_LAC_KC,2025,15,NA,NA,15,20,6.34501262535773,1.183010161210364,-4.2748392085624225,6.490137833898279,-5.995576303010997,7.908448992887381,0.223,0.089,0.21771911298377578,0.10822131262491369,strat_platt,strat_platt,2025-12-14T18:00:00Z,2026-07-18 19:51:06,2025-12-10 20:15:00,hindcast
WR,00-0039146,Jayden Reed,GB,DEN,2025_15_GB_DEN,2025,15,NA,Full Participation in Practice,15,20,6.067174003235804,1.2671060149511029,-4.076427854156985,6.463075076271908,-5.761123843559014,7.851679488289186,0.2185,0.0675,0.21317273747264961,0.08398004836040729,strat_platt,strat_platt,2025-12-14T21:25:00Z,2026-07-18 19:51:06,2025-12-10 20:15:00,hindcast
WR,00-0037816,Romeo Doubs,GB,DEN,2025_15_GB_DEN,2025,15,NA,NA,15,20,5.72807006283507,1.7279198698958507,-3.4722835334656175,6.78451661996967,-5.111790652221869,8.135874273196317,0.2165,0.072,0.21115315215530467,0.08910798631516466,strat_platt,strat_platt,2025-12-14T21:25:00Z,2026-07-18 19:51:06,2025-12-10 20:15:00,hindcast
WR,00-0036040,Juwan Johnson,NO,CAR,2025_15_CAR_NO,2025,15,NA,NA,15,20,6.000604808608669,1.4144932912663633,-3.901243319925059,6.583432732178182,-5.5771754593963685,7.964813573440494,0.2155,0.071,0.21014359984567937,0.08797110867130341,strat_platt,strat_platt,2025-12-14T21:25:00Z,2026-07-18 19:51:06,2025-12-10 20:15:00,hindcast
WR,00-0038563,Tre Tucker,LV,PHI,2025_15_LV_PHI,2025,15,NA,NA,15,20,6.720890875586392,0.27447258215929465,-5.33390766042028,5.727974129709209,-7.102103751838049,7.185403190679385,0.212,0.0735,0.206611445143659,0.09081052105536434,strat_platt,strat_platt,2025-12-14T18:00:00Z,2026-07-18 19:51:06,2025-12-10 20:15:00,hindcast
WR,00-0031588,Stefon Diggs,NE,BUF,2025_15_BUF_NE,2025,15,NA,NA,15,20,5.969647860678538,1.1452315042518815,-4.157523051091628,6.301547396368013,-5.82936224047468,7.679554638721992,0.2105,0.0745,0.20509828067818162,0.09194371670857034,strat_platt,strat_platt,2025-12-14T18:00:00Z,2026-07-18 19:51:06,2025-12-10 20:15:00,hindcast
WR,00-0039916,Ricky Pearsall,SF,TEN,2025_15_TEN_SF,2025,15,NA,NA,15,20,6.036626876986119,1.1084796630346117,-4.222318732043085,6.292064947876385,-5.902999513055368,7.677359839291583,0.2075,0.061,0.20207307870858182,0.07651608047813772,strat_platt,strat_platt,2025-12-14T21:25:00Z,2026-07-18 19:51:06,2025-12-10 20:15:00,hindcast
WR,00-0037261,Khalil Shakir,BUF,NE,2025_15_BUF_NE,2025,15,NA,NA,15,20,6.026504074630147,0.7669895001553358,-4.559581080767379,5.94646372439856,-6.238928927110339,7.330659949363314,0.2045,0.065,0.19904940219449646,0.08111751366729804,strat_platt,strat_platt,2025-12-14T18:00:00Z,2026-07-18 19:51:06,2025-12-10 20:15:00,hindcast
WR,00-0035535,Darius Slayton,NYG,WAS,2025_15_WAS_NYG,2025,15,NA,NA,15,20,5.713101515188839,1.6477454276646668,-3.5460293779456133,6.69809110946774,-5.183509704486415,8.04777818673865,0.204,0.0695,0.19854560636751742,0.08626296267800528,strat_platt,strat_platt,2025-12-14T18:00:00Z,2026-07-18 19:51:06,2025-12-10 20:15:00,hindcast
WR,00-0039868,Troy Franklin,DEN,GB,2025_15_GB_DEN,2025,15,NA,NA,15,20,6.056469424111636,1.0075808093902252,-4.331494044615387,6.199213993914147,-6.014784206891804,7.58665965814462,0.2,0.054,0.19451680883803685,0.06839587418863527,strat_platt,strat_platt,2025-12-14T21:25:00Z,2026-07-18 19:51:06,2025-12-10 20:15:00,hindcast
WR,00-0030279,Keenan Allen,LAC,KC,2025_15_LAC_KC,2025,15,NA,Full Participation in Practice,15,20,6.129681205562834,0.9561337868281362,-4.413355156036121,6.177341157388641,-6.106234196155662,7.572690418566586,0.198,0.069,0.1925034699751414,0.08569281628601505,strat_platt,strat_platt,2025-12-14T18:00:00Z,2026-07-18 19:51:06,2025-12-10 20:15:00,hindcast
WR,00-0033908,Cooper Kupp,SEA,IND,2025_15_IND_SEA,2025,15,NA,Limited Participation in Practice,15,20,6.1772245514454065,0.5121817650636595,-4.87695545397872,5.7524948131833575,-6.576029153454181,7.152949999327402,0.1965,0.0675,0.1909939366233463,0.08398004836040729,strat_platt,strat_platt,2025-12-14T21:25:00Z,2026-07-18 19:51:06,2025-12-10 20:15:00,hindcast
WR,00-0040735,Luther Burden III,CHI,CLE,2025_15_CLE_CHI,2025,15,NA,NA,15,20,6.067654646964,0.7722274290939681,-4.571506555831873,5.968391079917376,-6.2562656372482595,7.357047495293154,0.1875,0.0605,0.18194542995940233,0.07593898827582496,strat_platt,strat_platt,2025-12-14T18:00:00Z,2026-07-18 19:51:06,2025-12-10 20:15:00,hindcast
WR,00-0036415,Van Jefferson,TEN,SF,2025_15_TEN_SF,2025,15,NA,NA,15,20,5.576621944374467,1.3297328900299556,-3.8050131102624416,6.32267988143984,-5.423882982745275,7.657027361075862,0.186,0.0555,0.18043883041211453,0.07014353555784475,strat_platt,strat_platt,2025-12-14T21:25:00Z,2026-07-18 19:51:06,2025-12-10 20:15:00,hindcast
WR,00-0040705,Chimere Dike,TEN,SF,2025_15_TEN_SF,2025,15,NA,NA,15,20,6.045060924431008,0.797426193982707,-4.5368918486654,5.984433929272176,-6.218682295357966,7.370643458502859,0.1775,0.0575,0.17190976666837182,0.07246716684455727,strat_platt,strat_platt,2025-12-14T21:25:00Z,2026-07-18 19:51:06,2025-12-10 20:15:00,hindcast
WR,00-0039890,Adonai Mitchell,NYJ,JAX,2025_15_NYJ_JAX,2025,15,NA,NA,15,20,6.707317799666579,-0.38896952957598624,-5.991992479457149,5.05932267004141,-7.758499537036236,6.515359551143411,0.175,0.0565,0.16940398578801508,0.07130627895174074,strat_platt,strat_platt,2025-12-14T18:00:00Z,2026-07-18 19:51:06,2025-12-10 20:15:00,hindcast
WR,00-0038997,Josh Downs,IND,SEA,2025_15_IND_SEA,2025,15,NA,Full Participation in Practice,15,20,6.08977587785331,-0.06953758270351329,-5.422472705071939,5.1355731107796245,-7.110132698081133,6.526620591761295,0.1565,0.0515,0.1509028346811963,0.0654733784645957,strat_platt,strat_platt,2025-12-14T21:25:00Z,2026-07-18 19:51:06,2025-12-10 20:15:00,hindcast
WR,00-0034827,DJ Moore,CHI,CLE,2025_15_CLE_CHI,2025,15,NA,NA,15,20,5.921234205847054,0.1553221217574256,-5.127058393445197,5.291826614747191,-6.792474106425919,6.664539330534432,0.1455,0.042,0.13993943867424732,0.054247448835358814,strat_platt,strat_platt,2025-12-14T18:00:00Z,2026-07-18 19:51:06,2025-12-10 20:15:00,hindcast
WR,00-0039342,Xavier Legette,CAR,NO,2025_15_CAR_NO,2025,15,NA,NA,15,20,5.421306852283686,0.8984298785727824,-4.1682063712982975,5.825148010087275,-5.765602772070337,7.1417960604217985,0.1415,0.034,0.13596017632221416,0.044624205507255356,strat_platt,strat_platt,2025-12-14T21:25:00Z,2026-07-18 19:51:06,2025-12-10 20:15:00,hindcast
WR,00-0035359,David Sills,ATL,TB,2025_15_ATL_TB,2025,15,NA,NA,15,20,5.228832121555132,0.7172150077811652,-4.263572295899797,5.560454961880212,-5.833902455700293,6.854793763622562,0.1365,0.041,0.13099193219830932,0.053053696397253686,strat_platt,strat_platt,2025-12-12T01:15:00Z,2026-07-18 19:51:06,2025-12-10 20:15:00,hindcast
WR,00-0031610,Darren Waller,MIA,PIT,2025_15_MIA_PIT,2025,15,NA,Full Participation in Practice,15,20,5.061638648656319,1.0445013891297925,-3.8603506332240984,5.813903059032839,-5.406740107508329,7.088508839658184,0.134,0.0345,0.12851030812330516,0.04523083012663731,strat_platt,strat_platt,2025-12-16T01:15:00Z,2026-07-18 19:51:06,2025-12-10 20:15:00,hindcast
WR,00-0032211,Tyler Lockett,LV,PHI,2025_15_LV_PHI,2025,15,NA,NA,15,20,5.187769025258429,0.692245400038367,-4.2700120541571,5.5174672172646995,-5.834500169371164,6.806990735455031,0.1285,0.033,0.123056784665151,0.04340872192496173,strat_platt,strat_platt,2025-12-14T18:00:00Z,2026-07-18 19:51:06,2025-12-10 20:15:00,hindcast
WR,00-0037545,Rashid Shaheed,SEA,IND,2025_15_IND_SEA,2025,15,NA,NA,15,20,5.081682338101847,0.5819347443084806,-4.3320897168744,5.3602555507866345,-5.881371054724344,6.637244939215146,0.117,0.0345,0.11168219231226068,0.04523083012663731,strat_platt,strat_platt,2025-12-14T21:25:00Z,2026-07-18 19:51:06,2025-12-10 20:15:00,hindcast
WR,00-0039410,Ryan Flournoy,DAL,MIN,2025_15_MIN_DAL,2025,15,NA,NA,15,20,5.33377659830032,0.08290584252217151,-4.944892222138421,4.97185832798767,-6.5300438170455575,6.278413642567339,0.115,0.035,0.10970809608875572,0.04583672343356295,strat_platt,strat_platt,2025-12-15T01:20:00Z,2026-07-18 19:51:06,2025-12-10 20:15:00,hindcast
WR,00-0037291,Jalen Nailor,MIN,DAL,2025_15_MIN_DAL,2025,15,NA,NA,15,20,4.9644770219626695,1.336664552899073,-3.523450301260068,6.0625644976282835,-5.055735153082631,7.325544595576565,0.1525,0.0425,0.10291541791573904,0.029520674456981765,strat_platt,strat_platt,2025-12-15T01:20:00Z,2026-07-18 19:51:06,2025-12-10 20:15:00,hindcast
WR,00-0040727,Tre Harris,LAC,KC,2025_15_LAC_KC,2025,15,NA,NA,15,20,4.964659290366247,1.0154982282503833,-3.844700979835884,5.741480197423769,-5.377012426553549,7.00448221611556,0.119,0.0315,0.09958464030525395,0.027444166510559205,strat_platt,strat_platt,2025-12-14T18:00:00Z,2026-07-18 19:51:06,2025-12-10 20:15:00,hindcast
WR,00-0040782,Isaiah Bond,CLE,CHI,2025_15_CLE_CHI,2025,15,NA,NA,15,20,4.744366798843484,0.794605498281167,-3.9624228867959532,5.420265766962364,-5.462206894555731,6.6564571649055555,0.1175,0.0305,0.099420119249418,0.027230427330783354,strat_platt,strat_platt,2025-12-14T18:00:00Z,2026-07-18 19:51:06,2025-12-10 20:15:00,hindcast
WR,00-0035406,Lil'Jordan Humphrey,DEN,GB,2025_15_GB_DEN,2025,15,NA,NA,15,20,4.872328444688082,0.685469208427551,-4.131788133955823,5.3696951765924,-5.650560976689832,6.621538051235341,0.1105,0.0245,0.0986307256656482,0.025826428556427906,strat_platt,strat_platt,2025-12-14T21:25:00Z,2026-07-18 19:51:06,2025-12-10 20:15:00,hindcast
WR,00-0038976,Marvin Mims Jr.,DEN,GB,2025_15_GB_DEN,2025,15,NA,NA,15,20,4.4928390543117835,1.0692519327517027,-3.5668382403259615,5.577313768771423,-5.028493151178762,6.782077400206987,0.1105,0.026,0.0986307256656482,0.026199346377147215,strat_platt,strat_platt,2025-12-14T21:25:00Z,2026-07-18 19:51:06,2025-12-10 20:15:00,hindcast
WR,00-0040667,Matthew Golden,GB,DEN,2025_15_GB_DEN,2025,15,NA,Full Participation in Practice,15,20,4.903090542432815,0.6856834169705376,-4.145928263911849,5.383867320195513,-5.669226706575076,6.639440403771263,0.108,0.0285,0.09833960113645059,0.026787028056966894,strat_platt,strat_platt,2025-12-14T21:25:00Z,2026-07-18 19:51:06,2025-12-10 20:15:00,hindcast
WR,00-0040729,Jack Bech,LV,PHI,2025_15_LV_PHI,2025,15,NA,NA,15,20,4.80488092458794,0.4565089690348118,-4.329107560891058,5.109967904252663,-5.837904767434802,6.353588397816988,0.106,0.028,0.09810297253816638,0.026672620601773576,strat_platt,strat_platt,2025-12-14T18:00:00Z,2026-07-18 19:51:06,2025-12-10 20:15:00,hindcast
WR,00-0035208,Olamide Zaccheaus,CHI,CLE,2025_15_CLE_CHI,2025,15,NA,Full Participation in Practice,15,20,4.880600258715619,0.44528991920482996,-4.375831937258099,5.133273680636509,-5.895823174322581,6.3861208122810185,0.1025,0.022,0.0976804969729154,0.02516544414948154,strat_platt,strat_platt,2025-12-14T18:00:00Z,2026-07-18 19:51:06,2025-12-10 20:15:00,hindcast
WR,00-0039451,Isaiah Williams,NYJ,JAX,2025_15_NYJ_JAX,2025,15,NA,NA,15,20,4.861540943859035,0.010822015161553518,-4.801390306816366,4.690142284105141,-6.31857256813895,5.940674127927404,0.097,0.022,0.09699351771344801,0.02516544414948154,strat_platt,strat_platt,2025-12-14T18:00:00Z,2026-07-18 19:51:06,2025-12-10 20:15:00,hindcast
WR,00-0031236,Brandin Cooks,BUF,NE,2025_15_BUF_NE,2025,15,NA,NA,15,20,4.621983473092741,0.4941967990917918,-4.204421562594933,5.063060071283065,-5.685790204314727,6.2840726721656,0.094,0.018,0.09660594330729326,0.023980716433486416,strat_platt,strat_platt,2025-12-14T18:00:00Z,2026-07-18 19:51:06,2025-12-10 20:15:00,hindcast
WR,00-0033307,Kendrick Bourne,SF,TEN,2025_15_TEN_SF,2025,15,NA,NA,15,20,4.456943399543967,0.8928894376554565,-3.725653225580435,5.383888348563354,-5.181775801431987,6.584091973422171,0.093,0.023,0.09647460320506195,0.02543620713516751,strat_platt,strat_platt,2025-12-14T21:25:00Z,2026-07-18 19:51:06,2025-12-10 20:15:00,hindcast
WR,00-0038104,Tyquan Thornton,KC,LAC,2025_15_LAC_KC,2025,15,NA,NA,15,20,4.533974819357496,0.5098125631975251,-4.146296085861442,5.037340053295901,-5.614262371737916,6.247305812153209,0.082,0.023,0.09495090578032017,0.02543620713516751,strat_platt,strat_platt,2025-12-14T18:00:00Z,2026-07-18 19:51:06,2025-12-10 20:15:00,hindcast
WR,00-0037231,Kevin Austin Jr.,NO,CAR,2025_15_CAR_NO,2025,15,NA,NA,15,20,4.4310272080530675,0.3294280156776609,-4.27639920946483,4.80806263273942,-5.728512893806722,6.0049619436611055,0.078,0.0145,0.09435637815456836,0.02276957567653235,strat_platt,strat_platt,2025-12-14T21:25:00Z,2026-07-18 19:51:06,2025-12-10 20:15:00,hindcast
WR,00-0038640,Jalen Brooks,ARI,HOU,2025_15_ARI_HOU,2025,15,NA,NA,15,20,4.551635889076823,-0.18738510657058416,-4.852059020035049,4.34847111315563,-6.3227257410440725,5.560662695641066,0.0755,0.0175,0.09397225651229028,0.023819174645760412,strat_platt,strat_platt,2025-12-14T18:00:00Z,2026-07-18 19:51:06,2025-12-10 20:15:00,hindcast
QB,00-0036389,Jalen Hurts,PHI,LV,2025_15_LV_PHI,2025,15,NA,NA,20,25,6.93390120192036,5.478897839615014,-7.960795691954727,18.918591371184753,-11.401263039659716,22.35905871888974,0.5045,0.301,0.5045,0.28939625136807806,raw,platt,2025-12-14T18:00:00Z,2026-07-19 08:00:19,2025-12-10 20:15:00,hindcast
QB,00-0034857,Josh Allen,BUF,NE,2025_15_BUF_NE,2025,15,NA,NA,20,25,5.434985499375528,5.484063749273873,-7.955629782295868,18.923757280843613,-11.396097130000857,22.3642246285486,0.497,0.2835,0.497,0.2717047092600588,raw,platt,2025-12-14T18:00:00Z,2026-07-19 08:00:19,2025-12-10 20:15:00,hindcast
QB,00-0034796,Lamar Jackson,BAL,CIN,2025_15_BAL_CIN,2025,15,NA,Full Participation in Practice,20,25,5.216094959489634,6.1406353770180475,-7.299058154551694,19.580328908587788,-10.739525502256683,23.020796256292776,0.486,0.2675,0.486,0.2555827955847422,raw,platt,2025-12-14T18:00:00Z,2026-07-19 08:00:19,2025-12-10 20:15:00,hindcast
QB,00-0037834,Brock Purdy,SF,TEN,2025_15_TEN_SF,2025,15,NA,NA,20,25,2.732476979241321,5.440006486453121,-7.99968704511662,18.879700018022863,-11.440154392821608,22.32016736572785,0.3925,0.201,0.3925,0.1892045352724007,raw,platt,2025-12-14T21:25:00Z,2026-07-19 08:00:19,2025-12-10 20:15:00,hindcast
QB,00-0034855,Baker Mayfield,TB,ATL,2025_15_ATL_TB,2025,15,NA,Full Participation in Practice,20,25,3.0118187522395976,5.641338846542256,-7.798354685027485,19.081032378112,-11.238822032732473,22.521499725816987,0.383,0.1965,0.383,0.1847541984365822,raw,platt,2025-12-12T01:15:00Z,2026-07-19 08:00:19,2025-12-10 20:15:00,hindcast
QB,00-0036355,Justin Herbert,LAC,KC,2025_15_LAC_KC,2025,15,NA,Limited Participation in Practice,20,25,4.158664629411894,3.7675361991765,-9.67215733239324,17.207229730746242,-13.112624680098229,20.64769707845123,0.3785,0.192,0.3785,0.18030971720243255,raw,platt,2025-12-14T18:00:00Z,2026-07-19 08:00:19,2025-12-10 20:15:00,hindcast
QB,00-0039732,Bo Nix,DEN,GB,2025_15_GB_DEN,2025,15,NA,NA,20,25,4.43322297927373,1.977249713364824,-11.462443818204918,15.416943244934565,-14.902911165909906,18.857410592639553,0.359,0.187,0.359,0.17537842200041556,raw,platt,2025-12-14T21:25:00Z,2026-07-19 08:00:19,2025-12-10 20:15:00,hindcast
QB,00-0040691,Jaxson Dart,NYG,WAS,2025_15_WAS_NYG,2025,15,NA,NA,20,25,5.32859997758589,2.3888910741760307,-11.050802457393711,15.828584605745771,-14.4912698050987,19.26905195345076,0.353,0.1695,0.353,0.15817959929918105,raw,platt,2025-12-14T18:00:00Z,2026-07-19 08:00:19,2025-12-10 20:15:00,hindcast
QB,00-0036971,Trevor Lawrence,JAX,NYJ,2025_15_NYJ_JAX,2025,15,NA,Full Participation in Practice,20,25,3.48049574546877,3.8946121237084412,-9.5450814078613,17.334305655278182,-12.985548755566288,20.77477300298317,0.351,0.1745,0.351,0.16308363898422146,raw,platt,2025-12-14T18:00:00Z,2026-07-19 08:00:19,2025-12-10 20:15:00,hindcast
QB,00-0039851,Drake Maye,NE,BUF,2025_15_BUF_NE,2025,15,NA,NA,20,25,3.5252468185164023,1.8092533396591683,-11.630440191910573,15.24894687122891,-15.070907539615561,18.689414218933898,0.3465,0.1715,0.3465,0.16014023962703644,raw,platt,2025-12-14T18:00:00Z,2026-07-19 08:00:19,2025-12-10 20:15:00,hindcast
QB,00-0033106,Jared Goff,DET,LA,2025_15_DET_LA,2025,15,NA,NA,20,25,1.3804781114521651,4.714049788739686,-8.725643742830055,18.153743320309427,-12.166111090535043,21.594210668014416,0.317,0.1595,0.317,0.14839640626828346,raw,platt,2025-12-14T21:25:00Z,2026-07-19 08:00:19,2025-12-10 20:15:00,hindcast
QB,00-0034869,Sam Darnold,SEA,IND,2025_15_IND_SEA,2025,15,NA,NA,20,25,2.153038976368353,3.7845874260989354,-9.655106105470805,17.224280957668675,-13.095573453175794,20.664748305373664,0.3045,0.1395,0.3045,0.1289358366509797,raw,platt,2025-12-14T21:25:00Z,2026-07-19 08:00:19,2025-12-10 20:15:00,hindcast
QB,00-0033873,Patrick Mahomes,KC,LAC,2025_15_LAC_KC,2025,15,NA,Full Participation in Practice,20,25,2.6955190643510822,2.2563595564153127,-11.18333397515443,15.696053087985053,-14.623801322859418,19.13652043569004,0.303,0.1385,0.303,0.12796672447507687,raw,platt,2025-12-14T18:00:00Z,2026-07-19 08:00:19,2025-12-10 20:15:00,hindcast
QB,00-0026498,Matthew Stafford,LA,DET,2025_15_DET_LA,2025,15,NA,NA,20,25,1.2569610358903043,2.521357539956473,-10.918335991613269,15.961051071526214,-14.358803339318257,19.401518419231202,0.2845,0.1445,0.2845,0.13378714912926368,raw,platt,2025-12-14T21:25:00Z,2026-07-19 08:00:19,2025-12-10 20:15:00,hindcast
QB,00-0036442,Joe Burrow,CIN,BAL,2025_15_BAL_CIN,2025,15,NA,NA,20,25,1.6410442429142071,2.7102516505474727,-10.729441881022268,16.149945182117214,-14.169909228727256,19.590412529822203,0.2805,0.127,0.2805,0.1168504556729878,raw,platt,2025-12-14T18:00:00Z,2026-07-19 08:00:19,2025-12-10 20:15:00,hindcast
QB,00-0039163,C.J. Stroud,HOU,ARI,2025_15_ARI_HOU,2025,15,NA,NA,20,25,2.374737851306567,1.7642409509920332,-11.675452580577709,15.203934482561774,-15.115919928282697,18.644401830266762,0.272,0.1205,0.272,0.11059147554063188,raw,platt,2025-12-14T18:00:00Z,2026-07-19 08:00:19,2025-12-10 20:15:00,hindcast
QB,00-0033077,Dak Prescott,DAL,MIN,2025_15_MIN_DAL,2025,15,NA,NA,20,25,1.7752746574787024,-0.39645735932097953,-13.836150890890721,13.043236172248761,-17.27661823859571,16.48370351995375,0.2695,0.122,0.2695,0.11203425506748736,raw,platt,2025-12-15T01:20:00Z,2026-07-19 08:00:19,2025-12-10 20:15:00,hindcast
QB,00-0036264,Jordan Love,GB,DEN,2025_15_GB_DEN,2025,15,NA,Full Participation in Practice,20,25,1.5647796404581285,4.454624571698686,-8.985068959871056,17.894318103268425,-12.425536307576044,21.334785450973413,0.2685,0.126,0.2685,0.1158863719090821,raw,platt,2025-12-14T21:25:00Z,2026-07-19 08:00:19,2025-12-10 20:15:00,hindcast
QB,00-0039150,Bryce Young,CAR,NO,2025_15_CAR_NO,2025,15,NA,NA,20,25,2.80384766230152,1.4836404446709333,-11.956053086898809,14.923333976240674,-15.396520434603797,18.363801323945662,0.2655,0.1125,0.2655,0.10291339261386458,raw,platt,2025-12-14T21:25:00Z,2026-07-19 08:00:19,2025-12-10 20:15:00,hindcast
QB,00-0040676,Cam Ward,TEN,SF,2025_15_TEN_SF,2025,15,NA,NA,20,25,3.09523449954326,-0.9705122359631777,-14.410205767532918,12.469181295606564,-17.850673115237907,15.909648643311552,0.2525,0.1085,0.2525,0.0990852529571321,raw,platt,2025-12-14T21:25:00Z,2026-07-19 08:00:19,2025-12-10 20:15:00,hindcast
QB,00-0039923,J.J. McCarthy,MIN,DAL,2025_15_MIN_DAL,2025,15,NA,NA,20,25,2.8416371666542237,0.4816582128327633,-12.958035318736979,13.921351744402504,-16.398502666441967,17.361819092107492,0.2435,0.097,0.2435,0.08812217276900708,raw,platt,2025-12-15T01:20:00Z,2026-07-19 08:00:19,2025-12-10 20:15:00,hindcast
QB,00-0040743,Tyler Shough,NO,CAR,2025_15_CAR_NO,2025,15,NA,NA,20,25,4.457330484157064,-1.307788521458456,-14.747482053028197,12.131905010111286,-18.187949400733185,15.572372357816274,0.243,0.108,0.243,0.09860726153396854,raw,platt,2025-12-14T21:25:00Z,2026-07-19 08:00:19,2025-12-10 20:15:00,hindcast
QB,00-0032268,Marcus Mariota,WAS,NYG,2025_15_WAS_NYG,2025,15,NA,NA,20,25,4.62843034939848,-2.2769566383615416,-15.716650169931283,11.1627368932082,-19.157117517636273,14.603204240913188,0.2355,0.089,0.2355,0.08053548644577334,raw,platt,2025-12-14T18:00:00Z,2026-07-19 08:00:19,2025-12-10 20:15:00,hindcast
QB,00-0036212,Tua Tagovailoa,MIA,PIT,2025_15_MIA_PIT,2025,15,NA,NA,20,25,1.2231006617164508,2.842788056519111,-10.59690547505063,16.282481588088853,-14.037372822755618,19.72294893579384,0.2255,0.092,0.2255,0.08337649475676477,raw,platt,2025-12-16T01:15:00Z,2026-07-19 08:00:19,2025-12-10 20:15:00,hindcast
QB,00-0029604,Kirk Cousins,ATL,TB,2025_15_ATL_TB,2025,15,NA,NA,20,25,1.0640881325022706,1.695701034915391,-11.74399249665435,15.135394566485132,-15.184459844359338,18.57586191419012,0.2085,0.0845,0.2085,0.07628329890275393,raw,platt,2025-12-12T01:15:00Z,2026-07-19 08:00:19,2025-12-10 20:15:00,hindcast
QB,00-0039918,Caleb Williams,CHI,CLE,2025_15_CLE_CHI,2025,15,NA,NA,20,25,3.091460467241062,-2.3259487948285473,-15.76564232639829,11.113744736741193,-19.206109674103278,14.554212084446181,0.197,0.083,0.197,0.07486845699288898,raw,platt,2025-12-14T18:00:00Z,2026-07-19 08:00:19,2025-12-10 20:15:00,hindcast
QB,00-0033119,Jacoby Brissett,ARI,HOU,2025_15_ARI_HOU,2025,15,NA,NA,20,25,2.12371749179619,-6.1346794161156115,-19.574372947685355,7.30501411545413,-23.014840295390343,10.745481463159118,0.1575,0.0575,0.1575,0.05103351113626021,raw,platt,2025-12-14T18:00:00Z,2026-07-19 08:00:19,2025-12-10 20:15:00,hindcast
QB,00-0023459,Aaron Rodgers,PIT,MIA,2025_15_MIA_PIT,2025,15,NA,Full Participation in Practice,20,25,1.3173362299348084,-2.1027995191472035,-15.542493050716946,11.336894012422537,-18.982960398421934,14.777361360127525,0.153,0.0565,0.153,0.05010809522935103,raw,platt,2025-12-16T01:15:00Z,2026-07-19 08:00:19,2025-12-10 20:15:00,hindcast
QB,00-0040668,Shedeur Sanders,CLE,CHI,2025_15_CLE_CHI,2025,15,NA,NA,20,25,2.5030070908838344,-4.61415288415572,-18.05384641572546,8.825540647414021,-21.494313763430448,12.26600799511901,0.1375,0.0465,0.1375,0.04089902765211027,raw,platt,2025-12-14T18:00:00Z,2026-07-19 08:00:19,2025-12-10 20:15:00,hindcast
QB,00-0040398,Brady Cook,NYJ,JAX,2025_15_NYJ_JAX,2025,15,NA,Full Participation in Practice,20,25,1.760277361433143,-7.896856706963048,-21.336550238532787,5.5428368246066935,-24.777017586237776,8.983304172311682,0.1025,0.035,0.1025,0.030423501788972553,raw,platt,2025-12-14T18:00:00Z,2026-07-19 08:00:19,2025-12-10 20:15:00,hindcast
QB,00-0038102,Kenny Pickett,LV,PHI,2025_15_LV_PHI,2025,15,NA,NA,20,25,1.9419335051999695,-7.499855562226403,-20.939549093796145,5.939837969343338,-24.380016441501134,9.380305317048325,0.0735,0.0145,0.0735,0.012172252652441254,raw,platt,2025-12-14T18:00:00Z,2026-07-19 08:00:19,2025-12-10 20:15:00,hindcast
QB,00-0022942,Philip Rivers,IND,SEA,2025_15_IND_SEA,2025,15,NA,NA,20,25,2.6773442332924096,-9.515933023565013,-22.955626555134756,3.9237605080047278,-26.396093902839745,7.364227855709716,0.0595,0.012,0.0595,0.010000890525146229,raw,platt,2025-12-14T21:25:00Z,2026-07-19 08:00:19,2025-12-10 20:15:00,hindcast
RB,00-0034844,Saquon Barkley,PHI,LV,2025_15_LV_PHI,2025,15,NA,NA,15,20,23.780697974339137,-0.546444378134303,-7.09185278486136,5.998964028592755,-9.32641321360257,8.233524457333964,0.681,0.4525,0.6687850279124932,0.47098739546375284,platt,platt_vol,2025-12-14T18:00:00Z,2026-07-19 08:00:19,2025-12-10 20:15:00,hindcast
RB,00-0036223,Jonathan Taylor,IND,SEA,2025_15_IND_SEA,2025,15,NA,NA,15,20,23.80970277931266,-1.7979214003607378,-8.34791386473361,4.752071064012134,-10.584039261339601,6.988196460618126,0.622,0.362,0.6089844780018536,0.40301260570521047,platt,platt_vol,2025-12-14T21:25:00Z,2026-07-19 08:00:19,2025-12-10 20:15:00,hindcast
RB,00-0040122,Ashton Jeanty,LV,PHI,2025_15_LV_PHI,2025,15,NA,NA,15,20,23.39726751898601,-2.1501889971886703,-8.634772894706732,4.334394900329392,-10.848568226309567,6.548190231932225,0.588,0.338,0.574704733920802,0.37981532308117977,platt,platt_vol,2025-12-14T18:00:00Z,2026-07-19 08:00:19,2025-12-10 20:15:00,hindcast
RB,00-0038120,Breece Hall,NYJ,JAX,2025_15_NYJ_JAX,2025,15,NA,Full Participation in Practice,15,20,21.744528855630406,-1.8249153304834311,-8.042316912774337,4.392486251807474,-10.164897916444255,6.515067255477392,0.5565,0.301,0.5430612318203734,0.3331623105215274,platt,platt_vol,2025-12-14T18:00:00Z,2026-07-19 08:00:19,2025-12-10 20:15:00,hindcast
RB,00-0036997,Javonte Williams,DAL,MIN,2025_15_MIN_DAL,2025,15,NA,NA,15,20,21.87739991208369,-2.33563894931411,-8.574833000748484,3.9035551021202646,-10.704853813543608,6.033575914915389,0.5135,0.28,0.5000413553038686,0.31798726524744536,platt,platt_vol,2025-12-15T01:20:00Z,2026-07-19 08:00:19,2025-12-10 20:15:00,hindcast
RB,00-0033280,Christian McCaffrey,SF,TEN,2025_15_TEN_SF,2025,15,NA,Full Participation in Practice,15,20,20.332763850086753,-1.2981543983444455,-7.280402250308153,4.684093453619262,-9.322703279405363,6.726394482716472,0.4985,0.2685,0.48508144548466375,0.2935236204387379,platt,platt_vol,2025-12-14T21:25:00Z,2026-07-19 08:00:19,2025-12-10 20:15:00,hindcast
RB,00-0037248,James Cook,BUF,NE,2025_15_BUF_NE,2025,15,NA,NA,15,20,20.263653876969496,-1.046476407369285,-7.017037236031983,4.924084421293412,-9.055348390368838,6.962395575630268,0.4985,0.262,0.48508144548466375,0.28776979892691756,platt,platt_vol,2025-12-14T18:00:00Z,2026-07-19 08:00:19,2025-12-10 20:15:00,hindcast
RB,00-0038542,Bijan Robinson,ATL,TB,2025_15_ATL_TB,2025,15,NA,NA,15,20,19.374380953364707,-0.9058662049690054,-6.724499475663038,4.912767065725026,-8.710943536615291,6.8992111266772795,0.4825,0.2485,0.4691506571840653,0.2688354772083179,platt,platt_vol,2025-12-12T01:15:00Z,2026-07-19 08:00:19,2025-12-10 20:15:00,hindcast
RB,00-0033923,Kareem Hunt,KC,LAC,2025_15_LAC_KC,2025,15,NA,NA,15,20,19.75932936171729,-1.4442796302614191,-7.329036000488204,4.440476739965366,-9.338054063314772,6.449494802791933,0.482,0.242,0.46865325744580816,0.2672891128516649,platt,platt_vol,2025-12-14T18:00:00Z,2026-07-19 08:00:19,2025-12-10 20:15:00,hindcast
RB,00-0039040,De'Von Achane,MIA,PIT,2025_15_MIA_PIT,2025,15,NA,Full Participation in Practice,15,20,18.327743599327913,-0.4288846929459234,-6.0648486238550285,5.207079237963181,-7.988930544377944,7.131161158486097,0.472,0.252,0.4587108025305251,0.2619386122049941,platt,platt_vol,2025-12-16T01:15:00Z,2026-07-19 08:00:19,2025-12-10 20:15:00,hindcast
RB,00-0040583,Woody Marks,HOU,ARI,2025_15_ARI_HOU,2025,15,NA,Full Participation in Practice,15,20,19.621015704783467,-1.2589320631436676,-7.119993763486046,4.60212963719871,-9.120922618060709,6.603058491773374,0.468,0.225,0.4547367672773702,0.25252781320670453,platt,platt_vol,2025-12-14T18:00:00Z,2026-07-19 08:00:19,2025-12-10 20:15:00,hindcast
RB,00-0035700,Josh Jacobs,GB,DEN,2025_15_GB_DEN,2025,15,Questionable,Limited Participation in Practice,15,20,19.106455331157388,-1.199372533547261,-6.971653344554189,4.572908277459667,-8.94227297320896,6.543527906114438,0.467,0.2265,0.45374352083640246,0.24917740127986326,platt,platt_vol,2025-12-14T21:25:00Z,2026-07-19 08:00:19,2025-12-10 20:15:00,hindcast
RB,00-0039139,Jahmyr Gibbs,DET,LA,2025_15_DET_LA,2025,15,NA,NA,15,20,18.60248636917587,-0.732938412400069,-6.417273690671829,4.951396865871692,-8.357869278789634,6.891992453989497,0.466,0.225,0.4527503792280488,0.24360299109723835,platt,platt_vol,2025-12-14T21:25:00Z,2026-07-19 08:00:19,2025-12-10 20:15:00,hindcast
RB,00-0040734,TreVeyon Henderson,NE,BUF,2025_15_BUF_NE,2025,15,NA,NA,15,20,18.165797675845383,-0.7907909923029768,-6.3980980205515445,4.8165160359455905,-8.312396658395,6.730814673789046,0.4615,0.2345,0.44828253773465004,0.2471550027306642,platt,platt_vol,2025-12-14T18:00:00Z,2026-07-19 08:00:19,2025-12-10 20:15:00,hindcast
RB,00-0040202,Devin Neal,NO,CAR,2025_15_CAR_NO,2025,15,NA,Full Participation in Practice,15,20,18.829842562248263,-0.9435940299425717,-6.667728252672395,4.780540192787251,-8.621910945041826,6.734722885156682,0.457,0.234,0.44381681262356176,0.25261616355069116,platt,platt_vol,2025-12-14T21:25:00Z,2026-07-19 08:00:19,2025-12-10 20:15:00,hindcast
RB,00-0040784,Quinshon Judkins,CLE,CHI,2025_15_CLE_CHI,2025,15,NA,NA,15,20,19.100013005357784,-0.9305577045743015,-6.701720566999782,4.840605157851179,-8.671958535182627,6.810843126034023,0.457,0.2495,0.44381681262356176,0.2670826693112235,platt,platt_vol,2025-12-14T18:00:00Z,2026-07-19 08:00:19,2025-12-10 20:15:00,hindcast
RB,00-0038597,Chase Brown,CIN,BAL,2025_15_BAL_CIN,2025,15,NA,NA,15,20,19.029001839456313,-1.3770070605044562,-7.135836572691761,4.381822451682848,-9.101864014245326,6.347849893236413,0.442,0.1965,0.42894627913013544,0.22446424495364195,platt,platt_vol,2025-12-14T18:00:00Z,2026-07-19 08:00:19,2025-12-10 20:15:00,hindcast
RB,00-0036973,Travis Etienne,JAX,NYJ,2025_15_NYJ_JAX,2025,15,NA,NA,15,20,19.157825283322833,-1.2066108158955406,-6.987800215048303,4.574578583257221,-8.961461178530428,6.548239546739347,0.4395,0.229,0.4264701235605471,0.25160310861380275,platt,platt_vol,2025-12-14T18:00:00Z,2026-07-19 08:00:19,2025-12-10 20:15:00,hindcast
RB,00-0032764,Derrick Henry,BAL,CIN,2025_15_BAL_CIN,2025,15,NA,NA,15,20,18.01382974471034,-0.5201965075631839,-6.100513213343705,5.060120198217337,-8.005597528291117,6.96520451316475,0.438,0.233,0.4249847399686933,0.24468270782050963,platt,platt_vol,2025-12-14T18:00:00Z,2026-07-19 08:00:19,2025-12-10 20:15:00,hindcast
RB,00-0036139,Rico Dowdle,CAR,NO,2025_15_CAR_NO,2025,15,NA,NA,15,20,18.056856702871357,-0.8313721810086189,-6.419340508901809,4.756596146884571,-8.327037038538695,6.664292676521457,0.432,0.1985,0.4190455243390958,0.2182013895906892,platt,platt_vol,2025-12-14T21:25:00Z,2026-07-19 08:00:19,2025-12-10 20:15:00,hindcast
RB,00-0040666,Omarion Hampton,LAC,KC,2025_15_LAC_KC,2025,15,NA,NA,15,20,17.99274830114068,-0.672534441990578,-6.249099327692125,4.904030443710969,-8.152902795339678,6.8078339113585224,0.4315,0.2185,0.41855075691399746,0.23334414754619942,platt,platt_vol,2025-12-14T18:00:00Z,2026-07-19 08:00:19,2025-12-10 20:15:00,hindcast
RB,00-0039391,Kimani Vidal,LAC,KC,2025_15_LAC_KC,2025,15,NA,NA,15,20,18.212522514597342,-1.4139368936418886,-7.029523168396965,4.201649381113187,-8.94664828787054,6.1187745005867615,0.4085,0.188,0.3958191076299899,0.21103888507750596,platt,platt_vol,2025-12-14T18:00:00Z,2026-07-19 08:00:19,2025-12-10 20:15:00,hindcast
RB,00-0039361,Bucky Irving,TB,ATL,2025_15_ATL_TB,2025,15,NA,Full Participation in Practice,15,20,17.252445714816172,-0.8357348135175856,-6.27933967063613,4.607870043600959,-8.137751437718364,6.466281810683193,0.3955,0.2,0.38299455890694617,0.21298617004935494,platt,platt_vol,2025-12-12T01:15:00Z,2026-07-19 08:00:19,2025-12-10 20:15:00,hindcast
RB,00-0035261,Tony Pollard,TEN,SF,2025_15_TEN_SF,2025,15,NA,Full Participation in Practice,15,20,17.67015892149246,-1.2913473713908883,-6.81026639262142,4.227571649839643,-8.694389932047057,6.111695189265282,0.3705,0.1695,0.3583796480257674,0.19194703760220538,platt,platt_vol,2025-12-14T21:25:00Z,2026-07-19 08:00:19,2025-12-10 20:15:00,hindcast
RB,00-0036275,D'Andre Swift,CHI,CLE,2025_15_CLE_CHI,2025,15,NA,NA,15,20,16.070417495376212,-0.7828295692086533,-6.008992508599583,4.443333370182277,-7.793171000275449,6.227511861858143,0.357,0.174,0.3451134117330517,0.18404594623366155,platt,platt_vol,2025-12-14T18:00:00Z,2026-07-19 08:00:19,2025-12-10 20:15:00,hindcast
RB,00-0040730,RJ Harvey,DEN,GB,2025_15_GB_DEN,2025,15,NA,NA,15,20,14.976215093488896,-0.5916424756014093,-5.610365890974353,4.4270809397715345,-7.323725860271828,6.140440909069009,0.315,0.1215,0.30395448755099,0.1356736258486101,platt,platt_vol,2025-12-14T21:25:00Z,2026-07-19 08:00:19,2025-12-10 20:15:00,hindcast
RB,00-0037840,Kyren Williams,LA,DET,2025_15_DET_LA,2025,15,NA,NA,15,20,15.829656643804126,-0.9421696780513945,-6.123218264250921,4.238878908148132,-7.891995005242115,6.007655649139326,0.303,0.1275,0.29222595606712887,0.1454311513369552,platt,platt_vol,2025-12-14T21:25:00Z,2026-07-19 08:00:19,2025-12-10 20:15:00,hindcast
RB,00-0039384,Tyrone Tracy Jr.,NYG,WAS,2025_15_WAS_NYG,2025,15,NA,Full Participation in Practice,15,20,14.412053609147637,-0.5066011357764053,-5.415851691041606,4.402649419488796,-7.091838328376102,6.078636056823292,0.3015,0.1265,0.2907608507022976,0.13655968702400667,platt,platt_vol,2025-12-14T18:00:00Z,2026-07-19 08:00:19,2025-12-10 20:15:00,hindcast
RB,00-0038134,Kenneth Walker III,SEA,IND,2025_15_IND_SEA,2025,15,NA,NA,15,20,15.275081510141307,-1.1264528292926175,-6.2024582081973865,3.949552549612152,-7.935373872271258,5.682468213686024,0.3,0.1135,0.2892959581189362,0.13070685953207944,platt,platt_vol,2025-12-14T21:25:00Z,2026-07-19 08:00:19,2025-12-10 20:15:00,hindcast
RB,00-0040236,Kyle Monangai,CHI,CLE,2025_15_CLE_CHI,2025,15,NA,NA,15,20,15.100038198088432,-1.157106705426629,-6.199621064066001,3.8854076532127433,-7.921103108730225,5.606889697876968,0.2915,0.123,0.2809989077338745,0.1375790710686097,platt,platt_vol,2025-12-14T18:00:00Z,2026-07-19 08:00:19,2025-12-10 20:15:00,hindcast
RB,00-0036875,Rhamondre Stevenson,NE,BUF,2025_15_BUF_NE,2025,15,NA,NA,15,20,14.861582879425548,-0.8953465429917705,-5.891970176064061,4.1012770900805195,-7.59778542149647,5.8070923355129285,0.287,0.1105,0.2766090996146051,0.12603786164585618,platt,platt_vol,2025-12-14T18:00:00Z,2026-07-19 08:00:19,2025-12-10 20:15:00,hindcast
RB,00-0033293,Aaron Jones,MIN,DAL,2025_15_MIN_DAL,2025,15,NA,Full Participation in Practice,15,20,15.201651830014201,-1.2825591367942417,-6.3445352181520205,3.779416944563537,-8.07266137006813,5.507543096479647,0.2855,0.1175,0.2751462514187419,0.13363211716916798,platt,platt_vol,2025-12-15T01:20:00Z,2026-07-19 08:00:19,2025-12-10 20:15:00,hindcast
RB,00-0037197,Isiah Pacheco,KC,LAC,2025_15_LAC_KC,2025,15,NA,NA,15,20,14.040619448909245,-1.1219124204647346,-5.958089986400214,3.7142651454707445,-7.609129974080549,5.365305133151081,0.2585,0.0945,0.2488506755225862,0.10872194290492797,platt,platt_vol,2025-12-14T18:00:00Z,2026-07-19 08:00:19,2025-12-10 20:15:00,hindcast
RB,00-0037228,Jaylen Warren,PIT,MIA,2025_15_MIA_PIT,2025,15,NA,NA,15,20,14.755577793204864,-1.5532198737861884,-6.529342276114764,3.4229025285423864,-8.22815853292588,5.121718785353503,0.2555,0.0925,0.2459330826085338,0.11029589360554534,platt,platt_vol,2025-12-16T01:15:00Z,2026-07-19 08:00:19,2025-12-10 20:15:00,hindcast
RB,00-0035250,Devin Singletary,NYG,WAS,2025_15_WAS_NYG,2025,15,NA,NA,15,20,13.728587345260976,-1.1454755482372807,-5.919628080615587,3.628676984141026,-7.549493119848739,5.2585420233741775,0.2445,0.0775,0.2352422370337442,0.09288403828735733,platt,platt_vol,2025-12-14T18:00:00Z,2026-07-19 08:00:19,2025-12-10 20:15:00,hindcast
RB,00-0039738,Blake Corum,LA,DET,2025_15_DET_LA,2025,15,NA,NA,15,20,12.573654695386521,-0.47812569270468386,-5.017295284637448,4.061043899228079,-6.566938655867545,5.610687270458176,0.215,0.0725,0.20662484887263255,0.08420892253822723,platt,platt_vol,2025-12-14T21:25:00Z,2026-07-19 08:00:19,2025-12-10 20:15:00,hindcast
RB,00-0040242,Jacory Croskey-Merritt,WAS,NYG,2025_15_WAS_NYG,2025,15,NA,NA,15,20,12.154492964735455,-0.38085126528916474,-4.832482789498468,4.070780258920139,-6.3522412261319285,5.590538695553599,0.21,0.0715,0.20178205040328395,0.08186699085564009,platt,platt_vol,2025-12-14T18:00:00Z,2026-07-19 08:00:19,2025-12-10 20:15:00,hindcast
RB,00-0036555,Chuba Hubbard,CAR,NO,2025_15_CAR_NO,2025,15,NA,NA,15,20,12.15586170779722,-0.4849976231445444,-4.936917069144451,3.966921822855362,-6.456773800429654,5.486778554140565,0.2005,0.063,0.19258670750491083,0.07464020952641764,platt,platt_vol,2025-12-14T21:25:00Z,2026-07-19 08:00:19,2025-12-10 20:15:00,hindcast
RB,00-0039165,Zach Charbonnet,SEA,IND,2025_15_IND_SEA,2025,15,NA,NA,15,20,12.786839077029397,-0.943948383172214,-5.527162661993087,3.639265895648659,-7.091842606695867,5.203945840351439,0.1925,0.07,0.18484927675083615,0.08283707097409425,platt,platt_vol,2025-12-14T21:25:00Z,2026-07-19 08:00:19,2025-12-10 20:15:00,hindcast
RB,00-0035685,David Montgomery,DET,LA,2025_15_DET_LA,2025,15,NA,NA,15,20,11.47316757674298,-0.5901239291393362,-4.896674908591447,3.7164270503127748,-6.3669037782140165,5.186655919935344,0.1885,0.05,0.18098260487830992,0.061188632013769874,platt,platt_vol,2025-12-14T21:25:00Z,2026-07-19 08:00:19,2025-12-10 20:15:00,hindcast
RB,00-0033526,Samaje Perine,CIN,BAL,2025_15_BAL_CIN,2025,15,NA,NA,15,20,11.366106446073887,-0.5603373236021524,-4.8437610423528765,3.7230863951485715,-6.3060944135776085,5.185419766373303,0.1825,0.059,0.17518513053678672,0.06873662557952473,platt,platt_vol,2025-12-14T18:00:00Z,2026-07-19 08:00:19,2025-12-10 20:15:00,hindcast
RB,00-0037525,Jordan Mason,MIN,DAL,2025_15_MIN_DAL,2025,15,NA,NA,15,20,11.058414080544535,-0.3931795314656234,-4.609614148078354,3.8232550851471068,-6.049077869696406,5.262718806765159,0.1755,0.0445,0.1684252215829807,0.055170595692203096,platt,platt_vol,2025-12-15T01:20:00Z,2026-07-19 08:00:19,2025-12-10 20:15:00,hindcast
RB,00-0039032,Tyjae Spears,TEN,SF,2025_15_TEN_SF,2025,15,NA,NA,15,20,11.14718422106329,-0.6935734705006897,-4.9294151723873165,3.542268231385937,-6.375504348384302,4.988357407382923,0.1505,0.045,0.14431552555452137,0.05584264444933285,platt,platt_vol,2025-12-14T21:25:00Z,2026-07-19 08:00:19,2025-12-10 20:15:00,hindcast
RB,00-0036919,Kenneth Gainwell,PIT,MIA,2025_15_MIA_PIT,2025,15,NA,NA,15,20,10.920571381671154,-0.8702934801447866,-5.056460748203543,3.3158737879139704,-6.4855913912482075,4.745004430958635,0.149,0.0485,0.14287054351764902,0.05839789089893816,platt,platt_vol,2025-12-16T01:15:00Z,2026-07-19 08:00:19,2025-12-10 20:15:00,hindcast
RB,00-0036924,Michael Carter,ARI,HOU,2025_15_ARI_HOU,2025,15,NA,NA,15,20,10.766424973567544,-0.7195165273324059,-4.871643230730759,3.432610176065947,-6.289152643435698,4.850119588770887,0.1475,0.0435,0.1414257393257417,0.05356171781496983,platt,platt_vol,2025-12-14T18:00:00Z,2026-07-19 08:00:19,2025-12-10 20:15:00,hindcast
RB,00-0039405,Jawhar Jordan,HOU,ARI,2025_15_ARI_HOU,2025,15,NA,NA,15,20,10.228199068284034,-0.7335688552128219,-4.7651774001600025,3.2980396897343582,-6.141542686924232,4.6744049764985895,0.129,0.0345,0.12362087958713953,0.04413006029845635,platt,platt_vol,2025-12-14T18:00:00Z,2026-07-19 08:00:19,2025-12-10 20:15:00,hindcast
RB,00-0037746,Brian Robinson,SF,TEN,2025_15_TEN_SF,2025,15,NA,NA,15,20,9.658357343242598,-0.3474634804547229,-4.248493236089852,3.553566275180407,-5.580279762095662,4.885352801186217,0.1255,0.0335,0.12025533141203082,0.04209713601934436,platt,platt_vol,2025-12-14T21:25:00Z,2026-07-19 08:00:19,2025-12-10 20:15:00,hindcast
RB,00-0035537,Ty Johnson,BUF,NE,2025_15_BUF_NE,2025,15,NA,NA,15,20,8.694891144157667,-0.11465829641465812,-3.787195393091686,3.55787880026237,-5.0409759915466825,4.8116593987173655,0.1065,0.031,0.1020009079335608,0.03807828685598023,platt,platt_vol,2025-12-14T18:00:00Z,2026-07-19 08:00:19,2025-12-10 20:15:00,hindcast
RB,00-0033955,Jeremy McNichols,WAS,NYG,2025_15_WAS_NYG,2025,15,NA,NA,15,20,8.931968258699575,-0.15297141121788255,-3.8826928515608152,3.5767500291250505,-5.155995817996401,4.8500529955606355,0.1015,0.0285,0.0972013817504467,0.036185903881319405,platt,platt_vol,2025-12-14T18:00:00Z,2026-07-19 08:00:19,2025-12-10 20:15:00,hindcast
RB,00-0038555,Tank Bigsby,PHI,LV,2025_15_LV_PHI,2025,15,NA,NA,15,20,8.5175800230225,-0.2584671652289216,-3.8878008706254334,3.37086654016759,-5.126832108529659,4.609897778071816,0.0995,0.0275,0.09528205263349787,0.034594007986736626,platt,platt_vol,2025-12-14T18:00:00Z,2026-07-19 08:00:19,2025-12-10 20:15:00,hindcast
RB,00-0040238,LeQuint Allen Jr.,JAX,NYJ,2025_15_NYJ_JAX,2025,15,NA,NA,15,20,8.250283304668267,-0.17790332105713993,-3.7413773404876034,3.385570698373323,-4.9579245042188855,4.602117862104606,0.094,0.025,0.09000528897266905,0.031866999636097064,platt,platt_vol,2025-12-14T18:00:00Z,2026-07-19 08:00:19,2025-12-10 20:15:00,hindcast
RB,00-0039373,Audric Estimé,NO,CAR,2025_15_CAR_NO,2025,15,NA,NA,15,20,8.652052307898177,-0.44179303216781984,-4.10392669842985,3.220340634094211,-5.354155632499074,4.470569568163434,0.092,0.023,0.08808696388268394,0.03052844055751778,platt,platt_vol,2025-12-14T21:25:00Z,2026-07-19 08:00:19,2025-12-10 20:15:00,hindcast
RB,00-0037563,Malik Davis,DAL,MIN,2025_15_MIN_DAL,2025,15,NA,NA,15,20,9.048401588137398,-0.7685506264974252,-4.5261196876476495,2.989018434652799,-5.808929653131088,4.271828400136238,0.091,0.0265,0.08712789946590313,0.03448693675647979,platt,platt_vol,2025-12-15T01:20:00Z,2026-07-19 08:00:19,2025-12-10 20:15:00,hindcast
RB,00-0038454,Keaton Mitchell,BAL,CIN,2025_15_BAL_CIN,2025,15,NA,Full Participation in Practice,15,20,8.736322581261792,-0.7103227695423292,-4.392900775439023,2.9722552363543646,-5.650109275869974,4.229463736785315,0.0885,0.0245,0.08473052168429884,0.03209972612840315,platt,platt_vol,2025-12-14T18:00:00Z,2026-07-19 08:00:19,2025-12-10 20:15:00,hindcast
RB,00-0032104,Ameer Abdullah,IND,SEA,2025_15_IND_SEA,2025,15,NA,NA,15,20,8.691453145992012,-0.6834183772551659,-4.355121360944324,2.9882846064339925,-5.608617198577692,4.241780444067361,0.088,0.0215,0.08425109430874349,0.029106843931903163,platt,platt_vol,2025-12-14T21:25:00Z,2026-07-19 08:00:19,2025-12-10 20:15:00,hindcast
RB,00-0038738,Hunter Luepke,DAL,MIN,2025_15_MIN_DAL,2025,15,NA,Full Participation in Practice,15,20,8.501906029954338,-0.693933556547873,-4.319429825645797,2.9315627125500505,-5.557150987422179,4.169283874326433,0.086,0.0225,0.08233354378628636,0.02983522229177634,platt,platt_vol,2025-12-15T01:20:00Z,2026-07-19 08:00:19,2025-12-10 20:15:00,hindcast
RB,00-0033854,Dare Ogunbowale,HOU,ARI,2025_15_ARI_HOU,2025,15,NA,NA,15,20,7.98055341396634,-0.5533186057030228,-4.0494060576878255,2.9427688462817794,-5.2429478797068905,4.136310668300845,0.0835,0.0155,0.07993695954602097,0.02215887586670076,platt,platt_vol,2025-12-14T18:00:00Z,2026-07-19 08:00:19,2025-12-10 20:15:00,hindcast
RB,00-0039798,Isaiah Davis,NYJ,JAX,2025_15_NYJ_JAX,2025,15,NA,NA,15,20,8.3757219824017,-0.7476140221227573,-4.3421064408494106,2.846878396603896,-5.569243087058047,4.074015042812532,0.072,0.012,0.06891754709135137,0.018698984905146408,platt,platt_vol,2025-12-14T18:00:00Z,2026-07-19 08:00:19,2025-12-10 20:15:00,hindcast
TE,00-0037744,Trey McBride,ARI,HOU,2025_15_ARI_HOU,2025,15,NA,NA,12,17,8.669562093789237,2.011734866777727,-3.1677952897810804,7.947629431240205,-5.250657653147071,9.75542514907456,0.661,0.3875,0.6868724600510465,0.3734352436696475,platt_vol,strat_platt,2025-12-14T18:00:00Z,2026-07-19 08:00:19,2025-12-10 20:15:00,hindcast
TE,00-0033288,George Kittle,SF,TEN,2025_15_TEN_SF,2025,15,NA,NA,12,17,8.063329334297743,2.27431161483825,-2.6911698416690553,7.96490004597181,-4.687956061487521,9.697986994542388,0.6045,0.3385,0.6107161132303237,0.34088032861036005,platt_vol,strat_platt,2025-12-14T21:25:00Z,2026-07-19 08:00:19,2025-12-10 20:15:00,hindcast
TE,00-0036970,Kyle Pitts,ATL,TB,2025_15_ATL_TB,2025,15,Questionable,Limited Participation in Practice,12,17,7.713067258489922,1.4250441797211433,-3.4136978756819882,6.970385513265195,-5.359517942097303,8.659236992657767,0.5485,0.2585,0.5601551456947836,0.28577044177531313,platt_vol,strat_platt,2025-12-12T01:15:00Z,2026-07-19 08:00:19,2025-12-10 20:15:00,hindcast
TE,00-0040663,Harold Fannin Jr.,CLE,CHI,2025_15_CLE_CHI,2025,15,NA,NA,12,17,7.517532320754602,1.5767059953999532,-3.190237214673939,7.039763731234889,-5.107184563265602,8.703555477175135,0.5245,0.257,0.5326201524661576,0.2847015348988599,platt_vol,strat_platt,2025-12-14T18:00:00Z,2026-07-19 08:00:19,2025-12-10 20:15:00,hindcast
TE,00-0039847,Theo Johnson,NYG,WAS,2025_15_WAS_NYG,2025,15,NA,Full Participation in Practice,12,17,7.285984556267772,1.5100066375072883,-3.1708970646443833,6.874460555627638,-5.053245048545258,8.508222192796453,0.496,0.2385,0.49977826161373096,0.27137436007663734,platt_vol,strat_platt,2025-12-14T18:00:00Z,2026-07-19 08:00:19,2025-12-10 20:15:00,hindcast
TE,00-0033090,Hunter Henry,NE,BUF,2025_15_BUF_NE,2025,15,NA,NA,12,17,7.245660556563422,1.2056449658458583,-3.460158832696347,6.552793948373576,-5.33643464017041,8.181285311934593,0.4655,0.2135,0.48977885491129175,0.25288051491654556,platt_vol,strat_platt,2025-12-14T18:00:00Z,2026-07-19 08:00:19,2025-12-10 20:15:00,hindcast
TE,00-0030506,Travis Kelce,KC,LAC,2025_15_LAC_KC,2025,15,NA,NA,12,17,7.087260213941963,1.3795620732874228,-3.226583528202648,6.658340999670383,-5.0788687787052815,8.266010043464037,0.4775,0.2115,0.47257529573637636,0.2513735634767972,platt_vol,strat_platt,2025-12-14T18:00:00Z,2026-07-19 08:00:19,2025-12-10 20:15:00,hindcast
TE,00-0040128,Tyler Warren,IND,SEA,2025_15_IND_SEA,2025,15,NA,NA,12,17,7.0670991204314975,1.3401994345238972,-3.2583131242607637,6.610230668483832,-5.107528872918923,8.21523557450827,0.4685,0.2125,0.4686326080044393,0.25212758737881885,platt_vol,strat_platt,2025-12-14T21:25:00Z,2026-07-19 08:00:19,2025-12-10 20:15:00,hindcast
TE,00-0039338,Brock Bowers,LV,PHI,2025_15_LV_PHI,2025,15,NA,NA,12,17,6.590195407371219,1.611622256278511,-2.8035941993253735,6.671590741365335,-4.57910045250286,8.21262036383894,0.453,0.1895,0.40908101302102884,0.20383758630304372,platt_vol,strat_platt,2025-12-14T18:00:00Z,2026-07-19 08:00:19,2025-12-10 20:15:00,hindcast
TE,00-0035689,Dawson Knox,BUF,NE,2025_15_BUF_NE,2025,15,NA,Full Participation in Practice,12,17,6.530980517152432,0.8640431760254864,-3.528033004772123,5.897492222612893,-5.294233779264268,7.4304452650802375,0.382,0.148,0.39045808699645035,0.15948156755976728,platt_vol,strat_platt,2025-12-14T18:00:00Z,2026-07-19 08:00:19,2025-12-10 20:15:00,hindcast
TE,00-0034383,Dalton Schultz,HOU,ARI,2025_15_ARI_HOU,2025,15,NA,NA,12,17,6.499688433695884,0.9029958128014828,-3.4768165022079396,5.922390106916947,-5.238085565964268,7.451062729464754,0.372,0.153,0.38516036804757103,0.1648397137632105,platt_vol,strat_platt,2025-12-14T18:00:00Z,2026-07-19 08:00:19,2025-12-10 20:15:00,hindcast
TE,00-0038933,Dalton Kincaid,BUF,NE,2025_15_BUF_NE,2025,15,NA,Full Participation in Practice,12,17,6.352808822938977,1.0532437847960339,-3.2686712808588982,6.0062861208472205,-5.006657923627643,7.514751041867331,0.404,0.1575,0.3736593223086162,0.16965885953955667,platt_vol,strat_platt,2025-12-14T18:00:00Z,2026-07-19 08:00:19,2025-12-10 20:15:00,hindcast
TE,00-0034351,Dallas Goedert,PHI,LV,2025_15_LV_PHI,2025,15,NA,NA,12,17,6.2217195697876875,1.3914614520729391,-2.878306533214776,6.2847416935811715,-4.595323090324543,7.77500587713361,0.399,0.1485,0.35807778499803633,0.1600175481144791,platt_vol,strat_platt,2025-12-14T18:00:00Z,2026-07-19 08:00:19,2025-12-10 20:15:00,hindcast
TE,00-0036040,Juwan Johnson,NO,CAR,2025_15_CAR_NO,2025,15,NA,NA,12,17,6.184157511522383,1.0120198297444134,-3.2427216447054894,5.888079245944377,-4.953695539077372,7.373098771945747,0.3615,0.1335,0.3478374416462058,0.1439224837932913,platt_vol,strat_platt,2025-12-14T21:25:00Z,2026-07-19 08:00:19,2025-12-10 20:15:00,hindcast
TE,00-0034753,Mark Andrews,BAL,CIN,2025_15_BAL_CIN,2025,15,NA,Full Participation in Practice,12,17,6.086135273481064,1.2690747483497715,-2.946272757463011,6.09998751278064,-4.641405019073285,7.571257481262684,0.3675,0.1485,0.3380808175784562,0.1600175481144791,platt_vol,strat_platt,2025-12-14T18:00:00Z,2026-07-19 08:00:19,2025-12-10 20:15:00,hindcast
TE,00-0039793,AJ Barner,SEA,IND,2025_15_IND_SEA,2025,15,NA,Full Participation in Practice,12,17,5.948570511943813,0.975382727714443,-3.1842291496393242,5.742420815482252,-4.856948250343715,7.194237546428566,0.341,0.1185,0.3190698036370892,0.1277964230626335,platt_vol,strat_platt,2025-12-14T21:25:00Z,2026-07-19 08:00:19,2025-12-10 20:15:00,hindcast
TE,00-0038935,Brenton Strange,JAX,NYJ,2025_15_NYJ_JAX,2025,15,NA,NA,12,17,5.874243837565695,1.1176095452784607,-3.011664138101815,5.849879166552291,-4.67218323600868,7.291107049573344,0.3285,0.1235,0.3092692606794028,0.1331750796507002,platt_vol,strat_platt,2025-12-14T18:00:00Z,2026-07-19 08:00:19,2025-12-10 20:15:00,hindcast
TE,00-0038041,Jake Ferguson,DAL,MIN,2025_15_MIN_DAL,2025,15,Questionable,Limited Participation in Practice,12,17,5.864676929413995,0.9688922104861021,-3.156464891865087,5.696673314203491,-4.815409001506225,7.136534204814245,0.333,0.113,0.30900163549268794,0.121876237444352,platt_vol,strat_platt,2025-12-15T01:20:00Z,2026-07-19 08:00:19,2025-12-10 20:15:00,hindcast
TE,00-0040126,Colston Loveland,CHI,CLE,2025_15_CLE_CHI,2025,15,NA,NA,12,17,5.58458933255413,1.0796031602493492,-2.929879284884496,5.674588483819693,-4.542226318132457,7.074005993893743,0.302,0.1055,0.2759217700183246,0.11379732256177189,platt_vol,strat_platt,2025-12-14T18:00:00Z,2026-07-19 08:00:19,2025-12-10 20:15:00,hindcast
TE,00-0035229,T.J. Hockenson,MIN,DAL,2025_15_MIN_DAL,2025,15,NA,Full Participation in Practice,12,17,5.376611684836809,0.8412310631365755,-3.08063087733664,5.335800700026943,-4.6577427742111475,6.704636290827989,0.265,0.0825,0.2504366868144294,0.08898359706253121,platt_vol,strat_platt,2025-12-15T01:20:00Z,2026-07-19 08:00:19,2025-12-10 20:15:00,hindcast
TE,00-0040189,Oronde Gadsden II,LAC,KC,2025_15_LAC_KC,2025,15,NA,NA,12,17,5.356786087914435,0.7660744218378587,-3.1473617241067995,5.250987849297722,-4.721085327106279,6.616882610562562,0.264,0.0855,0.2484724838811263,0.09222312553201772,platt_vol,strat_platt,2025-12-14T18:00:00Z,2026-07-19 08:00:19,2025-12-10 20:15:00,hindcast
TE,00-0033881,Evan Engram,DEN,GB,2025_15_GB_DEN,2025,15,NA,NA,12,17,5.2946127211061675,0.8817634072377842,-3.0051644412020138,5.33629754269314,-4.5682281709078,6.692940193193516,0.2705,0.095,0.24389541800471312,0.10247605197782722,platt_vol,strat_platt,2025-12-14T21:25:00Z,2026-07-19 08:00:19,2025-12-10 20:15:00,hindcast
TE,00-0037252,Greg Dulcich,MIA,PIT,2025_15_MIA_PIT,2025,15,NA,NA,12,17,4.9945789083775365,1.0829624441630468,-2.6741696776505144,5.3887468426957374,-4.18503820320768,6.700087283981059,0.2655,0.076,0.21729953552759265,0.08196201214458886,platt_vol,strat_platt,2025-12-16T01:15:00Z,2026-07-19 08:00:19,2025-12-10 20:15:00,hindcast
TE,00-0040584,Gunnar Helm,TEN,SF,2025_15_TEN_SF,2025,15,NA,NA,12,17,4.99467237598378,0.6693135236793175,-3.0878595320204196,4.975144833654766,-4.598744518462708,6.28649956197036,0.2495,0.0705,0.2149390001308171,0.07601817135362895,platt_vol,strat_platt,2025-12-14T21:25:00Z,2026-07-19 08:00:19,2025-12-10 20:15:00,hindcast
TE,00-0031610,Darren Waller,MIA,PIT,2025_15_MIA_PIT,2025,15,NA,Full Participation in Practice,12,17,4.973259857828635,0.8727379029249833,-2.8750492193896564,5.167812655977512,-4.382159808000102,6.475891440400788,0.2515,0.068,0.2134872590842047,0.07331576135525315,platt_vol,strat_platt,2025-12-16T01:15:00Z,2026-07-19 08:00:19,2025-12-10 20:15:00,hindcast
TE,00-0036290,Cole Kmet,CHI,CLE,2025_15_CLE_CHI,2025,15,NA,NA,12,17,4.7531036719856425,0.8000460601646534,-2.850238963794801,4.983380528257676,-4.318140696606605,6.257428450699549,0.224,0.064,0.1921092197034931,0.06899115501494202,platt_vol,strat_platt,2025-12-14T18:00:00Z,2026-07-19 08:00:19,2025-12-10 20:15:00,hindcast
TE,00-0036244,Colby Parkinson,LA,DET,2025_15_DET_LA,2025,15,NA,NA,12,17,4.740418243596268,0.8376239677821928,-2.806986094040204,5.014454761625876,-4.272605734714011,6.286521969226798,0.2215,0.0695,0.19078186870714056,0.07493725376467435,platt_vol,strat_platt,2025-12-14T21:25:00Z,2026-07-19 08:00:19,2025-12-10 20:15:00,hindcast
TE,00-0037809,Chig Okonkwo,TEN,SF,2025_15_TEN_SF,2025,15,NA,Full Participation in Practice,12,17,4.576413939944988,0.5871003876706635,-2.9835601779472163,4.67918287437122,-4.419442252127812,5.925439713360763,0.184,0.0495,0.17315128038319377,0.05330919731132301,platt_vol,strat_platt,2025-12-14T21:25:00Z,2026-07-19 08:00:19,2025-12-10 20:15:00,hindcast
TE,00-0038558,Darnell Washington,PIT,MIA,2025_15_MIA_PIT,2025,15,Questionable,Limited Participation in Practice,12,17,4.449939592554926,0.9371320503183398,-2.57574221408137,4.962989728796288,-3.9883864832319,6.189077590150011,0.184,0.0435,0.16452941087122092,0.046819356908669015,platt_vol,strat_platt,2025-12-16T01:15:00Z,2026-07-19 08:00:19,2025-12-10 20:15:00,hindcast
TE,00-0039144,Luke Musgrave,GB,DEN,2025_15_GB_DEN,2025,15,NA,NA,12,17,4.336799460788341,0.7619499524640987,-2.6986462175132755,4.727895390421727,-4.0902677158700325,5.935736786869061,0.1895,0.051,0.15791439889999678,0.05493168106251313,platt_vol,strat_platt,2025-12-14T21:25:00Z,2026-07-19 08:00:19,2025-12-10 20:15:00,hindcast
TE,00-0034613,Tanner Hudson,CIN,BAL,2025_15_BAL_CIN,2025,15,NA,NA,12,17,4.2564975538556755,0.6096096686025952,-2.81353537412172,4.5326350084094456,-4.190096521237496,5.727404951379397,0.178,0.046,0.15114445652380448,0.049523406069350705,platt_vol,strat_platt,2025-12-14T18:00:00Z,2026-07-19 08:00:19,2025-12-10 20:15:00,hindcast
TE,00-0036894,Pat Freiermuth,PIT,MIA,2025_15_MIA_PIT,2025,15,NA,NA,12,17,4.116931744016335,1.0175910079570587,-2.3397535202578474,4.86520701436701,-3.689854079054003,6.037010803117206,0.186,0.044,0.14374983705818373,0.047360156511425694,platt_vol,strat_platt,2025-12-16T01:15:00Z,2026-07-19 08:00:19,2025-12-10 20:15:00,hindcast
TE,00-0039359,Cade Stover,HOU,ARI,2025_15_ARI_HOU,2025,15,NA,NA,12,17,4.147921078575895,0.664153584569935,-2.707880863461434,4.528604673034677,-4.063888730484732,5.70553563999155,0.1325,0.041,0.1374415576019717,0.04411546844058255,platt_vol,strat_platt,2025-12-14T18:00:00Z,2026-07-19 08:00:19,2025-12-10 20:15:00,hindcast
TE,00-0038115,Daniel Bellinger,NYG,WAS,2025_15_WAS_NYG,2025,15,NA,NA,12,17,4.029234129690114,0.7616088056768499,-2.5539118790682576,4.561293451980144,-3.887193671138198,5.71849959136009,0.1585,0.037,0.13477699941358173,0.03978980317748569,platt_vol,strat_platt,2025-12-14T18:00:00Z,2026-07-19 08:00:19,2025-12-10 20:15:00,hindcast
TE,00-0039074,Davis Allen,LA,DET,2025_15_DET_LA,2025,15,NA,NA,12,17,4.014422373964925,0.38250251955794945,-2.9259169003033048,4.174048906530618,-4.256343036182086,5.328776512943248,0.13,0.03,0.12951785875741506,0.032222739975961256,platt_vol,strat_platt,2025-12-14T21:25:00Z,2026-07-19 08:00:19,2025-12-10 20:15:00,hindcast
TE,00-0037005,Tommy Tremble,CAR,NO,2025_15_CAR_NO,2025,15,NA,NA,12,17,3.8526249676784268,0.6669341936816379,-2.563187865041496,4.368749491859892,-3.862128012474211,5.4961492075363365,0.1445,0.031,0.12310240176993399,0.0199177084413988,platt_vol,strat_platt,2025-12-14T21:25:00Z,2026-07-19 08:00:19,2025-12-10 20:15:00,hindcast
TE,00-0037306,John FitzPatrick,GB,DEN,2025_15_GB_DEN,2025,15,NA,NA,12,17,3.7494288184305464,0.5763567188750899,-2.6031075593453985,4.220116704149603,-3.8816765184209983,5.329835488177892,0.115,0.027,0.11331581345044564,0.013265604158825025,platt_vol,strat_platt,2025-12-14T21:25:00Z,2026-07-19 08:00:19,2025-12-10 20:15:00,hindcast
WR,00-0036900,Ja'Marr Chase,CIN,BAL,2025_15_BAL_CIN,2025,15,NA,NA,15,20,10.573673895127493,2.5880254896798696,-4.360182805875041,9.34435495622107,-6.550796533753424,11.149960185112983,0.609,0.376,0.5532025215811696,0.3553427663058417,strat_platt,strat_platt,2025-12-14T18:00:00Z,2026-07-19 08:00:19,2025-12-10 20:15:00,hindcast
WR,00-0038117,Wan'Dale Robinson,NYG,WAS,2025_15_WAS_NYG,2025,15,NA,NA,15,20,10.196496842568678,1.9600442914088145,-4.869871438205202,8.601347910286448,-7.023190181846876,10.376212886941167,0.553,0.304,0.5201238965692766,0.3188072645463367,strat_platt,strat_platt,2025-12-14T18:00:00Z,2026-07-19 08:00:19,2025-12-10 20:15:00,hindcast
WR,00-0038543,Jaxon Smith-Njigba,SEA,IND,2025_15_IND_SEA,2025,15,NA,Full Participation in Practice,15,20,8.780797385376246,2.7653042370501315,-3.598638647930381,8.953503123471851,-5.605046638921516,10.607277457905877,0.495,0.2715,0.4959688508089123,0.2979962564711327,strat_platt,strat_platt,2025-12-14T21:25:00Z,2026-07-19 08:00:19,2025-12-10 20:15:00,hindcast
WR,00-0039075,Puka Nacua,LA,DET,2025_15_DET_LA,2025,15,NA,NA,15,20,9.10615996150741,2.0239493436205147,-4.450401588512017,8.319507294506908,-6.491618752382179,10.001972960399284,0.4805,0.265,0.4781352123475507,0.29800777878287105,strat_platt,strat_platt,2025-12-14T21:25:00Z,2026-07-19 08:00:19,2025-12-10 20:15:00,hindcast
WR,00-0036554,Nico Collins,HOU,ARI,2025_15_ARI_HOU,2025,15,NA,NA,15,20,8.436631052198903,2.713555268261451,-3.531224675974641,8.785881968124473,-5.500063273138581,10.40868986923555,0.477,0.2405,0.477460241600463,0.2671319342139758,strat_platt,strat_platt,2025-12-14T18:00:00Z,2026-07-19 08:00:19,2025-12-10 20:15:00,hindcast
WR,00-0039064,Zay Flowers,BAL,CIN,2025_15_BAL_CIN,2025,15,NA,NA,15,20,8.822755300205229,1.8661125912657401,-4.5121880045627325,8.068272691967147,-6.523122658708825,9.72577811169385,0.4485,0.2375,0.4481570013872903,0.2641227119236085,strat_platt,strat_platt,2025-12-14T18:00:00Z,2026-07-19 08:00:19,2025-12-10 20:15:00,hindcast
WR,00-0036613,Jaylen Waddle,MIA,PIT,2025_15_MIA_PIT,2025,15,NA,NA,15,20,8.19864757002077,2.6104179371064573,-3.550457642419671,8.601157340281208,-5.492843081396033,10.202161324007701,0.443,0.226,0.4425030500153918,0.25254809541656903,strat_platt,strat_platt,2025-12-16T01:15:00Z,2026-07-19 08:00:19,2025-12-10 20:15:00,hindcast
WR,00-0036259,Jauan Jennings,SF,TEN,2025_15_TEN_SF,2025,15,NA,NA,15,20,7.863566831101833,2.4102213790315545,-3.6303092277968156,8.283939206196827,-5.53475260486903,9.853669586322095,0.411,0.2025,0.4096204928864616,0.22868934052069395,strat_platt,strat_platt,2025-12-14T21:25:00Z,2026-07-19 08:00:19,2025-12-10 20:15:00,hindcast
WR,00-0040129,Emeka Egbuka,TB,ATL,2025_15_ATL_TB,2025,15,NA,NA,15,20,8.275768166466799,1.4246425901120487,-4.763561912658992,7.441956212359443,-6.714563546182477,9.050062062439391,0.4025,0.1815,0.4008911330962362,0.2071107631335596,strat_platt,strat_platt,2025-12-12T01:15:00Z,2026-07-19 08:00:19,2025-12-10 20:15:00,hindcast
WR,00-0037240,Jameson Williams,DET,LA,2025_15_DET_LA,2025,15,NA,NA,15,20,7.536376667458575,2.295196935777953,-3.6251843704215125,8.052083455404171,-5.491747376589901,9.590591080506098,0.3965,0.191,0.3947308490659234,0.21690455313222878,strat_platt,strat_platt,2025-12-14T21:25:00Z,2026-07-19 08:00:19,2025-12-10 20:15:00,hindcast
WR,00-0037247,George Pickens,DAL,MIN,2025_15_MIN_DAL,2025,15,NA,NA,15,20,8.293466405293229,1.6112393377314942,-4.583217854113489,7.634632977393224,-6.536190819804766,9.24436369069061,0.383,0.179,0.38087572773980666,0.20452426298579907,strat_platt,strat_platt,2025-12-15T01:20:00Z,2026-07-19 08:00:19,2025-12-10 20:15:00,hindcast
WR,00-0034960,Jakobi Meyers,JAX,NYJ,2025_15_NYJ_JAX,2025,15,NA,NA,15,20,7.789016479671913,1.7215292470368206,-4.291860747590009,7.568855965853407,-6.187747300349724,9.131533415320597,0.35,0.1655,0.3470468284436596,0.19048773521646722,strat_platt,strat_platt,2025-12-14T18:00:00Z,2026-07-19 08:00:19,2025-12-10 20:15:00,hindcast
WR,00-0036358,CeeDee Lamb,DAL,MIN,2025_15_MIN_DAL,2025,15,NA,Full Participation in Practice,15,20,8.255890246094708,1.03547666924382,-5.145696662954405,7.04595329079914,-7.0944815266107994,8.652231976549597,0.3495,0.164,0.3465347672762422,0.1889206385864773,strat_platt,strat_platt,2025-12-15T01:20:00Z,2026-07-19 08:00:19,2025-12-10 20:15:00,hindcast
WR,00-0035640,DK Metcalf,PIT,MIA,2025_15_MIA_PIT,2025,15,NA,Limited Participation in Practice,15,20,7.648799042640828,1.702156023216398,-4.259813140399241,7.499481927293852,-6.139487862206205,9.048796835311734,0.342,0.156,0.33885585948541347,0.18053632883810714,strat_platt,strat_platt,2025-12-16T01:15:00Z,2026-07-19 08:00:19,2025-12-10 20:15:00,hindcast
WR,00-0038559,Michael Wilson,ARI,HOU,2025_15_ARI_HOU,2025,15,NA,NA,15,20,8.282661437948244,0.8213556025837797,-5.369285092005719,6.841038139790118,-7.321054801990683,8.449777074040671,0.3365,0.1365,0.33322714656095287,0.15990099256451368,strat_platt,strat_platt,2025-12-14T18:00:00Z,2026-07-19 08:00:19,2025-12-10 20:15:00,hindcast
WR,00-0038124,Christian Watson,GB,DEN,2025_15_GB_DEN,2025,15,NA,NA,15,20,6.936764957377842,2.313213347594671,-3.379617448963496,7.848833297765923,-5.174438899754959,9.328208212308756,0.334,0.144,0.3306693656982206,0.1678724505052733,strat_platt,strat_platt,2025-12-14T21:25:00Z,2026-07-19 08:00:19,2025-12-10 20:15:00,hindcast
WR,00-0035659,Terry McLaurin,WAS,NYG,2025_15_WAS_NYG,2025,15,NA,Did Not Participate In Practice,15,20,7.21498358581853,1.8656155236614556,-3.9340367355496193,7.5051069994233535,-5.762536589832414,9.0122412129566,0.3295,0.1485,0.326066540127395,0.17263410715290342,strat_platt,strat_platt,2025-12-14T18:00:00Z,2026-07-19 08:00:19,2025-12-10 20:15:00,hindcast
WR,00-0036963,Amon-Ra St. Brown,DET,LA,2025_15_DET_LA,2025,15,NA,NA,15,20,7.47545905311492,1.2986909601984507,-4.599018684163088,7.033531909165966,-6.458433825508864,8.566147933236241,0.3185,0.1295,0.314821877373841,0.15241930344679253,strat_platt,strat_platt,2025-12-14T21:25:00Z,2026-07-19 08:00:19,2025-12-10 20:15:00,hindcast
WR,00-0039915,Ladd McConkey,LAC,KC,2025_15_LAC_KC,2025,15,NA,Limited Participation in Practice,15,20,6.976073149248579,1.9492313267410448,-3.758827090518574,7.499658377976949,-5.558449467467198,8.982990438073363,0.3165,0.133,0.31277845859273595,0.15616530682809307,strat_platt,strat_platt,2025-12-14T18:00:00Z,2026-07-19 08:00:19,2025-12-10 20:15:00,hindcast
WR,00-0034348,Courtland Sutton,DEN,GB,2025_15_GB_DEN,2025,15,NA,NA,15,20,7.037960076000183,1.9668786346063938,-3.7650627935448044,7.540529153443251,-5.572214946415033,9.030067603376182,0.309,0.135,0.3051187061104999,0.15830123129712795,strat_platt,strat_platt,2025-12-14T21:25:00Z,2026-07-19 08:00:19,2025-12-10 20:15:00,hindcast
WR,00-0037239,Chris Olave,NO,CAR,2025_15_CAR_NO,2025,15,NA,NA,15,20,7.5233160211214765,1.1850343992205525,-4.730494296957044,6.937202316484006,-6.595527384378358,8.474448911741035,0.3085,0.1275,0.3046082323133396,0.15027399623147836,strat_platt,strat_platt,2025-12-14T21:25:00Z,2026-07-19 08:00:19,2025-12-10 20:15:00,hindcast
WR,00-0036252,Michael Pittman,IND,SEA,2025_15_IND_SEA,2025,15,NA,NA,15,20,8.382069671160906,-0.07260616001949928,-6.298261133175085,5.981123716006126,-8.261070057305037,7.59896168151417,0.304,0.1245,0.30001498961180323,0.1470494439668383,strat_platt,strat_platt,2025-12-14T21:25:00Z,2026-07-19 08:00:19,2025-12-10 20:15:00,hindcast
WR,00-0036322,Justin Jefferson,MIN,DAL,2025_15_MIN_DAL,2025,15,NA,Limited Participation in Practice,15,20,6.962174265488053,1.9115133494220047,-3.7911659546784255,7.456709834849376,-5.589092418288086,8.938644044675062,0.303,0.1215,0.29899452219327605,0.1438168217430662,strat_platt,strat_platt,2025-12-15T01:20:00Z,2026-07-19 08:00:19,2025-12-10 20:15:00,hindcast
WR,00-0031408,Mike Evans,TB,ATL,2025_15_ATL_TB,2025,15,Questionable,Limited Participation in Practice,15,20,6.77230970736639,1.6055862884075793,-4.023037402170068,7.078772249319321,-5.797615797226106,8.541461900358378,0.3005,0.111,0.29644376388939003,0.13243630422595404,strat_platt,strat_platt,2025-12-12T01:15:00Z,2026-07-19 08:00:19,2025-12-10 20:15:00,hindcast
WR,00-0031381,Davante Adams,LA,DET,2025_15_DET_LA,2025,15,Questionable,Limited Participation in Practice,15,20,6.811796933766568,1.5471350575464462,-4.09697968887634,7.035384279751218,-5.876442065262559,8.50209953426174,0.3,0.1135,0.295933683199402,0.13515558801159372,strat_platt,strat_platt,2025-12-14T21:25:00Z,2026-07-19 08:00:19,2025-12-10 20:15:00,hindcast
WR,00-0033555,Mack Hollins,NE,BUF,2025_15_BUF_NE,2025,15,NA,NA,15,20,6.478803737403567,1.8581325476541135,-3.653822918619242,7.217872145396172,-5.391618447805861,8.65024365586018,0.291,0.103,0.2867563874236301,0.12369199143599158,strat_platt,strat_platt,2025-12-14T18:00:00Z,2026-07-19 08:00:19,2025-12-10 20:15:00,hindcast
WR,00-0039893,Brian Thomas Jr.,JAX,NYJ,2025_15_NYJ_JAX,2025,15,NA,NA,15,20,6.590226168728481,1.8041882595774967,-3.7523792601261987,7.207307922846253,-5.504239965904583,8.651272602875565,0.28,0.1095,0.2755508877127361,0.13080174688903334,strat_platt,strat_platt,2025-12-14T18:00:00Z,2026-07-19 08:00:19,2025-12-10 20:15:00,hindcast
WR,00-0040124,Tetairoa McMillan,CAR,NO,2025_15_CAR_NO,2025,15,NA,NA,15,20,6.797575486611341,1.4693153030009574,-4.169225760641244,6.952144762929502,-5.946930880265053,8.417411605080359,0.2715,0.1015,0.26690106504359723,0.12204495046278206,strat_platt,strat_platt,2025-12-14T21:25:00Z,2026-07-19 08:00:19,2025-12-10 20:15:00,hindcast
WR,00-0039067,Rashee Rice,KC,LAC,2025_15_LAC_KC,2025,15,NA,Full Participation in Practice,15,20,7.221096458326815,0.7054658141175538,-5.096508861361756,6.347215571266424,-6.925740921235207,7.85495330253823,0.261,0.105,0.2562274985348413,0.12588430565384798,strat_platt,strat_platt,2025-12-14T18:00:00Z,2026-07-19 08:00:19,2025-12-10 20:15:00,hindcast
WR,00-0036309,Darnell Mooney,ATL,TB,2025_15_ATL_TB,2025,15,NA,NA,15,20,6.2113202819433155,1.9552058826817045,-3.4479730562645297,7.209172880411408,-5.151473794060658,8.61327703644849,0.259,0.09,0.25419594476637464,0.10933393764469602,strat_platt,strat_platt,2025-12-12T01:15:00Z,2026-07-19 08:00:19,2025-12-10 20:15:00,hindcast
WR,00-0035719,Deebo Samuel Sr.,WAS,NYG,2025_15_WAS_NYG,2025,15,Questionable,Did Not Participate In Practice,15,20,6.862715586336995,1.0260736096984646,-4.637947077216877,6.533679058226374,-6.423685348719425,8.00556719597679,0.2465,0.097,0.24151023283057801,0.11708904502264131,strat_platt,strat_platt,2025-12-14T18:00:00Z,2026-07-19 08:00:19,2025-12-10 20:15:00,hindcast
WR,00-0038606,Parker Washington,JAX,NYJ,2025_15_NYJ_JAX,2025,15,Questionable,Full Participation in Practice,15,20,6.469723370455531,1.4615499633494888,-4.0467520802558905,6.817737029823714,-5.783395767484155,8.249159138831686,0.2465,0.089,0.24151023283057801,0.10822131262491369,strat_platt,strat_platt,2025-12-14T18:00:00Z,2026-07-19 08:00:19,2025-12-10 20:15:00,hindcast
WR,00-0033921,Chris Godwin Jr.,TB,ATL,2025_15_ATL_TB,2025,15,NA,Limited Participation in Practice,15,20,6.443401484538641,1.6686274993286776,-3.8290688121180123,7.014501717130269,-5.562368750645494,8.44316775369087,0.2455,0.091,0.24049625983481895,0.11044535065312772,strat_platt,strat_platt,2025-12-12T01:15:00Z,2026-07-19 08:00:19,2025-12-10 20:15:00,hindcast
WR,00-0036407,Jerry Jeudy,CLE,CHI,2025_15_CLE_CHI,2025,15,NA,NA,15,20,6.433903958679188,1.2248001147778114,-4.269063804139076,6.566947773806975,-6.001155475537927,7.994617900674512,0.2385,0.0885,0.2334022706639847,0.10766454171476597,strat_platt,strat_platt,2025-12-14T18:00:00Z,2026-07-19 08:00:19,2025-12-10 20:15:00,hindcast
WR,00-0039424,Devaughn Vele,NO,CAR,2025_15_CAR_NO,2025,15,NA,NA,15,20,6.2816146190012985,1.8099299973884604,-3.622070710351408,7.091922833938058,-5.33465830330435,8.503516796588018,0.2385,0.081,0.2334022706639847,0.0992751217302014,strat_platt,strat_platt,2025-12-14T21:25:00Z,2026-07-19 08:00:19,2025-12-10 20:15:00,hindcast
WR,00-0037614,John Metchie III,NYJ,JAX,2025_15_NYJ_JAX,2025,15,NA,NA,15,20,6.425400171054017,0.9530600645655221,-4.537369918138591,6.291868617535439,-6.2683789467195545,7.718646380081452,0.235,0.084,0.22985784298809908,0.10263956033468337,strat_platt,strat_platt,2025-12-14T18:00:00Z,2026-07-19 08:00:19,2025-12-10 20:15:00,hindcast
WR,00-0039491,Jalen Coker,CAR,NO,2025_15_CAR_NO,2025,15,NA,NA,15,20,5.700167385797076,1.9249061000765064,-3.2633066810854903,6.969843355983999,-4.899033426473723,8.318085050503004,0.2255,0.068,0.22024623369550994,0.08455136172090544,strat_platt,strat_platt,2025-12-14T21:25:00Z,2026-07-19 08:00:19,2025-12-10 20:15:00,hindcast
WR,00-0039894,Xavier Worthy,KC,LAC,2025_15_LAC_KC,2025,15,NA,NA,15,20,6.34501262535773,1.183010161210364,-4.2748392085624225,6.490137833898279,-5.995576303010997,7.908448992887381,0.223,0.089,0.21771911298377578,0.10822131262491369,strat_platt,strat_platt,2025-12-14T18:00:00Z,2026-07-19 08:00:19,2025-12-10 20:15:00,hindcast
WR,00-0039146,Jayden Reed,GB,DEN,2025_15_GB_DEN,2025,15,NA,Full Participation in Practice,15,20,6.067174003235804,1.2671060149511029,-4.076427854156985,6.463075076271908,-5.761123843559014,7.851679488289186,0.2185,0.0675,0.21317273747264961,0.08398004836040729,strat_platt,strat_platt,2025-12-14T21:25:00Z,2026-07-19 08:00:19,2025-12-10 20:15:00,hindcast
WR,00-0037816,Romeo Doubs,GB,DEN,2025_15_GB_DEN,2025,15,NA,NA,15,20,5.72807006283507,1.7279198698958507,-3.4722835334656175,6.78451661996967,-5.111790652221869,8.135874273196317,0.2165,0.072,0.21115315215530467,0.08910798631516466,strat_platt,strat_platt,2025-12-14T21:25:00Z,2026-07-19 08:00:19,2025-12-10 20:15:00,hindcast
WR,00-0036040,Juwan Johnson,NO,CAR,2025_15_CAR_NO,2025,15,NA,NA,15,20,6.000604808608669,1.4144932912663633,-3.901243319925059,6.583432732178182,-5.5771754593963685,7.964813573440494,0.2155,0.071,0.21014359984567937,0.08797110867130341,strat_platt,strat_platt,2025-12-14T21:25:00Z,2026-07-19 08:00:19,2025-12-10 20:15:00,hindcast
WR,00-0038563,Tre Tucker,LV,PHI,2025_15_LV_PHI,2025,15,NA,NA,15,20,6.720890875586392,0.27447258215929465,-5.33390766042028,5.727974129709209,-7.102103751838049,7.185403190679385,0.212,0.0735,0.206611445143659,0.09081052105536434,strat_platt,strat_platt,2025-12-14T18:00:00Z,2026-07-19 08:00:19,2025-12-10 20:15:00,hindcast
WR,00-0031588,Stefon Diggs,NE,BUF,2025_15_BUF_NE,2025,15,NA,NA,15,20,5.969647860678538,1.1452315042518815,-4.157523051091628,6.301547396368013,-5.82936224047468,7.679554638721992,0.2105,0.0745,0.20509828067818162,0.09194371670857034,strat_platt,strat_platt,2025-12-14T18:00:00Z,2026-07-19 08:00:19,2025-12-10 20:15:00,hindcast
WR,00-0039916,Ricky Pearsall,SF,TEN,2025_15_TEN_SF,2025,15,NA,NA,15,20,6.036626876986119,1.1084796630346117,-4.222318732043085,6.292064947876385,-5.902999513055368,7.677359839291583,0.2075,0.061,0.20207307870858182,0.07651608047813772,strat_platt,strat_platt,2025-12-14T21:25:00Z,2026-07-19 08:00:19,2025-12-10 20:15:00,hindcast
WR,00-0037261,Khalil Shakir,BUF,NE,2025_15_BUF_NE,2025,15,NA,NA,15,20,6.026504074630147,0.7669895001553358,-4.559581080767379,5.94646372439856,-6.238928927110339,7.330659949363314,0.2045,0.065,0.19904940219449646,0.08111751366729804,strat_platt,strat_platt,2025-12-14T18:00:00Z,2026-07-19 08:00:19,2025-12-10 20:15:00,hindcast
WR,00-0035535,Darius Slayton,NYG,WAS,2025_15_WAS_NYG,2025,15,NA,NA,15,20,5.713101515188839,1.6477454276646668,-3.5460293779456133,6.69809110946774,-5.183509704486415,8.04777818673865,0.204,0.0695,0.19854560636751742,0.08626296267800528,strat_platt,strat_platt,2025-12-14T18:00:00Z,2026-07-19 08:00:19,2025-12-10 20:15:00,hindcast
WR,00-0039868,Troy Franklin,DEN,GB,2025_15_GB_DEN,2025,15,NA,NA,15,20,6.056469424111636,1.0075808093902252,-4.331494044615387,6.199213993914147,-6.014784206891804,7.58665965814462,0.2,0.054,0.19451680883803685,0.06839587418863527,strat_platt,strat_platt,2025-12-14T21:25:00Z,2026-07-19 08:00:19,2025-12-10 20:15:00,hindcast
WR,00-0030279,Keenan Allen,LAC,KC,2025_15_LAC_KC,2025,15,NA,Full Participation in Practice,15,20,6.129681205562834,0.9561337868281362,-4.413355156036121,6.177341157388641,-6.106234196155662,7.572690418566586,0.198,0.069,0.1925034699751414,0.08569281628601505,strat_platt,strat_platt,2025-12-14T18:00:00Z,2026-07-19 08:00:19,2025-12-10 20:15:00,hindcast
WR,00-0033908,Cooper Kupp,SEA,IND,2025_15_IND_SEA,2025,15,NA,Limited Participation in Practice,15,20,6.1772245514454065,0.5121817650636595,-4.87695545397872,5.7524948131833575,-6.576029153454181,7.152949999327402,0.1965,0.0675,0.1909939366233463,0.08398004836040729,strat_platt,strat_platt,2025-12-14T21:25:00Z,2026-07-19 08:00:19,2025-12-10 20:15:00,hindcast
WR,00-0040735,Luther Burden III,CHI,CLE,2025_15_CLE_CHI,2025,15,NA,NA,15,20,6.067654646964,0.7722274290939681,-4.571506555831873,5.968391079917376,-6.2562656372482595,7.357047495293154,0.1875,0.0605,0.18194542995940233,0.07593898827582496,strat_platt,strat_platt,2025-12-14T18:00:00Z,2026-07-19 08:00:19,2025-12-10 20:15:00,hindcast
WR,00-0036415,Van Jefferson,TEN,SF,2025_15_TEN_SF,2025,15,NA,NA,15,20,5.576621944374467,1.3297328900299556,-3.8050131102624416,6.32267988143984,-5.423882982745275,7.657027361075862,0.186,0.0555,0.18043883041211453,0.07014353555784475,strat_platt,strat_platt,2025-12-14T21:25:00Z,2026-07-19 08:00:19,2025-12-10 20:15:00,hindcast
WR,00-0040705,Chimere Dike,TEN,SF,2025_15_TEN_SF,2025,15,NA,NA,15,20,6.045060924431008,0.797426193982707,-4.5368918486654,5.984433929272176,-6.218682295357966,7.370643458502859,0.1775,0.0575,0.17190976666837182,0.07246716684455727,strat_platt,strat_platt,2025-12-14T21:25:00Z,2026-07-19 08:00:19,2025-12-10 20:15:00,hindcast
WR,00-0039890,Adonai Mitchell,NYJ,JAX,2025_15_NYJ_JAX,2025,15,NA,NA,15,20,6.707317799666579,-0.38896952957598624,-5.991992479457149,5.05932267004141,-7.758499537036236,6.515359551143411,0.175,0.0565,0.16940398578801508,0.07130627895174074,strat_platt,strat_platt,2025-12-14T18:00:00Z,2026-07-19 08:00:19,2025-12-10 20:15:00,hindcast
WR,00-0038997,Josh Downs,IND,SEA,2025_15_IND_SEA,2025,15,NA,Full Participation in Practice,15,20,6.08977587785331,-0.06953758270351329,-5.422472705071939,5.1355731107796245,-7.110132698081133,6.526620591761295,0.1565,0.0515,0.1509028346811963,0.0654733784645957,strat_platt,strat_platt,2025-12-14T21:25:00Z,2026-07-19 08:00:19,2025-12-10 20:15:00,hindcast
WR,00-0034827,DJ Moore,CHI,CLE,2025_15_CLE_CHI,2025,15,NA,NA,15,20,5.921234205847054,0.1553221217574256,-5.127058393445197,5.291826614747191,-6.792474106425919,6.664539330534432,0.1455,0.042,0.13993943867424732,0.054247448835358814,strat_platt,strat_platt,2025-12-14T18:00:00Z,2026-07-19 08:00:19,2025-12-10 20:15:00,hindcast
WR,00-0039342,Xavier Legette,CAR,NO,2025_15_CAR_NO,2025,15,NA,NA,15,20,5.421306852283686,0.8984298785727824,-4.1682063712982975,5.825148010087275,-5.765602772070337,7.1417960604217985,0.1415,0.034,0.13596017632221416,0.044624205507255356,strat_platt,strat_platt,2025-12-14T21:25:00Z,2026-07-19 08:00:19,2025-12-10 20:15:00,hindcast
WR,00-0035359,David Sills,ATL,TB,2025_15_ATL_TB,2025,15,NA,NA,15,20,5.228832121555132,0.7172150077811652,-4.263572295899797,5.560454961880212,-5.833902455700293,6.854793763622562,0.1365,0.041,0.13099193219830932,0.053053696397253686,strat_platt,strat_platt,2025-12-12T01:15:00Z,2026-07-19 08:00:19,2025-12-10 20:15:00,hindcast
WR,00-0031610,Darren Waller,MIA,PIT,2025_15_MIA_PIT,2025,15,NA,Full Participation in Practice,15,20,5.061638648656319,1.0445013891297925,-3.8603506332240984,5.813903059032839,-5.406740107508329,7.088508839658184,0.134,0.0345,0.12851030812330516,0.04523083012663731,strat_platt,strat_platt,2025-12-16T01:15:00Z,2026-07-19 08:00:19,2025-12-10 20:15:00,hindcast
WR,00-0032211,Tyler Lockett,LV,PHI,2025_15_LV_PHI,2025,15,NA,NA,15,20,5.187769025258429,0.692245400038367,-4.2700120541571,5.5174672172646995,-5.834500169371164,6.806990735455031,0.1285,0.033,0.123056784665151,0.04340872192496173,strat_platt,strat_platt,2025-12-14T18:00:00Z,2026-07-19 08:00:19,2025-12-10 20:15:00,hindcast
WR,00-0037545,Rashid Shaheed,SEA,IND,2025_15_IND_SEA,2025,15,NA,NA,15,20,5.081682338101847,0.5819347443084806,-4.3320897168744,5.3602555507866345,-5.881371054724344,6.637244939215146,0.117,0.0345,0.11168219231226068,0.04523083012663731,strat_platt,strat_platt,2025-12-14T21:25:00Z,2026-07-19 08:00:19,2025-12-10 20:15:00,hindcast
WR,00-0039410,Ryan Flournoy,DAL,MIN,2025_15_MIN_DAL,2025,15,NA,NA,15,20,5.33377659830032,0.08290584252217151,-4.944892222138421,4.97185832798767,-6.5300438170455575,6.278413642567339,0.115,0.035,0.10970809608875572,0.04583672343356295,strat_platt,strat_platt,2025-12-15T01:20:00Z,2026-07-19 08:00:19,2025-12-10 20:15:00,hindcast
WR,00-0037291,Jalen Nailor,MIN,DAL,2025_15_MIN_DAL,2025,15,NA,NA,15,20,4.9644770219626695,1.336664552899073,-3.523450301260068,6.0625644976282835,-5.055735153082631,7.325544595576565,0.1525,0.0425,0.10291541791573904,0.029520674456981765,strat_platt,strat_platt,2025-12-15T01:20:00Z,2026-07-19 08:00:19,2025-12-10 20:15:00,hindcast
WR,00-0040727,Tre Harris,LAC,KC,2025_15_LAC_KC,2025,15,NA,NA,15,20,4.964659290366247,1.0154982282503833,-3.844700979835884,5.741480197423769,-5.377012426553549,7.00448221611556,0.119,0.0315,0.09958464030525395,0.027444166510559205,strat_platt,strat_platt,2025-12-14T18:00:00Z,2026-07-19 08:00:19,2025-12-10 20:15:00,hindcast
WR,00-0040782,Isaiah Bond,CLE,CHI,2025_15_CLE_CHI,2025,15,NA,NA,15,20,4.744366798843484,0.794605498281167,-3.9624228867959532,5.420265766962364,-5.462206894555731,6.6564571649055555,0.1175,0.0305,0.099420119249418,0.027230427330783354,strat_platt,strat_platt,2025-12-14T18:00:00Z,2026-07-19 08:00:19,2025-12-10 20:15:00,hindcast
WR,00-0035406,Lil'Jordan Humphrey,DEN,GB,2025_15_GB_DEN,2025,15,NA,NA,15,20,4.872328444688082,0.685469208427551,-4.131788133955823,5.3696951765924,-5.650560976689832,6.621538051235341,0.1105,0.0245,0.0986307256656482,0.025826428556427906,strat_platt,strat_platt,2025-12-14T21:25:00Z,2026-07-19 08:00:19,2025-12-10 20:15:00,hindcast
WR,00-0038976,Marvin Mims Jr.,DEN,GB,2025_15_GB_DEN,2025,15,NA,NA,15,20,4.4928390543117835,1.0692519327517027,-3.5668382403259615,5.577313768771423,-5.028493151178762,6.782077400206987,0.1105,0.026,0.0986307256656482,0.026199346377147215,strat_platt,strat_platt,2025-12-14T21:25:00Z,2026-07-19 08:00:19,2025-12-10 20:15:00,hindcast
WR,00-0040667,Matthew Golden,GB,DEN,2025_15_GB_DEN,2025,15,NA,Full Participation in Practice,15,20,4.903090542432815,0.6856834169705376,-4.145928263911849,5.383867320195513,-5.669226706575076,6.639440403771263,0.108,0.0285,0.09833960113645059,0.026787028056966894,strat_platt,strat_platt,2025-12-14T21:25:00Z,2026-07-19 08:00:19,2025-12-10 20:15:00,hindcast
WR,00-0040729,Jack Bech,LV,PHI,2025_15_LV_PHI,2025,15,NA,NA,15,20,4.80488092458794,0.4565089690348118,-4.329107560891058,5.109967904252663,-5.837904767434802,6.353588397816988,0.106,0.028,0.09810297253816638,0.026672620601773576,strat_platt,strat_platt,2025-12-14T18:00:00Z,2026-07-19 08:00:19,2025-12-10 20:15:00,hindcast
WR,00-0035208,Olamide Zaccheaus,CHI,CLE,2025_15_CLE_CHI,2025,15,NA,Full Participation in Practice,15,20,4.880600258715619,0.44528991920482996,-4.375831937258099,5.133273680636509,-5.895823174322581,6.3861208122810185,0.1025,0.022,0.0976804969729154,0.02516544414948154,strat_platt,strat_platt,2025-12-14T18:00:00Z,2026-07-19 08:00:19,2025-12-10 20:15:00,hindcast
WR,00-0039451,Isaiah Williams,NYJ,JAX,2025_15_NYJ_JAX,2025,15,NA,NA,15,20,4.861540943859035,0.010822015161553518,-4.801390306816366,4.690142284105141,-6.31857256813895,5.940674127927404,0.097,0.022,0.09699351771344801,0.02516544414948154,strat_platt,strat_platt,2025-12-14T18:00:00Z,2026-07-19 08:00:19,2025-12-10 20:15:00,hindcast
WR,00-0031236,Brandin Cooks,BUF,NE,2025_15_BUF_NE,2025,15,NA,NA,15,20,4.621983473092741,0.4941967990917918,-4.204421562594933,5.063060071283065,-5.685790204314727,6.2840726721656,0.094,0.018,0.09660594330729326,0.023980716433486416,strat_platt,strat_platt,2025-12-14T18:00:00Z,2026-07-19 08:00:19,2025-12-10 20:15:00,hindcast
WR,00-0033307,Kendrick Bourne,SF,TEN,2025_15_TEN_SF,2025,15,NA,NA,15,20,4.456943399543967,0.8928894376554565,-3.725653225580435,5.383888348563354,-5.181775801431987,6.584091973422171,0.093,0.023,0.09647460320506195,0.02543620713516751,strat_platt,strat_platt,2025-12-14T21:25:00Z,2026-07-19 08:00:19,2025-12-10 20:15:00,hindcast
WR,00-0038104,Tyquan Thornton,KC,LAC,2025_15_LAC_KC,2025,15,NA,NA,15,20,4.533974819357496,0.5098125631975251,-4.146296085861442,5.037340053295901,-5.614262371737916,6.247305812153209,0.082,0.023,0.09495090578032017,0.02543620713516751,strat_platt,strat_platt,2025-12-14T18:00:00Z,2026-07-19 08:00:19,2025-12-10 20:15:00,hindcast
WR,00-0037231,Kevin Austin Jr.,NO,CAR,2025_15_CAR_NO,2025,15,NA,NA,15,20,4.4310272080530675,0.3294280156776609,-4.27639920946483,4.80806263273942,-5.728512893806722,6.0049619436611055,0.078,0.0145,0.09435637815456836,0.02276957567653235,strat_platt,strat_platt,2025-12-14T21:25:00Z,2026-07-19 08:00:19,2025-12-10 20:15:00,hindcast
WR,00-0038640,Jalen Brooks,ARI,HOU,2025_15_ARI_HOU,2025,15,NA,NA,15,20,4.551635889076823,-0.18738510657058416,-4.852059020035049,4.34847111315563,-6.3227257410440725,5.560662695641066,0.0755,0.0175,0.09397225651229028,0.023819174645760412,strat_platt,strat_platt,2025-12-14T18:00:00Z,2026-07-19 08:00:19,2025-12-10 20:15:00,hindcast
QB,00-0036389,Jalen Hurts,PHI,LV,2025_15_LV_PHI,2025,15,NA,NA,20,25,6.93390120192036,4.293301410373082,-9.156133080046502,17.742735900792663,-12.536695813348395,21.12329863409456,0.471,0.2655,0.4515426625567666,0.2546969920156969,platt_vol_vegas,platt,2025-12-14T18:00:00Z,2026-07-26 09:37:01,2025-12-10 20:15:00,hindcast
QB,00-0034857,Josh Allen,BUF,NE,2025_15_BUF_NE,2025,15,NA,NA,20,25,5.434985499375528,4.287709428574543,-9.16172506184504,17.737143918994125,-12.542287795146933,21.11770665229602,0.473,0.251,0.4162896685658182,0.24034092195122267,platt_vol_vegas,platt,2025-12-14T18:00:00Z,2026-07-26 09:37:01,2025-12-10 20:15:00,hindcast
QB,00-0034796,Lamar Jackson,BAL,CIN,2025_15_BAL_CIN,2025,15,NA,Full Participation in Practice,20,25,5.216094959489634,4.0360578588991425,-9.413376631520439,17.485492349318726,-12.793939364822336,20.86605508262062,0.415,0.2065,0.38408812543574056,0.19650211688018138,platt_vol_vegas,platt,2025-12-14T18:00:00Z,2026-07-26 09:37:01,2025-12-10 20:15:00,hindcast
QB,00-0039732,Bo Nix,DEN,GB,2025_15_GB_DEN,2025,15,NA,NA,20,25,4.43322297927373,1.489857780167833,-11.95957671025175,14.939292270587416,-15.340139443553644,18.31985500388931,0.357,0.1825,0.33925216476807735,0.17300867587814164,platt_vol_vegas,platt,2025-12-14T21:25:00Z,2026-07-26 09:37:01,2025-12-10 20:15:00,hindcast
QB,00-0040691,Jaxson Dart,NYG,WAS,2025_15_WAS_NYG,2025,15,NA,NA,20,25,5.32859997758589,0.6197585099715808,-12.829675980448002,14.069193000391163,-16.210238713749895,17.44975573369306,0.306,0.134,0.33426312338032704,0.1259009697076538,platt_vol_vegas,platt,2025-12-14T18:00:00Z,2026-07-26 09:37:01,2025-12-10 20:15:00,hindcast
QB,00-0036355,Justin Herbert,LAC,KC,2025_15_LAC_KC,2025,15,NA,Limited Participation in Practice,20,25,4.158664629411894,2.968555618537375,-10.480878871882208,16.417990108956957,-13.861441605184103,19.798552842258854,0.352,0.1695,0.33090381842710465,0.1603311578339019,platt_vol_vegas,platt,2025-12-14T18:00:00Z,2026-07-26 09:37:01,2025-12-10 20:15:00,hindcast
QB,00-0039851,Drake Maye,NE,BUF,2025_15_BUF_NE,2025,15,NA,NA,20,25,3.5252468185164023,0.9081637102352715,-12.54127078018431,14.357598200654854,-15.921833513486206,17.73816093395675,0.332,0.1595,0.3081073194476347,0.1506036041350335,platt_vol_vegas,platt,2025-12-14T18:00:00Z,2026-07-26 09:37:01,2025-12-10 20:15:00,hindcast
QB,00-0036971,Trevor Lawrence,JAX,NYJ,2025_15_NYJ_JAX,2025,15,NA,Full Participation in Practice,20,25,3.48049574546877,2.7410699155477243,-10.708364574871858,16.190504405967307,-14.088927308173753,19.571067139269203,0.3185,0.152,0.300934070265999,0.14332243221860283,platt_vol_vegas,platt,2025-12-14T18:00:00Z,2026-07-26 09:37:01,2025-12-10 20:15:00,hindcast
QB,00-0032268,Marcus Mariota,WAS,NYG,2025_15_WAS_NYG,2025,15,NA,NA,20,25,4.62843034939848,-1.0873656279737813,-14.536800118393364,12.3620688624458,-17.91736285169526,15.742631595747696,0.268,0.1025,0.30008663931713186,0.09561239155966085,platt_vol_vegas,platt,2025-12-14T18:00:00Z,2026-07-26 09:37:01,2025-12-10 20:15:00,hindcast
QB,00-0034855,Baker Mayfield,TB,ATL,2025_15_ATL_TB,2025,15,NA,Full Participation in Practice,20,25,3.0118187522395976,3.425234939055037,-10.024199551364546,16.87466942947462,-13.40476228466644,20.255232162776515,0.3335,0.145,0.2981243740343731,0.13653827441728247,platt_vol_vegas,platt,2025-12-12T01:15:00Z,2026-07-26 09:37:01,2025-12-10 20:15:00,hindcast
QB,00-0037834,Brock Purdy,SF,TEN,2025_15_TEN_SF,2025,15,NA,NA,20,25,2.732476979241321,3.4035795498317705,-10.045854940587812,16.853014040251352,-13.426417673889707,20.23357677355325,0.3305,0.1605,0.29106848359845283,0.15157537733178733,platt_vol_vegas,platt,2025-12-14T21:25:00Z,2026-07-26 09:37:01,2025-12-10 20:15:00,hindcast
QB,00-0040743,Tyler Shough,NO,CAR,2025_15_CAR_NO,2025,15,NA,NA,20,25,4.457330484157064,-1.0085595858603105,-14.457994076279892,12.440874904559273,-17.83855680958179,15.821437637861166,0.243,0.1035,0.2835928160795035,0.09656968664145435,platt_vol_vegas,platt,2025-12-14T21:25:00Z,2026-07-26 09:37:01,2025-12-10 20:15:00,hindcast
QB,00-0040676,Cam Ward,TEN,SF,2025_15_TEN_SF,2025,15,NA,NA,20,25,3.09523449954326,0.27067543672737304,-13.17875905369221,13.720109927146956,-16.559321786994104,17.10067266044885,0.2815,0.1195,0.2758329718668924,0.11192533928183732,platt_vol_vegas,platt,2025-12-14T21:25:00Z,2026-07-26 09:37:01,2025-12-10 20:15:00,hindcast
QB,00-0033873,Patrick Mahomes,KC,LAC,2025_15_LAC_KC,2025,15,NA,Full Participation in Practice,20,25,2.6955190643510822,1.0159012914114134,-12.433533199008169,14.465335781830996,-15.814095932310064,17.84589851513289,0.28,0.1165,0.2673519462236089,0.10904072809503039,platt_vol_vegas,platt,2025-12-14T18:00:00Z,2026-07-26 09:37:01,2025-12-10 20:15:00,hindcast
QB,00-0039163,C.J. Stroud,HOU,ARI,2025_15_ARI_HOU,2025,15,NA,NA,20,25,2.374737851306567,2.376568979246281,-11.072865511173301,15.826003469665864,-14.453428244475196,19.206566202967757,0.277,0.1295,0.259839630948115,0.12155792706478719,platt_vol_vegas,platt,2025-12-14T18:00:00Z,2026-07-26 09:37:01,2025-12-10 20:15:00,hindcast
QB,00-0039150,Bryce Young,CAR,NO,2025_15_CAR_NO,2025,15,NA,NA,20,25,2.80384766230152,1.0497048433414091,-12.399729647078173,14.499139333760992,-15.780292380380068,17.879702067062887,0.2545,0.1,0.2573366851064655,0.09322045827467096,platt_vol_vegas,platt,2025-12-14T21:25:00Z,2026-07-26 09:37:01,2025-12-10 20:15:00,hindcast
QB,00-0039923,J.J. McCarthy,MIN,DAL,2025_15_MIN_DAL,2025,15,NA,NA,20,25,2.8416371666542237,0.6313277161108704,-12.818106774308712,14.080762206530453,-16.198669507610607,17.46132493983235,0.2395,0.099,0.2507187795565509,0.09226421195549721,platt_vol_vegas,platt,2025-12-15T01:20:00Z,2026-07-26 09:37:01,2025-12-10 20:15:00,hindcast
QB,00-0034869,Sam Darnold,SEA,IND,2025_15_IND_SEA,2025,15,NA,NA,20,25,2.153038976368353,2.340418261603552,-11.109016228816031,15.789852752023133,-14.489578962117925,19.17041548532503,0.2635,0.106,0.24947701692007992,0.09896421186059405,platt_vol_vegas,platt,2025-12-14T21:25:00Z,2026-07-26 09:37:01,2025-12-10 20:15:00,hindcast
QB,00-0033106,Jared Goff,DET,LA,2025_15_DET_LA,2025,15,NA,NA,20,25,1.3804781114521651,3.236179896095122,-10.21325459432446,16.685614386514704,-13.593817327626356,20.0661771198166,0.2835,0.132,0.24431662632525294,0.12397010021562813,platt_vol_vegas,platt,2025-12-14T21:25:00Z,2026-07-26 09:37:01,2025-12-10 20:15:00,hindcast
QB,00-0033077,Dak Prescott,DAL,MIN,2025_15_MIN_DAL,2025,15,NA,NA,20,25,1.7752746574787024,-0.500298320741922,-13.949732811161505,12.94913616967766,-17.3302955444634,16.329698902979555,0.266,0.12,0.24371718444397236,0.11240634360740982,platt_vol_vegas,platt,2025-12-15T01:20:00Z,2026-07-26 09:37:01,2025-12-10 20:15:00,hindcast
QB,00-0036442,Joe Burrow,CIN,BAL,2025_15_BAL_CIN,2025,15,NA,NA,20,25,1.6410442429142071,2.0233983749773494,-11.426036115442233,15.472832865396931,-14.806598848744128,18.853395598698828,0.2665,0.12,0.24151647760783632,0.11240634360740982,platt_vol_vegas,platt,2025-12-14T18:00:00Z,2026-07-26 09:37:01,2025-12-10 20:15:00,hindcast
QB,00-0039918,Caleb Williams,CHI,CLE,2025_15_CLE_CHI,2025,15,NA,NA,20,25,3.091460467241062,-2.154987962043033,-15.604422452462615,11.29444652837655,-18.98498518576451,14.675009261678444,0.194,0.079,0.2316580108349075,0.07320620366646062,platt_vol_vegas,platt,2025-12-14T18:00:00Z,2026-07-26 09:37:01,2025-12-10 20:15:00,hindcast
QB,00-0026498,Matthew Stafford,LA,DET,2025_15_DET_LA,2025,15,NA,NA,20,25,1.2569610358903043,1.6486819935975612,-11.800752496822021,15.098116484017144,-15.181315230123916,18.478679217319037,0.2515,0.123,0.2280054791471867,0.11529376742724379,platt_vol_vegas,platt,2025-12-14T21:25:00Z,2026-07-26 09:37:01,2025-12-10 20:15:00,hindcast
QB,00-0033119,Jacoby Brissett,ARI,HOU,2025_15_ARI_HOU,2025,15,NA,NA,20,25,2.12371749179619,-3.7202780071255575,-17.16971249754514,9.729156483294025,-20.550275230847035,13.10971921659592,0.1995,0.077,0.2179786240858844,0.07130784147978501,platt_vol_vegas,platt,2025-12-14T18:00:00Z,2026-07-26 09:37:01,2025-12-10 20:15:00,hindcast
QB,00-0036264,Jordan Love,GB,DEN,2025_15_GB_DEN,2025,15,NA,Full Participation in Practice,20,25,1.5647796404581285,1.8155644932068538,-11.633869997212729,15.264998983626436,-15.014432730514624,18.64556171692833,0.216,0.093,0.2167990363819208,0.08653319677419186,platt_vol_vegas,platt,2025-12-14T21:25:00Z,2026-07-26 09:37:01,2025-12-10 20:15:00,hindcast
QB,00-0029604,Kirk Cousins,ATL,TB,2025_15_ATL_TB,2025,15,NA,NA,20,25,1.0640881325022706,1.3755926790934823,-12.0738418113261,14.825027169513065,-15.454404544627995,18.20558990281496,0.198,0.0805,0.2000121329544121,0.07463090827948649,platt_vol_vegas,platt,2025-12-12T01:15:00Z,2026-07-26 09:37:01,2025-12-10 20:15:00,hindcast
QB,00-0040668,Shedeur Sanders,CLE,CHI,2025_15_CLE_CHI,2025,15,NA,NA,20,25,2.5030070908838344,-3.1866965361986406,-16.636131026618223,10.262737954220942,-20.016693759920116,13.643300687522837,0.155,0.053,0.19988807992669155,0.0486489788369163,platt_vol_vegas,platt,2025-12-14T18:00:00Z,2026-07-26 09:37:01,2025-12-10 20:15:00,hindcast
QB,00-0036212,Tua Tagovailoa,MIA,PIT,2025_15_MIA_PIT,2025,15,NA,NA,20,25,1.2231006617164508,1.4738124517544726,-11.97562203866511,14.923246942174055,-15.356184771967005,18.30380967547595,0.192,0.0735,0.19958514626155044,0.06798920093605865,platt_vol_vegas,platt,2025-12-16T01:15:00Z,2026-07-26 09:37:01,2025-12-10 20:15:00,hindcast
QB,00-0023459,Aaron Rodgers,PIT,MIA,2025_15_MIA_PIT,2025,15,NA,Full Participation in Practice,20,25,1.3173362299348084,-0.5865523974159569,-14.03598688783554,12.862882093003625,-17.416549621137435,16.24344482630552,0.1805,0.068,0.1952930845633327,0.06278349281304554,platt_vol_vegas,platt,2025-12-16T01:15:00Z,2026-07-26 09:37:01,2025-12-10 20:15:00,hindcast
QB,00-0040398,Brady Cook,NYJ,JAX,2025_15_NYJ_JAX,2025,15,NA,Full Participation in Practice,20,25,1.760277361433143,-6.2080399693710175,-19.6574744597906,7.241394521048565,-23.038037193092496,10.621957254350459,0.122,0.0335,0.16895143238856927,0.030438358980190972,platt_vol_vegas,platt,2025-12-14T18:00:00Z,2026-07-26 09:37:01,2025-12-10 20:15:00,hindcast
QB,00-0022942,Philip Rivers,IND,SEA,2025_15_IND_SEA,2025,15,NA,NA,20,25,2.6773442332924096,-7.979200025962979,-21.428634516382562,5.470234464456603,-24.809197249684455,8.8507971977585,0.0805,0.0215,0.15133616072202735,0.019354122278833884,platt_vol_vegas,platt,2025-12-14T21:25:00Z,2026-07-26 09:37:01,2025-12-10 20:15:00,hindcast
QB,00-0038102,Kenny Pickett,LV,PHI,2025_15_LV_PHI,2025,15,NA,NA,20,25,1.9419335051999695,-7.176107757350047,-20.62554224776963,6.273326733069536,-24.006104981071523,9.653889466371432,0.073,0.013,0.13619840553758952,0.011584734092045867,platt_vol_vegas,platt,2025-12-14T18:00:00Z,2026-07-26 09:37:01,2025-12-10 20:15:00,hindcast
RB,00-0034844,Saquon Barkley,PHI,LV,2025_15_LV_PHI,2025,15,NA,NA,15,20,23.780697974339137,-0.7453618333160676,-7.334710578436683,5.8439869118045475,-9.466871522607674,7.9761478559755385,0.6745,0.438,0.665939741384924,0.4621474359831233,platt_vegas,platt_vegas,2025-12-14T18:00:00Z,2026-07-26 09:37:01,2025-12-10 20:15:00,hindcast
RB,00-0036223,Jonathan Taylor,IND,SEA,2025_15_IND_SEA,2025,15,NA,NA,15,20,23.80970277931266,-1.9722788987789432,-8.566361866300923,4.621804068743036,-10.700054695411634,6.755496897853747,0.624,0.3635,0.6160284509011577,0.39036734451945704,platt_vegas,platt_vegas,2025-12-14T21:25:00Z,2026-07-26 09:37:01,2025-12-10 20:15:00,hindcast
RB,00-0040122,Ashton Jeanty,LV,PHI,2025_15_LV_PHI,2025,15,NA,NA,15,20,23.39726751898601,-1.8731301453707514,-8.399670029291851,4.653409738550349,-10.51150747777647,6.7652471870349675,0.604,0.3465,0.5963269961968468,0.37378855682342005,platt_vegas,platt_vegas,2025-12-14T18:00:00Z,2026-07-26 09:37:01,2025-12-10 20:15:00,hindcast
RB,00-0038120,Breece Hall,NYJ,JAX,2025_15_NYJ_JAX,2025,15,NA,Full Participation in Practice,15,20,21.744528855630406,-1.765540143993801,-8.016363443272345,4.485283155284744,-10.038985378028027,6.507905090040424,0.556,0.3005,0.549169387440064,0.3284844442278531,platt_vegas,platt_vegas,2025-12-14T18:00:00Z,2026-07-26 09:37:01,2025-12-10 20:15:00,hindcast
RB,00-0036997,Javonte Williams,DAL,MIN,2025_15_MIN_DAL,2025,15,NA,NA,15,20,21.87739991208369,-2.08789032059655,-8.361190877010845,4.185410235817745,-10.391085932624247,6.215305291431147,0.5215,0.2855,0.5153667386071493,0.31355641290603264,platt_vegas,platt_vegas,2025-12-15T01:20:00Z,2026-07-26 09:37:01,2025-12-10 20:15:00,hindcast
RB,00-0037248,James Cook,BUF,NE,2025_15_BUF_NE,2025,15,NA,NA,15,20,20.263653876969496,-1.0015439530491363,-6.997913928706985,4.994826022608712,-8.938200649509952,6.935112743411678,0.4975,0.269,0.4918883596322972,0.29703830971271683,platt_vegas,platt_vegas,2025-12-14T18:00:00Z,2026-07-26 09:37:01,2025-12-10 20:15:00,hindcast
RB,00-0038542,Bijan Robinson,ATL,TB,2025_15_ATL_TB,2025,15,NA,NA,15,20,19.374380953364707,-0.8452883673610021,-6.685179855477047,4.994603120755043,-8.574833754639386,6.884257019917381,0.4915,0.2505,0.48602277540966776,0.27838848274993716,platt_vegas,platt_vegas,2025-12-12T01:15:00Z,2026-07-26 09:37:01,2025-12-10 20:15:00,hindcast
RB,00-0033280,Christian McCaffrey,SF,TEN,2025_15_TEN_SF,2025,15,NA,Full Participation in Practice,15,20,20.332763850086753,-1.6711662852389189,-7.6795776641083,4.337245093630462,-9.623760704659048,6.281428134181211,0.4785,0.2475,0.4733189040347766,0.27535060413326945,platt_vegas,platt_vegas,2025-12-14T21:25:00Z,2026-07-26 09:37:01,2025-12-10 20:15:00,hindcast
RB,00-0040583,Woody Marks,HOU,ARI,2025_15_ARI_HOU,2025,15,NA,Full Participation in Practice,15,20,19.621015704783467,-0.9914409316418208,-6.875021259475519,4.892139396191878,-8.778811857323157,6.795929994039517,0.478,0.2345,0.47283041981152085,0.26214052028729584,platt_vegas,platt_vegas,2025-12-14T18:00:00Z,2026-07-26 09:37:01,2025-12-10 20:15:00,hindcast
RB,00-0035700,Josh Jacobs,GB,DEN,2025_15_GB_DEN,2025,15,Questionable,Limited Participation in Practice,15,20,19.106455331157388,-1.1137003024198113,-6.90587176899469,4.6784711641550665,-8.780084572212544,6.552683967372921,0.473,0.23,0.4679460626202961,0.25754989255324195,platt_vegas,platt_vegas,2025-12-14T21:25:00Z,2026-07-26 09:37:01,2025-12-10 20:15:00,hindcast
RB,00-0033923,Kareem Hunt,KC,LAC,2025_15_LAC_KC,2025,15,NA,NA,15,20,19.75932936171729,-1.4997712135072347,-7.407753665889693,4.408211238875223,-9.319440227197482,6.319897800183012,0.47,0.2365,0.4650158599071182,0.26417779691571275,platt_vegas,platt_vegas,2025-12-14T18:00:00Z,2026-07-26 09:37:01,2025-12-10 20:15:00,hindcast
RB,00-0039040,De'Von Achane,MIA,PIT,2025_15_MIA_PIT,2025,15,NA,Full Participation in Practice,15,20,18.327743599327913,-0.5738873672072299,-6.225777839619298,5.078003105204838,-8.054598955656397,6.906824221241938,0.4665,0.2475,0.4615976652118042,0.27535060413326945,platt_vegas,platt_vegas,2025-12-16T01:15:00Z,2026-07-26 09:37:01,2025-12-10 20:15:00,hindcast
RB,00-0038597,Chase Brown,CIN,BAL,2025_15_BAL_CIN,2025,15,NA,NA,15,20,19.029001839456313,-0.9103230771905473,-6.688648235599255,4.868002081218161,-8.55838069354555,6.737734539164455,0.4645,0.2255,0.4596445871084032,0.2529497614260499,platt_vegas,platt_vegas,2025-12-14T18:00:00Z,2026-07-26 09:37:01,2025-12-10 20:15:00,hindcast
RB,00-0039139,Jahmyr Gibbs,DET,LA,2025_15_DET_LA,2025,15,NA,NA,15,20,18.60248636917587,-0.90621701249901,-6.607875542288017,4.795441517289998,-8.452800451326656,6.640366426328636,0.458,0.2165,0.4532979291303611,0.2437202273960582,platt_vegas,platt_vegas,2025-12-14T21:25:00Z,2026-07-26 09:37:01,2025-12-10 20:15:00,hindcast
RB,00-0040734,TreVeyon Henderson,NE,BUF,2025_15_BUF_NE,2025,15,NA,NA,15,20,18.165797675845383,-0.881757402807179,-6.504168716334928,4.74065391072057,-8.323451057954191,6.559936252339833,0.456,0.2285,0.4513453612580306,0.2560175806504145,platt_vegas,platt_vegas,2025-12-14T18:00:00Z,2026-07-26 09:37:01,2025-12-10 20:15:00,hindcast
RB,00-0040784,Quinshon Judkins,CLE,CHI,2025_15_CLE_CHI,2025,15,NA,NA,15,20,19.100013005357784,-1.0658535865459657,-6.856874243163729,4.725167070071796,-8.7307146708799,6.599007497787969,0.45,0.243,0.445488323191715,0.27078642059024216,platt_vegas,platt_vegas,2025-12-14T18:00:00Z,2026-07-26 09:37:01,2025-12-10 20:15:00,hindcast
RB,00-0040202,Devin Neal,NO,CAR,2025_15_CAR_NO,2025,15,NA,Full Participation in Practice,15,20,18.829842562248263,-1.2403143653527304,-6.98292924183724,4.502300511131779,-8.841106677979521,6.360477947274061,0.445,0.2235,0.44060817928532897,0.25090215904453117,platt_vegas,platt_vegas,2025-12-14T21:25:00Z,2026-07-26 09:37:01,2025-12-10 20:15:00,hindcast
RB,00-0036973,Travis Etienne,JAX,NYJ,2025_15_NYJ_JAX,2025,15,NA,NA,15,20,19.157825283322833,-1.3987768164028964,-7.200118939201997,4.4025653063962045,-9.077299154798531,6.279745521992739,0.442,0.2185,0.4376803880864735,0.24577466549853977,platt_vegas,platt_vegas,2025-12-14T18:00:00Z,2026-07-26 09:37:01,2025-12-10 20:15:00,hindcast
RB,00-0032764,Derrick Henry,BAL,CIN,2025_15_BAL_CIN,2025,15,NA,NA,15,20,18.01382974471034,-0.6951085177302763,-6.2897586343871446,4.899541598926591,-8.100058094386222,6.7098410589256705,0.4295,0.2165,0.42548340858541994,0.2437202273960582,platt_vegas,platt_vegas,2025-12-14T18:00:00Z,2026-07-26 09:37:01,2025-12-10 20:15:00,hindcast
RB,00-0036139,Rico Dowdle,CAR,NO,2025_15_CAR_NO,2025,15,NA,NA,15,20,18.056856702871357,-0.9485591857568828,-6.551079111633114,4.653960740119348,-8.363925059988576,6.46680668847481,0.427,0.2,0.42304438924546717,0.2266933688902661,platt_vegas,platt_vegas,2025-12-14T21:25:00Z,2026-07-26 09:37:01,2025-12-10 20:15:00,hindcast
RB,00-0040666,Omarion Hampton,LAC,KC,2025_15_LAC_KC,2025,15,NA,NA,15,20,17.99274830114068,-0.8610709297475092,-6.45186234457774,4.729720485082722,-8.260913217857826,6.538771358362808,0.4265,0.203,0.42255659906740656,0.22979972419501185,platt_vegas,platt_vegas,2025-12-14T18:00:00Z,2026-07-26 09:37:01,2025-12-10 20:15:00,hindcast
RB,00-0039391,Kimani Vidal,LAC,KC,2025_15_LAC_KC,2025,15,NA,NA,15,20,18.212522514597342,-1.4344079858534176,-7.06533570403342,4.196519732326585,-8.887373757345395,6.018557785638561,0.4035,0.192,0.4001223450619279,0.21838590623529391,platt_vegas,platt_vegas,2025-12-14T18:00:00Z,2026-07-26 09:37:01,2025-12-10 20:15:00,hindcast
RB,00-0039361,Bucky Irving,TB,ATL,2025_15_ATL_TB,2025,15,NA,Full Participation in Practice,15,20,17.252445714816172,-0.8900837754520502,-6.344171079851026,4.564003528946926,-8.108987662847875,6.328820111943775,0.403,0.2015,0.3996347159163276,0.22824714714226085,platt_vegas,platt_vegas,2025-12-12T01:15:00Z,2026-07-26 09:37:01,2025-12-10 20:15:00,hindcast
RB,00-0035261,Tony Pollard,TEN,SF,2025_15_TEN_SF,2025,15,NA,Full Participation in Practice,15,20,17.67015892149246,-1.5326266787588319,-7.064138482657269,3.998885125139605,-8.854007844060629,5.788754486542965,0.369,0.1705,0.366478973532662,0.19587826339026707,platt_vegas,platt_vegas,2025-12-14T21:25:00Z,2026-07-26 09:37:01,2025-12-10 20:15:00,hindcast
RB,00-0036275,D'Andre Swift,CHI,CLE,2025_15_CLE_CHI,2025,15,NA,NA,15,20,16.070417495376212,-1.0328741193422173,-6.2635834626576985,4.1978352239732635,-7.956120100726232,5.890371862041797,0.341,0.1585,0.33917179268528874,0.18319245525395564,platt_vegas,platt_vegas,2025-12-14T18:00:00Z,2026-07-26 09:37:01,2025-12-10 20:15:00,hindcast
RB,00-0033293,Aaron Jones,MIN,DAL,2025_15_MIN_DAL,2025,15,NA,Full Participation in Practice,15,20,15.201651830014201,-0.609346484134922,-5.671545450427794,4.45285248215795,-7.3095560255312755,6.090863057261432,0.3135,0.1395,0.3123408583248078,0.16290753797187812,platt_vegas,platt_vegas,2025-12-15T01:20:00Z,2026-07-26 09:37:01,2025-12-10 20:15:00,hindcast
RB,00-0037840,Kyren Williams,LA,DET,2025_15_DET_LA,2025,15,NA,NA,15,20,15.829656643804126,-0.8740074502961126,-6.058400620327896,4.31038571973567,-7.73595041529876,5.987935514706534,0.3135,0.129,0.3123408583248078,0.15158376335707818,platt_vegas,platt_vegas,2025-12-14T21:25:00Z,2026-07-26 09:37:01,2025-12-10 20:15:00,hindcast
RB,00-0040730,RJ Harvey,DEN,GB,2025_15_GB_DEN,2025,15,NA,NA,15,20,14.976215093488896,-0.6796777204997628,-5.697508386464461,4.338152945464936,-7.321162405134498,5.961806964134972,0.3045,0.1195,0.3035558433018762,0.1412626394319901,platt_vegas,platt_vegas,2025-12-14T21:25:00Z,2026-07-26 09:37:01,2025-12-10 20:15:00,hindcast
RB,00-0038134,Kenneth Walker III,SEA,IND,2025_15_IND_SEA,2025,15,NA,NA,15,20,15.275081510141307,-1.1054650112099127,-6.182057248703004,3.971127226283179,-7.824725153673067,5.613795131253242,0.3,0.11,0.2991624089005495,0.130864369470722,platt_vegas,platt_vegas,2025-12-14T21:25:00Z,2026-07-26 09:37:01,2025-12-10 20:15:00,hindcast
RB,00-0040236,Kyle Monangai,CHI,CLE,2025_15_CLE_CHI,2025,15,NA,NA,15,20,15.100038198088432,-0.9956596319141439,-6.037893672700396,4.046574408872108,-7.669444059389958,5.67812479556167,0.2995,0.1275,0.2986742086004354,0.14995903003369165,platt_vegas,platt_vegas,2025-12-14T18:00:00Z,2026-07-26 09:37:01,2025-12-10 20:15:00,hindcast
RB,00-0039384,Tyrone Tracy Jr.,NYG,WAS,2025_15_WAS_NYG,2025,15,NA,Full Participation in Practice,15,20,14.412053609147637,-0.6412912918005926,-5.546869793914852,4.264287210313667,-7.134201607019761,5.851619023418576,0.295,0.118,0.29428002032507805,0.13962607350564815,platt_vegas,platt_vegas,2025-12-14T18:00:00Z,2026-07-26 09:37:01,2025-12-10 20:15:00,hindcast
RB,00-0037228,Jaylen Warren,PIT,MIA,2025_15_MIA_PIT,2025,15,NA,NA,15,20,14.755577793204864,-0.9221786925139408,-5.896319184739673,4.051961799711791,-7.505836073065948,5.661478688038066,0.2875,0.11,0.2869547384185788,0.130864369470722,platt_vegas,platt_vegas,2025-12-16T01:15:00Z,2026-07-26 09:37:01,2025-12-10 20:15:00,hindcast
RB,00-0036875,Rhamondre Stevenson,NE,BUF,2025_15_BUF_NE,2025,15,NA,NA,15,20,14.861582879425548,-1.2409456225690219,-6.236110288789941,3.754219043651897,-7.852430113856996,5.370538868718952,0.2685,0.099,0.26838688513906983,0.11872028925283082,platt_vegas,platt_vegas,2025-12-14T18:00:00Z,2026-07-26 09:37:01,2025-12-10 20:15:00,hindcast
RB,00-0037197,Isiah Pacheco,KC,LAC,2025_15_LAC_KC,2025,15,NA,NA,15,20,14.040619448909245,-1.289046395470981,-6.119732659254572,3.5416398683126094,-7.682831075135142,5.104738284193179,0.253,0.0935,0.25322629113456563,0.11260333707632648,platt_vegas,platt_vegas,2025-12-14T18:00:00Z,2026-07-26 09:37:01,2025-12-10 20:15:00,hindcast
RB,00-0035250,Devin Singletary,NYG,WAS,2025_15_WAS_NYG,2025,15,NA,NA,15,20,13.728587345260976,-0.915033707730505,-5.682173684488586,3.8521062690275767,-7.22470999073075,5.3946425752697404,0.247,0.0855,0.2473540094711284,0.10364849364191664,platt_vegas,platt_vegas,2025-12-14T18:00:00Z,2026-07-26 09:37:01,2025-12-10 20:15:00,hindcast
RB,00-0039738,Blake Corum,LA,DET,2025_15_DET_LA,2025,15,NA,NA,15,20,12.573654695386521,-0.7242359927115813,-5.250825711021883,3.80235372559872,-6.715525513838363,5.2670535284152,0.2005,0.0625,0.20175667924934831,0.07747322224437612,platt_vegas,platt_vegas,2025-12-14T21:25:00Z,2026-07-26 09:37:01,2025-12-10 20:15:00,hindcast
RB,00-0039165,Zach Charbonnet,SEA,IND,2025_15_IND_SEA,2025,15,NA,NA,15,20,12.786839077029397,-0.8160158099416167,-5.387669708800656,3.7556380889174226,-6.866951238805009,5.234919618921775,0.1945,0.0655,0.1958596894266626,0.08092755966718297,platt_vegas,platt_vegas,2025-12-14T21:25:00Z,2026-07-26 09:37:01,2025-12-10 20:15:00,hindcast
RB,00-0033526,Samaje Perine,CIN,BAL,2025_15_BAL_CIN,2025,15,NA,NA,15,20,11.366106446073887,-0.34419527138241607,-4.609346343927927,3.920955801163095,-5.989450644008358,5.301060101243526,0.1935,0.0615,0.19487650867935247,0.07631882013752056,platt_vegas,platt_vegas,2025-12-14T18:00:00Z,2026-07-26 09:37:01,2025-12-10 20:15:00,hindcast
RB,00-0036555,Chuba Hubbard,CAR,NO,2025_15_CAR_NO,2025,15,NA,NA,15,20,12.15586170779722,-0.5959368506204319,-5.03329035083308,3.841416649592216,-6.469115376127089,5.277241674886225,0.1905,0.057,0.19192635021883037,0.07110497504687452,platt_vegas,platt_vegas,2025-12-14T21:25:00Z,2026-07-26 09:37:01,2025-12-10 20:15:00,hindcast
RB,00-0040242,Jacory Croskey-Merritt,WAS,NYG,2025_15_WAS_NYG,2025,15,NA,NA,15,20,12.154492964735455,-0.7350990626731372,-5.172158161525773,3.7019600361794986,-6.607887925344633,5.137689799998359,0.1845,0.0655,0.1860231778100899,0.08092755966718297,platt_vegas,platt_vegas,2025-12-14T18:00:00Z,2026-07-26 09:37:01,2025-12-10 20:15:00,hindcast
RB,00-0035685,David Montgomery,DET,LA,2025_15_DET_LA,2025,15,NA,NA,15,20,11.47316757674298,-0.5500983234273422,-4.838875208567845,3.7386785617131606,-6.226624275504278,5.126427628649594,0.178,0.0505,0.17962357865119208,0.06351544619128564,platt_vegas,platt_vegas,2025-12-14T21:25:00Z,2026-07-26 09:37:01,2025-12-10 20:15:00,hindcast
RB,00-0037525,Jordan Mason,MIN,DAL,2025_15_MIN_DAL,2025,15,NA,NA,15,20,11.058414080544535,-0.3846288318929679,-4.581365403555676,3.81210773976974,-5.939332352519991,5.170074688734055,0.1775,0.0455,0.17913110067869498,0.05762609654266285,platt_vegas,platt_vegas,2025-12-15T01:20:00Z,2026-07-26 09:37:01,2025-12-10 20:15:00,hindcast
RB,00-0039032,Tyjae Spears,TEN,SF,2025_15_TEN_SF,2025,15,NA,NA,15,20,11.14718422106329,-0.6216551220954936,-4.838208851776549,3.594898607585562,-6.202588175011155,4.959277930820169,0.1525,0.044,0.15446691977986043,0.05584990912997259,platt_vegas,platt_vegas,2025-12-14T21:25:00Z,2026-07-26 09:37:01,2025-12-10 20:15:00,hindcast
RB,00-0036919,Kenneth Gainwell,PIT,MIA,2025_15_MIA_PIT,2025,15,NA,NA,15,20,10.920571381671154,-0.6773077740310425,-4.843142158547139,3.488526610485054,-6.191109874040582,4.836494325978497,0.151,0.051,0.15298434870334937,0.06410184600975384,platt_vegas,platt_vegas,2025-12-16T01:15:00Z,2026-07-26 09:37:01,2025-12-10 20:15:00,hindcast
RB,00-0036924,Michael Carter,ARI,HOU,2025_15_ARI_HOU,2025,15,NA,NA,15,20,10.766424973567544,-0.7597642520201476,-4.8908509977243435,3.3713224936840485,-6.227575180473863,4.708046676433568,0.14,0.0395,0.14210164431678446,0.05049342510171656,platt_vegas,platt_vegas,2025-12-14T18:00:00Z,2026-07-26 09:37:01,2025-12-10 20:15:00,hindcast
RB,00-0039405,Jawhar Jordan,HOU,ARI,2025_15_ARI_HOU,2025,15,NA,NA,15,20,10.228199068284034,-0.7331960868489072,-4.741320945241973,3.2749287715441584,-6.038257503464791,4.571865329766977,0.125,0.029,0.12722909085919754,0.03781005205888665,platt_vegas,platt_vegas,2025-12-14T18:00:00Z,2026-07-26 09:37:01,2025-12-10 20:15:00,hindcast
RB,00-0037746,Brian Robinson,SF,TEN,2025_15_TEN_SF,2025,15,NA,NA,15,20,9.658357343242598,-0.6949269565061027,-4.569932657708268,3.180078744696062,-5.823794933651889,4.433941020639684,0.114,0.0315,0.1162957310478588,0.040855924902481904,platt_vegas,platt_vegas,2025-12-14T21:25:00Z,2026-07-26 09:37:01,2025-12-10 20:15:00,hindcast
RB,00-0035537,Ty Johnson,BUF,NE,2025_15_BUF_NE,2025,15,NA,NA,15,20,8.694891144157667,0.08413016631394826,-3.558217134427933,3.72647746705583,-4.736796529773978,4.905056862401874,0.107,0.0295,0.10932495716153684,0.03842065211867788,platt_vegas,platt_vegas,2025-12-14T18:00:00Z,2026-07-26 09:37:01,2025-12-10 20:15:00,hindcast
RB,00-0038555,Tank Bigsby,PHI,LV,2025_15_LV_PHI,2025,15,NA,NA,15,20,8.5175800230225,-0.28045833023453665,-3.8788559640896905,3.3179393036206175,-5.043214263107423,4.482297602638349,0.1015,0.028,0.10384011538974924,0.03658663590003337,platt_vegas,platt_vegas,2025-12-14T18:00:00Z,2026-07-26 09:37:01,2025-12-10 20:15:00,hindcast
RB,00-0033955,Jeremy McNichols,WAS,NYG,2025_15_WAS_NYG,2025,15,NA,NA,15,20,8.931968258699575,-0.37516811642338393,-4.075708077131488,3.325371844284721,-5.27311727214617,4.522781039299401,0.095,0.027,0.09734853787580905,0.03536018502968423,platt_vegas,platt_vegas,2025-12-14T18:00:00Z,2026-07-26 09:37:01,2025-12-10 20:15:00,hindcast
RB,00-0039373,Audric Estimé,NO,CAR,2025_15_CAR_NO,2025,15,NA,NA,15,20,8.652052307898177,-0.6001364484372108,-4.231899386424777,3.0316264895503555,-5.407053926636177,4.206781029761755,0.0935,0.025,0.09584894509080634,0.032897762678323415,platt_vegas,platt_vegas,2025-12-14T21:25:00Z,2026-07-26 09:37:01,2025-12-10 20:15:00,hindcast
RB,00-0038454,Keaton Mitchell,BAL,CIN,2025_15_BAL_CIN,2025,15,NA,Full Participation in Practice,15,20,8.736322581261792,-0.4971875626962986,-4.149751135581756,3.155376010189159,-5.331636280449054,4.337261155056456,0.093,0.0275,0.09534894853040939,0.035973796016654035,platt_vegas,platt_vegas,2025-12-14T18:00:00Z,2026-07-26 09:37:01,2025-12-10 20:15:00,hindcast
RB,00-0038738,Hunter Luepke,DAL,MIN,2025_15_MIN_DAL,2025,15,NA,Full Participation in Practice,15,20,8.501906029954338,-0.5231941681029031,-4.1176887314217065,3.0713003952159,-5.280784087031546,4.2343957508257395,0.091,0.025,0.09334829024857137,0.032897762678323415,platt_vegas,platt_vegas,2025-12-15T01:20:00Z,2026-07-26 09:37:01,2025-12-10 20:15:00,hindcast
RB,00-0040238,LeQuint Allen Jr.,JAX,NYJ,2025_15_NYJ_JAX,2025,15,NA,NA,15,20,8.250283304668267,-0.3812268415539197,-3.912653243105228,3.1501995599973887,-5.05534119935851,4.29288751625067,0.09,0.024,0.09234755220763773,0.0316615625176697,platt_vegas,platt_vegas,2025-12-14T18:00:00Z,2026-07-26 09:37:01,2025-12-10 20:15:00,hindcast
RB,00-0037563,Malik Davis,DAL,MIN,2025_15_MIN_DAL,2025,15,NA,NA,15,20,9.048401588137398,-0.5601580871636743,-4.289045076014406,3.1687289016870572,-5.49562671410759,4.375310539780242,0.0885,0.0255,0.0908459246665567,0.03351459303717058,platt_vegas,platt_vegas,2025-12-15T01:20:00Z,2026-07-26 09:37:01,2025-12-10 20:15:00,hindcast
RB,00-0032104,Ameer Abdullah,IND,SEA,2025_15_IND_SEA,2025,15,NA,NA,15,20,8.691453145992012,-0.6107108376889444,-4.252209490257972,3.030787814880083,-5.43051428267139,4.209092607293502,0.086,0.021,0.08834179542073291,0.02793142591460713,platt_vegas,platt_vegas,2025-12-14T21:25:00Z,2026-07-26 09:37:01,2025-12-10 20:15:00,hindcast
RB,00-0033854,Dare Ogunbowale,HOU,ARI,2025_15_ARI_HOU,2025,15,NA,NA,15,20,7.98055341396634,-0.5734045516155396,-4.036340200548419,2.88953109731734,-5.156866132386461,4.010057029155381,0.0825,0.014,0.08483294478859424,0.01907910129474714,platt_vegas,platt_vegas,2025-12-14T18:00:00Z,2026-07-26 09:37:01,2025-12-10 20:15:00,hindcast
RB,00-0039798,Isaiah Davis,NYJ,JAX,2025_15_NYJ_JAX,2025,15,NA,NA,15,20,8.3757219824017,-0.5154289966749247,-4.078393358237368,3.0475353648875187,-5.231286269364888,4.200428276015038,0.081,0.0145,0.08332801984925559,0.019719525890559125,platt_vegas,platt_vegas,2025-12-14T18:00:00Z,2026-07-26 09:37:01,2025-12-10 20:15:00,hindcast
TE,00-0037744,Trey McBride,ARI,HOU,2025_15_ARI_HOU,2025,15,NA,NA,12,17,8.669562093789237,2.196514589932728,-2.764927064768666,7.920766983059567,-4.764539290560341,9.655466011498476,0.669,0.39,0.6785122510086915,0.4238780924408349,platt_vol_vegas,platt_vegas,2025-12-14T18:00:00Z,2026-07-26 09:37:01,2025-12-10 20:15:00,hindcast
TE,00-0033288,George Kittle,SF,TEN,2025_15_TEN_SF,2025,15,NA,NA,12,17,8.063329334297743,2.7670907804064644,-2.0052118153956497,8.273124400465191,-3.9285952349508646,9.941693589122242,0.6455,0.3645,0.5957427553636169,0.39718002093045135,platt_vol_vegas,platt_vegas,2025-12-14T21:25:00Z,2026-07-26 09:37:01,2025-12-10 20:15:00,hindcast
TE,00-0036970,Kyle Pitts,ATL,TB,2025_15_ATL_TB,2025,15,Questionable,Limited Participation in Practice,12,17,7.713067258489922,1.637643548881487,-3.0223662866994343,7.014119643897491,-4.900492300880664,8.643427231670485,0.5565,0.251,0.5535241432139176,0.27618775788264166,platt_vol_vegas,platt_vegas,2025-12-12T01:15:00Z,2026-07-26 09:37:01,2025-12-10 20:15:00,hindcast
TE,00-0040663,Harold Fannin Jr.,CLE,CHI,2025_15_CLE_CHI,2025,15,NA,NA,12,17,7.517532320754602,1.9056822942243405,-2.6906099553787683,7.2086443646075775,-4.543055840116487,8.815673985172099,0.5495,0.2645,0.5245987690032167,0.2907558715579075,platt_vol_vegas,platt_vegas,2025-12-14T18:00:00Z,2026-07-26 09:37:01,2025-12-10 20:15:00,hindcast
TE,00-0039847,Theo Johnson,NYG,WAS,2025_15_WAS_NYG,2025,15,NA,Full Participation in Practice,12,17,7.285984556267772,1.481894877664147,-3.037941857742309,6.69664656675766,-4.8595738396758,8.276944580779947,0.4905,0.2205,0.4957905236731979,0.24311036160410401,platt_vol_vegas,platt_vegas,2025-12-14T18:00:00Z,2026-07-26 09:37:01,2025-12-10 20:15:00,hindcast
TE,00-0033090,Hunter Henry,NE,BUF,2025_15_BUF_NE,2025,15,NA,NA,12,17,7.245660556563422,1.2956484094556744,-3.210759003083658,6.494906046837954,-5.026978558537486,8.07050868500953,0.48,0.221,0.49079395313808927,0.24365439967690233,platt_vol_vegas,platt_vegas,2025-12-14T18:00:00Z,2026-07-26 09:37:01,2025-12-10 20:15:00,hindcast
TE,00-0030506,Travis Kelce,KC,LAC,2025_15_LAC_KC,2025,15,NA,NA,12,17,7.087260213941963,1.3357672179745124,-3.1175485677850525,6.473770507769917,-4.912370579261841,8.030810397489976,0.468,0.2075,0.4679542411026337,0.2289451366581165,platt_vol_vegas,platt_vegas,2025-12-14T18:00:00Z,2026-07-26 09:37:01,2025-12-10 20:15:00,hindcast
TE,00-0040128,Tyler Warren,IND,SEA,2025_15_IND_SEA,2025,15,NA,NA,12,17,7.0670991204314975,1.3778836195272322,-3.068635382583672,6.508045135142032,-4.860718083064625,8.062708624047085,0.471,0.2185,0.4645523542288099,0.2409336277600178,platt_vol_vegas,platt_vegas,2025-12-14T21:25:00Z,2026-07-26 09:37:01,2025-12-10 20:15:00,hindcast
TE,00-0039338,Brock Bowers,LV,PHI,2025_15_LV_PHI,2025,15,NA,NA,12,17,6.590195407371219,1.5071427247367204,-2.7758900284279964,6.4486823403264015,-4.502082787054681,7.946185137451206,0.4445,0.1795,0.39607586415985657,0.19830783711097055,platt_vol_vegas,platt_vegas,2025-12-14T18:00:00Z,2026-07-26 09:37:01,2025-12-10 20:15:00,hindcast
TE,00-0035689,Dawson Knox,BUF,NE,2025_15_BUF_NE,2025,15,NA,Full Participation in Practice,12,17,6.530980517152432,1.1792828910073159,-3.0830727681120287,6.096966354835145,-4.800932027541401,7.587239693780701,0.3995,0.158,0.3923281722222731,0.1746722389506838,platt_vol_vegas,platt_vegas,2025-12-14T18:00:00Z,2026-07-26 09:37:01,2025-12-10 20:15:00,hindcast
TE,00-0034383,Dalton Schultz,HOU,ARI,2025_15_ARI_HOU,2025,15,NA,NA,12,17,6.499688433695884,0.9466124454750423,-3.3047812930826157,5.851648617572849,-5.018222564374903,7.338089273546075,0.371,0.1445,0.39095642986809603,0.15978640947157205,platt_vol_vegas,platt_vegas,2025-12-14T18:00:00Z,2026-07-26 09:37:01,2025-12-10 20:15:00,hindcast
TE,00-0038933,Dalton Kincaid,BUF,NE,2025_15_BUF_NE,2025,15,NA,Full Participation in Practice,12,17,6.352808822938977,1.12246533031245,-3.0771446954763917,5.967756157735891,-4.769715552007016,7.436091359189883,0.404,0.163,0.36619131473566136,0.18017696603800107,platt_vol_vegas,platt_vegas,2025-12-14T18:00:00Z,2026-07-26 09:37:01,2025-12-10 20:15:00,hindcast
TE,00-0034351,Dallas Goedert,PHI,LV,2025_15_LV_PHI,2025,15,NA,NA,12,17,6.2217195697876875,1.5426640540138394,-2.610258303236233,6.334089086581198,-4.284012606171922,7.786100594461663,0.4065,0.1515,0.3475283911196298,0.16750910045132417,platt_vol_vegas,platt_vegas,2025-12-14T18:00:00Z,2026-07-26 09:37:01,2025-12-10 20:15:00,hindcast
TE,00-0036040,Juwan Johnson,NO,CAR,2025_15_CAR_NO,2025,15,NA,NA,12,17,6.184157511522383,1.0122510335544033,-3.1272096322341043,5.78814466921591,-4.795538463159884,7.235449484017076,0.361,0.1345,0.34717310456825884,0.1487393730081163,platt_vol_vegas,platt_vegas,2025-12-14T21:25:00Z,2026-07-26 09:37:01,2025-12-10 20:15:00,hindcast
TE,00-0034753,Mark Andrews,BAL,CIN,2025_15_BAL_CIN,2025,15,NA,Full Participation in Practice,12,17,6.086135273481064,1.2446210746732134,-2.859530118465757,5.979776483951943,-4.51362815557995,7.414735833027075,0.357,0.1445,0.33414236091644944,0.15978640947157205,platt_vol_vegas,platt_vegas,2025-12-14T18:00:00Z,2026-07-26 09:37:01,2025-12-10 20:15:00,hindcast
TE,00-0039793,AJ Barner,SEA,IND,2025_15_IND_SEA,2025,15,NA,Full Participation in Practice,12,17,5.948570511943813,1.1532601126816018,-2.900889659343887,5.8307264923619755,-4.53483559956287,7.248203540391819,0.344,0.1205,0.3170639065459617,0.13324681872828903,platt_vol_vegas,platt_vegas,2025-12-14T21:25:00Z,2026-07-26 09:37:01,2025-12-10 20:15:00,hindcast
TE,00-0038935,Brenton Strange,JAX,NYJ,2025_15_NYJ_JAX,2025,15,NA,NA,12,17,5.874243837565695,1.2948975849584836,-2.732013028675485,5.940936845575253,-4.354980757735147,7.348890100948482,0.331,0.125,0.30868075554616814,0.13822977401709063,platt_vol_vegas,platt_vegas,2025-12-14T18:00:00Z,2026-07-26 09:37:01,2025-12-10 20:15:00,hindcast
TE,00-0038041,Jake Ferguson,DAL,MIN,2025_15_MIN_DAL,2025,15,Questionable,Limited Participation in Practice,12,17,5.864676929413995,1.1284263369854586,-2.8949666221255095,5.770407111435732,-4.516516629184221,7.177130467858594,0.3505,0.118,0.3053823797083788,0.13047727086436067,platt_vol_vegas,platt_vegas,2025-12-15T01:20:00Z,2026-07-26 09:37:01,2025-12-10 20:15:00,hindcast
TE,00-0040126,Colston Loveland,CHI,CLE,2025_15_CLE_CHI,2025,15,NA,NA,12,17,5.58458933255413,1.1098579173664282,-2.8093422425557515,5.631626478993875,-4.388899375446543,7.001920273184184,0.3015,0.102,0.27522352341336664,0.11273314778856233,platt_vol_vegas,platt_vegas,2025-12-14T18:00:00Z,2026-07-26 09:37:01,2025-12-10 20:15:00,hindcast
TE,00-0035229,T.J. Hockenson,MIN,DAL,2025_15_MIN_DAL,2025,15,NA,Full Participation in Practice,12,17,5.376611684836809,0.8406469237796151,-2.9996082916008504,5.2713329293338775,-4.547348205373389,6.6140247223060715,0.263,0.082,0.2545799479703822,0.09051627213531165,platt_vol_vegas,platt_vegas,2025-12-15T01:20:00Z,2026-07-26 09:37:01,2025-12-10 20:15:00,hindcast
TE,00-0040189,Oronde Gadsden II,LAC,KC,2025_15_LAC_KC,2025,15,NA,NA,12,17,5.356786087914435,0.9672959789961367,-2.8653604013032585,5.389214845294298,-4.410037752903876,6.729249811329927,0.2855,0.0875,0.24992165103044325,0.09662901075837764,platt_vol_vegas,platt_vegas,2025-12-14T18:00:00Z,2026-07-26 09:37:01,2025-12-10 20:15:00,hindcast
TE,00-0033881,Evan Engram,DEN,GB,2025_15_GB_DEN,2025,15,NA,NA,12,17,5.2946127211061675,0.8053648173357308,-3.0033765025283614,5.1996917352737135,-4.538415355774037,6.531365133243161,0.2655,0.0975,0.24491582012475532,0.10773736503104345,platt_vol_vegas,platt_vegas,2025-12-14T21:25:00Z,2026-07-26 09:37:01,2025-12-10 20:15:00,hindcast
TE,00-0037252,Greg Dulcich,MIA,PIT,2025_15_MIA_PIT,2025,15,NA,NA,12,17,4.9945789083775365,0.8665958897836182,-2.824859275634902,5.125604165078787,-4.312628233421216,6.416270091364419,0.2415,0.071,0.21495442200872966,0.07828657851373357,platt_vol_vegas,platt_vegas,2025-12-16T01:15:00Z,2026-07-26 09:37:01,2025-12-10 20:15:00,hindcast
TE,00-0040584,Gunnar Helm,TEN,SF,2025_15_TEN_SF,2025,15,NA,NA,12,17,4.99467237598378,0.7597963718106376,-2.93169583227754,5.018847380389433,-4.419479717776771,6.309526256730461,0.25,0.0705,0.2141050191280721,0.07773060831166481,platt_vol_vegas,platt_vegas,2025-12-14T21:25:00Z,2026-07-26 09:37:01,2025-12-10 20:15:00,hindcast
TE,00-0031610,Darren Waller,MIA,PIT,2025_15_MIA_PIT,2025,15,NA,Full Participation in Practice,12,17,4.973259857828635,0.9947600494421135,-2.6882385389705714,5.244011567622656,-4.172599238442855,6.531720769444535,0.253,0.071,0.2116139242378582,0.07828657851373357,platt_vol_vegas,platt_vegas,2025-12-16T01:15:00Z,2026-07-26 09:37:01,2025-12-10 20:15:00,hindcast
TE,00-0036290,Cole Kmet,CHI,CLE,2025_15_CLE_CHI,2025,15,NA,NA,12,17,4.7531036719856425,0.983500211134026,-2.6111654358654928,5.130837792506077,-4.059925267307305,6.387662610652222,0.2215,0.0615,0.19302006486515205,0.06772326333731418,platt_vol_vegas,platt_vegas,2025-12-14T18:00:00Z,2026-07-26 09:37:01,2025-12-10 20:15:00,hindcast
TE,00-0036244,Colby Parkinson,LA,DET,2025_15_DET_LA,2025,15,NA,NA,12,17,4.740418243596268,0.7843576244925328,-2.8051610380677836,4.925756883892063,-4.251846477885774,6.180782130557283,0.2125,0.0595,0.19272896179233248,0.06549964650018505,platt_vol_vegas,platt_vegas,2025-12-14T21:25:00Z,2026-07-26 09:37:01,2025-12-10 20:15:00,hindcast
TE,00-0037809,Chig Okonkwo,TEN,SF,2025_15_TEN_SF,2025,15,NA,Full Participation in Practice,12,17,4.576413939944988,0.5477123740940194,-2.9746784622358344,4.611663051672376,-4.394309341834608,5.843217988083547,0.186,0.0465,0.18031747714515667,0.051052877771553054,platt_vol_vegas,platt_vegas,2025-12-14T21:25:00Z,2026-07-26 09:37:01,2025-12-10 20:15:00,hindcast
TE,00-0038558,Darnell Washington,PIT,MIA,2025_15_MIA_PIT,2025,15,Questionable,Limited Participation in Practice,12,17,4.449939592554926,0.9478036546523927,-2.5220550884413195,4.9511455452387665,-3.9205139331373187,6.164333366315175,0.183,0.0435,0.1694773347439643,0.04772173962514739,platt_vol_vegas,platt_vegas,2025-12-16T01:15:00Z,2026-07-26 09:37:01,2025-12-10 20:15:00,hindcast
TE,00-0039144,Luke Musgrave,GB,DEN,2025_15_GB_DEN,2025,15,NA,NA,12,17,4.336799460788341,0.7563773374949679,-2.665897817761224,4.704819768305495,-4.045179026074707,5.901370650093669,0.1825,0.0465,0.16000877019939255,0.051052877771553054,platt_vol_vegas,platt_vegas,2025-12-14T21:25:00Z,2026-07-26 09:37:01,2025-12-10 20:15:00,hindcast
TE,00-0034613,Tanner Hudson,CIN,BAL,2025_15_BAL_CIN,2025,15,NA,NA,12,17,4.2564975538556755,0.9751388244771921,-2.4130133601715515,4.884211953025505,-3.778541971164389,6.06883221301465,0.193,0.0475,0.15252503881055243,0.052163552266377027,platt_vol_vegas,platt_vegas,2025-12-14T18:00:00Z,2026-07-26 09:37:01,2025-12-10 20:15:00,hindcast
TE,00-0039359,Cade Stover,HOU,ARI,2025_15_ARI_HOU,2025,15,NA,NA,12,17,4.147921078575895,0.6863786828620471,-2.655157219051344,4.541668377767911,-4.001898047104067,5.7099899032362496,0.1345,0.04,0.15015092114313708,0.04383738052702465,platt_vol_vegas,platt_vegas,2025-12-14T18:00:00Z,2026-07-26 09:37:01,2025-12-10 20:15:00,hindcast
TE,00-0036894,Pat Freiermuth,PIT,MIA,2025_15_MIA_PIT,2025,15,NA,NA,12,17,4.116931744016335,0.9337668548127264,-2.394360555864462,4.773586532455699,-3.735697353219791,5.937219965563174,0.176,0.041,0.14335163292487862,0.04494695597948644,platt_vol_vegas,platt_vegas,2025-12-16T01:15:00Z,2026-07-26 09:37:01,2025-12-10 20:15:00,hindcast
TE,00-0039074,Davis Allen,LA,DET,2025_15_DET_LA,2025,15,NA,NA,12,17,4.014422373964925,0.5863918094745717,-2.6970447411449734,4.374649505653256,-4.020369759591701,5.522657401483954,0.137,0.0305,0.13974166046132744,0.03330891883302643,platt_vol_vegas,platt_vegas,2025-12-14T21:25:00Z,2026-07-26 09:37:01,2025-12-10 20:15:00,hindcast
TE,00-0038115,Daniel Bellinger,NYG,WAS,2025_15_WAS_NYG,2025,15,NA,NA,12,17,4.029234129690114,1.0938054293604638,-2.196121027398212,4.889550840468313,-3.52206167584993,6.0398278416634845,0.172,0.042,0.13725592318435761,0.04605673032718034,platt_vol_vegas,platt_vegas,2025-12-14T18:00:00Z,2026-07-26 09:37:01,2025-12-10 20:15:00,hindcast
TE,00-0037005,Tommy Tremble,CAR,NO,2025_15_CAR_NO,2025,15,NA,NA,12,17,3.8526249676784268,0.6226204657975007,-2.589185870734476,4.328234960070866,-3.8836417294099004,5.451198348390963,0.1395,0.033,0.12800339275430067,0.036077018819248526,platt_vol_vegas,platt_vegas,2025-12-14T21:25:00Z,2026-07-26 09:37:01,2025-12-10 20:15:00,hindcast
TE,00-0037306,John FitzPatrick,GB,DEN,2025_15_GB_DEN,2025,15,NA,NA,12,17,3.7494288184305464,0.6728467396740845,-2.49254242044767,4.324907518789551,-3.768290742101337,5.431641787344551,0.1245,0.0275,0.12268142463067173,0.029990231100034404,platt_vol_vegas,platt_vegas,2025-12-14T21:25:00Z,2026-07-26 09:37:01,2025-12-10 20:15:00,hindcast
WR,00-0036900,Ja'Marr Chase,CIN,BAL,2025_15_BAL_CIN,2025,15,NA,NA,15,20,10.573673895127493,1.6036932744753793,-5.097201451300397,8.601678319799403,-7.2041478941986625,10.494305761067602,0.568,0.33,0.5344898954949766,0.37751004016064255,strat_platt,strat_iso,2025-12-14T18:00:00Z,2026-07-26 09:37:01,2025-12-10 20:15:00,hindcast
WR,00-0038117,Wan'Dale Robinson,NYG,WAS,2025_15_WAS_NYG,2025,15,NA,NA,15,20,10.196496842568678,1.2467292108119041,-5.33997030664618,8.125456098418436,-7.411010620914268,9.985829789438622,0.5275,0.282,0.4980941253445222,0.2648809523809524,strat_platt,strat_iso,2025-12-14T18:00:00Z,2026-07-26 09:37:01,2025-12-10 20:15:00,hindcast
WR,00-0038543,Jaxon Smith-Njigba,SEA,IND,2025_15_IND_SEA,2025,15,NA,Full Participation in Practice,15,20,8.780797385376246,1.7594263445116376,-4.377460042042291,8.16839722309607,-6.307066679926554,9.901723898780046,0.455,0.2245,0.45798180246182585,0.24342745861733203,strat_platt,strat_iso,2025-12-14T21:25:00Z,2026-07-26 09:37:01,2025-12-10 20:15:00,hindcast
WR,00-0039064,Zay Flowers,BAL,CIN,2025_15_BAL_CIN,2025,15,NA,NA,15,20,8.822755300205229,1.6089352300781585,-4.541810468879774,8.032379886405826,-6.47577485750713,9.769621041580432,0.449,0.2355,0.4518290771321424,0.24342745861733203,strat_platt,strat_iso,2025-12-14T18:00:00Z,2026-07-26 09:37:01,2025-12-10 20:15:00,hindcast
WR,00-0039075,Puka Nacua,LA,DET,2025_15_DET_LA,2025,15,NA,NA,15,20,9.10615996150741,1.4430564760454356,-4.800406168314693,7.963328768670221,-6.763523326281956,9.7267572678220091,0.466,0.25,0.4434507339510801,0.2648809523809524,strat_platt,strat_iso,2025-12-14T21:25:00Z,2026-07-26 09:37:01,2025-12-10 20:15:00,hindcast
WR,00-0036554,Nico Collins,HOU,ARI,2025_15_ARI_HOU,2025,15,NA,NA,15,20,8.436631052198903,1.642825687616752,-4.37903546858759,7.931671586662999,-6.272474995981909,9.632510077364689,0.419,0.2015,0.42105982892103655,0.22075782537067545,strat_platt,strat_iso,2025-12-14T18:00:00Z,2026-07-26 09:37:01,2025-12-10 20:15:00,hindcast
WR,00-0036613,Jaylen Waddle,MIA,PIT,2025_15_MIA_PIT,2025,15,NA,NA,15,20,8.19864757002077,1.8028726512741762,-4.1379988771826675,8.007138173072706,-6.005973027925441,9.68510163018472,0.412,0.1975,0.4138797672046202,0.22075782537067545,strat_platt,strat_iso,2025-12-16T01:15:00Z,2026-07-26 09:37:01,2025-12-10 20:15:00,hindcast
WR,00-0040129,Emeka Egbuka,TB,ATL,2025_15_ATL_TB,2025,15,NA,NA,15,20,8.275768166466799,0.9776200161797829,-4.989630941090141,7.209434522985945,-6.865899513097228,8.894848691219352,0.39,0.1725,0.391315135912158,0.20042194092827004,strat_platt,strat_iso,2025-12-12T01:15:00Z,2026-07-26 09:37:01,2025-12-10 20:15:00,hindcast
WR,00-0037247,George Pickens,DAL,MIN,2025_15_MIN_DAL,2025,15,NA,NA,15,20,8.293466405293229,1.3044085401756333,-4.668877884097636,7.542526101955708,-6.547044173686379,9.229644951569565,0.3785,0.1755,0.3795219000518465,0.20498614958448755,strat_platt,strat_iso,2025-12-15T01:20:00Z,2026-07-26 09:37:01,2025-12-10 20:15:00,hindcast
WR,00-0036259,Jauan Jennings,SF,TEN,2025_15_TEN_SF,2025,15,NA,NA,15,20,7.863566831101833,1.5172730599422897,-4.307436065699059,7.600226012151446,-6.138885547509313,9.245380096752864,0.371,0.18,0.37183180297266877,0.20498614958448755,strat_platt,strat_iso,2025-12-14T21:25:00Z,2026-07-26 09:37:01,2025-12-10 20:15:00,hindcast
WR,00-0036358,CeeDee Lamb,DAL,MIN,2025_15_MIN_DAL,2025,15,NA,Full Participation in Practice,15,20,8.255890246094708,0.89903921535257,-5.0614248456037005,7.123765922566177,-6.935559429892495,8.807263172726708,0.3585,0.168,0.35901758462629685,0.20042194092827004,strat_platt,strat_iso,2025-12-15T01:20:00Z,2026-07-26 09:37:01,2025-12-10 20:15:00,hindcast
WR,00-0037240,Jameson Williams,DET,LA,2025_15_DET_LA,2025,15,NA,NA,15,20,7.536376667458575,1.4933283937575692,-4.215409509899599,7.455168433386341,-6.010394435312895,9.067567143353926,0.3535,0.1625,0.35389298182331835,0.20042194092827004,strat_platt,strat_iso,2025-12-14T21:25:00Z,2026-07-26 09:37:01,2025-12-10 20:15:00,hindcast
WR,00-0038559,Michael Wilson,ARI,HOU,2025_15_ARI_HOU,2025,15,NA,NA,15,20,8.282661437948244,0.810878318325023,-5.158724195311635,7.045148639908329,-7.035732161612309,8.731226991104085,0.3485,0.1435,0.34876908822406666,0.20042194092827004,strat_platt,strat_iso,2025-12-14T18:00:00Z,2026-07-26 09:37:01,2025-12-10 20:15:00,hindcast
WR,00-0034960,Jakobi Meyers,JAX,NYJ,2025_15_NYJ_JAX,2025,15,NA,NA,15,20,7.789016479671913,1.2281322627930904,-4.570379836458303,7.2837267193966255,-6.393592249365726,8.92148161134478,0.3365,0.155,0.33647500170996314,0.20042194092827004,strat_platt,strat_iso,2025-12-14T18:00:00Z,2026-07-26 09:37:01,2025-12-10 20:15:00,hindcast
WR,00-0035640,DK Metcalf,PIT,MIA,2025_15_MIA_PIT,2025,15,NA,Limited Participation in Practice,15,20,7.648799042640828,1.2784265187863342,-4.470452799759407,7.282187679785335,-6.278059295093365,8.90592409112841,0.3325,0.15,0.33237810607293605,0.20042194092827004,strat_platt,strat_iso,2025-12-16T01:15:00Z,2026-07-26 09:37:01,2025-12-10 20:15:00,hindcast
WR,00-0036252,Michael Pittman,IND,SEA,2025_15_IND_SEA,2025,15,NA,NA,15,20,8.382069671160906,0.033018917505291276,-5.970381549865084,6.302585656129939,-7.858016526633865,7.998210036223761,0.3245,0.1365,0.3241862087893812,0.19865319865319866,strat_platt,strat_iso,2025-12-14T21:25:00Z,2026-07-26 09:37:01,2025-12-10 20:15:00,hindcast
WR,00-0038124,Christian Watson,GB,DEN,2025_15_GB_DEN,2025,15,NA,NA,15,20,6.936764957377842,1.8245632161171572,-3.6645435235773274,7.557034542492486,-5.390470342782692,9.107399750236182,0.3195,0.1355,0.31906765047638547,0.19865319865319866,strat_platt,strat_iso,2025-12-14T21:25:00Z,2026-07-26 09:37:01,2025-12-10 20:15:00,hindcast
WR,00-0035659,Terry McLaurin,WAS,NYG,2025_15_WAS_NYG,2025,15,NA,Did Not Participate In Practice,15,20,7.21498358581853,1.4551260762233833,-4.137083390614353,7.295271283805235,-5.895428555891024,8.874757237157768,0.318,0.1415,0.3175323019437724,0.20042194092827004,strat_platt,strat_iso,2025-12-14T18:00:00Z,2026-07-26 09:37:01,2025-12-10 20:15:00,hindcast
WR,00-0037239,Chris Olave,NO,CAR,2025_15_CAR_NO,2025,15,NA,NA,15,20,7.5233160211214765,0.8834022942421397,-4.820651793472371,6.840350856648371,-6.614163997742681,8.45142665095384,0.3065,0.125,0.3057648936352002,0.144880174291939,strat_platt,strat_iso,2025-12-14T21:25:00Z,2026-07-26 09:37:01,2025-12-10 20:15:00,hindcast
WR,00-0036963,Amon-Ra St. Brown,DET,LA,2025_15_DET_LA,2025,15,NA,NA,15,20,7.47545905311492,0.6147134912023066,-5.072141398861393,6.553700313739835,-6.8602457001882815,8.159918298040244,0.289,0.1155,0.2878715993811028,0.144880174291939,strat_platt,strat_iso,2025-12-14T21:25:00Z,2026-07-26 09:37:01,2025-12-10 20:15:00,hindcast
WR,00-0034348,Courtland Sutton,DEN,GB,2025_15_GB_DEN,2025,15,NA,NA,15,20,7.037960076000183,1.3490142448054767,-4.177841360085573,7.120908066971908,-5.915637465483931,8.6819352148104,0.287,0.121,0.28582781318396583,0.144880174291939,strat_platt,strat_iso,2025-12-14T21:25:00Z,2026-07-26 09:37:01,2025-12-10 20:15:00,hindcast
WR,00-0031381,Davante Adams,LA,DET,2025_15_DET_LA,2025,15,Questionable,Limited Participation in Practice,15,20,6.811796933766568,1.0579626144095051,-4.384124649055796,6.7413298129099255,-6.095267245818904,8.278414652191318,0.2835,0.1035,0.28225180391690685,0.1251788268955651,strat_platt,strat_iso,2025-12-14T21:25:00Z,2026-07-26 09:37:01,2025-12-10 20:15:00,hindcast
WR,00-0039915,Ladd McConkey,LAC,KC,2025_15_LAC_KC,2025,15,NA,Limited Participation in Practice,15,20,6.976073149248579,1.0728595049060625,-4.430944624614826,6.8206798433789615,-6.16149270926039,8.375196240544195,0.2815,0.107,0.28020873062070767,0.14082503556187767,strat_platt,strat_iso,2025-12-14T18:00:00Z,2026-07-26 09:37:01,2025-12-10 20:15:00,hindcast
WR,00-0031408,Mike Evans,TB,ATL,2025_15_ATL_TB,2025,15,Questionable,Limited Participation in Practice,15,20,6.77230970736639,0.9207811006400916,-4.506354679810001,6.588533928399337,-6.21279611721393,8.121395811165177,0.2775,0.0985,0.27612339376804607,0.1251788268955651,strat_platt,strat_iso,2025-12-12T01:15:00Z,2026-07-26 09:37:01,2025-12-10 20:15:00,hindcast
WR,00-0036322,Justin Jefferson,MIN,DAL,2025_15_MIN_DAL,2025,15,NA,Limited Participation in Practice,15,20,6.962174265488053,1.096019264001444,-4.402593050404497,6.83841760346983,-6.131508684931638,8.391467603659933,0.271,0.108,0.2694871117330839,0.14082503556187767,strat_platt,strat_iso,2025-12-15T01:20:00Z,2026-07-26 09:37:01,2025-12-10 20:15:00,hindcast
WR,00-0039067,Rashee Rice,KC,LAC,2025_15_LAC_KC,2025,15,NA,Full Participation in Practice,15,20,7.221096458326815,0.6485803795544782,-4.945870675370215,6.491066558089055,-6.704920657874963,8.071185634524252,0.2695,0.1095,0.26795609733058773,0.14082503556187767,strat_platt,strat_iso,2025-12-14T18:00:00Z,2026-07-26 09:37:01,2025-12-10 20:15:00,hindcast
WR,00-0033555,Mack Hollins,NE,BUF,2025_15_BUF_NE,2025,15,NA,NA,15,20,6.478803737403567,1.2446150107782181,-4.069917575673331,6.794772278555538,-5.740953457735284,8.295830065949412,0.266,0.087,0.2643843865433497,0.10277777777777777,strat_platt,strat_iso,2025-12-14T18:00:00Z,2026-07-26 09:37:01,2025-12-10 20:15:00,hindcast
WR,00-0040124,Tetairoa McMillan,CAR,NO,2025_15_CAR_NO,2025,15,NA,NA,15,20,6.797575486611341,1.1261031429523987,-4.310604571334163,6.803852285022446,-6.02005568920223,8.339417702970717,0.261,0.1,0.25928358198209855,0.1251788268955651,strat_platt,strat_iso,2025-12-14T21:25:00Z,2026-07-26 09:37:01,2025-12-10 20:15:00,hindcast
WR,00-0039893,Brian Thomas Jr.,JAX,NYJ,2025_15_NYJ_JAX,2025,15,NA,NA,15,20,6.590226168728481,1.1779601485412583,-4.179629810306962,6.773083776850077,-5.8642041198960255,8.286302860291983,0.2555,0.0945,0.2536750135552625,0.1251788268955651,strat_platt,strat_iso,2025-12-14T18:00:00Z,2026-07-26 09:37:01,2025-12-10 20:15:00,hindcast
WR,00-0035719,Deebo Samuel Sr.,WAS,NYG,2025_15_WAS_NYG,2025,15,Questionable,Did Not Participate In Practice,15,20,6.862715586336995,0.69637193458941,-4.764927980834973,6.399803595612052,-6.482111566206382,7.942314932966519,0.2395,0.092,0.23737401676224987,0.1251788268955651,strat_platt,strat_iso,2025-12-14T18:00:00Z,2026-07-26 09:37:01,2025-12-10 20:15:00,hindcast
WR,00-0038563,Tre Tucker,LV,PHI,2025_15_LV_PHI,2025,15,NA,NA,15,20,6.720890875586392,0.559699413213129,-4.847898085879304,6.207047711973241,-6.548196147795105,7.734391124599493,0.2375,0.0825,0.23533804500910882,0.09750566893424037,strat_platt,strat_iso,2025-12-14T18:00:00Z,2026-07-26 09:37:01,2025-12-10 20:15:00,hindcast
WR,00-0039146,Jayden Reed,GB,DEN,2025_15_GB_DEN,2025,15,NA,Full Participation in Practice,15,20,6.067174003235804,1.3803571687494427,-3.771626294022677,6.760758548217762,-5.3915522404792835,8.215905312588635,0.2335,0.0755,0.2312672680722395,0.07338551859099804,strat_platt,strat_iso,2025-12-14T21:25:00Z,2026-07-26 09:37:01,2025-12-10 20:15:00,hindcast
WR,00-0037614,John Metchie III,NYJ,JAX,2025_15_NYJ_JAX,2025,15,NA,NA,15,20,6.425400171054017,0.6637497104766182,-4.630007656349258,6.192210670193084,-6.294511235355864,7.687400621667872,0.233,0.084,0.23075853216766312,0.10277777777777777,strat_platt,strat_iso,2025-12-14T18:00:00Z,2026-07-26 09:37:01,2025-12-10 20:15:00,hindcast
WR,00-0038606,Parker Washington,JAX,NYJ,2025_15_NYJ_JAX,2025,15,Questionable,Full Participation in Practice,15,20,6.469723370455531,0.9886744573564057,-4.32233203959584,6.535149303219279,-5.992259221695782,8.035211167826741,0.233,0.081,0.23075853216766312,0.09750566893424037,strat_platt,strat_iso,2025-12-14T18:00:00Z,2026-07-26 09:37:01,2025-12-10 20:15:00,hindcast
WR,00-0036309,Darnell Mooney,ATL,TB,2025_15_ATL_TB,2025,15,NA,NA,15,20,6.2113202819433155,1.1823262379726023,-4.027222030457324,6.6228446116060065,-5.665247942288749,8.094250209356273,0.2255,0.0745,0.22313055200201046,0.07338551859099804,strat_platt,strat_iso,2025-12-12T01:15:00Z,2026-07-26 09:37:01,2025-12-10 20:15:00,hindcast
WR,00-0033921,Chris Godwin Jr.,TB,ATL,2025_15_ATL_TB,2025,15,NA,Limited Participation in Practice,15,20,6.443401484538641,1.037724365474391,-4.263046055403469,6.573509309432701,-5.92975473236988,8.07068005587429,0.2235,0.0825,0.22109741742498346,0.09750566893424037,strat_platt,strat_iso,2025-12-12T01:15:00Z,2026-07-26 09:37:01,2025-12-10 20:15:00,hindcast
WR,00-0036407,Jerry Jeudy,CLE,CHI,2025_15_CLE_CHI,2025,15,NA,NA,15,20,6.433903958679188,0.7948109519922822,-4.50226065682882,6.326733093665536,-6.167806325088954,7.822859132872465,0.2225,0.081,0.22008101120773974,0.09750566893424037,strat_platt,strat_iso,2025-12-14T18:00:00Z,2026-07-26 09:37:01,2025-12-10 20:15:00,hindcast
WR,00-0039894,Xavier Worthy,KC,LAC,2025_15_LAC_KC,2025,15,NA,NA,15,20,6.34501262535773,0.8999538084084269,-4.362358687559345,6.395575760048747,-6.0169751303679995,7.881884296741079,0.2205,0.088,0.21804852499931246,0.1111111111111111,strat_platt,strat_iso,2025-12-14T18:00:00Z,2026-07-26 09:37:01,2025-12-10 20:15:00,hindcast
WR,00-0039890,Adonai Mitchell,NYJ,JAX,2025_15_NYJ_JAX,2025,15,NA,NA,15,20,6.707317799666579,0.2069704193250929,-5.195456416483094,5.848918808697229,-6.894128679000456,7.374801798555804,0.22,0.072,0.21754047201151577,0.07338551859099804,strat_platt,strat_iso,2025-12-14T18:00:00Z,2026-07-26 09:37:01,2025-12-10 20:15:00,hindcast
WR,00-0039424,Devaughn Vele,NO,CAR,2025_15_CAR_NO,2025,15,NA,NA,15,20,6.2816146190012985,1.1584671722101758,-4.078897865244576,6.6280355968608236,-5.72567013781561,8.10729787383652,0.213,0.072,0.21043067947824737,0.07338551859099804,strat_platt,strat_iso,2025-12-14T21:25:00Z,2026-07-26 09:37:01,2025-12-10 20:15:00,hindcast
WR,00-0031588,Stefon Diggs,NE,BUF,2025_15_BUF_NE,2025,15,NA,NA,15,20,5.969647860678538,0.8833902273663362,-4.229236567035789,6.222690024440355,-5.83678768955918,7.666720734373391,0.207,0.0735,0.20434110402695782,0.07338551859099804,strat_platt,strat_iso,2025-12-14T18:00:00Z,2026-07-26 09:37:01,2025-12-10 20:15:00,hindcast
WR,00-0033908,Cooper Kupp,SEA,IND,2025_15_IND_SEA,2025,15,NA,Limited Participation in Practice,15,20,6.1772245514454065,0.5646527755553307,-4.631343454003851,5.991018268232955,-6.265108230380798,7.45859617405527,0.2065,0.0705,0.20383383467839697,0.07338551859099804,strat_platt,strat_iso,2025-12-14T21:25:00Z,2026-07-26 09:37:01,2025-12-10 20:15:00,hindcast
WR,00-0037816,Romeo Doubs,GB,DEN,2025_15_GB_DEN,2025,15,NA,NA,15,20,5.72807006283507,1.2579728486043489,-3.755681782380363,6.49391246053261,-5.332113322192488,7.909989077755469,0.203,0.066,0.2002838114895794,0.06609071274298056,strat_platt,strat_iso,2025-12-14T21:25:00Z,2026-07-26 09:37:01,2025-12-10 20:15:00,hindcast
WR,00-0030279,Keenan Allen,LAC,KC,2025_15_LAC_KC,2025,15,NA,Full Participation in Practice,15,20,6.129681205562834,0.7882319385964044,-4.38880127421404,6.1947936717683865,-6.016603554190067,7.6570155874824195,0.1985,0.07,0.1957217604143237,0.07338551859099804,strat_platt,strat_iso,2025-12-14T18:00:00Z,2026-07-26 09:37:01,2025-12-10 20:15:00,hindcast
WR,00-0039916,Ricky Pearsall,SF,TEN,2025_15_TEN_SF,2025,15,NA,NA,15,20,6.036626876986119,0.7363204949665089,-4.403371756854093,6.1038857213616,-6.019433006989835,7.555560907072422,0.1965,0.0585,0.19369502032135827,0.06609071274298056,strat_platt,strat_iso,2025-12-14T21:25:00Z,2026-07-26 09:37:01,2025-12-10 20:15:00,hindcast
WR,00-0037261,Khalil Shakir,BUF,NE,2025_15_BUF_NE,2025,15,NA,NA,15,20,6.026504074630147,0.3371124832250225,-4.798499443602324,5.700416479672263,-6.413277726823612,7.1509392021124984,0.196,0.0595,0.19318841729279762,0.06609071274298056,strat_platt,strat_iso,2025-12-14T18:00:00Z,2026-07-26 09:37:01,2025-12-10 20:15:00,hindcast
WR,00-0036040,Juwan Johnson,NO,CAR,2025_15_CAR_NO,2025,15,NA,NA,15,20,6.000604808608669,0.7756621909258663,-4.349493728775997,6.128046603572384,-5.960984354464744,7.575616089643203,0.1935,0.0595,0.19065590023225387,0.06609071274298056,strat_platt,strat_iso,2025-12-14T21:25:00Z,2026-07-26 09:37:01,2025-12-10 20:15:00,hindcast
WR,00-0040735,Luther Burden III,CHI,CLE,2025_15_CLE_CHI,2025,15,NA,NA,15,20,6.067654646964,0.6715085519590143,-4.480668046043494,6.052111629485472,-6.100654719552727,7.507312943741379,0.1915,0.063,0.1886304917156729,0.06609071274298056,strat_platt,strat_iso,2025-12-14T18:00:00Z,2026-07-26 09:37:01,2025-12-10 20:15:00,hindcast
WR,00-0039491,Jalen Coker,CAR,NO,2025_15_CAR_NO,2025,15,NA,NA,15,20,5.700167385797076,1.0197840977995218,-3.982298504991231,6.243638625039929,-5.555091479411992,7.656446792450142,0.191,0.0525,0.18812422467572576,0.06609071274298056,strat_platt,strat_iso,2025-12-14T21:25:00Z,2026-07-26 09:37:01,2025-12-10 20:15:00,hindcast
WR,00-0035535,Darius Slayton,NYG,WAS,2025_15_WAS_NYG,2025,15,NA,NA,15,20,5.713101515188839,1.1536989996475806,-3.8537514533530843,6.38315936566501,-5.428232228189852,7.797483650104912,0.1905,0.0625,0.18761799192442433,0.06609071274298056,strat_platt,strat_iso,2025-12-14T18:00:00Z,2026-07-26 09:37:01,2025-12-10 20:15:00,hindcast
WR,00-0039868,Troy Franklin,DEN,GB,2025_15_GB_DEN,2025,15,NA,NA,15,20,6.056469424111636,0.5781655054806648,-4.569514486715496,5.954072616054158,-6.188087303121088,7.40800389102577,0.1885,0.0525,0.1855934063597088,0.06609071274298056,strat_platt,strat_iso,2025-12-14T21:25:00Z,2026-07-26 09:37:01,2025-12-10 20:15:00,hindcast
WR,00-0038997,Josh Downs,IND,SEA,2025_15_IND_SEA,2025,15,NA,Full Participation in Practice,15,20,6.08977587785331,0.12408926617515979,-5.036967516224843,5.513966239226994,-6.659746365062039,6.971675708193879,0.176,0.0545,0.17295274616927947,0.06609071274298056,strat_platt,strat_iso,2025-12-14T21:25:00Z,2026-07-26 09:37:01,2025-12-10 20:15:00,hindcast
WR,00-0040705,Chimere Dike,TEN,SF,2025_15_TEN_SF,2025,15,NA,NA,15,20,6.045060924431008,0.5269853755542021,-4.616103741847869,5.898098070684871,-6.233233060375484,7.350732680663181,0.1745,0.0565,0.1714374341075733,0.06609071274298056,strat_platt,strat_iso,2025-12-14T21:25:00Z,2026-07-26 09:37:01,2025-12-10 20:15:00,hindcast
WR,00-0034827,DJ Moore,CHI,CLE,2025_15_CLE_CHI,2025,15,NA,NA,15,20,5.921234205847054,0.40007987371712594,-4.692883771693233,5.718844738036711,-6.2942522568943255,7.157321709717389,0.167,0.049,0.163866187903026,0.06609071274298056,strat_platt,strat_iso,2025-12-14T18:00:00Z,2026-07-26 09:37:01,2025-12-10 20:15:00,hindcast
WR,00-0036415,Van Jefferson,TEN,SF,2025_15_TEN_SF,2025,15,NA,NA,15,20,5.576621944374467,0.7591594795405553,-4.191323200332891,5.929126353908848,-5.747891733318056,7.32736043321931,0.167,0.0505,0.163866187903026,0.06609071274298056,strat_platt,strat_iso,2025-12-14T21:25:00Z,2026-07-26 09:37:01,2025-12-10 20:15:00,hindcast
WR,00-0039410,Ryan Flournoy,DAL,MIN,2025_15_MIN_DAL,2025,15,NA,NA,15,20,5.33377659830032,0.5244010192001887,-4.322869561140752,5.586579790847416,-5.846985358353548,6.955662232975053,0.14,0.0445,0.13669018768231464,0.06609071274298056,strat_platt,strat_iso,2025-12-15T01:20:00Z,2026-07-26 09:37:01,2025-12-10 20:15:00,hindcast
WR,00-0035359,David Sills,ATL,TB,2025_15_ATL_TB,2025,15,NA,NA,15,20,5.228832121555132,0.5281978526699593,-4.273704808249365,5.542997276537149,-5.78355567811158,6.899265822496516,0.138,0.0415,0.13468265825463177,0.05778491171749599,strat_platt,strat_iso,2025-12-12T01:15:00Z,2026-07-26 09:37:01,2025-12-10 20:15:00,hindcast
WR,00-0031610,Darren Waller,MIA,PIT,2025_15_MIA_PIT,2025,15,NA,Full Participation in Practice,15,20,5.061638648656319,0.871870367233035,-3.856751558795922,5.810140087551753,-5.3435609409122815,7.145710930376595,0.1335,0.036,0.13016875038722162,0.04932735426008968,strat_platt,strat_iso,2025-12-16T01:15:00Z,2026-07-26 09:37:01,2025-12-10 20:15:00,hindcast
WR,00-0039342,Xavier Legette,CAR,NO,2025_15_CAR_NO,2025,15,NA,NA,15,20,5.421306852283686,0.38464920443835554,-4.500102639243972,5.48597100564758,-6.036003581232835,6.86563980533437,0.129,0.0275,0.12565917196703552,0.03816793893129771,strat_platt,strat_iso,2025-12-14T21:25:00Z,2026-07-26 09:37:01,2025-12-10 20:15:00,hindcast
WR,00-0032211,Tyler Lockett,LV,PHI,2025_15_LV_PHI,2025,15,NA,NA,15,20,5.187769025258429,0.5644592423092817,-4.219561232084973,5.560583656494741,-5.723789448431187,6.911801486346445,0.127,0.035,0.12365634783062822,0.04932735426008968,strat_platt,strat_iso,2025-12-14T18:00:00Z,2026-07-26 09:37:01,2025-12-10 20:15:00,hindcast
WR,00-0037545,Rashid Shaheed,SEA,IND,2025_15_IND_SEA,2025,15,NA,NA,15,20,5.081682338101847,0.5681937623355692,-4.169279892388404,5.515707660867491,-5.658872502573655,6.8537786212611715,0.1235,0.036,0.12015358838646203,0.04932735426008968,strat_platt,strat_iso,2025-12-14T21:25:00Z,2026-07-26 09:37:01,2025-12-10 20:15:00,hindcast
WR,00-0037291,Jalen Nailor,MIN,DAL,2025_15_MIN_DAL,2025,15,NA,NA,15,20,4.9644770219626695,0.7568800853354175,-3.92856912504155,5.650062988018202,-5.401803812524473,6.97343995678579,0.137,0.0355,0.10867812995060211,0.032,strat_platt,strat_iso,2025-12-15T01:20:00Z,2026-07-26 09:37:01,2025-12-10 20:15:00,hindcast
WR,00-0040782,Isaiah Bond,CLE,CHI,2025_15_CLE_CHI,2025,15,NA,NA,15,20,4.744366798843484,0.5854691580387293,-4.000500022119566,5.374761492033606,-5.4424554395368965,6.670040924165406,0.117,0.0295,0.10127750481016858,0.024051803885291396,strat_platt,strat_iso,2025-12-14T18:00:00Z,2026-07-26 09:37:01,2025-12-10 20:15:00,hindcast
WR,00-0035208,Olamide Zaccheaus,CHI,CLE,2025_15_CLE_CHI,2025,15,NA,Full Participation in Practice,15,20,4.880600258715619,0.6079829613032324,-4.039837155171051,5.461868449659066,-5.501240215864974,6.774617307013961,0.114,0.027,0.10011797383941853,0.024051803885291396,strat_platt,strat_iso,2025-12-14T18:00:00Z,2026-07-26 09:37:01,2025-12-10 20:15:00,hindcast
WR,00-0040727,Tre Harris,LAC,KC,2025_15_LAC_KC,2025,15,NA,NA,15,20,4.964659290366247,0.6101641809884192,-4.075366433097688,5.503432096488522,-5.548626716155893,6.826832057244501,0.11,0.029,0.09854898520669583,0.024051803885291396,strat_platt,strat_iso,2025-12-14T18:00:00Z,2026-07-26 09:37:01,2025-12-10 20:15:00,hindcast
WR,00-0040729,Jack Bech,LV,PHI,2025_15_LV_PHI,2025,15,NA,NA,15,20,4.80488092458794,0.339591422667237,-4.273965543429725,5.157694672417849,-5.72459532297773,6.460766108878639,0.11,0.0285,0.09854898520669583,0.024051803885291396,strat_platt,strat_iso,2025-12-14T18:00:00Z,2026-07-26 09:37:01,2025-12-10 20:15:00,hindcast
WR,00-0035406,Lil'Jordan Humphrey,DEN,GB,2025_15_GB_DEN,2025,15,NA,NA,15,20,4.872328444688082,0.5135099622361241,-4.130580830337999,5.363500783692912,-5.590811288559058,6.67519631592636,0.1095,0.025,0.09835094306347779,0.024051803885291396,strat_platt,strat_iso,2025-12-14T21:25:00Z,2026-07-26 09:37:01,2025-12-10 20:15:00,hindcast
WR,00-0040667,Matthew Golden,GB,DEN,2025_15_GB_DEN,2025,15,NA,Full Participation in Practice,15,20,4.903090542432815,0.6353573212140992,-4.022585674963984,5.499814496438899,-5.487171648724989,6.815422500325132,0.1075,0.029,0.09755435929968491,0.024051803885291396,strat_platt,strat_iso,2025-12-14T21:25:00Z,2026-07-26 09:37:01,2025-12-10 20:15:00,hindcast
WR,00-0038640,Jalen Brooks,ARI,HOU,2025_15_ARI_HOU,2025,15,NA,NA,15,20,4.551635889076823,0.5071814757133335,-3.989666047039152,5.203400861801518,-5.403599152997973,6.473508417442151,0.106,0.027,0.09695218277527581,0.024051803885291396,strat_platt,strat_iso,2025-12-14T18:00:00Z,2026-07-26 09:37:01,2025-12-10 20:15:00,hindcast
WR,00-0039451,Isaiah Williams,NYJ,JAX,2025_15_NYJ_JAX,2025,15,NA,NA,15,20,4.861540943859035,0.036498921106600274,-4.602723342751321,4.881405363156909,-6.061423001029904,6.191725808715523,0.1045,0.024,0.09634583071398255,0.024051803885291396,strat_platt,strat_iso,2025-12-14T18:00:00Z,2026-07-26 09:37:01,2025-12-10 20:15:00,hindcast
WR,00-0038976,Marvin Mims Jr.,DEN,GB,2025_15_GB_DEN,2025,15,NA,NA,15,20,4.4928390543117835,0.6822700888611902,-3.7869946066404188,5.349683737729404,-5.192254909617011,6.612000689592611,0.103,0.022,0.09573519657347904,0.0165016501650165,strat_platt,strat_iso,2025-12-14T21:25:00Z,2026-07-26 09:37:01,2025-12-10 20:15:00,hindcast
WR,00-0031236,Brandin Cooks,BUF,NE,2025_15_BUF_NE,2025,15,NA,NA,15,20,4.621983473092741,0.4306947070527549,-4.09890885508484,5.161122401604479,-5.523141364853188,6.440481703697575,0.0995,0.0205,0.09429310198712303,0.0165016501650165,strat_platt,strat_iso,2025-12-14T18:00:00Z,2026-07-26 09:37:01,2025-12-10 20:15:00,hindcast
WR,00-0033307,Kendrick Bourne,SF,TEN,2025_15_TEN_SF,2025,15,NA,NA,15,20,4.456943399543967,0.677369852743544,-3.774961875995773,5.327099796222434,-5.17489798637607,6.58463413339493,0.093,0.023,0.09154624141376633,0.0165016501650165,strat_platt,strat_iso,2025-12-14T21:25:00Z,2026-07-26 09:37:01,2025-12-10 20:15:00,hindcast
WR,00-0038104,Tyquan Thornton,KC,LAC,2025_15_LAC_KC,2025,15,NA,NA,15,20,4.533974819357496,0.6289732585598786,-3.8596089107548153,5.316560839177446,-5.270943161226762,6.584333895416384,0.092,0.0245,0.09111518349536399,0.024051803885291396,strat_platt,strat_iso,2025-12-14T18:00:00Z,2026-07-26 09:37:01,2025-12-10 20:15:00,hindcast
WR,00-0037231,Kevin Austin Jr.,NO,CAR,2025_15_CAR_NO,2025,15,NA,NA,15,20,4.4310272080530675,0.16251045872700465,-4.2775511879771795,4.799426314818958,-5.6736292455517,6.053495041066845,0.0785,0.0145,0.0850430488321341,0.015625,strat_platt,strat_iso,2025-12-14T21:25:00Z,2026-07-26 09:37:01,2025-12-10 20:15:00,hindcast
