position,player_id,player_name,posteam,defteam,game_id,season,week,report_status,practice_status,thresh_start,thresh_boom,pred_vol,pred_tot,lo_80_tot,hi_80_tot,lo_90_tot,hi_90_tot,p_start,p_boom,p_start_recal,p_boom_recal,recal_method_start,recal_method_boom,p_start_recal_preoverride,p_boom_recal_preoverride,override_flag_type,override_confidence,override_reason,kickoff_et,run_ts,as_of,run_mode
QB,00-0034857,Josh Allen,BUF,NE,2026_04_NE_BUF,2026,4,NA,NA,20,25,6.032480281900971,8.612458107447722,-4.799315076942726,22.02423129183817,-8.068319480796681,25.293235695692125,0.6205,0.3895,0.6291705300250072,0.3786767825792254,platt_vol_vegas,platt,0.6291705300250072,0.3786767825792254,NA,NA,NA,2026-10-04 13:00:00,2026-09-29 23:42:19,2026-09-29 23:42:07,live
QB,00-0033873,Patrick Mahomes,KC,LV,2026_04_KC_LV,2026,4,NA,NA,20,25,2.8892618933490013,4.351484956072669,-9.06028822831778,17.763258140463115,-12.329292632171734,21.03226254431707,0.4165,0.2085,0.4963088930268392,0.28346486829044265,platt_vol_vegas,platt,0.4113088930268391,0.19846486829044263,role_change_up,0.85,Waiving a backup QB who started recent games suggests the starter's role is secure and opportunity should increase.,2026-10-04 16:25:00,2026-09-29 23:42:19,2026-09-29 23:42:07,live
QB,00-0039910,Jayden Daniels,WAS,IND,2026_04_IND_WAS,2026,4,NA,NA,20,25,5.522213006686118,4.167893517757753,-9.243879666632694,17.579666702148202,-12.512884070486647,20.84867110600216,0.4025,0.2085,0.48272205029021814,0.28346486829044265,platt_vol_vegas,platt,0.3977220502902181,0.19846486829044263,role_change_up,0.85,Mariota's early exit likely increases snap share and opportunity for backup QB Jayden Daniels in upcoming games.,2026-10-04 09:30:00,2026-09-29 23:42:19,2026-09-29 23:42:07,live
QB,00-0039918,Caleb Williams,CHI,NYJ,2026_04_NYJ_CHI,2026,4,NA,NA,20,25,4.9316035987203835,4.136121810357043,-9.275651374033403,17.54789499474749,-12.54465577788736,20.816899398601446,0.418,0.215,0.4686797517393709,0.2898488946124029,platt_vol_vegas,platt,0.38367975173937086,0.20484889461240288,role_change_up,0.85,"Bagent expected to return in Week 4, pushing Keenum to backup and implying Williams' hamstring recovery is progressing toward his starter role reinstatement.",2026-10-04 13:00:00,2026-09-29 23:42:19,2026-09-29 23:42:07,live
QB,00-0040743,Tyler Shough,NO,ATL,2026_04_ATL_NO,2026,4,NA,NA,20,25,3.1204404646472335,5.753504256323809,-7.658268928066639,19.165277440714256,-10.927273331920595,22.43428184456821,0.4905,0.2755,0.4522851086993244,0.26461685302492244,platt_vol_vegas,platt,0.4522851086993244,0.26461685302492244,NA,NA,NA,2026-10-05 20:15:00,2026-09-29 23:42:19,2026-09-29 23:42:07,live
QB,00-0034796,Lamar Jackson,BAL,TEN,2026_04_TEN_BAL,2026,4,NA,NA,20,25,3.711653753859408,6.92214796223604,-6.489625222154408,20.333921146626487,-9.758629626008364,23.60292555048044,0.4385,0.241,0.45167156469760233,0.23045995519065135,platt_vol_vegas,platt,0.45167156469760233,0.23045995519065135,NA,NA,NA,2026-10-04 13:00:00,2026-09-29 23:42:19,2026-09-29 23:42:07,live
QB,00-0039163,C.J. Stroud,HOU,DAL,2026_04_DAL_HOU,2026,4,NA,NA,20,25,2.76932617486616,5.312487566140792,-8.099285618249656,18.72426075053124,-11.368290022103611,21.993265154385195,0.4335,0.245,0.4113360023841086,0.23441036596594084,platt_vol_vegas,platt,0.4113360023841086,0.23441036596594084,NA,NA,NA,2026-10-04 13:00:00,2026-09-29 23:42:19,2026-09-29 23:42:07,live
QB,00-0036442,Joe Burrow,CIN,JAX,2026_04_JAX_CIN,2026,4,NA,NA,20,25,1.9144853704627232,4.496621635533374,-8.915151548857075,17.90839481992382,-12.18415595271103,21.177399223777776,0.3525,0.177,0.40132693493796817,0.1676408358791598,platt_vol_vegas,platt,0.40132693493796817,0.1676408358791598,NA,NA,NA,2026-10-04 13:00:00,2026-09-29 23:42:19,2026-09-29 23:42:07,live
QB,00-0033106,Jared Goff,DET,CAR,2026_04_DET_CAR,2026,4,NA,NA,20,25,1.3877486651044757,5.597711967904125,-7.814061216486323,19.009485152294573,-11.083065620340278,22.27848955614853,0.387,0.213,0.4002646937479664,0.2028837565023332,platt_vol_vegas,platt,0.4002646937479664,0.2028837565023332,NA,NA,NA,2026-10-04 20:20:00,2026-09-29 23:42:19,2026-09-29 23:42:07,live
QB,00-0036971,Trevor Lawrence,JAX,CIN,2026_04_JAX_CIN,2026,4,NA,NA,20,25,2.9198986433058276,5.130291491113119,-8.281481693277328,18.542064675503568,-11.550486097131284,21.811069079357523,0.367,0.1815,0.39073745003604554,0.1720322456467432,platt_vol_vegas,platt,0.39073745003604554,0.1720322456467432,NA,NA,NA,2026-10-04 13:00:00,2026-09-29 23:42:19,2026-09-29 23:42:07,live
QB,00-0037834,Brock Purdy,SF,DEN,2026_04_DEN_SF,2026,4,NA,NA,20,25,3.2043844620412765,4.581509756926848,-8.8302634274636,17.993282941317297,-12.099267831317556,21.262287345171252,0.3815,0.1845,0.3858008685327881,0.17496214311912303,platt_vol_vegas,platt,0.3858008685327881,0.17496214311912303,NA,NA,NA,2026-10-04 16:25:00,2026-09-29 23:42:19,2026-09-29 23:42:07,live
QB,00-0039917,Michael Penix Jr.,ATL,NO,2026_04_ATL_NO,2026,4,NA,NA,20,25,1.549203847245304,4.19115291187478,-9.220620272515667,17.60292609626523,-12.489624676369624,20.871930500119184,0.321,0.1585,0.3851537747245116,0.2446320524966196,platt_vol_vegas,platt,0.2901537747245116,0.14963205249661962,role_change_up,0.95,"Penix returns as starting QB after Tagovailoa's oblique injury, representing a significant opportunity increase for Penix and decrease for Tagovailoa.",2026-10-05 20:15:00,2026-09-29 23:42:19,2026-09-29 23:42:07,live
QB,00-0035710,Daniel Jones,IND,WAS,2026_04_IND_WAS,2026,4,NA,NA,20,25,2.49345544391537,4.643098444700495,-8.768674739689953,18.054871629090943,-12.037679143543908,21.3238760329449,0.3745,0.1785,0.3712893539010596,0.1691041775229171,platt_vol_vegas,platt,0.3712893539010596,0.1691041775229171,NA,NA,NA,2026-10-04 09:30:00,2026-09-29 23:42:19,2026-09-29 23:42:07,live
QB,00-0039851,Drake Maye,NE,BUF,2026_04_NE_BUF,2026,4,NA,NA,20,25,4.463870358139775,3.184611579771887,-10.227161604618562,16.596384764162334,-13.496166008472516,19.86538916801629,0.401,0.205,0.3684956516443147,0.1950305417925275,platt_vol_vegas,platt,0.3684956516443147,0.1950305417925275,NA,NA,NA,2026-10-04 13:00:00,2026-09-29 23:42:19,2026-09-29 23:42:07,live
QB,00-0033077,Dak Prescott,DAL,HOU,2026_04_DAL_HOU,2026,4,NA,NA,20,25,2.9098732554218305,3.742510682496863,-9.669262501893584,17.15428386688731,-12.93826690574754,20.423288270741267,0.3755,0.196,0.3467311922900947,0.18621000823369785,platt_vol_vegas,platt,0.3467311922900947,0.18621000823369785,NA,NA,NA,2026-10-04 13:00:00,2026-09-29 23:42:19,2026-09-29 23:42:07,live
QB,00-0039150,Bryce Young,CAR,DET,2026_04_DET_CAR,2026,4,NA,NA,20,25,1.9020558212211391,3.7450361289782457,-9.666737055412202,17.156809313368694,-12.935741459266158,20.42581371722265,0.363,0.18,0.34400609055273434,0.1705679816419624,platt_vol_vegas,platt,0.34400609055273434,0.1705679816419624,NA,NA,NA,2026-10-04 20:20:00,2026-09-29 23:42:19,2026-09-29 23:42:07,live
QB,00-0039732,Bo Nix,DEN,SF,2026_04_DEN_SF,2026,4,NA,NA,20,25,3.0487007703360613,3.3151686169052006,-10.096604567485247,16.72694180129565,-13.365608971339205,19.995946205149604,0.34,0.1585,0.3154908989777466,0.14963205249661962,platt_vol_vegas,platt,0.3154908989777466,0.14963205249661962,NA,NA,NA,2026-10-04 16:25:00,2026-09-29 23:42:19,2026-09-29 23:42:07,live
QB,00-0033119,Jacoby Brissett,ARI,NYG,2026_04_ARI_NYG,2026,4,NA,NA,20,25,2.7217397294522576,3.4382508218924057,-9.97352236249804,16.850024006282855,-13.242526766351997,20.11902841013681,0.3705,0.1985,0.30829632151062847,0.18865860915357271,platt_vol_vegas,platt,0.30829632151062847,0.18865860915357271,NA,NA,NA,2026-10-04 13:00:00,2026-09-29 23:42:19,2026-09-29 23:42:07,live
QB,00-0026498,Matthew Stafford,LA,PHI,2026_04_LA_PHI,2026,4,NA,NA,20,25,1.2565429075382606,4.0724106511996645,-9.339362533190783,17.484183835590112,-12.60836693704474,20.753188239444068,0.327,0.167,0.26016354595094254,0.1578972411079795,platt_vol_vegas,platt,0.26016354595094254,0.1578972411079795,NA,NA,NA,2026-10-04 13:00:00,2026-09-29 23:42:19,2026-09-29 23:42:07,live
QB,00-0036389,Jalen Hurts,PHI,LA,2026_04_LA_PHI,2026,4,NA,NA,20,25,4.727578004063811,0.4956071149008025,-12.916166069489645,13.907380299291251,-16.1851704733436,17.176384703145207,0.262,0.11,0.25692178395898796,0.10279921776677033,platt_vol_vegas,platt,0.25692178395898796,0.10279921776677033,NA,NA,NA,2026-10-04 13:00:00,2026-09-29 23:42:19,2026-09-29 23:42:07,live
QB,00-0034869,Sam Darnold,SEA,LAC,2026_04_LAC_SEA,2026,4,NA,NA,20,25,1.5377667779614008,1.9099415733849183,-11.50183161100553,15.321714757775366,-14.770836014859483,18.590719161629323,0.248,0.1025,0.2512998228360794,0.09561239155966084,platt_vol_vegas,platt,0.2512998228360794,0.09561239155966084,NA,NA,NA,2026-10-04 16:25:00,2026-09-29 23:42:19,2026-09-29 23:42:07,live
QB,00-0036264,Jordan Love,GB,TB,2026_04_GB_TB,2026,4,NA,NA,20,25,2.0456106490573807,3.817591166096851,-9.594182018293596,17.229364350487298,-12.863186422147551,20.498368754341257,0.3575,0.184,0.23969994350604895,0.17447370069364762,platt_vol_vegas,platt,0.23969994350604895,0.17447370069364762,NA,NA,NA,2026-10-04 13:00:00,2026-09-29 23:42:19,2026-09-29 23:42:07,live
QB,00-0029604,Kirk Cousins,LV,KC,2026_04_KC_LV,2026,4,NA,NA,20,25,1.2773816962675746,1.0122391135497906,-12.399534070840655,14.42401229794024,-15.668538474694612,17.693016701794193,0.257,0.108,0.23575277980905568,0.10088114092897033,platt_vol_vegas,platt,0.23575277980905568,0.10088114092897033,NA,NA,NA,2026-10-04 16:25:00,2026-09-29 23:42:19,2026-09-29 23:42:07,live
QB,00-0035228,Kyler Murray,MIN,MIA,2026_04_MIA_MIN,2026,4,NA,NA,20,25,2.377890124187959,0.468356868482468,-12.94341631590798,13.880130052872916,-16.212420719761937,17.14913445672687,0.223,0.095,0.23282893995701856,0.08844228977652756,platt_vol_vegas,platt,0.23282893995701856,0.08844228977652756,NA,NA,NA,2026-10-04 16:05:00,2026-09-29 23:42:19,2026-09-29 23:42:07,live
QB,00-0030565,Geno Smith,NYJ,CHI,2026_04_NYJ_CHI,2026,4,NA,NA,20,25,2.8690341301481403,-0.7565160106658828,-14.168289195056332,12.655257173724564,-17.437293598910287,15.92426157757852,0.26,0.116,0.22063562242740023,0.10856019713606636,platt_vol_vegas,platt,0.22063562242740023,0.10856019713606636,NA,NA,NA,2026-10-04 13:00:00,2026-09-29 23:42:19,2026-09-29 23:42:07,live
QB,00-0036825,Feleipe Franks,CAR,DET,2026_04_DET_CAR,2026,4,NA,NA,20,25,2.1405332897664775,-2.4937612078044173,-15.905534392194866,10.91801197658603,-19.17453879604882,14.187016380439983,0.1105,0.0345,0.20558981977540733,0.03136684010826356,platt_vol_vegas,platt,0.20558981977540733,0.03136684010826356,NA,NA,NA,2026-10-04 20:20:00,2026-09-29 23:42:19,2026-09-29 23:42:07,live
QB,00-0033537,Deshaun Watson,CLE,PIT,2026_04_PIT_CLE,2026,4,NA,NA,20,25,5.7080193795919865,-3.2911721793091484,-16.702945363699598,10.1206010050813,-19.971949767553554,13.389605408935257,0.236,0.0985,0.20377230911851907,0.09178620274109028,platt_vol_vegas,platt,0.20377230911851907,0.09178620274109028,NA,NA,NA,2026-10-01 20:15:00,2026-09-29 23:42:19,2026-09-29 23:42:07,live
QB,00-0036355,Justin Herbert,LAC,SEA,2026_04_LAC_SEA,2026,4,NA,NA,20,25,3.863592317719154,-3.2543762008671955,-16.666149385257643,10.157396983523252,-19.9351537891116,13.426401387377208,0.1775,0.064,0.1748882313748529,0.05900497680467688,platt_vol_vegas,platt,0.1748882313748529,0.05900497680467688,NA,NA,NA,2026-10-04 16:25:00,2026-09-29 23:42:19,2026-09-29 23:42:07,live
QB,00-0023459,Aaron Rodgers,PIT,CLE,2026_04_PIT_CLE,2026,4,NA,NA,20,25,1.1464089061591456,0.15847617693016725,-13.25329700746028,13.570249361320617,-16.522301411314235,16.839253765174572,0.2545,0.1135,0.169337375014053,0.10615857221356458,platt_vol_vegas,platt,0.169337375014053,0.10615857221356458,NA,NA,NA,2026-10-01 20:15:00,2026-09-29 23:42:19,2026-09-29 23:42:07,live
QB,00-0038128,Malik Willis,MIA,MIN,2026_04_MIA_MIN,2026,4,NA,NA,20,25,4.657537539725477,-7.6706605198524045,-21.082433704242852,5.7411126645380435,-24.351438108096808,9.010117068392,0.136,0.047,0.12090760323921292,0.04302382928582402,platt_vol_vegas,platt,0.12090760323921292,0.04302382928582402,NA,NA,NA,2026-10-04 16:05:00,2026-09-29 23:42:19,2026-09-29 23:42:07,live
QB,00-0040676,Cam Ward,TEN,BAL,2026_04_TEN_BAL,2026,4,NA,NA,20,25,2.5807066264630594,-6.156261200447534,-19.568034384837983,7.255511983942914,-22.837038788691935,10.524516387796869,0.1095,0.03,0.1204732253535237,0.02719404178728632,platt_vol_vegas,platt,0.1204732253535237,0.02719404178728632,NA,NA,NA,2026-10-04 13:00:00,2026-09-29 23:42:19,2026-09-29 23:42:07,live
QB,00-0031503,Jameis Winston,NYG,ARI,2026_04_ARI_NYG,2026,4,NA,NA,20,25,2.0158032707699536,-1.7110682810542206,-15.122841465444669,11.700704903336227,-18.391845869298624,14.969709307190184,0.162,0.062,0.10822264604103164,0,platt_vol_vegas,platt,0.18022264604103164,0.0571181699403162,role_change_down,0.72,"McCarthy's acquisition creates competition for the starting job, potentially reducing Winston's snap count and opportunity if McCarthy wins the role.",2026-10-04 13:00:00,2026-09-29 23:42:19,2026-09-29 23:42:07,live
QB,00-0034855,Baker Mayfield,TB,GB,2026_04_GB_TB,2026,4,NA,NA,20,25,3.4533284219586844,0.1339585807743069,-13.27781460361614,13.545731765164756,-16.546819007470095,16.814736169018712,0.2515,0.11,0.09040551338104871,0.0107992177667703,platt_vol_vegas,platt,0.1824055133810487,0.10279921776677033,role_change_down,0.92,Backup QB Jalon Daniels replacing Baker Mayfield reduces offensive efficiency and pass volume for key receivers and running backs.,2026-10-04 13:00:00,2026-09-29 23:42:19,2026-09-29 23:42:07,live
QB,00-0037012,Trey Lance,LAC,SEA,2026_04_LAC_SEA,2026,4,NA,NA,20,25,2.3176134794954324,-5.85995370853164,-19.27172689292209,7.551819475858808,-22.540731296776045,10.820823879712762,0.057,0.0145,0.09004810047093957,0.01294941962644645,platt_vol_vegas,platt,0.09004810047093957,0.01294941962644645,NA,NA,NA,2026-10-04 16:25:00,2026-09-29 23:42:19,2026-09-29 23:42:07,live
QB,00-0033869,Mitchell Trubisky,TEN,BAL,2026_04_TEN_BAL,2026,4,NA,NA,20,25,2.633750281820879,-8.410538495124241,-21.82231167951469,5.001234689266207,-25.09131608336865,8.270239093120162,0.054,0.012,0.08703879925435157,0.01067675742260186,platt_vol_vegas,platt,0.08703879925435157,0.01067675742260186,NA,NA,NA,2026-10-04 13:00:00,2026-09-29 23:42:19,2026-09-29 23:42:07,live
QB,00-0027973,Andy Dalton,PHI,LA,2026_04_LA_PHI,2026,4,NA,NA,20,25,1.9421989034747231,-7.0290788670371915,-20.44085205142764,6.382694317353256,-23.709856455281596,9.651698721207213,0.0685,0.0165,0.08540551338104872,0,platt_vol_vegas,platt,0.11005871086429904,0.0147736285758317,NA,NA,NA,2026-10-04 13:00:00,2026-09-29 23:42:19,2026-09-29 23:42:07,live
QB,00-0028986,Case Keenum,CHI,NYJ,2026_04_NYJ_CHI,2026,4,NA,NA,20,25,2.447057899489232,2.4647076221144513,-10.947065562275997,15.8764808065049,-14.216069966129952,19.145485210358856,0.284,0.126,0.08540551338104872,0,platt_vol_vegas,platt,0.268404594058385,0.11818355957681262,NA,NA,NA,2026-10-04 13:00:00,2026-09-29 23:42:19,2026-09-29 23:42:07,live
QB,00-0032268,Marcus Mariota,WAS,IND,2026_04_IND_WAS,2026,4,NA,NA,20,25,2.7465260159214373,2.7901772477305435,-10.621595936659904,16.20195043212099,-13.89060034051386,19.470954835974947,0.269,0.125,0.08540551338104872,0,platt_vol_vegas,platt,0.2733665302616953,0.1172200347278914,NA,NA,NA,2026-10-04 09:30:00,2026-09-29 23:42:19,2026-09-29 23:42:07,live
QB,00-0032950,Carson Wentz,MIN,MIA,2026_04_MIA_MIN,2026,4,NA,NA,20,25,2.0844240831211116,3.513443826133223,-9.898329358257223,16.92521701052367,-13.16733376211118,20.194221414377623,0.301,0.1395,0.08540551338104872,0,platt_vol_vegas,platt,0.2636820299214267,0.13121595977655293,NA,NA,NA,2026-10-04 16:05:00,2026-09-29 23:42:19,2026-09-29 23:42:07,live
QB,00-0033662,Cooper Rush,ATL,NO,2026_04_ATL_NO,2026,4,NA,NA,20,25,1.6810773233908696,-1.0766462918847322,-14.48841947627518,12.335126892505716,-17.757423880129135,15.604131296359672,0.194,0.073,0.08540551338104872,0,platt_vol_vegas,platt,0.23058211362157705,0.06751547910925741,NA,NA,NA,2026-10-05 20:15:00,2026-09-29 23:42:19,2026-09-29 23:42:07,live
QB,00-0035704,Drew Lock,SEA,LAC,2026_04_LAC_SEA,2026,4,NA,NA,20,25,1.7751018767255309,3.165635658517443,-10.246137525873005,16.577408842907893,-13.51514192972696,19.84641324676185,0.258,0.115,0.08540551338104872,0,platt_vol_vegas,platt,0.26057162174125753,0.10759934059745752,NA,NA,NA,2026-10-04 16:25:00,2026-09-29 23:42:19,2026-09-29 23:42:07,live
QB,00-0038102,Kenny Pickett,CAR,DET,2026_04_DET_CAR,2026,4,NA,NA,20,25,1.304461605277755,-2.501815501325164,-15.913588685715611,10.909957683065285,-19.18259308956957,14.178962086919238,0.106,0.0305,0.08540551338104872,0,platt_vol_vegas,platt,0.18903645724452156,0.02765698759418315,NA,NA,NA,2026-10-04 20:20:00,2026-09-29 23:42:19,2026-09-29 23:42:07,live
QB,00-0038416,Tyson Bagent,CHI,NYJ,2026_04_NYJ_CHI,2026,4,NA,NA,20,25,1.8300804842998573,-4.529540150912491,-17.94131333530294,8.882233033477956,-21.210317739156896,12.151237437331911,0.106,0.0315,0.08540551338104872,0,platt_vol_vegas,platt,0.16221187511875426,0.02858341615046784,role_change_up,0.85,"Backup QB Bagent gains starting opportunity with Williams ruled out, directly impacting his snap count and fantasy relevance.",2026-10-04 13:00:00,2026-09-29 23:42:19,2026-09-29 23:42:07,live
QB,00-0038476,Tommy DeVito,NE,BUF,2026_04_NE_BUF,2026,4,NA,NA,20,25,1.6863551846275568,-3.055354263717763,-16.46712744810821,10.356418920672684,-19.736131851962167,13.62542332452664,0.126,0.0365,0.08540551338104872,0,platt_vol_vegas,platt,0.17546249237815947,0.03322574579039934,NA,NA,NA,2026-10-04 13:00:00,2026-09-29 23:42:19,2026-09-29 23:42:07,live
QB,00-0039107,Stetson Bennett,LA,PHI,2026_04_LA_PHI,2026,4,NA,NA,20,25,1.7060250414778486,-0.6567469107067608,-14.06852009509721,12.755026273683686,-17.337524498951165,16.02403067753764,0.1615,0.051,0.08540551338104872,0,platt_vol_vegas,platt,0.1909022444109798,0.04677196893473884,role_change_up,0.85,"Bennett elevated to primary backup QB role, improving his opportunity ahead of Ty Simpson.",2026-10-04 13:00:00,2026-09-29 23:42:19,2026-09-29 23:42:07,live
QB,00-0040668,Shedeur Sanders,CLE,PIT,2026_04_PIT_CLE,2026,4,NA,NA,20,25,1.921531231514492,-7.853167130677054,-21.264940315067506,5.558606053713394,-24.533944718921457,8.82761045756735,0.09,0.0325,0.08540551338104872,0,platt_vol_vegas,platt,0.09272030387717278,0.02951054563355397,NA,NA,NA,2026-10-01 20:15:00,2026-09-29 23:42:19,2026-09-29 23:42:07,live
QB,00-0040691,Jaxson Dart,NYG,ARI,2026_04_ARI_NYG,2026,4,NA,NA,20,25,4.57996774344194,2.460324604269606,-10.951448580120845,15.872097788660051,-14.220452983974798,19.14110219251401,0.313,0.1295,0.08540551338104872,0,platt_vol_vegas,platt,0.2990180990102463,0.1215579270647872,NA,NA,NA,2026-10-04 13:00:00,2026-09-29 23:42:19,2026-09-29 23:42:07,live
QB,00-0041194,Jack Strand,ATL,NO,2026_04_ATL_NO,2026,4,NA,NA,20,25,2.4206799239080596,-1.673820567395056,-15.085593751785504,11.737952616995392,-18.354598155639454,15.006957020849349,0.1765,0.0635,0.08540551338104872,0,platt_vol_vegas,platt,0.2336424273439473,0.05853311934042209,NA,NA,NA,2026-10-05 20:15:00,2026-09-29 23:42:19,2026-09-29 23:42:07,live
QB,00-0041251,Jalon Daniels,TB,GB,2026_04_GB_TB,2026,4,NA,NA,20,25,1.7364189450473482,-2.3703751290231825,-15.78214831341363,11.041398055367264,-19.051152717267584,14.31040245922122,0.1245,0.039,0.08540551338104872,0,platt_vol_vegas,platt,0.11096771019158146,0.03555288035763577,role_change_up,0.72,"Backup QB starting for 3+ weeks may affect offensive efficiency and target/carry volume for pass-catchers, though impact is uncertain.",2026-10-04 13:00:00,2026-09-29 23:42:19,2026-09-29 23:42:07,live
QB,00-0026158,Joe Flacco,CIN,JAX,2026_04_JAX_CIN,2026,4,NA,NA,20,25,1.610729645706994,-1.5420400163672778,-14.953813200757724,11.86973316802317,-18.22281760461168,15.138737571877126,0.167,0.057,0.08540551338104872,0,platt_vol_vegas,platt,0.28733898199726665,0.05240860768770103,NA,NA,NA,2026-10-04 13:00:00,2026-09-29 23:42:19,2026-09-29 23:42:07,live
QB,00-0028118,Tyrod Taylor,GB,TB,2026_04_GB_TB,2026,4,NA,NA,20,25,2.7599864459860677,0.4616534927210303,-12.950119691669418,13.873426677111478,-16.219124095523373,17.142431080965434,0.2465,0.1015,0.08540551338104872,0,platt_vol_vegas,platt,0.2077590729837943,0.094655393646127,NA,NA,NA,2026-10-04 13:00:00,2026-09-29 23:42:19,2026-09-29 23:42:07,live
QB,00-0033949,Joshua Dobbs,DET,CAR,2026_04_DET_CAR,2026,4,NA,NA,20,25,2.1375441302021305,-0.9048024097588828,-14.316575594149333,12.506970774631563,-17.585579998003286,15.77597517848552,0.1655,0.061,0.08540551338104872,0,platt_vol_vegas,platt,0.2920842479581845,0.05617539546720761,NA,NA,NA,2026-10-04 20:20:00,2026-09-29 23:42:19,2026-09-29 23:42:07,live
QB,00-0034577,Kyle Allen,BUF,NE,2026_04_NE_BUF,2026,4,NA,NA,20,25,2.0275604265227165,1.3113337346634069,-12.10043944972704,14.723106919053857,-15.369443853580997,17.99211132290781,0.205,0.084,0.08540551338104872,0,platt_vol_vegas,platt,0.32082092192521455,0.07795826703515706,NA,NA,NA,2026-10-04 13:00:00,2026-09-29 23:42:19,2026-09-29 23:42:07,live
QB,00-0035264,Jarrett Stidham,DEN,SF,2026_04_DEN_SF,2026,4,NA,NA,20,25,2.1133940113952425,-1.0513504727587966,-14.463123657149245,12.360422711631651,-17.7321280610032,15.629427115485608,0.175,0.0645,0.08540551338104872,0,platt_vol_vegas,platt,0.2155818157683576,0.05947693713204913,NA,NA,NA,2026-10-04 16:25:00,2026-09-29 23:42:19,2026-09-29 23:42:07,live
QB,00-0035289,Gardner Minshew,ARI,NYG,2026_04_ARI_NYG,2026,4,NA,NA,20,25,2.2133602422441183,-1.681960581733926,-15.093733766124371,11.729812602656525,-18.36273816997833,14.998817006510478,0.141,0.049,0.08540551338104872,0,platt_vol_vegas,platt,0.1869764883424698,0.0448968996533258,NA,NA,NA,2026-10-04 13:00:00,2026-09-29 23:42:19,2026-09-29 23:42:07,live
QB,00-0035993,Tyler Huntley,BAL,TEN,2026_04_TEN_BAL,2026,4,NA,NA,20,25,2.0958733535608634,0.906657864578696,-12.505115319811752,14.318431048969144,-15.774119723665708,17.5874354528231,0.2275,0.0915,0.08540551338104872,0,platt_vol_vegas,platt,0.3057644108381243,0.08510220905255811,NA,NA,NA,2026-10-04 13:00:00,2026-09-29 23:42:19,2026-09-29 23:42:07,live
QB,00-0036212,Tua Tagovailoa,ATL,NO,2026_04_ATL_NO,2026,4,NA,NA,20,25,1.530318980816165,2.0631378202074258,-11.34863536418302,15.474911004597876,-14.617639768036977,18.74391540845183,0.218,0.089,0.08540551338104872,0,platt_vol_vegas,platt,0.24057977885740575,0.08271883789802945,NA,NA,NA,2026-10-05 20:15:00,2026-09-29 23:42:19,2026-09-29 23:42:07,live
QB,00-0036879,Sam Ehlinger,DEN,SF,2026_04_DEN_SF,2026,4,NA,NA,20,25,2.049413911337723,-1.2958810571524957,-14.707654241542944,12.115892127237952,-17.9766586453969,15.384896531091908,0.1505,0.057,0.08540551338104872,0,platt_vol_vegas,platt,0.20034168906485497,0.05240860768770103,NA,NA,NA,2026-10-04 16:25:00,2026-09-29 23:42:19,2026-09-29 23:42:07,live
QB,00-0036898,Davis Mills,HOU,DAL,2026_04_DAL_HOU,2026,4,NA,NA,20,25,2.0114777941492714,1.206782750159713,-12.204990434230735,14.61855593455016,-15.47399483808469,17.887560338404118,0.2135,0.0845,0.08540551338104872,0,platt_vol_vegas,platt,0.2830409879130653,0.07843394701185516,NA,NA,NA,2026-10-04 13:00:00,2026-09-29 23:42:19,2026-09-29 23:42:07,live
QB,00-0036945,Justin Fields,KC,LV,2026_04_KC_LV,2026,4,NA,NA,20,25,5.616893220506887,-3.910938599627155,-17.322711784017603,9.500834584763291,-20.591716187871562,12.769838988617249,0.2255,0.0835,0.08540551338104872,0,platt_vol_vegas,platt,0.372891235296756,0.07748267210242156,NA,NA,NA,2026-10-04 16:25:00,2026-09-29 23:42:19,2026-09-29 23:42:07,live
QB,00-0036972,Mac Jones,SF,DEN,2026_04_DEN_SF,2026,4,NA,NA,20,25,2.800377035566002,-2.1042555615578293,-15.516028745948278,11.307517622832618,-18.78503314980223,14.576522026686574,0.167,0.061,0.08540551338104872,0,platt_vol_vegas,platt,0.2605555355208003,0.05617539546720761,NA,NA,NA,2026-10-04 16:25:00,2026-09-29 23:42:19,2026-09-29 23:42:07,live
QB,00-0037013,Zach Wilson,NO,ATL,2026_04_ATL_NO,2026,4,NA,NA,20,25,2.519051409217587,1.216359503672762,-12.195413680717683,14.62813268806321,-15.46441808457164,17.897137091917166,0.25,0.096,0.08540551338104872,0,platt_vol_vegas,platt,0.3189404800875123,0.08939730659813201,NA,NA,NA,2026-10-05 20:15:00,2026-09-29 23:42:19,2026-09-29 23:42:07,live
QB,00-0037077,Sam Howell,DAL,HOU,2026_04_DAL_HOU,2026,4,NA,NA,20,25,2.127170176737735,-5.404581205863764,-18.81635439025421,8.007191978526684,-22.085358794108167,11.27619638238064,0.091,0.0275,0.08540551338104872,0,platt_vol_vegas,platt,0.17232949865808267,0.02488209492445903,NA,NA,NA,2026-10-04 13:00:00,2026-09-29 23:42:19,2026-09-29 23:42:07,live
QB,00-0038400,Tanner McKee,PHI,LA,2026_04_LA_PHI,2026,4,NA,NA,20,25,2.0292811743940904,-3.769595423566334,-17.18136860795678,9.642177760824117,-20.450373011810736,12.91118216467807,0.0965,0.028,0.08540551338104872,0,platt_vol_vegas,platt,0.12979279880776912,0.02534410474252231,NA,NA,NA,2026-10-04 13:00:00,2026-09-29 23:42:19,2026-09-29 23:42:07,live
QB,00-0038579,Aidan O'Connell,LV,KC,2026_04_KC_LV,2026,4,NA,NA,20,25,2.0616637089316026,-3.79146346284935,-17.203236647239798,9.620309721541098,-20.472241051093754,12.889314125395051,0.1125,0.0295,0.08540551338104872,0,platt_vol_vegas,platt,0.17082015265656234,0.02673127810418369,NA,NA,NA,2026-10-04 16:25:00,2026-09-29 23:42:19,2026-09-29 23:42:07,live
QB,00-0039164,Anthony Richardson,IND,WAS,2026_04_IND_WAS,2026,4,NA,NA,20,25,2.356085651324815,-2.1382222652897895,-15.549995449680235,11.27355091910066,-18.81899985353419,14.542555322954614,0.131,0.0415,0.08540551338104872,0,platt_vol_vegas,platt,0.23132247990434643,0.03788372610054501,NA,NA,NA,2026-10-04 09:30:00,2026-09-29 23:42:19,2026-09-29 23:42:07,live
QB,00-0039376,Spencer Rattler,NO,ATL,2026_04_ATL_NO,2026,4,NA,NA,20,25,2.6804351609653563,2.6191712827151026,-10.792601901675344,16.03094446710555,-14.0616063055293,19.299948870959504,0.2745,0.1195,0.08540551338104872,0,platt_vol_vegas,platt,0.33579744717786275,0.11192533928183732,NA,NA,NA,2026-10-05 20:15:00,2026-09-29 23:42:19,2026-09-29 23:42:07,live
QB,00-0039923,J.J. McCarthy,NYG,ARI,2026_04_ARI_NYG,2026,4,NA,NA,20,25,2.5956275569844336,-0.34515617057890224,-13.75692935496935,13.066617013811546,-17.025933758823307,16.3356214176655,0.211,0.0885,0.08540551338104872,0,platt_vol_vegas,platt,0.21376781173805504,0.08224240766087534,role_change_down,0.85,"Giants traded for JJ McCarthy but confirmed Winston remains starter, signaling McCarthy will have reduced opportunity as backup rather than compete for snaps.",2026-10-04 13:00:00,2026-09-29 23:42:19,2026-09-29 23:42:07,live
QB,00-0040203,Will Howard,PIT,CLE,2026_04_PIT_CLE,2026,4,NA,NA,20,25,2.1607875053737664,-2.6599326566060064,-16.071705840996454,10.751840527784442,-19.34071024485041,14.020844931638395,0.1465,0.0465,0.08540551338104872,0,platt_vol_vegas,platt,0.1394437239068846,0.0425558812929124,NA,NA,NA,2026-10-01 20:15:00,2026-09-29 23:42:19,2026-09-29 23:42:07,live
QB,00-0040206,Riley Leonard,IND,WAS,2026_04_IND_WAS,2026,4,NA,NA,20,25,2.093407962078392,-2.544119790838262,-15.95589297522871,10.867653393552184,-19.224897379082662,14.13665779740614,0.1385,0.0505,0.08540551338104872,0,platt_vol_vegas,platt,0.2322099933478419,0.04630301747893421,NA,NA,NA,2026-10-04 09:30:00,2026-09-29 23:42:19,2026-09-29 23:42:07,live
QB,00-0040234,Quinn Ewers,JAX,CIN,2026_04_JAX_CIN,2026,4,NA,NA,20,25,2.2368962097007747,-1.607519538466809,-15.019292722857257,11.80425364592364,-18.288297126711218,15.073258049777596,0.1495,0.0515,0.08540551338104872,0,platt_vol_vegas,platt,0.2529267677166426,0.04724104165907385,NA,NA,NA,2026-10-04 13:00:00,2026-09-29 23:42:19,2026-09-29 23:42:07,live
QB,00-0040464,DJ Uiagalelei,LAC,SEA,2026_04_LAC_SEA,2026,4,NA,NA,20,25,2.1180778512727128,-5.438942035535128,-18.850715219925576,7.97283114885532,-22.11971962377953,11.241835552709276,0.061,0.013,0.08540551338104872,0,platt_vol_vegas,platt,0.09127639496554604,0.01158473409204586,NA,NA,NA,2026-10-04 16:25:00,2026-09-29 23:42:19,2026-09-29 23:42:07,live
QB,00-0040589,Kurtis Rourke,SF,DEN,2026_04_DEN_SF,2026,4,NA,NA,20,25,2.3955798101473733,-4.3241350651649855,-17.735908249555433,9.087638119225463,-21.004912653409388,12.35664252307942,0.1105,0.0295,0.08540551338104872,0,platt_vol_vegas,platt,0.21212584563167056,0.02673127810418369,NA,NA,NA,2026-10-04 16:25:00,2026-09-29 23:42:19,2026-09-29 23:42:07,live
QB,00-0040673,Jalen Milroe,SEA,LAC,2026_04_LAC_SEA,2026,4,NA,NA,20,25,2.3079991253165733,0.08615027205479063,-13.325622912335657,13.49792345644524,-16.594627316189612,16.766927860299194,0.1915,0.069,0.08540551338104872,0,platt_vol_vegas,platt,0.2360455882469669,0.0637291176666275,NA,NA,NA,2026-10-04 16:25:00,2026-09-29 23:42:19,2026-09-29 23:42:07,live
QB,00-0040891,Cole Payton,PHI,LA,2026_04_LA_PHI,2026,4,NA,NA,20,25,2.09326127445161,-4.249171070618433,-17.660944255008882,9.162602113772014,-20.92994865886284,12.43160651762597,0.094,0.027,0.08540551338104872,0,platt_vol_vegas,platt,0.12893634527824144,0.02442028035599047,NA,NA,NA,2026-10-04 13:00:00,2026-09-29 23:42:19,2026-09-29 23:42:07,live
QB,00-0040906,Garrett Nussmeier,KC,LV,2026_04_KC_LV,2026,4,NA,NA,20,25,2.255725785088861,-2.9276784376209135,-16.33945162201136,10.484094746769534,-19.608456025865316,13.75309915062349,0.153,0.0545,0.08540551338104872,0,platt_vol_vegas,platt,0.25367760270615203,0.05005797708831423,NA,NA,NA,2026-10-04 16:25:00,2026-09-29 23:42:19,2026-09-29 23:42:07,live
QB,00-0040981,Joe Fagnano,BAL,TEN,2026_04_TEN_BAL,2026,4,NA,NA,20,25,2.0958733535608634,0.906657864578696,-12.505115319811752,14.318431048969144,-15.774119723665708,17.5874354528231,0.208,0.0795,0.08540551338104872,0,platt_vol_vegas,platt,0.2942431767484329,0.0736810169976113,NA,NA,NA,2026-10-04 13:00:00,2026-09-29 23:42:19,2026-09-29 23:42:07,live
QB,00-0041056,Cade Klubnik,NYJ,CHI,2026_04_NYJ_CHI,2026,4,NA,NA,20,25,2.225016750124091,-3.9360668085192057,-17.347839992909655,9.475706375871242,-20.61684439676361,12.744710779725198,0.1105,0.035,0.08540551338104872,0,platt_vol_vegas,platt,0.13903418383329078,0.03183132631204705,NA,NA,NA,2026-10-04 13:00:00,2026-09-29 23:42:19,2026-09-29 23:42:07,live
QB,00-0041092,Taylen Green,CLE,PIT,2026_04_PIT_CLE,2026,4,NA,NA,20,25,2.049413911337723,-5.897706564665636,-19.309479749056084,7.514066619724812,-22.57848415291004,10.783071023578769,0.0905,0.0245,0.08540551338104872,0,platt_vol_vegas,platt,0.094032064375607,0.02211424182483879,NA,NA,NA,2026-10-01 20:15:00,2026-09-29 23:42:19,2026-09-29 23:42:07,live
QB,00-0041117,Athan Kaliakmanis,WAS,IND,2026_04_IND_WAS,2026,4,NA,NA,20,25,2.2349599473688864,-1.3499650354857025,-14.76173821987615,12.061808148904746,-18.030742623730102,15.3308125527587,0.1445,0.0505,0.08540551338104872,0,platt_vol_vegas,platt,0.197667030594698,0.04630301747893421,NA,NA,NA,2026-10-04 09:30:00,2026-09-29 23:42:19,2026-09-29 23:42:07,live
QB,00-0041123,Behren Morton,NE,BUF,2026_04_NE_BUF,2026,4,NA,NA,20,25,2.2699949090773615,-3.2239156801169404,-16.635688864507387,10.187857504273508,-19.904693268361346,13.456861908127465,0.1375,0.047,0.08540551338104872,0,platt_vol_vegas,platt,0.1912653322289138,0.04302382928582402,NA,NA,NA,2026-10-04 13:00:00,2026-09-29 23:42:19,2026-09-29 23:42:07,live
QB,00-0041149,Haynes King,CAR,DET,2026_04_DET_CAR,2026,4,NA,NA,20,25,2.1405332897664775,-0.721519291797779,-14.133292476188227,12.690253892592668,-17.402296880042183,15.959258296446624,0.153,0.052,0.08540551338104872,0,platt_vol_vegas,platt,0.2364249247523311,0.04771023478347495,NA,NA,NA,2026-10-04 20:20:00,2026-09-29 23:42:19,2026-09-29 23:42:07,live
QB,00-0041561,Carson Beck,ARI,NYG,2026_04_ARI_NYG,2026,4,NA,NA,20,25,2.213362209490644,-1.5072080290496872,-14.918981213440135,11.90456515534076,-18.18798561729409,15.173569559194716,0.1495,0.0565,0.08540551338104872,0,platt_vol_vegas,platt,0.19201450869643064,0.05193825506974072,NA,NA,NA,2026-10-04 13:00:00,2026-09-29 23:42:19,2026-09-29 23:42:07,live
QB,00-0041562,Fernando Mendoza,LV,KC,2026_04_KC_LV,2026,4,NA,NA,20,25,2.3039005044825984,-3.2091787477670173,-16.620951932157464,10.20259443662343,-19.88995633601142,13.471598840477386,0.124,0.037,0.08540551338104872,0,platt_vol_vegas,platt,0.1819590975022044,0.0336908668266799,NA,NA,NA,2026-10-04 16:25:00,2026-09-29 23:42:19,2026-09-29 23:42:07,live
QB,00-0041565,Drew Allar,PIT,CLE,2026_04_PIT_CLE,2026,4,NA,NA,20,25,2.2538224319546303,-2.941159498453856,-16.352932682844305,10.470613685936591,-19.62193708669826,13.739618089790548,0.1245,0.033,0.08540551338104872,0,platt_vol_vegas,platt,0.130006167838341,0.02997436785102058,NA,NA,NA,2026-10-01 20:15:00,2026-09-29 23:42:19,2026-09-29 23:42:07,live
QB,00-0041568,Ty Simpson,LA,PHI,2026_04_LA_PHI,2026,4,NA,NA,20,25,2.276016593851745,-0.7332916456073075,-14.145064829997755,12.67848153878314,-17.414069233851713,15.947485942637096,0.156,0.056,0.08540551338104872,0,platt_vol_vegas,platt,0.19657728816292913,0.05146801496561339,NA,NA,NA,2026-10-04 13:00:00,2026-09-29 23:42:19,2026-09-29 23:42:07,live
QB,00-0034771,Mason Rudolph,PIT,CLE,2026_04_PIT_CLE,2026,4,NA,NA,20,25,1.8098723880668888,-5.320539018025648,-18.732312202416097,8.0912341663648,-22.001316606270052,11.360238570218756,0.1065,0.026,0.05617900729043193,0,platt_vol_vegas,platt,0.11617900729043192,0.02349724869982543,role_change_down,0.6,Mason Rudolph listed as Steelers' QB2 on Week 1 depth chart,2026-10-01 20:15:00,2026-09-29 23:42:19,2026-09-29 23:42:07,live
QB,00-0040398,Brady Cook,MIA,MIN,2026_04_MIA_MIN,2026,4,NA,NA,20,25,1.9488308802179215,-11.855226679671684,-25.266999864062132,1.5565465047187637,-28.536004267916088,4.825550908572719,0.0455,0.01,0.0561203888589688,0.00886564917243863,platt_vol_vegas,platt,0.0561203888589688,0.00886564917243863,NA,NA,NA,2026-10-04 16:05:00,2026-09-29 23:42:19,2026-09-29 23:42:07,live
QB,00-0040014,Kyle McCord,MIA,MIN,2026_04_MIA_MIN,2026,4,NA,NA,20,25,2.0669449327019387,-10.41900061114514,-23.830773795535585,2.9927725732453094,-27.09977819938954,6.261776977099265,0.036,0.0055,0.05079583362023991,0.00482047488556613,platt_vol_vegas,platt,0.05079583362023991,0.00482047488556613,NA,NA,NA,2026-10-04 16:05:00,2026-09-29 23:42:19,2026-09-29 23:42:07,live
RB,00-0036223,Jonathan Taylor,IND,WAS,2026_04_IND_WAS,2026,4,NA,NA,15,20,25.24453671141678,-1.063770560314389,-7.685037867240679,5.5574967466119,-9.812455206114366,7.684914085485589,0.728,0.452,0.7652928701352676,0.5097556485642848,star_platt,star_platt,0.7652928701352676,0.5097556485642848,NA,NA,NA,2026-10-04 09:30:00,2026-09-29 23:42:19,2026-09-29 23:42:07,live
RB,00-0039139,Jahmyr Gibbs,DET,CAR,2026_04_DET_CAR,2026,4,NA,NA,15,20,22.98622328787813,-0.05186580001959555,-6.398473868970745,6.294742268931554,-8.437643022404327,8.333911422365137,0.6875,0.4395,0.7360353845352853,0.499820673356874,star_platt,star_platt,0.7360353845352853,0.499820673356874,NA,NA,NA,2026-10-04 20:20:00,2026-09-29 23:42:19,2026-09-29 23:42:07,live
RB,00-0037248,James Cook,BUF,NE,2026_04_NE_BUF,2026,4,NA,NA,15,20,21.269372399913443,-0.38014920655692463,-6.50789622937003,5.747597816256181,-8.476745191399912,7.716446778286064,0.618,0.359,0.6857106259331263,0.4341229816222296,star_platt,star_platt,0.6857106259331263,0.4341229816222296,NA,NA,NA,2026-10-04 13:00:00,2026-09-29 23:42:19,2026-09-29 23:42:07,live
RB,00-0033280,Christian McCaffrey,SF,DEN,2026_04_DEN_SF,2026,4,NA,NA,15,20,19.473750665664163,-0.0844090576944155,-5.972628424462681,5.80381030907385,-7.86451700036278,7.695698884973949,0.552,0.307,0.6371033648658299,0.3895442785642852,star_platt,star_platt,0.6371033648658299,0.3895442785642852,NA,NA,NA,2026-10-04 16:25:00,2026-09-29 23:42:19,2026-09-29 23:42:07,live
RB,00-0032764,Derrick Henry,BAL,TEN,2026_04_TEN_BAL,2026,4,NA,NA,15,20,19.738021350062812,-0.37831734703781905,-6.302527349467449,5.545892655391811,-8.2059797391805,7.44934504510486,0.535,0.2855,0.6243668348101866,0.37045648713066703,star_platt,star_platt,0.6243668348101866,0.37045648713066703,NA,NA,NA,2026-10-04 13:00:00,2026-09-29 23:42:19,2026-09-29 23:42:07,live
RB,00-0037840,Kyren Williams,LA,PHI,2026_04_LA_PHI,2026,4,NA,NA,15,20,18.35108721999407,-1.3512746891908491,-7.083534998413976,4.380985620032277,-8.925313831300247,6.222764452918549,0.4205,0.2,0.6200049978803921,0.3743341740690707,star_platt,star_platt,0.5350049978803921,0.2893341740690707,role_change_up,0.85,Ronnie Rivers' IR placement removes a depth RB and increases snap/carry opportunity for the Rams' lead back Kyren Williams.,2026-10-04 13:00:00,2026-09-29 23:42:19,2026-09-29 23:42:07,live
RB,00-0040122,Ashton Jeanty,LV,KC,2026_04_KC_LV,2026,4,NA,NA,15,20,22.35077288617327,-2.7081906840580112,-8.974871949741743,3.558490581625721,-10.988360571151798,5.571979203035776,0.517,0.2575,0.6107583757415326,0.34489984684148467,star_platt,star_platt,0.6107583757415326,0.34489984684148467,NA,NA,NA,2026-10-04 16:25:00,2026-09-29 23:42:19,2026-09-29 23:42:07,live
RB,00-0038597,Chase Brown,CIN,JAX,2026_04_JAX_CIN,2026,4,NA,NA,15,20,20.311012591139846,-1.0759908554526465,-7.077339285540131,4.925357574634838,-9.005576300444359,6.853594589539067,0.5035,0.2585,0.6004604559703617,0.34582752501819963,star_platt,star_platt,0.6004604559703617,0.34582752501819963,NA,NA,NA,2026-10-04 13:00:00,2026-09-29 23:42:19,2026-09-29 23:42:07,live
RB,00-0038542,Bijan Robinson,ATL,NO,2026_04_ATL_NO,2026,4,NA,NA,15,20,19.274227862495636,-0.9240839602048302,-6.784952954103057,4.936785033693397,-8.66805383804462,6.819885917634961,0.474,0.2455,0.5776504004796468,0.33367424027051346,star_platt,star_platt,0.5776504004796468,0.33367424027051346,NA,NA,NA,2026-10-05 20:15:00,2026-09-29 23:42:19,2026-09-29 23:42:07,live
RB,00-0040715,Cam Skattebo,NYG,ARI,2026_04_ARI_NYG,2026,4,NA,NA,15,20,17.689710828085637,-1.705674224842985,-7.343599464663311,3.93225101497734,-9.15506838057924,5.743719930893271,0.366,0.158,0.574434791264432,0.3302753712605928,star_platt,star_platt,0.489434791264432,0.2452753712605928,role_change_up,0.85,Singletary's healthy inactive increases offensive touches available to lead back Skattebo and reduces backfield competition.,2026-10-04 13:00:00,2026-09-29 23:42:19,2026-09-29 23:42:07,live
RB,00-0036275,D'Andre Swift,CHI,NYJ,2026_04_NYJ_CHI,2026,4,NA,NA,15,20,18.69920425106175,-1.1928634756582746,-6.974029649682652,4.588302698366103,-8.831521967605536,6.445795016288987,0.4405,0.214,0.5511611447805486,0.30330549026797554,star_platt,star_platt,0.5511611447805486,0.30330549026797554,NA,NA,NA,2026-10-04 13:00:00,2026-09-29 23:42:19,2026-09-29 23:42:07,live
RB,00-0039040,De'Von Achane,MIA,MIN,2026_04_MIA_MIN,2026,4,NA,NA,15,20,17.43585317392636,-1.9407102152730775,-7.541914144322664,3.660493713776509,-9.341584480054689,5.460164049508534,0.3135,0.127,0.4429174081110028,0.2101651863241681,star_platt,star_platt,0.4429174081110028,0.2101651863241681,NA,NA,NA,2026-10-04 16:05:00,2026-09-29 23:42:19,2026-09-29 23:42:07,live
RB,00-0037228,Jaylen Warren,PIT,CLE,2026_04_PIT_CLE,2026,4,NA,NA,15,20,18.073753128457405,-1.208286430257569,-6.901219958788857,4.484647098273719,-8.730363072371306,6.313790211856168,0.4065,0.184,0.43815477031501865,0.23231241718406517,star_platt,star_platt,0.35315477031501863,0.14731241718406513,role_change_up,0.85,"Blurb indicates Warren dominated rushing attempts with Dowdle inactive and could see similar workload if Dowdle remains unavailable Thursday, implying opportunity expansion.",2026-10-01 20:15:00,2026-09-29 23:42:19,2026-09-29 23:42:07,live
RB,00-0038120,Breece Hall,NYJ,CHI,2026_04_NYJ_CHI,2026,4,NA,NA,15,20,18.293820786282197,-1.3179603536013038,-7.04212693656528,4.406206229362672,-8.881305250127735,6.245384542925128,0.393,0.194,0.4129657951778466,0.22386782535819685,star_platt,star_platt,0.3429657951778466,0.15386782535819682,role_change_up,0.7,"Waiving Richardson removes a backup RB, increasing opportunity share for the Jets' lead back.",2026-10-04 13:00:00,2026-09-29 23:42:19,2026-09-29 23:42:07,live
RB,00-0041027,Jeremiyah Love,ARI,NYG,2026_04_ARI_NYG,2026,4,NA,NA,15,20,18.67584339678983,-1.273314445251687,-7.051214422847332,4.504585532343958,-8.907657309808958,6.361028419305583,0.4295,0.207,0.4076900899814778,0.2524037552623563,star_platt,star_platt,0.31269008998147785,0.1574037552623563,role_change_up,0.95,"Love clearly out-snapped Tyler Allgeier with career-high 26 touches, establishing a workhorse role going forward.",2026-10-04 13:00:00,2026-09-29 23:42:19,2026-09-29 23:42:07,live
RB,00-0036555,Chuba Hubbard,CAR,DET,2026_04_DET_CAR,2026,4,NA,NA,15,20,17.92571698743143,-0.6205349401442446,-6.2923410894767535,5.051271209188265,-8.114695962870588,6.873626082582098,0.4275,0.209,0.40629100036110743,0.25367269407338333,star_platt,star_platt,0.31129100036110746,0.15867269407338333,role_change_up,0.95,Brooks' IR placement explicitly confirms Hubbard will continue to shoulder the backfield load with reduced competition for touches.,2026-10-04 20:20:00,2026-09-29 23:42:19,2026-09-29 23:42:07,live
RB,00-0038134,Kenneth Walker III,KC,LV,2026_04_KC_LV,2026,4,NA,NA,15,20,19.449632807073023,-0.9554520593219414,-6.840373559489433,4.92946944084555,-8.731202528782132,6.820298410138249,0.476,0.239,0.4061656975278021,0.1830833011372348,star_platt,star_platt,0.4061656975278021,0.1830833011372348,NA,NA,NA,2026-10-04 16:25:00,2026-09-29 23:42:19,2026-09-29 23:42:07,live
RB,00-0036997,Javonte Williams,DAL,HOU,2026_04_DAL_HOU,2026,4,NA,NA,15,20,19.4339329968092,-1.5732507634101174,-7.456024273445029,4.309522746624795,-9.346163092160817,6.1996615653405795,0.4435,0.229,0.38123624403829615,0.17661904424947916,star_platt,star_platt,0.38123624403829615,0.17661904424947916,NA,NA,NA,2026-10-04 13:00:00,2026-09-29 23:42:19,2026-09-29 23:42:07,live
RB,00-0034844,Saquon Barkley,PHI,LA,2026_04_LA_PHI,2026,4,NA,NA,15,20,18.96467534656086,-1.8507979700641797,-7.6689249964501,3.967329056321742,-9.538292859420263,5.8366969192919065,0.4305,0.201,0.37133905385821486,0.15843929527812933,star_platt,star_platt,0.37133905385821486,0.15843929527812933,NA,NA,NA,2026-10-04 13:00:00,2026-09-29 23:42:19,2026-09-29 23:42:07,live
RB,00-0033293,Aaron Jones,MIN,MIA,2026_04_MIA_MIN,2026,4,NA,NA,15,20,19.0256920682655,-1.0851275876482998,-6.911709677233202,4.741454501936603,-8.783794157312599,6.613538982015999,0.476,0.2295,0.3457713536848845,0.1716449850787402,star_platt,star_platt,0.3457713536848845,0.1716449850787402,NA,NA,NA,2026-10-04 16:05:00,2026-09-29 23:42:19,2026-09-29 23:42:07,live
RB,00-0036158,J.K. Dobbins,DEN,SF,2026_04_DEN_SF,2026,4,NA,NA,15,20,16.10266077105044,-0.936927178716774,-6.340289964520499,4.466435607086952,-8.07639381683272,6.202539459399172,0.334,0.1415,0.33253570931931886,0.20018581769966096,star_platt,star_platt,0.24753570931931887,0.11518581769966096,role_change_up,0.85,"Backup Jonah Coleman placed on injured reserve, solidifying Dobbins' large workload and opportunity share going forward.",2026-10-04 16:25:00,2026-09-29 23:42:19,2026-09-29 23:42:07,live
RB,00-0040734,TreVeyon Henderson,NE,BUF,2026_04_NE_BUF,2026,4,NA,NA,15,20,14.421732145798494,-0.9013951475341812,-6.042051531382319,4.239261236313957,-7.693747651964873,5.890957356896511,0.276,0.1075,0.3298660852687589,0.17048856821064834,star_platt,star_platt,0.25486608526875887,0.09548856821064831,role_change_up,0.75,"Impact note explicitly mentions Henderson seeing more carries than Stevenson this week, signaling a shift in backfield opportunity.",2026-10-04 13:00:00,2026-09-29 23:42:19,2026-09-29 23:42:07,live
RB,00-0035261,Tony Pollard,TEN,BAL,2026_04_TEN_BAL,2026,4,NA,NA,15,20,18.435827090939473,-2.640927572419255,-8.385139204758596,3.1032840599200866,-10.23075800525852,4.948902860420009,0.3295,0.12,0.3295306298180066,0.1858589918934228,star_platt,star_platt,0.2445306298180066,0.10085899189342278,role_change_up,0.85,"Spears' aggravated ankle injury could cause missed time, increasing Pollard's snap share and carries in the Titans backfield.",2026-10-04 13:00:00,2026-09-29 23:42:19,2026-09-29 23:42:07,live
RB,00-0040198,Ollie Gordon II,MIA,MIN,2026_04_MIA_MIN,2026,4,NA,NA,15,20,18.44623447632089,-2.8906647946606836,-8.636342159881037,2.8550125705596705,-10.482431901275003,4.701102311953637,0.3195,0.1255,0.32286695322441733,0.18955659973245964,star_platt,star_platt,0.2378669532244173,0.10455659973245963,role_change_up,0.85,"Achane's Week 3 absence elevates Gordon to primary RB duties, increasing his snap and carry opportunity.",2026-10-04 16:05:00,2026-09-29 23:42:19,2026-09-29 23:42:07,live
RB,00-0036973,Travis Etienne,NO,ATL,2026_04_ATL_NO,2026,4,NA,NA,15,20,16.158294662064133,-0.9235007119235572,-6.335295057565622,4.4882936337185075,-8.074107975342555,6.2271065514954405,0.349,0.155,0.30987196638147924,0.12808589444476254,star_platt,star_platt,0.30987196638147924,0.12808589444476254,NA,NA,NA,2026-10-05 20:15:00,2026-09-29 23:42:19,2026-09-29 23:42:07,live
RB,00-0040666,Omarion Hampton,LAC,SEA,2026_04_LAC_SEA,2026,4,NA,NA,15,20,17.865840345345227,-2.0123254440185,-7.67555898961179,3.6509081015747906,-9.49515948004709,5.470508592010089,0.347,0.1545,0.3083695842660084,0.12775093793406922,star_platt,star_platt,0.3083695842660084,0.12775093793406922,NA,NA,NA,2026-10-04 16:25:00,2026-09-29 23:42:19,2026-09-29 23:42:07,live
RB,00-0033906,Alvin Kamara,NO,ATL,2026_04_ATL_NO,2026,4,NA,NA,15,20,14.171985459563704,-1.4628072366515623,-6.563025822181361,3.6374113488782354,-8.201729252799815,5.276114779496691,0.2595,0.0975,0.29315800081670573,0.1804385245880351,star_platt,star_platt,0.19815800081670576,0.08543852458803511,role_change_up,0.95,Etienne's extended absence directly increases Kamara's workload and role in Saints backfield.,2026-10-05 20:15:00,2026-09-29 23:42:19,2026-09-29 23:42:07,live
RB,00-0035685,David Montgomery,HOU,DAL,2026_04_DAL_HOU,2026,4,NA,NA,15,20,16.013459591793406,-0.9088702727461774,-6.298680849240407,4.480940303748053,-8.030430368200927,6.2126898227085725,0.3675,0.17,0.2700581016781891,0.133753099885819,star_platt,star_platt,0.2700581016781891,0.133753099885819,NA,NA,NA,2026-10-04 13:00:00,2026-09-29 23:42:19,2026-09-29 23:42:07,live
RB,00-0039361,Bucky Irving,TB,GB,2026_04_GB_TB,2026,4,NA,NA,15,20,18.924646011044576,-2.299194199245762,-8.11176627704956,3.5133778785580354,-9.979349331555971,5.38096093306445,0.387,0.1735,0.26644449166155537,0.06839236833575034,star_platt,star_platt,0.3384444916615554,0.14039236833575033,role_change_down,0.72,Tucker's return from hamstring injury to active status reduces Irving's snap share in the RB rotation.,2026-10-04 13:00:00,2026-09-29 23:42:19,2026-09-29 23:42:07,live
RB,00-0040583,Woody Marks,HOU,DAL,2026_04_DAL_HOU,2026,4,NA,NA,15,20,13.278685840496742,-0.8755618641303972,-5.827851498398369,4.076727770137575,-7.419025264188671,5.667901535927878,0.217,0.082,0.24207023801145844,0.14646664015398908,star_platt,star_platt,0.17007023801145846,0.0744666401539891,role_change_up,0.72,"Woody Marks is receiving goal-line/short-yardage opportunities over Montgomery, suggesting a shift in the touchdown opportunity split.",2026-10-04 13:00:00,2026-09-29 23:42:19,2026-09-29 23:42:07,live
RB,00-0040784,Quinshon Judkins,CLE,PIT,2026_04_PIT_CLE,2026,4,NA,NA,15,20,20.54452311179944,-2.310610857955999,-8.343053123722292,3.721831407810294,-10.28128060753358,5.660058891621583,0.431,0.2145,0.2287405907547116,0.0771587605459187,star_platt,star_platt,0.3137405907547116,0.1621587605459187,role_change_down,0.85,Sanders' continued involvement as a pass catcher is explicitly noted to be hurting Judkins' opportunity and fantasy value.,2026-10-01 20:15:00,2026-09-29 23:42:19,2026-09-29 23:42:07,live
RB,00-0040242,Jacory Croskey-Merritt,WAS,IND,2026_04_IND_WAS,2026,4,NA,NA,15,20,15.22828147069026,-0.8888824423312341,-6.15757342029341,4.379808535630941,-7.850407136273891,6.072642251611422,0.293,0.1275,0.22028606330812303,0.10589522587250222,star_platt,star_platt,0.22028606330812303,0.10589522587250222,NA,NA,NA,2026-10-04 09:30:00,2026-09-29 23:42:19,2026-09-29 23:42:07,live
RB,00-0040730,RJ Harvey,DEN,SF,2026_04_DEN_SF,2026,4,NA,NA,15,20,10.02956634016222,-0.5292516414260287,-4.891496774465944,3.832993491613886,-6.293088871909079,5.234585589057021,0.1245,0.034,0.2197249717064992,0.12361408908056916,star_platt,star_platt,0.1347249717064992,0.03861408908056917,role_change_up,0.85,Jonah Coleman's multi-week ankle absence creates expanded opportunity for RJ Harvey in the backfield committee.,2026-10-04 16:25:00,2026-09-29 23:42:19,2026-09-29 23:42:07,live
RB,00-0038551,Kendre Miller,NO,ATL,2026_04_ATL_NO,2026,4,NA,NA,15,20,10.808060125583236,-0.6087192667543995,-5.120905546685975,3.903467013177176,-6.570673828675268,5.353235295166469,0.1535,0.043,0.2124545668229158,0.1297982730575013,star_platt,star_platt,0.12745456682291578,0.04479827305750129,role_change_up,0.85,"Miller saw more touches than Donaldson in Week 1 despite Kamara/Estime absences, signaling potential opportunity in the Saints backfield committee.",2026-10-05 20:15:00,2026-09-29 23:42:19,2026-09-29 23:42:07,live
RB,00-0040719,Bhayshul Tuten,JAX,CIN,2026_04_JAX_CIN,2026,4,NA,NA,15,20,14.741169554522504,-1.0676340386156618,-6.259456949972801,4.1241888727414775,-7.927592907937957,5.792324830706633,0.2715,0.1085,0.20607803563109953,0.09304183797223796,star_platt,star_platt,0.20607803563109953,0.09304183797223796,NA,NA,NA,2026-10-04 13:00:00,2026-09-29 23:42:19,2026-09-29 23:42:07,live
RB,00-0036893,Najee Harris,NYG,ARI,2026_04_ARI_NYG,2026,4,NA,NA,15,20,9.61578133093818,-0.7921221505568393,-5.072066782630308,3.487822481516629,-6.447215677490328,4.86297137637665,0.122,0.0355,0.19763573091849657,0.13055176383007636,star_platt,star_platt,0.10563573091849654,0.03855176383007634,role_change_up,0.92,"Tyrone Tracy Jr. has been phased out of the offense with minimal touches, establishing Najee Harris as the clear lead back with substantially higher opportunity.",2026-10-04 13:00:00,2026-09-29 23:42:19,2026-09-29 23:42:07,live
RB,00-0039794,Braelon Allen,NYJ,CHI,2026_04_NYJ_CHI,2026,4,NA,NA,15,20,10.649006040995646,-1.902252160087298,-6.384297456435789,2.579793136261193,-7.824381421494049,4.019877101319453,0.1035,0.031,0.18745663002075344,0.12967099165438611,star_platt,star_platt,0.09245663002075344,0.03467099165438612,role_change_up,0.95,Hall's week-to-week quad injury creates a lead backfield role opportunity for Allen in the Jets offense.,2026-10-04 13:00:00,2026-09-29 23:42:19,2026-09-29 23:42:07,live
RB,00-0041496,Jonah Coleman,DEN,SF,2026_04_DEN_SF,2026,4,NA,NA,15,20,13.053706942898208,-0.6093381533210299,-5.523518204842007,4.304841898199947,-7.102447337791646,5.883771031149586,0.241,0.095,0.18594662327377853,0.08369085401495356,star_platt,star_platt,0.18594662327377853,0.08369085401495356,NA,NA,NA,2026-10-04 16:25:00,2026-09-29 23:42:19,2026-09-29 23:42:07,live
RB,00-0037525,Jordan Mason,MIN,MIA,2026_04_MIA_MIN,2026,4,NA,NA,15,20,13.357061131060968,-0.9427147808271964,-5.9081973661253055,4.022767804470913,-7.503610035356807,5.618180473702415,0.239,0.0825,0.18462563093717696,0.07482603377874801,star_platt,star_platt,0.18462563093717696,0.07482603377874801,NA,NA,NA,2026-10-04 16:05:00,2026-09-29 23:42:19,2026-09-29 23:42:07,live
RB,00-0036139,Rico Dowdle,PIT,CLE,2026_04_PIT_CLE,2026,4,NA,NA,15,20,12.639778494446269,-0.8697438947934686,-5.7128559620805195,3.9733681724935823,-7.268950907118746,5.529463117531809,0.184,0.0545,0.18363848489596085,0.05586762753065734,star_platt,star_platt,0.18363848489596085,0.05586762753065734,NA,NA,NA,2026-10-01 20:15:00,2026-09-29 23:42:19,2026-09-29 23:42:07,live
RB,00-0036875,Rhamondre Stevenson,NE,BUF,2026_04_NE_BUF,2026,4,NA,NA,15,20,13.956149861772186,-0.9172093784329604,-5.982165205015556,4.147746448149635,-7.609538689065878,5.775119932199957,0.236,0.0965,0.1826436262789817,0.08474038846815699,star_platt,star_platt,0.1826436262789817,0.08474038846815699,NA,NA,NA,2026-10-04 13:00:00,2026-09-29 23:42:19,2026-09-29 23:42:07,live
RB,00-0039811,MarShawn Lloyd,GB,TB,2026_04_GB_TB,2026,4,NA,NA,15,20,13.584660877504067,-1.0358382131505572,-6.039394092693158,3.967717666392043,-7.647039735246706,5.57536330894559,0.2265,0.084,0.1763621262034978,0.07590185090226871,star_platt,star_platt,0.1763621262034978,0.07590185090226871,NA,NA,NA,2026-10-04 13:00:00,2026-09-29 23:42:19,2026-09-29 23:42:07,live
RB,00-0041512,Jadarian Price,SEA,LAC,2026_04_LAC_SEA,2026,4,NA,NA,15,20,12.73644717590834,-0.6968093065430518,-5.556631358883255,4.16301274579715,-7.118095232600316,5.724476619514213,0.222,0.0835,0.17338326178972807,0.0755436355425845,star_platt,star_platt,0.17338326178972807,0.0755436355425845,NA,NA,NA,2026-10-04 16:25:00,2026-09-29 23:42:19,2026-09-29 23:42:07,live
RB,00-0040142,Kaleb Johnson,GB,TB,2026_04_GB_TB,2026,4,NA,NA,15,20,13.867948528568926,-1.7770086455148189,-6.82746836211614,3.2734510710865026,-8.450184236936863,4.8961669459072255,0.2105,0.073,0.16575748199286214,0.06792532591541683,star_platt,star_platt,0.16575748199286214,0.06792532591541683,NA,NA,NA,2026-10-04 13:00:00,2026-09-29 23:42:19,2026-09-29 23:42:07,live
RB,00-0041052,Kaelon Black,SF,DEN,2026_04_DEN_SF,2026,4,NA,NA,15,20,11.761620840089943,-0.24452755142128088,-4.932521388554089,4.443466285711527,-6.438776748946588,5.9497216461040265,0.2045,0.077,0.16176968276582093,0.07085006852102467,star_platt,star_platt,0.16176968276582093,0.07085006852102467,NA,NA,NA,2026-10-04 16:25:00,2026-09-29 23:42:19,2026-09-29 23:42:07,live
RB,00-0040236,Kyle Monangai,CHI,NYJ,2026_04_NYJ_CHI,2026,4,NA,NA,15,20,11.734482565741985,-0.7538406696794342,-5.436941347051188,3.92926000769232,-6.941624532143249,5.433943192784381,0.1795,0.0585,0.1450606918385204,0.05704759034029672,star_platt,star_platt,0.1450606918385204,0.05704759034029672,NA,NA,NA,2026-10-04 13:00:00,2026-09-29 23:42:19,2026-09-29 23:42:07,live
RB,00-0037256,Rachaad White,WAS,IND,2026_04_IND_WAS,2026,4,NA,NA,15,20,10.866085227811029,-0.4862512897047435,-5.0093728583237365,4.03687027891425,-6.462654655427405,5.490152076017917,0.1705,0.0465,0.13899792996018814,0.04763374956212464,star_platt,star_platt,0.13899792996018814,0.04763374956212464,NA,NA,NA,2026-10-04 09:30:00,2026-09-29 23:42:19,2026-09-29 23:42:07,live
RB,00-0038797,Emanuel Wilson,SEA,LAC,2026_04_LAC_SEA,2026,4,NA,NA,15,20,11.532880973406224,-0.8353189898783503,-5.4818741935685305,3.81123621381183,-6.974815295043729,5.3041773152870295,0.169,0.059,0.13798448105045127,0.05743085367484894,star_platt,star_platt,0.13798448105045127,0.05743085367484894,NA,NA,NA,2026-10-04 16:25:00,2026-09-29 23:42:19,2026-09-29 23:42:07,live
RB,00-0037746,Brian Robinson,ATL,NO,2026_04_ATL_NO,2026,4,NA,NA,15,20,10.622309455967931,-0.4054782589139594,-4.8824403929195235,4.071483875091605,-6.320891134728612,5.5099346169006935,0.1615,0.047,0.1329031101728356,0.04803515228632021,star_platt,star_platt,0.1329031101728356,0.04803515228632021,NA,NA,NA,2026-10-05 20:15:00,2026-09-29 23:42:19,2026-09-29 23:42:07,live
RB,00-0039603,British Brooks,HOU,DAL,2026_04_DAL_HOU,2026,4,NA,NA,15,20,10.593065901404838,-0.6010887393397525,-5.072474715359027,3.8702972366795216,-6.509133834109503,5.306956355429997,0.161,0.052,0.1325634715737284,0.05200287764602629,star_platt,star_platt,0.1325634715737284,0.05200287764602629,NA,NA,NA,2026-10-04 13:00:00,2026-09-29 23:42:19,2026-09-29 23:42:07,live
RB,00-0036919,Kenny Gainwell,TB,GB,2026_04_GB_TB,2026,4,NA,NA,15,20,10.338341235035491,-1.1059332725794777,-5.528387414613234,3.316520869454279,-6.949324704411904,4.737458159252949,0.1045,0.0265,0.11736769304046836,0.03178093742243513,star_platt,star_platt,0.11736769304046836,0.03178093742243513,NA,NA,NA,2026-10-04 13:00:00,2026-09-29 23:42:19,2026-09-29 23:42:07,live
RB,00-0041013,Emmett Johnson,KC,LV,2026_04_KC_LV,2026,4,NA,NA,15,20,9.823035410585575,-0.26634230932905467,-4.587746575101176,4.055061956443066,-5.97621647627393,5.44353185761582,0.138,0.0375,0.11679994257090376,0.04024251076184949,star_platt,star_platt,0.11679994257090376,0.04024251076184949,NA,NA,NA,2026-10-04 16:25:00,2026-09-29 23:42:19,2026-09-29 23:42:07,live
RB,00-0040878,Mike Washington Jr.,LV,KC,2026_04_KC_LV,2026,4,NA,NA,15,20,9.806446148457324,-0.3485777097257214,-4.666681170563052,3.9695257511116098,-6.054090521039845,5.356935101588402,0.131,0.04,0.11193872856985249,0.04232951880947343,star_platt,star_platt,0.11193872856985249,0.04232951880947343,NA,NA,NA,2026-10-04 16:25:00,2026-09-29 23:42:19,2026-09-29 23:42:07,live
RB,00-0038611,Chris Rodriguez Jr.,JAX,CIN,2026_04_JAX_CIN,2026,4,NA,NA,15,20,10.279362400975003,-0.678514609145114,-5.089545192016282,3.7325159737260543,-6.5068120850906395,5.149782866800412,0.129,0.037,0.11054343484787016,0.03982164706466869,star_platt,star_platt,0.11054343484787016,0.03982164706466869,NA,NA,NA,2026-10-04 13:00:00,2026-09-29 23:42:19,2026-09-29 23:42:07,live
RB,00-0034975,Justice Hill,BAL,TEN,2026_04_TEN_BAL,2026,4,NA,NA,15,20,8.984738314849006,-0.08999769031818332,-4.2406017156049405,4.060606334968574,-5.574193392376112,5.3941980117397454,0.1235,0.032,0.10669066867003624,0.03554320271808887,star_platt,star_platt,0.10669066867003624,0.03554320271808887,NA,NA,NA,2026-10-04 13:00:00,2026-09-29 23:42:19,2026-09-29 23:42:07,live
RB,00-0041081,Max Bredeson,MIN,MIA,2026_04_MIA_MIN,2026,4,NA,NA,15,20,9.487498502360207,-0.42727739190008057,-4.6813142546900455,3.826759470889885,-6.048138967028752,5.193584183228591,0.123,0.03,0.10633922802094913,0.03379274900493337,star_platt,star_platt,0.10633922802094913,0.03379274900493337,NA,NA,NA,2026-10-04 16:05:00,2026-09-29 23:42:19,2026-09-29 23:42:07,live
RB,00-0033526,Samaje Perine,CIN,JAX,2026_04_JAX_CIN,2026,4,NA,NA,15,20,9.340918664663004,-0.4038666511592976,-4.628064437469378,3.820331135150783,-5.985301835818679,5.177568533500083,0.1205,0.025,0.10457892220815448,0.02930132095265511,star_platt,star_platt,0.10457892220815448,0.02930132095265511,NA,NA,NA,2026-10-04 13:00:00,2026-09-29 23:42:19,2026-09-29 23:42:07,live
RB,00-0039344,Jonathon Brooks,CAR,DET,2026_04_DET_CAR,2026,4,NA,NA,15,20,9.993214878820954,-0.5419621473084333,-4.897052535444237,3.81312824082737,-6.296345808861901,5.212421514245035,0.1185,0.0325,0.10316685887443117,0.03597712195250222,star_platt,star_platt,0.10316685887443117,0.03597712195250222,NA,NA,NA,2026-10-04 20:20:00,2026-09-29 23:42:19,2026-09-29 23:42:07,live
RB,00-0040556,Corey Kiner,NE,BUF,2026_04_NE_BUF,2026,4,NA,NA,15,20,9.470190734633452,-0.5731999953804959,-4.823726751385134,3.677326760624142,-6.189423664212017,5.0430236734510245,0.114,0.0295,0.0999767228517557,0.03335128616239499,star_platt,star_platt,0.0999767228517557,0.03335128616239499,NA,NA,NA,2026-10-04 13:00:00,2026-09-29 23:42:19,2026-09-29 23:42:07,live
RB,00-0029892,Kyle Juszczyk,SF,DEN,2026_04_DEN_SF,2026,4,NA,NA,15,20,8.456808115510993,0.3302050294604001,-3.7083141178842456,4.3687241768050455,-5.005892853067914,5.666302911988714,0.1135,0.033,0.09962111234266507,0.03640962189892723,star_platt,star_platt,0.09962111234266507,0.03640962189892723,NA,NA,NA,2026-10-04 16:25:00,2026-09-29 23:42:19,2026-09-29 23:42:07,live
RB,00-0039364,Sione Vaki,DET,CAR,2026_04_DET_CAR,2026,4,NA,NA,15,20,8.45268786144492,0.3264502236127408,-3.711179292162936,4.364079739388417,-5.0084721881654755,5.661372635390958,0.1125,0.0325,0.09890917922278816,0.03597712195250222,star_platt,star_platt,0.09890917922278816,0.03597712195250222,NA,NA,NA,2026-10-04 20:20:00,2026-09-29 23:42:19,2026-09-29 23:42:07,live
RB,00-0040177,Jordan James,SF,DEN,2026_04_DEN_SF,2026,4,NA,NA,15,20,9.330365436630538,-0.2935515008245552,-4.5155911104518625,3.928488108802752,-5.872135085279282,5.285032083630172,0.1115,0.03,0.09819628428531586,0.03379274900493337,star_platt,star_platt,0.09819628428531586,0.03379274900493337,NA,NA,NA,2026-10-04 16:25:00,2026-09-29 23:42:19,2026-09-29 23:42:07,live
RB,00-0039875,Ray Davis,BUF,NE,2026_04_NE_BUF,2026,4,NA,NA,15,20,8.265410510038267,-0.14662019516344552,-4.1435596854700005,3.8503192951431098,-5.427778850766688,5.134538460439797,0.1095,0.0245,0.09676754842776412,0.02884203232726897,star_platt,star_platt,0.09676754842776412,0.02884203232726897,NA,NA,NA,2026-10-04 13:00:00,2026-09-29 23:42:19,2026-09-29 23:42:07,live
RB,00-0036842,Kene Nwangwu,NYJ,CHI,2026_04_NYJ_CHI,2026,4,NA,NA,15,20,10.053864156892534,-1.1457959517143317,-5.5128154949060715,3.221223591477409,-6.915941613325714,4.624349709897052,0.108,0.032,0.09569335765117672,0.03554320271808887,star_platt,star_platt,0.09569335765117672,0.03554320271808887,NA,NA,NA,2026-10-04 13:00:00,2026-09-29 23:42:19,2026-09-29 23:42:07,live
RB,00-0039874,Jaylen Wright,MIA,MIN,2026_04_MIA_MIN,2026,4,NA,NA,15,20,10.359598949301551,-1.3388559686577557,-5.765418741559299,3.087706804243788,-7.187676137032907,4.5099641997173965,0.106,0.027,0.09425748197346266,0.03111915821997442,star_platt,star_platt,0.09425748197346266,0.03111915821997442,NA,NA,NA,2026-10-04 16:05:00,2026-09-29 23:42:19,2026-09-29 23:42:07,live
RB,00-0041490,Eli Heidenreich,PIT,CLE,2026_04_PIT_CLE,2026,4,NA,NA,15,20,9.385120145073442,-0.8039793471610757,-5.037202025195886,3.4292433308737342,-6.397339126917163,4.789380432595011,0.105,0.0245,0.0935379549453693,0.02884203232726897,star_platt,star_platt,0.0935379549453693,0.02884203232726897,NA,NA,NA,2026-10-01 20:15:00,2026-09-29 23:42:19,2026-09-29 23:42:07,live
RB,00-0039299,George Holani,SEA,LAC,2026_04_LAC_SEA,2026,4,NA,NA,15,20,9.720273140716069,-0.9693338855267086,-5.270241870084706,3.3315740990312888,-6.652126303247167,4.71345853219375,0.1015,0.032,0.09101097357077824,0.03554320271808887,star_platt,star_platt,0.09101097357077824,0.03554320271808887,NA,NA,NA,2026-10-04 16:25:00,2026-09-29 23:42:19,2026-09-29 23:42:07,live
RB,00-0035537,Ty Johnson,BUF,NE,2026_04_NE_BUF,2026,4,NA,NA,15,20,8.074779271754595,0.0966298698383972,-3.8583686787689984,4.051628418445793,-5.129112193190491,5.322371932867285,0.101,0.021,0.09064884979649196,0.02556699914983386,star_platt,star_platt,0.09064884979649196,0.02556699914983386,NA,NA,NA,2026-10-04 13:00:00,2026-09-29 23:42:19,2026-09-29 23:42:07,live
RB,00-0040179,DJ Giddens,IND,WAS,2026_04_IND_WAS,2026,4,NA,NA,15,20,9.76688707687413,-0.8008063499494218,-5.111026280768818,3.509413580869974,-6.4959026481059405,4.8942899482070965,0.1,0.0285,0.08992373445033701,0.0324635076245836,star_platt,star_platt,0.08992373445033701,0.0324635076245836,NA,NA,NA,2026-10-04 09:30:00,2026-09-29 23:42:19,2026-09-29 23:42:07,live
RB,00-0041398,Riley Nowakowski,PIT,CLE,2026_04_PIT_CLE,2026,4,NA,NA,15,20,9.09374496994173,-0.6283904469853046,-4.801684472566977,3.5449035785963687,-6.1425664606651,4.885785566694492,0.0995,0.0245,0.08956073815149684,0.02884203232726897,star_platt,star_platt,0.08956073815149684,0.02884203232726897,NA,NA,NA,2026-10-01 20:15:00,2026-09-29 23:42:19,2026-09-29 23:42:07,live
RB,00-0039796,Rasheen Ali,BAL,TEN,2026_04_TEN_BAL,2026,4,NA,NA,15,20,8.931174437587313,-0.5953187030684227,-4.7347179997516315,3.544080593614786,-6.064709590194371,4.874072184057526,0.0985,0.029,0.08883385629631631,0.03290821744842058,star_platt,star_platt,0.08883385629631631,0.03290821744842058,NA,NA,NA,2026-10-04 13:00:00,2026-09-29 23:42:19,2026-09-29 23:42:07,live
RB,00-0039032,Tyjae Spears,TEN,BAL,2026_04_TEN_BAL,2026,4,NA,NA,15,20,10.466542871328212,-1.378880197561539,-5.826043048202091,3.068282653079012,-7.254919261574543,4.497158866451464,0.0975,0.0215,0.08810577245557405,0.02604171106345382,star_platt,star_platt,0.08810577245557405,0.02604171106345382,NA,NA,NA,2026-10-04 13:00:00,2026-09-29 23:42:19,2026-09-29 23:42:07,live
RB,00-0038555,Tank Bigsby,PHI,LA,2026_04_LA_PHI,2026,4,NA,NA,15,20,9.266466979450351,-0.9915764711398388,-5.200519934642962,3.2173669923632837,-6.552856109506186,4.569703167226507,0.097,0.023,0.08774127357552217,0.0274517694282458,star_platt,star_platt,0.08774127357552217,0.0274517694282458,NA,NA,NA,2026-10-04 13:00:00,2026-09-29 23:42:19,2026-09-29 23:42:07,live
RB,00-0038454,Keaton Mitchell,LAC,SEA,2026_04_LAC_SEA,2026,4,NA,NA,15,20,9.941523579761746,-1.2037276383610438,-5.548619472860292,3.141164196138204,-6.944635944597537,4.537180667875449,0.0915,0.025,0.08371087946584485,0.02930132095265511,star_platt,star_platt,0.08371087946584485,0.02930132095265511,NA,NA,NA,2026-10-04 16:25:00,2026-09-29 23:42:19,2026-09-29 23:42:07,live
RB,00-0039021,Roschon Johnson,CHI,NYJ,2026_04_NYJ_CHI,2026,4,NA,NA,15,20,9.191488894708234,-0.7187208279179838,-4.912234094645228,3.4747924388092604,-6.259612537605845,4.8221708817698765,0.0915,0.0225,0.08371087946584485,0.02698403024064909,star_platt,star_platt,0.08371087946584485,0.02698403024064909,NA,NA,NA,2026-10-04 13:00:00,2026-09-29 23:42:19,2026-09-29 23:42:07,live
RB,00-0038685,Chris Brooks,GB,TB,2026_04_GB_TB,2026,4,NA,NA,15,20,9.234175034384048,-1.1017440602461177,-5.3040503860662,3.1005622655739646,-6.6542540444287495,4.4507659239365145,0.0905,0.02,0.08297379776869246,0.0246101145801613,star_platt,star_platt,0.08297379776869246,0.0246101145801613,NA,NA,NA,2026-10-04 13:00:00,2026-09-29 23:42:19,2026-09-29 23:42:07,live
RB,00-0041326,CJ Donaldson,NO,ATL,2026_04_ATL_NO,2026,4,NA,NA,15,20,8.556177404025405,-0.2284900972016743,-4.288393224362596,3.831413029959248,-5.592842645674232,5.135862451270884,0.0905,0.0195,0.08297379776869246,0.02412778780195284,star_platt,star_platt,0.08297379776869246,0.02412778780195284,NA,NA,NA,2026-10-05 20:15:00,2026-09-29 23:42:19,2026-09-29 23:42:07,live
RB,00-0038896,Jacob Saylors,DET,CAR,2026_04_DET_CAR,2026,4,NA,NA,15,20,8.462748424995654,-0.1235783131985284,-4.1633796545100745,3.9162230281130177,-5.461370359419557,5.2142137330225,0.09,0.021,0.08260474290782377,0.02556699914983386,star_platt,star_platt,0.08260474290782377,0.02556699914983386,NA,NA,NA,2026-10-04 20:20:00,2026-09-29 23:42:19,2026-09-29 23:42:07,live
RB,00-0040208,Tahj Brooks,CIN,JAX,2026_04_JAX_CIN,2026,4,NA,NA,15,20,9.101686785730925,-1.0400061313151003,-5.214947426515666,3.1349351638854657,-6.556358683375581,4.476346420745381,0.09,0.017,0.08260474290782377,0.02167380784111855,star_platt,star_platt,0.08260474290782377,0.02167380784111855,NA,NA,NA,2026-10-04 13:00:00,2026-09-29 23:42:19,2026-09-29 23:42:07,live
RB,00-0039471,Frank Gore Jr.,BUF,NE,2026_04_NE_BUF,2026,4,NA,NA,15,20,8.153690009043821,-0.12766706488963853,-4.10009194062981,3.844757810850534,-5.376434544889644,5.121100415110368,0.0895,0.0195,0.08223534142529339,0.02412778780195284,star_platt,star_platt,0.08223534142529339,0.02412778780195284,NA,NA,NA,2026-10-04 13:00:00,2026-09-29 23:42:19,2026-09-29 23:42:07,live
RB,00-0041096,Kaytron Allen,WAS,IND,2026_04_IND_WAS,2026,4,NA,NA,15,20,8.643308501998092,-0.6429409109386718,-4.721482696336429,3.435600874459086,-6.031920730230571,4.746038908353228,0.087,0.0165,0.0803830282729018,0.02117384320736757,star_platt,star_platt,0.0803830282729018,0.02117384320736757,NA,NA,NA,2026-10-04 09:30:00,2026-09-29 23:42:19,2026-09-29 23:42:07,live
RB,00-0041104,Demond Claiborne,MIN,MIA,2026_04_MIA_MIN,2026,4,NA,NA,15,20,8.487005794372518,-0.7447996972684303,-4.789831790816081,3.3002323962792204,-6.089503139699988,4.599903745163128,0.087,0.022,0.0803830282729018,0.02651403222322637,star_platt,star_platt,0.0803830282729018,0.02651403222322637,NA,NA,NA,2026-10-04 16:05:00,2026-09-29 23:42:19,2026-09-29 23:42:07,live
RB,00-0034959,Andrew Beck,NYJ,CHI,2026_04_NYJ_CHI,2026,4,NA,NA,15,20,8.616419670172576,-0.5538989572894544,-4.6266998430618855,3.5189019284829772,-5.935293322305458,4.827495407726549,0.087,0.0225,0.0803830282729018,0.02698403024064909,star_platt,star_platt,0.0803830282729018,0.02698403024064909,NA,NA,NA,2026-10-04 13:00:00,2026-09-29 23:42:19,2026-09-29 23:42:07,live
RB,00-0035250,Devin Singletary,NYG,ARI,2026_04_ARI_NYG,2026,4,NA,NA,15,20,9.126203526054224,-0.7636641156750131,-4.943685643404039,3.4163574120540128,-6.286729182161899,4.759400950811873,0.0865,0.022,0.0800114826934787,0.02651403222322637,star_platt,star_platt,0.0800114826934787,0.02651403222322637,NA,NA,NA,2026-10-04 13:00:00,2026-09-29 23:42:19,2026-09-29 23:42:07,live
RB,00-0039407,Dylan Laube,LV,KC,2026_04_KC_LV,2026,4,NA,NA,15,20,9.198848545466625,-1.2587608646645303,-5.453791764044343,2.936270034715282,-6.801657823328158,4.284136093999097,0.0865,0.023,0.0800114826934787,0.0274517694282458,star_platt,star_platt,0.0800114826934787,0.0274517694282458,NA,NA,NA,2026-10-04 16:25:00,2026-09-29 23:42:19,2026-09-29 23:42:07,live
RB,00-0038489,Ben VanSumeren,KC,LV,2026_04_KC_LV,2026,4,NA,NA,15,20,8.496033278631192,-0.5491639586872412,-4.596140607305502,3.49781268993102,-5.896436742953309,4.798108825578828,0.0845,0.017,0.07852158318829879,0.02167380784111855,star_platt,star_platt,0.07852158318829879,0.02167380784111855,NA,NA,NA,2026-10-04 16:25:00,2026-09-29 23:42:19,2026-09-29 23:42:07,live
RB,00-0036265,AJ Dillon,CAR,DET,2026_04_DET_CAR,2026,4,NA,NA,15,20,9.387118423721484,-1.0290548477381107,-5.26268497597197,3.204575280495748,-6.6229529916977725,4.56484329622155,0.0815,0.021,0.07627520997144287,0.02556699914983386,star_platt,star_platt,0.07627520997144287,0.02556699914983386,NA,NA,NA,2026-10-04 20:20:00,2026-09-29 23:42:19,2026-09-29 23:42:07,live
RB,00-0032104,Ameer Abdullah,JAX,CIN,2026_04_JAX_CIN,2026,4,NA,NA,15,20,8.053599999465309,-0.5411376457231712,-4.491443182757513,3.409167891311171,-5.760678829616915,4.678403538170573,0.081,0.019,0.07589942483762847,0.02364276137700072,star_platt,star_platt,0.07589942483762847,0.02364276137700072,NA,NA,NA,2026-10-04 13:00:00,2026-09-29 23:42:19,2026-09-29 23:42:07,live
RB,00-0040466,Raheim Sanders,CLE,PIT,2026_04_PIT_CLE,2026,4,NA,NA,15,20,9.000458579152326,-0.7179934386891583,-4.871878947417713,3.435892070039396,-6.206524966877029,4.770538089498712,0.081,0.018,0.07589942483762847,0.02266425044821627,star_platt,star_platt,0.07589942483762847,0.02266425044821627,NA,NA,NA,2026-10-01 20:15:00,2026-09-29 23:42:19,2026-09-29 23:42:07,live
RB,00-0038951,Sean Tucker,TB,GB,2026_04_GB_TB,2026,4,NA,NA,15,20,9.087286190886031,-1.1044429084580862,-5.276396690541044,3.0675108736248715,-6.616848057562368,4.407962240646196,0.081,0.0185,0.07589942483762847,0.02315494684038758,star_platt,star_platt,0.07589942483762847,0.02315494684038758,NA,NA,NA,2026-10-04 13:00:00,2026-09-29 23:42:19,2026-09-29 23:42:07,live
RB,00-0041125,Seth McGowan,IND,WAS,2026_04_IND_WAS,2026,4,NA,NA,15,20,8.584457214084898,-0.5896607210274154,-4.655624678973579,3.476303236918748,-5.96202144901814,4.78270000696331,0.08,0.0215,0.0751466304784396,0.02604171106345382,star_platt,star_platt,0.0751466304784396,0.02604171106345382,NA,NA,NA,2026-10-04 09:30:00,2026-09-29 23:42:19,2026-09-29 23:42:07,live
RB,00-0037085,Tyler Badie,DEN,SF,2026_04_DEN_SF,2026,4,NA,NA,15,20,8.434792783394853,-0.32999544954066856,-4.363758359809519,3.7037674607281814,-5.659808913037406,4.999818013956068,0.0795,0.015,0.07476961367365484,0.0196535064447878,star_platt,star_platt,0.07476961367365484,0.0196535064447878,NA,NA,NA,2026-10-04 16:25:00,2026-09-29 23:42:19,2026-09-29 23:42:07,live
RB,00-0037557,Ronnie Rivers,LA,PHI,2026_04_LA_PHI,2026,4,NA,NA,15,20,8.514884931262024,-0.7515579677727606,-4.8025916880852275,3.2994757525397063,-6.104191363413162,4.601075427867641,0.079,0.0185,0.07439217864743863,0.02315494684038758,star_platt,star_platt,0.07439217864743863,0.02315494684038758,NA,NA,NA,2026-10-04 13:00:00,2026-09-29 23:42:19,2026-09-29 23:42:07,live
RB,00-0031595,Michael Burton,CLE,PIT,2026_04_PIT_CLE,2026,4,NA,NA,15,20,8.242005044376276,-0.7161924292252934,-4.70801120867805,3.2756263502274634,-5.9905850863654715,4.558200227914885,0.0785,0.015,0.07401432148099468,0.0196535064447878,star_platt,star_platt,0.07401432148099468,0.0196535064447878,NA,NA,NA,2026-10-01 20:15:00,2026-09-29 23:42:19,2026-09-29 23:42:07,live
RB,00-0038409,Lew Nichols III,PIT,CLE,2026_04_PIT_CLE,2026,4,NA,NA,15,20,8.460288904050913,-0.8298355039860386,-4.869106026582108,3.20943501861003,-6.166926179105354,4.507255171133276,0.078,0.019,0.07363603820199834,0.02364276137700072,star_platt,star_platt,0.07363603820199834,0.02364276137700072,NA,NA,NA,2026-10-01 20:15:00,2026-09-29 23:42:19,2026-09-29 23:42:07,live
RB,00-0038488,Brady Russell,SEA,LAC,2026_04_LAC_SEA,2026,4,NA,NA,15,20,7.69661104931715,-0.1854877577047223,-4.055648966575591,3.684673451166146,-5.299134190525922,4.928158675116477,0.078,0.0205,0.07363603820199834,0.02508982531954969,star_platt,star_platt,0.07363603820199834,0.02508982531954969,NA,NA,NA,2026-10-04 16:25:00,2026-09-29 23:42:19,2026-09-29 23:42:07,live
RB,00-0039391,Kimani Vidal,LAC,SEA,2026_04_LAC_SEA,2026,4,NA,NA,15,20,9.078594392588364,-1.1287268454438664,-5.298876192264047,3.0414225013763145,-6.638747793103619,4.381294102215886,0.076,0.0175,0.07211856257834542,0.02217057270615393,star_platt,star_platt,0.07211856257834542,0.02217057270615393,NA,NA,NA,2026-10-04 16:25:00,2026-09-29 23:42:19,2026-09-29 23:42:07,live
RB,00-0039798,Isaiah Davis,NYJ,CHI,2026_04_NYJ_CHI,2026,4,NA,NA,15,20,8.814404287295035,-0.6760881048390021,-4.790932596443945,3.4387563867659403,-6.113034712613152,4.760858502935148,0.076,0.016,0.07211856257834542,0.02067055861659623,star_platt,star_platt,0.07211856257834542,0.02067055861659623,NA,NA,NA,2026-10-04 13:00:00,2026-09-29 23:42:19,2026-09-29 23:42:07,live
RB,00-0037304,Connor Heyward,LV,KC,2026_04_KC_LV,2026,4,NA,NA,15,20,7.772434237386097,-0.1148678635127168,-4.002219089846765,3.772483362821331,-5.251227477190371,5.021491750164937,0.075,0.0195,0.07135716068739006,0.02412778780195284,star_platt,star_platt,0.07135716068739006,0.02412778780195284,NA,NA,NA,2026-10-04 16:25:00,2026-09-29 23:42:19,2026-09-29 23:42:07,live
RB,00-0038794,Jaleel McLaughlin,CLE,PIT,2026_04_PIT_CLE,2026,4,NA,NA,15,20,8.718346925298682,-0.7489429301523328,-4.843454225111813,3.3455683648071477,-6.1590232724449345,4.6611374121402696,0.075,0.0175,0.07135716068739006,0.02217057270615393,star_platt,star_platt,0.07135716068739006,0.02217057270615393,NA,NA,NA,2026-10-01 20:15:00,2026-09-29 23:42:19,2026-09-29 23:42:07,live
RB,00-0039686,Colson Yankoff,WAS,IND,2026_04_IND_WAS,2026,4,NA,NA,15,20,7.662456109115933,-0.33674402522625063,-4.199131593318698,3.525643542866196,-5.440119141610943,4.766631091158441,0.075,0.0135,0.07135716068739006,0.01809949682708719,star_platt,star_platt,0.07135716068739006,0.01809949682708719,NA,NA,NA,2026-10-04 09:30:00,2026-09-29 23:42:19,2026-09-29 23:42:07,live
RB,00-0039738,Blake Corum,LA,PHI,2026_04_LA_PHI,2026,4,NA,NA,15,20,11.378399633990863,-0.8126348983046453,-5.430948864081482,3.805679067472191,-6.914816038100941,5.289546241491651,0.1765,0.0605,0.07104304626949305,0,star_platt,star_platt,0.14304304626949305,0.05857680964967041,role_change_down,0.72,"Impact note explicitly warns that Corum is approaching equal touch parity with Williams despite Williams' strong performance, signaling potential opportunity compression in the backfield.",2026-10-04 13:00:00,2026-09-29 23:42:19,2026-09-29 23:42:07,live
RB,00-0039384,Tyrone Tracy Jr.,NYG,ARI,2026_04_ARI_NYG,2026,4,NA,NA,15,20,8.555168033455127,-0.8399653785217813,-4.899651978160907,3.2197212211173447,-6.204031829043974,4.524101072000412,0.072,0.0145,0.06906187805088458,0.01913945341492905,star_platt,star_platt,0.06906187805088458,0.01913945341492905,NA,NA,NA,2026-10-04 13:00:00,2026-09-29 23:42:19,2026-09-29 23:42:07,live
RB,00-0036727,Adam Prentice,DEN,SF,2026_04_DEN_SF,2026,4,NA,NA,15,20,7.678462434856616,-0.3945437117370709,-4.260576667309361,3.4714892438352196,-5.502735480885431,4.71364805741129,0.0715,0.014,0.06867766734125103,0.01862150742124698,star_platt,star_platt,0.06867766734125103,0.01862150742124698,NA,NA,NA,2026-10-04 16:25:00,2026-09-29 23:42:19,2026-09-29 23:42:07,live
RB,00-0035594,Travis Homer,PIT,CLE,2026_04_PIT_CLE,2026,4,NA,NA,15,20,8.460288904050913,-0.740661008437057,-4.779931531033125,3.2986095141590117,-6.077751683556372,4.596429666682258,0.07,0.0165,0.06752208733258755,0.02117384320736757,star_platt,star_platt,0.06752208733258755,0.02117384320736757,NA,NA,NA,2026-10-01 20:15:00,2026-09-29 23:42:19,2026-09-29 23:42:07,live
RB,00-0038738,Hunter Luepke,DAL,HOU,2026_04_DAL_HOU,2026,4,NA,NA,15,20,8.118580039738772,-0.5720099225868915,-4.536692718321117,3.3926728731473332,-5.810547787418858,4.666527942245074,0.07,0.017,0.06752208733258755,0.02167380784111855,star_platt,star_platt,0.06752208733258755,0.02167380784111855,NA,NA,NA,2026-10-04 13:00:00,2026-09-29 23:42:19,2026-09-29 23:42:07,live
RB,00-0041436,DJ Herman,MIA,MIN,2026_04_MIA_MIN,2026,4,NA,NA,15,20,8.707731900254634,-0.9256853537171909,-5.017942168499611,3.16657146106523,-6.332786849937731,4.481416142503349,0.07,0.013,0.06752208733258755,0.01757323592880743,star_platt,star_platt,0.06752208733258755,0.01757323592880743,NA,NA,NA,2026-10-04 16:05:00,2026-09-29 23:42:19,2026-09-29 23:42:07,live
RB,00-0038705,Emari Demercado,DAL,HOU,2026_04_DAL_HOU,2026,4,NA,NA,15,20,8.34296939647577,-1.0903159899296349,-5.104167471522745,2.9235354916634755,-6.393820470227769,4.213188490368499,0.0675,0.0185,0.06558598962415449,0.02315494684038758,star_platt,star_platt,0.06558598962415449,0.02315494684038758,NA,NA,NA,2026-10-04 13:00:00,2026-09-29 23:42:19,2026-09-29 23:42:07,live
RB,00-0033376,Patrick Ricard,NYG,ARI,2026_04_ARI_NYG,2026,4,NA,NA,15,20,7.9037855663852286,-0.6570106892197661,-4.573924729933265,3.2599033514937323,-5.832431668080123,4.518410289640591,0.063,0.013,0.06206715372667457,0.01757323592880743,star_platt,star_platt,0.06206715372667457,0.01757323592880743,NA,NA,NA,2026-10-04 13:00:00,2026-09-29 23:42:19,2026-09-29 23:42:07,live
RB,00-0036187,Reggie Gilliam,NE,BUF,2026_04_NE_BUF,2026,4,NA,NA,15,20,7.663434142944528,-0.4638428663606592,-4.326453298022351,3.398767565301032,-5.567512452519185,4.639826719797866,0.063,0.015,0.06206715372667457,0.0196535064447878,star_platt,star_platt,0.06206715372667457,0.0196535064447878,NA,NA,NA,2026-10-04 13:00:00,2026-09-29 23:42:19,2026-09-29 23:42:07,live
RB,00-0040078,Brashard Smith,KC,LV,2026_04_KC_LV,2026,4,NA,NA,15,20,7.625808418130146,-0.7085334797264613,-4.562558914362026,3.1454919549091036,-5.800859703929467,4.383792744476544,0.0625,0.0175,0.06167333802910911,0.02217057270615393,star_platt,star_platt,0.06167333802910911,0.02217057270615393,NA,NA,NA,2026-10-04 16:25:00,2026-09-29 23:42:19,2026-09-29 23:42:07,live
RB,00-0039746,Will Shipley,PHI,LA,2026_04_LA_PHI,2026,4,NA,NA,15,20,7.982830505796883,-1.0649054448418185,-4.999480273734701,2.8696693840510648,-6.26366163420124,4.133850744517604,0.0615,0.0135,0.06088393077118446,0.01809949682708719,star_platt,star_platt,0.06088393077118446,0.01809949682708719,NA,NA,NA,2026-10-04 13:00:00,2026-09-29 23:42:19,2026-09-29 23:42:07,live
RB,00-0040568,Lan Larison,NE,BUF,2026_04_NE_BUF,2026,4,NA,NA,15,20,7.353753882874214,-0.5029176869411333,-4.294166139827419,3.2883307659451524,-5.512296645782254,4.506461271899988,0.06,0.0115,0.05969527961108111,0.01596684463720429,star_platt,star_platt,0.05969527961108111,0.01596684463720429,NA,NA,NA,2026-10-04 13:00:00,2026-09-29 23:42:19,2026-09-29 23:42:07,live
RB,00-0037157,Bam Knight,ARI,NYG,2026_04_ARI_NYG,2026,4,NA,NA,15,20,8.605459370544974,-1.0278193052406142,-5.098277296579756,3.0426386860985275,-6.4061180023723425,4.350479391891114,0.0595,0.0135,0.0592978241457535,0.01809949682708719,star_platt,star_platt,0.0592978241457535,0.01809949682708719,NA,NA,NA,2026-10-04 13:00:00,2026-09-29 23:42:19,2026-09-29 23:42:07,live
RB,00-0040886,Nicholas Singleton,TEN,BAL,2026_04_TEN_BAL,2026,4,NA,NA,15,20,8.45944844791032,-1.0997698244705478,-5.1388589387633274,2.9393192898222313,-6.43662080468494,4.2370811557438435,0.0585,0.011,0.0585010125763277,0.01542137648173537,star_platt,star_platt,0.0585010125763277,0.01542137648173537,NA,NA,NA,2026-10-04 13:00:00,2026-09-29 23:42:19,2026-09-29 23:42:07,live
RB,00-0040238,LeQuint Allen Jr.,JAX,CIN,2026_04_JAX_CIN,2026,4,NA,NA,15,20,7.615212627083168,-1.1216174378502777,-4.97322106277047,2.7299861870699154,-6.210743723357293,3.967508847656738,0.055,0.0075,0.05569141587891971,0.01142937936244767,star_platt,star_platt,0.05569141587891971,0.01142937936244767,NA,NA,NA,2026-10-04 13:00:00,2026-09-29 23:42:19,2026-09-29 23:42:07,live
RB,00-0035125,Alec Ingold,LAC,SEA,2026_04_LAC_SEA,2026,4,NA,NA,15,20,7.310599043022087,-0.7685939389689109,-4.54976808938568,3.012580211447858,-5.764661715638002,4.22747383770018,0.0455,0.008,0.04788230426151348,0.01202128481681274,star_platt,star_platt,0.04788230426151348,0.01202128481681274,NA,NA,NA,2026-10-04 16:25:00,2026-09-29 23:42:19,2026-09-29 23:42:07,live
RB,00-0037594,Julius Chestnut,TEN,BAL,2026_04_TEN_BAL,2026,4,NA,NA,15,20,8.649031227562704,-1.837608956618605,-5.917371308962746,2.2421533957255373,-7.2282015117823555,3.5529835985451457,0.0455,0.0115,0.04788230426151348,0.01596684463720429,star_platt,star_platt,0.04788230426151348,0.01596684463720429,NA,NA,NA,2026-10-04 13:00:00,2026-09-29 23:42:19,2026-09-29 23:42:07,live
RB,00-0037263,Tyler Allgeier,ARI,NYG,2026_04_ARI_NYG,2026,4,NA,NA,15,20,11.3782287165838,-1.049329749126013,-5.667612352964689,3.5689528547126628,-7.151469450373746,5.05280995212172,0.145,0.045,0.03662909844391712,0,star_platt,star_platt,0.12162909844391712,0.0464241510019439,role_change_down,0.85,"Allgeier ceded significant snap share to backup Jeremiah Love for the first time this season, signaling a potential shift in the Cardinals' RB committee and reduced opportunity going forward.",2026-10-04 13:00:00,2026-09-29 23:42:19,2026-09-29 23:42:07,live
RB,00-0037120,Tyler Goodson,DAL,HOU,2026_04_DAL_HOU,2026,4,NA,NA,15,20,9.731121788053091,-1.150029792574052,-5.453107164358128,3.153047579210023,-6.835688622997067,4.535629037848961,0.1005,0.03,0.01828643754003693,0,star_platt,star_platt,0.09028643754003692,0.03379274900493337,role_change_down,0.72,"Signing of RB depth piece to active roster implies potential snap/carry redistribution in Cowboys backfield, though impact depends on Elliott/Pollard usage patterns.",2026-10-04 13:00:00,2026-09-29 23:42:19,2026-09-29 23:42:07,live
RB,00-0036425,DeeJay Dallas,MIN,MIA,2026_04_MIA_MIN,2026,4,NA,NA,15,20,8.93804282435999,-0.47559739609858,-4.616435506467302,3.6652407142701415,-5.946889388649685,4.995694596452525,0.105,0.031,0,0,star_platt,star_platt,0.0935379549453693,0.03467099165438612,role_change_down,0.95,"Aaron Jones Sr.'s return from knee injury renders Dallas irrelevant in the backfield committee, reducing his opportunity for carries and touches.",2026-10-04 16:05:00,2026-09-29 23:42:19,2026-09-29 23:42:07,live
TE,00-0040128,Tyler Warren,IND,WAS,2026_04_IND_WAS,2026,4,NA,NA,12,17,7.353652487925901,1.7231080365571794,-2.9104072001935553,7.008058027140426,-4.875929453077019,8.540034295798723,0.52,0.248,0.6203494971084966,0.35418175662033413,platt_vol_vegas,platt,0.5353494971084967,0.2691817566203341,role_change_up,0.85,"Impact note explicitly states Warren should continue to see plenty of targets with Alec Pierce out, indicating increased opportunity in the offense.",2026-10-04 09:30:00,2026-09-29 23:42:19,2026-09-29 23:42:07,live
TE,00-0037744,Trey McBride,ARI,NYG,2026_04_ARI_NYG,2026,4,NA,NA,12,17,8.08829599460351,1.7821866050361168,-3.114539793813872,7.3673531175430815,-5.191715374652332,8.986354729462102,0.595,0.3205,0.6012592729753459,0.3463849592023678,platt_vol_vegas,platt,0.6012592729753459,0.3463849592023678,NA,NA,NA,2026-10-04 13:00:00,2026-09-29 23:42:19,2026-09-29 23:42:07,live
TE,00-0039338,Brock Bowers,LV,KC,2026_04_KC_LV,2026,4,NA,NA,12,17,7.95608513200416,1.4540899949838393,-3.3960323977280247,6.986100355149424,-5.4534387091333185,8.589693313426446,0.5335,0.2795,0.5625006129645463,0.30286303332509984,platt_vol_vegas,platt,0.5625006129645463,0.30286303332509984,NA,NA,NA,2026-10-04 16:25:00,2026-09-29 23:42:19,2026-09-29 23:42:07,live
TE,00-0033288,George Kittle,SF,DEN,2026_04_DEN_SF,2026,4,NA,NA,12,17,6.798520379506658,2.531155845837703,-1.896062469441557,7.580805236880335,-3.774074232095603,9.044573682354006,0.558,0.2705,0.5482004350622796,0.3782607781215189,platt_vol_vegas,platt,0.4632004350622796,0.2932607781215189,role_change_up,0.85,Tonges' IR placement directly increases Kittle's snap count and target share as the primary tight end in the offense.,2026-10-04 16:25:00,2026-09-29 23:42:19,2026-09-29 23:42:07,live
TE,00-0038933,Dalton Kincaid,BUF,NE,2026_04_NE_BUF,2026,4,NA,NA,12,17,6.879759349601094,2.663555491808043,-1.7942827995442254,7.748129779822026,-3.685283457514058,9.22202208899181,0.557,0.2795,0.49633483027509223,0.30286303332509984,platt_vol_vegas,platt,0.49633483027509223,0.30286303332509984,NA,NA,NA,2026-10-04 13:00:00,2026-09-29 23:42:19,2026-09-29 23:42:07,live
TE,00-0040663,Harold Fannin Jr.,CLE,PIT,2026_04_PIT_CLE,2026,4,NA,NA,12,17,7.646846619615609,1.1851834883305628,-3.5546454279770714,6.591394001662649,-5.565265601613579,8.15852069624878,0.4685,0.226,0.4613029522440007,0.245540308883195,platt_vol_vegas,platt,0.4613029522440007,0.245540308883195,NA,NA,NA,2026-10-01 20:15:00,2026-09-29 23:42:19,2026-09-29 23:42:07,live
TE,00-0039065,Sam LaPorta,DET,CAR,2026_04_DET_CAR,2026,4,NA,NA,12,17,6.291463303480337,2.8085837861846814,-1.4239305958940491,7.636155446312966,-3.2193495766372404,9.035549051123157,0.5245,0.244,0.4229163261247801,0.26489033462530154,platt_vol_vegas,platt,0.4229163261247801,0.26489033462530154,NA,NA,NA,2026-10-04 20:20:00,2026-09-29 23:42:19,2026-09-29 23:42:07,live
TE,00-0034753,Mark Andrews,BAL,TEN,2026_04_TEN_BAL,2026,4,NA,NA,12,17,6.513315837326957,1.7493561435631777,-2.569128114343309,6.674984348502774,-4.401015239763537,8.102802120032651,0.4435,0.207,0.41773660884476865,0.2250492253336696,platt_vol_vegas,platt,0.41773660884476865,0.2250492253336696,NA,NA,NA,2026-10-04 13:00:00,2026-09-29 23:42:19,2026-09-29 23:42:07,live
TE,00-0030506,Travis Kelce,KC,LV,2026_04_KC_LV,2026,4,NA,NA,12,17,6.445420879412838,1.906114583319383,-2.3861921321315487,6.801884895129229,-4.206974828280865,8.221047602034385,0.4335,0.1925,0.4170019757773052,0.2093680812336345,platt_vol_vegas,platt,0.4170019757773052,0.2093680812336345,NA,NA,NA,2026-10-04 16:25:00,2026-09-29 23:42:19,2026-09-29 23:42:07,live
TE,00-0034383,Dalton Schultz,HOU,DAL,2026_04_DAL_HOU,2026,4,NA,NA,12,17,6.201451541421842,1.264496450684998,-2.9327755399759683,6.051870924298352,-4.713244811688954,7.4396123590941725,0.388,0.1525,0.3854092590128847,0.16593478611490797,platt_vol_vegas,platt,0.3854092590128847,0.16593478611490797,NA,NA,NA,2026-10-04 13:00:00,2026-09-29 23:42:19,2026-09-29 23:42:07,live
TE,00-0033090,Hunter Henry,NE,BUF,2026_04_NE_BUF,2026,4,NA,NA,12,17,5.93113380027102,0.8727935226187568,-3.2173277338185517,5.537952735702738,-4.952344008882477,6.890266989705458,0.3205,0.101,0.3804971126900096,0.2017183151874724,platt_vol_vegas,platt,0.28849711269000955,0.1097183151874724,role_change_up,0.92,Raridon's inactivity explicitly increases Henry's snap share and target opportunity at TE.,2026-10-04 13:00:00,2026-09-29 23:42:19,2026-09-29 23:42:07,live
TE,00-0034829,Mike Gesicki,CIN,JAX,2026_04_JAX_CIN,2026,4,NA,NA,12,17,5.898455735553319,1.5599988325913343,-2.5170316192233435,6.21022677983672,-4.246494817092259,7.558212829227001,0.372,0.1425,0.37113186676945825,0.1550409887837706,platt_vol_vegas,platt,0.37113186676945825,0.1550409887837706,NA,NA,NA,2026-10-04 13:00:00,2026-09-29 23:42:19,2026-09-29 23:42:07,live
TE,00-0036040,Juwan Johnson,NO,ATL,2026_04_ATL_NO,2026,4,NA,NA,12,17,6.0559062452131265,1.290713566511908,-2.8491152754097113,6.012568849429349,-4.605217348278206,7.381317891588214,0.3825,0.1455,0.3689816803590583,0.1583104510611874,platt_vol_vegas,platt,0.3689816803590583,0.1583104510611874,NA,NA,NA,2026-10-05 20:15:00,2026-09-29 23:42:19,2026-09-29 23:42:07,live
TE,00-0038996,Tucker Kraft,GB,TB,2026_04_GB_TB,2026,4,NA,NA,12,17,5.760151681578865,1.2714904784134915,-2.749795117098272,5.858136293575562,-4.455611526309167,7.187691455703732,0.339,0.1235,0.3548862710998421,0.21931055578647543,platt_vol_vegas,platt,0.2698862710998421,0.13431055578647547,role_change_up,0.85,"Kraft's target volume has increased significantly, now exceeding his season high at 8 targets, indicating a growing role in the passing game.",2026-10-04 13:00:00,2026-09-29 23:42:19,2026-09-29 23:42:07,live
TE,00-0037838,Isaiah Likely,NYG,ARI,2026_04_ARI_NYG,2026,4,NA,NA,12,17,6.371918835105441,1.044492963652585,-3.2193435164009525,5.907790355312743,-5.02804923031126,7.317539965947927,0.3945,0.164,0.3546298781824055,0.17844624247629542,platt_vol_vegas,platt,0.3546298781824055,0.17844624247629542,NA,NA,NA,2026-10-04 13:00:00,2026-09-29 23:42:19,2026-09-29 23:42:07,live
TE,00-0035229,T.J. Hockenson,MIN,MIA,2026_04_MIA_MIN,2026,4,NA,NA,12,17,5.445130671591098,1.044585361783548,-2.8475880220127214,5.4839668328731275,-4.498635446494052,6.770833704527296,0.3,0.0865,0.3343400945320961,0.17885449967278544,platt_vol_vegas,platt,0.2493400945320961,0.09385449967278545,role_change_up,0.85,"Josh Oliver's IR placement removes the primary backup TE, increasing snap share and target opportunities for the Vikings' starter.",2026-10-04 16:05:00,2026-09-29 23:42:19,2026-09-29 23:42:07,live
TE,00-0041032,Kenyon Sadiq,NYJ,CHI,2026_04_NYJ_CHI,2026,4,NA,NA,12,17,5.493081643196574,0.7216720736380632,-3.1903526363294596,5.183695806747138,-4.84982092949152,6.477126110059962,0.2795,0.0875,0.31890824071107526,0.1799487582186246,platt_vol_vegas,platt,0.23390824071107527,0.09494875821862458,role_change_up,0.85,First-round rookie TE expected to receive increased snaps due to Mason Taylor's absence.,2026-10-04 13:00:00,2026-09-29 23:42:19,2026-09-29 23:42:07,live
TE,00-0038935,Brenton Strange,JAX,CIN,2026_04_JAX_CIN,2026,4,NA,NA,12,17,5.644376131607363,1.170755631302384,-2.8034320203507828,5.703681912755412,-4.489269633336967,7.0176651109194434,0.321,0.11,0.3112793359154136,0.11955971202915788,platt_vol_vegas,platt,0.3112793359154136,0.11955971202915788,NA,NA,NA,2026-10-04 13:00:00,2026-09-29 23:42:19,2026-09-29 23:42:07,live
TE,00-0031610,Darren Waller,CAR,DET,2026_04_DET_CAR,2026,4,NA,NA,12,17,5.794738320594642,0.5458026285111033,-3.489475669296383,5.148408406700696,-5.201227737792927,6.482589967309531,0.2705,0.0945,0.31081840693749974,0.10260788815421532,platt_vol_vegas,platt,0.31081840693749974,0.10260788815421532,NA,NA,NA,2026-10-04 20:20:00,2026-09-29 23:42:19,2026-09-29 23:42:07,live
TE,00-0033110,Tyler Higbee,LA,PHI,2026_04_LA_PHI,2026,4,NA,NA,12,17,4.986988091209403,1.0515358494397855,-2.6471240432025915,5.270197398181884,-4.216083667458435,6.493083024288046,0.2595,0.0755,0.3008103781700068,0.16681730413274104,platt_vol_vegas,platt,0.21581037817000676,0.08181730413274105,role_change_up,0.85,"Higbee's opportunity increased with Terrance Ferguson (ankle) injured during the game, and his streaming value depends on Ferguson and Nacua's Week 4 status, indicating a potential shift in target share.",2026-10-04 13:00:00,2026-09-29 23:42:19,2026-09-29 23:42:07,live
TE,00-0039793,AJ Barner,SEA,LAC,2026_04_LAC_SEA,2026,4,NA,NA,12,17,5.630981324063451,1.4182704196081204,-2.5504421109106223,5.944951822192874,-4.233957195130399,7.257124784452328,0.3605,0.1145,0.28756285135309334,0.12447832883421496,platt_vol_vegas,platt,0.28756285135309334,0.12447832883421496,NA,NA,NA,2026-10-04 16:25:00,2026-09-29 23:42:19,2026-09-29 23:42:07,live
TE,00-0039066,Michael Mayer,LV,KC,2026_04_KC_LV,2026,4,NA,NA,12,17,5.715807734628472,1.084898369614646,-2.918395311312277,5.651022752568712,-4.616579608253852,6.974629259137689,0.3105,0.1045,0.2761815195166266,0.11354612060744931,platt_vol_vegas,platt,0.2761815195166266,0.11354612060744931,NA,NA,NA,2026-10-04 16:25:00,2026-09-29 23:42:19,2026-09-29 23:42:07,live
TE,00-0038041,Jake Ferguson,DAL,HOU,2026_04_DAL_HOU,2026,4,NA,NA,12,17,5.533013917077899,0.7936496167772394,-3.1348512933575488,5.2744659704928445,-4.801308737610528,6.573343789647144,0.2735,0.0915,0.276030368110195,0.09932557707252936,platt_vol_vegas,platt,0.276030368110195,0.09932557707252936,NA,NA,NA,2026-10-04 13:00:00,2026-09-29 23:42:19,2026-09-29 23:42:07,live
TE,00-0038129,Cade Otton,TB,GB,2026_04_GB_TB,2026,4,NA,NA,12,17,6.137687553006576,1.0213986942909945,-3.150777652411222,5.78014927944672,-4.920601432714115,7.15959335704674,0.333,0.114,0.2745039264488582,0.12393189270882923,platt_vol_vegas,platt,0.2745039264488582,0.12393189270882923,NA,NA,NA,2026-10-04 13:00:00,2026-09-29 23:42:19,2026-09-29 23:42:07,live
TE,00-0040126,Colston Loveland,CHI,NYJ,2026_04_NYJ_CHI,2026,4,NA,NA,12,17,5.526498840040122,1.425824481036719,-2.499991700691602,5.903578655253283,-4.165310291793953,7.201568824319831,0.3305,0.1125,0.271960313466479,0.12229246676343689,platt_vol_vegas,platt,0.271960313466479,0.12229246676343689,NA,NA,NA,2026-10-04 13:00:00,2026-09-29 23:42:19,2026-09-29 23:42:07,live
TE,00-0038046,Charlie Kolar,LAC,SEA,2026_04_LAC_SEA,2026,4,NA,NA,12,17,5.242272809809834,0.6972137066017496,-3.1101535199216297,5.039865960848381,-4.725226445392076,6.298693425326826,0.2355,0.0755,0.2697399359034008,0.16681730413274104,platt_vol_vegas,platt,0.18473993590340076,0.08181730413274105,role_change_up,0.85,Kolar's 4+ week absence creates immediate opportunity for backup TEs (likely Tre' McKitty or similar) to see increased snaps and targets.,2026-10-04 16:25:00,2026-09-29 23:42:19,2026-09-29 23:42:07,live
TE,00-0030061,Zach Ertz,PHI,LA,2026_04_LA_PHI,2026,4,NA,NA,12,17,4.713638034201618,0.5690531145399936,-3.010583003672672,4.651957109155088,-4.5290531258312186,5.835489978549409,0.183,0.048,0.2526024112408744,0.1367493467846333,platt_vol_vegas,platt,0.16760241124087438,0.0517493467846333,role_change_up,0.85,"Ertz signed to active roster with Goedert sidelined, establishing him as the primary tight end with increased snap/target opportunity going forward.",2026-10-04 13:00:00,2026-09-29 23:42:19,2026-09-29 23:42:07,live
TE,00-0034351,Dallas Goedert,PHI,LA,2026_04_LA_PHI,2026,4,NA,NA,12,17,5.419244019719246,0.8075603752221437,-3.0738656390329613,5.234683483566982,-4.720354063939719,6.5179969590961155,0.2605,0.077,0.2293129854758837,0.08345869584693612,platt_vol_vegas,platt,0.2293129854758837,0.08345869584693612,NA,NA,NA,2026-10-04 13:00:00,2026-09-29 23:42:19,2026-09-29 23:42:07,live
TE,00-0035644,Noah Fant,NO,ATL,2026_04_ATL_NO,2026,4,NA,NA,12,17,4.807189364324148,0.9094064420441778,-2.711282685063818,5.0391351664570605,-4.247167361488119,6.236241366718157,0.2365,0.0655,0.22752801657768212,0.07087655549962064,platt_vol_vegas,platt,0.22752801657768212,0.07087655549962064,NA,NA,NA,2026-10-05 20:15:00,2026-09-29 23:42:19,2026-09-29 23:42:07,live
TE,00-0040189,Oronde Gadsden II,LAC,SEA,2026_04_LAC_SEA,2026,4,NA,NA,12,17,4.501257462364965,0.3182129393299416,-3.1669338976588484,4.293343224266998,-4.645321970786576,5.445635161219913,0.1595,0.0475,0.2226617578900512,0.14320346723481728,platt_vol_vegas,platt,0.13066175789005122,0.05120346723481726,role_change_up,0.92,"With both Njoku and Kolar on IR, Gadsden becomes the sole healthy tight end and will see a significant increase in snaps and targets.",2026-10-04 16:25:00,2026-09-29 23:42:19,2026-09-29 23:42:07,live
TE,00-0036894,Pat Freiermuth,PIT,CLE,2026_04_PIT_CLE,2026,4,NA,NA,12,17,5.357645402125727,0.768043270264347,-3.0877218174951615,5.165897733463571,-4.723324959958761,6.440726952782378,0.26,0.0825,0.21895709627443652,0.08947733785259043,platt_vol_vegas,platt,0.21895709627443652,0.08947733785259043,NA,NA,NA,2026-10-01 20:15:00,2026-09-29 23:42:19,2026-09-29 23:42:07,live
TE,00-0040737,Terrance Ferguson,LA,PHI,2026_04_LA_PHI,2026,4,NA,NA,12,17,4.9620412200758865,1.1164490395280493,-2.5714638520653805,5.322852645824649,-4.135864633059864,6.542184997640128,0.25,0.076,0.2131994077122272,0.08236443008939547,platt_vol_vegas,platt,0.2131994077122272,0.08236443008939547,NA,NA,NA,2026-10-04 13:00:00,2026-09-29 23:42:19,2026-09-29 23:42:07,live
TE,00-0040736,Mason Taylor,NYJ,CHI,2026_04_NYJ_CHI,2026,4,NA,NA,12,17,5.265873593753089,0.8824243000397924,-2.9348793531868083,5.236409962191315,-4.554167278889567,6.498522701267297,0.269,0.0925,0.2129046913740626,0.100419714074119,platt_vol_vegas,platt,0.2129046913740626,0.100419714074119,NA,NA,NA,2026-10-04 13:00:00,2026-09-29 23:42:19,2026-09-29 23:42:07,live
TE,00-0033881,Evan Engram,DEN,SF,2026_04_DEN_SF,2026,4,NA,NA,12,17,4.954710804988591,0.5046046142214522,-3.1801460585793766,4.707401419347824,-4.743205436537987,5.925688248725361,0.214,0.0655,0.2086612233563876,0.07087655549962064,platt_vol_vegas,platt,0.2086612233563876,0.07087655549962064,NA,NA,NA,2026-10-04 16:25:00,2026-09-29 23:42:19,2026-09-29 23:42:07,live
TE,00-0037005,Tommy Tremble,CAR,DET,2026_04_DET_CAR,2026,4,NA,NA,12,17,4.730592269715794,0.7559427737645602,-2.831158550146398,4.847361521600269,-4.352795388539299,6.033362607324112,0.209,0.0605,0.2029139861935499,0.06540830608115675,platt_vol_vegas,platt,0.2029139861935499,0.06540830608115675,NA,NA,NA,2026-10-04 20:20:00,2026-09-29 23:42:19,2026-09-29 23:42:07,live
TE,00-0036556,Brevin Jordan,HOU,DAL,2026_04_DAL_HOU,2026,4,NA,NA,12,17,4.540761029956193,0.6688501991763152,-2.834011366776612,4.664185760645029,-4.319913970925333,5.822334707447297,0.1885,0.0455,0.20057392626352297,0.0490204181443333,platt_vol_vegas,platt,0.20057392626352297,0.0490204181443333,NA,NA,NA,2026-10-04 13:00:00,2026-09-29 23:42:19,2026-09-29 23:42:07,live
TE,00-0041116,Jack Endries,CIN,JAX,2026_04_JAX_CIN,2026,4,NA,NA,12,17,4.245372443763391,1.4808151101678422,-1.8879636023457689,5.3232168538299245,-3.3169886915410927,6.437034069968226,0.2145,0.0525,0.19340172373157105,0.05666414667361906,platt_vol_vegas,platt,0.19340172373157105,0.05666414667361906,NA,NA,NA,2026-10-04 13:00:00,2026-09-29 23:42:19,2026-09-29 23:42:07,live
TE,00-0039824,Jared Wiley,KC,LV,2026_04_KC_LV,2026,4,NA,NA,12,17,4.468464678148871,0.7906755986396737,-2.6797162222989432,4.7489764316485426,-4.1518452650994915,5.896389926797005,0.18,0.0525,0.19336923327842617,0.05666414667361906,platt_vol_vegas,platt,0.19336923327842617,0.05666414667361906,NA,NA,NA,2026-10-04 16:25:00,2026-09-29 23:42:19,2026-09-29 23:42:07,live
TE,00-0037809,Chig Okonkwo,WAS,IND,2026_04_IND_WAS,2026,4,NA,NA,12,17,4.773232141169197,0.8807742467297219,-2.725052579244661,4.993551150716259,-4.254632715354629,6.185743437572311,0.227,0.067,0.19132888345123955,0.07251737163271205,platt_vol_vegas,platt,0.19132888345123955,0.07251737163271205,NA,NA,NA,2026-10-04 09:30:00,2026-09-29 23:42:19,2026-09-29 23:42:07,live
TE,00-0040584,Gunnar Helm,TEN,BAL,2026_04_TEN_BAL,2026,4,NA,NA,12,17,5.513936735173172,0.8034510903285841,-3.117184754705119,5.2752966144238975,-4.780305863651817,6.571574011982353,0.2775,0.0855,0.1891339575334517,0.09276022534774776,platt_vol_vegas,platt,0.1891339575334517,0.09276022534774776,NA,NA,NA,2026-10-04 13:00:00,2026-09-29 23:42:19,2026-09-29 23:42:07,live
TE,00-0032392,Austin Hooper,ATL,NO,2026_04_ATL_NO,2026,4,NA,NA,12,17,4.632060575260645,1.1247034584727496,-2.418854132062987,5.16645657632065,-3.9220198588808586,6.338060824487874,0.224,0.0515,0.18772803164040772,0.05557169491281011,platt_vol_vegas,platt,0.18772803164040772,0.05557169491281011,NA,NA,NA,2026-10-05 20:15:00,2026-09-29 23:42:19,2026-09-29 23:42:07,live
TE,00-0040363,Keleki Latu,BUF,NE,2026_04_NE_BUF,2026,4,NA,NA,12,17,4.249579438878598,1.2138966913111469,-2.156818651559898,5.058507339890193,-3.5866652531208123,6.172964862922322,0.192,0.058,0.18705362842688125,0.06267498756057978,platt_vol_vegas,platt,0.18705362842688125,0.06267498756057978,NA,NA,NA,2026-10-04 13:00:00,2026-09-29 23:42:19,2026-09-29 23:42:07,live
TE,00-0034613,Tanner Hudson,CIN,JAX,2026_04_JAX_CIN,2026,4,NA,NA,12,17,4.147205447557777,1.4556475105187898,-1.867710234481902,5.246242466123773,-3.277467895421881,6.345042175946914,0.2045,0.0625,0.1850865779761822,0.06759537263867949,platt_vol_vegas,platt,0.1850865779761822,0.06759537263867949,NA,NA,NA,2026-10-04 13:00:00,2026-09-29 23:42:19,2026-09-29 23:42:07,live
TE,00-0034270,Tyler Conklin,DET,CAR,2026_04_DET_CAR,2026,4,NA,NA,12,17,4.18941932100166,1.406536400352213,-1.936408020657115,5.21947176014242,-3.3544742865304817,6.324747400505107,0.1955,0.0455,0.18507529447155072,0.0490204181443333,platt_vol_vegas,platt,0.18507529447155072,0.0490204181443333,NA,NA,NA,2026-10-04 20:20:00,2026-09-29 23:42:19,2026-09-29 23:42:07,live
TE,00-0039356,Ja'Tavion Sanders,CAR,DET,2026_04_DET_CAR,2026,4,NA,NA,12,17,4.513377143872239,0.5015900898292628,-2.988998534776883,4.482927233694718,-4.469694996700345,5.637018385512136,0.17,0.052,0.1833040332797638,0.05611790252579439,platt_vol_vegas,platt,0.1833040332797638,0.05611790252579439,NA,NA,NA,2026-10-04 20:20:00,2026-09-29 23:42:19,2026-09-29 23:42:07,live
TE,00-0039814,Erick All,CIN,JAX,2026_04_JAX_CIN,2026,4,NA,NA,12,17,4.141480564573437,0.9883105509989404,-2.332384493139731,4.775868451543858,-3.7410126449425514,5.873787794232604,0.1685,0.0395,0.18286569751829465,0.04247644574696996,platt_vol_vegas,platt,0.18286569751829465,0.04247644574696996,NA,NA,NA,2026-10-04 13:00:00,2026-09-29 23:42:19,2026-09-29 23:42:07,live
TE,00-0039518,Treyton Welch,NO,ATL,2026_04_ATL_NO,2026,4,NA,NA,12,17,4.294271829275802,1.135355856418076,-2.255883539286031,5.003376073604235,-3.694436378012797,6.1246194514939365,0.19,0.045,0.18187977784375392,0.04847477896508845,platt_vol_vegas,platt,0.18187977784375392,0.04847477896508845,NA,NA,NA,2026-10-05 20:15:00,2026-09-29 23:42:19,2026-09-29 23:42:07,live
TE,00-0039847,Theo Johnson,NYG,ARI,2026_04_ARI_NYG,2026,4,NA,NA,12,17,4.715258172362139,0.4895279495424637,-3.0908220264727704,4.573246164591547,-4.609594964813988,5.757015056348341,0.191,0.051,0.18045687558361984,0.05502552478614835,platt_vol_vegas,platt,0.18045687558361984,0.05502552478614835,NA,NA,NA,2026-10-04 13:00:00,2026-09-29 23:42:19,2026-09-29 23:42:07,live
TE,00-0035689,Dawson Knox,BUF,NE,2026_04_NE_BUF,2026,4,NA,NA,12,17,4.146744116080806,0.704171653404344,-2.6189715788496755,4.494521937506034,-4.0286382441728135,5.5932507231128,0.178,0.0415,0.17835687493512478,0.04465682277974643,platt_vol_vegas,platt,0.17835687493512478,0.04465682277974643,NA,NA,NA,2026-10-04 13:00:00,2026-09-29 23:42:19,2026-09-29 23:42:07,live
TE,00-0041084,Tanner Koziol,JAX,CIN,2026_04_JAX_CIN,2026,4,NA,NA,12,17,4.28613855818078,1.0160884958391598,-2.37142256206686,4.879856201097742,-3.808393851897383,5.999866880973868,0.1895,0.0435,0.1768909095135594,0.04683817634331945,platt_vol_vegas,platt,0.1768909095135594,0.04683817634331945,NA,NA,NA,2026-10-04 13:00:00,2026-09-29 23:42:19,2026-09-29 23:42:07,live
TE,00-0036244,Colby Parkinson,LA,PHI,2026_04_LA_PHI,2026,4,NA,NA,12,17,4.518722597558657,0.7721926268557976,-2.720794179209237,4.7562651170902575,-4.202507941990266,5.911149178155889,0.194,0.0455,0.17463240443273975,0.0490204181443333,platt_vol_vegas,platt,0.17463240443273975,0.0490204181443333,NA,NA,NA,2026-10-04 13:00:00,2026-09-29 23:42:19,2026-09-29 23:42:07,live
TE,00-0037252,Greg Dulcich,MIA,MIN,2026_04_MIA_MIN,2026,4,NA,NA,12,17,5.594417811776961,0.4356735895747488,-3.5180657254492154,4.945276663710188,-5.195229219839573,6.2524990410181625,0.251,0.086,0.1746077279740672,0.09330736429769024,platt_vol_vegas,platt,0.1746077279740672,0.09330736429769024,NA,NA,NA,2026-10-04 16:05:00,2026-09-29 23:42:19,2026-09-29 23:42:07,live
TE,00-0036637,Noah Gray,KC,LV,2026_04_KC_LV,2026,4,NA,NA,12,17,4.222170332269023,0.8354725333952805,-2.5226109106079924,4.665675340326849,-3.94709910131836,5.775956386471617,0.174,0.048,0.17382211429644728,0.0517493467846333,platt_vol_vegas,platt,0.17382211429644728,0.0517493467846333,NA,NA,NA,2026-10-04 16:25:00,2026-09-29 23:42:19,2026-09-29 23:42:07,live
TE,00-0040194,Jackson Hawes,BUF,NE,2026_04_NE_BUF,2026,4,NA,NA,12,17,4.02790076521669,1.8812927120416305,-1.386251728421845,5.608227464061047,-2.772333565183076,6.6885736556248245,0.2265,0.0625,0.17157138261433383,0.06759537263867949,platt_vol_vegas,platt,0.17157138261433383,0.06759537263867949,NA,NA,NA,2026-10-04 13:00:00,2026-09-29 23:42:19,2026-09-29 23:42:07,live
TE,00-0035631,Drew Sample,CIN,JAX,2026_04_JAX_CIN,2026,4,NA,NA,12,17,3.9866921369656985,0.7783588901093136,-2.4697464886996316,4.483121605681495,-3.8475823380614673,5.557040672348061,0.1605,0.0445,0.1706992651283558,0.04792919143411586,platt_vol_vegas,platt,0.1706992651283558,0.04792919143411586,NA,NA,NA,2026-10-04 13:00:00,2026-09-29 23:42:19,2026-09-29 23:42:07,live
TE,00-0041510,Max Klare,LA,PHI,2026_04_LA_PHI,2026,4,NA,NA,12,17,4.434836187323335,1.1327654321063494,-2.3224480665942666,5.073753993574045,-3.7881385139449497,6.2161490894557385,0.219,0.0595,0.16947939862553063,0.06431490573088806,platt_vol_vegas,platt,0.16947939862553063,0.06431490573088806,NA,NA,NA,2026-10-04 13:00:00,2026-09-29 23:42:19,2026-09-29 23:42:07,live
TE,00-0038643,Brayden Willis,SF,DEN,2026_04_DEN_SF,2026,4,NA,NA,12,17,4.189704575080033,0.9936487638604388,-2.349427728710767,4.8067347634055695,-3.767550018915679,5.912054070506839,0.184,0.044,0.16885939170142025,0.04738365680131323,platt_vol_vegas,platt,0.16885939170142025,0.04738365680131323,NA,NA,NA,2026-10-04 16:25:00,2026-09-29 23:42:19,2026-09-29 23:42:07,live
TE,00-0033885,David Njoku,LAC,SEA,2026_04_LAC_SEA,2026,4,NA,NA,12,17,5.029302469815541,0.5531602758193912,-3.16367700045385,4.792554801262809,-4.7403474123515,6.021450404443808,0.209,0.0565,0.16752634582436568,0.06103530631949193,platt_vol_vegas,platt,0.16752634582436568,0.06103530631949193,NA,NA,NA,2026-10-04 16:25:00,2026-09-29 23:42:19,2026-09-29 23:42:07,live
TE,00-0036825,Feleipe Franks,CAR,DET,2026_04_DET_CAR,2026,4,NA,NA,12,17,4.257486065976782,0.9023979572965852,-2.4719549127062685,4.751157539891975,-3.9033445415710175,5.866817736263415,0.193,0.045,0.16521832861857813,0.04847477896508845,platt_vol_vegas,platt,0.16521832861857813,0.04847477896508845,NA,NA,NA,2026-10-04 20:20:00,2026-09-29 23:42:19,2026-09-29 23:42:07,live
TE,00-0041133,Dallen Bentley,DEN,SF,2026_04_DEN_SF,2026,4,NA,NA,12,17,4.41347858639642,0.49327186208440665,-2.9522767258147606,4.423236704488016,-4.413867349104931,5.56243629690636,0.151,0.0355,0.16294764638643489,0.0381190179467453,platt_vol_vegas,platt,0.16294764638643489,0.0381190179467453,NA,NA,NA,2026-10-04 16:25:00,2026-09-29 23:42:19,2026-09-29 23:42:07,live
TE,00-0040390,Jackson Meeks,DET,CAR,2026_04_DET_CAR,2026,4,NA,NA,12,17,3.889969064166571,1.4337783813035507,-1.768366229240173,5.086118616447931,-3.126705668604604,6.144841702811432,0.194,0.0535,0.16260079154697635,0.05775674085216733,platt_vol_vegas,platt,0.16260079154697635,0.05775674085216733,NA,NA,NA,2026-10-04 20:20:00,2026-09-29 23:42:19,2026-09-29 23:42:07,live
TE,00-0036290,Cole Kmet,CHI,NYJ,2026_04_NYJ_CHI,2026,4,NA,NA,12,17,4.340436699973537,0.8703672123062464,-2.541978519122628,4.762461145254713,-3.989484597544134,5.890682897833293,0.186,0.055,0.1622490864861035,0.05939588329461221,platt_vol_vegas,platt,0.1622490864861035,0.05939588329461221,NA,NA,NA,2026-10-04 13:00:00,2026-09-29 23:42:19,2026-09-29 23:42:07,live
TE,00-0036754,Brock Wright,DET,CAR,2026_04_DET_CAR,2026,4,NA,NA,12,17,3.8743086402949096,1.0424752907993449,-2.1521829006020203,4.686276576840441,-3.507346625057389,5.742524433086567,0.1665,0.0355,0.16024268106343562,0.0381190179467453,platt_vol_vegas,platt,0.16024268106343562,0.0381190179467453,NA,NA,NA,2026-10-04 20:20:00,2026-09-29 23:42:19,2026-09-29 23:42:07,live
TE,00-0041041,Oscar Delp,NO,ATL,2026_04_ATL_NO,2026,4,NA,NA,12,17,4.001098220882742,1.1841522358005334,-2.070758372082842,4.896676940595835,-3.4514809777189783,5.972846015930147,0.172,0.04,0.15941123270961957,0.04302144332118553,platt_vol_vegas,platt,0.15941123270961957,0.04302144332118553,NA,NA,NA,2026-10-05 20:15:00,2026-09-29 23:42:19,2026-09-29 23:42:07,live
TE,00-0040058,Nick Kallerup,SEA,LAC,2026_04_LAC_SEA,2026,4,NA,NA,12,17,4.230501881341432,1.5176833633272604,-1.8442434320365233,5.352269865725164,-3.270361960026203,6.463821636746312,0.2275,0.063,0.1584275499061783,0.06814219062398058,platt_vol_vegas,platt,0.1584275499061783,0.06814219062398058,NA,NA,NA,2026-10-04 16:25:00,2026-09-29 23:42:19,2026-09-29 23:42:07,live
TE,00-0040225,Thomas Fidone II,NYG,ARI,2026_04_ARI_NYG,2026,4,NA,NA,12,17,4.4035227901976715,0.5699125357284685,-2.8711240690247957,4.494731046661033,-4.330800723583932,5.632438844890532,0.171,0.045,0.15675675100882783,0.04847477896508845,platt_vol_vegas,platt,0.15675675100882783,0.04847477896508845,NA,NA,NA,2026-10-04 13:00:00,2026-09-29 23:42:19,2026-09-29 23:42:07,live
TE,00-0034981,Foster Moreau,HOU,DAL,2026_04_DAL_HOU,2026,4,NA,NA,12,17,3.973665179217813,0.854592189631032,-2.3873505470476615,4.552325845449634,-3.7625722234490855,5.624207361571228,0.16,0.033,0.15599150084885396,0.03539820271580311,platt_vol_vegas,platt,0.15599150084885396,0.03539820271580311,NA,NA,NA,2026-10-04 13:00:00,2026-09-29 23:42:19,2026-09-29 23:42:07,live
TE,00-0036422,Adam Trautman,DEN,SF,2026_04_DEN_SF,2026,4,NA,NA,12,17,4.295545582995281,0.5724485412184396,-2.8193744818967437,4.441134439107709,-4.258174893493188,5.562570781366323,0.1585,0.034,0.15510291842534318,0.03648626955092363,platt_vol_vegas,platt,0.15510291842534318,0.03648626955092363,NA,NA,NA,2026-10-04 16:25:00,2026-09-29 23:42:19,2026-09-29 23:42:07,live
TE,00-0037317,Nick Muse,ATL,NO,2026_04_ATL_NO,2026,4,NA,NA,12,17,4.219163177346919,0.8190508760026182,-2.5376445828957888,4.6476705583533695,-3.961543994791176,5.757492695843853,0.1755,0.0405,0.15507612762677492,0.04356650636336336,platt_vol_vegas,platt,0.15507612762677492,0.04356650636336336,NA,NA,NA,2026-10-05 20:15:00,2026-09-29 23:42:19,2026-09-29 23:42:07,live
TE,00-0041472,Marlin Klein,HOU,DAL,2026_04_DAL_HOU,2026,4,NA,NA,12,17,3.9236722987943153,1.4781495751361746,-1.7400639849084187,5.1488179240719445,-3.105219820941606,6.212853877241698,0.171,0.037,0.1531010325105251,0.03975249597058656,platt_vol_vegas,platt,0.1531010325105251,0.03975249597058656,NA,NA,NA,2026-10-04 13:00:00,2026-09-29 23:42:19,2026-09-29 23:42:07,live
TE,00-0036970,Kyle Pitts,ATL,NO,2026_04_ATL_NO,2026,4,NA,NA,12,17,5.176593297120245,0.9801818946159778,-2.79943356070176,5.291180703157147,-4.4027342741313396,6.540832616735691,0.2675,0.0815,0.15201090269052664,0.00338303089529723,platt_vol_vegas,platt,0.23701090269052663,0.08838303089529724,role_change_down,0.85,"QB Michael Penix is heavily favoring Drake London in target distribution, reducing Pitts' opportunity despite prior season productivity with London on field.",2026-10-05 20:15:00,2026-09-29 23:42:19,2026-09-29 23:42:07,live
TE,00-0040879,Matthew Hibner,BAL,TEN,2026_04_TEN_BAL,2026,4,NA,NA,12,17,3.980964017199651,1.0017719056342491,-2.24362472352882,4.7034450432760675,-3.6203115300075694,5.7764685177273964,0.17,0.047,0.15182020147949088,0.05065763345601485,platt_vol_vegas,platt,0.15182020147949088,0.05065763345601485,NA,NA,NA,2026-10-04 13:00:00,2026-09-29 23:42:19,2026-09-29 23:42:07,live
TE,00-0039359,Cade Stover,HOU,DAL,2026_04_DAL_HOU,2026,4,NA,NA,12,17,3.886889252712837,0.7919278617405027,-2.408745454874152,4.442589950933208,-3.766460776088462,5.500826584297552,0.138,0.039,0.1490275340992482,0.04193151520405128,platt_vol_vegas,platt,0.1490275340992482,0.04193151520405128,NA,NA,NA,2026-10-04 13:00:00,2026-09-29 23:42:19,2026-09-29 23:42:07,live
TE,00-0040081,Jake Briningstool,KC,LV,2026_04_KC_LV,2026,4,NA,NA,12,17,3.872294284511755,1.1826678543791802,-2.0110264589605324,4.825369748901618,-3.365781309443885,5.881298918742092,0.1655,0.0405,0.1487714879767886,0.04356650636336336,platt_vol_vegas,platt,0.1487714879767886,0.04356650636336336,NA,NA,NA,2026-10-04 16:25:00,2026-09-29 23:42:19,2026-09-29 23:42:07,live
TE,00-0041314,Tanner Arkin,NE,BUF,2026_04_NE_BUF,2026,4,NA,NA,12,17,4.410845608843012,0.3738539222832153,-3.070501811773746,4.302458205245446,-4.531586430302629,5.4412634051378435,0.147,0.0315,0.14859560737113842,0.03376679392100568,platt_vol_vegas,platt,0.14859560737113842,0.03376679392100568,NA,NA,NA,2026-10-04 13:00:00,2026-09-29 23:42:19,2026-09-29 23:42:07,live
TE,00-0031484,Chris Manhertz,NYG,ARI,2026_04_ARI_NYG,2026,4,NA,NA,12,17,4.275158710247737,0.678403855196769,-2.7040692638500223,4.536425328153047,-4.138903476228434,5.65477031742907,0.1575,0.046,0.14749319748324785,0.04956610774783282,platt_vol_vegas,platt,0.14749319748324785,0.04956610774783282,NA,NA,NA,2026-10-04 13:00:00,2026-09-29 23:42:19,2026-09-29 23:42:07,live
TE,00-0040598,Mark Redman,GB,TB,2026_04_GB_TB,2026,4,NA,NA,12,17,4.385259144376536,0.733458679100043,-2.6992896635674226,4.648823665355518,-4.155450464021202,5.783791120632619,0.1645,0.0405,0.14680680749656422,0.04356650636336336,platt_vol_vegas,platt,0.14680680749656422,0.04356650636336336,NA,NA,NA,2026-10-04 13:00:00,2026-09-29 23:42:19,2026-09-29 23:42:07,live
TE,00-0036887,Luke Farrell,SF,DEN,2026_04_DEN_SF,2026,4,NA,NA,12,17,3.8834976249762696,0.98167689820533,-2.217375596664622,4.630490291229635,-3.5744033705105966,5.6881910333058885,0.158,0.0325,0.14646877578393733,0.03485430532996696,platt_vol_vegas,platt,0.14646877578393733,0.03485430532996696,NA,NA,NA,2026-10-04 16:25:00,2026-09-29 23:42:19,2026-09-29 23:42:07,live
TE,00-0041503,Nate Boerkircher,JAX,CIN,2026_04_JAX_CIN,2026,4,NA,NA,12,17,3.869912984317569,0.5538887133347893,-2.6386658659218623,4.195290636383352,-3.992937244874819,5.250842976650896,0.1235,0.033,0.1443282198241143,0.03539820271580311,platt_vol_vegas,platt,0.1443282198241143,0.03539820271580311,NA,NA,NA,2026-10-04 13:00:00,2026-09-29 23:42:19,2026-09-29 23:42:07,live
TE,00-0037292,Andrew Ogletree,IND,WAS,2026_04_IND_WAS,2026,4,NA,NA,12,17,3.837017559554701,0.9064244443148776,-2.2703555406832496,4.529833992779925,-3.617935387514024,5.580170788732411,0.157,0.0365,0.1442963048908072,0.03920792541404707,platt_vol_vegas,platt,0.1442963048908072,0.03920792541404707,NA,NA,NA,2026-10-04 09:30:00,2026-09-29 23:42:19,2026-09-29 23:42:07,live
TE,00-0040887,Josh Cuevas,BAL,TEN,2026_04_TEN_BAL,2026,4,NA,NA,12,17,3.850897653882593,1.2603447982001112,-1.9230981100979117,4.891354023073202,-3.273504347551367,5.943893777223465,0.1895,0.0545,0.1440971007568425,0.05884947016740101,platt_vol_vegas,platt,0.1440971007568425,0.05884947016740101,NA,NA,NA,2026-10-04 13:00:00,2026-09-29 23:42:19,2026-09-29 23:42:07,live
TE,00-0034798,Durham Smythe,BAL,TEN,2026_04_TEN_BAL,2026,4,NA,NA,12,17,3.8622854950785466,0.8551412531313252,-2.333760686294185,4.492377004740959,-3.6864826271848834,5.546721674966785,0.1495,0.0385,0.1430864573950053,0.04138665329369701,platt_vol_vegas,platt,0.1430864573950053,0.04138665329369701,NA,NA,NA,2026-10-04 13:00:00,2026-09-29 23:42:19,2026-09-29 23:42:07,live
TE,00-0037304,Connor Heyward,LV,KC,2026_04_KC_LV,2026,4,NA,NA,12,17,4.217845982355271,0.5289127861841526,-2.8271745762449485,4.356838878621949,-4.250816035574897,5.4664599615539755,0.1465,0.031,0.14274192019297646,0.03322318462151312,platt_vol_vegas,platt,0.14274192019297646,0.03322318462151312,NA,NA,NA,2026-10-04 16:25:00,2026-09-29 23:42:19,2026-09-29 23:42:07,live
TE,00-0038564,Cameron Latu,NE,BUF,2026_04_NE_BUF,2026,4,NA,NA,12,17,4.300788339523306,0.7748747349946877,-2.6193497277608007,4.646299695508324,-4.059168822324885,5.768530024265651,0.165,0.0345,0.14230529783569804,0.03703043467198524,platt_vol_vegas,platt,0.14230529783569804,0.03703043467198524,NA,NA,NA,2026-10-04 13:00:00,2026-09-29 23:42:19,2026-09-29 23:42:07,live
TE,00-0038783,Nate Adkins,DEN,SF,2026_04_DEN_SF,2026,4,NA,NA,12,17,4.114667186652685,0.25450765364436645,-3.0536955976281845,4.027817516313734,-4.457024771095501,5.121606705275542,0.129,0.0315,0.14168015030493492,0.03376679392100568,platt_vol_vegas,platt,0.14168015030493492,0.03376679392100568,NA,NA,NA,2026-10-04 16:25:00,2026-09-29 23:42:19,2026-09-29 23:42:07,live
TE,00-0041558,Sam Roush,CHI,NYJ,2026_04_NYJ_CHI,2026,4,NA,NA,12,17,4.041976138646533,0.9779806627960576,-2.2961843096678645,4.712466740050341,-3.685074554798964,5.795001874002855,0.1635,0.044,0.14124113622385182,0.04738365680131323,platt_vol_vegas,platt,0.14124113622385182,0.04738365680131323,NA,NA,NA,2026-10-04 13:00:00,2026-09-29 23:42:19,2026-09-29 23:42:07,live
TE,00-0036590,Quintin Morris,JAX,CIN,2026_04_JAX_CIN,2026,4,NA,NA,12,17,3.810550203986194,0.6621830513488532,-2.501863586504285,4.271069047082219,-3.844041988451776,5.317195824366374,0.1315,0.0285,0.1409780145846529,0.03050670342925691,platt_vol_vegas,platt,0.1409780145846529,0.03050670342925691,NA,NA,NA,2026-10-04 13:00:00,2026-09-29 23:42:19,2026-09-29 23:42:07,live
TE,00-0038589,Josh Whyle,GB,TB,2026_04_GB_TB,2026,4,NA,NA,12,17,4.267555478168572,1.096951809411224,-2.282029497224036,4.950990549382171,-3.7153824940140474,6.068181042886464,0.2015,0.047,0.1407655565678905,0.05065763345601485,platt_vol_vegas,platt,0.1407655565678905,0.05065763345601485,NA,NA,NA,2026-10-04 13:00:00,2026-09-29 23:42:19,2026-09-29 23:42:07,live
TE,00-0040739,Elijah Arroyo,SEA,LAC,2026_04_LAC_SEA,2026,4,NA,NA,12,17,3.999553347051671,0.9980725969807734,-2.256108727380025,4.7097654868906496,-3.636521973292702,5.785693439666249,0.1685,0.0395,0.14075997566912052,0.04247644574696996,platt_vol_vegas,platt,0.14075997566912052,0.04247644574696996,NA,NA,NA,2026-10-04 16:25:00,2026-09-29 23:42:19,2026-09-29 23:42:07,live
TE,00-0040215,Gavin Bartholomew,MIN,MIA,2026_04_MIA_MIN,2026,4,NA,NA,12,17,4.15837811674468,0.7371932571166507,-2.591356569375683,4.533710258863345,-4.003316694576416,5.634226623369533,0.153,0.0405,0.1398912304134955,0.04356650636336336,platt_vol_vegas,platt,0.1398912304134955,0.04356650636336336,NA,NA,NA,2026-10-04 16:05:00,2026-09-29 23:42:19,2026-09-29 23:42:07,live
TE,00-0033217,Mo Alie-Cox,IND,WAS,2026_04_IND_WAS,2026,4,NA,NA,12,17,3.796283150569217,0.6669860470875864,-2.4901813651613014,4.268025653754603,-3.82944162174466,5.31187795694426,0.121,0.0285,0.1398778160303976,0.03050670342925691,platt_vol_vegas,platt,0.1398778160303976,0.03050670342925691,NA,NA,NA,2026-10-04 09:30:00,2026-09-29 23:42:19,2026-09-29 23:42:07,live
TE,00-0039041,Elijah Higgins,ARI,NYG,2026_04_ARI_NYG,2026,4,NA,NA,12,17,4.019090456642376,0.5253225874295249,-2.7380728693514085,4.247525042228881,-4.122394720585841,5.326499457891225,0.138,0.0355,0.1392147905814897,0.0381190179467453,platt_vol_vegas,platt,0.1392147905814897,0.0381190179467453,NA,NA,NA,2026-10-04 13:00:00,2026-09-29 23:42:19,2026-09-29 23:42:07,live
TE,00-0040187,Mitchell Evans,CAR,DET,2026_04_DET_CAR,2026,4,NA,NA,12,17,3.8931144514884566,0.4599630992607079,-2.743683627647662,4.114016636177407,-4.102660259940199,5.173236366342821,0.1235,0.0315,0.13749901768025236,0.03376679392100568,platt_vol_vegas,platt,0.13749901768025236,0.03376679392100568,NA,NA,NA,2026-10-04 20:20:00,2026-09-29 23:42:19,2026-09-29 23:42:07,live
TE,00-0034959,Andrew Beck,NYJ,CHI,2026_04_NYJ_CHI,2026,4,NA,NA,12,17,4.263226040922766,1.075711598688,-2.3012802310464755,4.927481157402204,-3.7337892981372662,6.044013871392821,0.1875,0.0495,0.13544466216753334,0.05338724910356462,platt_vol_vegas,platt,0.13544466216753334,0.05338724910356462,NA,NA,NA,2026-10-04 13:00:00,2026-09-29 23:42:19,2026-09-29 23:42:07,live
TE,00-0038558,Darnell Washington,PIT,CLE,2026_04_PIT_CLE,2026,4,NA,NA,12,17,4.301525775026319,0.7129136501691884,-2.681648495616817,4.584723769215334,-4.121610834235791,5.707065745903584,0.1535,0.031,0.1352328998389864,0.03322318462151312,platt_vol_vegas,platt,0.1352328998389864,0.03322318462151312,NA,NA,NA,2026-10-01 20:15:00,2026-09-29 23:42:19,2026-09-29 23:42:07,live
TE,00-0035249,Josh Oliver,MIN,MIA,2026_04_MIA_MIN,2026,4,NA,NA,12,17,4.075583975989513,0.8023875065730649,-2.4875463202109835,4.554859411483566,-3.8831256626008672,5.642608191958867,0.1405,0.034,0.13419835020545054,0.03648626955092363,platt_vol_vegas,platt,0.13419835020545054,0.03648626955092363,NA,NA,NA,2026-10-04 16:05:00,2026-09-29 23:42:19,2026-09-29 23:42:07,live
TE,00-0033576,Eric Saubert,SEA,LAC,2026_04_LAC_SEA,2026,4,NA,NA,12,17,3.880293748986883,0.9807134582779252,-2.2168073935079673,4.62777987159264,-3.5731854492864765,5.684974207466057,0.148,0.0395,0.13252148010084783,0.04247644574696996,platt_vol_vegas,platt,0.13252148010084783,0.04247644574696996,NA,NA,NA,2026-10-04 16:25:00,2026-09-29 23:42:19,2026-09-29 23:42:07,live
TE,00-0038488,Brady Russell,SEA,LAC,2026_04_LAC_SEA,2026,4,NA,NA,12,17,3.857828222730917,1.234500790373338,-1.9522652558613456,4.86930035949042,-3.3040811577337506,5.922938840675411,0.1725,0.04,0.13221517328913507,0.04302144332118553,platt_vol_vegas,platt,0.13221517328913507,0.04302144332118553,NA,NA,NA,2026-10-04 16:25:00,2026-09-29 23:42:19,2026-09-29 23:42:07,live
TE,00-0036628,John Bates,WAS,IND,2026_04_IND_WAS,2026,4,NA,NA,12,17,3.9900850485546178,0.6474934030632303,-2.602215666914273,4.354085275807259,-3.980731796909169,5.428534569890152,0.1295,0.0275,0.1319706780682207,0.02942089259379163,platt_vol_vegas,platt,0.1319706780682207,0.02942089259379163,NA,NA,NA,2026-10-04 09:30:00,2026-09-29 23:42:19,2026-09-29 23:42:07,live
TE,00-0038498,E.J. Jenkins,PHI,LA,2026_04_LA_PHI,2026,4,NA,NA,12,17,4.192150758898397,0.5761714392460499,-2.7680374722734733,4.390549066681552,-4.186640130952163,5.496242784757288,0.1525,0.0345,0.13174756362206905,0.03703043467198524,platt_vol_vegas,platt,0.13174756362206905,0.03703043467198524,NA,NA,NA,2026-10-04 13:00:00,2026-09-29 23:42:19,2026-09-29 23:42:07,live
TE,00-0033858,Jonnu Smith,GB,TB,2026_04_GB_TB,2026,4,NA,NA,12,17,4.145744406659074,0.7353992450681738,-2.587279101774557,4.525219284631005,-3.9967485642022167,5.623794365462595,0.1575,0.0355,0.13154425763121663,0.0381190179467453,platt_vol_vegas,platt,0.13154425763121663,0.0381190179467453,NA,NA,NA,2026-10-04 13:00:00,2026-09-29 23:42:19,2026-09-29 23:42:07,live
TE,00-0039074,Davis Allen,LA,PHI,2026_04_LA_PHI,2026,4,NA,NA,12,17,3.912434590422539,0.7880500357986133,-2.424812097835878,4.452614591067889,-3.787697876006668,5.514881205443045,0.1385,0.033,0.13131063419497324,0.03539820271580311,platt_vol_vegas,platt,0.13131063419497324,0.03539820271580311,NA,NA,NA,2026-10-04 13:00:00,2026-09-29 23:42:19,2026-09-29 23:42:07,live
TE,00-0037004,Hunter Long,ARI,NYG,2026_04_ARI_NYG,2026,4,NA,NA,12,17,3.891758699996143,0.7410370845091347,-2.4619622499673803,4.394352210855929,-3.82066426047362,5.453357894063162,0.1255,0.0315,0.13082645975121063,0.03376679392100568,platt_vol_vegas,platt,0.13082645975121063,0.03376679392100568,NA,NA,NA,2026-10-04 13:00:00,2026-09-29 23:42:19,2026-09-29 23:42:07,live
TE,00-0039530,Brevyn Spann-Ford,DAL,HOU,2026_04_DAL_HOU,2026,4,NA,NA,12,17,3.795473735906488,0.4675103441639954,-2.689266463038362,4.068104429875214,-4.02836102621794,5.111827587560619,0.1325,0.028,0.12838396361422227,0.02996373927867712,platt_vol_vegas,platt,0.12838396361422227,0.02996373927867712,NA,NA,NA,2026-10-04 13:00:00,2026-09-29 23:42:19,2026-09-29 23:42:07,live
TE,00-0038547,Luke Schoonmaker,DAL,HOU,2026_04_DAL_HOU,2026,4,NA,NA,12,17,3.78557698917881,0.6405181577547575,-2.5114798745065503,4.235661611431924,-3.848547296734124,5.277804765722741,0.144,0.028,0.12834268623270825,0.02996373927867712,platt_vol_vegas,platt,0.12834268623270825,0.02996373927867712,NA,NA,NA,2026-10-04 13:00:00,2026-09-29 23:42:19,2026-09-29 23:42:07,live
TE,00-0036429,Charlie Woerner,ATL,NO,2026_04_ATL_NO,2026,4,NA,NA,12,17,3.824609838470108,0.44235979590170305,-2.7284554863255344,4.058966052644989,-4.073505125435174,5.1073307426201104,0.1195,0.0285,0.1274753171519674,0.03050670342925691,platt_vol_vegas,platt,0.1274753171519674,0.03050670342925691,NA,NA,NA,2026-10-05 20:15:00,2026-09-29 23:42:19,2026-09-29 23:42:07,live
TE,00-0039912,Ben Sinnott,WAS,IND,2026_04_IND_WAS,2026,4,NA,NA,12,17,3.8989713923140017,0.5095825335842439,-2.6968598868723204,4.166824815942852,-4.057022443371524,5.226968884531997,0.143,0.0275,0.1272524187018935,0.02942089259379163,platt_vol_vegas,platt,0.1272524187018935,0.02942089259379163,NA,NA,NA,2026-10-04 09:30:00,2026-09-29 23:42:19,2026-09-29 23:42:07,live
TE,00-0041395,Eli Raridon,NE,BUF,2026_04_NE_BUF,2026,4,NA,NA,12,17,4.0411376102695895,0.7885470282840856,-2.485223802992509,4.522583551288987,-3.8739468547002818,5.604988370585213,0.1615,0.031,0.1264210331076133,0.03322318462151312,platt_vol_vegas,platt,0.1264210331076133,0.03322318462151312,NA,NA,NA,2026-10-04 13:00:00,2026-09-29 23:42:19,2026-09-29 23:42:07,live
TE,00-0039686,Colson Yankoff,WAS,IND,2026_04_IND_WAS,2026,4,NA,NA,12,17,3.858849006841765,0.589809874617369,-2.597445415510589,4.225167471360786,-3.949468853068145,5.278967710950743,0.14,0.032,0.12481227990186058,0.03431050162284035,platt_vol_vegas,platt,0.12481227990186058,0.03431050162284035,NA,NA,NA,2026-10-04 09:30:00,2026-09-29 23:42:19,2026-09-29 23:42:07,live
TE,00-0036187,Reggie Gilliam,NE,BUF,2026_04_NE_BUF,2026,4,NA,NA,12,17,3.963884087055795,0.5967057169943245,-2.6406043181760106,4.289155350954363,-4.013860817505517,5.359505159849813,0.1415,0.0405,0.12121140608534273,0.04356650636336336,platt_vol_vegas,platt,0.12121140608534273,0.04356650636336336,NA,NA,NA,2026-10-04 13:00:00,2026-09-29 23:42:19,2026-09-29 23:42:07,live
TE,00-0037805,Jeremy Ruckert,NYJ,CHI,2026_04_NYJ_CHI,2026,4,NA,NA,12,17,4.0439319099759645,0.5781292210623373,-2.6969549071855945,4.313663679967234,-4.086235055242449,5.396502713826482,0.12,0.0295,0.11981865445768138,0.0315929722364222,platt_vol_vegas,platt,0.11981865445768138,0.0315929722364222,NA,NA,NA,2026-10-04 13:00:00,2026-09-29 23:42:19,2026-09-29 23:42:07,live
TE,00-0041094,Bauer Sharp,TB,GB,2026_04_GB_TB,2026,4,NA,NA,12,17,4.224477920344557,0.5516263438423099,-2.8075219112019285,4.383043665632121,-4.232461791329336,5.493676769590884,0.149,0.0455,0.11692908482769156,0.0490204181443333,platt_vol_vegas,platt,0.11692908482769156,0.0490204181443333,NA,NA,NA,2026-10-04 13:00:00,2026-09-29 23:42:19,2026-09-29 23:42:07,live
TE,00-0034365,Ian Thomas,LV,KC,2026_04_KC_LV,2026,4,NA,NA,12,17,3.796283150569217,0.6351111518171465,-2.522056260431741,4.236150758484163,-3.861316517015099,5.28000306167382,0.1245,0.025,0.1169195863626495,0.02670853371387331,platt_vol_vegas,platt,0.1169195863626495,0.02670853371387331,NA,NA,NA,2026-10-04 16:25:00,2026-09-29 23:42:19,2026-09-29 23:42:07,live
TE,00-0037311,Ko Kieft,TB,GB,2026_04_GB_TB,2026,4,NA,NA,12,17,4.224477920344557,0.5516263438423099,-2.8075219112019285,4.383043665632121,-4.232461791329336,5.493676769590884,0.137,0.027,0.1164279462937355,0.02887816647662592,platt_vol_vegas,platt,0.1164279462937355,0.02887816647662592,NA,NA,NA,2026-10-04 13:00:00,2026-09-29 23:42:19,2026-09-29 23:42:07,live
TE,00-0037755,Jelani Woods,NYJ,CHI,2026_04_NYJ_CHI,2026,4,NA,NA,12,17,3.973022843028754,0.6627599746834687,-2.5788786738236293,4.3601467899938395,-3.953971357001212,5.431927765631879,0.1205,0.0285,0.1159965407194691,0.03050670342925691,platt_vol_vegas,platt,0.1159965407194691,0.03050670342925691,NA,NA,NA,2026-10-04 13:00:00,2026-09-29 23:42:19,2026-09-29 23:42:07,live
TE,00-0041131,Carsen Ryan,CLE,PIT,2026_04_PIT_CLE,2026,4,NA,NA,12,17,4.219413704883041,0.5362856034199587,-2.8205255050442544,4.36503719472978,-4.2444739751133,5.474897569364472,0.1295,0.0315,0.11596834225545506,0.03376679392100568,platt_vol_vegas,platt,0.11596834225545506,0.03376679392100568,NA,NA,NA,2026-10-01 20:15:00,2026-09-29 23:42:19,2026-09-29 23:42:07,live
TE,00-0033757,Robert Tonyan,PIT,CLE,2026_04_PIT_CLE,2026,4,NA,NA,12,17,3.870726561983985,1.296222846879009,-1.8967211587154913,4.9380689464577845,-3.2511577310677984,5.993750042513859,0.1565,0.048,0.11115152224685312,0.0517493467846333,platt_vol_vegas,platt,0.11115152224685312,0.0517493467846333,NA,NA,NA,2026-10-01 20:15:00,2026-09-29 23:42:19,2026-09-29 23:42:07,live
TE,00-0036876,Kylen Granson,TEN,BAL,2026_04_TEN_BAL,2026,4,NA,NA,12,17,4.285946246809883,0.9199227169705824,-2.4675001483851475,4.783589830519845,-3.904434027219639,5.9035713513477726,0.1645,0.044,0.10627763259770225,0.04738365680131323,platt_vol_vegas,platt,0.10627763259770225,0.04738365680131323,NA,NA,NA,2026-10-04 13:00:00,2026-09-29 23:42:19,2026-09-29 23:42:07,live
TE,00-0033246,Johnny Mundt,PHI,LA,2026_04_LA_PHI,2026,4,NA,NA,12,17,3.7633401013211247,0.41454579277908254,-2.7266956949999077,3.9974204188478617,-4.059200225672396,5.03600714350854,0.1005,0.024,0.10593832598532932,0.02562453010478809,platt_vol_vegas,platt,0.10593832598532932,0.02562453010478809,NA,NA,NA,2026-10-04 13:00:00,2026-09-29 23:42:19,2026-09-29 23:42:07,live
TE,00-0039648,David Martin-Robinson,TEN,BAL,2026_04_TEN_BAL,2026,4,NA,NA,12,17,4.181365429967459,0.8677900110891479,-2.4714239295382967,4.676470415138034,-3.887907737638269,5.780512649085995,0.1485,0.0425,0.10066019723816934,0.04574738319746326,platt_vol_vegas,platt,0.10066019723816934,0.04574738319746326,NA,NA,NA,2026-10-04 13:00:00,2026-09-29 23:42:19,2026-09-29 23:42:07,live
TE,00-0041579,Seydou Traore,MIA,MIN,2026_04_MIA_MIN,2026,4,NA,NA,12,17,4.372629595528962,0.6383993830946983,-2.7886090419108407,4.547217465705023,-4.242334987763355,5.680287135565907,0.1525,0.038,0.0978387457987564,0.04084186165655354,platt_vol_vegas,platt,0.0978387457987564,0.04084186165655354,NA,NA,NA,2026-10-04 16:05:00,2026-09-29 23:42:19,2026-09-29 23:42:07,live
TE,00-0041077,Justin Joly,MIA,MIN,2026_04_MIA_MIN,2026,4,NA,NA,12,17,4.372629595528962,0.6383993830946983,-2.7886090419108407,4.547217465705023,-4.242334987763355,5.680287135565907,0.149,0.035,0.097719040164524,0.03757468480989566,platt_vol_vegas,platt,0.097719040164524,0.03757468480989566,NA,NA,NA,2026-10-04 16:05:00,2026-09-29 23:42:19,2026-09-29 23:42:07,live
TE,00-0039050,Payne Durham,TB,GB,2026_04_GB_TB,2026,4,NA,NA,12,17,3.8411270625291687,0.5542739407639223,-2.6244797999420655,4.1799347390202595,-3.972896907592614,5.230924116598157,0.1275,0.0315,0.09702128171292353,0.03376679392100568,platt_vol_vegas,platt,0.09702128171292353,0.03376679392100568,NA,NA,NA,2026-10-04 13:00:00,2026-09-29 23:42:19,2026-09-29 23:42:07,live
TE,00-0038710,Blake Whiteheart,CLE,PIT,2026_04_PIT_CLE,2026,4,NA,NA,12,17,3.818661536273202,0.41251306325269527,-2.7554398408434024,4.025854514658291,-4.099275268360881,5.073272818327384,0.1235,0.0275,0.09596314344614627,0.02942089259379163,platt_vol_vegas,platt,0.09596314344614627,0.02942089259379163,NA,NA,NA,2026-10-01 20:15:00,2026-09-29 23:42:19,2026-09-29 23:42:07,live
TE,00-0038115,Daniel Bellinger,TEN,BAL,2026_04_TEN_BAL,2026,4,NA,NA,12,17,3.844018763124704,0.7128373733217283,-2.4673046927768385,4.340081684288295,-3.8163107235913194,5.391530083029593,0.14,0.037,0.08554458119554591,0.03975249597058656,platt_vol_vegas,platt,0.08554458119554591,0.03975249597058656,NA,NA,NA,2026-10-04 13:00:00,2026-09-29 23:42:19,2026-09-29 23:42:07,live
TE,00-0041524,Will Kacmarek,MIA,MIN,2026_04_MIA_MIN,2026,4,NA,NA,12,17,3.8712641239536376,0.5308912065104325,-2.662310089151526,4.17303076905849,-4.016855803122495,5.228796932769976,0.1185,0.0265,0.07603643155075268,0.02833556413937982,platt_vol_vegas,platt,0.07603643155075268,0.02833556413937982,NA,NA,NA,2026-10-04 16:05:00,2026-09-29 23:42:19,2026-09-29 23:42:07,live
TE,00-0039489,Hayden Rucci,LAC,SEA,2026_04_LAC_SEA,2026,4,NA,NA,12,17,4.255501901895985,0.20602805965436227,-3.167412241448451,4.053746773545702,-4.598414761522428,5.169105247827767,0.1295,0.03,0.03053697251907301,0,platt_vol_vegas,platt,0.11553697251907302,0.0321362711903902,role_change_down,0.85,"Both Njoku and Kolar placed on injured reserve, reducing Chargers TE target/snap opportunity in the near term.",2026-10-04 16:25:00,2026-09-29 23:42:19,2026-09-29 23:42:07,live
WR,00-0036900,Ja'Marr Chase,CIN,JAX,2026_04_JAX_CIN,2026,4,NA,NA,15,20,10.22006359484268,3.6837870549658978,-2.644989279611153,10.280876563161804,-4.741485854107127,11.91144571462426,0.672,0.448,0.6499589202540413,0.4666666666666667,strat_platt,iso,0.6499589202540413,0.4666666666666667,NA,NA,NA,2026-10-04 13:00:00,2026-09-29 23:42:19,2026-09-29 23:42:07,live
WR,00-0038543,Jaxon Smith-Njigba,SEA,LAC,2026_04_LAC_SEA,2026,4,NA,NA,15,20,8.717425750143935,3.029976956116613,-2.898080508729454,9.209358820451682,-4.861833296225559,10.736685292310751,0.531,0.279,0.6233131082604876,0.3766666666666667,strat_platt,iso,0.5383131082604876,0.2916666666666667,role_change_up,0.85,"Drew Lock's sustained starting role and demonstrated heavy reliance on JSN (155 yards, all 3 TDs) signals elevated target share and opportunity for Smith-Njigba if Lock continues as starter.",2026-10-04 16:25:00,2026-09-29 23:42:19,2026-09-29 23:42:07,live
WR,00-0037239,Chris Olave,NO,ATL,2026_04_ATL_NO,2026,4,NA,NA,15,20,9.283398604870882,3.112499636370796,-2.9709358514990947,9.45384689042811,-4.986159804320112,11.021205526131189,0.579,0.353,0.5530004572366599,0.37662337662337664,strat_platt,iso,0.5530004572366599,0.37662337662337664,NA,NA,NA,2026-10-05 20:15:00,2026-09-29 23:42:19,2026-09-29 23:42:07,live
WR,00-0036963,Amon-Ra St. Brown,DET,CAR,2026_04_DET_CAR,2026,4,NA,NA,15,20,9.426787658313811,3.0743591833517505,-3.0475501371546634,9.455811396757966,-5.075519090599183,11.033082571839769,0.569,0.33,0.5426799365699282,0.33024691358024694,strat_platt,iso,0.5426799365699282,0.33024691358024694,NA,NA,NA,2026-10-04 20:20:00,2026-09-29 23:42:19,2026-09-29 23:42:07,live
WR,00-0031381,Davante Adams,LA,PHI,2026_04_LA_PHI,2026,4,NA,NA,15,20,7.91742719170935,2.1811438814740853,-3.5167962463564733,8.120652413363374,-5.404319414842447,9.58869061034628,0.412,0.1925,0.49928010726517025,0.30948979591836734,strat_platt,iso,0.41428010726517023,0.22448979591836735,role_change_up,0.85,"Puka Nacua's absence is creating elevated target opportunity for Adams, directly implied in the impact note's guidance on his WR1 status conditional on Nacua's injury.",2026-10-04 13:00:00,2026-09-29 23:42:19,2026-09-29 23:42:07,live
WR,00-0039064,Zay Flowers,BAL,TEN,2026_04_TEN_BAL,2026,4,NA,NA,15,20,8.439297056084465,2.652577514889496,-3.1969438123535787,8.7500936437325,-5.134680394701263,10.257185776995843,0.492,0.259,0.497721546386649,0.27710843373493976,strat_platt,iso,0.497721546386649,0.27710843373493976,NA,NA,NA,2026-10-04 13:00:00,2026-09-29 23:42:19,2026-09-29 23:42:07,live
WR,00-0037740,Garrett Wilson,NYJ,CHI,2026_04_NYJ_CHI,2026,4,NA,NA,15,20,9.717622577486832,1.551459085829234,-4.647441600693575,8.013166771402071,-6.700915031873746,9.610274284461156,0.513,0.2645,0.48528861426596,0.2911392405063291,strat_platt,iso,0.48528861426596,0.2911392405063291,NA,NA,NA,2026-10-04 13:00:00,2026-09-29 23:42:19,2026-09-29 23:42:07,live
WR,00-0039067,Rashee Rice,KC,LV,2026_04_KC_LV,2026,4,NA,NA,15,20,8.386981606793022,2.521804380275937,-3.312774945246226,8.60374503013639,-5.245561778421569,10.10698745126279,0.4745,0.2495,0.4794816977411026,0.27710843373493976,strat_platt,iso,0.4794816977411026,0.27710843373493976,NA,NA,NA,2026-10-04 16:25:00,2026-09-29 23:42:19,2026-09-29 23:42:07,live
WR,00-0037238,Drake London,ATL,NO,2026_04_ATL_NO,2026,4,NA,NA,15,20,9.265063339842476,2.4397072387054624,-3.638783409491361,8.775900012938822,-5.65236931430942,10.341984642008772,0.505,0.2715,0.47714730310834313,0.2911392405063291,strat_platt,iso,0.47714730310834313,0.2911392405063291,NA,NA,NA,2026-10-05 20:15:00,2026-09-29 23:42:19,2026-09-29 23:42:07,live
WR,00-0037247,George Pickens,DAL,HOU,2026_04_DAL_HOU,2026,4,NA,NA,15,20,8.102730287723904,2.6602645674763483,-3.092153605010484,8.656560781190539,-4.997723395460819,10.13863490144714,0.461,0.244,0.4654035387972803,0.27710843373493976,strat_platt,iso,0.4654035387972803,0.27710843373493976,NA,NA,NA,2026-10-04 13:00:00,2026-09-29 23:42:19,2026-09-29 23:42:07,live
WR,00-0038997,Josh Downs,IND,WAS,2026_04_IND_WAS,2026,4,NA,NA,15,20,7.244811727574155,2.46226458694738,-3.0313598884937054,8.188795352601725,-4.851200610531036,9.604192915386982,0.379,0.176,0.46485984046655215,0.30764875239923223,strat_platt,iso,0.37985984046655213,0.22264875239923224,role_change_up,0.85,Pierce's injured reserve status removes competition and implies Downs will see increased targets as the primary receiving option.,2026-10-04 09:30:00,2026-09-29 23:42:19,2026-09-29 23:42:07,live
WR,00-0036322,Justin Jefferson,MIN,MIA,2026_04_MIA_MIN,2026,4,NA,NA,15,20,8.55175909820717,1.9623581186701216,-3.9191003169790752,8.093165353352502,-5.867416517697365,9.608485880384388,0.4535,0.2315,0.45758026836198606,0.2624254473161034,strat_platt,iso,0.45758026836198606,0.2624254473161034,NA,NA,NA,2026-10-04 16:05:00,2026-09-29 23:42:19,2026-09-29 23:42:07,live
WR,00-0036410,Tee Higgins,CIN,JAX,2026_04_JAX_CIN,2026,4,NA,NA,15,20,7.269050249948223,2.9137579702915,-2.587418841434766,8.648161259137591,-4.409761381566823,10.065504633548516,0.4435,0.2135,0.44714759022271766,0.22448979591836735,strat_platt,iso,0.44714759022271766,0.22448979591836735,NA,NA,NA,2026-10-04 13:00:00,2026-09-29 23:42:19,2026-09-29 23:42:07,live
WR,00-0036358,CeeDee Lamb,DAL,HOU,2026_04_DAL_HOU,2026,4,NA,NA,15,20,8.176630513333748,2.3387452620520457,-3.4351944552544924,8.357475442464436,-5.347893561485172,9.845094452478492,0.441,0.22,0.44453920130804103,0.22448979591836735,strat_platt,iso,0.44453920130804103,0.22448979591836735,NA,NA,NA,2026-10-04 13:00:00,2026-09-29 23:42:19,2026-09-29 23:42:07,live
WR,00-0038994,Jordan Addison,MIN,MIA,2026_04_MIA_MIN,2026,4,NA,NA,15,20,7.382048141674013,2.184261381981267,-3.351929554158145,7.955163245052935,-5.185871017685564,9.381527786924243,0.368,0.1645,0.4433939124242692,0.25324773413897284,strat_platt,iso,0.3683939124242692,0.1782477341389728,role_change_up,0.75,"Murray targeted Addison heavily including a 41-yard TD in his return game, suggesting increased opportunity with Jefferson sidelined early.",2026-10-04 16:05:00,2026-09-29 23:42:19,2026-09-29 23:42:07,live
WR,00-0036912,DeVonta Smith,PHI,LA,2026_04_LA_PHI,2026,4,NA,NA,15,20,8.342237978839522,1.963456336147081,-3.858300012269555,8.032030369262914,-5.786839053114223,9.531969031527757,0.421,0.2095,0.4236707127785053,0.22448979591836735,strat_platt,iso,0.4236707127785053,0.22448979591836735,NA,NA,NA,2026-10-04 13:00:00,2026-09-29 23:42:19,2026-09-29 23:42:07,live
WR,00-0039075,Puka Nacua,LA,PHI,2026_04_LA_PHI,2026,4,NA,NA,15,20,8.751359775999841,2.716127704312541,-3.221410301364185,8.905392044048781,-5.188303651952597,10.435161117226086,0.499,0.26,0.42001367554192887,0.2021287128712871,strat_platt,iso,0.5050136755419289,0.2871287128712871,role_change_down,0.85,"Puka Nacua's hip injury caused him to miss Sunday's game, reducing his target share and creating opportunity for Mumpfield.",2026-10-04 13:00:00,2026-09-29 23:42:19,2026-09-29 23:42:07,live
WR,00-0036554,Nico Collins,HOU,DAL,2026_04_DAL_HOU,2026,4,NA,NA,15,20,8.64820551240335,2.8031105590508107,-3.1055404681064727,8.962263235356488,-5.062864598941822,10.484589761418418,0.495,0.2645,0.41584704017755664,0.2061392405063291,strat_platt,iso,0.5008470401775567,0.2911392405063291,role_change_down,0.85,"Collins ruled out with hamstring injury and Bond elevated to fill WR depth, reducing Collins's opportunity for Week 2.",2026-10-04 13:00:00,2026-09-29 23:42:19,2026-09-29 23:42:07,live
WR,00-0035640,DK Metcalf,PIT,CLE,2026_04_PIT_CLE,2026,4,NA,NA,15,20,9.033188350760016,1.5863530656252065,-4.42909964410345,7.856835361165461,-6.421803341196809,9.406678664518717,0.4385,0.2205,0.4100535086526312,0.22448979591836735,strat_platt,iso,0.4100535086526312,0.22448979591836735,NA,NA,NA,2026-10-01 20:15:00,2026-09-29 23:42:19,2026-09-29 23:42:07,live
WR,00-0038559,Michael Wilson,ARI,NYG,2026_04_ARI_NYG,2026,4,NA,NA,15,20,7.85679928045794,2.014702098848307,-3.6652510339836817,7.935461063725607,-5.546815756254079,9.398865025333192,0.4005,0.1935,0.4022823862071675,0.22448979591836735,strat_platt,iso,0.4022823862071675,0.22448979591836735,NA,NA,NA,2026-10-04 13:00:00,2026-09-29 23:42:19,2026-09-29 23:42:07,live
WR,00-0039337,Malik Nabers,NYG,ARI,2026_04_ARI_NYG,2026,4,NA,NA,15,20,8.616640931029494,1.2537411637074083,-4.646030127732619,7.403637641304369,-6.600412720657719,8.923676359681487,0.395,0.1805,0.39654520385537023,0.22264875239923224,strat_platt,iso,0.39654520385537023,0.22264875239923224,NA,NA,NA,2026-10-04 13:00:00,2026-09-29 23:42:19,2026-09-29 23:42:07,live
WR,00-0034827,DJ Moore,BUF,NE,2026_04_NE_BUF,2026,4,NA,NA,15,20,7.355063279330674,2.138560852030929,-3.389297249103634,7.90077660336822,-5.2204783433084625,9.324994243060528,0.392,0.1695,0.39341613113865176,0.1782477341389728,strat_platt,iso,0.39341613113865176,0.1782477341389728,NA,NA,NA,2026-10-04 13:00:00,2026-09-29 23:42:19,2026-09-29 23:42:07,live
WR,00-0035659,Terry McLaurin,WAS,IND,2026_04_IND_WAS,2026,4,NA,NA,15,20,7.5590242538419234,2.1285487000909113,-3.461852606619765,7.955959222660814,-5.313752021289158,9.39629072327262,0.3905,0.1755,0.3918516827890881,0.22264875239923224,strat_platt,iso,0.3918516827890881,0.22264875239923224,NA,NA,NA,2026-10-04 09:30:00,2026-09-29 23:42:19,2026-09-29 23:42:07,live
WR,00-0040124,Tetairoa McMillan,CAR,DET,2026_04_DET_CAR,2026,4,NA,NA,15,20,7.757271159569305,2.2529019378411386,-3.397345303171017,8.14269560754984,-5.269069529087898,9.598446034215218,0.384,0.1825,0.3850731591537112,0.22264875239923224,strat_platt,iso,0.3850731591537112,0.22264875239923224,NA,NA,NA,2026-10-04 20:20:00,2026-09-29 23:42:19,2026-09-29 23:42:07,live
WR,00-0038606,Parker Washington,JAX,CIN,2026_04_JAX_CIN,2026,4,NA,NA,15,20,7.241165391354231,2.193084601106508,-3.299402447748862,7.918429718130174,-5.118866381159984,9.333534230157326,0.382,0.1685,0.3829877278829394,0.1782477341389728,strat_platt,iso,0.3829877278829394,0.1782477341389728,NA,NA,NA,2026-10-04 13:00:00,2026-09-29 23:42:19,2026-09-29 23:42:07,live
WR,00-0036613,Jaylen Waddle,DEN,SF,2026_04_DEN_SF,2026,4,NA,NA,15,20,7.765632690096638,1.5462048651832765,-4.106546621740109,7.438608950168729,-5.979100414495355,8.895004579937307,0.3575,0.1485,0.3574542966242187,0.1778975741239892,strat_platt,iso,0.3574542966242187,0.1778975741239892,NA,NA,NA,2026-10-04 16:25:00,2026-09-29 23:42:19,2026-09-29 23:42:07,live
WR,00-0032464,Kalif Raymond,CHI,NYJ,2026_04_NYJ_CHI,2026,4,NA,NA,15,20,6.588818776970747,1.648363744401523,-3.634931899737735,7.1556486317220855,-5.3850982248568355,8.516856302835837,0.2665,0.0975,0.34800506809481035,0.1992857142857143,strat_platt,iso,0.26300506809481033,0.11428571428571428,role_change_up,0.85,"Raymond has emerged as the lead receiver in Chicago's passing attack, outproducing drafted assets Odunze and Burden, indicating a sustained role elevation rather than a one-week spike.",2026-10-04 13:00:00,2026-09-29 23:42:19,2026-09-29 23:42:07,live
WR,00-0030279,Keenan Allen,IND,WAS,2026_04_IND_WAS,2026,4,NA,NA,15,20,6.288686930721118,1.5631358370267097,-3.619812212720633,6.965818819154515,-5.336736979475257,8.301172567931816,0.2645,0.0945,0.3459395616702395,0.19836717428087983,strat_platt,iso,0.26093956167023946,0.11336717428087986,role_change_up,0.85,Alec Pierce's injured reserve status implies increased playing time and target opportunity for Allen going forward.,2026-10-04 09:30:00,2026-09-29 23:42:19,2026-09-29 23:42:07,live
WR,00-0035719,Deebo Samuel Sr.,SF,DEN,2026_04_DEN_SF,2026,4,NA,NA,15,20,6.866700099992424,1.1486158783391591,-4.225215662988397,6.750274999457945,-6.00537328315251,8.134808671247162,0.2635,0.094,0.3449070231717433,0.19836717428087983,strat_platt,iso,0.2599070231717433,0.11336717428087986,role_change_up,0.85,Robinson's absence and Evans' uncertainty create increased target/snap opportunity for Deebo Samuel Jr. as a primary receiver option.,2026-10-04 16:25:00,2026-09-29 23:42:19,2026-09-29 23:42:07,live
WR,00-0035676,A.J. Brown,NE,BUF,2026_04_NE_BUF,2026,4,NA,NA,15,20,6.784761270635831,0.9548288647458087,-4.392534222830521,6.528897382356238,-6.163923793740233,7.906611624623533,0.251,0.095,0.3390128693646043,0.20536717428087983,strat_platt,iso,0.24701286936460423,0.11336717428087986,role_change_up,0.92,A.J. Brown's six-week absence creates a significant target-share opportunity vacuum for New England's secondary receivers.,2026-10-04 13:00:00,2026-09-29 23:42:19,2026-09-29 23:42:07,live
WR,00-0039424,Devaughn Vele,NO,ATL,2026_04_ATL_NO,2026,4,NA,NA,15,20,6.653843426776426,2.273519345007984,-3.0311603011771275,7.803094825024833,-4.788410379089515,9.16981194887122,0.3395,0.137,0.3387151357031715,0.1778975741239892,strat_platt,iso,0.3387151357031715,0.1778975741239892,NA,NA,NA,2026-10-05 20:15:00,2026-09-29 23:42:19,2026-09-29 23:42:07,live
WR,00-0040667,Matthew Golden,GB,TB,2026_04_GB_TB,2026,4,NA,NA,15,20,7.304738342793054,1.7761865377025703,-3.736083178955486,7.522153023424669,-5.5621004005680135,8.942354414555677,0.3315,0.1275,0.33039356375660817,0.1743119266055046,strat_platt,iso,0.33039356375660817,0.1743119266055046,NA,NA,NA,2026-10-04 13:00:00,2026-09-29 23:42:19,2026-09-29 23:42:07,live
WR,00-0038124,Christian Watson,GB,TB,2026_04_GB_TB,2026,4,NA,NA,15,20,7.172389423884275,1.9625859078080112,-3.5083839139931645,7.665501558953867,-5.320719961944768,9.075062293668507,0.329,0.148,0.32779405778948967,0.1778975741239892,strat_platt,iso,0.32779405778948967,0.1778975741239892,NA,NA,NA,2026-10-04 13:00:00,2026-09-29 23:42:19,2026-09-29 23:42:07,live
WR,00-0031408,Mike Evans,SF,DEN,2026_04_DEN_SF,2026,4,NA,NA,15,20,7.238899112572219,1.4311360821522834,-4.060643860955556,7.155744115155026,-5.879873555597738,8.570666445863422,0.3215,0.126,0.3199985562838411,0.1743119266055046,strat_platt,iso,0.3199985562838411,0.1743119266055046,NA,NA,NA,2026-10-04 16:25:00,2026-09-29 23:42:19,2026-09-29 23:42:07,live
WR,00-0039491,Jalen Coker,CAR,DET,2026_04_DET_CAR,2026,4,NA,NA,15,20,6.120885004540013,1.8775503159645404,-3.2480613140382264,7.220466058244117,-4.945992581697042,8.541047441504245,0.2485,0.087,0.31643695062254584,0.17404081632653062,strat_platt,iso,0.24443695062254583,0.1020408163265306,role_change_up,0.72,Coker's mid-game exit creates increased target and snap opportunities for other Panthers receivers in Week 3 and potentially beyond if injury is significant.,2026-10-04 20:20:00,2026-09-29 23:42:19,2026-09-29 23:42:07,live
WR,00-0037240,Jameson Williams,DET,CAR,2026_04_DET_CAR,2026,4,NA,NA,15,20,6.396362456641876,2.382064060737276,-2.837202645002249,7.822605455254973,-4.56615847966836,9.167316475794252,0.314,0.1185,0.31220787841838216,0.14439140811455847,strat_platt,iso,0.31220787841838216,0.14439140811455847,NA,NA,NA,2026-10-04 20:20:00,2026-09-29 23:42:19,2026-09-29 23:42:07,live
WR,00-0040735,Luther Burden III,CHI,NYJ,2026_04_NYJ_CHI,2026,4,NA,NA,15,20,6.938235803596304,1.7330186016468812,-3.6637692885695934,7.358607323117342,-5.451531523633053,8.749055552847874,0.306,0.1265,0.3039035803474398,0.1743119266055046,strat_platt,iso,0.3039035803474398,0.1743119266055046,NA,NA,NA,2026-10-04 13:00:00,2026-09-29 23:42:19,2026-09-29 23:42:07,live
WR,00-0034960,Jakobi Meyers,JAX,CIN,2026_04_JAX_CIN,2026,4,NA,NA,15,20,6.583408119521796,1.8679785502813284,-3.4135321570506325,7.373402827072827,-5.163107196634527,8.734150620519646,0.3035,0.115,0.3013097808298745,0.14439140811455847,strat_platt,iso,0.3013097808298745,0.14439140811455847,NA,NA,NA,2026-10-04 13:00:00,2026-09-29 23:42:19,2026-09-29 23:42:07,live
WR,00-0035535,Darius Slayton,IND,WAS,2026_04_IND_WAS,2026,4,NA,NA,15,20,5.675368971131588,1.508132641352399,-3.460609014261754,6.687527790158633,-5.106574886627612,7.96769261775202,0.213,0.07,0.2929778321167638,0.16780254777070064,strat_platt,iso,0.2079778321167638,0.08280254777070063,role_change_up,0.85,Slayton signing with Colts due to Alec Pierce's extended absence creates immediate opportunity for increased targets and snaps in Indianapolis's WR rotation.,2026-10-04 09:30:00,2026-09-29 23:42:19,2026-09-29 23:42:07,live
WR,00-0039890,Adonai Mitchell,NYJ,CHI,2026_04_NYJ_CHI,2026,4,NA,NA,15,20,7.31976564259629,1.174710717420963,-4.342220378334432,6.92553620486963,-6.169781747629444,8.346938570811183,0.2915,0.1125,0.28886875189791633,0.14439140811455847,strat_platt,iso,0.28886875189791633,0.14439140811455847,NA,NA,NA,2026-10-04 13:00:00,2026-09-29 23:42:19,2026-09-29 23:42:07,live
WR,00-0039410,Ryan Flournoy,DAL,HOU,2026_04_DAL_HOU,2026,4,NA,NA,15,20,6.711187168298318,1.887079284655219,-3.4363565676081516,7.436206154038826,-5.199819903773762,8.807755695624895,0.29,0.1165,0.2873147485373685,0.14439140811455847,strat_platt,iso,0.2873147485373685,0.14439140811455847,NA,NA,NA,2026-10-04 13:00:00,2026-09-29 23:42:19,2026-09-29 23:42:07,live
WR,00-0040129,Emeka Egbuka,TB,GB,2026_04_GB_TB,2026,4,NA,NA,15,20,7.405317665875824,1.359393512717752,-4.1839685877210915,7.137770566925953,-6.020285600737717,8.565982713874227,0.288,0.12,0.28524315125532,0.14439140811455847,strat_platt,iso,0.28524315125532,0.14439140811455847,NA,NA,NA,2026-10-04 13:00:00,2026-09-29 23:42:19,2026-09-29 23:42:07,live
WR,00-0039919,Rome Odunze,CHI,NYJ,2026_04_NYJ_CHI,2026,4,NA,NA,15,20,7.225950849544835,1.982741223052248,-3.5049962075336594,7.703135358211977,-5.322886762789878,9.11701616116458,0.357,0.1575,0.2849335041688595,0.10589757412398922,strat_platt,iso,0.3569335041688595,0.1778975741239892,role_change_down,0.72,"Elevation of WR Kaden Davis suggests potential absence or reduced role for Rome Odunze due to his questionable status, implying a shift in target opportunity.",2026-10-04 13:00:00,2026-09-29 23:42:19,2026-09-29 23:42:07,live
WR,00-0041523,Caleb Douglas,MIA,MIN,2026_04_MIA_MIN,2026,4,NA,NA,15,20,6.893813477855899,0.27613899398528,-5.106409928855082,5.88688507648124,-6.889455304805463,7.27366472642245,0.2005,0.0655,0.2801998778323741,0.1531265206812652,strat_platt,iso,0.1951998778323741,0.0681265206812652,role_change_up,0.85,Two backup receivers will see increased playing time due to the team's leading receiver being ruled out for Week 3.,2026-10-04 16:05:00,2026-09-29 23:42:19,2026-09-29 23:42:07,live
WR,00-0034348,Courtland Sutton,DEN,SF,2026_04_DEN_SF,2026,4,NA,NA,15,20,6.6213002686798905,1.4687446554028252,-3.8252483032200466,6.987180377800332,-5.5789582648947125,8.351144144259905,0.2775,0.0975,0.27437521660396397,0.11428571428571428,strat_platt,iso,0.27437521660396397,0.11428571428571428,NA,NA,NA,2026-10-04 16:25:00,2026-09-29 23:42:19,2026-09-29 23:42:07,live
WR,00-0041547,KC Concepcion,CLE,PIT,2026_04_PIT_CLE,2026,4,NA,NA,15,20,6.962671753896905,1.1334180523293471,-4.271179574080474,6.76714760956002,-6.061528894594813,8.159607968372812,0.2655,0.1035,0.2619722436872264,0.14439140811455847,strat_platt,iso,0.2619722436872264,0.14439140811455847,NA,NA,NA,2026-10-01 20:15:00,2026-09-29 23:42:19,2026-09-29 23:42:07,live
WR,00-0038117,Wan'Dale Robinson,TEN,BAL,2026_04_TEN_BAL,2026,4,NA,NA,15,20,7.830145860875502,0.00696736877963602,-5.665052412508648,5.919456641781768,-7.543989099996906,7.380816625594752,0.2635,0.0985,0.2599070231717433,0.136986301369863,strat_platt,iso,0.2599070231717433,0.136986301369863,NA,NA,NA,2026-10-04 13:00:00,2026-09-29 23:42:19,2026-09-29 23:42:07,live
WR,00-0031588,Stefon Diggs,WAS,IND,2026_04_IND_WAS,2026,4,NA,NA,15,20,6.405826684747754,1.506882270495724,-3.7155594301586574,6.950733266196028,-5.4455670267470015,8.296262304072394,0.26,0.09,0.25629428503662366,0.11336717428087986,strat_platt,iso,0.25629428503662366,0.11336717428087986,NA,NA,NA,2026-10-04 09:30:00,2026-09-29 23:42:19,2026-09-29 23:42:07,live
WR,00-0038618,Xavier Hutchinson,HOU,DAL,2026_04_DAL_HOU,2026,4,NA,NA,15,20,6.193218580799259,1.8649529473264952,-3.285486468231264,7.233749067571353,-4.991642290624931,8.560727172580663,0.2595,0.0905,0.255778327096086,0.11336717428087986,strat_platt,iso,0.255778327096086,0.11336717428087986,NA,NA,NA,2026-10-04 13:00:00,2026-09-29 23:42:19,2026-09-29 23:42:07,live
WR,00-0038393,Dontayvion Wicks,PHI,LA,2026_04_LA_PHI,2026,4,NA,NA,15,20,6.457041287611246,1.4603993692225374,-3.779175739755748,6.922110156819062,-5.514859019914115,8.272053508868568,0.258,0.0885,0.2542306777037016,0.1020408163265306,strat_platt,iso,0.2542306777037016,0.1020408163265306,NA,NA,NA,2026-10-04 13:00:00,2026-09-29 23:42:19,2026-09-29 23:42:07,live
WR,00-0039451,Isaiah Williams,NYJ,CHI,2026_04_NYJ_CHI,2026,4,NA,NA,15,20,5.579604200423924,0.9465811385321848,-3.9875028284236422,6.089849260226245,-5.6219878517736905,7.3610847537746755,0.1685,0.05,0.24765955046474764,0.14253424657534247,strat_platt,iso,0.16265955046474764,0.05753424657534246,role_change_up,0.85,Mitchell's absence creates increased opportunity for backup WR Isaiah Williams in Week 3.,2026-10-04 13:00:00,2026-09-29 23:42:19,2026-09-29 23:42:07,live
WR,00-0037261,Khalil Shakir,BUF,NE,2026_04_NE_BUF,2026,4,NA,NA,15,20,6.185767638845199,1.6237918865672,-3.5240979799757746,6.989930367773027,-5.229409228237977,8.316251597621346,0.251,0.0945,0.24701286936460423,0.11336717428087986,strat_platt,iso,0.24701286936460423,0.11336717428087986,NA,NA,NA,2026-10-04 13:00:00,2026-09-29 23:42:19,2026-09-29 23:42:07,live
WR,00-0038619,Andrei Iosivas,CIN,JAX,2026_04_JAX_CIN,2026,4,NA,NA,15,20,5.137353179495407,1.3231075789171702,-3.446199507486524,6.294612981814442,-5.026099861167286,7.523394755386295,0.1665,0.0435,0.2456348978424148,0.13699698568198945,strat_platt,iso,0.1606348978424148,0.05199698568198945,role_change_up,0.85,Iosivas' 4-game IR absence creates increased target share for remaining Bengals receivers.,2026-10-04 13:00:00,2026-09-29 23:42:19,2026-09-29 23:42:07,live
WR,00-0039893,Brian Thomas Jr.,JAX,CIN,2026_04_JAX_CIN,2026,4,NA,NA,15,20,6.1474050781693546,1.5403293411439571,-3.5944049953769532,6.8927545538607164,-5.295358288456533,8.215686344694115,0.248,0.0875,0.24392188797874495,0.1020408163265306,strat_platt,iso,0.24392188797874495,0.1020408163265306,NA,NA,NA,2026-10-04 13:00:00,2026-09-29 23:42:19,2026-09-29 23:42:07,live
WR,00-0038563,Tre Tucker,LV,KC,2026_04_KC_LV,2026,4,NA,NA,15,20,6.366773880418456,1.172870374394648,-4.036452280868271,6.603046133029501,-5.762114008323337,7.945195131925017,0.2475,0.087,0.24340686605790984,0.1020408163265306,strat_platt,iso,0.24340686605790984,0.1020408163265306,NA,NA,NA,2026-10-04 16:25:00,2026-09-29 23:42:19,2026-09-29 23:42:07,live
WR,00-0039894,Xavier Worthy,KC,LV,2026_04_KC_LV,2026,4,NA,NA,15,20,6.191942007119688,1.7147232868272555,-3.435279441432556,7.083064206091804,-5.1412906049892095,8.409929801383717,0.246,0.0865,0.24186204616299656,0.1020408163265306,strat_platt,iso,0.24186204616299656,0.1020408163265306,NA,NA,NA,2026-10-04 16:25:00,2026-09-29 23:42:19,2026-09-29 23:42:07,live
WR,00-0039342,Xavier Legette,CAR,DET,2026_04_DET_CAR,2026,4,NA,NA,15,20,5.3835604459723,1.1557390035848494,-3.706287386176275,6.223894613575814,-5.316902319042983,7.476564928598203,0.1615,0.0445,0.24057840903584185,0.13699698568198945,strat_platt,iso,0.15557840903584183,0.05199698568198945,role_change_up,0.85,Legette's inactivity explicitly increases playing time for Tremayne and Metchie in the Panthers' WR rotation.,2026-10-04 20:20:00,2026-09-29 23:42:19,2026-09-29 23:42:07,live
WR,00-0041037,Denzel Boston,CLE,PIT,2026_04_PIT_CLE,2026,4,NA,NA,15,20,6.625026159037951,1.4705656236363722,-3.824652426911052,6.990278376640552,-5.5787682175939635,8.35455778027772,0.2445,0.0835,0.24031759829806557,0.1020408163265306,strat_platt,iso,0.24031759829806557,0.1020408163265306,NA,NA,NA,2026-10-01 20:15:00,2026-09-29 23:42:19,2026-09-29 23:42:07,live
WR,00-0036040,Juwan Johnson,NO,ATL,2026_04_ATL_NO,2026,4,NA,NA,15,20,6.208392828945983,1.5845552397507536,-3.571070893262984,6.958757972190748,-5.278944889092474,8.287072402112484,0.244,0.0895,0.2398028657374809,0.11336717428087986,strat_platt,iso,0.2398028657374809,0.11336717428087986,NA,NA,NA,2026-10-05 20:15:00,2026-09-29 23:42:19,2026-09-29 23:42:07,live
WR,00-0037816,Romeo Doubs,NE,BUF,2026_04_NE_BUF,2026,4,NA,NA,15,20,6.250781945158919,1.4231092699585686,-3.746966485715338,6.81237422754436,-5.4596271231969125,8.144411511255576,0.243,0.08,0.2387735266402472,0.08568075117370892,strat_platt,iso,0.2387735266402472,0.08568075117370892,NA,NA,NA,2026-10-04 13:00:00,2026-09-29 23:42:19,2026-09-29 23:42:07,live
WR,00-0041067,Bryce Lance,NO,ATL,2026_04_ATL_NO,2026,4,NA,NA,15,20,5.722294968169708,1.8031124464933443,-3.182486300282779,7.00007935536254,-4.83403632225493,8.284587305761821,0.24,0.082,0.23568652881398225,0.08568075117370892,strat_platt,iso,0.23568652881398225,0.08568075117370892,NA,NA,NA,2026-10-05 20:15:00,2026-09-29 23:42:19,2026-09-29 23:42:07,live
WR,00-0041042,Malachi Fields,NYG,ARI,2026_04_ARI_NYG,2026,4,NA,NA,15,20,6.497259079059189,1.2386915560679552,-4.014282073779428,6.71436890477803,-5.7544038032715,8.06776430089568,0.2355,0.08,0.23105895991518535,0.08568075117370892,strat_platt,iso,0.23105895991518535,0.08568075117370892,NA,NA,NA,2026-10-04 13:00:00,2026-09-29 23:42:19,2026-09-29 23:42:07,live
WR,00-0039880,Malik Washington,MIA,MIN,2026_04_MIA_MIN,2026,4,NA,NA,15,20,7.505461722289905,-0.21145507873622643,-5.785528984434627,5.5989358305277515,-7.632019716843338,7.035060679646959,0.233,0.073,0.2284896439456621,0.08280254777070063,strat_platt,iso,0.2284896439456621,0.08280254777070063,NA,NA,NA,2026-10-04 16:05:00,2026-09-29 23:42:19,2026-09-29 23:42:07,live
WR,00-0040669,Isaac TeSlaa,DET,CAR,2026_04_DET_CAR,2026,4,NA,NA,15,20,5.555641159080003,1.8241915618484377,-3.101165395787581,6.9583626861802905,-4.732759474004267,8.227349721033214,0.226,0.0725,0.2213016747949776,0.08280254777070063,strat_platt,iso,0.2213016747949776,0.08280254777070063,NA,NA,NA,2026-10-04 20:20:00,2026-09-29 23:42:19,2026-09-29 23:42:07,live
WR,00-0038608,Kayshon Boutte,HOU,DAL,2026_04_DAL_HOU,2026,4,NA,NA,15,20,5.487456912165107,1.8979181728539125,-3.002485121243681,7.006077704546444,-4.625812945865085,8.26863558598476,0.2255,0.0725,0.2207886016776676,0.08280254777070063,strat_platt,iso,0.2207886016776676,0.08280254777070063,NA,NA,NA,2026-10-04 13:00:00,2026-09-29 23:42:19,2026-09-29 23:42:07,live
WR,00-0036550,Rashod Bateman,BAL,TEN,2026_04_TEN_BAL,2026,4,NA,NA,15,20,6.670857822298876,1.9764929016824944,-3.3337617718061763,7.511879766426478,-5.092858656277484,8.880033260758907,0.3075,0.1195,0.22046016197429288,0.05939140811455847,strat_platt,iso,0.3054601619742929,0.14439140811455847,role_change_down,0.85,"Bateman's role diminished with Zay Flowers returning from injury, reducing his target share and moving him to a complementary role.",2026-10-04 13:00:00,2026-09-29 23:42:19,2026-09-29 23:42:07,live
WR,00-0039849,Marvin Harrison Jr.,ARI,NYG,2026_04_ARI_NYG,2026,4,NA,NA,15,20,5.688676515876988,1.841073627468266,-3.132456767800037,7.025460538103289,-4.780008977832189,8.306859154148288,0.224,0.075,0.21924967106411333,0.08568075117370892,strat_platt,iso,0.21924967106411333,0.08568075117370892,NA,NA,NA,2026-10-04 13:00:00,2026-09-29 23:42:19,2026-09-29 23:42:07,live
WR,00-0039901,Keon Coleman,BUF,NE,2026_04_NE_BUF,2026,4,NA,NA,15,20,5.530562819412348,1.5901265403695832,-3.3260734684037487,6.714752500190081,-4.954634177939262,7.981380305146469,0.2215,0.073,0.21668575956949335,0.08280254777070063,strat_platt,iso,0.21668575956949335,0.08280254777070063,NA,NA,NA,2026-10-04 13:00:00,2026-09-29 23:42:19,2026-09-29 23:42:07,live
WR,00-0036252,Michael Pittman,PIT,CLE,2026_04_PIT_CLE,2026,4,NA,NA,15,20,6.244738514358225,1.3342317993998654,-3.8337874019010703,6.721353013462468,-5.545766776691365,8.052860438960721,0.2195,0.0715,0.21463551854855112,0.08280254777070063,strat_platt,iso,0.21463551854855112,0.08280254777070063,NA,NA,NA,2026-10-01 20:15:00,2026-09-29 23:42:19,2026-09-29 23:42:07,live
WR,00-0040727,Tre Harris,LAC,SEA,2026_04_LAC_SEA,2026,4,NA,NA,15,20,6.532864990918371,0.6966605825634739,-4.568134436613631,6.184660497184644,-6.312172168335098,7.541101599415048,0.215,0.0655,0.2100254252110108,0.0681265206812652,strat_platt,iso,0.2100254252110108,0.0681265206812652,NA,NA,NA,2026-10-04 16:25:00,2026-09-29 23:42:19,2026-09-29 23:42:07,live
WR,00-0041438,Carnell Tate,TEN,BAL,2026_04_TEN_BAL,2026,4,NA,NA,15,20,7.162783557590804,0.0608341616568112,-5.407120719727261,5.7606070517471295,-7.21845802607028,7.169391006152634,0.2125,0.0735,0.20746606456568104,0.08280254777070063,strat_platt,iso,0.20746606456568104,0.08280254777070063,NA,NA,NA,2026-10-04 13:00:00,2026-09-29 23:42:19,2026-09-29 23:42:07,live
WR,00-0033555,Mack Hollins,NE,BUF,2026_04_NE_BUF,2026,4,NA,NA,15,20,5.928389536845624,1.4836879100404854,-3.5749981863174005,6.756840760965085,-5.250759425424846,8.060179204225848,0.212,0.067,0.20695434967442183,0.0681265206812652,strat_platt,iso,0.20695434967442183,0.0681265206812652,NA,NA,NA,2026-10-04 13:00:00,2026-09-29 23:42:19,2026-09-29 23:42:07,live
WR,00-0032951,Laquon Treadwell,IND,WAS,2026_04_IND_WAS,2026,4,NA,NA,15,20,4.928818537120713,1.410262690061352,-3.2784442363250057,6.297750829288834,-4.831644648271855,7.505766481958425,0.148,0.0395,0.20564143281340583,0.128859649122807,strat_platt,iso,0.12064143281340582,0.04385964912280701,role_change_up,0.85,Dulin's absence directly implies increased snaps and targets for Treadwell in the Colts WR room.,2026-10-04 09:30:00,2026-09-29 23:42:19,2026-09-29 23:42:07,live
WR,00-0038104,Tyquan Thornton,KC,LV,2026_04_KC_LV,2026,4,NA,NA,15,20,5.479169329702099,1.599808703940896,-3.297549135176756,6.704793666327498,-4.919868109809523,7.966566905572766,0.2035,0.0615,0.19826343648693148,0.06790123456790123,strat_platt,iso,0.19826343648693148,0.06790123456790123,NA,NA,NA,2026-10-04 16:25:00,2026-09-29 23:42:19,2026-09-29 23:42:07,live
WR,00-0041525,Chris Bell,MIA,MIN,2026_04_MIA_MIN,2026,4,NA,NA,15,20,5.607867948284269,-0.03651528320881064,-4.980864205212514,5.117452983927024,-6.618749639946614,6.391333178150176,0.1185,0.034,0.1974371612674931,0.11824250681198913,strat_platt,iso,0.1124371612674931,0.0332425068119891,role_change_up,0.85,Bell expected to see increased work/snaps with primary competitor Caleb Douglas sidelined due to ankle injury.,2026-10-04 16:05:00,2026-09-29 23:42:19,2026-09-29 23:42:07,live
WR,00-0037545,Rashid Shaheed,SEA,LAC,2026_04_LAC_SEA,2026,4,NA,NA,15,20,5.8054374527005,1.0285839060405284,-3.9866831923060913,6.256476978282232,-5.648061274893794,7.548628791616167,0.2025,0.072,0.1972420237113501,0.08280254777070063,strat_platt,iso,0.1972420237113501,0.08280254777070063,NA,NA,NA,2026-10-04 16:25:00,2026-09-29 23:42:19,2026-09-29 23:42:07,live
WR,00-0038840,Brycen Tremayne,CAR,DET,2026_04_DET_CAR,2026,4,NA,NA,15,20,4.863781651194618,1.410646220468179,-3.252513947937362,6.271504527934521,-4.797251635375582,7.472938220161646,0.1555,0.049,0.196508160428559,0.12399698568198944,strat_platt,iso,0.12450816042855904,0.05199698568198945,role_change_up,0.72,Jalen Coker's quad injury creates near-term opportunity for Tremayne to maintain elevated target volume as Carolina's leading receiver.,2026-10-04 20:20:00,2026-09-29 23:42:19,2026-09-29 23:42:07,live
WR,00-0033908,Cooper Kupp,SEA,LAC,2026_04_LAC_SEA,2026,4,NA,NA,15,20,5.49501668746982,1.465127235051892,-3.4380517046858867,6.57618008794323,-5.062299001140238,7.839453096906523,0.2015,0.0635,0.19622083696126175,0.0681265206812652,strat_platt,iso,0.19622083696126175,0.0681265206812652,NA,NA,NA,2026-10-04 16:25:00,2026-09-29 23:42:19,2026-09-29 23:42:07,live
WR,00-0038621,DeMario Douglas,NE,BUF,2026_04_NE_BUF,2026,4,NA,NA,15,20,6.102675303838085,1.116167717146718,-4.003166430991008,6.452539839054772,-5.699018194093055,7.771503868858738,0.2005,0.0715,0.1951998778323741,0.08280254777070063,strat_platt,iso,0.1951998778323741,0.08280254777070063,NA,NA,NA,2026-10-04 13:00:00,2026-09-29 23:42:19,2026-09-29 23:42:07,live
WR,00-0039915,Ladd McConkey,LAC,SEA,2026_04_LAC_SEA,2026,4,NA,NA,15,20,6.472044174606836,0.43977160468691506,-4.804807432139978,5.9066984653700265,-6.542148334094255,7.257931047746968,0.1995,0.0625,0.1941791479313806,0.06790123456790123,strat_platt,iso,0.1941791479313806,0.06790123456790123,NA,NA,NA,2026-10-04 16:25:00,2026-09-29 23:42:19,2026-09-29 23:42:07,live
WR,00-0038544,Quentin Johnston,LAC,SEA,2026_04_LAC_SEA,2026,4,NA,NA,15,20,6.789905845634495,0.4008750034605371,-4.948155439406067,5.976681565127256,-6.720097345312267,7.3548253909281,0.1945,0.0645,0.18907899386826985,0.0681265206812652,strat_platt,iso,0.18907899386826985,0.0681265206812652,NA,NA,NA,2026-10-04 16:25:00,2026-09-29 23:42:19,2026-09-29 23:42:07,live
WR,00-0040876,Elijah Sarratt,BAL,TEN,2026_04_TEN_BAL,2026,4,NA,NA,15,20,5.190348671316109,1.412489177041227,-3.3769928250631036,6.405024826175869,-4.96357640460319,7.639004539038938,0.188,0.0545,0.18245776296468075,0.05753424657534246,strat_platt,iso,0.18245776296468075,0.05753424657534246,NA,NA,NA,2026-10-04 13:00:00,2026-09-29 23:42:19,2026-09-29 23:42:07,live
WR,00-0039751,Jordan Whittington,LA,PHI,2026_04_LA_PHI,2026,4,NA,NA,15,20,4.879499253558069,1.125801615419752,-3.5435508306185017,5.993114726728571,-5.090339797507755,7.1961438200808745,0.126,0.0365,0.18096157126430068,0.115859649122807,strat_platt,iso,0.10896157126430069,0.04385964912280701,role_change_up,0.72,"Whittington's opportunity increases with Puka Nacua (hip) unavailable, positioning him for elevated target share in the passing game.",2026-10-04 13:00:00,2026-09-29 23:42:19,2026-09-29 23:42:07,live
WR,00-0040172,Jordan Watkins,SF,DEN,2026_04_DEN_SF,2026,4,NA,NA,15,20,4.681491126569168,1.001865046930238,-3.588600546465133,5.786946838882479,-5.109257128894062,6.96965123412961,0.124,0.033,0.17987100189753016,0.1052425068119891,strat_platt,iso,0.10787100189753016,0.0332425068119891,role_change_up,0.72,Watkins saw increased snaps with Evans sidelined early and could see elevated opportunity if Evans misses additional time.,2026-10-04 16:25:00,2026-09-29 23:42:19,2026-09-29 23:42:07,live
WR,00-0040729,Jack Bech,LV,KC,2026_04_KC_LV,2026,4,NA,NA,15,20,4.846396948050577,0.641319249692883,-4.014978115783244,5.495023800602038,-5.557442402792638,6.694689335106771,0.121,0.029,0.17822497861390543,0.1052425068119891,strat_platt,iso,0.10622497861390544,0.0332425068119891,role_change_up,0.72,"Bech's absence opens snap/target share for other Raiders WRs, particularly if he goes to IR rather than returning soon.",2026-10-04 16:25:00,2026-09-29 23:42:19,2026-09-29 23:42:07,live
WR,00-0040867,Makai Lemon,PHI,LA,2026_04_LA_PHI,2026,4,NA,NA,15,20,5.703849471722379,1.0882767312069703,-3.8907056354750535,6.278346753633436,-5.540063888064069,7.561150035593599,0.1825,0.056,0.17686342498549004,0.06790123456790123,strat_platt,iso,0.17686342498549004,0.06790123456790123,NA,NA,NA,2026-10-04 13:00:00,2026-09-29 23:42:19,2026-09-29 23:42:07,live
WR,00-0036259,Jauan Jennings,MIN,MIA,2026_04_MIA_MIN,2026,4,NA,NA,15,20,5.549529171528341,1.1452305602131383,-3.777896950562905,6.277077718629391,-5.408752493009347,7.545490350614758,0.18,0.0555,0.17432312815828843,0.06790123456790123,strat_platt,iso,0.17432312815828843,0.06790123456790123,NA,NA,NA,2026-10-04 16:05:00,2026-09-29 23:42:19,2026-09-29 23:42:07,live
WR,00-0041048,Ted Hurst III,TB,GB,2026_04_GB_TB,2026,4,NA,NA,15,20,5.749651824777772,1.2118239704828164,-3.7835645736904615,6.418995722481526,-5.4383576043617845,7.706025952195317,0.178,0.0525,0.17229208124605994,0.05753424657534246,strat_platt,iso,0.17229208124605994,0.05753424657534246,NA,NA,NA,2026-10-04 13:00:00,2026-09-29 23:42:19,2026-09-29 23:42:07,live
WR,00-0032398,Chris Moore,BAL,TEN,2026_04_TEN_BAL,2026,4,NA,NA,15,20,5.001397128941843,1.676187995249722,-3.0407948926514043,6.593150876383326,-4.603362116336,7.80845165150574,0.177,0.0495,0.1712769598340972,0.05660377358490566,strat_platt,iso,0.1712769598340972,0.05660377358490566,NA,NA,NA,2026-10-04 13:00:00,2026-09-29 23:42:19,2026-09-29 23:42:07,live
WR,00-0041443,Skyler Bell,BUF,NE,2026_04_NE_BUF,2026,4,NA,NA,15,20,5.093116644595049,1.3860286839024385,-3.3663439255873424,6.339881660158371,-4.940634494538167,7.564300372975317,0.177,0.0475,0.1712769598340972,0.05199698568198945,strat_platt,iso,0.1712769598340972,0.05199698568198945,NA,NA,NA,2026-10-04 13:00:00,2026-09-29 23:42:19,2026-09-29 23:42:07,live
WR,00-0033307,Kendrick Bourne,ARI,NYG,2026_04_ARI_NYG,2026,4,NA,NA,15,20,5.54016088954212,0.9110509157214652,-4.00865655428326,6.039333038197548,-5.638379159905481,7.306864518332439,0.1765,0.046,0.17076950047567732,0.05199698568198945,strat_platt,iso,0.17076950047567732,0.05199698568198945,NA,NA,NA,2026-10-04 13:00:00,2026-09-29 23:42:19,2026-09-29 23:42:07,live
WR,00-0037291,Jalen Nailor,LV,KC,2026_04_KC_LV,2026,4,NA,NA,15,20,5.666446746549129,1.0348808380673364,-3.930646439163565,6.210925332531172,-5.57554750327687,7.490261995886202,0.1755,0.0555,0.16975478566012325,0.06790123456790123,strat_platt,iso,0.16975478566012325,0.06790123456790123,NA,NA,NA,2026-10-04 16:25:00,2026-09-29 23:42:19,2026-09-29 23:42:07,live
WR,00-0037741,Jahan Dotson,ATL,NO,2026_04_ATL_NO,2026,4,NA,NA,15,20,5.859513049442099,0.8918143654783973,-4.142614889801019,6.139681988529408,-5.810340707597828,7.436770810270386,0.173,0.0485,0.167219199420982,0.05199698568198945,strat_platt,iso,0.167219199420982,0.05199698568198945,NA,NA,NA,2026-10-05 20:15:00,2026-09-29 23:42:19,2026-09-29 23:42:07,live
WR,00-0038090,Skyy Moore,GB,TB,2026_04_GB_TB,2026,4,NA,NA,15,20,4.774254995904533,0.6706044552430501,-3.957058129891246,5.494460233028323,-5.490036741356997,6.686748197681331,0.1,0.02,0.16631312787179986,0.08803206412825651,strat_platt,iso,0.09431312787179984,0.01603206412825651,role_change_up,0.72,"Moore received meaningful target volume (7 targets) with Jayden Reed out, suggesting a temporary role expansion in the Packers' passing game.",2026-10-04 13:00:00,2026-09-29 23:42:19,2026-09-29 23:42:07,live
WR,00-0032385,Sterling Shepard,NYJ,CHI,2026_04_NYJ_CHI,2026,4,NA,NA,15,20,4.750683899598515,0.3665633246122182,-4.251688198777973,5.180609051700357,-5.7815492630804455,6.370472315881869,0.099,0.0265,0.16572656671939506,0.1052425068119891,strat_platt,iso,0.09372656671939504,0.0332425068119891,role_change_up,0.72,OBJ's release increases target share and WR opportunities for remaining Giants receivers.,2026-10-04 13:00:00,2026-09-29 23:42:19,2026-09-29 23:42:07,live
WR,00-0039739,Roman Wilson,PIT,CLE,2026_04_PIT_CLE,2026,4,NA,NA,15,20,6.4782667351450005,1.1853218536173198,-4.061330596511664,6.6544100314995625,-5.7993583459156755,8.00617681568581,0.2405,0.0775,0.16420092133928277,0.01368075117370892,strat_platt,iso,0.23620092133928275,0.08568075117370892,role_change_down,0.72,Pittman's return from injury is expected to reduce Wilson's playing time and target share going forward despite Wilson's strong Week 3 performance.,2026-10-01 20:15:00,2026-09-29 23:42:19,2026-09-29 23:42:07,live
WR,00-0036309,Darnell Mooney,NYG,ARI,2026_04_ARI_NYG,2026,4,NA,NA,15,20,5.447781920375768,1.0287813814068876,-3.857017812587743,6.121717661324898,-5.475507822721664,7.380512888838686,0.1635,0.0475,0.15760011225653453,0.05199698568198945,strat_platt,iso,0.15760011225653453,0.05199698568198945,NA,NA,NA,2026-10-04 13:00:00,2026-09-29 23:42:19,2026-09-29 23:42:07,live
WR,00-0038976,Marvin Mims Jr.,DEN,SF,2026_04_DEN_SF,2026,4,NA,NA,15,20,5.44706164100776,0.973386149343268,-3.9121473369000297,6.066045456632464,-5.530549327587372,7.32477222622647,0.1625,0.0525,0.1565891104845131,0.05753424657534246,strat_platt,iso,0.1565891104845131,0.05753424657534246,NA,NA,NA,2026-10-04 16:25:00,2026-09-29 23:42:19,2026-09-29 23:42:07,live
WR,00-0039855,Jalen McMillan,TB,GB,2026_04_GB_TB,2026,4,NA,NA,15,20,4.529988259735854,0.5720810359629691,-3.956689141453218,5.292851788949216,-5.456908245699233,6.459660750898651,0.082,0.0215,0.155422081595612,0.09086792452830188,strat_platt,iso,0.08342208159561199,0.01886792452830188,role_change_up,0.72,McMillan's 6-8 week absence reduces WR depth and increases target/snap share for remaining Buccaneers receivers.,2026-10-04 13:00:00,2026-09-29 23:42:19,2026-09-29 23:42:07,live
WR,00-0031610,Darren Waller,CAR,DET,2026_04_DET_CAR,2026,4,NA,NA,15,20,5.029867160165068,1.465336883432074,-3.2626716812326775,6.3937928830853945,-4.828891316117232,7.6119343540160225,0.159,0.0465,0.1530529837998835,0.05199698568198945,strat_platt,iso,0.1530529837998835,0.05199698568198945,NA,NA,NA,2026-10-04 20:20:00,2026-09-29 23:42:19,2026-09-29 23:42:07,live
WR,00-0039710,Jeshaun Jones,MIN,MIA,2026_04_MIA_MIN,2026,4,NA,NA,15,20,5.1730759769545065,1.138463691972606,-3.644456124728205,6.124158946979259,-5.228865887642078,7.356447954322101,0.1585,0.0425,0.1525481287071898,0.05199698568198945,strat_platt,iso,0.1525481287071898,0.05199698568198945,NA,NA,NA,2026-10-04 16:05:00,2026-09-29 23:42:19,2026-09-29 23:42:07,live
WR,00-0041399,CJ Daniels,LA,PHI,2026_04_LA_PHI,2026,4,NA,NA,15,20,5.1010192669733865,1.2228100112666656,-3.53259418712502,6.1798231028878146,-5.10788901273023,7.405022885390594,0.1575,0.04,0.15153865073421463,0.04385964912280701,strat_platt,iso,0.15153865073421463,0.04385964912280701,NA,NA,NA,2026-10-04 13:00:00,2026-09-29 23:42:19,2026-09-29 23:42:07,live
WR,00-0038728,Jared Wayne,HOU,DAL,2026_04_DAL_HOU,2026,4,NA,NA,15,20,5.012013661158615,1.221712532667012,-3.499386161828877,6.142965713073118,-5.063316804596568,7.359326899705121,0.152,0.0385,0.14599215264909868,0.04385964912280701,strat_platt,iso,0.14599215264909868,0.04385964912280701,NA,NA,NA,2026-10-04 13:00:00,2026-09-29 23:42:19,2026-09-29 23:42:07,live
WR,00-0041040,Antonio Williams,WAS,IND,2026_04_IND_WAS,2026,4,NA,NA,15,20,5.188144886671024,1.05444933094987,-3.7341961327225377,6.046112975984401,-5.32050259708834,7.279877160017093,0.15,0.036,0.14397765701953347,0.04385964912280701,strat_platt,iso,0.14397765701953347,0.04385964912280701,NA,NA,NA,2026-10-04 09:30:00,2026-09-29 23:42:19,2026-09-29 23:42:07,live
WR,00-0040582,Arian Smith,NYJ,CHI,2026_04_NYJ_CHI,2026,4,NA,NA,15,20,4.42365670813232,-0.2663144713405281,-4.751055156303214,4.408560126155244,-6.236688869120361,5.564025168150202,0.061,0.0135,0.14157581347073162,0.08803206412825651,strat_platt,iso,0.06957581347073163,0.01603206412825651,role_change_up,0.72,"Loss of Smith removes a receiver from Jets' depth chart, increasing target share and snap opportunities for remaining WR options.",2026-10-04 13:00:00,2026-09-29 23:42:19,2026-09-29 23:42:07,live
WR,00-0041070,Reggie Virgil,ARI,NYG,2026_04_ARI_NYG,2026,4,NA,NA,15,20,5.1325345306009424,1.2303648111712635,-3.537101793383116,6.199951703624137,-5.116392461448756,7.428259288700669,0.1455,0.037,0.1394498895841781,0.04385964912280701,strat_platt,iso,0.1394498895841781,0.04385964912280701,NA,NA,NA,2026-10-04 13:00:00,2026-09-29 23:42:19,2026-09-29 23:42:07,live
WR,00-0040134,Pat Bryant,DEN,SF,2026_04_DEN_SF,2026,4,NA,NA,15,20,5.21375303609564,1.1204199815357954,-3.677933251558747,6.12220296408789,-5.267455551698095,7.358468293446695,0.145,0.046,0.13894722600457138,0.05199698568198945,strat_platt,iso,0.13894722600457138,0.05199698568198945,NA,NA,NA,2026-10-04 16:25:00,2026-09-29 23:42:19,2026-09-29 23:42:07,live
WR,00-0039365,Jacob Cowing,SF,DEN,2026_04_DEN_SF,2026,4,NA,NA,15,20,5.015263154506649,0.8216898331441056,-3.90066759567539,5.744255112850436,-5.465015211971316,6.9609406044111415,0.141,0.0415,0.13492902365474796,0.05199698568198945,strat_platt,iso,0.13492902365474796,0.05199698568198945,NA,NA,NA,2026-10-04 16:25:00,2026-09-29 23:42:19,2026-09-29 23:42:07,live
WR,00-0039792,Devontez Walker,BAL,TEN,2026_04_TEN_BAL,2026,4,NA,NA,15,20,4.863148290209347,1.7027650583401934,-2.960145337540011,6.56336300398946,-4.504800284300397,7.7647323439068865,0.1755,0.048,0.1345894730447563,0.05199698568198945,strat_platt,iso,0.1345894730447563,0.05199698568198945,NA,NA,NA,2026-10-04 13:00:00,2026-09-29 23:42:19,2026-09-29 23:42:07,live
WR,00-0032775,Demarcus Robinson,SF,DEN,2026_04_DEN_SF,2026,4,NA,NA,15,20,5.07136710192904,1.0324632121677246,-3.711551554033164,5.9776040081604584,-5.2830734693139885,7.199869375572359,0.1395,0.0315,0.13342364353215436,0.0332425068119891,strat_platt,iso,0.13342364353215436,0.0332425068119891,NA,NA,NA,2026-10-04 16:25:00,2026-09-29 23:42:19,2026-09-29 23:42:07,live
WR,00-0040590,Konata Mumpfield,LA,PHI,2026_04_LA_PHI,2026,4,NA,NA,15,20,5.008888225455237,0.9700630345697728,-3.7498245276344986,5.890053735831149,-5.313353965719578,7.106102881896596,0.1395,0.0425,0.13342364353215436,0.05199698568198945,strat_platt,iso,0.13342364353215436,0.05199698568198945,NA,NA,NA,2026-10-04 13:00:00,2026-09-29 23:42:19,2026-09-29 23:42:07,live
WR,00-0037664,Alec Pierce,IND,WAS,2026_04_IND_WAS,2026,4,NA,NA,15,20,5.553251597210883,1.7984225495323698,-3.1260629485355236,6.9316852681204,-4.7573683434581895,8.20044777693331,0.221,0.069,0.13117312477121984,0,strat_platt,iso,0.21617312477121983,0.08280254777070063,role_change_down,0.85,"Pierce left the game with a heel injury, reducing his opportunity and increasing Treadwell's target share going forward.",2026-10-04 09:30:00,2026-09-29 23:42:19,2026-09-29 23:42:07,live
WR,00-0040930,Camden Brown,DAL,HOU,2026_04_DAL_HOU,2026,4,NA,NA,15,20,5.065227879046486,0.9909114083622296,-3.750740379980907,5.933589046295751,-5.321479525461934,7.15524560742398,0.135,0.0315,0.12891235857194636,0.0332425068119891,strat_platt,iso,0.12891235857194636,0.0332425068119891,NA,NA,NA,2026-10-04 13:00:00,2026-09-29 23:42:19,2026-09-29 23:42:07,live
WR,00-0041099,Barion Brown,NO,ATL,2026_04_ATL_NO,2026,4,NA,NA,15,20,4.72280443864132,1.2867698053881813,-3.320314933326171,6.0891753236696395,-4.846476842439176,7.27616153648279,0.143,0.034,0.11803358223797115,0.0332425068119891,strat_platt,iso,0.11803358223797115,0.0332425068119891,NA,NA,NA,2026-10-05 20:15:00,2026-09-29 23:42:19,2026-09-29 23:42:07,live
WR,00-0040534,Ke'Shawn Williams,CIN,JAX,2026_04_JAX_CIN,2026,4,NA,NA,15,20,4.738249811796716,1.2103599450618745,-3.4029160324072008,6.019219184263816,-4.931128876828229,7.207800530541809,0.136,0.041,0.11433858514497558,0.05199698568198945,strat_platt,iso,0.11433858514497558,0.05199698568198945,NA,NA,NA,2026-10-04 13:00:00,2026-09-29 23:42:19,2026-09-29 23:42:07,live
WR,00-0041267,Malik McClain,NYJ,CHI,2026_04_NYJ_CHI,2026,4,NA,NA,15,20,5.046945169575017,0.6888108833270101,-4.045793914012561,5.624142767838976,-5.614198644162971,6.843983716353709,0.1195,0.03,0.11343253312953394,0.0332425068119891,strat_platt,iso,0.11343253312953394,0.0332425068119891,NA,NA,NA,2026-10-04 13:00:00,2026-09-29 23:42:19,2026-09-29 23:42:07,live
WR,00-0036988,Josh Palmer,BUF,NE,2026_04_NE_BUF,2026,4,NA,NA,15,20,4.76808141057802,1.0341581732110958,-3.591042177726921,5.8554473285524296,-5.123205139328432,7.047100914154594,0.13,0.03,0.11112711973386316,0.0332425068119891,strat_platt,iso,0.11112711973386316,0.0332425068119891,NA,NA,NA,2026-10-04 13:00:00,2026-09-29 23:42:19,2026-09-29 23:42:07,live
WR,00-0035500,Greg Dortch,BUF,NE,2026_04_NE_BUF,2026,4,NA,NA,15,20,4.594572065030916,1.2403043056151095,-3.314912154941219,5.988642551559103,-4.823891964113482,7.1622652309128885,0.128,0.03,0.11004689509055718,0.0332425068119891,strat_platt,iso,0.11004689509055718,0.0332425068119891,NA,NA,NA,2026-10-04 13:00:00,2026-09-29 23:42:19,2026-09-29 23:42:07,live
WR,00-0036849,Tutu Atwell,LA,PHI,2026_04_LA_PHI,2026,4,NA,NA,15,20,4.4766660138838965,1.2331355859775366,-3.273632011393378,5.930970943194324,-4.766562450144458,7.092111079706147,0.127,0.0265,0.10950487959651468,0.0332425068119891,strat_platt,iso,0.10950487959651468,0.0332425068119891,NA,NA,NA,2026-10-04 13:00:00,2026-09-29 23:42:19,2026-09-29 23:42:07,live
WR,00-0041467,Lewis Bond,HOU,DAL,2026_04_DAL_HOU,2026,4,NA,NA,15,20,4.458599111953687,1.1694392226687005,-3.3298383835361585,5.8594670449805,-4.82028765689404,7.018677432691852,0.127,0.032,0.10950487959651468,0.0332425068119891,strat_platt,iso,0.10950487959651468,0.0332425068119891,NA,NA,NA,2026-10-04 13:00:00,2026-09-29 23:42:19,2026-09-29 23:42:07,live
WR,00-0037524,Tay Martin,DET,CAR,2026_04_DET_CAR,2026,4,NA,NA,15,20,4.647056275454786,1.0551148187576067,-3.521432541135737,5.825688303360259,-5.037478512078742,7.004806753869975,0.127,0.035,0.10950487959651468,0.0332425068119891,strat_platt,iso,0.10950487959651468,0.0332425068119891,NA,NA,NA,2026-10-04 20:20:00,2026-09-29 23:42:19,2026-09-29 23:42:07,live
WR,00-0040621,Montorie Foster Jr,SEA,LAC,2026_04_LAC_SEA,2026,4,NA,NA,15,20,4.6506048460267015,0.9489722096862084,-3.629012248048427,5.721043718960589,-5.145534277954842,6.900532428630015,0.1265,0.0355,0.10923338818097653,0.04385964912280701,strat_platt,iso,0.10923338818097653,0.04385964912280701,NA,NA,NA,2026-10-04 16:25:00,2026-09-29 23:42:19,2026-09-29 23:42:07,live
WR,00-0041132,Deion Burks,IND,WAS,2026_04_IND_WAS,2026,4,NA,NA,15,20,4.58692753452891,1.2212652002376727,-3.3308323847986285,5.966352343617315,-4.838779022391057,7.1391714644407704,0.1255,0.0355,0.10868942652833648,0.04385964912280701,strat_platt,iso,0.10868942652833648,0.04385964912280701,NA,NA,NA,2026-10-04 09:30:00,2026-09-29 23:42:19,2026-09-29 23:42:07,live
WR,00-0040075,LaJohntay Wester,BAL,TEN,2026_04_TEN_BAL,2026,4,NA,NA,15,20,4.664311880561388,1.15817692231986,-3.4253525473376905,5.936028528416374,-4.943711440784126,7.116945875299065,0.125,0.036,0.10841695163334016,0.04385964912280701,strat_platt,iso,0.10841695163334016,0.04385964912280701,NA,NA,NA,2026-10-04 13:00:00,2026-09-29 23:42:19,2026-09-29 23:42:07,live
WR,00-0041100,Josh Cameron,JAX,CIN,2026_04_JAX_CIN,2026,4,NA,NA,15,20,4.760028781858642,1.2017703718596753,-3.4202154967582254,6.019708764515265,-4.951313615676628,7.210534159100398,0.125,0.0335,0.10841695163334016,0.0332425068119891,strat_platt,iso,0.10841695163334016,0.0332425068119891,NA,NA,NA,2026-10-04 13:00:00,2026-09-29 23:42:19,2026-09-29 23:42:07,live
WR,00-0040648,Tory Horton,SEA,LAC,2026_04_LAC_SEA,2026,4,NA,NA,15,20,4.561284889082343,1.3381201734465804,-3.203493119257388,6.072278535132895,-4.7079666868914645,7.24239644441904,0.1245,0.0295,0.10814414421767908,0.0332425068119891,strat_platt,iso,0.10814414421767908,0.0332425068119891,NA,NA,NA,2026-10-04 16:25:00,2026-09-29 23:42:19,2026-09-29 23:42:07,live
WR,00-0035021,Ashton Dulin,IND,WAS,2026_04_IND_WAS,2026,4,NA,NA,15,20,4.44732869048917,0.8820131563653907,-3.6125830211144567,5.567161077304092,-5.101481505067425,6.7251653245452765,0.124,0.0295,0.10787100189753016,0.0332425068119891,strat_platt,iso,0.10787100189753016,0.0332425068119891,NA,NA,NA,2026-10-04 09:30:00,2026-09-29 23:42:19,2026-09-29 23:42:07,live
WR,00-0040138,Jaylin Noel,HOU,DAL,2026_04_DAL_HOU,2026,4,NA,NA,15,20,4.5842645247608536,1.3978086117137387,-3.153201779132565,6.141762468498148,-4.660788268289554,7.314301480622205,0.123,0.03,0.10732370289568062,0.0332425068119891,strat_platt,iso,0.10732370289568062,0.0332425068119891,NA,NA,NA,2026-10-04 13:00:00,2026-09-29 23:42:19,2026-09-29 23:42:07,live
WR,00-0041069,Colbie Young,CIN,JAX,2026_04_JAX_CIN,2026,4,NA,NA,15,20,4.77944118816421,1.1121710089991246,-3.517558556402246,5.938181398215214,-5.051221884283997,7.131001907246787,0.123,0.031,0.10732370289568062,0.0332425068119891,strat_platt,iso,0.10732370289568062,0.0332425068119891,NA,NA,NA,2026-10-04 13:00:00,2026-09-29 23:42:19,2026-09-29 23:42:07,live
WR,00-0041106,C.J. Williams,JAX,CIN,2026_04_JAX_CIN,2026,4,NA,NA,15,20,4.616330042732041,1.1434053887087512,-3.4206713765971832,5.9009795786035015,-4.9325862868971395,7.076885059376313,0.123,0.036,0.10732370289568062,0.04385964912280701,strat_platt,iso,0.10732370289568062,0.04385964912280701,NA,NA,NA,2026-10-04 13:00:00,2026-09-29 23:42:19,2026-09-29 23:42:07,live
WR,00-0039816,Anthony Gould,IND,WAS,2026_04_IND_WAS,2026,4,NA,NA,15,20,4.58692753452891,1.201873100955844,-3.350224484080457,5.946960244335486,-4.858171121672886,7.1197793651589425,0.1195,0.03,0.10539724559508068,0.0332425068119891,strat_platt,iso,0.10539724559508068,0.0332425068119891,NA,NA,NA,2026-10-04 09:30:00,2026-09-29 23:42:19,2026-09-29 23:42:07,live
WR,00-0035544,Tom Kennedy,DET,CAR,2026_04_DET_CAR,2026,4,NA,NA,15,20,4.647056275454786,1.0551148187576067,-3.521432541135737,5.825688303360259,-5.037478512078742,7.004806753869975,0.117,0.0305,0.10401045395822205,0.0332425068119891,strat_platt,iso,0.10401045395822205,0.0332425068119891,NA,NA,NA,2026-10-04 20:20:00,2026-09-29 23:42:19,2026-09-29 23:42:07,live
WR,00-0039355,Luke McCaffrey,WAS,IND,2026_04_IND_WAS,2026,4,NA,NA,15,20,4.601233723747398,0.8489966901438817,-3.708935156181581,5.600165442653635,-5.218814475253147,6.774487723958163,0.116,0.026,0.10345314158088754,0.0332425068119891,strat_platt,iso,0.10345314158088754,0.0332425068119891,NA,NA,NA,2026-10-04 09:30:00,2026-09-29 23:42:19,2026-09-29 23:42:07,live
WR,00-0037231,Kevin Austin Jr.,NO,ATL,2026_04_ATL_NO,2026,4,NA,NA,15,20,4.6174451398888925,1.0059604965288056,-3.5585696968133567,5.764007337878179,-5.070634811556396,6.94002964151361,0.115,0.0315,0.10289431259760257,0.0332425068119891,strat_platt,iso,0.10289431259760257,0.0332425068119891,NA,NA,NA,2026-10-05 20:15:00,2026-09-29 23:42:19,2026-09-29 23:42:07,live
WR,00-0039868,Troy Franklin,DEN,SF,2026_04_DEN_SF,2026,4,NA,NA,15,20,4.660080487728121,0.8862482884484932,-3.695570448152616,5.662316633689933,-5.213362637104675,6.84279322103227,0.115,0.031,0.10289431259760257,0.0332425068119891,strat_platt,iso,0.10289431259760257,0.0332425068119891,NA,NA,NA,2026-10-04 16:25:00,2026-09-29 23:42:19,2026-09-29 23:42:07,live
WR,00-0038519,Nikko Remigio,KC,LV,2026_04_KC_LV,2026,4,NA,NA,15,20,4.63938288064415,0.979537698535003,-3.593899884442475,5.746869564919549,-5.108915697846821,6.925186801096686,0.1145,0.029,0.10261432225672576,0.0332425068119891,strat_platt,iso,0.10261432225672576,0.0332425068119891,NA,NA,NA,2026-10-04 16:25:00,2026-09-29 23:42:19,2026-09-29 23:42:07,live
WR,00-0040785,Dohnte Meyers,CIN,JAX,2026_04_JAX_CIN,2026,4,NA,NA,15,20,4.6819236157483335,0.8337594086460411,-3.756880608819463,5.619023019506429,-5.2775949716859065,6.801772354010849,0.1135,0.033,0.10205317537577129,0.0332425068119891,strat_platt,iso,0.10205317537577129,0.0332425068119891,NA,NA,NA,2026-10-04 13:00:00,2026-09-29 23:42:19,2026-09-29 23:42:07,live
WR,00-0040894,Malik Benson,LV,KC,2026_04_KC_LV,2026,4,NA,NA,15,20,4.8550715315622295,0.5830397006382282,-4.076683860449526,5.440315703266888,-5.620283123160952,6.640863975377734,0.113,0.03,0.1017720129452626,0.0332425068119891,strat_platt,iso,0.1017720129452626,0.0332425068119891,NA,NA,NA,2026-10-04 16:25:00,2026-09-29 23:42:19,2026-09-29 23:42:07,live
WR,00-0036646,Simi Fehoko,ARI,NYG,2026_04_ARI_NYG,2026,4,NA,NA,15,20,4.664277744366853,1.0543616423560658,-3.5291540298481503,5.832198866045962,-5.047508352693237,7.013112658102161,0.1115,0.025,0.10092613370278342,0.0332425068119891,strat_platt,iso,0.10092613370278342,0.0332425068119891,NA,NA,NA,2026-10-04 13:00:00,2026-09-29 23:42:19,2026-09-29 23:42:07,live
WR,00-0036331,Devin Duvernay,ARI,NYG,2026_04_ARI_NYG,2026,4,NA,NA,15,20,4.664277744366853,1.039437173426048,-3.544078498778168,5.817274397115945,-5.062432821623255,6.998188189172143,0.1105,0.023,0.1003601902885606,0.0332425068119891,strat_platt,iso,0.1003601902885606,0.0332425068119891,NA,NA,NA,2026-10-04 13:00:00,2026-09-29 23:42:19,2026-09-29 23:42:07,live
WR,00-0033589,David Moore,CAR,DET,2026_04_DET_CAR,2026,4,NA,NA,15,20,4.481530328361544,1.1555944905693063,-3.353186662820006,5.855528770007529,-4.846784120449928,7.017187686478506,0.1095,0.028,0.0997925985435093,0.0332425068119891,strat_platt,iso,0.0997925985435093,0.0332425068119891,NA,NA,NA,2026-10-04 20:20:00,2026-09-29 23:42:19,2026-09-29 23:42:07,live
WR,00-0041397,Kaden Wetjen,PIT,CLE,2026_04_PIT_CLE,2026,4,NA,NA,15,20,4.687153218293665,0.6250499227073015,-3.9676984574387513,5.412511281850137,-5.489111245230313,6.5958038226499385,0.109,0.026,0.09950817655862386,0.0332425068119891,strat_platt,iso,0.09950817655862386,0.0332425068119891,NA,NA,NA,2026-10-01 20:15:00,2026-09-29 23:42:19,2026-09-29 23:42:07,live
WR,00-0040024,Darius Cooper,PHI,LA,2026_04_LA_PHI,2026,4,NA,NA,15,20,4.528953837841727,0.9152212429872436,-3.613123551017265,5.635548578116104,-5.113201740998296,6.802247942722869,0.1085,0.025,0.09922333283594233,0.0332425068119891,strat_platt,iso,0.09922333283594233,0.0332425068119891,NA,NA,NA,2026-10-04 13:00:00,2026-09-29 23:42:19,2026-09-29 23:42:07,live
WR,00-0035208,Olamide Zaccheaus,ATL,NO,2026_04_ATL_NO,2026,4,NA,NA,15,20,5.048494854117989,0.3926784407026967,-4.3425242581455405,5.328633575201899,-5.911127051617915,6.548628569254681,0.105,0.0285,0.09904260247412489,0.0332425068119891,strat_platt,iso,0.09904260247412489,0.0332425068119891,NA,NA,NA,2026-10-05 20:15:00,2026-09-29 23:42:19,2026-09-29 23:42:07,live
WR,00-0036626,Dyami Brown,WAS,IND,2026_04_IND_WAS,2026,4,NA,NA,15,20,4.966518017605626,0.4397717478264276,-4.263652919620983,5.34260159767935,-5.821728791228215,6.554409183146794,0.1065,0.0265,0.09807967419737744,0.0332425068119891,strat_platt,iso,0.09807967419737744,0.0332425068119891,NA,NA,NA,2026-10-04 09:30:00,2026-09-29 23:42:19,2026-09-29 23:42:07,live
WR,00-0040390,Jackson Meeks,DET,CAR,2026_04_DET_CAR,2026,4,NA,NA,15,20,4.481920219624071,0.7713411833186304,-3.7376013076904777,5.471443640404878,-5.231252210686353,6.633144124492074,0.106,0.026,0.0977926716872774,0.0332425068119891,strat_platt,iso,0.0977926716872774,0.0332425068119891,NA,NA,NA,2026-10-04 20:20:00,2026-09-29 23:42:19,2026-09-29 23:42:07,live
WR,00-0036862,Ben Skowronek,PIT,CLE,2026_04_PIT_CLE,2026,4,NA,NA,15,20,4.469675222000735,0.9298048911672984,-3.5740666496912,5.624621411404682,-5.066037728806728,6.785015397292689,0.104,0.0245,0.0966402059140735,0.0332425068119891,strat_platt,iso,0.0966402059140735,0.0332425068119891,NA,NA,NA,2026-10-01 20:15:00,2026-09-29 23:42:19,2026-09-29 23:42:07,live
WR,00-0036463,Chris Blair,ATL,NO,2026_04_ATL_NO,2026,4,NA,NA,15,20,4.5003313928952995,0.6330564973375741,-3.883495179520059,5.341090737358378,-5.379666732831696,6.504751680001293,0.1035,0.027,0.09635095765701096,0.0332425068119891,strat_platt,iso,0.09635095765701096,0.0332425068119891,NA,NA,NA,2026-10-05 20:15:00,2026-09-29 23:42:19,2026-09-29 23:42:07,live
WR,00-0039062,Jonathan Mingo,DAL,HOU,2026_04_DAL_HOU,2026,4,NA,NA,15,20,4.453006180959447,0.8721329311222433,-3.624822394425464,5.559740017963479,-5.114502379506223,6.7183520847672185,0.103,0.0245,0.09606124937945892,0.0332425068119891,strat_platt,iso,0.09606124937945892,0.0332425068119891,NA,NA,NA,2026-10-04 13:00:00,2026-09-29 23:42:19,2026-09-29 23:42:07,live
WR,00-0040131,Kyle Williams,NE,BUF,2026_04_NE_BUF,2026,4,NA,NA,15,20,4.557914967497776,0.7378523714740762,-3.8023805125953056,5.470571801076396,-5.306396800366605,6.640334056818005,0.103,0.0235,0.09606124937945892,0.0332425068119891,strat_platt,iso,0.09606124937945892,0.0332425068119891,NA,NA,NA,2026-10-04 13:00:00,2026-09-29 23:42:19,2026-09-29 23:42:07,live
WR,00-0034854,KhaDarel Hodge,SF,DEN,2026_04_DEN_SF,2026,4,NA,NA,15,20,4.573583618709343,0.7631932420038324,-3.7834528467676862,5.502597768885262,-5.28959359920305,6.67401234621267,0.1025,0.0255,0.09577107736065602,0.0332425068119891,strat_platt,iso,0.09577107736065602,0.0332425068119891,NA,NA,NA,2026-10-04 16:25:00,2026-09-29 23:42:19,2026-09-29 23:42:07,live
WR,00-0035891,Cody White,LV,KC,2026_04_KC_LV,2026,4,NA,NA,15,20,4.659320301887822,0.686059842655629,-3.8954514573489143,5.461807717297632,-5.413141803584862,6.642205095547423,0.1025,0.026,0.09577107736065602,0.0332425068119891,strat_platt,iso,0.09577107736065602,0.0332425068119891,NA,NA,NA,2026-10-04 16:25:00,2026-09-29 23:42:19,2026-09-29 23:42:07,live
WR,00-0040646,Jalen Royals,KC,LV,2026_04_KC_LV,2026,4,NA,NA,15,20,4.433680968356733,0.7238533381908641,-3.765064585300396,5.403082271345415,-5.252082067396631,6.559623552398749,0.1025,0.0305,0.09577107736065602,0.0332425068119891,strat_platt,iso,0.09577107736065602,0.0332425068119891,NA,NA,NA,2026-10-04 16:25:00,2026-09-29 23:42:19,2026-09-29 23:42:07,live
WR,00-0037801,KaVontae Turpin,DAL,HOU,2026_04_DAL_HOU,2026,4,NA,NA,15,20,4.477617781310289,0.9138388185807688,-3.593322858956303,5.612084963285073,-5.086383842330032,6.773326632056558,0.102,0.028,0.0954804378368587,0.0332425068119891,strat_platt,iso,0.0954804378368587,0.0332425068119891,NA,NA,NA,2026-10-04 13:00:00,2026-09-29 23:42:19,2026-09-29 23:42:07,live
WR,00-0040277,Jahdae Walker,CHI,NYJ,2026_04_NYJ_CHI,2026,4,NA,NA,15,20,4.515499313914715,0.7595243052649545,-3.763282391597823,5.47407875151015,-5.261526008657793,6.639351260453242,0.1015,0.0285,0.09518932700062278,0.0332425068119891,strat_platt,iso,0.09518932700062278,0.0332425068119891,NA,NA,NA,2026-10-04 13:00:00,2026-09-29 23:42:19,2026-09-29 23:42:07,live
WR,00-0036630,Tylan Wallace,CLE,PIT,2026_04_PIT_CLE,2026,4,NA,NA,15,20,4.662464640697963,0.870301270039763,-3.71248148127529,5.647374500114999,-5.2305930137210535,6.828099459744649,0.1005,0.0265,0.0946056759381337,0.0332425068119891,strat_platt,iso,0.0946056759381337,0.0332425068119891,NA,NA,NA,2026-10-01 20:15:00,2026-09-29 23:42:19,2026-09-29 23:42:07,live
WR,00-0035406,Lil'Jordan Humphrey,DEN,SF,2026_04_DEN_SF,2026,4,NA,NA,15,20,4.516652375436176,0.600112237333859,-3.9231694583519174,5.315161820329976,-5.421570425482843,6.480556709712321,0.0995,0.0215,0.0940200928113162,0.01886792452830188,strat_platt,iso,0.0940200928113162,0.01886792452830188,NA,NA,NA,2026-10-04 16:25:00,2026-09-29 23:42:19,2026-09-29 23:42:07,live
WR,00-0037132,Britain Covey,PHI,LA,2026_04_LA_PHI,2026,4,NA,NA,15,20,4.6506048460267015,0.4831512035340803,-4.094833254200555,5.255222712808461,-5.61135528410697,6.434711422477887,0.0995,0.025,0.0940200928113162,0.0332425068119891,strat_platt,iso,0.0940200928113162,0.0332425068119891,NA,NA,NA,2026-10-04 13:00:00,2026-09-29 23:42:19,2026-09-29 23:42:07,live
WR,00-0038640,Jalen Brooks,ARI,NYG,2026_04_ARI_NYG,2026,4,NA,NA,15,20,4.4676804278029465,0.928999659869284,-3.57404501404163,5.622954257520655,-5.065742181798702,6.78313520637499,0.099,0.022,0.09372656671939504,0.01886792452830188,strat_platt,iso,0.09372656671939504,0.01886792452830188,NA,NA,NA,2026-10-04 13:00:00,2026-09-29 23:42:19,2026-09-29 23:42:07,live
WR,00-0040718,Travis Hunter,JAX,CIN,2026_04_JAX_CIN,2026,4,NA,NA,15,20,4.663709520561753,0.3519390397620305,-4.231346954249275,5.129536847881428,-5.7496251929480415,6.3103914648054475,0.099,0.014,0.09372656671939504,0.01603206412825651,strat_platt,iso,0.09372656671939504,0.01603206412825651,NA,NA,NA,2026-10-04 13:00:00,2026-09-29 23:42:19,2026-09-29 23:42:07,live
WR,00-0031235,Odell Beckham Jr.,NYG,ARI,2026_04_ARI_NYG,2026,4,NA,NA,15,20,4.517922592205494,0.7595917669685369,-3.764213106522746,5.475186708281834,-5.2627873836932615,6.640716391113227,0.0985,0.017,0.09343254551039404,0.01603206412825651,strat_platt,iso,0.09343254551039404,0.01603206412825651,NA,NA,NA,2026-10-04 13:00:00,2026-09-29 23:42:19,2026-09-29 23:42:07,live
WR,00-0040154,Tai Felton,MIN,MIA,2026_04_MIA_MIN,2026,4,NA,NA,15,20,4.479639885089475,0.7754294166956928,-3.7325693510989746,5.474548140720842,-5.225907632447037,6.636005480497094,0.0985,0.024,0.09343254551039404,0.0332425068119891,strat_platt,iso,0.09343254551039404,0.0332425068119891,NA,NA,NA,2026-10-04 16:05:00,2026-09-29 23:42:19,2026-09-29 23:42:07,live
WR,00-0036980,Elijah Moore,PHI,LA,2026_04_LA_PHI,2026,4,NA,NA,15,20,4.599532389751084,0.5888089969648446,-3.968429581872232,5.339255090396095,-5.478079246293709,6.513398755721717,0.098,0.0255,0.09313802504947916,0.0332425068119891,strat_platt,iso,0.09313802504947916,0.0332425068119891,NA,NA,NA,2026-10-04 13:00:00,2026-09-29 23:42:19,2026-09-29 23:42:07,live
WR,00-0040782,Isaiah Bond,CLE,PIT,2026_04_PIT_CLE,2026,4,NA,NA,15,20,4.48924146922372,0.5292481836052819,-3.982722319117391,5.232507027210851,-5.477376293773476,6.394987659343954,0.0975,0.02,0.09284300115176952,0.01603206412825651,strat_platt,iso,0.09284300115176952,0.01603206412825651,NA,NA,NA,2026-10-01 20:15:00,2026-09-29 23:42:19,2026-09-29 23:42:07,live
WR,00-0040405,Jamaal Pritchett,NYJ,CHI,2026_04_NYJ_CHI,2026,4,NA,NA,15,20,4.623446640453436,0.44237009899268653,-4.124599357033699,5.202959617379627,-5.637472512003067,6.379610381601266,0.0975,0.0235,0.09284300115176952,0.0332425068119891,strat_platt,iso,0.09284300115176952,0.0332425068119891,NA,NA,NA,2026-10-04 13:00:00,2026-09-29 23:42:19,2026-09-29 23:42:07,live
WR,00-0040506,Myles Price,MIN,MIA,2026_04_MIA_MIN,2026,4,NA,NA,15,20,4.509210430995369,0.568459445661966,-3.951755314842198,5.280312068481376,-5.449140316364208,6.444916781432718,0.097,0.016,0.09254746958146216,0.01603206412825651,strat_platt,iso,0.09254746958146216,0.01603206412825651,NA,NA,NA,2026-10-04 16:05:00,2026-09-29 23:42:19,2026-09-29 23:42:07,live
WR,00-0041550,Brenen Thompson,LAC,SEA,2026_04_LAC_SEA,2026,4,NA,NA,15,20,4.76757927700279,0.16114379459002412,-4.463856206019111,4.982224105601466,-5.995952798743607,6.173826072209928,0.097,0.03,0.09254746958146216,0.0332425068119891,strat_platt,iso,0.09254746958146216,0.0332425068119891,NA,NA,NA,2026-10-04 16:25:00,2026-09-29 23:42:19,2026-09-29 23:42:07,live
WR,00-0038573,Derius Davis,LAC,SEA,2026_04_LAC_SEA,2026,4,NA,NA,15,20,4.511356670991277,0.7705388292112966,-3.750560734044408,5.483313766652115,-5.248238838978459,6.6481464434301945,0.0965,0.023,0.09225142605093756,0.0332425068119891,strat_platt,iso,0.09225142605093756,0.0332425068119891,NA,NA,NA,2026-10-04 16:25:00,2026-09-29 23:42:19,2026-09-29 23:42:07,live
WR,00-0040890,Cyrus Allen,KC,LV,2026_04_KC_LV,2026,4,NA,NA,15,20,4.43725309260449,0.4475765023629543,-4.042828627607916,5.128355693220493,-5.5303387678619425,6.285280143606934,0.0965,0.0255,0.09225142605093756,0.0332425068119891,strat_platt,iso,0.09225142605093756,0.0332425068119891,NA,NA,NA,2026-10-04 16:25:00,2026-09-29 23:42:19,2026-09-29 23:42:07,live
WR,00-0041044,Zachariah Branch,ATL,NO,2026_04_ATL_NO,2026,4,NA,NA,15,20,4.489415342126867,0.5531455318727033,-3.958896847973358,5.2564792998856955,-5.453574632942054,6.418978450704544,0.096,0.025,0.09195486621984446,0.0332425068119891,strat_platt,iso,0.09195486621984446,0.0332425068119891,NA,NA,NA,2026-10-05 20:15:00,2026-09-29 23:42:19,2026-09-29 23:42:07,live
WR,00-0040218,Jimmy Horn Jr.,CAR,DET,2026_04_DET_CAR,2026,4,NA,NA,15,20,4.431735856340969,0.7075408657052703,-3.780566939602459,5.385925335114156,-5.267316058604958,6.54225789434683,0.0945,0.0165,0.09106204470886084,0.01603206412825651,strat_platt,iso,0.09106204470886084,0.01603206412825651,NA,NA,NA,2026-10-04 20:20:00,2026-09-29 23:42:19,2026-09-29 23:42:07,live
WR,00-0039589,Kameron Johnson,TB,GB,2026_04_GB_TB,2026,4,NA,NA,15,20,4.671966446637017,0.5228495943366709,-4.063772262164923,5.303924691314457,-5.5831555524430385,6.485638772087825,0.0945,0.0215,0.09106204470886084,0.01886792452830188,strat_platt,iso,0.09106204470886084,0.01886792452830188,NA,NA,NA,2026-10-04 13:00:00,2026-09-29 23:42:19,2026-09-29 23:42:07,live
WR,00-0040170,Elic Ayomanor,TEN,BAL,2026_04_TEN_BAL,2026,4,NA,NA,15,20,5.492486205776786,-0.3412159462848184,-5.243466045290243,4.768868686981389,-6.867405650129235,6.031902386011018,0.096,0.0255,0.09016060409632598,0.0332425068119891,strat_platt,iso,0.09016060409632598,0.0332425068119891,NA,NA,NA,2026-10-04 13:00:00,2026-09-29 23:42:19,2026-09-29 23:42:07,live
WR,00-0037093,Dareke Young,LV,KC,2026_04_KC_LV,2026,4,NA,NA,15,20,4.484176065341968,0.7980102873853107,-3.7118655139862264,5.499085623220052,-5.2058255892255705,6.661026568812799,0.0915,0.0205,0.08926185071168095,0.01603206412825651,strat_platt,iso,0.08926185071168095,0.01603206412825651,NA,NA,NA,2026-10-04 16:25:00,2026-09-29 23:42:19,2026-09-29 23:42:07,live
WR,00-0037742,Treylon Burks,WAS,IND,2026_04_IND_WAS,2026,4,NA,NA,15,20,4.578082317379111,0.3122732674757839,-4.236211755481209,5.053594691523412,-5.7429616808461805,6.225483058600352,0.0905,0.021,0.08865733519289361,0.01886792452830188,strat_platt,iso,0.08865733519289361,0.01886792452830188,NA,NA,NA,2026-10-04 09:30:00,2026-09-29 23:42:19,2026-09-29 23:42:07,live
WR,00-0037091,Bo Melton,GB,TB,2026_04_GB_TB,2026,4,NA,NA,15,20,4.427478135183487,0.7116177598220762,-3.7747160196760863,5.3881529922794815,-5.26087746756553,6.544028484994703,0.09,0.023,0.08835422066779511,0.0332425068119891,strat_platt,iso,0.08835422066779511,0.0332425068119891,NA,NA,NA,2026-10-04 13:00:00,2026-09-29 23:42:19,2026-09-29 23:42:07,live
WR,00-0035662,Marquise Brown,PHI,LA,2026_04_LA_PHI,2026,4,NA,NA,15,20,4.593722125175917,0.8099816037697398,-3.744888242673088,5.557958540637429,-5.253753231023251,6.731491917059487,0.0895,0.019,0.08805052816177648,0.01603206412825651,strat_platt,iso,0.08805052816177648,0.01603206412825651,NA,NA,NA,2026-10-04 13:00:00,2026-09-29 23:42:19,2026-09-29 23:42:07,live
WR,00-0040164,Jaylin Lane,WAS,IND,2026_04_IND_WAS,2026,4,NA,NA,15,20,4.427774030798505,0.3775153209053668,-4.108941779181756,5.0541791022197025,-5.5951440787585796,6.210086367703855,0.089,0.02,0.08774625248726801,0.01603206412825651,strat_platt,iso,0.08774625248726801,0.01603206412825651,NA,NA,NA,2026-10-04 09:30:00,2026-09-29 23:42:19,2026-09-29 23:42:07,live
WR,00-0040948,J. Michael Sturdivant,GB,TB,2026_04_GB_TB,2026,4,NA,NA,15,20,4.482672554419917,0.7007229880062807,-3.8085307969771143,5.40114993660608,-5.302284820499968,6.562930623614768,0.089,0.0195,0.08774625248726801,0.01603206412825651,strat_platt,iso,0.08774625248726801,0.01603206412825651,NA,NA,NA,2026-10-04 13:00:00,2026-09-29 23:42:19,2026-09-29 23:42:07,live
WR,00-0041529,Kevin Coleman Jr.,MIA,MIN,2026_04_MIA_MIN,2026,4,NA,NA,15,20,5.033548431826585,-0.07787558066836142,-4.807307117883108,4.852063719513173,-6.373998132528765,6.070571810311646,0.093,0.0295,0.08720911928332632,0.0332425068119891,strat_platt,iso,0.08720911928332632,0.0332425068119891,NA,NA,NA,2026-10-04 16:05:00,2026-09-29 23:42:19,2026-09-29 23:42:07,live
WR,00-0034837,Calvin Ridley,TEN,BAL,2026_04_TEN_BAL,2026,4,NA,NA,15,20,4.89092791525206,0.09850106978835352,-4.575346566599065,4.970499948380146,-6.123624628800036,6.174687199064264,0.088,0.017,0.0871359305344633,0.01603206412825651,strat_platt,iso,0.0871359305344633,0.01603206412825651,NA,NA,NA,2026-10-04 13:00:00,2026-09-29 23:42:19,2026-09-29 23:42:07,live
WR,00-0033921,Chris Godwin Jr.,TB,GB,2026_04_GB_TB,2026,4,NA,NA,15,20,5.804101154148443,1.1975957903233874,-3.8171964514116223,6.4249938740547154,-5.4784172310379,7.717023343589261,0.1755,0.055,0.08475478566012325,0,strat_platt,iso,0.16975478566012325,0.05753424657534246,role_change_down,0.85,QB Baker Mayfield's thumb dislocation late in game reduces passing opportunity and accuracy for Godwin going forward.,2026-10-04 13:00:00,2026-09-29 23:42:19,2026-09-29 23:42:07,live
WR,00-0038359,Xavier Smith,LA,PHI,2026_04_LA_PHI,2026,4,NA,NA,15,20,4.537842544253676,0.7025570117926784,-3.829441204737199,5.426692659008576,-5.330729642545724,6.594333304797071,0.084,0.0215,0.08467022885552832,0.01886792452830188,strat_platt,iso,0.08467022885552832,0.01886792452830188,NA,NA,NA,2026-10-04 13:00:00,2026-09-29 23:42:19,2026-09-29 23:42:07,live
WR,00-0040237,Tez Johnson,TB,GB,2026_04_GB_TB,2026,4,NA,NA,15,20,4.491846279384109,0.7298318637344487,-3.7832152669484342,5.434212979742304,-5.278225889827061,6.5969709982525995,0.0835,0.0205,0.08435917511816272,0.01603206412825651,strat_platt,iso,0.08435917511816272,0.01603206412825651,NA,NA,NA,2026-10-04 13:00:00,2026-09-29 23:42:19,2026-09-29 23:42:07,live
WR,00-0041051,Zavion Thomas,CHI,NYJ,2026_04_NYJ_CHI,2026,4,NA,NA,15,20,4.436281957435585,0.05787385748578404,-4.432127023038754,4.738231660441443,-5.919503249952402,5.895051958517574,0.0805,0.014,0.0824789564753897,0.01603206412825651,strat_platt,iso,0.0824789564753897,0.01603206412825651,NA,NA,NA,2026-10-04 13:00:00,2026-09-29 23:42:19,2026-09-29 23:42:07,live
WR,00-0039920,Malachi Corley,CLE,PIT,2026_04_PIT_CLE,2026,4,NA,NA,15,20,4.509937907033184,0.5150965673672224,-4.0054181280934165,5.2272618411083736,-5.5029024873072725,6.391943830402189,0.0735,0.018,0.07799251366104881,0.01603206412825651,strat_platt,iso,0.07799251366104881,0.01603206412825651,NA,NA,NA,2026-10-01 20:15:00,2026-09-29 23:42:19,2026-09-29 23:42:07,live
WR,00-0037666,Jalen Tolbert,MIA,MIN,2026_04_MIA_MIN,2026,4,NA,NA,15,20,4.68944310120287,-0.18959476462582553,-4.78326589632623,4.598828466808915,-6.30498435860691,5.782358748704222,0.07,0.016,0.07569219709296586,0.01603206412825651,strat_platt,iso,0.07569219709296586,0.01603206412825651,NA,NA,NA,2026-10-04 16:05:00,2026-09-29 23:42:19,2026-09-29 23:42:07,live
WR,00-0038824,Ryan Miller,MIA,MIN,2026_04_MIA_MIN,2026,4,NA,NA,15,20,4.562586634403586,-0.16942681631691317,-4.711573177433582,4.565287213613413,-6.216223331510617,5.735542464600926,0.066,0.017,0.07301163227816547,0.01603206412825651,strat_platt,iso,0.07301163227816547,0.01603206412825651,NA,NA,NA,2026-10-04 16:05:00,2026-09-29 23:42:19,2026-09-29 23:42:07,live
WR,00-0040563,Efton Chism III,NE,BUF,2026_04_NE_BUF,2026,4,NA,NA,15,20,4.4678692332351995,-0.1749798593286741,-4.678102804744835,4.519056328206547,-6.169825901043848,5.679257443218627,0.059,0.0075,0.0681726134927295,0,strat_platt,iso,0.0681726134927295,0,NA,NA,NA,2026-10-04 13:00:00,2026-09-29 23:42:19,2026-09-29 23:42:07,live
WR,00-0040705,Chimere Dike,TEN,BAL,2026_04_TEN_BAL,2026,4,NA,NA,15,20,4.47769235173974,-0.7255307893647382,-5.232723340772528,3.972747538130968,-6.725794551552123,5.133997161359763,0.059,0.0095,0.0681726134927295,0.01603206412825651,strat_platt,iso,0.0681726134927295,0.01603206412825651,NA,NA,NA,2026-10-04 13:00:00,2026-09-29 23:42:19,2026-09-29 23:42:07,live
WR,00-0034272,Marquez Valdes-Scantling,LAC,SEA,2026_04_LAC_SEA,2026,4,NA,NA,15,20,4.42871908813147,-0.8557020219918389,-5.342552961688553,3.8213722960548737,-6.828885726200264,4.977381031820813,0.053,0.0085,0.06385258297425114,0,strat_platt,iso,0.06385258297425114,0,NA,NA,NA,2026-10-04 16:25:00,2026-09-29 23:42:19,2026-09-29 23:42:07,live
WR,00-0037614,John Metchie III,CAR,DET,2026_04_DET_CAR,2026,4,NA,NA,15,20,4.941050549908578,1.015287568656283,-3.678201931609041,5.907761042534749,-5.232986638722041,7.117008895083015,0.135,0.037,0.03880628633169587,0,strat_platt,iso,0.11380628633169589,0.04385964912280701,role_change_down,0.75,"Impact note explicitly signals reduced opportunity expectations due to Jalen Coker's potential return, implying a role diminishment for Metchie.",2026-10-04 20:20:00,2026-09-29 23:42:19,2026-09-29 23:42:07,live
WR,00-0040870,Ja'Kobi Lane,BAL,TEN,2026_04_TEN_BAL,2026,4,NA,NA,15,20,4.923117289303797,1.4194380669929465,-3.2670373508400994,6.3046000912044695,-4.819498544051658,7.51204080982427,0.1525,0.0395,0.02796768907781062,0,strat_platt,iso,0.12296768907781062,0.04385964912280701,role_change_down,0.95,Expected one-month absence due to surgery materially reduces snap/target opportunity for a Ravens WR.,2026-10-04 13:00:00,2026-09-29 23:42:19,2026-09-29 23:42:07,live
WR,00-0041489,Germie Bernard,PIT,CLE,2026_04_PIT_CLE,2026,4,NA,NA,15,20,4.929399418762051,0.9330753547443724,-3.755858847492578,5.8208004053509494,-5.309134547775915,7.0288746142044305,0.124,0.027,0.02287100189753016,0,strat_platt,iso,0.10787100189753016,0.0332425068119891,role_change_down,0.85,"Target share collapsed from 8 targets to 1 target week-over-week, indicating a significant reduction in offensive opportunity.",2026-10-01 20:15:00,2026-09-29 23:42:19,2026-09-29 23:42:07,live
WR,00-0041511,Omar Cooper Jr.,NYJ,CHI,2026_04_NYJ_CHI,2026,4,NA,NA,15,20,4.406533903479547,0.18829280300062703,-4.289299680109779,4.855716145317021,-5.7725654500727535,6.009339498364137,0.0805,0.016,0.0174789564753897,0,strat_platt,iso,0.0824789564753897,0.01603206412825651,role_change_down,0.65,Cooper's week-to-week status combined with Johnson signing suggests potential snap/target redistribution in Jets WR room.,2026-10-04 13:00:00,2026-09-29 23:42:19,2026-09-29 23:42:07,live
WR,00-0039146,Jayden Reed,GB,TB,2026_04_GB_TB,2026,4,NA,NA,15,20,4.7702635465669,0.5822216440858314,-4.04384923066311,5.4044182297416645,-5.576300565575848,6.596296100291925,0.1135,0.031,0.01705317537577128,0,strat_platt,iso,0.10205317537577129,0.0332425068119891,role_change_down,0.85,Coach statement that it's 'way too early' to determine Reed's return this season suggests significant uncertainty about his availability and role for fantasy purposes.,2026-10-04 13:00:00,2026-09-29 23:42:19,2026-09-29 23:42:07,live
WR,00-0036407,Jerry Jeudy,CLE,PIT,2026_04_PIT_CLE,2026,4,NA,NA,15,20,5.544719798151378,0.4960649008403389,-4.425307296376291,5.6260823278750065,-6.0555813664069085,6.894042714435694,0.1155,0.0315,0.01445359915504099,0,strat_platt,iso,0.109453599155041,0.0332425068119891,role_change_down,0.95,"Impact note explicitly states Jeudy has fallen behind rookies in receiving pecking order and won't be fantasy relevant, indicating a substantive role/opportunity decline.",2026-10-01 20:15:00,2026-09-29 23:42:19,2026-09-29 23:42:07,live
QB,00-0034857,Josh Allen,BUF,NE,2026_04_NE_BUF,2026,4,NA,NA,20,25,6.032480281900971,8.612458107447722,-4.799315076942726,22.02423129183817,-8.068319480796681,25.293235695692125,0.6075,0.3685,0.6177215086149496,0.3575433462672102,platt_vol_vegas,platt,0.6177215086149496,0.3575433462672102,NA,NA,NA,2026-10-04 13:00:00,2026-10-01 15:08:52,2026-10-01 15:08:40,live
QB,00-0039910,Jayden Daniels,WAS,IND,2026_04_IND_WAS,2026,4,NA,Limited Participation in Practice,20,25,5.522213006686118,4.167893517757753,-9.243879666632694,17.579666702148202,-12.512884070486647,20.84867110600216,0.394,0.1985,0.4786592465640036,0.2736586091535727,platt_vol_vegas,platt,0.3936592465640036,0.18865860915357271,role_change_up,0.85,Mariota's early exit creates immediate backup opportunity for Daniels to enter the game and potentially take over QB duties if Mariota cannot return.,2026-10-04 09:30:00,2026-10-01 15:08:52,2026-10-01 15:08:40,live
QB,00-0039918,Caleb Williams,CHI,NYJ,2026_04_NYJ_CHI,2026,4,NA,Did Not Participate In Practice,20,25,4.9316035987203835,4.136121810357043,-9.275651374033403,17.54789499474749,-12.54465577788736,20.816899398601446,0.436,0.2185,0.47704753231682995,0.2932896261793343,platt_vol_vegas,platt,0.3920475323168299,0.2082896261793343,role_change_up,0.85,QB change from Caleb Williams to backup signals potential opportunity shift for pass-catchers and offensive touch distribution.,2026-10-04 13:00:00,2026-10-01 15:08:52,2026-10-01 15:08:40,live
QB,00-0033106,Jared Goff,DET,CAR,2026_04_DET_CAR,2026,4,NA,NA,20,25,1.3877486651044757,6.169375507425337,-7.242397676965111,19.581148691815784,-10.511402080819067,22.85015309566974,0.4445,0.2475,0.4446618565039988,0.23688071519973017,platt_vol_vegas,platt,0.4446618565039988,0.23688071519973017,NA,NA,NA,2026-10-04 20:20:00,2026-10-01 15:08:52,2026-10-01 15:08:40,live
QB,00-0034796,Lamar Jackson,BAL,TEN,2026_04_TEN_BAL,2026,4,NA,Limited Participation in Practice,20,25,3.711653753859408,6.5880692601306405,-6.823703924259807,19.99984244452109,-10.092708328113762,23.268846848375045,0.421,0.2235,0.4263666561956666,0.21320875534859612,platt_vol_vegas,platt,0.4263666561956666,0.21320875534859612,NA,NA,NA,2026-10-04 13:00:00,2026-10-01 15:08:52,2026-10-01 15:08:40,live
QB,00-0039163,C.J. Stroud,HOU,DAL,2026_04_DAL_HOU,2026,4,NA,NA,20,25,2.76932617486616,5.515904688322726,-7.895868496067722,18.927677872713176,-11.164872899921678,22.19668227656713,0.453,0.246,0.4260234859613348,0.2353983823510904,platt_vol_vegas,platt,0.4260234859613348,0.2353983823510904,NA,NA,NA,2026-10-04 13:00:00,2026-10-01 15:08:52,2026-10-01 15:08:40,live
QB,00-0033873,Patrick Mahomes,KC,LV,2026_04_KC_LV,2026,4,NA,Full Participation in Practice,20,25,2.8892618933490013,4.351484956072669,-9.06028822831778,17.763258140463115,-12.329292632171734,21.03226254431707,0.412,0.2115,0.4091595505975388,0.20141038103516096,platt_vol_vegas,platt,0.4091595505975388,0.20141038103516096,NA,NA,NA,2026-10-04 16:25:00,2026-10-01 15:08:52,2026-10-01 15:08:40,live
QB,00-0040743,Tyler Shough,NO,ATL,2026_04_ATL_NO,2026,4,NA,NA,20,25,3.1204404646472335,4.885795851803076,-8.525977332587372,18.29756903619352,-11.794981736441327,21.56657344004748,0.4315,0.2345,0.4021835557676064,0.2240462500241612,platt_vol_vegas,platt,0.4021835557676064,0.2240462500241612,NA,NA,NA,2026-10-05 20:15:00,2026-10-01 15:08:52,2026-10-01 15:08:40,live
QB,00-0036971,Trevor Lawrence,JAX,CIN,2026_04_JAX_CIN,2026,4,NA,NA,20,25,2.9198986433058276,5.130291491113119,-8.281481693277328,18.542064675503568,-11.550486097131284,21.811069079357523,0.382,0.2,0.3980644058247681,0.19012834427023215,platt_vol_vegas,platt,0.3980644058247681,0.19012834427023215,NA,NA,NA,2026-10-04 13:00:00,2026-10-01 15:08:52,2026-10-01 15:08:40,live
QB,00-0036442,Joe Burrow,CIN,JAX,2026_04_JAX_CIN,2026,4,NA,NA,20,25,1.9144853704627232,4.496621635533374,-8.915151548857075,17.90839481992382,-12.18415595271103,21.177399223777776,0.343,0.1645,0.39651598259478854,0.1554646674957078,platt_vol_vegas,platt,0.39651598259478854,0.1554646674957078,NA,NA,NA,2026-10-04 13:00:00,2026-10-01 15:08:52,2026-10-01 15:08:40,live
QB,00-0037834,Brock Purdy,SF,DEN,2026_04_DEN_SF,2026,4,NA,NA,20,25,3.2043844620412765,4.581509756926848,-8.8302634274636,17.993282941317297,-12.099267831317556,21.262287345171252,0.368,0.1885,0.3792814909964999,0.17887148411423134,platt_vol_vegas,platt,0.3792814909964999,0.17887148411423134,NA,NA,NA,2026-10-04 16:25:00,2026-10-01 15:08:52,2026-10-01 15:08:40,live
QB,00-0035710,Daniel Jones,IND,WAS,2026_04_IND_WAS,2026,4,NA,NA,20,25,2.49345544391537,4.643098444700495,-8.768674739689953,18.054871629090943,-12.037679143543908,21.3238760329449,0.3735,0.18,0.3708118719921417,0.1705679816419624,platt_vol_vegas,platt,0.3708118719921417,0.1705679816419624,NA,NA,NA,2026-10-04 09:30:00,2026-10-01 15:08:52,2026-10-01 15:08:40,live
QB,00-0039851,Drake Maye,NE,BUF,2026_04_NE_BUF,2026,4,NA,Full Participation in Practice,20,25,4.463870358139775,3.184611579771887,-10.227161604618562,16.596384764162334,-13.496166008472516,19.86538916801629,0.3905,0.198,0.3664352143098001,0.1881687929888503,platt_vol_vegas,platt,0.3664352143098001,0.1881687929888503,NA,NA,NA,2026-10-04 13:00:00,2026-10-01 15:08:52,2026-10-01 15:08:40,live
QB,00-0039150,Bryce Young,CAR,DET,2026_04_DET_CAR,2026,4,NA,Full Participation in Practice,20,25,1.9020558212211391,3.877847396904188,-9.53392578748626,17.289620581294635,-12.802930191340216,20.55862498514859,0.371,0.1885,0.36344687470726905,0.17887148411423134,platt_vol_vegas,platt,0.36344687470726905,0.17887148411423134,NA,NA,NA,2026-10-04 20:20:00,2026-10-01 15:08:52,2026-10-01 15:08:40,live
QB,00-0039917,Michael Penix Jr.,ATL,NO,2026_04_ATL_NO,2026,4,NA,NA,20,25,1.549203847245304,4.255441500384254,-9.156331684006194,17.667214684774702,-12.425336087860147,20.936219088628658,0.297,0.148,0.36298065359655096,0.23444437573275528,platt_vol_vegas,platt,0.26798065359655093,0.13944437573275528,role_change_up,0.95,"Penix is returning as the starter after Tagovailoa's oblique injury, representing a direct opportunity increase in snaps and touches for Penix.",2026-10-05 20:15:00,2026-10-01 15:08:52,2026-10-01 15:08:40,live
QB,00-0033077,Dak Prescott,DAL,HOU,2026_04_DAL_HOU,2026,4,NA,NA,20,25,2.9098732554218305,3.742510682496863,-9.669262501893584,17.15428386688731,-12.93826690574754,20.423288270741267,0.362,0.1755,0.3377376893893428,0.1661779593339829,platt_vol_vegas,platt,0.3377376893893428,0.1661779593339829,NA,NA,NA,2026-10-04 13:00:00,2026-10-01 15:08:52,2026-10-01 15:08:40,live
QB,00-0033119,Jacoby Brissett,ARI,NYG,2026_04_ARI_NYG,2026,4,NA,NA,20,25,2.7217397294522576,4.5090749230371525,-8.902698261353295,17.920848107427602,-12.17170266520725,21.18985251128156,0.4105,0.226,0.33569285576031166,0.2156699762483394,platt_vol_vegas,platt,0.33569285576031166,0.2156699762483394,NA,NA,NA,2026-10-04 13:00:00,2026-10-01 15:08:52,2026-10-01 15:08:40,live
QB,00-0039732,Bo Nix,DEN,SF,2026_04_DEN_SF,2026,4,NA,NA,20,25,3.0487007703360613,3.3151686169052006,-10.096604567485247,16.72694180129565,-13.365608971339205,19.995946205149604,0.342,0.1795,0.31641230734526965,0.1700799957100049,platt_vol_vegas,platt,0.31641230734526965,0.1700799957100049,NA,NA,NA,2026-10-04 16:25:00,2026-10-01 15:08:52,2026-10-01 15:08:40,live
QB,00-0026498,Matthew Stafford,LA,PHI,2026_04_LA_PHI,2026,4,NA,NA,20,25,1.2565429075382606,4.0724106511996645,-9.339362533190783,17.484183835590112,-12.60836693704474,20.753188239444068,0.3245,0.153,0.2591154437671532,0.14429252071749415,platt_vol_vegas,platt,0.2591154437671532,0.14429252071749415,NA,NA,NA,2026-10-04 13:00:00,2026-10-01 15:08:52,2026-10-01 15:08:40,live
QB,00-0036389,Jalen Hurts,PHI,LA,2026_04_LA_PHI,2026,4,NA,NA,20,25,4.727578004063811,0.4956071149008025,-12.916166069489645,13.907380299291251,-16.1851704733436,17.176384703145207,0.2605,0.104,0.25621165970061843,0.09704844501551772,platt_vol_vegas,platt,0.25621165970061843,0.09704844501551772,NA,NA,NA,2026-10-04 13:00:00,2026-10-01 15:08:52,2026-10-01 15:08:40,live
QB,00-0034869,Sam Darnold,SEA,LAC,2026_04_LAC_SEA,2026,4,NA,NA,20,25,1.5377667779614008,1.9099415733849183,-11.50183161100553,15.321714757775366,-14.770836014859483,18.590719161629323,0.2445,0.103,0.2496041319920733,0.09609100207602976,platt_vol_vegas,platt,0.2496041319920733,0.09609100207602976,NA,NA,NA,2026-10-04 16:25:00,2026-10-01 15:08:52,2026-10-01 15:08:40,live
QB,00-0035228,Kyler Murray,MIN,MIA,2026_04_MIA_MIN,2026,4,NA,NA,20,25,2.377890124187959,0.468356868482468,-12.94341631590798,13.880130052872916,-16.212420719761937,17.14913445672687,0.2235,0.098,0.233075737406032,0.0913082698362192,platt_vol_vegas,platt,0.233075737406032,0.0913082698362192,NA,NA,NA,2026-10-04 16:05:00,2026-10-01 15:08:52,2026-10-01 15:08:40,live
QB,00-0029604,Kirk Cousins,LV,KC,2026_04_KC_LV,2026,4,NA,NA,20,25,1.2773816962675746,1.0122391135497906,-12.399534070840655,14.42401229794024,-15.668538474694612,17.693016701794193,0.244,0.1135,0.22982824308747912,0.10615857221356458,platt_vol_vegas,platt,0.22982824308747912,0.10615857221356458,NA,NA,NA,2026-10-04 16:25:00,2026-10-01 15:08:52,2026-10-01 15:08:40,live
QB,00-0036264,Jordan Love,GB,TB,2026_04_GB_TB,2026,4,NA,NA,20,25,2.0456106490573807,3.064063723077298,-10.34770946131315,16.475836907467745,-13.616713865167103,19.7448413113217,0.3435,0.168,0.22229394274867675,0.15887064737262244,platt_vol_vegas,platt,0.22229394274867675,0.15887064737262244,NA,NA,NA,2026-10-04 13:00:00,2026-10-01 15:08:52,2026-10-01 15:08:40,live
QB,00-0030565,Geno Smith,NYJ,CHI,2026_04_NYJ_CHI,2026,4,NA,NA,20,25,2.8690341301481403,-0.7565160106658828,-14.168289195056332,12.655257173724564,-17.437293598910287,15.92426157757852,0.262,0.123,0.22149092324877936,0.1152937674272438,platt_vol_vegas,platt,0.22149092324877936,0.1152937674272438,NA,NA,NA,2026-10-04 13:00:00,2026-10-01 15:08:52,2026-10-01 15:08:40,live
QB,00-0036825,Feleipe Franks,CAR,DET,2026_04_DET_CAR,2026,4,NA,NA,20,25,2.1405332897664775,-2.3922052708651025,-15.80397845525555,11.019567913525346,-19.072982859109505,14.288572317379302,0.115,0.0355,0.2206976479215058,0.03229597383263514,platt_vol_vegas,platt,0.2206976479215058,0.03229597383263514,NA,NA,NA,2026-10-04 20:20:00,2026-10-01 15:08:52,2026-10-01 15:08:40,live
QB,00-0033537,Deshaun Watson,CLE,PIT,2026_04_PIT_CLE,2026,4,NA,NA,20,25,5.7080193795919865,-3.2911721793091484,-16.702945363699598,10.1206010050813,-19.971949767553554,13.389605408935257,0.2465,0.096,0.20826737026877232,0.08939730659813201,platt_vol_vegas,platt,0.20826737026877232,0.08939730659813201,NA,NA,NA,2026-10-01 20:15:00,2026-10-01 15:08:52,2026-10-01 15:08:40,live
QB,00-0036355,Justin Herbert,LAC,SEA,2026_04_LAC_SEA,2026,4,NA,NA,20,25,3.863592317719154,-3.2543762008671955,-16.666149385257643,10.157396983523252,-19.9351537891116,13.426401387377208,0.183,0.069,0.17747629284737412,0.0637291176666275,platt_vol_vegas,platt,0.17747629284737412,0.0637291176666275,NA,NA,NA,2026-10-04 16:25:00,2026-10-01 15:08:52,2026-10-01 15:08:40,live
QB,00-0023459,Aaron Rodgers,PIT,CLE,2026_04_PIT_CLE,2026,4,NA,NA,20,25,1.1464089061591456,0.15847617693016725,-13.25329700746028,13.570249361320617,-16.522301411314235,16.839253765174572,0.252,0.1045,0.16844850237429243,0.09752727695984212,platt_vol_vegas,platt,0.16844850237429243,0.09752727695984212,NA,NA,NA,2026-10-01 20:15:00,2026-10-01 15:08:52,2026-10-01 15:08:40,live
QB,00-0038128,Malik Willis,MIA,MIN,2026_04_MIA_MIN,2026,4,NA,NA,20,25,4.657537539725477,-7.6706605198524045,-21.082433704242852,5.7411126645380435,-24.351438108096808,9.010117068392,0.123,0.046,0.11515386553103096,0.04208806317547994,platt_vol_vegas,platt,0.11515386553103096,0.04208806317547994,NA,NA,NA,2026-10-04 16:05:00,2026-10-01 15:08:52,2026-10-01 15:08:40,live
QB,00-0040676,Cam Ward,TEN,BAL,2026_04_TEN_BAL,2026,4,NA,NA,20,25,2.5807066264630594,-6.307204358863104,-19.71897754325355,7.104568825527344,-22.987981947107507,10.3735732293813,0.094,0.025,0.10546769018361864,0.02257503433461274,platt_vol_vegas,platt,0.10546769018361864,0.02257503433461274,NA,NA,NA,2026-10-04 13:00:00,2026-10-01 15:08:52,2026-10-01 15:08:40,live
QB,00-0031503,Jameis Winston,NYG,ARI,2026_04_ARI_NYG,2026,4,NA,NA,20,25,2.0158032707699536,-2.3534105589882417,-15.765183743378689,11.058362625402207,-19.034188147232644,14.327367029256164,0.1455,0.058,0.09298504019291529,0,platt_vol_vegas,platt,0.1679850401929153,0.05334964760868894,role_change_down,0.75,McCarthy's arrival as a potential starting QB competitor reduces Winston's job security and snap opportunity in New York's offense.,2026-10-04 13:00:00,2026-10-01 15:08:52,2026-10-01 15:08:40,live
QB,00-0034855,Baker Mayfield,TB,GB,2026_04_GB_TB,2026,4,NA,Did Not Participate In Practice,20,25,3.4533284219586844,-1.10755572901129,-14.519328913401738,12.304217455379158,-17.78833331725569,15.573221859233112,0.209,0.0825,0.06459019211076679,0,platt_vol_vegas,platt,0.1565901921107668,0.07653173877117592,role_change_down,0.92,"Rookie QB Jalon Daniels replacing Baker Mayfield significantly reduces passing volume and efficiency, directly diminishing WR and RB target/touch opportunities.",2026-10-04 13:00:00,2026-10-01 15:08:52,2026-10-01 15:08:40,live
QB,00-0034771,Mason Rudolph,PIT,CLE,2026_04_PIT_CLE,2026,4,NA,NA,20,25,1.8098723880668888,-5.320539018025648,-18.732312202416097,8.0912341663648,-22.001316606270052,11.360238570218756,0.1185,0.04,0.06222771681132413,0,platt_vol_vegas,platt,0.12222771681132412,0.03648478341234495,role_change_down,0.6,Mason Rudolph listed as Steelers' QB2 on Week 1 depth chart,2026-10-01 20:15:00,2026-10-01 15:08:52,2026-10-01 15:08:40,live
QB,00-0027973,Andy Dalton,PHI,LA,2026_04_LA_PHI,2026,4,NA,NA,20,25,1.9421989034747231,-7.0290788670371915,-20.44085205142764,6.382694317353256,-23.709856455281596,9.651698721207213,0.0655,0.0125,0.05959019211076679,0,platt_vol_vegas,platt,0.10782680022886046,0.01113055617359875,NA,NA,NA,2026-10-04 13:00:00,2026-10-01 15:08:52,2026-10-01 15:08:40,live
QB,00-0028986,Case Keenum,CHI,NYJ,2026_04_NYJ_CHI,2026,4,NA,NA,20,25,2.447057899489232,2.4647076221144513,-10.947065562275997,15.8764808065049,-14.216069966129952,19.145485210358856,0.299,0.134,0.05959019211076679,0,platt_vol_vegas,platt,0.2752922294547557,0.1259009697076538,NA,NA,NA,2026-10-04 13:00:00,2026-10-01 15:08:52,2026-10-01 15:08:40,live
QB,00-0032268,Marcus Mariota,WAS,IND,2026_04_IND_WAS,2026,4,NA,NA,20,25,2.7465260159214373,2.7901772477305435,-10.621595936659904,16.20195043212099,-13.89060034051386,19.470954835974947,0.2805,0.131,0.05959019211076679,0,platt_vol_vegas,platt,0.27889286965356985,0.1230050415116248,NA,NA,NA,2026-10-04 09:30:00,2026-10-01 15:08:52,2026-10-01 15:08:40,live
QB,00-0032950,Carson Wentz,MIN,MIA,2026_04_MIA_MIN,2026,4,NA,NA,20,25,2.0844240831211116,3.513443826133223,-9.898329358257223,16.92521701052367,-13.16733376211118,20.194221414377623,0.2975,0.143,0.05959019211076679,0,platt_vol_vegas,platt,0.26213267037472665,0.1346020517304959,role_change_down,0.85,"Blurb explicitly states Wentz could be benched if Kyler Murray returns from concussion, directly reducing his snap/opportunity share.",2026-10-04 16:05:00,2026-10-01 15:08:52,2026-10-01 15:08:40,live
QB,00-0033662,Cooper Rush,ATL,NO,2026_04_ATL_NO,2026,4,NA,NA,20,25,1.6810773233908696,-1.0766462918847322,-14.48841947627518,12.335126892505716,-17.757423880129135,15.604131296359672,0.19,0.0755,0.05959019211076679,0,platt_vol_vegas,platt,0.21861256312863347,0.06988501674435874,NA,NA,NA,2026-10-05 20:15:00,2026-10-01 15:08:52,2026-10-01 15:08:40,live
QB,00-0035704,Drew Lock,SEA,LAC,2026_04_LAC_SEA,2026,4,NA,NA,20,25,1.7751018767255309,3.165635658517443,-10.246137525873005,16.577408842907893,-13.51514192972696,19.84641324676185,0.2605,0.1155,0.05959019211076679,0,platt_vol_vegas,platt,0.26177492966642935,0.10807973457124448,NA,NA,NA,2026-10-04 16:25:00,2026-10-01 15:08:52,2026-10-01 15:08:40,live
QB,00-0038102,Kenny Pickett,CAR,DET,2026_04_DET_CAR,2026,4,NA,NA,20,25,1.304461605277755,-2.3999930897184822,-15.81176627410893,11.011780094671966,-19.080770677962885,14.280784498525922,0.112,0.0355,0.05959019211076679,0,platt_vol_vegas,platt,0.2045457540850628,0.03229597383263514,NA,NA,NA,2026-10-04 20:20:00,2026-10-01 15:08:52,2026-10-01 15:08:40,live
QB,00-0038416,Tyson Bagent,CHI,NYJ,2026_04_NYJ_CHI,2026,4,NA,NA,20,25,1.8300804842998573,-4.529540150912491,-17.94131333530294,8.882233033477956,-21.210317739156896,12.151237437331911,0.093,0.027,0.05959019211076679,0,platt_vol_vegas,platt,0.1529754591317274,0.02442028035599047,role_change_down,0.85,"Bagent's expected return in Week 4 will demote Keenum back to backup role, reducing Keenum's snap/passing volume.",2026-10-04 13:00:00,2026-10-01 15:08:52,2026-10-01 15:08:40,live
QB,00-0038476,Tommy DeVito,NE,BUF,2026_04_NE_BUF,2026,4,NA,NA,20,25,1.6863551846275568,-3.055354263717763,-16.46712744810821,10.356418920672684,-19.736131851962167,13.62542332452664,0.1325,0.041,0.05959019211076679,0,platt_vol_vegas,platt,0.18130114557324808,0.03741726861122504,NA,NA,NA,2026-10-04 13:00:00,2026-10-01 15:08:52,2026-10-01 15:08:40,live
QB,00-0039107,Stetson Bennett,LA,PHI,2026_04_LA_PHI,2026,4,NA,NA,20,25,1.7060250414778486,-0.6567469107067608,-14.06852009509721,12.755026273683686,-17.337524498951165,16.02403067753764,0.1775,0.06,0.05959019211076679,0,platt_vol_vegas,platt,0.19945908155825717,0.05523304683398358,role_change_up,0.85,"Bennett's backup QB role is solidified over Simpson, reducing QB competition and clarifying the depth chart hierarchy.",2026-10-04 13:00:00,2026-10-01 15:08:52,2026-10-01 15:08:40,live
QB,00-0040668,Shedeur Sanders,CLE,PIT,2026_04_PIT_CLE,2026,4,NA,NA,20,25,1.921531231514492,-7.853167130677054,-21.264940315067506,5.558606053713394,-24.533944718921457,8.82761045756735,0.09,0.0245,0.05959019211076679,0,platt_vol_vegas,platt,0.09272030387717278,0.02211424182483879,NA,NA,NA,2026-10-01 20:15:00,2026-10-01 15:08:52,2026-10-01 15:08:40,live
QB,00-0040691,Jaxson Dart,NYG,ARI,2026_04_ARI_NYG,2026,4,NA,NA,20,25,4.57996774344194,1.8039014986250217,-11.607871685765426,15.21567468301547,-14.87687608961938,18.484679086869424,0.301,0.1385,0.05959019211076679,0,platt_vol_vegas,platt,0.2883649564626582,0.1302490475314195,NA,NA,NA,2026-10-04 13:00:00,2026-10-01 15:08:52,2026-10-01 15:08:40,live
QB,00-0041194,Jack Strand,ATL,NO,2026_04_ATL_NO,2026,4,NA,NA,20,25,2.4206799239080596,-1.673820567395056,-15.085593751785504,11.737952616995392,-18.354598155639454,15.006957020849349,0.164,0.064,0.05959019211076679,0,platt_vol_vegas,platt,0.21642017504988945,0.05900497680467688,NA,NA,NA,2026-10-05 20:15:00,2026-10-01 15:08:52,2026-10-01 15:08:40,live
QB,00-0041251,Jalon Daniels,TB,GB,2026_04_GB_TB,2026,4,NA,NA,20,25,1.7364189450473482,-3.3256514959531023,-16.73742468034355,10.086121688437345,-20.006429084197507,13.3551260922913,0.0945,0.0295,0.05959019211076679,0,platt_vol_vegas,platt,0.091316672093889,0.02673127810418369,role_change_up,0.72,"Backup QB Jalon Daniels starting for 3+ weeks may affect offensive efficiency and opportunity for pass-catchers and RBs, though impact is uncertain with an undrafted rookie.",2026-10-04 13:00:00,2026-10-01 15:08:52,2026-10-01 15:08:40,live
QB,00-0026158,Joe Flacco,CIN,JAX,2026_04_JAX_CIN,2026,4,NA,NA,20,25,1.610729645706994,-1.5420400163672778,-14.953813200757724,11.86973316802317,-18.22281760461168,15.138737571877126,0.1805,0.063,0.05959019211076679,0,platt_vol_vegas,platt,0.2966547598840055,0.0580613653164053,NA,NA,NA,2026-10-04 13:00:00,2026-10-01 15:08:52,2026-10-01 15:08:40,live
QB,00-0028118,Tyrod Taylor,GB,TB,2026_04_GB_TB,2026,4,NA,NA,20,25,2.7599864459860677,-0.05666914597517458,-13.468442330365622,13.355104038415272,-16.737446734219578,16.62410844226923,0.2325,0.091,0.05959019211076679,0,platt_vol_vegas,platt,0.19094597114603215,0.08462537318270287,NA,NA,NA,2026-10-04 13:00:00,2026-10-01 15:08:52,2026-10-01 15:08:40,live
QB,00-0033869,Mitchell Trubisky,TEN,BAL,2026_04_TEN_BAL,2026,4,NA,NA,20,25,2.633750281820879,-8.410538495124241,-21.82231167951469,5.001234689266207,-25.09131608336865,8.270239093120162,0.0455,0.006,0.05959019211076679,0,platt_vol_vegas,platt,0.07549249190437979,0.00526740306765055,NA,NA,NA,2026-10-04 13:00:00,2026-10-01 15:08:52,2026-10-01 15:08:40,live
QB,00-0033949,Joshua Dobbs,DET,CAR,2026_04_DET_CAR,2026,4,NA,NA,20,25,2.1375441302021305,0.06851219321987181,-13.343260991170576,13.48028537761032,-16.612265395024533,16.749289781464274,0.1915,0.072,0.05959019211076679,0,platt_vol_vegas,platt,0.32482995609498433,0.0665683171121076,NA,NA,NA,2026-10-04 20:20:00,2026-10-01 15:08:52,2026-10-01 15:08:40,live
QB,00-0034577,Kyle Allen,BUF,NE,2026_04_NE_BUF,2026,4,NA,NA,20,25,2.0275604265227165,1.3113337346634069,-12.10043944972704,14.723106919053857,-15.369443853580997,17.99211132290781,0.206,0.085,0.05959019211076679,0,platt_vol_vegas,platt,0.3165737183270728,0.07890971168663563,NA,NA,NA,2026-10-04 13:00:00,2026-10-01 15:08:52,2026-10-01 15:08:40,live
QB,00-0035264,Jarrett Stidham,DEN,SF,2026_04_DEN_SF,2026,4,NA,NA,20,25,2.1133940113952425,-1.0513504727587966,-14.463123657149245,12.360422711631651,-17.7321280610032,15.629427115485608,0.1665,0.055,0.05959019211076679,0,platt_vol_vegas,platt,0.21075796803128904,0.05052787522725091,NA,NA,NA,2026-10-04 16:25:00,2026-10-01 15:08:52,2026-10-01 15:08:40,live
QB,00-0035289,Gardner Minshew,ARI,NYG,2026_04_ARI_NYG,2026,4,NA,NA,20,25,2.2133602422441183,-0.5156329667232313,-13.92740615111368,12.896140217667217,-17.196410554967635,16.165144621521172,0.154,0.056,0.05959019211076679,0,platt_vol_vegas,platt,0.2017751267934628,0.05146801496561339,NA,NA,NA,2026-10-04 13:00:00,2026-10-01 15:08:52,2026-10-01 15:08:40,live
QB,00-0035993,Tyler Huntley,BAL,TEN,2026_04_TEN_BAL,2026,4,NA,NA,20,25,2.0958733535608634,-0.4641696780336023,-13.87594286242405,12.947603506356844,-17.144947266278006,16.2166079102108,0.1625,0.058,0.05959019211076679,0,platt_vol_vegas,platt,0.25191323633228496,0.05334964760868894,NA,NA,NA,2026-10-04 13:00:00,2026-10-01 15:08:52,2026-10-01 15:08:40,live
QB,00-0036212,Tua Tagovailoa,ATL,NO,2026_04_ATL_NO,2026,4,NA,NA,20,25,1.530318980816165,2.0631378202074258,-11.34863536418302,15.474911004597876,-14.617639768036977,18.74391540845183,0.2115,0.082,0.05959019211076679,0,platt_vol_vegas,platt,0.22717004951361008,0.07605640108344264,NA,NA,NA,2026-10-05 20:15:00,2026-10-01 15:08:52,2026-10-01 15:08:40,live
QB,00-0036879,Sam Ehlinger,DEN,SF,2026_04_DEN_SF,2026,4,NA,NA,20,25,2.049413911337723,-1.2958810571524957,-14.707654241542944,12.115892127237952,-17.9766586453969,15.384896531091908,0.16,0.0515,0.05959019211076679,0,platt_vol_vegas,platt,0.2059599926720148,0.04724104165907385,NA,NA,NA,2026-10-04 16:25:00,2026-10-01 15:08:52,2026-10-01 15:08:40,live
QB,00-0036898,Davis Mills,HOU,DAL,2026_04_DAL_HOU,2026,4,NA,NA,20,25,2.0114777941492714,1.7975692801205845,-11.614203904269864,15.209342464511032,-14.88320830812382,18.478346868364987,0.2445,0.0965,0.05959019211076679,0,platt_vol_vegas,platt,0.30518563926612907,0.08987493161579076,NA,NA,NA,2026-10-04 13:00:00,2026-10-01 15:08:52,2026-10-01 15:08:40,live
QB,00-0036945,Justin Fields,KC,LV,2026_04_KC_LV,2026,4,NA,NA,20,25,5.616893220506887,-3.910938599627155,-17.322711784017603,9.500834584763291,-20.591716187871562,12.769838988617249,0.218,0.0915,0.05959019211076679,0,platt_vol_vegas,platt,0.36803581342991065,0.08510220905255811,NA,NA,NA,2026-10-04 16:25:00,2026-10-01 15:08:52,2026-10-01 15:08:40,live
QB,00-0036972,Mac Jones,SF,DEN,2026_04_DEN_SF,2026,4,NA,NA,20,25,2.800377035566002,-2.1042555615578293,-15.516028745948278,11.307517622832618,-18.78503314980223,14.576522026686574,0.1645,0.057,0.05959019211076679,0,platt_vol_vegas,platt,0.2588903811329287,0.05240860768770103,NA,NA,NA,2026-10-04 16:25:00,2026-10-01 15:08:52,2026-10-01 15:08:40,live
QB,00-0037012,Trey Lance,LAC,SEA,2026_04_LAC_SEA,2026,4,NA,Limited Participation in Practice,20,25,2.3176134794954324,-5.85995370853164,-19.27172689292209,7.551819475858808,-22.540731296776045,10.820823879712762,0.0655,0.016,0.05959019211076679,0,platt_vol_vegas,platt,0.09603072956276974,0.01431710844662188,NA,NA,NA,2026-10-04 16:25:00,2026-10-01 15:08:52,2026-10-01 15:08:40,live
QB,00-0037013,Zach Wilson,NO,ATL,2026_04_ATL_NO,2026,4,NA,NA,20,25,2.519051409217587,0.107634483151447,-13.304138701239,13.519407667541897,-16.573143105092957,16.78841207139585,0.203,0.0745,0.05959019211076679,0,platt_vol_vegas,platt,0.273174623741911,0.06893692401370446,NA,NA,NA,2026-10-05 20:15:00,2026-10-01 15:08:52,2026-10-01 15:08:40,live
QB,00-0037077,Sam Howell,DAL,HOU,2026_04_DAL_HOU,2026,4,NA,NA,20,25,2.127170176737735,-5.404581205863764,-18.81635439025421,8.007191978526684,-22.085358794108167,11.27619638238064,0.0885,0.024,0.05959019211076679,0,platt_vol_vegas,platt,0.16853636404666217,0.02165366372155467,NA,NA,NA,2026-10-04 13:00:00,2026-10-01 15:08:52,2026-10-01 15:08:40,live
QB,00-0038400,Tanner McKee,PHI,LA,2026_04_LA_PHI,2026,4,NA,NA,20,25,2.0292811743940904,-3.769595423566334,-17.18136860795678,9.642177760824117,-20.450373011810736,12.91118216467807,0.087,0.028,0.05959019211076679,0,platt_vol_vegas,platt,0.1237437503872369,0.02534410474252231,NA,NA,NA,2026-10-04 13:00:00,2026-10-01 15:08:52,2026-10-01 15:08:40,live
QB,00-0038579,Aidan O'Connell,LV,KC,2026_04_KC_LV,2026,4,NA,Did Not Participate In Practice,20,25,2.0616637089316026,-3.79146346284935,-17.203236647239798,9.620309721541098,-20.472241051093754,12.889314125395051,0.108,0.033,0.05959019211076679,0,platt_vol_vegas,platt,0.16772976158194083,0.02997436785102058,NA,NA,NA,2026-10-04 16:25:00,2026-10-01 15:08:52,2026-10-01 15:08:40,live
QB,00-0039164,Anthony Richardson,IND,WAS,2026_04_IND_WAS,2026,4,NA,NA,20,25,2.356085651324815,-2.1382222652897895,-15.549995449680235,11.27355091910066,-18.81899985353419,14.542555322954614,0.1445,0.0475,0.05959019211076679,0,platt_vol_vegas,platt,0.24115175501036773,0.04349190612099697,NA,NA,NA,2026-10-04 09:30:00,2026-10-01 15:08:52,2026-10-01 15:08:40,live
QB,00-0039376,Spencer Rattler,NO,ATL,2026_04_ATL_NO,2026,4,NA,NA,20,25,2.6804351609653563,1.4700081593875811,-11.941765025002868,14.881781343778028,-15.210769428856825,18.150785747631986,0.2445,0.1025,0.05959019211076679,0,platt_vol_vegas,platt,0.29985591308113213,0.09561239155966084,NA,NA,NA,2026-10-05 20:15:00,2026-10-01 15:08:52,2026-10-01 15:08:40,live
QB,00-0039923,J.J. McCarthy,NYG,ARI,2026_04_ARI_NYG,2026,4,NA,NA,20,25,2.5956275569844336,-0.6555430790534774,-14.067316263443926,12.75623010533697,-17.33632066729788,16.025234509190927,0.182,0.07,0.05959019211076679,0,platt_vol_vegas,platt,0.19547565356295393,0.06467513260725245,role_change_up,0.85,"McCarthy acquisition signals he is the primary QB going forward, increasing his snap share and opportunity relative to the previous depth chart.",2026-10-04 13:00:00,2026-10-01 15:08:52,2026-10-01 15:08:40,live
QB,00-0040203,Will Howard,PIT,CLE,2026_04_PIT_CLE,2026,4,NA,NA,20,25,2.1607875053737664,-2.6599326566060064,-16.071705840996454,10.751840527784442,-19.34071024485041,14.020844931638395,0.137,0.044,0.05959019211076679,0,platt_vol_vegas,platt,0.1350138738761759,0.04021811088410216,NA,NA,NA,2026-10-01 20:15:00,2026-10-01 15:08:52,2026-10-01 15:08:40,live
QB,00-0040206,Riley Leonard,IND,WAS,2026_04_IND_WAS,2026,4,NA,NA,20,25,2.093407962078392,-2.544119790838262,-15.95589297522871,10.867653393552184,-19.224897379082662,14.13665779740614,0.131,0.0445,0.05959019211076679,0,platt_vol_vegas,platt,0.22676043024286116,0.04068539873148206,NA,NA,NA,2026-10-04 09:30:00,2026-10-01 15:08:52,2026-10-01 15:08:40,live
QB,00-0040234,Quinn Ewers,JAX,CIN,2026_04_JAX_CIN,2026,4,NA,NA,20,25,2.2368962097007747,-1.607519538466809,-15.019292722857257,11.80425364592364,-18.288297126711218,15.073258049777596,0.155,0.0555,0.05959019211076679,0,platt_vol_vegas,platt,0.256803542459271,0.05099788810434007,NA,NA,NA,2026-10-04 13:00:00,2026-10-01 15:08:52,2026-10-01 15:08:40,live
QB,00-0040464,DJ Uiagalelei,LAC,SEA,2026_04_LAC_SEA,2026,4,NA,NA,20,25,2.1180778512727128,-5.438942035535128,-18.850715219925576,7.97283114885532,-22.11971962377953,11.241835552709276,0.064,0.0155,0.05959019211076679,0,platt_vol_vegas,platt,0.09333155939596947,0.01386089452312522,NA,NA,NA,2026-10-04 16:25:00,2026-10-01 15:08:52,2026-10-01 15:08:40,live
QB,00-0040494,Max Brosmer,MIN,MIA,2026_04_MIA_MIN,2026,4,NA,NA,20,25,1.3337806774632126,-0.8323102118722053,-14.244083396262653,12.579462972518243,-17.513087800116608,15.8484673763722,0.121,0.0415,0.05959019211076679,0,platt_vol_vegas,platt,0.16150815231254112,0.03788372610054501,NA,NA,NA,2026-10-04 16:05:00,2026-10-01 15:08:52,2026-10-01 15:08:40,live
QB,00-0040589,Kurtis Rourke,SF,DEN,2026_04_DEN_SF,2026,4,NA,NA,20,25,2.3955798101473733,-4.3241350651649855,-17.735908249555433,9.087638119225463,-21.004912653409388,12.35664252307942,0.1155,0.0335,0.05959019211076679,0,platt_vol_vegas,platt,0.21614757350922428,0.03043835898019097,NA,NA,NA,2026-10-04 16:25:00,2026-10-01 15:08:52,2026-10-01 15:08:40,live
QB,00-0040673,Jalen Milroe,SEA,LAC,2026_04_LAC_SEA,2026,4,NA,NA,20,25,2.3079991253165733,0.08615027205479063,-13.325622912335657,13.49792345644524,-16.594627316189612,16.766927860299194,0.178,0.069,0.05959019211076679,0,platt_vol_vegas,platt,0.2283883310357529,0.0637291176666275,NA,NA,NA,2026-10-04 16:25:00,2026-10-01 15:08:52,2026-10-01 15:08:40,live
QB,00-0040891,Cole Payton,PHI,LA,2026_04_LA_PHI,2026,4,NA,NA,20,25,2.09326127445161,-4.249171070618433,-17.660944255008882,9.162602113772014,-20.92994865886284,12.43160651762597,0.078,0.0215,0.05959019211076679,0,platt_vol_vegas,platt,0.1183487957438968,0.01935412227883388,NA,NA,NA,2026-10-04 13:00:00,2026-10-01 15:08:52,2026-10-01 15:08:40,live
QB,00-0040906,Garrett Nussmeier,KC,LV,2026_04_KC_LV,2026,4,NA,NA,20,25,2.255725785088861,-2.9276784376209135,-16.33945162201136,10.484094746769534,-19.608456025865316,13.75309915062349,0.137,0.0455,0.05959019211076679,0,platt_vol_vegas,platt,0.24214249349193268,0.04162037598801674,NA,NA,NA,2026-10-04 16:25:00,2026-10-01 15:08:52,2026-10-01 15:08:40,live
QB,00-0040981,Joe Fagnano,BAL,TEN,2026_04_TEN_BAL,2026,4,NA,NA,20,25,2.0958733535608634,-0.4641696780336023,-13.87594286242405,12.947603506356844,-17.144947266278006,16.2166079102108,0.169,0.053,0.05959019211076679,0,platt_vol_vegas,platt,0.25618081868252024,0.0486489788369163,NA,NA,NA,2026-10-04 13:00:00,2026-10-01 15:08:52,2026-10-01 15:08:40,live
QB,00-0041056,Cade Klubnik,NYJ,CHI,2026_04_NYJ_CHI,2026,4,NA,NA,20,25,2.225016750124091,-3.9360668085192057,-17.347839992909655,9.475706375871242,-20.61684439676361,12.744710779725198,0.1055,0.038,0.05959019211076679,0,platt_vol_vegas,platt,0.13608427104896326,0.03462157084051211,NA,NA,NA,2026-10-04 13:00:00,2026-10-01 15:08:52,2026-10-01 15:08:40,live
QB,00-0041092,Taylen Green,CLE,PIT,2026_04_PIT_CLE,2026,4,NA,NA,20,25,2.049413911337723,-5.897706564665636,-19.309479749056084,7.514066619724812,-22.57848415291004,10.783071023578769,0.082,0.0205,0.05959019211076679,0,platt_vol_vegas,platt,0.08971904989413976,0.01843594662668954,NA,NA,NA,2026-10-01 20:15:00,2026-10-01 15:08:52,2026-10-01 15:08:40,live
QB,00-0041117,Athan Kaliakmanis,WAS,IND,2026_04_IND_WAS,2026,4,NA,NA,20,25,2.2349599473688864,-1.3499650354857025,-14.76173821987615,12.061808148904746,-18.030742623730102,15.3308125527587,0.1165,0.034,0.05959019211076679,0,platt_vol_vegas,platt,0.1795289710913228,0.03090251704072326,NA,NA,NA,2026-10-04 09:30:00,2026-10-01 15:08:52,2026-10-01 15:08:40,live
QB,00-0041123,Behren Morton,NE,BUF,2026_04_NE_BUF,2026,4,NA,NA,20,25,2.2699949090773615,-3.2239156801169404,-16.635688864507387,10.187857504273508,-19.904693268361346,13.456861908127465,0.125,0.0425,0.05959019211076679,0,platt_vol_vegas,platt,0.18509720871174967,0.0388170643044223,NA,NA,NA,2026-10-04 13:00:00,2026-10-01 15:08:52,2026-10-01 15:08:40,live
QB,00-0041149,Haynes King,CAR,DET,2026_04_DET_CAR,2026,4,NA,NA,20,25,2.1405332897664775,-0.6199633548584639,-14.031736539248913,12.791809829531983,-17.300740943102866,16.06081423338594,0.14,0.0505,0.05959019211076679,0,platt_vol_vegas,platt,0.23982288402998592,0.04630301747893421,NA,NA,NA,2026-10-04 20:20:00,2026-10-01 15:08:52,2026-10-01 15:08:40,live
QB,00-0041561,Carson Beck,ARI,NYG,2026_04_ARI_NYG,2026,4,NA,NA,20,25,2.213362209490644,-0.5590324654702967,-13.970805649860743,12.85274071892015,-17.2398100537147,16.121745122774108,0.156,0.0545,0.05959019211076679,0,platt_vol_vegas,platt,0.2029558591053984,0.05005797708831423,NA,NA,NA,2026-10-04 13:00:00,2026-10-01 15:08:52,2026-10-01 15:08:40,live
QB,00-0041562,Fernando Mendoza,LV,KC,2026_04_KC_LV,2026,4,NA,NA,20,25,2.3039005044825984,-3.2091787477670173,-16.620951932157464,10.20259443662343,-19.88995633601142,13.471598840477386,0.1265,0.034,0.05959019211076679,0,platt_vol_vegas,platt,0.18359177981041047,0.03090251704072326,NA,NA,NA,2026-10-04 16:25:00,2026-10-01 15:08:52,2026-10-01 15:08:40,live
QB,00-0041565,Drew Allar,PIT,CLE,2026_04_PIT_CLE,2026,4,NA,NA,20,25,2.2538224319546303,-2.941159498453856,-16.352932682844305,10.470613685936591,-19.62193708669826,13.739618089790548,0.145,0.045,0.05959019211076679,0,platt_vol_vegas,platt,0.1398497602152139,0.04115282080697391,NA,NA,NA,2026-10-01 20:15:00,2026-10-01 15:08:52,2026-10-01 15:08:40,live
QB,00-0041568,Ty Simpson,LA,PHI,2026_04_LA_PHI,2026,4,NA,NA,20,25,2.276016593851745,-0.7332916456073075,-14.145064829997755,12.67848153878314,-17.414069233851713,15.947485942637096,0.1615,0.0475,0.05959019211076679,0,platt_vol_vegas,platt,0.1997119121668443,0.04349190612099697,NA,NA,NA,2026-10-04 13:00:00,2026-10-01 15:08:52,2026-10-01 15:08:40,live
QB,00-0040398,Brady Cook,MIA,MIN,2026_04_MIA_MIN,2026,4,NA,NA,20,25,1.9488308802179215,-11.855226679671684,-25.266999864062132,1.5565465047187637,-28.536004267916088,4.825550908572719,0.0395,0.006,0.05248873806619064,0.00526740306765055,platt_vol_vegas,platt,0.05248873806619064,0.00526740306765055,NA,NA,NA,2026-10-04 16:05:00,2026-10-01 15:08:52,2026-10-01 15:08:40,live
QB,00-0040014,Kyle McCord,MIA,MIN,2026_04_MIA_MIN,2026,4,NA,NA,20,25,2.0669449327019387,-10.41900061114514,-23.830773795535585,2.9927725732453094,-27.09977819938954,6.261776977099265,0.035,0.008,0.05012546955568856,0.00706197095271257,platt_vol_vegas,platt,0.05012546955568856,0.00706197095271257,NA,NA,NA,2026-10-04 16:05:00,2026-10-01 15:08:52,2026-10-01 15:08:40,live
RB,00-0036223,Jonathan Taylor,IND,WAS,2026_04_IND_WAS,2026,4,NA,Limited Participation in Practice,15,20,24.989851785767804,-1.053038482750109,-7.64402309851665,5.5379461330164315,-9.761710589726038,7.655633624225819,0.696,0.4355,0.7421700793219332,0.49662884938567253,star_platt,star_platt,0.7421700793219332,0.49662884938567253,NA,NA,NA,2026-10-04 09:30:00,2026-10-01 15:08:52,2026-10-01 15:08:40,live
RB,00-0039139,Jahmyr Gibbs,DET,CAR,2026_04_DET_CAR,2026,4,NA,NA,15,20,22.98622328787813,0.19825466284491972,-6.14835340610623,6.544862731796069,-8.187522559539813,8.58403188522965,0.683,0.435,0.7327875449730198,0.49622942293443417,star_platt,star_platt,0.7327875449730198,0.49622942293443417,NA,NA,NA,2026-10-04 20:20:00,2026-10-01 15:08:52,2026-10-01 15:08:40,live
RB,00-0037248,James Cook,BUF,NE,2026_04_NE_BUF,2026,4,NA,NA,15,20,21.269372399913443,-0.38014920655692463,-6.50789622937003,5.747597816256181,-8.476745191399912,7.716446778286064,0.6065,0.346,0.6773192354317313,0.42316552330163654,star_platt,star_platt,0.6773192354317313,0.42316552330163654,NA,NA,NA,2026-10-04 13:00:00,2026-10-01 15:08:52,2026-10-01 15:08:40,live
RB,00-0032764,Derrick Henry,BAL,TEN,2026_04_TEN_BAL,2026,4,NA,NA,15,20,19.738021350062812,-0.6260381372975419,-6.550248139727172,5.298171865132089,-8.453700529440221,7.201624254845138,0.526,0.289,0.6175792677367301,0.3735936088929991,star_platt,star_platt,0.6175792677367301,0.3735936088929991,NA,NA,NA,2026-10-04 13:00:00,2026-10-01 15:08:52,2026-10-01 15:08:40,live
RB,00-0037840,Kyren Williams,LA,PHI,2026_04_LA_PHI,2026,4,NA,NA,15,20,18.35108721999407,-1.3512746891908491,-7.083534998413976,4.380985620032277,-8.925313831300247,6.222764452918549,0.4125,0.1905,0.6134635766322728,0.36466597283609536,star_platt,star_platt,0.5284635766322728,0.27966597283609534,role_change_up,0.85,"Ronnie Rivers' IR placement removes a backup RB, increasing snap/carry opportunity for the Rams' lead back Kyren Williams.",2026-10-04 13:00:00,2026-10-01 15:08:52,2026-10-01 15:08:40,live
RB,00-0038597,Chase Brown,CIN,JAX,2026_04_JAX_CIN,2026,4,NA,NA,15,20,20.311012591139846,-1.0759908554526465,-7.077339285540131,4.925357574634838,-9.005576300444359,6.853594589539067,0.511,0.2845,0.6061916787714122,0.369557943836664,star_platt,star_platt,0.6061916787714122,0.369557943836664,NA,NA,NA,2026-10-04 13:00:00,2026-10-01 15:08:52,2026-10-01 15:08:40,live
RB,00-0040122,Ashton Jeanty,LV,KC,2026_04_KC_LV,2026,4,NA,Full Participation in Practice,15,20,22.242600228993872,-2.6950836571137984,-8.948035509025736,3.5578681947981403,-10.957112861179205,5.566945546951608,0.5055,0.248,0.6019913200323009,0.33602744475802754,star_platt,star_platt,0.6019913200323009,0.33602744475802754,NA,NA,NA,2026-10-04 16:25:00,2026-10-01 15:08:52,2026-10-01 15:08:40,live
RB,00-0033280,Christian McCaffrey,SF,DEN,2026_04_DEN_SF,2026,4,NA,Did Not Participate In Practice,15,20,18.664517757474332,-0.08090143410364764,-5.857217112390994,5.695414244183698,-7.71315096299112,7.551348094783823,0.502,0.2575,0.5993110757801834,0.34489984684148467,star_platt,star_platt,0.5993110757801834,0.34489984684148467,NA,NA,NA,2026-10-04 16:25:00,2026-10-01 15:08:52,2026-10-01 15:08:40,live
RB,00-0038542,Bijan Robinson,ATL,NO,2026_04_ATL_NO,2026,4,NA,NA,15,20,19.274227862495636,-0.9240839602048302,-6.784952954103057,4.936785033693397,-8.66805383804462,6.819885917634961,0.482,0.2545,0.5838805583570162,0.34210975345991423,star_platt,star_platt,0.5838805583570162,0.34210975345991423,NA,NA,NA,2026-10-05 20:15:00,2026-10-01 15:08:52,2026-10-01 15:08:40,live
RB,00-0040715,Cam Skattebo,NYG,ARI,2026_04_ARI_NYG,2026,4,NA,NA,15,20,17.689710828085637,-1.705674224842985,-7.343599464663311,3.93225101497734,-9.15506838057924,5.743719930893271,0.3565,0.1585,0.5662273716690617,0.3308215765116485,star_platt,star_platt,0.48122737166906165,0.2458215765116485,role_change_up,0.85,Singletary's healthy inactive elevates Skattebo's snap share and confirms him as the primary RB for the Giants.,2026-10-04 13:00:00,2026-10-01 15:08:52,2026-10-01 15:08:40,live
RB,00-0036275,D'Andre Swift,CHI,NYJ,2026_04_NYJ_CHI,2026,4,NA,NA,15,20,18.69920425106175,-1.1928634756582746,-6.974029649682652,4.588302698366103,-8.831521967605536,6.445795016288987,0.44,0.2135,0.550760528892778,0.3028118958680814,star_platt,star_platt,0.550760528892778,0.3028118958680814,NA,NA,NA,2026-10-04 13:00:00,2026-10-01 15:08:52,2026-10-01 15:08:40,live
RB,00-0039040,De'Von Achane,MIA,MIN,2026_04_MIA_MIN,2026,4,NA,NA,15,20,17.43585317392636,-1.9407102152730775,-7.541914144322664,3.660493713776509,-9.341584480054689,5.460164049508534,0.318,0.117,0.44702276725278095,0.19824530372925203,star_platt,star_platt,0.44702276725278095,0.19824530372925203,NA,NA,NA,2026-10-04 16:05:00,2026-10-01 15:08:52,2026-10-01 15:08:40,live
RB,00-0038134,Kenneth Walker III,KC,LV,2026_04_KC_LV,2026,4,NA,NA,15,20,19.449632807073023,-0.9554520593219414,-6.840373559489433,4.92946944084555,-8.731202528782132,6.820298410138249,0.4935,0.2585,0.41972174811993535,0.1956672258590332,star_platt,star_platt,0.41972174811993535,0.1956672258590332,NA,NA,NA,2026-10-04 16:25:00,2026-10-01 15:08:52,2026-10-01 15:08:40,live
RB,00-0041027,Jeremiyah Love,ARI,NYG,2026_04_ARI_NYG,2026,4,NA,NA,15,20,18.67584339678983,-1.191373235247666,-6.969273212843311,4.586526742347979,-8.825716099804936,6.442969629309604,0.441,0.2205,0.4127705180388439,0.257956543180006,star_platt,star_platt,0.3207705180388439,0.165956543180006,role_change_up,0.92,"Love established himself as the clear workhorse back with 26 touches and out-snapped Tyler Allgeier, signaling a significant opportunity shift in the Cardinals backfield.",2026-10-04 13:00:00,2026-10-01 15:08:52,2026-10-01 15:08:40,live
RB,00-0036997,Javonte Williams,DAL,HOU,2026_04_DAL_HOU,2026,4,NA,NA,15,20,19.4339329968092,-1.5732507634101174,-7.456024273445029,4.309522746624795,-9.346163092160817,6.1996615653405795,0.446,0.22,0.3831439732272238,0.1707906662741102,star_platt,star_platt,0.3831439732272238,0.1707906662741102,NA,NA,NA,2026-10-04 13:00:00,2026-10-01 15:08:52,2026-10-01 15:08:40,live
RB,00-0038120,Breece Hall,NYJ,CHI,2026_04_NYJ_CHI,2026,4,NA,Did Not Participate In Practice,15,20,17.578799773693948,-1.2664473669162142,-6.88836473067,4.355469996837572,-8.694690305964887,6.161795572132459,0.348,0.154,0.3811207742084006,0.19941584523830225,star_platt,star_platt,0.3091207742084006,0.12741584523830227,role_change_up,0.72,"Waiver of Richardson removes a backup RB option, increasing snap/carry share for the Jets' primary RB.",2026-10-04 13:00:00,2026-10-01 15:08:52,2026-10-01 15:08:40,live
RB,00-0034844,Saquon Barkley,PHI,LA,2026_04_LA_PHI,2026,4,NA,NA,15,20,18.96467534656086,-1.8507979700641797,-7.6689249964501,3.967329056321742,-9.538292859420263,5.8366969192919065,0.4145,0.187,0.35920506614055303,0.14928236187705746,star_platt,star_platt,0.35920506614055303,0.14928236187705746,NA,NA,NA,2026-10-04 13:00:00,2026-10-01 15:08:52,2026-10-01 15:08:40,live
RB,00-0033293,Aaron Jones,MIN,MIA,2026_04_MIA_MIN,2026,4,NA,Limited Participation in Practice,15,20,19.0256920682655,-1.0851275876482998,-6.911709677233202,4.741454501936603,-8.783794157312599,6.613538982015999,0.464,0.232,0.33712619197705684,0.17322369303895954,star_platt,star_platt,0.33712619197705684,0.17322369303895954,NA,NA,NA,2026-10-04 16:05:00,2026-10-01 15:08:52,2026-10-01 15:08:40,live
RB,00-0040198,Ollie Gordon II,MIA,MIN,2026_04_MIA_MIN,2026,4,NA,NA,15,20,18.44623447632089,-2.8906647946606836,-8.636342159881037,2.8550125705596705,-10.482431901275003,4.701102311953637,0.3225,0.1265,0.32486409256937976,0.19022629688084375,star_platt,star_platt,0.23986409256937977,0.10522629688084376,role_change_up,0.85,"Achane's Week 3 absence elevates Gordon to primary RB duties, increasing his snap and carry opportunity in a game already in progress.",2026-10-04 16:05:00,2026-10-01 15:08:52,2026-10-01 15:08:40,live
RB,00-0040734,TreVeyon Henderson,NE,BUF,2026_04_NE_BUF,2026,4,NA,NA,15,20,14.421732145798494,-0.7698978518412529,-5.910554235689391,4.370758532006885,-7.562250356271945,6.022454652589439,0.26,0.1025,0.3147003367677076,0.1639388278239153,star_platt,star_platt,0.2427003367677076,0.09193882782391534,role_change_up,0.72,"Impact note indicates Henderson is seeing more carries than Stevenson, suggesting a shift in backfield opportunity allocation.",2026-10-04 13:00:00,2026-10-01 15:08:52,2026-10-01 15:08:40,live
RB,00-0036158,J.K. Dobbins,DEN,SF,2026_04_DEN_SF,2026,4,NA,Full Participation in Practice,15,20,15.86675700503953,-0.9232012080166628,-6.290633208423987,4.444230792390661,-8.01519247685093,6.168790060817603,0.32,0.135,0.31319969805771997,0.185888861695304,star_platt,star_platt,0.23819969805771993,0.110888861695304,role_change_up,0.75,Coleman's multi-week IR absence solidifies Dobbins' lead role in the Broncos backfield with increased snap and carry opportunity.,2026-10-04 16:25:00,2026-10-01 15:08:52,2026-10-01 15:08:40,live
RB,00-0036973,Travis Etienne,NO,ATL,2026_04_ATL_NO,2026,4,NA,NA,15,20,16.158294662064133,-1.008813123933891,-6.420607469575956,4.402981221708173,-8.159420387352888,6.141794139485106,0.3385,0.1535,0.30198418306030733,0.12708061533119103,star_platt,star_platt,0.30198418306030733,0.12708061533119103,NA,NA,NA,2026-10-05 20:15:00,2026-10-01 15:08:52,2026-10-01 15:08:40,live
RB,00-0040666,Omarion Hampton,LAC,SEA,2026_04_LAC_SEA,2026,4,NA,NA,15,20,17.865840345345227,-2.0123254440185,-7.67555898961179,3.6509081015747906,-9.49515948004709,5.470508592010089,0.325,0.146,0.2918385201476561,0.1220349825583609,star_platt,star_platt,0.2918385201476561,0.1220349825583609,NA,NA,NA,2026-10-04 16:25:00,2026-10-01 15:08:52,2026-10-01 15:08:40,live
RB,00-0033906,Alvin Kamara,NO,ATL,2026_04_ATL_NO,2026,4,NA,NA,15,20,14.171985459563704,-1.6162882659915458,-6.716506851521344,3.483930319538252,-8.355210282139799,5.122633750156707,0.2365,0.0825,0.274974006828149,0.16682603377874802,star_platt,star_platt,0.182974006828149,0.07482603377874801,role_change_up,0.92,Etienne's extended absence directly increases Kamara's offensive role and touch share in the Saints backfield.,2026-10-05 20:15:00,2026-10-01 15:08:52,2026-10-01 15:08:40,live
RB,00-0040583,Woody Marks,HOU,DAL,2026_04_DAL_HOU,2026,4,NA,NA,15,20,13.278685840496742,-0.8420657113881441,-5.794355345656116,4.110223922879828,-7.385529111446418,5.701397688670131,0.264,0.095,0.2731276718541661,0.15569085401495356,star_platt,star_platt,0.2011276718541661,0.08369085401495356,role_change_up,0.72,"Backup Woody Marks is receiving short-yardage/goal-line carries, suggesting reduced opportunity for Montgomery in high-value situations.",2026-10-04 13:00:00,2026-10-01 15:08:52,2026-10-01 15:08:40,live
RB,00-0035685,David Montgomery,HOU,DAL,2026_04_DAL_HOU,2026,4,NA,NA,15,20,16.013459591793406,-0.7697470731342773,-6.159557649628507,4.620063503359953,-7.891307168589027,6.3518130223204725,0.3655,0.17,0.2687050490547403,0.133753099885819,star_platt,star_platt,0.2687050490547403,0.133753099885819,NA,NA,NA,2026-10-04 13:00:00,2026-10-01 15:08:52,2026-10-01 15:08:40,live
RB,00-0037228,Jaylen Warren,PIT,CLE,2026_04_PIT_CLE,2026,4,NA,NA,15,20,18.073753128457405,-1.208286430257569,-6.901219958788857,4.484647098273719,-8.730363072371306,6.313790211856168,0.4055,0.189,0.26739917644486616,0.06559402969613566,star_platt,star_platt,0.3523991764448662,0.15059402969613567,role_change_down,0.85,Dowdle's expected return in Week 5 will likely reduce Warren's lead-back role and snap share in the Steelers backfield.,2026-10-01 20:15:00,2026-10-01 15:08:52,2026-10-01 15:08:40,live
RB,00-0036555,Chuba Hubbard,CAR,DET,2026_04_DET_CAR,2026,4,NA,Did Not Participate In Practice,15,20,17.910200086315797,-0.6199977912362392,-6.289583877042032,5.0495882945695545,-8.11122544263221,6.871229860159731,0.4555,0.2105,0.25905003904780854,0.08762393513007437,star_platt,star_platt,0.33105003904780855,0.15962393513007436,role_change_down,0.72,Ekeler's potential signing to Carolina as a pass-catching complement to Hubbard could reduce Hubbard's target share and reduce-role touches in PPR formats.,2026-10-04 20:20:00,2026-10-01 15:08:52,2026-10-01 15:08:40,live
RB,00-0035261,Tony Pollard,TEN,BAL,2026_04_TEN_BAL,2026,4,NA,Did Not Participate In Practice,15,20,18.859351902256524,-2.7015973946243332,-8.505094649292424,3.101899860043757,-10.369761957433196,4.966567168184529,0.347,0.156,0.25624212201922525,0.12468200889683158,star_platt,star_platt,0.25624212201922525,0.12468200889683158,NA,NA,NA,2026-10-04 13:00:00,2026-10-01 15:08:52,2026-10-01 15:08:40,live
RB,00-0039361,Bucky Irving,TB,GB,2026_04_GB_TB,2026,4,NA,Limited Participation in Practice,15,20,18.924646011044576,-2.33103556328586,-8.143607641089657,3.4815365145179373,-10.011190695596072,5.349119569024351,0.3635,0.17,0.2487661246080141,0.0660761007131437,star_platt,star_platt,0.32076612460801407,0.1380761007131437,role_change_down,0.72,Tucker's return from hamstring injury reduces Irving's snap/carry share in the RB rotation.,2026-10-04 13:00:00,2026-10-01 15:08:52,2026-10-01 15:08:40,live
RB,00-0040784,Quinshon Judkins,CLE,PIT,2026_04_PIT_CLE,2026,4,NA,NA,15,20,20.54452311179944,-2.310610857955999,-8.343053123722292,3.721831407810294,-10.28128060753358,5.660058891621583,0.4315,0.2065,0.2290909848215988,0.07208640652187846,star_platt,star_platt,0.3140909848215988,0.15708640652187847,role_change_down,0.85,Sanders' continued involvement as a pass-catcher is explicitly noted to be hurting Judkins' opportunity share in Cleveland's offense.,2026-10-01 20:15:00,2026-10-01 15:08:52,2026-10-01 15:08:40,live
RB,00-0040242,Jacory Croskey-Merritt,WAS,IND,2026_04_IND_WAS,2026,4,NA,NA,15,20,15.22828147069026,-0.8888824423312341,-6.15757342029341,4.379808535630941,-7.850407136273891,6.072642251611422,0.294,0.1155,0.22094784735611436,0.0978146553332402,star_platt,star_platt,0.22094784735611436,0.0978146553332402,NA,NA,NA,2026-10-04 09:30:00,2026-10-01 15:08:52,2026-10-01 15:08:40,live
RB,00-0040719,Bhayshul Tuten,JAX,CIN,2026_04_JAX_CIN,2026,4,NA,NA,15,20,14.741169554522504,-1.0676340386156618,-6.259456949972801,4.1241888727414775,-7.927592907937957,5.792324830706633,0.2795,0.1075,0.211360964867027,0.09235606154205768,star_platt,star_platt,0.211360964867027,0.09235606154205768,NA,NA,NA,2026-10-04 13:00:00,2026-10-01 15:08:52,2026-10-01 15:08:40,live
RB,00-0033699,Austin Ekeler,WAS,IND,2026_04_IND_WAS,2026,4,NA,NA,15,20,10.358334931020371,-0.6317183283369022,-5.058036924607283,3.7946002679334785,-6.48021586597614,5.216779209302336,0.1465,0.0395,0.2076600602832813,0.1269143609729384,star_platt,star_platt,0.12266006028328127,0.04191436097293838,role_change_up,0.85,White's missed practices increase opportunity for Ekeler's potential debut and role expansion in Washington's backfield.,2026-10-04 09:30:00,2026-10-01 15:08:52,2026-10-01 15:08:40,live
RB,00-0036875,Rhamondre Stevenson,NE,BUF,2026_04_NE_BUF,2026,4,NA,NA,15,20,13.956149861772186,-0.7368113930878537,-5.801767219670449,4.328144433494742,-7.429140703720771,5.955517917545064,0.272,0.094,0.2064081265347628,0.08298957986922915,star_platt,star_platt,0.2064081265347628,0.08298957986922915,NA,NA,NA,2026-10-04 13:00:00,2026-10-01 15:08:52,2026-10-01 15:08:40,live
RB,00-0038551,Kendre Miller,NO,ATL,2026_04_ATL_NO,2026,4,NA,NA,15,20,10.808060125583236,-0.665783560836807,-5.177969840768382,3.846402719094769,-6.627738122757675,5.296171001084062,0.159,0.049,0.2062037574123468,0.12463211326287192,star_platt,star_platt,0.13120375741234677,0.04963211326287189,role_change_up,0.75,"Miller saw more touches than Donaldson in Week 1 despite backfield absences, signaling increased opportunity in the Saints' RB committee.",2026-10-05 20:15:00,2026-10-01 15:08:52,2026-10-01 15:08:40,live
RB,00-0037525,Jordan Mason,MIN,MIA,2026_04_MIA_MIN,2026,4,NA,NA,15,20,13.357061131060968,-0.9427147808271964,-5.9081973661253055,4.022767804470913,-7.503610035356807,5.618180473702415,0.2415,0.0745,0.18627683250130095,0.069025545217448,star_platt,star_platt,0.18627683250130095,0.069025545217448,NA,NA,NA,2026-10-04 16:05:00,2026-10-01 15:08:52,2026-10-01 15:08:40,live
RB,00-0041496,Jonah Coleman,DEN,SF,2026_04_DEN_SF,2026,4,NA,NA,15,20,13.053706942898208,-0.6093381533210299,-5.523518204842007,4.304841898199947,-7.102447337791646,5.883771031149586,0.2395,0.0885,0.18495590323725317,0.07910884701063271,star_platt,star_platt,0.18495590323725317,0.07910884701063271,NA,NA,NA,2026-10-04 16:25:00,2026-10-01 15:08:52,2026-10-01 15:08:40,live
RB,00-0039811,MarShawn Lloyd,GB,TB,2026_04_GB_TB,2026,4,NA,NA,15,20,13.584660877504067,-1.0358382131505572,-6.039394092693158,3.967717666392043,-7.647039735246706,5.57536330894559,0.2365,0.0915,0.182974006828149,0.0812306884058487,star_platt,star_platt,0.182974006828149,0.0812306884058487,NA,NA,NA,2026-10-04 13:00:00,2026-10-01 15:08:52,2026-10-01 15:08:40,live
RB,00-0036139,Rico Dowdle,PIT,CLE,2026_04_PIT_CLE,2026,4,NA,Did Not Participate In Practice,15,20,11.943170690552922,-0.8218102712123326,-5.542380456372152,3.8987599139474862,-7.059102617819089,5.415482075394424,0.1795,0.057,0.18004565278506773,0.05786850032800189,star_platt,star_platt,0.18004565278506773,0.05786850032800189,NA,NA,NA,2026-10-01 20:15:00,2026-10-01 15:08:52,2026-10-01 15:08:40,live
RB,00-0036924,Michael Carter,TEN,BAL,2026_04_TEN_BAL,2026,4,NA,NA,15,20,10.59660451952325,-1.3960147407782522,-5.86807590832353,3.076046426767026,-7.304951966534822,4.512922484978318,0.1015,0.0285,0.17601097357077822,0.1174635076245836,star_platt,star_platt,0.09101097357077824,0.0324635076245836,role_change_up,0.85,"Breece Hall likely sidelined this Sunday, creating increased opportunity for backfield partner Michael Carter.",2026-10-04 13:00:00,2026-10-01 15:08:52,2026-10-01 15:08:40,live
RB,00-0041512,Jadarian Price,SEA,LAC,2026_04_LAC_SEA,2026,4,NA,Limited Participation in Practice,15,20,13.033614172184086,-0.7130672728143732,-5.623826326336413,4.197691780707666,-7.20165629048319,5.775521744854443,0.225,0.075,0.17536944781876398,0.0693913554007826,star_platt,star_platt,0.17536944781876398,0.0693913554007826,NA,NA,NA,2026-10-04 16:25:00,2026-10-01 15:08:52,2026-10-01 15:08:40,live
RB,00-0040142,Kaleb Johnson,GB,TB,2026_04_GB_TB,2026,4,NA,NA,15,20,13.867948528568926,-1.7770086455148189,-6.82746836211614,3.2734510710865026,-8.450184236936863,4.8961669459072255,0.208,0.0715,0.16409675009165908,0.06682082486239292,star_platt,star_platt,0.16409675009165908,0.06682082486239292,NA,NA,NA,2026-10-04 13:00:00,2026-10-01 15:08:52,2026-10-01 15:08:40,live
RB,00-0041052,Kaelon Black,SF,DEN,2026_04_DEN_SF,2026,4,NA,NA,15,20,11.761620840089943,-0.24452755142128088,-4.932521388554089,4.443466285711527,-6.438776748946588,5.9497216461040265,0.196,0.0705,0.15610716482771267,0.06608204732519234,star_platt,star_platt,0.15610716482771267,0.06608204732519234,NA,NA,NA,2026-10-04 16:25:00,2026-10-01 15:08:52,2026-10-01 15:08:40,live
RB,00-0040236,Kyle Monangai,CHI,NYJ,2026_04_NYJ_CHI,2026,4,NA,NA,15,20,11.734482565741985,-0.7538406696794342,-5.436941347051188,3.92926000769232,-6.941624532143249,5.433943192784381,0.175,0.06,0.14203302643742444,0.05819545589455582,star_platt,star_platt,0.14203302643742444,0.05819545589455582,NA,NA,NA,2026-10-04 13:00:00,2026-10-01 15:08:52,2026-10-01 15:08:40,live
RB,00-0037746,Brian Robinson,ATL,NO,2026_04_ATL_NO,2026,4,NA,NA,15,20,10.622309455967931,-0.4054782589139594,-4.8824403929195235,4.071483875091605,-6.320891134728612,5.5099346169006935,0.171,0.054,0.1393355475333654,0.05356793053897889,star_platt,star_platt,0.1393355475333654,0.05356793053897889,NA,NA,NA,2026-10-05 20:15:00,2026-10-01 15:08:52,2026-10-01 15:08:40,live
RB,00-0040730,RJ Harvey,DEN,SF,2026_04_DEN_SF,2026,4,NA,NA,15,20,10.02956634016222,-0.5292516414260287,-4.891496774465944,3.832993491613886,-6.293088871909079,5.234585589057021,0.1265,0.034,0.13642944072615718,0.03861408908056917,star_platt,star_platt,0.13642944072615718,0.03861408908056917,NA,NA,NA,2026-10-04 16:25:00,2026-10-01 15:08:52,2026-10-01 15:08:40,live
RB,00-0038797,Emanuel Wilson,SEA,LAC,2026_04_LAC_SEA,2026,4,NA,NA,15,20,11.532880973406224,-0.8353189898783503,-5.4818741935685305,3.81123621381183,-6.974815295043729,5.3041773152870295,0.1595,0.0455,0.13154386174064325,0.04682826196898371,star_platt,star_platt,0.13154386174064325,0.04682826196898371,NA,NA,NA,2026-10-04 16:25:00,2026-10-01 15:08:52,2026-10-01 15:08:40,live
RB,00-0036919,Kenny Gainwell,TB,GB,2026_04_GB_TB,2026,4,NA,NA,15,20,10.338341235035491,-1.1233278852260449,-5.5457820272598015,3.2991262568077113,-6.966719317058471,4.720063546606381,0.1195,0.0295,0.13044049313244263,0.03455868570250213,star_platt,star_platt,0.13044049313244263,0.03455868570250213,NA,NA,NA,2026-10-04 13:00:00,2026-10-01 15:08:52,2026-10-01 15:08:40,live
RB,00-0037256,Rachaad White,WAS,IND,2026_04_IND_WAS,2026,4,NA,Did Not Participate In Practice,15,20,10.828266344385357,-0.4845589156385195,-5.000556859291448,4.031439028014409,-6.45154983122526,5.482431999948221,0.155,0.0435,0.12847856996920648,0.04520618607192323,star_platt,star_platt,0.12847856996920648,0.04520618607192323,NA,NA,NA,2026-10-04 09:30:00,2026-10-01 15:08:52,2026-10-01 15:08:40,live
RB,00-0041013,Emmett Johnson,KC,LV,2026_04_KC_LV,2026,4,NA,NA,15,20,9.823035410585575,-0.26634230932905467,-4.587746575101176,4.055061956443066,-5.97621647627393,5.44353185761582,0.1485,0.0475,0.12403266791041732,0.0484356778539056,star_platt,star_platt,0.12403266791041732,0.0484356778539056,NA,NA,NA,2026-10-04 16:25:00,2026-10-01 15:08:52,2026-10-01 15:08:40,live
RB,00-0038611,Chris Rodriguez Jr.,JAX,CIN,2026_04_JAX_CIN,2026,4,NA,NA,15,20,10.279362400975003,-0.678514609145114,-5.089545192016282,3.7325159737260543,-6.5068120850906395,5.149782866800412,0.1395,0.043,0.11783734639344091,0.04479827305750129,star_platt,star_platt,0.11783734639344091,0.04479827305750129,NA,NA,NA,2026-10-04 13:00:00,2026-10-01 15:08:52,2026-10-01 15:08:40,live
RB,00-0039603,British Brooks,HOU,DAL,2026_04_DAL_HOU,2026,4,NA,Did Not Participate In Practice,15,20,10.028614130013212,-0.5432885022336175,-4.905346401343133,3.8187693968758976,-6.306878340406989,5.220301335939753,0.1365,0.0425,0.1157610679496994,0.04438937310790755,star_platt,star_platt,0.1157610679496994,0.04438937310790755,NA,NA,NA,2026-10-04 13:00:00,2026-10-01 15:08:52,2026-10-01 15:08:40,live
RB,00-0041081,Max Bredeson,MIN,MIA,2026_04_MIA_MIN,2026,4,NA,NA,15,20,9.487498502360207,-0.42727739190008057,-4.6813142546900455,3.826759470889885,-6.048138967028752,5.193584183228591,0.1315,0.035,0.11228709481005196,0.03812596535362331,star_platt,star_platt,0.11228709481005196,0.03812596535362331,NA,NA,NA,2026-10-04 16:05:00,2026-10-01 15:08:52,2026-10-01 15:08:40,live
RB,00-0033526,Samaje Perine,CIN,JAX,2026_04_JAX_CIN,2026,4,NA,NA,15,20,9.340918664663004,-0.4038666511592976,-4.628064437469378,3.820331135150783,-5.985301835818679,5.177568533500083,0.1305,0.0315,0.11159018082635144,0.03510783576119125,star_platt,star_platt,0.11159018082635144,0.03510783576119125,NA,NA,NA,2026-10-04 13:00:00,2026-10-01 15:08:52,2026-10-01 15:08:40,live
RB,00-0040394,Anthony Tyus III,CAR,DET,2026_04_DET_CAR,2026,4,NA,NA,15,20,9.35352915785592,-0.4468746496529841,-4.673649580180053,3.779900280874085,-6.0317150165827735,5.137965717276805,0.1295,0.034,0.11089253534896366,0.03727047298678691,star_platt,star_platt,0.11089253534896366,0.03727047298678691,NA,NA,NA,2026-10-04 20:20:00,2026-10-01 15:08:52,2026-10-01 15:08:40,live
RB,00-0039344,Jonathon Brooks,CAR,DET,2026_04_DET_CAR,2026,4,NA,NA,15,20,9.993214878820954,-0.5419621473084333,-4.897052535444237,3.81312824082737,-6.296345808861901,5.212421514245035,0.129,0.042,0.11054343484787016,0.04397947090351627,star_platt,star_platt,0.11054343484787016,0.04397947090351627,NA,NA,NA,2026-10-04 20:20:00,2026-10-01 15:08:52,2026-10-01 15:08:40,live
RB,00-0039364,Sione Vaki,DET,CAR,2026_04_DET_CAR,2026,4,NA,NA,15,20,8.45268786144492,0.4018637289748308,-3.6357657868008455,4.439493244750507,-4.933058682803386,5.736786140753047,0.127,0.0375,0.10914514829530156,0.04024251076184949,star_platt,star_platt,0.10914514829530156,0.04024251076184949,NA,NA,NA,2026-10-04 20:20:00,2026-10-01 15:08:52,2026-10-01 15:08:40,live
RB,00-0040177,Jordan James,SF,DEN,2026_04_DEN_SF,2026,4,NA,NA,15,20,9.330365436630538,-0.2935515008245552,-4.5155911104518625,3.928488108802752,-5.872135085279282,5.285032083630172,0.1165,0.037,0.10175128730398147,0.03982164706466869,star_platt,star_platt,0.10175128730398147,0.03982164706466869,NA,NA,NA,2026-10-04 16:25:00,2026-10-01 15:08:52,2026-10-01 15:08:40,live
RB,00-0040878,Mike Washington Jr.,LV,KC,2026_04_KC_LV,2026,4,NA,NA,15,20,9.806446148457324,-0.3485777097257214,-4.666681170563052,3.9695257511116098,-6.054090521039845,5.356935101588402,0.116,0.029,0.1013968335533904,0.03290821744842058,star_platt,star_platt,0.1013968335533904,0.03290821744842058,NA,NA,NA,2026-10-04 16:25:00,2026-10-01 15:08:52,2026-10-01 15:08:40,live
RB,00-0040556,Corey Kiner,NE,BUF,2026_04_NE_BUF,2026,4,NA,NA,15,20,9.470190734633452,-0.4868508343566365,-4.737377590361275,3.7636759216480016,-6.103074503188157,5.129372834474884,0.1155,0.0265,0.10104215199857064,0.03066750314514738,star_platt,star_platt,0.10104215199857064,0.03066750314514738,NA,NA,NA,2026-10-04 13:00:00,2026-10-01 15:08:52,2026-10-01 15:08:40,live
RB,00-0036893,Najee Harris,NYG,ARI,2026_04_ARI_NYG,2026,4,NA,NA,15,20,9.61578133093818,-0.7921221505568393,-5.072066782630308,3.487822481516629,-6.447215677490328,4.86297137637665,0.1145,0.0245,0.10033209842943625,0.02884203232726897,star_platt,star_platt,0.10033209842943625,0.02884203232726897,NA,NA,NA,2026-10-04 13:00:00,2026-10-01 15:08:52,2026-10-01 15:08:40,live
RB,00-0040179,DJ Giddens,IND,WAS,2026_04_IND_WAS,2026,4,NA,NA,15,20,9.76688707687413,-0.8008063499494218,-5.111026280768818,3.509413580869974,-6.4959026481059405,4.8942899482070965,0.113,0.0245,0.09926526507950093,0.02884203232726897,star_platt,star_platt,0.09926526507950093,0.02884203232726897,NA,NA,NA,2026-10-04 09:30:00,2026-10-01 15:08:52,2026-10-01 15:08:40,live
RB,00-0029892,Kyle Juszczyk,SF,DEN,2026_04_DEN_SF,2026,4,NA,NA,15,20,8.456808115510993,0.3302050294604001,-3.7083141178842456,4.3687241768050455,-5.005892853067914,5.666302911988714,0.1125,0.0295,0.09890917922278816,0.03335128616239499,star_platt,star_platt,0.09890917922278816,0.03335128616239499,NA,NA,NA,2026-10-04 16:25:00,2026-10-01 15:08:52,2026-10-01 15:08:40,live
RB,00-0039299,George Holani,SEA,LAC,2026_04_LAC_SEA,2026,4,NA,Limited Participation in Practice,15,20,9.720273140716069,-0.9693338855267086,-5.270241870084706,3.3315740990312888,-6.652126303247167,4.71345853219375,0.111,0.0265,0.09783947143936823,0.03066750314514738,star_platt,star_platt,0.09783947143936823,0.03066750314514738,NA,NA,NA,2026-10-04 16:25:00,2026-10-01 15:08:52,2026-10-01 15:08:40,live
RB,00-0034975,Justice Hill,BAL,TEN,2026_04_TEN_BAL,2026,4,NA,NA,15,20,8.984738314849006,-0.2027600810440463,-4.353364106330804,3.947843944242711,-5.6869557831019755,5.281435621013882,0.11,0.0385,0.09712510544697192,0.04108071738740424,star_platt,star_platt,0.09712510544697192,0.04108071738740424,NA,NA,NA,2026-10-04 13:00:00,2026-10-01 15:08:52,2026-10-01 15:08:40,live
RB,00-0039032,Tyjae Spears,TEN,BAL,2026_04_TEN_BAL,2026,4,NA,Did Not Participate In Practice,15,20,10.874376493931292,-1.432608894135044,-5.95729040237185,3.0920726141017627,-7.411073409053186,4.545855620783099,0.1065,0.0285,0.0946168450445218,0.0324635076245836,star_platt,star_platt,0.0946168450445218,0.0324635076245836,NA,NA,NA,2026-10-04 13:00:00,2026-10-01 15:08:52,2026-10-01 15:08:40,live
RB,00-0038896,Jacob Saylors,DET,CAR,2026_04_DET_CAR,2026,4,NA,NA,15,20,8.462748424995654,-0.0314924352073358,-4.071293776518882,4.00830890610421,-5.369284481428364,5.306299611013692,0.104,0.0205,0.09281734580858442,0.02508982531954969,star_platt,star_platt,0.09281734580858442,0.02508982531954969,NA,NA,NA,2026-10-04 20:20:00,2026-10-01 15:08:52,2026-10-01 15:08:40,live
RB,00-0033854,Dare Ogunbowale,HOU,DAL,2026_04_DAL_HOU,2026,4,NA,NA,15,20,9.344016344913593,-1.045939052592622,-5.270770073054711,3.178891967869468,-6.628210929934246,4.536332824749001,0.103,0.0305,0.09209563714725072,0.03423263992594899,star_platt,star_platt,0.09209563714725072,0.03423263992594899,NA,NA,NA,2026-10-04 13:00:00,2026-10-01 15:08:52,2026-10-01 15:08:40,live
RB,00-0039875,Ray Davis,BUF,NE,2026_04_NE_BUF,2026,4,NA,NA,15,20,8.265410510038267,-0.14662019516344552,-4.1435596854700005,3.8503192951431098,-5.427778850766688,5.134538460439797,0.101,0.0235,0.09064884979649196,0.02791731102888547,star_platt,star_platt,0.09064884979649196,0.02791731102888547,NA,NA,NA,2026-10-04 13:00:00,2026-10-01 15:08:52,2026-10-01 15:08:40,live
RB,00-0041326,CJ Donaldson,NO,ATL,2026_04_ATL_NO,2026,4,NA,NA,15,20,8.556177404025405,-0.2736649220945186,-4.33356804925544,3.7862382050664034,-5.6380174705670765,5.09068762637804,0.0995,0.024,0.08956073815149684,0.02838071342462161,star_platt,star_platt,0.08956073815149684,0.02838071342462161,NA,NA,NA,2026-10-05 20:15:00,2026-10-01 15:08:52,2026-10-01 15:08:40,live
RB,00-0041490,Eli Heidenreich,PIT,CLE,2026_04_PIT_CLE,2026,4,NA,NA,15,20,9.385120145073442,-0.8039793471610757,-5.037202025195886,3.4292433308737342,-6.397339126917163,4.789380432595011,0.0985,0.023,0.08883385629631631,0.0274517694282458,star_platt,star_platt,0.08883385629631631,0.0274517694282458,NA,NA,NA,2026-10-01 20:15:00,2026-10-01 15:08:52,2026-10-01 15:08:40,live
RB,00-0036842,Kene Nwangwu,NYJ,CHI,2026_04_NYJ_CHI,2026,4,NA,Full Participation in Practice,15,20,10.053864156892534,-1.1457959517143317,-5.5128154949060715,3.221223591477409,-6.915941613325714,4.624349709897052,0.098,0.0245,0.08846996586045586,0.02884203232726897,star_platt,star_platt,0.08846996586045586,0.02884203232726897,NA,NA,NA,2026-10-04 13:00:00,2026-10-01 15:08:52,2026-10-01 15:08:40,live
RB,00-0039471,Frank Gore Jr.,BUF,NE,2026_04_NE_BUF,2026,4,NA,NA,15,20,8.153690009043821,-0.12766706488963853,-4.10009194062981,3.844757810850534,-5.376434544889644,5.121100415110368,0.097,0.025,0.08774127357552217,0.02930132095265511,star_platt,star_platt,0.08774127357552217,0.02930132095265511,NA,NA,NA,2026-10-04 13:00:00,2026-10-01 15:08:52,2026-10-01 15:08:40,live
RB,00-0039794,Braelon Allen,NYJ,CHI,2026_04_NYJ_CHI,2026,4,NA,NA,15,20,10.649006040995646,-1.902252160087298,-6.384297456435789,2.579793136261193,-7.824381421494049,4.019877101319453,0.0965,0.026,0.08737646668680735,0.03021400869961866,star_platt,star_platt,0.08737646668680735,0.03021400869961866,NA,NA,NA,2026-10-04 13:00:00,2026-10-01 15:08:52,2026-10-01 15:08:40,live
RB,00-0039021,Roschon Johnson,CHI,NYJ,2026_04_NYJ_CHI,2026,4,NA,NA,15,20,9.191488894708234,-0.7187208279179838,-4.912234094645228,3.4747924388092604,-6.259612537605845,4.8221708817698765,0.0955,0.023,0.08664591860996668,0.0274517694282458,star_platt,star_platt,0.08664591860996668,0.0274517694282458,NA,NA,NA,2026-10-04 13:00:00,2026-10-01 15:08:52,2026-10-01 15:08:40,live
RB,00-0039796,Rasheen Ali,BAL,TEN,2026_04_TEN_BAL,2026,4,NA,NA,15,20,8.931174437587313,-0.7255474008236137,-4.864946697506823,3.413851895859595,-6.1949382879495625,4.743843486302334,0.095,0.0275,0.0862801722140056,0.03156901681037977,star_platt,star_platt,0.0862801722140056,0.03156901681037977,NA,NA,NA,2026-10-04 13:00:00,2026-10-01 15:08:52,2026-10-01 15:08:40,live
RB,00-0038555,Tank Bigsby,PHI,LA,2026_04_LA_PHI,2026,4,NA,Full Participation in Practice,15,20,9.266466979450351,-0.9915764711398388,-5.200519934642962,3.2173669923632837,-6.552856109506186,4.569703167226507,0.0945,0.0285,0.08591410739275454,0.0324635076245836,star_platt,star_platt,0.08591410739275454,0.0324635076245836,NA,NA,NA,2026-10-04 13:00:00,2026-10-01 15:08:52,2026-10-01 15:08:40,live
RB,00-0035537,Ty Johnson,BUF,NE,2026_04_NE_BUF,2026,4,NA,NA,15,20,8.074779271754595,0.0966298698383972,-3.8583686787689984,4.051628418445793,-5.129112193190491,5.322371932867285,0.094,0.0235,0.08554772146900073,0.02791731102888547,star_platt,star_platt,0.08554772146900073,0.02791731102888547,NA,NA,NA,2026-10-04 13:00:00,2026-10-01 15:08:52,2026-10-01 15:08:40,live
RB,00-0038454,Keaton Mitchell,LAC,SEA,2026_04_LAC_SEA,2026,4,NA,Limited Participation in Practice,15,20,9.941523579761746,-1.2037276383610438,-5.548619472860292,3.141164196138204,-6.944635944597537,4.537180667875449,0.094,0.023,0.08554772146900073,0.0274517694282458,star_platt,star_platt,0.08554772146900073,0.0274517694282458,NA,NA,NA,2026-10-04 16:25:00,2026-10-01 15:08:52,2026-10-01 15:08:40,live
RB,00-0036265,AJ Dillon,CAR,DET,2026_04_DET_CAR,2026,4,NA,NA,15,20,9.387118423721484,-1.0290548477381107,-5.26268497597197,3.204575280495748,-6.6229529916977725,4.56484329622155,0.0935,0.0225,0.08518101173531521,0.02698403024064909,star_platt,star_platt,0.08518101173531521,0.02698403024064909,NA,NA,NA,2026-10-04 20:20:00,2026-10-01 15:08:52,2026-10-01 15:08:40,live
RB,00-0040208,Tahj Brooks,CIN,JAX,2026_04_JAX_CIN,2026,4,NA,NA,15,20,9.101686785730925,-1.0400061313151003,-5.214947426515666,3.1349351638854657,-6.556358683375581,4.476346420745381,0.0925,0.0215,0.08444660985423938,0.02604171106345382,star_platt,star_platt,0.08444660985423938,0.02604171106345382,NA,NA,NA,2026-10-04 13:00:00,2026-10-01 15:08:52,2026-10-01 15:08:40,live
RB,00-0034959,Andrew Beck,NYJ,CHI,2026_04_NYJ_CHI,2026,4,NA,NA,15,20,8.616419670172576,-0.5538989572894544,-4.6266998430618855,3.5189019284829772,-5.935293322305458,4.827495407726549,0.0915,0.0215,0.08371087946584485,0.02604171106345382,star_platt,star_platt,0.08371087946584485,0.02604171106345382,NA,NA,NA,2026-10-04 13:00:00,2026-10-01 15:08:52,2026-10-01 15:08:40,live
RB,00-0038489,Ben VanSumeren,KC,LV,2026_04_KC_LV,2026,4,NA,NA,15,20,8.496033278631192,-0.5491639586872412,-4.596140607305502,3.49781268993102,-5.896436742953309,4.798108825578828,0.091,0.026,0.08334250897667267,0.03021400869961866,star_platt,star_platt,0.08334250897667267,0.03021400869961866,NA,NA,NA,2026-10-04 16:25:00,2026-10-01 15:08:52,2026-10-01 15:08:40,live
RB,00-0039407,Dylan Laube,LV,KC,2026_04_KC_LV,2026,4,NA,NA,15,20,9.198848545466625,-1.2587608646645303,-5.453791764044343,2.936270034715282,-6.801657823328158,4.284136093999097,0.091,0.026,0.08334250897667267,0.03021400869961866,star_platt,star_platt,0.08334250897667267,0.03021400869961866,NA,NA,NA,2026-10-04 16:25:00,2026-10-01 15:08:52,2026-10-01 15:08:40,live
RB,00-0039874,Jaylen Wright,MIA,MIN,2026_04_MIA_MIN,2026,4,NA,Limited Participation in Practice,15,20,10.359598949301551,-1.3388559686577557,-5.765418741559299,3.087706804243788,-7.187676137032907,4.5099641997173965,0.09,0.027,0.08260474290782377,0.03111915821997442,star_platt,star_platt,0.08260474290782377,0.03111915821997442,NA,NA,NA,2026-10-04 16:05:00,2026-10-01 15:08:52,2026-10-01 15:08:40,live
RB,00-0035250,Devin Singletary,NYG,ARI,2026_04_ARI_NYG,2026,4,NA,NA,15,20,9.126203526054224,-0.7636641156750131,-4.943685643404039,3.4163574120540128,-6.286729182161899,4.759400950811873,0.0895,0.0235,0.08223534142529339,0.02791731102888547,star_platt,star_platt,0.08223534142529339,0.02791731102888547,NA,NA,NA,2026-10-04 13:00:00,2026-10-01 15:08:52,2026-10-01 15:08:40,live
RB,00-0041398,Riley Nowakowski,PIT,CLE,2026_04_PIT_CLE,2026,4,NA,NA,15,20,9.09374496994173,-0.6283904469853046,-4.801684472566977,3.5449035785963687,-6.1425664606651,4.885785566694492,0.0895,0.02,0.08223534142529339,0.0246101145801613,star_platt,star_platt,0.08223534142529339,0.0246101145801613,NA,NA,NA,2026-10-01 20:15:00,2026-10-01 15:08:52,2026-10-01 15:08:40,live
RB,00-0041125,Seth McGowan,IND,WAS,2026_04_IND_WAS,2026,4,NA,NA,15,20,8.584457214084898,-0.5896607210274154,-4.655624678973579,3.476303236918748,-5.96202144901814,4.78270000696331,0.0885,0.0235,0.08149548654296108,0.02791731102888547,star_platt,star_platt,0.08149548654296108,0.02791731102888547,NA,NA,NA,2026-10-04 09:30:00,2026-10-01 15:08:52,2026-10-01 15:08:40,live
RB,00-0038685,Chris Brooks,GB,TB,2026_04_GB_TB,2026,4,NA,NA,15,20,9.234175034384048,-1.1017440602461177,-5.3040503860662,3.1005622655739646,-6.6542540444287495,4.4507659239365145,0.086,0.0225,0.07963956868568195,0.02698403024064909,star_platt,star_platt,0.07963956868568195,0.02698403024064909,NA,NA,NA,2026-10-04 13:00:00,2026-10-01 15:08:52,2026-10-01 15:08:40,live
RB,00-0040466,Raheim Sanders,CLE,PIT,2026_04_PIT_CLE,2026,4,NA,NA,15,20,9.000458579152326,-0.7179934386891583,-4.871878947417713,3.435892070039396,-6.206524966877029,4.770538089498712,0.0845,0.019,0.07852158318829879,0.02364276137700072,star_platt,star_platt,0.07852158318829879,0.02364276137700072,NA,NA,NA,2026-10-01 20:15:00,2026-10-01 15:08:52,2026-10-01 15:08:40,live
RB,00-0037157,Bam Knight,ARI,NYG,2026_04_ARI_NYG,2026,4,NA,NA,15,20,8.605459370544974,-1.003166073302377,-5.0736240646415185,3.067291918036765,-6.381464770434105,4.3751326238293515,0.083,0.0195,0.07740016162811642,0.02412778780195284,star_platt,star_platt,0.07740016162811642,0.02412778780195284,NA,NA,NA,2026-10-04 13:00:00,2026-10-01 15:08:52,2026-10-01 15:08:40,live
RB,00-0041415,Dean Connors,LA,PHI,2026_04_LA_PHI,2026,4,NA,NA,15,20,8.607183964125388,-0.721671527921799,-4.792498280003907,3.349155224160309,-6.100457468854512,4.6571144130109134,0.082,0.021,0.07665059204464425,0.02556699914983386,star_platt,star_platt,0.07665059204464425,0.02556699914983386,NA,NA,NA,2026-10-04 13:00:00,2026-10-01 15:08:52,2026-10-01 15:08:40,live
RB,00-0037304,Connor Heyward,LV,KC,2026_04_KC_LV,2026,4,NA,NA,15,20,7.772434237386097,-0.1148678635127168,-4.002219089846765,3.772483362821331,-5.251227477190371,5.021491750164937,0.0805,0.0155,0.07552323292812718,0.02016382557962863,star_platt,star_platt,0.07552323292812718,0.02016382557962863,NA,NA,NA,2026-10-04 16:25:00,2026-10-01 15:08:52,2026-10-01 15:08:40,live
RB,00-0041096,Kaytron Allen,WAS,IND,2026_04_IND_WAS,2026,4,NA,NA,15,20,8.643308501998092,-0.6429409109386718,-4.721482696336429,3.435600874459086,-6.031920730230571,4.746038908353228,0.0805,0.0215,0.07552323292812718,0.02604171106345382,star_platt,star_platt,0.07552323292812718,0.02604171106345382,NA,NA,NA,2026-10-04 09:30:00,2026-10-01 15:08:52,2026-10-01 15:08:40,live
RB,00-0038951,Sean Tucker,TB,GB,2026_04_GB_TB,2026,4,NA,NA,15,20,9.087286190886031,-1.1321779590553165,-5.304131741138274,3.0397758230276413,-6.6445831081595985,4.3802271900489655,0.08,0.0195,0.0751466304784396,0.02412778780195284,star_platt,star_platt,0.0751466304784396,0.02412778780195284,NA,NA,NA,2026-10-04 13:00:00,2026-10-01 15:08:52,2026-10-01 15:08:40,live
RB,00-0036727,Adam Prentice,DEN,SF,2026_04_DEN_SF,2026,4,NA,NA,15,20,7.678462434856616,-0.3945437117370709,-4.260576667309361,3.4714892438352196,-5.502735480885431,4.71364805741129,0.079,0.02,0.07439217864743863,0.0246101145801613,star_platt,star_platt,0.07439217864743863,0.0246101145801613,NA,NA,NA,2026-10-04 16:25:00,2026-10-01 15:08:52,2026-10-01 15:08:40,live
RB,00-0035594,Travis Homer,PIT,CLE,2026_04_PIT_CLE,2026,4,NA,NA,15,20,8.460288904050913,-0.740661008437057,-4.779931531033125,3.2986095141590117,-6.077751683556372,4.596429666682258,0.0775,0.0215,0.0732573247835015,0.02604171106345382,star_platt,star_platt,0.0732573247835015,0.02604171106345382,NA,NA,NA,2026-10-01 20:15:00,2026-10-01 15:08:52,2026-10-01 15:08:40,live
RB,00-0037085,Tyler Badie,DEN,SF,2026_04_DEN_SF,2026,4,NA,NA,15,20,8.434792783394853,-0.32999544954066856,-4.363758359809519,3.7037674607281814,-5.659808913037406,4.999818013956068,0.0775,0.018,0.0732573247835015,0.02266425044821627,star_platt,star_platt,0.0732573247835015,0.02266425044821627,NA,NA,NA,2026-10-04 16:25:00,2026-10-01 15:08:52,2026-10-01 15:08:40,live
RB,00-0038488,Brady Russell,SEA,LAC,2026_04_LAC_SEA,2026,4,NA,NA,15,20,7.69661104931715,-0.1854877577047223,-4.055648966575591,3.684673451166146,-5.299134190525922,4.928158675116477,0.077,0.0175,0.07287817714280809,0.02217057270615393,star_platt,star_platt,0.07287817714280809,0.02217057270615393,NA,NA,NA,2026-10-04 16:25:00,2026-10-01 15:08:52,2026-10-01 15:08:40,live
RB,00-0041436,DJ Herman,MIA,MIN,2026_04_MIA_MIN,2026,4,NA,NA,15,20,8.707731900254634,-0.9256853537171909,-5.017942168499611,3.16657146106523,-6.332786849937731,4.481416142503349,0.077,0.0175,0.07287817714280809,0.02217057270615393,star_platt,star_platt,0.07287817714280809,0.02217057270615393,NA,NA,NA,2026-10-04 16:05:00,2026-10-01 15:08:52,2026-10-01 15:08:40,live
RB,00-0038794,Jaleel McLaughlin,CLE,PIT,2026_04_PIT_CLE,2026,4,NA,NA,15,20,8.718346925298682,-0.7489429301523328,-4.843454225111813,3.3455683648071477,-6.1590232724449345,4.6611374121402696,0.0735,0.019,0.07021163023428954,0.02364276137700072,star_platt,star_platt,0.07021163023428954,0.02364276137700072,NA,NA,NA,2026-10-01 20:15:00,2026-10-01 15:08:52,2026-10-01 15:08:40,live
RB,00-0041104,Demond Claiborne,MIN,MIA,2026_04_MIA_MIN,2026,4,NA,NA,15,20,8.487005794372518,-0.7447996972684303,-4.789831790816081,3.3002323962792204,-6.089503139699988,4.599903745163128,0.073,0.018,0.06982885475291312,0.02266425044821627,star_platt,star_platt,0.06982885475291312,0.02266425044821627,NA,NA,NA,2026-10-04 16:05:00,2026-10-01 15:08:52,2026-10-01 15:08:40,live
RB,00-0033376,Patrick Ricard,NYG,ARI,2026_04_ARI_NYG,2026,4,NA,Full Participation in Practice,15,20,7.9037855663852286,-0.6570106892197661,-4.573924729933265,3.2599033514937323,-5.832431668080123,4.518410289640591,0.0725,0.0195,0.06944560559487742,0.02412778780195284,star_platt,star_platt,0.06944560559487742,0.02412778780195284,NA,NA,NA,2026-10-04 13:00:00,2026-10-01 15:08:52,2026-10-01 15:08:40,live
RB,00-0040078,Brashard Smith,KC,LV,2026_04_KC_LV,2026,4,NA,NA,15,20,7.625808418130146,-0.7085334797264613,-4.562558914362026,3.1454919549091036,-5.800859703929467,4.383792744476544,0.071,0.01,0.0682929686143374,0.01431373258212719,star_platt,star_platt,0.0682929686143374,0.01431373258212719,NA,NA,NA,2026-10-04 16:25:00,2026-10-01 15:08:52,2026-10-01 15:08:40,live
RB,00-0038409,Lew Nichols III,PIT,CLE,2026_04_PIT_CLE,2026,4,NA,NA,15,20,8.460288904050913,-0.8298355039860386,-4.869106026582108,3.20943501861003,-6.166926179105354,4.507255171133276,0.0705,0.016,0.0679077769449322,0.02067055861659623,star_platt,star_platt,0.0679077769449322,0.02067055861659623,NA,NA,NA,2026-10-01 20:15:00,2026-10-01 15:08:52,2026-10-01 15:08:40,live
RB,00-0037557,Ronnie Rivers,LA,PHI,2026_04_LA_PHI,2026,4,NA,NA,15,20,8.514884931262024,-0.7515579677727606,-4.8025916880852275,3.2994757525397063,-6.104191363413162,4.601075427867641,0.07,0.0155,0.06752208733258755,0.02016382557962863,star_platt,star_platt,0.06752208733258755,0.02016382557962863,NA,NA,NA,2026-10-04 13:00:00,2026-10-01 15:08:52,2026-10-01 15:08:40,live
RB,00-0038705,Emari Demercado,DAL,HOU,2026_04_DAL_HOU,2026,4,NA,NA,15,20,8.34296939647577,-1.0903159899296349,-5.104167471522745,2.9235354916634755,-6.393820470227769,4.213188490368499,0.07,0.0165,0.06752208733258755,0.02117384320736757,star_platt,star_platt,0.06752208733258755,0.02117384320736757,NA,NA,NA,2026-10-04 13:00:00,2026-10-01 15:08:52,2026-10-01 15:08:40,live
RB,00-0039686,Colson Yankoff,WAS,IND,2026_04_IND_WAS,2026,4,NA,NA,15,20,7.662456109115933,-0.33674402522625063,-4.199131593318698,3.525643542866196,-5.440119141610943,4.766631091158441,0.07,0.0165,0.06752208733258755,0.02117384320736757,star_platt,star_platt,0.06752208733258755,0.02117384320736757,NA,NA,NA,2026-10-04 09:30:00,2026-10-01 15:08:52,2026-10-01 15:08:40,live
RB,00-0039798,Isaiah Davis,NYJ,CHI,2026_04_NYJ_CHI,2026,4,NA,NA,15,20,8.814404287295035,-0.6760881048390021,-4.790932596443945,3.4387563867659403,-6.113034712613152,4.760858502935148,0.07,0.0175,0.06752208733258755,0.02217057270615393,star_platt,star_platt,0.06752208733258755,0.02217057270615393,NA,NA,NA,2026-10-04 13:00:00,2026-10-01 15:08:52,2026-10-01 15:08:40,live
RB,00-0039391,Kimani Vidal,LAC,SEA,2026_04_LAC_SEA,2026,4,NA,NA,15,20,9.078594392588364,-1.1287268454438664,-5.298876192264047,3.0414225013763145,-6.638747793103619,4.381294102215886,0.0695,0.018,0.0671358946999048,0.02266425044821627,star_platt,star_platt,0.0671358946999048,0.02266425044821627,NA,NA,NA,2026-10-04 16:25:00,2026-10-01 15:08:52,2026-10-01 15:08:40,live
RB,00-0040568,Lan Larison,NE,BUF,2026_04_NE_BUF,2026,4,NA,NA,15,20,7.353753882874214,-0.40786264680946993,-4.199111099695756,3.3833858060768156,-5.417241605650591,4.601516312031651,0.0695,0.017,0.0671358946999048,0.02167380784111855,star_platt,star_platt,0.0671358946999048,0.02167380784111855,NA,NA,NA,2026-10-04 13:00:00,2026-10-01 15:08:52,2026-10-01 15:08:40,live
RB,00-0031595,Michael Burton,CLE,PIT,2026_04_PIT_CLE,2026,4,NA,NA,15,20,8.242005044376276,-0.7161924292252934,-4.70801120867805,3.2756263502274634,-5.9905850863654715,4.558200227914885,0.0685,0.017,0.06636197966853015,0.02167380784111855,star_platt,star_platt,0.06636197966853015,0.02167380784111855,NA,NA,NA,2026-10-01 20:15:00,2026-10-01 15:08:52,2026-10-01 15:08:40,live
RB,00-0038738,Hunter Luepke,DAL,HOU,2026_04_DAL_HOU,2026,4,NA,NA,15,20,8.118580039738772,-0.5720099225868915,-4.536692718321117,3.3926728731473332,-5.810547787418858,4.666527942245074,0.0675,0.0125,0.06558598962415449,0.01704252321281822,star_platt,star_platt,0.06558598962415449,0.01704252321281822,NA,NA,NA,2026-10-04 13:00:00,2026-10-01 15:08:52,2026-10-01 15:08:40,live
RB,00-0039738,Blake Corum,LA,PHI,2026_04_LA_PHI,2026,4,NA,NA,15,20,11.378399633990863,-0.8126348983046453,-5.430948864081482,3.805679067472191,-6.914816038100941,5.289546241491651,0.168,0.051,0.06530834344409141,0,star_platt,star_platt,0.1373083434440914,0.05121579577899142,role_change_down,0.72,"Blurb explicitly notes Corum is receiving nearly equal touches to the lead back Williams, suggesting a developing committee split that could reduce Williams' standalone value and increase Corum's opportunity.",2026-10-04 13:00:00,2026-10-01 15:08:52,2026-10-01 15:08:40,live
RB,00-0039384,Tyrone Tracy Jr.,NYG,ARI,2026_04_ARI_NYG,2026,4,NA,Did Not Participate In Practice,15,20,8.290808802440994,-0.8140100026979317,-4.816497219256188,3.1884772138603252,-6.102498872477333,4.47447886708147,0.067,0.013,0.06519720290887374,0.01757323592880743,star_platt,star_platt,0.06519720290887374,0.01757323592880743,NA,NA,NA,2026-10-04 13:00:00,2026-10-01 15:08:52,2026-10-01 15:08:40,live
RB,00-0032104,Ameer Abdullah,JAX,CIN,2026_04_JAX_CIN,2026,4,NA,NA,15,20,8.053599999465309,-0.5411376457231712,-4.491443182757513,3.409167891311171,-5.760678829616915,4.678403538170573,0.0645,0.0145,0.06324512650400901,0.01913945341492905,star_platt,star_platt,0.06324512650400901,0.01913945341492905,NA,NA,NA,2026-10-04 13:00:00,2026-10-01 15:08:52,2026-10-01 15:08:40,live
RB,00-0036187,Reggie Gilliam,NE,BUF,2026_04_NE_BUF,2026,4,NA,Limited Participation in Practice,15,20,7.663434142944528,-0.39396770467201014,-4.256578136333702,3.4686427269896813,-5.497637290830536,4.709701881486515,0.0615,0.013,0.06088393077118446,0.01757323592880743,star_platt,star_platt,0.06088393077118446,0.01757323592880743,NA,NA,NA,2026-10-04 13:00:00,2026-10-01 15:08:52,2026-10-01 15:08:40,live
RB,00-0040886,Nicholas Singleton,TEN,BAL,2026_04_TEN_BAL,2026,4,NA,NA,15,20,8.45944844791032,-1.0997698244705478,-5.1388589387633274,2.9393192898222313,-6.43662080468494,4.2370811557438435,0.058,0.013,0.05810164166936166,0.01757323592880743,star_platt,star_platt,0.05810164166936166,0.01757323592880743,NA,NA,NA,2026-10-04 13:00:00,2026-10-01 15:08:52,2026-10-01 15:08:40,live
RB,00-0040238,LeQuint Allen Jr.,JAX,CIN,2026_04_JAX_CIN,2026,4,NA,Limited Participation in Practice,15,20,7.615212627083168,-1.1216174378502777,-4.97322106277047,2.7299861870699154,-6.210743723357293,3.967508847656738,0.056,0.0125,0.05649754464622564,0.01704252321281822,star_platt,star_platt,0.05649754464622564,0.01704252321281822,NA,NA,NA,2026-10-04 13:00:00,2026-10-01 15:08:52,2026-10-01 15:08:40,live
RB,00-0037594,Julius Chestnut,TEN,BAL,2026_04_TEN_BAL,2026,4,NA,NA,15,20,8.649031227562704,-1.837608956618605,-5.917371308962746,2.2421533957255373,-7.2282015117823555,3.5529835985451457,0.054,0.013,0.05488247765615567,0.01757323592880743,star_platt,star_platt,0.05488247765615567,0.01757323592880743,NA,NA,NA,2026-10-04 13:00:00,2026-10-01 15:08:52,2026-10-01 15:08:40,live
RB,00-0035125,Alec Ingold,LAC,SEA,2026_04_LAC_SEA,2026,4,NA,NA,15,20,7.310599043022087,-0.7685939389689109,-4.54976808938568,3.012580211447858,-5.764661715638002,4.22747383770018,0.052,0.013,0.05325588867205772,0.01757323592880743,star_platt,star_platt,0.05325588867205772,0.01757323592880743,NA,NA,NA,2026-10-04 16:25:00,2026-10-01 15:08:52,2026-10-01 15:08:40,live
RB,00-0039746,Will Shipley,PHI,LA,2026_04_LA_PHI,2026,4,NA,Did Not Participate In Practice,15,20,7.667782260626857,-1.0228781725070502,-4.886479216697842,2.8407228716837416,-6.127856655621632,4.082100310607532,0.0405,0.008,0.04364597127458295,0.01202128481681274,star_platt,star_platt,0.04364597127458295,0.01202128481681274,NA,NA,NA,2026-10-04 13:00:00,2026-10-01 15:08:52,2026-10-01 15:08:40,live
RB,00-0037263,Tyler Allgeier,ARI,NYG,2026_04_ARI_NYG,2026,4,NA,NA,15,20,11.3782287165838,-0.999407193612422,-5.6176897974510975,3.618875410226254,-7.101546894860155,5.102732507635311,0.1465,0.0425,0.03766006028328128,0,star_platt,star_platt,0.12266006028328127,0.04438937310790755,role_change_down,0.85,"Rookie RB Jeremiah Love took snaps ahead of Allgeier for the first time this season, signaling a potential shift in the Cardinals' backfield opportunity distribution.",2026-10-04 13:00:00,2026-10-01 15:08:52,2026-10-01 15:08:40,live
RB,00-0037120,Tyler Goodson,DAL,HOU,2026_04_DAL_HOU,2026,4,NA,NA,15,20,9.731121788053091,-1.150029792574052,-5.453107164358128,3.153047579210023,-6.835688622997067,4.535629037848961,0.1085,0.0225,0.02405167652242337,0,star_platt,star_platt,0.09605167652242336,0.02698403024064909,role_change_down,0.72,"Cowboys added RB depth with Goodson signing, potentially reducing carries for Elliott in a crowded backfield.",2026-10-04 13:00:00,2026-10-01 15:08:52,2026-10-01 15:08:40,live
RB,00-0036425,DeeJay Dallas,MIN,MIA,2026_04_MIA_MIN,2026,4,NA,NA,15,20,8.93804282435999,-0.47559739609858,-4.616435506467302,3.6652407142701415,-5.946889388649685,4.995694596452525,0.095,0.024,0,0,star_platt,star_platt,0.0862801722140056,0.02838071342462161,role_change_down,0.95,"Aaron Jones Sr. cleared to play and will render Dallas irrelevant, indicating reduced opportunity/role in the backfield committee.",2026-10-04 16:05:00,2026-10-01 15:08:52,2026-10-01 15:08:40,live
TE,00-0040128,Tyler Warren,IND,WAS,2026_04_IND_WAS,2026,4,NA,NA,12,17,7.353652487925901,1.7231080365571794,-2.9104072001935553,7.008058027140426,-4.875929453077019,8.540034295798723,0.5155,0.2525,0.6201269790063881,0.3590057939698426,platt_vol_vegas,platt,0.5351269790063882,0.2740057939698426,role_change_up,0.85,"Impact note explicitly states Warren should continue seeing plenty of targets with Alec Pierce out, indicating increased opportunity in the Colts' offense.",2026-10-04 09:30:00,2026-10-01 15:08:52,2026-10-01 15:08:40,live
TE,00-0037744,Trey McBride,ARI,NYG,2026_04_ARI_NYG,2026,4,NA,NA,12,17,8.08829599460351,2.0614280517161623,-2.8352983471338264,7.646594564223127,-4.912473927972286,9.265596176142148,0.6125,0.343,0.605542092201659,0.3701087009239312,platt_vol_vegas,platt,0.605542092201659,0.3701087009239312,NA,NA,NA,2026-10-04 13:00:00,2026-10-01 15:08:52,2026-10-01 15:08:40,live
TE,00-0039338,Brock Bowers,LV,KC,2026_04_KC_LV,2026,4,NA,NA,12,17,7.95608513200416,1.4540899949838393,-3.3960323977280247,6.986100355149424,-5.4534387091333185,8.589693313426446,0.5315,0.271,0.562402482164614,0.2937946834525719,platt_vol_vegas,platt,0.562402482164614,0.2937946834525719,NA,NA,NA,2026-10-04 16:25:00,2026-10-01 15:08:52,2026-10-01 15:08:40,live
TE,00-0033288,George Kittle,SF,DEN,2026_04_DEN_SF,2026,4,NA,NA,12,17,6.798520379506658,2.531155845837703,-1.896062469441557,7.580805236880335,-3.774074232095603,9.044573682354006,0.547,0.27,0.5476514048733343,0.3777268205493056,platt_vol_vegas,platt,0.46265140487333434,0.2927268205493056,role_change_up,0.85,"Tonges' IR placement directly increases target/snap opportunity for Kittle at tight end, with explicit mention of elevated involvement expected in Week 2.",2026-10-04 16:25:00,2026-10-01 15:08:52,2026-10-01 15:08:40,live
TE,00-0038933,Dalton Kincaid,BUF,NE,2026_04_NE_BUF,2026,4,NA,NA,12,17,6.879759349601094,2.663555491808043,-1.7942827995442254,7.748129779822026,-3.685283457514058,9.22202208899181,0.569,0.2905,0.49515692430245406,0.31457572536079054,platt_vol_vegas,platt,0.49515692430245406,0.31457572536079054,NA,NA,NA,2026-10-04 13:00:00,2026-10-01 15:08:52,2026-10-01 15:08:40,live
TE,00-0040663,Harold Fannin Jr.,CLE,PIT,2026_04_PIT_CLE,2026,4,NA,NA,12,17,7.646846619615609,1.1851834883305628,-3.5546454279770714,6.591394001662649,-5.565265601613579,8.15852069624878,0.491,0.2315,0.4624151944798446,0.2514594282463579,platt_vol_vegas,platt,0.4624151944798446,0.2514594282463579,NA,NA,NA,2026-10-01 20:15:00,2026-10-01 15:08:52,2026-10-01 15:08:40,live
TE,00-0039065,Sam LaPorta,DET,CAR,2026_04_DET_CAR,2026,4,NA,NA,12,17,6.291463303480337,2.8085837861846814,-1.4239305958940491,7.636155446312966,-3.2193495766372404,9.035549051123157,0.524,0.233,0.4311047955554486,0.25307273365868294,platt_vol_vegas,platt,0.4311047955554486,0.25307273365868294,NA,NA,NA,2026-10-04 20:20:00,2026-10-01 15:08:52,2026-10-01 15:08:40,live
TE,00-0030506,Travis Kelce,KC,LV,2026_04_KC_LV,2026,4,NA,NA,12,17,6.445420879412838,1.906114583319383,-2.3861921321315487,6.801884895129229,-4.206974828280865,8.221047602034385,0.4525,0.198,0.41793149334367646,0.21532035732362717,platt_vol_vegas,platt,0.41793149334367646,0.21532035732362717,NA,NA,NA,2026-10-04 16:25:00,2026-10-01 15:08:52,2026-10-01 15:08:40,live
TE,00-0034753,Mark Andrews,BAL,TEN,2026_04_TEN_BAL,2026,4,NA,Full Participation in Practice,12,17,6.513315837326957,1.7493561435631777,-2.569128114343309,6.674984348502774,-4.401015239763537,8.102802120032651,0.4505,0.1905,0.4099351042493403,0.20720235592278233,platt_vol_vegas,platt,0.4099351042493403,0.20720235592278233,NA,NA,NA,2026-10-04 13:00:00,2026-10-01 15:08:52,2026-10-01 15:08:40,live
TE,00-0034383,Dalton Schultz,HOU,DAL,2026_04_DAL_HOU,2026,4,NA,Limited Participation in Practice,12,17,6.201451541421842,1.264496450684998,-2.9327755399759683,6.051870924298352,-4.713244811688954,7.4396123590941725,0.372,0.151,0.38630071495956586,0.16430153306356798,platt_vol_vegas,platt,0.38630071495956586,0.16430153306356798,NA,NA,NA,2026-10-04 13:00:00,2026-10-01 15:08:52,2026-10-01 15:08:40,live
TE,00-0034829,Mike Gesicki,CIN,JAX,2026_04_JAX_CIN,2026,4,NA,NA,12,17,5.898455735553319,1.5599988325913343,-2.5170316192233435,6.21022677983672,-4.246494817092259,7.558212829227001,0.38,0.1485,0.37152693961717936,0.16157879297761965,platt_vol_vegas,platt,0.37152693961717936,0.16157879297761965,NA,NA,NA,2026-10-04 13:00:00,2026-10-01 15:08:52,2026-10-01 15:08:40,live
TE,00-0036040,Juwan Johnson,NO,ATL,2026_04_ATL_NO,2026,4,NA,NA,12,17,6.0559062452131265,1.298792811786804,-2.841036030134815,6.020648094704245,-4.59713810300331,7.38939713686311,0.373,0.1445,0.3590950176381867,0.1572207532270141,platt_vol_vegas,platt,0.3590950176381867,0.1572207532270141,NA,NA,NA,2026-10-05 20:15:00,2026-10-01 15:08:52,2026-10-01 15:08:40,live
TE,00-0038996,Tucker Kraft,GB,TB,2026_04_GB_TB,2026,4,NA,NA,12,17,5.760151681578865,1.228839965981453,-2.7924456295303113,5.815485781143523,-4.498262038741206,7.145040943271693,0.3155,0.116,0.3472964686097893,0.21111751651032556,platt_vol_vegas,platt,0.2622964686097893,0.12611751651032554,role_change_up,0.85,"Kraft hit a season-high eight targets, establishing increased volume opportunity in the Packers' passing game.",2026-10-04 13:00:00,2026-10-01 15:08:52,2026-10-01 15:08:40,live
TE,00-0037838,Isaiah Likely,NYG,ARI,2026_04_ARI_NYG,2026,4,NA,NA,12,17,6.371918835105441,0.7682242107278751,-3.4956122693256626,5.631521602388033,-5.30431798323597,7.041271213023217,0.36,0.1475,0.3450207368551184,0.16048947208864606,platt_vol_vegas,platt,0.3450207368551184,0.16048947208864606,NA,NA,NA,2026-10-04 13:00:00,2026-10-01 15:08:52,2026-10-01 15:08:40,live
TE,00-0035229,T.J. Hockenson,MIN,MIA,2026_04_MIA_MIN,2026,4,NA,NA,12,17,5.445130671591098,1.044585361783548,-2.8475880220127214,5.4839668328731275,-4.498635446494052,6.770833704527296,0.2795,0.09,0.3334155714148405,0.18268431652547976,platt_vol_vegas,platt,0.2484155714148405,0.09768431652547978,role_change_up,0.85,Josh Oliver's IR placement increases snap and target share for the Vikings' remaining tight end.,2026-10-04 16:05:00,2026-10-01 15:08:52,2026-10-01 15:08:40,live
TE,00-0031610,Darren Waller,CAR,DET,2026_04_DET_CAR,2026,4,NA,Did Not Participate In Practice,12,17,5.794738320594642,0.5648751886273923,-3.470403109180094,5.167480966816986,-5.182155177676637,6.501662527425821,0.29,0.106,0.31909607932663725,0.11518638695848704,platt_vol_vegas,platt,0.31909607932663725,0.11518638695848704,NA,NA,NA,2026-10-04 20:20:00,2026-10-01 15:08:52,2026-10-01 15:08:40,live
TE,00-0038935,Brenton Strange,JAX,CIN,2026_04_JAX_CIN,2026,4,NA,NA,12,17,5.644376131607363,1.170755631302384,-2.8034320203507828,5.703681912755412,-4.489269633336967,7.0176651109194434,0.3195,0.111,0.3112060224776211,0.12065286925357484,platt_vol_vegas,platt,0.3112060224776211,0.12065286925357484,NA,NA,NA,2026-10-04 13:00:00,2026-10-01 15:08:52,2026-10-01 15:08:40,live
TE,00-0033110,Tyler Higbee,LA,PHI,2026_04_LA_PHI,2026,4,NA,NA,12,17,4.986988091209403,1.0515358494397855,-2.6471240432025915,5.270197398181884,-4.216083667458435,6.493083024288046,0.2585,0.0825,0.30076661501195734,0.17447733785259045,platt_vol_vegas,platt,0.21576661501195735,0.08947733785259043,role_change_up,0.85,"Higbee's opportunity increased with Terrance Ferguson injured, and his role may expand further depending on Puka Nacua's health status going forward.",2026-10-04 13:00:00,2026-10-01 15:08:52,2026-10-01 15:08:40,live
TE,00-0033090,Hunter Henry,NE,BUF,2026_04_NE_BUF,2026,4,NA,NA,12,17,5.93113380027102,0.951798298482454,-3.1383229579548546,5.616957511566435,-4.87333923301878,6.969271765569155,0.315,0.0995,0.2918378030161122,0.10807762304453104,platt_vol_vegas,platt,0.2918378030161122,0.10807762304453104,NA,NA,NA,2026-10-04 13:00:00,2026-10-01 15:08:52,2026-10-01 15:08:40,live
TE,00-0039793,AJ Barner,SEA,LAC,2026_04_LAC_SEA,2026,4,NA,NA,12,17,5.630981324063451,1.4182704196081204,-2.5504421109106223,5.944951822192874,-4.233957195130399,7.257124784452328,0.337,0.107,0.28651161867637787,0.11627981872771467,platt_vol_vegas,platt,0.28651161867637787,0.11627981872771467,NA,NA,NA,2026-10-04 16:25:00,2026-10-01 15:08:52,2026-10-01 15:08:40,live
TE,00-0039066,Michael Mayer,LV,KC,2026_04_KC_LV,2026,4,NA,NA,12,17,5.715807734628472,1.084898369614646,-2.918395311312277,5.651022752568712,-4.616579608253852,6.974629259137689,0.3125,0.0965,0.2762740538927979,0.10479591199092415,platt_vol_vegas,platt,0.2762740538927979,0.10479591199092415,NA,NA,NA,2026-10-04 16:25:00,2026-10-01 15:08:52,2026-10-01 15:08:40,live
TE,00-0040126,Colston Loveland,CHI,NYJ,2026_04_NYJ_CHI,2026,4,NA,NA,12,17,5.526498840040122,1.425824481036719,-2.499991700691602,5.903578655253283,-4.165310291793953,7.201568824319831,0.3365,0.1205,0.2722256652340589,0.13103394249384007,platt_vol_vegas,platt,0.2722256652340589,0.13103394249384007,NA,NA,NA,2026-10-04 13:00:00,2026-10-01 15:08:52,2026-10-01 15:08:40,live
TE,00-0038041,Jake Ferguson,DAL,HOU,2026_04_DAL_HOU,2026,4,NA,NA,12,17,5.533013917077899,0.7936496167772394,-3.1348512933575488,5.2744659704928445,-4.801308737610528,6.573343789647144,0.2655,0.079,0.2721514689703907,0.085647269927866,platt_vol_vegas,platt,0.2721514689703907,0.085647269927866,NA,NA,NA,2026-10-04 13:00:00,2026-10-01 15:08:52,2026-10-01 15:08:40,live
TE,00-0038046,Charlie Kolar,LAC,SEA,2026_04_LAC_SEA,2026,4,NA,Did Not Participate In Practice,12,17,5.242272809809834,0.6972137066017496,-3.1101535199216297,5.039865960848381,-4.725226445392076,6.298693425326826,0.25,0.0745,0.2703304470830522,0.16572306841371473,platt_vol_vegas,platt,0.1853304470830522,0.08072306841371472,role_change_up,0.85,Kolar's 4-week absence creates meaningful snap and target opportunity for backup TEs (likely Tre' McKitty or practice squad options).,2026-10-04 16:25:00,2026-10-01 15:08:52,2026-10-01 15:08:40,live
TE,00-0038129,Cade Otton,TB,GB,2026_04_GB_TB,2026,4,NA,NA,12,17,6.137687553006576,0.8675666295164867,-3.30460971718573,5.626317214672212,-5.074433497488623,7.005761292272233,0.3265,0.114,0.26758359458065895,0.12393189270882923,platt_vol_vegas,platt,0.26758359458065895,0.12393189270882923,NA,NA,NA,2026-10-04 13:00:00,2026-10-01 15:08:52,2026-10-01 15:08:40,live
TE,00-0030061,Zach Ertz,PHI,LA,2026_04_LA_PHI,2026,4,NA,NA,12,17,4.713638034201618,0.5690531145399936,-3.010583003672672,4.651957109155088,-4.5290531258312186,5.835489978549409,0.1745,0.048,0.2522017971949098,0.1367493467846333,platt_vol_vegas,platt,0.16720179719490982,0.0517493467846333,role_change_up,0.85,"Ertz signed to practice squad and elevated to starter role with Goedert sidelined for weeks, implying increased target share and snap opportunity.",2026-10-04 13:00:00,2026-10-01 15:08:52,2026-10-01 15:08:40,live
TE,00-0041032,Kenyon Sadiq,NYJ,CHI,2026_04_NYJ_CHI,2026,4,NA,Limited Participation in Practice,12,17,5.493081643196574,0.7216720736380632,-3.1903526363294596,5.183695806747138,-4.84982092949152,6.477126110059962,0.2775,0.0825,0.2338197283721764,0.08947733785259043,platt_vol_vegas,platt,0.2338197283721764,0.08947733785259043,NA,NA,NA,2026-10-04 13:00:00,2026-10-01 15:08:52,2026-10-01 15:08:40,live
TE,00-0034351,Dallas Goedert,PHI,LA,2026_04_LA_PHI,2026,4,NA,Did Not Participate In Practice,12,17,5.419244019719246,0.8075603752221437,-3.0738656390329613,5.234683483566982,-4.720354063939719,6.5179969590961155,0.2765,0.084,0.2300284803862979,0.09111879081751575,platt_vol_vegas,platt,0.2300284803862979,0.09111879081751575,NA,NA,NA,2026-10-04 13:00:00,2026-10-01 15:08:52,2026-10-01 15:08:40,live
TE,00-0040189,Oronde Gadsden II,LAC,SEA,2026_04_LAC_SEA,2026,4,NA,NA,12,17,4.501257462364965,0.3182129393299416,-3.1669338976588484,4.293343224266998,-4.645321970786576,5.445635161219913,0.159,0.041,0.2226407057498792,0.13611163334672657,platt_vol_vegas,platt,0.13064070574987918,0.04411163334672653,role_change_up,0.92,"With both Njoku and Kolar on IR, Gadsden becomes the only healthy tight end and will see a significant increase in snaps and targets.",2026-10-04 16:25:00,2026-10-01 15:08:52,2026-10-01 15:08:40,live
TE,00-0035644,Noah Fant,NO,ATL,2026_04_ATL_NO,2026,4,NA,NA,12,17,4.807189364324148,0.9094064420441778,-2.711282685063818,5.0391351664570605,-4.247167361488119,6.236241366718157,0.2245,0.062,0.21987737552643288,0.06704857451201103,platt_vol_vegas,platt,0.21987737552643288,0.06704857451201103,NA,NA,NA,2026-10-05 20:15:00,2026-10-01 15:08:52,2026-10-01 15:08:40,live
TE,00-0040737,Terrance Ferguson,LA,PHI,2026_04_LA_PHI,2026,4,NA,Did Not Participate In Practice,12,17,4.9620412200758865,1.1164490395280493,-2.5714638520653805,5.322852645824649,-4.135864633059864,6.542184997640128,0.255,0.078,0.21342004939769105,0.08455297699520203,platt_vol_vegas,platt,0.21342004939769105,0.08455297699520203,NA,NA,NA,2026-10-04 13:00:00,2026-10-01 15:08:52,2026-10-01 15:08:40,live
TE,00-0040736,Mason Taylor,NYJ,CHI,2026_04_NYJ_CHI,2026,4,NA,Did Not Participate In Practice,12,17,5.265873593753089,0.8824243000397924,-2.9348793531868083,5.236409962191315,-4.554167278889567,6.498522701267297,0.2515,0.084,0.212149420147505,0.09111879081751575,platt_vol_vegas,platt,0.212149420147505,0.09111879081751575,NA,NA,NA,2026-10-04 13:00:00,2026-10-01 15:08:52,2026-10-01 15:08:40,live
TE,00-0033881,Evan Engram,DEN,SF,2026_04_DEN_SF,2026,4,NA,NA,12,17,4.954710804988591,0.5046046142214522,-3.1801460585793766,4.707401419347824,-4.743205436537987,5.925688248725361,0.2025,0.048,0.208090080999974,0.0517493467846333,platt_vol_vegas,platt,0.208090080999974,0.0517493467846333,NA,NA,NA,2026-10-04 16:25:00,2026-10-01 15:08:52,2026-10-01 15:08:40,live
TE,00-0037005,Tommy Tremble,CAR,DET,2026_04_DET_CAR,2026,4,NA,NA,12,17,4.730592269715794,0.7715128479349754,-2.8155884759759826,4.862931595770684,-4.337225314368884,6.048932681494527,0.193,0.056,0.20758244586502883,0.06048880220568398,platt_vol_vegas,platt,0.20758244586502883,0.06048880220568398,NA,NA,NA,2026-10-04 20:20:00,2026-10-01 15:08:52,2026-10-01 15:08:40,live
TE,00-0036556,Brevin Jordan,HOU,DAL,2026_04_DAL_HOU,2026,4,NA,NA,12,17,4.540761029956193,0.6688501991763152,-2.834011366776612,4.664185760645029,-4.319913970925333,5.822334707447297,0.1805,0.043,0.20129541238302187,0.04629275136441496,platt_vol_vegas,platt,0.20129541238302187,0.04629275136441496,NA,NA,NA,2026-10-04 13:00:00,2026-10-01 15:08:52,2026-10-01 15:08:40,live
TE,00-0039824,Jared Wiley,KC,LV,2026_04_KC_LV,2026,4,NA,NA,12,17,4.468464678148871,0.7906755986396737,-2.6797162222989432,4.7489764316485426,-4.1518452650994915,5.896389926797005,0.1905,0.0515,0.19390848206803665,0.05557169491281011,platt_vol_vegas,platt,0.19390848206803665,0.05557169491281011,NA,NA,NA,2026-10-04 16:25:00,2026-10-01 15:08:52,2026-10-01 15:08:40,live
TE,00-0041116,Jack Endries,CIN,JAX,2026_04_JAX_CIN,2026,4,NA,NA,12,17,4.245372443763391,1.4808151101678422,-1.8879636023457689,5.3232168538299245,-3.3169886915410927,6.437034069968226,0.216,0.0515,0.193470487427031,0.05557169491281011,platt_vol_vegas,platt,0.193470487427031,0.05557169491281011,NA,NA,NA,2026-10-04 13:00:00,2026-10-01 15:08:52,2026-10-01 15:08:40,live
TE,00-0036894,Pat Freiermuth,PIT,CLE,2026_04_PIT_CLE,2026,4,NA,NA,12,17,5.064597766077535,0.7753280449929744,-2.9566223092475443,5.031960424890252,-4.539703640185373,6.265852855665258,0.224,0.067,0.19241957173220667,0.07251737163271205,platt_vol_vegas,platt,0.19241957173220667,0.07251737163271205,NA,NA,NA,2026-10-01 20:15:00,2026-10-01 15:08:52,2026-10-01 15:08:40,live
TE,00-0037809,Chig Okonkwo,WAS,IND,2026_04_IND_WAS,2026,4,NA,Limited Participation in Practice,12,17,4.773232141169197,0.8807742467297219,-2.725052579244661,4.993551150716259,-4.254632715354629,6.185743437572311,0.233,0.0565,0.19158919576990055,0.06103530631949193,platt_vol_vegas,platt,0.19158919576990055,0.06103530631949193,NA,NA,NA,2026-10-04 09:30:00,2026-10-01 15:08:52,2026-10-01 15:08:40,live
TE,00-0034270,Tyler Conklin,DET,CAR,2026_04_DET_CAR,2026,4,NA,NA,12,17,4.18941932100166,1.406536400352213,-1.936408020657115,5.21947176014242,-3.3544742865304817,6.324747400505107,0.2075,0.054,0.19076252963312704,0.05830308906284837,platt_vol_vegas,platt,0.19076252963312704,0.05830308906284837,NA,NA,NA,2026-10-04 20:20:00,2026-10-01 15:08:52,2026-10-01 15:08:40,live
TE,00-0039356,Ja'Tavion Sanders,CAR,DET,2026_04_DET_CAR,2026,4,NA,NA,12,17,4.513377143872239,0.5164452311905303,-2.9741433934156154,4.497782375055985,-4.454839855339078,5.651873526873404,0.1745,0.055,0.1886223379438347,0.05939588329461221,platt_vol_vegas,platt,0.1886223379438347,0.05939588329461221,NA,NA,NA,2026-10-04 20:20:00,2026-10-01 15:08:52,2026-10-01 15:08:40,live
TE,00-0040363,Keleki Latu,BUF,NE,2026_04_NE_BUF,2026,4,NA,NA,12,17,4.249579438878598,1.2138966913111469,-2.156818651559898,5.058507339890193,-3.5866652531208123,6.172964862922322,0.198,0.053,0.186258771806716,0.05721042642175668,platt_vol_vegas,platt,0.186258771806716,0.05721042642175668,NA,NA,NA,2026-10-04 13:00:00,2026-10-01 15:08:52,2026-10-01 15:08:40,live
TE,00-0032392,Austin Hooper,ATL,NO,2026_04_ATL_NO,2026,4,NA,NA,12,17,4.632060575260645,1.06622203327251,-2.4773355572632267,5.10797515112041,-3.9805012840810985,6.279579399287634,0.2225,0.0565,0.1852222378087123,0.06103530631949193,platt_vol_vegas,platt,0.1852222378087123,0.06103530631949193,NA,NA,NA,2026-10-05 20:15:00,2026-10-01 15:08:52,2026-10-01 15:08:40,live
TE,00-0034613,Tanner Hudson,CIN,JAX,2026_04_JAX_CIN,2026,4,NA,NA,12,17,4.147205447557777,1.4556475105187898,-1.867710234481902,5.246242466123773,-3.277467895421881,6.345042175946914,0.207,0.057,0.18520112985206055,0.06158183911511638,platt_vol_vegas,platt,0.18520112985206055,0.06158183911511638,NA,NA,NA,2026-10-04 13:00:00,2026-10-01 15:08:52,2026-10-01 15:08:40,live
TE,00-0039814,Erick All,CIN,JAX,2026_04_JAX_CIN,2026,4,NA,NA,12,17,4.141480564573437,0.9883105509989404,-2.332384493139731,4.775868451543858,-3.7410126449425514,5.873787794232604,0.187,0.0575,0.1838070233977948,0.06212839979150592,platt_vol_vegas,platt,0.1838070233977948,0.06212839979150592,NA,NA,NA,2026-10-04 13:00:00,2026-10-01 15:08:52,2026-10-01 15:08:40,live
TE,00-0040584,Gunnar Helm,TEN,BAL,2026_04_TEN_BAL,2026,4,NA,NA,12,17,5.513936735173172,0.7642967071955511,-3.1563391378381516,5.236142231290864,-4.819460246784851,6.53241962884932,0.267,0.0925,0.18364492599545101,0.100419714074119,platt_vol_vegas,platt,0.18364492599545101,0.100419714074119,NA,NA,NA,2026-10-04 13:00:00,2026-10-01 15:08:52,2026-10-01 15:08:40,live
TE,00-0041084,Tanner Koziol,JAX,CIN,2026_04_JAX_CIN,2026,4,NA,NA,12,17,4.28613855818078,1.0160884958391598,-2.37142256206686,4.879856201097742,-3.808393851897383,5.999866880973868,0.189,0.051,0.1768673616074346,0.05502552478614835,platt_vol_vegas,platt,0.1768673616074346,0.05502552478614835,NA,NA,NA,2026-10-04 13:00:00,2026-10-01 15:08:52,2026-10-01 15:08:40,live
TE,00-0039518,Treyton Welch,NO,ATL,2026_04_ATL_NO,2026,4,NA,NA,12,17,4.294271829275802,1.135355856418076,-2.255883539286031,5.003376073604235,-3.694436378012797,6.1246194514939365,0.206,0.055,0.1766282485035827,0.05939588329461221,platt_vol_vegas,platt,0.1766282485035827,0.05939588329461221,NA,NA,NA,2026-10-05 20:15:00,2026-10-01 15:08:52,2026-10-01 15:08:40,live
TE,00-0035689,Dawson Knox,BUF,NE,2026_04_NE_BUF,2026,4,NA,NA,12,17,4.146744116080806,0.704171653404344,-2.6189715788496755,4.494521937506034,-4.0286382441728135,5.5932507231128,0.1595,0.0285,0.17636033939862253,0.03050670342925691,platt_vol_vegas,platt,0.17636033939862253,0.03050670342925691,NA,NA,NA,2026-10-04 13:00:00,2026-10-01 15:08:52,2026-10-01 15:08:40,live
TE,00-0036244,Colby Parkinson,LA,PHI,2026_04_LA_PHI,2026,4,NA,Did Not Participate In Practice,12,17,4.518722597558657,0.7721926268557976,-2.720794179209237,4.7562651170902575,-4.202507941990266,5.911149178155889,0.1985,0.057,0.17483659440126423,0.06158183911511638,platt_vol_vegas,platt,0.17483659440126423,0.06158183911511638,NA,NA,NA,2026-10-04 13:00:00,2026-10-01 15:08:52,2026-10-01 15:08:40,live
TE,00-0036637,Noah Gray,KC,LV,2026_04_KC_LV,2026,4,NA,NA,12,17,4.222170332269023,0.8354725333952805,-2.5226109106079924,4.665675340326849,-3.94709910131836,5.775956386471617,0.191,0.0495,0.1746362609091744,0.05338724910356462,platt_vol_vegas,platt,0.1746362609091744,0.05338724910356462,NA,NA,NA,2026-10-04 16:25:00,2026-10-01 15:08:52,2026-10-01 15:08:40,live
TE,00-0039847,Theo Johnson,NYG,ARI,2026_04_ARI_NYG,2026,4,NA,NA,12,17,4.715258172362139,0.13204243665931284,-3.448307539355921,4.215760651708395,-4.96708047769714,5.3995295434651895,0.17,0.04,0.17432709113155986,0.04302144332118553,platt_vol_vegas,platt,0.17432709113155986,0.04302144332118553,NA,NA,NA,2026-10-04 13:00:00,2026-10-01 15:08:52,2026-10-01 15:08:40,live
TE,00-0037252,Greg Dulcich,MIA,MIN,2026_04_MIA_MIN,2026,4,NA,NA,12,17,5.594417811776961,0.4356735895747488,-3.5180657254492154,4.945276663710188,-5.195229219839573,6.2524990410181625,0.237,0.0705,0.17406539563441195,0.07634641321737823,platt_vol_vegas,platt,0.17406539563441195,0.07634641321737823,NA,NA,NA,2026-10-04 16:05:00,2026-10-01 15:08:52,2026-10-01 15:08:40,live
TE,00-0040194,Jackson Hawes,BUF,NE,2026_04_NE_BUF,2026,4,NA,NA,12,17,4.02790076521669,1.8812927120416305,-1.386251728421845,5.608227464061047,-2.772333565183076,6.6885736556248245,0.2285,0.0555,0.17063984820726302,0.05994232758805185,platt_vol_vegas,platt,0.17063984820726302,0.05994232758805185,NA,NA,NA,2026-10-04 13:00:00,2026-10-01 15:08:52,2026-10-01 15:08:40,live
TE,00-0035631,Drew Sample,CIN,JAX,2026_04_JAX_CIN,2026,4,NA,NA,12,17,3.9866921369656985,0.7783588901093136,-2.4697464886996316,4.483121605681495,-3.8475823380614673,5.557040672348061,0.138,0.0385,0.169455841337662,0.04138665329369701,platt_vol_vegas,platt,0.169455841337662,0.04138665329369701,NA,NA,NA,2026-10-04 13:00:00,2026-10-01 15:08:52,2026-10-01 15:08:40,live
TE,00-0036825,Feleipe Franks,CAR,DET,2026_04_DET_CAR,2026,4,NA,NA,12,17,4.257486065976782,0.9164108694325852,-2.4579420005702683,4.7651704520279745,-3.8893316294350178,5.880830648399415,0.176,0.044,0.1691102678045875,0.04738365680131323,platt_vol_vegas,platt,0.1691102678045875,0.04738365680131323,NA,NA,NA,2026-10-04 20:20:00,2026-10-01 15:08:52,2026-10-01 15:08:40,live
TE,00-0041510,Max Klare,LA,PHI,2026_04_LA_PHI,2026,4,NA,NA,12,17,4.434836187323335,1.1327654321063494,-2.3224480665942666,5.073753993574045,-3.7881385139449497,6.2161490894557385,0.203,0.0565,0.16880878133821164,0.06103530631949193,platt_vol_vegas,platt,0.16880878133821164,0.06103530631949193,NA,NA,NA,2026-10-04 13:00:00,2026-10-01 15:08:52,2026-10-01 15:08:40,live
TE,00-0038643,Brayden Willis,SF,DEN,2026_04_DEN_SF,2026,4,NA,NA,12,17,4.189704575080033,0.9936487638604388,-2.349427728710767,4.8067347634055695,-3.767550018915679,5.912054070506839,0.1725,0.0485,0.16831305874868938,0.05229527099915489,platt_vol_vegas,platt,0.16831305874868938,0.05229527099915489,NA,NA,NA,2026-10-04 16:25:00,2026-10-01 15:08:52,2026-10-01 15:08:40,live
TE,00-0040390,Jackson Meeks,DET,CAR,2026_04_DET_CAR,2026,4,NA,NA,12,17,3.889969064166571,1.4337783813035507,-1.768366229240173,5.086118616447931,-3.126705668604604,6.144841702811432,0.194,0.052,0.167223304945231,0.05611790252579439,platt_vol_vegas,platt,0.167223304945231,0.05611790252579439,NA,NA,NA,2026-10-04 20:20:00,2026-10-01 15:08:52,2026-10-01 15:08:40,live
TE,00-0036754,Brock Wright,DET,CAR,2026_04_DET_CAR,2026,4,NA,NA,12,17,3.8743086402949096,1.0424752907993449,-2.1521829006020203,4.686276576840441,-3.507346625057389,5.742524433086567,0.1565,0.039,0.16430733473215217,0.04193151520405128,platt_vol_vegas,platt,0.16430733473215217,0.04193151520405128,NA,NA,NA,2026-10-04 20:20:00,2026-10-01 15:08:52,2026-10-01 15:08:40,live
TE,00-0041133,Dallen Bentley,DEN,SF,2026_04_DEN_SF,2026,4,NA,NA,12,17,4.41347858639642,0.49327186208440665,-2.9522767258147606,4.423236704488016,-4.413867349104931,5.56243629690636,0.1635,0.0445,0.1635874776739037,0.04792919143411586,platt_vol_vegas,platt,0.1635874776739037,0.04792919143411586,NA,NA,NA,2026-10-04 16:25:00,2026-10-01 15:08:52,2026-10-01 15:08:40,live
TE,00-0036290,Cole Kmet,CHI,NYJ,2026_04_NYJ_CHI,2026,4,NA,NA,12,17,4.340436699973537,0.8703672123062464,-2.541978519122628,4.762461145254713,-3.989484597544134,5.890682897833293,0.176,0.05,0.16179441308951475,0.05393330088542496,platt_vol_vegas,platt,0.16179441308951475,0.05393330088542496,NA,NA,NA,2026-10-04 13:00:00,2026-10-01 15:08:52,2026-10-01 15:08:40,live
TE,00-0040058,Nick Kallerup,SEA,LAC,2026_04_LAC_SEA,2026,4,NA,NA,12,17,4.230501881341432,1.5176833633272604,-1.8442434320365233,5.352269865725164,-3.270361960026203,6.463821636746312,0.209,0.054,0.1577110017724237,0.05830308906284837,platt_vol_vegas,platt,0.1577110017724237,0.05830308906284837,NA,NA,NA,2026-10-04 16:25:00,2026-10-01 15:08:52,2026-10-01 15:08:40,live
TE,00-0034981,Foster Moreau,HOU,DAL,2026_04_DAL_HOU,2026,4,NA,NA,12,17,3.973665179217813,0.854592189631032,-2.3873505470476615,4.552325845449634,-3.7625722234490855,5.624207361571228,0.147,0.0315,0.1562767182710118,0.03376679392100568,platt_vol_vegas,platt,0.1562767182710118,0.03376679392100568,NA,NA,NA,2026-10-04 13:00:00,2026-10-01 15:08:52,2026-10-01 15:08:40,live
TE,00-0036422,Adam Trautman,DEN,SF,2026_04_DEN_SF,2026,4,NA,NA,12,17,4.295545582995281,0.5724485412184396,-2.8193744818967437,4.441134439107709,-4.258174893493188,5.562570781366323,0.161,0.037,0.15522409678432858,0.03975249597058656,platt_vol_vegas,platt,0.15522409678432858,0.03975249597058656,NA,NA,NA,2026-10-04 16:25:00,2026-10-01 15:08:52,2026-10-01 15:08:40,live
TE,00-0041472,Marlin Klein,HOU,DAL,2026_04_DAL_HOU,2026,4,NA,NA,12,17,3.9236722987943153,1.4781495751361746,-1.7400639849084187,5.1488179240719445,-3.105219820941606,6.212853877241698,0.179,0.043,0.15438693202103596,0.04629275136441496,platt_vol_vegas,platt,0.15438693202103596,0.04629275136441496,NA,NA,NA,2026-10-04 13:00:00,2026-10-01 15:08:52,2026-10-01 15:08:40,live
TE,00-0041041,Oscar Delp,NO,ATL,2026_04_ATL_NO,2026,4,NA,NA,12,17,4.001098220882742,1.1841522358005334,-2.070758372082842,4.896676940595835,-3.4514809777189783,5.972846015930147,0.167,0.046,0.15380313578340463,0.04956610774783282,platt_vol_vegas,platt,0.15380313578340463,0.04956610774783282,NA,NA,NA,2026-10-05 20:15:00,2026-10-01 15:08:52,2026-10-01 15:08:40,live
TE,00-0038558,Darnell Washington,PIT,CLE,2026_04_PIT_CLE,2026,4,NA,NA,12,17,4.562877548472603,0.7536927764140087,-2.759058333362468,4.760308271554376,-4.249156050176813,5.921726992096754,0.1865,0.053,0.15348819414445253,0.05721042642175668,platt_vol_vegas,platt,0.15348819414445253,0.05721042642175668,NA,NA,NA,2026-10-01 20:15:00,2026-10-01 15:08:52,2026-10-01 15:08:40,live
TE,00-0037317,Nick Muse,ATL,NO,2026_04_ATL_NO,2026,4,NA,NA,12,17,4.219163177346919,0.7657824284608382,-2.590913030437569,4.59440211081159,-4.014812442332956,5.704224248302073,0.162,0.0335,0.1523615458871162,0.03594219152108819,platt_vol_vegas,platt,0.1523615458871162,0.03594219152108819,NA,NA,NA,2026-10-05 20:15:00,2026-10-01 15:08:52,2026-10-01 15:08:40,live
TE,00-0040225,Thomas Fidone II,NYG,ARI,2026_04_ARI_NYG,2026,4,NA,NA,12,17,4.4035227901976715,0.32816464131132483,-3.112871963441939,4.25298315224389,-4.5725486180010755,5.390690950473389,0.1655,0.0375,0.15193966010690704,0.04029714197416743,platt_vol_vegas,platt,0.15193966010690704,0.04029714197416743,NA,NA,NA,2026-10-04 13:00:00,2026-10-01 15:08:52,2026-10-01 15:08:40,live
TE,00-0041314,Tanner Arkin,NE,BUF,2026_04_NE_BUF,2026,4,NA,NA,12,17,4.410845608843012,0.4722209286274217,-2.9721348054295396,4.400825211589652,-4.433219423958423,5.539630411482049,0.1605,0.0375,0.15148162148561228,0.04029714197416743,platt_vol_vegas,platt,0.15148162148561228,0.04029714197416743,NA,NA,NA,2026-10-04 13:00:00,2026-10-01 15:08:52,2026-10-01 15:08:40,live
TE,00-0039359,Cade Stover,HOU,DAL,2026_04_DAL_HOU,2026,4,NA,NA,12,17,3.886889252712837,0.7919278617405027,-2.408745454874152,4.442589950933208,-3.766460776088462,5.500826584297552,0.168,0.0395,0.15140874784943345,0.04247644574696996,platt_vol_vegas,platt,0.15140874784943345,0.04247644574696996,NA,NA,NA,2026-10-04 13:00:00,2026-10-01 15:08:52,2026-10-01 15:08:40,live
TE,00-0036970,Kyle Pitts,ATL,NO,2026_04_ATL_NO,2026,4,NA,NA,12,17,5.176593297120245,0.9801818946159778,-2.79943356070176,5.291180703157147,-4.4027342741313396,6.540832616735691,0.2875,0.089,0.15000299064538364,0.01159011007755694,platt_vol_vegas,platt,0.23500299064538369,0.09659011007755695,role_change_down,0.85,"QB Penix is heavily favoring Drake London over Pitts, significantly reducing Pitts' target share and role in the passing game.",2026-10-05 20:15:00,2026-10-01 15:08:52,2026-10-01 15:08:40,live
TE,00-0040081,Jake Briningstool,KC,LV,2026_04_KC_LV,2026,4,NA,NA,12,17,3.872294284511755,1.1826678543791802,-2.0110264589605324,4.825369748901618,-3.365781309443885,5.881298918742092,0.1625,0.0365,0.1486340058506877,0.03920792541404707,platt_vol_vegas,platt,0.1486340058506877,0.03920792541404707,NA,NA,NA,2026-10-04 16:25:00,2026-10-01 15:08:52,2026-10-01 15:08:40,live
TE,00-0040879,Matthew Hibner,BAL,TEN,2026_04_TEN_BAL,2026,4,NA,NA,12,17,3.980964017199651,1.0017719056342491,-2.24362472352882,4.7034450432760675,-3.6203115300075694,5.7764685177273964,0.1795,0.0435,0.1479598262046233,0.04683817634331945,platt_vol_vegas,platt,0.1479598262046233,0.04683817634331945,NA,NA,NA,2026-10-04 13:00:00,2026-10-01 15:08:52,2026-10-01 15:08:40,live
TE,00-0036887,Luke Farrell,SF,DEN,2026_04_DEN_SF,2026,4,NA,NA,12,17,3.8834976249762696,0.98167689820533,-2.217375596664622,4.630490291229635,-3.5744033705105966,5.6881910333058885,0.1505,0.039,0.146112359252952,0.04193151520405128,platt_vol_vegas,platt,0.146112359252952,0.04193151520405128,NA,NA,NA,2026-10-04 16:25:00,2026-10-01 15:08:52,2026-10-01 15:08:40,live
TE,00-0038564,Cameron Latu,NE,BUF,2026_04_NE_BUF,2026,4,NA,NA,12,17,4.300788339523306,0.8207246891691901,-2.5734997735862986,4.692149649682826,-4.013318868150383,5.8143799784401535,0.1745,0.0435,0.14486605909344422,0.04683817634331945,platt_vol_vegas,platt,0.14486605909344422,0.04683817634331945,NA,NA,NA,2026-10-04 13:00:00,2026-10-01 15:08:52,2026-10-01 15:08:40,live
TE,00-0041503,Nate Boerkircher,JAX,CIN,2026_04_JAX_CIN,2026,4,NA,NA,12,17,3.869912984317569,0.5538887133347893,-2.6386658659218623,4.195290636383352,-3.992937244874819,5.250842976650896,0.123,0.0255,0.1442998605227115,0.02725074424158018,platt_vol_vegas,platt,0.1442998605227115,0.02725074424158018,NA,NA,NA,2026-10-04 13:00:00,2026-10-01 15:08:52,2026-10-01 15:08:40,live
TE,00-0037292,Andrew Ogletree,IND,WAS,2026_04_IND_WAS,2026,4,NA,NA,12,17,3.837017559554701,0.9064244443148776,-2.2703555406832496,4.529833992779925,-3.617935387514024,5.580170788732411,0.1465,0.0375,0.14379695819490618,0.04029714197416743,platt_vol_vegas,platt,0.14379695819490618,0.04029714197416743,NA,NA,NA,2026-10-04 09:30:00,2026-10-01 15:08:52,2026-10-01 15:08:40,live
TE,00-0031484,Chris Manhertz,NYG,ARI,2026_04_ARI_NYG,2026,4,NA,NA,12,17,4.275158710247737,0.39383603057653455,-2.988637088470257,4.251857503532813,-4.423471300848668,5.370202492808835,0.1495,0.0415,0.1427771636410643,0.04465682277974643,platt_vol_vegas,platt,0.1427771636410643,0.04465682277974643,NA,NA,NA,2026-10-04 13:00:00,2026-10-01 15:08:52,2026-10-01 15:08:40,live
TE,00-0040598,Mark Redman,GB,TB,2026_04_GB_TB,2026,4,NA,NA,12,17,4.385259144376536,0.600999275722849,-2.831749066944617,4.516364261978325,-4.287909867398396,5.651331717255425,0.165,0.0415,0.14267404540243064,0.04465682277974643,platt_vol_vegas,platt,0.14267404540243064,0.04465682277974643,NA,NA,NA,2026-10-04 13:00:00,2026-10-01 15:08:52,2026-10-01 15:08:40,live
TE,00-0037304,Connor Heyward,LV,KC,2026_04_KC_LV,2026,4,NA,NA,12,17,4.217845982355271,0.5289127861841526,-2.8271745762449485,4.356838878621949,-4.250816035574897,5.4664599615539755,0.14,0.037,0.14242051814720227,0.03975249597058656,platt_vol_vegas,platt,0.14242051814720227,0.03975249597058656,NA,NA,NA,2026-10-04 16:25:00,2026-10-01 15:08:52,2026-10-01 15:08:40,live
TE,00-0040187,Mitchell Evans,CAR,DET,2026_04_DET_CAR,2026,4,NA,NA,12,17,3.8931144514884566,0.47277673385602936,-2.730869993052341,4.126830270772729,-4.089846625344878,5.186050000938142,0.1295,0.031,0.14185634023898772,0.03322318462151312,platt_vol_vegas,platt,0.14185634023898772,0.03322318462151312,NA,NA,NA,2026-10-04 20:20:00,2026-10-01 15:08:52,2026-10-01 15:08:40,live
TE,00-0038783,Nate Adkins,DEN,SF,2026_04_DEN_SF,2026,4,NA,NA,12,17,4.114667186652685,0.25450765364436645,-3.0536955976281845,4.027817516313734,-4.457024771095501,5.121606705275542,0.1315,0.031,0.14181340201582116,0.03322318462151312,platt_vol_vegas,platt,0.14181340201582116,0.03322318462151312,NA,NA,NA,2026-10-04 16:25:00,2026-10-01 15:08:52,2026-10-01 15:08:40,live
TE,00-0036590,Quintin Morris,JAX,CIN,2026_04_JAX_CIN,2026,4,NA,NA,12,17,3.810550203986194,0.6621830513488532,-2.501863586504285,4.271069047082219,-3.844041988451776,5.317195824366374,0.147,0.0345,0.1417577895854556,0.03703043467198524,platt_vol_vegas,platt,0.1417577895854556,0.03703043467198524,NA,NA,NA,2026-10-04 13:00:00,2026-10-01 15:08:52,2026-10-01 15:08:40,live
TE,00-0041558,Sam Roush,CHI,NYJ,2026_04_NYJ_CHI,2026,4,NA,NA,12,17,4.041976138646533,0.9779806627960576,-2.2961843096678645,4.712466740050341,-3.685074554798964,5.795001874002855,0.1665,0.039,0.1413722735817355,0.04193151520405128,platt_vol_vegas,platt,0.1413722735817355,0.04193151520405128,NA,NA,NA,2026-10-04 13:00:00,2026-10-01 15:08:52,2026-10-01 15:08:40,live
TE,00-0039041,Elijah Higgins,ARI,NYG,2026_04_ARI_NYG,2026,4,NA,NA,12,17,4.019090456642376,0.6691604722529502,-2.5942349845279833,4.391362927052307,-3.978556835762415,5.47033734271465,0.133,0.026,0.140676808225623,0.02779308891056006,platt_vol_vegas,platt,0.140676808225623,0.02779308891056006,NA,NA,NA,2026-10-04 13:00:00,2026-10-01 15:08:52,2026-10-01 15:08:40,live
TE,00-0033217,Mo Alie-Cox,IND,WAS,2026_04_IND_WAS,2026,4,NA,Did Not Participate In Practice,12,17,3.796283150569217,0.6669860470875864,-2.4901813651613014,4.268025653754603,-3.82944162174466,5.31187795694426,0.1335,0.0295,0.14055174821503577,0.0315929722364222,platt_vol_vegas,platt,0.14055174821503577,0.0315929722364222,NA,NA,NA,2026-10-04 09:30:00,2026-10-01 15:08:52,2026-10-01 15:08:40,live
TE,00-0040215,Gavin Bartholomew,MIN,MIA,2026_04_MIA_MIN,2026,4,NA,NA,12,17,4.15837811674468,0.7371932571166507,-2.591356569375683,4.533710258863345,-4.003316694576416,5.634226623369533,0.1605,0.05,0.14023047796073876,0.05393330088542496,platt_vol_vegas,platt,0.14023047796073876,0.05393330088542496,NA,NA,NA,2026-10-04 16:05:00,2026-10-01 15:08:52,2026-10-01 15:08:40,live
TE,00-0040739,Elijah Arroyo,SEA,LAC,2026_04_LAC_SEA,2026,4,NA,NA,12,17,3.999553347051671,0.9980725969807734,-2.256108727380025,4.7097654868906496,-3.636521973292702,5.785693439666249,0.155,0.04,0.14016305618178118,0.04302144332118553,platt_vol_vegas,platt,0.14016305618178118,0.04302144332118553,NA,NA,NA,2026-10-04 16:25:00,2026-10-01 15:08:52,2026-10-01 15:08:40,live
TE,00-0040887,Josh Cuevas,BAL,TEN,2026_04_TEN_BAL,2026,4,NA,NA,12,17,3.850897653882593,1.2603447982001112,-1.9230981100979117,4.891354023073202,-3.273504347551367,5.943893777223465,0.1795,0.045,0.1396095963684464,0.04847477896508845,platt_vol_vegas,platt,0.1396095963684464,0.04847477896508845,NA,NA,NA,2026-10-04 13:00:00,2026-10-01 15:08:52,2026-10-01 15:08:40,live
TE,00-0034798,Durham Smythe,BAL,TEN,2026_04_TEN_BAL,2026,4,NA,Limited Participation in Practice,12,17,3.8622854950785466,0.8551412531313252,-2.333760686294185,4.492377004740959,-3.6864826271848834,5.546721674966785,0.147,0.0365,0.13890219534079606,0.03920792541404707,platt_vol_vegas,platt,0.13890219534079606,0.03920792541404707,NA,NA,NA,2026-10-04 13:00:00,2026-10-01 15:08:52,2026-10-01 15:08:40,live
TE,00-0038589,Josh Whyle,GB,TB,2026_04_GB_TB,2026,4,NA,NA,12,17,4.267555478168572,0.9962152342565402,-2.3827660723787196,4.850253974227487,-3.8161190691687312,5.967444467731781,0.178,0.0445,0.13586025059865406,0.04792919143411586,platt_vol_vegas,platt,0.13586025059865406,0.04792919143411586,NA,NA,NA,2026-10-04 13:00:00,2026-10-01 15:08:52,2026-10-01 15:08:40,live
TE,00-0035249,Josh Oliver,MIN,MIA,2026_04_MIA_MIN,2026,4,NA,NA,12,17,4.075583975989513,0.8023875065730649,-2.4875463202109835,4.554859411483566,-3.8831256626008672,5.642608191958867,0.1725,0.038,0.13560662522869676,0.04084186165655354,platt_vol_vegas,platt,0.13560662522869676,0.04084186165655354,NA,NA,NA,2026-10-04 16:05:00,2026-10-01 15:08:52,2026-10-01 15:08:40,live
TE,00-0034959,Andrew Beck,NYJ,CHI,2026_04_NYJ_CHI,2026,4,NA,NA,12,17,4.263226040922766,1.075711598688,-2.3012802310464755,4.927481157402204,-3.7337892981372662,6.044013871392821,0.191,0.05,0.1355772959058161,0.05393330088542496,platt_vol_vegas,platt,0.1355772959058161,0.05393330088542496,NA,NA,NA,2026-10-04 13:00:00,2026-10-01 15:08:52,2026-10-01 15:08:40,live
TE,00-0037004,Hunter Long,ARI,NYG,2026_04_ARI_NYG,2026,4,NA,NA,12,17,3.891758699996143,0.8789544377789673,-2.324044896697548,4.5322695641257615,-3.682746907203787,5.5912752473329945,0.1515,0.0365,0.13370813413396437,0.03920792541404707,platt_vol_vegas,platt,0.13370813413396437,0.03920792541404707,NA,NA,NA,2026-10-04 13:00:00,2026-10-01 15:08:52,2026-10-01 15:08:40,live
TE,00-0033576,Eric Saubert,SEA,LAC,2026_04_LAC_SEA,2026,4,NA,NA,12,17,3.880293748986883,0.9807134582779252,-2.2168073935079673,4.62777987159264,-3.5731854492864765,5.684974207466057,0.1505,0.035,0.13263386244084488,0.03757468480989566,platt_vol_vegas,platt,0.13263386244084488,0.03757468480989566,NA,NA,NA,2026-10-04 16:25:00,2026-10-01 15:08:52,2026-10-01 15:08:40,live
TE,00-0038488,Brady Russell,SEA,LAC,2026_04_LAC_SEA,2026,4,NA,NA,12,17,3.857828222730917,1.234500790373338,-1.9522652558613456,4.86930035949042,-3.3040811577337506,5.922938840675411,0.1745,0.0445,0.13229461714222393,0.04792919143411586,platt_vol_vegas,platt,0.13229461714222393,0.04792919143411586,NA,NA,NA,2026-10-04 16:25:00,2026-10-01 15:08:52,2026-10-01 15:08:40,live
TE,00-0036628,John Bates,WAS,IND,2026_04_IND_WAS,2026,4,NA,NA,12,17,3.9900850485546178,0.6474934030632303,-2.602215666914273,4.354085275807259,-3.980731796909169,5.428534569890152,0.1335,0.042,0.1321699508568462,0.04520207320489637,platt_vol_vegas,platt,0.1321699508568462,0.04520207320489637,NA,NA,NA,2026-10-04 09:30:00,2026-10-01 15:08:52,2026-10-01 15:08:40,live
TE,00-0038498,E.J. Jenkins,PHI,LA,2026_04_LA_PHI,2026,4,NA,NA,12,17,4.192150758898397,0.5761714392460499,-2.7680374722734733,4.390549066681552,-4.186640130952163,5.496242784757288,0.1555,0.036,0.13187835464939524,0.03866343211875167,platt_vol_vegas,platt,0.13187835464939524,0.03866343211875167,NA,NA,NA,2026-10-04 13:00:00,2026-10-01 15:08:52,2026-10-01 15:08:40,live
TE,00-0039074,Davis Allen,LA,PHI,2026_04_LA_PHI,2026,4,NA,NA,12,17,3.912434590422539,0.7880500357986133,-2.424812097835878,4.452614591067889,-3.787697876006668,5.514881205443045,0.145,0.0355,0.13161346206315774,0.0381190179467453,platt_vol_vegas,platt,0.13161346206315774,0.0381190179467453,NA,NA,NA,2026-10-04 13:00:00,2026-10-01 15:08:52,2026-10-01 15:08:40,live
TE,00-0041395,Eli Raridon,NE,BUF,2026_04_NE_BUF,2026,4,NA,Limited Participation in Practice,12,17,4.0411376102695895,0.8356727164708087,-2.438098114805786,4.56970923947571,-3.8268211665135583,5.652114058771936,0.1535,0.037,0.12802950439324648,0.03975249597058656,platt_vol_vegas,platt,0.12802950439324648,0.03975249597058656,NA,NA,NA,2026-10-04 13:00:00,2026-10-01 15:08:52,2026-10-01 15:08:40,live
TE,00-0033858,Jonnu Smith,GB,TB,2026_04_GB_TB,2026,4,NA,NA,12,17,4.145744406659074,0.6517210284180515,-2.670957318424679,4.441541067980882,-4.080426780852339,5.540116148812472,0.1585,0.034,0.12779828715483302,0.03648626955092363,platt_vol_vegas,platt,0.12779828715483302,0.03648626955092363,NA,NA,NA,2026-10-04 13:00:00,2026-10-01 15:08:52,2026-10-01 15:08:40,live
TE,00-0039912,Ben Sinnott,WAS,IND,2026_04_IND_WAS,2026,4,NA,Limited Participation in Practice,12,17,3.8989713923140017,0.5095825335842439,-2.6968598868723204,4.166824815942852,-4.057022443371524,5.226968884531997,0.14,0.0315,0.1271163495993959,0.03376679392100568,platt_vol_vegas,platt,0.1271163495993959,0.03376679392100568,NA,NA,NA,2026-10-04 09:30:00,2026-10-01 15:08:52,2026-10-01 15:08:40,live
TE,00-0039530,Brevyn Spann-Ford,DAL,HOU,2026_04_DAL_HOU,2026,4,NA,NA,12,17,3.795473735906488,0.5154295606292074,-2.64134724657315,4.116023646340426,-3.9804418097527288,5.159746804025831,0.1285,0.0325,0.12624760835450444,0.03485430532996696,platt_vol_vegas,platt,0.12624760835450444,0.03485430532996696,NA,NA,NA,2026-10-04 13:00:00,2026-10-01 15:08:52,2026-10-01 15:08:40,live
TE,00-0036429,Charlie Woerner,ATL,NO,2026_04_ATL_NO,2026,4,NA,NA,12,17,3.824609838470108,0.44235979590170305,-2.7284554863255344,4.058966052644989,-4.073505125435174,5.1073307426201104,0.1265,0.032,0.12605100386456894,0.03431050162284035,platt_vol_vegas,platt,0.12605100386456894,0.03431050162284035,NA,NA,NA,2026-10-05 20:15:00,2026-10-01 15:08:52,2026-10-01 15:08:40,live
TE,00-0038547,Luke Schoonmaker,DAL,HOU,2026_04_DAL_HOU,2026,4,NA,NA,12,17,3.78557698917881,0.6883124242448825,-2.463685608016425,4.283455877922049,-3.8007530302439982,5.325599032212866,0.1345,0.0285,0.1259661108160133,0.03050670342925691,platt_vol_vegas,platt,0.1259661108160133,0.03050670342925691,NA,NA,NA,2026-10-04 13:00:00,2026-10-01 15:08:52,2026-10-01 15:08:40,live
TE,00-0039686,Colson Yankoff,WAS,IND,2026_04_IND_WAS,2026,4,NA,NA,12,17,3.858849006841765,0.589809874617369,-2.597445415510589,4.225167471360786,-3.949468853068145,5.278967710950743,0.1455,0.0295,0.12505618006280636,0.0315929722364222,platt_vol_vegas,platt,0.12505618006280636,0.0315929722364222,NA,NA,NA,2026-10-04 09:30:00,2026-10-01 15:08:52,2026-10-01 15:08:40,live
TE,00-0036187,Reggie Gilliam,NE,BUF,2026_04_NE_BUF,2026,4,NA,Limited Participation in Practice,12,17,3.963884087055795,0.676286483909084,-2.561023551261251,4.368736117869123,-3.934280050590757,5.439085926764572,0.1355,0.034,0.1228164094611339,0.03648626955092363,platt_vol_vegas,platt,0.1228164094611339,0.03648626955092363,NA,NA,NA,2026-10-04 13:00:00,2026-10-01 15:08:52,2026-10-01 15:08:40,live
TE,00-0037805,Jeremy Ruckert,NYJ,CHI,2026_04_NYJ_CHI,2026,4,NA,Limited Participation in Practice,12,17,4.0439319099759645,0.5781292210623373,-2.6969549071855945,4.313663679967234,-4.086235055242449,5.396502713826482,0.129,0.0255,0.12025168775137078,0.02725074424158018,platt_vol_vegas,platt,0.12025168775137078,0.02725074424158018,NA,NA,NA,2026-10-04 13:00:00,2026-10-01 15:08:52,2026-10-01 15:08:40,live
TE,00-0034365,Ian Thomas,LV,KC,2026_04_KC_LV,2026,4,NA,NA,12,17,3.796283150569217,0.6351111518171465,-2.522056260431741,4.236150758484163,-3.861316517015099,5.28000306167382,0.1225,0.0245,0.11682493668792228,0.0261664610465685,platt_vol_vegas,platt,0.11682493668792228,0.0261664610465685,NA,NA,NA,2026-10-04 16:25:00,2026-10-01 15:08:52,2026-10-01 15:08:40,live
TE,00-0041131,Carsen Ryan,CLE,PIT,2026_04_PIT_CLE,2026,4,NA,NA,12,17,4.219413704883041,0.5362856034199587,-2.8205255050442544,4.36503719472978,-4.2444739751133,5.474897569364472,0.143,0.0365,0.11655372473639808,0.03920792541404707,platt_vol_vegas,platt,0.11655372473639808,0.03920792541404707,NA,NA,NA,2026-10-01 20:15:00,2026-10-01 15:08:52,2026-10-01 15:08:40,live
TE,00-0037755,Jelani Woods,NYJ,CHI,2026_04_NYJ_CHI,2026,4,NA,NA,12,17,3.973022843028754,0.6627599746834687,-2.5788786738236293,4.3601467899938395,-3.953971357001212,5.431927765631879,0.1245,0.031,0.11618607268505524,0.03322318462151312,platt_vol_vegas,platt,0.11618607268505524,0.03322318462151312,NA,NA,NA,2026-10-04 13:00:00,2026-10-01 15:08:52,2026-10-01 15:08:40,live
TE,00-0039489,Hayden Rucci,LAC,SEA,2026_04_LAC_SEA,2026,4,NA,NA,12,17,4.255501901895985,0.20602805965436227,-3.167412241448451,4.053746773545702,-4.598414761522428,5.169105247827767,0.128,0.0275,0.11546916777459908,0.02942089259379163,platt_vol_vegas,platt,0.11546916777459908,0.02942089259379163,NA,NA,NA,2026-10-04 16:25:00,2026-10-01 15:08:52,2026-10-01 15:08:40,live
TE,00-0041094,Bauer Sharp,TB,GB,2026_04_GB_TB,2026,4,NA,NA,12,17,4.224477920344557,0.4330510854375248,-2.9260971696067135,4.264468407227335,-4.3510370497341215,5.375101511186099,0.1455,0.0355,0.11336821245563128,0.0381190179467453,platt_vol_vegas,platt,0.11336821245563128,0.0381190179467453,NA,NA,NA,2026-10-04 13:00:00,2026-10-01 15:08:52,2026-10-01 15:08:40,live
TE,00-0037311,Ko Kieft,TB,GB,2026_04_GB_TB,2026,4,NA,Did Not Participate In Practice,12,17,4.224477920344557,0.4330510854375248,-2.9260971696067135,4.264468407227335,-4.3510370497341215,5.375101511186099,0.133,0.029,0.1128486716451292,0.03104978204797369,platt_vol_vegas,platt,0.1128486716451292,0.03104978204797369,NA,NA,NA,2026-10-04 13:00:00,2026-10-01 15:08:52,2026-10-01 15:08:40,live
TE,00-0033757,Robert Tonyan,PIT,CLE,2026_04_PIT_CLE,2026,4,NA,NA,12,17,3.870726561983985,1.296222846879009,-1.8967211587154913,4.9380689464577845,-3.2511577310677984,5.993750042513859,0.178,0.04,0.11191160999343452,0.04302144332118553,platt_vol_vegas,platt,0.11191160999343452,0.04302144332118553,NA,NA,NA,2026-10-01 20:15:00,2026-10-01 15:08:52,2026-10-01 15:08:40,live
TE,00-0033246,Johnny Mundt,PHI,LA,2026_04_LA_PHI,2026,4,NA,NA,12,17,3.7633401013211247,0.41454579277908254,-2.7266956949999077,3.9974204188478617,-4.059200225672396,5.03600714350854,0.119,0.0255,0.10683363333478872,0.02725074424158018,platt_vol_vegas,platt,0.10683363333478872,0.02725074424158018,NA,NA,NA,2026-10-04 13:00:00,2026-10-01 15:08:52,2026-10-01 15:08:40,live
TE,00-0036876,Kylen Granson,TEN,BAL,2026_04_TEN_BAL,2026,4,NA,NA,12,17,4.285946246809883,0.9199227169705824,-2.4675001483851475,4.783589830519845,-3.904434027219639,5.9035713513477726,0.1715,0.0455,0.10336135160548492,0.0490204181443333,platt_vol_vegas,platt,0.10336135160548492,0.0490204181443333,NA,NA,NA,2026-10-04 13:00:00,2026-10-01 15:08:52,2026-10-01 15:08:40,live
TE,00-0041579,Seydou Traore,MIA,MIN,2026_04_MIA_MIN,2026,4,NA,Full Participation in Practice,12,17,4.372629595528962,0.6383993830946983,-2.7886090419108407,4.547217465705023,-4.242334987763355,5.680287135565907,0.161,0.0395,0.09812088451481583,0.04247644574696996,platt_vol_vegas,platt,0.09812088451481583,0.04247644574696996,NA,NA,NA,2026-10-04 16:05:00,2026-10-01 15:08:52,2026-10-01 15:08:40,live
TE,00-0039648,David Martin-Robinson,TEN,BAL,2026_04_TEN_BAL,2026,4,NA,NA,12,17,4.181365429967459,0.8677900110891479,-2.4714239295382967,4.676470415138034,-3.887907737638269,5.780512649085995,0.16,0.0385,0.09804828153863374,0.04138665329369701,platt_vol_vegas,platt,0.09804828153863374,0.04138665329369701,NA,NA,NA,2026-10-04 13:00:00,2026-10-01 15:08:52,2026-10-01 15:08:40,live
TE,00-0041077,Justin Joly,MIA,MIN,2026_04_MIA_MIN,2026,4,NA,NA,12,17,4.372629595528962,0.6383993830946983,-2.7886090419108407,4.547217465705023,-4.242334987763355,5.680287135565907,0.1565,0.0455,0.09797298017352524,0.0490204181443333,platt_vol_vegas,platt,0.09797298017352524,0.0490204181443333,NA,NA,NA,2026-10-04 16:05:00,2026-10-01 15:08:52,2026-10-01 15:08:40,live
TE,00-0038710,Blake Whiteheart,CLE,PIT,2026_04_PIT_CLE,2026,4,NA,NA,12,17,3.818661536273202,0.41251306325269527,-2.7554398408434024,4.025854514658291,-4.099275268360881,5.073272818327384,0.1055,0.023,0.09520004482141337,0.02454110964290937,platt_vol_vegas,platt,0.09520004482141337,0.02454110964290937,NA,NA,NA,2026-10-01 20:15:00,2026-10-01 15:08:52,2026-10-01 15:08:40,live
TE,00-0039050,Payne Durham,TB,GB,2026_04_GB_TB,2026,4,NA,NA,12,17,3.8411270625291687,0.574356081009145,-2.6043976596968426,4.2000168792654815,-3.952814767347391,5.25100625684338,0.114,0.026,0.0935828208765392,0.02779308891056006,platt_vol_vegas,platt,0.0935828208765392,0.02779308891056006,NA,NA,NA,2026-10-04 13:00:00,2026-10-01 15:08:52,2026-10-01 15:08:40,live
TE,00-0033885,David Njoku,LAC,SEA,2026_04_LAC_SEA,2026,4,NA,NA,12,17,5.029302469815541,0.5531602758193912,-3.16367700045385,4.792554801262809,-4.7403474123515,6.021450404443808,0.214,0.059,0.08273398407628481,0,platt_vol_vegas,platt,0.1677339840762848,0.0637682412873649,role_change_down,0.85,"Njoku placed on IR, reducing Chargers TE opportunity and elevating Rucci and Kolar into more snaps/targets.",2026-10-04 16:25:00,2026-10-01 15:08:52,2026-10-01 15:08:40,live
TE,00-0038115,Daniel Bellinger,TEN,BAL,2026_04_TEN_BAL,2026,4,NA,NA,12,17,3.844018763124704,0.7128373733217283,-2.4673046927768385,4.340081684288295,-3.8163107235913194,5.391530083029593,0.1275,0.0285,0.08254828409109673,0.03050670342925691,platt_vol_vegas,platt,0.08254828409109673,0.03050670342925691,NA,NA,NA,2026-10-04 13:00:00,2026-10-01 15:08:52,2026-10-01 15:08:40,live
TE,00-0041524,Will Kacmarek,MIA,MIN,2026_04_MIA_MIN,2026,4,NA,NA,12,17,3.8712641239536376,0.5308912065104325,-2.662310089151526,4.17303076905849,-4.016855803122495,5.228796932769976,0.114,0.0285,0.07588382290396037,0.03050670342925691,platt_vol_vegas,platt,0.07588382290396037,0.03050670342925691,NA,NA,NA,2026-10-04 16:05:00,2026-10-01 15:08:52,2026-10-01 15:08:40,live
WR,00-0036900,Ja'Marr Chase,CIN,JAX,2026_04_JAX_CIN,2026,4,NA,NA,15,20,10.22006359484268,3.6837870549658978,-2.644989279611153,10.280876563161804,-4.741485854107127,11.91144571462426,0.6625,0.4285,0.6399773142873912,0.4666666666666667,strat_platt,iso,0.6399773142873912,0.4666666666666667,NA,NA,NA,2026-10-04 13:00:00,2026-10-01 15:08:52,2026-10-01 15:08:40,live
WR,00-0038543,Jaxon Smith-Njigba,SEA,LAC,2026_04_LAC_SEA,2026,4,NA,NA,15,20,8.717425750143935,3.029976956116613,-2.898080508729454,9.209358820451682,-4.861833296225559,10.736685292310751,0.512,0.2845,0.6035492776518385,0.3766666666666667,strat_platt,iso,0.5185492776518386,0.2916666666666667,role_change_up,0.85,"Drew Lock is demonstrating a clear dependency on JSN as the primary target, concentrating 155 yards and all TDs to him, suggesting increased target share and opportunity if Lock continues as starter.",2026-10-04 16:25:00,2026-10-01 15:08:52,2026-10-01 15:08:40,live
WR,00-0036963,Amon-Ra St. Brown,DET,CAR,2026_04_DET_CAR,2026,4,NA,NA,15,20,9.426787658313811,3.0743591833517505,-3.0475501371546634,9.455811396757966,-5.075519090599183,11.033082571839769,0.587,0.3515,0.561272146684799,0.37662337662337664,strat_platt,iso,0.561272146684799,0.37662337662337664,NA,NA,NA,2026-10-04 20:20:00,2026-10-01 15:08:52,2026-10-01 15:08:40,live
WR,00-0037239,Chris Olave,NO,ATL,2026_04_ATL_NO,2026,4,NA,NA,15,20,9.283398604870882,2.829961555170691,-3.2534739326991997,9.171308809228004,-5.268697885520217,10.738667444931083,0.5465,0.3205,0.5195376004165664,0.33024691358024694,strat_platt,iso,0.5195376004165664,0.33024691358024694,NA,NA,NA,2026-10-05 20:15:00,2026-10-01 15:08:52,2026-10-01 15:08:40,live
WR,00-0039067,Rashee Rice,KC,LV,2026_04_KC_LV,2026,4,NA,Full Participation in Practice,15,20,8.386981606793022,2.521804380275937,-3.312774945246226,8.60374503013639,-5.245561778421569,10.10698745126279,0.4905,0.2495,0.4961586399746416,0.27710843373493976,strat_platt,iso,0.4961586399746416,0.27710843373493976,NA,NA,NA,2026-10-04 16:25:00,2026-10-01 15:08:52,2026-10-01 15:08:40,live
WR,00-0037238,Drake London,ATL,NO,2026_04_ATL_NO,2026,4,NA,NA,15,20,9.265063339842476,2.280420546862819,-3.798070101334004,8.616613321096178,-5.811656006152063,10.182697950166128,0.5185,0.2895,0.49089424530180725,0.2916666666666667,strat_platt,iso,0.49089424530180725,0.2916666666666667,NA,NA,NA,2026-10-05 20:15:00,2026-10-01 15:08:52,2026-10-01 15:08:40,live
WR,00-0038997,Josh Downs,IND,WAS,2026_04_IND_WAS,2026,4,NA,NA,15,20,7.244811727574155,2.46226458694738,-3.0313598884937054,8.188795352601725,-4.851200610531036,9.604192915386982,0.395,0.1855,0.48154520385537025,0.30764875239923223,strat_platt,iso,0.39654520385537023,0.22264875239923224,role_change_up,0.85,"Alec Pierce's IR placement removes a competing receiver, likely increasing Downs' target share and opportunity going forward.",2026-10-04 09:30:00,2026-10-01 15:08:52,2026-10-01 15:08:40,live
WR,00-0031381,Davante Adams,LA,PHI,2026_04_LA_PHI,2026,4,NA,Did Not Participate In Practice,15,20,7.91742719170935,2.1811438814740853,-3.5167962463564733,8.120652413363374,-5.404319414842447,9.58869061034628,0.394,0.1875,0.48050215444820293,0.30948979591836734,strat_platt,iso,0.3955021544482029,0.22448979591836735,role_change_up,0.85,"Nacua's hip injury absence directly increases Adams' target share and role, elevating his opportunity level as the primary receiver.",2026-10-04 13:00:00,2026-10-01 15:08:52,2026-10-01 15:08:40,live
WR,00-0037247,George Pickens,DAL,HOU,2026_04_DAL_HOU,2026,4,NA,NA,15,20,8.102730287723904,2.6602645674763483,-3.092153605010484,8.656560781190539,-4.997723395460819,10.13863490144714,0.466,0.2305,0.4706182939971578,0.2624254473161034,strat_platt,iso,0.4706182939971578,0.2624254473161034,NA,NA,NA,2026-10-04 13:00:00,2026-10-01 15:08:52,2026-10-01 15:08:40,live
WR,00-0039064,Zay Flowers,BAL,TEN,2026_04_TEN_BAL,2026,4,NA,Limited Participation in Practice,15,20,8.439297056084465,2.652577514889496,-3.1969438123535787,8.7500936437325,-5.134680394701263,10.257185776995843,0.4655,0.251,0.4700968490081132,0.27710843373493976,strat_platt,iso,0.4700968490081132,0.27710843373493976,NA,NA,NA,2026-10-04 13:00:00,2026-10-01 15:08:52,2026-10-01 15:08:40,live
WR,00-0037740,Garrett Wilson,NYJ,CHI,2026_04_NYJ_CHI,2026,4,NA,NA,15,20,9.717622577486832,1.551459085829234,-4.647441600693575,8.013166771402071,-6.700915031873746,9.610274284461156,0.484,0.251,0.45584671791591896,0.27710843373493976,strat_platt,iso,0.45584671791591896,0.27710843373493976,NA,NA,NA,2026-10-04 13:00:00,2026-10-01 15:08:52,2026-10-01 15:08:40,live
WR,00-0036322,Justin Jefferson,MIN,MIA,2026_04_MIA_MIN,2026,4,NA,Did Not Participate In Practice,15,20,8.55175909820717,1.9623581186701216,-3.9191003169790752,8.093165353352502,-5.867416517697365,9.608485880384388,0.4505,0.232,0.4544506364735682,0.2624254473161034,strat_platt,iso,0.4544506364735682,0.2624254473161034,NA,NA,NA,2026-10-04 16:05:00,2026-10-01 15:08:52,2026-10-01 15:08:40,live
WR,00-0038994,Jordan Addison,MIN,MIA,2026_04_MIA_MIN,2026,4,NA,NA,15,20,7.382048141674013,2.184261381981267,-3.351929554158145,7.955163245052935,-5.185871017685564,9.381527786924243,0.3735,0.1645,0.4491262541920425,0.25324773413897284,strat_platt,iso,0.3741262541920425,0.1782477341389728,role_change_up,0.75,"Murray heavily targeted Addison following Jefferson's early exit, establishing him as the primary receiving option with a touchdown in the first game back from concussion protocol.",2026-10-04 16:05:00,2026-10-01 15:08:52,2026-10-01 15:08:40,live
WR,00-0036410,Tee Higgins,CIN,JAX,2026_04_JAX_CIN,2026,4,NA,NA,15,20,7.269050249948223,2.9137579702915,-2.587418841434766,8.648161259137591,-4.409761381566823,10.065504633548516,0.43,0.213,0.43306167176986343,0.22448979591836735,strat_platt,iso,0.43306167176986343,0.22448979591836735,NA,NA,NA,2026-10-04 13:00:00,2026-10-01 15:08:52,2026-10-01 15:08:40,live
WR,00-0036912,DeVonta Smith,PHI,LA,2026_04_LA_PHI,2026,4,NA,Did Not Participate In Practice,15,20,8.342237978839522,1.963456336147081,-3.858300012269555,8.032030369262914,-5.786839053114223,9.531969031527757,0.4295,0.2085,0.4325399517850613,0.22448979591836735,strat_platt,iso,0.4325399517850613,0.22448979591836735,NA,NA,NA,2026-10-04 13:00:00,2026-10-01 15:08:52,2026-10-01 15:08:40,live
WR,00-0036554,Nico Collins,HOU,DAL,2026_04_DAL_HOU,2026,4,NA,Limited Participation in Practice,15,20,8.64820551240335,2.8031105590508107,-3.1055404681064727,8.962263235356488,-5.062864598941822,10.484589761418418,0.5065,0.2655,0.4278238454141185,0.2061392405063291,strat_platt,iso,0.5128238454141185,0.2911392405063291,role_change_down,0.85,"Collins ruled out with hamstring injury and Bond elevated to fill WR depth, increasing opportunity for other Texans receivers and reducing Collins' target share.",2026-10-04 13:00:00,2026-10-01 15:08:52,2026-10-01 15:08:40,live
WR,00-0036358,CeeDee Lamb,DAL,HOU,2026_04_DAL_HOU,2026,4,NA,NA,15,20,8.176630513333748,2.3387452620520457,-3.4351944552544924,8.357475442464436,-5.347893561485172,9.845094452478492,0.418,0.1975,0.42054044475475977,0.22448979591836735,strat_platt,iso,0.42054044475475977,0.22448979591836735,NA,NA,NA,2026-10-04 13:00:00,2026-10-01 15:08:52,2026-10-01 15:08:40,live
WR,00-0040124,Tetairoa McMillan,CAR,DET,2026_04_DET_CAR,2026,4,NA,NA,15,20,7.757271159569305,2.295868657638523,-3.354378583373632,8.185662327347224,-5.226102809290513,9.641412754012602,0.4145,0.209,0.41688854192363833,0.22448979591836735,strat_platt,iso,0.41688854192363833,0.22448979591836735,NA,NA,NA,2026-10-04 20:20:00,2026-10-01 15:08:52,2026-10-01 15:08:40,live
WR,00-0039075,Puka Nacua,LA,PHI,2026_04_LA_PHI,2026,4,NA,Limited Participation in Practice,15,20,8.751359775999841,2.716127704312541,-3.221410301364185,8.905392044048781,-5.188303651952597,10.435161117226086,0.495,0.2825,0.41584704017755664,0.2066666666666667,strat_platt,iso,0.5008470401775567,0.2916666666666667,role_change_down,0.85,"Puka Nacua's hip injury created a sudden opportunity for Mumpfield (4 targets, 93 yards, TD), indicating a meaningful shift in target distribution that could persist if Nacua remains out.",2026-10-04 13:00:00,2026-10-01 15:08:52,2026-10-01 15:08:40,live
WR,00-0035640,DK Metcalf,PIT,CLE,2026_04_PIT_CLE,2026,4,NA,NA,15,20,9.033188350760016,1.5863530656252065,-4.42909964410345,7.856835361165461,-6.421803341196809,9.406678664518717,0.4425,0.2375,0.4140592541976646,0.2624254473161034,strat_platt,iso,0.4140592541976646,0.2624254473161034,NA,NA,NA,2026-10-01 20:15:00,2026-10-01 15:08:52,2026-10-01 15:08:40,live
WR,00-0038559,Michael Wilson,ARI,NYG,2026_04_ARI_NYG,2026,4,NA,NA,15,20,7.85679928045794,2.2593349328785037,-3.4206181999534846,8.180093897755803,-5.302182922223883,9.64349785936339,0.41,0.1915,0.4121934090062842,0.22448979591836735,strat_platt,iso,0.4121934090062842,0.22448979591836735,NA,NA,NA,2026-10-04 13:00:00,2026-10-01 15:08:52,2026-10-01 15:08:40,live
WR,00-0039337,Malik Nabers,NYG,ARI,2026_04_ARI_NYG,2026,4,NA,NA,15,20,8.616640931029494,1.2537411637074083,-4.646030127732619,7.403637641304369,-6.600412720657719,8.923676359681487,0.394,0.174,0.3955021544482029,0.22264875239923224,strat_platt,iso,0.3955021544482029,0.22264875239923224,NA,NA,NA,2026-10-04 13:00:00,2026-10-01 15:08:52,2026-10-01 15:08:40,live
WR,00-0034827,DJ Moore,BUF,NE,2026_04_NE_BUF,2026,4,NA,Limited Participation in Practice,15,20,7.355063279330674,2.138560852030929,-3.389297249103634,7.90077660336822,-5.2204783433084625,9.324994243060528,0.3755,0.156,0.37621105771836066,0.1778975741239892,strat_platt,iso,0.37621105771836066,0.1778975741239892,NA,NA,NA,2026-10-04 13:00:00,2026-10-01 15:08:52,2026-10-01 15:08:40,live
WR,00-0032464,Kalif Raymond,CHI,NYJ,2026_04_NYJ_CHI,2026,4,NA,NA,15,20,6.641447398886899,1.6615301578696868,-3.639082453443171,7.186866178049945,-5.3949852685945965,8.552535456112244,0.2935,0.118,0.3759411570531479,0.2293914081145585,strat_platt,iso,0.2909411570531479,0.14439140811455847,role_change_up,0.85,"Raymond has established himself as the lead receiver in Chicago's offense, outproducing higher draft capital players (Odunze, Burden) and commanding significant target share (7 targets in Week 3), indicating a sustained role change warranting model adjustment.",2026-10-04 13:00:00,2026-10-01 15:08:52,2026-10-01 15:08:40,live
WR,00-0036613,Jaylen Waddle,DEN,SF,2026_04_DEN_SF,2026,4,NA,Full Participation in Practice,15,20,7.765632690096638,1.5462048651832765,-4.106546621740109,7.438608950168729,-5.979100414495355,8.895004579937307,0.37,0.17,0.3704782478573515,0.1782477341389728,strat_platt,iso,0.3704782478573515,0.1782477341389728,NA,NA,NA,2026-10-04 16:25:00,2026-10-01 15:08:52,2026-10-01 15:08:40,live
WR,00-0035659,Terry McLaurin,WAS,IND,2026_04_IND_WAS,2026,4,NA,NA,15,20,7.5590242538419234,2.1285487000909113,-3.461852606619765,7.955959222660814,-5.313752021289158,9.39629072327262,0.365,0.163,0.36526775332858985,0.1782477341389728,strat_platt,iso,0.36526775332858985,0.1782477341389728,NA,NA,NA,2026-10-04 09:30:00,2026-10-01 15:08:52,2026-10-01 15:08:40,live
WR,00-0038606,Parker Washington,JAX,CIN,2026_04_JAX_CIN,2026,4,NA,NA,15,20,7.241165391354231,2.193084601106508,-3.299402447748862,7.918429718130174,-5.118866381159984,9.333534230157326,0.356,0.1625,0.3558919603786352,0.1782477341389728,strat_platt,iso,0.3558919603786352,0.1782477341389728,NA,NA,NA,2026-10-04 13:00:00,2026-10-01 15:08:52,2026-10-01 15:08:40,live
WR,00-0030279,Keenan Allen,IND,WAS,2026_04_IND_WAS,2026,4,NA,Limited Participation in Practice,15,20,6.288686930721118,1.5631358370267097,-3.619812212720633,6.965818819154515,-5.336736979475257,8.301172567931816,0.2725,0.0955,0.3542049421946928,0.19836717428087983,strat_platt,iso,0.26920494219469276,0.11336717428087986,role_change_up,0.85,Alec Pierce's IR placement directly implies increased opportunity and target share for Allen in the Colts' receiving rotation.,2026-10-04 09:30:00,2026-10-01 15:08:52,2026-10-01 15:08:40,live
WR,00-0035719,Deebo Samuel Sr.,SF,DEN,2026_04_DEN_SF,2026,4,NA,NA,15,20,6.866700099992424,1.1486158783391591,-4.225215662988397,6.750274999457945,-6.00537328315251,8.134808671247162,0.2715,0.1005,0.3531712868572083,0.2293914081145585,strat_platt,iso,0.26817128685720826,0.14439140811455847,role_change_up,0.85,Robinson's unavailability and Evans' injury uncertainty explicitly increase target/snap opportunity for Deebo Samuel Jr. this week.,2026-10-04 16:25:00,2026-10-01 15:08:52,2026-10-01 15:08:40,live
WR,00-0038124,Christian Watson,GB,TB,2026_04_GB_TB,2026,4,NA,NA,15,20,7.172389423884275,1.9625859078080112,-3.5083839139931645,7.665501558953867,-5.320719961944768,9.075062293668507,0.3455,0.1415,0.34495926416309663,0.1778975741239892,strat_platt,iso,0.34495926416309663,0.1778975741239892,NA,NA,NA,2026-10-04 13:00:00,2026-10-01 15:08:52,2026-10-01 15:08:40,live
WR,00-0035676,A.J. Brown,NE,BUF,2026_04_NE_BUF,2026,4,NA,NA,15,20,6.784761270635831,0.9538090780555506,-4.393554009520779,6.527877595665979,-6.164943580430492,7.905591837933274,0.256,0.092,0.34416767427128137,0.20536717428087983,strat_platt,iso,0.25216767427128134,0.11336717428087986,role_change_up,0.92,A.J. Brown's six-week absence creates increased target and snap opportunities for the named backup receivers.,2026-10-04 13:00:00,2026-10-01 15:08:52,2026-10-01 15:08:40,live
WR,00-0037240,Jameson Williams,DET,CAR,2026_04_DET_CAR,2026,4,NA,NA,15,20,6.396362456641876,2.382064060737276,-2.837202645002249,7.822605455254973,-4.56615847966836,9.167316475794252,0.333,0.1325,0.33195349831081045,0.1778975741239892,strat_platt,iso,0.33195349831081045,0.1778975741239892,NA,NA,NA,2026-10-04 20:20:00,2026-10-01 15:08:52,2026-10-01 15:08:40,live
WR,00-0040667,Matthew Golden,GB,TB,2026_04_GB_TB,2026,4,NA,NA,15,20,7.3884652485267885,1.7965451865451367,-3.741624690471947,7.569509889162911,-5.576221706123795,8.996384292621535,0.3275,0.1365,0.3262345901062425,0.1778975741239892,strat_platt,iso,0.3262345901062425,0.1778975741239892,NA,NA,NA,2026-10-04 13:00:00,2026-10-01 15:08:52,2026-10-01 15:08:40,live
WR,00-0040735,Luther Burden III,CHI,NYJ,2026_04_NYJ_CHI,2026,4,NA,NA,15,20,6.983070949124884,1.7442174342331562,-3.6668874321596303,7.384730110719347,-5.459392367853351,8.778867018712655,0.323,0.126,0.3215572830740781,0.1743119266055046,strat_platt,iso,0.3215572830740781,0.1743119266055046,NA,NA,NA,2026-10-04 13:00:00,2026-10-01 15:08:52,2026-10-01 15:08:40,live
WR,00-0035535,Darius Slayton,IND,WAS,2026_04_IND_WAS,2026,4,NA,NA,15,20,5.675368971131588,1.508132641352399,-3.460609014261754,6.687527790158633,-5.106574886627612,7.96769261775202,0.228,0.0745,0.3083544439159041,0.17068075117370893,strat_platt,iso,0.2233544439159041,0.08568075117370892,role_change_up,0.85,Slayton signing with Colts due to Alec Pierce's extended absence creates immediate WR opportunity in Indianapolis's passing game.,2026-10-04 09:30:00,2026-10-01 15:08:52,2026-10-01 15:08:40,live
WR,00-0039410,Ryan Flournoy,DAL,HOU,2026_04_DAL_HOU,2026,4,NA,NA,15,20,6.729357237434026,1.8921884196274503,-3.437170872210159,7.447489857205884,-5.20259643142176,8.820565535493534,0.3025,0.1145,0.3002724399626522,0.14439140811455847,strat_platt,iso,0.3002724399626522,0.14439140811455847,NA,NA,NA,2026-10-04 13:00:00,2026-10-01 15:08:52,2026-10-01 15:08:40,live
WR,00-0039424,Devaughn Vele,NO,ATL,2026_04_ATL_NO,2026,4,NA,NA,15,20,6.689889007917536,2.0514071955449844,-3.265073428462054,7.593283964604099,-5.026232747003503,8.963041535667493,0.2995,0.109,0.2971610435318345,0.14439140811455847,strat_platt,iso,0.2971610435318345,0.14439140811455847,NA,NA,NA,2026-10-05 20:15:00,2026-10-01 15:08:52,2026-10-01 15:08:40,live
WR,00-0034960,Jakobi Meyers,JAX,CIN,2026_04_JAX_CIN,2026,4,NA,Limited Participation in Practice,15,20,6.583408119521796,1.8679785502813284,-3.4135321570506325,7.373402827072827,-5.163107196634527,8.734150620519646,0.297,0.1075,0.29456894528197575,0.14439140811455847,strat_platt,iso,0.29456894528197575,0.14439140811455847,NA,NA,NA,2026-10-04 13:00:00,2026-10-01 15:08:52,2026-10-01 15:08:40,live
WR,00-0039890,Adonai Mitchell,NYJ,CHI,2026_04_NYJ_CHI,2026,4,NA,Did Not Participate In Practice,15,20,7.339237416820599,1.1778356401282402,-4.345127112770819,6.934948501305397,-6.174686553710604,8.357904885520107,0.2945,0.123,0.2919775290743031,0.14439140811455847,strat_platt,iso,0.2919775290743031,0.14439140811455847,NA,NA,NA,2026-10-04 13:00:00,2026-10-01 15:08:52,2026-10-01 15:08:40,live
WR,00-0039919,Rome Odunze,CHI,NYJ,2026_04_NYJ_CHI,2026,4,NA,NA,15,20,7.225950849544835,1.982741223052248,-3.5049962075336594,7.703135358211977,-5.322886762789878,9.11701616116458,0.3645,0.1495,0.28974676826487217,0.1028975741239892,strat_platt,iso,0.3647467682648722,0.1778975741239892,role_change_down,0.75,"Elevation of Davis suggests potential absence or reduced role for Odunze if his questionable status becomes inactive, creating opportunity uncertainty for a relevant fantasy WR.",2026-10-04 13:00:00,2026-10-01 15:08:52,2026-10-01 15:08:40,live
WR,00-0040129,Emeka Egbuka,TB,GB,2026_04_GB_TB,2026,4,NA,NA,15,20,7.405317665875824,1.2025106446849978,-4.340851455753846,6.9808876988931985,-6.177168468770471,8.409099845841473,0.292,0.111,0.28938681051056775,0.14439140811455847,strat_platt,iso,0.28938681051056775,0.14439140811455847,NA,NA,NA,2026-10-04 13:00:00,2026-10-01 15:08:52,2026-10-01 15:08:40,live
WR,00-0034348,Courtland Sutton,DEN,SF,2026_04_DEN_SF,2026,4,NA,NA,15,20,6.6213002686798905,1.4687446554028252,-3.8252483032200466,6.987180377800332,-5.5789582648947125,8.351144144259905,0.29,0.0995,0.2873147485373685,0.14439140811455847,strat_platt,iso,0.2873147485373685,0.14439140811455847,NA,NA,NA,2026-10-04 16:25:00,2026-10-01 15:08:52,2026-10-01 15:08:40,live
WR,00-0041523,Caleb Douglas,MIA,MIN,2026_04_MIA_MIN,2026,4,NA,Did Not Participate In Practice,15,20,6.893813477855899,0.231775559852193,-5.150773362988169,5.842521642348153,-6.933818738938551,7.229301292289363,0.204,0.0645,0.2837742271385889,0.1531265206812652,strat_platt,iso,0.19877422713858892,0.0681265206812652,role_change_up,0.85,Douglas's continued absence directly implies increased snap/carry opportunity for Washington and Bell in the backfield committee.,2026-10-04 16:05:00,2026-10-01 15:08:52,2026-10-01 15:08:40,live
WR,00-0038117,Wan'Dale Robinson,TEN,BAL,2026_04_TEN_BAL,2026,4,NA,NA,15,20,7.830145860875502,6.430478171033408e-4,-5.67137673347118,5.913132320819236,-7.550313420959438,7.37449230463222,0.2665,0.1015,0.26300506809481033,0.14439140811455847,strat_platt,iso,0.26300506809481033,0.14439140811455847,NA,NA,NA,2026-10-04 13:00:00,2026-10-01 15:08:52,2026-10-01 15:08:40,live
WR,00-0038393,Dontayvion Wicks,PHI,LA,2026_04_LA_PHI,2026,4,NA,NA,15,20,6.467592873667224,1.4627858383395944,-3.7803092647497873,6.928165852812151,-5.51715859268833,8.279016109057265,0.265,0.089,0.261455884809531,0.1020408163265306,strat_platt,iso,0.261455884809531,0.1020408163265306,NA,NA,NA,2026-10-04 13:00:00,2026-10-01 15:08:52,2026-10-01 15:08:40,live
WR,00-0038618,Xavier Hutchinson,HOU,DAL,2026_04_DAL_HOU,2026,4,NA,NA,15,20,6.229264161940369,1.875807289363707,-3.286940707525801,7.257433822388492,-4.997173921382638,8.587583155445182,0.265,0.0885,0.261455884809531,0.1020408163265306,strat_platt,iso,0.261455884809531,0.1020408163265306,NA,NA,NA,2026-10-04 13:00:00,2026-10-01 15:08:52,2026-10-01 15:08:40,live
WR,00-0039894,Xavier Worthy,KC,LV,2026_04_KC_LV,2026,4,NA,NA,15,20,6.191942007119688,1.7147232868272555,-3.435279441432556,7.083064206091804,-5.1412906049892095,8.409929801383717,0.263,0.093,0.2593908080957567,0.11336717428087986,strat_platt,iso,0.2593908080957567,0.11336717428087986,NA,NA,NA,2026-10-04 16:25:00,2026-10-01 15:08:52,2026-10-01 15:08:40,live
WR,00-0031408,Mike Evans,SF,DEN,2026_04_DEN_SF,2026,4,NA,Did Not Participate In Practice,15,20,7.238899112572219,1.4311360821522834,-4.060643860955556,7.155744115155026,-5.879873555597738,8.570666445863422,0.3295,0.1295,0.2563139199658438,0.10589757412398922,strat_platt,iso,0.3283139199658438,0.1778975741239892,role_change_down,0.72,"If Mike Evans misses time due to rib injury, Deebo Samuel could see increased involvement in the 49ers offense.",2026-10-04 16:25:00,2026-10-01 15:08:52,2026-10-01 15:08:40,live
WR,00-0041547,KC Concepcion,CLE,PIT,2026_04_PIT_CLE,2026,4,NA,NA,15,20,6.962671753896905,1.1334180523293471,-4.271179574080474,6.76714760956002,-6.061528894594813,8.159607968372812,0.2585,0.0965,0.25474652328479486,0.11336717428087986,strat_platt,iso,0.25474652328479486,0.11336717428087986,NA,NA,NA,2026-10-01 20:15:00,2026-10-01 15:08:52,2026-10-01 15:08:40,live
WR,00-0031588,Stefon Diggs,WAS,IND,2026_04_IND_WAS,2026,4,NA,NA,15,20,6.405826684747754,1.506882270495724,-3.7155594301586574,6.950733266196028,-5.4455670267470015,8.296262304072394,0.258,0.086,0.2542306777037016,0.1020408163265306,strat_platt,iso,0.2542306777037016,0.1020408163265306,NA,NA,NA,2026-10-04 09:30:00,2026-10-01 15:08:52,2026-10-01 15:08:40,live
WR,00-0037261,Khalil Shakir,BUF,NE,2026_04_NE_BUF,2026,4,NA,NA,15,20,6.185767638845199,1.6237918865672,-3.5240979799757746,6.989930367773027,-5.229409228237977,8.316251597621346,0.258,0.099,0.2542306777037016,0.136986301369863,strat_platt,iso,0.2542306777037016,0.136986301369863,NA,NA,NA,2026-10-04 13:00:00,2026-10-01 15:08:52,2026-10-01 15:08:40,live
WR,00-0037816,Romeo Doubs,NE,BUF,2026_04_NE_BUF,2026,4,NA,NA,15,20,6.250781945158919,1.4221697432785412,-3.747906012395366,6.811434700864333,-5.46056664987694,8.143471984575548,0.254,0.091,0.2501052840945042,0.11336717428087986,strat_platt,iso,0.2501052840945042,0.11336717428087986,NA,NA,NA,2026-10-04 13:00:00,2026-10-01 15:08:52,2026-10-01 15:08:40,live
WR,00-0039342,Xavier Legette,CAR,DET,2026_04_DET_CAR,2026,4,NA,Did Not Participate In Practice,15,20,5.3835604459723,1.1969756047155635,-3.665050785045561,6.265131214706528,-5.275665717912268,7.517801529728918,0.17,0.0455,0.24917879567722184,0.13699698568198945,strat_platt,iso,0.16417879567722185,0.05199698568198945,role_change_up,0.85,Legette's inactivity explicitly creates increased playing time for backup WRs Tremayne and Metchie in the same game.,2026-10-04 20:20:00,2026-10-01 15:08:52,2026-10-01 15:08:40,live
WR,00-0038619,Andrei Iosivas,CIN,JAX,2026_04_JAX_CIN,2026,4,NA,NA,15,20,5.137353179495407,1.3231075789171702,-3.446199507486524,6.294612981814442,-5.026099861167286,7.523394755386295,0.1695,0.0505,0.24867230914784644,0.14253424657534247,strat_platt,iso,0.16367230914784645,0.05753424657534246,role_change_up,0.85,Iosivas' 4-game IR stint creates increased target opportunity for other Bengals receivers.,2026-10-04 13:00:00,2026-10-01 15:08:52,2026-10-01 15:08:40,live
WR,00-0041037,Denzel Boston,CLE,PIT,2026_04_PIT_CLE,2026,4,NA,NA,15,20,6.6449221545286274,1.4749819634838306,-3.826771137028818,7.00150682475064,-5.583051755340634,8.36746994263417,0.2525,0.091,0.24855889958809568,0.11336717428087986,strat_platt,iso,0.24855889958809568,0.11336717428087986,NA,NA,NA,2026-10-01 20:15:00,2026-10-01 15:08:52,2026-10-01 15:08:40,live
WR,00-0039491,Jalen Coker,CAR,DET,2026_04_DET_CAR,2026,4,NA,Did Not Participate In Practice,15,20,6.131436590595991,1.9090295723823956,-3.2202145059760903,7.255731763363858,-4.919349073472379,8.577249023943706,0.2515,0.0845,0.24752817315853023,0.1020408163265306,strat_platt,iso,0.24752817315853023,0.1020408163265306,NA,NA,NA,2026-10-04 20:20:00,2026-10-01 15:08:52,2026-10-01 15:08:40,live
WR,00-0039893,Brian Thomas Jr.,JAX,CIN,2026_04_JAX_CIN,2026,4,NA,NA,15,20,6.1474050781693546,1.5403293411439571,-3.5944049953769532,6.8927545538607164,-5.295358288456533,8.215686344694115,0.2425,0.0825,0.23825892041576213,0.08568075117370892,strat_platt,iso,0.23825892041576213,0.08568075117370892,NA,NA,NA,2026-10-04 13:00:00,2026-10-01 15:08:52,2026-10-01 15:08:40,live
WR,00-0041042,Malachi Fields,NYG,ARI,2026_04_ARI_NYG,2026,4,NA,NA,15,20,6.507810665115167,1.2407031982684007,-4.015777593017302,6.720036397131037,-5.757061119285391,8.074335391187404,0.234,0.0885,0.22951723504099836,0.1020408163265306,strat_platt,iso,0.22951723504099836,0.1020408163265306,NA,NA,NA,2026-10-04 13:00:00,2026-10-01 15:08:52,2026-10-01 15:08:40,live
WR,00-0036550,Rashod Bateman,BAL,TEN,2026_04_TEN_BAL,2026,4,NA,NA,15,20,6.670857822298876,1.9764929016824944,-3.3337617718061763,7.511879766426478,-5.092858656277484,8.880033260758907,0.3135,0.123,0.22668868094554095,0.05939140811455847,strat_platt,iso,0.311688680945541,0.14439140811455847,role_change_down,0.85,"Bateman's role diminished with Zay Flowers returning from absence, shifting him back to complementary status after a larger role in Week 2.",2026-10-04 13:00:00,2026-10-01 15:08:52,2026-10-01 15:08:40,live
WR,00-0039880,Malik Washington,MIA,MIN,2026_04_MIA_MIN,2026,4,NA,NA,15,20,7.561440976632855,-0.2130322099071882,-5.8041685950265975,5.615144555266589,-7.656311514804154,7.055665444176199,0.231,0.083,0.22643500885197856,0.08568075117370892,strat_platt,iso,0.22643500885197856,0.08568075117370892,NA,NA,NA,2026-10-04 16:05:00,2026-10-01 15:08:52,2026-10-01 15:08:40,live
WR,00-0036252,Michael Pittman,PIT,CLE,2026_04_PIT_CLE,2026,4,NA,NA,15,20,6.244738514358225,1.3342317993998654,-3.8337874019010703,6.721353013462468,-5.545766776691365,8.052860438960721,0.2285,0.072,0.2238677545060272,0.08280254777070063,strat_platt,iso,0.2238677545060272,0.08280254777070063,NA,NA,NA,2026-10-01 20:15:00,2026-10-01 15:08:52,2026-10-01 15:08:40,live
WR,00-0036040,Juwan Johnson,NO,ATL,2026_04_ATL_NO,2026,4,NA,NA,15,20,6.208392828945983,1.4352397689522272,-3.7203863640615102,6.809442501392222,-5.428260359891,8.137756931313957,0.228,0.076,0.2233544439159041,0.08568075117370892,strat_platt,iso,0.2233544439159041,0.08568075117370892,NA,NA,NA,2026-10-05 20:15:00,2026-10-01 15:08:52,2026-10-01 15:08:40,live
WR,00-0038563,Tre Tucker,LV,KC,2026_04_KC_LV,2026,4,NA,NA,15,20,6.366773880418456,1.172870374394648,-4.036452280868271,6.603046133029501,-5.762114008323337,7.945195131925017,0.2265,0.0775,0.22181479574854984,0.08568075117370892,strat_platt,iso,0.22181479574854984,0.08568075117370892,NA,NA,NA,2026-10-04 16:25:00,2026-10-01 15:08:52,2026-10-01 15:08:40,live
WR,00-0039849,Marvin Harrison Jr.,ARI,NYG,2026_04_ARI_NYG,2026,4,NA,NA,15,20,5.688676515876988,1.9301754453543212,-3.0433549499139816,7.114562355989344,-4.690907159946134,8.395960972034343,0.224,0.0725,0.21924967106411333,0.08280254777070063,strat_platt,iso,0.21924967106411333,0.08280254777070063,NA,NA,NA,2026-10-04 13:00:00,2026-10-01 15:08:52,2026-10-01 15:08:40,live
WR,00-0038544,Quentin Johnston,LAC,SEA,2026_04_LAC_SEA,2026,4,NA,NA,15,20,6.789905845634495,0.4008750034605371,-4.948155439406067,5.976681565127256,-6.720097345312267,7.3548253909281,0.22,0.079,0.2151480040835406,0.08568075117370892,strat_platt,iso,0.2151480040835406,0.08568075117370892,NA,NA,NA,2026-10-04 16:25:00,2026-10-01 15:08:52,2026-10-01 15:08:40,live
WR,00-0040669,Isaac TeSlaa,DET,CAR,2026_04_DET_CAR,2026,4,NA,NA,15,20,5.555641159080003,1.8241915618484377,-3.101165395787581,6.9583626861802905,-4.732759474004267,8.227349721033214,0.2185,0.0725,0.21361069798630655,0.08280254777070063,strat_platt,iso,0.21361069798630655,0.08280254777070063,NA,NA,NA,2026-10-04 20:20:00,2026-10-01 15:08:52,2026-10-01 15:08:40,live
WR,00-0033555,Mack Hollins,NE,BUF,2026_04_NE_BUF,2026,4,NA,NA,15,20,5.928389536845624,1.4827968407009486,-3.5758892556569375,6.755949691625548,-5.251650494764383,8.059288134886312,0.215,0.072,0.2100254252110108,0.08280254777070063,strat_platt,iso,0.2100254252110108,0.08280254777070063,NA,NA,NA,2026-10-04 13:00:00,2026-10-01 15:08:52,2026-10-01 15:08:40,live
WR,00-0038090,Skyy Moore,GB,TB,2026_04_GB_TB,2026,4,NA,NA,15,20,5.097093402615513,0.7159511897701474,-4.03794732189342,5.67139475995594,-5.61274336749743,6.896206611806594,0.1405,0.041,0.2094271416428821,0.12699698568198947,strat_platt,iso,0.13442714164288208,0.05199698568198945,role_change_up,0.75,Jayden Reed's absence created increased opportunity for Moore with seven targets and a notable role in the Packers offense.,2026-10-04 13:00:00,2026-10-01 15:08:52,2026-10-01 15:08:40,live
WR,00-0040727,Tre Harris,LAC,SEA,2026_04_LAC_SEA,2026,4,NA,NA,15,20,6.551035060054079,0.6985982272212001,-4.572214756779871,6.192871242755098,-6.318246024371765,7.550862835519183,0.2115,0.0665,0.2064426876294293,0.0681265206812652,strat_platt,iso,0.2064426876294293,0.0681265206812652,NA,NA,NA,2026-10-04 16:25:00,2026-10-01 15:08:52,2026-10-01 15:08:40,live
WR,00-0039901,Keon Coleman,BUF,NE,2026_04_NE_BUF,2026,4,NA,Did Not Participate In Practice,15,20,5.530562819412348,1.5901265403695832,-3.3260734684037487,6.714752500190081,-4.954634177939262,7.981380305146469,0.21,0.065,0.20490802044540593,0.0681265206812652,strat_platt,iso,0.20490802044540593,0.0681265206812652,NA,NA,NA,2026-10-04 13:00:00,2026-10-01 15:08:52,2026-10-01 15:08:40,live
WR,00-0041067,Bryce Lance,NO,ATL,2026_04_ATL_NO,2026,4,NA,NA,15,20,5.722294968169708,1.5989939808180489,-3.3866047659580745,6.795960889687244,-5.038154787930225,8.080468840086525,0.2095,0.07,0.20439657166183703,0.08280254777070063,strat_platt,iso,0.20439657166183703,0.08280254777070063,NA,NA,NA,2026-10-05 20:15:00,2026-10-01 15:08:52,2026-10-01 15:08:40,live
WR,00-0038608,Kayshon Boutte,HOU,DAL,2026_04_DAL_HOU,2026,4,NA,NA,15,20,5.487456912165107,1.8979181728539125,-3.002485121243681,7.006077704546444,-4.625812945865085,8.26863558598476,0.2085,0.0595,0.20337383564715072,0.06790123456790123,strat_platt,iso,0.20337383564715072,0.06790123456790123,NA,NA,NA,2026-10-04 13:00:00,2026-10-01 15:08:52,2026-10-01 15:08:40,live
WR,00-0038104,Tyquan Thornton,KC,LV,2026_04_KC_LV,2026,4,NA,NA,15,20,5.479169329702099,1.5949404229838278,-3.3024174161338244,6.699925385370429,-4.924736390766592,7.961698624615698,0.205,0.064,0.19979597598410764,0.0681265206812652,strat_platt,iso,0.19979597598410764,0.0681265206812652,NA,NA,NA,2026-10-04 16:25:00,2026-10-01 15:08:52,2026-10-01 15:08:40,live
WR,00-0038840,Brycen Tremayne,CAR,DET,2026_04_DET_CAR,2026,4,NA,NA,15,20,4.863781651194618,1.4300852616260753,-3.233074906779465,6.290943569092418,-4.777812594217685,7.492377261319543,0.153,0.0385,0.19822499766673388,0.11885964912280704,strat_platt,iso,0.12322499766673388,0.04385964912280701,role_change_up,0.75,Jalen Coker's quad injury likely elevates Tremayne's target share and role in the Panthers offense going forward.,2026-10-04 20:20:00,2026-10-01 15:08:52,2026-10-01 15:08:40,live
WR,00-0037545,Rashid Shaheed,SEA,LAC,2026_04_LAC_SEA,2026,4,NA,Full Participation in Practice,15,20,5.8054374527005,1.0285839060405284,-3.9866831923060913,6.256476978282232,-5.648061274893794,7.548628791616167,0.2,0.0555,0.1946894841275388,0.06790123456790123,strat_platt,iso,0.1946894841275388,0.06790123456790123,NA,NA,NA,2026-10-04 16:25:00,2026-10-01 15:08:52,2026-10-01 15:08:40,live
WR,00-0039146,Jayden Reed,GB,TB,2026_04_GB_TB,2026,4,NA,NA,15,20,4.7702635465669,0.5822216440858314,-4.04384923066311,5.4044182297416645,-5.576300565575848,6.596296100291925,0.109,0.03,0.19450817655862385,0.1282425068119891,strat_platt,iso,0.09950817655862386,0.0332425068119891,role_change_up,0.95,Season-ending injury to WR1 Reed creates meaningful target/snap opportunity increases for remaining Packers receivers.,2026-10-04 13:00:00,2026-10-01 15:08:52,2026-10-01 15:08:40,live
WR,00-0035891,Cody White,LV,KC,2026_04_KC_LV,2026,4,NA,Full Participation in Practice,15,20,5.1245958493233426,0.8799979067566074,-3.884434300568253,5.8464217564555145,-5.462719781681309,7.073947548298384,0.128,0.0345,0.19390978473860965,0.1052425068119891,strat_platt,iso,0.12190978473860964,0.0332425068119891,role_change_up,0.72,"Cody White promoted to active roster as corresponding move to Bech's IR placement, implying increased opportunity in Raiders WR rotation.",2026-10-04 16:25:00,2026-10-01 15:08:52,2026-10-01 15:08:40,live
WR,00-0041438,Carnell Tate,TEN,BAL,2026_04_TEN_BAL,2026,4,NA,NA,15,20,7.162783557590804,-0.06246079641613081,-5.530415677800203,5.637312093674187,-7.3417529841432225,7.046096048079692,0.197,0.0705,0.19162833669585136,0.08280254777070063,strat_platt,iso,0.19162833669585136,0.08280254777070063,NA,NA,NA,2026-10-04 13:00:00,2026-10-01 15:08:52,2026-10-01 15:08:40,live
WR,00-0041525,Chris Bell,MIA,MIN,2026_04_MIA_MIN,2026,4,NA,Limited Participation in Practice,15,20,5.607867948284269,-0.01354148509548472,-4.957890407099188,5.14042678204035,-6.595775841833288,6.414306976263502,0.1235,0.0255,0.18941818110930925,0.1052425068119891,strat_platt,iso,0.11741818110930924,0.0332425068119891,role_change_up,0.72,"Chris Bell's opportunity is expected to increase with Caleb Douglas (ankle) likely to miss Week 4, implying Bell will see more offensive work.",2026-10-04 16:05:00,2026-10-01 15:08:52,2026-10-01 15:08:40,live
WR,00-0039751,Jordan Whittington,LA,PHI,2026_04_LA_PHI,2026,4,NA,NA,15,20,4.879499253558069,1.117962090325127,-3.551390355713126,5.9852752016339466,-5.0981793226023795,7.18830429498625,0.131,0.0385,0.18666536415816523,0.11885964912280704,strat_platt,iso,0.11166536415816522,0.04385964912280701,role_change_up,0.75,"Whittington's opportunity increases with Puka Nacua (hip) unavailable, expanding his target share in the passing game.",2026-10-04 13:00:00,2026-10-01 15:08:52,2026-10-01 15:08:40,live
WR,00-0038621,DeMario Douglas,NE,BUF,2026_04_NE_BUF,2026,4,NA,NA,15,20,6.102675303838085,1.1152504517041213,-4.0040836964336055,6.451622573612175,-5.699935459535652,7.770586603416142,0.191,0.0505,0.18551243052274125,0.05753424657534246,strat_platt,iso,0.18551243052274125,0.05753424657534246,NA,NA,NA,2026-10-04 13:00:00,2026-10-01 15:08:52,2026-10-01 15:08:40,live
WR,00-0033921,Chris Godwin Jr.,TB,GB,2026_04_GB_TB,2026,4,NA,Did Not Participate In Practice,15,20,5.804101154148443,1.0619977842602333,-3.952794457474776,6.289395867991562,-5.6140152371010545,7.581425337526108,0.1835,0.0505,0.1778800007267394,0.05753424657534246,strat_platt,iso,0.1778800007267394,0.05753424657534246,NA,NA,NA,2026-10-04 13:00:00,2026-10-01 15:08:52,2026-10-01 15:08:40,live
WR,00-0033908,Cooper Kupp,SEA,LAC,2026_04_LAC_SEA,2026,4,NA,NA,15,20,5.49501668746982,1.465127235051892,-3.4380517046858867,6.57618008794323,-5.062299001140238,7.839453096906523,0.1825,0.055,0.17686342498549004,0.05753424657534246,strat_platt,iso,0.17686342498549004,0.05753424657534246,NA,NA,NA,2026-10-04 16:25:00,2026-10-01 15:08:52,2026-10-01 15:08:40,live
WR,00-0040172,Jordan Watkins,SF,DEN,2026_04_DEN_SF,2026,4,NA,NA,15,20,4.588712030572929,0.9820098061850664,-3.570816105158753,5.727856153807023,-5.079004011130424,6.900862923292156,0.112,0.028,0.17620849514729342,0.1082425068119891,strat_platt,iso,0.10120849514729342,0.0332425068119891,role_change_up,0.75,"Watkins increased snap volume with Evans sidelined due to injury, implying elevated target opportunity if Evans remains out.",2026-10-04 16:25:00,2026-10-01 15:08:52,2026-10-01 15:08:40,live
WR,00-0032398,Chris Moore,BAL,TEN,2026_04_TEN_BAL,2026,4,NA,Limited Participation in Practice,15,20,5.001397128941843,1.676187995249722,-3.0407948926514043,6.593150876383326,-4.603362116336,7.80845165150574,0.179,0.058,0.17330747132154792,0.06790123456790123,strat_platt,iso,0.17330747132154792,0.06790123456790123,NA,NA,NA,2026-10-04 13:00:00,2026-10-01 15:08:52,2026-10-01 15:08:40,live
WR,00-0036259,Jauan Jennings,MIN,MIA,2026_04_MIA_MIN,2026,4,NA,NA,15,20,5.549529171528341,1.1452305602131383,-3.777896950562905,6.277077718629391,-5.408752493009347,7.545490350614758,0.177,0.052,0.1712769598340972,0.05753424657534246,strat_platt,iso,0.1712769598340972,0.05753424657534246,NA,NA,NA,2026-10-04 16:05:00,2026-10-01 15:08:52,2026-10-01 15:08:40,live
WR,00-0039855,Jalen McMillan,TB,GB,2026_04_GB_TB,2026,4,NA,NA,15,20,4.529988259735854,0.4906860070360145,-4.038084170380173,5.211456760022261,-5.5383032746261875,6.3782657219716965,0.0855,0.021,0.17059954338728162,0.10386792452830187,strat_platt,iso,0.0855995433872816,0.01886792452830188,role_change_up,0.85,McMillan's 6-8 week absence opens target share and opportunities for remaining Buccaneers WRs.,2026-10-04 13:00:00,2026-10-01 15:08:52,2026-10-01 15:08:40,live
WR,00-0040867,Makai Lemon,PHI,LA,2026_04_LA_PHI,2026,4,NA,NA,15,20,5.703849471722379,1.0882767312069703,-3.8907056354750535,6.278346753633436,-5.540063888064069,7.561150035593599,0.176,0.061,0.1702621090036078,0.06790123456790123,strat_platt,iso,0.1702621090036078,0.06790123456790123,NA,NA,NA,2026-10-04 13:00:00,2026-10-01 15:08:52,2026-10-01 15:08:40,live
WR,00-0041443,Skyler Bell,BUF,NE,2026_04_NE_BUF,2026,4,NA,NA,15,20,5.075590739734732,1.3812592257213612,-3.364380234826299,6.328093596184495,-4.936440353063356,7.5507775558079615,0.1735,0.048,0.16772617845231594,0.05199698568198945,strat_platt,iso,0.16772617845231594,0.05199698568198945,NA,NA,NA,2026-10-04 13:00:00,2026-10-01 15:08:52,2026-10-01 15:08:40,live
WR,00-0033307,Kendrick Bourne,ARI,NYG,2026_04_ARI_NYG,2026,4,NA,NA,15,20,5.54016088954212,0.9689943341347578,-3.950713135869968,6.097276456610841,-5.580435741492189,7.3648079367457315,0.1725,0.05,0.16671228999318272,0.05753424657534246,strat_platt,iso,0.16671228999318272,0.05753424657534246,NA,NA,NA,2026-10-04 13:00:00,2026-10-01 15:08:52,2026-10-01 15:08:40,live
WR,00-0037291,Jalen Nailor,LV,KC,2026_04_KC_LV,2026,4,NA,NA,15,20,5.666446746549129,1.0348808380673364,-3.930646439163565,6.210925332531172,-5.57554750327687,7.490261995886202,0.171,0.0585,0.16519198183130798,0.06790123456790123,strat_platt,iso,0.16519198183130798,0.06790123456790123,NA,NA,NA,2026-10-04 16:25:00,2026-10-01 15:08:52,2026-10-01 15:08:40,live
WR,00-0039451,Isaiah Williams,NYJ,CHI,2026_04_NYJ_CHI,2026,4,NA,NA,15,20,5.579604200423924,0.9234144713680276,-4.0106694955878,6.066682593062088,-5.645154518937848,7.337918086610518,0.169,0.0515,0.16316589399129228,0.05753424657534246,strat_platt,iso,0.16316589399129228,0.05753424657534246,NA,NA,NA,2026-10-04 13:00:00,2026-10-01 15:08:52,2026-10-01 15:08:40,live
WR,00-0037741,Jahan Dotson,ATL,NO,2026_04_ATL_NO,2026,4,NA,NA,15,20,5.859513049442099,0.7840030311302818,-4.250426224149134,6.031870654181293,-5.918152041945944,7.328959475922271,0.168,0.054,0.16215327882653752,0.05753424657534246,strat_platt,iso,0.16215327882653752,0.05753424657534246,NA,NA,NA,2026-10-05 20:15:00,2026-10-01 15:08:52,2026-10-01 15:08:40,live
WR,00-0036309,Darnell Mooney,NYG,ARI,2026_04_ARI_NYG,2026,4,NA,NA,15,20,5.447781920375768,1.0446449111788745,-3.841154282815756,6.137581191096885,-5.459644292949677,7.396376418610672,0.167,0.046,0.16114095225416106,0.05199698568198945,strat_platt,iso,0.16114095225416106,0.05199698568198945,NA,NA,NA,2026-10-04 13:00:00,2026-10-01 15:08:52,2026-10-01 15:08:40,live
WR,00-0041048,Ted Hurst III,TB,GB,2026_04_GB_TB,2026,4,NA,NA,15,20,5.76020341083375,1.0820423513862651,-3.917114805342403,6.2931424890689165,-5.573156242166083,7.581143677946339,0.167,0.051,0.16114095225416106,0.05753424657534246,strat_platt,iso,0.16114095225416106,0.05753424657534246,NA,NA,NA,2026-10-04 13:00:00,2026-10-01 15:08:52,2026-10-01 15:08:40,live
WR,00-0038839,Mitchell Tinsley,CIN,JAX,2026_04_JAX_CIN,2026,4,NA,NA,15,20,5.1185428286573655,1.488423157236056,-3.273693547903197,6.452433337314279,-4.851211986203594,7.67936255467981,0.1665,0.0515,0.1606348978424148,0.05753424657534246,strat_platt,iso,0.1606348978424148,0.05753424657534246,NA,NA,NA,2026-10-04 13:00:00,2026-10-01 15:08:52,2026-10-01 15:08:40,live
WR,00-0040134,Pat Bryant,DEN,SF,2026_04_DEN_SF,2026,4,NA,NA,15,20,5.504670436026547,1.182937263348422,-3.7237828786311873,6.297681450380983,-5.34920324835865,7.561866827680484,0.164,0.0475,0.15810572508270737,0.05199698568198945,strat_platt,iso,0.15810572508270737,0.05199698568198945,NA,NA,NA,2026-10-04 16:25:00,2026-10-01 15:08:52,2026-10-01 15:08:40,live
WR,00-0032385,Sterling Shepard,NYJ,CHI,2026_04_NYJ_CHI,2026,4,NA,NA,15,20,4.750683899598515,0.3665633246122182,-4.251688198777973,5.180609051700357,-5.7815492630804455,6.370472315881869,0.0855,0.017,0.1575995433872816,0.08803206412825651,strat_platt,iso,0.0855995433872816,0.01603206412825651,role_change_up,0.72,Release of low-usage WR opens increased target share and snaps for remaining Giants receivers.,2026-10-04 13:00:00,2026-10-01 15:08:52,2026-10-01 15:08:40,live
WR,00-0031610,Darren Waller,CAR,DET,2026_04_DET_CAR,2026,4,NA,Did Not Participate In Practice,15,20,5.029867160165068,1.485439717349626,-3.242568847315125,6.413895717002947,-4.80878848219968,7.632037187933575,0.161,0.0505,0.15507317161862508,0.05753424657534246,strat_platt,iso,0.15507317161862508,0.05753424657534246,NA,NA,NA,2026-10-04 20:20:00,2026-10-01 15:08:52,2026-10-01 15:08:40,live
WR,00-0039915,Ladd McConkey,LAC,SEA,2026_04_LAC_SEA,2026,4,NA,Limited Participation in Practice,15,20,6.472044174606836,0.43977160468691506,-4.804807432139978,5.9066984653700265,-6.542148334094255,7.257931047746968,0.16,0.0475,0.15406292478143896,0.05199698568198945,strat_platt,iso,0.15406292478143896,0.05199698568198945,NA,NA,NA,2026-10-04 16:25:00,2026-10-01 15:08:52,2026-10-01 15:08:40,live
WR,00-0040876,Elijah Sarratt,BAL,TEN,2026_04_TEN_BAL,2026,4,NA,NA,15,20,5.14357477017903,1.3997602385232355,-3.371921680507868,6.373741156841143,-4.952608731048363,7.603134791003011,0.1575,0.054,0.15153865073421463,0.05753424657534246,strat_platt,iso,0.15153865073421463,0.05753424657534246,NA,NA,NA,2026-10-04 13:00:00,2026-10-01 15:08:52,2026-10-01 15:08:40,live
WR,00-0041511,Omar Cooper Jr.,NYJ,CHI,2026_04_NYJ_CHI,2026,4,NA,NA,15,20,4.390801820636735,0.18762056535525864,-4.2833898684957665,4.8481828075448785,-5.764475241649636,6.000110337275074,0.0745,0.0195,0.15064246534404208,0.08803206412825651,strat_platt,iso,0.07864246534404208,0.01603206412825651,role_change_up,0.72,"Omar Cooper's absence creates opportunity for expanded WR role, and the Jets' signing of depth suggests Cooper's absence may be extended rather than routine.",2026-10-04 13:00:00,2026-10-01 15:08:52,2026-10-01 15:08:40,live
WR,00-0038728,Jared Wayne,HOU,DAL,2026_04_DAL_HOU,2026,4,NA,NA,15,20,5.012013661158615,1.221712532667012,-3.499386161828877,6.142965713073118,-5.063316804596568,7.359326899705121,0.156,0.0435,0.15002501859570505,0.05199698568198945,strat_platt,iso,0.15002501859570505,0.05199698568198945,NA,NA,NA,2026-10-04 13:00:00,2026-10-01 15:08:52,2026-10-01 15:08:40,live
WR,00-0039739,Roman Wilson,PIT,CLE,2026_04_PIT_CLE,2026,4,NA,NA,15,20,6.488818321200978,1.1872524665503474,-4.062913189325078,6.660002795146206,-5.802104737767566,8.012674734548886,0.2255,0.08,0.14578860167766758,0.01068075117370891,strat_platt,iso,0.2207886016776676,0.08568075117370892,role_change_down,0.75,Pittman's return from injury is expected to reduce Wilson's playing time and target share despite Wilson's strong Week 3 performance.,2026-10-01 20:15:00,2026-10-01 15:08:52,2026-10-01 15:08:40,live
WR,00-0032775,Demarcus Robinson,SF,DEN,2026_04_DEN_SF,2026,4,NA,NA,15,20,5.07136710192904,1.0324632121677246,-3.711551554033164,5.9776040081604584,-5.2830734693139885,7.199869375572359,0.1505,0.039,0.1444811581796049,0.04385964912280701,strat_platt,iso,0.1444811581796049,0.04385964912280701,NA,NA,NA,2026-10-04 16:25:00,2026-10-01 15:08:52,2026-10-01 15:08:40,live
WR,00-0040582,Arian Smith,NYJ,CHI,2026_04_NYJ_CHI,2026,4,NA,NA,15,20,4.42365670813232,-0.2663144713405281,-4.751055156303214,4.408560126155244,-6.236688869120361,5.564025168150202,0.065,0.013,0.14433232765175108,0.08803206412825651,strat_platt,iso,0.0723323276517511,0.01603206412825651,role_change_up,0.72,Season-ending ACL injury to Smith creates increased target and snap opportunities for remaining Jets receivers.,2026-10-04 13:00:00,2026-10-01 15:08:52,2026-10-01 15:08:40,live
WR,00-0041070,Reggie Virgil,ARI,NYG,2026_04_ARI_NYG,2026,4,NA,NA,15,20,5.067060924105814,1.2447174092482989,-3.49764009190816,6.188130679214054,-5.068613014728989,7.40996906278036,0.15,0.04,0.14397765701953347,0.04385964912280701,strat_platt,iso,0.14397765701953347,0.04385964912280701,NA,NA,NA,2026-10-04 13:00:00,2026-10-01 15:08:52,2026-10-01 15:08:40,live
WR,00-0039710,Jeshaun Jones,MIN,MIA,2026_04_MIA_MIN,2026,4,NA,NA,15,20,5.1730759769545065,1.138463691972606,-3.644456124728205,6.124158946979259,-5.228865887642078,7.356447954322101,0.147,0.0435,0.14095839018470852,0.05199698568198945,strat_platt,iso,0.14095839018470852,0.05199698568198945,NA,NA,NA,2026-10-04 16:05:00,2026-10-01 15:08:52,2026-10-01 15:08:40,live
WR,00-0041399,CJ Daniels,LA,PHI,2026_04_LA_PHI,2026,4,NA,NA,15,20,5.062034464623003,1.213464622804805,-3.5269573583949683,6.154860315007638,-5.0972891128849,7.3762000241119985,0.147,0.0425,0.14095839018470852,0.05199698568198945,strat_platt,iso,0.14095839018470852,0.05199698568198945,NA,NA,NA,2026-10-04 13:00:00,2026-10-01 15:08:52,2026-10-01 15:08:40,live
WR,00-0039792,Devontez Walker,BAL,TEN,2026_04_TEN_BAL,2026,4,NA,NA,15,20,4.8736998762653245,1.7064595523128243,-2.9606094768233495,6.5713924395639145,-4.506642029603417,7.773833225009031,0.1835,0.0465,0.13854159765089205,0.05199698568198945,strat_platt,iso,0.13854159765089205,0.05199698568198945,NA,NA,NA,2026-10-04 13:00:00,2026-10-01 15:08:52,2026-10-01 15:08:40,live
WR,00-0041040,Antonio Williams,WAS,IND,2026_04_IND_WAS,2026,4,NA,NA,15,20,5.188144886671024,1.05444933094987,-3.7341961327225377,6.046112975984401,-5.32050259708834,7.279877160017093,0.1445,0.0415,0.13844464794206887,0.05199698568198945,strat_platt,iso,0.13844464794206887,0.05199698568198945,NA,NA,NA,2026-10-04 09:30:00,2026-10-01 15:08:52,2026-10-01 15:08:40,live
WR,00-0040930,Camden Brown,DAL,HOU,2026_04_DAL_HOU,2026,4,NA,NA,15,20,5.065227879046486,0.9909114083622296,-3.750740379980907,5.933589046295751,-5.321479525461934,7.15524560742398,0.1445,0.0425,0.13844464794206887,0.05199698568198945,strat_platt,iso,0.13844464794206887,0.05199698568198945,NA,NA,NA,2026-10-04 13:00:00,2026-10-01 15:08:52,2026-10-01 15:08:40,live
WR,00-0032951,Laquon Treadwell,IND,WAS,2026_04_IND_WAS,2026,4,NA,NA,15,20,4.914644075256904,1.406207009259213,-3.276949120514871,6.287909021729001,-4.828310752661623,7.494494546796741,0.1545,0.0415,0.12399556548909278,0.05199698568198945,strat_platt,iso,0.12399556548909278,0.05199698568198945,NA,NA,NA,2026-10-04 09:30:00,2026-10-01 15:08:52,2026-10-01 15:08:40,live
WR,00-0037664,Alec Pierce,IND,WAS,2026_04_IND_WAS,2026,4,NA,NA,15,20,5.553251597210883,1.7984225495323698,-3.1260629485355236,6.9316852681204,-4.7573683434581895,8.20044777693331,0.213,0.072,0.1229778321167638,0,strat_platt,iso,0.2079778321167638,0.08280254777070063,role_change_down,0.85,Alec Pierce's heel injury creates reduced opportunity for him and increased target volume for Laquon Treadwell going forward.,2026-10-04 09:30:00,2026-10-01 15:08:52,2026-10-01 15:08:40,live
WR,00-0040590,Konata Mumpfield,LA,PHI,2026_04_LA_PHI,2026,4,NA,NA,15,20,5.008888225455237,0.9700630345697728,-3.7498245276344986,5.890053735831149,-5.313353965719578,7.106102881896596,0.1285,0.0355,0.12240934590000754,0.04385964912280701,strat_platt,iso,0.12240934590000754,0.04385964912280701,NA,NA,NA,2026-10-04 13:00:00,2026-10-01 15:08:52,2026-10-01 15:08:40,live
WR,00-0038576,Charlie Jones,NYG,ARI,2026_04_ARI_NYG,2026,4,NA,NA,15,20,5.083005711385744,0.9283563901753312,-3.82013344169435,5.878161975569895,-5.393137785702196,7.101580315317131,0.124,0.038,0.11791684801071256,0.04385964912280701,strat_platt,iso,0.11791684801071256,0.04385964912280701,NA,NA,NA,2026-10-04 13:00:00,2026-10-01 15:08:52,2026-10-01 15:08:40,live
WR,00-0041069,Colbie Young,CIN,JAX,2026_04_JAX_CIN,2026,4,NA,Did Not Participate In Practice,15,20,4.77944118816421,1.1121710089991246,-3.517558556402246,5.938181398215214,-5.051221884283997,7.131001907246787,0.1405,0.033,0.11672003315977096,0.0332425068119891,strat_platt,iso,0.11672003315977096,0.0332425068119891,NA,NA,NA,2026-10-04 13:00:00,2026-10-01 15:08:52,2026-10-01 15:08:40,live
WR,00-0035500,Greg Dortch,BUF,NE,2026_04_NE_BUF,2026,4,NA,NA,15,20,4.594572065030916,1.2403043056151095,-3.314912154941219,5.988642551559103,-4.823891964113482,7.1622652309128885,0.1395,0.0395,0.11619274791695498,0.04385964912280701,strat_platt,iso,0.11619274791695498,0.04385964912280701,NA,NA,NA,2026-10-04 13:00:00,2026-10-01 15:08:52,2026-10-01 15:08:40,live
WR,00-0036988,Josh Palmer,BUF,NE,2026_04_NE_BUF,2026,4,NA,NA,15,20,4.76808141057802,1.0341581732110958,-3.591042177726921,5.8554473285524296,-5.123205139328432,7.047100914154594,0.135,0.037,0.11380628633169589,0.04385964912280701,strat_platt,iso,0.11380628633169589,0.04385964912280701,NA,NA,NA,2026-10-04 13:00:00,2026-10-01 15:08:52,2026-10-01 15:08:40,live
WR,00-0041267,Malik McClain,NYJ,CHI,2026_04_NYJ_CHI,2026,4,NA,NA,15,20,5.046945169575017,0.6888108833270101,-4.045793914012561,5.624142767838976,-5.614198644162971,6.843983716353709,0.1195,0.032,0.11343253312953394,0.0332425068119891,strat_platt,iso,0.11343253312953394,0.0332425068119891,NA,NA,NA,2026-10-04 13:00:00,2026-10-01 15:08:52,2026-10-01 15:08:40,live
WR,00-0040138,Jaylin Noel,HOU,DAL,2026_04_DAL_HOU,2026,4,NA,NA,15,20,4.5842645247608536,1.3978086117137387,-3.153201779132565,6.141762468498148,-4.660788268289554,7.314301480622205,0.132,0.039,0.11220238631131856,0.04385964912280701,strat_platt,iso,0.11220238631131856,0.04385964912280701,NA,NA,NA,2026-10-04 13:00:00,2026-10-01 15:08:52,2026-10-01 15:08:40,live
WR,00-0040075,LaJohntay Wester,BAL,TEN,2026_04_TEN_BAL,2026,4,NA,NA,15,20,4.610355014062944,1.1447791051971188,-3.416866956148374,5.899819539631537,-4.927976661420175,7.075098764919133,0.1295,0.037,0.1108575338171534,0.04385964912280701,strat_platt,iso,0.1108575338171534,0.04385964912280701,NA,NA,NA,2026-10-04 13:00:00,2026-10-01 15:08:52,2026-10-01 15:08:40,live
WR,00-0037524,Tay Martin,DET,CAR,2026_04_DET_CAR,2026,4,NA,NA,15,20,4.647056275454786,1.0551148187576067,-3.521432541135737,5.825688303360259,-5.037478512078742,7.004806753869975,0.1295,0.0355,0.1108575338171534,0.04385964912280701,strat_platt,iso,0.1108575338171534,0.04385964912280701,NA,NA,NA,2026-10-04 20:20:00,2026-10-01 15:08:52,2026-10-01 15:08:40,live
WR,00-0041106,C.J. Williams,JAX,CIN,2026_04_JAX_CIN,2026,4,NA,NA,15,20,4.604155782268051,1.1403899814720035,-3.418732206773432,5.892799541331595,-4.929005843423274,7.067428506695061,0.126,0.0255,0.10896157126430069,0.0332425068119891,strat_platt,iso,0.10896157126430069,0.0332425068119891,NA,NA,NA,2026-10-04 13:00:00,2026-10-01 15:08:52,2026-10-01 15:08:40,live
WR,00-0038519,Nikko Remigio,KC,LV,2026_04_KC_LV,2026,4,NA,NA,15,20,4.63938288064415,0.979537698535003,-3.593899884442475,5.746869564919549,-5.108915697846821,6.925186801096686,0.1255,0.034,0.10868942652833648,0.0332425068119891,strat_platt,iso,0.10868942652833648,0.0332425068119891,NA,NA,NA,2026-10-04 16:25:00,2026-10-01 15:08:52,2026-10-01 15:08:40,live
WR,00-0041132,Deion Burks,IND,WAS,2026_04_IND_WAS,2026,4,NA,NA,15,20,4.5755033379217105,1.218223518490573,-3.3292074245725427,5.95844617414427,-4.8356081710805086,7.130062964210542,0.125,0.033,0.10841695163334016,0.0332425068119891,strat_platt,iso,0.10841695163334016,0.0332425068119891,NA,NA,NA,2026-10-04 09:30:00,2026-10-01 15:08:52,2026-10-01 15:08:40,live
WR,00-0041100,Josh Cameron,JAX,CIN,2026_04_JAX_CIN,2026,4,NA,NA,15,20,4.667249685862403,1.1783463183915222,-3.406370355422072,5.957435461046112,-4.925122527018151,7.13865868356273,0.1245,0.0375,0.10814414421767908,0.04385964912280701,strat_platt,iso,0.10814414421767908,0.04385964912280701,NA,NA,NA,2026-10-04 13:00:00,2026-10-01 15:08:52,2026-10-01 15:08:40,live
WR,00-0039816,Anthony Gould,IND,WAS,2026_04_IND_WAS,2026,4,NA,NA,15,20,4.5755033379217105,1.2047708543077034,-3.3426600887554123,5.9449935099614,-4.849060835263378,7.116610300027673,0.1235,0.031,0.10759752226657364,0.0332425068119891,strat_platt,iso,0.10759752226657364,0.0332425068119891,NA,NA,NA,2026-10-04 09:30:00,2026-10-01 15:08:52,2026-10-01 15:08:40,live
WR,00-0041099,Barion Brown,NO,ATL,2026_04_ATL_NO,2026,4,NA,NA,15,20,4.657180527264761,1.1595867786490257,-3.421058988831076,5.934432425872308,-4.938462615189961,7.114606805147363,0.1235,0.0295,0.10759752226657364,0.0332425068119891,strat_platt,iso,0.10759752226657364,0.0332425068119891,NA,NA,NA,2026-10-05 20:15:00,2026-10-01 15:08:52,2026-10-01 15:08:40,live
WR,00-0034854,KhaDarel Hodge,SF,DEN,2026_04_DEN_SF,2026,4,NA,Did Not Participate In Practice,15,20,4.884697542130813,0.83982216747194,-3.831575668452397,5.709267384490346,-5.3790421996389135,6.912823459596254,0.123,0.0375,0.10732370289568062,0.04385964912280701,strat_platt,iso,0.10732370289568062,0.04385964912280701,NA,NA,NA,2026-10-04 16:25:00,2026-10-01 15:08:52,2026-10-01 15:08:40,live
WR,00-0040785,Dohnte Meyers,CIN,JAX,2026_04_JAX_CIN,2026,4,NA,NA,15,20,4.6819236157483335,0.8337594086460411,-3.756880608819463,5.619023019506429,-5.2775949716859065,6.801772354010849,0.1225,0.034,0.10704954133259573,0.0332425068119891,strat_platt,iso,0.10704954133259573,0.0332425068119891,NA,NA,NA,2026-10-04 13:00:00,2026-10-01 15:08:52,2026-10-01 15:08:40,live
WR,00-0035544,Tom Kennedy,DET,CAR,2026_04_DET_CAR,2026,4,NA,NA,15,20,4.647056275454786,1.0551148187576067,-3.521432541135737,5.825688303360259,-5.037478512078742,7.004806753869975,0.1225,0.0305,0.10704954133259573,0.0332425068119891,strat_platt,iso,0.10704954133259573,0.0332425068119891,NA,NA,NA,2026-10-04 20:20:00,2026-10-01 15:08:52,2026-10-01 15:08:40,live
WR,00-0039355,Luke McCaffrey,WAS,IND,2026_04_IND_WAS,2026,4,NA,NA,15,20,4.601233723747398,0.8489966901438817,-3.708935156181581,5.600165442653635,-5.218814475253147,6.774487723958163,0.121,0.029,0.10622497861390544,0.0332425068119891,strat_platt,iso,0.10622497861390544,0.0332425068119891,NA,NA,NA,2026-10-04 09:30:00,2026-10-01 15:08:52,2026-10-01 15:08:40,live
WR,00-0036849,Tutu Atwell,LA,PHI,2026_04_LA_PHI,2026,4,NA,NA,15,20,4.4766660138838965,1.2331355859775366,-3.273632011393378,5.930970943194324,-4.766562450144458,7.092111079706147,0.1205,0.033,0.10594942328552658,0.0332425068119891,strat_platt,iso,0.10594942328552658,0.0332425068119891,NA,NA,NA,2026-10-04 13:00:00,2026-10-01 15:08:52,2026-10-01 15:08:40,live
WR,00-0036646,Simi Fehoko,ARI,NYG,2026_04_ARI_NYG,2026,4,NA,NA,15,20,4.604155782268051,1.0958604605132034,-3.463261727732232,5.848270020372795,-4.973535364382075,7.022898985736261,0.1165,0.0295,0.10373198593530922,0.0332425068119891,strat_platt,iso,0.10373198593530922,0.0332425068119891,NA,NA,NA,2026-10-04 13:00:00,2026-10-01 15:08:52,2026-10-01 15:08:40,live
WR,00-0040390,Jackson Meeks,DET,CAR,2026_04_DET_CAR,2026,4,NA,NA,15,20,4.481920219624071,0.7713411833186304,-3.7376013076904777,5.471443640404878,-5.231252210686353,6.633144124492074,0.1155,0.03,0.1031739180821412,0.0332425068119891,strat_platt,iso,0.1031739180821412,0.0332425068119891,NA,NA,NA,2026-10-04 20:20:00,2026-10-01 15:08:52,2026-10-01 15:08:40,live
WR,00-0040648,Tory Horton,SEA,LAC,2026_04_LAC_SEA,2026,4,NA,NA,15,20,4.561284889082343,1.3381201734465804,-3.203493119257388,6.072278535132895,-4.7079666868914645,7.24239644441904,0.115,0.026,0.10289431259760257,0.0332425068119891,strat_platt,iso,0.10289431259760257,0.0332425068119891,NA,NA,NA,2026-10-04 16:25:00,2026-10-01 15:08:52,2026-10-01 15:08:40,live
WR,00-0040729,Jack Bech,LV,KC,2026_04_KC_LV,2026,4,NA,NA,15,20,4.846396948050577,0.641319249692883,-4.014978115783244,5.495023800602038,-5.557442402792638,6.694689335106771,0.114,0.0265,0.10233394415945286,0.0332425068119891,strat_platt,iso,0.10233394415945286,0.0332425068119891,NA,NA,NA,2026-10-04 16:25:00,2026-10-01 15:08:52,2026-10-01 15:08:40,live
WR,00-0039868,Troy Franklin,DEN,SF,2026_04_DEN_SF,2026,4,NA,NA,15,20,4.660080487728121,0.8862482884484932,-3.695570448152616,5.662316633689933,-5.213362637104675,6.84279322103227,0.113,0.0275,0.1017720129452626,0.0332425068119891,strat_platt,iso,0.1017720129452626,0.0332425068119891,NA,NA,NA,2026-10-04 16:25:00,2026-10-01 15:08:52,2026-10-01 15:08:40,live
WR,00-0041467,Lewis Bond,HOU,DAL,2026_04_DAL_HOU,2026,4,NA,NA,15,20,4.4240260383372805,1.1603711034411073,-3.3245235849970594,5.835406233504093,-4.810208313641237,6.990910953519425,0.113,0.0295,0.1017720129452626,0.0332425068119891,strat_platt,iso,0.1017720129452626,0.0332425068119891,NA,NA,NA,2026-10-04 13:00:00,2026-10-01 15:08:52,2026-10-01 15:08:40,live
WR,00-0035021,Ashton Dulin,IND,WAS,2026_04_IND_WAS,2026,4,NA,Did Not Participate In Practice,15,20,4.44732869048917,0.8820131563653907,-3.6125830211144567,5.567161077304092,-5.101481505067425,6.7251653245452765,0.1115,0.029,0.10092613370278342,0.0332425068119891,strat_platt,iso,0.10092613370278342,0.0332425068119891,NA,NA,NA,2026-10-04 09:30:00,2026-10-01 15:08:52,2026-10-01 15:08:40,live
WR,00-0040277,Jahdae Walker,CHI,NYJ,2026_04_NYJ_CHI,2026,4,NA,NA,15,20,4.515499313914715,0.7595243052649545,-3.763282391597823,5.47407875151015,-5.261526008657793,6.639351260453242,0.1105,0.027,0.1003601902885606,0.0332425068119891,strat_platt,iso,0.1003601902885606,0.0332425068119891,NA,NA,NA,2026-10-04 13:00:00,2026-10-01 15:08:52,2026-10-01 15:08:40,live
WR,00-0039365,Jacob Cowing,SF,DEN,2026_04_DEN_SF,2026,4,NA,NA,15,20,4.7072761835378785,0.7753727777787419,-3.825475471728952,5.57127740626126,-5.349571455682426,6.756656827117133,0.11,0.0235,0.1000766020464875,0.0332425068119891,strat_platt,iso,0.1000766020464875,0.0332425068119891,NA,NA,NA,2026-10-04 16:25:00,2026-10-01 15:08:52,2026-10-01 15:08:40,live
WR,00-0040024,Darius Cooper,PHI,LA,2026_04_LA_PHI,2026,4,NA,Full Participation in Practice,15,20,4.528953837841727,0.9152212429872436,-3.613123551017265,5.635548578116104,-5.113201740998296,6.802247942722869,0.1095,0.0295,0.0997925985435093,0.0332425068119891,strat_platt,iso,0.0997925985435093,0.0332425068119891,NA,NA,NA,2026-10-04 13:00:00,2026-10-01 15:08:52,2026-10-01 15:08:40,live
WR,00-0040621,Montorie Foster Jr,SEA,LAC,2026_04_LAC_SEA,2026,4,NA,NA,15,20,4.6506048460267015,0.9489722096862084,-3.629012248048427,5.721043718960589,-5.145534277954842,6.900532428630015,0.1095,0.027,0.0997925985435093,0.0332425068119891,strat_platt,iso,0.0997925985435093,0.0332425068119891,NA,NA,NA,2026-10-04 16:25:00,2026-10-01 15:08:52,2026-10-01 15:08:40,live
WR,00-0040170,Elic Ayomanor,TEN,BAL,2026_04_TEN_BAL,2026,4,NA,NA,15,20,5.492486205776786,-0.3456521657709943,-5.247902264776419,4.764432467495213,-6.871841869615411,6.027466166524842,0.1055,0.024,0.09953721058051988,0.0332425068119891,strat_platt,iso,0.09953721058051988,0.0332425068119891,NA,NA,NA,2026-10-04 13:00:00,2026-10-01 15:08:52,2026-10-01 15:08:40,live
WR,00-0037231,Kevin Austin Jr.,NO,ATL,2026_04_ATL_NO,2026,4,NA,NA,15,20,4.6174451398888925,0.8925047178832415,-3.6720254754589208,5.650551559232615,-5.1840905902019605,6.826573862868046,0.109,0.025,0.09950817655862386,0.0332425068119891,strat_platt,iso,0.09950817655862386,0.0332425068119891,NA,NA,NA,2026-10-05 20:15:00,2026-10-01 15:08:52,2026-10-01 15:08:40,live
WR,00-0033589,David Moore,CAR,DET,2026_04_DET_CAR,2026,4,NA,NA,15,20,4.4675682045283605,1.2150359655427148,-3.287962183971472,5.908942066361002,-4.779643939864826,7.069111028499092,0.1085,0.022,0.09922333283594233,0.01886792452830188,strat_platt,iso,0.09922333283594233,0.01886792452830188,NA,NA,NA,2026-10-04 20:20:00,2026-10-01 15:08:52,2026-10-01 15:08:40,live
WR,00-0036331,Devin Duvernay,ARI,NYG,2026_04_ARI_NYG,2026,4,NA,NA,15,20,4.604155782268051,1.081128366138161,-3.4779938221072744,5.833537925997753,-4.988267458757117,7.008166891361219,0.108,0.03,0.09893806408413992,0.0332425068119891,strat_platt,iso,0.09893806408413992,0.0332425068119891,NA,NA,NA,2026-10-04 13:00:00,2026-10-01 15:08:52,2026-10-01 15:08:40,live
WR,00-0034419,Braxton Berrios,NYG,ARI,2026_04_ARI_NYG,2026,4,NA,NA,15,20,4.604155782268051,0.8893024461447679,-3.669819742100667,5.64171200600436,-5.18009337875051,6.816340971367826,0.107,0.0245,0.09836623814732158,0.0332425068119891,strat_platt,iso,0.09836623814732158,0.0332425068119891,NA,NA,NA,2026-10-04 13:00:00,2026-10-01 15:08:52,2026-10-01 15:08:40,live
WR,00-0036862,Ben Skowronek,PIT,CLE,2026_04_PIT_CLE,2026,4,NA,NA,15,20,4.432905980591873,0.922155963939166,-3.566439210582301,5.6010484649416155,-5.053349777522457,6.757506591766393,0.1065,0.0235,0.09807967419737744,0.0332425068119891,strat_platt,iso,0.09807967419737744,0.0332425068119891,NA,NA,NA,2026-10-01 20:15:00,2026-10-01 15:08:52,2026-10-01 15:08:40,live
WR,00-0031235,Odell Beckham Jr.,NYG,ARI,2026_04_ARI_NYG,2026,4,NA,NA,15,20,4.477900389444141,0.7528628921166487,-3.754415790079424,5.451231001979382,-5.247515532899502,6.612502816260434,0.106,0.0225,0.0977926716872774,0.0332425068119891,strat_platt,iso,0.0977926716872774,0.0332425068119891,NA,NA,NA,2026-10-04 13:00:00,2026-10-01 15:08:52,2026-10-01 15:08:40,live
WR,00-0039062,Jonathan Mingo,DAL,HOU,2026_04_DAL_HOU,2026,4,NA,NA,15,20,4.4240260383372805,0.8664570942376053,-3.6184375942005618,5.541492224300592,-5.10412232284474,6.696996944315924,0.106,0.026,0.0977926716872774,0.0332425068119891,strat_platt,iso,0.0977926716872774,0.0332425068119891,NA,NA,NA,2026-10-04 13:00:00,2026-10-01 15:08:52,2026-10-01 15:08:40,live
WR,00-0036626,Dyami Brown,WAS,IND,2026_04_IND_WAS,2026,4,NA,NA,15,20,4.966518017605626,0.4397717478264276,-4.263652919620983,5.34260159767935,-5.821728791228215,6.554409183146794,0.1055,0.0275,0.09750522713988084,0.0332425068119891,strat_platt,iso,0.09750522713988084,0.0332425068119891,NA,NA,NA,2026-10-04 09:30:00,2026-10-01 15:08:52,2026-10-01 15:08:40,live
WR,00-0041397,Kaden Wetjen,PIT,CLE,2026_04_PIT_CLE,2026,4,NA,NA,15,20,4.66718985904298,0.6223877319114219,-3.96230476951909,5.401451677376793,-5.481048933671763,6.58266867203196,0.1035,0.0245,0.09635095765701096,0.0332425068119891,strat_platt,iso,0.09635095765701096,0.0332425068119891,NA,NA,NA,2026-10-01 20:15:00,2026-10-01 15:08:52,2026-10-01 15:08:40,live
WR,00-0040506,Myles Price,MIN,MIA,2026_04_MIA_MIN,2026,4,NA,NA,15,20,4.509210430995369,0.568459445661966,-3.951755314842198,5.280312068481376,-5.449140316364208,6.444916781432718,0.1025,0.026,0.09577107736065602,0.0332425068119891,strat_platt,iso,0.09577107736065602,0.0332425068119891,NA,NA,NA,2026-10-04 16:05:00,2026-10-01 15:08:52,2026-10-01 15:08:40,live
WR,00-0037091,Bo Melton,GB,TB,2026_04_GB_TB,2026,4,NA,NA,15,20,4.427478135183487,0.7116177598220762,-3.7747160196760863,5.3881529922794815,-5.26087746756553,6.544028484994703,0.102,0.024,0.0954804378368587,0.0332425068119891,strat_platt,iso,0.0954804378368587,0.0332425068119891,NA,NA,NA,2026-10-04 13:00:00,2026-10-01 15:08:52,2026-10-01 15:08:40,live
WR,00-0036630,Tylan Wallace,CLE,PIT,2026_04_PIT_CLE,2026,4,NA,Did Not Participate In Practice,15,20,4.650290380233973,0.8680288079065126,-3.709828323746009,5.639967593014951,-5.226308175088846,6.819423497925497,0.102,0.019,0.0954804378368587,0.01603206412825651,strat_platt,iso,0.0954804378368587,0.01603206412825651,NA,NA,NA,2026-10-01 20:15:00,2026-10-01 15:08:52,2026-10-01 15:08:40,live
WR,00-0040718,Travis Hunter,JAX,CIN,2026_04_JAX_CIN,2026,4,NA,NA,15,20,4.663709520561753,0.3519390397620305,-4.231346954249275,5.129536847881428,-5.7496251929480415,6.3103914648054475,0.1015,0.027,0.09518932700062278,0.0332425068119891,strat_platt,iso,0.09518932700062278,0.0332425068119891,NA,NA,NA,2026-10-04 13:00:00,2026-10-01 15:08:52,2026-10-01 15:08:40,live
WR,00-0036980,Elijah Moore,PHI,LA,2026_04_LA_PHI,2026,4,NA,NA,15,20,4.599532389751084,0.5888089969648446,-3.968429581872232,5.339255090396095,-5.478079246293709,6.513398755721717,0.101,0.023,0.09489774100006924,0.0332425068119891,strat_platt,iso,0.09489774100006924,0.0332425068119891,NA,NA,NA,2026-10-04 13:00:00,2026-10-01 15:08:52,2026-10-01 15:08:40,live
WR,00-0037801,KaVontae Turpin,DAL,HOU,2026_04_DAL_HOU,2026,4,NA,NA,15,20,4.477617781310289,0.9138388185807688,-3.593322858956303,5.612084963285073,-5.086383842330032,6.773326632056558,0.1005,0.026,0.0946056759381337,0.0332425068119891,strat_platt,iso,0.0946056759381337,0.0332425068119891,NA,NA,NA,2026-10-04 13:00:00,2026-10-01 15:08:52,2026-10-01 15:08:40,live
WR,00-0035406,Lil'Jordan Humphrey,DEN,SF,2026_04_DEN_SF,2026,4,NA,NA,15,20,4.516652375436176,0.600112237333859,-3.9231694583519174,5.315161820329976,-5.421570425482843,6.480556709712321,0.1,0.0245,0.09431312787179984,0.0332425068119891,strat_platt,iso,0.09431312787179984,0.0332425068119891,NA,NA,NA,2026-10-04 16:25:00,2026-10-01 15:08:52,2026-10-01 15:08:40,live
WR,00-0040154,Tai Felton,MIN,MIA,2026_04_MIA_MIN,2026,4,NA,NA,15,20,4.432905980591873,0.7673397386782457,-3.7212554358432217,5.446232239680695,-5.208166002783377,6.602690366505472,0.0995,0.0205,0.0940200928113162,0.01603206412825651,strat_platt,iso,0.0940200928113162,0.01603206412825651,NA,NA,NA,2026-10-04 16:05:00,2026-10-01 15:08:52,2026-10-01 15:08:40,live
WR,00-0038640,Jalen Brooks,ARI,NYG,2026_04_ARI_NYG,2026,4,NA,NA,15,20,4.4240260383372805,0.9969779167958512,-3.487916771642315,5.6720130468588374,-4.9736015002864935,6.827517766874169,0.099,0.0235,0.09372656671939504,0.0332425068119891,strat_platt,iso,0.09372656671939504,0.0332425068119891,NA,NA,NA,2026-10-04 13:00:00,2026-10-01 15:08:52,2026-10-01 15:08:40,live
WR,00-0036463,Chris Blair,ATL,NO,2026_04_ATL_NO,2026,4,NA,NA,15,20,4.5003313928952995,0.5996654753815762,-3.9168862014760575,5.30769971540238,-5.413057754787694,6.471360658045295,0.098,0.022,0.09313802504947916,0.01886792452830188,strat_platt,iso,0.09313802504947916,0.01886792452830188,NA,NA,NA,2026-10-05 20:15:00,2026-10-01 15:08:52,2026-10-01 15:08:40,live
WR,00-0040890,Cyrus Allen,KC,LV,2026_04_KC_LV,2026,4,NA,NA,15,20,4.408272949982324,0.4446533355743781,-4.033665886842632,5.1128342278500885,-5.517172399468374,6.266644820678145,0.098,0.0215,0.09313802504947916,0.01886792452830188,strat_platt,iso,0.09313802504947916,0.01886792452830188,NA,NA,NA,2026-10-04 16:25:00,2026-10-01 15:08:52,2026-10-01 15:08:40,live
WR,00-0040894,Malik Benson,LV,KC,2026_04_KC_LV,2026,4,NA,Full Participation in Practice,15,20,4.503326432571323,0.5573521393530952,-3.9604356285582103,5.266674875425941,-5.4570166544950105,6.430654289102426,0.0955,0.0215,0.09165778569416408,0.01886792452830188,strat_platt,iso,0.09165778569416408,0.01886792452830188,NA,NA,NA,2026-10-04 16:25:00,2026-10-01 15:08:52,2026-10-01 15:08:40,live
WR,00-0035662,Marquise Brown,PHI,LA,2026_04_LA_PHI,2026,4,NA,Did Not Participate In Practice,15,20,4.593722125175917,0.8099816037697398,-3.744888242673088,5.557958540637429,-5.253753231023251,6.731491917059487,0.0945,0.024,0.09106204470886084,0.0332425068119891,strat_platt,iso,0.09106204470886084,0.0332425068119891,NA,NA,NA,2026-10-04 13:00:00,2026-10-01 15:08:52,2026-10-01 15:08:40,live
WR,00-0038976,Marvin Mims Jr.,DEN,SF,2026_04_DEN_SF,2026,4,NA,Full Participation in Practice,15,20,4.629938400297713,0.746856801804372,-3.822749081264783,5.5101945205168565,-5.336495589939808,6.687524543473321,0.094,0.0245,0.0907633751841332,0.0332425068119891,strat_platt,iso,0.0907633751841332,0.0332425068119891,NA,NA,NA,2026-10-04 16:25:00,2026-10-01 15:08:52,2026-10-01 15:08:40,live
WR,00-0040948,J. Michael Sturdivant,GB,TB,2026_04_GB_TB,2026,4,NA,NA,15,20,4.482672554419917,0.7007229880062807,-3.8085307969771143,5.40114993660608,-5.302284820499968,6.562930623614768,0.0935,0.0165,0.09046416683258046,0.01603206412825651,strat_platt,iso,0.09046416683258046,0.01603206412825651,NA,NA,NA,2026-10-04 13:00:00,2026-10-01 15:08:52,2026-10-01 15:08:40,live
WR,00-0035208,Olamide Zaccheaus,ATL,NO,2026_04_ATL_NO,2026,4,NA,NA,15,20,4.762736393816013,0.29247238268046216,-4.3305946788930445,5.111537806270104,-5.862050958253207,6.302641763374591,0.093,0.0165,0.09016441497703048,0.01603206412825651,strat_platt,iso,0.09016441497703048,0.01603206412825651,NA,NA,NA,2026-10-05 20:15:00,2026-10-01 15:08:52,2026-10-01 15:08:40,live
WR,00-0037093,Dareke Young,LV,KC,2026_04_KC_LV,2026,4,NA,NA,15,20,4.447406823933107,0.7914667814042654,-3.703161874624607,5.476648557844202,-5.192071117555801,6.6346611729779035,0.093,0.023,0.09016441497703048,0.0332425068119891,strat_platt,iso,0.09016441497703048,0.0332425068119891,NA,NA,NA,2026-10-04 16:25:00,2026-10-01 15:08:52,2026-10-01 15:08:40,live
WR,00-0038573,Derius Davis,LAC,SEA,2026_04_LAC_SEA,2026,4,NA,NA,15,20,4.471046927683747,0.7597216904664985,-3.744718313371713,5.455130774093863,-5.23687770388058,6.615671220869327,0.093,0.0285,0.09016441497703048,0.0332425068119891,strat_platt,iso,0.09016441497703048,0.0332425068119891,NA,NA,NA,2026-10-04 16:25:00,2026-10-01 15:08:52,2026-10-01 15:08:40,live
WR,00-0040646,Jalen Royals,KC,LV,2026_04_KC_LV,2026,4,NA,NA,15,20,4.404700825734567,0.6600670825260568,-3.816759183261074,5.326691723166621,-5.29977113291051,6.48011766517176,0.092,0.016,0.0895632617453611,0.01603206412825651,strat_platt,iso,0.0895632617453611,0.01603206412825651,NA,NA,NA,2026-10-04 16:25:00,2026-10-01 15:08:52,2026-10-01 15:08:40,live
WR,00-0040131,Kyle Williams,NE,BUF,2026_04_NE_BUF,2026,4,NA,NA,15,20,4.557914967497776,0.7378523714740762,-3.8023805125953056,5.470571801076396,-5.306396800366605,6.640334056818005,0.0915,0.0255,0.08926185071168095,0.0332425068119891,strat_platt,iso,0.08926185071168095,0.0332425068119891,NA,NA,NA,2026-10-04 13:00:00,2026-10-01 15:08:52,2026-10-01 15:08:40,live
WR,00-0040218,Jimmy Horn Jr.,CAR,DET,2026_04_DET_CAR,2026,4,NA,NA,15,20,4.431735856340969,0.7252531525410043,-3.762854652766725,5.4036376219498905,-5.249603771769224,6.559970181182564,0.0915,0.0175,0.08926185071168095,0.01603206412825651,strat_platt,iso,0.08926185071168095,0.01603206412825651,NA,NA,NA,2026-10-04 20:20:00,2026-10-01 15:08:52,2026-10-01 15:08:40,live
WR,00-0034837,Calvin Ridley,TEN,BAL,2026_04_TEN_BAL,2026,4,NA,NA,15,20,4.89092791525206,0.0945507221843299,-4.579296914203089,4.966549600776123,-6.12757497640406,6.170736851460241,0.091,0.02,0.08895987685660199,0.01603206412825651,strat_platt,iso,0.08895987685660199,0.01603206412825651,NA,NA,NA,2026-10-04 13:00:00,2026-10-01 15:08:52,2026-10-01 15:08:40,live
WR,00-0037132,Britain Covey,PHI,LA,2026_04_LA_PHI,2026,4,NA,NA,15,20,4.6506048460267015,0.4831512035340803,-4.094833254200555,5.255222712808461,-5.61135528410697,6.434711422477887,0.09,0.0185,0.08835422066779511,0.01603206412825651,strat_platt,iso,0.08835422066779511,0.01603206412825651,NA,NA,NA,2026-10-04 13:00:00,2026-10-01 15:08:52,2026-10-01 15:08:40,live
WR,00-0040405,Jamaal Pritchett,NYJ,CHI,2026_04_NYJ_CHI,2026,4,NA,NA,15,20,4.623446640453436,0.44237009899268653,-4.124599357033699,5.202959617379627,-5.637472512003067,6.379610381601266,0.0895,0.0185,0.08805052816177648,0.01603206412825651,strat_platt,iso,0.08805052816177648,0.01603206412825651,NA,NA,NA,2026-10-04 13:00:00,2026-10-01 15:08:52,2026-10-01 15:08:40,live
WR,00-0039920,Malachi Corley,CLE,PIT,2026_04_PIT_CLE,2026,4,NA,NA,15,20,4.509937907033184,0.5150965673672224,-4.0054181280934165,5.2272618411083736,-5.5029024873072725,6.391943830402189,0.089,0.02,0.08774625248726801,0.01603206412825651,strat_platt,iso,0.08774625248726801,0.01603206412825651,NA,NA,NA,2026-10-01 20:15:00,2026-10-01 15:08:52,2026-10-01 15:08:40,live
WR,00-0040164,Jaylin Lane,WAS,IND,2026_04_IND_WAS,2026,4,NA,NA,15,20,4.427774030798505,0.3775153209053668,-4.108941779181756,5.0541791022197025,-5.5951440787585796,6.210086367703855,0.0875,0.0175,0.0868298735289538,0.01603206412825651,strat_platt,iso,0.0868298735289538,0.01603206412825651,NA,NA,NA,2026-10-04 09:30:00,2026-10-01 15:08:52,2026-10-01 15:08:40,live
WR,00-0038359,Xavier Smith,LA,PHI,2026_04_LA_PHI,2026,4,NA,NA,15,20,4.537842544253676,0.7025570117926784,-3.829441204737199,5.426692659008576,-5.330729642545724,6.594333304797071,0.0865,0.0235,0.08621594009292949,0.0332425068119891,strat_platt,iso,0.08621594009292949,0.0332425068119891,NA,NA,NA,2026-10-04 13:00:00,2026-10-01 15:08:52,2026-10-01 15:08:40,live
WR,00-0041044,Zachariah Branch,ATL,NO,2026_04_ATL_NO,2026,4,NA,NA,15,20,4.414179205542929,0.4665003606780873,-4.014285798799018,5.137252777642958,-5.498609519179083,6.291698961184943,0.0865,0.0185,0.08621594009292949,0.01603206412825651,strat_platt,iso,0.08621594009292949,0.01603206412825651,NA,NA,NA,2026-10-05 20:15:00,2026-10-01 15:08:52,2026-10-01 15:08:40,live
WR,00-0037742,Treylon Burks,WAS,IND,2026_04_IND_WAS,2026,4,NA,NA,15,20,4.578082317379111,0.3122732674757839,-4.236211755481209,5.053594691523412,-5.7429616808461805,6.225483058600352,0.0855,0.018,0.0855995433872816,0.01603206412825651,strat_platt,iso,0.0855995433872816,0.01603206412825651,NA,NA,NA,2026-10-04 09:30:00,2026-10-01 15:08:52,2026-10-01 15:08:40,live
WR,00-0041529,Kevin Coleman Jr.,MIA,MIN,2026_04_MIA_MIN,2026,4,NA,NA,15,20,4.960286920012407,-0.07674212921747298,-4.777738746608101,4.823556731592992,-6.335010292330257,6.034738745336695,0.0845,0.02,0.08498063747386896,0.01603206412825651,strat_platt,iso,0.08498063747386896,0.01603206412825651,NA,NA,NA,2026-10-04 16:05:00,2026-10-01 15:08:52,2026-10-01 15:08:40,live
WR,00-0040237,Tez Johnson,TB,GB,2026_04_GB_TB,2026,4,NA,NA,15,20,4.491846279384109,0.595163483913296,-3.917883646769587,5.29954459992115,-5.4128942696482145,6.462302618431448,0.0795,0.0155,0.08184676816548352,0.01603206412825651,strat_platt,iso,0.08184676816548352,0.01603206412825651,NA,NA,NA,2026-10-04 13:00:00,2026-10-01 15:08:52,2026-10-01 15:08:40,live
WR,00-0040782,Isaiah Bond,CLE,PIT,2026_04_PIT_CLE,2026,4,NA,NA,15,20,4.48924146922372,0.5292481836052819,-3.982722319117391,5.232507027210851,-5.477376293773476,6.394987659343954,0.078,0.022,0.08089319191779254,0.01886792452830188,strat_platt,iso,0.08089319191779254,0.01886792452830188,NA,NA,NA,2026-10-01 20:15:00,2026-10-01 15:08:52,2026-10-01 15:08:40,live
WR,00-0041051,Zavion Thomas,CHI,NYJ,2026_04_NYJ_CHI,2026,4,NA,NA,15,20,4.418893368970885,0.05764701331755026,-4.425106773622897,4.730450476773593,-5.910082298399057,5.8854036070733216,0.0755,0.019,0.0792893037415815,0.01603206412825651,strat_platt,iso,0.0792893037415815,0.01603206412825651,NA,NA,NA,2026-10-04 13:00:00,2026-10-01 15:08:52,2026-10-01 15:08:40,live
WR,00-0041550,Brenen Thompson,LAC,SEA,2026_04_LAC_SEA,2026,4,NA,Did Not Participate In Practice,15,20,4.674800181006551,0.15800786863708116,-4.429758038611362,4.9402755192429115,-5.94952031186265,6.122284357447559,0.0755,0.017,0.0792893037415815,0.01603206412825651,strat_platt,iso,0.0792893037415815,0.01603206412825651,NA,NA,NA,2026-10-04 16:25:00,2026-10-01 15:08:52,2026-10-01 15:08:40,live
WR,00-0039589,Kameron Johnson,TB,GB,2026_04_GB_TB,2026,4,NA,NA,15,20,4.671966446637017,0.4367689637928907,-4.149852892708703,5.217844060770676,-5.669236182986818,6.399558141544045,0.0745,0.023,0.07864246534404208,0.0332425068119891,strat_platt,iso,0.07864246534404208,0.0332425068119891,NA,NA,NA,2026-10-04 13:00:00,2026-10-01 15:08:52,2026-10-01 15:08:40,live
WR,00-0040563,Efton Chism III,NE,BUF,2026_04_NE_BUF,2026,4,NA,NA,15,20,4.4678692332351995,-0.1749798593286741,-4.678102804744835,4.519056328206547,-6.169825901043848,5.679257443218627,0.074,0.0155,0.07831788272061777,0.01603206412825651,strat_platt,iso,0.07831788272061777,0.01603206412825651,NA,NA,NA,2026-10-04 13:00:00,2026-10-01 15:08:52,2026-10-01 15:08:40,live
WR,00-0037666,Jalen Tolbert,MIA,MIN,2026_04_MIA_MIN,2026,4,NA,NA,15,20,4.68944310120287,-0.18959476462582553,-4.78326589632623,4.598828466808915,-6.30498435860691,5.782358748704222,0.069,0.014,0.07502739020213382,0.01603206412825651,strat_platt,iso,0.07502739020213382,0.01603206412825651,NA,NA,NA,2026-10-04 16:05:00,2026-10-01 15:08:52,2026-10-01 15:08:40,live
WR,00-0038824,Ryan Miller,MIA,MIN,2026_04_MIA_MIN,2026,4,NA,NA,15,20,4.562586634403586,-0.16942681631691317,-4.711573177433582,4.565287213613413,-6.216223331510617,5.735542464600926,0.066,0.0105,0.07301163227816547,0.01603206412825651,strat_platt,iso,0.07301163227816547,0.01603206412825651,NA,NA,NA,2026-10-04 16:05:00,2026-10-01 15:08:52,2026-10-01 15:08:40,live
WR,00-0040705,Chimere Dike,TEN,BAL,2026_04_TEN_BAL,2026,4,NA,NA,15,20,4.47769235173974,-0.7255307893647382,-5.232723340772528,3.972747538130968,-6.725794551552123,5.133997161359763,0.055,0.0105,0.06531198052401868,0.01603206412825651,strat_platt,iso,0.06531198052401868,0.01603206412825651,NA,NA,NA,2026-10-04 13:00:00,2026-10-01 15:08:52,2026-10-01 15:08:40,live
WR,00-0034272,Marquez Valdes-Scantling,LAC,SEA,2026_04_LAC_SEA,2026,4,NA,NA,15,20,4.42871908813147,-0.8557020219918389,-5.342552961688553,3.8213722960548737,-6.828885726200264,4.977381031820813,0.051,0.0065,0.06237234050884837,0,strat_platt,iso,0.06237234050884837,0,NA,NA,NA,2026-10-04 16:25:00,2026-10-01 15:08:52,2026-10-01 15:08:40,live
WR,00-0037614,John Metchie III,CAR,DET,2026_04_DET_CAR,2026,4,NA,NA,15,20,4.941050549908578,1.0531346649669997,-3.640354835298324,5.945608138845466,-5.195139542411324,7.154855991393732,0.1295,0.0355,0.0388575338171534,0,strat_platt,iso,0.1108575338171534,0.04385964912280701,role_change_down,0.72,"Blurb explicitly warns that Metchie's opportunity may diminish upon Jalen Coker's return from quad injury, implying a role reduction.",2026-10-04 20:20:00,2026-10-01 15:08:52,2026-10-01 15:08:40,live
WR,00-0036407,Jerry Jeudy,CLE,PIT,2026_04_PIT_CLE,2026,4,NA,NA,15,20,5.544719798151378,0.4960649008403389,-4.425307296376291,5.6260823278750065,-6.0555813664069085,6.894042714435694,0.133,0.038,0.03490973018821795,0,strat_platt,iso,0.12690973018821797,0.04385964912280701,role_change_down,0.92,"Blurb explicitly states Jeudy has fallen behind rookies in receiving room and won't be fantasy relevant, indicating a clear downward shift in opportunity/role.",2026-10-01 20:15:00,2026-10-01 15:08:52,2026-10-01 15:08:40,live
WR,00-0040870,Ja'Kobi Lane,BAL,TEN,2026_04_TEN_BAL,2026,4,NA,NA,15,20,4.8225490945208644,1.39044214517857,-3.2564174004272957,6.234308752833801,-4.795755276266081,7.431542692805255,0.1525,0.042,0.02796768907781062,0,strat_platt,iso,0.12296768907781062,0.05199698568198945,role_change_down,0.95,"WR expected to miss approximately one month due to wrist surgery, reducing target opportunity during that period.",2026-10-04 13:00:00,2026-10-01 15:08:52,2026-10-01 15:08:40,live
WR,00-0041489,Germie Bernard,PIT,CLE,2026_04_PIT_CLE,2026,4,NA,NA,15,20,4.834158451768791,0.9150473980879912,-3.736409989729113,5.763706776890211,-5.277270965759206,6.962125321795794,0.102,0.026,0.01048043783685868,0,strat_platt,iso,0.0954804378368587,0.0332425068119891,role_change_down,0.85,"Target share collapsed from 8 to 1 in consecutive weeks, signaling a meaningful decrease in receiving opportunity and role.",2026-10-01 20:15:00,2026-10-01 15:08:52,2026-10-01 15:08:40,live
QB,00-0034857,Josh Allen,BUF,NE,2026_04_NE_BUF,2026,4,NA,NA,20,25,6.032480281900971,8.743759045802307,-4.668014138588141,22.155532230192755,-7.937018542442097,25.42453663404671,0.6225,0.375,0.6459522423730873,0.3640792649374913,platt_vol_vegas,platt,0.6459522423730873,0.3640792649374913,NA,NA,NA,2026-10-04 13:00:00,2026-10-03 15:08:53,2026-10-03 15:08:41,live
QB,00-0033873,Patrick Mahomes,KC,LV,2026_04_KC_LV,2026,4,NA,Full Participation in Practice,20,25,2.8892618933490013,4.351484956072669,-9.06028822831778,17.763258140463115,-12.329292632171734,21.03226254431707,0.411,0.222,0.4936814465093319,0.29673255087280875,platt_vol_vegas,platt,0.40868144650933186,0.21173255087280873,role_change_up,0.85,Waiver of backup QB who started final two games suggests starter Mahomes returning to full role/snaps.,2026-10-04 16:25:00,2026-10-03 15:08:53,2026-10-03 15:08:41,live
QB,00-0039918,Caleb Williams,CHI,NYJ,2026_04_NYJ_CHI,2026,4,Out,Did Not Participate In Practice,20,25,4.9316035987203835,4.136121810357043,-9.275651374033403,17.54789499474749,-12.54465577788736,20.816899398601446,0.4135,0.2215,0.46658340484536154,0.2962405711422393,platt_vol_vegas,platt,0.3815834048453615,0.2112405711422393,role_change_up,0.85,"Tyson Bagent's expected return in Week 4 implies Caleb Williams will reclaim the starting QB role from Case Keenum, restoring his opportunity.",2026-10-04 13:00:00,2026-10-03 15:08:53,2026-10-03 15:08:41,live
QB,00-0034796,Lamar Jackson,BAL,TEN,2026_04_TEN_BAL,2026,4,NA,Full Participation in Practice,20,25,3.711653753859408,6.5880692601306405,-6.823703924259807,19.99984244452109,-10.092708328113762,23.268846848375045,0.4395,0.2295,0.43523214840435526,0.21911751930251663,platt_vol_vegas,platt,0.43523214840435526,0.21911751930251663,NA,NA,NA,2026-10-04 13:00:00,2026-10-03 15:08:53,2026-10-03 15:08:41,live
QB,00-0039163,C.J. Stroud,HOU,DAL,2026_04_DAL_HOU,2026,4,NA,NA,20,25,2.76932617486616,5.515904688322726,-7.895868496067722,18.927677872713176,-11.164872899921678,22.19668227656713,0.436,0.246,0.4179785713363994,0.2353983823510904,platt_vol_vegas,platt,0.4179785713363994,0.2353983823510904,NA,NA,NA,2026-10-04 13:00:00,2026-10-03 15:08:53,2026-10-03 15:08:41,live
QB,00-0040743,Tyler Shough,NO,ATL,2026_04_ATL_NO,2026,4,NA,NA,20,25,3.1204404646472335,4.885795851803076,-8.525977332587372,18.29756903619352,-11.794981736441327,21.56657344004748,0.463,0.2565,0.4169472554764844,0.2457823934304035,platt_vol_vegas,platt,0.4169472554764844,0.2457823934304035,NA,NA,NA,2026-10-05 20:15:00,2026-10-03 15:08:53,2026-10-03 15:08:41,live
QB,00-0033106,Jared Goff,DET,CAR,2026_04_DET_CAR,2026,4,NA,NA,20,25,1.3877486651044757,5.597711967904125,-7.814061216486323,19.009485152294573,-11.083065620340278,22.27848955614853,0.4075,0.228,0.4101503941001786,0.21763974010568768,platt_vol_vegas,platt,0.4101503941001786,0.21763974010568768,NA,NA,NA,2026-10-04 20:20:00,2026-10-03 15:08:53,2026-10-03 15:08:41,live
QB,00-0036442,Joe Burrow,CIN,JAX,2026_04_JAX_CIN,2026,4,NA,NA,20,25,1.9144853704627232,4.496621635533374,-8.915151548857075,17.90839481992382,-12.18415595271103,21.177399223777776,0.351,0.178,0.4005700643497307,0.1686163454600118,platt_vol_vegas,platt,0.4005700643497307,0.1686163454600118,NA,NA,NA,2026-10-04 13:00:00,2026-10-03 15:08:53,2026-10-03 15:08:41,live
QB,00-0039851,Drake Maye,NE,BUF,2026_04_NE_BUF,2026,4,NA,Full Participation in Practice,20,25,4.463870358139775,3.184611579771887,-10.227161604618562,16.596384764162334,-13.496166008472516,19.86538916801629,0.4095,0.2025,0.38859521320888074,0.19257885331624777,platt_vol_vegas,platt,0.38859521320888074,0.19257885331624777,NA,NA,NA,2026-10-04 13:00:00,2026-10-03 15:08:53,2026-10-03 15:08:41,live
QB,00-0036971,Trevor Lawrence,JAX,CIN,2026_04_JAX_CIN,2026,4,NA,NA,20,25,2.9198986433058276,5.130291491113119,-8.281481693277328,18.542064675503568,-11.550486097131284,21.811069079357523,0.3575,0.1795,0.3860581687704189,0.1700799957100049,platt_vol_vegas,platt,0.3860581687704189,0.1700799957100049,NA,NA,NA,2026-10-04 13:00:00,2026-10-03 15:08:53,2026-10-03 15:08:41,live
QB,00-0037834,Brock Purdy,SF,DEN,2026_04_DEN_SF,2026,4,NA,NA,20,25,3.2043844620412765,4.581509756926848,-8.8302634274636,17.993282941317297,-12.099267831317556,21.262287345171252,0.366,0.181,0.3783110827829198,0.17154410670521983,platt_vol_vegas,platt,0.3783110827829198,0.17154410670521983,NA,NA,NA,2026-10-04 16:25:00,2026-10-03 15:08:53,2026-10-03 15:08:41,live
QB,00-0039910,Jayden Daniels,WAS,IND,2026_04_IND_WAS,2026,4,Out,Limited Participation in Practice,20,25,5.522213006686118,3.515251735005517,-9.896521449384933,16.927024919395965,-13.165525853238886,20.19602932324992,0.3865,0.1825,0.3681980419993752,0.17300867587814164,platt_vol_vegas,platt,0.3681980419993752,0.17300867587814164,NA,NA,NA,2026-10-04 09:30:00,2026-10-03 15:08:53,2026-10-03 15:08:41,live
QB,00-0039917,Michael Penix Jr.,ATL,NO,2026_04_ATL_NO,2026,4,NA,NA,20,25,1.549203847245304,4.255441500384254,-9.156331684006194,17.667214684774702,-12.425336087860147,20.936219088628658,0.2955,0.1485,0.3623051191796547,0.2349289304306707,platt_vol_vegas,platt,0.2673051191796547,0.1399289304306707,role_change_up,0.95,"Michael Penix returns as starting QB, increasing his snap count and opportunity after Tua's injury forced a benching.",2026-10-05 20:15:00,2026-10-03 15:08:53,2026-10-03 15:08:41,live
QB,00-0035710,Daniel Jones,IND,WAS,2026_04_IND_WAS,2026,4,NA,NA,20,25,2.49345544391537,4.643098444700495,-8.768674739689953,18.054871629090943,-12.037679143543908,21.3238760329449,0.36,0.177,0.35889718290603984,0.1676408358791598,platt_vol_vegas,platt,0.35889718290603984,0.1676408358791598,NA,NA,NA,2026-10-04 09:30:00,2026-10-03 15:08:53,2026-10-03 15:08:41,live
QB,00-0033077,Dak Prescott,DAL,HOU,2026_04_DAL_HOU,2026,4,NA,NA,20,25,2.9098732554218305,3.742510682496863,-9.669262501893584,17.15428386688731,-12.93826690574754,20.423288270741267,0.3695,0.197,0.3412104548126174,0.1871893044646353,platt_vol_vegas,platt,0.3412104548126174,0.1871893044646353,NA,NA,NA,2026-10-04 13:00:00,2026-10-03 15:08:53,2026-10-03 15:08:41,live
QB,00-0033119,Jacoby Brissett,ARI,NYG,2026_04_ARI_NYG,2026,4,NA,NA,20,25,2.7217397294522576,4.5090749230371525,-8.902698261353295,17.920848107427602,-12.17170266520725,21.18985251128156,0.4095,0.221,0.3352513994258543,0.21074863574251448,platt_vol_vegas,platt,0.3352513994258543,0.21074863574251448,NA,NA,NA,2026-10-04 13:00:00,2026-10-03 15:08:53,2026-10-03 15:08:41,live
QB,00-0039150,Bryce Young,CAR,DET,2026_04_DET_CAR,2026,4,NA,Full Participation in Practice,20,25,1.9020558212211391,3.7450361289782457,-9.666737055412202,17.156809313368694,-12.935741459266158,20.42581371722265,0.344,0.179,0.3350741275265738,0.16959206097168786,platt_vol_vegas,platt,0.3350741275265738,0.16959206097168786,NA,NA,NA,2026-10-04 20:20:00,2026-10-03 15:08:53,2026-10-03 15:08:41,live
QB,00-0039732,Bo Nix,DEN,SF,2026_04_DEN_SF,2026,4,NA,NA,20,25,3.0487007703360613,3.3151686169052006,-10.096604567485247,16.72694180129565,-13.365608971339205,19.995946205149604,0.3195,0.149,0.3059730334070012,0.14041354320276644,platt_vol_vegas,platt,0.3059730334070012,0.14041354320276644,NA,NA,NA,2026-10-04 16:25:00,2026-10-03 15:08:53,2026-10-03 15:08:41,live
QB,00-0026498,Matthew Stafford,LA,PHI,2026_04_LA_PHI,2026,4,NA,NA,20,25,1.2565429075382606,4.0724106511996645,-9.339362533190783,17.484183835590112,-12.60836693704474,20.753188239444068,0.3255,0.163,0.25078052907782417,0.1540057736453082,platt_vol_vegas,platt,0.25078052907782417,0.1540057736453082,NA,NA,NA,2026-10-04 13:00:00,2026-10-03 15:08:53,2026-10-03 15:08:41,live
QB,00-0034869,Sam Darnold,SEA,LAC,2026_04_LAC_SEA,2026,4,NA,NA,20,25,1.5377667779614008,1.9099415733849183,-11.50183161100553,15.321714757775366,-14.770836014859483,18.590719161629323,0.231,0.0925,0.24297901066272456,0.08605612114347229,platt_vol_vegas,platt,0.24297901066272456,0.08605612114347229,NA,NA,NA,2026-10-04 16:25:00,2026-10-03 15:08:53,2026-10-03 15:08:41,live
QB,00-0035228,Kyler Murray,MIN,MIA,2026_04_MIA_MIN,2026,4,NA,NA,20,25,2.377890124187959,0.468356868482468,-12.94341631590798,13.880130052872916,-16.212420719761937,17.14913445672687,0.246,0.0965,0.23985283122788303,0.08987493161579076,platt_vol_vegas,platt,0.23985283122788303,0.08987493161579076,NA,NA,NA,2026-10-04 16:05:00,2026-10-03 15:08:53,2026-10-03 15:08:41,live
QB,00-0036389,Jalen Hurts,PHI,LA,2026_04_LA_PHI,2026,4,NA,NA,20,25,4.727578004063811,-0.32314185228119574,-13.734915036671644,13.088631332109252,-17.0039194405256,16.357635735963207,0.257,0.1105,0.2395360711222672,0.1032789146656592,platt_vol_vegas,platt,0.2395360711222672,0.1032789146656592,NA,NA,NA,2026-10-04 13:00:00,2026-10-03 15:08:53,2026-10-03 15:08:41,live
QB,00-0029604,Kirk Cousins,LV,KC,2026_04_KC_LV,2026,4,NA,NA,20,25,1.2773816962675746,1.0122391135497906,-12.399534070840655,14.42401229794024,-15.668538474694612,17.693016701794193,0.2545,0.115,0.234621083544991,0.10759934059745752,platt_vol_vegas,platt,0.234621083544991,0.10759934059745752,NA,NA,NA,2026-10-04 16:25:00,2026-10-03 15:08:53,2026-10-03 15:08:41,live
QB,00-0030565,Geno Smith,NYJ,CHI,2026_04_NYJ_CHI,2026,4,NA,NA,20,25,2.8690341301481403,-0.7565160106658828,-14.168289195056332,12.655257173724564,-17.437293598910287,15.92426157757852,0.2685,0.117,0.22425809464925903,0.10952132725270648,platt_vol_vegas,platt,0.22425809464925903,0.10952132725270648,NA,NA,NA,2026-10-04 13:00:00,2026-10-03 15:08:53,2026-10-03 15:08:41,live
QB,00-0036264,Jordan Love,GB,TB,2026_04_GB_TB,2026,4,NA,NA,20,25,2.0456106490573807,3.064063723077298,-10.34770946131315,16.475836907467745,-13.616713865167103,19.7448413113217,0.343,0.1825,0.21824802577098676,0.17300867587814164,platt_vol_vegas,platt,0.21824802577098676,0.17300867587814164,NA,NA,NA,2026-10-04 13:00:00,2026-10-03 15:08:53,2026-10-03 15:08:41,live
QB,00-0036825,Feleipe Franks,CAR,DET,2026_04_DET_CAR,2026,4,NA,NA,20,25,2.1405332897664775,-2.4937612078044173,-15.905534392194866,10.91801197658603,-19.17453879604882,14.187016380439983,0.1115,0.0335,0.20638377938431596,0.03043835898019097,platt_vol_vegas,platt,0.20638377938431596,0.03043835898019097,NA,NA,NA,2026-10-04 20:20:00,2026-10-03 15:08:53,2026-10-03 15:08:41,live
QB,00-0036355,Justin Herbert,LAC,SEA,2026_04_LAC_SEA,2026,4,NA,NA,20,25,3.863592317719154,-3.2543762008671955,-16.666149385257643,10.157396983523252,-19.9351537891116,13.426401387377208,0.1875,0.065,0.17957082921698592,0.05994899975373432,platt_vol_vegas,platt,0.17957082921698592,0.05994899975373432,NA,NA,NA,2026-10-04 16:25:00,2026-10-03 15:08:53,2026-10-03 15:08:41,live
QB,00-0038128,Malik Willis,MIA,MIN,2026_04_MIA_MIN,2026,4,NA,NA,20,25,4.657537539725477,-7.516347618788311,-20.928120803178757,5.895425565602137,-24.197125207032713,9.164429969456092,0.131,0.053,0.12000309533075072,0.0486489788369163,platt_vol_vegas,platt,0.12000309533075072,0.0486489788369163,NA,NA,NA,2026-10-04 16:05:00,2026-10-03 15:08:53,2026-10-03 15:08:41,live
QB,00-0040676,Cam Ward,TEN,BAL,2026_04_TEN_BAL,2026,4,NA,NA,20,25,2.5807066264630594,-6.307204358863104,-19.71897754325355,7.104568825527344,-22.987981947107507,10.3735732293813,0.1075,0.0335,0.11240348625943042,0.03043835898019097,platt_vol_vegas,platt,0.11240348625943042,0.03043835898019097,NA,NA,NA,2026-10-04 13:00:00,2026-10-03 15:08:53,2026-10-03 15:08:41,live
QB,00-0031503,Jameis Winston,NYG,ARI,2026_04_ARI_NYG,2026,4,NA,NA,20,25,2.0158032707699536,-2.3534105589882417,-15.765183743378689,11.058362625402207,-19.034188147232644,14.327367029256164,0.157,0.065,0.10207092800858752,0,platt_vol_vegas,platt,0.1740709280085875,0.05994899975373432,role_change_down,0.72,McCarthy's acquisition creates potential quarterback competition that could reduce Winston's snap certainty and role clarity in New York's offense.,2026-10-04 13:00:00,2026-10-03 15:08:53,2026-10-03 15:08:41,live
QB,00-0034855,Baker Mayfield,TB,GB,2026_04_GB_TB,2026,4,Out,Did Not Participate In Practice,20,25,3.4533284219586844,-1.0972836872222471,-14.509056871612696,12.3144894971682,-17.77806127546665,15.583493901022155,0.2115,0.086,0.07416701565458274,0,platt_vol_vegas,platt,0.15916701565458274,0.07986149376528805,role_change_down,0.85,"QB Baker Mayfield left the game with a dislocated thumb, creating uncertainty around his availability and potential impact on passing volume/efficiency for Egbuka and other Buccaneers receivers.",2026-10-04 13:00:00,2026-10-03 15:08:53,2026-10-03 15:08:41,live
QB,00-0027973,Andy Dalton,PHI,LA,2026_04_LA_PHI,2026,4,NA,NA,20,25,1.9421989034747231,-6.628159494940519,-20.039932679330967,6.783613689449929,-23.30893708318492,10.052618093303884,0.074,0.016,0.06916701565458273,0,platt_vol_vegas,platt,0.1061162958717322,0.01431710844662188,NA,NA,NA,2026-10-04 13:00:00,2026-10-03 15:08:53,2026-10-03 15:08:41,live
QB,00-0028986,Case Keenum,CHI,NYJ,2026_04_NYJ_CHI,2026,4,NA,NA,20,25,2.447057899489232,2.4647076221144513,-10.947065562275997,15.8764808065049,-14.216069966129952,19.145485210358856,0.3025,0.1405,0.06916701565458273,0,platt_vol_vegas,platt,0.2768856146231919,0.13218311412292946,role_change_down,0.95,"Starting QB role being taken away from Keenum after strong performance, reducing his opportunity.",2026-10-04 13:00:00,2026-10-03 15:08:53,2026-10-03 15:08:41,live
QB,00-0032268,Marcus Mariota,WAS,IND,2026_04_IND_WAS,2026,4,NA,NA,20,25,2.7465260159214373,2.134525008859664,-11.277248175530785,15.546298193250111,-14.546252579384738,18.81530259710407,0.265,0.11,0.06916701565458273,0,platt_vol_vegas,platt,0.25344936568558957,0.10279921776677033,role_change_up,0.95,"Mariota confirmed for a second straight start at QB, increasing his snap count and passing volume opportunities.",2026-10-04 09:30:00,2026-10-03 15:08:53,2026-10-03 15:08:41,live
QB,00-0032950,Carson Wentz,MIN,MIA,2026_04_MIA_MIN,2026,4,NA,NA,20,25,2.0844240831211116,3.3755167499340386,-10.036256434456408,16.787289934324487,-13.305260838310364,20.056294338178443,0.288,0.134,0.06916701565458273,0,platt_vol_vegas,platt,0.25362173949748823,0.1259009697076538,role_change_down,0.85,"Wentz's role is at risk of being benched if Kyler Murray returns from concussion, reducing his snap count and passing opportunities.",2026-10-04 16:05:00,2026-10-03 15:08:53,2026-10-03 15:08:41,live
QB,00-0033662,Cooper Rush,ATL,NO,2026_04_ATL_NO,2026,4,NA,NA,20,25,1.6810773233908696,-1.0766462918847322,-14.48841947627518,12.335126892505716,-17.757423880129135,15.604131296359672,0.1795,0.0675,0.06916701565458273,0,platt_vol_vegas,platt,0.2129605503480291,0.06231082792763581,NA,NA,NA,2026-10-05 20:15:00,2026-10-03 15:08:53,2026-10-03 15:08:41,live
QB,00-0035704,Drew Lock,SEA,LAC,2026_04_LAC_SEA,2026,4,NA,NA,20,25,1.7751018767255309,3.165635658517443,-10.246137525873005,16.577408842907893,-13.51514192972696,19.84641324676185,0.265,0.118,0.06916701565458273,0,platt_vol_vegas,platt,0.26393109580023594,0.11048272938967953,NA,NA,NA,2026-10-04 16:25:00,2026-10-03 15:08:53,2026-10-03 15:08:41,live
QB,00-0038102,Kenny Pickett,CAR,DET,2026_04_DET_CAR,2026,4,NA,NA,20,25,1.304461605277755,-2.501815501325164,-15.913588685715611,10.909957683065285,-19.18259308956957,14.178962086919238,0.0975,0.0255,0.06916701565458273,0,platt_vol_vegas,platt,0.1822979095153144,0.02303603774914128,NA,NA,NA,2026-10-04 20:20:00,2026-10-03 15:08:53,2026-10-03 15:08:41,live
QB,00-0038416,Tyson Bagent,CHI,NYJ,2026_04_NYJ_CHI,2026,4,NA,NA,20,25,1.8300804842998573,-4.529540150912491,-17.94131333530294,8.882233033477956,-21.210317739156896,12.151237437331911,0.098,0.036,0.06916701565458273,0,platt_vol_vegas,platt,0.1566036605459556,0.03276078089977872,NA,NA,NA,2026-10-04 13:00:00,2026-10-03 15:08:53,2026-10-03 15:08:41,live
QB,00-0038476,Tommy DeVito,NE,BUF,2026_04_NE_BUF,2026,4,NA,NA,20,25,1.6863551846275568,-3.055354263717763,-16.46712744810821,10.356418920672684,-19.736131851962167,13.62542332452664,0.1255,0.038,0.06916701565458273,0,platt_vol_vegas,platt,0.18527417852579803,0.03462157084051211,NA,NA,NA,2026-10-04 13:00:00,2026-10-03 15:08:53,2026-10-03 15:08:41,live
QB,00-0039107,Stetson Bennett,LA,PHI,2026_04_LA_PHI,2026,4,NA,NA,20,25,1.7060250414778486,-0.6567469107067608,-14.06852009509721,12.755026273683686,-17.337524498951165,16.02403067753764,0.1685,0.0555,0.06916701565458273,0,platt_vol_vegas,platt,0.18756909190942064,0.05099788810434007,role_change_up,0.85,"Bennett elevated to backup QB role over rookie Simpson, increasing his opportunity for playing time if starter is injured.",2026-10-04 13:00:00,2026-10-03 15:08:53,2026-10-03 15:08:41,live
QB,00-0040691,Jaxson Dart,NYG,ARI,2026_04_ARI_NYG,2026,4,NA,NA,20,25,4.57996774344194,1.8039014986250217,-11.607871685765426,15.21567468301547,-14.87687608961938,18.484679086869424,0.305,0.136,0.06916701565458273,0,platt_vol_vegas,platt,0.29023036827750937,0.12783283371997334,NA,NA,NA,2026-10-04 13:00:00,2026-10-03 15:08:53,2026-10-03 15:08:41,live
QB,00-0041194,Jack Strand,ATL,NO,2026_04_ATL_NO,2026,4,NA,NA,20,25,2.4206799239080596,-1.673820567395056,-15.085593751785504,11.737952616995392,-18.354598155639454,15.006957020849349,0.156,0.0495,0.06916701565458273,0,platt_vol_vegas,platt,0.21162311861390587,0.04536548192828363,NA,NA,NA,2026-10-05 20:15:00,2026-10-03 15:08:53,2026-10-03 15:08:41,live
QB,00-0041251,Jalon Daniels,TB,GB,2026_04_GB_TB,2026,4,NA,NA,20,25,1.7364189450473482,-3.0185463934034096,-16.430319577793856,10.393226790987038,-19.69932398164781,13.662231194840992,0.1145,0.0365,0.06916701565458273,0,platt_vol_vegas,platt,0.10130253768219435,0.03322574579039934,role_change_up,0.95,"Rookie QB Jalon Daniels confirmed as starter with Baker Mayfield ruled out for multiple weeks, materially increasing his snap volume and opportunity.",2026-10-04 13:00:00,2026-10-03 15:08:53,2026-10-03 15:08:41,live
QB,00-0026158,Joe Flacco,CIN,JAX,2026_04_JAX_CIN,2026,4,NA,NA,20,25,1.610729645706994,-1.5420400163672778,-14.953813200757724,11.86973316802317,-18.22281760461168,15.138737571877126,0.1745,0.064,0.06916701565458273,0,platt_vol_vegas,platt,0.2925633228012251,0.05900497680467688,NA,NA,NA,2026-10-04 13:00:00,2026-10-03 15:08:53,2026-10-03 15:08:41,live
QB,00-0028118,Tyrod Taylor,GB,TB,2026_04_GB_TB,2026,4,NA,NA,20,25,2.7599864459860677,0.09223829072608812,-13.31953489366436,13.504011475116537,-16.588539297518317,16.77301587897049,0.2135,0.08,0.06916701565458273,0,platt_vol_vegas,platt,0.17962028414963618,0.07415591866266888,NA,NA,NA,2026-10-04 13:00:00,2026-10-03 15:08:53,2026-10-03 15:08:41,live
QB,00-0033869,Mitchell Trubisky,TEN,BAL,2026_04_TEN_BAL,2026,4,NA,NA,20,25,2.633750281820879,-8.410538495124241,-21.82231167951469,5.001234689266207,-25.09131608336865,8.270239093120162,0.049,0.006,0.06916701565458273,0,platt_vol_vegas,platt,0.07813439953731932,0.00526740306765055,NA,NA,NA,2026-10-04 13:00:00,2026-10-03 15:08:53,2026-10-03 15:08:41,live
QB,00-0033949,Joshua Dobbs,DET,CAR,2026_04_DET_CAR,2026,4,NA,NA,20,25,2.1375441302021305,-0.9048024097588828,-14.316575594149333,12.506970774631563,-17.585579998003286,15.77597517848552,0.1865,0.0785,0.06916701565458273,0,platt_vol_vegas,platt,0.3066452283498049,0.07273147905576888,NA,NA,NA,2026-10-04 20:20:00,2026-10-03 15:08:53,2026-10-03 15:08:41,live
QB,00-0034577,Kyle Allen,BUF,NE,2026_04_NE_BUF,2026,4,NA,NA,20,25,2.0275604265227165,1.5668563513672134,-11.844916833023234,14.978629535757662,-15.11392123687719,18.247633939611617,0.2165,0.0855,0.06916701565458273,0,platt_vol_vegas,platt,0.34336920575006696,0.0793855607173039,NA,NA,NA,2026-10-04 13:00:00,2026-10-03 15:08:53,2026-10-03 15:08:41,live
QB,00-0035264,Jarrett Stidham,DEN,SF,2026_04_DEN_SF,2026,4,NA,NA,20,25,2.1133940113952425,-1.0513504727587966,-14.463123657149245,12.360422711631651,-17.7321280610032,15.629427115485608,0.1595,0.057,0.06916701565458273,0,platt_vol_vegas,platt,0.20669829736823975,0.05240860768770103,NA,NA,NA,2026-10-04 16:25:00,2026-10-03 15:08:53,2026-10-03 15:08:41,live
QB,00-0035289,Gardner Minshew,ARI,NYG,2026_04_ARI_NYG,2026,4,NA,NA,20,25,2.2133602422441183,-0.5156329667232313,-13.92740615111368,12.896140217667217,-17.196410554967635,16.165144621521172,0.157,0.057,0.06916701565458273,0,platt_vol_vegas,platt,0.20354346259101255,0.05240860768770103,NA,NA,NA,2026-10-04 13:00:00,2026-10-03 15:08:53,2026-10-03 15:08:41,live
QB,00-0035993,Tyler Huntley,BAL,TEN,2026_04_TEN_BAL,2026,4,NA,NA,20,25,2.0958733535608634,-0.4641696780336023,-13.87594286242405,12.947603506356844,-17.144947266278006,16.2166079102108,0.174,0.0655,0.06916701565458273,0,platt_vol_vegas,platt,0.25940623143720837,0.06042116410905633,NA,NA,NA,2026-10-04 13:00:00,2026-10-03 15:08:53,2026-10-03 15:08:41,live
QB,00-0036212,Tua Tagovailoa,ATL,NO,2026_04_ATL_NO,2026,4,NA,NA,20,25,1.530318980816165,2.0631378202074258,-11.34863536418302,15.474911004597876,-14.617639768036977,18.74391540845183,0.217,0.0825,0.06916701565458273,0,platt_vol_vegas,platt,0.229929451320514,0.07653173877117592,NA,NA,NA,2026-10-05 20:15:00,2026-10-03 15:08:53,2026-10-03 15:08:41,live
QB,00-0036879,Sam Ehlinger,DEN,SF,2026_04_DEN_SF,2026,4,NA,NA,20,25,2.049413911337723,-1.2958810571524957,-14.707654241542944,12.115892127237952,-17.9766586453969,15.384896531091908,0.155,0.0595,0.06916701565458273,0,platt_vol_vegas,platt,0.20302356833684135,0.05476203379181058,NA,NA,NA,2026-10-04 16:25:00,2026-10-03 15:08:53,2026-10-03 15:08:41,live
QB,00-0036898,Davis Mills,HOU,DAL,2026_04_DAL_HOU,2026,4,NA,NA,20,25,2.0114777941492714,1.7975692801205845,-11.614203904269864,15.209342464511032,-14.88320830812382,18.478346868364987,0.2365,0.107,0.06916701565458273,0,platt_vol_vegas,platt,0.30075488323732463,0.09992253203134396,NA,NA,NA,2026-10-04 13:00:00,2026-10-03 15:08:53,2026-10-03 15:08:41,live
QB,00-0036945,Justin Fields,KC,LV,2026_04_KC_LV,2026,4,NA,NA,20,25,5.616893220506887,-3.910938599627155,-17.322711784017603,9.500834584763291,-20.591716187871562,12.769838988617249,0.233,0.0885,0.06916701565458273,0,platt_vol_vegas,platt,0.3776583639413286,0.08224240766087534,NA,NA,NA,2026-10-04 16:25:00,2026-10-03 15:08:53,2026-10-03 15:08:41,live
QB,00-0036972,Mac Jones,SF,DEN,2026_04_DEN_SF,2026,4,NA,NA,20,25,2.800377035566002,-2.1042555615578293,-15.516028745948278,11.307517622832618,-18.78503314980223,14.576522026686574,0.163,0.0595,0.06916701565458273,0,platt_vol_vegas,platt,0.2578848894136644,0.05476203379181058,NA,NA,NA,2026-10-04 16:25:00,2026-10-03 15:08:53,2026-10-03 15:08:41,live
QB,00-0037012,Trey Lance,LAC,SEA,2026_04_LAC_SEA,2026,4,Questionable,Limited Participation in Practice,20,25,2.3176134794954324,-5.85995370853164,-19.27172689292209,7.551819475858808,-22.540731296776045,10.820823879712762,0.0655,0.015,0.06916701565458273,0,platt_vol_vegas,platt,0.09603072956276974,0.01340499525106981,NA,NA,NA,2026-10-04 16:25:00,2026-10-03 15:08:53,2026-10-03 15:08:41,live
QB,00-0037013,Zach Wilson,NO,ATL,2026_04_ATL_NO,2026,4,NA,NA,20,25,2.519051409217587,0.107634483151447,-13.304138701239,13.519407667541897,-16.573143105092957,16.78841207139585,0.216,0.075,0.06916701565458273,0,platt_vol_vegas,platt,0.2807058094646804,0.06941092438814922,NA,NA,NA,2026-10-05 20:15:00,2026-10-03 15:08:53,2026-10-03 15:08:41,live
QB,00-0037077,Sam Howell,DAL,HOU,2026_04_DAL_HOU,2026,4,NA,NA,20,25,2.127170176737735,-5.404581205863764,-18.81635439025421,8.007191978526684,-22.085358794108167,11.27619638238064,0.097,0.031,0.06916701565458273,0,platt_vol_vegas,platt,0.17543058717623924,0.02812011314917865,NA,NA,NA,2026-10-04 13:00:00,2026-10-03 15:08:53,2026-10-03 15:08:41,live
QB,00-0038400,Tanner McKee,PHI,LA,2026_04_LA_PHI,2026,4,NA,NA,20,25,2.0292811743940904,-4.51910224029606,-17.93087542468651,8.892670944094387,-21.199879828540464,12.161675347948345,0.088,0.027,0.06916701565458273,0,platt_vol_vegas,platt,0.11586574429425854,0.02442028035599047,NA,NA,NA,2026-10-04 13:00:00,2026-10-03 15:08:53,2026-10-03 15:08:41,live
QB,00-0038579,Aidan O'Connell,LV,KC,2026_04_KC_LV,2026,4,Questionable,Did Not Participate In Practice,20,25,2.0616637089316026,-3.79146346284935,-17.203236647239798,9.620309721541098,-20.472241051093754,12.889314125395051,0.11,0.032,0.06916701565458273,0,platt_vol_vegas,platt,0.16911137757729108,0.02904689436666612,NA,NA,NA,2026-10-04 16:25:00,2026-10-03 15:08:53,2026-10-03 15:08:41,live
QB,00-0039164,Anthony Richardson,IND,WAS,2026_04_IND_WAS,2026,4,NA,NA,20,25,2.356085651324815,-2.1382222652897895,-15.549995449680235,11.27355091910066,-18.81899985353419,14.542555322954614,0.1375,0.047,0.06916701565458273,0,platt_vol_vegas,platt,0.23189596021870337,0.04302382928582402,NA,NA,NA,2026-10-04 09:30:00,2026-10-03 15:08:53,2026-10-03 15:08:41,live
QB,00-0039376,Spencer Rattler,NO,ATL,2026_04_ATL_NO,2026,4,NA,NA,20,25,2.6804351609653563,1.4700081593875811,-11.941765025002868,14.881781343778028,-15.210769428856825,18.150785747631986,0.25,0.0985,0.06916701565458273,0,platt_vol_vegas,platt,0.30283627100120025,0.09178620274109028,NA,NA,NA,2026-10-05 20:15:00,2026-10-03 15:08:53,2026-10-03 15:08:41,live
QB,00-0039923,J.J. McCarthy,NYG,ARI,2026_04_ARI_NYG,2026,4,NA,NA,20,25,2.5956275569844336,-0.6555430790534774,-14.067316263443926,12.75623010533697,-17.33632066729788,16.025234509190927,0.1975,0.064,0.06916701565458273,0,platt_vol_vegas,platt,0.20318586873344915,0.05900497680467688,role_change_up,0.85,"McCarthy acquisition signals he is now the primary QB, increasing his snap opportunity and fantasy relevance for the Giants.",2026-10-04 13:00:00,2026-10-03 15:08:53,2026-10-03 15:08:41,live
QB,00-0040206,Riley Leonard,IND,WAS,2026_04_IND_WAS,2026,4,NA,NA,20,25,2.093407962078392,-2.544119790838262,-15.95589297522871,10.867653393552184,-19.224897379082662,14.13665779740614,0.136,0.0485,0.06916701565458273,0,platt_vol_vegas,platt,0.22625859068279147,0.04442844228768633,NA,NA,NA,2026-10-04 09:30:00,2026-10-03 15:08:53,2026-10-03 15:08:41,live
QB,00-0040234,Quinn Ewers,JAX,CIN,2026_04_JAX_CIN,2026,4,NA,NA,20,25,2.2368962097007747,-1.607519538466809,-15.019292722857257,11.80425364592364,-18.288297126711218,15.073258049777596,0.155,0.056,0.06916701565458273,0,platt_vol_vegas,platt,0.256803542459271,0.05146801496561339,NA,NA,NA,2026-10-04 13:00:00,2026-10-03 15:08:53,2026-10-03 15:08:41,live
QB,00-0040464,DJ Uiagalelei,LAC,SEA,2026_04_LAC_SEA,2026,4,NA,NA,20,25,2.1180778512727128,-5.438942035535128,-18.850715219925576,7.97283114885532,-22.11971962377953,11.241835552709276,0.0635,0.0155,0.06916701565458273,0,platt_vol_vegas,platt,0.0929925418200374,0.01386089452312522,NA,NA,NA,2026-10-04 16:25:00,2026-10-03 15:08:53,2026-10-03 15:08:41,live
QB,00-0040494,Max Brosmer,MIN,MIA,2026_04_MIA_MIN,2026,4,NA,NA,20,25,1.3337806774632126,-0.8564277169648066,-14.268200901355254,12.555345467425642,-17.53720530520921,15.824349871279598,0.153,0.054,0.06916701565458273,0,platt_vol_vegas,platt,0.17662554409153042,0.0495881944544771,NA,NA,NA,2026-10-04 16:05:00,2026-10-03 15:08:53,2026-10-03 15:08:41,live
QB,00-0040589,Kurtis Rourke,SF,DEN,2026_04_DEN_SF,2026,4,NA,NA,20,25,2.3955798101473733,-4.3241350651649855,-17.735908249555433,9.087638119225463,-21.004912653409388,12.35664252307942,0.1075,0.0245,0.06916701565458273,0,platt_vol_vegas,platt,0.20966325731757465,0.02211424182483879,NA,NA,NA,2026-10-04 16:25:00,2026-10-03 15:08:53,2026-10-03 15:08:41,live
QB,00-0040673,Jalen Milroe,SEA,LAC,2026_04_LAC_SEA,2026,4,NA,NA,20,25,2.3079991253165733,0.08615027205479063,-13.325622912335657,13.49792345644524,-16.594627316189612,16.766927860299194,0.1845,0.0645,0.06916701565458273,0,platt_vol_vegas,platt,0.2321072383612105,0.05947693713204913,NA,NA,NA,2026-10-04 16:25:00,2026-10-03 15:08:53,2026-10-03 15:08:41,live
QB,00-0040891,Cole Payton,PHI,LA,2026_04_LA_PHI,2026,4,NA,NA,20,25,2.09326127445161,-4.6398515105670795,-18.05162469495753,8.771921673823368,-21.320629098811484,12.040926077677325,0.0775,0.021,0.06916701565458273,0,platt_vol_vegas,platt,0.10985420134850196,0.01889491273565537,NA,NA,NA,2026-10-04 13:00:00,2026-10-03 15:08:53,2026-10-03 15:08:41,live
QB,00-0040906,Garrett Nussmeier,KC,LV,2026_04_KC_LV,2026,4,NA,NA,20,25,2.255725785088861,-2.9276784376209135,-16.33945162201136,10.484094746769534,-19.608456025865316,13.75309915062349,0.1415,0.0395,0.06916701565458273,0,platt_vol_vegas,platt,0.2454583249140648,0.03601875841779032,NA,NA,NA,2026-10-04 16:25:00,2026-10-03 15:08:53,2026-10-03 15:08:41,live
QB,00-0040981,Joe Fagnano,BAL,TEN,2026_04_TEN_BAL,2026,4,NA,NA,20,25,2.0958733535608634,-0.4641696780336023,-13.87594286242405,12.947603506356844,-17.144947266278006,16.2166079102108,0.174,0.0565,0.06916701565458273,0,platt_vol_vegas,platt,0.25940623143720837,0.05193825506974072,NA,NA,NA,2026-10-04 13:00:00,2026-10-03 15:08:53,2026-10-03 15:08:41,live
QB,00-0041056,Cade Klubnik,NYJ,CHI,2026_04_NYJ_CHI,2026,4,NA,NA,20,25,2.225016750124091,-3.9360668085192057,-17.347839992909655,9.475706375871242,-20.61684439676361,12.744710779725198,0.1075,0.0345,0.06916701565458273,0,platt_vol_vegas,platt,0.13727228325750415,0.03136684010826356,NA,NA,NA,2026-10-04 13:00:00,2026-10-03 15:08:53,2026-10-03 15:08:41,live
QB,00-0041117,Athan Kaliakmanis,WAS,IND,2026_04_IND_WAS,2026,4,NA,NA,20,25,2.2349599473688864,-2.0822198854365404,-15.493993069826988,11.329553298953908,-18.762997473680944,14.598557702807865,0.105,0.0285,0.06916701565458273,0,platt_vol_vegas,platt,0.15863466573588597,0.02580630700407003,NA,NA,NA,2026-10-04 09:30:00,2026-10-03 15:08:53,2026-10-03 15:08:41,live
QB,00-0041123,Behren Morton,NE,BUF,2026_04_NE_BUF,2026,4,NA,NA,20,25,2.2699949090773615,-3.413440282080108,-16.825213466470558,9.99833290231034,-20.094217870324513,13.267337306164295,0.1395,0.043,0.06916701565458273,0,platt_vol_vegas,platt,0.20339343120218845,0.03928394248581542,NA,NA,NA,2026-10-04 13:00:00,2026-10-03 15:08:53,2026-10-03 15:08:41,live
QB,00-0041149,Haynes King,CAR,DET,2026_04_DET_CAR,2026,4,NA,NA,20,25,2.1405332897664775,-0.721519291797779,-14.133292476188227,12.690253892592668,-17.402296880042183,15.959258296446624,0.157,0.07,0.06916701565458273,0,platt_vol_vegas,platt,0.2390762382753056,0.06467513260725245,NA,NA,NA,2026-10-04 20:20:00,2026-10-03 15:08:53,2026-10-03 15:08:41,live
QB,00-0041561,Carson Beck,ARI,NYG,2026_04_ARI_NYG,2026,4,NA,NA,20,25,2.213362209490644,-0.5590324654702967,-13.970805649860743,12.85274071892015,-17.2398100537147,16.121745122774108,0.1585,0.061,0.06916701565458273,0,platt_vol_vegas,platt,0.204421611324837,0.05617539546720761,NA,NA,NA,2026-10-04 13:00:00,2026-10-03 15:08:53,2026-10-03 15:08:41,live
QB,00-0041562,Fernando Mendoza,LV,KC,2026_04_KC_LV,2026,4,NA,NA,20,25,2.3039005044825984,-3.2091787477670173,-16.620951932157464,10.20259443662343,-19.88995633601142,13.471598840477386,0.116,0.041,0.06916701565458273,0,platt_vol_vegas,platt,0.1766179051624646,0.03741726861122504,NA,NA,NA,2026-10-04 16:25:00,2026-10-03 15:08:53,2026-10-03 15:08:41,live
QB,00-0041568,Ty Simpson,LA,PHI,2026_04_LA_PHI,2026,4,NA,NA,20,25,2.276016593851745,-0.7332916456073075,-14.145064829997755,12.67848153878314,-17.414069233851713,15.947485942637096,0.1395,0.0455,0.06916701565458273,0,platt_vol_vegas,platt,0.17994557626364033,0.04162037598801674,NA,NA,NA,2026-10-04 13:00:00,2026-10-03 15:08:53,2026-10-03 15:08:41,live
QB,00-0040398,Brady Cook,MIA,MIN,2026_04_MIA_MIN,2026,4,NA,NA,20,25,1.9488308802179215,-11.706430857719347,-25.118204042109795,1.7053423266711007,-28.38720844596375,4.974346730525056,0.039,0.0045,0.05277884367193618,0.00392907876837378,platt_vol_vegas,platt,0.05277884367193618,0.00392907876837378,NA,NA,NA,2026-10-04 16:05:00,2026-10-03 15:08:53,2026-10-03 15:08:41,live
QB,00-0040014,Kyle McCord,MIA,MIN,2026_04_MIA_MIN,2026,4,NA,NA,20,25,2.0669449327019387,-10.279463013243491,-23.69123619763394,3.1323101711469565,-26.960240601487897,6.401314575000912,0.038,0.008,0.05271270679615359,0.00706197095271257,platt_vol_vegas,platt,0.05271270679615359,0.00706197095271257,NA,NA,NA,2026-10-04 16:05:00,2026-10-03 15:08:53,2026-10-03 15:08:41,live
RB,00-0036223,Jonathan Taylor,IND,WAS,2026_04_IND_WAS,2026,4,NA,Full Participation in Practice,15,20,25.13636405423738,-0.8102589102408101,-7.418684756896187,5.798166936414567,-9.541976126530088,7.921458306048468,0.728,0.4875,0.7652928701352676,0.5376848169367231,star_platt,star_platt,0.7652928701352676,0.5376848169367231,NA,NA,NA,2026-10-04 09:30:00,2026-10-03 15:08:53,2026-10-03 15:08:41,live
RB,00-0039139,Jahmyr Gibbs,DET,CAR,2026_04_DET_CAR,2026,4,NA,NA,15,20,22.98622328787813,-0.05186580001959555,-6.398473868970745,6.294742268931554,-8.437643022404327,8.333911422365137,0.6815,0.44,0.7317048609178383,0.5002192081828869,star_platt,star_platt,0.7317048609178383,0.5002192081828869,NA,NA,NA,2026-10-04 20:20:00,2026-10-03 15:08:53,2026-10-03 15:08:41,live
RB,00-0037248,James Cook,BUF,NE,2026_04_NE_BUF,2026,4,NA,NA,15,20,21.269372399913443,-0.38014920655692463,-6.50789622937003,5.747597816256181,-8.476745191399912,7.716446778286064,0.6095,0.355,0.6795108785331889,0.4307635576289623,star_platt,star_platt,0.6795108785331889,0.4307635576289623,NA,NA,NA,2026-10-04 13:00:00,2026-10-03 15:08:53,2026-10-03 15:08:41,live
RB,00-0033280,Christian McCaffrey,SF,DEN,2026_04_DEN_SF,2026,4,NA,Full Participation in Practice,15,20,19.33151755780109,-0.08379254766438628,-5.952530564760217,5.7849454694314435,-7.838159770790979,7.670574675462205,0.54,0.2865,0.628123984529176,0.3713540377305451,star_platt,star_platt,0.628123984529176,0.3713540377305451,NA,NA,NA,2026-10-04 16:25:00,2026-10-03 15:08:53,2026-10-03 15:08:41,live
RB,00-0032764,Derrick Henry,BAL,TEN,2026_04_TEN_BAL,2026,4,NA,NA,15,20,19.738021350062812,-0.6260381372975419,-6.550248139727172,5.298171865132089,-8.453700529440221,7.201624254845138,0.531,0.2735,0.6213541340535609,0.35960676238569556,star_platt,star_platt,0.6213541340535609,0.35960676238569556,NA,NA,NA,2026-10-04 13:00:00,2026-10-03 15:08:53,2026-10-03 15:08:41,live
RB,00-0040122,Ashton Jeanty,LV,KC,2026_04_KC_LV,2026,4,NA,Full Participation in Practice,15,20,22.242600228993872,-2.6950836571137984,-8.948035509025736,3.5578681947981403,-10.957112861179205,5.566945546951608,0.5275,0.272,0.6187127930962139,0.3582399816185441,star_platt,star_platt,0.6187127930962139,0.3582399816185441,NA,NA,NA,2026-10-04 16:25:00,2026-10-03 15:08:53,2026-10-03 15:08:41,live
RB,00-0037840,Kyren Williams,LA,PHI,2026_04_LA_PHI,2026,4,NA,NA,15,20,18.35108721999407,-1.3512746891908491,-7.083534998413976,4.380985620032277,-8.925313831300247,6.222764452918549,0.4165,0.192,0.6167401460191215,0.3662031442853708,star_platt,star_platt,0.5317401460191216,0.2812031442853708,role_change_up,0.85,"Ronnie Rivers' IR placement removes a backup RB, increasing Kyren Williams' snap and carry share in the Rams backfield.",2026-10-04 13:00:00,2026-10-03 15:08:53,2026-10-03 15:08:41,live
RB,00-0038597,Chase Brown,CIN,JAX,2026_04_JAX_CIN,2026,4,NA,NA,15,20,20.311012591139846,-1.0759908554526465,-7.077339285540131,4.925357574634838,-9.005576300444359,6.853594589539067,0.5235,0.293,0.6156879976060969,0.37716431380636495,star_platt,star_platt,0.6156879976060969,0.37716431380636495,NA,NA,NA,2026-10-04 13:00:00,2026-10-03 15:08:53,2026-10-03 15:08:41,live
RB,00-0038542,Bijan Robinson,ATL,NO,2026_04_ATL_NO,2026,4,NA,NA,15,20,19.274227862495636,-0.9240839602048302,-6.784952954103057,4.936785033693397,-8.66805383804462,6.819885917634961,0.4725,0.2345,0.5764783632774746,0.32322484258681583,star_platt,star_platt,0.5764783632774746,0.32322484258681583,NA,NA,NA,2026-10-05 20:15:00,2026-10-03 15:08:53,2026-10-03 15:08:41,live
RB,00-0040715,Cam Skattebo,NYG,ARI,2026_04_ARI_NYG,2026,4,NA,NA,15,20,17.689710828085637,-1.705674224842985,-7.343599464663311,3.93225101497734,-9.15506838057924,5.743719930893271,0.3525,0.1465,0.5627455682326521,0.3175466766200242,star_platt,star_platt,0.4777455682326522,0.2325466766200242,role_change_up,0.85,Singletary's healthy inactive reduces backfield competition and increases Skattebo's snap and carry opportunity as the primary RB.,2026-10-04 13:00:00,2026-10-03 15:08:53,2026-10-03 15:08:41,live
RB,00-0036275,D'Andre Swift,CHI,NYJ,2026_04_NYJ_CHI,2026,4,NA,Full Participation in Practice,15,20,18.69920425106175,-1.1928634756582746,-6.974029649682652,4.588302698366103,-8.831521967605536,6.445795016288987,0.436,0.215,0.5475496838439761,0.30429152316768815,star_platt,star_platt,0.5475496838439761,0.30429152316768815,NA,NA,NA,2026-10-04 13:00:00,2026-10-03 15:08:53,2026-10-03 15:08:41,live
RB,00-0039040,De'Von Achane,MIA,MIN,2026_04_MIA_MIN,2026,4,NA,NA,15,20,17.43585317392636,-1.856980163400985,-7.458184092450572,3.7442237656486017,-9.257854428182595,5.543894101380626,0.338,0.1425,0.46498873374639993,0.2280412447126327,star_platt,star_platt,0.46498873374639993,0.2280412447126327,NA,NA,NA,2026-10-04 16:05:00,2026-10-03 15:08:53,2026-10-03 15:08:41,live
RB,00-0038134,Kenneth Walker III,KC,LV,2026_04_KC_LV,2026,4,NA,NA,15,20,19.449632807073023,-0.9554520593219414,-6.840373559489433,4.92946944084555,-8.731202528782132,6.820298410138249,0.498,0.2535,0.4232247868912863,0.19244219895246897,star_platt,star_platt,0.4232247868912863,0.19244219895246897,NA,NA,NA,2026-10-04 16:25:00,2026-10-03 15:08:53,2026-10-03 15:08:41,live
RB,00-0041027,Jeremiyah Love,ARI,NYG,2026_04_ARI_NYG,2026,4,NA,NA,15,20,18.67584339678983,-1.191373235247666,-6.969273212843311,4.586526742347979,-8.825716099804936,6.442969629309604,0.444,0.215,0.4148887564142725,0.25447543775898573,star_platt,star_platt,0.32288875641427245,0.16247543775898574,role_change_up,0.92,"Love clearly out-snapped backup Tyler Allgeier with career-high 26 touches, signaling an established workhorse role shift going forward.",2026-10-04 13:00:00,2026-10-03 15:08:53,2026-10-03 15:08:41,live
RB,00-0036997,Javonte Williams,DAL,HOU,2026_04_DAL_HOU,2026,4,NA,NA,15,20,19.4339329968092,-1.5732507634101174,-7.456024273445029,4.309522746624795,-9.346163092160817,6.1996615653405795,0.4725,0.2315,0.4034664819185506,0.17823612157959284,star_platt,star_platt,0.4034664819185506,0.17823612157959284,NA,NA,NA,2026-10-04 13:00:00,2026-10-03 15:08:53,2026-10-03 15:08:41,live
RB,00-0038120,Breece Hall,NYJ,CHI,2026_04_NYJ_CHI,2026,4,Out,Did Not Participate In Practice,15,20,17.578799773693948,-1.2664473669162142,-6.88836473067,4.355469996837572,-8.694690305964887,6.161795572132459,0.3515,0.162,0.3967499739163468,0.21776154565869593,star_platt,star_platt,0.3117499739163468,0.13276154565869594,role_change_up,0.85,"Richardson's waiver removes a depth RB, increasing opportunity for Hall as the primary Jets back.",2026-10-04 13:00:00,2026-10-03 15:08:53,2026-10-03 15:08:41,live
RB,00-0036158,J.K. Dobbins,DEN,SF,2026_04_DEN_SF,2026,4,NA,Full Participation in Practice,15,20,15.86675700503953,-0.9232012080166628,-6.290633208423987,4.444230792390661,-8.01519247685093,6.168790060817603,0.321,0.133,0.3738305808287404,0.19820439899050504,star_platt,star_platt,0.2888305808287404,0.113204398990505,role_change_up,0.85,Coleman's 4-game IR placement solidifies Dobbins' lead role in the Broncos backfield with increased snap and carry opportunity.,2026-10-04 16:25:00,2026-10-03 15:08:53,2026-10-03 15:08:41,live
RB,00-0036973,Travis Etienne,NO,ATL,2026_04_ATL_NO,2026,4,NA,NA,15,20,16.158294662064133,-1.008813123933891,-6.420607469575956,4.402981221708173,-8.159420387352888,6.141794139485106,0.3045,0.133,0.3714085433592893,0.20820439899050505,star_platt,star_platt,0.27640854335928927,0.113204398990505,role_change_up,0.95,Etienne's IR placement creates increased snap and carry opportunities for Kamara and Miller in the Saints backfield.,2026-10-05 20:15:00,2026-10-03 15:08:53,2026-10-03 15:08:41,live
RB,00-0034844,Saquon Barkley,PHI,LA,2026_04_LA_PHI,2026,4,NA,NA,15,20,18.96467534656086,-2.0247171298693676,-7.842844156255288,3.793409896516553,-9.712212019225454,5.662777759486718,0.3855,0.1635,0.337314755581573,0.13376028248321256,star_platt,star_platt,0.337314755581573,0.13376028248321256,NA,NA,NA,2026-10-04 13:00:00,2026-10-03 15:08:53,2026-10-03 15:08:41,live
RB,00-0035261,Tony Pollard,TEN,BAL,2026_04_TEN_BAL,2026,4,NA,Full Participation in Practice,15,20,18.54321005822805,-2.656310155349856,-8.415623432459519,3.1030031217598077,-10.26609440089658,4.953474090196869,0.3405,0.13,0.33688406275458066,0.1925642641455957,star_platt,star_platt,0.25188406275458064,0.10756426414559564,role_change_up,0.85,"Pollard cleared to play with opportunity for vast majority of touches if Spears remains sidelined, representing a meaningful role increase.",2026-10-04 13:00:00,2026-10-03 15:08:53,2026-10-03 15:08:41,live
RB,00-0040198,Ollie Gordon II,MIA,MIN,2026_04_MIA_MIN,2026,4,NA,NA,15,20,18.44623447632089,-2.8421672970559495,-8.587844662276304,2.9035100681644046,-10.43393440367027,4.7495998095583705,0.3245,0.124,0.3261964321915969,0.1885505875920719,star_platt,star_platt,0.2411964321915969,0.10355058759207196,role_change_up,0.85,"Achane ruled out for remainder of Week 3, elevating Gordon to primary RB duties for this game and creating immediate opportunity increase.",2026-10-04 16:05:00,2026-10-03 15:08:53,2026-10-03 15:08:41,live
RB,00-0033293,Aaron Jones,MIN,MIA,2026_04_MIA_MIN,2026,4,NA,Limited Participation in Practice,15,20,19.0256920682655,-1.3131436843218236,-7.139725773906726,4.513438405263079,-9.011810253986123,6.385522885342476,0.4435,0.2225,0.32253541312852096,0.16722141849884709,star_platt,star_platt,0.32253541312852096,0.16722141849884709,NA,NA,NA,2026-10-04 16:05:00,2026-10-03 15:08:53,2026-10-03 15:08:41,live
RB,00-0040734,TreVeyon Henderson,NE,BUF,2026_04_NE_BUF,2026,4,NA,NA,15,20,14.421732145798494,-0.7698978518412529,-5.910554235689391,4.370758532006885,-7.562250356271945,6.022454652589439,0.2675,0.11,0.3204108413669921,0.1692529674290127,star_platt,star_platt,0.24841084136699212,0.09725296742901268,role_change_up,0.72,"Impact note indicates Henderson saw more carries than Stevenson this week, suggesting a shift in backfield opportunity allocation.",2026-10-04 13:00:00,2026-10-03 15:08:53,2026-10-03 15:08:41,live
RB,00-0040666,Omarion Hampton,LAC,SEA,2026_04_LAC_SEA,2026,4,NA,NA,15,20,17.865840345345227,-2.0123254440185,-7.67555898961179,3.6509081015747906,-9.49515948004709,5.470508592010089,0.343,0.1495,0.30536479364690966,0.12439371108953114,star_platt,star_platt,0.30536479364690966,0.12439371108953114,NA,NA,NA,2026-10-04 16:25:00,2026-10-03 15:08:53,2026-10-03 15:08:41,live
RB,00-0040242,Jacory Croskey-Merritt,WAS,IND,2026_04_IND_WAS,2026,4,NA,NA,15,20,15.22828147069026,-0.9296459455179396,-6.198336923480115,4.339045032444236,-7.891170639460595,6.031878748424717,0.2905,0.1105,0.303632050763266,0.1794103533706317,star_platt,star_platt,0.218632050763266,0.09441035337063168,role_change_up,0.85,Backup RB explicitly stated to handle bigger role in Commanders backfield due to White's absence.,2026-10-04 09:30:00,2026-10-03 15:08:53,2026-10-03 15:08:41,live
RB,00-0039794,Braelon Allen,NYJ,CHI,2026_04_NYJ_CHI,2026,4,NA,NA,15,20,17.72364235576258,-3.166007872102951,-8.808819483359537,2.4768037391536346,-10.621858393482892,4.289842649276989,0.275,0.0975,0.30338890619603187,0.1804385245880351,star_platt,star_platt,0.20838890619603187,0.08543852458803511,role_change_up,0.95,Hall's absence elevates Allen to workhorse back role with increased snap and carry opportunity against the Bears.,2026-10-04 13:00:00,2026-10-03 15:08:53,2026-10-03 15:08:41,live
RB,00-0040583,Woody Marks,HOU,DAL,2026_04_DAL_HOU,2026,4,NA,NA,15,20,13.278685840496742,-0.8420657113881441,-5.794355345656116,4.110223922879828,-7.385529111446418,5.701397688670131,0.249,0.095,0.263228461522483,0.15569085401495356,star_platt,star_platt,0.19122846152248305,0.08369085401495356,role_change_up,0.72,"Woody Marks received short-yardage touchdown carries, suggesting increased role/opportunity in goal-line situations at Montgomery's expense.",2026-10-04 13:00:00,2026-10-03 15:08:53,2026-10-03 15:08:41,live
RB,00-0035685,David Montgomery,HOU,DAL,2026_04_DAL_HOU,2026,4,NA,NA,15,20,16.013459591793406,-0.7697470731342773,-6.159557649628507,4.620063503359953,-7.891307168589027,6.3518130223204725,0.355,0.149,0.2616202334713405,0.1201119492175244,star_platt,star_platt,0.2616202334713405,0.1201119492175244,NA,NA,NA,2026-10-04 13:00:00,2026-10-03 15:08:53,2026-10-03 15:08:41,live
RB,00-0039361,Bucky Irving,TB,GB,2026_04_GB_TB,2026,4,NA,Full Participation in Practice,15,20,18.924646011044576,-2.33103556328586,-8.143607641089657,3.4815365145179373,-10.011190695596072,5.349119569024351,0.3785,0.173,0.26004542044654766,0.06806178402263548,star_platt,star_platt,0.33204542044654767,0.14006178402263547,role_change_down,0.72,Tucker's return from hamstring injury will reduce Irving's snap share in a three-way RB rotation.,2026-10-04 13:00:00,2026-10-03 15:08:53,2026-10-03 15:08:41,live
RB,00-0036555,Chuba Hubbard,CAR,DET,2026_04_DET_CAR,2026,4,NA,Full Participation in Practice,15,20,17.92571698743143,-0.6205349401442446,-6.2923410894767535,5.051271209188265,-8.114695962870588,6.873626082582098,0.4435,0.213,0.25053541312852096,0.089208499749101125,star_platt,star_platt,0.32253541312852096,0.16120849974910112,role_change_down,0.72,Ekeler's potential signing to Carolina as a pass-catching back could reduce Hubbard's target share despite retaining majority volume.,2026-10-04 20:20:00,2026-10-03 15:08:53,2026-10-03 15:08:41,live
RB,00-0036875,Rhamondre Stevenson,NE,BUF,2026_04_NE_BUF,2026,4,NA,NA,15,20,13.956149861772186,-0.7368113930878537,-5.801767219670449,4.328144433494742,-7.429140703720771,5.955517917545064,0.263,0.1,0.2449863017449102,0.0901529182851717,star_platt,star_platt,0.2449863017449102,0.0901529182851717,NA,NA,NA,2026-10-04 13:00:00,2026-10-03 15:08:53,2026-10-03 15:08:41,live
RB,00-0038797,Emanuel Wilson,SEA,LAC,2026_04_LAC_SEA,2026,4,NA,NA,15,20,11.532880973406224,-0.8353189898783503,-5.4818741935685305,3.81123621381183,-6.974815295043729,5.3041773152870295,0.1655,0.044,0.22061618349793805,0.1306131270853419,star_platt,star_platt,0.13561618349793805,0.04561312708534188,role_change_up,0.85,"Price's absence elevates Wilson to lead RB role, increasing his snap and carry opportunity against the Chargers.",2026-10-04 16:25:00,2026-10-03 15:08:53,2026-10-03 15:08:41,live
RB,00-0040719,Bhayshul Tuten,JAX,CIN,2026_04_JAX_CIN,2026,4,NA,NA,15,20,14.741169554522504,-1.0676340386156618,-6.259456949972801,4.1241888727414775,-7.927592907937957,5.792324830706633,0.2765,0.107,0.20937946369602695,0.09201278649778416,star_platt,star_platt,0.20937946369602695,0.09201278649778416,NA,NA,NA,2026-10-04 13:00:00,2026-10-03 15:08:53,2026-10-03 15:08:41,live
RB,00-0038551,Kendre Miller,NO,ATL,2026_04_ATL_NO,2026,4,NA,NA,15,20,10.808060125583236,-0.665783560836807,-5.177969840768382,3.846402719094769,-6.627738122757675,5.296171001084062,0.139,0.034,0.2024917065060442,0.12227047298678692,star_platt,star_platt,0.1174917065060442,0.03727047298678691,role_change_up,0.85,"Kendre Miller saw more touches than Donaldson in Week 1 despite backfield absences, indicating an increased role in the Saints' RB committee under new HC Kellen Moore.",2026-10-05 20:15:00,2026-10-03 15:08:53,2026-10-03 15:08:41,live
RB,00-0039299,George Holani,SEA,LAC,2026_04_LAC_SEA,2026,4,NA,Limited Participation in Practice,15,20,10.959908450827015,-1.092953921135855,-5.6336897356444675,3.447781893372757,-7.092631001000922,4.9067231587292115,0.1365,0.0355,0.1937610679496994,0.11655176383007636,star_platt,star_platt,0.1157610679496994,0.03855176383007634,role_change_up,0.78,Holani's opportunity increases as he moves from a three-way backfield split to a two-way committee with Emmanuel Wilson due to Jadarian Price's absence.,2026-10-04 16:25:00,2026-10-03 15:08:53,2026-10-03 15:08:41,live
RB,00-0041512,Jadarian Price,SEA,LAC,2026_04_LAC_SEA,2026,4,Out,Did Not Participate In Practice,15,20,12.740438507932009,-0.6970276717795406,-5.557538162674326,4.163482819115244,-7.119223232130795,5.725167888571714,0.2385,0.0805,0.18429534173809153,0.07338604398056818,star_platt,star_platt,0.18429534173809153,0.07338604398056818,NA,NA,NA,2026-10-04 16:25:00,2026-10-03 15:08:53,2026-10-03 15:08:41,live
RB,00-0033906,Alvin Kamara,NO,ATL,2026_04_ATL_NO,2026,4,NA,NA,15,20,14.171985459563704,-1.6162882659915458,-6.716506851521344,3.483930319538252,-8.355210282139799,5.122633750156707,0.236,0.0835,0.1826436262789817,0.0755436355425845,star_platt,star_platt,0.1826436262789817,0.0755436355425845,NA,NA,NA,2026-10-05 20:15:00,2026-10-03 15:08:53,2026-10-03 15:08:41,live
RB,00-0041496,Jonah Coleman,DEN,SF,2026_04_DEN_SF,2026,4,NA,NA,15,20,13.053706942898208,-0.6093381533210299,-5.523518204842007,4.304841898199947,-7.102447337791646,5.883771031149586,0.236,0.089,0.1826436262789817,0.07946335841852872,star_platt,star_platt,0.1826436262789817,0.07946335841852872,NA,NA,NA,2026-10-04 16:25:00,2026-10-03 15:08:53,2026-10-03 15:08:41,live
RB,00-0037525,Jordan Mason,MIN,MIA,2026_04_MIA_MIN,2026,4,NA,NA,15,20,13.357061131060968,-1.102794368534506,-6.068276953832616,3.8626882167636034,-7.663689623064117,5.458100885995105,0.2275,0.08,0.1770237673426893,0.07302502755531493,star_platt,star_platt,0.1770237673426893,0.07302502755531493,NA,NA,NA,2026-10-04 16:05:00,2026-10-03 15:08:53,2026-10-03 15:08:41,live
RB,00-0039811,MarShawn Lloyd,GB,TB,2026_04_GB_TB,2026,4,NA,NA,15,20,13.584660877504067,-1.138794289229018,-6.1423501687716175,3.864761590313582,-7.749995811325165,5.4724072328671305,0.223,0.088,0.17404545133016766,0.07875397992617368,star_platt,star_platt,0.17404545133016766,0.07875397992617368,NA,NA,NA,2026-10-04 13:00:00,2026-10-03 15:08:53,2026-10-03 15:08:41,live
RB,00-0041052,Kaelon Black,SF,DEN,2026_04_DEN_SF,2026,4,NA,NA,15,20,11.761620840089943,-0.24452755142128088,-4.932521388554089,4.443466285711527,-6.438776748946588,5.9497216461040265,0.2145,0.0735,0.16841231816306382,0.06829253510184295,star_platt,star_platt,0.16841231816306382,0.06829253510184295,NA,NA,NA,2026-10-04 16:25:00,2026-10-03 15:08:53,2026-10-03 15:08:41,live
RB,00-0040142,Kaleb Johnson,GB,TB,2026_04_GB_TB,2026,4,NA,NA,15,20,13.867948528568926,-1.7418270427976608,-6.792286759398982,3.3086326738036607,-8.415002634219706,4.931348548624383,0.201,0.0665,0.15944005370237438,0.06310649415840623,star_platt,star_platt,0.15944005370237438,0.06310649415840623,NA,NA,NA,2026-10-04 13:00:00,2026-10-03 15:08:53,2026-10-03 15:08:41,live
RB,00-0040730,RJ Harvey,DEN,SF,2026_04_DEN_SF,2026,4,NA,NA,15,20,10.02956634016222,-0.5292516414260287,-4.891496774465944,3.832993491613886,-6.293088871909079,5.234585589057021,0.146,0.0465,0.15279654868797335,0.0493318222056401,star_platt,star_platt,0.15279654868797335,0.0493318222056401,NA,NA,NA,2026-10-04 16:25:00,2026-10-03 15:08:53,2026-10-03 15:08:41,live
RB,00-0040236,Kyle Monangai,CHI,NYJ,2026_04_NYJ_CHI,2026,4,NA,NA,15,20,11.734482565741985,-0.7538406696794342,-5.436941347051188,3.92926000769232,-6.941624532143249,5.433943192784381,0.18,0.0575,0.14539666448997143,0.05627910100248875,star_platt,star_platt,0.14539666448997143,0.05627910100248875,NA,NA,NA,2026-10-04 13:00:00,2026-10-03 15:08:53,2026-10-03 15:08:41,live
RB,00-0037256,Rachaad White,WAS,IND,2026_04_IND_WAS,2026,4,Out,Did Not Participate In Practice,15,20,10.828266344385357,-0.5135443313917943,-5.029542275044723,4.002453612261134,-6.480535246978535,5.453446584194946,0.159,0.0495,0.13120375741234677,0.05002925048511805,star_platt,star_platt,0.13120375741234677,0.05002925048511805,NA,NA,NA,2026-10-04 09:30:00,2026-10-03 15:08:53,2026-10-03 15:08:41,live
RB,00-0037746,Brian Robinson,ATL,NO,2026_04_ATL_NO,2026,4,NA,NA,15,20,10.622309455967931,-0.4054782589139594,-4.8824403929195235,4.071483875091605,-6.320891134728612,5.5099346169006935,0.1545,0.0455,0.12813736320563435,0.04682826196898371,star_platt,star_platt,0.12813736320563435,0.04682826196898371,NA,NA,NA,2026-10-05 20:15:00,2026-10-03 15:08:53,2026-10-03 15:08:41,live
RB,00-0036919,Kenny Gainwell,TB,GB,2026_04_GB_TB,2026,4,NA,NA,15,20,10.338341235035491,-1.1233278852260449,-5.5457820272598015,3.2991262568077113,-6.966719317058471,4.720063546606381,0.1135,0.029,0.12525272670561977,0.03410014264308677,star_platt,star_platt,0.12525272670561977,0.03410014264308677,NA,NA,NA,2026-10-04 13:00:00,2026-10-03 15:08:53,2026-10-03 15:08:41,live
RB,00-0041013,Emmett Johnson,KC,LV,2026_04_KC_LV,2026,4,NA,NA,15,20,9.823035410585575,-0.26634230932905467,-4.587746575101176,4.055061956443066,-5.97621647627393,5.44353185761582,0.148,0.036,0.12368972792363882,0.03897629526938985,star_platt,star_platt,0.12368972792363882,0.03897629526938985,NA,NA,NA,2026-10-04 16:25:00,2026-10-03 15:08:53,2026-10-03 15:08:41,live
RB,00-0038611,Chris Rodriguez Jr.,JAX,CIN,2026_04_JAX_CIN,2026,4,NA,NA,15,20,10.279362400975003,-0.678514609145114,-5.089545192016282,3.7325159737260543,-6.5068120850906395,5.149782866800412,0.1425,0.041,0.1199078718784638,0.04315659643555027,star_platt,star_platt,0.1199078718784638,0.04315659643555027,NA,NA,NA,2026-10-04 13:00:00,2026-10-03 15:08:53,2026-10-03 15:08:41,live
RB,00-0033699,Austin Ekeler,WAS,IND,2026_04_IND_WAS,2026,4,NA,NA,15,20,10.358334931020371,-0.6594458181250507,-5.085764414395431,3.76687277814533,-6.507943355764288,5.189051719514188,0.139,0.034,0.1174917065060442,0.03727047298678691,star_platt,star_platt,0.1174917065060442,0.03727047298678691,NA,NA,NA,2026-10-04 09:30:00,2026-10-03 15:08:53,2026-10-03 15:08:41,live
RB,00-0039344,Jonathon Brooks,CAR,DET,2026_04_DET_CAR,2026,4,NA,NA,15,20,9.993214878820954,-0.5419621473084333,-4.897052535444237,3.81312824082737,-6.296345808861901,5.212421514245035,0.1325,0.0365,0.1129832881974156,0.03939958234880574,star_platt,star_platt,0.1129832881974156,0.03939958234880574,NA,NA,NA,2026-10-04 20:20:00,2026-10-03 15:08:53,2026-10-03 15:08:41,live
RB,00-0041096,Kaytron Allen,WAS,IND,2026_04_IND_WAS,2026,4,NA,NA,15,20,9.968657597205777,-0.7682126829142516,-5.1184615989734,3.5820362331448967,-6.516199304376045,4.979773938547542,0.1315,0.037,0.11228709481005196,0.03982164706466869,star_platt,star_platt,0.11228709481005196,0.03982164706466869,NA,NA,NA,2026-10-04 09:30:00,2026-10-03 15:08:53,2026-10-03 15:08:41,live
RB,00-0029892,Kyle Juszczyk,SF,DEN,2026_04_DEN_SF,2026,4,NA,NA,15,20,8.456808115510993,0.3302050294604001,-3.7083141178842456,4.3687241768050455,-5.005892853067914,5.666302911988714,0.1265,0.03,0.10879509837895954,0.03379274900493337,star_platt,star_platt,0.10879509837895954,0.03379274900493337,NA,NA,NA,2026-10-04 16:25:00,2026-10-03 15:08:53,2026-10-03 15:08:41,live
RB,00-0041081,Max Bredeson,MIN,MIA,2026_04_MIA_MIN,2026,4,NA,NA,15,20,9.487498502360207,-0.54098165915837515,-4.79501852194834,3.7130552036315896,-6.161843234287047,5.079879915970296,0.123,0.0305,0.10633922802094913,0.03423263992594899,star_platt,star_platt,0.10633922802094913,0.03423263992594899,NA,NA,NA,2026-10-04 16:05:00,2026-10-03 15:08:53,2026-10-03 15:08:41,live
RB,00-0039364,Sione Vaki,DET,CAR,2026_04_DET_CAR,2026,4,NA,NA,15,20,8.45268786144492,0.3264502236127408,-3.711179292162936,4.364079739388417,-5.0084721881654755,5.661372635390958,0.121,0.0285,0.10493140230102012,0.0324635076245836,star_platt,star_platt,0.10493140230102012,0.0324635076245836,NA,NA,NA,2026-10-04 20:20:00,2026-10-03 15:08:53,2026-10-03 15:08:41,live
RB,00-0033526,Samaje Perine,CIN,JAX,2026_04_JAX_CIN,2026,4,NA,NA,15,20,9.340918664663004,-0.4038666511592976,-4.628064437469378,3.820331135150783,-5.985301835818679,5.177568533500083,0.119,0.0395,0.10352019942856532,0.04191436097293838,star_platt,star_platt,0.10352019942856532,0.04191436097293838,NA,NA,NA,2026-10-04 13:00:00,2026-10-03 15:08:53,2026-10-03 15:08:41,live
RB,00-0040177,Jordan James,SF,DEN,2026_04_DEN_SF,2026,4,NA,NA,15,20,9.330365436630538,-0.2935515008245552,-4.5155911104518625,3.928488108802752,-5.872135085279282,5.285032083630172,0.1165,0.032,0.10175128730398147,0.03554320271808887,star_platt,star_platt,0.10175128730398147,0.03554320271808887,NA,NA,NA,2026-10-04 16:25:00,2026-10-03 15:08:53,2026-10-03 15:08:41,live
RB,00-0040878,Mike Washington Jr.,LV,KC,2026_04_KC_LV,2026,4,NA,NA,15,20,9.806446148457324,-0.3485777097257214,-4.666681170563052,3.9695257511116098,-6.054090521039845,5.356935101588402,0.116,0.028,0.1013968335533904,0.0320171200914087,star_platt,star_platt,0.1013968335533904,0.0320171200914087,NA,NA,NA,2026-10-04 16:25:00,2026-10-03 15:08:53,2026-10-03 15:08:41,live
RB,00-0034975,Justice Hill,BAL,TEN,2026_04_TEN_BAL,2026,4,NA,NA,15,20,8.984738314849006,-0.2027600810440463,-4.353364106330804,3.947843944242711,-5.6869557831019755,5.281435621013882,0.1145,0.0275,0.10033209842943625,0.03156901681037977,star_platt,star_platt,0.10033209842943625,0.03156901681037977,NA,NA,NA,2026-10-04 13:00:00,2026-10-03 15:08:53,2026-10-03 15:08:41,live
RB,00-0040556,Corey Kiner,NE,BUF,2026_04_NE_BUF,2026,4,NA,NA,15,20,9.470190734633452,-0.4868508343566365,-4.737377590361275,3.7636759216480016,-6.103074503188157,5.129372834474884,0.113,0.0325,0.09926526507950093,0.03597712195250222,star_platt,star_platt,0.09926526507950093,0.03597712195250222,NA,NA,NA,2026-10-04 13:00:00,2026-10-03 15:08:53,2026-10-03 15:08:41,live
RB,00-0036924,Michael Carter,TEN,BAL,2026_04_TEN_BAL,2026,4,NA,NA,15,20,10.59660451952325,-1.3960147407782522,-5.86807590832353,3.076046426767026,-7.304951966534822,4.512922484978318,0.111,0.031,0.09783947143936823,0.03467099165438612,star_platt,star_platt,0.09783947143936823,0.03467099165438612,NA,NA,NA,2026-10-04 13:00:00,2026-10-03 15:08:53,2026-10-03 15:08:41,live
RB,00-0040179,DJ Giddens,IND,WAS,2026_04_IND_WAS,2026,4,NA,NA,15,20,9.76688707687413,-0.7440739543714184,-5.054293885190814,3.5661459764479773,-6.439170252527937,4.9510223437851,0.111,0.032,0.09783947143936823,0.03554320271808887,star_platt,star_platt,0.09783947143936823,0.03554320271808887,NA,NA,NA,2026-10-04 09:30:00,2026-10-03 15:08:53,2026-10-03 15:08:41,live
RB,00-0038896,Jacob Saylors,DET,CAR,2026_04_DET_CAR,2026,4,NA,NA,15,20,8.462748424995654,-0.1235783131985284,-4.1633796545100745,3.9162230281130177,-5.461370359419557,5.2142137330225,0.105,0.022,0.0935379549453693,0.02651403222322637,star_platt,star_platt,0.0935379549453693,0.02651403222322637,NA,NA,NA,2026-10-04 20:20:00,2026-10-03 15:08:53,2026-10-03 15:08:41,live
RB,00-0036842,Kene Nwangwu,NYJ,CHI,2026_04_NYJ_CHI,2026,4,NA,Full Participation in Practice,15,20,10.053864156892534,-1.1457959517143317,-5.5128154949060715,3.221223591477409,-6.915941613325714,4.624349709897052,0.102,0.0245,0.09137281118954356,0.02884203232726897,star_platt,star_platt,0.09137281118954356,0.02884203232726897,NA,NA,NA,2026-10-04 13:00:00,2026-10-03 15:08:53,2026-10-03 15:08:41,live
RB,00-0039796,Rasheen Ali,BAL,TEN,2026_04_TEN_BAL,2026,4,NA,NA,15,20,8.931174437587313,-0.7255474008236137,-4.864946697506823,3.413851895859595,-6.1949382879495625,4.743843486302334,0.1015,0.0265,0.09101097357077824,0.03066750314514738,star_platt,star_platt,0.09101097357077824,0.03066750314514738,NA,NA,NA,2026-10-04 13:00:00,2026-10-03 15:08:53,2026-10-03 15:08:41,live
RB,00-0039032,Tyjae Spears,TEN,BAL,2026_04_TEN_BAL,2026,4,Questionable,Full Participation in Practice,15,20,10.391726601141292,-1.3690237746065672,-5.801787332267184,3.0637397830540487,-7.226037043773294,4.487989494560159,0.1,0.0255,0.08992373445033701,0.02975863018024345,star_platt,star_platt,0.08992373445033701,0.02975863018024345,NA,NA,NA,2026-10-04 13:00:00,2026-10-03 15:08:53,2026-10-03 15:08:41,live
RB,00-0039021,Roschon Johnson,CHI,NYJ,2026_04_NYJ_CHI,2026,4,NA,NA,15,20,9.191488894708234,-0.7187208279179838,-4.912234094645228,3.4747924388092604,-6.259612537605845,4.8221708817698765,0.0995,0.0275,0.08956073815149684,0.03156901681037977,star_platt,star_platt,0.08956073815149684,0.03156901681037977,NA,NA,NA,2026-10-04 13:00:00,2026-10-03 15:08:53,2026-10-03 15:08:41,live
RB,00-0035537,Ty Johnson,BUF,NE,2026_04_NE_BUF,2026,4,NA,NA,15,20,8.074779271754595,0.0966298698383972,-3.8583686787689984,4.051628418445793,-5.129112193190491,5.322371932867285,0.0985,0.021,0.08883385629631631,0.02556699914983386,star_platt,star_platt,0.08883385629631631,0.02556699914983386,NA,NA,NA,2026-10-04 13:00:00,2026-10-03 15:08:53,2026-10-03 15:08:41,live
RB,00-0038488,Brady Russell,SEA,LAC,2026_04_LAC_SEA,2026,4,NA,NA,15,20,8.889864284208354,-0.21424507251453237,-4.344977756414411,3.916487611385347,-5.672184758733776,5.243694613704712,0.0985,0.03,0.08883385629631631,0.03379274900493337,star_platt,star_platt,0.08883385629631631,0.03379274900493337,NA,NA,NA,2026-10-04 16:25:00,2026-10-03 15:08:53,2026-10-03 15:08:41,live
RB,00-0033854,Dare Ogunbowale,HOU,DAL,2026_04_DAL_HOU,2026,4,NA,NA,15,20,9.344016344913593,-1.045939052592622,-5.270770073054711,3.178891967869468,-6.628210929934246,4.536332824749001,0.0975,0.02,0.08810577245557405,0.0246101145801613,star_platt,star_platt,0.08810577245557405,0.0246101145801613,NA,NA,NA,2026-10-04 13:00:00,2026-10-03 15:08:53,2026-10-03 15:08:41,live
RB,00-0036265,AJ Dillon,CAR,DET,2026_04_DET_CAR,2026,4,NA,NA,15,20,9.387118423721484,-1.0290548477381107,-5.26268497597197,3.204575280495748,-6.6229529916977725,4.56484329622155,0.097,0.0215,0.08774127357552217,0.02604171106345382,star_platt,star_platt,0.08774127357552217,0.02604171106345382,NA,NA,NA,2026-10-04 20:20:00,2026-10-03 15:08:53,2026-10-03 15:08:41,live
RB,00-0039875,Ray Davis,BUF,NE,2026_04_NE_BUF,2026,4,Questionable,Limited Participation in Practice,15,20,8.031793348147605,-0.14247605812048328,-4.08794249463671,3.802990378395744,-5.355623335464339,5.070671219223374,0.097,0.0205,0.08774127357552217,0.02508982531954969,star_platt,star_platt,0.08774127357552217,0.02508982531954969,NA,NA,NA,2026-10-04 13:00:00,2026-10-03 15:08:53,2026-10-03 15:08:41,live
RB,00-0041326,CJ Donaldson,NO,ATL,2026_04_ATL_NO,2026,4,NA,NA,15,20,8.556177404025405,-0.2736649220945186,-4.33356804925544,3.7862382050664034,-5.6380174705670765,5.09068762637804,0.097,0.02,0.08774127357552217,0.0246101145801613,star_platt,star_platt,0.08774127357552217,0.0246101145801613,NA,NA,NA,2026-10-05 20:15:00,2026-10-03 15:08:53,2026-10-03 15:08:41,live
RB,00-0039471,Frank Gore Jr.,BUF,NE,2026_04_NE_BUF,2026,4,NA,NA,15,20,8.153690009043821,-0.12766706488963853,-4.10009194062981,3.844757810850534,-5.376434544889644,5.121100415110368,0.0965,0.023,0.08737646668680735,0.0274517694282458,star_platt,star_platt,0.08737646668680735,0.0274517694282458,NA,NA,NA,2026-10-04 13:00:00,2026-10-03 15:08:53,2026-10-03 15:08:41,live
RB,00-0039874,Jaylen Wright,MIA,MIN,2026_04_MIA_MIN,2026,4,NA,Full Participation in Practice,15,20,10.359598949301551,-1.3116192648267002,-5.738182037728244,3.114943508074843,-7.160439433201852,4.5372009035484515,0.0965,0.0235,0.08737646668680735,0.02791731102888547,star_platt,star_platt,0.08737646668680735,0.02791731102888547,NA,NA,NA,2026-10-04 16:05:00,2026-10-03 15:08:53,2026-10-03 15:08:41,live
RB,00-0037557,Ronnie Rivers,LA,PHI,2026_04_LA_PHI,2026,4,NA,NA,15,20,8.514884931262024,-0.6802130488017694,-4.731246769114236,3.3708206715106974,-6.03284644444217,4.672420346838632,0.095,0.023,0.0862801722140056,0.0274517694282458,star_platt,star_platt,0.0862801722140056,0.0274517694282458,NA,NA,NA,2026-10-04 13:00:00,2026-10-03 15:08:53,2026-10-03 15:08:41,live
RB,00-0035250,Devin Singletary,NYG,ARI,2026_04_ARI_NYG,2026,4,NA,NA,15,20,9.126203526054224,-0.7636641156750131,-4.943685643404039,3.4163574120540128,-6.286729182161899,4.759400950811873,0.0945,0.03,0.08591410739275454,0.03379274900493337,star_platt,star_platt,0.08591410739275454,0.03379274900493337,NA,NA,NA,2026-10-04 13:00:00,2026-10-03 15:08:53,2026-10-03 15:08:41,live
RB,00-0038454,Keaton Mitchell,LAC,SEA,2026_04_LAC_SEA,2026,4,NA,Full Participation in Practice,15,20,9.941523579761746,-1.2037276383610438,-5.548619472860292,3.141164196138204,-6.944635944597537,4.537180667875449,0.0945,0.024,0.08591410739275454,0.02838071342462161,star_platt,star_platt,0.08591410739275454,0.02838071342462161,NA,NA,NA,2026-10-04 16:25:00,2026-10-03 15:08:53,2026-10-03 15:08:41,live
RB,00-0039686,Colson Yankoff,WAS,IND,2026_04_IND_WAS,2026,4,NA,NA,15,20,8.983174257329582,-0.4188324019119511,-4.569109770292589,3.731444966468687,-5.902596491994932,5.06493168817103,0.093,0.0245,0.08481397545353578,0.02884203232726897,star_platt,star_platt,0.08481397545353578,0.02884203232726897,NA,NA,NA,2026-10-04 09:30:00,2026-10-03 15:08:53,2026-10-03 15:08:41,live
RB,00-0039798,Isaiah Davis,NYJ,CHI,2026_04_NYJ_CHI,2026,4,NA,NA,15,20,8.814404287295035,-0.6760881048390021,-4.790932596443945,3.4387563867659403,-6.113034712613152,4.760858502935148,0.093,0.023,0.08481397545353578,0.0274517694282458,star_platt,star_platt,0.08481397545353578,0.0274517694282458,NA,NA,NA,2026-10-04 13:00:00,2026-10-03 15:08:53,2026-10-03 15:08:41,live
RB,00-0041125,Seth McGowan,IND,WAS,2026_04_IND_WAS,2026,4,NA,NA,15,20,8.584457214084898,-0.5537813527011459,-4.619745310647309,3.512182605245018,-5.926142080691871,4.818579375289579,0.091,0.021,0.08334250897667267,0.02556699914983386,star_platt,star_platt,0.08334250897667267,0.02556699914983386,NA,NA,NA,2026-10-04 09:30:00,2026-10-03 15:08:53,2026-10-03 15:08:41,live
RB,00-0041415,Dean Connors,LA,PHI,2026_04_LA_PHI,2026,4,NA,NA,15,20,8.607183964125388,-0.721671527921799,-4.792498280003907,3.349155224160309,-6.100457468854512,4.6571144130109134,0.091,0.0225,0.08334250897667267,0.02698403024064909,star_platt,star_platt,0.08334250897667267,0.02698403024064909,NA,NA,NA,2026-10-04 13:00:00,2026-10-03 15:08:53,2026-10-03 15:08:41,live
RB,00-0038685,Chris Brooks,GB,TB,2026_04_GB_TB,2026,4,NA,NA,15,20,9.234175034384048,-1.113482178735944,-5.315788504556026,3.0888241470841384,-6.665992162918576,4.439027805446688,0.09,0.028,0.08260474290782377,0.0320171200914087,star_platt,star_platt,0.08260474290782377,0.0320171200914087,NA,NA,NA,2026-10-04 13:00:00,2026-10-03 15:08:53,2026-10-03 15:08:41,live
RB,00-0040394,Anthony Tyus III,CAR,DET,2026_04_DET_CAR,2026,4,NA,NA,15,20,8.674753340387433,-0.5075607770794818,-4.592803792860258,3.577682238701295,-5.905394936279778,4.8902733821208155,0.0895,0.0225,0.08223534142529339,0.02698403024064909,star_platt,star_platt,0.08223534142529339,0.02698403024064909,NA,NA,NA,2026-10-04 20:20:00,2026-10-03 15:08:53,2026-10-03 15:08:41,live
RB,00-0038489,Ben VanSumeren,KC,LV,2026_04_KC_LV,2026,4,NA,NA,15,20,8.496033278631192,-0.5491639586872412,-4.596140607305502,3.49781268993102,-5.896436742953309,4.798108825578828,0.0875,0.022,0.08075420865375728,0.02651403222322637,star_platt,star_platt,0.08075420865375728,0.02651403222322637,NA,NA,NA,2026-10-04 16:25:00,2026-10-03 15:08:53,2026-10-03 15:08:41,live
RB,00-0036893,Najee Harris,NYG,ARI,2026_04_ARI_NYG,2026,4,NA,NA,15,20,9.61578133093818,-0.7921221505568393,-5.072066782630308,3.487822481516629,-6.447215677490328,4.86297137637665,0.0855,0.023,0.0792672829796268,0.0274517694282458,star_platt,star_platt,0.0792672829796268,0.0274517694282458,NA,NA,NA,2026-10-04 13:00:00,2026-10-03 15:08:53,2026-10-03 15:08:41,live
RB,00-0037085,Tyler Badie,DEN,SF,2026_04_DEN_SF,2026,4,NA,NA,15,20,8.434792783394853,-0.32999544954066856,-4.363758359809519,3.7037674607281814,-5.659808913037406,4.999818013956068,0.085,0.0255,0.07889462226460116,0.02975863018024345,star_platt,star_platt,0.07889462226460116,0.02975863018024345,NA,NA,NA,2026-10-04 16:25:00,2026-10-03 15:08:53,2026-10-03 15:08:41,live
RB,00-0032104,Ameer Abdullah,JAX,CIN,2026_04_JAX_CIN,2026,4,NA,NA,15,20,8.053599999465309,-0.5411376457231712,-4.491443182757513,3.409167891311171,-5.760678829616915,4.678403538170573,0.082,0.017,0.07665059204464425,0.02167380784111855,star_platt,star_platt,0.07665059204464425,0.02167380784111855,NA,NA,NA,2026-10-04 13:00:00,2026-10-03 15:08:53,2026-10-03 15:08:41,live
RB,00-0040208,Tahj Brooks,CIN,JAX,2026_04_JAX_CIN,2026,4,NA,NA,15,20,9.101686785730925,-1.0400061313151003,-5.214947426515666,3.1349351638854657,-6.556358683375581,4.476346420745381,0.0805,0.0225,0.07552323292812718,0.02698403024064909,star_platt,star_platt,0.07552323292812718,0.02698403024064909,NA,NA,NA,2026-10-04 13:00:00,2026-10-03 15:08:53,2026-10-03 15:08:41,live
RB,00-0039384,Tyrone Tracy Jr.,NYG,ARI,2026_04_ARI_NYG,2026,4,NA,Full Participation in Practice,15,20,8.555168033455127,-0.8399653785217813,-4.899651978160907,3.2197212211173447,-6.204031829043974,4.524101072000412,0.0795,0.019,0.07476961367365484,0.02364276137700072,star_platt,star_platt,0.07476961367365484,0.02364276137700072,NA,NA,NA,2026-10-04 13:00:00,2026-10-03 15:08:53,2026-10-03 15:08:41,live
RB,00-0034959,Andrew Beck,NYJ,CHI,2026_04_NYJ_CHI,2026,4,NA,NA,15,20,8.616419670172576,-0.5538989572894544,-4.6266998430618855,3.5189019284829772,-5.935293322305458,4.827495407726549,0.0795,0.0185,0.07476961367365484,0.02315494684038758,star_platt,star_platt,0.07476961367365484,0.02315494684038758,NA,NA,NA,2026-10-04 13:00:00,2026-10-03 15:08:53,2026-10-03 15:08:41,live
RB,00-0038555,Tank Bigsby,PHI,LA,2026_04_LA_PHI,2026,4,NA,Full Participation in Practice,15,20,9.266466979450351,-1.066670510625438,-5.275613974128561,3.1422729528776845,-6.6279501489917845,4.494609127740908,0.0775,0.0205,0.0732573247835015,0.02508982531954969,star_platt,star_platt,0.0732573247835015,0.02508982531954969,NA,NA,NA,2026-10-04 13:00:00,2026-10-03 15:08:53,2026-10-03 15:08:41,live
RB,00-0038951,Sean Tucker,TB,GB,2026_04_GB_TB,2026,4,NA,NA,15,20,9.087286190886031,-1.1321779590553165,-5.304131741138274,3.0397758230276413,-6.6445831081595985,4.3802271900489655,0.0775,0.0155,0.0732573247835015,0.02016382557962863,star_platt,star_platt,0.0732573247835015,0.02016382557962863,NA,NA,NA,2026-10-04 13:00:00,2026-10-03 15:08:53,2026-10-03 15:08:41,live
RB,00-0036727,Adam Prentice,DEN,SF,2026_04_DEN_SF,2026,4,NA,NA,15,20,7.678462434856616,-0.3945437117370709,-4.260576667309361,3.4714892438352196,-5.502735480885431,4.71364805741129,0.0765,0.0165,0.07249859114031905,0.02117384320736757,star_platt,star_platt,0.07249859114031905,0.02117384320736757,NA,NA,NA,2026-10-04 16:25:00,2026-10-03 15:08:53,2026-10-03 15:08:41,live
RB,00-0039407,Dylan Laube,LV,KC,2026_04_KC_LV,2026,4,NA,NA,15,20,9.198848545466625,-1.2587608646645303,-5.453791764044343,2.936270034715282,-6.801657823328158,4.284136093999097,0.0765,0.019,0.07249859114031905,0.02364276137700072,star_platt,star_platt,0.07249859114031905,0.02364276137700072,NA,NA,NA,2026-10-04 16:25:00,2026-10-03 15:08:53,2026-10-03 15:08:41,live
RB,00-0039391,Kimani Vidal,LAC,SEA,2026_04_LAC_SEA,2026,4,NA,NA,15,20,9.078594392588364,-1.1287268454438664,-5.298876192264047,3.0414225013763145,-6.638747793103619,4.381294102215886,0.074,0.0175,0.07059393667944429,0.02217057270615393,star_platt,star_platt,0.07059393667944429,0.02217057270615393,NA,NA,NA,2026-10-04 16:25:00,2026-10-03 15:08:53,2026-10-03 15:08:41,live
RB,00-0038738,Hunter Luepke,DAL,HOU,2026_04_DAL_HOU,2026,4,NA,NA,15,20,8.118580039738772,-0.5720099225868915,-4.536692718321117,3.3926728731473332,-5.810547787418858,4.666527942245074,0.0735,0.019,0.07021163023428954,0.02364276137700072,star_platt,star_platt,0.07021163023428954,0.02364276137700072,NA,NA,NA,2026-10-04 13:00:00,2026-10-03 15:08:53,2026-10-03 15:08:41,live
RB,00-0036187,Reggie Gilliam,NE,BUF,2026_04_NE_BUF,2026,4,Questionable,Limited Participation in Practice,15,20,7.590393802454625,-0.3902127907842511,-4.236136504425347,3.455710922856845,-5.471834205955499,4.691408624386996,0.073,0.0145,0.06982885475291312,0.01913945341492905,star_platt,star_platt,0.06982885475291312,0.01913945341492905,NA,NA,NA,2026-10-04 13:00:00,2026-10-03 15:08:53,2026-10-03 15:08:41,live
RB,00-0037304,Connor Heyward,LV,KC,2026_04_KC_LV,2026,4,NA,NA,15,20,7.772434237386097,-0.1148678635127168,-4.002219089846765,3.772483362821331,-5.251227477190371,5.021491750164937,0.0705,0.0155,0.0679077769449322,0.02016382557962863,star_platt,star_platt,0.0679077769449322,0.02016382557962863,NA,NA,NA,2026-10-04 16:25:00,2026-10-03 15:08:53,2026-10-03 15:08:41,live
RB,00-0041436,DJ Herman,MIA,MIN,2026_04_MIA_MIN,2026,4,NA,NA,15,20,8.707731900254634,-0.8838692844704681,-4.976126099252888,3.208387530311952,-6.2909707806910085,4.523232211750072,0.069,0.019,0.06674919389076917,0.02364276137700072,star_platt,star_platt,0.06674919389076917,0.02364276137700072,NA,NA,NA,2026-10-04 16:05:00,2026-10-03 15:08:53,2026-10-03 15:08:41,live
RB,00-0033376,Patrick Ricard,NYG,ARI,2026_04_ARI_NYG,2026,4,NA,Full Participation in Practice,15,20,7.9037855663852286,-0.6570106892197661,-4.573924729933265,3.2599033514937323,-5.832431668080123,4.518410289640591,0.0685,0.015,0.06636197966853015,0.0196535064447878,star_platt,star_platt,0.06636197966853015,0.0196535064447878,NA,NA,NA,2026-10-04 13:00:00,2026-10-03 15:08:53,2026-10-03 15:08:41,live
RB,00-0038705,Emari Demercado,DAL,HOU,2026_04_DAL_HOU,2026,4,NA,NA,15,20,8.34296939647577,-1.0903159899296349,-5.104167471522745,2.9235354916634755,-6.393820470227769,4.213188490368499,0.067,0.0115,0.06519720290887374,0.01596684463720429,star_platt,star_platt,0.06519720290887374,0.01596684463720429,NA,NA,NA,2026-10-04 13:00:00,2026-10-03 15:08:53,2026-10-03 15:08:41,live
RB,00-0040568,Lan Larison,NE,BUF,2026_04_NE_BUF,2026,4,NA,NA,15,20,7.353753882874214,-0.40786264680946993,-4.199111099695756,3.3833858060768156,-5.417241605650591,4.601516312031651,0.0655,0.0185,0.0640276087751381,0.02315494684038758,star_platt,star_platt,0.0640276087751381,0.02315494684038758,NA,NA,NA,2026-10-04 13:00:00,2026-10-03 15:08:53,2026-10-03 15:08:41,live
RB,00-0041104,Demond Claiborne,MIN,MIA,2026_04_MIA_MIN,2026,4,NA,NA,15,20,8.487005794372518,-0.7846443869176468,-4.829676480465297,3.2603877066300035,-6.1293478293492045,4.560059055513912,0.065,0.017,0.06363664686121409,0.02167380784111855,star_platt,star_platt,0.06363664686121409,0.02167380784111855,NA,NA,NA,2026-10-04 16:05:00,2026-10-03 15:08:53,2026-10-03 15:08:41,live
RB,00-0039738,Blake Corum,LA,PHI,2026_04_LA_PHI,2026,4,NA,NA,15,20,11.378399633990863,-0.8126348983046453,-5.430948864081482,3.805679067472191,-6.914816038100941,5.289546241491651,0.164,0.0435,0.06259960849071584,0,star_platt,star_platt,0.13459960849071584,0.04520618607192323,role_change_down,0.72,"Corum receiving nearly equal touches to the lead back Williams suggests a potential shift toward a more even backfield committee, implying reduced opportunity for Williams despite his productive game.",2026-10-04 13:00:00,2026-10-03 15:08:53,2026-10-03 15:08:41,live
RB,00-0037157,Bam Knight,ARI,NYG,2026_04_ARI_NYG,2026,4,NA,NA,15,20,8.605459370544974,-1.003166073302377,-5.0736240646415185,3.067291918036765,-6.381464770434105,4.3751326238293515,0.062,0.0145,0.06127893257415996,0.01913945341492905,star_platt,star_platt,0.06127893257415996,0.01913945341492905,NA,NA,NA,2026-10-04 13:00:00,2026-10-03 15:08:53,2026-10-03 15:08:41,live
RB,00-0040078,Brashard Smith,KC,LV,2026_04_KC_LV,2026,4,NA,NA,15,20,7.625808418130146,-0.7085334797264613,-4.562558914362026,3.1454919549091036,-5.800859703929467,4.383792744476544,0.062,0.0135,0.06127893257415996,0.01809949682708719,star_platt,star_platt,0.06127893257415996,0.01809949682708719,NA,NA,NA,2026-10-04 16:25:00,2026-10-03 15:08:53,2026-10-03 15:08:41,live
RB,00-0037594,Julius Chestnut,TEN,BAL,2026_04_TEN_BAL,2026,4,NA,NA,15,20,8.649031227562704,-1.837608956618605,-5.917371308962746,2.2421533957255373,-7.2282015117823555,3.5529835985451457,0.0585,0.0115,0.0585010125763277,0.01596684463720429,star_platt,star_platt,0.0585010125763277,0.01596684463720429,NA,NA,NA,2026-10-04 13:00:00,2026-10-03 15:08:53,2026-10-03 15:08:41,live
RB,00-0040238,LeQuint Allen Jr.,JAX,CIN,2026_04_JAX_CIN,2026,4,NA,Limited Participation in Practice,15,20,7.615212627083168,-1.1216174378502777,-4.97322106277047,2.7299861870699154,-6.210743723357293,3.967508847656738,0.0555,0.0095,0.05609482715732104,0.01375088198977509,star_platt,star_platt,0.05609482715732104,0.01375088198977509,NA,NA,NA,2026-10-04 13:00:00,2026-10-03 15:08:53,2026-10-03 15:08:41,live
RB,00-0039746,Will Shipley,PHI,LA,2026_04_LA_PHI,2026,4,NA,Full Participation in Practice,15,20,7.982830505796883,-1.144724814489635,-5.079299643382518,2.789850014403248,-6.343481003849057,4.054031374869787,0.0525,0.0115,0.05366364797893129,0.01596684463720429,star_platt,star_platt,0.05366364797893129,0.01596684463720429,NA,NA,NA,2026-10-04 13:00:00,2026-10-03 15:08:53,2026-10-03 15:08:41,live
RB,00-0040886,Nicholas Singleton,TEN,BAL,2026_04_TEN_BAL,2026,4,NA,NA,15,20,8.45944844791032,-1.0997698244705478,-5.1388589387633274,2.9393192898222313,-6.43662080468494,4.2370811557438435,0.0475,0.0105,0.04955075259378453,0.01487044569409088,star_platt,star_platt,0.04955075259378453,0.01487044569409088,NA,NA,NA,2026-10-04 13:00:00,2026-10-03 15:08:53,2026-10-03 15:08:41,live
RB,00-0035125,Alec Ingold,LAC,SEA,2026_04_LAC_SEA,2026,4,NA,NA,15,20,7.310599043022087,-0.7685939389689109,-4.54976808938568,3.012580211447858,-5.764661715638002,4.22747383770018,0.045,0.0055,0.047462965129457003,0.00896626278358571,star_platt,star_platt,0.047462965129457003,0.00896626278358571,NA,NA,NA,2026-10-04 16:25:00,2026-10-03 15:08:53,2026-10-03 15:08:41,live
RB,00-0037263,Tyler Allgeier,ARI,NYG,2026_04_ARI_NYG,2026,4,NA,NA,15,20,11.3782287165838,-0.999407193612422,-5.6176897974510975,3.618875410226254,-7.101546894860155,5.102732507635311,0.1435,0.036,0.03559681274626396,0,star_platt,star_platt,0.12059681274626396,0.03897629526938985,role_change_down,0.85,"Backup Jeremiah Love took meaningful snaps over Allgeier for the first time this season, signaling a potential shift in the Cardinals' RB opportunity distribution.",2026-10-04 13:00:00,2026-10-03 15:08:53,2026-10-03 15:08:41,live
RB,00-0037120,Tyler Goodson,DAL,HOU,2026_04_DAL_HOU,2026,4,NA,NA,15,20,9.731121788053091,-1.150029792574052,-5.453107164358128,3.153047579210023,-6.835688622997067,4.535629037848961,0.1015,0.0205,0.01901097357077823,0,star_platt,star_platt,0.09101097357077824,0.02508982531954969,role_change_down,0.72,"Tyler Goodson signing adds a depth RB to Dallas backfield, increasing competition for touches in the absence of Malik Davis.",2026-10-04 13:00:00,2026-10-03 15:08:53,2026-10-03 15:08:41,live
RB,00-0036425,DeeJay Dallas,MIN,MIA,2026_04_MIA_MIN,2026,4,NA,NA,15,20,8.93804282435999,-0.5827166340952222,-4.723554744463944,3.5581214762734996,-6.054008626646327,4.888575358455883,0.0915,0.0225,0,0,star_platt,star_platt,0.08371087946584485,0.02698403024064909,role_change_down,0.95,Aaron Jones Sr. clearing to play reduces Dallas's snap/carry opportunity in a committee backfield.,2026-10-04 16:05:00,2026-10-03 15:08:53,2026-10-03 15:08:41,live
TE,00-0040128,Tyler Warren,IND,WAS,2026_04_IND_WAS,2026,4,NA,NA,12,17,7.353652487925901,1.6904581405073067,-2.943057096243428,6.975408131090553,-4.908579349126891,8.50738439974885,0.5175,0.249,0.6154212857811702,0.3552541151163617,platt_vol_vegas,platt,0.5304212857811702,0.27025411511636166,role_change_up,0.85,Warren's role is expanding with career-high 9 receptions and explicit callout that he will continue seeing plenty of targets with WR Alec Pierce sidelined.,2026-10-04 09:30:00,2026-10-03 15:08:53,2026-10-03 15:08:41,live
TE,00-0037744,Trey McBride,ARI,NYG,2026_04_ARI_NYG,2026,4,NA,NA,12,17,8.08829599460351,2.0614280517161623,-2.8352983471338264,7.646594564223127,-4.912473927972286,9.265596176142148,0.602,0.3315,0.6050200143641327,0.357997756518523,platt_vol_vegas,platt,0.6050200143641327,0.357997756518523,NA,NA,NA,2026-10-04 13:00:00,2026-10-03 15:08:53,2026-10-03 15:08:41,live
TE,00-0039338,Brock Bowers,LV,KC,2026_04_KC_LV,2026,4,NA,Limited Participation in Practice,12,17,7.95608513200416,1.4540899949838393,-3.3960323977280247,6.986100355149424,-5.4534387091333185,8.589693313426446,0.5425,0.2935,0.5629428413260654,0.3177655694353598,platt_vol_vegas,platt,0.5629428413260654,0.3177655694353598,NA,NA,NA,2026-10-04 16:25:00,2026-10-03 15:08:53,2026-10-03 15:08:41,live
TE,00-0033288,George Kittle,SF,DEN,2026_04_DEN_SF,2026,4,NA,NA,12,17,6.798520379506658,2.531155845837703,-1.896062469441557,7.580805236880335,-3.774074232095603,9.044573682354006,0.532,0.2535,0.5469064506917274,0.3600772500834789,platt_vol_vegas,platt,0.4619064506917274,0.2750772500834789,role_change_up,0.85,Tonges' IR placement removes a competing tight end and directly increases Kittle's expected offensive opportunities and target share.,2026-10-04 16:25:00,2026-10-03 15:08:53,2026-10-03 15:08:41,live
TE,00-0038933,Dalton Kincaid,BUF,NE,2026_04_NE_BUF,2026,4,NA,NA,12,17,6.957246123510615,1.4699474205588223,-3.016955486872935,6.587672574519525,-4.920285261454416,8.071174499675521,0.48,0.23,0.5109946630090196,0.24984569273832488,platt_vol_vegas,platt,0.5109946630090196,0.24984569273832488,NA,NA,NA,2026-10-04 13:00:00,2026-10-03 15:08:53,2026-10-03 15:08:41,live
TE,00-0039065,Sam LaPorta,DET,CAR,2026_04_DET_CAR,2026,4,NA,NA,12,17,6.291463303480337,2.8085837861846814,-1.4239305958940491,7.636155446312966,-3.2193495766372404,9.035549051123157,0.5265,0.238,0.42301348733555766,0.2584472897872046,platt_vol_vegas,platt,0.42301348733555766,0.2584472897872046,NA,NA,NA,2026-10-04 20:20:00,2026-10-03 15:08:53,2026-10-03 15:08:41,live
TE,00-0030506,Travis Kelce,KC,LV,2026_04_KC_LV,2026,4,NA,NA,12,17,6.445420879412838,1.906114583319383,-2.3861921321315487,6.801884895129229,-4.206974828280865,8.221047602034385,0.4785,0.2115,0.41919400114648814,0.22990830960948436,platt_vol_vegas,platt,0.41919400114648814,0.22990830960948436,NA,NA,NA,2026-10-04 16:25:00,2026-10-03 15:08:53,2026-10-03 15:08:41,live
TE,00-0034753,Mark Andrews,BAL,TEN,2026_04_TEN_BAL,2026,4,NA,Full Participation in Practice,12,17,6.513315837326957,1.7493561435631777,-2.569128114343309,6.674984348502774,-4.401015239763537,8.102802120032651,0.4285,0.19,0.4088631677637806,0.20666082067932537,platt_vol_vegas,platt,0.4088631677637806,0.20666082067932537,NA,NA,NA,2026-10-04 13:00:00,2026-10-03 15:08:53,2026-10-03 15:08:41,live
TE,00-0034383,Dalton Schultz,HOU,DAL,2026_04_DAL_HOU,2026,4,NA,Limited Participation in Practice,12,17,6.201451541421842,1.264496450684998,-2.9327755399759683,6.051870924298352,-4.713244811688954,7.4396123590941725,0.3695,0.1395,0.3861746319863389,0.15177043821554775,platt_vol_vegas,platt,0.3861746319863389,0.15177043821554775,NA,NA,NA,2026-10-04 13:00:00,2026-10-03 15:08:53,2026-10-03 15:08:41,live
TE,00-0034829,Mike Gesicki,CIN,JAX,2026_04_JAX_CIN,2026,4,NA,NA,12,17,5.898455735553319,1.5599988325913343,-2.5170316192233435,6.21022677983672,-4.246494817092259,7.558212829227001,0.3875,0.1485,0.3718945569284699,0.16157879297761965,platt_vol_vegas,platt,0.3718945569284699,0.16157879297761965,NA,NA,NA,2026-10-04 13:00:00,2026-10-03 15:08:53,2026-10-03 15:08:41,live
TE,00-0036040,Juwan Johnson,NO,ATL,2026_04_ATL_NO,2026,4,NA,NA,12,17,6.0559062452131265,1.298792811786804,-2.841036030134815,6.020648094704245,-4.59713810300331,7.38939713686311,0.371,0.145,0.3589972331565476,0.15776561763285532,platt_vol_vegas,platt,0.3589972331565476,0.15776561763285532,NA,NA,NA,2026-10-05 20:15:00,2026-10-03 15:08:53,2026-10-03 15:08:41,live
TE,00-0038996,Tucker Kraft,GB,TB,2026_04_GB_TB,2026,4,NA,NA,12,17,5.760151681578865,1.1692329281334977,-2.8520526673782665,5.755878743295568,-4.557869076589162,7.085433905423738,0.325,0.1155,0.3463365427601115,0.21057114095599,platt_vol_vegas,platt,0.2613365427601115,0.12557114095598998,role_change_up,0.85,"Kraft reached a season-high 8 targets, indicating increased opportunity/volume in the passing game that could sustain fantasy relevance despite poor efficiency.",2026-10-04 13:00:00,2026-10-03 15:08:53,2026-10-03 15:08:41,live
TE,00-0037838,Isaiah Likely,NYG,ARI,2026_04_ARI_NYG,2026,4,NA,NA,12,17,6.371918835105441,0.7682242107278751,-3.4956122693256626,5.631521602388033,-5.30431798323597,7.041271213023217,0.3565,0.138,0.34485000869573873,0.15013476517328692,platt_vol_vegas,platt,0.34485000869573873,0.15013476517328692,NA,NA,NA,2026-10-04 13:00:00,2026-10-03 15:08:53,2026-10-03 15:08:41,live
TE,00-0035229,T.J. Hockenson,MIN,MIA,2026_04_MIA_MIN,2026,4,NA,NA,12,17,5.445130671591098,1.044585361783548,-2.8475880220127214,5.4839668328731275,-4.498635446494052,6.770833704527296,0.3025,0.0995,0.33311737633565486,0.19307762304453105,platt_vol_vegas,platt,0.24811737633565484,0.10807762304453104,role_change_up,0.85,Josh Oliver's IR placement increases snap and target share for the Vikings' primary TE.,2026-10-04 16:05:00,2026-10-03 15:08:53,2026-10-03 15:08:41,live
TE,00-0041032,Kenyon Sadiq,NYJ,CHI,2026_04_NYJ_CHI,2026,4,Questionable,Limited Participation in Practice,12,17,5.493081643196574,0.7216720736380632,-3.1903526363294596,5.183695806747138,-4.84982092949152,6.477126110059962,0.279,0.0925,0.3188861469813484,0.185419714074119,platt_vol_vegas,platt,0.23388614698134835,0.100419714074119,role_change_up,0.85,Rookie TE Sadiq should continue to see expanded role with Taylor sidelined for a second consecutive game.,2026-10-04 13:00:00,2026-10-03 15:08:53,2026-10-03 15:08:41,live
TE,00-0031610,Darren Waller,CAR,DET,2026_04_DET_CAR,2026,4,NA,Full Participation in Practice,12,17,5.794738320594642,0.5458026285111033,-3.489475669296383,5.148408406700696,-5.201227737792927,6.482589967309531,0.2925,0.0965,0.3119764747941652,0.10479591199092415,platt_vol_vegas,platt,0.3119764747941652,0.10479591199092415,NA,NA,NA,2026-10-04 20:20:00,2026-10-03 15:08:53,2026-10-03 15:08:41,live
TE,00-0038935,Brenton Strange,JAX,CIN,2026_04_JAX_CIN,2026,4,NA,NA,12,17,5.644376131607363,1.170755631302384,-2.8034320203507828,5.703681912755412,-4.489269633336967,7.0176651109194434,0.3105,0.11,0.31076241815435157,0.11955971202915788,platt_vol_vegas,platt,0.31076241815435157,0.11955971202915788,NA,NA,NA,2026-10-04 13:00:00,2026-10-03 15:08:53,2026-10-03 15:08:41,live
TE,00-0033110,Tyler Higbee,LA,PHI,2026_04_LA_PHI,2026,4,NA,Did Not Participate In Practice,12,17,4.986988091209403,1.0515358494397855,-2.6471240432025915,5.270197398181884,-4.216083667458435,6.493083024288046,0.2515,0.0785,0.2960225533219942,0.17010012221058085,platt_vol_vegas,platt,0.21102255332199416,0.08510012221058086,role_change_up,0.85,"Higbee's opportunity increased due to Terrance Ferguson's ankle injury, elevating his target share and role in the passing game.",2026-10-04 13:00:00,2026-10-03 15:08:53,2026-10-03 15:08:41,live
TE,00-0039793,AJ Barner,SEA,LAC,2026_04_LAC_SEA,2026,4,NA,NA,12,17,5.630981324063451,1.4182704196081204,-2.5504421109106223,5.944951822192874,-4.233957195130399,7.257124784452328,0.329,0.123,0.28614630695542226,0.13376451171525858,platt_vol_vegas,platt,0.28614630695542226,0.13376451171525858,NA,NA,NA,2026-10-04 16:25:00,2026-10-03 15:08:53,2026-10-03 15:08:41,live
TE,00-0040737,Terrance Ferguson,LA,PHI,2026_04_LA_PHI,2026,4,Out,Did Not Participate In Practice,12,17,4.9620412200758865,1.1164490395280493,-2.5714638520653805,5.322852645824649,-4.135864633059864,6.542184997640128,0.252,0.0755,0.2808860010354374,0.15381730413274103,platt_vol_vegas,platt,0.20888600103543745,0.08181730413274105,role_change_up,0.72,Ferguson's IR placement opens increased target share and snaps for other Rams tight ends.,2026-10-04 13:00:00,2026-10-03 15:08:53,2026-10-03 15:08:41,live
TE,00-0039066,Michael Mayer,LV,KC,2026_04_KC_LV,2026,4,NA,NA,12,17,5.715807734628472,1.084898369614646,-2.918395311312277,5.651022752568712,-4.616579608253852,6.974629259137689,0.331,0.1205,0.2771163031290035,0.13103394249384007,platt_vol_vegas,platt,0.2771163031290035,0.13103394249384007,NA,NA,NA,2026-10-04 16:25:00,2026-10-03 15:08:53,2026-10-03 15:08:41,live
TE,00-0038041,Jake Ferguson,DAL,HOU,2026_04_DAL_HOU,2026,4,NA,NA,12,17,5.533013917077899,0.7936496167772394,-3.1348512933575488,5.2744659704928445,-4.801308737610528,6.573343789647144,0.2685,0.093,0.27230219949302237,0.10096677057111388,platt_vol_vegas,platt,0.27230219949302237,0.10096677057111388,NA,NA,NA,2026-10-04 13:00:00,2026-10-03 15:08:53,2026-10-03 15:08:41,live
TE,00-0038129,Cade Otton,TB,GB,2026_04_GB_TB,2026,4,NA,NA,12,17,6.137687553006576,0.9704959431867388,-3.2016804035154776,5.729246528342464,-4.971504183818371,7.108690605942485,0.3445,0.131,0.2718155760169134,0.14249826463702156,platt_vol_vegas,platt,0.2718155760169134,0.14249826463702156,NA,NA,NA,2026-10-04 13:00:00,2026-10-03 15:08:53,2026-10-03 15:08:41,live
TE,00-0040126,Colston Loveland,CHI,NYJ,2026_04_NYJ_CHI,2026,4,NA,NA,12,17,5.526498840040122,1.425824481036719,-2.499991700691602,5.903578655253283,-4.165310291793953,7.201568824319831,0.314,0.113,0.27121841192756635,0.12283896144717572,platt_vol_vegas,platt,0.27121841192756635,0.12283896144717572,NA,NA,NA,2026-10-04 13:00:00,2026-10-03 15:08:53,2026-10-03 15:08:41,live
TE,00-0030061,Zach Ertz,PHI,LA,2026_04_LA_PHI,2026,4,NA,NA,12,17,4.713638034201618,0.5690531145399936,-3.010583003672672,4.651957109155088,-4.5290531258312186,5.835489978549409,0.182,0.049,0.24555635670249837,0.13784123879349836,platt_vol_vegas,platt,0.16055635670249838,0.05284123879349835,role_change_up,0.85,"Ertz signed to active roster with Goedert sidelined, establishing him as Philadelphia's primary tight end role going forward.",2026-10-04 13:00:00,2026-10-03 15:08:53,2026-10-03 15:08:41,live
TE,00-0040189,Oronde Gadsden II,LAC,SEA,2026_04_LAC_SEA,2026,4,NA,NA,12,17,4.501257462364965,0.3182129393299416,-3.1669338976588484,4.293343224266998,-4.645321970786576,5.445635161219913,0.147,0.0355,0.2251193897486455,0.1331190179467453,platt_vol_vegas,platt,0.13011938974864554,0.0381190179467453,role_change_up,0.95,"With both Njoku and Kolar on IR, Gadsden becomes the Chargers' only healthy tight end and should see a significant increase in snaps and targets.",2026-10-04 16:25:00,2026-10-03 15:08:53,2026-10-03 15:08:41,live
TE,00-0034351,Dallas Goedert,PHI,LA,2026_04_LA_PHI,2026,4,Out,Did Not Participate In Practice,12,17,5.419244019719246,0.8075603752221437,-3.0738656390329613,5.234683483566982,-4.720354063939719,6.5179969590961155,0.2535,0.0925,0.22010405409583703,0.100419714074119,platt_vol_vegas,platt,0.22010405409583703,0.100419714074119,NA,NA,NA,2026-10-04 13:00:00,2026-10-03 15:08:53,2026-10-03 15:08:41,live
TE,00-0035644,Noah Fant,NO,ATL,2026_04_ATL_NO,2026,4,NA,Limited Participation in Practice,12,17,4.807189364324148,0.9094064420441778,-2.711282685063818,5.0391351664570605,-4.247167361488119,6.236241366718157,0.224,0.0615,0.2198529070636025,0.0665017969186095,platt_vol_vegas,platt,0.2198529070636025,0.0665017969186095,NA,NA,NA,2026-10-05 20:15:00,2026-10-03 15:08:53,2026-10-03 15:08:41,live
TE,00-0040736,Mason Taylor,NYJ,CHI,2026_04_NYJ_CHI,2026,4,Out,Did Not Participate In Practice,12,17,5.265873593753089,0.8824243000397924,-2.9348793531868083,5.236409962191315,-4.554167278889567,6.498522701267297,0.258,0.0785,0.2124335901603829,0.08510012221058086,platt_vol_vegas,platt,0.2124335901603829,0.08510012221058086,NA,NA,NA,2026-10-04 13:00:00,2026-10-03 15:08:53,2026-10-03 15:08:41,live
TE,00-0033090,Hunter Henry,NE,BUF,2026_04_NE_BUF,2026,4,NA,NA,12,17,5.93113380027102,1.0637674601190656,-3.0263537963182428,5.728926673203047,-4.761370071382168,7.081240927205767,0.3345,0.119,0.21109319265286275,0.04439532908455897,platt_vol_vegas,platt,0.29609319265286277,0.12939532908455895,role_change_down,0.85,Raridon's potential return from injury would reduce Henry's snap count and targets at the tight end position.,2026-10-04 13:00:00,2026-10-03 15:08:53,2026-10-03 15:08:41,live
TE,00-0033881,Evan Engram,DEN,SF,2026_04_DEN_SF,2026,4,NA,NA,12,17,4.954710804988591,0.5046046142214522,-3.1801460585793766,4.707401419347824,-4.743205436537987,5.925688248725361,0.209,0.055,0.20841560841935097,0.05939588329461221,platt_vol_vegas,platt,0.20841560841935097,0.05939588329461221,NA,NA,NA,2026-10-04 16:25:00,2026-10-03 15:08:53,2026-10-03 15:08:41,live
TE,00-0037805,Jeremy Ruckert,NYJ,CHI,2026_04_NYJ_CHI,2026,4,NA,Full Participation in Practice,12,17,4.0439319099759645,0.5781292210623373,-2.6969549071855945,4.313663679967234,-4.086235055242449,5.396502713826482,0.1315,0.027,0.20536761204254672,0.11387816647662594,platt_vol_vegas,platt,0.1203676120425467,0.02887816647662592,role_change_up,0.85,Ruckert will see increased offensive snaps and targets due to co-tight ends Mason Taylor and Kenyon Sadiq being out/questionable.,2026-10-04 13:00:00,2026-10-03 15:08:53,2026-10-03 15:08:41,live
TE,00-0037005,Tommy Tremble,CAR,DET,2026_04_DET_CAR,2026,4,NA,NA,12,17,4.730592269715794,0.7559427737645602,-2.831158550146398,4.847361521600269,-4.352795388539299,6.033362607324112,0.206,0.0615,0.20276757474770143,0.0665017969186095,platt_vol_vegas,platt,0.20276757474770143,0.0665017969186095,NA,NA,NA,2026-10-04 20:20:00,2026-10-03 15:08:53,2026-10-03 15:08:41,live
TE,00-0036556,Brevin Jordan,HOU,DAL,2026_04_DAL_HOU,2026,4,NA,NA,12,17,4.540761029956193,0.6688501991763152,-2.834011366776612,4.664185760645029,-4.319913970925333,5.822334707447297,0.193,0.0465,0.20195318143674823,0.05011184657662508,platt_vol_vegas,platt,0.20195318143674823,0.05011184657662508,NA,NA,NA,2026-10-04 13:00:00,2026-10-03 15:08:53,2026-10-03 15:08:41,live
TE,00-0039824,Jared Wiley,KC,LV,2026_04_KC_LV,2026,4,NA,NA,12,17,4.468464678148871,0.7906755986396737,-2.6797162222989432,4.7489764316485426,-4.1518452650994915,5.896389926797005,0.1955,0.0515,0.19415766407479945,0.05557169491281011,platt_vol_vegas,platt,0.19415766407479945,0.05557169491281011,NA,NA,NA,2026-10-04 16:25:00,2026-10-03 15:08:53,2026-10-03 15:08:41,live
TE,00-0041116,Jack Endries,CIN,JAX,2026_04_JAX_CIN,2026,4,NA,NA,12,17,4.245372443763391,1.4808151101678422,-1.8879636023457689,5.3232168538299245,-3.3169886915410927,6.437034069968226,0.2305,0.06,0.1941190752608195,0.06486159423812027,platt_vol_vegas,platt,0.1941190752608195,0.06486159423812027,NA,NA,NA,2026-10-04 13:00:00,2026-10-03 15:08:53,2026-10-03 15:08:41,live
TE,00-0040363,Keleki Latu,BUF,NE,2026_04_NE_BUF,2026,4,NA,NA,12,17,4.249579438878598,1.2138966913111469,-2.156818651559898,5.058507339890193,-3.5866652531208123,6.172964862922322,0.202,0.0495,0.1926994421615173,0.05338724910356462,platt_vol_vegas,platt,0.1926994421615173,0.05338724910356462,NA,NA,NA,2026-10-04 13:00:00,2026-10-03 15:08:53,2026-10-03 15:08:41,live
TE,00-0034613,Tanner Hudson,CIN,JAX,2026_04_JAX_CIN,2026,4,NA,NA,12,17,4.147205447557777,1.4556475105187898,-1.867710234481902,5.246242466123773,-3.277467895421881,6.345042175946914,0.215,0.0575,0.18556134100100152,0.06212839979150592,platt_vol_vegas,platt,0.18556134100100152,0.06212839979150592,NA,NA,NA,2026-10-04 13:00:00,2026-10-03 15:08:53,2026-10-03 15:08:41,live
TE,00-0034270,Tyler Conklin,DET,CAR,2026_04_DET_CAR,2026,4,NA,NA,12,17,4.18941932100166,1.406536400352213,-1.936408020657115,5.21947176014242,-3.3544742865304817,6.324747400505107,0.203,0.0555,0.1854274685436355,0.05994232758805185,platt_vol_vegas,platt,0.1854274685436355,0.05994232758805185,NA,NA,NA,2026-10-04 20:20:00,2026-10-03 15:08:53,2026-10-03 15:08:41,live
TE,00-0032392,Austin Hooper,ATL,NO,2026_04_ATL_NO,2026,4,NA,NA,12,17,4.632060575260645,1.06622203327251,-2.4773355572632267,5.10797515112041,-3.9805012840810985,6.279579399287634,0.2225,0.06,0.1852222378087123,0.06486159423812027,platt_vol_vegas,platt,0.1852222378087123,0.06486159423812027,NA,NA,NA,2026-10-05 20:15:00,2026-10-03 15:08:53,2026-10-03 15:08:41,live
TE,00-0038046,Charlie Kolar,LAC,SEA,2026_04_LAC_SEA,2026,4,Out,Limited Participation in Practice,12,17,5.242272809809834,0.6972137066017496,-3.1101535199216297,5.039865960848381,-4.725226445392076,6.298693425326826,0.239,0.078,0.1848845594091808,0.08455297699520203,platt_vol_vegas,platt,0.1848845594091808,0.08455297699520203,NA,NA,NA,2026-10-04 16:25:00,2026-10-03 15:08:53,2026-10-03 15:08:41,live
TE,00-0040584,Gunnar Helm,TEN,BAL,2026_04_TEN_BAL,2026,4,NA,NA,12,17,5.513936735173172,0.7642967071955511,-3.1563391378381516,5.236142231290864,-4.819460246784851,6.53241962884932,0.281,0.091,0.1841692692885289,0.09877849722789436,platt_vol_vegas,platt,0.1841692692885289,0.09877849722789436,NA,NA,NA,2026-10-04 13:00:00,2026-10-03 15:08:53,2026-10-03 15:08:41,live
TE,00-0039356,Ja'Tavion Sanders,CAR,DET,2026_04_DET_CAR,2026,4,NA,NA,12,17,4.513377143872239,0.5015900898292628,-2.988998534776883,4.482927233694718,-4.469694996700345,5.637018385512136,0.1835,0.0495,0.18399466844430357,0.05338724910356462,platt_vol_vegas,platt,0.18399466844430357,0.05338724910356462,NA,NA,NA,2026-10-04 20:20:00,2026-10-03 15:08:53,2026-10-03 15:08:41,live
TE,00-0039814,Erick All,CIN,JAX,2026_04_JAX_CIN,2026,4,NA,NA,12,17,4.141480564573437,0.9883105509989404,-2.332384493139731,4.775868451543858,-3.7410126449425514,5.873787794232604,0.1895,0.048,0.18392887160248936,0.0517493467846333,platt_vol_vegas,platt,0.18392887160248936,0.0517493467846333,NA,NA,NA,2026-10-04 13:00:00,2026-10-03 15:08:53,2026-10-03 15:08:41,live
TE,00-0035689,Dawson Knox,BUF,NE,2026_04_NE_BUF,2026,4,NA,NA,12,17,4.146744116080806,0.704171653404344,-2.6189715788496755,4.494521937506034,-4.0286382441728135,5.5932507231128,0.184,0.0415,0.1836302318846717,0.04465682277974643,platt_vol_vegas,platt,0.1836302318846717,0.04465682277974643,NA,NA,NA,2026-10-04 13:00:00,2026-10-03 15:08:53,2026-10-03 15:08:41,live
TE,00-0037809,Chig Okonkwo,WAS,IND,2026_04_IND_WAS,2026,4,NA,Limited Participation in Practice,12,17,4.773232141169197,0.7269096097694027,-2.8789172162049805,4.83968651375594,-4.4084973523149475,6.0318788006119926,0.2035,0.0575,0.17992826792693167,0.06212839979150592,platt_vol_vegas,platt,0.17992826792693167,0.06212839979150592,NA,NA,NA,2026-10-04 09:30:00,2026-10-03 15:08:53,2026-10-03 15:08:41,live
TE,00-0037252,Greg Dulcich,MIA,MIN,2026_04_MIA_MIN,2026,4,NA,NA,12,17,5.594417811776961,0.4356735895747488,-3.5180657254492154,4.945276663710188,-5.195229219839573,6.2524990410181625,0.2465,0.08,0.17696694573380725,0.08674157112212656,platt_vol_vegas,platt,0.17696694573380725,0.08674157112212656,NA,NA,NA,2026-10-04 16:05:00,2026-10-03 15:08:53,2026-10-03 15:08:41,live
TE,00-0040194,Jackson Hawes,BUF,NE,2026_04_NE_BUF,2026,4,NA,NA,12,17,4.02790076521669,1.8812927120416305,-1.386251728421845,5.608227464061047,-2.772333565183076,6.6885736556248245,0.2355,0.0655,0.1767608528337564,0.07087655549962064,platt_vol_vegas,platt,0.1767608528337564,0.07087655549962064,NA,NA,NA,2026-10-04 13:00:00,2026-10-03 15:08:53,2026-10-03 15:08:41,live
TE,00-0041084,Tanner Koziol,JAX,CIN,2026_04_JAX_CIN,2026,4,NA,NA,12,17,4.28613855818078,1.0160884958391598,-2.37142256206686,4.879856201097742,-3.808393851897383,5.999866880973868,0.1865,0.054,0.17674893653500573,0.05830308906284837,platt_vol_vegas,platt,0.17674893653500573,0.05830308906284837,NA,NA,NA,2026-10-04 13:00:00,2026-10-03 15:08:53,2026-10-03 15:08:41,live
TE,00-0039518,Treyton Welch,NO,ATL,2026_04_ATL_NO,2026,4,NA,NA,12,17,4.294271829275802,1.135355856418076,-2.255883539286031,5.003376073604235,-3.694436378012797,6.1246194514939365,0.1975,0.0535,0.17624755857628036,0.05775674085216733,platt_vol_vegas,platt,0.17624755857628036,0.05775674085216733,NA,NA,NA,2026-10-05 20:15:00,2026-10-03 15:08:53,2026-10-03 15:08:41,live
TE,00-0039847,Theo Johnson,NYG,ARI,2026_04_ARI_NYG,2026,4,NA,NA,12,17,4.715258172362139,0.13204243665931284,-3.448307539355921,4.215760651708395,-4.96708047769714,5.3995295434651895,0.18,0.053,0.17482257586393626,0.05721042642175668,platt_vol_vegas,platt,0.17482257586393626,0.05721042642175668,NA,NA,NA,2026-10-04 13:00:00,2026-10-03 15:08:53,2026-10-03 15:08:41,live
TE,00-0036637,Noah Gray,KC,LV,2026_04_KC_LV,2026,4,NA,NA,12,17,4.222170332269023,0.8354725333952805,-2.5226109106079924,4.665675340326849,-3.94709910131836,5.775956386471617,0.176,0.046,0.1739208746493631,0.04956610774783282,platt_vol_vegas,platt,0.1739208746493631,0.04956610774783282,NA,NA,NA,2026-10-04 16:25:00,2026-10-03 15:08:53,2026-10-03 15:08:41,live
TE,00-0036244,Colby Parkinson,LA,PHI,2026_04_LA_PHI,2026,4,Questionable,Did Not Participate In Practice,12,17,4.518722597558657,0.7721926268557976,-2.720794179209237,4.7562651170902575,-4.202507941990266,5.911149178155889,0.1955,0.053,0.17092221465387028,0.05721042642175668,platt_vol_vegas,platt,0.17092221465387028,0.05721042642175668,NA,NA,NA,2026-10-04 13:00:00,2026-10-03 15:08:53,2026-10-03 15:08:41,live
TE,00-0035631,Drew Sample,CIN,JAX,2026_04_JAX_CIN,2026,4,NA,NA,12,17,3.9866921369656985,0.7783588901093136,-2.4697464886996316,4.483121605681495,-3.8475823380614673,5.557040672348061,0.1555,0.0385,0.17043534462789092,0.04138665329369701,platt_vol_vegas,platt,0.17043534462789092,0.04138665329369701,NA,NA,NA,2026-10-04 13:00:00,2026-10-03 15:08:53,2026-10-03 15:08:41,live
TE,00-0038643,Brayden Willis,SF,DEN,2026_04_DEN_SF,2026,4,NA,NA,12,17,4.189704575080033,0.9936487638604388,-2.349427728710767,4.8067347634055695,-3.767550018915679,5.912054070506839,0.1815,0.0465,0.16874282399875923,0.05011184657662508,platt_vol_vegas,platt,0.16874282399875923,0.05011184657662508,NA,NA,NA,2026-10-04 16:25:00,2026-10-03 15:08:53,2026-10-03 15:08:41,live
TE,00-0041510,Max Klare,LA,PHI,2026_04_LA_PHI,2026,4,NA,NA,12,17,4.434836187323335,1.1327654321063494,-2.3224480665942666,5.073753993574045,-3.7881385139449497,6.2161490894557385,0.209,0.058,0.1653832654063167,0.06267498756057978,platt_vol_vegas,platt,0.1653832654063167,0.06267498756057978,NA,NA,NA,2026-10-04 13:00:00,2026-10-03 15:08:53,2026-10-03 15:08:41,live
TE,00-0036825,Feleipe Franks,CAR,DET,2026_04_DET_CAR,2026,4,NA,NA,12,17,4.257486065976782,0.9023979572965852,-2.4719549127062685,4.751157539891975,-3.9033445415710175,5.866817736263415,0.1685,0.042,0.16408743261235695,0.04520207320489637,platt_vol_vegas,platt,0.16408743261235695,0.04520207320489637,NA,NA,NA,2026-10-04 20:20:00,2026-10-03 15:08:53,2026-10-03 15:08:41,live
TE,00-0041133,Dallen Bentley,DEN,SF,2026_04_DEN_SF,2026,4,NA,NA,12,17,4.41347858639642,0.49327186208440665,-2.9522767258147606,4.423236704488016,-4.413867349104931,5.56243629690636,0.164,0.0435,0.16361227555773605,0.04683817634331945,platt_vol_vegas,platt,0.16361227555773605,0.04683817634331945,NA,NA,NA,2026-10-04 16:25:00,2026-10-03 15:08:53,2026-10-03 15:08:41,live
TE,00-0036290,Cole Kmet,CHI,NYJ,2026_04_NYJ_CHI,2026,4,NA,NA,12,17,4.340436699973537,0.8703672123062464,-2.541978519122628,4.762461145254713,-3.989484597544134,5.890682897833293,0.183,0.0555,0.162114616449809,0.05994232758805185,platt_vol_vegas,platt,0.162114616449809,0.05994232758805185,NA,NA,NA,2026-10-04 13:00:00,2026-10-03 15:08:53,2026-10-03 15:08:41,live
TE,00-0040390,Jackson Meeks,DET,CAR,2026_04_DET_CAR,2026,4,NA,NA,12,17,3.889969064166571,1.4337783813035507,-1.768366229240173,5.086118616447931,-3.126705668604604,6.144841702811432,0.1825,0.042,0.16209272112526033,0.04520207320489637,platt_vol_vegas,platt,0.16209272112526033,0.04520207320489637,NA,NA,NA,2026-10-04 20:20:00,2026-10-03 15:08:53,2026-10-03 15:08:41,live
TE,00-0036754,Brock Wright,DET,CAR,2026_04_DET_CAR,2026,4,NA,NA,12,17,3.8743086402949096,1.0424752907993449,-2.1521829006020203,4.686276576840441,-3.507346625057389,5.742524433086567,0.17,0.041,0.1604097951891351,0.04411163334672653,platt_vol_vegas,platt,0.1604097951891351,0.04411163334672653,NA,NA,NA,2026-10-04 20:20:00,2026-10-03 15:08:53,2026-10-03 15:08:41,live
TE,00-0040058,Nick Kallerup,SEA,LAC,2026_04_LAC_SEA,2026,4,NA,NA,12,17,4.230501881341432,1.5176833633272604,-1.8442434320365233,5.352269865725164,-3.270361960026203,6.463821636746312,0.2185,0.053,0.15808409643438884,0.05721042642175668,platt_vol_vegas,platt,0.15808409643438884,0.05721042642175668,NA,NA,NA,2026-10-04 16:25:00,2026-10-03 15:08:53,2026-10-03 15:08:41,live
TE,00-0034981,Foster Moreau,HOU,DAL,2026_04_DAL_HOU,2026,4,NA,NA,12,17,3.973665179217813,0.854592189631032,-2.3873505470476615,4.552325845449634,-3.7625722234490855,5.624207361571228,0.152,0.0375,0.15653425517761438,0.04029714197416743,platt_vol_vegas,platt,0.15653425517761438,0.04029714197416743,NA,NA,NA,2026-10-04 13:00:00,2026-10-03 15:08:53,2026-10-03 15:08:41,live
TE,00-0036422,Adam Trautman,DEN,SF,2026_04_DEN_SF,2026,4,NA,NA,12,17,4.295545582995281,0.5724485412184396,-2.8193744818967437,4.441134439107709,-4.258174893493188,5.562570781366323,0.1515,0.032,0.15475557151532968,0.03431050162284035,platt_vol_vegas,platt,0.15475557151532968,0.03431050162284035,NA,NA,NA,2026-10-04 16:25:00,2026-10-03 15:08:53,2026-10-03 15:08:41,live
TE,00-0041472,Marlin Klein,HOU,DAL,2026_04_DAL_HOU,2026,4,NA,NA,12,17,3.9236722987943153,1.4781495751361746,-1.7400639849084187,5.1488179240719445,-3.105219820941606,6.212853877241698,0.1735,0.0375,0.1541416124920468,0.04029714197416743,platt_vol_vegas,platt,0.1541416124920468,0.04029714197416743,NA,NA,NA,2026-10-04 13:00:00,2026-10-03 15:08:53,2026-10-03 15:08:41,live
TE,00-0041041,Oscar Delp,NO,ATL,2026_04_ATL_NO,2026,4,NA,NA,12,17,4.001098220882742,1.1841522358005334,-2.070758372082842,4.896676940595835,-3.4514809777189783,5.972846015930147,0.1625,0.042,0.1535920054766175,0.04520207320489637,platt_vol_vegas,platt,0.1535920054766175,0.04520207320489637,NA,NA,NA,2026-10-05 20:15:00,2026-10-03 15:08:53,2026-10-03 15:08:41,live
TE,00-0037317,Nick Muse,ATL,NO,2026_04_ATL_NO,2026,4,NA,NA,12,17,4.219163177346919,0.7657824284608382,-2.590913030437569,4.59440211081159,-4.014812442332956,5.704224248302073,0.1705,0.0445,0.15275510610338874,0.04792919143411586,platt_vol_vegas,platt,0.15275510610338874,0.04792919143411586,NA,NA,NA,2026-10-05 20:15:00,2026-10-03 15:08:53,2026-10-03 15:08:41,live
TE,00-0040225,Thomas Fidone II,NYG,ARI,2026_04_ARI_NYG,2026,4,NA,NA,12,17,4.4035227901976715,0.32816464131132483,-3.112871963441939,4.25298315224389,-4.5725486180010755,5.390690950473389,0.1455,0.0345,0.1509670747079395,0.03703043467198524,platt_vol_vegas,platt,0.1509670747079395,0.03703043467198524,NA,NA,NA,2026-10-04 13:00:00,2026-10-03 15:08:53,2026-10-03 15:08:41,live
TE,00-0039359,Cade Stover,HOU,DAL,2026_04_DAL_HOU,2026,4,NA,NA,12,17,3.886889252712837,0.7919278617405027,-2.408745454874152,4.442589950933208,-3.766460776088462,5.500826584297552,0.149,0.0345,0.15050165077026953,0.03703043467198524,platt_vol_vegas,platt,0.15050165077026953,0.03703043467198524,NA,NA,NA,2026-10-04 13:00:00,2026-10-03 15:08:53,2026-10-03 15:08:41,live
TE,00-0040081,Jake Briningstool,KC,LV,2026_04_KC_LV,2026,4,NA,NA,12,17,3.872294284511755,1.1826678543791802,-2.0110264589605324,4.825369748901618,-3.365781309443885,5.881298918742092,0.171,0.042,0.14901870328376213,0.04520207320489637,platt_vol_vegas,platt,0.14901870328376213,0.04520207320489637,NA,NA,NA,2026-10-04 16:25:00,2026-10-03 15:08:53,2026-10-03 15:08:41,live
TE,00-0036970,Kyle Pitts,ATL,NO,2026_04_ATL_NO,2026,4,NA,NA,12,17,5.176593297120245,0.9801818946159778,-2.79943356070176,5.291180703157147,-4.4027342741313396,6.540832616735691,0.2565,0.078,0.14860783193813665,0,platt_vol_vegas,platt,0.23360783193813664,0.08455297699520203,role_change_down,0.85,"QB Michael Penix is heavily favoring Drake London in target distribution, materially reducing Pitts' opportunity despite past production with other QBs.",2026-10-05 20:15:00,2026-10-03 15:08:53,2026-10-03 15:08:41,live
TE,00-0040879,Matthew Hibner,BAL,TEN,2026_04_TEN_BAL,2026,4,NA,NA,12,17,3.980964017199651,1.0017719056342491,-2.24362472352882,4.7034450432760675,-3.6203115300075694,5.7764685177273964,0.1735,0.038,0.14770169945625652,0.04084186165655354,platt_vol_vegas,platt,0.14770169945625652,0.04084186165655354,NA,NA,NA,2026-10-04 13:00:00,2026-10-03 15:08:53,2026-10-03 15:08:41,live
TE,00-0038564,Cameron Latu,NE,BUF,2026_04_NE_BUF,2026,4,NA,NA,12,17,4.300788339523306,0.915904921332696,-2.4783195414227928,4.787329881846333,-3.9181386359868777,5.909560210603659,0.1765,0.0435,0.1469565168644434,0.04683817634331945,platt_vol_vegas,platt,0.1469565168644434,0.04683817634331945,NA,NA,NA,2026-10-04 13:00:00,2026-10-03 15:08:53,2026-10-03 15:08:41,live
TE,00-0036887,Luke Farrell,SF,DEN,2026_04_DEN_SF,2026,4,NA,NA,12,17,3.8834976249762696,0.98167689820533,-2.217375596664622,4.630490291229635,-3.5744033705105966,5.6881910333058885,0.15,0.029,0.14608811062260493,0.03104978204797369,platt_vol_vegas,platt,0.14608811062260493,0.03104978204797369,NA,NA,NA,2026-10-04 16:25:00,2026-10-03 15:08:53,2026-10-03 15:08:41,live
TE,00-0041503,Nate Boerkircher,JAX,CIN,2026_04_JAX_CIN,2026,4,NA,Full Participation in Practice,12,17,3.869912984317569,0.5538887133347893,-2.6386658659218623,4.195290636383352,-3.992937244874819,5.250842976650896,0.1225,0.0295,0.14427140659128904,0.0315929722364222,platt_vol_vegas,platt,0.14427140659128904,0.0315929722364222,NA,NA,NA,2026-10-04 13:00:00,2026-10-03 15:08:53,2026-10-03 15:08:41,live
TE,00-0041314,Tanner Arkin,NE,BUF,2026_04_NE_BUF,2026,4,NA,NA,12,17,4.242947500889312,1.1772832203525547,-2.1903788382084253,5.018411317550796,-3.618930246390409,6.131859335085374,0.1895,0.051,0.1437450546650914,0.05502552478614835,platt_vol_vegas,platt,0.1437450546650914,0.05502552478614835,NA,NA,NA,2026-10-04 13:00:00,2026-10-03 15:08:53,2026-10-03 15:08:41,live
TE,00-0037304,Connor Heyward,LV,KC,2026_04_KC_LV,2026,4,NA,NA,12,17,4.217845982355271,0.5289127861841526,-2.8271745762449485,4.356838878621949,-4.250816035574897,5.4664599615539755,0.1555,0.0365,0.1431689283476627,0.03920792541404707,platt_vol_vegas,platt,0.1431689283476627,0.03920792541404707,NA,NA,NA,2026-10-04 16:25:00,2026-10-03 15:08:53,2026-10-03 15:08:41,live
TE,00-0031484,Chris Manhertz,NYG,ARI,2026_04_ARI_NYG,2026,4,NA,NA,12,17,4.275158710247737,0.39383603057653455,-2.988637088470257,4.251857503532813,-4.423471300848668,5.370202492808835,0.149,0.036,0.14275324475622175,0.03866343211875167,platt_vol_vegas,platt,0.14275324475622175,0.03866343211875167,NA,NA,NA,2026-10-04 13:00:00,2026-10-03 15:08:53,2026-10-03 15:08:41,live
TE,00-0037292,Andrew Ogletree,IND,WAS,2026_04_IND_WAS,2026,4,NA,NA,12,17,3.837017559554701,0.9019889542663316,-2.2747910307317953,4.525398502731379,-3.62237087756257,5.575735298683865,0.1485,0.034,0.14153274258466964,0.03648626955092363,platt_vol_vegas,platt,0.14153274258466964,0.03648626955092363,NA,NA,NA,2026-10-04 09:30:00,2026-10-03 15:08:53,2026-10-03 15:08:41,live
TE,00-0038783,Nate Adkins,DEN,SF,2026_04_DEN_SF,2026,4,NA,NA,12,17,4.114667186652685,0.25450765364436645,-3.0536955976281845,4.027817516313734,-4.457024771095501,5.121606705275542,0.1255,0.027,0.14149003205830116,0.02887816647662592,platt_vol_vegas,platt,0.14149003205830116,0.02887816647662592,NA,NA,NA,2026-10-04 16:25:00,2026-10-03 15:08:53,2026-10-03 15:08:41,live
TE,00-0039041,Elijah Higgins,ARI,NYG,2026_04_ARI_NYG,2026,4,NA,NA,12,17,4.019090456642376,0.6691604722529502,-2.5942349845279833,4.391362927052307,-3.978556835762415,5.47033734271465,0.149,0.0395,0.14147201098879372,0.04247644574696996,platt_vol_vegas,platt,0.14147201098879372,0.04247644574696996,NA,NA,NA,2026-10-04 13:00:00,2026-10-03 15:08:53,2026-10-03 15:08:41,live
TE,00-0041558,Sam Roush,CHI,NYJ,2026_04_NYJ_CHI,2026,4,NA,NA,12,17,4.041976138646533,0.9779806627960576,-2.2961843096678645,4.712466740050341,-3.685074554798964,5.795001874002855,0.1605,0.0415,0.1411081523613625,0.04465682277974643,platt_vol_vegas,platt,0.1411081523613625,0.04465682277974643,NA,NA,NA,2026-10-04 13:00:00,2026-10-03 15:08:53,2026-10-03 15:08:41,live
TE,00-0036590,Quintin Morris,JAX,CIN,2026_04_JAX_CIN,2026,4,NA,NA,12,17,3.810550203986194,0.6621830513488532,-2.501863586504285,4.271069047082219,-3.844041988451776,5.317195824366374,0.1335,0.034,0.14108263268824664,0.03648626955092363,platt_vol_vegas,platt,0.14108263268824664,0.03648626955092363,NA,NA,NA,2026-10-04 13:00:00,2026-10-03 15:08:53,2026-10-03 15:08:41,live
TE,00-0040739,Elijah Arroyo,SEA,LAC,2026_04_LAC_SEA,2026,4,NA,NA,12,17,3.999553347051671,0.9980725969807734,-2.256108727380025,4.7097654868906496,-3.636521973292702,5.785693439666249,0.169,0.044,0.14078137404570762,0.04738365680131323,platt_vol_vegas,platt,0.14078137404570762,0.04738365680131323,NA,NA,NA,2026-10-04 16:25:00,2026-10-03 15:08:53,2026-10-03 15:08:41,live
TE,00-0040598,Mark Redman,GB,TB,2026_04_GB_TB,2026,4,NA,NA,12,17,4.385259144376536,0.5123618387907313,-2.9203865038767343,4.427726825046207,-4.376547304330513,5.562694280323307,0.1405,0.036,0.14066211001116646,0.03866343211875167,platt_vol_vegas,platt,0.14066211001116646,0.03866343211875167,NA,NA,NA,2026-10-04 13:00:00,2026-10-03 15:08:53,2026-10-03 15:08:41,live
TE,00-0040215,Gavin Bartholomew,MIN,MIA,2026_04_MIA_MIN,2026,4,NA,NA,12,17,4.15837811674468,0.7371932571166507,-2.591356569375683,4.533710258863345,-4.003316694576416,5.634226623369533,0.165,0.0375,0.13956943262391908,0.04029714197416743,platt_vol_vegas,platt,0.13956943262391908,0.04029714197416743,NA,NA,NA,2026-10-04 16:05:00,2026-10-03 15:08:53,2026-10-03 15:08:41,live
TE,00-0040887,Josh Cuevas,BAL,TEN,2026_04_TEN_BAL,2026,4,NA,NA,12,17,3.850897653882593,1.2603447982001112,-1.9230981100979117,4.891354023073202,-3.273504347551367,5.943893777223465,0.176,0.038,0.139466885941282,0.04084186165655354,platt_vol_vegas,platt,0.139466885941282,0.04084186165655354,NA,NA,NA,2026-10-04 13:00:00,2026-10-03 15:08:53,2026-10-03 15:08:41,live
TE,00-0034798,Durham Smythe,BAL,TEN,2026_04_TEN_BAL,2026,4,NA,Full Participation in Practice,12,17,3.8622854950785466,0.8551412531313252,-2.333760686294185,4.492377004740959,-3.6864826271848834,5.546721674966785,0.1405,0.027,0.1385889506286109,0.02887816647662592,platt_vol_vegas,platt,0.1385889506286109,0.02887816647662592,NA,NA,NA,2026-10-04 13:00:00,2026-10-03 15:08:53,2026-10-03 15:08:41,live
TE,00-0033217,Mo Alie-Cox,IND,WAS,2026_04_IND_WAS,2026,4,NA,Full Participation in Practice,12,17,3.796283150569217,0.6625976449303218,-2.494569767318566,4.263637251597339,-3.833830023901924,5.3074895547869945,0.139,0.0285,0.13851289143865608,0.03050670342925691,platt_vol_vegas,platt,0.13851289143865608,0.03050670342925691,NA,NA,NA,2026-10-04 09:30:00,2026-10-03 15:08:53,2026-10-03 15:08:41,live
TE,00-0040187,Mitchell Evans,CAR,DET,2026_04_DET_CAR,2026,4,NA,NA,12,17,3.8931144514884566,0.4599630992607079,-2.743683627647662,4.114016636177407,-4.102660259940199,5.173236366342821,0.1315,0.0305,0.13792297780769142,0.03267967619522707,platt_vol_vegas,platt,0.13792297780769142,0.03267967619522707,NA,NA,NA,2026-10-04 20:20:00,2026-10-03 15:08:53,2026-10-03 15:08:41,live
TE,00-0034959,Andrew Beck,NYJ,CHI,2026_04_NYJ_CHI,2026,4,NA,NA,12,17,4.263226040922766,1.075711598688,-2.3012802310464755,4.927481157402204,-3.7337892981372662,6.044013871392821,0.178,0.052,0.13507533475680064,0.05611790252579439,platt_vol_vegas,platt,0.13507533475680064,0.05611790252579439,NA,NA,NA,2026-10-04 13:00:00,2026-10-03 15:08:53,2026-10-03 15:08:41,live
TE,00-0038589,Josh Whyle,GB,TB,2026_04_GB_TB,2026,4,NA,NA,12,17,4.267555478168572,0.9520538380004404,-2.4269274686348195,4.806092577971387,-3.860280465424831,5.92328307147568,0.1695,0.0445,0.13468210465440247,0.04792919143411586,platt_vol_vegas,platt,0.13468210465440247,0.04792919143411586,NA,NA,NA,2026-10-04 13:00:00,2026-10-03 15:08:53,2026-10-03 15:08:41,live
TE,00-0035249,Josh Oliver,MIN,MIA,2026_04_MIA_MIN,2026,4,NA,NA,12,17,4.075583975989513,0.8023875065730649,-2.4875463202109835,4.554859411483566,-3.8831256626008672,5.642608191958867,0.156,0.0395,0.1340780585290847,0.04247644574696996,platt_vol_vegas,platt,0.1340780585290847,0.04247644574696996,NA,NA,NA,2026-10-04 16:05:00,2026-10-03 15:08:53,2026-10-03 15:08:41,live
TE,00-0037004,Hunter Long,ARI,NYG,2026_04_ARI_NYG,2026,4,NA,NA,12,17,3.891758699996143,0.8789544377789673,-2.324044896697548,4.5322695641257615,-3.682746907203787,5.5912752473329945,0.1525,0.037,0.1337527418437809,0.03975249597058656,platt_vol_vegas,platt,0.1337527418437809,0.03975249597058656,NA,NA,NA,2026-10-04 13:00:00,2026-10-03 15:08:53,2026-10-03 15:08:41,live
TE,00-0033576,Eric Saubert,SEA,LAC,2026_04_LAC_SEA,2026,4,NA,NA,12,17,3.880293748986883,0.9807134582779252,-2.2168073935079673,4.62777987159264,-3.5731854492864765,5.684974207466057,0.157,0.0375,0.13291940564052357,0.04029714197416743,platt_vol_vegas,platt,0.13291940564052357,0.04029714197416743,NA,NA,NA,2026-10-04 16:25:00,2026-10-03 15:08:53,2026-10-03 15:08:41,live
TE,00-0038488,Brady Russell,SEA,LAC,2026_04_LAC_SEA,2026,4,NA,NA,12,17,3.857828222730917,1.234500790373338,-1.9522652558613456,4.86930035949042,-3.3040811577337506,5.922938840675411,0.164,0.0385,0.1318696121264052,0.04138665329369701,platt_vol_vegas,platt,0.1318696121264052,0.04138665329369701,NA,NA,NA,2026-10-04 16:25:00,2026-10-03 15:08:53,2026-10-03 15:08:41,live
TE,00-0041395,Eli Raridon,NE,BUF,2026_04_NE_BUF,2026,4,Questionable,Limited Participation in Practice,12,17,4.0411376102695895,0.8423777862140055,-2.431393045062589,4.576414309218907,-3.8201160967703616,5.658819128515133,0.1625,0.0425,0.13021629683304134,0.04574738319746326,platt_vol_vegas,platt,0.13021629683304134,0.04574738319746326,NA,NA,NA,2026-10-04 13:00:00,2026-10-03 15:08:53,2026-10-03 15:08:41,live
TE,00-0039074,Davis Allen,LA,PHI,2026_04_LA_PHI,2026,4,NA,NA,12,17,3.912434590422539,0.7880500357986133,-2.424812097835878,4.452614591067889,-3.787697876006668,5.514881205443045,0.144,0.037,0.12857654437455135,0.03975249597058656,platt_vol_vegas,platt,0.12857654437455135,0.03975249597058656,NA,NA,NA,2026-10-04 13:00:00,2026-10-03 15:08:53,2026-10-03 15:08:41,live
TE,00-0033858,Jonnu Smith,GB,TB,2026_04_GB_TB,2026,4,NA,NA,12,17,4.145744406659074,0.6161826864291643,-2.7064956604135664,4.406002725991995,-4.115965122841226,5.504577806823585,0.1655,0.037,0.12728938244848714,0.03975249597058656,platt_vol_vegas,platt,0.12728938244848714,0.03975249597058656,NA,NA,NA,2026-10-04 13:00:00,2026-10-03 15:08:53,2026-10-03 15:08:41,live
TE,00-0039530,Brevyn Spann-Ford,DAL,HOU,2026_04_DAL_HOU,2026,4,NA,NA,12,17,3.795473735906488,0.5154295606292074,-2.64134724657315,4.116023646340426,-3.9804418097527288,5.159746804025831,0.1275,0.0265,0.1261985650700166,0.02833556413937982,platt_vol_vegas,platt,0.1261985650700166,0.02833556413937982,NA,NA,NA,2026-10-04 13:00:00,2026-10-03 15:08:53,2026-10-03 15:08:41,live
TE,00-0038547,Luke Schoonmaker,DAL,HOU,2026_04_DAL_HOU,2026,4,NA,NA,12,17,3.78557698917881,0.6883124242448825,-2.463685608016425,4.283455877922049,-3.8007530302439982,5.325599032212866,0.1345,0.027,0.1259661108160133,0.02887816647662592,platt_vol_vegas,platt,0.1259661108160133,0.02887816647662592,NA,NA,NA,2026-10-04 13:00:00,2026-10-03 15:08:53,2026-10-03 15:08:41,live
TE,00-0036429,Charlie Woerner,ATL,NO,2026_04_ATL_NO,2026,4,NA,NA,12,17,3.824609838470108,0.44235979590170305,-2.7284554863255344,4.058966052644989,-4.073505125435174,5.1073307426201104,0.121,0.0295,0.12577390135491473,0.0315929722364222,platt_vol_vegas,platt,0.12577390135491473,0.0315929722364222,NA,NA,NA,2026-10-05 20:15:00,2026-10-03 15:08:53,2026-10-03 15:08:41,live
TE,00-0038498,E.J. Jenkins,PHI,LA,2026_04_LA_PHI,2026,4,NA,NA,12,17,4.192150758898397,0.5447192484937152,-2.799489663025808,4.359096875929217,-4.218092321704497,5.4647905940049535,0.145,0.033,0.12569388076500937,0.03539820271580311,platt_vol_vegas,platt,0.12569388076500937,0.03539820271580311,NA,NA,NA,2026-10-04 13:00:00,2026-10-03 15:08:53,2026-10-03 15:08:41,live
TE,00-0036628,John Bates,WAS,IND,2026_04_IND_WAS,2026,4,NA,NA,12,17,3.9900850485546178,0.6290571253722351,-2.620651944605268,4.335648998116263,-3.999168074600164,5.410098292199156,0.1485,0.0365,0.12517837898369133,0.03920792541404707,platt_vol_vegas,platt,0.12517837898369133,0.03920792541404707,NA,NA,NA,2026-10-04 09:30:00,2026-10-03 15:08:53,2026-10-03 15:08:41,live
TE,00-0036187,Reggie Gilliam,NE,BUF,2026_04_NE_BUF,2026,4,Questionable,Limited Participation in Practice,12,17,3.963884087055795,0.7156770989689085,-2.5216329362014265,4.408126732928947,-3.8948894355309327,5.4784765418243975,0.139,0.03,0.1247203007796484,0.0321362711903902,platt_vol_vegas,platt,0.1247203007796484,0.0321362711903902,NA,NA,NA,2026-10-04 13:00:00,2026-10-03 15:08:53,2026-10-03 15:08:41,live
TE,00-0039912,Ben Sinnott,WAS,IND,2026_04_IND_WAS,2026,4,NA,Limited Participation in Practice,12,17,3.8989713923140017,0.3937513906868415,-2.8126910297697227,4.05099367304545,-4.172853586268927,5.111137741634595,0.133,0.0285,0.1193949515712294,0.03050670342925691,platt_vol_vegas,platt,0.1193949515712294,0.03050670342925691,NA,NA,NA,2026-10-04 09:30:00,2026-10-03 15:08:53,2026-10-03 15:08:41,live
TE,00-0037755,Jelani Woods,NYJ,CHI,2026_04_NYJ_CHI,2026,4,NA,NA,12,17,3.973022843028754,0.6627599746834687,-2.5788786738236293,4.3601467899938395,-3.953971357001212,5.431927765631879,0.155,0.0385,0.11748985727005544,0.04138665329369701,platt_vol_vegas,platt,0.11748985727005544,0.04138665329369701,NA,NA,NA,2026-10-04 13:00:00,2026-10-03 15:08:53,2026-10-03 15:08:41,live
TE,00-0034365,Ian Thomas,LV,KC,2026_04_KC_LV,2026,4,NA,NA,12,17,3.796283150569217,0.6351111518171465,-2.522056260431741,4.236150758484163,-3.861316517015099,5.28000306167382,0.128,0.0255,0.1170822865597214,0.02725074424158018,platt_vol_vegas,platt,0.1170822865597214,0.02725074424158018,NA,NA,NA,2026-10-04 16:25:00,2026-10-03 15:08:53,2026-10-03 15:08:41,live
TE,00-0039686,Colson Yankoff,WAS,IND,2026_04_IND_WAS,2026,4,NA,NA,12,17,3.858849006841765,0.5405296048484163,-2.6467256852795416,4.175887201591833,-3.998749122837098,5.229687441181791,0.1215,0.032,0.11668097917421838,0.03431050162284035,platt_vol_vegas,platt,0.11668097917421838,0.03431050162284035,NA,NA,NA,2026-10-04 09:30:00,2026-10-03 15:08:53,2026-10-03 15:08:41,live
TE,00-0039489,Hayden Rucci,LAC,SEA,2026_04_LAC_SEA,2026,4,NA,NA,12,17,4.255501901895985,0.20602805965436227,-3.167412241448451,4.053746773545702,-4.598414761522428,5.169105247827767,0.128,0.027,0.11546916777459908,0.02887816647662592,platt_vol_vegas,platt,0.11546916777459908,0.02887816647662592,NA,NA,NA,2026-10-04 16:25:00,2026-10-03 15:08:53,2026-10-03 15:08:41,live
TE,00-0037311,Ko Kieft,TB,GB,2026_04_GB_TB,2026,4,Out,Did Not Participate In Practice,12,17,4.224477920344557,0.4861364681747381,-2.8730117868695,4.317553789964548,-4.297951666996908,5.428186893923312,0.1505,0.033,0.11533767512243748,0.03539820271580311,platt_vol_vegas,platt,0.11533767512243748,0.03539820271580311,NA,NA,NA,2026-10-04 13:00:00,2026-10-03 15:08:53,2026-10-03 15:08:41,live
TE,00-0041094,Bauer Sharp,TB,GB,2026_04_GB_TB,2026,4,NA,NA,12,17,4.224477920344557,0.4861364681747381,-2.8730117868695,4.317553789964548,-4.297951666996908,5.428186893923312,0.1475,0.033,0.11521790865629392,0.03539820271580311,platt_vol_vegas,platt,0.11521790865629392,0.03539820271580311,NA,NA,NA,2026-10-04 13:00:00,2026-10-03 15:08:53,2026-10-03 15:08:41,live
TE,00-0036876,Kylen Granson,TEN,BAL,2026_04_TEN_BAL,2026,4,NA,NA,12,17,4.285946246809883,0.9199227169705824,-2.4675001483851475,4.783589830519845,-3.904434027219639,5.9035713513477726,0.17,0.0345,0.10331263273871312,0.03703043467198524,platt_vol_vegas,platt,0.10331263273871312,0.03703043467198524,NA,NA,NA,2026-10-04 13:00:00,2026-10-03 15:08:53,2026-10-03 15:08:41,live
TE,00-0033246,Johnny Mundt,PHI,LA,2026_04_LA_PHI,2026,4,NA,NA,12,17,3.7633401013211247,0.41454579277908254,-2.7266956949999077,3.9974204188478617,-4.059200225672396,5.03600714350854,0.1105,0.0275,0.10167953464671076,0.02942089259379163,platt_vol_vegas,platt,0.10167953464671076,0.02942089259379163,NA,NA,NA,2026-10-04 13:00:00,2026-10-03 15:08:53,2026-10-03 15:08:41,live
TE,00-0041077,Justin Joly,MIA,MIN,2026_04_MIA_MIN,2026,4,NA,NA,12,17,4.372629595528962,0.6383993830946983,-2.7886090419108407,4.547217465705023,-4.242334987763355,5.680287135565907,0.1595,0.037,0.09962888966475172,0.03975249597058656,platt_vol_vegas,platt,0.09962888966475172,0.03975249597058656,NA,NA,NA,2026-10-04 16:05:00,2026-10-03 15:08:53,2026-10-03 15:08:41,live
TE,00-0041579,Seydou Traore,MIA,MIN,2026_04_MIA_MIN,2026,4,NA,Full Participation in Practice,12,17,4.372629595528962,0.6383993830946983,-2.7886090419108407,4.547217465705023,-4.242334987763355,5.680287135565907,0.1585,0.041,0.0995955995641428,0.04411163334672653,platt_vol_vegas,platt,0.0995955995641428,0.04411163334672653,NA,NA,NA,2026-10-04 16:05:00,2026-10-03 15:08:53,2026-10-03 15:08:41,live
TE,00-0039648,David Martin-Robinson,TEN,BAL,2026_04_TEN_BAL,2026,4,NA,NA,12,17,4.181365429967459,0.8677900110891479,-2.4714239295382967,4.676470415138034,-3.887907737638269,5.780512649085995,0.1555,0.035,0.097899714789136,0.03757468480989566,platt_vol_vegas,platt,0.097899714789136,0.03757468480989566,NA,NA,NA,2026-10-04 13:00:00,2026-10-03 15:08:53,2026-10-03 15:08:41,live
TE,00-0039050,Payne Durham,TB,GB,2026_04_GB_TB,2026,4,NA,NA,12,17,3.8411270625291687,0.527343816318672,-2.6514099243873157,4.153004614575009,-3.999827032037864,5.203993992152907,0.1125,0.027,0.09501225399749127,0.02887816647662592,platt_vol_vegas,platt,0.09501225399749127,0.02887816647662592,NA,NA,NA,2026-10-04 13:00:00,2026-10-03 15:08:53,2026-10-03 15:08:41,live
TE,00-0033885,David Njoku,LAC,SEA,2026_04_LAC_SEA,2026,4,NA,NA,12,17,5.029302469815541,0.5531602758193912,-3.16367700045385,4.792554801262809,-4.7403474123515,6.021450404443808,0.214,0.061,0.08273398407628481,0,platt_vol_vegas,platt,0.1677339840762848,0.06595504054326327,role_change_down,0.85,"Njoku placed on injured reserve, reducing his immediate fantasy relevance and likely increasing opportunity for other Chargers pass-catchers.",2026-10-04 16:25:00,2026-10-03 15:08:53,2026-10-03 15:08:41,live
TE,00-0038115,Daniel Bellinger,TEN,BAL,2026_04_TEN_BAL,2026,4,NA,NA,12,17,3.844018763124704,0.7128373733217283,-2.4673046927768385,4.340081684288295,-3.8163107235913194,5.391530083029593,0.122,0.0315,0.08235911314003652,0.03376679392100568,platt_vol_vegas,platt,0.08235911314003652,0.03376679392100568,NA,NA,NA,2026-10-04 13:00:00,2026-10-03 15:08:53,2026-10-03 15:08:41,live
TE,00-0041524,Will Kacmarek,MIA,MIN,2026_04_MIA_MIN,2026,4,NA,NA,12,17,3.8712641239536376,0.5308912065104325,-2.662310089151526,4.17303076905849,-4.016855803122495,5.228796932769976,0.1295,0.032,0.07763287100098239,0.03431050162284035,platt_vol_vegas,platt,0.07763287100098239,0.03431050162284035,NA,NA,NA,2026-10-04 16:05:00,2026-10-03 15:08:53,2026-10-03 15:08:41,live
WR,00-0036900,Ja'Marr Chase,CIN,JAX,2026_04_JAX_CIN,2026,4,NA,NA,15,20,10.22006359484268,3.6837870549658978,-2.644989279611153,10.280876563161804,-4.741485854107127,11.91144571462426,0.6685,0.431,0.6462795439721307,0.4666666666666667,strat_platt,iso,0.6462795439721307,0.4666666666666667,NA,NA,NA,2026-10-04 13:00:00,2026-10-03 15:08:53,2026-10-03 15:08:41,live
WR,00-0038543,Jaxon Smith-Njigba,SEA,LAC,2026_04_LAC_SEA,2026,4,NA,NA,15,20,8.717425750143935,3.029976956116613,-2.898080508729454,9.209358820451682,-4.861833296225559,10.736685292310751,0.5235,0.287,0.615514535432738,0.3766666666666667,strat_platt,iso,0.5305145354327381,0.2916666666666667,role_change_up,0.85,"Drew Lock's continued starting role (due to Darnold's injury) and demonstrated heavy reliance on JSN (155 yards, all TDs) signals increased target concentration and opportunity for Smith-Njigba.",2026-10-04 16:25:00,2026-10-03 15:08:53,2026-10-03 15:08:41,live
WR,00-0036963,Amon-Ra St. Brown,DET,CAR,2026_04_DET_CAR,2026,4,NA,NA,15,20,9.426787658313811,3.0743591833517505,-3.0475501371546634,9.455811396757966,-5.075519090599183,11.033082571839769,0.5825,0.3395,0.556617660269107,0.33024691358024694,strat_platt,iso,0.556617660269107,0.33024691358024694,NA,NA,NA,2026-10-04 20:20:00,2026-10-03 15:08:53,2026-10-03 15:08:41,live
WR,00-0037239,Chris Olave,NO,ATL,2026_04_ATL_NO,2026,4,NA,NA,15,20,9.283398604870882,2.829961555170691,-3.2534739326991997,9.171308809228004,-5.268697885520217,10.738667444931083,0.5435,0.308,0.5164603172611825,0.2916666666666667,strat_platt,iso,0.5164603172611825,0.2916666666666667,NA,NA,NA,2026-10-05 20:15:00,2026-10-03 15:08:53,2026-10-03 15:08:41,live
WR,00-0039064,Zay Flowers,BAL,TEN,2026_04_TEN_BAL,2026,4,Questionable,Limited Participation in Practice,15,20,8.439297056084465,2.652577514889496,-3.1969438123535787,8.7500936437325,-5.134680394701263,10.257185776995843,0.5035,0.2805,0.5097001464688133,0.2916666666666667,strat_platt,iso,0.5097001464688133,0.2916666666666667,NA,NA,NA,2026-10-04 13:00:00,2026-10-03 15:08:53,2026-10-03 15:08:41,live
WR,00-0039067,Rashee Rice,KC,LV,2026_04_KC_LV,2026,4,NA,Full Participation in Practice,15,20,8.386981606793022,2.521804380275937,-3.312774945246226,8.60374503013639,-5.245561778421569,10.10698745126279,0.491,0.2565,0.4966796203593232,0.27710843373493976,strat_platt,iso,0.4966796203593232,0.27710843373493976,NA,NA,NA,2026-10-04 16:25:00,2026-10-03 15:08:53,2026-10-03 15:08:41,live
WR,00-0036912,DeVonta Smith,PHI,LA,2026_04_LA_PHI,2026,4,Out,Did Not Participate In Practice,15,20,8.342237978839522,1.6937775089396307,-4.127978839477005,7.762351542055463,-6.056517880321673,9.262290204320305,0.408,0.182,0.4951067612776675,0.30764875239923223,strat_platt,iso,0.41010676127766754,0.22264875239923224,role_change_up,0.85,DeVonta Smith's absence creates increased target and snap opportunities for Wicks and Lemon as the Eagles' receiving options against the Rams.,2026-10-04 13:00:00,2026-10-03 15:08:53,2026-10-03 15:08:41,live
WR,00-0037238,Drake London,ATL,NO,2026_04_ATL_NO,2026,4,NA,NA,15,20,9.265063339842476,2.280420546862819,-3.798070101334004,8.616613321096178,-5.811656006152063,10.182697950166128,0.518,0.2895,0.4903843582321271,0.2916666666666667,strat_platt,iso,0.4903843582321271,0.2916666666666667,NA,NA,NA,2026-10-05 20:15:00,2026-10-03 15:08:53,2026-10-03 15:08:41,live
WR,00-0038997,Josh Downs,IND,WAS,2026_04_IND_WAS,2026,4,NA,NA,15,20,7.244811727574155,2.46226458694738,-3.0313598884937054,8.188795352601725,-4.851200610531036,9.604192915386982,0.3845,0.1755,0.47059453768649784,0.30764875239923223,strat_platt,iso,0.3855945376864978,0.22264875239923224,role_change_up,0.85,"With both Keenan Allen and Alec Pierce out, Josh Downs is explicitly identified as a primary beneficiary with expected heavy targeting volume.",2026-10-04 09:30:00,2026-10-03 15:08:53,2026-10-03 15:08:41,live
WR,00-0038994,Jordan Addison,MIN,MIA,2026_04_MIA_MIN,2026,4,NA,NA,15,20,7.382048141674013,2.184261381981267,-3.351929554158145,7.955163245052935,-5.185871017685564,9.381527786924243,0.3905,0.1635,0.4638516827890881,0.2502477341389728,strat_platt,iso,0.3918516827890881,0.1782477341389728,role_change_up,0.72,"Murray targeted Addison heavily in return from concussion protocol with Jefferson sidelined early, suggesting increased volume opportunity going forward.",2026-10-04 16:05:00,2026-10-03 15:08:53,2026-10-03 15:08:41,live
WR,00-0036322,Justin Jefferson,MIN,MIA,2026_04_MIA_MIN,2026,4,Out,Did Not Participate In Practice,15,20,8.55175909820717,1.9623581186701216,-3.9191003169790752,8.093165353352502,-5.867416517697365,9.608485880384388,0.4595,0.242,0.46383898692231174,0.27710843373493976,strat_platt,iso,0.46383898692231174,0.27710843373493976,NA,NA,NA,2026-10-04 16:05:00,2026-10-03 15:08:53,2026-10-03 15:08:41,live
WR,00-0037247,George Pickens,DAL,HOU,2026_04_DAL_HOU,2026,4,NA,NA,15,20,8.102730287723904,2.6602645674763483,-3.092153605010484,8.656560781190539,-4.997723395460819,10.13863490144714,0.4485,0.211,0.45236412748520943,0.22448979591836735,strat_platt,iso,0.45236412748520943,0.22448979591836735,NA,NA,NA,2026-10-04 13:00:00,2026-10-03 15:08:53,2026-10-03 15:08:41,live
WR,00-0037740,Garrett Wilson,NYJ,CHI,2026_04_NYJ_CHI,2026,4,NA,NA,15,20,9.717622577486832,1.551459085829234,-4.647441600693575,8.013166771402071,-6.700915031873746,9.610274284461156,0.4775,0.258,0.4492745712720128,0.27710843373493976,strat_platt,iso,0.4492745712720128,0.27710843373493976,NA,NA,NA,2026-10-04 13:00:00,2026-10-03 15:08:53,2026-10-03 15:08:41,live
WR,00-0035659,Terry McLaurin,WAS,IND,2026_04_IND_WAS,2026,4,Questionable,Limited Participation in Practice,15,20,7.5590242538419234,2.023771739657655,-3.5666295670530213,7.851182262227558,-5.418528981722414,9.291513762839363,0.356,0.1445,0.4408919603786352,0.26289757412398923,strat_platt,iso,0.3558919603786352,0.1778975741239892,role_change_up,0.85,McLaurin's absence elevates snap shares and target opportunities for Diggs and Williams at the WR position.,2026-10-04 09:30:00,2026-10-03 15:08:53,2026-10-03 15:08:41,live
WR,00-0036358,CeeDee Lamb,DAL,HOU,2026_04_DAL_HOU,2026,4,NA,NA,15,20,8.176630513333748,2.3387452620520457,-3.4351944552544924,8.357475442464436,-5.347893561485172,9.845094452478492,0.434,0.2155,0.437235402967892,0.22448979591836735,strat_platt,iso,0.437235402967892,0.22448979591836735,NA,NA,NA,2026-10-04 13:00:00,2026-10-03 15:08:53,2026-10-03 15:08:41,live
WR,00-0036554,Nico Collins,HOU,DAL,2026_04_DAL_HOU,2026,4,NA,Full Participation in Practice,15,20,8.64820551240335,2.8031105590508107,-3.1055404681064727,8.962263235356488,-5.062864598941822,10.484589761418418,0.5095,0.2785,0.4309470301748188,0.2066666666666667,strat_platt,iso,0.5159470301748188,0.2916666666666667,role_change_down,0.85,Collins' return from injury will reduce target share and snap opportunities for Schultz and Hutchinson in the Texans offense.,2026-10-04 13:00:00,2026-10-03 15:08:53,2026-10-03 15:08:41,live
WR,00-0039075,Puka Nacua,LA,PHI,2026_04_LA_PHI,2026,4,NA,Full Participation in Practice,15,20,8.751359775999841,2.716127704312541,-3.221410301364185,8.905392044048781,-5.188303651952597,10.435161117226086,0.4925,0.267,0.426242491852738,0.2191392405063291,strat_platt,iso,0.498242491852738,0.2911392405063291,role_change_down,0.72,"Rams are actively managing Nacua's snap count, implying reduced opportunity despite his availability.",2026-10-04 13:00:00,2026-10-03 15:08:53,2026-10-03 15:08:41,live
WR,00-0036410,Tee Higgins,CIN,JAX,2026_04_JAX_CIN,2026,4,NA,NA,15,20,7.269050249948223,2.9137579702915,-2.587418841434766,8.648161259137591,-4.409761381566823,10.065504633548516,0.4185,0.1895,0.421062152511839,0.22448979591836735,strat_platt,iso,0.421062152511839,0.22448979591836735,NA,NA,NA,2026-10-04 13:00:00,2026-10-03 15:08:53,2026-10-03 15:08:41,live
WR,00-0040124,Tetairoa McMillan,CAR,DET,2026_04_DET_CAR,2026,4,NA,NA,15,20,7.757271159569305,2.2529019378411386,-3.397345303171017,8.14269560754984,-5.269069529087898,9.598446034215218,0.405,0.2,0.40697689771818385,0.22448979591836735,strat_platt,iso,0.40697689771818385,0.22448979591836735,NA,NA,NA,2026-10-04 20:20:00,2026-10-03 15:08:53,2026-10-03 15:08:41,live
WR,00-0031381,Davante Adams,LA,PHI,2026_04_LA_PHI,2026,4,NA,Full Participation in Practice,15,20,7.91742719170935,2.1811438814740853,-3.5167962463564733,8.120652413363374,-5.404319414842447,9.58869061034628,0.394,0.1905,0.3955021544482029,0.22448979591836735,strat_platt,iso,0.3955021544482029,0.22448979591836735,NA,NA,NA,2026-10-04 13:00:00,2026-10-03 15:08:53,2026-10-03 15:08:41,live
WR,00-0039337,Malik Nabers,NYG,ARI,2026_04_ARI_NYG,2026,4,NA,NA,15,20,8.616640931029494,1.2537411637074083,-4.646030127732619,7.403637641304369,-6.600412720657719,8.923676359681487,0.393,0.191,0.39445912995002413,0.22448979591836735,strat_platt,iso,0.39445912995002413,0.22448979591836735,NA,NA,NA,2026-10-04 13:00:00,2026-10-03 15:08:53,2026-10-03 15:08:41,live
WR,00-0038559,Michael Wilson,ARI,NYG,2026_04_ARI_NYG,2026,4,NA,NA,15,20,7.85679928045794,2.2593349328785037,-3.4206181999534846,8.180093897755803,-5.302182922223883,9.64349785936339,0.3925,0.1805,0.39393762728482207,0.22264875239923224,strat_platt,iso,0.39393762728482207,0.22264875239923224,NA,NA,NA,2026-10-04 13:00:00,2026-10-03 15:08:53,2026-10-03 15:08:41,live
WR,00-0034827,DJ Moore,BUF,NE,2026_04_NE_BUF,2026,4,NA,Limited Participation in Practice,15,20,7.355063279330674,2.138560852030929,-3.389297249103634,7.90077660336822,-5.2204783433084625,9.324994243060528,0.39,0.1855,0.3913302136942209,0.22264875239923224,strat_platt,iso,0.3913302136942209,0.22264875239923224,NA,NA,NA,2026-10-04 13:00:00,2026-10-03 15:08:53,2026-10-03 15:08:41,live
WR,00-0039890,Adonai Mitchell,NYJ,CHI,2026_04_NYJ_CHI,2026,4,Out,Did Not Participate In Practice,15,20,7.3102589101554125,1.1731850318961472,-4.340797787365366,6.920937248479041,-6.1673824984181955,8.341580009649189,0.294,0.1085,0.3764593290483306,0.2293914081145585,strat_platt,iso,0.2914593290483306,0.14439140811455847,role_change_up,0.85,Mitchell's continued absence explicitly signals increased snap allocation for backup receivers Shepard and McClain.,2026-10-04 13:00:00,2026-10-03 15:08:53,2026-10-03 15:08:41,live
WR,00-0038606,Parker Washington,JAX,CIN,2026_04_JAX_CIN,2026,4,NA,NA,15,20,7.241165391354231,2.193084601106508,-3.299402447748862,7.918429718130174,-5.118866381159984,9.333534230157326,0.3685,0.1695,0.36891497943706775,0.1782477341389728,strat_platt,iso,0.36891497943706775,0.1782477341389728,NA,NA,NA,2026-10-04 13:00:00,2026-10-03 15:08:53,2026-10-03 15:08:41,live
WR,00-0032464,Kalif Raymond,CHI,NYJ,2026_04_NYJ_CHI,2026,4,NA,NA,15,20,6.641447398886899,1.6615301578696868,-3.639082453443171,7.186866178049945,-5.3949852685945965,8.552535456112244,0.282,0.107,0.36403122973638785,0.2293914081145585,strat_platt,iso,0.27903122973638783,0.14439140811455847,role_change_up,0.85,"Raymond has emerged as the Bears' primary passing-game target, outproducing expected starters Odunze and Burden, indicating a significant shift in receiving opportunity.",2026-10-04 13:00:00,2026-10-03 15:08:53,2026-10-03 15:08:41,live
WR,00-0035719,Deebo Samuel Sr.,SF,DEN,2026_04_DEN_SF,2026,4,NA,NA,15,20,6.866700099992424,1.1486158783391591,-4.225215662988397,6.750274999457945,-6.00537328315251,8.134808671247162,0.2695,0.086,0.3511043844557761,0.18704081632653063,strat_platt,iso,0.26610438445577606,0.1020408163265306,role_change_up,0.85,Robinson's absence combined with Evans' uncertainty increases target and snap opportunities for Deebo Samuel Jr. as a primary receiver option.,2026-10-04 16:25:00,2026-10-03 15:08:53,2026-10-03 15:08:41,live
WR,00-0040667,Matthew Golden,GB,TB,2026_04_GB_TB,2026,4,NA,NA,15,20,7.359486741861602,1.7906050773769442,-3.738620206004441,7.554245973667933,-5.5702541986442355,8.978815859209714,0.3415,0.131,0.3407962425919559,0.1778975741239892,strat_platt,iso,0.3407962425919559,0.1778975741239892,NA,NA,NA,2026-10-04 13:00:00,2026-10-03 15:08:53,2026-10-03 15:08:41,live
WR,00-0036613,Jaylen Waddle,DEN,SF,2026_04_DEN_SF,2026,4,NA,Full Participation in Practice,15,20,7.765632690096638,1.5462048651832765,-4.106546621740109,7.438608950168729,-5.979100414495355,8.895004579937307,0.339,0.135,0.3381949022299612,0.1778975741239892,strat_platt,iso,0.3381949022299612,0.1778975741239892,NA,NA,NA,2026-10-04 16:25:00,2026-10-03 15:08:53,2026-10-03 15:08:41,live
WR,00-0038124,Christian Watson,GB,TB,2026_04_GB_TB,2026,4,NA,NA,15,20,7.172389423884275,1.9636639571276655,-3.5073058646735102,7.666579608273521,-5.319641912625114,9.076140342988165,0.3325,0.1415,0.3314335011384125,0.1778975741239892,strat_platt,iso,0.3314335011384125,0.1778975741239892,NA,NA,NA,2026-10-04 13:00:00,2026-10-03 15:08:53,2026-10-03 15:08:41,live
WR,00-0035676,A.J. Brown,NE,BUF,2026_04_NE_BUF,2026,4,NA,NA,15,20,6.784761270635831,0.9538090780555506,-4.393554009520779,6.527877595665979,-6.164943580430492,7.905591837933274,0.2435,0.0815,0.3312881751329137,0.1776807511737089,strat_platt,iso,0.23928817513291367,0.08568075117370892,role_change_up,0.92,A.J. Brown's six-week absence creates immediate opportunity expansion for three backup receivers who will now be primary targets for Drake Maye.,2026-10-04 13:00:00,2026-10-03 15:08:53,2026-10-03 15:08:41,live
WR,00-0037240,Jameson Williams,DET,CAR,2026_04_DET_CAR,2026,4,NA,NA,15,20,6.396362456641876,2.382064060737276,-2.837202645002249,7.822605455254973,-4.56615847966836,9.167316475794252,0.3235,0.118,0.32207690100675984,0.14439140811455847,strat_platt,iso,0.32207690100675984,0.14439140811455847,NA,NA,NA,2026-10-04 20:20:00,2026-10-03 15:08:53,2026-10-03 15:08:41,live
WR,00-0038393,Dontayvion Wicks,PHI,LA,2026_04_LA_PHI,2026,4,NA,NA,15,20,6.458272746693501,1.3099884937016395,-3.929997602728852,6.772127692868681,-5.66581702828724,8.122176933233051,0.2385,0.0865,0.3191436111610526,0.18704081632653063,strat_platt,iso,0.23414361116105264,0.1020408163265306,role_change_up,0.85,Goedert and Smith both out creates increased opportunity for Wicks and rookie Makai Lemon at receiver/tight end in Week 4.,2026-10-04 13:00:00,2026-10-03 15:08:53,2026-10-03 15:08:41,live
WR,00-0031408,Mike Evans,SF,DEN,2026_04_DEN_SF,2026,4,Questionable,Limited Participation in Practice,15,20,7.238899112572219,1.4311360821522834,-4.060643860955556,7.155744115155026,-5.879873555597738,8.570666445863422,0.3175,0.126,0.3158429031044709,0.1743119266055046,strat_platt,iso,0.3158429031044709,0.1743119266055046,NA,NA,NA,2026-10-04 16:25:00,2026-10-03 15:08:53,2026-10-03 15:08:41,live
WR,00-0039424,Devaughn Vele,NO,ATL,2026_04_ATL_NO,2026,4,NA,NA,15,20,6.689889007917536,2.0514071955449844,-3.265073428462054,7.593283964604099,-5.026232747003503,8.963041535667493,0.3155,0.1205,0.3137656094249678,0.14439140811455847,strat_platt,iso,0.3137656094249678,0.14439140811455847,NA,NA,NA,2026-10-05 20:15:00,2026-10-03 15:08:53,2026-10-03 15:08:41,live
WR,00-0040735,Luther Burden III,CHI,NYJ,2026_04_NYJ_CHI,2026,4,NA,NA,15,20,6.983070949124884,1.7442174342331562,-3.6668874321596303,7.384730110719347,-5.459392367853351,8.778867018712655,0.3135,0.116,0.311688680945541,0.14439140811455847,strat_platt,iso,0.311688680945541,0.14439140811455847,NA,NA,NA,2026-10-04 13:00:00,2026-10-03 15:08:53,2026-10-03 15:08:41,live
WR,00-0039410,Ryan Flournoy,DAL,HOU,2026_04_DAL_HOU,2026,4,NA,NA,15,20,6.729357237434026,1.8921884196274503,-3.437170872210159,7.447489857205884,-5.20259643142176,8.820565535493534,0.292,0.116,0.28938681051056775,0.14439140811455847,strat_platt,iso,0.28938681051056775,0.14439140811455847,NA,NA,NA,2026-10-04 13:00:00,2026-10-03 15:08:53,2026-10-03 15:08:41,live
WR,00-0035535,Darius Slayton,IND,WAS,2026_04_IND_WAS,2026,4,NA,NA,15,20,5.675368971131588,1.508132641352399,-3.460609014261754,6.687527790158633,-5.106574886627612,7.96769261775202,0.2025,0.0595,0.28924202371135016,0.15990123456790123,strat_platt,iso,0.1972420237113501,0.06790123456790123,role_change_up,0.92,Slayton signing to fill extended absence of Alec Pierce significantly increases his snap count and target share in Colts' passing game.,2026-10-04 09:30:00,2026-10-03 15:08:53,2026-10-03 15:08:41,live
WR,00-0040129,Emeka Egbuka,TB,GB,2026_04_GB_TB,2026,4,NA,NA,15,20,7.405317665875824,1.2025106446849978,-4.340851455753846,6.9808876988931985,-6.177168468770471,8.409099845841473,0.291,0.1155,0.2883507219468877,0.14439140811455847,strat_platt,iso,0.2883507219468877,0.14439140811455847,NA,NA,NA,2026-10-04 13:00:00,2026-10-03 15:08:53,2026-10-03 15:08:41,live
WR,00-0041523,Caleb Douglas,MIA,MIN,2026_04_MIA_MIN,2026,4,Out,Did Not Participate In Practice,15,20,6.871649967422614,0.32376354866692303,-5.051660963627083,5.927083175939514,-6.832346277929505,7.312027266612217,0.204,0.073,0.2837742271385889,0.16780254777070064,strat_platt,iso,0.19877422713858892,0.08280254777070063,role_change_up,0.85,Douglas's continued absence elevates opportunity for the trio of receivers leading Dolphins passing game in Week 4.,2026-10-04 16:05:00,2026-10-03 15:08:53,2026-10-03 15:08:41,live
WR,00-0034960,Jakobi Meyers,JAX,CIN,2026_04_JAX_CIN,2026,4,NA,Full Participation in Practice,15,20,6.583408119521796,1.8679785502813284,-3.4135321570506325,7.373402827072827,-5.163107196634527,8.734150620519646,0.286,0.1055,0.2831720268514541,0.14439140811455847,strat_platt,iso,0.2831720268514541,0.14439140811455847,NA,NA,NA,2026-10-04 13:00:00,2026-10-03 15:08:53,2026-10-03 15:08:41,live
WR,00-0039894,Xavier Worthy,KC,LV,2026_04_KC_LV,2026,4,NA,NA,15,20,6.191942007119688,1.7147232868272555,-3.435279441432556,7.083064206091804,-5.1412906049892095,8.409929801383717,0.277,0.093,0.2738580415669669,0.11336717428087986,strat_platt,iso,0.2738580415669669,0.11336717428087986,NA,NA,NA,2026-10-04 16:25:00,2026-10-03 15:08:53,2026-10-03 15:08:41,live
WR,00-0038618,Xavier Hutchinson,HOU,DAL,2026_04_DAL_HOU,2026,4,NA,NA,15,20,6.229264161940369,1.875807289363707,-3.286940707525801,7.257433822388492,-4.997173921382638,8.587583155445182,0.276,0.0975,0.27282378894736165,0.11428571428571428,strat_platt,iso,0.27282378894736165,0.11428571428571428,NA,NA,NA,2026-10-04 13:00:00,2026-10-03 15:08:53,2026-10-03 15:08:41,live
WR,00-0039919,Rome Odunze,CHI,NYJ,2026_04_NYJ_CHI,2026,4,NA,NA,15,20,7.225950849544835,1.982741223052248,-3.5049962075336594,7.703135358211977,-5.322886762789878,9.11701616116458,0.336,0.1385,0.2630738730955141,0.10589757412398922,strat_platt,iso,0.3350738730955141,0.1778975741239892,role_change_down,0.72,"Elevation of backup WR Kaden Davis suggests potential absence or reduced role for Rome Odunze, whose questionable status creates uncertainty around target share in Week 1.",2026-10-04 13:00:00,2026-10-03 15:08:53,2026-10-03 15:08:41,live
WR,00-0039491,Jalen Coker,CAR,DET,2026_04_DET_CAR,2026,4,Questionable,Limited Participation in Practice,15,20,6.109273080162706,1.8777120510675325,-3.2438978394841635,7.2164563971795825,-4.940503474412784,8.536006757607467,0.2665,0.0875,0.26300506809481033,0.1020408163265306,strat_platt,iso,0.26300506809481033,0.1020408163265306,NA,NA,NA,2026-10-04 20:20:00,2026-10-03 15:08:53,2026-10-03 15:08:41,live
WR,00-0034348,Courtland Sutton,DEN,SF,2026_04_DEN_SF,2026,4,NA,NA,15,20,6.6213002686798905,1.4687446554028252,-3.8252483032200466,6.987180377800332,-5.5789582648947125,8.351144144259905,0.2625,0.1015,0.25887462932461325,0.14439140811455847,strat_platt,iso,0.25887462932461325,0.14439140811455847,NA,NA,NA,2026-10-04 16:25:00,2026-10-03 15:08:53,2026-10-03 15:08:41,live
WR,00-0030279,Keenan Allen,IND,WAS,2026_04_IND_WAS,2026,4,Questionable,Did Not Participate In Practice,15,20,6.288686930721118,1.5631358370267097,-3.619812212720633,6.965818819154515,-5.336736979475257,8.301172567931816,0.2525,0.0915,0.24855889958809568,0.11336717428087986,strat_platt,iso,0.24855889958809568,0.11336717428087986,NA,NA,NA,2026-10-04 09:30:00,2026-10-03 15:08:53,2026-10-03 15:08:41,live
WR,00-0037261,Khalil Shakir,BUF,NE,2026_04_NE_BUF,2026,4,NA,NA,15,20,6.185767638845199,1.6237918865672,-3.5240979799757746,6.989930367773027,-5.229409228237977,8.316251597621346,0.2525,0.0905,0.24855889958809568,0.11336717428087986,strat_platt,iso,0.24855889958809568,0.11336717428087986,NA,NA,NA,2026-10-04 13:00:00,2026-10-03 15:08:53,2026-10-03 15:08:41,live
WR,00-0038117,Wan'Dale Robinson,TEN,BAL,2026_04_TEN_BAL,2026,4,NA,NA,15,20,7.830145860875502,6.430478171033408e-4,-5.67137673347118,5.913132320819236,-7.550313420959438,7.37449230463222,0.25,0.091,0.24598238136947376,0.11336717428087986,strat_platt,iso,0.24598238136947376,0.11336717428087986,NA,NA,NA,2026-10-04 13:00:00,2026-10-03 15:08:53,2026-10-03 15:08:41,live
WR,00-0038563,Tre Tucker,LV,KC,2026_04_KC_LV,2026,4,NA,NA,15,20,6.366773880418456,1.172870374394648,-4.036452280868271,6.603046133029501,-5.762114008323337,7.945195131925017,0.245,0.082,0.24083237265917895,0.08568075117370892,strat_platt,iso,0.24083237265917895,0.08568075117370892,NA,NA,NA,2026-10-04 16:25:00,2026-10-03 15:08:53,2026-10-03 15:08:41,live
WR,00-0038619,Andrei Iosivas,CIN,JAX,2026_04_JAX_CIN,2026,4,NA,NA,15,20,5.137353179495407,1.3231075789171702,-3.446199507486524,6.294612981814442,-5.026099861167286,7.523394755386295,0.1605,0.042,0.23956801010785572,0.13699698568198945,strat_platt,iso,0.15456801010785573,0.05199698568198945,role_change_up,0.85,Iosivas's 4-game IR absence redistributes targets and snaps among remaining Bengals receivers.,2026-10-04 13:00:00,2026-10-03 15:08:53,2026-10-03 15:08:41,live
WR,00-0036040,Juwan Johnson,NO,ATL,2026_04_ATL_NO,2026,4,NA,NA,15,20,6.208392828945983,1.4352397689522272,-3.7203863640615102,6.809442501392222,-5.428260359891,8.137756931313957,0.2405,0.0795,0.23620092133928275,0.08568075117370892,strat_platt,iso,0.23620092133928275,0.08568075117370892,NA,NA,NA,2026-10-05 20:15:00,2026-10-03 15:08:53,2026-10-03 15:08:41,live
WR,00-0037816,Romeo Doubs,NE,BUF,2026_04_NE_BUF,2026,4,NA,NA,15,20,6.250781945158919,1.4221697432785412,-3.747906012395366,6.811434700864333,-5.46056664987694,8.143471984575548,0.239,0.078,0.23465787356553017,0.08568075117370892,strat_platt,iso,0.23465787356553017,0.08568075117370892,NA,NA,NA,2026-10-04 13:00:00,2026-10-03 15:08:53,2026-10-03 15:08:41,live
WR,00-0039893,Brian Thomas Jr.,JAX,CIN,2026_04_JAX_CIN,2026,4,NA,NA,15,20,6.1474050781693546,1.5403293411439571,-3.5944049953769532,6.8927545538607164,-5.295358288456533,8.215686344694115,0.2385,0.094,0.23414361116105264,0.11336717428087986,strat_platt,iso,0.23414361116105264,0.11336717428087986,NA,NA,NA,2026-10-04 13:00:00,2026-10-03 15:08:53,2026-10-03 15:08:41,live
WR,00-0031588,Stefon Diggs,WAS,IND,2026_04_IND_WAS,2026,4,NA,NA,15,20,6.405826684747754,1.4459283248437496,-3.776513375810632,6.889779320544054,-5.5065209723989765,8.23530835842042,0.238,0.0815,0.23362939244955383,0.08568075117370892,strat_platt,iso,0.23362939244955383,0.08568075117370892,NA,NA,NA,2026-10-04 09:30:00,2026-10-03 15:08:53,2026-10-03 15:08:41,live
WR,00-0041042,Malachi Fields,NYG,ARI,2026_04_ARI_NYG,2026,4,NA,NA,15,20,6.507810665115167,1.2407031982684007,-4.015777593017302,6.720036397131037,-5.757061119285391,8.074335391187404,0.2365,0.083,0.23208700007892144,0.08568075117370892,strat_platt,iso,0.23208700007892144,0.08568075117370892,NA,NA,NA,2026-10-04 13:00:00,2026-10-03 15:08:53,2026-10-03 15:08:41,live
WR,00-0039880,Malik Washington,MIA,MIN,2026_04_MIA_MIN,2026,4,NA,NA,15,20,7.551934244191977,-0.15944937710984625,-5.74769336434889,5.665712364827001,-7.59887813646445,7.105488045736177,0.2345,0.0765,0.23003109839876024,0.08568075117370892,strat_platt,iso,0.23003109839876024,0.08568075117370892,NA,NA,NA,2026-10-04 16:05:00,2026-10-03 15:08:53,2026-10-03 15:08:41,live
WR,00-0039849,Marvin Harrison Jr.,ARI,NYG,2026_04_ARI_NYG,2026,4,NA,NA,15,20,5.688676515876988,1.9301754453543212,-3.0433549499139816,7.114562355989344,-4.690907159946134,8.395960972034343,0.229,0.076,0.22438111208059083,0.08568075117370892,strat_platt,iso,0.22438111208059083,0.08568075117370892,NA,NA,NA,2026-10-04 13:00:00,2026-10-03 15:08:53,2026-10-03 15:08:41,live
WR,00-0033555,Mack Hollins,NE,BUF,2026_04_NE_BUF,2026,4,NA,NA,15,20,5.928389536845624,1.4827968407009486,-3.5758892556569375,6.755949691625548,-5.251650494764383,8.059288134886312,0.2285,0.0655,0.2238677545060272,0.0681265206812652,strat_platt,iso,0.2238677545060272,0.0681265206812652,NA,NA,NA,2026-10-04 13:00:00,2026-10-03 15:08:53,2026-10-03 15:08:41,live
WR,00-0031236,Brandin Cooks,SF,DEN,2026_04_DEN_SF,2026,4,NA,NA,15,20,6.112714931452591,1.276645894671092,-3.846150604514726,6.616627156571702,-5.543149320317941,7.9364832392010625,0.2255,0.071,0.2207886016776676,0.08280254777070063,strat_platt,iso,0.2207886016776676,0.08280254777070063,NA,NA,NA,2026-10-04 16:25:00,2026-10-03 15:08:53,2026-10-03 15:08:41,live
WR,00-0036550,Rashod Bateman,BAL,TEN,2026_04_TEN_BAL,2026,4,NA,NA,15,20,6.648694311865591,1.9699261268816104,-3.3330646790616756,7.497741167020137,-5.089755304783832,8.864023171871242,0.307,0.1195,0.2199412765534536,0.05939140811455847,strat_platt,iso,0.3049412765534536,0.14439140811455847,role_change_down,0.85,"Bateman's role diminished with Zay Flowers' return from absence, moving him to a complementary role after a bigger Week 2 performance.",2026-10-04 13:00:00,2026-10-03 15:08:53,2026-10-03 15:08:41,live
WR,00-0041067,Bryce Lance,NO,ATL,2026_04_ATL_NO,2026,4,NA,NA,15,20,5.722294968169708,1.5989939808180489,-3.3866047659580745,6.795960889687244,-5.038154787930225,8.080468840086525,0.223,0.082,0.2182239596666029,0.08568075117370892,strat_platt,iso,0.2182239596666029,0.08568075117370892,NA,NA,NA,2026-10-05 20:15:00,2026-10-03 15:08:53,2026-10-03 15:08:41,live
WR,00-0040669,Isaac TeSlaa,DET,CAR,2026_04_DET_CAR,2026,4,NA,NA,15,20,5.555641159080003,1.8241915618484377,-3.101165395787581,6.9583626861802905,-4.732759474004267,8.227349721033214,0.2225,0.0665,0.21771117719281943,0.0681265206812652,strat_platt,iso,0.21771117719281943,0.0681265206812652,NA,NA,NA,2026-10-04 20:20:00,2026-10-03 15:08:53,2026-10-03 15:08:41,live
WR,00-0038090,Skyy Moore,GB,TB,2026_04_GB_TB,2026,4,NA,NA,15,20,5.097093402615513,0.7159511897701474,-4.03794732189342,5.67139475995594,-5.61274336749743,6.896206611806594,0.14,0.0355,0.20892534815421795,0.11885964912280704,strat_platt,iso,0.13392534815421794,0.04385964912280701,role_change_up,0.75,"Moore received significant target volume (7 targets) with Jayden Reed out, indicating a temporary opportunity increase in the passing game.",2026-10-04 13:00:00,2026-10-03 15:08:53,2026-10-03 15:08:41,live
WR,00-0035891,Cody White,LV,KC,2026_04_KC_LV,2026,4,NA,Limited Participation in Practice,15,20,5.1245958493233426,0.8799979067566074,-3.884434300568253,5.8464217564555145,-5.462719781681309,7.073947548298384,0.1325,0.0345,0.20140930688425565,0.1082425068119891,strat_platt,iso,0.12640930688425564,0.0332425068119891,role_change_up,0.75,"Cody White promoted to fill WR role vacated by Bech's 4-week IR placement, implying increased opportunity.",2026-10-04 16:25:00,2026-10-03 15:08:53,2026-10-03 15:08:41,live
WR,00-0033908,Cooper Kupp,SEA,LAC,2026_04_LAC_SEA,2026,4,NA,NA,15,20,5.49501668746982,1.465127235051892,-3.4380517046858867,6.57618008794323,-5.062299001140238,7.839453096906523,0.2065,0.0585,0.20132901517110255,0.06790123456790123,strat_platt,iso,0.20132901517110255,0.06790123456790123,NA,NA,NA,2026-10-04 16:25:00,2026-10-03 15:08:53,2026-10-03 15:08:41,live
WR,00-0038621,DeMario Douglas,NE,BUF,2026_04_NE_BUF,2026,4,NA,NA,15,20,6.102675303838085,1.1152504517041213,-4.0040836964336055,6.451622573612175,-5.699935459535652,7.770586603416142,0.206,0.064,0.2008179469129011,0.0681265206812652,strat_platt,iso,0.2008179469129011,0.0681265206812652,NA,NA,NA,2026-10-04 13:00:00,2026-10-03 15:08:53,2026-10-03 15:08:41,live
WR,00-0038544,Quentin Johnston,LAC,SEA,2026_04_LAC_SEA,2026,4,NA,NA,15,20,6.789905845634495,0.4008750034605371,-4.948155439406067,5.976681565127256,-6.720097345312267,7.3548253909281,0.2035,0.0725,0.19826343648693148,0.08280254777070063,strat_platt,iso,0.19826343648693148,0.08280254777070063,NA,NA,NA,2026-10-04 16:25:00,2026-10-03 15:08:53,2026-10-03 15:08:41,live
WR,00-0041525,Chris Bell,MIA,MIN,2026_04_MIA_MIN,2026,4,NA,Full Participation in Practice,15,20,5.607867948284269,0.00307503121481437,-4.941273890788889,5.15704329835065,-6.579159325522989,6.430923492573801,0.1185,0.032,0.1974371612674931,0.11824250681198913,strat_platt,iso,0.1124371612674931,0.0332425068119891,role_change_up,0.85,Bell explicitly primed for increased workload due to Caleb Douglas's ankle injury ruling him out for Week 4.,2026-10-04 16:05:00,2026-10-03 15:08:53,2026-10-03 15:08:41,live
WR,00-0039901,Keon Coleman,BUF,NE,2026_04_NE_BUF,2026,4,NA,Limited Participation in Practice,15,20,5.530562819412348,1.5901265403695832,-3.3260734684037487,6.714752500190081,-4.954634177939262,7.981380305146469,0.2025,0.058,0.1972420237113501,0.06790123456790123,strat_platt,iso,0.1972420237113501,0.06790123456790123,NA,NA,NA,2026-10-04 13:00:00,2026-10-03 15:08:53,2026-10-03 15:08:41,live
WR,00-0038840,Brycen Tremayne,CAR,DET,2026_04_DET_CAR,2026,4,NA,NA,15,20,4.863781651194618,1.410646220468179,-3.252513947937362,6.271504527934521,-4.797251635375582,7.472938220161646,0.1495,0.041,0.1964189796652724,0.12699698568198947,strat_platt,iso,0.1214189796652724,0.05199698568198945,role_change_up,0.75,Jalen Coker's quad injury creates opportunity for Tremayne to maintain elevated target share and role as leading receiver if Coker misses time.,2026-10-04 20:20:00,2026-10-03 15:08:53,2026-10-03 15:08:41,live
WR,00-0038608,Kayshon Boutte,HOU,DAL,2026_04_DAL_HOU,2026,4,NA,NA,15,20,5.487456912165107,1.8979181728539125,-3.002485121243681,7.006077704546444,-4.625812945865085,8.26863558598476,0.201,0.0685,0.1957103288440088,0.08280254777070063,strat_platt,iso,0.1957103288440088,0.08280254777070063,NA,NA,NA,2026-10-04 13:00:00,2026-10-03 15:08:53,2026-10-03 15:08:41,live
WR,00-0038104,Tyquan Thornton,KC,LV,2026_04_KC_LV,2026,4,NA,NA,15,20,5.479169329702099,1.599808703940896,-3.297549135176756,6.704793666327498,-4.919868109809523,7.966566905572766,0.2005,0.0675,0.1951998778323741,0.08280254777070063,strat_platt,iso,0.1951998778323741,0.08280254777070063,NA,NA,NA,2026-10-04 16:25:00,2026-10-03 15:08:53,2026-10-03 15:08:41,live
WR,00-0040727,Tre Harris,LAC,SEA,2026_04_LAC_SEA,2026,4,NA,NA,15,20,6.551035060054079,0.6985982272212001,-4.572214756779871,6.192871242755098,-6.318246024371765,7.550862835519183,0.2,0.0645,0.1946894841275388,0.0681265206812652,strat_platt,iso,0.1946894841275388,0.0681265206812652,NA,NA,NA,2026-10-04 16:25:00,2026-10-03 15:08:53,2026-10-03 15:08:41,live
WR,00-0037545,Rashid Shaheed,SEA,LAC,2026_04_LAC_SEA,2026,4,NA,Full Participation in Practice,15,20,5.8054374527005,1.0285839060405284,-3.9866831923060913,6.256476978282232,-5.648061274893794,7.548628791616167,0.1995,0.0655,0.1941791479313806,0.0681265206812652,strat_platt,iso,0.1941791479313806,0.0681265206812652,NA,NA,NA,2026-10-04 16:25:00,2026-10-03 15:08:53,2026-10-03 15:08:41,live
WR,00-0041438,Carnell Tate,TEN,BAL,2026_04_TEN_BAL,2026,4,NA,NA,15,20,7.162783557590804,-0.01636647176005245,-5.484321353144124,5.683406418330266,-7.295658659487144,7.092190372735771,0.1975,0.071,0.1921383822957297,0.08280254777070063,strat_platt,iso,0.1921383822957297,0.08280254777070063,NA,NA,NA,2026-10-04 13:00:00,2026-10-03 15:08:53,2026-10-03 15:08:41,live
WR,00-0040876,Elijah Sarratt,BAL,TEN,2026_04_TEN_BAL,2026,4,NA,NA,15,20,5.190348671316109,1.412489177041227,-3.3769928250631036,6.405024826175869,-4.96357640460319,7.639004539038938,0.1975,0.0535,0.1921383822957297,0.05753424657534246,strat_platt,iso,0.1921383822957297,0.05753424657534246,NA,NA,NA,2026-10-04 13:00:00,2026-10-03 15:08:53,2026-10-03 15:08:41,live
WR,00-0035662,Marquise Brown,PHI,LA,2026_04_LA_PHI,2026,4,Out,Did Not Participate In Practice,15,20,4.593722125175917,0.7374071803419892,-3.817462666100839,5.485384117209679,-5.326327654451001,6.658917493631737,0.1065,0.0225,0.19007967419737745,0.12524250681198912,strat_platt,iso,0.09807967419737744,0.0332425068119891,role_change_up,0.92,"Two starting WRs (Hollywood Brown, Devonta Smith) ruled out, creating significant snap and target opportunity increase for backup receivers Lemon and Wicks.",2026-10-04 13:00:00,2026-10-03 15:08:53,2026-10-03 15:08:41,live
WR,00-0040172,Jordan Watkins,SF,DEN,2026_04_DEN_SF,2026,4,NA,NA,15,20,4.681491126569168,1.001865046930238,-3.588600546465133,5.786946838882479,-5.109257128894062,6.96965123412961,0.1375,0.035,0.18713489917731924,0.1052425068119891,strat_platt,iso,0.11513489917731924,0.0332425068119891,role_change_up,0.72,Watkins saw increased snaps with Evans sidelined early and could see more opportunity if Evans misses additional games.,2026-10-04 16:25:00,2026-10-03 15:08:53,2026-10-03 15:08:41,live
WR,00-0038839,Mitchell Tinsley,CIN,JAX,2026_04_JAX_CIN,2026,4,NA,NA,15,20,5.1185428286573655,1.488423157236056,-3.273693547903197,6.452433337314279,-4.851211986203594,7.67936255467981,0.1905,0.0515,0.1850031648288208,0.05753424657534246,strat_platt,iso,0.1850031648288208,0.05753424657534246,NA,NA,NA,2026-10-04 13:00:00,2026-10-03 15:08:53,2026-10-03 15:08:41,live
WR,00-0039146,Jayden Reed,GB,TB,2026_04_GB_TB,2026,4,NA,NA,15,20,4.7702635465669,0.5829386407611408,-4.043132233987801,5.405135226416974,-5.575583568900539,6.597013096967234,0.092,0.019,0.18456326174536108,0.11103206412825652,strat_platt,iso,0.0895632617453611,0.01603206412825651,role_change_up,0.95,"Season-ending injury to WR1 Jayden Reed creates sustained opportunity increase for Packers pass-catchers Watson, Golden, and Moore throughout the remainder of the season.",2026-10-04 13:00:00,2026-10-03 15:08:53,2026-10-03 15:08:41,live
WR,00-0034419,Braxton Berrios,NYG,ARI,2026_04_ARI_NYG,2026,4,NA,NA,15,20,4.637788940222108,0.8957987618765919,-3.6769924692491793,5.6624568738425785,-5.191794169470915,6.840607581557551,0.1145,0.032,0.17461432225672574,0.1052425068119891,strat_platt,iso,0.10261432225672576,0.0332425068119891,role_change_up,0.72,Addition to 53-man roster suggests increased opportunity for snaps and targets in Giants' WR rotation.,2026-10-04 13:00:00,2026-10-03 15:08:53,2026-10-03 15:08:41,live
WR,00-0037291,Jalen Nailor,LV,KC,2026_04_KC_LV,2026,4,NA,NA,15,20,5.666446746549129,1.0348808380673364,-3.930646439163565,6.210925332531172,-5.57554750327687,7.490261995886202,0.179,0.0625,0.17330747132154792,0.06790123456790123,strat_platt,iso,0.17330747132154792,0.06790123456790123,NA,NA,NA,2026-10-04 16:25:00,2026-10-03 15:08:53,2026-10-03 15:08:41,live
WR,00-0033921,Chris Godwin Jr.,TB,GB,2026_04_GB_TB,2026,4,NA,Full Participation in Practice,15,20,5.804101154148443,1.0619977842602333,-3.952794457474776,6.289395867991562,-5.6140152371010545,7.581425337526108,0.1785,0.057,0.17279974282011973,0.06790123456790123,strat_platt,iso,0.17279974282011973,0.06790123456790123,NA,NA,NA,2026-10-04 13:00:00,2026-10-03 15:08:53,2026-10-03 15:08:41,live
WR,00-0040867,Makai Lemon,PHI,LA,2026_04_LA_PHI,2026,4,NA,NA,15,20,5.703849471722379,0.9662584857090208,-4.012723880973003,6.156328508135486,-5.662082133562019,7.439131790095649,0.178,0.052,0.17229208124605994,0.05753424657534246,strat_platt,iso,0.17229208124605994,0.05753424657534246,NA,NA,NA,2026-10-04 13:00:00,2026-10-03 15:08:53,2026-10-03 15:08:41,live
WR,00-0041070,Reggie Virgil,ARI,NYG,2026_04_ARI_NYG,2026,4,NA,NA,15,20,5.1325345306009424,1.2608009217758576,-3.506665682778522,6.230387814228731,-5.085956350844162,7.458695399305263,0.1755,0.047,0.16975478566012325,0.05199698568198945,strat_platt,iso,0.16975478566012325,0.05199698568198945,NA,NA,NA,2026-10-04 13:00:00,2026-10-03 15:08:53,2026-10-03 15:08:41,live
WR,00-0035021,Ashton Dulin,IND,WAS,2026_04_IND_WAS,2026,4,Questionable,Full Participation in Practice,15,20,4.44732869048917,0.8820131563653907,-3.6125830211144567,5.567161077304092,-5.101481505067425,6.7251653245452765,0.1,0.028,0.16931312787179986,0.1082425068119891,strat_platt,iso,0.09431312787179984,0.0332425068119891,role_change_up,0.75,"If active with Keenan Allen out, Dulin's target share and role expected to increase materially.",2026-10-04 09:30:00,2026-10-03 15:08:53,2026-10-03 15:08:41,live
WR,00-0039855,Jalen McMillan,TB,GB,2026_04_GB_TB,2026,4,NA,NA,15,20,4.529988259735854,0.4906860070360145,-4.038084170380173,5.211456760022261,-5.5383032746261875,6.3782657219716965,0.083,0.0195,0.1690474701462174,0.10103206412825652,strat_platt,iso,0.08404747014621738,0.01603206412825651,role_change_up,0.85,"McMillan's 6-8 week absence opens target share for Buccaneers WRs, increasing opportunity for remaining pass catchers.",2026-10-04 13:00:00,2026-10-03 15:08:53,2026-10-03 15:08:41,live
WR,00-0041443,Skyler Bell,BUF,NE,2026_04_NE_BUF,2026,4,NA,NA,15,20,5.093116644595049,1.3860286839024385,-3.3663439255873424,6.339881660158371,-4.940634494538167,7.564300372975317,0.171,0.0475,0.16519198183130798,0.05199698568198945,strat_platt,iso,0.16519198183130798,0.05199698568198945,NA,NA,NA,2026-10-04 13:00:00,2026-10-03 15:08:53,2026-10-03 15:08:41,live
WR,00-0036309,Darnell Mooney,NYG,ARI,2026_04_ARI_NYG,2026,4,NA,NA,15,20,5.447781920375768,1.0446449111788745,-3.841154282815756,6.137581191096885,-5.459644292949677,7.396376418610672,0.1705,0.05,0.164685353323357,0.05753424657534246,strat_platt,iso,0.164685353323357,0.05753424657534246,NA,NA,NA,2026-10-04 13:00:00,2026-10-03 15:08:53,2026-10-03 15:08:41,live
WR,00-0032385,Sterling Shepard,NYJ,CHI,2026_04_NYJ_CHI,2026,4,NA,NA,15,20,4.750683899598515,0.3665633246122182,-4.251688198777973,5.180609051700357,-5.7815492630804455,6.370472315881869,0.097,0.0205,0.16454746958146216,0.08803206412825651,strat_platt,iso,0.09254746958146216,0.01603206412825651,role_change_up,0.72,"OBJ's release opens target volume for remaining Giants receivers, particularly Shepard who was competing for targets.",2026-10-04 13:00:00,2026-10-03 15:08:53,2026-10-03 15:08:41,live
WR,00-0031610,Darren Waller,CAR,DET,2026_04_DET_CAR,2026,4,NA,Full Participation in Practice,15,20,5.029867160165068,1.465336883432074,-3.2626716812326775,6.3937928830853945,-4.828891316117232,7.6119343540160225,0.169,0.0465,0.16316589399129228,0.05199698568198945,strat_platt,iso,0.16316589399129228,0.05199698568198945,NA,NA,NA,2026-10-04 20:20:00,2026-10-03 15:08:53,2026-10-03 15:08:41,live
WR,00-0037741,Jahan Dotson,ATL,NO,2026_04_ATL_NO,2026,4,NA,NA,15,20,5.859513049442099,0.7840030311302818,-4.250426224149134,6.031870654181293,-5.918152041945944,7.328959475922271,0.1685,0.051,0.16265955046474764,0.05753424657534246,strat_platt,iso,0.16265955046474764,0.05753424657534246,NA,NA,NA,2026-10-05 20:15:00,2026-10-03 15:08:53,2026-10-03 15:08:41,live
WR,00-0039342,Xavier Legette,CAR,DET,2026_04_DET_CAR,2026,4,Out,Did Not Participate In Practice,15,20,5.3835604459723,1.1557390035848494,-3.706287386176275,6.223894613575814,-5.316902319042983,7.476564928598203,0.1665,0.05,0.1606348978424148,0.05753424657534246,strat_platt,iso,0.1606348978424148,0.05753424657534246,NA,NA,NA,2026-10-04 20:20:00,2026-10-03 15:08:53,2026-10-03 15:08:41,live
WR,00-0036259,Jauan Jennings,MIN,MIA,2026_04_MIA_MIN,2026,4,NA,NA,15,20,5.549529171528341,1.1452305602131383,-3.777896950562905,6.277077718629391,-5.408752493009347,7.545490350614758,0.166,0.0445,0.1601289163638632,0.05199698568198945,strat_platt,iso,0.1601289163638632,0.05199698568198945,NA,NA,NA,2026-10-04 16:05:00,2026-10-03 15:08:53,2026-10-03 15:08:41,live
WR,00-0032398,Chris Moore,BAL,TEN,2026_04_TEN_BAL,2026,4,Questionable,Limited Participation in Practice,15,20,5.001397128941843,1.676187995249722,-3.0407948926514043,6.593150876383326,-4.603362116336,7.80845165150574,0.165,0.049,0.1591171732641595,0.05199698568198945,strat_platt,iso,0.1591171732641595,0.05199698568198945,NA,NA,NA,2026-10-04 13:00:00,2026-10-03 15:08:53,2026-10-03 15:08:41,live
WR,00-0041048,Ted Hurst III,TB,GB,2026_04_GB_TB,2026,4,NA,NA,15,20,5.76020341083375,1.0820423513862651,-3.917114805342403,6.2931424890689165,-5.573156242166083,7.581143677946339,0.1625,0.052,0.1565891104845131,0.05753424657534246,strat_platt,iso,0.1565891104845131,0.05753424657534246,NA,NA,NA,2026-10-04 13:00:00,2026-10-03 15:08:53,2026-10-03 15:08:41,live
WR,00-0033307,Kendrick Bourne,ARI,NYG,2026_04_ARI_NYG,2026,4,NA,NA,15,20,5.54016088954212,0.950965780902309,-3.968741689102417,6.079247903378392,-5.5984642947246375,7.346779383513283,0.1615,0.0465,0.15557840903584183,0.05199698568198945,strat_platt,iso,0.15557840903584183,0.05199698568198945,NA,NA,NA,2026-10-04 13:00:00,2026-10-03 15:08:53,2026-10-03 15:08:41,live
WR,00-0039451,Isaiah Williams,NYJ,CHI,2026_04_NYJ_CHI,2026,4,NA,NA,15,20,5.579604200423924,0.9465811385321848,-3.9875028284236422,6.089849260226245,-5.6219878517736905,7.3610847537746755,0.16,0.052,0.15406292478143896,0.05753424657534246,strat_platt,iso,0.15406292478143896,0.05753424657534246,NA,NA,NA,2026-10-04 13:00:00,2026-10-03 15:08:53,2026-10-03 15:08:41,live
WR,00-0040134,Pat Bryant,DEN,SF,2026_04_DEN_SF,2026,4,NA,NA,15,20,5.504670436026547,1.182937263348422,-3.7237828786311873,6.297681450380983,-5.34920324835865,7.561866827680484,0.159,0.05,0.1530529837998835,0.05753424657534246,strat_platt,iso,0.1530529837998835,0.05753424657534246,NA,NA,NA,2026-10-04 16:25:00,2026-10-03 15:08:53,2026-10-03 15:08:41,live
WR,00-0039710,Jeshaun Jones,MIN,MIA,2026_04_MIA_MIN,2026,4,NA,NA,15,20,5.1730759769545065,1.138463691972606,-3.644456124728205,6.124158946979259,-5.228865887642078,7.356447954322101,0.1555,0.043,0.14952063165553822,0.05199698568198945,strat_platt,iso,0.14952063165553822,0.05199698568198945,NA,NA,NA,2026-10-04 16:05:00,2026-10-03 15:08:53,2026-10-03 15:08:41,live
WR,00-0040582,Arian Smith,NYJ,CHI,2026_04_NYJ_CHI,2026,4,NA,NA,15,20,4.42365670813232,-0.2663144713405281,-4.751055156303214,4.408560126155244,-6.236688869120361,5.564025168150202,0.068,0.013,0.1463590802430176,0.08803206412825651,strat_platt,iso,0.07435908024301761,0.01603206412825651,role_change_up,0.72,"Loss of a pass-catcher creates increased target opportunity for remaining Jets receivers, particularly Wilson.",2026-10-04 13:00:00,2026-10-03 15:08:53,2026-10-03 15:08:41,live
WR,00-0032775,Demarcus Robinson,SF,DEN,2026_04_DEN_SF,2026,4,NA,NA,15,20,5.07136710192904,1.0324632121677246,-3.711551554033164,5.9776040081604584,-5.2830734693139885,7.199869375572359,0.149,0.0415,0.1429709020412202,0.05199698568198945,strat_platt,iso,0.1429709020412202,0.05199698568198945,NA,NA,NA,2026-10-04 16:25:00,2026-10-03 15:08:53,2026-10-03 15:08:41,live
WR,00-0041399,CJ Daniels,LA,PHI,2026_04_LA_PHI,2026,4,NA,NA,15,20,5.1010192669733865,1.2228100112666656,-3.53259418712502,6.1798231028878146,-5.10788901273023,7.405022885390594,0.148,0.042,0.14196447892580685,0.05199698568198945,strat_platt,iso,0.14196447892580685,0.05199698568198945,NA,NA,NA,2026-10-04 13:00:00,2026-10-03 15:08:53,2026-10-03 15:08:41,live
WR,00-0041040,Antonio Williams,WAS,IND,2026_04_IND_WAS,2026,4,NA,NA,15,20,5.188144886671024,0.956861657841955,-3.8317838058304527,5.948525302876486,-5.418090270196255,7.182289486909178,0.147,0.041,0.14095839018470852,0.05199698568198945,strat_platt,iso,0.14095839018470852,0.05199698568198945,NA,NA,NA,2026-10-04 09:30:00,2026-10-03 15:08:53,2026-10-03 15:08:41,live
WR,00-0038728,Jared Wayne,HOU,DAL,2026_04_DAL_HOU,2026,4,NA,NA,15,20,5.012013661158615,1.221712532667012,-3.499386161828877,6.142965713073118,-5.063316804596568,7.359326899705121,0.145,0.0345,0.13894722600457138,0.0332425068119891,strat_platt,iso,0.13894722600457138,0.0332425068119891,NA,NA,NA,2026-10-04 13:00:00,2026-10-03 15:08:53,2026-10-03 15:08:41,live
WR,00-0040930,Camden Brown,DAL,HOU,2026_04_DAL_HOU,2026,4,NA,NA,15,20,5.065227879046486,0.9909114083622296,-3.750740379980907,5.933589046295751,-5.321479525461934,7.15524560742398,0.145,0.048,0.13894722600457138,0.05199698568198945,strat_platt,iso,0.13894722600457138,0.05199698568198945,NA,NA,NA,2026-10-04 13:00:00,2026-10-03 15:08:53,2026-10-03 15:08:41,live
WR,00-0039792,Devontez Walker,BAL,TEN,2026_04_TEN_BAL,2026,4,NA,NA,15,20,4.8736998762653245,1.7064595523128243,-2.9606094768233495,6.5713924395639145,-4.506642029603417,7.773833225009031,0.1765,0.0495,0.13508577871640615,0.05660377358490566,strat_platt,iso,0.13508577871640615,0.05660377358490566,NA,NA,NA,2026-10-04 13:00:00,2026-10-03 15:08:53,2026-10-03 15:08:41,live
WR,00-0040590,Konata Mumpfield,LA,PHI,2026_04_LA_PHI,2026,4,NA,NA,15,20,5.008888225455237,0.958011468168268,-3.761876094036004,5.878002169429644,-5.325405532121083,7.094051315495091,0.1395,0.0355,0.13342364353215436,0.04385964912280701,strat_platt,iso,0.13342364353215436,0.04385964912280701,NA,NA,NA,2026-10-04 13:00:00,2026-10-03 15:08:53,2026-10-03 15:08:41,live
WR,00-0032951,Laquon Treadwell,IND,WAS,2026_04_IND_WAS,2026,4,NA,NA,15,20,4.928818537120713,1.410262690061352,-3.2784442363250057,6.297750829288834,-4.831644648271855,7.505766481958425,0.1545,0.0385,0.12399556548909278,0.04385964912280701,strat_platt,iso,0.12399556548909278,0.04385964912280701,NA,NA,NA,2026-10-04 09:30:00,2026-10-03 15:08:53,2026-10-03 15:08:41,live
WR,00-0037664,Alec Pierce,IND,WAS,2026_04_IND_WAS,2026,4,NA,NA,15,20,5.553251597210883,1.7984225495323698,-3.1260629485355236,6.9316852681204,-4.7573683434581895,8.20044777693331,0.2125,0.0665,0.12246606456568104,0,strat_platt,iso,0.20746606456568104,0.0681265206812652,role_change_down,0.85,"Alec Pierce's heel injury creates a temporary opportunity shift in the receiving corps, with Treadwell stepping into increased volume.",2026-10-04 09:30:00,2026-10-03 15:08:53,2026-10-03 15:08:41,live
WR,00-0041100,Josh Cameron,JAX,CIN,2026_04_JAX_CIN,2026,4,NA,NA,15,20,4.760028781858642,1.2017703718596753,-3.4202154967582254,6.019708764515265,-4.951313615676628,7.210534159100398,0.142,0.0415,0.11750895322362796,0.05199698568198945,strat_platt,iso,0.11750895322362796,0.05199698568198945,NA,NA,NA,2026-10-04 13:00:00,2026-10-03 15:08:53,2026-10-03 15:08:41,live
WR,00-0035544,Tom Kennedy,DET,CAR,2026_04_DET_CAR,2026,4,NA,NA,15,20,4.647056275454786,1.0551148187576067,-3.521432541135737,5.825688303360259,-5.037478512078742,7.004806753869975,0.141,0.0385,0.1169832724203262,0.04385964912280701,strat_platt,iso,0.1169832724203262,0.04385964912280701,NA,NA,NA,2026-10-04 20:20:00,2026-10-03 15:08:53,2026-10-03 15:08:41,live
WR,00-0038576,Charlie Jones,NYG,ARI,2026_04_ARI_NYG,2026,4,NA,NA,15,20,5.121990513736128,0.9354765455394364,-3.8279592229332646,5.900861711620908,-5.405914619598741,7.128130777302548,0.1225,0.0285,0.11642115200868716,0.0332425068119891,strat_platt,iso,0.11642115200868716,0.0332425068119891,NA,NA,NA,2026-10-04 13:00:00,2026-10-03 15:08:53,2026-10-03 15:08:41,live
WR,00-0040648,Tory Horton,SEA,LAC,2026_04_LAC_SEA,2026,4,NA,NA,15,20,4.561284889082343,1.3381201734465804,-3.203493119257388,6.072278535132895,-4.7079666868914645,7.24239644441904,0.1375,0.0415,0.11513489917731924,0.05199698568198945,strat_platt,iso,0.11513489917731924,0.05199698568198945,NA,NA,NA,2026-10-04 16:25:00,2026-10-03 15:08:53,2026-10-03 15:08:41,live
WR,00-0040138,Jaylin Noel,HOU,DAL,2026_04_DAL_HOU,2026,4,NA,NA,15,20,4.5842645247608536,1.3978086117137387,-3.153201779132565,6.141762468498148,-4.660788268289554,7.314301480622205,0.133,0.0295,0.112738203058648,0.0332425068119891,strat_platt,iso,0.112738203058648,0.0332425068119891,NA,NA,NA,2026-10-04 13:00:00,2026-10-03 15:08:53,2026-10-03 15:08:41,live
WR,00-0039915,Ladd McConkey,LAC,SEA,2026_04_LAC_SEA,2026,4,Questionable,Limited Participation in Practice,15,20,6.472044174606836,0.43977160468691506,-4.804807432139978,5.9066984653700265,-6.542148334094255,7.257931047746968,0.19,0.0555,0.1124939606185466,0,strat_platt,iso,0.1844939606185466,0.06790123456790123,role_change_down,0.72,"Thompson's unavailability thins WR depth; McConkey's opportunity is at risk if also ruled out, but more critically Thompson's absence increases volume pressure on remaining eligible receivers if McConkey plays.",2026-10-04 16:25:00,2026-10-03 15:08:53,2026-10-03 15:08:41,live
WR,00-0041099,Barion Brown,NO,ATL,2026_04_ATL_NO,2026,4,NA,Limited Participation in Practice,15,20,4.72280443864132,1.1759264115127284,-3.431158327201624,5.978331929794186,-4.957320236314629,7.165318142607337,0.1315,0.0345,0.11193402695755812,0.0332425068119891,strat_platt,iso,0.11193402695755812,0.0332425068119891,NA,NA,NA,2026-10-05 20:15:00,2026-10-03 15:08:53,2026-10-03 15:08:41,live
WR,00-0040075,LaJohntay Wester,BAL,TEN,2026_04_TEN_BAL,2026,4,NA,NA,15,20,4.664311880561388,1.15817692231986,-3.4253525473376905,5.936028528416374,-4.943711440784126,7.116945875299065,0.131,0.033,0.11166536415816522,0.0332425068119891,strat_platt,iso,0.11166536415816522,0.0332425068119891,NA,NA,NA,2026-10-04 13:00:00,2026-10-03 15:08:53,2026-10-03 15:08:41,live
WR,00-0036988,Josh Palmer,BUF,NE,2026_04_NE_BUF,2026,4,NA,NA,15,20,4.76808141057802,1.0341581732110958,-3.591042177726921,5.8554473285524296,-5.123205139328432,7.047100914154594,0.13,0.0345,0.11112711973386316,0.0332425068119891,strat_platt,iso,0.11112711973386316,0.0332425068119891,NA,NA,NA,2026-10-04 13:00:00,2026-10-03 15:08:53,2026-10-03 15:08:41,live
WR,00-0036646,Simi Fehoko,ARI,NYG,2026_04_ARI_NYG,2026,4,NA,NA,15,20,4.664277744366853,1.110170419643234,-3.473345252560982,5.888007643333131,-4.991699575406069,7.068921435389329,0.1275,0.0305,0.10977604780776398,0.0332425068119891,strat_platt,iso,0.10977604780776398,0.0332425068119891,NA,NA,NA,2026-10-04 13:00:00,2026-10-03 15:08:53,2026-10-03 15:08:41,live
WR,00-0041069,Colbie Young,CIN,JAX,2026_04_JAX_CIN,2026,4,Out,Did Not Participate In Practice,15,20,4.77944118816421,1.1121710089991246,-3.517558556402246,5.938181398215214,-5.051221884283997,7.131001907246787,0.127,0.032,0.10950487959651468,0.0332425068119891,strat_platt,iso,0.10950487959651468,0.0332425068119891,NA,NA,NA,2026-10-04 13:00:00,2026-10-03 15:08:53,2026-10-03 15:08:41,live
WR,00-0038519,Nikko Remigio,KC,LV,2026_04_KC_LV,2026,4,NA,NA,15,20,4.63938288064415,0.979537698535003,-3.593899884442475,5.746869564919549,-5.108915697846821,6.925186801096686,0.1265,0.0295,0.10923338818097653,0.0332425068119891,strat_platt,iso,0.10923338818097653,0.0332425068119891,NA,NA,NA,2026-10-04 16:25:00,2026-10-03 15:08:53,2026-10-03 15:08:41,live
WR,00-0041132,Deion Burks,IND,WAS,2026_04_IND_WAS,2026,4,NA,NA,15,20,4.58692753452891,1.2212652002376727,-3.3308323847986285,5.966352343617315,-4.838779022391057,7.1391714644407704,0.1255,0.036,0.10868942652833648,0.04385964912280701,strat_platt,iso,0.10868942652833648,0.04385964912280701,NA,NA,NA,2026-10-04 09:30:00,2026-10-03 15:08:53,2026-10-03 15:08:41,live
WR,00-0040785,Dohnte Meyers,CIN,JAX,2026_04_JAX_CIN,2026,4,NA,NA,15,20,4.6819236157483335,0.8337594086460411,-3.756880608819463,5.619023019506429,-5.2775949716859065,6.801772354010849,0.124,0.0325,0.10787100189753016,0.0332425068119891,strat_platt,iso,0.10787100189753016,0.0332425068119891,NA,NA,NA,2026-10-04 13:00:00,2026-10-03 15:08:53,2026-10-03 15:08:41,live
WR,00-0037524,Tay Martin,DET,CAR,2026_04_DET_CAR,2026,4,NA,NA,15,20,4.647056275454786,1.0551148187576067,-3.521432541135737,5.825688303360259,-5.037478512078742,7.004806753869975,0.1235,0.0375,0.10759752226657364,0.04385964912280701,strat_platt,iso,0.10759752226657364,0.04385964912280701,NA,NA,NA,2026-10-04 20:20:00,2026-10-03 15:08:53,2026-10-03 15:08:41,live
WR,00-0036849,Tutu Atwell,LA,PHI,2026_04_LA_PHI,2026,4,NA,NA,15,20,4.4766660138838965,1.2331355859775366,-3.273632011393378,5.930970943194324,-4.766562450144458,7.092111079706147,0.123,0.027,0.10732370289568062,0.0332425068119891,strat_platt,iso,0.10732370289568062,0.0332425068119891,NA,NA,NA,2026-10-04 13:00:00,2026-10-03 15:08:53,2026-10-03 15:08:41,live
WR,00-0039816,Anthony Gould,IND,WAS,2026_04_IND_WAS,2026,4,NA,NA,15,20,4.58692753452891,1.2172282570851047,-3.3348693279511963,5.962315400464747,-4.8428159655436245,7.135134521288203,0.123,0.031,0.10732370289568062,0.0332425068119891,strat_platt,iso,0.10732370289568062,0.0332425068119891,NA,NA,NA,2026-10-04 09:30:00,2026-10-03 15:08:53,2026-10-03 15:08:41,live
WR,00-0041267,Malik McClain,NYJ,CHI,2026_04_NYJ_CHI,2026,4,NA,NA,15,20,5.046945169575017,0.6888108833270101,-4.045793914012561,5.624142767838976,-5.614198644162971,6.843983716353709,0.113,0.0315,0.10697027845260464,0.0332425068119891,strat_platt,iso,0.10697027845260464,0.0332425068119891,NA,NA,NA,2026-10-04 13:00:00,2026-10-03 15:08:53,2026-10-03 15:08:41,live
WR,00-0040621,Montorie Foster Jr,SEA,LAC,2026_04_LAC_SEA,2026,4,NA,NA,15,20,4.6506048460267015,0.9489722096862084,-3.629012248048427,5.721043718960589,-5.145534277954842,6.900532428630015,0.1215,0.0325,0.10650018170324972,0.0332425068119891,strat_platt,iso,0.10650018170324972,0.0332425068119891,NA,NA,NA,2026-10-04 16:25:00,2026-10-03 15:08:53,2026-10-03 15:08:41,live
WR,00-0035500,Greg Dortch,BUF,NE,2026_04_NE_BUF,2026,4,NA,NA,15,20,4.594572065030916,1.2403043056151095,-3.314912154941219,5.988642551559103,-4.823891964113482,7.1622652309128885,0.121,0.0335,0.10622497861390544,0.0332425068119891,strat_platt,iso,0.10622497861390544,0.0332425068119891,NA,NA,NA,2026-10-04 13:00:00,2026-10-03 15:08:53,2026-10-03 15:08:41,live
WR,00-0039751,Jordan Whittington,LA,PHI,2026_04_LA_PHI,2026,4,NA,NA,15,20,4.879499253558069,1.125801615419752,-3.5435508306185017,5.993114726728571,-5.090339797507755,7.1961438200808745,0.1205,0.031,0.10594942328552658,0.0332425068119891,strat_platt,iso,0.10594942328552658,0.0332425068119891,NA,NA,NA,2026-10-04 13:00:00,2026-10-03 15:08:53,2026-10-03 15:08:41,live
WR,00-0041106,C.J. Williams,JAX,CIN,2026_04_JAX_CIN,2026,4,NA,NA,15,20,4.616330042732041,1.1434053887087512,-3.4206713765971832,5.9009795786035015,-4.9325862868971395,7.076885059376313,0.1195,0.03,0.10539724559508068,0.0332425068119891,strat_platt,iso,0.10539724559508068,0.0332425068119891,NA,NA,NA,2026-10-04 13:00:00,2026-10-03 15:08:53,2026-10-03 15:08:41,live
WR,00-0039365,Jacob Cowing,SF,DEN,2026_04_DEN_SF,2026,4,NA,NA,15,20,4.800055279534117,0.7906551581995008,-3.847277218162705,5.625216122640027,-5.383657843065471,6.820150033978921,0.1185,0.032,0.10484362774500794,0.0332425068119891,strat_platt,iso,0.10484362774500794,0.0332425068119891,NA,NA,NA,2026-10-04 16:25:00,2026-10-03 15:08:53,2026-10-03 15:08:41,live
WR,00-0036331,Devin Duvernay,ARI,NYG,2026_04_ARI_NYG,2026,4,NA,NA,15,20,4.664277744366853,1.095245950713216,-3.488269721491,5.873083174403113,-5.006624044336087,7.0539969664593105,0.1175,0.0225,0.1042885484342078,0.0332425068119891,strat_platt,iso,0.1042885484342078,0.0332425068119891,NA,NA,NA,2026-10-04 13:00:00,2026-10-03 15:08:53,2026-10-03 15:08:41,live
WR,00-0039868,Troy Franklin,DEN,SF,2026_04_DEN_SF,2026,4,NA,NA,15,20,4.660080487728121,0.8862482884484932,-3.695570448152616,5.662316633689933,-5.213362637104675,6.84279322103227,0.1165,0.0285,0.10373198593530922,0.0332425068119891,strat_platt,iso,0.10373198593530922,0.0332425068119891,NA,NA,NA,2026-10-04 16:25:00,2026-10-03 15:08:53,2026-10-03 15:08:41,live
WR,00-0036626,Dyami Brown,WAS,IND,2026_04_IND_WAS,2026,4,NA,NA,15,20,4.966518017605626,0.4061968938459814,-4.2972277736014295,5.309026743698904,-5.855303645208661,6.520834329166348,0.1135,0.024,0.10205317537577129,0.0332425068119891,strat_platt,iso,0.10205317537577129,0.0332425068119891,NA,NA,NA,2026-10-04 09:30:00,2026-10-03 15:08:53,2026-10-03 15:08:41,live
WR,00-0038976,Marvin Mims Jr.,DEN,SF,2026_04_DEN_SF,2026,4,NA,Full Participation in Practice,15,20,4.629938400297713,0.746856801804372,-3.822749081264783,5.5101945205168565,-5.336495589939808,6.687524543473321,0.113,0.026,0.1017720129452626,0.0332425068119891,strat_platt,iso,0.1017720129452626,0.0332425068119891,NA,NA,NA,2026-10-04 16:25:00,2026-10-03 15:08:53,2026-10-03 15:08:41,live
WR,00-0034854,KhaDarel Hodge,SF,DEN,2026_04_DEN_SF,2026,4,NA,Did Not Participate In Practice,15,20,4.573583618709343,0.7631932420038324,-3.7834528467676862,5.502597768885262,-5.28959359920305,6.67401234621267,0.1105,0.022,0.1003601902885606,0.01886792452830188,strat_platt,iso,0.1003601902885606,0.01886792452830188,NA,NA,NA,2026-10-04 16:25:00,2026-10-03 15:08:53,2026-10-03 15:08:41,live
WR,00-0035208,Olamide Zaccheaus,ATL,NO,2026_04_ATL_NO,2026,4,NA,NA,15,20,4.762736393816013,0.29247238268046216,-4.3305946788930445,5.111537806270104,-5.862050958253207,6.302641763374591,0.109,0.0255,0.09950817655862386,0.0332425068119891,strat_platt,iso,0.09950817655862386,0.0332425068119891,NA,NA,NA,2026-10-05 20:15:00,2026-10-03 15:08:53,2026-10-03 15:08:41,live
WR,00-0039355,Luke McCaffrey,WAS,IND,2026_04_IND_WAS,2026,4,NA,NA,15,20,4.601233723747398,0.7452215572180095,-3.8127102891074527,5.496390309727763,-5.322589608179019,6.670712591032291,0.1085,0.028,0.09922333283594233,0.0332425068119891,strat_platt,iso,0.09922333283594233,0.0332425068119891,NA,NA,NA,2026-10-04 09:30:00,2026-10-03 15:08:53,2026-10-03 15:08:41,live
WR,00-0040131,Kyle Williams,NE,BUF,2026_04_NE_BUF,2026,4,NA,NA,15,20,4.557914967497776,0.7378523714740762,-3.8023805125953056,5.470571801076396,-5.306396800366605,6.640334056818005,0.1075,0.024,0.09865236697589584,0.0332425068119891,strat_platt,iso,0.09865236697589584,0.0332425068119891,NA,NA,NA,2026-10-04 13:00:00,2026-10-03 15:08:53,2026-10-03 15:08:41,live
WR,00-0040948,J. Michael Sturdivant,GB,TB,2026_04_GB_TB,2026,4,NA,NA,15,20,4.482672554419917,0.701396758184101,-3.8078570267992937,5.4018237067839,-5.301611050322148,6.5636043937925885,0.1075,0.017,0.09865236697589584,0.01603206412825651,strat_platt,iso,0.09865236697589584,0.01603206412825651,NA,NA,NA,2026-10-04 13:00:00,2026-10-03 15:08:53,2026-10-03 15:08:41,live
WR,00-0038640,Jalen Brooks,ARI,NYG,2026_04_ARI_NYG,2026,4,NA,NA,15,20,4.4676804278029465,1.0068156668206754,-3.496229007090238,5.700770264472046,-4.98792617484731,6.8609512133263815,0.1065,0.026,0.09807967419737744,0.0332425068119891,strat_platt,iso,0.09807967419737744,0.0332425068119891,NA,NA,NA,2026-10-04 13:00:00,2026-10-03 15:08:53,2026-10-03 15:08:41,live
WR,00-0040170,Elic Ayomanor,TEN,BAL,2026_04_TEN_BAL,2026,4,NA,NA,15,20,5.492486205776786,-0.3456521657709943,-5.247902264776419,4.764432467495213,-6.871841869615411,6.027466166524842,0.104,0.026,0.098053744570382,0.0332425068119891,strat_platt,iso,0.098053744570382,0.0332425068119891,NA,NA,NA,2026-10-04 13:00:00,2026-10-03 15:08:53,2026-10-03 15:08:41,live
WR,00-0039062,Jonathan Mingo,DAL,HOU,2026_04_DAL_HOU,2026,4,NA,NA,15,20,4.453006180959447,0.8721329311222433,-3.624822394425464,5.559740017963479,-5.114502379506223,6.7183520847672185,0.1055,0.029,0.09750522713988084,0.0332425068119891,strat_platt,iso,0.09750522713988084,0.0332425068119891,NA,NA,NA,2026-10-04 13:00:00,2026-10-03 15:08:53,2026-10-03 15:08:41,live
WR,00-0031235,Odell Beckham Jr.,NYG,ARI,2026_04_ARI_NYG,2026,4,NA,NA,15,20,4.517922592205494,0.7595917669685369,-3.764213106522746,5.475186708281834,-5.2627873836932615,6.640716391113227,0.1045,0.0245,0.09692899782912962,0.0332425068119891,strat_platt,iso,0.09692899782912962,0.0332425068119891,NA,NA,NA,2026-10-04 13:00:00,2026-10-03 15:08:53,2026-10-03 15:08:41,live
WR,00-0037231,Kevin Austin Jr.,NO,ATL,2026_04_ATL_NO,2026,4,NA,NA,15,20,4.6174451398888925,0.8925047178832415,-3.6720254754589208,5.650551559232615,-5.1840905902019605,6.826573862868046,0.1045,0.025,0.09692899782912962,0.0332425068119891,strat_platt,iso,0.09692899782912962,0.0332425068119891,NA,NA,NA,2026-10-05 20:15:00,2026-10-03 15:08:53,2026-10-03 15:08:41,live
WR,00-0040729,Jack Bech,LV,KC,2026_04_KC_LV,2026,4,NA,NA,15,20,4.846396948050577,0.641319249692883,-4.014978115783244,5.495023800602038,-5.557442402792638,6.694689335106771,0.1045,0.022,0.09692899782912962,0.01886792452830188,strat_platt,iso,0.09692899782912962,0.01886792452830188,NA,NA,NA,2026-10-04 16:25:00,2026-10-03 15:08:53,2026-10-03 15:08:41,live
WR,00-0041467,Lewis Bond,HOU,DAL,2026_04_DAL_HOU,2026,4,NA,NA,15,20,4.458599111953687,1.1694392226687005,-3.3298383835361585,5.8594670449805,-4.82028765689404,7.018677432691852,0.103,0.0235,0.09606124937945892,0.0332425068119891,strat_platt,iso,0.09606124937945892,0.0332425068119891,NA,NA,NA,2026-10-04 13:00:00,2026-10-03 15:08:53,2026-10-03 15:08:41,live
WR,00-0040390,Jackson Meeks,DET,CAR,2026_04_DET_CAR,2026,4,NA,NA,15,20,4.481920219624071,0.7713411833186304,-3.7376013076904777,5.471443640404878,-5.231252210686353,6.633144124492074,0.1025,0.0255,0.09577107736065602,0.0332425068119891,strat_platt,iso,0.09577107736065602,0.0332425068119891,NA,NA,NA,2026-10-04 20:20:00,2026-10-03 15:08:53,2026-10-03 15:08:41,live
WR,00-0033589,David Moore,CAR,DET,2026_04_DET_CAR,2026,4,NA,NA,15,20,4.481530328361544,1.1555944905693063,-3.353186662820006,5.855528770007529,-4.846784120449928,7.017187686478506,0.102,0.027,0.0954804378368587,0.0332425068119891,strat_platt,iso,0.0954804378368587,0.0332425068119891,NA,NA,NA,2026-10-04 20:20:00,2026-10-03 15:08:53,2026-10-03 15:08:41,live
WR,00-0037132,Britain Covey,PHI,LA,2026_04_LA_PHI,2026,4,NA,NA,15,20,4.6506048460267015,0.4145614682773529,-4.163422989457283,5.186632977551733,-5.679945019363697,6.36612168722116,0.102,0.023,0.0954804378368587,0.0332425068119891,strat_platt,iso,0.0954804378368587,0.0332425068119891,NA,NA,NA,2026-10-04 13:00:00,2026-10-03 15:08:53,2026-10-03 15:08:41,live
WR,00-0036463,Chris Blair,ATL,NO,2026_04_ATL_NO,2026,4,NA,NA,15,20,4.5003313928952995,0.5996654753815762,-3.9168862014760575,5.30769971540238,-5.413057754787694,6.471360658045295,0.1015,0.0275,0.09518932700062278,0.0332425068119891,strat_platt,iso,0.09518932700062278,0.0332425068119891,NA,NA,NA,2026-10-05 20:15:00,2026-10-03 15:08:53,2026-10-03 15:08:41,live
WR,00-0037801,KaVontae Turpin,DAL,HOU,2026_04_DAL_HOU,2026,4,NA,NA,15,20,4.477617781310289,0.9138388185807688,-3.593322858956303,5.612084963285073,-5.086383842330032,6.773326632056558,0.1005,0.0265,0.0946056759381337,0.0332425068119891,strat_platt,iso,0.0946056759381337,0.0332425068119891,NA,NA,NA,2026-10-04 13:00:00,2026-10-03 15:08:53,2026-10-03 15:08:41,live
WR,00-0040218,Jimmy Horn Jr.,CAR,DET,2026_04_DET_CAR,2026,4,NA,NA,15,20,4.431735856340969,0.7075408657052703,-3.780566939602459,5.385925335114156,-5.267316058604958,6.54225789434683,0.1,0.021,0.09431312787179984,0.01886792452830188,strat_platt,iso,0.09431312787179984,0.01886792452830188,NA,NA,NA,2026-10-04 20:20:00,2026-10-03 15:08:53,2026-10-03 15:08:41,live
WR,00-0040277,Jahdae Walker,CHI,NYJ,2026_04_NYJ_CHI,2026,4,NA,NA,15,20,4.515499313914715,0.7595243052649545,-3.763282391597823,5.47407875151015,-5.261526008657793,6.639351260453242,0.0995,0.023,0.0940200928113162,0.0332425068119891,strat_platt,iso,0.0940200928113162,0.0332425068119891,NA,NA,NA,2026-10-04 13:00:00,2026-10-03 15:08:53,2026-10-03 15:08:41,live
WR,00-0040718,Travis Hunter,JAX,CIN,2026_04_JAX_CIN,2026,4,NA,NA,15,20,4.663709520561753,0.3519390397620305,-4.231346954249275,5.129536847881428,-5.7496251929480415,6.3103914648054475,0.0975,0.028,0.09284300115176952,0.0332425068119891,strat_platt,iso,0.09284300115176952,0.0332425068119891,NA,NA,NA,2026-10-04 13:00:00,2026-10-03 15:08:53,2026-10-03 15:08:41,live
WR,00-0037093,Dareke Young,LV,KC,2026_04_KC_LV,2026,4,NA,NA,15,20,4.484176065341968,0.7980102873853107,-3.7118655139862264,5.499085623220052,-5.2058255892255705,6.661026568812799,0.097,0.024,0.09254746958146216,0.0332425068119891,strat_platt,iso,0.09254746958146216,0.0332425068119891,NA,NA,NA,2026-10-04 16:25:00,2026-10-03 15:08:53,2026-10-03 15:08:41,live
WR,00-0040894,Malik Benson,LV,KC,2026_04_KC_LV,2026,4,NA,Full Participation in Practice,15,20,4.529966377175481,0.5606492199311286,-3.968111959352106,5.281410593301892,-5.468328082839452,6.448217236939344,0.0965,0.0255,0.09225142605093756,0.0332425068119891,strat_platt,iso,0.09225142605093756,0.0332425068119891,NA,NA,NA,2026-10-04 16:25:00,2026-10-03 15:08:53,2026-10-03 15:08:41,live
WR,00-0040024,Darius Cooper,PHI,LA,2026_04_LA_PHI,2026,4,NA,Full Participation in Practice,15,20,4.528953837841727,0.8385505454472746,-3.6897942485572335,5.558877880576135,-5.189872438538265,6.7255772451829,0.096,0.0295,0.09195486621984446,0.0332425068119891,strat_platt,iso,0.09195486621984446,0.0332425068119891,NA,NA,NA,2026-10-04 13:00:00,2026-10-03 15:08:53,2026-10-03 15:08:41,live
WR,00-0040506,Myles Price,MIN,MIA,2026_04_MIA_MIN,2026,4,NA,NA,15,20,4.509210430995369,0.568459445661966,-3.951755314842198,5.280312068481376,-5.449140316364208,6.444916781432718,0.0955,0.018,0.09165778569416408,0.01603206412825651,strat_platt,iso,0.09165778569416408,0.01603206412825651,NA,NA,NA,2026-10-04 16:05:00,2026-10-03 15:08:53,2026-10-03 15:08:41,live
WR,00-0040646,Jalen Royals,KC,LV,2026_04_KC_LV,2026,4,NA,NA,15,20,4.433680968356733,0.6644099060113755,-3.824508017479885,5.343638839165926,-5.31152549957612,6.500180120219261,0.0955,0.0265,0.09165778569416408,0.0332425068119891,strat_platt,iso,0.09165778569416408,0.0332425068119891,NA,NA,NA,2026-10-04 16:25:00,2026-10-03 15:08:53,2026-10-03 15:08:41,live
WR,00-0041044,Zachariah Branch,ATL,NO,2026_04_ATL_NO,2026,4,NA,NA,15,20,4.489415342126867,0.4744514843679368,-4.037590895478124,5.17778525238093,-5.53226868044682,6.340284403199778,0.0945,0.0235,0.09106204470886084,0.0332425068119891,strat_platt,iso,0.09106204470886084,0.0332425068119891,NA,NA,NA,2026-10-05 20:15:00,2026-10-03 15:08:53,2026-10-03 15:08:41,live
WR,00-0035406,Lil'Jordan Humphrey,DEN,SF,2026_04_DEN_SF,2026,4,NA,NA,15,20,4.516652375436176,0.600112237333859,-3.9231694583519174,5.315161820329976,-5.421570425482843,6.480556709712321,0.0935,0.0195,0.09046416683258046,0.01603206412825651,strat_platt,iso,0.09046416683258046,0.01603206412825651,NA,NA,NA,2026-10-04 16:25:00,2026-10-03 15:08:53,2026-10-03 15:08:41,live
WR,00-0040405,Jamaal Pritchett,NYJ,CHI,2026_04_NYJ_CHI,2026,4,NA,NA,15,20,4.623446640453436,0.44237009899268653,-4.124599357033699,5.202959617379627,-5.637472512003067,6.379610381601266,0.0905,0.0175,0.08865733519289361,0.01603206412825651,strat_platt,iso,0.08865733519289361,0.01603206412825651,NA,NA,NA,2026-10-04 13:00:00,2026-10-03 15:08:53,2026-10-03 15:08:41,live
WR,00-0039589,Kameron Johnson,TB,GB,2026_04_GB_TB,2026,4,NA,NA,15,20,4.671966446637017,0.4367689637928907,-4.149852892708703,5.217844060770676,-5.669236182986818,6.399558141544045,0.09,0.0185,0.08835422066779511,0.01603206412825651,strat_platt,iso,0.08835422066779511,0.01603206412825651,NA,NA,NA,2026-10-04 13:00:00,2026-10-03 15:08:53,2026-10-03 15:08:41,live
WR,00-0041051,Zavion Thomas,CHI,NYJ,2026_04_NYJ_CHI,2026,4,NA,NA,15,20,4.436281957435585,0.05787385748578404,-4.432127023038754,4.738231660441443,-5.919503249952402,5.895051958517574,0.0895,0.019,0.08805052816177648,0.01603206412825651,strat_platt,iso,0.08805052816177648,0.01603206412825651,NA,NA,NA,2026-10-04 13:00:00,2026-10-03 15:08:53,2026-10-03 15:08:41,live
WR,00-0041529,Kevin Coleman Jr.,MIA,MIN,2026_04_MIA_MIN,2026,4,NA,NA,15,20,5.033548431826585,-0.04233983572566377,-4.771771372940411,4.88759946445587,-6.338462387586068,6.106107555254344,0.0935,0.019,0.08770070246637364,0.01603206412825651,strat_platt,iso,0.08770070246637364,0.01603206412825651,NA,NA,NA,2026-10-04 16:05:00,2026-10-03 15:08:53,2026-10-03 15:08:41,live
WR,00-0040154,Tai Felton,MIN,MIA,2026_04_MIA_MIN,2026,4,NA,NA,15,20,4.479639885089475,0.7754294166956928,-3.7325693510989746,5.474548140720842,-5.225907632447037,6.636005480497094,0.088,0.017,0.0871359305344633,0.01603206412825651,strat_platt,iso,0.0871359305344633,0.01603206412825651,NA,NA,NA,2026-10-04 16:05:00,2026-10-03 15:08:53,2026-10-03 15:08:41,live
WR,00-0037091,Bo Melton,GB,TB,2026_04_GB_TB,2026,4,NA,NA,15,20,4.427478135183487,0.7122832339771082,-3.774050545521055,5.388818466434514,-5.260211993410498,6.544693959149735,0.087,0.0185,0.0865232118977595,0.01603206412825651,strat_platt,iso,0.0865232118977595,0.01603206412825651,NA,NA,NA,2026-10-04 13:00:00,2026-10-03 15:08:53,2026-10-03 15:08:41,live
WR,00-0034837,Calvin Ridley,TEN,BAL,2026_04_TEN_BAL,2026,4,NA,NA,15,20,4.89092791525206,0.0945507221843299,-4.579296914203089,4.966549600776123,-6.12757497640406,6.170736851460241,0.0865,0.023,0.08621594009292949,0.0332425068119891,strat_platt,iso,0.08621594009292949,0.0332425068119891,NA,NA,NA,2026-10-04 13:00:00,2026-10-03 15:08:53,2026-10-03 15:08:41,live
WR,00-0038573,Derius Davis,LAC,SEA,2026_04_LAC_SEA,2026,4,NA,NA,15,20,4.511356670991277,0.7665711346399088,-3.754528428615796,5.479346072080728,-5.252206533549846,6.644178748858807,0.086,0.022,0.08590805249015962,0.01886792452830188,strat_platt,iso,0.08590805249015962,0.01886792452830188,NA,NA,NA,2026-10-04 16:25:00,2026-10-03 15:08:53,2026-10-03 15:08:41,live
WR,00-0041550,Brenen Thompson,LAC,SEA,2026_04_LAC_SEA,2026,4,Out,Did Not Participate In Practice,15,20,4.76757927700279,0.16114379459002412,-4.463856206019111,4.982224105601466,-5.995952798743607,6.173826072209928,0.0855,0.024,0.0855995433872816,0.0332425068119891,strat_platt,iso,0.0855995433872816,0.0332425068119891,NA,NA,NA,2026-10-04 16:25:00,2026-10-03 15:08:53,2026-10-03 15:08:41,live
WR,00-0036980,Elijah Moore,PHI,LA,2026_04_LA_PHI,2026,4,NA,NA,15,20,4.599532389751084,0.5209725070107895,-4.0362660718262875,5.27141860044204,-5.545915736247764,6.445562265767662,0.0845,0.021,0.08498063747386896,0.01886792452830188,strat_platt,iso,0.08498063747386896,0.01886792452830188,NA,NA,NA,2026-10-04 13:00:00,2026-10-03 15:08:53,2026-10-03 15:08:41,live
WR,00-0040890,Cyrus Allen,KC,LV,2026_04_KC_LV,2026,4,NA,NA,15,20,4.43725309260449,0.4475765023629543,-4.042828627607916,5.128355693220493,-5.5303387678619425,6.285280143606934,0.0825,0.021,0.08373510773634829,0.01886792452830188,strat_platt,iso,0.08373510773634829,0.01886792452830188,NA,NA,NA,2026-10-04 16:25:00,2026-10-03 15:08:53,2026-10-03 15:08:41,live
WR,00-0037742,Treylon Burks,WAS,IND,2026_04_IND_WAS,2026,4,NA,NA,15,20,4.578082317379111,0.27071034392432675,-4.2777746790326665,5.012031767971955,-5.784524604397638,6.183920135048894,0.081,0.024,0.08279401249056467,0.0332425068119891,strat_platt,iso,0.08279401249056467,0.0332425068119891,NA,NA,NA,2026-10-04 09:30:00,2026-10-03 15:08:53,2026-10-03 15:08:41,live
WR,00-0040237,Tez Johnson,TB,GB,2026_04_GB_TB,2026,4,NA,NA,15,20,4.491846279384109,0.595163483913296,-3.917883646769587,5.29954459992115,-5.4128942696482145,6.462302618431448,0.081,0.024,0.08279401249056467,0.0332425068119891,strat_platt,iso,0.08279401249056467,0.0332425068119891,NA,NA,NA,2026-10-04 13:00:00,2026-10-03 15:08:53,2026-10-03 15:08:41,live
WR,00-0040164,Jaylin Lane,WAS,IND,2026_04_IND_WAS,2026,4,NA,NA,15,20,4.427774030798505,0.3808436379898328,-4.10561346209729,5.0575074193041685,-5.5918157616741135,6.213414684788321,0.0725,0.0155,0.07733938298039278,0.01603206412825651,strat_platt,iso,0.07733938298039278,0.01603206412825651,NA,NA,NA,2026-10-04 09:30:00,2026-10-03 15:08:53,2026-10-03 15:08:41,live
WR,00-0040563,Efton Chism III,NE,BUF,2026_04_NE_BUF,2026,4,NA,NA,15,20,4.4678692332351995,-0.1749798593286741,-4.678102804744835,4.519056328206547,-6.169825901043848,5.679257443218627,0.068,0.0185,0.07435908024301761,0.01603206412825651,strat_platt,iso,0.07435908024301761,0.01603206412825651,NA,NA,NA,2026-10-04 13:00:00,2026-10-03 15:08:53,2026-10-03 15:08:41,live
WR,00-0037666,Jalen Tolbert,MIA,MIN,2026_04_MIA_MIN,2026,4,NA,NA,15,20,4.68944310120287,-0.15648832764113824,-4.7501594593415435,4.631934903793602,-6.271877921622223,5.815465185688908,0.068,0.015,0.07435908024301761,0.01603206412825651,strat_platt,iso,0.07435908024301761,0.01603206412825651,NA,NA,NA,2026-10-04 16:05:00,2026-10-03 15:08:53,2026-10-03 15:08:41,live
WR,00-0040705,Chimere Dike,TEN,BAL,2026_04_TEN_BAL,2026,4,NA,NA,15,20,4.47769235173974,-0.7255307893647382,-5.232723340772528,3.972747538130968,-6.725794551552123,5.133997161359763,0.0605,0.011,0.06922663021199627,0.01603206412825651,strat_platt,iso,0.06922663021199627,0.01603206412825651,NA,NA,NA,2026-10-04 13:00:00,2026-10-03 15:08:53,2026-10-03 15:08:41,live
WR,00-0038824,Ryan Miller,MIA,MIN,2026_04_MIA_MIN,2026,4,NA,NA,15,20,4.562586634403586,-0.13721595808935236,-4.679362319206021,4.597498071840974,-6.1840124732830555,5.767753322828487,0.052,0.011,0.06311514108740904,0.01603206412825651,strat_platt,iso,0.06311514108740904,0.01603206412825651,NA,NA,NA,2026-10-04 16:05:00,2026-10-03 15:08:53,2026-10-03 15:08:41,live
WR,00-0034272,Marquez Valdes-Scantling,LAC,SEA,2026_04_LAC_SEA,2026,4,NA,NA,15,20,4.42871908813147,-0.8557020219918389,-5.342552961688553,3.8213722960548737,-6.828885726200264,4.977381031820813,0.045,0.01,0.05779370771776676,0.01603206412825651,strat_platt,iso,0.05779370771776676,0.01603206412825651,NA,NA,NA,2026-10-04 16:25:00,2026-10-03 15:08:53,2026-10-03 15:08:41,live
WR,00-0040870,Ja'Kobi Lane,BAL,TEN,2026_04_TEN_BAL,2026,4,NA,NA,15,20,4.923117289303797,1.4194380669929465,-3.2670373508400994,6.3046000912044695,-4.819498544051658,7.51204080982427,0.165,0.048,0.03433548585164825,0,strat_platt,iso,0.12933548585164825,0.05199698568198945,role_change_down,0.95,Expected one-month absence due to wrist surgery materially reduces Lane's target opportunities and snap count for the upcoming month.,2026-10-04 13:00:00,2026-10-03 15:08:53,2026-10-03 15:08:41,live
WR,00-0037614,John Metchie III,CAR,DET,2026_04_DET_CAR,2026,4,NA,NA,15,20,4.941050549908578,1.015287568656283,-3.678201931609041,5.907761042534749,-5.232986638722041,7.117008895083015,0.129,0.0345,0.02558763587070665,0,strat_platt,iso,0.11058763587070666,0.0332425068119891,role_change_down,0.85,"Impact note explicitly warns that Metchie's opportunity is expected to decrease if Jalen Coker returns from quad injury, implying a role reduction.",2026-10-04 20:20:00,2026-10-03 15:08:53,2026-10-03 15:08:41,live
WR,00-0041511,Omar Cooper Jr.,NYJ,CHI,2026_04_NYJ_CHI,2026,4,NA,NA,15,20,4.406533903479547,0.18829280300062703,-4.289299680109779,4.855716145317021,-5.7725654500727535,6.009339498364137,0.068,0.02,0.00435908024301762,0,strat_platt,iso,0.07435908024301761,0.01603206412825651,role_change_down,0.7,Cooper's week-to-week status combined with Johnson's depth signing suggests reduced opportunity for Cooper if he remains unavailable.,2026-10-04 13:00:00,2026-10-03 15:08:53,2026-10-03 15:08:41,live
WR,00-0038359,Xavier Smith,LA,PHI,2026_04_LA_PHI,2026,4,NA,NA,15,20,4.537842544253676,0.7025570117926784,-3.829441204737199,5.426692659008576,-5.330729642545724,6.594333304797071,0.107,0.0235,0.00336623814732157,0,strat_platt,iso,0.09836623814732158,0.0332425068119891,role_change_down,0.95,"Xavier Smith was released, eliminating his punt return opportunity; Alex Bachman assumes the role.",2026-10-04 13:00:00,2026-10-03 15:08:53,2026-10-03 15:08:41,live
QB,00-0034857,Josh Allen,BUF,NE,2026_04_NE_BUF,2026,4,NA,NA,20,25,6.032480281900971,8.743759045802307,-4.668014138588141,22.155532230192755,-7.937018542442097,25.42453663404671,0.6095,0.3835,0.6399082190017598,0.37263355788058816,platt_vol_vegas,platt,0.6399082190017598,0.37263355788058816,NA,NA,NA,2026-10-04 13:00:00,2026-10-04 08:08:41,2026-10-04 08:08:28,live
QB,00-0033873,Patrick Mahomes,KC,LV,2026_04_KC_LV,2026,4,NA,Full Participation in Practice,20,25,2.8892618933490013,4.351484956072669,-9.060288228317779,17.763258140463115,-12.329292632171734,21.03226254431707,0.409,0.219,0.4927246986939566,0.29378133886395885,platt_vol_vegas,platt,0.40772469869395656,0.20878133886395883,role_change_up,0.85,Waiving a backup QB who had started games suggests the starter (Mahomes) is healthy and solidifying the primary role.,2026-10-04 16:25:00,2026-10-04 08:08:41,2026-10-04 08:08:28,live
QB,00-0039918,Caleb Williams,CHI,NYJ,2026_04_NYJ_CHI,2026,4,Out,Did Not Participate In Practice,20,25,4.9316035987203835,4.136121810357043,-9.275651374033405,17.54789499474749,-12.54465577788736,20.816899398601446,0.423,0.216,0.48100664868515464,0.30083173554680476,platt_vol_vegas,platt,0.38600664868515466,0.20583173554680478,role_change_up,0.95,"Bagent expected to return in Week 4, pushing Keenum to backup and implying Williams' hamstring recovery is progressing toward his reclamation of the starting role.",2026-10-04 13:00:00,2026-10-04 08:08:41,2026-10-04 08:08:28,live
QB,00-0033106,Jared Goff,DET,CAR,2026_04_DET_CAR,2026,4,NA,NA,20,25,1.3877486651044755,6.169375507425337,-7.242397676965111,19.581148691815784,-10.511402080819067,22.85015309566974,0.4395,0.2585,0.4422651111040423,0.24776231063611753,platt_vol_vegas,platt,0.4422651111040423,0.24776231063611753,NA,NA,NA,2026-10-04 20:20:00,2026-10-04 08:08:41,2026-10-04 08:08:28,live
QB,00-0039163,C.J. Stroud,HOU,DAL,2026_04_DAL_HOU,2026,4,NA,NA,20,25,2.76932617486616,5.515904688322726,-7.895868496067722,18.927677872713176,-11.164872899921678,22.19668227656713,0.462,0.2625,0.430276461121256,0.25172404427353606,platt_vol_vegas,platt,0.430276461121256,0.25172404427353606,NA,NA,NA,2026-10-04 13:00:00,2026-10-04 08:08:41,2026-10-04 08:08:28,live
QB,00-0034796,Lamar Jackson,BAL,TEN,2026_04_TEN_BAL,2026,4,NA,Full Participation in Practice,20,25,3.7116537538594083,6.5880692601306405,-6.823703924259807,19.99984244452109,-10.092708328113762,23.268846848375045,0.419,0.214,0.4254050471593448,0.20386623473477516,platt_vol_vegas,platt,0.4254050471593448,0.20386623473477516,NA,NA,NA,2026-10-04 13:00:00,2026-10-04 08:08:41,2026-10-04 08:08:28,live
QB,00-0037834,Brock Purdy,SF,DEN,2026_04_DEN_SF,2026,4,NA,NA,20,25,3.2043844620412765,5.140461355642179,-8.271311828748269,18.55223454003263,-11.540316232602224,21.821238943886584,0.3895,0.1925,0.40606435064036017,0.1827839954242001,platt_vol_vegas,platt,0.40606435064036017,0.1827839954242001,NA,NA,NA,2026-10-04 16:25:00,2026-10-04 08:08:41,2026-10-04 08:08:28,live
QB,00-0036442,Joe Burrow,CIN,JAX,2026_04_JAX_CIN,2026,4,NA,NA,20,25,1.9144853704627232,4.496621635533374,-8.915151548857075,17.90839481992382,-12.18415595271103,21.177399223777776,0.3615,0.183,0.4058477353686859,0.17349696698062964,platt_vol_vegas,platt,0.4058477353686859,0.17349696698062964,NA,NA,NA,2026-10-04 13:00:00,2026-10-04 08:08:41,2026-10-04 08:08:28,live
QB,00-0040743,Tyler Shough,NO,ATL,2026_04_ATL_NO,2026,4,NA,NA,20,25,3.1204404646472335,4.764818369868195,-8.646954814522253,18.176591554258643,-11.915959218376209,21.445595958112598,0.4295,0.242,0.3904853499089193,0.2314473086790528,platt_vol_vegas,platt,0.3904853499089193,0.2314473086790528,NA,NA,NA,2026-10-05 20:15:00,2026-10-04 08:08:41,2026-10-04 08:08:28,live
QB,00-0039851,Drake Maye,NE,BUF,2026_04_NE_BUF,2026,4,NA,Full Participation in Practice,20,25,4.463870358139775,3.184611579771887,-10.227161604618562,16.596384764162334,-13.496166008472517,19.86538916801629,0.3995,0.1985,0.38388086408279715,0.18865860915357271,platt_vol_vegas,platt,0.38388086408279715,0.18865860915357271,NA,NA,NA,2026-10-04 13:00:00,2026-10-04 08:08:41,2026-10-04 08:08:28,live
QB,00-0036971,Trevor Lawrence,JAX,CIN,2026_04_JAX_CIN,2026,4,NA,NA,20,25,2.9198986433058276,5.130291491113119,-8.281481693277328,18.542064675503568,-11.550486097131284,21.811069079357523,0.3515,0.1785,0.3830854515727397,0.1691041775229171,platt_vol_vegas,platt,0.3830854515727397,0.1691041775229171,NA,NA,NA,2026-10-04 13:00:00,2026-10-04 08:08:41,2026-10-04 08:08:28,live
QB,00-0039917,Michael Penix Jr.,ATL,NO,2026_04_ATL_NO,2026,4,NA,NA,20,25,1.549203847245304,4.19115291187478,-9.220620272515667,17.60292609626523,-12.489624676369623,20.871930500119184,0.3265,0.165,0.3810480617181701,0.25095107412343176,platt_vol_vegas,platt,0.2860480617181701,0.1559510741234318,role_change_up,0.95,"Penix returns as starting QB, reclaiming primary opportunity after Tagovailoa's injury forced a backup role.",2026-10-05 20:15:00,2026-10-04 08:08:41,2026-10-04 08:08:28,live
QB,00-0039150,Bryce Young,CAR,DET,2026_04_DET_CAR,2026,4,NA,Full Participation in Practice,20,25,1.9020558212211394,3.877847396904188,-9.533925787486261,17.289620581294635,-12.802930191340216,20.55862498514859,0.362,0.188,0.3591618278169426,0.1783826421794661,platt_vol_vegas,platt,0.3591618278169426,0.1783826421794661,NA,NA,NA,2026-10-04 20:20:00,2026-10-04 08:08:41,2026-10-04 08:08:28,live
QB,00-0035710,Daniel Jones,IND,WAS,2026_04_IND_WAS,2026,4,NA,NA,20,25,2.49345544391537,4.643098444700495,-8.768674739689953,18.054871629090943,-12.037679143543908,21.3238760329449,0.358,0.172,0.3579398251139769,0.162766404441821,platt_vol_vegas,platt,0.3579398251139769,0.162766404441821,NA,NA,NA,2026-10-04 09:30:00,2026-10-04 08:08:41,2026-10-04 08:08:28,live
QB,00-0039732,Bo Nix,DEN,SF,2026_04_DEN_SF,2026,4,NA,NA,20,25,3.0487007703360613,3.8021002013975584,-9.60967298299289,17.213873385788006,-12.878677386846846,20.48287778964196,0.3655,0.179,0.34242788720504613,0.16959206097168786,platt_vol_vegas,platt,0.34242788720504613,0.16959206097168786,NA,NA,NA,2026-10-04 16:25:00,2026-10-04 08:08:41,2026-10-04 08:08:28,live
QB,00-0033077,Dak Prescott,DAL,HOU,2026_04_DAL_HOU,2026,4,NA,NA,20,25,2.9098732554218305,3.742510682496863,-9.669262501893584,17.15428386688731,-12.93826690574754,20.423288270741267,0.3675,0.172,0.34028563226812475,0.162766404441821,platt_vol_vegas,platt,0.34028563226812475,0.162766404441821,NA,NA,NA,2026-10-04 13:00:00,2026-10-04 08:08:41,2026-10-04 08:08:28,live
QB,00-0033119,Jacoby Brissett,ARI,NYG,2026_04_ARI_NYG,2026,4,NA,NA,20,25,2.7217397294522576,4.5090749230371525,-8.902698261353295,17.920848107427602,-12.17170266520725,21.189852511281558,0.414,0.2255,0.33723766188117327,0.21517764438032566,platt_vol_vegas,platt,0.33723766188117327,0.21517764438032566,NA,NA,NA,2026-10-04 13:00:00,2026-10-04 08:08:41,2026-10-04 08:08:28,live
QB,00-0039910,Jayden Daniels,WAS,IND,2026_04_IND_WAS,2026,4,Out,Limited Participation in Practice,20,25,5.522213006686118,3.515251735005517,-9.896521449384931,16.927024919395965,-13.165525853238886,20.19602932324992,0.3865,0.179,0.2931980419993752,0.09459206097168785,platt_vol_vegas,platt,0.3681980419993752,0.16959206097168786,role_change_down,0.75,"Daniels' return to starting role is delayed at least another week, reducing his near-term snap and target opportunity.",2026-10-04 09:30:00,2026-10-04 08:08:41,2026-10-04 08:08:28,live
QB,00-0026498,Matthew Stafford,LA,PHI,2026_04_LA_PHI,2026,4,NA,NA,20,25,1.2565429075382606,4.0724106511996645,-9.339362533190783,17.484183835590112,-12.608366937044739,20.753188239444068,0.3235,0.161,0.24996022624912498,0.15206134672759244,platt_vol_vegas,platt,0.24996022624912498,0.15206134672759244,NA,NA,NA,2026-10-04 13:00:00,2026-10-04 08:08:41,2026-10-04 08:08:28,live
QB,00-0034869,Sam Darnold,SEA,LAC,2026_04_LAC_SEA,2026,4,NA,NA,20,25,1.5377667779614008,1.9099415733849183,-11.50183161100553,15.321714757775366,-14.770836014859485,18.590719161629323,0.234,0.099,0.2444634167351826,0.09226421195549721,platt_vol_vegas,platt,0.2444634167351826,0.09226421195549721,NA,NA,NA,2026-10-04 16:25:00,2026-10-04 08:08:41,2026-10-04 08:08:28,live
QB,00-0036389,Jalen Hurts,PHI,LA,2026_04_LA_PHI,2026,4,NA,NA,20,25,4.727578004063811,-0.32314185228119574,-13.734915036671644,13.088631332109252,-17.0039194405256,16.357635735963207,0.249,0.0955,0.23586174467581475,0.08891975922677113,platt_vol_vegas,platt,0.23586174467581475,0.08891975922677113,NA,NA,NA,2026-10-04 13:00:00,2026-10-04 08:08:41,2026-10-04 08:08:28,live
QB,00-0029604,Kirk Cousins,LV,KC,2026_04_KC_LV,2026,4,NA,NA,20,25,1.2773816962675746,1.0122391135497906,-12.399534070840657,14.424012297940239,-15.668538474694612,17.693016701794193,0.2555,0.11,0.23507418122544546,0.10279921776677031,platt_vol_vegas,platt,0.23507418122544546,0.10279921776677031,NA,NA,NA,2026-10-04 16:25:00,2026-10-04 08:08:41,2026-10-04 08:08:28,live
QB,00-0035228,Kyler Murray,MIN,MIA,2026_04_MIA_MIN,2026,4,NA,NA,20,25,2.377890124187959,0.468356868482468,-12.94341631590798,13.880130052872916,-16.212420719761937,17.14913445672687,0.2195,0.096,0.22712243513093439,0.08939730659813201,platt_vol_vegas,platt,0.22712243513093439,0.08939730659813201,NA,NA,NA,2026-10-04 16:05:00,2026-10-04 08:08:41,2026-10-04 08:08:28,live
QB,00-0036825,Feleipe Franks,CAR,DET,2026_04_DET_CAR,2026,4,NA,NA,20,25,2.1405332897664775,-2.3922052708651025,-15.80397845525555,11.019567913525346,-19.072982859109505,14.288572317379302,0.12,0.038,0.2246964022359513,0.03462157084051211,platt_vol_vegas,platt,0.2246964022359513,0.03462157084051211,NA,NA,NA,2026-10-04 20:20:00,2026-10-04 08:08:41,2026-10-04 08:08:28,live
QB,00-0030565,Geno Smith,NYJ,CHI,2026_04_NYJ_CHI,2026,4,NA,NA,20,25,2.8690341301481403,-0.7565160106658828,-14.168289195056332,12.655257173724564,-17.437293598910287,15.92426157757852,0.2695,0.123,0.2246821685728168,0.11529376742724379,platt_vol_vegas,platt,0.2246821685728168,0.11529376742724379,NA,NA,NA,2026-10-04 13:00:00,2026-10-04 08:08:41,2026-10-04 08:08:28,live
QB,00-0036264,Jordan Love,GB,TB,2026_04_GB_TB,2026,4,NA,NA,20,25,2.0456106490573807,3.064063723077298,-10.34770946131315,16.475836907467745,-13.616713865167105,19.7448413113217,0.3425,0.173,0.21806668099460674,0.16374087254603617,platt_vol_vegas,platt,0.21806668099460674,0.16374087254603617,NA,NA,NA,2026-10-04 13:00:00,2026-10-04 08:08:41,2026-10-04 08:08:28,live
QB,00-0036355,Justin Herbert,LAC,SEA,2026_04_LAC_SEA,2026,4,NA,NA,20,25,3.8635923177191533,-3.2543762008671955,-16.666149385257643,10.157396983523252,-19.9351537891116,13.426401387377208,0.187,0.075,0.1793390880952824,0.06941092438814922,platt_vol_vegas,platt,0.1793390880952824,0.06941092438814922,NA,NA,NA,2026-10-04 16:25:00,2026-10-04 08:08:41,2026-10-04 08:08:28,live
QB,00-0038128,Malik Willis,MIA,MIN,2026_04_MIA_MIN,2026,4,NA,NA,20,25,4.657537539725477,-7.516347618788311,-20.928120803178757,5.895425565602137,-24.197125207032713,9.164429969456092,0.128,0.0445,0.11866334928809527,0.04068539873148206,platt_vol_vegas,platt,0.11866334928809527,0.04068539873148206,NA,NA,NA,2026-10-04 16:05:00,2026-10-04 08:08:41,2026-10-04 08:08:28,live
QB,00-0040676,Cam Ward,TEN,BAL,2026_04_TEN_BAL,2026,4,NA,NA,20,25,2.5807066264630594,-6.307204358863104,-19.71897754325355,7.104568825527344,-22.987981947107507,10.3735732293813,0.117,0.029,0.11704339897473742,0.02626869899816484,platt_vol_vegas,platt,0.11704339897473742,0.02626869899816484,NA,NA,NA,2026-10-04 13:00:00,2026-10-04 08:08:41,2026-10-04 08:08:28,live
QB,00-0031503,Jameis Winston,NYG,ARI,2026_04_ARI_NYG,2026,4,NA,NA,20,25,2.0158032707699536,-2.3534105589882417,-15.765183743378689,11.058362625402207,-19.034188147232644,14.327367029256163,0.1605,0.057,0.10088327760833166,0,platt_vol_vegas,platt,0.17588327760833167,0.05240860768770103,role_change_down,0.75,McCarthy's arrival creates competition for the starting QB job and could reduce Winston's snaps/opportunity if McCarthy wins the role.,2026-10-04 13:00:00,2026-10-04 08:08:41,2026-10-04 08:08:28,live
QB,00-0034855,Baker Mayfield,TB,GB,2026_04_GB_TB,2026,4,Out,Did Not Participate In Practice,20,25,3.4533284219586844,-1.0972836872222471,-14.509056871612696,12.3144894971682,-17.77806127546665,15.583493901022155,0.2325,0.0985,0.082122180832278,0.0067862027410902775,platt_vol_vegas,platt,0.167122180832278,0.09178620274109028,role_change_down,0.85,"QB dislocated thumb late in game; if he misses time or is limited, it directly impacts Egbuka's target volume and efficiency.",2026-10-04 13:00:00,2026-10-04 08:08:41,2026-10-04 08:08:28,live
QB,00-0033869,Mitchell Trubisky,TEN,BAL,2026_04_TEN_BAL,2026,4,NA,NA,20,25,2.633750281820879,-8.410538495124241,-21.82231167951469,5.001234689266207,-25.091316083368646,8.270239093120162,0.0505,0.012,0.07923629583585555,0.010676757422601865,platt_vol_vegas,platt,0.07923629583585555,0.010676757422601865,NA,NA,NA,2026-10-04 13:00:00,2026-10-04 08:08:41,2026-10-04 08:08:28,live
QB,00-0027973,Andy Dalton,PHI,LA,2026_04_LA_PHI,2026,4,NA,NA,20,25,1.9421989034747233,-6.628159494940519,-20.039932679330967,6.783613689449929,-23.308937083184922,10.052618093303884,0.0635,0.0145,0.077122180832278,0,platt_vol_vegas,platt,0.09887894245609846,0.012949419626446454,NA,NA,NA,2026-10-04 13:00:00,2026-10-04 08:08:41,2026-10-04 08:08:28,live
QB,00-0028986,Case Keenum,CHI,NYJ,2026_04_NYJ_CHI,2026,4,NA,NA,20,25,2.447057899489232,2.4647076221144513,-10.947065562275997,15.8764808065049,-14.216069966129952,19.145485210358856,0.2875,0.1345,0.077122180832278,0,platt_vol_vegas,platt,0.2700207193509685,0.12638384285731694,role_change_down,0.95,"Starting QB role is being taken over by Tyson Bagent, removing Keenum from the primary opportunity despite a strong previous performance.",2026-10-04 13:00:00,2026-10-04 08:08:41,2026-10-04 08:08:28,live
QB,00-0032268,Marcus Mariota,WAS,IND,2026_04_IND_WAS,2026,4,NA,NA,20,25,2.7465260159214373,2.134525008859664,-11.277248175530783,15.546298193250113,-14.546252579384738,18.81530259710407,0.2665,0.1065,0.077122180832278,0,platt_vol_vegas,platt,0.2541467516943206,0.09944333574197925,role_change_up,0.85,"Mariota confirmed for a second straight start at QB, indicating continued opportunity while Daniels remains out.",2026-10-04 09:30:00,2026-10-04 08:08:41,2026-10-04 08:08:28,live
QB,00-0032950,Carson Wentz,MIN,MIA,2026_04_MIA_MIN,2026,4,NA,NA,20,25,2.0844240831211116,3.3755167499340386,-10.036256434456408,16.787289934324487,-13.305260838310364,20.056294338178443,0.294,0.14,0.077122180832278,0,platt_vol_vegas,platt,0.2562678570219151,0.13169950675868133,NA,NA,NA,2026-10-04 16:05:00,2026-10-04 08:08:41,2026-10-04 08:08:28,live
QB,00-0033662,Cooper Rush,ATL,NO,2026_04_ATL_NO,2026,4,NA,NA,20,25,1.6810773233908696,-1.0766462918847322,-14.48841947627518,12.335126892505716,-17.757423880129135,15.604131296359672,0.172,0.0685,0.077122180832278,0,platt_vol_vegas,platt,0.21288270007209392,0.06325625622890434,NA,NA,NA,2026-10-05 20:15:00,2026-10-04 08:08:41,2026-10-04 08:08:28,live
QB,00-0035704,Drew Lock,SEA,LAC,2026_04_LAC_SEA,2026,4,NA,NA,20,25,1.7751018767255307,3.165635658517443,-10.246137525873005,16.577408842907893,-13.51514192972696,19.84641324676185,0.2635,0.1125,0.077122180832278,0,platt_vol_vegas,platt,0.26321374671611314,0.10519840659003928,NA,NA,NA,2026-10-04 16:25:00,2026-10-04 08:08:41,2026-10-04 08:08:28,live
QB,00-0038102,Kenny Pickett,CAR,DET,2026_04_DET_CAR,2026,4,NA,NA,20,25,1.3044616052777547,-2.3999930897184822,-15.81176627410893,11.011780094671966,-19.080770677962885,14.280784498525922,0.11,0.034,0.077122180832278,0,platt_vol_vegas,platt,0.202970582593355,0.03090251704072326,NA,NA,NA,2026-10-04 20:20:00,2026-10-04 08:08:41,2026-10-04 08:08:28,live
QB,00-0038416,Tyson Bagent,CHI,NYJ,2026_04_NYJ_CHI,2026,4,NA,NA,20,25,1.8300804842998573,-4.529540150912491,-17.94131333530294,8.882233033477956,-21.210317739156896,12.151237437331911,0.098,0.026,0.077122180832278,0,platt_vol_vegas,platt,0.1566036605459556,0.023497248699825436,NA,NA,NA,2026-10-04 13:00:00,2026-10-04 08:08:41,2026-10-04 08:08:28,live
QB,00-0038476,Tommy DeVito,NE,BUF,2026_04_NE_BUF,2026,4,NA,NA,20,25,1.6863551846275568,-3.055354263717763,-16.46712744810821,10.356418920672684,-19.736131851962167,13.62542332452664,0.1365,0.0435,0.077122180832278,0,platt_vol_vegas,platt,0.19236672565725324,0.039750958411609756,NA,NA,NA,2026-10-04 13:00:00,2026-10-04 08:08:41,2026-10-04 08:08:28,live
QB,00-0039107,Stetson Bennett,LA,PHI,2026_04_LA_PHI,2026,4,NA,NA,20,25,1.7060250414778486,-0.6567469107067608,-14.06852009509721,12.755026273683686,-17.337524498951165,16.02403067753764,0.161,0.063,0.077122180832278,0,platt_vol_vegas,platt,0.18362242081690583,0.0580613653164053,role_change_up,0.85,"Bennett elevated to backup QB role ahead of rookie Simpson, improving his opportunity for meaningful snaps if starter is injured.",2026-10-04 13:00:00,2026-10-04 08:08:41,2026-10-04 08:08:28,live
QB,00-0040691,Jaxson Dart,NYG,ARI,2026_04_ARI_NYG,2026,4,NA,NA,20,25,4.57996774344194,1.8039014986250215,-11.607871685765426,15.21567468301547,-14.876876089619381,18.484679086869424,0.3135,0.1365,0.077122180832278,0,platt_vol_vegas,platt,0.2941726700503319,0.12831595397538323,NA,NA,NA,2026-10-04 13:00:00,2026-10-04 08:08:41,2026-10-04 08:08:28,live
QB,00-0041194,Jack Strand,ATL,NO,2026_04_ATL_NO,2026,4,NA,NA,20,25,2.4206799239080596,-1.673820567395056,-15.085593751785504,11.737952616995392,-18.354598155639458,15.006957020849347,0.18,0.068,0.077122180832278,0,platt_vol_vegas,platt,0.22997309419801298,0.06278349281304554,NA,NA,NA,2026-10-05 20:15:00,2026-10-04 08:08:41,2026-10-04 08:08:28,live
QB,00-0041251,Jalon Daniels,TB,GB,2026_04_GB_TB,2026,4,NA,NA,20,25,1.7364189450473482,-3.0185463934034096,-16.430319577793856,10.393226790987038,-19.69932398164781,13.662231194840993,0.093,0.03,0.077122180832278,0,platt_vol_vegas,platt,0.09162517127285073,0.02719404178728632,role_change_up,0.95,"Rookie QB Jalon Daniels gets starting role due to Mayfield's multi-week absence, creating significant opportunity change.",2026-10-04 13:00:00,2026-10-04 08:08:41,2026-10-04 08:08:28,live
QB,00-0026158,Joe Flacco,CIN,JAX,2026_04_JAX_CIN,2026,4,NA,NA,20,25,1.610729645706994,-1.5420400163672778,-14.953813200757725,11.86973316802317,-18.22281760461168,15.138737571877126,0.1645,0.06,0.077122180832278,0,platt_vol_vegas,platt,0.2855687640686448,0.055233046833983585,NA,NA,NA,2026-10-04 13:00:00,2026-10-04 08:08:41,2026-10-04 08:08:28,live
QB,00-0028118,Tyrod Taylor,GB,TB,2026_04_GB_TB,2026,4,NA,NA,20,25,2.7599864459860677,0.09223829072608813,-13.31953489366436,13.504011475116537,-16.588539297518317,16.77301587897049,0.2275,0.095,0.077122180832278,0,platt_vol_vegas,platt,0.18544336107275927,0.08844228977652756,NA,NA,NA,2026-10-04 13:00:00,2026-10-04 08:08:41,2026-10-04 08:08:28,live
QB,00-0033949,Joshua Dobbs,DET,CAR,2026_04_DET_CAR,2026,4,NA,NA,20,25,2.1375441302021305,0.06851219321987181,-13.343260991170576,13.48028537761032,-16.612265395024533,16.749289781464274,0.202,0.081,0.077122180832278,0,platt_vol_vegas,platt,0.33184971952848846,0.07510598547024253,NA,NA,NA,2026-10-04 20:20:00,2026-10-04 08:08:41,2026-10-04 08:08:28,live
QB,00-0034577,Kyle Allen,BUF,NE,2026_04_NE_BUF,2026,4,NA,NA,20,25,2.0275604265227165,1.5668563513672134,-11.844916833023234,14.978629535757662,-15.11392123687719,18.247633939611617,0.227,0.095,0.077122180832278,0,platt_vol_vegas,platt,0.34997103211343794,0.08844228977652756,NA,NA,NA,2026-10-04 13:00:00,2026-10-04 08:08:41,2026-10-04 08:08:28,live
QB,00-0035264,Jarrett Stidham,DEN,SF,2026_04_DEN_SF,2026,4,NA,NA,20,25,2.1133940113952425,-0.9846133144414538,-14.396386498831902,12.427159869948994,-17.665390902685857,15.69616427380295,0.1545,0.0575,0.077122180832278,0,platt_vol_vegas,platt,0.2150954592068935,0.05287907210246508,NA,NA,NA,2026-10-04 16:25:00,2026-10-04 08:08:41,2026-10-04 08:08:28,live
QB,00-0035282,Easton Stick,TB,GB,2026_04_GB_TB,2026,4,NA,NA,20,25,2.0821587761826637,-4.605675789178521,-18.017448973568968,8.806097395211927,-21.286453377422923,12.075101799065882,0.085,0.0255,0.077122180832278,0,platt_vol_vegas,platt,0.09052520965192942,0.023036037749141286,NA,NA,NA,2026-10-04 13:00:00,2026-10-04 08:08:41,2026-10-04 08:08:28,live
QB,00-0035289,Gardner Minshew,ARI,NYG,2026_04_ARI_NYG,2026,4,NA,NA,20,25,2.2133602422441183,-0.5156329667232313,-13.92740615111368,12.896140217667217,-17.196410554967635,16.165144621521172,0.161,0.0575,0.077122180832278,0,platt_vol_vegas,platt,0.20587638760692586,0.05287907210246508,NA,NA,NA,2026-10-04 13:00:00,2026-10-04 08:08:41,2026-10-04 08:08:28,live
QB,00-0035993,Tyler Huntley,BAL,TEN,2026_04_TEN_BAL,2026,4,NA,NA,20,25,2.0958733535608634,-0.4641696780336023,-13.87594286242405,12.947603506356845,-17.144947266278006,16.2166079102108,0.19,0.069,0.077122180832278,0,platt_vol_vegas,platt,0.26942373747986126,0.0637291176666275,NA,NA,NA,2026-10-04 13:00:00,2026-10-04 08:08:41,2026-10-04 08:08:28,live
QB,00-0036212,Tua Tagovailoa,ATL,NO,2026_04_ATL_NO,2026,4,NA,NA,20,25,1.530318980816165,2.0631378202074258,-11.348635364183021,15.474911004597875,-14.617639768036977,18.74391540845183,0.237,0.1045,0.077122180832278,0,platt_vol_vegas,platt,0.24420830340103528,0.09752727695984213,NA,NA,NA,2026-10-05 20:15:00,2026-10-04 08:08:41,2026-10-04 08:08:28,live
QB,00-0036879,Sam Ehlinger,DEN,SF,2026_04_DEN_SF,2026,4,NA,NA,20,25,2.049413911337723,-1.229143898835153,-14.6409170832256,12.182629285555295,-17.909921487079558,15.45163368940925,0.147,0.053,0.077122180832278,0,platt_vol_vegas,platt,0.2093512714611242,0.0486489788369163,NA,NA,NA,2026-10-04 16:25:00,2026-10-04 08:08:41,2026-10-04 08:08:28,live
QB,00-0036898,Davis Mills,HOU,DAL,2026_04_DAL_HOU,2026,4,NA,NA,20,25,2.0114777941492714,1.7975692801205845,-11.614203904269864,15.209342464511032,-14.88320830812382,18.478346868364987,0.24,0.095,0.077122180832278,0,platt_vol_vegas,platt,0.30270123715052144,0.08844228977652756,NA,NA,NA,2026-10-04 13:00:00,2026-10-04 08:08:41,2026-10-04 08:08:28,live
QB,00-0036945,Justin Fields,KC,LV,2026_04_KC_LV,2026,4,NA,NA,20,25,5.616893220506887,-3.910938599627155,-17.322711784017603,9.500834584763293,-20.591716187871558,12.769838988617249,0.2265,0.08,0.077122180832278,0,platt_vol_vegas,platt,0.37353182652462685,0.07415591866266888,NA,NA,NA,2026-10-04 16:25:00,2026-10-04 08:08:41,2026-10-04 08:08:28,live
QB,00-0036972,Mac Jones,SF,DEN,2026_04_DEN_SF,2026,4,NA,NA,20,25,2.8003770355660014,-1.3255933153436512,-14.7373664997341,12.086179869046797,-18.006370903588056,15.355184272900752,0.186,0.0755,0.077122180832278,0,platt_vol_vegas,platt,0.28662066112729984,0.06988501674435874,NA,NA,NA,2026-10-04 16:25:00,2026-10-04 08:08:41,2026-10-04 08:08:28,live
QB,00-0037012,Trey Lance,LAC,SEA,2026_04_LAC_SEA,2026,4,Questionable,Limited Participation in Practice,20,25,2.3176134794954324,-5.85995370853164,-19.27172689292209,7.5518194758588075,-22.540731296776045,10.820823879712762,0.064,0.02,0.077122180832278,0,platt_vol_vegas,platt,0.09500560215688666,0.017977228883596808,NA,NA,NA,2026-10-04 16:25:00,2026-10-04 08:08:41,2026-10-04 08:08:28,live
QB,00-0037013,Zach Wilson,NO,ATL,2026_04_ATL_NO,2026,4,NA,NA,20,25,2.519051409217587,-0.07634815059597157,-13.48812133498642,13.335425033794476,-16.757125738840376,16.60442943764843,0.203,0.072,0.077122180832278,0,platt_vol_vegas,platt,0.2643336198365204,0.0665683171121076,NA,NA,NA,2026-10-05 20:15:00,2026-10-04 08:08:41,2026-10-04 08:08:28,live
QB,00-0037077,Sam Howell,DAL,HOU,2026_04_DAL_HOU,2026,4,NA,NA,20,25,2.127170176737735,-5.404581205863764,-18.81635439025421,8.007191978526684,-22.085358794108167,11.27619638238064,0.085,0.022,0.077122180832278,0,platt_vol_vegas,platt,0.16559125580895104,0.019813570547832636,NA,NA,NA,2026-10-04 13:00:00,2026-10-04 08:08:41,2026-10-04 08:08:28,live
QB,00-0038400,Tanner McKee,PHI,LA,2026_04_LA_PHI,2026,4,NA,NA,20,25,2.0292811743940904,-4.51910224029606,-17.93087542468651,8.892670944094387,-21.199879828540464,12.161675347948343,0.0785,0.016,0.077122180832278,0,platt_vol_vegas,platt,0.10989019726036692,0.014317108446621887,NA,NA,NA,2026-10-04 13:00:00,2026-10-04 08:08:41,2026-10-04 08:08:28,live
QB,00-0038579,Aidan O'Connell,LV,KC,2026_04_KC_LV,2026,4,Questionable,Did Not Participate In Practice,20,25,2.0616637089316026,-3.79146346284935,-17.203236647239798,9.620309721541098,-20.472241051093754,12.889314125395053,0.1035,0.03,0.077122180832278,0,platt_vol_vegas,platt,0.1645713826027168,0.02719404178728632,NA,NA,NA,2026-10-04 16:25:00,2026-10-04 08:08:41,2026-10-04 08:08:28,live
QB,00-0038998,Jake Haener,NYG,ARI,2026_04_ARI_NYG,2026,4,NA,NA,20,25,2.127170176737735,-1.992354904285354,-15.404128088675801,11.419418280105095,-18.673132492529756,14.68842268395905,0.1265,0.046,0.077122180832278,0,platt_vol_vegas,platt,0.15887970047548897,0.04208806317547994,NA,NA,NA,2026-10-04 13:00:00,2026-10-04 08:08:41,2026-10-04 08:08:28,live
QB,00-0039164,Anthony Richardson,IND,WAS,2026_04_IND_WAS,2026,4,NA,NA,20,25,2.356085651324815,-2.1382222652897895,-15.549995449680237,11.273550919100659,-18.818999853534194,14.542555322954614,0.142,0.0425,0.077122180832278,0,platt_vol_vegas,platt,0.23510530790319403,0.038817064304422305,NA,NA,NA,2026-10-04 09:30:00,2026-10-04 08:08:41,2026-10-04 08:08:28,live
QB,00-0039376,Spencer Rattler,NO,ATL,2026_04_ATL_NO,2026,4,NA,NA,20,25,2.6804351609653563,1.279315197542275,-12.132457986848173,14.691088381932722,-15.401462390702129,17.960092785786678,0.258,0.1055,0.077122180832278,0,platt_vol_vegas,platt,0.2976335607574921,0.0984851606157873,NA,NA,NA,2026-10-05 20:15:00,2026-10-04 08:08:41,2026-10-04 08:08:28,live
QB,00-0039923,J.J. McCarthy,NYG,ARI,2026_04_ARI_NYG,2026,4,NA,NA,20,25,2.5956275569844336,-0.6555430790534774,-14.067316263443926,12.75623010533697,-17.33632066729788,16.025234509190927,0.1995,0.08,0.077122180832278,0,platt_vol_vegas,platt,0.20416254119267213,0.07415591866266888,role_change_up,0.85,McCarthy's acquisition clarifies QB hierarchy and increases his opportunity if he's the intended starter over Haener.,2026-10-04 13:00:00,2026-10-04 08:08:41,2026-10-04 08:08:28,live
QB,00-0040206,Riley Leonard,IND,WAS,2026_04_IND_WAS,2026,4,NA,NA,20,25,2.093407962078392,-2.544119790838262,-15.95589297522871,10.867653393552185,-19.224897379082666,14.13665779740614,0.1385,0.053,0.077122180832278,0,platt_vol_vegas,platt,0.22803403954958823,0.0486489788369163,NA,NA,NA,2026-10-04 09:30:00,2026-10-04 08:08:41,2026-10-04 08:08:28,live
QB,00-0040234,Quinn Ewers,JAX,CIN,2026_04_JAX_CIN,2026,4,NA,NA,20,25,2.2368962097007747,-1.607519538466809,-15.019292722857257,11.80425364592364,-18.288297126711214,15.073258049777595,0.1285,0.039,0.077122180832278,0,platt_vol_vegas,platt,0.23735145764364093,0.03555288035763577,NA,NA,NA,2026-10-04 13:00:00,2026-10-04 08:08:41,2026-10-04 08:08:28,live
QB,00-0040464,DJ Uiagalelei,LAC,SEA,2026_04_LAC_SEA,2026,4,NA,NA,20,25,2.1180778512727128,-5.438942035535128,-18.850715219925576,7.97283114885532,-22.11971962377953,11.241835552709276,0.0515,0.013,0.077122180832278,0,platt_vol_vegas,platt,0.08439591432098693,0.011584734092045867,NA,NA,NA,2026-10-04 16:25:00,2026-10-04 08:08:41,2026-10-04 08:08:28,live
QB,00-0040494,Max Brosmer,MIN,MIA,2026_04_MIA_MIN,2026,4,NA,NA,20,25,1.3337806774632126,-0.8564277169648066,-14.268200901355254,12.555345467425642,-17.53720530520921,15.824349871279598,0.1385,0.0435,0.077122180832278,0,platt_vol_vegas,platt,0.16865283280971138,0.039750958411609756,NA,NA,NA,2026-10-04 16:05:00,2026-10-04 08:08:41,2026-10-04 08:08:28,live
QB,00-0040589,Kurtis Rourke,SF,DEN,2026_04_DEN_SF,2026,4,NA,NA,20,25,2.3955798101473733,-3.2629315463938156,-16.674704730784264,10.148841637996632,-19.94370913463822,13.417846041850588,0.123,0.04,0.077122180832278,0,platt_vol_vegas,platt,0.23406791346604164,0.03648478341234495,NA,NA,NA,2026-10-04 16:25:00,2026-10-04 08:08:41,2026-10-04 08:08:28,live
QB,00-0040673,Jalen Milroe,SEA,LAC,2026_04_LAC_SEA,2026,4,NA,NA,20,25,2.3079991253165733,0.08615027205479063,-13.325622912335657,13.497923456445239,-16.594627316189612,16.766927860299194,0.1805,0.0715,0.077122180832278,0,platt_vol_vegas,platt,0.22982600763639177,0.06609487785175677,NA,NA,NA,2026-10-04 16:25:00,2026-10-04 08:08:41,2026-10-04 08:08:28,live
QB,00-0040891,Cole Payton,PHI,LA,2026_04_LA_PHI,2026,4,NA,NA,20,25,2.09326127445161,-4.6398515105670795,-18.05162469495753,8.771921673823368,-21.320629098811484,12.040926077677323,0.083,0.0265,0.077122180832278,0,platt_vol_vegas,platt,0.11339484325613709,0.023958663943615108,NA,NA,NA,2026-10-04 13:00:00,2026-10-04 08:08:41,2026-10-04 08:08:28,live
QB,00-0040906,Garrett Nussmeier,KC,LV,2026_04_KC_LV,2026,4,NA,NA,20,25,2.2557257850888606,-2.9276784376209135,-16.33945162201136,10.484094746769534,-19.608456025865316,13.75309915062349,0.1495,0.0485,0.077122180832278,0,platt_vol_vegas,platt,0.25121286458366604,0.04442844228768633,NA,NA,NA,2026-10-04 16:25:00,2026-10-04 08:08:41,2026-10-04 08:08:28,live
QB,00-0040981,Joe Fagnano,BAL,TEN,2026_04_TEN_BAL,2026,4,NA,NA,20,25,2.0958733535608634,-0.4641696780336023,-13.87594286242405,12.947603506356845,-17.144947266278006,16.2166079102108,0.175,0.059,0.077122180832278,0,platt_vol_vegas,platt,0.26004559811362904,0.05429112913080006,NA,NA,NA,2026-10-04 13:00:00,2026-10-04 08:08:41,2026-10-04 08:08:28,live
QB,00-0041056,Cade Klubnik,NYJ,CHI,2026_04_NYJ_CHI,2026,4,NA,NA,20,25,2.225016750124091,-3.9360668085192057,-17.347839992909655,9.475706375871242,-20.61684439676361,12.744710779725198,0.1005,0.026,0.077122180832278,0,platt_vol_vegas,platt,0.13306468506728175,0.023497248699825436,NA,NA,NA,2026-10-04 13:00:00,2026-10-04 08:08:41,2026-10-04 08:08:28,live
QB,00-0041117,Athan Kaliakmanis,WAS,IND,2026_04_IND_WAS,2026,4,NA,NA,20,25,2.2349599473688864,-2.0822198854365404,-15.493993069826988,11.329553298953908,-18.762997473680944,14.598557702807863,0.108,0.0375,0.077122180832278,0,platt_vol_vegas,platt,0.16066083576814313,0.03415614237425751,NA,NA,NA,2026-10-04 09:30:00,2026-10-04 08:08:41,2026-10-04 08:08:28,live
QB,00-0041123,Behren Morton,NE,BUF,2026_04_NE_BUF,2026,4,NA,NA,20,25,2.2699949090773615,-3.413440282080108,-16.825213466470558,9.99833290231034,-20.094217870324513,13.267337306164295,0.1225,0.0335,0.077122180832278,0,platt_vol_vegas,platt,0.19203511482748545,0.030438358980190972,NA,NA,NA,2026-10-04 13:00:00,2026-10-04 08:08:41,2026-10-04 08:08:28,live
QB,00-0041149,Haynes King,CAR,DET,2026_04_DET_CAR,2026,4,NA,NA,20,25,2.1405332897664775,-0.6199633548584639,-14.031736539248913,12.791809829531983,-17.300740943102866,16.06081423338594,0.138,0.0455,0.077122180832278,0,platt_vol_vegas,platt,0.23836651350759144,0.04162037598801674,NA,NA,NA,2026-10-04 20:20:00,2026-10-04 08:08:41,2026-10-04 08:08:28,live
QB,00-0041561,Carson Beck,ARI,NYG,2026_04_ARI_NYG,2026,4,NA,NA,20,25,2.213362209490644,-0.5590324654702967,-13.970805649860745,12.85274071892015,-17.2398100537147,16.121745122774108,0.16,0.053,0.077122180832278,0,platt_vol_vegas,platt,0.20529578898830184,0.0486489788369163,NA,NA,NA,2026-10-04 13:00:00,2026-10-04 08:08:41,2026-10-04 08:08:28,live
QB,00-0041562,Fernando Mendoza,LV,KC,2026_04_KC_LV,2026,4,NA,NA,20,25,2.3039005044825984,-3.2091787477670173,-16.620951932157464,10.20259443662343,-19.88995633601142,13.471598840477386,0.1235,0.0345,0.077122180832278,0,platt_vol_vegas,platt,0.18163055256454752,0.031366840108263565,NA,NA,NA,2026-10-04 16:25:00,2026-10-04 08:08:41,2026-10-04 08:08:28,live
QB,00-0041568,Ty Simpson,LA,PHI,2026_04_LA_PHI,2026,4,NA,NA,20,25,2.276016593851745,-0.7332916456073075,-14.145064829997755,12.67848153878314,-17.414069233851713,15.947485942637096,0.149,0.045,0.077122180832278,0,platt_vol_vegas,platt,0.18545162514431665,0.04115282080697391,NA,NA,NA,2026-10-04 13:00:00,2026-10-04 08:08:41,2026-10-04 08:08:28,live
QB,00-0040398,Brady Cook,MIA,MIN,2026_04_MIA_MIN,2026,4,NA,NA,20,25,1.9488308802179215,-11.706430857719347,-25.118204042109795,1.7053423266711007,-28.38720844596375,4.974346730525056,0.0405,0.007,0.05372801276458828,0.006163409571766985,platt_vol_vegas,platt,0.05372801276458828,0.006163409571766985,NA,NA,NA,2026-10-04 16:05:00,2026-10-04 08:08:41,2026-10-04 08:08:28,live
QB,00-0040014,Kyle McCord,MIA,MIN,2026_04_MIA_MIN,2026,4,NA,NA,20,25,2.0669449327019387,-10.279463013243491,-23.69123619763394,3.1323101711469565,-26.960240601487897,6.401314575000912,0.039,0.009,0.05336265597005844,0.007962793726476763,platt_vol_vegas,platt,0.05336265597005844,0.007962793726476763,NA,NA,NA,2026-10-04 16:05:00,2026-10-04 08:08:41,2026-10-04 08:08:28,live
RB,00-0036223,Jonathan Taylor,IND,WAS,2026_04_IND_WAS,2026,4,NA,Full Participation in Practice,15,20,25.13636405423738,-0.8102589102408101,-7.418684756896187,5.798166936414567,-9.541976126530088,7.921458306048468,0.7355,0.47,0.7707259791360058,0.5239655679372534,star_platt,star_platt,0.7707259791360058,0.5239655679372534,NA,NA,NA,2026-10-04 09:30:00,2026-10-04 08:08:41,2026-10-04 08:08:28,live
RB,00-0039139,Jahmyr Gibbs,DET,CAR,2026_04_DET_CAR,2026,4,NA,NA,15,20,22.986223287878126,0.19825466284491972,-6.14835340610623,6.544862731796069,-8.187522559539813,8.58403188522965,0.7055,0.4555,0.7490281846624388,0.5125272384735534,star_platt,star_platt,0.7490281846624388,0.5125272384735534,NA,NA,NA,2026-10-04 20:20:00,2026-10-04 08:08:41,2026-10-04 08:08:28,live
RB,00-0037248,James Cook,BUF,NE,2026_04_NE_BUF,2026,4,NA,NA,15,20,21.269372399913443,-0.38014920655692463,-6.50789622937003,5.747597816256181,-8.476745191399912,7.7164467782860635,0.6175,0.3605,0.685346322502789,0.4353800693065972,star_platt,star_platt,0.685346322502789,0.4353800693065972,NA,NA,NA,2026-10-04 13:00:00,2026-10-04 08:08:41,2026-10-04 08:08:28,live
RB,00-0033280,Christian McCaffrey,SF,DEN,2026_04_DEN_SF,2026,4,NA,Full Participation in Practice,15,20,19.33151755780109,-0.06550170295069725,-5.934239720046527,5.803236314145133,-7.819868926077289,7.688865520175895,0.5385,0.3025,0.6269978412399535,0.3855844252435446,star_platt,star_platt,0.6269978412399535,0.3855844252435446,NA,NA,NA,2026-10-04 16:25:00,2026-10-04 08:08:41,2026-10-04 08:08:28,live
RB,00-0032764,Derrick Henry,BAL,TEN,2026_04_TEN_BAL,2026,4,NA,NA,15,20,19.738021350062812,-0.6260381372975419,-6.550248139727172,5.298171865132089,-8.453700529440221,7.201624254845138,0.5335,0.2705,0.6232378094032464,0.35687078325562277,star_platt,star_platt,0.6232378094032464,0.35687078325562277,NA,NA,NA,2026-10-04 13:00:00,2026-10-04 08:08:41,2026-10-04 08:08:28,live
RB,00-0038597,Chase Brown,CIN,JAX,2026_04_JAX_CIN,2026,4,NA,NA,15,20,20.311012591139846,-1.0759908554526463,-7.077339285540131,4.925357574634838,-9.005576300444359,6.853594589539067,0.519,0.29,0.6122771047028728,0.37448773016362874,star_platt,star_platt,0.6122771047028728,0.37448773016362874,NA,NA,NA,2026-10-04 13:00:00,2026-10-04 08:08:41,2026-10-04 08:08:28,live
RB,00-0037840,Kyren Williams,LA,PHI,2026_04_LA_PHI,2026,4,NA,NA,15,20,18.351087219994074,-1.3512746891908491,-7.083534998413976,4.380985620032277,-8.925313831300247,6.222764452918549,0.4105,0.2075,0.6118208274931186,0.38185820030365925,star_platt,star_platt,0.5268208274931186,0.2968582003036592,role_change_up,0.85,"Ronnie Rivers' IR placement removes a backup RB, increasing snap and carry opportunity for the Rams' lead back Kyren Williams.",2026-10-04 13:00:00,2026-10-04 08:08:41,2026-10-04 08:08:28,live
RB,00-0040122,Ashton Jeanty,LV,KC,2026_04_KC_LV,2026,4,NA,Full Participation in Practice,15,20,22.242600228993872,-2.6950836571137984,-8.948035509025736,3.5578681947981403,-10.957112861179205,5.566945546951608,0.51,0.2365,0.6054290026053777,0.3251365631654854,star_platt,star_platt,0.6054290026053777,0.3251365631654854,NA,NA,NA,2026-10-04 16:25:00,2026-10-04 08:08:41,2026-10-04 08:08:28,live
RB,00-0038542,Bijan Robinson,ATL,NO,2026_04_ATL_NO,2026,4,NA,NA,15,20,19.274227862495636,-0.9240839602048302,-6.784952954103057,4.936785033693397,-8.66805383804462,6.819885917634961,0.478,0.237,0.5807697971347047,0.32561365713146845,star_platt,star_platt,0.5807697971347047,0.32561365713146845,NA,NA,NA,2026-10-05 20:15:00,2026-10-04 08:08:41,2026-10-04 08:08:28,live
RB,00-0040715,Cam Skattebo,NYG,ARI,2026_04_ARI_NYG,2026,4,NA,NA,15,20,17.689710828085637,-1.705674224842985,-7.343599464663311,3.93225101497734,-9.155068380579241,5.743719930893271,0.3565,0.1455,0.5662273716690617,0.3164242337976437,star_platt,star_platt,0.48122737166906165,0.23142423379764368,role_change_up,0.85,"Singletary's healthy inactive elevates Skattebo's snap share and touch opportunity as the primary back, with Harris as secondary backup.",2026-10-04 13:00:00,2026-10-04 08:08:41,2026-10-04 08:08:28,live
RB,00-0036275,D'Andre Swift,CHI,NYJ,2026_04_NYJ_CHI,2026,4,NA,Full Participation in Practice,15,20,18.699204251061754,-1.1928634756582746,-6.974029649682652,4.588302698366103,-8.831521967605536,6.445795016288987,0.434,0.199,0.5459402741111523,0.2883238632998178,star_platt,star_platt,0.5459402741111523,0.2883238632998178,NA,NA,NA,2026-10-04 13:00:00,2026-10-04 08:08:41,2026-10-04 08:08:28,live
RB,00-0039040,De'Von Achane,MIA,MIN,2026_04_MIA_MIN,2026,4,NA,NA,15,20,17.43585317392636,-1.856980163400985,-7.458184092450572,3.7442237656486013,-9.257854428182597,5.543894101380626,0.3295,0.1345,0.45740762425570003,0.21890086631923952,star_platt,star_platt,0.45740762425570003,0.21890086631923952,NA,NA,NA,2026-10-04 16:05:00,2026-10-04 08:08:41,2026-10-04 08:08:28,live
RB,00-0038120,Breece Hall,NYJ,CHI,2026_04_NYJ_CHI,2026,4,Out,Did Not Participate In Practice,15,20,17.578799773693948,-1.2664473669162142,-6.88836473067,4.355469996837572,-8.694690305964887,6.161795572132459,0.3895,0.181,0.4153278951349062,0.2203394023078133,star_platt,star_platt,0.3403278951349062,0.14533940230781328,role_change_up,0.75,"Richardson's waiver removes a backup RB, increasing opportunity share for the Jets' primary ball-carrier.",2026-10-04 13:00:00,2026-10-04 08:08:41,2026-10-04 08:08:28,live
RB,00-0036973,Travis Etienne,NO,ATL,2026_04_ATL_NO,2026,4,NA,NA,15,20,16.158294662064133,-1.1286499868886428,-6.540444332530708,4.283144358753422,-8.27925725030764,6.021957276530355,0.358,0.1605,0.4116332305559768,0.22676171492223618,star_platt,star_platt,0.3166332305559768,0.13176171492223618,role_change_up,0.95,Etienne's IR placement explicitly increases opportunity for Kamara and Miller in the Saints backfield.,2026-10-05 20:15:00,2026-10-04 08:08:41,2026-10-04 08:08:28,live
RB,00-0038134,Kenneth Walker III,KC,LV,2026_04_KC_LV,2026,4,NA,NA,15,20,19.449632807073023,-0.9554520593219414,-6.840373559489433,4.92946944084555,-8.731202528782132,6.820298410138249,0.472,0.2465,0.4030811884912387,0.1879256548000743,star_platt,star_platt,0.4030811884912387,0.1879256548000743,NA,NA,NA,2026-10-04 16:25:00,2026-10-04 08:08:41,2026-10-04 08:08:28,live
RB,00-0041027,Jeremiyah Love,ARI,NYG,2026_04_ARI_NYG,2026,4,NA,NA,15,20,18.67584339678983,-1.191373235247666,-6.969273212843311,4.586526742347979,-8.825716099804936,6.442969629309604,0.427,0.212,0.4029415076302945,0.25257479614150113,star_platt,star_platt,0.3109415076302945,0.16057479614150114,role_change_up,0.92,"Love clearly out-snapped Tyler Allgeier with career-high 26 touches, suggesting an established shift to a workhorse role going forward.",2026-10-04 13:00:00,2026-10-04 08:08:41,2026-10-04 08:08:28,live
RB,00-0036997,Javonte Williams,DAL,HOU,2026_04_DAL_HOU,2026,4,NA,NA,15,20,19.4339329968092,-1.5732507634101174,-7.4560242734450295,4.309522746624795,-9.346163092160815,6.1996615653405795,0.4445,0.214,0.38199915614942903,0.1668979874873023,star_platt,star_platt,0.38199915614942903,0.1668979874873023,NA,NA,NA,2026-10-04 13:00:00,2026-10-04 08:08:41,2026-10-04 08:08:28,live
RB,00-0040734,TreVeyon Henderson,NE,BUF,2026_04_NE_BUF,2026,4,NA,NA,15,20,14.421732145798494,-0.7698978518412529,-5.910554235689391,4.370758532006885,-7.562250356271945,6.022454652589439,0.282,0.107,0.3444132291506887,0.18013487043519835,star_platt,star_platt,0.2594132291506887,0.09513487043519835,role_change_up,0.85,"Impact note indicates Henderson is seeing more carries than Stevenson, suggesting a shift in backfield opportunity/role.",2026-10-04 13:00:00,2026-10-04 08:08:41,2026-10-04 08:08:28,live
RB,00-0034844,Saquon Barkley,PHI,LA,2026_04_LA_PHI,2026,4,NA,NA,15,20,18.96467534656086,-2.0247171298693676,-7.842844156255288,3.793409896516553,-9.712212019225454,5.662777759486718,0.378,0.1665,0.33166919985298976,0.13575457369177912,star_platt,star_platt,0.33166919985298976,0.13575457369177912,NA,NA,NA,2026-10-04 13:00:00,2026-10-04 08:08:41,2026-10-04 08:08:28,live
RB,00-0035261,Tony Pollard,TEN,BAL,2026_04_TEN_BAL,2026,4,NA,Full Participation in Practice,15,20,18.54321005822805,-2.656310155349856,-8.415623432459519,3.1030031217598077,-10.26609440089658,4.953474090196869,0.3285,0.132,0.32886339724284375,0.19389621039480165,star_platt,star_platt,0.24386339724284373,0.10889621039480166,role_change_up,0.85,"Pollard cleared to play with conditional opportunity upside if Tyjae Spears (ankle) remains sidelined, implying potential backfield role expansion.",2026-10-04 13:00:00,2026-10-04 08:08:41,2026-10-04 08:08:28,live
RB,00-0039794,Braelon Allen,NYJ,CHI,2026_04_NYJ_CHI,2026,4,NA,NA,15,20,17.72364235576258,-3.166007872102951,-8.808819483359537,2.4768037391536346,-10.621858393482892,4.289842649276989,0.306,0.119,0.32389836310856585,0.19518400210744968,star_platt,star_platt,0.22889836310856584,0.1001840021074497,role_change_up,0.95,Hall's absence elevates Allen to workhorse back role with increased snap share and carries against the Bears.,2026-10-04 13:00:00,2026-10-04 08:08:41,2026-10-04 08:08:28,live
RB,00-0040198,Ollie Gordon II,MIA,MIN,2026_04_MIA_MIN,2026,4,NA,NA,15,20,18.44623447632089,-2.8421672970559495,-8.587844662276304,2.9035100681644046,-10.43393440367027,4.7495998095583705,0.321,0.1325,0.32386532081160985,0.19422875234344814,star_platt,star_platt,0.23886532081160985,0.10922875234344813,role_change_up,0.85,Achane's knee injury creates immediate opportunity for Gordon to assume primary RB duties for the Dolphins.,2026-10-04 16:05:00,2026-10-04 08:08:41,2026-10-04 08:08:28,live
RB,00-0033293,Aaron Jones,MIN,MIA,2026_04_MIA_MIN,2026,4,NA,Limited Participation in Practice,15,20,19.0256920682655,-1.3131436843218236,-7.139725773906726,4.513438405263079,-9.011810253986123,6.385522885342476,0.44,0.2215,0.3200654038855524,0.16658904174902697,star_platt,star_platt,0.3200654038855524,0.16658904174902697,NA,NA,NA,2026-10-04 16:05:00,2026-10-04 08:08:41,2026-10-04 08:08:28,live
RB,00-0040666,Omarion Hampton,LAC,SEA,2026_04_LAC_SEA,2026,4,NA,NA,15,20,17.865840345345227,-2.0123254440185,-7.67555898961179,3.6509081015747906,-9.49515948004709,5.470508592010089,0.3535,0.1565,0.3132524295312357,0.12908995703100115,star_platt,star_platt,0.3132524295312357,0.12908995703100115,NA,NA,NA,2026-10-04 16:25:00,2026-10-04 08:08:41,2026-10-04 08:08:28,live
RB,00-0040242,Jacory Croskey-Merritt,WAS,IND,2026_04_IND_WAS,2026,4,NA,NA,15,20,15.22828147069026,-0.9296459455179396,-6.198336923480115,4.339045032444236,-7.891170639460595,6.031878748424717,0.299,0.1135,0.3092584217103341,0.18145577030289062,star_platt,star_platt,0.22425842171033405,0.0964557703028906,role_change_up,0.85,Backup RB explicitly stated to handle a bigger role in the backfield due to White's absence.,2026-10-04 09:30:00,2026-10-04 08:08:41,2026-10-04 08:08:28,live
RB,00-0036158,J.K. Dobbins,DEN,SF,2026_04_DEN_SF,2026,4,NA,Full Participation in Practice,15,20,15.86675700503953,-0.9232012080166628,-6.290633208423987,4.444230792390661,-8.01519247685093,6.168790060817603,0.343,0.133,0.30536479364690966,0.11320439899050501,star_platt,star_platt,0.30536479364690966,0.11320439899050501,NA,NA,NA,2026-10-04 16:25:00,2026-10-04 08:08:41,2026-10-04 08:08:28,live
RB,00-0041496,Jonah Coleman,DEN,SF,2026_04_DEN_SF,2026,4,NA,NA,15,20,13.053706942898208,-0.6093381533210299,-5.523518204842007,4.304841898199947,-7.102447337791646,5.883771031149586,0.251,0.0835,0.2775485286505731,0.1605436355425845,star_platt,star_platt,0.19254852865057312,0.0755436355425845,role_change_up,0.85,Coleman's 4-game IR absence solidifies backfield opportunity for Dobbins and Harvey.,2026-10-04 16:25:00,2026-10-04 08:08:41,2026-10-04 08:08:28,live
RB,00-0035685,David Montgomery,HOU,DAL,2026_04_DAL_HOU,2026,4,NA,NA,15,20,16.013459591793406,-0.7697470731342773,-6.159557649628507,4.620063503359953,-7.891307168589027,6.3518130223204725,0.367,0.1625,0.2697197278927237,0.12890421774679667,star_platt,star_platt,0.2697197278927237,0.12890421774679667,NA,NA,NA,2026-10-04 13:00:00,2026-10-04 08:08:41,2026-10-04 08:08:28,live
RB,00-0039361,Bucky Irving,TB,GB,2026_04_GB_TB,2026,4,NA,Full Participation in Practice,15,20,18.924646011044576,-2.33103556328586,-8.143607641089657,3.4815365145179373,-10.011190695596072,5.349119569024351,0.388,0.175,0.267197775019634,0.0693835155915792,star_platt,star_platt,0.339197775019634,0.1413835155915792,role_change_down,0.72,Tucker's return from hamstring injury will reduce Irving's snap share in the RB rotation.,2026-10-04 13:00:00,2026-10-04 08:08:41,2026-10-04 08:08:28,live
RB,00-0040583,Woody Marks,HOU,DAL,2026_04_DAL_HOU,2026,4,NA,NA,15,20,13.278685840496742,-0.8420657113881441,-5.794355345656116,4.110223922879828,-7.385529111446418,5.701397688670131,0.2325,0.088,0.25233038613491854,0.15075397992617368,star_platt,star_platt,0.18033038613491856,0.07875397992617368,role_change_up,0.72,Woody Marks receiving short-yardage/goal-line carries suggests increased role opportunity in Texans' backfield committee at Montgomery's expense.,2026-10-04 13:00:00,2026-10-04 08:08:41,2026-10-04 08:08:28,live
RB,00-0036875,Rhamondre Stevenson,NE,BUF,2026_04_NE_BUF,2026,4,NA,NA,15,20,13.956149861772186,-0.7368113930878537,-5.801767219670449,4.328144433494742,-7.429140703720771,5.955517917545064,0.2605,0.097,0.2430814997581769,0.08799955074991798,star_platt,star_platt,0.2430814997581769,0.08799955074991798,NA,NA,NA,2026-10-04 13:00:00,2026-10-04 08:08:41,2026-10-04 08:08:28,live
RB,00-0036555,Chuba Hubbard,CAR,DET,2026_04_DET_CAR,2026,4,NA,Full Participation in Practice,15,20,17.92571698743143,-0.6205349401442446,-6.2923410894767535,5.051271209188265,-8.114695962870588,6.873626082582098,0.4255,0.211,0.23789369556515272,0.0879409302845942,star_platt,star_platt,0.3098936955651527,0.1599409302845942,role_change_down,0.72,Ekeler's potential signing could reduce Hubbard's pass-catching opportunities and overall snap share in the Panthers backfield.,2026-10-04 20:20:00,2026-10-04 08:08:41,2026-10-04 08:08:28,live
RB,00-0040719,Bhayshul Tuten,JAX,CIN,2026_04_JAX_CIN,2026,4,NA,NA,15,20,14.741169554522504,-1.0676340386156618,-6.259456949972801,4.1241888727414775,-7.927592907937957,5.792324830706633,0.2825,0.1115,0.21334304798499484,0.0950931243050084,star_platt,star_platt,0.21334304798499484,0.0950931243050084,NA,NA,NA,2026-10-04 13:00:00,2026-10-04 08:08:41,2026-10-04 08:08:28,live
RB,00-0038551,Kendre Miller,NO,ATL,2026_04_ATL_NO,2026,4,NA,NA,15,20,10.808060125583237,-0.7459407833138214,-5.2581270632453965,3.766245496617754,-6.7078953452346894,5.2160137786070475,0.146,0.043,0.20731655158887416,0.1297982730575013,star_platt,star_platt,0.12231655158887415,0.044798273057501295,role_change_up,0.85,"Miller saw more touches than Donaldson in Week 1 despite Kamara/Estime absences, suggesting he has claimed a larger role in the Saints backfield committee.",2026-10-05 20:15:00,2026-10-04 08:08:41,2026-10-04 08:08:28,live
RB,00-0039299,George Holani,SEA,LAC,2026_04_LAC_SEA,2026,4,NA,Limited Participation in Practice,15,20,10.959908450827015,-1.092953921135855,-5.6336897356444675,3.447781893372757,-7.092631001000922,4.9067231587292115,0.13,0.04,0.18624145021211186,0.11732951880947345,star_platt,star_platt,0.11124145021211183,0.042329518809473436,role_change_up,0.75,"Jadarian Price ruled out, increasing Holani's backfield opportunity share versus the original three-way committee.",2026-10-04 16:25:00,2026-10-04 08:08:41,2026-10-04 08:08:28,live
RB,00-0041512,Jadarian Price,SEA,LAC,2026_04_LAC_SEA,2026,4,Out,Did Not Participate In Practice,15,20,12.740438507932007,-0.6970276717795406,-5.557538162674326,4.163482819115244,-7.119223232130795,5.725167888571714,0.234,0.079,0.18132190292771438,0.07230174493495913,star_platt,star_platt,0.18132190292771438,0.07230174493495913,NA,NA,NA,2026-10-04 16:25:00,2026-10-04 08:08:41,2026-10-04 08:08:28,live
RB,00-0040142,Kaleb Johnson,GB,TB,2026_04_GB_TB,2026,4,NA,NA,15,20,13.867948528568926,-1.7418270427976608,-6.792286759398982,3.3086326738036607,-8.415002634219706,4.931348548624383,0.217,0.0725,0.17007023801145846,0.06755764102606547,star_platt,star_platt,0.17007023801145846,0.06755764102606547,NA,NA,NA,2026-10-04 13:00:00,2026-10-04 08:08:41,2026-10-04 08:08:28,live
RB,00-0037525,Jordan Mason,MIN,MIA,2026_04_MIA_MIN,2026,4,NA,NA,15,20,13.357061131060968,-1.1027943685345059,-6.068276953832616,3.8626882167636034,-7.663689623064117,5.458100885995105,0.2165,0.0795,0.16973873298919243,0.07266359585185175,star_platt,star_platt,0.16973873298919243,0.07266359585185175,NA,NA,NA,2026-10-04 16:05:00,2026-10-04 08:08:41,2026-10-04 08:08:28,live
RB,00-0033906,Alvin Kamara,NO,ATL,2026_04_ATL_NO,2026,4,NA,NA,15,20,14.171985459563704,-1.7213938055817914,-6.821612391111589,3.3788247799480065,-8.460315821730045,5.017528210566462,0.211,0.076,0.16608948979959176,0.07012160865441598,star_platt,star_platt,0.16608948979959176,0.07012160865441598,NA,NA,NA,2026-10-05 20:15:00,2026-10-04 08:08:41,2026-10-04 08:08:28,live
RB,00-0039811,MarShawn Lloyd,GB,TB,2026_04_GB_TB,2026,4,NA,NA,15,20,13.584660877504069,-1.138794289229018,-6.1423501687716175,3.864761590313582,-7.7499958113251655,5.4724072328671305,0.206,0.075,0.1627672993972382,0.0693913554007826,star_platt,star_platt,0.1627672993972382,0.0693913554007826,NA,NA,NA,2026-10-04 13:00:00,2026-10-04 08:08:41,2026-10-04 08:08:28,live
RB,00-0041052,Kaelon Black,SF,DEN,2026_04_DEN_SF,2026,4,NA,NA,15,20,11.761620840089943,-0.23339909346529586,-4.921392930598104,4.454594743667512,-6.427648290990604,5.960850104060011,0.2045,0.07,0.16176968276582093,0.06571191043523478,star_platt,star_platt,0.16176968276582093,0.06571191043523478,NA,NA,NA,2026-10-04 16:25:00,2026-10-04 08:08:41,2026-10-04 08:08:28,live
RB,00-0040236,Kyle Monangai,CHI,NYJ,2026_04_NYJ_CHI,2026,4,NA,NA,15,20,11.734482565741983,-0.7538406696794342,-5.436941347051188,3.92926000769232,-6.941624532143249,5.433943192784381,0.184,0.0615,0.14808147510759698,0.05933765862493957,star_platt,star_platt,0.14808147510759698,0.05933765862493957,NA,NA,NA,2026-10-04 13:00:00,2026-10-04 08:08:41,2026-10-04 08:08:28,live
RB,00-0040730,RJ Harvey,DEN,SF,2026_04_DEN_SF,2026,4,NA,NA,15,20,10.029566340162221,-0.5292516414260287,-4.891496774465944,3.832993491613886,-6.293088871909079,5.234585589057021,0.1275,0.033,0.13727974192975206,0.0377234199842469,star_platt,star_platt,0.13727974192975206,0.0377234199842469,NA,NA,NA,2026-10-04 16:25:00,2026-10-04 08:08:41,2026-10-04 08:08:28,live
RB,00-0038797,Emanuel Wilson,SEA,LAC,2026_04_LAC_SEA,2026,4,NA,NA,15,20,11.532880973406224,-0.8353189898783503,-5.4818741935685305,3.81123621381183,-6.974815295043729,5.3041773152870295,0.1605,0.0485,0.13222371790697823,0.0492341464541655,star_platt,star_platt,0.13222371790697823,0.0492341464541655,NA,NA,NA,2026-10-04 16:25:00,2026-10-04 08:08:41,2026-10-04 08:08:28,live
RB,00-0037256,Rachaad White,WAS,IND,2026_04_IND_WAS,2026,4,Out,Did Not Participate In Practice,15,20,10.828266344385355,-0.5135443313917943,-5.029542275044723,4.002453612261134,-6.480535246978535,5.453446584194946,0.1495,0.0485,0.12471813042617762,0.0492341464541655,star_platt,star_platt,0.12471813042617762,0.0492341464541655,NA,NA,NA,2026-10-04 09:30:00,2026-10-04 08:08:41,2026-10-04 08:08:28,live
RB,00-0037746,Brian Robinson,ATL,NO,2026_04_ATL_NO,2026,4,NA,NA,15,20,10.622309455967931,-0.4054782589139594,-4.8824403929195235,4.071483875091605,-6.320891134728612,5.5099346169006935,0.149,0.0415,0.12437546839298584,0.043568550724535166,star_platt,star_platt,0.12437546839298584,0.043568550724535166,NA,NA,NA,2026-10-05 20:15:00,2026-10-04 08:08:41,2026-10-04 08:08:28,live
RB,00-0036919,Kenny Gainwell,TB,GB,2026_04_GB_TB,2026,4,NA,NA,15,20,10.338341235035493,-1.1233278852260449,-5.5457820272598015,3.2991262568077113,-6.966719317058471,4.720063546606381,0.112,0.026,0.12394745048682906,0.031311509963441196,star_platt,star_platt,0.12394745048682906,0.031311509963441196,NA,NA,NA,2026-10-04 13:00:00,2026-10-04 08:08:41,2026-10-04 08:08:28,live
RB,00-0039344,Jonathon Brooks,CAR,DET,2026_04_DET_CAR,2026,4,NA,NA,15,20,9.993214878820954,-0.5419621473084333,-4.897052535444237,3.81312824082737,-6.296345808861901,5.212421514245035,0.1425,0.0395,0.1199078718784638,0.04191436097293838,star_platt,star_platt,0.1199078718784638,0.04191436097293838,NA,NA,NA,2026-10-04 20:20:00,2026-10-04 08:08:41,2026-10-04 08:08:28,live
RB,00-0041013,Emmett Johnson,KC,LV,2026_04_KC_LV,2026,4,NA,NA,15,20,9.823035410585577,-0.26634230932905467,-4.587746575101176,4.055061956443066,-5.97621647627393,5.44353185761582,0.1385,0.0405,0.1171459056359574,0.04274359146927809,star_platt,star_platt,0.1171459056359574,0.04274359146927809,NA,NA,NA,2026-10-04 16:25:00,2026-10-04 08:08:41,2026-10-04 08:08:28,live
RB,00-0040177,Jordan James,SF,DEN,2026_04_DEN_SF,2026,4,NA,NA,15,20,9.330365436630538,-0.29523314890448515,-4.517272758531792,3.926806460722822,-5.873816733359212,5.2833504355502425,0.1315,0.0325,0.11228709481005195,0.03597712195250222,star_platt,star_platt,0.11228709481005195,0.03597712195250222,NA,NA,NA,2026-10-04 16:25:00,2026-10-04 08:08:41,2026-10-04 08:08:28,live
RB,00-0039364,Sione Vaki,DET,CAR,2026_04_DET_CAR,2026,4,NA,NA,15,20,8.45268786144492,0.4018637289748308,-3.6357657868008455,4.439493244750507,-4.933058682803386,5.736786140753047,0.1305,0.0315,0.11159018082635144,0.03510783576119125,star_platt,star_platt,0.11159018082635144,0.03510783576119125,NA,NA,NA,2026-10-04 20:20:00,2026-10-04 08:08:41,2026-10-04 08:08:28,live
RB,00-0040878,Mike Washington Jr.,LV,KC,2026_04_KC_LV,2026,4,NA,NA,15,20,9.806446148457324,-0.3485777097257214,-4.666681170563052,3.9695257511116093,-6.054090521039845,5.356935101588402,0.13,0.042,0.11124145021211183,0.04397947090351627,star_platt,star_platt,0.11124145021211183,0.04397947090351627,NA,NA,NA,2026-10-04 16:25:00,2026-10-04 08:08:41,2026-10-04 08:08:28,live
RB,00-0029892,Kyle Juszczyk,SF,DEN,2026_04_DEN_SF,2026,4,NA,NA,15,20,8.456808115510993,0.33820658254860325,-3.7003125647960426,4.376725729893249,-4.9978912999797105,5.674304465076918,0.129,0.0325,0.11054343484787017,0.03597712195250222,star_platt,star_platt,0.11054343484787017,0.03597712195250222,NA,NA,NA,2026-10-04 16:25:00,2026-10-04 08:08:41,2026-10-04 08:08:28,live
RB,00-0038611,Chris Rodriguez Jr.,JAX,CIN,2026_04_JAX_CIN,2026,4,NA,NA,15,20,10.279362400975005,-0.678514609145114,-5.089545192016282,3.7325159737260547,-6.5068120850906395,5.149782866800412,0.1265,0.039,0.10879509837895954,0.04149809999057313,star_platt,star_platt,0.10879509837895954,0.04149809999057313,NA,NA,NA,2026-10-04 13:00:00,2026-10-04 08:08:41,2026-10-04 08:08:28,live
RB,00-0041096,Kaytron Allen,WAS,IND,2026_04_IND_WAS,2026,4,NA,NA,15,20,9.968657597205777,-0.7682126829142516,-5.1184615989734,3.5820362331448967,-6.516199304376045,4.979773938547542,0.1225,0.034,0.10598758262260363,0.037270472986786915,star_platt,star_platt,0.10598758262260363,0.037270472986786915,NA,NA,NA,2026-10-04 09:30:00,2026-10-04 08:08:41,2026-10-04 08:08:28,live
RB,00-0033699,Austin Ekeler,WAS,IND,2026_04_IND_WAS,2026,4,NA,NA,15,20,10.358334931020371,-0.6594458181250507,-5.085764414395431,3.76687277814533,-6.507943355764288,5.189051719514188,0.1215,0.033,0.10528367133896654,0.036409621898927234,star_platt,star_platt,0.10528367133896654,0.036409621898927234,NA,NA,NA,2026-10-04 09:30:00,2026-10-04 08:08:41,2026-10-04 08:08:28,live
RB,00-0033526,Samaje Perine,CIN,JAX,2026_04_JAX_CIN,2026,4,NA,NA,15,20,9.340918664663004,-0.4038666511592976,-4.628064437469378,3.820331135150783,-5.985301835818679,5.177568533500083,0.117,0.0305,0.10210551499239555,0.03423263992594899,star_platt,star_platt,0.10210551499239555,0.03423263992594899,NA,NA,NA,2026-10-04 13:00:00,2026-10-04 08:08:41,2026-10-04 08:08:28,live
RB,00-0034975,Justice Hill,BAL,TEN,2026_04_TEN_BAL,2026,4,NA,NA,15,20,8.984738314849006,-0.2027600810440463,-4.353364106330804,3.947843944242711,-5.6869557831019755,5.281435621013882,0.1165,0.035,0.10175128730398147,0.03812596535362331,star_platt,star_platt,0.10175128730398147,0.03812596535362331,NA,NA,NA,2026-10-04 13:00:00,2026-10-04 08:08:41,2026-10-04 08:08:28,live
RB,00-0036842,Kene Nwangwu,NYJ,CHI,2026_04_NYJ_CHI,2026,4,NA,Full Participation in Practice,15,20,10.053864156892534,-1.1457959517143315,-5.5128154949060715,3.221223591477409,-6.915941613325714,4.624349709897052,0.113,0.0315,0.09926526507950091,0.03510783576119125,star_platt,star_platt,0.09926526507950091,0.03510783576119125,NA,NA,NA,2026-10-04 13:00:00,2026-10-04 08:08:41,2026-10-04 08:08:28,live
RB,00-0036893,Najee Harris,NYG,ARI,2026_04_ARI_NYG,2026,4,NA,NA,15,20,9.61578133093818,-0.7921221505568393,-5.072066782630308,3.487822481516629,-6.447215677490328,4.86297137637665,0.1125,0.031,0.09890917922278815,0.03467099165438612,star_platt,star_platt,0.09890917922278815,0.03467099165438612,NA,NA,NA,2026-10-04 13:00:00,2026-10-04 08:08:41,2026-10-04 08:08:28,live
RB,00-0038488,Brady Russell,SEA,LAC,2026_04_LAC_SEA,2026,4,NA,NA,15,20,8.889864284208354,-0.21424507251453237,-4.344977756414411,3.916487611385347,-5.672184758733776,5.243694613704712,0.112,0.03,0.09855285291600045,0.03379274900493337,star_platt,star_platt,0.09855285291600045,0.03379274900493337,NA,NA,NA,2026-10-04 16:25:00,2026-10-04 08:08:41,2026-10-04 08:08:28,live
RB,00-0040179,DJ Giddens,IND,WAS,2026_04_IND_WAS,2026,4,NA,NA,15,20,9.76688707687413,-0.7440739543714184,-5.054293885190814,3.5661459764479773,-6.439170252527937,4.9510223437851,0.1115,0.0285,0.09819628428531586,0.0324635076245836,star_platt,star_platt,0.09819628428531586,0.0324635076245836,NA,NA,NA,2026-10-04 09:30:00,2026-10-04 08:08:41,2026-10-04 08:08:28,live
RB,00-0039686,Colson Yankoff,WAS,IND,2026_04_IND_WAS,2026,4,NA,NA,15,20,8.983174257329582,-0.4188324019119511,-4.569109770292589,3.731444966468687,-5.902596491994932,5.06493168817103,0.11,0.0355,0.09712510544697193,0.038551763830076344,star_platt,star_platt,0.09712510544697193,0.038551763830076344,NA,NA,NA,2026-10-04 09:30:00,2026-10-04 08:08:41,2026-10-04 08:08:28,live
RB,00-0040556,Corey Kiner,NE,BUF,2026_04_NE_BUF,2026,4,NA,NA,15,20,9.470190734633453,-0.4868508343566365,-4.737377590361275,3.7636759216480016,-6.103074503188157,5.129372834474884,0.1085,0.0225,0.09605167652242337,0.02698403024064909,star_platt,star_platt,0.09605167652242337,0.02698403024064909,NA,NA,NA,2026-10-04 13:00:00,2026-10-04 08:08:41,2026-10-04 08:08:28,live
RB,00-0041081,Max Bredeson,MIN,MIA,2026_04_MIA_MIN,2026,4,NA,NA,15,20,9.487498502360209,-0.54098165915837515,-4.79501852194834,3.7130552036315896,-6.161843234287047,5.079879915970296,0.106,0.03,0.09425748197346266,0.03379274900493337,star_platt,star_platt,0.09425748197346266,0.03379274900493337,NA,NA,NA,2026-10-04 16:05:00,2026-10-04 08:08:41,2026-10-04 08:08:28,live
RB,00-0036924,Michael Carter,TEN,BAL,2026_04_TEN_BAL,2026,4,NA,NA,15,20,10.59660451952325,-1.3960147407782522,-5.86807590832353,3.076046426767026,-7.304951966534822,4.512922484978318,0.104,0.027,0.09281734580858442,0.03111915821997442,star_platt,star_platt,0.09281734580858442,0.03111915821997442,NA,NA,NA,2026-10-04 13:00:00,2026-10-04 08:08:41,2026-10-04 08:08:28,live
RB,00-0038454,Keaton Mitchell,LAC,SEA,2026_04_LAC_SEA,2026,4,NA,Full Participation in Practice,15,20,9.941523579761746,-1.2037276383610438,-5.548619472860292,3.141164196138204,-6.944635944597537,4.537180667875449,0.1005,0.025,0.09028643754003693,0.029301320952655113,star_platt,star_platt,0.09028643754003693,0.029301320952655113,NA,NA,NA,2026-10-04 16:25:00,2026-10-04 08:08:41,2026-10-04 08:08:28,live
RB,00-0039471,Frank Gore Jr.,BUF,NE,2026_04_NE_BUF,2026,4,NA,NA,15,20,8.153690009043821,-0.12766706488963853,-4.10009194062981,3.844757810850534,-5.376434544889644,5.121100415110368,0.1,0.03,0.08992373445033701,0.03379274900493337,star_platt,star_platt,0.08992373445033701,0.03379274900493337,NA,NA,NA,2026-10-04 13:00:00,2026-10-04 08:08:41,2026-10-04 08:08:28,live
RB,00-0038896,Jacob Saylors,DET,CAR,2026_04_DET_CAR,2026,4,NA,NA,15,20,8.462748424995654,-0.0314924352073358,-4.071293776518882,4.00830890610421,-5.369284481428364,5.306299611013692,0.1,0.0275,0.08992373445033701,0.031569016810379776,star_platt,star_platt,0.08992373445033701,0.031569016810379776,NA,NA,NA,2026-10-04 20:20:00,2026-10-04 08:08:41,2026-10-04 08:08:28,live
RB,00-0039021,Roschon Johnson,CHI,NYJ,2026_04_NYJ_CHI,2026,4,NA,NA,15,20,9.191488894708234,-0.7187208279179838,-4.912234094645228,3.4747924388092604,-6.259612537605845,4.8221708817698765,0.1,0.024,0.08992373445033701,0.028380713424621614,star_platt,star_platt,0.08992373445033701,0.028380713424621614,NA,NA,NA,2026-10-04 13:00:00,2026-10-04 08:08:41,2026-10-04 08:08:28,live
RB,00-0035567,Craig Reynolds,WAS,IND,2026_04_IND_WAS,2026,4,NA,NA,15,20,9.12099166150442,-0.43460567899761504,-4.613547857482077,3.744336499486847,-5.956244600650643,5.087033242655413,0.099,0.0265,0.089197446242403,0.030667503145147382,star_platt,star_platt,0.089197446242403,0.030667503145147382,NA,NA,NA,2026-10-04 09:30:00,2026-10-04 08:08:41,2026-10-04 08:08:28,live
RB,00-0040208,Tahj Brooks,CIN,JAX,2026_04_JAX_CIN,2026,4,NA,NA,15,20,9.101686785730925,-1.0400061313151003,-5.214947426515666,3.1349351638854657,-6.556358683375581,4.476346420745381,0.099,0.0235,0.089197446242403,0.027917311028885478,star_platt,star_platt,0.089197446242403,0.027917311028885478,NA,NA,NA,2026-10-04 13:00:00,2026-10-04 08:08:41,2026-10-04 08:08:28,live
RB,00-0036265,AJ Dillon,CAR,DET,2026_04_DET_CAR,2026,4,NA,NA,15,20,9.387118423721484,-1.0290548477381107,-5.26268497597197,3.204575280495748,-6.6229529916977725,4.56484329622155,0.097,0.0255,0.08774127357552217,0.02975863018024345,star_platt,star_platt,0.08774127357552217,0.02975863018024345,NA,NA,NA,2026-10-04 20:20:00,2026-10-04 08:08:41,2026-10-04 08:08:28,live
RB,00-0035250,Devin Singletary,NYG,ARI,2026_04_ARI_NYG,2026,4,NA,NA,15,20,9.126203526054224,-0.7636641156750131,-4.943685643404039,3.4163574120540128,-6.286729182161899,4.759400950811873,0.0955,0.0235,0.08664591860996668,0.027917311028885478,star_platt,star_platt,0.08664591860996668,0.027917311028885478,NA,NA,NA,2026-10-04 13:00:00,2026-10-04 08:08:41,2026-10-04 08:08:28,live
RB,00-0035537,Ty Johnson,BUF,NE,2026_04_NE_BUF,2026,4,NA,NA,15,20,8.074779271754595,0.09662986983839719,-3.8583686787689984,4.051628418445793,-5.129112193190491,5.322371932867285,0.0955,0.0195,0.08664591860996668,0.024127787801952846,star_platt,star_platt,0.08664591860996668,0.024127787801952846,NA,NA,NA,2026-10-04 13:00:00,2026-10-04 08:08:41,2026-10-04 08:08:28,live
RB,00-0039032,Tyjae Spears,TEN,BAL,2026_04_TEN_BAL,2026,4,Questionable,Full Participation in Practice,15,20,10.391726601141293,-1.3690237746065672,-5.801787332267184,3.0637397830540487,-7.226037043773294,4.487989494560159,0.0955,0.0275,0.08664591860996668,0.031569016810379776,star_platt,star_platt,0.08664591860996668,0.031569016810379776,NA,NA,NA,2026-10-04 13:00:00,2026-10-04 08:08:41,2026-10-04 08:08:28,live
RB,00-0039874,Jaylen Wright,MIA,MIN,2026_04_MIA_MIN,2026,4,NA,Full Participation in Practice,15,20,10.359598949301551,-1.3116192648267002,-5.738182037728244,3.114943508074843,-7.160439433201852,4.5372009035484515,0.094,0.03,0.08554772146900073,0.03379274900493337,star_platt,star_platt,0.08554772146900073,0.03379274900493337,NA,NA,NA,2026-10-04 16:05:00,2026-10-04 08:08:41,2026-10-04 08:08:28,live
RB,00-0039796,Rasheen Ali,BAL,TEN,2026_04_TEN_BAL,2026,4,NA,NA,15,20,8.931174437587313,-0.7255474008236137,-4.864946697506823,3.413851895859595,-6.1949382879495625,4.743843486302334,0.0925,0.0235,0.08444660985423938,0.027917311028885478,star_platt,star_platt,0.08444660985423938,0.027917311028885478,NA,NA,NA,2026-10-04 13:00:00,2026-10-04 08:08:41,2026-10-04 08:08:28,live
RB,00-0039875,Ray Davis,BUF,NE,2026_04_NE_BUF,2026,4,Questionable,Limited Participation in Practice,15,20,8.031793348147605,-0.14247605812048328,-4.08794249463671,3.802990378395744,-5.355623335464339,5.070671219223374,0.092,0.0195,0.08407891213620168,0.024127787801952846,star_platt,star_platt,0.08407891213620168,0.024127787801952846,NA,NA,NA,2026-10-04 13:00:00,2026-10-04 08:08:41,2026-10-04 08:08:28,live
RB,00-0038489,Ben VanSumeren,KC,LV,2026_04_KC_LV,2026,4,NA,NA,15,20,8.496033278631192,-0.5491639586872412,-4.596140607305502,3.49781268993102,-5.896436742953309,4.798108825578828,0.091,0.0255,0.08334250897667267,0.02975863018024345,star_platt,star_platt,0.08334250897667267,0.02975863018024345,NA,NA,NA,2026-10-04 16:25:00,2026-10-04 08:08:41,2026-10-04 08:08:28,live
RB,00-0041326,CJ Donaldson,NO,ATL,2026_04_ATL_NO,2026,4,NA,NA,15,20,8.556177404025405,-0.3300439432872431,-4.389947070448165,3.7298591838736788,-5.694396491759801,5.034308605185315,0.0905,0.019,0.08297379776869246,0.023642761377000724,star_platt,star_platt,0.08297379776869246,0.023642761377000724,NA,NA,NA,2026-10-05 20:15:00,2026-10-04 08:08:41,2026-10-04 08:08:28,live
RB,00-0033854,Dare Ogunbowale,HOU,DAL,2026_04_DAL_HOU,2026,4,NA,NA,15,20,9.344016344913591,-1.045939052592622,-5.270770073054711,3.178891967869468,-6.628210929934246,4.536332824749001,0.09,0.025,0.08260474290782377,0.029301320952655113,star_platt,star_platt,0.08260474290782377,0.029301320952655113,NA,NA,NA,2026-10-04 13:00:00,2026-10-04 08:08:41,2026-10-04 08:08:28,live
RB,00-0038951,Sean Tucker,TB,GB,2026_04_GB_TB,2026,4,NA,NA,15,20,9.087286190886031,-1.1321779590553163,-5.304131741138274,3.0397758230276413,-6.6445831081595985,4.3802271900489655,0.0895,0.022,0.08223534142529339,0.02651403222322637,star_platt,star_platt,0.08223534142529339,0.02651403222322637,NA,NA,NA,2026-10-04 13:00:00,2026-10-04 08:08:41,2026-10-04 08:08:28,live
RB,00-0039798,Isaiah Davis,NYJ,CHI,2026_04_NYJ_CHI,2026,4,NA,NA,15,20,8.814404287295035,-0.6760881048390021,-4.790932596443945,3.4387563867659403,-6.113034712613152,4.760858502935148,0.0895,0.023,0.08223534142529339,0.027451769428245804,star_platt,star_platt,0.08223534142529339,0.027451769428245804,NA,NA,NA,2026-10-04 13:00:00,2026-10-04 08:08:41,2026-10-04 08:08:28,live
RB,00-0034959,Andrew Beck,NYJ,CHI,2026_04_NYJ_CHI,2026,4,NA,NA,15,20,8.616419670172576,-0.5538989572894544,-4.6266998430618855,3.5189019284829772,-5.935293322305458,4.827495407726549,0.087,0.022,0.0803830282729018,0.02651403222322637,star_platt,star_platt,0.0803830282729018,0.02651403222322637,NA,NA,NA,2026-10-04 13:00:00,2026-10-04 08:08:41,2026-10-04 08:08:28,live
RB,00-0039407,Dylan Laube,LV,KC,2026_04_KC_LV,2026,4,NA,NA,15,20,9.198848545466623,-1.2587608646645303,-5.453791764044343,2.936270034715282,-6.801657823328158,4.284136093999097,0.086,0.021,0.07963956868568195,0.025566999149833868,star_platt,star_platt,0.07963956868568195,0.025566999149833868,NA,NA,NA,2026-10-04 16:25:00,2026-10-04 08:08:41,2026-10-04 08:08:28,live
RB,00-0037745,Velus Jones Jr.,SEA,LAC,2026_04_LAC_SEA,2026,4,NA,NA,15,20,8.496033278631192,-0.5842716515476166,-4.631248300165878,3.4627049970706447,-5.931544435813685,4.763001132718451,0.0845,0.0175,0.07852158318829879,0.022170572706153933,star_platt,star_platt,0.07852158318829879,0.022170572706153933,NA,NA,NA,2026-10-04 16:25:00,2026-10-04 08:08:41,2026-10-04 08:08:28,live
RB,00-0037085,Tyler Badie,DEN,SF,2026_04_DEN_SF,2026,4,NA,NA,15,20,8.434792783394853,-0.32999544954066856,-4.363758359809519,3.7037674607281814,-5.659808913037406,4.999818013956068,0.084,0.0155,0.07814816235603347,0.020163825579628633,star_platt,star_platt,0.07814816235603347,0.020163825579628633,NA,NA,NA,2026-10-04 16:25:00,2026-10-04 08:08:41,2026-10-04 08:08:28,live
RB,00-0037557,Ronnie Rivers,LA,PHI,2026_04_LA_PHI,2026,4,NA,NA,15,20,8.514884931262024,-0.6802130488017694,-4.731246769114236,3.3708206715106974,-6.03284644444217,4.672420346838632,0.084,0.022,0.07814816235603347,0.02651403222322637,star_platt,star_platt,0.07814816235603347,0.02651403222322637,NA,NA,NA,2026-10-04 13:00:00,2026-10-04 08:08:41,2026-10-04 08:08:28,live
RB,00-0041125,Seth McGowan,IND,WAS,2026_04_IND_WAS,2026,4,NA,NA,15,20,8.584457214084898,-0.5537813527011459,-4.619745310647309,3.5121826052450174,-5.926142080691871,4.818579375289579,0.084,0.0205,0.07814816235603347,0.025089825319549692,star_platt,star_platt,0.07814816235603347,0.025089825319549692,NA,NA,NA,2026-10-04 09:30:00,2026-10-04 08:08:41,2026-10-04 08:08:28,live
RB,00-0040394,Anthony Tyus III,CAR,DET,2026_04_DET_CAR,2026,4,NA,NA,15,20,8.674753340387433,-0.5075607770794818,-4.592803792860258,3.577682238701295,-5.905394936279778,4.8902733821208155,0.0835,0.017,0.07777435632993358,0.02167380784111855,star_platt,star_platt,0.07777435632993358,0.02167380784111855,NA,NA,NA,2026-10-04 20:20:00,2026-10-04 08:08:41,2026-10-04 08:08:28,live
RB,00-0037157,Bam Knight,ARI,NYG,2026_04_ARI_NYG,2026,4,NA,NA,15,20,8.605459370544974,-1.003166073302377,-5.0736240646415185,3.067291918036765,-6.381464770434105,4.3751326238293515,0.0825,0.021,0.07702557472384182,0.025566999149833868,star_platt,star_platt,0.07702557472384182,0.025566999149833868,NA,NA,NA,2026-10-04 13:00:00,2026-10-04 08:08:41,2026-10-04 08:08:28,live
RB,00-0039391,Kimani Vidal,LAC,SEA,2026_04_LAC_SEA,2026,4,NA,NA,15,20,9.078594392588363,-1.1287268454438664,-5.298876192264047,3.0414225013763145,-6.638747793103619,4.381294102215886,0.082,0.0235,0.07665059204464425,0.027917311028885478,star_platt,star_platt,0.07665059204464425,0.027917311028885478,NA,NA,NA,2026-10-04 16:25:00,2026-10-04 08:08:41,2026-10-04 08:08:28,live
RB,00-0038685,Chris Brooks,GB,TB,2026_04_GB_TB,2026,4,NA,NA,15,20,9.234175034384048,-1.113482178735944,-5.315788504556026,3.0888241470841384,-6.665992162918576,4.439027805446688,0.081,0.017,0.07589942483762847,0.02167380784111855,star_platt,star_platt,0.07589942483762847,0.02167380784111855,NA,NA,NA,2026-10-04 13:00:00,2026-10-04 08:08:41,2026-10-04 08:08:28,live
RB,00-0032104,Ameer Abdullah,JAX,CIN,2026_04_JAX_CIN,2026,4,NA,NA,15,20,8.053599999465309,-0.5411376457231712,-4.491443182757513,3.409167891311171,-5.760678829616915,4.678403538170573,0.08,0.0215,0.0751466304784396,0.026041711063453824,star_platt,star_platt,0.0751466304784396,0.026041711063453824,NA,NA,NA,2026-10-04 13:00:00,2026-10-04 08:08:41,2026-10-04 08:08:28,live
RB,00-0041415,Dean Connors,LA,PHI,2026_04_LA_PHI,2026,4,NA,NA,15,20,8.607183964125388,-0.721671527921799,-4.792498280003907,3.349155224160309,-6.100457468854512,4.6571144130109134,0.0795,0.0205,0.07476961367365484,0.025089825319549692,star_platt,star_platt,0.07476961367365484,0.025089825319549692,NA,NA,NA,2026-10-04 13:00:00,2026-10-04 08:08:41,2026-10-04 08:08:28,live
RB,00-0037304,Connor Heyward,LV,KC,2026_04_KC_LV,2026,4,NA,NA,15,20,7.772434237386097,-0.1148678635127168,-4.002219089846765,3.772483362821331,-5.251227477190371,5.021491750164937,0.0785,0.0195,0.07401432148099468,0.024127787801952846,star_platt,star_platt,0.07401432148099468,0.024127787801952846,NA,NA,NA,2026-10-04 16:25:00,2026-10-04 08:08:41,2026-10-04 08:08:28,live
RB,00-0038555,Tank Bigsby,PHI,LA,2026_04_LA_PHI,2026,4,NA,Full Participation in Practice,15,20,9.266466979450353,-1.066670510625438,-5.275613974128561,3.1422729528776845,-6.6279501489917845,4.494609127740908,0.078,0.016,0.07363603820199834,0.020670558616596238,star_platt,star_platt,0.07363603820199834,0.020670558616596238,NA,NA,NA,2026-10-04 13:00:00,2026-10-04 08:08:41,2026-10-04 08:08:28,live
RB,00-0041436,DJ Herman,MIA,MIN,2026_04_MIA_MIN,2026,4,NA,NA,15,20,8.707731900254634,-0.8838692844704681,-4.976126099252888,3.208387530311952,-6.2909707806910085,4.523232211750072,0.078,0.0175,0.07363603820199834,0.022170572706153933,star_platt,star_platt,0.07363603820199834,0.022170572706153933,NA,NA,NA,2026-10-04 16:05:00,2026-10-04 08:08:41,2026-10-04 08:08:28,live
RB,00-0039384,Tyrone Tracy Jr.,NYG,ARI,2026_04_ARI_NYG,2026,4,NA,Full Participation in Practice,15,20,8.555168033455127,-0.8399653785217813,-4.899651978160907,3.2197212211173447,-6.204031829043974,4.524101072000412,0.0755,0.017,0.07173808719988922,0.02167380784111855,star_platt,star_platt,0.07173808719988922,0.02167380784111855,NA,NA,NA,2026-10-04 13:00:00,2026-10-04 08:08:41,2026-10-04 08:08:28,live
RB,00-0036727,Adam Prentice,DEN,SF,2026_04_DEN_SF,2026,4,NA,NA,15,20,7.678462434856616,-0.3945437117370709,-4.260576667309361,3.4714892438352196,-5.502735480885431,4.71364805741129,0.073,0.0155,0.06982885475291312,0.020163825579628633,star_platt,star_platt,0.06982885475291312,0.020163825579628633,NA,NA,NA,2026-10-04 16:25:00,2026-10-04 08:08:41,2026-10-04 08:08:28,live
RB,00-0040886,Nicholas Singleton,TEN,BAL,2026_04_TEN_BAL,2026,4,NA,NA,15,20,8.45944844791032,-1.0997698244705478,-5.1388589387633274,2.9393192898222313,-6.43662080468494,4.2370811557438435,0.0715,0.0165,0.06867766734125103,0.021173843207367572,star_platt,star_platt,0.06867766734125103,0.021173843207367572,NA,NA,NA,2026-10-04 13:00:00,2026-10-04 08:08:41,2026-10-04 08:08:28,live
RB,00-0038705,Emari Demercado,DAL,HOU,2026_04_DAL_HOU,2026,4,NA,NA,15,20,8.34296939647577,-1.0903159899296349,-5.104167471522745,2.9235354916634755,-6.393820470227769,4.213188490368499,0.071,0.014,0.0682929686143374,0.018621507421246988,star_platt,star_platt,0.0682929686143374,0.018621507421246988,NA,NA,NA,2026-10-04 13:00:00,2026-10-04 08:08:41,2026-10-04 08:08:28,live
RB,00-0039738,Blake Corum,LA,PHI,2026_04_LA_PHI,2026,4,NA,NA,15,20,11.378399633990863,-0.8126348983046453,-5.430948864081482,3.8056790674721914,-6.914816038100941,5.289546241491651,0.172,0.0545,0.06801048943510597,0,star_platt,star_platt,0.14001048943510597,0.053957351812634606,role_change_down,0.72,"Blurb explicitly notes Corum is receiving nearly equal touches to the lead back Williams and 'seemingly only getting better,' suggesting potential backfield committee shift that could reduce Corum's opportunity going forward.",2026-10-04 13:00:00,2026-10-04 08:08:41,2026-10-04 08:08:28,live
RB,00-0041104,Demond Claiborne,MIN,MIA,2026_04_MIA_MIN,2026,4,NA,NA,15,20,8.487005794372518,-0.7846443869176468,-4.829676480465297,3.2603877066300035,-6.1293478293492045,4.5600590555139116,0.069,0.022,0.06674919389076917,0.02651403222322637,star_platt,star_platt,0.06674919389076917,0.02651403222322637,NA,NA,NA,2026-10-04 16:05:00,2026-10-04 08:08:41,2026-10-04 08:08:28,live
RB,00-0038738,Hunter Luepke,DAL,HOU,2026_04_DAL_HOU,2026,4,NA,NA,15,20,8.118580039738772,-0.5720099225868915,-4.536692718321117,3.3926728731473332,-5.810547787418858,4.666527942245074,0.0675,0.015,0.06558598962415449,0.0196535064447878,star_platt,star_platt,0.06558598962415449,0.0196535064447878,NA,NA,NA,2026-10-04 13:00:00,2026-10-04 08:08:41,2026-10-04 08:08:28,live
RB,00-0038930,Carlos Washington,MIA,MIN,2026_04_MIA_MIN,2026,4,NA,NA,15,20,9.21243802711496,-0.9818881654400703,-5.179719602731889,3.2159432718517484,-6.528485476603455,4.564709145723315,0.065,0.009,0.06363664686121409,0.013181497268090205,star_platt,star_platt,0.06363664686121409,0.013181497268090205,NA,NA,NA,2026-10-04 16:05:00,2026-10-04 08:08:41,2026-10-04 08:08:28,live
RB,00-0039746,Will Shipley,PHI,LA,2026_04_LA_PHI,2026,4,NA,Full Participation in Practice,15,20,7.9828305057968825,-1.144724814489635,-5.079299643382518,2.789850014403248,-6.343481003849057,4.054031374869787,0.063,0.0125,0.062067153726674575,0.017042523212818225,star_platt,star_platt,0.062067153726674575,0.017042523212818225,NA,NA,NA,2026-10-04 13:00:00,2026-10-04 08:08:41,2026-10-04 08:08:28,live
RB,00-0033376,Patrick Ricard,NYG,ARI,2026_04_ARI_NYG,2026,4,NA,Full Participation in Practice,15,20,7.9037855663852286,-0.6570106892197661,-4.573924729933265,3.2599033514937323,-5.832431668080123,4.518410289640591,0.061,0.0125,0.06048832591365251,0.017042523212818225,star_platt,star_platt,0.06048832591365251,0.017042523212818225,NA,NA,NA,2026-10-04 13:00:00,2026-10-04 08:08:41,2026-10-04 08:08:28,live
RB,00-0040078,Brashard Smith,KC,LV,2026_04_KC_LV,2026,4,NA,NA,15,20,7.625808418130146,-0.7085334797264613,-4.562558914362026,3.1454919549091036,-5.800859703929467,4.383792744476544,0.0595,0.013,0.0592978241457535,0.017573235928807433,star_platt,star_platt,0.0592978241457535,0.017573235928807433,NA,NA,NA,2026-10-04 16:25:00,2026-10-04 08:08:41,2026-10-04 08:08:28,live
RB,00-0040568,Lan Larison,NE,BUF,2026_04_NE_BUF,2026,4,NA,NA,15,20,7.353753882874214,-0.40786264680946993,-4.199111099695756,3.3833858060768156,-5.417241605650591,4.601516312031651,0.057,0.015,0.057300931563267245,0.0196535064447878,star_platt,star_platt,0.057300931563267245,0.0196535064447878,NA,NA,NA,2026-10-04 13:00:00,2026-10-04 08:08:41,2026-10-04 08:08:28,live
RB,00-0036187,Reggie Gilliam,NE,BUF,2026_04_NE_BUF,2026,4,Questionable,Limited Participation in Practice,15,20,7.590393802454625,-0.3902127907842511,-4.236136504425347,3.455710922856845,-5.471834205955499,4.691408624386996,0.0555,0.0125,0.056094827157321045,0.017042523212818225,star_platt,star_platt,0.056094827157321045,0.017042523212818225,NA,NA,NA,2026-10-04 13:00:00,2026-10-04 08:08:41,2026-10-04 08:08:28,live
RB,00-0040238,LeQuint Allen Jr.,JAX,CIN,2026_04_JAX_CIN,2026,4,NA,Limited Participation in Practice,15,20,7.615212627083168,-1.1216174378502775,-4.97322106277047,2.7299861870699154,-6.210743723357293,3.967508847656738,0.0555,0.013,0.056094827157321045,0.017573235928807433,star_platt,star_platt,0.056094827157321045,0.017573235928807433,NA,NA,NA,2026-10-04 13:00:00,2026-10-04 08:08:41,2026-10-04 08:08:28,live
RB,00-0035125,Alec Ingold,LAC,SEA,2026_04_LAC_SEA,2026,4,NA,NA,15,20,7.310599043022087,-0.7685939389689109,-4.54976808938568,3.012580211447858,-5.764661715638002,4.22747383770018,0.053,0.015,0.05407065965519052,0.0196535064447878,star_platt,star_platt,0.05407065965519052,0.0196535064447878,NA,NA,NA,2026-10-04 16:25:00,2026-10-04 08:08:41,2026-10-04 08:08:28,live
RB,00-0037594,Julius Chestnut,TEN,BAL,2026_04_TEN_BAL,2026,4,NA,NA,15,20,8.649031227562704,-1.8376089566186047,-5.917371308962746,2.2421533957255373,-7.2282015117823555,3.5529835985451457,0.0465,0.011,0.0487182848146636,0.015421376481735376,star_platt,star_platt,0.0487182848146636,0.015421376481735376,NA,NA,NA,2026-10-04 13:00:00,2026-10-04 08:08:41,2026-10-04 08:08:28,live
RB,00-0037263,Tyler Allgeier,ARI,NYG,2026_04_ARI_NYG,2026,4,NA,NA,15,20,11.3782287165838,-0.9994071936124219,-5.6176897974510975,3.618875410226254,-7.101546894860155,5.102732507635311,0.1575,0.0475,0.045182728357183635,0,star_platt,star_platt,0.13018272835718364,0.0484356778539056,role_change_down,0.85,"Backup RB Jeremiah Love received increased opportunity, suggesting a potential shift in the Cardinals' RB committee that reduces Allgeier's role going forward.",2026-10-04 13:00:00,2026-10-04 08:08:41,2026-10-04 08:08:28,live
RB,00-0037120,Tyler Goodson,DAL,HOU,2026_04_DAL_HOU,2026,4,NA,NA,15,20,9.731121788053093,-1.1500297925740521,-5.453107164358128,3.1530475792100234,-6.835688622997067,4.535629037848961,0.1035,0.0275,0.027456630020753436,0,star_platt,star_platt,0.09245663002075344,0.031569016810379776,role_change_down,0.65,"Tyler Goodson signing to active roster suggests Cowboys are adding backfield depth, which could reduce snap/carry share for existing RBs, particularly if Elliott or Pollard were handling Malik Davis's workload.",2026-10-04 13:00:00,2026-10-04 08:08:41,2026-10-04 08:08:28,live
RB,00-0036425,DeeJay Dallas,MIN,MIA,2026_04_MIA_MIN,2026,4,NA,NA,15,20,8.93804282435999,-0.5827166340952222,-4.723554744463944,3.5581214762734996,-6.054008626646327,4.888575358455883,0.102,0.0245,0,0,star_platt,star_platt,0.09137281118954357,0.028842032327268976,role_change_down,0.95,"Aaron Jones Sr. cleared to play, which the impact note explicitly states renders Dallas irrelevant from a fantasy perspective this week due to reduced opportunity in a committee.",2026-10-04 16:05:00,2026-10-04 08:08:41,2026-10-04 08:08:28,live
TE,00-0040128,Tyler Warren,IND,WAS,2026_04_IND_WAS,2026,4,NA,NA,12,17,7.353652487925901,1.6904581405073067,-2.943057096243428,6.975408131090553,-4.908579349126891,8.50738439974885,0.5265,0.2545,0.6158671742497662,0.361148504424758,platt_vol_vegas,platt,0.5308671742497663,0.27614850442475797,role_change_up,0.85,"Impact note explicitly states Warren should expect continued high target volume with Alec Pierce out, signaling increased opportunity and role elevation.",2026-10-04 09:30:00,2026-10-04 08:08:41,2026-10-04 08:08:28,live
TE,00-0037744,Trey McBride,ARI,NYG,2026_04_ARI_NYG,2026,4,NA,NA,12,17,8.08829599460351,2.0614280517161623,-2.8352983471338264,7.646594564223127,-4.912473927972286,9.265596176142147,0.581,0.3225,0.6039885519632162,0.34849842567361167,platt_vol_vegas,platt,0.6039885519632162,0.34849842567361167,NA,NA,NA,2026-10-04 13:00:00,2026-10-04 08:08:41,2026-10-04 08:08:28,live
TE,00-0039338,Brock Bowers,LV,KC,2026_04_KC_LV,2026,4,NA,Limited Participation in Practice,12,17,7.95608513200416,1.4540899949838393,-3.3960323977280247,6.986100355149424,-5.4534387091333185,8.589693313426446,0.56,0.284,0.5638066200948506,0.30765772470844005,platt_vol_vegas,platt,0.5638066200948506,0.30765772470844005,NA,NA,NA,2026-10-04 16:25:00,2026-10-04 08:08:41,2026-10-04 08:08:28,live
TE,00-0033288,George Kittle,SF,DEN,2026_04_DEN_SF,2026,4,NA,NA,12,17,6.798520379506658,2.5220858715963033,-1.905132443682957,7.571735262638935,-3.7831442063370027,9.035503708112605,0.5255,0.258,0.5549369560037613,0.3648962992573032,platt_vol_vegas,platt,0.4699369560037613,0.2798962992573032,role_change_up,0.85,Tonges' IR placement directly increases Kittle's snap and target opportunity as the primary TE option.,2026-10-04 16:25:00,2026-10-04 08:08:41,2026-10-04 08:08:28,live
TE,00-0038933,Dalton Kincaid,BUF,NE,2026_04_NE_BUF,2026,4,NA,NA,12,17,6.957246123510615,1.4699474205588225,-3.016955486872935,6.587672574519525,-4.920285261454416,8.071174499675521,0.473,0.2255,0.5106466248380531,0.2450019234386377,platt_vol_vegas,platt,0.5106466248380531,0.2450019234386377,NA,NA,NA,2026-10-04 13:00:00,2026-10-04 08:08:41,2026-10-04 08:08:28,live
TE,00-0039065,Sam LaPorta,DET,CAR,2026_04_DET_CAR,2026,4,NA,NA,12,17,6.291463303480337,2.8085837861846814,-1.4239305958940491,7.636155446312966,-3.2193495766372404,9.035549051123155,0.508,0.2415,0.43032506148822025,0.2622065901974192,platt_vol_vegas,platt,0.43032506148822025,0.2622065901974192,NA,NA,NA,2026-10-04 20:20:00,2026-10-04 08:08:41,2026-10-04 08:08:28,live
TE,00-0030506,Travis Kelce,KC,LV,2026_04_KC_LV,2026,4,NA,NA,12,17,6.445420879412838,1.9061145833193833,-2.3861921321315487,6.801884895129229,-4.206974828280865,8.221047602034385,0.467,0.193,0.41863655943126393,0.2099094081940658,platt_vol_vegas,platt,0.41863655943126393,0.2099094081940658,NA,NA,NA,2026-10-04 16:25:00,2026-10-04 08:08:41,2026-10-04 08:08:28,live
TE,00-0034753,Mark Andrews,BAL,TEN,2026_04_TEN_BAL,2026,4,NA,Full Participation in Practice,12,17,6.513315837326957,1.7493561435631777,-2.569128114343309,6.674984348502774,-4.401015239763537,8.102802120032651,0.4555,0.1795,0.41017737835425394,0.1952791652560354,platt_vol_vegas,platt,0.41017737835425394,0.1952791652560354,NA,NA,NA,2026-10-04 13:00:00,2026-10-04 08:08:41,2026-10-04 08:08:28,live
TE,00-0034383,Dalton Schultz,HOU,DAL,2026_04_DAL_HOU,2026,4,NA,Limited Participation in Practice,12,17,6.201451541421842,1.264496450684998,-2.9327755399759683,6.051870924298352,-4.713244811688954,7.4396123590941725,0.3685,0.1315,0.38612410455461804,0.1430439067050683,platt_vol_vegas,platt,0.38612410455461804,0.1430439067050683,NA,NA,NA,2026-10-04 13:00:00,2026-10-04 08:08:41,2026-10-04 08:08:28,live
TE,00-0034829,Mike Gesicki,CIN,JAX,2026_04_JAX_CIN,2026,4,NA,NA,12,17,5.898455735553319,1.5599988325913343,-2.5170316192233435,6.21022677983672,-4.246494817092259,7.558212829227001,0.383,0.1525,0.3716742948633686,0.16593478611490797,platt_vol_vegas,platt,0.3716742948633686,0.16593478611490797,NA,NA,NA,2026-10-04 13:00:00,2026-10-04 08:08:41,2026-10-04 08:08:28,live
TE,00-0036040,Juwan Johnson,NO,ATL,2026_04_ATL_NO,2026,4,NA,NA,12,17,6.0559062452131265,1.2384060060571491,-2.9014228358644703,5.96026128897459,-4.657524908732965,7.329010331133455,0.3585,0.1355,0.35510761415683223,0.14740806893343367,platt_vol_vegas,platt,0.35510761415683223,0.14740806893343367,NA,NA,NA,2026-10-05 20:15:00,2026-10-04 08:08:41,2026-10-04 08:08:28,live
TE,00-0038996,Tucker Kraft,GB,TB,2026_04_GB_TB,2026,4,NA,NA,12,17,5.760151681578865,1.1692329281334977,-2.8520526673782665,5.755878743295568,-4.557869076589162,7.085433905423738,0.318,0.115,0.3460291975769302,0.21002474499056306,platt_vol_vegas,platt,0.26102919757693016,0.12502474499056304,role_change_up,0.85,Kraft hit a new season-high in targets (8) suggesting increased opportunity in the Packers offense.,2026-10-04 13:00:00,2026-10-04 08:08:41,2026-10-04 08:08:28,live
TE,00-0037838,Isaiah Likely,NYG,ARI,2026_04_ARI_NYG,2026,4,NA,NA,12,17,6.371918835105441,0.7682242107278751,-3.4956122693256626,5.631521602388033,-5.30431798323597,7.041271213023217,0.3405,0.129,0.3440601312492274,0.14031543324619378,platt_vol_vegas,platt,0.3440601312492274,0.14031543324619378,NA,NA,NA,2026-10-04 13:00:00,2026-10-04 08:08:41,2026-10-04 08:08:28,live
TE,00-0035229,T.J. Hockenson,MIN,MIA,2026_04_MIA_MIN,2026,4,NA,NA,12,17,5.445130671591098,1.0445853617835479,-2.8475880220127214,5.4839668328731275,-4.498635446494052,6.770833704527296,0.296,0.1,0.3328304749934221,0.1936245331995592,platt_vol_vegas,platt,0.24783047499342212,0.1086245331995592,role_change_up,0.85,"Josh Oliver's placement on IR removes the primary backup TE, increasing snap and target share for the Vikings' starter.",2026-10-04 16:05:00,2026-10-04 08:08:41,2026-10-04 08:08:28,live
TE,00-0031610,Darren Waller,CAR,DET,2026_04_DET_CAR,2026,4,NA,Full Participation in Practice,12,17,5.794738320594642,0.5648751886273923,-3.470403109180094,5.167480966816986,-5.182155177676637,6.501662527425821,0.305,0.0935,0.3198706821621145,0.1015138186309586,platt_vol_vegas,platt,0.3198706821621145,0.1015138186309586,NA,NA,NA,2026-10-04 20:20:00,2026-10-04 08:08:41,2026-10-04 08:08:28,live
TE,00-0041032,Kenyon Sadiq,NYJ,CHI,2026_04_NYJ_CHI,2026,4,Questionable,Limited Participation in Practice,12,17,5.493081643196574,0.7216720736380632,-3.1903526363294596,5.183695806747138,-4.84982092949152,6.477126110059962,0.262,0.075,0.3181206669696667,0.16627018341560648,platt_vol_vegas,platt,0.23312066696966666,0.08127018341560648,role_change_up,0.85,"Rookie TE Sadiq should continue to see his role grow with Taylor out for a second consecutive game, implying increased snaps and targets.",2026-10-04 13:00:00,2026-10-04 08:08:41,2026-10-04 08:08:28,live
TE,00-0038935,Brenton Strange,JAX,CIN,2026_04_JAX_CIN,2026,4,NA,NA,12,17,5.644376131607363,1.170755631302384,-2.8034320203507828,5.703681912755412,-4.489269633336967,7.0176651109194434,0.335,0.1125,0.3119556534218402,0.12229246676343687,platt_vol_vegas,platt,0.3119556534218402,0.12229246676343687,NA,NA,NA,2026-10-04 13:00:00,2026-10-04 08:08:41,2026-10-04 08:08:28,live
TE,00-0034351,Dallas Goedert,PHI,LA,2026_04_LA_PHI,2026,4,Out,Did Not Participate In Practice,12,17,5.419244019719246,0.8075603752221437,-3.0738656390329613,5.234683483566982,-4.720354063939719,6.5179969590961155,0.2515,0.0715,0.3050137879995707,0.16244052581416135,platt_vol_vegas,platt,0.22001378799957066,0.07744052581416133,role_change_up,0.85,Goedert and Smith both out creates increased target/snap opportunity for backup WRs Wicks and Lemon.,2026-10-04 13:00:00,2026-10-04 08:08:41,2026-10-04 08:08:28,live
TE,00-0033110,Tyler Higbee,LA,PHI,2026_04_LA_PHI,2026,4,NA,Did Not Participate In Practice,12,17,4.986988091209403,1.0515358494397857,-2.6471240432025915,5.270197398181884,-4.216083667458435,6.493083024288046,0.2535,0.0705,0.2961101289687558,0.16134641321737825,platt_vol_vegas,platt,0.21111012896875583,0.07634641321737823,role_change_up,0.85,"Higbee saw elevated target volume (11) with Ferguson injured, signaling a potential role increase if Ferguson's ankle injury persists.",2026-10-04 13:00:00,2026-10-04 08:08:41,2026-10-04 08:08:28,live
TE,00-0039793,AJ Barner,SEA,LAC,2026_04_LAC_SEA,2026,4,NA,NA,12,17,5.630981324063451,1.4182704196081204,-2.5504421109106223,5.944951822192874,-4.233957195130399,7.257124784452328,0.338,0.1175,0.2865569976861076,0.1277565185303448,platt_vol_vegas,platt,0.2865569976861076,0.1277565185303448,NA,NA,NA,2026-10-04 16:25:00,2026-10-04 08:08:41,2026-10-04 08:08:28,live
TE,00-0040737,Terrance Ferguson,LA,PHI,2026_04_LA_PHI,2026,4,Out,Did Not Participate In Practice,12,17,4.9620412200758865,1.1164490395280493,-2.5714638520653805,5.322852645824649,-4.135864633059864,6.542184997640128,0.2545,0.07,0.2809944471814877,0.1477993720638996,platt_vol_vegas,platt,0.20899444718148769,0.07579937206389958,role_change_up,0.72,Ferguson's 4-game IR placement opens meaningful snaps and targets for backup tight ends on the Rams roster.,2026-10-04 13:00:00,2026-10-04 08:08:41,2026-10-04 08:08:28,live
TE,00-0039066,Michael Mayer,LV,KC,2026_04_KC_LV,2026,4,NA,NA,12,17,5.715807734628472,1.084898369614646,-2.918395311312277,5.6510227525687124,-4.616579608253852,6.974629259137689,0.317,0.114,0.2764811551981939,0.12393189270882925,platt_vol_vegas,platt,0.2764811551981939,0.12393189270882925,NA,NA,NA,2026-10-04 16:25:00,2026-10-04 08:08:41,2026-10-04 08:08:28,live
TE,00-0038041,Jake Ferguson,DAL,HOU,2026_04_DAL_HOU,2026,4,NA,NA,12,17,5.533013917077899,0.7936496167772394,-3.1348512933575488,5.2744659704928445,-4.801308737610528,6.573343789647144,0.2815,0.086,0.27294403129780476,0.09330736429769025,platt_vol_vegas,platt,0.27294403129780476,0.09330736429769025,NA,NA,NA,2026-10-04 13:00:00,2026-10-04 08:08:41,2026-10-04 08:08:28,live
TE,00-0040126,Colston Loveland,CHI,NYJ,2026_04_NYJ_CHI,2026,4,NA,NA,12,17,5.526498840040122,1.4258244810367193,-2.499991700691602,5.903578655253283,-4.165310291793953,7.201568824319831,0.3135,0.1095,0.27119563087412574,0.11901310646080583,platt_vol_vegas,platt,0.27119563087412574,0.11901310646080583,NA,NA,NA,2026-10-04 13:00:00,2026-10-04 08:08:41,2026-10-04 08:08:28,live
TE,00-0038129,Cade Otton,TB,GB,2026_04_GB_TB,2026,4,NA,NA,12,17,6.137687553006576,0.9704959431867389,-3.2016804035154776,5.729246528342464,-4.971504183818371,7.108690605942485,0.328,0.1165,0.27108980616952005,0.12666387143509197,platt_vol_vegas,platt,0.27108980616952005,0.12666387143509197,NA,NA,NA,2026-10-04 13:00:00,2026-10-04 08:08:41,2026-10-04 08:08:28,live
TE,00-0030061,Zach Ertz,PHI,LA,2026_04_LA_PHI,2026,4,NA,NA,12,17,4.713638034201618,0.5690531145399936,-3.010583003672672,4.651957109155088,-4.5290531258312186,5.835489978549409,0.189,0.046,0.24586654701968713,0.13456610774783284,platt_vol_vegas,platt,0.1608665470196871,0.04956610774783282,role_change_up,0.85,"Ertz signed to Eagles practice squad and will operate as top tight end with Goedert sidelined, indicating increased opportunity and role elevation.",2026-10-04 13:00:00,2026-10-04 08:08:41,2026-10-04 08:08:28,live
TE,00-0040189,Oronde Gadsden II,LAC,SEA,2026_04_LAC_SEA,2026,4,NA,NA,12,17,4.501257462364965,0.3182129393299416,-3.1669338976588484,4.293343224266998,-4.645321970786576,5.445635161219913,0.147,0.035,0.22511938974864554,0.13257468480989565,platt_vol_vegas,platt,0.13011938974864554,0.03757468480989566,role_change_up,0.95,"Njoku and Kolar both placed on IR, making Gadsden the only healthy tight end and significantly increasing his snap/target opportunity.",2026-10-04 16:25:00,2026-10-04 08:08:41,2026-10-04 08:08:28,live
TE,00-0035644,Noah Fant,NO,ATL,2026_04_ATL_NO,2026,4,Questionable,Limited Participation in Practice,12,17,4.807189364324148,0.8453346617460691,-2.775354465361927,4.9750633861589515,-4.311239141786228,6.172169586420048,0.224,0.0615,0.21741585997540758,0.0665017969186095,platt_vol_vegas,platt,0.21741585997540758,0.0665017969186095,NA,NA,NA,2026-10-05 20:15:00,2026-10-04 08:08:41,2026-10-04 08:08:28,live
TE,00-0033881,Evan Engram,DEN,SF,2026_04_DEN_SF,2026,4,NA,NA,12,17,4.954710804988591,0.5046046142214522,-3.1801460585793766,4.707401419347824,-4.743205436537987,5.925688248725361,0.214,0.057,0.21425813694244816,0.06158183911511638,platt_vol_vegas,platt,0.21425813694244816,0.06158183911511638,NA,NA,NA,2026-10-04 16:25:00,2026-10-04 08:08:41,2026-10-04 08:08:28,live
TE,00-0040736,Mason Taylor,NYJ,CHI,2026_04_NYJ_CHI,2026,4,Out,Did Not Participate In Practice,12,17,5.265873593753089,0.8824243000397924,-2.9348793531868083,5.236409962191315,-4.554167278889567,6.498522701267297,0.247,0.076,0.211949989284645,0.08236443008939547,platt_vol_vegas,platt,0.211949989284645,0.08236443008939547,NA,NA,NA,2026-10-04 13:00:00,2026-10-04 08:08:41,2026-10-04 08:08:28,live
TE,00-0033090,Hunter Henry,NE,BUF,2026_04_NE_BUF,2026,4,NA,NA,12,17,5.93113380027102,1.0637674601190656,-3.0263537963182428,5.728926673203047,-4.761370071382168,7.081240927205767,0.332,0.1305,0.21097681564326026,0.05695259608053567,platt_vol_vegas,platt,0.2959768156432603,0.14195259608053568,role_change_down,0.85,Raridon's potential return from injury would reduce Henry's snap count and target share at tight end.,2026-10-04 13:00:00,2026-10-04 08:08:41,2026-10-04 08:08:28,live
TE,00-0037005,Tommy Tremble,CAR,DET,2026_04_DET_CAR,2026,4,NA,NA,12,17,4.730592269715794,0.7715128479349754,-2.8155884759759826,4.862931595770684,-4.337225314368884,6.048932681494527,0.2025,0.0485,0.20807183259270676,0.052295270999154896,platt_vol_vegas,platt,0.20807183259270676,0.052295270999154896,NA,NA,NA,2026-10-04 20:20:00,2026-10-04 08:08:41,2026-10-04 08:08:28,live
TE,00-0037805,Jeremy Ruckert,NYJ,CHI,2026_04_NYJ_CHI,2026,4,NA,Full Participation in Practice,12,17,4.0439319099759645,0.5781292210623373,-2.6969549071855945,4.313663679967234,-4.086235055242449,5.396502713826482,0.1415,0.031,0.20581434037888394,0.11822318462151313,platt_vol_vegas,platt,0.12081434037888393,0.03322318462151312,role_change_up,0.85,"Ruckert will see increased snaps and targets with Mason Taylor (thumb) out and Kenyon Sadiq (back) questionable, materially expanding his role this week.",2026-10-04 13:00:00,2026-10-04 08:08:41,2026-10-04 08:08:28,live
TE,00-0036556,Brevin Jordan,HOU,DAL,2026_04_DAL_HOU,2026,4,NA,NA,12,17,4.540761029956193,0.6688501991763152,-2.834011366776612,4.664185760645029,-4.319913970925333,5.822334707447297,0.205,0.062,0.20255619910885292,0.06704857451201103,platt_vol_vegas,platt,0.20255619910885292,0.06704857451201103,NA,NA,NA,2026-10-04 13:00:00,2026-10-04 08:08:41,2026-10-04 08:08:28,live
TE,00-0041116,Jack Endries,CIN,JAX,2026_04_JAX_CIN,2026,4,NA,NA,12,17,4.245372443763391,1.4808151101678422,-1.8879636023457689,5.3232168538299245,-3.3169886915410927,6.437034069968226,0.2315,0.071,0.19416278750800575,0.07689346464503752,platt_vol_vegas,platt,0.19416278750800575,0.07689346464503752,NA,NA,NA,2026-10-04 13:00:00,2026-10-04 08:08:41,2026-10-04 08:08:28,live
TE,00-0039824,Jared Wiley,KC,LV,2026_04_KC_LV,2026,4,NA,NA,12,17,4.468464678148871,0.7906755986396737,-2.6797162222989432,4.7489764316485426,-4.1518452650994915,5.896389926797005,0.1885,0.046,0.19380747982468938,0.04956610774783282,platt_vol_vegas,platt,0.19380747982468938,0.04956610774783282,NA,NA,NA,2026-10-04 16:25:00,2026-10-04 08:08:41,2026-10-04 08:08:28,live
TE,00-0040363,Keleki Latu,BUF,NE,2026_04_NE_BUF,2026,4,NA,NA,12,17,4.249579438878598,1.2138966913111469,-2.156818651559898,5.058507339890193,-3.5866652531208123,6.172964862922322,0.194,0.052,0.192310714794619,0.05611790252579439,platt_vol_vegas,platt,0.192310714794619,0.05611790252579439,NA,NA,NA,2026-10-04 13:00:00,2026-10-04 08:08:41,2026-10-04 08:08:28,live
TE,00-0034270,Tyler Conklin,DET,CAR,2026_04_DET_CAR,2026,4,NA,NA,12,17,4.18941932100166,1.406536400352213,-1.936408020657115,5.21947176014242,-3.3544742865304817,6.324747400505107,0.2105,0.0545,0.19090160788085314,0.05884947016740101,platt_vol_vegas,platt,0.19090160788085314,0.05884947016740101,NA,NA,NA,2026-10-04 20:20:00,2026-10-04 08:08:41,2026-10-04 08:08:28,live
TE,00-0032392,Austin Hooper,ATL,NO,2026_04_ATL_NO,2026,4,NA,NA,12,17,4.632060575260645,1.237567728701162,-2.3059898618345747,5.279320846549062,-3.8091555886524464,6.450925094716286,0.2295,0.066,0.19086252694352446,0.07142347900937805,platt_vol_vegas,platt,0.19086252694352446,0.07142347900937805,NA,NA,NA,2026-10-05 20:15:00,2026-10-04 08:08:41,2026-10-04 08:08:28,live
TE,00-0039356,Ja'Tavion Sanders,CAR,DET,2026_04_DET_CAR,2026,4,NA,NA,12,17,4.513377143872239,0.5164452311905303,-2.9741433934156154,4.497782375055985,-4.454839855339078,5.651873526873404,0.1695,0.045,0.18835578593654356,0.04847477896508845,platt_vol_vegas,platt,0.18835578593654356,0.04847477896508845,NA,NA,NA,2026-10-04 20:20:00,2026-10-04 08:08:41,2026-10-04 08:08:28,live
TE,00-0034613,Tanner Hudson,CIN,JAX,2026_04_JAX_CIN,2026,4,NA,NA,12,17,4.147205447557777,1.4556475105187898,-1.867710234481902,5.246242466123773,-3.277467895421881,6.345042175946914,0.2035,0.0515,0.18504048160109435,0.05557169491281011,platt_vol_vegas,platt,0.18504048160109435,0.05557169491281011,NA,NA,NA,2026-10-04 13:00:00,2026-10-04 08:08:41,2026-10-04 08:08:28,live
TE,00-0038046,Charlie Kolar,LAC,SEA,2026_04_LAC_SEA,2026,4,Out,Limited Participation in Practice,12,17,5.242272809809834,0.6972137066017496,-3.1101535199216297,5.039865960848381,-4.725226445392076,6.298693425326826,0.2425,0.0645,0.18502782353769362,0.06978275713277497,platt_vol_vegas,platt,0.18502782353769362,0.06978275713277497,NA,NA,NA,2026-10-04 16:25:00,2026-10-04 08:08:41,2026-10-04 08:08:28,live
TE,00-0040584,Gunnar Helm,TEN,BAL,2026_04_TEN_BAL,2026,4,NA,NA,12,17,5.513936735173172,0.7642967071955511,-3.1563391378381516,5.236142231290864,-4.819460246784851,6.53241962884932,0.272,0.0815,0.18383398461489567,0.08838303089529724,platt_vol_vegas,platt,0.18383398461489567,0.08838303089529724,NA,NA,NA,2026-10-04 13:00:00,2026-10-04 08:08:41,2026-10-04 08:08:28,live
TE,00-0039814,Erick All,CIN,JAX,2026_04_JAX_CIN,2026,4,NA,NA,12,17,4.141480564573437,0.9883105509989403,-2.332384493139731,4.775868451543858,-3.7410126449425514,5.873787794232604,0.17,0.042,0.18294483057427147,0.04520207320489637,platt_vol_vegas,platt,0.18294483057427147,0.04520207320489637,NA,NA,NA,2026-10-04 13:00:00,2026-10-04 08:08:41,2026-10-04 08:08:28,live
TE,00-0035689,Dawson Knox,BUF,NE,2026_04_NE_BUF,2026,4,NA,NA,12,17,4.146744116080806,0.704171653404344,-2.6189715788496755,4.494521937506034,-4.0286382441728135,5.5932507231128,0.1585,0.039,0.1822950938739923,0.04193151520405128,platt_vol_vegas,platt,0.1822950938739923,0.04193151520405128,NA,NA,NA,2026-10-04 13:00:00,2026-10-04 08:08:41,2026-10-04 08:08:28,live
TE,00-0037809,Chig Okonkwo,WAS,IND,2026_04_IND_WAS,2026,4,NA,Limited Participation in Practice,12,17,4.773232141169197,0.7269096097694027,-2.8789172162049805,4.83968651375594,-4.4084973523149475,6.0318788006119926,0.2095,0.06,0.18019660302824733,0.06486159423812027,platt_vol_vegas,platt,0.18019660302824733,0.06486159423812027,NA,NA,NA,2026-10-04 09:30:00,2026-10-04 08:08:41,2026-10-04 08:08:28,live
TE,00-0041084,Tanner Koziol,JAX,CIN,2026_04_JAX_CIN,2026,4,NA,NA,12,17,4.28613855818078,1.0160884958391598,-2.37142256206686,4.879856201097742,-3.8083938518973834,5.999866880973868,0.199,0.0495,0.17733002960356073,0.05338724910356462,platt_vol_vegas,platt,0.17733002960356073,0.05338724910356462,NA,NA,NA,2026-10-04 13:00:00,2026-10-04 08:08:41,2026-10-04 08:08:28,live
TE,00-0037252,Greg Dulcich,MIA,MIN,2026_04_MIA_MIN,2026,4,NA,NA,12,17,5.594417811776961,0.4356735895747488,-3.5180657254492154,4.945276663710188,-5.195229219839573,6.2524990410181625,0.2365,0.078,0.17657260670917138,0.08455297699520203,platt_vol_vegas,platt,0.17657260670917138,0.08455297699520203,NA,NA,NA,2026-10-04 16:05:00,2026-10-04 08:08:41,2026-10-04 08:08:28,live
TE,00-0040194,Jackson Hawes,BUF,NE,2026_04_NE_BUF,2026,4,NA,NA,12,17,4.02790076521669,1.8812927120416305,-1.386251728421845,5.608227464061047,-2.772333565183076,6.6885736556248245,0.2215,0.057,0.17618787657152662,0.06158183911511638,platt_vol_vegas,platt,0.17618787657152662,0.06158183911511638,NA,NA,NA,2026-10-04 13:00:00,2026-10-04 08:08:41,2026-10-04 08:08:28,live
TE,00-0039847,Theo Johnson,NYG,ARI,2026_04_ARI_NYG,2026,4,NA,NA,12,17,4.715258172362139,0.13204243665931284,-3.448307539355921,4.215760651708395,-4.96708047769714,5.3995295434651895,0.1665,0.04,0.17414848542436895,0.04302144332118553,platt_vol_vegas,platt,0.17414848542436895,0.04302144332118553,NA,NA,NA,2026-10-04 13:00:00,2026-10-04 08:08:41,2026-10-04 08:08:28,live
TE,00-0039518,Treyton Welch,NO,ATL,2026_04_ATL_NO,2026,4,NA,Did Not Participate In Practice,12,17,4.294271829275802,1.0944739883188268,-2.29676540738528,4.962494205504986,-3.7353182461120467,6.0837375833946865,0.192,0.051,0.17393569059202546,0.055025524786148354,platt_vol_vegas,platt,0.17393569059202546,0.055025524786148354,NA,NA,NA,2026-10-05 20:15:00,2026-10-04 08:08:41,2026-10-04 08:08:28,live
TE,00-0036637,Noah Gray,KC,LV,2026_04_KC_LV,2026,4,NA,NA,12,17,4.222170332269023,0.8354725333952805,-2.5226109106079924,4.665675340326849,-3.94709910131836,5.775956386471617,0.1755,0.0435,0.17389626362049912,0.04683817634331945,platt_vol_vegas,platt,0.17389626362049912,0.04683817634331945,NA,NA,NA,2026-10-04 16:25:00,2026-10-04 08:08:41,2026-10-04 08:08:28,live
TE,00-0038643,Brayden Willis,SF,DEN,2026_04_DEN_SF,2026,4,NA,NA,12,17,4.189704575080033,0.9936487638604388,-2.349427728710767,4.8067347634055695,-3.767550018915679,5.912054070506839,0.185,0.0495,0.17367027293026266,0.05338724910356462,platt_vol_vegas,platt,0.17367027293026266,0.05338724910356462,NA,NA,NA,2026-10-04 16:25:00,2026-10-04 08:08:41,2026-10-04 08:08:28,live
TE,00-0036244,Colby Parkinson,LA,PHI,2026_04_LA_PHI,2026,4,Questionable,Did Not Participate In Practice,12,17,4.518722597558657,0.7721926268557976,-2.720794179209237,4.7562651170902575,-4.202507941990266,5.911149178155889,0.1985,0.046,0.1710556403066134,0.04956610774783282,platt_vol_vegas,platt,0.1710556403066134,0.04956610774783282,NA,NA,NA,2026-10-04 13:00:00,2026-10-04 08:08:41,2026-10-04 08:08:28,live
TE,00-0035631,Drew Sample,CIN,JAX,2026_04_JAX_CIN,2026,4,NA,NA,12,17,3.9866921369656985,0.7783588901093136,-2.4697464886996316,4.483121605681495,-3.8475823380614673,5.557040672348061,0.161,0.0435,0.17072530643008596,0.04683817634331945,platt_vol_vegas,platt,0.17072530643008596,0.04683817634331945,NA,NA,NA,2026-10-04 13:00:00,2026-10-04 08:08:41,2026-10-04 08:08:28,live
TE,00-0036825,Feleipe Franks,CAR,DET,2026_04_DET_CAR,2026,4,NA,NA,12,17,4.257486065976782,0.9164108694325853,-2.4579420005702683,4.7651704520279745,-3.8893316294350173,5.880830648399415,0.183,0.0425,0.16944202296029698,0.045747383197463264,platt_vol_vegas,platt,0.16944202296029698,0.045747383197463264,NA,NA,NA,2026-10-04 20:20:00,2026-10-04 08:08:41,2026-10-04 08:08:28,live
TE,00-0041133,Dallen Bentley,DEN,SF,2026_04_DEN_SF,2026,4,NA,NA,12,17,4.41347858639642,0.49327186208440665,-2.9522767258147606,4.423236704488016,-4.413867349104931,5.56243629690636,0.1745,0.049,0.16877724719640033,0.052841238793498356,platt_vol_vegas,platt,0.16877724719640033,0.052841238793498356,NA,NA,NA,2026-10-04 16:25:00,2026-10-04 08:08:41,2026-10-04 08:08:28,live
TE,00-0033885,David Njoku,LAC,SEA,2026_04_LAC_SEA,2026,4,NA,NA,12,17,5.029302469815541,0.5531602758193912,-3.16367700045385,4.792554801262809,-4.7403474123515,6.021450404443808,0.208,0.0575,0.16748440677408188,0.06212839979150592,platt_vol_vegas,platt,0.16748440677408188,0.06212839979150592,NA,NA,NA,2026-10-04 16:25:00,2026-10-04 08:08:41,2026-10-04 08:08:28,live
TE,00-0040390,Jackson Meeks,DET,CAR,2026_04_DET_CAR,2026,4,NA,NA,12,17,3.889969064166571,1.4337783813035507,-1.768366229240173,5.086118616447931,-3.126705668604604,6.144841702811432,0.181,0.053,0.1666341365493047,0.05721042642175668,platt_vol_vegas,platt,0.1666341365493047,0.05721042642175668,NA,NA,NA,2026-10-04 20:20:00,2026-10-04 08:08:41,2026-10-04 08:08:28,live
TE,00-0036754,Brock Wright,DET,CAR,2026_04_DET_CAR,2026,4,NA,NA,12,17,3.8743086402949096,1.0424752907993449,-2.1521829006020203,4.686276576840441,-3.507346625057389,5.742524433086567,0.1695,0.0445,0.1649580369900927,0.04792919143411586,platt_vol_vegas,platt,0.1649580369900927,0.04792919143411586,NA,NA,NA,2026-10-04 20:20:00,2026-10-04 08:08:41,2026-10-04 08:08:28,live
TE,00-0041510,Max Klare,LA,PHI,2026_04_LA_PHI,2026,4,NA,NA,12,17,4.434836187323335,1.1327654321063494,-2.3224480665942666,5.073753993574045,-3.7881385139449493,6.2161490894557385,0.187,0.0535,0.16443552353807733,0.05775674085216733,platt_vol_vegas,platt,0.16443552353807733,0.05775674085216733,NA,NA,NA,2026-10-04 13:00:00,2026-10-04 08:08:41,2026-10-04 08:08:28,live
TE,00-0036290,Cole Kmet,CHI,NYJ,2026_04_NYJ_CHI,2026,4,NA,NA,12,17,4.340436699973537,0.8703672123062464,-2.541978519122628,4.762461145254713,-3.989484597544134,5.890682897833293,0.1915,0.053,0.16249156296893175,0.05721042642175668,platt_vol_vegas,platt,0.16249156296893175,0.05721042642175668,NA,NA,NA,2026-10-04 13:00:00,2026-10-04 08:08:41,2026-10-04 08:08:28,live
TE,00-0036422,Adam Trautman,DEN,SF,2026_04_DEN_SF,2026,4,NA,NA,12,17,4.295545582995281,0.5724485412184396,-2.8193744818967437,4.441134439107709,-4.258174893493188,5.562570781366323,0.173,0.05,0.16025241178683527,0.05393330088542496,platt_vol_vegas,platt,0.16025241178683527,0.05393330088542496,NA,NA,NA,2026-10-04 16:25:00,2026-10-04 08:08:41,2026-10-04 08:08:28,live
TE,00-0040058,Nick Kallerup,SEA,LAC,2026_04_LAC_SEA,2026,4,NA,NA,12,17,4.230501881341432,1.5176833633272604,-1.8442434320365233,5.352269865725164,-3.270361960026203,6.463821636746312,0.2345,0.064,0.1586885033339689,0.0692358835213144,platt_vol_vegas,platt,0.1586885033339689,0.0692358835213144,NA,NA,NA,2026-10-04 16:25:00,2026-10-04 08:08:41,2026-10-04 08:08:28,live
TE,00-0037317,Nick Muse,ATL,NO,2026_04_ATL_NO,2026,4,NA,NA,12,17,4.219163177346919,0.9270063003846083,-2.4296891585137987,4.75562598273536,-3.853588570409186,5.865448120225843,0.165,0.0405,0.15707535687488952,0.043566506363363365,platt_vol_vegas,platt,0.15707535687488952,0.043566506363363365,NA,NA,NA,2026-10-05 20:15:00,2026-10-04 08:08:41,2026-10-04 08:08:28,live
TE,00-0034981,Foster Moreau,HOU,DAL,2026_04_DAL_HOU,2026,4,NA,NA,12,17,3.973665179217813,0.854592189631032,-2.3873505470476615,4.552325845449634,-3.7625722234490855,5.624207361571228,0.1435,0.0385,0.15609230975344132,0.04138665329369701,platt_vol_vegas,platt,0.15609230975344132,0.04138665329369701,NA,NA,NA,2026-10-04 13:00:00,2026-10-04 08:08:41,2026-10-04 08:08:28,live
TE,00-0036970,Kyle Pitts,ATL,NO,2026_04_ATL_NO,2026,4,NA,NA,12,17,5.176593297120245,1.037401372133793,-2.7422140831839448,5.348400180674963,-4.345514796613524,6.598052094253506,0.2555,0.0825,0.15487708318473514,0.004477337852590427,platt_vol_vegas,platt,0.23987708318473513,0.08947733785259043,role_change_down,0.85,"QB Michael Penix is heavily favoring Drake London over Pitts, reducing Pitts' target share and opportunity despite his previous productivity.",2026-10-05 20:15:00,2026-10-04 08:08:41,2026-10-04 08:08:28,live
TE,00-0041472,Marlin Klein,HOU,DAL,2026_04_DAL_HOU,2026,4,NA,NA,12,17,3.9236722987943153,1.4781495751361746,-1.7400639849084187,5.1488179240719445,-3.105219820941606,6.212853877241698,0.188,0.051,0.15477661961243716,0.055025524786148354,platt_vol_vegas,platt,0.15477661961243716,0.055025524786148354,NA,NA,NA,2026-10-04 13:00:00,2026-10-04 08:08:41,2026-10-04 08:08:28,live
TE,00-0041041,Oscar Delp,NO,ATL,2026_04_ATL_NO,2026,4,NA,NA,12,17,4.001098220882742,1.130824299925556,-2.1240863079578194,4.843349004720858,-3.5048089135939557,5.919518080055169,0.189,0.0375,0.15292084066152672,0.04029714197416743,platt_vol_vegas,platt,0.15292084066152672,0.04029714197416743,NA,NA,NA,2026-10-05 20:15:00,2026-10-04 08:08:41,2026-10-04 08:08:28,live
TE,00-0040225,Thomas Fidone II,NYG,ARI,2026_04_ARI_NYG,2026,4,NA,NA,12,17,4.4035227901976715,0.32816464131132483,-3.112871963441939,4.25298315224389,-4.5725486180010755,5.390690950473389,0.1685,0.0345,0.15207763307061414,0.037030434671985246,platt_vol_vegas,platt,0.15207763307061414,0.037030434671985246,NA,NA,NA,2026-10-04 13:00:00,2026-10-04 08:08:41,2026-10-04 08:08:28,live
TE,00-0036887,Luke Farrell,SF,DEN,2026_04_DEN_SF,2026,4,NA,NA,12,17,3.8834976249762696,0.98167689820533,-2.217375596664622,4.630490291229635,-3.5744033705105966,5.6881910333058885,0.1635,0.0385,0.15097442126004285,0.04138665329369701,platt_vol_vegas,platt,0.15097442126004285,0.04138665329369701,NA,NA,NA,2026-10-04 16:25:00,2026-10-04 08:08:41,2026-10-04 08:08:28,live
TE,00-0039359,Cade Stover,HOU,DAL,2026_04_DAL_HOU,2026,4,NA,NA,12,17,3.886889252712837,0.7919278617405027,-2.408745454874152,4.442589950933208,-3.766460776088462,5.500826584297552,0.147,0.032,0.15040103098959015,0.03431050162284035,platt_vol_vegas,platt,0.15040103098959015,0.03431050162284035,NA,NA,NA,2026-10-04 13:00:00,2026-10-04 08:08:41,2026-10-04 08:08:28,live
TE,00-0040081,Jake Briningstool,KC,LV,2026_04_KC_LV,2026,4,NA,NA,12,17,3.872294284511755,1.1826678543791802,-2.0110264589605324,4.825369748901618,-3.365781309443885,5.881298918742092,0.1765,0.0385,0.1492600114301403,0.04138665329369701,platt_vol_vegas,platt,0.1492600114301403,0.04138665329369701,NA,NA,NA,2026-10-04 16:25:00,2026-10-04 08:08:41,2026-10-04 08:08:28,live
TE,00-0040879,Matthew Hibner,BAL,TEN,2026_04_TEN_BAL,2026,4,NA,NA,12,17,3.9809640171996508,1.0017719056342491,-2.24362472352882,4.7034450432760675,-3.6203115300075694,5.7764685177273964,0.176,0.044,0.14781004646540602,0.047383656801313234,platt_vol_vegas,platt,0.14781004646540602,0.047383656801313234,NA,NA,NA,2026-10-04 13:00:00,2026-10-04 08:08:41,2026-10-04 08:08:28,live
TE,00-0038564,Cameron Latu,NE,BUF,2026_04_NE_BUF,2026,4,NA,NA,12,17,4.300788339523306,0.915904921332696,-2.4783195414227928,4.787329881846333,-3.9181386359868773,5.909560210603659,0.1805,0.0385,0.14712632621158905,0.04138665329369701,platt_vol_vegas,platt,0.14712632621158905,0.04138665329369701,NA,NA,NA,2026-10-04 13:00:00,2026-10-04 08:08:41,2026-10-04 08:08:28,live
TE,00-0038783,Nate Adkins,DEN,SF,2026_04_DEN_SF,2026,4,NA,NA,12,17,4.114667186652685,0.25450765364436645,-3.0536955976281845,4.027817516313734,-4.457024771095501,5.121606705275542,0.1295,0.028,0.14583894422041183,0.02996373927867712,platt_vol_vegas,platt,0.14583894422041183,0.02996373927867712,NA,NA,NA,2026-10-04 16:25:00,2026-10-04 08:08:41,2026-10-04 08:08:28,live
TE,00-0041503,Nate Boerkircher,JAX,CIN,2026_04_JAX_CIN,2026,4,NA,Full Participation in Practice,12,17,3.869912984317569,0.5538887133347893,-2.6386658659218623,4.195290636383352,-3.9929372448748195,5.250842976650896,0.13,0.0365,0.14468861884011702,0.03920792541404707,platt_vol_vegas,platt,0.14468861884011702,0.03920792541404707,NA,NA,NA,2026-10-04 13:00:00,2026-10-04 08:08:41,2026-10-04 08:08:28,live
TE,00-0041314,Tanner Arkin,NE,BUF,2026_04_NE_BUF,2026,4,NA,NA,12,17,4.242947500889312,1.1772832203525547,-2.1903788382084253,5.018411317550796,-3.618930246390409,6.131859335085374,0.1835,0.0495,0.14350361830382416,0.05338724910356462,platt_vol_vegas,platt,0.14350361830382416,0.05338724910356462,NA,NA,NA,2026-10-04 13:00:00,2026-10-04 08:08:41,2026-10-04 08:08:28,live
TE,00-0031484,Chris Manhertz,NYG,ARI,2026_04_ARI_NYG,2026,4,NA,NA,12,17,4.275158710247737,0.39383603057653455,-2.988637088470257,4.251857503532813,-4.423471300848668,5.370202492808835,0.158,0.0345,0.14317455604823695,0.037030434671985246,platt_vol_vegas,platt,0.14317455604823695,0.037030434671985246,NA,NA,NA,2026-10-04 13:00:00,2026-10-04 08:08:41,2026-10-04 08:08:28,live
TE,00-0037304,Connor Heyward,LV,KC,2026_04_KC_LV,2026,4,NA,NA,12,17,4.217845982355271,0.5289127861841526,-2.8271745762449485,4.356838878621949,-4.250816035574897,5.4664599615539755,0.145,0.0415,0.14266876653369437,0.04465682277974643,platt_vol_vegas,platt,0.14266876653369437,0.04465682277974643,NA,NA,NA,2026-10-04 16:25:00,2026-10-04 08:08:41,2026-10-04 08:08:28,live
TE,00-0041558,Sam Roush,CHI,NYJ,2026_04_NYJ_CHI,2026,4,NA,NA,12,17,4.041976138646533,0.9779806627960576,-2.2961843096678645,4.712466740050341,-3.6850745547989643,5.795001874002855,0.182,0.0485,0.142022876557481,0.052295270999154896,platt_vol_vegas,platt,0.142022876557481,0.052295270999154896,NA,NA,NA,2026-10-04 13:00:00,2026-10-04 08:08:41,2026-10-04 08:08:28,live
TE,00-0040187,Mitchell Evans,CAR,DET,2026_04_DET_CAR,2026,4,NA,NA,12,17,3.8931144514884566,0.47277673385602936,-2.7308699930523406,4.126830270772729,-4.089846625344878,5.186050000938142,0.13,0.032,0.14188309657991025,0.03431050162284035,platt_vol_vegas,platt,0.14188309657991025,0.03431050162284035,NA,NA,NA,2026-10-04 20:20:00,2026-10-04 08:08:41,2026-10-04 08:08:28,live
TE,00-0040598,Mark Redman,GB,TB,2026_04_GB_TB,2026,4,NA,NA,12,17,4.385259144376536,0.5123618387907313,-2.9203865038767343,4.427726825046207,-4.376547304330513,5.562694280323307,0.162,0.0405,0.14167134720962332,0.043566506363363365,platt_vol_vegas,platt,0.14167134720962332,0.043566506363363365,NA,NA,NA,2026-10-04 13:00:00,2026-10-04 08:08:41,2026-10-04 08:08:28,live
TE,00-0037292,Andrew Ogletree,IND,WAS,2026_04_IND_WAS,2026,4,NA,NA,12,17,3.837017559554701,0.9019889542663317,-2.2747910307317953,4.525398502731379,-3.6223708775625694,5.575735298683865,0.15,0.0305,0.14160399748488492,0.03267967619522707,platt_vol_vegas,platt,0.14160399748488492,0.03267967619522707,NA,NA,NA,2026-10-04 09:30:00,2026-10-04 08:08:41,2026-10-04 08:08:28,live
TE,00-0039041,Elijah Higgins,ARI,NYG,2026_04_ARI_NYG,2026,4,NA,NA,12,17,4.019090456642376,0.6691604722529502,-2.5942349845279833,4.391362927052307,-3.978556835762415,5.47033734271465,0.147,0.0305,0.1413764234097063,0.03267967619522707,platt_vol_vegas,platt,0.1413764234097063,0.03267967619522707,NA,NA,NA,2026-10-04 13:00:00,2026-10-04 08:08:41,2026-10-04 08:08:28,live
TE,00-0040739,Elijah Arroyo,SEA,LAC,2026_04_LAC_SEA,2026,4,NA,NA,12,17,3.999553347051671,0.9980725969807734,-2.256108727380025,4.7097654868906496,-3.636521973292702,5.785693439666249,0.1755,0.0395,0.1410553197948242,0.04247644574696996,platt_vol_vegas,platt,0.1410553197948242,0.04247644574696996,NA,NA,NA,2026-10-04 16:25:00,2026-10-04 08:08:41,2026-10-04 08:08:28,live
TE,00-0036590,Quintin Morris,JAX,CIN,2026_04_JAX_CIN,2026,4,NA,NA,12,17,3.8105502039861934,0.6621830513488532,-2.501863586504285,4.271069047082219,-3.844041988451776,5.317195824366374,0.1295,0.0325,0.14087210353177382,0.034854305329966966,platt_vol_vegas,platt,0.14087210353177382,0.034854305329966966,NA,NA,NA,2026-10-04 13:00:00,2026-10-04 08:08:41,2026-10-04 08:08:28,live
TE,00-0036332,Josiah Deguara,PHI,LA,2026_04_LA_PHI,2026,4,NA,NA,12,17,4.4171536393104915,0.22376057385470136,-3.2234524742182544,4.15562388606586,-4.685749156157952,5.295373797919035,0.1535,0.0365,0.1395665246918699,0.03920792541404707,platt_vol_vegas,platt,0.1395665246918699,0.03920792541404707,NA,NA,NA,2026-10-04 13:00:00,2026-10-04 08:08:41,2026-10-04 08:08:28,live
TE,00-0034798,Durham Smythe,BAL,TEN,2026_04_TEN_BAL,2026,4,NA,Full Participation in Practice,12,17,3.8622854950785466,0.8551412531313252,-2.333760686294185,4.492377004740959,-3.6864826271848834,5.546721674966785,0.156,0.035,0.13931844927559614,0.03757468480989566,platt_vol_vegas,platt,0.13931844927559614,0.03757468480989566,NA,NA,NA,2026-10-04 13:00:00,2026-10-04 08:08:41,2026-10-04 08:08:28,live
TE,00-0040215,Gavin Bartholomew,MIN,MIA,2026_04_MIA_MIN,2026,4,NA,NA,12,17,4.15837811674468,0.7371932571166507,-2.591356569375683,4.533710258863345,-4.003316694576416,5.634226623369533,0.1555,0.04,0.1391490881822118,0.04302144332118553,platt_vol_vegas,platt,0.1391490881822118,0.04302144332118553,NA,NA,NA,2026-10-04 16:05:00,2026-10-04 08:08:41,2026-10-04 08:08:28,live
TE,00-0040887,Josh Cuevas,BAL,TEN,2026_04_TEN_BAL,2026,4,NA,NA,12,17,3.850897653882593,1.2603447982001112,-1.9230981100979117,4.891354023073202,-3.273504347551367,5.943893777223465,0.1605,0.0365,0.1388080404842598,0.03920792541404707,platt_vol_vegas,platt,0.1388080404842598,0.03920792541404707,NA,NA,NA,2026-10-04 13:00:00,2026-10-04 08:08:41,2026-10-04 08:08:28,live
TE,00-0033217,Mo Alie-Cox,IND,WAS,2026_04_IND_WAS,2026,4,NA,Full Participation in Practice,12,17,3.7962831505692165,0.6625976449303218,-2.494569767318566,4.263637251597339,-3.8338300239019243,5.3074895547869945,0.144,0.0325,0.1387568615574335,0.034854305329966966,platt_vol_vegas,platt,0.1387568615574335,0.034854305329966966,NA,NA,NA,2026-10-04 09:30:00,2026-10-04 08:08:41,2026-10-04 08:08:28,live
TE,00-0034959,Andrew Beck,NYJ,CHI,2026_04_NYJ_CHI,2026,4,NA,NA,12,17,4.263226040922766,1.075711598688,-2.3012802310464755,4.927481157402204,-3.7337892981372667,6.044013871392821,0.1875,0.0515,0.13544466216753334,0.05557169491281011,platt_vol_vegas,platt,0.13544466216753334,0.05557169491281011,NA,NA,NA,2026-10-04 13:00:00,2026-10-04 08:08:41,2026-10-04 08:08:28,live
TE,00-0038589,Josh Whyle,GB,TB,2026_04_GB_TB,2026,4,NA,NA,12,17,4.267555478168572,0.9520538380004404,-2.4269274686348195,4.806092577971387,-3.860280465424831,5.92328307147568,0.1805,0.04,0.13512354309333474,0.04302144332118553,platt_vol_vegas,platt,0.13512354309333474,0.04302144332118553,NA,NA,NA,2026-10-04 13:00:00,2026-10-04 08:08:41,2026-10-04 08:08:28,live
TE,00-0035249,Josh Oliver,MIN,MIA,2026_04_MIA_MIN,2026,4,NA,NA,12,17,4.075583975989513,0.8023875065730649,-2.4875463202109835,4.554859411483566,-3.8831256626008672,5.642608191958867,0.162,0.04,0.13433685410879065,0.04302144332118553,platt_vol_vegas,platt,0.13433685410879065,0.04302144332118553,NA,NA,NA,2026-10-04 16:05:00,2026-10-04 08:08:41,2026-10-04 08:08:28,live
TE,00-0037004,Hunter Long,ARI,NYG,2026_04_ARI_NYG,2026,4,NA,NA,12,17,3.8917586999961435,0.8789544377789673,-2.324044896697548,4.5322695641257615,-3.6827469072037875,5.5912752473329945,0.137,0.034,0.13303379478402766,0.036486269550923635,platt_vol_vegas,platt,0.13303379478402766,0.036486269550923635,NA,NA,NA,2026-10-04 13:00:00,2026-10-04 08:08:41,2026-10-04 08:08:28,live
TE,00-0033576,Eric Saubert,SEA,LAC,2026_04_LAC_SEA,2026,4,NA,NA,12,17,3.880293748986883,0.9807134582779251,-2.2168073935079673,4.62777987159264,-3.5731854492864765,5.684974207466057,0.1495,0.037,0.13258908588607,0.03975249597058656,platt_vol_vegas,platt,0.13258908588607,0.03975249597058656,NA,NA,NA,2026-10-04 16:25:00,2026-10-04 08:08:41,2026-10-04 08:08:28,live
TE,00-0038488,Brady Russell,SEA,LAC,2026_04_LAC_SEA,2026,4,NA,NA,12,17,3.8578282227309164,1.234500790373338,-1.9522652558613456,4.86930035949042,-3.3040811577337506,5.922938840675411,0.1515,0.0325,0.13133573686192937,0.034854305329966966,platt_vol_vegas,platt,0.13133573686192937,0.034854305329966966,NA,NA,NA,2026-10-04 16:25:00,2026-10-04 08:08:41,2026-10-04 08:08:28,live
TE,00-0041395,Eli Raridon,NE,BUF,2026_04_NE_BUF,2026,4,Questionable,Limited Participation in Practice,12,17,4.0411376102695895,0.8423777862140055,-2.431393045062589,4.576414309218907,-3.8201160967703616,5.658819128515133,0.1705,0.0405,0.1305407419030685,0.043566506363363365,platt_vol_vegas,platt,0.1305407419030685,0.043566506363363365,NA,NA,NA,2026-10-04 13:00:00,2026-10-04 08:08:41,2026-10-04 08:08:28,live
TE,00-0036429,Charlie Woerner,ATL,NO,2026_04_ATL_NO,2026,4,NA,NA,12,17,3.8246098384701077,0.4724042743592295,-2.6984110078680077,4.089010531102515,-4.043460646977648,5.137375221077637,0.113,0.0255,0.12923490439769753,0.02725074424158018,platt_vol_vegas,platt,0.12923490439769753,0.02725074424158018,NA,NA,NA,2026-10-05 20:15:00,2026-10-04 08:08:41,2026-10-04 08:08:28,live
TE,00-0039074,Davis Allen,LA,PHI,2026_04_LA_PHI,2026,4,NA,NA,12,17,3.912434590422539,0.7880500357986133,-2.4248120978358774,4.452614591067889,-3.7876978760066677,5.514881205443045,0.1335,0.034,0.12808850117344744,0.036486269550923635,platt_vol_vegas,platt,0.12808850117344744,0.036486269550923635,NA,NA,NA,2026-10-04 13:00:00,2026-10-04 08:08:41,2026-10-04 08:08:28,live
TE,00-0033858,Jonnu Smith,GB,TB,2026_04_GB_TB,2026,4,NA,NA,12,17,4.145744406659074,0.6161826864291643,-2.7064956604135664,4.406002725991995,-4.115965122841226,5.504577806823585,0.149,0.0415,0.12660395922068352,0.04465682277974643,platt_vol_vegas,platt,0.12660395922068352,0.04465682277974643,NA,NA,NA,2026-10-04 13:00:00,2026-10-04 08:08:41,2026-10-04 08:08:28,live
TE,00-0039530,Brevyn Spann-Ford,DAL,HOU,2026_04_DAL_HOU,2026,4,NA,NA,12,17,3.795473735906488,0.5154295606292074,-2.64134724657315,4.116023646340426,-3.9804418097527288,5.159746804025831,0.1235,0.0295,0.12599921018481455,0.0315929722364222,platt_vol_vegas,platt,0.12599921018481455,0.0315929722364222,NA,NA,NA,2026-10-04 13:00:00,2026-10-04 08:08:41,2026-10-04 08:08:28,live
TE,00-0040331,Patrick Herbert,LAC,SEA,2026_04_LAC_SEA,2026,4,NA,NA,12,17,4.434556935800514,0.18425879751983343,-3.2708284582909286,4.125103367368757,-4.7364653538139825,5.267456723642084,0.1335,0.0305,0.12561979364839373,0.03267967619522707,platt_vol_vegas,platt,0.12561979364839373,0.03267967619522707,NA,NA,NA,2026-10-04 16:25:00,2026-10-04 08:08:41,2026-10-04 08:08:28,live
TE,00-0038547,Luke Schoonmaker,DAL,HOU,2026_04_DAL_HOU,2026,4,NA,NA,12,17,3.78557698917881,0.6883124242448825,-2.463685608016425,4.283455877922049,-3.8007530302439987,5.325599032212866,0.125,0.0285,0.1255069025105022,0.030506703429256914,platt_vol_vegas,platt,0.1255069025105022,0.030506703429256914,NA,NA,NA,2026-10-04 13:00:00,2026-10-04 08:08:41,2026-10-04 08:08:28,live
TE,00-0038498,E.J. Jenkins,PHI,LA,2026_04_LA_PHI,2026,4,NA,NA,12,17,4.192150758898397,0.5447192484937152,-2.799489663025808,4.359096875929217,-4.218092321704497,5.4647905940049535,0.14,0.036,0.12547084650827614,0.03866343211875167,platt_vol_vegas,platt,0.12547084650827614,0.03866343211875167,NA,NA,NA,2026-10-04 13:00:00,2026-10-04 08:08:41,2026-10-04 08:08:28,live
TE,00-0036187,Reggie Gilliam,NE,BUF,2026_04_NE_BUF,2026,4,Questionable,Limited Participation in Practice,12,17,3.9638840870557948,0.7156770989689085,-2.5216329362014265,4.408126732928947,-3.8948894355309327,5.4784765418243975,0.14,0.0325,0.12476544400964613,0.034854305329966966,platt_vol_vegas,platt,0.12476544400964613,0.034854305329966966,NA,NA,NA,2026-10-04 13:00:00,2026-10-04 08:08:41,2026-10-04 08:08:28,live
TE,00-0036628,John Bates,WAS,IND,2026_04_IND_WAS,2026,4,NA,NA,12,17,3.9900850485546173,0.6290571253722351,-2.620651944605268,4.335648998116263,-3.999168074600164,5.410098292199156,0.1345,0.0285,0.12455289134484733,0.030506703429256914,platt_vol_vegas,platt,0.12455289134484733,0.030506703429256914,NA,NA,NA,2026-10-04 09:30:00,2026-10-04 08:08:41,2026-10-04 08:08:28,live
TE,00-0039912,Ben Sinnott,WAS,IND,2026_04_IND_WAS,2026,4,NA,Limited Participation in Practice,12,17,3.8989713923140012,0.3937513906868415,-2.8126910297697227,4.05099367304545,-4.172853586268927,5.111137741634595,0.1105,0.0255,0.11829850184531855,0.02725074424158018,platt_vol_vegas,platt,0.11829850184531855,0.02725074424158018,NA,NA,NA,2026-10-04 09:30:00,2026-10-04 08:08:41,2026-10-04 08:08:28,live
TE,00-0037755,Jelani Woods,NYJ,CHI,2026_04_NYJ_CHI,2026,4,NA,NA,12,17,3.9730228430287546,0.6627599746834687,-2.5788786738236293,4.3601467899938395,-3.953971357001212,5.431927765631879,0.1465,0.035,0.1171485374150308,0.03757468480989566,platt_vol_vegas,platt,0.1171485374150308,0.03757468480989566,NA,NA,NA,2026-10-04 13:00:00,2026-10-04 08:08:41,2026-10-04 08:08:28,live
TE,00-0039686,Colson Yankoff,WAS,IND,2026_04_IND_WAS,2026,4,NA,NA,12,17,3.858849006841765,0.5405296048484163,-2.6467256852795416,4.175887201591833,-3.998749122837098,5.229687441181791,0.1185,0.027,0.11653572624296994,0.028878166476625923,platt_vol_vegas,platt,0.11653572624296994,0.028878166476625923,NA,NA,NA,2026-10-04 09:30:00,2026-10-04 08:08:41,2026-10-04 08:08:28,live
TE,00-0034365,Ian Thomas,LV,KC,2026_04_KC_LV,2026,4,NA,NA,12,17,3.7962831505692165,0.6351111518171465,-2.522056260431741,4.236150758484163,-3.8613165170150996,5.28000306167382,0.114,0.0255,0.11640796063764106,0.02725074424158018,platt_vol_vegas,platt,0.11640796063764106,0.02725074424158018,NA,NA,NA,2026-10-04 16:25:00,2026-10-04 08:08:41,2026-10-04 08:08:28,live
TE,00-0041094,Bauer Sharp,TB,GB,2026_04_GB_TB,2026,4,NA,NA,12,17,4.224477920344557,0.48613646817473805,-2.8730117868695,4.317553789964548,-4.297951666996908,5.428186893923312,0.153,0.0385,0.11543606950196932,0.04138665329369701,platt_vol_vegas,platt,0.11543606950196932,0.04138665329369701,NA,NA,NA,2026-10-04 13:00:00,2026-10-04 08:08:41,2026-10-04 08:08:28,live
TE,00-0037311,Ko Kieft,TB,GB,2026_04_GB_TB,2026,4,Out,Did Not Participate In Practice,12,17,4.224477920344557,0.48613646817473805,-2.8730117868695,4.317553789964548,-4.297951666996908,5.428186893923312,0.1325,0.031,0.11458853177272643,0.03322318462151312,platt_vol_vegas,platt,0.11458853177272643,0.03322318462151312,NA,NA,NA,2026-10-04 13:00:00,2026-10-04 08:08:41,2026-10-04 08:08:28,live
TE,00-0036876,Kylen Granson,TEN,BAL,2026_04_TEN_BAL,2026,4,NA,NA,12,17,4.285946246809883,0.9199227169705823,-2.4675001483851475,4.783589830519845,-3.904434027219639,5.9035713513477726,0.168,0.0445,0.10324717154271937,0.04792919143411586,platt_vol_vegas,platt,0.10324717154271937,0.04792919143411586,NA,NA,NA,2026-10-04 13:00:00,2026-10-04 08:08:41,2026-10-04 08:08:28,live
TE,00-0033246,Johnny Mundt,PHI,LA,2026_04_LA_PHI,2026,4,NA,NA,12,17,3.7633401013211247,0.41454579277908254,-2.7266956949999077,3.9974204188478613,-4.059200225672396,5.03600714350854,0.123,0.0265,0.10223086051025618,0.02833556413937982,platt_vol_vegas,platt,0.10223086051025618,0.02833556413937982,NA,NA,NA,2026-10-04 13:00:00,2026-10-04 08:08:41,2026-10-04 08:08:28,live
TE,00-0041077,Justin Joly,MIA,MIN,2026_04_MIA_MIN,2026,4,NA,NA,12,17,4.372629595528962,0.6383993830946983,-2.7886090419108407,4.547217465705023,-4.242334987763355,5.680287135565907,0.1695,0.042,0.09995337860427138,0.04520207320489637,platt_vol_vegas,platt,0.09995337860427138,0.04520207320489637,NA,NA,NA,2026-10-04 16:05:00,2026-10-04 08:08:41,2026-10-04 08:08:28,live
TE,00-0041579,Seydou Traore,MIA,MIN,2026_04_MIA_MIN,2026,4,NA,Full Participation in Practice,12,17,4.372629595528962,0.6383993830946983,-2.7886090419108407,4.547217465705023,-4.242334987763355,5.680287135565907,0.1565,0.041,0.09952853442013511,0.044111633346726534,platt_vol_vegas,platt,0.09952853442013511,0.044111633346726534,NA,NA,NA,2026-10-04 16:05:00,2026-10-04 08:08:41,2026-10-04 08:08:28,live
TE,00-0039648,David Martin-Robinson,TEN,BAL,2026_04_TEN_BAL,2026,4,NA,NA,12,17,4.181365429967459,0.8677900110891479,-2.4714239295382967,4.676470415138034,-3.887907737638269,5.780512649085995,0.153,0.0365,0.0978157464081914,0.03920792541404707,platt_vol_vegas,platt,0.0978157464081914,0.03920792541404707,NA,NA,NA,2026-10-04 13:00:00,2026-10-04 08:08:41,2026-10-04 08:08:28,live
TE,00-0039050,Payne Durham,TB,GB,2026_04_GB_TB,2026,4,NA,NA,12,17,3.8411270625291687,0.527343816318672,-2.6514099243873157,4.153004614575009,-3.999827032037864,5.203993992152907,0.115,0.0315,0.0951181431332769,0.033766793921005685,platt_vol_vegas,platt,0.0951181431332769,0.033766793921005685,NA,NA,NA,2026-10-04 13:00:00,2026-10-04 08:08:41,2026-10-04 08:08:28,live
TE,00-0038115,Daniel Bellinger,TEN,BAL,2026_04_TEN_BAL,2026,4,NA,NA,12,17,3.844018763124704,0.7128373733217283,-2.4673046927768385,4.340081684288295,-3.8163107235913194,5.391530083029593,0.126,0.0295,0.08249735766818875,0.0315929722364222,platt_vol_vegas,platt,0.08249735766818875,0.0315929722364222,NA,NA,NA,2026-10-04 13:00:00,2026-10-04 08:08:41,2026-10-04 08:08:28,live
TE,00-0041524,Will Kacmarek,MIA,MIN,2026_04_MIA_MIN,2026,4,NA,NA,12,17,3.8712641239536376,0.5308912065104325,-2.662310089151526,4.17303076905849,-4.016855803122495,5.228796932769976,0.1205,0.032,0.07734082317553961,0.03431050162284035,platt_vol_vegas,platt,0.07734082317553961,0.03431050162284035,NA,NA,NA,2026-10-04 16:05:00,2026-10-04 08:08:41,2026-10-04 08:08:28,live
TE,00-0039489,Hayden Rucci,LAC,SEA,2026_04_LAC_SEA,2026,4,NA,NA,12,17,4.255501901895985,0.20602805965436227,-3.167412241448451,4.053746773545702,-4.598414761522428,5.169105247827767,0.132,0.0295,0.030648585014800903,0,platt_vol_vegas,platt,0.11564858501480091,0.0315929722364222,role_change_down,0.85,"Both Njoku and Kolar placed on IR, reducing Chargers TE target share and increasing opportunity for remaining healthy options.",2026-10-04 16:25:00,2026-10-04 08:08:41,2026-10-04 08:08:28,live
WR,00-0036900,Ja'Marr Chase,CIN,JAX,2026_04_JAX_CIN,2026,4,NA,NA,15,20,10.220063594842681,3.6837870549658978,-2.644989279611153,10.280876563161803,-4.741485854107127,11.91144571462426,0.6665,0.439,0.6441780581377579,0.4666666666666667,strat_platt,iso,0.6441780581377579,0.4666666666666667,NA,NA,NA,2026-10-04 13:00:00,2026-10-04 08:08:41,2026-10-04 08:08:28,live
WR,00-0038543,Jaxon Smith-Njigba,SEA,LAC,2026_04_LAC_SEA,2026,4,NA,NA,15,20,8.717425750143935,3.0299769561166126,-2.898080508729454,9.209358820451682,-4.861833296225559,10.736685292310751,0.519,0.2645,0.6108335071664032,0.37613924050632913,strat_platt,iso,0.5258335071664032,0.2911392405063291,role_change_up,0.85,"Drew Lock's continued starting role (due to Darnold's injury) and heavy reliance on JSN (155 yards, all TDs) signals sustained increased target opportunity for Smith-Njigba.",2026-10-04 16:25:00,2026-10-04 08:08:41,2026-10-04 08:08:28,live
WR,00-0039075,Puka Nacua,LA,PHI,2026_04_LA_PHI,2026,4,NA,Full Participation in Practice,15,20,8.751359775999841,2.716127704312541,-3.221410301364185,8.905392044048781,-5.188303651952597,10.435161117226086,0.504,0.2765,0.5822207978602987,0.3631392405063291,strat_platt,iso,0.5102207978602987,0.2911392405063291,role_change_up,0.72,Confirmation of playing status combined with explicit note about Rams managing his snap count suggests potential opportunity uncertainty that could affect fantasy deployment strategy.,2026-10-04 13:00:00,2026-10-04 08:08:41,2026-10-04 08:08:28,live
WR,00-0036963,Amon-Ra St. Brown,DET,CAR,2026_04_DET_CAR,2026,4,NA,NA,15,20,9.426787658313811,3.0743591833517505,-3.0475501371546634,9.455811396757966,-5.075519090599183,11.033082571839769,0.568,0.3435,0.5416490603151903,0.33024691358024694,strat_platt,iso,0.5416490603151903,0.33024691358024694,NA,NA,NA,2026-10-04 20:20:00,2026-10-04 08:08:41,2026-10-04 08:08:28,live
WR,00-0037239,Chris Olave,NO,ATL,2026_04_ATL_NO,2026,4,NA,NA,15,20,9.283398604870882,2.829961555170691,-3.2534739326991997,9.171308809228005,-5.268697885520217,10.738667444931083,0.541,0.298,0.5138974334218548,0.2916666666666667,strat_platt,iso,0.5138974334218548,0.2916666666666667,NA,NA,NA,2026-10-05 20:15:00,2026-10-04 08:08:41,2026-10-04 08:08:28,live
WR,00-0037238,Drake London,ATL,NO,2026_04_ATL_NO,2026,4,NA,NA,15,20,9.265063339842476,2.4397072387054624,-3.6387834094913605,8.775900012938822,-5.65236931430942,10.341984642008772,0.533,0.2975,0.5057055295106836,0.2916666666666667,strat_platt,iso,0.5057055295106836,0.2916666666666667,NA,NA,NA,2026-10-05 20:15:00,2026-10-04 08:08:41,2026-10-04 08:08:28,live
WR,00-0039067,Rashee Rice,KC,LV,2026_04_KC_LV,2026,4,NA,Full Participation in Practice,15,20,8.386981606793022,2.521804380275937,-3.312774945246226,8.60374503013639,-5.245561778421569,10.10698745126279,0.4915,0.256,0.49720058919275395,0.27710843373493976,strat_platt,iso,0.49720058919275395,0.27710843373493976,NA,NA,NA,2026-10-04 16:25:00,2026-10-04 08:08:41,2026-10-04 08:08:28,live
WR,00-0036912,DeVonta Smith,PHI,LA,2026_04_LA_PHI,2026,4,Out,Did Not Participate In Practice,15,20,8.342237978839522,1.6937775089396307,-4.127978839477005,7.762351542055463,-6.056517880321673,9.262290204320305,0.387,0.1695,0.47320154970084083,0.2632477341389728,strat_platt,iso,0.3882015497008408,0.1782477341389728,role_change_up,0.85,DeVonta Smith's absence creates increased opportunity for Wicks and Lemon to see elevated targets and snaps in the Eagles' passing game.,2026-10-04 13:00:00,2026-10-04 08:08:41,2026-10-04 08:08:28,live
WR,00-0037740,Garrett Wilson,NYJ,CHI,2026_04_NYJ_CHI,2026,4,NA,NA,15,20,9.717622577486832,1.551459085829234,-4.647441600693575,8.013166771402071,-6.700915031873746,9.610274284461156,0.5005,0.266,0.4725742785884524,0.2911392405063291,strat_platt,iso,0.4725742785884524,0.2911392405063291,NA,NA,NA,2026-10-04 13:00:00,2026-10-04 08:08:41,2026-10-04 08:08:28,live
WR,00-0037247,George Pickens,DAL,HOU,2026_04_DAL_HOU,2026,4,NA,NA,15,20,8.102730287723904,2.6602645674763483,-3.092153605010484,8.656560781190539,-4.997723395460819,10.13863490144714,0.46,0.233,0.4643605102817874,0.2624254473161034,strat_platt,iso,0.4643605102817874,0.2624254473161034,NA,NA,NA,2026-10-04 13:00:00,2026-10-04 08:08:41,2026-10-04 08:08:28,live
WR,00-0038994,Jordan Addison,MIN,MIA,2026_04_MIA_MIN,2026,4,NA,NA,15,20,7.382048141674013,2.184261381981267,-3.351929554158145,7.955163245052935,-5.185871017685564,9.381527786924245,0.386,0.1625,0.46215872141951153,0.25324773413897284,strat_platt,iso,0.3871587214195115,0.1782477341389728,role_change_up,0.75,"Murray targeted Addison heavily in his return game including a 41-yard TD, suggesting increased target share with Jefferson out.",2026-10-04 16:05:00,2026-10-04 08:08:41,2026-10-04 08:08:28,live
WR,00-0035659,Terry McLaurin,WAS,IND,2026_04_IND_WAS,2026,4,Questionable,Limited Participation in Practice,15,20,7.5590242538419234,2.023771739657655,-3.5666295670530213,7.8511822622275576,-5.418528981722414,9.291513762839363,0.37,0.1675,0.4554782478573516,0.2632477341389728,strat_platt,iso,0.37047824785735156,0.1782477341389728,role_change_up,0.85,McLaurin's absence elevates snap share and target opportunity for Diggs and Williams at WR for the Commanders.,2026-10-04 09:30:00,2026-10-04 08:08:41,2026-10-04 08:08:28,live
WR,00-0036322,Justin Jefferson,MIN,MIA,2026_04_MIA_MIN,2026,4,Out,Did Not Participate In Practice,15,20,8.55175909820717,1.9623581186701216,-3.9191003169790752,8.093165353352502,-5.867416517697365,9.608485880384388,0.45,0.2195,0.45392901548967984,0.22448979591836735,strat_platt,iso,0.45392901548967984,0.22448979591836735,NA,NA,NA,2026-10-04 16:05:00,2026-10-04 08:08:41,2026-10-04 08:08:28,live
WR,00-0038997,Josh Downs,IND,WAS,2026_04_IND_WAS,2026,4,NA,NA,15,20,7.244811727574155,2.46226458694738,-3.0313598884937054,8.188795352601725,-4.851200610531036,9.604192915386982,0.367,0.1645,0.4523518127013566,0.2632477341389728,strat_platt,iso,0.3673518127013566,0.1782477341389728,role_change_up,0.85,"With both Keenan Allen and Alec Pierce out, Josh Downs is expected to see significantly increased targets in the Colts' passing game.",2026-10-04 09:30:00,2026-10-04 08:08:41,2026-10-04 08:08:28,live
WR,00-0036358,CeeDee Lamb,DAL,HOU,2026_04_DAL_HOU,2026,4,NA,NA,15,20,8.176630513333748,2.3387452620520457,-3.4351944552544924,8.357475442464436,-5.347893561485172,9.845094452478493,0.448,0.2165,0.45184249010124544,0.22448979591836735,strat_platt,iso,0.45184249010124544,0.22448979591836735,NA,NA,NA,2026-10-04 13:00:00,2026-10-04 08:08:41,2026-10-04 08:08:28,live
WR,00-0039064,Zay Flowers,BAL,TEN,2026_04_TEN_BAL,2026,4,Questionable,Limited Participation in Practice,15,20,8.439297056084465,2.652577514889496,-3.1969438123535787,8.7500936437325,-5.134680394701263,10.257185776995843,0.4995,0.2675,0.43353444755741527,0.2191392405063291,strat_platt,iso,0.5055344475574153,0.2911392405063291,role_change_down,0.72,"Both Moore and Flowers listed questionable; if Flowers is unable to play, his snap/target share decreases and remaining Baltimore receivers see increased opportunity.",2026-10-04 13:00:00,2026-10-04 08:08:41,2026-10-04 08:08:28,live
WR,00-0036410,Tee Higgins,CIN,JAX,2026_04_JAX_CIN,2026,4,NA,NA,15,20,7.269050249948223,2.9137579702915,-2.587418841434766,8.648161259137591,-4.409761381566823,10.065504633548517,0.4295,0.195,0.4325399517850613,0.22448979591836735,strat_platt,iso,0.4325399517850613,0.22448979591836735,NA,NA,NA,2026-10-04 13:00:00,2026-10-04 08:08:41,2026-10-04 08:08:28,live
WR,00-0036554,Nico Collins,HOU,DAL,2026_04_DAL_HOU,2026,4,NA,Full Participation in Practice,15,20,8.64820551240335,2.8031105590508107,-3.1055404681064727,8.962263235356488,-5.062864598941822,10.484589761418418,0.5045,0.281,0.42574143540889514,0.20666666666666667,strat_platt,iso,0.5107414354088952,0.2916666666666667,role_change_down,0.85,Collins' return from injury will reduce target share and opportunities for Schultz and Hutchinson in the Texans passing game.,2026-10-04 13:00:00,2026-10-04 08:08:41,2026-10-04 08:08:28,live
WR,00-0038559,Michael Wilson,ARI,NYG,2026_04_ARI_NYG,2026,4,NA,NA,15,20,7.85679928045794,2.2593349328785037,-3.4206181999534846,8.180093897755803,-5.302182922223883,9.64349785936339,0.4215,0.1925,0.4241924284736335,0.22448979591836735,strat_platt,iso,0.4241924284736335,0.22448979591836735,NA,NA,NA,2026-10-04 13:00:00,2026-10-04 08:08:41,2026-10-04 08:08:28,live
WR,00-0040124,Tetairoa McMillan,CAR,DET,2026_04_DET_CAR,2026,4,NA,NA,15,20,7.757271159569305,2.295868657638523,-3.354378583373632,8.185662327347224,-5.226102809290513,9.641412754012602,0.409,0.1935,0.41115007844655477,0.22448979591836735,strat_platt,iso,0.41115007844655477,0.22448979591836735,NA,NA,NA,2026-10-04 20:20:00,2026-10-04 08:08:41,2026-10-04 08:08:28,live
WR,00-0034827,DJ Moore,BUF,NE,2026_04_NE_BUF,2026,4,NA,Limited Participation in Practice,15,20,7.355063279330674,2.138560852030929,-3.389297249103634,7.90077660336822,-5.2204783433084625,9.324994243060527,0.4,0.178,0.40176079739313453,0.22264875239923224,strat_platt,iso,0.40176079739313453,0.22264875239923224,NA,NA,NA,2026-10-04 13:00:00,2026-10-04 08:08:41,2026-10-04 08:08:28,live
WR,00-0031381,Davante Adams,LA,PHI,2026_04_LA_PHI,2026,4,NA,Full Participation in Practice,15,20,7.91742719170935,2.1811438814740853,-3.5167962463564733,8.120652413363374,-5.404319414842447,9.58869061034628,0.392,0.196,0.39341613113865176,0.22448979591836735,strat_platt,iso,0.39341613113865176,0.22448979591836735,NA,NA,NA,2026-10-04 13:00:00,2026-10-04 08:08:41,2026-10-04 08:08:28,live
WR,00-0039890,Adonai Mitchell,NYJ,CHI,2026_04_NYJ_CHI,2026,4,Out,Did Not Participate In Practice,15,20,7.3102589101554125,1.1731850318961472,-4.340797787365366,6.920937248479041,-6.1673824984181955,8.341580009649189,0.2925,0.116,0.3749048976582154,0.2293914081145585,strat_platt,iso,0.28990489765821537,0.14439140811455847,role_change_up,0.85,Mitchell's continued absence explicitly indicates increased snap allocation for backup receivers Shepard and McClain.,2026-10-04 13:00:00,2026-10-04 08:08:41,2026-10-04 08:08:28,live
WR,00-0039337,Malik Nabers,NYG,ARI,2026_04_ARI_NYG,2026,4,NA,NA,15,20,8.616640931029494,1.2537411637074083,-4.646030127732619,7.403637641304369,-6.600412720657719,8.923676359681487,0.3725,0.183,0.3730839137308746,0.22264875239923224,strat_platt,iso,0.3730839137308746,0.22264875239923224,NA,NA,NA,2026-10-04 13:00:00,2026-10-04 08:08:41,2026-10-04 08:08:28,live
WR,00-0035719,Deebo Samuel Sr.,SF,DEN,2026_04_DEN_SF,2026,4,NA,NA,15,20,6.866700099992424,1.318802679056585,-4.055028862270971,6.920461800175371,-5.835186482435084,8.304995471964588,0.2905,0.109,0.37283272078434093,0.2293914081145585,strat_platt,iso,0.2878327207843409,0.14439140811455847,role_change_up,0.85,Robinson's absence combined with Evans' uncertainty means Deebo Samuel Jr. will see increased target and snap opportunities against Arizona.,2026-10-04 16:25:00,2026-10-04 08:08:41,2026-10-04 08:08:28,live
WR,00-0032464,Kalif Raymond,CHI,NYJ,2026_04_NYJ_CHI,2026,4,NA,NA,15,20,6.641447398886899,1.6615301578696868,-3.639082453443171,7.186866178049945,-5.3949852685945965,8.552535456112244,0.286,0.0995,0.3681720268514541,0.2293914081145585,strat_platt,iso,0.2831720268514541,0.14439140811455847,role_change_up,0.85,"Raymond has emerged as the Bears' primary passing target, outproducing higher-draft-capital receivers Odunze and Burden, indicating a sustained shift in offensive opportunity and snap allocation.",2026-10-04 13:00:00,2026-10-04 08:08:41,2026-10-04 08:08:28,live
WR,00-0036613,Jaylen Waddle,DEN,SF,2026_04_DEN_SF,2026,4,NA,Full Participation in Practice,15,20,7.765632690096638,2.032017246841365,-3.6207342400820206,7.924421331826817,-5.493288032837267,9.380816961595395,0.3665,0.1815,0.3668307801955313,0.22264875239923224,strat_platt,iso,0.3668307801955313,0.22264875239923224,NA,NA,NA,2026-10-04 16:25:00,2026-10-04 08:08:41,2026-10-04 08:08:28,live
WR,00-0038606,Parker Washington,JAX,CIN,2026_04_JAX_CIN,2026,4,NA,NA,15,20,7.241165391354231,2.193084601106508,-3.299402447748862,7.918429718130174,-5.118866381159984,9.333534230157326,0.3415,0.135,0.3407962425919559,0.1778975741239892,strat_platt,iso,0.3407962425919559,0.1778975741239892,NA,NA,NA,2026-10-04 13:00:00,2026-10-04 08:08:41,2026-10-04 08:08:28,live
WR,00-0040667,Matthew Golden,GB,TB,2026_04_GB_TB,2026,4,NA,NA,15,20,7.359486741861602,1.7906050773769442,-3.738620206004441,7.554245973667933,-5.5702541986442355,8.978815859209714,0.3385,0.154,0.3376746862745143,0.1778975741239892,strat_platt,iso,0.3376746862745143,0.1778975741239892,NA,NA,NA,2026-10-04 13:00:00,2026-10-04 08:08:41,2026-10-04 08:08:28,live
WR,00-0038124,Christian Watson,GB,TB,2026_04_GB_TB,2026,4,NA,NA,15,20,7.172389423884275,1.9636639571276657,-3.5073058646735102,7.666579608273521,-5.319641912625114,9.076140342988163,0.329,0.144,0.32779405778948967,0.1778975741239892,strat_platt,iso,0.32779405778948967,0.1778975741239892,NA,NA,NA,2026-10-04 13:00:00,2026-10-04 08:08:41,2026-10-04 08:08:28,live
WR,00-0035676,A.J. Brown,NE,BUF,2026_04_NE_BUF,2026,4,NA,NA,15,20,6.784761270635831,0.9538090780555506,-4.393554009520779,6.527877595665979,-6.164943580430492,7.905591837933274,0.239,0.0825,0.32665787356553017,0.17768075117370893,strat_platt,iso,0.23465787356553017,0.08568075117370892,role_change_up,0.92,A.J. Brown's six-week absence creates meaningful target-share opportunity for New England's secondary receivers.,2026-10-04 13:00:00,2026-10-04 08:08:41,2026-10-04 08:08:28,live
WR,00-0040735,Luther Burden III,CHI,NYJ,2026_04_NYJ_CHI,2026,4,NA,NA,15,20,6.983070949124884,1.7442174342331562,-3.6668874321596308,7.384730110719347,-5.459392367853351,8.778867018712655,0.3245,0.126,0.32311619969082644,0.1743119266055046,strat_platt,iso,0.32311619969082644,0.1743119266055046,NA,NA,NA,2026-10-04 13:00:00,2026-10-04 08:08:41,2026-10-04 08:08:28,live
WR,00-0037240,Jameson Williams,DET,CAR,2026_04_DET_CAR,2026,4,NA,NA,15,20,6.396362456641876,2.382064060737276,-2.837202645002249,7.822605455254973,-4.56615847966836,9.167316475794253,0.314,0.1335,0.31220787841838216,0.1778975741239892,strat_platt,iso,0.31220787841838216,0.1778975741239892,NA,NA,NA,2026-10-04 20:20:00,2026-10-04 08:08:41,2026-10-04 08:08:28,live
WR,00-0039410,Ryan Flournoy,DAL,HOU,2026_04_DAL_HOU,2026,4,NA,NA,15,20,6.729357237434026,1.8921884196274505,-3.437170872210159,7.447489857205884,-5.20259643142176,8.820565535493534,0.3125,0.115,0.3106503559986526,0.14439140811455847,strat_platt,iso,0.3106503559986526,0.14439140811455847,NA,NA,NA,2026-10-04 13:00:00,2026-10-04 08:08:41,2026-10-04 08:08:28,live
WR,00-0039424,Devaughn Vele,NO,ATL,2026_04_ATL_NO,2026,4,NA,NA,15,20,6.689889007917536,2.0656482584455262,-3.250832365561512,7.607525027504641,-5.011991684102961,8.977282598568035,0.311,0.1265,0.30909304534347837,0.1743119266055046,strat_platt,iso,0.30909304534347837,0.1743119266055046,NA,NA,NA,2026-10-05 20:15:00,2026-10-04 08:08:41,2026-10-04 08:08:28,live
WR,00-0034348,Courtland Sutton,DEN,SF,2026_04_DEN_SF,2026,4,NA,NA,15,20,6.6213002686798905,1.9308460723647596,-3.3631468862581126,7.449281794762266,-5.1168568479327785,8.813245561221839,0.31,0.119,0.3080549574630947,0.14439140811455847,strat_platt,iso,0.3080549574630947,0.14439140811455847,NA,NA,NA,2026-10-04 16:25:00,2026-10-04 08:08:41,2026-10-04 08:08:28,live
WR,00-0040129,Emeka Egbuka,TB,GB,2026_04_GB_TB,2026,4,NA,NA,15,20,7.405317665875824,1.2025106446849978,-4.340851455753846,6.9808876988931985,-6.177168468770471,8.409099845841473,0.2935,0.1235,0.2909411570531479,0.14439140811455847,strat_platt,iso,0.2909411570531479,0.14439140811455847,NA,NA,NA,2026-10-04 13:00:00,2026-10-04 08:08:41,2026-10-04 08:08:28,live
WR,00-0035535,Darius Slayton,IND,WAS,2026_04_IND_WAS,2026,4,NA,NA,15,20,5.675368971131588,1.508132641352399,-3.460609014261754,6.687527790158633,-5.106574886627612,7.96769261775202,0.1955,0.066,0.2820985531336539,0.1601265206812652,strat_platt,iso,0.19009855313365387,0.0681265206812652,role_change_up,0.92,Slayton signing with Colts to replace injured Alec Pierce materially increases his snap count and target share in the passing game.,2026-10-04 09:30:00,2026-10-04 08:08:41,2026-10-04 08:08:28,live
WR,00-0041523,Caleb Douglas,MIA,MIN,2026_04_MIA_MIN,2026,4,Out,Did Not Participate In Practice,15,20,6.871649967422614,0.32376354866692303,-5.051660963627083,5.927083175939514,-6.832346277929505,7.312027266612217,0.201,0.067,0.2807103288440088,0.1531265206812652,strat_platt,iso,0.19571032884400882,0.0681265206812652,role_change_up,0.85,"Douglas's continued absence elevates opportunity for the trio of Washington, Bell, and Coleman Jr. in the Dolphins' WR rotation.",2026-10-04 16:05:00,2026-10-04 08:08:41,2026-10-04 08:08:28,live
WR,00-0037261,Khalil Shakir,BUF,NE,2026_04_NE_BUF,2026,4,NA,NA,15,20,6.185767638845199,1.6237918865672,-3.5240979799757746,6.989930367773027,-5.229409228237977,8.316251597621346,0.282,0.092,0.27903122973638783,0.11336717428087986,strat_platt,iso,0.27903122973638783,0.11336717428087986,NA,NA,NA,2026-10-04 13:00:00,2026-10-04 08:08:41,2026-10-04 08:08:28,live
WR,00-0034960,Jakobi Meyers,JAX,CIN,2026_04_JAX_CIN,2026,4,NA,Full Participation in Practice,15,20,6.583408119521796,1.8679785502813284,-3.4135321570506325,7.373402827072827,-5.163107196634527,8.734150620519646,0.273,0.103,0.26972182041801446,0.14439140811455847,strat_platt,iso,0.26972182041801446,0.14439140811455847,NA,NA,NA,2026-10-04 13:00:00,2026-10-04 08:08:41,2026-10-04 08:08:28,live
WR,00-0039919,Rome Odunze,CHI,NYJ,2026_04_NYJ_CHI,2026,4,NA,NA,15,20,7.225950849544835,1.982741223052248,-3.5049962075336594,7.703135358211977,-5.322886762789878,9.11701616116458,0.3385,0.133,0.2626746862745143,0.1028975741239892,strat_platt,iso,0.3376746862745143,0.1778975741239892,role_change_down,0.75,Elevation of WR Davis suggests potential reduced opportunity for Odunze if his questionable status impacts availability or role.,2026-10-04 13:00:00,2026-10-04 08:08:41,2026-10-04 08:08:28,live
WR,00-0038618,Xavier Hutchinson,HOU,DAL,2026_04_DAL_HOU,2026,4,NA,NA,15,20,6.229264161940369,1.875807289363707,-3.286940707525801,7.257433822388492,-4.997173921382638,8.587583155445182,0.265,0.103,0.261455884809531,0.14439140811455847,strat_platt,iso,0.261455884809531,0.14439140811455847,NA,NA,NA,2026-10-04 13:00:00,2026-10-04 08:08:41,2026-10-04 08:08:28,live
WR,00-0038117,Wan'Dale Robinson,TEN,BAL,2026_04_TEN_BAL,2026,4,NA,NA,15,20,7.830145860875502,6.430478171033408e-4,-5.67137673347118,5.913132320819236,-7.550313420959438,7.37449230463222,0.2605,0.1045,0.25681028014119955,0.14439140811455847,strat_platt,iso,0.25681028014119955,0.14439140811455847,NA,NA,NA,2026-10-04 13:00:00,2026-10-04 08:08:41,2026-10-04 08:08:28,live
WR,00-0030279,Keenan Allen,IND,WAS,2026_04_IND_WAS,2026,4,Questionable,Did Not Participate In Practice,15,20,6.288686930721118,1.5631358370267097,-3.619812212720633,6.965818819154515,-5.336736979475257,8.301172567931816,0.26,0.0915,0.25629428503662366,0.11336717428087986,strat_platt,iso,0.25629428503662366,0.11336717428087986,NA,NA,NA,2026-10-04 09:30:00,2026-10-04 08:08:41,2026-10-04 08:08:28,live
WR,00-0038619,Andrei Iosivas,CIN,JAX,2026_04_JAX_CIN,2026,4,NA,NA,15,20,5.137353179495407,1.3231075789171702,-3.446199507486524,6.294612981814442,-5.026099861167286,7.523394755386295,0.177,0.062,0.2562769598340972,0.15290123456790122,strat_platt,iso,0.1712769598340972,0.06790123456790123,role_change_up,0.85,Iosivas' 4-game IR placement creates target/snap opportunity for other Bengals receivers in the passing attack.,2026-10-04 13:00:00,2026-10-04 08:08:41,2026-10-04 08:08:28,live
WR,00-0038840,Brycen Tremayne,CAR,DET,2026_04_DET_CAR,2026,4,NA,NA,15,20,5.267402867595975,1.4172196684210474,-3.401381013733338,6.44010850567536,-4.997610567432008,7.681590462086129,0.1815,0.0505,0.24784710946742822,0.12953424657534246,strat_platt,iso,0.17584710946742824,0.057534246575342465,role_change_up,0.72,Jalen Coker's quad injury suggests Tremayne will receive increased targets and snaps if Coker misses time.,2026-10-04 20:20:00,2026-10-04 08:08:41,2026-10-04 08:08:28,live
WR,00-0039893,Brian Thomas Jr.,JAX,CIN,2026_04_JAX_CIN,2026,4,NA,NA,15,20,6.1474050781693546,1.5403293411439571,-3.5944049953769532,6.8927545538607164,-5.295358288456533,8.215686344694115,0.2515,0.091,0.24752817315853023,0.11336717428087986,strat_platt,iso,0.24752817315853023,0.11336717428087986,NA,NA,NA,2026-10-04 13:00:00,2026-10-04 08:08:41,2026-10-04 08:08:28,live
WR,00-0037816,Romeo Doubs,NE,BUF,2026_04_NE_BUF,2026,4,NA,NA,15,20,6.250781945158919,1.4221697432785412,-3.747906012395366,6.811434700864333,-5.46056664987694,8.143471984575548,0.249,0.081,0.24495205383689875,0.08568075117370892,strat_platt,iso,0.24495205383689875,0.08568075117370892,NA,NA,NA,2026-10-04 13:00:00,2026-10-04 08:08:41,2026-10-04 08:08:28,live
WR,00-0041042,Malachi Fields,NYG,ARI,2026_04_ARI_NYG,2026,4,NA,NA,15,20,6.507810665115167,1.2407031982684007,-4.015777593017302,6.720036397131037,-5.757061119285391,8.074335391187404,0.248,0.081,0.24392188797874495,0.08568075117370892,strat_platt,iso,0.24392188797874495,0.08568075117370892,NA,NA,NA,2026-10-04 13:00:00,2026-10-04 08:08:41,2026-10-04 08:08:28,live
WR,00-0031588,Stefon Diggs,WAS,IND,2026_04_IND_WAS,2026,4,NA,NA,15,20,6.405826684747754,1.4459283248437496,-3.776513375810632,6.889779320544054,-5.5065209723989765,8.23530835842042,0.242,0.098,0.2377443566161387,0.11428571428571428,strat_platt,iso,0.2377443566161387,0.11428571428571428,NA,NA,NA,2026-10-04 09:30:00,2026-10-04 08:08:41,2026-10-04 08:08:28,live
WR,00-0031408,Mike Evans,SF,DEN,2026_04_DEN_SF,2026,4,Questionable,Limited Participation in Practice,15,20,7.238899112572219,1.6065512827015906,-3.8852286604062494,7.331159315704333,-5.704458355048431,8.74608164641273,0.3115,0.1325,0.23761212516903235,0.10589757412398922,strat_platt,iso,0.30961212516903236,0.1778975741239892,role_change_down,0.72,"If Mike Evans misses time due to rib injury, Deebo Samuel could see increased involvement in the 49ers offense.",2026-10-04 16:25:00,2026-10-04 08:08:41,2026-10-04 08:08:28,live
WR,00-0038393,Dontayvion Wicks,PHI,LA,2026_04_LA_PHI,2026,4,NA,NA,15,20,6.458272746693501,1.3099884937016397,-3.9299976027288523,6.772127692868681,-5.66581702828724,8.122176933233051,0.241,0.078,0.23671535692020915,0.08568075117370892,strat_platt,iso,0.23671535692020915,0.08568075117370892,NA,NA,NA,2026-10-04 13:00:00,2026-10-04 08:08:41,2026-10-04 08:08:28,live
WR,00-0039894,Xavier Worthy,KC,LV,2026_04_KC_LV,2026,4,NA,NA,15,20,6.191942007119688,1.7147232868272555,-3.435279441432556,7.083064206091804,-5.1412906049892095,8.409929801383717,0.239,0.083,0.23465787356553017,0.08568075117370892,strat_platt,iso,0.23465787356553017,0.08568075117370892,NA,NA,NA,2026-10-04 16:25:00,2026-10-04 08:08:41,2026-10-04 08:08:28,live
WR,00-0036550,Rashod Bateman,BAL,TEN,2026_04_TEN_BAL,2026,4,NA,NA,15,20,6.648694311865591,1.9699261268816102,-3.3330646790616756,7.497741167020137,-5.089755304783832,8.864023171871242,0.314,0.116,0.22720787841838214,0.05939140811455847,strat_platt,iso,0.31220787841838216,0.14439140811455847,role_change_down,0.85,"Bateman's role diminished with Zay Flowers' return from injury, reducing his target opportunity from a lead role to complementary status.",2026-10-04 13:00:00,2026-10-04 08:08:41,2026-10-04 08:08:28,live
WR,00-0031236,Brandin Cooks,SF,DEN,2026_04_DEN_SF,2026,4,NA,NA,15,20,6.112714931452591,1.4486084301639846,-3.6741880690218336,6.788589692064594,-5.371186784825048,8.108445774693955,0.231,0.071,0.22643500885197856,0.08280254777070063,strat_platt,iso,0.22643500885197856,0.08280254777070063,NA,NA,NA,2026-10-04 16:25:00,2026-10-04 08:08:41,2026-10-04 08:08:28,live
WR,00-0036040,Juwan Johnson,NO,ATL,2026_04_ATL_NO,2026,4,NA,NA,15,20,6.208392828945983,1.4352397689522272,-3.7203863640615102,6.809442501392222,-5.428260359891,8.137756931313957,0.23,0.085,0.22540796750783912,0.10204081632653061,strat_platt,iso,0.22540796750783912,0.10204081632653061,NA,NA,NA,2026-10-05 20:15:00,2026-10-04 08:08:41,2026-10-04 08:08:28,live
WR,00-0039880,Malik Washington,MIA,MIN,2026_04_MIA_MIN,2026,4,NA,NA,15,20,7.551934244191977,-0.15944937710984625,-5.74769336434889,5.665712364827001,-7.59887813646445,7.105488045736177,0.225,0.0795,0.2202755765684516,0.08568075117370892,strat_platt,iso,0.2202755765684516,0.08568075117370892,NA,NA,NA,2026-10-04 16:05:00,2026-10-04 08:08:41,2026-10-04 08:08:28,live
WR,00-0038608,Kayshon Boutte,HOU,DAL,2026_04_DAL_HOU,2026,4,NA,NA,15,20,5.487456912165107,1.8979181728539125,-3.002485121243681,7.006077704546444,-4.625812945865085,8.26863558598476,0.2235,0.0585,0.21873679101514962,0.06790123456790123,strat_platt,iso,0.21873679101514962,0.06790123456790123,NA,NA,NA,2026-10-04 13:00:00,2026-10-04 08:08:41,2026-10-04 08:08:28,live
WR,00-0039342,Xavier Legette,CAR,DET,2026_04_DET_CAR,2026,4,Out,Did Not Participate In Practice,15,20,5.039892477908303,1.1205648022321382,-3.611317549429919,6.053058820959903,-5.178820430986631,7.272198348583202,0.1505,0.042,0.2164811581796049,0.12399698568198944,strat_platt,iso,0.1444811581796049,0.05199698568198945,role_change_up,0.72,IR placement removes Legette from rotation and increases target/snap opportunities for other Panthers receivers.,2026-10-04 20:20:00,2026-10-04 08:08:41,2026-10-04 08:08:28,live
WR,00-0041067,Bryce Lance,NO,ATL,2026_04_ATL_NO,2026,4,NA,NA,15,20,5.722294968169708,1.5989939808180487,-3.3866047659580745,6.795960889687244,-5.038154787930225,8.080468840086525,0.2195,0.0755,0.21463551854855112,0.08568075117370892,strat_platt,iso,0.21463551854855112,0.08568075117370892,NA,NA,NA,2026-10-05 20:15:00,2026-10-04 08:08:41,2026-10-04 08:08:28,live
WR,00-0035891,Cody White,LV,KC,2026_04_KC_LV,2026,4,NA,Limited Participation in Practice,15,20,5.1245958493233426,0.9851834769083496,-3.779248730416511,5.951607326607257,-5.3575342115295665,7.179133118450126,0.1475,0.047,0.2134613926004723,0.12399698568198944,strat_platt,iso,0.14146139260047233,0.05199698568198945,role_change_up,0.72,"Cody White promoted to fill WR depth chart vacancy created by Bech's IR placement, implying increased opportunity/snaps.",2026-10-04 16:25:00,2026-10-04 08:08:41,2026-10-04 08:08:28,live
WR,00-0039849,Marvin Harrison Jr.,ARI,NYG,2026_04_ARI_NYG,2026,4,NA,NA,15,20,5.688676515876988,1.9301754453543212,-3.0433549499139816,7.114562355989344,-4.690907159946134,8.395960972034343,0.2155,0.0665,0.21053745328505136,0.0681265206812652,strat_platt,iso,0.21053745328505136,0.0681265206812652,NA,NA,NA,2026-10-04 13:00:00,2026-10-04 08:08:41,2026-10-04 08:08:28,live
WR,00-0039901,Keon Coleman,BUF,NE,2026_04_NE_BUF,2026,4,NA,Limited Participation in Practice,15,20,5.530562819412348,1.5901265403695832,-3.3260734684037487,6.714752500190081,-4.954634177939262,7.981380305146469,0.2155,0.0715,0.21053745328505136,0.08280254777070063,strat_platt,iso,0.21053745328505136,0.08280254777070063,NA,NA,NA,2026-10-04 13:00:00,2026-10-04 08:08:41,2026-10-04 08:08:28,live
WR,00-0033555,Mack Hollins,NE,BUF,2026_04_NE_BUF,2026,4,NA,NA,15,20,5.928389536845624,1.4827968407009486,-3.5758892556569375,6.755949691625548,-5.251650494764383,8.059288134886312,0.2145,0.0575,0.20951344887333848,0.06790123456790123,strat_platt,iso,0.20951344887333848,0.06790123456790123,NA,NA,NA,2026-10-04 13:00:00,2026-10-04 08:08:41,2026-10-04 08:08:28,live
WR,00-0040669,Isaac TeSlaa,DET,CAR,2026_04_DET_CAR,2026,4,NA,NA,15,20,5.555641159080003,1.8241915618484374,-3.101165395787581,6.9583626861802905,-4.732759474004267,8.227349721033214,0.2145,0.067,0.20951344887333848,0.0681265206812652,strat_platt,iso,0.20951344887333848,0.0681265206812652,NA,NA,NA,2026-10-04 20:20:00,2026-10-04 08:08:41,2026-10-04 08:08:28,live
WR,00-0038563,Tre Tucker,LV,KC,2026_04_KC_LV,2026,4,NA,NA,15,20,6.366773880418456,1.172870374394648,-4.036452280868271,6.603046133029501,-5.762114008323337,7.945195131925017,0.213,0.0615,0.2079778321167638,0.06790123456790123,strat_platt,iso,0.2079778321167638,0.06790123456790123,NA,NA,NA,2026-10-04 16:25:00,2026-10-04 08:08:41,2026-10-04 08:08:28,live
WR,00-0038621,DeMario Douglas,NE,BUF,2026_04_NE_BUF,2026,4,NA,NA,15,20,6.102675303838085,1.1152504517041213,-4.0040836964336055,6.451622573612175,-5.699935459535652,7.770586603416142,0.2065,0.078,0.20132901517110255,0.08568075117370892,strat_platt,iso,0.20132901517110255,0.08568075117370892,NA,NA,NA,2026-10-04 13:00:00,2026-10-04 08:08:41,2026-10-04 08:08:28,live
WR,00-0038544,Quentin Johnston,LAC,SEA,2026_04_LAC_SEA,2026,4,NA,NA,15,20,6.789905845634495,0.4008750034605371,-4.948155439406067,5.976681565127256,-6.720097345312267,7.3548253909281,0.205,0.06,0.19979597598410764,0.06790123456790123,strat_platt,iso,0.19979597598410764,0.06790123456790123,NA,NA,NA,2026-10-04 16:25:00,2026-10-04 08:08:41,2026-10-04 08:08:28,live
WR,00-0038104,Tyquan Thornton,KC,LV,2026_04_KC_LV,2026,4,NA,NA,15,20,5.479169329702099,1.6183076716853848,-3.2790501674322674,6.723292634071987,-4.901369142065034,7.9850658733172555,0.2025,0.0785,0.19724202371135013,0.08568075117370892,strat_platt,iso,0.19724202371135013,0.08568075117370892,NA,NA,NA,2026-10-04 16:25:00,2026-10-04 08:08:41,2026-10-04 08:08:28,live
WR,00-0037545,Rashid Shaheed,SEA,LAC,2026_04_LAC_SEA,2026,4,NA,Full Participation in Practice,15,20,5.8054374527005,1.0285839060405284,-3.9866831923060913,6.256476978282232,-5.648061274893794,7.548628791616167,0.201,0.0575,0.19571032884400882,0.06790123456790123,strat_platt,iso,0.19571032884400882,0.06790123456790123,NA,NA,NA,2026-10-04 16:25:00,2026-10-04 08:08:41,2026-10-04 08:08:28,live
WR,00-0040727,Tre Harris,LAC,SEA,2026_04_LAC_SEA,2026,4,NA,NA,15,20,6.551035060054079,0.6985982272212001,-4.572214756779871,6.192871242755098,-6.318246024371765,7.550862835519183,0.201,0.0685,0.19571032884400882,0.08280254777070063,strat_platt,iso,0.19571032884400882,0.08280254777070063,NA,NA,NA,2026-10-04 16:25:00,2026-10-04 08:08:41,2026-10-04 08:08:28,live
WR,00-0041438,Carnell Tate,TEN,BAL,2026_04_TEN_BAL,2026,4,NA,NA,15,20,7.162783557590804,-0.016366471760052452,-5.484321353144124,5.683406418330266,-7.2956586594871435,7.092190372735771,0.1995,0.0735,0.1941791479313806,0.08280254777070063,strat_platt,iso,0.1941791479313806,0.08280254777070063,NA,NA,NA,2026-10-04 13:00:00,2026-10-04 08:08:41,2026-10-04 08:08:28,live
WR,00-0039751,Jordan Whittington,LA,PHI,2026_04_LA_PHI,2026,4,NA,NA,15,20,4.879499253558069,1.132084159053209,-3.5372682869850447,5.999397270362028,-5.084057253874298,7.2024263637143315,0.1455,0.0375,0.19134064453382804,0.11585964912280701,strat_platt,iso,0.11934064453382803,0.043859649122807015,role_change_up,0.72,"Whittington's opportunity increases with Puka Nacua (hip) unavailable, expanding his target share in the Rams passing game.",2026-10-04 13:00:00,2026-10-04 08:08:41,2026-10-04 08:08:28,live
WR,00-0039146,Jayden Reed,GB,TB,2026_04_GB_TB,2026,4,NA,NA,15,20,4.7702635465669,0.5829386407611408,-4.043132233987801,5.405135226416974,-5.575583568900539,6.597013096967234,0.1025,0.021,0.19077107736065602,0.11386792452830188,strat_platt,iso,0.09577107736065602,0.018867924528301886,role_change_up,0.95,"Season-ending injury to Jayden Reed creates sustained opportunity increase for other Packers pass-catchers, particularly Watson, Golden, and Moore who will see elevated target/snap share for remainder of season.",2026-10-04 13:00:00,2026-10-04 08:08:41,2026-10-04 08:08:28,live
WR,00-0041525,Chris Bell,MIA,MIN,2026_04_MIA_MIN,2026,4,NA,Full Participation in Practice,15,20,5.607867948284269,0.003075031214814371,-4.941273890788889,5.15704329835065,-6.579159325522989,6.430923492573801,0.111,0.0315,0.1899856161153172,0.11824250681198911,strat_platt,iso,0.10498561611531719,0.0332425068119891,role_change_up,0.85,"Bell's opportunity increases significantly with primary competitor Caleb Douglas ruled out for Week 4, implying increased snap/carry share.",2026-10-04 16:05:00,2026-10-04 08:08:41,2026-10-04 08:08:28,live
WR,00-0036259,Jauan Jennings,MIN,MIA,2026_04_MIA_MIN,2026,4,NA,NA,15,20,5.549529171528341,1.1452305602131385,-3.777896950562905,6.277077718629391,-5.408752493009347,7.545490350614758,0.195,0.066,0.18958874371751902,0.0681265206812652,strat_platt,iso,0.18958874371751902,0.0681265206812652,NA,NA,NA,2026-10-04 16:05:00,2026-10-04 08:08:41,2026-10-04 08:08:28,live
WR,00-0040172,Jordan Watkins,SF,DEN,2026_04_DEN_SF,2026,4,NA,NA,15,20,4.681491126569168,1.11530836090193,-3.4751572324934408,5.900390152854172,-4.99581381492237,7.083094548101302,0.1325,0.034,0.18747044431822554,0.1082425068119891,strat_platt,iso,0.11247044431822553,0.0332425068119891,role_change_up,0.75,"Watkins saw increased snaps with Mike Evans exiting early, and could see elevated opportunity if Evans misses additional time.",2026-10-04 16:25:00,2026-10-04 08:08:41,2026-10-04 08:08:28,live
WR,00-0038839,Mitchell Tinsley,CIN,JAX,2026_04_JAX_CIN,2026,4,NA,NA,15,20,5.1185428286573655,1.488423157236056,-3.273693547903197,6.452433337314279,-4.851211986203594,7.67936255467981,0.1915,0.062,0.18602175748418723,0.06790123456790123,strat_platt,iso,0.18602175748418723,0.06790123456790123,NA,NA,NA,2026-10-04 13:00:00,2026-10-04 08:08:41,2026-10-04 08:08:28,live
WR,00-0038090,Skyy Moore,GB,TB,2026_04_GB_TB,2026,4,NA,NA,15,20,5.097093402615513,0.7159511897701474,-4.03794732189342,5.67139475995594,-5.61274336749743,6.896206611806594,0.1185,0.029,0.1844371612674931,0.1052425068119891,strat_platt,iso,0.1124371612674931,0.0332425068119891,role_change_up,0.72,"Moore received meaningful target volume (7 targets) with Jayden Reed out, indicating a temporary but real increase in offensive opportunity and snap share.",2026-10-04 13:00:00,2026-10-04 08:08:41,2026-10-04 08:08:28,live
WR,00-0033908,Cooper Kupp,SEA,LAC,2026_04_LAC_SEA,2026,4,NA,NA,15,20,5.49501668746982,1.465127235051892,-3.4380517046858867,6.57618008794323,-5.062299001140238,7.839453096906523,0.1895,0.062,0.18398481810884565,0.06790123456790123,strat_platt,iso,0.18398481810884565,0.06790123456790123,NA,NA,NA,2026-10-04 16:25:00,2026-10-04 08:08:41,2026-10-04 08:08:28,live
WR,00-0039491,Jalen Coker,CAR,DET,2026_04_DET_CAR,2026,4,Questionable,Limited Participation in Practice,15,20,6.109273080162706,1.8984053050716232,-3.2232045854800724,7.237149651183674,-4.919810220408693,8.556700011611557,0.2575,0.09,0.18171486986597085,0.04136717428087987,strat_platt,iso,0.25371486986597086,0.11336717428087986,role_change_down,0.72,"Impact note explicitly warns that Metchie's opportunity may decrease if Coker returns from quad injury, signaling a potential shift in target/snap allocation.",2026-10-04 20:20:00,2026-10-04 08:08:41,2026-10-04 08:08:28,live
WR,00-0035662,Marquise Brown,PHI,LA,2026_04_LA_PHI,2026,4,Out,Did Not Participate In Practice,15,20,4.593722125175917,0.7374071803419892,-3.817462666100839,5.485384117209679,-5.326327654451001,6.658917493631737,0.0975,0.023,0.17784300115176954,0.11824250681198911,strat_platt,iso,0.09284300115176952,0.0332425068119891,role_change_up,0.85,"Absence of two starting WRs (Hollywood Brown, Devonta Smith) creates significant target opportunity increase for rookie Lemon and Wicks.",2026-10-04 13:00:00,2026-10-04 08:08:41,2026-10-04 08:08:28,live
WR,00-0037741,Jahan Dotson,ATL,NO,2026_04_ATL_NO,2026,4,NA,NA,15,20,5.859513049442099,0.8747519057346421,-4.159677349544774,6.122619528785653,-5.827403167341584,7.419708350526631,0.1815,0.0565,0.17584710946742824,0.06790123456790123,strat_platt,iso,0.17584710946742824,0.06790123456790123,NA,NA,NA,2026-10-05 20:15:00,2026-10-04 08:08:41,2026-10-04 08:08:28,live
WR,00-0031610,Darren Waller,CAR,DET,2026_04_DET_CAR,2026,4,NA,Full Participation in Practice,15,20,5.029867160165068,1.485439717349626,-3.242568847315125,6.413895717002947,-4.80878848219968,7.632037187933575,0.1795,0.043,0.17381526651304818,0.05199698568198945,strat_platt,iso,0.17381526651304818,0.05199698568198945,NA,NA,NA,2026-10-04 20:20:00,2026-10-04 08:08:41,2026-10-04 08:08:28,live
WR,00-0041443,Skyler Bell,BUF,NE,2026_04_NE_BUF,2026,4,NA,NA,15,20,5.093116644595049,1.3860286839024383,-3.3663439255873424,6.339881660158371,-4.940634494538167,7.564300372975317,0.1785,0.053,0.17279974282011973,0.057534246575342465,strat_platt,iso,0.17279974282011973,0.057534246575342465,NA,NA,NA,2026-10-04 13:00:00,2026-10-04 08:08:41,2026-10-04 08:08:28,live
WR,00-0039855,Jalen McMillan,TB,GB,2026_04_GB_TB,2026,4,NA,NA,15,20,4.529988259735854,0.4906860070360145,-4.038084170380173,5.211456760022261,-5.5383032746261875,6.3782657219716965,0.089,0.023,0.17274625248726802,0.11824250681198911,strat_platt,iso,0.08774625248726801,0.0332425068119891,role_change_up,0.85,McMillan's 6-8 week absence creates target volume opportunity for remaining Buccaneers WRs in the passing game.,2026-10-04 13:00:00,2026-10-04 08:08:41,2026-10-04 08:08:28,live
WR,00-0034419,Braxton Berrios,NYG,ARI,2026_04_ARI_NYG,2026,4,NA,NA,15,20,4.637788940222108,0.8911562992710879,-3.6816349318546835,5.657814411237074,-5.19643663207642,6.835965118952046,0.11,0.0305,0.1720766020464875,0.1052425068119891,strat_platt,iso,0.1000766020464875,0.0332425068119891,role_change_up,0.72,Signing to 53-man roster represents a concrete opportunity gain and could indicate expanded role beyond special teams if Giants have WR depth needs.,2026-10-04 13:00:00,2026-10-04 08:08:41,2026-10-04 08:08:28,live
WR,00-0037291,Jalen Nailor,LV,KC,2026_04_KC_LV,2026,4,NA,NA,15,20,5.666446746549129,1.0348808380673364,-3.9306464391635645,6.210925332531172,-5.57554750327687,7.490261995886202,0.177,0.0495,0.1712769598340972,0.05660377358490566,strat_platt,iso,0.1712769598340972,0.05660377358490566,NA,NA,NA,2026-10-04 16:25:00,2026-10-04 08:08:41,2026-10-04 08:08:28,live
WR,00-0040134,Pat Bryant,DEN,SF,2026_04_DEN_SF,2026,4,NA,NA,15,20,5.504670436026547,1.2950464424123558,-3.6116736995672536,6.409790629444917,-5.2370940692947165,7.673976006744418,0.175,0.0555,0.16924753068847,0.06790123456790123,strat_platt,iso,0.16924753068847,0.06790123456790123,NA,NA,NA,2026-10-04 16:25:00,2026-10-04 08:08:41,2026-10-04 08:08:28,live
WR,00-0035021,Ashton Dulin,IND,WAS,2026_04_IND_WAS,2026,4,Questionable,Full Participation in Practice,15,20,4.44732869048917,0.8820131563653907,-3.6125830211144567,5.567161077304092,-5.101481505067425,6.7251653245452765,0.1015,0.0235,0.16718932700062278,0.1052425068119891,strat_platt,iso,0.09518932700062278,0.0332425068119891,role_change_up,0.72,"Dulin's opportunity for increased targets/snaps is explicitly contingent on Keenan Allen's absence, creating a conditional role change scenario.",2026-10-04 09:30:00,2026-10-04 08:08:41,2026-10-04 08:08:28,live
WR,00-0033307,Kendrick Bourne,ARI,NYG,2026_04_ARI_NYG,2026,4,NA,NA,15,20,5.54016088954212,0.950965780902309,-3.9687416891024165,6.079247903378392,-5.5984642947246375,7.346779383513283,0.172,0.046,0.16620545041841284,0.05199698568198945,strat_platt,iso,0.16620545041841284,0.05199698568198945,NA,NA,NA,2026-10-04 13:00:00,2026-10-04 08:08:41,2026-10-04 08:08:28,live
WR,00-0036309,Darnell Mooney,NYG,ARI,2026_04_ARI_NYG,2026,4,NA,NA,15,20,5.447781920375768,1.0446449111788743,-3.841154282815756,6.137581191096885,-5.459644292949677,7.396376418610672,0.172,0.045,0.16620545041841284,0.05199698568198945,strat_platt,iso,0.16620545041841284,0.05199698568198945,NA,NA,NA,2026-10-04 13:00:00,2026-10-04 08:08:41,2026-10-04 08:08:28,live
WR,00-0040876,Elijah Sarratt,BAL,TEN,2026_04_TEN_BAL,2026,4,NA,NA,15,20,5.190348671316109,1.412489177041227,-3.3769928250631036,6.405024826175869,-4.96357640460319,7.639004539038938,0.171,0.046,0.16519198183130798,0.05199698568198945,strat_platt,iso,0.16519198183130798,0.05199698568198945,NA,NA,NA,2026-10-04 13:00:00,2026-10-04 08:08:41,2026-10-04 08:08:28,live
WR,00-0033921,Chris Godwin Jr.,TB,GB,2026_04_GB_TB,2026,4,NA,Full Participation in Practice,15,20,5.804101154148443,1.0619977842602333,-3.952794457474776,6.289395867991562,-5.6140152371010545,7.581425337526108,0.1705,0.0525,0.16468535332335701,0.057534246575342465,strat_platt,iso,0.16468535332335701,0.057534246575342465,NA,NA,NA,2026-10-04 13:00:00,2026-10-04 08:08:41,2026-10-04 08:08:28,live
WR,00-0040867,Makai Lemon,PHI,LA,2026_04_LA_PHI,2026,4,NA,NA,15,20,5.703849471722379,0.9662584857090207,-4.012723880973003,6.156328508135486,-5.662082133562019,7.439131790095649,0.1695,0.052,0.16367230914784645,0.057534246575342465,strat_platt,iso,0.16367230914784645,0.057534246575342465,NA,NA,NA,2026-10-04 13:00:00,2026-10-04 08:08:41,2026-10-04 08:08:28,live
WR,00-0032385,Sterling Shepard,NYJ,CHI,2026_04_NYJ_CHI,2026,4,NA,NA,15,20,4.750683899598515,0.3665633246122182,-4.251688198777973,5.180609051700357,-5.7815492630804455,6.370472315881869,0.095,0.0245,0.16336018002525246,0.1052425068119891,strat_platt,iso,0.09136018002525247,0.0332425068119891,role_change_up,0.72,"Beckham's release removes a competing pass-catcher from the Giants' WR room, increasing target share for remaining receivers.",2026-10-04 13:00:00,2026-10-04 08:08:41,2026-10-04 08:08:28,live
WR,00-0041048,Ted Hurst III,TB,GB,2026_04_GB_TB,2026,4,NA,NA,15,20,5.76020341083375,1.0820423513862651,-3.917114805342403,6.2931424890689165,-5.573156242166083,7.581143677946339,0.1645,0.0525,0.15861141217491662,0.057534246575342465,strat_platt,iso,0.15861141217491662,0.057534246575342465,NA,NA,NA,2026-10-04 13:00:00,2026-10-04 08:08:41,2026-10-04 08:08:28,live
WR,00-0039451,Isaiah Williams,NYJ,CHI,2026_04_NYJ_CHI,2026,4,NA,NA,15,20,5.579604200423924,0.9620069232586308,-3.9720770436971966,6.105275044952691,-5.6065620670472445,7.376510538501122,0.161,0.0485,0.15507317161862508,0.05199698568198945,strat_platt,iso,0.15507317161862508,0.05199698568198945,NA,NA,NA,2026-10-04 13:00:00,2026-10-04 08:08:41,2026-10-04 08:08:28,live
WR,00-0040265,Ja'Seem Reed,CAR,DET,2026_04_DET_CAR,2026,4,NA,NA,15,20,5.08135767477721,1.0839066866240628,-3.6639498391497924,6.033052116440457,-5.236744391565974,7.256307288881931,0.159,0.04,0.1530529837998835,0.043859649122807015,strat_platt,iso,0.1530529837998835,0.043859649122807015,NA,NA,NA,2026-10-04 20:20:00,2026-10-04 08:08:41,2026-10-04 08:08:28,live
WR,00-0032398,Chris Moore,BAL,TEN,2026_04_TEN_BAL,2026,4,Questionable,Limited Participation in Practice,15,20,5.001397128941843,1.676187995249722,-3.0407948926514043,6.593150876383326,-4.603362116336,7.80845165150574,0.1585,0.036,0.1525481287071898,0.043859649122807015,strat_platt,iso,0.1525481287071898,0.043859649122807015,NA,NA,NA,2026-10-04 13:00:00,2026-10-04 08:08:41,2026-10-04 08:08:28,live
WR,00-0039710,Jeshaun Jones,MIN,MIA,2026_04_MIA_MIN,2026,4,NA,NA,15,20,5.1730759769545065,1.138463691972606,-3.6444561247282046,6.124158946979259,-5.228865887642078,7.356447954322101,0.157,0.049,0.1510340284245348,0.05199698568198945,strat_platt,iso,0.1510340284245348,0.05199698568198945,NA,NA,NA,2026-10-04 16:05:00,2026-10-04 08:08:41,2026-10-04 08:08:28,live
WR,00-0041070,Reggie Virgil,ARI,NYG,2026_04_ARI_NYG,2026,4,NA,NA,15,20,5.1325345306009424,1.256099283081621,-3.5113673214727585,6.225686175534495,-5.090657989538399,7.453993760611027,0.155,0.042,0.14901632375323196,0.05199698568198945,strat_platt,iso,0.14901632375323196,0.05199698568198945,NA,NA,NA,2026-10-04 13:00:00,2026-10-04 08:08:41,2026-10-04 08:08:28,live
WR,00-0032775,Demarcus Robinson,SF,DEN,2026_04_DEN_SF,2026,4,NA,NA,15,20,5.07136710192904,1.1553541191150294,-3.588660647085859,6.100494915107763,-5.160182562366684,7.322760282519663,0.152,0.039,0.14599215264909868,0.043859649122807015,strat_platt,iso,0.14599215264909868,0.043859649122807015,NA,NA,NA,2026-10-04 16:25:00,2026-10-04 08:08:41,2026-10-04 08:08:28,live
WR,00-0041399,CJ Daniels,LA,PHI,2026_04_LA_PHI,2026,4,NA,NA,15,20,5.1010192669733865,1.2181372420095555,-3.53726695638213,6.175150333630704,-5.11256178198734,7.400350116133485,0.152,0.0425,0.14599215264909868,0.05199698568198945,strat_platt,iso,0.14599215264909868,0.05199698568198945,NA,NA,NA,2026-10-04 13:00:00,2026-10-04 08:08:41,2026-10-04 08:08:28,live
WR,00-0034867,Malik Turner,SF,DEN,2026_04_DEN_SF,2026,4,NA,NA,15,20,5.145357524730123,0.991316024341291,-3.7810460751148645,5.966005959838598,-5.361958445030824,7.195574838180364,0.15,0.044,0.14397765701953347,0.05199698568198945,strat_platt,iso,0.14397765701953347,0.05199698568198945,NA,NA,NA,2026-10-04 16:25:00,2026-10-04 08:08:41,2026-10-04 08:08:28,live
WR,00-0040582,Arian Smith,NYJ,CHI,2026_04_NYJ_CHI,2026,4,NA,NA,15,20,4.42365670813232,-0.2663144713405281,-4.751055156303214,4.408560126155244,-6.236688869120361,5.564025168150202,0.059,0.02,0.1401726134927295,0.08803206412825651,strat_platt,iso,0.0681726134927295,0.01603206412825651,role_change_up,0.72,Loss of a pass-catcher creates opportunity redistribution among remaining Jets receivers and tight ends.,2026-10-04 13:00:00,2026-10-04 08:08:41,2026-10-04 08:08:28,live
WR,00-0040590,Konata Mumpfield,LA,PHI,2026_04_LA_PHI,2026,4,NA,NA,15,20,5.008888225455237,0.9580114681682679,-3.761876094036004,5.878002169429644,-5.325405532121083,7.094051315495091,0.139,0.0305,0.13292202812203827,0.0332425068119891,strat_platt,iso,0.13292202812203827,0.0332425068119891,NA,NA,NA,2026-10-04 13:00:00,2026-10-04 08:08:41,2026-10-04 08:08:28,live
WR,00-0039792,Devontez Walker,BAL,TEN,2026_04_TEN_BAL,2026,4,NA,NA,15,20,4.8736998762653245,1.7064595523128243,-2.9606094768233495,6.5713924395639145,-4.506642029603417,7.773833225009031,0.1695,0.0495,0.1315970493039532,0.05660377358490566,strat_platt,iso,0.1315970493039532,0.05660377358490566,NA,NA,NA,2026-10-04 13:00:00,2026-10-04 08:08:41,2026-10-04 08:08:28,live
WR,00-0040930,Camden Brown,DAL,HOU,2026_04_DAL_HOU,2026,4,NA,NA,15,20,5.065227879046486,0.9909114083622297,-3.7507403799809076,5.933589046295751,-5.321479525461934,7.15524560742398,0.1375,0.041,0.13141772064649263,0.05199698568198945,strat_platt,iso,0.13141772064649263,0.05199698568198945,NA,NA,NA,2026-10-04 13:00:00,2026-10-04 08:08:41,2026-10-04 08:08:28,live
WR,00-0041040,Antonio Williams,WAS,IND,2026_04_IND_WAS,2026,4,NA,NA,15,20,5.188144886671024,0.956861657841955,-3.8317838058304527,5.948525302876486,-5.418090270196255,7.182289486909178,0.1365,0.0355,0.13041530147674676,0.043859649122807015,strat_platt,iso,0.13041530147674676,0.043859649122807015,NA,NA,NA,2026-10-04 09:30:00,2026-10-04 08:08:41,2026-10-04 08:08:28,live
WR,00-0040870,Ja'Kobi Lane,BAL,TEN,2026_04_TEN_BAL,2026,4,NA,NA,15,20,4.923117289303797,1.4194380669929465,-3.2670373508400994,6.3046000912044695,-4.819498544051658,7.51204080982427,0.1645,0.046,0.12908324475255997,0.05199698568198945,strat_platt,iso,0.12908324475255997,0.05199698568198945,NA,NA,NA,2026-10-04 13:00:00,2026-10-04 08:08:41,2026-10-04 08:08:28,live
WR,00-0038728,Jared Wayne,HOU,DAL,2026_04_DAL_HOU,2026,4,NA,NA,15,20,5.012013661158615,1.221712532667012,-3.499386161828877,6.142965713073118,-5.063316804596568,7.359326899705121,0.1325,0.0315,0.12640930688425564,0.0332425068119891,strat_platt,iso,0.12640930688425564,0.0332425068119891,NA,NA,NA,2026-10-04 13:00:00,2026-10-04 08:08:41,2026-10-04 08:08:28,live
WR,00-0032951,Laquon Treadwell,IND,WAS,2026_04_IND_WAS,2026,4,NA,NA,15,20,4.928818537120713,1.410262690061352,-3.2784442363250057,6.297750829288834,-4.831644648271855,7.505766481958425,0.1575,0.0465,0.1255307215265582,0.05199698568198945,strat_platt,iso,0.1255307215265582,0.05199698568198945,NA,NA,NA,2026-10-04 09:30:00,2026-10-04 08:08:41,2026-10-04 08:08:28,live
WR,00-0035500,Greg Dortch,BUF,NE,2026_04_NE_BUF,2026,4,NA,NA,15,20,4.594572065030916,1.2403043056151097,-3.314912154941219,5.988642551559103,-4.823891964113482,7.1622652309128885,0.156,0.0415,0.12476412716266773,0.05199698568198945,strat_platt,iso,0.12476412716266773,0.05199698568198945,NA,NA,NA,2026-10-04 13:00:00,2026-10-04 08:08:41,2026-10-04 08:08:28,live
WR,00-0035602,Alex Bachman,LA,PHI,2026_04_LA_PHI,2026,4,NA,NA,15,20,5.084386119282218,0.9605123354491694,-3.788507865363446,5.910870775171951,-5.36168790157675,7.134425761119262,0.129,0.0405,0.12290900440774119,0.05199698568198945,strat_platt,iso,0.12290900440774119,0.05199698568198945,NA,NA,NA,2026-10-04 13:00:00,2026-10-04 08:08:41,2026-10-04 08:08:28,live
WR,00-0038576,Charlie Jones,NYG,ARI,2026_04_ARI_NYG,2026,4,NA,NA,15,20,5.121990513736128,0.9354765455394365,-3.8279592229332646,5.900861711620908,-5.405914619598741,7.128130777302548,0.129,0.0385,0.12290900440774119,0.043859649122807015,strat_platt,iso,0.12290900440774119,0.043859649122807015,NA,NA,NA,2026-10-04 13:00:00,2026-10-04 08:08:41,2026-10-04 08:08:28,live
WR,00-0041069,Colbie Young,CIN,JAX,2026_04_JAX_CIN,2026,4,Out,Did Not Participate In Practice,15,20,4.77944118816421,1.1121710089991246,-3.517558556402246,5.938181398215214,-5.051221884283997,7.131001907246787,0.142,0.039,0.11750895322362796,0.043859649122807015,strat_platt,iso,0.11750895322362796,0.043859649122807015,NA,NA,NA,2026-10-04 13:00:00,2026-10-04 08:08:41,2026-10-04 08:08:28,live
WR,00-0041099,Barion Brown,NO,ATL,2026_04_ATL_NO,2026,4,NA,Full Participation in Practice,15,20,4.72280443864132,1.1759264115127284,-3.431158327201624,5.978331929794186,-4.957320236314629,7.165318142607337,0.142,0.042,0.11750895322362796,0.05199698568198945,strat_platt,iso,0.11750895322362796,0.05199698568198945,NA,NA,NA,2026-10-05 20:15:00,2026-10-04 08:08:41,2026-10-04 08:08:28,live
WR,00-0040138,Jaylin Noel,HOU,DAL,2026_04_DAL_HOU,2026,4,NA,NA,15,20,4.5842645247608536,1.3978086117137387,-3.153201779132565,6.141762468498148,-4.660788268289554,7.3143014806222055,0.1375,0.0335,0.11513489917731923,0.0332425068119891,strat_platt,iso,0.11513489917731923,0.0332425068119891,NA,NA,NA,2026-10-04 13:00:00,2026-10-04 08:08:41,2026-10-04 08:08:28,live
WR,00-0037664,Alec Pierce,IND,WAS,2026_04_IND_WAS,2026,4,NA,NA,15,20,5.553251597210883,1.7984225495323698,-3.1260629485355236,6.9316852681204,-4.7573683434581895,8.20044777693331,0.205,0.068,0.11479597598410764,0,strat_platt,iso,0.19979597598410764,0.08280254777070063,role_change_down,0.85,Alec Pierce's heel injury created immediate opportunity shift with Treadwell stepping into increased role.,2026-10-04 09:30:00,2026-10-04 08:08:41,2026-10-04 08:08:28,live
WR,00-0036988,Josh Palmer,BUF,NE,2026_04_NE_BUF,2026,4,NA,NA,15,20,4.76808141057802,1.0341581732110958,-3.591042177726921,5.8554473285524296,-5.123205139328432,7.047100914154594,0.1365,0.038,0.11460430577274672,0.043859649122807015,strat_platt,iso,0.11460430577274672,0.043859649122807015,NA,NA,NA,2026-10-04 13:00:00,2026-10-04 08:08:41,2026-10-04 08:08:28,live
WR,00-0037614,John Metchie III,CAR,DET,2026_04_DET_CAR,2026,4,NA,NA,15,20,4.941050549908578,1.0531346649669995,-3.640354835298324,5.945608138845466,-5.195139542411324,7.154855991393732,0.1345,0.0385,0.11353970421350147,0.043859649122807015,strat_platt,iso,0.11353970421350147,0.043859649122807015,NA,NA,NA,2026-10-04 20:20:00,2026-10-04 08:08:41,2026-10-04 08:08:28,live
WR,00-0040075,LaJohntay Wester,BAL,TEN,2026_04_TEN_BAL,2026,4,NA,NA,15,20,4.664311880561388,1.1581769223198601,-3.4253525473376905,5.936028528416374,-4.943711440784126,7.116945875299065,0.134,0.0355,0.11327283097088438,0.043859649122807015,strat_platt,iso,0.11327283097088438,0.043859649122807015,NA,NA,NA,2026-10-04 13:00:00,2026-10-04 08:08:41,2026-10-04 08:08:28,live
WR,00-0039816,Anthony Gould,IND,WAS,2026_04_IND_WAS,2026,4,NA,NA,15,20,4.58692753452891,1.1945036288757034,-3.3575939561605974,5.939590772255346,-4.865540593753026,7.112409893078802,0.1315,0.0295,0.11193402695755811,0.0332425068119891,strat_platt,iso,0.11193402695755811,0.0332425068119891,NA,NA,NA,2026-10-04 09:30:00,2026-10-04 08:08:41,2026-10-04 08:08:28,live
WR,00-0037524,Tay Martin,DET,CAR,2026_04_DET_CAR,2026,4,NA,NA,15,20,4.647056275454786,1.0551148187576067,-3.5214325411357366,5.825688303360259,-5.037478512078742,7.004806753869975,0.1295,0.0415,0.1108575338171534,0.05199698568198945,strat_platt,iso,0.1108575338171534,0.05199698568198945,NA,NA,NA,2026-10-04 20:20:00,2026-10-04 08:08:41,2026-10-04 08:08:28,live
WR,00-0035544,Tom Kennedy,DET,CAR,2026_04_DET_CAR,2026,4,NA,NA,15,20,4.647056275454786,1.0551148187576067,-3.5214325411357366,5.825688303360259,-5.037478512078742,7.004806753869975,0.129,0.035,0.11058763587070666,0.0332425068119891,strat_platt,iso,0.11058763587070666,0.0332425068119891,NA,NA,NA,2026-10-04 20:20:00,2026-10-04 08:08:41,2026-10-04 08:08:28,live
WR,00-0039365,Jacob Cowing,SF,DEN,2026_04_DEN_SF,2026,4,NA,NA,15,20,4.800055279534117,0.9325447174896229,-3.7053876588725827,5.767105681930149,-5.2417682837753485,6.9620395932690435,0.1275,0.0345,0.10977604780776398,0.0332425068119891,strat_platt,iso,0.10977604780776398,0.0332425068119891,NA,NA,NA,2026-10-04 16:25:00,2026-10-04 08:08:41,2026-10-04 08:08:28,live
WR,00-0038519,Nikko Remigio,KC,LV,2026_04_KC_LV,2026,4,NA,NA,15,20,4.63938288064415,0.979537698535003,-3.593899884442475,5.746869564919549,-5.108915697846821,6.925186801096686,0.127,0.033,0.10950487959651468,0.0332425068119891,strat_platt,iso,0.10950487959651468,0.0332425068119891,NA,NA,NA,2026-10-04 16:25:00,2026-10-04 08:08:41,2026-10-04 08:08:28,live
WR,00-0040621,Montorie Foster Jr,SEA,LAC,2026_04_LAC_SEA,2026,4,NA,NA,15,20,4.6506048460267015,0.9489722096862085,-3.6290122480484275,5.721043718960589,-5.145534277954842,6.900532428630015,0.1235,0.034,0.10759752226657363,0.0332425068119891,strat_platt,iso,0.10759752226657363,0.0332425068119891,NA,NA,NA,2026-10-04 16:25:00,2026-10-04 08:08:41,2026-10-04 08:08:28,live
WR,00-0041132,Deion Burks,IND,WAS,2026_04_IND_WAS,2026,4,NA,NA,15,20,4.58692753452891,1.2212652002376727,-3.3308323847986285,5.966352343617315,-4.838779022391057,7.1391714644407704,0.1235,0.026,0.10759752226657363,0.0332425068119891,strat_platt,iso,0.10759752226657363,0.0332425068119891,NA,NA,NA,2026-10-04 09:30:00,2026-10-04 08:08:41,2026-10-04 08:08:28,live
WR,00-0041106,C.J. Williams,JAX,CIN,2026_04_JAX_CIN,2026,4,NA,NA,15,20,4.616330042732041,1.1434053887087512,-3.4206713765971832,5.9009795786035015,-4.9325862868971395,7.076885059376313,0.123,0.029,0.10732370289568062,0.0332425068119891,strat_platt,iso,0.10732370289568062,0.0332425068119891,NA,NA,NA,2026-10-04 13:00:00,2026-10-04 08:08:41,2026-10-04 08:08:28,live
WR,00-0037231,Kevin Austin Jr.,NO,ATL,2026_04_ATL_NO,2026,4,NA,NA,15,20,4.6174451398888925,0.8925047178832415,-3.6720254754589208,5.650551559232615,-5.1840905902019605,6.826573862868046,0.1215,0.034,0.10650018170324971,0.0332425068119891,strat_platt,iso,0.10650018170324971,0.0332425068119891,NA,NA,NA,2026-10-05 20:15:00,2026-10-04 08:08:41,2026-10-04 08:08:28,live
WR,00-0036849,Tutu Atwell,LA,PHI,2026_04_LA_PHI,2026,4,NA,NA,15,20,4.4766660138838965,1.2331355859775366,-3.273632011393378,5.930970943194324,-4.766562450144458,7.092111079706147,0.121,0.0295,0.10622497861390544,0.0332425068119891,strat_platt,iso,0.10622497861390544,0.0332425068119891,NA,NA,NA,2026-10-04 13:00:00,2026-10-04 08:08:41,2026-10-04 08:08:28,live
WR,00-0036331,Devin Duvernay,ARI,NYG,2026_04_ARI_NYG,2026,4,NA,NA,15,20,4.664277744366853,1.0856372953709466,-3.4978783768332695,5.863474519060843,-5.016232699678357,7.044388311117041,0.1205,0.0315,0.10594942328552658,0.0332425068119891,strat_platt,iso,0.10594942328552658,0.0332425068119891,NA,NA,NA,2026-10-04 13:00:00,2026-10-04 08:08:41,2026-10-04 08:08:28,live
WR,00-0041100,Josh Cameron,JAX,CIN,2026_04_JAX_CIN,2026,4,NA,NA,15,20,4.760028781858642,1.2017703718596753,-3.4202154967582254,6.019708764515265,-4.951313615676628,7.210534159100398,0.119,0.029,0.10512061801146938,0.0332425068119891,strat_platt,iso,0.10512061801146938,0.0332425068119891,NA,NA,NA,2026-10-04 13:00:00,2026-10-04 08:08:41,2026-10-04 08:08:28,live
WR,00-0035406,Lil'Jordan Humphrey,DEN,SF,2026_04_DEN_SF,2026,4,NA,NA,15,20,4.516652375436176,0.9391827791477547,-3.5840989165380215,5.654232362143872,-5.082499883668946,6.819627251526217,0.1185,0.027,0.10484362774500794,0.0332425068119891,strat_platt,iso,0.10484362774500794,0.0332425068119891,NA,NA,NA,2026-10-04 16:25:00,2026-10-04 08:08:41,2026-10-04 08:08:28,live
WR,00-0036646,Simi Fehoko,ARI,NYG,2026_04_ARI_NYG,2026,4,NA,NA,15,20,4.664277744366853,1.105897725793279,-3.477617946410937,5.883734949483175,-4.995972269256024,7.064648741539374,0.118,0.0235,0.10456627212002423,0.0332425068119891,strat_platt,iso,0.10456627212002423,0.0332425068119891,NA,NA,NA,2026-10-04 13:00:00,2026-10-04 08:08:41,2026-10-04 08:08:28,live
WR,00-0041467,Lewis Bond,HOU,DAL,2026_04_DAL_HOU,2026,4,NA,NA,15,20,4.458599111953687,1.1694392226687005,-3.3298383835361585,5.8594670449805,-4.82028765689404,7.018677432691852,0.1175,0.028,0.10428854843420779,0.0332425068119891,strat_platt,iso,0.10428854843420779,0.0332425068119891,NA,NA,NA,2026-10-04 13:00:00,2026-10-04 08:08:41,2026-10-04 08:08:28,live
WR,00-0041267,Malik McClain,NYJ,CHI,2026_04_NYJ_CHI,2026,4,NA,NA,15,20,5.046945169575017,0.6888108833270101,-4.045793914012561,5.624142767838976,-5.614198644162971,6.843983716353709,0.11,0.028,0.10399396052815225,0.0332425068119891,strat_platt,iso,0.10399396052815225,0.0332425068119891,NA,NA,NA,2026-10-04 13:00:00,2026-10-04 08:08:41,2026-10-04 08:08:28,live
WR,00-0040785,Dohnte Meyers,CIN,JAX,2026_04_JAX_CIN,2026,4,NA,NA,15,20,4.6819236157483335,0.8337594086460411,-3.756880608819463,5.619023019506429,-5.2775949716859065,6.801772354010849,0.1145,0.0285,0.10261432225672576,0.0332425068119891,strat_platt,iso,0.10261432225672576,0.0332425068119891,NA,NA,NA,2026-10-04 13:00:00,2026-10-04 08:08:41,2026-10-04 08:08:28,live
WR,00-0039915,Ladd McConkey,LAC,SEA,2026_04_LAC_SEA,2026,4,Questionable,Limited Participation in Practice,15,20,6.472044174606836,0.43977160468691506,-4.804807432139978,5.9066984653700265,-6.542148334094255,7.257931047746968,0.193,0.0625,0.10255010382444578,0,strat_platt,iso,0.18755010382444579,0.06790123456790123,role_change_down,0.85,Thompson's absence combined with McConkey potentially also out significantly reduces Chargers receiving depth and could impact target distribution among remaining WRs.,2026-10-04 16:25:00,2026-10-04 08:08:41,2026-10-04 08:08:28,live
WR,00-0037745,Velus Jones Jr.,SEA,LAC,2026_04_LAC_SEA,2026,4,NA,NA,15,20,4.62420709138392,1.1513767554235546,-3.4159016468159535,5.912288318027804,-4.928877144583246,7.089018680285137,0.113,0.0275,0.10177201294526259,0.0332425068119891,strat_platt,iso,0.10177201294526259,0.0332425068119891,NA,NA,NA,2026-10-04 16:25:00,2026-10-04 08:08:41,2026-10-04 08:08:28,live
WR,00-0039868,Troy Franklin,DEN,SF,2026_04_DEN_SF,2026,4,NA,NA,15,20,4.660080487728121,1.0766176745110991,-3.50520106209001,5.8526860197525385,-5.022993251042069,7.033162607094876,0.1125,0.0275,0.10149045387664282,0.0332425068119891,strat_platt,iso,0.10149045387664282,0.0332425068119891,NA,NA,NA,2026-10-04 16:25:00,2026-10-04 08:08:41,2026-10-04 08:08:28,live
WR,00-0034854,KhaDarel Hodge,SF,DEN,2026_04_DEN_SF,2026,4,NA,Did Not Participate In Practice,15,20,4.573583618709343,0.8519433095975548,-3.694702779173964,5.591347836478985,-5.200843531609327,6.762762413806393,0.11,0.026,0.1000766020464875,0.0332425068119891,strat_platt,iso,0.1000766020464875,0.0332425068119891,NA,NA,NA,2026-10-04 16:25:00,2026-10-04 08:08:41,2026-10-04 08:08:28,live
WR,00-0040170,Elic Ayomanor,TEN,BAL,2026_04_TEN_BAL,2026,4,NA,NA,15,20,5.492486205776786,-0.3456521657709943,-5.247902264776419,4.764432467495213,-6.871841869615411,6.027466166524842,0.106,0.0295,0.10003193738843964,0.0332425068119891,strat_platt,iso,0.10003193738843964,0.0332425068119891,NA,NA,NA,2026-10-04 13:00:00,2026-10-04 08:08:41,2026-10-04 08:08:28,live
WR,00-0040729,Jack Bech,LV,KC,2026_04_KC_LV,2026,4,NA,NA,15,20,4.846396948050577,0.641319249692883,-4.014978115783244,5.495023800602038,-5.557442402792638,6.694689335106771,0.1095,0.0285,0.0997925985435093,0.0332425068119891,strat_platt,iso,0.0997925985435093,0.0332425068119891,NA,NA,NA,2026-10-04 16:25:00,2026-10-04 08:08:41,2026-10-04 08:08:28,live
WR,00-0040277,Jahdae Walker,CHI,NYJ,2026_04_NYJ_CHI,2026,4,NA,NA,15,20,4.515499313914715,0.7595243052649545,-3.763282391597823,5.47407875151015,-5.261526008657793,6.639351260453242,0.107,0.017,0.09836623814732158,0.01603206412825651,strat_platt,iso,0.09836623814732158,0.01603206412825651,NA,NA,NA,2026-10-04 13:00:00,2026-10-04 08:08:41,2026-10-04 08:08:28,live
WR,00-0038976,Marvin Mims Jr.,DEN,SF,2026_04_DEN_SF,2026,4,NA,Full Participation in Practice,15,20,4.629938400297713,0.9759461119546655,-3.5936597711144893,5.73928383066715,-5.107406279789514,6.916613853623614,0.107,0.0185,0.09836623814732158,0.01603206412825651,strat_platt,iso,0.09836623814732158,0.01603206412825651,NA,NA,NA,2026-10-04 16:25:00,2026-10-04 08:08:41,2026-10-04 08:08:28,live
WR,00-0033589,David Moore,CAR,DET,2026_04_DET_CAR,2026,4,NA,NA,15,20,4.481530328361544,1.2188332176127523,-3.2899479357765604,5.918767497050975,-4.783545393406483,7.080426413521952,0.1065,0.0275,0.09807967419737744,0.0332425068119891,strat_platt,iso,0.09807967419737744,0.0332425068119891,NA,NA,NA,2026-10-04 20:20:00,2026-10-04 08:08:41,2026-10-04 08:08:28,live
WR,00-0035208,Olamide Zaccheaus,ATL,NO,2026_04_ATL_NO,2026,4,NA,NA,15,20,4.762736393816013,0.35658305021950376,-4.266484011354003,5.1756484738091455,-5.797940290714166,6.366752430913632,0.1065,0.023,0.09807967419737744,0.0332425068119891,strat_platt,iso,0.09807967419737744,0.0332425068119891,NA,NA,NA,2026-10-05 20:15:00,2026-10-04 08:08:41,2026-10-04 08:08:28,live
WR,00-0038573,Derius Davis,LAC,SEA,2026_04_LAC_SEA,2026,4,NA,NA,15,20,4.511356670991277,0.7705388292112966,-3.750560734044408,5.483313766652115,-5.248238838978459,6.6481464434301945,0.106,0.025,0.09779267168727739,0.0332425068119891,strat_platt,iso,0.09779267168727739,0.0332425068119891,NA,NA,NA,2026-10-04 16:25:00,2026-10-04 08:08:41,2026-10-04 08:08:28,live
WR,00-0040390,Jackson Meeks,DET,CAR,2026_04_DET_CAR,2026,4,NA,NA,15,20,4.481920219624071,0.7713411833186304,-3.7376013076904777,5.471443640404878,-5.231252210686353,6.633144124492074,0.106,0.025,0.09779267168727739,0.0332425068119891,strat_platt,iso,0.09779267168727739,0.0332425068119891,NA,NA,NA,2026-10-04 20:20:00,2026-10-04 08:08:41,2026-10-04 08:08:28,live
WR,00-0040648,Tory Horton,SEA,LAC,2026_04_LAC_SEA,2026,4,NA,NA,15,20,4.561284889082343,1.3381201734465804,-3.203493119257388,6.072278535132895,-4.7079666868914645,7.2423964444190405,0.106,0.0295,0.09779267168727739,0.0332425068119891,strat_platt,iso,0.09779267168727739,0.0332425068119891,NA,NA,NA,2026-10-04 16:25:00,2026-10-04 08:08:41,2026-10-04 08:08:28,live
WR,00-0039355,Luke McCaffrey,WAS,IND,2026_04_IND_WAS,2026,4,NA,NA,15,20,4.601233723747398,0.7452215572180095,-3.8127102891074527,5.496390309727763,-5.322589608179019,6.670712591032291,0.1055,0.022,0.09750522713988084,0.018867924528301886,strat_platt,iso,0.09750522713988084,0.018867924528301886,NA,NA,NA,2026-10-04 09:30:00,2026-10-04 08:08:41,2026-10-04 08:08:28,live
WR,00-0036626,Dyami Brown,WAS,IND,2026_04_IND_WAS,2026,4,NA,NA,15,20,4.966518017605626,0.4061968938459814,-4.2972277736014295,5.309026743698904,-5.855303645208661,6.520834329166348,0.104,0.024,0.0966402059140735,0.0332425068119891,strat_platt,iso,0.0966402059140735,0.0332425068119891,NA,NA,NA,2026-10-04 09:30:00,2026-10-04 08:08:41,2026-10-04 08:08:28,live
WR,00-0038640,Jalen Brooks,ARI,NYG,2026_04_ARI_NYG,2026,4,NA,NA,15,20,4.4676804278029465,1.0068156668206754,-3.496229007090238,5.700770264472046,-4.98792617484731,6.8609512133263815,0.104,0.023,0.0966402059140735,0.0332425068119891,strat_platt,iso,0.0966402059140735,0.0332425068119891,NA,NA,NA,2026-10-04 13:00:00,2026-10-04 08:08:41,2026-10-04 08:08:28,live
WR,00-0040131,Kyle Williams,NE,BUF,2026_04_NE_BUF,2026,4,NA,NA,15,20,4.557914967497776,0.7378523714740762,-3.8023805125953056,5.470571801076396,-5.306396800366605,6.640334056818005,0.104,0.023,0.0966402059140735,0.0332425068119891,strat_platt,iso,0.0966402059140735,0.0332425068119891,NA,NA,NA,2026-10-04 13:00:00,2026-10-04 08:08:41,2026-10-04 08:08:28,live
WR,00-0040154,Tai Felton,MIN,MIA,2026_04_MIA_MIN,2026,4,NA,NA,15,20,4.479639885089475,0.7754294166956928,-3.7325693510989746,5.474548140720842,-5.225907632447037,6.636005480497094,0.102,0.031,0.0954804378368587,0.0332425068119891,strat_platt,iso,0.0954804378368587,0.0332425068119891,NA,NA,NA,2026-10-04 16:05:00,2026-10-04 08:08:41,2026-10-04 08:08:28,live
WR,00-0040024,Darius Cooper,PHI,LA,2026_04_LA_PHI,2026,4,NA,Full Participation in Practice,15,20,4.528953837841727,0.8385505454472746,-3.6897942485572335,5.558877880576135,-5.189872438538265,6.7255772451829,0.1015,0.024,0.09518932700062278,0.0332425068119891,strat_platt,iso,0.09518932700062278,0.0332425068119891,NA,NA,NA,2026-10-04 13:00:00,2026-10-04 08:08:41,2026-10-04 08:08:28,live
WR,00-0036182,Nick Westbrook-Ikhine,IND,WAS,2026_04_IND_WAS,2026,4,NA,NA,15,20,4.563858143988311,1.077756448975989,-3.464910512502329,5.81301315050699,-4.96973312280426,6.98340253088146,0.1005,0.027,0.0946056759381337,0.0332425068119891,strat_platt,iso,0.0946056759381337,0.0332425068119891,NA,NA,NA,2026-10-04 09:30:00,2026-10-04 08:08:41,2026-10-04 08:08:28,live
WR,00-0037093,Dareke Young,LV,KC,2026_04_KC_LV,2026,4,NA,NA,15,20,4.484176065341968,0.7980102873853107,-3.7118655139862264,5.499085623220052,-5.2058255892255705,6.661026568812799,0.1,0.019,0.09431312787179985,0.01603206412825651,strat_platt,iso,0.09431312787179985,0.01603206412825651,NA,NA,NA,2026-10-04 16:25:00,2026-10-04 08:08:41,2026-10-04 08:08:28,live
WR,00-0040718,Travis Hunter,JAX,CIN,2026_04_JAX_CIN,2026,4,NA,NA,15,20,4.663709520561753,0.3519390397620305,-4.231346954249275,5.129536847881428,-5.7496251929480415,6.3103914648054475,0.0995,0.0255,0.0940200928113162,0.0332425068119891,strat_platt,iso,0.0940200928113162,0.0332425068119891,NA,NA,NA,2026-10-04 13:00:00,2026-10-04 08:08:41,2026-10-04 08:08:28,live
WR,00-0031235,Odell Beckham Jr.,NYG,ARI,2026_04_ARI_NYG,2026,4,NA,NA,15,20,4.517922592205494,0.7554531411978904,-3.7683517322933926,5.471048082511187,-5.2669260094639085,6.636577765342581,0.097,0.0275,0.09254746958146216,0.0332425068119891,strat_platt,iso,0.09254746958146216,0.0332425068119891,NA,NA,NA,2026-10-04 13:00:00,2026-10-04 08:08:41,2026-10-04 08:08:28,live
WR,00-0040894,Malik Benson,LV,KC,2026_04_KC_LV,2026,4,NA,Full Participation in Practice,15,20,4.529966377175481,0.5564995614971651,-3.97226161778607,5.277260934867928,-5.4724777412734165,6.44406757850538,0.097,0.024,0.09254746958146216,0.0332425068119891,strat_platt,iso,0.09254746958146216,0.0332425068119891,NA,NA,NA,2026-10-04 16:25:00,2026-10-04 08:08:41,2026-10-04 08:08:28,live
WR,00-0037801,KaVontae Turpin,DAL,HOU,2026_04_DAL_HOU,2026,4,NA,NA,15,20,4.477617781310289,0.9138388185807687,-3.593322858956303,5.612084963285073,-5.086383842330032,6.773326632056558,0.0965,0.0245,0.09225142605093756,0.0332425068119891,strat_platt,iso,0.09225142605093756,0.0332425068119891,NA,NA,NA,2026-10-04 13:00:00,2026-10-04 08:08:41,2026-10-04 08:08:28,live
WR,00-0040506,Myles Price,MIN,MIA,2026_04_MIA_MIN,2026,4,NA,NA,15,20,4.509210430995369,0.568459445661966,-3.951755314842198,5.280312068481376,-5.449140316364208,6.444916781432718,0.0965,0.021,0.09225142605093756,0.018867924528301886,strat_platt,iso,0.09225142605093756,0.018867924528301886,NA,NA,NA,2026-10-04 16:05:00,2026-10-04 08:08:41,2026-10-04 08:08:28,live
WR,00-0034837,Calvin Ridley,TEN,BAL,2026_04_TEN_BAL,2026,4,NA,NA,15,20,4.89092791525206,0.0945507221843299,-4.579296914203089,4.966549600776123,-6.12757497640406,6.170736851460241,0.096,0.023,0.09195486621984446,0.0332425068119891,strat_platt,iso,0.09195486621984446,0.0332425068119891,NA,NA,NA,2026-10-04 13:00:00,2026-10-04 08:08:41,2026-10-04 08:08:28,live
WR,00-0036463,Chris Blair,ATL,NO,2026_04_ATL_NO,2026,4,NA,NA,15,20,4.5003313928952995,0.6199518719912503,-3.8965998048663835,5.327986112012055,-5.39277135817802,6.491647054654969,0.096,0.024,0.09195486621984446,0.0332425068119891,strat_platt,iso,0.09195486621984446,0.0332425068119891,NA,NA,NA,2026-10-05 20:15:00,2026-10-04 08:08:41,2026-10-04 08:08:28,live
WR,00-0037091,Bo Melton,GB,TB,2026_04_GB_TB,2026,4,NA,NA,15,20,4.427478135183487,0.7122832339771082,-3.774050545521055,5.388818466434514,-5.260211993410498,6.544693959149735,0.0955,0.0245,0.09165778569416408,0.0332425068119891,strat_platt,iso,0.09165778569416408,0.0332425068119891,NA,NA,NA,2026-10-04 13:00:00,2026-10-04 08:08:41,2026-10-04 08:08:28,live
WR,00-0036980,Elijah Moore,PHI,LA,2026_04_LA_PHI,2026,4,NA,NA,15,20,4.599532389751084,0.5209725070107895,-4.0362660718262875,5.27141860044204,-5.545915736247764,6.445562265767662,0.095,0.021,0.09136018002525247,0.018867924528301886,strat_platt,iso,0.09136018002525247,0.018867924528301886,NA,NA,NA,2026-10-04 13:00:00,2026-10-04 08:08:41,2026-10-04 08:08:28,live
WR,00-0040237,Tez Johnson,TB,GB,2026_04_GB_TB,2026,4,NA,NA,15,20,4.491846279384109,0.595163483913296,-3.9178836467695874,5.29954459992115,-5.4128942696482145,6.462302618431448,0.0945,0.023,0.09106204470886085,0.0332425068119891,strat_platt,iso,0.09106204470886085,0.0332425068119891,NA,NA,NA,2026-10-04 13:00:00,2026-10-04 08:08:41,2026-10-04 08:08:28,live
WR,00-0041044,Zachariah Branch,ATL,NO,2026_04_ATL_NO,2026,4,NA,NA,15,20,4.489415342126867,0.5490330200598368,-3.9630093597862244,5.2523667880728295,-5.45768714475492,6.414865938891678,0.094,0.0205,0.0907633751841332,0.01603206412825651,strat_platt,iso,0.0907633751841332,0.01603206412825651,NA,NA,NA,2026-10-05 20:15:00,2026-10-04 08:08:41,2026-10-04 08:08:28,live
WR,00-0039589,Kameron Johnson,TB,GB,2026_04_GB_TB,2026,4,NA,NA,15,20,4.671966446637017,0.4367689637928907,-4.149852892708703,5.217844060770676,-5.669236182986818,6.399558141544045,0.0935,0.028,0.09046416683258046,0.0332425068119891,strat_platt,iso,0.09046416683258046,0.0332425068119891,NA,NA,NA,2026-10-04 13:00:00,2026-10-04 08:08:41,2026-10-04 08:08:28,live
WR,00-0039062,Jonathan Mingo,DAL,HOU,2026_04_DAL_HOU,2026,4,NA,NA,15,20,4.453006180959447,0.8721329311222433,-3.6248223944254643,5.559740017963479,-5.114502379506223,6.7183520847672185,0.0925,0.0235,0.0898641148805534,0.0332425068119891,strat_platt,iso,0.0898641148805534,0.0332425068119891,NA,NA,NA,2026-10-04 13:00:00,2026-10-04 08:08:41,2026-10-04 08:08:28,live
WR,00-0040405,Jamaal Pritchett,NYJ,CHI,2026_04_NYJ_CHI,2026,4,NA,NA,15,20,4.623446640453436,0.44237009899268653,-4.124599357033699,5.202959617379627,-5.637472512003067,6.379610381601266,0.091,0.021,0.08895987685660199,0.018867924528301886,strat_platt,iso,0.08895987685660199,0.018867924528301886,NA,NA,NA,2026-10-04 13:00:00,2026-10-04 08:08:41,2026-10-04 08:08:28,live
WR,00-0040646,Jalen Royals,KC,LV,2026_04_KC_LV,2026,4,NA,NA,15,20,4.433680968356733,0.6558886721745111,-3.833029251316749,5.335117605329062,-5.320046733412984,6.491658886382396,0.09,0.0215,0.08835422066779511,0.018867924528301886,strat_platt,iso,0.08835422066779511,0.018867924528301886,NA,NA,NA,2026-10-04 16:25:00,2026-10-04 08:08:41,2026-10-04 08:08:28,live
WR,00-0040218,Jimmy Horn Jr.,CAR,DET,2026_04_DET_CAR,2026,4,NA,NA,15,20,4.431735856340969,0.7252531525410043,-3.762854652766725,5.4036376219498905,-5.249603771769224,6.559970181182564,0.088,0.024,0.0871359305344633,0.0332425068119891,strat_platt,iso,0.0871359305344633,0.0332425068119891,NA,NA,NA,2026-10-04 20:20:00,2026-10-04 08:08:41,2026-10-04 08:08:28,live
WR,00-0040948,J. Michael Sturdivant,GB,TB,2026_04_GB_TB,2026,4,NA,NA,15,20,4.482672554419917,0.701396758184101,-3.8078570267992937,5.4018237067839,-5.301611050322148,6.5636043937925885,0.088,0.021,0.0871359305344633,0.018867924528301886,strat_platt,iso,0.0871359305344633,0.018867924528301886,NA,NA,NA,2026-10-04 13:00:00,2026-10-04 08:08:41,2026-10-04 08:08:28,live
WR,00-0041550,Brenen Thompson,LAC,SEA,2026_04_LAC_SEA,2026,4,Out,Did Not Participate In Practice,15,20,4.76757927700279,0.15677647176482898,-4.468223528844306,4.9778567827762705,-6.0003201215688025,6.169458749384733,0.088,0.021,0.0871359305344633,0.018867924528301886,strat_platt,iso,0.0871359305344633,0.018867924528301886,NA,NA,NA,2026-10-04 16:25:00,2026-10-04 08:08:41,2026-10-04 08:08:28,live
WR,00-0037132,Britain Covey,PHI,LA,2026_04_LA_PHI,2026,4,NA,NA,15,20,4.6506048460267015,0.41456146827735285,-4.163422989457283,5.186632977551733,-5.679945019363697,6.36612168722116,0.087,0.0185,0.0865232118977595,0.01603206412825651,strat_platt,iso,0.0865232118977595,0.01603206412825651,NA,NA,NA,2026-10-04 13:00:00,2026-10-04 08:08:41,2026-10-04 08:08:28,live
WR,00-0037742,Treylon Burks,WAS,IND,2026_04_IND_WAS,2026,4,NA,NA,15,20,4.578082317379111,0.27071034392432675,-4.2777746790326665,5.012031767971955,-5.784524604397638,6.183920135048894,0.0865,0.021,0.08621594009292949,0.018867924528301886,strat_platt,iso,0.08621594009292949,0.018867924528301886,NA,NA,NA,2026-10-04 09:30:00,2026-10-04 08:08:41,2026-10-04 08:08:28,live
WR,00-0040890,Cyrus Allen,KC,LV,2026_04_KC_LV,2026,4,NA,NA,15,20,4.43725309260449,0.4475765023629543,-4.042828627607916,5.128355693220493,-5.5303387678619425,6.285280143606934,0.0855,0.024,0.0855995433872816,0.0332425068119891,strat_platt,iso,0.0855995433872816,0.0332425068119891,NA,NA,NA,2026-10-04 16:25:00,2026-10-04 08:08:41,2026-10-04 08:08:28,live
WR,00-0040164,Jaylin Lane,WAS,IND,2026_04_IND_WAS,2026,4,NA,NA,15,20,4.427774030798505,0.38084363798983284,-4.10561346209729,5.0575074193041685,-5.5918157616741135,6.213414684788321,0.0835,0.0155,0.08435917511816272,0.01603206412825651,strat_platt,iso,0.08435917511816272,0.01603206412825651,NA,NA,NA,2026-10-04 09:30:00,2026-10-04 08:08:41,2026-10-04 08:08:28,live
WR,00-0040563,Efton Chism III,NE,BUF,2026_04_NE_BUF,2026,4,NA,NA,15,20,4.4678692332351995,-0.1749798593286741,-4.678102804744835,4.519056328206547,-6.169825901043848,5.679257443218627,0.078,0.0135,0.08089319191779254,0.01603206412825651,strat_platt,iso,0.08089319191779254,0.01603206412825651,NA,NA,NA,2026-10-04 13:00:00,2026-10-04 08:08:41,2026-10-04 08:08:28,live
WR,00-0041051,Zavion Thomas,CHI,NYJ,2026_04_NYJ_CHI,2026,4,NA,NA,15,20,4.436281957435585,0.053810018307447416,-4.436190862217091,4.734167821263106,-5.923567089130739,5.890988119339237,0.0775,0.015,0.08057389327159603,0.01603206412825651,strat_platt,iso,0.08057389327159603,0.01603206412825651,NA,NA,NA,2026-10-04 13:00:00,2026-10-04 08:08:41,2026-10-04 08:08:28,live
WR,00-0041529,Kevin Coleman Jr.,MIA,MIN,2026_04_MIA_MIN,2026,4,NA,NA,15,20,5.033548431826585,-0.046950798581400784,-4.776382335796148,4.882988501600133,-6.343073350441805,6.101496592398607,0.083,0.0205,0.07740653288560516,0.01603206412825651,strat_platt,iso,0.07740653288560516,0.01603206412825651,NA,NA,NA,2026-10-04 16:05:00,2026-10-04 08:08:41,2026-10-04 08:08:28,live
WR,00-0037666,Jalen Tolbert,MIA,MIN,2026_04_MIA_MIN,2026,4,NA,NA,15,20,4.68944310120287,-0.15648832764113824,-4.7501594593415435,4.631934903793602,-6.271877921622223,5.815465185688908,0.068,0.0205,0.07435908024301761,0.01603206412825651,strat_platt,iso,0.07435908024301761,0.01603206412825651,NA,NA,NA,2026-10-04 16:05:00,2026-10-04 08:08:41,2026-10-04 08:08:28,live
WR,00-0038824,Ryan Miller,MIA,MIN,2026_04_MIA_MIN,2026,4,NA,NA,15,20,4.562586634403586,-0.13721595808935236,-4.679362319206021,4.597498071840974,-6.1840124732830555,5.767753322828487,0.061,0.0145,0.06957581347073163,0.01603206412825651,strat_platt,iso,0.06957581347073163,0.01603206412825651,NA,NA,NA,2026-10-04 16:05:00,2026-10-04 08:08:41,2026-10-04 08:08:28,live
WR,00-0034272,Marquez Valdes-Scantling,LAC,SEA,2026_04_LAC_SEA,2026,4,NA,NA,15,20,4.42871908813147,-0.8557020219918389,-5.342552961688553,3.8213722960548737,-6.828885726200264,4.977381031820813,0.0555,0.009,0.06567370585017622,0.01603206412825651,strat_platt,iso,0.06567370585017622,0.01603206412825651,NA,NA,NA,2026-10-04 16:25:00,2026-10-04 08:08:41,2026-10-04 08:08:28,live
WR,00-0040705,Chimere Dike,TEN,BAL,2026_04_TEN_BAL,2026,4,NA,NA,15,20,4.47769235173974,-0.7255307893647382,-5.232723340772528,3.9727475381309683,-6.725794551552123,5.133997161359763,0.05,0.014,0.06162402512494843,0.01603206412825651,strat_platt,iso,0.06162402512494843,0.01603206412825651,NA,NA,NA,2026-10-04 13:00:00,2026-10-04 08:08:41,2026-10-04 08:08:28,live
WR,00-0041511,Omar Cooper Jr.,NYJ,CHI,2026_04_NYJ_CHI,2026,4,NA,NA,15,20,4.406533903479547,0.1842562144137329,-4.293336268696674,4.851679556730126,-5.776602038659648,6.005302909777242,0.066,0.0165,0.008011632278165468,0,strat_platt,iso,0.07301163227816547,0.01603206412825651,role_change_down,0.65,Cooper's week-to-week status combined with Johnson signing suggests potential snap/target redistribution in Jets WR room.,2026-10-04 13:00:00,2026-10-04 08:08:41,2026-10-04 08:08:28,live
WR,00-0038359,Xavier Smith,LA,PHI,2026_04_LA_PHI,2026,4,NA,NA,15,20,4.537842544253676,0.7025570117926784,-3.829441204737199,5.426692659008576,-5.330729642545724,6.594333304797071,0.0905,0.0205,0,0,strat_platt,iso,0.08865733519289361,0.01603206412825651,role_change_down,0.95,"Xavier Smith was released, eliminating his punt return opportunities and roster spot.",2026-10-04 13:00:00,2026-10-04 08:08:41,2026-10-04 08:08:28,live
