position,player_id,player_name,posteam,defteam,game_id,season,week,report_status,practice_status,team_spread,implied_total,pred_eff,pred_vol,lo_50_vol,hi_50_vol,lo_80_vol,hi_80_vol,lo_90_vol,hi_90_vol,pred_tot,lo_50_tot,hi_50_tot,lo_80_tot,hi_80_tot,lo_90_tot,hi_90_tot,p_start,p_boom,star_bucket,p_start_recal,p_boom_recal,recal_method_start,recal_method_boom,med_vol,med_tot,pred_pass_eff,lo_50_pass_eff,hi_50_pass_eff,lo_80_pass_eff,hi_80_pass_eff,lo_90_pass_eff,hi_90_pass_eff,pred_db,lo_50_db,hi_50_db,lo_80_db,hi_80_db,lo_90_db,hi_90_db,pred_rush,lo_50_rush,hi_50_rush,lo_80_rush,hi_80_rush,lo_90_rush,hi_90_rush,pred_carry,lo_50_carry,hi_50_carry,lo_80_carry,hi_80_carry,lo_90_carry,hi_90_carry
RB,00-0032764,Derrick Henry,BAL,CIN,2025_13_CIN_BAL,2025,13,NA,NA,6.5,29.5,0.0240261826444741,19.2182054951814,15.7869598367566,22.6494511536062,12.9494191929246,25.4869917974382,10.6461821191583,27.7902288712044,0.461740115326264,-2.47595192080142,3.39943215145395,-5.31438333690331,6.23786356755584,-7.11465075910313,8.03813098975566,0.5635,0.333,b1,0.645661725258457,0.412089491681682,star_platt,star_platt,NA,NA,NA,NA,NA,NA,NA,NA,NA,NA,NA,NA,NA,NA,NA,NA,NA,NA,NA,NA,NA,NA,NA,NA,NA,NA,NA,NA,NA,NA
RB,00-0033280,Christian McCaffrey,SF,CLE,2025_13_SF_CLE,2025,13,NA,Full Participation in Practice,5.5,23.5,-0.0269738225966571,22.5375614762926,19.1063158178678,25.9688071347173,16.2687751740358,28.8063477785493,13.9655381002695,31.1095848523156,-0.60792418502277,-3.81590616676405,2.60005779671851,-6.91549479868402,5.69964642863848,-8.88140047623947,7.66555210619393,0.605,0.364,b1,0.67622269417122,0.438307653630172,star_platt,star_platt,NA,NA,NA,NA,NA,NA,NA,NA,NA,NA,NA,NA,NA,NA,NA,NA,NA,NA,NA,NA,NA,NA,NA,NA,NA,NA,NA,NA,NA,NA
RB,00-0033293,Aaron Jones,MIN,SEA,2025_13_MIN_SEA,2025,13,NA,NA,-7.5,17.5,-0.131185867362741,17.7879998361822,14.3567541777574,21.2192454946069,11.5192135339254,24.0567861384389,9.21597646015911,26.3600232122052,-2.33353418715784,-5.14836397772672,0.481295603411031,-7.86808449651254,3.20101612219686,-9.59305985426935,4.92599147995367,0.3265,0.1435,b2,0.292966236765845,0.120345561072889,star_platt,star_platt,NA,NA,NA,NA,NA,NA,NA,NA,NA,NA,NA,NA,NA,NA,NA,NA,NA,NA,NA,NA,NA,NA,NA,NA,NA,NA,NA,NA,NA,NA
RB,00-0033526,Samaje Perine,CIN,BAL,2025_13_CIN_BAL,2025,13,NA,Full Participation in Practice,-6.5,23,-0.0377439170642316,9.27762507942328,5.84637942099851,12.7088707378481,3.00883877716652,15.54641138168,0.705601703400232,17.8496484554463,-0.350173911550787,-2.3148113788071,1.61446355570553,-4.21306641702472,3.51271859392314,-5.41702952317686,4.71668170007529,0.102,0.03,b3,0.0913728111895436,0.0337927490049334,star_platt,star_platt,NA,NA,NA,NA,NA,NA,NA,NA,NA,NA,NA,NA,NA,NA,NA,NA,NA,NA,NA,NA,NA,NA,NA,NA,NA,NA,NA,NA,NA,NA
RB,00-0033923,Kareem Hunt,KC,DAL,2025_13_KC_DAL,2025,13,NA,NA,3.5,27.5,0.0346536303892536,17.7027014125695,14.2714557541448,21.1339470709943,11.4339151103128,23.9714877148263,9.1306780365465,26.2747247885926,0.613462871642502,-2.19390210803766,3.42082785132267,-4.90641004174609,6.13333578503109,-6.62681083699241,7.85373658027741,0.499,0.2785,b3,0.362576945736227,0.202555964189266,star_platt,star_platt,NA,NA,NA,NA,NA,NA,NA,NA,NA,NA,NA,NA,NA,NA,NA,NA,NA,NA,NA,NA,NA,NA,NA,NA,NA,NA,NA,NA,NA,NA
RB,00-0033955,Jeremy McNichols,WAS,DEN,2025_13_DEN_WAS,2025,13,NA,NA,-6.5,18.5,-0.0696707784529687,8.73989054567542,5.30864488725065,12.1711362041002,2.47110424341865,15.0086768479322,0.16786716965237,17.3119139216985,-0.608914977910948,-2.50980578811136,1.29197583228946,-4.34646808214962,3.12863812632772,-5.51136615746784,4.29353620164594,0.092,0.0215,b3,0.0840789121362017,0.0260417110634538,star_platt,star_platt,NA,NA,NA,NA,NA,NA,NA,NA,NA,NA,NA,NA,NA,NA,NA,NA,NA,NA,NA,NA,NA,NA,NA,NA,NA,NA,NA,NA,NA,NA
RB,00-0034791,Nick Chubb,HOU,IND,2025_13_HOU_IND,2025,13,NA,NA,-3.5,21,-0.0903225958158849,11.5203243006995,8.08907864227472,14.9515699591243,5.25153799844272,17.7891106029563,2.94830092467644,20.0923476767225,-1.04054559548,-3.25479880894987,1.17370761798988,-5.39423541667613,3.31314422571614,-6.75116727872575,4.67007608776576,0.151,0.048,b3,0.125745296273473,0.0488353385686777,star_platt,star_platt,NA,NA,NA,NA,NA,NA,NA,NA,NA,NA,NA,NA,NA,NA,NA,NA,NA,NA,NA,NA,NA,NA,NA,NA,NA,NA,NA,NA,NA,NA
RB,00-0034844,Saquon Barkley,PHI,CHI,2025_13_CHI_PHI,2025,13,NA,Full Participation in Practice,6.5,25.5,-0.022688185318767,21.3486445285829,17.9173988701581,24.7798901870076,15.0798582263261,27.6174308308396,12.7766211525598,29.9206679046059,-0.48436200336897,-3.597721899404,2.62899789266606,-6.60588559725236,5.63716159051442,-8.51380525849887,7.54508125176093,0.6085,0.3505,b1,0.678780541250827,0.426971459761486,star_platt,star_platt,NA,NA,NA,NA,NA,NA,NA,NA,NA,NA,NA,NA,NA,NA,NA,NA,NA,NA,NA,NA,NA,NA,NA,NA,NA,NA,NA,NA,NA,NA
RB,00-0035250,Devin Singletary,NYG,NE,2025_13_NYG_NE,2025,13,NA,NA,-7.5,19,-0.0942531620637205,12.647198851156,9.21595319273125,16.0784445095808,6.37841254889925,18.9159851534128,4.07517547513297,21.2192222271791,-1.19203848297011,-3.52344239281105,1.13936542687084,-5.77607133414767,3.39199436820745,-7.20479512658726,4.82071816064704,0.1975,0.062,b3,0.157107660019109,0.0597171679293652,star_platt,star_platt,NA,NA,NA,NA,NA,NA,NA,NA,NA,NA,NA,NA,NA,NA,NA,NA,NA,NA,NA,NA,NA,NA,NA,NA,NA,NA,NA,NA,NA,NA
RB,00-0035261,Tony Pollard,TEN,JAX,2025_13_JAX_TEN,2025,13,NA,Full Participation in Practice,-7.5,17.5,-0.0984539891151086,17.2622598655181,13.8310142070933,20.6935055239429,10.9934735632613,23.5310461677749,8.69023648949504,25.8342832415411,-1.69953834490189,-4.46809953675786,1.06902284695407,-7.14311480987783,3.74403812007404,-8.83973598690047,5.44065929709668,0.3285,0.14,b3,0.243863397242844,0.114196596674506,star_platt,star_platt,NA,NA,NA,NA,NA,NA,NA,NA,NA,NA,NA,NA,NA,NA,NA,NA,NA,NA,NA,NA,NA,NA,NA,NA,NA,NA,NA,NA,NA,NA
RB,00-0035537,Ty Johnson,BUF,PIT,2025_13_BUF_PIT,2025,13,NA,NA,3.5,25.5,-0.0191270567278515,8.9240537210753,5.49280806265052,12.3552993795001,2.65526741881853,15.1928400233321,0.352030345052249,17.4960770970983,-0.170690881765402,-2.09360628206294,1.75222451853214,-3.951548985242,3.6101672217112,-5.12994410230305,4.78856233877224,0.108,0.027,b3,0.0956933576511767,0.0311191582199744,star_platt,star_platt,NA,NA,NA,NA,NA,NA,NA,NA,NA,NA,NA,NA,NA,NA,NA,NA,NA,NA,NA,NA,NA,NA,NA,NA,NA,NA,NA,NA,NA,NA
RB,00-0035685,David Montgomery,DET,GB,2025_13_GB_DET,2025,13,NA,NA,-2.5,23,-0.0574591958514488,12.6292242875002,9.1979786290754,16.060469945925,6.36043798524341,18.8980105897569,4.05720091147713,21.2012476635232,-0.725665071787346,-3.05523790869085,1.60390776511616,-5.30609764655518,3.85476750298048,-6.73369932649407,5.28236918291938,0.2075,0.063,b2,0.202193473460164,0.0626001245163832,star_platt,star_platt,NA,NA,NA,NA,NA,NA,NA,NA,NA,NA,NA,NA,NA,NA,NA,NA,NA,NA,NA,NA,NA,NA,NA,NA,NA,NA,NA,NA,NA,NA
RB,00-0035700,Josh Jacobs,GB,DET,2025_13_GB_DET,2025,13,NA,Limited Participation in Practice,2.5,25.5,-0.035689216285875,17.3884125684473,13.9571669100225,20.819658226872,11.1196262661905,23.657198870704,8.81638919242421,25.9604359444703,-0.620578817023341,-3.40029914648415,2.15914151243747,-6.08609650512045,4.84493887107377,-7.7895561906194,6.54839855657272,0.427,0.1995,b1,0.540285961634496,0.288829231606582,star_platt,star_platt,NA,NA,NA,NA,NA,NA,NA,NA,NA,NA,NA,NA,NA,NA,NA,NA,NA,NA,NA,NA,NA,NA,NA,NA,NA,NA,NA,NA,NA,NA
RB,00-0036139,Rico Dowdle,CAR,LA,2025_13_LA_CAR,2025,13,NA,NA,-7.5,18.5,-0.101332779015634,18.8839172604095,15.4526716019847,22.3151629188343,12.6151309581528,25.1527035626663,10.3118938843865,27.4559406364326,-1.91355981469859,-4.82291171435245,0.995792084955269,-7.63396056866274,3.80684093926556,-9.41686067536213,5.58974104596495,0.389,0.1795,b2,0.339951162011801,0.144351693637393,star_platt,star_platt,NA,NA,NA,NA,NA,NA,NA,NA,NA,NA,NA,NA,NA,NA,NA,NA,NA,NA,NA,NA,NA,NA,NA,NA,NA,NA,NA,NA,NA,NA
RB,00-0036223,Jonathan Taylor,IND,HOU,2025_13_HOU_IND,2025,13,NA,NA,3.5,24.5,-0.0452054645590303,23.7655526768823,20.3343070184576,27.1967983353071,17.4967663746256,30.0343389791391,15.1935293008593,32.3375760529054,-1.07433284926057,-4.377729396747,2.22906369822586,-7.5695086659544,5.42084296743325,-9.5938860050053,7.44522030648415,0.657,0.394,b1,0.714007109513667,0.463099663086051,star_platt,star_platt,NA,NA,NA,NA,NA,NA,NA,NA,NA,NA,NA,NA,NA,NA,NA,NA,NA,NA,NA,NA,NA,NA,NA,NA,NA,NA,NA,NA,NA,NA
RB,00-0036275,D'Andre Swift,CHI,PHI,2025_13_CHI_PHI,2025,13,NA,NA,-6.5,19,-0.11055948392612,17.0892012469315,13.6579555885068,20.5204469053563,10.8204149446748,23.3579875491883,8.51717787090849,25.6612246229546,-1.88937327057036,-4.64256659575561,0.86382005461489,-7.30273326152662,3.5239867203859,-8.9899367496371,5.21119020849637,0.3345,0.135,b2,0.298978807815139,0.114570612556749,star_platt,star_platt,NA,NA,NA,NA,NA,NA,NA,NA,NA,NA,NA,NA,NA,NA,NA,NA,NA,NA,NA,NA,NA,NA,NA,NA,NA,NA,NA,NA,NA,NA
RB,00-0036555,Chuba Hubbard,CAR,LA,2025_13_LA_CAR,2025,13,NA,NA,-7.5,18.5,-0.101139466560074,13.0255327500561,9.59428709163136,16.4567784084809,6.75674644779937,19.2943190523129,4.45350937403309,21.5975561260792,-1.31739543400145,-3.68707377889129,1.05228291088839,-5.97668391415167,3.34189304614877,-7.42886292847097,4.79407206046807,0.1965,0.068,b2,0.193548919435515,0.0664745382437821,star_platt,star_platt,NA,NA,NA,NA,NA,NA,NA,NA,NA,NA,NA,NA,NA,NA,NA,NA,NA,NA,NA,NA,NA,NA,NA,NA,NA,NA,NA,NA,NA,NA
RB,00-0036755,Jaret Patterson,LAC,LV,2025_13_LV_LAC,2025,13,NA,NA,10.5,26,-0.0425096433201789,10.5079836989244,7.07673804049962,13.9392293573492,4.23919739666763,16.7767700011812,1.93596032290135,19.0800070749474,-0.44669063905553,-2.55124357206466,1.6578622939536,-4.58468652266631,3.69130524455525,-5.87439219534994,4.98101091723888,0.14,0.04,b3,0.11818282650167,0.0423295188094734,star_platt,star_platt,NA,NA,NA,NA,NA,NA,NA,NA,NA,NA,NA,NA,NA,NA,NA,NA,NA,NA,NA,NA,NA,NA,NA,NA,NA,NA,NA,NA,NA,NA
RB,00-0036875,Rhamondre Stevenson,NE,NYG,2025_13_NYG_NE,2025,13,NA,NA,7.5,26.5,-0.0352674666738912,16.4680385755616,13.0367929171368,19.8992842339864,10.1992522733048,22.7368248778183,7.89601519953853,25.0400619515846,-0.580786001647972,-3.27823671371527,2.11666471041933,-5.88454423348194,4.72297223018599,-7.53758770441212,6.37601570111618,0.3945,0.1785,b3,0.288448659473027,0.139222314874196,star_platt,star_platt,NA,NA,NA,NA,NA,NA,NA,NA,NA,NA,NA,NA,NA,NA,NA,NA,NA,NA,NA,NA,NA,NA,NA,NA,NA,NA,NA,NA,NA,NA
RB,00-0036919,Kenneth Gainwell,PIT,BUF,2025_13_BUF_PIT,2025,13,NA,NA,-3.5,22,-0.0586461570378832,10.7428431727566,7.31159751433183,14.1740888311814,4.47405687049984,17.0116294750134,2.17081979673355,19.3148665487797,-0.630026467742835,-2.76043651607303,1.50038358058735,-4.81886290522252,3.55880996973685,-6.12441425600042,4.86436132051475,0.1455,0.0455,b3,0.121972898008556,0.0468282619689837,star_platt,star_platt,NA,NA,NA,NA,NA,NA,NA,NA,NA,NA,NA,NA,NA,NA,NA,NA,NA,NA,NA,NA,NA,NA,NA,NA,NA,NA,NA,NA,NA,NA
RB,00-0036924,Michael Carter,ARI,TB,2025_13_ARI_TB,2025,13,NA,NA,-5.5,21.5,-0.0523861532782114,12.0676400998956,8.63639444147083,15.4988857583204,5.79885379763883,18.3364264021524,3.49561672387255,20.6396634759186,-0.632177243979421,-2.90394114082452,1.63958665286567,-5.09894522412213,3.83459073616329,-6.49112060674354,5.2267661187847,0.19,0.0625,b3,0.15209938304714,0.0600960762947322,star_platt,star_platt,NA,NA,NA,NA,NA,NA,NA,NA,NA,NA,NA,NA,NA,NA,NA,NA,NA,NA,NA,NA,NA,NA,NA,NA,NA,NA,NA,NA,NA,NA
RB,00-0036973,Travis Etienne,JAX,TEN,2025_13_JAX_TEN,2025,13,NA,NA,7.5,25,-0.0484658101923539,18.2892491898516,14.8580035314268,21.7204948482764,12.0204628875949,24.5580354921084,9.71722581382857,26.8612725658747,-0.886403279796011,-3.74477967662721,1.97197311703519,-6.5065754210526,4.73376886146058,-8.25823687647973,6.48543031688771,0.426,0.2085,b2,0.367921468163197,0.16332377381818,star_platt,star_platt,NA,NA,NA,NA,NA,NA,NA,NA,NA,NA,NA,NA,NA,NA,NA,NA,NA,NA,NA,NA,NA,NA,NA,NA,NA,NA,NA,NA,NA,NA
RB,00-0036997,Javonte Williams,DAL,KC,2025_13_KC_DAL,2025,13,NA,NA,-3.5,24,-0.106550665125889,18.877899773043,15.4466541146182,22.3091454314678,12.6091134707862,25.1466860752998,10.30587639702,27.4499231490661,-2.0114527769976,-4.92029248058039,0.897386926585194,-7.73084644522851,3.70794089123332,-9.51343266950279,5.4905271155076,0.4095,0.1755,b2,0.355422452105417,0.141713698814477,star_platt,star_platt,NA,NA,NA,NA,NA,NA,NA,NA,NA,NA,NA,NA,NA,NA,NA,NA,NA,NA,NA,NA,NA,NA,NA,NA,NA,NA,NA,NA,NA,NA
RB,00-0037085,Tyler Badie,DEN,WAS,2025_13_DEN_WAS,2025,13,NA,NA,6.5,25,-0.0745251678359309,7.2439152208399,3.81266956241513,10.6751608792647,0.975128918583135,13.5127015230967,-1.32810815518315,15.815938596863,-0.539853997622348,-2.25347666885459,1.17376867360989,-3.90919835974411,2.82949036449941,-4.95933534858549,3.87962735334079,0.057,0.0115,b3,0.0573009315632672,0.0159668446372043,star_platt,star_platt,NA,NA,NA,NA,NA,NA,NA,NA,NA,NA,NA,NA,NA,NA,NA,NA,NA,NA,NA,NA,NA,NA,NA,NA,NA,NA,NA,NA,NA,NA
RB,00-0037157,Bam Knight,ARI,TB,2025_13_ARI_TB,2025,13,Questionable,Limited Participation in Practice,-5.5,21.5,-0.0666912879373529,14.9647890910443,11.5335434326195,18.3960347494691,8.69600278878752,21.233575393301,6.39276571502123,23.5368124670673,-0.998021058192592,-3.55653530916303,1.56049319277785,-6.02860084196527,4.03255872558008,-7.59650169699412,5.60045958060894,0.288,0.12,b3,0.216978642118828,0.100858991893423,star_platt,star_platt,NA,NA,NA,NA,NA,NA,NA,NA,NA,NA,NA,NA,NA,NA,NA,NA,NA,NA,NA,NA,NA,NA,NA,NA,NA,NA,NA,NA,NA,NA
RB,00-0037197,Isiah Pacheco,KC,DAL,2025_13_KC_DAL,2025,13,NA,Full Participation in Practice,3.5,27.5,-0.0134724694140434,14.0730225290619,10.6417768706371,17.5042681874867,7.80423622680511,20.3418088313186,5.50099915303883,22.6450459050849,-0.18959836558593,-2.66272831347614,2.28353158230428,-5.05229456271686,4.673097831545,-6.56787047104871,6.18867373987686,0.325,0.137,b3,0.241529634257667,0.112213907315895,star_platt,star_platt,NA,NA,NA,NA,NA,NA,NA,NA,NA,NA,NA,NA,NA,NA,NA,NA,NA,NA,NA,NA,NA,NA,NA,NA,NA,NA,NA,NA,NA,NA
RB,00-0037228,Jaylen Warren,PIT,BUF,2025_13_BUF_PIT,2025,13,NA,NA,-3.5,22,-0.0406706081563764,15.6959646031208,12.2647189446961,19.1272102615456,9.42717830086407,21.9647509053776,7.12394122709779,24.2679879791439,-0.638364426009881,-3.26520059548934,1.98847174346958,-5.80327954205975,4.52655069003999,-7.4130492256116,6.13632037359183,0.345,0.153,b2,0.306867200456501,0.126745247179827,star_platt,star_platt,NA,NA,NA,NA,NA,NA,NA,NA,NA,NA,NA,NA,NA,NA,NA,NA,NA,NA,NA,NA,NA,NA,NA,NA,NA,NA,NA,NA,NA,NA
RB,00-0037248,James Cook,BUF,PIT,2025_13_BUF_PIT,2025,13,NA,NA,3.5,25.5,-0.0329832284541864,19.0105712984499,15.5793256400252,22.4418169568747,12.7417849961932,25.2793576007067,10.4385479224269,27.582594674473,-0.627030016181373,-3.54714554959582,2.29308551723308,-6.3685943491154,5.11453431675265,-8.15809059283847,6.90403056047573,0.49,0.2465,b1,0.590076893561083,0.334616460925353,star_platt,star_platt,NA,NA,NA,NA,NA,NA,NA,NA,NA,NA,NA,NA,NA,NA,NA,NA,NA,NA,NA,NA,NA,NA,NA,NA,NA,NA,NA,NA,NA,NA
RB,00-0037256,Rachaad White,TB,ARI,2025_13_ARI_TB,2025,13,NA,NA,5.5,27,0.000444358700274921,15.3668165246337,11.9355708662089,18.7980621830585,9.09803022237695,21.6356028268905,6.79479314861067,23.9388399006568,0.00682837861824941,-2.58943210123804,2.60308885847454,-5.09796846916914,5.11162522640563,-6.68900085239714,6.70265760963364,0.376,0.1595,b3,0.275822070696259,0.126957927864733,star_platt,star_platt,NA,NA,NA,NA,NA,NA,NA,NA,NA,NA,NA,NA,NA,NA,NA,NA,NA,NA,NA,NA,NA,NA,NA,NA,NA,NA,NA,NA,NA,NA
RB,00-0037263,Tyler Allgeier,ATL,NYJ,2025_13_ATL_NYJ,2025,13,NA,NA,1.5,20,-0.0705692013028341,10.3930786142125,6.96183295578775,13.8243242726373,4.12429231195576,16.6618649164693,1.82105523818948,18.9651019902356,-0.733431256882544,-2.8252393995741,1.35837688580902,-4.84636818899612,3.37950567523104,-6.12826363837203,4.66140112460694,0.1215,0.041,b3,0.105283671338967,0.0431565964355503,star_platt,star_platt,NA,NA,NA,NA,NA,NA,NA,NA,NA,NA,NA,NA,NA,NA,NA,NA,NA,NA,NA,NA,NA,NA,NA,NA,NA,NA,NA,NA,NA,NA
RB,00-0037525,Jordan Mason,MIN,SEA,2025_13_MIN_SEA,2025,13,NA,NA,-7.5,17.5,-0.119969033942822,11.9897554498591,8.5585097914343,15.4210011082838,5.7209691476023,18.2585417521158,3.41773207383602,20.5617788258821,-1.43839937853028,-3.70205165942622,0.825252902365672,-5.88921820724965,3.01241945018909,-7.27642265426751,4.39962389720696,0.126,0.0395,b3,0.108444854254485,0.0419143609729384,star_platt,star_platt,NA,NA,NA,NA,NA,NA,NA,NA,NA,NA,NA,NA,NA,NA,NA,NA,NA,NA,NA,NA,NA,NA,NA,NA,NA,NA,NA,NA,NA,NA
RB,00-0037746,Brian Robinson,SF,CLE,2025_13_SF_CLE,2025,13,NA,NA,5.5,23.5,-0.0354945199402434,11.259248975421,7.82800331699624,14.6904946338458,4.99046267316425,17.5280352776778,2.68722559939796,19.8312723514441,-0.399641637270246,-2.58603136118494,1.78674808664444,-4.69854594878687,3.89926267424638,-6.03840259263863,5.23911931809814,0.176,0.0565,b3,0.142706463427829,0.0555079421167045,star_platt,star_platt,NA,NA,NA,NA,NA,NA,NA,NA,NA,NA,NA,NA,NA,NA,NA,NA,NA,NA,NA,NA,NA,NA,NA,NA,NA,NA,NA,NA,NA,NA
RB,00-0037840,Kyren Williams,LA,CAR,2025_13_LA_CAR,2025,13,NA,NA,7.5,26,-0.0199072574412176,18.0312209450713,14.5999752866465,21.462466603496,11.7624346428145,24.300007247328,9.45919756904823,26.6032443210943,-0.358952157333008,-3.19497971075072,2.4770753960847,-5.93518174879767,5.21727743413165,-7.6731474545593,6.95524313989328,0.469,0.233,b1,0.573738733218284,0.321787510479745,star_platt,star_platt,NA,NA,NA,NA,NA,NA,NA,NA,NA,NA,NA,NA,NA,NA,NA,NA,NA,NA,NA,NA,NA,NA,NA,NA,NA,NA,NA,NA,NA,NA
RB,00-0038120,Breece Hall,NYJ,ATL,2025_13_ATL_NYJ,2025,13,NA,NA,-1.5,18.5,-0.0606391735784848,19.0219908769583,15.5907452185335,22.4532365353831,12.7532045747015,25.290777179215,10.4499675009352,27.5940142529813,-1.15347780659623,-4.07456224789932,1.76760663470687,-6.89694721722725,4.5899916040348,-8.68703722411052,6.38008161091806,0.4315,0.2205,b2,0.372099075383345,0.171114780451138,star_platt,star_platt,NA,NA,NA,NA,NA,NA,NA,NA,NA,NA,NA,NA,NA,NA,NA,NA,NA,NA,NA,NA,NA,NA,NA,NA,NA,NA,NA,NA,NA,NA
RB,00-0038134,Kenneth Walker III,SEA,MIN,2025_13_MIN_SEA,2025,13,NA,Full Participation in Practice,7.5,25,-0.0561309190557257,16.3581353416767,12.9268896832519,19.7893810001015,10.0893490394199,22.6269216439335,7.78611196565364,24.9301587176997,-0.91819717076626,-3.60568790811487,1.76929356658235,-6.20237198716773,4.36597764563521,-7.84931181694306,6.01291747541054,0.3655,0.1645,b2,0.322269291561506,0.134425511635571,star_platt,star_platt,NA,NA,NA,NA,NA,NA,NA,NA,NA,NA,NA,NA,NA,NA,NA,NA,NA,NA,NA,NA,NA,NA,NA,NA,NA,NA,NA,NA,NA,NA
RB,00-0038397,Evan Hull,NO,MIA,2025_13_NO_MIA,2025,13,NA,NA,-4.5,19,-0.0531382547922748,9.38953219549749,5.95828653707271,12.8207778539223,3.12074589324072,15.6583184977543,0.817508819474439,17.9615555715205,-0.498943354184613,-2.47663718297455,1.47875047460532,-4.38750742602005,3.38962071765083,-5.5994716915968,4.60158498322757,0.106,0.0365,b3,0.0942574819734627,0.0393995823488057,star_platt,star_platt,NA,NA,NA,NA,NA,NA,NA,NA,NA,NA,NA,NA,NA,NA,NA,NA,NA,NA,NA,NA,NA,NA,NA,NA,NA,NA,NA,NA,NA,NA
RB,00-0038454,Keaton Mitchell,BAL,CIN,2025_13_CIN_BAL,2025,13,NA,NA,6.5,29.5,-0.0542309345506266,7.87751485416594,4.44626919574117,11.3087605125907,1.60872855190918,14.1463011564227,-0.694508521857108,16.449538230189,-0.427204992477862,-2.22207425642204,1.36766427146632,-3.9562973281128,3.10188734315707,-5.05622360467572,4.20181361971999,0.078,0.0145,b3,0.0736360382019983,0.0191394534149291,star_platt,star_platt,NA,NA,NA,NA,NA,NA,NA,NA,NA,NA,NA,NA,NA,NA,NA,NA,NA,NA,NA,NA,NA,NA,NA,NA,NA,NA,NA,NA,NA,NA
RB,00-0038542,Bijan Robinson,ATL,NYJ,2025_13_ATL_NYJ,2025,13,NA,NA,1.5,20,-0.0582080119776188,20.6514857909606,17.2202401325358,24.0827314493853,14.3826994887038,26.9202720932173,12.0794624149375,29.2235091669836,-1.20208193227586,-4.25885837732127,1.85469451276956,-7.21235050206216,4.80818663751045,-9.08559486644313,6.68143100189141,0.514,0.262,b1,0.608477017347675,0.349065272646176,star_platt,star_platt,NA,NA,NA,NA,NA,NA,NA,NA,NA,NA,NA,NA,NA,NA,NA,NA,NA,NA,NA,NA,NA,NA,NA,NA,NA,NA,NA,NA,NA,NA
RB,00-0038597,Chase Brown,CIN,BAL,2025_13_CIN_BAL,2025,13,NA,NA,-6.5,23,-0.0665285253130866,20.3115803223754,16.8803346639507,23.7428259808002,14.0427940201187,26.5803666246322,11.7395569463524,28.8836036983985,-1.35129948562595,-4.3801783917611,1.6775794205092,-7.30671559750401,4.60411662625212,-9.16286387766578,6.46026490641389,0.503,0.2735,b1,0.600077447140893,0.359606762385696,star_platt,star_platt,NA,NA,NA,NA,NA,NA,NA,NA,NA,NA,NA,NA,NA,NA,NA,NA,NA,NA,NA,NA,NA,NA,NA,NA,NA,NA,NA,NA,NA,NA
RB,00-0038611,Chris Rodriguez Jr.,WAS,DEN,2025_13_DEN_WAS,2025,13,NA,Full Participation in Practice,-6.5,18.5,-0.0567054312785666,11.5351152415874,8.10386958316262,14.9663609000122,5.26632893933063,17.8039015438442,2.96309186556435,20.1071386176104,-0.65410368462218,-2.86992697013212,1.56171960088776,-5.01088059929875,3.70267323005439,-6.36877462807976,5.0605672588354,0.157,0.047,b3,0.129842143535038,0.0480351522863202,star_platt,star_platt,NA,NA,NA,NA,NA,NA,NA,NA,NA,NA,NA,NA,NA,NA,NA,NA,NA,NA,NA,NA,NA,NA,NA,NA,NA,NA,NA,NA,NA,NA
RB,00-0038794,Jaleel McLaughlin,DEN,WAS,2025_13_DEN_WAS,2025,13,NA,NA,6.5,25,-0.0634466167471147,9.00925700962046,5.57801135119568,12.4405026680452,2.74047070736369,15.2780433118772,0.437233633597408,17.5812803856435,-0.571606876665646,-2.5046430957268,1.36142934239551,-4.372364648963,3.22915089563171,-5.55696197513312,4.41374822180183,0.1035,0.027,b3,0.0924566300207534,0.0311191582199744,star_platt,star_platt,NA,NA,NA,NA,NA,NA,NA,NA,NA,NA,NA,NA,NA,NA,NA,NA,NA,NA,NA,NA,NA,NA,NA,NA,NA,NA,NA,NA,NA,NA
RB,00-0039032,Tyjae Spears,TEN,JAX,2025_13_JAX_TEN,2025,13,NA,NA,-7.5,17.5,-0.0794652515661776,11.5128414279321,8.08159576950735,14.9440870863569,5.24405512567535,17.7816277301889,2.94081805190907,20.0848648039552,-0.914870840312138,-3.12832939626047,1.29858771563619,-5.26699819686247,3.43725651623819,-6.62344307932735,4.79370139870307,0.157,0.049,b3,0.129842143535038,0.0496321132628719,star_platt,star_platt,NA,NA,NA,NA,NA,NA,NA,NA,NA,NA,NA,NA,NA,NA,NA,NA,NA,NA,NA,NA,NA,NA,NA,NA,NA,NA,NA,NA,NA,NA
RB,00-0039040,De'Von Achane,MIA,NO,2025_13_NO_MIA,2025,13,NA,NA,4.5,23.5,-0.0594167902448436,19.8177144354399,16.3864687770151,23.2489600938647,13.5489281331831,26.0865007376967,11.2456910594168,28.3897378114629,-1.17750498174274,-4.16547499176742,1.81046502828194,-7.05248555738263,4.69747559389715,-8.88356417331815,6.52855420983267,0.474,0.234,b1,0.577650400479647,0.322746070967316,star_platt,star_platt,NA,NA,NA,NA,NA,NA,NA,NA,NA,NA,NA,NA,NA,NA,NA,NA,NA,NA,NA,NA,NA,NA,NA,NA,NA,NA,NA,NA,NA,NA
RB,00-0039139,Jahmyr Gibbs,DET,GB,2025_13_GB_DET,2025,13,NA,NA,-2.5,23,-0.0499406028257881,18.9548139372775,15.5235682788527,22.3860595957022,12.6860276350207,25.2236002395342,10.3827905612544,27.5268373133005,-0.946614834478286,-3.86199582179315,1.96876615283658,-6.67887004908911,4.78564038013253,-8.46546488279467,6.5722352138381,0.4385,0.2155,b1,0.54955769891845,0.304783964229704,star_platt,star_platt,NA,NA,NA,NA,NA,NA,NA,NA,NA,NA,NA,NA,NA,NA,NA,NA,NA,NA,NA,NA,NA,NA,NA,NA,NA,NA,NA,NA,NA,NA
RB,00-0039165,Zach Charbonnet,SEA,MIN,2025_13_MIN_SEA,2025,13,NA,NA,7.5,25,-0.0461710061719473,11.9446489036351,8.51340324521033,15.3758945620599,5.67586260137834,18.2134352058919,3.37262552761206,20.5166722796582,-0.55149645825148,-2.81044014761737,1.70744723111441,-4.99305720081707,3.89006428431411,-6.3773761432171,5.27438322671415,0.1985,0.0675,b3,0.157774352390073,0.0638535351179022,star_platt,star_platt,NA,NA,NA,NA,NA,NA,NA,NA,NA,NA,NA,NA,NA,NA,NA,NA,NA,NA,NA,NA,NA,NA,NA,NA,NA,NA,NA,NA,NA,NA
RB,00-0039361,Bucky Irving,TB,ARI,2025_13_ARI_TB,2025,13,Questionable,Full Participation in Practice,5.5,27,0.0118391974653547,18.0863036337701,14.6550579753453,21.5175492921949,11.8175173315133,24.3550899360269,9.51428025774706,26.6583270097932,0.214127320138567,-2.62668311681133,3.05493775708846,-5.37150643125838,5.79976107153552,-7.11240316903469,7.54065780931183,0.4925,0.2635,b1,0.592006537178715,0.35044858501453,star_platt,star_platt,NA,NA,NA,NA,NA,NA,NA,NA,NA,NA,NA,NA,NA,NA,NA,NA,NA,NA,NA,NA,NA,NA,NA,NA,NA,NA,NA,NA,NA,NA
RB,00-0039384,Tyrone Tracy Jr.,NYG,NE,2025_13_NYG_NE,2025,13,NA,NA,-7.5,19,-0.092193210208421,17.1878352478645,13.7565895894398,20.6190809062893,10.9190489456078,23.4566215501213,8.61581187184149,25.7598586238876,-1.58460170803408,-4.34656237175301,1.17735895568484,-7.01520013960808,3.84599672353992,-8.70777640122493,5.53857298515676,0.342,0.1385,b3,0.252888881994287,0.113205970803792,star_platt,star_platt,NA,NA,NA,NA,NA,NA,NA,NA,NA,NA,NA,NA,NA,NA,NA,NA,NA,NA,NA,NA,NA,NA,NA,NA,NA,NA,NA,NA,NA,NA
RB,00-0039391,Kimani Vidal,LAC,LV,2025_13_LV_LAC,2025,13,NA,NA,10.5,26,-0.0766247768611772,17.8912127396656,14.4599670812409,21.3224583980904,11.6224264374089,24.1599990419224,9.3191893636426,26.4632361156887,-1.37091018395273,-4.19475116627709,1.45293079837163,-6.92317840089996,4.18135803299449,-8.6536759695465,5.91185560164104,0.4055,0.191,b3,0.296014362465131,0.147222447732368,star_platt,star_platt,NA,NA,NA,NA,NA,NA,NA,NA,NA,NA,NA,NA,NA,NA,NA,NA,NA,NA,NA,NA,NA,NA,NA,NA,NA,NA,NA,NA,NA,NA
RB,00-0039738,Blake Corum,LA,CAR,2025_13_LA_CAR,2025,13,NA,NA,7.5,26,-0.0623237490295096,12.0372266737004,8.60598101527564,15.4684723321252,5.76844037144365,18.3060129759572,3.46520329767736,20.6092500497235,-0.750205094223023,-3.01880425664034,1.51839406819429,-5.21075053758394,3.71034034913789,-6.60098651736115,5.1005763289151,0.1955,0.0635,b3,0.155773542171766,0.060852117040885,star_platt,star_platt,NA,NA,NA,NA,NA,NA,NA,NA,NA,NA,NA,NA,NA,NA,NA,NA,NA,NA,NA,NA,NA,NA,NA,NA,NA,NA,NA,NA,NA,NA
RB,00-0039875,Ray Davis,BUF,PIT,2025_13_BUF_PIT,2025,13,NA,NA,3.5,25.5,-0.0375719235151019,8.06052352076881,4.62927786234404,11.4917691791936,1.79173721851205,14.3293098230256,-0.511499855254234,16.6325468967919,-0.302849373214006,-2.12063588976293,1.51493714333492,-3.87700187124957,3.27130312482156,-4.99097222825499,4.38527348182698,0.072,0.0175,b3,0.0690618780508846,0.0221705727061539,star_platt,star_platt,NA,NA,NA,NA,NA,NA,NA,NA,NA,NA,NA,NA,NA,NA,NA,NA,NA,NA,NA,NA,NA,NA,NA,NA,NA,NA,NA,NA,NA,NA
RB,00-0040122,Ashton Jeanty,LV,LAC,2025_13_LV_LAC,2025,13,NA,NA,-10.5,15.5,-0.119735616344348,22.830036803203,19.3987911447782,26.2612824616278,16.5612505009462,29.0988231054598,14.25801342718,31.4020601792261,-2.73356852779567,-5.96448266952968,0.497345613938334,-9.08622861493314,3.6190915593418,-11.0661875084309,5.59905045283951,0.521,0.264,b2,0.441251052741091,0.199214294835798,star_platt,star_platt,NA,NA,NA,NA,NA,NA,NA,NA,NA,NA,NA,NA,NA,NA,NA,NA,NA,NA,NA,NA,NA,NA,NA,NA,NA,NA,NA,NA,NA,NA
RB,00-0040202,Devin Neal,NO,MIA,2025_13_NO_MIA,2025,13,NA,Full Participation in Practice,-4.5,19,-0.0918061289270315,16.7526684636473,13.3214228052225,20.1839141220721,10.4838821613905,23.0214547659041,8.18064508762424,25.3246918396703,-1.53799764084542,-4.26110553618501,1.18511025449417,-6.89220331788285,3.81620803619202,-8.56096994516247,5.48497466347163,0.321,0.1285,b3,0.23886532081161,0.106563398431915,star_platt,star_platt,NA,NA,NA,NA,NA,NA,NA,NA,NA,NA,NA,NA,NA,NA,NA,NA,NA,NA,NA,NA,NA,NA,NA,NA,NA,NA,NA,NA,NA,NA
RB,00-0040236,Kyle Monangai,CHI,PHI,2025_13_CHI_PHI,2025,13,NA,Full Participation in Practice,-6.5,19,-0.0931048092334926,13.4603888369574,10.0291431785326,16.8916344953822,7.19160253470062,19.7291751392142,4.88836546093434,22.0324122129804,-1.25322693487355,-3.66628834646851,1.15983447672141,-5.99781569359054,3.49136182384344,-7.47658058577037,4.97012671602327,0.21,0.074,b3,0.16542542873856,0.0686592733155356,star_platt,star_platt,NA,NA,NA,NA,NA,NA,NA,NA,NA,NA,NA,NA,NA,NA,NA,NA,NA,NA,NA,NA,NA,NA,NA,NA,NA,NA,NA,NA,NA,NA
RB,00-0040583,Woody Marks,HOU,IND,2025_13_HOU_IND,2025,13,NA,NA,-3.5,21,-0.0721848775704256,17.3960911427321,13.9648454843073,20.8273368011569,11.1273048404753,23.6648774449889,8.82406776670907,25.9681145187552,-1.25573470934208,-4.03613309355701,1.52466367487285,-6.72258559639913,4.21111617771496,-8.42646080533256,5.9149913866484,0.374,0.159,b3,0.274463831548249,0.126633149071988,star_platt,star_platt,NA,NA,NA,NA,NA,NA,NA,NA,NA,NA,NA,NA,NA,NA,NA,NA,NA,NA,NA,NA,NA,NA,NA,NA,NA,NA,NA,NA,NA,NA
RB,00-0040719,Bhayshul Tuten,JAX,TEN,2025_13_JAX_TEN,2025,13,NA,NA,7.5,25,-0.0206146304106438,10.9731725306351,7.54192687221032,14.4044181890599,4.70438622837833,17.2419588328919,2.40114915461204,19.5451959066581,-0.226207896151271,-2.38173171075833,1.92931591845579,-4.46442330616508,4.01200751386254,-5.78536479815622,5.33294900585367,0.175,0.0455,b3,0.142033026437424,0.0468282619689837,star_platt,star_platt,NA,NA,NA,NA,NA,NA,NA,NA,NA,NA,NA,NA,NA,NA,NA,NA,NA,NA,NA,NA,NA,NA,NA,NA,NA,NA,NA,NA,NA,NA
RB,00-0040730,RJ Harvey,DEN,WAS,2025_13_DEN_WAS,2025,13,NA,NA,6.5,25,-0.0392806175414606,11.2688092170894,7.83756355866465,14.7000548755142,5.00002291483266,17.5375955193462,2.69678584106638,19.8408325931125,-0.442645785004176,-2.63006090215404,1.74476933214569,-4.74356623634779,3.85827466633944,-6.08405125853653,5.19875968852818,0.185,0.0565,b3,0.148751878846736,0.0555079421167045,star_platt,star_platt,NA,NA,NA,NA,NA,NA,NA,NA,NA,NA,NA,NA,NA,NA,NA,NA,NA,NA,NA,NA,NA,NA,NA,NA,NA,NA,NA,NA,NA,NA
RB,00-0040734,TreVeyon Henderson,NE,NYG,2025_13_NYG_NE,2025,13,NA,NA,7.5,26.5,-0.014729280912244,19.1152334751849,15.6839878167601,22.5464791336097,12.8464471729281,25.3840197774417,10.5432100991619,27.687256851208,-0.281553643559129,-3.21053964590322,2.64743235878496,-6.04055919326695,5.47745190614869,-7.83549141054929,7.27238412343103,0.5185,0.2765,b3,0.377089660946379,0.201293245608974,star_platt,star_platt,NA,NA,NA,NA,NA,NA,NA,NA,NA,NA,NA,NA,NA,NA,NA,NA,NA,NA,NA,NA,NA,NA,NA,NA,NA,NA,NA,NA,NA,NA
RB,00-0040784,Quinshon Judkins,CLE,SF,2025_13_SF_CLE,2025,13,NA,NA,-5.5,18,-0.0792639524684357,18.1986442921757,14.7673986337509,21.6298899506005,11.9298579899189,24.4674305944325,9.62662091615264,26.7706676681987,-1.44249647616498,-4.2930413995786,1.40804844724864,-7.04727028542608,4.16227733309611,-8.79413248133651,5.90913952900655,0.4105,0.1925,b2,0.356178654088824,0.152886466364486,star_platt,star_platt,NA,NA,NA,NA,NA,NA,NA,NA,NA,NA,NA,NA,NA,NA,NA,NA,NA,NA,NA,NA,NA,NA,NA,NA,NA,NA,NA,NA,NA,NA
WR,00-0030279,Keenan Allen,LAC,LV,2025_13_LV_LAC,2025,13,NA,NA,10.5,26,0.276467211388593,6.82302312823203,4.9555996675705,7.94725124004163,4.03345456717236,9.91571579542238,3.29264770084161,11.1638209826107,1.88634217750218,-0.878024443177932,4.92400407730899,-3.61747818787208,7.37629631626404,-5.40327025374066,8.83942897247086,0.3245,0.1315,NA,0.323116199690826,0.177897574123989,strat_platt,iso,6.1349431455951,2.13405762849739,NA,NA,NA,NA,NA,NA,NA,NA,NA,NA,NA,NA,NA,NA,NA,NA,NA,NA,NA,NA,NA,NA,NA,NA,NA,NA,NA,NA
WR,00-0030564,DeAndre Hopkins,BAL,CIN,2025_13_CIN_BAL,2025,13,NA,NA,6.5,29.5,0.265223663177477,5.07628366890087,3.20886020823933,6.20051178071046,2.2867151078412,8.16897633609121,1.54590824151044,9.41708152327957,1.34635054999389,-1.07494808201242,4.00702751934983,-3.4744256168846,6.15498133959987,-5.03859436852128,7.43653389215012,0.16,0.0485,NA,0.154062924781439,0.0519969856819894,strat_platt,iso,4.38820368626394,1.56332360925979,NA,NA,NA,NA,NA,NA,NA,NA,NA,NA,NA,NA,NA,NA,NA,NA,NA,NA,NA,NA,NA,NA,NA,NA,NA,NA,NA,NA
WR,00-0031381,Davante Adams,LA,CAR,2025_13_LA_CAR,2025,13,NA,NA,7.5,26,0.246324242053336,8.85066433788728,6.98324087722574,9.97489244969687,6.06109577682761,11.9433570050776,5.32028891049685,13.191462192266,2.18013318469857,-0.926058054889296,5.59341372115951,-4.00425584506938,8.34894137533058,-6.01086800325041,9.99299604053501,0.4705,0.254,NA,0.47531096811174,0.27710843373494,strat_platt,iso,8.16258435525035,2.45847960880731,NA,NA,NA,NA,NA,NA,NA,NA,NA,NA,NA,NA,NA,NA,NA,NA,NA,NA,NA,NA,NA,NA,NA,NA,NA,NA,NA,NA
WR,00-0031588,Stefon Diggs,NE,NYG,2025_13_NYG_NE,2025,13,NA,NA,7.5,26.5,0.284241379879551,6.9892336267947,5.12181016613317,8.11346173860429,4.19966506573503,10.081926293985,3.45885819940428,11.3300314811734,1.98662941038069,-0.807710846799328,5.05722824876621,-3.57686810120071,7.53611034581464,-5.38202325800171,9.01510754258572,0.3335,0.135,NA,0.332473514322669,0.177897574123989,strat_platt,iso,6.30115364415777,2.23703080499422,NA,NA,NA,NA,NA,NA,NA,NA,NA,NA,NA,NA,NA,NA,NA,NA,NA,NA,NA,NA,NA,NA,NA,NA,NA,NA,NA,NA
WR,00-0031610,Darren Waller,MIA,NO,2025_13_NO_MIA,2025,13,Questionable,Limited Participation in Practice,4.5,23.5,0.221952906996158,5.26489388483483,3.3974704241733,6.38912199664443,2.47532532377517,8.35758655202518,1.73451845744441,9.60569173921353,1.16855850276539,-1.29264549487551,3.87308602648674,-3.73166876239519,6.05644022297714,-5.32161654232816,7.35911401291358,0.1555,0.046,NA,0.149520631655538,0.0519969856819894,strat_platt,iso,4.5768139021979,1.38910748990256,NA,NA,NA,NA,NA,NA,NA,NA,NA,NA,NA,NA,NA,NA,NA,NA,NA,NA,NA,NA,NA,NA,NA,NA,NA,NA,NA,NA
WR,00-0033555,Mack Hollins,NE,NYG,2025_13_NYG_NE,2025,13,NA,NA,7.5,26.5,0.370225265988717,6.75167860758836,4.88425514692683,7.87590671939795,3.96211004652869,9.84437127477871,3.22130318019794,11.0924764619671,2.49964200836473,-0.251735104280739,5.52303021040696,-2.97831640428501,7.96379935054332,-4.75571719519959,9.42005687909834,0.347,0.138,NA,0.346520666018284,0.177897574123989,strat_platt,iso,6.06359862495143,2.74619346692242,NA,NA,NA,NA,NA,NA,NA,NA,NA,NA,NA,NA,NA,NA,NA,NA,NA,NA,NA,NA,NA,NA,NA,NA,NA,NA,NA,NA
WR,00-0033908,Cooper Kupp,SEA,MIN,2025_13_MIN_SEA,2025,13,NA,Limited Participation in Practice,7.5,25,0.276106099719535,6.6997666712081,4.83234321054657,7.8239947830177,3.91019811014844,9.79245933839845,3.16939124381768,11.0405645255868,1.8498464446182,-0.892031515379021,4.86279637343568,-3.60919927048696,7.29513873756422,-5.38046357020504,8.74636852474008,0.3075,0.112,NA,0.305460161974293,0.144391408114558,strat_platt,iso,6.01168668857118,2.09554668218923,NA,NA,NA,NA,NA,NA,NA,NA,NA,NA,NA,NA,NA,NA,NA,NA,NA,NA,NA,NA,NA,NA,NA,NA,NA,NA,NA,NA
WR,00-0033921,Chris Godwin Jr.,TB,ARI,2025_13_ARI_TB,2025,13,NA,Limited Participation in Practice,5.5,27,0.277445529394926,6.96860374539716,5.10118028473563,8.09283185720675,4.17903518433749,10.0612964125875,3.43822831800674,11.3094015997759,1.93340795528518,-0.8572335456841,4.99994236504753,-3.62272537760628,7.47554326520931,-5.42549112287072,8.95258277266421,0.312,0.13,NA,0.310131228760175,0.177897574123989,strat_platt,iso,6.28052376276023,2.1834779036079,NA,NA,NA,NA,NA,NA,NA,NA,NA,NA,NA,NA,NA,NA,NA,NA,NA,NA,NA,NA,NA,NA,NA,NA,NA,NA,NA,NA
WR,00-0034348,Courtland Sutton,DEN,WAS,2025_13_DEN_WAS,2025,13,NA,NA,6.5,25,0.325725525172962,7.63990327660814,5.77247981594661,8.76413138841773,4.85033471554847,10.7325959437985,4.10952784921771,11.9807011309868,2.48851150704382,-0.419534555723618,5.68405751807853,-3.30137288237485,8.26380896526315,-5.17998245146045,9.80298872830842,0.4055,0.196,NA,0.407498531928357,0.224489795918367,strat_platt,iso,6.95182329397121,2.74910210185285,NA,NA,NA,NA,NA,NA,NA,NA,NA,NA,NA,NA,NA,NA,NA,NA,NA,NA,NA,NA,NA,NA,NA,NA,NA,NA,NA,NA
WR,00-0034827,DJ Moore,CHI,PHI,2025_13_CHI_PHI,2025,13,NA,NA,-6.5,19,0.113301145940228,6.49223044629902,4.62480698563749,7.61645855810861,3.70266188523935,9.58492311348937,2.96185501890859,10.8330283006777,0.735577149273717,-1.96791291223197,3.70634401315725,-4.64703872619981,6.10463215855939,-6.39350428755999,7.53554387812948,0.2085,0.0675,NA,0.203373835647151,0.0828025477707006,strat_platt,iso,5.80415046366209,0.977837439510534,NA,NA,NA,NA,NA,NA,NA,NA,NA,NA,NA,NA,NA,NA,NA,NA,NA,NA,NA,NA,NA,NA,NA,NA,NA,NA,NA,NA
WR,00-0034960,Jakobi Meyers,JAX,TEN,2025_13_JAX_TEN,2025,13,NA,NA,7.5,25,0.316217952114329,6.58282872747953,4.715405266818,7.70705683928913,3.79326016641987,9.67552139466988,3.05245330008911,10.9236265818582,2.08160861932296,-0.638721447618465,5.07088035246731,-3.33453550243196,7.48410740442587,-5.09187977570804,8.92393225501823,0.3005,0.113,NA,0.298198070334994,0.144391408114558,strat_platt,iso,5.89474874484261,2.32537794584681,NA,NA,NA,NA,NA,NA,NA,NA,NA,NA,NA,NA,NA,NA,NA,NA,NA,NA,NA,NA,NA,NA,NA,NA,NA,NA,NA,NA
WR,00-0035208,Olamide Zaccheaus,CHI,PHI,2025_13_CHI_PHI,2025,13,NA,NA,-6.5,19,0.094713170572159,4.90672503124097,3.03930157057943,6.03095314305056,2.1171564701813,7.99941769843131,1.37634960385054,9.24752288561967,0.464731484834608,-1.91998810232107,3.08521307270864,-4.28321624804069,5.20071732309174,-5.82375478811909,6.46290920377834,0.118,0.027,NA,0.104566272120024,0.0332425068119891,strat_platt,iso,4.21864504860404,0.678426688506264,NA,NA,NA,NA,NA,NA,NA,NA,NA,NA,NA,NA,NA,NA,NA,NA,NA,NA,NA,NA,NA,NA,NA,NA,NA,NA,NA,NA
WR,00-0035359,David Sills,ATL,NYJ,2025_13_ATL_NYJ,2025,13,NA,NA,1.5,20,0.125009688475107,4.84332490899534,2.97590144833381,5.96755302080493,2.05375634793567,7.93601757618569,1.31294948160492,9.18412276337404,0.605462538057234,-1.7654007579252,3.21071795171302,-4.11489748739268,5.31393017286577,-5.64648480708866,6.56878815219579,0.1135,0.027,NA,0.102053175375771,0.0332425068119891,strat_platt,iso,4.15524492635841,0.817916076679319,NA,NA,NA,NA,NA,NA,NA,NA,NA,NA,NA,NA,NA,NA,NA,NA,NA,NA,NA,NA,NA,NA,NA,NA,NA,NA,NA,NA
WR,00-0035535,Darius Slayton,NYG,NE,2025_13_NYG_NE,2025,13,NA,Full Participation in Practice,-7.5,19,0.160475427689463,5.9866551818021,4.11923172114057,7.1108832936117,3.19708662074243,9.07934784899245,2.45627975441168,10.3274530361808,0.960711050729033,-1.64633101990639,3.82549472664184,-4.22987804639314,6.13822307049502,-5.91403781387757,7.51808649422326,0.197,0.059,NA,0.191628336695851,0.0679012345679012,strat_platt,iso,5.29857519916517,1.19432861703145,NA,NA,NA,NA,NA,NA,NA,NA,NA,NA,NA,NA,NA,NA,NA,NA,NA,NA,NA,NA,NA,NA,NA,NA,NA,NA,NA,NA
WR,00-0035544,Tom Kennedy,DET,GB,2025_13_GB_DET,2025,13,NA,NA,-2.5,23,0.181814482830413,5.06491316097514,3.19748970031361,6.18914127278473,2.27534459991547,8.15760582816549,1.53453773358472,9.40571101535384,0.920874566943647,-1.49799238677747,3.578879453507,-3.89506015800455,5.72467611206156,-5.45765803559147,7.00494161828378,0.1475,0.0405,NA,0.141461392600472,0.0519969856819894,strat_platt,iso,4.37683317833821,1.13762972302747,NA,NA,NA,NA,NA,NA,NA,NA,NA,NA,NA,NA,NA,NA,NA,NA,NA,NA,NA,NA,NA,NA,NA,NA,NA,NA,NA,NA
WR,00-0035640,DK Metcalf,PIT,BUF,2025_13_BUF_PIT,2025,13,NA,Full Participation in Practice,-3.5,22,0.153385294879154,7.93642373077884,6.06900027011731,9.06065184258843,5.14685516971917,11.0291163979692,4.40604830338842,12.2772215851575,1.21733069423143,-1.74075782917167,4.46786654449669,-4.67218762648982,7.0920110678084,-6.58312482841947,8.65767746175322,0.3295,0.135,NA,0.328313919965844,0.177897574123989,strat_platt,iso,7.24834374814191,1.48240560404142,NA,NA,NA,NA,NA,NA,NA,NA,NA,NA,NA,NA,NA,NA,NA,NA,NA,NA,NA,NA,NA,NA,NA,NA,NA,NA,NA,NA
WR,00-0035659,Terry McLaurin,WAS,DEN,2025_13_DEN_WAS,2025,13,NA,Did Not Participate In Practice,-6.5,18.5,0.221773696359958,6.42242212640755,4.55499866574602,7.54665023821715,3.63285356534789,9.5151147935979,2.89204669901713,10.7632199807863,1.42432429455739,-1.26610143822159,4.38073524294013,-3.9322806611025,6.76743391547569,-5.67030661303767,8.19143090606284,0.2425,0.0905,NA,0.238258920415762,0.11336717428088,strat_platt,iso,5.73434214377063,1.66541388765936,NA,NA,NA,NA,NA,NA,NA,NA,NA,NA,NA,NA,NA,NA,NA,NA,NA,NA,NA,NA,NA,NA,NA,NA,NA,NA,NA,NA
WR,00-0035676,A.J. Brown,PHI,CHI,2025_13_CHI_PHI,2025,13,NA,NA,6.5,25.5,0.3682705282976,9.71767711990213,7.85025365924059,10.8419052317117,6.92810855884246,12.8103697870925,6.1873016925117,14.0584749742808,3.57873408677186,0.339709739533876,7.13798009218438,-2.87012404691719,10.0113450825936,-4.96254693221077,11.7257060726445,0.5955,0.362,NA,0.570075526654205,0.376623376623377,strat_platt,iso,9.0295971372652,3.86898371247566,NA,NA,NA,NA,NA,NA,NA,NA,NA,NA,NA,NA,NA,NA,NA,NA,NA,NA,NA,NA,NA,NA,NA,NA,NA,NA,NA,NA
WR,00-0035719,Deebo Samuel Sr.,WAS,DEN,2025_13_DEN_WAS,2025,13,NA,NA,-6.5,18.5,0.0789446961808024,7.1555474070046,5.28812394634307,8.2797755188142,4.36597884594494,10.248240074195,3.62517197961418,11.4963452613833,0.564892516053307,-2.25904875581887,3.66801883247062,-5.05754025624194,6.17316023175912,-6.88181778877395,7.66782474665253,0.243,0.088,NA,0.238773526640247,0.102040816326531,strat_platt,iso,6.46746742436768,0.817946463569748,NA,NA,NA,NA,NA,NA,NA,NA,NA,NA,NA,NA,NA,NA,NA,NA,NA,NA,NA,NA,NA,NA,NA,NA,NA,NA,NA,NA
WR,00-0036040,Juwan Johnson,NO,MIA,2025_13_NO_MIA,2025,13,NA,NA,-4.5,19,0.163940754334897,5.88708024831462,4.01965678765309,7.01130836012422,3.09751168725496,8.97977291550497,2.3567048209242,10.2278781026933,0.96513237673877,-1.62238990916229,3.8084664714215,-4.18659306606746,6.10387865458456,-5.85814297332376,7.47341058527807,0.1825,0.056,NA,0.17686342498549,0.0679012345679012,strat_platt,iso,5.1990002656777,1.19700077119016,NA,NA,NA,NA,NA,NA,NA,NA,NA,NA,NA,NA,NA,NA,NA,NA,NA,NA,NA,NA,NA,NA,NA,NA,NA,NA,NA,NA
WR,00-0036252,Michael Pittman,IND,HOU,2025_13_HOU_IND,2025,13,NA,NA,3.5,24.5,0.236877742986472,7.58916161041158,5.72173814975004,8.71338972222117,4.79959304935191,10.6818542776019,4.05878618302115,11.9299594647903,1.79770347343387,-1.10167234679479,4.98372207040378,-3.97491856840012,7.55578207451835,-5.84792712558698,9.09037282433331,0.348,0.1485,NA,0.347561679704395,0.177897574123989,strat_platt,iso,6.90108162777465,2.05751712605851,NA,NA,NA,NA,NA,NA,NA,NA,NA,NA,NA,NA,NA,NA,NA,NA,NA,NA,NA,NA,NA,NA,NA,NA,NA,NA,NA,NA
WR,00-0036259,Jauan Jennings,SF,CLE,2025_13_SF_CLE,2025,13,NA,NA,5.5,23.5,0.281966462805414,7.85376417752689,5.98634071686535,8.97799228933648,5.06419561646722,10.9464568447172,4.32338875013646,12.1945620319056,2.21449810484513,-0.729745587047408,5.44982037349852,-3.64745532449994,8.06168303354036,-5.5494487090358,9.6200215915349,0.4,0.188,NA,0.401760797393135,0.224489795918367,strat_platt,iso,7.16568419488996,2.47833237650824,NA,NA,NA,NA,NA,NA,NA,NA,NA,NA,NA,NA,NA,NA,NA,NA,NA,NA,NA,NA,NA,NA,NA,NA,NA,NA,NA,NA
WR,00-0036309,Darnell Mooney,ATL,NYJ,2025_13_ATL_NYJ,2025,13,NA,NA,1.5,20,0.23654491374727,6.51897349342465,4.65155003276312,7.64320160523425,3.72940493236499,9.611666160615,2.98859806603423,10.8597713478034,1.54203002272288,-1.16644433592831,4.51827394938923,-3.85050952782735,6.9209837055557,-5.60019496538982,8.35453352958967,0.262,0.095,NA,0.25835848700071,0.11336717428088,strat_platt,iso,5.83089351078773,1.78473695683321,NA,NA,NA,NA,NA,NA,NA,NA,NA,NA,NA,NA,NA,NA,NA,NA,NA,NA,NA,NA,NA,NA,NA,NA,NA,NA,NA,NA
WR,00-0036322,Justin Jefferson,MIN,SEA,2025_13_MIN_SEA,2025,13,NA,Full Participation in Practice,-7.5,17.5,0.0805605123344932,9.33159124798672,7.46416778732518,10.4558193597963,6.54202268692705,12.4242839151771,5.80121582059629,13.6723891023654,0.751757771833882,-2.42895889683989,4.24693159075867,-5.58101048204738,7.0685713626152,-7.6357663701416,8.75207108123536,0.417,0.2,NA,0.388590148245216,0.224489795918367,strat_platt,iso,8.64351126534979,1.03678243468943,NA,NA,NA,NA,NA,NA,NA,NA,NA,NA,NA,NA,NA,NA,NA,NA,NA,NA,NA,NA,NA,NA,NA,NA,NA,NA,NA,NA
WR,00-0036358,CeeDee Lamb,DAL,KC,2025_13_KC_DAL,2025,13,NA,NA,-3.5,24,0.280816881068624,9.22563934960222,7.35821588894068,10.3498674614118,6.43607078854255,12.3183320167926,5.69526392221179,13.5664372039809,2.59071526801927,-0.573768363441232,6.06805119297876,-3.70973320593921,8.87529050475341,-5.75400248605475,10.5501983504004,0.506,0.285,NA,0.478164164197164,0.291666666666667,strat_platt,iso,8.53755936696529,2.87428528513274,NA,NA,NA,NA,NA,NA,NA,NA,NA,NA,NA,NA,NA,NA,NA,NA,NA,NA,NA,NA,NA,NA,NA,NA,NA,NA,NA,NA
WR,00-0036407,Jerry Jeudy,CLE,SF,2025_13_SF_CLE,2025,13,NA,NA,-5.5,18,0.106808104466936,6.96068251106289,5.09325905040136,8.08491062287248,4.17111395000322,10.0533751782532,3.43030708367247,11.3014803654416,0.743457304802778,-2.04576238300997,3.80842933581915,-4.80984521536357,6.28276893390076,-6.61169246355346,7.75905589961797,0.235,0.0965,NA,0.230545006744627,0.11336717428088,strat_platt,iso,6.27260252842596,0.993399844161486,NA,NA,NA,NA,NA,NA,NA,NA,NA,NA,NA,NA,NA,NA,NA,NA,NA,NA,NA,NA,NA,NA,NA,NA,NA,NA,NA,NA
WR,00-0036415,Van Jefferson,TEN,JAX,2025_13_JAX_TEN,2025,13,NA,NA,-7.5,17.5,0.0733887495294059,5.86380103067058,3.99637757000905,6.98802914248017,3.07423246961091,8.95649369786093,2.33342560328015,10.2045988850493,0.430337025130155,-2.15259558244599,3.26862768929406,-4.71225042387807,5.55996833127612,-6.38083538029312,6.9270710225958,0.153,0.0465,NA,0.146999888405948,0.0519969856819894,strat_platt,iso,5.17572104803365,0.661794137580214,NA,NA,NA,NA,NA,NA,NA,NA,NA,NA,NA,NA,NA,NA,NA,NA,NA,NA,NA,NA,NA,NA,NA,NA,NA,NA,NA,NA
WR,00-0036554,Nico Collins,HOU,IND,2025_13_HOU_IND,2025,13,NA,NA,-3.5,21,0.262221321818828,7.97012714598634,6.10270368532481,9.09435525779594,5.18055858492668,11.0628198131767,4.43975171859592,12.310925000365,2.08993727528466,-0.873773459770598,5.34665116937402,-3.81077480054784,7.97578320262643,-5.72534397404232,9.54442533843083,0.396,0.188,NA,0.397588277395015,0.224489795918367,strat_platt,iso,7.28204716334942,2.35551599261591,NA,NA,NA,NA,NA,NA,NA,NA,NA,NA,NA,NA,NA,NA,NA,NA,NA,NA,NA,NA,NA,NA,NA,NA,NA,NA,NA,NA
WR,00-0036613,Jaylen Waddle,MIA,NO,2025_13_NO_MIA,2025,13,NA,Full Participation in Practice,4.5,23.5,0.339211279182215,7.23995745401231,5.37253399335077,8.3641855658219,4.45038889295264,10.3326501212027,3.70958202662188,11.580755308391,2.45587522920033,-0.38294438482105,5.57535081446673,-3.19618014159948,8.09369091276572,-5.03006914359598,9.59623028336961,0.378,0.1685,NA,0.378817283708163,0.178247734138973,strat_platt,iso,6.55187747137538,2.71026242796065,NA,NA,NA,NA,NA,NA,NA,NA,NA,NA,NA,NA,NA,NA,NA,NA,NA,NA,NA,NA,NA,NA,NA,NA,NA,NA,NA,NA
WR,00-0036841,Austin Trammell,JAX,TEN,2025_13_JAX_TEN,2025,13,NA,NA,7.5,25,0.228062228453679,4.45504298783388,2.58761952717235,5.57927109964348,1.66547442677421,7.54773565502423,0.924667560443457,8.79584084221258,1.01602703166233,-1.26770394795334,3.52553591311461,-3.53085361022315,5.55145234376333,-5.00615309961308,6.76019265674134,0.1025,0.0275,NA,0.095771077360656,0.0332425068119891,strat_platt,iso,3.76696300519695,1.22067262582308,NA,NA,NA,NA,NA,NA,NA,NA,NA,NA,NA,NA,NA,NA,NA,NA,NA,NA,NA,NA,NA,NA,NA,NA,NA,NA,NA,NA
WR,00-0036900,Ja'Marr Chase,CIN,BAL,2025_13_CIN_BAL,2025,13,NA,NA,-6.5,23,0.296855963606634,9.74158688199272,7.87416342133118,10.8658149938023,6.95201832093305,12.8342795491831,6.21121145460229,14.0823847363714,2.89184816091169,-0.350744701080075,6.4550154773491,-3.56411484230844,9.3315461263833,-5.65884300262835,11.0477958711426,0.5735,0.339,NA,0.547321531190671,0.330246913580247,strat_platt,iso,9.05350689935579,3.18241756194306,NA,NA,NA,NA,NA,NA,NA,NA,NA,NA,NA,NA,NA,NA,NA,NA,NA,NA,NA,NA,NA,NA,NA,NA,NA,NA,NA,NA
WR,00-0036912,DeVonta Smith,PHI,CHI,2025_13_CHI_PHI,2025,13,NA,Full Participation in Practice,6.5,25.5,0.367571209430231,9.24249024822931,7.37506678756777,10.3667183600389,6.45292168716964,12.3351829154197,5.71211482083888,13.583288102608,3.39727331868876,0.23020108219957,6.8774537675296,-2.90832903644027,9.6869894519974,-4.95427056591931,11.3632674026526,0.5795,0.3445,NA,0.553517041827614,0.330246913580247,strat_platt,iso,8.55441026559238,3.68107530122149,NA,NA,NA,NA,NA,NA,NA,NA,NA,NA,NA,NA,NA,NA,NA,NA,NA,NA,NA,NA,NA,NA,NA,NA,NA,NA,NA,NA
WR,00-0037239,Chris Olave,NO,MIA,2025_13_NO_MIA,2025,13,Questionable,Limited Participation in Practice,-4.5,19,0.155794222088748,7.23927759727683,5.37185413661529,8.36350570908642,4.44970903621716,10.3319702644672,3.7089021698864,11.5800754516555,1.12783762175225,-1.71086254243785,4.24718194794515,-4.52397992588434,6.76541608132184,-6.35779176280462,8.26789222914347,0.2795,0.1135,NA,0.276444238478887,0.144391408114558,strat_platt,iso,6.5511976146399,1.38221411658906,NA,NA,NA,NA,NA,NA,NA,NA,NA,NA,NA,NA,NA,NA,NA,NA,NA,NA,NA,NA,NA,NA,NA,NA,NA,NA,NA,NA
WR,00-0037240,Jameson Williams,DET,GB,2025_13_GB_DET,2025,13,NA,NA,-2.5,23,0.3132514893393,6.54918476720884,4.68176130654731,7.67341287901843,3.75961620614917,9.64187743439919,3.01880933981842,10.8899826215875,2.05154188228643,-0.662549615783217,5.0339582790838,-3.35218132461935,7.44165104557097,-5.10549545706308,8.87817392681672,0.2975,0.1085,NA,0.295087310865392,0.144391408114558,strat_platt,iso,5.86110478457191,2.29475216939414,NA,NA,NA,NA,NA,NA,NA,NA,NA,NA,NA,NA,NA,NA,NA,NA,NA,NA,NA,NA,NA,NA,NA,NA,NA,NA,NA,NA
WR,00-0037247,George Pickens,DAL,KC,2025_13_KC_DAL,2025,13,NA,Full Participation in Practice,-3.5,24,0.303421688428609,9.34354996054866,7.47612649988713,10.4677780723583,6.55398139948899,12.436242627739,5.81317453315823,13.6843478149274,2.83503570494674,-0.347506772499048,6.33221583870024,-3.50136771202307,9.15547530045171,-5.55730308000047,10.8399413888791,0.524,0.2945,NA,0.496506740972125,0.291666666666667,strat_platt,iso,8.65546997791173,3.12022397889497,NA,NA,NA,NA,NA,NA,NA,NA,NA,NA,NA,NA,NA,NA,NA,NA,NA,NA,NA,NA,NA,NA,NA,NA,NA,NA,NA,NA
WR,00-0037261,Khalil Shakir,BUF,PIT,2025_13_BUF_PIT,2025,13,NA,NA,3.5,25.5,0.204977679976979,6.86841346585413,5.0009900051926,7.99264157766373,4.07884490479447,9.96110613304448,3.33803803846371,11.2092113202328,1.40787145735342,-1.36472027912451,4.45457163764502,-4.11232501367084,6.91416044409753,-5.90343053775539,8.38164651545371,0.284,0.108,NA,0.281101383574536,0.144391408114558,strat_platt,iso,6.18033348321721,1.65632396263589,NA,NA,NA,NA,NA,NA,NA,NA,NA,NA,NA,NA,NA,NA,NA,NA,NA,NA,NA,NA,NA,NA,NA,NA,NA,NA,NA,NA
WR,00-0037545,Rashid Shaheed,SEA,MIN,2025_13_MIN_SEA,2025,13,NA,NA,7.5,25,0.187970542396338,6.36425926944729,4.49683580878575,7.48848738125688,3.57469070838762,9.45695193663763,2.83388384205686,10.705057123826,1.19629326682893,-1.48318755814075,4.14067725424329,-4.13852051032109,6.51766660954284,-5.86947600735303,7.93587064491372,0.2335,0.0755,NA,0.229003416835198,0.0856807511737089,strat_platt,iso,5.67617928681036,1.43640208453237,NA,NA,NA,NA,NA,NA,NA,NA,NA,NA,NA,NA,NA,NA,NA,NA,NA,NA,NA,NA,NA,NA,NA,NA,NA,NA,NA,NA
WR,00-0037614,John Metchie III,NYJ,ATL,2025_13_ATL_NYJ,2025,13,NA,NA,-1.5,18.5,0.127665383151433,5.01269008649596,3.14526662583443,6.13691819830555,2.22312152543629,8.10538275368631,1.48231465910553,9.35348794087466,0.639947000511898,-1.76771272806559,3.28563667513243,-4.15367427529993,5.4214913125982,-5.70903223992011,6.69582502346071,0.112,0.029,NA,0.105977723421189,0.0332425068119891,strat_platt,iso,4.32461010385903,0.855697874887898,NA,NA,NA,NA,NA,NA,NA,NA,NA,NA,NA,NA,NA,NA,NA,NA,NA,NA,NA,NA,NA,NA,NA,NA,NA,NA,NA,NA
WR,00-0037664,Alec Pierce,IND,HOU,2025_13_HOU_IND,2025,13,NA,NA,3.5,24.5,0.318600725085622,6.5175576414429,4.65013418078137,7.64178575325249,3.72798908038323,9.61025030863325,2.98718221405248,10.8583554958216,2.07649859035104,-0.631712168852084,5.05245285717481,-3.31551613689981,7.45492877211494,-5.06503128814809,8.88833907740428,0.2885,0.116,NA,0.285761006564353,0.144391408114558,strat_platt,iso,5.82947765880597,2.31918190326162,NA,NA,NA,NA,NA,NA,NA,NA,NA,NA,NA,NA,NA,NA,NA,NA,NA,NA,NA,NA,NA,NA,NA,NA,NA,NA,NA,NA
WR,00-0037741,Jahan Dotson,PHI,CHI,2025_13_CHI_PHI,2025,13,NA,NA,6.5,25.5,0.225952053304114,4.69938764431682,2.83196418365528,5.82361575612641,1.90981908325715,7.79208031150716,1.16901221692639,9.04018549869551,1.06183628750537,-1.27719281785401,3.63211026735153,-3.59514225107675,5.70708211763077,-5.10616455431915,6.94509079646061,0.1145,0.0255,NA,0.102614322256726,0.0332425068119891,strat_platt,iso,4.01130766167989,1.27143715787851,NA,NA,NA,NA,NA,NA,NA,NA,NA,NA,NA,NA,NA,NA,NA,NA,NA,NA,NA,NA,NA,NA,NA,NA,NA,NA,NA,NA
WR,00-0037742,Treylon Burks,WAS,DEN,2025_13_DEN_WAS,2025,13,NA,Full Participation in Practice,-6.5,18.5,0.168638207973866,5.09071762891637,3.22329416825483,6.21494574072596,2.3011490678567,8.18341029610671,1.56034220152594,9.43151548329506,0.858489498241424,-1.56589163074512,3.52255371137432,-3.96842388268426,5.67324203990727,-5.53458393989133,6.95642610615064,0.122,0.0315,NA,0.115922790657991,0.0332425068119891,strat_platt,iso,4.40263764627944,1.07573878068407,NA,NA,NA,NA,NA,NA,NA,NA,NA,NA,NA,NA,NA,NA,NA,NA,NA,NA,NA,NA,NA,NA,NA,NA,NA,NA,NA,NA
WR,00-0037816,Romeo Doubs,GB,DET,2025_13_GB_DET,2025,13,NA,Full Participation in Practice,2.5,25.5,0.353317365228853,7.25955808629223,5.3921346256307,8.38378619810183,4.46998952523257,10.3522507534826,3.72918265890181,11.6003559406709,2.56492793577459,-0.277332822134873,5.68818486885585,-3.09397871070975,8.20957763404306,-4.93009070563595,9.71393834410305,0.4005,0.182,NA,0.402282386207168,0.222648752399232,strat_platt,iso,6.5714781036553,2.81962349613347,NA,NA,NA,NA,NA,NA,NA,NA,NA,NA,NA,NA,NA,NA,NA,NA,NA,NA,NA,NA,NA,NA,NA,NA,NA,NA,NA,NA
WR,00-0038117,Wan'Dale Robinson,NYG,NE,2025_13_NYG_NE,2025,13,NA,Full Participation in Practice,-7.5,19,0.136621409114425,9.50858926325894,7.6411658025974,10.6328173750685,6.71902070219927,12.6012819304493,5.97821383586851,13.8493871176376,1.29907686383672,-1.90853258649807,4.82380218205267,-5.08723459168799,7.66929876047671,-7.15936332597421,9.36703237512575,0.4475,0.2305,NA,0.419071927250827,0.262425447316103,strat_platt,iso,8.82050928062201,1.58651139428648,NA,NA,NA,NA,NA,NA,NA,NA,NA,NA,NA,NA,NA,NA,NA,NA,NA,NA,NA,NA,NA,NA,NA,NA,NA,NA,NA,NA
WR,00-0038124,Christian Watson,GB,DET,2025_13_GB_DET,2025,13,NA,Full Participation in Practice,2.5,25.5,0.337072358519942,6.09810451729917,4.23068105663763,7.22233262910876,3.3085359562395,9.19079718448951,2.56772908990874,10.4389023716779,2.05550247214714,-0.573175791354825,4.94406137318237,-3.17816402217598,7.27598336068985,-4.87630085813882,8.66729845660303,0.2785,0.0855,NA,0.275409663462882,0.102040816326531,strat_platt,iso,5.41002453466224,2.2910588620606,NA,NA,NA,NA,NA,NA,NA,NA,NA,NA,NA,NA,NA,NA,NA,NA,NA,NA,NA,NA,NA,NA,NA,NA,NA,NA,NA,NA
WR,00-0038359,Xavier Smith,LA,CAR,2025_13_LA_CAR,2025,13,NA,Full Participation in Practice,7.5,26,0.206868589925696,4.52231450792965,2.65489104726811,5.64654261973924,1.73274594686998,7.61500717512,0.991939080539223,8.86311236230835,0.935524825455924,-1.36359407515922,3.46194293341516,-3.64199298023559,5.5015101146403,-5.12723312909721,6.71839499482479,0.108,0.0325,NA,0.0989380640841399,0.0332425068119891,strat_platt,iso,3.83423452529272,1.1415493343242,NA,NA,NA,NA,NA,NA,NA,NA,NA,NA,NA,NA,NA,NA,NA,NA,NA,NA,NA,NA,NA,NA,NA,NA,NA,NA,NA,NA
WR,00-0038393,Dontayvion Wicks,GB,DET,2025_13_GB_DET,2025,13,NA,Full Participation in Practice,2.5,25.5,0.221733976120027,5.30328334348527,3.43585988282374,6.42751145529486,2.5137147824256,8.39597601067562,1.77290791609485,9.64408119786397,1.1759181022421,-1.29331105356038,3.88926418027712,-3.74028715534346,6.07973756021043,-5.33541922004716,7.38665893108985,0.1585,0.0455,NA,0.15254812870719,0.0519969856819894,strat_platt,iso,4.61520336084834,1.39718622542239,NA,NA,NA,NA,NA,NA,NA,NA,NA,NA,NA,NA,NA,NA,NA,NA,NA,NA,NA,NA,NA,NA,NA,NA,NA,NA,NA,NA
WR,00-0038543,Jaxon Smith-Njigba,SEA,MIN,2025_13_MIN_SEA,2025,13,NA,Full Participation in Practice,7.5,25,0.300396342215196,8.5960988972974,6.72867543663587,9.720327009107,5.80653033623774,11.6887915644878,5.06572346990698,12.9368967516761,2.58223666606822,-0.483600052772986,5.9511730879533,-3.52180700304502,8.67090191671046,-5.50234997690288,10.2935976142988,0.504,0.2675,NA,0.510220797860299,0.291139240506329,strat_platt,iso,7.90801891466048,2.85696691342541,NA,NA,NA,NA,NA,NA,NA,NA,NA,NA,NA,NA,NA,NA,NA,NA,NA,NA,NA,NA,NA,NA,NA,NA,NA,NA,NA,NA
WR,00-0038544,Quentin Johnston,LAC,LV,2025_13_LV_LAC,2025,13,NA,NA,10.5,26,0.311825334073537,6.64732835005137,4.77990488938983,7.77155646186096,3.8577597889917,9.74002101724171,3.11695292266094,10.9881262044301,2.07280538345126,-0.659435769703744,5.07516577585869,-3.36705356628111,7.49895924981807,-5.13209244963422,8.94508843757021,0.322,0.125,NA,0.320518110598208,0.144391408114558,strat_platt,iso,5.95924836741444,2.31764206481552,NA,NA,NA,NA,NA,NA,NA,NA,NA,NA,NA,NA,NA,NA,NA,NA,NA,NA,NA,NA,NA,NA,NA,NA,NA,NA,NA,NA
WR,00-0038559,Michael Wilson,ARI,TB,2025_13_ARI_TB,2025,13,NA,NA,-5.5,21.5,0.229114050227484,7.45964552098711,5.59222206032557,8.5838736327967,4.67007695992744,10.5523381881775,3.92927009359668,11.8004433753658,1.70910959857467,-1.16798965692418,4.87064928908111,-4.01916007345667,7.42294757042388,-5.87777787934024,8.94574771002078,0.3485,0.1435,NA,0.348082209961275,0.177897574123989,strat_platt,iso,6.77156553835018,1.96692704373631,NA,NA,NA,NA,NA,NA,NA,NA,NA,NA,NA,NA,NA,NA,NA,NA,NA,NA,NA,NA,NA,NA,NA,NA,NA,NA,NA,NA
WR,00-0038563,Tre Tucker,LV,LAC,2025_13_LV_LAC,2025,13,NA,Full Participation in Practice,-10.5,15.5,-0.0499503909344298,6.97063839278231,5.10321493212077,8.0948665045919,4.18106983172264,10.0633310599727,3.44026296539188,11.311436247161,-0.348186112782022,-3.13919267651981,2.71874945117407,-5.90504628121147,5.19467420150364,-7.70804785850726,6.67190693052842,0.1765,0.066,NA,0.170769500475677,0.0681265206812652,strat_platt,iso,6.28255841014538,-0.0980834511109073,NA,NA,NA,NA,NA,NA,NA,NA,NA,NA,NA,NA,NA,NA,NA,NA,NA,NA,NA,NA,NA,NA,NA,NA,NA,NA,NA,NA
WR,00-0038606,Parker Washington,JAX,TEN,2025_13_JAX_TEN,2025,13,NA,NA,7.5,25,0.323957157777664,6.93940561145634,5.0719821507948,8.06363372326593,4.14983705039667,10.0320982786467,3.40903018406591,11.280203465835,2.24807011855376,-0.537326069143873,5.30884064440918,-3.29761985932419,7.77978838426627,-5.09699711090859,9.25405163582141,0.335,0.1445,NA,0.334033674286154,0.177897574123989,strat_platt,iso,6.25132562881941,2.49767003329521,NA,NA,NA,NA,NA,NA,NA,NA,NA,NA,NA,NA,NA,NA,NA,NA,NA,NA,NA,NA,NA,NA,NA,NA,NA,NA,NA,NA
WR,00-0038608,Kayshon Boutte,NE,NYG,2025_13_NYG_NE,2025,13,NA,NA,7.5,26.5,0.280511545267925,5.37349927567976,3.50607581501822,6.49772738748935,2.58393071462009,8.4661919428701,1.84312384828933,9.71429713005845,1.50732858531701,-0.976496388581578,4.23671347679861,-3.43793676881495,6.44013492634413,-5.04249779129722,7.75478161771495,0.1835,0.0615,NA,0.177880000726739,0.0679012345679012,strat_platt,iso,4.68541929304283,1.72990464270373,NA,NA,NA,NA,NA,NA,NA,NA,NA,NA,NA,NA,NA,NA,NA,NA,NA,NA,NA,NA,NA,NA,NA,NA,NA,NA,NA,NA
WR,00-0038618,Xavier Hutchinson,HOU,IND,2025_13_HOU_IND,2025,13,NA,NA,-3.5,21,0.168426437819164,5.07111496927325,3.20369150861171,6.19534308108284,2.28154640821358,8.16380763646359,1.54073954188282,9.41191282365194,0.854109830046134,-1.56608380535552,3.51357255883779,-3.96446630201394,5.66054612756208,-5.5279212213555,6.94151382403529,0.1415,0.0385,NA,0.135430993848345,0.043859649122807,strat_platt,iso,4.38303498663632,1.0709838703432,NA,NA,NA,NA,NA,NA,NA,NA,NA,NA,NA,NA,NA,NA,NA,NA,NA,NA,NA,NA,NA,NA,NA,NA,NA,NA,NA,NA
WR,00-0038621,DeMario Douglas,NE,NYG,2025_13_NYG_NE,2025,13,NA,NA,7.5,26.5,0.253701572954013,4.73230645605455,2.86488299539302,5.85653456786414,1.94273789499488,7.8249991232449,1.20193102866413,9.07310431043325,1.20059359160147,-1.14576302174903,3.77891950337253,-3.47097392639,5.86039164592237,-4.98672982955914,7.10227865121956,0.1285,0.04,NA,0.110317423699992,0.043859649122807,strat_platt,iso,4.04422647341762,1.41085108144509,NA,NA,NA,NA,NA,NA,NA,NA,NA,NA,NA,NA,NA,NA,NA,NA,NA,NA,NA,NA,NA,NA,NA,NA,NA,NA,NA,NA
WR,00-0038839,Mitchell Tinsley,CIN,BAL,2025_13_CIN_BAL,2025,13,NA,NA,-6.5,23,0.219917867195548,4.65595147035002,2.78852800968849,5.78017958215961,1.86638290929035,7.74864413754037,1.12557604295959,8.99674932472872,1.02392691712535,-1.3053900988667,3.58352863533374,-3.61371496949087,5.64988481170006,-5.11846322355129,6.8827530453346,0.103,0.027,NA,0.0960612493794589,0.0332425068119891,strat_platt,iso,3.96787148771309,1.23265748520945,NA,NA,NA,NA,NA,NA,NA,NA,NA,NA,NA,NA,NA,NA,NA,NA,NA,NA,NA,NA,NA,NA,NA,NA,NA,NA,NA,NA
WR,00-0038953,Dylan Drummond,ATL,NYJ,2025_13_ATL_NYJ,2025,13,NA,NA,1.5,20,0.0750012587992774,4.70970822548769,2.84228476482615,5.83393633729728,1.92013966442802,7.80240089267804,1.17933279809726,9.05050607986639,0.353234045488888,-1.98809539240461,2.92603577706071,-4.30832442722848,5.00304827114538,-5.82083275463191,6.24227447721116,0.0915,0.0235,NA,0.089261850711681,0.0332425068119891,strat_platt,iso,4.02162824285076,0.563041049124839,NA,NA,NA,NA,NA,NA,NA,NA,NA,NA,NA,NA,NA,NA,NA,NA,NA,NA,NA,NA,NA,NA,NA,NA,NA,NA,NA,NA
WR,00-0038994,Jordan Addison,MIN,SEA,2025_13_MIN_SEA,2025,13,NA,NA,-7.5,17.5,0.0828674956715939,7.03378631726448,5.16636285660295,8.15801442907408,4.24421775620481,10.1264789844548,3.50341088987406,11.3745841716432,0.582872257200831,-2.21943540025697,3.662226181863,-4.99648825156043,6.1481762248632,-6.8067903813046,7.63139043230294,0.214,0.0805,NA,0.20900152445557,0.0856807511737089,strat_platt,iso,6.34570633462755,0.833987612161847,NA,NA,NA,NA,NA,NA,NA,NA,NA,NA,NA,NA,NA,NA,NA,NA,NA,NA,NA,NA,NA,NA,NA,NA,NA,NA,NA,NA
WR,00-0038997,Josh Downs,IND,HOU,2025_13_HOU_IND,2025,13,NA,NA,3.5,24.5,0.171883255157471,6.16156880942281,4.29414534876128,7.2857969212324,3.37200024836314,9.25426147661316,2.63119338203238,10.5023666638015,1.05907050384034,-1.58183095410335,3.96106102851469,-4.19893222215154,6.30382631178491,-5.90496529137458,7.70161093848212,0.206,0.076,NA,0.200817946912901,0.0856807511737089,strat_platt,iso,5.47348882678588,1.29572221667554,NA,NA,NA,NA,NA,NA,NA,NA,NA,NA,NA,NA,NA,NA,NA,NA,NA,NA,NA,NA,NA,NA,NA,NA,NA,NA,NA,NA
WR,00-0039064,Zay Flowers,BAL,CIN,2025_13_CIN_BAL,2025,13,NA,NA,6.5,29.5,0.356619765452735,8.15363224257359,6.28620878191205,9.27786035438318,5.36406368151392,11.2463249097639,4.62325681518316,12.4944300969523,2.90774641793445,-0.0863478444992536,6.19784766477535,-3.05345889186578,8.85393317367199,-4.98765594746519,10.4386567983736,0.481,0.2465,NA,0.486257935458447,0.27710843373494,strat_platt,iso,7.46555225993666,3.17604780928841,NA,NA,NA,NA,NA,NA,NA,NA,NA,NA,NA,NA,NA,NA,NA,NA,NA,NA,NA,NA,NA,NA,NA,NA,NA,NA,NA,NA
WR,00-0039067,Rashee Rice,KC,DAL,2025_13_KC_DAL,2025,13,NA,Full Participation in Practice,3.5,27.5,0.28296445571426,8.95538418200722,7.08796072134569,10.0796122938168,6.16581562094756,12.0480768491976,5.4250087546168,13.2961820363859,2.53405541077377,-0.588550217111797,5.96537312130835,-3.68301446672335,8.73546211359157,-5.70023038642025,10.3882046378413,0.5145,0.272,NA,0.521151143864086,0.291139240506329,strat_platt,iso,8.2673041993703,2.81387273153187,NA,NA,NA,NA,NA,NA,NA,NA,NA,NA,NA,NA,NA,NA,NA,NA,NA,NA,NA,NA,NA,NA,NA,NA,NA,NA,NA,NA
WR,00-0039075,Puka Nacua,LA,CAR,2025_13_LA_CAR,2025,13,NA,NA,7.5,26,0.242126943938245,8.14207494137917,6.27465148071763,9.26630305318876,5.3525063803195,11.2347676085695,4.61169951398874,12.4828727957579,1.97141572287231,-1.02077616579395,5.25942652039678,-3.98600198386346,7.91382441796481,-5.91897009828162,9.49754114829764,0.417,0.199,NA,0.419497034285908,0.224489795918367,strat_platt,iso,7.45399495874224,2.23954664212888,NA,NA,NA,NA,NA,NA,NA,NA,NA,NA,NA,NA,NA,NA,NA,NA,NA,NA,NA,NA,NA,NA,NA,NA,NA,NA,NA,NA
WR,00-0039410,Ryan Flournoy,DAL,KC,2025_13_KC_DAL,2025,13,NA,NA,-3.5,24,0.201046300771202,4.62008550086975,2.75266204020821,5.74431361267934,1.83051693981008,7.7127781680601,1.08971007347932,8.96088335524845,0.92885109919653,-1.39240872399122,3.47959906138792,-3.69274901441017,5.53880763611778,-5.19229228919053,6.76741133341291,0.106,0.028,NA,0.0977926716872774,0.0332425068119891,strat_platt,iso,3.93200551823282,1.13685966060671,NA,NA,NA,NA,NA,NA,NA,NA,NA,NA,NA,NA,NA,NA,NA,NA,NA,NA,NA,NA,NA,NA,NA,NA,NA,NA,NA,NA
WR,00-0039424,Devaughn Vele,NO,MIA,2025_13_NO_MIA,2025,13,NA,NA,-4.5,19,0.18973301359507,5.11910720246858,3.25168374180705,6.24333531427818,2.32953864140892,8.21179986965893,1.58873177507816,9.45990505684728,0.971263636440592,-1.45916628805988,3.64197465088231,-3.86769282288378,5.79802891538876,-5.43776042656318,7.08441450713925,0.1305,0.034,NA,0.124408560082911,0.0332425068119891,strat_platt,iso,4.43102721983166,1.18905495267047,NA,NA,NA,NA,NA,NA,NA,NA,NA,NA,NA,NA,NA,NA,NA,NA,NA,NA,NA,NA,NA,NA,NA,NA,NA,NA,NA,NA
WR,00-0039491,Jalen Coker,CAR,LA,2025_13_LA_CAR,2025,13,NA,NA,-7.5,18.5,0.113097082364439,5.64023730975633,3.77281384909479,6.76446542156592,2.85066874869666,8.73292997694668,2.1098618823659,9.98103516413503,0.637894383576496,-1.90043901633402,3.42717660114943,-4.41589658467793,5.67895292123446,-6.05567027177816,7.02245000370025,0.154,0.037,NA,0.148007946235941,0.043859649122807,strat_platt,iso,4.9521573271194,0.865354952023211,NA,NA,NA,NA,NA,NA,NA,NA,NA,NA,NA,NA,NA,NA,NA,NA,NA,NA,NA,NA,NA,NA,NA,NA,NA,NA,NA,NA
WR,00-0039623,Mason Tipton,NO,MIA,2025_13_NO_MIA,2025,13,NA,NA,-4.5,19,0.00307799207254118,4.51637924367087,2.64895578300933,5.64060735548046,1.7268106826112,7.60907191086121,0.986003816280439,8.85717709804956,0.0139013795086085,-2.2838649715094,2.53883321992718,-4.56092351636327,4.57720054334219,-6.04528991269106,5.79336954182347,0.0635,0.0095,NA,0.071306148699211,0.0160320641282565,strat_platt,iso,3.82829926103394,0.219804686134411,NA,NA,NA,NA,NA,NA,NA,NA,NA,NA,NA,NA,NA,NA,NA,NA,NA,NA,NA,NA,NA,NA,NA,NA,NA,NA,NA,NA
WR,00-0039849,Marvin Harrison Jr.,ARI,TB,2025_13_ARI_TB,2025,13,Questionable,Limited Participation in Practice,-5.5,21.5,0.236689576378721,7.91908333010256,6.05165986944102,9.04331144191215,5.12951476904289,11.0117759972929,4.38870790271213,12.2598811844813,1.87436447870976,-1.08082628330685,5.12171608442056,-4.00938443428763,7.74328997990554,-5.91844967059085,9.30742263759311,0.3745,0.1775,NA,0.375168635789973,0.222648752399232,strat_platt,iso,7.23100334746563,2.13917971953686,NA,NA,NA,NA,NA,NA,NA,NA,NA,NA,NA,NA,NA,NA,NA,NA,NA,NA,NA,NA,NA,NA,NA,NA,NA,NA,NA,NA
WR,00-0039868,Troy Franklin,DEN,WAS,2025_13_DEN_WAS,2025,13,NA,NA,6.5,25,0.223549729701373,7.30019879069066,5.43277533002913,8.42442690250026,4.510630229631,10.392891457881,3.76982336330024,11.6409966450694,1.63195746642519,-1.21742198905163,4.76303687725409,-4.04112242045101,7.29074469727712,-5.881833122922,8.79887321396685,0.3315,0.148,NA,0.330393563756608,0.177897574123989,strat_platt,iso,6.61211880805374,1.88729093471032,NA,NA,NA,NA,NA,NA,NA,NA,NA,NA,NA,NA,NA,NA,NA,NA,NA,NA,NA,NA,NA,NA,NA,NA,NA,NA,NA,NA
WR,00-0039880,Malik Washington,MIA,NO,2025_13_NO_MIA,2025,13,NA,NA,4.5,23.5,0.212080696290684,5.72289144362171,3.85546798296018,6.8471195554313,2.93332288256204,8.81558411081206,2.19251601623128,10.0636892980004,1.21371480215929,-1.34121921938665,4.02123883884471,-3.87312780213769,6.28774170615897,-5.52362555824644,7.64002521783658,0.196,0.0655,NA,0.190608421907548,0.0681265206812652,strat_platt,iso,5.03481146098478,1.44266295566236,NA,NA,NA,NA,NA,NA,NA,NA,NA,NA,NA,NA,NA,NA,NA,NA,NA,NA,NA,NA,NA,NA,NA,NA,NA,NA,NA,NA
WR,00-0039890,Adonai Mitchell,NYJ,ATL,2025_13_ATL_NYJ,2025,13,NA,NA,-1.5,18.5,0.0782346867432535,5.23421895446173,3.3667954938002,6.35844706627133,2.44465039340206,8.32691162165208,1.70384352707131,9.57501680884043,0.409497480247913,-2.04527080697774,3.10695303595304,-4.47791636364499,5.28459806109641,-6.06370664850774,6.58386553799029,0.1135,0.03,NA,0.107466722633746,0.0332425068119891,strat_platt,iso,4.5461389718248,0.629469762075431,NA,NA,NA,NA,NA,NA,NA,NA,NA,NA,NA,NA,NA,NA,NA,NA,NA,NA,NA,NA,NA,NA,NA,NA,NA,NA,NA,NA
WR,00-0039893,Brian Thomas Jr.,JAX,TEN,2025_13_JAX_TEN,2025,13,NA,Full Participation in Practice,7.5,25,0.344364535120789,6.87749420408258,5.01007074342105,8.00172231589217,4.08792564302291,9.97018687127293,3.34711877669215,11.2182920584613,2.36836509438481,-0.405868544639994,5.41686950164564,-3.15510038466748,7.8779148532766,-4.94726658446675,9.34626995597495,0.348,0.145,NA,0.347561679704395,0.177897574123989,strat_platt,iso,6.18941422144565,2.616964730886,NA,NA,NA,NA,NA,NA,NA,NA,NA,NA,NA,NA,NA,NA,NA,NA,NA,NA,NA,NA,NA,NA,NA,NA,NA,NA,NA,NA
WR,00-0039894,Xavier Worthy,KC,DAL,2025_13_KC_DAL,2025,13,NA,Full Participation in Practice,3.5,27.5,0.343514646755834,6.70800176551528,4.84057830485374,7.83222987732487,3.91843320445561,9.80069443270563,3.17762633812485,11.048799619894,2.30429685691849,-0.439090713461236,5.31890564165912,-3.1577544741223,7.75258719350509,-4.92999398827953,9.20461599201044,0.3275,0.146,NA,0.326234590106243,0.177897574123989,strat_platt,iso,6.01992178287835,2.55013237098068,NA,NA,NA,NA,NA,NA,NA,NA,NA,NA,NA,NA,NA,NA,NA,NA,NA,NA,NA,NA,NA,NA,NA,NA,NA,NA,NA,NA
WR,00-0039901,Keon Coleman,BUF,PIT,2025_13_BUF_PIT,2025,13,NA,NA,3.5,25.5,0.296670643867023,6.13264322910813,4.2652197684466,7.25687134091772,3.34307466804846,9.22533589629848,2.6022678017177,10.4734410834868,1.81937521538625,-0.815963849101058,4.71525342827541,-3.42755285279563,7.05308426681567,-5.1299925932513,8.44792481241603,0.2535,0.0815,NA,0.24958978347614,0.0856807511737089,strat_platt,iso,5.4445632464712,2.0555284810208,NA,NA,NA,NA,NA,NA,NA,NA,NA,NA,NA,NA,NA,NA,NA,NA,NA,NA,NA,NA,NA,NA,NA,NA,NA,NA,NA,NA
WR,00-0039915,Ladd McConkey,LAC,LV,2025_13_LV_LAC,2025,13,NA,NA,10.5,26,0.289730130206691,7.66499600930774,5.79757254864621,8.78922412111733,4.87542744824807,10.7576886764981,4.13462058191731,12.0057938636864,2.2207802918105,-0.691541629575526,5.42102488830687,-3.57761728018258,8.00456948464427,-5.45898907130439,9.54601238758256,0.3905,0.1745,NA,0.391851682789088,0.222648752399232,strat_platt,iso,6.97691602667081,2.48175404717362,NA,NA,NA,NA,NA,NA,NA,NA,NA,NA,NA,NA,NA,NA,NA,NA,NA,NA,NA,NA,NA,NA,NA,NA,NA,NA,NA,NA
WR,00-0039916,Ricky Pearsall,SF,CLE,2025_13_SF_CLE,2025,13,NA,Full Participation in Practice,5.5,23.5,0.238744057882243,6.06202853383853,4.194605073177,7.18625664564812,3.27245997277886,9.15472120102888,2.53165310644811,10.4028263882172,1.44727329116655,-1.17442543785311,4.32816263570494,-3.77249703477674,6.65389302108757,-5.46612506311302,8.04151396704619,0.228,0.0715,NA,0.223354443915904,0.0828025477707006,strat_platt,iso,5.3739485512016,1.68220424358591,NA,NA,NA,NA,NA,NA,NA,NA,NA,NA,NA,NA,NA,NA,NA,NA,NA,NA,NA,NA,NA,NA,NA,NA,NA,NA,NA,NA
WR,00-0039919,Rome Odunze,CHI,PHI,2025_13_CHI_PHI,2025,13,NA,NA,-6.5,19,0.158129019401401,7.45472123131013,5.5872977706486,8.57894934311972,4.66515267025046,10.5474138985005,3.92434580391971,11.7955190856888,1.17880775821788,-1.69744033086453,4.33941213291843,-4.54776725181672,6.89095533757149,-6.40583520073781,8.41330496913141,0.291,0.126,NA,0.288350721946888,0.174311926605505,strat_platt,iso,6.7666412486732,1.43654893018509,NA,NA,NA,NA,NA,NA,NA,NA,NA,NA,NA,NA,NA,NA,NA,NA,NA,NA,NA,NA,NA,NA,NA,NA,NA,NA,NA,NA
WR,00-0040129,Emeka Egbuka,TB,ARI,2025_13_ARI_TB,2025,13,NA,NA,5.5,27,0.261957197596022,8.29098249366297,6.42355903300144,9.41521060547257,5.5014139326033,11.3836751608533,4.76060706627255,12.6317803480417,2.17188253935763,-0.844707076040596,5.48670311109264,-3.83411074496313,8.16274443159356,-5.78283988995417,9.75937446743794,0.449,0.218,NA,0.452885760904982,0.224489795918367,strat_platt,iso,7.60290251102604,2.44219974383247,NA,NA,NA,NA,NA,NA,NA,NA,NA,NA,NA,NA,NA,NA,NA,NA,NA,NA,NA,NA,NA,NA,NA,NA,NA,NA,NA,NA
WR,00-0040130,Jayden Higgins,HOU,IND,2025_13_HOU_IND,2025,13,NA,NA,-3.5,21,0.178282472600016,6.3194653136333,4.45204185297177,7.44369342544289,3.52989675257363,9.41215798082365,2.78908988624287,10.660263168012,1.12664990162458,-1.54436404928416,4.06172994919502,-4.19130643211001,6.43120827126456,-5.91679229410598,7.84493093291249,0.203,0.073,NA,0.197752701945261,0.0828025477707006,strat_platt,iso,5.63138533099637,1.36600000103399,NA,NA,NA,NA,NA,NA,NA,NA,NA,NA,NA,NA,NA,NA,NA,NA,NA,NA,NA,NA,NA,NA,NA,NA,NA,NA,NA,NA
WR,00-0040134,Pat Bryant,DEN,WAS,2025_13_DEN_WAS,2025,13,NA,Full Participation in Practice,6.5,25,0.204769850775509,5.25979721555114,3.39237375488961,6.38402532736074,2.47022865449147,8.35248988274149,1.72942178816072,9.60059506992984,1.07704789093785,-1.38308824354616,3.78040197868958,-3.82105327164778,5.96280886503945,-5.41031120764372,7.26491745300683,0.1395,0.038,NA,0.133423643532154,0.043859649122807,strat_platt,iso,4.57171723291421,1.29750118664193,NA,NA,NA,NA,NA,NA,NA,NA,NA,NA,NA,NA,NA,NA,NA,NA,NA,NA,NA,NA,NA,NA,NA,NA,NA,NA,NA,NA
WR,00-0040170,Elic Ayomanor,TEN,JAX,2025_13_JAX_TEN,2025,13,Questionable,Limited Participation in Practice,-7.5,17.5,0.0743032209559288,6.18955575444759,4.32213229378606,7.31378386625719,3.39998719338792,9.28224842163794,2.65918032705717,10.5303536088263,0.45990392884176,-2.18636572123317,3.367793364531,-4.80878680248058,5.71532081494728,-6.5182877456261,7.1159467352534,0.1765,0.0495,NA,0.170769500475677,0.0566037735849057,strat_platt,iso,5.50147577181066,0.697036686457664,NA,NA,NA,NA,NA,NA,NA,NA,NA,NA,NA,NA,NA,NA,NA,NA,NA,NA,NA,NA,NA,NA,NA,NA,NA,NA,NA,NA
WR,00-0040259,Gage Larvadain,CLE,SF,2025_13_SF_CLE,2025,13,NA,NA,-5.5,18,0.0714723724197483,4.51152971339377,2.64410625273224,5.63575782520336,1.7219611523341,7.60422238058412,0.981154286003345,8.85232756777247,0.32244973185844,-1.97421076214511,2.8461663862397,-4.25017341612955,4.88355269485239,-5.73382542433399,6.09913638185622,0.0755,0.021,NA,0.0792893037415815,0.0188679245283019,strat_platt,iso,3.82344973075684,0.528253942413908,NA,NA,NA,NA,NA,NA,NA,NA,NA,NA,NA,NA,NA,NA,NA,NA,NA,NA,NA,NA,NA,NA,NA,NA,NA,NA,NA,NA
WR,00-0040705,Chimere Dike,TEN,JAX,2025_13_JAX_TEN,2025,13,NA,NA,-7.5,17.5,0.0727771917252154,5.53978239602323,3.6723589353617,6.66401050783282,2.75021383496356,8.63247506321358,2.0094069686328,9.88058025040193,0.403169805551356,-2.11480598957013,3.17008179191967,-4.61008941883455,5.40379871429154,-6.2367120105481,6.73652085968995,0.1225,0.0355,NA,0.116421152008687,0.043859649122807,strat_platt,iso,4.8517024133863,0.628806124922796,NA,NA,NA,NA,NA,NA,NA,NA,NA,NA,NA,NA,NA,NA,NA,NA,NA,NA,NA,NA,NA,NA,NA,NA,NA,NA,NA,NA
WR,00-0040727,Tre Harris,LAC,LV,2025_13_LV_LAC,2025,13,NA,Full Participation in Practice,10.5,26,0.157781552485836,4.69488504568452,2.82746158502298,5.81911315749411,1.90531648462485,7.78757771287486,1.16450961829409,9.03568290006321,0.74076625125064,-1.5972584058741,3.30993647947794,-3.91421244309648,5.38401727551285,-5.42458586869922,6.62149431682306,0.111,0.0255,NA,0.100643366456382,0.0332425068119891,strat_platt,iso,4.00680506304759,0.950277112814679,NA,NA,NA,NA,NA,NA,NA,NA,NA,NA,NA,NA,NA,NA,NA,NA,NA,NA,NA,NA,NA,NA,NA,NA,NA,NA,NA,NA
WR,00-0040729,Jack Bech,LV,LAC,2025_13_LV_LAC,2025,13,NA,NA,-10.5,15.5,-0.0932117550410829,4.5212657055865,2.65384224492497,5.6454938173961,1.73169714452683,7.61395837277685,0.990890278196077,8.8620635599652,-0.421435111424778,-2.72031507844692,2.10472044110255,-4.99847720323475,4.1440756623831,-6.48356300002474,5.36083407904428,0.055,0.016,NA,0.0653119805240187,0.0160320641282565,strat_platt,iso,3.83318572294957,-0.21543201344401,NA,NA,NA,NA,NA,NA,NA,NA,NA,NA,NA,NA,NA,NA,NA,NA,NA,NA,NA,NA,NA,NA,NA,NA,NA,NA,NA,NA
WR,00-0040735,Luther Burden III,CHI,PHI,2025_13_CHI_PHI,2025,13,NA,NA,-6.5,19,0.136398907253624,4.91632674996032,3.04890328929879,6.04055486176991,2.12675818890065,8.00901941715067,1.38595132256989,9.25712460433902,0.67058159639635,-1.71622784176636,3.29335964550416,-4.08152700445031,5.41071781980849,-5.62341559676827,6.67401582340662,0.106,0.024,NA,0.0977926716872774,0.0332425068119891,strat_platt,iso,4.22824676732339,0.88446407203868,NA,NA,NA,NA,NA,NA,NA,NA,NA,NA,NA,NA,NA,NA,NA,NA,NA,NA,NA,NA,NA,NA,NA,NA,NA,NA,NA,NA
TE,00-0030061,Zach Ertz,WAS,DEN,2025_13_DEN_WAS,2025,13,NA,Did Not Participate In Practice,-6.5,18.5,0.0629629582959095,6.52536885938223,5.01336374637496,7.48893600945666,4.13946516738868,9.47988446255647,3.57477306395179,10.9761737303962,0.41085652735871,-1.58054677042774,3.11473445205242,-3.84196724582851,5.35409434617268,-5.48842514694924,6.95608814758968,0.3355,0.122,NA,0.323065840985349,0.132672353205018,platt_vol_vegas,platt,5.93239603855528,0.778838996346432,NA,NA,NA,NA,NA,NA,NA,NA,NA,NA,NA,NA,NA,NA,NA,NA,NA,NA,NA,NA,NA,NA,NA,NA,NA,NA,NA,NA
TE,00-0030506,Travis Kelce,KC,DAL,2025_13_KC_DAL,2025,13,NA,NA,3.5,27.5,0.295056927325056,7.5866851888258,6.07468007581853,8.55025233890022,5.20078149683225,10.541200792,4.63608939339536,12.0374900598398,2.23850402039745,0.0692434132557977,5.18387218117016,-2.39415029454979,7.62323502089612,-4.18765755156215,9.36830697601531,0.583,0.3175,NA,0.601115278956946,0.343213062643824,platt_vol_vegas,platt,6.99371236799885,2.63935194255419,NA,NA,NA,NA,NA,NA,NA,NA,NA,NA,NA,NA,NA,NA,NA,NA,NA,NA,NA,NA,NA,NA,NA,NA,NA,NA,NA,NA
TE,00-0031610,Darren Waller,MIA,NO,2025_13_NO_MIA,2025,13,Questionable,Limited Participation in Practice,4.5,23.5,0.114065384305228,4.95292143943277,3.4409163264255,5.91648858950719,2.56701774743922,7.907437042607,2.00232564400233,9.40372631044678,0.5649568874225,-1.13792282627776,2.87708465752356,-3.07169839850207,4.79199588600757,-4.4796099764313,6.1618855256094,0.2225,0.061,NA,0.209119050630966,0.0659550405432633,platt_vol_vegas,platt,4.35994861860582,0.879624379503617,NA,NA,NA,NA,NA,NA,NA,NA,NA,NA,NA,NA,NA,NA,NA,NA,NA,NA,NA,NA,NA,NA,NA,NA,NA,NA,NA,NA
TE,00-0033090,Hunter Henry,NE,NYG,2025_13_NYG_NE,2025,13,NA,Full Participation in Practice,7.5,26.5,0.321207847762642,6.62442379694549,5.11241868393822,7.58799094701991,4.23852010495194,9.57893940011972,3.67382800151505,11.0752286679595,2.12781691048449,0.119309067058929,4.85491896231353,-2.16153518341227,7.11351314893193,-3.82213482786742,8.72926678298573,0.4855,0.2335,NA,0.4364308981391,0.253610406249533,platt_vol_vegas,platt,6.03145097611854,2.49896005161843,NA,NA,NA,NA,NA,NA,NA,NA,NA,NA,NA,NA,NA,NA,NA,NA,NA,NA,NA,NA,NA,NA,NA,NA,NA,NA,NA,NA
TE,00-0033288,George Kittle,SF,CLE,2025_13_SF_CLE,2025,13,NA,NA,5.5,23.5,0.301512946114893,7.52453015476322,6.01252504175595,8.48809730483765,5.13862646276967,10.4790457579375,4.57393435933278,11.9753350257772,2.26874325509301,0.109589265574342,5.20038890153903,-2.34232745409175,7.62838671329939,-4.12747873396102,9.36532835207166,0.57,0.31,NA,0.516970620761735,0.335274463169894,platt_vol_vegas,platt,6.93155733393627,2.66772362078334,NA,NA,NA,NA,NA,NA,NA,NA,NA,NA,NA,NA,NA,NA,NA,NA,NA,NA,NA,NA,NA,NA,NA,NA,NA,NA,NA,NA
TE,00-0033881,Evan Engram,DEN,WAS,2025_13_DEN_WAS,2025,13,NA,NA,6.5,25,0.312592350884541,6.46840657637385,4.95640146336659,7.43197372644828,4.08250288438031,9.42292217954809,3.51781078094341,10.9192114473879,2.02197441818573,0.0404580651095008,4.71242809497629,-2.20973488082413,6.94066998628714,-3.84801842657738,8.53471018827085,0.477,0.214,NA,0.39648566648132,0.232606230460157,platt_vol_vegas,platt,5.87543375554691,2.3881299230777,NA,NA,NA,NA,NA,NA,NA,NA,NA,NA,NA,NA,NA,NA,NA,NA,NA,NA,NA,NA,NA,NA,NA,NA,NA,NA,NA,NA
TE,00-0034073,Ross Dwelley,DET,GB,2025_13_GB_DET,2025,13,NA,NA,-2.5,23,0.137221909739615,3.98571150015783,2.47370638715056,4.94927865023226,1.59980780816428,6.94022710333207,1.03511570472739,8.43651637117185,0.546926943722804,-0.958365341738829,2.59077541248632,-2.66776232806983,4.28349691030564,-3.91231202809757,5.49443640875422,0.133,0.0285,NA,0.139929125419404,0.0305067034292569,platt_vol_vegas,platt,3.39273867933088,0.825083142604293,NA,NA,NA,NA,NA,NA,NA,NA,NA,NA,NA,NA,NA,NA,NA,NA,NA,NA,NA,NA,NA,NA,NA,NA,NA,NA,NA,NA
TE,00-0034351,Dallas Goedert,PHI,CHI,2025_13_CHI_PHI,2025,13,NA,NA,6.5,25.5,0.311945804862446,5.96404317145985,4.45203805845259,6.92761032153428,3.5781394794663,8.91855877463409,3.01344737602941,10.4148480424739,1.86045824735542,-0.0318133556444162,4.42973761962686,-2.18066073015658,6.55762258459136,-3.74515825573996,8.07986942528542,0.39,0.157,NA,0.339107647002713,0.17083274456983,platt_vol_vegas,platt,5.37107035063291,2.2101226158142,NA,NA,NA,NA,NA,NA,NA,NA,NA,NA,NA,NA,NA,NA,NA,NA,NA,NA,NA,NA,NA,NA,NA,NA,NA,NA,NA,NA
TE,00-0034383,Dalton Schultz,HOU,IND,2025_13_HOU_IND,2025,13,NA,NA,-3.5,21,0.117724871673479,6.29551151375489,4.78350640074762,7.25907866382931,3.90960782176134,9.25002711692913,3.34491571832445,10.7463163847689,0.741138285075706,-1.21013570038626,3.39052962644001,-3.42598567349089,5.58476356706911,-5.03926535128709,7.15447515339166,0.3565,0.125,NA,0.335592265130735,0.135948544923948,platt_vol_vegas,platt,5.70253869292794,1.10170543872055,NA,NA,NA,NA,NA,NA,NA,NA,NA,NA,NA,NA,NA,NA,NA,NA,NA,NA,NA,NA,NA,NA,NA,NA,NA,NA,NA,NA
TE,00-0034753,Mark Andrews,BAL,CIN,2025_13_CIN_BAL,2025,13,NA,NA,6.5,29.5,0.356663620932193,5.51383430646563,4.00182919345836,6.47740145654006,3.12793061447208,8.46834990963987,2.56323851103519,9.96463917747965,1.96658410896418,0.156773387224973,4.4239001452608,-1.89843211900784,6.45905673595067,-3.39475241015765,7.9149675307088,0.382,0.14,NA,0.34632301260844,0.152315604155789,platt_vol_vegas,platt,4.92086148563868,2.3010109016316,NA,NA,NA,NA,NA,NA,NA,NA,NA,NA,NA,NA,NA,NA,NA,NA,NA,NA,NA,NA,NA,NA,NA,NA,NA,NA,NA,NA
TE,00-0034829,Mike Gesicki,CIN,BAL,2025_13_CIN_BAL,2025,13,NA,NA,-6.5,23,0.224652962823456,5.41984610988076,3.90784099687349,6.38341325995518,3.03394241788721,8.37436171305499,2.46925031445032,9.87065098089477,1.21758448663189,-0.574648553896402,3.65103398406806,-2.6098929963685,5.66642423492154,-4.09168036385325,7.1081945808944,0.319,0.114,NA,0.265421187298698,0.123931892708829,platt_vol_vegas,platt,4.82687328905381,1.54876317855636,NA,NA,NA,NA,NA,NA,NA,NA,NA,NA,NA,NA,NA,NA,NA,NA,NA,NA,NA,NA,NA,NA,NA,NA,NA,NA,NA,NA
TE,00-0035229,T.J. Hockenson,MIN,SEA,2025_13_MIN_SEA,2025,13,NA,NA,-7.5,17.5,0.0241942162128648,5.80932658196764,4.29732146896038,6.77289373204207,3.4234228899741,8.76384218514188,2.8587307865372,10.2601314529817,0.140552103375268,-1.72369505503069,2.67178058099699,-3.84071811104004,4.76815167966013,-5.38204550916736,6.26785412335663,0.2685,0.088,NA,0.231909717993176,0.0954958806590826,platt_vol_vegas,platt,5.2163537611407,0.4850379606178,NA,NA,NA,NA,NA,NA,NA,NA,NA,NA,NA,NA,NA,NA,NA,NA,NA,NA,NA,NA,NA,NA,NA,NA,NA,NA,NA,NA
TE,00-0035689,Dawson Knox,BUF,PIT,2025_13_BUF_PIT,2025,13,NA,NA,3.5,25.5,0.211245345565168,4.47498128949828,2.96297617649101,5.4385484395727,2.08907759750473,7.42949689267251,1.52438549406784,8.9257861605123,0.945318968897725,-0.662238436871411,3.12802047741113,-2.48776681519105,4.93574048368856,-3.81686755293501,6.22894764184017,0.2155,0.0555,NA,0.193410412937294,0.0599423275880518,platt_vol_vegas,platt,3.88200846867133,1.2423722799332,NA,NA,NA,NA,NA,NA,NA,NA,NA,NA,NA,NA,NA,NA,NA,NA,NA,NA,NA,NA,NA,NA,NA,NA,NA,NA,NA,NA
TE,00-0036040,Juwan Johnson,NO,MIA,2025_13_NO_MIA,2025,13,NA,NA,-4.5,19,0.0952986423099783,5.91280370710283,4.40079859409556,6.87637085717726,3.52690001510928,8.86731931027706,2.96220791167239,10.3636085781168,0.563482165532306,-1.31954341803248,3.12020752231652,-3.45789109231334,5.23769521359661,-5.01474416849278,6.7525040502263,0.284,0.089,NA,0.262142126514101,0.096590110077557,platt_vol_vegas,platt,5.31983088627588,0.911438003597571,NA,NA,NA,NA,NA,NA,NA,NA,NA,NA,NA,NA,NA,NA,NA,NA,NA,NA,NA,NA,NA,NA,NA,NA,NA,NA,NA,NA
TE,00-0036244,Colby Parkinson,LA,CAR,2025_13_LA_CAR,2025,13,NA,NA,7.5,26,0.236219422896144,4.62556578760363,3.11356067459637,5.58913293767806,2.23966209561009,7.58008139077787,1.67496999217319,9.07637065861765,1.09264848091588,-0.545397241897146,3.3167462688809,-2.40554789110495,5.15875079929425,-3.75985584355253,6.47648442828892,0.222,0.06,NA,0.199215291184303,0.0648615942381203,platt_vol_vegas,platt,4.03259296677669,1.39533559108865,NA,NA,NA,NA,NA,NA,NA,NA,NA,NA,NA,NA,NA,NA,NA,NA,NA,NA,NA,NA,NA,NA,NA,NA,NA,NA,NA,NA
TE,00-0036290,Cole Kmet,CHI,PHI,2025_13_CHI_PHI,2025,13,NA,NA,-6.5,19,0.118111597977843,4.22487227310343,2.71286716009617,5.18843942317786,1.83896858110989,7.17938787627767,1.27427647767299,8.67567714411745,0.499006415428527,-1.05691390645561,2.61159637427874,-2.82380365596644,4.36124978257979,-4.11021174333276,5.61291724437809,0.153,0.0355,NA,0.123779232874857,0.0381190179467453,platt_vol_vegas,platt,3.63189945227649,0.786517941713291,NA,NA,NA,NA,NA,NA,NA,NA,NA,NA,NA,NA,NA,NA,NA,NA,NA,NA,NA,NA,NA,NA,NA,NA,NA,NA,NA,NA
TE,00-0036422,Adam Trautman,DEN,WAS,2025_13_DEN_WAS,2025,13,NA,NA,6.5,25,0.284716496399462,4.04361627642183,2.53161116341456,5.00718342649626,1.65771258442828,6.99813187959607,1.09302048099139,8.49442114743585,1.15128425900666,-0.36638376587366,3.2119361992986,-2.08983453555972,4.918574383178,-3.34461628349597,6.13946960373406,0.1725,0.0495,NA,0.147019635585844,0.0533872491035646,platt_vol_vegas,platt,3.45064345559488,1.43172731517713,NA,NA,NA,NA,NA,NA,NA,NA,NA,NA,NA,NA,NA,NA,NA,NA,NA,NA,NA,NA,NA,NA,NA,NA,NA,NA,NA,NA
TE,00-0036970,Kyle Pitts,ATL,NYJ,2025_13_ATL_NYJ,2025,13,NA,NA,1.5,20,0.166665091875119,6.11333912791132,4.60133401490405,7.07690627798575,3.72743543591777,9.06785473108556,3.16274333248088,10.5641439989253,1.0188802274171,-0.900137480865346,3.62447479697959,-3.07935750274158,5.78243611843118,-4.66596824688581,7.32619899001783,0.332,0.1295,NA,0.294291351345487,0.140861180207345,platt_vol_vegas,platt,5.52036630708437,1.37348688851376,NA,NA,NA,NA,NA,NA,NA,NA,NA,NA,NA,NA,NA,NA,NA,NA,NA,NA,NA,NA,NA,NA,NA,NA,NA,NA,NA,NA
TE,00-0037744,Trey McBride,ARI,TB,2025_13_ARI_TB,2025,13,NA,NA,-5.5,21.5,0.191543580107643,8.51180575044603,6.99980063743876,9.47537290052046,6.12590205845248,11.4663213536203,5.56120995501559,12.96261062146,1.63038174662126,-0.685296183605002,4.77455171118795,-3.31496014552986,7.37856280748985,-5.22952272002691,9.24142087065775,0.602,0.33,NA,0.634987049283814,0.356415820439649,platt_vol_vegas,platt,7.91883292961908,2.05828546812871,NA,NA,NA,NA,NA,NA,NA,NA,NA,NA,NA,NA,NA,NA,NA,NA,NA,NA,NA,NA,NA,NA,NA,NA,NA,NA,NA,NA
TE,00-0037809,Chig Okonkwo,TEN,JAX,2025_13_JAX_TEN,2025,13,Questionable,Limited Participation in Practice,-7.5,17.5,0.0359813935212569,4.7869900280337,3.27498491502643,5.75055717810813,2.40108633604015,7.74150563120794,1.83639423260326,9.23779489904772,0.172242571981013,-1.49801336089529,2.44007458296186,-3.39474164791007,4.31829992945855,-4.77568044651241,5.66194521427958,0.187,0.0595,NA,0.147541725533845,0.0643149057308881,platt_vol_vegas,platt,4.19401720720675,0.480881662166512,NA,NA,NA,NA,NA,NA,NA,NA,NA,NA,NA,NA,NA,NA,NA,NA,NA,NA,NA,NA,NA,NA,NA,NA,NA,NA,NA,NA
TE,00-0037838,Isaiah Likely,BAL,CIN,2025_13_CIN_BAL,2025,13,NA,NA,6.5,29.5,0.306545511805502,5.12479874422546,3.61279363121819,6.08836589429989,2.73889505223191,8.0793143473997,2.17420294879502,9.57560361523948,1.57098405394879,-0.165194005689009,3.92832349092285,-2.13678289347016,5.88067915897164,-3.57222496952805,7.27735581045031,0.3035,0.1005,NA,0.298276785173788,0.109171430674746,platt_vol_vegas,platt,4.53182592339851,1.89180459778237,NA,NA,NA,NA,NA,NA,NA,NA,NA,NA,NA,NA,NA,NA,NA,NA,NA,NA,NA,NA,NA,NA,NA,NA,NA,NA,NA,NA
TE,00-0038041,Jake Ferguson,DAL,KC,2025_13_KC_DAL,2025,13,NA,NA,-3.5,24,0.13700759185588,6.18498411942328,4.67297900641602,7.14855126949771,3.79908042742974,9.13949972259752,3.23438832399284,10.6357889904373,0.847389779869044,-1.084362644408,3.47027523043657,-3.27804410035467,5.64255691195435,-4.87518368804915,7.19656428605279,0.36,0.145,NA,0.368538688541408,0.157765617632855,platt_vol_vegas,platt,5.59201129859634,1.20434963192344,NA,NA,NA,NA,NA,NA,NA,NA,NA,NA,NA,NA,NA,NA,NA,NA,NA,NA,NA,NA,NA,NA,NA,NA,NA,NA,NA,NA
TE,00-0038558,Darnell Washington,PIT,BUF,2025_13_BUF_PIT,2025,13,NA,NA,-3.5,22,0.231063256557079,4.83223044656104,3.32022533355377,5.79579759663546,2.44632675456749,7.78674604973527,1.8816346511306,9.28303531757505,1.11655090341666,-0.562647579615578,3.39652488683674,-2.46953094975563,5.28480625171637,-3.85786329459583,6.6356454133049,0.247,0.0775,NA,0.197002901388746,0.0840058347246179,platt_vol_vegas,platt,4.23925762573409,1.42684244727093,NA,NA,NA,NA,NA,NA,NA,NA,NA,NA,NA,NA,NA,NA,NA,NA,NA,NA,NA,NA,NA,NA,NA,NA,NA,NA,NA,NA
TE,00-0038935,Brenton Strange,JAX,TEN,2025_13_JAX_TEN,2025,13,NA,NA,7.5,25,0.290393590283445,5.25606494633097,3.74405983332371,6.2196320964054,2.87016125433743,8.21058054950521,2.30546915090053,9.70686981734499,1.52632757052801,-0.234957014506992,3.91775602395732,-2.23505665682115,5.89834431877625,-3.69125637506828,7.31521803335416,0.3325,0.1105,NA,0.249399812129173,0.120106299706185,platt_vol_vegas,platt,4.66309212550403,1.85178743639829,NA,NA,NA,NA,NA,NA,NA,NA,NA,NA,NA,NA,NA,NA,NA,NA,NA,NA,NA,NA,NA,NA,NA,NA,NA,NA,NA,NA
TE,00-0039338,Brock Bowers,LV,LAC,2025_13_LV_LAC,2025,13,NA,NA,-10.5,15.5,0.0821167231005621,8.46365297714542,6.95164786413815,9.42722012721984,6.07774928515187,11.4181685803197,5.51305718171498,12.9144578481594,0.695007447943498,-1.61322473372863,3.82906776010039,-4.23443336756715,6.42470601162878,-6.14283992557555,8.281574307157,0.56,0.291,NA,0.527529152333153,0.315107501617937,platt_vol_vegas,platt,7.87068015631847,1.12153530302577,NA,NA,NA,NA,NA,NA,NA,NA,NA,NA,NA,NA,NA,NA,NA,NA,NA,NA,NA,NA,NA,NA,NA,NA,NA,NA,NA,NA
TE,00-0039793,AJ Barner,SEA,MIN,2025_13_MIN_SEA,2025,13,NA,NA,7.5,25,0.281257447616638,5.55358558763051,4.04158047462324,6.51715273770494,3.16768189563696,8.50810119080474,2.60298979220007,10.0043904586445,1.56198730749751,-0.255218683195866,4.02934445625718,-2.318822193315,6.07281712672888,-3.82125676529083,7.53467708057375,0.3535,0.118,NA,0.280496325299749,0.128302810272154,platt_vol_vegas,platt,4.96061276680356,1.89778063869161,NA,NA,NA,NA,NA,NA,NA,NA,NA,NA,NA,NA,NA,NA,NA,NA,NA,NA,NA,NA,NA,NA,NA,NA,NA,NA,NA,NA
TE,00-0039847,Theo Johnson,NYG,NE,2025_13_NYG_NE,2025,13,NA,NA,-7.5,19,0.192741932442803,5.96382882184004,4.45182370883277,6.92739597191447,3.57792512984649,8.91834442501428,3.0132330264096,10.4146336928541,1.14947989187954,-0.742753104019204,3.71870684438823,-2.89155663663906,5.84654839514631,-4.4560222425371,7.3687641781753,0.353,0.121,NA,0.26961141736028,0.131580102190266,platt_vol_vegas,platt,5.37085600101309,1.49913712630555,NA,NA,NA,NA,NA,NA,NA,NA,NA,NA,NA,NA,NA,NA,NA,NA,NA,NA,NA,NA,NA,NA,NA,NA,NA,NA,NA,NA
TE,00-0040126,Colston Loveland,CHI,PHI,2025_13_CHI_PHI,2025,13,NA,NA,-6.5,19,0.0950515534069436,6.2794185036292,4.76741339062193,7.24298565370363,3.89351481163565,9.23393410680344,3.32882270819876,10.7302233746432,0.596868483262261,-1.35157239420355,3.24241310097315,-3.564205114209,5.43346117341104,-5.17514242717624,7.00089365260665,0.3185,0.118,NA,0.30189834708919,0.128302810272154,platt_vol_vegas,platt,5.68644568280225,0.956912119608273,NA,NA,NA,NA,NA,NA,NA,NA,NA,NA,NA,NA,NA,NA,NA,NA,NA,NA,NA,NA,NA,NA,NA,NA,NA,NA,NA,NA
TE,00-0040128,Tyler Warren,IND,HOU,2025_13_HOU_IND,2025,13,Questionable,NA,3.5,24.5,0.276186250793825,6.78791177974601,5.27590666673875,7.75147892982044,4.40200808775247,9.74242738292025,3.83731598431557,11.23871665076,1.87472790516729,-0.161770629353983,4.6398350219848,-2.47440086814549,6.92990511864017,-4.15814273324654,8.56817599653029,0.492,0.227,NA,0.443700889718645,0.246616938534632,platt_vol_vegas,platt,6.19493895891907,2.25104332036019,NA,NA,NA,NA,NA,NA,NA,NA,NA,NA,NA,NA,NA,NA,NA,NA,NA,NA,NA,NA,NA,NA,NA,NA,NA,NA,NA,NA
TE,00-0040187,Mitchell Evans,CAR,LA,2025_13_LA_CAR,2025,13,NA,NA,-7.5,18.5,0.256284180109693,4.08722229893713,2.57521718592987,5.05078944901156,1.70131860694359,7.04173790211137,1.13662650350669,8.53802716995115,1.04749041580916,-0.479446832714211,3.12072787768547,-2.21342365313081,4.83778942869444,-3.47586903530997,6.06614132004974,0.1545,0.0445,NA,0.112715105863863,0.0479291914341159,platt_vol_vegas,platt,3.49424947811019,1.32964629017449,NA,NA,NA,NA,NA,NA,NA,NA,NA,NA,NA,NA,NA,NA,NA,NA,NA,NA,NA,NA,NA,NA,NA,NA,NA,NA,NA,NA
TE,00-0040584,Gunnar Helm,TEN,JAX,2025_13_JAX_TEN,2025,13,NA,NA,-7.5,17.5,0.0743143820528202,4.9679921382124,3.45598702520513,5.93155928828682,2.58208844621885,7.92250774138663,2.01739634278196,9.41879700922642,0.369193265794523,-1.33662591767016,2.68531217491557,-3.27373952650388,4.6035288768352,-4.68408140733766,5.9757831867915,0.1985,0.0585,NA,0.160308798790252,0.0632216016469017,platt_vol_vegas,platt,4.37501931738545,0.684403929287794,NA,NA,NA,NA,NA,NA,NA,NA,NA,NA,NA,NA,NA,NA,NA,NA,NA,NA,NA,NA,NA,NA,NA,NA,NA,NA,NA,NA
TE,00-0040663,Harold Fannin Jr.,CLE,SF,2025_13_SF_CLE,2025,13,NA,NA,-5.5,18,0.12505512091705,6.44596009995545,4.93395498694818,7.40952725002988,4.0600564079619,9.40047570312969,3.49536430452501,10.8967649709695,0.806100319726407,-1.17150966558062,3.49125002740703,-3.41726657383794,5.7150991554219,-5.05232040209226,7.30599686137817,0.359,0.1485,NA,0.308280961802506,0.16157879297762,platt_vol_vegas,platt,5.8529872791285,1.17153398446773,NA,NA,NA,NA,NA,NA,NA,NA,NA,NA,NA,NA,NA,NA,NA,NA,NA,NA,NA,NA,NA,NA,NA,NA,NA,NA,NA,NA
TE,00-0040736,Mason Taylor,NYJ,ATL,2025_13_ATL_NYJ,2025,13,NA,NA,-1.5,18.5,0.23351299088143,5.53019887918737,4.01819376618011,6.4937660292618,3.14429518719383,8.48471448236161,2.57960308375693,9.98100375020139,1.29137328044818,-0.521484664063851,3.75282676012265,-2.58015057029662,5.79140999396084,-4.07899025267992,7.24977214149067,0.305,0.0955,NA,0.22117829875084,0.103701920104609,platt_vol_vegas,platt,4.93722605836043,1.62636315572209,NA,NA,NA,NA,NA,NA,NA,NA,NA,NA,NA,NA,NA,NA,NA,NA,NA,NA,NA,NA,NA,NA,NA,NA,NA,NA,NA,NA
QB,00-0023459,Aaron Rodgers,PIT,BUF,2025_13_BUF_PIT,2025,13,NA,Full Participation in Practice,NA,NA,NA,NA,NA,NA,NA,NA,NA,NA,-0.263599841596235,-7.19426731472355,6.66706763153108,-13.6780289341949,13.1508292510024,-16.8267051300127,16.2995054468203,0.2235,0.1,NA,0.214934545815674,0.093220458274671,platt_vol_vegas,platt,NA,NA,-0.0105003598855761,-0.219070322490594,0.198069602719442,-0.412988426100591,0.391987706329439,-0.517933887088521,0.496933167317369,36.694563330567,31.0270709764589,42.3620556846751,25.5992181398057,47.7899085213283,22.9311379292232,50.4579887319108,0.121706279218784,-1.06928085225279,1.31269341069036,-2.9088523508848,3.15226490932237,-4.26894208507064,4.51235464350821,1.23973778502572,-0.0340259637039098,2.51350153375536,-1.21458377378002,3.69405934383147,-2.30386489815239,4.78334046820384
QB,00-0026498,Matthew Stafford,LA,CAR,2025_13_LA_CAR,2025,13,NA,NA,NA,NA,NA,NA,NA,NA,NA,NA,NA,NA,2.03254490137899,-4.89812257174833,8.9632123745063,-11.3818841912197,15.4469739939777,-14.5305603870375,18.5956501897955,0.2385,0.109,NA,0.222697552999639,0.101840036761747,platt_vol_vegas,platt,NA,NA,0.0553911478423524,-0.153178814762665,0.26396111044737,-0.347096918372663,0.457879214057368,-0.452042379360593,0.562824675045297,34.4971840554487,28.8296917013406,40.1646764095568,23.4018388646874,45.59252924621,20.7337586541049,48.2606094567925,0.121706279218784,-1.06928085225279,1.31269341069036,-2.9088523508848,3.15226490932237,-4.26894208507064,4.51235464350821,1.29015106304074,0.0163873143111106,2.56391481177038,-1.164170495765,3.74447262184649,-2.25345162013737,4.83375374621886
QB,00-0028118,Tyrod Taylor,NYJ,ATL,2025_13_ATL_NYJ,2025,13,NA,NA,NA,NA,NA,NA,NA,NA,NA,NA,NA,NA,-0.211418865377096,-7.14208633850441,6.71924860775022,-13.6258479579758,13.2030102272216,-16.7745241537936,16.3516864230394,0.2325,0.084,NA,0.280242880260407,0.077958267035157,platt_vol_vegas,platt,NA,NA,-0.0339934762299677,-0.242563438834985,0.17457648637505,-0.436481542444983,0.368494589985047,-0.541427003432913,0.473440050972977,31.8054551156772,26.1379627615691,37.4729474697853,20.7101099249159,42.9008003064385,18.0420297143334,45.568880517021,0.869759117080982,-0.32122801439059,2.06074624855255,-2.1607995130226,3.90031774718456,-3.52088924720844,5.2604074813704,4.57129945636759,3.29753570763795,5.84506320509722,2.11697789756184,7.02562101517333,1.02769677318947,8.1149021395457
QB,00-0029604,Kirk Cousins,ATL,NYJ,2025_13_ATL_NYJ,2025,13,NA,NA,NA,NA,NA,NA,NA,NA,NA,NA,NA,NA,1.1533155504512,-5.77735192267611,8.08398302357852,-12.2611135421475,14.5677446430499,-15.4097897379653,17.7164208388677,0.171,0.053,NA,0.187150348843573,0.0486489788369163,platt_vol_vegas,platt,NA,NA,0.0360471041069263,-0.172522858498091,0.244617066711944,-0.366440962108089,0.438535170321941,-0.471386423096019,0.543480631309871,30.4120482188798,24.7445558647717,36.0795405729879,19.3167030281185,41.5073934096411,16.648622817536,44.1754736202236,0.0570492822003839,-1.13393784927119,1.24803641367196,-2.9735093479032,3.08760791230397,-4.33359908208904,4.44769764648981,1.10141967135802,-0.172344077371616,2.37518342008765,-1.35290188744773,3.55574123016376,-2.4421830118201,4.64502235453613
QB,00-0030565,Geno Smith,LV,LAC,2025_13_LV_LAC,2025,13,NA,NA,NA,NA,NA,NA,NA,NA,NA,NA,NA,NA,0.129808921668519,-6.8008585514588,7.06047639479584,-13.2846201709302,13.5442380142672,-16.433296366748,16.692914210085,0.295,0.127,NA,0.282662330059723,0.119147343390628,platt_vol_vegas,platt,NA,NA,-0.0148050723118551,-0.223375034916873,0.193764890293163,-0.41729313852687,0.38768299390316,-0.5222385995148,0.49262845489109,37.3385216390099,31.6710292849018,43.006013993118,26.2431764482487,48.4338668297712,23.5750962376661,51.1019470403537,0.682608434551827,-0.508378696919745,1.8735955660234,-2.34795019555175,3.71316706465541,-3.7080399297376,5.07325679884125,3.11971866385922,1.84595491512959,4.39348241258886,0.665397105053477,5.57404022266496,-0.423884019318893,6.66332134703733
QB,00-0032268,Marcus Mariota,WAS,DEN,2025_13_DEN_WAS,2025,13,NA,NA,NA,NA,NA,NA,NA,NA,NA,NA,NA,NA,-1.83672229509332,-8.76738976822064,5.093945178034,-15.251151387692,11.5777067975054,-18.3998275835098,14.7263829933232,0.192,0.0695,NA,0.246521124296616,0.064202076624444,platt_vol_vegas,platt,NA,NA,-0.096085343385974,-0.304655305990992,0.112484619219044,-0.498573409600989,0.306402722829041,-0.603518870588919,0.411348183816971,31.8501224080413,26.1826300539332,37.5176147621493,20.75477721728,42.9454675988025,18.0866970066975,45.6135478093851,1.22360765336863,0.0326205218970557,2.4145947848402,-1.80695097673495,4.25416628347221,-3.1670407109208,5.61425601765805,3.98484923766561,2.71108548893597,5.25861298639524,1.53052767885986,6.43917079647135,0.441246554487494,7.52845192084372
QB,00-0033077,Dak Prescott,DAL,KC,2025_13_KC_DAL,2025,13,NA,NA,NA,NA,NA,NA,NA,NA,NA,NA,NA,NA,0.91319974786747,-6.01746772525985,7.84386722099479,-12.5012293447312,14.3276288404662,-15.649905540549,17.476305036284,0.266,0.1235,NA,0.247222212139499,0.115775236017712,platt_vol_vegas,platt,NA,NA,0.0142290365760488,-0.194340926028969,0.222798999181066,-0.388259029638966,0.416717102791064,-0.493204490626896,0.521662563778994,36.9220023141968,31.2545099600887,42.5894946683049,25.8266571234355,48.0173475049581,23.158576912853,50.6854277155406,0.387835226477805,-0.803151904993767,1.57882235794938,-2.64272340362578,3.41839385658139,-4.00281313781162,4.77848359076723,1.96768108576458,0.693917337034945,3.24144483449421,-0.486640473041165,4.42200264457032,-1.57592159741353,5.51128376894269
QB,00-0033106,Jared Goff,DET,GB,2025_13_GB_DET,2025,13,NA,NA,NA,NA,NA,NA,NA,NA,NA,NA,NA,NA,2.34710924923491,-4.58355822389241,9.27777672236223,-11.0673198433638,15.7615383418336,-14.2159960391816,18.9102145376514,0.307,0.1475,NA,0.254007678913918,0.138959879238725,platt_vol_vegas,platt,NA,NA,0.0589510112656197,-0.149618951339398,0.267520973870637,-0.343537054949395,0.461439077480635,-0.448482515937325,0.566384538468565,38.0196080525781,32.35211569847,43.6871004066862,26.9242628618168,49.1149532433394,24.2561826512343,51.7830334539219,0.105814906612936,-1.08517222485864,1.29680203808451,-2.92474372349065,3.13637353671652,-4.28483345767649,4.49646327090236,1.35694198410574,0.0831782353761077,2.63070573283538,-1.0973795747,3.81126354291149,-2.18666069907237,4.90054466728386
QB,00-0033119,Jacoby Brissett,ARI,TB,2025_13_ARI_TB,2025,13,NA,NA,NA,NA,NA,NA,NA,NA,NA,NA,NA,NA,-1.64315624206468,-8.573823715192,5.28751123106264,-15.0575853346634,11.771272850534,-18.2062615304812,14.9199490463518,0.249,0.1165,NA,0.241590797552275,0.10904072809503,platt_vol_vegas,platt,NA,NA,-0.0560838109102083,-0.264653773515226,0.152486151694809,-0.458571877125223,0.346404255304807,-0.563517338113153,0.451349716292737,39.0298979838493,33.3624056297412,44.6973903379574,27.934552793088,50.1252431746106,25.2664725825055,52.7933233851931,0.545789176306243,-0.64519795516533,1.73677630777781,-2.48476945379734,3.57634780640982,-3.84485918798318,4.93643754059567,2.0907931573745,0.81702940864487,3.36455690610414,-0.363528401431239,4.54511471618025,-1.45280952580361,5.63439584055262
QB,00-0033873,Patrick Mahomes,KC,DAL,2025_13_KC_DAL,2025,13,NA,Full Participation in Practice,NA,NA,NA,NA,NA,NA,NA,NA,NA,NA,2.69751287443014,-4.23315459869718,9.62818034755746,-10.7169162181685,16.1119419670288,-13.8655924139864,19.2606181628466,0.36,0.18,NA,0.300531161969893,0.170567981641962,platt_vol_vegas,platt,NA,NA,0.0408502929765826,-0.167719669628435,0.2494202555816,-0.361637773238432,0.443338359191598,-0.466583234226362,0.548283820179528,39.4306721455913,33.7631797914832,45.0981644996994,28.33532695483,50.5260173363525,25.6672467442475,53.1940975469351,1.08675836501916,-0.104228766452412,2.27774549649073,-1.94380026508442,4.11731699512274,-3.30388999927026,5.47740672930858,2.55851290300023,1.2847491542706,3.83227665172986,0.104191344194487,5.01283446180597,-0.985089780177883,6.10211558617834
QB,00-0034796,Lamar Jackson,BAL,CIN,2025_13_CIN_BAL,2025,13,NA,Full Participation in Practice,NA,NA,NA,NA,NA,NA,NA,NA,NA,NA,4.48701275528762,-2.4436547178397,11.4176802284149,-8.92741633731106,17.9014418478863,-12.0760925331289,21.0501180437041,0.3815,0.1905,NA,0.369627847852142,0.180827346311539,platt_vol_vegas,platt,NA,NA,0.0816167978278234,-0.126953164777194,0.290186760432841,-0.320871268387192,0.484104864042839,-0.425816729375122,0.589050325030768,31.0819284592504,25.4144361051423,36.7494208133585,19.9865832684891,42.1772736500117,17.3185030579066,44.8453538605942,1.95020528413011,0.759218152658537,3.14119241560168,-1.08035334597347,4.98076391423369,-2.44044308015931,6.34085364841953,5.27110521355104,3.9973414648214,6.54486896228067,2.81678365474529,7.72542677235678,1.72750253037292,8.81470789672915
QB,00-0034855,Baker Mayfield,TB,ARI,2025_13_ARI_TB,2025,13,Questionable,Full Participation in Practice,NA,NA,NA,NA,NA,NA,NA,NA,NA,NA,1.30057661135504,-5.63009086177228,8.23124408448236,-12.1138524812436,14.7150057039537,-15.2625286770615,17.8636818997715,0.315,0.144,NA,0.286895526067236,0.135570044537417,platt_vol_vegas,platt,NA,NA,0.00955681805149965,-0.199013144553518,0.218126780656517,-0.392931248163515,0.412044884266515,-0.497876709151445,0.516990345254445,36.7972046567446,31.1297123026365,42.4646970108527,25.7018594659833,47.8925498475059,23.0337792554008,50.5606300580884,0.948912421646733,-0.242074709824839,2.1398995531183,-2.08164620845685,3.97947105175031,-3.44173594264269,5.33956078593616,2.87139479040573,1.59763104167609,4.14515853913536,0.417073231599981,5.32571634921147,-0.672207892772389,6.41499747358384
QB,00-0034857,Josh Allen,BUF,PIT,2025_13_BUF_PIT,2025,13,NA,Full Participation in Practice,NA,NA,NA,NA,NA,NA,NA,NA,NA,NA,3.68583913998829,-3.24482833313903,10.6165066131156,-9.72858995261039,17.100268232587,-12.8772661484282,20.2489444284048,0.4395,0.2335,NA,0.388215196378127,0.223060161199702,platt_vol_vegas,platt,NA,NA,0.0518526365214377,-0.15671732608358,0.260422599126455,-0.350635429693577,0.454340702736453,-0.455580890681507,0.559286163724383,36.9034837126753,31.2359913585672,42.5709760667834,25.808138521914,47.9988289034366,23.1400583113315,50.6669091140191,1.77229621266014,0.58130908118857,2.96328334413171,-1.25826241744344,4.80285484276372,-2.61835215162928,6.16294457694956,4.9054001600004,3.63163641127076,6.17916390873003,2.45107860119465,7.35972171880614,1.36179747682228,8.44900284317851
QB,00-0034869,Sam Darnold,SEA,MIN,2025_13_MIN_SEA,2025,13,NA,NA,NA,NA,NA,NA,NA,NA,NA,NA,NA,NA,2.87166181492045,-4.05900565820687,9.80232928804777,-10.5427672776782,16.2860909075191,-13.691443473496,19.434767103337,0.263,0.112,NA,0.248277607252555,0.104718428381493,platt_vol_vegas,platt,NA,NA,0.0774254149640981,-0.131144547640919,0.285995377569116,-0.325062651250917,0.479913481179113,-0.430008112238847,0.584858942167043,33.1801571332744,27.5126647791663,38.8476494873825,22.0848119425131,44.2755023240356,19.4167317319306,46.9435825346182,0.302674380302705,-0.888312751168868,1.49366151177428,-2.72788424980088,3.33323301040629,-4.08797398398672,4.69332274459213,2.10036118889022,0.826597440160582,3.37412493761985,-0.353960369915528,4.55468274769596,-1.4432414942879,5.64396387206833
QB,00-0035710,Daniel Jones,IND,HOU,2025_13_HOU_IND,2025,13,NA,Full Participation in Practice,NA,NA,NA,NA,NA,NA,NA,NA,NA,NA,0.44163519381157,-6.48903227931575,7.37230266693889,-12.9727938987871,13.8560642864103,-16.1214700946049,17.0047404822281,0.3425,0.165,NA,0.338143380496784,0.155951074123432,platt_vol_vegas,platt,NA,NA,-0.0176570287763073,-0.226226991381325,0.19091293382871,-0.420145094991322,0.384831037438708,-0.525090555979252,0.489776498426638,37.1123734233642,31.4448810692561,42.7798657774723,26.017028232603,48.2077186141255,23.3489480220204,50.875798824708,1.09692943930497,-0.0940576921665985,2.28791657077655,-1.93362919079861,4.12748806940855,-3.29371892498445,5.4875778035944,4.69343948515712,3.41967573642749,5.96720323388676,2.23911792635138,7.14776104396287,1.14983680197901,8.23704216833524
QB,00-0036212,Tua Tagovailoa,MIA,NO,2025_13_NO_MIA,2025,13,NA,NA,NA,NA,NA,NA,NA,NA,NA,NA,NA,NA,2.09547028331269,-4.83519718981463,9.02613775644001,-11.318958809286,15.5098993759114,-14.4676350051038,18.6585755717292,0.2015,0.074,NA,0.204035592298662,0.0684630160511799,platt_vol_vegas,platt,NA,NA,0.0635356590085696,-0.145034303596448,0.272105621613587,-0.338952407206445,0.466023725223585,-0.443897868194375,0.570969186211515,31.5226202931587,25.8551279390506,37.1901126472668,20.4272751023974,42.61796548392,17.7591948918149,45.2860456945025,0.0926598293099451,-1.09832730216163,1.28364696078152,-2.93789880079364,3.12321845941353,-4.29798853497948,4.48330819359937,1.21120488872462,-0.0625588600050162,2.48496863745425,-1.24311667008113,3.66552644753036,-2.3323977944535,4.75480757190273
QB,00-0036264,Jordan Love,GB,DET,2025_13_GB_DET,2025,13,NA,Full Participation in Practice,NA,NA,NA,NA,NA,NA,NA,NA,NA,NA,1.44094319097705,-5.48972428215027,8.37161066410437,-11.9734859016216,14.8553722835757,-15.1221620974395,18.0040484793935,0.221,0.086,NA,0.220935205113356,0.079861493765288,platt_vol_vegas,platt,NA,NA,0.030362563953445,-0.178207398651573,0.238932526558463,-0.37212550226157,0.43285063016846,-0.4770709632495,0.53779609115639,33.8053521293757,28.1378597752677,39.4728444834838,22.7100069386145,44.900697320137,20.0419267280319,47.5687775307196,0.414526024980148,-0.776461106491424,1.60551315645172,-2.61603260512343,3.44508465508373,-3.97612233930928,4.80517438926957,1.6681479746882,0.394384225958567,2.94191172341784,-0.786173584117543,4.12246953349395,-1.87545470848991,5.21175065786632
QB,00-0036355,Justin Herbert,LAC,LV,2025_13_LV_LAC,2025,13,NA,NA,NA,NA,NA,NA,NA,NA,NA,NA,NA,NA,3.68514189390109,-3.24552557922623,10.6158093670284,-9.7292871986976,17.0995709864998,-12.8779633945154,20.2482471823176,0.4085,0.2115,NA,0.35648686272811,0.201410381035161,platt_vol_vegas,platt,NA,NA,0.0685910083960104,-0.139978954209007,0.277160971001028,-0.333897057819005,0.471079074611025,-0.438842518806935,0.576024535598955,36.3949008759891,30.727408521881,42.0623932300972,25.2995556852278,47.4902460667504,22.6314754746453,50.1583262773329,1.18877894234415,-0.00220818912741816,2.37976607381573,-1.84177968775943,4.21933757244773,-3.20186942194527,5.57942730663358,4.14287678638667,2.86911303765704,5.41664053511631,1.68855522758093,6.59719834519242,0.599274103208558,7.68647946956479
QB,00-0036389,Jalen Hurts,PHI,CHI,2025_13_CHI_PHI,2025,13,NA,NA,NA,NA,NA,NA,NA,NA,NA,NA,NA,NA,3.05240264986034,-3.87826482326698,9.98307012298766,-10.3620264427383,16.466831742459,-13.5107026385562,19.6155079382768,0.4635,0.2335,NA,0.457028830800434,0.223060161199702,platt_vol_vegas,platt,NA,NA,0.0412321143589257,-0.167337848246092,0.249802076963943,-0.361255951856089,0.443720180573941,-0.466201412844019,0.548665641561871,34.0349075764991,28.367415222391,39.7023999306072,22.9395623857378,45.1302527672604,20.2714821751553,47.7983329778429,1.64907144847066,0.458084316999084,2.84005857994223,-1.38148718163292,4.67963007857424,-2.74157691581877,6.03971981276008,7.30563761924147,6.03187387051183,8.5794013679711,4.85131606043572,9.75995917804721,3.76203493606335,10.8492403024196
QB,00-0036442,Joe Burrow,CIN,BAL,2025_13_CIN_BAL,2025,13,NA,Full Participation in Practice,NA,NA,NA,NA,NA,NA,NA,NA,NA,NA,1.42004649255467,-5.51062098057265,8.35071396568198,-11.994382600044,14.8344755851533,-15.1430587958618,17.9831517809712,0.2255,0.0975,NA,0.222806867929704,0.0908304135033819,platt_vol_vegas,platt,NA,NA,0.0241380435675063,-0.184431919037511,0.232708006172524,-0.378350022647509,0.426626109782521,-0.483295483635439,0.531571570770451,33.721751603797,28.0542592496889,39.3892439579051,22.6264064130357,44.8170967945583,19.9583262024532,47.4851770051408,0.606069383169589,-0.584917748301983,1.79705651464116,-2.42448924693399,3.63662801327317,-3.78457898111983,4.99671774745901,1.65198456749597,0.378220818766339,2.92574831622561,-0.802336991309771,4.10630612630172,-1.89161811568214,5.19558725067409
QB,00-0036971,Trevor Lawrence,JAX,TEN,2025_13_JAX_TEN,2025,13,NA,NA,NA,NA,NA,NA,NA,NA,NA,NA,NA,NA,0.663068325149195,-6.26759914797812,7.59373579827651,-12.7513607674495,14.0774974177479,-15.9000369632673,17.2261736135657,0.2755,0.106,NA,0.282115157056655,0.098964211860594,platt_vol_vegas,platt,NA,NA,-0.00696627905104945,-0.215536241656067,0.201603683553968,-0.409454345266065,0.395521787163966,-0.514399806253994,0.500467248151896,33.1857218382981,27.51822948419,38.8532141924062,22.0903766475368,44.2810670290594,19.4222964369543,46.9491472396419,0.894249323985286,-0.296737807486286,2.08523645545686,-2.1363093061183,3.92480795408887,-3.49639904030414,5.28489768827471,3.55821049922475,2.28444675049511,4.83197424795438,1.103888940419,6.01253205803049,0.0146078160466323,7.10181318240286
QB,00-0037834,Brock Purdy,SF,CLE,2025_13_SF_CLE,2025,13,NA,Full Participation in Practice,NA,NA,NA,NA,NA,NA,NA,NA,NA,NA,1.56565871989861,-5.36500875322871,8.49632619302593,-11.8487703727001,14.9800878124973,-14.9974465685179,18.1287640083151,0.2825,0.125,NA,0.268631864418961,0.117220034727891,platt_vol_vegas,platt,NA,NA,0.0208008371593075,-0.18776912544571,0.229370799764325,-0.381687229055708,0.423288903374323,-0.486632690043638,0.528234364362252,35.0341656313057,29.3666732771976,40.7016579854138,23.9388204405444,46.129510822067,21.2707402299619,48.7975910326495,0.836918745589613,-0.35406838588196,2.02790587706118,-2.19363988451397,3.86747737569319,-3.55372961869981,5.22756710987904,2.7016226376427,1.42785888891306,3.97538638637233,0.247301078836954,5.15594419644844,-0.841980045535416,6.24522532082081
QB,00-0039150,Bryce Young,CAR,LA,2025_13_LA_CAR,2025,13,NA,NA,NA,NA,NA,NA,NA,NA,NA,NA,NA,NA,-1.98069269669444,-8.91136016982176,4.94997477643288,-15.3951217892931,11.4337363959042,-18.5437979851109,14.5824125917221,0.197,0.0745,NA,0.228162961028256,0.0689369240137045,platt_vol_vegas,platt,NA,NA,-0.0779082548482515,-0.286478217453269,0.130661707756766,-0.480396321063267,0.324579811366764,-0.585341782051196,0.429525272354694,35.7517037023438,30.0842113482357,41.4191960564519,24.6563585115825,46.8470488931051,21.988278301,49.5151291036876,0.804660146606936,-0.386326984864636,1.99564727807851,-2.22589848349665,3.83521877671052,-3.58598821768249,5.19530851089636,2.79785808677371,1.52409433804408,4.07162183550335,0.343536527967969,5.25217964557946,-0.745744596404401,6.34146076995183
QB,00-0039163,C.J. Stroud,HOU,IND,2025_13_HOU_IND,2025,13,NA,Full Participation in Practice,NA,NA,NA,NA,NA,NA,NA,NA,NA,NA,1.28748122690389,-5.64318624622343,8.21814870003121,-12.1269478656948,14.7019103195026,-15.2756240615126,17.8505865153204,0.284,0.1325,NA,0.270032087391309,0.124452723812973,platt_vol_vegas,platt,NA,NA,0.0175756314570287,-0.190994331147989,0.226145594062046,-0.384912434757986,0.420063697672044,-0.489857895745916,0.525009158659974,36.5938195383165,30.9263271842084,42.2613118924245,25.4984743475552,47.6891647290777,22.8303941369727,50.3572449396603,0.644321741093425,-0.546665390378147,1.835308872565,-2.38623688901016,3.67488037119701,-3.746326623196,5.03497010538285,2.7379803816698,1.46421663294016,4.01174413039943,0.283658822864054,5.19230194047554,-0.805622301508316,6.28158306484791
QB,00-0039732,Bo Nix,DEN,WAS,2025_13_DEN_WAS,2025,13,NA,NA,NA,NA,NA,NA,NA,NA,NA,NA,NA,NA,3.25744897050388,-3.67321850262344,10.1881164436312,-10.1569801220948,16.6718780631026,-13.3056563179126,19.8205542589204,0.416,0.216,NA,0.36360228527681,0.205831735546805,platt_vol_vegas,platt,NA,NA,0.0503844575528207,-0.158185505052197,0.258954420157838,-0.352103608662194,0.452872523767836,-0.457049069650124,0.557817984755766,38.3143670651498,32.6468747110417,43.9818594192579,27.2190218743885,49.4097122559111,24.550941663806,52.0777924664936,1.32700036944665,0.136013237975079,2.51798750091822,-1.70355826065693,4.35755899955023,-3.06364799484277,5.71764873373607,4.30610322590064,3.032339477171,5.57986697463027,1.85178166709489,6.76042478470638,0.762500542722525,7.84970590907875
QB,00-0039851,Drake Maye,NE,NYG,2025_13_NYG_NE,2025,13,NA,NA,NA,NA,NA,NA,NA,NA,NA,NA,NA,NA,1.37748508720903,-5.55318238591829,8.30815256033635,-12.0369440053896,14.7919141798077,-15.1856202012075,17.9405903756255,0.326,0.156,NA,0.304928799670007,0.147204148820774,platt_vol_vegas,platt,NA,NA,0.0162856863032646,-0.192284276301753,0.224855648908282,-0.38620237991175,0.41877375251828,-0.49114784089968,0.52371921350621,36.4306776133804,30.7631852592723,42.0981699674885,25.3353324226191,47.5260228041417,22.6672522120366,50.1941030147242,0.784186499782154,-0.406800631689418,1.97517363125373,-2.24637213032143,3.81474512988574,-3.60646186450727,5.17483486407158,3.50558626419967,2.23182251547004,4.77935001292931,1.05126470539393,5.95990782300542,-0.0380164189784411,7.04918894737779
QB,00-0039918,Caleb Williams,CHI,PHI,2025_13_CHI_PHI,2025,13,NA,NA,NA,NA,NA,NA,NA,NA,NA,NA,NA,NA,0.0629942227718798,-6.86767325035544,6.9936616958992,-13.3514348698268,13.4774233153706,-16.5001110656446,16.6260995111884,0.295,0.125,NA,0.284188293351701,0.117220034727891,platt_vol_vegas,platt,NA,NA,-0.0160732601407163,-0.224643222745734,0.192496702464301,-0.418561326355731,0.386414806074299,-0.523506787343661,0.491360267062229,37.3903408372918,31.7228484831837,43.0578331913999,26.2949956465305,48.485686028053,23.626915435948,51.1537662386356,0.663978897799719,-0.527008233671853,1.85496602927129,-2.36657973230386,3.6945375279033,-3.7266694664897,5.05462726208914,3.19610958152507,1.92234583279543,4.4698733302547,0.741788022719321,5.65043114033081,-0.347493101653049,6.73971226470318
QB,00-0040494,Max Brosmer,MIN,SEA,2025_13_MIN_SEA,2025,13,NA,NA,NA,NA,NA,NA,NA,NA,NA,NA,NA,NA,-5.24660091376101,-12.1772683868883,1.68406655936631,-18.6610300063597,8.16782817883767,-21.8097062021775,11.3165043746555,0.058,0.0145,NA,0.119807693250102,0.0129494196264465,platt_vol_vegas,platt,NA,NA,-0.18814491122329,-0.396714873828308,0.0204250513817273,-0.590632977438305,0.214343154991725,-0.695578438426235,0.319288615979655,28.3658196456918,22.6983272915837,34.0333119997999,17.2704744549305,39.4611648364531,14.602394244348,42.1292450470356,0.0902837052535418,-1.10070342621803,1.28127083672511,-2.94027492485004,3.12084233535712,-4.30036465903588,4.48093206954297,1.64555779958345,0.371794050853819,2.91932154831309,-0.808763759222291,4.0998793583892,-1.89804488359466,5.18916048276157
QB,00-0040668,Shedeur Sanders,CLE,SF,2025_13_SF_CLE,2025,13,NA,NA,NA,NA,NA,NA,NA,NA,NA,NA,NA,NA,-1.92426812702331,-8.85493560015063,5.00639934610401,-15.338697219622,11.4901609655754,-18.4873734154398,14.6388371613932,0.121,0.032,NA,0.17081756537813,0.0290468943666661,platt_vol_vegas,platt,NA,NA,-0.0705067536427393,-0.279076716247757,0.138063208962278,-0.472994819857754,0.331981312572276,-0.577940280845684,0.436926773560206,30.055619353285,24.3881269991769,35.7231117073931,18.9602741625237,41.1509645440463,16.2921939519412,43.8190447546288,0.1948560222987,-0.996131109172872,1.38584315377027,-2.83570260780488,3.22541465240228,-4.19579234199072,4.58550438658812,1.94044556701184,0.666681818282206,3.21420931574148,-0.513875991793904,4.39476712581758,-1.60315711616627,5.48404825018995
QB,00-0040676,Cam Ward,TEN,JAX,2025_13_JAX_TEN,2025,13,NA,NA,NA,NA,NA,NA,NA,NA,NA,NA,NA,NA,-2.28610660786457,-9.21677408099189,4.64456086526275,-15.7005357004633,11.1283224847341,-18.8492118962811,14.2769986805519,0.2575,0.12,NA,0.271442963445473,0.11240634360741,platt_vol_vegas,platt,NA,NA,-0.0813007224430792,-0.289870685048097,0.127269240161938,-0.483788788658094,0.321187343771936,-0.588734249646024,0.426132804759866,37.1930951670033,31.5256028128952,42.8605875211114,26.097749976242,48.2884403577645,23.4296697656595,50.9565205683471,0.73771889910699,-0.453268232364582,1.92870603057856,-2.29283973099659,3.76827752921057,-3.65292946518243,5.12836726339641,3.46469384402088,2.19093009529125,4.73845759275052,1.01037228521514,5.91901540282663,-0.078908839157231,7.008296527199
QB,00-0040691,Jaxson Dart,NYG,NE,2025_13_NYG_NE,2025,13,NA,Full Participation in Practice,NA,NA,NA,NA,NA,NA,NA,NA,NA,NA,-0.493615373127888,-7.42428284625521,6.43705209999943,-13.9080444657266,12.9208137194708,-17.0567206615444,16.0694899152886,0.344,0.1535,NA,0.373143598271087,0.144777650435849,platt_vol_vegas,platt,NA,NA,-0.056567200528044,-0.265137163133062,0.152002762076974,-0.459055266743059,0.345920865686971,-0.564000727730989,0.450866326674901,33.591592678381,27.9241003242729,39.2590850324891,22.4962474876197,44.6869378691423,19.8281672770372,47.3550180797248,1.40656698596646,0.215579854494891,2.59755411743803,-1.62399164413712,4.43712561607004,-2.98408137832296,5.79721535025589,6.2148172082925,4.94105345956286,7.48858095702213,3.76049564948675,8.66913876709824,2.67121452511438,9.75841989147061
QB,00-0040743,Tyler Shough,NO,MIA,2025_13_NO_MIA,2025,13,NA,NA,NA,NA,NA,NA,NA,NA,NA,NA,NA,NA,-1.02966685793759,-7.96033433106491,5.90100061518973,-14.4440959505363,12.3847622346611,-17.5927721463541,15.5334384304789,0.2275,0.09,NA,0.251297650554125,0.0836719432918845,platt_vol_vegas,platt,NA,NA,-0.0448764181907886,-0.253446380795806,0.163693544414229,-0.447364484405804,0.357611648024227,-0.552309945393734,0.462557109012156,34.7586218326237,29.0911294785156,40.4261141867318,23.6632766418624,45.853967023385,20.9951964312799,48.5220472339675,0.530175591158703,-0.660811540312869,1.72116272263028,-2.50038303894488,3.56073422126228,-3.86047277313072,4.92082395544813,3.19953629488068,1.92577254615104,4.47330004361031,0.745214736074935,5.65385785368642,-0.344066388297435,6.74313897805879
