position,player_id,player_name,posteam,defteam,game_id,season,week,report_status,practice_status,thresh_start,thresh_boom,pred_vol,pred_tot,lo_80_tot,hi_80_tot,lo_90_tot,hi_90_tot,p_start,p_boom,p_start_recal,p_boom_recal,recal_method_start,recal_method_boom,kickoff_et,run_ts,as_of,run_mode
QB,00-0036355,Justin Herbert,LAC,ARI,2026_01_ARI_LAC,2026,1,NA,NA,20,25,4.939921489184766,7.351703789818627,-6.062725302780054,20.76613288241731,-9.211401498597874,23.91480907823513,0.556,0.339,0.5778061326462549,0.3279438693720525,platt_vol_vegas,platt,2026-09-13T20:25:00Z,2026-08-31 15:01:36,2026-08-31 15:01:23,live
QB,00-0036442,Joe Burrow,CIN,TB,2026_01_TB_CIN,2026,1,NA,NA,20,25,2.068265420869745,6.273676679473005,-7.140752413125676,19.688105772071687,-10.289428608943496,22.836781967889507,0.44,0.2405,0.45907455423026194,0.22996634102848015,platt_vol_vegas,platt,2026-09-13T17:00:00Z,2026-08-31 15:01:36,2026-08-31 15:01:23,live
QB,00-0036389,Jalen Hurts,PHI,WAS,2026_01_WAS_PHI,2026,1,NA,NA,20,25,5.15435290233507,4.730426730675168,-8.684002361923513,18.14485582327385,-11.832678557741334,21.29353201909167,0.471,0.2705,0.45834275498582144,0.2596550072877661,platt_vol_vegas,platt,2026-09-13T20:25:00Z,2026-08-31 15:01:36,2026-08-31 15:01:23,live
QB,00-0033106,Jared Goff,DET,NO,2026_01_NO_DET,2026,1,NA,NA,20,25,1.462826532794507,7.034767551990869,-6.379661540607812,20.44919664458955,-9.528337736425634,23.59787284040737,0.4535,0.2495,0.45583778746162734,0.23885773188414192,platt_vol_vegas,platt,2026-09-13T17:00:00Z,2026-08-31 15:01:36,2026-08-31 15:01:23,live
QB,00-0037012,Trey Lance,LAC,ARI,2026_01_ARI_LAC,2026,1,NA,NA,20,25,2.787595323150334,4.182045337205829,-9.232383755392853,17.59647442980451,-12.381059951210673,20.74515062562233,0.3715,0.182,0.43596932325301746,0.17252043540234724,platt_vol_vegas,platt,2026-09-13T20:25:00Z,2026-08-31 15:01:36,2026-08-31 15:01:23,live
QB,00-0040691,Jaxson Dart,NYG,DAL,2026_01_DAL_NYG,2026,1,NA,NA,20,25,5.304327648368345,3.160697201101878,-10.253731891496802,16.57512629370056,-13.402408087314623,19.72380248951838,0.403,0.215,0.41520227902260093,0.20484889461240288,platt_vol_vegas,platt,2026-09-14T00:20:00Z,2026-08-31 15:01:36,2026-08-31 15:01:23,live
QB,00-0026158,Joe Flacco,CIN,TB,2026_01_TB_CIN,2026,1,NA,NA,20,25,1.610820303373369,5.034560320968245,-8.379868771630436,18.448989413566927,-11.528544967448257,21.597665609384748,0.3705,0.1945,0.4139996059549388,0.1847414258996798,platt_vol_vegas,platt,2026-09-13T17:00:00Z,2026-08-31 15:01:36,2026-08-31 15:01:23,live
QB,00-0034796,Lamar Jackson,BAL,IND,2026_01_BAL_IND,2026,1,NA,NA,20,25,3.086951893132215,3.9223996838311717,-9.49202940876751,17.336828776429854,-12.64070560458533,20.485504972247675,0.3985,0.2105,0.41307742047563023,0.20042835951572954,platt_vol_vegas,platt,2026-09-13T17:00:00Z,2026-08-31 15:01:36,2026-08-31 15:01:23,live
QB,00-0040464,DJ Uiagalelei,LAC,ARI,2026_01_ARI_LAC,2026,1,NA,NA,20,25,2.547663676865559,3.2645293609948314,-10.149899731603849,16.678958453593513,-13.29857592742167,19.827634649411333,0.3355,0.1595,0.41177280084024676,0.1506036041350335,platt_vol_vegas,platt,2026-09-13T20:25:00Z,2026-08-31 15:01:36,2026-08-31 15:01:23,live
QB,00-0026300,Josh Johnson,CIN,TB,2026_01_TB_CIN,2026,1,NA,NA,20,25,2.627668504257308,2.917803204331898,-10.496625888266783,16.332232296930577,-13.645302084084603,19.480908492748398,0.308,0.1295,0.405816608746697,0.12155792706478719,platt_vol_vegas,platt,2026-09-13T17:00:00Z,2026-08-31 15:01:36,2026-08-31 15:01:23,live
QB,00-0041453,Luke Altmyer,DET,NO,2026_01_NO_DET,2026,1,NA,NA,20,25,2.612246441327805,1.5488034423263866,-11.865625650272294,14.963232534925067,-15.014301846090115,18.11190873074289,0.2865,0.1325,0.3984852517809922,0.12445272381297297,platt_vol_vegas,platt,2026-09-13T17:00:00Z,2026-08-31 15:01:36,2026-08-31 15:01:23,live
QB,00-0033077,Dak Prescott,DAL,NYG,2026_01_DAL_NYG,2026,1,NA,NA,20,25,2.672774944817283,4.6100412219704605,-8.80438787062822,18.024470314569143,-11.953064066446041,21.173146510386964,0.402,0.208,0.3941262634827203,0.1979741108885929,platt_vol_vegas,platt,2026-09-14T00:20:00Z,2026-08-31 15:01:36,2026-08-31 15:01:23,live
QB,00-0034855,Baker Mayfield,TB,CIN,2026_01_TB_CIN,2026,1,NA,NA,20,25,2.8949346260598996,4.110445748288975,-9.303983344309707,17.524874840887655,-12.452659540127527,20.673551036705476,0.379,0.2025,0.39021046378632673,0.19257885331624777,platt_vol_vegas,platt,2026-09-13T17:00:00Z,2026-08-31 15:01:36,2026-08-31 15:01:23,live
QB,00-0038391,Sean Clifford,CIN,TB,2026_01_TB_CIN,2026,1,NA,NA,20,25,2.627668504257308,2.917803204331898,-10.496625888266783,16.332232296930577,-13.645302084084603,19.480908492748398,0.2795,0.1285,0.39004303744557384,0.12059350171680891,platt_vol_vegas,platt,2026-09-13T17:00:00Z,2026-08-31 15:01:36,2026-08-31 15:01:23,live
QB,00-0033949,Joshua Dobbs,DET,NO,2026_01_NO_DET,2026,1,NA,NA,20,25,2.69115443061434,1.8694256537019331,-11.545003438896748,15.283854746300614,-14.693679634714568,18.432530942118433,0.2655,0.1165,0.3883200185495682,0.10904072809503039,platt_vol_vegas,platt,2026-09-13T17:00:00Z,2026-08-31 15:01:36,2026-08-31 15:01:23,live
QB,00-0039918,Caleb Williams,CHI,CAR,2026_01_CHI_CAR,2026,1,NA,NA,20,25,3.005267051356581,4.279677089362911,-9.13475200323577,17.694106181961594,-12.28342819905359,20.842782377779415,0.3995,0.2135,0.38441619028203744,0.2033749728759785,platt_vol_vegas,platt,2026-09-13T17:00:00Z,2026-08-31 15:01:36,2026-08-31 15:01:23,live
QB,00-0034857,Josh Allen,BUF,HOU,2026_01_BUF_HOU,2026,1,NA,NA,20,25,5.3261347254604425,0.9408740345194356,-12.473555058079246,14.355303127118116,-15.622231253897066,17.503979322935937,0.402,0.2125,0.3803037591042308,0.20239258568800103,platt_vol_vegas,platt,2026-09-13T17:00:00Z,2026-08-31 15:01:36,2026-08-31 15:01:23,live
QB,00-0038911,Malik Cunningham,DET,NO,2026_01_NO_DET,2026,1,NA,NA,20,25,2.612246441327805,1.5488034423263866,-11.865625650272294,14.963232534925067,-15.014301846090115,18.11190873074289,0.253,0.1065,0.3791105866781583,0.09944333574197925,platt_vol_vegas,platt,2026-09-13T17:00:00Z,2026-08-31 15:01:36,2026-08-31 15:01:23,live
QB,00-0039910,Jayden Daniels,WAS,PHI,2026_01_WAS_PHI,2026,1,NA,NA,20,25,6.207157692317453,0.0908247009810258,-13.323604391617655,13.505253793579707,-16.472280587435474,16.65392998939753,0.387,0.201,0.36815559521504654,0.19110840571616988,platt_vol_vegas,platt,2026-09-13T20:25:00Z,2026-08-31 15:01:36,2026-08-31 15:01:23,live
QB,00-0026498,Matthew Stafford,LA,SF,2026_01_SF_LA,2026,1,NA,NA,20,25,1.4282355051458981,5.4490812987385056,-7.965347793860175,18.863510391337186,-11.114023989677996,22.012186587155007,0.376,0.209,0.36358569662626083,0.198955671930402,platt_vol_vegas,platt,2026-09-11T00:35:00Z,2026-08-31 15:01:36,2026-08-31 15:01:23,live
QB,00-0036945,Justin Fields,KC,DEN,2026_01_DEN_KC,2026,1,NA,NA,20,25,6.216275229015614,-1.600983419484502,-15.015412512083183,11.81344567311418,-18.164088707901005,14.962121868932,0.3455,0.156,0.3575200614346486,0.14720414882077448,platt_vol_vegas,platt,2026-09-15T00:15:00Z,2026-08-31 15:01:36,2026-08-31 15:01:23,live
QB,00-0039851,Drake Maye,NE,SEA,2026_01_NE_SEA,2026,1,NA,NA,20,25,5.1923113510195185,1.0134150134198574,-12.401014079178823,14.427844106018538,-15.549690274996644,17.57652030183636,0.3945,0.1945,0.3387018091977452,0.1847414258996798,platt_vol_vegas,platt,2026-09-10T00:20:00Z,2026-08-31 15:01:36,2026-08-31 15:01:23,live
QB,00-0035100,Jake Browning,TB,CIN,2026_01_TB_CIN,2026,1,NA,NA,20,25,2.5161910363379203,1.0195478771274507,-12.39488121547123,14.433976969726132,-15.54355741128905,17.582653165543952,0.275,0.123,0.32926653758707664,0.11529376742724379,platt_vol_vegas,platt,2026-09-13T17:00:00Z,2026-08-31 15:01:36,2026-08-31 15:01:23,live
QB,00-0039107,Stetson Bennett,LA,SF,2026_01_SF_LA,2026,1,NA,NA,20,25,2.6467452189138316,1.3863959245262727,-12.028033168072408,14.800825017124954,-15.176709363890229,17.949501212942774,0.2495,0.097,0.3263216818058756,0.09035263400746715,platt_vol_vegas,platt,2026-09-11T00:35:00Z,2026-08-31 15:01:36,2026-08-31 15:01:23,live
QB,00-0037834,Brock Purdy,SF,LA,2026_01_SF_LA,2026,1,NA,NA,20,25,2.932930440990292,2.7288669460258825,-10.6855621465728,16.143296038624563,-13.83423834239062,19.291972234442383,0.3405,0.1565,0.3255238922607747,0.14768961760966004,platt_vol_vegas,platt,2026-09-11T00:35:00Z,2026-08-31 15:01:36,2026-08-31 15:01:23,live
QB,00-0036972,Mac Jones,SF,LA,2026_01_SF_LA,2026,1,NA,NA,20,25,2.872005685710614,1.8535825645816746,-11.560846528017006,15.268011657180356,-14.709522723834827,18.416687852998177,0.324,0.154,0.31645237785282465,0.14526283696941855,platt_vol_vegas,platt,2026-09-11T00:35:00Z,2026-08-31 15:01:36,2026-08-31 15:01:23,live
QB,00-0040415,Connor Bazelak,TB,CIN,2026_01_TB_CIN,2026,1,NA,NA,20,25,2.568325721238378,0.558029613549572,-12.85639947904911,13.972458706148252,-16.00507567486693,17.121134901966073,0.2465,0.098,0.31491170878676944,0.0913082698362192,platt_vol_vegas,platt,2026-09-13T17:00:00Z,2026-08-31 15:01:36,2026-08-31 15:01:23,live
QB,00-0035710,Daniel Jones,IND,BAL,2026_01_BAL_IND,2026,1,NA,NA,20,25,2.9662054906692505,2.164866947749168,-11.249562144849513,15.579296040347849,-14.398238340667334,18.72797223616567,0.3155,0.146,0.3144106923790409,0.13750674028782517,platt_vol_vegas,platt,2026-09-13T17:00:00Z,2026-08-31 15:01:36,2026-08-31 15:01:23,live
QB,00-0041251,Jalon Daniels,TB,CIN,2026_01_TB_CIN,2026,1,NA,NA,20,25,2.568325721238378,0.558029613549572,-12.85639947904911,13.972458706148252,-16.00507567486693,17.121134901966073,0.2435,0.0965,0.3132380171924355,0.08987493161579076,platt_vol_vegas,platt,2026-09-13T17:00:00Z,2026-08-31 15:01:36,2026-08-31 15:01:23,live
QB,00-0035228,Kyler Murray,MIN,GB,2026_01_GB_MIN,2026,1,NA,NA,20,25,2.8003345891885187,2.4554386935401635,-10.958990399058518,15.869867786138844,-14.107666594876338,19.018543981956665,0.333,0.163,0.30775420052098473,0.1540057736453082,platt_vol_vegas,platt,2026-09-13T20:25:00Z,2026-08-31 15:01:36,2026-08-31 15:01:23,live
QB,00-0032950,Carson Wentz,MIN,GB,2026_01_GB_MIN,2026,1,NA,NA,20,25,2.8003345891885187,2.4554386935401635,-10.958990399058518,15.869867786138844,-14.107666594876338,19.018543981956665,0.3325,0.1725,0.30752443148960096,0.16325361220633303,platt_vol_vegas,platt,2026-09-13T20:25:00Z,2026-08-31 15:01:36,2026-08-31 15:01:23,live
QB,00-0041568,Ty Simpson,LA,SF,2026_01_SF_LA,2026,1,NA,NA,20,25,2.5678372296272967,1.0803992839614556,-12.334029808637226,14.494828376560136,-15.482706004455046,17.643504572377957,0.2175,0.0905,0.3061072928355436,0.08414861782831284,platt_vol_vegas,platt,2026-09-11T00:35:00Z,2026-08-31 15:01:36,2026-08-31 15:01:23,live
QB,00-0036971,Trevor Lawrence,JAX,CLE,2026_01_CLE_JAX,2026,1,NA,NA,20,25,3.1384308952226054,1.5717886778932213,-11.84264041470546,14.986217770491901,-14.991316610523281,18.134893966309722,0.342,0.1745,0.3034398503903747,0.16520296800304743,platt_vol_vegas,platt,2026-09-13T17:00:00Z,2026-08-31 15:01:36,2026-08-31 15:01:23,live
QB,00-0027973,Andy Dalton,PHI,WAS,2026_01_WAS_PHI,2026,1,NA,NA,20,25,2.6742073261427453,1.0196637117230172,-12.394765380875663,14.434092804321699,-15.543441576693484,17.582769000139518,0.266,0.116,0.3012110854781555,0.10856019713606635,platt_vol_vegas,platt,2026-09-13T20:25:00Z,2026-08-31 15:01:36,2026-08-31 15:01:23,live
QB,00-0037077,Sam Howell,DAL,NYG,2026_01_DAL_NYG,2026,1,NA,NA,20,25,2.6809157064299782,-0.14537282278960345,-13.559801915388284,13.269056269809077,-16.708478111206105,16.417732465626898,0.2195,0.086,0.3001384172859371,0.07986149376528805,platt_vol_vegas,platt,2026-09-14T00:20:00Z,2026-08-31 15:01:36,2026-08-31 15:01:23,live
QB,00-0039464,Austin Reed,BAL,IND,2026_01_BAL_IND,2026,1,NA,NA,20,25,2.547663676865559,-0.4914839581226276,-13.905913050721308,12.922945134476054,-17.05458924653913,16.071621330293873,0.2065,0.0755,0.2990316704162315,0.06988501674435874,platt_vol_vegas,platt,2026-09-13T17:00:00Z,2026-08-31 15:01:36,2026-08-31 15:01:23,live
QB,00-0040981,Joe Fagnano,BAL,IND,2026_01_BAL_IND,2026,1,NA,NA,20,25,2.547663676865559,-0.4914839581226276,-13.905913050721308,12.922945134476054,-17.05458924653913,16.071621330293873,0.206,0.0775,0.2987250972288479,0.07178229756449138,platt_vol_vegas,platt,2026-09-13T17:00:00Z,2026-08-31 15:01:36,2026-08-31 15:01:23,live
QB,00-0039923,J.J. McCarthy,MIN,GB,2026_01_GB_MIN,2026,1,NA,NA,20,25,3.0108608633245164,1.1659651915693106,-12.248463901029371,14.58039428416799,-15.397140096847192,17.72907047998581,0.3035,0.142,0.2983644660976463,0.13363429709125652,platt_vol_vegas,platt,2026-09-13T20:25:00Z,2026-08-31 15:01:36,2026-08-31 15:01:23,live
QB,00-0035993,Tyler Huntley,BAL,IND,2026_01_BAL_IND,2026,1,NA,NA,20,25,2.547663676865559,-0.4914839581226276,-13.905913050721308,12.922945134476054,-17.05458924653913,16.071621330293873,0.2045,0.084,0.2978031471422676,0.07795826703515706,platt_vol_vegas,platt,2026-09-13T17:00:00Z,2026-08-31 15:01:36,2026-08-31 15:01:23,live
QB,00-0039398,Joe Milton III,DAL,NYG,2026_01_DAL_NYG,2026,1,NA,NA,20,25,2.667242879917967,0.527475082329275,-12.886954010269406,13.941904174927956,-16.035630206087227,17.090580370745776,0.214,0.084,0.2966079769652002,0.07795826703515706,platt_vol_vegas,platt,2026-09-14T00:20:00Z,2026-08-31 15:01:36,2026-08-31 15:01:23,live
QB,00-0038400,Tanner McKee,PHI,WAS,2026_01_WAS_PHI,2026,1,NA,NA,20,25,2.6335608840129017,1.116362874072538,-12.298066218526143,14.530791966671218,-15.446742414343964,17.67946816248904,0.2555,0.101,0.2949149991359322,0.09417700674025435,platt_vol_vegas,platt,2026-09-13T20:25:00Z,2026-08-31 15:01:36,2026-08-31 15:01:23,live
QB,00-0040985,Diego Pavia,BAL,IND,2026_01_BAL_IND,2026,1,NA,NA,20,25,2.547663676865559,-0.4914839581226276,-13.905913050721308,12.922945134476054,-17.05458924653913,16.071621330293873,0.1975,0.0715,0.29345516845961367,0.06609487785175677,platt_vol_vegas,platt,2026-09-13T17:00:00Z,2026-08-31 15:01:36,2026-08-31 15:01:23,live
QB,00-0034869,Sam Darnold,SEA,NE,2026_01_NE_SEA,2026,1,NA,NA,20,25,2.0388001129631412,2.3233475298332245,-11.091081562765456,15.737776622431905,-14.239757758583277,18.886452818249726,0.3245,0.1605,0.2926444354664114,0.15157537733178733,platt_vol_vegas,platt,2026-09-10T00:20:00Z,2026-08-31 15:01:36,2026-08-31 15:01:23,live
QB,00-0040743,Tyler Shough,NO,DET,2026_01_NO_DET,2026,1,NA,NA,20,25,2.89289457001241,-0.12962518681834112,-13.544054279417022,13.28480390578034,-16.692730475234843,16.43348010159816,0.278,0.1315,0.2911968282550918,0.12348753939590863,platt_vol_vegas,platt,2026-09-13T17:00:00Z,2026-08-31 15:01:36,2026-08-31 15:01:23,live
QB,00-0033873,Patrick Mahomes,KC,DEN,2026_01_DEN_KC,2026,1,NA,NA,20,25,3.053662312205076,1.0093960872701073,-12.405033005328573,14.423825179868789,-15.553709201146393,17.57250137568661,0.346,0.1715,0.2898425544612158,0.1622792493545127,platt_vol_vegas,platt,2026-09-15T00:15:00Z,2026-08-31 15:01:36,2026-08-31 15:01:23,live
QB,00-0040891,Cole Payton,PHI,WAS,2026_01_WAS_PHI,2026,1,NA,NA,20,25,2.568325721238378,0.5592617026571907,-12.85516738994149,13.973690795255871,-16.00384358575931,17.122366991073694,0.2475,0.0945,0.28937820860867225,0.08796489852479882,platt_vol_vegas,platt,2026-09-13T20:25:00Z,2026-08-31 15:01:36,2026-08-31 15:01:23,live
QB,00-0031503,Jameis Winston,NYG,DAL,2026_01_DAL_NYG,2026,1,NA,NA,20,25,2.841939363428218,-0.15856686421290883,-13.57299595681159,13.255862228385771,-16.72167215262941,16.404538424203594,0.24,0.102,0.2791658063308518,0.09513385533483248,platt_vol_vegas,platt,2026-09-14T00:20:00Z,2026-08-31 15:01:36,2026-08-31 15:01:23,live
QB,00-0028986,Case Keenum,CHI,CAR,2026_01_CHI_CAR,2026,1,NA,NA,20,25,2.5678372296272967,0.08503189222666716,-13.329397200372014,13.499460984825348,-16.478073396189835,16.648137180643168,0.211,0.0745,0.27879857109205125,0.06893692401370446,platt_vol_vegas,platt,2026-09-13T17:00:00Z,2026-08-31 15:01:36,2026-08-31 15:01:23,live
QB,00-0041172,Miller Moss,CHI,CAR,2026_01_CHI_CAR,2026,1,NA,NA,20,25,2.5678372296272967,0.08503189222666716,-13.329397200372014,13.499460984825348,-16.478073396189835,16.648137180643168,0.2095,0.0815,0.2779293067042083,0.07558114986136244,platt_vol_vegas,platt,2026-09-13T17:00:00Z,2026-08-31 15:01:36,2026-08-31 15:01:23,live
QB,00-0036264,Jordan Love,GB,MIN,2026_01_GB_MIN,2026,1,NA,NA,20,25,2.735167636158414,1.566097361610504,-11.848331730988177,14.980526454209185,-14.997007926805997,18.129202650027004,0.3125,0.14,0.27568264008727394,0.13169950675868133,platt_vol_vegas,platt,2026-09-13T20:25:00Z,2026-08-31 15:01:36,2026-08-31 15:01:23,live
QB,00-0039150,Bryce Young,CAR,CHI,2026_01_CHI_CAR,2026,1,NA,NA,20,25,2.630237288060004,-0.6945731519157203,-14.109002244514402,12.71985594068296,-17.25767844033222,15.86853213650078,0.268,0.111,0.27544968421140537,0.10375868220919378,platt_vol_vegas,platt,2026-09-13T17:00:00Z,2026-08-31 15:01:36,2026-08-31 15:01:23,live
QB,00-0038416,Tyson Bagent,CHI,CAR,2026_01_CHI_CAR,2026,1,NA,NA,20,25,2.5678372296272967,0.08503189222666716,-13.329397200372014,13.499460984825348,-16.478073396189835,16.648137180643168,0.1885,0.083,0.2654342346187117,0.07700716256327897,platt_vol_vegas,platt,2026-09-13T17:00:00Z,2026-08-31 15:01:36,2026-08-31 15:01:23,live
QB,00-0039163,C.J. Stroud,HOU,BUF,2026_01_BUF_HOU,2026,1,NA,NA,20,25,2.820048412769267,0.9382515814866669,-12.476177511112015,14.352680674085347,-15.624853706929835,17.50135686990317,0.3115,0.141,0.2633898816635262,0.13266678172716587,platt_vol_vegas,platt,2026-09-13T17:00:00Z,2026-08-31 15:01:36,2026-08-31 15:01:23,live
QB,00-0038998,Jake Haener,NYG,DAL,2026_01_DAL_NYG,2026,1,NA,NA,20,25,2.6809157064299782,-0.3897307547849355,-13.804159847383616,13.024698337813746,-16.952836043201437,16.173374533631566,0.2085,0.0845,0.25897693124527266,0.07843394701185516,platt_vol_vegas,platt,2026-09-14T00:20:00Z,2026-08-31 15:01:36,2026-08-31 15:01:23,live
QB,00-0032434,Brandon Allen,NYG,DAL,2026_01_DAL_NYG,2026,1,NA,NA,20,25,2.667242879917967,-0.24669793625195796,-13.66112702885064,13.167731156346722,-16.80980322466846,16.316407352164543,0.1995,0.0815,0.253659262457932,0.07558114986136244,platt_vol_vegas,platt,2026-09-14T00:20:00Z,2026-08-31 15:01:36,2026-08-31 15:01:23,live
QB,00-0039376,Spencer Rattler,NO,DET,2026_01_NO_DET,2026,1,NA,NA,20,25,2.8875394651609425,-3.698582273003307,-17.113011365601988,9.715846819595374,-20.26168756141981,12.864523015413194,0.205,0.0785,0.2530978837626676,0.07273147905576888,platt_vol_vegas,platt,2026-09-13T17:00:00Z,2026-08-31 15:01:36,2026-08-31 15:01:23,live
QB,00-0032268,Marcus Mariota,WAS,PHI,2026_01_WAS_PHI,2026,1,NA,NA,20,25,3.0195291427664097,-0.23107879360467182,-13.645507886203353,13.183350298994009,-16.79418408202117,16.33202649481183,0.276,0.12,0.25062093317401046,0.11240634360740982,platt_vol_vegas,platt,2026-09-13T20:25:00Z,2026-08-31 15:01:36,2026-08-31 15:01:23,live
QB,00-0028118,Tyrod Taylor,GB,MIN,2026_01_GB_MIN,2026,1,NA,NA,20,25,2.9752629219342874,-2.6242789237171875,-16.03870801631587,10.790150168881492,-19.18738421213369,13.938826364699313,0.2315,0.0945,0.24242413379501185,0.08796489852479882,platt_vol_vegas,platt,2026-09-13T20:25:00Z,2026-08-31 15:01:36,2026-08-31 15:01:23,live
QB,00-0039164,Anthony Richardson,IND,BAL,2026_01_BAL_IND,2026,1,NA,NA,20,25,2.823225310498941,-2.330837751534088,-15.745266844132768,11.083591341064594,-18.89394303995059,14.232267536882414,0.1745,0.062,0.2373877997560747,0.0571181699403162,platt_vol_vegas,platt,2026-09-13T17:00:00Z,2026-08-31 15:01:36,2026-08-31 15:01:23,live
QB,00-0037013,Zach Wilson,NO,DET,2026_01_NO_DET,2026,1,NA,NA,20,25,2.787595323150334,-3.658776708449096,-17.073205801047777,9.755652384149585,-20.221881996865598,12.904328579967405,0.1745,0.0675,0.2337628058736873,0.06231082792763581,platt_vol_vegas,platt,2026-09-13T17:00:00Z,2026-08-31 15:01:36,2026-08-31 15:01:23,live
QB,00-0035704,Drew Lock,SEA,NE,2026_01_NE_SEA,2026,1,NA,NA,20,25,2.669831353929217,-1.5654337284461155,-14.979862821044797,11.848995364152564,-18.128539016862618,14.997671559970385,0.1825,0.0695,0.23368877883108247,0.06420207662444398,platt_vol_vegas,platt,2026-09-10T00:20:00Z,2026-08-31 15:01:36,2026-08-31 15:01:23,live
QB,00-0039732,Bo Nix,DEN,KC,2026_01_DEN_KC,2026,1,NA,NA,20,25,3.0195291427664097,1.281973354721147,-12.132455737877534,14.696402447319828,-15.281131933695354,17.845078643137647,0.306,0.141,0.23240535049175975,0.13266678172716587,platt_vol_vegas,platt,2026-09-15T00:15:00Z,2026-08-31 15:01:36,2026-08-31 15:01:23,live
QB,00-0040673,Jalen Milroe,SEA,NE,2026_01_NE_SEA,2026,1,NA,NA,20,25,2.669831353929217,-1.5654337284461155,-14.979862821044797,11.848995364152564,-18.128539016862618,14.997671559970385,0.179,0.07,0.23166729976374878,0.06467513260725245,platt_vol_vegas,platt,2026-09-10T00:20:00Z,2026-08-31 15:01:36,2026-08-31 15:01:23,live
QB,00-0023459,Aaron Rodgers,PIT,ATL,2026_01_ATL_PIT,2026,1,NA,NA,20,25,1.4282355051458981,0.3860655009527479,-13.028363591645933,13.800494593551429,-16.177039787463755,16.949170789369248,0.2645,0.11,0.22427215692673474,0.10279921776677031,platt_vol_vegas,platt,2026-09-13T17:00:00Z,2026-08-31 15:01:36,2026-08-31 15:01:23,live
QB,00-0040206,Riley Leonard,IND,BAL,2026_01_BAL_IND,2026,1,NA,NA,20,25,2.6485288269886897,-2.111795181390119,-15.526224273988799,11.302633911208563,-18.67490046980662,14.451310107026384,0.154,0.0515,0.2216888279910736,0.047241041659073855,platt_vol_vegas,platt,2026-09-13T17:00:00Z,2026-08-31 15:01:36,2026-08-31 15:01:23,live
QB,00-0040589,Kurtis Rourke,SF,LA,2026_01_SF_LA,2026,1,NA,NA,20,25,2.6128988396400827,-2.2856303768244586,-15.70005946942314,11.128798715774222,-18.84873566524096,14.277474911592043,0.1485,0.0475,0.21757046676694833,0.04349190612099697,platt_vol_vegas,platt,2026-09-11T00:35:00Z,2026-08-31 15:01:36,2026-08-31 15:01:23,live
QB,00-0035282,Easton Stick,IND,BAL,2026_01_BAL_IND,2026,1,NA,NA,20,25,2.662201653500701,-2.6768664627672227,-16.091295555365903,10.737562629831459,-19.239971751183724,13.88623882564928,0.147,0.051,0.2174246055466806,0.046771968934738846,platt_vol_vegas,platt,2026-09-13T17:00:00Z,2026-08-31 15:01:36,2026-08-31 15:01:23,live
QB,00-0038658,Adrian Martinez,SF,LA,2026_01_SF_LA,2026,1,NA,NA,20,25,2.547663676865559,-3.2491194105903918,-16.663548503189073,10.165309682008289,-19.812224699006894,13.31398587782611,0.1435,0.0455,0.21323942762987555,0.04162037598801674,platt_vol_vegas,platt,2026-09-11T00:35:00Z,2026-08-31 15:01:36,2026-08-31 15:01:23,live
QB,00-0033319,Nick Mullens,JAX,CLE,2026_01_CLE_JAX,2026,1,NA,NA,20,25,2.6676622674269685,-2.871106779334701,-16.285535871933384,10.54332231326398,-19.434212067751204,13.6919985090818,0.1745,0.067,0.2127824788043633,0.061838262088221,platt_vol_vegas,platt,2026-09-13T17:00:00Z,2026-08-31 15:01:36,2026-08-31 15:01:23,live
QB,00-0036928,Kyle Trask,CAR,CHI,2026_01_CHI_CAR,2026,1,NA,NA,20,25,2.6535452817699263,-2.877193583640736,-16.291622676239417,10.537235508957945,-19.440298872057237,13.685911704775766,0.149,0.049,0.2111156428916803,0.0448968996533258,platt_vol_vegas,platt,2026-09-13T17:00:00Z,2026-08-31 15:01:36,2026-08-31 15:01:23,live
QB,00-0041203,Joey Aguilar,JAX,CLE,2026_01_CLE_JAX,2026,1,NA,NA,20,25,2.6676622674269685,-2.871106779334701,-16.285535871933384,10.54332231326398,-19.434212067751204,13.6919985090818,0.16,0.057,0.20454429099084204,0.05240860768770103,platt_vol_vegas,platt,2026-09-13T17:00:00Z,2026-08-31 15:01:36,2026-08-31 15:01:23,live
QB,00-0039534,Carter Bradley,JAX,CLE,2026_01_CLE_JAX,2026,1,NA,NA,20,25,2.6676622674269685,-2.871106779334701,-16.285535871933384,10.54332231326398,-19.434212067751204,13.6919985090818,0.1595,0.0535,0.2042541232519101,0.04911852810601867,platt_vol_vegas,platt,2026-09-13T17:00:00Z,2026-08-31 15:01:36,2026-08-31 15:01:23,live
QB,00-0041149,Haynes King,CAR,CHI,2026_01_CHI_CAR,2026,1,NA,NA,20,25,2.547663676865559,-3.3404927325631975,-16.75492182516188,10.073936360035484,-19.9035980209797,13.222612555853305,0.139,0.052,0.203023639051837,0.047710234783474956,platt_vol_vegas,platt,2026-09-13T17:00:00Z,2026-08-31 15:01:36,2026-08-31 15:01:23,live
QB,00-0040656,Hunter Dekkers,NO,DET,2026_01_NO_DET,2026,1,NA,NA,20,25,2.547663676865559,-4.18210346918076,-17.59653256177944,9.232325623417921,-20.74520875759726,12.381001819235742,0.131,0.042,0.20217890083309284,0.03835032509192407,platt_vol_vegas,platt,2026-09-13T17:00:00Z,2026-08-31 15:01:36,2026-08-31 15:01:23,live
QB,00-0036825,Feleipe Franks,CAR,CHI,2026_01_CHI_CAR,2026,1,NA,NA,20,25,2.547663676865559,-3.3404927325631975,-16.75492182516188,10.073936360035484,-19.9035980209797,13.222612555853305,0.1345,0.0435,0.20008485589104133,0.039750958411609756,platt_vol_vegas,platt,2026-09-13T17:00:00Z,2026-08-31 15:01:36,2026-08-31 15:01:23,live
QB,00-0033119,Jacoby Brissett,ARI,LAC,2026_01_ARI_LAC,2026,1,NA,NA,20,25,2.8110127550077415,-2.8932898967191396,-16.30771898931782,10.521139195879542,-19.45639518513564,13.669815391697362,0.194,0.0735,0.19567375057291822,0.06798920093605865,platt_vol_vegas,platt,2026-09-13T20:25:00Z,2026-08-31 15:01:36,2026-08-31 15:01:23,live
QB,00-0038102,Kenny Pickett,CAR,CHI,2026_01_CHI_CAR,2026,1,NA,NA,20,25,1.456149125141501,-2.698396479001087,-16.112825571599767,10.716032613597594,-19.261501767417588,13.864708809415415,0.155,0.0555,0.1956534976649734,0.050997888104340076,platt_vol_vegas,platt,2026-09-13T17:00:00Z,2026-08-31 15:01:36,2026-08-31 15:01:23,live
QB,00-0040494,Max Brosmer,MIN,GB,2026_01_GB_MIN,2026,1,NA,NA,20,25,1.4551021643488216,-0.649883107264623,-14.064312199863304,12.764545985334058,-17.212988395681123,15.913222181151879,0.1565,0.0565,0.1951145353367476,0.05193825506974072,platt_vol_vegas,platt,2026-09-13T20:25:00Z,2026-08-31 15:01:36,2026-08-31 15:01:23,live
QB,00-0040203,Will Howard,PIT,ATL,2026_01_ATL_PIT,2026,1,NA,NA,20,25,2.6128988396400827,-2.19247140334034,-15.606900495939021,11.22195768925834,-18.755576691756843,14.370633885076161,0.163,0.0585,0.1949382494177192,0.053820333512417835,platt_vol_vegas,platt,2026-09-13T17:00:00Z,2026-08-31 15:01:36,2026-08-31 15:01:23,live
QB,00-0029604,Kirk Cousins,LV,MIA,2026_01_MIA_LV,2026,1,NA,NA,20,25,1.3718173264413007,1.321008579265269,-12.093420513333411,14.73543767186395,-15.242096709151232,17.88411386768177,0.237,0.0965,0.19289794610278418,0.08987493161579076,platt_vol_vegas,platt,2026-09-13T20:25:00Z,2026-08-31 15:01:36,2026-08-31 15:01:23,live
QB,00-0039917,Michael Penix Jr.,ATL,PIT,2026_01_ATL_PIT,2026,1,NA,NA,20,25,2.1629836881390783,0.07155753095140288,-13.342871561647279,13.485986623550083,-16.4915477574651,16.634662819367904,0.2405,0.0935,0.1919162195774293,0.08701035173960686,platt_vol_vegas,platt,2026-09-13T17:00:00Z,2026-08-31 15:01:36,2026-08-31 15:01:23,live
QB,00-0036898,Davis Mills,HOU,BUF,2026_01_BUF_HOU,2026,1,NA,NA,20,25,1.982876697836965,-3.0906484794614077,-16.505077572060088,10.323780613137274,-19.65375376787791,13.472456808955094,0.186,0.0705,0.19185800042505924,0.06514828512648162,platt_vol_vegas,platt,2026-09-13T17:00:00Z,2026-08-31 15:01:36,2026-08-31 15:01:23,live
QB,00-0034577,Kyle Allen,BUF,HOU,2026_01_BUF_HOU,2026,1,NA,NA,20,25,2.548760514970773,-4.257450082830545,-17.671879175429225,9.156979009768136,-20.820555371247046,12.305655205585957,0.1405,0.042,0.1917360840707019,0.03835032509192407,platt_vol_vegas,platt,2026-09-13T17:00:00Z,2026-08-31 15:01:36,2026-08-31 15:01:23,live
QB,00-0037324,Chris Oladokun,KC,DEN,2026_01_DEN_KC,2026,1,NA,NA,20,25,2.681467653250315,-2.9811104128472947,-16.395539505445974,10.433318679751386,-19.544215701263795,13.581994875569206,0.154,0.054,0.19095412357732983,0.0495881944544771,platt_vol_vegas,platt,2026-09-15T00:15:00Z,2026-08-31 15:01:36,2026-08-31 15:01:23,live
QB,00-0040676,Cam Ward,TEN,NYJ,2026_01_NYJ_TEN,2026,1,NA,NA,20,25,2.5028039311983425,-0.17290780603512135,-13.587336898633803,13.24152128656356,-16.73601309445162,16.39019748238138,0.2635,0.119,0.1855112883877444,0.11144440201211454,platt_vol_vegas,platt,2026-09-13T17:00:00Z,2026-08-31 15:01:36,2026-08-31 15:01:23,live
QB,00-0034771,Mason Rudolph,PIT,ATL,2026_01_ATL_PIT,2026,1,NA,NA,20,25,2.6535452817699263,-2.696214411662357,-16.110643504261038,10.718214680936324,-19.25931970007886,13.866890876754145,0.1425,0.046,0.18388969122091586,0.04208806317547994,platt_vol_vegas,platt,2026-09-13T17:00:00Z,2026-08-31 15:01:36,2026-08-31 15:01:23,live
QB,00-0038579,Aidan O'Connell,LV,MIA,2026_01_MIA_LV,2026,1,NA,NA,20,25,2.6567197458353857,-1.3923878256300577,-14.806816918228739,12.022041266968623,-17.955493114046558,15.170717462786444,0.1735,0.0525,0.1835314767726243,0.04817954745522567,platt_vol_vegas,platt,2026-09-13T20:25:00Z,2026-08-31 15:01:36,2026-08-31 15:01:23,live
QB,00-0040906,Garrett Nussmeier,KC,DEN,2026_01_DEN_KC,2026,1,NA,NA,20,25,2.6162324904757916,-3.938641574258005,-17.353070666856688,9.475787518340676,-20.50174686267451,12.624463714158496,0.142,0.053,0.18304584047343025,0.0486489788369163,platt_vol_vegas,platt,2026-09-15T00:15:00Z,2026-08-31 15:01:36,2026-08-31 15:01:23,live
QB,00-0041565,Drew Allar,PIT,ATL,2026_01_ATL_PIT,2026,1,NA,NA,20,25,2.547663676865559,-3.16854925077106,-16.582978343369742,10.245879841827621,-19.731654539187563,13.394556037645442,0.1435,0.0485,0.18291540677174495,0.04442844228768633,platt_vol_vegas,platt,2026-09-13T17:00:00Z,2026-08-31 15:01:36,2026-08-31 15:01:23,live
QB,00-0036679,Shane Buechele,BUF,HOU,2026_01_BUF_HOU,2026,1,NA,NA,20,25,2.548760514970773,-4.257450082830545,-17.671879175429225,9.156979009768136,-20.820555371247046,12.305655205585957,0.125,0.0415,0.18193016530005854,0.037883726100545016,platt_vol_vegas,platt,2026-09-13T17:00:00Z,2026-08-31 15:01:36,2026-08-31 15:01:23,live
QB,00-0040014,Kyle McCord,GB,MIN,2026_01_GB_MIN,2026,1,NA,NA,20,25,2.6774816041023284,-3.7336796171435243,-17.148108709742203,9.680749475455157,-20.296784905560024,12.829425671272977,0.129,0.044,0.1811147642722204,0.04021811088410216,platt_vol_vegas,platt,2026-09-13T20:25:00Z,2026-08-31 15:01:36,2026-08-31 15:01:23,live
QB,00-0033869,Mitchell Trubisky,TEN,NYJ,2026_01_NYJ_TEN,2026,1,NA,NA,20,25,2.787595323150334,-0.8794878097807342,-14.293916902379415,12.534941282817947,-17.442593098197236,15.683617478635767,0.235,0.093,0.17880673756568802,0.08653319677419186,platt_vol_vegas,platt,2026-09-13T17:00:00Z,2026-08-31 15:01:36,2026-08-31 15:01:23,live
QB,00-0040996,Jacob Clark,LV,MIA,2026_01_MIA_LV,2026,1,NA,NA,20,25,2.5778117565488508,-1.5920234404770062,-15.006452533075688,11.822405652121674,-18.15512872889351,14.971081847939494,0.166,0.059,0.17860047113744332,0.05429112913080006,platt_vol_vegas,platt,2026-09-13T20:25:00Z,2026-08-31 15:01:36,2026-08-31 15:01:23,live
QB,00-0036212,Tua Tagovailoa,ATL,PIT,2026_01_ATL_PIT,2026,1,NA,NA,20,25,1.7674770357008966,-0.3594971401114643,-13.773926232710146,13.054931952487216,-16.922602428527966,16.203608148305037,0.212,0.0885,0.17442659950249012,0.08224240766087534,platt_vol_vegas,platt,2026-09-13T17:00:00Z,2026-08-31 15:01:36,2026-08-31 15:01:23,live
QB,00-0041562,Fernando Mendoza,LV,MIA,2026_01_MIA_LV,2026,1,NA,NA,20,25,2.5778117565488508,-1.5920234404770062,-15.006452533075688,11.822405652121674,-18.15512872889351,14.971081847939494,0.1515,0.0505,0.17109330786891536,0.046303017478934214,platt_vol_vegas,platt,2026-09-13T20:25:00Z,2026-08-31 15:01:36,2026-08-31 15:01:23,live
QB,00-0041117,Athan Kaliakmanis,WAS,PHI,2026_01_WAS_PHI,2026,1,NA,NA,20,25,2.548760514970773,-4.168627742575389,-17.58305683517407,9.245801350023292,-20.73173303099189,12.394477545841113,0.128,0.046,0.16815381596166912,0.04208806317547994,platt_vol_vegas,platt,2026-09-13T20:25:00Z,2026-08-31 15:01:36,2026-08-31 15:01:23,live
QB,00-0034955,Brett Rypien,HOU,BUF,2026_01_BUF_HOU,2026,1,NA,NA,20,25,2.568325721238378,-4.593092106951603,-18.007521199550283,8.82133698564708,-21.156197395368103,11.9700131814649,0.122,0.0385,0.1653883898738173,0.03508715067294414,platt_vol_vegas,platt,2026-09-13T17:00:00Z,2026-08-31 15:01:36,2026-08-31 15:01:23,live
QB,00-0039677,Sam Hartman,WAS,PHI,2026_01_WAS_PHI,2026,1,NA,NA,20,25,2.548760514970773,-4.168627742575389,-17.58305683517407,9.245801350023292,-20.73173303099189,12.394477545841113,0.12,0.044,0.1632751704622277,0.04021811088410216,platt_vol_vegas,platt,2026-09-13T20:25:00Z,2026-08-31 15:01:36,2026-08-31 15:01:23,live
QB,00-0039152,Will Levis,TEN,NYJ,2026_01_NYJ_TEN,2026,1,NA,NA,20,25,2.6535452817699263,-0.9379986276806659,-14.352427720279346,12.476430464918016,-17.50110391609717,15.625106660735836,0.199,0.0825,0.16255798690391685,0.07653173877117592,platt_vol_vegas,platt,2026-09-13T17:00:00Z,2026-08-31 15:01:36,2026-08-31 15:01:23,live
QB,00-0038550,Hendon Hooker,TEN,NYJ,2026_01_NYJ_TEN,2026,1,NA,NA,20,25,2.6535452817699263,-0.9379986276806659,-14.352427720279346,12.476430464918016,-17.50110391609717,15.625106660735836,0.1975,0.0745,0.16194352498830936,0.06893692401370446,platt_vol_vegas,platt,2026-09-13T17:00:00Z,2026-08-31 15:01:36,2026-08-31 15:01:23,live
QB,00-0038476,Tommy DeVito,NE,SEA,2026_01_NE_SEA,2026,1,NA,NA,20,25,2.5377423823917677,-4.7175506916188725,-18.131979784217553,8.69687840097981,-21.280655980035373,11.84555459679763,0.116,0.028,0.15475596242933456,0.025344104742522317,platt_vol_vegas,platt,2026-09-10T00:20:00Z,2026-08-31 15:01:36,2026-08-31 15:01:23,live
QB,00-0035264,Jarrett Stidham,DEN,KC,2026_01_DEN_KC,2026,1,NA,NA,20,25,2.627668504257308,-3.239959439425167,-16.654388532023848,10.174469653173514,-19.80306472784167,13.323145848991334,0.1375,0.04,0.1517887793104102,0.03648478341234495,platt_vol_vegas,platt,2026-09-15T00:15:00Z,2026-08-31 15:01:36,2026-08-31 15:01:23,live
QB,00-0041123,Behren Morton,NE,SEA,2026_01_NE_SEA,2026,1,NA,NA,20,25,2.5377423823917677,-4.7175506916188725,-18.131979784217553,8.69687840097981,-21.280655980035373,11.84555459679763,0.111,0.0355,0.1516673330762291,0.03229597383263514,platt_vol_vegas,platt,2026-09-10T00:20:00Z,2026-08-31 15:01:36,2026-08-31 15:01:23,live
QB,00-0040234,Quinn Ewers,MIA,LV,2026_01_MIA_LV,2026,1,NA,NA,20,25,2.6774816041023284,-1.8325138549647408,-15.246942947563422,11.58191523763394,-18.395619143381243,14.73059143345176,0.1705,0.061,0.14889403527242492,0.056175395467207616,platt_vol_vegas,platt,2026-09-13T20:25:00Z,2026-08-31 15:01:36,2026-08-31 15:01:23,live
QB,00-0036879,Sam Ehlinger,DEN,KC,2026_01_DEN_KC,2026,1,NA,NA,20,25,2.6139956777452964,-2.5864371099928136,-16.000866202591496,10.827991982605868,-19.149542398409316,13.976668178423688,0.124,0.042,0.1444356457036575,0.03835032509192407,platt_vol_vegas,platt,2026-09-15T00:15:00Z,2026-08-31 15:01:36,2026-08-31 15:01:23,live
QB,00-0041561,Carson Beck,ARI,LAC,2026_01_ARI_LAC,2026,1,NA,NA,20,25,2.548760514970773,-5.788250025454746,-19.202679118053428,7.6261790671439345,-22.35135531387125,10.774855262961754,0.1055,0.0265,0.14417363179504983,0.023958663943615108,platt_vol_vegas,platt,2026-09-13T20:25:00Z,2026-08-31 15:01:36,2026-08-31 15:01:23,live
QB,00-0038128,Malik Willis,MIA,LV,2026_01_MIA_LV,2026,1,NA,NA,20,25,2.718128046232172,-1.7566678660103576,-15.171096958609038,11.657761226588324,-18.31977315442686,14.806437422406145,0.156,0.0555,0.14305065388702284,0.050997888104340076,platt_vol_vegas,platt,2026-09-13T20:25:00Z,2026-08-31 15:01:36,2026-08-31 15:01:23,live
QB,00-0032156,Trevor Siemian,ATL,PIT,2026_01_ATL_PIT,2026,1,NA,NA,20,25,2.718509010931106,-2.999740545939994,-16.414169638538674,10.414688546658686,-19.562845834356494,13.563364742476507,0.1185,0.0335,0.14265903035496885,0.030438358980190972,platt_vol_vegas,platt,2026-09-13T17:00:00Z,2026-08-31 15:01:36,2026-08-31 15:01:23,live
QB,00-0033662,Cooper Rush,ATL,PIT,2026_01_ATL_PIT,2026,1,NA,NA,20,25,2.6532738481565823,-3.8964795198898416,-17.31090861248852,9.51794957270884,-20.459584808306342,12.66662576852666,0.1175,0.03,0.1413166330028025,0.02719404178728632,platt_vol_vegas,platt,2026-09-13T17:00:00Z,2026-08-31 15:01:36,2026-08-31 15:01:23,live
QB,00-0041194,Jack Strand,ATL,PIT,2026_01_ATL_PIT,2026,1,NA,NA,20,25,2.6532738481565823,-3.8964795198898416,-17.31090861248852,9.51794957270884,-20.459584808306342,12.66662576852666,0.1145,0.0365,0.13962452573906983,0.03322574579039934,platt_vol_vegas,platt,2026-09-13T17:00:00Z,2026-08-31 15:01:36,2026-08-31 15:01:23,live
QB,00-0039577,Kedon Slovis,ARI,LAC,2026_01_ARI_LAC,2026,1,NA,NA,20,25,2.548760514970773,-5.788250025454746,-19.202679118053428,7.6261790671439345,-22.35135531387125,10.774855262961754,0.0975,0.0265,0.1390636167255706,0.023958663943615108,platt_vol_vegas,platt,2026-09-13T20:25:00Z,2026-08-31 15:01:36,2026-08-31 15:01:23,live
QB,00-0035289,Gardner Minshew,ARI,LAC,2026_01_ARI_LAC,2026,1,NA,NA,20,25,2.6139956777452964,-5.635498142404373,-19.049927235003054,7.778930950194308,-22.198603430820874,10.927607146012129,0.093,0.031,0.13685149114304462,0.02812011314917865,platt_vol_vegas,platt,2026-09-13T20:25:00Z,2026-08-31 15:01:36,2026-08-31 15:01:23,live
QB,00-0040222,Cam Miller,MIA,LV,2026_01_MIA_LV,2026,1,NA,NA,20,25,2.6774816041023284,-1.8325138549647408,-15.246942947563422,11.58191523763394,-18.395619143381243,14.73059143345176,0.14,0.0415,0.13528570201772702,0.037883726100545016,platt_vol_vegas,platt,2026-09-13T20:25:00Z,2026-08-31 15:01:36,2026-08-31 15:01:23,live
QB,00-0030565,Geno Smith,NYJ,TEN,2026_01_NYJ_TEN,2026,1,NA,NA,20,25,2.574609215637102,-3.7839179771416696,-17.19834706974035,9.630511115457011,-20.34702326555817,12.779187311274832,0.159,0.061,0.13216966685658657,0.056175395467207616,platt_vol_vegas,platt,2026-09-13T17:00:00Z,2026-08-31 15:01:36,2026-08-31 15:01:23,live
QB,00-0041156,Mark Gronowski,MIA,LV,2026_01_MIA_LV,2026,1,NA,NA,20,25,2.612246441327805,-2.1531505002760185,-15.567579592874699,11.261278592322663,-18.71625578869252,14.409954788140483,0.1345,0.042,0.1319669088690237,0.03835032509192407,platt_vol_vegas,platt,2026-09-13T20:25:00Z,2026-08-31 15:01:36,2026-08-31 15:01:23,live
QB,00-0040398,Brady Cook,NYJ,TEN,2026_01_NYJ_TEN,2026,1,NA,NA,20,25,2.5585574611144315,-4.864503472363757,-18.27893256496244,8.549925620234923,-21.42760876078026,11.698601816052744,0.132,0.035,0.12049273211459291,0.03183132631204705,platt_vol_vegas,platt,2026-09-13T17:00:00Z,2026-08-31 15:01:36,2026-08-31 15:01:23,live
QB,00-0040668,Shedeur Sanders,CLE,JAX,2026_01_CLE_JAX,2026,1,NA,NA,20,25,2.519106703164571,-7.604768184834422,-21.019197277433104,5.8096609077642585,-24.167873473250925,8.958337103582078,0.1215,0.047,0.11445415645309404,0.043023829285824024,platt_vol_vegas,platt,2026-09-13T17:00:00Z,2026-08-31 15:01:36,2026-08-31 15:01:23,live
QB,00-0038108,Bailey Zappe,NYJ,TEN,2026_01_NYJ_TEN,2026,1,NA,NA,20,25,2.7068671534564497,-3.8303995300082745,-17.244828622606956,9.584029562590406,-20.393504818424777,12.732705758408226,0.112,0.0375,0.11276521303535046,0.03415614237425751,platt_vol_vegas,platt,2026-09-13T17:00:00Z,2026-08-31 15:01:36,2026-08-31 15:01:23,live
QB,00-0033537,Deshaun Watson,CLE,JAX,2026_01_CLE_JAX,2026,1,NA,NA,20,25,2.8177434028336257,-7.161513913589928,-20.57594300618861,6.2529151790087525,-23.72461920200643,9.401591374826573,0.1045,0.0345,0.10928752427632135,0.031366840108263565,platt_vol_vegas,platt,2026-09-13T17:00:00Z,2026-08-31 15:01:36,2026-08-31 15:01:23,live
QB,00-0041056,Cade Klubnik,NYJ,TEN,2026_01_NYJ_TEN,2026,1,NA,NA,20,25,2.6279591641699147,-4.060929438296665,-17.475358530895345,9.353499654302016,-20.624034726713166,12.502175850119837,0.103,0.028,0.10759740617641773,0.025344104742522317,platt_vol_vegas,platt,2026-09-13T17:00:00Z,2026-08-31 15:01:36,2026-08-31 15:01:23,live
QB,00-0040704,Dillon Gabriel,CLE,JAX,2026_01_CLE_JAX,2026,1,NA,NA,20,25,1.9536190719537259,-7.948406407676374,-21.362835500275054,5.466022684922307,-24.511511696092875,8.614698880740129,0.1025,0.0275,0.10034861747187587,0.024882094924459038,platt_vol_vegas,platt,2026-09-13T17:00:00Z,2026-08-31 15:01:36,2026-08-31 15:01:23,live
QB,00-0041092,Taylen Green,CLE,JAX,2026_01_CLE_JAX,2026,1,NA,NA,20,25,2.5778117565488508,-7.102599249989913,-20.517028342588596,6.311829842608768,-23.665704538406416,9.460506038426589,0.0815,0.0215,0.09510280661067103,0.019354122278833884,platt_vol_vegas,platt,2026-09-13T17:00:00Z,2026-08-31 15:01:36,2026-08-31 15:01:23,live
RB,00-0034844,Saquon Barkley,PHI,WAS,2026_01_WAS_PHI,2026,1,NA,NA,15,20,20.260918831060202,-1.0700407186463985,-7.017246230197038,4.877164792904242,-8.87083547982416,6.730754042531363,0.529,0.262,0.529740163220623,0.3055595074324758,platt_vegas,platt_vegas,2026-09-13T20:25:00Z,2026-08-31 15:01:36,2026-08-31 15:01:23,live
RB,00-0039139,Jahmyr Gibbs,DET,NO,2026_01_NO_DET,2026,1,NA,NA,15,20,17.177849879432987,-0.026058364276522472,-5.454913652948128,5.402796924395083,-7.1469466222677465,7.094829893714701,0.4445,0.223,0.46530701199313546,0.28198022969292025,platt_vegas,platt_vegas,2026-09-13T17:00:00Z,2026-08-31 15:01:36,2026-08-31 15:01:23,live
RB,00-0040122,Ashton Jeanty,LV,MIA,2026_01_MIA_LV,2026,1,NA,NA,15,20,19.943962140654516,-1.716639666233516,-7.612266655148487,4.178987322681455,-9.449780221013976,6.016500888546944,0.478,0.244,0.4556394560936411,0.26659994192498965,platt_vegas,platt_vegas,2026-09-13T20:25:00Z,2026-08-31 15:01:36,2026-08-31 15:01:23,live
RB,00-0037840,Kyren Williams,LA,SF,2026_01_SF_LA,2026,1,NA,NA,15,20,17.058477000165098,-0.06604258669943996,-5.474023755911617,5.3419385825127375,-7.159550805207068,7.027465631808189,0.4315,0.2095,0.44836100833271686,0.25907116006455017,platt_vegas,platt_vegas,2026-09-11T00:35:00Z,2026-08-31 15:01:36,2026-08-31 15:01:23,live
RB,00-0036997,Javonte Williams,DAL,NYG,2026_01_DAL_NYG,2026,1,NA,NA,15,20,17.68671387422436,-0.9041406348523167,-6.421259035086688,4.612977765382055,-8.140801320237689,6.332520050533056,0.427,0.209,0.44411210117711153,0.2573628695744586,platt_vegas,platt_vegas,2026-09-14T00:20:00Z,2026-08-31 15:01:36,2026-08-31 15:01:23,live
RB,00-0040666,Omarion Hampton,LAC,ARI,2026_01_ARI_LAC,2026,1,NA,NA,15,20,18.31542305566014,-1.2271420256581653,-6.851756064280298,4.397472012963968,-8.604801943566455,6.150517892250125,0.43,0.2115,0.4357958812949731,0.26219660722653576,platt_vegas,platt_vegas,2026-09-13T20:25:00Z,2026-08-31 15:01:36,2026-08-31 15:01:23,live
RB,00-0038597,Chase Brown,CIN,TB,2026_01_TB_CIN,2026,1,NA,NA,15,20,16.749508255549614,-0.5787532451552316,-5.932400926315915,4.774894436005451,-7.600993640796236,6.4434871504857725,0.3895,0.1875,0.4206917208353933,0.24468693521523127,platt_vegas,platt_vegas,2026-09-13T17:00:00Z,2026-08-31 15:01:36,2026-08-31 15:01:23,live
RB,00-0032764,Derrick Henry,BAL,IND,2026_01_BAL_IND,2026,1,NA,NA,15,20,17.40874244752582,-1.0099669041607269,-6.4790138104063635,4.459080002084909,-8.183573461394483,6.163639653073029,0.3875,0.1915,0.40457708174491896,0.23895418070979657,platt_vegas,platt_vegas,2026-09-13T17:00:00Z,2026-08-31 15:01:36,2026-08-31 15:01:23,live
RB,00-0036223,Jonathan Taylor,IND,BAL,2026_01_BAL_IND,2026,1,NA,NA,15,20,17.954613967648402,-1.0016588718176658,-6.564788100848665,4.561470357213333,-8.29867076442752,6.295353020792188,0.4085,0.2005,0.4013193597059858,0.22097451513821578,platt_vegas,platt_vegas,2026-09-13T17:00:00Z,2026-08-31 15:01:36,2026-08-31 15:01:23,live
RB,00-0033280,Christian McCaffrey,SF,LA,2026_01_SF_LA,2026,1,NA,NA,15,20,18.03395954483357,-1.6336216487626867,-7.210319099493656,3.9430758019682823,-8.948430624817878,5.681187327292504,0.388,0.176,0.38127617875421516,0.19564302327664898,platt_vegas,platt_vegas,2026-09-11T00:35:00Z,2026-08-31 15:01:36,2026-08-31 15:01:23,live
RB,00-0039361,Bucky Irving,TB,CIN,2026_01_TB_CIN,2026,1,NA,NA,15,20,16.868976757060455,-1.2590390095337065,-6.633748500633905,4.115670481566491,-8.308905633378526,5.790827614311113,0.3685,0.1595,0.37577940894378303,0.18681780386004787,platt_vegas,platt_vegas,2026-09-13T17:00:00Z,2026-08-31 15:01:36,2026-08-31 15:01:23,live
RB,00-0033906,Alvin Kamara,NO,DET,2026_01_NO_DET,2026,1,NA,NA,15,20,17.930711947272364,-1.7056023511448544,-7.264639039081901,3.8534343367921924,-8.997246164063565,5.586041461773857,0.3885,0.1785,0.362276537182881,0.18037679498166098,platt_vegas,platt_vegas,2026-09-13T17:00:00Z,2026-08-31 15:01:36,2026-08-31 15:01:23,live
RB,00-0036973,Travis Etienne,NO,DET,2026_01_NO_DET,2026,1,NA,NA,15,20,17.50629686199643,-1.3278106497739757,-6.813767166811543,4.158145867263592,-8.523597103603377,5.867975804055426,0.3835,0.1815,0.3574956595936068,0.18327314684498416,platt_vegas,platt_vegas,2026-09-13T17:00:00Z,2026-08-31 15:01:36,2026-08-31 15:01:23,live
RB,00-0036275,D'Andre Swift,CHI,CAR,2026_01_CHI_CAR,2026,1,NA,NA,15,20,16.119524641997884,-0.69934604002199,-5.940799546502246,4.5421074664582655,-7.574424255310907,6.175732175266926,0.337,0.15,0.34972331336872653,0.18768856592206926,platt_vegas,platt_vegas,2026-09-13T17:00:00Z,2026-08-31 15:01:36,2026-08-31 15:01:23,live
RB,00-0037248,James Cook,BUF,HOU,2026_01_BUF_HOU,2026,1,NA,NA,15,20,16.480276977323488,-1.3003611937037574,-6.606296534981488,4.005574147573973,-8.260018554290802,5.659296166883288,0.3455,0.1525,0.3451567047534551,0.18113365711465426,platt_vegas,platt_vegas,2026-09-13T17:00:00Z,2026-08-31 15:01:36,2026-08-31 15:01:23,live
RB,00-0038120,Breece Hall,NYJ,TEN,2026_01_NYJ_TEN,2026,1,NA,NA,15,20,17.716709623506066,-1.5485243733422214,-7.0708098640662005,3.9737611173817573,-8.7919625969081,5.694913850223657,0.376,0.151,0.3386260924403955,0.15456161550511768,platt_vegas,platt_vegas,2026-09-13T17:00:00Z,2026-08-31 15:01:36,2026-08-31 15:01:23,live
RB,00-0038542,Bijan Robinson,ATL,PIT,2026_01_ATL_PIT,2026,1,NA,NA,15,20,18.36438062602947,-2.502734809728597,-8.135649687954336,3.130180068497143,-9.89128272301008,4.885813103552886,0.3635,0.1525,0.3343338214348914,0.1582789188866575,platt_vegas,platt_vegas,2026-09-13T17:00:00Z,2026-08-31 15:01:36,2026-08-31 15:01:23,live
RB,00-0035700,Josh Jacobs,GB,MIN,2026_01_GB_MIN,2026,1,NA,NA,15,20,17.25063412390745,-2.1739126671200153,-7.6154635085792375,3.2676381743392064,-9.311453351445515,4.963628017205483,0.3315,0.1425,0.32623439207795313,0.16340186244049307,platt_vegas,platt_vegas,2026-09-13T20:25:00Z,2026-08-31 15:01:36,2026-08-31 15:01:23,live
RB,00-0039040,De'Von Achane,MIA,LV,2026_01_MIA_LV,2026,1,NA,NA,15,20,18.01261292334837,-1.6921799023548352,-7.265229677989442,3.880869873279772,-9.002204317875348,5.617844513165679,0.3655,0.1605,0.32439319302406655,0.15844800100627993,platt_vegas,platt_vegas,2026-09-13T20:25:00Z,2026-08-31 15:01:36,2026-08-31 15:01:23,live
RB,00-0035261,Tony Pollard,TEN,NYJ,2026_01_NYJ_TEN,2026,1,NA,NA,15,20,17.196991545301614,-1.6038624327464919,-7.036058878227154,3.8283340127341696,-8.729133199208583,5.5214083337156,0.3335,0.14,0.3080030972882204,0.15224965189362336,platt_vegas,platt_vegas,2026-09-13T17:00:00Z,2026-08-31 15:01:36,2026-08-31 15:01:23,live
RB,00-0037228,Jaylen Warren,PIT,ATL,2026_01_ATL_PIT,2026,1,NA,NA,15,20,14.918836174952116,-0.6076575247144097,-5.629697557487532,4.414382508058713,-7.194936794279632,5.979621744850813,0.316,0.1315,0.30753178344924953,0.1541400625357204,platt_vegas,platt_vegas,2026-09-13T17:00:00Z,2026-08-31 15:01:36,2026-08-31 15:01:23,live
RB,00-0036139,Rico Dowdle,PIT,ATL,2026_01_ATL_PIT,2026,1,NA,NA,15,20,15.009155106679023,-0.8141075204868153,-5.8529210220007695,4.224705981027139,-7.423388112660804,5.795173071687174,0.3045,0.119,0.2963889478141746,0.14041375159627922,platt_vegas,platt_vegas,2026-09-13T17:00:00Z,2026-08-31 15:01:36,2026-08-31 15:01:23,live
RB,00-0037197,Isiah Pacheco,DET,NO,2026_01_NO_DET,2026,1,NA,NA,15,20,13.207214873325219,-0.6573866352749785,-5.3524660967518045,4.037692826201848,-6.81580022889775,5.5010269583477935,0.26,0.0975,0.279157335446528,0.13347635537633404,platt_vegas,platt_vegas,2026-09-13T17:00:00Z,2026-08-31 15:01:36,2026-08-31 15:01:23,live
RB,00-0036158,J.K. Dobbins,DEN,KC,2026_01_DEN_KC,2026,1,NA,NA,15,20,15.643228673506503,-0.8622506020262681,-6.017571830196469,4.293070626143932,-7.62435134846794,5.899850144415403,0.303,0.1245,0.27746849142001007,0.13050033881003165,platt_vegas,platt_vegas,2026-09-15T00:15:00Z,2026-08-31 15:01:36,2026-08-31 15:01:23,live
RB,00-0039391,Kimani Vidal,LAC,ARI,2026_01_ARI_LAC,2026,1,NA,NA,15,20,13.765895999251512,-0.9949361760174522,-5.798716632829337,3.8088442807944327,-7.295930037515219,5.306057685480314,0.2545,0.096,0.2614904762112566,0.1276232176469223,platt_vegas,platt_vegas,2026-09-13T20:25:00Z,2026-08-31 15:01:36,2026-08-31 15:01:23,live
RB,00-0038134,Kenneth Walker III,KC,DEN,2026_01_DEN_KC,2026,1,NA,NA,15,20,13.755011909142972,-0.9225434690167166,-5.724225306945351,3.8791383689119177,-7.22078462671799,5.375697688684557,0.257,0.098,0.25041946233343126,0.11707733684721246,platt_vegas,platt_vegas,2026-09-15T00:15:00Z,2026-08-31 15:01:36,2026-08-31 15:01:23,live
RB,00-0040715,Cam Skattebo,NYG,DAL,2026_01_DAL_NYG,2026,1,NA,NA,15,20,14.201937311510727,-0.9194798235046497,-5.80673391534782,3.967774268338521,-7.329963880621827,5.491004233612527,0.2465,0.105,0.24868818162076595,0.12465509973242335,platt_vegas,platt_vegas,2026-09-14T00:20:00Z,2026-08-31 15:01:36,2026-08-31 15:01:23,live
RB,00-0039384,Tyrone Tracy Jr.,NYG,DAL,2026_01_DAL_NYG,2026,1,NA,NA,15,20,13.515044076766767,-0.815638360701239,-5.570860336108138,3.939583614705661,-7.052939325321798,5.421662603919319,0.2405,0.0865,0.24274954294639703,0.10392823886883172,platt_vegas,platt_vegas,2026-09-14T00:20:00Z,2026-08-31 15:01:36,2026-08-31 15:01:23,live
RB,00-0033293,Aaron Jones,MIN,GB,2026_01_GB_MIN,2026,1,NA,NA,15,20,14.531403171956867,-1.6039774626243672,-6.553544490776293,3.345589565527559,-8.096195777312914,4.888240852064179,0.237,0.0875,0.2418290523866808,0.1097922117316441,platt_vegas,platt_vegas,2026-09-13T20:25:00Z,2026-08-31 15:01:36,2026-08-31 15:01:23,live
RB,00-0040208,Tahj Brooks,CIN,TB,2026_01_TB_CIN,2026,1,NA,NA,15,20,11.723492436004856,0.017285013162652903,-4.378655268612444,4.413225294937749,-5.74875550013725,5.783325526462555,0.2165,0.0755,0.24175581664732815,0.10695836155561297,platt_vegas,platt_vegas,2026-09-13T17:00:00Z,2026-08-31 15:01:36,2026-08-31 15:01:23,live
RB,00-0040784,Quinshon Judkins,CLE,JAX,2026_01_CLE_JAX,2026,1,NA,NA,15,20,16.416456435426074,-2.1304081211123154,-7.424982352759859,3.1641661105352274,-9.075163409740993,4.814347167516361,0.2975,0.114,0.23978939667316998,0.09942120548712619,platt_vegas,platt_vegas,2026-09-13T17:00:00Z,2026-08-31 15:01:36,2026-08-31 15:01:23,live
RB,00-0033526,Samaje Perine,CIN,TB,2026_01_TB_CIN,2026,1,NA,NA,15,20,11.676163499848592,-0.3097188092164136,-4.69584612315243,4.076408504719604,-6.062887907872579,5.443450289439751,0.21,0.068,0.2348380503485601,0.09707528314554366,platt_vegas,platt_vegas,2026-09-13T17:00:00Z,2026-08-31 15:01:36,2026-08-31 15:01:23,live
RB,00-0039344,Jonathon Brooks,CAR,CHI,2026_01_CHI_CAR,2026,1,NA,NA,15,20,13.028616748484477,-0.6311477746756017,-5.291045653019605,4.028750103668402,-6.74341460090326,5.481119051552057,0.2345,0.075,0.2333193354902489,0.08934235251157992,platt_vegas,platt_vegas,2026-09-13T17:00:00Z,2026-08-31 15:01:36,2026-08-31 15:01:23,live
RB,00-0039738,Blake Corum,LA,SF,2026_01_SF_LA,2026,1,NA,NA,15,20,12.130048559172,-0.26560340469057775,-4.745118114638898,4.213911305257743,-6.141266321352178,5.610059511971023,0.216,0.0755,0.23073015415150794,0.10170609312788663,platt_vegas,platt_vegas,2026-09-11T00:35:00Z,2026-08-31 15:01:36,2026-08-31 15:01:23,live
RB,00-0036893,Najee Harris,NYG,DAL,2026_01_DAL_NYG,2026,1,NA,NA,15,20,12.439339695318248,-0.5763212351836383,-5.118579174386543,3.9659367040192666,-6.534282813480176,5.3816403431129,0.2265,0.084,0.22888276299376248,0.1011028412740894,platt_vegas,platt_vegas,2026-09-14T00:20:00Z,2026-08-31 15:01:36,2026-08-31 15:01:23,live
RB,00-0037525,Jordan Mason,MIN,GB,2026_01_GB_MIN,2026,1,NA,NA,15,20,13.158735568539212,-1.3546253366817291,-6.04017615137241,3.330925478008952,-7.500540452189677,4.7912897788262185,0.213,0.0735,0.2178612945312303,0.0932602418979331,platt_vegas,platt_vegas,2026-09-13T20:25:00Z,2026-08-31 15:01:36,2026-08-31 15:01:23,live
RB,00-0040583,Woody Marks,HOU,BUF,2026_01_BUF_HOU,2026,1,NA,NA,15,20,13.515044076766767,-1.1886529133897086,-5.943874888796609,3.5665690620171913,-7.425953878010267,5.048648051230851,0.223,0.0755,0.21710332241867836,0.08847531456176791,platt_vegas,platt_vegas,2026-09-13T17:00:00Z,2026-08-31 15:01:36,2026-08-31 15:01:23,live
RB,00-0039373,Audric Estimé,NO,DET,2026_01_NO_DET,2026,1,NA,NA,15,20,13.398138485659194,-0.8421635376115243,-5.5746178790908205,3.8902908038677717,-7.049600789077743,5.365273713854694,0.231,0.0895,0.21376924556476695,0.093332528097757,platt_vegas,platt_vegas,2026-09-13T17:00:00Z,2026-08-31 15:01:36,2026-08-31 15:01:23,live
RB,00-0035250,Devin Singletary,NYG,DAL,2026_01_DAL_NYG,2026,1,NA,NA,15,20,12.206047832744604,-0.7773645322637369,-5.272362284060761,3.7176332195332873,-6.6733361521483685,5.118607087620895,0.2005,0.065,0.20308900507766106,0.07941460238383594,platt_vegas,platt_vegas,2026-09-14T00:20:00Z,2026-08-31 15:01:36,2026-08-31 15:01:23,live
RB,00-0040236,Kyle Monangai,CHI,CAR,2026_01_CHI_CAR,2026,1,NA,NA,15,20,12.178449517457832,-0.5643278753339336,-5.053708130424671,3.9250523797568038,-6.452931170920335,5.324275420252468,0.1895,0.0625,0.2003380850361965,0.08335912895037127,platt_vegas,platt_vegas,2026-09-13T17:00:00Z,2026-08-31 15:01:36,2026-08-31 15:01:23,live
RB,00-0036569,Gary Brightwell,CIN,TB,2026_01_TB_CIN,2026,1,NA,NA,15,20,10.30431153920871,-0.1904675951532419,-4.283960851512323,3.9030256612058394,-5.559796212955878,5.178861022649394,0.1755,0.0495,0.19785003191044762,0.07221555853110173,platt_vegas,platt_vegas,2026-09-13T17:00:00Z,2026-08-31 15:01:36,2026-08-31 15:01:23,live
RB,00-0038389,Israel Abanikanda,DAL,NYG,2026_01_DAL_NYG,2026,1,NA,NA,15,20,11.636460750993223,-0.5152520033724024,-4.893133789859262,3.862629783114458,-6.257605658169496,5.227101651424691,0.1815,0.064,0.19515251776453302,0.08670343838217762,platt_vegas,platt_vegas,2026-09-14T00:20:00Z,2026-08-31 15:01:36,2026-08-31 15:01:23,live
RB,00-0039603,British Brooks,HOU,BUF,2026_01_BUF_HOU,2026,1,NA,NA,15,20,12.016296216929023,-0.55408910062325345,-5.010348118774645,3.902169917528138,-6.399248131319468,5.291069930072962,0.196,0.0745,0.19105244988398187,0.08736807438598794,platt_vegas,platt_vegas,2026-09-13T17:00:00Z,2026-08-31 15:01:36,2026-08-31 15:01:23,live
RB,00-0040730,RJ Harvey,DEN,KC,2026_01_DEN_KC,2026,1,NA,NA,15,20,12.490968182261588,-0.6884988425239066,-5.241161900342401,3.864164215294587,-6.660108544233746,5.283110859185933,0.2095,0.059,0.19094434057149615,0.06410539378470488,platt_vegas,platt_vegas,2026-09-15T00:15:00Z,2026-08-31 15:01:36,2026-08-31 15:01:23,live
RB,00-0038896,Jacob Saylors,DET,NO,2026_01_NO_DET,2026,1,NA,NA,15,20,10.017297301289478,0.021776501565194086,-4.008329806388766,4.051882809519154,-5.26440910493821,5.3079621080685975,0.175,0.0515,0.19076324587689478,0.07381047786708905,platt_vegas,platt_vegas,2026-09-13T17:00:00Z,2026-08-31 15:01:36,2026-08-31 15:01:23,live
RB,00-0035291,Trayveon Williams,DET,NO,2026_01_NO_DET,2026,1,NA,NA,15,20,11.091950693404106,-0.3585171678270058,-4.6220154000849325,3.9049810644309213,-5.950836890071917,5.233802554417906,0.174,0.057,0.1897112548055269,0.08115094544458239,platt_vegas,platt_vegas,2026-09-13T17:00:00Z,2026-08-31 15:01:36,2026-08-31 15:01:23,live
RB,00-0040734,TreVeyon Henderson,NE,SEA,2026_01_NE_SEA,2026,1,NA,NA,15,20,13.455452565910518,-1.702590662170517,-6.446218115156938,3.041036790815905,-7.924683393347594,4.51950206900656,0.2015,0.063,0.18725081739000835,0.06940299780409448,platt_vegas,platt_vegas,2026-09-10T00:20:00Z,2026-08-31 15:01:36,2026-08-31 15:01:23,live
RB,00-0040242,Jacory Croskey-Merritt,WAS,PHI,2026_01_WAS_PHI,2026,1,NA,NA,15,20,13.142226562527084,-1.2643407480473923,-5.946643119199809,3.417961623105024,-7.405994964669963,4.877313468575178,0.203,0.0655,0.18712422519772273,0.07070225797524841,platt_vegas,platt_vegas,2026-09-13T20:25:00Z,2026-08-31 15:01:36,2026-08-31 15:01:23,live
RB,00-0040586,Jaydon Blue,DAL,NYG,2026_01_DAL_NYG,2026,1,NA,NA,15,20,11.643995942324667,-0.8556585117248642,-5.2351061851636524,3.523789161713924,-6.60006609970242,4.888749076252691,0.172,0.0555,0.18525994253289294,0.0758773822087032,platt_vegas,platt_vegas,2026-09-14T00:20:00Z,2026-08-31 15:01:36,2026-08-31 15:01:23,live
RB,00-0040021,Phil Mafah,DAL,NYG,2026_01_DAL_NYG,2026,1,NA,NA,15,20,10.59649384856108,-0.40472167898036826,-4.561936686548333,3.7524933285875965,-5.8576324602105005,5.048189102249764,0.1705,0.0485,0.1836957564174338,0.06686081742277679,platt_vegas,platt_vegas,2026-09-14T00:20:00Z,2026-08-31 15:01:36,2026-08-31 15:01:23,live
RB,00-0035685,David Montgomery,HOU,BUF,2026_01_BUF_HOU,2026,1,NA,NA,15,20,12.13159213261358,-0.9360747877686736,-5.415904395262944,3.543754819725597,-6.812150747349673,4.940001171812325,0.188,0.063,0.18333405766946873,0.07456200893808902,platt_vegas,platt_vegas,2026-09-13T17:00:00Z,2026-08-31 15:01:36,2026-08-31 15:01:23,live
RB,00-0039364,Sione Vaki,DET,NO,2026_01_NO_DET,2026,1,NA,NA,15,20,10.017297301289478,0.021776501565194086,-4.008329806388766,4.051882809519154,-5.26440910493821,5.3079621080685975,0.167,0.048,0.18233875114509843,0.06910474036582209,platt_vegas,platt_vegas,2026-09-13T17:00:00Z,2026-08-31 15:01:36,2026-08-31 15:01:23,live
RB,00-0036919,Kenny Gainwell,TB,CIN,2026_01_TB_CIN,2026,1,NA,NA,15,20,11.967143860981672,-0.6113046250520999,-5.057484393637164,3.834875143532965,-6.443242966289898,5.220633716185697,0.175,0.0565,0.18198350370080585,0.07072175077672303,platt_vegas,platt_vegas,2026-09-13T17:00:00Z,2026-08-31 15:01:36,2026-08-31 15:01:23,live
RB,00-0036875,Rhamondre Stevenson,NE,SEA,2026_01_NE_SEA,2026,1,NA,NA,15,20,13.615064452220379,-1.7182469576933255,-6.492878258815967,3.0563843434293165,-7.981006629948467,4.544512714561817,0.195,0.0735,0.18120498544697847,0.08036175058935878,platt_vegas,platt_vegas,2026-09-10T00:20:00Z,2026-08-31 15:01:36,2026-08-31 15:01:23,live
RB,00-0041244,Jamal Haynes,CIN,TB,2026_01_TB_CIN,2026,1,NA,NA,15,20,10.059003104211389,-0.07094184064183287,-4.110308859847065,3.9684251785633995,-5.369274481188938,5.2273907999052724,0.1595,0.0505,0.18053427847190281,0.07357845235926458,platt_vegas,platt_vegas,2026-09-13T17:00:00Z,2026-08-31 15:01:36,2026-08-31 15:01:23,live
RB,00-0036555,Chuba Hubbard,CAR,CHI,2026_01_CHI_CAR,2026,1,NA,NA,15,20,11.871516099737882,-0.7853959257761718,-5.211912896084466,3.641121044532123,-6.591543086014822,5.0207512344624785,0.1805,0.0575,0.18031993337935293,0.06951528945928731,platt_vegas,platt_vegas,2026-09-13T17:00:00Z,2026-08-31 15:01:36,2026-08-31 15:01:23,live
RB,00-0038555,Tank Bigsby,PHI,WAS,2026_01_WAS_PHI,2026,1,NA,NA,15,20,11.13827596116348,-0.5673039865105347,-4.840630028584478,3.706022055563409,-6.17251459123424,5.037906618213171,0.175,0.052,0.1793892636216546,0.06850821358555498,platt_vegas,platt_vegas,2026-09-13T20:25:00Z,2026-08-31 15:01:36,2026-08-31 15:01:23,live
RB,00-0038611,Chris Rodriguez Jr.,JAX,CLE,2026_01_CLE_JAX,2026,1,NA,NA,15,20,12.235452290033084,-0.5755508442752739,-5.076527472582422,3.9254257840318734,-6.479364800946033,5.3282631123954864,0.1895,0.063,0.17881656992770792,0.07652932022467505,platt_vegas,platt_vegas,2026-09-13T17:00:00Z,2026-08-31 15:01:36,2026-08-31 15:01:23,live
RB,00-0041572,Roydell Williams,DET,NO,2026_01_NO_DET,2026,1,NA,NA,15,20,10.017297301289478,0.021776501565194086,-4.008329806388766,4.051882809519154,-5.26440910493821,5.3079621080685975,0.1625,0.044,0.1775912613780683,0.06369190299793095,platt_vegas,platt_vegas,2026-09-13T17:00:00Z,2026-08-31 15:01:36,2026-08-31 15:01:23,live
RB,00-0039811,MarShawn Lloyd,GB,MIN,2026_01_GB_MIN,2026,1,NA,NA,15,20,12.89409146965403,-1.8092080792473917,-6.442463440433102,2.8240472819383182,-7.8865286087867394,4.268112450291956,0.179,0.051,0.1774651728618802,0.06212327238562271,platt_vegas,platt_vegas,2026-09-13T20:25:00Z,2026-08-31 15:01:36,2026-08-31 15:01:23,live
RB,00-0039266,Kendall Milton,CIN,TB,2026_01_TB_CIN,2026,1,NA,NA,15,20,10.059003104211389,-0.07094184064183287,-4.110308859847065,3.9684251785633995,-5.369274481188938,5.2273907999052724,0.156,0.0495,0.17673212531784882,0.07221555853110173,platt_vegas,platt_vegas,2026-09-13T17:00:00Z,2026-08-31 15:01:36,2026-08-31 15:01:23,live
RB,00-0037256,Rachaad White,WAS,PHI,2026_01_WAS_PHI,2026,1,NA,NA,15,20,12.758013447350267,-1.1271446816314787,-5.733323133654153,3.4790337703911955,-7.168949133790003,4.914659770527045,0.19,0.0635,0.17511137776658006,0.06864424928322518,platt_vegas,platt_vegas,2026-09-13T20:25:00Z,2026-08-31 15:01:36,2026-08-31 15:01:23,live
RB,00-0040719,Bhayshul Tuten,JAX,CLE,2026_01_CLE_JAX,2026,1,NA,NA,15,20,11.222620823661796,-0.8655386013848739,-5.1567113761933,3.425634173423552,-6.494158301178339,4.76308109840859,0.185,0.055,0.17458500548654338,0.06731453801472237,platt_vegas,platt_vegas,2026-09-13T17:00:00Z,2026-08-31 15:01:36,2026-08-31 15:01:23,live
RB,00-0038951,Sean Tucker,TB,CIN,2026_01_TB_CIN,2026,1,NA,NA,15,20,10.878287992410543,-0.6369519999273795,-4.854882398580297,3.5809783987255375,-6.169501580216746,4.8955975803619864,0.1655,0.043,0.17233967117098634,0.05463962868452687,platt_vegas,platt_vegas,2026-09-13T17:00:00Z,2026-08-31 15:01:36,2026-08-31 15:01:23,live
RB,00-0041241,Kentrel Bullock,CIN,TB,2026_01_TB_CIN,2026,1,NA,NA,15,20,10.059003104211389,-0.07094184064183287,-4.110308859847065,3.9684251785633995,-5.369274481188938,5.2273907999052724,0.1505,0.0475,0.17074666761448207,0.06948265348955412,platt_vegas,platt_vegas,2026-09-13T17:00:00Z,2026-08-31 15:01:36,2026-08-31 15:01:23,live
RB,00-0036755,Jaret Patterson,LAC,ARI,2026_01_ARI_LAC,2026,1,NA,NA,15,20,11.345914564607952,-0.9065393793986645,-5.223692520798474,3.410613762001145,-6.569236850206755,4.756158091409427,0.164,0.0575,0.17033932680269212,0.07921441006344417,platt_vegas,platt_vegas,2026-09-13T20:25:00Z,2026-08-31 15:01:36,2026-08-31 15:01:23,live
RB,00-0034975,Justice Hill,BAL,IND,2026_01_BAL_IND,2026,1,NA,NA,15,20,10.685209167346402,-0.6118563857714101,-4.788263104015709,3.564550332472889,-6.089940434649888,4.866227663107068,0.157,0.052,0.16946719480832695,0.07178143367969671,platt_vegas,platt_vegas,2026-09-13T17:00:00Z,2026-08-31 15:01:36,2026-08-31 15:01:23,live
RB,00-0038396,Eric Gray,NYG,DAL,2026_01_DAL_NYG,2026,1,NA,NA,15,20,11.117125466269597,-0.3995370438143014,-4.66837832612464,3.869304238496037,-5.998865105820906,5.199791018192304,0.165,0.056,0.16776751110643773,0.06899288450191858,platt_vegas,platt_vegas,2026-09-14T00:20:00Z,2026-08-31 15:01:36,2026-08-31 15:01:23,live
RB,00-0036924,Michael Carter,TEN,NYJ,2026_01_NYJ_TEN,2026,1,NA,NA,15,20,12.410668306911187,-1.0111973921446402,-5.547668600243387,3.5252738159541064,-6.961568665785657,4.939173881496376,0.1815,0.064,0.16658272425416498,0.07256233658541532,platt_vegas,platt_vegas,2026-09-13T17:00:00Z,2026-08-31 15:01:36,2026-08-31 15:01:23,live
RB,00-0037557,Ronnie Rivers,LA,SF,2026_01_SF_LA,2026,1,NA,NA,15,20,10.059003104211389,-0.22443996197096067,-4.263806981176193,3.814927057234272,-5.522772602518066,5.0738926785761445,0.153,0.043,0.16528039943040507,0.06004524574449458,platt_vegas,platt_vegas,2026-09-11T00:35:00Z,2026-08-31 15:01:36,2026-08-31 15:01:23,live
RB,00-0039032,Tyjae Spears,TEN,NYJ,2026_01_NYJ_TEN,2026,1,NA,NA,15,20,12.492727299488083,-1.0503735895267188,-5.603390837446976,3.5026436583935388,-7.022447873179276,4.921700694125839,0.179,0.0495,0.16428478117016634,0.056850648868522265,platt_vegas,platt_vegas,2026-09-13T17:00:00Z,2026-08-31 15:01:36,2026-08-31 15:01:23,live
RB,00-0039021,Roschon Johnson,CHI,CAR,2026_01_CHI_CAR,2026,1,NA,NA,15,20,11.117125466269597,-0.7003720687571121,-4.9692133510674505,3.5684692135532265,-6.299700130763717,4.898955993249493,0.153,0.0495,0.16273974971875885,0.06697432515949954,platt_vegas,platt_vegas,2026-09-13T17:00:00Z,2026-08-31 15:01:36,2026-08-31 15:01:23,live
RB,00-0040984,Dontae McMillan,BAL,IND,2026_01_BAL_IND,2026,1,NA,NA,15,20,10.433255575739189,-0.7369965493813025,-4.858709462705026,3.3847163639424203,-6.143340157129126,4.669347058366521,0.1505,0.0405,0.16266132846523126,0.056753608056908045,platt_vegas,platt_vegas,2026-09-13T17:00:00Z,2026-08-31 15:01:36,2026-08-31 15:01:23,live
RB,00-0038614,Scott Matlock,LAC,ARI,2026_01_ARI_LAC,2026,1,NA,NA,15,20,10.486568581031266,-0.531768447585658,-4.66510337238846,3.601566477217144,-5.9533563454600396,4.889819450288724,0.155,0.049,0.16120623211585008,0.06818576199111538,platt_vegas,platt_vegas,2026-09-13T20:25:00Z,2026-08-31 15:01:36,2026-08-31 15:01:23,live
RB,00-0038454,Keaton Mitchell,LAC,ARI,2026_01_ARI_LAC,2026,1,NA,NA,15,20,10.431799719719034,-0.7241263289484133,-4.845521499413102,3.397268841516275,-6.130053161653683,4.681800503756856,0.1535,0.041,0.1596826373899618,0.057667507835660284,platt_vegas,platt_vegas,2026-09-13T20:25:00Z,2026-08-31 15:01:36,2026-08-31 15:01:23,live
RB,00-0039652,Jabari Small,DET,NO,2026_01_NO_DET,2026,1,NA,NA,15,20,10.017297301289478,0.021776501565194086,-4.008329806388766,4.051882809519154,-5.26440910493821,5.3079621080685975,0.144,0.0475,0.15800555751872036,0.06843020716439824,platt_vegas,platt_vegas,2026-09-13T17:00:00Z,2026-08-31 15:01:36,2026-08-31 15:01:23,live
RB,00-0038738,Hunter Luepke,DAL,NYG,2026_01_DAL_NYG,2026,1,NA,NA,15,20,10.292344768756953,-0.5871314475749357,-4.677997759473083,3.503734864323212,-5.953014370664491,4.778751475514619,0.1455,0.0465,0.15753374322744307,0.06426658627696978,platt_vegas,platt_vegas,2026-09-14T00:20:00Z,2026-08-31 15:01:36,2026-08-31 15:01:23,live
RB,00-0033376,Patrick Ricard,NYG,DAL,2026_01_DAL_NYG,2026,1,NA,NA,15,20,10.488112154472846,-0.3143408564128232,-4.4480118793538095,3.819330166528163,-5.736369605471933,5.107687892646287,0.154,0.0385,0.15679421270747654,0.04839406560601849,platt_vegas,platt_vegas,2026-09-14T00:20:00Z,2026-08-31 15:01:36,2026-08-31 15:01:23,live
RB,00-0037563,Malik Davis,DAL,NYG,2026_01_DAL_NYG,2026,1,NA,NA,15,20,10.76799492245696,-0.7497977954616083,-4.944049263928468,3.4444536730052513,-6.251288339000531,4.751692748077314,0.1445,0.042,0.15648351481345812,0.058398191258965365,platt_vegas,platt_vegas,2026-09-14T00:20:00Z,2026-08-31 15:01:36,2026-08-31 15:01:23,live
RB,00-0038551,Kendre Miller,NO,DET,2026_01_NO_DET,2026,1,NA,NA,15,20,12.06238402370603,-1.0153873353291158,-5.481080433075017,3.450305762416785,-6.872920802814922,4.84214613215669,0.1685,0.046,0.15583279594250027,0.049459294696855095,platt_vegas,platt_vegas,2026-09-13T17:00:00Z,2026-08-31 15:01:36,2026-08-31 15:01:23,live
RB,00-0038797,Emanuel Wilson,SEA,NE,2026_01_NE_SEA,2026,1,NA,NA,15,20,11.515869713521663,-1.169092976318198,-5.521852710149871,3.1836667575134756,-6.878494688162926,4.54030873552653,0.1535,0.047,0.15534495332763187,0.06085507338601206,platt_vegas,platt_vegas,2026-09-10T00:20:00Z,2026-08-31 15:01:36,2026-08-31 15:01:23,live
RB,00-0040991,Elijah Tau-Tolliver,BAL,IND,2026_01_BAL_IND,2026,1,NA,NA,15,20,10.433255575739189,-0.7369965493813025,-4.858709462705026,3.3847163639424203,-6.143340157129126,4.669347058366521,0.142,0.034,0.15374284624655382,0.04812415855527998,platt_vegas,platt_vegas,2026-09-13T17:00:00Z,2026-08-31 15:01:36,2026-08-31 15:01:23,live
RB,00-0037258,Dameon Pierce,PHI,WAS,2026_01_WAS_PHI,2026,1,NA,NA,15,20,11.157742833068772,-1.0015887490031261,-5.279039187462154,3.275861689455902,-6.612209217174681,4.609031719168429,0.148,0.052,0.1522560417434568,0.06850821358555498,platt_vegas,platt_vegas,2026-09-13T20:25:00Z,2026-08-31 15:01:36,2026-08-31 15:01:23,live
RB,00-0041415,Dean Connors,LA,SF,2026_01_SF_LA,2026,1,NA,NA,15,20,10.059003104211389,-0.22443996197096067,-4.263806981176193,3.814927057234272,-5.522772602518066,5.0738926785761445,0.1405,0.0425,0.15216677030468476,0.05938807334294278,platt_vegas,platt_vegas,2026-09-11T00:35:00Z,2026-08-31 15:01:36,2026-08-31 15:01:23,live
RB,00-0040039,Amar Johnson,LAC,ARI,2026_01_ARI_LAC,2026,1,NA,NA,15,20,10.123105773010446,-0.5133374373192522,-4.566904920157861,3.540230045519357,-5.830296456608845,4.803621581970341,0.145,0.0415,0.15104103958278767,0.05832915192514562,platt_vegas,platt_vegas,2026-09-13T20:25:00Z,2026-08-31 15:01:36,2026-08-31 15:01:23,live
RB,00-0040179,DJ Giddens,IND,BAL,2026_01_BAL_IND,2026,1,NA,NA,15,20,10.609935201709048,-0.6643050333777496,-4.8244324071655225,3.495822340410023,-6.121035889617225,4.792425822861727,0.152,0.0425,0.15099209378034864,0.05123553985828261,platt_vegas,platt_vegas,2026-09-13T17:00:00Z,2026-08-31 15:01:36,2026-08-31 15:01:23,live
RB,00-0041595,Barika Kpeenu,TB,CIN,2026_01_TB_CIN,2026,1,NA,NA,15,20,10.123105773010446,-0.38952353691528124,-4.443091019753891,3.664043945923328,-5.706482556204874,4.927435482374311,0.1445,0.044,0.15096316498281603,0.055841123158575694,platt_vegas,platt_vegas,2026-09-13T17:00:00Z,2026-08-31 15:01:36,2026-08-31 15:01:23,live
RB,00-0035537,Ty Johnson,BUF,HOU,2026_01_BUF_HOU,2026,1,NA,NA,15,20,11.133656496326017,-0.8727956132350954,-5.145142467603643,3.3995512411334516,-6.476721842917846,4.731130616447655,0.1485,0.0415,0.15060019092520405,0.05349192850801228,platt_vegas,platt_vegas,2026-09-13T17:00:00Z,2026-08-31 15:01:36,2026-08-31 15:01:23,live
RB,00-0040637,Lucas Scott,BAL,IND,2026_01_BAL_IND,2026,1,NA,NA,15,20,10.433255575739189,-0.7369965493813025,-4.858709462705026,3.3847163639424203,-6.143340157129126,4.669347058366521,0.1385,0.0385,0.1500642792273659,0.05410965420817487,platt_vegas,platt_vegas,2026-09-13T17:00:00Z,2026-08-31 15:01:36,2026-08-31 15:01:23,live
RB,00-0040142,Kaleb Johnson,PIT,ATL,2026_01_ATL_PIT,2026,1,NA,NA,15,20,11.742673865177139,-1.307930336668266,-5.7078425590083075,3.091981885671775,-7.079180741082668,4.463320067746137,0.15,0.0465,0.1469907419250754,0.05799183567968072,platt_vegas,platt_vegas,2026-09-13T17:00:00Z,2026-08-31 15:01:36,2026-08-31 15:01:23,live
RB,00-0040601,Jordan Waters,LA,SF,2026_01_SF_LA,2026,1,NA,NA,15,20,10.059003104211389,-0.22443996197096067,-4.263806981176193,3.814927057234272,-5.522772602518066,5.0738926785761445,0.1355,0.041,0.14690825733777882,0.0574131007443967,platt_vegas,platt_vegas,2026-09-11T00:35:00Z,2026-08-31 15:01:36,2026-08-31 15:01:23,live
RB,00-0036425,DeeJay Dallas,JAX,CLE,2026_01_CLE_JAX,2026,1,NA,NA,15,20,11.158218339963081,-0.7755749639368957,-5.0531261065145046,3.5019761786407133,-6.386327523081116,4.835177595207325,0.1545,0.0495,0.14593512775503673,0.060929419454445494,platt_vegas,platt_vegas,2026-09-13T17:00:00Z,2026-08-31 15:01:36,2026-08-31 15:01:23,live
RB,00-0037329,Brittain Brown,CHI,CAR,2026_01_CHI_CAR,2026,1,NA,NA,15,20,10.30585511265029,-0.7347750565992318,-4.828607058631089,3.3590569454326253,-6.104547998288848,4.634997885090384,0.1365,0.0365,0.14563970536518694,0.0502605580065646,platt_vegas,platt_vegas,2026-09-13T17:00:00Z,2026-08-31 15:01:36,2026-08-31 15:01:23,live
RB,00-0035125,Alec Ingold,LAC,ARI,2026_01_ARI_LAC,2026,1,NA,NA,15,20,10.090455294645748,-0.6694841617355071,-4.715823731300783,3.3768554078297686,-5.976962515208632,4.637994191737617,0.1385,0.031,0.1444234122686805,0.04430197512908531,platt_vegas,platt_vegas,2026-09-13T20:25:00Z,2026-08-31 15:01:36,2026-08-31 15:01:23,live
RB,00-0040202,Devin Neal,NO,DET,2026_01_NO_DET,2026,1,NA,NA,15,20,11.962627422807156,-1.1834049926284465,-5.628657685558094,3.2618477003012014,-7.014127312845624,4.647317327588731,0.1555,0.049,0.14383323148129737,0.052533250918400456,platt_vegas,platt_vegas,2026-09-13T17:00:00Z,2026-08-31 15:01:36,2026-08-31 15:01:23,live
RB,00-0040394,Anthony Tyus III,CAR,CHI,2026_01_CHI_CAR,2026,1,NA,NA,15,20,10.052213838335742,-0.3773870304630333,-4.415247675989053,3.6604736150629864,-5.673743799841343,4.918969738915276,0.1425,0.045,0.142912138463666,0.05511819055153551,platt_vegas,platt_vegas,2026-09-13T17:00:00Z,2026-08-31 15:01:36,2026-08-31 15:01:23,live
RB,00-0041139,Damon Bankston,NYG,DAL,2026_01_DAL_NYG,2026,1,NA,NA,15,20,10.124649346452026,-0.3034474555161948,-4.357356384355046,3.7504614733226562,-5.620854340642059,5.0139594296096694,0.1395,0.051,0.14230542459558293,0.06315584954111826,platt_vegas,platt_vegas,2026-09-14T00:20:00Z,2026-08-31 15:01:36,2026-08-31 15:01:23,live
RB,00-0032104,Ameer Abdullah,JAX,CLE,2026_01_CLE_JAX,2026,1,NA,NA,15,20,10.692726244314276,-0.6374143589729881,-4.815443956884824,3.540615238938848,-6.117627096894405,4.842798378948429,0.1505,0.044,0.1421810471651589,0.05449941355589392,platt_vegas,platt_vegas,2026-09-13T17:00:00Z,2026-08-31 15:01:36,2026-08-31 15:01:23,live
RB,00-0041376,Gregory Desrosiers,LAC,ARI,2026_01_ARI_LAC,2026,1,NA,NA,15,20,10.123105773010446,-0.5133374373192522,-4.566904920157861,3.540230045519357,-5.830296456608845,4.803621581970341,0.136,0.044,0.14187593873270757,0.06162863597372455,platt_vegas,platt_vegas,2026-09-13T20:25:00Z,2026-08-31 15:01:36,2026-08-31 15:01:23,live
RB,00-0041585,Grant Finley,NYG,DAL,2026_01_DAL_NYG,2026,1,NA,NA,15,20,10.124649346452026,-0.3034474555161948,-4.357356384355046,3.7504614733226562,-5.620854340642059,5.0139594296096694,0.139,0.0435,0.14180529126740238,0.054329925588014805,platt_vegas,platt_vegas,2026-09-14T00:20:00Z,2026-08-31 15:01:36,2026-08-31 15:01:23,live
RB,00-0039874,Jaylen Wright,MIA,LV,2026_01_MIA_LV,2026,1,NA,NA,15,20,12.028357230850958,-1.2139769132813079,-5.672706358431569,3.2447525318689525,-7.0623763388072,4.6344225122445835,0.163,0.049,0.14179007075020134,0.05089331664117815,platt_vegas,platt_vegas,2026-09-13T20:25:00Z,2026-08-31 15:01:36,2026-08-31 15:01:23,live
RB,00-0040429,Josh Williams,TB,CIN,2026_01_TB_CIN,2026,1,NA,NA,15,20,10.123105773010446,-0.38952353691528124,-4.443091019753891,3.664043945923328,-5.706482556204874,4.927435482374311,0.1355,0.043,0.14177531564163143,0.05463962868452687,platt_vegas,platt_vegas,2026-09-13T17:00:00Z,2026-08-31 15:01:36,2026-08-31 15:01:23,live
RB,00-0036727,Adam Prentice,DEN,KC,2026_01_DEN_KC,2026,1,NA,NA,15,20,10.792034185412625,-0.5698899819491443,-4.769311680881132,3.629531716982844,-6.078162182292783,4.938382218394495,0.1555,0.0425,0.14159391899589685,0.046893611712757646,platt_vegas,platt_vegas,2026-09-15T00:15:00Z,2026-08-31 15:01:36,2026-08-31 15:01:23,live
RB,00-0033553,James Conner,ARI,LAC,2026_01_ARI_LAC,2026,1,NA,NA,15,20,14.337763262923993,-2.4231802718484605,-7.336201122898019,2.489840579201098,-8.867461916730065,4.021101373033144,0.175,0.0575,0.14116301719963853,0.05107964847698768,platt_vegas,platt_vegas,2026-09-13T20:25:00Z,2026-08-31 15:01:36,2026-08-31 15:01:23,live
RB,00-0035924,Jonathan Ward,BAL,IND,2026_01_BAL_IND,2026,1,NA,NA,15,20,10.433255575739189,-0.7369965493813025,-4.858709462705026,3.3847163639424203,-6.143340157129126,4.669347058366521,0.129,0.039,0.14006064024408268,0.054771551125958766,platt_vegas,platt_vegas,2026-09-13T17:00:00Z,2026-08-31 15:01:36,2026-08-31 15:01:23,live
RB,00-0041312,Noah Whittington,HOU,BUF,2026_01_BUF_HOU,2026,1,NA,NA,15,20,10.124649346452026,-0.5658636952867405,-4.619772624125591,3.4880452335521106,-5.883270580412605,4.751543189839124,0.142,0.0425,0.13893389112662127,0.05134769851050656,platt_vegas,platt_vegas,2026-09-13T17:00:00Z,2026-08-31 15:01:36,2026-08-31 15:01:23,live
RB,00-0040692,Jarquez Hunter,MIA,LV,2026_01_MIA_LV,2026,1,NA,NA,15,20,11.506267717765983,-0.9374238893939598,-5.288178244334589,3.4133304655466694,-6.6441951979144624,4.769347419126542,0.159,0.0515,0.1382820459176552,0.05337290187533245,platt_vegas,platt_vegas,2026-09-13T20:25:00Z,2026-08-31 15:01:36,2026-08-31 15:01:23,live
RB,00-0041081,Max Bredeson,MIN,GB,2026_01_GB_MIN,2026,1,NA,NA,15,20,10.433255575739189,-1.137586667124415,-5.259299580448138,2.984126246199308,-6.543930274872238,4.268756940623408,0.132,0.035,0.13643250291776027,0.046346435994358656,platt_vegas,platt_vegas,2026-09-13T20:25:00Z,2026-08-31 15:01:36,2026-08-31 15:01:23,live
RB,00-0040888,Adam Randall,BAL,IND,2026_01_BAL_IND,2026,1,NA,NA,15,20,10.433255575739189,-0.7369965493813025,-4.858709462705026,3.3847163639424203,-6.143340157129126,4.669347058366521,0.1255,0.035,0.136367928929553,0.049458810199473555,platt_vegas,platt_vegas,2026-09-13T17:00:00Z,2026-08-31 15:01:36,2026-08-31 15:01:23,live
RB,00-0039796,Rasheen Ali,BAL,IND,2026_01_BAL_IND,2026,1,NA,NA,15,20,10.49600150925258,-1.1036124206968874,-5.23900092845561,3.0317760870618358,-6.527893949913431,4.320669108519657,0.125,0.037,0.13584007733427317,0.05212024886294957,platt_vegas,platt_vegas,2026-09-13T17:00:00Z,2026-08-31 15:01:36,2026-08-31 15:01:23,live
RB,00-0040177,Jordan James,SF,LA,2026_01_SF_LA,2026,1,NA,NA,15,20,11.073876089906106,-0.9992631571947008,-5.25892191911856,3.2603956047291582,-6.586546746080924,4.588020431691523,0.1365,0.045,0.1358184050828735,0.05409136929281281,platt_vegas,platt_vegas,2026-09-11T00:35:00Z,2026-08-31 15:01:36,2026-08-31 15:01:23,live
RB,00-0041231,Lincoln Pare,IND,BAL,2026_01_BAL_IND,2026,1,NA,NA,15,20,10.052213838335742,-0.5608502884683139,-4.598710933994333,3.4770103570577056,-5.857207057846623,4.735506480909996,0.1365,0.036,0.1358184050828735,0.043763570986095006,platt_vegas,platt_vegas,2026-09-13T17:00:00Z,2026-08-31 15:01:36,2026-08-31 15:01:23,live
RB,00-0036020,Salvon Ahmed,CHI,CAR,2026_01_CHI_CAR,2026,1,NA,NA,15,20,10.124649346452026,-0.5783853750407199,-4.632294303879571,3.4755235537981313,-5.895792260166584,4.739021510085144,0.127,0.037,0.13576212429630882,0.050910346305122124,platt_vegas,platt_vegas,2026-09-13T17:00:00Z,2026-08-31 15:01:36,2026-08-31 15:01:23,live
RB,00-0039325,Carson Steele,PHI,WAS,2026_01_WAS_PHI,2026,1,NA,NA,15,20,10.052213838335742,-0.49176063718277135,-4.529621282708791,3.5461000083432483,-5.788117406561081,4.804596132195538,0.131,0.032,0.1351140452189089,0.04331829911481289,platt_vegas,platt_vegas,2026-09-13T20:25:00Z,2026-08-31 15:01:36,2026-08-31 15:01:23,live
RB,00-0037410,Jashaun Corbin,DAL,NYG,2026_01_DAL_NYG,2026,1,NA,NA,15,20,10.212410196576238,-0.5966938622327884,-4.669977760053571,3.4765900355879937,-5.93951439015924,4.746126665693663,0.123,0.037,0.1338291768427676,0.05182343558288623,platt_vegas,platt_vegas,2026-09-14T00:20:00Z,2026-08-31 15:01:36,2026-08-31 15:01:23,live
RB,00-0040959,Jaydn Ott,KC,DEN,2026_01_DEN_KC,2026,1,NA,NA,15,20,10.017297301289478,-0.42919886370978894,-4.459305171663749,3.600907444244171,-5.715384470213192,4.856986742793615,0.1345,0.045,0.13199047416095636,0.05621968319637078,platt_vegas,platt_vegas,2026-09-15T00:15:00Z,2026-08-31 15:01:36,2026-08-31 15:01:23,live
RB,00-0040476,Ulysses Bentley IV,IND,BAL,2026_01_BAL_IND,2026,1,NA,NA,15,20,10.052213838335742,-0.5608502884683139,-4.598710933994333,3.4770103570577056,-5.857207057846623,4.735506480909996,0.1315,0.035,0.13091939200163782,0.04260757942240186,platt_vegas,platt_vegas,2026-09-13T17:00:00Z,2026-08-31 15:01:36,2026-08-31 15:01:23,live
RB,00-0038409,Lew Nichols III,PIT,ATL,2026_01_ATL_PIT,2026,1,NA,NA,15,20,10.354112545986998,-0.6997670125928162,-4.804177946777334,3.4046439215917017,-6.083416064390794,4.683882039205161,0.133,0.044,0.13053816261795415,0.05503619661685318,platt_vegas,platt_vegas,2026-09-13T17:00:00Z,2026-08-31 15:01:36,2026-08-31 15:01:23,live
RB,00-0037746,Brian Robinson,ATL,PIT,2026_01_ATL_PIT,2026,1,NA,NA,15,20,12.149407464412151,-1.631358146362495,-6.114820883426602,2.852104590701612,-7.51219958748941,4.24948329476442,0.143,0.043,0.13022115815583793,0.04741949395299428,platt_vegas,platt_vegas,2026-09-13T17:00:00Z,2026-08-31 15:01:36,2026-08-31 15:01:23,live
RB,00-0038489,Ben VanSumeren,BUF,HOU,2026_01_BUF_HOU,2026,1,NA,NA,15,20,10.059003104211389,-0.849725548761462,-4.889092567966695,3.1896414704437706,-6.148058189308568,4.448607091785643,0.128,0.034,0.130171855866989,0.04429176469969403,platt_vegas,platt_vegas,2026-09-13T17:00:00Z,2026-08-31 15:01:36,2026-08-31 15:01:23,live
RB,00-0041490,Eli Heidenreich,PIT,ATL,2026_01_ATL_PIT,2026,1,NA,NA,15,20,10.108804110989677,-0.40069420134870265,-4.451096977717951,3.6497085750205454,-5.713502157487895,4.912113754790489,0.1325,0.037,0.13005402912933814,0.04670295151380174,platt_vegas,platt_vegas,2026-09-13T17:00:00Z,2026-08-31 15:01:36,2026-08-31 15:01:23,live
RB,00-0040998,Roman Hemby,LV,MIA,2026_01_MIA_LV,2026,1,NA,NA,15,20,10.433255575739189,-0.7419748058157449,-4.863687719139468,3.379738107507978,-6.148318413563568,4.664368801932079,0.1365,0.044,0.12943954766192764,0.05327098299222286,platt_vegas,platt_vegas,2026-09-13T20:25:00Z,2026-08-31 15:01:36,2026-08-31 15:01:23,live
RB,00-0041104,Demond Claiborne,MIN,GB,2026_01_GB_MIN,2026,1,NA,NA,15,20,10.433255575739189,-1.137586667124415,-5.259299580448138,2.984126246199308,-6.543930274872238,4.268756940623408,0.1245,0.0305,0.12884056959841286,0.04068192637360407,platt_vegas,platt_vegas,2026-09-13T20:25:00Z,2026-08-31 15:01:36,2026-08-31 15:01:23,live
RB,00-0033955,Jeremy McNichols,WAS,PHI,2026_01_WAS_PHI,2026,1,NA,NA,15,20,11.332011808344726,-1.0483239943936078,-5.362553899556728,3.265905910769512,-6.70718713227398,4.610539143486763,0.1395,0.042,0.12861614718221184,0.04629104797732175,platt_vegas,platt_vegas,2026-09-13T20:25:00Z,2026-08-31 15:01:36,2026-08-31 15:01:23,live
RB,00-0038678,Jordan Mims,PHI,WAS,2026_01_WAS_PHI,2026,1,NA,NA,15,20,10.052213838335742,-0.49176063718277135,-4.529621282708791,3.5461000083432483,-5.788117406561081,4.804596132195538,0.1245,0.0335,0.12854645497725048,0.04523778788795032,platt_vegas,platt_vegas,2026-09-13T20:25:00Z,2026-08-31 15:01:36,2026-08-31 15:01:23,live
RB,00-0035628,D'Ernest Johnson,TEN,NYJ,2026_01_NYJ_TEN,2026,1,NA,NA,15,20,12.502821045873176,-2.018702826252774,-6.573751971885904,2.536346319380356,-7.993442297278299,3.956036644772751,0.14,0.048,0.1285228781860601,0.055211836797190404,platt_vegas,platt_vegas,2026-09-13T17:00:00Z,2026-08-31 15:01:36,2026-08-31 15:01:23,live
RB,00-0039405,Jawhar Jordan,HOU,BUF,2026_01_BUF_HOU,2026,1,NA,NA,15,20,11.639297310284526,-1.3156933070599208,-5.694164611745145,3.062777997625303,-7.058820217542308,4.4274336034224655,0.131,0.0405,0.12830585519500806,0.049051305795507864,platt_vegas,platt_vegas,2026-09-13T17:00:00Z,2026-08-31 15:01:36,2026-08-31 15:01:23,live
RB,00-0040964,EJ Smith,KC,DEN,2026_01_DEN_KC,2026,1,NA,NA,15,20,10.017297301289478,-0.42919886370978894,-4.459305171663749,3.600907444244171,-5.715384470213192,4.856986742793615,0.13,0.0465,0.12763313268995097,0.05799183567968072,platt_vegas,platt_vegas,2026-09-15T00:15:00Z,2026-08-31 15:01:36,2026-08-31 15:01:23,live
RB,00-0036567,Elijah Mitchell,PHI,WAS,2026_01_WAS_PHI,2026,1,NA,NA,15,20,10.297522273333064,-0.6412754816296483,-4.733278526586902,3.4507275633276056,-6.008649427902296,4.726098464642999,0.1235,0.0335,0.12753536387728318,0.04523778788795032,platt_vegas,platt_vegas,2026-09-13T20:25:00Z,2026-08-31 15:01:36,2026-08-31 15:01:23,live
RB,00-0041125,Seth McGowan,IND,BAL,2026_01_BAL_IND,2026,1,NA,NA,15,20,10.052213838335742,-0.5608502884683139,-4.598710933994333,3.4770103570577056,-5.857207057846623,4.735506480909996,0.127,0.035,0.12650829260000981,0.04260757942240186,platt_vegas,platt_vegas,2026-09-13T17:00:00Z,2026-08-31 15:01:36,2026-08-31 15:01:23,live
RB,00-0036670,Jermar Jefferson,MIN,GB,2026_01_GB_MIN,2026,1,NA,NA,15,20,10.67856401073651,-1.4210781228212799,-5.596049776800794,2.7538935311582344,-6.897279835234852,4.055123589592292,0.122,0.035,0.12630754171235545,0.046346435994358656,platt_vegas,platt_vegas,2026-09-13T20:25:00Z,2026-08-31 15:01:36,2026-08-31 15:01:23,live
RB,00-0036265,AJ Dillon,CAR,CHI,2026_01_CHI_CAR,2026,1,NA,NA,15,20,10.741607781094547,-1.1611653254873613,-5.349735643940121,3.0274049929653986,-6.655204052340046,4.332873401365324,0.1255,0.0325,0.1261331528522152,0.040474931959556266,platt_vegas,platt_vegas,2026-09-13T17:00:00Z,2026-08-31 15:01:36,2026-08-31 15:01:23,live
RB,00-0039875,Ray Davis,BUF,HOU,2026_01_BUF_HOU,2026,1,NA,NA,15,20,10.482371280668334,-0.8747963496232918,-5.007217241022188,3.257624541775604,-6.295185333659084,4.5455926344125,0.1235,0.031,0.12567971730459185,0.04057789538615129,platt_vegas,platt_vegas,2026-09-13T17:00:00Z,2026-08-31 15:01:36,2026-08-31 15:01:23,live
RB,00-0038794,Jaleel McLaughlin,DEN,KC,2026_01_DEN_KC,2026,1,NA,NA,15,20,10.508564991594342,-0.6158146911461341,-4.753937032682043,3.522307650389775,-6.04368211901131,4.812052736719041,0.138,0.0415,0.12567654523003288,0.04584093332929064,platt_vegas,platt_vegas,2026-09-15T00:15:00Z,2026-08-31 15:01:36,2026-08-31 15:01:23,live
RB,00-0038098,Pierre Strong,GB,MIN,2026_01_GB_MIN,2026,1,NA,NA,15,20,11.509433743072284,-1.6951668781755052,-6.046582540922969,2.656248784571959,-7.402805606943226,4.012471850592216,0.126,0.039,0.12558823048543474,0.04817679227290512,platt_vegas,platt_vegas,2026-09-13T20:25:00Z,2026-08-31 15:01:36,2026-08-31 15:01:23,live
RB,00-0029892,Kyle Juszczyk,SF,LA,2026_01_SF_LA,2026,1,NA,NA,15,20,10.33341971354599,-0.7981876840174984,-4.89806507054858,3.301689702513584,-6.175890199292433,4.579514831257437,0.126,0.034,0.12552778056127278,0.0414497470048244,platt_vegas,platt_vegas,2026-09-11T00:35:00Z,2026-08-31 15:01:36,2026-08-31 15:01:23,live
RB,00-0040078,Brashard Smith,KC,DEN,2026_01_DEN_KC,2026,1,NA,NA,15,20,10.592044637684316,-0.974353801265437,-5.130604424789343,3.1818968222584694,-6.425999625032094,4.47729202250122,0.1275,0.0335,0.12521184064743335,0.04250160221736539,platt_vegas,platt_vegas,2026-09-15T00:15:00Z,2026-08-31 15:01:36,2026-08-31 15:01:23,live
RB,00-0040618,Max Hurleman,PIT,ATL,2026_01_ATL_PIT,2026,1,NA,NA,15,20,10.108804110989677,-0.40069420134870265,-4.451096977717951,3.6497085750205454,-5.713502157487895,4.912113754790489,0.1275,0.038,0.12521184064743335,0.04789889881420952,platt_vegas,platt_vegas,2026-09-13T17:00:00Z,2026-08-31 15:01:36,2026-08-31 15:01:23,live
RB,00-0040644,Trevor Etienne,CAR,CHI,2026_01_CHI_CAR,2026,1,NA,NA,15,20,10.646230260654457,-0.8423133029468797,-5.010296564690085,3.3256699587963254,-6.309348523057441,4.624721917163681,0.1245,0.0315,0.12514512590210264,0.03929078746455659,platt_vegas,platt_vegas,2026-09-13T17:00:00Z,2026-08-31 15:01:36,2026-08-31 15:01:23,live
RB,00-0041486,Anderson Castle,IND,BAL,2026_01_BAL_IND,2026,1,NA,NA,15,20,10.052213838335742,-0.5608502884683139,-4.598710933994333,3.4770103570577056,-5.857207057846623,4.735506480909996,0.125,0.035,0.12454716835797282,0.04260757942240186,platt_vegas,platt_vegas,2026-09-13T17:00:00Z,2026-08-31 15:01:36,2026-08-31 15:01:23,live
RB,00-0038705,Emari Demercado,KC,DEN,2026_01_DEN_KC,2026,1,NA,NA,15,20,10.554687796810903,-0.983465816665003,-5.13161203402636,3.164680400696354,-6.424481301693158,4.457549668363152,0.126,0.037,0.123758867436607,0.04670295151380174,platt_vegas,platt_vegas,2026-09-15T00:15:00Z,2026-08-31 15:01:36,2026-08-31 15:01:23,live
RB,00-0039746,Will Shipley,PHI,WAS,2026_01_WAS_PHI,2026,1,NA,NA,15,20,10.078913834723755,-0.9047463138433713,-4.9485284199486985,3.1390357922619563,-6.208870109024955,4.399377481338213,0.1195,0.0325,0.12348909793709983,0.04395875046300863,platt_vegas,platt_vegas,2026-09-13T20:25:00Z,2026-08-31 15:01:36,2026-08-31 15:01:23,live
RB,00-0041052,Kaelon Black,SF,LA,2026_01_SF_LA,2026,1,NA,NA,15,20,10.017297301289478,-0.7623646125851217,-4.792470920539082,3.2677416953688385,-6.048550219088526,4.523820993918282,0.1235,0.0305,0.12307605932938431,0.03738212416227228,platt_vegas,platt_vegas,2026-09-11T00:35:00Z,2026-08-31 15:01:36,2026-08-31 15:01:23,live
RB,00-0039798,Isaiah Davis,NYJ,TEN,2026_01_NYJ_TEN,2026,1,NA,NA,15,20,10.855657723543416,-0.9088075108611469,-5.1218881877619244,3.304273166039631,-6.434995837287033,4.61738081556474,0.139,0.039,0.12292271135279902,0.04250601988885142,platt_vegas,platt_vegas,2026-09-13T17:00:00Z,2026-08-31 15:01:36,2026-08-31 15:01:23,live
RB,00-0039471,Frank Gore Jr.,BUF,HOU,2026_01_BUF_HOU,2026,1,NA,NA,15,20,10.059003104211389,-0.849725548761462,-4.889092567966695,3.1896414704437706,-6.148058189308568,4.448607091785643,0.1205,0.0335,0.12268324853265372,0.04367421221918154,platt_vegas,platt_vegas,2026-09-13T17:00:00Z,2026-08-31 15:01:36,2026-08-31 15:01:23,live
RB,00-0038458,Owen Wright,HOU,BUF,2026_01_BUF_HOU,2026,1,NA,NA,15,20,10.124649346452026,-0.5658636952867405,-4.619772624125591,3.4880452335521106,-5.883270580412605,4.751543189839124,0.125,0.0365,0.1225059342103043,0.044438663242213246,platt_vegas,platt_vegas,2026-09-13T17:00:00Z,2026-08-31 15:01:36,2026-08-31 15:01:23,live
RB,00-0038488,Brady Russell,SEA,NE,2026_01_NE_SEA,2026,1,NA,NA,15,20,10.052213838335742,-1.078677967395522,-5.116538612921541,2.9591826781304977,-6.375034736773832,4.217678801982788,0.1205,0.0355,0.12249516401381712,0.04667430310449195,platt_vegas,platt_vegas,2026-09-10T00:20:00Z,2026-08-31 15:01:36,2026-08-31 15:01:23,live
RB,00-0041350,Kejon Owens,MIN,GB,2026_01_GB_MIN,2026,1,NA,NA,15,20,10.433255575739189,-1.137586667124415,-5.259299580448138,2.984126246199308,-6.543930274872238,4.268756940623408,0.118,0.029,0.12225213090599293,0.03878267489587519,platt_vegas,platt_vegas,2026-09-13T20:25:00Z,2026-08-31 15:01:36,2026-08-31 15:01:23,live
RB,00-0040878,Mike Washington Jr.,LV,MIA,2026_01_MIA_LV,2026,1,NA,NA,15,20,10.433255575739189,-0.7419748058157449,-4.863687719139468,3.379738107507978,-6.148318413563568,4.664368801932079,0.128,0.038,0.12144608324895496,0.04635137591295096,platt_vegas,platt_vegas,2026-09-13T20:25:00Z,2026-08-31 15:01:36,2026-08-31 15:01:23,live
RB,00-0035594,Travis Homer,PIT,ATL,2026_01_ATL_PIT,2026,1,NA,NA,15,20,10.354112545986998,-0.6997670125928162,-4.804177946777334,3.4046439215917017,-6.083416064390794,4.683882039205161,0.1235,0.0355,0.12133690153251657,0.04490538954549581,platt_vegas,platt_vegas,2026-09-13T17:00:00Z,2026-08-31 15:01:36,2026-08-31 15:01:23,live
RB,00-0039407,Dylan Laube,LV,MIA,2026_01_MIA_LV,2026,1,NA,NA,15,20,11.27203361138991,-1.4938922753370356,-5.795492539955171,2.8077079892810994,-7.1361894422571766,4.148404891583105,0.1275,0.04,0.12097590138792999,0.048664479852997655,platt_vegas,platt_vegas,2026-09-13T20:25:00Z,2026-08-31 15:01:36,2026-08-31 15:01:23,live
RB,00-0037157,Bam Knight,ARI,LAC,2026_01_ARI_LAC,2026,1,NA,NA,15,20,12.63526630779739,-1.9427817201266093,-6.524424757642645,2.638861317389427,-7.952403707331639,4.066840267078421,0.15,0.0435,0.1206094297128805,0.03904033159522801,platt_vegas,platt_vegas,2026-09-13T20:25:00Z,2026-08-31 15:01:36,2026-08-31 15:01:23,live
RB,00-0037304,Connor Heyward,LV,MIA,2026_01_MIA_LV,2026,1,NA,NA,15,20,10.433255575739189,-0.7419748058157449,-4.863687719139468,3.379738107507978,-6.148318413563568,4.664368801932079,0.127,0.03,0.12050572101991827,0.037025794778431244,platt_vegas,platt_vegas,2026-09-13T20:25:00Z,2026-08-31 15:01:36,2026-08-31 15:01:23,live
RB,00-0039703,Cody Schrader,DEN,KC,2026_01_DEN_KC,2026,1,NA,NA,15,20,10.123105773010446,-0.5460531012265869,-4.599620584065196,3.5075143816120224,-5.86301212051618,4.770905918063006,0.132,0.0415,0.1202261375904724,0.04584093332929064,platt_vegas,platt_vegas,2026-09-15T00:15:00Z,2026-08-31 15:01:36,2026-08-31 15:01:23,live
RB,00-0038622,Deuce Vaughn,HOU,BUF,2026_01_BUF_HOU,2026,1,NA,NA,15,20,10.461366326547202,-0.8372146264182899,-4.965058869354625,3.2906296165180446,-6.251600539720919,4.577171286884339,0.1225,0.04,0.12008863031881048,0.048476199630686514,platt_vegas,platt_vegas,2026-09-13T17:00:00Z,2026-08-31 15:01:36,2026-08-31 15:01:23,live
RB,00-0039466,Ian Wheeler,BUF,HOU,2026_01_BUF_HOU,2026,1,NA,NA,15,20,10.059003104211389,-0.849725548761462,-4.889092567966695,3.1896414704437706,-6.148058189308568,4.448607091785643,0.1175,0.031,0.11968536678245949,0.04057789538615129,platt_vegas,platt_vegas,2026-09-13T17:00:00Z,2026-08-31 15:01:36,2026-08-31 15:01:23,live
RB,00-0036842,Kene Nwangwu,NYJ,TEN,2026_01_NYJ_TEN,2026,1,NA,NA,15,20,11.547354751700805,-1.4564010033779686,-5.815731149930192,2.902929143174255,-7.1744209546680455,4.261618947912108,0.134,0.04,0.11849361668095319,0.043545587540494965,platt_vegas,platt_vegas,2026-09-13T17:00:00Z,2026-08-31 15:01:36,2026-08-31 15:01:23,live
RB,00-0037509,Sincere McCormick,SF,LA,2026_01_SF_LA,2026,1,NA,NA,15,20,10.017297301289478,-0.7623646125851217,-4.792470920539082,3.2677416953688385,-6.048550219088526,4.523820993918282,0.118,0.0335,0.11767996416928066,0.04087012572441016,platt_vegas,platt_vegas,2026-09-11T00:35:00Z,2026-08-31 15:01:36,2026-08-31 15:01:23,live
RB,00-0037085,Tyler Badie,DEN,KC,2026_01_DEN_KC,2026,1,NA,NA,15,20,10.171008181358415,-0.6628691289517396,-4.7270220250913875,3.401283767187908,-5.993712759503422,4.667974501599943,0.128,0.0335,0.1165943194386324,0.03737200821085753,platt_vegas,platt_vegas,2026-09-15T00:15:00Z,2026-08-31 15:01:36,2026-08-31 15:01:23,live
RB,00-0040651,Damien Martinez,GB,MIN,2026_01_GB_MIN,2026,1,NA,NA,15,20,10.453033487229975,-1.6353461671648457,-5.7613736764889305,2.490681342159239,-7.047349118248098,3.7766567839184066,0.1165,0.029,0.11626428581388956,0.03636140911507368,platt_vegas,platt_vegas,2026-09-13T20:25:00Z,2026-08-31 15:01:36,2026-08-31 15:01:23,live
RB,00-0038930,Carlos Washington,MIA,LV,2026_01_MIA_LV,2026,1,NA,NA,15,20,10.433255575739189,-0.6800440124521703,-4.801756925775893,3.4416689008715524,-6.086387620199994,4.726299595295653,0.133,0.041,0.11555310531996195,0.04291970785358984,platt_vegas,platt_vegas,2026-09-13T20:25:00Z,2026-08-31 15:01:36,2026-08-31 15:01:23,live
RB,00-0041588,Justin Jones,SEA,NE,2026_01_NE_SEA,2026,1,NA,NA,15,20,10.052213838335742,-1.078677967395522,-5.116538612921541,2.9591826781304977,-6.375034736773832,4.217678801982788,0.1135,0.032,0.11550715319541686,0.04230360317089019,platt_vegas,platt_vegas,2026-09-10T00:20:00Z,2026-08-31 15:01:36,2026-08-31 15:01:23,live
RB,00-0041326,CJ Donaldson,NO,DET,2026_01_NO_DET,2026,1,NA,NA,15,20,10.123105773010446,-0.6746164784787521,-4.728183961317361,3.378951004359857,-5.991575497768345,4.642342540810841,0.1245,0.034,0.11527112483383045,0.0370616446276732,platt_vegas,platt_vegas,2026-09-13T17:00:00Z,2026-08-31 15:01:36,2026-08-31 15:01:23,live
RB,00-0041217,J'Mari Taylor,JAX,CLE,2026_01_CLE_JAX,2026,1,NA,NA,15,20,10.16574222014551,-0.6784458931888118,-4.741436217125348,3.3845444307477246,-6.00776460802438,4.6508728216467565,0.1215,0.0315,0.11497743838751091,0.039692275836040215,platt_vegas,platt_vegas,2026-09-13T17:00:00Z,2026-08-31 15:01:36,2026-08-31 15:01:23,live
RB,00-0036906,Khalil Herbert,SF,LA,2026_01_SF_LA,2026,1,NA,NA,15,20,10.440665477746423,-1.249796599328484,-5.373126427948463,2.8735332292914957,-6.6582610728085925,4.158667874151625,0.1135,0.0365,0.11326248179376817,0.044340890593276054,platt_vegas,platt_vegas,2026-09-11T00:35:00Z,2026-08-31 15:01:36,2026-08-31 15:01:23,live
RB,00-0041013,Emmett Johnson,KC,DEN,2026_01_DEN_KC,2026,1,NA,NA,15,20,10.017297301289478,-0.42919886370978894,-4.459305171663749,3.600907444244171,-5.715384470213192,4.856986742793615,0.115,0.0335,0.11309873841297405,0.04250160221736539,platt_vegas,platt_vegas,2026-09-15T00:15:00Z,2026-08-31 15:01:36,2026-08-31 15:01:23,live
RB,00-0041273,Desmond Reid,BUF,HOU,2026_01_BUF_HOU,2026,1,NA,NA,15,20,10.059003104211389,-0.849725548761462,-4.889092567966695,3.1896414704437706,-6.148058189308568,4.448607091785643,0.1105,0.028,0.11268458238276975,0.03684248237084509,platt_vegas,platt_vegas,2026-09-13T17:00:00Z,2026-08-31 15:01:36,2026-08-31 15:01:23,live
RB,00-0041436,DJ Herman,MIA,LV,2026_01_MIA_LV,2026,1,NA,NA,15,20,10.433255575739189,-0.6800440124521703,-4.801756925775893,3.4416689008715524,-6.086387620199994,4.726299595295653,0.129,0.0325,0.1120669504852589,0.03437129687930434,platt_vegas,platt_vegas,2026-09-13T20:25:00Z,2026-08-31 15:01:36,2026-08-31 15:01:23,live
RB,00-0041512,Jadarian Price,SEA,NE,2026_01_NE_SEA,2026,1,NA,NA,15,20,10.052213838335742,-1.078677967395522,-5.116538612921541,2.9591826781304977,-6.375034736773832,4.217678801982788,0.1095,0.0225,0.11151042741383613,0.030283453753155713,platt_vegas,platt_vegas,2026-09-10T00:20:00Z,2026-08-31 15:01:36,2026-08-31 15:01:23,live
RB,00-0034959,Andrew Beck,NYJ,TEN,2026_01_NYJ_TEN,2026,1,NA,NA,15,20,9.869651336851812,-0.5504828215810224,-4.547665040770234,3.4466993976081888,-5.793482757326323,4.692517114164278,0.1255,0.038,0.11097221764890464,0.041465188135858755,platt_vegas,platt_vegas,2026-09-13T17:00:00Z,2026-08-31 15:01:36,2026-08-31 15:01:23,live
RB,00-0040238,LeQuint Allen Jr.,JAX,CLE,2026_01_CLE_JAX,2026,1,NA,NA,15,20,10.298996525542627,-1.4014029213017942,-5.493729594937693,2.690923752334105,-6.769201362893467,3.966395520289879,0.1165,0.026,0.11028835992917435,0.03307535437590561,platt_vegas,platt_vegas,2026-09-13T17:00:00Z,2026-08-31 15:01:36,2026-08-31 15:01:23,live
RB,00-0038440,Zavier Scott,MIN,GB,2026_01_GB_MIN,2026,1,NA,NA,15,20,10.683407191449568,-1.9139775939345467,-6.08999520338731,2.262040015518216,-7.391551258933295,3.563596071064201,0.1055,0.0275,0.10955757826632427,0.0368775029810868,platt_vegas,platt_vegas,2026-09-13T20:25:00Z,2026-08-31 15:01:36,2026-08-31 15:01:23,live
RB,00-0037745,Velus Jones Jr.,SEA,NE,2026_01_NE_SEA,2026,1,NA,NA,15,20,10.052213838335742,-1.078677967395522,-5.116538612921541,2.9591826781304977,-6.375034736773832,4.217678801982788,0.1075,0.0305,0.10951104602613645,0.040421615768387285,platt_vegas,platt_vegas,2026-09-10T00:20:00Z,2026-08-31 15:01:36,2026-08-31 15:01:23,live
RB,00-0041496,Jonah Coleman,DEN,KC,2026_01_DEN_KC,2026,1,NA,NA,15,20,10.123105773010446,-0.5460531012265869,-4.599620584065196,3.5075143816120224,-5.86301212051618,4.770905918063006,0.1195,0.036,0.10888106937920822,0.040028135919830676,platt_vegas,platt_vegas,2026-09-15T00:15:00Z,2026-08-31 15:01:36,2026-08-31 15:01:23,live
RB,00-0038040,Zamir White,NO,DET,2026_01_NO_DET,2026,1,NA,NA,15,20,11.046744844878392,-1.7641161763919826,-6.018006355714958,2.489774002930993,-7.343833265542322,3.8156009127583577,0.117,0.0315,0.1083694466853975,0.034454967073450915,platt_vegas,platt_vegas,2026-09-13T17:00:00Z,2026-08-31 15:01:36,2026-08-31 15:01:23,live
RB,00-0040466,Raheim Sanders,CLE,JAX,2026_01_CLE_JAX,2026,1,NA,NA,15,20,11.262330008768817,-1.0088428547330432,-5.30839700271836,3.290711293252274,-6.648456183692809,4.630770474226723,0.137,0.038,0.1072578297748912,0.034394632756876924,platt_vegas,platt_vegas,2026-09-13T17:00:00Z,2026-08-31 15:01:36,2026-08-31 15:01:23,live
RB,00-0040198,Ollie Gordon II,MIA,LV,2026_01_MIA_LV,2026,1,NA,NA,15,20,11.61785449159148,-1.7600560022153555,-6.13406927980977,2.613957275379059,-7.497335434532135,3.977223430101424,0.1225,0.034,0.1064075331166172,0.03588639524040053,platt_vegas,platt_vegas,2026-09-13T20:25:00Z,2026-08-31 15:01:36,2026-08-31 15:01:23,live
RB,00-0040567,Brock Lampe,SEA,NE,2026_01_NE_SEA,2026,1,NA,NA,15,20,10.052213838335742,-1.078677967395522,-5.116538612921541,2.9591826781304977,-6.375034736773832,4.217678801982788,0.104,0.032,0.10601044088969099,0.04230360317089019,platt_vegas,platt_vegas,2026-09-10T00:20:00Z,2026-08-31 15:01:36,2026-08-31 15:01:23,live
RB,00-0035567,Craig Reynolds,WAS,PHI,2026_01_WAS_PHI,2026,1,NA,NA,15,20,10.052213838335742,-0.8718721753026436,-4.909732820828663,3.165988470223376,-6.168228944680953,4.4244845940756665,0.1145,0.031,0.10567534266355269,0.03464840874218825,platt_vegas,platt_vegas,2026-09-13T20:25:00Z,2026-08-31 15:01:36,2026-08-31 15:01:23,live
RB,00-0041178,Robert Henry Jr.,WAS,PHI,2026_01_WAS_PHI,2026,1,NA,NA,15,20,10.052213838335742,-0.8718721753026436,-4.909732820828663,3.165988470223376,-6.168228944680953,4.4244845940756665,0.113,0.0325,0.10429996486796715,0.03624647216933532,platt_vegas,platt_vegas,2026-09-13T20:25:00Z,2026-08-31 15:01:36,2026-08-31 15:01:23,live
RB,00-0033854,Dare Ogunbowale,LV,MIA,2026_01_MIA_LV,2026,1,NA,NA,15,20,10.250693074255258,-1.3550838255308675,-5.436796083984283,2.7266284329225483,-6.708959614847003,3.9987919637852682,0.109,0.032,0.1035788405057483,0.039368915822780806,platt_vegas,platt_vegas,2026-09-13T20:25:00Z,2026-08-31 15:01:36,2026-08-31 15:01:23,live
RB,00-0038685,Chris Brooks,GB,MIN,2026_01_GB_MIN,2026,1,NA,NA,15,20,10.008897443681217,-1.5473120002987526,-5.575551046077081,2.480927045479575,-6.831048367580621,3.7364243669831154,0.1015,0.0265,0.10152061411577383,0.03337426567749016,platt_vegas,platt_vegas,2026-09-13T20:25:00Z,2026-08-31 15:01:36,2026-08-31 15:01:23,live
RB,00-0041096,Kaytron Allen,WAS,PHI,2026_01_WAS_PHI,2026,1,NA,NA,15,20,10.052213838335742,-0.8718721753026436,-4.909732820828663,3.165988470223376,-6.168228944680953,4.4244845940756665,0.1095,0.0375,0.10109110266901028,0.04154858566270267,platt_vegas,platt_vegas,2026-09-13T20:25:00Z,2026-08-31 15:01:36,2026-08-31 15:01:23,live
RB,00-0038636,Kenny McIntosh,SEA,NE,2026_01_NE_SEA,2026,1,NA,NA,15,20,10.453033487229975,-1.4985604170343323,-5.6245879263584175,2.6274670922897525,-6.910563368117584,3.91344253404892,0.099,0.031,0.1010057105810914,0.041049556047587324,platt_vegas,platt_vegas,2026-09-10T00:20:00Z,2026-08-31 15:01:36,2026-08-31 15:01:23,live
RB,00-0040205,Kalel Mullings,TEN,NYJ,2026_01_NYJ_TEN,2026,1,NA,NA,15,20,10.297522273333064,-1.0539167708700348,-5.1459198158272885,3.0380862740872194,-6.421290717142682,4.313457175402613,0.108,0.0355,0.09927486212292166,0.0414376737548977,platt_vegas,platt_vegas,2026-09-13T17:00:00Z,2026-08-31 15:01:36,2026-08-31 15:01:23,live
RB,00-0039686,Colson Yankoff,WAS,PHI,2026_01_WAS_PHI,2026,1,NA,NA,15,20,10.052213838335742,-0.8718721753026436,-4.909732820828663,3.165988470223376,-6.168228944680953,4.4244845940756665,0.1075,0.0335,0.09925766928636358,0.03730986800402383,platt_vegas,platt_vegas,2026-09-13T20:25:00Z,2026-08-31 15:01:36,2026-08-31 15:01:23,live
RB,00-0040946,Jaden Nixon,GB,MIN,2026_01_GB_MIN,2026,1,NA,NA,15,20,10.052213838335742,-1.26798953258286,-5.30585017810888,2.7698711129431595,-6.564346301961169,4.02836723679545,0.098,0.0215,0.09807610263298094,0.027352319493906745,platt_vegas,platt_vegas,2026-09-13T20:25:00Z,2026-08-31 15:01:36,2026-08-31 15:01:23,live
RB,00-0041191,Cash Jones,ATL,PIT,2026_01_ATL_PIT,2026,1,NA,NA,15,20,10.017297301289478,-1.2955649442002948,-5.325671252154255,2.7345413637536655,-6.581750550703698,3.990620662303109,0.107,0.026,0.09754741607202906,0.029342807846628766,platt_vegas,platt_vegas,2026-09-13T17:00:00Z,2026-08-31 15:01:36,2026-08-31 15:01:23,live
RB,00-0036187,Reggie Gilliam,NE,SEA,2026_01_NE_SEA,2026,1,NA,NA,15,20,10.33254754797088,-1.5648367939701522,-5.664523010448306,2.5348494225080014,-6.942288556459687,3.812614968519382,0.1045,0.027,0.09738125379764437,0.030959448874422632,platt_vegas,platt_vegas,2026-09-10T00:20:00Z,2026-08-31 15:01:36,2026-08-31 15:01:23,live
RB,00-0040556,Corey Kiner,NE,SEA,2026_01_NE_SEA,2026,1,NA,NA,15,20,10.211605892045744,-1.18481643220197,-5.257923102765407,2.888290238361467,-6.527404495745282,4.157771631341342,0.1035,0.0265,0.0964572654950957,0.030412254490267118,platt_vegas,platt_vegas,2026-09-10T00:20:00Z,2026-08-31 15:01:36,2026-08-31 15:01:23,live
RB,00-0041239,Chip Trayanum,NYJ,TEN,2026_01_NYJ_TEN,2026,1,NA,NA,15,20,10.052213838335742,-0.6789230167288357,-4.716783662254855,3.3589376287971837,-5.975279786107145,4.617433752649474,0.109,0.031,0.09639836274276871,0.034140894683288125,platt_vegas,platt_vegas,2026-09-13T17:00:00Z,2026-08-31 15:01:36,2026-08-31 15:01:23,live
RB,00-0037263,Tyler Allgeier,ARI,LAC,2026_01_ARI_LAC,2026,1,NA,NA,15,20,11.646991058318223,-1.8751782970640656,-6.255248259129609,2.5048916650014776,-7.620402124845358,3.870045530717227,0.1195,0.0305,0.09578429045030837,0.027750667131086697,platt_vegas,platt_vegas,2026-09-13T20:25:00Z,2026-08-31 15:01:36,2026-08-31 15:01:23,live
RB,00-0040886,Nicholas Singleton,TEN,NYJ,2026_01_NYJ_TEN,2026,1,NA,NA,15,20,10.052213838335742,-0.8978117493926941,-4.935672394918714,3.1400488961333255,-6.194168518771004,4.398545019985615,0.104,0.031,0.09562281440254052,0.03641988717916456,platt_vegas,platt_vegas,2026-09-13T17:00:00Z,2026-08-31 15:01:36,2026-08-31 15:01:23,live
RB,00-0031595,Michael Burton,CLE,JAX,2026_01_CLE_JAX,2026,1,NA,NA,15,20,11.458083852615854,-1.4225389638816759,-5.7632187781838295,2.9181408504204773,-7.116095759521926,4.271017831758574,0.122,0.0355,0.09534208457669423,0.03221653404353256,platt_vegas,platt_vegas,2026-09-13T17:00:00Z,2026-08-31 15:01:36,2026-08-31 15:01:23,live
RB,00-0039794,Braelon Allen,NYJ,TEN,2026_01_NYJ_TEN,2026,1,NA,NA,15,20,11.46768373470994,-2.344788484135922,-6.687477003491834,1.99790003521999,-8.040980045941502,3.3514030776696595,0.1075,0.03,0.09507504334048737,0.03308856538875407,platt_vegas,platt_vegas,2026-09-13T17:00:00Z,2026-08-31 15:01:36,2026-08-31 15:01:23,live
RB,00-0040067,Jacardia Wright,SEA,NE,2026_01_NE_SEA,2026,1,NA,NA,15,20,10.052213838335742,-1.078677967395522,-5.116538612921541,2.9591826781304977,-6.375034736773832,4.217678801982788,0.0925,0.021,0.09449238337234098,0.02836129316424318,platt_vegas,platt_vegas,2026-09-10T00:20:00Z,2026-08-31 15:01:36,2026-08-31 15:01:23,live
RB,00-0040937,Dominic Richardson,NYJ,TEN,2026_01_NYJ_TEN,2026,1,NA,NA,15,20,10.052213838335742,-0.6789230167288357,-4.716783662254855,3.3589376287971837,-5.975279786107145,4.617433752649474,0.1065,0.031,0.09419296478994574,0.034140894683288125,platt_vegas,platt_vegas,2026-09-13T17:00:00Z,2026-08-31 15:01:36,2026-08-31 15:01:23,live
RB,00-0040568,Lan Larison,NE,SEA,2026_01_NE_SEA,2026,1,NA,NA,15,20,9.969084739950059,-1.509791320180643,-5.529170569661717,2.509587929300431,-6.781906523134746,3.762323882773461,0.095,0.0315,0.08860356332639287,0.035862964041642936,platt_vegas,platt_vegas,2026-09-10T00:20:00Z,2026-08-31 15:01:36,2026-08-31 15:01:23,live
RB,00-0040547,Nate Carter,ATL,PIT,2026_01_ATL_PIT,2026,1,NA,NA,15,20,10.017297301289478,-1.2955649442002948,-5.325671252154255,2.7345413637536655,-6.581750550703698,3.990620662303109,0.096,0.0265,0.08758097768521697,0.029881231062170995,platt_vegas,platt_vegas,2026-09-13T17:00:00Z,2026-08-31 15:01:36,2026-08-31 15:01:23,live
RB,00-0039305,Jack Westover,NE,SEA,2026_01_NE_SEA,2026,1,NA,NA,15,20,10.33254754797088,-1.5648367939701522,-5.664523010448306,2.5348494225080014,-6.942288556459687,3.812614968519382,0.093,0.022,0.08675560941799837,0.025463681097233345,platt_vegas,platt_vegas,2026-09-10T00:20:00Z,2026-08-31 15:01:36,2026-08-31 15:01:23,live
RB,00-0040162,Dylan Sampson,CLE,JAX,2026_01_CLE_JAX,2026,1,NA,NA,15,20,10.820741186497152,-1.382318025921026,-5.587907118318085,2.8232710664760328,-6.898679835836591,4.134043783994539,0.11,0.0335,0.08585774730436373,0.030470312084372703,platt_vegas,platt_vegas,2026-09-13T17:00:00Z,2026-08-31 15:01:36,2026-08-31 15:01:23,live
RB,00-0039299,George Holani,SEA,NE,2026_01_NE_SEA,2026,1,NA,NA,15,20,10.237147075390375,-2.547296398157842,-6.626027981784743,1.5314351854690589,-7.89726251384217,2.802669717526486,0.0825,0.0255,0.08445468811781173,0.034106507139483995,platt_vegas,platt_vegas,2026-09-10T00:20:00Z,2026-08-31 15:01:36,2026-08-31 15:01:23,live
RB,00-0040260,Ahmani Marshall,CLE,JAX,2026_01_CLE_JAX,2026,1,NA,NA,15,20,10.017297301289478,-1.0164638899680523,-5.046570197922012,3.013642417985908,-6.302649496471456,4.269721716535352,0.108,0.0215,0.0842810154297032,0.019904669873704248,platt_vegas,platt_vegas,2026-09-13T17:00:00Z,2026-08-31 15:01:36,2026-08-31 15:01:23,live
RB,00-0041129,Jam Miller,NE,SEA,2026_01_NE_SEA,2026,1,NA,NA,15,20,9.969084739950059,-1.509791320180643,-5.529170569661717,2.509587929300431,-6.781906523134746,3.762323882773461,0.0895,0.022,0.08352157770868039,0.025463681097233345,platt_vegas,platt_vegas,2026-09-10T00:20:00Z,2026-08-31 15:01:36,2026-08-31 15:01:23,live
RB,00-0037594,Julius Chestnut,TEN,NYJ,2026_01_NYJ_TEN,2026,1,NA,NA,15,20,10.436967762782514,-1.685150594648595,-5.807673608819291,2.437372419522101,-7.092556790603741,3.7222556013065504,0.0895,0.026,0.0823879985756978,0.03080004918437749,platt_vegas,platt_vegas,2026-09-13T17:00:00Z,2026-08-31 15:01:36,2026-08-31 15:01:23,live
RB,00-0035806,JaMycal Hasty,NE,SEA,2026_01_NE_SEA,2026,1,NA,NA,15,20,9.969084739950059,-1.509791320180643,-5.529170569661717,2.509587929300431,-6.781906523134746,3.762323882773461,0.0865,0.0285,0.08074937640727164,0.03259810444662565,platt_vegas,platt_vegas,2026-09-10T00:20:00Z,2026-08-31 15:01:36,2026-08-31 15:01:23,live
RB,00-0041027,Jeremiyah Love,ARI,LAC,2026_01_ARI_LAC,2026,1,NA,NA,15,20,10.123105773010446,-1.6304309455408619,-5.683998428379471,2.423136537297747,-6.947389964830455,3.6865280737487307,0.0965,0.0245,0.0772273961181287,0.022486616866282862,platt_vegas,platt_vegas,2026-09-13T20:25:00Z,2026-08-31 15:01:36,2026-08-31 15:01:23,live
RB,00-0037120,Tyler Goodson,ATL,PIT,2026_01_ATL_PIT,2026,1,NA,NA,15,20,9.969087986721908,-1.613950011858375,-5.633329984511038,2.4054299607942884,-6.886066163377839,3.6581661396610894,0.084,0.0205,0.0767132643657023,0.02338533235404347,platt_vegas,platt_vegas,2026-09-13T17:00:00Z,2026-08-31 15:01:36,2026-08-31 15:01:23,live
RB,00-0041277,Davon Booth,CLE,JAX,2026_01_CLE_JAX,2026,1,NA,NA,15,20,10.017297301289478,-1.0164638899680523,-5.046570197922012,3.013642417985908,-6.302649496471456,4.269721716535352,0.0975,0.024,0.0760210799861464,0.02212061912819609,platt_vegas,platt_vegas,2026-09-13T17:00:00Z,2026-08-31 15:01:36,2026-08-31 15:01:23,live
RB,00-0038397,Evan Hull,ARI,LAC,2026_01_ARI_LAC,2026,1,NA,NA,15,20,11.188404888858479,-3.0905344745100494,-7.37447467877184,1.1934057297517415,-8.70966739966281,2.528598450642711,0.092,0.027,0.07361146783918673,0.024685080345426037,platt_vegas,platt_vegas,2026-09-13T20:25:00Z,2026-08-31 15:01:36,2026-08-31 15:01:23,live
RB,00-0040526,Tre Stewart,ARI,LAC,2026_01_ARI_LAC,2026,1,NA,NA,15,20,10.123105773010446,-1.6304309455408619,-5.683998428379471,2.423136537297747,-6.947389964830455,3.6865280737487307,0.086,0.0215,0.06879712907192147,0.019837333821065062,platt_vegas,platt_vegas,2026-09-13T20:25:00Z,2026-08-31 15:01:36,2026-08-31 15:01:23,live
TE,00-0039065,Sam LaPorta,DET,NO,2026_01_NO_DET,2026,1,NA,NA,12,17,6.62048420742624,3.3233997198975267,-0.964504106409164,8.307412575372897,-2.6245430618388994,9.922620662320627,0.5935,0.314,0.472798096993071,0.33950995294912995,platt_vol_vegas,platt,2026-09-13T17:00:00Z,2026-08-31 15:01:36,2026-08-31 15:01:23,live
TE,00-0037744,Trey McBride,ARI,LAC,2026_01_ARI_LAC,2026,1,NA,NA,12,17,7.520139390290527,1.0482699302459293,-3.561273157528041,6.406137769161843,-5.345833026966063,8.142503969081831,0.4875,0.2235,0.44311506765457687,0.24284791245904022,platt_vol_vegas,platt,2026-09-13T20:25:00Z,2026-08-31 15:01:36,2026-08-31 15:01:23,live
TE,00-0038129,Cade Otton,TB,CIN,2026_01_TB_CIN,2026,1,NA,NA,12,17,6.311471411042866,1.0410114974231544,-3.132106176654924,5.891603529691601,-4.747706289246268,7.463572885347879,0.397,0.1535,0.38587070769179965,0.16702345629930884,platt_vol_vegas,platt,2026-09-13T17:00:00Z,2026-08-31 15:01:36,2026-08-31 15:01:23,live
TE,00-0033288,George Kittle,SF,LA,2026_01_SF_LA,2026,1,NA,NA,12,17,6.254046211161912,1.5025981039167238,-2.648922841183431,6.328087340221835,-4.256161896049259,7.891921436154527,0.407,0.1645,0.3558794317820082,0.17898979783245336,platt_vol_vegas,platt,2026-09-11T00:35:00Z,2026-08-31 15:01:36,2026-08-31 15:01:23,live
TE,00-0039338,Brock Bowers,LV,MIA,2026_01_MIA_LV,2026,1,NA,NA,12,17,6.377080600997608,0.8401234977662212,-3.3575650688135825,5.719275322665228,-4.982677670577911,7.300500274034457,0.3585,0.1465,0.3462472269614936,0.15940002440141868,platt_vol_vegas,platt,2026-09-13T20:25:00Z,2026-08-31 15:01:36,2026-08-31 15:01:23,live
TE,00-0038933,Dalton Kincaid,BUF,HOU,2026_01_BUF_HOU,2026,1,NA,NA,12,17,6.138665700373812,1.5076820308562406,-2.6001852307534192,6.282430735535931,-4.1905239963222645,7.829820949922977,0.408,0.176,0.344389877499485,0.19148137746785202,platt_vol_vegas,platt,2026-09-13T17:00:00Z,2026-08-31 15:01:36,2026-08-31 15:01:23,live
TE,00-0031610,Darren Waller,CAR,CHI,2026_01_CHI_CAR,2026,1,NA,NA,12,17,6.128817826161028,1.1256401955163038,-2.9784848056271653,5.896039111808108,-4.567374775139269,7.442019656199442,0.3715,0.1365,0.33969823190072546,0.14849883263713315,platt_vol_vegas,platt,2026-09-13T17:00:00Z,2026-08-31 15:01:36,2026-08-31 15:01:23,live
TE,00-0040126,Colston Loveland,CHI,CAR,2026_01_CHI_CAR,2026,1,NA,NA,12,17,5.8617552058366496,1.6242841147963725,-2.377343311384159,6.27554574350812,-3.926551894799945,7.782916533884689,0.3815,0.1425,0.3365361499862203,0.1550409887837706,platt_vol_vegas,platt,2026-09-13T17:00:00Z,2026-08-31 15:01:36,2026-08-31 15:01:23,live
TE,00-0040128,Tyler Warren,IND,BAL,2026_01_BAL_IND,2026,1,NA,NA,12,17,6.119621918300318,0.6599630154634112,-3.440665129078596,5.4262973867090984,-5.028201309323233,6.970960702148857,0.332,0.1245,0.33638844169295185,0.13540257258412222,platt_vol_vegas,platt,2026-09-13T17:00:00Z,2026-08-31 15:01:36,2026-08-31 15:01:23,live
TE,00-0036970,Kyle Pitts,ATL,PIT,2026_01_ATL_PIT,2026,1,NA,NA,12,17,6.363155795890256,0.806360195153129,-3.386122649120094,5.679461187769271,-5.009219883429803,7.258725198523085,0.358,0.146,0.3250598516237087,0.15885525336581405,platt_vol_vegas,platt,2026-09-13T17:00:00Z,2026-08-31 15:01:36,2026-08-31 15:01:23,live
TE,00-0038041,Jake Ferguson,DAL,NYG,2026_01_DAL_NYG,2026,1,NA,NA,12,17,5.69716861729956,1.0984382965573094,-2.8390141829586666,5.6751066572919875,-4.363377780166459,7.158303423009679,0.313,0.105,0.321674595063133,0.1140928915409883,platt_vol_vegas,platt,2026-09-14T00:20:00Z,2026-08-31 15:01:36,2026-08-31 15:01:23,live
TE,00-0030506,Travis Kelce,KC,DEN,2026_01_DEN_KC,2026,1,NA,NA,12,17,6.022181849585284,0.899595091749916,-3.1638396903624892,5.622698037106288,-4.736976659939724,7.153351005716785,0.329,0.12,0.31708832580255875,0.13048776027440298,platt_vol_vegas,platt,2026-09-15T00:15:00Z,2026-08-31 15:01:36,2026-08-31 15:01:23,live
TE,00-0034753,Mark Andrews,BAL,IND,2026_01_BAL_IND,2026,1,NA,NA,12,17,5.585258395874917,0.9462151800815296,-2.9471430444463147,5.471630914214564,-4.45443578746613,6.938217839756313,0.3075,0.107,0.31185319847380466,0.11627981872771467,platt_vol_vegas,platt,2026-09-13T17:00:00Z,2026-08-31 15:01:36,2026-08-31 15:01:23,live
TE,00-0034351,Dallas Goedert,PHI,WAS,2026_01_WAS_PHI,2026,1,NA,NA,12,17,5.712427005285408,1.5444411685522117,-2.3989942163169387,6.128063714455497,-3.9256740632251064,7.613514177434448,0.3775,0.1525,0.3108591696471702,0.16593478611490797,platt_vol_vegas,platt,2026-09-13T20:25:00Z,2026-08-31 15:01:36,2026-08-31 15:01:23,live
TE,00-0039847,Theo Johnson,NYG,DAL,2026_01_DAL_NYG,2026,1,NA,NA,12,17,5.812674629761358,1.1554719985730535,-2.827100578174371,5.784585365947617,-4.3689321788894855,7.284778395780419,0.339,0.1215,0.30937981832126454,0.13212623916104282,platt_vol_vegas,platt,2026-09-14T00:20:00Z,2026-08-31 15:01:36,2026-08-31 15:01:23,live
TE,00-0036040,Juwan Johnson,NO,DET,2026_01_NO_DET,2026,1,NA,NA,12,17,5.963887737981196,0.4607180114961464,-3.5803411790822404,5.1578128558381655,-5.144815558475112,6.68003717542574,0.311,0.107,0.29854734904026525,0.11627981872771467,platt_vol_vegas,platt,2026-09-13T17:00:00Z,2026-08-31 15:01:36,2026-08-31 15:01:23,live
TE,00-0040663,Harold Fannin Jr.,CLE,JAX,2026_01_CLE_JAX,2026,1,NA,NA,12,17,6.550615014948371,0.11389488085457851,-4.148261506071909,5.067980393258676,-5.798332478518566,6.6734896917098085,0.3225,0.1195,0.2962682828033601,0.12994155573609104,platt_vol_vegas,platt,2026-09-13T17:00:00Z,2026-08-31 15:01:36,2026-08-31 15:01:23,live
TE,00-0038935,Brenton Strange,JAX,CLE,2026_01_CLE_JAX,2026,1,NA,NA,12,17,5.741307279052834,2.2047888875426014,-1.7499517439692354,6.801552002097587,-3.2810083564458057,8.291261032092471,0.4155,0.178,0.28942163362852635,0.19365177606879028,platt_vol_vegas,platt,2026-09-13T17:00:00Z,2026-08-31 15:01:36,2026-08-31 15:01:23,live
TE,00-0033090,Hunter Henry,NE,SEA,2026_01_NE_SEA,2026,1,NA,NA,12,17,5.941405541797573,1.0313828608044964,-3.0010215248670504,5.718417857569552,-4.562145242986025,7.237382003551852,0.342,0.1285,0.28813949988636517,0.13976966050773756,platt_vol_vegas,platt,2026-09-10T00:20:00Z,2026-08-31 15:01:36,2026-08-31 15:01:23,live
TE,00-0040189,Oronde Gadsden II,LAC,ARI,2026_01_ARI_LAC,2026,1,NA,NA,12,17,5.300711627964029,1.556294486851409,-2.2231939524472972,5.949354530087087,-3.686402619194907,7.373047910108361,0.3085,0.101,0.2876279273865535,0.1097183151874724,platt_vol_vegas,platt,2026-09-13T20:25:00Z,2026-08-31 15:01:36,2026-08-31 15:01:23,live
TE,00-0034383,Dalton Schultz,HOU,BUF,2026_01_BUF_HOU,2026,1,NA,NA,12,17,5.767093229890327,0.9330860743439168,-3.0317277659008433,5.541557707525827,-4.56668416708075,7.035061208867552,0.3325,0.1045,0.2834210854802098,0.11354612060744931,platt_vol_vegas,platt,2026-09-13T17:00:00Z,2026-08-31 15:01:36,2026-08-31 15:01:23,live
TE,00-0034829,Mike Gesicki,CIN,TB,2026_01_TB_CIN,2026,1,NA,NA,12,17,5.0466807433932175,1.2468452157878516,-2.428731487490324,5.519124231943644,-3.851711283277227,6.903675158414671,0.296,0.0915,0.2740039273615242,0.09932557707252937,platt_vol_vegas,platt,2026-09-13T17:00:00Z,2026-08-31 15:01:36,2026-08-31 15:01:23,live
TE,00-0033885,David Njoku,LAC,ARI,2026_01_ARI_LAC,2026,1,NA,NA,12,17,5.037283126699334,1.3547374120408375,-2.3169523253562327,5.622498442554935,-3.738427303161568,7.005585190028679,0.281,0.0905,0.2590507436340308,0.09823141026612983,platt_vol_vegas,platt,2026-09-13T20:25:00Z,2026-08-31 15:01:36,2026-08-31 15:01:23,live
TE,00-0038996,Tucker Kraft,GB,MIN,2026_01_GB_MIN,2026,1,NA,NA,12,17,5.4621102453494155,1.395950004646881,-2.448442249174507,5.864450509948392,-3.9367780794099314,7.312592471453147,0.319,0.1095,0.2580517628408343,0.11901310646080583,platt_vol_vegas,platt,2026-09-13T20:25:00Z,2026-08-31 15:01:36,2026-08-31 15:01:23,live
TE,00-0034613,Tanner Hudson,CIN,TB,2026_01_TB_CIN,2026,1,NA,NA,12,17,4.874301481106313,1.0282127897076068,-2.5755595361560895,5.217030526270891,-3.97074065256331,6.574533502093732,0.2515,0.0735,0.25436910861447654,0.07962885748789429,platt_vol_vegas,platt,2026-09-13T17:00:00Z,2026-08-31 15:01:36,2026-08-31 15:01:23,live
TE,00-0035229,T.J. Hockenson,MIN,GB,2026_01_GB_MIN,2026,1,NA,NA,12,17,5.231221763246214,0.799504915323348,-2.9517766197545985,5.159778874975029,-4.404065134904762,6.572847012068602,0.2685,0.0925,0.24697307443807795,0.10041971407411901,platt_vol_vegas,platt,2026-09-13T20:25:00Z,2026-08-31 15:01:36,2026-08-31 15:01:23,live
TE,00-0039793,AJ Barner,SEA,NE,2026_01_NE_SEA,2026,1,NA,NA,12,17,5.195552983865845,1.2324514622763125,-2.50428871679337,5.575823385824339,-3.9509476240007455,6.983413947680417,0.294,0.099,0.2437556112058954,0.10753070049483583,platt_vol_vegas,platt,2026-09-10T00:20:00Z,2026-08-31 15:01:36,2026-08-31 15:01:23,live
TE,00-0033110,Tyler Higbee,LA,SF,2026_01_SF_LA,2026,1,NA,NA,12,17,4.853644826767723,0.8415684063880553,-2.7535262757024155,5.020299748789313,-4.145347888891182,6.3745339478471115,0.2305,0.0705,0.23279032907558486,0.07634641321737823,platt_vol_vegas,platt,2026-09-11T00:35:00Z,2026-08-31 15:01:36,2026-08-31 15:01:23,live
TE,00-0040737,Terrance Ferguson,LA,SF,2026_01_SF_LA,2026,1,NA,NA,12,17,4.853187649097378,0.8236257869046788,-2.771276659239165,5.0021336852950435,-4.163023849312824,6.356295471101945,0.229,0.0705,0.2326726237389792,0.07634641321737823,platt_vol_vegas,platt,2026-09-11T00:35:00Z,2026-08-31 15:01:36,2026-08-31 15:01:23,live
TE,00-0036244,Colby Parkinson,LA,SF,2026_01_SF_LA,2026,1,NA,NA,12,17,4.84328044177356,0.8397713365005707,-2.7509633614533096,5.013434884038259,-4.141097030181338,6.366026723117463,0.2205,0.0695,0.23132043566150168,0.07525234172431017,platt_vol_vegas,platt,2026-09-11T00:35:00Z,2026-08-31 15:01:36,2026-08-31 15:01:23,live
TE,00-0039814,Erick All,CIN,TB,2026_01_TB_CIN,2026,1,NA,NA,12,17,4.565062456059478,1.1543926786802248,-2.317754699926634,5.190217144917668,-3.6619779243652424,6.498138393195925,0.2285,0.0705,0.2239129153640996,0.07634641321737823,platt_vol_vegas,platt,2026-09-13T17:00:00Z,2026-08-31 15:01:36,2026-08-31 15:01:23,live
TE,00-0035631,Drew Sample,CIN,TB,2026_01_TB_CIN,2026,1,NA,NA,12,17,4.561455082812168,1.1269641842276505,-2.3436253821065818,5.160977939052783,-3.687245507883802,6.46831237589995,0.226,0.0635,0.22346346735505537,0.06868902780319963,platt_vol_vegas,platt,2026-09-13T17:00:00Z,2026-08-31 15:01:36,2026-08-31 15:01:23,live
TE,00-0033881,Evan Engram,DEN,KC,2026_01_DEN_KC,2026,1,NA,NA,12,17,5.4049848618554925,0.4820682712816468,-3.339447965558649,4.923979009803328,-4.818927468583397,6.363503817304227,0.2625,0.086,0.22223560140361262,0.09330736429769025,platt_vol_vegas,platt,2026-09-15T00:15:00Z,2026-08-31 15:01:36,2026-08-31 15:01:23,live
TE,00-0037838,Isaiah Likely,NYG,DAL,2026_01_DAL_NYG,2026,1,NA,NA,12,17,4.986967623470895,1.0321131523566451,-2.618711938191927,5.275622317080312,-4.032109279939453,6.650849572437126,0.2585,0.086,0.2222031018947376,0.09330736429769025,platt_vol_vegas,platt,2026-09-14T00:20:00Z,2026-08-31 15:01:36,2026-08-31 15:01:23,live
TE,00-0036754,Brock Wright,DET,NO,2026_01_NO_DET,2026,1,NA,NA,12,17,4.545617623405045,1.2088605043757625,-2.2548834836381504,5.234917352578522,-3.5958533805052775,6.539673132368369,0.24,0.0615,0.21974170354391095,0.0665017969186095,platt_vol_vegas,platt,2026-09-13T17:00:00Z,2026-08-31 15:01:36,2026-08-31 15:01:23,live
TE,00-0040390,Jackson Meeks,DET,NO,2026_01_NO_DET,2026,1,NA,NA,12,17,4.545303883374931,1.3850848063727141,-2.0785234666864776,5.410983907315646,-3.4194408222371955,6.715688564715331,0.235,0.0685,0.21947879774488455,0.07415831568147607,platt_vol_vegas,platt,2026-09-13T17:00:00Z,2026-08-31 15:01:36,2026-08-31 15:01:23,live
TE,00-0038564,Cameron Latu,PHI,WAS,2026_01_WAS_PHI,2026,1,NA,NA,12,17,4.866944448222255,1.0046481017333913,-2.5960354380010253,5.189875610903585,-3.990020747434187,6.546215073612102,0.237,0.071,0.21920249151355378,0.07689346464503752,platt_vol_vegas,platt,2026-09-13T20:25:00Z,2026-08-31 15:01:36,2026-08-31 15:01:23,live
TE,00-0039631,Cam Grandy,CIN,TB,2026_01_TB_CIN,2026,1,NA,NA,12,17,4.507846838653998,0.9375212288792969,-2.509854979530953,4.944553111209512,-3.8444881783617886,6.2431433212822824,0.209,0.056,0.21780264205233985,0.06048880220568398,platt_vol_vegas,platt,2026-09-13T17:00:00Z,2026-08-31 15:01:36,2026-08-31 15:01:23,live
TE,00-0037112,Jake Tonges,SF,LA,2026_01_SF_LA,2026,1,NA,NA,12,17,5.010542430434829,0.4498595074827675,-3.2107527729268113,4.704744738942579,-4.627939172706325,6.08365872535782,0.2295,0.0655,0.21698151539471575,0.07087655549962064,platt_vol_vegas,platt,2026-09-11T00:35:00Z,2026-08-31 15:01:36,2026-08-31 15:01:23,live
TE,00-0040736,Mason Taylor,NYJ,TEN,2026_01_NYJ_TEN,2026,1,NA,NA,12,17,5.489791478003568,0.8171105403288739,-3.0383295233086987,5.298452384517441,-4.5309424538266745,6.75075593930437,0.287,0.086,0.21683988771666346,0.09330736429769025,platt_vol_vegas,platt,2026-09-13T17:00:00Z,2026-08-31 15:01:36,2026-08-31 15:01:23,live
TE,00-0036290,Cole Kmet,CHI,CAR,2026_01_CHI_CAR,2026,1,NA,NA,12,17,4.763564208687993,0.8574608272083765,-2.6996038396517483,4.991988266611831,-4.07670233653118,6.331896960566193,0.223,0.059,0.2159264642570306,0.0637682412873649,platt_vol_vegas,platt,2026-09-13T17:00:00Z,2026-08-31 15:01:36,2026-08-31 15:01:23,live
TE,00-0036332,Josiah Deguara,NYG,DAL,2026_01_DAL_NYG,2026,1,NA,NA,12,17,4.914651302740266,0.9801217089997407,-2.64055542388618,5.188588621228112,-4.042281145612845,6.552459459325069,0.2435,0.076,0.21508279295025112,0.08236443008939547,platt_vol_vegas,platt,2026-09-14T00:20:00Z,2026-08-31 15:01:36,2026-08-31 15:01:23,live
TE,00-0041246,Josh Kattus,CIN,TB,2026_01_TB_CIN,2026,1,NA,NA,12,17,4.457637045120871,0.9270788272139803,-2.4984471343114163,4.908713238942989,-3.8246211273195647,6.1990726917740275,0.2155,0.0585,0.21369787598869053,0.06322160164690166,platt_vol_vegas,platt,2026-09-13T17:00:00Z,2026-08-31 15:01:36,2026-08-31 15:01:23,live
TE,00-0041116,Jack Endries,CIN,TB,2026_01_TB_CIN,2026,1,NA,NA,12,17,4.457637045120871,0.9270788272139803,-2.4984471343114163,4.908713238942989,-3.8246211273195647,6.1990726917740275,0.2135,0.0615,0.2135988976550158,0.0665017969186095,platt_vol_vegas,platt,2026-09-13T17:00:00Z,2026-08-31 15:01:36,2026-08-31 15:01:23,live
TE,00-0037252,Greg Dulcich,MIA,LV,2026_01_MIA_LV,2026,1,NA,NA,12,17,5.458681340868079,1.036787575001106,-2.806234491406431,5.503695453237815,-4.294039860937659,6.95132127961428,0.2775,0.0915,0.2132387133570705,0.09932557707252937,platt_vol_vegas,platt,2026-09-13T20:25:00Z,2026-08-31 15:01:36,2026-08-31 15:01:23,live
TE,00-0040697,Thomas Gordon,DET,NO,2026_01_NO_DET,2026,1,NA,NA,12,17,4.449724213849417,1.3559589324037296,-2.0661138458598995,5.333579562465488,-3.3909509574996735,6.622638237630783,0.2335,0.069,0.21098866690381168,0.0747053227454572,platt_vol_vegas,platt,2026-09-13T17:00:00Z,2026-08-31 15:01:36,2026-08-31 15:01:23,live
TE,00-0041457,Miles Kitselman,DET,NO,2026_01_NO_DET,2026,1,NA,NA,12,17,4.449724213849417,1.3559589324037296,-2.0661138458598995,5.333579562465488,-3.3909509574996735,6.622638237630783,0.233,0.0735,0.21096556837266042,0.07962885748789429,platt_vol_vegas,platt,2026-09-13T17:00:00Z,2026-08-31 15:01:36,2026-08-31 15:01:23,live
TE,00-0040387,Zach Horton,DET,NO,2026_01_NO_DET,2026,1,NA,NA,12,17,4.449724213849417,1.3559589324037296,-2.0661138458598995,5.333579562465488,-3.3909509574996735,6.622638237630783,0.231,0.078,0.210872845853425,0.08455297699520203,platt_vol_vegas,platt,2026-09-13T17:00:00Z,2026-08-31 15:01:36,2026-08-31 15:01:23,live
TE,00-0032394,Nick Vannett,SEA,NE,2026_01_NE_SEA,2026,1,NA,NA,12,17,4.853784068448828,1.0174879058728459,-2.577665323577011,5.196287300358212,-3.9695096030617716,6.550543553587974,0.238,0.066,0.21003017654583941,0.07142347900937805,platt_vol_vegas,platt,2026-09-10T00:20:00Z,2026-08-31 15:01:36,2026-08-31 15:01:23,live
TE,00-0034270,Tyler Conklin,DET,NO,2026_01_NO_DET,2026,1,NA,NA,12,17,4.394682421223934,1.7773464934233363,-1.6206320179607385,5.7269613330720235,-2.936141163479352,7.006943952362611,0.248,0.065,0.20689432328512222,0.07032964800129017,platt_vol_vegas,platt,2026-09-13T17:00:00Z,2026-08-31 15:01:36,2026-08-31 15:01:23,live
TE,00-0039074,Davis Allen,LA,SF,2026_01_SF_LA,2026,1,NA,NA,12,17,4.5540222315955345,0.8360741973480914,-2.631303877552403,4.866355099189722,-3.973680691655437,6.1724798011302635,0.2045,0.0645,0.2048103202470242,0.06978275713277497,platt_vol_vegas,platt,2026-09-11T00:35:00Z,2026-08-31 15:01:36,2026-08-31 15:01:23,live
TE,00-0035689,Dawson Knox,BUF,HOU,2026_01_BUF_HOU,2026,1,NA,NA,12,17,4.843626290884969,0.7442379324592558,-2.8466423187992014,4.918070662788946,-4.236832337707988,6.2707173302608,0.2375,0.0765,0.204449986779475,0.08291156081558129,platt_vol_vegas,platt,2026-09-13T17:00:00Z,2026-08-31 15:01:36,2026-08-31 15:01:23,live
TE,00-0041384,Evan Svoboda,LAC,ARI,2026_01_ARI_LAC,2026,1,NA,NA,12,17,4.449724213849417,1.3710074222006678,-2.0510653560629613,5.348628052262427,-3.375902467702735,6.637686727427721,0.2445,0.0585,0.20314607029858348,0.06322160164690166,platt_vol_vegas,platt,2026-09-13T20:25:00Z,2026-08-31 15:01:36,2026-08-31 15:01:23,live
TE,00-0038046,Charlie Kolar,LAC,ARI,2026_01_ARI_LAC,2026,1,NA,NA,12,17,4.453198540636076,1.3070724603105879,-2.116516851215052,5.28645582143624,-3.4419410805687773,6.576085758665273,0.2355,0.0605,0.20304298040933305,0.06540830608115675,platt_vol_vegas,platt,2026-09-13T20:25:00Z,2026-08-31 15:01:36,2026-08-31 15:01:23,live
TE,00-0034798,Durham Smythe,BAL,IND,2026_01_BAL_IND,2026,1,NA,NA,12,17,4.531215298948904,0.8948618533529,-2.562647921087618,4.91367241016196,-3.9012042756255516,6.216079827538049,0.1955,0.0555,0.2024284861523445,0.05994232758805185,platt_vol_vegas,platt,2026-09-13T17:00:00Z,2026-08-31 15:01:36,2026-08-31 15:01:23,live
TE,00-0041452,Johnny Pascuzzi,LAC,ARI,2026_01_ARI_LAC,2026,1,NA,NA,12,17,4.449724213849417,1.3710074222006678,-2.0510653560629613,5.348628052262427,-3.375902467702735,6.637686727427721,0.2275,0.063,0.2023893431336708,0.06814219062398058,platt_vol_vegas,platt,2026-09-13T20:25:00Z,2026-08-31 15:01:36,2026-08-31 15:01:23,live
TE,00-0038547,Luke Schoonmaker,DAL,NYG,2026_01_DAL_NYG,2026,1,NA,NA,12,17,4.528409014452995,0.919292234314997,-2.53700181056265,4.936689696983989,-3.875087501924499,6.238639161873028,0.2145,0.0545,0.20082841932489595,0.05884947016740101,platt_vol_vegas,platt,2026-09-14T00:20:00Z,2026-08-31 15:01:36,2026-08-31 15:01:23,live
TE,00-0036894,Pat Freiermuth,PIT,ATL,2026_01_ATL_PIT,2026,1,NA,NA,12,17,4.893082858145666,0.8570387103559352,-2.7546096858075275,5.055011138165752,-4.1528399805645755,6.415480946491575,0.211,0.065,0.20001234246075528,0.07032964800129017,platt_vol_vegas,platt,2026-09-13T17:00:00Z,2026-08-31 15:01:36,2026-08-31 15:01:23,live
TE,00-0038558,Darnell Washington,PIT,ATL,2026_01_ATL_PIT,2026,1,NA,NA,12,17,4.857605452358091,0.6689766413145396,-2.927783093360906,4.849643345100921,-4.320249322722484,6.204504751882909,0.2275,0.0585,0.19782617369619912,0.06322160164690166,platt_vol_vegas,platt,2026-09-13T17:00:00Z,2026-08-31 15:01:36,2026-08-31 15:01:23,live
TE,00-0040598,Mark Redman,LA,SF,2026_01_SF_LA,2026,1,NA,NA,12,17,4.457637045120871,0.7069289059138129,-2.7185970556115837,4.688563317642822,-4.044771048619732,5.978922770473861,0.1925,0.0425,0.19615268668672656,0.045747383197463264,platt_vol_vegas,platt,2026-09-11T00:35:00Z,2026-08-31 15:01:36,2026-08-31 15:01:23,live
TE,00-0041510,Max Klare,LA,SF,2026_01_SF_LA,2026,1,NA,NA,12,17,4.457637045120871,0.7069289059138129,-2.7185970556115837,4.688563317642822,-4.044771048619732,5.978922770473861,0.188,0.0505,0.19592418222392852,0.05447939311473114,platt_vol_vegas,platt,2026-09-11T00:35:00Z,2026-08-31 15:01:36,2026-08-31 15:01:23,live
TE,00-0035039,Stephen Carlson,CHI,CAR,2026_01_CHI_CAR,2026,1,NA,NA,12,17,4.541400276268574,0.8040946831561593,-2.6578246624209356,4.828030671906346,-3.9980881587605452,6.132099128160237,0.1935,0.0485,0.19555058065809622,0.052295270999154896,platt_vol_vegas,platt,2026-09-13T17:00:00Z,2026-08-31 15:01:36,2026-08-31 15:01:23,live
TE,00-0037475,Stone Smartt,PHI,WAS,2026_01_WAS_PHI,2026,1,NA,NA,12,17,4.5902232883746805,0.8127392249410658,-2.6702588714167264,4.8611759415816085,-4.018682893002513,6.173184540642541,0.222,0.069,0.1948386713618031,0.0747053227454572,platt_vol_vegas,platt,2026-09-13T20:25:00Z,2026-08-31 15:01:36,2026-08-31 15:01:23,live
TE,00-0038406,Zack Kuntz,DAL,NYG,2026_01_DAL_NYG,2026,1,NA,NA,12,17,4.453733438014513,0.8160650130944327,-2.6077577340937945,4.795719706411848,-3.9332723368115636,6.085437576389671,0.214,0.066,0.1946265612121823,0.07142347900937805,platt_vol_vegas,platt,2026-09-14T00:20:00Z,2026-08-31 15:01:36,2026-08-31 15:01:23,live
TE,00-0040879,Matthew Hibner,BAL,IND,2026_01_BAL_IND,2026,1,NA,NA,12,17,4.434126149617666,0.676594936811805,-2.7386630155166656,4.646294405055456,-4.06086180386723,5.9327860072621466,0.2005,0.054,0.19462015252750986,0.058303089062848375,platt_vol_vegas,platt,2026-09-13T17:00:00Z,2026-08-31 15:01:36,2026-08-31 15:01:23,live
TE,00-0040702,Mitch Van Vooren,DAL,NYG,2026_01_DAL_NYG,2026,1,NA,NA,12,17,4.453733438014513,0.7927803662400604,-2.6310423809481667,4.772435059557475,-3.9565569836659358,6.062152929535298,0.2055,0.067,0.19422787910489275,0.07251737163271205,platt_vol_vegas,platt,2026-09-14T00:20:00Z,2026-08-31 15:01:36,2026-08-31 15:01:23,live
TE,00-0040938,DJ Rogers,DAL,NYG,2026_01_DAL_NYG,2026,1,NA,NA,12,17,4.453733438014513,0.7927803662400604,-2.6310423809481667,4.772435059557475,-3.9565569836659358,6.062152929535298,0.2045,0.0535,0.19418022198624288,0.05775674085216733,platt_vol_vegas,platt,2026-09-14T00:20:00Z,2026-08-31 15:01:36,2026-08-31 15:01:23,live
TE,00-0040887,Josh Cuevas,BAL,IND,2026_01_BAL_IND,2026,1,NA,NA,12,17,4.434126149617666,0.676594936811805,-2.7386630155166656,4.646294405055456,-4.06086180386723,5.9327860072621466,0.184,0.049,0.19379447183557377,0.052841238793498356,platt_vol_vegas,platt,2026-09-13T17:00:00Z,2026-08-31 15:01:36,2026-08-31 15:01:23,live
TE,00-0040939,Michael Trigg,DAL,NYG,2026_01_DAL_NYG,2026,1,NA,NA,12,17,4.453733438014513,0.7927803662400604,-2.6310423809481667,4.772435059557475,-3.9565569836659358,6.062152929535298,0.193,0.048,0.19361988079603812,0.051749346784633304,platt_vol_vegas,platt,2026-09-14T00:20:00Z,2026-08-31 15:01:36,2026-08-31 15:01:23,live
TE,00-0036423,Albert Okwuegbunam,LV,MIA,2026_01_MIA_LV,2026,1,NA,NA,12,17,4.92069590381313,0.7963680902815837,-2.826836289843103,5.007772529384905,-4.22954042177585,6.372595354826524,0.225,0.07,0.19345123410176637,0.07579937206389958,platt_vol_vegas,platt,2026-09-13T20:25:00Z,2026-08-31 15:01:36,2026-08-31 15:01:23,live
TE,00-0039050,Payne Durham,TB,CIN,2026_01_TB_CIN,2026,1,NA,NA,12,17,4.553675298001366,0.7603972499526749,-2.7068308709780666,4.7905038539221385,-4.0491496312064355,6.096572069785934,0.1995,0.055,0.1931305545526435,0.05939588329461221,platt_vol_vegas,platt,2026-09-13T17:00:00Z,2026-08-31 15:01:36,2026-08-31 15:01:23,live
TE,00-0039066,Michael Mayer,LV,MIA,2026_01_MIA_LV,2026,1,NA,NA,12,17,4.905668086126094,0.5706164356288749,-3.046302331172251,4.774714839224361,-4.446573021638362,6.137169940509167,0.209,0.065,0.1915061847353882,0.07032964800129017,platt_vol_vegas,platt,2026-09-13T20:25:00Z,2026-08-31 15:01:36,2026-08-31 15:01:23,live
TE,00-0040739,Elijah Arroyo,SEA,NE,2026_01_NE_SEA,2026,1,NA,NA,12,17,4.623890132776728,1.1191640908112956,-2.3783128383518655,5.184430170179499,-3.7323422623579683,6.501892792647701,0.2245,0.066,0.19024368774587605,0.07142347900937805,platt_vol_vegas,platt,2026-09-10T00:20:00Z,2026-08-31 15:01:36,2026-08-31 15:01:23,live
TE,00-0038498,E.J. Jenkins,PHI,WAS,2026_01_WAS_PHI,2026,1,NA,NA,12,17,4.536976981461186,0.8033115000803933,-2.6566933121864507,4.8250221453954065,-3.9962156072292907,6.128369417170655,0.1965,0.055,0.18934052877117297,0.05939588329461221,platt_vol_vegas,platt,2026-09-13T20:25:00Z,2026-08-31 15:01:36,2026-08-31 15:01:23,live
TE,00-0037348,Tanner Conner,NYG,DAL,2026_01_DAL_NYG,2026,1,NA,NA,12,17,4.596510222690332,1.1260958053175998,-2.359609540285316,5.177679272815261,-3.7090816588879694,6.490707664075655,0.249,0.07,0.18861590718834242,0.07579937206389958,platt_vol_vegas,platt,2026-09-14T00:20:00Z,2026-08-31 15:01:36,2026-08-31 15:01:23,live
TE,00-0039754,Devin Culp,TB,CIN,2026_01_TB_CIN,2026,1,NA,NA,12,17,4.499934007382544,0.6262502386473285,-2.817689482508391,4.629287745789093,-4.150992263740455,5.926583467405719,0.1915,0.0455,0.18841348025460003,0.0490204181443333,platt_vol_vegas,platt,2026-09-13T17:00:00Z,2026-08-31 15:01:36,2026-08-31 15:01:23,live
TE,00-0037311,Ko Kieft,TB,CIN,2026_01_TB_CIN,2026,1,NA,NA,12,17,4.495094089841804,0.6255766733217151,-2.8162598177829974,4.626169506786815,-4.148748344787743,5.9226729638553754,0.199,0.061,0.18838974230094374,0.06595504054326327,platt_vol_vegas,platt,2026-09-13T17:00:00Z,2026-08-31 15:01:36,2026-08-31 15:01:23,live
TE,00-0039530,Brevyn Spann-Ford,DAL,NYG,2026_01_DAL_NYG,2026,1,NA,NA,12,17,4.398691645389031,0.5283456005577769,-2.871392317613372,4.480005473490791,-4.187582608027792,5.760650842737027,0.1715,0.0455,0.18807984245687218,0.0490204181443333,platt_vol_vegas,platt,2026-09-14T00:20:00Z,2026-08-31 15:01:36,2026-08-31 15:01:23,live
TE,00-0041170,Hayden Large,CHI,CAR,2026_01_CHI_CAR,2026,1,NA,NA,12,17,4.44582060674306,0.7871714657765109,-2.6331967888122376,4.762810855527807,-3.9573740032585634,6.051227454626197,0.1925,0.0475,0.18777809876744994,0.05120346723481726,platt_vol_vegas,platt,2026-09-13T17:00:00Z,2026-08-31 15:01:36,2026-08-31 15:01:23,live
TE,00-0039843,Qadir Ismail,CHI,CAR,2026_01_CHI_CAR,2026,1,NA,NA,12,17,4.44582060674306,0.7871714657765109,-2.6331967888122376,4.762810855527807,-3.9573740032585634,6.051227454626197,0.192,0.0515,0.18775372685741615,0.05557169491281011,platt_vol_vegas,platt,2026-09-13T17:00:00Z,2026-08-31 15:01:36,2026-08-31 15:01:23,live
TE,00-0041558,Sam Roush,CHI,CAR,2026_01_CHI_CAR,2026,1,NA,NA,12,17,4.44582060674306,0.7871714657765109,-2.6331967888122376,4.762810855527807,-3.9573740032585634,6.051227454626197,0.184,0.043,0.18735734100900986,0.04629275136441496,platt_vol_vegas,platt,2026-09-13T17:00:00Z,2026-08-31 15:01:36,2026-08-31 15:01:23,live
TE,00-0039356,Ja'Tavion Sanders,CAR,CHI,2026_01_CHI_CAR,2026,1,NA,NA,12,17,4.638476316756341,0.7698435107423581,-2.7338922267072707,4.842384468984554,-4.090344714753747,6.162204718435185,0.225,0.0625,0.1858358710952083,0.06759537263867949,platt_vol_vegas,platt,2026-09-13T17:00:00Z,2026-08-31 15:01:36,2026-08-31 15:01:23,live
TE,00-0033576,Eric Saubert,SEA,NE,2026_01_NE_SEA,2026,1,NA,NA,12,17,4.549873619325023,0.9705267657664176,-2.495057844332723,4.998723047246241,-3.836740328162495,6.304172169936839,0.223,0.056,0.18430272460241787,0.06048880220568398,platt_vol_vegas,platt,2026-09-10T00:20:00Z,2026-08-31 15:01:36,2026-08-31 15:01:23,live
TE,00-0041094,Bauer Sharp,TB,CIN,2026_01_TB_CIN,2026,1,NA,NA,12,17,4.449724213849417,0.5959989177559548,-2.826073860507674,4.573619547817714,-4.150910972147448,5.862678222983008,0.179,0.042,0.18382364703257892,0.04520207320489637,platt_vol_vegas,platt,2026-09-13T17:00:00Z,2026-08-31 15:01:36,2026-08-31 15:01:23,live
TE,00-0041252,Kenny Fletcher Jr.,TB,CIN,2026_01_TB_CIN,2026,1,NA,NA,12,17,4.449724213849417,0.5959989177559548,-2.826073860507674,4.573619547817714,-4.150910972147448,5.862678222983008,0.1715,0.0435,0.1834375180187568,0.04683817634331945,platt_vol_vegas,platt,2026-09-13T17:00:00Z,2026-08-31 15:01:36,2026-08-31 15:01:23,live
TE,00-0035249,Josh Oliver,MIN,GB,2026_01_GB_MIN,2026,1,NA,NA,12,17,4.537944187308963,0.9664597899632611,-2.4939637266185595,4.988657113098725,-3.833648120789976,6.292162106367501,0.2055,0.0485,0.18335026753387265,0.052295270999154896,platt_vol_vegas,platt,2026-09-13T20:25:00Z,2026-08-31 15:01:36,2026-08-31 15:01:23,live
TE,00-0036232,Harrison Bryant,SEA,NE,2026_01_NE_SEA,2026,1,NA,NA,12,17,4.546399292538364,0.969785662293752,-2.494296435795823,4.99623551020731,-3.8353972301642836,6.301118652491888,0.204,0.058,0.1831881826352581,0.06267498756057978,platt_vol_vegas,platt,2026-09-10T00:20:00Z,2026-08-31 15:01:36,2026-08-31 15:01:23,live
TE,00-0040225,Thomas Fidone II,NYG,DAL,2026_01_DAL_NYG,2026,1,NA,NA,12,17,4.541400276268574,0.7960740907451637,-2.665845254831931,4.82001007949535,-4.006108751171541,6.124078535749241,0.206,0.056,0.18243341618235973,0.06048880220568398,platt_vol_vegas,platt,2026-09-14T00:20:00Z,2026-08-31 15:01:36,2026-08-31 15:01:23,live
TE,00-0037086,Grant Calcaterra,PHI,WAS,2026_01_WAS_PHI,2026,1,NA,NA,12,17,4.444871638722331,0.8401894815942644,-2.5797643050400674,4.815347117627036,-3.903781060442072,6.103607591024182,0.1925,0.0535,0.1818875901453534,0.05775674085216733,platt_vol_vegas,platt,2026-09-13T20:25:00Z,2026-08-31 15:01:36,2026-08-31 15:01:23,live
TE,00-0041483,Eli Stowers,PHI,WAS,2026_01_WAS_PHI,2026,1,NA,NA,12,17,4.441397311935672,0.7863882827007449,-2.632047742589915,4.7597817602181145,-3.955476904832744,6.047470508946129,0.194,0.047,0.1816890647948034,0.05065763345601485,platt_vol_vegas,platt,2026-09-13T20:25:00Z,2026-08-31 15:01:36,2026-08-31 15:01:23,live
TE,00-0033246,Johnny Mundt,PHI,WAS,2026_01_WAS_PHI,2026,1,NA,NA,12,17,4.441397311935672,0.8073225086647632,-2.6111135166258963,4.780715986182132,-3.9345426788687257,6.068404734910147,0.1925,0.0485,0.18161807753609552,0.052295270999154896,platt_vol_vegas,platt,2026-09-13T20:25:00Z,2026-08-31 15:01:36,2026-08-31 15:01:23,live
TE,00-0037809,Chig Okonkwo,WAS,PHI,2026_01_WAS_PHI,2026,1,NA,NA,12,17,4.860563322719934,0.5193977410998427,-3.078605103639867,4.701509364546746,-4.4715525963917075,6.056839037761495,0.197,0.057,0.18140415903315854,0.06158183911511638,platt_vol_vegas,platt,2026-09-13T20:25:00Z,2026-08-31 15:01:36,2026-08-31 15:01:23,live
TE,00-0037005,Tommy Tremble,CAR,CHI,2026_01_CHI_CAR,2026,1,NA,NA,12,17,4.576806120367049,0.7503439899827083,-2.7268711036971345,4.792058876830027,-4.073056266830487,6.101889079856292,0.1975,0.0505,0.17980540352082702,0.05447939311473114,platt_vol_vegas,platt,2026-09-13T17:00:00Z,2026-08-31 15:01:36,2026-08-31 15:01:23,live
TE,00-0033858,Jonnu Smith,GB,MIN,2026_01_GB_MIN,2026,1,NA,NA,12,17,4.625135521818981,0.7651443628326168,-2.7328672852090774,4.831031968679171,-4.0871037227594496,6.148696014101767,0.2005,0.0465,0.17891719386697655,0.05011184657662508,platt_vol_vegas,platt,2026-09-13T20:25:00Z,2026-08-31 15:01:36,2026-08-31 15:01:23,live
TE,00-0038488,Brady Russell,SEA,NE,2026_01_NE_SEA,2026,1,NA,NA,12,17,4.499519936740253,0.7577567568164745,-2.686003064455339,4.760585158677337,-4.019236198412777,6.057813113907612,0.187,0.05,0.17876829604386577,0.05393330088542496,platt_vol_vegas,platt,2026-09-10T00:20:00Z,2026-08-31 15:01:36,2026-08-31 15:01:23,live
TE,00-0035644,Noah Fant,NO,DET,2026_01_NO_DET,2026,1,NA,NA,12,17,4.713281122595585,1.0353604727797363,-2.5003405705647443,5.1450560646057655,-3.869168255247426,6.476917307202363,0.2355,0.0705,0.17865131906430146,0.07634641321737823,platt_vol_vegas,platt,2026-09-13T17:00:00Z,2026-08-31 15:01:36,2026-08-31 15:01:23,live
TE,00-0037011,Tre' McKitty,WAS,PHI,2026_01_WAS_PHI,2026,1,NA,NA,12,17,4.808762738119651,0.6017671200325759,-2.9744178511125194,4.758518901729402,-4.35891867118726,6.10563001237896,0.2105,0.0495,0.17803007789034184,0.05338724910356462,platt_vol_vegas,platt,2026-09-13T20:25:00Z,2026-08-31 15:01:36,2026-08-31 15:01:23,live
TE,00-0037004,Hunter Long,JAX,CLE,2026_01_CLE_JAX,2026,1,NA,NA,12,17,4.592537229462235,1.763635798781785,-1.7203589020096572,5.81323091111177,-3.06916875365368,7.12561492053775,0.2605,0.079,0.17766515463491997,0.085647269927866,platt_vol_vegas,platt,2026-09-13T17:00:00Z,2026-08-31 15:01:36,2026-08-31 15:01:23,live
TE,00-0037282,James Mitchell,CAR,CHI,2026_01_CHI_CAR,2026,1,NA,NA,12,17,4.546399292538364,0.8925623929083939,-2.5715197051811804,4.919012240821951,-3.912620499549642,6.223895383106529,0.197,0.0455,0.1774553751480249,0.0490204181443333,platt_vol_vegas,platt,2026-09-13T17:00:00Z,2026-08-31 15:01:36,2026-08-31 15:01:23,live
TE,00-0038643,Brayden Willis,SF,LA,2026_01_SF_LA,2026,1,NA,NA,12,17,4.554093593530285,0.5465255138216901,-2.920883405001427,4.576842266865468,-4.263272160163582,5.882978587385919,0.1865,0.048,0.17734741703066037,0.051749346784633304,platt_vol_vegas,platt,2026-09-11T00:35:00Z,2026-08-31 15:01:36,2026-08-31 15:01:23,live
TE,00-0039824,Jared Wiley,KC,DEN,2026_01_DEN_KC,2026,1,NA,NA,12,17,4.6117979228059465,0.8281294317906966,-2.664152358224033,4.8873569801305425,-4.016170511988401,6.202862648547239,0.2045,0.0575,0.17727826487294357,0.06212839979150592,platt_vol_vegas,platt,2026-09-15T00:15:00Z,2026-08-31 15:01:36,2026-08-31 15:01:23,live
TE,00-0036825,Feleipe Franks,CAR,CHI,2026_01_CHI_CAR,2026,1,NA,NA,12,17,4.54488981273264,0.5540206689089807,-2.90940848284526,4.579711569546419,-4.2502564925440165,5.8843487538422234,0.182,0.04,0.17663411485678818,0.04302144332118553,platt_vol_vegas,platt,2026-09-13T17:00:00Z,2026-08-31 15:01:36,2026-08-31 15:01:23,live
TE,00-0038394,Will Mallory,IND,BAL,2026_01_BAL_IND,2026,1,NA,NA,12,17,4.546399292538364,0.591124949191193,-2.8729571488983816,4.6175747971047505,-4.214057943266843,5.922457939389329,0.1835,0.0445,0.17661897765315612,0.04792919143411586,platt_vol_vegas,platt,2026-09-13T17:00:00Z,2026-08-31 15:01:36,2026-08-31 15:01:23,live
TE,00-0040058,Nick Kallerup,SEA,NE,2026_01_NE_SEA,2026,1,NA,NA,12,17,4.449310143207126,0.7493010080159367,-2.6725909955139766,4.726711515921677,-3.9973581211857154,6.015702095153937,0.19,0.0435,0.1750962201803636,0.04683817634331945,platt_vol_vegas,platt,2026-09-10T00:20:00Z,2026-08-31 15:01:36,2026-08-31 15:01:23,live
TE,00-0041001,Matt Lauter,MIN,GB,2026_01_GB_MIN,2026,1,NA,NA,12,17,4.434126149617666,0.6133790676184856,-2.801878884709985,4.583078535862137,-4.124077673060549,5.869570138068827,0.195,0.043,0.17491031375236882,0.04629275136441496,platt_vol_vegas,platt,2026-09-13T20:25:00Z,2026-08-31 15:01:36,2026-08-31 15:01:23,live
TE,00-0040215,Gavin Bartholomew,MIN,GB,2026_01_GB_MIN,2026,1,NA,NA,12,17,4.434126149617666,0.6365612052426926,-2.778696747085778,4.606260673486344,-4.100895535436342,5.892752275693034,0.1945,0.049,0.17488747770436397,0.052841238793498356,platt_vol_vegas,platt,2026-09-13T20:25:00Z,2026-08-31 15:01:36,2026-08-31 15:01:23,live
TE,00-0040060,Marshall Lang,MIN,GB,2026_01_GB_MIN,2026,1,NA,NA,12,17,4.434126149617666,0.6133790676184856,-2.801878884709985,4.583078535862137,-4.124077673060549,5.869570138068827,0.1885,0.0435,0.17461008404941214,0.04683817634331945,platt_vol_vegas,platt,2026-09-13T20:25:00Z,2026-08-31 15:01:36,2026-08-31 15:01:23,live
TE,00-0039489,Hayden Rucci,SF,LA,2026_01_SF_LA,2026,1,NA,NA,12,17,4.503006921113258,0.5168524740877488,-2.928422102031608,4.521441539885784,-4.262241665199379,5.81924008726985,0.205,0.0505,0.17433151602007727,0.05447939311473114,platt_vol_vegas,platt,2026-09-11T00:35:00Z,2026-08-31 15:01:36,2026-08-31 15:01:23,live
TE,00-0040509,Ben Yurosek,MIN,GB,2026_01_GB_MIN,2026,1,NA,NA,12,17,4.434126149617666,0.6133790676184856,-2.801878884709985,4.583078535862137,-4.124077673060549,5.869570138068827,0.1795,0.05,0.17418165531111598,0.05393330088542496,platt_vol_vegas,platt,2026-09-13T20:25:00Z,2026-08-31 15:01:36,2026-08-31 15:01:23,live
TE,00-0031484,Chris Manhertz,NYG,DAL,2026_01_DAL_NYG,2026,1,NA,NA,12,17,4.44582060674306,0.7560763995204652,-2.6642918550682833,4.731715789271761,-3.988469069514609,6.020132388370151,0.184,0.052,0.17411147817923783,0.05611790252579439,platt_vol_vegas,platt,2026-09-14T00:20:00Z,2026-08-31 15:01:36,2026-08-31 15:01:23,live
TE,00-0040194,Jackson Hawes,BUF,HOU,2026_01_BUF_HOU,2026,1,NA,NA,12,17,4.472643373290509,1.098499962936198,-2.3335675350030582,5.087737880457761,-3.6622740487288477,6.380561460970934,0.206,0.0565,0.17346179543608933,0.06103530631949193,platt_vol_vegas,platt,2026-09-13T17:00:00Z,2026-08-31 15:01:36,2026-08-31 15:01:23,live
TE,00-0040504,Bryson Nesbit,MIN,GB,2026_01_GB_MIN,2026,1,NA,NA,12,17,4.434126149617666,0.6133790676184856,-2.801878884709985,4.583078535862137,-4.124077673060549,5.869570138068827,0.1575,0.042,0.17306215154593943,0.04520207320489637,platt_vol_vegas,platt,2026-09-13T20:25:00Z,2026-08-31 15:01:36,2026-08-31 15:01:23,live
TE,00-0036637,Noah Gray,KC,DEN,2026_01_DEN_KC,2026,1,NA,NA,12,17,4.5521066499400575,0.6101863613087753,-2.8563636863518553,4.639504811897921,-4.198419934152563,5.945317604721976,0.185,0.0465,0.17190178321480565,0.05011184657662508,platt_vol_vegas,platt,2026-09-15T00:15:00Z,2026-08-31 15:01:36,2026-08-31 15:01:23,live
TE,00-0038589,Josh Whyle,GB,MIN,2026_01_GB_MIN,2026,1,NA,NA,12,17,4.534689625735563,0.8788496281918579,-2.5801648320732204,4.899409145284741,-3.9193037176532752,6.202383361920001,0.1905,0.0515,0.17164203796674504,0.05557169491281011,platt_vol_vegas,platt,2026-09-13T20:25:00Z,2026-08-31 15:01:36,2026-08-31 15:01:23,live
TE,00-0036534,Shane Zylstra,BUF,HOU,2026_01_BUF_HOU,2026,1,NA,NA,12,17,4.4611113719075295,0.4881220673555613,-2.9389192634640215,4.471517857219192,-4.2656799235622245,5.762448133659582,0.17,0.046,0.1709317672404044,0.04956610774783282,platt_vol_vegas,platt,2026-09-13T17:00:00Z,2026-08-31 15:01:36,2026-08-31 15:01:23,live
TE,00-0040363,Keleki Latu,BUF,HOU,2026_01_BUF_HOU,2026,1,NA,NA,12,17,4.457637045120871,0.4877419164397039,-2.9377840450856927,4.469376328168712,-4.2639580380938416,5.759735780999751,0.173,0.034,0.17082348447105578,0.036486269550923635,platt_vol_vegas,platt,2026-09-13T17:00:00Z,2026-08-31 15:01:36,2026-08-31 15:01:23,live
TE,00-0036556,Brevin Jordan,HOU,BUF,2026_01_BUF_HOU,2026,1,NA,NA,12,17,4.565062456059478,0.8764107059267221,-2.595736672680136,4.9122351721641655,-3.9399598971187446,6.2201564204424225,0.2165,0.059,0.1702595627967501,0.0637682412873649,platt_vol_vegas,platt,2026-09-13T17:00:00Z,2026-08-31 15:01:36,2026-08-31 15:01:23,live
TE,00-0036887,Luke Farrell,SF,LA,2026_01_SF_LA,2026,1,NA,NA,12,17,4.457637045120871,0.6990671918099427,-2.726458769715454,4.680701603538951,-4.0526327627236025,5.97106105636999,0.185,0.045,0.1700563531013275,0.04847477896508845,platt_vol_vegas,platt,2026-09-11T00:35:00Z,2026-08-31 15:01:36,2026-08-31 15:01:23,live
TE,00-0040187,Mitchell Evans,CAR,CHI,2026_01_CHI_CAR,2026,1,NA,NA,12,17,4.449310143207126,0.7384477805037993,-2.683444223026114,4.71585828840954,-4.008211348697853,6.0048488676418,0.189,0.048,0.16982394785301072,0.051749346784633304,platt_vol_vegas,platt,2026-09-13T17:00:00Z,2026-08-31 15:01:36,2026-08-31 15:01:23,live
TE,00-0041357,Khalil Dinkins,SF,LA,2026_01_SF_LA,2026,1,NA,NA,12,17,4.457637045120871,0.5116449465252724,-2.913881015000124,4.493279358254281,-4.240055008008273,5.78363881108532,0.1685,0.046,0.1692630227009089,0.04956610774783282,platt_vol_vegas,platt,2026-09-11T00:35:00Z,2026-08-31 15:01:36,2026-08-31 15:01:23,live
TE,00-0041570,Tyler Moore,IND,BAL,2026_01_BAL_IND,2026,1,NA,NA,12,17,4.449310143207126,0.24736934205455818,-3.174522661475355,4.224779849960298,-4.499289787147094,5.513770429192559,0.1735,0.0405,0.1688987718278591,0.043566506363363365,platt_vol_vegas,platt,2026-09-13T17:00:00Z,2026-08-31 15:01:36,2026-08-31 15:01:23,live
TE,00-0033217,Mo Alie-Cox,IND,BAL,2026_01_BAL_IND,2026,1,NA,NA,12,17,4.452784469993785,0.13139055231535907,-3.292018045467441,4.11056386217728,-4.61737231246542,5.4001257264478975,0.159,0.04,0.16842448896429296,0.04302144332118553,platt_vol_vegas,platt,2026-09-13T17:00:00Z,2026-08-31 15:01:36,2026-08-31 15:01:23,live
TE,00-0037292,Andrew Ogletree,IND,BAL,2026_01_BAL_IND,2026,1,NA,NA,12,17,4.449310143207126,0.27063086339884856,-3.151261140131065,4.248041371304589,-4.476028265802803,5.53703195053685,0.1635,0.045,0.16840197339495358,0.04847477896508845,platt_vol_vegas,platt,2026-09-13T17:00:00Z,2026-08-31 15:01:36,2026-08-31 15:01:23,live
TE,00-0040528,JJ Galbreath,IND,BAL,2026_01_BAL_IND,2026,1,NA,NA,12,17,4.449310143207126,0.24736934205455818,-3.174522661475355,4.224779849960298,-4.499289787147094,5.513770429192559,0.158,0.0385,0.1681187754879739,0.04138665329369701,platt_vol_vegas,platt,2026-09-13T17:00:00Z,2026-08-31 15:01:36,2026-08-31 15:01:23,live
TE,00-0039359,Cade Stover,HOU,BUF,2026_01_BUF_HOU,2026,1,NA,NA,12,17,4.540574648557078,0.7800036283627576,-2.681558422245495,4.803524317985435,-4.021683593755331,6.107458184997945,0.208,0.056,0.1681095021605931,0.06048880220568398,platt_vol_vegas,platt,2026-09-13T17:00:00Z,2026-08-31 15:01:36,2026-08-31 15:01:23,live
TE,00-0033439,Pharaoh Brown,IND,BAL,2026_01_BAL_IND,2026,1,NA,NA,12,17,4.449310143207126,0.24736934205455818,-3.174522661475355,4.224779849960298,-4.499289787147094,5.513770429192559,0.154,0.04,0.1679079912947711,0.04302144332118553,platt_vol_vegas,platt,2026-09-13T17:00:00Z,2026-08-31 15:01:36,2026-08-31 15:01:23,live
TE,00-0033757,Robert Tonyan,PIT,ATL,2026_01_ATL_PIT,2026,1,NA,NA,12,17,4.484335943150793,0.604757312394441,-2.8324006187821666,4.5999120568138565,-4.163077866418116,5.894653149767629,0.18,0.046,0.1666967201591676,0.04956610774783282,platt_vol_vegas,platt,2026-09-13T17:00:00Z,2026-08-31 15:01:36,2026-08-31 15:01:23,live
TE,00-0041084,Tanner Koziol,JAX,CLE,2026_01_CLE_JAX,2026,1,NA,NA,12,17,4.457637045120871,1.24479532126386,-2.1807306402615367,5.226429732992869,-3.506904633269685,6.5167891858239075,0.229,0.0695,0.16643888372834312,0.07525234172431017,platt_vol_vegas,platt,2026-09-13T17:00:00Z,2026-08-31 15:01:36,2026-08-31 15:01:23,live
TE,00-0036590,Quintin Morris,JAX,CLE,2026_01_CLE_JAX,2026,1,NA,NA,12,17,4.457637045120871,1.24479532126386,-2.1807306402615367,5.226429732992869,-3.506904633269685,6.5167891858239075,0.2165,0.0615,0.1659422229603331,0.0665017969186095,platt_vol_vegas,platt,2026-09-13T17:00:00Z,2026-08-31 15:01:36,2026-08-31 15:01:23,live
TE,00-0040331,Patrick Herbert,JAX,CLE,2026_01_CLE_JAX,2026,1,NA,NA,12,17,4.457637045120871,1.24479532126386,-2.1807306402615367,5.226429732992869,-3.506904633269685,6.5167891858239075,0.2105,0.0585,0.1656969001188051,0.06322160164690166,platt_vol_vegas,platt,2026-09-13T17:00:00Z,2026-08-31 15:01:36,2026-08-31 15:01:23,live
TE,00-0041503,Nate Boerkircher,JAX,CLE,2026_01_CLE_JAX,2026,1,NA,NA,12,17,4.457637045120871,1.24479532126386,-2.1807306402615367,5.226429732992869,-3.506904633269685,6.5167891858239075,0.206,0.054,0.1655097201738364,0.058303089062848375,platt_vol_vegas,platt,2026-09-13T17:00:00Z,2026-08-31 15:01:36,2026-08-31 15:01:23,live
TE,00-0040081,Jake Briningstool,KC,DEN,2026_01_DEN_KC,2026,1,NA,NA,12,17,4.457637045120871,0.46869538899174923,-2.9568305725336472,4.450329800720758,-4.283004565541796,5.740689253551797,0.181,0.0485,0.16481738215611078,0.052295270999154896,platt_vol_vegas,platt,2026-09-15T00:15:00Z,2026-08-31 15:01:36,2026-08-31 15:01:23,live
TE,00-0040094,Tre Watson,KC,DEN,2026_01_DEN_KC,2026,1,NA,NA,12,17,4.457637045120871,0.46869538899174923,-2.9568305725336472,4.450329800720758,-4.283004565541796,5.740689253551797,0.1695,0.0465,0.16427435532191692,0.05011184657662508,platt_vol_vegas,platt,2026-09-15T00:15:00Z,2026-08-31 15:01:36,2026-08-31 15:01:23,live
TE,00-0039702,Mason Pline,KC,DEN,2026_01_DEN_KC,2026,1,NA,NA,12,17,4.457637045120871,0.46869538899174923,-2.9568305725336472,4.450329800720758,-4.283004565541796,5.740689253551797,0.1645,0.039,0.16402957650285643,0.04193151520405128,platt_vol_vegas,platt,2026-09-15T00:15:00Z,2026-08-31 15:01:36,2026-08-31 15:01:23,live
TE,00-0039275,Messiah Swinson,GB,MIN,2026_01_GB_MIN,2026,1,NA,NA,12,17,4.434126149617666,0.529357843691611,-2.88590010863686,4.499057311935262,-4.208098896987424,5.785548914141953,0.1825,0.0435,0.16395283896817767,0.04683817634331945,platt_vol_vegas,platt,2026-09-13T20:25:00Z,2026-08-31 15:01:36,2026-08-31 15:01:23,live
TE,00-0040628,Drake Dabney,GB,MIN,2026_01_GB_MIN,2026,1,NA,NA,12,17,4.437600476404325,0.5297726181193129,-2.887004170629426,4.5012374944855855,-4.209790968349301,5.788301226331405,0.1715,0.0385,0.1636875518930895,0.04138665329369701,platt_vol_vegas,platt,2026-09-13T20:25:00Z,2026-08-31 15:01:36,2026-08-31 15:01:23,live
TE,00-0040945,R.J. Maryland,GB,MIN,2026_01_GB_MIN,2026,1,NA,NA,12,17,4.434126149617666,0.529357843691611,-2.88590010863686,4.499057311935262,-4.208098896987424,5.785548914141953,0.174,0.042,0.16355837082219993,0.04520207320489637,platt_vol_vegas,platt,2026-09-13T20:25:00Z,2026-08-31 15:01:36,2026-08-31 15:01:23,live
TE,00-0039263,McCallan Castles,GB,MIN,2026_01_GB_MIN,2026,1,NA,NA,12,17,4.434126149617666,0.529357843691611,-2.88590010863686,4.499057311935262,-4.208098896987424,5.785548914141953,0.173,0.0535,0.16351102504833143,0.05775674085216733,platt_vol_vegas,platt,2026-09-13T20:25:00Z,2026-08-31 15:01:36,2026-08-31 15:01:23,live
TE,00-0040974,Lance Mason,PIT,ATL,2026_01_ATL_PIT,2026,1,NA,NA,12,17,4.434126149617666,0.5979860222462638,-2.8172719300822067,4.567685490489915,-4.13947071843277,5.854177092696606,0.178,0.0515,0.16299824283588868,0.05557169491281011,platt_vol_vegas,platt,2026-09-13T17:00:00Z,2026-08-31 15:01:36,2026-08-31 15:01:23,live
TE,00-0041263,Lake McRee,PIT,ATL,2026_01_ATL_PIT,2026,1,NA,NA,12,17,4.434126149617666,0.5979860222462638,-2.8172719300822067,4.567685490489915,-4.13947071843277,5.854177092696606,0.1685,0.053,0.1625495398357525,0.05721042642175668,platt_vol_vegas,platt,2026-09-13T17:00:00Z,2026-08-31 15:01:36,2026-08-31 15:01:23,live
TE,00-0041398,Riley Nowakowski,PIT,ATL,2026_01_ATL_PIT,2026,1,NA,NA,12,17,4.434126149617666,0.5979860222462638,-2.8172719300822067,4.567685490489915,-4.13947071843277,5.854177092696606,0.1665,0.045,0.16245265840963719,0.04847477896508845,platt_vol_vegas,platt,2026-09-13T17:00:00Z,2026-08-31 15:01:36,2026-08-31 15:01:23,live
TE,00-0041535,Louis Hansen,HOU,BUF,2026_01_BUF_HOU,2026,1,NA,NA,12,17,4.457637045120871,0.6509910032703249,-2.774534958255072,4.632625414999334,-4.10070895126322,5.9229848678303725,0.188,0.0475,0.1612980584817522,0.05120346723481726,platt_vol_vegas,platt,2026-09-13T17:00:00Z,2026-08-31 15:01:36,2026-08-31 15:01:23,live
TE,00-0041472,Marlin Klein,HOU,BUF,2026_01_BUF_HOU,2026,1,NA,NA,12,17,4.457637045120871,0.6509910032703249,-2.774534958255072,4.632625414999334,-4.10070895126322,5.9229848678303725,0.1875,0.0515,0.1612760455385266,0.05557169491281011,platt_vol_vegas,platt,2026-09-13T17:00:00Z,2026-08-31 15:01:36,2026-08-31 15:01:23,live
TE,00-0040792,Layne Pryor,HOU,BUF,2026_01_BUF_HOU,2026,1,NA,NA,12,17,4.457637045120871,0.6509910032703249,-2.774534958255072,4.632625414999334,-4.10070895126322,5.9229848678303725,0.1675,0.0395,0.16035764945858472,0.04247644574696996,platt_vol_vegas,platt,2026-09-13T17:00:00Z,2026-08-31 15:01:36,2026-08-31 15:01:23,live
TE,00-0039912,Ben Sinnott,WAS,PHI,2026_01_WAS_PHI,2026,1,NA,NA,12,17,4.564702974577282,0.4412162319870872,-3.030775931597522,4.476860285207451,-4.3749390653732245,5.784723065626047,0.1815,0.04,0.15893123401799994,0.04302144332118553,platt_vol_vegas,platt,2026-09-13T20:25:00Z,2026-08-31 15:01:36,2026-08-31 15:01:23,live
TE,00-0034981,Foster Moreau,HOU,BUF,2026_01_BUF_HOU,2026,1,NA,NA,12,17,4.402595252495388,1.1204274071398257,-2.281022902846545,5.074077665857221,-3.597876136562721,6.355368075015734,0.2125,0.061,0.15846270891604297,0.06595504054326327,platt_vol_vegas,platt,2026-09-13T17:00:00Z,2026-08-31 15:01:36,2026-08-31 15:01:23,live
TE,00-0037304,Connor Heyward,LV,MIA,2026_01_MIA_LV,2026,1,NA,NA,12,17,4.484335943150793,0.4154532343153906,-3.021704696861217,4.410607978734806,-4.352381944497167,5.705349071688579,0.1745,0.0385,0.15827818565380075,0.04138665329369701,platt_vol_vegas,platt,2026-09-13T20:25:00Z,2026-08-31 15:01:36,2026-08-31 15:01:23,live
TE,00-0036628,John Bates,WAS,PHI,2026_01_WAS_PHI,2026,1,NA,NA,12,17,4.538833394861079,0.7107720856367995,-2.75003633568625,4.733416799911646,-4.0898697436626525,6.037066782731476,0.2045,0.0515,0.15810989729890143,0.05557169491281011,platt_vol_vegas,platt,2026-09-13T20:25:00Z,2026-08-31 15:01:36,2026-08-31 15:01:23,live
TE,00-0040584,Gunnar Helm,TEN,NYJ,2026_01_NYJ_TEN,2026,1,NA,NA,12,17,4.655331981367061,0.7244795583336536,-2.786478214333152,4.805414995049055,-4.1457266745570935,6.1279557088943015,0.184,0.0455,0.15784327176086638,0.0490204181443333,platt_vol_vegas,platt,2026-09-13T17:00:00Z,2026-08-31 15:01:36,2026-08-31 15:01:23,live
TE,00-0040488,Carter Runyon,LV,MIA,2026_01_MIA_LV,2026,1,NA,NA,12,17,4.484335943150793,0.39200859393314447,-3.045149337243463,4.3871633383525594,-4.375826584879413,5.681904431306332,0.164,0.0425,0.1577848857650673,0.045747383197463264,platt_vol_vegas,platt,2026-09-13T20:25:00Z,2026-08-31 15:01:36,2026-08-31 15:01:23,live
TE,00-0041327,Cody Hardy,NO,DET,2026_01_NO_DET,2026,1,NA,NA,12,17,4.457637045120871,0.43976918237405643,-2.98575677915134,4.421403594103065,-4.311930772159489,5.711763046934104,0.181,0.0535,0.15771364796663134,0.05775674085216733,platt_vol_vegas,platt,2026-09-13T17:00:00Z,2026-08-31 15:01:36,2026-08-31 15:01:23,live
TE,00-0041041,Oscar Delp,NO,DET,2026_01_NO_DET,2026,1,NA,NA,12,17,4.457637045120871,0.43976918237405643,-2.98575677915134,4.421403594103065,-4.311930772159489,5.711763046934104,0.174,0.045,0.15739774737092144,0.04847477896508845,platt_vol_vegas,platt,2026-09-13T17:00:00Z,2026-08-31 15:01:36,2026-08-31 15:01:23,live
TE,00-0037340,Zaire Mitchell-Paden,NO,DET,2026_01_NO_DET,2026,1,NA,NA,12,17,4.457637045120871,0.43976918237405643,-2.98575677915134,4.421403594103065,-4.311930772159489,5.711763046934104,0.1705,0.0395,0.15723622724466318,0.04247644574696996,platt_vol_vegas,platt,2026-09-13T17:00:00Z,2026-08-31 15:01:36,2026-08-31 15:01:23,live
TE,00-0039518,Treyton Welch,NO,DET,2026_01_NO_DET,2026,1,NA,NA,12,17,4.457637045120871,0.43976918237405643,-2.98575677915134,4.421403594103065,-4.311930772159489,5.711763046934104,0.1595,0.0355,0.15671167272760245,0.038119017946745305,platt_vol_vegas,platt,2026-09-13T17:00:00Z,2026-08-31 15:01:36,2026-08-31 15:01:23,live
TE,00-0036145,Lawrence Cager,WAS,PHI,2026_01_WAS_PHI,2026,1,NA,NA,12,17,4.529939794394308,0.5312715963924416,-2.9256856484227023,4.549439924535131,-4.264028094081309,5.85163920983659,0.18,0.0515,0.15645599782056438,0.05557169491281011,platt_vol_vegas,platt,2026-09-13T20:25:00Z,2026-08-31 15:01:36,2026-08-31 15:01:23,live
TE,00-0037755,Jelani Woods,NYJ,TEN,2026_01_NYJ_TEN,2026,1,NA,NA,12,17,4.758204398923314,0.7625279297629639,-2.7922641884247335,4.894413889259948,-4.168482880281208,6.233466538129723,0.203,0.0585,0.15597418966170432,0.06322160164690166,platt_vol_vegas,platt,2026-09-13T17:00:00Z,2026-08-31 15:01:36,2026-08-31 15:01:23,live
TE,00-0032392,Austin Hooper,ATL,PIT,2026_01_ATL_PIT,2026,1,NA,NA,12,17,4.592537229462235,0.9601349200371453,-2.523859780754297,5.0097300323671305,-3.8726696323983196,6.32211404179311,0.2085,0.06,0.15559162331351442,0.06486159423812027,platt_vol_vegas,platt,2026-09-13T17:00:00Z,2026-08-31 15:01:36,2026-08-31 15:01:23,live
TE,00-0040566,CJ Dippre,NE,SEA,2026_01_NE_SEA,2026,1,NA,NA,12,17,4.494680019199513,0.7023519266573582,-2.73930458084339,4.702735557530173,-4.0717234281617385,5.999171216675921,0.202,0.0495,0.15515007588969193,0.05338724910356462,platt_vol_vegas,platt,2026-09-10T00:20:00Z,2026-08-31 15:01:36,2026-08-31 15:01:23,live
TE,00-0034365,Ian Thomas,LV,MIA,2026_01_MIA_LV,2026,1,NA,NA,12,17,4.434126149617666,0.622713625900176,-2.7925443264282945,4.5924130941438275,-4.114743114778858,5.878904696350518,0.171,0.0425,0.15466117582220762,0.045747383197463264,platt_vol_vegas,platt,2026-09-13T20:25:00Z,2026-08-31 15:01:36,2026-08-31 15:01:23,live
TE,00-0041016,Patrick Gurd,LV,MIA,2026_01_MIA_LV,2026,1,NA,NA,12,17,4.434126149617666,0.3876193887500098,-3.027638563578461,4.357318856993661,-4.3498373519290245,5.643810459200352,0.169,0.0495,0.1545692201562438,0.05338724910356462,platt_vol_vegas,platt,2026-09-13T20:25:00Z,2026-08-31 15:01:36,2026-08-31 15:01:23,live
TE,00-0035345,Chris Myarick,LV,MIA,2026_01_MIA_LV,2026,1,NA,NA,12,17,4.434126149617666,0.3876193887500098,-3.027638563578461,4.357318856993661,-4.3498373519290245,5.643810459200352,0.1605,0.0385,0.15416894023889696,0.04138665329369701,platt_vol_vegas,platt,2026-09-13T20:25:00Z,2026-08-31 15:01:36,2026-08-31 15:01:23,live
TE,00-0036422,Adam Trautman,DEN,KC,2026_01_DEN_KC,2026,1,NA,NA,12,17,4.561455082812168,0.6465328961830233,-2.824056670151209,4.680546651008156,-4.167676795928429,5.987881087855323,0.183,0.0485,0.1524306938791417,0.052295270999154896,platt_vol_vegas,platt,2026-09-15T00:15:00Z,2026-08-31 15:01:36,2026-08-31 15:01:23,live
TE,00-0041314,Tanner Arkin,NE,SEA,2026_01_NE_SEA,2026,1,NA,NA,12,17,4.449310143207126,0.6952622963211962,-2.7266297072087173,4.672672804226936,-4.051396832880456,5.961663383459197,0.1965,0.052,0.15185282823484522,0.05611790252579439,platt_vol_vegas,platt,2026-09-10T00:20:00Z,2026-08-31 15:01:36,2026-08-31 15:01:23,live
TE,00-0038115,Daniel Bellinger,TEN,NYJ,2026_01_NYJ_TEN,2026,1,NA,NA,12,17,4.5424525649726055,1.0971795970971996,-2.365195091547424,5.121644850447094,-3.70563487151204,6.425884829625659,0.222,0.0555,0.15167068992970265,0.05994232758805185,platt_vol_vegas,platt,2026-09-13T17:00:00Z,2026-08-31 15:01:36,2026-08-31 15:01:23,live
TE,00-0033455,Anthony Firkser,WAS,PHI,2026_01_WAS_PHI,2026,1,NA,NA,12,17,4.452784469993785,0.42443580647295653,-2.9989727913098436,4.403609116334877,-4.324327058307823,5.693170980605495,0.19,0.053,0.1516408103497202,0.05721042642175668,platt_vol_vegas,platt,2026-09-13T20:25:00Z,2026-08-31 15:01:36,2026-08-31 15:01:23,live
TE,00-0039305,Jack Westover,NE,SEA,2026_01_NE_SEA,2026,1,NA,NA,12,17,4.449310143207126,0.6952622963211962,-2.7266297072087173,4.672672804226936,-4.051396832880456,5.961663383459197,0.19,0.053,0.15158648955213652,0.05721042642175668,platt_vol_vegas,platt,2026-09-10T00:20:00Z,2026-08-31 15:01:36,2026-08-31 15:01:23,live
TE,00-0036187,Reggie Gilliam,NE,SEA,2026_01_NE_SEA,2026,1,NA,NA,12,17,4.449310143207126,0.6952622963211962,-2.7266297072087173,4.672672804226936,-4.051396832880456,5.961663383459197,0.1875,0.05,0.1514823025082879,0.05393330088542496,platt_vol_vegas,platt,2026-09-10T00:20:00Z,2026-08-31 15:01:36,2026-08-31 15:01:23,live
TE,00-0041395,Eli Raridon,NE,SEA,2026_01_NE_SEA,2026,1,NA,NA,12,17,4.449310143207126,0.6952622963211962,-2.7266297072087173,4.672672804226936,-4.051396832880456,5.961663383459197,0.1855,0.048,0.15139822390105495,0.051749346784633304,platt_vol_vegas,platt,2026-09-10T00:20:00Z,2026-08-31 15:01:36,2026-08-31 15:01:23,live
TE,00-0041180,Quentin Moore,WAS,PHI,2026_01_WAS_PHI,2026,1,NA,NA,12,17,4.449310143207126,0.5218153463213504,-2.900076657208563,4.49922585422709,-4.224843782880302,5.788216433459351,0.1885,0.046,0.15134548982769885,0.04956610774783282,platt_vol_vegas,platt,2026-09-13T20:25:00Z,2026-08-31 15:01:36,2026-08-31 15:01:23,live
TE,00-0036876,Kylen Granson,TEN,NYJ,2026_01_NYJ_TEN,2026,1,NA,NA,12,17,4.538486461266911,0.6770734194632342,-2.7835848311421234,4.699543583930574,-4.123360101331059,6.003136999026998,0.195,0.05,0.15036317703719837,0.05393330088542496,platt_vol_vegas,platt,2026-09-13T17:00:00Z,2026-08-31 15:01:36,2026-08-31 15:01:23,live
TE,00-0039686,Colson Yankoff,WAS,PHI,2026_01_WAS_PHI,2026,1,NA,NA,12,17,4.449310143207126,0.5218153463213504,-2.900076657208563,4.49922585422709,-4.224843782880302,5.788216433459351,0.1615,0.0415,0.15015521366602094,0.04465682277974643,platt_vol_vegas,platt,2026-09-13T20:25:00Z,2026-08-31 15:01:36,2026-08-31 15:01:23,live
TE,00-0037539,Lucas Krull,DEN,KC,2026_01_DEN_KC,2026,1,NA,NA,12,17,4.503883799997158,0.4631742532481209,-2.982481161475379,4.468205983941592,-4.316448164264984,5.766147989205813,0.171,0.039,0.14807469458402703,0.04193151520405128,platt_vol_vegas,platt,2026-09-15T00:15:00Z,2026-08-31 15:01:36,2026-08-31 15:01:23,live
TE,00-0040240,Caleb Lohner,DEN,KC,2026_01_DEN_KC,2026,1,NA,NA,12,17,4.457637045120871,0.4584182899270896,-2.967107671598307,4.440052701656098,-4.2932816646064555,5.730412154487137,0.178,0.0445,0.14535682129743854,0.04792919143411586,platt_vol_vegas,platt,2026-09-15T00:15:00Z,2026-08-31 15:01:36,2026-08-31 15:01:23,live
TE,00-0036429,Charlie Woerner,ATL,PIT,2026_01_ATL_PIT,2026,1,NA,NA,12,17,4.4611113719075295,0.6191021667264257,-2.807939164093157,4.602497956590057,-4.13469982419136,5.893428233030447,0.1725,0.047,0.14534731446375843,0.05065763345601485,platt_vol_vegas,platt,2026-09-13T17:00:00Z,2026-08-31 15:01:36,2026-08-31 15:01:23,live
TE,00-0041195,Jack Velling,ATL,PIT,2026_01_ATL_PIT,2026,1,NA,NA,12,17,4.457637045120871,0.6186200081201463,-2.8069059534052503,4.600254419849155,-4.133079946413399,5.890613872680194,0.169,0.044,0.14497019941039807,0.047383656801313234,platt_vol_vegas,platt,2026-09-13T17:00:00Z,2026-08-31 15:01:36,2026-08-31 15:01:23,live
TE,00-0041133,Dallen Bentley,DEN,KC,2026_01_DEN_KC,2026,1,NA,NA,12,17,4.457637045120871,0.4584182899270896,-2.967107671598307,4.440052701656098,-4.2932816646064555,5.730412154487137,0.167,0.0445,0.14488219247744855,0.04792919143411586,platt_vol_vegas,platt,2026-09-15T00:15:00Z,2026-08-31 15:01:36,2026-08-31 15:01:23,live
TE,00-0037317,Nick Muse,ATL,PIT,2026_01_ATL_PIT,2026,1,NA,NA,12,17,4.457637045120871,0.6186200081201463,-2.8069059534052503,4.600254419849155,-4.133079946413399,5.890613872680194,0.164,0.0375,0.14474867248348072,0.04029714197416743,platt_vol_vegas,platt,2026-09-13T17:00:00Z,2026-08-31 15:01:36,2026-08-31 15:01:23,live
TE,00-0038783,Nate Adkins,DEN,KC,2026_01_DEN_KC,2026,1,NA,NA,12,17,4.457637045120871,0.32140583092724445,-3.1041201305981523,4.3030402426562535,-4.4302941236063,5.593399695487292,0.1635,0.0485,0.14472623893637637,0.052295270999154896,platt_vol_vegas,platt,2026-09-15T00:15:00Z,2026-08-31 15:01:36,2026-08-31 15:01:23,live
TE,00-0041077,Justin Joly,DEN,KC,2026_01_DEN_KC,2026,1,NA,NA,12,17,4.457637045120871,0.4584182899270896,-2.967107671598307,4.440052701656098,-4.2932816646064555,5.730412154487137,0.1565,0.0375,0.14440651470758897,0.04029714197416743,platt_vol_vegas,platt,2026-09-15T00:15:00Z,2026-08-31 15:01:36,2026-08-31 15:01:23,live
TE,00-0039023,Joel Wilson,TEN,NYJ,2026_01_NYJ_TEN,2026,1,NA,NA,12,17,4.441397311935672,0.6113337426779166,-2.807102282612743,4.584727220195286,-4.130531444855572,5.872415968923301,0.1895,0.052,0.14379074650790621,0.05611790252579439,platt_vol_vegas,platt,2026-09-13T17:00:00Z,2026-08-31 15:01:36,2026-08-31 15:01:23,live
TE,00-0037805,Jeremy Ruckert,NYJ,TEN,2026_01_NYJ_TEN,2026,1,NA,NA,12,17,4.576806120367049,0.681220140505888,-2.7959949531739547,4.722935027353207,-4.142180116307307,6.032765230379471,0.192,0.051,0.1434954398122886,0.055025524786148354,platt_vol_vegas,platt,2026-09-13T17:00:00Z,2026-08-31 15:01:36,2026-08-31 15:01:23,live
TE,00-0039648,David Martin-Robinson,TEN,NYJ,2026_01_NYJ_TEN,2026,1,NA,NA,12,17,4.441397311935672,0.6113337426779166,-2.807102282612743,4.584727220195286,-4.130531444855572,5.872415968923301,0.176,0.0515,0.14323909365235024,0.05557169491281011,platt_vol_vegas,platt,2026-09-13T17:00:00Z,2026-08-31 15:01:36,2026-08-31 15:01:23,live
TE,00-0034959,Andrew Beck,NYJ,TEN,2026_01_NYJ_TEN,2026,1,NA,NA,12,17,4.5457666916165405,0.676023731114056,-2.787784738121191,4.7021555285808585,-4.128779598547121,6.006935597765798,0.1895,0.044,0.1414194054004911,0.047383656801313234,platt_vol_vegas,platt,2026-09-13T17:00:00Z,2026-08-31 15:01:36,2026-08-31 15:01:23,live
TE,00-0037277,Teagan Quitoriano,ARI,LAC,2026_01_ARI_LAC,2026,1,NA,NA,12,17,4.606958005265207,0.617444809543741,-2.8727559715564093,4.674253512778202,-4.223968473887178,5.988975287114247,0.18,0.0475,0.1393330489109089,0.05120346723481726,platt_vol_vegas,platt,2026-09-13T20:25:00Z,2026-08-31 15:01:36,2026-08-31 15:01:23,live
TE,00-0039041,Elijah Higgins,ARI,LAC,2026_01_ARI_LAC,2026,1,NA,NA,12,17,4.601106244005213,0.3498040305391724,-3.1378794187397614,4.403686732009913,-4.488117349565142,5.7174602540343695,0.1655,0.047,0.13836564621296568,0.05065763345601485,platt_vol_vegas,platt,2026-09-13T20:25:00Z,2026-08-31 15:01:36,2026-08-31 15:01:23,live
TE,00-0041237,Chase Curtis,NYJ,TEN,2026_01_NYJ_TEN,2026,1,NA,NA,12,17,4.449310143207126,0.6616791947201464,-2.760212808809767,4.639089702625887,-4.084979934481506,5.928080281858147,0.1915,0.053,0.13549536804355958,0.05721042642175668,platt_vol_vegas,platt,2026-09-13T17:00:00Z,2026-08-31 15:01:36,2026-08-31 15:01:23,live
TE,00-0041032,Kenyon Sadiq,NYJ,TEN,2026_01_NYJ_TEN,2026,1,NA,NA,12,17,4.449310143207126,0.6616791947201464,-2.760212808809767,4.639089702625887,-4.084979934481506,5.928080281858147,0.1815,0.0465,0.13511255410572448,0.05011184657662508,platt_vol_vegas,platt,2026-09-13T17:00:00Z,2026-08-31 15:01:36,2026-08-31 15:01:23,live
TE,00-0041577,Connor Hulstein,NYJ,TEN,2026_01_NYJ_TEN,2026,1,NA,NA,12,17,4.449310143207126,0.6616791947201464,-2.760212808809767,4.639089702625887,-4.084979934481506,5.928080281858147,0.1715,0.0425,0.1347139268301597,0.045747383197463264,platt_vol_vegas,platt,2026-09-13T17:00:00Z,2026-08-31 15:01:36,2026-08-31 15:01:23,live
TE,00-0038809,Ben Sims,MIA,LV,2026_01_MIA_LV,2026,1,NA,NA,12,17,4.434126149617666,0.6250485243118571,-2.7902094280166136,4.594747992555508,-4.112408216367177,5.881239594762199,0.1895,0.047,0.13417210483611258,0.05065763345601485,platt_vol_vegas,platt,2026-09-13T20:25:00Z,2026-08-31 15:01:36,2026-08-31 15:01:23,live
TE,00-0041524,Will Kacmarek,MIA,LV,2026_01_MIA_LV,2026,1,NA,NA,12,17,4.434126149617666,0.6250485243118571,-2.7902094280166136,4.594747992555508,-4.112408216367177,5.881239594762199,0.177,0.052,0.13369113740696453,0.05611790252579439,platt_vol_vegas,platt,2026-09-13T20:25:00Z,2026-08-31 15:01:36,2026-08-31 15:01:23,live
TE,00-0041566,Jeremiah Franklin,MIA,LV,2026_01_MIA_LV,2026,1,NA,NA,12,17,4.434126149617666,0.6250485243118571,-2.7902094280166136,4.594747992555508,-4.112408216367177,5.881239594762199,0.1675,0.0425,0.1333085144974297,0.045747383197463264,platt_vol_vegas,platt,2026-09-13T20:25:00Z,2026-08-31 15:01:36,2026-08-31 15:01:23,live
TE,00-0040046,Rivaldo Fairweather,ARI,LAC,2026_01_ARI_LAC,2026,1,NA,NA,12,17,4.457637045120871,0.5459892971006922,-2.8795366644247045,4.527623708829701,-4.205710657432853,5.81798316166074,0.1895,0.052,0.13060771083193057,0.05611790252579439,platt_vol_vegas,platt,2026-09-13T20:25:00Z,2026-08-31 15:01:36,2026-08-31 15:01:23,live
TE,00-0039550,Shawn Bowman,ARI,LAC,2026_01_ARI_LAC,2026,1,NA,NA,12,17,4.457637045120871,0.5459892971006922,-2.8795366644247045,4.527623708829701,-4.205710657432853,5.81798316166074,0.165,0.0435,0.12966256852884073,0.04683817634331945,platt_vol_vegas,platt,2026-09-13T20:25:00Z,2026-08-31 15:01:36,2026-08-31 15:01:23,live
TE,00-0038710,Blake Whiteheart,CLE,JAX,2026_01_CLE_JAX,2026,1,NA,NA,12,17,4.457637045120871,0.21014151183663884,-3.2153844496887576,4.191775923565648,-4.541558442696906,5.482135376396687,0.1605,0.0365,0.11898081803321288,0.03920792541404707,platt_vol_vegas,platt,2026-09-13T17:00:00Z,2026-08-31 15:01:36,2026-08-31 15:01:23,live
TE,00-0041131,Carsen Ryan,CLE,JAX,2026_01_CLE_JAX,2026,1,NA,NA,12,17,4.457637045120871,0.21014151183663884,-3.2153844496887576,4.191775923565648,-4.541558442696906,5.482135376396687,0.1515,0.0375,0.1186255605330772,0.04029714197416743,platt_vol_vegas,platt,2026-09-13T17:00:00Z,2026-08-31 15:01:36,2026-08-31 15:01:23,live
TE,00-0041087,Joe Royer,CLE,JAX,2026_01_CLE_JAX,2026,1,NA,NA,12,17,4.457637045120871,0.21014151183663884,-3.2153844496887576,4.191775923565648,-4.541558442696906,5.482135376396687,0.148,0.039,0.11848298371209529,0.04193151520405128,platt_vol_vegas,platt,2026-09-13T17:00:00Z,2026-08-31 15:01:36,2026-08-31 15:01:23,live
WR,00-0036900,Ja'Marr Chase,CIN,TB,2026_01_TB_CIN,2026,1,NA,NA,15,20,9.97631277298613,2.5289062889264393,-3.9963012800071738,9.037674366590856,-6.11349681532238,10.772332049588371,0.5925,0.347,0.566966730849278,0.33024691358024694,strat_platt,iso,2026-09-13T17:00:00Z,2026-08-31 15:01:36,2026-08-31 15:01:23,live
WR,00-0038543,Jaxon Smith-Njigba,SEA,NE,2026_01_NE_SEA,2026,1,NA,NA,15,20,9.95236652552683,2.75694517481595,-3.7612396834821604,9.258708234736465,-5.876156601382332,10.991499004102398,0.5925,0.3565,0.566966730849278,0.37662337662337664,strat_platt,iso,2026-09-10T00:20:00Z,2026-08-31 15:01:36,2026-08-31 15:01:23,live
WR,00-0036963,Amon-Ra St. Brown,DET,NO,2026_01_NO_DET,2026,1,NA,NA,15,20,10.04546997069895,2.6190908623465052,-3.926346345610342,9.148037612843337,-6.050105672340392,10.88807313223689,0.5845,0.3525,0.5586857947890768,0.37662337662337664,strat_platt,iso,2026-09-13T17:00:00Z,2026-08-31 15:01:36,2026-08-31 15:01:23,live
WR,00-0039064,Zay Flowers,BAL,IND,2026_01_BAL_IND,2026,1,NA,NA,15,20,9.712944566237935,2.7096913225583346,-3.737759372778927,9.140898425903337,-5.829725594868597,10.854885263297112,0.5815,0.3515,0.5555839094105309,0.37662337662337664,strat_platt,iso,2026-09-13T17:00:00Z,2026-08-31 15:01:36,2026-08-31 15:01:23,live
WR,00-0039075,Puka Nacua,LA,SF,2026_01_SF_LA,2026,1,NA,NA,15,20,8.961165858032768,2.5979140840058528,-3.6209539729073383,8.801114435938647,-5.638753337251961,10.454334987240628,0.5115,0.2825,0.5180288583057959,0.2916666666666667,strat_platt,iso,2026-09-11T00:35:00Z,2026-08-31 15:01:36,2026-08-31 15:01:23,live
WR,00-0037239,Chris Olave,NO,DET,2026_01_NO_DET,2026,1,NA,NA,15,20,9.902199728626142,1.8103575021961118,-4.693084655109526,8.297415003621415,-6.803218095949388,10.02628658125673,0.5305,0.3005,0.5031484871326364,0.2916666666666667,strat_platt,iso,2026-09-13T17:00:00Z,2026-08-31 15:01:36,2026-08-31 15:01:23,live
WR,00-0036322,Justin Jefferson,MIN,GB,2026_01_GB_MIN,2026,1,NA,NA,15,20,9.85007121369675,1.834357340204913,-4.653721880616958,8.306090610253914,-6.7588706002523,10.030878113088015,0.516,0.282,0.4883453778658832,0.2916666666666667,strat_platt,iso,2026-09-13T20:25:00Z,2026-08-31 15:01:36,2026-08-31 15:01:23,live
WR,00-0037238,Drake London,ATL,PIT,2026_01_ATL_PIT,2026,1,NA,NA,15,20,9.882747343968418,1.7291945813891951,-4.768519943234846,8.21053888022826,-6.876794972949347,9.937887827061175,0.497,0.272,0.4690207160501996,0.2911392405063291,strat_platt,iso,2026-09-13T17:00:00Z,2026-08-31 15:01:36,2026-08-31 15:01:23,live
WR,00-0038117,Wan'Dale Robinson,TEN,NYJ,2026_01_NYJ_TEN,2026,1,NA,NA,15,20,9.533226416425146,1.6095633419521764,-4.784157280893073,7.987175739389032,-6.858690023910929,9.686879003107691,0.491,0.2625,0.4629355090883118,0.2871287128712871,strat_platt,iso,2026-09-13T17:00:00Z,2026-08-31 15:01:36,2026-08-31 15:01:23,live
WR,00-0037740,Garrett Wilson,NYJ,TEN,2026_01_NYJ_TEN,2026,1,NA,NA,15,20,9.823849450315395,1.511437358981566,-4.968897009628472,7.975445289060908,-7.071532802839429,9.698173904533801,0.4835,0.2585,0.45534081511241514,0.27710843373493976,strat_platt,iso,2026-09-13T17:00:00Z,2026-08-31 15:01:36,2026-08-31 15:01:23,live
WR,00-0035676,A.J. Brown,NE,SEA,2026_01_NE_SEA,2026,1,NA,NA,15,20,9.689403344059066,1.511828306337737,-4.928615714109647,7.936046387284289,-7.018308521807892,9.648170573980504,0.478,0.25,0.4497797673330854,0.27710843373493976,strat_platt,iso,2026-09-10T00:20:00Z,2026-08-31 15:01:36,2026-08-31 15:01:23,live
WR,00-0039067,Rashee Rice,KC,DEN,2026_01_DEN_KC,2026,1,NA,NA,15,20,9.068958388975169,1.892249919638227,-4.360026523272337,8.128774489078102,-6.388665709174896,9.790876307808695,0.464,0.2335,0.4356567009194049,0.2624254473161034,strat_platt,iso,2026-09-15T00:15:00Z,2026-08-31 15:01:36,2026-08-31 15:01:23,live
WR,00-0036358,CeeDee Lamb,DAL,NYG,2026_01_DAL_NYG,2026,1,NA,NA,15,20,8.077700904789676,2.0851797739045903,-3.851086528302554,8.006490352938826,-5.77719177150006,9.584584205227683,0.4185,0.205,0.421062152511839,0.22448979591836735,strat_platt,iso,2026-09-14T00:20:00Z,2026-08-31 15:01:36,2026-08-31 15:01:23,live
WR,00-0039337,Malik Nabers,NYG,DAL,2026_01_DAL_NYG,2026,1,NA,NA,15,20,9.063980210675682,1.6740846162428988,-4.576653770803828,7.909075004769378,-6.6047939128102975,9.570767947553435,0.4475,0.2265,0.41907192725082737,0.2624254473161034,strat_platt,iso,2026-09-14T00:20:00Z,2026-08-31 15:01:36,2026-08-31 15:01:23,live
WR,00-0037247,George Pickens,DAL,NYG,2026_01_DAL_NYG,2026,1,NA,NA,15,20,7.80078138864244,2.221167006956272,-3.6230336979633546,8.050643937122532,-5.519266960925124,9.604263120370225,0.4145,0.2025,0.41688854192363833,0.22448979591836735,strat_platt,iso,2026-09-14T00:20:00Z,2026-08-31 15:01:36,2026-08-31 15:01:23,live
WR,00-0039919,Rome Odunze,CHI,CAR,2026_01_CHI_CAR,2026,1,NA,NA,15,20,7.802083667314162,1.923193649808475,-3.921444200634138,7.753106624161106,-5.81781930162018,9.306842017940347,0.398,0.172,0.39967449377215014,0.1875,strat_platt,iso,2026-09-13T17:00:00Z,2026-08-31 15:01:36,2026-08-31 15:01:23,live
WR,00-0031381,Davante Adams,LA,SF,2026_01_SF_LA,2026,1,NA,NA,15,20,7.543026901958908,1.986168177961072,-3.7707034327490874,7.728536029276247,-5.638601540635688,9.25893969292256,0.3635,0.158,0.3637048345916415,0.1778975741239892,strat_platt,iso,2026-09-11T00:35:00Z,2026-08-31 15:01:36,2026-08-31 15:01:23,live
WR,00-0035640,DK Metcalf,PIT,ATL,2026_01_ATL_PIT,2026,1,NA,NA,15,20,7.679946635152878,1.7316485667544697,-4.07181397592861,7.520489969681664,-5.95482916815577,9.063279341713656,0.357,0.1525,0.3569335041688595,0.1778975741239892,strat_platt,iso,2026-09-13T17:00:00Z,2026-08-31 15:01:36,2026-08-31 15:01:23,live
WR,00-0034960,Jakobi Meyers,JAX,CLE,2026_01_CLE_JAX,2026,1,NA,NA,15,20,7.484148932031186,1.8162396852872444,-3.920453508889163,7.5384799572104635,-5.781804445219353,9.063519401419889,0.3545,0.152,0.3543297490652536,0.1778975741239892,strat_platt,iso,2026-09-13T17:00:00Z,2026-08-31 15:01:36,2026-08-31 15:01:23,live
WR,00-0040129,Emeka Egbuka,TB,CIN,2026_01_TB_CIN,2026,1,NA,NA,15,20,7.712872869288881,1.5809960947815247,-4.233602035872799,7.380945030878749,-6.120230326516641,8.926694681648996,0.3525,0.1495,0.3522469998858566,0.1778975741239892,strat_platt,iso,2026-09-13T17:00:00Z,2026-08-31 15:01:36,2026-08-31 15:01:23,live
WR,00-0036554,Nico Collins,HOU,BUF,2026_01_BUF_HOU,2026,1,NA,NA,15,20,7.764066455572878,1.5087020564246376,-4.32315766029109,7.325869090052005,-6.215386715746716,8.87620755160962,0.346,0.1445,0.34547971548208767,0.1778975741239892,strat_platt,iso,2026-09-13T17:00:00Z,2026-08-31 15:01:36,2026-08-31 15:01:23,live
WR,00-0036912,DeVonta Smith,PHI,WAS,2026_01_WAS_PHI,2026,1,NA,NA,15,20,7.3895490267228325,1.9706135334408168,-3.733474435765845,7.660330725415052,-5.584246147449979,9.176702414093004,0.344,0.1585,0.343398007291631,0.1778975741239892,strat_platt,iso,2026-09-13T20:25:00Z,2026-08-31 15:01:36,2026-08-31 15:01:23,live
WR,00-0040124,Tetairoa McMillan,CAR,CHI,2026_01_CHI_CAR,2026,1,NA,NA,15,20,7.5959088672506345,1.4669326402957987,-4.307988487163117,7.227304534729984,-6.181743015074882,8.762506472235305,0.335,0.1465,0.33403367428615366,0.1778975741239892,strat_platt,iso,2026-09-13T17:00:00Z,2026-08-31 15:01:36,2026-08-31 15:01:23,live
WR,00-0036613,Jaylen Waddle,DEN,KC,2026_01_DEN_KC,2026,1,NA,NA,15,20,7.840203885636542,1.4196243702826905,-4.437791777728627,7.262283448789627,-6.338312977405874,8.819415818346116,0.3345,0.1385,0.3335136024210756,0.1778975741239892,strat_platt,iso,2026-09-15T00:15:00Z,2026-08-31 15:01:36,2026-08-31 15:01:23,live
WR,00-0034348,Courtland Sutton,DEN,KC,2026_01_DEN_KC,2026,1,NA,NA,15,20,7.384763104311445,1.4207286574987275,-4.281703668805125,7.108794377767277,-6.131938183821585,8.624725931223274,0.334,0.133,0.3329935490630278,0.1778975741239892,strat_platt,iso,2026-09-15T00:15:00Z,2026-08-31 15:01:36,2026-08-31 15:01:23,live
WR,00-0038544,Quentin Johnston,LAC,ARI,2026_01_ARI_LAC,2026,1,NA,NA,15,20,6.900186585864956,1.8134784738126668,-3.718145718029874,7.331166390579574,-5.512959127149452,8.801690401113499,0.3305,0.1305,0.32935370306800943,0.1778975741239892,strat_platt,iso,2026-09-13T20:25:00Z,2026-08-31 15:01:36,2026-08-31 15:01:23,live
WR,00-0036252,Michael Pittman,PIT,ATL,2026_01_ATL_PIT,2026,1,NA,NA,15,20,7.2430954389725,1.5480903218798145,-4.10506259917055,7.187000790547286,-5.9393077168102275,8.68983193332156,0.322,0.135,0.32051811059820784,0.1778975741239892,strat_platt,iso,2026-09-13T17:00:00Z,2026-08-31 15:01:36,2026-08-31 15:01:23,live
WR,00-0039915,Ladd McConkey,LAC,ARI,2026_01_ARI_LAC,2026,1,NA,NA,15,20,6.911381021855113,1.591094528452991,-3.944549004212911,7.11279165978786,-5.740666545094772,8.584384169732138,0.315,0.1285,0.31324634277532587,0.1778975741239892,strat_platt,iso,2026-09-13T20:25:00Z,2026-08-31 15:01:36,2026-08-31 15:01:23,live
WR,00-0037664,Alec Pierce,IND,BAL,2026_01_BAL_IND,2026,1,NA,NA,15,20,6.855035678416154,1.6649685117498252,-3.8504076922479302,7.166449375561987,-5.639949212778614,8.63265402971522,0.3065,0.111,0.3044224159711065,0.14439140811455847,strat_platt,iso,2026-09-13T17:00:00Z,2026-08-31 15:01:36,2026-08-31 15:01:23,live
WR,00-0036259,Jauan Jennings,MIN,GB,2026_01_GB_MIN,2026,1,NA,NA,15,20,6.995773976836044,1.3597215623016206,-4.206108130642047,6.911528803441824,-6.012019996546252,8.391145986056333,0.299,0.1055,0.2966425700627347,0.14439140811455847,strat_platt,iso,2026-09-13T20:25:00Z,2026-08-31 15:01:36,2026-08-31 15:01:23,live
WR,00-0036410,Tee Higgins,CIN,TB,2026_01_TB_CIN,2026,1,NA,NA,15,20,6.519925085717848,1.779779341322188,-3.6131129069420256,7.159084833288695,-5.362912782247286,8.592728418293927,0.297,0.1025,0.29456894528197575,0.14439140811455847,strat_platt,iso,2026-09-13T17:00:00Z,2026-08-31 15:01:36,2026-08-31 15:01:23,live
WR,00-0035659,Terry McLaurin,WAS,PHI,2026_01_WAS_PHI,2026,1,NA,NA,15,20,7.224824356403832,1.4407354380534108,-4.206023249122161,7.073267782364575,-6.038193667486995,8.57439908543251,0.2945,0.116,0.2919775290743031,0.14439140811455847,strat_platt,iso,2026-09-13T20:25:00Z,2026-08-31 15:01:36,2026-08-31 15:01:23,live
WR,00-0035719,Deebo Samuel Sr.,SF,LA,2026_01_SF_LA,2026,1,NA,NA,15,20,7.1418639295123105,1.3109771120463496,-4.306635490431195,6.914436801784102,-6.1293490509501005,8.4078199253165,0.2915,0.1105,0.28886875189791633,0.14439140811455847,strat_platt,iso,2026-09-11T00:35:00Z,2026-08-31 15:01:36,2026-08-31 15:01:23,live
WR,00-0031235,Odell Beckham Jr.,NYG,DAL,2026_01_DAL_NYG,2026,1,NA,NA,15,20,7.166145633982679,1.3273944297639653,-4.298768200660119,6.939382606660734,-6.124255938215386,8.435038665040128,0.29,0.1075,0.2873147485373685,0.14439140811455847,strat_platt,iso,2026-09-14T00:20:00Z,2026-08-31 15:01:36,2026-08-31 15:01:23,live
WR,00-0038994,Jordan Addison,MIN,GB,2026_01_GB_MIN,2026,1,NA,NA,15,20,6.78724382398704,1.6056531157240492,-3.8852162252162925,7.082688858631367,-5.6668061487285515,8.542378621443657,0.29,0.1045,0.2873147485373685,0.14439140811455847,strat_platt,iso,2026-09-13T20:25:00Z,2026-08-31 15:01:36,2026-08-31 15:01:23,live
WR,00-0037240,Jameson Williams,DET,NO,2026_01_NO_DET,2026,1,NA,NA,15,20,6.577184687219098,1.8727643934720568,-3.5412984715888376,7.273187165361848,-5.2979674518058255,8.712458735790102,0.2885,0.109,0.28576100656435344,0.14439140811455847,strat_platt,iso,2026-09-13T17:00:00Z,2026-08-31 15:01:36,2026-08-31 15:01:23,live
WR,00-0031408,Mike Evans,SF,LA,2026_01_SF_LA,2026,1,NA,NA,15,20,7.124818784837755,1.2336066119779363,-4.377994498134667,6.831069954597117,-6.1987575452543915,8.322854986221026,0.283,0.1035,0.2800662449536269,0.14439140811455847,strat_platt,iso,2026-09-11T00:35:00Z,2026-08-31 15:01:36,2026-08-31 15:01:23,live
WR,00-0039893,Brian Thomas Jr.,JAX,CLE,2026_01_CLE_JAX,2026,1,NA,NA,15,20,6.868008324770352,1.6643883416133016,-3.8556622256262276,7.17053179216007,-5.646720409172053,8.637979076532313,0.2795,0.112,0.2764442384788873,0.14439140811455847,strat_platt,iso,2026-09-13T17:00:00Z,2026-08-31 15:01:36,2026-08-31 15:01:23,live
WR,00-0032208,Phillip Dorsett,LV,MIA,2026_01_MIA_LV,2026,1,NA,NA,15,20,7.010207192322891,1.1848687433774778,-4.386103342622511,6.74180542192089,-6.193683730409685,8.222789655549471,0.265,0.1045,0.261455884809531,0.14439140811455847,strat_platt,iso,2026-09-13T20:25:00Z,2026-08-31 15:01:36,2026-08-31 15:01:23,live
WR,00-0038124,Christian Watson,GB,MIN,2026_01_GB_MIN,2026,1,NA,NA,15,20,6.528342552338688,1.4951094198972705,-3.9009014377850026,6.877525664313035,-5.651713189856872,8.311998298774572,0.262,0.0945,0.25835848700071007,0.11336717428087986,strat_platt,iso,2026-09-13T20:25:00Z,2026-08-31 15:01:36,2026-08-31 15:01:23,live
WR,00-0038606,Parker Washington,JAX,CLE,2026_01_CLE_JAX,2026,1,NA,NA,15,20,6.207752305053023,1.5246815324359098,-3.7509440229690814,6.787015771152289,-5.462695067499247,8.18948524137588,0.257,0.091,0.2531990999172665,0.11336717428087986,strat_platt,iso,2026-09-13T17:00:00Z,2026-08-31 15:01:36,2026-08-31 15:01:23,live
WR,00-0036387,Jalen Reagor,MIA,LV,2026_01_MIA_LV,2026,1,NA,NA,15,20,6.976019571889313,0.9222757964191867,-4.636506122353392,6.467053019424523,-6.440131238625297,7.944796625530583,0.252,0.088,0.24804351661630736,0.10204081632653061,strat_platt,iso,2026-09-13T20:25:00Z,2026-08-31 15:01:36,2026-08-31 15:01:23,live
WR,00-0037816,Romeo Doubs,NE,SEA,2026_01_NE_SEA,2026,1,NA,NA,15,20,6.817915119181447,1.216575364410454,-4.285398353844688,6.704687508462927,-6.070591249036388,8.167329252989289,0.2515,0.0825,0.24752817315853023,0.08568075117370892,strat_platt,iso,2026-09-10T00:20:00Z,2026-08-31 15:01:36,2026-08-31 15:01:23,live
WR,00-0030279,Keenan Allen,IND,BAL,2026_01_BAL_IND,2026,1,NA,NA,15,20,6.536644982948098,1.345487207737241,-4.053597466108089,6.730969524198585,-5.80540656114385,8.166259300301524,0.249,0.09,0.24495205383689875,0.11336717428087986,strat_platt,iso,2026-09-13T17:00:00Z,2026-08-31 15:01:36,2026-08-31 15:01:23,live
WR,00-0038563,Tre Tucker,LV,MIA,2026_01_MIA_LV,2026,1,NA,NA,15,20,6.672536228330042,1.3267895347169583,-4.122303164033069,6.762153886759271,-5.890338067357633,8.210737769401511,0.243,0.0855,0.2387735266402472,0.10204081632653061,strat_platt,iso,2026-09-13T20:25:00Z,2026-08-31 15:01:36,2026-08-31 15:01:23,live
WR,00-0033921,Chris Godwin Jr.,TB,CIN,2026_01_TB_CIN,2026,1,NA,NA,15,20,6.22223318686375,1.5066359033409693,-3.774500397724621,6.774467004043871,-5.488039481330268,8.178401447940441,0.2365,0.0875,0.23208700007892144,0.10204081632653061,strat_platt,iso,2026-09-13T17:00:00Z,2026-08-31 15:01:36,2026-08-31 15:01:23,live
WR,00-0033908,Cooper Kupp,SEA,NE,2026_01_NE_SEA,2026,1,NA,NA,15,20,5.97275618842982,1.442265740059504,-3.7429201782046464,6.614388193639667,-5.425326808178294,7.992815239196068,0.2265,0.0785,0.22181479574854984,0.08568075117370892,strat_platt,iso,2026-09-10T00:20:00Z,2026-08-31 15:01:36,2026-08-31 15:01:23,live
WR,00-0036040,Juwan Johnson,NO,DET,2026_01_NO_DET,2026,1,NA,NA,15,20,6.198131136970819,1.2299852635631812,-4.04197500184929,6.488663446553108,-5.752536791397785,7.8901585380494685,0.2255,0.073,0.2207886016776676,0.08280254777070063,strat_platt,iso,2026-09-13T17:00:00Z,2026-08-31 15:01:36,2026-08-31 15:01:23,live
WR,00-0034827,DJ Moore,BUF,HOU,2026_01_BUF_HOU,2026,1,NA,NA,15,20,5.923881743245236,1.2945056245454654,-3.8716252369587574,6.447621028334969,-5.547849185282649,7.820982487814701,0.224,0.0735,0.21924967106411333,0.08280254777070063,strat_platt,iso,2026-09-13T17:00:00Z,2026-08-31 15:01:36,2026-08-31 15:01:23,live
WR,00-0035535,Darius Slayton,NYG,DAL,2026_01_DAL_NYG,2026,1,NA,NA,15,20,6.156090643861706,1.4499370170759365,-3.8059705047591734,6.692602899483624,-5.5113237554723105,8.089830538230705,0.2175,0.0725,0.2125860792940313,0.08280254777070063,strat_platt,iso,2026-09-14T00:20:00Z,2026-08-31 15:01:36,2026-08-31 15:01:23,live
WR,00-0031588,Stefon Diggs,WAS,PHI,2026_01_WAS_PHI,2026,1,NA,NA,15,20,6.201892157556718,1.2687834606828525,-4.004609980541247,6.528891208766895,-5.715636784175139,7.93076729495292,0.2165,0.0765,0.21156166391093673,0.08568075117370892,strat_platt,iso,2026-09-13T20:25:00Z,2026-08-31 15:01:36,2026-08-31 15:01:23,live
WR,00-0032951,Laquon Treadwell,IND,BAL,2026_01_BAL_IND,2026,1,NA,NA,15,20,6.291554425099074,1.0737237450775716,-4.233695432663879,6.367771505846811,-5.955762365930324,7.778692975592813,0.215,0.071,0.2100254252110108,0.08280254777070063,strat_platt,iso,2026-09-13T17:00:00Z,2026-08-31 15:01:36,2026-08-31 15:01:23,live
WR,00-0040170,Elic Ayomanor,TEN,NYJ,2026_01_NYJ_TEN,2026,1,NA,NA,15,20,6.291380295586505,0.8611545477011616,-4.446198810289843,6.155136654545059,-6.168244387410863,7.566040626803878,0.2085,0.077,0.20337383564715072,0.08568075117370892,strat_platt,iso,2026-09-13T17:00:00Z,2026-08-31 15:01:36,2026-08-31 15:01:23,live
WR,00-0037261,Khalil Shakir,BUF,HOU,2026_01_BUF_HOU,2026,1,NA,NA,15,20,6.221403371508847,1.2184204614967378,-4.062400242004573,6.485936759746219,-5.775836925533748,7.889787305355442,0.208,0.062,0.20286254879677962,0.06790123456790123,strat_platt,iso,2026-09-13T17:00:00Z,2026-08-31 15:01:36,2026-08-31 15:01:23,live
WR,00-0039901,Keon Coleman,BUF,HOU,2026_01_BUF_HOU,2026,1,NA,NA,15,20,6.073824313406203,1.3341065533305376,-3.890212418523262,6.54526346938489,-5.585316319115199,7.934093624934546,0.208,0.0655,0.20286254879677962,0.0681265206812652,strat_platt,iso,2026-09-13T17:00:00Z,2026-08-31 15:01:36,2026-08-31 15:01:23,live
WR,00-0036309,Darnell Mooney,NYG,DAL,2026_01_DAL_NYG,2026,1,NA,NA,15,20,6.156090643861706,1.1052526094653248,-4.150654912369785,6.3479184918730125,-5.856008163082922,7.7451461306200935,0.204,0.061,0.19877422713858892,0.06790123456790123,strat_platt,iso,2026-09-14T00:20:00Z,2026-08-31 15:01:36,2026-08-31 15:01:23,live
WR,00-0031610,Darren Waller,CAR,CHI,2026_01_CHI_CAR,2026,1,NA,NA,15,20,5.694866507457293,1.5323607075168448,-3.5433050187898116,6.5952388923527545,-5.190176279353415,7.944551148775562,0.1995,0.0565,0.1941791479313806,0.06790123456790123,strat_platt,iso,2026-09-13T17:00:00Z,2026-08-31 15:01:36,2026-08-31 15:01:23,live
WR,00-0039894,Xavier Worthy,KC,DEN,2026_01_DEN_KC,2026,1,NA,NA,15,20,5.840000133749798,1.2185235955222053,-3.9147003561740483,6.338814994583888,-5.580247193955411,7.703428498796439,0.198,0.059,0.19264848642429747,0.06790123456790123,strat_platt,iso,2026-09-15T00:15:00Z,2026-08-31 15:01:36,2026-08-31 15:01:23,live
WR,00-0038619,Andrei Iosivas,CIN,TB,2026_01_TB_CIN,2026,1,NA,NA,15,20,5.614742892201602,1.441647283531332,-3.6018951271165776,6.472483083615556,-5.238343525300137,7.813255695019851,0.195,0.064,0.18958874371751902,0.0681265206812652,strat_platt,iso,2026-09-13T17:00:00Z,2026-08-31 15:01:36,2026-08-31 15:01:23,live
WR,00-0038559,Michael Wilson,ARI,LAC,2026_01_ARI_LAC,2026,1,NA,NA,15,20,6.731133189026472,0.4247065161673415,-5.0457763631547055,5.881407158743226,-6.820751611951539,7.335677395524853,0.189,0.0625,0.18347573751745777,0.06790123456790123,strat_platt,iso,2026-09-13T20:25:00Z,2026-08-31 15:01:36,2026-08-31 15:01:23,live
WR,00-0037545,Rashid Shaheed,SEA,NE,2026_01_NE_SEA,2026,1,NA,NA,15,20,5.694866507457293,1.176571562771389,-3.8990941635352674,6.239449747607299,-5.5459654240988705,7.588762004030107,0.1865,0.0555,0.18093127101377568,0.06790123456790123,strat_platt,iso,2026-09-10T00:20:00Z,2026-08-31 15:01:36,2026-08-31 15:01:23,live
WR,00-0036407,Jerry Jeudy,CLE,JAX,2026_01_CLE_JAX,2026,1,NA,NA,15,20,6.949160415683035,-0.08105706430537227,-5.630238755576223,5.454144117839739,-7.43074894276887,6.929335604611898,0.185,0.066,0.1794053482475199,0.0681265206812652,strat_platt,iso,2026-09-13T17:00:00Z,2026-08-31 15:01:36,2026-08-31 15:01:23,live
WR,00-0032398,Chris Moore,BAL,IND,2026_01_BAL_IND,2026,1,NA,NA,15,20,5.26017651192033,1.4815986670498302,-3.416660760174727,6.3675175070612715,-5.005970047362701,7.669668168015445,0.1825,0.06,0.17686342498549004,0.06790123456790123,strat_platt,iso,2026-09-13T17:00:00Z,2026-08-31 15:01:36,2026-08-31 15:01:23,live
WR,00-0036165,Isaiah Hodgins,NYG,DAL,2026_01_DAL_NYG,2026,1,NA,NA,15,20,5.71272162554099,1.3641912545668526,-3.718598932125131,6.4341759505499905,-5.367781824243746,7.785382169703341,0.179,0.0445,0.17330747132154792,0.05199698568198945,strat_platt,iso,2026-09-14T00:20:00Z,2026-08-31 15:01:36,2026-08-31 15:01:23,live
WR,00-0039868,Troy Franklin,DEN,KC,2026_01_DEN_KC,2026,1,NA,NA,15,20,5.859025149561355,0.9183409517024249,-4.2223693052483755,6.046099795155063,-5.890345180250929,7.412703454744264,0.179,0.0535,0.17330747132154792,0.057534246575342465,strat_platt,iso,2026-09-15T00:15:00Z,2026-08-31 15:01:36,2026-08-31 15:01:23,live
WR,00-0040581,Dont'e Thornton Jr.,LV,MIA,2026_01_MIA_LV,2026,1,NA,NA,15,20,5.5416299906617645,1.0198781978784497,-3.9941301428670446,6.021254335667859,-5.620995795938437,7.354175625757823,0.1785,0.0605,0.17279974282011973,0.06790123456790123,strat_platt,iso,2026-09-13T20:25:00Z,2026-08-31 15:01:36,2026-08-31 15:01:23,live
WR,00-0040718,Travis Hunter,JAX,CLE,2026_01_CLE_JAX,2026,1,NA,NA,15,20,5.8236734824504275,1.1821249195171044,-3.944663788736123,6.29599728797302,-5.608122621110407,7.65890005051759,0.1785,0.0595,0.17279974282011973,0.06790123456790123,strat_platt,iso,2026-09-13T17:00:00Z,2026-08-31 15:01:36,2026-08-31 15:01:23,live
WR,00-0038608,Kayshon Boutte,HOU,BUF,2026_01_BUF_HOU,2026,1,NA,NA,15,20,5.424804238773875,1.4002902196729186,-3.5660763135612634,6.354144577868956,-5.177483910916923,7.674400795383322,0.178,0.0525,0.17229208124605994,0.057534246575342465,strat_platt,iso,2026-09-13T17:00:00Z,2026-08-31 15:01:36,2026-08-31 15:01:23,live
WR,00-0034837,Calvin Ridley,TEN,NYJ,2026_01_NYJ_TEN,2026,1,NA,NA,15,20,5.575809186848715,1.0625568762796371,-3.9652848030063357,6.077731501143765,-5.596638877677654,7.414330238537473,0.177,0.051,0.1712769598340972,0.057534246575342465,strat_platt,iso,2026-09-13T17:00:00Z,2026-08-31 15:01:36,2026-08-31 15:01:23,live
WR,00-0038997,Josh Downs,IND,BAL,2026_01_BAL_IND,2026,1,NA,NA,15,20,5.655580596869644,1.0703012519406927,-3.989645278433322,6.1174998435051124,-5.631416224394555,7.462633317305752,0.176,0.062,0.1702621090036078,0.06790123456790123,strat_platt,iso,2026-09-13T17:00:00Z,2026-08-31 15:01:36,2026-08-31 15:01:23,live
WR,00-0033555,Mack Hollins,NE,SEA,2026_01_NE_SEA,2026,1,NA,NA,15,20,5.72380230209979,1.021344025228415,-4.065861339342829,6.095732775570614,-5.716476798133821,7.448112723245112,0.1745,0.049,0.1687403443329148,0.05199698568198945,strat_platt,iso,2026-09-10T00:20:00Z,2026-08-31 15:01:36,2026-08-31 15:01:23,live
WR,00-0040075,LaJohntay Wester,BAL,IND,2026_01_BAL_IND,2026,1,NA,NA,15,20,5.26017651192033,1.1967143353000655,-3.701545091924492,6.082633175311507,-5.290854379112465,7.3847838362656795,0.174,0.045,0.16823322683875272,0.05199698568198945,strat_platt,iso,2026-09-13T17:00:00Z,2026-08-31 15:01:36,2026-08-31 15:01:23,live
WR,00-0039491,Jalen Coker,CAR,CHI,2026_01_CHI_CAR,2026,1,NA,NA,15,20,5.563813985367301,1.3088617078896363,-3.7141305003004694,6.31919907932866,-5.343911095746132,7.654508635925275,0.1735,0.044,0.16772617845231594,0.05199698568198945,strat_platt,iso,2026-09-13T17:00:00Z,2026-08-31 15:01:36,2026-08-31 15:01:23,live
WR,00-0040498,Dontae Fleming,MIN,GB,2026_01_GB_MIN,2026,1,NA,NA,15,20,5.2415376376564815,0.9880961258752172,-3.902378608480774,5.8662498856341045,-5.489162042381936,7.166331068008237,0.1735,0.0475,0.16772617845231594,0.05199698568198945,strat_platt,iso,2026-09-13T20:25:00Z,2026-08-31 15:01:36,2026-08-31 15:01:23,live
WR,00-0039437,Cornelius Johnson,BAL,IND,2026_01_BAL_IND,2026,1,NA,NA,15,20,5.26017651192033,1.1967143353000655,-3.701545091924492,6.082633175311507,-5.290854379112465,7.3847838362656795,0.1725,0.0525,0.16671228999318272,0.057534246575342465,strat_platt,iso,2026-09-13T17:00:00Z,2026-08-31 15:01:36,2026-08-31 15:01:23,live
WR,00-0036550,Rashod Bateman,BAL,IND,2026_01_BAL_IND,2026,1,NA,NA,15,20,5.4887183032128455,1.1835579434834664,-3.808942264046474,6.1634801352635495,-5.428829300248459,7.490683714746584,0.1705,0.0505,0.16468535332335701,0.057534246575342465,strat_platt,iso,2026-09-13T17:00:00Z,2026-08-31 15:01:36,2026-08-31 15:01:23,live
WR,00-0038359,Xavier Smith,LA,SF,2026_01_SF_LA,2026,1,NA,NA,15,20,5.120931790230529,1.8693604783674158,-2.970368723165126,6.696896552690847,-4.540687053941827,7.983487569815816,0.17,0.0535,0.16417879567722185,0.057534246575342465,strat_platt,iso,2026-09-11T00:35:00Z,2026-08-31 15:01:36,2026-08-31 15:01:23,live
WR,00-0040099,Xavier Guillory,BAL,IND,2026_01_BAL_IND,2026,1,NA,NA,15,20,5.2415376376564815,1.1413549424304863,-3.749119791925505,6.019508702189373,-5.335903225826667,7.319589884563506,0.17,0.0395,0.16417879567722185,0.043859649122807015,strat_platt,iso,2026-09-13T17:00:00Z,2026-08-31 15:01:36,2026-08-31 15:01:23,live
WR,00-0040876,Elijah Sarratt,BAL,IND,2026_01_BAL_IND,2026,1,NA,NA,15,20,5.2415376376564815,1.1413549424304863,-3.749119791925505,6.019508702189373,-5.335903225826667,7.319589884563506,0.1695,0.0505,0.16367230914784645,0.057534246575342465,strat_platt,iso,2026-09-13T17:00:00Z,2026-08-31 15:01:36,2026-08-31 15:01:23,live
WR,00-0040989,Octavian Smith,BAL,IND,2026_01_BAL_IND,2026,1,NA,NA,15,20,5.2415376376564815,1.1413549424304863,-3.749119791925505,6.019508702189373,-5.335903225826667,7.319589884563506,0.168,0.049,0.16215327882653752,0.05199698568198945,strat_platt,iso,2026-09-13T17:00:00Z,2026-08-31 15:01:36,2026-08-31 15:01:23,live
WR,00-0041373,Jerand Bradley,LAC,ARI,2026_01_ARI_LAC,2026,1,NA,NA,15,20,5.115214372128236,1.146760731581242,-3.690546543299332,5.971880981011405,-5.2600790458490785,7.257828154453225,0.168,0.0485,0.16215327882653752,0.05199698568198945,strat_platt,iso,2026-09-13T20:25:00Z,2026-08-31 15:01:36,2026-08-31 15:01:23,live
WR,00-0035589,Gary Jennings,LAC,ARI,2026_01_ARI_LAC,2026,1,NA,NA,15,20,5.149727819527364,1.1376587083522287,-3.714246006487623,5.977339621212458,-5.288514854108744,7.267167370269683,0.1675,0.043,0.16164707933613293,0.05199698568198945,strat_platt,iso,2026-09-13T20:25:00Z,2026-08-31 15:01:36,2026-08-31 15:01:23,live
WR,00-0038839,Mitchell Tinsley,CIN,TB,2026_01_TB_CIN,2026,1,NA,NA,15,20,5.0843236678440595,1.2959689533239174,-3.5282269486762012,6.10801086243201,-5.093505281556846,7.390472515534215,0.1675,0.046,0.16164707933613293,0.05199698568198945,strat_platt,iso,2026-09-13T17:00:00Z,2026-08-31 15:01:36,2026-08-31 15:01:23,live
WR,00-0040669,Isaac TeSlaa,DET,NO,2026_01_NO_DET,2026,1,NA,NA,15,20,5.131965286478381,1.4612577134602174,-3.383141116334579,6.293451651467958,-4.954974573795601,7.581284040067519,0.1675,0.0465,0.16164707933613293,0.05199698568198945,strat_platt,iso,2026-09-13T17:00:00Z,2026-08-31 15:01:36,2026-08-31 15:01:23,live
WR,00-0036849,Tutu Atwell,LA,SF,2026_01_SF_LA,2026,1,NA,NA,15,20,5.137031982432565,1.352641265275899,-3.493900049780561,6.1869722908062466,-5.0664286667721505,7.475374236539522,0.167,0.0515,0.16114095225416106,0.057534246575342465,strat_platt,iso,2026-09-11T00:35:00Z,2026-08-31 15:01:36,2026-08-31 15:01:23,live
WR,00-0040727,Tre Harris,LAC,ARI,2026_01_ARI_LAC,2026,1,NA,NA,15,20,5.131314564330272,1.422602902330847,-3.4215206807994365,6.254522287125599,-4.993264830601958,7.542281504299382,0.167,0.0455,0.16114095225416106,0.05199698568198945,strat_platt,iso,2026-09-13T20:25:00Z,2026-08-31 15:01:36,2026-08-31 15:01:23,live
WR,00-0036427,Tyler Johnson,DAL,NYG,2026_01_DAL_NYG,2026,1,NA,NA,15,20,5.095328913300357,1.4508260016478545,-3.378046038936075,6.267532268359826,-4.944841610866599,7.551237023637016,0.1665,0.0435,0.1606348978424148,0.05199698568198945,strat_platt,iso,2026-09-14T00:20:00Z,2026-08-31 15:01:36,2026-08-31 15:01:23,live
WR,00-0041248,Noah Thomas,CIN,TB,2026_01_TB_CIN,2026,1,NA,NA,15,20,5.0843236678440595,1.0922275022623151,-3.7319683997378035,5.904269411370407,-5.297246732618447,7.186731064472614,0.1665,0.046,0.1606348978424148,0.05199698568198945,strat_platt,iso,2026-09-13T17:00:00Z,2026-08-31 15:01:36,2026-08-31 15:01:23,live
WR,00-0041374,Sincere Brown,LAC,ARI,2026_01_ARI_LAC,2026,1,NA,NA,15,20,5.115214372128236,1.146760731581242,-3.690546543299332,5.971880981011405,-5.2600790458490785,7.257828154453225,0.166,0.05,0.1601289163638632,0.057534246575342465,strat_platt,iso,2026-09-13T20:25:00Z,2026-08-31 15:01:36,2026-08-31 15:01:23,live
WR,00-0039751,Jordan Whittington,LA,SF,2026_01_SF_LA,2026,1,NA,NA,15,20,5.0599257569136045,1.3165221614594464,-3.497287087029533,6.118203585005528,-5.059195323831496,7.397904055704969,0.165,0.049,0.1591171732641595,0.05199698568198945,strat_platt,iso,2026-09-11T00:35:00Z,2026-08-31 15:01:36,2026-08-31 15:01:23,live
WR,00-0040241,Dominic Lovett,DET,NO,2026_01_NO_DET,2026,1,NA,NA,15,20,5.1345039685401925,1.1813873289287333,-3.664085144906818,6.014652206057631,-5.236266961304409,7.302770011613576,0.163,0.045,0.15709457396663956,0.05199698568198945,strat_platt,iso,2026-09-13T17:00:00Z,2026-08-31 15:01:36,2026-08-31 15:01:23,live
WR,00-0040986,Ty Pezza,BAL,IND,2026_01_BAL_IND,2026,1,NA,NA,15,20,5.2415376376564815,1.1413549424304863,-3.749119791925505,6.019508702189373,-5.335903225826667,7.319589884563506,0.1625,0.0455,0.1565891104845131,0.05199698568198945,strat_platt,iso,2026-09-13T17:00:00Z,2026-08-31 15:01:36,2026-08-31 15:01:23,live
WR,00-0038181,Lucky Jackson,DET,NO,2026_01_NO_DET,2026,1,NA,NA,15,20,5.115865094276344,1.1272054281314638,-3.7103775711983875,5.952600707355656,-5.279999536430633,7.2386211792373,0.162,0.052,0.1560837220829063,0.057534246575342465,strat_platt,iso,2026-09-13T17:00:00Z,2026-08-31 15:01:36,2026-08-31 15:01:23,live
WR,00-0039849,Marvin Harrison Jr.,ARI,LAC,2026_01_ARI_LAC,2026,1,NA,NA,15,20,6.268297868788973,0.5131057199426837,-4.785513723184181,5.7983759159913735,-6.5047254585674725,7.2069580690035755,0.162,0.047,0.1560837220829063,0.05199698568198945,strat_platt,iso,2026-09-13T20:25:00Z,2026-08-31 15:01:36,2026-08-31 15:01:23,live
WR,00-0039146,Jayden Reed,GB,MIN,2026_01_GB_MIN,2026,1,NA,NA,15,20,5.420756194220994,1.2134512515460483,-3.7512543776643668,6.165648890170216,-5.362123071307529,7.48546357384905,0.1615,0.0425,0.15557840903584183,0.05199698568198945,strat_platt,iso,2026-09-13T20:25:00Z,2026-08-31 15:01:36,2026-08-31 15:01:23,live
WR,00-0035602,Alex Bachman,LA,SF,2026_01_SF_LA,2026,1,NA,NA,15,20,5.120931790230529,1.135486546573648,-3.704242654958894,5.963022620897079,-5.2745609857355955,7.249613638022049,0.161,0.042,0.15507317161862508,0.05199698568198945,strat_platt,iso,2026-09-11T00:35:00Z,2026-08-31 15:01:36,2026-08-31 15:01:23,live
WR,00-0037291,Jalen Nailor,LV,MIA,2026_01_MIA_LV,2026,1,NA,NA,15,20,5.490931158309108,1.0453082454218472,-3.9480937552183124,6.026129958350712,-5.568273390901091,7.353573270030861,0.161,0.043,0.15507317161862508,0.05199698568198945,strat_platt,iso,2026-09-13T20:25:00Z,2026-08-31 15:01:36,2026-08-31 15:01:23,live
WR,00-0038104,Tyquan Thornton,KC,DEN,2026_01_DEN_KC,2026,1,NA,NA,15,20,5.40667657272459,1.3877907009435861,-3.57113275233826,6.334220731149827,-5.180125337531072,7.6524982842787175,0.161,0.0465,0.15507317161862508,0.05199698568198945,strat_platt,iso,2026-09-15T00:15:00Z,2026-08-31 15:01:36,2026-08-31 15:01:23,live
WR,00-0039739,Roman Wilson,PIT,ATL,2026_01_ATL_PIT,2026,1,NA,NA,15,20,5.257637829858518,1.123732016087834,-3.773468004400571,6.00859411841351,-5.362433552146056,7.310463147248724,0.1605,0.0445,0.15456801010785573,0.05199698568198945,strat_platt,iso,2026-09-13T17:00:00Z,2026-08-31 15:01:36,2026-08-31 15:01:23,live
WR,00-0035500,Greg Dortch,DET,NO,2026_01_NO_DET,2026,1,NA,NA,15,20,5.05485906095942,1.3341457269976615,-3.47750306896093,6.1336721410188275,-5.03871031649883,7.412798278175464,0.16,0.0435,0.15406292478143896,0.05199698568198945,strat_platt,iso,2026-09-13T17:00:00Z,2026-08-31 15:01:36,2026-08-31 15:01:23,live
WR,00-0040621,Montorie Foster Jr,SEA,NE,2026_01_NE_SEA,2026,1,NA,NA,15,20,5.1367993672903784,1.0425223790067286,-3.8039205987775406,5.87675531501405,-5.376417308855606,7.165131118819589,0.16,0.04,0.15406292478143896,0.043859649122807015,strat_platt,iso,2026-09-10T00:20:00Z,2026-08-31 15:01:36,2026-08-31 15:01:23,live
WR,00-0040970,Michael Briscoe,MIN,GB,2026_01_GB_MIN,2026,1,NA,NA,15,20,5.2415376376564815,0.9880961258752172,-3.902378608480774,5.8662498856341045,-5.489162042381936,7.166331068008237,0.16,0.0405,0.15406292478143896,0.05199698568198945,strat_platt,iso,2026-09-13T20:25:00Z,2026-08-31 15:01:36,2026-08-31 15:01:23,live
WR,00-0035021,Ashton Dulin,IND,BAL,2026_01_BAL_IND,2026,1,NA,NA,15,20,5.181392418643416,1.2754127833062394,-3.5898370327679077,6.128405175991345,-5.168435886515746,7.421780579608505,0.1595,0.0495,0.15355791591859758,0.05660377358490566,strat_platt,iso,2026-09-13T17:00:00Z,2026-08-31 15:01:36,2026-08-31 15:01:23,live
WR,00-0038393,Dontayvion Wicks,PHI,WAS,2026_01_WAS_PHI,2026,1,NA,NA,15,20,5.176379510643691,1.2759642972779963,-3.5871758247089724,6.126852311001482,-5.16509015848483,7.419666874673179,0.1595,0.048,0.15355791591859758,0.05199698568198945,strat_platt,iso,2026-09-13T20:25:00Z,2026-08-31 15:01:36,2026-08-31 15:01:23,live
WR,00-0038840,Brycen Tremayne,CAR,CHI,2026_01_CHI_CAR,2026,1,NA,NA,15,20,5.1367993672903784,1.208408478543741,-3.6380344992405282,6.0426414145510625,-5.210531209318593,7.331017218356602,0.1595,0.0435,0.15355791591859758,0.05199698568198945,strat_platt,iso,2026-09-13T17:00:00Z,2026-08-31 15:01:36,2026-08-31 15:01:23,live
WR,00-0040277,Jahdae Walker,CHI,CAR,2026_01_CHI_CAR,2026,1,NA,NA,15,20,5.142965096036106,1.4414908451204276,-3.4075578435539384,6.278322927236423,-4.980900013244521,7.567391431828478,0.1595,0.0455,0.15355791591859758,0.05199698568198945,strat_platt,iso,2026-09-13T17:00:00Z,2026-08-31 15:01:36,2026-08-31 15:01:23,live
WR,00-0040648,Tory Horton,SEA,NE,2026_01_NE_SEA,2026,1,NA,NA,15,20,5.171312814689506,1.3790637265455004,-3.4819429184294055,6.227823638300758,-5.059165015528204,7.520071039586986,0.159,0.0475,0.1530529837998835,0.05199698568198945,strat_platt,iso,2026-09-10T00:20:00Z,2026-08-31 15:01:36,2026-08-31 15:01:23,live
WR,00-0041042,Malachi Fields,NYG,DAL,2026_01_DAL_NYG,2026,1,NA,NA,15,20,5.163023406439132,0.9430284032559136,-3.9144852604120426,5.788304133858866,-5.490574010510015,7.0796229628664875,0.159,0.0485,0.1530529837998835,0.05199698568198945,strat_platt,iso,2026-09-14T00:20:00Z,2026-08-31 15:01:36,2026-08-31 15:01:23,live
WR,00-0041481,Terrill Davis,MIN,GB,2026_01_GB_MIN,2026,1,NA,NA,15,20,5.2415376376564815,0.9880961258752172,-3.902378608480774,5.8662498856341045,-5.489162042381936,7.166331068008237,0.159,0.0455,0.1530529837998835,0.05199698568198945,strat_platt,iso,2026-09-13T20:25:00Z,2026-08-31 15:01:36,2026-08-31 15:01:23,live
WR,00-0036980,Elijah Moore,PHI,WAS,2026_01_WAS_PHI,2026,1,NA,NA,15,20,5.157966255446599,1.0350332105030278,-3.8203479563552385,5.8781818168706215,-5.395744787816624,7.168933744069248,0.1585,0.042,0.1525481287071898,0.05199698568198945,strat_platt,iso,2026-09-13T20:25:00Z,2026-08-31 15:01:36,2026-08-31 15:01:23,live
WR,00-0039884,Tahj Washington,PHI,WAS,2026_01_WAS_PHI,2026,1,NA,NA,15,20,5.160504937508411,1.10315854864251,-3.7532932725243215,5.947375111931348,-5.329037492861541,7.2384116612975555,0.1585,0.0445,0.1525481287071898,0.05199698568198945,strat_platt,iso,2026-09-13T20:25:00Z,2026-08-31 15:01:36,2026-08-31 15:01:23,live
WR,00-0040184,KeAndre Lambert-Smith,LAC,ARI,2026_01_ARI_LAC,2026,1,NA,NA,15,20,5.115214372128236,1.2737514627133601,-3.5635558121672144,6.098871712143523,-5.133088314716961,7.384818885585343,0.1585,0.048,0.1525481287071898,0.05199698568198945,strat_platt,iso,2026-09-13T20:25:00Z,2026-08-31 15:01:36,2026-08-31 15:01:23,live
WR,00-0040506,Myles Price,MIN,GB,2026_01_GB_MIN,2026,1,NA,NA,15,20,5.2415376376564815,0.9880961258752172,-3.902378608480774,5.8662498856341045,-5.489162042381936,7.166331068008237,0.1585,0.045,0.1525481287071898,0.05199698568198945,strat_platt,iso,2026-09-13T20:25:00Z,2026-08-31 15:01:36,2026-08-31 15:01:23,live
WR,00-0040735,Luther Burden III,CHI,CAR,2026_01_CHI_CAR,2026,1,NA,NA,15,20,5.1749398613734225,1.3995914203313582,-3.4629426134832064,6.249874872850143,-5.0406602934118,7.5425283143669155,0.1585,0.051,0.1525481287071898,0.057534246575342465,strat_platt,iso,2026-09-13T17:00:00Z,2026-08-31 15:01:36,2026-08-31 15:01:23,live
WR,00-0037524,Tay Martin,DET,NO,2026_01_NO_DET,2026,1,NA,NA,15,20,5.115865094276344,1.1272054281314638,-3.7103775711983875,5.952600707355656,-5.279999536430633,7.2386211792373,0.158,0.0365,0.1520433509237629,0.043859649122807015,strat_platt,iso,2026-09-13T17:00:00Z,2026-08-31 15:01:36,2026-08-31 15:01:23,live
WR,00-0041380,Devonte Ross,LAC,ARI,2026_01_ARI_LAC,2026,1,NA,NA,15,20,5.115214372128236,1.146760731581242,-3.690546543299332,5.971880981011405,-5.2600790458490785,7.257828154453225,0.158,0.0535,0.1520433509237629,0.057534246575342465,strat_platt,iso,2026-09-13T20:25:00Z,2026-08-31 15:01:36,2026-08-31 15:01:23,live
WR,00-0041399,CJ Daniels,LA,SF,2026_01_SF_LA,2026,1,NA,NA,15,20,5.120931790230529,1.135486546573648,-3.704242654958894,5.963022620897079,-5.2745609857355955,7.249613638022049,0.158,0.0445,0.1520433509237629,0.05199698568198945,strat_platt,iso,2026-09-11T00:35:00Z,2026-08-31 15:01:36,2026-08-31 15:01:23,live
WR,00-0040431,Dalen Cambre,NYG,DAL,2026_01_DAL_NYG,2026,1,NA,NA,15,20,5.163023406439132,0.9430284032559136,-3.9144852604120426,5.788304133858866,-5.490574010510015,7.0796229628664875,0.1575,0.0425,0.15153865073421463,0.05199698568198945,strat_platt,iso,2026-09-14T00:20:00Z,2026-08-31 15:01:36,2026-08-31 15:01:23,live
WR,00-0035544,Tom Kennedy,DET,NO,2026_01_NO_DET,2026,1,NA,NA,15,20,5.115865094276344,1.1272054281314638,-3.7103775711983875,5.952600707355656,-5.279999536430633,7.2386211792373,0.157,0.048,0.1510340284245348,0.05199698568198945,strat_platt,iso,2026-09-13T17:00:00Z,2026-08-31 15:01:36,2026-08-31 15:01:23,live
WR,00-0036491,Tarik Black,DET,NO,2026_01_NO_DET,2026,1,NA,NA,15,20,5.115865094276344,1.1272054281314638,-3.7103775711983875,5.952600707355656,-5.279999536430633,7.2386211792373,0.157,0.0415,0.1510340284245348,0.05199698568198945,strat_platt,iso,2026-09-13T17:00:00Z,2026-08-31 15:01:36,2026-08-31 15:01:23,live
WR,00-0039410,Ryan Flournoy,DAL,NYG,2026_01_DAL_NYG,2026,1,NA,NA,15,20,5.129842360699485,1.4437839132741923,-3.399716876534197,6.275082073801409,-4.971258952268329,7.56267572793228,0.157,0.0395,0.1510340284245348,0.043859649122807015,strat_platt,iso,2026-09-14T00:20:00Z,2026-08-31 15:01:36,2026-08-31 15:01:23,live
WR,00-0039424,Devaughn Vele,NO,DET,2026_01_NO_DET,2026,1,NA,NA,15,20,5.150378541675472,1.1144195645522843,-3.7377598533691976,5.954374488412112,-5.312117832275694,7.244275264389334,0.1565,0.0365,0.15052948428210378,0.043859649122807015,strat_platt,iso,2026-09-13T17:00:00Z,2026-08-31 15:01:36,2026-08-31 15:01:23,live
WR,00-0039792,Devontez Walker,BAL,IND,2026_01_BAL_IND,2026,1,NA,NA,15,20,5.2760510850556095,1.1316177751621457,-3.7732598133416078,6.024138102775598,-5.364716456205901,7.328048132177287,0.1565,0.049,0.15052948428210378,0.05199698568198945,strat_platt,iso,2026-09-13T17:00:00Z,2026-08-31 15:01:36,2026-08-31 15:01:23,live
WR,00-0033891,Zay Jones,HOU,BUF,2026_01_BUF_HOU,2026,1,NA,NA,15,20,5.131314564330272,0.9971095533075977,-3.847014029822686,5.829028938102351,-5.418758179625207,7.116788155276133,0.156,0.047,0.15002501859570505,0.05199698568198945,strat_platt,iso,2026-09-13T17:00:00Z,2026-08-31 15:01:36,2026-08-31 15:01:23,live
WR,00-0036862,Ben Skowronek,PIT,ATL,2026_01_ATL_PIT,2026,1,NA,NA,15,20,5.26017651192033,1.048949012086582,-3.8493104151379756,5.934867852098023,-5.4386197023259495,7.237018513052196,0.156,0.0455,0.15002501859570505,0.05199698568198945,strat_platt,iso,2026-09-13T17:00:00Z,2026-08-31 15:01:36,2026-08-31 15:01:23,live
WR,00-0040534,Ke'Shawn Williams,CIN,TB,2026_01_TB_CIN,2026,1,NA,NA,15,20,5.0843236678440595,1.0922275022623151,-3.7319683997378035,5.904269411370407,-5.297246732618447,7.186731064472614,0.156,0.042,0.15002501859570505,0.05199698568198945,strat_platt,iso,2026-09-13T17:00:00Z,2026-08-31 15:01:36,2026-08-31 15:01:23,live
WR,00-0040154,Tai Felton,MIN,GB,2026_01_GB_MIN,2026,1,NA,NA,15,20,5.292151277257646,1.0205761691833592,-3.8910024258222906,5.919780620902751,-5.484633304662689,7.225472042281559,0.1555,0.04,0.14952063165553822,0.043859649122807015,strat_platt,iso,2026-09-13T20:25:00Z,2026-08-31 15:01:36,2026-08-31 15:01:23,live
WR,00-0040237,Tez Johnson,TB,CIN,2026_01_TB_CIN,2026,1,NA,NA,15,20,5.0874249175253325,1.366276930897692,-3.4592372596845067,6.179633807315184,-5.0249433298701724,7.462445913547525,0.1555,0.041,0.14952063165553822,0.05199698568198945,strat_platt,iso,2026-09-13T17:00:00Z,2026-08-31 15:01:36,2026-08-31 15:01:23,live
WR,00-0041550,Brenen Thompson,LAC,ARI,2026_01_ARI_LAC,2026,1,NA,NA,15,20,5.115214372128236,1.146760731581242,-3.690546543299332,5.971880981011405,-5.2600790458490785,7.257828154453225,0.1555,0.047,0.14952063165553822,0.05199698568198945,strat_platt,iso,2026-09-13T20:25:00Z,2026-08-31 15:01:36,2026-08-31 15:01:23,live
WR,00-0037098,Samori Toure,PHI,WAS,2026_01_WAS_PHI,2026,1,NA,NA,15,20,5.160504937508411,1.10315854864251,-3.7532932725243215,5.947375111931348,-5.329037492861541,7.2384116612975555,0.155,0.0435,0.14901632375323196,0.05199698568198945,strat_platt,iso,2026-09-13T20:25:00Z,2026-08-31 15:01:36,2026-08-31 15:01:23,live
WR,00-0040597,Brennan Presley,LA,SF,2026_01_SF_LA,2026,1,NA,NA,15,20,5.120931790230529,1.135486546573648,-3.704242654958894,5.963022620897079,-5.2745609857355955,7.249613638022049,0.1545,0.049,0.1485120951818572,0.05199698568198945,strat_platt,iso,2026-09-11T00:35:00Z,2026-08-31 15:01:36,2026-08-31 15:01:23,live
WR,00-0041474,Mante Morrow,LAC,ARI,2026_01_ARI_LAC,2026,1,NA,NA,15,20,5.115214372128236,1.146760731581242,-3.690546543299332,5.971880981011405,-5.2600790458490785,7.257828154453225,0.1545,0.039,0.1485120951818572,0.043859649122807015,strat_platt,iso,2026-09-13T20:25:00Z,2026-08-31 15:01:36,2026-08-31 15:01:23,live
WR,00-0037828,Danny Gray,PHI,WAS,2026_01_WAS_PHI,2026,1,NA,NA,15,20,5.192479702845727,1.0763295077053083,-3.7935824202545145,5.933972266634769,-5.373693961892387,7.228587043577,0.154,0.0405,0.1480079462359407,0.05199698568198945,strat_platt,iso,2026-09-13T20:25:00Z,2026-08-31 15:01:36,2026-08-31 15:01:23,live
WR,00-0040977,Cortez Braham,BAL,IND,2026_01_BAL_IND,2026,1,NA,NA,15,20,5.2415376376564815,1.1413549424304863,-3.749119791925505,6.019508702189373,-5.335903225826667,7.319589884563506,0.154,0.039,0.1480079462359407,0.043859649122807015,strat_platt,iso,2026-09-13T17:00:00Z,2026-08-31 15:01:36,2026-08-31 15:01:23,live
WR,00-0037422,Kendric Pryor,CIN,TB,2026_01_TB_CIN,2026,1,NA,NA,15,20,5.0843236678440595,1.0922275022623151,-3.7319683997378035,5.904269411370407,-5.297246732618447,7.186731064472614,0.1535,0.0365,0.14750387721147815,0.043859649122807015,strat_platt,iso,2026-09-13T17:00:00Z,2026-08-31 15:01:36,2026-08-31 15:01:23,live
WR,00-0041069,Colbie Young,CIN,TB,2026_01_TB_CIN,2026,1,NA,NA,15,20,5.0843236678440595,1.0922275022623151,-3.7319683997378035,5.904269411370407,-5.297246732618447,7.186731064472614,0.1535,0.0445,0.14750387721147815,0.05199698568198945,strat_platt,iso,2026-09-13T17:00:00Z,2026-08-31 15:01:36,2026-08-31 15:01:23,live
WR,00-0041342,Dillon Bell,MIN,GB,2026_01_GB_MIN,2026,1,NA,NA,15,20,5.2415376376564815,0.9880961258752172,-3.902378608480774,5.8662498856341045,-5.489162042381936,7.166331068008237,0.1535,0.047,0.14750387721147815,0.05199698568198945,strat_platt,iso,2026-09-13T20:25:00Z,2026-08-31 15:01:36,2026-08-31 15:01:23,live
WR,00-0032464,Kalif Raymond,CHI,CAR,2026_01_CHI_CAR,2026,1,NA,NA,15,20,5.063320188455334,1.3859601687899434,-3.4292958064302548,6.189084674209786,-4.991673454104407,7.469169741968093,0.153,0.047,0.14699988840594821,0.05199698568198945,strat_platt,iso,2026-09-13T17:00:00Z,2026-08-31 15:01:36,2026-08-31 15:01:23,live
WR,00-0034407,Ray-Ray McCloud,CHI,CAR,2026_01_CHI_CAR,2026,1,NA,NA,15,20,5.142965096036106,1.2011162426567799,-3.6479324460175864,6.037948324772775,-5.221274615708169,7.32701682936483,0.153,0.0415,0.14699988840594821,0.05199698568198945,strat_platt,iso,2026-09-13T17:00:00Z,2026-08-31 15:01:36,2026-08-31 15:01:23,live
WR,00-0039062,Jonathan Mingo,DAL,NYG,2026_01_DAL_NYG,2026,1,NA,NA,15,20,5.184788160571992,1.1167261423030406,-3.749952139776524,5.971143402141852,-5.329014479446774,7.264898548396318,0.153,0.05,0.14699988840594821,0.057534246575342465,strat_platt,iso,2026-09-14T00:20:00Z,2026-08-31 15:01:36,2026-08-31 15:01:23,live
WR,00-0039855,Jalen McMillan,TB,CIN,2026_01_TB_CIN,2026,1,NA,NA,15,20,5.138038557126497,1.4774315863043221,-3.3695352265080794,6.312187037599173,-4.942201902241809,7.600702097427845,0.153,0.0455,0.14699988840594821,0.05199698568198945,strat_platt,iso,2026-09-13T17:00:00Z,2026-08-31 15:01:36,2026-08-31 15:01:23,live
WR,00-0041476,Rashad Rochelle,SEA,NE,2026_01_NE_SEA,2026,1,NA,NA,15,20,5.1367993672903784,1.0425223790067286,-3.8039205987775406,5.87675531501405,-5.376417308855606,7.165131118819589,0.153,0.0435,0.14699988840594821,0.05199698568198945,strat_platt,iso,2026-09-10T00:20:00Z,2026-08-31 15:01:36,2026-08-31 15:01:23,live
WR,00-0038941,Tyler Scott,LA,SF,2026_01_SF_LA,2026,1,NA,NA,15,20,5.155445237629657,1.1262812044402026,-3.7280364699111854,5.968368997644923,-5.303088236244202,7.258838206565489,0.1525,0.044,0.14649598011832632,0.05199698568198945,strat_platt,iso,2026-09-11T00:35:00Z,2026-08-31 15:01:36,2026-08-31 15:01:23,live
WR,00-0040024,Darius Cooper,PHI,WAS,2026_01_WAS_PHI,2026,1,NA,NA,15,20,5.141866063244563,1.3790888866213045,-3.469495463942282,6.215457800471654,-5.042686972590341,7.5044028656691975,0.152,0.0385,0.14599215264909868,0.043859649122807015,strat_platt,iso,2026-09-13T20:25:00Z,2026-08-31 15:01:36,2026-08-31 15:01:23,live
WR,00-0040870,Ja'Kobi Lane,BAL,IND,2026_01_BAL_IND,2026,1,NA,NA,15,20,5.2415376376564815,1.1413549424304863,-3.749119791925505,6.019508702189373,-5.335903225826667,7.319589884563506,0.152,0.0515,0.14599215264909868,0.057534246575342465,strat_platt,iso,2026-09-13T17:00:00Z,2026-08-31 15:01:36,2026-08-31 15:01:23,live
WR,00-0041356,Luke Wysong,MIN,GB,2026_01_GB_MIN,2026,1,NA,NA,15,20,5.2415376376564815,0.9880961258752172,-3.902378608480774,5.8662498856341045,-5.489162042381936,7.166331068008237,0.152,0.0535,0.14599215264909868,0.057534246575342465,strat_platt,iso,2026-09-13T20:25:00Z,2026-08-31 15:01:36,2026-08-31 15:01:23,live
WR,00-0040337,Eli Pancol,IND,BAL,2026_01_BAL_IND,2026,1,NA,NA,15,20,5.181392418643416,0.8708897380257705,-3.994360078048377,5.723882130710876,-5.572958931796215,7.017257534328036,0.151,0.044,0.14498474137541037,0.05199698568198945,strat_platt,iso,2026-09-13T17:00:00Z,2026-08-31 15:01:36,2026-08-31 15:01:23,live
WR,00-0041132,Deion Burks,IND,BAL,2026_01_BAL_IND,2026,1,NA,NA,15,20,5.181392418643416,0.8708897380257705,-3.994360078048377,5.723882130710876,-5.572958931796215,7.017257534328036,0.151,0.0445,0.14498474137541037,0.05199698568198945,strat_platt,iso,2026-09-13T17:00:00Z,2026-08-31 15:01:36,2026-08-31 15:01:23,live
WR,00-0041228,Sahmir Hagans,IND,BAL,2026_01_BAL_IND,2026,1,NA,NA,15,20,5.181392418643416,0.8708897380257705,-3.994360078048377,5.723882130710876,-5.572958931796215,7.017257534328036,0.151,0.039,0.14498474137541037,0.043859649122807015,strat_platt,iso,2026-09-13T17:00:00Z,2026-08-31 15:01:36,2026-08-31 15:01:23,live
WR,00-0038092,Erik Ezukanma,PHI,WAS,2026_01_WAS_PHI,2026,1,NA,NA,15,20,5.176379510643691,1.0336286241696737,-3.829511497817295,5.884516637893159,-5.4074258315931525,7.177331201564856,0.1505,0.041,0.1444811581796049,0.05199698568198945,strat_platt,iso,2026-09-13T20:25:00Z,2026-08-31 15:01:36,2026-08-31 15:01:23,live
WR,00-0039259,Dayton Wade,BAL,IND,2026_01_BAL_IND,2026,1,NA,NA,15,20,5.2415376376564815,1.1413549424304863,-3.749119791925505,6.019508702189373,-5.335903225826667,7.319589884563506,0.1505,0.0465,0.1444811581796049,0.05199698568198945,strat_platt,iso,2026-09-13T17:00:00Z,2026-08-31 15:01:36,2026-08-31 15:01:23,live
WR,00-0039816,Anthony Gould,IND,BAL,2026_01_BAL_IND,2026,1,NA,NA,15,20,5.215905866042544,0.8678366576201925,-4.0119077438346835,5.735287118286802,-5.5952095700366735,7.032515754713329,0.1505,0.044,0.1444811581796049,0.05199698568198945,strat_platt,iso,2026-09-13T17:00:00Z,2026-08-31 15:01:36,2026-08-31 15:01:23,live
WR,00-0040419,Garrett Greene,TB,CIN,2026_01_TB_CIN,2026,1,NA,NA,15,20,5.126270525195803,0.9998680672478892,-3.8421213018319866,5.829658614892951,-5.413172975814974,7.1168504737473866,0.1505,0.038,0.1444811581796049,0.043859649122807015,strat_platt,iso,2026-09-13T17:00:00Z,2026-08-31 15:01:36,2026-08-31 15:01:23,live
WR,00-0041397,Kaden Wetjen,PIT,ATL,2026_01_ATL_PIT,2026,1,NA,NA,15,20,5.2415376376564815,0.9187350109509083,-3.971739723405083,5.796888770709796,-5.558523157306245,7.096969953083928,0.1505,0.0445,0.1444811581796049,0.05199698568198945,strat_platt,iso,2026-09-13T17:00:00Z,2026-08-31 15:01:36,2026-08-31 15:01:23,live
WR,00-0038612,A.T. Perry,PIT,ATL,2026_01_ATL_PIT,2026,1,NA,NA,15,20,5.26017651192033,1.048949012086582,-3.8493104151379756,5.934867852098023,-5.4386197023259495,7.237018513052196,0.15,0.044,0.14397765701953347,0.05199698568198945,strat_platt,iso,2026-09-13T17:00:00Z,2026-08-31 15:01:36,2026-08-31 15:01:23,live
WR,00-0040900,Anthony Smith,DAL,NYG,2026_01_DAL_NYG,2026,1,NA,NA,15,20,5.134174520970828,1.089039093462749,-3.7562940689482867,5.922165010145843,-5.328430683791309,7.210245781227358,0.15,0.043,0.14397765701953347,0.05199698568198945,strat_platt,iso,2026-09-14T00:20:00Z,2026-08-31 15:01:36,2026-08-31 15:01:23,live
WR,00-0041048,Ted Hurst III,TB,CIN,2026_01_TB_CIN,2026,1,NA,NA,15,20,5.126270525195803,0.9998680672478892,-3.8421213018319866,5.829658614892951,-5.413172975814974,7.1168504737473866,0.15,0.053,0.14397765701953347,0.057534246575342465,strat_platt,iso,2026-09-13T17:00:00Z,2026-08-31 15:01:36,2026-08-31 15:01:23,live
WR,00-0041233,Raylen Sharpe,IND,BAL,2026_01_BAL_IND,2026,1,NA,NA,15,20,5.181392418643416,0.8708897380257705,-3.994360078048377,5.723882130710876,-5.572958931796215,7.017257534328036,0.15,0.0405,0.14397765701953347,0.05199698568198945,strat_platt,iso,2026-09-13T17:00:00Z,2026-08-31 15:01:36,2026-08-31 15:01:23,live
WR,00-0039342,Xavier Legette,CAR,CHI,2026_01_CHI_CAR,2026,1,NA,NA,15,20,5.439015917237607,0.8738533504327705,-4.098338794157402,5.833518643043718,-5.71163659319984,7.1553235379587745,0.1495,0.034,0.1434742382034532,0.0332425068119891,strat_platt,iso,2026-09-13T17:00:00Z,2026-08-31 15:01:36,2026-08-31 15:01:23,live
WR,00-0039722,JaQuae Jackson,LAC,ARI,2026_01_ARI_LAC,2026,1,NA,NA,15,20,5.115214372128236,1.146760731581242,-3.690546543299332,5.971880981011405,-5.2600790458490785,7.257828154453225,0.1495,0.0455,0.1434742382034532,0.05199698568198945,strat_platt,iso,2026-09-13T20:25:00Z,2026-08-31 15:01:36,2026-08-31 15:01:23,live
WR,00-0040769,Jaden Smith,DAL,NYG,2026_01_DAL_NYG,2026,1,NA,NA,15,20,5.134174520970828,1.089039093462749,-3.7562940689482867,5.922165010145843,-5.328430683791309,7.210245781227358,0.1495,0.041,0.1434742382034532,0.05199698568198945,strat_platt,iso,2026-09-14T00:20:00Z,2026-08-31 15:01:36,2026-08-31 15:01:23,live
WR,00-0040894,Malik Benson,LV,MIA,2026_01_MIA_LV,2026,1,NA,NA,15,20,5.27572525809006,0.8780897619353765,-4.026652098801126,5.770474703731687,-5.618064702878942,7.074348651336472,0.1495,0.036,0.1434742382034532,0.043859649122807015,strat_platt,iso,2026-09-13T20:25:00Z,2026-08-31 15:01:36,2026-08-31 15:01:23,live
WR,00-0037093,Dareke Young,LV,MIA,2026_01_MIA_LV,2026,1,NA,NA,15,20,5.294364132353908,0.9743422973970578,-3.9381564225799752,5.874464555941434,-5.532085848931816,7.180400582849501,0.149,0.0425,0.1429709020412202,0.05199698568198945,strat_platt,iso,2026-09-13T20:25:00Z,2026-08-31 15:01:36,2026-08-31 15:01:23,live
WR,00-0037487,Deven Thompkins,LV,MIA,2026_01_MIA_LV,2026,1,NA,NA,15,20,5.27572525809006,0.8780897619353765,-4.026652098801126,5.770474703731687,-5.618064702878942,7.074348651336472,0.149,0.048,0.1429709020412202,0.05199698568198945,strat_platt,iso,2026-09-13T20:25:00Z,2026-08-31 15:01:36,2026-08-31 15:01:23,live
WR,00-0039890,Adonai Mitchell,NYJ,TEN,2026_01_NYJ_TEN,2026,1,NA,NA,15,20,5.514101067536679,0.8336694497279048,-4.169162840981966,5.823897694222307,-5.7924022671497815,7.1538479491605065,0.149,0.0365,0.1429709020412202,0.043859649122807015,strat_platt,iso,2026-09-13T17:00:00Z,2026-08-31 15:01:36,2026-08-31 15:01:23,live
WR,00-0040653,Ricky White III,SEA,NE,2026_01_NE_SEA,2026,1,NA,NA,15,20,5.155438241554227,1.1020754435931173,-3.7522392790613637,5.944160292537383,-5.32729008767473,7.234628716780426,0.149,0.0505,0.1429709020412202,0.057534246575342465,strat_platt,iso,2026-09-10T00:20:00Z,2026-08-31 15:01:36,2026-08-31 15:01:23,live
WR,00-0041516,Romello Brinson,DAL,NYG,2026_01_DAL_NYG,2026,1,NA,NA,15,20,5.134174520970828,1.089039093462749,-3.7562940689482867,5.922165010145843,-5.328430683791309,7.210245781227358,0.149,0.0415,0.1429709020412202,0.05199698568198945,strat_platt,iso,2026-09-14T00:20:00Z,2026-08-31 15:01:36,2026-08-31 15:01:23,live
WR,00-0035662,Marquise Brown,PHI,WAS,2026_01_WAS_PHI,2026,1,NA,NA,15,20,5.192479702845727,1.2799329534375516,-3.589978974522271,6.1375757123670125,-5.170090516160144,7.432190489309243,0.1485,0.0455,0.14246764884430468,0.05199698568198945,strat_platt,iso,2026-09-13T20:25:00Z,2026-08-31 15:01:36,2026-08-31 15:01:23,live
WR,00-0040667,Matthew Golden,GB,MIN,2026_01_GB_MIN,2026,1,NA,NA,15,20,5.158972830140531,1.128163887021139,-3.72764182368559,5.971735967649015,-5.303176404380393,7.262600755356786,0.1485,0.041,0.14246764884430468,0.05199698568198945,strat_platt,iso,2026-09-13T20:25:00Z,2026-08-31 15:01:36,2026-08-31 15:01:23,live
WR,00-0040867,Makai Lemon,PHI,WAS,2026_01_WAS_PHI,2026,1,NA,NA,15,20,5.141866063244563,1.0435506737759375,-3.8050336767876494,5.879919587626286,-5.378225185435708,7.16886465282383,0.1485,0.048,0.14246764884430468,0.05199698568198945,strat_platt,iso,2026-09-13T20:25:00Z,2026-08-31 15:01:36,2026-08-31 15:01:23,live
WR,00-0037380,Kaden Davis,CHI,CAR,2026_01_CHI_CAR,2026,1,NA,NA,15,20,5.124326221772258,1.0399909323977663,-3.801175461170704,5.86896057792121,-5.371960109153366,7.155933657406759,0.148,0.0465,0.14196447892580685,0.05199698568198945,strat_platt,iso,2026-09-13T17:00:00Z,2026-08-31 15:01:36,2026-08-31 15:01:23,live
WR,00-0038576,Charlie Jones,CIN,TB,2026_01_TB_CIN,2026,1,NA,NA,15,20,5.1188371152431875,1.0829033180284573,-3.75593874210444,5.909554486000422,-5.325969227354287,7.1959096659311665,0.148,0.04,0.14196447892580685,0.043859649122807015,strat_platt,iso,2026-09-13T17:00:00Z,2026-08-31 15:01:36,2026-08-31 15:01:23,live
WR,00-0040218,Jimmy Horn Jr.,CAR,CHI,2026_01_CHI_CAR,2026,1,NA,NA,15,20,5.075793333973454,1.0564490997167488,-3.7641184113001382,5.864871759144972,-5.328219461602579,7.1463688427328,0.1475,0.0385,0.14146139260047233,0.043859649122807015,strat_platt,iso,2026-09-13T17:00:00Z,2026-08-31 15:01:36,2026-08-31 15:01:23,live
WR,00-0040590,Konata Mumpfield,LA,SF,2026_01_SF_LA,2026,1,NA,NA,15,20,5.120931790230529,1.094561778841967,-3.745167422690575,5.922097853165399,-5.315485753467277,7.208688870290368,0.1475,0.0415,0.14146139260047233,0.05199698568198945,strat_platt,iso,2026-09-11T00:35:00Z,2026-08-31 15:01:36,2026-08-31 15:01:23,live
WR,00-0040890,Cyrus Allen,KC,DEN,2026_01_DEN_KC,2026,1,NA,NA,15,20,5.115865094276344,0.8795069492360232,-3.958076050093828,5.704902228460216,-5.527698015326074,6.9909227003418595,0.1475,0.0405,0.14146139260047233,0.05199698568198945,strat_platt,iso,2026-09-15T00:15:00Z,2026-08-31 15:01:36,2026-08-31 15:01:23,live
WR,00-0041571,Liam Clifford,LAC,ARI,2026_01_ARI_LAC,2026,1,NA,NA,15,20,5.115214372128236,1.146760731581242,-3.690546543299332,5.971880981011405,-5.2600790458490785,7.257828154453225,0.1475,0.0435,0.14146139260047233,0.05199698568198945,strat_platt,iso,2026-09-13T20:25:00Z,2026-08-31 15:01:36,2026-08-31 15:01:23,live
WR,00-0035208,Olamide Zaccheaus,ATL,PIT,2026_01_ATL_PIT,2026,1,NA,NA,15,20,5.273550736789322,0.7755251871682658,-4.1283107278954185,5.667006465715088,-5.719429385134998,6.970639577207745,0.147,0.04,0.14095839018470852,0.043859649122807015,strat_platt,iso,2026-09-13T17:00:00Z,2026-08-31 15:01:36,2026-08-31 15:01:23,live
WR,00-0036497,Tim Jones,JAX,CLE,2026_01_CLE_JAX,2026,1,NA,NA,15,20,5.083672945695951,1.0299811527889342,-3.793938081949148,5.841747091665544,-5.35912664623841,7.124135195691087,0.147,0.037,0.14095839018470852,0.043859649122807015,strat_platt,iso,2026-09-13T17:00:00Z,2026-08-31 15:01:36,2026-08-31 15:01:23,live
WR,00-0038573,Derius Davis,LAC,ARI,2026_01_ARI_LAC,2026,1,NA,NA,15,20,5.149727819527364,1.1376587083522287,-3.714246006487623,5.977339621212458,-5.288514854108744,7.267167370269683,0.147,0.0465,0.14095839018470852,0.05199698568198945,strat_platt,iso,2026-09-13T20:25:00Z,2026-08-31 15:01:36,2026-08-31 15:01:23,live
WR,00-0039589,Kameron Johnson,TB,CIN,2026_01_TB_CIN,2026,1,NA,NA,15,20,5.126270525195803,0.9998680672478892,-3.8421213018319866,5.829658614892951,-5.413172975814974,7.1168504737473866,0.147,0.036,0.14095839018470852,0.043859649122807015,strat_platt,iso,2026-09-13T17:00:00Z,2026-08-31 15:01:36,2026-08-31 15:01:23,live
WR,00-0041475,Trayvon Rudolph,MIN,GB,2026_01_GB_MIN,2026,1,NA,NA,15,20,5.2415376376564815,0.9880961258752172,-3.902378608480774,5.8662498856341045,-5.489162042381936,7.166331068008237,0.147,0.0385,0.14095839018470852,0.043859649122807015,strat_platt,iso,2026-09-13T20:25:00Z,2026-08-31 15:01:36,2026-08-31 15:01:23,live
WR,00-0037708,Maurice Alexander,CHI,CAR,2026_01_CHI_CAR,2026,1,NA,NA,15,20,5.124326221772258,1.0399909323977663,-3.801175461170704,5.86896057792121,-5.371960109153366,7.155933657406759,0.1465,0.047,0.14045547199660033,0.05199698568198945,strat_platt,iso,2026-09-13T17:00:00Z,2026-08-31 15:01:36,2026-08-31 15:01:23,live
WR,00-0038891,Shedrick Jackson,LV,MIA,2026_01_MIA_LV,2026,1,NA,NA,15,20,5.27572525809006,0.8780897619353765,-4.026652098801126,5.770474703731687,-5.618064702878942,7.074348651336472,0.1465,0.04,0.14045547199660033,0.043859649122807015,strat_platt,iso,2026-09-13T20:25:00Z,2026-08-31 15:01:36,2026-08-31 15:01:23,live
WR,00-0038911,Malik Cunningham,DET,NO,2026_01_NO_DET,2026,1,NA,NA,15,20,5.115865094276344,1.1272054281314638,-3.7103775711983875,5.952600707355656,-5.279999536430633,7.2386211792373,0.1465,0.042,0.14045547199660033,0.05199698568198945,strat_platt,iso,2026-09-13T17:00:00Z,2026-08-31 15:01:36,2026-08-31 15:01:23,live
WR,00-0041352,Marcus Sanders Jr.,MIN,GB,2026_01_GB_MIN,2026,1,NA,NA,15,20,5.2415376376564815,0.9880961258752172,-3.902378608480774,5.8662498856341045,-5.489162042381936,7.166331068008237,0.1465,0.0365,0.14045547199660033,0.043859649122807015,strat_platt,iso,2026-09-13T20:25:00Z,2026-08-31 15:01:36,2026-08-31 15:01:23,live
WR,00-0041020,Xavier Loyd,KC,DEN,2026_01_DEN_KC,2026,1,NA,NA,15,20,5.115865094276344,0.8795069492360232,-3.958076050093828,5.704902228460216,-5.527698015326074,6.9909227003418595,0.1455,0.0425,0.1394498895841781,0.05199698568198945,strat_platt,iso,2026-09-15T00:15:00Z,2026-08-31 15:01:36,2026-08-31 15:01:23,live
WR,00-0041168,Omari Kelly,CHI,CAR,2026_01_CHI_CAR,2026,1,NA,NA,15,20,5.124326221772258,1.0399909323977663,-3.801175461170704,5.86896057792121,-5.371960109153366,7.155933657406759,0.1455,0.039,0.1394498895841781,0.043859649122807015,strat_platt,iso,2026-09-13T17:00:00Z,2026-08-31 15:01:36,2026-08-31 15:01:23,live
WR,00-0035140,Mecole Hardman,BUF,HOU,2026_01_BUF_HOU,2026,1,NA,NA,15,20,5.166478733877509,0.9430352564799493,-3.9159347850104824,5.789763695733133,-5.492496077413187,7.081469687440548,0.145,0.0345,0.13894722600457138,0.0332425068119891,strat_platt,iso,2026-09-13T17:00:00Z,2026-08-31 15:01:36,2026-08-31 15:01:23,live
WR,00-0035359,David Sills,TB,CIN,2026_01_TB_CIN,2026,1,NA,NA,15,20,5.106063791789181,1.0145659131253273,-3.8188620193461924,5.835816593692333,-5.387135814591743,7.12073248482723,0.145,0.042,0.13894722600457138,0.05199698568198945,strat_platt,iso,2026-09-13T17:00:00Z,2026-08-31 15:01:36,2026-08-31 15:01:23,live
WR,00-0037348,Tanner Conner,NYG,DAL,2026_01_DAL_NYG,2026,1,NA,NA,15,20,5.163023406439132,1.0715914015495107,-3.7859222621184454,5.916867132152463,-5.362011012216418,7.208185961160084,0.1445,0.04,0.13844464794206887,0.043859649122807015,strat_platt,iso,2026-09-14T00:20:00Z,2026-08-31 15:01:36,2026-08-31 15:01:23,live
WR,00-0039473,Xavier Johnson,CIN,TB,2026_01_TB_CIN,2026,1,NA,NA,15,20,5.0843236678440595,1.0922275022623151,-3.7319683997378035,5.904269411370407,-5.297246732618447,7.186731064472614,0.1445,0.04,0.13844464794206887,0.043859649122807015,strat_platt,iso,2026-09-13T17:00:00Z,2026-08-31 15:01:36,2026-08-31 15:01:23,live
WR,00-0040275,JP Richardson,CHI,CAR,2026_01_CHI_CAR,2026,1,NA,NA,15,20,5.124326221772258,1.0399909323977663,-3.801175461170704,5.86896057792121,-5.371960109153366,7.155933657406759,0.1445,0.0345,0.13844464794206887,0.0332425068119891,strat_platt,iso,2026-09-13T17:00:00Z,2026-08-31 15:01:36,2026-08-31 15:01:23,live
WR,00-0034272,Marquez Valdes-Scantling,DAL,NYG,2026_01_DAL_NYG,2026,1,NA,NA,15,20,5.095328913300357,1.0564309037799513,-3.7724411368039785,5.873137170491923,-5.339236708734503,7.156841925769113,0.1435,0.0405,0.13743974967705166,0.05199698568198945,strat_platt,iso,2026-09-14T00:20:00Z,2026-08-31 15:01:36,2026-08-31 15:01:23,live
WR,00-0039397,Tejhaun Palmer,NE,SEA,2026_01_NE_SEA,2026,1,NA,NA,15,20,5.123896815121942,0.737400393349896,-4.1035842197795445,5.566188716408696,-5.674309886537493,6.853113471479758,0.1435,0.0335,0.13743974967705166,0.0332425068119891,strat_platt,iso,2026-09-10T00:20:00Z,2026-08-31 15:01:36,2026-08-31 15:01:23,live
WR,00-0040375,Jordan Moore,CIN,TB,2026_01_TB_CIN,2026,1,NA,NA,15,20,5.0843236678440595,1.0922275022623151,-3.7319683997378035,5.904269411370407,-5.297246732618447,7.186731064472614,0.1435,0.0365,0.13743974967705166,0.043859649122807015,strat_platt,iso,2026-09-13T17:00:00Z,2026-08-31 15:01:36,2026-08-31 15:01:23,live
WR,00-0041216,Trebor Pena,JAX,CLE,2026_01_CLE_JAX,2026,1,NA,NA,15,20,5.083672945695951,1.0299811527889342,-3.793938081949148,5.841747091665544,-5.35912664623841,7.124135195691087,0.1435,0.04,0.13743974967705166,0.043859649122807015,strat_platt,iso,2026-09-13T17:00:00Z,2026-08-31 15:01:36,2026-08-31 15:01:23,live
WR,00-0036255,Denzel Mims,DAL,NYG,2026_01_DAL_NYG,2026,1,NA,NA,15,20,5.145942552901522,1.1083593770166307,-3.7419470033020126,5.946445982171064,-5.315697248767341,7.235848830835785,0.143,0.048,0.13693743013334098,0.05199698568198945,strat_platt,iso,2026-09-14T00:20:00Z,2026-08-31 15:01:36,2026-08-31 15:01:23,live
WR,00-0036988,Josh Palmer,BUF,HOU,2026_01_BUF_HOU,2026,1,NA,NA,15,20,5.150604160742229,1.0976409393860795,-3.7546337194041657,5.937690864166529,-5.329022600552468,7.227616958925259,0.143,0.0415,0.13693743013334098,0.05199698568198945,strat_platt,iso,2026-09-13T17:00:00Z,2026-08-31 15:01:36,2026-08-31 15:01:23,live
WR,00-0037091,Bo Melton,GB,MIN,2026_01_GB_MIN,2026,1,NA,NA,15,20,5.147204798209837,0.7688833721199143,-4.081956065268753,5.607501691369921,-5.6558792686111765,6.89704624764045,0.143,0.0355,0.13693743013334098,0.043859649122807015,strat_platt,iso,2026-09-13T20:25:00Z,2026-08-31 15:01:36,2026-08-31 15:01:23,live
WR,00-0037156,Irvin Charles,SEA,NE,2026_01_NE_SEA,2026,1,NA,NA,15,20,5.1367993672903784,1.0425223790067286,-3.8039205987775406,5.87675531501405,-5.376417308855606,7.165131118819589,0.143,0.0445,0.13693743013334098,0.05199698568198945,strat_platt,iso,2026-09-10T00:20:00Z,2026-08-31 15:01:36,2026-08-31 15:01:23,live
WR,00-0037614,John Metchie III,CAR,CHI,2026_01_CHI_CAR,2026,1,NA,NA,15,20,5.242448891282407,0.8422721311774319,-4.048583551306971,5.720805879310828,-5.6354905891959195,7.020988332731251,0.143,0.042,0.13693743013334098,0.05199698568198945,strat_platt,iso,2026-09-13T17:00:00Z,2026-08-31 15:01:36,2026-08-31 15:01:23,live
WR,00-0039329,Julian Hicks,SEA,NE,2026_01_NE_SEA,2026,1,NA,NA,15,20,5.1367993672903784,1.0425223790067286,-3.8039205987775406,5.87675531501405,-5.376417308855606,7.165131118819589,0.143,0.0455,0.13693743013334098,0.05199698568198945,strat_platt,iso,2026-09-10T00:20:00Z,2026-08-31 15:01:36,2026-08-31 15:01:23,live
WR,00-0039710,Jeshaun Jones,MIN,GB,2026_01_GB_MIN,2026,1,NA,NA,15,20,5.2415376376564815,0.9880961258752172,-3.902378608480774,5.8662498856341045,-5.489162042381936,7.166331068008237,0.143,0.032,0.13693743013334098,0.0332425068119891,strat_platt,iso,2026-09-13T20:25:00Z,2026-08-31 15:01:36,2026-08-31 15:01:23,live
WR,00-0040629,Dalevon Campbell,LAC,ARI,2026_01_ARI_LAC,2026,1,NA,NA,15,20,5.115214372128236,1.146760731581242,-3.690546543299332,5.971880981011405,-5.2600790458490785,7.257828154453225,0.143,0.045,0.13693743013334098,0.05199698568198945,strat_platt,iso,2026-09-13T20:25:00Z,2026-08-31 15:01:36,2026-08-31 15:01:23,live
WR,00-0037382,Brandon Johnson,LV,MIA,2026_01_MIA_LV,2026,1,NA,NA,15,20,5.27572525809006,0.8780897619353765,-4.026652098801126,5.770474703731687,-5.618064702878942,7.074348651336472,0.142,0.037,0.13593305188411262,0.043859649122807015,strat_platt,iso,2026-09-13T20:25:00Z,2026-08-31 15:01:36,2026-08-31 15:01:23,live
WR,00-0038938,Jalin Hyatt,NYG,DAL,2026_01_DAL_NYG,2026,1,NA,NA,15,20,5.179123598641168,1.057997427857139,-3.8062976896121694,5.910037527187999,-5.384586777946051,7.20315913423971,0.142,0.04,0.13593305188411262,0.043859649122807015,strat_platt,iso,2026-09-14T00:20:00Z,2026-08-31 15:01:36,2026-08-31 15:01:23,live
WR,00-0041011,E.J. Williams Jr.,LV,MIA,2026_01_MIA_LV,2026,1,NA,NA,15,20,5.27572525809006,0.8780897619353765,-4.026652098801126,5.770474703731687,-5.618064702878942,7.074348651336472,0.142,0.04,0.13593305188411262,0.043859649122807015,strat_platt,iso,2026-09-13T20:25:00Z,2026-08-31 15:01:36,2026-08-31 15:01:23,live
WR,00-0041222,Gabriel Benyard,BUF,HOU,2026_01_BUF_HOU,2026,1,NA,NA,15,20,5.115865094276344,0.903577701032691,-3.9340052982971603,5.728972980256883,-5.503627263529406,7.014993452138527,0.142,0.0405,0.13593305188411262,0.05199698568198945,strat_platt,iso,2026-09-13T17:00:00Z,2026-08-31 15:01:36,2026-08-31 15:01:23,live
WR,00-0036841,Austin Trammell,JAX,CLE,2026_01_CLE_JAX,2026,1,NA,NA,15,20,5.083672945695951,1.1855097026346297,-3.6384095321034526,5.997275641511239,-5.203598096392714,7.279663745536782,0.1415,0.0415,0.13543099384834528,0.05199698568198945,strat_platt,iso,2026-09-13T17:00:00Z,2026-08-31 15:01:36,2026-08-31 15:01:23,live
WR,00-0040895,Emmanuel Henderson Jr.,SEA,NE,2026_01_NE_SEA,2026,1,NA,NA,15,20,5.1367993672903784,1.0425223790067286,-3.8039205987775406,5.87675531501405,-5.376417308855606,7.165131118819589,0.1415,0.0415,0.13543099384834528,0.05199698568198945,strat_platt,iso,2026-09-10T00:20:00Z,2026-08-31 15:01:36,2026-08-31 15:01:23,live
WR,00-0036626,Dyami Brown,WAS,PHI,2026_01_WAS_PHI,2026,1,NA,NA,15,20,5.187413006891543,0.7155062079678662,-4.152275898379897,5.571024511119753,-5.731696389386746,6.865073097426093,0.141,0.039,0.13492902365474796,0.043859649122807015,strat_platt,iso,2026-09-13T20:25:00Z,2026-08-31 15:01:36,2026-08-31 15:01:23,live
WR,00-0040785,Dohnte Meyers,CIN,TB,2026_01_TB_CIN,2026,1,NA,NA,15,20,5.0843236678440595,1.0922275022623151,-3.7319683997378035,5.904269411370407,-5.297246732618447,7.186731064472614,0.141,0.044,0.13492902365474796,0.05199698568198945,strat_platt,iso,2026-09-13T17:00:00Z,2026-08-31 15:01:36,2026-08-31 15:01:23,live
WR,00-0040930,Camden Brown,DAL,NYG,2026_01_DAL_NYG,2026,1,NA,NA,15,20,5.134174520970828,1.089039093462749,-3.7562940689482867,5.922165010145843,-5.328430683791309,7.210245781227358,0.141,0.039,0.13492902365474796,0.043859649122807015,strat_platt,iso,2026-09-14T00:20:00Z,2026-08-31 15:01:36,2026-08-31 15:01:23,live
WR,00-0041004,Chase Roberts,LV,MIA,2026_01_MIA_LV,2026,1,NA,NA,15,20,5.27572525809006,0.8780897619353765,-4.026652098801126,5.770474703731687,-5.618064702878942,7.074348651336472,0.141,0.0385,0.13492902365474796,0.043859649122807015,strat_platt,iso,2026-09-13T20:25:00Z,2026-08-31 15:01:36,2026-08-31 15:01:23,live
WR,00-0034419,Braxton Berrios,NYG,DAL,2026_01_DAL_NYG,2026,1,NA,NA,15,20,5.18166228070298,1.0376001867290754,-3.827763169464479,5.890705833482641,-5.406398862903829,7.184111420544293,0.1405,0.0385,0.13442714164288208,0.043859649122807015,strat_platt,iso,2026-09-14T00:20:00Z,2026-08-31 15:01:36,2026-08-31 15:01:23,live
WR,00-0036271,Quez Watkins,PHI,WAS,2026_01_WAS_PHI,2026,1,NA,NA,15,20,5.160504937508411,1.10315854864251,-3.7532932725243215,5.947375111931348,-5.329037492861541,7.2384116612975555,0.1405,0.0355,0.13442714164288208,0.043859649122807015,strat_platt,iso,2026-09-13T20:25:00Z,2026-08-31 15:01:36,2026-08-31 15:01:23,live
WR,00-0039392,Jha'Quan Jackson,TB,CIN,2026_01_TB_CIN,2026,1,NA,NA,15,20,5.144909399459651,1.0591599138272227,-3.7907101031807553,5.896811255036914,-5.36431876442162,7.186098101112992,0.1405,0.0365,0.13442714164288208,0.043859649122807015,strat_platt,iso,2026-09-13T17:00:00Z,2026-08-31 15:01:36,2026-08-31 15:01:23,live
WR,00-0040361,Stephen Gosnell,BUF,HOU,2026_01_BUF_HOU,2026,1,NA,NA,15,20,5.115865094276344,0.903577701032691,-3.9340052982971603,5.728972980256883,-5.503627263529406,7.014993452138527,0.1405,0.035,0.13442714164288208,0.0332425068119891,strat_platt,iso,2026-09-13T17:00:00Z,2026-08-31 15:01:36,2026-08-31 15:01:23,live
WR,00-0041309,Daniel Sobkowicz,HOU,BUF,2026_01_BUF_HOU,2026,1,NA,NA,15,20,5.115214372128236,0.8164906948250613,-4.020816580055513,5.641610944255224,-5.590349082605259,6.927558117697044,0.1405,0.031,0.13442714164288208,0.0332425068119891,strat_platt,iso,2026-09-13T17:00:00Z,2026-08-31 15:01:36,2026-08-31 15:01:23,live
WR,00-0038618,Xavier Hutchinson,HOU,BUF,2026_01_BUF_HOU,2026,1,NA,NA,15,20,5.149727819527364,0.9549715196334013,-3.8969331952064503,5.794652432493631,-5.471202042827571,7.084480181550856,0.14,0.0405,0.13392534815421794,0.05199698568198945,strat_platt,iso,2026-09-13T17:00:00Z,2026-08-31 15:01:36,2026-08-31 15:01:23,live
WR,00-0038976,Marvin Mims Jr.,DEN,KC,2026_01_DEN_KC,2026,1,NA,NA,15,20,5.150604160742229,0.7435648062707915,-4.108709852519453,5.583614731051242,-5.683098733667756,6.873540825809971,0.14,0.035,0.13392534815421794,0.0332425068119891,strat_platt,iso,2026-09-15T00:15:00Z,2026-08-31 15:01:36,2026-08-31 15:01:23,live
WR,00-0040053,Tyrone Broden,SEA,NE,2026_01_NE_SEA,2026,1,NA,NA,15,20,5.1367993672903784,1.0425223790067286,-3.8039205987775406,5.87675531501405,-5.376417308855606,7.165131118819589,0.14,0.0405,0.13392534815421794,0.05199698568198945,strat_platt,iso,2026-09-10T00:20:00Z,2026-08-31 15:01:36,2026-08-31 15:01:23,live
WR,00-0036955,Terrace Marshall Jr.,MIA,LV,2026_01_MIA_LV,2026,1,NA,NA,15,20,5.292151277257646,0.6996573022345663,-4.211921292771083,5.598861753953958,-5.805552171611482,6.904553175332766,0.1395,0.048,0.13342364353215436,0.05199698568198945,strat_platt,iso,2026-09-13T20:25:00Z,2026-08-31 15:01:36,2026-08-31 15:01:23,live
WR,00-0041152,Kobe Prentice,NYG,DAL,2026_01_DAL_NYG,2026,1,NA,NA,15,20,5.163023406439132,0.9430284032559136,-3.9144852604120426,5.788304133858866,-5.490574010510015,7.0796229628664875,0.1395,0.036,0.13342364353215436,0.043859649122807015,strat_platt,iso,2026-09-14T00:20:00Z,2026-08-31 15:01:36,2026-08-31 15:01:23,live
WR,00-0036182,Nick Westbrook-Ikhine,IND,BAL,2026_01_BAL_IND,2026,1,NA,NA,15,20,5.081540777656021,0.869037687503823,-3.953974877274203,5.679899240668461,-5.518869259720027,6.962046316037745,0.139,0.032,0.13292202812203827,0.0332425068119891,strat_platt,iso,2026-09-13T17:00:00Z,2026-08-31 15:01:36,2026-08-31 15:01:23,live
WR,00-0037745,Velus Jones Jr.,SEA,NE,2026_01_NE_SEA,2026,1,NA,NA,15,20,5.187413006891543,1.0752792514358287,-3.792502854911935,5.930797554587715,-5.371923345918784,7.224846140894055,0.139,0.0375,0.13292202812203827,0.043859649122807015,strat_platt,iso,2026-09-10T00:20:00Z,2026-08-31 15:01:36,2026-08-31 15:01:23,live
WR,00-0037801,KaVontae Turpin,DAL,NYG,2026_01_DAL_NYG,2026,1,NA,NA,15,20,5.134174520970828,1.4383647461786844,-3.4069684162323517,6.271490662861778,-4.979105031075374,7.559571433943293,0.139,0.039,0.13292202812203827,0.043859649122807015,strat_platt,iso,2026-09-14T00:20:00Z,2026-08-31 15:01:36,2026-08-31 15:01:23,live
WR,00-0040239,Kaden Prather,GB,MIN,2026_01_GB_MIN,2026,1,NA,NA,15,20,5.147204798209837,0.7805146231997774,-4.07032481418889,5.6191329424497845,-5.6442480175313134,6.908677498720313,0.139,0.0415,0.13292202812203827,0.05199698568198945,strat_platt,iso,2026-09-13T20:25:00Z,2026-08-31 15:01:36,2026-08-31 15:01:23,live
WR,00-0038824,Ryan Miller,MIA,LV,2026_01_MIA_LV,2026,1,NA,NA,15,20,5.2415376376564815,0.6791410744032733,-4.211333659952718,5.55729483416216,-5.79811709385388,6.857376016536293,0.1385,0.0395,0.1324205022711851,0.043859649122807015,strat_platt,iso,2026-09-13T20:25:00Z,2026-08-31 15:01:36,2026-08-31 15:01:23,live
WR,00-0039415,Brenden Rice,GB,MIN,2026_01_GB_MIN,2026,1,NA,NA,15,20,5.165843672473685,0.9080113893864323,-3.9506910218999973,5.754472872698365,-5.527165477912129,7.046107717735783,0.1385,0.0305,0.1324205022711851,0.0332425068119891,strat_platt,iso,2026-09-13T20:25:00Z,2026-08-31 15:01:36,2026-08-31 15:01:23,live
WR,00-0041044,Zachariah Branch,ATL,PIT,2026_01_ATL_PIT,2026,1,NA,NA,15,20,5.160458145629382,0.7902364989994541,-4.06619559096471,5.634433380796064,-5.641933409235213,6.925464684829929,0.1385,0.0335,0.1324205022711851,0.0332425068119891,strat_platt,iso,2026-09-13T17:00:00Z,2026-08-31 15:01:36,2026-08-31 15:01:23,live
WR,00-0041489,Germie Bernard,PIT,ATL,2026_01_ATL_PIT,2026,1,NA,NA,15,20,5.2415376376564815,0.9187350109509083,-3.971739723405083,5.796888770709796,-5.558523157306245,7.096969953083928,0.1385,0.0395,0.1324205022711851,0.043859649122807015,strat_platt,iso,2026-09-13T17:00:00Z,2026-08-31 15:01:36,2026-08-31 15:01:23,live
WR,00-0037231,Kevin Austin Jr.,NO,DET,2026_01_NO_DET,2026,1,NA,NA,15,20,5.150378541675472,0.8010032394596115,-4.05117617846187,5.64095816331944,-5.625534157368367,6.930858939296661,0.138,0.0405,0.13191906632889877,0.05199698568198945,strat_platt,iso,2026-09-13T17:00:00Z,2026-08-31 15:01:36,2026-08-31 15:01:23,live
WR,00-0040049,Josh Kelly,HOU,BUF,2026_01_BUF_HOU,2026,1,NA,NA,15,20,5.115214372128236,0.8164906948250613,-4.020816580055513,5.641610944255224,-5.590349082605259,6.927558117697044,0.138,0.0395,0.13191906632889877,0.043859649122807015,strat_platt,iso,2026-09-13T17:00:00Z,2026-08-31 15:01:36,2026-08-31 15:01:23,live
WR,00-0040120,Jimmy Holiday,KC,DEN,2026_01_DEN_KC,2026,1,NA,NA,15,20,5.115865094276344,0.8795069492360232,-3.958076050093828,5.704902228460216,-5.527698015326074,6.9909227003418595,0.138,0.039,0.13191906632889877,0.043859649122807015,strat_platt,iso,2026-09-15T00:15:00Z,2026-08-31 15:01:36,2026-08-31 15:01:23,live
WR,00-0040553,Quincy Skinner Jr.,NYJ,TEN,2026_01_NYJ_TEN,2026,1,NA,NA,15,20,5.181392418643416,0.8308416884559615,-4.034408127618185,5.683834081141066,-5.6130069813660235,6.977209484758227,0.138,0.037,0.13191906632889877,0.043859649122807015,strat_platt,iso,2026-09-13T17:00:00Z,2026-08-31 15:01:36,2026-08-31 15:01:23,live
WR,00-0041022,Jonathan Brady,LV,MIA,2026_01_MIA_LV,2026,1,NA,NA,15,20,5.27572525809006,0.8780897619353765,-4.026652098801126,5.770474703731687,-5.618064702878942,7.074348651336472,0.138,0.0425,0.13191906632889877,0.05199698568198945,strat_platt,iso,2026-09-13T20:25:00Z,2026-08-31 15:01:36,2026-08-31 15:01:23,live
WR,00-0041257,Eric Rivers Jr.,TB,CIN,2026_01_TB_CIN,2026,1,NA,NA,15,20,5.126270525195803,0.9998680672478892,-3.8421213018319866,5.829658614892951,-5.413172975814974,7.1168504737473866,0.138,0.0385,0.13191906632889877,0.043859649122807015,strat_platt,iso,2026-09-13T17:00:00Z,2026-08-31 15:01:36,2026-08-31 15:01:23,live
WR,00-0039747,Ainias Smith,CAR,CHI,2026_01_CHI_CAR,2026,1,NA,NA,15,20,5.171312814689506,0.8368777123371655,-4.0241289326377405,5.685637624092423,-5.601351029736539,6.977885025378651,0.1375,0.0435,0.13141772064649263,0.05199698568198945,strat_platt,iso,2026-09-13T17:00:00Z,2026-08-31 15:01:36,2026-08-31 15:01:23,live
WR,00-0041051,Zavion Thomas,CHI,CAR,2026_01_CHI_CAR,2026,1,NA,NA,15,20,5.124326221772258,1.0399909323977663,-3.801175461170704,5.86896057792121,-5.371960109153366,7.155933657406759,0.1375,0.0355,0.13141772064649263,0.043859649122807015,strat_platt,iso,2026-09-13T17:00:00Z,2026-08-31 15:01:36,2026-08-31 15:01:23,live
WR,00-0034775,Christian Kirk,SF,LA,2026_01_SF_LA,2026,1,NA,NA,15,20,5.221514618268373,0.9445368331025786,-3.9375580662161958,5.814331869830798,-5.5216225445684275,7.112185361349735,0.137,0.041,0.13091646557731026,0.05199698568198945,strat_platt,iso,2026-09-11T00:35:00Z,2026-08-31 15:01:36,2026-08-31 15:01:23,live
WR,00-0037666,Jalen Tolbert,MIA,LV,2026_01_MIA_LV,2026,1,NA,NA,15,20,5.266444383533022,0.804398638551965,-4.096475199978349,5.692925303168069,-5.6866327697512915,6.995770977822594,0.137,0.035,0.13091646557731026,0.0332425068119891,strat_platt,iso,2026-09-13T20:25:00Z,2026-08-31 15:01:36,2026-08-31 15:01:23,live
WR,00-0038977,Tank Dell,HOU,BUF,2026_01_BUF_HOU,2026,1,NA,NA,15,20,5.1658280117294,0.8550838417452192,-4.003611969496152,5.701538741640129,-5.58008428403067,6.993171832125105,0.137,0.0355,0.13091646557731026,0.043859649122807015,strat_platt,iso,2026-09-13T17:00:00Z,2026-08-31 15:01:36,2026-08-31 15:01:23,live
WR,00-0039394,Casey Washington,CAR,CHI,2026_01_CHI_CAR,2026,1,NA,NA,15,20,5.1367993672903784,1.090172531240671,-3.7562704465435983,5.924405467247992,-5.328767156621663,7.212781271053532,0.137,0.038,0.13091646557731026,0.043859649122807015,strat_platt,iso,2026-09-13T17:00:00Z,2026-08-31 15:01:36,2026-08-31 15:01:23,live
WR,00-0040646,Jalen Royals,KC,DEN,2026_01_DEN_KC,2026,1,NA,NA,15,20,5.150378541675472,0.8766975409566933,-3.9754818769647886,5.716652464816521,-5.549839855871285,7.0065532407937425,0.137,0.03,0.13091646557731026,0.0332425068119891,strat_platt,iso,2026-09-15T00:15:00Z,2026-08-31 15:01:36,2026-08-31 15:01:23,live
WR,00-0041035,De'Zhaun Stribling,SF,LA,2026_01_SF_LA,2026,1,NA,NA,15,20,5.115865094276344,0.8022411849235027,-4.035341814406348,5.627636464147695,-5.604963779638594,6.913656936029339,0.137,0.037,0.13091646557731026,0.043859649122807015,strat_platt,iso,2026-09-11T00:35:00Z,2026-08-31 15:01:36,2026-08-31 15:01:23,live
WR,00-0038647,Ronnie Bell,NO,DET,2026_01_NO_DET,2026,1,NA,NA,15,20,5.1345039685401925,0.9203663010148033,-3.925106172820748,5.753631178143701,-5.497287989218339,7.041748983699646,0.1365,0.0335,0.13041530147674676,0.0332425068119891,strat_platt,iso,2026-09-13T17:00:00Z,2026-08-31 15:01:36,2026-08-31 15:01:23,live
WR,00-0034854,KhaDarel Hodge,SF,LA,2026_01_SF_LA,2026,1,NA,NA,15,20,5.1345039685401925,0.7935614775953598,-4.051910996240191,5.626826354724258,-5.624092812637782,6.914944160280203,0.136,0.037,0.12991422870227012,0.043859649122807015,strat_platt,iso,2026-09-11T00:35:00Z,2026-08-31 15:01:36,2026-08-31 15:01:23,live
WR,00-0041100,Josh Cameron,JAX,CLE,2026_01_CLE_JAX,2026,1,NA,NA,15,20,5.083672945695951,1.0299811527889342,-3.793938081949148,5.841747091665544,-5.35912664623841,7.124135195691087,0.136,0.034,0.12991422870227012,0.0332425068119891,strat_platt,iso,2026-09-13T17:00:00Z,2026-08-31 15:01:36,2026-08-31 15:01:23,live
WR,00-0039365,Jacob Cowing,SF,LA,2026_01_SF_LA,2026,1,NA,NA,15,20,5.150378541675472,0.7989105142881074,-4.0532689036333744,5.638865438147936,-5.627626882539872,6.928766214125156,0.1355,0.0415,0.12941324761344336,0.05199698568198945,strat_platt,iso,2026-09-11T00:35:00Z,2026-08-31 15:01:36,2026-08-31 15:01:23,live
WR,00-0041067,Bryce Lance,NO,DET,2026_01_NO_DET,2026,1,NA,NA,15,20,5.115865094276344,0.7935610277531855,-4.044021971576665,5.618956306977378,-5.613643936808911,6.904976778859021,0.1355,0.03,0.12941324761344336,0.0332425068119891,strat_platt,iso,2026-09-13T17:00:00Z,2026-08-31 15:01:36,2026-08-31 15:01:23,live
WR,00-0041176,Jaden Bradley,WAS,PHI,2026_01_WAS_PHI,2026,1,NA,NA,15,20,5.1367993672903784,0.706441946993605,-4.140001030790664,5.540674883000927,-5.712497740868729,6.829050686806466,0.1355,0.03,0.12941324761344336,0.0332425068119891,strat_platt,iso,2026-09-13T20:25:00Z,2026-08-31 15:01:36,2026-08-31 15:01:23,live
WR,00-0035298,Scott Miller,CHI,CAR,2026_01_CHI_CAR,2026,1,NA,NA,15,20,5.063320188455334,1.032597788695009,-3.7826581865251896,5.835722294114851,-5.345035834199342,7.115807361873158,0.135,0.037,0.12891235857194636,0.043859649122807015,strat_platt,iso,2026-09-13T17:00:00Z,2026-08-31 15:01:36,2026-08-31 15:01:23,live
WR,00-0036775,Brandon Smith,PIT,ATL,2026_01_ATL_PIT,2026,1,NA,NA,15,20,5.2415376376564815,0.9187350109509083,-3.971739723405083,5.796888770709796,-5.558523157306245,7.096969953083928,0.135,0.0415,0.12891235857194636,0.05199698568198945,strat_platt,iso,2026-09-13T17:00:00Z,2026-08-31 15:01:36,2026-08-31 15:01:23,live
WR,00-0037742,Treylon Burks,WAS,PHI,2026_01_WAS_PHI,2026,1,NA,NA,15,20,5.171538433756263,0.7447366173888648,-4.116365055473286,5.593591317619807,-5.693617985709034,6.885863981068651,0.135,0.041,0.12891235857194636,0.05199698568198945,strat_platt,iso,2026-09-13T20:25:00Z,2026-08-31 15:01:36,2026-08-31 15:01:23,live
WR,00-0040323,Chandler Brayboy,JAX,CLE,2026_01_CLE_JAX,2026,1,NA,NA,15,20,5.083672945695951,1.0299811527889342,-3.793938081949148,5.841747091665544,-5.35912664623841,7.124135195691087,0.135,0.0335,0.12891235857194636,0.0332425068119891,strat_platt,iso,2026-09-13T17:00:00Z,2026-08-31 15:01:36,2026-08-31 15:01:23,live
WR,00-0040934,Jordan Hudson,DAL,NYG,2026_01_DAL_NYG,2026,1,NA,NA,15,20,5.134174520970828,1.089039093462749,-3.7562940689482867,5.922165010145843,-5.328430683791309,7.210245781227358,0.135,0.0415,0.12891235857194636,0.05199698568198945,strat_platt,iso,2026-09-14T00:20:00Z,2026-08-31 15:01:36,2026-08-31 15:01:23,live
WR,00-0038728,Jared Wayne,HOU,BUF,2026_01_BUF_HOU,2026,1,NA,NA,15,20,5.115214372128236,0.8164906948250613,-4.020816580055513,5.641610944255224,-5.590349082605259,6.927558117697044,0.1345,0.031,0.1284115619415986,0.0332425068119891,strat_platt,iso,2026-09-13T17:00:00Z,2026-08-31 15:01:36,2026-08-31 15:01:23,live
WR,00-0039679,Ben Nikkel,IND,BAL,2026_01_BAL_IND,2026,1,NA,NA,15,20,5.181392418643416,0.8708897380257705,-3.994360078048377,5.723882130710876,-5.572958931796215,7.017257534328036,0.1345,0.0395,0.1284115619415986,0.043859649122807015,strat_platt,iso,2026-09-13T17:00:00Z,2026-08-31 15:01:36,2026-08-31 15:01:23,live
WR,00-0040317,Jacoby Jones,WAS,PHI,2026_01_WAS_PHI,2026,1,NA,NA,15,20,5.1367993672903784,0.706441946993605,-4.140001030790664,5.540674883000927,-5.712497740868729,6.829050686806466,0.1345,0.03,0.1284115619415986,0.0332425068119891,strat_platt,iso,2026-09-13T20:25:00Z,2026-08-31 15:01:36,2026-08-31 15:01:23,live
WR,00-0040438,Antwane Wells Jr.,ATL,PIT,2026_01_ATL_PIT,2026,1,NA,NA,15,20,5.160458145629382,0.7902364989994541,-4.06619559096471,5.634433380796064,-5.641933409235213,6.925464684829929,0.1345,0.033,0.1284115619415986,0.0332425068119891,strat_platt,iso,2026-09-13T17:00:00Z,2026-08-31 15:01:36,2026-08-31 15:01:23,live
WR,00-0035406,Lil'Jordan Humphrey,DEN,KC,2026_01_DEN_KC,2026,1,NA,NA,15,20,5.1345039685401925,0.8759578383550172,-3.969514635480534,5.709222715483915,-5.541696451878125,6.99734052103986,0.134,0.042,0.12791085808838173,0.05199698568198945,strat_platt,iso,2026-09-15T00:15:00Z,2026-08-31 15:01:36,2026-08-31 15:01:23,live
WR,00-0037055,Lance McCutcheon,TEN,NYJ,2026_01_NYJ_TEN,2026,1,NA,NA,15,20,5.141866063244563,0.7154299782964412,-4.133154372267145,5.551798892146791,-5.706345880915205,6.840743957344334,0.134,0.0365,0.12791085808838173,0.043859649122807015,strat_platt,iso,2026-09-13T17:00:00Z,2026-08-31 15:01:36,2026-08-31 15:01:23,live
WR,00-0040522,Xavier Restrepo,TEN,NYJ,2026_01_NYJ_TEN,2026,1,NA,NA,15,20,5.141866063244563,0.7154299782964412,-4.133154372267145,5.551798892146791,-5.706345880915205,6.840743957344334,0.134,0.0405,0.12791085808838173,0.05199698568198945,strat_platt,iso,2026-09-13T17:00:00Z,2026-08-31 15:01:36,2026-08-31 15:01:23,live
WR,00-0041435,Dean Patterson IV,TB,CIN,2026_01_TB_CIN,2026,1,NA,NA,15,20,5.126270525195803,0.9998680672478892,-3.8421213018319866,5.829658614892951,-5.413172975814974,7.1168504737473866,0.134,0.0425,0.12791085808838173,0.05199698568198945,strat_platt,iso,2026-09-13T17:00:00Z,2026-08-31 15:01:36,2026-08-31 15:01:23,live
WR,00-0034487,Trent Sherfield,BUF,HOU,2026_01_BUF_HOU,2026,1,NA,NA,15,20,5.115865094276344,0.903577701032691,-3.9340052982971603,5.728972980256883,-5.503627263529406,7.014993452138527,0.1335,0.041,0.1274102473804629,0.05199698568198945,strat_platt,iso,2026-09-13T17:00:00Z,2026-08-31 15:01:36,2026-08-31 15:01:23,live
WR,00-0036463,Chris Blair,ATL,PIT,2026_01_ATL_PIT,2026,1,NA,NA,15,20,5.160458145629382,0.7902364989994541,-4.06619559096471,5.634433380796064,-5.641933409235213,6.925464684829929,0.1335,0.0335,0.1274102473804629,0.0332425068119891,strat_platt,iso,2026-09-13T17:00:00Z,2026-08-31 15:01:36,2026-08-31 15:01:23,live
WR,00-0038492,Jason Brownlee,KC,DEN,2026_01_DEN_KC,2026,1,NA,NA,15,20,5.115865094276344,0.8795069492360232,-3.958076050093828,5.704902228460216,-5.527698015326074,6.9909227003418595,0.1335,0.0295,0.1274102473804629,0.0332425068119891,strat_platt,iso,2026-09-15T00:15:00Z,2026-08-31 15:01:36,2026-08-31 15:01:23,live
WR,00-0038496,Xavier Gipson,NYG,DAL,2026_01_DAL_NYG,2026,1,NA,NA,15,20,5.163023406439132,0.9430284032559136,-3.9144852604120426,5.788304133858866,-5.490574010510015,7.0796229628664875,0.1335,0.039,0.1274102473804629,0.043859649122807015,strat_platt,iso,2026-09-14T00:20:00Z,2026-08-31 15:01:36,2026-08-31 15:01:23,live
WR,00-0040131,Kyle Williams,NE,SEA,2026_01_NE_SEA,2026,1,NA,NA,15,20,5.12135813306013,0.9138450725904755,-3.926064670071512,5.741561233191259,-5.496441579961471,7.028200245273321,0.1335,0.0375,0.1274102473804629,0.043859649122807015,strat_platt,iso,2026-09-10T00:20:00Z,2026-08-31 15:01:36,2026-08-31 15:01:23,live
WR,00-0038621,DeMario Douglas,NE,SEA,2026_01_NE_SEA,2026,1,NA,NA,15,20,5.123896815121942,0.9623259112659437,-3.878658701863497,5.791114234324744,-5.449384368621446,7.078038989395806,0.133,0.035,0.12690973018821797,0.0332425068119891,strat_platt,iso,2026-09-10T00:20:00Z,2026-08-31 15:01:36,2026-08-31 15:01:23,live
WR,00-0040352,Coleman Owen,IND,BAL,2026_01_BAL_IND,2026,1,NA,NA,15,20,5.181392418643416,0.8708897380257705,-3.994360078048377,5.723882130710876,-5.572958931796215,7.017257534328036,0.133,0.0425,0.12690973018821797,0.05199698568198945,strat_platt,iso,2026-09-13T17:00:00Z,2026-08-31 15:01:36,2026-08-31 15:01:23,live
WR,00-0041272,Ja'Mori Maclin,BUF,HOU,2026_01_BUF_HOU,2026,1,NA,NA,15,20,5.115865094276344,0.903577701032691,-3.9340052982971603,5.728972980256883,-5.503627263529406,7.014993452138527,0.133,0.035,0.12690973018821797,0.0332425068119891,strat_platt,iso,2026-09-13T17:00:00Z,2026-08-31 15:01:36,2026-08-31 15:01:23,live
WR,00-0038953,Dylan Drummond,ATL,PIT,2026_01_ATL_PIT,2026,1,NA,NA,15,20,5.17909701989323,0.7931008119313946,-4.0711831200773165,5.645129753982108,-5.6494685791309065,6.938248387496969,0.1325,0.037,0.12640930688425564,0.043859649122807015,strat_platt,iso,2026-09-13T17:00:00Z,2026-08-31 15:01:36,2026-08-31 15:01:23,live
WR,00-0040616,Kisean Johnson,GB,MIN,2026_01_GB_MIN,2026,1,NA,NA,15,20,5.147204798209837,0.7805146231997774,-4.07032481418889,5.6191329424497845,-5.6442480175313134,6.908677498720313,0.1325,0.033,0.12640930688425564,0.0332425068119891,strat_platt,iso,2026-09-13T20:25:00Z,2026-08-31 15:01:36,2026-08-31 15:01:23,live
WR,00-0041220,Michael Wortham,JAX,CLE,2026_01_CLE_JAX,2026,1,NA,NA,15,20,5.083672945695951,1.0299811527889342,-3.793938081949148,5.841747091665544,-5.35912664623841,7.124135195691087,0.1325,0.034,0.12640930688425564,0.0332425068119891,strat_platt,iso,2026-09-13T17:00:00Z,2026-08-31 15:01:36,2026-08-31 15:01:23,live
WR,00-0041311,Jalen Walthall,NYJ,TEN,2026_01_NYJ_TEN,2026,1,NA,NA,15,20,5.181392418643416,0.8308416884559615,-4.034408127618185,5.683834081141066,-5.6130069813660235,6.977209484758227,0.1325,0.037,0.12640930688425564,0.043859649122807015,strat_platt,iso,2026-09-13T17:00:00Z,2026-08-31 15:01:36,2026-08-31 15:01:23,live
WR,00-0041361,Will Pauling,SF,LA,2026_01_SF_LA,2026,1,NA,NA,15,20,5.115865094276344,0.8022411849235027,-4.035341814406348,5.627636464147695,-5.604963779638594,6.913656936029339,0.1325,0.0355,0.12640930688425564,0.043859649122807015,strat_platt,iso,2026-09-11T00:35:00Z,2026-08-31 15:01:36,2026-08-31 15:01:23,live
WR,00-0041467,Lewis Bond,HOU,BUF,2026_01_BUF_HOU,2026,1,NA,NA,15,20,5.115214372128236,0.8164906948250613,-4.020816580055513,5.641610944255224,-5.590349082605259,6.927558117697044,0.1325,0.033,0.12640930688425564,0.0332425068119891,strat_platt,iso,2026-09-13T17:00:00Z,2026-08-31 15:01:36,2026-08-31 15:01:23,live
WR,00-0036145,Lawrence Cager,WAS,PHI,2026_01_WAS_PHI,2026,1,NA,NA,15,20,5.1367993672903784,0.706441946993605,-4.140001030790664,5.540674883000927,-5.712497740868729,6.829050686806466,0.132,0.0395,0.12590897784344138,0.043859649122807015,strat_platt,iso,2026-09-13T20:25:00Z,2026-08-31 15:01:36,2026-08-31 15:01:23,live
WR,00-0035891,Cody White,SEA,NE,2026_01_NE_SEA,2026,1,NA,NA,15,20,5.1367993672903784,1.0425223790067286,-3.8039205987775406,5.87675531501405,-5.376417308855606,7.165131118819589,0.1315,0.0395,0.12540874344292188,0.043859649122807015,strat_platt,iso,2026-09-10T00:20:00Z,2026-08-31 15:01:36,2026-08-31 15:01:23,live
WR,00-0037387,Jalen Virgil,BUF,HOU,2026_01_BUF_HOU,2026,1,NA,NA,15,20,5.115865094276344,0.903577701032691,-3.9340052982971603,5.728972980256883,-5.503627263529406,7.014993452138527,0.1315,0.0355,0.12540874344292188,0.043859649122807015,strat_platt,iso,2026-09-13T17:00:00Z,2026-08-31 15:01:36,2026-08-31 15:01:23,live
WR,00-0038632,Colton Dowell,SF,LA,2026_01_SF_LA,2026,1,NA,NA,15,20,5.1345039685401925,0.9290780830139824,-3.916394390821569,5.762342960142881,-5.488576207219159,7.0504607656988245,0.1315,0.0295,0.12540874344292188,0.0332425068119891,strat_platt,iso,2026-09-11T00:35:00Z,2026-08-31 15:01:36,2026-08-31 15:01:23,live
WR,00-0040729,Jack Bech,LV,MIA,2026_01_MIA_LV,2026,1,NA,NA,15,20,5.291825450292096,0.8172208594918651,-4.094222235808963,5.716290152881968,-5.6878091498609535,7.021945553091866,0.1315,0.04,0.12540874344292188,0.043859649122807015,strat_platt,iso,2026-09-13T20:25:00Z,2026-08-31 15:01:36,2026-08-31 15:01:23,live
WR,00-0037741,Jahan Dotson,ATL,PIT,2026_01_ATL_PIT,2026,1,NA,NA,15,20,5.137712730160947,0.7867634304029532,-4.060065654355955,5.621381500633905,-5.632687642282153,6.909859946910652,0.131,0.0375,0.12490860406215021,0.043859649122807015,strat_platt,iso,2026-09-13T17:00:00Z,2026-08-31 15:01:36,2026-08-31 15:01:23,live
WR,00-0040582,Arian Smith,NYJ,TEN,2026_01_NYJ_TEN,2026,1,NA,NA,15,20,5.181392418643416,0.8286572069707205,-4.036592609103427,5.681649599655826,-5.615191462851265,6.975025003272986,0.131,0.036,0.12490860406215021,0.043859649122807015,strat_platt,iso,2026-09-13T17:00:00Z,2026-08-31 15:01:36,2026-08-31 15:01:23,live
WR,00-0041274,Max Tomczak,BUF,HOU,2026_01_BUF_HOU,2026,1,NA,NA,15,20,5.115865094276344,0.903577701032691,-3.9340052982971603,5.728972980256883,-5.503627263529406,7.014993452138527,0.131,0.0415,0.12490860406215021,0.05199698568198945,strat_platt,iso,2026-09-13T17:00:00Z,2026-08-31 15:01:36,2026-08-31 15:01:23,live
WR,00-0041308,Treyvhon Saunders,HOU,BUF,2026_01_BUF_HOU,2026,1,NA,NA,15,20,5.115214372128236,0.8164906948250613,-4.020816580055513,5.641610944255224,-5.590349082605259,6.927558117697044,0.131,0.037,0.12490860406215021,0.043859649122807015,strat_platt,iso,2026-09-13T17:00:00Z,2026-08-31 15:01:36,2026-08-31 15:01:23,live
WR,00-0041359,Wesley Grimes,SF,LA,2026_01_SF_LA,2026,1,NA,NA,15,20,5.115865094276344,0.8022411849235027,-4.035341814406348,5.627636464147695,-5.604963779638594,6.913656936029339,0.131,0.033,0.12490860406215021,0.0332425068119891,strat_platt,iso,2026-09-11T00:35:00Z,2026-08-31 15:01:36,2026-08-31 15:01:23,live
WR,00-0041575,Jeff Weimer,KC,DEN,2026_01_DEN_KC,2026,1,NA,NA,15,20,5.115865094276344,0.8795069492360232,-3.958076050093828,5.704902228460216,-5.527698015326074,6.9909227003418595,0.131,0.0395,0.12490860406215021,0.043859649122807015,strat_platt,iso,2026-09-15T00:15:00Z,2026-08-31 15:01:36,2026-08-31 15:01:23,live
WR,00-0033589,David Moore,CAR,CHI,2026_01_CHI_CAR,2026,1,NA,NA,15,20,5.155438241554227,0.9674794556565813,-3.8868352669978994,5.809564304600848,-5.461886075611266,7.100032728843891,0.1305,0.0335,0.1244085600829107,0.0332425068119891,strat_platt,iso,2026-09-13T17:00:00Z,2026-08-31 15:01:36,2026-08-31 15:01:23,live
WR,00-0036415,Van Jefferson,WAS,PHI,2026_01_WAS_PHI,2026,1,NA,NA,15,20,5.187413006891543,0.8054009121517349,-4.062381194196028,5.660919215303622,-5.641801685202878,6.954967801609961,0.1305,0.036,0.1244085600829107,0.043859649122807015,strat_platt,iso,2026-09-13T20:25:00Z,2026-08-31 15:01:36,2026-08-31 15:01:23,live
WR,00-0038090,Skyy Moore,GB,MIN,2026_01_GB_MIN,2026,1,NA,NA,15,20,5.1978184378110015,0.818892762935041,-4.053262099485961,5.678772805516707,-5.6341013928125045,6.973983842954016,0.13,0.0335,0.12390861188934475,0.0332425068119891,strat_platt,iso,2026-09-13T20:25:00Z,2026-08-31 15:01:36,2026-08-31 15:01:23,live
WR,00-0039355,Luke McCaffrey,WAS,PHI,2026_01_WAS_PHI,2026,1,NA,NA,15,20,5.152899559492415,1.054180493557565,-3.799062994028784,5.895196806284174,-5.373766225330691,7.185380453970825,0.13,0.038,0.12390861188934475,0.043859649122807015,strat_platt,iso,2026-09-13T20:25:00Z,2026-08-31 15:01:36,2026-08-31 15:01:23,live
WR,00-0040138,Jaylin Noel,HOU,BUF,2026_01_BUF_HOU,2026,1,NA,NA,15,20,5.131314564330272,1.134149932105134,-3.709973651025149,5.966069316899887,-5.28171780082767,7.253828534073669,0.13,0.027,0.12390861188934475,0.0332425068119891,strat_platt,iso,2026-09-13T17:00:00Z,2026-08-31 15:01:36,2026-08-31 15:01:23,live
WR,00-0040753,Will Sheppard,GB,MIN,2026_01_GB_MIN,2026,1,NA,NA,15,20,5.147204798209837,0.7805146231997774,-4.07032481418889,5.6191329424497845,-5.6442480175313134,6.908677498720313,0.13,0.033,0.12390861188934475,0.0332425068119891,strat_platt,iso,2026-09-13T20:25:00Z,2026-08-31 15:01:36,2026-08-31 15:01:23,live
WR,00-0041040,Antonio Williams,WAS,PHI,2026_01_WAS_PHI,2026,1,NA,NA,15,20,5.1367993672903784,0.706441946993605,-4.140001030790664,5.540674883000927,-5.712497740868729,6.829050686806466,0.13,0.041,0.12390861188934475,0.05199698568198945,strat_platt,iso,2026-09-13T20:25:00Z,2026-08-31 15:01:36,2026-08-31 15:01:23,live
WR,00-0041319,Cameron Dorner,NE,SEA,2026_01_NE_SEA,2026,1,NA,NA,15,20,5.105257940858094,0.6115097559311569,-4.2215763563296695,5.432419477463195,-5.7897392431916455,6.717244499296477,0.13,0.027,0.12390861188934475,0.0332425068119891,strat_platt,iso,2026-09-10T00:20:00Z,2026-08-31 15:01:36,2026-08-31 15:01:23,live
WR,00-0040298,Andrew Armstrong,KC,DEN,2026_01_DEN_KC,2026,1,NA,NA,15,20,5.115865094276344,0.8795069492360232,-3.958076050093828,5.704902228460216,-5.527698015326074,6.9909227003418595,0.1295,0.0345,0.12340875986797696,0.0332425068119891,strat_platt,iso,2026-09-15T00:15:00Z,2026-08-31 15:01:36,2026-08-31 15:01:23,live
WR,00-0040405,Jamaal Pritchett,NYJ,TEN,2026_01_NYJ_TEN,2026,1,NA,NA,15,20,5.181392418643416,0.8308416884559615,-4.034408127618185,5.683834081141066,-5.6130069813660235,6.977209484758227,0.1295,0.0395,0.12340875986797696,0.043859649122807015,strat_platt,iso,2026-09-13T17:00:00Z,2026-08-31 15:01:36,2026-08-31 15:01:23,live
WR,00-0039052,Trey Palmer,NO,DET,2026_01_NO_DET,2026,1,NA,NA,15,20,5.1345039685401925,0.9203663010148033,-3.925106172820748,5.753631178143701,-5.497287989218339,7.041748983699646,0.129,0.0305,0.12290900440774119,0.0332425068119891,strat_platt,iso,2026-09-13T17:00:00Z,2026-08-31 15:01:36,2026-08-31 15:01:23,live
WR,00-0040954,Omari Evans,KC,DEN,2026_01_DEN_KC,2026,1,NA,NA,15,20,5.115865094276344,0.8795069492360232,-3.958076050093828,5.704902228460216,-5.527698015326074,6.9909227003418595,0.129,0.032,0.12290900440774119,0.0332425068119891,strat_platt,iso,2026-09-15T00:15:00Z,2026-08-31 15:01:36,2026-08-31 15:01:23,live
WR,00-0041099,Barion Brown,NO,DET,2026_01_NO_DET,2026,1,NA,NA,15,20,5.115865094276344,0.7935610277531855,-4.044021971576665,5.618956306977378,-5.613643936808911,6.904976778859021,0.129,0.0375,0.12290900440774119,0.043859649122807015,strat_platt,iso,2026-09-13T17:00:00Z,2026-08-31 15:01:36,2026-08-31 15:01:23,live
WR,00-0041106,C.J. Williams,JAX,CLE,2026_01_CLE_JAX,2026,1,NA,NA,15,20,5.083672945695951,1.0299811527889342,-3.793938081949148,5.841747091665544,-5.35912664623841,7.124135195691087,0.1285,0.0315,0.12240934590000754,0.0332425068119891,strat_platt,iso,2026-09-13T17:00:00Z,2026-08-31 15:01:36,2026-08-31 15:01:23,live
WR,00-0041443,Skyler Bell,BUF,HOU,2026_01_BUF_HOU,2026,1,NA,NA,15,20,5.115865094276344,0.903577701032691,-3.9340052982971603,5.728972980256883,-5.503627263529406,7.014993452138527,0.1285,0.031,0.12240934590000754,0.0332425068119891,strat_platt,iso,2026-09-13T17:00:00Z,2026-08-31 15:01:36,2026-08-31 15:01:23,live
WR,00-0040164,Jaylin Lane,WAS,PHI,2026_01_WAS_PHI,2026,1,NA,NA,15,20,5.1367993672903784,0.6948342092932098,-4.15160876849106,5.529067145300531,-5.7241054785691245,6.817442949106071,0.128,0.0365,0.12190978473860964,0.043859649122807015,strat_platt,iso,2026-09-13T20:25:00Z,2026-08-31 15:01:36,2026-08-31 15:01:23,live
WR,00-0041205,Brady Boyd,JAX,CLE,2026_01_CLE_JAX,2026,1,NA,NA,15,20,5.083672945695951,1.0299811527889342,-3.793938081949148,5.841747091665544,-5.35912664623841,7.124135195691087,0.128,0.0335,0.12190978473860964,0.0332425068119891,strat_platt,iso,2026-09-13T17:00:00Z,2026-08-31 15:01:36,2026-08-31 15:01:23,live
WR,00-0041451,Brock Rechsteiner,NO,DET,2026_01_NO_DET,2026,1,NA,NA,15,20,5.115865094276344,0.7935610277531855,-4.044021971576665,5.618956306977378,-5.613643936808911,6.904976778859021,0.128,0.0345,0.12190978473860964,0.0332425068119891,strat_platt,iso,2026-09-13T17:00:00Z,2026-08-31 15:01:36,2026-08-31 15:01:23,live
WR,00-0041523,Caleb Douglas,MIA,LV,2026_01_MIA_LV,2026,1,NA,NA,15,20,5.2415376376564815,0.6791410744032733,-4.211333659952718,5.55729483416216,-5.79811709385388,6.857376016536293,0.128,0.045,0.12190978473860964,0.05199698568198945,strat_platt,iso,2026-09-13T20:25:00Z,2026-08-31 15:01:36,2026-08-31 15:01:23,live
WR,00-0040571,Gee Scott Jr.,NYJ,TEN,2026_01_NYJ_TEN,2026,1,NA,NA,15,20,5.181392418643416,0.8308416884559615,-4.034408127618185,5.683834081141066,-5.6130069813660235,6.977209484758227,0.1275,0.0345,0.1214103213198719,0.0332425068119891,strat_platt,iso,2026-09-13T17:00:00Z,2026-08-31 15:01:36,2026-08-31 15:01:23,live
WR,00-0033375,Tim Patrick,NYJ,TEN,2026_01_NYJ_TEN,2026,1,NA,NA,15,20,5.181392418643416,0.9671098861084372,-3.8981399299657102,5.820102278793542,-5.476738783713548,7.113477682410703,0.127,0.0365,0.12091095604263799,0.043859649122807015,strat_platt,iso,2026-09-13T17:00:00Z,2026-08-31 15:01:36,2026-08-31 15:01:23,live
WR,00-0037132,Britain Covey,PHI,WAS,2026_01_WAS_PHI,2026,1,NA,NA,15,20,5.141866063244563,1.0435506737759375,-3.8050336767876494,5.879919587626286,-5.378225185435708,7.16886465282383,0.127,0.0385,0.12091095604263799,0.043859649122807015,strat_platt,iso,2026-09-13T20:25:00Z,2026-08-31 15:01:36,2026-08-31 15:01:23,live
WR,00-0040134,Pat Bryant,DEN,KC,2026_01_DEN_KC,2026,1,NA,NA,15,20,5.166478733877509,0.881412804696147,-3.9775572367942846,5.728141243949331,-5.554118529196989,7.019847235656746,0.127,0.036,0.12091095604263799,0.043859649122807015,strat_platt,iso,2026-09-15T00:15:00Z,2026-08-31 15:01:36,2026-08-31 15:01:23,live
WR,00-0040265,Ja'Seem Reed,CAR,CHI,2026_01_CHI_CAR,2026,1,NA,NA,15,20,5.1367993672903784,0.84001219775325,-4.006430780031019,5.6742451337605715,-5.578927490109084,6.962620937566111,0.127,0.0285,0.12091095604263799,0.0332425068119891,strat_platt,iso,2026-09-13T17:00:00Z,2026-08-31 15:01:36,2026-08-31 15:01:23,live
WR,00-0035045,D.J. Montgomery,IND,BAL,2026_01_BAL_IND,2026,1,NA,NA,15,20,5.181392418643416,0.8708897380257705,-3.994360078048377,5.723882130710876,-5.572958931796215,7.017257534328036,0.1265,0.0335,0.12041168930829892,0.0332425068119891,strat_platt,iso,2026-09-13T17:00:00Z,2026-08-31 15:01:36,2026-08-31 15:01:23,live
WR,00-0038519,Nikko Remigio,KC,DEN,2026_01_DEN_KC,2026,1,NA,NA,15,20,5.115865094276344,0.8795069492360232,-3.958076050093828,5.704902228460216,-5.527698015326074,6.9909227003418595,0.1265,0.032,0.12041168930829892,0.0332425068119891,strat_platt,iso,2026-09-15T00:15:00Z,2026-08-31 15:01:36,2026-08-31 15:01:23,live
WR,00-0040558,Isaiah Neyor,GB,MIN,2026_01_GB_MIN,2026,1,NA,NA,15,20,5.147204798209837,0.7805146231997774,-4.07032481418889,5.6191329424497845,-5.6442480175313134,6.908677498720313,0.1265,0.0305,0.12041168930829892,0.0332425068119891,strat_platt,iso,2026-09-13T20:25:00Z,2026-08-31 15:01:36,2026-08-31 15:01:23,live
WR,00-0040967,Jacob De Jesus,KC,DEN,2026_01_DEN_KC,2026,1,NA,NA,15,20,5.115865094276344,0.8795069492360232,-3.958076050093828,5.704902228460216,-5.527698015326074,6.9909227003418595,0.1265,0.0345,0.12041168930829892,0.0332425068119891,strat_platt,iso,2026-09-15T00:15:00Z,2026-08-31 15:01:36,2026-08-31 15:01:23,live
WR,00-0041158,Donaven McCulley,MIA,LV,2026_01_MIA_LV,2026,1,NA,NA,15,20,5.2415376376564815,0.6791410744032733,-4.211333659952718,5.55729483416216,-5.79811709385388,6.857376016536293,0.1265,0.0305,0.12041168930829892,0.0332425068119891,strat_platt,iso,2026-09-13T20:25:00Z,2026-08-31 15:01:36,2026-08-31 15:01:23,live
WR,00-0039386,Bub Means,NO,DET,2026_01_NO_DET,2026,1,NA,NA,15,20,5.150378541675472,0.7901717976870013,-4.06200762023448,5.63012672154683,-5.636365599140978,6.92002749752405,0.1255,0.0345,0.11941345308678045,0.0332425068119891,strat_platt,iso,2026-09-13T17:00:00Z,2026-08-31 15:01:36,2026-08-31 15:01:23,live
WR,00-0040172,Jordan Watkins,SF,LA,2026_01_SF_LA,2026,1,NA,NA,15,20,5.150378541675472,0.7989105142881074,-4.0532689036333744,5.638865438147936,-5.627626882539872,6.928766214125156,0.1255,0.03,0.11941345308678045,0.0332425068119891,strat_platt,iso,2026-09-11T00:35:00Z,2026-08-31 15:01:36,2026-08-31 15:01:23,live
WR,00-0041525,Chris Bell,MIA,LV,2026_01_MIA_LV,2026,1,NA,NA,15,20,5.2415376376564815,0.6791410744032733,-4.211333659952718,5.55729483416216,-5.79811709385388,6.857376016536293,0.1255,0.03,0.11941345308678045,0.0332425068119891,strat_platt,iso,2026-09-13T20:25:00Z,2026-08-31 15:01:36,2026-08-31 15:01:23,live
WR,00-0041529,Kevin Coleman Jr.,MIA,LV,2026_01_MIA_LV,2026,1,NA,NA,15,20,5.2415376376564815,0.6791410744032733,-4.211333659952718,5.55729483416216,-5.79811709385388,6.857376016536293,0.1255,0.0345,0.11941345308678045,0.0332425068119891,strat_platt,iso,2026-09-13T20:25:00Z,2026-08-31 15:01:36,2026-08-31 15:01:23,live
WR,00-0041599,Matthew Henry,TB,CIN,2026_01_TB_CIN,2026,1,NA,NA,15,20,5.126270525195803,0.9998680672478892,-3.8421213018319866,5.829658614892951,-5.413172975814974,7.1168504737473866,0.1255,0.032,0.11941345308678045,0.0332425068119891,strat_platt,iso,2026-09-13T17:00:00Z,2026-08-31 15:01:36,2026-08-31 15:01:23,live
WR,00-0040912,Hank Beatty,TEN,NYJ,2026_01_NYJ_TEN,2026,1,NA,NA,15,20,5.141866063244563,0.7154299782964412,-4.133154372267145,5.551798892146791,-5.706345880915205,6.840743957344334,0.125,0.027,0.1189144844153827,0.0332425068119891,strat_platt,iso,2026-09-13T17:00:00Z,2026-08-31 15:01:36,2026-08-31 15:01:23,live
WR,00-0041029,Jordyn Tyson,NO,DET,2026_01_NO_DET,2026,1,NA,NA,15,20,5.115865094276344,0.7935610277531855,-4.044021971576665,5.618956306977378,-5.613643936808911,6.904976778859021,0.125,0.031,0.1189144844153827,0.0332425068119891,strat_platt,iso,2026-09-13T17:00:00Z,2026-08-31 15:01:36,2026-08-31 15:01:23,live
WR,00-0040247,Junior Bergen,NYJ,TEN,2026_01_NYJ_TEN,2026,1,NA,NA,15,20,5.200031292907264,0.8851698977575811,-3.987914267020686,5.7459769014287705,-5.569055085590828,7.041434984106684,0.124,0.0365,0.11791684801071257,0.043859649122807015,strat_platt,iso,2026-09-13T17:00:00Z,2026-08-31 15:01:36,2026-08-31 15:01:23,live
WR,00-0040324,Cam Camper,NYJ,TEN,2026_01_NYJ_TEN,2026,1,NA,NA,15,20,5.181392418643416,0.8308416884559615,-4.034408127618185,5.683834081141066,-5.6130069813660235,6.977209484758227,0.1235,0.033,0.11741818110930924,0.0332425068119891,strat_platt,iso,2026-09-13T17:00:00Z,2026-08-31 15:01:36,2026-08-31 15:01:23,live
WR,00-0041318,Kyle Dixon,NE,SEA,2026_01_NE_SEA,2026,1,NA,NA,15,20,5.105257940858094,0.6115097559311569,-4.2215763563296695,5.432419477463195,-5.7897392431916455,6.717244499296477,0.1235,0.038,0.11741818110930924,0.043859649122807015,strat_platt,iso,2026-09-10T00:20:00Z,2026-08-31 15:01:36,2026-08-31 15:01:23,live
WR,00-0040705,Chimere Dike,TEN,NYJ,2026_01_NYJ_TEN,2026,1,NA,NA,15,20,5.176379510643691,0.722331227481228,-4.14080889450574,5.573219241204714,-5.718723228281598,6.866033804876411,0.123,0.034,0.11691961563435102,0.0332425068119891,strat_platt,iso,2026-09-13T17:00:00Z,2026-08-31 15:01:36,2026-08-31 15:01:23,live
WR,00-0036959,Michael Bandy,DEN,KC,2026_01_DEN_KC,2026,1,NA,NA,15,20,5.115865094276344,0.701598829234633,-4.1359841700952185,5.526994108458825,-5.705606135327464,6.813014580340469,0.1225,0.027,0.11642115200868715,0.0332425068119891,strat_platt,iso,2026-09-15T00:15:00Z,2026-08-31 15:01:36,2026-08-31 15:01:23,live
WR,00-0035341,Trenton Irwin,SF,LA,2026_01_SF_LA,2026,1,NA,NA,15,20,5.115865094276344,0.8022411849235027,-4.035341814406348,5.627636464147695,-5.604963779638594,6.913656936029339,0.122,0.031,0.11592279065799119,0.0332425068119891,strat_platt,iso,2026-09-11T00:35:00Z,2026-08-31 15:01:36,2026-08-31 15:01:23,live
WR,00-0040432,Beaux Collins,ATL,PIT,2026_01_ATL_PIT,2026,1,NA,NA,15,20,5.160458145629382,0.7902364989994541,-4.06619559096471,5.634433380796064,-5.641933409235213,6.925464684829929,0.122,0.029,0.11592279065799119,0.0332425068119891,strat_platt,iso,2026-09-13T17:00:00Z,2026-08-31 15:01:36,2026-08-31 15:01:23,live
WR,00-0040563,Efton Chism III,NE,SEA,2026_01_NE_SEA,2026,1,NA,NA,15,20,5.105257940858094,0.6115097559311569,-4.2215763563296695,5.432419477463195,-5.7897392431916455,6.717244499296477,0.122,0.035,0.11592279065799119,0.0332425068119891,strat_platt,iso,2026-09-10T00:20:00Z,2026-08-31 15:01:36,2026-08-31 15:01:23,live
WR,00-0037300,Mike Woods,DEN,KC,2026_01_DEN_KC,2026,1,NA,NA,15,20,5.1345039685401925,0.804922598190418,-4.040549875645134,5.638187475319317,-5.612731692042724,6.92630528087526,0.1215,0.0295,0.11542453201079418,0.0332425068119891,strat_platt,iso,2026-09-15T00:15:00Z,2026-08-31 15:01:36,2026-08-31 15:01:23,live
WR,00-0032385,Sterling Shepard,HOU,BUF,2026_01_BUF_HOU,2026,1,NA,NA,15,20,5.1658280117294,0.8097723664507752,-4.048923444790596,5.656227266345685,-5.625395759325114,6.947860356830661,0.121,0.0335,0.11492637649851843,0.0332425068119891,strat_platt,iso,2026-09-13T17:00:00Z,2026-08-31 15:01:36,2026-08-31 15:01:23,live
WR,00-0036176,Mason Kinsey,TEN,NYJ,2026_01_NYJ_TEN,2026,1,NA,NA,15,20,5.141866063244563,0.7154299782964412,-4.133154372267145,5.551798892146791,-5.706345880915205,6.840743957344334,0.121,0.0345,0.11492637649851843,0.0332425068119891,strat_platt,iso,2026-09-13T17:00:00Z,2026-08-31 15:01:36,2026-08-31 15:01:23,live
WR,00-0038740,Jalen Moreno-Cropper,NO,DET,2026_01_NO_DET,2026,1,NA,NA,15,20,5.115865094276344,0.7935610277531855,-4.044021971576665,5.618956306977378,-5.613643936808911,6.904976778859021,0.121,0.0295,0.11492637649851843,0.0332425068119891,strat_platt,iso,2026-09-13T17:00:00Z,2026-08-31 15:01:36,2026-08-31 15:01:23,live
WR,00-0041267,Malik McClain,NYJ,TEN,2026_01_NYJ_TEN,2026,1,NA,NA,15,20,5.181392418643416,0.8308416884559615,-4.034408127618185,5.683834081141066,-5.6130069813660235,6.977209484758227,0.121,0.0365,0.11492637649851843,0.043859649122807015,strat_platt,iso,2026-09-13T17:00:00Z,2026-08-31 15:01:36,2026-08-31 15:01:23,live
WR,00-0039451,Isaiah Williams,NYJ,TEN,2026_01_NYJ_TEN,2026,1,NA,NA,15,20,5.215905866042544,0.8024873576024416,-4.077257043852434,5.669937818269052,-5.660558870054425,6.967166454695578,0.1205,0.0345,0.11442832455551165,0.0332425068119891,strat_platt,iso,2026-09-13T17:00:00Z,2026-08-31 15:01:36,2026-08-31 15:01:23,live
WR,00-0040948,J. Michael Sturdivant,GB,MIN,2026_01_GB_MIN,2026,1,NA,NA,15,20,5.147204798209837,0.7805146231997774,-4.07032481418889,5.6191329424497845,-5.6442480175313134,6.908677498720313,0.1205,0.0355,0.11442832455551165,0.043859649122807015,strat_platt,iso,2026-09-13T20:25:00Z,2026-08-31 15:01:36,2026-08-31 15:01:23,live
WR,00-0041511,Omar Cooper Jr.,NYJ,TEN,2026_01_NYJ_TEN,2026,1,NA,NA,15,20,5.181392418643416,0.8308416884559615,-4.034408127618185,5.683834081141066,-5.6130069813660235,6.977209484758227,0.1205,0.0315,0.11442832455551165,0.0332425068119891,strat_platt,iso,2026-09-13T17:00:00Z,2026-08-31 15:01:36,2026-08-31 15:01:23,live
WR,00-0032775,Demarcus Robinson,SF,LA,2026_01_SF_LA,2026,1,NA,NA,15,20,5.115865094276344,0.944837052361307,-3.892745946968544,5.7702323315854995,-5.46236791220079,7.056252803467143,0.12,0.0325,0.11393037661908217,0.0332425068119891,strat_platt,iso,2026-09-11T00:35:00Z,2026-08-31 15:01:36,2026-08-31 15:01:23,live
WR,00-0034386,Justin Watson,HOU,BUF,2026_01_BUF_HOU,2026,1,NA,NA,15,20,5.149727819527364,0.81325796180385,-4.0386467530360015,5.65293887466408,-5.612915600657122,6.942766623721305,0.12,0.031,0.11393037661908217,0.0332425068119891,strat_platt,iso,2026-09-13T17:00:00Z,2026-08-31 15:01:36,2026-08-31 15:01:23,live
WR,00-0040551,Nick Nash,WAS,PHI,2026_01_WAS_PHI,2026,1,NA,NA,15,20,5.1367993672903784,0.706441946993605,-4.140001030790664,5.540674883000927,-5.712497740868729,6.829050686806466,0.12,0.034,0.11393037661908217,0.0332425068119891,strat_platt,iso,2026-09-13T20:25:00Z,2026-08-31 15:01:36,2026-08-31 15:01:23,live
WR,00-0040633,Kyrese Rowan,DEN,KC,2026_01_DEN_KC,2026,1,NA,NA,15,20,5.115865094276344,0.701598829234633,-4.1359841700952185,5.526994108458825,-5.705606135327464,6.813014580340469,0.12,0.029,0.11393037661908217,0.0332425068119891,strat_platt,iso,2026-09-15T00:15:00Z,2026-08-31 15:01:36,2026-08-31 15:01:23,live
WR,00-0041438,Carnell Tate,TEN,NYJ,2026_01_NYJ_TEN,2026,1,NA,NA,15,20,5.141866063244563,0.7154299782964412,-4.133154372267145,5.551798892146791,-5.706345880915205,6.840743957344334,0.12,0.0305,0.11393037661908217,0.0332425068119891,strat_platt,iso,2026-09-13T17:00:00Z,2026-08-31 15:01:36,2026-08-31 15:01:23,live
WR,00-0034867,Malik Turner,SF,LA,2026_01_SF_LA,2026,1,NA,NA,15,20,5.115865094276344,0.8022411849235027,-4.035341814406348,5.627636464147695,-5.604963779638594,6.913656936029339,0.1195,0.035,0.11343253312953394,0.0332425068119891,strat_platt,iso,2026-09-11T00:35:00Z,2026-08-31 15:01:36,2026-08-31 15:01:23,live
WR,00-0041317,Nick DeGennaro,NE,SEA,2026_01_NE_SEA,2026,1,NA,NA,15,20,5.105257940858094,0.6115097559311569,-4.2215763563296695,5.432419477463195,-5.7897392431916455,6.717244499296477,0.119,0.033,0.11293479453020284,0.0332425068119891,strat_platt,iso,2026-09-10T00:20:00Z,2026-08-31 15:01:36,2026-08-31 15:01:23,live
WR,00-0041293,Dane Key,DEN,KC,2026_01_DEN_KC,2026,1,NA,NA,15,20,5.115865094276344,0.701598829234633,-4.1359841700952185,5.526994108458825,-5.705606135327464,6.813014580340469,0.1185,0.031,0.1124371612674931,0.0332425068119891,strat_platt,iso,2026-09-15T00:15:00Z,2026-08-31 15:01:36,2026-08-31 15:01:23,live
WR,00-0041185,Vinny Anthony II,ATL,PIT,2026_01_ATL_PIT,2026,1,NA,NA,15,20,5.160458145629382,0.7902364989994541,-4.06619559096471,5.634433380796064,-5.641933409235213,6.925464684829929,0.118,0.0295,0.11193963379091455,0.0332425068119891,strat_platt,iso,2026-09-13T17:00:00Z,2026-08-31 15:01:36,2026-08-31 15:01:23,live
WR,00-0041179,Chris Hilton Jr.,GB,MIN,2026_01_GB_MIN,2026,1,NA,NA,15,20,5.147204798209837,0.7805146231997774,-4.07032481418889,5.6191329424497845,-5.6442480175313134,6.908677498720313,0.1165,0.0335,0.11044769062044649,0.0332425068119891,strat_platt,iso,2026-09-13T20:25:00Z,2026-08-31 15:01:36,2026-08-31 15:01:23,live
WR,00-0040445,Courtney Jackson,TEN,NYJ,2026_01_NYJ_TEN,2026,1,NA,NA,15,20,5.141866063244563,0.7154299782964412,-4.133154372267145,5.551798892146791,-5.706345880915205,6.840743957344334,0.116,0.0315,0.10995059084693905,0.0332425068119891,strat_platt,iso,2026-09-13T17:00:00Z,2026-08-31 15:01:36,2026-08-31 15:01:23,live
WR,00-0041294,Joseph Manjack,DEN,KC,2026_01_DEN_KC,2026,1,NA,NA,15,20,5.115865094276344,0.701598829234633,-4.1359841700952185,5.526994108458825,-5.705606135327464,6.813014580340469,0.116,0.0355,0.10995059084693905,0.043859649122807015,strat_platt,iso,2026-09-15T00:15:00Z,2026-08-31 15:01:36,2026-08-31 15:01:23,live
WR,00-0040009,Savion Williams,GB,MIN,2026_01_GB_MIN,2026,1,NA,NA,15,20,4.9280623112434405,1.0776683877948108,-3.6795196872228697,5.8228712882415685,-5.223056386504941,7.08751961653102,0.1275,0.033,0.10977604780776398,0.0332425068119891,strat_platt,iso,2026-09-13T20:25:00Z,2026-08-31 15:01:36,2026-08-31 15:01:23,live
WR,00-0036345,K.J. Osborn,TEN,NYJ,2026_01_NYJ_TEN,2026,1,NA,NA,15,20,5.176379510643691,0.7283717185552824,-4.1347684034316865,5.579259732278768,-5.712682737207544,6.872074295950465,0.1145,0.028,0.10845994189529491,0.0332425068119891,strat_platt,iso,2026-09-13T17:00:00Z,2026-08-31 15:01:36,2026-08-31 15:01:23,live
WR,00-0040919,Tyren Montgomery,TEN,NYJ,2026_01_NYJ_TEN,2026,1,NA,NA,15,20,5.141866063244563,0.7154299782964412,-4.133154372267145,5.551798892146791,-5.706345880915205,6.840743957344334,0.1145,0.031,0.10845994189529491,0.0332425068119891,strat_platt,iso,2026-09-13T17:00:00Z,2026-08-31 15:01:36,2026-08-31 15:01:23,live
WR,00-0040788,Damien Alford,NO,DET,2026_01_NO_DET,2026,1,NA,NA,15,20,5.115865094276344,0.7935610277531855,-4.044021971576665,5.618956306977378,-5.613643936808911,6.904976778859021,0.114,0.0295,0.10796327727555981,0.0332425068119891,strat_platt,iso,2026-09-13T17:00:00Z,2026-08-31 15:01:36,2026-08-31 15:01:23,live
WR,00-0041292,Kolbe Katsis,DEN,KC,2026_01_DEN_KC,2026,1,NA,NA,15,20,5.115865094276344,0.701598829234633,-4.1359841700952185,5.526994108458825,-5.705606135327464,6.813014580340469,0.113,0.028,0.10697027845260465,0.0332425068119891,strat_platt,iso,2026-09-15T00:15:00Z,2026-08-31 15:01:36,2026-08-31 15:01:23,live
WR,00-0039880,Malik Washington,MIA,LV,2026_01_MIA_LV,2026,1,NA,NA,15,20,5.2760510850556095,0.6352716408726575,-4.269605947631096,5.52779196848611,-5.861062590495389,6.831701997887799,0.1095,0.028,0.10349830339350295,0.0332425068119891,strat_platt,iso,2026-09-13T20:25:00Z,2026-08-31 15:01:36,2026-08-31 15:01:23,live
WR,00-0039650,Bryce Oliver,TEN,NYJ,2026_01_NYJ_TEN,2026,1,NA,NA,15,20,5.141866063244563,0.7154299782964412,-4.133154372267145,5.551798892146791,-5.706345880915205,6.840743957344334,0.109,0.032,0.10300276071355888,0.0332425068119891,strat_platt,iso,2026-09-13T17:00:00Z,2026-08-31 15:01:36,2026-08-31 15:01:23,live
WR,00-0036331,Devin Duvernay,ARI,LAC,2026_01_ARI_LAC,2026,1,NA,NA,15,20,5.134937307445224,0.30769755283996575,-4.537958156784516,5.141145204116824,-6.1101994266156,6.429311720976695,0.1075,0.0215,0.10151682458680426,0.018867924528301886,strat_platt,iso,2026-09-13T20:25:00Z,2026-08-31 15:01:36,2026-08-31 15:01:23,live
WR,00-0041299,Cameron Ross,DEN,KC,2026_01_DEN_KC,2026,1,NA,NA,15,20,5.115865094276344,0.701598829234633,-4.1359841700952185,5.526994108458825,-5.705606135327464,6.813014580340469,0.107,0.0245,0.10102174493072771,0.0332425068119891,strat_platt,iso,2026-09-15T00:15:00Z,2026-08-31 15:01:36,2026-08-31 15:01:23,live
WR,00-0040302,A.J. Henning,MIA,LV,2026_01_MIA_LV,2026,1,NA,NA,15,20,5.2415376376564815,0.6791410744032733,-4.211333659952718,5.55729483416216,-5.79811709385388,6.857376016536293,0.1055,0.0295,0.09953721058051988,0.0332425068119891,strat_platt,iso,2026-09-13T20:25:00Z,2026-08-31 15:01:36,2026-08-31 15:01:23,live
WR,00-0033307,Kendrick Bourne,ARI,LAC,2026_01_ARI_LAC,2026,1,NA,NA,15,20,5.1188371152431875,0.41901400639622494,-4.419828053736673,5.24566517436819,-5.989858538986519,6.5320203542989335,0.1045,0.0235,0.09854811361925993,0.0332425068119891,strat_platt,iso,2026-09-13T20:25:00Z,2026-08-31 15:01:36,2026-08-31 15:01:23,live
WR,00-0036635,Ihmir Smith-Marsette,ARI,LAC,2026_01_ARI_LAC,2026,1,NA,NA,15,20,5.1188371152431875,0.2678068343074373,-4.57103522582546,5.094458002279403,-6.141065711075306,6.380813182210146,0.103,0.028,0.09706536813104331,0.0332425068119891,strat_platt,iso,2026-09-13T20:25:00Z,2026-08-31 15:01:36,2026-08-31 15:01:23,live
WR,00-0036646,Simi Fehoko,ARI,LAC,2026_01_ARI_LAC,2026,1,NA,NA,15,20,5.1188371152431875,0.2678068343074373,-4.57103522582546,5.094458002279403,-6.141065711075306,6.380813182210146,0.102,0.0275,0.09607747768316627,0.0332425068119891,strat_platt,iso,2026-09-13T20:25:00Z,2026-08-31 15:01:36,2026-08-31 15:01:23,live
WR,00-0038640,Jalen Brooks,ARI,LAC,2026_01_ARI_LAC,2026,1,NA,NA,15,20,5.102962542107908,0.3427033713377589,-4.489408931489205,5.16264173683401,-6.0572558521594795,6.447207881689299,0.102,0.026,0.09607747768316627,0.0332425068119891,strat_platt,iso,2026-09-13T20:25:00Z,2026-08-31 15:01:36,2026-08-31 15:01:23,live
WR,00-0040782,Isaiah Bond,CLE,JAX,2026_01_CLE_JAX,2026,1,NA,NA,15,20,5.359034954090268,-0.07977802604556274,-5.0190742849400705,4.847074258175916,-6.621698550368546,6.160134128467899,0.101,0.0235,0.09509007782910031,0.0332425068119891,strat_platt,iso,2026-09-13T17:00:00Z,2026-08-31 15:01:36,2026-08-31 15:01:23,live
WR,00-0041287,Kole Wilson,CLE,JAX,2026_01_CLE_JAX,2026,1,NA,NA,15,20,5.0843236678440595,-0.10701673884982753,-4.931212640849946,4.705025170258265,-6.49649097373059,5.987486823360471,0.098,0.0255,0.09213086902832339,0.0332425068119891,strat_platt,iso,2026-09-13T17:00:00Z,2026-08-31 15:01:36,2026-08-31 15:01:23,live
WR,00-0041368,Harrison Wallace III,ARI,LAC,2026_01_ARI_LAC,2026,1,NA,NA,15,20,5.0843236678440595,0.25800631493167697,-4.5661895870684415,5.07004822403977,-6.131467919949086,6.3525098771419755,0.098,0.026,0.09213086902832339,0.0332425068119891,strat_platt,iso,2026-09-13T20:25:00Z,2026-08-31 15:01:36,2026-08-31 15:01:23,live
WR,00-0041070,Reggie Virgil,ARI,LAC,2026_01_ARI_LAC,2026,1,NA,NA,15,20,5.0843236678440595,0.25800631493167697,-4.5661895870684415,5.07004822403977,-6.131467919949086,6.3525098771419755,0.096,0.0235,0.09016060409632598,0.0332425068119891,strat_platt,iso,2026-09-13T20:25:00Z,2026-08-31 15:01:36,2026-08-31 15:01:23,live
WR,00-0041037,Denzel Boston,CLE,JAX,2026_01_CLE_JAX,2026,1,NA,NA,15,20,5.0843236678440595,-0.10701673884982753,-4.931212640849946,4.705025170258265,-6.49649097373059,5.987486823360471,0.0945,0.019,0.08868426796808973,0.01603206412825651,strat_platt,iso,2026-09-13T17:00:00Z,2026-08-31 15:01:36,2026-08-31 15:01:23,live
WR,00-0036630,Tylan Wallace,CLE,JAX,2026_01_CLE_JAX,2026,1,NA,NA,15,20,5.1188371152431875,-0.10774319074951273,-4.94658525088241,4.718907977222453,-6.516615736132256,6.0052631571531965,0.087,0.022,0.08132076882748643,0.018867924528301886,strat_platt,iso,2026-09-13T17:00:00Z,2026-08-31 15:01:36,2026-08-31 15:01:23,live
WR,00-0039920,Malachi Corley,CLE,JAX,2026_01_CLE_JAX,2026,1,NA,NA,15,20,4.865181180877663,-0.05674891357316957,-4.786641789757231,4.6612275550758335,-6.321322177190892,5.918619742335978,0.0765,0.018,0.0799330924960435,0.01603206412825651,strat_platt,iso,2026-09-13T17:00:00Z,2026-08-31 15:01:36,2026-08-31 15:01:23,live
WR,00-0041491,Aaron Anderson,CLE,JAX,2026_01_CLE_JAX,2026,1,NA,NA,15,20,5.0843236678440595,-0.10701673884982753,-4.931212640849946,4.705025170258265,-6.49649097373059,5.987486823360471,0.0855,0.0175,0.07985183949267642,0.01603206412825651,strat_platt,iso,2026-09-13T17:00:00Z,2026-08-31 15:01:36,2026-08-31 15:01:23,live
WR,00-0041547,KC Concepcion,CLE,JAX,2026_01_CLE_JAX,2026,1,NA,NA,15,20,5.0843236678440595,-0.10701673884982753,-4.931212640849946,4.705025170258265,-6.49649097373059,5.987486823360471,0.079,0.0215,0.07350183257549253,0.018867924528301886,strat_platt,iso,2026-09-13T17:00:00Z,2026-08-31 15:01:36,2026-08-31 15:01:23,live
WR,00-0040259,Gage Larvadain,CLE,JAX,2026_01_CLE_JAX,2026,1,NA,NA,15,20,5.0843236678440595,-0.05930505641569,-4.883500958415809,4.7527368526924025,-6.448779291296453,6.035198505794608,0.078,0.0205,0.0725271985613901,0.01603206412825651,strat_platt,iso,2026-09-13T17:00:00Z,2026-08-31 15:01:36,2026-08-31 15:01:23,live
WR,00-0040617,Luke Floriea,CLE,JAX,2026_01_CLE_JAX,2026,1,NA,NA,15,20,5.0843236678440595,-0.10701673884982753,-4.931212640849946,4.705025170258265,-6.49649097373059,5.987486823360471,0.0775,0.0165,0.07204011764731569,0.01603206412825651,strat_platt,iso,2026-09-13T17:00:00Z,2026-08-31 15:01:36,2026-08-31 15:01:23,live
QB,00-0036355,Justin Herbert,LAC,ARI,2026_01_ARI_LAC,2026,1,NA,NA,20,25,5.127511362832455,6.8196515444731105,-6.525102090839102,20.164405179785323,-10.1431944129023,23.78249750184852,0.5345,0.312,0.5721630596995747,0.3009494813630922,platt_vol_vegas,platt,2026-09-13T20:25:00Z,2026-09-01 23:54:17,2026-09-01 23:54:05,live
QB,00-0036389,Jalen Hurts,PHI,WAS,2026_01_WAS_PHI,2026,1,NA,NA,20,25,5.53333974338551,4.3386942729362605,-9.006059362375952,17.683447908248475,-12.62415168443915,21.301540230311673,0.483,0.277,0.4733509094353356,0.2661061456234884,platt_vol_vegas,platt,2026-09-13T20:25:00Z,2026-09-01 23:54:17,2026-09-01 23:54:05,live
QB,00-0040691,Jaxson Dart,NYG,DAL,2026_01_DAL_NYG,2026,1,NA,NA,20,25,5.811422982060547,2.978264929353104,-10.366488705959108,16.32301856466532,-13.984581028022307,19.941110886728517,0.444,0.2415,0.4471652218558664,0.23095361109506457,platt_vol_vegas,platt,2026-09-14T00:20:00Z,2026-09-01 23:54:17,2026-09-01 23:54:05,live
QB,00-0033106,Jared Goff,DET,NO,2026_01_NO_DET,2026,1,NA,NA,20,25,1.2799403654543349,6.302572052208002,-7.0421815831042105,19.647325687520215,-10.660273905167408,23.265418009583414,0.4285,0.232,0.4393777785979647,0.22158134840233323,platt_vol_vegas,platt,2026-09-13T17:00:00Z,2026-09-01 23:54:17,2026-09-01 23:54:05,live
QB,00-0037012,Trey Lance,LAC,ARI,2026_01_ARI_LAC,2026,1,NA,NA,20,25,2.727871468955516,4.098538579969558,-9.246215055342654,17.443292215281772,-12.864307377405853,21.06138453734497,0.3595,0.176,0.4284447841790096,0.16666553300807643,platt_vol_vegas,platt,2026-09-13T20:25:00Z,2026-09-01 23:54:17,2026-09-01 23:54:05,live
QB,00-0033949,Joshua Dobbs,DET,NO,2026_01_NO_DET,2026,1,NA,NA,20,25,2.550848668166136,3.6367030275003627,-9.708050607811849,16.981456662812576,-13.326142929875047,20.599548984875774,0.341,0.1595,0.4264527996395942,0.1506036041350335,platt_vol_vegas,platt,2026-09-13T17:00:00Z,2026-09-01 23:54:17,2026-09-01 23:54:05,live
QB,00-0034796,Lamar Jackson,BAL,IND,2026_01_BAL_IND,2026,1,NA,NA,20,25,3.22322145646484,3.5489748325361727,-9.79577880277604,16.893728467848383,-13.413871124839238,20.51182078991158,0.398,0.199,0.4160878039338632,0.18914847314339434,platt_vol_vegas,platt,2026-09-13T17:00:00Z,2026-09-01 23:54:17,2026-09-01 23:54:05,live
QB,00-0036442,Joe Burrow,CIN,TB,2026_01_TB_CIN,2026,1,NA,NA,20,25,1.8918490748517816,5.098694205428608,-8.246059429883605,18.44344784074082,-11.864151751946803,22.061540162804018,0.39,0.202,0.41369001228228325,0.1920886568327832,platt_vol_vegas,platt,2026-09-13T17:00:00Z,2026-09-01 23:54:17,2026-09-01 23:54:05,live
QB,00-0036945,Justin Fields,KC,DEN,2026_01_DEN_KC,2026,1,NA,NA,20,25,6.560633237430471,-0.09081969566228754,-13.4355733309745,13.253933939649926,-17.053665653037697,16.872026261713124,0.4055,0.1865,0.394243012036353,0.17691641447291884,platt_vol_vegas,platt,2026-09-15T00:15:00Z,2026-09-01 23:54:17,2026-09-01 23:54:05,live
QB,00-0026158,Joe Flacco,CIN,TB,2026_01_TB_CIN,2026,1,NA,NA,20,25,1.4561872036122256,4.487044120360558,-8.857709514951654,17.83179775567277,-12.475801837014853,21.44989007773597,0.369,0.185,0.39309784049487656,0.17545063580117687,platt_vol_vegas,platt,2026-09-13T17:00:00Z,2026-09-01 23:54:17,2026-09-01 23:54:05,live
QB,00-0039910,Jayden Daniels,WAS,PHI,2026_01_WAS_PHI,2026,1,NA,NA,20,25,6.577280012100951,0.6635839242564362,-12.681169711055777,14.008337559568648,-16.299262033118975,17.626429881631847,0.399,0.2055,0.3823381690312075,0.19552102014534622,platt_vol_vegas,platt,2026-09-13T20:25:00Z,2026-09-01 23:54:17,2026-09-01 23:54:05,live
QB,00-0039918,Caleb Williams,CHI,CAR,2026_01_CHI_CAR,2026,1,NA,NA,20,25,3.2268590704357565,3.9900380981286854,-9.354715537183527,17.3347917334409,-12.972807859246725,20.952884055504096,0.3835,0.195,0.3819626656906431,0.1852309049639741,platt_vol_vegas,platt,2026-09-13T17:00:00Z,2026-09-01 23:54:17,2026-09-01 23:54:05,live
QB,00-0034857,Josh Allen,BUF,HOU,2026_01_BUF_HOU,2026,1,NA,NA,20,25,5.681338898772678,0.7579014406082135,-12.586852194703999,14.102655075920426,-16.204944516767195,17.720747397983626,0.385,0.175,0.38049493406051715,0.16569043763253724,platt_vol_vegas,platt,2026-09-13T17:00:00Z,2026-09-01 23:54:17,2026-09-01 23:54:05,live
QB,00-0034855,Baker Mayfield,TB,CIN,2026_01_TB_CIN,2026,1,NA,NA,20,25,2.9801050392696253,3.1625620781980284,-10.182191557114184,16.50731571351024,-13.800283879177382,20.12540803557344,0.361,0.1715,0.36734886580735626,0.1622792493545127,platt_vol_vegas,platt,2026-09-13T17:00:00Z,2026-09-01 23:54:17,2026-09-01 23:54:05,live
QB,00-0033077,Dak Prescott,DAL,NYG,2026_01_DAL_NYG,2026,1,NA,NA,20,25,2.42214840210628,3.204381457266514,-10.140372178045698,16.549135092578727,-13.758464500108897,20.167227414641925,0.3575,0.18,0.36697172087062346,0.1705679816419624,platt_vol_vegas,platt,2026-09-14T00:20:00Z,2026-09-01 23:54:17,2026-09-01 23:54:05,live
QB,00-0039851,Drake Maye,NE,SEA,2026_01_NE_SEA,2026,1,NA,NA,20,25,5.268411589366841,2.153994056529978,-11.190759578782234,15.49874769184219,-14.808851900845433,19.11684001390539,0.413,0.2045,0.3486943763687538,0.19454011022046497,platt_vol_vegas,platt,2026-09-10T00:20:00Z,2026-09-01 23:54:17,2026-09-01 23:54:05,live
QB,00-0039107,Stetson Bennett,LA,SF,2026_01_SF_LA,2026,1,NA,NA,20,25,2.497145142461597,2.186074639008196,-11.158678996304015,15.53082827432041,-14.776771318367214,19.148920596383608,0.288,0.116,0.34397790953022506,0.10856019713606635,platt_vol_vegas,platt,2026-09-11T00:35:00Z,2026-09-01 23:54:17,2026-09-01 23:54:05,live
QB,00-0026498,Matthew Stafford,LA,SF,2026_01_SF_LA,2026,1,NA,NA,20,25,1.220771686731726,4.7796080050327125,-8.565145630279499,18.124361640344926,-12.183237952342697,21.742453962408124,0.3365,0.169,0.3401089740885625,0.15984426767919035,platt_vol_vegas,platt,2026-09-11T00:35:00Z,2026-09-01 23:54:17,2026-09-01 23:54:05,live
QB,00-0041568,Ty Simpson,LA,SF,2026_01_SF_LA,2026,1,NA,NA,20,25,2.3586836549145094,1.8628801293116741,-11.481873506000538,15.207633764623887,-15.099965828063736,18.825726086687084,0.264,0.105,0.3280988274401382,0.09800618223806024,platt_vol_vegas,platt,2026-09-11T00:35:00Z,2026-09-01 23:54:17,2026-09-01 23:54:05,live
QB,00-0036972,Mac Jones,SF,LA,2026_01_SF_LA,2026,1,NA,NA,20,25,2.9470704890042154,1.7935370362176655,-11.551216599094547,15.138290671529878,-15.169308921157745,18.756382993593075,0.3355,0.168,0.32348237973982014,0.15887064737262244,platt_vol_vegas,platt,2026-09-11T00:35:00Z,2026-09-01 23:54:17,2026-09-01 23:54:05,live
QB,00-0035710,Daniel Jones,IND,BAL,2026_01_BAL_IND,2026,1,NA,NA,20,25,3.0437639385947604,2.360964312868659,-10.983789322443553,15.705717948180872,-14.60188164450675,19.32381027024407,0.3235,0.1525,0.3198798546995567,0.14380744793723446,platt_vol_vegas,platt,2026-09-13T17:00:00Z,2026-09-01 23:54:17,2026-09-01 23:54:05,live
QB,00-0040981,Joe Fagnano,BAL,IND,2026_01_BAL_IND,2026,1,NA,NA,20,25,2.3550460409435927,0.9030776602032359,-12.441675975108977,14.247831295515448,-16.059768297172173,17.865923617578648,0.246,0.102,0.3180916683412044,0.09513385533483248,platt_vol_vegas,platt,2026-09-13T17:00:00Z,2026-09-01 23:54:17,2026-09-01 23:54:05,live
QB,00-0039923,J.J. McCarthy,MIN,GB,2026_01_GB_MIN,2026,1,NA,NA,20,25,3.02547862659044,2.349838248913854,-10.994915386398358,15.694591884226067,-14.613007708461556,19.312684206289266,0.3405,0.1655,0.3159581219511815,0.15643753490715198,platt_vol_vegas,platt,2026-09-13T20:25:00Z,2026-09-01 23:54:17,2026-09-01 23:54:05,live
QB,00-0037077,Sam Howell,DAL,NYG,2026_01_DAL_NYG,2026,1,NA,NA,20,25,2.5264219562633334,0.5750009356386357,-12.769752699673576,13.919754570950849,-16.387845021736776,17.537846893014045,0.252,0.1005,0.31532960280922323,0.09369869486608301,platt_vol_vegas,platt,2026-09-14T00:20:00Z,2026-09-01 23:54:17,2026-09-01 23:54:05,live
QB,00-0037834,Brock Purdy,SF,LA,2026_01_SF_LA,2026,1,NA,NA,20,25,3.0934198199525813,2.041995885585602,-11.30275774972661,15.386749520897816,-14.920850071789808,19.004841842961014,0.3095,0.1405,0.31422411896923946,0.13218311412292946,platt_vol_vegas,platt,2026-09-11T00:35:00Z,2026-09-01 23:54:17,2026-09-01 23:54:05,live
QB,00-0035228,Kyler Murray,MIN,GB,2026_01_GB_MIN,2026,1,NA,NA,20,25,2.7450463283263926,2.4399343763833126,-10.9048192589289,15.784688011695525,-14.522911580992098,19.402780333758724,0.347,0.162,0.31298753437521426,0.15303345054515083,platt_vol_vegas,platt,2026-09-13T20:25:00Z,2026-09-01 23:54:17,2026-09-01 23:54:05,live
QB,00-0035993,Tyler Huntley,BAL,IND,2026_01_BAL_IND,2026,1,NA,NA,20,25,2.3550460409435927,0.9030776602032359,-12.441675975108977,14.247831295515448,-16.059768297172173,17.865923617578648,0.236,0.1035,0.3124379618988419,0.09656968664145435,platt_vol_vegas,platt,2026-09-13T17:00:00Z,2026-09-01 23:54:17,2026-09-01 23:54:05,live
QB,00-0032950,Carson Wentz,MIN,GB,2026_01_GB_MIN,2026,1,NA,NA,20,25,2.7450463283263926,2.4399343763833126,-10.9048192589289,15.784688011695525,-14.522911580992098,19.402780333758724,0.334,0.16,0.3070552468800492,0.15108946309615137,platt_vol_vegas,platt,2026-09-13T20:25:00Z,2026-09-01 23:54:17,2026-09-01 23:54:05,live
QB,00-0038416,Tyson Bagent,CHI,CAR,2026_01_CHI_CAR,2026,1,NA,NA,20,25,2.3586836549145094,1.2058026219674152,-12.138951013344798,14.550556257279627,-15.757043335407996,18.168648579342825,0.264,0.1165,0.3035716663945528,0.10904072809503039,platt_vol_vegas,platt,2026-09-13T17:00:00Z,2026-09-01 23:54:17,2026-09-01 23:54:05,live
QB,00-0040743,Tyler Shough,NO,DET,2026_01_NO_DET,2026,1,NA,NA,20,25,3.0934198199525813,0.22319915845129668,-13.121554476860915,13.56795279376351,-16.739646798924113,17.18604511582671,0.289,0.137,0.30071139092575994,0.1287991356320276,platt_vol_vegas,platt,2026-09-13T17:00:00Z,2026-09-01 23:54:17,2026-09-01 23:54:05,live
QB,00-0039398,Joe Milton III,DAL,NYG,2026_01_DAL_NYG,2026,1,NA,NA,20,25,2.471129580475093,0.6335905701671111,-12.7111630651451,13.978344205479324,-16.3292553872083,17.596436527542522,0.2265,0.098,0.2998694981282118,0.0913082698362192,platt_vol_vegas,platt,2026-09-14T00:20:00Z,2026-09-01 23:54:17,2026-09-01 23:54:05,live
QB,00-0036971,Trevor Lawrence,JAX,CLE,2026_01_CLE_JAX,2026,1,NA,NA,20,25,3.3155865834980482,0.5227551041689357,-12.821998531143278,13.867508739481147,-16.440090853206474,17.485601061544347,0.326,0.15,0.2998512392395668,0.14138294245423713,platt_vol_vegas,platt,2026-09-13T17:00:00Z,2026-09-01 23:54:17,2026-09-01 23:54:05,live
QB,00-0027973,Andy Dalton,PHI,WAS,2026_01_WAS_PHI,2026,1,NA,NA,20,25,2.5317541062030777,1.295376061684851,-12.04937757362736,14.640129696997064,-15.667469895690559,18.258222019060263,0.2575,0.11,0.29387849611572353,0.10279921776677031,platt_vol_vegas,platt,2026-09-13T20:25:00Z,2026-09-01 23:54:17,2026-09-01 23:54:05,live
QB,00-0028986,Case Keenum,CHI,CAR,2026_01_CHI_CAR,2026,1,NA,NA,20,25,2.3586836549145094,1.2058026219674152,-12.138951013344798,14.550556257279627,-15.757043335407996,18.168648579342825,0.244,0.1095,0.2929855226034666,0.10231959172680467,platt_vol_vegas,platt,2026-09-13T17:00:00Z,2026-09-01 23:54:17,2026-09-01 23:54:05,live
QB,00-0038400,Tanner McKee,PHI,WAS,2026_01_WAS_PHI,2026,1,NA,NA,20,25,2.476461730414837,1.332810760003655,-12.011942875308558,14.677564395315867,-15.630035197371756,18.295656717379067,0.257,0.1095,0.2924917580516176,0.10231959172680467,platt_vol_vegas,platt,2026-09-13T20:25:00Z,2026-09-01 23:54:17,2026-09-01 23:54:05,live
QB,00-0041251,Jalon Daniels,TB,CIN,2026_01_TB_CIN,2026,1,NA,NA,20,25,2.404109807180554,0.5642539368618705,-12.780499698450342,13.909007572174083,-16.39859202051354,17.52709989423728,0.2305,0.1005,0.28819207417337195,0.09369869486608301,platt_vol_vegas,platt,2026-09-13T17:00:00Z,2026-09-01 23:54:17,2026-09-01 23:54:05,live
QB,00-0039376,Spencer Rattler,NO,DET,2026_01_NO_DET,2026,1,NA,NA,20,25,3.0934198199525813,-1.2532867906078042,-14.598040425920017,12.091466844704408,-18.216132747983217,15.709559166767606,0.258,0.1045,0.28522108481862074,0.09752727695984213,platt_vol_vegas,platt,2026-09-13T17:00:00Z,2026-09-01 23:54:17,2026-09-01 23:54:05,live
QB,00-0040891,Cole Payton,PHI,WAS,2026_01_WAS_PHI,2026,1,NA,NA,20,25,2.39329261865599,1.2074773804956498,-12.137276254816562,14.552231015807862,-15.75536857687976,18.17032333787106,0.241,0.1015,0.28241984018738253,0.09465539364612699,platt_vol_vegas,platt,2026-09-13T20:25:00Z,2026-09-01 23:54:17,2026-09-01 23:54:05,live
QB,00-0034869,Sam Darnold,SEA,NE,2026_01_NE_SEA,2026,1,NA,NA,20,25,1.827025560659579,2.264311391331742,-11.080442243980471,15.609065026643954,-14.69853456604367,19.227157348707152,0.3055,0.1555,0.2797717437117428,0.14671873624229095,platt_vol_vegas,platt,2026-09-10T00:20:00Z,2026-09-01 23:54:17,2026-09-01 23:54:05,live
QB,00-0033873,Patrick Mahomes,KC,DEN,2026_01_DEN_KC,2026,1,NA,NA,20,25,3.2268590704357565,0.31308504819937366,-13.031668587112838,13.657838683511587,-16.649760909176038,17.275931005574783,0.3025,0.1325,0.2740202013351556,0.12445272381297297,platt_vol_vegas,platt,2026-09-15T00:15:00Z,2026-09-01 23:54:17,2026-09-01 23:54:05,live
QB,00-0031503,Jameis Winston,NYG,DAL,2026_01_DAL_NYG,2026,1,NA,NA,20,25,2.7728684065889104,-0.2569601139445288,-13.601713749256742,13.087793521367683,-17.21980607131994,16.70588584343088,0.2285,0.095,0.27168070206367073,0.08844228977652756,platt_vol_vegas,platt,2026-09-14T00:20:00Z,2026-09-01 23:54:17,2026-09-01 23:54:05,live
QB,00-0039150,Bryce Young,CAR,CHI,2026_01_CHI_CAR,2026,1,NA,NA,20,25,2.485996574965508,0.4259774619015724,-12.91877617341064,13.770731097213785,-16.53686849547384,17.38882341927698,0.256,0.121,0.26677127385775,0.113368552684692,platt_vol_vegas,platt,2026-09-13T17:00:00Z,2026-09-01 23:54:17,2026-09-01 23:54:05,live
QB,00-0036264,Jordan Love,GB,MIN,2026_01_GB_MIN,2026,1,NA,NA,20,25,2.564404712551733,0.9026261609466507,-12.442127474365561,14.247379796258864,-16.06021979642876,17.86547211832206,0.2945,0.1365,0.26433195336766974,0.12831595397538323,platt_vol_vegas,platt,2026-09-13T20:25:00Z,2026-09-01 23:54:17,2026-09-01 23:54:05,live
QB,00-0028118,Tyrod Taylor,GB,MIN,2026_01_GB_MIN,2026,1,NA,NA,20,25,3.173811537420133,-0.7521776969919121,-14.096931332304125,12.5925759383203,-17.71502365436732,16.2106682603835,0.261,0.1195,0.26043627063529184,0.11192533928183732,platt_vol_vegas,platt,2026-09-13T20:25:00Z,2026-09-01 23:54:17,2026-09-01 23:54:05,live
QB,00-0040673,Jalen Milroe,SEA,NE,2026_01_NE_SEA,2026,1,NA,NA,20,25,2.492295203203289,0.0016876036914576925,-13.343066031620754,13.34644123900367,-16.961158353683953,16.96453356106687,0.229,0.085,0.2557296985129475,0.07890971168663563,platt_vol_vegas,platt,2026-09-10T00:20:00Z,2026-09-01 23:54:17,2026-09-01 23:54:05,live
QB,00-0035704,Drew Lock,SEA,NE,2026_01_NE_SEA,2026,1,NA,NA,20,25,2.492295203203289,0.0016876036914576925,-13.343066031620754,13.34644123900367,-16.961158353683953,16.96453356106687,0.2235,0.083,0.25287569658617376,0.07700716256327897,platt_vol_vegas,platt,2026-09-10T00:20:00Z,2026-09-01 23:54:17,2026-09-01 23:54:05,live
QB,00-0039163,C.J. Stroud,HOU,BUF,2026_01_BUF_HOU,2026,1,NA,NA,20,25,2.6754771668571307,0.8735051183868655,-12.471248516925346,14.218258753699079,-16.089340838988544,17.836351075762277,0.2905,0.1295,0.2515300260215953,0.12155792706478719,platt_vol_vegas,platt,2026-09-13T17:00:00Z,2026-09-01 23:54:17,2026-09-01 23:54:05,live
QB,00-0032268,Marcus Mariota,WAS,PHI,2026_01_WAS_PHI,2026,1,NA,NA,20,25,3.23986823113532,-0.06008725794556269,-13.404840893257775,13.28466637736665,-17.022933215320972,16.90275869942985,0.267,0.117,0.250597126968717,0.10952132725270648,platt_vol_vegas,platt,2026-09-13T20:25:00Z,2026-09-01 23:54:17,2026-09-01 23:54:05,live
QB,00-0039164,Anthony Richardson,IND,BAL,2026_01_BAL_IND,2026,1,NA,NA,20,25,2.806279606541741,-1.4494451292812134,-14.794198764593427,11.895308506030998,-18.412291086656623,15.513400828094197,0.1955,0.0795,0.24937583000481753,0.0736810169976113,platt_vol_vegas,platt,2026-09-13T17:00:00Z,2026-09-01 23:54:17,2026-09-01 23:54:05,live
QB,00-0039732,Bo Nix,DEN,KC,2026_01_DEN_KC,2026,1,NA,NA,20,25,3.29372346668181,1.6259926649166083,-11.718760970395603,14.970746300228821,-15.336853292458802,18.58883862229202,0.3265,0.16,0.24556915236610424,0.15108946309615137,platt_vol_vegas,platt,2026-09-15T00:15:00Z,2026-09-01 23:54:17,2026-09-01 23:54:05,live
QB,00-0040589,Kurtis Rourke,SF,LA,2026_01_SF_LA,2026,1,NA,NA,20,25,2.4382151527024396,-1.0264742805377902,-14.371227915850003,12.318279354774422,-17.9893202379132,15.93637167683762,0.194,0.072,0.24181997209120557,0.0665683171121076,platt_vol_vegas,platt,2026-09-11T00:35:00Z,2026-09-01 23:54:17,2026-09-01 23:54:05,live
QB,00-0040206,Riley Leonard,IND,BAL,2026_01_BAL_IND,2026,1,NA,NA,20,25,2.5046498807230075,-1.3543380447638982,-14.69909168007611,11.990415590548315,-18.31718400213931,15.608507912611513,0.1835,0.066,0.23702720712919204,0.060893429645285255,platt_vol_vegas,platt,2026-09-13T17:00:00Z,2026-09-01 23:54:17,2026-09-01 23:54:05,live
QB,00-0037013,Zach Wilson,NO,DET,2026_01_NO_DET,2026,1,NA,NA,20,25,2.727871468955516,-2.306030080241825,-15.650783715554038,11.038723555070387,-19.268876037617236,14.656815877133585,0.176,0.069,0.23360110794972822,0.0637291176666275,platt_vol_vegas,platt,2026-09-13T17:00:00Z,2026-09-01 23:54:17,2026-09-01 23:54:05,live
QB,00-0036825,Feleipe Franks,CAR,CHI,2026_01_CHI_CAR,2026,1,NA,NA,20,25,2.3550460409435927,-1.1389506563195861,-14.483704291631799,12.205802978992626,-18.101796613694997,15.823895301055824,0.191,0.0755,0.2306979208411478,0.06988501674435874,platt_vol_vegas,platt,2026-09-13T17:00:00Z,2026-09-01 23:54:17,2026-09-01 23:54:05,live
QB,00-0041149,Haynes King,CAR,CHI,2026_01_CHI_CAR,2026,1,NA,NA,20,25,2.3550460409435927,-1.1389506563195861,-14.483704291631799,12.205802978992626,-18.101796613694997,15.823895301055824,0.177,0.0695,0.2228632398309893,0.06420207662444398,platt_vol_vegas,platt,2026-09-13T17:00:00Z,2026-09-01 23:54:17,2026-09-01 23:54:05,live
QB,00-0033119,Jacoby Brissett,ARI,LAC,2026_01_ARI_LAC,2026,1,NA,NA,20,25,2.847688403916365,-1.1013630152502656,-14.446116650562479,12.243390620061946,-18.064208972625675,15.861482942125145,0.24,0.1095,0.2175718622256239,0.10231959172680467,platt_vol_vegas,platt,2026-09-13T20:25:00Z,2026-09-01 23:54:17,2026-09-01 23:54:05,live
QB,00-0040234,Quinn Ewers,JAX,CLE,2026_01_CLE_JAX,2026,1,NA,NA,20,25,2.4955562923778953,-1.0891944415000745,-14.433948076812287,12.255559193812138,-18.052040398875484,15.873651515875336,0.1865,0.072,0.21648151112643735,0.0665683171121076,platt_vol_vegas,platt,2026-09-13T17:00:00Z,2026-09-01 23:54:17,2026-09-01 23:54:05,live
QB,00-0036898,Davis Mills,HOU,BUF,2026_01_BUF_HOU,2026,1,NA,NA,20,25,1.8171620356826206,-0.7858636223285631,-14.130617257640775,12.55889001298365,-17.748709579703974,16.176982335046848,0.243,0.097,0.21560634890483193,0.09035263400746715,platt_vol_vegas,platt,2026-09-13T17:00:00Z,2026-09-01 23:54:17,2026-09-01 23:54:05,live
QB,00-0040494,Max Brosmer,MIN,GB,2026_01_GB_MIN,2026,1,NA,NA,20,25,1.2195029533143837,0.5058381336211836,-12.838915501691028,13.850591768933397,-16.45700782375423,17.468684090996593,0.1985,0.085,0.21383851928916603,0.07890971168663563,platt_vol_vegas,platt,2026-09-13T20:25:00Z,2026-09-01 23:54:17,2026-09-01 23:54:05,live
QB,00-0034577,Kyle Allen,BUF,HOU,2026_01_BUF_HOU,2026,1,NA,NA,20,25,2.3538337156562013,-2.418561045904824,-15.763314681217036,10.926192589407389,-19.381407003280234,14.544284911470587,0.181,0.0635,0.2119035058330264,0.058533119340422095,platt_vol_vegas,platt,2026-09-13T17:00:00Z,2026-09-01 23:54:17,2026-09-01 23:54:05,live
QB,00-0038102,Kenny Pickett,CAR,CHI,2026_01_CHI_CAR,2026,1,NA,NA,20,25,1.2978878288475275,-1.126333128614505,-14.471086763926717,12.218420506697708,-18.089179085989915,15.836512828760906,0.1825,0.0715,0.20830609688510957,0.06609487785175677,platt_vol_vegas,platt,2026-09-13T17:00:00Z,2026-09-01 23:54:17,2026-09-01 23:54:05,live
QB,00-0023459,Aaron Rodgers,PIT,ATL,2026_01_ATL_PIT,2026,1,NA,NA,20,25,1.2506930130455183,0.7252769325881697,-12.619476702724043,14.070030567900382,-16.23756902478724,17.68812288996358,0.259,0.118,0.20741149444799153,0.11048272938967953,platt_vol_vegas,platt,2026-09-13T17:00:00Z,2026-09-01 23:54:17,2026-09-01 23:54:05,live
QB,00-0029604,Kirk Cousins,LV,MIA,2026_01_MIA_LV,2026,1,NA,NA,20,25,1.2172811903624232,1.8343752506388167,-11.510378384673396,15.179128885951028,-15.128470706736595,18.79722120801423,0.263,0.125,0.20100615634397861,0.11722003472789139,platt_vol_vegas,platt,2026-09-13T20:25:00Z,2026-09-01 23:54:17,2026-09-01 23:54:05,live
QB,00-0040203,Will Howard,PIT,ATL,2026_01_ATL_PIT,2026,1,NA,NA,20,25,2.4382151527024396,-1.2079465851297986,-14.552700220442011,12.136807050182414,-18.17079254250521,15.754899372245612,0.195,0.0695,0.19790477345239904,0.06420207662444398,platt_vol_vegas,platt,2026-09-13T17:00:00Z,2026-09-01 23:54:17,2026-09-01 23:54:05,live
QB,00-0041565,Drew Allar,PIT,ATL,2026_01_ATL_PIT,2026,1,NA,NA,20,25,2.3550460409435927,-1.3228695283697594,-14.667623163681972,12.021884106942453,-18.285715485745172,15.639976429005651,0.1975,0.0755,0.19781144921553362,0.06988501674435874,platt_vol_vegas,platt,2026-09-13T17:00:00Z,2026-09-01 23:54:17,2026-09-01 23:54:05,live
QB,00-0040906,Garrett Nussmeier,KC,DEN,2026_01_DEN_KC,2026,1,NA,NA,20,25,2.3586836549145094,-2.3753242797091425,-15.720077915021355,10.96942935560307,-19.338170237084555,14.587521677666269,0.172,0.0515,0.19586892214075546,0.047241041659073855,platt_vol_vegas,platt,2026-09-15T00:15:00Z,2026-09-01 23:54:17,2026-09-01 23:54:05,live
QB,00-0038579,Aidan O'Connell,LV,MIA,2026_01_MIA_LV,2026,1,NA,NA,20,25,2.497145142461597,-0.4532647693930514,-13.798018404705264,12.891488865919161,-17.416110726768462,16.50958118798236,0.2015,0.0815,0.1946426319853957,0.07558114986136244,platt_vol_vegas,platt,2026-09-13T20:25:00Z,2026-09-01 23:54:17,2026-09-01 23:54:05,live
QB,00-0034771,Mason Rudolph,PIT,ATL,2026_01_ATL_PIT,2026,1,NA,NA,20,25,2.4935075284906802,-1.302511986208158,-14.64726562152037,12.042241649104055,-18.26535794358357,15.660333971167253,0.1855,0.074,0.19410605802283606,0.06846301605117991,platt_vol_vegas,platt,2026-09-13T17:00:00Z,2026-09-01 23:54:17,2026-09-01 23:54:05,live
QB,00-0041562,Fernando Mendoza,LV,MIA,2026_01_MIA_LV,2026,1,NA,NA,20,25,2.3586836549145094,-0.4893445768055349,-13.834098212117748,12.855409058506677,-17.452190534180946,16.473501380569875,0.1895,0.0715,0.18689751537494687,0.06609487785175677,platt_vol_vegas,platt,2026-09-13T20:25:00Z,2026-09-01 23:54:17,2026-09-01 23:54:05,live
QB,00-0040676,Cam Ward,TEN,NYJ,2026_01_NYJ_TEN,2026,1,NA,NA,20,25,2.2733272582279613,0.5812698276178716,-12.76348380769434,13.926023462930084,-16.38157612975754,17.54411578499328,0.271,0.123,0.18487396487343086,0.11529376742724379,platt_vol_vegas,platt,2026-09-13T17:00:00Z,2026-09-01 23:54:17,2026-09-01 23:54:05,live
QB,00-0041117,Athan Kaliakmanis,WAS,PHI,2026_01_WAS_PHI,2026,1,NA,NA,20,25,2.3597194060484163,-2.4741527618038415,-15.818906397116054,10.870600873508371,-19.43699871917925,14.48869319557157,0.154,0.0485,0.1803053153801508,0.04442844228768633,platt_vol_vegas,platt,2026-09-13T20:25:00Z,2026-09-01 23:54:17,2026-09-01 23:54:05,live
QB,00-0033869,Mitchell Trubisky,TEN,NYJ,2026_01_NYJ_TEN,2026,1,NA,NA,20,25,2.727871468955516,-0.5150279712007719,-13.859781606512984,12.829725664111441,-17.477873928576184,16.447817986174638,0.226,0.094,0.17441772398248104,0.08748758575160057,platt_vol_vegas,platt,2026-09-13T17:00:00Z,2026-09-01 23:54:17,2026-09-01 23:54:05,live
QB,00-0039917,Michael Penix Jr.,ATL,PIT,2026_01_ATL_PIT,2026,1,NA,NA,20,25,1.8997552022210358,-0.6069097387180531,-13.951663374030266,12.737843896594159,-17.569755696093463,16.35593621865736,0.23,0.1015,0.17364391914554556,0.09465539364612699,platt_vol_vegas,platt,2026-09-13T17:00:00Z,2026-09-01 23:54:17,2026-09-01 23:54:05,live
QB,00-0035264,Jarrett Stidham,DEN,KC,2026_01_DEN_KC,2026,1,NA,NA,20,25,2.5520361291419937,-1.6610584426476782,-15.005812077959892,11.683695192664533,-18.62390440002309,15.301787514727732,0.184,0.065,0.17336174890983422,0.05994899975373432,platt_vol_vegas,platt,2026-09-15T00:15:00Z,2026-09-01 23:54:17,2026-09-01 23:54:05,live
QB,00-0038476,Tommy DeVito,NE,SEA,2026_01_NE_SEA,2026,1,NA,NA,20,25,2.3405120737368112,-2.2299417305054043,-15.574695365817616,11.114811904806809,-19.192787687880816,14.732904226870007,0.151,0.062,0.17200112824663233,0.0571181699403162,platt_vol_vegas,platt,2026-09-10T00:20:00Z,2026-09-01 23:54:17,2026-09-01 23:54:05,live
QB,00-0041123,Behren Morton,NE,SEA,2026_01_NE_SEA,2026,1,NA,NA,20,25,2.3405120737368112,-2.2299417305054043,-15.574695365817616,11.114811904806809,-19.192787687880816,14.732904226870007,0.151,0.055,0.17200112824663233,0.05052787522725091,platt_vol_vegas,platt,2026-09-10T00:20:00Z,2026-09-01 23:54:17,2026-09-01 23:54:05,live
QB,00-0041561,Carson Beck,ARI,LAC,2026_01_ARI_LAC,2026,1,NA,NA,20,25,2.3597194060484163,-3.730545278198322,-17.075298913510533,9.61420835711389,-20.69339123557373,13.232300679177088,0.1405,0.0495,0.16201852688306975,0.04536548192828363,platt_vol_vegas,platt,2026-09-13T20:25:00Z,2026-09-01 23:54:17,2026-09-01 23:54:05,live
QB,00-0036879,Sam Ehlinger,DEN,KC,2026_01_DEN_KC,2026,1,NA,NA,20,25,2.496743753353753,-1.2742142768864597,-14.618967912198672,12.070539358425753,-18.23706023426187,15.688631680488951,0.153,0.0565,0.15793625683112714,0.05193825506974072,platt_vol_vegas,platt,2026-09-15T00:15:00Z,2026-09-01 23:54:17,2026-09-01 23:54:05,live
QB,00-0036212,Tua Tagovailoa,ATL,PIT,2026_01_ATL_PIT,2026,1,NA,NA,20,25,1.5006800386517585,-1.014785750525877,-14.35953938583809,12.329967884786335,-17.97763170790129,15.948060206849533,0.196,0.077,0.15491052501779082,0.07130784147978501,platt_vol_vegas,platt,2026-09-13T17:00:00Z,2026-09-01 23:54:17,2026-09-01 23:54:05,live
QB,00-0035289,Gardner Minshew,ARI,LAC,2026_01_ARI_LAC,2026,1,NA,NA,20,25,2.4428885178072632,-3.785699713943531,-17.130453349255745,9.559053921368681,-20.748545671318944,13.17714624343188,0.1215,0.037,0.15249340284999977,0.033690866826679905,platt_vol_vegas,platt,2026-09-13T20:25:00Z,2026-09-01 23:54:17,2026-09-01 23:54:05,live
QB,00-0030565,Geno Smith,NYJ,TEN,2026_01_NYJ_TEN,2026,1,NA,NA,20,25,2.441371185957828,-2.335185574410946,-15.679939209723159,11.009568060901266,-19.298031531786357,14.627660382964464,0.1925,0.075,0.14381505400667352,0.06941092438814922,platt_vol_vegas,platt,2026-09-13T17:00:00Z,2026-09-01 23:54:17,2026-09-01 23:54:05,live
QB,00-0038128,Malik Willis,MIA,LV,2026_01_MIA_LV,2026,1,NA,NA,20,25,2.550848668166136,-2.651519650699596,-15.996273286011808,10.693233984612617,-19.614365608075005,14.311326306675815,0.161,0.05,0.1432353110404615,0.04583418817633102,platt_vol_vegas,platt,2026-09-13T20:25:00Z,2026-09-01 23:54:17,2026-09-01 23:54:05,live
QB,00-0033662,Cooper Rush,ATL,PIT,2026_01_ATL_PIT,2026,1,NA,NA,20,25,2.4123871806190484,-3.2252059960228023,-16.569959631335013,10.11954763928941,-20.18805195339821,13.737639961352608,0.141,0.0455,0.1422914797662173,0.04162037598801674,platt_vol_vegas,platt,2026-09-13T17:00:00Z,2026-09-01 23:54:17,2026-09-01 23:54:05,live
QB,00-0040014,Kyle McCord,MIA,LV,2026_01_MIA_LV,2026,1,NA,NA,20,25,2.4955562923778953,-2.694594271456525,-16.03934790676874,10.650159363855687,-19.657440228831938,14.268251685918885,0.159,0.0555,0.14170003962701783,0.050997888104340076,platt_vol_vegas,platt,2026-09-13T20:25:00Z,2026-09-01 23:54:17,2026-09-01 23:54:05,live
QB,00-0041194,Jack Strand,ATL,PIT,2026_01_ATL_PIT,2026,1,NA,NA,20,25,2.4123871806190484,-3.2252059960228023,-16.569959631335013,10.11954763928941,-20.18805195339821,13.737639961352608,0.1285,0.0415,0.13613435017729716,0.037883726100545016,platt_vol_vegas,platt,2026-09-13T17:00:00Z,2026-09-01 23:54:17,2026-09-01 23:54:05,live
QB,00-0041056,Cade Klubnik,NYJ,TEN,2026_01_NYJ_TEN,2026,1,NA,NA,20,25,2.3937750550123797,-3.4046167911519416,-16.749370426464154,9.940136844160271,-20.367462748527352,13.55822916622347,0.1365,0.038,0.12074098378023504,0.03462157084051211,platt_vol_vegas,platt,2026-09-13T17:00:00Z,2026-09-01 23:54:17,2026-09-01 23:54:05,live
QB,00-0040668,Shedeur Sanders,CLE,JAX,2026_01_CLE_JAX,2026,1,NA,NA,20,25,2.4127661437524117,-5.858153257363027,-19.202906892675237,7.486600377949186,-22.820999214738436,11.104692700012384,0.132,0.043,0.11805027581191135,0.039283942485815425,platt_vol_vegas,platt,2026-09-13T17:00:00Z,2026-09-01 23:54:17,2026-09-01 23:54:05,live
QB,00-0033537,Deshaun Watson,CLE,JAX,2026_01_CLE_JAX,2026,1,NA,NA,20,25,2.731509082926433,-6.41901947907072,-19.763773114382932,6.925734156241493,-23.38186543644613,10.543826478304691,0.0905,0.0305,0.10130089719544792,0.027656987594183155,platt_vol_vegas,platt,2026-09-13T17:00:00Z,2026-09-01 23:54:17,2026-09-01 23:54:05,live
QB,00-0041092,Taylen Green,CLE,JAX,2026_01_CLE_JAX,2026,1,NA,NA,20,25,2.3586836549145094,-6.253262116051144,-19.598015751363356,7.091491519261068,-23.216108073426554,10.709583841324267,0.085,0.027,0.09513879410671573,0.024420280355990476,platt_vol_vegas,platt,2026-09-13T17:00:00Z,2026-09-01 23:54:17,2026-09-01 23:54:05,live
RB,00-0034844,Saquon Barkley,PHI,WAS,2026_01_WAS_PHI,2026,1,NA,NA,15,20,20.46792363035502,-1.1073609510044358,-7.0848938637458625,4.8701719617369905,-8.943378566070859,6.728656664061988,0.527,0.2745,0.5277730638508078,0.31865617928129963,platt_vegas,platt_vegas,2026-09-13T20:25:00Z,2026-09-01 23:54:17,2026-09-01 23:54:05,live
RB,00-0040666,Omarion Hampton,LAC,ARI,2026_01_ARI_LAC,2026,1,NA,NA,15,20,18.386723535707286,-0.6840299446987933,-6.307624471018009,4.939564581620422,-8.056065600796687,6.6880057113991,0.49,0.2435,0.4949167338191411,0.297352218949507,platt_vegas,platt_vegas,2026-09-13T20:25:00Z,2026-09-01 23:54:17,2026-09-01 23:54:05,live
RB,00-0036997,Javonte Williams,DAL,NYG,2026_01_DAL_NYG,2026,1,NA,NA,15,20,18.12547004503963,-0.35422895109587677,-5.932200515505945,5.223742613314192,-7.666456934297558,6.957999032105804,0.4705,0.242,0.4871553275176008,0.29349487098905647,platt_vegas,platt_vegas,2026-09-14T00:20:00Z,2026-09-01 23:54:17,2026-09-01 23:54:05,live
RB,00-0039139,Jahmyr Gibbs,DET,NO,2026_01_NO_DET,2026,1,NA,NA,15,20,17.950663758571082,-0.34513091947437663,-5.892417563603723,5.202155724654969,-7.6171336827823914,6.926871843833638,0.453,0.228,0.47372600781249213,0.28756575749056756,platt_vegas,platt_vegas,2026-09-13T17:00:00Z,2026-09-01 23:54:17,2026-09-01 23:54:05,live
RB,00-0036223,Jonathan Taylor,IND,BAL,2026_01_BAL_IND,2026,1,NA,NA,15,20,19.114004849143914,-0.8387656777406317,-6.58791705606517,4.910385700583906,-8.37539527558142,6.697863920100156,0.467,0.2425,0.45862789478371147,0.2638356671017544,platt_vegas,platt_vegas,2026-09-13T17:00:00Z,2026-09-01 23:54:17,2026-09-01 23:54:05,live
RB,00-0037840,Kyren Williams,LA,SF,2026_01_SF_LA,2026,1,NA,NA,15,20,17.04418999812698,-0.43349150048019863,-5.819548361908672,4.952565360948275,-7.49413626112053,6.627153260160132,0.436,0.2125,0.45282285408091016,0.26239835533397865,platt_vegas,platt_vegas,2026-09-11T00:35:00Z,2026-09-01 23:54:17,2026-09-01 23:54:05,live
RB,00-0040122,Ashton Jeanty,LV,MIA,2026_01_MIA_LV,2026,1,NA,NA,15,20,20.522293393344096,-2.0482049447406467,-8.03477087663532,3.938360987154028,-9.896064049972889,5.799654160491596,0.473,0.2295,0.4507522248140092,0.25183945655636036,platt_vegas,platt_vegas,2026-09-13T20:25:00Z,2026-09-01 23:54:17,2026-09-01 23:54:05,live
RB,00-0038597,Chase Brown,CIN,TB,2026_01_TB_CIN,2026,1,NA,NA,15,20,17.0111683784995,-0.7402503532844905,-6.120364979409982,4.639864272841002,-7.793105368358087,6.3126046617891065,0.411,0.193,0.4375242238592001,0.24755568666937922,platt_vegas,platt_vegas,2026-09-13T17:00:00Z,2026-09-01 23:54:17,2026-09-01 23:54:05,live
RB,00-0032764,Derrick Henry,BAL,IND,2026_01_BAL_IND,2026,1,NA,NA,15,20,17.13325947773484,-1.034511278031961,-6.436571497625473,4.367548941561551,-8.116135027548147,6.047112471484224,0.397,0.179,0.41405519466034457,0.22482305415531678,platt_vegas,platt_vegas,2026-09-13T17:00:00Z,2026-09-01 23:54:17,2026-09-01 23:54:05,live
RB,00-0033280,Christian McCaffrey,SF,LA,2026_01_SF_LA,2026,1,NA,NA,15,20,18.259301771058375,-1.43432134556122,-7.03569921297822,4.16705652185578,-8.777232924377229,5.908590233254789,0.4115,0.194,0.4042540422729591,0.21427932174979883,platt_vegas,platt_vegas,2026-09-11T00:35:00Z,2026-09-01 23:54:17,2026-09-01 23:54:05,live
RB,00-0036275,D'Andre Swift,CHI,CAR,2026_01_CHI_CAR,2026,1,NA,NA,15,20,16.778302596619476,-0.8713244166455952,-6.209392949362758,4.466744116071569,-7.869060717459988,6.126411884168798,0.3715,0.1755,0.3841884983476941,0.21661023582173913,platt_vegas,platt_vegas,2026-09-13T17:00:00Z,2026-09-01 23:54:17,2026-09-01 23:54:05,live
RB,00-0037248,James Cook,BUF,HOU,2026_01_BUF_HOU,2026,1,NA,NA,15,20,17.21131031747225,-1.3356418240373054,-6.751696213043022,4.080412564968412,-8.435610693458816,5.764327045384205,0.3705,0.164,0.369733012465025,0.1937292006945649,platt_vegas,platt_vegas,2026-09-13T17:00:00Z,2026-09-01 23:54:17,2026-09-01 23:54:05,live
RB,00-0039361,Bucky Irving,TB,CIN,2026_01_TB_CIN,2026,1,NA,NA,15,20,17.085268033715238,-1.3169434302432825,-6.7103853601949375,4.0764984997083715,-8.387269363347384,5.75338250286082,0.365,0.157,0.3677849730831734,0.18130394828241087,platt_vegas,platt_vegas,2026-09-13T17:00:00Z,2026-09-01 23:54:17,2026-09-01 23:54:05,live
RB,00-0038542,Bijan Robinson,ATL,PIT,2026_01_ATL_PIT,2026,1,NA,NA,15,20,18.64639770689898,-1.7455195079084018,-7.4141852916214095,3.9231462758046063,-9.176639601018449,5.6856005852016445,0.401,0.184,0.36546195945715254,0.18638346530726288,platt_vegas,platt_vegas,2026-09-13T17:00:00Z,2026-09-01 23:54:17,2026-09-01 23:54:05,live
RB,00-0036973,Travis Etienne,NO,DET,2026_01_NO_DET,2026,1,NA,NA,15,20,18.030070489623405,-1.3033145701305446,-6.8645558925860755,4.257926752324986,-8.593610684018609,5.98698154375752,0.3875,0.186,0.36131997671744465,0.18761437678202586,platt_vegas,platt_vegas,2026-09-13T17:00:00Z,2026-09-01 23:54:17,2026-09-01 23:54:05,live
RB,00-0039040,De'Von Achane,MIA,LV,2026_01_MIA_LV,2026,1,NA,NA,15,20,18.369630808166658,-1.6251179328194596,-7.245736112165878,3.9955002465269596,-8.993251860955693,5.743015995316774,0.3855,0.1605,0.3430480265662976,0.15844800100627993,platt_vegas,platt_vegas,2026-09-13T20:25:00Z,2026-09-01 23:54:17,2026-09-01 23:54:05,live
RB,00-0033906,Alvin Kamara,NO,DET,2026_01_NO_DET,2026,1,NA,NA,15,20,17.801825287073967,-1.9511013827832981,-7.472159804985146,3.56995703941855,-9.188721264050185,5.28651849848359,0.365,0.1685,0.3398477062944601,0.17070886024942777,platt_vegas,platt_vegas,2026-09-13T17:00:00Z,2026-09-01 23:54:17,2026-09-01 23:54:05,live
RB,00-0038120,Breece Hall,NYJ,TEN,2026_01_NYJ_TEN,2026,1,NA,NA,15,20,18.116764487890105,-1.5087889983622673,-7.085235442583928,4.067657445859393,-8.81901768372052,5.8014396869959866,0.3675,0.166,0.33065458816822085,0.16917753667267274,platt_vegas,platt_vegas,2026-09-13T17:00:00Z,2026-09-01 23:54:17,2026-09-01 23:54:05,live
RB,00-0035261,Tony Pollard,TEN,NYJ,2026_01_NYJ_TEN,2026,1,NA,NA,15,20,17.08051324830474,-1.6451762404880783,-7.037763739999436,3.747411259023279,-8.714382090762232,5.424029609786075,0.344,0.152,0.31791793131413626,0.16453991042559046,platt_vegas,platt_vegas,2026-09-13T17:00:00Z,2026-09-01 23:54:17,2026-09-01 23:54:05,live
RB,00-0039391,Kimani Vidal,LAC,ARI,2026_01_ARI_LAC,2026,1,NA,NA,15,20,13.782628622658764,-0.6538371412549708,-5.426537654735699,4.118863372225758,-6.910425911406898,5.602751628896957,0.287,0.1,0.29397344818724,0.1325281204676863,platt_vegas,platt_vegas,2026-09-13T20:25:00Z,2026-09-01 23:54:17,2026-09-01 23:54:05,live
RB,00-0036139,Rico Dowdle,PIT,ATL,2026_01_ATL_PIT,2026,1,NA,NA,15,20,15.57045031612341,-1.217650182177415,-6.333466529696719,3.8981661653418884,-7.924033501147879,5.488733136793049,0.303,0.125,0.290916943728417,0.14468241865508885,platt_vegas,platt_vegas,2026-09-13T17:00:00Z,2026-09-01 23:54:17,2026-09-01 23:54:05,live
RB,00-0036158,J.K. Dobbins,DEN,KC,2026_01_DEN_KC,2026,1,NA,NA,15,20,15.153349320462873,-0.9104646935719259,-5.947818647146607,4.126889260002755,-7.513990745163771,5.693061358019919,0.3025,0.12,0.27700160239251026,0.1260089990403576,platt_vegas,platt_vegas,2026-09-15T00:15:00Z,2026-09-01 23:54:17,2026-09-01 23:54:05,live
RB,00-0033293,Aaron Jones,MIN,GB,2026_01_GB_MIN,2026,1,NA,NA,15,20,14.985613166372975,-1.413859943150774,-6.4193986146427,3.5916787283411518,-7.975678970378541,5.1479590840769935,0.262,0.096,0.26673444764279686,0.11971885633811673,platt_vegas,platt_vegas,2026-09-13T20:25:00Z,2026-09-01 23:54:17,2026-09-01 23:54:05,live
RB,00-0038134,Kenneth Walker III,KC,DEN,2026_01_DEN_KC,2026,1,NA,NA,15,20,14.323209097276733,-0.8376380702801611,-5.716008430405887,4.040732289845565,-7.232750674893389,5.557474534333067,0.2735,0.1165,0.2663790820224297,0.13765436442784262,platt_vegas,platt_vegas,2026-09-15T00:15:00Z,2026-09-01 23:54:17,2026-09-01 23:54:05,live
RB,00-0040715,Cam Skattebo,NYG,DAL,2026_01_DAL_NYG,2026,1,NA,NA,15,20,14.323048369849822,-0.883276557979682,-5.7616157578490075,3.995062641889643,-7.278348314249353,5.511795198289988,0.2625,0.113,0.2645130428741433,0.1335265510417374,platt_vegas,platt_vegas,2026-09-14T00:20:00Z,2026-09-01 23:54:17,2026-09-01 23:54:05,live
RB,00-0037197,Isiah Pacheco,DET,NO,2026_01_NO_DET,2026,1,NA,NA,15,20,13.238263442414688,-0.7258823718186277,-5.390352862867857,3.9385881192306016,-6.840591143209778,5.3888263995725225,0.239,0.0905,0.25749680436198946,0.12462629349121221,platt_vegas,platt_vegas,2026-09-13T17:00:00Z,2026-09-01 23:54:17,2026-09-01 23:54:05,live
RB,00-0040784,Quinshon Judkins,CLE,JAX,2026_01_CLE_JAX,2026,1,NA,NA,15,20,16.7576229928464,-2.00269897600023,-7.337021496170628,3.3316235441701676,-8.995524585274948,4.990126633274489,0.3105,0.1275,0.25098110892663,0.11088239594270273,platt_vegas,platt_vegas,2026-09-13T17:00:00Z,2026-09-01 23:54:17,2026-09-01 23:54:05,live
RB,00-0036875,Rhamondre Stevenson,NE,SEA,2026_01_NE_SEA,2026,1,NA,NA,15,20,14.681521273834598,-1.180126498856361,-6.127592835057529,3.7673398373448066,-7.665817824417034,5.305564826704312,0.2665,0.0985,0.24797985906097106,0.10613933711687748,platt_vegas,platt_vegas,2026-09-10T00:20:00Z,2026-09-01 23:54:17,2026-09-01 23:54:05,live
RB,00-0039384,Tyrone Tracy Jr.,NYG,DAL,2026_01_DAL_NYG,2026,1,NA,NA,15,20,13.75996705850384,-0.8485523491586529,-5.616784468682387,3.9196797703650814,-7.099283449554647,5.402178751237341,0.245,0.0955,0.24720375178914042,0.114050165169867,platt_vegas,platt_vegas,2026-09-14T00:20:00Z,2026-09-01 23:54:17,2026-09-01 23:54:05,live
RB,00-0033526,Samaje Perine,CIN,TB,2026_01_TB_CIN,2026,1,NA,NA,15,20,11.830091162282763,-0.37714473922146174,-4.752368544494798,3.9980790660518752,-6.112676656561634,5.35838717811871,0.221,0.08,0.24294913304348245,0.11097677539364464,platt_vegas,platt_vegas,2026-09-13T17:00:00Z,2026-09-01 23:54:17,2026-09-01 23:54:05,live
RB,00-0037228,Jaylen Warren,PIT,ATL,2026_01_ATL_PIT,2026,1,NA,NA,15,20,14.298713245872017,-1.1181969972126966,-5.991816602693654,3.755422608268261,-7.507081782151036,5.270687787725643,0.2515,0.096,0.2415286522006082,0.11294416691223741,platt_vegas,platt_vegas,2026-09-13T17:00:00Z,2026-09-01 23:54:17,2026-09-01 23:54:05,live
RB,00-0039738,Blake Corum,LA,SF,2026_01_SF_LA,2026,1,NA,NA,15,20,12.144503248440682,-0.30887586540232936,-4.749914666404141,4.132162935599483,-6.130685428284954,5.512933697480296,0.217,0.071,0.23176109892407445,0.09604815993169803,platt_vegas,platt_vegas,2026-09-11T00:35:00Z,2026-09-01 23:54:17,2026-09-01 23:54:05,live
RB,00-0040583,Woody Marks,HOU,BUF,2026_01_BUF_HOU,2026,1,NA,NA,15,20,13.611986035409469,-1.1135446695994058,-5.852519667409922,3.62543032821111,-7.3259222678971945,5.098832928698382,0.2345,0.088,0.2282016175855616,0.10223792050083397,platt_vegas,platt_vegas,2026-09-13T17:00:00Z,2026-09-01 23:54:17,2026-09-01 23:54:05,live
RB,00-0040236,Kyle Monangai,CHI,CAR,2026_01_CHI_CAR,2026,1,NA,NA,15,20,12.4243752084632,-0.6452179186994379,-5.144226562761107,3.8537907253622308,-6.543020824988238,5.252584987589362,0.2165,0.0795,0.22796793533399792,0.10437149550984312,platt_vegas,platt_vegas,2026-09-13T17:00:00Z,2026-09-01 23:54:17,2026-09-01 23:54:05,live
RB,00-0037525,Jordan Mason,MIN,GB,2026_01_GB_MIN,2026,1,NA,NA,15,20,12.834415178112904,-1.2108991012005486,-5.793833207044118,3.3720350046430205,-7.2187208742150775,4.79692267181398,0.216,0.0745,0.22086065591363832,0.09444909398802799,platt_vegas,platt_vegas,2026-09-13T20:25:00Z,2026-09-01 23:54:17,2026-09-01 23:54:05,live
RB,00-0036893,Najee Harris,NYG,DAL,2026_01_DAL_NYG,2026,1,NA,NA,15,20,12.605344751198398,-0.6469258219555398,-5.183119487784928,3.8892678438738484,-6.5934750069921115,5.299623363081032,0.213,0.0705,0.21549695852256068,0.08573407433991186,platt_vegas,platt_vegas,2026-09-14T00:20:00Z,2026-09-01 23:54:17,2026-09-01 23:54:05,live
RB,00-0040208,Tahj Brooks,CIN,TB,2026_01_TB_CIN,2026,1,NA,NA,15,20,11.82336926572799,-0.8099604205098796,-5.183768977247221,3.5638481362274614,-6.543637072037273,4.923716231017514,0.1945,0.0705,0.21498461346665693,0.09870173891383742,platt_vegas,platt_vegas,2026-09-13T17:00:00Z,2026-09-01 23:54:17,2026-09-01 23:54:05,live
RB,00-0039344,Jonathon Brooks,CAR,CHI,2026_01_CHI_CAR,2026,1,NA,NA,15,20,13.182077485481997,-1.0562179166466894,-5.709409363435878,3.596973530142499,-7.156140857362712,5.043705024069333,0.213,0.076,0.21223457936424367,0.09046521892589547,platt_vegas,platt_vegas,2026-09-13T17:00:00Z,2026-09-01 23:54:17,2026-09-01 23:54:05,live
RB,00-0036919,Kenny Gainwell,TB,CIN,2026_01_TB_CIN,2026,1,NA,NA,15,20,12.097523738181435,-0.5135173211879901,-4.9447690853491375,3.917734442973157,-6.3224969433237765,5.295462300947796,0.201,0.071,0.20511833851805594,0.086215987754969,platt_vegas,platt_vegas,2026-09-13T17:00:00Z,2026-09-01 23:54:17,2026-09-01 23:54:05,live
RB,00-0039811,MarShawn Lloyd,GB,MIN,2026_01_GB_MIN,2026,1,NA,NA,15,20,13.182077485481997,-1.282313276159991,-5.9355047229491795,3.3708781706291973,-7.382236216876014,4.817609664556032,0.2055,0.08,0.2033433250283282,0.0950457318151673,platt_vegas,platt_vegas,2026-09-13T20:25:00Z,2026-09-01 23:54:17,2026-09-01 23:54:05,live
RB,00-0038611,Chris Rodriguez Jr.,JAX,CLE,2026_01_CLE_JAX,2026,1,NA,NA,15,20,12.5540873175154,-0.8801651921905236,-5.405850128465581,3.6455197440845337,-6.8129383610843535,5.052607976703306,0.2135,0.0685,0.2014091405216894,0.08281869006372371,platt_vegas,platt_vegas,2026-09-13T17:00:00Z,2026-09-01 23:54:17,2026-09-01 23:54:05,live
RB,00-0039373,Audric Estimé,NO,DET,2026_01_NO_DET,2026,1,NA,NA,15,20,13.55919737099825,-1.0436393694014527,-5.772144469594387,3.6848657307914814,-7.242291856795303,5.155013117992398,0.2165,0.072,0.20028711222526263,0.07584038204384624,platt_vegas,platt_vegas,2026-09-13T17:00:00Z,2026-09-01 23:54:17,2026-09-01 23:54:05,live
RB,00-0040734,TreVeyon Henderson,NE,SEA,2026_01_NE_SEA,2026,1,NA,NA,15,20,13.768530327599409,-1.303866350391375,-6.073787342666293,3.4660546418835434,-7.556811413775288,4.949078712992539,0.214,0.0655,0.19889013211305728,0.0720203966491036,platt_vegas,platt_vegas,2026-09-10T00:20:00Z,2026-09-01 23:54:17,2026-09-01 23:54:05,live
RB,00-0040242,Jacory Croskey-Merritt,WAS,PHI,2026_01_WAS_PHI,2026,1,NA,NA,15,20,13.114323390218175,-1.144289879719714,-5.783852455712806,3.495272696273378,-7.226346574746978,4.937766815307551,0.2135,0.0705,0.19684205056357376,0.07583379679804182,platt_vegas,platt_vegas,2026-09-13T20:25:00Z,2026-09-01 23:54:17,2026-09-01 23:54:05,live
RB,00-0039021,Roschon Johnson,CHI,CAR,2026_01_CHI_CAR,2026,1,NA,NA,15,20,11.493752176597248,-0.6239966750724942,-4.927975736422377,3.679982386277389,-6.266133026630822,5.018139676485834,0.1855,0.0595,0.19623209949839807,0.07960420552789693,platt_vegas,platt_vegas,2026-09-13T17:00:00Z,2026-09-01 23:54:17,2026-09-01 23:54:05,live
RB,00-0035250,Devin Singletary,NYG,DAL,2026_01_DAL_NYG,2026,1,NA,NA,15,20,12.340451425075488,-0.6333310860625522,-5.115016203107725,3.848354030982621,-6.508424378730156,5.241762206605053,0.191,0.0625,0.1936494093941671,0.07653007364969668,platt_vegas,platt_vegas,2026-09-14T00:20:00Z,2026-09-01 23:54:17,2026-09-01 23:54:05,live
RB,00-0035685,David Montgomery,HOU,BUF,2026_01_BUF_HOU,2026,1,NA,NA,15,20,12.277171517662085,-0.8067032771573818,-5.2752925873196075,3.6618860330048437,-6.664629123837437,5.051222569522673,0.1975,0.0625,0.19249963139195317,0.07400202007399465,platt_vegas,platt_vegas,2026-09-13T17:00:00Z,2026-09-01 23:54:17,2026-09-01 23:54:05,live
RB,00-0040730,RJ Harvey,DEN,KC,2026_01_DEN_KC,2026,1,NA,NA,15,20,12.693338074701742,-0.7626588628153639,-5.316849971596208,3.79153224596548,-6.732801105732581,5.207483380101853,0.2065,0.0765,0.1881921045647301,0.08209797892215848,platt_vegas,platt_vegas,2026-09-15T00:15:00Z,2026-09-01 23:54:17,2026-09-01 23:54:05,live
RB,00-0038555,Tank Bigsby,PHI,WAS,2026_01_WAS_PHI,2026,1,NA,NA,15,20,11.015649088637577,-0.3873060771367179,-4.588446170791126,3.8138340165176903,-5.894629626467009,5.120017472193573,0.182,0.057,0.1864072290698963,0.07468695949568108,platt_vegas,platt_vegas,2026-09-13T20:25:00Z,2026-09-01 23:54:17,2026-09-01 23:54:05,live
RB,00-0039603,British Brooks,HOU,BUF,2026_01_BUF_HOU,2026,1,NA,NA,15,20,11.615132806979808,-0.6513049373655885,-4.981097636128735,3.678487761397558,-6.327280687289771,5.024670812558594,0.19,0.065,0.18526367971128238,0.07679918716259128,platt_vegas,platt_vegas,2026-09-13T17:00:00Z,2026-09-01 23:54:17,2026-09-01 23:54:05,live
RB,00-0037563,Malik Davis,DAL,NYG,2026_01_DAL_NYG,2026,1,NA,NA,15,20,10.664842685528885,-0.2890931559273753,-4.413547476316145,3.8353611644613945,-5.69588843064898,5.117702118794229,0.17,0.049,0.1831742259117323,0.06750808176802499,platt_vegas,platt_vegas,2026-09-14T00:20:00Z,2026-09-01 23:54:17,2026-09-01 23:54:05,live
RB,00-0036555,Chuba Hubbard,CAR,CHI,2026_01_CHI_CAR,2026,1,NA,NA,15,20,12.011754605636398,-1.0867268289519696,-5.500068351006331,3.3266146931023917,-6.8722277058114685,4.698774047907529,0.1775,0.059,0.17737076837984592,0.07122880342229411,platt_vegas,platt_vegas,2026-09-13T17:00:00Z,2026-09-01 23:54:17,2026-09-01 23:54:05,live
RB,00-0038738,Hunter Luepke,DAL,NYG,2026_01_DAL_NYG,2026,1,NA,NA,15,20,10.434236727750763,-0.1852114579285584,-4.258662609702989,3.8882396938458723,-5.525146084031355,5.154723168174239,0.1625,0.046,0.17534306879689499,0.0636167155743948,platt_vegas,platt_vegas,2026-09-14T00:20:00Z,2026-09-01 23:54:17,2026-09-01 23:54:05,live
RB,00-0037256,Rachaad White,WAS,PHI,2026_01_WAS_PHI,2026,1,NA,NA,15,20,12.806863877770832,-1.0825618400324737,-5.659893390702211,3.4947697106372635,-7.0830391581234755,4.917915478058528,0.1885,0.063,0.17372655905179638,0.06812924655457134,platt_vegas,platt_vegas,2026-09-13T20:25:00Z,2026-09-01 23:54:17,2026-09-01 23:54:05,live
RB,00-0038551,Kendre Miller,NO,DET,2026_01_NO_DET,2026,1,NA,NA,15,20,12.232469659756992,-1.1587529351186097,-5.61807364197451,3.30056777173729,-7.00452846161881,4.687022591381591,0.187,0.057,0.17293660570134786,0.06068862524988383,platt_vegas,platt_vegas,2026-09-13T17:00:00Z,2026-09-01 23:54:17,2026-09-01 23:54:05,live
RB,00-0039032,Tyjae Spears,TEN,NYJ,2026_01_NYJ_TEN,2026,1,NA,NA,15,20,12.94440698180365,-1.127736117894849,-5.732985601526569,3.477513365736871,-7.164811379930255,4.9093391441405565,0.186,0.065,0.17072087870079564,0.07363797030465129,platt_vegas,platt_vegas,2026-09-13T17:00:00Z,2026-09-01 23:54:17,2026-09-01 23:54:05,live
RB,00-0038454,Keaton Mitchell,LAC,ARI,2026_01_ARI_LAC,2026,1,NA,NA,15,20,10.42502361824228,-0.45739293946047593,-4.528796391716328,3.6140105127953754,-5.79464321238075,4.879857333459798,0.1625,0.0395,0.16881813682055902,0.05567898923002491,platt_vegas,platt_vegas,2026-09-13T20:25:00Z,2026-09-01 23:54:17,2026-09-01 23:54:05,live
RB,00-0038896,Jacob Saylors,DET,NO,2026_01_NO_DET,2026,1,NA,NA,15,20,10.07595743629603,-0.2339078405382631,-4.227144544890191,3.759328863813664,-5.468688411922977,5.00087273084645,0.154,0.0365,0.16860626472437928,0.05343464278867684,platt_vegas,platt_vegas,2026-09-13T17:00:00Z,2026-09-01 23:54:17,2026-09-01 23:54:05,live
RB,00-0038951,Sean Tucker,TB,CIN,2026_01_TB_CIN,2026,1,NA,NA,15,20,10.80946250725105,-0.5700657847425986,-4.726263488813819,3.586131919328622,-6.018473831376723,4.878342261891526,0.1615,0.048,0.16557595052274268,0.059571463091429924,platt_vegas,platt_vegas,2026-09-13T17:00:00Z,2026-09-01 23:54:17,2026-09-01 23:54:05,live
RB,00-0040142,Kaleb Johnson,GB,MIN,2026_01_GB_MIN,2026,1,NA,NA,15,20,11.672580406682142,-1.285988389567023,-5.627957758338011,3.055980979203966,-6.9779266782287035,4.405949899094658,0.1655,0.0495,0.1642694070906039,0.060391974150029705,platt_vegas,platt_vegas,2026-09-13T20:25:00Z,2026-09-01 23:54:17,2026-09-01 23:54:05,live
RB,00-0035125,Alec Ingold,LAC,ARI,2026_01_ARI_LAC,2026,1,NA,NA,15,20,10.100267058951777,-0.3757540110047705,-4.374471806264238,3.6229637842546976,-5.617719808389615,4.866211786380075,0.1575,0.0485,0.163744649370634,0.06753247064299396,platt_vegas,platt_vegas,2026-09-13T20:25:00Z,2026-09-01 23:54:17,2026-09-01 23:54:05,live
RB,00-0039364,Sione Vaki,DET,NO,2026_01_NO_DET,2026,1,NA,NA,15,20,10.07595743629603,-0.2339078405382631,-4.227144544890191,3.759328863813664,-5.468688411922977,5.00087273084645,0.149,0.045,0.16331004802151633,0.06504870732457485,platt_vegas,platt_vegas,2026-09-13T17:00:00Z,2026-09-01 23:54:17,2026-09-01 23:54:05,live
RB,00-0033376,Patrick Ricard,NYG,DAL,2026_01_DAL_NYG,2026,1,NA,NA,15,20,10.573984579825417,-0.567611555755722,-4.672028044446446,3.536804932935002,-5.94813900319043,4.812915891678987,0.159,0.0405,0.16178392691255508,0.05077373056970911,platt_vegas,platt_vegas,2026-09-14T00:20:00Z,2026-09-01 23:54:17,2026-09-01 23:54:05,live
RB,00-0034975,Justice Hill,BAL,IND,2026_01_BAL_IND,2026,1,NA,NA,15,20,10.479927665719279,-0.6327811340997158,-4.716376034582017,3.450813766382585,-5.986013318696627,4.7204510504971955,0.1485,0.045,0.16056477017841495,0.06266830337330699,platt_vegas,platt_vegas,2026-09-13T17:00:00Z,2026-09-01 23:54:17,2026-09-01 23:54:05,live
RB,00-0039652,Jabari Small,DET,NO,2026_01_NO_DET,2026,1,NA,NA,15,20,10.07595743629603,-0.2339078405382631,-4.227144544890191,3.759328863813664,-5.468688411922977,5.00087273084645,0.142,0.0395,0.15588140982842857,0.057555285125456296,platt_vegas,platt_vegas,2026-09-13T17:00:00Z,2026-09-01 23:54:17,2026-09-01 23:54:05,live
RB,00-0037557,Ronnie Rivers,LA,SF,2026_01_SF_LA,2026,1,NA,NA,15,20,10.067191893989254,-0.279785835693695,-4.27104477603804,3.71147310465065,-5.511973733172954,4.9524020617855635,0.144,0.0385,0.15584323257613097,0.05410965420817487,platt_vegas,platt_vegas,2026-09-11T00:35:00Z,2026-09-01 23:54:17,2026-09-01 23:54:05,live
RB,00-0035537,Ty Johnson,BUF,HOU,2026_01_BUF_HOU,2026,1,NA,NA,15,20,10.985228819250045,-0.7946551232901098,-4.98918745692937,3.39987721034915,-6.29331648294605,4.7040062363658315,0.1485,0.0435,0.15060019092520405,0.05592667507527247,platt_vegas,platt_vegas,2026-09-13T17:00:00Z,2026-09-01 23:54:17,2026-09-01 23:54:05,live
RB,00-0040719,Bhayshul Tuten,JAX,CLE,2026_01_CLE_JAX,2026,1,NA,NA,15,20,11.287692108793143,-0.9761973173035627,-5.236083751783786,3.2836891171766602,-6.56053213001821,4.608137495411084,0.157,0.051,0.1482817513990553,0.06267509728301045,platt_vegas,platt_vegas,2026-09-13T17:00:00Z,2026-09-01 23:54:17,2026-09-01 23:54:05,live
RB,00-0040177,Jordan James,SF,LA,2026_01_SF_LA,2026,1,NA,NA,15,20,11.4496076359965,-0.9663042895740019,-5.260866175599059,3.3282575964510546,-6.596095556160532,4.663486977012528,0.1455,0.0445,0.14463122565746137,0.0535209575360996,platt_vegas,platt_vegas,2026-09-11T00:35:00Z,2026-09-01 23:54:17,2026-09-01 23:54:05,live
RB,00-0040179,DJ Giddens,IND,BAL,2026_01_BAL_IND,2026,1,NA,NA,15,20,10.392741298825682,-0.6446243399649113,-4.708846586477568,3.4195979065477453,-5.972460686517479,4.683212006587656,0.141,0.042,0.14022564776188398,0.050663223857620586,platt_vegas,platt_vegas,2026-09-13T17:00:00Z,2026-09-01 23:54:17,2026-09-01 23:54:05,live
RB,00-0038797,Emanuel Wilson,SEA,NE,2026_01_NE_SEA,2026,1,NA,NA,15,20,11.557549073708115,-1.158125684792895,-5.475686794115086,3.159435424529296,-6.818066901454152,4.5018155318683615,0.1365,0.033,0.13844030659573964,0.043555257480565275,platt_vegas,platt_vegas,2026-09-10T00:20:00Z,2026-09-01 23:54:17,2026-09-01 23:54:05,live
RB,00-0039874,Jaylen Wright,MIA,LV,2026_01_MIA_LV,2026,1,NA,NA,15,20,11.791364552234493,-1.1985048508081921,-5.565570278478267,3.1685605768618834,-6.9233418557919215,4.526332154175538,0.1565,0.0515,0.13609111352640302,0.05337290187533245,platt_vegas,platt_vegas,2026-09-13T20:25:00Z,2026-09-01 23:54:17,2026-09-01 23:54:05,live
RB,00-0039796,Rasheen Ali,BAL,IND,2026_01_BAL_IND,2026,1,NA,NA,15,20,10.243496822295953,-0.8505727959904233,-4.881469927474806,3.1803243354939594,-6.134722860560496,4.433577268579649,0.1245,0.036,0.13531214480471623,0.05079082211894912,platt_vegas,platt_vegas,2026-09-13T17:00:00Z,2026-09-01 23:54:17,2026-09-01 23:54:05,live
RB,00-0039746,Will Shipley,PHI,WAS,2026_01_WAS_PHI,2026,1,NA,NA,15,20,10.071257958523777,-0.8311519713684257,-4.823328427599995,3.1610244848631437,-6.064542651125816,4.402238708388964,0.128,0.0395,0.1320838084753773,0.05286265518097161,platt_vegas,platt_vegas,2026-09-13T20:25:00Z,2026-09-01 23:54:17,2026-09-01 23:54:05,live
RB,00-0032104,Ameer Abdullah,JAX,CLE,2026_01_CLE_JAX,2026,1,NA,NA,15,20,10.911957901535,-0.7650357433932732,-4.943620045327054,3.4135485585405076,-6.242790642274503,4.712719155487957,0.1385,0.0455,0.1309220720632589,0.056257746429489074,platt_vegas,platt_vegas,2026-09-13T17:00:00Z,2026-09-01 23:54:17,2026-09-01 23:54:05,live
RB,00-0037746,Brian Robinson,ATL,PIT,2026_01_ATL_PIT,2026,1,NA,NA,15,20,12.001270209958783,-1.2627892271345027,-5.6739376326611675,3.1483591783921616,-7.045415121958135,4.5198366676891295,0.146,0.0535,0.13072817791243474,0.057376573803811774,platt_vegas,platt_vegas,2026-09-13T17:00:00Z,2026-09-01 23:54:17,2026-09-01 23:54:05,live
RB,00-0037304,Connor Heyward,LV,MIA,2026_01_MIA_LV,2026,1,NA,NA,15,20,10.284493058572851,-0.41455725637202073,-4.454629242294518,3.625514729550477,-5.710734744637159,4.881620231893117,0.1355,0.0415,0.12849909194314416,0.050394922007498164,platt_vegas,platt_vegas,2026-09-13T20:25:00Z,2026-09-01 23:54:17,2026-09-01 23:54:05,live
RB,00-0041013,Emmett Johnson,KC,DEN,2026_01_DEN_KC,2026,1,NA,NA,15,20,10.042401844468822,-0.6059219332514114,-4.591583490212847,3.379739623710025,-5.8307721555681855,4.618928289065362,0.1285,0.0375,0.12618040617186582,0.04730116426779958,platt_vegas,platt_vegas,2026-09-15T00:15:00Z,2026-09-01 23:54:17,2026-09-01 23:54:05,live
RB,00-0029892,Kyle Juszczyk,SF,LA,2026_01_SF_LA,2026,1,NA,NA,15,20,10.347961289620269,-0.7131727518391268,-4.767417750569433,3.3410722468911795,-6.027929807902849,4.601584304224595,0.1265,0.0315,0.12601804901878824,0.038546793184189056,platt_vegas,platt_vegas,2026-09-11T00:35:00Z,2026-09-01 23:54:17,2026-09-01 23:54:05,live
RB,00-0039407,Dylan Laube,LV,MIA,2026_01_MIA_LV,2026,1,NA,NA,15,20,10.664599349710155,-0.9143654788603754,-5.0387662324415805,3.2100352747208296,-6.32109053222916,4.492359574508409,0.1325,0.0415,0.1256778120801057,0.050394922007498164,platt_vegas,platt_vegas,2026-09-13T20:25:00Z,2026-09-01 23:54:17,2026-09-01 23:54:05,live
RB,00-0041512,Jadarian Price,SEA,NE,2026_01_NE_SEA,2026,1,NA,NA,15,20,10.07595743629603,-1.0577041128329017,-5.050940817184829,2.935532591519026,-6.292484684217615,4.177076458551812,0.1215,0.036,0.12349282603435241,0.04729643611619136,platt_vegas,platt_vegas,2026-09-10T00:20:00Z,2026-09-01 23:54:17,2026-09-01 23:54:05,live
RB,00-0036842,Kene Nwangwu,NYJ,TEN,2026_01_NYJ_TEN,2026,1,NA,NA,15,20,11.513120300287428,-1.344194337940063,-5.652300203665684,2.9639115277855574,-6.991740565488078,4.303351889607953,0.1375,0.0425,0.12159360259035787,0.04613918268887829,platt_vegas,platt_vegas,2026-09-13T17:00:00Z,2026-09-01 23:54:17,2026-09-01 23:54:05,live
RB,00-0040878,Mike Washington Jr.,LV,MIA,2026_01_MIA_LV,2026,1,NA,NA,15,20,10.096771607457898,-0.48395312161433157,-4.481883147486718,3.513976904258055,-5.7248862229213975,4.756979979692734,0.1275,0.0385,0.12097590138792999,0.046930292239766025,platt_vegas,platt_vegas,2026-09-13T20:25:00Z,2026-09-01 23:54:17,2026-09-01 23:54:05,live
RB,00-0041490,Eli Heidenreich,PIT,ATL,2026_01_ATL_PIT,2026,1,NA,NA,15,20,10.042401844468822,-0.8090268169162318,-4.794688373877667,3.176634740045204,-6.033877039233006,4.415823405400542,0.1245,0.03,0.1202379408657389,0.03759063167340576,platt_vegas,platt_vegas,2026-09-13T17:00:00Z,2026-09-01 23:54:17,2026-09-01 23:54:05,live
RB,00-0040078,Brashard Smith,KC,DEN,2026_01_DEN_KC,2026,1,NA,NA,15,20,10.62318949919148,-1.0272427151189016,-5.142520015122074,3.08803458488427,-6.422007726779622,4.367522296541818,0.1215,0.0385,0.11939900741067644,0.04849616038971448,platt_vegas,platt_vegas,2026-09-15T00:15:00Z,2026-09-01 23:54:17,2026-09-01 23:54:05,live
RB,00-0041104,Demond Claiborne,MIN,GB,2026_01_GB_MIN,2026,1,NA,NA,15,20,10.130327199285105,-0.9997126871693066,-5.0052002903834865,3.005774916044873,-6.250553104762543,4.251127730423929,0.115,0.0285,0.11920844921623602,0.03814828788393034,platt_vegas,platt_vegas,2026-09-13T20:25:00Z,2026-09-01 23:54:17,2026-09-01 23:54:05,live
RB,00-0039875,Ray Davis,BUF,HOU,2026_01_BUF_HOU,2026,1,NA,NA,15,20,10.355695333553253,-0.803628518070497,-4.8595980337934535,3.25234099765246,-6.120646263574018,4.513389227433025,0.1155,0.034,0.11768597394563375,0.04429176469969403,platt_vegas,platt_vegas,2026-09-13T17:00:00Z,2026-09-01 23:54:17,2026-09-01 23:54:05,live
RB,00-0041125,Seth McGowan,IND,BAL,2026_01_BAL_IND,2026,1,NA,NA,15,20,10.07595743629603,-0.5450622464631975,-4.538298950815125,3.44817445788873,-5.779842817847911,4.689718324921516,0.117,0.0285,0.11669850113002164,0.035046486964311716,platt_vegas,platt_vegas,2026-09-13T17:00:00Z,2026-09-01 23:54:17,2026-09-01 23:54:05,live
RB,00-0041052,Kaelon Black,SF,LA,2026_01_SF_LA,2026,1,NA,NA,15,20,10.07595743629603,-0.8503733229816063,-4.843610027333534,3.1428633813703213,-6.08515389436632,4.384407248403107,0.116,0.0315,0.11571692524088989,0.038546793184189056,platt_vegas,platt_vegas,2026-09-11T00:35:00Z,2026-09-01 23:54:17,2026-09-01 23:54:05,live
RB,00-0041496,Jonah Coleman,DEN,KC,2026_01_DEN_KC,2026,1,NA,NA,15,20,10.170726121482561,-0.6350789862790045,-4.64965116720737,3.3794931946493616,-5.897828482756951,4.627670510198943,0.127,0.042,0.11568657780749315,0.04636742603074947,platt_vegas,platt_vegas,2026-09-15T00:15:00Z,2026-09-01 23:54:17,2026-09-01 23:54:05,live
RB,00-0041081,Max Bredeson,MIN,GB,2026_01_GB_MIN,2026,1,NA,NA,15,20,10.130327199285105,-0.9997126871693066,-5.0052002903834865,3.005774916044873,-6.250553104762543,4.251127730423929,0.1105,0.0345,0.11463940944877296,0.045719397740244666,platt_vegas,platt_vegas,2026-09-13T20:25:00Z,2026-09-01 23:54:17,2026-09-01 23:54:05,live
RB,00-0039798,Isaiah Davis,NYJ,TEN,2026_01_NYJ_TEN,2026,1,NA,NA,15,20,10.833520349466339,-0.7901398251108263,-4.951600322225508,3.3713206720038547,-6.245446928528914,4.66516727830726,0.129,0.041,0.11406806761749048,0.04458392312384582,platt_vegas,platt_vegas,2026-09-13T17:00:00Z,2026-09-01 23:54:17,2026-09-01 23:54:05,live
RB,00-0036265,AJ Dillon,CAR,CHI,2026_01_CHI_CAR,2026,1,NA,NA,15,20,10.656966302228962,-1.1343798676578702,-5.257100050521711,2.9883403152059707,-6.5389018412717,4.27014210595596,0.112,0.0315,0.11278400383627273,0.03929078746455659,platt_vegas,platt_vegas,2026-09-13T17:00:00Z,2026-09-01 23:54:17,2026-09-01 23:54:05,live
RB,00-0037157,Bam Knight,ARI,LAC,2026_01_ARI_LAC,2026,1,NA,NA,15,20,12.890101666622495,-2.283764418446647,-6.878006573305409,2.310477736412116,-8.306410044808132,3.7388812079148392,0.138,0.0405,0.11081073739579944,0.03644635467927936,platt_vegas,platt_vegas,2026-09-13T20:25:00Z,2026-09-01 23:54:17,2026-09-01 23:54:05,live
RB,00-0040198,Ollie Gordon II,MIA,LV,2026_01_MIA_LV,2026,1,NA,NA,15,20,11.169821772913034,-1.6013923766982123,-5.835901036230437,2.633116282834013,-7.15245916823646,3.9496744148400347,0.1245,0.0325,0.10814817105022463,0.03437129687930434,platt_vegas,platt_vegas,2026-09-13T20:25:00Z,2026-09-01 23:54:17,2026-09-01 23:54:05,live
RB,00-0037594,Julius Chestnut,TEN,NYJ,2026_01_NYJ_TEN,2026,1,NA,NA,15,20,10.230123295583775,-1.2135347470373017,-5.241435496667147,2.8143660025925437,-6.493756819685561,4.066687325610958,0.1145,0.0245,0.10521090643311659,0.029103827275178303,platt_vegas,platt_vegas,2026-09-13T17:00:00Z,2026-09-01 23:54:17,2026-09-01 23:54:05,live
RB,00-0040238,LeQuint Allen Jr.,JAX,CLE,2026_01_CLE_JAX,2026,1,NA,NA,15,20,10.324320215097353,-1.1068546404150679,-5.155824768149155,2.942115487319019,-6.414696806565683,4.200987525735547,0.11,0.0285,0.10419243815818612,0.03609185683967355,platt_vegas,platt_vegas,2026-09-13T17:00:00Z,2026-09-01 23:54:17,2026-09-01 23:54:05,live
RB,00-0031595,Michael Burton,CLE,JAX,2026_01_CLE_JAX,2026,1,NA,NA,15,20,11.734175382788639,-1.4051105240037722,-5.760107001977353,2.949885953969808,-7.114126202062559,4.303905154055014,0.133,0.0355,0.1040735351484606,0.03221653404353256,platt_vegas,platt_vegas,2026-09-13T17:00:00Z,2026-09-01 23:54:17,2026-09-01 23:54:05,live
RB,00-0039686,Colson Yankoff,WAS,PHI,2026_01_WAS_PHI,2026,1,NA,NA,15,20,10.07595743629603,-0.9105963364723114,-4.903833040824239,3.082640367879616,-6.145376907857025,4.324184234912402,0.112,0.0315,0.10338309827328349,0.0351815006753684,platt_vegas,platt_vegas,2026-09-13T20:25:00Z,2026-09-01 23:54:17,2026-09-01 23:54:05,live
RB,00-0037085,Tyler Badie,DEN,KC,2026_01_DEN_KC,2026,1,NA,NA,15,20,10.232263112157595,-0.7428091298197221,-4.771189425611241,3.2855711659717963,-6.02365984512457,4.538041585485125,0.113,0.0325,0.1029863139295956,0.03630690806810716,platt_vegas,platt_vegas,2026-09-15T00:15:00Z,2026-09-01 23:54:17,2026-09-01 23:54:05,live
RB,00-0038685,Chris Brooks,GB,MIN,2026_01_GB_MIN,2026,1,NA,NA,15,20,10.137308434904675,-1.189931754857508,-5.196990354908712,2.8171268451936964,-6.4428316105279295,4.062968100812914,0.102,0.0245,0.10201254478408622,0.030973516507853967,platt_vegas,platt_vegas,2026-09-13T20:25:00Z,2026-09-01 23:54:17,2026-09-01 23:54:05,live
RB,00-0038488,Brady Russell,SEA,NE,2026_01_NE_SEA,2026,1,NA,NA,15,20,10.07595743629603,-1.0577041128329017,-5.050940817184829,2.935532591519026,-6.292484684217615,4.177076458551812,0.1,0.032,0.10200703027070346,0.04230360317089019,platt_vegas,platt_vegas,2026-09-10T00:20:00Z,2026-09-01 23:54:17,2026-09-01 23:54:05,live
RB,00-0037263,Tyler Allgeier,ARI,LAC,2026_01_ARI_LAC,2026,1,NA,NA,15,20,11.705141864357154,-1.8994599590485164,-6.248319635020337,2.4493997169233044,-7.600430831785786,3.8015109136887535,0.1265,0.041,0.10145893462134677,0.03687909764193866,platt_vegas,platt_vegas,2026-09-13T20:25:00Z,2026-09-01 23:54:17,2026-09-01 23:54:05,live
RB,00-0041096,Kaytron Allen,WAS,PHI,2026_01_WAS_PHI,2026,1,NA,NA,15,20,10.07595743629603,-0.9105963364723114,-4.903833040824239,3.082640367879616,-6.145376907857025,4.324184234912402,0.1095,0.033,0.10109110266901028,0.03677836407407169,platt_vegas,platt_vegas,2026-09-13T20:25:00Z,2026-09-01 23:54:17,2026-09-01 23:54:05,live
RB,00-0039794,Braelon Allen,NYJ,TEN,2026_01_NYJ_TEN,2026,1,NA,NA,15,20,11.231259067839488,-1.3112861199366543,-5.559036698685771,2.9364644588124627,-6.879711897825218,4.257139657951909,0.1125,0.0345,0.09948707555410431,0.037811819200531574,platt_vegas,platt_vegas,2026-09-13T17:00:00Z,2026-09-01 23:54:17,2026-09-01 23:54:05,live
RB,00-0040466,Raheim Sanders,CLE,JAX,2026_01_CLE_JAX,2026,1,NA,NA,15,20,11.31583096266901,-1.159677314579735,-5.425605208102198,3.1062505789427277,-6.7519319464182175,4.4325773172587475,0.127,0.036,0.09930637411715504,0.03265255656147119,platt_vegas,platt_vegas,2026-09-13T17:00:00Z,2026-09-01 23:54:17,2026-09-01 23:54:05,live
RB,00-0034959,Andrew Beck,NYJ,TEN,2026_01_NYJ_TEN,2026,1,NA,NA,15,20,9.741143732211707,-0.616623818257734,-4.5337815360442795,3.3005338995288116,-5.751671558796465,4.518423922280997,0.1105,0.033,0.09772192867470107,0.03624082264789989,platt_vegas,platt_vegas,2026-09-13T17:00:00Z,2026-09-01 23:54:17,2026-09-01 23:54:05,live
RB,00-0039299,George Holani,SEA,NE,2026_01_NE_SEA,2026,1,NA,NA,15,20,10.156507909602997,-1.3824226988997315,-5.3937993809083,2.6289539831088375,-6.640983178572588,3.8761377807731257,0.0955,0.0195,0.09749957444472367,0.026431476894430313,platt_vegas,platt_vegas,2026-09-10T00:20:00Z,2026-09-01 23:54:17,2026-09-01 23:54:05,live
RB,00-0036187,Reggie Gilliam,NE,SEA,2026_01_NE_SEA,2026,1,NA,NA,15,20,10.226946663285942,-1.0282416419518732,-5.055430408892241,2.9989471249884945,-6.307530368188191,4.251047084284444,0.1035,0.0285,0.0964572654950957,0.03259810444662565,platt_vegas,platt_vegas,2026-09-10T00:20:00Z,2026-09-01 23:54:17,2026-09-01 23:54:05,live
RB,00-0040556,Corey Kiner,NE,SEA,2026_01_NE_SEA,2026,1,NA,NA,15,20,9.948512355890378,-0.8462728281150691,-4.810680763377402,3.118135107147264,-6.043261429852033,4.3507157736218955,0.1025,0.028,0.09553328660471172,0.03205236532894855,platt_vegas,platt_vegas,2026-09-10T00:20:00Z,2026-09-01 23:54:17,2026-09-01 23:54:05,live
RB,00-0040886,Nicholas Singleton,TEN,NYJ,2026_01_NYJ_TEN,2026,1,NA,NA,15,20,10.042401844468822,-0.7729490773858775,-4.758610634347313,3.2127124795755586,-5.997799299702652,4.451901144930896,0.1025,0.0255,0.09425344720138151,0.03023520295081711,platt_vegas,platt_vegas,2026-09-13T17:00:00Z,2026-09-01 23:54:17,2026-09-01 23:54:05,live
RB,00-0041436,DJ Herman,MIA,LV,2026_01_MIA_LV,2026,1,NA,NA,15,20,10.096771607457898,-1.0234122496378815,-5.021342275510268,2.974517776234505,-6.264345350944947,4.2175208516691844,0.0975,0.0275,0.08469891860583863,0.029297589180685153,platt_vegas,platt_vegas,2026-09-13T20:25:00Z,2026-09-01 23:54:17,2026-09-01 23:54:05,live
RB,00-0040162,Dylan Sampson,CLE,JAX,2026_01_CLE_JAX,2026,1,NA,NA,15,20,10.833520349466339,-1.2591464495655087,-5.42060694668019,2.902314047549172,-6.714453552983596,4.196160653852578,0.1075,0.0285,0.08388700626608592,0.026088249551360708,platt_vegas,platt_vegas,2026-09-13T17:00:00Z,2026-09-01 23:54:17,2026-09-01 23:54:05,live
RB,00-0041027,Jeremiyah Love,ARI,LAC,2026_01_ARI_LAC,2026,1,NA,NA,15,20,10.204281713309769,-1.7168574965628636,-5.738963571574769,2.3052485784490413,-6.989483262667504,3.555768269541776,0.0825,0.022,0.06599224677610024,0.020279798170570577,platt_vegas,platt_vegas,2026-09-13T20:25:00Z,2026-09-01 23:54:17,2026-09-01 23:54:05,live
TE,00-0039065,Sam LaPorta,DET,NO,2026_01_NO_DET,2026,1,NA,NA,12,17,6.180193564426489,2.831751006771319,-1.1849224043054392,7.718697738180689,-2.607055722479391,9.246401882192476,0.5145,0.237,0.41229705162954294,0.2573727654830995,platt_vol_vegas,platt,2026-09-13T17:00:00Z,2026-09-01 23:54:17,2026-09-01 23:54:05,live
TE,00-0037744,Trey McBride,ARI,LAC,2026_01_ARI_LAC,2026,1,NA,NA,12,17,7.058577206805249,0.7451607490126243,-3.5845743657558624,6.012998758604258,-5.117549525896985,7.659772991994567,0.4405,0.177,0.38256635932313354,0.19256665447558338,platt_vol_vegas,platt,2026-09-13T20:25:00Z,2026-09-01 23:54:17,2026-09-01 23:54:05,live
TE,00-0039338,Brock Bowers,LV,MIA,2026_01_MIA_LV,2026,1,NA,NA,12,17,6.271384865923496,1.0950817244216293,-2.954956588002536,6.022622369972451,-4.388902999502145,7.563016541984128,0.3905,0.1515,0.3353859504385414,0.1648459836042418,platt_vol_vegas,platt,2026-09-13T20:25:00Z,2026-09-01 23:54:17,2026-09-01 23:54:05,live
TE,00-0034351,Dallas Goedert,PHI,WAS,2026_01_WAS_PHI,2026,1,NA,NA,12,17,5.766676477088202,1.2328850113856482,-2.6297236948552367,5.932386578932072,-3.99730924987336,7.401493654191729,0.3715,0.1455,0.316678134093256,0.1583104510611874,platt_vol_vegas,platt,2026-09-13T20:25:00Z,2026-09-01 23:54:17,2026-09-01 23:54:05,live
TE,00-0030506,Travis Kelce,KC,DEN,2026_01_DEN_KC,2026,1,NA,NA,12,17,5.856047668310795,0.9952082925358153,-2.9010946226790644,5.735704431350792,-4.280609864855544,7.217626783684461,0.3455,0.1325,0.2993956626437849,0.14413511067784865,platt_vol_vegas,platt,2026-09-15T00:15:00Z,2026-09-01 23:54:17,2026-09-01 23:54:05,live
TE,00-0038129,Cade Otton,TB,CIN,2026_01_TB_CIN,2026,1,NA,NA,12,17,5.655480609696072,0.9810697566669397,-2.8392975446989164,5.629177677193198,-4.1919272138056805,7.082218629402248,0.3,0.1085,0.296974390608358,0.1179198426131303,platt_vol_vegas,platt,2026-09-13T17:00:00Z,2026-09-01 23:54:17,2026-09-01 23:54:05,live
TE,00-0040128,Tyler Warren,IND,BAL,2026_01_BAL_IND,2026,1,NA,NA,12,17,5.684169161925321,0.9278853755293948,-2.9034145573528916,5.589294648290959,-4.259915006566387,7.0464937245900945,0.3305,0.126,0.2876343324713421,0.13704041652937018,platt_vol_vegas,platt,2026-09-13T17:00:00Z,2026-09-01 23:54:17,2026-09-01 23:54:05,live
TE,00-0033288,George Kittle,SF,LA,2026_01_SF_LA,2026,1,NA,NA,12,17,5.640245672588925,1.0549703611367245,-2.759581399031185,5.6960027151082535,-4.1101520322008955,7.146831780644298,0.321,0.115,0.28252744470452457,0.12502474499056304,platt_vol_vegas,platt,2026-09-11T00:35:00Z,2026-09-01 23:54:17,2026-09-01 23:54:05,live
TE,00-0036970,Kyle Pitts,ATL,PIT,2026_01_ATL_PIT,2026,1,NA,NA,12,17,5.957474278404103,0.6632720061892249,-3.271000197632806,5.449964056860255,-4.663958750944983,6.946327672800361,0.325,0.109,0.27228192024310066,0.11846648324138728,platt_vol_vegas,platt,2026-09-13T17:00:00Z,2026-09-01 23:54:17,2026-09-01 23:54:05,live
TE,00-0034829,Mike Gesicki,CIN,TB,2026_01_TB_CIN,2026,1,NA,NA,12,17,5.079859240037156,1.1823078721981168,-2.4133430828795293,5.557011235869195,-3.686410245780664,6.924583428655343,0.294,0.092,0.27068682068509936,0.0998726494651382,platt_vol_vegas,platt,2026-09-13T17:00:00Z,2026-09-01 23:54:17,2026-09-01 23:54:05,live
TE,00-0039847,Theo Johnson,NYG,DAL,2026_01_DAL_NYG,2026,1,NA,NA,12,17,5.460766785567793,0.9485418652927671,-2.7969761599551077,5.505583276835646,-4.123104882005774,6.930156007310165,0.295,0.086,0.2695954100057607,0.09330736429769025,platt_vol_vegas,platt,2026-09-14T00:20:00Z,2026-09-01 23:54:17,2026-09-01 23:54:05,live
TE,00-0036290,Cole Kmet,CHI,CAR,2026_01_CHI_CAR,2026,1,NA,NA,12,17,5.260896031823729,0.9953542487893728,-2.6721136587997707,5.4574347988575305,-3.9706081518628915,6.852321897470862,0.269,0.081,0.2654529223197623,0.08783587713568977,platt_vol_vegas,platt,2026-09-13T17:00:00Z,2026-09-01 23:54:17,2026-09-01 23:54:05,live
TE,00-0033090,Hunter Henry,NE,SEA,2026_01_NE_SEA,2026,1,NA,NA,12,17,5.722320468451701,0.7349031670430538,-3.1108983284160283,5.4139559862377356,-4.472533164520221,6.876670596157833,0.2945,0.102,0.26316273674404345,0.11081204420761352,platt_vol_vegas,platt,2026-09-10T00:20:00Z,2026-09-01 23:54:17,2026-09-01 23:54:05,live
TE,00-0038041,Jake Ferguson,DAL,NYG,2026_01_DAL_NYG,2026,1,NA,NA,12,17,5.149496986856564,0.9625068367307978,-2.660899068647108,5.3709786823691275,-3.9437930796702263,6.749107210772111,0.2665,0.0795,0.26057377068355325,0.08619441970929266,platt_vol_vegas,platt,2026-09-14T00:20:00Z,2026-09-01 23:54:17,2026-09-01 23:54:05,live
TE,00-0034753,Mark Andrews,BAL,IND,2026_01_BAL_IND,2026,1,NA,NA,12,17,5.051221684759005,0.9883401661369089,-2.595848938746098,5.349098295627352,-3.8648579477020393,6.712311080951568,0.268,0.0785,0.25358104046497404,0.08510012221058086,platt_vol_vegas,platt,2026-09-13T17:00:00Z,2026-09-01 23:54:17,2026-09-01 23:54:05,live
TE,00-0040189,Oronde Gadsden II,LAC,ARI,2026_01_ARI_LAC,2026,1,NA,NA,12,17,4.968017131593883,1.5472412221400298,-2.003484720087691,5.8672858863758925,-3.260645845565648,7.2177712709312924,0.285,0.098,0.25236105701511347,0.1064368193651314,platt_vol_vegas,platt,2026-09-13T20:25:00Z,2026-09-01 23:54:17,2026-09-01 23:54:05,live
TE,00-0038996,Tucker Kraft,GB,MIN,2026_01_GB_MIN,2026,1,NA,NA,12,17,5.425288276914893,0.4922939527383917,-3.239461546321468,5.032590977698835,-4.560717542852492,6.451929260126989,0.273,0.081,0.2523158899566588,0.08783587713568977,platt_vol_vegas,platt,2026-09-13T20:25:00Z,2026-09-01 23:54:17,2026-09-01 23:54:05,live
TE,00-0040126,Colston Loveland,CHI,CAR,2026_01_CHI_CAR,2026,1,NA,NA,12,17,5.09754873625349,1.0861107261469456,-2.516606196346295,5.469411006428336,-3.7921751179562992,6.839670673797926,0.279,0.0875,0.24964166940427193,0.09494875821862458,platt_vol_vegas,platt,2026-09-13T17:00:00Z,2026-09-01 23:54:17,2026-09-01 23:54:05,live
TE,00-0040663,Harold Fannin Jr.,CLE,JAX,2026_01_CLE_JAX,2026,1,NA,NA,12,17,6.099297473757219,0.6466001481786076,-3.3402953571944907,5.497317138194163,-4.751885584727855,7.013695534432177,0.321,0.108,0.24957448354173017,0.11737318482025957,platt_vol_vegas,platt,2026-09-13T17:00:00Z,2026-09-01 23:54:17,2026-09-01 23:54:05,live
TE,00-0034383,Dalton Schultz,HOU,BUF,2026_01_BUF_HOU,2026,1,NA,NA,12,17,5.451773834987965,0.9331796947253012,-2.8088535516592446,5.4859812971194275,-4.133748461641858,6.909228624563721,0.286,0.093,0.24920689705267424,0.10096677057111388,platt_vol_vegas,platt,2026-09-13T17:00:00Z,2026-09-01 23:54:17,2026-09-01 23:54:05,live
TE,00-0038935,Brenton Strange,JAX,CLE,2026_01_CLE_JAX,2026,1,NA,NA,12,17,5.374724580322594,1.5552582835109916,-2.156815085379405,6.071608745767686,-3.471102476245492,7.48346111417058,0.326,0.109,0.2481473089245981,0.11846648324138728,platt_vol_vegas,platt,2026-09-13T17:00:00Z,2026-09-01 23:54:17,2026-09-01 23:54:05,live
TE,00-0036040,Juwan Johnson,NO,DET,2026_01_NO_DET,2026,1,NA,NA,12,17,5.496413926586456,0.7689329692138849,-2.9903738568666753,5.342750734784829,-4.321384607171804,6.772567906620938,0.254,0.0845,0.24748785828826,0.09166593822676043,platt_vol_vegas,platt,2026-09-13T17:00:00Z,2026-09-01 23:54:17,2026-09-01 23:54:05,live
TE,00-0033885,David Njoku,LAC,ARI,2026_01_ARI_LAC,2026,1,NA,NA,12,17,4.902582622526179,1.390578515927829,-2.133659322206665,5.678396025881581,-3.3814421359547318,7.0188069079198865,0.2725,0.0835,0.24540400919685051,0.09057164135716203,platt_vol_vegas,platt,2026-09-13T20:25:00Z,2026-09-01 23:54:17,2026-09-01 23:54:05,live
TE,00-0035229,T.J. Hockenson,MIN,GB,2026_01_GB_MIN,2026,1,NA,NA,12,17,5.199595198350896,0.9092801389885775,-2.7339920766813854,5.341922632875082,-4.023919903721908,6.727607126489404,0.2765,0.091,0.24428748436560507,0.09877849722789435,platt_vol_vegas,platt,2026-09-13T20:25:00Z,2026-09-01 23:54:17,2026-09-01 23:54:05,live
TE,00-0034613,Tanner Hudson,CIN,TB,2026_01_TB_CIN,2026,1,NA,NA,12,17,4.7741648882504935,1.0491666254595062,-2.4226358500363716,5.273187854801945,-3.651853530743433,6.593655437348969,0.253,0.065,0.23851307817417555,0.07032964800129017,platt_vol_vegas,platt,2026-09-13T17:00:00Z,2026-09-01 23:54:17,2026-09-01 23:54:05,live
TE,00-0038933,Dalton Kincaid,BUF,HOU,2026_01_BUF_HOU,2026,1,NA,NA,12,17,5.187030036810812,0.9663810166844009,-2.671916374326745,5.392970814566621,-3.9600828274203934,6.776763180176199,0.2645,0.082,0.23641145398456723,0.08893018460389757,platt_vol_vegas,platt,2026-09-13T17:00:00Z,2026-09-01 23:54:17,2026-09-01 23:54:05,live
TE,00-0031610,Darren Waller,CAR,CHI,2026_01_CHI_CAR,2026,1,NA,NA,12,17,5.190423574750592,0.7915244137450866,-2.8481170703201735,5.219749522862569,-4.136759409630936,6.604053101687303,0.2365,0.079,0.2339423151728383,0.085647269927866,platt_vol_vegas,platt,2026-09-13T17:00:00Z,2026-09-01 23:54:17,2026-09-01 23:54:05,live
TE,00-0040737,Terrance Ferguson,LA,SF,2026_01_SF_LA,2026,1,NA,NA,12,17,4.817782460958231,0.9426646096808798,-2.5470158076760763,5.188437308610412,-3.7825633076586858,6.515704599043133,0.26,0.085,0.23086905192267304,0.09221308319781664,platt_vol_vegas,platt,2026-09-11T00:35:00Z,2026-09-01 23:54:17,2026-09-01 23:54:05,live
TE,00-0036754,Brock Wright,DET,NO,2026_01_NO_DET,2026,1,NA,NA,12,17,4.635042243645138,1.231901690400373,-2.182396693762073,5.3859596933551215,-3.391254620053684,6.684556132884778,0.265,0.08,0.2290029645663924,0.08674157112212656,platt_vol_vegas,platt,2026-09-13T17:00:00Z,2026-09-01 23:54:17,2026-09-01 23:54:05,live
TE,00-0035631,Drew Sample,CIN,TB,2026_01_TB_CIN,2026,1,NA,NA,12,17,4.603336461683511,1.0713999502445328,-2.32968872012762,5.209386154219484,-3.5338696482712337,6.5029584027250475,0.2315,0.057,0.2217028889972607,0.06158183911511638,platt_vol_vegas,platt,2026-09-13T17:00:00Z,2026-09-01 23:54:17,2026-09-01 23:54:05,live
TE,00-0040390,Jackson Meeks,DET,NO,2026_01_NO_DET,2026,1,NA,NA,12,17,4.532244836177289,1.330569165519174,-2.04075554557601,5.4323425962322345,-3.234398320915907,6.714594401356908,0.257,0.0685,0.21932092810287565,0.07415831568147607,platt_vol_vegas,platt,2026-09-13T17:00:00Z,2026-09-01 23:54:17,2026-09-01 23:54:05,live
TE,00-0039793,AJ Barner,SEA,NE,2026_01_NE_SEA,2026,1,NA,NA,12,17,4.9472093004346815,0.9041063191116248,-2.6382131009126177,5.2139230603872795,-3.892397834214261,6.561211102890532,0.25,0.0775,0.21878120607541307,0.08400583472461792,platt_vol_vegas,platt,2026-09-10T00:20:00Z,2026-09-01 23:54:17,2026-09-01 23:54:05,live
TE,00-0036244,Colby Parkinson,LA,SF,2026_01_SF_LA,2026,1,NA,NA,12,17,4.687276164305945,0.8761118542849724,-2.5598635074881524,5.056543481390793,-3.776396330128679,6.363384556502261,0.2335,0.0605,0.21779455599380865,0.06540830608115675,platt_vol_vegas,platt,2026-09-11T00:35:00Z,2026-09-01 23:54:17,2026-09-01 23:54:05,live
TE,00-0039814,Erick All,CIN,TB,2026_01_TB_CIN,2026,1,NA,NA,12,17,4.529210404578573,1.014513316166062,-2.355536463341778,5.114735581993185,-3.5487278396000983,6.396502478819378,0.206,0.0595,0.2138542953271729,0.06431490573088806,platt_vol_vegas,platt,2026-09-13T17:00:00Z,2026-09-01 23:54:17,2026-09-01 23:54:05,live
TE,00-0038046,Charlie Kolar,LAC,ARI,2026_01_ARI_LAC,2026,1,NA,NA,12,17,4.5458950943318275,1.4788812179898332,-1.8981741282996016,5.587626913078237,-3.0938458779697418,6.8720583116719585,0.272,0.0775,0.21257850490432723,0.08400583472461792,platt_vol_vegas,platt,2026-09-13T20:25:00Z,2026-09-01 23:54:17,2026-09-01 23:54:05,live
TE,00-0041116,Jack Endries,CIN,TB,2026_01_TB_CIN,2026,1,NA,NA,12,17,4.512158959940484,0.9915884139628918,-2.3712901904343697,5.083085760639166,-3.561942558411088,6.362125168119659,0.2085,0.0605,0.2124891630847961,0.06540830608115675,platt_vol_vegas,platt,2026-09-13T17:00:00Z,2026-09-01 23:54:17,2026-09-01 23:54:05,live
TE,00-0040736,Mason Taylor,NYJ,TEN,2026_01_NYJ_TEN,2026,1,NA,NA,12,17,5.453489779246275,0.5196729698317775,-3.223025399997593,5.0732838047703535,-4.548155801919624,6.496784105692684,0.2565,0.0705,0.21235828250817115,0.07634641321737823,platt_vol_vegas,platt,2026-09-13T17:00:00Z,2026-09-01 23:54:17,2026-09-01 23:54:05,live
TE,00-0033110,Tyler Higbee,LA,SF,2026_01_SF_LA,2026,1,NA,NA,12,17,4.599269952104475,0.8596623678332085,-2.5397291941993845,4.995583759162454,-3.7433092484189237,6.288510528392547,0.2015,0.054,0.20852898373441878,0.058303089062848375,platt_vol_vegas,platt,2026-09-11T00:35:00Z,2026-09-01 23:54:17,2026-09-01 23:54:05,live
TE,00-0037838,Isaiah Likely,NYG,DAL,2026_01_DAL_NYG,2026,1,NA,NA,12,17,4.835090486742892,0.8398611274291123,-2.6568939557216336,5.094241325982944,-3.89494629413909,6.424199399345854,0.2375,0.062,0.20789101521920214,0.06704857451201103,platt_vol_vegas,platt,2026-09-14T00:20:00Z,2026-09-01 23:54:17,2026-09-01 23:54:05,live
TE,00-0035689,Dawson Knox,BUF,HOU,2026_01_BUF_HOU,2026,1,NA,NA,12,17,4.878177713836652,0.8314062703047567,-2.6829130257963647,5.107156235399953,-3.927184105417761,6.443794692793239,0.2225,0.0655,0.20670655322980994,0.07087655549962064,platt_vol_vegas,platt,2026-09-13T17:00:00Z,2026-09-01 23:54:17,2026-09-01 23:54:05,live
TE,00-0038547,Luke Schoonmaker,DAL,NYG,2026_01_DAL_NYG,2026,1,NA,NA,12,17,4.587317740477274,0.8975710552213485,-2.496828611977804,5.027418981859004,-3.6986412484272355,6.318447130603178,0.202,0.057,0.20519089459829903,0.06158183911511638,platt_vol_vegas,platt,2026-09-14T00:20:00Z,2026-09-01 23:54:17,2026-09-01 23:54:05,live
TE,00-0039074,Davis Allen,LA,SF,2026_01_SF_LA,2026,1,NA,NA,12,17,4.5361594291685705,0.8478662040621633,-2.5251026941579133,4.951640060021066,-3.7193276062692924,6.234517216332446,0.215,0.05,0.20380683340228695,0.05393330088542496,platt_vol_vegas,platt,2026-09-11T00:35:00Z,2026-09-01 23:54:17,2026-09-01 23:54:05,live
TE,00-0034798,Durham Smythe,BAL,IND,2026_01_BAL_IND,2026,1,NA,NA,12,17,4.525295811587291,0.8458356550162471,-2.5225688394044505,4.944056159745076,-3.715177690149527,6.225197287784894,0.2155,0.065,0.20291263136172383,0.07032964800129017,platt_vol_vegas,platt,2026-09-13T17:00:00Z,2026-09-01 23:54:17,2026-09-01 23:54:05,live
TE,00-0041510,Max Klare,LA,SF,2026_01_SF_LA,2026,1,NA,NA,12,17,4.512158959940484,0.7791407341564911,-2.5837378702407703,4.870638080832766,-3.7743902382174888,6.149677488313259,0.212,0.0575,0.20164015842647304,0.06212839979150592,platt_vol_vegas,platt,2026-09-11T00:35:00Z,2026-09-01 23:54:17,2026-09-01 23:54:05,live
TE,00-0040879,Matthew Hibner,BAL,IND,2026_01_BAL_IND,2026,1,NA,NA,12,17,4.512158959940484,0.7791407341564911,-2.5837378702407703,4.870638080832766,-3.7743902382174888,6.149677488313259,0.2085,0.061,0.2014717920673375,0.06595504054326327,platt_vol_vegas,platt,2026-09-13T17:00:00Z,2026-09-01 23:54:17,2026-09-01 23:54:05,live
TE,00-0040887,Josh Cuevas,BAL,IND,2026_01_BAL_IND,2026,1,NA,NA,12,17,4.512158959940484,0.7791407341564911,-2.5837378702407703,4.870638080832766,-3.7743902382174888,6.149677488313259,0.2075,0.05,0.2014233254935602,0.05393330088542496,platt_vol_vegas,platt,2026-09-13T17:00:00Z,2026-09-01 23:54:17,2026-09-01 23:54:05,live
TE,00-0039530,Brevyn Spann-Ford,DAL,NYG,2026_01_DAL_NYG,2026,1,NA,NA,12,17,4.512158959940484,0.5937839549999022,-2.769094649397359,4.685281301676177,-3.9597470173740774,5.96432070915667,0.203,0.055,0.19892014326497015,0.05939588329461221,platt_vol_vegas,platt,2026-09-14T00:20:00Z,2026-09-01 23:54:17,2026-09-01 23:54:05,live
TE,00-0041170,Hayden Large,CHI,CAR,2026_01_CHI_CAR,2026,1,NA,NA,12,17,4.512158959940484,0.8085602465000611,-2.5543183578972,4.900057593176336,-3.7449707258739187,6.179097000656829,0.207,0.053,0.19381543271289084,0.05721042642175668,platt_vol_vegas,platt,2026-09-13T17:00:00Z,2026-09-01 23:54:17,2026-09-01 23:54:05,live
TE,00-0041558,Sam Roush,CHI,CAR,2026_01_CHI_CAR,2026,1,NA,NA,12,17,4.512158959940484,0.8085602465000611,-2.5543183578972,4.900057593176336,-3.7449707258739187,6.179097000656829,0.191,0.0565,0.19303784534208845,0.06103530631949193,platt_vol_vegas,platt,2026-09-13T17:00:00Z,2026-09-01 23:54:17,2026-09-01 23:54:05,live
TE,00-0038498,E.J. Jenkins,PHI,WAS,2026_01_WAS_PHI,2026,1,NA,NA,12,17,4.532244836177289,0.8259678829081731,-2.545356828187011,4.927741313621233,-3.7389996035269077,6.209993118745906,0.2155,0.0695,0.18984762964571816,0.07525234172431017,platt_vol_vegas,platt,2026-09-13T20:25:00Z,2026-09-01 23:54:17,2026-09-01 23:54:05,live
TE,00-0038558,Darnell Washington,PIT,ATL,2026_01_ATL_PIT,2026,1,NA,NA,12,17,4.848801419852961,0.3275807193089033,-3.174770894728867,4.588770022195229,-4.414804726841749,5.920856683708876,0.1845,0.049,0.18981960156626154,0.052841238793498356,platt_vol_vegas,platt,2026-09-13T17:00:00Z,2026-09-01 23:54:17,2026-09-01 23:54:05,live
TE,00-0035249,Josh Oliver,MIN,GB,2026_01_GB_MIN,2026,1,NA,NA,12,17,4.603336461683511,0.783510659831229,-2.617578010540924,4.92149686380618,-3.8217589386845376,6.215069112311744,0.2155,0.054,0.1889701232839079,0.058303089062848375,platt_vol_vegas,platt,2026-09-13T20:25:00Z,2026-09-01 23:54:17,2026-09-01 23:54:05,live
TE,00-0040739,Elijah Arroyo,SEA,NE,2026_01_NE_SEA,2026,1,NA,NA,12,17,4.611332149122901,0.6591792101653345,-2.7452444614632783,4.801222994088049,-3.950606171790946,6.096063679112682,0.2085,0.0595,0.1885191653961176,0.06431490573088806,platt_vol_vegas,platt,2026-09-10T00:20:00Z,2026-09-01 23:54:17,2026-09-01 23:54:05,live
TE,00-0033246,Johnny Mundt,PHI,WAS,2026_01_WAS_PHI,2026,1,NA,NA,12,17,4.512158959940484,0.8223073814852928,-2.540571222911969,4.913804728161567,-3.7312235908886873,6.19284413564206,0.2155,0.056,0.18824145572062864,0.06048880220568398,platt_vol_vegas,platt,2026-09-13T20:25:00Z,2026-09-01 23:54:17,2026-09-01 23:54:05,live
TE,00-0041483,Eli Stowers,PHI,WAS,2026_01_WAS_PHI,2026,1,NA,NA,12,17,4.512158959940484,0.8223073814852928,-2.540571222911969,4.913804728161567,-3.7312235908886873,6.19284413564206,0.2115,0.05,0.18806085464686403,0.05393330088542496,platt_vol_vegas,platt,2026-09-13T20:25:00Z,2026-09-01 23:54:17,2026-09-01 23:54:05,live
TE,00-0036894,Pat Freiermuth,PIT,ATL,2026_01_ATL_PIT,2026,1,NA,NA,12,17,4.809567741504618,0.3249301268301389,-3.161388648428028,4.566612832826329,-4.395745933836737,5.892601554144906,0.207,0.055,0.18777277749070997,0.05939588329461221,platt_vol_vegas,platt,2026-09-13T17:00:00Z,2026-09-01 23:54:17,2026-09-01 23:54:05,live
TE,00-0039066,Michael Mayer,LV,MIA,2026_01_MIA_LV,2026,1,NA,NA,12,17,4.8470975715041,0.7707724594126635,-2.730884052664044,5.03111605593729,-3.970671778719203,6.362938341924788,0.2255,0.069,0.18755348158608479,0.0747053227454572,platt_vol_vegas,platt,2026-09-13T20:25:00Z,2026-09-01 23:54:17,2026-09-01 23:54:05,live
TE,00-0037005,Tommy Tremble,CAR,CHI,2026_01_CHI_CAR,2026,1,NA,NA,12,17,4.66562788982885,0.8204046968698219,-2.606599495574601,4.989921414511777,-3.8199560084932203,6.293350389320967,0.2125,0.064,0.18743455454632857,0.0692358835213144,platt_vol_vegas,platt,2026-09-13T17:00:00Z,2026-09-01 23:54:17,2026-09-01 23:54:05,live
TE,00-0039050,Payne Durham,TB,CIN,2026_01_TB_CIN,2026,1,NA,NA,12,17,4.525295811587291,0.785013894859495,-2.5833905995612025,4.883234399588323,-3.775999450306279,6.164375527628143,0.2195,0.0515,0.18661328037508124,0.05557169491281011,platt_vol_vegas,platt,2026-09-13T17:00:00Z,2026-09-01 23:54:17,2026-09-01 23:54:05,live
TE,00-0037311,Ko Kieft,TB,CIN,2026_01_TB_CIN,2026,1,NA,NA,12,17,4.532244836177289,0.7513868363448252,-2.619937874750359,4.853160267057886,-3.813580650090256,6.135412072182559,0.1965,0.0475,0.18611129233013704,0.05120346723481726,platt_vol_vegas,platt,2026-09-13T17:00:00Z,2026-09-01 23:54:17,2026-09-01 23:54:05,live
TE,00-0037112,Jake Tonges,SF,LA,2026_01_SF_LA,2026,1,NA,NA,12,17,4.652022838401757,0.652983752001038,-2.768373156336435,4.815629615634376,-3.97973020600182,6.116910698780577,0.209,0.0585,0.18598731226039664,0.06322160164690166,platt_vol_vegas,platt,2026-09-11T00:35:00Z,2026-09-01 23:54:17,2026-09-01 23:54:05,live
TE,00-0033881,Evan Engram,DEN,KC,2026_01_DEN_KC,2026,1,NA,NA,12,17,4.989275781346457,0.5882867266101708,-2.9710120605602595,4.91876167289389,-4.231208466026613,6.272507658798862,0.2215,0.067,0.18533133582484493,0.07251737163271205,platt_vol_vegas,platt,2026-09-15T00:15:00Z,2026-09-01 23:54:17,2026-09-01 23:54:05,live
TE,00-0041094,Bauer Sharp,TB,CIN,2026_01_TB_CIN,2026,1,NA,NA,12,17,4.512158959940484,0.7480568611236462,-2.614821743273615,4.839554207799921,-3.8054741112503336,6.118593615280414,0.1985,0.052,0.18462379297787884,0.05611790252579439,platt_vol_vegas,platt,2026-09-13T17:00:00Z,2026-09-01 23:54:17,2026-09-01 23:54:05,live
TE,00-0037252,Greg Dulcich,MIA,LV,2026_01_MIA_LV,2026,1,NA,NA,12,17,5.133684587895346,0.5272282171774708,-3.0898898768437992,4.928049901597243,-4.370557641141454,6.303786919791852,0.2315,0.0625,0.18435862716886306,0.06759537263867949,platt_vol_vegas,platt,2026-09-13T20:25:00Z,2026-09-01 23:54:17,2026-09-01 23:54:05,live
TE,00-0040509,Ben Yurosek,MIN,GB,2026_01_GB_MIN,2026,1,NA,NA,12,17,4.532244836177289,0.7472422268240716,-2.6240824842711126,4.849015657537132,-3.8177252596110094,6.131267462661805,0.21,0.0465,0.18310845388569583,0.05011184657662508,platt_vol_vegas,platt,2026-09-13T20:25:00Z,2026-09-01 23:54:17,2026-09-01 23:54:05,live
TE,00-0033576,Eric Saubert,SEA,NE,2026_01_NE_SEA,2026,1,NA,NA,12,17,4.533045724105365,0.8284176057854463,-2.543243540397005,4.930600365358931,-3.7370054331004607,6.212980130420698,0.2145,0.0575,0.18261800066140998,0.06212839979150592,platt_vol_vegas,platt,2026-09-10T00:20:00Z,2026-09-01 23:54:17,2026-09-01 23:54:05,live
TE,00-0040215,Gavin Bartholomew,MIN,GB,2026_01_GB_MIN,2026,1,NA,NA,12,17,4.532244836177289,0.7472422268240716,-2.6240824842711126,4.849015657537132,-3.8177252596110094,6.131267462661805,0.1965,0.0575,0.18249018385478472,0.06212839979150592,platt_vol_vegas,platt,2026-09-13T20:25:00Z,2026-09-01 23:54:17,2026-09-01 23:54:05,live
TE,00-0031484,Chris Manhertz,NYG,DAL,2026_01_DAL_NYG,2026,1,NA,NA,12,17,4.532244836177289,0.7683533120376668,-2.6029713990575174,4.8701267427507275,-3.796614174397414,6.152378547875401,0.214,0.0585,0.18207841500898578,0.06322160164690166,platt_vol_vegas,platt,2026-09-14T00:20:00Z,2026-09-01 23:54:17,2026-09-01 23:54:05,live
TE,00-0038488,Brady Russell,SEA,NE,2026_01_NE_SEA,2026,1,NA,NA,12,17,4.532244836177289,0.7087627709992722,-2.662561940095912,4.810536201712333,-3.856204715435809,6.092788006837006,0.1995,0.0505,0.1818795791885081,0.05447939311473114,platt_vol_vegas,platt,2026-09-10T00:20:00Z,2026-09-01 23:54:17,2026-09-01 23:54:05,live
TE,00-0040058,Nick Kallerup,SEA,NE,2026_01_NE_SEA,2026,1,NA,NA,12,17,4.532244836177289,0.7087627709992722,-2.662561940095912,4.810536201712333,-3.856204715435809,6.092788006837006,0.1935,0.0505,0.18159907744541845,0.05447939311473114,platt_vol_vegas,platt,2026-09-10T00:20:00Z,2026-09-01 23:54:17,2026-09-01 23:54:05,live
TE,00-0040225,Thomas Fidone II,NYG,DAL,2026_01_DAL_NYG,2026,1,NA,NA,12,17,4.532244836177289,0.7683533120376668,-2.6029713990575174,4.8701267427507275,-3.796614174397414,6.152378547875401,0.1915,0.048,0.18105094700978014,0.051749346784633304,platt_vol_vegas,platt,2026-09-14T00:20:00Z,2026-09-01 23:54:17,2026-09-01 23:54:05,live
TE,00-0040194,Jackson Hawes,BUF,HOU,2026_01_BUF_HOU,2026,1,NA,NA,12,17,4.543499763823016,0.8464866966084174,-2.5295635872495086,4.9540095672194875,-3.7248794870348285,6.238058699722723,0.2065,0.0505,0.17884710505844048,0.05447939311473114,platt_vol_vegas,platt,2026-09-13T17:00:00Z,2026-09-01 23:54:17,2026-09-01 23:54:05,live
TE,00-0033858,Jonnu Smith,GB,MIN,2026_01_GB_MIN,2026,1,NA,NA,12,17,4.605226376641541,0.7200238964143917,-2.6818532848839887,4.858969454187681,-3.886313391229354,6.152841605445178,0.2225,0.06,0.17835487212909154,0.06486159423812027,platt_vol_vegas,platt,2026-09-13T20:25:00Z,2026-09-01 23:54:17,2026-09-01 23:54:05,live
TE,00-0039356,Ja'Tavion Sanders,CAR,CHI,2026_01_CHI_CAR,2026,1,NA,NA,12,17,4.543720983564719,0.7989685684769013,-2.577174547163642,4.906604384286697,-3.772523314737186,6.190688824489734,0.209,0.0615,0.17778916040973383,0.0665017969186095,platt_vol_vegas,platt,2026-09-13T17:00:00Z,2026-09-01 23:54:17,2026-09-01 23:54:05,live
TE,00-0037292,Andrew Ogletree,IND,BAL,2026_01_BAL_IND,2026,1,NA,NA,12,17,4.532244836177289,0.6552150162810644,-2.7161096948141195,4.756988446994125,-3.9097524701540163,6.039240252118798,0.202,0.053,0.1764041096333353,0.05721042642175668,platt_vol_vegas,platt,2026-09-13T17:00:00Z,2026-09-01 23:54:17,2026-09-01 23:54:05,live
TE,00-0036825,Feleipe Franks,CAR,CHI,2026_01_CHI_CAR,2026,1,NA,NA,12,17,4.532244836177289,0.7123206932721544,-2.6590040178230296,4.814094123985215,-3.8526467931629265,6.096345929109888,0.1925,0.047,0.1761734680222043,0.05065763345601485,platt_vol_vegas,platt,2026-09-13T17:00:00Z,2026-09-01 23:54:17,2026-09-01 23:54:05,live
TE,00-0040363,Keleki Latu,BUF,HOU,2026_01_BUF_HOU,2026,1,NA,NA,12,17,4.512158959940484,0.7058422694707271,-2.6570363349265342,4.797339616147002,-3.8476887029032527,6.076379023627495,0.1905,0.0485,0.17573437973443679,0.052295270999154896,platt_vol_vegas,platt,2026-09-13T17:00:00Z,2026-09-01 23:54:17,2026-09-01 23:54:05,live
TE,00-0033217,Mo Alie-Cox,IND,BAL,2026_01_BAL_IND,2026,1,NA,NA,12,17,4.519908872458558,0.5934025508536684,-2.7727368251838795,4.6888671648874105,-3.9645436937928427,5.969146776347098,0.2055,0.0555,0.1756261855041389,0.05994232758805185,platt_vol_vegas,platt,2026-09-13T17:00:00Z,2026-09-01 23:54:17,2026-09-01 23:54:05,live
TE,00-0040187,Mitchell Evans,CAR,CHI,2026_01_CHI_CAR,2026,1,NA,NA,12,17,4.512158959940484,0.7934186975837494,-2.569459906813512,4.884916044260024,-3.7601122747902305,6.163955451740517,0.2045,0.057,0.1751984731704312,0.06158183911511638,platt_vol_vegas,platt,2026-09-13T17:00:00Z,2026-09-01 23:54:17,2026-09-01 23:54:05,live
TE,00-0038643,Brayden Willis,SF,LA,2026_01_SF_LA,2026,1,NA,NA,12,17,4.5201671420607115,0.6555859609339583,-2.7106620399868087,4.75118273508222,-3.9025073680496023,6.031503660999732,0.1905,0.048,0.17496761823958742,0.051749346784633304,platt_vol_vegas,platt,2026-09-11T00:35:00Z,2026-09-01 23:54:17,2026-09-01 23:54:05,live
TE,00-0036887,Luke Farrell,SF,LA,2026_01_SF_LA,2026,1,NA,NA,12,17,4.512158959940484,0.7934186975837494,-2.569459906813512,4.884916044260024,-3.7601122747902305,6.163955451740517,0.1985,0.054,0.17473064939948468,0.058303089062848375,platt_vol_vegas,platt,2026-09-11T00:35:00Z,2026-09-01 23:54:17,2026-09-01 23:54:05,live
TE,00-0037809,Chig Okonkwo,WAS,PHI,2026_01_WAS_PHI,2026,1,NA,NA,12,17,4.758128899468048,0.5360863637729323,-2.9291254320211024,4.7520889425231,-4.1560096331956835,6.070049821720881,0.214,0.0605,0.17434754394427773,0.06540830608115675,platt_vol_vegas,platt,2026-09-13T20:25:00Z,2026-09-01 23:54:17,2026-09-01 23:54:05,live
TE,00-0035644,Noah Fant,NO,DET,2026_01_NO_DET,2026,1,NA,NA,12,17,4.639516453832982,0.8322115198686977,-2.5839478025841114,4.988533661667885,-3.793464608021459,6.287837891661685,0.215,0.0525,0.17224185661429206,0.05666414667361906,platt_vol_vegas,platt,2026-09-13T17:00:00Z,2026-09-01 23:54:17,2026-09-01 23:54:05,live
TE,00-0041503,Nate Boerkircher,JAX,CLE,2026_01_CLE_JAX,2026,1,NA,NA,12,17,4.512158959940484,1.0490133112636852,-2.313865293133576,5.14051065793996,-3.5045176611102944,6.419550065420453,0.239,0.062,0.17081381444516786,0.06704857451201103,platt_vol_vegas,platt,2026-09-13T17:00:00Z,2026-09-01 23:54:17,2026-09-01 23:54:05,live
TE,00-0036637,Noah Gray,KC,DEN,2026_01_DEN_KC,2026,1,NA,NA,12,17,4.526815074069762,0.7198419954365297,-2.6492011114114065,4.818839477677477,-3.842036067671478,6.100223495977883,0.198,0.055,0.17062106167242275,0.05939588329461221,platt_vol_vegas,platt,2026-09-15T00:15:00Z,2026-09-01 23:54:17,2026-09-01 23:54:05,live
TE,00-0036590,Quintin Morris,JAX,CLE,2026_01_CLE_JAX,2026,1,NA,NA,12,17,4.512158959940484,1.0490133112636852,-2.313865293133576,5.14051065793996,-3.5045176611102944,6.419550065420453,0.2295,0.063,0.17044179320521083,0.06814219062398058,platt_vol_vegas,platt,2026-09-13T17:00:00Z,2026-09-01 23:54:17,2026-09-01 23:54:05,live
TE,00-0041084,Tanner Koziol,JAX,CLE,2026_01_CLE_JAX,2026,1,NA,NA,12,17,4.512158959940484,1.0490133112636852,-2.313865293133576,5.14051065793996,-3.5045176611102944,6.419550065420453,0.22,0.057,0.17005946731298466,0.06158183911511638,platt_vol_vegas,platt,2026-09-13T17:00:00Z,2026-09-01 23:54:17,2026-09-01 23:54:05,live
TE,00-0038589,Josh Whyle,GB,MIN,2026_01_GB_MIN,2026,1,NA,NA,12,17,4.507288208430443,0.7047113328798994,-2.6561166578317277,4.793713769260316,-3.846042990667774,6.071973245015051,0.1955,0.0505,0.16984395248579978,0.05447939311473114,platt_vol_vegas,platt,2026-09-13T20:25:00Z,2026-09-01 23:54:17,2026-09-01 23:54:05,live
TE,00-0040081,Jake Briningstool,KC,DEN,2026_01_DEN_KC,2026,1,NA,NA,12,17,4.512158959940484,0.7036385638713666,-2.6592400405258947,4.795135910547641,-3.849892408502613,6.074175318028134,0.1955,0.0535,0.16943146704797873,0.05775674085216733,platt_vol_vegas,platt,2026-09-15T00:15:00Z,2026-09-01 23:54:17,2026-09-01 23:54:05,live
TE,00-0040598,Mark Redman,GB,MIN,2026_01_GB_MIN,2026,1,NA,NA,12,17,4.506487320502366,0.42757756775102274,-2.932913152338932,4.516169658705387,-4.122720071984203,5.794300856735335,0.1835,0.0495,0.16923900427919733,0.05338724910356462,platt_vol_vegas,platt,2026-09-13T20:25:00Z,2026-09-01 23:54:17,2026-09-01 23:54:05,live
TE,00-0039824,Jared Wiley,KC,DEN,2026_01_DEN_KC,2026,1,NA,NA,12,17,4.502814604841675,0.7862617408499311,-2.572681987775592,4.87297166113546,-3.7619411835012553,6.150514475438605,0.1945,0.0475,0.1687023240187271,0.05120346723481726,platt_vol_vegas,platt,2026-09-15T00:15:00Z,2026-09-01 23:54:17,2026-09-01 23:54:05,live
TE,00-0034981,Foster Moreau,HOU,BUF,2026_01_BUF_HOU,2026,1,NA,NA,12,17,4.512158959940484,1.0835812254898638,-2.2792973789073976,5.1750785721661385,-3.469949746884116,6.4541179796466315,0.2185,0.0535,0.1664775239042026,0.05775674085216733,platt_vol_vegas,platt,2026-09-13T17:00:00Z,2026-09-01 23:54:17,2026-09-01 23:54:05,live
TE,00-0039359,Cade Stover,HOU,BUF,2026_01_BUF_HOU,2026,1,NA,NA,12,17,4.519474739415316,0.7947051053265316,-2.571251673832012,4.889947560093216,-3.762993892647763,6.170157722538709,0.2005,0.0525,0.16625822512528357,0.05666414667361906,platt_vol_vegas,platt,2026-09-13T17:00:00Z,2026-09-01 23:54:17,2026-09-01 23:54:05,live
TE,00-0041472,Marlin Klein,HOU,BUF,2026_01_BUF_HOU,2026,1,NA,NA,12,17,4.512158959940484,0.6544244880048333,-2.708454116392428,4.745921834681108,-3.8991064843691463,6.024961242161601,0.2075,0.0585,0.16602599920129685,0.06322160164690166,platt_vol_vegas,platt,2026-09-13T17:00:00Z,2026-09-01 23:54:17,2026-09-01 23:54:05,live
TE,00-0033757,Robert Tonyan,PIT,ATL,2026_01_ATL_PIT,2026,1,NA,NA,12,17,4.526573196739171,-0.05703573175796919,-3.425977173235867,4.041838057765906,-4.618776134109896,5.3231834085942,0.1545,0.0345,0.16384959327298848,0.037030434671985246,platt_vol_vegas,platt,2026-09-13T17:00:00Z,2026-09-01 23:54:17,2026-09-01 23:54:05,live
TE,00-0036422,Adam Trautman,DEN,KC,2026_01_DEN_KC,2026,1,NA,NA,12,17,4.7132323264752145,0.5504638768035139,-2.896244128109499,4.743953537247872,-4.116576923473526,6.054876672741893,0.199,0.0485,0.16364511515988808,0.052295270999154896,platt_vol_vegas,platt,2026-09-15T00:15:00Z,2026-09-01 23:54:17,2026-09-01 23:54:05,live
TE,00-0041398,Riley Nowakowski,PIT,ATL,2026_01_ATL_PIT,2026,1,NA,NA,12,17,4.506487320502366,-0.05678264568173133,-3.417273365771686,4.031809445272633,-4.607080285416957,5.309940643302581,0.1455,0.0345,0.16194310897753544,0.037030434671985246,platt_vol_vegas,platt,2026-09-13T17:00:00Z,2026-09-01 23:54:17,2026-09-01 23:54:05,live
TE,00-0039518,Treyton Welch,NO,DET,2026_01_NO_DET,2026,1,NA,NA,12,17,4.512158959940484,0.6523112526493058,-2.7105673517479554,4.743808599325581,-3.901219719724674,6.022848006806074,0.1865,0.052,0.1617750242512238,0.05611790252579439,platt_vol_vegas,platt,2026-09-13T17:00:00Z,2026-09-01 23:54:17,2026-09-01 23:54:05,live
TE,00-0041041,Oscar Delp,NO,DET,2026_01_NO_DET,2026,1,NA,NA,12,17,4.512158959940484,0.6523112526493058,-2.7105673517479554,4.743808599325581,-3.901219719724674,6.022848006806074,0.1795,0.0495,0.16146013052791738,0.05338724910356462,platt_vol_vegas,platt,2026-09-13T17:00:00Z,2026-09-01 23:54:17,2026-09-01 23:54:05,live
TE,00-0034365,Ian Thomas,LV,MIA,2026_01_MIA_LV,2026,1,NA,NA,12,17,4.512158959940484,0.7668206047010997,-2.5960579996961615,4.858317951377375,-3.78671036767288,6.137357358857868,0.197,0.0565,0.16121820554741784,0.06103530631949193,platt_vol_vegas,platt,2026-09-13T20:25:00Z,2026-09-01 23:54:17,2026-09-01 23:54:05,live
TE,00-0037304,Connor Heyward,LV,MIA,2026_01_MIA_LV,2026,1,NA,NA,12,17,4.512158959940484,0.7036385638713666,-2.6592400405258947,4.795135910547641,-3.849892408502613,6.074175318028134,0.196,0.046,0.16117570114962687,0.04956610774783282,platt_vol_vegas,platt,2026-09-13T20:25:00Z,2026-09-01 23:54:17,2026-09-01 23:54:05,live
TE,00-0039912,Ben Sinnott,WAS,PHI,2026_01_WAS_PHI,2026,1,NA,NA,12,17,4.569967816229088,0.5148867298310215,-2.8722565791808456,4.635906098033356,-4.07150004764209,5.924174358845746,0.1915,0.044,0.15973734893116528,0.047383656801313234,platt_vol_vegas,platt,2026-09-13T20:25:00Z,2026-09-01 23:54:17,2026-09-01 23:54:05,live
TE,00-0036628,John Bates,WAS,PHI,2026_01_WAS_PHI,2026,1,NA,NA,12,17,4.539536794524594,0.6014058401070709,-2.772981105473274,4.706904984931414,-3.9677080878780018,5.990321482286234,0.19,0.05,0.15755431579556722,0.05393330088542496,platt_vol_vegas,platt,2026-09-13T20:25:00Z,2026-09-01 23:54:17,2026-09-01 23:54:05,live
TE,00-0036187,Reggie Gilliam,NE,SEA,2026_01_NE_SEA,2026,1,NA,NA,12,17,4.532244836177289,0.38625439910078146,-2.9850703119944026,4.488027829813842,-4.178713087334299,5.7702796349385155,0.1655,0.0445,0.15613343385560388,0.04792919143411586,platt_vol_vegas,platt,2026-09-10T00:20:00Z,2026-09-01 23:54:17,2026-09-01 23:54:05,live
TE,00-0041314,Tanner Arkin,NE,SEA,2026_01_NE_SEA,2026,1,NA,NA,12,17,4.512158959940484,0.384542607629515,-2.9783359967677465,4.47603995430579,-4.1689883647444645,5.755079361786283,0.1945,0.0555,0.1560402049730347,0.05994232758805185,platt_vol_vegas,platt,2026-09-10T00:20:00Z,2026-09-01 23:54:17,2026-09-01 23:54:05,live
TE,00-0041395,Eli Raridon,NE,SEA,2026_01_NE_SEA,2026,1,NA,NA,12,17,4.512158959940484,0.384542607629515,-2.9783359967677465,4.47603995430579,-4.1689883647444645,5.755079361786283,0.1775,0.0435,0.15530729513902622,0.04683817634331945,platt_vol_vegas,platt,2026-09-10T00:20:00Z,2026-09-01 23:54:17,2026-09-01 23:54:05,live
TE,00-0039686,Colson Yankoff,WAS,PHI,2026_01_WAS_PHI,2026,1,NA,NA,12,17,4.515536325296507,0.46449856268549145,-2.899801365857724,4.557725184978298,-4.090956964298316,5.837305179797003,0.1685,0.0395,0.15494674014074122,0.04247644574696996,platt_vol_vegas,platt,2026-09-13T20:25:00Z,2026-09-01 23:54:17,2026-09-01 23:54:05,live
TE,00-0037755,Jelani Woods,NYJ,TEN,2026_01_NYJ_TEN,2026,1,NA,NA,12,17,4.74672155834151,0.41402758701239206,-3.0464899847369065,4.624318866758598,-4.271712160714571,5.94049434176935,0.1955,0.0505,0.15488165473894971,0.05447939311473114,platt_vol_vegas,platt,2026-09-13T17:00:00Z,2026-09-01 23:54:17,2026-09-01 23:54:05,live
TE,00-0032392,Austin Hooper,ATL,PIT,2026_01_ATL_PIT,2026,1,NA,NA,12,17,4.621053874868617,0.5479330649368283,-2.8605421499230097,4.694906220487417,-4.067338339489956,5.991287872065843,0.202,0.0555,0.15289513031796265,0.05994232758805185,platt_vol_vegas,platt,2026-09-13T17:00:00Z,2026-09-01 23:54:17,2026-09-01 23:54:05,live
TE,00-0038115,Daniel Bellinger,TEN,NYJ,2026_01_NYJ_TEN,2026,1,NA,NA,12,17,4.558766613566472,0.7884313639221157,-2.594020831334971,4.903743217302017,-3.7916033758207623,6.1902272568970576,0.195,0.049,0.1517195964364343,0.052841238793498356,platt_vol_vegas,platt,2026-09-13T17:00:00Z,2026-09-01 23:54:17,2026-09-01 23:54:05,live
TE,00-0040584,Gunnar Helm,TEN,NYJ,2026_01_NYJ_TEN,2026,1,NA,NA,12,17,4.564576623604399,0.5788233743318056,-2.8060627045489754,4.697096449200774,-4.004506983768856,5.984506193655887,0.1835,0.053,0.15163076599673456,0.05721042642175668,platt_vol_vegas,platt,2026-09-13T17:00:00Z,2026-09-01 23:54:17,2026-09-01 23:54:05,live
TE,00-0039648,David Martin-Robinson,TEN,NYJ,2026_01_NYJ_TEN,2026,1,NA,NA,12,17,4.512158959940484,0.5687843373473332,-2.7940942670499282,4.660281684023608,-3.9847466350266467,5.939321091504101,0.18,0.0435,0.14799964678750172,0.04683817634331945,platt_vol_vegas,platt,2026-09-13T17:00:00Z,2026-09-01 23:54:17,2026-09-01 23:54:05,live
TE,00-0041133,Dallen Bentley,DEN,KC,2026_01_DEN_KC,2026,1,NA,NA,12,17,4.495450449059702,0.48600100849953665,-2.86983919469715,4.56893497741982,-4.05799956398998,5.845297394868791,0.174,0.037,0.14765187001875246,0.03975249597058656,platt_vol_vegas,platt,2026-09-15T00:15:00Z,2026-09-01 23:54:17,2026-09-01 23:54:05,live
TE,00-0038783,Nate Adkins,DEN,KC,2026_01_DEN_KC,2026,1,NA,NA,12,17,4.495450449059702,0.4706308291594902,-2.8852093740371965,4.5535647980797735,-4.073369743330026,5.829927215528745,0.1655,0.0405,0.14727547946070382,0.043566506363363365,platt_vol_vegas,platt,2026-09-15T00:15:00Z,2026-09-01 23:54:17,2026-09-01 23:54:05,live
TE,00-0036429,Charlie Woerner,ATL,PIT,2026_01_ATL_PIT,2026,1,NA,NA,12,17,4.556245305405375,0.37523087688570284,-3.0061646917834235,4.489257169473903,-4.2033731297084325,5.775339331034087,0.1695,0.036,0.14722115608524922,0.03866343211875167,platt_vol_vegas,platt,2026-09-13T17:00:00Z,2026-09-01 23:54:17,2026-09-01 23:54:05,live
TE,00-0036876,Kylen Granson,TEN,NYJ,2026_01_NYJ_TEN,2026,1,NA,NA,12,17,4.505209935350487,0.5866987698246294,-2.7732539627248904,4.674636310064211,-3.962870403850323,5.952562889567624,0.1665,0.049,0.1469555386659172,0.052841238793498356,platt_vol_vegas,platt,2026-09-13T17:00:00Z,2026-09-01 23:54:17,2026-09-01 23:54:05,live
TE,00-0037805,Jeremy Ruckert,NYJ,TEN,2026_01_NYJ_TEN,2026,1,NA,NA,12,17,4.603336461683511,0.43866031238965764,-2.9624283579824953,4.576646516364608,-4.166609286126109,5.870218764870172,0.1715,0.0525,0.14435678045424266,0.05666414667361906,platt_vol_vegas,platt,2026-09-13T17:00:00Z,2026-09-01 23:54:17,2026-09-01 23:54:05,live
TE,00-0034959,Andrew Beck,NYJ,TEN,2026_01_NYJ_TEN,2026,1,NA,NA,12,17,4.52666953892663,0.37279515623272996,-2.9961867798737667,4.471718214161729,-4.189000078174478,5.753078966743063,0.17,0.0475,0.1394241120878121,0.05120346723481726,platt_vol_vegas,platt,2026-09-13T17:00:00Z,2026-09-01 23:54:17,2026-09-01 23:54:05,live
TE,00-0041032,Kenyon Sadiq,NYJ,TEN,2026_01_NYJ_TEN,2026,1,NA,NA,12,17,4.512158959940484,0.37160013337682024,-2.991278471020441,4.463097480053095,-4.181930838997159,5.742136887533588,0.1795,0.0535,0.13890914275748562,0.05775674085216733,platt_vol_vegas,platt,2026-09-13T17:00:00Z,2026-09-01 23:54:17,2026-09-01 23:54:05,live
TE,00-0037004,Hunter Long,ARI,LAC,2026_01_ARI_LAC,2026,1,NA,NA,12,17,4.587085904973498,0.48425005048324204,-2.9100527336464093,4.613980102862432,-4.111831067919137,5.90497140303775,0.1955,0.0495,0.13869648599484458,0.05338724910356462,platt_vol_vegas,platt,2026-09-13T20:25:00Z,2026-09-01 23:54:17,2026-09-01 23:54:05,live
TE,00-0041524,Will Kacmarek,MIA,LV,2026_01_MIA_LV,2026,1,NA,NA,12,17,4.512158959940484,0.37160013337682024,-2.991278471020441,4.463097480053095,-4.181930838997159,5.742136887533588,0.1775,0.043,0.13849618149278214,0.04629275136441496,platt_vol_vegas,platt,2026-09-13T20:25:00Z,2026-09-01 23:54:17,2026-09-01 23:54:05,live
TE,00-0041579,Seydou Traore,MIA,LV,2026_01_MIA_LV,2026,1,NA,NA,12,17,4.512158959940484,0.37160013337682024,-2.991278471020441,4.463097480053095,-4.181930838997159,5.742136887533588,0.1715,0.0485,0.13824968570880589,0.052295270999154896,platt_vol_vegas,platt,2026-09-13T20:25:00Z,2026-09-01 23:54:17,2026-09-01 23:54:05,live
TE,00-0038809,Ben Sims,MIA,LV,2026_01_MIA_LV,2026,1,NA,NA,12,17,4.512158959940484,0.37160013337682024,-2.991278471020441,4.463097480053095,-4.181930838997159,5.742136887533588,0.1685,0.0435,0.13812401091185753,0.04683817634331945,platt_vol_vegas,platt,2026-09-13T20:25:00Z,2026-09-01 23:54:17,2026-09-01 23:54:05,live
TE,00-0039041,Elijah Higgins,ARI,LAC,2026_01_ARI_LAC,2026,1,NA,NA,12,17,4.550670008154716,0.5493712386820818,-2.8296869375964415,4.660553707305959,-4.026067804231448,5.945746863543615,0.1665,0.0425,0.13530088109730706,0.045747383197463264,platt_vol_vegas,platt,2026-09-13T20:25:00Z,2026-09-01 23:54:17,2026-09-01 23:54:05,live
TE,00-0038710,Blake Whiteheart,CLE,JAX,2026_01_CLE_JAX,2026,1,NA,NA,12,17,4.532244836177289,0.31509419966718377,-3.056230511428,4.416867630380244,-4.249873286767897,5.699119435504917,0.169,0.043,0.12345245299926036,0.04629275136441496,platt_vol_vegas,platt,2026-09-13T17:00:00Z,2026-09-01 23:54:17,2026-09-01 23:54:05,live
TE,00-0041131,Carsen Ryan,CLE,JAX,2026_01_CLE_JAX,2026,1,NA,NA,12,17,4.512158959940484,0.3136977739827346,-3.0491808304145267,4.405195120659009,-4.239833198391246,5.684234528139502,0.1585,0.0375,0.12191507710590706,0.04029714197416743,platt_vol_vegas,platt,2026-09-13T17:00:00Z,2026-09-01 23:54:17,2026-09-01 23:54:05,live
WR,00-0038543,Jaxon Smith-Njigba,SEA,NE,2026_01_NE_SEA,2026,1,NA,NA,15,20,9.721787526876744,2.9931982280603178,-3.8173177241304286,9.710781005709272,-6.164854138545244,11.680346829979225,0.5695,0.3385,0.5431954551742384,0.33024691358024694,strat_platt,iso,2026-09-10T00:20:00Z,2026-09-01 23:54:17,2026-09-01 23:54:05,live
WR,00-0039075,Puka Nacua,LA,SF,2026_01_SF_LA,2026,1,NA,NA,15,20,8.056856666886029,3.9642945645851406,-2.199331579617772,10.04381469563272,-4.323889677701539,11.826303348829967,0.535,0.3025,0.5424706553319733,0.2916666666666667,strat_platt,iso,2026-09-11T00:35:00Z,2026-09-01 23:54:17,2026-09-01 23:54:05,live
WR,00-0039064,Zay Flowers,BAL,IND,2026_01_BAL_IND,2026,1,NA,NA,15,20,9.392029260359406,2.576918609765412,-4.109869856496582,9.172462229965593,-6.414758286423774,11.106246708223177,0.5325,0.3085,0.5051940091674055,0.2916666666666667,strat_platt,iso,2026-09-13T17:00:00Z,2026-09-01 23:54:17,2026-09-01 23:54:05,live
WR,00-0036900,Ja'Marr Chase,CIN,TB,2026_01_TB_CIN,2026,1,NA,NA,15,20,9.5350250861937,2.3319021664737267,-4.4087852849236775,8.980609290998704,-6.732252311713957,10.929981075685161,0.5315,0.3235,0.5041711362225486,0.33024691358024694,strat_platt,iso,2026-09-13T17:00:00Z,2026-09-01 23:54:17,2026-09-01 23:54:05,live
WR,00-0036963,Amon-Ra St. Brown,DET,NO,2026_01_NO_DET,2026,1,NA,NA,15,20,9.636222754856538,2.2022985048651824,-4.576304453057881,8.888403758317628,-6.912840685304077,10.848740510473078,0.53,0.294,0.5026372466079456,0.2916666666666667,strat_platt,iso,2026-09-13T17:00:00Z,2026-09-01 23:54:17,2026-09-01 23:54:05,live
WR,00-0037239,Chris Olave,NO,DET,2026_01_NO_DET,2026,1,NA,NA,15,20,9.689237600238283,1.9022165801607136,-4.896174838566456,8.607840270164369,-7.239532012522348,10.573899742358693,0.5065,0.2865,0.4786726809441443,0.2916666666666667,strat_platt,iso,2026-09-13T17:00:00Z,2026-09-01 23:54:17,2026-09-01 23:54:05,live
WR,00-0039067,Rashee Rice,KC,DEN,2026_01_DEN_KC,2026,1,NA,NA,15,20,9.172094401689597,1.9846982371075295,-4.618434335205054,8.497727493287666,-6.894487173423002,10.407319121711529,0.486,0.2415,0.457870915969145,0.2624254473161034,strat_platt,iso,2026-09-15T00:15:00Z,2026-09-01 23:54:17,2026-09-01 23:54:05,live
WR,00-0036322,Justin Jefferson,MIN,GB,2026_01_GB_MIN,2026,1,NA,NA,15,20,9.67052182498868,1.5794731341098496,-5.21193819402521,8.278211980633635,-7.55288938039427,10.242252846898975,0.481,0.262,0.45281218276362034,0.2871287128712871,strat_platt,iso,2026-09-13T20:25:00Z,2026-09-01 23:54:17,2026-09-01 23:54:05,live
WR,00-0038117,Wan'Dale Robinson,TEN,NYJ,2026_01_NYJ_TEN,2026,1,NA,NA,15,20,9.337167686699118,1.4272058108557968,-5.238801860397094,8.002252201236832,-7.536527298071303,9.930026981559868,0.467,0.238,0.43867914418256243,0.2624254473161034,strat_platt,iso,2026-09-13T17:00:00Z,2026-09-01 23:54:17,2026-09-01 23:54:05,live
WR,00-0037740,Garrett Wilson,NYJ,TEN,2026_01_NYJ_TEN,2026,1,NA,NA,15,20,9.664995928414093,1.543208089459143,-5.246141132652415,8.239912968511682,-7.586381525740241,10.203357484430231,0.4645,0.245,0.43616029204229145,0.27710843373493976,strat_platt,iso,2026-09-13T17:00:00Z,2026-09-01 23:54:17,2026-09-01 23:54:05,live
WR,00-0037238,Drake London,ATL,PIT,2026_01_ATL_PIT,2026,1,NA,NA,15,20,9.59404485491044,1.576887258172128,-5.185935791668324,8.247427928924413,-7.517032801820321,10.203201213658627,0.4635,0.252,0.4351531696300296,0.27710843373493976,strat_platt,iso,2026-09-13T17:00:00Z,2026-09-01 23:54:17,2026-09-01 23:54:05,live
WR,00-0039337,Malik Nabers,NYG,DAL,2026_01_DAL_NYG,2026,1,NA,NA,15,20,9.083981725315429,1.9052925499152438,-4.664061466064263,8.385004176437096,-6.928471076136955,10.284827221891057,0.4635,0.2585,0.4351531696300296,0.27710843373493976,strat_platt,iso,2026-09-14T00:20:00Z,2026-09-01 23:54:17,2026-09-01 23:54:05,live
WR,00-0036358,CeeDee Lamb,DAL,NYG,2026_01_DAL_NYG,2026,1,NA,NA,15,20,7.878740448411686,2.0851042540064695,-4.005746785754723,8.092842336282539,-6.1052198228917005,9.85428480743245,0.4045,0.1995,0.4064552676170453,0.22448979591836735,strat_platt,iso,2026-09-14T00:20:00Z,2026-09-01 23:54:17,2026-09-01 23:54:05,live
WR,00-0035676,A.J. Brown,NE,SEA,2026_01_NE_SEA,2026,1,NA,NA,15,20,9.453301629315735,0.7591685982615987,-5.950761841487008,7.37753840720075,-8.263627145096402,9.318015423939318,0.434,0.212,0.4055517315442117,0.22448979591836735,strat_platt,iso,2026-09-10T00:20:00Z,2026-09-01 23:54:17,2026-09-01 23:54:05,live
WR,00-0031381,Davante Adams,LA,SF,2026_01_SF_LA,2026,1,NA,NA,15,20,7.548434868464377,2.412393893887183,-3.5414282689610466,8.284972932406076,-5.593668426733565,10.006787364388257,0.3945,0.186,0.39602367608672545,0.22264875239923224,strat_platt,iso,2026-09-11T00:35:00Z,2026-09-01 23:54:17,2026-09-01 23:54:05,live
WR,00-0037247,George Pickens,DAL,NYG,2026_01_DAL_NYG,2026,1,NA,NA,15,20,7.361186997668554,2.7296513714785275,-3.1452404245075565,8.524377090691104,-5.17027384615131,10.22336527071821,0.393,0.195,0.39445912995002413,0.22448979591836735,strat_platt,iso,2026-09-14T00:20:00Z,2026-09-01 23:54:17,2026-09-01 23:54:05,live
WR,00-0040124,Tetairoa McMillan,CAR,CHI,2026_01_CHI_CAR,2026,1,NA,NA,15,20,8.041424367085096,1.6969365769754647,-4.460414240652706,7.77026701167426,-6.58280927829436,9.550940873034222,0.393,0.181,0.39445912995002413,0.22264875239923224,strat_platt,iso,2026-09-13T17:00:00Z,2026-09-01 23:54:17,2026-09-01 23:54:05,live
WR,00-0039919,Rome Odunze,CHI,CAR,2026_01_CHI_CAR,2026,1,NA,NA,15,20,7.636190292605489,1.8300035110225616,-4.1604940407378885,7.7387574829312005,-6.225375944244306,9.47117824681252,0.3605,0.156,0.36057933262545044,0.1778975741239892,strat_platt,iso,2026-09-13T17:00:00Z,2026-09-01 23:54:17,2026-09-01 23:54:05,live
WR,00-0039915,Ladd McConkey,LAC,ARI,2026_01_ARI_LAC,2026,1,NA,NA,15,20,7.121871168549899,2.039121758393214,-3.7335083391949886,7.732981195404401,-5.723292880654897,9.40239582363159,0.3525,0.152,0.3522469998858566,0.1778975741239892,strat_platt,iso,2026-09-13T20:25:00Z,2026-09-01 23:54:17,2026-09-01 23:54:05,live
WR,00-0036554,Nico Collins,HOU,BUF,2026_01_BUF_HOU,2026,1,NA,NA,15,20,7.887140144240192,1.3252317901356372,-4.76906843252932,7.3363719893488,-6.869730378483693,9.098811946271683,0.349,0.1655,0.34860275568502613,0.1782477341389728,strat_platt,iso,2026-09-13T17:00:00Z,2026-09-01 23:54:17,2026-09-01 23:54:05,live
WR,00-0037240,Jameson Williams,DET,NO,2026_01_NO_DET,2026,1,NA,NA,15,20,6.771638558668508,2.3551530817341306,-3.264869663047253,7.898487575825548,-5.202051535291444,9.523768950606069,0.349,0.1555,0.34860275568502613,0.1778975741239892,strat_platt,iso,2026-09-13T17:00:00Z,2026-09-01 23:54:17,2026-09-01 23:54:05,live
WR,00-0038544,Quentin Johnston,LAC,ARI,2026_01_ARI_LAC,2026,1,NA,NA,15,20,7.05986608589853,2.0603834210922822,-3.6854897739564474,7.7278510679741785,-5.666051401397901,9.38952773902235,0.3475,0.1475,0.3470411650211117,0.1778975741239892,strat_platt,iso,2026-09-13T20:25:00Z,2026-09-01 23:54:17,2026-09-01 23:54:05,live
WR,00-0036912,DeVonta Smith,PHI,WAS,2026_01_WAS_PHI,2026,1,NA,NA,15,20,7.3765792176640135,1.976539045880755,-3.904876248774544,7.777699247094103,-5.932158274016449,9.478573989038654,0.3425,0.1575,0.34183689831070146,0.1778975741239892,strat_platt,iso,2026-09-13T20:25:00Z,2026-09-01 23:54:17,2026-09-01 23:54:05,live
WR,00-0037664,Alec Pierce,IND,BAL,2026_01_BAL_IND,2026,1,NA,NA,15,20,7.064195239229371,2.4001968841837473,-3.3475480274566274,8.06951070707183,-5.328754822296146,9.731728668832409,0.33,0.1345,0.3288338017626985,0.1778975741239892,strat_platt,iso,2026-09-13T17:00:00Z,2026-09-01 23:54:17,2026-09-01 23:54:05,live
WR,00-0036613,Jaylen Waddle,DEN,KC,2026_01_DEN_KC,2026,1,NA,NA,15,20,7.7595094851560855,1.2404018870021962,-4.801301910977039,7.199663368198252,-6.88383424339192,8.946892712405887,0.327,0.137,0.32571480753549864,0.1778975741239892,strat_platt,iso,2026-09-15T00:15:00Z,2026-09-01 23:54:17,2026-09-01 23:54:05,live
WR,00-0040129,Emeka Egbuka,TB,CIN,2026_01_TB_CIN,2026,1,NA,NA,15,20,7.484002089262649,1.3583403100605118,-4.568426245424372,7.204232929615158,-6.611340527749946,8.918223020535402,0.32,0.135,0.3184400224115163,0.1778975741239892,strat_platt,iso,2026-09-13T17:00:00Z,2026-09-01 23:54:17,2026-09-01 23:54:05,live
WR,00-0036252,Michael Pittman,PIT,ATL,2026_01_ATL_PIT,2026,1,NA,NA,15,20,7.117377550904313,1.4154323540846117,-4.355262302629083,7.107382760359064,-6.344379711383812,8.776237669142368,0.307,0.133,0.3049412765534536,0.1778975741239892,strat_platt,iso,2026-09-13T17:00:00Z,2026-09-01 23:54:17,2026-09-01 23:54:05,live
WR,00-0034960,Jakobi Meyers,JAX,CLE,2026_01_CLE_JAX,2026,1,NA,NA,15,20,7.289326423908474,1.4074937463473913,-4.436857290155317,7.172095451261779,-6.451363529201686,8.862251402343533,0.3055,0.135,0.3033847698028402,0.1778975741239892,strat_platt,iso,2026-09-13T17:00:00Z,2026-09-01 23:54:17,2026-09-01 23:54:05,live
WR,00-0035640,DK Metcalf,PIT,ATL,2026_01_ATL_PIT,2026,1,NA,NA,15,20,7.5853264603288455,1.2348726040136828,-4.734391780158114,7.122683146392201,-6.791954761800513,8.848963388539605,0.305,0.1225,0.3028659844578948,0.14439140811455847,strat_platt,iso,2026-09-13T17:00:00Z,2026-09-01 23:54:17,2026-09-01 23:54:05,live
WR,00-0039893,Brian Thomas Jr.,JAX,CLE,2026_01_CLE_JAX,2026,1,NA,NA,15,20,7.015127571266699,1.5881450532322199,-4.138353772746763,7.236502704791533,-6.11223719295446,8.892576408978687,0.304,0.121,0.30182848985032046,0.14439140811455847,strat_platt,iso,2026-09-13T17:00:00Z,2026-09-01 23:54:17,2026-09-01 23:54:05,live
WR,00-0038994,Jordan Addison,MIN,GB,2026_01_GB_MIN,2026,1,NA,NA,15,20,6.911901038533639,1.7069973650158803,-3.9745761810112246,7.311042766372077,-5.932974176714352,8.95412431303987,0.298,0.112,0.29560570360590827,0.14439140811455847,strat_platt,iso,2026-09-13T20:25:00Z,2026-09-01 23:54:17,2026-09-01 23:54:05,live
WR,00-0035719,Deebo Samuel Sr.,SF,LA,2026_01_SF_LA,2026,1,NA,NA,15,20,7.170459647786869,1.481777075151914,-4.311744071941211,7.1962424919958234,-6.308729609594715,8.871698703184842,0.2915,0.12,0.28886875189791633,0.14439140811455847,strat_platt,iso,2026-09-11T00:35:00Z,2026-09-01 23:54:17,2026-09-01 23:54:05,live
WR,00-0031235,Odell Beckham Jr.,NYG,DAL,2026_01_DAL_NYG,2026,1,NA,NA,15,20,7.0029085386086924,1.5280332640376053,-4.193163952101193,7.1711616490910846,-6.165219945100404,8.825702155260915,0.2895,0.1085,0.2867968053332978,0.14439140811455847,strat_platt,iso,2026-09-14T00:20:00Z,2026-09-01 23:54:17,2026-09-01 23:54:05,live
WR,00-0036410,Tee Higgins,CIN,TB,2026_01_TB_CIN,2026,1,NA,NA,15,20,6.818315201709056,1.6072057272898688,-4.033365706151393,7.170808512067907,-5.977630565240658,8.802032460832862,0.2875,0.123,0.2847253255008716,0.14439140811455847,strat_platt,iso,2026-09-13T17:00:00Z,2026-09-01 23:54:17,2026-09-01 23:54:05,live
WR,00-0036259,Jauan Jennings,MIN,GB,2026_01_GB_MIN,2026,1,NA,NA,15,20,6.929564830895672,1.3137080012540712,-4.375575203716146,6.925357859086306,-6.336630664028229,8.570668999059176,0.275,0.104,0.2717896671627331,0.14439140811455847,strat_platt,iso,2026-09-13T20:25:00Z,2026-09-01 23:54:17,2026-09-01 23:54:05,live
WR,00-0034348,Courtland Sutton,DEN,KC,2026_01_DEN_KC,2026,1,NA,NA,15,20,7.098191982649534,1.3311357243338806,-4.431289088191671,7.014929132917984,-6.417555940467349,8.681392445734208,0.2725,0.1115,0.26920494219469276,0.14439140811455847,strat_platt,iso,2026-09-15T00:15:00Z,2026-09-01 23:54:17,2026-09-01 23:54:05,live
WR,00-0038124,Christian Watson,GB,MIN,2026_01_GB_MIN,2026,1,NA,NA,15,20,6.243552935266147,1.899138403186949,-3.483601344622834,7.208427755166539,-5.338993455294977,8.765088120203256,0.2695,0.0995,0.26610438445577606,0.14439140811455847,strat_platt,iso,2026-09-13T20:25:00Z,2026-09-01 23:54:17,2026-09-01 23:54:05,live
WR,00-0035659,Terry McLaurin,WAS,PHI,2026_01_WAS_PHI,2026,1,NA,NA,15,20,6.740048431203149,1.4080663118665138,-4.198011666342656,6.937646323269479,-6.130386876720317,8.558894944017727,0.2645,0.1005,0.26093956167023946,0.14439140811455847,strat_platt,iso,2026-09-13T20:25:00Z,2026-09-01 23:54:17,2026-09-01 23:54:05,live
WR,00-0035535,Darius Slayton,NYG,DAL,2026_01_DAL_NYG,2026,1,NA,NA,15,20,6.407932059339389,1.4995787887592538,-3.9579959176125596,6.882681935806847,-5.8391831062977095,8.460984181998986,0.2635,0.094,0.2599070231717433,0.11336717428087986,strat_platt,iso,2026-09-14T00:20:00Z,2026-09-01 23:54:17,2026-09-01 23:54:05,live
WR,00-0033921,Chris Godwin Jr.,TB,CIN,2026_01_TB_CIN,2026,1,NA,NA,15,20,6.508512180982521,1.2222138795891213,-4.280707521750542,6.650044941419932,-6.177525393699291,8.241461216164275,0.253,0.092,0.24907432192441453,0.11336717428087986,strat_platt,iso,2026-09-13T17:00:00Z,2026-09-01 23:54:17,2026-09-01 23:54:05,live
WR,00-0034827,DJ Moore,BUF,HOU,2026_01_BUF_HOU,2026,1,NA,NA,15,20,6.277903466282817,1.5120285833401614,-3.8864251437121546,6.836817488814523,-5.7472337512761875,8.398022254994506,0.249,0.0925,0.24495205383689875,0.11336717428087986,strat_platt,iso,2026-09-13T17:00:00Z,2026-09-01 23:54:17,2026-09-01 23:54:05,live
WR,00-0038619,Andrei Iosivas,CIN,TB,2026_01_TB_CIN,2026,1,NA,NA,15,20,6.1742007302435065,1.4756905025065226,-3.8751994221228507,6.753564639373217,-5.719613125250902,8.301014201045614,0.245,0.089,0.24083237265917895,0.10204081632653061,strat_platt,iso,2026-09-13T17:00:00Z,2026-09-01 23:54:17,2026-09-01 23:54:05,live
WR,00-0031408,Mike Evans,SF,LA,2026_01_SF_LA,2026,1,NA,NA,15,20,6.643237485362482,1.1215924212656119,-4.441558582246987,6.608831219764511,-6.35913716973025,8.21766558248955,0.2405,0.093,0.23620092133928275,0.11336717428087986,strat_platt,iso,2026-09-11T00:35:00Z,2026-09-01 23:54:17,2026-09-01 23:54:05,live
WR,00-0031610,Darren Waller,CAR,CHI,2026_01_CHI_CAR,2026,1,NA,NA,15,20,5.465960478499469,2.3669342913415456,-2.648547565019086,7.313977184481127,-4.377348492334445,8.764428475672416,0.239,0.0835,0.23465787356553017,0.10204081632653061,strat_platt,iso,2026-09-13T17:00:00Z,2026-09-01 23:54:17,2026-09-01 23:54:05,live
WR,00-0037816,Romeo Doubs,NE,SEA,2026_01_NE_SEA,2026,1,NA,NA,15,20,6.989751184109704,0.6496484303066998,-5.065835205459795,6.287141199883006,-7.035921767937909,7.940029368298324,0.238,0.0795,0.23362939244955383,0.08568075117370892,strat_platt,iso,2026-09-10T00:20:00Z,2026-09-01 23:54:17,2026-09-01 23:54:05,live
WR,00-0036309,Darnell Mooney,NYG,DAL,2026_01_DAL_NYG,2026,1,NA,NA,15,20,6.38942998074927,1.4271682789259543,-4.0220285029846155,6.802007822823892,-5.9003278806892085,8.377887216795582,0.2345,0.083,0.23003109839876024,0.08568075117370892,strat_platt,iso,2026-09-14T00:20:00Z,2026-09-01 23:54:17,2026-09-01 23:54:05,live
WR,00-0038608,Kayshon Boutte,HOU,BUF,2026_01_BUF_HOU,2026,1,NA,NA,15,20,5.757728524590183,2.2251715212798384,-2.930816701820392,7.3108034957732855,-4.708049174512607,8.801888498120281,0.2315,0.078,0.2269485988244142,0.08568075117370892,strat_platt,iso,2026-09-13T17:00:00Z,2026-09-01 23:54:17,2026-09-01 23:54:05,live
WR,00-0033908,Cooper Kupp,SEA,NE,2026_01_NE_SEA,2026,1,NA,NA,15,20,6.367754357541248,1.4950400543413085,-3.9443273137342505,6.860184312073563,-5.8192385623937,8.4332210906402,0.2285,0.073,0.22386775450602722,0.08280254777070063,strat_platt,iso,2026-09-10T00:20:00Z,2026-09-01 23:54:17,2026-09-01 23:54:05,live
WR,00-0039901,Keon Coleman,BUF,HOU,2026_01_BUF_HOU,2026,1,NA,NA,15,20,6.060250687770744,1.311343770538673,-3.986848518735518,6.537239359793136,-5.813097721726093,8.069449039150594,0.2255,0.082,0.2207886016776676,0.08568075117370892,strat_platt,iso,2026-09-13T17:00:00Z,2026-09-01 23:54:17,2026-09-01 23:54:05,live
WR,00-0038563,Tre Tucker,LV,MIA,2026_01_MIA_LV,2026,1,NA,NA,15,20,6.562884066885898,0.82895733553316,-4.698340957123483,6.280832652811443,-6.603561370148204,7.879298597856379,0.218,0.0715,0.21309836331667728,0.08280254777070063,strat_platt,iso,2026-09-13T20:25:00Z,2026-09-01 23:54:17,2026-09-01 23:54:05,live
WR,00-0039894,Xavier Worthy,KC,DEN,2026_01_DEN_KC,2026,1,NA,NA,15,20,6.015852988980556,1.3017368006731769,-3.975797634962788,6.507256423877859,-5.794926222716602,8.033491959306394,0.214,0.072,0.20900152445557044,0.08280254777070063,strat_platt,iso,2026-09-15T00:15:00Z,2026-09-01 23:54:17,2026-09-01 23:54:05,live
WR,00-0031588,Stefon Diggs,WAS,PHI,2026_01_WAS_PHI,2026,1,NA,NA,15,20,5.720019645049845,1.7429622527360142,-3.395057442398603,6.8108708895486085,-5.166096291287742,8.296759486976805,0.2125,0.069,0.20746606456568104,0.08280254777070063,strat_platt,iso,2026-09-13T20:25:00Z,2026-09-01 23:54:17,2026-09-01 23:54:05,live
WR,00-0038104,Tyquan Thornton,KC,DEN,2026_01_DEN_KC,2026,1,NA,NA,15,20,5.366778867289158,2.144055130727127,-2.8228669513547833,7.043200873978039,-4.534929669818521,8.479608930776363,0.21,0.0685,0.20490802044540593,0.08280254777070063,strat_platt,iso,2026-09-15T00:15:00Z,2026-09-01 23:54:17,2026-09-01 23:54:05,live
WR,00-0036040,Juwan Johnson,NO,DET,2026_01_NO_DET,2026,1,NA,NA,15,20,6.469395396573752,0.9730720673391193,-4.512252775379732,6.3835466851109395,-6.403005238713228,7.969874126538159,0.2055,0.071,0.20030693378574216,0.08280254777070063,strat_platt,iso,2026-09-13T17:00:00Z,2026-09-01 23:54:17,2026-09-01 23:54:05,live
WR,00-0040718,Travis Hunter,JAX,CLE,2026_01_CLE_JAX,2026,1,NA,NA,15,20,5.870126866542135,1.2250795337219331,-3.984142561119203,6.363218974977755,-5.779724370817502,7.869698936416025,0.2035,0.0635,0.19826343648693148,0.0681265206812652,strat_platt,iso,2026-09-13T17:00:00Z,2026-09-01 23:54:17,2026-09-01 23:54:05,live
WR,00-0038559,Michael Wilson,ARI,LAC,2026_01_ARI_LAC,2026,1,NA,NA,15,20,6.939447191866701,0.2009335087275255,-5.492659000707064,5.8168338682334575,-7.455199847621563,7.463391236665226,0.202,0.0705,0.19673140198364322,0.08280254777070063,strat_platt,iso,2026-09-13T20:25:00Z,2026-09-01 23:54:17,2026-09-01 23:54:05,live
WR,00-0038606,Parker Washington,JAX,CLE,2026_01_CLE_JAX,2026,1,NA,NA,15,20,5.967922702535448,1.2232416765160912,-4.031910849589752,6.406684803454424,-5.843324552301824,7.926447606948714,0.199,0.077,0.1936688694464786,0.08568075117370892,strat_platt,iso,2026-09-13T17:00:00Z,2026-09-01 23:54:17,2026-09-01 23:54:05,live
WR,00-0039855,Jalen McMillan,TB,CIN,2026_01_TB_CIN,2026,1,NA,NA,15,20,5.281592175750166,1.7431247129576521,-3.181752744813097,6.60079955354156,-4.879322980285278,8.025048523463228,0.196,0.06,0.19060842190754848,0.06790123456790123,strat_platt,iso,2026-09-13T17:00:00Z,2026-09-01 23:54:17,2026-09-01 23:54:05,live
WR,00-0039491,Jalen Coker,CAR,CHI,2026_01_CHI_CAR,2026,1,NA,NA,15,20,5.73111067027908,1.3597323396023355,-3.783578049974942,6.432859476469744,-5.556440563612667,7.920278115239019,0.195,0.058,0.18958874371751902,0.06790123456790123,strat_platt,iso,2026-09-13T17:00:00Z,2026-09-01 23:54:17,2026-09-01 23:54:05,live
WR,00-0040277,Jahdae Walker,CHI,CAR,2026_01_CHI_CAR,2026,1,NA,NA,15,20,5.264731187208486,2.1128773362271325,-2.8036406496399415,6.962306774423824,-4.498329434596932,8.384138228508807,0.1945,0.0555,0.18907899386826985,0.06790123456790123,strat_platt,iso,2026-09-13T17:00:00Z,2026-09-01 23:54:17,2026-09-01 23:54:05,live
WR,00-0040727,Tre Harris,LAC,ARI,2026_01_ARI_LAC,2026,1,NA,NA,15,20,5.2834281653521185,1.5247370924316723,-3.401049870884127,6.38330902786544,-5.098933606449562,7.807821022064725,0.1935,0.0555,0.1880596737107102,0.06790123456790123,strat_platt,iso,2026-09-13T20:25:00Z,2026-09-01 23:54:17,2026-09-01 23:54:05,live
WR,00-0030279,Keenan Allen,IND,BAL,2026_01_BAL_IND,2026,1,NA,NA,15,20,6.048315576172152,1.051660660437115,-4.240985318806181,6.272085622061516,-6.065322748172767,7.80269133737802,0.193,0.059,0.18755010382444579,0.06790123456790123,strat_platt,iso,2026-09-13T17:00:00Z,2026-09-01 23:54:17,2026-09-01 23:54:05,live
WR,00-0036550,Rashod Bateman,BAL,IND,2026_01_BAL_IND,2026,1,NA,NA,15,20,5.7039301105195745,1.115740411689426,-4.014595621458545,6.176070234239914,-5.78298596670474,7.6597367565477565,0.1925,0.0545,0.1870405943491706,0.057534246575342465,strat_platt,iso,2026-09-13T17:00:00Z,2026-09-01 23:54:17,2026-09-01 23:54:05,live
WR,00-0038359,Xavier Smith,LA,SF,2026_01_SF_LA,2026,1,NA,NA,15,20,5.2325147508799486,1.7056716137733785,-3.1948388872207527,6.539311997887998,-4.884010005982374,7.956514170526525,0.1915,0.051,0.18602175748418723,0.057534246575342465,strat_platt,iso,2026-09-11T00:35:00Z,2026-09-01 23:54:17,2026-09-01 23:54:05,live
WR,00-0039410,Ryan Flournoy,DAL,NYG,2026_01_DAL_NYG,2026,1,NA,NA,15,20,5.278937668572257,1.6738453651897915,-3.2497168508641794,6.53022291124167,-4.946833731870184,7.954091520093163,0.1915,0.0615,0.18602175748418723,0.06790123456790123,strat_platt,iso,2026-09-14T00:20:00Z,2026-09-01 23:54:17,2026-09-01 23:54:05,live
WR,00-0041399,CJ Daniels,LA,SF,2026_01_SF_LA,2026,1,NA,NA,15,20,5.25551939131098,1.5914854070640716,-3.3204601823544895,6.4364048416353805,-5.013572894773163,7.856913982426742,0.191,0.0545,0.18551243052274125,0.057534246575342465,strat_platt,iso,2026-09-11T00:35:00Z,2026-09-01 23:54:17,2026-09-01 23:54:05,live
WR,00-0037801,KaVontae Turpin,DAL,NYG,2026_01_DAL_NYG,2026,1,NA,NA,15,20,5.279586505759853,1.5973251239416995,-3.3265586032811862,6.45401979396866,-5.023786306900627,7.877981382179554,0.189,0.049,0.18347573751745777,0.05199698568198945,strat_platt,iso,2026-09-14T00:20:00Z,2026-09-01 23:54:17,2026-09-01 23:54:05,live
WR,00-0040669,Isaac TeSlaa,DET,NO,2026_01_NO_DET,2026,1,NA,NA,15,20,5.209961050017556,1.9630201087696164,-2.9262565578315245,6.785579950238853,-4.6115554537694745,8.199533356344674,0.188,0.057,0.18245776296468075,0.06790123456790123,strat_platt,iso,2026-09-13T17:00:00Z,2026-09-01 23:54:17,2026-09-01 23:54:05,live
WR,00-0032951,Laquon Treadwell,IND,BAL,2026_01_BAL_IND,2026,1,NA,NA,15,20,5.903796327076988,0.8605617078796899,-4.364513660997463,6.0143380966709525,-6.165559981512343,7.525402742582957,0.1855,0.0565,0.17991392555418764,0.06790123456790123,strat_platt,iso,2026-09-13T17:00:00Z,2026-09-01 23:54:17,2026-09-01 23:54:05,live
WR,00-0037261,Khalil Shakir,BUF,HOU,2026_01_BUF_HOU,2026,1,NA,NA,15,20,5.756444064920866,0.9008768691202402,-4.2545002095531705,5.985906038583189,-6.031522025107732,7.476814301137603,0.1795,0.0545,0.17381526651304818,0.057534246575342465,strat_platt,iso,2026-09-13T17:00:00Z,2026-09-01 23:54:17,2026-09-01 23:54:05,live
WR,00-0039342,Xavier Legette,CAR,CHI,2026_01_CHI_CAR,2026,1,NA,NA,15,20,5.7431331683160005,0.8903090853972241,-4.258730916809103,5.969087651229734,-6.033568387172809,7.4581632641988636,0.1795,0.055,0.17381526651304818,0.057534246575342465,strat_platt,iso,2026-09-13T17:00:00Z,2026-09-01 23:54:17,2026-09-01 23:54:05,live
WR,00-0039849,Marvin Harrison Jr.,ARI,LAC,2026_01_ARI_LAC,2026,1,NA,NA,15,20,6.3652053137370626,0.26486210947937616,-5.17334829397109,5.628865189994745,-7.0478607451522475,7.2015673804036755,0.179,0.0505,0.17330747132154792,0.057534246575342465,strat_platt,iso,2026-09-13T20:25:00Z,2026-09-01 23:54:17,2026-09-01 23:54:05,live
WR,00-0039868,Troy Franklin,DEN,KC,2026_01_DEN_KC,2026,1,NA,NA,15,20,5.84205347447885,1.0423152630860966,-4.153655856896229,6.16738454620361,-5.944670149797575,7.670032394568012,0.177,0.0535,0.1712769598340972,0.057534246575342465,strat_platt,iso,2026-09-15T00:15:00Z,2026-09-01 23:54:17,2026-09-01 23:54:05,live
WR,00-0036849,Tutu Atwell,LA,SF,2026_01_SF_LA,2026,1,NA,NA,15,20,5.241447326047444,1.7412922340177002,-3.1636612417808596,6.5793149661419665,-4.85436382236049,7.997802024007153,0.1765,0.053,0.17076950047567732,0.057534246575342465,strat_platt,iso,2026-09-11T00:35:00Z,2026-09-01 23:54:17,2026-09-01 23:54:05,live
WR,00-0040184,KeAndre Lambert-Smith,LAC,ARI,2026_01_ARI_LAC,2026,1,NA,NA,15,20,5.232480381175921,1.384572822947004,-3.515920576032735,6.2181963384134695,-5.20508579985162,7.635393565238301,0.1765,0.053,0.17076950047567732,0.057534246575342465,strat_platt,iso,2026-09-13T20:25:00Z,2026-09-01 23:54:17,2026-09-01 23:54:05,live
WR,00-0039146,Jayden Reed,GB,MIN,2026_01_GB_MIN,2026,1,NA,NA,15,20,5.387354939357448,1.5511869888079057,-3.4258435861385093,6.460303289069662,-5.141390630204134,7.899634669478203,0.1755,0.0515,0.16975478566012325,0.057534246575342465,strat_platt,iso,2026-09-13T20:25:00Z,2026-09-01 23:54:17,2026-09-01 23:54:05,live
WR,00-0038393,Dontayvion Wicks,PHI,WAS,2026_01_WAS_PHI,2026,1,NA,NA,15,20,5.259372284318195,1.1847212993683347,-3.729137180962478,6.031527522420555,-5.4229092532747085,7.452589861323892,0.173,0.055,0.167219199420982,0.057534246575342465,strat_platt,iso,2026-09-13T20:25:00Z,2026-09-01 23:54:17,2026-09-01 23:54:05,live
WR,00-0036988,Josh Palmer,BUF,HOU,2026_01_BUF_HOU,2026,1,NA,NA,15,20,5.265909203624888,1.2682904851783785,-3.6488119541650903,6.1182964016676005,-5.34370219607894,7.540296876660994,0.172,0.049,0.16620545041841284,0.05199698568198945,strat_platt,iso,2026-09-13T17:00:00Z,2026-09-01 23:54:17,2026-09-01 23:54:05,live
WR,00-0040170,Elic Ayomanor,TEN,NYJ,2026_01_NYJ_TEN,2026,1,NA,NA,15,20,6.46256209226763,-0.21920133352230697,-5.701447125072115,5.188236248399387,-7.591138261364912,6.773673244228021,0.172,0.0545,0.16620545041841284,0.057534246575342465,strat_platt,iso,2026-09-13T17:00:00Z,2026-09-01 23:54:17,2026-09-01 23:54:05,live
WR,00-0039751,Jordan Whittington,LA,SF,2026_01_SF_LA,2026,1,NA,NA,15,20,5.08409824441755,1.6775223695734993,-3.1486398698038256,6.4378290143222285,-4.812183671528219,7.833530056032894,0.1715,0.0455,0.16569868094723886,0.05199698568198945,strat_platt,iso,2026-09-11T00:35:00Z,2026-09-01 23:54:17,2026-09-01 23:54:05,live
WR,00-0040735,Luther Burden III,CHI,CAR,2026_01_CHI_CAR,2026,1,NA,NA,15,20,5.334176467286759,1.2831086595253633,-3.667759437856988,6.166419483382877,-5.374288461965814,7.5981848112265125,0.169,0.0485,0.16316589399129228,0.05199698568198945,strat_platt,iso,2026-09-13T17:00:00Z,2026-09-01 23:54:17,2026-09-01 23:54:05,live
WR,00-0040876,Elijah Sarratt,BAL,IND,2026_01_BAL_IND,2026,1,NA,NA,15,20,5.258620409477901,1.0252964540447342,-3.8881887857725417,5.871734529652142,-5.5818322047341296,7.2926889293384125,0.1685,0.046,0.16265955046474764,0.05199698568198945,strat_platt,iso,2026-09-13T17:00:00Z,2026-09-01 23:54:17,2026-09-01 23:54:05,live
WR,00-0037291,Jalen Nailor,LV,MIA,2026_01_MIA_LV,2026,1,NA,NA,15,20,5.605686157738233,0.7772508508048488,-4.305946033615234,5.791084763813323,-6.058087849534127,7.261118889255586,0.167,0.0505,0.16114095225416106,0.057534246575342465,strat_platt,iso,2026-09-13T20:25:00Z,2026-09-01 23:54:17,2026-09-01 23:54:05,live
WR,00-0032464,Kalif Raymond,CHI,CAR,2026_01_CHI_CAR,2026,1,NA,NA,15,20,5.166406006249025,1.3567919248295424,-3.5107255857406496,6.157889525723208,-5.188524255339192,7.565550296970765,0.166,0.0455,0.1601289163638632,0.05199698568198945,strat_platt,iso,2026-09-13T17:00:00Z,2026-09-01 23:54:17,2026-09-01 23:54:05,live
WR,00-0037524,Tay Martin,DET,NO,2026_01_NO_DET,2026,1,NA,NA,15,20,5.224033115281092,0.9706659166126564,-3.9256226109964523,5.800141938453108,-5.613338445557639,7.216123138327091,0.166,0.0465,0.1601289163638632,0.05199698568198945,strat_platt,iso,2026-09-13T17:00:00Z,2026-09-01 23:54:17,2026-09-01 23:54:05,live
WR,00-0040024,Darius Cooper,PHI,WAS,2026_01_WAS_PHI,2026,1,NA,NA,15,20,5.259098313986089,1.1528017534713542,-3.760920727296363,5.999473832748091,-5.4546459215263825,7.420496841284467,0.1655,0.034,0.15962300808266103,0.0332425068119891,strat_platt,iso,2026-09-13T20:25:00Z,2026-09-01 23:54:17,2026-09-01 23:54:05,live
WR,00-0037545,Rashid Shaheed,SEA,NE,2026_01_NE_SEA,2026,1,NA,NA,15,20,5.5881520858088845,1.1014376622553101,-3.973305468284785,6.106933177428828,-5.7225333353617565,7.5745225211767675,0.1645,0.0485,0.15861141217491662,0.05199698568198945,strat_platt,iso,2026-09-10T00:20:00Z,2026-09-01 23:54:17,2026-09-01 23:54:05,live
WR,00-0039062,Jonathan Mingo,DAL,NYG,2026_01_DAL_NYG,2026,1,NA,NA,15,20,5.284293335436014,1.2336266299012355,-3.692588866729783,6.092621251081308,-5.390620314681376,7.51725717488859,0.164,0.045,0.15810572508270737,0.05199698568198945,strat_platt,iso,2026-09-14T00:20:00Z,2026-09-01 23:54:17,2026-09-01 23:54:05,live
WR,00-0040506,Myles Price,MIN,GB,2026_01_GB_MIN,2026,1,NA,NA,15,20,5.282550531024991,1.0138881321884992,-3.9114640904568736,5.872031259223476,-5.609197974004955,7.296417528679892,0.163,0.0425,0.15709457396663956,0.05199698568198945,strat_platt,iso,2026-09-13T20:25:00Z,2026-09-01 23:54:17,2026-09-01 23:54:05,live
WR,00-0041550,Brenen Thompson,LAC,ARI,2026_01_ARI_LAC,2026,1,NA,NA,15,20,5.266170006031062,1.0317983925602747,-3.8854334313234165,5.881931928067672,-5.580368271168139,7.303969820397786,0.163,0.043,0.15709457396663956,0.05199698568198945,strat_platt,iso,2026-09-13T20:25:00Z,2026-09-01 23:54:17,2026-09-01 23:54:05,live
WR,00-0039739,Roman Wilson,PIT,ATL,2026_01_ATL_PIT,2026,1,NA,NA,15,20,5.24350758087953,1.0427759699106907,-3.86320175253859,5.881808972286031,-5.554257383654596,7.3005922369603695,0.1625,0.0405,0.1565891104845131,0.05199698568198945,strat_platt,iso,2026-09-13T17:00:00Z,2026-09-01 23:54:17,2026-09-01 23:54:05,live
WR,00-0034837,Calvin Ridley,TEN,NYJ,2026_01_NYJ_TEN,2026,1,NA,NA,15,20,5.478591064962786,1.0646709452585212,-3.9569651543185453,6.017784103636508,-5.687887405503513,7.470015169987038,0.1605,0.0445,0.15456801010785573,0.05199698568198945,strat_platt,iso,2026-09-13T17:00:00Z,2026-09-01 23:54:17,2026-09-01 23:54:05,live
WR,00-0040785,Dohnte Meyers,CIN,TB,2026_01_TB_CIN,2026,1,NA,NA,15,20,5.248743045811611,1.2255326607482122,-3.683047001760161,6.067132098302931,-5.374999503110334,7.486667830522044,0.1605,0.046,0.15456801010785573,0.05199698568198945,strat_platt,iso,2026-09-13T17:00:00Z,2026-09-01 23:54:17,2026-09-01 23:54:05,live
WR,00-0035021,Ashton Dulin,IND,BAL,2026_01_BAL_IND,2026,1,NA,NA,15,20,5.187803887944666,1.5075352447976362,-3.3706828830671727,6.31918744727408,-5.052169979347653,7.729942781440221,0.16,0.045,0.15406292478143896,0.05199698568198945,strat_platt,iso,2026-09-13T17:00:00Z,2026-09-01 23:54:17,2026-09-01 23:54:05,live
WR,00-0033555,Mack Hollins,NE,SEA,2026_01_NE_SEA,2026,1,NA,NA,15,20,5.845984992908677,0.6962718412815363,-4.501556796504238,5.823173295367184,-6.293211362582333,7.3263583282282285,0.1595,0.044,0.15355791591859758,0.05199698568198945,strat_platt,iso,2026-09-10T00:20:00Z,2026-09-01 23:54:17,2026-09-01 23:54:05,live
WR,00-0040534,Ke'Shawn Williams,CIN,TB,2026_01_TB_CIN,2026,1,NA,NA,15,20,5.248743045811611,1.2255326607482122,-3.683047001760161,6.067132098302931,-5.374999503110334,7.486667830522044,0.1595,0.047,0.15355791591859758,0.05199698568198945,strat_platt,iso,2026-09-13T17:00:00Z,2026-09-01 23:54:17,2026-09-01 23:54:05,live
WR,00-0041042,Malachi Fields,NYG,DAL,2026_01_DAL_NYG,2026,1,NA,NA,15,20,5.257149405404618,1.1895171104597788,-3.7232378313333943,6.035234853354701,-5.416629521759729,7.455978054647207,0.159,0.045,0.1530529837998835,0.05199698568198945,strat_platt,iso,2026-09-14T00:20:00Z,2026-09-01 23:54:17,2026-09-01 23:54:05,live
WR,00-0041069,Colbie Young,CIN,TB,2026_01_TB_CIN,2026,1,NA,NA,15,20,5.248743045811611,1.2255326607482122,-3.683047001760161,6.067132098302931,-5.374999503110334,7.486667830522044,0.1565,0.042,0.15052948428210378,0.05199698568198945,strat_platt,iso,2026-09-13T17:00:00Z,2026-09-01 23:54:17,2026-09-01 23:54:05,live
WR,00-0040867,Makai Lemon,PHI,WAS,2026_01_WAS_PHI,2026,1,NA,NA,15,20,5.246945623099977,1.0659281026631224,-3.841758407468746,5.906646575388695,-5.533403045546564,7.3259240125815595,0.156,0.04,0.15002501859570505,0.043859649122807015,strat_platt,iso,2026-09-13T20:25:00Z,2026-09-01 23:54:17,2026-09-01 23:54:05,live
WR,00-0038573,Derius Davis,LAC,ARI,2026_01_ARI_LAC,2026,1,NA,NA,15,20,5.270601862561137,0.991593255237403,-3.92783676164148,5.8438949882073885,-5.623529302978769,7.266568586529362,0.1555,0.043,0.14952063165553822,0.05199698568198945,strat_platt,iso,2026-09-13T20:25:00Z,2026-09-01 23:54:17,2026-09-01 23:54:05,live
WR,00-0032775,Demarcus Robinson,SF,LA,2026_01_SF_LA,2026,1,NA,NA,15,20,5.22745119453526,1.0327317089940928,-3.865258650188517,5.863886339995563,-5.553561093990185,7.2803597007174705,0.155,0.04,0.14901632375323196,0.043859649122807015,strat_platt,iso,2026-09-11T00:35:00Z,2026-09-01 23:54:17,2026-09-01 23:54:05,live
WR,00-0039424,Devaughn Vele,NO,DET,2026_01_NO_DET,2026,1,NA,NA,15,20,5.255299031677177,1.1967101242006462,-3.7151260408219353,6.041521627531054,-5.4082010354295065,7.461999123355694,0.155,0.042,0.14901632375323196,0.05199698568198945,strat_platt,iso,2026-09-13T17:00:00Z,2026-09-01 23:54:17,2026-09-01 23:54:05,live
WR,00-0040646,Jalen Royals,KC,DEN,2026_01_DEN_KC,2026,1,NA,NA,15,20,5.228464971811169,0.8484212845941578,-4.050073725077925,5.680073679856165,-5.738550118314394,7.096692982877341,0.155,0.0395,0.14901632375323196,0.043859649122807015,strat_platt,iso,2026-09-15T00:15:00Z,2026-09-01 23:54:17,2026-09-01 23:54:05,live
WR,00-0040930,Camden Brown,DAL,NYG,2026_01_DAL_NYG,2026,1,NA,NA,15,20,5.2594390101856,1.1137237605488295,-3.8001678421678333,5.960562654014026,-5.49395133153091,7.381634571739238,0.1545,0.048,0.1485120951818572,0.05199698568198945,strat_platt,iso,2026-09-14T00:20:00Z,2026-09-01 23:54:17,2026-09-01 23:54:05,live
WR,00-0036407,Jerry Jeudy,CLE,JAX,2026_01_CLE_JAX,2026,1,NA,NA,15,20,6.899072653444723,-0.9769430195499357,-6.652911611215252,4.621573910078927,-8.609377619010592,6.263034533070001,0.1535,0.048,0.14750387721147815,0.05199698568198945,strat_platt,iso,2026-09-13T17:00:00Z,2026-09-01 23:54:17,2026-09-01 23:54:05,live
WR,00-0038840,Brycen Tremayne,CAR,CHI,2026_01_CHI_CAR,2026,1,NA,NA,15,20,5.231077999169419,1.0441495578158275,-3.8556459852630525,5.877084740002729,-5.544570663115849,7.294080150527262,0.1535,0.0465,0.14750387721147815,0.05199698568198945,strat_platt,iso,2026-09-13T17:00:00Z,2026-09-01 23:54:17,2026-09-01 23:54:05,live
WR,00-0036980,Elijah Moore,PHI,WAS,2026_01_WAS_PHI,2026,1,NA,NA,15,20,5.253933010265142,1.0274906988734078,-3.883667090347139,5.871633083206591,-5.576508253640151,7.291914396274288,0.153,0.0435,0.14699988840594821,0.05199698568198945,strat_platt,iso,2026-09-13T20:25:00Z,2026-09-01 23:54:17,2026-09-01 23:54:05,live
WR,00-0040154,Tai Felton,MIN,GB,2026_01_GB_MIN,2026,1,NA,NA,15,20,5.307404856275404,0.972499606409743,-3.965151268791476,5.842773564233078,-5.667124410411304,7.270716540101843,0.153,0.036,0.14699988840594821,0.043859649122807015,strat_platt,iso,2026-09-13T20:25:00Z,2026-09-01 23:54:17,2026-09-01 23:54:05,live
WR,00-0035662,Marquise Brown,PHI,WAS,2026_01_WAS_PHI,2026,1,NA,NA,15,20,5.261444881943821,1.2519122585568825,-3.662974956900891,6.0997331790887275,-5.357101626895336,7.521093022845222,0.1525,0.046,0.14649598011832632,0.05199698568198945,strat_platt,iso,2026-09-13T20:25:00Z,2026-09-01 23:54:17,2026-09-01 23:54:05,live
WR,00-0040075,LaJohntay Wester,BAL,IND,2026_01_BAL_IND,2026,1,NA,NA,15,20,5.257181590655327,1.141790567948861,-3.7709803536317814,5.987524072578407,-5.464377552177213,7.4082718951424145,0.1525,0.045,0.14649598011832632,0.05199698568198945,strat_platt,iso,2026-09-13T17:00:00Z,2026-09-01 23:54:17,2026-09-01 23:54:05,live
WR,00-0038618,Xavier Hutchinson,HOU,BUF,2026_01_BUF_HOU,2026,1,NA,NA,15,20,5.266090075758028,1.0863110151327047,-3.830881155518734,5.936405438497657,-5.525802327176299,7.358431863319048,0.152,0.0375,0.14599215264909868,0.043859649122807015,strat_platt,iso,2026-09-13T17:00:00Z,2026-09-01 23:54:17,2026-09-01 23:54:05,live
WR,00-0040590,Konata Mumpfield,LA,SF,2026_01_SF_LA,2026,1,NA,NA,15,20,5.275666886885234,1.0509427584721873,-3.870998440944745,5.9057214075359825,-5.567556569044137,7.329121226799243,0.151,0.034,0.14498474137541037,0.0332425068119891,strat_platt,iso,2026-09-11T00:35:00Z,2026-09-01 23:54:17,2026-09-01 23:54:05,live
WR,00-0041397,Kaden Wetjen,PIT,ATL,2026_01_ATL_PIT,2026,1,NA,NA,15,20,5.233060073686333,0.970685790839435,-3.9300960501800657,5.804593812397987,-5.619360697918744,7.221874455161902,0.151,0.0465,0.14498474137541037,0.05199698568198945,strat_platt,iso,2026-09-13T17:00:00Z,2026-09-01 23:54:17,2026-09-01 23:54:05,live
WR,00-0040621,Montorie Foster Jr,SEA,NE,2026_01_NE_SEA,2026,1,NA,NA,15,20,5.248743045811611,0.9368845055956382,-3.971695156912735,5.778483943150357,-5.663647658262907,7.19801967536947,0.1505,0.0455,0.1444811581796049,0.05199698568198945,strat_platt,iso,2026-09-10T00:20:00Z,2026-09-01 23:54:17,2026-09-01 23:54:05,live
WR,00-0035208,Olamide Zaccheaus,ATL,PIT,2026_01_ATL_PIT,2026,1,NA,NA,15,20,5.278335418044673,0.7709922699849313,-4.152271502901327,5.627075445287573,-5.849285512669857,7.050857745925747,0.1485,0.046,0.14246764884430468,0.05199698568198945,strat_platt,iso,2026-09-13T17:00:00Z,2026-09-01 23:54:17,2026-09-01 23:54:05,live
WR,00-0038519,Nikko Remigio,KC,DEN,2026_01_DEN_KC,2026,1,NA,NA,15,20,5.224033115281092,0.9847668736433083,-3.9115216539658,5.81424289548376,-5.599237488526987,7.230224095357743,0.1485,0.044,0.14246764884430468,0.05199698568198945,strat_platt,iso,2026-09-15T00:15:00Z,2026-09-01 23:54:17,2026-09-01 23:54:05,live
WR,00-0039792,Devontez Walker,BAL,IND,2026_01_BAL_IND,2026,1,NA,NA,15,20,5.263052266007978,0.9207614940604609,-3.9949234167169907,5.769369224927807,-5.689325046615164,7.190959758025733,0.148,0.0505,0.14196447892580685,0.057534246575342465,strat_platt,iso,2026-09-13T17:00:00Z,2026-09-01 23:54:17,2026-09-01 23:54:05,live
WR,00-0041051,Zavion Thomas,CHI,CAR,2026_01_CHI_CAR,2026,1,NA,NA,15,20,5.266170006031062,1.013905209624218,-3.9033266142594734,5.864038745131616,-5.598261454104195,7.286076637461728,0.148,0.0465,0.14196447892580685,0.05199698568198945,strat_platt,iso,2026-09-13T17:00:00Z,2026-09-01 23:54:17,2026-09-01 23:54:05,live
WR,00-0039355,Luke McCaffrey,WAS,PHI,2026_01_WAS_PHI,2026,1,NA,NA,15,20,5.232190691130318,1.1780551198986586,-3.722294130175034,6.011536453448882,-5.4114096668911476,7.428691993159118,0.147,0.045,0.14095839018470852,0.05199698568198945,strat_platt,iso,2026-09-13T20:25:00Z,2026-09-01 23:54:17,2026-09-01 23:54:05,live
WR,00-0040948,J. Michael Sturdivant,GB,MIN,2026_01_GB_MIN,2026,1,NA,NA,15,20,5.233060073686333,0.9316635620806175,-3.969118278938883,5.7655715836391686,-5.658382926677561,7.182852226403083,0.147,0.0335,0.14095839018470852,0.0332425068119891,strat_platt,iso,2026-09-13T20:25:00Z,2026-09-01 23:54:17,2026-09-01 23:54:05,live
WR,00-0041106,C.J. Williams,JAX,CLE,2026_01_CLE_JAX,2026,1,NA,NA,15,20,5.259534089892461,0.996439863083292,-3.917498936382611,5.843325309272554,-5.611298694129504,7.2644108760524,0.1465,0.0455,0.14045547199660033,0.05199698568198945,strat_platt,iso,2026-09-13T17:00:00Z,2026-09-01 23:54:17,2026-09-01 23:54:05,live
WR,00-0038728,Jared Wayne,HOU,BUF,2026_01_BUF_HOU,2026,1,NA,NA,15,20,5.267528894580601,0.8772571156047816,-4.040648806733524,5.728055551128705,-5.735816003521569,7.150288389229112,0.146,0.039,0.13995263835592692,0.043859649122807015,strat_platt,iso,2026-09-13T17:00:00Z,2026-09-01 23:54:17,2026-09-01 23:54:05,live
WR,00-0040870,Ja'Kobi Lane,BAL,IND,2026_01_BAL_IND,2026,1,NA,NA,15,20,5.258620409477901,1.0252964540447342,-3.8881887857725417,5.871734529652142,-5.5818322047341296,7.2926889293384125,0.1455,0.036,0.1394498895841781,0.043859649122807015,strat_platt,iso,2026-09-13T17:00:00Z,2026-09-01 23:54:17,2026-09-01 23:54:05,live
WR,00-0041443,Skyler Bell,BUF,HOU,2026_01_BUF_HOU,2026,1,NA,NA,15,20,5.233060073686333,1.0011219805253428,-3.8996598604941575,5.8350300020838946,-5.588924508232836,7.252310644847809,0.1455,0.0395,0.1394498895841781,0.043859649122807015,strat_platt,iso,2026-09-13T17:00:00Z,2026-09-01 23:54:17,2026-09-01 23:54:05,live
WR,00-0040237,Tez Johnson,TB,CIN,2026_01_TB_CIN,2026,1,NA,NA,15,20,5.221580519182609,1.0360513924938481,-3.8590156874925845,5.864322634025218,-5.546310497744797,7.279950597593663,0.145,0.0335,0.13894722600457138,0.0332425068119891,strat_platt,iso,2026-09-13T17:00:00Z,2026-09-01 23:54:17,2026-09-01 23:54:05,live
WR,00-0035406,Lil'Jordan Humphrey,DEN,KC,2026_01_DEN_KC,2026,1,NA,NA,15,20,5.241372875043396,0.9580354491703081,-3.946881010105868,5.7960216698826645,-5.637570831353484,7.214498022761925,0.1445,0.039,0.13844464794206887,0.043859649122807015,strat_platt,iso,2026-09-15T00:15:00Z,2026-09-01 23:54:17,2026-09-01 23:54:05,live
WR,00-0038997,Josh Downs,IND,BAL,2026_01_BAL_IND,2026,1,NA,NA,15,20,5.460257779079049,0.8379414142608943,-4.174759622421854,5.782241433511473,-5.902602020970583,7.231888526101736,0.1435,0.043,0.13743974967705166,0.05199698568198945,strat_platt,iso,2026-09-13T17:00:00Z,2026-09-01 23:54:17,2026-09-01 23:54:05,live
WR,00-0040134,Pat Bryant,DEN,KC,2026_01_DEN_KC,2026,1,NA,NA,15,20,5.267666019116385,1.0022395267140467,-3.9157344139213786,5.853105052388629,-5.610925056132715,7.275357561027123,0.1435,0.043,0.13743974967705166,0.05199698568198945,strat_platt,iso,2026-09-15T00:15:00Z,2026-09-01 23:54:17,2026-09-01 23:54:05,live
WR,00-0041132,Deion Burks,IND,BAL,2026_01_BAL_IND,2026,1,NA,NA,15,20,5.248743045811611,0.8074187727122057,-4.1011608897961676,5.649018210266925,-5.79311339114634,7.068553942486037,0.1435,0.034,0.13743974967705166,0.0332425068119891,strat_platt,iso,2026-09-13T17:00:00Z,2026-09-01 23:54:17,2026-09-01 23:54:05,live
WR,00-0041489,Germie Bernard,PIT,ATL,2026_01_ATL_PIT,2026,1,NA,NA,15,20,5.233060073686333,0.970685790839435,-3.9300960501800657,5.804593812397987,-5.619360697918744,7.221874455161902,0.1435,0.046,0.13743974967705166,0.05199698568198945,strat_platt,iso,2026-09-13T17:00:00Z,2026-09-01 23:54:17,2026-09-01 23:54:05,live
WR,00-0039589,Kameron Johnson,TB,CIN,2026_01_TB_CIN,2026,1,NA,NA,15,20,5.248743045811611,0.878391291736664,-4.030188370771709,5.719990729291383,-5.722140872121882,7.139526461510496,0.143,0.0405,0.13693743013334098,0.05199698568198945,strat_platt,iso,2026-09-13T17:00:00Z,2026-09-01 23:54:17,2026-09-01 23:54:05,live
WR,00-0040138,Jaylin Noel,HOU,BUF,2026_01_BUF_HOU,2026,1,NA,NA,15,20,5.268797444525376,1.0853868175565933,-3.833148315767406,5.936805878141918,-5.528532397107464,7.359220680789852,0.143,0.0405,0.13693743013334098,0.05199698568198945,strat_platt,iso,2026-09-13T17:00:00Z,2026-09-01 23:54:17,2026-09-01 23:54:05,live
WR,00-0040648,Tory Horton,SEA,NE,2026_01_NE_SEA,2026,1,NA,NA,15,20,5.261169707029828,1.2437571704256172,-3.670993472727691,6.091443382255974,-5.365073067220047,7.51276373001168,0.143,0.0325,0.13693743013334098,0.0332425068119891,strat_platt,iso,2026-09-10T00:20:00Z,2026-09-01 23:54:17,2026-09-01 23:54:05,live
WR,00-0040172,Jordan Watkins,SF,LA,2026_01_SF_LA,2026,1,NA,NA,15,20,5.253174902341688,0.8762818069893353,-4.03449946485565,5.720052811730236,-5.727210845286982,7.140225237929398,0.1425,0.04,0.13643519742437824,0.043859649122807015,strat_platt,iso,2026-09-11T00:35:00Z,2026-09-01 23:54:17,2026-09-01 23:54:05,live
WR,00-0041048,Ted Hurst III,TB,CIN,2026_01_TB_CIN,2026,1,NA,NA,15,20,5.248743045811611,0.878391291736664,-4.030188370771709,5.719990729291383,-5.722140872121882,7.139526461510496,0.142,0.037,0.13593305188411262,0.043859649122807015,strat_platt,iso,2026-09-13T17:00:00Z,2026-09-01 23:54:17,2026-09-01 23:54:05,live
WR,00-0041342,Dillon Bell,MIN,GB,2026_01_GB_MIN,2026,1,NA,NA,15,20,5.282550531024991,1.0138881321884992,-3.9114640904568736,5.872031259223476,-5.609197974004955,7.296417528679892,0.142,0.046,0.13593305188411262,0.05199698568198945,strat_platt,iso,2026-09-13T20:25:00Z,2026-09-01 23:54:17,2026-09-01 23:54:05,live
WR,00-0040302,A.J. Henning,MIA,LV,2026_01_MIA_LV,2026,1,NA,NA,15,20,5.282550531024991,0.8056125586190436,-4.119739664026329,5.663755685654021,-5.81747354757441,7.088141955110436,0.1415,0.042,0.13543099384834528,0.05199698568198945,strat_platt,iso,2026-09-13T20:25:00Z,2026-09-01 23:54:17,2026-09-01 23:54:05,live
WR,00-0040667,Matthew Golden,GB,MIN,2026_01_GB_MIN,2026,1,NA,NA,15,20,5.248648891752528,1.0412336797340254,-3.8672992004981346,5.882786973381999,-5.559235576330399,7.302309176409924,0.1415,0.038,0.13543099384834528,0.043859649122807015,strat_platt,iso,2026-09-13T20:25:00Z,2026-09-01 23:54:17,2026-09-01 23:54:05,live
WR,00-0040890,Cyrus Allen,KC,DEN,2026_01_DEN_KC,2026,1,NA,NA,15,20,5.224033115281092,0.9847668736433083,-3.9115216539658,5.81424289548376,-5.599237488526987,7.230224095357743,0.1415,0.0415,0.13543099384834528,0.05199698568198945,strat_platt,iso,2026-09-15T00:15:00Z,2026-09-01 23:54:17,2026-09-01 23:54:05,live
WR,00-0041035,De'Zhaun Stribling,SF,LA,2026_01_SF_LA,2026,1,NA,NA,15,20,5.248743045811611,1.0132555971034198,-3.895324065404953,5.854855034658139,-5.587276566755126,7.274390766877252,0.141,0.0415,0.13492902365474796,0.05199698568198945,strat_platt,iso,2026-09-11T00:35:00Z,2026-09-01 23:54:17,2026-09-01 23:54:05,live
WR,00-0037614,John Metchie III,CAR,CHI,2026_01_CHI_CAR,2026,1,NA,NA,15,20,5.342424218023786,0.9587309975762006,-3.9962027702281393,5.846052013583334,-5.70413320201762,7.278993112186792,0.1405,0.0385,0.13442714164288208,0.043859649122807015,strat_platt,iso,2026-09-13T17:00:00Z,2026-09-01 23:54:17,2026-09-01 23:54:05,live
WR,00-0037666,Jalen Tolbert,MIA,LV,2026_01_MIA_LV,2026,1,NA,NA,15,20,5.2816811484689765,1.0009009582548516,-3.924020577899125,5.858619275748602,-5.621606006876533,7.282880992909659,0.1405,0.0395,0.13442714164288208,0.043859649122807015,strat_platt,iso,2026-09-13T20:25:00Z,2026-09-01 23:54:17,2026-09-01 23:54:05,live
WR,00-0038976,Marvin Mims Jr.,DEN,KC,2026_01_DEN_KC,2026,1,NA,NA,15,20,5.267666019116385,0.9413272333593382,-3.976646707276087,5.79219275903392,-5.671837349487424,7.2144452676724145,0.14,0.039,0.13392534815421794,0.043859649122807015,strat_platt,iso,2026-09-15T00:15:00Z,2026-09-01 23:54:17,2026-09-01 23:54:05,live
WR,00-0041100,Josh Cameron,JAX,CLE,2026_01_CLE_JAX,2026,1,NA,NA,15,20,5.259534089892461,0.996439863083292,-3.917498936382611,5.843325309272554,-5.611298694129504,7.2644108760524,0.14,0.04,0.13392534815421794,0.043859649122807015,strat_platt,iso,2026-09-13T17:00:00Z,2026-09-01 23:54:17,2026-09-01 23:54:05,live
WR,00-0036862,Ben Skowronek,PIT,ATL,2026_01_ATL_PIT,2026,1,NA,NA,15,20,5.231621254863759,0.8281325999477398,-4.071933289427654,5.6613344394096865,-5.760951153726238,7.078408032678385,0.1385,0.0445,0.1324205022711851,0.05199698568198945,strat_platt,iso,2026-09-13T17:00:00Z,2026-09-01 23:54:17,2026-09-01 23:54:05,live
WR,00-0039365,Jacob Cowing,SF,LA,2026_01_SF_LA,2026,1,NA,NA,15,20,5.261169707029828,0.8776154199051223,-4.037135223248185,5.72530163173548,-5.7312148177405415,7.146621979491185,0.1385,0.0385,0.1324205022711851,0.043859649122807015,strat_platt,iso,2026-09-11T00:35:00Z,2026-09-01 23:54:17,2026-09-01 23:54:05,live
WR,00-0039890,Adonai Mitchell,NYJ,TEN,2026_01_NYJ_TEN,2026,1,NA,NA,15,20,5.452159851956349,0.923746678703515,-4.085003208222653,5.864149463773448,-5.811483673549658,7.312653904385246,0.1385,0.039,0.1324205022711851,0.043859649122807015,strat_platt,iso,2026-09-13T17:00:00Z,2026-09-01 23:54:17,2026-09-01 23:54:05,live
WR,00-0041525,Chris Bell,MIA,LV,2026_01_MIA_LV,2026,1,NA,NA,15,20,5.282550531024991,0.8056125586190436,-4.119739664026329,5.663755685654021,-5.81747354757441,7.088141955110436,0.1385,0.041,0.1324205022711851,0.05199698568198945,strat_platt,iso,2026-09-13T20:25:00Z,2026-09-01 23:54:17,2026-09-01 23:54:05,live
WR,00-0036463,Chris Blair,ATL,PIT,2026_01_ATL_PIT,2026,1,NA,NA,15,20,5.207015912385264,0.7223899225005387,-4.165418111307962,5.5435011714660956,-5.850210779966756,6.957029856599659,0.138,0.038,0.13191906632889877,0.043859649122807015,strat_platt,iso,2026-09-13T17:00:00Z,2026-09-01 23:54:17,2026-09-01 23:54:05,live
WR,00-0036626,Dyami Brown,WAS,PHI,2026_01_WAS_PHI,2026,1,NA,NA,15,20,5.265909203624888,0.887537777342772,-4.029564662000697,5.737543693831993,-5.7244549039145465,7.159544168825388,0.138,0.0395,0.13191906632889877,0.043859649122807015,strat_platt,iso,2026-09-13T20:25:00Z,2026-09-01 23:54:17,2026-09-01 23:54:05,live
WR,00-0037091,Bo Melton,GB,MIN,2026_01_GB_MIN,2026,1,NA,NA,15,20,5.1987385435060895,0.9035831600138527,-3.980095165499566,5.7206210527881165,-5.6634643530782665,7.132955447741715,0.1365,0.0355,0.13041530147674676,0.043859649122807015,strat_platt,iso,2026-09-13T20:25:00Z,2026-09-01 23:54:17,2026-09-01 23:54:05,live
WR,00-0041511,Omar Cooper Jr.,NYJ,TEN,2026_01_NYJ_TEN,2026,1,NA,NA,15,20,5.207015912385264,0.7484361993639982,-4.1393718344445025,5.569547448329555,-5.8241645031032965,6.983076133463118,0.1365,0.033,0.13041530147674676,0.0332425068119891,strat_platt,iso,2026-09-13T17:00:00Z,2026-09-01 23:54:17,2026-09-01 23:54:05,live
WR,00-0041099,Barion Brown,NO,DET,2026_01_NO_DET,2026,1,NA,NA,15,20,5.248743045811611,0.7405446623989144,-4.168035000109459,5.582144099953633,-5.859987501459631,7.001679832172746,0.134,0.041,0.12791085808838173,0.05199698568198945,strat_platt,iso,2026-09-13T17:00:00Z,2026-09-01 23:54:17,2026-09-01 23:54:05,live
WR,00-0038090,Skyy Moore,GB,MIN,2026_01_GB_MIN,2026,1,NA,NA,15,20,5.257914398936746,0.8277977951991814,-4.085336948971989,5.673890157863187,-5.778859554576981,7.094743196029864,0.133,0.035,0.12690973018821797,0.0332425068119891,strat_platt,iso,2026-09-13T20:25:00Z,2026-09-01 23:54:17,2026-09-01 23:54:05,live
WR,00-0038824,Ryan Miller,MIA,LV,2026_01_MIA_LV,2026,1,NA,NA,15,20,5.282550531024991,0.8056125586190436,-4.119739664026329,5.663755685654021,-5.81747354757441,7.088141955110436,0.1315,0.0365,0.12540874344292188,0.043859649122807015,strat_platt,iso,2026-09-13T20:25:00Z,2026-09-01 23:54:17,2026-09-01 23:54:05,live
WR,00-0037231,Kevin Austin Jr.,NO,DET,2026_01_NO_DET,2026,1,NA,NA,15,20,5.2828027047361035,0.8382063730148727,-4.087270768639007,5.696472714470907,-5.785047710880936,7.120895109855474,0.131,0.027,0.12490860406215021,0.0332425068119891,strat_platt,iso,2026-09-13T17:00:00Z,2026-09-01 23:54:17,2026-09-01 23:54:05,live
WR,00-0040705,Chimere Dike,TEN,NYJ,2026_01_NYJ_TEN,2026,1,NA,NA,15,20,5.259372284318195,0.4347181297557466,-4.479140350575066,5.281524352807967,-6.172912422887297,6.7025866917113035,0.13,0.0345,0.12390861188934475,0.0332425068119891,strat_platt,iso,2026-09-13T17:00:00Z,2026-09-01 23:54:17,2026-09-01 23:54:05,live
WR,00-0037742,Treylon Burks,WAS,PHI,2026_01_WAS_PHI,2026,1,NA,NA,15,20,5.258997143394132,0.7840575203157784,-4.1296147382756745,5.630680062725016,-5.823322621278701,7.051688547268983,0.1285,0.0415,0.12240934590000754,0.05199698568198945,strat_platt,iso,2026-09-13T20:25:00Z,2026-09-01 23:54:17,2026-09-01 23:54:05,live
WR,00-0040582,Arian Smith,NYJ,TEN,2026_01_NYJ_TEN,2026,1,NA,NA,15,20,5.181321092218264,0.8818473994923299,-3.9931310105246376,5.690304091823599,-5.6735013991028485,7.100122516422509,0.127,0.0285,0.12091095604263799,0.0332425068119891,strat_platt,iso,2026-09-13T17:00:00Z,2026-09-01 23:54:17,2026-09-01 23:54:05,live
WR,00-0041044,Zachariah Branch,ATL,PIT,2026_01_ATL_PIT,2026,1,NA,NA,15,20,5.207015912385264,0.7223899225005387,-4.165418111307962,5.5435011714660956,-5.850210779966756,6.957029856599659,0.127,0.0295,0.12091095604263799,0.0332425068119891,strat_platt,iso,2026-09-13T17:00:00Z,2026-09-01 23:54:17,2026-09-01 23:54:05,live
WR,00-0041438,Carnell Tate,TEN,NYJ,2026_01_NYJ_TEN,2026,1,NA,NA,15,20,5.246945623099977,0.4093844703171365,-4.498302039814732,5.250102943042709,-6.18994667789255,6.669380380235574,0.127,0.0345,0.12091095604263799,0.0332425068119891,strat_platt,iso,2026-09-13T17:00:00Z,2026-09-01 23:54:17,2026-09-01 23:54:05,live
WR,00-0040218,Jimmy Horn Jr.,CAR,CHI,2026_01_CHI_CAR,2026,1,NA,NA,15,20,5.09010705138443,0.9927110618276375,-3.8364808518586933,5.756006039340423,-5.501068960771285,7.152583247118326,0.1265,0.031,0.12041168930829892,0.0332425068119891,strat_platt,iso,2026-09-13T17:00:00Z,2026-09-01 23:54:17,2026-09-01 23:54:05,live
WR,00-0039451,Isaiah Williams,NYJ,TEN,2026_01_NYJ_TEN,2026,1,NA,NA,15,20,5.237290642353292,0.7911946855166299,-4.111691738646358,5.627178572043133,-5.801681821227446,7.045067849316217,0.1245,0.0325,0.11841561591850319,0.0332425068119891,strat_platt,iso,2026-09-13T17:00:00Z,2026-09-01 23:54:17,2026-09-01 23:54:05,live
WR,00-0041529,Kevin Coleman Jr.,MIA,LV,2026_01_MIA_LV,2026,1,NA,NA,15,20,5.282550531024991,0.8056125586190436,-4.119739664026329,5.663755685654021,-5.81747354757441,7.088141955110436,0.1245,0.0365,0.11841561591850319,0.043859649122807015,strat_platt,iso,2026-09-13T20:25:00Z,2026-09-01 23:54:17,2026-09-01 23:54:05,live
WR,00-0040131,Kyle Williams,NE,SEA,2026_01_NE_SEA,2026,1,NA,NA,15,20,5.214563074456468,0.362747413387205,-4.528823336231691,5.18757003387036,-6.214912986271046,6.6021868768643,0.124,0.034,0.11791684801071257,0.0332425068119891,strat_platt,iso,2026-09-10T00:20:00Z,2026-09-01 23:54:17,2026-09-01 23:54:05,live
WR,00-0041067,Bryce Lance,NO,DET,2026_01_NO_DET,2026,1,NA,NA,15,20,5.248743045811611,0.7405446623989144,-4.168035000109459,5.582144099953633,-5.859987501459631,7.001679832172746,0.124,0.032,0.11791684801071257,0.0332425068119891,strat_platt,iso,2026-09-13T17:00:00Z,2026-09-01 23:54:17,2026-09-01 23:54:05,live
WR,00-0040581,Dont'e Thornton Jr.,LV,MIA,2026_01_MIA_LV,2026,1,NA,NA,15,20,5.404505331623676,0.4449597927826756,-4.540482507868436,5.362373036201286,-6.25892901396285,6.804137043974246,0.1235,0.029,0.11741818110930924,0.0332425068119891,strat_platt,iso,2026-09-13T20:25:00Z,2026-09-01 23:54:17,2026-09-01 23:54:05,live
WR,00-0040729,Jack Bech,LV,MIA,2026_01_MIA_LV,2026,1,NA,NA,15,20,5.2804817956767405,0.20873258760237867,-4.715594742399599,5.06586480720853,-6.412975352742225,6.489954683038068,0.1235,0.0385,0.11741818110930924,0.043859649122807015,strat_platt,iso,2026-09-13T20:25:00Z,2026-09-01 23:54:17,2026-09-01 23:54:05,live
WR,00-0041523,Caleb Douglas,MIA,LV,2026_01_MIA_LV,2026,1,NA,NA,15,20,5.282550531024991,0.8056125586190436,-4.119739664026329,5.663755685654021,-5.81747354757441,7.088141955110436,0.1235,0.0355,0.11741818110930924,0.043859649122807015,strat_platt,iso,2026-09-13T20:25:00Z,2026-09-01 23:54:17,2026-09-01 23:54:05,live
WR,00-0040522,Xavier Restrepo,TEN,NYJ,2026_01_NYJ_TEN,2026,1,NA,NA,15,20,5.246945623099977,0.4093844703171365,-4.498302039814732,5.250102943042709,-6.18994667789255,6.669380380235574,0.12,0.036,0.11393037661908217,0.043859649122807015,strat_platt,iso,2026-09-13T17:00:00Z,2026-09-01 23:54:17,2026-09-01 23:54:05,live
WR,00-0040894,Malik Benson,LV,MIA,2026_01_MIA_LV,2026,1,NA,NA,15,20,5.246193846915611,0.5930017495052028,-4.314311155058118,5.433351714712326,-6.005827013953428,6.852521107116113,0.12,0.029,0.11393037661908217,0.0332425068119891,strat_platt,iso,2026-09-13T20:25:00Z,2026-09-01 23:54:17,2026-09-01 23:54:05,live
WR,00-0033375,Tim Patrick,NYJ,TEN,2026_01_NYJ_TEN,2026,1,NA,NA,15,20,5.147142151920319,0.9168600046786026,-3.941006287558674,5.708438083334652,-5.61547825083437,7.1133077723904155,0.1195,0.033,0.11343253312953394,0.0332425068119891,strat_platt,iso,2026-09-13T17:00:00Z,2026-09-01 23:54:17,2026-09-01 23:54:05,live
WR,00-0039880,Malik Washington,MIA,LV,2026_01_MIA_LV,2026,1,NA,NA,15,20,5.324263848207701,0.7677380642071941,-4.178239777074915,5.646225362154498,-5.883083164683992,7.076576453344908,0.1195,0.0275,0.11343253312953394,0.0332425068119891,strat_platt,iso,2026-09-13T20:25:00Z,2026-09-01 23:54:17,2026-09-01 23:54:05,live
WR,00-0038621,DeMario Douglas,NE,SEA,2026_01_NE_SEA,2026,1,NA,NA,15,20,5.27000731047279,0.44456653584746225,-4.474568634576848,5.296577445702254,-6.1701595444381026,6.71916577596166,0.1185,0.033,0.1124371612674931,0.0332425068119891,strat_platt,iso,2026-09-10T00:20:00Z,2026-09-01 23:54:17,2026-09-01 23:54:05,live
WR,00-0040164,Jaylin Lane,WAS,PHI,2026_01_WAS_PHI,2026,1,NA,NA,15,20,5.211768222409982,0.4765876847340527,-4.413589960238002,5.300036210236918,-6.099199417012924,6.714250174605903,0.1175,0.0325,0.11144221255312044,0.0332425068119891,strat_platt,iso,2026-09-13T20:25:00Z,2026-09-01 23:54:17,2026-09-01 23:54:05,live
WR,00-0033307,Kendrick Bourne,ARI,LAC,2026_01_ARI_LAC,2026,1,NA,NA,15,20,5.287535507437721,0.39650476528362183,-4.531316341304045,5.257083087003876,-6.229901231589088,6.682183344867479,0.116,0.0245,0.10995059084693905,0.0332425068119891,strat_platt,iso,2026-09-13T20:25:00Z,2026-09-01 23:54:17,2026-09-01 23:54:05,live
WR,00-0037093,Dareke Young,LV,MIA,2026_01_MIA_LV,2026,1,NA,NA,15,20,5.244755028093038,0.48707866030063207,-4.419519133379244,5.3267232726991764,-6.110788498638678,6.745685858751362,0.1145,0.035,0.10845994189529491,0.0332425068119891,strat_platt,iso,2026-09-13T20:25:00Z,2026-09-01 23:54:17,2026-09-01 23:54:05,live
WR,00-0037741,Jahan Dotson,ATL,PIT,2026_01_ATL_PIT,2026,1,NA,NA,15,20,5.18888621795689,0.5467691149805859,-4.331989712522047,5.358954638955788,-6.013663184122395,6.769866340647579,0.1125,0.032,0.10647394521844769,0.0332425068119891,strat_platt,iso,2026-09-13T17:00:00Z,2026-09-01 23:54:17,2026-09-01 23:54:05,live
WR,00-0040563,Efton Chism III,NE,SEA,2026_01_NE_SEA,2026,1,NA,NA,15,20,5.2362887979782204,0.36591554174994134,-4.536472566408546,5.201407912063405,-6.226290883006753,6.619153078937358,0.11,0.028,0.10399396052815225,0.0332425068119891,strat_platt,iso,2026-09-10T00:20:00Z,2026-09-01 23:54:17,2026-09-01 23:54:05,live
WR,00-0041040,Antonio Williams,WAS,PHI,2026_01_WAS_PHI,2026,1,NA,NA,15,20,5.233060073686333,0.46070918566684643,-4.440072655352654,5.294617207225398,-6.129337303091332,6.711897849989313,0.1095,0.0295,0.10349830339350295,0.0332425068119891,strat_platt,iso,2026-09-13T20:25:00Z,2026-09-01 23:54:17,2026-09-01 23:54:05,live
WR,00-0041070,Reggie Virgil,ARI,LAC,2026_01_ARI_LAC,2026,1,NA,NA,15,20,5.2519717701034985,0.2018301798573822,-4.708353499196222,5.045011746283827,-6.400858893642261,6.46501135175296,0.1095,0.0295,0.10349830339350295,0.0332425068119891,strat_platt,iso,2026-09-13T20:25:00Z,2026-09-01 23:54:17,2026-09-01 23:54:05,live
WR,00-0038640,Jalen Brooks,ARI,LAC,2026_01_ARI_LAC,2026,1,NA,NA,15,20,5.258527755969065,0.15578061640850355,-4.7576586272630434,5.002173323512475,-6.451286191680309,6.423114421352407,0.1065,0.029,0.10052678235226975,0.0332425068119891,strat_platt,iso,2026-09-13T20:25:00Z,2026-09-01 23:54:17,2026-09-01 23:54:05,live
WR,00-0036646,Simi Fehoko,ARI,LAC,2026_01_ARI_LAC,2026,1,NA,NA,15,20,5.285411378102232,0.3180509580978821,-4.608718275194002,5.177591759902522,-6.306940592234591,6.6023878214747755,0.1055,0.03,0.09953721058051988,0.0332425068119891,strat_platt,iso,2026-09-13T20:25:00Z,2026-09-01 23:54:17,2026-09-01 23:54:05,live
WR,00-0036331,Devin Duvernay,ARI,LAC,2026_01_ARI_LAC,2026,1,NA,NA,15,20,5.296336307790494,0.02100326773109706,-4.9111739048712355,4.88587821458869,-6.6112603001325265,6.312238224108552,0.101,0.026,0.09509007782910031,0.0332425068119891,strat_platt,iso,2026-09-13T20:25:00Z,2026-09-01 23:54:17,2026-09-01 23:54:05,live
WR,00-0040782,Isaiah Bond,CLE,JAX,2026_01_CLE_JAX,2026,1,NA,NA,15,20,5.341169211096223,-0.3929133611093152,-5.347228671982408,4.493797637145973,-7.054945926065964,5.9265598812185685,0.091,0.019,0.08524413286361124,0.01603206412825651,strat_platt,iso,2026-09-13T17:00:00Z,2026-09-01 23:54:17,2026-09-01 23:54:05,live
WR,00-0036630,Tylan Wallace,CLE,JAX,2026_01_CLE_JAX,2026,1,NA,NA,15,20,5.2465432732199595,-0.5277600084031417,-5.435246568320287,4.312761242536556,-7.126822284981075,5.731980855166314,0.0835,0.017,0.07789529958273698,0.01603206412825651,strat_platt,iso,2026-09-13T17:00:00Z,2026-09-01 23:54:17,2026-09-01 23:54:05,live
WR,00-0039920,Malachi Corley,CLE,JAX,2026_01_CLE_JAX,2026,1,NA,NA,15,20,4.940678340760388,-0.6996246393256065,-5.452968824716467,3.9888575931766406,-7.091412761091442,5.363500032054807,0.0675,0.0145,0.07402358703235226,0.01603206412825651,strat_platt,iso,2026-09-13T17:00:00Z,2026-09-01 23:54:17,2026-09-01 23:54:05,live
WR,00-0041037,Denzel Boston,CLE,JAX,2026_01_CLE_JAX,2026,1,NA,NA,15,20,5.242111416689882,-0.5319204046758029,-5.437204050829506,4.306427992450495,-7.128020438782484,5.725010533866744,0.078,0.017,0.0725271985613901,0.01603206412825651,strat_platt,iso,2026-09-13T17:00:00Z,2026-09-01 23:54:17,2026-09-01 23:54:05,live
WR,00-0041547,KC Concepcion,CLE,JAX,2026_01_CLE_JAX,2026,1,NA,NA,15,20,5.242111416689882,-0.5319204046758029,-5.437204050829506,4.306427992450495,-7.128020438782484,5.725010533866744,0.078,0.021,0.0725271985613901,0.018867924528301886,strat_platt,iso,2026-09-13T17:00:00Z,2026-09-01 23:54:17,2026-09-01 23:54:05,live
QB,00-0036355,Justin Herbert,LAC,ARI,2026_01_ARI_LAC,2026,1,NA,NA,20,25,5.006300094062018,7.070817636533218,-6.364213683722009,20.505848956788444,-9.588689103867065,23.7303243769335,0.563,0.3575,0.5827099552055699,0.34649388346550725,platt_vol_vegas,platt,2026-09-13T20:25:00Z,2026-09-05 16:47:06,2026-09-05 16:46:57,live
QB,00-0036389,Jalen Hurts,PHI,WAS,2026_01_WAS_PHI,2026,1,NA,NA,20,25,5.229607113264515,5.2824854363366365,-8.152545883918592,18.717516756591863,-11.377021304063646,21.941992176736917,0.4995,0.279,0.46791538853421166,0.26809239534714746,platt_vol_vegas,platt,2026-09-13T20:25:00Z,2026-09-05 16:47:06,2026-09-05 16:46:57,live
QB,00-0033106,Jared Goff,DET,NO,2026_01_NO_DET,2026,1,NA,NA,20,25,1.4149122786322446,7.035742702349128,-6.399288617906099,20.470774022604356,-9.623764038051153,23.69524944274941,0.4465,0.2395,0.45131193800432035,0.2289792381823849,platt_vol_vegas,platt,2026-09-13T17:00:00Z,2026-09-05 16:47:06,2026-09-05 16:46:57,live
QB,00-0037012,Trey Lance,LAC,ARI,2026_01_ARI_LAC,2026,1,NA,NA,20,25,2.809182565977481,4.155958843519928,-9.2790724767353,17.590990163775153,-12.503547896880354,20.815465583920208,0.377,0.2035,0.43926062108540165,0.19355938773334194,platt_vol_vegas,platt,2026-09-13T20:25:00Z,2026-09-05 16:47:06,2026-09-05 16:46:57,live
QB,00-0036442,Joe Burrow,CIN,TB,2026_01_TB_CIN,2026,1,NA,NA,20,25,2.026574528866912,6.273799719177866,-7.161231601077361,19.708831039433093,-10.385707021222416,22.933306459578148,0.4275,0.2235,0.4350906471295317,0.21320875534859612,platt_vol_vegas,platt,2026-09-13T17:00:00Z,2026-09-05 16:47:06,2026-09-05 16:46:57,live
QB,00-0034796,Lamar Jackson,BAL,IND,2026_01_BAL_IND,2026,1,NA,NA,20,25,3.1452620638007116,3.7842274352714798,-9.650803884983748,17.219258755526706,-12.875279305128803,20.44373417567176,0.412,0.2085,0.42099499593005896,0.19846486829044263,platt_vol_vegas,platt,2026-09-13T17:00:00Z,2026-09-05 16:47:06,2026-09-05 16:46:57,live
QB,00-0040691,Jaxson Dart,NYG,DAL,2026_01_DAL_NYG,2026,1,NA,NA,20,25,5.4155404359894606,3.0808546965850923,-10.354176623670135,16.51588601684032,-13.57865204381519,19.740361436985374,0.4045,0.2085,0.41858691012584837,0.19846486829044263,platt_vol_vegas,platt,2026-09-14T00:20:00Z,2026-09-05 16:47:06,2026-09-05 16:46:57,live
QB,00-0033949,Joshua Dobbs,DET,NO,2026_01_NO_DET,2026,1,NA,NA,20,25,2.701971340912308,2.2270403881908614,-11.207990932064366,15.662071708446089,-14.43246635220942,18.886547128591143,0.298,0.1335,0.40701474840947605,0.12541815871430761,platt_vol_vegas,platt,2026-09-13T17:00:00Z,2026-09-05 16:47:06,2026-09-05 16:46:57,live
QB,00-0026158,Joe Flacco,CIN,TB,2026_01_TB_CIN,2026,1,NA,NA,20,25,1.5648850622108936,5.060281262397801,-8.374750057857426,18.49531258265303,-11.59922547800248,21.719788002798083,0.382,0.1955,0.4020188211167038,0.1857204324367413,platt_vol_vegas,platt,2026-09-13T17:00:00Z,2026-09-05 16:47:06,2026-09-05 16:46:57,live
QB,00-0039918,Caleb Williams,CHI,CAR,2026_01_CHI_CAR,2026,1,NA,NA,20,25,3.0596697628553,4.372822329068016,-9.062208991187212,17.807853649323242,-12.286684411332267,21.032329069468297,0.409,0.2155,0.3901699139926843,0.20534029248413188,platt_vol_vegas,platt,2026-09-13T17:00:00Z,2026-09-05 16:47:06,2026-09-05 16:46:57,live
QB,00-0034857,Josh Allen,BUF,HOU,2026_01_BUF_HOU,2026,1,NA,NA,20,25,5.401663075785668,0.7619131742973118,-12.673118145957915,14.19694449455254,-15.89759356610297,17.421419914697594,0.405,0.204,0.3834666515031037,0.1940497255077722,platt_vol_vegas,platt,2026-09-13T17:00:00Z,2026-09-05 16:47:06,2026-09-05 16:46:57,live
QB,00-0034855,Baker Mayfield,TB,CIN,2026_01_TB_CIN,2026,1,NA,NA,20,25,2.8993000196077596,3.0688451359315025,-10.366186184323725,16.50387645618673,-13.59066160446878,19.728351876331786,0.372,0.1845,0.37078309712291835,0.17496214311912303,platt_vol_vegas,platt,2026-09-13T17:00:00Z,2026-09-05 16:47:06,2026-09-05 16:46:57,live
QB,00-0033077,Dak Prescott,DAL,NYG,2026_01_DAL_NYG,2026,1,NA,NA,20,25,2.6892642088230327,3.3456957252710513,-10.089335594984176,16.780727045526277,-13.31381101512923,20.00520246567133,0.352,0.1735,0.37040782040058867,0.16422818535937808,platt_vol_vegas,platt,2026-09-14T00:20:00Z,2026-09-05 16:47:06,2026-09-05 16:46:57,live
QB,00-0036945,Justin Fields,KC,DEN,2026_01_DEN_KC,2026,1,NA,NA,20,25,6.3291583243455936,-1.4958052448106542,-14.930836565065881,11.939226075444573,-18.155311985210936,15.163701495589628,0.3565,0.1735,0.3654216455075872,0.16422818535937808,platt_vol_vegas,platt,2026-09-15T00:15:00Z,2026-09-05 16:47:06,2026-09-05 16:46:57,live
QB,00-0026498,Matthew Stafford,LA,SF,2026_01_SF_LA,2026,1,NA,NA,20,25,1.3777897772380039,5.726327667706387,-7.708703652548841,19.161358987961613,-10.933179072693896,22.385834408106668,0.3745,0.191,0.3617304581919823,0.1813164350347702,platt_vol_vegas,platt,2026-09-11T00:35:00Z,2026-09-05 16:47:06,2026-09-05 16:46:57,live
QB,00-0041568,Ty Simpson,LA,SF,2026_01_SF_LA,2026,1,NA,NA,20,25,2.825218059592547,2.0417675528678108,-11.393263767387417,15.476798873123037,-14.617739187532472,18.701274293268092,0.294,0.1305,0.35447684081902897,0.1225226067216021,platt_vol_vegas,platt,2026-09-11T00:35:00Z,2026-09-05 16:47:06,2026-09-05 16:46:57,live
QB,00-0039910,Jayden Daniels,WAS,PHI,2026_01_WAS_PHI,2026,1,NA,NA,20,25,6.319128074116,-0.891040500613847,-14.326071820869075,12.54399081964138,-17.55054724101413,15.768466239786434,0.3645,0.1825,0.33894830831730155,0.17300867587814164,platt_vol_vegas,platt,2026-09-13T20:25:00Z,2026-09-05 16:47:06,2026-09-05 16:46:57,live
QB,00-0039107,Stetson Bennett,LA,SF,2026_01_SF_LA,2026,1,NA,NA,20,25,2.6341571418170164,1.7224430541931117,-11.712588266062115,15.15747437444834,-14.93706368620717,18.381949794593393,0.27,0.117,0.3373746355997918,0.10952132725270648,platt_vol_vegas,platt,2026-09-11T00:35:00Z,2026-09-05 16:47:06,2026-09-05 16:46:57,live
QB,00-0039851,Drake Maye,NE,SEA,2026_01_NE_SEA,2026,1,NA,NA,20,25,5.287081378394888,0.6839652673128088,-12.751066052942418,14.118996587568036,-15.975541473087473,17.34347200771309,0.37,0.181,0.3297144375570597,0.17154410670521983,platt_vol_vegas,platt,2026-09-10T00:20:00Z,2026-09-05 16:47:06,2026-09-05 16:46:57,live
QB,00-0037834,Brock Purdy,SF,LA,2026_01_SF_LA,2026,1,NA,NA,20,25,2.9947684866765374,2.7683180235041163,-10.66671329675111,16.203349343759342,-13.891188716896165,19.427824763904397,0.346,0.1675,0.32943734630553567,0.15838391743195365,platt_vol_vegas,platt,2026-09-11T00:35:00Z,2026-09-05 16:47:06,2026-09-05 16:46:57,live
QB,00-0039923,J.J. McCarthy,MIN,GB,2026_01_GB_MIN,2026,1,NA,NA,20,25,3.004582404444533,2.0980660275961274,-11.3369652926591,15.533097347851355,-14.561440712804155,18.757572767996407,0.3325,0.175,0.32671769342701934,0.16569043763253724,platt_vol_vegas,platt,2026-09-13T20:25:00Z,2026-09-05 16:47:06,2026-09-05 16:46:57,live
QB,00-0035228,Kyler Murray,MIN,GB,2026_01_GB_MIN,2026,1,NA,NA,20,25,2.8093410354072015,3.182452422666438,-10.252578897588789,16.617483742921664,-13.477054317733844,19.84195916306672,0.3395,0.172,0.32580033292272087,0.162766404441821,platt_vol_vegas,platt,2026-09-13T20:25:00Z,2026-09-05 16:47:06,2026-09-05 16:46:57,live
QB,00-0032950,Carson Wentz,MIN,GB,2026_01_GB_MIN,2026,1,NA,NA,20,25,2.8093410354072015,3.182452422666438,-10.252578897588789,16.617483742921664,-13.477054317733844,19.84195916306672,0.337,0.178,0.32462625196620254,0.1686163454600118,platt_vol_vegas,platt,2026-09-13T20:25:00Z,2026-09-05 16:47:06,2026-09-05 16:46:57,live
QB,00-0036972,Mac Jones,SF,LA,2026_01_SF_LA,2026,1,NA,NA,20,25,2.846756963461007,2.0108290478211304,-11.424202272434098,15.445860368076357,-14.648677692579152,18.67033578822141,0.338,0.1775,0.322497351717682,0.16812856487970754,platt_vol_vegas,platt,2026-09-11T00:35:00Z,2026-09-05 16:47:06,2026-09-05 16:46:57,live
QB,00-0036971,Trevor Lawrence,JAX,CLE,2026_01_CLE_JAX,2026,1,NA,NA,20,25,3.215895801203193,2.0082918734332926,-11.426739446821934,15.44332319368852,-14.651214866966988,18.667798613833575,0.3555,0.1915,0.3111225737306876,0.18180557285251672,platt_vol_vegas,platt,2026-09-13T17:00:00Z,2026-09-05 16:47:06,2026-09-05 16:46:57,live
QB,00-0035993,Tyler Huntley,BAL,IND,2026_01_BAL_IND,2026,1,NA,NA,20,25,2.5072819408957474,-0.24361250057657535,-13.678643820831802,13.191418819678653,-16.903119240976856,16.415894239823707,0.224,0.082,0.3086931227769864,0.07605640108344264,platt_vol_vegas,platt,2026-09-13T17:00:00Z,2026-09-05 16:47:06,2026-09-05 16:46:57,live
QB,00-0035710,Daniel Jones,IND,BAL,2026_01_BAL_IND,2026,1,NA,NA,20,25,2.9693774932246346,1.589304718327441,-11.845726601927787,15.024336038582668,-15.070202022072841,18.248811458727722,0.2955,0.1265,0.30482340270173813,0.11866541919806735,platt_vol_vegas,platt,2026-09-13T17:00:00Z,2026-09-05 16:47:06,2026-09-05 16:46:57,live
QB,00-0027973,Andy Dalton,PHI,WAS,2026_01_WAS_PHI,2026,1,NA,NA,20,25,2.677446332196977,1.0600426095314184,-12.374988710723809,14.495073929786646,-15.599464130868864,17.7195493499317,0.275,0.115,0.30091572237122916,0.10759934059745752,platt_vol_vegas,platt,2026-09-13T20:25:00Z,2026-09-05 16:47:06,2026-09-05 16:46:57,live
QB,00-0034869,Sam Darnold,SEA,NE,2026_01_NE_SEA,2026,1,NA,NA,20,25,1.989285342926684,2.5942719731888775,-10.84075934706635,16.029303293444105,-14.065234767211404,19.25377871358916,0.335,0.1545,0.2963611461644176,0.14574808019597077,platt_vol_vegas,platt,2026-09-10T00:20:00Z,2026-09-05 16:47:06,2026-09-05 16:46:57,live
QB,00-0040981,Joe Fagnano,BAL,IND,2026_01_BAL_IND,2026,1,NA,NA,20,25,2.5072819408957474,-0.24361250057657535,-13.678643820831802,13.191418819678653,-16.903119240976856,16.415894239823707,0.2035,0.086,0.2963577276285489,0.07986149376528805,platt_vol_vegas,platt,2026-09-13T17:00:00Z,2026-09-05 16:47:06,2026-09-05 16:46:57,live
QB,00-0040743,Tyler Shough,NO,DET,2026_01_NO_DET,2026,1,NA,NA,20,25,2.9516108902448575,0.29532460191567045,-13.139706718339557,13.730355922170897,-16.364182138484612,16.954831342315952,0.284,0.128,0.2953422586192347,0.12011138481681335,platt_vol_vegas,platt,2026-09-13T17:00:00Z,2026-09-05 16:47:06,2026-09-05 16:46:57,live
QB,00-0037077,Sam Howell,DAL,NYG,2026_01_DAL_NYG,2026,1,NA,NA,20,25,2.68396550593008,-0.8526542664826571,-14.287685586737885,12.58237705377257,-17.512161006882938,15.806852473917624,0.21,0.0845,0.2945622362978566,0.07843394701185516,platt_vol_vegas,platt,2026-09-14T00:20:00Z,2026-09-05 16:47:06,2026-09-05 16:46:57,live
QB,00-0040891,Cole Payton,PHI,WAS,2026_01_WAS_PHI,2026,1,NA,NA,20,25,2.6506602479828905,1.1696005343146958,-12.26543078594053,14.604631854569924,-15.489906206085585,17.82910727471498,0.26,0.115,0.29271106249811907,0.10759934059745752,platt_vol_vegas,platt,2026-09-13T20:25:00Z,2026-09-05 16:47:06,2026-09-05 16:46:57,live
QB,00-0038416,Tyson Bagent,CHI,CAR,2026_01_CHI_CAR,2026,1,NA,NA,20,25,2.523317434510813,0.13557614172977567,-13.299455178525452,13.570607461985002,-16.523930598670507,16.795082882130057,0.2335,0.0935,0.29061218623411966,0.08701035173960686,platt_vol_vegas,platt,2026-09-13T17:00:00Z,2026-09-05 16:47:06,2026-09-05 16:46:57,live
QB,00-0028986,Case Keenum,CHI,CAR,2026_01_CHI_CAR,2026,1,NA,NA,20,25,2.523317434510813,0.13557614172977567,-13.299455178525452,13.570607461985002,-16.523930598670507,16.795082882130057,0.2315,0.0875,0.2895065985983688,0.08128979368047357,platt_vol_vegas,platt,2026-09-13T17:00:00Z,2026-09-05 16:47:06,2026-09-05 16:46:57,live
QB,00-0038400,Tanner McKee,PHI,WAS,2026_01_WAS_PHI,2026,1,NA,NA,20,25,2.6370143207497323,1.4127448021596603,-12.022286518095568,14.847776122414887,-15.246761938240622,18.072251542559943,0.253,0.106,0.2888082923709117,0.09896421186059405,platt_vol_vegas,platt,2026-09-13T20:25:00Z,2026-09-05 16:47:06,2026-09-05 16:46:57,live
QB,00-0036264,Jordan Love,GB,MIN,2026_01_GB_MIN,2026,1,NA,NA,20,25,2.7285731399776134,1.1782131935831828,-12.256818126672044,14.61324451383841,-15.4812935468171,17.837719933983465,0.3025,0.141,0.28484309778414035,0.13266678172716587,platt_vol_vegas,platt,2026-09-13T20:25:00Z,2026-09-05 16:47:06,2026-09-05 16:46:57,live
QB,00-0033873,Patrick Mahomes,KC,DEN,2026_01_DEN_KC,2026,1,NA,NA,20,25,3.1132249968432206,0.7903618930363949,-12.644669427218833,14.225393213291621,-15.869144847363888,17.449868633436676,0.326,0.1605,0.2822675664862659,0.15157537733178733,platt_vol_vegas,platt,2026-09-15T00:15:00Z,2026-09-05 16:47:06,2026-09-05 16:46:57,live
QB,00-0041251,Jalon Daniels,TB,CIN,2026_01_TB_CIN,2026,1,NA,NA,20,25,2.539820540676687,-0.15258622965973165,-13.58761754991496,13.282445090595495,-16.812092970060014,16.50692051074055,0.2115,0.09,0.28014852001059276,0.08367194329188447,platt_vol_vegas,platt,2026-09-13T17:00:00Z,2026-09-05 16:47:06,2026-09-05 16:46:57,live
QB,00-0039150,Bryce Young,CAR,CHI,2026_01_CHI_CAR,2026,1,NA,NA,20,25,2.6004939073924125,-0.1583641726287292,-13.593395492883957,13.276667147626497,-16.81787091302901,16.501142567771552,0.271,0.1185,0.2763235222449592,0.1109635319852674,platt_vol_vegas,platt,2026-09-13T17:00:00Z,2026-09-05 16:47:06,2026-09-05 16:46:57,live
QB,00-0039376,Spencer Rattler,NO,DET,2026_01_NO_DET,2026,1,NA,NA,20,25,2.9462396864776994,-2.154924641126482,-15.589955961381708,11.280106679128746,-18.814431381526763,14.5045820992738,0.237,0.095,0.27146109075203173,0.08844228977652756,platt_vol_vegas,platt,2026-09-13T17:00:00Z,2026-09-05 16:47:06,2026-09-05 16:46:57,live
QB,00-0031503,Jameis Winston,NYG,DAL,2026_01_DAL_NYG,2026,1,NA,NA,20,25,2.8750264237056107,-0.62416014635267425,-14.059191466607901,12.810871173902553,-17.283666886752957,16.035346594047606,0.216,0.095,0.2668405809868318,0.08844228977652756,platt_vol_vegas,platt,2026-09-14T00:20:00Z,2026-09-05 16:47:06,2026-09-05 16:46:57,live
QB,00-0028118,Tyrod Taylor,GB,MIN,2026_01_GB_MIN,2026,1,NA,NA,20,25,3.052978968257746,-1.570416125996951,-15.005447446252179,11.864615194258276,-18.22992286639723,15.08909061440333,0.24,0.0955,0.26102861199669025,0.08891975922677113,platt_vol_vegas,platt,2026-09-13T20:25:00Z,2026-09-05 16:47:06,2026-09-05 16:46:57,live
QB,00-0039163,C.J. Stroud,HOU,BUF,2026_01_BUF_HOU,2026,1,NA,NA,20,25,2.8244417809871765,1.1129646416130887,-12.322066678642138,14.547995961868317,-15.546542098787192,17.77247138201337,0.3045,0.1445,0.2604320534823441,0.13605412991116292,platt_vol_vegas,platt,2026-09-13T17:00:00Z,2026-09-05 16:47:06,2026-09-05 16:46:57,live
QB,00-0040673,Jalen Milroe,SEA,NE,2026_01_NE_SEA,2026,1,NA,NA,20,25,2.680956231992489,-1.4258110145105916,-14.860842334765819,12.009220305744636,-18.085317754910875,15.23369572588969,0.207,0.085,0.24757514857964846,0.07890971168663563,platt_vol_vegas,platt,2026-09-10T00:20:00Z,2026-09-05 16:47:06,2026-09-05 16:46:57,live
QB,00-0039164,Anthony Richardson,IND,BAL,2026_01_BAL_IND,2026,1,NA,NA,20,25,2.8738745491691553,-2.506991003506288,-15.942022323761515,10.92804031674894,-19.166497743906568,14.152515736893994,0.1845,0.0545,0.24424574708903835,0.050057977088314234,platt_vol_vegas,platt,2026-09-13T17:00:00Z,2026-09-05 16:47:06,2026-09-05 16:46:57,live
QB,00-0035704,Drew Lock,SEA,NE,2026_01_NE_SEA,2026,1,NA,NA,20,25,2.680956231992489,-1.4258110145105916,-14.860842334765819,12.009220305744636,-18.085317754910875,15.23369572588969,0.197,0.073,0.24208019694261626,0.06751547910925741,platt_vol_vegas,platt,2026-09-10T00:20:00Z,2026-09-05 16:47:06,2026-09-05 16:46:57,live
QB,00-0040234,Quinn Ewers,JAX,CLE,2026_01_CLE_JAX,2026,1,NA,NA,20,25,2.7435187260369243,-1.4504413685862538,-14.885472688841482,11.984589951668973,-18.109948108986536,15.209065371814027,0.218,0.0765,0.23717579423388335,0.07083347570747127,platt_vol_vegas,platt,2026-09-13T17:00:00Z,2026-09-05 16:47:06,2026-09-05 16:46:57,live
QB,00-0037013,Zach Wilson,NO,DET,2026_01_NO_DET,2026,1,NA,NA,20,25,2.809182565977481,-3.1053126654448673,-16.540343985700094,10.32971865481036,-19.76481940584515,13.554194074955415,0.1785,0.071,0.23651562729614384,0.06562153369995459,platt_vol_vegas,platt,2026-09-13T17:00:00Z,2026-09-05 16:47:06,2026-09-05 16:46:57,live
QB,00-0039732,Bo Nix,DEN,KC,2026_01_DEN_KC,2026,1,NA,NA,20,25,3.1070117051225883,1.8017862671913027,-11.633245053063924,15.23681758744653,-14.857720473208978,18.461293007591586,0.307,0.1535,0.23434798251809677,0.1447776504358488,platt_vol_vegas,platt,2026-09-15T00:15:00Z,2026-09-05 16:47:06,2026-09-05 16:46:57,live
QB,00-0040589,Kurtis Rourke,SF,LA,2026_01_SF_LA,2026,1,NA,NA,20,25,2.6044757209687925,-1.9864344458431615,-15.42146576609839,11.448596874412065,-18.645941186243444,14.67307229455712,0.1725,0.061,0.23232110328657604,0.056175395467207616,platt_vol_vegas,platt,2026-09-11T00:35:00Z,2026-09-05 16:47:06,2026-09-05 16:46:57,live
QB,00-0032268,Marcus Mariota,WAS,PHI,2026_01_WAS_PHI,2026,1,NA,NA,20,25,3.097619312501885,-1.3172477637822815,-14.752279084037509,12.117783556472945,-17.976754504182562,15.342258976618,0.247,0.105,0.22226541052211515,0.09800618223806024,platt_vol_vegas,platt,2026-09-13T20:25:00Z,2026-09-05 16:47:06,2026-09-05 16:46:57,live
QB,00-0023459,Aaron Rodgers,PIT,ATL,2026_01_ATL_PIT,2026,1,NA,NA,20,25,1.3777897772380039,0.012279086922878477,-13.422752233332348,13.447310407178106,-16.647227653477405,16.67178582732316,0.25,0.1065,0.22101394788508458,0.09944333574197925,platt_vol_vegas,platt,2026-09-13T17:00:00Z,2026-09-05 16:47:06,2026-09-05 16:46:57,live
QB,00-0041149,Haynes King,CAR,CHI,2026_01_CHI_CAR,2026,1,NA,NA,20,25,2.5072819408957474,-2.857516250056448,-16.292547570311676,10.577515070198778,-19.51702299045673,13.801990490343833,0.164,0.06,0.21786814560824921,0.055233046833983585,platt_vol_vegas,platt,2026-09-13T17:00:00Z,2026-09-05 16:47:06,2026-09-05 16:46:57,live
QB,00-0040206,Riley Leonard,IND,BAL,2026_01_BAL_IND,2026,1,NA,NA,20,25,2.6691677041604667,-2.160990588805834,-15.596021909061061,11.274040731449393,-18.820497329206116,14.498516151594448,0.1425,0.0495,0.21459172462870812,0.04536548192828363,platt_vol_vegas,platt,2026-09-13T17:00:00Z,2026-09-05 16:47:06,2026-09-05 16:46:57,live
QB,00-0036825,Feleipe Franks,CAR,CHI,2026_01_CHI_CAR,2026,1,NA,NA,20,25,2.5072819408957474,-2.857516250056448,-16.292547570311676,10.577515070198778,-19.51702299045673,13.801990490343833,0.1585,0.0585,0.2145667359030918,0.053820333512417835,platt_vol_vegas,platt,2026-09-13T17:00:00Z,2026-09-05 16:47:06,2026-09-05 16:46:57,live
QB,00-0038102,Kenny Pickett,CAR,CHI,2026_01_CHI_CAR,2026,1,NA,NA,20,25,1.4053475659956345,-2.4617835221112907,-15.896814842366517,10.973247798143937,-19.12129026251157,14.197723218288992,0.168,0.0515,0.20218799987024444,0.047241041659073855,platt_vol_vegas,platt,2026-09-13T17:00:00Z,2026-09-05 16:47:06,2026-09-05 16:46:57,live
QB,00-0034771,Mason Rudolph,PIT,ATL,2026_01_ATL_PIT,2026,1,NA,NA,20,25,2.644907732416037,-3.0685428321073287,-16.503574152362557,10.366488488147898,-19.72804957250761,13.590963908292952,0.1665,0.06,0.200943335895753,0.055233046833983585,platt_vol_vegas,platt,2026-09-13T17:00:00Z,2026-09-05 16:47:06,2026-09-05 16:46:57,live
QB,00-0040203,Will Howard,PIT,ATL,2026_01_ATL_PIT,2026,1,NA,NA,20,25,2.6044757209687925,-2.3290078915935952,-15.764039211848822,11.106023428661633,-18.988514631993876,14.330498848806688,0.167,0.06,0.20058183178248187,0.055233046833983585,platt_vol_vegas,platt,2026-09-13T17:00:00Z,2026-09-05 16:47:06,2026-09-05 16:46:57,live
QB,00-0036898,Davis Mills,HOU,BUF,2026_01_BUF_HOU,2026,1,NA,NA,20,25,1.9436608342924815,-2.467416631969804,-15.902447952225032,10.967614688285423,-19.126923372370086,14.192090108430477,0.1975,0.085,0.19682046211366447,0.07890971168663563,platt_vol_vegas,platt,2026-09-13T17:00:00Z,2026-09-05 16:47:06,2026-09-05 16:46:57,live
QB,00-0041565,Drew Allar,PIT,ATL,2026_01_ATL_PIT,2026,1,NA,NA,20,25,2.644907732416037,-3.0685428321073287,-16.503574152362557,10.366488488147898,-19.72804957250761,13.590963908292952,0.1575,0.0475,0.19589159926162591,0.04349190612099697,platt_vol_vegas,platt,2026-09-13T17:00:00Z,2026-09-05 16:47:06,2026-09-05 16:46:57,live
QB,00-0040906,Garrett Nussmeier,KC,DEN,2026_01_DEN_KC,2026,1,NA,NA,20,25,2.674066448571779,-3.4210694052134136,-16.85610072546864,10.013961915041813,-20.080576145613694,13.238437335186868,0.1605,0.0575,0.19449665257273832,0.05287907210246508,platt_vol_vegas,platt,2026-09-15T00:15:00Z,2026-09-05 16:47:06,2026-09-05 16:46:57,live
QB,00-0033119,Jacoby Brissett,ARI,LAC,2026_01_ARI_LAC,2026,1,NA,NA,20,25,2.8081397803518726,-2.44653461954927,-15.881565939804497,10.988496700705957,-19.10604135994955,14.212972120851012,0.191,0.077,0.19417858741147692,0.07130784147978501,platt_vol_vegas,platt,2026-09-13T20:25:00Z,2026-09-05 16:47:06,2026-09-05 16:46:57,live
QB,00-0041562,Fernando Mendoza,LV,MIA,2026_01_MIA_LV,2026,1,NA,NA,20,25,2.8351271104839224,-0.9086980156310982,-14.343729335886325,12.52633330462413,-17.56820475603138,15.750808724769184,0.1895,0.077,0.19412358170388752,0.07130784147978501,platt_vol_vegas,platt,2026-09-13T20:25:00Z,2026-09-05 16:47:06,2026-09-05 16:46:57,live
QB,00-0029604,Kirk Cousins,LV,MIA,2026_01_MIA_LV,2026,1,NA,NA,20,25,1.3213823974720145,1.67913083665088,-11.755900483604346,15.114162156906108,-14.980375903749401,18.338637577051163,0.2385,0.094,0.19274296854771386,0.08748758575160057,platt_vol_vegas,platt,2026-09-13T20:25:00Z,2026-09-05 16:47:06,2026-09-05 16:46:57,live
QB,00-0038579,Aidan O'Connell,LV,MIA,2026_01_MIA_LV,2026,1,NA,NA,20,25,2.644066192708392,-0.9013011685629992,-14.336332488818226,12.533730151692229,-17.56080790896328,15.758205571837284,0.1855,0.07,0.18926313397960484,0.06467513260725245,platt_vol_vegas,platt,2026-09-13T20:25:00Z,2026-09-05 16:47:06,2026-09-05 16:46:57,live
QB,00-0040676,Cam Ward,TEN,NYJ,2026_01_NYJ_TEN,2026,1,NA,NA,20,25,2.4989524001034678,-0.9116863233246655,-14.346717643579893,12.523344996930561,-17.571193063724948,15.747820417075616,0.239,0.1065,0.18638306862902074,0.09944333574197925,platt_vol_vegas,platt,2026-09-13T17:00:00Z,2026-09-05 16:47:06,2026-09-05 16:46:57,live
QB,00-0033869,Mitchell Trubisky,TEN,NYJ,2026_01_NYJ_TEN,2026,1,NA,NA,20,25,2.809182565977481,-1.5364805439602642,-14.971511864215492,11.898550776294963,-18.195987284360545,15.123026196440017,0.221,0.0945,0.1836399401225312,0.08796489852479882,platt_vol_vegas,platt,2026-09-13T17:00:00Z,2026-09-05 16:47:06,2026-09-05 16:46:57,live
QB,00-0034577,Kyle Allen,BUF,HOU,2026_01_BUF_HOU,2026,1,NA,NA,20,25,2.528048457262571,-4.3813561150891935,-17.81638743534442,9.053675205166034,-21.040862855489475,12.278150625311088,0.1265,0.0395,0.18260067871734645,0.03601875841779032,platt_vol_vegas,platt,2026-09-13T17:00:00Z,2026-09-05 16:47:06,2026-09-05 16:46:57,live
QB,00-0039917,Michael Penix Jr.,ATL,PIT,2026_01_ATL_PIT,2026,1,NA,NA,20,25,2.1210678167039028,-0.6176659646376026,-14.05269728489283,12.817365355617625,-17.277172705037884,16.04184077576268,0.2025,0.0755,0.17369435427036586,0.06988501674435874,platt_vol_vegas,platt,2026-09-13T17:00:00Z,2026-09-05 16:47:06,2026-09-05 16:46:57,live
QB,00-0041123,Behren Morton,NE,SEA,2026_01_NE_SEA,2026,1,NA,NA,20,25,2.614390891901667,-3.944681537396131,-17.37971285765136,9.490349782859097,-20.604188277796414,12.714825203004152,0.142,0.0415,0.17092845956536332,0.037883726100545016,platt_vol_vegas,platt,2026-09-10T00:20:00Z,2026-09-05 16:47:06,2026-09-05 16:46:57,live
QB,00-0041117,Athan Kaliakmanis,WAS,PHI,2026_01_WAS_PHI,2026,1,NA,NA,20,25,2.625242237335616,-4.0593987903887,-17.494430110643926,9.375632529866527,-20.71890553078898,12.600107950011582,0.154,0.0475,0.1706447580633149,0.04349190612099697,platt_vol_vegas,platt,2026-09-13T20:25:00Z,2026-09-05 16:47:06,2026-09-05 16:46:57,live
QB,00-0036212,Tua Tagovailoa,ATL,PIT,2026_01_ATL_PIT,2026,1,NA,NA,20,25,1.7213169438366684,-0.768537806302982,-14.20356912655821,12.666493513952245,-17.428044546703262,15.8909689340973,0.1975,0.0805,0.1660401437516581,0.07463090827948649,platt_vol_vegas,platt,2026-09-13T17:00:00Z,2026-09-05 16:47:06,2026-09-05 16:46:57,live
QB,00-0036879,Sam Ehlinger,DEN,KC,2026_01_DEN_KC,2026,1,NA,NA,20,25,2.6346346299563193,-2.0761868500817995,-15.511218170337028,11.358844470173427,-18.735693590482082,14.583319890318482,0.163,0.054,0.16464230579952951,0.0495881944544771,platt_vol_vegas,platt,2026-09-15T00:15:00Z,2026-09-05 16:47:06,2026-09-05 16:46:57,live
QB,00-0035264,Jarrett Stidham,DEN,KC,2026_01_DEN_KC,2026,1,NA,NA,20,25,2.6482805571894774,-2.365041843459829,-15.800073163715055,11.0699894767954,-19.02454858386011,14.294464896940454,0.1535,0.058,0.1601767121837798,0.053349647608688947,platt_vol_vegas,platt,2026-09-15T00:15:00Z,2026-09-05 16:47:06,2026-09-05 16:46:57,live
QB,00-0038476,Tommy DeVito,NE,SEA,2026_01_NE_SEA,2026,1,NA,NA,20,25,2.517197111828622,-4.495506487547843,-17.93053780780307,8.939524832707384,-21.155013227948125,12.16400025285244,0.125,0.044,0.15988275159277957,0.04021811088410216,platt_vol_vegas,platt,2026-09-10T00:20:00Z,2026-09-05 16:47:06,2026-09-05 16:46:57,live
QB,00-0038128,Malik Willis,MIA,LV,2026_01_MIA_LV,2026,1,NA,NA,20,25,2.7287574251263944,-2.4230741911181854,-15.858105511373413,11.011957129137041,-19.082580931518468,14.236432549282096,0.168,0.0525,0.14845433329194258,0.04817954745522567,platt_vol_vegas,platt,2026-09-13T20:25:00Z,2026-09-05 16:47:06,2026-09-05 16:46:57,live
QB,00-0041561,Carson Beck,ARI,LAC,2026_01_ARI_LAC,2026,1,NA,NA,20,25,2.6656742487828606,-5.313993276990009,-18.749024597245235,8.12103804326522,-21.97350001739029,11.345513463410274,0.11,0.0345,0.14841010622327125,0.031366840108263565,platt_vol_vegas,platt,2026-09-13T20:25:00Z,2026-09-05 16:47:06,2026-09-05 16:46:57,live
QB,00-0035289,Gardner Minshew,ARI,LAC,2026_01_ARI_LAC,2026,1,NA,NA,20,25,2.625242237335616,-5.102416343404633,-18.53744766365986,8.332614976850595,-21.761923083804916,11.55709039699565,0.108,0.033,0.14666924146418187,0.029974367851020586,platt_vol_vegas,platt,2026-09-13T20:25:00Z,2026-09-05 16:47:06,2026-09-05 16:46:57,live
QB,00-0040398,Brady Cook,MIA,LV,2026_01_MIA_LV,2026,1,NA,NA,20,25,2.5468797357655535,-2.430397832015087,-15.865429152270314,11.00463348824014,-19.08990457241537,14.229108908385195,0.162,0.059,0.14362194026877714,0.05429112913080006,platt_vol_vegas,platt,2026-09-13T20:25:00Z,2026-09-05 16:47:06,2026-09-05 16:46:57,live
QB,00-0030565,Geno Smith,NYJ,TEN,2026_01_NYJ_TEN,2026,1,NA,NA,20,25,2.5705615946856777,-3.332660026968549,-16.767691347223774,10.102371293286678,-19.99216676736883,13.326846713431733,0.166,0.0595,0.14318247332509126,0.05476203379181058,platt_vol_vegas,platt,2026-09-13T17:00:00Z,2026-09-05 16:47:06,2026-09-05 16:46:57,live
QB,00-0040014,Kyle McCord,MIA,LV,2026_01_MIA_LV,2026,1,NA,NA,20,25,2.68832541367915,-2.1528861295012542,-15.587917449756482,11.282145190753972,-18.812392869901537,14.506620610899027,0.151,0.0545,0.14045145721720617,0.050057977088314234,platt_vol_vegas,platt,2026-09-13T20:25:00Z,2026-09-05 16:47:06,2026-09-05 16:46:57,live
QB,00-0041194,Jack Strand,ATL,PIT,2026_01_ATL_PIT,2026,1,NA,NA,20,25,2.6319341377202647,-4.247722130311399,-17.682753450566626,9.187309189943829,-20.90722887071168,12.411784610088883,0.1165,0.0275,0.1390380810357035,0.024882094924459038,platt_vol_vegas,platt,2026-09-13T17:00:00Z,2026-09-05 16:47:06,2026-09-05 16:46:57,live
QB,00-0033662,Cooper Rush,ATL,PIT,2026_01_ATL_PIT,2026,1,NA,NA,20,25,2.6319341377202647,-4.247722130311399,-17.682753450566626,9.187309189943829,-20.90722887071168,12.411784610088883,0.1105,0.038,0.1356531257292047,0.03462157084051211,platt_vol_vegas,platt,2026-09-13T17:00:00Z,2026-09-05 16:47:06,2026-09-05 16:46:57,live
QB,00-0041056,Cade Klubnik,NYJ,TEN,2026_01_NYJ_TEN,2026,1,NA,NA,20,25,2.699443868508134,-3.4293381107128975,-16.864369430968125,10.00569320954233,-20.08884485111318,13.230168629687384,0.116,0.0335,0.1217460231537025,0.030438358980190972,platt_vol_vegas,platt,2026-09-13T17:00:00Z,2026-09-05 16:47:06,2026-09-05 16:46:57,live
QB,00-0033537,Deshaun Watson,CLE,JAX,2026_01_CLE_JAX,2026,1,NA,NA,20,25,2.8351271104839224,-7.285296968670094,-20.720328288925323,6.149734351585133,-23.944803709070378,9.374209771730188,0.104,0.0335,0.10920431849775568,0.030438358980190972,platt_vol_vegas,platt,2026-09-13T17:00:00Z,2026-09-05 16:47:06,2026-09-05 16:46:57,live
QB,00-0040668,Shedeur Sanders,CLE,JAX,2026_01_CLE_JAX,2026,1,NA,NA,20,25,2.4921712015507387,-7.611160548553853,-21.046191868809082,5.823870771701374,-24.270667288954137,9.048346191846429,0.108,0.0335,0.10789697680551626,0.030438358980190972,platt_vol_vegas,platt,2026-09-13T17:00:00Z,2026-09-05 16:47:06,2026-09-05 16:46:57,live
QB,00-0041092,Taylen Green,CLE,JAX,2026_01_CLE_JAX,2026,1,NA,NA,20,25,2.6304202654752338,-7.0586810501694774,-20.493712370424703,6.37635027008575,-23.718187790569758,9.600825690230804,0.0865,0.0235,0.09827391296683612,0.021193303667846324,platt_vol_vegas,platt,2026-09-13T17:00:00Z,2026-09-05 16:47:06,2026-09-05 16:46:57,live
RB,00-0040666,Omarion Hampton,LAC,ARI,2026_01_ARI_LAC,2026,1,NA,NA,15,20,18.63117734132709,-0.5087760699408548,-6.199777081705856,5.182224941824146,-8.04350294284659,7.025950802964881,0.485,0.2445,0.586208070774326,0.3327307587585828,star_platt,star_platt,2026-09-13T20:25:00Z,2026-09-05 16:47:06,2026-09-05 16:46:57,live
RB,00-0039139,Jahmyr Gibbs,DET,NO,2026_01_NO_DET,2026,1,NA,NA,15,20,18.271990429597974,-0.6380405574471476,-6.282971329112365,5.00689021421807,-8.111771715292662,6.835690600398366,0.464,0.2305,0.569812927526526,0.319385124799274,star_platt,star_platt,2026-09-13T17:00:00Z,2026-09-05 16:47:06,2026-09-05 16:46:57,live
RB,00-0037840,Kyren Williams,LA,SF,2026_01_SF_LA,2026,1,NA,NA,15,20,17.69036092978774,-0.3876238583418688,-5.956820754300263,5.181573037616524,-7.76108547357127,6.985837756887531,0.4495,0.212,0.5583447321675001,0.30132878536575847,star_platt,star_platt,2026-09-11T00:35:00Z,2026-09-05 16:47:06,2026-09-05 16:46:57,live
RB,00-0038542,Bijan Robinson,ATL,PIT,2026_01_ATL_PIT,2026,1,NA,NA,15,20,20.008446891702956,-2.0350921011393113,-7.898108008852862,3.82792380657424,-9.797561906503542,5.727377704224921,0.4455,0.2215,0.5551584012793831,0.310663827090967,star_platt,star_platt,2026-09-13T17:00:00Z,2026-09-05 16:47:06,2026-09-05 16:46:57,live
RB,00-0033280,Christian McCaffrey,SF,LA,2026_01_SF_LA,2026,1,NA,NA,15,20,18.87988476914545,-1.8423912320883253,-7.5649897168047895,3.8802072526281384,-9.418952279346012,5.734169815169361,0.4155,0.1905,0.5309221109421292,0.27966597283609534,star_platt,star_platt,2026-09-11T00:35:00Z,2026-09-05 16:47:06,2026-09-05 16:46:57,live
RB,00-0038597,Chase Brown,CIN,TB,2026_01_TB_CIN,2026,1,NA,NA,15,20,17.58563381955596,-1.0317427270394943,-6.587149741516187,4.5236642874371995,-8.386946923168185,6.323461469089198,0.408,0.201,0.5247631488451419,0.2903427873852032,star_platt,star_platt,2026-09-13T17:00:00Z,2026-09-05 16:47:06,2026-09-05 16:46:57,live
RB,00-0036223,Jonathan Taylor,IND,BAL,2026_01_BAL_IND,2026,1,NA,NA,15,20,17.863656623846296,-1.5651846345859532,-7.157096090388933,4.026726821217027,-8.968719694559683,5.838350425387777,0.3955,0.1715,0.5144021157170927,0.2598258551370523,star_platt,star_platt,2026-09-13T17:00:00Z,2026-09-05 16:47:06,2026-09-05 16:46:57,live
RB,00-0032764,Derrick Henry,BAL,IND,2026_01_BAL_IND,2026,1,NA,NA,15,20,16.801286179765953,-0.6084073113092214,-6.058980528796969,4.842165906178526,-7.824814479335405,6.607999856716962,0.3935,0.1865,0.5127328097715261,0.27554675543485724,star_platt,star_platt,2026-09-13T17:00:00Z,2026-09-05 16:47:06,2026-09-05 16:46:57,live
RB,00-0039040,De'Von Achane,MIA,LV,2026_01_MIA_LV,2026,1,NA,NA,15,20,18.311681517899398,-1.6598648076288045,-7.3099122365140445,3.9901826212564355,-9.140370277159635,5.820640661902026,0.3535,0.158,0.47861749504586465,0.24527537126059282,star_platt,star_platt,2026-09-13T20:25:00Z,2026-09-05 16:47:06,2026-09-05 16:46:57,live
RB,00-0037248,James Cook,BUF,HOU,2026_01_BUF_HOU,2026,1,NA,NA,15,20,16.648198705386864,-1.2963185694958694,-6.7261000461332925,4.133462907141554,-8.48519805158498,5.8925609125932406,0.3445,0.151,0.4707340466714273,0.2375661627202829,star_platt,star_platt,2026-09-13T17:00:00Z,2026-09-05 16:47:06,2026-09-05 16:46:57,live
RB,00-0039361,Bucky Irving,TB,CIN,2026_01_TB_CIN,2026,1,NA,NA,15,20,17.048700110174686,-1.6921008733809013,-7.176044898943816,3.791843152182014,-8.95269006208407,5.568488315322268,0.334,0.13,0.4614309168989151,0.2136795748148495,star_platt,star_platt,2026-09-13T17:00:00Z,2026-09-05 16:47:06,2026-09-05 16:46:57,live
RB,00-0034844,Saquon Barkley,PHI,WAS,2026_01_WAS_PHI,2026,1,NA,NA,15,20,21.060191791298223,-1.2336476362946724,-7.223427089353354,4.756131816764009,-9.163948845948276,6.696653573358932,0.524,0.2685,0.4436183545001328,0.20211645659975683,star_platt,star_platt,2026-09-13T20:25:00Z,2026-09-05 16:47:06,2026-09-05 16:46:57,live
RB,00-0040715,Cam Skattebo,NYG,DAL,2026_01_DAL_NYG,2026,1,NA,NA,15,20,14.338908567566522,-0.9261285294039985,-6.027707199447214,4.175450140639217,-7.680476634412662,5.828219575604665,0.285,0.112,0.41632980124271923,0.19215941219717514,star_platt,star_platt,2026-09-14T00:20:00Z,2026-09-05 16:47:06,2026-09-05 16:46:57,live
RB,00-0040122,Ashton Jeanty,LV,MIA,2026_01_MIA_LV,2026,1,NA,NA,15,20,20.084194994826856,-2.366609070220814,-8.238882534812154,3.5056643943705263,-10.141335623113351,5.408117482671722,0.424,0.197,0.36640382152588413,0.15582863475187578,star_platt,star_platt,2026-09-13T20:25:00Z,2026-09-05 16:47:06,2026-09-05 16:46:57,live
RB,00-0036997,Javonte Williams,DAL,NYG,2026_01_DAL_NYG,2026,1,NA,NA,15,20,17.587261409369006,-0.7509497980837462,-6.306571489891256,4.804671893723764,-8.106438221020722,6.604538624853229,0.4095,0.2015,0.3554224521054171,0.1587653406957067,star_platt,star_platt,2026-09-14T00:20:00Z,2026-09-05 16:47:06,2026-09-05 16:46:57,live
RB,00-0036973,Travis Etienne,NO,DET,2026_01_NO_DET,2026,1,NA,NA,15,20,17.793343306006953,-1.6658470639838603,-7.248557813276122,3.9168636853084013,-9.05720064473228,5.72550651676456,0.3705,0.174,0.32602808628911206,0.14072285115964447,star_platt,star_platt,2026-09-13T17:00:00Z,2026-09-05 16:47:06,2026-09-05 16:46:57,live
RB,00-0038120,Breece Hall,NYJ,TEN,2026_01_NYJ_TEN,2026,1,NA,NA,15,20,18.021885322212455,-1.6585861925707395,-7.27112548648006,3.9539531013385814,-9.089431935812401,5.772259550670922,0.3705,0.1525,0.32602808628911206,0.12640973974459188,star_platt,star_platt,2026-09-13T17:00:00Z,2026-09-05 16:47:06,2026-09-05 16:46:57,live
RB,00-0036275,D'Andre Swift,CHI,CAR,2026_01_CHI_CAR,2026,1,NA,NA,15,20,16.24029118189436,-0.607367448022359,-5.981198903013417,4.766464006968699,-7.722170659387388,6.50743576334267,0.364,0.1595,0.3211418996096292,0.13109454085017053,star_platt,star_platt,2026-09-13T17:00:00Z,2026-09-05 16:47:06,2026-09-05 16:46:57,live
RB,00-0041512,Jadarian Price,SEA,NE,2026_01_NE_SEA,2026,1,NA,NA,15,20,18.533115118421644,-1.7519214246930974,-7.43039644187272,3.9265535924865254,-9.270064229555759,5.766221380169563,0.4225,0.201,0.30780104043725576,0.1535923558755498,star_platt,star_platt,2026-09-10T00:20:00Z,2026-09-05 16:47:06,2026-09-05 16:46:57,live
RB,00-0036139,Rico Dowdle,PIT,ATL,2026_01_ATL_PIT,2026,1,NA,NA,15,20,15.474948007610816,-0.9454597944477472,-6.212062249802801,4.321142660907307,-7.9182947961002945,6.0273752072048,0.31,0.1345,0.2805522242607614,0.11422933535353405,star_platt,star_platt,2026-09-13T17:00:00Z,2026-09-05 16:47:06,2026-09-05 16:46:57,live
RB,00-0041027,Jeremiyah Love,ARI,LAC,2026_01_ARI_LAC,2026,1,NA,NA,15,20,18.261525515175943,-2.3856206543694727,-8.029201294846821,3.2579599861078767,-9.857564276116829,5.086322967377884,0.3675,0.144,0.2700581016781891,0.11683148431940088,star_platt,star_platt,2026-09-13T20:25:00Z,2026-09-05 16:47:06,2026-09-05 16:46:57,live
RB,00-0035261,Tony Pollard,TEN,NYJ,2026_01_NYJ_TEN,2026,1,NA,NA,15,20,17.420017487732007,-1.70827099259601,-7.241772588758785,3.8252306035667645,-9.034473024836325,5.617931039644304,0.352,0.135,0.2596015145603135,0.110888861695304,star_platt,star_platt,2026-09-13T17:00:00Z,2026-09-05 16:47:06,2026-09-05 16:46:57,live
RB,00-0033906,Alvin Kamara,NO,DET,2026_01_NO_DET,2026,1,NA,NA,15,20,17.865889400354888,-2.2735183374656995,-7.865721612858403,3.3186849379270034,-9.677439758450467,5.130403083519068,0.34,0.14,0.2515492382972591,0.11419659667450595,star_platt,star_platt,2026-09-13T17:00:00Z,2026-09-05 16:47:06,2026-09-05 16:46:57,live
RB,00-0036158,J.K. Dobbins,DEN,KC,2026_01_DEN_KC,2026,1,NA,NA,15,20,15.212893577519043,-1.4478022063014595,-6.676981219509737,3.7813768069068177,-8.371089612612339,5.4754852000094205,0.269,0.097,0.24955123009388328,0.08799955074991798,star_platt,star_platt,2026-09-15T00:15:00Z,2026-09-05 16:47:06,2026-09-05 16:46:57,live
RB,00-0037228,Jaylen Warren,PIT,ATL,2026_01_ATL_PIT,2026,1,NA,NA,15,20,14.248410524991055,-0.8340135223790072,-5.922123577259624,4.25409653250161,-7.57052955594775,5.902502511189735,0.261,0.0975,0.2434625945742323,0.0883592451741897,star_platt,star_platt,2026-09-13T17:00:00Z,2026-09-05 16:47:06,2026-09-05 16:46:57,live
RB,00-0039391,Kimani Vidal,LAC,ARI,2026_01_ARI_LAC,2026,1,NA,NA,15,20,14.199397045003344,-0.6202305966020961,-5.7010252807014234,4.460564087497231,-7.347061282953872,6.10660008974968,0.3005,0.119,0.22525216561677677,0.1001840021074497,star_platt,star_platt,2026-09-13T20:25:00Z,2026-09-05 16:47:06,2026-09-05 16:46:57,live
RB,00-0033293,Aaron Jones,MIN,GB,2026_01_GB_MIN,2026,1,NA,NA,15,20,15.405558661519837,-1.3859549339075372,-6.642684203366736,3.870774335551662,-8.345718112354131,5.573808244539056,0.293,0.116,0.22028606330812303,0.09815380267469043,star_platt,star_platt,2026-09-13T20:25:00Z,2026-09-05 16:47:06,2026-09-05 16:46:57,live
RB,00-0040734,TreVeyon Henderson,NE,SEA,2026_01_NE_SEA,2026,1,NA,NA,15,20,13.557119825977708,-1.5007103174106486,-6.484252273359604,3.4828316385383067,-8.09878109970633,5.097360464885031,0.209,0.072,0.20336720620924437,0.06953378218458983,star_platt,star_platt,2026-09-10T00:20:00Z,2026-09-05 16:47:06,2026-09-05 16:46:57,live
RB,00-0040784,Quinshon Judkins,CLE,JAX,2026_01_CLE_JAX,2026,1,NA,NA,15,20,15.8867775315656,-1.737111629465662,-7.061788068363184,3.5875648094318597,-8.786834968250732,5.312611709319408,0.2605,0.103,0.19881791262701765,0.08925702254498075,star_platt,star_platt,2026-09-13T17:00:00Z,2026-09-05 16:47:06,2026-09-05 16:46:57,live
RB,00-0039384,Tyrone Tracy Jr.,NYG,DAL,2026_01_DAL_NYG,2026,1,NA,NA,15,20,14.111022495352206,-0.8531233264469226,-5.920690652898497,4.214444000004651,-7.5624413595905855,5.85619470669674,0.2555,0.101,0.1955183480297565,0.08787253597390705,star_platt,star_platt,2026-09-14T00:20:00Z,2026-09-05 16:47:06,2026-09-05 16:46:57,live
RB,00-0038134,Kenneth Walker III,KC,DEN,2026_01_DEN_KC,2026,1,NA,NA,15,20,13.58056566109686,-0.7874092120210279,-5.774547939659561,4.199729515617506,-7.3902420198811285,5.815423595839073,0.239,0.0905,0.18462563093717696,0.08052478965158759,star_platt,star_platt,2026-09-15T00:15:00Z,2026-09-05 16:47:06,2026-09-05 16:46:57,live
RB,00-0040583,Woody Marks,HOU,BUF,2026_01_BUF_HOU,2026,1,NA,NA,15,20,13.726250860532971,-1.1526677415969255,-6.162075063686509,3.8567395804926585,-7.784983548438278,5.479648065244428,0.226,0.0755,0.17603126279249046,0.06975670839243818,star_platt,star_platt,2026-09-13T17:00:00Z,2026-09-05 16:47:06,2026-09-05 16:46:57,live
RB,00-0039738,Blake Corum,LA,SF,2026_01_SF_LA,2026,1,NA,NA,15,20,11.944665392505835,-0.23354058859524954,-4.960439500445846,4.493358323255347,-6.491823126763995,6.024741949573496,0.217,0.0695,0.17007023801145846,0.06534126791820784,star_platt,star_platt,2026-09-11T00:35:00Z,2026-09-05 16:47:06,2026-09-05 16:46:57,live
RB,00-0040730,RJ Harvey,DEN,KC,2026_01_DEN_KC,2026,1,NA,NA,15,20,12.30564915615316,-1.1842915415495965,-5.970320203400235,3.601737120301043,-7.520860222242739,5.152277139143546,0.167,0.058,0.16998810876510795,0.05866382290769784,star_platt,star_platt,2026-09-15T00:15:00Z,2026-09-05 16:47:06,2026-09-05 16:46:57,live
RB,00-0036893,Najee Harris,NYG,DAL,2026_01_DAL_NYG,2026,1,NA,NA,15,20,12.83080359759106,-0.5947686635473314,-5.465041743235654,4.275504416140992,-7.042874607660679,5.853337280566017,0.215,0.0785,0.16874398214571598,0.07193947081557855,star_platt,star_platt,2026-09-14T00:20:00Z,2026-09-05 16:47:06,2026-09-05 16:46:57,live
RB,00-0039373,Audric Estimé,NO,DET,2026_01_NO_DET,2026,1,NA,NA,15,20,13.091323509102075,-1.0924541758027726,-6.003774787567279,3.818866435961734,-7.594905909411063,5.409997557805518,0.2035,0.0715,0.16110434462357115,0.06682082486239292,star_platt,star_platt,2026-09-13T17:00:00Z,2026-09-05 16:47:06,2026-09-05 16:46:57,live
RB,00-0040236,Kyle Monangai,CHI,CAR,2026_01_CHI_CAR,2026,1,NA,NA,15,20,11.85108265960681,-0.4735830381321688,-5.184983543986622,4.237817467722284,-6.711346118317172,5.764180042052834,0.2035,0.0705,0.16110434462357115,0.06608204732519234,star_platt,star_platt,2026-09-13T17:00:00Z,2026-09-05 16:47:06,2026-09-05 16:46:57,live
RB,00-0039344,Jonathon Brooks,CAR,CHI,2026_01_CHI_CAR,2026,1,NA,NA,15,20,12.538614043210101,-0.992459538612251,-5.816113413699795,3.831194336475293,-7.378842953952049,5.393923876727547,0.203,0.0745,0.1607715956842195,0.069025545217448,star_platt,star_platt,2026-09-13T17:00:00Z,2026-09-05 16:47:06,2026-09-05 16:46:57,live
RB,00-0036919,Kenny Gainwell,TB,CIN,2026_01_TB_CIN,2026,1,NA,NA,15,20,11.546677209520455,-0.7643247433198866,-5.424813199268284,3.8961637126285105,-6.934681687081993,5.40603220044222,0.154,0.0555,0.15939348303389866,0.05667017462123872,star_platt,star_platt,2026-09-13T17:00:00Z,2026-09-05 16:47:06,2026-09-05 16:46:57,live
RB,00-0039021,Roschon Johnson,CHI,CAR,2026_01_CHI_CAR,2026,1,NA,NA,15,20,11.444350924959675,-0.4641649444933508,-5.1073639430020785,4.179034054015378,-6.61163112803255,5.683301239045849,0.2,0.0655,0.15877394663555927,0.062357276066725566,star_platt,star_platt,2026-09-13T17:00:00Z,2026-09-05 16:47:06,2026-09-05 16:46:57,live
RB,00-0037525,Jordan Mason,MIN,GB,2026_01_GB_MIN,2026,1,NA,NA,15,20,12.779538249813339,-1.1497060560763541,-6.0118447538421265,3.7124326416894178,-7.58704230502718,5.287630192874471,0.1965,0.076,0.15644072493748468,0.07012160865441598,star_platt,star_platt,2026-09-13T20:25:00Z,2026-09-05 16:47:06,2026-09-05 16:46:57,live
RB,00-0036875,Rhamondre Stevenson,NE,SEA,2026_01_NE_SEA,2026,1,NA,NA,15,20,13.741443842494943,-1.6042366114566868,-6.615958302382907,3.407485079469534,-8.239616578193843,5.031143355280468,0.196,0.0655,0.15610716482771267,0.062357276066725566,star_platt,star_platt,2026-09-10T00:20:00Z,2026-09-05 16:47:06,2026-09-05 16:46:57,live
RB,00-0040242,Jacory Croskey-Merritt,WAS,PHI,2026_01_WAS_PHI,2026,1,NA,NA,15,20,13.155254514033139,-1.3034127109549651,-6.224733433737351,3.6179080118274216,-7.819104313096523,5.212278891186593,0.196,0.061,0.15610716482771267,0.05895754152478518,star_platt,star_platt,2026-09-13T20:25:00Z,2026-09-05 16:47:06,2026-09-05 16:46:57,live
RB,00-0033526,Samaje Perine,CIN,TB,2026_01_TB_CIN,2026,1,NA,NA,15,20,11.52102723976659,-0.5847616935484753,-5.240924637260837,4.071401250163887,-6.749391779554528,5.579868392457578,0.191,0.055,0.15276801901165774,0.05434605477944964,star_platt,star_platt,2026-09-13T17:00:00Z,2026-09-05 16:47:06,2026-09-05 16:46:57,live
RB,00-0037256,Rachaad White,WAS,PHI,2026_01_WAS_PHI,2026,1,NA,NA,15,20,12.960527496253501,-1.2048704018551557,-6.095642858926847,3.685902055216535,-7.680116950816227,5.270376147105915,0.189,0.0635,0.15143046594652693,0.060852117040885036,star_platt,star_platt,2026-09-13T20:25:00Z,2026-09-05 16:47:06,2026-09-05 16:46:57,live
RB,00-0039811,MarShawn Lloyd,GB,MIN,2026_01_GB_MIN,2026,1,NA,NA,15,20,12.396334381750016,-1.2340562728253957,-6.034780046850367,3.566667501199575,-7.590080872850024,5.121968327199232,0.188,0.056,0.1507612623815049,0.05512134127696699,star_platt,star_platt,2026-09-13T20:25:00Z,2026-09-05 16:47:06,2026-09-05 16:46:57,live
RB,00-0039603,British Brooks,HOU,BUF,2026_01_BUF_HOU,2026,1,NA,NA,15,20,11.89966041981021,-0.8008886486377879,-5.520343067261081,3.918565769985505,-7.049314885066476,5.447537587790901,0.186,0.0555,0.1494219742892003,0.05473404835434388,star_platt,star_platt,2026-09-13T17:00:00Z,2026-09-05 16:47:06,2026-09-05 16:46:57,live
RB,00-0035685,David Montgomery,HOU,BUF,2026_01_BUF_HOU,2026,1,NA,NA,15,20,12.054010541576904,-0.9228187639483971,-5.667737191217132,3.822099663320337,-7.204958638774983,5.359321110878188,0.1855,0.0565,0.14908696475766792,0.05550794211670454,star_platt,star_platt,2026-09-13T17:00:00Z,2026-09-05 16:47:06,2026-09-05 16:46:57,live
RB,00-0038611,Chris Rodriguez Jr.,JAX,CLE,2026_01_CLE_JAX,2026,1,NA,NA,15,20,12.035233450817785,-1.0622368301649336,-5.804067681103503,3.679594020773636,-7.34028883990435,5.2158151795744825,0.182,0.057,0.14673972031322766,0.055893859277498195,star_platt,star_platt,2026-09-13T17:00:00Z,2026-09-05 16:47:06,2026-09-05 16:46:57,live
RB,00-0039032,Tyjae Spears,TEN,NYJ,2026_01_NYJ_TEN,2026,1,NA,NA,15,20,12.163935393456317,-1.0303410358303835,-5.793278796583682,3.732596724922915,-7.3363380064398225,5.275655934779056,0.1785,0.0635,0.14438849098046672,0.060852117040885036,star_platt,star_platt,2026-09-13T17:00:00Z,2026-09-05 16:47:06,2026-09-05 16:46:57,live
RB,00-0038555,Tank Bigsby,PHI,WAS,2026_01_WAS_PHI,2026,1,NA,NA,15,20,11.069293265175048,-0.4850439829209381,-5.064089955832179,4.094001989990302,-6.547573346918494,5.577485381076617,0.178,0.06,0.14405226129577572,0.058195455894555825,star_platt,star_platt,2026-09-13T20:25:00Z,2026-09-05 16:47:06,2026-09-05 16:46:57,live
RB,00-0035250,Devin Singletary,NYG,DAL,2026_01_DAL_NYG,2026,1,NA,NA,15,20,11.66074782042746,-0.6011078050967623,-5.280765215705155,4.07854960551163,-6.796843911066641,5.594628300873116,0.1775,0.061,0.1437159444488435,0.05895754152478518,star_platt,star_platt,2026-09-14T00:20:00Z,2026-09-05 16:47:06,2026-09-05 16:46:57,live
RB,00-0040886,Nicholas Singleton,TEN,NYJ,2026_01_NYJ_TEN,2026,1,NA,NA,15,20,11.748665312620352,-0.8779425582838555,-5.572299623943497,3.816414507375786,-7.093140598227761,5.3372554816600495,0.171,0.0595,0.1393355475333654,0.05781347302523363,star_platt,star_platt,2026-09-13T17:00:00Z,2026-09-05 16:47:06,2026-09-05 16:46:57,live
RB,00-0041052,Kaelon Black,SF,LA,2026_01_SF_LA,2026,1,NA,NA,15,20,12.239106758945653,-1.2103371582176483,-5.985542770803098,3.564868454367802,-7.532576423052911,5.111902106617613,0.1705,0.0455,0.13899792996018814,0.04682826196898371,star_platt,star_platt,2026-09-11T00:35:00Z,2026-09-05 16:47:06,2026-09-05 16:46:57,live
RB,00-0038454,Keaton Mitchell,LAC,ARI,2026_01_ARI_LAC,2026,1,NA,NA,15,20,10.440078989927285,-0.4074783669192535,-4.875989407300875,4.0610326734623685,-6.323662558107318,5.508705824268811,0.1675,0.0525,0.1369701206643522,0.05239526498805072,star_platt,star_platt,2026-09-13T20:25:00Z,2026-09-05 16:47:06,2026-09-05 16:46:57,live
RB,00-0036555,Chuba Hubbard,CAR,CHI,2026_01_CHI_CAR,2026,1,NA,NA,15,20,11.871033648276255,-1.1070741333093606,-5.821784720777749,3.607636454159027,-7.349219669381557,5.1350714027628355,0.166,0.0545,0.135954826385641,0.053957351812634606,star_platt,star_platt,2026-09-13T17:00:00Z,2026-09-05 16:47:06,2026-09-05 16:46:57,live
RB,00-0038551,Kendre Miller,NO,DET,2026_01_NO_DET,2026,1,NA,NA,15,20,12.142898869018211,-1.26367330416699,-6.023170032654416,3.4958234243204362,-7.56511444387241,5.03776783553843,0.166,0.049,0.135954826385641,0.049632113262871896,star_platt,star_platt,2026-09-13T17:00:00Z,2026-09-05 16:47:06,2026-09-05 16:46:57,live
RB,00-0038797,Emanuel Wilson,SEA,NE,2026_01_NE_SEA,2026,1,NA,NA,15,20,11.68736751353909,-1.2279595890061412,-5.912074560566243,3.456155382553961,-7.429597381554713,4.973678203542431,0.164,0.048,0.13459960849071584,0.04883533856867766,star_platt,star_platt,2026-09-10T00:20:00Z,2026-09-05 16:47:06,2026-09-05 16:46:57,live
RB,00-0040719,Bhayshul Tuten,JAX,CLE,2026_01_CLE_JAX,2026,1,NA,NA,15,20,11.493161534547353,-1.135508231875356,-5.786965648518947,3.5159491847682354,-7.293908331068376,5.022891867317664,0.164,0.0525,0.13459960849071584,0.05239526498805072,star_platt,star_platt,2026-09-13T17:00:00Z,2026-09-05 16:47:06,2026-09-05 16:46:57,live
RB,00-0038738,Hunter Luepke,DAL,NYG,2026_01_DAL_NYG,2026,1,NA,NA,15,20,10.029813521208338,-0.2322624394772913,-4.62659709141947,4.162072212464887,-6.0502391578228165,5.585714278868234,0.159,0.045,0.13120375741234677,0.0464241510019439,star_platt,star_platt,2026-09-14T00:20:00Z,2026-09-05 16:47:06,2026-09-05 16:46:57,live
RB,00-0031595,Michael Burton,CLE,JAX,2026_01_CLE_JAX,2026,1,NA,NA,15,20,11.449158028355903,-0.9773271579535372,-5.621340394802348,3.6666860788952738,-7.125871370382432,5.171217054475358,0.1575,0.0375,0.13018272835718364,0.04024251076184949,star_platt,star_platt,2026-09-13T17:00:00Z,2026-09-05 16:47:06,2026-09-05 16:46:57,live
RB,00-0038951,Sean Tucker,TB,CIN,2026_01_TB_CIN,2026,1,NA,NA,15,20,11.029929137221572,-0.8807094995511997,-5.4529493272189775,3.6915303281165777,-6.934227716764419,5.172808717662019,0.1565,0.0535,0.1295014362397248,0.053177781863091286,star_platt,star_platt,2026-09-13T17:00:00Z,2026-09-05 16:47:06,2026-09-05 16:46:57,live
RB,00-0041013,Emmett Johnson,KC,DEN,2026_01_DEN_KC,2026,1,NA,NA,15,20,11.449158028355903,-0.6431319924051958,-5.287145229254007,4.000881244443615,-6.791676204834091,5.5054122200236995,0.1545,0.0445,0.12813736320563437,0.04601911066047645,star_platt,star_platt,2026-09-15T00:15:00Z,2026-09-05 16:47:06,2026-09-05 16:46:57,live
RB,00-0041496,Jonah Coleman,DEN,KC,2026_01_DEN_KC,2026,1,NA,NA,15,20,11.47707570937465,-1.0675794694817966,-5.716317536352356,3.5811585973887627,-7.222379225295975,5.087220286332381,0.1545,0.0485,0.12813736320563437,0.0492341464541655,star_platt,star_platt,2026-09-15T00:15:00Z,2026-09-05 16:47:06,2026-09-05 16:46:57,live
RB,00-0040208,Tahj Brooks,CIN,TB,2026_01_TB_CIN,2026,1,NA,NA,15,20,11.29866078307508,-1.2357858893322988,-5.854212413583385,3.3826406349187867,-7.3504540067471815,4.878882228082583,0.154,0.0425,0.12779602915086224,0.04438937310790755,star_platt,star_platt,2026-09-13T17:00:00Z,2026-09-05 16:47:06,2026-09-05 16:46:57,live
RB,00-0040878,Mike Washington Jr.,LV,MIA,2026_01_MIA_LV,2026,1,NA,NA,15,20,11.552723034634367,-0.8607508636417999,-5.522258049019751,3.800756321736151,-7.032456576801981,5.310954849518381,0.154,0.051,0.12779602915086224,0.05121579577899142,star_platt,star_platt,2026-09-13T20:25:00Z,2026-09-05 16:47:06,2026-09-05 16:46:57,live
RB,00-0039364,Sione Vaki,DET,NO,2026_01_NO_DET,2026,1,NA,NA,15,20,10.067407795849993,-0.36992140430799053,-4.771125849212247,4.031283040596266,-6.19699353724502,5.457150728629039,0.1535,0.0375,0.12745456682291578,0.04024251076184949,star_platt,star_platt,2026-09-13T17:00:00Z,2026-09-05 16:47:06,2026-09-05 16:46:57,live
RB,00-0037563,Malik Davis,DAL,NYG,2026_01_DAL_NYG,2026,1,NA,NA,15,20,10.612673672357014,-0.5028843823727449,-5.002092968180435,3.996324203434945,-6.459711268927736,5.453942504182246,0.153,0.049,0.12711297523354625,0.049632113262871896,star_platt,star_platt,2026-09-14T00:20:00Z,2026-09-05 16:47:06,2026-09-05 16:46:57,live
RB,00-0034975,Justice Hill,BAL,IND,2026_01_BAL_IND,2026,1,NA,NA,15,20,10.230579012581176,-0.39920421124719885,-4.830053905342608,4.031645482848211,-6.265525828637455,5.467117406143058,0.1525,0.048,0.12677125338816317,0.04883533856867766,star_platt,star_platt,2026-09-13T17:00:00Z,2026-09-05 16:47:06,2026-09-05 16:46:57,live
RB,00-0040177,Jordan James,SF,LA,2026_01_SF_LA,2026,1,NA,NA,15,20,11.416433243940928,-1.1501429443837548,-5.788609238585178,3.4883233498176685,-7.291343159202857,4.991057270435347,0.1525,0.043,0.12677125338816317,0.044798273057501295,star_platt,star_platt,2026-09-11T00:35:00Z,2026-09-05 16:47:06,2026-09-05 16:46:57,live
RB,00-0037557,Ronnie Rivers,LA,SF,2026_01_SF_LA,2026,1,NA,NA,15,20,10.09532547686874,-0.27066377108503364,-4.676960093256418,4.13563255108635,-6.104477407739748,5.56314986556968,0.152,0.0505,0.12642940028576669,0.050821080871073634,star_platt,star_platt,2026-09-11T00:35:00Z,2026-09-05 16:47:06,2026-09-05 16:46:57,live
RB,00-0038896,Jacob Saylors,DET,NO,2026_01_NO_DET,2026,1,NA,NA,15,20,10.067407795849993,-0.36992140430799053,-4.771125849212247,4.031283040596266,-6.19699353724502,5.457150728629039,0.1505,0.0415,0.1254030433289047,0.043568550724535166,star_platt,star_platt,2026-09-13T17:00:00Z,2026-09-05 16:47:06,2026-09-05 16:46:57,live
RB,00-0035537,Ty Johnson,BUF,HOU,2026_01_BUF_HOU,2026,1,NA,NA,15,20,10.545328319400486,-0.80784844669008,-5.295113890753489,3.679416997373329,-6.748862946133996,5.133166052753835,0.1485,0.044,0.12403266791041732,0.04561312708534188,star_platt,star_platt,2026-09-13T17:00:00Z,2026-09-05 16:47:06,2026-09-05 16:46:57,live
RB,00-0040142,Kaleb Johnson,GB,MIN,2026_01_GB_MIN,2026,1,NA,NA,15,20,11.496196570332144,-1.5547296521507725,-6.206699900692519,3.097240596390974,-7.713808726497079,4.604349422195534,0.1485,0.0415,0.12403266791041732,0.043568550724535166,star_platt,star_platt,2026-09-13T20:25:00Z,2026-09-05 16:47:06,2026-09-05 16:46:57,live
RB,00-0035125,Alec Ingold,LAC,ARI,2026_01_ARI_LAC,2026,1,NA,NA,15,20,9.95417685224866,-0.2718264597884271,-4.652294054598119,4.108641135021266,-6.07144358062057,5.527790661043716,0.148,0.046,0.12368972792363882,0.04723145708759584,star_platt,star_platt,2026-09-13T20:25:00Z,2026-09-05 16:47:06,2026-09-05 16:46:57,live
RB,00-0032104,Ameer Abdullah,JAX,CLE,2026_01_CLE_JAX,2026,1,NA,NA,15,20,10.539325210739799,-0.9302070832014402,-5.41640577162193,3.5559916052190492,-6.869809227878081,5.0093950614752,0.1465,0.041,0.12266006028328129,0.04315659643555027,star_platt,star_platt,2026-09-13T17:00:00Z,2026-09-05 16:47:06,2026-09-05 16:46:57,live
RB,00-0040466,Raheim Sanders,CLE,JAX,2026_01_CLE_JAX,2026,1,NA,NA,15,20,11.329817537434147,-0.8842487352957028,-5.507988579161416,3.73949110857001,-7.00595153993027,5.237454069338864,0.1455,0.0385,0.12197289800855556,0.04108071738740424,star_platt,star_platt,2026-09-13T17:00:00Z,2026-09-05 16:47:06,2026-09-05 16:46:57,live
RB,00-0036842,Kene Nwangwu,NYJ,TEN,2026_01_NYJ_TEN,2026,1,NA,NA,15,20,11.87859008790223,-1.5726379533254897,-6.288601388554991,3.143325481904011,-7.816442224947689,4.671166318296709,0.1435,0.0385,0.12059681274626396,0.04108071738740424,star_platt,star_platt,2026-09-13T17:00:00Z,2026-09-05 16:47:06,2026-09-05 16:46:57,live
RB,00-0033376,Patrick Ricard,NYG,DAL,2026_01_DAL_NYG,2026,1,NA,NA,15,20,10.140685800470756,-0.4912678206305561,-4.905819906672935,3.923284265411823,-6.3360118587676375,5.353476217506525,0.1425,0.0475,0.1199078718784638,0.0484356778539056,star_platt,star_platt,2026-09-14T00:20:00Z,2026-09-05 16:47:06,2026-09-05 16:46:57,live
RB,00-0039874,Jaylen Wright,MIA,LV,2026_01_MIA_LV,2026,1,NA,NA,15,20,11.512930945559164,-1.2007760912085155,-5.855572542500321,3.4540203600832893,-7.363596979299912,4.96204479688288,0.142,0.0425,0.11956317291261323,0.04438937310790755,star_platt,star_platt,2026-09-13T20:25:00Z,2026-09-05 16:47:06,2026-09-05 16:46:57,live
RB,00-0037157,Bam Knight,ARI,LAC,2026_01_ARI_LAC,2026,1,NA,NA,15,20,12.97512506369688,-2.0937724460007843,-6.986844162353373,2.7992992703518045,-8.572063150226587,4.384518258225019,0.1395,0.043,0.11783734639344091,0.044798273057501295,star_platt,star_platt,2026-09-13T20:25:00Z,2026-09-05 16:47:06,2026-09-05 16:46:57,live
RB,00-0038705,Emari Demercado,DAL,NYG,2026_01_DAL_NYG,2026,1,NA,NA,15,20,10.495772083659968,-0.9013547519549927,-5.379803406303672,3.5770939023936865,-6.8306960673212735,5.027986563411288,0.139,0.0425,0.11749170650604421,0.04438937310790755,star_platt,star_platt,2026-09-14T00:20:00Z,2026-09-05 16:47:06,2026-09-05 16:46:57,live
RB,00-0041104,Demond Claiborne,MIN,GB,2026_01_GB_MIN,2026,1,NA,NA,15,20,10.512746082086094,-0.9495920170185373,-5.431063322448974,3.5318792884118992,-6.8829352382509486,4.983751204213873,0.1355,0.0315,0.11506765126560817,0.03510783576119125,star_platt,star_platt,2026-09-13T20:25:00Z,2026-09-05 16:47:06,2026-09-05 16:46:57,live
RB,00-0040179,DJ Giddens,IND,BAL,2026_01_BAL_IND,2026,1,NA,NA,15,20,10.614529497001385,-1.1547358238139684,-5.654272898909375,3.344801251281438,-7.11199762103907,4.802525973411132,0.135,0.035,0.11472068906959022,0.03812596535362331,star_platt,star_platt,2026-09-13T17:00:00Z,2026-09-05 16:47:06,2026-09-05 16:46:57,live
RB,00-0039796,Rasheen Ali,BAL,IND,2026_01_BAL_IND,2026,1,NA,NA,15,20,10.19965066877407,-0.8754474077880033,-5.300699250698854,3.5498044351228475,-6.734357626082806,4.983462810506799,0.132,0.039,0.11263528090378519,0.04149809999057313,star_platt,star_platt,2026-09-13T17:00:00Z,2026-09-05 16:47:06,2026-09-05 16:46:57,live
RB,00-0037304,Connor Heyward,LV,MIA,2026_01_MIA_LV,2026,1,NA,NA,15,20,10.212944168835064,-0.7098638097577592,-5.137522909040003,3.717795289524485,-6.571961168457915,5.152233548942397,0.1315,0.0375,0.11228709481005195,0.04024251076184949,star_platt,star_platt,2026-09-13T20:25:00Z,2026-09-05 16:47:06,2026-09-05 16:46:57,live
RB,00-0039794,Braelon Allen,NYJ,TEN,2026_01_NYJ_TEN,2026,1,NA,NA,15,20,11.556587432026802,-1.7295593836043044,-6.391717562324072,2.9325987951154633,-7.902126993822055,4.443008226613447,0.13,0.036,0.11124145021211183,0.03897629526938985,star_platt,star_platt,2026-09-13T17:00:00Z,2026-09-05 16:47:06,2026-09-05 16:46:57,live
RB,00-0037746,Brian Robinson,ATL,PIT,2026_01_ATL_PIT,2026,1,NA,NA,15,20,11.12192675961631,-1.2509283542609664,-5.839052784870138,3.3371960763482056,-7.325477343459736,4.823620634937803,0.1295,0.0355,0.11089253534896366,0.038551763830076344,star_platt,star_platt,2026-09-13T17:00:00Z,2026-09-05 16:47:06,2026-09-05 16:46:57,live
RB,00-0041125,Seth McGowan,IND,BAL,2026_01_BAL_IND,2026,1,NA,NA,15,20,10.496415746203104,-1.0552419343843555,-5.5338052610957575,3.423321392327047,-6.984735072765814,4.874251203997104,0.1295,0.0395,0.11089253534896366,0.04191436097293838,star_platt,star_platt,2026-09-13T17:00:00Z,2026-09-05 16:47:06,2026-09-05 16:46:57,live
RB,00-0039746,Will Shipley,PHI,WAS,2026_01_WAS_PHI,2026,1,NA,NA,15,20,10.174896480036006,-1.1144367165716142,-5.535201067227543,3.3063276340843153,-6.967405620075711,4.738532186932483,0.1285,0.0295,0.11019414730879198,0.03335128616239499,star_platt,star_platt,2026-09-13T20:25:00Z,2026-09-05 16:47:06,2026-09-05 16:46:57,live
RB,00-0040078,Brashard Smith,KC,DEN,2026_01_DEN_KC,2026,1,NA,NA,15,20,10.517410638381739,-1.0212325095140828,-5.503533959542225,3.4610689405140596,-6.955674819078371,4.913209800050205,0.128,0.039,0.10984467132054905,0.04149809999057313,star_platt,star_platt,2026-09-15T00:15:00Z,2026-09-05 16:47:06,2026-09-05 16:46:57,live
RB,00-0040162,Dylan Sampson,CLE,JAX,2026_01_CLE_JAX,2026,1,NA,NA,15,20,10.517410638381739,-1.0451199409945853,-5.5274213910227274,3.4371815090335573,-6.979562250558873,4.889322368569703,0.128,0.032,0.10984467132054905,0.035543202718088876,star_platt,star_platt,2026-09-13T17:00:00Z,2026-09-05 16:47:06,2026-09-05 16:46:57,live
RB,00-0041490,Eli Heidenreich,PIT,ATL,2026_01_ATL_PIT,2026,1,NA,NA,15,20,10.612926105025593,-0.7973010922817635,-5.296554361770156,3.7019521772066284,-6.754187138785782,5.159584954222255,0.1275,0.035,0.1094950054606804,0.03812596535362331,star_platt,star_platt,2026-09-13T17:00:00Z,2026-09-05 16:47:06,2026-09-05 16:46:57,live
RB,00-0038488,Brady Russell,SEA,NE,2026_01_NE_SEA,2026,1,NA,NA,15,20,10.155030572269009,-0.9731864424525819,-5.390344857369188,3.443971972464024,-6.821381187445569,4.8750083025404045,0.1265,0.041,0.10879509837895954,0.04315659643555027,star_platt,star_platt,2026-09-10T00:20:00Z,2026-09-05 16:47:06,2026-09-05 16:46:57,live
RB,00-0041081,Max Bredeson,MIN,GB,2026_01_GB_MIN,2026,1,NA,NA,15,20,10.10136795574311,-0.7917254237935392,-5.199122747441243,3.6156718998541644,-6.6269967557453695,5.043545908158291,0.1265,0.036,0.10879509837895954,0.03897629526938985,star_platt,star_platt,2026-09-13T20:25:00Z,2026-09-05 16:47:06,2026-09-05 16:46:57,live
RB,00-0036265,AJ Dillon,CAR,CHI,2026_01_CHI_CAR,2026,1,NA,NA,15,20,10.717573135674263,-1.3417756355947872,-5.859499667204561,3.1759483960149866,-7.323116456826716,4.6395651856371405,0.1255,0.035,0.10809441445284497,0.03812596535362331,star_platt,star_platt,2026-09-13T17:00:00Z,2026-09-05 16:47:06,2026-09-05 16:46:57,live
RB,00-0039875,Ray Davis,BUF,HOU,2026_01_BUF_HOU,2026,1,NA,NA,15,20,10.466911514136523,-0.8018411520465982,-5.275143906541923,3.671461602448727,-6.7243694392952955,5.1206871352020995,0.1245,0.029,0.10739294188168298,0.03290821744842058,star_platt,star_platt,2026-09-13T17:00:00Z,2026-09-05 16:47:06,2026-09-05 16:46:57,live
RB,00-0039686,Colson Yankoff,WAS,PHI,2026_01_WAS_PHI,2026,1,NA,NA,15,20,10.155030572269009,-0.9705609459280033,-5.387719360844609,3.4465974689886023,-6.81875569092099,4.877633799064983,0.1235,0.0305,0.10669066867003624,0.03423263992594899,star_platt,star_platt,2026-09-13T20:25:00Z,2026-09-05 16:47:06,2026-09-05 16:46:57,live
RB,00-0039798,Isaiah Davis,NYJ,TEN,2026_01_NYJ_TEN,2026,1,NA,NA,15,20,10.605033414800754,-0.8890381804009451,-5.3868940538142684,3.6088176930123783,-6.8440741134122485,5.065997752610358,0.1225,0.034,0.10598758262260363,0.037270472986786915,star_platt,star_platt,2026-09-13T17:00:00Z,2026-09-05 16:47:06,2026-09-05 16:46:57,live
RB,00-0034959,Andrew Beck,NYJ,TEN,2026_01_NYJ_TEN,2026,1,NA,NA,15,20,10.069647150562805,-0.750976326915994,-5.152589508595543,3.650636854763555,-6.578589615962181,5.076636962130192,0.1215,0.0355,0.10528367133896654,0.038551763830076344,star_platt,star_platt,2026-09-13T17:00:00Z,2026-09-05 16:47:06,2026-09-05 16:46:57,live
RB,00-0040556,Corey Kiner,NE,SEA,2026_01_NE_SEA,2026,1,NA,NA,15,20,10.658463690115852,-1.1241443370691462,-5.631448212300937,3.3831595381626443,-7.091689161407249,4.843400487268957,0.1205,0.0355,0.10457892220815448,0.038551763830076344,star_platt,star_platt,2026-09-10T00:20:00Z,2026-09-05 16:47:06,2026-09-05 16:46:57,live
RB,00-0037263,Tyler Allgeier,ARI,LAC,2026_01_ARI_LAC,2026,1,NA,NA,15,20,11.477930005999115,-1.6263509697224838,-6.275233513414524,3.022531573969556,-7.781342008825326,4.528640069380358,0.1175,0.031,0.10245951834522278,0.03467099165438612,star_platt,star_platt,2026-09-13T20:25:00Z,2026-09-05 16:47:06,2026-09-05 16:46:57,live
RB,00-0041096,Kaytron Allen,WAS,PHI,2026_01_WAS_PHI,2026,1,NA,NA,15,20,10.566408698611994,-1.1132502818593883,-5.604258921356632,3.3777583576378554,-7.0592206678279315,4.832720104109155,0.1175,0.032,0.10245951834522278,0.035543202718088876,star_platt,star_platt,2026-09-13T20:25:00Z,2026-09-05 16:47:06,2026-09-05 16:46:57,live
RB,00-0029892,Kyle Juszczyk,SF,LA,2026_01_SF_LA,2026,1,NA,NA,15,20,10.118202047424097,-0.9345085761882862,-5.344971222001631,3.475954069625059,-6.7738383093331285,4.904821156956555,0.1155,0.0255,0.10104215199857065,0.02975863018024345,star_platt,star_platt,2026-09-11T00:35:00Z,2026-09-05 16:47:06,2026-09-05 16:46:57,live
RB,00-0040238,LeQuint Allen Jr.,JAX,CLE,2026_01_CLE_JAX,2026,1,NA,NA,15,20,10.103022494675368,-1.3215335973831464,-5.729232328048887,3.086165133282595,-7.15720398383414,4.514136789067848,0.1075,0.0275,0.09533478081195387,0.031569016810379776,star_platt,star_platt,2026-09-13T17:00:00Z,2026-09-05 16:47:06,2026-09-05 16:46:57,live
RB,00-0037594,Julius Chestnut,TEN,NYJ,2026_01_NYJ_TEN,2026,1,NA,NA,15,20,10.266606785360963,-1.3137484635872771,-5.751106561325393,3.1236096341508386,-7.188687026173121,4.5611900989985665,0.107,0.026,0.0949759439634924,0.03021400869961866,star_platt,star_platt,2026-09-13T17:00:00Z,2026-09-05 16:47:06,2026-09-05 16:46:57,live
RB,00-0038685,Chris Brooks,GB,MIN,2026_01_GB_MIN,2026,1,NA,NA,15,20,10.148063955826768,-1.366381152862245,-5.782274058004127,3.0495117522796367,-7.212900398151785,4.480138092427294,0.107,0.03,0.0949759439634924,0.03379274900493337,star_platt,star_platt,2026-09-13T20:25:00Z,2026-09-05 16:47:06,2026-09-05 16:46:57,live
RB,00-0039407,Dylan Laube,LV,MIA,2026_01_MIA_LV,2026,1,NA,NA,15,20,10.386260446289908,-1.520575638388206,-5.979454171257381,2.9383028944809686,-7.424006657848228,4.382855381071815,0.107,0.0295,0.0949759439634924,0.03335128616239499,star_platt,star_platt,2026-09-13T20:25:00Z,2026-09-05 16:47:06,2026-09-05 16:46:57,live
RB,00-0040198,Ollie Gordon II,MIA,LV,2026_01_MIA_LV,2026,1,NA,NA,15,20,10.66991362780905,-1.4867890869275544,-5.996114047293112,3.0225358734380037,-7.457009771705383,4.4834315978502755,0.107,0.0255,0.0949759439634924,0.02975863018024345,star_platt,star_platt,2026-09-13T20:25:00Z,2026-09-05 16:47:06,2026-09-05 16:46:57,live
RB,00-0041436,DJ Herman,MIA,LV,2026_01_MIA_LV,2026,1,NA,NA,15,20,10.10136795574311,-0.8883576893848044,-5.295755013032508,3.5190396342628993,-6.7236290213366345,4.946913642567026,0.1055,0.0315,0.09389785264811978,0.03510783576119125,star_platt,star_platt,2026-09-13T20:25:00Z,2026-09-05 16:47:06,2026-09-05 16:46:57,live
RB,00-0037085,Tyler Badie,DEN,KC,2026_01_DEN_KC,2026,1,NA,NA,15,20,10.1936081898997,-1.1030323311801074,-5.5271893663653575,3.3211247040051433,-6.9604930545312795,4.754428392171065,0.105,0.028,0.0935379549453693,0.0320171200914087,star_platt,star_platt,2026-09-15T00:15:00Z,2026-09-05 16:47:06,2026-09-05 16:46:57,live
RB,00-0039299,George Holani,SEA,NE,2026_01_NE_SEA,2026,1,NA,NA,15,20,10.42136728006359,-1.6002756870903714,-6.06544097010243,2.864889595921688,-7.512030188684188,4.311478814503445,0.1025,0.033,0.09173436495539043,0.036409621898927234,star_platt,star_platt,2026-09-10T00:20:00Z,2026-09-05 16:47:06,2026-09-05 16:46:57,live
RB,00-0036187,Reggie Gilliam,NE,SEA,2026_01_NE_SEA,2026,1,NA,NA,15,20,10.227892131938088,-1.1588728736515888,-5.5892366492042616,3.2714909019010836,-7.024551148421726,4.706805401118548,0.098,0.026,0.08846996586045586,0.03021400869961866,star_platt,star_platt,2026-09-10T00:20:00Z,2026-09-05 16:47:06,2026-09-05 16:46:57,live
TE,00-0039065,Sam LaPorta,DET,NO,2026_01_NO_DET,2026,1,NA,NA,12,17,6.62048420742624,3.3233997198975267,-0.9645041064091595,8.307412575372908,-2.62454306183887,9.922620662320611,0.5895,0.3095,0.472593299997528,0.3347447755613582,platt_vol_vegas,platt,2026-09-13T17:00:00Z,2026-09-05 16:47:06,2026-09-05 16:46:57,live
TE,00-0037744,Trey McBride,ARI,LAC,2026_01_ARI_LAC,2026,1,NA,NA,12,17,7.520139390290527,1.0482699302459293,-3.561273157528033,6.406137769161849,-5.345833026966027,8.142503969081806,0.482,0.228,0.44284538629706094,0.24769337941848033,platt_vol_vegas,platt,2026-09-13T20:25:00Z,2026-09-05 16:47:06,2026-09-05 16:46:57,live
TE,00-0038129,Cade Otton,TB,CIN,2026_01_TB_CIN,2026,1,NA,NA,12,17,6.311471411042866,0.799742943326919,-3.3733747307511566,5.650334975595376,-4.988974843342476,7.222304331251628,0.363,0.1315,0.37626387380049986,0.1430439067050683,platt_vol_vegas,platt,2026-09-13T17:00:00Z,2026-09-05 16:47:06,2026-09-05 16:46:57,live
TE,00-0033288,George Kittle,SF,LA,2026_01_SF_LA,2026,1,NA,NA,12,17,6.254046211161912,1.5025981039167238,-2.6489228411834285,6.328087340221845,-4.256161896049233,7.8919214361545125,0.416,0.176,0.3563023827184526,0.19148137746785202,platt_vol_vegas,platt,2026-09-11T00:35:00Z,2026-09-05 16:47:06,2026-09-05 16:46:57,live
TE,00-0039338,Brock Bowers,LV,MIA,2026_01_MIA_LV,2026,1,NA,NA,12,17,6.377080600997608,0.8401234977662212,-3.35756506881358,5.719275322665239,-4.982677670577885,7.300500274034442,0.364,0.133,0.34651506592840936,0.14468067223649947,platt_vol_vegas,platt,2026-09-13T20:25:00Z,2026-09-05 16:47:06,2026-09-05 16:46:57,live
TE,00-0038933,Dalton Kincaid,BUF,HOU,2026_01_BUF_HOU,2026,1,NA,NA,12,17,6.138665700373812,1.5076820308562406,-2.6001852307534183,6.282430735535943,-4.190523996322241,7.829820949922965,0.386,0.138,0.34336055179627883,0.15013476517328692,platt_vol_vegas,platt,2026-09-13T17:00:00Z,2026-09-05 16:47:06,2026-09-05 16:46:57,live
TE,00-0031610,Darren Waller,CAR,CHI,2026_01_CHI_CAR,2026,1,NA,NA,12,17,6.128817826161028,1.1256401955163038,-2.9784848056271636,5.89603911180812,-4.567374775139243,7.442019656199427,0.366,0.1325,0.33943523287570787,0.14413511067784865,platt_vol_vegas,platt,2026-09-13T17:00:00Z,2026-09-05 16:47:06,2026-09-05 16:46:57,live
TE,00-0040126,Colston Loveland,CHI,CAR,2026_01_CHI_CAR,2026,1,NA,NA,12,17,5.8617552058366496,1.6242841147963725,-2.377343311384159,6.275545743508133,-3.926551894799922,7.782916533884677,0.3875,0.148,0.33681716956491414,0.16103414845396039,platt_vol_vegas,platt,2026-09-13T17:00:00Z,2026-09-05 16:47:06,2026-09-05 16:46:57,live
TE,00-0040128,Tyler Warren,IND,BAL,2026_01_BAL_IND,2026,1,NA,NA,12,17,6.119621918300318,0.6599630154634112,-3.440665129078594,5.426297386709111,-5.028201309323209,6.970960702148844,0.34,0.131,0.33678585655536586,0.14249826463702156,platt_vol_vegas,platt,2026-09-13T17:00:00Z,2026-09-05 16:47:06,2026-09-05 16:46:57,live
TE,00-0038041,Jake Ferguson,DAL,NYG,2026_01_DAL_NYG,2026,1,NA,NA,12,17,5.69716861729956,1.0984382965573094,-2.8390141829586675,5.675106657292002,-4.363377780166439,7.15830342300967,0.3255,0.1085,0.32229786123028537,0.1179198426131303,platt_vol_vegas,platt,2026-09-14T00:20:00Z,2026-09-05 16:47:06,2026-09-05 16:46:57,live
TE,00-0036970,Kyle Pitts,ATL,PIT,2026_01_ATL_PIT,2026,1,NA,NA,12,17,6.363155795890256,0.806360195153129,-3.3861226491200913,5.679461187769282,-5.009219883429776,7.25872519852307,0.358,0.141,0.32123689327410304,0.15340584748518923,platt_vol_vegas,platt,2026-09-13T17:00:00Z,2026-09-05 16:47:06,2026-09-05 16:46:57,live
TE,00-0030506,Travis Kelce,KC,DEN,2026_01_DEN_KC,2026,1,NA,NA,12,17,6.022181849585284,0.899595091749916,-3.1638396903624884,5.6226980371063,-4.7369766599397,7.153351005716773,0.3335,0.1265,0.31730669300303305,0.13758631541652147,platt_vol_vegas,platt,2026-09-15T00:15:00Z,2026-09-05 16:47:06,2026-09-05 16:46:57,live
TE,00-0034753,Mark Andrews,BAL,IND,2026_01_BAL_IND,2026,1,NA,NA,12,17,5.585258395874917,0.9462151800815296,-2.947143044446316,5.471630914214579,-4.45443578746611,6.938217839756305,0.3195,0.124,0.3124474427036737,0.1348565761407613,platt_vol_vegas,platt,2026-09-13T17:00:00Z,2026-09-05 16:47:06,2026-09-05 16:46:57,live
TE,00-0039847,Theo Johnson,NYG,DAL,2026_01_DAL_NYG,2026,1,NA,NA,12,17,5.812674629761358,1.1554719985730535,-2.827100578174371,5.784585365947629,-4.368932178889462,7.284778395780409,0.3325,0.122,0.30907082286718074,0.13267235320501825,platt_vol_vegas,platt,2026-09-14T00:20:00Z,2026-09-05 16:47:06,2026-09-05 16:46:57,live
TE,00-0034351,Dallas Goedert,PHI,WAS,2026_01_WAS_PHI,2026,1,NA,NA,12,17,5.712427005285408,1.8902596019176734,-2.0531757829514774,6.473882147820972,-3.5798556298596234,7.959332610799899,0.3775,0.1485,0.3067394314979435,0.16157879297761965,platt_vol_vegas,platt,2026-09-13T20:25:00Z,2026-09-05 16:47:06,2026-09-05 16:46:57,live
TE,00-0036040,Juwan Johnson,NO,DET,2026_01_NO_DET,2026,1,NA,NA,12,17,5.963887737981196,0.4607180114961464,-3.5803411790822395,5.157812855838179,-5.144815558475089,6.680037175425729,0.2955,0.086,0.29778530061469205,0.09330736429769025,platt_vol_vegas,platt,2026-09-13T17:00:00Z,2026-09-05 16:47:06,2026-09-05 16:46:57,live
TE,00-0040663,Harold Fannin Jr.,CLE,JAX,2026_01_CLE_JAX,2026,1,NA,NA,12,17,6.550615014948371,0.11389488085457851,-4.148261506071905,5.067980393258686,-5.798332478518537,6.673489691709792,0.3455,0.1265,0.29733966986408794,0.13758631541652147,platt_vol_vegas,platt,2026-09-13T17:00:00Z,2026-09-05 16:47:06,2026-09-05 16:46:57,live
TE,00-0038935,Brenton Strange,JAX,CLE,2026_01_CLE_JAX,2026,1,NA,NA,12,17,5.741307279052834,2.2047888875426014,-1.7499517439692358,6.8015520020975995,-3.2810083564457835,8.29126103209246,0.4005,0.157,0.28878809462733224,0.17083274456983044,platt_vol_vegas,platt,2026-09-13T17:00:00Z,2026-09-05 16:47:06,2026-09-05 16:46:57,live
TE,00-0040189,Oronde Gadsden II,LAC,ARI,2026_01_ARI_LAC,2026,1,NA,NA,12,17,5.300711627964029,1.556294486851409,-2.2231939524473,5.949354530087103,-3.68640261919489,7.3730479101083555,0.3315,0.1245,0.28870438105410146,0.13540257258412222,platt_vol_vegas,platt,2026-09-13T20:25:00Z,2026-09-05 16:47:06,2026-09-05 16:46:57,live
TE,00-0033090,Hunter Henry,NE,SEA,2026_01_NE_SEA,2026,1,NA,NA,12,17,5.941405541797573,1.0313828608044964,-3.0010215248670495,5.718417857569566,-4.562145242986002,7.23738200355184,0.335,0.123,0.2878213434549809,0.13376451171525858,platt_vol_vegas,platt,2026-09-10T00:20:00Z,2026-09-05 16:47:06,2026-09-05 16:46:57,live
TE,00-0034383,Dalton Schultz,HOU,BUF,2026_01_BUF_HOU,2026,1,NA,NA,12,17,5.767093229890327,0.9330860743439168,-3.0317277659008433,5.541557707525841,-4.566684167080728,7.035061208867543,0.3175,0.112,0.2827322693111151,0.12174595301576299,platt_vol_vegas,platt,2026-09-13T17:00:00Z,2026-09-05 16:47:06,2026-09-05 16:46:57,live
TE,00-0034829,Mike Gesicki,CIN,TB,2026_01_TB_CIN,2026,1,NA,NA,12,17,5.0466807433932175,1.2468452157878516,-2.4287314874903276,5.519124231943662,-3.851711283277212,6.903675158414668,0.2815,0.0825,0.26669142591763395,0.08947733785259043,platt_vol_vegas,platt,2026-09-13T17:00:00Z,2026-09-05 16:47:06,2026-09-05 16:46:57,live
TE,00-0038996,Tucker Kraft,GB,MIN,2026_01_GB_MIN,2026,1,NA,NA,12,17,5.4621102453494155,1.395950004646881,-2.4484422491745077,5.864450509948407,-3.936778079409912,7.312592471453139,0.314,0.109,0.2643074925508416,0.11846648324138728,platt_vol_vegas,platt,2026-09-13T20:25:00Z,2026-09-05 16:47:06,2026-09-05 16:46:57,live
TE,00-0033885,David Njoku,LAC,ARI,2026_01_ARI_LAC,2026,1,NA,NA,12,17,5.037283126699334,1.3547374120408375,-2.3169523253562363,5.622498442554953,-3.738427303161553,7.005585190028674,0.288,0.0975,0.2593784911089859,0.10588986136857516,platt_vol_vegas,platt,2026-09-13T20:25:00Z,2026-09-05 16:47:06,2026-09-05 16:46:57,live
TE,00-0035229,T.J. Hockenson,MIN,GB,2026_01_GB_MIN,2026,1,NA,NA,12,17,5.231221763246214,0.8848554230812393,-2.86642611199671,5.245129382732936,-4.318714627146854,6.658197519826487,0.2715,0.094,0.25341162837498243,0.10206085793163341,platt_vol_vegas,platt,2026-09-13T20:25:00Z,2026-09-05 16:47:06,2026-09-05 16:46:57,live
TE,00-0039793,AJ Barner,SEA,NE,2026_01_NE_SEA,2026,1,NA,NA,12,17,5.195552983865845,1.2324514622763125,-2.5042887167933734,5.575823385824356,-3.9509476240007295,6.983413947680413,0.2675,0.0825,0.24255625689540916,0.08947733785259043,platt_vol_vegas,platt,2026-09-10T00:20:00Z,2026-09-05 16:47:06,2026-09-05 16:46:57,live
TE,00-0041510,Max Klare,LA,SF,2026_01_SF_LA,2026,1,NA,NA,12,17,4.926816286781288,0.9844156795951297,-2.6413462650502395,5.198792884638684,-4.0450405443620445,6.564579117624863,0.2495,0.0685,0.24062005011401252,0.07415831568147607,platt_vol_vegas,platt,2026-09-11T00:35:00Z,2026-09-05 16:47:06,2026-09-05 16:46:57,live
TE,00-0033110,Tyler Higbee,LA,SF,2026_01_SF_LA,2026,1,NA,NA,12,17,4.853644826767723,0.8415684063880553,-2.75352627570242,5.020299748789331,-4.145347888891169,6.374533947847109,0.231,0.059,0.23281529920902708,0.0637682412873649,platt_vol_vegas,platt,2026-09-11T00:35:00Z,2026-09-05 16:47:06,2026-09-05 16:46:57,live
TE,00-0040737,Terrance Ferguson,LA,SF,2026_01_SF_LA,2026,1,NA,NA,12,17,4.853187649097378,0.8236257869046788,-2.7712766592391693,5.002133685295061,-4.163023849312811,6.3562954711019435,0.231,0.0655,0.23277270882297157,0.07087655549962064,platt_vol_vegas,platt,2026-09-11T00:35:00Z,2026-09-05 16:47:06,2026-09-05 16:46:57,live
TE,00-0036244,Colby Parkinson,LA,SF,2026_01_SF_LA,2026,1,NA,NA,12,17,4.84328044177356,0.8397713365005707,-2.7509633614533144,5.0134348840382765,-4.141097030181324,6.366026723117462,0.226,0.067,0.23160047246985568,0.07251737163271205,platt_vol_vegas,platt,2026-09-11T00:35:00Z,2026-09-05 16:47:06,2026-09-05 16:46:57,live
TE,00-0041558,Sam Roush,CHI,CAR,2026_01_CHI_CAR,2026,1,NA,NA,12,17,4.914999848403477,1.0145678300318595,-2.6062550662650956,5.22320416926791,-4.008037219514087,6.5871299149023805,0.2335,0.0695,0.23012309991407676,0.07525234172431017,platt_vol_vegas,platt,2026-09-13T17:00:00Z,2026-09-05 16:47:06,2026-09-05 16:46:57,live
TE,00-0040736,Mason Taylor,NYJ,TEN,2026_01_NYJ_TEN,2026,1,NA,NA,12,17,5.489791478003568,0.805111959376093,-3.0503281042614807,5.286453803564676,-4.542941034779435,6.738757358351582,0.2775,0.088,0.22219194348577664,0.09549588065908256,platt_vol_vegas,platt,2026-09-13T17:00:00Z,2026-09-05 16:47:06,2026-09-05 16:46:57,live
TE,00-0037838,Isaiah Likely,NYG,DAL,2026_01_DAL_NYG,2026,1,NA,NA,12,17,4.986967623470895,1.0321131523566451,-2.6187119381919315,5.2756223170803285,-4.032109279939439,6.6508495724371235,0.254,0.072,0.22200062758562736,0.07798759619888458,platt_vol_vegas,platt,2026-09-14T00:20:00Z,2026-09-05 16:47:06,2026-09-05 16:46:57,live
TE,00-0033881,Evan Engram,DEN,KC,2026_01_DEN_KC,2026,1,NA,NA,12,17,5.4049848618554925,0.4820682712816468,-3.3394479655586506,4.923979009803343,-4.818927468583379,6.3635038173042195,0.25,0.081,0.2216733645597754,0.08783587713568977,platt_vol_vegas,platt,2026-09-15T00:15:00Z,2026-09-05 16:47:06,2026-09-05 16:46:57,live
TE,00-0040390,Jackson Meeks,DET,NO,2026_01_NO_DET,2026,1,NA,NA,12,17,4.545303883374931,1.3850848063727141,-2.078523466686484,5.410983907315665,-3.4194408222371857,6.7156885647153315,0.238,0.0725,0.21962009316513456,0.07853467528005519,platt_vol_vegas,platt,2026-09-13T17:00:00Z,2026-09-05 16:47:06,2026-09-05 16:46:57,live
TE,00-0036754,Brock Wright,DET,NO,2026_01_NO_DET,2026,1,NA,NA,12,17,4.545617623405045,1.2088605043757625,-2.2548834836381566,5.234917352578542,-3.5958533805052677,6.539673132368371,0.2335,0.073,0.21943573539289005,0.07908176254510006,platt_vol_vegas,platt,2026-09-13T17:00:00Z,2026-09-05 16:47:06,2026-09-05 16:46:57,live
TE,00-0039814,Erick All,CIN,TB,2026_01_TB_CIN,2026,1,NA,NA,12,17,4.565062456059478,1.1543926786802248,-2.31775469992664,5.190217144917687,-3.6619779243652317,6.498138393195926,0.241,0.0665,0.21872350393030462,0.07197041792083021,platt_vol_vegas,platt,2026-09-13T17:00:00Z,2026-09-05 16:47:06,2026-09-05 16:46:57,live
TE,00-0035631,Drew Sample,CIN,TB,2026_01_TB_CIN,2026,1,NA,NA,12,17,4.561455082812168,1.1269641842276505,-2.3436253821065884,5.1609779390528026,-3.6872455078837922,6.46831237589995,0.218,0.06,0.21730142090524135,0.06486159423812027,platt_vol_vegas,platt,2026-09-13T17:00:00Z,2026-09-05 16:47:06,2026-09-05 16:46:57,live
TE,00-0037112,Jake Tonges,SF,LA,2026_01_SF_LA,2026,1,NA,NA,12,17,5.010542430434829,0.4498595074827675,-3.210752772926815,4.704744738942596,-4.62793917270631,6.083658725357816,0.2085,0.0575,0.21594732773323527,0.06212839979150592,platt_vol_vegas,platt,2026-09-11T00:35:00Z,2026-09-05 16:47:06,2026-09-05 16:46:57,live
TE,00-0036290,Cole Kmet,CHI,CAR,2026_01_CHI_CAR,2026,1,NA,NA,12,17,4.763564208687993,0.8574608272083765,-2.699603839651753,4.991988266611849,-4.076702336531167,6.3318969605661914,0.22,0.0625,0.21578030880107998,0.06759537263867949,platt_vol_vegas,platt,2026-09-13T17:00:00Z,2026-09-05 16:47:06,2026-09-05 16:46:57,live
TE,00-0037252,Greg Dulcich,MIA,LV,2026_01_MIA_LV,2026,1,NA,NA,12,17,5.458681340868079,1.036787575001106,-2.8062344914064328,5.50369545323783,-4.294039860937641,6.951321279614273,0.278,0.09,0.21325946811296023,0.09768431652547978,platt_vol_vegas,platt,2026-09-13T20:25:00Z,2026-09-05 16:47:06,2026-09-05 16:46:57,live
TE,00-0041483,Eli Stowers,PHI,WAS,2026_01_WAS_PHI,2026,1,NA,NA,12,17,4.8219231178930775,1.2293270867989974,-2.3524104894878723,5.392532897440747,-3.7390609708453177,6.741735615806295,0.2485,0.079,0.21248692973765176,0.085647269927866,platt_vol_vegas,platt,2026-09-13T20:25:00Z,2026-09-05 16:47:06,2026-09-05 16:46:57,live
TE,00-0034270,Tyler Conklin,DET,NO,2026_01_NO_DET,2026,1,NA,NA,12,17,4.394682421223934,1.7773464934233363,-1.6206320179607452,5.726961333072043,-2.936141163479343,7.0069439523626125,0.254,0.0655,0.20715437380746293,0.07087655549962064,platt_vol_vegas,platt,2026-09-13T17:00:00Z,2026-09-05 16:47:06,2026-09-05 16:46:57,live
TE,00-0041116,Jack Endries,CIN,TB,2026_01_TB_CIN,2026,1,NA,NA,12,17,4.457637045120871,0.9503838825894719,-2.4751420789359306,4.9320182943185,-3.801316071944063,6.222377747149522,0.195,0.0575,0.20708496924081624,0.06212839979150592,platt_vol_vegas,platt,2026-09-13T17:00:00Z,2026-09-05 16:47:06,2026-09-05 16:46:57,live
TE,00-0041503,Nate Boerkircher,JAX,CLE,2026_01_CLE_JAX,2026,1,NA,NA,12,17,4.926816286781288,1.5788940968453218,-2.0468678478000477,5.793271301888876,-3.4505621271118523,7.159057534875055,0.284,0.0835,0.20554434800979807,0.09057164135716203,platt_vol_vegas,platt,2026-09-13T17:00:00Z,2026-09-05 16:47:06,2026-09-05 16:46:57,live
TE,00-0040887,Josh Cuevas,BAL,IND,2026_01_BAL_IND,2026,1,NA,NA,12,17,4.534689625735563,0.8955479921263511,-2.5634664681387336,4.916107509219253,-3.9026053537187715,6.219081725854495,0.222,0.0625,0.20401268409042803,0.06759537263867949,platt_vol_vegas,platt,2026-09-13T17:00:00Z,2026-09-05 16:47:06,2026-09-05 16:46:57,live
TE,00-0041032,Kenyon Sadiq,NYJ,TEN,2026_01_NYJ_TEN,2026,1,NA,NA,12,17,5.283948032637738,0.835232497887438,-2.9374660682848557,5.220400383015134,-4.398046072089232,6.6415360895373095,0.273,0.082,0.20400847442080644,0.08893018460389757,platt_vol_vegas,platt,2026-09-13T17:00:00Z,2026-09-05 16:47:06,2026-09-05 16:46:57,live
TE,00-0039074,Davis Allen,LA,SF,2026_01_SF_LA,2026,1,NA,NA,12,17,4.5540222315955345,0.8360741973480914,-2.6313038775524094,4.866355099189741,-3.973680691655427,6.1724798011302635,0.1875,0.0505,0.20393923815416648,0.05447939311473114,platt_vol_vegas,platt,2026-09-11T00:35:00Z,2026-09-05 16:47:06,2026-09-05 16:46:57,live
TE,00-0035689,Dawson Knox,BUF,HOU,2026_01_BUF_HOU,2026,1,NA,NA,12,17,4.843626290884969,0.7442379324592558,-2.846642318799206,4.918070662788963,-4.236832337707975,6.270717330260798,0.218,0.0655,0.20355598015903575,0.07087655549962064,platt_vol_vegas,platt,2026-09-13T17:00:00Z,2026-09-05 16:47:06,2026-09-05 16:46:57,live
TE,00-0034798,Durham Smythe,BAL,IND,2026_01_BAL_IND,2026,1,NA,NA,12,17,4.531215298948904,0.8948618533529,-2.562647921087624,4.913672410161979,-3.901204275625541,6.21607982753805,0.215,0.056,0.20338867769625663,0.06048880220568398,platt_vol_vegas,platt,2026-09-13T17:00:00Z,2026-09-05 16:47:06,2026-09-05 16:46:57,live
TE,00-0040879,Matthew Hibner,BAL,IND,2026_01_BAL_IND,2026,1,NA,NA,12,17,4.534689625735563,0.8955479921263511,-2.5634664681387336,4.916107509219253,-3.9026053537187715,6.219081725854495,0.197,0.048,0.20279752596485853,0.051749346784633304,platt_vol_vegas,platt,2026-09-13T17:00:00Z,2026-09-05 16:47:06,2026-09-05 16:46:57,live
TE,00-0038046,Charlie Kolar,LAC,ARI,2026_01_ARI_LAC,2026,1,NA,NA,12,17,4.453198540636076,1.3070724603105879,-2.1165168512150583,5.286455821436259,-3.4419410805687667,6.576085758665274,0.2285,0.0645,0.20272761730734795,0.06978275713277497,platt_vol_vegas,platt,2026-09-13T20:25:00Z,2026-09-05 16:47:06,2026-09-05 16:46:57,live
TE,00-0036894,Pat Freiermuth,PIT,ATL,2026_01_ATL_PIT,2026,1,NA,NA,12,17,4.893082858145666,0.8172001113437897,-2.794448284819677,5.015172539153625,-4.1926785795767065,6.375642347479427,0.229,0.069,0.20199436825373787,0.0747053227454572,platt_vol_vegas,platt,2026-09-13T17:00:00Z,2026-09-05 16:47:06,2026-09-05 16:46:57,live
TE,00-0038547,Luke Schoonmaker,DAL,NYG,2026_01_DAL_NYG,2026,1,NA,NA,12,17,4.528409014452995,0.919292234314997,-2.537001810562657,4.936689696984009,-3.8750875019244893,6.238639161873029,0.204,0.0565,0.2003233179982714,0.06103530631949193,platt_vol_vegas,platt,2026-09-14T00:20:00Z,2026-09-05 16:47:06,2026-09-05 16:46:57,live
TE,00-0041472,Marlin Klein,HOU,BUF,2026_01_BUF_HOU,2026,1,NA,NA,12,17,4.926816286781288,0.927726641804327,-2.6980353028410424,5.142103846847881,-4.1017295821528474,6.50789007983406,0.2415,0.0665,0.1997172487627974,0.07197041792083021,platt_vol_vegas,platt,2026-09-13T17:00:00Z,2026-09-05 16:47:06,2026-09-05 16:46:57,live
TE,00-0038558,Darnell Washington,PIT,ATL,2026_01_ATL_PIT,2026,1,NA,NA,12,17,4.857605452358091,0.6294268929481193,-2.9673328417273304,4.810093596734518,-4.359799071088891,6.164955003516487,0.2125,0.0595,0.1982697788791625,0.06431490573088806,platt_vol_vegas,platt,2026-09-13T17:00:00Z,2026-09-05 16:47:06,2026-09-05 16:46:57,live
TE,00-0041041,Oscar Delp,NO,DET,2026_01_NO_DET,2026,1,NA,NA,12,17,4.926816286781288,0.6942731109803257,-2.9314888336650435,4.908650316023881,-4.335183112976848,6.274436549010058,0.238,0.0695,0.19569144647916464,0.07525234172431017,platt_vol_vegas,platt,2026-09-13T17:00:00Z,2026-09-05 16:47:06,2026-09-05 16:46:57,live
TE,00-0039066,Michael Mayer,LV,MIA,2026_01_MIA_LV,2026,1,NA,NA,12,17,4.905668086126094,0.5706164356288749,-3.046302331172255,4.7747148392243774,-4.446573021638349,6.137169940509164,0.2115,0.0545,0.19162191389933186,0.05884947016740101,platt_vol_vegas,platt,2026-09-13T20:25:00Z,2026-09-05 16:47:06,2026-09-05 16:46:57,live
TE,00-0038564,Cameron Latu,NE,SEA,2026_01_NE_SEA,2026,1,NA,NA,12,17,4.95664878037601,0.8134980090438743,-2.8247106207073895,5.042342525176648,-4.233223567363129,6.412817292993154,0.235,0.0625,0.19089672906888916,0.06759537263867949,platt_vol_vegas,platt,2026-09-10T00:20:00Z,2026-09-05 16:47:06,2026-09-05 16:46:57,live
TE,00-0040739,Elijah Arroyo,SEA,NE,2026_01_NE_SEA,2026,1,NA,NA,12,17,4.623890132776728,1.1191640908112956,-2.378312838351871,5.184430170179517,-3.7323422623579567,6.5018927926477,0.22,0.056,0.19004471298389006,0.06048880220568398,platt_vol_vegas,platt,2026-09-10T00:20:00Z,2026-09-05 16:47:06,2026-09-05 16:46:57,live
TE,00-0035249,Josh Oliver,MIN,GB,2026_01_GB_MIN,2026,1,NA,NA,12,17,4.537944187308963,1.1213486420655658,-2.339074874516261,5.143545965201048,-3.6787592686876605,6.447050958469806,0.227,0.0645,0.18939527421661506,0.06978275713277497,platt_vol_vegas,platt,2026-09-13T20:25:00Z,2026-09-05 16:47:06,2026-09-05 16:46:57,live
TE,00-0039530,Brevyn Spann-Ford,DAL,NYG,2026_01_DAL_NYG,2026,1,NA,NA,12,17,4.398691645389031,0.5283456005577769,-2.87139231761338,4.480005473490811,-4.187582608027783,5.7606508427370295,0.1715,0.0475,0.18807984245687218,0.05120346723481726,platt_vol_vegas,platt,2026-09-14T00:20:00Z,2026-09-05 16:47:06,2026-09-05 16:46:57,live
TE,00-0039050,Payne Durham,TB,CIN,2026_01_TB_CIN,2026,1,NA,NA,12,17,4.553675298001366,0.5966998137044399,-2.8705283072263073,4.626806417673922,-4.212847067454659,5.932874633537699,0.1815,0.0445,0.18707037140270621,0.04792919143411586,platt_vol_vegas,platt,2026-09-13T17:00:00Z,2026-09-05 16:47:06,2026-09-05 16:46:57,live
TE,00-0038498,E.J. Jenkins,PHI,WAS,2026_01_WAS_PHI,2026,1,NA,NA,12,17,4.536976981461186,1.0234575751877226,-2.436547237079128,5.045168220502756,-3.7760695321219506,6.348515492277985,0.2055,0.0575,0.18681788973049432,0.06212839979150592,platt_vol_vegas,platt,2026-09-13T20:25:00Z,2026-09-05 16:47:06,2026-09-05 16:46:57,live
TE,00-0041395,Eli Raridon,NE,SEA,2026_01_NE_SEA,2026,1,NA,NA,12,17,4.911627450046833,0.8061089919458111,-2.8133033641075382,5.0131058003080184,-4.214539434270845,6.376500210329395,0.21,0.0555,0.18620565523654492,0.05994232758805185,platt_vol_vegas,platt,2026-09-10T00:20:00Z,2026-09-05 16:47:06,2026-09-05 16:46:57,live
TE,00-0039356,Ja'Tavion Sanders,CAR,CHI,2026_01_CHI_CAR,2026,1,NA,NA,12,17,4.638476316756341,0.7698435107423581,-2.733892226707276,4.842384468984572,-4.090344714753735,6.162204718435184,0.209,0.0525,0.185129514651786,0.05666414667361906,platt_vol_vegas,platt,2026-09-13T17:00:00Z,2026-09-05 16:47:06,2026-09-05 16:46:57,live
TE,00-0033576,Eric Saubert,SEA,NE,2026_01_NE_SEA,2026,1,NA,NA,12,17,4.549873619325023,0.9705267657664176,-2.495057844332729,4.99872304724626,-3.8367403281624854,6.30417216993684,0.2255,0.062,0.18440997838365586,0.06704857451201103,platt_vol_vegas,platt,2026-09-10T00:20:00Z,2026-09-05 16:47:06,2026-09-05 16:46:57,live
TE,00-0033858,Jonnu Smith,GB,MIN,2026_01_GB_MIN,2026,1,NA,NA,12,17,4.625135521818981,0.7651443628326168,-2.732867285209083,4.83103196867919,-4.087103722759439,6.148696014101767,0.201,0.0545,0.1839249066839343,0.05884947016740101,platt_vol_vegas,platt,2026-09-13T20:25:00Z,2026-09-05 16:47:06,2026-09-05 16:46:57,live
TE,00-0040225,Thomas Fidone II,NYG,DAL,2026_01_DAL_NYG,2026,1,NA,NA,12,17,4.541400276268574,0.7960740907451637,-2.6658452548319373,4.820010079495369,-4.0061087511715305,6.124078535749242,0.211,0.055,0.18265781956908758,0.05939588329461221,platt_vol_vegas,platt,2026-09-14T00:20:00Z,2026-09-05 16:47:06,2026-09-05 16:46:57,live
TE,00-0037311,Ko Kieft,TB,CIN,2026_01_TB_CIN,2026,1,NA,NA,12,17,4.495094089841804,0.4639851390011502,-2.9778513521035688,4.4645779724662695,-4.310339879108298,5.761081429534812,0.1805,0.0455,0.18241794393272767,0.0490204181443333,platt_vol_vegas,platt,2026-09-13T17:00:00Z,2026-09-05 16:47:06,2026-09-05 16:46:57,live
TE,00-0037005,Tommy Tremble,CAR,CHI,2026_01_CHI_CAR,2026,1,NA,NA,12,17,4.576806120367049,0.7503439899827083,-2.7268711036971403,4.792058876830045,-4.073056266830475,6.101889079856292,0.2055,0.0565,0.18016966544768812,0.06103530631949193,platt_vol_vegas,platt,2026-09-13T17:00:00Z,2026-09-05 16:47:06,2026-09-05 16:46:57,live
TE,00-0033246,Johnny Mundt,PHI,WAS,2026_01_WAS_PHI,2026,1,NA,NA,12,17,4.441397311935672,1.022830806416801,-2.3956052188738646,4.99622428393419,-3.7190343811166775,6.283913032662186,0.2165,0.049,0.17984533294985636,0.052841238793498356,platt_vol_vegas,platt,2026-09-13T20:25:00Z,2026-09-05 16:47:06,2026-09-05 16:46:57,live
TE,00-0040215,Gavin Bartholomew,MIN,GB,2026_01_GB_MIN,2026,1,NA,NA,12,17,4.434126149617666,0.7075815647022281,-2.7076763876262486,4.677281032945898,-4.029875175976796,5.963772635152571,0.19,0.053,0.17957229626801768,0.05721042642175668,platt_vol_vegas,platt,2026-09-13T20:25:00Z,2026-09-05 16:47:06,2026-09-05 16:46:57,live
TE,00-0040509,Ben Yurosek,MIN,GB,2026_01_GB_MIN,2026,1,NA,NA,12,17,4.434126149617666,0.6843994270780211,-2.730858525250456,4.654098895321692,-4.053057313601004,5.940590497528364,0.1885,0.043,0.17950082242725499,0.04629275136441496,platt_vol_vegas,platt,2026-09-13T20:25:00Z,2026-09-05 16:47:06,2026-09-05 16:46:57,live
TE,00-0038488,Brady Russell,SEA,NE,2026_01_NE_SEA,2026,1,NA,NA,12,17,4.499519936740253,0.7577567568164745,-2.6860030644553454,4.760585158677355,-4.0192361984127665,6.057813113907612,0.1955,0.054,0.17916912876367283,0.058303089062848375,platt_vol_vegas,platt,2026-09-10T00:20:00Z,2026-09-05 16:47:06,2026-09-05 16:46:57,live
TE,00-0035644,Noah Fant,NO,DET,2026_01_NO_DET,2026,1,NA,NA,12,17,4.713281122595585,1.0353604727797363,-2.5003405705647506,5.145056064605784,-3.8691682552474154,6.476917307202363,0.23,0.064,0.17842711825744656,0.0692358835213144,platt_vol_vegas,platt,2026-09-13T17:00:00Z,2026-09-05 16:47:06,2026-09-05 16:46:57,live
TE,00-0041094,Bauer Sharp,TB,CIN,2026_01_TB_CIN,2026,1,NA,NA,12,17,4.449724213849417,0.459302044988421,-2.962770733275215,4.4369226750502,-4.287607844914972,5.725981350215477,0.166,0.046,0.17817768965006792,0.04956610774783282,platt_vol_vegas,platt,2026-09-13T17:00:00Z,2026-09-05 16:47:06,2026-09-05 16:46:57,live
TE,00-0039824,Jared Wiley,KC,DEN,2026_01_DEN_KC,2026,1,NA,NA,12,17,4.6117979228059465,0.8281294317906966,-2.6641523582240394,4.887356980130562,-4.01617051198839,6.202862648547239,0.2055,0.065,0.17732268661281006,0.07032964800129017,platt_vol_vegas,platt,2026-09-15T00:15:00Z,2026-09-05 16:47:06,2026-09-05 16:46:57,live
TE,00-0038589,Josh Whyle,GB,MIN,2026_01_GB_MIN,2026,1,NA,NA,12,17,4.534689625735563,0.8788496281918579,-2.5801648320732267,4.899409145284759,-3.9193037176532646,6.202383361920001,0.209,0.0545,0.17730423075219195,0.05884947016740101,platt_vol_vegas,platt,2026-09-13T20:25:00Z,2026-09-05 16:47:06,2026-09-05 16:46:57,live
TE,00-0038643,Brayden Willis,SF,LA,2026_01_SF_LA,2026,1,NA,NA,12,17,4.554093593530285,0.5465255138216901,-2.9208834050014336,4.576842266865487,-4.263272160163571,5.88297858738592,0.182,0.048,0.17713071472500633,0.051749346784633304,platt_vol_vegas,platt,2026-09-11T00:35:00Z,2026-09-05 16:47:06,2026-09-05 16:46:57,live
TE,00-0036825,Feleipe Franks,CAR,CHI,2026_01_CHI_CAR,2026,1,NA,NA,12,17,4.54488981273264,0.5540206689089807,-2.909408482845267,4.579711569546437,-4.250256492544006,5.884348753842224,0.1865,0.05,0.17685034019288673,0.05393330088542496,platt_vol_vegas,platt,2026-09-13T17:00:00Z,2026-09-05 16:47:06,2026-09-05 16:46:57,live
TE,00-0040058,Nick Kallerup,SEA,NE,2026_01_NE_SEA,2026,1,NA,NA,12,17,4.449310143207126,0.7493010080159367,-2.672590995513983,4.7267115159216955,-3.9973581211857048,6.015702095153938,0.1915,0.049,0.17516589224280552,0.052841238793498356,platt_vol_vegas,platt,2026-09-10T00:20:00Z,2026-09-05 16:47:06,2026-09-05 16:46:57,live
TE,00-0041084,Tanner Koziol,JAX,CLE,2026_01_CLE_JAX,2026,1,NA,NA,12,17,4.565062456059478,1.4797658806652287,-1.9923814979416359,5.515590346902691,-3.3366047223802275,6.82351159518093,0.244,0.0715,0.17495329122305223,0.07744052581416133,platt_vol_vegas,platt,2026-09-13T17:00:00Z,2026-09-05 16:47:06,2026-09-05 16:46:57,live
TE,00-0031484,Chris Manhertz,NYG,DAL,2026_01_DAL_NYG,2026,1,NA,NA,12,17,4.44582060674306,0.7560763995204652,-2.6642918550682904,4.731715789271781,-3.9884690695146,6.020132388370153,0.187,0.0575,0.1742532360124339,0.06212839979150592,platt_vol_vegas,platt,2026-09-14T00:20:00Z,2026-09-05 16:47:06,2026-09-05 16:46:57,live
TE,00-0040194,Jackson Hawes,BUF,HOU,2026_01_BUF_HOU,2026,1,NA,NA,12,17,4.472643373290509,1.098499962936198,-2.3335675350030654,5.08773788045778,-3.662274048728837,6.380561460970935,0.2085,0.0605,0.17357010131846382,0.06540830608115675,platt_vol_vegas,platt,2026-09-13T17:00:00Z,2026-09-05 16:47:06,2026-09-05 16:46:57,live
TE,00-0041398,Riley Nowakowski,PIT,ATL,2026_01_ATL_PIT,2026,1,NA,NA,12,17,4.534689625735563,0.7244750620028761,-2.7345393982622084,4.745034579095778,-4.073678283842247,6.04800879573102,0.2035,0.0525,0.17246025130866438,0.05666414667361906,platt_vol_vegas,platt,2026-09-13T17:00:00Z,2026-09-05 16:47:06,2026-09-05 16:46:57,live
TE,00-0037809,Chig Okonkwo,WAS,PHI,2026_01_WAS_PHI,2026,1,NA,NA,12,17,4.860563322719934,0.45181593756366595,-3.146186907176048,4.633927561010587,-4.539134399927871,5.989257234225317,0.2195,0.0565,0.17241470982131998,0.06103530631949193,platt_vol_vegas,platt,2026-09-13T20:25:00Z,2026-09-05 16:47:06,2026-09-05 16:46:57,live
TE,00-0036637,Noah Gray,KC,DEN,2026_01_DEN_KC,2026,1,NA,NA,12,17,4.5521066499400575,0.6101863613087753,-2.8563636863518616,4.63950481189794,-4.198419934152553,5.945317604721977,0.1805,0.056,0.17168900255285183,0.06048880220568398,platt_vol_vegas,platt,2026-09-15T00:15:00Z,2026-09-05 16:47:06,2026-09-05 16:46:57,live
TE,00-0040363,Keleki Latu,BUF,HOU,2026_01_BUF_HOU,2026,1,NA,NA,12,17,4.457637045120871,0.4877419164397039,-2.937784045085699,4.469376328168732,-4.263958038093831,5.759735780999753,0.1895,0.0455,0.17160700674201845,0.0490204181443333,platt_vol_vegas,platt,2026-09-13T17:00:00Z,2026-09-05 16:47:06,2026-09-05 16:46:57,live
TE,00-0036887,Luke Farrell,SF,LA,2026_01_SF_LA,2026,1,NA,NA,12,17,4.457637045120871,0.6990671918099427,-2.7264587697154603,4.680701603538971,-4.052632762723593,5.971061056369992,0.207,0.0555,0.17103738316757333,0.05994232758805185,platt_vol_vegas,platt,2026-09-11T00:35:00Z,2026-09-05 16:47:06,2026-09-05 16:46:57,live
TE,00-0040187,Mitchell Evans,CAR,CHI,2026_01_CHI_CAR,2026,1,NA,NA,12,17,4.449310143207126,0.7384477805037993,-2.6834442230261204,4.715858288409558,-4.008211348697842,6.004848867641801,0.196,0.048,0.17013931631118928,0.051749346784633304,platt_vol_vegas,platt,2026-09-13T17:00:00Z,2026-09-05 16:47:06,2026-09-05 16:46:57,live
TE,00-0036556,Brevin Jordan,HOU,BUF,2026_01_BUF_HOU,2026,1,NA,NA,12,17,4.565062456059478,0.8764107059267221,-2.5957366726801423,4.912235172164185,-3.939959897118734,6.220156420442423,0.1995,0.0575,0.16953689309746298,0.06212839979150592,platt_vol_vegas,platt,2026-09-13T17:00:00Z,2026-09-05 16:47:06,2026-09-05 16:46:57,live
TE,00-0033217,Mo Alie-Cox,IND,BAL,2026_01_BAL_IND,2026,1,NA,NA,12,17,4.452784469993785,0.13139055231535907,-3.2920180454674477,4.110563862177298,-4.6173723124654105,5.400125726447898,0.165,0.033,0.16873197232661818,0.03539820271580311,platt_vol_vegas,platt,2026-09-13T17:00:00Z,2026-09-05 16:47:06,2026-09-05 16:46:57,live
TE,00-0037292,Andrew Ogletree,IND,BAL,2026_01_BAL_IND,2026,1,NA,NA,12,17,4.449310143207126,0.27063086339884856,-3.151261140131071,4.248041371304607,-4.476028265802793,5.53703195053685,0.1645,0.0395,0.1684526757904276,0.04247644574696996,platt_vol_vegas,platt,2026-09-13T17:00:00Z,2026-09-05 16:47:06,2026-09-05 16:46:57,live
TE,00-0040598,Mark Redman,GB,MIN,2026_01_GB_MIN,2026,1,NA,NA,12,17,4.434126149617666,0.529357843691611,-2.885900108636866,4.499057311935282,-4.208098896987414,5.785548914141954,0.17,0.041,0.16800768503346944,0.044111633346726534,platt_vol_vegas,platt,2026-09-13T20:25:00Z,2026-09-05 16:47:06,2026-09-05 16:46:57,live
TE,00-0033757,Robert Tonyan,PIT,ATL,2026_01_ATL_PIT,2026,1,NA,NA,12,17,4.484335943150793,0.5682466571175676,-2.868911274059046,4.563401401537002,-4.19958852169498,5.858142494490757,0.181,0.0465,0.1677367334727977,0.05011184657662508,platt_vol_vegas,platt,2026-09-13T17:00:00Z,2026-09-05 16:47:06,2026-09-05 16:46:57,live
TE,00-0039359,Cade Stover,HOU,BUF,2026_01_BUF_HOU,2026,1,NA,NA,12,17,4.540574648557078,0.7800036283627576,-2.681558422245501,4.803524317985454,-4.021683593755322,6.107458184997945,0.192,0.0485,0.1674162432403228,0.052295270999154896,platt_vol_vegas,platt,2026-09-13T17:00:00Z,2026-09-05 16:47:06,2026-09-05 16:46:57,live
TE,00-0036590,Quintin Morris,JAX,CLE,2026_01_CLE_JAX,2026,1,NA,NA,12,17,4.457637045120871,1.24479532126386,-2.180730640261543,5.226429732992888,-3.5069046332696754,6.516789185823909,0.224,0.0685,0.1662424540098519,0.07415831568147607,platt_vol_vegas,platt,2026-09-13T17:00:00Z,2026-09-05 16:47:06,2026-09-05 16:46:57,live
TE,00-0040081,Jake Briningstool,KC,DEN,2026_01_DEN_KC,2026,1,NA,NA,12,17,4.457637045120871,0.46869538899174923,-2.9568305725336534,4.450329800720777,-4.283004565541786,5.740689253551799,0.171,0.054,0.16434672127386502,0.058303089062848375,platt_vol_vegas,platt,2026-09-15T00:15:00Z,2026-09-05 16:47:06,2026-09-05 16:46:57,live
TE,00-0040584,Gunnar Helm,TEN,NYJ,2026_01_NYJ_TEN,2026,1,NA,NA,12,17,4.655331981367061,0.7244795583336536,-2.786478214333158,4.805414995049073,-4.145726674557083,6.1279557088943015,0.205,0.064,0.1632642633550155,0.0692358835213144,platt_vol_vegas,platt,2026-09-13T17:00:00Z,2026-09-05 16:47:06,2026-09-05 16:46:57,live
TE,00-0037755,Jelani Woods,NYJ,TEN,2026_01_NYJ_TEN,2026,1,NA,NA,12,17,4.758204398923314,0.7521283178835121,-2.80266380030419,4.884014277380514,-4.178882492160646,6.22306692625027,0.212,0.0545,0.16081069752179591,0.05884947016740101,platt_vol_vegas,platt,2026-09-13T17:00:00Z,2026-09-05 16:47:06,2026-09-05 16:46:57,live
TE,00-0041524,Will Kacmarek,MIA,LV,2026_01_MIA_LV,2026,1,NA,NA,12,17,4.793578744530191,0.7310378622030265,-2.838732534970963,4.8803337119504935,-4.220749987156413,6.225028520329236,0.2155,0.0585,0.15854814223757954,0.06322160164690166,platt_vol_vegas,platt,2026-09-13T20:25:00Z,2026-09-05 16:47:06,2026-09-05 16:46:57,live
TE,00-0037304,Connor Heyward,LV,MIA,2026_01_MIA_LV,2026,1,NA,NA,12,17,4.484335943150793,0.4154532343153906,-3.021704696861223,4.410607978734825,-4.352381944497157,5.7053490716885795,0.175,0.04,0.1583011126643176,0.04302144332118553,platt_vol_vegas,platt,2026-09-13T20:25:00Z,2026-09-05 16:47:06,2026-09-05 16:46:57,live
TE,00-0034981,Foster Moreau,HOU,BUF,2026_01_BUF_HOU,2026,1,NA,NA,12,17,4.402595252495388,1.1204274071398257,-2.281022902846552,5.07407766585724,-3.597876136562711,6.355368075015734,0.207,0.056,0.15824320762163765,0.06048880220568398,platt_vol_vegas,platt,2026-09-13T17:00:00Z,2026-09-05 16:47:06,2026-09-05 16:46:57,live
TE,00-0038115,Daniel Bellinger,TEN,NYJ,2026_01_NYJ_TEN,2026,1,NA,NA,12,17,4.5424525649726055,1.0971795970971996,-2.36519509154743,5.121644850447113,-3.7056348715120295,6.42588482962566,0.215,0.054,0.155772603628494,0.058303089062848375,platt_vol_vegas,platt,2026-09-13T17:00:00Z,2026-09-05 16:47:06,2026-09-05 16:46:57,live
TE,00-0034365,Ian Thomas,LV,MIA,2026_01_MIA_LV,2026,1,NA,NA,12,17,4.434126149617666,0.622713625900176,-2.7925443264283007,4.592413094143846,-4.1147431147788485,5.878904696350519,0.171,0.0495,0.15466117582220762,0.05338724910356462,platt_vol_vegas,platt,2026-09-13T20:25:00Z,2026-09-05 16:47:06,2026-09-05 16:46:57,live
TE,00-0036876,Kylen Granson,TEN,NYJ,2026_01_NYJ_TEN,2026,1,NA,NA,12,17,4.538486461266911,0.6770734194632342,-2.7835848311421296,4.699543583930593,-4.123360101331049,6.003136999026998,0.186,0.048,0.15432359189938935,0.051749346784633304,platt_vol_vegas,platt,2026-09-13T17:00:00Z,2026-09-05 16:47:06,2026-09-05 16:46:57,live
TE,00-0032392,Austin Hooper,ATL,PIT,2026_01_ATL_PIT,2026,1,NA,NA,12,17,4.592537229462235,0.9601349200371453,-2.523859780754303,5.009730032367149,-3.872669632398308,6.32211404179311,0.215,0.0565,0.15356010080936558,0.06103530631949193,platt_vol_vegas,platt,2026-09-13T17:00:00Z,2026-09-05 16:47:06,2026-09-05 16:46:57,live
TE,00-0036422,Adam Trautman,DEN,KC,2026_01_DEN_KC,2026,1,NA,NA,12,17,4.561455082812168,0.6465328961830233,-2.8240566701512155,4.680546651008175,-4.167676795928419,5.987881087855324,0.1975,0.0525,0.15303545311312075,0.05666414667361906,platt_vol_vegas,platt,2026-09-15T00:15:00Z,2026-09-05 16:47:06,2026-09-05 16:46:57,live
TE,00-0036187,Reggie Gilliam,NE,SEA,2026_01_NE_SEA,2026,1,NA,NA,12,17,4.449310143207126,0.6952622963211962,-2.7266297072087236,4.672672804226956,-4.051396832880445,5.961663383459198,0.1665,0.043,0.1505640263836359,0.04629275136441496,platt_vol_vegas,platt,2026-09-10T00:20:00Z,2026-09-05 16:47:06,2026-09-05 16:46:57,live
TE,00-0041314,Tanner Arkin,NE,SEA,2026_01_NE_SEA,2026,1,NA,NA,12,17,4.449310143207126,0.6952622963211962,-2.7266297072087236,4.672672804226956,-4.051396832880445,5.961663383459198,0.1625,0.037,0.15037937056707035,0.03975249597058656,platt_vol_vegas,platt,2026-09-10T00:20:00Z,2026-09-05 16:47:06,2026-09-05 16:46:57,live
TE,00-0039912,Ben Sinnott,WAS,PHI,2026_01_WAS_PHI,2026,1,NA,NA,12,17,4.564702974577282,0.3777481030591311,-3.094244060525484,4.413392156279514,-4.438407194301169,5.721254936698092,0.176,0.0465,0.1497470754550741,0.05011184657662508,platt_vol_vegas,platt,2026-09-13T20:25:00Z,2026-09-05 16:47:06,2026-09-05 16:46:57,live
TE,00-0036628,John Bates,WAS,PHI,2026_01_WAS_PHI,2026,1,NA,NA,12,17,4.538833394861079,0.6765945521148619,-2.7842138692081937,4.6992392663897284,-4.124047277184579,6.002889249209539,0.19,0.057,0.14862447111957292,0.06158183911511638,platt_vol_vegas,platt,2026-09-13T20:25:00Z,2026-09-05 16:47:06,2026-09-05 16:46:57,live
TE,00-0039648,David Martin-Robinson,TEN,NYJ,2026_01_NYJ_TEN,2026,1,NA,NA,12,17,4.441397311935672,0.6113337426779166,-2.807102282612749,4.584727220195305,-4.130531444855562,5.872415968923302,0.172,0.0485,0.14723454787315957,0.052295270999154896,platt_vol_vegas,platt,2026-09-13T17:00:00Z,2026-09-05 16:47:06,2026-09-05 16:46:57,live
TE,00-0037805,Jeremy Ruckert,NYJ,TEN,2026_01_NYJ_TEN,2026,1,NA,NA,12,17,4.576806120367049,0.6712169957670686,-2.80599809791278,4.712931882614406,-4.152183261046115,6.022762085640652,0.172,0.0455,0.14683265601847936,0.0490204181443333,platt_vol_vegas,platt,2026-09-13T17:00:00Z,2026-09-05 16:47:06,2026-09-05 16:46:57,live
TE,00-0034959,Andrew Beck,NYJ,TEN,2026_01_NYJ_TEN,2026,1,NA,NA,12,17,4.5457666916165405,0.6660884266748333,-2.79772004256042,4.692220224141654,-4.138714902986333,5.997000293326575,0.1975,0.053,0.14586115512498177,0.05721042642175668,platt_vol_vegas,platt,2026-09-13T17:00:00Z,2026-09-05 16:47:06,2026-09-05 16:46:57,live
TE,00-0038783,Nate Adkins,DEN,KC,2026_01_DEN_KC,2026,1,NA,NA,12,17,4.457637045120871,0.32140583092724445,-3.1041201305981585,4.303040242656272,-4.4302941236062905,5.593399695487294,0.1745,0.053,0.14520824277898947,0.05721042642175668,platt_vol_vegas,platt,2026-09-15T00:15:00Z,2026-09-05 16:47:06,2026-09-05 16:46:57,live
TE,00-0041133,Dallen Bentley,DEN,KC,2026_01_DEN_KC,2026,1,NA,NA,12,17,4.457637045120871,0.4584182899270896,-2.9671076715983133,4.440052701656118,-4.293281664606446,5.730412154487139,0.1645,0.0475,0.1447710539981276,0.05120346723481726,platt_vol_vegas,platt,2026-09-15T00:15:00Z,2026-09-05 16:47:06,2026-09-05 16:46:57,live
TE,00-0036429,Charlie Woerner,ATL,PIT,2026_01_ATL_PIT,2026,1,NA,NA,12,17,4.4611113719075295,0.6191021667264257,-2.8079391640931637,4.602497956590075,-4.13469982419135,5.8934282330304475,0.1765,0.0485,0.14335869698784487,0.052295270999154896,platt_vol_vegas,platt,2026-09-13T17:00:00Z,2026-09-05 16:47:06,2026-09-05 16:46:57,live
TE,00-0039686,Colson Yankoff,WAS,PHI,2026_01_WAS_PHI,2026,1,NA,NA,12,17,4.449310143207126,0.49017380320798676,-2.931718200321933,4.467584311113746,-4.256485325993655,5.756574890345989,0.1715,0.0445,0.14205427888232547,0.04792919143411586,platt_vol_vegas,platt,2026-09-13T20:25:00Z,2026-09-05 16:47:06,2026-09-05 16:46:57,live
TE,00-0041579,Seydou Traore,MIA,LV,2026_01_MIA_LV,2026,1,NA,NA,12,17,4.534689625735563,0.6915563478611151,-2.767458112403969,4.712115864954017,-4.106596997984007,6.015090081589259,0.193,0.0515,0.140519103215573,0.05557169491281011,platt_vol_vegas,platt,2026-09-13T20:25:00Z,2026-09-05 16:47:06,2026-09-05 16:46:57,live
TE,00-0041077,Justin Joly,MIA,LV,2026_01_MIA_LV,2026,1,NA,NA,12,17,4.534689625735563,0.6915563478611151,-2.767458112403969,4.712115864954017,-4.106596997984007,6.015090081589259,0.1825,0.0535,0.14010680131899192,0.05775674085216733,platt_vol_vegas,platt,2026-09-13T20:25:00Z,2026-09-05 16:47:06,2026-09-05 16:46:57,live
TE,00-0037004,Hunter Long,ARI,LAC,2026_01_ARI_LAC,2026,1,NA,NA,12,17,4.592537229462235,0.7874113741027493,-2.6965833266886987,4.837006486432753,-4.045393178332704,6.1493904958587144,0.1915,0.0545,0.13888429431893878,0.05884947016740101,platt_vol_vegas,platt,2026-09-13T20:25:00Z,2026-09-05 16:47:06,2026-09-05 16:46:57,live
TE,00-0039041,Elijah Higgins,ARI,LAC,2026_01_ARI_LAC,2026,1,NA,NA,12,17,4.601106244005213,0.3498040305391724,-3.137879418739767,4.403686732009931,-4.4881173495651305,5.7174602540343695,0.1615,0.0455,0.13819267153333886,0.0490204181443333,platt_vol_vegas,platt,2026-09-13T20:25:00Z,2026-09-05 16:47:06,2026-09-05 16:46:57,live
TE,00-0038710,Blake Whiteheart,CLE,JAX,2026_01_CLE_JAX,2026,1,NA,NA,12,17,4.457637045120871,0.21014151183663884,-3.215384449688764,4.191775923565666,-4.541558442696896,5.4821353763966885,0.1535,0.029,0.1187058865813621,0.031049782047973696,platt_vol_vegas,platt,2026-09-13T17:00:00Z,2026-09-05 16:47:06,2026-09-05 16:46:57,live
TE,00-0041131,Carsen Ryan,CLE,JAX,2026_01_CLE_JAX,2026,1,NA,NA,12,17,4.457637045120871,0.21014151183663884,-3.215384449688764,4.191775923565666,-4.541558442696896,5.4821353763966885,0.145,0.0375,0.11835866193792008,0.04029714197416743,platt_vol_vegas,platt,2026-09-13T17:00:00Z,2026-09-05 16:47:06,2026-09-05 16:46:57,live
WR,00-0036900,Ja'Marr Chase,CIN,TB,2026_01_TB_CIN,2026,1,NA,NA,15,20,9.97631277298613,2.5289062889264393,-3.9963012800072466,9.037674366590856,-6.113496815322383,10.77233204958833,0.602,0.344,0.5768176473261293,0.33024691358024694,strat_platt,iso,2026-09-13T17:00:00Z,2026-09-05 16:47:06,2026-09-05 16:46:57,live
WR,00-0036963,Amon-Ra St. Brown,DET,NO,2026_01_NO_DET,2026,1,NA,NA,15,20,10.04546997069895,2.6190908623465052,-3.9263463456104173,9.148037612843336,-6.050105672340395,10.88807313223685,0.591,0.3485,0.565413035567398,0.3333333333333333,strat_platt,iso,2026-09-13T17:00:00Z,2026-09-05 16:47:06,2026-09-05 16:46:57,live
WR,00-0038543,Jaxon Smith-Njigba,SEA,NE,2026_01_NE_SEA,2026,1,NA,NA,15,20,9.95236652552683,2.75694517481595,-3.7612396834822333,9.258708234736464,-5.876156601382334,10.991499004102355,0.5905,0.35,0.5648952414602154,0.37662337662337664,strat_platt,iso,2026-09-10T00:20:00Z,2026-09-05 16:47:06,2026-09-05 16:46:57,live
WR,00-0039064,Zay Flowers,BAL,IND,2026_01_BAL_IND,2026,1,NA,NA,15,20,9.712944566237935,2.7096913225583346,-3.737759372778996,9.140898425903332,-5.829725594868597,10.854885263297067,0.5615,0.34,0.5349536123428937,0.33024691358024694,strat_platt,iso,2026-09-13T17:00:00Z,2026-09-05 16:47:06,2026-09-05 16:46:57,live
WR,00-0039075,Puka Nacua,LA,SF,2026_01_SF_LA,2026,1,NA,NA,15,20,8.961165858032768,2.5979140840058528,-3.620953972907397,8.801114435938635,-5.6387533372519485,10.454334987240575,0.526,0.2765,0.5331145062191851,0.2911392405063291,strat_platt,iso,2026-09-11T00:35:00Z,2026-09-05 16:47:06,2026-09-05 16:46:57,live
WR,00-0036322,Justin Jefferson,MIN,GB,2026_01_GB_MIN,2026,1,NA,NA,15,20,9.85007121369675,1.907293667085166,-4.580785553736777,8.379026937134164,-6.685934273372047,10.103814439968225,0.5535,0.299,0.5267256240025695,0.2916666666666667,strat_platt,iso,2026-09-13T20:25:00Z,2026-09-05 16:47:06,2026-09-05 16:46:57,live
WR,00-0037238,Drake London,ATL,PIT,2026_01_ATL_PIT,2026,1,NA,NA,15,20,9.882747343968418,1.6003717176032277,-4.897342807020886,8.081716016442291,-7.005617836735315,9.809064963275164,0.51,0.2695,0.4822339045955999,0.2911392405063291,strat_platt,iso,2026-09-13T17:00:00Z,2026-09-05 16:47:06,2026-09-05 16:46:57,live
WR,00-0037239,Chris Olave,NO,DET,2026_01_NO_DET,2026,1,NA,NA,15,20,9.902199728626142,1.8103575021961118,-4.693084655109598,8.297415003621412,-6.80321809594939,10.026286581256688,0.5065,0.2805,0.4786726809441443,0.2916666666666667,strat_platt,iso,2026-09-13T17:00:00Z,2026-09-05 16:47:06,2026-09-05 16:46:57,live
WR,00-0038117,Wan'Dale Robinson,TEN,NYJ,2026_01_NYJ_TEN,2026,1,NA,NA,15,20,9.533226416425146,1.6095633419521764,-4.784157280893139,7.987175739389025,-6.858690023910924,9.686879003107645,0.489,0.27,0.4609089704600888,0.2911392405063291,strat_platt,iso,2026-09-13T17:00:00Z,2026-09-05 16:47:06,2026-09-05 16:46:57,live
WR,00-0037740,Garrett Wilson,NYJ,TEN,2026_01_NYJ_TEN,2026,1,NA,NA,15,20,9.823849450315395,1.511437358981566,-4.9688970096285425,7.975445289060904,-7.071532802839427,9.698173904533757,0.4855,0.2645,0.45736477848640067,0.2911392405063291,strat_platt,iso,2026-09-13T17:00:00Z,2026-09-05 16:47:06,2026-09-05 16:46:57,live
WR,00-0035676,A.J. Brown,NE,SEA,2026_01_NE_SEA,2026,1,NA,NA,15,20,9.689403344059066,1.511828306337737,-4.928615714109715,7.936046387284284,-7.018308521807889,9.64817057398046,0.4815,0.268,0.45331779158363283,0.2911392405063291,strat_platt,iso,2026-09-10T00:20:00Z,2026-09-05 16:47:06,2026-09-05 16:46:57,live
WR,00-0039067,Rashee Rice,KC,DEN,2026_01_DEN_KC,2026,1,NA,NA,15,20,9.068958388975169,1.892249919638227,-4.360026523272397,8.128774489078092,-6.388665709174884,9.790876307808642,0.466,0.241,0.43767142413294863,0.2624254473161034,strat_platt,iso,2026-09-15T00:15:00Z,2026-09-05 16:47:06,2026-09-05 16:46:57,live
WR,00-0039337,Malik Nabers,NYG,DAL,2026_01_DAL_NYG,2026,1,NA,NA,15,20,9.063980210675682,1.6740846162428988,-4.576653770803889,7.909075004769367,-6.604793912810287,9.570767947553382,0.4635,0.2415,0.4351531696300296,0.2624254473161034,strat_platt,iso,2026-09-14T00:20:00Z,2026-09-05 16:47:06,2026-09-05 16:46:57,live
WR,00-0036358,CeeDee Lamb,DAL,NYG,2026_01_DAL_NYG,2026,1,NA,NA,15,20,8.077700904789676,2.0851797739045903,-3.8510865283025995,8.006490352938801,-5.777191771500033,9.584584205227618,0.42,0.2075,0.42262728474974337,0.22448979591836735,strat_platt,iso,2026-09-14T00:20:00Z,2026-09-05 16:47:06,2026-09-05 16:46:57,live
WR,00-0037247,George Pickens,DAL,NYG,2026_01_DAL_NYG,2026,1,NA,NA,15,20,7.80078138864244,2.221167006956272,-3.6230336979633972,8.050643937122507,-5.519266960925096,9.60426312037016,0.411,0.182,0.4132367521983082,0.22264875239923224,strat_platt,iso,2026-09-14T00:20:00Z,2026-09-05 16:47:06,2026-09-05 16:46:57,live
WR,00-0039919,Rome Odunze,CHI,CAR,2026_01_CHI_CAR,2026,1,NA,NA,15,20,7.802083667314162,1.923193649808475,-3.9214442006341788,7.75310662416108,-5.817819301620149,9.30684201794028,0.382,0.183,0.3829877278829394,0.22264875239923224,strat_platt,iso,2026-09-13T17:00:00Z,2026-09-05 16:47:06,2026-09-05 16:46:57,live
WR,00-0036912,DeVonta Smith,PHI,WAS,2026_01_WAS_PHI,2026,1,NA,NA,15,20,7.3895490267228325,1.9706135334408168,-3.7334744357658805,7.660330725415022,-5.584246147449944,9.176702414092933,0.3745,0.1605,0.37516863578997267,0.1778975741239892,strat_platt,iso,2026-09-13T20:25:00Z,2026-09-05 16:47:06,2026-09-05 16:46:57,live
WR,00-0031381,Davante Adams,LA,SF,2026_01_SF_LA,2026,1,NA,NA,15,20,7.543026901958908,1.986168177961072,-3.7707034327491256,7.728536029276218,-5.638601540635653,9.258939692922489,0.364,0.16,0.3642257953182703,0.1778975741239892,strat_platt,iso,2026-09-11T00:35:00Z,2026-09-05 16:47:06,2026-09-05 16:46:57,live
WR,00-0036554,Nico Collins,HOU,BUF,2026_01_BUF_HOU,2026,1,NA,NA,15,20,7.764066455572878,1.5087020564246376,-4.32315766029113,7.325869090051978,-6.215386715746685,8.87620755160955,0.359,0.157,0.3590167549779529,0.1778975741239892,strat_platt,iso,2026-09-13T17:00:00Z,2026-09-05 16:47:06,2026-09-05 16:46:57,live
WR,00-0036613,Jaylen Waddle,DEN,KC,2026_01_DEN_KC,2026,1,NA,NA,15,20,7.840203885636542,1.4196243702826905,-4.437791777728671,7.262283448789602,-6.338312977405846,8.81941581834605,0.359,0.15,0.3590167549779529,0.1778975741239892,strat_platt,iso,2026-09-15T00:15:00Z,2026-09-05 16:47:06,2026-09-05 16:46:57,live
WR,00-0040129,Emeka Egbuka,TB,CIN,2026_01_TB_CIN,2026,1,NA,NA,15,20,7.712872869288881,1.5238849729859734,-4.290713157668391,7.32383390908317,-6.177341448312161,8.869583559853375,0.3545,0.154,0.3543297490652536,0.1778975741239892,strat_platt,iso,2026-09-13T17:00:00Z,2026-09-05 16:47:06,2026-09-05 16:46:57,live
WR,00-0035640,DK Metcalf,PIT,ATL,2026_01_ATL_PIT,2026,1,NA,NA,15,20,7.679946635152878,1.805827500886908,-3.9976350417962108,7.594668903814075,-5.8806502340233004,9.137458275846026,0.351,0.1575,0.3506850911187548,0.1778975741239892,strat_platt,iso,2026-09-13T17:00:00Z,2026-09-05 16:47:06,2026-09-05 16:46:57,live
WR,00-0034960,Jakobi Meyers,JAX,CLE,2026_01_CLE_JAX,2026,1,NA,NA,15,20,7.484148932031186,1.8162396852872444,-3.9204535088891994,7.538479957210434,-5.7818044452193185,9.063519401419818,0.347,0.159,0.3465206660182842,0.1778975741239892,strat_platt,iso,2026-09-13T17:00:00Z,2026-09-05 16:47:06,2026-09-05 16:46:57,live
WR,00-0040124,Tetairoa McMillan,CAR,CHI,2026_01_CHI_CAR,2026,1,NA,NA,15,20,7.5959088672506345,1.4669326402957987,-4.307988487163156,7.2273045347299565,-6.18174301507485,8.762506472235236,0.337,0.1425,0.3361141446088244,0.1778975741239892,strat_platt,iso,2026-09-13T17:00:00Z,2026-09-05 16:47:06,2026-09-05 16:46:57,live
WR,00-0031235,Odell Beckham Jr.,NYG,DAL,2026_01_DAL_NYG,2026,1,NA,NA,15,20,7.166145633982679,1.3273944297639653,-4.298768200660149,6.939382606660702,-6.124255938215347,8.435038665040054,0.318,0.125,0.3163622827120589,0.14439140811455847,strat_platt,iso,2026-09-14T00:20:00Z,2026-09-05 16:47:06,2026-09-05 16:46:57,live
WR,00-0036252,Michael Pittman,PIT,ATL,2026_01_ATL_PIT,2026,1,NA,NA,15,20,7.2430954389725,1.6180498053250807,-4.035103115725317,7.25696027399252,-5.869348233364923,8.759791416766753,0.3155,0.1315,0.3137656094249678,0.1778975741239892,strat_platt,iso,2026-09-13T17:00:00Z,2026-09-05 16:47:06,2026-09-05 16:46:57,live
WR,00-0034348,Courtland Sutton,DEN,KC,2026_01_DEN_KC,2026,1,NA,NA,15,20,7.384763104311445,1.4207286574987275,-4.281703668805159,7.108794377767246,-6.13193818382155,8.624725931223201,0.3145,0.129,0.31272709906741775,0.1778975741239892,strat_platt,iso,2026-09-15T00:15:00Z,2026-09-05 16:47:06,2026-09-05 16:46:57,live
WR,00-0038544,Quentin Johnston,LAC,ARI,2026_01_ARI_LAC,2026,1,NA,NA,15,20,6.900186585864956,1.8134784738126668,-3.7181457180299016,7.331166390579538,-5.51295912714941,8.80169040111342,0.313,0.116,0.3111695067664006,0.14439140811455847,strat_platt,iso,2026-09-13T20:25:00Z,2026-09-05 16:47:06,2026-09-05 16:46:57,live
WR,00-0035719,Deebo Samuel Sr.,SF,LA,2026_01_SF_LA,2026,1,NA,NA,15,20,7.1418639295123105,1.3109771120463496,-4.306635490431227,6.914436801784069,-6.129349050950061,8.407819925316426,0.305,0.114,0.3028659844578948,0.14439140811455847,strat_platt,iso,2026-09-11T00:35:00Z,2026-09-05 16:47:06,2026-09-05 16:46:57,live
WR,00-0039915,Ladd McConkey,LAC,ARI,2026_01_ARI_LAC,2026,1,NA,NA,15,20,6.911381021855113,1.591094528452991,-3.9445490042129387,7.112791659787824,-5.7406665450947285,8.584384169732058,0.3015,0.114,0.29923520280537086,0.14439140811455847,strat_platt,iso,2026-09-13T20:25:00Z,2026-09-05 16:47:06,2026-09-05 16:46:57,live
WR,00-0037240,Jameson Williams,DET,NO,2026_01_NO_DET,2026,1,NA,NA,15,20,6.577184687219098,1.8727643934720568,-3.5412984715888616,7.27318716536181,-5.297967451805778,8.712458735790023,0.299,0.11,0.2966425700627347,0.14439140811455847,strat_platt,iso,2026-09-13T17:00:00Z,2026-09-05 16:47:06,2026-09-05 16:46:57,live
WR,00-0031408,Mike Evans,SF,LA,2026_01_SF_LA,2026,1,NA,NA,15,20,7.124818784837755,1.2336066119779363,-4.377994498134699,6.831069954597085,-6.198757545254352,8.322854986220952,0.2965,0.1245,0.294050606979808,0.14439140811455847,strat_platt,iso,2026-09-11T00:35:00Z,2026-09-05 16:47:06,2026-09-05 16:46:57,live
WR,00-0039893,Brian Thomas Jr.,JAX,CLE,2026_01_CLE_JAX,2026,1,NA,NA,15,20,6.868008324770352,1.6643883416133016,-3.855662225626255,7.170531792160034,-5.646720409172009,8.637979076532234,0.2935,0.115,0.2909411570531479,0.14439140811455847,strat_platt,iso,2026-09-13T17:00:00Z,2026-09-05 16:47:06,2026-09-05 16:46:57,live
WR,00-0036410,Tee Higgins,CIN,TB,2026_01_TB_CIN,2026,1,NA,NA,15,20,6.519925085717848,1.779779341322188,-3.613112906942048,7.159084833288655,-5.362912782247237,8.592728418293843,0.293,0.108,0.2904230132144639,0.14439140811455847,strat_platt,iso,2026-09-13T17:00:00Z,2026-09-05 16:47:06,2026-09-05 16:46:57,live
WR,00-0036259,Jauan Jennings,MIN,GB,2026_01_GB_MIN,2026,1,NA,NA,15,20,6.995773976836044,1.4115228179966426,-4.154306874947054,6.963330059136811,-5.960218740851188,8.442947241751277,0.288,0.1155,0.28524315125532,0.14439140811455847,strat_platt,iso,2026-09-13T20:25:00Z,2026-09-05 16:47:06,2026-09-05 16:46:57,live
WR,00-0040867,Makai Lemon,PHI,WAS,2026_01_WAS_PHI,2026,1,NA,NA,15,20,6.943155468448795,1.4794673396379343,-4.067565212662668,7.012524797315025,-5.867378081435167,8.487144958135094,0.286,0.1135,0.2831720268514541,0.14439140811455847,strat_platt,iso,2026-09-13T20:25:00Z,2026-09-05 16:47:06,2026-09-05 16:46:57,live
WR,00-0037664,Alec Pierce,IND,BAL,2026_01_BAL_IND,2026,1,NA,NA,15,20,6.855035678416154,1.6649685117498252,-3.8504076922479578,7.16644937556195,-5.6399492127785695,8.632654029715141,0.285,0.105,0.28213664455413134,0.14439140811455847,strat_platt,iso,2026-09-13T17:00:00Z,2026-09-05 16:47:06,2026-09-05 16:46:57,live
WR,00-0035659,Terry McLaurin,WAS,PHI,2026_01_WAS_PHI,2026,1,NA,NA,15,20,7.224824356403832,1.2583688750020419,-4.388389812173562,6.890901219313173,-6.220560230538325,8.392032522381065,0.2845,0.11,0.2816189988346518,0.14439140811455847,strat_platt,iso,2026-09-13T20:25:00Z,2026-09-05 16:47:06,2026-09-05 16:46:57,live
WR,00-0038124,Christian Watson,GB,MIN,2026_01_GB_MIN,2026,1,NA,NA,15,20,6.528342552338688,1.566596201437543,-3.8294146562447526,6.949012445853267,-5.580226408316552,8.383485080314761,0.2745,0.098,0.27127265567048525,0.11428571428571428,strat_platt,iso,2026-09-13T20:25:00Z,2026-09-05 16:47:06,2026-09-05 16:46:57,live
WR,00-0038994,Jordan Addison,MIN,GB,2026_01_GB_MIN,2026,1,NA,NA,15,20,6.78724382398704,1.6559102786848545,-3.834959062255514,7.132946021592135,-5.616548985767701,8.592635784404381,0.2715,0.101,0.26817128685720826,0.14439140811455847,strat_platt,iso,2026-09-13T20:25:00Z,2026-09-05 16:47:06,2026-09-05 16:46:57,live
WR,00-0041438,Carnell Tate,TEN,NYJ,2026_01_NYJ_TEN,2026,1,NA,NA,15,20,6.942043481597487,1.0721244985238423,-4.474509966982935,6.604784872339859,-6.274193670886171,8.079299205980009,0.2635,0.1005,0.2599070231717433,0.14439140811455847,strat_platt,iso,2026-09-13T17:00:00Z,2026-09-05 16:47:06,2026-09-05 16:46:57,live
WR,00-0038563,Tre Tucker,LV,MIA,2026_01_MIA_LV,2026,1,NA,NA,15,20,6.672536228330042,1.3267895347169583,-4.122303164033093,6.762153886759232,-5.890338067357586,8.21073776940143,0.252,0.0895,0.24804351661630736,0.11336717428087986,strat_platt,iso,2026-09-13T20:25:00Z,2026-09-05 16:47:06,2026-09-05 16:46:57,live
WR,00-0041511,Omar Cooper Jr.,NYJ,TEN,2026_01_NYJ_TEN,2026,1,NA,NA,15,20,6.873107312113025,1.1202380422372977,-4.4016484812286905,6.628212823535174,-6.193302366640565,8.096148177526644,0.247,0.0925,0.2428918850128305,0.11336717428087986,strat_platt,iso,2026-09-13T17:00:00Z,2026-09-05 16:47:06,2026-09-05 16:46:57,live
WR,00-0037816,Romeo Doubs,NE,SEA,2026_01_NE_SEA,2026,1,NA,NA,15,20,6.817915119181447,1.216575364410454,-4.285398353844714,6.704687508462889,-6.070591249036344,8.167329252989209,0.245,0.0805,0.24083237265917895,0.08568075117370892,strat_platt,iso,2026-09-10T00:20:00Z,2026-09-05 16:47:06,2026-09-05 16:46:57,live
WR,00-0033908,Cooper Kupp,SEA,NE,2026_01_NE_SEA,2026,1,NA,NA,15,20,5.97275618842982,1.442265740059504,-3.7429201782046597,6.614388193639621,-5.425326808178237,7.992815239195979,0.2365,0.076,0.23208700007892144,0.08568075117370892,strat_platt,iso,2026-09-10T00:20:00Z,2026-09-05 16:47:06,2026-09-05 16:46:57,live
WR,00-0033921,Chris Godwin Jr.,TB,CIN,2026_01_TB_CIN,2026,1,NA,NA,15,20,6.22223318686375,1.4892407525351476,-3.7918955485304604,6.757071853238006,-5.505434632136037,8.161006297134533,0.235,0.0805,0.2305450067446271,0.08568075117370892,strat_platt,iso,2026-09-13T17:00:00Z,2026-09-05 16:47:06,2026-09-05 16:46:57,live
WR,00-0038606,Parker Washington,JAX,CLE,2026_01_CLE_JAX,2026,1,NA,NA,15,20,6.207752305053023,1.5246815324359098,-3.7509440229690982,6.787015771152246,-5.462695067499194,8.189485241375795,0.234,0.0875,0.22951723504099836,0.10204081632653061,strat_platt,iso,2026-09-13T17:00:00Z,2026-09-05 16:47:06,2026-09-05 16:46:57,live
WR,00-0030279,Keenan Allen,IND,BAL,2026_01_BAL_IND,2026,1,NA,NA,15,20,6.536644982948098,1.345487207737241,-4.053597466108111,6.730969524198545,-5.805406561143801,8.16625930030144,0.233,0.0845,0.2284896439456621,0.10204081632653061,strat_platt,iso,2026-09-13T17:00:00Z,2026-09-05 16:47:06,2026-09-05 16:46:57,live
WR,00-0035535,Darius Slayton,NYG,DAL,2026_01_DAL_NYG,2026,1,NA,NA,15,20,6.156090643861706,1.4499370170759365,-3.8059705047591903,6.692602899483581,-5.511323755472257,8.089830538230618,0.2265,0.092,0.22181479574854984,0.11336717428087986,strat_platt,iso,2026-09-14T00:20:00Z,2026-09-05 16:47:06,2026-09-05 16:46:57,live
WR,00-0037261,Khalil Shakir,BUF,HOU,2026_01_BUF_HOU,2026,1,NA,NA,15,20,6.221403371508847,1.2184204614967378,-4.06240024200459,6.485936759746176,-5.775836925533695,7.889787305355356,0.2255,0.077,0.2207886016776676,0.08568075117370892,strat_platt,iso,2026-09-13T17:00:00Z,2026-09-05 16:47:06,2026-09-05 16:46:57,live
WR,00-0032951,Laquon Treadwell,IND,BAL,2026_01_BAL_IND,2026,1,NA,NA,15,20,6.291554425099074,1.0737237450775716,-4.233695432663898,6.367771505846768,-5.955762365930272,7.778692975592728,0.2175,0.07,0.2125860792940313,0.08280254777070063,strat_platt,iso,2026-09-13T17:00:00Z,2026-09-05 16:47:06,2026-09-05 16:46:57,live
WR,00-0039901,Keon Coleman,BUF,HOU,2026_01_BUF_HOU,2026,1,NA,NA,15,20,6.073824313406203,1.3341065533305376,-3.890212418523278,6.545263469384846,-5.585316319115144,7.934093624934459,0.213,0.073,0.2079778321167638,0.08280254777070063,strat_platt,iso,2026-09-13T17:00:00Z,2026-09-05 16:47:06,2026-09-05 16:46:57,live
WR,00-0034827,DJ Moore,BUF,HOU,2026_01_BUF_HOU,2026,1,NA,NA,15,20,5.923881743245236,1.2945056245454654,-3.8716252369587707,6.447621028334923,-5.547849185282591,7.820982487814612,0.211,0.0635,0.20593107861773985,0.0681265206812652,strat_platt,iso,2026-09-13T17:00:00Z,2026-09-05 16:47:06,2026-09-05 16:46:57,live
WR,00-0040170,Elic Ayomanor,TEN,NYJ,2026_01_NYJ_TEN,2026,1,NA,NA,15,20,6.291380295586505,0.8611545477011616,-4.446198810289862,6.155136654545016,-6.168244387410811,7.566040626803793,0.209,0.067,0.20388517666573064,0.0681265206812652,strat_platt,iso,2026-09-13T17:00:00Z,2026-09-05 16:47:06,2026-09-05 16:46:57,live
WR,00-0036040,Juwan Johnson,NO,DET,2026_01_NO_DET,2026,1,NA,NA,15,20,6.198131136970819,1.2299852635631812,-4.041975001849308,6.488663446553065,-5.752536791397731,7.890158538049382,0.208,0.064,0.20286254879677962,0.0681265206812652,strat_platt,iso,2026-09-13T17:00:00Z,2026-09-05 16:47:06,2026-09-05 16:46:57,live
WR,00-0036309,Darnell Mooney,NYG,DAL,2026_01_DAL_NYG,2026,1,NA,NA,15,20,6.156090643861706,1.1052526094653248,-4.150654912369802,6.347918491872969,-5.856008163082869,7.745146130620007,0.205,0.0705,0.19979597598410764,0.08280254777070063,strat_platt,iso,2026-09-14T00:20:00Z,2026-09-05 16:47:06,2026-09-05 16:46:57,live
WR,00-0038559,Michael Wilson,ARI,LAC,2026_01_ARI_LAC,2026,1,NA,NA,15,20,6.731133189026472,0.4247065161673415,-5.045776363154731,5.881407158743189,-6.820751611951493,7.3356773955247725,0.2045,0.0595,0.19928507370312848,0.06790123456790123,strat_platt,iso,2026-09-13T20:25:00Z,2026-09-05 16:47:06,2026-09-05 16:46:57,live
WR,00-0031588,Stefon Diggs,WAS,PHI,2026_01_WAS_PHI,2026,1,NA,NA,15,20,6.201892157556718,1.1122374048349533,-4.161156036389164,6.372345152918952,-5.872182840022985,7.774221239104935,0.202,0.074,0.19673140198364322,0.08568075117370892,strat_platt,iso,2026-09-13T20:25:00Z,2026-09-05 16:47:06,2026-09-05 16:46:57,live
WR,00-0041547,KC Concepcion,CLE,JAX,2026_01_CLE_JAX,2026,1,NA,NA,15,20,6.884111127232848,-0.09254943527324427,-5.618395464475244,5.419374876252693,-7.4113340673122385,6.888362823126962,0.1955,0.0685,0.19009855313365387,0.08280254777070063,strat_platt,iso,2026-09-13T17:00:00Z,2026-09-05 16:47:06,2026-09-05 16:46:57,live
WR,00-0036407,Jerry Jeudy,CLE,JAX,2026_01_CLE_JAX,2026,1,NA,NA,15,20,6.949160415683035,-0.08105706430537227,-5.630238755576252,5.4541441178397045,-7.430748942768828,6.92933560461182,0.1945,0.0565,0.18907899386826985,0.06790123456790123,strat_platt,iso,2026-09-13T17:00:00Z,2026-09-05 16:47:06,2026-09-05 16:46:57,live
WR,00-0040718,Travis Hunter,JAX,CLE,2026_01_CLE_JAX,2026,1,NA,NA,15,20,5.8236734824504275,1.1821249195171044,-3.9446637887361344,6.295997287972972,-5.608122621110348,7.658900050517499,0.194,0.064,0.18856930379578676,0.0681265206812652,strat_platt,iso,2026-09-13T17:00:00Z,2026-09-05 16:47:06,2026-09-05 16:46:57,live
WR,00-0038619,Andrei Iosivas,CIN,TB,2026_01_TB_CIN,2026,1,NA,NA,15,20,5.614742892201602,1.441647283531332,-3.6018951271165855,6.472483083615506,-5.238343525300075,7.813255695019758,0.1925,0.066,0.1870405943491706,0.0681265206812652,strat_platt,iso,2026-09-13T17:00:00Z,2026-09-05 16:47:06,2026-09-05 16:46:57,live
WR,00-0039868,Troy Franklin,DEN,KC,2026_01_DEN_KC,2026,1,NA,NA,15,20,5.859025149561355,0.9183409517024249,-4.222369305248389,6.046099795155016,-5.890345180250871,7.412703454744174,0.1915,0.059,0.18602175748418723,0.06790123456790123,strat_platt,iso,2026-09-15T00:15:00Z,2026-09-05 16:47:06,2026-09-05 16:46:57,live
WR,00-0039894,Xavier Worthy,KC,DEN,2026_01_DEN_KC,2026,1,NA,NA,15,20,5.840000133749798,1.2185235955222053,-3.91470035617406,6.33881499458384,-5.580247193955352,7.70342849879635,0.188,0.068,0.18245776296468075,0.08280254777070063,strat_platt,iso,2026-09-15T00:15:00Z,2026-09-05 16:47:06,2026-09-05 16:46:57,live
WR,00-0038359,Xavier Smith,LA,SF,2026_01_SF_LA,2026,1,NA,NA,15,20,5.120931790230529,1.8693604783674158,-2.970368723165126,6.6968965526907915,-4.540687053941758,7.983487569815717,0.187,0.0585,0.18144003871862305,0.06790123456790123,strat_platt,iso,2026-09-11T00:35:00Z,2026-09-05 16:47:06,2026-09-05 16:46:57,live
WR,00-0031610,Darren Waller,CAR,CHI,2026_01_CHI_CAR,2026,1,NA,NA,15,20,5.694866507457293,1.5323607075168448,-3.5433050187898205,6.595238892352705,-5.190176279353354,7.94455114877547,0.1855,0.0585,0.17991392555418764,0.06790123456790123,strat_platt,iso,2026-09-13T17:00:00Z,2026-09-05 16:47:06,2026-09-05 16:46:57,live
WR,00-0038608,Kayshon Boutte,HOU,BUF,2026_01_BUF_HOU,2026,1,NA,NA,15,20,5.424804238773875,1.4002902196729186,-3.5660763135612688,6.3541445778689045,-5.177483910916857,7.674400795383226,0.1855,0.053,0.17991392555418764,0.057534246575342465,strat_platt,iso,2026-09-13T17:00:00Z,2026-09-05 16:47:06,2026-09-05 16:46:57,live
WR,00-0036550,Rashod Bateman,BAL,IND,2026_01_BAL_IND,2026,1,NA,NA,15,20,5.4887183032128455,1.1835579434834664,-3.8089422640464803,6.163480135263498,-5.428829300248395,7.49068371474649,0.1835,0.062,0.1778800007267394,0.06790123456790123,strat_platt,iso,2026-09-13T17:00:00Z,2026-09-05 16:47:06,2026-09-05 16:46:57,live
WR,00-0040648,Tory Horton,SEA,NE,2026_01_NE_SEA,2026,1,NA,NA,15,20,5.171312814689506,1.3790637265455004,-3.4819429184294073,6.227823638300704,-5.059165015528135,7.520071039586888,0.1835,0.0495,0.1778800007267394,0.05660377358490566,strat_platt,iso,2026-09-10T00:20:00Z,2026-09-05 16:47:06,2026-09-05 16:46:57,live
WR,00-0039491,Jalen Coker,CAR,CHI,2026_01_CHI_CAR,2026,1,NA,NA,15,20,5.563813985367301,1.3088617078896363,-3.7141305003004774,6.319199079328611,-5.343911095746069,7.654508635925182,0.1805,0.0515,0.17483105602189292,0.057534246575342465,strat_platt,iso,2026-09-13T17:00:00Z,2026-09-05 16:47:06,2026-09-05 16:46:57,live
WR,00-0040075,LaJohntay Wester,BAL,IND,2026_01_BAL_IND,2026,1,NA,NA,15,20,5.26017651192033,1.1967143353000655,-3.7015450919244945,6.082633175311454,-5.290854379112398,7.3847838362655835,0.178,0.059,0.17229208124605994,0.06790123456790123,strat_platt,iso,2026-09-13T17:00:00Z,2026-09-05 16:47:06,2026-09-05 16:46:57,live
WR,00-0037801,KaVontae Turpin,DAL,NYG,2026_01_DAL_NYG,2026,1,NA,NA,15,20,5.134174520970828,1.4383647461786844,-3.4069684162323526,6.271490662861724,-4.979105031075305,7.559571433943194,0.1775,0.0505,0.17178448683763647,0.057534246575342465,strat_platt,iso,2026-09-14T00:20:00Z,2026-09-05 16:47:06,2026-09-05 16:46:57,live
WR,00-0037545,Rashid Shaheed,SEA,NE,2026_01_NE_SEA,2026,1,NA,NA,15,20,5.694866507457293,1.176571562771389,-3.8990941635352763,6.2394497476072495,-5.54596542409881,7.5887620040300146,0.176,0.05,0.1702621090036078,0.057534246575342465,strat_platt,iso,2026-09-10T00:20:00Z,2026-09-05 16:47:06,2026-09-05 16:46:57,live
WR,00-0033555,Mack Hollins,NE,SEA,2026_01_NE_SEA,2026,1,NA,NA,15,20,5.72380230209979,1.021344025228415,-4.06586133934284,6.095732775570566,-5.716476798133761,7.44811272324502,0.175,0.053,0.16924753068847,0.057534246575342465,strat_platt,iso,2026-09-10T00:20:00Z,2026-09-05 16:47:06,2026-09-05 16:46:57,live
WR,00-0038104,Tyquan Thornton,KC,DEN,2026_01_DEN_KC,2026,1,NA,NA,15,20,5.40667657272459,1.3877907009435861,-3.5711327523382654,6.334220731149776,-5.180125337531008,7.6524982842786216,0.175,0.05,0.16924753068847,0.057534246575342465,strat_platt,iso,2026-09-15T00:15:00Z,2026-09-05 16:47:06,2026-09-05 16:46:57,live
WR,00-0039146,Jayden Reed,GB,MIN,2026_01_GB_MIN,2026,1,NA,NA,15,20,5.420756194220994,1.2728097197533474,-3.691895909457074,6.225007358377464,-5.302764603100166,7.544822042056255,0.175,0.044,0.16924753068847,0.05199698568198945,strat_platt,iso,2026-09-13T20:25:00Z,2026-09-05 16:47:06,2026-09-05 16:46:57,live
WR,00-0039849,Marvin Harrison Jr.,ARI,LAC,2026_01_ARI_LAC,2026,1,NA,NA,15,20,6.268297868788973,0.5131057199426837,-4.785513723184199,5.79837591599133,-6.504725458567419,7.206958069003489,0.1715,0.054,0.16569868094723886,0.057534246575342465,strat_platt,iso,2026-09-13T20:25:00Z,2026-09-05 16:47:06,2026-09-05 16:46:57,live
WR,00-0040735,Luther Burden III,CHI,CAR,2026_01_CHI_CAR,2026,1,NA,NA,15,20,5.1749398613734225,1.3995914203313582,-3.4629426134832073,6.249874872850088,-5.040660293411731,7.542528314366818,0.1705,0.049,0.16468535332335701,0.05199698568198945,strat_platt,iso,2026-09-13T17:00:00Z,2026-09-05 16:47:06,2026-09-05 16:46:57,live
WR,00-0040024,Darius Cooper,PHI,WAS,2026_01_WAS_PHI,2026,1,NA,NA,15,20,5.141866063244563,1.3790888866213045,-3.469495463942283,6.2154578004716,-5.042686972590273,7.504402865669099,0.17,0.049,0.16417879567722185,0.05199698568198945,strat_platt,iso,2026-09-13T20:25:00Z,2026-09-05 16:47:06,2026-09-05 16:46:57,live
WR,00-0040727,Tre Harris,LAC,ARI,2026_01_ARI_LAC,2026,1,NA,NA,15,20,5.131314564330272,1.422602902330847,-3.4215206807994374,6.254522287125544,-4.9932648306018885,7.542281504299284,0.1685,0.0475,0.16265955046474764,0.05199698568198945,strat_platt,iso,2026-09-13T20:25:00Z,2026-09-05 16:47:06,2026-09-05 16:46:57,live
WR,00-0040669,Isaac TeSlaa,DET,NO,2026_01_NO_DET,2026,1,NA,NA,15,20,5.131965286478381,1.4612577134602174,-3.38314111633458,6.293451651467905,-4.954974573795534,7.5812840400674215,0.1675,0.05,0.16164707933613293,0.057534246575342465,strat_platt,iso,2026-09-13T17:00:00Z,2026-09-05 16:47:06,2026-09-05 16:46:57,live
WR,00-0038393,Dontayvion Wicks,PHI,WAS,2026_01_WAS_PHI,2026,1,NA,NA,15,20,5.176379510643691,1.2893365501815788,-3.5738035718053913,6.140224563905011,-5.151717905581179,7.433039127576664,0.166,0.0535,0.1601289163638632,0.057534246575342465,strat_platt,iso,2026-09-13T20:25:00Z,2026-09-05 16:47:06,2026-09-05 16:46:57,live
WR,00-0040277,Jahdae Walker,CHI,CAR,2026_01_CHI_CAR,2026,1,NA,NA,15,20,5.142965096036106,1.4414908451204276,-3.4075578435539393,6.278322927236369,-4.980900013244453,7.567391431828379,0.1655,0.0525,0.15962300808266103,0.057534246575342465,strat_platt,iso,2026-09-13T17:00:00Z,2026-09-05 16:47:06,2026-09-05 16:46:57,live
WR,00-0037291,Jalen Nailor,LV,MIA,2026_01_MIA_LV,2026,1,NA,NA,15,20,5.490931158309108,1.0453082454218472,-3.9480937552183186,6.02612995835066,-5.568273390901027,7.3535732700307666,0.1645,0.048,0.15861141217491662,0.05199698568198945,strat_platt,iso,2026-09-13T20:25:00Z,2026-09-05 16:47:06,2026-09-05 16:46:57,live
WR,00-0038573,Derius Davis,LAC,ARI,2026_01_ARI_LAC,2026,1,NA,NA,15,20,5.149727819527364,1.1376587083522287,-3.714246006487624,5.977339621212403,-5.288514854108675,7.2671673702695845,0.1645,0.0415,0.15861141217491662,0.05199698568198945,strat_platt,iso,2026-09-13T20:25:00Z,2026-09-05 16:47:06,2026-09-05 16:46:57,live
WR,00-0035662,Marquise Brown,PHI,WAS,2026_01_WAS_PHI,2026,1,NA,NA,15,20,5.192479702845727,1.293346798315115,-3.5765651296447105,6.150989557244523,-5.156676671282514,7.44560433418671,0.1635,0.047,0.15760011225653453,0.05199698568198945,strat_platt,iso,2026-09-13T20:25:00Z,2026-09-05 16:47:06,2026-09-05 16:46:57,live
WR,00-0039739,Roman Wilson,PIT,ATL,2026_01_ATL_PIT,2026,1,NA,NA,15,20,5.257637829858518,1.1745143963309652,-3.722685624157442,6.059376498656587,-5.311651171902858,7.361245527491759,0.1635,0.044,0.15760011225653453,0.05199698568198945,strat_platt,iso,2026-09-13T17:00:00Z,2026-09-05 16:47:06,2026-09-05 16:46:57,live
WR,00-0039792,Devontez Walker,BAL,IND,2026_01_BAL_IND,2026,1,NA,NA,15,20,5.2760510850556095,1.1316177751621457,-3.7732598133416104,6.024138102775544,-5.364716456205834,7.32804813217719,0.163,0.0465,0.15709457396663956,0.05199698568198945,strat_platt,iso,2026-09-13T17:00:00Z,2026-09-05 16:47:06,2026-09-05 16:46:57,live
WR,00-0040870,Ja'Kobi Lane,BAL,IND,2026_01_BAL_IND,2026,1,NA,NA,15,20,5.292151277257646,1.1696782727631536,-3.7419003222424996,6.068882724482492,-5.335531201082829,7.374574145861256,0.163,0.041,0.15709457396663956,0.05199698568198945,strat_platt,iso,2026-09-13T17:00:00Z,2026-09-05 16:47:06,2026-09-05 16:46:57,live
WR,00-0037524,Tay Martin,DET,NO,2026_01_NO_DET,2026,1,NA,NA,15,20,5.115865094276344,1.1272054281314638,-3.7103775711983875,5.9526007073556,-5.279999536430564,7.238621179237201,0.161,0.0425,0.15507317161862508,0.05199698568198945,strat_platt,iso,2026-09-13T17:00:00Z,2026-09-05 16:47:06,2026-09-05 16:46:57,live
WR,00-0040237,Tez Johnson,TB,CIN,2026_01_TB_CIN,2026,1,NA,NA,15,20,5.0874249175253325,1.3630683837322906,-3.4624458068499093,6.176425260149728,-5.028151877035505,7.459237366382025,0.16,0.0365,0.15406292478143896,0.043859649122807015,strat_platt,iso,2026-09-13T17:00:00Z,2026-09-05 16:47:06,2026-09-05 16:46:57,live
WR,00-0040876,Elijah Sarratt,BAL,IND,2026_01_BAL_IND,2026,1,NA,NA,15,20,5.2760510850556095,1.1316177751621457,-3.7732598133416104,6.024138102775544,-5.364716456205834,7.32804813217719,0.16,0.0455,0.15406292478143896,0.05199698568198945,strat_platt,iso,2026-09-13T17:00:00Z,2026-09-05 16:47:06,2026-09-05 16:46:57,live
WR,00-0032464,Kalif Raymond,CHI,CAR,2026_01_CHI_CAR,2026,1,NA,NA,15,20,5.063320188455334,1.3859601687899434,-3.429295806430253,6.189084674209729,-4.991673454104336,7.469169741967993,0.1595,0.0465,0.15355791591859758,0.05199698568198945,strat_platt,iso,2026-09-13T17:00:00Z,2026-09-05 16:47:06,2026-09-05 16:46:57,live
WR,00-0035021,Ashton Dulin,IND,BAL,2026_01_BAL_IND,2026,1,NA,NA,15,20,5.181392418643416,1.2754127833062394,-3.5898370327679086,6.128405175991289,-5.168435886515676,7.421780579608406,0.159,0.043,0.1530529837998835,0.05199698568198945,strat_platt,iso,2026-09-13T17:00:00Z,2026-09-05 16:47:06,2026-09-05 16:46:57,live
WR,00-0034837,Calvin Ridley,TEN,NYJ,2026_01_NYJ_TEN,2026,1,NA,NA,15,20,5.575809186848715,1.0625568762796371,-3.965284803006343,6.077731501143715,-5.596638877677591,7.41433023853738,0.1585,0.049,0.1525481287071898,0.05199698568198945,strat_platt,iso,2026-09-13T17:00:00Z,2026-09-05 16:47:06,2026-09-05 16:46:57,live
WR,00-0039410,Ryan Flournoy,DAL,NYG,2026_01_DAL_NYG,2026,1,NA,NA,15,20,5.129842360699485,1.4437839132741923,-3.399716876534197,6.275082073801354,-4.971258952268259,7.562675727932181,0.158,0.0485,0.1520433509237629,0.05199698568198945,strat_platt,iso,2026-09-14T00:20:00Z,2026-09-05 16:47:06,2026-09-05 16:46:57,live
WR,00-0039062,Jonathan Mingo,DAL,NYG,2026_01_DAL_NYG,2026,1,NA,NA,15,20,5.184788160571992,1.1167261423030406,-3.749952139776526,5.971143402141797,-5.329014479446705,7.26489854839622,0.157,0.0405,0.1510340284245348,0.05199698568198945,strat_platt,iso,2026-09-14T00:20:00Z,2026-09-05 16:47:06,2026-09-05 16:46:57,live
WR,00-0040534,Ke'Shawn Williams,CIN,TB,2026_01_TB_CIN,2026,1,NA,NA,15,20,5.0843236678440595,1.0922275022623151,-3.7319683997378044,5.904269411370352,-5.29724673261838,7.186731064472514,0.157,0.0375,0.1510340284245348,0.043859649122807015,strat_platt,iso,2026-09-13T17:00:00Z,2026-09-05 16:47:06,2026-09-05 16:46:57,live
WR,00-0041100,Josh Cameron,JAX,CLE,2026_01_CLE_JAX,2026,1,NA,NA,15,20,5.102311819959799,1.0889530590190497,-3.7428831347784404,5.908616011109922,-5.310640467983681,7.193108755288751,0.1565,0.0395,0.15052948428210378,0.043859649122807015,strat_platt,iso,2026-09-13T17:00:00Z,2026-09-05 16:47:06,2026-09-05 16:46:57,live
WR,00-0036849,Tutu Atwell,LA,SF,2026_01_SF_LA,2026,1,NA,NA,15,20,5.137031982432565,1.352641265275899,-3.493900049780561,6.186972290806191,-5.06642866677208,7.475374236539422,0.1555,0.0435,0.14952063165553822,0.05199698568198945,strat_platt,iso,2026-09-11T00:35:00Z,2026-09-05 16:47:06,2026-09-05 16:46:57,live
WR,00-0037093,Dareke Young,LV,MIA,2026_01_MIA_LV,2026,1,NA,NA,15,20,5.294364132353908,0.9743422973970578,-3.9381564225799788,5.874464555941381,-5.532085848931749,7.180400582849405,0.155,0.048,0.14901632375323196,0.05199698568198945,strat_platt,iso,2026-09-13T20:25:00Z,2026-09-05 16:47:06,2026-09-05 16:46:57,live
WR,00-0039751,Jordan Whittington,LA,SF,2026_01_SF_LA,2026,1,NA,NA,15,20,5.0599257569136045,1.3165221614594464,-3.497287087029533,6.118203585005473,-5.0591953238314264,7.39790405570487,0.155,0.0415,0.14901632375323196,0.05199698568198945,strat_platt,iso,2026-09-11T00:35:00Z,2026-09-05 16:47:06,2026-09-05 16:46:57,live
WR,00-0039855,Jalen McMillan,TB,CIN,2026_01_TB_CIN,2026,1,NA,NA,15,20,5.138038557126497,1.474191118029026,-3.3727756947833765,6.3089465693238225,-4.9454423705170365,7.597461629152452,0.155,0.0445,0.14901632375323196,0.05199698568198945,strat_platt,iso,2026-09-13T17:00:00Z,2026-09-05 16:47:06,2026-09-05 16:46:57,live
WR,00-0038997,Josh Downs,IND,BAL,2026_01_BAL_IND,2026,1,NA,NA,15,20,5.655580596869644,1.0703012519406927,-3.989645278433331,6.117499843505063,-5.631416224394494,7.462633317305659,0.1545,0.0455,0.1485120951818572,0.05199698568198945,strat_platt,iso,2026-09-13T17:00:00Z,2026-09-05 16:47:06,2026-09-05 16:46:57,live
WR,00-0039342,Xavier Legette,CAR,CHI,2026_01_CHI_CAR,2026,1,NA,NA,15,20,5.439015917237607,0.8738533504327705,-4.0983387941574065,5.833518643043665,-5.711636593199774,7.155323537958679,0.1545,0.0455,0.1485120951818572,0.05199698568198945,strat_platt,iso,2026-09-13T17:00:00Z,2026-09-05 16:47:06,2026-09-05 16:46:57,live
WR,00-0040154,Tai Felton,MIN,GB,2026_01_GB_MIN,2026,1,NA,NA,15,20,5.292151277257646,1.0597626955630959,-3.851815899442557,5.958967147282435,-5.445446778282887,7.264658568661199,0.154,0.048,0.1480079462359407,0.05199698568198945,strat_platt,iso,2026-09-13T20:25:00Z,2026-09-05 16:47:06,2026-09-05 16:46:57,live
WR,00-0040590,Konata Mumpfield,LA,SF,2026_01_SF_LA,2026,1,NA,NA,15,20,5.120931790230529,1.094561778841967,-3.745167422690575,5.922097853165342,-5.3154857534672075,7.208688870290269,0.1525,0.043,0.14649598011832632,0.05199698568198945,strat_platt,iso,2026-09-11T00:35:00Z,2026-09-05 16:47:06,2026-09-05 16:46:57,live
WR,00-0040785,Dohnte Meyers,CIN,TB,2026_01_TB_CIN,2026,1,NA,NA,15,20,5.0843236678440595,1.0922275022623151,-3.7319683997378044,5.904269411370352,-5.29724673261838,7.186731064472514,0.1505,0.0395,0.1444811581796049,0.043859649122807015,strat_platt,iso,2026-09-13T17:00:00Z,2026-09-05 16:47:06,2026-09-05 16:46:57,live
WR,00-0040729,Jack Bech,LV,MIA,2026_01_MIA_LV,2026,1,NA,NA,15,20,5.291825450292096,0.8172208594918651,-4.0942222358089655,5.716290152881915,-5.687809149860887,7.021945553091769,0.149,0.045,0.1429709020412202,0.05199698568198945,strat_platt,iso,2026-09-13T20:25:00Z,2026-09-05 16:47:06,2026-09-05 16:46:57,live
WR,00-0041399,CJ Daniels,LA,SF,2026_01_SF_LA,2026,1,NA,NA,15,20,5.139570664494377,1.156134422139958,-3.6914799525197344,5.991535803826306,-5.264356738818835,7.280223011149364,0.1475,0.0465,0.14146139260047233,0.05199698568198945,strat_platt,iso,2026-09-11T00:35:00Z,2026-09-05 16:47:06,2026-09-05 16:46:57,live
WR,00-0038840,Brycen Tremayne,CAR,CHI,2026_01_CHI_CAR,2026,1,NA,NA,15,20,5.1367993672903784,1.208408478543741,-3.638034499240529,6.042641414551008,-5.210531209318524,7.331017218356504,0.1465,0.0425,0.14045547199660033,0.05199698568198945,strat_platt,iso,2026-09-13T17:00:00Z,2026-09-05 16:47:06,2026-09-05 16:46:57,live
WR,00-0040184,KeAndre Lambert-Smith,LAC,ARI,2026_01_ARI_LAC,2026,1,NA,NA,15,20,5.115214372128236,1.2737514627133601,-3.5635558121672144,6.098871712143467,-5.133088314716891,7.384818885585244,0.146,0.0445,0.13995263835592692,0.05199698568198945,strat_platt,iso,2026-09-13T20:25:00Z,2026-09-05 16:47:06,2026-09-05 16:46:57,live
WR,00-0041550,Brenen Thompson,LAC,ARI,2026_01_ARI_LAC,2026,1,NA,NA,15,20,5.149727819527364,1.1376587083522287,-3.714246006487624,5.977339621212403,-5.288514854108675,7.2671673702695845,0.146,0.041,0.13995263835592692,0.05199698568198945,strat_platt,iso,2026-09-13T20:25:00Z,2026-09-05 16:47:06,2026-09-05 16:46:57,live
WR,00-0041397,Kaden Wetjen,PIT,ATL,2026_01_ATL_PIT,2026,1,NA,NA,15,20,5.2760510850556095,0.9426649003553984,-3.9622126881483575,5.835185227968797,-5.55366933101258,7.1390952573704425,0.1455,0.041,0.1394498895841781,0.05199698568198945,strat_platt,iso,2026-09-13T17:00:00Z,2026-09-05 16:47:06,2026-09-05 16:46:57,live
WR,00-0036862,Ben Skowronek,PIT,ATL,2026_01_ATL_PIT,2026,1,NA,NA,15,20,5.26017651192033,1.0757048568522296,-3.8225545703723305,5.961623696863617,-5.411863857560235,7.263774357817747,0.145,0.0445,0.13894722600457138,0.05199698568198945,strat_platt,iso,2026-09-13T17:00:00Z,2026-09-05 16:47:06,2026-09-05 16:46:57,live
WR,00-0040621,Montorie Foster Jr,SEA,NE,2026_01_NE_SEA,2026,1,NA,NA,15,20,5.1367993672903784,1.0425223790067286,-3.8039205987775415,5.876755315013996,-5.376417308855537,7.165131118819492,0.145,0.0345,0.13894722600457138,0.0332425068119891,strat_platt,iso,2026-09-10T00:20:00Z,2026-09-05 16:47:06,2026-09-05 16:46:57,live
WR,00-0041048,Ted Hurst III,TB,CIN,2026_01_TB_CIN,2026,1,NA,NA,15,20,5.138038557126497,0.9863887544234792,-3.8605780583889233,5.821144205718276,-5.433244734122583,7.109659265546905,0.145,0.0435,0.13894722600457138,0.05199698568198945,strat_platt,iso,2026-09-13T17:00:00Z,2026-09-05 16:47:06,2026-09-05 16:46:57,live
WR,00-0041069,Colbie Young,CIN,TB,2026_01_TB_CIN,2026,1,NA,NA,15,20,5.1188371152431875,1.0829033180284573,-3.75593874210444,5.909554486000367,-5.325969227354216,7.195909665931067,0.144,0.044,0.1379421557233945,0.05199698568198945,strat_platt,iso,2026-09-13T17:00:00Z,2026-09-05 16:47:06,2026-09-05 16:46:57,live
WR,00-0041443,Skyler Bell,BUF,HOU,2026_01_BUF_HOU,2026,1,NA,NA,15,20,5.150378541675472,0.9009306826152284,-3.9512487353062555,5.740885606475002,-5.525606714212683,7.03078638245218,0.144,0.0385,0.1379421557233945,0.043859649122807015,strat_platt,iso,2026-09-13T17:00:00Z,2026-09-05 16:47:06,2026-09-05 16:46:57,live
WR,00-0036988,Josh Palmer,BUF,HOU,2026_01_BUF_HOU,2026,1,NA,NA,15,20,5.150604160742229,1.0976409393860795,-3.7546337194041666,5.937690864166474,-5.3290226005524,7.22761695892516,0.1435,0.0385,0.13743974967705166,0.043859649122807015,strat_platt,iso,2026-09-13T17:00:00Z,2026-09-05 16:47:06,2026-09-05 16:46:57,live
WR,00-0040930,Camden Brown,DAL,NYG,2026_01_DAL_NYG,2026,1,NA,NA,15,20,5.134174520970828,1.089039093462749,-3.7562940689482875,5.922165010145789,-5.32843068379124,7.210245781227259,0.1435,0.0375,0.13743974967705166,0.043859649122807015,strat_platt,iso,2026-09-14T00:20:00Z,2026-09-05 16:47:06,2026-09-05 16:46:57,live
WR,00-0036980,Elijah Moore,PHI,WAS,2026_01_WAS_PHI,2026,1,NA,NA,15,20,5.157966255446599,1.0483578960470752,-3.807023270811192,5.891506502414614,-5.3824201022725076,7.182258429613197,0.143,0.036,0.13693743013334098,0.043859649122807015,strat_platt,iso,2026-09-13T20:25:00Z,2026-09-05 16:47:06,2026-09-05 16:46:57,live
WR,00-0037614,John Metchie III,CAR,CHI,2026_01_CHI_CAR,2026,1,NA,NA,15,20,5.242448891282407,0.8422721311774319,-4.048583551306974,5.720805879310775,-5.635490589195853,7.020988332731154,0.143,0.043,0.13693743013334098,0.05199698568198945,strat_platt,iso,2026-09-13T17:00:00Z,2026-09-05 16:47:06,2026-09-05 16:46:57,live
WR,00-0041051,Zavion Thomas,CHI,CAR,2026_01_CHI_CAR,2026,1,NA,NA,15,20,5.1749398613734225,1.0726937402074077,-3.789840293607158,5.922977192726138,-5.367557973535682,7.215630634242867,0.1425,0.0405,0.13643519742437824,0.05199698568198945,strat_platt,iso,2026-09-13T17:00:00Z,2026-09-05 16:47:06,2026-09-05 16:46:57,live
WR,00-0039589,Kameron Johnson,TB,CIN,2026_01_TB_CIN,2026,1,NA,NA,15,20,5.126270525195803,0.9619098297295267,-3.880079539350351,5.791700377374533,-5.4511312133332686,7.078892236228926,0.141,0.039,0.13492902365474796,0.043859649122807015,strat_platt,iso,2026-09-13T17:00:00Z,2026-09-05 16:47:06,2026-09-05 16:46:57,live
WR,00-0033375,Tim Patrick,NYJ,TEN,2026_01_NYJ_TEN,2026,1,NA,NA,15,20,5.181392418643416,0.9671098861084372,-3.898139929965711,5.820102278793486,-5.476738783713478,7.113477682410603,0.1405,0.041,0.13442714164288208,0.05199698568198945,strat_platt,iso,2026-09-13T17:00:00Z,2026-09-05 16:47:06,2026-09-05 16:46:57,live
WR,00-0040667,Matthew Golden,GB,MIN,2026_01_GB_MIN,2026,1,NA,NA,15,20,5.158972830140531,1.1846557700257068,-3.6711499406810244,6.028227850653528,-5.246684521375758,7.319092638361257,0.1405,0.0415,0.13442714164288208,0.05199698568198945,strat_platt,iso,2026-09-13T20:25:00Z,2026-09-05 16:47:06,2026-09-05 16:46:57,live
WR,00-0039424,Devaughn Vele,NO,DET,2026_01_NO_DET,2026,1,NA,NA,15,20,5.150378541675472,1.1144195645522843,-3.7377598533691994,5.954374488412059,-5.312117832275627,7.244275264389236,0.14,0.038,0.13392534815421794,0.043859649122807015,strat_platt,iso,2026-09-13T17:00:00Z,2026-09-05 16:47:06,2026-09-05 16:46:57,live
WR,00-0040506,Myles Price,MIN,GB,2026_01_GB_MIN,2026,1,NA,NA,15,20,5.2415376376564815,1.0269078759835482,-3.8635668583724447,5.905061635742381,-5.450350292273536,7.205142818116469,0.1395,0.037,0.13342364353215436,0.043859649122807015,strat_platt,iso,2026-09-13T20:25:00Z,2026-09-05 16:47:06,2026-09-05 16:46:57,live
WR,00-0036463,Chris Blair,ATL,PIT,2026_01_ATL_PIT,2026,1,NA,NA,15,20,5.160458145629382,0.7372836908844423,-4.119148399079722,5.581480572680997,-5.694886217350155,6.872511876714818,0.139,0.0335,0.13292202812203827,0.0332425068119891,strat_platt,iso,2026-09-13T17:00:00Z,2026-09-05 16:47:06,2026-09-05 16:46:57,live
WR,00-0040894,Malik Benson,LV,MIA,2026_01_MIA_LV,2026,1,NA,NA,15,20,5.294364132353908,0.9743422973970578,-3.9381564225799788,5.874464555941381,-5.532085848931749,7.180400582849405,0.139,0.0325,0.13292202812203827,0.0332425068119891,strat_platt,iso,2026-09-13T20:25:00Z,2026-09-05 16:47:06,2026-09-05 16:46:57,live
WR,00-0041489,Germie Bernard,PIT,ATL,2026_01_ATL_PIT,2026,1,NA,NA,15,20,5.292151277257646,0.9857854163604044,-3.925793178645249,5.884989868079743,-5.519424057485578,7.1906812894585075,0.1385,0.045,0.1324205022711851,0.05199698568198945,strat_platt,iso,2026-09-13T17:00:00Z,2026-09-05 16:47:06,2026-09-05 16:46:57,live
WR,00-0041106,C.J. Williams,JAX,CLE,2026_01_CLE_JAX,2026,1,NA,NA,15,20,5.102311819959799,1.0889530590190497,-3.7428831347784404,5.908616011109922,-5.310640467983681,7.193108755288751,0.138,0.035,0.13191906632889877,0.0332425068119891,strat_platt,iso,2026-09-13T17:00:00Z,2026-09-05 16:47:06,2026-09-05 16:46:57,live
WR,00-0038618,Xavier Hutchinson,HOU,BUF,2026_01_BUF_HOU,2026,1,NA,NA,15,20,5.149727819527364,0.9549715196334013,-3.896933195206451,5.794652432493576,-5.4712020428275014,7.084480181550758,0.1375,0.037,0.13141772064649263,0.043859649122807015,strat_platt,iso,2026-09-13T17:00:00Z,2026-09-05 16:47:06,2026-09-05 16:46:57,live
WR,00-0040890,Cyrus Allen,KC,DEN,2026_01_DEN_KC,2026,1,NA,NA,15,20,5.150378541675472,0.8766975409566933,-3.9754818769647904,5.716652464816468,-5.549839855871218,7.006553240793645,0.137,0.039,0.13091646557731026,0.043859649122807015,strat_platt,iso,2026-09-15T00:15:00Z,2026-09-05 16:47:06,2026-09-05 16:46:57,live
WR,00-0041042,Malachi Fields,NYG,DAL,2026_01_DAL_NYG,2026,1,NA,NA,15,20,5.213637046040296,0.9489757428334454,-3.9298174525568257,5.815477393886944,-5.512810646548679,7.112453162203003,0.1365,0.0395,0.13041530147674676,0.043859649122807015,strat_platt,iso,2026-09-14T00:20:00Z,2026-09-05 16:47:06,2026-09-05 16:46:57,live
WR,00-0037666,Jalen Tolbert,MIA,LV,2026_01_MIA_LV,2026,1,NA,NA,15,20,5.266444383533022,0.804398638551965,-4.096475199978353,5.692925303168016,-5.686632769751225,6.995770977822498,0.1355,0.0395,0.12941324761344336,0.043859649122807015,strat_platt,iso,2026-09-13T20:25:00Z,2026-09-05 16:47:06,2026-09-05 16:46:57,live
WR,00-0041067,Bryce Lance,NO,DET,2026_01_NO_DET,2026,1,NA,NA,15,20,5.150378541675472,0.7901717976870013,-4.062007620234482,5.630126721546775,-5.636365599140909,6.920027497523954,0.1355,0.035,0.12941324761344336,0.0332425068119891,strat_platt,iso,2026-09-13T17:00:00Z,2026-09-05 16:47:06,2026-09-05 16:46:57,live
WR,00-0041132,Deion Burks,IND,BAL,2026_01_BAL_IND,2026,1,NA,NA,15,20,5.200031292907264,0.9655131386377482,-3.9075710261405217,5.826320142308884,-5.488711844710594,7.121778224986753,0.1355,0.038,0.12941324761344336,0.043859649122807015,strat_platt,iso,2026-09-13T17:00:00Z,2026-09-05 16:47:06,2026-09-05 16:46:57,live
WR,00-0039890,Adonai Mitchell,NYJ,TEN,2026_01_NYJ_TEN,2026,1,NA,NA,15,20,5.514101067536679,0.8336694497279048,-4.169162840981973,5.823897694222256,-5.792402267149718,7.153847949160412,0.135,0.0435,0.12891235857194636,0.05199698568198945,strat_platt,iso,2026-09-13T17:00:00Z,2026-09-05 16:47:06,2026-09-05 16:46:57,live
WR,00-0040131,Kyle Williams,NE,SEA,2026_01_NE_SEA,2026,1,NA,NA,15,20,5.12135813306013,0.9138450725904755,-3.926064670071512,5.741561233191203,-5.496441579961401,7.028200245273221,0.1345,0.0325,0.1284115619415986,0.0332425068119891,strat_platt,iso,2026-09-10T00:20:00Z,2026-09-05 16:47:06,2026-09-05 16:46:57,live
WR,00-0041525,Chris Bell,MIA,LV,2026_01_MIA_LV,2026,1,NA,NA,15,20,5.292151277257646,0.6996573022345663,-4.211921292771087,5.598861753953905,-5.805552171611416,6.904553175332669,0.134,0.033,0.12791085808838173,0.0332425068119891,strat_platt,iso,2026-09-13T20:25:00Z,2026-09-05 16:47:06,2026-09-05 16:46:57,live
WR,00-0037091,Bo Melton,GB,MIN,2026_01_GB_MIN,2026,1,NA,NA,15,20,5.147204798209837,0.7890001448235086,-4.06183929256516,5.627618464073461,-5.635762495907513,6.917163020343946,0.1335,0.04,0.1274102473804629,0.043859649122807015,strat_platt,iso,2026-09-13T20:25:00Z,2026-09-05 16:47:06,2026-09-05 16:46:57,live
WR,00-0040705,Chimere Dike,TEN,NYJ,2026_01_NYJ_TEN,2026,1,NA,NA,15,20,5.176379510643691,0.722331227481228,-4.140808894505742,5.57321924120466,-5.7187232282815295,6.866033804876313,0.133,0.0395,0.12690973018821797,0.043859649122807015,strat_platt,iso,2026-09-13T17:00:00Z,2026-09-05 16:47:06,2026-09-05 16:46:57,live
WR,00-0038090,Skyy Moore,GB,MIN,2026_01_GB_MIN,2026,1,NA,NA,15,20,5.1978184378110015,0.8392073484561691,-4.032947513964835,5.69908739103778,-5.613786807291308,6.994298428475045,0.1325,0.041,0.12640930688425564,0.05199698568198945,strat_platt,iso,2026-09-13T20:25:00Z,2026-09-05 16:47:06,2026-09-05 16:46:57,live
WR,00-0040134,Pat Bryant,DEN,KC,2026_01_DEN_KC,2026,1,NA,NA,15,20,5.166478733877509,0.881412804696147,-3.9775572367942846,5.728141243949276,-5.554118529196919,7.0198472356566475,0.1325,0.039,0.12640930688425564,0.043859649122807015,strat_platt,iso,2026-09-15T00:15:00Z,2026-09-05 16:47:06,2026-09-05 16:46:57,live
WR,00-0041523,Caleb Douglas,MIA,LV,2026_01_MIA_LV,2026,1,NA,NA,15,20,5.292151277257646,0.6996573022345663,-4.211921292771087,5.598861753953905,-5.805552171611416,6.904553175332669,0.1325,0.033,0.12640930688425564,0.0332425068119891,strat_platt,iso,2026-09-13T20:25:00Z,2026-09-05 16:47:06,2026-09-05 16:46:57,live
WR,00-0038519,Nikko Remigio,KC,DEN,2026_01_DEN_KC,2026,1,NA,NA,15,20,5.115865094276344,0.8795069492360232,-3.958076050093828,5.70490222846016,-5.5276980153260045,6.990922700341761,0.1315,0.039,0.12540874344292188,0.043859649122807015,strat_platt,iso,2026-09-15T00:15:00Z,2026-09-05 16:47:06,2026-09-05 16:46:57,live
WR,00-0039355,Luke McCaffrey,WAS,PHI,2026_01_WAS_PHI,2026,1,NA,NA,15,20,5.152899559492415,0.9241127526607759,-3.929130734925574,5.765129065387329,-5.503833966227412,7.055312713073937,0.1315,0.033,0.12540874344292188,0.0332425068119891,strat_platt,iso,2026-09-13T20:25:00Z,2026-09-05 16:47:06,2026-09-05 16:46:57,live
WR,00-0039365,Jacob Cowing,SF,LA,2026_01_SF_LA,2026,1,NA,NA,15,20,5.150378541675472,0.7989105142881074,-4.053268903633376,5.6388654381478815,-5.627626882539803,6.928766214125059,0.1315,0.0355,0.12540874344292188,0.043859649122807015,strat_platt,iso,2026-09-11T00:35:00Z,2026-09-05 16:47:06,2026-09-05 16:46:57,live
WR,00-0040172,Jordan Watkins,SF,LA,2026_01_SF_LA,2026,1,NA,NA,15,20,5.150378541675472,0.7989105142881074,-4.053268903633376,5.6388654381478815,-5.627626882539803,6.928766214125059,0.1315,0.0385,0.12540874344292188,0.043859649122807015,strat_platt,iso,2026-09-11T00:35:00Z,2026-09-05 16:47:06,2026-09-05 16:46:57,live
WR,00-0040138,Jaylin Noel,HOU,BUF,2026_01_BUF_HOU,2026,1,NA,NA,15,20,5.131314564330272,1.134149932105134,-3.70997365102515,5.966069316899832,-5.281717800827601,7.2538285340735715,0.131,0.0385,0.12490860406215021,0.043859649122807015,strat_platt,iso,2026-09-13T17:00:00Z,2026-09-05 16:47:06,2026-09-05 16:46:57,live
WR,00-0040218,Jimmy Horn Jr.,CAR,CHI,2026_01_CHI_CAR,2026,1,NA,NA,15,20,5.075793333973454,1.0564490997167488,-3.764118411300139,5.864871759144917,-5.32821946160251,7.146368842732702,0.131,0.036,0.12490860406215021,0.043859649122807015,strat_platt,iso,2026-09-13T17:00:00Z,2026-09-05 16:47:06,2026-09-05 16:46:57,live
WR,00-0040948,J. Michael Sturdivant,GB,MIN,2026_01_GB_MIN,2026,1,NA,NA,15,20,5.147204798209837,0.8006313959033714,-4.050208041485297,5.639249715153324,-5.62413124482765,6.928794271423809,0.131,0.0355,0.12490860406215021,0.043859649122807015,strat_platt,iso,2026-09-13T20:25:00Z,2026-09-05 16:47:06,2026-09-05 16:46:57,live
WR,00-0035406,Lil'Jordan Humphrey,DEN,KC,2026_01_DEN_KC,2026,1,NA,NA,15,20,5.1345039685401925,0.8759578383550172,-3.969514635480535,5.70922271548386,-5.541696451878057,6.997340521039762,0.1305,0.0385,0.1244085600829107,0.043859649122807015,strat_platt,iso,2026-09-15T00:15:00Z,2026-09-05 16:47:06,2026-09-05 16:46:57,live
WR,00-0039451,Isaiah Williams,NYJ,TEN,2026_01_NYJ_TEN,2026,1,NA,NA,15,20,5.215905866042544,0.8024873576024416,-4.077257043852436,5.669937818268997,-5.660558870054357,6.96716645469548,0.1295,0.033,0.12340875986797696,0.0332425068119891,strat_platt,iso,2026-09-13T17:00:00Z,2026-09-05 16:47:06,2026-09-05 16:46:57,live
WR,00-0041099,Barion Brown,NO,DET,2026_01_NO_DET,2026,1,NA,NA,15,20,5.1345039685401925,0.9203663010148033,-3.925106172820749,5.753631178143646,-5.49728798921827,7.041748983699549,0.129,0.0345,0.12290900440774119,0.0332425068119891,strat_platt,iso,2026-09-13T17:00:00Z,2026-09-05 16:47:06,2026-09-05 16:46:57,live
WR,00-0037742,Treylon Burks,WAS,PHI,2026_01_WAS_PHI,2026,1,NA,NA,15,20,5.171538433756263,0.6748890912621923,-4.186212581599959,5.523743791493079,-5.763465511835637,6.816016454941879,0.128,0.0375,0.12190978473860964,0.043859649122807015,strat_platt,iso,2026-09-13T20:25:00Z,2026-09-05 16:47:06,2026-09-05 16:46:57,live
WR,00-0036626,Dyami Brown,WAS,PHI,2026_01_WAS_PHI,2026,1,NA,NA,15,20,5.187413006891543,0.6454442776216336,-4.222337828726131,5.500962580773465,-5.801758319732911,6.795011167079761,0.1275,0.035,0.1214103213198719,0.0332425068119891,strat_platt,iso,2026-09-13T20:25:00Z,2026-09-05 16:47:06,2026-09-05 16:46:57,live
WR,00-0040646,Jalen Royals,KC,DEN,2026_01_DEN_KC,2026,1,NA,NA,15,20,5.150378541675472,0.8766975409566933,-3.9754818769647904,5.716652464816468,-5.549839855871218,7.006553240793645,0.127,0.0375,0.12091095604263799,0.043859649122807015,strat_platt,iso,2026-09-15T00:15:00Z,2026-09-05 16:47:06,2026-09-05 16:46:57,live
WR,00-0041040,Antonio Williams,WAS,PHI,2026_01_WAS_PHI,2026,1,NA,NA,15,20,5.187413006891543,0.6931422052000518,-4.174639901147713,5.548660508351883,-5.754060392154493,6.842709094658179,0.127,0.035,0.12091095604263799,0.0332425068119891,strat_platt,iso,2026-09-13T20:25:00Z,2026-09-05 16:47:06,2026-09-05 16:46:57,live
WR,00-0038728,Jared Wayne,HOU,BUF,2026_01_BUF_HOU,2026,1,NA,NA,15,20,5.115214372128236,0.8164906948250613,-4.020816580055513,5.641610944255168,-5.590349082605189,6.927558117696946,0.1245,0.036,0.11841561591850319,0.043859649122807015,strat_platt,iso,2026-09-13T17:00:00Z,2026-09-05 16:47:06,2026-09-05 16:46:57,live
WR,00-0040582,Arian Smith,NYJ,TEN,2026_01_NYJ_TEN,2026,1,NA,NA,15,20,5.181392418643416,0.8286572069707205,-4.036592609103428,5.68164959965577,-5.615191462851195,6.975025003272886,0.124,0.0355,0.11791684801071257,0.043859649122807015,strat_platt,iso,2026-09-13T17:00:00Z,2026-09-05 16:47:06,2026-09-05 16:46:57,live
WR,00-0037741,Jahan Dotson,ATL,PIT,2026_01_ATL_PIT,2026,1,NA,NA,15,20,5.137712730160947,0.731867947476486,-4.114961137282423,5.566486017707384,-5.687583125208551,6.8549644639840865,0.1225,0.0285,0.11642115200868715,0.0332425068119891,strat_platt,iso,2026-09-13T17:00:00Z,2026-09-05 16:47:06,2026-09-05 16:46:57,live
WR,00-0038621,DeMario Douglas,NE,SEA,2026_01_NE_SEA,2026,1,NA,NA,15,20,5.123896815121942,0.9623259112659437,-3.8786587018634977,5.79111423432469,-5.449384368621377,7.078038989395708,0.1225,0.0305,0.11642115200868715,0.0332425068119891,strat_platt,iso,2026-09-10T00:20:00Z,2026-09-05 16:47:06,2026-09-05 16:46:57,live
WR,00-0038976,Marvin Mims Jr.,DEN,KC,2026_01_DEN_KC,2026,1,NA,NA,15,20,5.150604160742229,0.7435648062707915,-4.108709852519454,5.5836147310511866,-5.683098733667688,6.873540825809872,0.121,0.0295,0.11492637649851843,0.0332425068119891,strat_platt,iso,2026-09-15T00:15:00Z,2026-09-05 16:47:06,2026-09-05 16:46:57,live
WR,00-0040563,Efton Chism III,NE,SEA,2026_01_NE_SEA,2026,1,NA,NA,15,20,5.105257940858094,0.6115097559311569,-4.2215763563296695,5.43241947746314,-5.789739243191576,6.717244499296378,0.121,0.0335,0.11492637649851843,0.0332425068119891,strat_platt,iso,2026-09-10T00:20:00Z,2026-09-05 16:47:06,2026-09-05 16:46:57,live
WR,00-0041035,De'Zhaun Stribling,SF,LA,2026_01_SF_LA,2026,1,NA,NA,15,20,5.166478733877509,0.8406961709498967,-4.018273870540535,5.687424610203025,-5.59483516294317,6.979130601910397,0.12,0.035,0.11393037661908217,0.0332425068119891,strat_platt,iso,2026-09-11T00:35:00Z,2026-09-05 16:47:06,2026-09-05 16:46:57,live
WR,00-0041529,Kevin Coleman Jr.,MIA,LV,2026_01_MIA_LV,2026,1,NA,NA,15,20,5.2760510850556095,0.691909279155545,-4.212968309348211,5.584429606768944,-5.804424952212434,6.888339636170589,0.1195,0.0335,0.11343253312953394,0.0332425068119891,strat_platt,iso,2026-09-13T20:25:00Z,2026-09-05 16:47:06,2026-09-05 16:46:57,live
WR,00-0032775,Demarcus Robinson,SF,LA,2026_01_SF_LA,2026,1,NA,NA,15,20,5.115865094276344,0.944837052361307,-3.892745946968544,5.770232331585444,-5.462367912200721,7.056252803467045,0.119,0.0325,0.11293479453020284,0.0332425068119891,strat_platt,iso,2026-09-11T00:35:00Z,2026-09-05 16:47:06,2026-09-05 16:46:57,live
WR,00-0039880,Malik Washington,MIA,LV,2026_01_MIA_LV,2026,1,NA,NA,15,20,5.2760510850556095,0.6352716408726575,-4.269605947631098,5.527791968486056,-5.8610625904953215,6.831701997887702,0.1185,0.0305,0.1124371612674931,0.0332425068119891,strat_platt,iso,2026-09-13T20:25:00Z,2026-09-05 16:47:06,2026-09-05 16:46:57,live
WR,00-0041044,Zachariah Branch,ATL,PIT,2026_01_ATL_PIT,2026,1,NA,NA,15,20,5.172226177560075,0.7526069692511634,-4.108784358454811,5.601750594574639,-5.686131271285779,6.894100259711884,0.1185,0.0335,0.1124371612674931,0.0332425068119891,strat_platt,iso,2026-09-13T17:00:00Z,2026-09-05 16:47:06,2026-09-05 16:46:57,live
WR,00-0040164,Jaylin Lane,WAS,PHI,2026_01_WAS_PHI,2026,1,NA,NA,15,20,5.1367993672903784,0.6254558738887326,-4.2209871038955376,5.459688809896,-5.793483813973532,6.748064613701495,0.1175,0.0325,0.11144221255312044,0.0332425068119891,strat_platt,iso,2026-09-13T20:25:00Z,2026-09-05 16:47:06,2026-09-05 16:46:57,live
WR,00-0038824,Ryan Miller,MIA,LV,2026_01_MIA_LV,2026,1,NA,NA,15,20,5.2415376376564815,0.6791410744032733,-4.21133365995272,5.557294834162106,-5.798117093853811,6.857376016536194,0.116,0.0305,0.10995059084693905,0.0332425068119891,strat_platt,iso,2026-09-13T20:25:00Z,2026-09-05 16:47:06,2026-09-05 16:46:57,live
WR,00-0035208,Olamide Zaccheaus,ATL,PIT,2026_01_ATL_PIT,2026,1,NA,NA,15,20,5.273550736789322,0.719178300988001,-4.184657614075687,5.6106595795347705,-5.7757762713151966,6.914292691027384,0.114,0.0365,0.10796327727555981,0.043859649122807015,strat_platt,iso,2026-09-13T17:00:00Z,2026-09-05 16:47:06,2026-09-05 16:46:57,live
WR,00-0033307,Kendrick Bourne,ARI,LAC,2026_01_ARI_LAC,2026,1,NA,NA,15,20,5.1188371152431875,0.41901400639622494,-4.419828053736673,5.245665174368135,-5.989858538986449,6.532020354298835,0.108,0.0275,0.10201202078770631,0.0332425068119891,strat_platt,iso,2026-09-13T20:25:00Z,2026-09-05 16:47:06,2026-09-05 16:46:57,live
WR,00-0036331,Devin Duvernay,ARI,LAC,2026_01_ARI_LAC,2026,1,NA,NA,15,20,5.134937307445224,0.30769755283996575,-4.537958156784516,5.141145204116768,-6.11019942661553,6.429311720976595,0.107,0.028,0.10102174493072771,0.0332425068119891,strat_platt,iso,2026-09-13T20:25:00Z,2026-09-05 16:47:06,2026-09-05 16:46:57,live
WR,00-0038640,Jalen Brooks,ARI,LAC,2026_01_ARI_LAC,2026,1,NA,NA,15,20,5.102962542107908,0.3427033713377589,-4.489408931489206,5.1626417368339546,-6.05725585215941,6.4472078816892,0.106,0.0235,0.10003193738843964,0.0332425068119891,strat_platt,iso,2026-09-13T20:25:00Z,2026-09-05 16:47:06,2026-09-05 16:46:57,live
WR,00-0041070,Reggie Virgil,ARI,LAC,2026_01_ARI_LAC,2026,1,NA,NA,15,20,5.1188371152431875,0.2678068343074373,-4.57103522582546,5.094458002279348,-6.141065711075236,6.380813182210048,0.0975,0.0305,0.09163811005577371,0.0332425068119891,strat_platt,iso,2026-09-13T20:25:00Z,2026-09-05 16:47:06,2026-09-05 16:46:57,live
WR,00-0041037,Denzel Boston,CLE,JAX,2026_01_CLE_JAX,2026,1,NA,NA,15,20,5.134937307445224,-0.06903368338834409,-4.914689393012826,4.764413967888458,-6.48693066284384,6.052580484748285,0.097,0.022,0.09114547915577215,0.018867924528301886,strat_platt,iso,2026-09-13T17:00:00Z,2026-09-05 16:47:06,2026-09-05 16:46:57,live
WR,00-0040782,Isaiah Bond,CLE,JAX,2026_01_CLE_JAX,2026,1,NA,NA,15,20,5.359034954090268,-0.07977802604556274,-5.019074284940076,4.847074258175864,-6.621698550368481,6.160134128467804,0.0965,0.0185,0.09065297695764837,0.01603206412825651,strat_platt,iso,2026-09-13T17:00:00Z,2026-09-05 16:47:06,2026-09-05 16:46:57,live
WR,00-0039920,Malachi Corley,CLE,JAX,2026_01_CLE_JAX,2026,1,NA,NA,15,20,4.865181180877663,-0.05674891357316957,-4.786641789757227,4.661227555075776,-6.321322177190819,5.918619742335878,0.0845,0.02,0.08498063747386896,0.01603206412825651,strat_platt,iso,2026-09-13T17:00:00Z,2026-09-05 16:47:06,2026-09-05 16:46:57,live
WR,00-0036646,Simi Fehoko,ARI,LAC,2026_01_ARI_LAC,2026,1,NA,NA,15,20,5.1188371152431875,0.2678068343074373,-4.57103522582546,5.094458002279348,-6.141065711075236,6.380813182210048,0.0905,0.0225,0.08475322629963146,0.0332425068119891,strat_platt,iso,2026-09-13T20:25:00Z,2026-09-05 16:47:06,2026-09-05 16:46:57,live
WR,00-0036630,Tylan Wallace,CLE,JAX,2026_01_CLE_JAX,2026,1,NA,NA,15,20,5.1188371152431875,-0.10774319074951273,-4.94658525088241,4.718907977222398,-6.516615736132186,6.005263157153098,0.079,0.0225,0.07350183257549253,0.0332425068119891,strat_platt,iso,2026-09-13T17:00:00Z,2026-09-05 16:47:06,2026-09-05 16:46:57,live
