position,player_id,player_name,posteam,defteam,game_id,season,week,report_status,practice_status,team_spread,implied_total,pred_eff,pred_vol,lo_50_vol,hi_50_vol,lo_80_vol,hi_80_vol,lo_90_vol,hi_90_vol,pred_tot,lo_50_tot,hi_50_tot,lo_80_tot,hi_80_tot,lo_90_tot,hi_90_tot,p_start,p_boom,p_start_recal,p_boom_recal,recal_method_start,recal_method_boom,med_vol,med_tot,pred_pass_eff,lo_50_pass_eff,hi_50_pass_eff,lo_80_pass_eff,hi_80_pass_eff,lo_90_pass_eff,hi_90_pass_eff,pred_db,lo_50_db,hi_50_db,lo_80_db,hi_80_db,lo_90_db,hi_90_db,pred_rush,lo_50_rush,hi_50_rush,lo_80_rush,hi_80_rush,lo_90_rush,hi_90_rush,pred_carry,lo_50_carry,hi_50_carry,lo_80_carry,hi_80_carry,lo_90_carry,hi_90_carry
RB,00-0032764,Derrick Henry,BAL,CIN,2025_13_CIN_BAL,2025,13,NA,NA,NA,NA,-0.0221680099662874,19.2182054951814,15.7869598367566,22.6494511536062,12.9494191929246,25.4869917974382,10.6461821191583,27.7902288712044,-0.426029370951341,-3.36372140707903,2.51166266517635,-6.20215282318092,5.35009408127823,-8.00242024538074,7.15036150347805,0.4915,0.2595,0.4915,0.2595,raw,raw,NA,NA,NA,NA,NA,NA,NA,NA,NA,NA,NA,NA,NA,NA,NA,NA,NA,NA,NA,NA,NA,NA,NA,NA,NA,NA,NA,NA,NA,NA
RB,00-0033280,Christian McCaffrey,SF,CLE,2025_13_SF_CLE,2025,13,NA,Full Participation in Practice,NA,NA,-0.0266728919090751,22.5375614762926,19.1063158178678,25.9688071347173,16.2687751740358,28.8063477785493,13.9655381002695,31.1095848523156,-0.601141941151287,-3.80912392289256,2.60684004058999,-6.90871255481254,5.70642867250997,-8.87461823236799,7.67233435006541,0.645,0.3855,0.645,0.3855,raw,raw,NA,NA,NA,NA,NA,NA,NA,NA,NA,NA,NA,NA,NA,NA,NA,NA,NA,NA,NA,NA,NA,NA,NA,NA,NA,NA,NA,NA,NA,NA
RB,00-0033293,Aaron Jones,MIN,SEA,2025_13_MIN_SEA,2025,13,NA,NA,NA,NA,-0.0826429857099132,17.7879998361822,14.3567541777574,21.2192454946069,11.5192135339254,24.0567861384389,9.21597646015911,26.3600232122052,-1.47005341626954,-4.28488320683841,1.34477637429933,-7.00460372562424,4.06449689308516,-8.72957908338105,5.78947225084197,0.3945,0.19,0.3945,0.19,raw,raw,NA,NA,NA,NA,NA,NA,NA,NA,NA,NA,NA,NA,NA,NA,NA,NA,NA,NA,NA,NA,NA,NA,NA,NA,NA,NA,NA,NA,NA,NA
RB,00-0033526,Samaje Perine,CIN,BAL,2025_13_CIN_BAL,2025,13,NA,Full Participation in Practice,NA,NA,-0.0297842749876659,9.27762507942328,5.84637942099851,12.7088707378481,3.00883877716652,15.54641138168,0.705601703400232,17.8496484554463,-0.276327336598009,-2.24096480385432,1.6883101306583,-4.13921984207194,3.58656516887592,-5.34318294822408,4.79052827502807,0.123,0.035,0.123,0.035,raw,raw,NA,NA,NA,NA,NA,NA,NA,NA,NA,NA,NA,NA,NA,NA,NA,NA,NA,NA,NA,NA,NA,NA,NA,NA,NA,NA,NA,NA,NA,NA
RB,00-0033923,Kareem Hunt,KC,DAL,2025_13_KC_DAL,2025,13,NA,NA,NA,NA,-0.0255051938371004,17.7027014125695,14.2714557541448,21.1339470709943,11.4339151103128,23.9714877148263,9.1306780365465,26.2747247885926,-0.451510830967897,-3.25887581064806,2.35585414871227,-5.97138374435649,5.06836208242069,-7.69178453960281,6.78876287766701,0.426,0.2175,0.426,0.2175,raw,raw,NA,NA,NA,NA,NA,NA,NA,NA,NA,NA,NA,NA,NA,NA,NA,NA,NA,NA,NA,NA,NA,NA,NA,NA,NA,NA,NA,NA,NA,NA
RB,00-0033955,Jeremy McNichols,WAS,DEN,2025_13_DEN_WAS,2025,13,NA,NA,NA,NA,-0.0464831894129306,8.73989054567542,5.30864488725065,12.1711362041002,2.47110424341865,15.0086768479322,0.16786716965237,17.3119139216985,-0.406257987682912,-2.30714879788332,1.4946328225175,-4.14381109192158,3.33129511655576,-5.3087091672398,4.49619319187398,0.1015,0.021,0.1015,0.021,raw,raw,NA,NA,NA,NA,NA,NA,NA,NA,NA,NA,NA,NA,NA,NA,NA,NA,NA,NA,NA,NA,NA,NA,NA,NA,NA,NA,NA,NA,NA,NA
RB,00-0034791,Nick Chubb,HOU,IND,2025_13_HOU_IND,2025,13,NA,NA,NA,NA,-0.0786538708094967,11.5049412293704,8.07369557094564,14.9361868877952,5.23615492711364,17.7737275316272,2.93291785334736,20.0769646053935,-0.904908161125752,-3.11752748996714,1.30771116771564,-5.25538541980519,3.44556909755369,-6.61131600968873,4.80149968743722,0.1765,0.0555,0.1765,0.0555,raw,raw,NA,NA,NA,NA,NA,NA,NA,NA,NA,NA,NA,NA,NA,NA,NA,NA,NA,NA,NA,NA,NA,NA,NA,NA,NA,NA,NA,NA,NA,NA
RB,00-0034844,Saquon Barkley,PHI,CHI,2025_13_CHI_PHI,2025,13,NA,Full Participation in Practice,NA,NA,-0.0484562659994476,21.3486445285829,17.9173988701581,24.7798901870076,15.0798582263261,27.6174308308396,12.7766211525598,29.9206679046059,-1.03447559800466,-4.1478354940397,2.07888429803037,-7.15599919188806,5.08704799587873,-9.06391885313456,6.99496765712524,0.555,0.32,0.555,0.32,raw,raw,NA,NA,NA,NA,NA,NA,NA,NA,NA,NA,NA,NA,NA,NA,NA,NA,NA,NA,NA,NA,NA,NA,NA,NA,NA,NA,NA,NA,NA,NA
RB,00-0035250,Devin Singletary,NYG,NE,2025_13_NYG_NE,2025,13,NA,NA,NA,NA,-0.0777119460442228,12.647198851156,9.21595319273125,16.0784445095808,6.37841254889925,18.9159851534128,4.07517547513297,21.2192222271791,-0.982838434731593,-3.31424234457254,1.34856547510935,-5.56687128590915,3.60119441644597,-6.99559507834875,5.02991820888556,0.215,0.0655,0.215,0.0655,raw,raw,NA,NA,NA,NA,NA,NA,NA,NA,NA,NA,NA,NA,NA,NA,NA,NA,NA,NA,NA,NA,NA,NA,NA,NA,NA,NA,NA,NA,NA,NA
RB,00-0035261,Tony Pollard,TEN,JAX,2025_13_JAX_TEN,2025,13,NA,Full Participation in Practice,NA,NA,-0.106420228107914,17.2622598655181,13.8310142070933,20.6935055239429,10.9934735632613,23.5310461677749,8.69023648949504,25.8342832415411,-1.83705363254653,-4.6056148244025,0.931507559309435,-7.28063009752246,3.6065228324294,-8.9772512745451,5.30314400945204,0.345,0.157,0.345,0.157,raw,raw,NA,NA,NA,NA,NA,NA,NA,NA,NA,NA,NA,NA,NA,NA,NA,NA,NA,NA,NA,NA,NA,NA,NA,NA,NA,NA,NA,NA,NA,NA
RB,00-0035537,Ty Johnson,BUF,PIT,2025_13_BUF_PIT,2025,13,NA,NA,NA,NA,-0.0440494956033292,8.9240537210753,5.49280806265052,12.3552993795001,2.65526741881853,15.1928400233321,0.352030345052249,17.4960770970983,-0.39310006515038,-2.31601546544792,1.52981533514716,-4.17395816862698,3.38775803832622,-5.35235328568802,4.56615315538726,0.116,0.0305,0.116,0.0305,raw,raw,NA,NA,NA,NA,NA,NA,NA,NA,NA,NA,NA,NA,NA,NA,NA,NA,NA,NA,NA,NA,NA,NA,NA,NA,NA,NA,NA,NA,NA,NA
RB,00-0035685,David Montgomery,DET,GB,2025_13_GB_DET,2025,13,NA,NA,NA,NA,-0.0461974163889376,12.6292242875002,9.1979786290754,16.060469945925,6.36043798524341,18.8980105897569,4.05720091147713,21.2012476635232,-0.58343753307893,-2.91301036998243,1.74613530382457,-5.16387010784676,3.9969950416889,-6.59147178778565,5.42459672162779,0.2295,0.0845,0.2295,0.0845,raw,raw,NA,NA,NA,NA,NA,NA,NA,NA,NA,NA,NA,NA,NA,NA,NA,NA,NA,NA,NA,NA,NA,NA,NA,NA,NA,NA,NA,NA,NA,NA
RB,00-0035700,Josh Jacobs,GB,DET,2025_13_GB_DET,2025,13,NA,Limited Participation in Practice,NA,NA,-0.0655638298245841,17.3884125684473,13.9571669100225,20.819658226872,11.1196262661905,23.657198870704,8.81638919242421,25.9604359444703,-1.14005092255733,-3.91977125201814,1.63966940690347,-6.60556861065445,4.32546676553978,-8.3090282961534,6.02892645103873,0.3835,0.178,0.3835,0.178,raw,raw,NA,NA,NA,NA,NA,NA,NA,NA,NA,NA,NA,NA,NA,NA,NA,NA,NA,NA,NA,NA,NA,NA,NA,NA,NA,NA,NA,NA,NA,NA
RB,00-0036139,Rico Dowdle,CAR,LA,2025_13_LA_CAR,2025,13,NA,NA,NA,NA,-0.078101802007448,18.8839172604095,15.4526716019847,22.3151629188343,12.6151309581528,25.1527035626663,10.3118938843865,27.4559406364326,-1.47486796699753,-4.38421986665139,1.43448393265632,-7.19526872096169,4.24553278696662,-8.97816882766108,6.02843289366601,0.429,0.2095,0.429,0.2095,raw,raw,NA,NA,NA,NA,NA,NA,NA,NA,NA,NA,NA,NA,NA,NA,NA,NA,NA,NA,NA,NA,NA,NA,NA,NA,NA,NA,NA,NA,NA,NA
RB,00-0036223,Jonathan Taylor,IND,HOU,2025_13_HOU_IND,2025,13,NA,NA,NA,NA,-0.0596870960665757,23.7655526768823,20.3343070184576,27.1967983353071,17.4967663746256,30.0343389791391,15.1935293008593,32.3375760529054,-1.41849682570034,-4.72189337318678,1.88489972178609,-7.91367264239417,5.07667899099348,-9.93804998144507,7.10105633004438,0.625,0.3775,0.625,0.3775,raw,raw,NA,NA,NA,NA,NA,NA,NA,NA,NA,NA,NA,NA,NA,NA,NA,NA,NA,NA,NA,NA,NA,NA,NA,NA,NA,NA,NA,NA,NA,NA
RB,00-0036275,D'Andre Swift,CHI,PHI,2025_13_CHI_PHI,2025,13,NA,NA,NA,NA,-0.0959308295527464,17.0892012469315,13.6579555885068,20.5204469053563,10.8204149446748,23.3579875491883,8.51717787090849,25.6612246229546,-1.63938125201197,-4.39257457719722,1.11381207317328,-7.05274124296823,3.77397873894429,-8.7399447310787,5.46118222705477,0.3605,0.1595,0.3605,0.1595,raw,raw,NA,NA,NA,NA,NA,NA,NA,NA,NA,NA,NA,NA,NA,NA,NA,NA,NA,NA,NA,NA,NA,NA,NA,NA,NA,NA,NA,NA,NA,NA
RB,00-0036555,Chuba Hubbard,CAR,LA,2025_13_LA_CAR,2025,13,NA,NA,NA,NA,-0.0788027267852974,13.0255327500561,9.59428709163136,16.4567784084809,6.75674644779937,19.2943190523129,4.45350937403309,21.5975561260792,-1.02644749853562,-3.39612584342546,1.34323084635422,-5.68573597868583,3.6328409816146,-7.13791499300514,5.0850199959339,0.2105,0.065,0.2105,0.065,raw,raw,NA,NA,NA,NA,NA,NA,NA,NA,NA,NA,NA,NA,NA,NA,NA,NA,NA,NA,NA,NA,NA,NA,NA,NA,NA,NA,NA,NA,NA,NA
RB,00-0036755,Jaret Patterson,LAC,LV,2025_13_LV_LAC,2025,13,NA,NA,NA,NA,-0.0743703427221006,10.5079836989244,7.07673804049962,13.9392293573492,4.23919739666763,16.7767700011812,1.93596032290135,19.0800070749474,-0.781482349007254,-2.88603528201638,1.32307058400187,-4.91947823261803,3.35651353460353,-6.20918390530167,4.64621920728716,0.1335,0.0435,0.1335,0.0435,raw,raw,NA,NA,NA,NA,NA,NA,NA,NA,NA,NA,NA,NA,NA,NA,NA,NA,NA,NA,NA,NA,NA,NA,NA,NA,NA,NA,NA,NA,NA,NA
RB,00-0036875,Rhamondre Stevenson,NE,NYG,2025_13_NYG_NE,2025,13,NA,NA,NA,NA,-0.066805950774543,16.4680385755616,13.0367929171368,19.8992842339864,10.1992522733048,22.7368248778183,7.89601519953853,25.0400619515846,-1.10016297443224,-3.79761368649954,1.59728773763506,-6.40392120626621,4.20359525740172,-8.05696467719639,5.85663872833191,0.3545,0.158,0.3545,0.158,raw,raw,NA,NA,NA,NA,NA,NA,NA,NA,NA,NA,NA,NA,NA,NA,NA,NA,NA,NA,NA,NA,NA,NA,NA,NA,NA,NA,NA,NA,NA,NA
RB,00-0036919,Kenneth Gainwell,PIT,BUF,2025_13_BUF_PIT,2025,13,NA,NA,NA,NA,-0.068147760563333,10.7428431727566,7.31159751433183,14.1740888311814,4.47405687049984,17.0116294750134,2.17081979673355,19.3148665487797,-0.732100704306453,-2.86251075263664,1.39830934402374,-4.92093714178614,3.45673573317323,-6.22648849256404,4.76228708395113,0.1455,0.039,0.1455,0.039,raw,raw,NA,NA,NA,NA,NA,NA,NA,NA,NA,NA,NA,NA,NA,NA,NA,NA,NA,NA,NA,NA,NA,NA,NA,NA,NA,NA,NA,NA,NA,NA
RB,00-0036924,Michael Carter,ARI,TB,2025_13_ARI_TB,2025,13,NA,NA,NA,NA,-0.0409956350178293,12.0676400998956,8.63639444147083,15.4988857583204,5.79885379763883,18.3364264021524,3.49561672387255,20.6396634759186,-0.494720569061842,-2.76648446590694,1.77704332778325,-4.96148854920455,3.97204741108087,-6.35366393182596,5.36422279370228,0.207,0.065,0.207,0.065,raw,raw,NA,NA,NA,NA,NA,NA,NA,NA,NA,NA,NA,NA,NA,NA,NA,NA,NA,NA,NA,NA,NA,NA,NA,NA,NA,NA,NA,NA,NA,NA
RB,00-0036973,Travis Etienne,JAX,TEN,2025_13_JAX_TEN,2025,13,NA,NA,NA,NA,-0.0824612482400057,18.2892491898516,14.8580035314268,21.7204948482764,12.0204628875949,24.5580354921084,9.71722581382857,26.8612725658747,-1.50815431756768,-4.36653071439888,1.35022207926353,-7.12832645882427,4.11201782368891,-8.8799879142514,5.86367927911604,0.401,0.1865,0.401,0.1865,raw,raw,NA,NA,NA,NA,NA,NA,NA,NA,NA,NA,NA,NA,NA,NA,NA,NA,NA,NA,NA,NA,NA,NA,NA,NA,NA,NA,NA,NA,NA,NA
RB,00-0036997,Javonte Williams,DAL,KC,2025_13_KC_DAL,2025,13,NA,NA,NA,NA,-0.0959774117858841,18.877899773043,15.4466541146182,22.3091454314678,12.6091134707862,25.1466860752998,10.30587639702,27.4499231490661,-1.81185196017,-4.72069166375279,1.09698774341279,-7.53124562840091,3.90754170806091,-9.31383185267519,5.6901279323352,0.403,0.18,0.403,0.18,raw,raw,NA,NA,NA,NA,NA,NA,NA,NA,NA,NA,NA,NA,NA,NA,NA,NA,NA,NA,NA,NA,NA,NA,NA,NA,NA,NA,NA,NA,NA,NA
RB,00-0037085,Tyler Badie,DEN,WAS,2025_13_DEN_WAS,2025,13,NA,NA,NA,NA,-0.100313632234675,7.2439152208399,3.81266956241513,10.6751608792647,0.975128918583135,13.5127015230967,-1.32810815518315,15.815938596863,-0.726663447402502,-2.44028611863474,0.986959223829736,-4.09600780952426,2.64268091471926,-5.14614479836564,3.69281790356064,0.0515,0.0105,0.0515,0.0105,raw,raw,NA,NA,NA,NA,NA,NA,NA,NA,NA,NA,NA,NA,NA,NA,NA,NA,NA,NA,NA,NA,NA,NA,NA,NA,NA,NA,NA,NA,NA,NA
RB,00-0037157,Bam Knight,ARI,TB,2025_13_ARI_TB,2025,13,Questionable,Limited Participation in Practice,NA,NA,-0.0585009766577974,14.9647890910443,11.5335434326195,18.3960347494691,8.69600278878752,21.233575393301,6.39276571502123,23.5368124670673,-0.875454777304043,-3.43396902827448,1.6830594736664,-5.90603456107672,4.15512500646863,-7.47393541610557,5.72302586149749,0.2825,0.1205,0.2825,0.1205,raw,raw,NA,NA,NA,NA,NA,NA,NA,NA,NA,NA,NA,NA,NA,NA,NA,NA,NA,NA,NA,NA,NA,NA,NA,NA,NA,NA,NA,NA,NA,NA
RB,00-0037197,Isiah Pacheco,KC,DAL,2025_13_KC_DAL,2025,13,NA,Full Participation in Practice,NA,NA,-0.0885364986015473,14.0730225290619,10.6417768706371,17.5042681874867,7.80423622680511,20.3418088313186,5.50099915303883,22.6450459050849,-1.24597613946383,-3.71910608735404,1.22715380842638,-6.10867233659476,3.6167200576671,-7.62424824492662,5.13229596599895,0.241,0.0835,0.241,0.0835,raw,raw,NA,NA,NA,NA,NA,NA,NA,NA,NA,NA,NA,NA,NA,NA,NA,NA,NA,NA,NA,NA,NA,NA,NA,NA,NA,NA,NA,NA,NA,NA
RB,00-0037228,Jaylen Warren,PIT,BUF,2025_13_BUF_PIT,2025,13,NA,NA,NA,NA,-0.0501722116818261,15.6959646031208,12.2647189446961,19.1272102615456,9.42717830086407,21.9647509053776,7.12394122709779,24.2679879791439,-0.787501258618229,-3.41433742809769,1.83933491086123,-5.9524163746681,4.37741385743164,-7.56218605821994,5.98718354098349,0.329,0.1455,0.329,0.1455,raw,raw,NA,NA,NA,NA,NA,NA,NA,NA,NA,NA,NA,NA,NA,NA,NA,NA,NA,NA,NA,NA,NA,NA,NA,NA,NA,NA,NA,NA,NA,NA
RB,00-0037248,James Cook,BUF,PIT,2025_13_BUF_PIT,2025,13,NA,NA,NA,NA,-0.0498738849229527,19.0105712984499,15.5793256400252,22.4418169568747,12.7417849961932,25.2793576007067,10.4385479224269,27.582594674473,-0.948131045258479,-3.86824657867293,1.97198448815597,-6.68969537819251,4.79343328767555,-8.47919162191558,6.58292953139862,0.4585,0.228,0.4585,0.228,raw,raw,NA,NA,NA,NA,NA,NA,NA,NA,NA,NA,NA,NA,NA,NA,NA,NA,NA,NA,NA,NA,NA,NA,NA,NA,NA,NA,NA,NA,NA,NA
RB,00-0037256,Rachaad White,TB,ARI,2025_13_ARI_TB,2025,13,NA,NA,NA,NA,-0.0662754069965512,15.3668165246337,11.9355708662089,18.7980621830585,9.09803022237695,21.6356028268905,6.79479314861067,23.9388399006568,-1.01844201941143,-3.61470249926772,1.57781846044486,-6.12323886719881,4.08635482837596,-7.71427125042681,5.67738721160396,0.313,0.12,0.313,0.12,raw,raw,NA,NA,NA,NA,NA,NA,NA,NA,NA,NA,NA,NA,NA,NA,NA,NA,NA,NA,NA,NA,NA,NA,NA,NA,NA,NA,NA,NA,NA,NA
RB,00-0037263,Tyler Allgeier,ATL,NYJ,2025_13_ATL_NYJ,2025,13,NA,NA,NA,NA,-0.0504865286699098,10.3930786142125,6.96183295578775,13.8243242726373,4.12429231195576,16.6618649164693,1.82105523818948,18.9651019902356,-0.524710461425067,-2.61651860411663,1.56709768126649,-4.63764739353865,3.58822647068851,-5.91954284291455,4.87012192006442,0.142,0.0395,0.142,0.0395,raw,raw,NA,NA,NA,NA,NA,NA,NA,NA,NA,NA,NA,NA,NA,NA,NA,NA,NA,NA,NA,NA,NA,NA,NA,NA,NA,NA,NA,NA,NA,NA
RB,00-0037525,Jordan Mason,MIN,SEA,2025_13_MIN_SEA,2025,13,NA,NA,NA,NA,-0.0717482993046277,11.9897554498591,8.5585097914343,15.4210011082838,5.7209691476023,18.2585417521158,3.41773207383602,20.5617788258821,-0.86024456260578,-3.12389684350173,1.40340771829017,-5.31106339132515,3.59057426611359,-6.69826783834301,4.97777871313145,0.1775,0.0615,0.1775,0.0615,raw,raw,NA,NA,NA,NA,NA,NA,NA,NA,NA,NA,NA,NA,NA,NA,NA,NA,NA,NA,NA,NA,NA,NA,NA,NA,NA,NA,NA,NA,NA,NA
RB,00-0037746,Brian Robinson,SF,CLE,2025_13_SF_CLE,2025,13,NA,NA,NA,NA,-0.042976872473728,11.259248975421,7.82800331699624,14.6904946338458,4.99046267316425,17.5280352776778,2.68722559939796,19.8312723514441,-0.483887307366622,-2.67027703128131,1.70250241654807,-4.78279161888325,3.81501700415001,-6.122648262735,5.15487364800176,0.181,0.055,0.181,0.055,raw,raw,NA,NA,NA,NA,NA,NA,NA,NA,NA,NA,NA,NA,NA,NA,NA,NA,NA,NA,NA,NA,NA,NA,NA,NA,NA,NA,NA,NA,NA,NA
RB,00-0037840,Kyren Williams,LA,CAR,2025_13_LA_CAR,2025,13,NA,NA,NA,NA,-0.061139796745043,18.0312209450713,14.5999752866465,21.462466603496,11.7624346428145,24.300007247328,9.45919756904823,26.6032443210943,-1.10242518364662,-3.93845273706433,1.73360236977109,-6.67865477511128,4.47380440781804,-8.41662048087291,6.21177011357967,0.425,0.1995,0.425,0.1995,raw,raw,NA,NA,NA,NA,NA,NA,NA,NA,NA,NA,NA,NA,NA,NA,NA,NA,NA,NA,NA,NA,NA,NA,NA,NA,NA,NA,NA,NA,NA,NA
RB,00-0038120,Breece Hall,NYJ,ATL,2025_13_ATL_NYJ,2025,13,NA,NA,NA,NA,-0.0507200985702102,19.0219908769583,15.5907452185335,22.4532365353831,12.7532045747015,25.290777179215,10.4499675009352,27.5940142529813,-0.964797252280963,-3.88588169358406,1.95628718902213,-6.70826666291199,4.77867215835006,-8.49835666979525,6.56876216523333,0.472,0.244,0.472,0.244,raw,raw,NA,NA,NA,NA,NA,NA,NA,NA,NA,NA,NA,NA,NA,NA,NA,NA,NA,NA,NA,NA,NA,NA,NA,NA,NA,NA,NA,NA,NA,NA
RB,00-0038134,Kenneth Walker III,SEA,MIN,2025_13_MIN_SEA,2025,13,NA,Full Participation in Practice,NA,NA,-0.0678685887829161,16.3581353416767,12.9268896832519,19.7893810001015,10.0893490394199,22.6269216439335,7.78611196565364,24.9301587176997,-1.11020356075954,-3.79769429810816,1.57728717658907,-6.39437837716101,4.17397125564192,-8.04131820693634,5.82091108541726,0.3315,0.137,0.3315,0.137,raw,raw,NA,NA,NA,NA,NA,NA,NA,NA,NA,NA,NA,NA,NA,NA,NA,NA,NA,NA,NA,NA,NA,NA,NA,NA,NA,NA,NA,NA,NA,NA
RB,00-0038397,Evan Hull,NO,MIA,2025_13_NO_MIA,2025,13,NA,NA,NA,NA,-0.055095119064786,9.38953219549749,5.95828653707271,12.8207778539223,3.12074589324072,15.6583184977543,0.817508819474439,17.9615555715205,-0.517317394273575,-2.49501122306351,1.46037643451636,-4.40588146610902,3.37124667756187,-5.61784573168576,4.58321094313861,0.1145,0.03,0.1145,0.03,raw,raw,NA,NA,NA,NA,NA,NA,NA,NA,NA,NA,NA,NA,NA,NA,NA,NA,NA,NA,NA,NA,NA,NA,NA,NA,NA,NA,NA,NA,NA,NA
RB,00-0038454,Keaton Mitchell,BAL,CIN,2025_13_CIN_BAL,2025,13,NA,NA,NA,NA,-0.0748882797089946,7.87751485416594,4.44626919574117,11.3087605125907,1.60872855190918,14.1463011564227,-0.694508521857108,16.449538230189,-0.589933535810539,-2.38480279975472,1.20493572813364,-4.11902587144547,2.93915879982439,-5.21895214800839,4.03908507638732,0.085,0.0175,0.085,0.0175,raw,raw,NA,NA,NA,NA,NA,NA,NA,NA,NA,NA,NA,NA,NA,NA,NA,NA,NA,NA,NA,NA,NA,NA,NA,NA,NA,NA,NA,NA,NA,NA
RB,00-0038542,Bijan Robinson,ATL,NYJ,2025_13_ATL_NYJ,2025,13,NA,NA,NA,NA,-0.0400278159710182,20.6514857909606,17.2202401325358,24.0827314493853,14.3826994887038,26.9202720932173,12.0794624149375,29.2235091669836,-0.826633872768667,-3.88341031781408,2.23014257227675,-6.83690244255497,5.18363469701764,-8.71014680693594,7.0568790613986,0.546,0.307,0.546,0.307,raw,raw,NA,NA,NA,NA,NA,NA,NA,NA,NA,NA,NA,NA,NA,NA,NA,NA,NA,NA,NA,NA,NA,NA,NA,NA,NA,NA,NA,NA,NA,NA
RB,00-0038597,Chase Brown,CIN,BAL,2025_13_CIN_BAL,2025,13,NA,NA,NA,NA,-0.0517559542856194,20.3115803223754,16.8803346639507,23.7428259808002,14.0427940201187,26.5803666246322,11.7395569463524,28.8836036983985,-1.05124522263355,-4.0801241287687,1.9776336835016,-7.00666133451161,4.90417088924451,-8.86280961467338,6.76031916940629,0.501,0.2865,0.501,0.2865,raw,raw,NA,NA,NA,NA,NA,NA,NA,NA,NA,NA,NA,NA,NA,NA,NA,NA,NA,NA,NA,NA,NA,NA,NA,NA,NA,NA,NA,NA,NA,NA
RB,00-0038611,Chris Rodriguez Jr.,WAS,DEN,2025_13_DEN_WAS,2025,13,NA,Full Participation in Practice,NA,NA,-0.0452093833044509,11.5351152415874,8.10386958316262,14.9663609000122,5.26632893933063,17.8039015438442,2.96309186556435,20.1071386176104,-0.521495446417939,-2.73731873192787,1.694327839092,-4.87827236109451,3.83528146825863,-6.23616638987552,5.19317549703964,0.1655,0.0545,0.1655,0.0545,raw,raw,NA,NA,NA,NA,NA,NA,NA,NA,NA,NA,NA,NA,NA,NA,NA,NA,NA,NA,NA,NA,NA,NA,NA,NA,NA,NA,NA,NA,NA,NA
RB,00-0038794,Jaleel McLaughlin,DEN,WAS,2025_13_DEN_WAS,2025,13,NA,NA,NA,NA,-0.0891113251872914,9.00925700962046,5.57801135119568,12.4405026680452,2.74047070736369,15.2780433118772,0.437233633597408,17.5812803856435,-0.802826831080173,-2.73586305014133,1.13020938798099,-4.60358460337753,2.99793094121718,-5.78818192954765,4.1825282673873,0.0875,0.024,0.0875,0.024,raw,raw,NA,NA,NA,NA,NA,NA,NA,NA,NA,NA,NA,NA,NA,NA,NA,NA,NA,NA,NA,NA,NA,NA,NA,NA,NA,NA,NA,NA,NA,NA
RB,00-0039032,Tyjae Spears,TEN,JAX,2025_13_JAX_TEN,2025,13,NA,NA,NA,NA,-0.0528738700328003,11.5128414279321,8.08159576950735,14.9440870863569,5.24405512567535,17.7816277301889,2.94081805190907,20.0848648039552,-0.608728481368722,-2.82218703731705,1.60473007457961,-4.96085583791905,3.74339887518161,-6.31730072038393,5.09984375764649,0.185,0.0565,0.185,0.0565,raw,raw,NA,NA,NA,NA,NA,NA,NA,NA,NA,NA,NA,NA,NA,NA,NA,NA,NA,NA,NA,NA,NA,NA,NA,NA,NA,NA,NA,NA,NA,NA
RB,00-0039040,De'Von Achane,MIA,NO,2025_13_NO_MIA,2025,13,NA,NA,NA,NA,-0.0487437338679345,19.8177144354399,16.3864687770151,23.2489600938647,13.5489281331831,26.0865007376967,11.2456910594168,28.3897378114629,-0.965989398311806,-3.95395940833648,2.02198061171287,-6.8409699739517,4.90899117732808,-8.67204858988722,6.74006979326361,0.503,0.268,0.503,0.268,raw,raw,NA,NA,NA,NA,NA,NA,NA,NA,NA,NA,NA,NA,NA,NA,NA,NA,NA,NA,NA,NA,NA,NA,NA,NA,NA,NA,NA,NA,NA,NA
RB,00-0039139,Jahmyr Gibbs,DET,GB,2025_13_GB_DET,2025,13,NA,NA,NA,NA,-0.0331233522244747,18.9548139372775,15.5235682788527,22.3860595957022,12.6860276350207,25.2236002395342,10.3827905612544,27.5268373133005,-0.627846978393824,-3.54322796570869,2.28753400892104,-6.36010219300464,5.104408236217,-8.14669702671021,6.89100306992256,0.4715,0.248,0.4715,0.248,raw,raw,NA,NA,NA,NA,NA,NA,NA,NA,NA,NA,NA,NA,NA,NA,NA,NA,NA,NA,NA,NA,NA,NA,NA,NA,NA,NA,NA,NA,NA,NA
RB,00-0039165,Zach Charbonnet,SEA,MIN,2025_13_MIN_SEA,2025,13,NA,NA,NA,NA,-0.0787495996795891,11.9446489036351,8.51340324521033,15.3758945620599,5.67586260137834,18.2134352058919,3.37262552761206,20.5166722796582,-0.940636319474508,-3.1995800088404,1.31830736989138,-5.3821970620401,3.50092442309108,-6.76651600444013,4.88524336549112,0.1785,0.0575,0.1785,0.0575,raw,raw,NA,NA,NA,NA,NA,NA,NA,NA,NA,NA,NA,NA,NA,NA,NA,NA,NA,NA,NA,NA,NA,NA,NA,NA,NA,NA,NA,NA,NA,NA
RB,00-0039361,Bucky Irving,TB,ARI,2025_13_ARI_TB,2025,13,Questionable,Full Participation in Practice,NA,NA,-0.0445517969586018,18.0863036337701,14.6550579753453,21.5175492921949,11.8175173315133,24.3550899360269,9.51428025774706,26.6583270097932,-0.805777327223347,-3.64658776417324,2.03503310972655,-6.3914110786203,4.7798564241736,-8.13230781639661,6.52075316194991,0.423,0.1945,0.423,0.1945,raw,raw,NA,NA,NA,NA,NA,NA,NA,NA,NA,NA,NA,NA,NA,NA,NA,NA,NA,NA,NA,NA,NA,NA,NA,NA,NA,NA,NA,NA,NA,NA
RB,00-0039384,Tyrone Tracy Jr.,NYG,NE,2025_13_NYG_NE,2025,13,NA,NA,NA,NA,-0.0688189352692435,17.1878352478645,13.7565895894398,20.6190809062893,10.9190489456078,23.4566215501213,8.61581187184149,25.7598586238876,-1.18284852134121,-3.94480918506014,1.57911214237771,-6.61344695291521,4.24774991023279,-8.30602321453206,5.94032617184963,0.365,0.1615,0.365,0.1615,raw,raw,NA,NA,NA,NA,NA,NA,NA,NA,NA,NA,NA,NA,NA,NA,NA,NA,NA,NA,NA,NA,NA,NA,NA,NA,NA,NA,NA,NA,NA,NA
RB,00-0039391,Kimani Vidal,LAC,LV,2025_13_LV_LAC,2025,13,NA,NA,NA,NA,-0.100618269985297,17.8912127396656,14.4599670812409,21.3224583980904,11.6224264374089,24.1599990419224,9.3191893636426,26.4632361156887,-1.80018287380407,-4.62402385612843,1.02365810852029,-7.35245109075129,3.75208534314316,-9.08294865939784,5.4825829117897,0.36,0.157,0.36,0.157,raw,raw,NA,NA,NA,NA,NA,NA,NA,NA,NA,NA,NA,NA,NA,NA,NA,NA,NA,NA,NA,NA,NA,NA,NA,NA,NA,NA,NA,NA,NA,NA
RB,00-0039738,Blake Corum,LA,CAR,2025_13_LA_CAR,2025,13,NA,NA,NA,NA,-0.0988784937194942,12.0372266737004,8.60598101527564,15.4684723321252,5.76844037144365,18.3060129759572,3.46520329767736,20.6092500497235,-1.19022284205561,-3.45882200447293,1.0783763203617,-5.65076828541653,3.2703226013053,-7.04100426519374,4.66055858108251,0.1735,0.058,0.1735,0.058,raw,raw,NA,NA,NA,NA,NA,NA,NA,NA,NA,NA,NA,NA,NA,NA,NA,NA,NA,NA,NA,NA,NA,NA,NA,NA,NA,NA,NA,NA,NA,NA
RB,00-0039875,Ray Davis,BUF,PIT,2025_13_BUF_PIT,2025,13,NA,NA,NA,NA,-0.0505240993695535,8.06052352076881,4.62927786234404,11.4917691791936,1.79173721851205,14.3293098230256,-0.511499855254234,16.6325468967919,-0.407250691333947,-2.22503720788287,1.41053582521498,-3.98140318936951,3.16690180670162,-5.09537354637493,4.28087216370704,0.0845,0.0205,0.0845,0.0205,raw,raw,NA,NA,NA,NA,NA,NA,NA,NA,NA,NA,NA,NA,NA,NA,NA,NA,NA,NA,NA,NA,NA,NA,NA,NA,NA,NA,NA,NA,NA,NA
RB,00-0040122,Ashton Jeanty,LV,LAC,2025_13_LV_LAC,2025,13,NA,NA,NA,NA,-0.0505543968176286,22.830036803203,19.3987911447782,26.2612824616278,16.5612505009462,29.0988231054598,14.25801342718,31.4020601792261,-1.15415873991019,-4.3850728816442,2.07675540182382,-7.50681882704766,5.19850134722728,-9.48677772054537,7.178460240725,0.617,0.367,0.617,0.367,raw,raw,NA,NA,NA,NA,NA,NA,NA,NA,NA,NA,NA,NA,NA,NA,NA,NA,NA,NA,NA,NA,NA,NA,NA,NA,NA,NA,NA,NA,NA,NA
RB,00-0040202,Devin Neal,NO,MIA,2025_13_NO_MIA,2025,13,NA,Full Participation in Practice,NA,NA,-0.0875137162945842,16.7526684636473,13.3214228052225,20.1839141220721,10.4838821613905,23.0214547659041,8.18064508762424,25.3246918396703,-1.46608827510486,-4.18919617044445,1.25701962023474,-6.82029395214229,3.88811740193258,-8.4890605794219,5.55688402921219,0.3155,0.132,0.3155,0.132,raw,raw,NA,NA,NA,NA,NA,NA,NA,NA,NA,NA,NA,NA,NA,NA,NA,NA,NA,NA,NA,NA,NA,NA,NA,NA,NA,NA,NA,NA,NA,NA
RB,00-0040236,Kyle Monangai,CHI,PHI,2025_13_CHI_PHI,2025,13,NA,Full Participation in Practice,NA,NA,-0.0615478562008234,13.4603888369574,10.0291431785326,16.8916344953822,7.19160253470062,19.7291751392142,4.88836546093434,22.0324122129804,-0.828458076544222,-3.24151948813918,1.58460333505074,-5.57304683526121,3.91613068217277,-7.05181172744104,5.3948955743526,0.233,0.0875,0.233,0.0875,raw,raw,NA,NA,NA,NA,NA,NA,NA,NA,NA,NA,NA,NA,NA,NA,NA,NA,NA,NA,NA,NA,NA,NA,NA,NA,NA,NA,NA,NA,NA,NA
RB,00-0040583,Woody Marks,HOU,IND,2025_13_HOU_IND,2025,13,NA,NA,NA,NA,-0.0758777419331465,17.380708071403,13.9494624129783,20.8119537298278,11.1119217691463,23.6494943736598,8.80868469537999,25.9527314474261,-1.31880888165728,-4.09784873255827,1.46023096924372,-6.78298860508016,4.14537084176561,-8.48603128179545,5.8484135184809,0.373,0.1575,0.373,0.1575,raw,raw,NA,NA,NA,NA,NA,NA,NA,NA,NA,NA,NA,NA,NA,NA,NA,NA,NA,NA,NA,NA,NA,NA,NA,NA,NA,NA,NA,NA,NA,NA
RB,00-0040719,Bhayshul Tuten,JAX,TEN,2025_13_JAX_TEN,2025,13,NA,NA,NA,NA,-0.0572049624252617,10.9731725306351,7.54192687221032,14.4044181890599,4.70438622837833,17.2419588328919,2.40114915461204,19.5451959066581,-0.627719922300895,-2.78324373690796,1.52780389230617,-4.8659353323147,3.61049548771292,-6.18687682430584,4.93143697970405,0.155,0.0455,0.155,0.0455,raw,raw,NA,NA,NA,NA,NA,NA,NA,NA,NA,NA,NA,NA,NA,NA,NA,NA,NA,NA,NA,NA,NA,NA,NA,NA,NA,NA,NA,NA,NA,NA
RB,00-0040730,RJ Harvey,DEN,WAS,2025_13_DEN_WAS,2025,13,NA,NA,NA,NA,-0.0550330705663526,11.2688092170894,7.83756355866465,14.7000548755142,5.00002291483266,17.5375955193462,2.69678584106638,19.8408325931125,-0.620157172842847,-2.80757228999271,1.56725794430702,-4.92107762418646,3.68076327850077,-6.2615626463752,5.02124830068951,0.1735,0.0585,0.1735,0.0585,raw,raw,NA,NA,NA,NA,NA,NA,NA,NA,NA,NA,NA,NA,NA,NA,NA,NA,NA,NA,NA,NA,NA,NA,NA,NA,NA,NA,NA,NA,NA,NA
RB,00-0040734,TreVeyon Henderson,NE,NYG,2025_13_NYG_NE,2025,13,NA,NA,NA,NA,-0.0403695199608141,19.1152334751849,15.6839878167601,22.5464791336097,12.8464471729281,25.3840197774417,10.5432100991619,27.687256851208,-0.771672799332099,-3.70065880167618,2.15731320301199,-6.53067834903992,4.98733275037572,-8.32561056632226,6.78226496765806,0.48,0.2525,0.48,0.2525,raw,raw,NA,NA,NA,NA,NA,NA,NA,NA,NA,NA,NA,NA,NA,NA,NA,NA,NA,NA,NA,NA,NA,NA,NA,NA,NA,NA,NA,NA,NA,NA
RB,00-0040784,Quinshon Judkins,CLE,SF,2025_13_SF_CLE,2025,13,NA,NA,NA,NA,-0.0582183182099973,18.1986442921757,14.7673986337509,21.6298899506005,11.9298579899189,24.4674305944325,9.62662091615264,26.7706676681987,-1.05949446439244,-3.91003938780605,1.79105045902118,-6.66426827365353,4.54527934486866,-8.41113046956397,6.2921415407791,0.4165,0.1965,0.4165,0.1965,raw,raw,NA,NA,NA,NA,NA,NA,NA,NA,NA,NA,NA,NA,NA,NA,NA,NA,NA,NA,NA,NA,NA,NA,NA,NA,NA,NA,NA,NA,NA,NA
WR,00-0030279,Keenan Allen,LAC,LV,2025_13_LV_LAC,2025,13,NA,NA,NA,NA,0.135553333704484,6.82302312823203,4.9555996675705,7.94725124004163,4.03345456717236,9.91571579542238,3.29264770084161,11.1638209826107,0.924883530974652,-1.83948308970547,3.96254543078146,-4.57893683439961,6.41483766973651,-6.36472890026819,7.87797032594333,0.25,0.0875,0.25,0.104477611940299,raw,iso,6.1349431455951,1.17259898196986,NA,NA,NA,NA,NA,NA,NA,NA,NA,NA,NA,NA,NA,NA,NA,NA,NA,NA,NA,NA,NA,NA,NA,NA,NA,NA,NA,NA
WR,00-0030564,DeAndre Hopkins,BAL,CIN,2025_13_CIN_BAL,2025,13,NA,NA,NA,NA,0.112171808580464,5.07628366890087,3.20886020823933,6.20051178071046,2.2867151078412,8.16897633609121,1.54590824151044,9.41708152327957,0.569415920008086,-1.85188271199822,3.23009288936402,-4.2513602468704,5.37804670961407,-5.81552899850708,6.65959926216432,0.1235,0.0285,0.1235,0.0333333333333333,raw,iso,4.38820368626394,0.78638897927399,NA,NA,NA,NA,NA,NA,NA,NA,NA,NA,NA,NA,NA,NA,NA,NA,NA,NA,NA,NA,NA,NA,NA,NA,NA,NA,NA,NA
WR,00-0031381,Davante Adams,LA,CAR,2025_13_LA_CAR,2025,13,NA,NA,NA,NA,0.11908076648178,8.85066433788728,6.98324087722574,9.97489244969687,6.06109577682761,11.9433570050776,5.32028891049685,13.191462192266,1.05394389322857,-2.0522473463593,4.46722442968951,-5.13044513653938,7.22275208386058,-7.13705729472041,8.86680674906501,0.405,0.1975,0.405,0.222222222222222,raw,iso,8.16258435525035,1.33229031733731,NA,NA,NA,NA,NA,NA,NA,NA,NA,NA,NA,NA,NA,NA,NA,NA,NA,NA,NA,NA,NA,NA,NA,NA,NA,NA,NA,NA
WR,00-0031588,Stefon Diggs,NE,NYG,2025_13_NYG_NE,2025,13,NA,NA,NA,NA,0.156646480280477,6.9892336267947,5.12181016613317,8.11346173860429,4.19966506573503,10.081926293985,3.45885819940428,11.3300314811734,1.09483884749534,-1.69950140968467,4.16543768588086,-4.46865866408606,6.6443197829293,-6.27381382088705,8.12331697970037,0.258,0.095,0.258,0.126829268292683,raw,iso,6.30115364415777,1.34524024210888,NA,NA,NA,NA,NA,NA,NA,NA,NA,NA,NA,NA,NA,NA,NA,NA,NA,NA,NA,NA,NA,NA,NA,NA,NA,NA,NA,NA
WR,00-0031610,Darren Waller,MIA,NO,2025_13_NO_MIA,2025,13,Questionable,Limited Participation in Practice,NA,NA,0.168052623854873,5.26489388483483,3.3974704241733,6.38912199664443,2.47532532377517,8.35758655202518,1.73451845744441,9.60569173921353,0.88477923166397,-1.57642476597693,3.58930675538532,-4.01544803349661,5.77266095187572,-5.60539581342958,7.07533474181216,0.1485,0.0395,0.1485,0.0495867768595041,raw,iso,4.5768139021979,1.10532821880115,NA,NA,NA,NA,NA,NA,NA,NA,NA,NA,NA,NA,NA,NA,NA,NA,NA,NA,NA,NA,NA,NA,NA,NA,NA,NA,NA,NA
WR,00-0033555,Mack Hollins,NE,NYG,2025_13_NYG_NE,2025,13,NA,NA,NA,NA,0.193731598064283,6.75167860758836,4.88425514692683,7.87590671939795,3.96211004652869,9.84437127477871,3.22130318019794,11.0924764619671,1.30801348626453,-1.44336362638094,4.33140168830676,-4.16994492638521,6.77217082844311,-5.94734571729979,8.22842835699813,0.2545,0.0995,0.2545,0.126829268292683,raw,iso,6.06359862495143,1.55456494482221,NA,NA,NA,NA,NA,NA,NA,NA,NA,NA,NA,NA,NA,NA,NA,NA,NA,NA,NA,NA,NA,NA,NA,NA,NA,NA,NA,NA
WR,00-0033908,Cooper Kupp,SEA,MIN,2025_13_MIN_SEA,2025,13,NA,Limited Participation in Practice,NA,NA,0.161996766376123,6.6997666712081,4.83234321054657,7.8239947830177,3.91019811014844,9.79245933839845,3.16939124381768,11.0405645255868,1.08534053621024,-1.65653742378698,4.09829046502771,-4.37370517889493,6.53063282915625,-6.144969478613,7.98186261633211,0.243,0.0815,0.243,0.0984251968503937,raw,iso,6.01168668857118,1.33104077378126,NA,NA,NA,NA,NA,NA,NA,NA,NA,NA,NA,NA,NA,NA,NA,NA,NA,NA,NA,NA,NA,NA,NA,NA,NA,NA,NA,NA
WR,00-0033921,Chris Godwin Jr.,TB,ARI,2025_13_ARI_TB,2025,13,NA,Limited Participation in Practice,NA,NA,0.112955005333427,6.96860374539716,5.10118028473563,8.09283185720675,4.17903518433749,10.0612964125875,3.43822831800674,11.3094015997759,0.787138673227877,-2.0035028277414,3.85367308299023,-4.76899465966358,6.329273983152,-6.57176040492803,7.80631349060691,0.2425,0.0975,0.2425,0.126829268292683,raw,iso,6.28052376276023,1.0372086215506,NA,NA,NA,NA,NA,NA,NA,NA,NA,NA,NA,NA,NA,NA,NA,NA,NA,NA,NA,NA,NA,NA,NA,NA,NA,NA,NA,NA
WR,00-0034348,Courtland Sutton,DEN,WAS,2025_13_DEN_WAS,2025,13,NA,NA,NA,NA,0.183878131661255,7.63990327660814,5.77247981594661,8.76413138841773,4.85033471554847,10.7325959437985,4.10952784921771,11.9807011309868,1.4048111405754,-1.50323492219203,4.60035715161011,-4.38507324884327,7.18010859879473,-6.26368281792886,8.71928836184001,0.3285,0.1445,0.3285,0.203703703703704,raw,iso,6.95182329397121,1.66540173538444,NA,NA,NA,NA,NA,NA,NA,NA,NA,NA,NA,NA,NA,NA,NA,NA,NA,NA,NA,NA,NA,NA,NA,NA,NA,NA,NA,NA
WR,00-0034827,DJ Moore,CHI,PHI,2025_13_CHI_PHI,2025,13,NA,NA,NA,NA,0.105911635019865,6.49223044629902,4.62480698563749,7.61645855810861,3.70266188523935,9.58492311348937,2.96185501890859,10.8330283006777,0.687602741493277,-2.01588732001241,3.6583696053768,-4.69501313398025,6.05665775077895,-6.44147869534043,7.48756947034904,0.207,0.073,0.207,0.0984251968503937,raw,iso,5.80415046366209,0.929863031730094,NA,NA,NA,NA,NA,NA,NA,NA,NA,NA,NA,NA,NA,NA,NA,NA,NA,NA,NA,NA,NA,NA,NA,NA,NA,NA,NA,NA
WR,00-0034960,Jakobi Meyers,JAX,TEN,2025_13_JAX_TEN,2025,13,NA,NA,NA,NA,0.208893204437973,6.58282872747953,4.715405266818,7.70705683928913,3.79326016641987,9.67552139466988,3.05245330008911,10.9236265818582,1.37510818714954,-1.34522187979188,4.36437992029389,-4.04103593460537,6.77760697225246,-5.79838020788145,8.21743182284482,0.253,0.0965,0.253,0.126829268292683,raw,iso,5.89474874484261,1.6188775136734,NA,NA,NA,NA,NA,NA,NA,NA,NA,NA,NA,NA,NA,NA,NA,NA,NA,NA,NA,NA,NA,NA,NA,NA,NA,NA,NA,NA
WR,00-0035208,Olamide Zaccheaus,CHI,PHI,2025_13_CHI_PHI,2025,13,NA,NA,NA,NA,0.0918605659849304,4.90672503124097,3.03930157057943,6.03095314305056,2.1171564701813,7.99941769843131,1.37634960385054,9.24752288561967,0.45073453850222,-1.93398504865345,3.07121612637625,-4.29721319437307,5.18672037675935,-5.83775173445148,6.44891225744595,0.114,0.0305,0.114,0.0333333333333333,raw,iso,4.21864504860404,0.664429742173877,NA,NA,NA,NA,NA,NA,NA,NA,NA,NA,NA,NA,NA,NA,NA,NA,NA,NA,NA,NA,NA,NA,NA,NA,NA,NA,NA,NA
WR,00-0035359,David Sills,ATL,NYJ,2025_13_ATL_NYJ,2025,13,NA,NA,NA,NA,0.0937293954936531,4.84332490899534,2.97590144833381,5.96755302080493,2.05375634793567,7.93601757618569,1.31294948160492,9.18412276337404,0.453961915899486,-1.91690138008295,3.05921732955527,-4.26639810955043,5.16242955070802,-5.7979854292464,6.41728753003805,0.107,0.0275,0.107,0.0333333333333333,raw,iso,4.15524492635841,0.666415454521571,NA,NA,NA,NA,NA,NA,NA,NA,NA,NA,NA,NA,NA,NA,NA,NA,NA,NA,NA,NA,NA,NA,NA,NA,NA,NA,NA,NA
WR,00-0035535,Darius Slayton,NYG,NE,2025_13_NYG_NE,2025,13,NA,Full Participation in Practice,NA,NA,0.14941061203884,5.9866551818021,4.11923172114057,7.1108832936117,3.19708662074243,9.07934784899245,2.45627975441168,10.3274530361808,0.894469814778548,-1.71257225585687,3.75925349069135,-4.29611928234363,6.07198183454454,-5.98027904982806,7.45184525827277,0.1875,0.0625,0.1875,0.0847457627118644,raw,iso,5.29857519916517,1.12808738108096,NA,NA,NA,NA,NA,NA,NA,NA,NA,NA,NA,NA,NA,NA,NA,NA,NA,NA,NA,NA,NA,NA,NA,NA,NA,NA,NA,NA
WR,00-0035544,Tom Kennedy,DET,GB,2025_13_GB_DET,2025,13,NA,NA,NA,NA,0.116194719451295,5.06491316097514,3.19748970031361,6.18914127278473,2.27534459991547,8.15760582816549,1.53453773358472,9.40571101535384,0.588516163784677,-1.83035078993644,3.24652105034803,-4.22741856116352,5.39231770890259,-5.79001643875044,6.67258321512481,0.1225,0.0345,0.1225,0.0333333333333333,raw,iso,4.37683317833821,0.805271319868497,NA,NA,NA,NA,NA,NA,NA,NA,NA,NA,NA,NA,NA,NA,NA,NA,NA,NA,NA,NA,NA,NA,NA,NA,NA,NA,NA,NA
WR,00-0035640,DK Metcalf,PIT,BUF,2025_13_BUF_PIT,2025,13,NA,Full Participation in Practice,NA,NA,0.0800052456302104,7.93642373077884,6.06900027011731,9.06065184258843,5.14685516971917,11.0291163979692,4.40604830338842,12.2772215851575,0.634955530006392,-2.3231329933967,3.88549138027165,-5.25456279071486,6.50963590358336,-7.1654999926445,8.07530229752818,0.3005,0.132,0.3005,0.203703703703704,raw,iso,7.24834374814191,0.900030439816385,NA,NA,NA,NA,NA,NA,NA,NA,NA,NA,NA,NA,NA,NA,NA,NA,NA,NA,NA,NA,NA,NA,NA,NA,NA,NA,NA,NA
WR,00-0035659,Terry McLaurin,WAS,DEN,2025_13_DEN_WAS,2025,13,NA,Did Not Participate In Practice,NA,NA,0.215111459333524,6.42242212640755,4.55499866574602,7.54665023821715,3.63285356534789,9.5151147935979,2.89204669901713,10.7632199807863,1.38153659606744,-1.30888913671153,4.33794754445018,-3.97506835959244,6.72464621698574,-5.71309431152761,8.14864320757289,0.236,0.0945,0.236,0.126829268292683,raw,iso,5.73434214377063,1.62262618916941,NA,NA,NA,NA,NA,NA,NA,NA,NA,NA,NA,NA,NA,NA,NA,NA,NA,NA,NA,NA,NA,NA,NA,NA,NA,NA,NA,NA
WR,00-0035676,A.J. Brown,PHI,CHI,2025_13_CHI_PHI,2025,13,NA,NA,NA,NA,0.203945094693699,9.71767711990213,7.85025365924059,10.8419052317117,6.92810855884246,12.8103697870925,6.1873016925117,14.0584749742808,1.98187258042123,-1.25715176681675,5.54111858583375,-4.46698555326781,8.414483576243,-6.55940843856139,10.1288445662939,0.503,0.278,0.503,0.296992481203008,raw,iso,9.0295971372652,2.27212220612504,NA,NA,NA,NA,NA,NA,NA,NA,NA,NA,NA,NA,NA,NA,NA,NA,NA,NA,NA,NA,NA,NA,NA,NA,NA,NA,NA,NA
WR,00-0035719,Deebo Samuel Sr.,WAS,DEN,2025_13_DEN_WAS,2025,13,NA,NA,NA,NA,0.059705940575917,7.1555474070046,5.28812394634307,8.2797755188142,4.36597884594494,10.248240074195,3.62517197961418,11.4963452613833,0.427228688270774,-2.3967125836014,3.53035500468809,-5.19520408402447,6.03549640397658,-7.01948161655648,7.53016091886999,0.2315,0.086,0.2315,0.0984251968503937,raw,iso,6.46746742436768,0.680282635787215,NA,NA,NA,NA,NA,NA,NA,NA,NA,NA,NA,NA,NA,NA,NA,NA,NA,NA,NA,NA,NA,NA,NA,NA,NA,NA,NA,NA
WR,00-0036040,Juwan Johnson,NO,MIA,2025_13_NO_MIA,2025,13,NA,NA,NA,NA,0.160164514961151,5.88708024831462,4.01965678765309,7.01130836012422,3.09751168725496,8.97977291550497,2.3567048209242,10.2278781026933,0.942901352508682,-1.64462093339238,3.78623544719141,-4.20882409029754,6.08164763035447,-5.88037399755385,7.45117956104798,0.1885,0.0545,0.1885,0.0660377358490566,raw,iso,5.1990002656777,1.17476974696008,NA,NA,NA,NA,NA,NA,NA,NA,NA,NA,NA,NA,NA,NA,NA,NA,NA,NA,NA,NA,NA,NA,NA,NA,NA,NA,NA,NA
WR,00-0036252,Michael Pittman,IND,HOU,2025_13_HOU_IND,2025,13,NA,NA,NA,NA,0.119368923529195,7.60535000170097,5.73792654103944,8.72957811351057,4.8157814406413,10.6980426688913,4.07497457431055,11.9461478560797,0.907842442765804,-1.99430295840901,4.09690443146806,-4.87029380109226,6.67142135349237,-6.74509151882042,8.20747799581813,0.3025,0.1165,0.3025,0.181818181818182,raw,iso,6.91727001906404,1.1679042780982,NA,NA,NA,NA,NA,NA,NA,NA,NA,NA,NA,NA,NA,NA,NA,NA,NA,NA,NA,NA,NA,NA,NA,NA,NA,NA,NA,NA
WR,00-0036259,Jauan Jennings,SF,CLE,2025_13_SF_CLE,2025,13,NA,NA,NA,NA,0.137121275724422,7.85376417752689,5.98634071686535,8.97799228933648,5.06419561646722,10.9464568447172,4.32338875013646,12.1945620319056,1.07691816326125,-1.86732552863129,4.31224043191464,-4.78503526608382,6.92410309195648,-6.68702865061968,8.48244164995102,0.323,0.1335,0.323,0.203703703703704,raw,iso,7.16568419488996,1.34075243492436,NA,NA,NA,NA,NA,NA,NA,NA,NA,NA,NA,NA,NA,NA,NA,NA,NA,NA,NA,NA,NA,NA,NA,NA,NA,NA,NA,NA
WR,00-0036309,Darnell Mooney,ATL,NYJ,2025_13_ATL_NYJ,2025,13,NA,NA,NA,NA,0.18691734038342,6.51897349342465,4.65155003276312,7.64320160523425,3.72940493236499,9.611666160615,2.98859806603423,10.8597713478034,1.21850918742095,-1.48996517123024,4.1947531140873,-4.17403036312928,6.59746287025377,-5.92371580069175,8.03101269428774,0.2395,0.094,0.2395,0.126829268292683,raw,iso,5.83089351078773,1.46121612153128,NA,NA,NA,NA,NA,NA,NA,NA,NA,NA,NA,NA,NA,NA,NA,NA,NA,NA,NA,NA,NA,NA,NA,NA,NA,NA,NA,NA
WR,00-0036322,Justin Jefferson,MIN,SEA,2025_13_MIN_SEA,2025,13,NA,Full Participation in Practice,NA,NA,0.113394023192028,9.33159124798672,7.46416778732518,10.4558193597963,6.54202268692705,12.4242839151771,5.80121582059629,13.6723891023654,1.05814667439273,-2.12256999428104,4.55332049331752,-5.27462157948853,7.37496026517406,-7.32937746758274,9.05845998379422,0.4455,0.2285,0.4455,0.25,raw,iso,8.64351126534979,1.34317133724828,NA,NA,NA,NA,NA,NA,NA,NA,NA,NA,NA,NA,NA,NA,NA,NA,NA,NA,NA,NA,NA,NA,NA,NA,NA,NA,NA,NA
WR,00-0036358,CeeDee Lamb,DAL,KC,2025_13_KC_DAL,2025,13,NA,NA,NA,NA,0.10956732370789,9.22563934960222,7.35821588894068,10.3498674614118,6.43607078854255,12.3183320167926,5.69526392221179,13.5664372039809,1.01082861303011,-2.15365501843039,4.4881645379896,-5.28961986092836,7.29540384976426,-7.3338891410439,8.97031169541125,0.4185,0.2105,0.4185,0.222222222222222,raw,iso,8.53755936696529,1.29439863014358,NA,NA,NA,NA,NA,NA,NA,NA,NA,NA,NA,NA,NA,NA,NA,NA,NA,NA,NA,NA,NA,NA,NA,NA,NA,NA,NA,NA
WR,00-0036407,Jerry Jeudy,CLE,SF,2025_13_SF_CLE,2025,13,NA,NA,NA,NA,0.127555398492584,6.96068251106289,5.09325905040136,8.08491062287248,4.17111395000322,10.0533751782532,3.43030708367247,11.3014803654416,0.88787263147899,-1.90134705633376,3.95284466249536,-4.66542988868736,6.42718426057697,-6.46727713687725,7.90347122629418,0.253,0.0905,0.253,0.104477611940299,raw,iso,6.27260252842596,1.1378151708377,NA,NA,NA,NA,NA,NA,NA,NA,NA,NA,NA,NA,NA,NA,NA,NA,NA,NA,NA,NA,NA,NA,NA,NA,NA,NA,NA,NA
WR,00-0036415,Van Jefferson,TEN,JAX,2025_13_JAX_TEN,2025,13,NA,NA,NA,NA,0.104804397395824,5.86380103067058,3.99637757000905,6.98802914248017,3.07423246961091,8.95649369786093,2.33342560328015,10.2045988850493,0.61455213346844,-1.96838047410771,3.45284279763235,-4.52803531553979,5.7441834396144,-6.19662027195483,7.11128613093408,0.161,0.0525,0.161,0.0660377358490566,raw,iso,5.17572104803365,0.846009245918498,NA,NA,NA,NA,NA,NA,NA,NA,NA,NA,NA,NA,NA,NA,NA,NA,NA,NA,NA,NA,NA,NA,NA,NA,NA,NA,NA,NA
WR,00-0036554,Nico Collins,HOU,IND,2025_13_HOU_IND,2025,13,NA,NA,NA,NA,0.190425503634126,7.97012714598634,6.10270368532481,9.09435525779594,5.18055858492668,11.0628198131767,4.43975171859592,12.310925000365,1.51771547580247,-1.44599525925279,4.77442936989183,-4.38299660003004,7.40356140314424,-6.29756577352451,8.97220353894864,0.364,0.1625,0.364,0.222222222222222,raw,iso,7.28204716334942,1.78329419313372,NA,NA,NA,NA,NA,NA,NA,NA,NA,NA,NA,NA,NA,NA,NA,NA,NA,NA,NA,NA,NA,NA,NA,NA,NA,NA,NA,NA
WR,00-0036613,Jaylen Waddle,MIA,NO,2025_13_NO_MIA,2025,13,NA,Full Participation in Practice,NA,NA,0.19914490129314,7.23995745401231,5.37253399335077,8.3641855658219,4.45038889295264,10.3326501212027,3.70958202662188,11.580755308391,1.44180061254581,-1.39701900147557,4.56127619781221,-4.210254758254,7.0796162961112,-6.0441437602505,8.58215566671509,0.298,0.123,0.298,0.203703703703704,raw,iso,6.55187747137538,1.69618781130613,NA,NA,NA,NA,NA,NA,NA,NA,NA,NA,NA,NA,NA,NA,NA,NA,NA,NA,NA,NA,NA,NA,NA,NA,NA,NA,NA,NA
WR,00-0036841,Austin Trammell,JAX,TEN,2025_13_JAX_TEN,2025,13,NA,NA,NA,NA,0.126850449319562,4.45504298783388,2.58761952717235,5.57927109964348,1.66547442677421,7.54773565502423,0.924667560443457,8.79584084221258,0.565124204744691,-1.71860677487097,3.07463308619697,-3.98175643714079,5.10054951684569,-5.45705592653072,6.3092898298237,0.096,0.0265,0.096,0.0333333333333333,raw,iso,3.76696300519695,0.769769798905437,NA,NA,NA,NA,NA,NA,NA,NA,NA,NA,NA,NA,NA,NA,NA,NA,NA,NA,NA,NA,NA,NA,NA,NA,NA,NA,NA,NA
WR,00-0036900,Ja'Marr Chase,CIN,BAL,2025_13_CIN_BAL,2025,13,NA,NA,NA,NA,0.180817390924358,9.74158688199272,7.87416342133118,10.8658149938023,6.95201832093305,12.8342795491831,6.21121145460229,14.0823847363714,1.76144832346487,-1.4811445385269,5.32461563990227,-4.69451467975526,8.20114628893648,-6.78924284007517,9.91739603369574,0.5295,0.2855,0.5295,0.296992481203008,raw,iso,9.05350689935579,2.05201772449624,NA,NA,NA,NA,NA,NA,NA,NA,NA,NA,NA,NA,NA,NA,NA,NA,NA,NA,NA,NA,NA,NA,NA,NA,NA,NA,NA,NA
WR,00-0036912,DeVonta Smith,PHI,CHI,2025_13_CHI_PHI,2025,13,NA,Full Participation in Practice,NA,NA,0.200763023661886,9.24249024822931,7.37506678756777,10.3667183600389,6.45292168716964,12.3351829154197,5.71211482083888,13.583288102608,1.85555028840001,-1.31152194808918,5.33573073724085,-4.45005206672901,8.14526642170866,-6.49599359620805,9.82154437236385,0.473,0.2405,0.473,0.25,raw,iso,8.55441026559238,2.13935227093274,NA,NA,NA,NA,NA,NA,NA,NA,NA,NA,NA,NA,NA,NA,NA,NA,NA,NA,NA,NA,NA,NA,NA,NA,NA,NA,NA,NA
WR,00-0037239,Chris Olave,NO,MIA,2025_13_NO_MIA,2025,13,Questionable,Limited Participation in Practice,NA,NA,0.142698730097213,7.23927759727683,5.37185413661529,8.36350570908642,4.44970903621716,10.3319702644672,3.7089021698864,11.5800754516555,1.03303571995261,-1.80566444423749,4.15238004614552,-4.61878182768397,6.6706141795222,-6.45259366460426,8.17309032734384,0.2885,0.1175,0.2885,0.181818181818182,raw,iso,6.5511976146399,1.28741221478943,NA,NA,NA,NA,NA,NA,NA,NA,NA,NA,NA,NA,NA,NA,NA,NA,NA,NA,NA,NA,NA,NA,NA,NA,NA,NA,NA,NA
WR,00-0037240,Jameson Williams,DET,GB,2025_13_GB_DET,2025,13,NA,NA,NA,NA,0.170407180134935,6.54918476720884,4.68176130654731,7.67341287901843,3.75961620614917,9.64187743439919,3.01880933981842,10.8899826215875,1.11602810836273,-1.59806338970691,4.09844450516011,-4.28769509854305,6.50613727164727,-6.04100923098677,7.94266015289302,0.242,0.0835,0.242,0.0984251968503937,raw,iso,5.86110478457191,1.35923839547044,NA,NA,NA,NA,NA,NA,NA,NA,NA,NA,NA,NA,NA,NA,NA,NA,NA,NA,NA,NA,NA,NA,NA,NA,NA,NA,NA,NA
WR,00-0037247,George Pickens,DAL,KC,2025_13_KC_DAL,2025,13,NA,Full Participation in Practice,NA,NA,0.174259975814883,9.34354996054866,7.47612649988713,10.4677780723583,6.55398139948899,12.436242627739,5.81317453315823,13.6843478149274,1.62820679015036,-1.55433568729543,5.12538692390386,-4.70819662681944,7.94864638565534,-6.76413199479685,9.63311247408272,0.47,0.229,0.47,0.25,raw,iso,8.65546997791173,1.91339506409859,NA,NA,NA,NA,NA,NA,NA,NA,NA,NA,NA,NA,NA,NA,NA,NA,NA,NA,NA,NA,NA,NA,NA,NA,NA,NA,NA,NA
WR,00-0037261,Khalil Shakir,BUF,PIT,2025_13_BUF_PIT,2025,13,NA,NA,NA,NA,0.0660200436913078,6.86841346585413,5.0009900051926,7.99264157766373,4.07884490479447,9.96110613304448,3.33803803846371,11.2092113202328,0.453452957105657,-2.31913877937228,3.50015313739726,-5.0667435139186,5.95974194384977,-6.85784903800315,7.42722801520594,0.2125,0.075,0.2125,0.0984251968503937,raw,iso,6.18033348321721,0.701905462388126,NA,NA,NA,NA,NA,NA,NA,NA,NA,NA,NA,NA,NA,NA,NA,NA,NA,NA,NA,NA,NA,NA,NA,NA,NA,NA,NA,NA
WR,00-0037545,Rashid Shaheed,SEA,MIN,2025_13_MIN_SEA,2025,13,NA,NA,NA,NA,0.0694892133163685,6.36425926944729,4.49683580878575,7.48848738125688,3.57469070838762,9.45695193663763,2.83388384205686,10.705057123826,0.442247369975298,-2.23723345499438,3.38663135738966,-4.89256640717472,5.76362071268921,-6.62352190420666,7.18182474806009,0.195,0.0655,0.195,0.0847457627118644,raw,iso,5.67617928681036,0.682356187678742,NA,NA,NA,NA,NA,NA,NA,NA,NA,NA,NA,NA,NA,NA,NA,NA,NA,NA,NA,NA,NA,NA,NA,NA,NA,NA,NA,NA
WR,00-0037614,John Metchie III,NYJ,ATL,2025_13_ATL_NYJ,2025,13,NA,NA,NA,NA,0.0982316417250466,5.01269008649596,3.14526662583443,6.13691819830555,2.22312152543629,8.10538275368631,1.48231465910553,9.35348794087466,0.492404776655364,-1.91525495192212,3.13809445127589,-4.30121649915646,5.27394908874166,-5.85657446377664,6.54828279960417,0.113,0.035,0.113,0.0333333333333333,raw,iso,4.32461010385903,0.708155651031364,NA,NA,NA,NA,NA,NA,NA,NA,NA,NA,NA,NA,NA,NA,NA,NA,NA,NA,NA,NA,NA,NA,NA,NA,NA,NA,NA,NA
WR,00-0037664,Alec Pierce,IND,HOU,2025_13_HOU_IND,2025,13,NA,NA,NA,NA,0.177603773763909,6.56769984835048,4.70027638768895,7.69192796016007,3.77813128729081,9.66039251554083,3.03732442096005,10.9084977027292,1.1664482780157,-1.55107863738543,4.15263972992325,-4.24411480306999,6.56338008322345,-5.99964822906459,8.00172127295542,0.2445,0.09,0.2445,0.104477611940299,raw,iso,5.87961986571355,1.40996641356408,NA,NA,NA,NA,NA,NA,NA,NA,NA,NA,NA,NA,NA,NA,NA,NA,NA,NA,NA,NA,NA,NA,NA,NA,NA,NA,NA,NA
WR,00-0037741,Jahan Dotson,PHI,CHI,2025_13_CHI_PHI,2025,13,NA,NA,NA,NA,0.0750470556453044,4.69938764431682,2.83196418365528,5.82361575612641,1.90981908325715,7.79208031150716,1.16901221692639,9.04018549869551,0.3526752060419,-1.98635389931748,2.92294918588806,-4.30430333254021,4.9979210361673,-5.81532563578261,6.23592971499714,0.0925,0.0195,0.0925,0.0168067226890756,raw,iso,4.01130766167989,0.56227607641504,NA,NA,NA,NA,NA,NA,NA,NA,NA,NA,NA,NA,NA,NA,NA,NA,NA,NA,NA,NA,NA,NA,NA,NA,NA,NA,NA,NA
WR,00-0037742,Treylon Burks,WAS,DEN,2025_13_DEN_WAS,2025,13,NA,Full Participation in Practice,NA,NA,0.162058651415818,5.09071762891637,3.22329416825483,6.21494574072596,2.3011490678567,8.18341029610671,1.56034220152594,9.43151548329506,0.824994833680919,-1.59938629530562,3.48905904681382,-4.00191854724476,5.63974737534676,-5.56807860445183,6.92293144159013,0.1425,0.038,0.1425,0.0495867768595041,raw,iso,4.40263764627944,1.04224411612357,NA,NA,NA,NA,NA,NA,NA,NA,NA,NA,NA,NA,NA,NA,NA,NA,NA,NA,NA,NA,NA,NA,NA,NA,NA,NA,NA,NA
WR,00-0037816,Romeo Doubs,GB,DET,2025_13_GB_DET,2025,13,NA,Full Participation in Practice,NA,NA,0.182444228116554,7.25955808629223,5.3921346256307,8.38378619810183,4.46998952523257,10.3522507534826,3.72918265890181,11.6003559406709,1.32446447152087,-1.51779628638859,4.44772140460213,-4.33444217496347,6.96911416978935,-6.17055416988966,8.47347487984933,0.304,0.1225,0.304,0.203703703703704,raw,iso,6.5714781036553,1.57916003187976,NA,NA,NA,NA,NA,NA,NA,NA,NA,NA,NA,NA,NA,NA,NA,NA,NA,NA,NA,NA,NA,NA,NA,NA,NA,NA,NA,NA
WR,00-0038117,Wan'Dale Robinson,NYG,NE,2025_13_NYG_NE,2025,13,NA,Full Participation in Practice,NA,NA,0.124854510910372,9.50858926325894,7.6411658025974,10.6328173750685,6.71902070219927,12.6012819304493,5.97821383586851,13.8493871176376,1.18719026191181,-2.02041918842298,4.71191558012775,-5.1991211936129,7.55741215855179,-7.27124992789912,9.25514577320084,0.4625,0.2235,0.4625,0.25,raw,iso,8.82050928062201,1.47462479236157,NA,NA,NA,NA,NA,NA,NA,NA,NA,NA,NA,NA,NA,NA,NA,NA,NA,NA,NA,NA,NA,NA,NA,NA,NA,NA,NA,NA
WR,00-0038124,Christian Watson,GB,DET,2025_13_GB_DET,2025,13,NA,Full Participation in Practice,NA,NA,0.171756944196773,6.09810451729917,4.23068105663763,7.22233262910876,3.3085359562395,9.19079718448951,2.56772908990874,10.4389023716779,1.04739179728384,-1.58128646621812,3.93595069831907,-4.18627469703928,6.26787268582655,-5.88441153300212,7.65918778173973,0.21,0.064,0.21,0.0847457627118644,raw,iso,5.41002453466224,1.2829481871973,NA,NA,NA,NA,NA,NA,NA,NA,NA,NA,NA,NA,NA,NA,NA,NA,NA,NA,NA,NA,NA,NA,NA,NA,NA,NA,NA,NA
WR,00-0038359,Xavier Smith,LA,CAR,2025_13_LA_CAR,2025,13,NA,Full Participation in Practice,NA,NA,0.102968103234037,4.52231450792965,2.65489104726811,5.64654261973924,1.73274594686998,7.61500717512,0.991939080539223,8.86311236230835,0.465654147109281,-1.83346475350586,2.99207225506852,-4.11186365858223,5.03163943629366,-5.59710380744386,6.24852431647815,0.087,0.021,0.087,0.0168067226890756,raw,iso,3.83423452529272,0.671678655977558,NA,NA,NA,NA,NA,NA,NA,NA,NA,NA,NA,NA,NA,NA,NA,NA,NA,NA,NA,NA,NA,NA,NA,NA,NA,NA,NA,NA
WR,00-0038393,Dontayvion Wicks,GB,DET,2025_13_GB_DET,2025,13,NA,Full Participation in Practice,NA,NA,0.111618589161828,5.30328334348527,3.43585988282374,6.42751145529486,2.5137147824256,8.39597601067562,1.77290791609485,9.64408119786397,0.591945004725248,-1.87728415107724,3.30529108276027,-4.32426025286031,5.49576446269357,-5.91939231756401,6.802685833573,0.1425,0.038,0.1425,0.0495867768595041,raw,iso,4.61520336084834,0.813213127905534,NA,NA,NA,NA,NA,NA,NA,NA,NA,NA,NA,NA,NA,NA,NA,NA,NA,NA,NA,NA,NA,NA,NA,NA,NA,NA,NA,NA
WR,00-0038543,Jaxon Smith-Njigba,SEA,MIN,2025_13_MIN_SEA,2025,13,NA,Full Participation in Practice,NA,NA,0.183262988175306,8.5960988972974,6.72867543663587,9.720327009107,5.80653033623774,11.6887915644878,5.06572346990698,12.9368967516761,1.57534677056918,-1.49048994827203,4.94428319245426,-4.52869689854406,7.66401202121142,-6.50923987240193,9.28670771879979,0.426,0.216,0.426,0.25,raw,iso,7.90801891466048,1.85007701792637,NA,NA,NA,NA,NA,NA,NA,NA,NA,NA,NA,NA,NA,NA,NA,NA,NA,NA,NA,NA,NA,NA,NA,NA,NA,NA,NA,NA
WR,00-0038544,Quentin Johnston,LAC,LV,2025_13_LV_LAC,2025,13,NA,NA,NA,NA,0.1052527849297,6.64732835005137,4.77990488938983,7.77155646186096,3.8577597889917,9.74002101724171,3.11695292266094,10.9881262044301,0.699649821185055,-2.03259133196995,3.70201021359249,-4.74020912854731,6.12580368755187,-6.50524801190042,7.571932875304,0.224,0.072,0.224,0.0984251968503937,raw,iso,5.95924836741444,0.944486502549313,NA,NA,NA,NA,NA,NA,NA,NA,NA,NA,NA,NA,NA,NA,NA,NA,NA,NA,NA,NA,NA,NA,NA,NA,NA,NA,NA,NA
WR,00-0038559,Michael Wilson,ARI,TB,2025_13_ARI_TB,2025,13,NA,NA,NA,NA,0.169168699036365,7.45964552098711,5.59222206032557,8.5838736327967,4.67007695992744,10.5523381881775,3.92927009359668,11.8004433753658,1.26193852805784,-1.61516072744101,4.42347821856428,-4.4663311439735,6.97577649990706,-6.32494894985707,8.49857663950395,0.312,0.1285,0.312,0.203703703703704,raw,iso,6.77156553835018,1.51975597321948,NA,NA,NA,NA,NA,NA,NA,NA,NA,NA,NA,NA,NA,NA,NA,NA,NA,NA,NA,NA,NA,NA,NA,NA,NA,NA,NA,NA
WR,00-0038563,Tre Tucker,LV,LAC,2025_13_LV_LAC,2025,13,NA,Full Participation in Practice,NA,NA,0.094978061364809,6.97063839278231,5.10321493212077,8.0948665045919,4.18106983172264,10.0633310599727,3.44026296539188,11.311436247161,0.662057721021571,-2.12894884271622,3.72899328497767,-4.89480244740788,6.20491803530723,-6.69780402470367,7.68215076433202,0.2425,0.092,0.2425,0.126829268292683,raw,iso,6.28255841014538,0.912160382692686,NA,NA,NA,NA,NA,NA,NA,NA,NA,NA,NA,NA,NA,NA,NA,NA,NA,NA,NA,NA,NA,NA,NA,NA,NA,NA,NA,NA
WR,00-0038606,Parker Washington,JAX,TEN,2025_13_JAX_TEN,2025,13,NA,NA,NA,NA,0.21856476496799,6.93940561145634,5.0719821507948,8.06363372326593,4.14983705039667,10.0320982786467,3.40903018406591,11.280203465835,1.5167095564855,-1.26868663121214,4.57748008234092,-4.02898042139245,7.04842782219801,-5.82835767297686,8.52269107375315,0.284,0.096,0.284,0.126829268292683,raw,iso,6.25132562881941,1.76630947122694,NA,NA,NA,NA,NA,NA,NA,NA,NA,NA,NA,NA,NA,NA,NA,NA,NA,NA,NA,NA,NA,NA,NA,NA,NA,NA,NA,NA
WR,00-0038608,Kayshon Boutte,NE,NYG,2025_13_NYG_NE,2025,13,NA,NA,NA,NA,0.143375324468438,5.37349927567976,3.50607581501822,6.49772738748935,2.58393071462009,8.4661919428701,1.84312384828933,9.71429713005845,0.770427202181503,-1.71339777171708,3.4998120936631,-4.17483815195046,5.70323354320863,-5.77939917443272,7.01788023457945,0.155,0.0425,0.155,0.0495867768595041,raw,iso,4.68541929304283,0.993003259568226,NA,NA,NA,NA,NA,NA,NA,NA,NA,NA,NA,NA,NA,NA,NA,NA,NA,NA,NA,NA,NA,NA,NA,NA,NA,NA,NA,NA
WR,00-0038618,Xavier Hutchinson,HOU,IND,2025_13_HOU_IND,2025,13,NA,NA,NA,NA,0.1241584523519,5.07111496927325,3.20369150861171,6.19534308108284,2.28154640821358,8.16380763646359,1.54073954188282,9.41191282365194,0.62962178628352,-1.79057184911813,3.28908451507518,-4.18895434577655,5.43605808379947,-5.75240926511811,6.71702578027268,0.126,0.0365,0.126,0.0495867768595041,raw,iso,4.38303498663632,0.846495826580587,NA,NA,NA,NA,NA,NA,NA,NA,NA,NA,NA,NA,NA,NA,NA,NA,NA,NA,NA,NA,NA,NA,NA,NA,NA,NA,NA,NA
WR,00-0038621,DeMario Douglas,NE,NYG,2025_13_NYG_NE,2025,13,NA,NA,NA,NA,0.128120639058074,4.73230645605455,2.86488299539302,5.85653456786414,1.94273789499488,7.8249991232449,1.20193102866413,9.07310431043325,0.606306127368359,-1.74005048598214,3.18463203913942,-4.06526139062311,5.26610418168926,-5.58101729379225,6.50799118698645,0.1025,0.03,0.1025,0.0333333333333333,raw,iso,4.04422647341762,0.816563617211982,NA,NA,NA,NA,NA,NA,NA,NA,NA,NA,NA,NA,NA,NA,NA,NA,NA,NA,NA,NA,NA,NA,NA,NA,NA,NA,NA,NA
WR,00-0038839,Mitchell Tinsley,CIN,BAL,2025_13_CIN_BAL,2025,13,NA,NA,NA,NA,0.153648343813536,4.65595147035002,2.78852800968849,5.78017958215961,1.86638290929035,7.74864413754037,1.12557604295959,8.99674932472872,0.715379232295477,-1.61393778369657,3.27498095050386,-3.92226265432075,5.34133712687018,-5.42701090838116,6.57420536050472,0.0985,0.0225,0.0985,0.0333333333333333,raw,iso,3.96787148771309,0.924109800379574,NA,NA,NA,NA,NA,NA,NA,NA,NA,NA,NA,NA,NA,NA,NA,NA,NA,NA,NA,NA,NA,NA,NA,NA,NA,NA,NA,NA
WR,00-0038953,Dylan Drummond,ATL,NYJ,2025_13_ATL_NYJ,2025,13,NA,NA,NA,NA,0.0478444218358758,4.70970822548769,2.84228476482615,5.83393633729728,1.92013966442802,7.80240089267804,1.17933279809726,9.05050607986639,0.225333267064127,-2.11599617082937,2.79813499863595,-4.43622520565324,4.87514749272062,-5.94873353305667,6.1143736987864,0.0845,0.0235,0.0845,0.0333333333333333,raw,iso,4.02162824285076,0.435140270700078,NA,NA,NA,NA,NA,NA,NA,NA,NA,NA,NA,NA,NA,NA,NA,NA,NA,NA,NA,NA,NA,NA,NA,NA,NA,NA,NA,NA
WR,00-0038994,Jordan Addison,MIN,SEA,2025_13_MIN_SEA,2025,13,NA,NA,NA,NA,0.115701006529129,7.03378631726448,5.16636285660295,8.15801442907408,4.24421775620481,10.1264789844548,3.50341088987406,11.3745841716432,0.813816156618316,-1.98849150083948,3.89317008128048,-4.76554435214294,6.37912012428069,-6.57584648188712,7.86233433172043,0.244,0.0975,0.244,0.126829268292683,raw,iso,6.34570633462755,1.06493151157933,NA,NA,NA,NA,NA,NA,NA,NA,NA,NA,NA,NA,NA,NA,NA,NA,NA,NA,NA,NA,NA,NA,NA,NA,NA,NA,NA,NA
WR,00-0038997,Josh Downs,IND,HOU,2025_13_HOU_IND,2025,13,NA,NA,NA,NA,0.056145017490663,6.16156880942281,4.29414534876128,7.2857969212324,3.37200024836314,9.25426147661316,2.63119338203238,10.5023666638015,0.345941388574967,-2.29496006936872,3.24793191324932,-4.91206133741691,5.59069719651954,-6.61809440663995,6.98848182321675,0.1695,0.051,0.1695,0.0660377358490566,raw,iso,5.47348882678588,0.58259310141017,NA,NA,NA,NA,NA,NA,NA,NA,NA,NA,NA,NA,NA,NA,NA,NA,NA,NA,NA,NA,NA,NA,NA,NA,NA,NA,NA,NA
WR,00-0039064,Zay Flowers,BAL,CIN,2025_13_CIN_BAL,2025,13,NA,NA,NA,NA,0.187080421700006,8.15363224257359,6.28620878191205,9.27786035438318,5.36406368151392,11.2463249097639,4.62325681518316,12.4944300969523,1.52538495832743,-1.46870930410627,4.81548620516833,-4.43582035147281,7.47157171406497,-6.37001740707221,9.05629533876653,0.3795,0.178,0.3795,0.222222222222222,raw,iso,7.46555225993666,1.79368634968139,NA,NA,NA,NA,NA,NA,NA,NA,NA,NA,NA,NA,NA,NA,NA,NA,NA,NA,NA,NA,NA,NA,NA,NA,NA,NA,NA,NA
WR,00-0039067,Rashee Rice,KC,DAL,2025_13_KC_DAL,2025,13,NA,Full Participation in Practice,NA,NA,0.147964624172304,8.95538418200722,7.08796072134569,10.0796122938168,6.16581562094756,12.0480768491976,5.4250087546168,13.2961820363859,1.3250800548093,-1.79752557307627,4.75639776534387,-4.89198982268783,7.52648675762709,-6.90920574238472,9.17922928187682,0.447,0.214,0.447,0.222222222222222,raw,iso,8.2673041993703,1.6048973755674,NA,NA,NA,NA,NA,NA,NA,NA,NA,NA,NA,NA,NA,NA,NA,NA,NA,NA,NA,NA,NA,NA,NA,NA,NA,NA,NA,NA
WR,00-0039075,Puka Nacua,LA,CAR,2025_13_LA_CAR,2025,13,NA,NA,NA,NA,0.132756187031137,8.14207494137917,6.27465148071763,9.26630305318876,5.3525063803195,11.2347676085695,4.61169951398874,12.4828727957579,1.08091082373927,-1.91128106492699,4.36892162126374,-4.8765068829965,7.02331951883177,-6.80947499741466,8.6070362491646,0.3375,0.14,0.3375,0.203703703703704,raw,iso,7.45399495874224,1.34904174299584,NA,NA,NA,NA,NA,NA,NA,NA,NA,NA,NA,NA,NA,NA,NA,NA,NA,NA,NA,NA,NA,NA,NA,NA,NA,NA,NA,NA
WR,00-0039410,Ryan Flournoy,DAL,KC,2025_13_KC_DAL,2025,13,NA,NA,NA,NA,0.110466980217346,4.62008550086975,2.75266204020821,5.74431361267934,1.83051693981008,7.7127781680601,1.08971007347932,8.96088335524845,0.510366893627025,-1.81089292956072,3.06111485581841,-4.11123321997967,5.12032343054827,-5.61077649476004,6.34892712784341,0.096,0.0275,0.096,0.0333333333333333,raw,iso,3.93200551823282,0.718375455037209,NA,NA,NA,NA,NA,NA,NA,NA,NA,NA,NA,NA,NA,NA,NA,NA,NA,NA,NA,NA,NA,NA,NA,NA,NA,NA,NA,NA
WR,00-0039424,Devaughn Vele,NO,MIA,2025_13_NO_MIA,2025,13,NA,NA,NA,NA,0.177751969688638,5.11910720246858,3.25168374180705,6.24333531427818,2.32953864140892,8.21179986965893,1.58873177507816,9.45990505684728,0.909931388286083,-1.52049853621439,3.5806424027278,-3.92902507103829,5.73669666723425,-5.49909267471769,7.02308225898474,0.1405,0.036,0.1405,0.0495867768595041,raw,iso,4.43102721983166,1.12772270451597,NA,NA,NA,NA,NA,NA,NA,NA,NA,NA,NA,NA,NA,NA,NA,NA,NA,NA,NA,NA,NA,NA,NA,NA,NA,NA,NA,NA
WR,00-0039491,Jalen Coker,CAR,LA,2025_13_LA_CAR,2025,13,NA,NA,NA,NA,0.112351823012811,5.64023730975633,3.77281384909479,6.76446542156592,2.85066874869666,8.73292997694668,2.1098618823659,9.98103516413503,0.633690943975994,-1.90464245593452,3.42297316154893,-4.42010002427843,5.67474948163396,-6.05987371137866,7.01824656409975,0.17,0.0515,0.17,0.0660377358490566,raw,iso,4.9521573271194,0.861151512422709,NA,NA,NA,NA,NA,NA,NA,NA,NA,NA,NA,NA,NA,NA,NA,NA,NA,NA,NA,NA,NA,NA,NA,NA,NA,NA,NA,NA
WR,00-0039623,Mason Tipton,NO,MIA,2025_13_NO_MIA,2025,13,NA,NA,NA,NA,-0.00636292315784285,4.51637924367087,2.64895578300933,5.64060735548046,1.7268106826112,7.60907191086121,0.986003816280439,8.85717709804956,-0.0287373740791541,-2.32650372509716,2.49619446633941,-4.60356226995103,4.53456178975443,-6.08792866627882,5.75073078823571,0.067,0.0145,0.067,0,raw,iso,3.82829926103394,0.177165932546648,NA,NA,NA,NA,NA,NA,NA,NA,NA,NA,NA,NA,NA,NA,NA,NA,NA,NA,NA,NA,NA,NA,NA,NA,NA,NA,NA,NA
WR,00-0039849,Marvin Harrison Jr.,ARI,TB,2025_13_ARI_TB,2025,13,Questionable,Limited Participation in Practice,NA,NA,0.174829074140164,7.91908333010256,6.05165986944102,9.04331144191215,5.12951476904289,11.0117759972929,4.38870790271213,12.2598811844813,1.38448600664064,-1.57070475537598,4.63183761235143,-4.49926290635676,7.25341150783641,-6.40832814265997,8.81754416552398,0.356,0.1635,0.356,0.222222222222222,raw,iso,7.23100334746563,1.64930124746774,NA,NA,NA,NA,NA,NA,NA,NA,NA,NA,NA,NA,NA,NA,NA,NA,NA,NA,NA,NA,NA,NA,NA,NA,NA,NA,NA,NA
WR,00-0039868,Troy Franklin,DEN,WAS,2025_13_DEN_WAS,2025,13,NA,NA,NA,NA,0.114662289197131,7.30019879069066,5.43277533002913,8.42442690250026,4.510630229631,10.392891457881,3.76982336330024,11.6409966450694,0.837057504934719,-2.0123219505421,3.96813691576362,-4.83602238194148,6.49584473578665,-6.67673308441247,8.00397325247638,0.28,0.1065,0.28,0.126829268292683,raw,iso,6.61211880805374,1.09239097321985,NA,NA,NA,NA,NA,NA,NA,NA,NA,NA,NA,NA,NA,NA,NA,NA,NA,NA,NA,NA,NA,NA,NA,NA,NA,NA,NA,NA
WR,00-0039880,Malik Washington,MIA,NO,2025_13_NO_MIA,2025,13,NA,NA,NA,NA,0.141085233672981,5.72289144362171,3.85546798296018,6.8471195554313,2.93332288256204,8.81558411081206,2.19251601623128,10.0636892980004,0.80741547660847,-1.74751854493747,3.61493951329389,-4.27942712768851,5.88144238060815,-5.92992488379726,7.23372589228576,0.179,0.0575,0.179,0.0843373493975904,raw,iso,5.03481146098478,1.03636363011154,NA,NA,NA,NA,NA,NA,NA,NA,NA,NA,NA,NA,NA,NA,NA,NA,NA,NA,NA,NA,NA,NA,NA,NA,NA,NA,NA,NA
WR,00-0039890,Adonai Mitchell,NYJ,ATL,2025_13_ATL_NYJ,2025,13,NA,NA,NA,NA,0.0668234432698606,5.23421895446173,3.3667954938002,6.35844706627133,2.44465039340206,8.32691162165208,1.70384352707131,9.57501680884043,0.349768533365503,-2.10499975386015,3.04722408907062,-4.5376453105274,5.224869114214,-6.12343559539015,6.52413659110788,0.117,0.033,0.117,0.0333333333333333,raw,iso,4.5461389718248,0.56974081519302,NA,NA,NA,NA,NA,NA,NA,NA,NA,NA,NA,NA,NA,NA,NA,NA,NA,NA,NA,NA,NA,NA,NA,NA,NA,NA,NA,NA
WR,00-0039893,Brian Thomas Jr.,JAX,TEN,2025_13_JAX_TEN,2025,13,NA,Full Participation in Practice,NA,NA,0.228138211655795,6.87749420408258,5.01007074342105,8.00172231589217,4.08792564302291,9.97018687127293,3.34711877669215,11.2182920584613,1.56901922839249,-1.20521441063232,4.61752363565332,-3.95444625065981,7.07856898728427,-5.74661245045908,8.54692408998263,0.3015,0.127,0.3015,0.203703703703704,raw,iso,6.18941422144565,1.81761886489368,NA,NA,NA,NA,NA,NA,NA,NA,NA,NA,NA,NA,NA,NA,NA,NA,NA,NA,NA,NA,NA,NA,NA,NA,NA,NA,NA,NA
WR,00-0039894,Xavier Worthy,KC,DAL,2025_13_KC_DAL,2025,13,NA,Full Participation in Practice,NA,NA,0.160373274958514,6.70800176551528,4.84057830485374,7.83222987732487,3.91843320445561,9.80069443270563,3.17762633812485,11.048799619894,1.07578421156318,-1.66760335881655,4.09039299630381,-4.38626711947761,6.52407454814977,-6.15850663363485,7.97610334665512,0.255,0.0905,0.255,0.104477611940299,raw,iso,6.01992178287835,1.32161972562537,NA,NA,NA,NA,NA,NA,NA,NA,NA,NA,NA,NA,NA,NA,NA,NA,NA,NA,NA,NA,NA,NA,NA,NA,NA,NA,NA,NA
WR,00-0039901,Keon Coleman,BUF,PIT,2025_13_BUF_PIT,2025,13,NA,NA,NA,NA,0.135015110394285,6.13264322910813,4.2652197684466,7.25687134091772,3.34307466804846,9.22533589629848,2.6022678017177,10.4734410834868,0.8279995025868,-1.80733956190051,3.72387771547596,-4.41892856559507,6.06170855401622,-6.12136830605074,7.45654909961659,0.1865,0.055,0.1865,0.0660377358490566,raw,iso,5.4445632464712,1.06415276822135,NA,NA,NA,NA,NA,NA,NA,NA,NA,NA,NA,NA,NA,NA,NA,NA,NA,NA,NA,NA,NA,NA,NA,NA,NA,NA,NA,NA
WR,00-0039915,Ladd McConkey,LAC,LV,2025_13_LV_LAC,2025,13,NA,NA,NA,NA,0.108735210547509,7.66499600930774,5.79757254864621,8.78922412111733,4.87542744824807,10.7576886764981,4.13462058191731,12.0057938636864,0.833454954917893,-2.07886696646813,4.03369955141426,-4.96494261707518,6.61724414775167,-6.846314408197,8.15868705068996,0.29,0.1145,0.29,0.134146341463415,raw,iso,6.97691602667081,1.09442871028102,NA,NA,NA,NA,NA,NA,NA,NA,NA,NA,NA,NA,NA,NA,NA,NA,NA,NA,NA,NA,NA,NA,NA,NA,NA,NA,NA,NA
WR,00-0039916,Ricky Pearsall,SF,CLE,2025_13_SF_CLE,2025,13,NA,Full Participation in Practice,NA,NA,0.0647922728717771,6.06202853383853,4.194605073177,7.18625664564812,3.27245997277886,9.15472120102888,2.53165310644811,10.4028263882172,0.392772606920965,-2.2289261220987,3.27366195145936,-4.82699771902233,5.59939233684199,-6.5206257473586,6.9870132828006,0.1625,0.056,0.1625,0.0660377358490566,raw,iso,5.3739485512016,0.627703559340323,NA,NA,NA,NA,NA,NA,NA,NA,NA,NA,NA,NA,NA,NA,NA,NA,NA,NA,NA,NA,NA,NA,NA,NA,NA,NA,NA,NA
WR,00-0039919,Rome Odunze,CHI,PHI,2025_13_CHI_PHI,2025,13,NA,NA,NA,NA,0.149156175833522,7.45472123131013,5.5872977706486,8.57894934311972,4.66515267025046,10.5474138985005,3.92434580391971,11.7955190856888,1.11191771076718,-1.76433037831523,4.27252208546773,-4.61465729926742,6.82406529012079,-6.47272524818851,8.34641492168071,0.309,0.1255,0.309,0.203703703703704,raw,iso,6.7666412486732,1.3696588827344,NA,NA,NA,NA,NA,NA,NA,NA,NA,NA,NA,NA,NA,NA,NA,NA,NA,NA,NA,NA,NA,NA,NA,NA,NA,NA,NA,NA
WR,00-0040129,Emeka Egbuka,TB,ARI,2025_13_ARI_TB,2025,13,NA,NA,NA,NA,0.0914982434928115,8.34006284313355,6.47263938247201,9.46429095494314,5.55049428207388,11.4327555103239,4.80968741574312,12.6808606975122,0.763101100766383,-2.26147701204234,4.08669994164958,-5.25879718486923,6.76982792354126,-7.21268693163687,8.37068613641103,0.3505,0.1575,0.3505,0.222222222222222,raw,iso,7.65198286049662,1.03413415610703,NA,NA,NA,NA,NA,NA,NA,NA,NA,NA,NA,NA,NA,NA,NA,NA,NA,NA,NA,NA,NA,NA,NA,NA,NA,NA,NA,NA
WR,00-0040130,Jayden Higgins,HOU,IND,2025_13_HOU_IND,2025,13,NA,NA,NA,NA,0.140954674552575,6.3194653136333,4.45204185297177,7.44369342544289,3.52989675257363,9.41215798082365,2.78908988624287,10.660263168012,0.890758176629471,-1.78025577427927,3.82583822419991,-4.42719815710511,6.19531654626946,-6.15268401910109,7.60903920791738,0.1975,0.064,0.1975,0.0847457627118644,raw,iso,5.63138533099637,1.13010827603888,NA,NA,NA,NA,NA,NA,NA,NA,NA,NA,NA,NA,NA,NA,NA,NA,NA,NA,NA,NA,NA,NA,NA,NA,NA,NA,NA,NA
WR,00-0040134,Pat Bryant,DEN,WAS,2025_13_DEN_WAS,2025,13,NA,Full Participation in Practice,NA,NA,0.142061647792362,5.25979721555114,3.39237375488961,6.38402532736074,2.47022865449147,8.35248988274149,1.72942178816072,9.60059506992984,0.747215459494872,-1.71292067498913,3.45056954724661,-4.15088570309075,5.63297643359648,-5.74014363908669,6.93508502156386,0.136,0.037,0.136,0.0495867768595041,raw,iso,4.57171723291421,0.96766875519896,NA,NA,NA,NA,NA,NA,NA,NA,NA,NA,NA,NA,NA,NA,NA,NA,NA,NA,NA,NA,NA,NA,NA,NA,NA,NA,NA,NA
WR,00-0040170,Elic Ayomanor,TEN,JAX,2025_13_JAX_TEN,2025,13,Questionable,Limited Participation in Practice,NA,NA,0.110415550823795,6.18955575444759,4.32213229378606,7.31378386625719,3.39998719338792,9.28224842163794,2.65918032705717,10.5303536088263,0.683423207981923,-1.962846442093,3.59131264367117,-4.58526752334042,5.93884009408744,-6.29476846648593,7.33946601439356,0.189,0.06,0.189,0.0843373493975904,raw,iso,5.50147577181066,0.920555965597827,NA,NA,NA,NA,NA,NA,NA,NA,NA,NA,NA,NA,NA,NA,NA,NA,NA,NA,NA,NA,NA,NA,NA,NA,NA,NA,NA,NA
WR,00-0040259,Gage Larvadain,CLE,SF,2025_13_SF_CLE,2025,13,NA,NA,NA,NA,0.0869871139253192,4.51152971339377,2.64410625273224,5.63575782520336,1.7219611523341,7.60422238058412,0.981154286003345,8.85232756777247,0.392444949156447,-1.9042155448471,2.91616160353771,-4.18017819883155,4.95354791215039,-5.66383020703598,6.16913159915423,0.079,0.019,0.079,0.0168067226890756,raw,iso,3.82344973075684,0.598249159711915,NA,NA,NA,NA,NA,NA,NA,NA,NA,NA,NA,NA,NA,NA,NA,NA,NA,NA,NA,NA,NA,NA,NA,NA,NA,NA,NA,NA
WR,00-0040705,Chimere Dike,TEN,JAX,2025_13_JAX_TEN,2025,13,NA,NA,NA,NA,0.11563676625258,5.53978239602323,3.6723589353617,6.66401050783282,2.75021383496356,8.63247506321358,2.0094069686328,9.88058025040193,0.640602522019097,-1.87737327310239,3.40751450838741,-4.37265670236681,5.64123143075928,-5.99927929408035,6.97395357615769,0.1425,0.0405,0.1425,0.0495867768595041,raw,iso,4.8517024133863,0.866238841390538,NA,NA,NA,NA,NA,NA,NA,NA,NA,NA,NA,NA,NA,NA,NA,NA,NA,NA,NA,NA,NA,NA,NA,NA,NA,NA,NA,NA
WR,00-0040727,Tre Harris,LAC,LV,2025_13_LV_LAC,2025,13,NA,Full Participation in Practice,NA,NA,0.0863265575320006,4.69488504568452,2.82746158502298,5.81911315749411,1.90531648462485,7.78757771287486,1.16450961829409,9.03568290006321,0.405293264002414,-1.93273139312232,2.97446349222972,-4.24968543034471,5.04854428826463,-5.76005885594744,6.28602132957484,0.0975,0.0215,0.0975,0.0333333333333333,raw,iso,4.00680506304759,0.614804125566453,NA,NA,NA,NA,NA,NA,NA,NA,NA,NA,NA,NA,NA,NA,NA,NA,NA,NA,NA,NA,NA,NA,NA,NA,NA,NA,NA,NA
WR,00-0040729,Jack Bech,LV,LAC,2025_13_LV_LAC,2025,13,NA,NA,NA,NA,-0.00235205161535603,4.5212657055865,2.65384224492497,5.6454938173961,1.73169714452683,7.61395837277685,0.990890278196077,8.8620635599652,-0.0106342503062785,-2.30951421732842,2.51552130222105,-4.58767634211625,4.5548765235016,-6.07276213890624,5.77163494016278,0.0745,0.0165,0.0745,0,raw,iso,3.83318572294957,0.19536884767449,NA,NA,NA,NA,NA,NA,NA,NA,NA,NA,NA,NA,NA,NA,NA,NA,NA,NA,NA,NA,NA,NA,NA,NA,NA,NA,NA,NA
WR,00-0040735,Luther Burden III,CHI,PHI,2025_13_CHI_PHI,2025,13,NA,NA,NA,NA,0.131251069277808,4.91632674996032,3.04890328929879,6.04055486176991,2.12675818890065,8.00901941715067,1.38595132256989,9.25712460433902,0.645273142851381,-1.74153629531133,3.26805119195919,-4.10683545799528,5.38540936626352,-5.64872405031324,6.64870736986165,0.105,0.0225,0.105,0.0333333333333333,raw,iso,4.22824676732339,0.859155618493711,NA,NA,NA,NA,NA,NA,NA,NA,NA,NA,NA,NA,NA,NA,NA,NA,NA,NA,NA,NA,NA,NA,NA,NA,NA,NA,NA,NA
TE,00-0030061,Zach Ertz,WAS,DEN,2025_13_DEN_WAS,2025,13,NA,Did Not Participate In Practice,NA,NA,0.164502765238196,6.52536885938223,5.01336374637496,7.48893600945666,4.13946516738868,9.47988446255647,3.57477306395179,10.9761737303962,1.07344122156759,-0.91796207621886,3.7773191462613,-3.17938255161963,6.01667904038156,-4.82584045274036,7.61867284179856,0.3835,0.162,0.3835,0.162,raw,raw,5.93239603855528,1.44142369055531,NA,NA,NA,NA,NA,NA,NA,NA,NA,NA,NA,NA,NA,NA,NA,NA,NA,NA,NA,NA,NA,NA,NA,NA,NA,NA,NA,NA
TE,00-0030506,Travis Kelce,KC,DAL,2025_13_KC_DAL,2025,13,NA,NA,NA,NA,0.186381625626413,7.5866851888258,6.07468007581853,8.55025233890022,5.20078149683225,10.541200792,4.63608939339536,12.0374900598398,1.41401871860918,-0.755241888532466,4.3593868793819,-3.21863559633806,6.79874971910785,-5.01214285335041,8.54382167422705,0.506,0.249,0.506,0.249,raw,raw,6.99371236799885,1.81486664076593,NA,NA,NA,NA,NA,NA,NA,NA,NA,NA,NA,NA,NA,NA,NA,NA,NA,NA,NA,NA,NA,NA,NA,NA,NA,NA,NA,NA
TE,00-0031610,Darren Waller,MIA,NO,2025_13_NO_MIA,2025,13,Questionable,Limited Participation in Practice,NA,NA,0.24344896871584,4.95292143943277,3.4409163264255,5.91648858950719,2.56701774743922,7.907437042607,2.00232564400233,9.40372631044678,1.20578361656048,-0.497096097139776,3.51791138666154,-2.43087166936409,5.43282261514555,-3.83878324729332,6.80271225474738,0.249,0.076,0.249,0.076,raw,raw,4.35994861860582,1.5204511086416,NA,NA,NA,NA,NA,NA,NA,NA,NA,NA,NA,NA,NA,NA,NA,NA,NA,NA,NA,NA,NA,NA,NA,NA,NA,NA,NA,NA
TE,00-0033090,Hunter Henry,NE,NYG,2025_13_NYG_NE,2025,13,NA,Full Participation in Practice,NA,NA,0.171729768764796,6.62442379694549,5.11241868393822,7.58799094701991,4.23852010495194,9.57893940011972,3.67382800151505,11.0752286679595,1.13761076684946,-0.870897076576103,3.8647128186785,-3.15174132704731,6.1233070052969,-4.81234097150245,7.7390606393507,0.402,0.174,0.402,0.174,raw,raw,6.03145097611854,1.50875390798339,NA,NA,NA,NA,NA,NA,NA,NA,NA,NA,NA,NA,NA,NA,NA,NA,NA,NA,NA,NA,NA,NA,NA,NA,NA,NA,NA,NA
TE,00-0033288,George Kittle,SF,CLE,2025_13_SF_CLE,2025,13,NA,NA,NA,NA,0.313357930883068,7.52453015476322,6.01252504175595,8.48809730483765,5.13862646276967,10.4790457579375,4.57393435933278,11.9753350257772,2.35787120016386,0.198717210645189,5.28951684660987,-2.2531995090209,7.71751465837024,-4.03835078889017,9.45445629714251,0.57,0.3125,0.57,0.3125,raw,raw,6.93155733393627,2.75685156585419,NA,NA,NA,NA,NA,NA,NA,NA,NA,NA,NA,NA,NA,NA,NA,NA,NA,NA,NA,NA,NA,NA,NA,NA,NA,NA,NA,NA
TE,00-0033881,Evan Engram,DEN,WAS,2025_13_DEN_WAS,2025,13,NA,NA,NA,NA,0.193917943406656,6.46840657637385,4.95640146336659,7.43197372644828,4.08250288438031,9.42292217954809,3.51781078094341,10.9192114473879,1.25434010040851,-0.727176252667717,3.94479377719907,-2.97736919860135,6.17303566850992,-4.6156527443546,7.76707587049363,0.4065,0.1585,0.4065,0.1585,raw,raw,5.87543375554691,1.62049560530048,NA,NA,NA,NA,NA,NA,NA,NA,NA,NA,NA,NA,NA,NA,NA,NA,NA,NA,NA,NA,NA,NA,NA,NA,NA,NA,NA,NA
TE,00-0034073,Ross Dwelley,DET,GB,2025_13_GB_DET,2025,13,NA,NA,NA,NA,0.181252355551408,3.98571150015783,2.47370638715056,4.94927865023226,1.59980780816428,6.94022710333207,1.03511570472739,8.43651637117185,0.722419597951941,-0.782872687509691,2.76626806671546,-2.49226967384069,4.45898956453478,-3.73681937386843,5.66992906298336,0.1485,0.026,0.1485,0.026,raw,raw,3.39273867933088,1.00057579683343,NA,NA,NA,NA,NA,NA,NA,NA,NA,NA,NA,NA,NA,NA,NA,NA,NA,NA,NA,NA,NA,NA,NA,NA,NA,NA,NA,NA
TE,00-0034351,Dallas Goedert,PHI,CHI,2025_13_CHI_PHI,2025,13,NA,NA,NA,NA,0.274284499574959,5.96404317145985,4.45203805845259,6.92761032153428,3.5781394794663,8.91855877463409,3.01344737602941,10.4148480424739,1.63584459672732,-0.256427006272519,4.20512396899876,-2.40527438078468,6.33300893396326,-3.96977190636806,7.85525577465732,0.3695,0.156,0.3695,0.156,raw,raw,5.37107035063291,1.9855089651861,NA,NA,NA,NA,NA,NA,NA,NA,NA,NA,NA,NA,NA,NA,NA,NA,NA,NA,NA,NA,NA,NA,NA,NA,NA,NA,NA,NA
TE,00-0034383,Dalton Schultz,HOU,IND,2025_13_HOU_IND,2025,13,NA,NA,NA,NA,0.158284418373495,6.29551151375489,4.78350640074762,7.25907866382931,3.90960782176134,9.25002711692913,3.34491571832445,10.7463163847689,0.996481378318333,-0.954792607143638,3.64587271968264,-3.17064258024827,5.84010666031174,-4.78392225804446,7.40981824663429,0.389,0.143,0.389,0.143,raw,raw,5.70253869292794,1.35704853196317,NA,NA,NA,NA,NA,NA,NA,NA,NA,NA,NA,NA,NA,NA,NA,NA,NA,NA,NA,NA,NA,NA,NA,NA,NA,NA,NA,NA
TE,00-0034753,Mark Andrews,BAL,CIN,2025_13_CIN_BAL,2025,13,NA,NA,NA,NA,0.234794311830687,5.51383430646563,4.00182919345836,6.47740145654006,3.12793061447208,8.46834990963987,2.56323851103519,9.96463917747965,1.29461693153503,-0.515193790204171,3.75193296783166,-2.57039929643698,5.78708955852152,-4.0667195875868,7.24300035327966,0.3125,0.1015,0.3125,0.1015,raw,raw,4.92086148563868,1.62904372420245,NA,NA,NA,NA,NA,NA,NA,NA,NA,NA,NA,NA,NA,NA,NA,NA,NA,NA,NA,NA,NA,NA,NA,NA,NA,NA,NA,NA
TE,00-0034829,Mike Gesicki,CIN,BAL,2025_13_CIN_BAL,2025,13,NA,NA,NA,NA,0.285701622213558,5.41984610988076,3.90784099687349,6.38341325995518,3.03394241788721,8.37436171305499,2.46925031445032,9.87065098089477,1.54845882574077,-0.243774214787524,3.98190832317693,-2.27901865725962,5.99729857403042,-3.76080602474438,7.43906892000328,0.342,0.1245,0.342,0.1245,raw,raw,4.82687328905381,1.87963751766523,NA,NA,NA,NA,NA,NA,NA,NA,NA,NA,NA,NA,NA,NA,NA,NA,NA,NA,NA,NA,NA,NA,NA,NA,NA,NA,NA,NA
TE,00-0035229,T.J. Hockenson,MIN,SEA,2025_13_MIN_SEA,2025,13,NA,NA,NA,NA,0.135921180374863,5.80932658196764,4.29732146896038,6.77289373204207,3.4234228899741,8.76384218514188,2.8587307865372,10.2601314529817,0.789610526204111,-1.07463663220185,3.32083900382583,-3.19165968821119,5.41721010248897,-4.73298708633852,6.91691254618547,0.327,0.121,0.327,0.121,raw,raw,5.2163537611407,1.13409638344664,NA,NA,NA,NA,NA,NA,NA,NA,NA,NA,NA,NA,NA,NA,NA,NA,NA,NA,NA,NA,NA,NA,NA,NA,NA,NA,NA,NA
TE,00-0035689,Dawson Knox,BUF,PIT,2025_13_BUF_PIT,2025,13,NA,NA,NA,NA,0.213144029435382,4.47498128949828,2.96297617649101,5.4385484395727,2.08907759750473,7.42949689267251,1.52438549406784,8.9257861605123,0.953815543691606,-0.653741862077529,3.13651705220501,-2.47927024039717,4.94423705848245,-3.80837097814113,6.23744421663405,0.216,0.0565,0.216,0.0565,raw,raw,3.88200846867133,1.25086885472708,NA,NA,NA,NA,NA,NA,NA,NA,NA,NA,NA,NA,NA,NA,NA,NA,NA,NA,NA,NA,NA,NA,NA,NA,NA,NA,NA,NA
TE,00-0036040,Juwan Johnson,NO,MIA,2025_13_NO_MIA,2025,13,NA,NA,NA,NA,0.181120526614373,5.91280370710283,4.40079859409556,6.87637085717726,3.52690001510928,8.86731931027706,2.96220791167239,10.3636085781168,1.07093012119788,-0.812095462366903,3.62765547798209,-2.95044313664777,5.74514316926218,-4.50729621282721,7.25995200589187,0.355,0.12,0.355,0.12,raw,raw,5.31983088627588,1.41888595926315,NA,NA,NA,NA,NA,NA,NA,NA,NA,NA,NA,NA,NA,NA,NA,NA,NA,NA,NA,NA,NA,NA,NA,NA,NA,NA,NA,NA
TE,00-0036244,Colby Parkinson,LA,CAR,2025_13_LA_CAR,2025,13,NA,NA,NA,NA,0.0872452159083501,4.62556578760363,3.11356067459637,5.58913293767806,2.23966209561009,7.58008139077787,1.67496999217319,9.07637065861765,0.403558485837757,-1.23448723697527,2.62765627380278,-3.09463788618307,4.46966080421613,-4.44894583863065,5.7873944332108,0.1795,0.047,0.1795,0.047,raw,raw,4.03259296677669,0.706245596010531,NA,NA,NA,NA,NA,NA,NA,NA,NA,NA,NA,NA,NA,NA,NA,NA,NA,NA,NA,NA,NA,NA,NA,NA,NA,NA,NA,NA
TE,00-0036290,Cole Kmet,CHI,PHI,2025_13_CHI_PHI,2025,13,NA,NA,NA,NA,0.222372184379023,4.22487227310343,2.71286716009617,5.18843942317786,1.83896858110989,7.17938787627767,1.27427647767299,8.67567714411745,0.939494076092381,-0.616426245791754,3.05208403494259,-2.38331599530259,4.80173744324365,-3.6697240826689,6.05340490504195,0.1795,0.0425,0.1795,0.0425,raw,raw,3.63189945227649,1.22700560237715,NA,NA,NA,NA,NA,NA,NA,NA,NA,NA,NA,NA,NA,NA,NA,NA,NA,NA,NA,NA,NA,NA,NA,NA,NA,NA,NA,NA
TE,00-0036422,Adam Trautman,DEN,WAS,2025_13_DEN_WAS,2025,13,NA,NA,NA,NA,0.189296588173851,4.04361627642183,2.53161116341456,5.00718342649626,1.65771258442828,6.99813187959607,1.09302048099139,8.49442114743585,0.765442765010904,-0.752225259869417,2.82609470530284,-2.47567602955548,4.53273288918224,-3.73045777749173,5.7536281097383,0.1515,0.0425,0.1515,0.0425,raw,raw,3.45064345559488,1.04588582118137,NA,NA,NA,NA,NA,NA,NA,NA,NA,NA,NA,NA,NA,NA,NA,NA,NA,NA,NA,NA,NA,NA,NA,NA,NA,NA,NA,NA
TE,00-0036970,Kyle Pitts,ATL,NYJ,2025_13_ATL_NYJ,2025,13,NA,NA,NA,NA,0.189133286523524,6.11333912791132,4.60133401490405,7.07690627798575,3.72743543591777,9.06785473108556,3.16274333248088,10.5641439989253,1.15623592089473,-0.762781787387718,3.76183049045722,-2.94200180926395,5.9197918119088,-4.52861255340818,7.46355468349546,0.342,0.144,0.342,0.144,raw,raw,5.52036630708437,1.51084258199139,NA,NA,NA,NA,NA,NA,NA,NA,NA,NA,NA,NA,NA,NA,NA,NA,NA,NA,NA,NA,NA,NA,NA,NA,NA,NA,NA,NA
TE,00-0037744,Trey McBride,ARI,TB,2025_13_ARI_TB,2025,13,NA,NA,NA,NA,0.201713067287839,8.51180575044603,6.99980063743876,9.47537290052046,6.12590205845248,11.4663213536203,5.56120995501559,12.96261062146,1.71694244608074,-0.598735484145523,4.86111241064743,-3.22839944607039,7.46512350694933,-5.14296202056743,9.32798157011723,0.5945,0.331,0.5945,0.331,raw,raw,7.91883292961908,2.14484616758819,NA,NA,NA,NA,NA,NA,NA,NA,NA,NA,NA,NA,NA,NA,NA,NA,NA,NA,NA,NA,NA,NA,NA,NA,NA,NA,NA,NA
TE,00-0037809,Chig Okonkwo,TEN,JAX,2025_13_JAX_TEN,2025,13,Questionable,Limited Participation in Practice,NA,NA,0.13769471318376,4.7869900280337,3.27498491502643,5.75055717810813,2.40108633604015,7.74150563120794,1.83639423260326,9.23779489904772,0.659143218923621,-1.01111271395268,2.92697522990447,-2.90784100096746,4.80520057640116,-4.28877979956981,6.14884586122219,0.224,0.0715,0.224,0.0715,raw,raw,4.19401720720675,0.96778230910912,NA,NA,NA,NA,NA,NA,NA,NA,NA,NA,NA,NA,NA,NA,NA,NA,NA,NA,NA,NA,NA,NA,NA,NA,NA,NA,NA,NA
TE,00-0037838,Isaiah Likely,BAL,CIN,2025_13_CIN_BAL,2025,13,NA,NA,NA,NA,0.196513757949082,5.12479874422546,3.61279363121819,6.08836589429989,2.73889505223191,8.0793143473997,2.17420294879502,9.57560361523948,1.00709345996048,-0.729084599677315,3.36443289693455,-2.70067348745847,5.31678856498334,-4.13611556351636,6.713465216462,0.257,0.066,0.257,0.066,raw,raw,4.53182592339851,1.32791400379406,NA,NA,NA,NA,NA,NA,NA,NA,NA,NA,NA,NA,NA,NA,NA,NA,NA,NA,NA,NA,NA,NA,NA,NA,NA,NA,NA,NA
TE,00-0038041,Jake Ferguson,DAL,KC,2025_13_KC_DAL,2025,13,NA,NA,NA,NA,0.0954776354722894,6.18498411942328,4.67297900641602,7.14855126949771,3.79908042742974,9.13949972259752,3.23438832399284,10.6357889904373,0.590527659156195,-1.34122476512085,3.21341310972372,-3.53490622106752,5.3856947912415,-5.132045808762,6.93970216533994,0.3495,0.1285,0.3495,0.1285,raw,raw,5.59201129859634,0.94748751121059,NA,NA,NA,NA,NA,NA,NA,NA,NA,NA,NA,NA,NA,NA,NA,NA,NA,NA,NA,NA,NA,NA,NA,NA,NA,NA,NA,NA
TE,00-0038558,Darnell Washington,PIT,BUF,2025_13_BUF_PIT,2025,13,NA,NA,NA,NA,0.285282282903437,4.83223044656104,3.32022533355377,5.79579759663546,2.44632675456749,7.78674604973527,1.8816346511306,9.28303531757505,1.37854973331043,-0.300648749721814,3.6585237167305,-2.20753211986186,5.54680508161013,-3.59586446470207,6.89764424319866,0.2585,0.089,0.2585,0.089,raw,raw,4.23925762573409,1.6888412771647,NA,NA,NA,NA,NA,NA,NA,NA,NA,NA,NA,NA,NA,NA,NA,NA,NA,NA,NA,NA,NA,NA,NA,NA,NA,NA,NA,NA
TE,00-0038935,Brenton Strange,JAX,TEN,2025_13_JAX_TEN,2025,13,NA,NA,NA,NA,0.206972132949588,5.25606494633097,3.74405983332371,6.2196320964054,2.87016125433743,8.21058054950521,2.30546915090053,9.70686981734499,1.08785897286369,-0.673425612171319,3.479287426293,-2.67352525448548,5.45987572111192,-4.12972497273261,6.87674943568983,0.288,0.0885,0.288,0.0885,raw,raw,4.66309212550403,1.41331883873396,NA,NA,NA,NA,NA,NA,NA,NA,NA,NA,NA,NA,NA,NA,NA,NA,NA,NA,NA,NA,NA,NA,NA,NA,NA,NA,NA,NA
TE,00-0039338,Brock Bowers,LV,LAC,2025_13_LV_LAC,2025,13,NA,NA,NA,NA,0.181724343159438,8.46365297714542,6.95164786413815,9.42722012721984,6.07774928515187,11.4181685803197,5.51305718171498,12.9144578481594,1.53805177800117,-0.770180403670952,4.67211209015807,-3.39138903750947,7.26775034168646,-5.29979559551788,9.12461863721467,0.609,0.3325,0.609,0.3325,raw,raw,7.87068015631847,1.96457963308345,NA,NA,NA,NA,NA,NA,NA,NA,NA,NA,NA,NA,NA,NA,NA,NA,NA,NA,NA,NA,NA,NA,NA,NA,NA,NA,NA,NA
TE,00-0039793,AJ Barner,SEA,MIN,2025_13_MIN_SEA,2025,13,NA,NA,NA,NA,0.194881696710831,5.55358558763051,4.04158047462324,6.51715273770494,3.16768189563696,8.50810119080474,2.60298979220007,10.0043904586445,1.08229218214625,-0.73491380854712,3.54964933090592,-2.79851731866626,5.59312200137762,-4.30095189064208,7.0549819552225,0.305,0.108,0.305,0.108,raw,raw,4.96061276680356,1.41808551334035,NA,NA,NA,NA,NA,NA,NA,NA,NA,NA,NA,NA,NA,NA,NA,NA,NA,NA,NA,NA,NA,NA,NA,NA,NA,NA,NA,NA
TE,00-0039847,Theo Johnson,NYG,NE,2025_13_NYG_NE,2025,13,NA,NA,NA,NA,0.222961233035834,5.96382882184004,4.45182370883277,6.92739597191447,3.57792512984649,8.91834442501428,3.0132330264096,10.4146336928541,1.3297026277321,-0.562530368166641,3.8989295802408,-2.7113339007865,6.02677113099888,-4.27579950668454,7.54898691402786,0.37,0.127,0.37,0.127,raw,raw,5.37085600101309,1.67935986215811,NA,NA,NA,NA,NA,NA,NA,NA,NA,NA,NA,NA,NA,NA,NA,NA,NA,NA,NA,NA,NA,NA,NA,NA,NA,NA,NA,NA
TE,00-0040126,Colston Loveland,CHI,PHI,2025_13_CHI_PHI,2025,13,NA,NA,NA,NA,0.213426840660311,6.2794185036292,4.76741339062193,7.24298565370363,3.89351481163565,9.23393410680344,3.32882270819876,10.7302233746432,1.34019645241348,-0.608244425052335,3.98574107012437,-2.82087714505778,6.17678914256226,-4.43181445802502,7.74422162175787,0.3905,0.144,0.3905,0.144,raw,raw,5.68644568280225,1.70024008875949,NA,NA,NA,NA,NA,NA,NA,NA,NA,NA,NA,NA,NA,NA,NA,NA,NA,NA,NA,NA,NA,NA,NA,NA,NA,NA,NA,NA
TE,00-0040128,Tyler Warren,IND,HOU,2025_13_HOU_IND,2025,13,Questionable,NA,NA,NA,0.298516882171001,6.77581824560576,5.26381313259849,7.73938539568019,4.38991455361221,9.73033384878,3.82522245017532,11.2266231166198,2.02269613683561,-0.0117419247135158,4.78500559464051,-2.32203230810085,7.07275866162044,-4.00407060968526,8.70937198228293,0.4985,0.2295,0.4985,0.2295,raw,raw,6.18284542477881,2.3986308064847,NA,NA,NA,NA,NA,NA,NA,NA,NA,NA,NA,NA,NA,NA,NA,NA,NA,NA,NA,NA,NA,NA,NA,NA,NA,NA,NA,NA
TE,00-0040187,Mitchell Evans,CAR,LA,2025_13_LA_CAR,2025,13,NA,NA,NA,NA,0.32505379552316,4.08722229893713,2.57521718592987,5.05078944901156,1.70131860694359,7.04173790211137,1.13662650350669,8.53802716995115,1.32856712141641,-0.198370127106959,3.40180458329272,-1.93234694752355,5.11886613430169,-3.19479232970271,6.347218025657,0.18,0.0525,0.18,0.0525,raw,raw,3.49424947811019,1.61072299578175,NA,NA,NA,NA,NA,NA,NA,NA,NA,NA,NA,NA,NA,NA,NA,NA,NA,NA,NA,NA,NA,NA,NA,NA,NA,NA,NA,NA
TE,00-0040584,Gunnar Helm,TEN,JAX,2025_13_JAX_TEN,2025,13,NA,NA,NA,NA,0.266533261106965,4.96007930694095,3.44807419393368,5.92364645701537,2.5741756149474,7.91459491011518,2.0094835115105,9.41088417795496,1.32202611302815,-0.3822501908913,3.6360501386329,-2.31761171896942,5.55253185167363,-3.72667797360506,6.92354498488257,0.2575,0.0785,0.2575,0.0785,raw,raw,4.367106486114,1.63695167474166,NA,NA,NA,NA,NA,NA,NA,NA,NA,NA,NA,NA,NA,NA,NA,NA,NA,NA,NA,NA,NA,NA,NA,NA,NA,NA,NA,NA
TE,00-0040663,Harold Fannin Jr.,CLE,SF,2025_13_SF_CLE,2025,13,NA,NA,NA,NA,0.195018547992027,6.44596009995545,4.93395498694818,7.40952725002988,4.0600564079619,9.40047570312969,3.49536430452501,10.8967649709695,1.25708177910785,-0.720528206199171,3.94223148678848,-2.96628511445649,6.16608061480335,-4.60133894271081,7.75697832075962,0.4095,0.17,0.4095,0.17,raw,raw,5.8529872791285,1.62251544384917,NA,NA,NA,NA,NA,NA,NA,NA,NA,NA,NA,NA,NA,NA,NA,NA,NA,NA,NA,NA,NA,NA,NA,NA,NA,NA,NA,NA
TE,00-0040736,Mason Taylor,NYJ,ATL,2025_13_ATL_NYJ,2025,13,NA,NA,NA,NA,0.295361366288918,5.53019887918737,4.01819376618011,6.4937660292618,3.14429518719383,8.48471448236161,2.57960308375693,9.98100375020139,1.63340709680623,-0.179450847705798,4.09486057648071,-2.23811675393856,6.1334438103189,-3.73695643632187,7.59180595784873,0.335,0.1085,0.335,0.1085,raw,raw,4.93722605836043,1.96839697208014,NA,NA,NA,NA,NA,NA,NA,NA,NA,NA,NA,NA,NA,NA,NA,NA,NA,NA,NA,NA,NA,NA,NA,NA,NA,NA,NA,NA
QB,00-0023459,Aaron Rodgers,PIT,BUF,2025_13_BUF_PIT,2025,13,NA,Full Participation in Practice,NA,NA,NA,NA,NA,NA,NA,NA,NA,NA,-0.263599841596235,-7.19426731472355,6.66706763153108,-13.6780289341949,13.1508292510024,-16.8267051300127,16.2995054468203,0.222,0.094,0.214235080885827,0.0874875857516006,platt_vol_vegas,platt,NA,NA,-0.0105003598855761,-0.219070322490594,0.198069602719442,-0.412988426100591,0.391987706329439,-0.517933887088521,0.496933167317369,36.694563330567,31.0270709764589,42.3620556846751,25.5992181398057,47.7899085213283,22.9311379292232,50.4579887319108,0.121706279218784,-1.06928085225279,1.31269341069036,-2.9088523508848,3.15226490932237,-4.26894208507064,4.51235464350821,1.23973778502572,-0.0340259637039098,2.51350153375536,-1.21458377378002,3.69405934383147,-2.30386489815239,4.78334046820384
QB,00-0026498,Matthew Stafford,LA,CAR,2025_13_LA_CAR,2025,13,NA,NA,NA,NA,NA,NA,NA,NA,NA,NA,NA,NA,2.03254490137899,-4.89812257174833,8.9632123745063,-11.3818841912197,15.4469739939777,-14.5305603870375,18.5956501897955,0.232,0.106,0.219715913510613,0.098964211860594,platt_vol_vegas,platt,NA,NA,0.0553911478423524,-0.153178814762665,0.26396111044737,-0.347096918372663,0.457879214057368,-0.452042379360593,0.562824675045297,34.4971840554487,28.8296917013406,40.1646764095568,23.4018388646874,45.59252924621,20.7337586541049,48.2606094567925,0.121706279218784,-1.06928085225279,1.31269341069036,-2.9088523508848,3.15226490932237,-4.26894208507064,4.51235464350821,1.29015106304074,0.0163873143111106,2.56391481177038,-1.164170495765,3.74447262184649,-2.25345162013737,4.83375374621886
QB,00-0028118,Tyrod Taylor,NYJ,ATL,2025_13_ATL_NYJ,2025,13,NA,NA,NA,NA,NA,NA,NA,NA,NA,NA,NA,NA,-0.211418865377096,-7.14208633850441,6.71924860775022,-13.6258479579758,13.2030102272216,-16.7745241537936,16.3516864230394,0.2265,0.083,0.276976010451304,0.077007162563279,platt_vol_vegas,platt,NA,NA,-0.0339934762299677,-0.242563438834985,0.17457648637505,-0.436481542444983,0.368494589985047,-0.541427003432913,0.473440050972977,31.8054551156772,26.1379627615691,37.4729474697853,20.7101099249159,42.9008003064385,18.0420297143334,45.568880517021,0.869759117080982,-0.32122801439059,2.06074624855255,-2.1607995130226,3.90031774718456,-3.52088924720844,5.2604074813704,4.57129945636759,3.29753570763795,5.84506320509722,2.11697789756184,7.02562101517333,1.02769677318947,8.1149021395457
QB,00-0029604,Kirk Cousins,ATL,NYJ,2025_13_ATL_NYJ,2025,13,NA,NA,NA,NA,NA,NA,NA,NA,NA,NA,NA,NA,1.1533155504512,-5.77735192267611,8.08398302357852,-12.2611135421475,14.5677446430499,-15.4097897379653,17.7164208388677,0.171,0.0535,0.187150348843573,0.0491185281060187,platt_vol_vegas,platt,NA,NA,0.0360471041069263,-0.172522858498091,0.244617066711944,-0.366440962108089,0.438535170321941,-0.471386423096019,0.543480631309871,30.4120482188798,24.7445558647717,36.0795405729879,19.3167030281185,41.5073934096411,16.648622817536,44.1754736202236,0.0570492822003839,-1.13393784927119,1.24803641367196,-2.9735093479032,3.08760791230397,-4.33359908208904,4.44769764648981,1.10141967135802,-0.172344077371616,2.37518342008765,-1.35290188744773,3.55574123016376,-2.4421830118201,4.64502235453613
QB,00-0030565,Geno Smith,LV,LAC,2025_13_LV_LAC,2025,13,NA,NA,NA,NA,NA,NA,NA,NA,NA,NA,NA,NA,0.129808921668519,-6.8008585514588,7.06047639479584,-13.2846201709302,13.5442380142672,-16.433296366748,16.692914210085,0.291,0.1255,0.280790578498965,0.117701764696494,platt_vol_vegas,platt,NA,NA,-0.0148050723118551,-0.223375034916873,0.193764890293163,-0.41729313852687,0.38768299390316,-0.5222385995148,0.49262845489109,37.3385216390099,31.6710292849018,43.006013993118,26.2431764482487,48.4338668297712,23.5750962376661,51.1019470403537,0.682608434551827,-0.508378696919745,1.8735955660234,-2.34795019555175,3.71316706465541,-3.7080399297376,5.07325679884125,3.11971866385922,1.84595491512959,4.39348241258886,0.665397105053477,5.57404022266496,-0.423884019318893,6.66332134703733
QB,00-0032268,Marcus Mariota,WAS,DEN,2025_13_DEN_WAS,2025,13,NA,NA,NA,NA,NA,NA,NA,NA,NA,NA,NA,NA,-1.83672229509332,-8.76738976822064,5.093945178034,-15.251151387692,11.5777067975054,-18.3998275835098,14.7263829933232,0.1915,0.0705,0.246234179722794,0.0651482851264816,platt_vol_vegas,platt,NA,NA,-0.096085343385974,-0.304655305990992,0.112484619219044,-0.498573409600989,0.306402722829041,-0.603518870588919,0.411348183816971,31.8501224080413,26.1826300539332,37.5176147621493,20.75477721728,42.9454675988025,18.0866970066975,45.6135478093851,1.22360765336863,0.0326205218970557,2.4145947848402,-1.80695097673495,4.25416628347221,-3.1670407109208,5.61425601765805,3.98484923766561,2.71108548893597,5.25861298639524,1.53052767885986,6.43917079647135,0.441246554487494,7.52845192084372
QB,00-0033077,Dak Prescott,DAL,KC,2025_13_KC_DAL,2025,13,NA,NA,NA,NA,NA,NA,NA,NA,NA,NA,NA,NA,0.91319974786747,-6.01746772525985,7.84386722099479,-12.5012293447312,14.3276288404662,-15.649905540549,17.476305036284,0.262,0.1205,0.245391550683024,0.112887414803148,platt_vol_vegas,platt,NA,NA,0.0142290365760488,-0.194340926028969,0.222798999181066,-0.388259029638966,0.416717102791064,-0.493204490626896,0.521662563778994,36.9220023141968,31.2545099600887,42.5894946683049,25.8266571234355,48.0173475049581,23.158576912853,50.6854277155406,0.387835226477805,-0.803151904993767,1.57882235794938,-2.64272340362578,3.41839385658139,-4.00281313781162,4.77848359076723,1.96768108576458,0.693917337034945,3.24144483449421,-0.486640473041165,4.42200264457032,-1.57592159741353,5.51128376894269
QB,00-0033106,Jared Goff,DET,GB,2025_13_GB_DET,2025,13,NA,NA,NA,NA,NA,NA,NA,NA,NA,NA,NA,NA,2.34710924923491,-4.58355822389241,9.27777672236223,-11.0673198433638,15.7615383418336,-14.2159960391816,18.9102145376514,0.3085,0.15,0.254647304749266,0.141382942454237,platt_vol_vegas,platt,NA,NA,0.0589510112656197,-0.149618951339398,0.267520973870637,-0.343537054949395,0.461439077480635,-0.448482515937325,0.566384538468565,38.0196080525781,32.35211569847,43.6871004066862,26.9242628618168,49.1149532433394,24.2561826512343,51.7830334539219,0.105814906612936,-1.08517222485864,1.29680203808451,-2.92474372349065,3.13637353671652,-4.28483345767649,4.49646327090236,1.35694198410574,0.0831782353761077,2.63070573283538,-1.0973795747,3.81126354291149,-2.18666069907237,4.90054466728386
QB,00-0033119,Jacoby Brissett,ARI,TB,2025_13_ARI_TB,2025,13,NA,NA,NA,NA,NA,NA,NA,NA,NA,NA,NA,NA,-1.64315624206468,-8.573823715192,5.28751123106264,-15.0575853346634,11.771272850534,-18.2062615304812,14.9199490463518,0.253,0.1165,0.243463164607944,0.10904072809503,platt_vol_vegas,platt,NA,NA,-0.0560838109102083,-0.264653773515226,0.152486151694809,-0.458571877125223,0.346404255304807,-0.563517338113153,0.451349716292737,39.0298979838493,33.3624056297412,44.6973903379574,27.934552793088,50.1252431746106,25.2664725825055,52.7933233851931,0.545789176306243,-0.64519795516533,1.73677630777781,-2.48476945379734,3.57634780640982,-3.84485918798318,4.93643754059567,2.0907931573745,0.81702940864487,3.36455690610414,-0.363528401431239,4.54511471618025,-1.45280952580361,5.63439584055262
QB,00-0033873,Patrick Mahomes,KC,DAL,2025_13_KC_DAL,2025,13,NA,Full Participation in Practice,NA,NA,NA,NA,NA,NA,NA,NA,NA,NA,2.69751287443014,-4.23315459869718,9.62818034755746,-10.7169162181685,16.1119419670288,-13.8655924139864,19.2606181628466,0.3615,0.181,0.30118654627693,0.17154410670522,platt_vol_vegas,platt,NA,NA,0.0408502929765826,-0.167719669628435,0.2494202555816,-0.361637773238432,0.443338359191598,-0.466583234226362,0.548283820179528,39.4306721455913,33.7631797914832,45.0981644996994,28.33532695483,50.5260173363525,25.6672467442475,53.1940975469351,1.08675836501916,-0.104228766452412,2.27774549649073,-1.94380026508442,4.11731699512274,-3.30388999927026,5.47740672930858,2.55851290300023,1.2847491542706,3.83227665172986,0.104191344194487,5.01283446180597,-0.985089780177883,6.10211558617834
QB,00-0034796,Lamar Jackson,BAL,CIN,2025_13_CIN_BAL,2025,13,NA,Full Participation in Practice,NA,NA,NA,NA,NA,NA,NA,NA,NA,NA,4.48701275528762,-2.4436547178397,11.4176802284149,-8.92741633731106,17.9014418478863,-12.0760925331289,21.0501180437041,0.3865,0.1935,0.371990219863539,0.183762613335253,platt_vol_vegas,platt,NA,NA,0.0816167978278234,-0.126953164777194,0.290186760432841,-0.320871268387192,0.484104864042839,-0.425816729375122,0.589050325030768,31.0819284592504,25.4144361051423,36.7494208133585,19.9865832684891,42.1772736500117,17.3185030579066,44.8453538605942,1.95020528413011,0.759218152658537,3.14119241560168,-1.08035334597347,4.98076391423369,-2.44044308015931,6.34085364841953,5.27110521355104,3.9973414648214,6.54486896228067,2.81678365474529,7.72542677235678,1.72750253037292,8.81470789672915
QB,00-0034855,Baker Mayfield,TB,ARI,2025_13_ARI_TB,2025,13,Questionable,Full Participation in Practice,NA,NA,NA,NA,NA,NA,NA,NA,NA,NA,1.30057661135504,-5.63009086177228,8.23124408448236,-12.1138524812436,14.7150057039537,-15.2625286770615,17.8636818997715,0.3165,0.1485,0.287576408304154,0.139928930430671,platt_vol_vegas,platt,NA,NA,0.00955681805149965,-0.199013144553518,0.218126780656517,-0.392931248163515,0.412044884266515,-0.497876709151445,0.516990345254445,36.7972046567446,31.1297123026365,42.4646970108527,25.7018594659833,47.8925498475059,23.0337792554008,50.5606300580884,0.948912421646733,-0.242074709824839,2.1398995531183,-2.08164620845685,3.97947105175031,-3.44173594264269,5.33956078593616,2.87139479040573,1.59763104167609,4.14515853913536,0.417073231599981,5.32571634921147,-0.672207892772389,6.41499747358384
QB,00-0034857,Josh Allen,BUF,PIT,2025_13_BUF_PIT,2025,13,NA,Full Participation in Practice,NA,NA,NA,NA,NA,NA,NA,NA,NA,NA,3.68583913998829,-3.24482833313903,10.6165066131156,-9.72858995261039,17.100268232587,-12.8772661484282,20.2489444284048,0.4385,0.231,0.387753343885201,0.220595687597043,platt_vol_vegas,platt,NA,NA,0.0518526365214377,-0.15671732608358,0.260422599126455,-0.350635429693577,0.454340702736453,-0.455580890681507,0.559286163724383,36.9034837126753,31.2359913585672,42.5709760667834,25.808138521914,47.9988289034366,23.1400583113315,50.6669091140191,1.77229621266014,0.58130908118857,2.96328334413171,-1.25826241744344,4.80285484276372,-2.61835215162928,6.16294457694956,4.9054001600004,3.63163641127076,6.17916390873003,2.45107860119465,7.35972171880614,1.36179747682228,8.44900284317851
QB,00-0034869,Sam Darnold,SEA,MIN,2025_13_MIN_SEA,2025,13,NA,NA,NA,NA,NA,NA,NA,NA,NA,NA,NA,NA,2.87166181492045,-4.05900565820687,9.80232928804777,-10.5427672776782,16.2860909075191,-13.691443473496,19.434767103337,0.26,0.111,0.246891372189377,0.103758682209194,platt_vol_vegas,platt,NA,NA,0.0774254149640981,-0.131144547640919,0.285995377569116,-0.325062651250917,0.479913481179113,-0.430008112238847,0.584858942167043,33.1801571332744,27.5126647791663,38.8476494873825,22.0848119425131,44.2755023240356,19.4167317319306,46.9435825346182,0.302674380302705,-0.888312751168868,1.49366151177428,-2.72788424980088,3.33323301040629,-4.08797398398672,4.69332274459213,2.10036118889022,0.826597440160582,3.37412493761985,-0.353960369915528,4.55468274769596,-1.4432414942879,5.64396387206833
QB,00-0035710,Daniel Jones,IND,HOU,2025_13_HOU_IND,2025,13,NA,Full Participation in Practice,NA,NA,NA,NA,NA,NA,NA,NA,NA,NA,0.44163519381157,-6.48903227931575,7.37230266693889,-12.9727938987871,13.8560642864103,-16.1214700946049,17.0047404822281,0.3445,0.1615,0.339094830973461,0.152547371169786,platt_vol_vegas,platt,NA,NA,-0.0176570287763073,-0.226226991381325,0.19091293382871,-0.420145094991322,0.384831037438708,-0.525090555979252,0.489776498426638,37.1123734233642,31.4448810692561,42.7798657774723,26.017028232603,48.2077186141255,23.3489480220204,50.875798824708,1.09692943930497,-0.0940576921665985,2.28791657077655,-1.93362919079861,4.12748806940855,-3.29371892498445,5.4875778035944,4.69343948515712,3.41967573642749,5.96720323388676,2.23911792635138,7.14776104396287,1.14983680197901,8.23704216833524
QB,00-0036212,Tua Tagovailoa,MIA,NO,2025_13_NO_MIA,2025,13,NA,NA,NA,NA,NA,NA,NA,NA,NA,NA,NA,NA,2.09547028331269,-4.83519718981463,9.02613775644001,-11.318958809286,15.5098993759114,-14.4676350051038,18.6585755717292,0.201,0.0755,0.203793720458539,0.0698850167443587,platt_vol_vegas,platt,NA,NA,0.0635356590085696,-0.145034303596448,0.272105621613587,-0.338952407206445,0.466023725223585,-0.443897868194375,0.570969186211515,31.5226202931587,25.8551279390506,37.1901126472668,20.4272751023974,42.61796548392,17.7591948918149,45.2860456945025,0.0926598293099451,-1.09832730216163,1.28364696078152,-2.93789880079364,3.12321845941353,-4.29798853497948,4.48330819359937,1.21120488872462,-0.0625588600050162,2.48496863745425,-1.24311667008113,3.66552644753036,-2.3323977944535,4.75480757190273
QB,00-0036264,Jordan Love,GB,DET,2025_13_GB_DET,2025,13,NA,Full Participation in Practice,NA,NA,NA,NA,NA,NA,NA,NA,NA,NA,1.44094319097705,-5.48972428215027,8.37161066410437,-11.9734859016216,14.8553722835757,-15.1221620974395,18.0040484793935,0.2205,0.089,0.220695644066097,0.0827188378980294,platt_vol_vegas,platt,NA,NA,0.030362563953445,-0.178207398651573,0.238932526558463,-0.37212550226157,0.43285063016846,-0.4770709632495,0.53779609115639,33.8053521293757,28.1378597752677,39.4728444834838,22.7100069386145,44.900697320137,20.0419267280319,47.5687775307196,0.414526024980148,-0.776461106491424,1.60551315645172,-2.61603260512343,3.44508465508373,-3.97612233930928,4.80517438926957,1.6681479746882,0.394384225958567,2.94191172341784,-0.786173584117543,4.12246953349395,-1.87545470848991,5.21175065786632
QB,00-0036355,Justin Herbert,LAC,LV,2025_13_LV_LAC,2025,13,NA,NA,NA,NA,NA,NA,NA,NA,NA,NA,NA,NA,3.68514189390109,-3.24552557922623,10.6158093670284,-9.7292871986976,17.0995709864998,-12.8779633945154,20.2482471823176,0.4085,0.2135,0.35648686272811,0.203374972875978,platt_vol_vegas,platt,NA,NA,0.0685910083960104,-0.139978954209007,0.277160971001028,-0.333897057819005,0.471079074611025,-0.438842518806935,0.576024535598955,36.3949008759891,30.727408521881,42.0623932300972,25.2995556852278,47.4902460667504,22.6314754746453,50.1583262773329,1.18877894234415,-0.00220818912741816,2.37976607381573,-1.84177968775943,4.21933757244773,-3.20186942194527,5.57942730663358,4.14287678638667,2.86911303765704,5.41664053511631,1.68855522758093,6.59719834519242,0.599274103208558,7.68647946956479
QB,00-0036389,Jalen Hurts,PHI,CHI,2025_13_CHI_PHI,2025,13,NA,NA,NA,NA,NA,NA,NA,NA,NA,NA,NA,NA,3.05240264986034,-3.87826482326698,9.98307012298766,-10.3620264427383,16.466831742459,-13.5107026385562,19.6155079382768,0.4615,0.2335,0.45607264529778,0.223060161199702,platt_vol_vegas,platt,NA,NA,0.0412321143589257,-0.167337848246092,0.249802076963943,-0.361255951856089,0.443720180573941,-0.466201412844019,0.548665641561871,34.0349075764991,28.367415222391,39.7023999306072,22.9395623857378,45.1302527672604,20.2714821751553,47.7983329778429,1.64907144847066,0.458084316999084,2.84005857994223,-1.38148718163292,4.67963007857424,-2.74157691581877,6.03971981276008,7.30563761924147,6.03187387051183,8.5794013679711,4.85131606043572,9.75995917804721,3.76203493606335,10.8492403024196
QB,00-0036442,Joe Burrow,CIN,BAL,2025_13_CIN_BAL,2025,13,NA,Full Participation in Practice,NA,NA,NA,NA,NA,NA,NA,NA,NA,NA,1.42004649255467,-5.51062098057265,8.35071396568198,-11.994382600044,14.8344755851533,-15.1430587958618,17.9831517809712,0.2275,0.096,0.223755227010632,0.089397306598132,platt_vol_vegas,platt,NA,NA,0.0241380435675063,-0.184431919037511,0.232708006172524,-0.378350022647509,0.426626109782521,-0.483295483635439,0.531571570770451,33.721751603797,28.0542592496889,39.3892439579051,22.6264064130357,44.8170967945583,19.9583262024532,47.4851770051408,0.606069383169589,-0.584917748301983,1.79705651464116,-2.42448924693399,3.63662801327317,-3.78457898111983,4.99671774745901,1.65198456749597,0.378220818766339,2.92574831622561,-0.802336991309771,4.10630612630172,-1.89161811568214,5.19558725067409
QB,00-0036971,Trevor Lawrence,JAX,TEN,2025_13_JAX_TEN,2025,13,NA,NA,NA,NA,NA,NA,NA,NA,NA,NA,NA,NA,0.663068325149195,-6.26759914797812,7.59373579827651,-12.7513607674495,14.0774974177479,-15.9000369632673,17.2261736135657,0.2755,0.105,0.282115157056655,0.0980061822380602,platt_vol_vegas,platt,NA,NA,-0.00696627905104945,-0.215536241656067,0.201603683553968,-0.409454345266065,0.395521787163966,-0.514399806253994,0.500467248151896,33.1857218382981,27.51822948419,38.8532141924062,22.0903766475368,44.2810670290594,19.4222964369543,46.9491472396419,0.894249323985286,-0.296737807486286,2.08523645545686,-2.1363093061183,3.92480795408887,-3.49639904030414,5.28489768827471,3.55821049922475,2.28444675049511,4.83197424795438,1.103888940419,6.01253205803049,0.0146078160466323,7.10181318240286
QB,00-0037834,Brock Purdy,SF,CLE,2025_13_SF_CLE,2025,13,NA,Full Participation in Practice,NA,NA,NA,NA,NA,NA,NA,NA,NA,NA,1.56565871989861,-5.36500875322871,8.49632619302593,-11.8487703727001,14.9800878124973,-14.9974465685179,18.1287640083151,0.2825,0.123,0.268631864418961,0.115293767427244,platt_vol_vegas,platt,NA,NA,0.0208008371593075,-0.18776912544571,0.229370799764325,-0.381687229055708,0.423288903374323,-0.486632690043638,0.528234364362252,35.0341656313057,29.3666732771976,40.7016579854138,23.9388204405444,46.129510822067,21.2707402299619,48.7975910326495,0.836918745589613,-0.35406838588196,2.02790587706118,-2.19363988451397,3.86747737569319,-3.55372961869981,5.22756710987904,2.7016226376427,1.42785888891306,3.97538638637233,0.247301078836954,5.15594419644844,-0.841980045535416,6.24522532082081
QB,00-0039150,Bryce Young,CAR,LA,2025_13_LA_CAR,2025,13,NA,NA,NA,NA,NA,NA,NA,NA,NA,NA,NA,NA,-1.98069269669444,-8.91136016982176,4.94997477643288,-15.3951217892931,11.4337363959042,-18.5437979851109,14.5824125917221,0.199,0.074,0.229227176541521,0.0684630160511799,platt_vol_vegas,platt,NA,NA,-0.0779082548482515,-0.286478217453269,0.130661707756766,-0.480396321063267,0.324579811366764,-0.585341782051196,0.429525272354694,35.7517037023438,30.0842113482357,41.4191960564519,24.6563585115825,46.8470488931051,21.988278301,49.5151291036876,0.804660146606936,-0.386326984864636,1.99564727807851,-2.22589848349665,3.83521877671052,-3.58598821768249,5.19530851089636,2.79785808677371,1.52409433804408,4.07162183550335,0.343536527967969,5.25217964557946,-0.745744596404401,6.34146076995183
QB,00-0039163,C.J. Stroud,HOU,IND,2025_13_HOU_IND,2025,13,NA,Full Participation in Practice,NA,NA,NA,NA,NA,NA,NA,NA,NA,NA,1.28748122690389,-5.64318624622343,8.21814870003121,-12.1269478656948,14.7019103195026,-15.2756240615126,17.8505865153204,0.2865,0.134,0.271191454789462,0.125900969707654,platt_vol_vegas,platt,NA,NA,0.0175756314570287,-0.190994331147989,0.226145594062046,-0.384912434757986,0.420063697672044,-0.489857895745916,0.525009158659974,36.5938195383165,30.9263271842084,42.2613118924245,25.4984743475552,47.6891647290777,22.8303941369727,50.3572449396603,0.644321741093425,-0.546665390378147,1.835308872565,-2.38623688901016,3.67488037119701,-3.746326623196,5.03497010538285,2.7379803816698,1.46421663294016,4.01174413039943,0.283658822864054,5.19230194047554,-0.805622301508316,6.28158306484791
QB,00-0039732,Bo Nix,DEN,WAS,2025_13_DEN_WAS,2025,13,NA,NA,NA,NA,NA,NA,NA,NA,NA,NA,NA,NA,3.25744897050388,-3.67321850262344,10.1881164436312,-10.1569801220948,16.6718780631026,-13.3056563179126,19.8205542589204,0.4155,0.215,0.363374151444558,0.204848894612403,platt_vol_vegas,platt,NA,NA,0.0503844575528207,-0.158185505052197,0.258954420157838,-0.352103608662194,0.452872523767836,-0.457049069650124,0.557817984755766,38.3143670651498,32.6468747110417,43.9818594192579,27.2190218743885,49.4097122559111,24.550941663806,52.0777924664936,1.32700036944665,0.136013237975079,2.51798750091822,-1.70355826065693,4.35755899955023,-3.06364799484277,5.71764873373607,4.30610322590064,3.032339477171,5.57986697463027,1.85178166709489,6.76042478470638,0.762500542722525,7.84970590907875
QB,00-0039851,Drake Maye,NE,NYG,2025_13_NYG_NE,2025,13,NA,NA,NA,NA,NA,NA,NA,NA,NA,NA,NA,NA,1.37748508720903,-5.55318238591829,8.30815256033635,-12.0369440053896,14.7919141798077,-15.1856202012075,17.9405903756255,0.3255,0.1555,0.304697724189684,0.146718736242291,platt_vol_vegas,platt,NA,NA,0.0162856863032646,-0.192284276301753,0.224855648908282,-0.38620237991175,0.41877375251828,-0.49114784089968,0.52371921350621,36.4306776133804,30.7631852592723,42.0981699674885,25.3353324226191,47.5260228041417,22.6672522120366,50.1941030147242,0.784186499782154,-0.406800631689418,1.97517363125373,-2.24637213032143,3.81474512988574,-3.60646186450727,5.17483486407158,3.50558626419967,2.23182251547004,4.77935001292931,1.05126470539393,5.95990782300542,-0.0380164189784411,7.04918894737779
QB,00-0039918,Caleb Williams,CHI,PHI,2025_13_CHI_PHI,2025,13,NA,NA,NA,NA,NA,NA,NA,NA,NA,NA,NA,NA,0.0629942227718798,-6.86767325035544,6.9936616958992,-13.3514348698268,13.4774233153706,-16.5001110656446,16.6260995111884,0.295,0.126,0.284188293351701,0.118183559576813,platt_vol_vegas,platt,NA,NA,-0.0160732601407163,-0.224643222745734,0.192496702464301,-0.418561326355731,0.386414806074299,-0.523506787343661,0.491360267062229,37.3903408372918,31.7228484831837,43.0578331913999,26.2949956465305,48.485686028053,23.626915435948,51.1537662386356,0.663978897799719,-0.527008233671853,1.85496602927129,-2.36657973230386,3.6945375279033,-3.7266694664897,5.05462726208914,3.19610958152507,1.92234583279543,4.4698733302547,0.741788022719321,5.65043114033081,-0.347493101653049,6.73971226470318
QB,00-0040494,Max Brosmer,MIN,SEA,2025_13_MIN_SEA,2025,13,NA,NA,NA,NA,NA,NA,NA,NA,NA,NA,NA,NA,-5.24660091376101,-12.1772683868883,1.68406655936631,-18.6610300063597,8.16782817883767,-21.8097062021775,11.3165043746555,0.06,0.016,0.121639550718562,0.0143171084466219,platt_vol_vegas,platt,NA,NA,-0.18814491122329,-0.396714873828308,0.0204250513817273,-0.590632977438305,0.214343154991725,-0.695578438426235,0.319288615979655,28.3658196456918,22.6983272915837,34.0333119997999,17.2704744549305,39.4611648364531,14.602394244348,42.1292450470356,0.0902837052535418,-1.10070342621803,1.28127083672511,-2.94027492485004,3.12084233535712,-4.30036465903588,4.48093206954297,1.64555779958345,0.371794050853819,2.91932154831309,-0.808763759222291,4.0998793583892,-1.89804488359466,5.18916048276157
QB,00-0040668,Shedeur Sanders,CLE,SF,2025_13_SF_CLE,2025,13,NA,NA,NA,NA,NA,NA,NA,NA,NA,NA,NA,NA,-1.92426812702331,-8.85493560015063,5.00639934610401,-15.338697219622,11.4901609655754,-18.4873734154398,14.6388371613932,0.1225,0.0325,0.171771471335353,0.029510545633554,platt_vol_vegas,platt,NA,NA,-0.0705067536427393,-0.279076716247757,0.138063208962278,-0.472994819857754,0.331981312572276,-0.577940280845684,0.436926773560206,30.055619353285,24.3881269991769,35.7231117073931,18.9602741625237,41.1509645440463,16.2921939519412,43.8190447546288,0.1948560222987,-0.996131109172872,1.38584315377027,-2.83570260780488,3.22541465240228,-4.19579234199072,4.58550438658812,1.94044556701184,0.666681818282206,3.21420931574148,-0.513875991793904,4.39476712581758,-1.60315711616627,5.48404825018995
QB,00-0040676,Cam Ward,TEN,JAX,2025_13_JAX_TEN,2025,13,NA,NA,NA,NA,NA,NA,NA,NA,NA,NA,NA,NA,-2.28610660786457,-9.21677408099189,4.64456086526275,-15.7005357004633,11.1283224847341,-18.8492118962811,14.2769986805519,0.2575,0.1195,0.271442963445473,0.111925339281837,platt_vol_vegas,platt,NA,NA,-0.0813007224430792,-0.289870685048097,0.127269240161938,-0.483788788658094,0.321187343771936,-0.588734249646024,0.426132804759866,37.1930951670033,31.5256028128952,42.8605875211114,26.097749976242,48.2884403577645,23.4296697656595,50.9565205683471,0.73771889910699,-0.453268232364582,1.92870603057856,-2.29283973099659,3.76827752921057,-3.65292946518243,5.12836726339641,3.46469384402088,2.19093009529125,4.73845759275052,1.01037228521514,5.91901540282663,-0.078908839157231,7.008296527199
QB,00-0040691,Jaxson Dart,NYG,NE,2025_13_NYG_NE,2025,13,NA,Full Participation in Practice,NA,NA,NA,NA,NA,NA,NA,NA,NA,NA,-0.493615373127888,-7.42428284625521,6.43705209999943,-13.9080444657266,12.9208137194708,-17.0567206615444,16.0694899152886,0.3485,0.1525,0.37537375410991,0.143807447937234,platt_vol_vegas,platt,NA,NA,-0.056567200528044,-0.265137163133062,0.152002762076974,-0.459055266743059,0.345920865686971,-0.564000727730989,0.450866326674901,33.591592678381,27.9241003242729,39.2590850324891,22.4962474876197,44.6869378691423,19.8281672770372,47.3550180797248,1.40656698596646,0.215579854494891,2.59755411743803,-1.62399164413712,4.43712561607004,-2.98408137832296,5.79721535025589,6.2148172082925,4.94105345956286,7.48858095702213,3.76049564948675,8.66913876709824,2.67121452511438,9.75841989147061
QB,00-0040743,Tyler Shough,NO,MIA,2025_13_NO_MIA,2025,13,NA,NA,NA,NA,NA,NA,NA,NA,NA,NA,NA,NA,-1.02966685793759,-7.96033433106491,5.90100061518973,-14.4440959505363,12.3847622346611,-17.5927721463541,15.5334384304789,0.2235,0.0865,0.249239084502461,0.0803375104955773,platt_vol_vegas,platt,NA,NA,-0.0448764181907886,-0.253446380795806,0.163693544414229,-0.447364484405804,0.357611648024227,-0.552309945393734,0.462557109012156,34.7586218326237,29.0911294785156,40.4261141867318,23.6632766418624,45.853967023385,20.9951964312799,48.5220472339675,0.530175591158703,-0.660811540312869,1.72116272263028,-2.50038303894488,3.56073422126228,-3.86047277313072,4.92082395544813,3.19953629488068,1.92577254615104,4.47330004361031,0.745214736074935,5.65385785368642,-0.344066388297435,6.74313897805879
