position,player_id,player_name,posteam,defteam,game_id,season,week,report_status,practice_status,thresh_start,thresh_boom,pred_vol,pred_tot,lo_80_tot,hi_80_tot,lo_90_tot,hi_90_tot,p_start,p_boom,p_start_recal,p_boom_recal,recal_method_start,recal_method_boom,p_start_recal_preoverride,p_boom_recal_preoverride,override_flag_type,override_confidence,override_reason,kickoff_et,run_ts,as_of,run_mode
QB,00-0034857,Josh Allen,BUF,DET,2026_02_DET_BUF,2026,2,NA,NA,20,25,5.267633644616815,8.533284230963329,-4.785451262133499,21.852019724060156,-8.290250356211672,25.35681881813833,0.598,0.3655,0.6697471581240415,0.35452843247806193,platt_vol_vegas,platt,0.6697471581240415,0.35452843247806193,NA,NA,NA,2026-09-18T00:15:00Z,2026-09-15 23:40:39,2026-09-15 23:40:26,live
QB,00-0039918,Caleb Williams,CHI,MIN,2026_02_MIN_CHI,2026,2,NA,NA,20,25,5.688858453456318,8.28856007958912,-5.030175413507708,21.60729557268595,-8.534974507585881,25.112094666764122,0.6005,0.3785,0.5789637066619403,0.36760062507917096,platt_vol_vegas,platt,0.5789637066619403,0.36760062507917096,NA,NA,NA,2026-09-20T17:00:00Z,2026-09-15 23:40:39,2026-09-15 23:40:26,live
QB,00-0037834,Brock Purdy,SF,MIA,2026_02_MIA_SF,2026,2,NA,NA,20,25,3.763018771553391,7.679882402372668,-5.63885309072416,20.998617895469494,-9.143652184802333,24.503416989547667,0.5215,0.308,0.5493127562685979,0.29695860851494454,platt_vol_vegas,platt,0.5493127562685979,0.29695860851494454,NA,NA,NA,2026-09-20T20:25:00Z,2026-09-15 23:40:39,2026-09-15 23:40:26,live
QB,00-0033873,Patrick Mahomes,KC,IND,2026_02_IND_KC,2026,2,NA,NA,20,25,3.120242122223089,5.275351776647057,-8.043383716449771,18.594087269743884,-11.548182810527944,22.098886363822057,0.423,0.208,0.5101575141057796,0.2829741108885929,platt_vol_vegas,platt,0.4251575141057796,0.1979741108885929,role_change_up,0.85,Waiving the backup QB who started the final two games suggests the starter (Mahomes) is healthy and will reclaim full role/snaps.,2026-09-21T00:20:00Z,2026-09-15 23:40:39,2026-09-15 23:40:26,live
QB,00-0033077,Dak Prescott,DAL,WAS,2026_02_WAS_DAL,2026,2,NA,NA,20,25,2.7436729793118264,8.034723934646193,-5.284011558450635,21.35345942774302,-8.788810652528808,24.858258521821192,0.491,0.2595,0.494266605641215,0.24875250732841925,platt_vol_vegas,platt,0.494266605641215,0.24875250732841925,NA,NA,NA,2026-09-20T20:25:00Z,2026-09-15 23:40:39,2026-09-15 23:40:26,live
QB,00-0039910,Jayden Daniels,WAS,DAL,2026_02_WAS_DAL,2026,2,NA,NA,20,25,6.233314090188842,3.893091372561118,-9.42564412053571,17.211826865657947,-12.930443214613883,20.71662595973612,0.4745,0.257,0.4941649482086769,0.2462773130655717,platt_vol_vegas,platt,0.4941649482086769,0.2462773130655717,NA,NA,NA,2026-09-20T20:25:00Z,2026-09-15 23:40:39,2026-09-15 23:40:26,live
QB,00-0034796,Lamar Jackson,BAL,NO,2026_02_NO_BAL,2026,2,NA,NA,20,25,3.13700236036854,7.618870818247078,-5.699864674849749,20.937606311343906,-9.204663768927922,24.44240540542208,0.4395,0.2385,0.47272221164512146,0.22799230306154458,platt_vol_vegas,platt,0.47272221164512146,0.22799230306154458,NA,NA,NA,2026-09-20T17:00:00Z,2026-09-15 23:40:39,2026-09-15 23:40:26,live
QB,00-0036355,Justin Herbert,LAC,LV,2026_02_LV_LAC,2026,2,NA,NA,20,25,4.975388991511446,4.920097910452144,-8.398637582644684,18.238833403548973,-11.903436676722857,21.743632497627146,0.4725,0.2485,0.4430290271718583,0.23786914190273162,platt_vol_vegas,platt,0.4430290271718583,0.23786914190273162,NA,NA,NA,2026-09-20T20:05:00Z,2026-09-15 23:40:39,2026-09-15 23:40:26,live
QB,00-0040691,Jaxson Dart,NYG,LA,2026_02_NYG_LA,2026,2,NA,NA,20,25,6.340837663383896,3.8341114873549937,-9.484624005741834,17.15284698045182,-12.989423099820007,20.657646074529993,0.472,0.2555,0.4294487431365115,0.24479267383961725,platt_vol_vegas,platt,0.4294487431365115,0.24479267383961725,NA,NA,NA,2026-09-22T00:15:00Z,2026-09-15 23:40:39,2026-09-15 23:40:26,live
QB,00-0039851,Drake Maye,NE,PIT,2026_02_PIT_NE,2026,2,NA,NA,20,25,6.012723132624484,4.139814953159884,-9.178920539936943,17.458550446256712,-12.683719634015116,20.963349540334885,0.486,0.2645,0.41871819914510583,0.25370585342886975,platt_vol_vegas,platt,0.41871819914510583,0.25370585342886975,NA,NA,NA,2026-09-20T17:00:00Z,2026-09-15 23:40:39,2026-09-15 23:40:26,live
QB,00-0033106,Jared Goff,DET,BUF,2026_02_DET_BUF,2026,2,NA,NA,20,25,1.2810509657066713,4.0296039961369345,-9.289131496959893,17.348339489233762,-12.793930591038066,20.853138583311935,0.338,0.1625,0.3753603244046053,0.15351958474102703,platt_vol_vegas,platt,0.3753603244046053,0.15351958474102703,NA,NA,NA,2026-09-18T00:15:00Z,2026-09-15 23:40:39,2026-09-15 23:40:26,live
QB,00-0039163,C.J. Stroud,HOU,CIN,2026_02_CIN_HOU,2026,2,NA,NA,20,25,2.6963386570670744,5.742035755544858,-7.576699737551969,19.060771248641686,-11.081498831630142,22.56557034271986,0.424,0.2295,0.372542038611613,0.21911751930251663,platt_vol_vegas,platt,0.372542038611613,0.21911751930251663,NA,NA,NA,2026-09-20T17:00:00Z,2026-09-15 23:40:39,2026-09-15 23:40:26,live
QB,00-0026498,Matthew Stafford,LA,NYG,2026_02_NYG_LA,2026,2,NA,NA,20,25,1.148995278397084,5.246522388923253,-8.072213104173574,18.56525788202008,-11.577012198251747,22.070056976098254,0.33,0.1585,0.35549328769002714,0.14963205249661962,platt_vol_vegas,platt,0.35549328769002714,0.14963205249661962,NA,NA,NA,2026-09-22T00:15:00Z,2026-09-15 23:40:39,2026-09-15 23:40:26,live
QB,00-0036264,Jordan Love,GB,NYJ,2026_02_GB_NYJ,2026,2,NA,NA,20,25,1.9183463536721417,5.981566172930827,-7.337169320166001,19.300301666027654,-10.841968414244175,22.805100760105827,0.433,0.242,0.34810374069779476,0.2314473086790528,platt_vol_vegas,platt,0.34810374069779476,0.2314473086790528,NA,NA,NA,2026-09-20T17:00:00Z,2026-09-15 23:40:39,2026-09-15 23:40:26,live
QB,00-0034855,Baker Mayfield,TB,CLE,2026_02_CLE_TB,2026,2,NA,NA,20,25,3.257483794775086,3.082424228375342,-10.236311264721486,16.40115972147217,-13.74111035879966,19.905958815550342,0.3775,0.188,0.34709450632072075,0.1783826421794661,platt_vol_vegas,platt,0.34709450632072075,0.1783826421794661,NA,NA,NA,2026-09-20T17:00:00Z,2026-09-15 23:40:39,2026-09-15 23:40:26,live
QB,00-0036389,Jalen Hurts,PHI,TEN,2026_02_PHI_TEN,2026,2,NA,NA,20,25,4.991581926651405,3.1583317438344203,-10.160403749262407,16.477067236931248,-13.66520284334058,19.98186633100942,0.391,0.1825,0.3455748029522867,0.17300867587814164,platt_vol_vegas,platt,0.3455748029522867,0.17300867587814164,NA,NA,NA,2026-09-20T17:00:00Z,2026-09-15 23:40:39,2026-09-15 23:40:26,live
QB,00-0039732,Bo Nix,DEN,JAX,2026_02_JAX_DEN,2026,2,NA,NA,20,25,3.146210361182506,2.1686951287186877,-11.150040364378139,15.487430621815516,-14.654839458456312,18.99222971589369,0.3375,0.1615,0.3319312136106417,0.15254737116978614,platt_vol_vegas,platt,0.3319312136106417,0.15254737116978614,NA,NA,NA,2026-09-20T20:05:00Z,2026-09-15 23:40:39,2026-09-15 23:40:26,live
QB,00-0039150,Bryce Young,CAR,ATL,2026_02_CAR_ATL,2026,2,NA,NA,20,25,2.3932030761257006,1.2465267579296357,-12.072208735167191,14.565262251026464,-15.577007829245364,18.070061345104637,0.321,0.1635,0.2750921686392217,0.15449201714643584,platt_vol_vegas,platt,0.2750921686392217,0.15449201714643584,NA,NA,NA,2026-09-20T17:00:00Z,2026-09-15 23:40:39,2026-09-15 23:40:26,live
QB,00-0036442,Joe Burrow,CIN,HOU,2026_02_CIN_HOU,2026,2,NA,NA,20,25,2.1778385252936054,1.656867851560287,-11.66186764153654,14.975603344657115,-15.166666735614713,18.480402438735286,0.311,0.1505,0.2729070434430148,0.1418677286777387,platt_vol_vegas,platt,0.2729070434430148,0.1418677286777387,NA,NA,NA,2026-09-20T17:00:00Z,2026-09-15 23:40:39,2026-09-15 23:40:26,live
QB,00-0040743,Tyler Shough,NO,BAL,2026_02_NO_BAL,2026,2,NA,NA,20,25,2.9428247188459618,-0.3673382248790835,-13.686073717975912,12.951397268217743,-17.190872812054085,16.456196362295916,0.279,0.124,0.25809099129074337,0.11625677021478496,platt_vol_vegas,platt,0.25809099129074337,0.11625677021478496,NA,NA,NA,2026-09-20T17:00:00Z,2026-09-15 23:40:39,2026-09-15 23:40:26,live
QB,00-0035710,Daniel Jones,IND,KC,2026_02_IND_KC,2026,2,NA,NA,20,25,2.483776435696259,1.6134488423214437,-11.705286650775385,14.93218433541827,-15.210085744853558,18.436983429496443,0.2635,0.1185,0.23893695350933564,0.1109635319852674,platt_vol_vegas,platt,0.23893695350933564,0.1109635319852674,NA,NA,NA,2026-09-21T00:20:00Z,2026-09-15 23:40:39,2026-09-15 23:40:26,live
QB,00-0036971,Trevor Lawrence,JAX,DEN,2026_02_JAX_DEN,2026,2,NA,NA,20,25,2.819401406525959,0.706683526683278,-12.61205196641355,14.025419019780106,-16.116851060491722,17.53021811385828,0.2245,0.0895,0.22964356228033164,0.08319534987893054,platt_vol_vegas,platt,0.22964356228033164,0.08319534987893054,NA,NA,NA,2026-09-20T20:05:00Z,2026-09-15 23:40:39,2026-09-15 23:40:26,live
QB,00-0030565,Geno Smith,NYJ,GB,2026_02_GB_NYJ,2026,2,NA,NA,20,25,2.628860120214959,1.4778518350153727,-11.840883658081456,14.7965873281122,-15.345682752159629,18.301386422190372,0.2495,0.098,0.21962338016874325,0.0913082698362192,platt_vol_vegas,platt,0.21962338016874325,0.0913082698362192,NA,NA,NA,2026-09-20T17:00:00Z,2026-09-15 23:40:39,2026-09-15 23:40:26,live
QB,00-0039917,Michael Penix Jr.,ATL,CAR,2026_02_CAR_ATL,2026,2,NA,NA,20,25,1.8893937076166403,1.9155922320298866,-11.40314326106694,15.234327725126715,-14.907942355145114,18.739126819204888,0.2505,0.1045,0.20457825954188388,0.09752727695984213,platt_vol_vegas,platt,0.20457825954188388,0.09752727695984213,NA,NA,NA,2026-09-20T17:00:00Z,2026-09-15 23:40:39,2026-09-15 23:40:26,live
QB,00-0038128,Malik Willis,MIA,SF,2026_02_MIA_SF,2026,2,NA,NA,20,25,5.517126656578599,-5.669922646961979,-18.988658140058806,7.648812846134849,-22.49345723413698,11.153611940213022,0.1575,0.063,0.19622932108993074,0.0580613653164053,platt_vol_vegas,platt,0.19622932108993074,0.0580613653164053,NA,NA,NA,2026-09-20T20:25:00Z,2026-09-15 23:40:39,2026-09-15 23:40:26,live
QB,00-0033537,Deshaun Watson,CLE,TB,2026_02_CLE_TB,2026,2,NA,NA,20,25,5.533022493878111,-3.5427579854072624,-16.86149347850409,9.775977507689564,-20.366292572582264,13.280776601767737,0.2035,0.072,0.19601718333269078,0.0665683171121076,platt_vol_vegas,platt,0.19601718333269078,0.0665683171121076,NA,NA,NA,2026-09-20T17:00:00Z,2026-09-15 23:40:39,2026-09-15 23:40:26,live
QB,00-0033119,Jacoby Brissett,ARI,SEA,2026_02_SEA_ARI,2026,2,NA,NA,20,25,2.921383343182729,-0.8333502534496456,-14.152085746546474,12.485385239647181,-17.656884840624645,15.990184333725354,0.2415,0.101,0.1809852962317376,0.09417700674025435,platt_vol_vegas,platt,0.1809852962317376,0.09417700674025435,NA,NA,NA,2026-09-20T20:25:00Z,2026-09-15 23:40:39,2026-09-15 23:40:26,live
QB,00-0036825,Feleipe Franks,CAR,ATL,2026_02_CAR_ATL,2026,2,NA,NA,20,25,2.255038874784251,-4.450920455019703,-17.76965594811653,8.867815038077126,-21.274455042194703,12.372614132155299,0.105,0.0235,0.16109135495667332,0.021193303667846324,platt_vol_vegas,platt,0.16109135495667332,0.021193303667846324,NA,NA,NA,2026-09-20T17:00:00Z,2026-09-15 23:40:39,2026-09-15 23:40:26,live
QB,00-0023459,Aaron Rodgers,PIT,NE,2026_02_PIT_NE,2026,2,NA,NA,20,25,1.1230874302221314,-1.0882185777526663,-14.406954070849494,12.230516915344161,-17.911753164927667,15.735316009422334,0.208,0.088,0.1500034865201461,0.08176605948232965,platt_vol_vegas,platt,0.1500034865201461,0.08176605948232965,NA,NA,NA,2026-09-20T17:00:00Z,2026-09-15 23:40:39,2026-09-15 23:40:26,live
QB,00-0029604,Kirk Cousins,LV,LAC,2026_02_LV_LAC,2026,2,NA,NA,20,25,1.3214894951135505,-1.9607071011881754,-15.279442594285003,11.358028391908652,-18.784241688363174,14.862827485986825,0.159,0.0565,0.1438034626212524,0.05193825506974072,platt_vol_vegas,platt,0.1438034626212524,0.05193825506974072,NA,NA,NA,2026-09-20T20:05:00Z,2026-09-15 23:40:39,2026-09-15 23:40:26,live
QB,00-0040676,Cam Ward,TEN,PHI,2026_02_PHI_TEN,2026,2,NA,NA,20,25,3.215376614891152,-4.9236111108987295,-18.242346603995557,8.395124382198098,-21.74714569807373,11.899923476276271,0.1645,0.065,0.1341494947060542,0.05994899975373432,platt_vol_vegas,platt,0.1341494947060542,0.05994899975373432,NA,NA,NA,2026-09-20T17:00:00Z,2026-09-15 23:40:39,2026-09-15 23:40:26,live
QB,00-0035228,Kyler Murray,MIN,CHI,2026_02_MIN_CHI,2026,2,NA,NA,20,25,2.3473472306042122,-2.088176084531266,-15.406911577628094,11.230559408565561,-18.911710671706267,14.735358502643734,0.162,0.0515,0.11698990978111949,0,platt_vol_vegas,platt,0.2019899097811195,0.047241041659073855,role_change_down,0.85,"Murray suffered a concussion and was ruled out, creating a significant opportunity shift for Wentz at QB and potentially affecting target distribution among Cardinals receivers.",2026-09-20T17:00:00Z,2026-09-15 23:40:39,2026-09-15 23:40:26,live
QB,00-0034869,Sam Darnold,SEA,ARI,2026_02_SEA_ARI,2026,2,NA,NA,20,25,1.6871919245474136,0.26835080541911693,-13.050384687677711,13.587086298515944,-16.555183781755883,17.09188539259412,0.1865,0.062,0.1007000505158952,0,platt_vol_vegas,platt,0.1757000505158952,0.0571181699403162,role_change_down,0.75,"Starting QB Sam Darnold suffered a hip injury mid-game and Drew Lock took over, creating uncertainty about Darnold's role/availability for upcoming games.",2026-09-20T20:25:00Z,2026-09-15 23:40:39,2026-09-15 23:40:26,live
QB,00-0032950,Carson Wentz,MIN,CHI,2026_02_MIN_CHI,2026,2,NA,NA,20,25,2.3473472306042122,0.09600365933152036,-13.222731833765307,13.414739152428348,-16.727530927843482,16.91953824650652,0.2045,0.0825,0.0957000505158952,0,platt_vol_vegas,platt,0.22489346526004247,0.07653173877117592,role_change_up,0.85,Kyler Murray's uncertain availability due to concussion protocol increases Carson Wentz's opportunity to start Week 2.,2026-09-20T17:00:00Z,2026-09-15 23:40:39,2026-09-15 23:40:26,live
QB,00-0033662,Cooper Rush,ATL,CAR,2026_02_CAR_ATL,2026,2,NA,NA,20,25,1.7374745944574914,-0.9625223242274195,-14.281257817324247,12.356213168869408,-17.78605691140242,15.86101226294758,0.191,0.082,0.0957000505158952,0,platt_vol_vegas,platt,0.17662817923106766,0.07605640108344264,role_change_up,0.95,"Cooper Rush elevated to starting QB due to Tagovailoa's injury ruling, creating immediate opportunity increase.",2026-09-20T17:00:00Z,2026-09-15 23:40:39,2026-09-15 23:40:26,live
QB,00-0035704,Drew Lock,SEA,ARI,2026_02_SEA_ARI,2026,2,NA,NA,20,25,1.8550960523729767,1.1873491461426573,-12.13138634695417,14.506084639239486,-15.636185441032342,18.01088373331766,0.2345,0.1125,0.0957000505158952,0,platt_vol_vegas,platt,0.19934358695649532,0.10519840659003928,role_change_up,0.92,Darnold's 4-week absence elevates Drew Lock to starter role with immediate opportunity increase in QB snaps and touches.,2026-09-20T20:25:00Z,2026-09-15 23:40:39,2026-09-15 23:40:26,live
QB,00-0038102,Kenny Pickett,CAR,ATL,2026_02_CAR_ATL,2026,2,NA,NA,20,25,1.1745358552062046,-3.5502402141734746,-16.8689757072703,9.768495278923353,-20.373774801348475,13.273294373001526,0.0765,0.018,0.0957000505158952,0,platt_vol_vegas,platt,0.1275149709992674,0.01614494899331831,NA,NA,NA,2026-09-20T17:00:00Z,2026-09-15 23:40:39,2026-09-15 23:40:26,live
QB,00-0039107,Stetson Bennett,LA,NYG,2026_02_NYG_LA,2026,2,NA,NA,20,25,1.8816928816750949,0.6540438601165345,-12.664691632980293,13.972779353213362,-16.169490727058466,17.477578447291535,0.222,0.088,0.0957000505158952,0,platt_vol_vegas,platt,0.31337381614119436,0.08176605948232965,NA,NA,NA,2026-09-22T00:15:00Z,2026-09-15 23:40:39,2026-09-15 23:40:26,live
QB,00-0026158,Joe Flacco,CIN,HOU,2026_02_CIN_HOU,2026,2,NA,NA,20,25,1.5161619638901633,-4.224865117125102,-17.54360061022193,9.093870375971726,-21.048399704300103,12.598669470049899,0.139,0.053,0.0957000505158952,0,platt_vol_vegas,platt,0.17689629061288753,0.0486489788369163,NA,NA,NA,2026-09-20T17:00:00Z,2026-09-15 23:40:39,2026-09-15 23:40:26,live
QB,00-0027973,Andy Dalton,PHI,TEN,2026_02_PHI_TEN,2026,2,NA,NA,20,25,2.5454738384103175,-2.6879651613501463,-16.006700654446973,10.630770331746682,-19.511499748525146,14.135569425824855,0.1385,0.0505,0.0957000505158952,0,platt_vol_vegas,platt,0.17618154164105274,0.046303017478934214,NA,NA,NA,2026-09-20T17:00:00Z,2026-09-15 23:40:39,2026-09-15 23:40:26,live
QB,00-0028118,Tyrod Taylor,GB,NYJ,2026_02_GB_NYJ,2026,2,NA,NA,20,25,2.7709671297930245,2.937301494468792,-10.381433998628037,16.25603698756562,-13.88623309270621,19.76083608164379,0.3075,0.145,0.0957000505158952,0,platt_vol_vegas,platt,0.3093297985878181,0.13653827441728247,NA,NA,NA,2026-09-20T17:00:00Z,2026-09-15 23:40:39,2026-09-15 23:40:26,live
QB,00-0028986,Case Keenum,CHI,MIN,2026_02_MIN_CHI,2026,2,NA,NA,20,25,2.4099323279834954,-0.6717411818930994,-13.990476674989926,12.646994311203729,-17.4952757690681,16.1517934052819,0.1905,0.0635,0.0957000505158952,0,platt_vol_vegas,platt,0.2906484885300588,0.058533119340422095,NA,NA,NA,2026-09-20T17:00:00Z,2026-09-15 23:40:39,2026-09-15 23:40:26,live
QB,00-0031503,Jameis Winston,NYG,LA,2026_02_NYG_LA,2026,2,NA,NA,20,25,2.501996171216178,-2.9967672431479655,-16.31550273624479,10.321968249948862,-19.820301830322965,13.826767344027035,0.1245,0.036,0.0957000505158952,0,platt_vol_vegas,platt,0.17620217722474413,0.03276078089977872,NA,NA,NA,2026-09-22T00:15:00Z,2026-09-15 23:40:39,2026-09-15 23:40:26,live
QB,00-0032268,Marcus Mariota,WAS,DAL,2026_02_WAS_DAL,2026,2,NA,NA,20,25,2.9189386816920995,2.4018160279373584,-10.91691946515947,15.720551521034185,-14.421718559237643,19.225350615112358,0.2535,0.105,0.0957000505158952,0,platt_vol_vegas,platt,0.3062337871063629,0.09800618223806024,NA,NA,NA,2026-09-20T20:25:00Z,2026-09-15 23:40:39,2026-09-15 23:40:26,live
QB,00-0033949,Joshua Dobbs,DET,BUF,2026_02_DET_BUF,2026,2,NA,NA,20,25,2.4998973461064447,-2.522565624866094,-15.84130111796292,10.796169868230734,-19.346100212041094,14.300968962308907,0.1495,0.0425,0.0957000505158952,0,platt_vol_vegas,platt,0.2890113827120931,0.038817064304422305,NA,NA,NA,2026-09-18T00:15:00Z,2026-09-15 23:40:39,2026-09-15 23:40:26,live
QB,00-0034577,Kyle Allen,BUF,DET,2026_02_DET_BUF,2026,2,NA,NA,20,25,2.298612107016369,0.9420920858223325,-12.376643407274495,14.26082757891916,-15.881442501352668,17.765626672997332,0.2225,0.098,0.0957000505158952,0,platt_vol_vegas,platt,0.4074426209620004,0.0913082698362192,NA,NA,NA,2026-09-18T00:15:00Z,2026-09-15 23:40:39,2026-09-15 23:40:26,live
QB,00-0035264,Jarrett Stidham,DEN,JAX,2026_02_JAX_DEN,2026,2,NA,NA,20,25,2.4814806469633335,-3.5660740953179104,-16.88480958841474,9.752661397778917,-20.389608682492913,13.25746049185709,0.146,0.0555,0.0957000505158952,0,platt_vol_vegas,platt,0.21621330625430418,0.050997888104340076,NA,NA,NA,2026-09-20T20:05:00Z,2026-09-15 23:40:39,2026-09-15 23:40:26,live
QB,00-0035289,Gardner Minshew,ARI,SEA,2026_02_SEA_ARI,2026,2,NA,NA,20,25,2.388995569889237,-5.02277906457469,-18.341514557671516,8.295956428522137,-21.84631365174969,11.80075552260031,0.1085,0.031,0.0957000505158952,0,platt_vol_vegas,platt,0.11683853077707249,0.02812011314917865,NA,NA,NA,2026-09-20T20:25:00Z,2026-09-15 23:40:39,2026-09-15 23:40:26,live
QB,00-0035993,Tyler Huntley,BAL,NO,2026_02_NO_BAL,2026,2,NA,NA,20,25,2.3429971346856906,1.2285700443547456,-12.090165448742082,14.547305537451573,-15.594964542820255,18.052104631529748,0.2545,0.108,0.0957000505158952,0,platt_vol_vegas,platt,0.3576334387059793,0.10088114092897031,NA,NA,NA,2026-09-20T17:00:00Z,2026-09-15 23:40:39,2026-09-15 23:40:26,live
QB,00-0036212,Tua Tagovailoa,ATL,CAR,2026_02_CAR_ATL,2026,2,NA,NA,20,25,1.5292074240812157,1.632657441144177,-11.68607805195265,14.951392934241005,-15.190877146030823,18.456192028319176,0.2345,0.0955,0.0957000505158952,0,platt_vol_vegas,platt,0.19230781052756946,0.08891975922677113,NA,NA,NA,2026-09-20T17:00:00Z,2026-09-15 23:40:39,2026-09-15 23:40:26,live
QB,00-0036879,Sam Ehlinger,DEN,JAX,2026_02_JAX_DEN,2026,2,NA,NA,20,25,2.4166144866217283,-3.098380454246749,-16.417115947343575,10.220355038850078,-19.921915041421748,13.725154132928251,0.1815,0.065,0.0957000505158952,0,platt_vol_vegas,platt,0.23691734393003322,0.05994899975373432,NA,NA,NA,2026-09-20T20:05:00Z,2026-09-15 23:40:39,2026-09-15 23:40:26,live
QB,00-0036898,Davis Mills,HOU,CIN,2026_02_CIN_HOU,2026,2,NA,NA,20,25,1.9220385172917662,2.560958300468619,-10.757777192628208,15.879693793565448,-14.26257628670638,19.38449288764362,0.2895,0.127,0.0957000505158952,0,platt_vol_vegas,platt,0.2930129179591277,0.1191473433906277,NA,NA,NA,2026-09-20T17:00:00Z,2026-09-15 23:40:39,2026-09-15 23:40:26,live
QB,00-0036945,Justin Fields,KC,IND,2026_02_IND_KC,2026,2,NA,NA,20,25,6.165679345259531,1.3730472837256684,-11.94568820937116,14.691782776822496,-15.450487303449332,18.19658187090067,0.3665,0.174,0.0957000505158952,0,platt_vol_vegas,platt,0.47115066170870634,0.1647155505452629,NA,NA,NA,2026-09-21T00:20:00Z,2026-09-15 23:40:39,2026-09-15 23:40:26,live
QB,00-0036972,Mac Jones,SF,MIA,2026_02_MIA_SF,2026,2,NA,NA,20,25,2.7557575500137474,7.211412452530564,-6.107323040566263,20.53014794562739,-9.612122134644437,24.034947039705564,0.433,0.223,0.0957000505158952,0,platt_vol_vegas,platt,0.48211970332525367,0.21271664304586818,NA,NA,NA,2026-09-20T20:25:00Z,2026-09-15 23:40:39,2026-09-15 23:40:26,live
QB,00-0037012,Trey Lance,LAC,LV,2026_02_LV_LAC,2026,2,NA,NA,20,25,2.5874108325949945,0.5164949820586658,-12.802240511038162,13.835230475155493,-16.307039605116334,17.340029569233668,0.22,0.088,0.0957000505158952,0,platt_vol_vegas,platt,0.2655565191240386,0.08176605948232965,NA,NA,NA,2026-09-20T20:05:00Z,2026-09-15 23:40:39,2026-09-15 23:40:26,live
QB,00-0037013,Zach Wilson,NO,BAL,2026_02_NO_BAL,2026,2,NA,NA,20,25,2.5969550284698553,-3.832930009927183,-17.15166550302401,9.485805483169646,-20.656464597102183,12.990604577247819,0.1365,0.0475,0.0957000505158952,0,platt_vol_vegas,platt,0.1796424303175842,0.04349190612099697,NA,NA,NA,2026-09-20T17:00:00Z,2026-09-15 23:40:39,2026-09-15 23:40:26,live
QB,00-0037077,Sam Howell,DAL,WAS,2026_02_WAS_DAL,2026,2,NA,NA,20,25,2.4356319914886027,3.5166192821061983,-9.80211621099063,16.835354775203026,-13.306915305068802,20.3401538692812,0.314,0.1485,0.0957000505158952,0,platt_vol_vegas,platt,0.3988323301630408,0.1399289304306707,NA,NA,NA,2026-09-20T20:25:00Z,2026-09-15 23:40:39,2026-09-15 23:40:26,live
QB,00-0038400,Tanner McKee,PHI,TEN,2026_02_PHI_TEN,2026,2,NA,NA,20,25,2.446437182232957,-2.3614706467191695,-15.680206139815997,10.957264846377658,-19.18500523389417,14.462063940455831,0.138,0.045,0.0957000505158952,0,platt_vol_vegas,platt,0.1744824275409355,0.04115282080697391,NA,NA,NA,2026-09-20T17:00:00Z,2026-09-15 23:40:39,2026-09-15 23:40:26,live
QB,00-0038416,Tyson Bagent,CHI,MIN,2026_02_MIN_CHI,2026,2,NA,NA,20,25,2.4099323279834954,-0.6717411818930994,-13.990476674989926,12.646994311203729,-17.4952757690681,16.1517934052819,0.1755,0.068,0.0957000505158952,0,platt_vol_vegas,platt,0.28083620513697793,0.06278349281304554,NA,NA,NA,2026-09-20T17:00:00Z,2026-09-15 23:40:39,2026-09-15 23:40:26,live
QB,00-0038476,Tommy DeVito,NE,PIT,2026_02_PIT_NE,2026,2,NA,NA,20,25,2.4121588015600532,-3.28295068719127,-16.601686180288098,10.035784805905557,-20.10648527436627,13.54058389998373,0.1165,0.03,0.0957000505158952,0,platt_vol_vegas,platt,0.16440113603983048,0.02719404178728632,NA,NA,NA,2026-09-20T17:00:00Z,2026-09-15 23:40:39,2026-09-15 23:40:26,live
QB,00-0038579,Aidan O'Connell,LV,LAC,2026_02_LV_LAC,2026,2,NA,NA,20,25,2.4378190482664626,-5.598324618208136,-18.917060111304963,7.7204108748886915,-22.421859205383136,11.225209968966865,0.104,0.029,0.0957000505158952,0,platt_vol_vegas,platt,0.12921133953047306,0.02626869899816484,NA,NA,NA,2026-09-20T20:05:00Z,2026-09-15 23:40:39,2026-09-15 23:40:26,live
QB,00-0039164,Anthony Richardson,IND,KC,2026_02_IND_KC,2026,2,NA,NA,20,25,2.590004285902111,-2.886398429688517,-16.205133922785343,10.43233706340831,-19.709933016863516,13.937136157486483,0.112,0.034,0.0957000505158952,0,platt_vol_vegas,platt,0.1614467235782593,0.03090251704072326,NA,NA,NA,2026-09-21T00:20:00Z,2026-09-15 23:40:39,2026-09-15 23:40:26,live
QB,00-0039376,Spencer Rattler,NO,BAL,2026_02_NO_BAL,2026,2,NA,NA,20,25,2.9049817490462684,-3.582409836956335,-16.90114533005316,9.736325656140492,-20.405944424131334,13.241124750218665,0.155,0.057,0.0957000505158952,0,platt_vol_vegas,platt,0.19509815981527787,0.05240860768770103,NA,NA,NA,2026-09-20T17:00:00Z,2026-09-15 23:40:39,2026-09-15 23:40:26,live
QB,00-0039923,J.J. McCarthy,MIN,CHI,2026_02_MIN_CHI,2026,2,NA,NA,20,25,2.705628283963883,-2.3244783266580313,-15.643213819754859,10.994257166438796,-19.148012913833032,14.49905626051697,0.1815,0.064,0.0957000505158952,0,platt_vol_vegas,platt,0.21875426408400114,0.05900497680467688,NA,NA,NA,2026-09-20T17:00:00Z,2026-09-15 23:40:39,2026-09-15 23:40:26,live
QB,00-0040014,Kyle McCord,MIA,SF,2026_02_MIA_SF,2026,2,NA,NA,20,25,2.362143061968408,-6.597932418089924,-19.91666791118675,6.720803075006904,-23.421467005264923,10.225602169085077,0.0815,0.0245,0.0957000505158952,0,platt_vol_vegas,platt,0.11132234516441092,0.022114241824838794,NA,NA,NA,2026-09-20T20:25:00Z,2026-09-15 23:40:39,2026-09-15 23:40:26,live
QB,00-0040203,Will Howard,PIT,NE,2026_02_PIT_NE,2026,2,NA,NA,20,25,2.3731514580933872,-3.838494072647878,-17.157229565744707,9.48024142044895,-20.66202865982288,12.985040514527123,0.122,0.0335,0.0957000505158952,0,platt_vol_vegas,platt,0.12824486423486745,0.030438358980190972,NA,NA,NA,2026-09-20T17:00:00Z,2026-09-15 23:40:39,2026-09-15 23:40:26,live
QB,00-0040206,Riley Leonard,IND,KC,2026_02_IND_KC,2026,2,NA,NA,20,25,2.3816394306611124,-3.148756555813898,-16.467492048910724,10.169978937282929,-19.972291142988897,13.674778031361102,0.139,0.047,0.0957000505158952,0,platt_vol_vegas,platt,0.17512242135039016,0.043023829285824024,NA,NA,NA,2026-09-21T00:20:00Z,2026-09-15 23:40:39,2026-09-15 23:40:26,live
QB,00-0040234,Quinn Ewers,JAX,DEN,2026_02_JAX_DEN,2026,2,NA,NA,20,25,2.4045369356548516,-3.910104233519766,-17.228839726616595,9.408631259577062,-20.733638820694768,12.913430353655235,0.156,0.0525,0.0957000505158952,0,platt_vol_vegas,platt,0.18754392192467526,0.04817954745522567,NA,NA,NA,2026-09-20T20:05:00Z,2026-09-15 23:40:39,2026-09-15 23:40:26,live
QB,00-0040398,Brady Cook,MIA,SF,2026_02_MIA_SF,2026,2,NA,NA,20,25,2.2215978414055884,-7.021715190779107,-20.340450683875936,6.297020302317721,-23.84524977795411,9.801819396395894,0.0805,0.0205,0.0957000505158952,0,platt_vol_vegas,platt,0.10933388558249751,0.018435946626689546,NA,NA,NA,2026-09-20T20:25:00Z,2026-09-15 23:40:39,2026-09-15 23:40:26,live
QB,00-0040589,Kurtis Rourke,SF,MIA,2026_02_MIA_SF,2026,2,NA,NA,20,25,2.435038880337503,3.6386961410566685,-9.68003935204016,16.957431634153497,-13.184838446118333,20.46223072823167,0.334,0.156,0.0957000505158952,0,platt_vol_vegas,platt,0.4244486418060763,0.14720414882077448,NA,NA,NA,2026-09-20T20:25:00Z,2026-09-15 23:40:39,2026-09-15 23:40:26,live
QB,00-0040668,Shedeur Sanders,CLE,TB,2026_02_CLE_TB,2026,2,NA,NA,20,25,2.3715158511258947,-4.458934457855383,-17.77766995095221,8.859801035241444,-21.282469045030382,12.364600129319617,0.1435,0.047,0.0957000505158952,0,platt_vol_vegas,platt,0.12736540014707892,0.043023829285824024,NA,NA,NA,2026-09-20T17:00:00Z,2026-09-15 23:40:39,2026-09-15 23:40:26,live
QB,00-0040673,Jalen Milroe,SEA,ARI,2026_02_SEA_ARI,2026,2,NA,NA,20,25,2.46883015828233,-0.7322537108678473,-14.050989203964676,12.58648178222898,-17.55578829804285,16.091280876307152,0.1925,0.07,0.0957000505158952,0,platt_vol_vegas,platt,0.18997652184508418,0.06467513260725245,NA,NA,NA,2026-09-20T20:25:00Z,2026-09-15 23:40:39,2026-09-15 23:40:26,live
QB,00-0040891,Cole Payton,PHI,TEN,2026_02_PHI_TEN,2026,2,NA,NA,20,25,2.5113033425745623,-2.8088691951535174,-16.127604688250344,10.50986629794331,-19.632403782328517,14.014665392021483,0.1515,0.0435,0.0957000505158952,0,platt_vol_vegas,platt,0.18309207872079994,0.039750958411609756,NA,NA,NA,2026-09-20T17:00:00Z,2026-09-15 23:40:39,2026-09-15 23:40:26,live
QB,00-0040906,Garrett Nussmeier,KC,IND,2026_02_IND_KC,2026,2,NA,NA,20,25,2.3492383484427815,1.0164934844105058,-12.302242008686322,14.335228977507333,-15.807041102764495,17.840028071585508,0.248,0.0925,0.0957000505158952,0,platt_vol_vegas,platt,0.31861828267585823,0.08605612114347229,NA,NA,NA,2026-09-21T00:20:00Z,2026-09-15 23:40:39,2026-09-15 23:40:26,live
QB,00-0040981,Joe Fagnano,BAL,NO,2026_02_NO_BAL,2026,2,NA,NA,20,25,2.3429971346856906,1.2285700443547456,-12.090165448742082,14.547305537451573,-15.594964542820255,18.052104631529748,0.2445,0.108,0.0957000505158952,0,platt_vol_vegas,platt,0.35177750300854377,0.10088114092897031,NA,NA,NA,2026-09-20T17:00:00Z,2026-09-15 23:40:39,2026-09-15 23:40:26,live
QB,00-0041056,Cade Klubnik,NYJ,GB,2026_02_GB_NYJ,2026,2,NA,NA,20,25,2.521620382258412,-1.4492844910822809,-14.768019984179109,11.869451002014547,-18.27281907825728,15.37425009609272,0.1655,0.0495,0.0957000505158952,0,platt_vol_vegas,platt,0.17859980498835276,0.04536548192828363,NA,NA,NA,2026-09-20T17:00:00Z,2026-09-15 23:40:39,2026-09-15 23:40:26,live
QB,00-0041092,Taylen Green,CLE,TB,2026_02_CLE_TB,2026,2,NA,NA,20,25,2.3816394306611124,-4.707280828336806,-18.026016321433634,8.611454664760021,-21.530815415511807,12.116253758838194,0.102,0.029,0.0957000505158952,0,platt_vol_vegas,platt,0.10816284090655195,0.02626869899816484,NA,NA,NA,2026-09-20T17:00:00Z,2026-09-15 23:40:39,2026-09-15 23:40:26,live
QB,00-0041117,Athan Kaliakmanis,WAS,DAL,2026_02_WAS_DAL,2026,2,NA,NA,20,25,2.4777260730388075,-0.5741290961745303,-13.892864589271358,12.744606396922297,-17.39766368334953,16.24940549100047,0.1835,0.0665,0.0957000505158952,0,platt_vol_vegas,platt,0.25751732684417233,0.06136579581746079,NA,NA,NA,2026-09-20T20:25:00Z,2026-09-15 23:40:39,2026-09-15 23:40:26,live
QB,00-0041123,Behren Morton,NE,PIT,2026_02_PIT_NE,2026,2,NA,NA,20,25,2.495220453576513,-2.5377834770794516,-15.856518970176278,10.780952016017377,-19.36131806425445,14.28575111009555,0.128,0.0415,0.0957000505158952,0,platt_vol_vegas,platt,0.17274462687106343,0.037883726100545016,NA,NA,NA,2026-09-20T17:00:00Z,2026-09-15 23:40:39,2026-09-15 23:40:26,live
QB,00-0041149,Haynes King,CAR,ATL,2026_02_CAR_ATL,2026,2,NA,NA,20,25,2.255038874784251,-3.0848278184791247,-16.40356331157595,10.233907674617702,-19.908362405654124,13.738706768695875,0.119,0.034,0.0957000505158952,0,platt_vol_vegas,platt,0.1704244302296775,0.03090251704072326,NA,NA,NA,2026-09-20T17:00:00Z,2026-09-15 23:40:39,2026-09-15 23:40:26,live
QB,00-0041172,Miller Moss,CHI,MIN,2026_02_MIN_CHI,2026,2,NA,NA,20,25,2.4099323279834954,-0.6717411818930994,-13.990476674989926,12.646994311203729,-17.4952757690681,16.1517934052819,0.192,0.0655,0.0957000505158952,0,platt_vol_vegas,platt,0.2916071881599722,0.06042116410905633,NA,NA,NA,2026-09-20T17:00:00Z,2026-09-15 23:40:39,2026-09-15 23:40:26,live
QB,00-0041194,Jack Strand,ATL,CAR,2026_02_CAR_ATL,2026,2,NA,NA,20,25,2.293996559968023,-1.5313905204923715,-14.850126013589199,11.787344972604457,-18.354925107667373,15.29214406668263,0.1765,0.0645,0.0957000505158952,0,platt_vol_vegas,platt,0.17785429612785622,0.059476937132049136,NA,NA,NA,2026-09-20T17:00:00Z,2026-09-15 23:40:39,2026-09-15 23:40:26,live
QB,00-0041251,Jalon Daniels,TB,CLE,2026_02_CLE_TB,2026,2,NA,NA,20,25,2.349594836089121,-2.664206590409315,-15.982942083506142,10.654528902687513,-19.487741177584315,14.159327996765686,0.165,0.064,0.0957000505158952,0,platt_vol_vegas,platt,0.22127291789525155,0.05900497680467688,NA,NA,NA,2026-09-20T17:00:00Z,2026-09-15 23:40:39,2026-09-15 23:40:26,live
QB,00-0041561,Carson Beck,ARI,SEA,2026_02_SEA_ARI,2026,2,NA,NA,20,25,2.3928623029698226,-5.061350436384579,-18.380085929481407,8.257385056712248,-21.88488502355958,11.762184150790421,0.0945,0.03,0.0957000505158952,0,platt_vol_vegas,platt,0.10948858241930527,0.02719404178728632,NA,NA,NA,2026-09-20T20:25:00Z,2026-09-15 23:40:39,2026-09-15 23:40:26,live
QB,00-0041562,Fernando Mendoza,LV,LAC,2026_02_LV_LAC,2026,2,NA,NA,20,25,2.5694594620462134,-5.112544919219169,-18.431280412315996,8.20619057387766,-21.93607950639417,11.710989667955833,0.094,0.031,0.0957000505158952,0,platt_vol_vegas,platt,0.12469016487183973,0.02812011314917865,NA,NA,NA,2026-09-20T20:05:00Z,2026-09-15 23:40:39,2026-09-15 23:40:26,live
QB,00-0041565,Drew Allar,PIT,NE,2026_02_PIT_NE,2026,2,NA,NA,20,25,2.469381729943804,-3.969582294928492,-17.28831778802532,9.349153198168336,-20.793116882103494,12.85395229224651,0.101,0.0305,0.0957000505158952,0,platt_vol_vegas,platt,0.1182704136894839,0.027656987594183155,NA,NA,NA,2026-09-20T17:00:00Z,2026-09-15 23:40:39,2026-09-15 23:40:26,live
QB,00-0041568,Ty Simpson,LA,NYG,2026_02_NYG_LA,2026,2,NA,NA,20,25,2.6272110523773766,2.1170279777127443,-11.201707515384083,15.435763470809572,-14.706506609462256,18.940562564887745,0.257,0.11,0.0957000505158952,0,platt_vol_vegas,platt,0.3500341256604006,0.10279921776677031,NA,NA,NA,2026-09-22T00:15:00Z,2026-09-15 23:40:39,2026-09-15 23:40:26,live
QB,00-0033869,Mitchell Trubisky,TEN,PHI,2026_02_PHI_TEN,2026,2,NA,NA,20,25,2.5986471156231215,-6.324485941273901,-19.64322143437073,6.994249551822927,-23.148020528448903,10.4990486459011,0.0905,0.0245,0.0951501913413176,0.022114241824838794,platt_vol_vegas,platt,0.0951501913413176,0.022114241824838794,NA,NA,NA,2026-09-20T17:00:00Z,2026-09-15 23:40:39,2026-09-15 23:40:26,live
QB,00-0034771,Mason Rudolph,PIT,NE,2026_02_PIT_NE,2026,2,NA,NA,20,25,2.469381729943804,-3.969582294928492,-17.28831778802532,9.349153198168336,-20.793116882103494,12.85395229224651,0.112,0.0345,0.06417286248947843,0,platt_vol_vegas,platt,0.12417286248947842,0.031366840108263565,role_change_down,0.6,Mason Rudolph listed as Steelers' QB2 on Week 1 depth chart,2026-09-20T17:00:00Z,2026-09-15 23:40:39,2026-09-15 23:40:26,live
RB,00-0039040,De'Von Achane,MIA,SF,2026_02_MIA_SF,2026,2,NA,NA,15,20,22.413989924210593,-2.3263521532036493,-8.439554213840205,3.7868499074329063,-10.501079627022268,5.84837532061497,0.5385,0.2825,0.7119978412399535,0.452757855932362,star_platt,star_platt,0.6269978412399535,0.367757855932362,role_change_up,0.85,Jaylen Wright's minimal usage (1 carry) and explicit ranking behind De'Von Achane in the backfield hierarchy suggests increased opportunity for Achane in Miami's ground attack.,2026-09-20T20:25:00Z,2026-09-15 23:40:39,2026-09-15 23:40:26,live
RB,00-0038542,Bijan Robinson,ATL,CAR,2026_02_CAR_ATL,2026,2,NA,NA,15,20,21.224466962866554,-1.4752592922945655,-7.449370198827332,4.498851614238201,-9.463990578266094,6.513471993676962,0.531,0.2745,0.6933541340535608,0.4325166169957163,star_platt,star_platt,0.6213541340535609,0.3605166169957163,role_change_up,0.72,Rush starting due to Tagovailoa's injury creates potential for elevated usage by backup QB who may rely more heavily on Robinson in short-yardage and checkdown situations.,2026-09-20T17:00:00Z,2026-09-15 23:40:39,2026-09-15 23:40:26,live
RB,00-0039139,Jahmyr Gibbs,DET,BUF,2026_02_DET_BUF,2026,2,NA,NA,15,20,21.172574420027072,-0.6017484082053477,-6.569690149099449,5.366193332688754,-8.582230130799662,7.378733314388967,0.5815,0.331,0.6589742770124096,0.4103743856230908,star_platt,star_platt,0.6589742770124096,0.4103743856230908,NA,NA,NA,2026-09-18T00:15:00Z,2026-09-15 23:40:39,2026-09-15 23:40:26,live
RB,00-0037248,James Cook,BUF,DET,2026_02_DET_BUF,2026,2,NA,NA,15,20,19.372448485565656,-0.1156563172582793,-5.863930817107679,5.63261818259112,-7.802393482964991,7.571080848448432,0.5695,0.3095,0.6501100062221015,0.39173649506406116,star_platt,star_platt,0.6501100062221015,0.39173649506406116,NA,NA,NA,2026-09-18T00:15:00Z,2026-09-15 23:40:39,2026-09-15 23:40:26,live
RB,00-0036997,Javonte Williams,DAL,WAS,2026_02_WAS_DAL,2026,2,NA,NA,15,20,19.42906885056471,0.3703431557919325,-5.385016299654811,6.125702611238676,-7.325868190646566,8.066554502230431,0.5595,0.295,0.6426898691010481,0.3789439415132278,star_platt,star_platt,0.6426898691010481,0.3789439415132278,NA,NA,NA,2026-09-20T20:25:00Z,2026-09-15 23:40:39,2026-09-15 23:40:26,live
RB,00-0033280,Christian McCaffrey,SF,MIA,2026_02_MIA_SF,2026,2,NA,NA,15,20,16.4173639657935,0.1987573849041149,-5.161666209987181,5.5591809797954115,-6.969335800600792,7.366850570409023,0.424,0.217,0.6098523058515969,0.3782590011101475,star_platt,star_platt,0.5378523058515969,0.3062590011101475,role_change_up,0.72,Juszczyk's potential return would improve McCaffrey's rushing efficiency and opportunity quality in the ground game.,2026-09-20T20:25:00Z,2026-09-15 23:40:39,2026-09-15 23:40:26,live
RB,00-0032764,Derrick Henry,BAL,NO,2026_02_NO_BAL,2026,2,NA,NA,15,20,18.217804496740325,0.21242603699179985,-5.388673168307112,5.813525242290711,-7.277504625037208,7.702356699020807,0.5115,0.275,0.6065728479180904,0.36097114688280874,star_platt,star_platt,0.6065728479180904,0.36097114688280874,NA,NA,NA,2026-09-20T17:00:00Z,2026-09-15 23:40:39,2026-09-15 23:40:26,live
RB,00-0040122,Ashton Jeanty,LV,LAC,2026_02_LV_LAC,2026,2,NA,NA,15,20,21.915604464134127,-3.025742620639396,-9.081200626807277,3.029715385528485,-11.123253293208425,5.0717680519296335,0.485,0.236,0.586208070774326,0.3246591357827119,star_platt,star_platt,0.586208070774326,0.3246591357827119,NA,NA,NA,2026-09-20T20:05:00Z,2026-09-15 23:40:39,2026-09-15 23:40:26,live
RB,00-0036223,Jonathan Taylor,IND,KC,2026_02_IND_KC,2026,2,NA,NA,15,20,20.89836885707112,-1.4557622717318075,-7.390959506831323,4.479434963367708,-9.392457218021244,6.480932674557629,0.472,0.2415,0.576087406988752,0.32989267051897647,star_platt,star_platt,0.576087406988752,0.32989267051897647,NA,NA,NA,2026-09-21T00:20:00Z,2026-09-15 23:40:39,2026-09-15 23:40:26,live
RB,00-0038597,Chase Brown,CIN,HOU,2026_02_CIN_HOU,2026,2,NA,NA,15,20,19.684184668499928,-1.731949566816223,-7.519084790449705,4.05518565681726,-9.47065226927752,6.006753135645075,0.4315,0.2085,0.5439247221314097,0.29785444984917414,star_platt,star_platt,0.5439247221314097,0.29785444984917414,NA,NA,NA,2026-09-20T17:00:00Z,2026-09-15 23:40:39,2026-09-15 23:40:26,live
RB,00-0037840,Kyren Williams,LA,NYG,2026_02_NYG_LA,2026,2,NA,NA,15,20,17.70782285908786,0.12061841546789381,-5.413760046431402,5.65499687736719,-7.280091591210217,7.521328422146006,0.481,0.256,0.49810366773234577,0.2585061303694924,star_platt,star_platt,0.5831036677323458,0.3435061303694924,role_change_down,0.85,"Williams moved into a committee role with Blake Corum gaining meaningful opportunities, reducing Williams' expected volume despite maintaining passing-down edge.",2026-09-22T00:15:00Z,2026-09-15 23:40:39,2026-09-15 23:40:26,live
RB,00-0034844,Saquon Barkley,PHI,TEN,2026_02_PHI_TEN,2026,2,NA,NA,15,20,21.691830024603686,-1.1997334448673032,-7.229017557526906,4.8295506677923,-9.262243729057769,6.862776839323161,0.578,0.313,0.4869745791080142,0.2308778567372208,star_platt,star_platt,0.4869745791080142,0.2308778567372208,NA,NA,NA,2026-09-20T17:00:00Z,2026-09-15 23:40:39,2026-09-15 23:40:26,live
RB,00-0038134,Kenneth Walker III,KC,IND,2026_02_IND_KC,2026,2,NA,NA,15,20,18.801012375097248,0.6089924774872632,-5.0670977243656745,6.2850826793402,-6.981218030314648,8.199202985289174,0.5525,0.3095,0.46631421316615373,0.22860841098763268,star_platt,star_platt,0.46631421316615373,0.22860841098763268,NA,NA,NA,2026-09-21T00:20:00Z,2026-09-15 23:40:39,2026-09-15 23:40:26,live
RB,00-0040666,Omarion Hampton,LAC,LV,2026_02_LV_LAC,2026,2,NA,NA,15,20,19.176103947744245,-0.7900358988083432,-6.51364849650138,4.9335766988846945,-8.443794548981863,6.863722751365177,0.4945,0.2625,0.420499566270467,0.1982469301536148,star_platt,star_platt,0.420499566270467,0.1982469301536148,NA,NA,NA,2026-09-20T20:05:00Z,2026-09-15 23:40:39,2026-09-15 23:40:26,live
RB,00-0040715,Cam Skattebo,NYG,LA,2026_02_NYG_LA,2026,2,NA,NA,15,20,17.818917701299554,-1.6804252714186105,-7.22943190296292,3.868581360125699,-9.100696434280119,5.739845891442897,0.383,0.166,0.41891462452094613,0.16894629639280495,star_platt,star_platt,0.5039146245209462,0.25394629639280497,role_change_down,0.85,"Singletary established himself as the primary receiving back, reducing target opportunities for Skattebo in the Giants' passing game.",2026-09-22T00:15:00Z,2026-09-15 23:40:39,2026-09-15 23:40:26,live
RB,00-0038120,Breece Hall,NYJ,GB,2026_02_GB_NYJ,2026,2,NA,NA,15,20,17.608491866132102,-1.5027945151006912,-7.024048808025022,4.018459777823638,-8.88595455310011,5.880365522898726,0.3575,0.1465,0.39125756193058664,0.19737239847759291,star_platt,star_platt,0.31625756193058663,0.12237239847759289,role_change_up,0.75,"Richardson's waiver removes a backup RB option, increasing opportunity for Jets' lead back Breece Hall in the committee.",2026-09-20T17:00:00Z,2026-09-15 23:40:39,2026-09-15 23:40:26,live
RB,00-0036275,D'Andre Swift,CHI,MIN,2026_02_MIN_CHI,2026,2,NA,NA,15,20,16.997759395439108,-0.08327836215790173,-5.522882698094156,5.356325973778352,-7.357254025093979,7.190697300778175,0.426,0.206,0.3679214681631974,0.16169704569379195,star_platt,star_platt,0.3679214681631974,0.16169704569379195,NA,NA,NA,2026-09-20T17:00:00Z,2026-09-15 23:40:39,2026-09-15 23:40:26,live
RB,00-0039361,Bucky Irving,TB,CLE,2026_02_CLE_TB,2026,2,NA,NA,15,20,17.573940642652225,-1.138385671692063,-6.6550648358317925,4.378293492447666,-8.515427732467638,6.238656389083511,0.42,0.1975,0.36337079199077216,0.15615519656175128,star_platt,star_platt,0.36337079199077216,0.15615519656175128,NA,NA,NA,2026-09-20T17:00:00Z,2026-09-15 23:40:39,2026-09-15 23:40:26,live
RB,00-0036973,Travis Etienne,NO,BAL,2026_02_NO_BAL,2026,2,NA,NA,15,20,15.279249426441382,-1.532949150633295,-6.733269925938263,3.667371624671673,-8.486948821000588,5.421050519733999,0.2535,0.0965,0.3327387911882844,0.18263953021933546,star_platt,star_platt,0.2377387911882844,0.08763953021933546,role_change_up,0.95,Kamara's Week 1 absence elevates Etienne to lead the Saints backfield with increased snap share and carry opportunities.,2026-09-20T17:00:00Z,2026-09-15 23:40:39,2026-09-15 23:40:26,live
RB,00-0036158,J.K. Dobbins,DEN,JAX,2026_02_JAX_DEN,2026,2,NA,NA,15,20,15.785640117658675,-0.7561382449023446,-6.0285173256708475,4.516240835866158,-7.806496092792113,6.2942196029874236,0.3455,0.1575,0.33023551827242975,0.20065811337735678,star_platt,star_platt,0.25523551827242974,0.12565811337735677,role_change_up,0.75,"Coleman's lack of opportunity in debut confirms he is behind Dobbins and Harvey in the RB pecking order, solidifying Dobbins' role as lead back.",2026-09-20T20:05:00Z,2026-09-15 23:40:39,2026-09-15 23:40:26,live
RB,00-0037228,Jaylen Warren,PIT,NE,2026_02_PIT_NE,2026,2,NA,NA,15,20,15.305621157317379,-1.709597079141862,-6.913704268940627,3.4945101106569036,-8.668660038156036,5.249465879872313,0.2515,0.093,0.3212096591680992,0.17011002455893937,star_platt,star_platt,0.2362096591680992,0.08511002455893937,role_change_up,0.85,"Warren significantly out-touched and out-produced Dowdle in Week 1 (5 more touches, 73 vs 21 all-purpose yards), establishing him as the lead back in a committee.",2026-09-20T17:00:00Z,2026-09-15 23:40:39,2026-09-15 23:40:26,live
RB,00-0041027,Jeremiyah Love,ARI,SEA,2026_02_SEA_ARI,2026,2,NA,NA,15,20,15.459081393478854,-1.6060671189636995,-6.832133457777255,3.6199992198498556,-8.594494404066285,5.382360166138886,0.267,0.109,0.28810762736736983,0.1783843434715593,star_platt,star_platt,0.20310762736736984,0.09338434347155929,role_change_up,0.85,"Impact note explicitly signals that Love's carry share will increase as he recovers from ankle sprain, implying reduced opportunity for Allgeier.",2026-09-20T20:25:00Z,2026-09-15 23:40:39,2026-09-15 23:40:26,live
RB,00-0040784,Quinshon Judkins,CLE,TB,2026_02_CLE_TB,2026,2,NA,NA,15,20,19.233690337306456,-2.3876108397649394,-8.11847165359659,3.3432499740667114,-10.051061986770199,5.275840307240321,0.389,0.1745,0.28468251415534,0.13665179980549952,star_platt,star_platt,0.28468251415534,0.13665179980549952,NA,NA,NA,2026-09-20T17:00:00Z,2026-09-15 23:40:39,2026-09-15 23:40:26,live
RB,00-0036555,Chuba Hubbard,CAR,ATL,2026_02_CAR_ATL,2026,2,NA,NA,15,20,16.281053152686273,-0.5118887419259386,-5.853482387007467,4.82970490315559,-7.654802045183585,6.631024561331708,0.3805,0.176,0.27888279004975636,0.13761639320450839,star_platt,star_platt,0.27888279004975636,0.13761639320450839,NA,NA,NA,2026-09-20T17:00:00Z,2026-09-15 23:40:39,2026-09-15 23:40:26,live
RB,00-0041052,Kaelon Black,SF,MIA,2026_02_MIA_SF,2026,2,NA,NA,15,20,14.901370103054237,0.14751019806797944,-4.998135103960111,5.29315550009607,-6.733376054959731,7.0283964510956896,0.3795,0.1565,0.2782020621375798,0.12500749739801797,star_platt,star_platt,0.2782020621375798,0.12500749739801797,NA,NA,NA,2026-09-20T20:25:00Z,2026-09-15 23:40:39,2026-09-15 23:40:26,live
RB,00-0036875,Rhamondre Stevenson,NE,PIT,2026_02_PIT_NE,2026,2,NA,NA,15,20,20.00901407096694,-1.5513741746322642,-7.3786257432669915,4.275877394002463,-9.3437214621045,6.240973112839972,0.4665,0.2355,0.26692067389788693,0.10343305508830021,star_platt,star_platt,0.33892067389788694,0.1754330550883002,role_change_down,0.72,Henderson's return to practice signals potential snap/carry share reduction for Stevenson in a Patriots backfield committee.,2026-09-20T17:00:00Z,2026-09-15 23:40:39,2026-09-15 23:40:26,live
RB,00-0035685,David Montgomery,HOU,CIN,2026_02_CIN_HOU,2026,2,NA,NA,15,20,15.694933985822388,-0.7444430425911885,-6.004014113436579,4.5151280282542015,-7.777673697634248,6.288787612451871,0.3395,0.143,0.25121447095766236,0.11617366594732938,star_platt,star_platt,0.25121447095766236,0.11617366594732938,NA,NA,NA,2026-09-20T17:00:00Z,2026-09-15 23:40:39,2026-09-15 23:40:26,live
RB,00-0040242,Jacory Croskey-Merritt,WAS,DAL,2026_02_WAS_DAL,2026,2,NA,NA,15,20,15.432850016759522,-0.7103152198044057,-5.9326369772336385,4.512006537624828,-7.693735156545733,6.273104716936922,0.319,0.1425,0.23753425231638906,0.11584453377764801,star_platt,star_platt,0.23753425231638906,0.11584453377764801,NA,NA,NA,2026-09-20T20:25:00Z,2026-09-15 23:40:39,2026-09-15 23:40:26,live
RB,00-0039811,MarShawn Lloyd,GB,NYJ,2026_02_GB_NYJ,2026,2,NA,NA,15,20,15.678772184214594,-0.8101085753646743,-6.067393059068792,4.447175908339442,-7.840281548600453,6.220064397871104,0.3115,0.1365,0.23254878558758846,0.11188289424742283,star_platt,star_platt,0.23254878558758846,0.11188289424742283,NA,NA,NA,2026-09-20T17:00:00Z,2026-09-15 23:40:39,2026-09-15 23:40:26,live
RB,00-0036139,Rico Dowdle,PIT,NE,2026_02_PIT_NE,2026,2,NA,NA,15,20,14.839734664176897,-1.6540637453399458,-6.790715274539324,3.482587783859432,-8.522923299248781,5.214795808568889,0.241,0.0965,0.22816068757470426,0.08763953021933546,star_platt,star_platt,0.22816068757470426,0.08763953021933546,NA,NA,NA,2026-09-20T17:00:00Z,2026-09-15 23:40:39,2026-09-15 23:40:26,live
RB,00-0040719,Bhayshul Tuten,JAX,DEN,2026_02_JAX_DEN,2026,2,NA,NA,15,20,15.556020585794958,-1.0767348041209317,-6.316607637356829,4.1631380291149656,-8.083624480643259,5.930154872401395,0.303,0.1275,0.22690903325475162,0.10589522587250222,star_platt,star_platt,0.22690903325475162,0.10589522587250222,NA,NA,NA,2026-09-20T20:05:00Z,2026-09-15 23:40:39,2026-09-15 23:40:26,live
RB,00-0038551,Kendre Miller,NO,BAL,2026_02_NO_BAL,2026,2,NA,NA,15,20,12.103584822087665,-1.2492268027176534,-5.962497286295348,3.4640436808600414,-7.551930579145572,5.053476973710265,0.1645,0.0485,0.21993857541217465,0.1342341464541655,star_platt,star_platt,0.13493857541217463,0.0492341464541655,role_change_up,0.85,"Kendre Miller saw increased touches over Donaldson in Week 1 despite Kamara/Estime absences, suggesting he has displaced Donaldson in the backfield pecking order.",2026-09-20T17:00:00Z,2026-09-15 23:40:39,2026-09-15 23:40:26,live
RB,00-0035261,Tony Pollard,TEN,PHI,2026_02_PHI_TEN,2026,2,NA,NA,15,20,16.626184188447763,-2.110863600612475,-7.499959165869967,3.2782319646450175,-9.317297665668917,5.095570464443966,0.2855,0.114,0.21532579268078647,0.09679583953069804,star_platt,star_platt,0.21532579268078647,0.09679583953069804,NA,NA,NA,2026-09-20T17:00:00Z,2026-09-15 23:40:39,2026-09-15 23:40:26,live
RB,00-0037263,Tyler Allgeier,ARI,SEA,2026_02_SEA_ARI,2026,2,NA,NA,15,20,16.111460019020047,-1.9435386945141888,-7.261577130312855,3.3744997412844775,-9.054953379769978,5.1678759907416,0.278,0.0965,0.21037014655186,0.08474038846815699,star_platt,star_platt,0.21037014655186,0.08474038846815699,NA,NA,NA,2026-09-20T20:25:00Z,2026-09-15 23:40:39,2026-09-15 23:40:26,live
RB,00-0037525,Jordan Mason,MIN,CHI,2026_02_MIN_CHI,2026,2,NA,NA,15,20,14.612519384167692,-1.4177550003016544,-6.521063717967762,3.6855537173644537,-8.242027708431177,5.406517707827868,0.271,0.11,0.20574795486314754,0.09406859917308337,star_platt,star_platt,0.20574795486314754,0.09406859917308337,NA,NA,NA,2026-09-20T17:00:00Z,2026-09-15 23:40:39,2026-09-15 23:40:26,live
RB,00-0038951,Sean Tucker,TB,CLE,2026_02_CLE_TB,2026,2,NA,NA,15,20,10.038090772426504,-1.051247733535337,-5.406609697322402,3.3041142302517277,-6.875347239921908,4.772851772851235,0.1235,0.034,0.20169066867003624,0.1322704729867869,star_platt,star_platt,0.10669066867003624,0.037270472986786915,role_change_up,0.95,"Sean Tucker's inactivity elevates Bucky Irving and Kenneth Gainwell to lead the Buccaneers backfield, materially increasing their snap and carry opportunity in Week 1.",2026-09-20T17:00:00Z,2026-09-15 23:40:39,2026-09-15 23:40:26,live
RB,00-0039738,Blake Corum,LA,NYG,2026_02_NYG_LA,2026,2,NA,NA,15,20,12.19089047430747,0.04367852826826306,-4.683911388234162,4.771268444770688,-6.27817355383943,6.365530610375956,0.2605,0.0915,0.19881791262701765,0.0812306884058487,star_platt,star_platt,0.19881791262701765,0.0812306884058487,NA,NA,NA,2026-09-22T00:15:00Z,2026-09-15 23:40:39,2026-09-15 23:40:26,live
RB,00-0033906,Alvin Kamara,NO,BAL,2026_02_NO_BAL,2026,2,NA,NA,15,20,16.145671083015166,-2.3271898273064173,-7.6499914186033315,2.9956117639904973,-9.4449739238343,4.790594269221465,0.2555,0.0915,0.1955183480297565,0.0812306884058487,star_platt,star_platt,0.1955183480297565,0.0812306884058487,NA,NA,NA,2026-09-20T17:00:00Z,2026-09-15 23:40:39,2026-09-15 23:40:26,live
RB,00-0036919,Kenny Gainwell,TB,CLE,2026_02_CLE_TB,2026,2,NA,NA,15,20,11.894723756303378,-0.7811555365514362,-5.459925654336833,3.8976145812339604,-7.037724556545388,5.475413483442516,0.1815,0.0625,0.1816441956576808,0.06220939275567059,star_platt,star_platt,0.1816441956576808,0.06220939275567059,NA,NA,NA,2026-09-20T17:00:00Z,2026-09-15 23:40:39,2026-09-15 23:40:26,live
RB,00-0040734,TreVeyon Henderson,NE,PIT,2026_02_PIT_NE,2026,2,NA,NA,15,20,11.993399976051942,-0.9593908952017378,-5.654503942202726,3.7357221517992505,-7.237814090983796,5.319032300580321,0.1755,0.0565,0.17684001191007814,0.05746977924960509,star_platt,star_platt,0.17684001191007814,0.05746977924960509,NA,NA,NA,2026-09-20T17:00:00Z,2026-09-15 23:40:39,2026-09-15 23:40:26,live
RB,00-0040730,RJ Harvey,DEN,JAX,2026_02_JAX_DEN,2026,2,NA,NA,15,20,11.17780614665712,-0.4356850024351023,-4.993292544563742,4.1219225396935375,-6.530232380383611,5.658862375513406,0.1645,0.0485,0.16796193784770655,0.050986216533015334,star_platt,star_platt,0.16796193784770655,0.050986216533015334,NA,NA,NA,2026-09-20T20:05:00Z,2026-09-15 23:40:39,2026-09-15 23:40:26,live
RB,00-0029892,Kyle Juszczyk,SF,MIA,2026_02_MIA_SF,2026,2,NA,NA,15,20,10.962284705610056,0.11781435518342376,-4.402495110400375,4.638123820767223,-5.9268570971818315,6.16248580754868,0.2125,0.0785,0.16708524606169614,0.07193947081557855,star_platt,star_platt,0.16708524606169614,0.07193947081557855,NA,NA,NA,2026-09-20T20:25:00Z,2026-09-15 23:40:39,2026-09-15 23:40:26,live
RB,00-0033293,Aaron Jones,MIN,CHI,2026_02_MIN_CHI,2026,2,NA,NA,15,20,13.787612167537038,-1.3121624581761364,-6.291833192471959,3.6675082761196864,-7.971103346836999,5.346778430484726,0.212,0.0685,0.16675337128345047,0.0645984448786582,star_platt,star_platt,0.16675337128345047,0.0645984448786582,NA,NA,NA,2026-09-20T17:00:00Z,2026-09-15 23:40:39,2026-09-15 23:40:26,live
RB,00-0040236,Kyle Monangai,CHI,MIN,2026_02_MIN_CHI,2026,2,NA,NA,15,20,11.357508296619734,-0.11250893929862639,-4.7008991436100755,4.475881265012823,-6.248219666956025,6.023201788358772,0.1915,0.062,0.15310223321926458,0.05971716792936521,star_platt,star_platt,0.15310223321926458,0.05971716792936521,NA,NA,NA,2026-09-20T17:00:00Z,2026-09-15 23:40:39,2026-09-15 23:40:26,live
RB,00-0041013,Emmett Johnson,KC,IND,2026_02_IND_KC,2026,2,NA,NA,15,20,10.411104369145535,0.3678401223834862,-4.055110989335686,4.790791234102658,-5.546641291725445,6.282321536492416,0.186,0.071,0.1494219742892003,0.06645168376748671,star_platt,star_platt,0.1494219742892003,0.06645168376748671,NA,NA,NA,2026-09-21T00:20:00Z,2026-09-15 23:40:39,2026-09-15 23:40:26,live
RB,00-0040583,Woody Marks,HOU,CIN,2026_02_CIN_HOU,2026,2,NA,NA,15,20,11.903875757227363,-0.6710927454280161,-5.351381922558393,4.009196431702361,-6.929693089765348,5.587507598909316,0.1855,0.057,0.14908696475766792,0.055893859277498195,star_platt,star_platt,0.14908696475766792,0.055893859277498195,NA,NA,NA,2026-09-20T17:00:00Z,2026-09-15 23:40:39,2026-09-15 23:40:26,live
RB,00-0038797,Emanuel Wilson,SEA,ARI,2026_02_SEA_ARI,2026,2,NA,NA,15,20,8.462341206922007,-1.0090319522039597,-5.061538937642164,3.0434750332342446,-6.4281461681430265,4.410082263735108,0.063,0.0155,0.1470671537266746,0.10516382557962864,star_platt,star_platt,0.062067153726674575,0.020163825579628633,role_change_up,0.85,"Blurb clarifies backfield hierarchy with Price and Holani established as top two backs, directly reducing Wilson's opportunity and elevating the other two's roles.",2026-09-20T20:25:00Z,2026-09-15 23:40:39,2026-09-15 23:40:26,live
RB,00-0039391,Kimani Vidal,LAC,LV,2026_02_LV_LAC,2026,2,NA,NA,15,20,11.754539975136524,-0.8774438405479931,-5.532861171561295,3.777973490465309,-7.102784927010137,5.34789724591415,0.178,0.0725,0.14405226129577572,0.06755764102606547,star_platt,star_platt,0.14405226129577572,0.06755764102606547,NA,NA,NA,2026-09-20T20:05:00Z,2026-09-15 23:40:39,2026-09-15 23:40:26,live
RB,00-0038389,Israel Abanikanda,DAL,WAS,2026_02_WAS_DAL,2026,2,NA,NA,15,20,10.188562128132043,0.05542740239219379,-4.3273714144833875,4.438226219267776,-5.805361353672878,5.916216158457266,0.174,0.051,0.14135922258609523,0.05121579577899142,star_platt,star_platt,0.14135922258609523,0.05121579577899142,NA,NA,NA,2026-09-20T20:25:00Z,2026-09-15 23:40:39,2026-09-15 23:40:26,live
RB,00-0041512,Jadarian Price,SEA,ARI,2026_02_SEA_ARI,2026,2,NA,NA,15,20,15.363540707838599,-1.067871789011405,-6.28028176976363,4.14453819174082,-8.038037448810437,5.902293870787627,0.2795,0.1115,0.13936096486702698,0.0230931243050084,star_platt,star_platt,0.211360964867027,0.0950931243050084,role_change_down,0.72,Holani's even snap split with Price in this game suggests reduced opportunity/role clarity for Price going forward.,2026-09-20T20:25:00Z,2026-09-15 23:40:39,2026-09-15 23:40:26,live
RB,00-0037256,Rachaad White,WAS,DAL,2026_02_WAS_DAL,2026,2,NA,NA,15,20,10.836742469678512,-0.4638329485505755,-4.9622205056852495,4.034554608584098,-6.479189873848009,5.551523976746857,0.1695,0.0545,0.13832239753277217,0.053957351812634606,star_platt,star_platt,0.13832239753277217,0.053957351812634606,NA,NA,NA,2026-09-20T20:25:00Z,2026-09-15 23:40:39,2026-09-15 23:40:26,live
RB,00-0039299,George Holani,SEA,ARI,2026_02_SEA_ARI,2026,2,NA,NA,15,20,11.71345667805041,-1.5690160689935044,-6.217558991230384,3.079526853243375,-7.785164523225686,4.6471323852386766,0.1545,0.0495,0.12813736320563437,0.05002925048511805,star_platt,star_platt,0.12813736320563437,0.05002925048511805,NA,NA,NA,2026-09-20T20:25:00Z,2026-09-15 23:40:39,2026-09-15 23:40:26,live
RB,00-0035537,Ty Johnson,BUF,DET,2026_02_DET_BUF,2026,2,NA,NA,15,20,9.832474919895414,-0.20555339404340567,-4.523036353533114,4.111929565446302,-5.9790001436522555,5.5678933555654435,0.1545,0.0455,0.12813736320563437,0.04682826196898371,star_platt,star_platt,0.12813736320563437,0.04682826196898371,NA,NA,NA,2026-09-18T00:15:00Z,2026-09-15 23:40:39,2026-09-15 23:40:26,live
RB,00-0038611,Chris Rodriguez Jr.,JAX,DEN,2026_02_JAX_DEN,2026,2,NA,NA,15,20,10.640987090734694,-0.6918155826477229,-5.155725902110828,3.772094736815382,-6.66106867901564,5.277437513720194,0.1475,0.0485,0.12334664737075297,0.0492341464541655,star_platt,star_platt,0.12334664737075297,0.0492341464541655,NA,NA,NA,2026-09-20T20:05:00Z,2026-09-15 23:40:39,2026-09-15 23:40:26,live
RB,00-0038685,Chris Brooks,GB,NYJ,2026_02_GB_NYJ,2026,2,NA,NA,15,20,11.288738212534893,-1.137928564844972,-5.714572056160539,3.4387149264705945,-7.2579312925864485,4.982074162896504,0.1445,0.0465,0.12128515178900229,0.04763374956212464,star_platt,star_platt,0.12128515178900229,0.04763374956212464,NA,NA,NA,2026-09-20T17:00:00Z,2026-09-15 23:40:39,2026-09-15 23:40:26,live
RB,00-0034975,Justice Hill,BAL,NO,2026_02_NO_BAL,2026,2,NA,NA,15,20,9.822758156829526,-0.29688750642880635,-4.6125691439949055,4.018794131137293,-6.0679254830784,5.4741504702207875,0.1435,0.034,0.12059681274626396,0.037270472986786915,star_platt,star_platt,0.12059681274626396,0.037270472986786915,NA,NA,NA,2026-09-20T17:00:00Z,2026-09-15 23:40:39,2026-09-15 23:40:26,live
RB,00-0039603,British Brooks,HOU,CIN,2026_02_CIN_HOU,2026,2,NA,NA,15,20,10.25526942346158,-0.4844106901533245,-4.879297945924231,3.910476565617582,-6.361364410597621,5.392543030290972,0.1415,0.0385,0.11921832005739097,0.04108071738740424,star_platt,star_platt,0.11921832005739097,0.04108071738740424,NA,NA,NA,2026-09-20T17:00:00Z,2026-09-15 23:40:39,2026-09-15 23:40:26,live
RB,00-0040177,Jordan James,SF,MIA,2026_02_MIA_SF,2026,2,NA,NA,15,20,10.0739591330958,-0.0630266450524103,-4.424950283797791,4.298896993692971,-5.895900588145632,5.769847298040811,0.1415,0.04,0.11921832005739097,0.042329518809473436,star_platt,star_platt,0.11921832005739097,0.042329518809473436,NA,NA,NA,2026-09-20T20:25:00Z,2026-09-15 23:40:39,2026-09-15 23:40:26,live
RB,00-0037746,Brian Robinson,ATL,CAR,2026_02_CAR_ATL,2026,2,NA,NA,15,20,10.682124664101451,-0.793449904977649,-5.264635771118936,3.6777359611636378,-6.772432045261873,5.1855322353065745,0.1405,0.0465,0.11852814802560287,0.04763374956212464,star_platt,star_platt,0.11852814802560287,0.04763374956212464,NA,NA,NA,2026-09-20T17:00:00Z,2026-09-15 23:40:39,2026-09-15 23:40:26,live
RB,00-0040556,Corey Kiner,NE,PIT,2026_02_PIT_NE,2026,2,NA,NA,15,20,9.956313742020821,-0.7646769167899916,-5.105027939559802,3.5756741059798185,-6.568703415491807,5.039349581911823,0.1355,0.0365,0.11506765126560817,0.03939958234880574,star_platt,star_platt,0.11506765126560817,0.03939958234880574,NA,NA,NA,2026-09-20T17:00:00Z,2026-09-15 23:40:39,2026-09-15 23:40:26,live
RB,00-0039344,Jonathon Brooks,CAR,ATL,2026_02_CAR_ATL,2026,2,NA,NA,15,20,10.222119280014594,-0.5720459468362132,-4.960931560183944,3.816839666511518,-6.440974120158376,5.29688222648595,0.135,0.038,0.11472068906959022,0.04066219416152172,star_platt,star_platt,0.11472068906959022,0.04066219416152172,NA,NA,NA,2026-09-20T17:00:00Z,2026-09-15 23:40:39,2026-09-15 23:40:26,live
RB,00-0033526,Samaje Perine,CIN,HOU,2026_02_CIN_HOU,2026,2,NA,NA,15,20,10.281448720002883,-0.5984488495409783,-4.998067797150591,3.801170098068634,-6.4817299072608705,5.284832208178914,0.1315,0.0335,0.11228709481005195,0.03684073004703952,star_platt,star_platt,0.11228709481005195,0.03684073004703952,NA,NA,NA,2026-09-20T17:00:00Z,2026-09-15 23:40:39,2026-09-15 23:40:26,live
RB,00-0035250,Devin Singletary,NYG,LA,2026_02_NYG_LA,2026,2,NA,NA,15,20,10.429882108921236,-0.8280348155535688,-5.254351123010558,3.59828149190342,-6.7470162539999645,5.090946622892828,0.1315,0.0365,0.11228709481005195,0.03939958234880574,star_platt,star_platt,0.11228709481005195,0.03939958234880574,NA,NA,NA,2026-09-22T00:15:00Z,2026-09-15 23:40:39,2026-09-15 23:40:26,live
RB,00-0038454,Keaton Mitchell,LAC,LV,2026_02_LV_LAC,2026,2,NA,NA,15,20,9.841712782808886,-0.5207869326620569,-4.839981480424134,3.79840761510002,-6.296522461135929,5.254948595811815,0.129,0.033,0.11054343484787017,0.036409621898927234,star_platt,star_platt,0.11054343484787017,0.036409621898927234,NA,NA,NA,2026-09-20T20:05:00Z,2026-09-15 23:40:39,2026-09-15 23:40:26,live
RB,00-0039032,Tyjae Spears,TEN,PHI,2026_02_PHI_TEN,2026,2,NA,NA,15,20,11.373311754978634,-1.3109163601342824,-5.902000162292433,3.2801674420238687,-7.450229034546007,4.828396314277443,0.129,0.039,0.11054343484787017,0.04149809999057313,star_platt,star_platt,0.11054343484787017,0.04149809999057313,NA,NA,NA,2026-09-20T17:00:00Z,2026-09-15 23:40:39,2026-09-15 23:40:26,live
RB,00-0037557,Ronnie Rivers,LA,NYG,2026_02_NYG_LA,2026,2,NA,NA,15,20,9.253325197914647,-0.10040334226372205,-4.308666759481033,4.107860074953589,-5.727798974301775,5.526992289774331,0.128,0.0385,0.10984467132054905,0.04108071738740424,star_platt,star_platt,0.10984467132054905,0.04108071738740424,NA,NA,NA,2026-09-22T00:15:00Z,2026-09-15 23:40:39,2026-09-15 23:40:26,live
RB,00-0035125,Alec Ingold,LAC,LV,2026_02_LV_LAC,2026,2,NA,NA,15,20,9.450487072328482,-0.3775868203037164,-4.623464572668978,3.8682909320615453,-6.055281286879452,5.300107646272019,0.1225,0.031,0.10598758262260363,0.03467099165438612,star_platt,star_platt,0.10598758262260363,0.03467099165438612,NA,NA,NA,2026-09-20T20:05:00Z,2026-09-15 23:40:39,2026-09-15 23:40:26,live
RB,00-0038489,Ben VanSumeren,KC,IND,2026_02_IND_KC,2026,2,NA,NA,15,20,9.059792564434082,-0.21419150953595809,-4.385079760979898,3.956696741907982,-5.7916081303364395,5.363225111264524,0.1175,0.029,0.10245951834522278,0.03290821744842058,star_platt,star_platt,0.10245951834522278,0.03290821744842058,NA,NA,NA,2026-09-21T00:20:00Z,2026-09-15 23:40:39,2026-09-15 23:40:26,live
RB,00-0039686,Colson Yankoff,WAS,DAL,2026_02_WAS_DAL,2026,2,NA,NA,15,20,9.289093431179245,-0.40408825987554087,-4.619209654675114,3.8110331349240316,-6.0406545519376635,5.232478032186583,0.1175,0.0345,0.10245951834522278,0.037698876450699186,star_platt,star_platt,0.10245951834522278,0.037698876450699186,NA,NA,NA,2026-09-20T20:25:00Z,2026-09-15 23:40:39,2026-09-15 23:40:26,live
RB,00-0036842,Kene Nwangwu,NYJ,GB,2026_02_GB_NYJ,2026,2,NA,NA,15,20,10.43912754479538,-1.3173399756093558,-5.745311889474551,3.11063193825584,-7.238535332564701,4.60385538134599,0.115,0.0285,0.10068724088179386,0.0324635076245836,star_platt,star_platt,0.10068724088179386,0.0324635076245836,NA,NA,NA,2026-09-20T17:00:00Z,2026-09-15 23:40:39,2026-09-15 23:40:26,live
RB,00-0041081,Max Bredeson,MIN,CHI,2026_02_MIN_CHI,2026,2,NA,NA,15,20,9.659595168271704,-0.760400110056754,-5.0456789601519,3.524878740038392,-6.490782715011733,4.969982494898225,0.1145,0.0295,0.10033209842943625,0.03335128616239499,star_platt,star_platt,0.10033209842943625,0.03335128616239499,NA,NA,NA,2026-09-20T17:00:00Z,2026-09-15 23:40:39,2026-09-15 23:40:26,live
RB,00-0039021,Roschon Johnson,CHI,MIN,2026_02_MIN_CHI,2026,2,NA,NA,15,20,9.39251499936398,-0.7128906613960994,-4.947756022361941,3.521974699569742,-6.375859081354637,4.950077758562438,0.1135,0.028,0.09962111234266507,0.0320171200914087,star_platt,star_platt,0.09962111234266507,0.0320171200914087,NA,NA,NA,2026-09-20T17:00:00Z,2026-09-15 23:40:39,2026-09-15 23:40:26,live
RB,00-0037157,Bam Knight,ARI,SEA,2026_02_SEA_ARI,2026,2,NA,NA,15,20,10.862931988423021,-1.533885176559312,-6.036857956987031,2.9690876038684078,-7.555373577711046,4.487603224592422,0.1115,0.029,0.09819628428531586,0.03290821744842058,star_platt,star_platt,0.09819628428531586,0.03290821744842058,NA,NA,NA,2026-09-20T20:25:00Z,2026-09-15 23:40:39,2026-09-15 23:40:26,live
RB,00-0039794,Braelon Allen,NYJ,GB,2026_02_GB_NYJ,2026,2,NA,NA,15,20,10.768174764916608,-1.599812368130507,-6.086164773101686,2.8865400368406715,-7.59907558540608,4.399450849145067,0.1105,0.0305,0.09748241246899356,0.03423263992594899,star_platt,star_platt,0.09748241246899356,0.03423263992594899,NA,NA,NA,2026-09-20T17:00:00Z,2026-09-15 23:40:39,2026-09-15 23:40:26,live
RB,00-0040878,Mike Washington Jr.,LV,LAC,2026_02_LV_LAC,2026,2,NA,NA,15,20,10.348303508252544,-1.1670375420007038,-5.5787084338070585,3.2446333498056514,-7.066434762471443,4.732359678470036,0.1105,0.032,0.09748241246899356,0.035543202718088876,star_platt,star_platt,0.09748241246899356,0.035543202718088876,NA,NA,NA,2026-09-20T20:05:00Z,2026-09-15 23:40:39,2026-09-15 23:40:26,live
RB,00-0038738,Hunter Luepke,DAL,WAS,2026_02_WAS_DAL,2026,2,NA,NA,15,20,7.7341822559489,0.21509689243471253,-3.686399062521854,4.116592847391279,-5.002081577313861,5.432275362183287,0.108,0.0275,0.09569335765117672,0.031569016810379776,star_platt,star_platt,0.09569335765117672,0.031569016810379776,NA,NA,NA,2026-09-20T20:25:00Z,2026-09-15 23:40:39,2026-09-15 23:40:26,live
RB,00-0039875,Ray Davis,BUF,DET,2026_02_DET_BUF,2026,2,NA,NA,15,20,8.318752479549522,-0.18782736180009135,-4.211168485854331,3.835513762254148,-5.567940254702855,5.192285531102672,0.107,0.0265,0.0949759439634924,0.030667503145147382,star_platt,star_platt,0.0949759439634924,0.030667503145147382,NA,NA,NA,2026-09-18T00:15:00Z,2026-09-15 23:40:39,2026-09-15 23:40:26,live
RB,00-0038896,Jacob Saylors,DET,BUF,2026_02_DET_BUF,2026,2,NA,NA,15,20,8.747791356107985,-0.4243385130997473,-4.533988308833353,3.685311282633858,-5.919865531465367,5.071188505265873,0.105,0.0295,0.0935379549453693,0.03335128616239499,star_platt,star_platt,0.0935379549453693,0.03335128616239499,NA,NA,NA,2026-09-18T00:15:00Z,2026-09-15 23:40:39,2026-09-15 23:40:26,live
RB,00-0036727,Adam Prentice,DEN,JAX,2026_02_JAX_DEN,2026,2,NA,NA,15,20,9.10662226593105,-0.36710984749557496,-4.547083877424975,3.8128641824338247,-5.956676199692042,5.222456504700892,0.104,0.025,0.09281734580858442,0.029301320952655113,star_platt,star_platt,0.09281734580858442,0.029301320952655113,NA,NA,NA,2026-09-20T20:05:00Z,2026-09-15 23:40:39,2026-09-15 23:40:26,live
RB,00-0036187,Reggie Gilliam,NE,PIT,2026_02_PIT_NE,2026,2,NA,NA,15,20,9.43560610482103,-0.7113420188248638,-4.954396711495847,3.53171267384612,-6.385261419009182,4.962577381359455,0.1035,0.0295,0.09245663002075344,0.03335128616239499,star_platt,star_platt,0.09245663002075344,0.03335128616239499,NA,NA,NA,2026-09-20T17:00:00Z,2026-09-15 23:40:39,2026-09-15 23:40:26,live
RB,00-0036265,AJ Dillon,CAR,ATL,2026_02_CAR_ATL,2026,2,NA,NA,15,20,9.723765788142266,-1.1527275018808614,-5.449998657033374,3.144543653271652,-6.899146518630262,4.593691514868539,0.103,0.025,0.09209563714725073,0.029301320952655113,star_platt,star_platt,0.09209563714725073,0.029301320952655113,NA,NA,NA,2026-09-20T17:00:00Z,2026-09-15 23:40:39,2026-09-15 23:40:26,live
RB,00-0036893,Najee Harris,NYG,LA,2026_02_NYG_LA,2026,2,NA,NA,15,20,10.398177995088172,-1.0394621531948023,-5.460094664984079,3.381170358594475,-6.950843077190744,4.87191877080114,0.1,0.026,0.08992373445033701,0.03021400869961866,star_platt,star_platt,0.08992373445033701,0.03021400869961866,NA,NA,NA,2026-09-22T00:15:00Z,2026-09-15 23:40:39,2026-09-15 23:40:26,live
RB,00-0040078,Brashard Smith,KC,IND,2026_02_IND_KC,2026,2,NA,NA,15,20,8.75807109186619,-0.5276738573197596,-4.639361252486315,3.5840135378467957,-6.025925604869849,4.970577890230331,0.0995,0.0225,0.08956073815149684,0.02698403024064909,star_platt,star_platt,0.08956073815149684,0.02698403024064909,NA,NA,NA,2026-09-21T00:20:00Z,2026-09-15 23:40:39,2026-09-15 23:40:26,live
RB,00-0040208,Tahj Brooks,CIN,HOU,2026_02_CIN_HOU,2026,2,NA,NA,15,20,10.041732400654244,-1.4576986951731723,-5.813727467403386,2.898330077057042,-7.282689874572662,4.367292484226318,0.097,0.0235,0.08774127357552217,0.027917311028885478,star_platt,star_platt,0.08774127357552217,0.027917311028885478,NA,NA,NA,2026-09-20T17:00:00Z,2026-09-15 23:40:39,2026-09-15 23:40:26,live
RB,00-0040142,Kaleb Johnson,GB,NYJ,2026_02_GB_NYJ,2026,2,NA,NA,15,20,9.380681558308366,-1.0189832382469937,-5.251595891638697,3.2136294151447102,-6.678939281007112,4.640972804513126,0.0965,0.0245,0.08737646668680735,0.028842032327268976,star_platt,star_platt,0.08737646668680735,0.028842032327268976,NA,NA,NA,2026-09-20T17:00:00Z,2026-09-15 23:40:39,2026-09-15 23:40:26,live
RB,00-0040179,DJ Giddens,IND,KC,2026_02_IND_KC,2026,2,NA,NA,15,20,9.701655981045533,-0.9903760753063512,-5.283520494386052,3.30276834377335,-6.731276716838149,4.750524566225447,0.0965,0.025,0.08737646668680735,0.029301320952655113,star_platt,star_platt,0.08737646668680735,0.029301320952655113,NA,NA,NA,2026-09-21T00:20:00Z,2026-09-15 23:40:39,2026-09-15 23:40:26,live
RB,00-0041436,DJ Herman,MIA,SF,2026_02_MIA_SF,2026,2,NA,NA,15,20,9.595355669919162,-1.0074466656565042,-5.280674132541963,3.2657808012289546,-6.721713858026628,4.70682052671362,0.0965,0.0235,0.08737646668680735,0.027917311028885478,star_platt,star_platt,0.08737646668680735,0.027917311028885478,NA,NA,NA,2026-09-20T20:25:00Z,2026-09-15 23:40:39,2026-09-15 23:40:26,live
RB,00-0039364,Sione Vaki,DET,BUF,2026_02_DET_BUF,2026,2,NA,NA,15,20,7.963548167693931,-0.2243927456660395,-4.174310748786112,3.725525257454034,-5.50632239548923,5.05753690415715,0.096,0.0245,0.08701134922813912,0.028842032327268976,star_platt,star_platt,0.08701134922813912,0.028842032327268976,NA,NA,NA,2026-09-18T00:15:00Z,2026-09-15 23:40:39,2026-09-15 23:40:26,live
RB,00-0034959,Andrew Beck,NYJ,GB,2026_02_GB_NYJ,2026,2,NA,NA,15,20,9.229663642281652,-0.7229318007759297,-4.926650075781728,3.4807864742298684,-6.344249554389497,4.898385952837637,0.096,0.0275,0.08701134922813912,0.031569016810379776,star_platt,star_platt,0.08701134922813912,0.031569016810379776,NA,NA,NA,2026-09-20T17:00:00Z,2026-09-15 23:40:39,2026-09-15 23:40:26,live
RB,00-0038555,Tank Bigsby,PHI,TEN,2026_02_PHI_TEN,2026,2,NA,NA,15,20,8.594431754006669,-0.3926687203827405,-4.471754513640762,3.6864170728752805,-5.847324786296808,5.0619873455313265,0.095,0.0225,0.0862801722140056,0.02698403024064909,star_platt,star_platt,0.0862801722140056,0.02698403024064909,NA,NA,NA,2026-09-20T17:00:00Z,2026-09-15 23:40:39,2026-09-15 23:40:26,live
RB,00-0039796,Rasheen Ali,BAL,NO,2026_02_NO_BAL,2026,2,NA,NA,15,20,8.440311122258521,-0.7706345973547641,-4.81868548914944,3.277416294439912,-6.183790012853025,4.642520818143497,0.0945,0.026,0.08591410739275454,0.03021400869961866,star_platt,star_platt,0.08591410739275454,0.03021400869961866,NA,NA,NA,2026-09-20T17:00:00Z,2026-09-15 23:40:39,2026-09-15 23:40:26,live
RB,00-0041104,Demond Claiborne,MIN,CHI,2026_02_MIN_CHI,2026,2,NA,NA,15,20,9.91880713050406,-0.9643538431637891,-5.297796339484736,3.3690886531571578,-6.759142086626378,4.830434400298799,0.094,0.022,0.08554772146900073,0.02651403222322637,star_platt,star_platt,0.08554772146900073,0.02651403222322637,NA,NA,NA,2026-09-20T17:00:00Z,2026-09-15 23:40:39,2026-09-15 23:40:26,live
RB,00-0038705,Emari Demercado,DAL,WAS,2026_02_WAS_DAL,2026,2,NA,NA,15,20,8.36245838689669,-0.39726107887608764,-4.429510375708014,3.6349882179558386,-5.789286204357615,4.99476404660544,0.093,0.02,0.08481397545353578,0.024610114580161303,star_platt,star_platt,0.08481397545353578,0.024610114580161303,NA,NA,NA,2026-09-20T20:25:00Z,2026-09-15 23:40:39,2026-09-15 23:40:26,live
RB,00-0041490,Eli Heidenreich,PIT,NE,2026_02_PIT_NE,2026,2,NA,NA,15,20,9.402644591722689,-1.1154709457686875,-5.352263353518402,3.121321461981027,-6.781016261130191,4.550074369592816,0.091,0.027,0.08334250897667267,0.03111915821997442,star_platt,star_platt,0.08334250897667267,0.03111915821997442,NA,NA,NA,2026-09-20T17:00:00Z,2026-09-15 23:40:39,2026-09-15 23:40:26,live
RB,00-0039471,Frank Gore Jr.,BUF,DET,2026_02_DET_BUF,2026,2,NA,NA,15,20,7.973752992475587,-0.07188125550027007,-4.023934781122259,3.8801722701217187,-5.356666579697414,5.212904068696874,0.0895,0.0195,0.08223534142529339,0.024127787801952846,star_platt,star_platt,0.08223534142529339,0.024127787801952846,NA,NA,NA,2026-09-18T00:15:00Z,2026-09-15 23:40:39,2026-09-15 23:40:26,live
RB,00-0041096,Kaytron Allen,WAS,DAL,2026_02_WAS_DAL,2026,2,NA,NA,15,20,8.736497770462607,-0.5065096118169738,-4.613919251782123,3.600900028148176,-5.999041037574273,4.986021813940326,0.0885,0.0185,0.08149548654296108,0.02315494684038758,star_platt,star_platt,0.08149548654296108,0.02315494684038758,NA,NA,NA,2026-09-20T20:25:00Z,2026-09-15 23:40:39,2026-09-15 23:40:26,live
RB,00-0040886,Nicholas Singleton,TEN,PHI,2026_02_PHI_TEN,2026,2,NA,NA,15,20,9.217103170839492,-0.9674634864473685,-5.168766287190944,3.233839314296207,-6.585551207155458,4.650624234260722,0.0875,0.0205,0.08075420865375728,0.025089825319549692,star_platt,star_platt,0.08075420865375728,0.025089825319549692,NA,NA,NA,2026-09-20T17:00:00Z,2026-09-15 23:40:39,2026-09-15 23:40:26,live
RB,00-0041496,Jonah Coleman,DEN,JAX,2026_02_JAX_DEN,2026,2,NA,NA,15,20,8.40877609774414,-0.4293596700047956,-4.471020160837659,3.612300820828068,-5.833969680690148,4.9752503406805575,0.087,0.021,0.0803830282729018,0.025566999149833868,star_platt,star_platt,0.0803830282729018,0.025566999149833868,NA,NA,NA,2026-09-20T20:05:00Z,2026-09-15 23:40:39,2026-09-15 23:40:26,live
RB,00-0037085,Tyler Badie,DEN,JAX,2026_02_JAX_DEN,2026,2,NA,NA,15,20,8.74100294952707,-0.5675486961472229,-4.675852168056908,3.540754775762462,-6.061275376450583,4.926177984156137,0.086,0.0215,0.07963956868568195,0.026041711063453824,star_platt,star_platt,0.07963956868568195,0.026041711063453824,NA,NA,NA,2026-09-20T20:05:00Z,2026-09-15 23:40:39,2026-09-15 23:40:26,live
RB,00-0040198,Ollie Gordon II,MIA,SF,2026_02_MIA_SF,2026,2,NA,NA,15,20,9.760023066291257,-1.5099220305172918,-5.8139487876701175,2.7941047266355334,-7.265374808088984,4.245530747054401,0.0855,0.0255,0.0792672829796268,0.02975863018024345,star_platt,star_platt,0.0792672829796268,0.02975863018024345,NA,NA,NA,2026-09-20T20:25:00Z,2026-09-15 23:40:39,2026-09-15 23:40:26,live
RB,00-0031595,Michael Burton,CLE,TB,2026_02_CLE_TB,2026,2,NA,NA,15,20,9.175488389694468,-0.9013571548922357,-5.094643495959399,3.2919291861749276,-6.508725064197149,4.706010754412677,0.0825,0.02,0.07702557472384182,0.024610114580161303,star_platt,star_platt,0.07702557472384182,0.024610114580161303,NA,NA,NA,2026-09-20T17:00:00Z,2026-09-15 23:40:39,2026-09-15 23:40:26,live
RB,00-0032104,Ameer Abdullah,JAX,DEN,2026_02_JAX_DEN,2026,2,NA,NA,15,20,8.28481740277391,-0.5396016202020051,-4.556007398689525,3.4768041582855154,-5.9104403946669475,4.831237154262936,0.08,0.018,0.0751466304784396,0.022664250448216277,star_platt,star_platt,0.0751466304784396,0.022664250448216277,NA,NA,NA,2026-09-20T20:05:00Z,2026-09-15 23:40:39,2026-09-15 23:40:26,live
RB,00-0039798,Isaiah Davis,NYJ,GB,2026_02_GB_NYJ,2026,2,NA,NA,15,20,8.845693868285206,-0.7837542304611227,-4.912753962408214,3.345245501485968,-6.305156469964869,4.7376480090426245,0.079,0.023,0.07439217864743863,0.027451769428245804,star_platt,star_platt,0.07439217864743863,0.027451769428245804,NA,NA,NA,2026-09-20T17:00:00Z,2026-09-15 23:40:39,2026-09-15 23:40:26,live
RB,00-0040238,LeQuint Allen Jr.,JAX,DEN,2026_02_JAX_DEN,2026,2,NA,NA,15,20,8.490874003452307,-0.9954511809932339,-5.05371963037317,3.062817268386702,-6.422269771351259,4.431367409364792,0.0765,0.0195,0.07249859114031905,0.024127787801952846,star_platt,star_platt,0.07249859114031905,0.024127787801952846,NA,NA,NA,2026-09-20T20:05:00Z,2026-09-15 23:40:39,2026-09-15 23:40:26,live
RB,00-0039407,Dylan Laube,LV,LAC,2026_02_LV_LAC,2026,2,NA,NA,15,20,9.47432807598735,-1.6137574757133504,-5.864152741030056,2.6366377896033555,-7.297492874172442,4.069977922745742,0.076,0.021,0.07211856257834542,0.025566999149833868,star_platt,star_platt,0.07211856257834542,0.025566999149833868,NA,NA,NA,2026-09-20T20:05:00Z,2026-09-15 23:40:39,2026-09-15 23:40:26,live
RB,00-0040466,Raheim Sanders,CLE,TB,2026_02_CLE_TB,2026,2,NA,NA,15,20,8.67168634890596,-0.8148252536699924,-4.909346650863922,3.279696143523937,-6.29012219719914,4.660471689859155,0.0725,0.015,0.06944560559487742,0.0196535064447878,star_platt,star_platt,0.06944560559487742,0.0196535064447878,NA,NA,NA,2026-09-20T17:00:00Z,2026-09-15 23:40:39,2026-09-15 23:40:26,live
RB,00-0033376,Patrick Ricard,NYG,LA,2026_02_NYG_LA,2026,2,NA,NA,15,20,8.759330108130523,-0.8529600028173239,-4.964896859060741,3.258976853426094,-6.351545335990537,4.64562533035589,0.072,0.0175,0.06906187805088458,0.022170572706153933,star_platt,star_platt,0.06906187805088458,0.022170572706153933,NA,NA,NA,2026-09-22T00:15:00Z,2026-09-15 23:40:39,2026-09-15 23:40:26,live
RB,00-0038488,Brady Russell,SEA,ARI,2026_02_SEA_ARI,2026,2,NA,NA,15,20,7.421139100723129,-0.29378847249133305,-4.127838046741168,3.5402611017585017,-5.420775946440312,4.833199001457645,0.071,0.0145,0.0682929686143374,0.019139453414929057,star_platt,star_platt,0.0682929686143374,0.019139453414929057,NA,NA,NA,2026-09-20T20:25:00Z,2026-09-15 23:40:39,2026-09-15 23:40:26,live
RB,00-0039746,Will Shipley,PHI,TEN,2026_02_PHI_TEN,2026,2,NA,NA,15,20,7.840184655249786,-0.8196591502302505,-4.743635255981593,3.1043169555210914,-6.066898642744772,4.427580342284272,0.068,0.012,0.06597424671412665,0.016507139317725787,star_platt,star_platt,0.06597424671412665,0.016507139317725787,NA,NA,NA,2026-09-20T17:00:00Z,2026-09-15 23:40:39,2026-09-15 23:40:26,live
RB,00-0039384,Tyrone Tracy Jr.,NYG,LA,2026_02_NYG_LA,2026,2,NA,NA,15,20,8.670478778744947,-1.1865009953016583,-5.280781730616368,2.9077797400130505,-6.66147611971597,4.288474129112653,0.0675,0.018,0.06558598962415449,0.022664250448216277,star_platt,star_platt,0.06558598962415449,0.022664250448216277,NA,NA,NA,2026-09-22T00:15:00Z,2026-09-15 23:40:39,2026-09-15 23:40:26,live
RB,00-0037304,Connor Heyward,LV,LAC,2026_02_LV_LAC,2026,2,NA,NA,15,20,7.895598042174059,-0.6669037404913454,-4.602561599043428,3.2687541180607367,-5.929764366515828,4.595956885533138,0.0655,0.015,0.0640276087751381,0.0196535064447878,star_platt,star_platt,0.0640276087751381,0.0196535064447878,NA,NA,NA,2026-09-20T20:05:00Z,2026-09-15 23:40:39,2026-09-15 23:40:26,live
RB,00-0036425,DeeJay Dallas,MIN,CHI,2026_02_MIN_CHI,2026,2,NA,NA,15,20,7.976206819858915,-0.910359484704763,-4.86292627727924,3.042207307869714,-6.195831162373671,4.375112192964145,0.0605,0.0145,0.06009211117611711,0.019139453414929057,star_platt,star_platt,0.06009211117611711,0.019139453414929057,NA,NA,NA,2026-09-20T17:00:00Z,2026-09-15 23:40:39,2026-09-15 23:40:26,live
RB,00-0039874,Jaylen Wright,MIA,SF,2026_02_MIA_SF,2026,2,NA,NA,15,20,8.71221207494494,-1.2298227849729246,-5.332409524565031,2.872763954619182,-6.715904907109642,4.256259337163793,0.0585,0.0115,0.0585010125763277,0.01596684463720429,star_platt,star_platt,0.0585010125763277,0.01596684463720429,NA,NA,NA,2026-09-20T20:25:00Z,2026-09-15 23:40:39,2026-09-15 23:40:26,live
RB,00-0037594,Julius Chestnut,TEN,PHI,2026_02_PHI_TEN,2026,2,NA,NA,15,20,7.890030716090234,-1.2279365429118185,-5.162422893220373,2.706549807396736,-6.489230598662788,4.033357512839151,0.058,0.0135,0.058101641669361666,0.018099496827087197,star_platt,star_platt,0.058101641669361666,0.018099496827087197,NA,NA,NA,2026-09-20T17:00:00Z,2026-09-15 23:40:39,2026-09-15 23:40:26,live
RB,00-0040568,Lan Larison,NE,PIT,2026_02_PIT_NE,2026,2,NA,NA,15,20,7.08417157123593,-0.5571795406104181,-4.316764015476692,3.2024049342558563,-5.584590411703243,4.470231330482407,0.0575,0.0155,0.057701617249036274,0.020163825579628633,star_platt,star_platt,0.057701617249036274,0.020163825579628633,NA,NA,NA,2026-09-20T17:00:00Z,2026-09-15 23:40:39,2026-09-15 23:40:26,live
RB,00-0041125,Seth McGowan,IND,KC,2026_02_IND_KC,2026,2,NA,NA,15,20,7.4792476603287135,-0.8748980434210047,-4.721589897328885,2.971793810486875,-6.018791091539988,4.268995004697979,0.053,0.009,0.05407065965519052,0.013181497268090205,star_platt,star_platt,0.05407065965519052,0.013181497268090205,NA,NA,NA,2026-09-21T00:20:00Z,2026-09-15 23:40:39,2026-09-15 23:40:26,live
RB,00-0041326,CJ Donaldson,NO,BAL,2026_02_NO_BAL,2026,2,NA,NA,15,20,7.654625731539837,-0.6901335727129045,-4.574640581692583,3.194373436266773,-5.884593996820103,4.5043268513942945,0.052,0.014,0.05325588867205772,0.018621507421246988,star_platt,star_platt,0.05325588867205772,0.018621507421246988,NA,NA,NA,2026-09-20T17:00:00Z,2026-09-15 23:40:39,2026-09-15 23:40:26,live
RB,00-0040162,Dylan Sampson,CLE,TB,2026_02_CLE_TB,2026,2,NA,NA,15,20,8.400688228702085,-0.9537179147655299,-4.99373721215636,3.0863013826253,-6.3561332803226245,4.448697450791564,0.0595,0.0135,0,0,star_platt,star_platt,0.0592978241457535,0.018099496827087197,role_change_down,0.95,"Sampson placed on injured reserve, reducing his opportunity; McLaughlin signed to fill backfield depth, potentially increasing his snap share.",2026-09-20T17:00:00Z,2026-09-15 23:40:39,2026-09-15 23:40:26,live
TE,00-0037744,Trey McBride,ARI,SEA,2026_02_SEA_ARI,2026,2,NA,NA,12,17,8.185165007321944,1.308044687806516,-3.477297641484165,6.933123468322611,-5.217834000145361,8.754028045044352,0.5585,0.287,0.543836837593062,0.31085177848036577,platt_vol_vegas,platt,0.543836837593062,0.31085177848036577,NA,NA,NA,2026-09-20T20:25:00Z,2026-09-15 23:40:39,2026-09-15 23:40:26,live
TE,00-0038933,Dalton Kincaid,BUF,DET,2026_02_DET_BUF,2026,2,NA,NA,12,17,6.801586289675718,2.3654152045815193,-1.9548267774378623,7.4437773838144095,-3.5261957058200117,9.087703326051141,0.5455,0.269,0.5269727862522651,0.2916587488821676,platt_vol_vegas,platt,0.5269727862522651,0.2916587488821676,NA,NA,NA,2026-09-18T00:15:00Z,2026-09-15 23:40:39,2026-09-15 23:40:26,live
TE,00-0033288,George Kittle,SF,MIA,2026_02_MIA_SF,2026,2,NA,NA,12,17,6.453590350855644,1.8918991348734222,-2.3048543159646258,6.8251028973022665,-3.8313076952369096,8.42203934200099,0.476,0.207,0.5201026499880611,0.31004922533366963,platt_vol_vegas,platt,0.4351026499880611,0.2250492253336696,role_change_up,0.85,"Willis's waiver implies Kittle's return to the lineup, increasing Kittle's snap and target opportunity.",2026-09-20T20:25:00Z,2026-09-15 23:40:39,2026-09-15 23:40:26,live
TE,00-0039065,Sam LaPorta,DET,BUF,2026_02_DET_BUF,2026,2,NA,NA,12,17,6.747156259536442,1.9675653623810923,-2.333551721856113,7.0234465884676265,-3.8979644958704127,8.660095180098166,0.4885,0.2085,0.461764680683922,0.2266693213758101,platt_vol_vegas,platt,0.461764680683922,0.2266693213758101,NA,NA,NA,2026-09-18T00:15:00Z,2026-09-15 23:40:39,2026-09-15 23:40:26,live
TE,00-0039066,Michael Mayer,LV,LAC,2026_02_LV_LAC,2026,2,NA,NA,12,17,6.637918163456706,0.986826353624211,-3.275698426190138,5.997343060777279,-4.826074313313116,7.619306620718509,0.379,0.152,0.42313860792565866,0.25039040133315055,platt_vol_vegas,platt,0.33813860792565864,0.16539040133315053,role_change_up,0.85,"Mayer's opportunity increased significantly due to Brock Bowers' absence, elevating him to lead the team in targets with a clear path to continued volume.",2026-09-20T20:05:00Z,2026-09-15 23:40:39,2026-09-15 23:40:26,live
TE,00-0034753,Mark Andrews,BAL,NO,2026_02_NO_BAL,2026,2,NA,NA,12,17,6.233995908963559,1.9104058569230138,-2.2068842278600926,6.750201945779988,-3.704434998231514,8.316901221019487,0.4325,0.1845,0.4040754217137465,0.2007012220363845,platt_vol_vegas,platt,0.4040754217137465,0.2007012220363845,NA,NA,NA,2026-09-20T17:00:00Z,2026-09-15 23:40:39,2026-09-15 23:40:26,live
TE,00-0030506,Travis Kelce,KC,IND,2026_02_IND_KC,2026,2,NA,NA,12,17,6.301567506290461,1.5999860223245552,-2.5418874370019777,6.46867939981463,-4.04837973219379,8.044733069397747,0.437,0.186,0.3978439413250423,0.20232705665910553,platt_vol_vegas,platt,0.3978439413250423,0.20232705665910553,NA,NA,NA,2026-09-21T00:20:00Z,2026-09-15 23:40:39,2026-09-15 23:40:26,live
TE,00-0033881,Evan Engram,DEN,JAX,2026_02_JAX_DEN,2026,2,NA,NA,12,17,6.298832636082331,1.4628191715926686,-2.6780616075678,6.330345672451205,-4.1841928427136095,7.906021610258155,0.4245,0.1715,0.377091641635574,0.1865957301851504,platt_vol_vegas,platt,0.377091641635574,0.1865957301851504,NA,NA,NA,2026-09-20T20:05:00Z,2026-09-15 23:40:39,2026-09-15 23:40:26,live
TE,00-0034829,Mike Gesicki,CIN,HOU,2026_02_CIN_HOU,2026,2,NA,NA,12,17,6.474231037343938,1.0569418920673972,-3.147217968519298,5.998851748115064,-4.676365225171212,7.598606458358937,0.3895,0.159,0.37419859402959255,0.1730087298720491,platt_vol_vegas,platt,0.37419859402959255,0.1730087298720491,NA,NA,NA,2026-09-20T17:00:00Z,2026-09-15 23:40:39,2026-09-15 23:40:26,live
TE,00-0034383,Dalton Schultz,HOU,CIN,2026_02_CIN_HOU,2026,2,NA,NA,12,17,6.230975549288278,1.280449297409323,-2.8357391645625567,6.1189504496299705,-4.332889250003929,7.685230538554102,0.3805,0.1515,0.3728618230418986,0.1648459836042418,platt_vol_vegas,platt,0.3728618230418986,0.1648459836042418,NA,NA,NA,2026-09-20T17:00:00Z,2026-09-15 23:40:39,2026-09-15 23:40:26,live
TE,00-0038129,Cade Otton,TB,CLE,2026_02_CLE_TB,2026,2,NA,NA,12,17,6.174245473955265,1.8202666669442613,-2.275185885252561,6.63439315209952,-3.764793855123122,8.19278287280887,0.441,0.18,0.34992518398845107,0.19582154972358787,platt_vol_vegas,platt,0.34992518398845107,0.19582154972358787,NA,NA,NA,2026-09-20T17:00:00Z,2026-09-15 23:40:39,2026-09-15 23:40:26,live
TE,00-0039338,Brock Bowers,LV,LAC,2026_02_LV_LAC,2026,2,NA,NA,12,17,6.555322443468036,0.8671180017604039,-3.366037697137817,5.843111913573757,-4.905731390670987,7.453900036069907,0.3715,0.149,0.32821475945380274,0.1621234055185828,platt_vol_vegas,platt,0.32821475945380274,0.1621234055185828,NA,NA,NA,2026-09-20T20:05:00Z,2026-09-15 23:40:39,2026-09-15 23:40:26,live
TE,00-0034351,Dallas Goedert,PHI,TEN,2026_02_PHI_TEN,2026,2,NA,NA,12,17,6.01913561428743,2.463667963070794,-1.5746491469977322,7.2106328240379405,-3.0434756748001304,8.747281532108001,0.4295,0.1785,0.3119261094795632,0.19419427832713,platt_vol_vegas,platt,0.3119261094795632,0.19419427832713,NA,NA,NA,2026-09-20T17:00:00Z,2026-09-15 23:40:39,2026-09-15 23:40:26,live
TE,00-0037838,Isaiah Likely,NYG,LA,2026_02_NYG_LA,2026,2,NA,NA,12,17,6.178244268377626,1.4597314150181904,-2.637185559368173,6.275579300570174,-4.127326172441651,7.834526258961531,0.3825,0.15,0.311344444737127,0.16321253409240266,platt_vol_vegas,platt,0.311344444737127,0.16321253409240266,NA,NA,NA,2026-09-22T00:15:00Z,2026-09-15 23:40:39,2026-09-15 23:40:26,live
TE,00-0040126,Colston Loveland,CHI,MIN,2026_02_MIN_CHI,2026,2,NA,NA,12,17,5.529132083189131,2.4572861960439636,-1.3960554488799581,6.986815920232665,-2.7976022503033717,8.453078301079826,0.4265,0.1725,0.3099856128813066,0.18768169614019883,platt_vol_vegas,platt,0.3099856128813066,0.18768169614019883,NA,NA,NA,2026-09-20T17:00:00Z,2026-09-15 23:40:39,2026-09-15 23:40:26,live
TE,00-0040128,Tyler Warren,IND,KC,2026_02_IND_KC,2026,2,NA,NA,12,17,6.0766509459508935,1.3006154628208106,-2.7589637485091476,6.072573518925284,-4.235523779530436,7.617312820067585,0.3515,0.1275,0.29534839514075367,0.1386780384235248,platt_vol_vegas,platt,0.29534839514075367,0.1386780384235248,NA,NA,NA,2026-09-21T00:20:00Z,2026-09-15 23:40:39,2026-09-15 23:40:26,live
TE,00-0033885,David Njoku,LAC,LV,2026_02_LV_LAC,2026,2,NA,NA,12,17,5.62206089783345,1.4325577809779546,-2.4564116513463548,6.003967290793688,-3.8709170783145828,7.483786653915397,0.3395,0.1195,0.29109926815026316,0.12994155573609104,platt_vol_vegas,platt,0.29109926815026316,0.12994155573609104,NA,NA,NA,2026-09-20T20:05:00Z,2026-09-15 23:40:39,2026-09-15 23:40:26,live
TE,00-0035229,T.J. Hockenson,MIN,CHI,2026_02_MIN_CHI,2026,2,NA,NA,12,17,5.911528861286891,1.1256313512241478,-2.8726601377804513,5.825546856840986,-4.326928449274407,7.3469651317327695,0.3335,0.1145,0.2908788097789646,0.12447832883421495,platt_vol_vegas,platt,0.2908788097789646,0.12447832883421495,NA,NA,NA,2026-09-20T17:00:00Z,2026-09-15 23:40:39,2026-09-15 23:40:26,live
TE,00-0036040,Juwan Johnson,NO,BAL,2026_02_NO_BAL,2026,2,NA,NA,12,17,6.085918157471699,0.9355355224796447,-3.1274611199731095,5.711510703790616,-4.605264147359787,7.257550395906838,0.342,0.1335,0.2884050583692716,0.1452262066145207,platt_vol_vegas,platt,0.2884050583692716,0.1452262066145207,NA,NA,NA,2026-09-20T17:00:00Z,2026-09-15 23:40:39,2026-09-15 23:40:26,live
TE,00-0038996,Tucker Kraft,GB,NYJ,2026_02_GB_NYJ,2026,2,NA,NA,12,17,5.372457205117966,1.984783091886441,-1.807878355613697,6.442984399540175,-3.187354407945585,7.886156927749411,0.355,0.12,0.26662465546190317,0.13048776027440298,platt_vol_vegas,platt,0.26662465546190317,0.13048776027440298,NA,NA,NA,2026-09-20T17:00:00Z,2026-09-15 23:40:39,2026-09-15 23:40:26,live
TE,00-0038046,Charlie Kolar,LAC,LV,2026_02_LV_LAC,2026,2,NA,NA,12,17,5.350103858148028,1.4078503032745449,-2.376089445557989,5.855799420232349,-3.7523932204234693,7.295653192973784,0.305,0.106,0.2611979669426122,0.11518638695848703,platt_vol_vegas,platt,0.2611979669426122,0.11518638695848703,NA,NA,NA,2026-09-20T20:05:00Z,2026-09-15 23:40:39,2026-09-15 23:40:26,live
TE,00-0037005,Tommy Tremble,CAR,ATL,2026_02_CAR_ATL,2026,2,NA,NA,12,17,5.459333308706807,0.92159673305211,-2.904808243133643,5.419462916095715,-4.296557573844665,6.875475433921219,0.291,0.097,0.26054041385217747,0.10534289214433547,platt_vol_vegas,platt,0.26054041385217747,0.10534289214433547,NA,NA,NA,2026-09-20T17:00:00Z,2026-09-15 23:40:39,2026-09-15 23:40:26,live
TE,00-0033090,Hunter Henry,NE,PIT,2026_02_PIT_NE,2026,2,NA,NA,12,17,5.426244231165924,0.9695651778054086,-2.8440162303583776,5.452357500839178,-4.231101341698221,6.903490431773232,0.2835,0.091,0.2495820506476695,0.09877849722789435,platt_vol_vegas,platt,0.2495820506476695,0.09877849722789435,NA,NA,NA,2026-09-20T17:00:00Z,2026-09-15 23:40:39,2026-09-15 23:40:26,live
TE,00-0040663,Harold Fannin Jr.,CLE,TB,2026_02_CLE_TB,2026,2,NA,NA,12,17,6.018330045830968,0.4024603314651138,-3.6355583338564044,5.149074376315454,-5.104276310609061,6.685609521056429,0.284,0.0935,0.23990183051553254,0.1015138186309586,platt_vol_vegas,platt,0.23990183051553254,0.1015138186309586,NA,NA,NA,2026-09-20T17:00:00Z,2026-09-15 23:40:39,2026-09-15 23:40:26,live
TE,00-0038935,Brenton Strange,JAX,DEN,2026_02_JAX_DEN,2026,2,NA,NA,12,17,5.371311914620801,1.269004235948998,-2.5232107442240412,5.726680729761832,-3.9025244063730957,7.1696833695193485,0.319,0.1045,0.2394101220293496,0.11354612060744931,platt_vol_vegas,platt,0.2394101220293496,0.11354612060744931,NA,NA,NA,2026-09-20T20:05:00Z,2026-09-15 23:40:39,2026-09-15 23:40:26,live
TE,00-0036290,Cole Kmet,CHI,MIN,2026_02_MIN_CHI,2026,2,NA,NA,12,17,4.822305669931263,1.4613221279000288,-2.1117080080508712,5.661351011280061,-3.411299225203462,7.020950070159113,0.28,0.0875,0.23128864394037257,0.09494875821862458,platt_vol_vegas,platt,0.23128864394037257,0.09494875821862458,NA,NA,NA,2026-09-20T17:00:00Z,2026-09-15 23:40:39,2026-09-15 23:40:26,live
TE,00-0036244,Colby Parkinson,LA,NYG,2026_02_NYG_LA,2026,2,NA,NA,12,17,4.720975599148138,1.1904225364403338,-2.3409531013332914,5.341487350442122,-3.6253936430293834,6.6852361605505095,0.2365,0.068,0.22377586483982012,0.0736113210939447,platt_vol_vegas,platt,0.22377586483982012,0.0736113210939447,NA,NA,NA,2026-09-22T00:15:00Z,2026-09-15 23:40:39,2026-09-15 23:40:26,live
TE,00-0038041,Jake Ferguson,DAL,WAS,2026_02_WAS_DAL,2026,2,NA,NA,12,17,4.50437518265671,1.2126886620690798,-2.228281860927728,5.257483985240821,-3.479840034247615,6.56683210341782,0.233,0.051,0.2153951888035439,0.055025524786148354,platt_vol_vegas,platt,0.2153951888035439,0.055025524786148354,NA,NA,NA,2026-09-20T20:25:00Z,2026-09-15 23:40:39,2026-09-15 23:40:26,live
TE,00-0040194,Jackson Hawes,BUF,DET,2026_02_DET_BUF,2026,2,NA,NA,12,17,4.23007575172167,1.392372936036011,-1.9312663884331729,5.299247669683681,-3.1401485726618255,6.56394926067631,0.232,0.0605,0.21386380988609296,0.06540830608115675,platt_vol_vegas,platt,0.21386380988609296,0.06540830608115675,NA,NA,NA,2026-09-18T00:15:00Z,2026-09-15 23:40:39,2026-09-15 23:40:26,live
TE,00-0040736,Mason Taylor,NYJ,GB,2026_02_GB_NYJ,2026,2,NA,NA,12,17,5.254567893948376,0.6832552441317615,-3.063223525735509,5.0871696936876,-4.425901902158544,6.512768923419897,0.26,0.086,0.211303166983391,0.09330736429769025,platt_vol_vegas,platt,0.211303166983391,0.09330736429769025,NA,NA,NA,2026-09-20T17:00:00Z,2026-09-15 23:40:39,2026-09-15 23:40:26,live
TE,00-0037112,Jake Tonges,SF,MIA,2026_02_MIA_SF,2026,2,NA,NA,12,17,4.53361346819561,0.953767985963221,-2.4995180011609297,5.013039902692521,-3.755555585066809,6.327074265541436,0.2145,0.065,0.21045434221611833,0.07032964800129017,platt_vol_vegas,platt,0.21045434221611833,0.07032964800129017,NA,NA,NA,2026-09-20T20:25:00Z,2026-09-15 23:40:39,2026-09-15 23:40:26,live
TE,00-0037809,Chig Okonkwo,WAS,DAL,2026_02_WAS_DAL,2026,2,NA,NA,12,17,4.848576696150654,1.351212847947071,-2.232552545611831,5.5638608222131465,-3.5360484167892663,6.927544830164921,0.2565,0.0845,0.20943106934249328,0.09166593822676043,platt_vol_vegas,platt,0.20943106934249328,0.09166593822676043,NA,NA,NA,2026-09-20T20:25:00Z,2026-09-15 23:40:39,2026-09-15 23:40:26,live
TE,00-0040363,Keleki Latu,BUF,DET,2026_02_DET_BUF,2026,2,NA,NA,12,17,4.190594906600653,1.408902356703405,-1.8975719158536655,5.2955998987035136,-3.1002107856242347,6.553769893953216,0.208,0.0515,0.20927001771239126,0.05557169491281011,platt_vol_vegas,platt,0.20927001771239126,0.05557169491281011,NA,NA,NA,2026-09-18T00:15:00Z,2026-09-15 23:40:39,2026-09-15 23:40:26,live
TE,00-0035249,Josh Oliver,MIN,CHI,2026_02_MIN_CHI,2026,2,NA,NA,12,17,5.08180599141364,1.126704934813602,-2.551248165353277,5.450068764575127,-3.8890022184138884,6.84959280532531,0.2625,0.0825,0.20737622603943723,0.08947733785259043,platt_vol_vegas,platt,0.20737622603943723,0.08947733785259043,NA,NA,NA,2026-09-20T17:00:00Z,2026-09-15 23:40:39,2026-09-15 23:40:26,live
TE,00-0041395,Eli Raridon,NE,PIT,2026_02_PIT_NE,2026,2,NA,NA,12,17,3.914735953806867,0.7906241453593951,-2.393832628242878,4.533892440924795,-3.5520909963252407,5.745632691550592,0.1505,0.033,0.19884632291464027,0.10739820271580311,platt_vol_vegas,platt,0.12684632291464026,0.03539820271580311,role_change_up,0.72,"Impact note suggests Raridon is primed for increased involvement at tight end for the Patriots, implying a role change in the committee.",2026-09-20T17:00:00Z,2026-09-15 23:40:39,2026-09-15 23:40:26,live
TE,00-0040584,Gunnar Helm,TEN,PHI,2026_02_PHI_TEN,2026,2,NA,NA,12,17,5.603917507871856,0.05034231419729645,-3.831692001084013,4.613599725994839,-5.24367497040255,6.090780158504122,0.24,0.0675,0.19854840656739628,0.0730643395520422,platt_vol_vegas,platt,0.19854840656739628,0.0730643395520422,NA,NA,NA,2026-09-20T17:00:00Z,2026-09-15 23:40:39,2026-09-15 23:40:26,live
TE,00-0041510,Max Klare,LA,NYG,2026_02_NYG_LA,2026,2,NA,NA,12,17,4.432825408736447,1.272071956917143,-2.1386091664448186,5.281262667621003,-3.3791504056106367,6.579085151344715,0.2245,0.0545,0.19822014875729396,0.05884947016740101,platt_vol_vegas,platt,0.19822014875729396,0.05884947016740101,NA,NA,NA,2026-09-22T00:15:00Z,2026-09-15 23:40:39,2026-09-15 23:40:26,live
TE,00-0035689,Dawson Knox,BUF,DET,2026_02_DET_BUF,2026,2,NA,NA,12,17,4.071385558337749,1.0643161547078357,-2.1898850681203195,4.8895677221904705,-3.373511057020406,6.127846928246688,0.1875,0.0475,0.1981448481489732,0.05120346723481726,platt_vol_vegas,platt,0.1981448481489732,0.05120346723481726,NA,NA,NA,2026-09-18T00:15:00Z,2026-09-15 23:40:39,2026-09-15 23:40:26,live
TE,00-0039824,Jared Wiley,KC,IND,2026_02_IND_KC,2026,2,NA,NA,12,17,4.484329221539926,1.0235733795488426,-2.40893288458883,5.058419127617067,-3.6574124170760065,6.364546450575129,0.2055,0.059,0.19515090512295155,0.0637682412873649,platt_vol_vegas,platt,0.19515090512295155,0.0637682412873649,NA,NA,NA,2026-09-21T00:20:00Z,2026-09-15 23:40:39,2026-09-15 23:40:26,live
TE,00-0036894,Pat Freiermuth,PIT,NE,2026_02_PIT_NE,2026,2,NA,NA,12,17,5.2453178482427605,1.066776596026732,-2.6760589687217253,5.466408527343182,-4.037412229712048,6.89062145523576,0.2755,0.0805,0.19486695712548188,0.08728872373857334,platt_vol_vegas,platt,0.19486695712548188,0.08728872373857334,NA,NA,NA,2026-09-20T17:00:00Z,2026-09-15 23:40:39,2026-09-15 23:40:26,live
TE,00-0040390,Jackson Meeks,DET,BUF,2026_02_DET_BUF,2026,2,NA,NA,12,17,4.408042796691616,1.2862470670465431,-2.1138917766172183,5.283045528722441,-3.350598552153219,6.576856494767672,0.2435,0.065,0.19351727893919915,0.07032964800129017,platt_vol_vegas,platt,0.19351727893919915,0.07032964800129017,NA,NA,NA,2026-09-18T00:15:00Z,2026-09-15 23:40:39,2026-09-15 23:40:26,live
TE,00-0036556,Brevin Jordan,HOU,CIN,2026_02_CIN_HOU,2026,2,NA,NA,12,17,4.5342048946936195,0.9263002081206978,-2.5272345262781153,4.985864522534454,-3.78336258514814,6.299993537974492,0.198,0.059,0.18996450455503114,0.0637682412873649,platt_vol_vegas,platt,0.18996450455503114,0.0637682412873649,NA,NA,NA,2026-09-20T17:00:00Z,2026-09-15 23:40:39,2026-09-15 23:40:26,live
TE,00-0036628,John Bates,WAS,DAL,2026_02_WAS_DAL,2026,2,NA,NA,12,17,4.63594091846798,1.022848574092909,-2.4732612605326403,5.13245910806297,-3.7448748384771733,6.4627886770940695,0.211,0.067,0.1897077716439838,0.07251737163271205,platt_vol_vegas,platt,0.1897077716439838,0.07251737163271205,NA,NA,NA,2026-09-20T20:25:00Z,2026-09-15 23:40:39,2026-09-15 23:40:26,live
TE,00-0041558,Sam Roush,CHI,MIN,2026_02_MIN_CHI,2026,2,NA,NA,12,17,4.298367156418122,1.5633236892608586,-1.7898381518386124,5.504901579008352,-3.0094583376684616,6.780836992358763,0.2385,0.069,0.1846610308667771,0.0747053227454572,platt_vol_vegas,platt,0.1846610308667771,0.0747053227454572,NA,NA,NA,2026-09-20T17:00:00Z,2026-09-15 23:40:39,2026-09-15 23:40:26,live
TE,00-0040887,Josh Cuevas,BAL,NO,2026_02_NO_BAL,2026,2,NA,NA,12,17,4.217548330982634,1.7136336945197714,-1.6045668950537693,5.614115298867773,-2.8114708893892892,6.8767473582403875,0.2245,0.0645,0.1841699583816189,0.06978275713277497,platt_vol_vegas,platt,0.1841699583816189,0.06978275713277497,NA,NA,NA,2026-09-20T17:00:00Z,2026-09-15 23:40:39,2026-09-15 23:40:26,live
TE,00-0031610,Darren Waller,CAR,ATL,2026_02_CAR_ATL,2026,2,NA,NA,12,17,4.633962412104264,0.9739744614704592,-2.521311409006849,5.082616441275062,-3.7926252927060045,6.412632477859506,0.208,0.0555,0.1830466948136658,0.05994232758805185,platt_vol_vegas,platt,0.1830466948136658,0.05994232758805185,NA,NA,NA,2026-09-20T17:00:00Z,2026-09-15 23:40:39,2026-09-15 23:40:26,live
TE,00-0033110,Tyler Higbee,LA,NYG,2026_02_NYG_LA,2026,2,NA,NA,12,17,4.2152266570730506,1.330120286694414,-1.987071562255295,5.22941613564861,-3.193608654996023,6.491664351966275,0.2185,0.063,0.1805414073981496,0.06814219062398058,platt_vol_vegas,platt,0.1805414073981496,0.06814219062398058,NA,NA,NA,2026-09-22T00:15:00Z,2026-09-15 23:40:39,2026-09-15 23:40:26,live
TE,00-0039530,Brevyn Spann-Ford,DAL,WAS,2026_02_WAS_DAL,2026,2,NA,NA,12,17,4.06012048724247,1.6435729556915344,-1.605653329676102,5.462976578927366,-2.7874698222149563,6.699362736217706,0.226,0.057,0.17852151289555654,0.06158183911511638,platt_vol_vegas,platt,0.17852151289555654,0.06158183911511638,NA,NA,NA,2026-09-20T20:25:00Z,2026-09-15 23:40:39,2026-09-15 23:40:26,live
TE,00-0034270,Tyler Conklin,DET,BUF,2026_02_DET_BUF,2026,2,NA,NA,12,17,4.203730240251808,1.3637985692347636,-1.9483945480605607,5.257218504320382,-3.1531134899579545,6.517564617774567,0.2155,0.0575,0.17628056967448666,0.06212839979150592,platt_vol_vegas,platt,0.17628056967448666,0.06212839979150592,NA,NA,NA,2026-09-18T00:15:00Z,2026-09-15 23:40:39,2026-09-15 23:40:26,live
TE,00-0036887,Luke Farrell,SF,MIA,2026_02_MIA_SF,2026,2,NA,NA,12,17,4.126747486162101,1.1141595541816178,-2.164401814736975,4.968046009501819,-3.356888135261234,6.215594667658501,0.186,0.0505,0.17606224273789076,0.05447939311473114,platt_vol_vegas,platt,0.17606224273789076,0.05447939311473114,NA,NA,NA,2026-09-20T20:25:00Z,2026-09-15 23:40:39,2026-09-15 23:40:26,live
TE,00-0040598,Mark Redman,GB,NYJ,2026_02_GB_NYJ,2026,2,NA,NA,12,17,4.422504893787679,0.7815680591024494,-2.6247260339471445,4.785601899216606,-3.863671611770516,6.081755042896428,0.187,0.0525,0.17499666203557318,0.05666414667361906,platt_vol_vegas,platt,0.17499666203557318,0.05666414667361906,NA,NA,NA,2026-09-20T17:00:00Z,2026-09-15 23:40:39,2026-09-15 23:40:26,live
TE,00-0039356,Ja'Tavion Sanders,CAR,ATL,2026_02_CAR_ATL,2026,2,NA,NA,12,17,4.533143600236614,0.5560185914207953,-2.8970697642123255,4.615058196095898,-4.153035465111289,5.929017356783346,0.1805,0.047,0.17405444465737785,0.05065763345601485,platt_vol_vegas,platt,0.17405444465737785,0.05065763345601485,NA,NA,NA,2026-09-20T17:00:00Z,2026-09-15 23:40:39,2026-09-15 23:40:26,live
TE,00-0039793,AJ Barner,SEA,ARI,2026_02_SEA_ARI,2026,2,NA,NA,12,17,4.659814686350694,1.3363734178814233,-2.1696664454965395,5.457656511551804,-3.444891797666781,6.791764626308165,0.2285,0.063,0.17324159332695183,0.06814219062398058,platt_vol_vegas,platt,0.17324159332695183,0.06814219062398058,NA,NA,NA,2026-09-20T20:25:00Z,2026-09-15 23:40:39,2026-09-15 23:40:26,live
TE,00-0040737,Terrance Ferguson,LA,NYG,2026_02_NYG_LA,2026,2,NA,NA,12,17,4.1303443872075025,1.249849320471545,-2.030289664669038,5.105590233618054,-3.2233497996051894,6.353739201721497,0.188,0.051,0.17274150255460846,0.055025524786148354,platt_vol_vegas,platt,0.17274150255460846,0.055025524786148354,NA,NA,NA,2026-09-22T00:15:00Z,2026-09-15 23:40:39,2026-09-15 23:40:26,live
TE,00-0036422,Adam Trautman,DEN,JAX,2026_02_JAX_DEN,2026,2,NA,NA,12,17,4.338530034916348,1.0244436736319982,-2.3459826092153913,4.986315585886354,-3.5718822598162996,6.268820414511595,0.2,0.0515,0.17106220955313284,0.05557169491281011,platt_vol_vegas,platt,0.17106220955313284,0.05557169491281011,NA,NA,NA,2026-09-20T20:05:00Z,2026-09-15 23:40:39,2026-09-15 23:40:26,live
TE,00-0035644,Noah Fant,NO,BAL,2026_02_NO_BAL,2026,2,NA,NA,12,17,4.838234780804499,0.7980441069515263,-2.7814983356130334,5.0057280827416655,-4.083458224776914,6.367805185635508,0.2195,0.056,0.1701695720220739,0.06048880220568398,platt_vol_vegas,platt,0.1701695720220739,0.06048880220568398,NA,NA,NA,2026-09-20T17:00:00Z,2026-09-15 23:40:39,2026-09-15 23:40:26,live
TE,00-0041133,Dallen Bentley,DEN,JAX,2026_02_JAX_DEN,2026,2,NA,NA,12,17,4.283057555848293,0.7378903584515502,-2.6086714838525813,4.671710075299299,-3.825891102057394,5.945134076260417,0.1725,0.046,0.16574734654672552,0.04956610774783282,platt_vol_vegas,platt,0.16574734654672552,0.04956610774783282,NA,NA,NA,2026-09-20T20:05:00Z,2026-09-15 23:40:39,2026-09-15 23:40:26,live
TE,00-0039912,Ben Sinnott,WAS,DAL,2026_02_WAS_DAL,2026,2,NA,NA,12,17,4.320668989586465,0.9327629784090323,-2.429994419488881,4.885620262444323,-3.653104724591297,6.165206949222662,0.2055,0.054,0.16547900165639184,0.058303089062848375,platt_vol_vegas,platt,0.16547900165639184,0.058303089062848375,NA,NA,NA,2026-09-20T20:25:00Z,2026-09-15 23:40:39,2026-09-15 23:40:26,live
TE,00-0038564,Cameron Latu,NE,PIT,2026_02_PIT_NE,2026,2,NA,NA,12,17,4.433376837516264,1.2351787945801653,-2.1757366005766627,5.244644887317638,-3.4163630496498847,6.542556515464908,0.212,0.0565,0.16275456955655662,0.06103530631949193,platt_vol_vegas,platt,0.16275456955655662,0.06103530631949193,NA,NA,NA,2026-09-20T17:00:00Z,2026-09-15 23:40:39,2026-09-15 23:40:26,live
TE,00-0041314,Tanner Arkin,NE,PIT,2026_02_PIT_NE,2026,2,NA,NA,12,17,4.458194601321486,0.4689895201827023,-2.9524561059238663,4.490833698873766,-4.196912636226792,5.7927522599447165,0.1695,0.0415,0.16265015088143542,0.04465682277974643,platt_vol_vegas,platt,0.16265015088143542,0.04465682277974643,NA,NA,NA,2026-09-20T17:00:00Z,2026-09-15 23:40:39,2026-09-15 23:40:26,live
TE,00-0034798,Durham Smythe,BAL,NO,2026_02_NO_BAL,2026,2,NA,NA,12,17,3.9423898905193577,1.389392343250288,-1.8074662923424005,5.14723879141601,-2.9702354958517905,6.363698162577864,0.194,0.043,0.16232452487780527,0.04629275136441496,platt_vol_vegas,platt,0.16232452487780527,0.04629275136441496,NA,NA,NA,2026-09-20T17:00:00Z,2026-09-15 23:40:39,2026-09-15 23:40:26,live
TE,00-0041116,Jack Endries,CIN,HOU,2026_02_CIN_HOU,2026,2,NA,NA,12,17,4.427861274846556,0.5049674664502924,-2.903604081272542,4.5116784111631345,-4.143378020452574,5.8086981652863505,0.1615,0.0365,0.1623167890106413,0.03920792541404707,platt_vol_vegas,platt,0.1623167890106413,0.03920792541404707,NA,NA,NA,2026-09-20T17:00:00Z,2026-09-15 23:40:39,2026-09-15 23:40:26,live
TE,00-0033858,Jonnu Smith,GB,NYJ,2026_02_GB_NYJ,2026,2,NA,NA,12,17,4.243997665926814,1.1181546830044111,-2.2115203356383066,5.03212426021498,-3.422597837241538,6.299122536039747,0.189,0.048,0.16204629841522156,0.051749346784633304,platt_vol_vegas,platt,0.16204629841522156,0.051749346784633304,NA,NA,NA,2026-09-20T17:00:00Z,2026-09-15 23:40:39,2026-09-15 23:40:26,live
TE,00-0038589,Josh Whyle,GB,NYJ,2026_02_GB_NYJ,2026,2,NA,NA,12,17,4.240213916523088,1.0481260114808149,-2.279909482387599,4.960168358540759,-3.4903906520496153,6.22654276715609,0.1945,0.0515,0.16201748970536117,0.05557169491281011,platt_vol_vegas,platt,0.16201748970536117,0.05557169491281011,NA,NA,NA,2026-09-20T17:00:00Z,2026-09-15 23:40:39,2026-09-15 23:40:26,live
TE,00-0039686,Colson Yankoff,WAS,DAL,2026_02_WAS_DAL,2026,2,NA,NA,12,17,4.237300629967554,1.312113860715072,-2.014658839482065,5.222671817861887,-3.2246807027565545,6.488565711893879,0.195,0.049,0.15912489647954667,0.052841238793498356,platt_vol_vegas,platt,0.15912489647954667,0.052841238793498356,NA,NA,NA,2026-09-20T20:25:00Z,2026-09-15 23:40:39,2026-09-15 23:40:26,live
TE,00-0038783,Nate Adkins,DEN,JAX,2026_02_JAX_DEN,2026,2,NA,NA,12,17,4.180760769851439,0.61060910078542,-2.691578341483827,4.4922675554165625,-3.8926579949087445,5.748806338444949,0.1545,0.041,0.15763011036864402,0.044111633346726534,platt_vol_vegas,platt,0.15763011036864402,0.044111633346726534,NA,NA,NA,2026-09-20T20:05:00Z,2026-09-15 23:40:39,2026-09-15 23:40:26,live
TE,00-0038547,Luke Schoonmaker,DAL,WAS,2026_02_WAS_DAL,2026,2,NA,NA,12,17,3.800738293260181,1.6556485540421857,-1.4772647343503036,5.33832846428921,-2.6167755805447097,6.530455537495244,0.1795,0.052,0.15762307912894988,0.05611790252579439,platt_vol_vegas,platt,0.15762307912894988,0.05611790252579439,NA,NA,NA,2026-09-20T20:25:00Z,2026-09-15 23:40:39,2026-09-15 23:40:26,live
TE,00-0035631,Drew Sample,CIN,HOU,2026_02_CIN_HOU,2026,2,NA,NA,12,17,4.315022182875639,0.7045948010216938,-2.655735110535839,4.654598621090636,-3.8779624843984717,5.933261607810972,0.1855,0.0485,0.15556162791885905,0.052295270999154896,platt_vol_vegas,platt,0.15556162791885905,0.052295270999154896,NA,NA,NA,2026-09-20T17:00:00Z,2026-09-15 23:40:39,2026-09-15 23:40:26,live
TE,00-0041032,Kenyon Sadiq,NYJ,GB,2026_02_GB_NYJ,2026,2,NA,NA,12,17,4.562298624742013,0.6353714928580982,-2.8299624572845516,4.708805560685551,-4.090382155622066,6.0274243794606965,0.1835,0.051,0.15441851822051536,0.055025524786148354,platt_vol_vegas,platt,0.15441851822051536,0.055025524786148354,NA,NA,NA,2026-09-20T17:00:00Z,2026-09-15 23:40:39,2026-09-15 23:40:26,live
TE,00-0039050,Payne Durham,TB,CLE,2026_02_CLE_TB,2026,2,NA,NA,12,17,4.1971524254486905,1.4386728906304889,-1.8706573879373867,5.328727613309203,-3.074335051165204,6.587984367678392,0.2185,0.055,0.15418897202383552,0.05939588329461221,platt_vol_vegas,platt,0.15418897202383552,0.05939588329461221,NA,NA,NA,2026-09-20T17:00:00Z,2026-09-15 23:40:39,2026-09-15 23:40:26,live
TE,00-0036825,Feleipe Franks,CAR,ATL,2026_02_CAR_ATL,2026,2,NA,NA,12,17,4.235747312999686,1.1890725458123863,-2.137026694439068,5.0988388636177895,-3.346803605223035,6.364476494625542,0.202,0.0535,0.15376397872659045,0.05775674085216733,platt_vol_vegas,platt,0.15376397872659045,0.05775674085216733,NA,NA,NA,2026-09-20T17:00:00Z,2026-09-15 23:40:39,2026-09-15 23:40:26,live
TE,00-0041094,Bauer Sharp,TB,CLE,2026_02_CLE_TB,2026,2,NA,NA,12,17,4.167608886044087,1.435356926703444,-1.861090371234442,5.31026795098299,-3.0600822053926917,6.564622510947533,0.2095,0.051,0.15184758310813581,0.055025524786148354,platt_vol_vegas,platt,0.15184758310813581,0.055025524786148354,NA,NA,NA,2026-09-20T17:00:00Z,2026-09-15 23:40:39,2026-09-15 23:40:26,live
TE,00-0037311,Ko Kieft,TB,CLE,2026_02_CLE_TB,2026,2,NA,NA,12,17,4.167608886044087,1.435356926703444,-1.861090371234442,5.31026795098299,-3.0600822053926917,6.564622510947533,0.2085,0.062,0.15180892158109213,0.06704857451201103,platt_vol_vegas,platt,0.15180892158109213,0.06704857451201103,NA,NA,NA,2026-09-20T17:00:00Z,2026-09-15 23:40:39,2026-09-15 23:40:26,live
TE,00-0040879,Matthew Hibner,BAL,NO,2026_02_NO_BAL,2026,2,NA,NA,12,17,3.796502423976625,1.3116504086611394,-1.8193344067475676,4.992063435639755,-2.9581438240547606,6.183456691902171,0.1675,0.0465,0.15109681855986154,0.05011184657662508,platt_vol_vegas,platt,0.15109681855986154,0.05011184657662508,NA,NA,NA,2026-09-20T17:00:00Z,2026-09-15 23:40:39,2026-09-15 23:40:26,live
TE,00-0041041,Oscar Delp,NO,BAL,2026_02_NO_BAL,2026,2,NA,NA,12,17,4.590923784477754,0.4056088253385674,-3.071714119607424,4.4931357282501905,-4.33649448431384,5.816316564537453,0.1735,0.0435,0.15085134458045868,0.04683817634331945,platt_vol_vegas,platt,0.15085134458045868,0.04683817634331945,NA,NA,NA,2026-09-20T17:00:00Z,2026-09-15 23:40:39,2026-09-15 23:40:26,live
TE,00-0039074,Davis Allen,LA,NYG,2026_02_NYG_LA,2026,2,NA,NA,12,17,3.8212232138135436,1.0389096888907208,-2.103316260791893,4.732536455142711,-3.2462143308160636,5.928207155198772,0.1845,0.0425,0.15075308537018192,0.045747383197463264,platt_vol_vegas,platt,0.15075308537018192,0.045747383197463264,NA,NA,NA,2026-09-22T00:15:00Z,2026-09-15 23:40:39,2026-09-15 23:40:26,live
TE,00-0041472,Marlin Klein,HOU,CIN,2026_02_CIN_HOU,2026,2,NA,NA,12,17,3.998386815335968,1.3653983273220485,-1.8564543344909303,5.15262477734696,-3.0283144260480714,6.378594802836855,0.19,0.048,0.15029789790517806,0.051749346784633304,platt_vol_vegas,platt,0.15029789790517806,0.051749346784633304,NA,NA,NA,2026-09-20T17:00:00Z,2026-09-15 23:40:39,2026-09-15 23:40:26,live
TE,00-0036637,Noah Gray,KC,IND,2026_02_IND_KC,2026,2,NA,NA,12,17,3.8964013729156504,1.0682938335003231,-2.107918858589147,4.801871368239969,-3.2631786692790805,6.010474604891732,0.1755,0.0395,0.15017611601522074,0.04247644574696996,platt_vol_vegas,platt,0.15017611601522074,0.04247644574696996,NA,NA,NA,2026-09-21T00:20:00Z,2026-09-15 23:40:39,2026-09-15 23:40:26,live
TE,00-0040215,Gavin Bartholomew,MIN,CHI,2026_02_MIN_CHI,2026,2,NA,NA,12,17,4.346726505508707,1.3089864565887555,-2.0649543599098745,5.274989636222667,-3.292132325244147,6.558831804994174,0.222,0.0625,0.14992282075375768,0.06759537263867949,platt_vol_vegas,platt,0.14992282075375768,0.06759537263867949,NA,NA,NA,2026-09-20T17:00:00Z,2026-09-15 23:40:39,2026-09-15 23:40:26,live
TE,00-0039814,Erick All,CIN,HOU,2026_02_CIN_HOU,2026,2,NA,NA,12,17,4.227791218341176,0.7759553689388313,-2.54669267183835,4.6816648674836285,-3.755214303949944,5.9459892580823475,0.182,0.054,0.1495304922227552,0.058303089062848375,platt_vol_vegas,platt,0.1495304922227552,0.058303089062848375,NA,NA,NA,2026-09-20T17:00:00Z,2026-09-15 23:40:39,2026-09-15 23:40:26,live
TE,00-0041084,Tanner Koziol,JAX,DEN,2026_02_JAX_DEN,2026,2,NA,NA,12,17,4.329413209467066,0.4848574238221379,-2.881656195097153,4.442130074138111,-4.106132722051421,5.723146067239457,0.1605,0.0385,0.14882397997771363,0.04138665329369701,platt_vol_vegas,platt,0.14882397997771363,0.04138665329369701,NA,NA,NA,2026-09-20T20:05:00Z,2026-09-15 23:40:39,2026-09-15 23:40:26,live
TE,00-0036187,Reggie Gilliam,NE,PIT,2026_02_PIT_NE,2026,2,NA,NA,12,17,4.240120843571111,1.042184649814059,-2.2858105066464773,4.954179581019191,-3.496277004688327,6.220538640561131,0.1935,0.0535,0.14875984608265008,0.05775674085216733,platt_vol_vegas,platt,0.14875984608265008,0.05775674085216733,NA,NA,NA,2026-09-20T17:00:00Z,2026-09-15 23:40:39,2026-09-15 23:40:26,live
TE,00-0040225,Thomas Fidone II,NYG,LA,2026_02_NYG_LA,2026,2,NA,NA,12,17,4.446769820052327,0.7131061776579998,-2.703495158477782,4.729255985738512,-3.9461897118424134,6.029331211647257,0.177,0.056,0.14811113765691597,0.06048880220568398,platt_vol_vegas,platt,0.14811113765691597,0.06048880220568398,NA,NA,NA,2026-09-22T00:15:00Z,2026-09-15 23:40:39,2026-09-15 23:40:26,live
TE,00-0039847,Theo Johnson,NYG,LA,2026_02_NYG_LA,2026,2,NA,NA,12,17,4.426086262854019,0.8086038462402474,-2.5992131291641334,4.814427805562114,-3.838712613464006,6.11116043201638,0.2025,0.0455,0.14779012246407247,0.0490204181443333,platt_vol_vegas,platt,0.14779012246407247,0.0490204181443333,NA,NA,NA,2026-09-22T00:15:00Z,2026-09-15 23:40:39,2026-09-15 23:40:26,live
TE,00-0034613,Tanner Hudson,CIN,HOU,2026_02_CIN_HOU,2026,2,NA,NA,12,17,4.1918499963811,1.080679375911385,-2.2263416825628397,4.968019654344632,-3.4291794306379733,6.2263977109848305,0.193,0.046,0.14761247507476144,0.04956610774783282,platt_vol_vegas,platt,0.14761247507476144,0.04956610774783282,NA,NA,NA,2026-09-20T17:00:00Z,2026-09-15 23:40:39,2026-09-15 23:40:26,live
TE,00-0040081,Jake Briningstool,KC,IND,2026_02_IND_KC,2026,2,NA,NA,12,17,3.8465135061112004,1.546832218652981,-1.606860182024229,5.253937579692796,-2.753928857511408,6.453971460407222,0.1905,0.045,0.147510633435574,0.04847477896508845,platt_vol_vegas,platt,0.147510633435574,0.04847477896508845,NA,NA,NA,2026-09-21T00:20:00Z,2026-09-15 23:40:39,2026-09-15 23:40:26,live
TE,00-0040739,Elijah Arroyo,SEA,ARI,2026_02_SEA_ARI,2026,2,NA,NA,12,17,4.282847741183747,1.3989812580891117,-1.9474900593828652,5.3326945647205335,-3.1646767516754055,6.606084119435211,0.219,0.059,0.1465189262092891,0.0637682412873649,platt_vol_vegas,platt,0.1465189262092891,0.0637682412873649,NA,NA,NA,2026-09-20T20:25:00Z,2026-09-15 23:40:39,2026-09-15 23:40:26,live
TE,00-0036754,Brock Wright,DET,BUF,2026_02_DET_BUF,2026,2,NA,NA,12,17,3.8506837177840065,0.322174557317648,-2.8334053433894866,4.03149863869886,-3.9811605449813814,5.232250745447402,0.1135,0.025,0.1463158875510298,0.026708533713873314,platt_vol_vegas,platt,0.1463158875510298,0.026708533713873314,NA,NA,NA,2026-09-18T00:15:00Z,2026-09-15 23:40:39,2026-09-15 23:40:26,live
TE,00-0038498,E.J. Jenkins,PHI,TEN,2026_02_PHI_TEN,2026,2,NA,NA,12,17,4.202136061890938,1.350440014265185,-1.961059458789323,5.243044583754833,-3.165526106715243,6.503126753715366,0.226,0.057,0.1435764673007809,0.06158183911511638,platt_vol_vegas,platt,0.1435764673007809,0.06158183911511638,NA,NA,NA,2026-09-20T17:00:00Z,2026-09-15 23:40:39,2026-09-15 23:40:26,live
TE,00-0040058,Nick Kallerup,SEA,ARI,2026_02_SEA_ARI,2026,2,NA,NA,12,17,4.256345041660491,0.6786520770284004,-2.656368596858374,4.598905370180719,-3.8693904331973252,5.867937759226583,0.1725,0.0455,0.1429858030173521,0.0490204181443333,platt_vol_vegas,platt,0.1429858030173521,0.0490204181443333,NA,NA,NA,2026-09-20T20:25:00Z,2026-09-15 23:40:39,2026-09-15 23:40:26,live
TE,00-0039518,Treyton Welch,NO,BAL,2026_02_NO_BAL,2026,2,NA,NA,12,17,4.467161039028491,0.4981453766485868,-2.927098269977267,4.524454056134135,-4.172936225547157,5.827817828951739,0.1685,0.039,0.14255300093609038,0.04193151520405128,platt_vol_vegas,platt,0.14255300093609038,0.04193151520405128,NA,NA,NA,2026-09-20T17:00:00Z,2026-09-15 23:40:39,2026-09-15 23:40:26,live
TE,00-0032392,Austin Hooper,ATL,CAR,2026_02_CAR_ATL,2026,2,NA,NA,12,17,4.2812364920161095,0.9473263319776802,-2.3984497435784027,4.880222394976503,-3.615383560789202,6.153347398254843,0.1915,0.0505,0.14087906700592534,0.05447939311473114,platt_vol_vegas,platt,0.14087906700592534,0.05447939311473114,NA,NA,NA,2026-09-20T17:00:00Z,2026-09-15 23:40:39,2026-09-15 23:40:26,live
TE,00-0033246,Johnny Mundt,PHI,TEN,2026_02_PHI_TEN,2026,2,NA,NA,12,17,4.167312535051039,0.7807879918562032,-2.5155298702065436,4.655546866729377,-3.714474625633264,5.909852174130318,0.17,0.0525,0.13923473496487618,0.05666414667361906,platt_vol_vegas,platt,0.13923473496487618,0.05666414667361906,NA,NA,NA,2026-09-20T17:00:00Z,2026-09-15 23:40:39,2026-09-15 23:40:26,live
TE,00-0034981,Foster Moreau,HOU,CIN,2026_02_CIN_HOU,2026,2,NA,NA,12,17,3.8276041430681325,1.1142514499434024,-2.0308707683186307,4.811282724756681,-3.174822276199498,6.008055504528,0.1745,0.048,0.13865428442316152,0.051749346784633304,platt_vol_vegas,platt,0.13865428442316152,0.051749346784633304,NA,NA,NA,2026-09-20T17:00:00Z,2026-09-15 23:40:39,2026-09-15 23:40:26,live
TE,00-0033576,Eric Saubert,SEA,ARI,2026_02_SEA_ARI,2026,2,NA,NA,12,17,4.186909538090148,0.8896786888838238,-2.4151896111319777,4.774488440744304,-3.6172443526611913,6.032047335982919,0.1715,0.0395,0.1385631425640631,0.04247644574696996,platt_vol_vegas,platt,0.1385631425640631,0.04247644574696996,NA,NA,NA,2026-09-20T20:25:00Z,2026-09-15 23:40:39,2026-09-15 23:40:26,live
TE,00-0039359,Cade Stover,HOU,CIN,2026_02_CIN_HOU,2026,2,NA,NA,12,17,3.83222799719361,1.088232381066383,-2.0589872281810773,4.787729099042287,-3.203701604215832,5.985299971945034,0.153,0.0405,0.1380117795803493,0.043566506363363365,platt_vol_vegas,platt,0.1380117795803493,0.043566506363363365,NA,NA,NA,2026-09-20T17:00:00Z,2026-09-15 23:40:39,2026-09-15 23:40:26,live
TE,00-0036429,Charlie Woerner,ATL,CAR,2026_02_CAR_ATL,2026,2,NA,NA,12,17,4.219505796442814,0.8459687599587556,-2.4730821326552306,4.747449879338428,-3.6802954012821036,6.0104054935565285,0.1705,0.0455,0.1361967390048946,0.0490204181443333,platt_vol_vegas,platt,0.1361967390048946,0.0490204181443333,NA,NA,NA,2026-09-20T17:00:00Z,2026-09-15 23:40:39,2026-09-15 23:40:26,live
TE,00-0034959,Andrew Beck,NYJ,GB,2026_02_GB_NYJ,2026,2,NA,NA,12,17,4.25397132840567,1.32453763919971,-2.009455902398462,5.243583557906519,-3.222104147681549,6.512225105554524,0.2,0.05,0.1351820443601968,0.05393330088542496,platt_vol_vegas,platt,0.1351820443601968,0.05393330088542496,NA,NA,NA,2026-09-20T17:00:00Z,2026-09-15 23:40:39,2026-09-15 23:40:26,live
TE,00-0031484,Chris Manhertz,NYG,LA,2026_02_NYG_LA,2026,2,NA,NA,12,17,4.236190414056845,0.8299521083509717,-2.496339255163562,4.73994426339351,-3.706186045488369,6.005655000587813,0.176,0.051,0.13474103558475242,0.055025524786148354,platt_vol_vegas,platt,0.13474103558475242,0.055025524786148354,NA,NA,NA,2026-09-22T00:15:00Z,2026-09-15 23:40:39,2026-09-15 23:40:26,live
TE,00-0037755,Jelani Woods,NYJ,GB,2026_02_GB_NYJ,2026,2,NA,NA,12,17,4.249030969923347,0.7822278602435216,-2.5496271096243053,4.698759928606262,-3.761497508392737,5.966587713145283,0.1725,0.0445,0.1338321083546996,0.04792919143411586,platt_vol_vegas,platt,0.1338321083546996,0.04792919143411586,NA,NA,NA,2026-09-20T17:00:00Z,2026-09-15 23:40:39,2026-09-15 23:40:26,live
TE,00-0038558,Darnell Washington,PIT,NE,2026_02_PIT_NE,2026,2,NA,NA,12,17,4.415149279184465,0.7051561982887001,-2.698008381454384,4.705511355106566,-3.9358156850812454,6.000473665464421,0.171,0.0505,0.13215130909430697,0.05447939311473114,platt_vol_vegas,platt,0.13215130909430697,0.05447939311473114,NA,NA,NA,2026-09-20T17:00:00Z,2026-09-15 23:40:39,2026-09-15 23:40:26,live
TE,00-0038488,Brady Russell,SEA,ARI,2026_02_SEA_ARI,2026,2,NA,NA,12,17,4.060985465045487,1.013962802300395,-2.2356456978366426,4.833815711719119,-3.4176012104616644,6.070347308264376,0.1595,0.0425,0.1304174925098528,0.045747383197463264,platt_vol_vegas,platt,0.1304174925098528,0.045747383197463264,NA,NA,NA,2026-09-20T20:25:00Z,2026-09-15 23:40:39,2026-09-15 23:40:26,live
TE,00-0033217,Mo Alie-Cox,IND,KC,2026_02_IND_KC,2026,2,NA,NA,12,17,4.166786366534019,0.5548098851021285,-2.7412781545742506,4.42929860813665,-3.9401393184432556,5.683516464190043,0.151,0.0385,0.12774432238858563,0.04138665329369701,platt_vol_vegas,platt,0.12774432238858563,0.04138665329369701,NA,NA,NA,2026-09-21T00:20:00Z,2026-09-15 23:40:39,2026-09-15 23:40:26,live
TE,00-0041503,Nate Boerkircher,JAX,DEN,2026_02_JAX_DEN,2026,2,NA,NA,12,17,4.003868097149022,0.4281050343494941,-2.7961857298648507,4.2181974273182785,-3.9689326139613135,5.445095192458897,0.1375,0.034,0.1275631009418115,0.036486269550923635,platt_vol_vegas,platt,0.1275631009418115,0.036486269550923635,NA,NA,NA,2026-09-20T20:05:00Z,2026-09-15 23:40:39,2026-09-15 23:40:26,live
TE,00-0040187,Mitchell Evans,CAR,ATL,2026_02_CAR_ATL,2026,2,NA,NA,12,17,3.8403263199044004,0.6605426052380216,-2.4903476933935202,4.364354148683752,-3.6363971815048424,5.563321781659083,0.1355,0.0325,0.12615141231419702,0.034854305329966966,platt_vol_vegas,platt,0.12615141231419702,0.034854305329966966,NA,NA,NA,2026-09-20T17:00:00Z,2026-09-15 23:40:39,2026-09-15 23:40:26,live
TE,00-0037252,Greg Dulcich,MIA,SF,2026_02_MIA_SF,2026,2,NA,NA,12,17,4.637762128902446,0.2921559841221417,-3.2047121683740944,4.402657906308502,-4.476601563540161,5.733276028255219,0.173,0.037,0.1250336255092785,0.03975249597058656,platt_vol_vegas,platt,0.1250336255092785,0.03975249597058656,NA,NA,NA,2026-09-20T20:25:00Z,2026-09-15 23:40:39,2026-09-15 23:40:26,live
TE,00-0037004,Hunter Long,ARI,SEA,2026_02_SEA_ARI,2026,2,NA,NA,12,17,4.285169677202573,0.7298006401176956,-2.6176723693244703,4.664691416584794,-3.835223399458344,5.938462132221193,0.154,0.0385,0.12404366158397075,0.04138665329369701,platt_vol_vegas,platt,0.12404366158397075,0.04138665329369701,NA,NA,NA,2026-09-20T20:25:00Z,2026-09-15 23:40:39,2026-09-15 23:40:26,live
TE,00-0039041,Elijah Higgins,ARI,SEA,2026_02_SEA_ARI,2026,2,NA,NA,12,17,4.272042518601005,0.7342222094567566,-2.6075844916251003,4.6624523483501665,-3.8230745582914,5.934066936772165,0.17,0.0395,0.12393574096870728,0.04247644574696996,platt_vol_vegas,platt,0.12393574096870728,0.04247644574696996,NA,NA,NA,2026-09-20T20:25:00Z,2026-09-15 23:40:39,2026-09-15 23:40:26,live
TE,00-0033757,Robert Tonyan,PIT,NE,2026_02_PIT_NE,2026,2,NA,NA,12,17,4.223267203268575,1.2973409339646722,-2.0233433797322764,5.20074210872203,-3.2311507602508938,6.46431926759065,0.1985,0.0505,0.12205835061476787,0.05447939311473114,platt_vol_vegas,platt,0.12205835061476787,0.05447939311473114,NA,NA,NA,2026-09-20T17:00:00Z,2026-09-15 23:40:39,2026-09-15 23:40:26,live
TE,00-0041398,Riley Nowakowski,PIT,NE,2026_02_PIT_NE,2026,2,NA,NA,12,17,4.217987215833279,1.1980194818025076,-2.1203717702435116,5.098725206256111,-3.327345112797559,6.361429815959476,0.196,0.0475,0.12167975620165845,0.05120346723481726,platt_vol_vegas,platt,0.12167975620165845,0.05120346723481726,NA,NA,NA,2026-09-20T17:00:00Z,2026-09-15 23:40:39,2026-09-15 23:40:26,live
TE,00-0037304,Connor Heyward,LV,LAC,2026_02_LV_LAC,2026,2,NA,NA,12,17,4.211435172763489,0.8022896829750423,-2.513254274534304,4.699648466921989,-3.719191992189676,5.961269632370726,0.165,0.0455,0.11991462174488655,0.0490204181443333,platt_vol_vegas,platt,0.11991462174488655,0.0490204181443333,NA,NA,NA,2026-09-20T20:05:00Z,2026-09-15 23:40:39,2026-09-15 23:40:26,live
TE,00-0034365,Ian Thomas,LV,LAC,2026_02_LV_LAC,2026,2,NA,NA,12,17,4.199597666480155,0.6906748333766162,-2.619719913132961,4.581980817850074,-3.8237847472312554,5.841642620471496,0.1595,0.044,0.11905371272092698,0.047383656801313234,platt_vol_vegas,platt,0.11905371272092698,0.047383656801313234,NA,NA,NA,2026-09-20T20:05:00Z,2026-09-15 23:40:39,2026-09-15 23:40:26,live
TE,00-0037292,Andrew Ogletree,IND,KC,2026_02_IND_KC,2026,2,NA,NA,12,17,3.97108970238504,1.5499421051119537,-1.659746306883388,5.322869711120782,-2.82718198789129,6.544211031569088,0.1995,0.042,0.11853420915493992,0.04520207320489637,platt_vol_vegas,platt,0.11853420915493992,0.04520207320489637,NA,NA,NA,2026-09-21T00:20:00Z,2026-09-15 23:40:39,2026-09-15 23:40:26,live
TE,00-0040189,Oronde Gadsden II,LAC,LV,2026_02_LV_LAC,2026,2,NA,NA,12,17,4.556596722202105,1.3403975597285422,-2.1225442594948305,5.4110197232138795,-3.3820938861523757,6.728728295273264,0.2405,0.071,0.11496591675559585,0.0048934646450375235,platt_vol_vegas,platt,0.18696591675559585,0.07689346464503752,role_change_down,0.72,"Njoku's arrival creates a clear target-share split (5-2 advantage to Njoku), reducing Gadsden's opportunity at TE despite his big play.",2026-09-20T20:05:00Z,2026-09-15 23:40:39,2026-09-15 23:40:26,live
TE,00-0036590,Quintin Morris,JAX,DEN,2026_02_JAX_DEN,2026,2,NA,NA,12,17,3.7708644732375842,0.5136959454298365,-2.6055960004900927,4.1803642269924195,-3.7401524588485127,5.3673081464880985,0.13,0.0315,0.11431243492206741,0.033766793921005685,platt_vol_vegas,platt,0.11431243492206741,0.033766793921005685,NA,NA,NA,2026-09-20T20:05:00Z,2026-09-15 23:40:39,2026-09-15 23:40:26,live
TE,00-0036970,Kyle Pitts,ATL,CAR,2026_02_CAR_ATL,2026,2,NA,NA,12,17,5.024624010490077,0.8859462701996869,-2.769096661834553,5.182379633601021,-4.098517772782784,6.5731859636555985,0.25,0.071,0.11229394410454928,0,platt_vol_vegas,platt,0.19729394410454928,0.07689346464503752,role_change_down,0.85,Third-string QB Cooper Rush starting instead of the primary starter materially reduces Pitts' target volume and upside potential.,2026-09-20T17:00:00Z,2026-09-15 23:40:39,2026-09-15 23:40:26,live
TE,00-0036876,Kylen Granson,TEN,PHI,2026_02_PHI_TEN,2026,2,NA,NA,12,17,4.302348131629915,1.0614789271509792,-2.2933973947623856,5.005072156446242,-3.5136411757265975,6.281659959060764,0.195,0.0535,0.11032172513651825,0.05775674085216733,platt_vol_vegas,platt,0.11032172513651825,0.05775674085216733,NA,NA,NA,2026-09-20T17:00:00Z,2026-09-15 23:40:39,2026-09-15 23:40:26,live
TE,00-0041131,Carsen Ryan,CLE,TB,2026_02_CLE_TB,2026,2,NA,NA,12,17,4.271774823538729,1.1492155298353948,-2.1924755402164315,5.077309746654971,-3.407923549283063,6.348880335492969,0.186,0.049,0.10991549754431436,0.052841238793498356,platt_vol_vegas,platt,0.10991549754431436,0.052841238793498356,NA,NA,NA,2026-09-20T17:00:00Z,2026-09-15 23:40:39,2026-09-15 23:40:26,live
TE,00-0039648,David Martin-Robinson,TEN,PHI,2026_02_PHI_TEN,2026,2,NA,NA,12,17,4.295790612781878,1.1593626770893615,-2.1926891486418123,5.099635764909511,-3.411905596980329,6.375148798433093,0.1815,0.046,0.10955781855249211,0.04956610774783282,platt_vol_vegas,platt,0.10955781855249211,0.04956610774783282,NA,NA,NA,2026-09-20T17:00:00Z,2026-09-15 23:40:39,2026-09-15 23:40:26,live
TE,00-0037805,Jeremy Ruckert,NYJ,GB,2026_02_GB_NYJ,2026,2,NA,NA,12,17,3.81919909211503,0.5583749971532782,-2.5829317624571413,4.250921272979596,-3.7254955024311127,5.446242205496752,0.137,0.0355,0.10859082841660758,0.038119017946745305,platt_vol_vegas,platt,0.10859082841660758,0.038119017946745305,NA,NA,NA,2026-09-20T17:00:00Z,2026-09-15 23:40:39,2026-09-15 23:40:26,live
TE,00-0041579,Seydou Traore,MIA,SF,2026_02_MIA_SF,2026,2,NA,NA,12,17,4.29107547558479,0.800081208645866,-2.549938489769791,4.737965569504549,-3.76841580781528,6.0127053438389915,0.177,0.0445,0.10668472956426886,0.04792919143411586,platt_vol_vegas,platt,0.10668472956426886,0.04792919143411586,NA,NA,NA,2026-09-20T20:25:00Z,2026-09-15 23:40:39,2026-09-15 23:40:26,live
TE,00-0041077,Justin Joly,MIA,SF,2026_02_MIA_SF,2026,2,NA,NA,12,17,4.288655150006301,-0.2732829729236855,-3.622259172335439,3.663374774727324,-4.840356946383541,4.937717479848895,0.11,0.0295,0.10397507172471986,0.0315929722364222,platt_vol_vegas,platt,0.10397507172471986,0.0315929722364222,NA,NA,NA,2026-09-20T20:25:00Z,2026-09-15 23:40:39,2026-09-15 23:40:26,live
TE,00-0038115,Daniel Bellinger,TEN,PHI,2026_02_PHI_TEN,2026,2,NA,NA,12,17,3.89930873576311,0.9391110434833878,-2.2384100914842877,4.674226627909608,-3.394145812202394,5.883327749448459,0.1345,0.0375,0.08950297856971504,0.04029714197416743,platt_vol_vegas,platt,0.08950297856971504,0.04029714197416743,NA,NA,NA,2026-09-20T17:00:00Z,2026-09-15 23:40:39,2026-09-15 23:40:26,live
TE,00-0038710,Blake Whiteheart,CLE,TB,2026_02_CLE_TB,2026,2,NA,NA,12,17,3.8146656949655062,0.7464185003462347,-2.392828770264602,4.436543886072517,-3.5346434278872234,5.631081147811912,0.1285,0.0315,0.08692454192936738,0.033766793921005685,platt_vol_vegas,platt,0.08692454192936738,0.033766793921005685,NA,NA,NA,2026-09-20T17:00:00Z,2026-09-15 23:40:39,2026-09-15 23:40:26,live
TE,00-0041524,Will Kacmarek,MIA,SF,2026_02_MIA_SF,2026,2,NA,NA,12,17,3.8617516367240254,0.6006233913606525,-2.5599615807698695,4.315830838888177,-3.70953723912131,5.518487460890702,0.1245,0.024,0.08552576771922585,0.02562453010478809,platt_vol_vegas,platt,0.08552576771922585,0.02562453010478809,NA,NA,NA,2026-09-20T20:25:00Z,2026-09-15 23:40:39,2026-09-15 23:40:26,live
WR,00-0039064,Zay Flowers,BAL,NO,2026_02_NO_BAL,2026,2,NA,NA,15,20,8.689463495151454,2.49071476059447,-3.6588825391015374,8.601328341000759,-5.595196380464584,10.259875890884793,0.4915,0.259,0.582200589192754,0.3621084337349398,strat_platt,iso,0.49720058919275395,0.27710843373493976,role_change_up,0.85,"Walker's inactivity elevates Zay Flowers to lead the Ravens' wideout group in Week 1, increasing his target opportunity.",2026-09-20T17:00:00Z,2026-09-15 23:40:39,2026-09-15 23:40:26,live
WR,00-0036963,Amon-Ra St. Brown,DET,BUF,2026_02_DET_BUF,2026,2,NA,NA,15,20,10.185488375638402,2.286086996022056,-4.315927134167071,8.846249432018007,-6.394692737532927,10.62681388628987,0.5685,0.3305,0.5421644716061749,0.33024691358024694,strat_platt,iso,0.5421644716061749,0.33024691358024694,NA,NA,NA,2026-09-18T00:15:00Z,2026-09-15 23:40:39,2026-09-15 23:40:26,live
WR,00-0036358,CeeDee Lamb,DAL,WAS,2026_02_WAS_DAL,2026,2,NA,NA,15,20,8.897461646083878,2.9829288109927194,-3.2320199150228524,9.158479539915543,-5.188910855205302,10.834652381785624,0.525,0.3055,0.5320745704295693,0.2916666666666667,strat_platt,iso,0.5320745704295693,0.2916666666666667,NA,NA,NA,2026-09-20T20:25:00Z,2026-09-15 23:40:39,2026-09-15 23:40:26,live
WR,00-0040667,Matthew Golden,GB,NYJ,2026_02_GB_NYJ,2026,2,NA,NA,15,20,7.911166434458253,2.449909587983554,-3.447145941153263,8.309582318510921,-5.303942360151065,9.900019305313853,0.439,0.2175,0.527452442821761,0.30948979591836734,strat_platt,iso,0.44245244282176094,0.22448979591836735,role_change_up,0.85,"Golden led Packers receivers in targets and established himself in the WR3/WR4 opportunity tier, indicating a meaningful role elevation from his rookie season.",2026-09-20T17:00:00Z,2026-09-15 23:40:39,2026-09-15 23:40:26,live
WR,00-0031408,Mike Evans,SF,MIA,2026_02_MIA_SF,2026,2,NA,NA,15,20,7.916827082541691,2.5579381214554675,-3.3410026451584502,8.419484138503634,-5.198392665857838,10.010429574209187,0.432,0.2225,0.5201485449714116,0.3474254473161034,strat_platt,iso,0.43514854497141164,0.2624254473161034,role_change_up,0.85,"Evans demonstrated high target volume (6 of 7) and red-zone usage in his 49ers debut, indicating increased opportunity in the offense.",2026-09-20T20:25:00Z,2026-09-15 23:40:39,2026-09-15 23:40:26,live
WR,00-0039075,Puka Nacua,LA,NYG,2026_02_NYG_LA,2026,2,NA,NA,15,20,8.46441657244277,3.0129799813110756,-3.064927148425009,9.05235785232215,-4.978668020922284,10.691570549866555,0.507,0.2695,0.5133444124281173,0.2911392405063291,strat_platt,iso,0.5133444124281173,0.2911392405063291,NA,NA,NA,2026-09-22T00:15:00Z,2026-09-15 23:40:39,2026-09-15 23:40:26,live
WR,00-0037238,Drake London,ATL,CAR,2026_02_CAR_ATL,2026,2,NA,NA,15,20,9.751430870377137,1.7118128360308387,-4.762957607146965,8.145538212170726,-6.8016581948087405,9.891785020091783,0.5345,0.3015,0.507240425664487,0.2916666666666667,strat_platt,iso,0.507240425664487,0.2916666666666667,NA,NA,NA,2026-09-20T17:00:00Z,2026-09-15 23:40:39,2026-09-15 23:40:26,live
WR,00-0038543,Jaxon Smith-Njigba,SEA,ARI,2026_02_SEA_ARI,2026,2,NA,NA,15,20,8.96529462461541,2.4212543496706145,-3.8148239332869682,8.617800690388085,-5.778367903184178,10.299672177744764,0.494,0.261,0.49980525700166456,0.2871287128712871,strat_platt,iso,0.49980525700166456,0.2871287128712871,NA,NA,NA,2026-09-20T20:25:00Z,2026-09-15 23:40:39,2026-09-15 23:40:26,live
WR,00-0036322,Justin Jefferson,MIN,CHI,2026_02_MIN_CHI,2026,2,NA,NA,15,20,9.545836903780742,1.9290892876132282,-4.48431762664147,8.301840132429298,-6.503696778342787,10.031537185043177,0.5135,0.2875,0.4857979324015355,0.2916666666666667,strat_platt,iso,0.4857979324015355,0.2916666666666667,NA,NA,NA,2026-09-20T17:00:00Z,2026-09-15 23:40:39,2026-09-15 23:40:26,live
WR,00-0036912,DeVonta Smith,PHI,TEN,2026_02_PHI_TEN,2026,2,NA,NA,15,20,8.135167369419449,2.7196820801440484,-3.25141419910437,8.652926199347188,-5.131523710371333,10.263331990399342,0.463,0.2135,0.4674895205029547,0.22448979591836735,strat_platt,iso,0.4674895205029547,0.22448979591836735,NA,NA,NA,2026-09-20T17:00:00Z,2026-09-15 23:40:39,2026-09-15 23:40:26,live
WR,00-0036554,Nico Collins,HOU,CIN,2026_02_CIN_HOU,2026,2,NA,NA,15,20,9.000205024560783,2.4117644204936948,-3.8351537790343535,8.619081961043914,-5.8021108960811585,10.303876975941133,0.4915,0.2655,0.4634422896066439,0.2911392405063291,strat_platt,iso,0.4634422896066439,0.2911392405063291,NA,NA,NA,2026-09-20T17:00:00Z,2026-09-15 23:40:39,2026-09-15 23:40:26,live
WR,00-0037239,Chris Olave,NO,BAL,2026_02_NO_BAL,2026,2,NA,NA,15,20,9.572241193536744,1.803039736723868,-4.618288697612203,8.183661885273775,-6.6401620856400125,9.915495373345463,0.4755,0.2525,0.4472543780882186,0.27710843373493976,strat_platt,iso,0.4472543780882186,0.27710843373493976,NA,NA,NA,2026-09-20T17:00:00Z,2026-09-15 23:40:39,2026-09-15 23:40:26,live
WR,00-0040124,Tetairoa McMillan,CAR,ATL,2026_02_CAR_ATL,2026,2,NA,NA,15,20,8.579108844325239,2.1248968047992896,-3.989676293299565,8.200708210121197,-5.9149621204642475,9.849809726238359,0.4375,0.2095,0.44088735016870767,0.22448979591836735,strat_platt,iso,0.44088735016870767,0.22448979591836735,NA,NA,NA,2026-09-20T17:00:00Z,2026-09-15 23:40:39,2026-09-15 23:40:26,live
WR,00-0037247,George Pickens,DAL,WAS,2026_02_WAS_DAL,2026,2,NA,NA,15,20,7.629341463325819,2.9897211761843767,-2.8125136829066184,8.755174326819274,-4.639454069564528,10.320038161053235,0.436,0.2115,0.4393222398702718,0.22448979591836735,strat_platt,iso,0.4393222398702718,0.22448979591836735,NA,NA,NA,2026-09-20T20:25:00Z,2026-09-15 23:40:39,2026-09-15 23:40:26,live
WR,00-0039337,Malik Nabers,NYG,LA,2026_02_NYG_LA,2026,2,NA,NA,15,20,9.492341424162003,1.4478214548086716,-4.949499108754824,7.804587924030311,-6.963813177007191,9.529946484833223,0.459,0.2395,0.43062408513573275,0.2624254473161034,strat_platt,iso,0.43062408513573275,0.2624254473161034,NA,NA,NA,2026-09-22T00:15:00Z,2026-09-15 23:40:39,2026-09-15 23:40:26,live
WR,00-0037240,Jameson Williams,DET,BUF,2026_02_DET_BUF,2026,2,NA,NA,15,20,7.535067473774003,2.741522866063846,-3.0285618857718095,8.475029716407551,-4.845379219708381,10.031222660659903,0.424,0.2225,0.4268010200259727,0.2624254473161034,strat_platt,iso,0.4268010200259727,0.2624254473161034,NA,NA,NA,2026-09-18T00:15:00Z,2026-09-15 23:40:39,2026-09-15 23:40:26,live
WR,00-0032464,Kalif Raymond,CHI,MIN,2026_02_MIN_CHI,2026,2,NA,NA,15,20,7.971369734065129,2.4082008675575923,-3.5088668569275785,8.287758931499464,-5.371964483786746,9.883593211156752,0.419,0.215,0.42158386182576313,0.22448979591836735,strat_platt,iso,0.42158386182576313,0.22448979591836735,NA,NA,NA,2026-09-20T17:00:00Z,2026-09-15 23:40:39,2026-09-15 23:40:26,live
WR,00-0037740,Garrett Wilson,NYJ,GB,2026_02_GB_NYJ,2026,2,NA,NA,15,20,9.072218234971778,1.4709729346020743,-4.798232623558475,7.700436549064789,-6.77220732548188,9.391242468782579,0.4485,0.229,0.4200751917840301,0.2624254473161034,strat_platt,iso,0.4200751917840301,0.2624254473161034,NA,NA,NA,2026-09-20T17:00:00Z,2026-09-15 23:40:39,2026-09-15 23:40:26,live
WR,00-0040129,Emeka Egbuka,TB,CLE,2026_02_CLE_TB,2026,2,NA,NA,15,20,8.029395247901363,2.200092928933683,-3.736184107903321,8.09873853295451,-5.605330140142101,9.699753567770784,0.406,0.1925,0.4080201701521471,0.22448979591836735,strat_platt,iso,0.4080201701521471,0.22448979591836735,NA,NA,NA,2026-09-20T17:00:00Z,2026-09-15 23:40:39,2026-09-15 23:40:26,live
WR,00-0036900,Ja'Marr Chase,CIN,HOU,2026_02_CIN_HOU,2026,2,NA,NA,15,20,8.632280912984152,1.4061263865394866,-4.725353299978176,7.498737205506808,-6.655962477529913,9.152398431704546,0.404,0.192,0.40593364172042923,0.22448979591836735,strat_platt,iso,0.40593364172042923,0.22448979591836735,NA,NA,NA,2026-09-20T17:00:00Z,2026-09-15 23:40:39,2026-09-15 23:40:26,live
WR,00-0031381,Davante Adams,LA,NYG,2026_02_NYG_LA,2026,2,NA,NA,15,20,7.755330803526324,2.025159046680262,-3.8197005826550567,7.832966759284532,-5.660062162374353,9.409326502080926,0.381,0.1895,0.3819450633508525,0.22448979591836735,strat_platt,iso,0.3819450633508525,0.22448979591836735,NA,NA,NA,2026-09-22T00:15:00Z,2026-09-15 23:40:39,2026-09-15 23:40:26,live
WR,00-0039067,Rashee Rice,KC,IND,2026_02_IND_KC,2026,2,NA,NA,15,20,7.4026100426970896,1.9354546910270438,-3.789080091433246,7.6237003237840355,-5.591555179548364,9.16760843271741,0.3685,0.173,0.36891497943706775,0.22264875239923224,strat_platt,iso,0.36891497943706775,0.22264875239923224,NA,NA,NA,2026-09-21T00:20:00Z,2026-09-15 23:40:39,2026-09-15 23:40:26,live
WR,00-0039894,Xavier Worthy,KC,IND,2026_02_IND_KC,2026,2,NA,NA,15,20,7.151413369053852,2.193852531398339,-3.4430448397274263,7.79501630663616,-5.217925676655291,9.315288589227826,0.357,0.15,0.3569335041688595,0.1778975741239892,strat_platt,iso,0.3569335041688595,0.1778975741239892,NA,NA,NA,2026-09-21T00:20:00Z,2026-09-15 23:40:39,2026-09-15 23:40:26,live
WR,00-0035676,A.J. Brown,NE,PIT,2026_02_PIT_NE,2026,2,NA,NA,15,20,6.7734977853875336,1.23516395759339,-4.266615644765157,6.702066506844272,-5.998952166491929,8.185897501752638,0.2615,0.091,0.34984238126676254,0.20536717428087986,strat_platt,iso,0.2578423812667625,0.11336717428087986,role_change_up,0.92,A.J. Brown's six-week absence creates immediate opportunity for these three receivers to assume elevated snap counts and target share in the Patriots' passing game.,2026-09-20T17:00:00Z,2026-09-15 23:40:39,2026-09-15 23:40:26,live
WR,00-0039491,Jalen Coker,CAR,ATL,2026_02_CAR_ATL,2026,2,NA,NA,15,20,6.98165326254724,2.2636719952540085,-3.313031518722102,7.805023496121622,-5.068959212365337,9.309061484103694,0.3485,0.1545,0.3480822099612752,0.1778975741239892,strat_platt,iso,0.3480822099612752,0.1778975741239892,NA,NA,NA,2026-09-20T17:00:00Z,2026-09-15 23:40:39,2026-09-15 23:40:26,live
WR,00-0035640,DK Metcalf,PIT,NE,2026_02_PIT_NE,2026,2,NA,NA,15,20,8.52834854641249,0.7161134248245403,-5.382265771305284,6.775833585066609,-7.302452650522618,8.420567602772918,0.348,0.1525,0.34756167970439467,0.1778975741239892,strat_platt,iso,0.34756167970439467,0.1778975741239892,NA,NA,NA,2026-09-20T17:00:00Z,2026-09-15 23:40:39,2026-09-15 23:40:26,live
WR,00-0038621,DeMario Douglas,NE,PIT,2026_02_PIT_NE,2026,2,NA,NA,15,20,6.523268413516587,1.6317434862120377,-3.7782619975292944,7.00745369420508,-5.481701749679594,8.466533192038527,0.265,0.0965,0.34645588480953105,0.19836717428087985,strat_platt,iso,0.261455884809531,0.11336717428087986,role_change_up,0.85,A.J. Brown's ankle injury creates expanded opportunity for Douglas as primary receiver for New England.,2026-09-20T17:00:00Z,2026-09-15 23:40:39,2026-09-15 23:40:26,live
WR,00-0033921,Chris Godwin Jr.,TB,CLE,2026_02_CLE_TB,2026,2,NA,NA,15,20,6.453535231583539,1.5534897196793114,-3.8305947339217044,6.903443216935967,-5.525872772874042,8.355531808058853,0.2505,0.0915,0.33149760538473055,0.19836717428087985,strat_platt,iso,0.24649760538473056,0.11336717428087986,role_change_up,0.85,McMillan's Week 1 absence elevates opportunity for Godwin Jr and other receivers in Tampa Bay's pass-catching hierarchy.,2026-09-20T17:00:00Z,2026-09-15 23:40:39,2026-09-15 23:40:26,live
WR,00-0038124,Christian Watson,GB,NYJ,2026_02_GB_NYJ,2026,2,NA,NA,15,20,6.8210361262072325,2.409384668102606,-3.1096169755499274,7.893400084145361,-4.847376173804758,9.381875866834147,0.327,0.1305,0.32571480753549864,0.1778975741239892,strat_platt,iso,0.32571480753549864,0.1778975741239892,NA,NA,NA,2026-09-20T17:00:00Z,2026-09-15 23:40:39,2026-09-15 23:40:26,live
WR,00-0035719,Deebo Samuel Sr.,SF,MIA,2026_02_MIA_SF,2026,2,NA,NA,15,20,7.075523584747159,1.3872277121477845,-4.222859312248183,6.961751097643241,-5.989298418289503,8.474792624672677,0.3265,0.1255,0.3251950451478582,0.1743119266055046,strat_platt,iso,0.3251950451478582,0.1743119266055046,NA,NA,NA,2026-09-20T20:25:00Z,2026-09-15 23:40:39,2026-09-15 23:40:26,live
WR,00-0038544,Quentin Johnston,LAC,LV,2026_02_LV_LAC,2026,2,NA,NA,15,20,6.908308391098048,1.9375884382462543,-3.612857960837151,7.452849274144052,-5.360518118815325,8.949805713294548,0.3165,0.124,0.31480421108181056,0.14439140811455847,strat_platt,iso,0.31480421108181056,0.14439140811455847,NA,NA,NA,2026-09-20T20:05:00Z,2026-09-15 23:40:39,2026-09-15 23:40:26,live
WR,00-0031588,Stefon Diggs,WAS,DAL,2026_02_WAS_DAL,2026,2,NA,NA,15,20,7.062596803636,2.0502439528117002,-3.5552604697238706,7.620213786619615,-5.320256659265247,9.132019385064257,0.3075,0.123,0.3054601619742929,0.14439140811455847,strat_platt,iso,0.3054601619742929,0.14439140811455847,NA,NA,NA,2026-09-20T20:25:00Z,2026-09-15 23:40:39,2026-09-15 23:40:26,live
WR,00-0038117,Wan'Dale Robinson,TEN,PHI,2026_02_PHI_TEN,2026,2,NA,NA,15,20,8.568750319622113,-0.025195195393453444,-6.136467958026789,6.047336796052607,-8.06071461385527,7.695548211073164,0.307,0.1335,0.3049412765534536,0.1778975741239892,strat_platt,iso,0.3049412765534536,0.1778975741239892,NA,NA,NA,2026-09-20T17:00:00Z,2026-09-15 23:40:39,2026-09-15 23:40:26,live
WR,00-0034827,DJ Moore,BUF,DET,2026_02_DET_BUF,2026,2,NA,NA,15,20,6.719774540709562,2.0701124592569196,-3.4121237905530233,7.517595545790126,-5.138306728199034,8.996155694835526,0.304,0.1325,0.30182848985032046,0.1778975741239892,strat_platt,iso,0.30182848985032046,0.1778975741239892,NA,NA,NA,2026-09-18T00:15:00Z,2026-09-15 23:40:39,2026-09-15 23:40:26,live
WR,00-0033555,Mack Hollins,NE,PIT,2026_02_PIT_NE,2026,2,NA,NA,15,20,5.927438402391716,1.8137594619198296,-3.3695637779710355,6.964224417223219,-5.001628455467165,8.362167671199042,0.2335,0.0805,0.3010034168351981,0.15768075117370892,strat_platt,iso,0.2290034168351981,0.08568075117370892,role_change_up,0.72,"Hollins led team in targets (5) and receiving yards with A.J. Brown out, indicating a temporary but measurable increase in opportunity and snap share.",2026-09-20T17:00:00Z,2026-09-15 23:40:39,2026-09-15 23:40:26,live
WR,00-0040735,Luther Burden III,CHI,MIN,2026_02_MIN_CHI,2026,2,NA,NA,15,20,6.705475019689877,1.9235578154449948,-3.5534620274751436,7.365857563097892,-5.278002483447857,8.843010846222704,0.303,0.1185,0.30079109749345095,0.14439140811455847,strat_platt,iso,0.30079109749345095,0.14439140811455847,NA,NA,NA,2026-09-20T17:00:00Z,2026-09-15 23:40:39,2026-09-15 23:40:26,live
WR,00-0038559,Michael Wilson,ARI,SEA,2026_02_SEA_ARI,2026,2,NA,NA,15,20,7.3086261098419065,1.2073433703685548,-4.484597809004308,6.863202018424898,-6.276810201576549,8.398319626467227,0.299,0.1175,0.2966425700627347,0.14439140811455847,strat_platt,iso,0.2966425700627347,0.14439140811455847,NA,NA,NA,2026-09-20T20:25:00Z,2026-09-15 23:40:39,2026-09-15 23:40:26,live
WR,00-0033307,Kendrick Bourne,ARI,SEA,2026_02_SEA_ARI,2026,2,NA,NA,15,20,6.65540013579036,0.743700614168402,-4.7150034520739155,6.167800693087101,-6.433776848811981,7.640014207792487,0.2165,0.067,0.29656166391093675,0.1531265206812652,strat_platt,iso,0.21156166391093673,0.0681265206812652,role_change_up,0.85,"Bourne significantly outperformed expectations with 8 targets (team lead tied with TE) in season opener, suggesting elevated target share and role that differs from typical WR3 projection.",2026-09-20T20:25:00Z,2026-09-15 23:40:39,2026-09-15 23:40:26,live
WR,00-0038606,Parker Washington,JAX,DEN,2026_02_JAX_DEN,2026,2,NA,NA,15,20,6.920232483699897,1.5226748055948893,-4.032050822102194,7.0421877430866715,-5.781058373932552,8.540298291000186,0.2985,0.1025,0.2961241233795936,0.14439140811455847,strat_platt,iso,0.2961241233795936,0.14439140811455847,NA,NA,NA,2026-09-20T20:05:00Z,2026-09-15 23:40:39,2026-09-15 23:40:26,live
WR,00-0040727,Tre Harris,LAC,LV,2026_02_LV_LAC,2026,2,NA,NA,15,20,6.764373264751113,1.907523518231965,-3.5909428413243614,7.3711338280928915,-5.322236127602521,8.854071240793512,0.2955,0.108,0.29301401271691174,0.14439140811455847,strat_platt,iso,0.29301401271691174,0.14439140811455847,NA,NA,NA,2026-09-20T20:05:00Z,2026-09-15 23:40:39,2026-09-15 23:40:26,live
WR,00-0034348,Courtland Sutton,DEN,JAX,2026_02_JAX_DEN,2026,2,NA,NA,15,20,6.698587155106736,1.8390961541630666,-3.635408828144608,7.278896983486447,-5.3591574339886545,8.755372008230452,0.293,0.11,0.2904230132144639,0.14439140811455847,strat_platt,iso,0.2904230132144639,0.14439140811455847,NA,NA,NA,2026-09-20T20:05:00Z,2026-09-15 23:40:39,2026-09-15 23:40:26,live
WR,00-0037261,Khalil Shakir,BUF,DET,2026_02_DET_BUF,2026,2,NA,NA,15,20,6.46237698646577,1.5944984689164987,-3.7928811659383865,6.947726258511091,-5.489196753328567,8.40070356063873,0.267,0.087,0.2635215333439581,0.10204081632653061,strat_platt,iso,0.2635215333439581,0.10204081632653061,NA,NA,NA,2026-09-18T00:15:00Z,2026-09-15 23:40:39,2026-09-15 23:40:26,live
WR,00-0038393,Dontayvion Wicks,PHI,TEN,2026_02_PHI_TEN,2026,2,NA,NA,15,20,6.426245880618459,1.9429120025170383,-3.4309863678421,7.282743988468875,-5.123057131096646,8.732085391023077,0.2585,0.0985,0.25474652328479486,0.136986301369863,strat_platt,iso,0.25474652328479486,0.136986301369863,NA,NA,NA,2026-09-20T17:00:00Z,2026-09-15 23:40:39,2026-09-15 23:40:26,live
WR,00-0039915,Ladd McConkey,LAC,LV,2026_02_LV_LAC,2026,2,NA,NA,15,20,6.537065750575162,1.4383816154413478,-3.976734387486504,6.819169945858052,-5.681783280618751,8.27962775167857,0.256,0.09,0.25216767427128134,0.11336717428087986,strat_platt,iso,0.25216767427128134,0.11336717428087986,NA,NA,NA,2026-09-20T20:05:00Z,2026-09-15 23:40:39,2026-09-15 23:40:26,live
WR,00-0038618,Xavier Hutchinson,HOU,CIN,2026_02_CIN_HOU,2026,2,NA,NA,15,20,6.509633131181157,1.6629159685715964,-3.7420331436351253,7.0336018585384,-5.443880804187814,8.491317652016695,0.2535,0.089,0.24958978347614025,0.10204081632653061,strat_platt,iso,0.24958978347614025,0.10204081632653061,NA,NA,NA,2026-09-20T17:00:00Z,2026-09-15 23:40:39,2026-09-15 23:40:26,live
WR,00-0036613,Jaylen Waddle,DEN,JAX,2026_02_JAX_DEN,2026,2,NA,NA,15,20,6.649845627499917,1.4704265374881684,-3.9862411788658836,6.892503175411421,-5.704373393379757,8.364167486168435,0.253,0.0965,0.24907432192441453,0.11336717428087986,strat_platt,iso,0.24907432192441453,0.11336717428087986,NA,NA,NA,2026-09-20T20:05:00Z,2026-09-15 23:40:39,2026-09-15 23:40:26,live
WR,00-0039855,Jalen McMillan,TB,CLE,2026_02_CLE_TB,2026,2,NA,NA,15,20,6.1676679589338415,1.6209606673260315,-3.655208788680674,6.863683265111936,-5.316507805373643,8.286667161059965,0.2525,0.089,0.24855889958809566,0.10204081632653061,strat_platt,iso,0.24855889958809566,0.10204081632653061,NA,NA,NA,2026-09-20T17:00:00Z,2026-09-15 23:40:39,2026-09-15 23:40:26,live
WR,00-0039424,Devaughn Vele,NO,BAL,2026_02_NO_BAL,2026,2,NA,NA,15,20,6.585401362978999,1.2334893996082275,-4.199483157511336,6.632021087390548,-5.9101545152303565,8.097294809239502,0.251,0.091,0.24701286936460426,0.11336717428087986,strat_platt,iso,0.24701286936460426,0.11336717428087986,NA,NA,NA,2026-09-20T17:00:00Z,2026-09-15 23:40:39,2026-09-15 23:40:26,live
WR,00-0036410,Tee Higgins,CIN,HOU,2026_02_CIN_HOU,2026,2,NA,NA,15,20,6.629362744236889,1.5913191763171732,-3.857831124518509,7.005926053357323,-5.573596342461693,8.475562915733274,0.25,0.087,0.24598238136947376,0.10204081632653061,strat_platt,iso,0.24598238136947376,0.10204081632653061,NA,NA,NA,2026-09-20T17:00:00Z,2026-09-15 23:40:39,2026-09-15 23:40:26,live
WR,00-0038608,Kayshon Boutte,HOU,CIN,2026_02_CIN_HOU,2026,2,NA,NA,15,20,5.135109190163969,1.711503295691049,-3.1498803369703516,6.542069493379159,-4.680576406542803,7.853185574654185,0.1765,0.0555,0.2407695004756773,0.1379012345679012,strat_platt,iso,0.17076950047567732,0.06790123456790123,role_change_up,0.7,"Boutte was acquired mid-preseason to address receiver depth for Houston, signaling an opportunity increase despite limited targets in debut.",2026-09-20T17:00:00Z,2026-09-15 23:40:39,2026-09-15 23:40:26,live
WR,00-0037664,Alec Pierce,IND,KC,2026_02_IND_KC,2026,2,NA,NA,15,20,6.4747981574048215,1.55234779774887,-3.8396568001866633,6.910171231713685,-5.537428642286286,8.364395887255196,0.242,0.0815,0.2377443566161387,0.08568075117370892,strat_platt,iso,0.2377443566161387,0.08568075117370892,NA,NA,NA,2026-09-21T00:20:00Z,2026-09-15 23:40:39,2026-09-15 23:40:26,live
WR,00-0039880,Malik Washington,MIA,SF,2026_02_MIA_SF,2026,2,NA,NA,15,20,7.634523097962529,-0.1561585981702724,-5.960154154222952,5.611044087961134,-7.787648928710048,7.176382782497254,0.2405,0.0855,0.23620092133928275,0.10204081632653061,strat_platt,iso,0.23620092133928275,0.10204081632653061,NA,NA,NA,2026-09-20T20:25:00Z,2026-09-15 23:40:39,2026-09-15 23:40:26,live
WR,00-0039410,Ryan Flournoy,DAL,WAS,2026_02_WAS_DAL,2026,2,NA,NA,15,20,5.838458500587651,1.7111357823411657,-3.4372703980176054,6.826905025426909,-5.058340796965603,8.215431141870981,0.2325,0.0745,0.22797591653714175,0.08568075117370892,strat_platt,iso,0.22797591653714175,0.08568075117370892,NA,NA,NA,2026-09-20T20:25:00Z,2026-09-15 23:40:39,2026-09-15 23:40:26,live
WR,00-0036550,Rashod Bateman,BAL,NO,2026_02_NO_BAL,2026,2,NA,NA,15,20,5.6110075139924245,0.39308726127122606,-4.664703232798979,5.418815251857376,-6.257241615900372,6.782902300643736,0.1555,0.0445,0.2215206316555382,0.12399698568198944,strat_platt,iso,0.14952063165553822,0.05199698568198945,role_change_up,0.72,"Bateman could see increased targets if Zay Flowers or Ja'Kobi Lane miss time, implying a potential role expansion in the Ravens' passing attack.",2026-09-20T17:00:00Z,2026-09-15 23:40:39,2026-09-15 23:40:26,live
WR,00-0038104,Tyquan Thornton,KC,IND,2026_02_IND_KC,2026,2,NA,NA,15,20,5.469841373287772,2.053116557194977,-2.9474084840404537,7.021942113893694,-4.52191578582838,8.37058465926569,0.2245,0.069,0.2197625996396576,0.08280254777070063,strat_platt,iso,0.2197625996396576,0.08280254777070063,NA,NA,NA,2026-09-21T00:20:00Z,2026-09-15 23:40:39,2026-09-15 23:40:26,live
WR,00-0041523,Caleb Douglas,MIA,SF,2026_02_MIA_SF,2026,2,NA,NA,15,20,7.086771658994657,0.16135842058486413,-5.4527123301433775,5.739840278650194,-7.220405785707352,7.253956217421701,0.2245,0.0875,0.2197625996396576,0.10204081632653061,strat_platt,iso,0.2197625996396576,0.10204081632653061,NA,NA,NA,2026-09-20T20:25:00Z,2026-09-15 23:40:39,2026-09-15 23:40:26,live
WR,00-0035659,Terry McLaurin,WAS,DAL,2026_02_WAS_DAL,2026,2,NA,NA,15,20,6.11272923494326,1.6531748678557048,-3.6019402810761383,6.874976626687803,-5.25660996185936,8.292282172052575,0.2215,0.0785,0.21668575956949335,0.08568075117370892,strat_platt,iso,0.21668575956949335,0.08568075117370892,NA,NA,NA,2026-09-20T20:25:00Z,2026-09-15 23:40:39,2026-09-15 23:40:26,live
WR,00-0041042,Malachi Fields,NYG,LA,2026_02_NYG_LA,2026,2,NA,NA,15,20,6.565181329205454,0.9888567628701425,-4.436654786621715,6.379974740077361,-6.1449769088321355,7.843236226763988,0.2165,0.077,0.21156166391093673,0.08568075117370892,strat_platt,iso,0.21156166391093673,0.08568075117370892,NA,NA,NA,2026-09-22T00:15:00Z,2026-09-15 23:40:39,2026-09-15 23:40:26,live
WR,00-0032398,Chris Moore,BAL,NO,2026_02_NO_BAL,2026,2,NA,NA,15,20,4.821875478830326,1.4953247159187444,-3.2312334671069647,6.191920153672871,-4.719477263534555,7.466673785789423,0.1565,0.0435,0.21001987531371424,0.13699698568198945,strat_platt,iso,0.12501987531371425,0.05199698568198945,role_change_up,0.85,Injuries to Zay Flowers and Ja'Kobi Lane create legitimate opportunity for increased targets for Moore in upcoming weeks.,2026-09-20T17:00:00Z,2026-09-15 23:40:39,2026-09-15 23:40:26,live
WR,00-0040867,Makai Lemon,PHI,TEN,2026_02_PHI_TEN,2026,2,NA,NA,15,20,6.2393938585502235,0.8565525392220905,-4.446949093881464,6.12643404911405,-6.116854149351937,7.556789438372578,0.2135,0.0685,0.2084896521418165,0.08280254777070063,strat_platt,iso,0.2084896521418165,0.08280254777070063,NA,NA,NA,2026-09-20T17:00:00Z,2026-09-15 23:40:39,2026-09-15 23:40:26,live
WR,00-0036252,Michael Pittman,PIT,NE,2026_02_PIT_NE,2026,2,NA,NA,15,20,6.316692597202575,1.232231414945293,-4.100532136049389,6.531189344664465,-5.779650844687073,7.969436678689138,0.213,0.0695,0.2079778321167638,0.08280254777070063,strat_platt,iso,0.2079778321167638,0.08280254777070063,NA,NA,NA,2026-09-20T17:00:00Z,2026-09-15 23:40:39,2026-09-15 23:40:26,live
WR,00-0041035,De'Zhaun Stribling,SF,MIA,2026_02_MIA_SF,2026,2,NA,NA,15,20,5.4326130946889934,1.5682370674932622,-3.4170500937550647,6.521921340649657,-4.986759468704186,7.866454226919377,0.2115,0.067,0.2064426876294293,0.0681265206812652,strat_platt,iso,0.2064426876294293,0.0681265206812652,NA,NA,NA,2026-09-20T20:25:00Z,2026-09-15 23:40:39,2026-09-15 23:40:26,live
WR,00-0030279,Keenan Allen,IND,KC,2026_02_IND_KC,2026,2,NA,NA,15,20,6.404963656065197,0.7042704993001687,-4.6616674042959385,6.036192481728528,-6.351231668144786,7.483386944897544,0.21,0.0655,0.20490802044540593,0.0681265206812652,strat_platt,iso,0.20490802044540593,0.0681265206812652,NA,NA,NA,2026-09-21T00:20:00Z,2026-09-15 23:40:39,2026-09-15 23:40:26,live
WR,00-0034960,Jakobi Meyers,JAX,DEN,2026_02_JAX_DEN,2026,2,NA,NA,15,20,5.981693249599728,1.3237444867430677,-3.8807270473726314,6.495223672343958,-5.5194506543617186,7.898870625255084,0.21,0.065,0.20490802044540593,0.0681265206812652,strat_platt,iso,0.20490802044540593,0.0681265206812652,NA,NA,NA,2026-09-20T20:05:00Z,2026-09-15 23:40:39,2026-09-15 23:40:26,live
WR,00-0038563,Tre Tucker,LV,LAC,2026_02_LV_LAC,2026,2,NA,NA,15,20,6.336490802419125,0.8544563984294513,-4.4857699822780175,6.160829849258187,-6.167238500141311,7.6010899098618765,0.209,0.0635,0.20388517666573064,0.0681265206812652,strat_platt,iso,0.20388517666573064,0.0681265206812652,NA,NA,NA,2026-09-20T20:05:00Z,2026-09-15 23:40:39,2026-09-15 23:40:26,live
WR,00-0038997,Josh Downs,IND,KC,2026_02_IND_KC,2026,2,NA,NA,15,20,6.000926428064007,1.1297015059537527,-4.082241548306128,6.308604848004948,-5.723317700863023,7.714266871306074,0.208,0.067,0.20286254879677962,0.0681265206812652,strat_platt,iso,0.20286254879677962,0.0681265206812652,NA,NA,NA,2026-09-21T00:20:00Z,2026-09-15 23:40:39,2026-09-15 23:40:26,live
WR,00-0040134,Pat Bryant,DEN,JAX,2026_02_JAX_DEN,2026,2,NA,NA,15,20,6.062233674466989,1.0974946715131615,-4.138176428217706,6.29997564146833,-5.7867237924060095,7.712037123101694,0.207,0.0715,0.2018401383665087,0.08280254777070063,strat_platt,iso,0.2018401383665087,0.08280254777070063,NA,NA,NA,2026-09-20T20:05:00Z,2026-09-15 23:40:39,2026-09-15 23:40:26,live
WR,00-0039146,Jayden Reed,GB,NYJ,2026_02_GB_NYJ,2026,2,NA,NA,15,20,5.8946558068934944,1.386129508562086,-3.784363296218669,6.523845363850385,-5.412388075184264,7.91832824706065,0.2065,0.0725,0.20132901517110255,0.08280254777070063,strat_platt,iso,0.20132901517110255,0.08280254777070063,NA,NA,NA,2026-09-20T17:00:00Z,2026-09-15 23:40:39,2026-09-15 23:40:26,live
WR,00-0033908,Cooper Kupp,SEA,ARI,2026_02_SEA_ARI,2026,2,NA,NA,15,20,5.832095229103706,1.3601544084939745,-3.7857434853298093,6.4734312656530815,-5.406024104118375,7.861280896746282,0.2055,0.073,0.20030693378574216,0.08280254777070063,strat_platt,iso,0.20030693378574216,0.08280254777070063,NA,NA,NA,2026-09-20T20:25:00Z,2026-09-15 23:40:39,2026-09-15 23:40:26,live
WR,00-0039890,Adonai Mitchell,NYJ,GB,2026_02_GB_NYJ,2026,2,NA,NA,15,20,6.105713877207315,1.0178642295890634,-4.234554881811261,6.236987041694976,-5.888375665579815,7.653565465229751,0.202,0.0635,0.19673140198364322,0.0681265206812652,strat_platt,iso,0.19673140198364322,0.0681265206812652,NA,NA,NA,2026-09-20T17:00:00Z,2026-09-15 23:40:39,2026-09-15 23:40:26,live
WR,00-0039893,Brian Thomas Jr.,JAX,DEN,2026_02_JAX_DEN,2026,2,NA,NA,15,20,5.933156842702032,1.121088403305288,-4.064468892993824,6.27377325281676,-5.697237004249086,7.672319032226627,0.196,0.06,0.19060842190754848,0.06790123456790123,strat_platt,iso,0.19060842190754848,0.06790123456790123,NA,NA,NA,2026-09-20T20:05:00Z,2026-09-15 23:40:39,2026-09-15 23:40:26,live
WR,00-0036040,Juwan Johnson,NO,BAL,2026_02_NO_BAL,2026,2,NA,NA,15,20,5.826534907908789,1.1681530160124238,-3.975551860195764,6.279250757601703,-5.595141967044037,7.6665089314309665,0.1955,0.0635,0.19009855313365387,0.0681265206812652,strat_platt,iso,0.19009855313365387,0.0681265206812652,NA,NA,NA,2026-09-20T17:00:00Z,2026-09-15 23:40:39,2026-09-15 23:40:26,live
WR,00-0037816,Romeo Doubs,NE,PIT,2026_02_PIT_NE,2026,2,NA,NA,15,20,5.643229056983276,1.5862206486126047,-3.484528777646654,6.624825421720092,-5.081147518947794,7.992407496958401,0.1845,0.055,0.1788968348564313,0.057534246575342465,strat_platt,iso,0.1788968348564313,0.057534246575342465,NA,NA,NA,2026-09-20T17:00:00Z,2026-09-15 23:40:39,2026-09-15 23:40:26,live
WR,00-0041438,Carnell Tate,TEN,PHI,2026_02_PHI_TEN,2026,2,NA,NA,15,20,6.700565996704492,0.08533871012334017,-5.389888922716241,5.525857608929803,-7.113865068374556,7.00252753265836,0.1825,0.0515,0.17686342498549004,0.057534246575342465,strat_platt,iso,0.17686342498549004,0.057534246575342465,NA,NA,NA,2026-09-20T17:00:00Z,2026-09-15 23:40:39,2026-09-15 23:40:26,live
WR,00-0039919,Rome Odunze,CHI,MIN,2026_02_MIN_CHI,2026,2,NA,NA,15,20,6.087166103723963,1.726881142281371,-3.5184017016213547,6.938912925339513,-5.169975500285379,8.35356669618621,0.2525,0.0835,0.17355889958809564,0.027040816326530603,strat_platt,iso,0.24855889958809566,0.10204081632653061,role_change_down,0.75,"Elevation of backup WR Kaden Davis suggests potential absence or reduced role for Rome Odunze, who is listed as questionable for Week 1.",2026-09-20T17:00:00Z,2026-09-15 23:40:39,2026-09-15 23:40:26,live
WR,00-0038976,Marvin Mims Jr.,DEN,JAX,2026_02_JAX_DEN,2026,2,NA,NA,15,20,5.401671925669721,1.3711457196749663,-3.6014329265714604,6.3122020400447205,-5.16714079177903,7.653307437425028,0.179,0.0455,0.17330747132154792,0.05199698568198945,strat_platt,iso,0.17330747132154792,0.05199698568198945,NA,NA,NA,2026-09-20T20:05:00Z,2026-09-15 23:40:39,2026-09-15 23:40:26,live
WR,00-0041037,Denzel Boston,CLE,TB,2026_02_CLE_TB,2026,2,NA,NA,15,20,6.410435520403164,0.2639465515096745,-5.104039460053333,5.597903658474936,-6.79424860837374,7.045650496748346,0.178,0.0565,0.17229208124605994,0.06790123456790123,strat_platt,iso,0.17229208124605994,0.06790123456790123,NA,NA,NA,2026-09-20T17:00:00Z,2026-09-15 23:40:39,2026-09-15 23:40:26,live
WR,00-0037291,Jalen Nailor,LV,LAC,2026_02_LV_LAC,2026,2,NA,NA,15,20,6.318149688314976,0.5187040153522646,-4.8146092191683545,5.818208144026397,-6.493901005776477,7.256603727801538,0.1765,0.0585,0.17076950047567732,0.06790123456790123,strat_platt,iso,0.17076950047567732,0.06790123456790123,NA,NA,NA,2026-09-20T20:05:00Z,2026-09-15 23:40:39,2026-09-15 23:40:26,live
WR,00-0040876,Elijah Sarratt,BAL,NO,2026_02_NO_BAL,2026,2,NA,NA,15,20,5.112368722014643,1.325971406151905,-3.5257798482122027,6.146966287416099,-5.05344298627494,7.4554845144502755,0.1725,0.0575,0.16671228999318272,0.06790123456790123,strat_platt,iso,0.16671228999318272,0.06790123456790123,NA,NA,NA,2026-09-20T17:00:00Z,2026-09-15 23:40:39,2026-09-15 23:40:26,live
WR,00-0039739,Roman Wilson,PIT,NE,2026_02_PIT_NE,2026,2,NA,NA,15,20,6.172546223714833,0.3342716458482009,-4.943762296812948,5.578846910876511,-6.605648381429245,7.002333659226381,0.172,0.0525,0.16620545041841284,0.057534246575342465,strat_platt,iso,0.16620545041841284,0.057534246575342465,NA,NA,NA,2026-09-20T17:00:00Z,2026-09-15 23:40:39,2026-09-15 23:40:26,live
WR,00-0040669,Isaac TeSlaa,DET,BUF,2026_02_DET_BUF,2026,2,NA,NA,15,20,5.496270704496982,1.0671775932001897,-3.9441304304219615,6.046717776466866,-5.522032952584337,7.398268494219325,0.172,0.0465,0.16620545041841284,0.05199698568198945,strat_platt,iso,0.16620545041841284,0.05199698568198945,NA,NA,NA,2026-09-18T00:15:00Z,2026-09-15 23:40:39,2026-09-15 23:40:26,live
WR,00-0041547,KC Concepcion,CLE,TB,2026_02_CLE_TB,2026,2,NA,NA,15,20,6.640979225757063,0.07534736322020213,-5.3780678726086215,5.494192138844365,-7.0951759837946105,6.964979254991185,0.1715,0.053,0.16569868094723886,0.057534246575342465,strat_platt,iso,0.16569868094723886,0.057534246575342465,NA,NA,NA,2026-09-20T17:00:00Z,2026-09-15 23:40:39,2026-09-15 23:40:26,live
WR,00-0039792,Devontez Walker,BAL,NO,2026_02_NO_BAL,2026,2,NA,NA,15,20,5.112368722014643,1.4837582794614566,-3.367992974902651,6.30475316072565,-4.895656112965389,7.613271387759827,0.17,0.043,0.16417879567722185,0.05199698568198945,strat_platt,iso,0.16417879567722185,0.05199698568198945,NA,NA,NA,2026-09-20T17:00:00Z,2026-09-15 23:40:39,2026-09-15 23:40:26,live
WR,00-0032775,Demarcus Robinson,SF,MIA,2026_02_MIA_SF,2026,2,NA,NA,15,20,5.031378077337643,1.4566792615029494,-3.3605721868453537,6.243393038999263,-4.877372426305602,7.542606661853615,0.168,0.053,0.16215327882653752,0.057534246575342465,strat_platt,iso,0.16215327882653752,0.057534246575342465,NA,NA,NA,2026-09-20T20:25:00Z,2026-09-15 23:40:39,2026-09-15 23:40:26,live
WR,00-0041048,Ted Hurst III,TB,CLE,2026_02_CLE_TB,2026,2,NA,NA,15,20,5.104060826961475,1.5591288341202836,-3.2890974634912222,6.376621104147826,-4.815650704073257,7.684188649681969,0.1635,0.0505,0.15760011225653453,0.057534246575342465,strat_platt,iso,0.15760011225653453,0.057534246575342465,NA,NA,NA,2026-09-20T17:00:00Z,2026-09-15 23:40:39,2026-09-15 23:40:26,live
WR,00-0040870,Ja'Kobi Lane,BAL,NO,2026_02_NO_BAL,2026,2,NA,NA,15,20,5.148551430375707,1.348329588759805,-3.518736798422677,6.18454251667403,-5.0512221877993335,7.497191237913627,0.1625,0.047,0.1565891104845131,0.05199698568198945,strat_platt,iso,0.1565891104845131,0.05199698568198945,NA,NA,NA,2026-09-20T17:00:00Z,2026-09-15 23:40:39,2026-09-15 23:40:26,live
WR,00-0038994,Jordan Addison,MIN,CHI,2026_02_MIN_CHI,2026,2,NA,NA,15,20,5.746914459148251,0.5877872003321433,-4.524387142604382,5.667554287991157,-6.134049280998119,7.046308671058895,0.162,0.046,0.1560837220829063,0.05199698568198945,strat_platt,iso,0.1560837220829063,0.05199698568198945,NA,NA,NA,2026-09-20T17:00:00Z,2026-09-15 23:40:39,2026-09-15 23:40:26,live
WR,00-0036309,Darnell Mooney,NYG,LA,2026_02_NYG_LA,2026,2,NA,NA,15,20,5.244594031054957,0.8928470309754214,-4.01458504916689,5.7691697643878115,-5.559780319562617,7.092705120620761,0.1505,0.043,0.1444811581796049,0.05199698568198945,strat_platt,iso,0.1444811581796049,0.05199698568198945,NA,NA,NA,2026-09-22T00:15:00Z,2026-09-15 23:40:39,2026-09-15 23:40:26,live
WR,00-0041099,Barion Brown,NO,BAL,2026_02_NO_BAL,2026,2,NA,NA,15,20,5.656232375282029,0.7492383430699356,-4.3267291937761225,5.793028147954599,-5.9249909531909,7.162017548600895,0.1485,0.04,0.14246764884430468,0.043859649122807015,strat_platt,iso,0.14246764884430468,0.043859649122807015,NA,NA,NA,2026-09-20T17:00:00Z,2026-09-15 23:40:39,2026-09-15 23:40:26,live
WR,00-0040948,J. Michael Sturdivant,GB,NYJ,2026_02_GB_NYJ,2026,2,NA,NA,15,20,5.068441077207397,1.0399256554055474,-3.7931514503626853,5.842364767819946,-5.314934689199557,7.145846573460906,0.1475,0.047,0.14146139260047233,0.05199698568198945,strat_platt,iso,0.14146139260047233,0.05199698568198945,NA,NA,NA,2026-09-20T17:00:00Z,2026-09-15 23:40:39,2026-09-15 23:40:26,live
WR,00-0036407,Jerry Jeudy,CLE,TB,2026_02_CLE_TB,2026,2,NA,NA,15,20,6.263891906003973,-0.3873010584564289,-5.700098175834104,4.891817009485388,-7.372930085533397,6.324679392603269,0.145,0.043,0.13894722600457138,0.05199698568198945,strat_platt,iso,0.13894722600457138,0.05199698568198945,NA,NA,NA,2026-09-20T17:00:00Z,2026-09-15 23:40:39,2026-09-15 23:40:26,live
WR,00-0040563,Efton Chism III,NE,PIT,2026_02_PIT_NE,2026,2,NA,NA,15,20,5.0489187046490995,0.9415196938179289,-3.8832294956137767,5.73568368248317,-5.402390536786921,7.036919447519769,0.1445,0.0375,0.13844464794206887,0.043859649122807015,strat_platt,iso,0.13844464794206887,0.043859649122807015,NA,NA,NA,2026-09-20T17:00:00Z,2026-09-15 23:40:39,2026-09-15 23:40:26,live
WR,00-0039355,Luke McCaffrey,WAS,DAL,2026_02_WAS_DAL,2026,2,NA,NA,15,20,5.084536231175044,1.3765325896469445,-3.463397104322185,6.1857808501210725,-4.987338006618292,7.491110800090365,0.144,0.0355,0.1379421557233945,0.043859649122807015,strat_platt,iso,0.1379421557233945,0.043859649122807015,NA,NA,NA,2026-09-20T20:25:00Z,2026-09-15 23:40:39,2026-09-15 23:40:26,live
WR,00-0039868,Troy Franklin,DEN,JAX,2026_02_JAX_DEN,2026,2,NA,NA,15,20,4.818179335480406,1.8303955127565839,-2.8945432444911674,6.52538179064723,-4.382277134920674,7.799698663326478,0.177,0.051,0.13533367930941823,0.057534246575342465,strat_platt,iso,0.13533367930941823,0.057534246575342465,NA,NA,NA,2026-09-20T20:05:00Z,2026-09-15 23:40:39,2026-09-15 23:40:26,live
WR,00-0039342,Xavier Legette,CAR,ATL,2026_02_CAR_ATL,2026,2,NA,NA,15,20,5.214294469443357,0.8219031307396025,-4.072838841236303,5.685616201515661,-5.614038397621258,7.005729033186197,0.1395,0.0355,0.13342364353215436,0.043859649122807015,strat_platt,iso,0.13342364353215436,0.043859649122807015,NA,NA,NA,2026-09-20T17:00:00Z,2026-09-15 23:40:39,2026-09-15 23:40:26,live
WR,00-0040172,Jordan Watkins,SF,MIA,2026_02_MIA_SF,2026,2,NA,NA,15,20,4.931568220508635,1.316605045592146,-3.457704853401361,6.060649490144646,-4.960984156069638,7.3482817690508115,0.1705,0.0355,0.13209756859024932,0.043859649122807015,strat_platt,iso,0.13209756859024932,0.043859649122807015,NA,NA,NA,2026-09-20T20:25:00Z,2026-09-15 23:40:39,2026-09-15 23:40:26,live
WR,00-0038619,Andrei Iosivas,CIN,HOU,2026_02_CIN_HOU,2026,2,NA,NA,15,20,5.458584218416957,0.5924334787603691,-4.403489971350454,5.5566866148846685,-5.976548377519262,6.904088110263739,0.1355,0.0345,0.12941324761344336,0.0332425068119891,strat_platt,iso,0.12941324761344336,0.0332425068119891,NA,NA,NA,2026-09-20T17:00:00Z,2026-09-15 23:40:39,2026-09-15 23:40:26,live
WR,00-0037741,Jahan Dotson,ATL,CAR,2026_02_CAR_ATL,2026,2,NA,NA,15,20,5.662505246636898,0.1626062395862783,-4.915876169673507,5.208894974526911,-6.514929782932797,6.578562636736817,0.1325,0.0375,0.12640930688425564,0.043859649122807015,strat_platt,iso,0.12640930688425564,0.043859649122807015,NA,NA,NA,2026-09-20T17:00:00Z,2026-09-15 23:40:39,2026-09-15 23:40:26,live
WR,00-0037742,Treylon Burks,WAS,DAL,2026_02_WAS_DAL,2026,2,NA,NA,15,20,5.103654361145522,0.9438014441105217,-3.904252312718333,5.7611222671313325,-5.430751225660791,7.068643278383901,0.13,0.0315,0.12390861188934475,0.0332425068119891,strat_platt,iso,0.12390861188934475,0.0332425068119891,NA,NA,NA,2026-09-20T20:25:00Z,2026-09-15 23:40:39,2026-09-15 23:40:26,live
WR,00-0041040,Antonio Williams,WAS,DAL,2026_02_WAS_DAL,2026,2,NA,NA,15,20,5.0680306579454415,1.1519556200608863,-3.680946590498281,5.954220945967393,-5.2026747603611065,7.257655582337529,0.1285,0.0405,0.12240934590000754,0.05199698568198945,strat_platt,iso,0.12240934590000754,0.05199698568198945,NA,NA,NA,2026-09-20T20:25:00Z,2026-09-15 23:40:39,2026-09-15 23:40:26,live
WR,00-0040930,Camden Brown,DAL,WAS,2026_02_WAS_DAL,2026,2,NA,NA,15,20,4.991024446843091,1.1054998974500037,-3.6944473173726986,5.875019136958393,-5.2057990005687085,7.1695658047719775,0.15,0.0425,0.12167768385262359,0.05199698568198945,strat_platt,iso,0.12167768385262359,0.05199698568198945,NA,NA,NA,2026-09-20T20:25:00Z,2026-09-15 23:40:39,2026-09-15 23:40:26,live
WR,00-0037545,Rashid Shaheed,SEA,ARI,2026_02_SEA_ARI,2026,2,NA,NA,15,20,5.321951752135203,0.34347685613258144,-4.596171508630198,5.251811647687673,-6.15151066890811,6.584035741950069,0.1275,0.0335,0.1214103213198719,0.0332425068119891,strat_platt,iso,0.1214103213198719,0.0332425068119891,NA,NA,NA,2026-09-20T20:25:00Z,2026-09-15 23:40:39,2026-09-15 23:40:26,live
WR,00-0038359,Xavier Smith,LA,NYG,2026_02_NYG_LA,2026,2,NA,NA,15,20,4.642987120503389,1.787727921790104,-2.8596490336940326,6.4056440801135786,-4.322961163966436,7.659042520249936,0.149,0.0335,0.12116003748074758,0.0332425068119891,strat_platt,iso,0.12116003748074758,0.0332425068119891,NA,NA,NA,2026-09-22T00:15:00Z,2026-09-15 23:40:39,2026-09-15 23:40:26,live
WR,00-0041443,Skyler Bell,BUF,DET,2026_02_DET_BUF,2026,2,NA,NA,15,20,4.926711990201329,1.2573288134833398,-3.514879561854568,5.9992850564246405,-5.017497161139033,7.28635055400511,0.1485,0.0405,0.12090085572539003,0.05199698568198945,strat_platt,iso,0.12090085572539003,0.05199698568198945,NA,NA,NA,2026-09-18T00:15:00Z,2026-09-15 23:40:39,2026-09-15 23:40:26,live
WR,00-0037614,John Metchie III,CAR,ATL,2026_02_CAR_ATL,2026,2,NA,NA,15,20,5.1488467096006305,0.9303772697859575,-3.936813855560835,5.766714145120426,-5.469338521043281,7.07939650826643,0.1265,0.033,0.12041168930829892,0.0332425068119891,strat_platt,iso,0.12041168930829892,0.0332425068119891,NA,NA,NA,2026-09-20T17:00:00Z,2026-09-15 23:40:39,2026-09-15 23:40:26,live
WR,00-0036849,Tutu Atwell,LA,NYG,2026_02_NYG_LA,2026,2,NA,NA,15,20,4.979034179171253,1.2913890430877244,-3.503401665104887,6.05578446425392,-5.013129727326331,7.348940421258242,0.147,0.035,0.1201218571148549,0.0332425068119891,strat_platt,iso,0.1201218571148549,0.0332425068119891,NA,NA,NA,2026-09-22T00:15:00Z,2026-09-15 23:40:39,2026-09-15 23:40:26,live
WR,00-0041399,CJ Daniels,LA,NYG,2026_02_NYG_LA,2026,2,NA,NA,15,20,4.931568220508635,1.2951946623515345,-3.4791152366419724,6.039239106904034,-4.982394539310249,7.3268713858102,0.146,0.041,0.11960129745061006,0.05199698568198945,strat_platt,iso,0.11960129745061006,0.05199698568198945,NA,NA,NA,2026-09-22T00:15:00Z,2026-09-15 23:40:39,2026-09-15 23:40:26,live
WR,00-0039751,Jordan Whittington,LA,NYG,2026_02_NYG_LA,2026,2,NA,NA,15,20,4.8673502943645355,1.4204513157913674,-3.3259752441433577,6.136789180219004,-4.820474964550922,7.416901317329736,0.1435,0.039,0.1182955067086094,0.043859649122807015,strat_platt,iso,0.1182955067086094,0.043859649122807015,NA,NA,NA,2026-09-22T00:15:00Z,2026-09-15 23:40:39,2026-09-15 23:40:26,live
WR,00-0038519,Nikko Remigio,KC,IND,2026_02_IND_KC,2026,2,NA,NA,15,20,4.692711595195918,1.092957324762336,-3.5765960099127874,5.732909281081133,-5.046890781142989,6.992288694861787,0.139,0.044,0.11592869828845201,0.05199698568198945,strat_platt,iso,0.11592869828845201,0.05199698568198945,NA,NA,NA,2026-09-21T00:20:00Z,2026-09-15 23:40:39,2026-09-15 23:40:26,live
WR,00-0040131,Kyle Williams,NE,PIT,2026_02_PIT_NE,2026,2,NA,NA,15,20,4.666605003706522,1.3207084291438582,-3.33721804711279,5.94910723238824,-4.8038518880755134,7.20535088026374,0.139,0.0375,0.11592869828845201,0.043859649122807015,strat_platt,iso,0.11592869828845201,0.043859649122807015,NA,NA,NA,2026-09-20T17:00:00Z,2026-09-15 23:40:39,2026-09-15 23:40:26,live
WR,00-0039901,Keon Coleman,BUF,DET,2026_02_DET_BUF,2026,2,NA,NA,15,20,4.915793099640575,0.9651474468372223,-3.8023316130492395,5.7024043545513114,-5.303460100360591,6.988194354863852,0.138,0.038,0.11539977578772337,0.043859649122807015,strat_platt,iso,0.11539977578772337,0.043859649122807015,NA,NA,NA,2026-09-18T00:15:00Z,2026-09-15 23:40:39,2026-09-15 23:40:26,live
WR,00-0040648,Tory Horton,SEA,ARI,2026_02_SEA_ARI,2026,2,NA,NA,15,20,4.964800469493867,1.1110190716578114,-3.677641396059071,5.869323113360183,-5.185439239291275,7.160825743353692,0.1375,0.0365,0.11513489917731923,0.043859649122807015,strat_platt,iso,0.11513489917731923,0.043859649122807015,NA,NA,NA,2026-09-20T20:25:00Z,2026-09-15 23:40:39,2026-09-15 23:40:26,live
WR,00-0040534,Ke'Shawn Williams,CIN,HOU,2026_02_CIN_HOU,2026,2,NA,NA,15,20,4.931568220508635,0.7929848047546203,-3.9813250942388865,5.53702924930712,-5.484604396907164,6.824661528213285,0.137,0.0385,0.11486974314189352,0.043859649122807015,strat_platt,iso,0.11486974314189352,0.043859649122807015,NA,NA,NA,2026-09-20T17:00:00Z,2026-09-15 23:40:39,2026-09-15 23:40:26,live
WR,00-0034837,Calvin Ridley,TEN,PHI,2026_02_PHI_TEN,2026,2,NA,NA,15,20,5.468403100249415,0.21738430570388745,-4.782553104219775,5.185625956221602,-6.356875379478786,6.534110017318146,0.1205,0.0325,0.11442832455551165,0.0332425068119891,strat_platt,iso,0.11442832455551165,0.0332425068119891,NA,NA,NA,2026-09-20T17:00:00Z,2026-09-15 23:40:39,2026-09-15 23:40:26,live
WR,00-0041070,Reggie Virgil,ARI,SEA,2026_02_SEA_ARI,2026,2,NA,NA,15,20,5.0291220044206595,0.6513023111248234,-4.164983730118525,5.437056801455056,-5.681479993391589,6.736010053831387,0.1205,0.0295,0.11442832455551165,0.0332425068119891,strat_platt,iso,0.11442832455551165,0.0332425068119891,NA,NA,NA,2026-09-20T20:25:00Z,2026-09-15 23:40:39,2026-09-15 23:40:26,live
WR,00-0040590,Konata Mumpfield,LA,NYG,2026_02_NYG_LA,2026,2,NA,NA,15,20,4.5096540716238716,1.0052464479625107,-3.5820094343433175,5.5634226544926975,-5.026391338703446,6.800606429870241,0.135,0.035,0.11380628633169589,0.0332425068119891,strat_platt,iso,0.11380628633169589,0.0332425068119891,NA,NA,NA,2026-09-22T00:15:00Z,2026-09-15 23:40:39,2026-09-15 23:40:26,live
WR,00-0040729,Jack Bech,LV,LAC,2026_02_LV_LAC,2026,2,NA,NA,15,20,5.637383480441062,0.11719375209513969,-4.951207731879466,5.153465467067044,-6.547087180358176,6.5204143018289935,0.1195,0.032,0.11343253312953394,0.0332425068119891,strat_platt,iso,0.11343253312953394,0.0332425068119891,NA,NA,NA,2026-09-20T20:05:00Z,2026-09-15 23:40:39,2026-09-15 23:40:26,live
WR,00-0040277,Jahdae Walker,CHI,MIN,2026_02_MIN_CHI,2026,2,NA,NA,15,20,4.665174788389075,1.3602173074454469,-3.297071168403049,5.987982154713793,-4.76350412320024,7.24405373375906,0.1335,0.029,0.11300566459478212,0.0332425068119891,strat_platt,iso,0.11300566459478212,0.0332425068119891,NA,NA,NA,2026-09-20T17:00:00Z,2026-09-15 23:40:39,2026-09-15 23:40:26,live
WR,00-0031610,Darren Waller,CAR,ATL,2026_02_CAR_ATL,2026,2,NA,NA,15,20,4.64705038570023,1.3583278384375757,-3.2908661869813276,5.978049547869328,-4.754750455150564,7.231938052109302,0.1325,0.0355,0.11247044431822553,0.043859649122807015,strat_platt,iso,0.11247044431822553,0.043859649122807015,NA,NA,NA,2026-09-20T17:00:00Z,2026-09-15 23:40:39,2026-09-15 23:40:26,live
WR,00-0038840,Brycen Tremayne,CAR,ATL,2026_02_CAR_ATL,2026,2,NA,NA,15,20,4.692711595195918,1.365354656294783,-3.3041986783803408,6.0053066126135795,-4.774493449610542,7.264686026394234,0.131,0.033,0.11166536415816522,0.0332425068119891,strat_platt,iso,0.11166536415816522,0.0332425068119891,NA,NA,NA,2026-09-20T17:00:00Z,2026-09-15 23:40:39,2026-09-15 23:40:26,live
WR,00-0039365,Jacob Cowing,SF,MIA,2026_02_MIA_SF,2026,2,NA,NA,15,20,4.613260370182518,1.2324513373379213,-3.401605138712858,5.837131457827338,-4.860723070984414,7.086937362151868,0.131,0.0375,0.11166536415816522,0.043859649122807015,strat_platt,iso,0.11166536415816522,0.043859649122807015,NA,NA,NA,2026-09-20T20:25:00Z,2026-09-15 23:40:39,2026-09-15 23:40:26,live
WR,00-0041051,Zavion Thomas,CHI,MIN,2026_02_MIN_CHI,2026,2,NA,NA,15,20,4.693159745740699,1.1912741670330451,-3.4784784436731133,5.831424136126036,-4.948835960627684,7.09085729468979,0.131,0.029,0.11166536415816522,0.0332425068119891,strat_platt,iso,0.11166536415816522,0.0332425068119891,NA,NA,NA,2026-09-20T17:00:00Z,2026-09-15 23:40:39,2026-09-15 23:40:26,live
WR,00-0038573,Derius Davis,LAC,LV,2026_02_LV_LAC,2026,2,NA,NA,15,20,4.513878889412929,1.4514457806010304,-3.1377300802156647,6.0115297944543356,-4.582716525130977,7.249231388397851,0.1305,0.029,0.11139639579570929,0.0332425068119891,strat_platt,iso,0.11139639579570929,0.0332425068119891,NA,NA,NA,2026-09-20T20:05:00Z,2026-09-15 23:40:39,2026-09-15 23:40:26,live
WR,00-0035662,Marquise Brown,PHI,TEN,2026_02_PHI_TEN,2026,2,NA,NA,15,20,4.980895623461515,1.2017577310073562,-3.593833955620164,5.966949053020947,-5.103814220637101,7.260321034060013,0.128,0.0375,0.11004689509055718,0.043859649122807015,strat_platt,iso,0.11004689509055718,0.043859649122807015,NA,NA,NA,2026-09-20T17:00:00Z,2026-09-15 23:40:39,2026-09-15 23:40:26,live
WR,00-0041511,Omar Cooper Jr.,NYJ,GB,2026_02_GB_NYJ,2026,2,NA,NA,15,20,5.068264512641626,0.5299910733830918,-4.303010792489138,5.332355422864587,-5.8247703406605975,6.635816936291424,0.116,0.025,0.10995059084693905,0.0332425068119891,strat_platt,iso,0.10995059084693905,0.0332425068119891,NA,NA,NA,2026-09-20T17:00:00Z,2026-09-15 23:40:39,2026-09-15 23:40:26,live
WR,00-0036980,Elijah Moore,PHI,TEN,2026_02_PHI_TEN,2026,2,NA,NA,15,20,4.974177948863949,0.9028919189480735,-3.8898083760312154,5.665210178513685,-5.398878233195992,6.957802350680685,0.1265,0.0365,0.10923338818097653,0.043859649122807015,strat_platt,iso,0.10923338818097653,0.043859649122807015,NA,NA,NA,2026-09-20T17:00:00Z,2026-09-15 23:40:39,2026-09-15 23:40:26,live
WR,00-0040237,Tez Johnson,TB,CLE,2026_02_CLE_TB,2026,2,NA,NA,15,20,4.479927321303,1.154259661807064,-3.4194586097926765,5.698984075675809,-4.859577948376267,6.932516754896377,0.1255,0.031,0.10868942652833649,0.0332425068119891,strat_platt,iso,0.10868942652833649,0.0332425068119891,NA,NA,NA,2026-09-20T17:00:00Z,2026-09-15 23:40:39,2026-09-15 23:40:26,live
WR,00-0040024,Darius Cooper,PHI,TEN,2026_02_PHI_TEN,2026,2,NA,NA,15,20,4.608404139875212,1.3358937185108717,-3.295982186472642,5.938407091077244,-4.754413525828622,7.187624894974266,0.1255,0.0315,0.10868942652833649,0.0332425068119891,strat_platt,iso,0.10868942652833649,0.0332425068119891,NA,NA,NA,2026-09-20T17:00:00Z,2026-09-15 23:40:39,2026-09-15 23:40:26,live
WR,00-0036626,Dyami Brown,WAS,DAL,2026_02_WAS_DAL,2026,2,NA,NA,15,20,4.958180878068755,0.903175198921401,-3.882631000570929,5.6586430662655065,-5.389530124943863,6.949375899581307,0.125,0.0355,0.10841695163334017,0.043859649122807015,strat_platt,iso,0.10841695163334017,0.043859649122807015,NA,NA,NA,2026-09-20T20:25:00Z,2026-09-15 23:40:39,2026-09-15 23:40:26,live
WR,00-0041067,Bryce Lance,NO,BAL,2026_02_NO_BAL,2026,2,NA,NA,15,20,4.965123434131651,0.8852846399937687,-3.903515031345189,5.643727002874268,-5.411356705398676,6.935267176110866,0.125,0.031,0.10841695163334017,0.0332425068119891,strat_platt,iso,0.10841695163334017,0.0332425068119891,NA,NA,NA,2026-09-20T17:00:00Z,2026-09-15 23:40:39,2026-09-15 23:40:26,live
WR,00-0040646,Jalen Royals,KC,IND,2026_02_IND_KC,2026,2,NA,NA,15,20,4.692711595195918,1.2229942291707034,-3.44655910550442,5.8629461854895,-4.9168538767346215,7.122325599270154,0.125,0.0365,0.10841695163334017,0.043859649122807015,strat_platt,iso,0.10841695163334017,0.043859649122807015,NA,NA,NA,2026-09-21T00:20:00Z,2026-09-15 23:40:39,2026-09-15 23:40:26,live
WR,00-0041550,Brenen Thompson,LAC,LV,2026_02_LV_LAC,2026,2,NA,NA,15,20,4.641322570464585,1.2832207858921043,-3.363411537975524,5.900397032991073,-4.826489207284795,7.153594645840221,0.124,0.031,0.10787100189753017,0.0332425068119891,strat_platt,iso,0.10787100189753017,0.0332425068119891,NA,NA,NA,2026-09-20T20:05:00Z,2026-09-15 23:40:39,2026-09-15 23:40:26,live
WR,00-0035544,Tom Kennedy,DET,BUF,2026_02_DET_BUF,2026,2,NA,NA,15,20,4.737709066255155,1.0001358600198793,-3.689373919876278,5.65991775303881,-5.165952345014647,6.924679423853981,0.123,0.0295,0.10732370289568062,0.0332425068119891,strat_platt,iso,0.10732370289568062,0.0332425068119891,NA,NA,NA,2026-09-18T00:15:00Z,2026-09-15 23:40:39,2026-09-15 23:40:26,live
WR,00-0037524,Tay Martin,DET,BUF,2026_02_DET_BUF,2026,2,NA,NA,15,20,4.737709066255155,1.0001358600198793,-3.689373919876278,5.65991775303881,-5.165952345014647,6.924679423853981,0.1215,0.028,0.10650018170324971,0.0332425068119891,strat_platt,iso,0.10650018170324971,0.0332425068119891,NA,NA,NA,2026-09-18T00:15:00Z,2026-09-15 23:40:39,2026-09-15 23:40:26,live
WR,00-0040075,LaJohntay Wester,BAL,NO,2026_02_NO_BAL,2026,2,NA,NA,15,20,4.631895200190676,1.0991950446997574,-3.5432171824769965,5.712177947276612,-5.004966076707802,6.96423739925346,0.1205,0.0315,0.10594942328552658,0.0332425068119891,strat_platt,iso,0.10594942328552658,0.0332425068119891,NA,NA,NA,2026-09-20T17:00:00Z,2026-09-15 23:40:39,2026-09-15 23:40:26,live
WR,00-0040138,Jaylin Noel,HOU,CIN,2026_02_CIN_HOU,2026,2,NA,NA,15,20,4.541906154940988,1.267023187943688,-3.334864636391817,5.839738581239597,-4.783853676877671,7.080868594138185,0.12,0.0305,0.10567351314525619,0.0332425068119891,strat_platt,iso,0.10567351314525619,0.0332425068119891,NA,NA,NA,2026-09-20T17:00:00Z,2026-09-15 23:40:39,2026-09-15 23:40:26,live
WR,00-0040184,KeAndre Lambert-Smith,LAC,LV,2026_02_LV_LAC,2026,2,NA,NA,15,20,4.641322570464585,0.9745448840695666,-3.6720874397980614,5.591721131168535,-5.135165109107333,6.844918744017684,0.12,0.0265,0.10567351314525619,0.0332425068119891,strat_platt,iso,0.10567351314525619,0.0332425068119891,NA,NA,NA,2026-09-20T20:05:00Z,2026-09-15 23:40:39,2026-09-15 23:40:26,live
WR,00-0036988,Josh Palmer,BUF,DET,2026_02_DET_BUF,2026,2,NA,NA,15,20,4.637235142547202,1.2093191622326667,-3.4354840357181264,5.824677878666947,-4.897985771082823,7.077382175911845,0.1195,0.0325,0.10539724559508068,0.0332425068119891,strat_platt,iso,0.10539724559508068,0.0332425068119891,NA,NA,NA,2026-09-18T00:15:00Z,2026-09-15 23:40:39,2026-09-15 23:40:26,live
WR,00-0040154,Tai Felton,MIN,CHI,2026_02_MIN_CHI,2026,2,NA,NA,15,20,4.685715403047514,0.7840922007456117,-3.882348819248369,5.420951572065708,-5.35166362094527,6.679491593990714,0.1135,0.0325,0.10205317537577129,0.0332425068119891,strat_platt,iso,0.10205317537577129,0.0332425068119891,NA,NA,NA,2026-09-20T17:00:00Z,2026-09-15 23:40:39,2026-09-15 23:40:26,live
WR,00-0038090,Skyy Moore,GB,NYJ,2026_02_GB_NYJ,2026,2,NA,NA,15,20,4.453820729813605,0.9106369959557843,-3.6511512541985858,5.443507015543748,-5.087514206058517,6.673822165733714,0.112,0.0285,0.10120849514729342,0.0332425068119891,strat_platt,iso,0.10120849514729342,0.0332425068119891,NA,NA,NA,2026-09-20T17:00:00Z,2026-09-15 23:40:39,2026-09-15 23:40:26,live
WR,00-0036259,Jauan Jennings,MIN,CHI,2026_02_MIN_CHI,2026,2,NA,NA,15,20,5.284912342391363,0.33243233671034483,-4.591823199643991,5.225471878555647,-6.142315644722118,6.553544524097347,0.1065,0.026,0.10052678235226975,0.0332425068119891,strat_platt,iso,0.10052678235226975,0.0332425068119891,NA,NA,NA,2026-09-20T17:00:00Z,2026-09-15 23:40:39,2026-09-15 23:40:26,live
WR,00-0037801,KaVontae Turpin,DAL,WAS,2026_02_WAS_DAL,2026,2,NA,NA,15,20,4.4754795404459715,0.9980125990366834,-3.573675877255784,5.540720084939969,-5.013156097445589,6.773705327983894,0.1095,0.0325,0.0997925985435093,0.0332425068119891,strat_platt,iso,0.0997925985435093,0.0332425068119891,NA,NA,NA,2026-09-20T20:25:00Z,2026-09-15 23:40:39,2026-09-15 23:40:26,live
WR,00-0039589,Kameron Johnson,TB,CLE,2026_02_CLE_TB,2026,2,NA,NA,15,20,4.649833251629236,0.9970260406419519,-3.6534119601800867,5.617983839629108,-5.117687916889891,6.872207844269586,0.1085,0.0245,0.09922333283594231,0.0332425068119891,strat_platt,iso,0.09922333283594231,0.0332425068119891,NA,NA,NA,2026-09-20T17:00:00Z,2026-09-15 23:40:39,2026-09-15 23:40:26,live
WR,00-0039451,Isaiah Williams,NYJ,GB,2026_02_GB_NYJ,2026,2,NA,NA,15,20,4.895404535264489,0.6364828323793438,-4.1221497186141844,5.364949311266002,-5.620492719855094,6.648353406464051,0.108,0.025,0.09893806408413991,0.0332425068119891,strat_platt,iso,0.09893806408413991,0.0332425068119891,NA,NA,NA,2026-09-20T17:00:00Z,2026-09-15 23:40:39,2026-09-15 23:40:26,live
WR,00-0037091,Bo Melton,GB,NYJ,2026_02_GB_NYJ,2026,2,NA,NA,15,20,4.479927321303,0.897143827234762,-3.676574444364978,5.441868241103507,-5.116693782948569,6.675400920324075,0.1055,0.026,0.09750522713988084,0.0332425068119891,strat_platt,iso,0.09750522713988084,0.0332425068119891,NA,NA,NA,2026-09-20T17:00:00Z,2026-09-15 23:40:39,2026-09-15 23:40:26,live
WR,00-0041044,Zachariah Branch,ATL,CAR,2026_02_CAR_ATL,2026,2,NA,NA,15,20,4.7135533903250595,0.9056610830864229,-3.7731487170759075,5.5548108260172775,-5.246358056752056,6.816686710283104,0.1055,0.0255,0.09750522713988084,0.0332425068119891,strat_platt,iso,0.09750522713988084,0.0332425068119891,NA,NA,NA,2026-09-20T17:00:00Z,2026-09-15 23:40:39,2026-09-15 23:40:26,live
WR,00-0041069,Colbie Young,CIN,HOU,2026_02_CIN_HOU,2026,2,NA,NA,15,20,4.613260370182518,0.9041788796778547,-3.7298775963729245,5.508859000167272,-5.18899552864448,6.758664904491802,0.104,0.0255,0.0966402059140735,0.0332425068119891,strat_platt,iso,0.0966402059140735,0.0332425068119891,NA,NA,NA,2026-09-20T17:00:00Z,2026-09-15 23:40:39,2026-09-15 23:40:26,live
WR,00-0040890,Cyrus Allen,KC,IND,2026_02_IND_KC,2026,2,NA,NA,15,20,4.479927321303,0.5898985369847326,-3.983819734615008,5.134622950853478,-5.423939073198598,6.368155630074046,0.102,0.025,0.0954804378368587,0.0332425068119891,strat_platt,iso,0.0954804378368587,0.0332425068119891,NA,NA,NA,2026-09-21T00:20:00Z,2026-09-15 23:40:39,2026-09-15 23:40:26,live
WR,00-0041100,Josh Cameron,JAX,DEN,2026_02_JAX_DEN,2026,2,NA,NA,15,20,4.609130349992339,0.911613076892274,-3.720588995719936,5.514450549435323,-5.17912303495418,6.763756320803231,0.1015,0.021,0.09518932700062278,0.018867924528301886,strat_platt,iso,0.09518932700062278,0.018867924528301886,NA,NA,NA,2026-09-20T20:05:00Z,2026-09-15 23:40:39,2026-09-15 23:40:26,live
WR,00-0039062,Jonathan Mingo,DAL,WAS,2026_02_WAS_DAL,2026,2,NA,NA,15,20,4.449372948956576,0.9340994917988742,-3.625652387408903,5.464946049466557,-5.061374150414039,6.6947119900287175,0.098,0.024,0.09313802504947916,0.0332425068119891,strat_platt,iso,0.09313802504947916,0.0332425068119891,NA,NA,NA,2026-09-20T20:25:00Z,2026-09-15 23:40:39,2026-09-15 23:40:26,live
WR,00-0040785,Dohnte Meyers,CIN,HOU,2026_02_CIN_HOU,2026,2,NA,NA,15,20,4.479927321303,0.5358634535362928,-4.0378548180634475,5.080587867405038,-5.477974156647038,6.314120546625606,0.0975,0.0225,0.09284300115176952,0.0332425068119891,strat_platt,iso,0.09284300115176952,0.0332425068119891,NA,NA,NA,2026-09-20T17:00:00Z,2026-09-15 23:40:39,2026-09-15 23:40:26,live
WR,00-0038728,Jared Wayne,HOU,CIN,2026_02_CIN_HOU,2026,2,NA,NA,15,20,4.541906154940988,1.0176460533538014,-3.584241770981704,5.590361446649711,-5.033230811467558,6.831491459548298,0.097,0.0215,0.09254746958146216,0.018867924528301886,strat_platt,iso,0.09254746958146216,0.018867924528301886,NA,NA,NA,2026-09-20T17:00:00Z,2026-09-15 23:40:39,2026-09-15 23:40:26,live
WR,00-0036862,Ben Skowronek,PIT,NE,2026_02_PIT_NE,2026,2,NA,NA,15,20,4.71182199453691,0.7132222565574031,-3.9648194421786283,5.361608767234512,-5.437786930990269,6.623277494401009,0.097,0.021,0.09254746958146216,0.018867924528301886,strat_platt,iso,0.09254746958146216,0.018867924528301886,NA,NA,NA,2026-09-20T17:00:00Z,2026-09-15 23:40:39,2026-09-15 23:40:26,live
WR,00-0040506,Myles Price,MIN,CHI,2026_02_MIN_CHI,2026,2,NA,NA,15,20,4.71182199453691,0.682799051739296,-3.995242646996735,5.331185562416405,-5.468210135808376,6.592854289582902,0.097,0.0275,0.09254746958146216,0.0332425068119891,strat_platt,iso,0.09254746958146216,0.0332425068119891,NA,NA,NA,2026-09-20T17:00:00Z,2026-09-15 23:40:39,2026-09-15 23:40:26,live
WR,00-0040621,Montorie Foster Jr,SEA,ARI,2026_02_SEA_ARI,2026,2,NA,NA,15,20,4.608404139875212,0.6945924171487617,-3.937283487834752,5.297105789715134,-5.395714827190732,6.546323593612156,0.0965,0.026,0.09225142605093756,0.0332425068119891,strat_platt,iso,0.09225142605093756,0.0332425068119891,NA,NA,NA,2026-09-20T20:25:00Z,2026-09-15 23:40:39,2026-09-15 23:40:26,live
WR,00-0036463,Chris Blair,ATL,CAR,2026_02_CAR_ATL,2026,2,NA,NA,15,20,4.613260370182518,0.7875763369047472,-3.846480139146032,5.392256457394164,-5.305598071417588,6.642062361718694,0.0935,0.0205,0.09046416683258046,0.01603206412825651,strat_platt,iso,0.09046416683258046,0.01603206412825651,NA,NA,NA,2026-09-20T17:00:00Z,2026-09-15 23:40:39,2026-09-15 23:40:26,live
WR,00-0041106,C.J. Williams,JAX,DEN,2026_02_JAX_DEN,2026,2,NA,NA,15,20,4.641322570464585,0.9613682589922797,-3.6852640648753483,5.578544506091248,-5.14834173418462,6.831742118940396,0.0925,0.0285,0.0898641148805534,0.0332425068119891,strat_platt,iso,0.0898641148805534,0.0332425068119891,NA,NA,NA,2026-09-20T20:05:00Z,2026-09-15 23:40:39,2026-09-15 23:40:26,live
WR,00-0041397,Kaden Wetjen,PIT,NE,2026_02_PIT_NE,2026,2,NA,NA,15,20,4.71182199453691,0.4335250748670768,-4.244516623868955,5.081911585544185,-5.717484112680595,6.3435803127106825,0.0925,0.023,0.0898641148805534,0.0332425068119891,strat_platt,iso,0.0898641148805534,0.0332425068119891,NA,NA,NA,2026-09-20T17:00:00Z,2026-09-15 23:40:39,2026-09-15 23:40:26,live
WR,00-0038640,Jalen Brooks,ARI,SEA,2026_02_SEA_ARI,2026,2,NA,NA,15,20,4.692711595195918,0.35497069233546275,-4.314582642339661,4.994922648654259,-5.784877413569863,6.254302062434913,0.092,0.024,0.0895632617453611,0.0332425068119891,strat_platt,iso,0.0895632617453611,0.0332425068119891,NA,NA,NA,2026-09-20T20:25:00Z,2026-09-15 23:40:39,2026-09-15 23:40:26,live
WR,00-0037093,Dareke Young,LV,LAC,2026_02_LV_LAC,2026,2,NA,NA,15,20,4.71182199453691,0.6411136966074091,-4.036928002128622,5.289500207284518,-5.509895490940263,6.551168934451015,0.091,0.0165,0.08895987685660199,0.01603206412825651,strat_platt,iso,0.08895987685660199,0.01603206412825651,NA,NA,NA,2026-09-20T20:05:00Z,2026-09-15 23:40:39,2026-09-15 23:40:26,live
WR,00-0041489,Germie Bernard,PIT,NE,2026_02_PIT_NE,2026,2,NA,NA,15,20,4.685715403047514,0.43112306094484304,-4.235317959049137,5.06798243226494,-5.704632760746038,6.326522454189946,0.0885,0.019,0.08744138838735883,0.01603206412825651,strat_platt,iso,0.08744138838735883,0.01603206412825651,NA,NA,NA,2026-09-20T17:00:00Z,2026-09-15 23:40:39,2026-09-15 23:40:26,live
WR,00-0036646,Simi Fehoko,ARI,SEA,2026_02_SEA_ARI,2026,2,NA,NA,15,20,4.692711595195918,0.35497069233546275,-4.314582642339661,4.994922648654259,-5.784877413569863,6.254302062434913,0.088,0.0225,0.0871359305344633,0.0332425068119891,strat_platt,iso,0.0871359305344633,0.0332425068119891,NA,NA,NA,2026-09-20T20:25:00Z,2026-09-15 23:40:39,2026-09-15 23:40:26,live
WR,00-0040782,Isaiah Bond,CLE,TB,2026_02_CLE_TB,2026,2,NA,NA,15,20,4.700558465814814,0.08508084537775834,-4.587960183400582,4.728498386500372,-6.059353119280822,5.988818432037502,0.0875,0.0205,0.0868298735289538,0.01603206412825651,strat_platt,iso,0.0868298735289538,0.01603206412825651,NA,NA,NA,2026-09-20T17:00:00Z,2026-09-15 23:40:39,2026-09-15 23:40:26,live
WR,00-0040218,Jimmy Horn Jr.,CAR,ATL,2026_02_CAR_ATL,2026,2,NA,NA,15,20,4.479927321303,0.6930232849640915,-3.880694986635649,5.237747698832837,-5.3208143252192395,6.471280378053405,0.085,0.0195,0.08529040700271326,0.01603206412825651,strat_platt,iso,0.08529040700271326,0.01603206412825651,NA,NA,NA,2026-09-20T17:00:00Z,2026-09-15 23:40:39,2026-09-15 23:40:26,live
WR,00-0040718,Travis Hunter,JAX,DEN,2026_02_JAX_DEN,2026,2,NA,NA,15,20,4.654734407609302,-0.10514650144898975,-4.757774378575723,4.517987291710589,-6.222739858126294,5.772801906402863,0.083,0.026,0.08404747014621738,0.0332425068119891,strat_platt,iso,0.08404747014621738,0.0332425068119891,NA,NA,NA,2026-09-20T20:05:00Z,2026-09-15 23:40:39,2026-09-15 23:40:26,live
WR,00-0041529,Kevin Coleman Jr.,MIA,SF,2026_02_MIA_SF,2026,2,NA,NA,15,20,4.552337127407088,0.020567822010738573,-4.586039961026419,4.597973253098666,-6.036515167340582,5.840376239748,0.082,0.018,0.08342208159561199,0.01603206412825651,strat_platt,iso,0.08342208159561199,0.01603206412825651,NA,NA,NA,2026-09-20T20:25:00Z,2026-09-15 23:40:39,2026-09-15 23:40:26,live
WR,00-0041525,Chris Bell,MIA,SF,2026_02_MIA_SF,2026,2,NA,NA,15,20,5.208572233844936,-0.24296507512405102,-5.1353058767204125,4.618362046846737,-6.675749380438046,5.937827282413696,0.089,0.02,0.08328133402618199,0.01603206412825651,strat_platt,iso,0.08328133402618199,0.01603206412825651,NA,NA,NA,2026-09-20T20:25:00Z,2026-09-15 23:40:39,2026-09-15 23:40:26,live
WR,00-0040164,Jaylin Lane,WAS,DAL,2026_02_WAS_DAL,2026,2,NA,NA,15,20,4.5096540716238716,0.20059865289704895,-4.38665722940878,4.758774859427235,-5.8310391337689085,5.995958634804778,0.081,0.018,0.08279401249056467,0.01603206412825651,strat_platt,iso,0.08279401249056467,0.01603206412825651,NA,NA,NA,2026-09-20T20:25:00Z,2026-09-15 23:40:39,2026-09-15 23:40:26,live
WR,00-0036331,Devin Duvernay,ARI,SEA,2026_02_SEA_ARI,2026,2,NA,NA,15,20,4.666605003706522,0.5063935372406544,-4.151532939015993,5.134792340485037,-5.618166779978717,6.391035988360537,0.0805,0.0155,0.0824789564753897,0.01603206412825651,strat_platt,iso,0.0824789564753897,0.01603206412825651,NA,NA,NA,2026-09-20T20:25:00Z,2026-09-15 23:40:39,2026-09-15 23:40:26,live
WR,00-0037666,Jalen Tolbert,MIA,SF,2026_02_MIA_SF,2026,2,NA,NA,15,20,5.02301303373163,0.02738186374521723,-4.7862888550771245,4.810537610788028,-6.301961635972949,6.108785510214869,0.088,0.0185,0.08230076927308724,0.01603206412825651,strat_platt,iso,0.08230076927308724,0.01603206412825651,NA,NA,NA,2026-09-20T20:25:00Z,2026-09-15 23:40:39,2026-09-15 23:40:26,live
WR,00-0040894,Malik Benson,LV,LAC,2026_02_LV_LAC,2026,2,NA,NA,15,20,4.537963760699425,0.3654645915770598,-4.234637759531972,4.9364058301741425,-5.68306461092587,6.17705430060729,0.08,0.021,0.08216321062364514,0.018867924528301886,strat_platt,iso,0.08216321062364514,0.018867924528301886,NA,NA,NA,2026-09-20T20:05:00Z,2026-09-15 23:40:39,2026-09-15 23:40:26,live
WR,00-0032951,Laquon Treadwell,IND,KC,2026_02_IND_KC,2026,2,NA,NA,15,20,4.533226728066096,0.27638722179030445,-4.321568636673034,4.845195574854921,-5.769319625369315,6.085265135817276,0.079,0.016,0.08152962222952041,0.01603206412825651,strat_platt,iso,0.08152962222952041,0.01603206412825651,NA,NA,NA,2026-09-21T00:20:00Z,2026-09-15 23:40:39,2026-09-15 23:40:26,live
WR,00-0041132,Deion Burks,IND,KC,2026_02_IND_KC,2026,2,NA,NA,15,20,4.608404139875212,0.42291697573584086,-4.2089589292476735,5.025430348302214,-5.667390268603652,6.274648152199235,0.0785,0.017,0.0812117658406488,0.01603206412825651,strat_platt,iso,0.0812117658406488,0.01603206412825651,NA,NA,NA,2026-09-21T00:20:00Z,2026-09-15 23:40:39,2026-09-15 23:40:26,live
WR,00-0035021,Ashton Dulin,IND,KC,2026_02_IND_KC,2026,2,NA,NA,15,20,4.479927321303,0.6164822801056175,-3.957235991494123,5.161206693974362,-5.397355330077714,6.3947393731949305,0.078,0.017,0.08089319191779254,0.01603206412825651,strat_platt,iso,0.08089319191779254,0.01603206412825651,NA,NA,NA,2026-09-21T00:20:00Z,2026-09-15 23:40:39,2026-09-15 23:40:26,live
WR,00-0040170,Elic Ayomanor,TEN,PHI,2026_02_PHI_TEN,2026,2,NA,NA,15,20,5.292944493787368,-0.028557998399594227,-4.956156588589504,4.867803404889984,-6.507701655668517,6.196777672680738,0.086,0.0245,0.08034133873447089,0.0332425068119891,strat_platt,iso,0.08034133873447089,0.0332425068119891,NA,NA,NA,2026-09-20T17:00:00Z,2026-09-15 23:40:39,2026-09-15 23:40:26,live
WR,00-0035891,Cody White,LV,LAC,2026_02_LV_LAC,2026,2,NA,NA,15,20,4.554906077993523,0.07516904243523012,-4.532600258580915,4.653728628371093,-5.983441190198719,5.896444876638109,0.076,0.02,0.0796115754248599,0.01603206412825651,strat_platt,iso,0.0796115754248599,0.01603206412825651,NA,NA,NA,2026-09-20T20:05:00Z,2026-09-15 23:40:39,2026-09-15 23:40:26,live
WR,00-0035208,Olamide Zaccheaus,ATL,CAR,2026_02_CAR_ATL,2026,2,NA,NA,15,20,4.628022537324264,0.20875576958731185,-4.431921510435577,4.820014723241492,-5.893124124637897,6.0716062596441995,0.0745,0.013,0.07864246534404208,0.01603206412825651,strat_platt,iso,0.07864246534404208,0.01603206412825651,NA,NA,NA,2026-09-20T17:00:00Z,2026-09-15 23:40:39,2026-09-15 23:40:26,live
WR,00-0039920,Malachi Corley,CLE,TB,2026_02_CLE_TB,2026,2,NA,NA,15,20,4.485493137862722,-0.09021530271048878,-4.66647202837332,4.457031473374061,-6.107390645917546,5.691248774133513,0.071,0.011,0.07635357723518552,0.01603206412825651,strat_platt,iso,0.07635357723518552,0.01603206412825651,NA,NA,NA,2026-09-20T17:00:00Z,2026-09-15 23:40:39,2026-09-15 23:40:26,live
WR,00-0038824,Ryan Miller,MIA,SF,2026_02_MIA_SF,2026,2,NA,NA,15,20,4.627514539216204,-0.22869153844281007,-4.869141176507993,4.382341216328673,-6.330272113452095,5.633871357652515,0.0685,0.02,0.07469367797943109,0.01603206412825651,strat_platt,iso,0.07469367797943109,0.01603206412825651,NA,NA,NA,2026-09-20T20:25:00Z,2026-09-15 23:40:39,2026-09-15 23:40:26,live
WR,00-0040582,Arian Smith,NYJ,GB,2026_02_GB_NYJ,2026,2,NA,NA,15,20,4.479927321303,-0.23083634300341804,-4.804554614603158,4.313888070865327,-6.244673953186749,5.547420750085895,0.0665,0.0125,0.07334987346019739,0.01603206412825651,strat_platt,iso,0.07334987346019739,0.01603206412825651,NA,NA,NA,2026-09-20T17:00:00Z,2026-09-15 23:40:39,2026-09-15 23:40:26,live
WR,00-0036630,Tylan Wallace,CLE,TB,2026_02_CLE_TB,2026,2,NA,NA,15,20,4.692602006050106,0.1358203714718755,-4.53368423134719,4.775723904857118,-6.003963658456013,6.0350901756470154,0.0665,0.019,0.07334987346019739,0.01603206412825651,strat_platt,iso,0.07334987346019739,0.01603206412825651,NA,NA,NA,2026-09-20T17:00:00Z,2026-09-15 23:40:39,2026-09-15 23:40:26,live
WR,00-0040705,Chimere Dike,TEN,PHI,2026_02_PHI_TEN,2026,2,NA,NA,15,20,4.539426850540973,-0.5836634053546131,-5.184428476157634,3.9879363518030737,-6.63306399703896,5.2287635578625,0.0555,0.0115,0.06567370585017622,0.01603206412825651,strat_platt,iso,0.06567370585017622,0.01603206412825651,NA,NA,NA,2026-09-20T17:00:00Z,2026-09-15 23:40:39,2026-09-15 23:40:26,live
WR,00-0039849,Marvin Harrison Jr.,ARI,SEA,2026_02_SEA_ARI,2026,2,NA,NA,15,20,5.452151836592772,0.674011708071551,-4.31928001825858,5.635649803520754,-5.891509777780323,6.982341522500539,0.1315,0.048,0.04040874344292188,0,strat_platt,iso,0.12540874344292188,0.05199698568198945,role_change_down,0.85,"Low target share (3 targets, 5th on team) despite high draft capital suggests reduced opportunity or role uncertainty in Cardinals' passing game.",2026-09-20T20:25:00Z,2026-09-15 23:40:39,2026-09-15 23:40:26,live
WR,00-0031235,Odell Beckham Jr.,NYG,LA,2026_02_NYG_LA,2026,2,NA,NA,15,20,4.662157222849493,0.8031046036747332,-3.852837420503787,5.429531534741587,-5.318846420222581,6.6852399755178835,0.1125,0.0285,0.016490453876642816,0,strat_platt,iso,0.10149045387664282,0.0332425068119891,role_change_down,0.85,"Despite preseason hype about offensive involvement, OBJ received only 11 snaps and zero targets/touches in game action, signaling reduced opportunity and role uncertainty in the offense.",2026-09-22T00:15:00Z,2026-09-15 23:40:39,2026-09-15 23:40:26,live
