position,player_id,player_name,posteam,defteam,game_id,season,week,report_status,practice_status,thresh_start,thresh_boom,pred_vol,pred_tot,lo_80_tot,hi_80_tot,lo_90_tot,hi_90_tot,pred_fp,lo_80_fp,hi_80_fp,lo_90_fp,hi_90_fp,p_start,p_boom,p_start_recal,p_boom_recal,recal_method_start,recal_method_boom,p_start_recal_preoverride,p_boom_recal_preoverride,override_flag_type,override_confidence,override_reason,kickoff_et,run_ts,as_of,run_mode
QB,00-0034857,Josh Allen,BUF,LAC,2026_03_LAC_BUF,2026,3,NA,NA,20,25,6.073178502807356,8.927368683629183,-4.369218364818913,22.22395573207728,-7.839399573080733,25.6941369403391,NA,NA,NA,NA,NA,0.629,0.4115,0.6653334152431906,0.4008688057501995,platt_vol_vegas,platt,0.6653334152431906,0.4008688057501995,NA,NA,NA,2026-09-27 13:00:00,2026-09-22 23:42:39,2026-09-22 23:42:29,live
QB,00-0034796,Lamar Jackson,BAL,DAL,2026_03_BAL_DAL,2026,3,NA,NA,20,25,3.195082987284453,7.687407101286743,-5.609179947161353,20.98399414973484,-9.079361155423172,24.45417535799666,NA,NA,NA,NA,NA,0.483,0.272,0.5245446662481663,0.2611431612774278,platt_vol_vegas,platt,0.5245446662481663,0.2611431612774278,NA,NA,NA,2026-09-27 16:25:00,2026-09-22 23:42:39,2026-09-22 23:42:29,live
QB,00-0037834,Brock Purdy,SF,ARI,2026_03_ARI_SF,2026,3,NA,NA,20,25,3.320963980376249,8.678677689703454,-4.617909358744642,21.97526473815155,-8.088090567006462,25.445445946413372,NA,NA,NA,NA,NA,0.5,0.2915,0.5063416310175413,0.28051988132431893,platt_vol_vegas,platt,0.5063416310175413,0.28051988132431893,NA,NA,NA,2026-09-27 16:05:00,2026-09-22 23:42:39,2026-09-22 23:42:29,live
QB,00-0033873,Patrick Mahomes,KC,MIA,2026_03_KC_MIA,2026,3,NA,NA,20,25,2.717487083299503,7.385890119537413,-5.910696928910683,20.68247716798551,-9.380878137172504,24.15265837624733,NA,NA,NA,NA,NA,0.4885,0.2855,0.5025952786580721,0.2745518220829062,platt_vol_vegas,platt,0.5025952786580721,0.2745518220829062,NA,NA,NA,2026-09-27 13:00:00,2026-09-22 23:42:39,2026-09-22 23:42:29,live
QB,00-0033106,Jared Goff,DET,NYJ,2026_03_NYJ_DET,2026,3,NA,NA,20,25,1.4779160094291,7.472113060599555,-5.824473987848541,20.76870010904765,-9.294655196110362,24.23888131730947,NA,NA,NA,NA,NA,0.4675,0.2665,0.4235424856782617,0.2556882860141571,platt_vol_vegas,platt,0.4235424856782617,0.2556882860141571,NA,NA,NA,2026-09-27 13:00:00,2026-09-22 23:42:39,2026-09-22 23:42:29,live
QB,00-0033077,Dak Prescott,DAL,BAL,2026_03_BAL_DAL,2026,3,NA,NA,20,25,3.0172866111088945,5.354066262939341,-7.942520785508755,18.650653311387437,-11.412701993770575,22.120834519649257,NA,NA,NA,NA,NA,0.39,0.2035,0.414943440094382,0.19355938773334191,platt_vol_vegas,platt,0.414943440094382,0.19355938773334191,NA,NA,NA,2026-09-27 16:25:00,2026-09-22 23:42:39,2026-09-22 23:42:29,live
QB,00-0040743,Tyler Shough,NO,LV,2026_03_LV_NO,2026,3,NA,NA,20,25,4.397775021344569,3.4151735475266793,-9.881413500921417,16.711760595974773,-13.351594709183235,20.18194180423659,NA,NA,NA,NA,NA,0.441,0.2505,0.3766043292109936,0.23984648466271613,platt_vol_vegas,platt,0.3766043292109936,0.23984648466271613,NA,NA,NA,2026-09-27 16:25:00,2026-09-22 23:42:39,2026-09-22 23:42:29,live
QB,00-0036389,Jalen Hurts,PHI,CHI,2026_03_PHI_CHI,2026,3,NA,NA,20,25,4.899180472190453,3.046417324082862,-10.250169724365234,16.343004372530956,-13.720350932627056,19.813185580792776,NA,NA,NA,NA,NA,0.4455,0.245,0.3738881158979601,0.23441036596594084,platt_vol_vegas,platt,0.3738881158979601,0.23441036596594084,NA,NA,NA,2026-09-28 20:15:00,2026-09-22 23:42:39,2026-09-22 23:42:29,live
QB,00-0036355,Justin Herbert,LAC,BUF,2026_03_LAC_BUF,2026,3,NA,NA,20,25,4.248823615035765,1.540181830037572,-11.756405218410524,14.836768878485667,-15.226586426672345,18.306950086747488,NA,NA,NA,NA,NA,0.337,0.1615,0.3647924377532856,0.15254737116978614,platt_vol_vegas,platt,0.3647924377532856,0.15254737116978614,NA,NA,NA,2026-09-27 13:00:00,2026-09-22 23:42:39,2026-09-22 23:42:29,live
QB,00-0036264,Jordan Love,GB,ATL,2026_03_ATL_GB,2026,3,NA,NA,20,25,1.7494799710092406,5.669243413455403,-7.627343634992693,18.9658304619035,-11.097524843254511,22.43601167016532,NA,NA,NA,NA,NA,0.423,0.224,0.3346712332350638,0.2137009117026421,platt_vol_vegas,platt,0.3346712332350638,0.2137009117026421,NA,NA,NA,2026-09-24 20:15:00,2026-09-22 23:42:39,2026-09-22 23:42:29,live
QB,00-0036971,Trevor Lawrence,JAX,NE,2026_03_NE_JAX,2026,3,NA,NA,20,25,2.7465401955844326,3.8890009981406632,-9.407586050307431,17.18558804658876,-12.877767258569254,20.65576925485058,NA,NA,NA,NA,NA,0.3285,0.1565,0.3190405691415173,0.14768961760966004,platt_vol_vegas,platt,0.3190405691415173,0.14768961760966004,NA,NA,NA,2026-09-27 13:00:00,2026-09-22 23:42:39,2026-09-22 23:42:29,live
QB,00-0039163,C.J. Stroud,HOU,IND,2026_03_HOU_IND,2026,3,NA,NA,20,25,2.8419787880978284,2.781786498478178,-10.514800549969918,16.078373546926272,-13.984981758231738,19.548554755188093,NA,NA,NA,NA,NA,0.366,0.1905,0.29417897491675554,0.1808273463115386,platt_vol_vegas,platt,0.29417897491675554,0.1808273463115386,NA,NA,NA,2026-09-27 13:00:00,2026-09-22 23:42:39,2026-09-22 23:42:29,live
QB,00-0039732,Bo Nix,DEN,LA,2026_03_LA_DEN,2026,3,NA,NA,20,25,2.970614679080875,1.742849254877029,-11.553737793571068,15.039436303325123,-15.023919001832889,18.509617511586946,NA,NA,NA,NA,NA,0.322,0.1535,0.27965973542447675,0.1447776504358488,platt_vol_vegas,platt,0.27965973542447675,0.1447776504358488,NA,NA,NA,2026-09-27 20:20:00,2026-09-22 23:42:39,2026-09-22 23:42:29,live
QB,00-0039917,Michael Penix Jr.,ATL,GB,2026_03_ATL_GB,2026,3,NA,NA,20,25,1.9166976089823884,-0.16022913215061124,-13.456816180598707,13.136357916297484,-16.926997388860528,16.606539124559305,NA,NA,NA,NA,NA,0.192,0.0745,0.2691509317020153,0.16893692401370447,platt_vol_vegas,platt,0.1691509317020153,0.06893692401370446,role_change_up,1,Michael Penix Jr. (knee) named starting quarterback for Week 3,2026-09-24 20:15:00,2026-09-22 23:42:39,2026-09-22 23:42:29,live
QB,00-0030565,Geno Smith,NYJ,DET,2026_03_NYJ_DET,2026,3,NA,NA,20,25,3.0764338488718983,0.10706102865421452,-13.18952601979388,13.40364807710231,-16.6597072280557,16.87382928536413,NA,NA,NA,NA,NA,0.258,0.1165,0.2601225012069159,0.1090407280950304,platt_vol_vegas,platt,0.2601225012069159,0.1090407280950304,NA,NA,NA,2026-09-27 13:00:00,2026-09-22 23:42:39,2026-09-22 23:42:29,live
QB,00-0033537,Deshaun Watson,CLE,CAR,2026_03_CAR_CLE,2026,3,NA,NA,20,25,4.7482736819290174,0.5800949158474277,-12.716492132600669,13.876681964295525,-16.186673340862487,17.346863172557345,NA,NA,NA,NA,NA,0.2895,0.1215,0.25915147321860416,0.11384975706899245,platt_vol_vegas,platt,0.25915147321860416,0.11384975706899245,NA,NA,NA,2026-09-27 13:00:00,2026-09-22 23:42:39,2026-09-22 23:42:29,live
QB,00-0026498,Matthew Stafford,LA,DEN,2026_03_LA_DEN,2026,3,NA,NA,20,25,1.0970701203605595,3.2628592798553435,-10.033727768592753,16.55944632830344,-13.503908976854571,20.02962753656526,NA,NA,NA,NA,NA,0.255,0.122,0.24712696460065417,0.11433102777429288,platt_vol_vegas,platt,0.24712696460065417,0.11433102777429288,NA,NA,NA,2026-09-27 20:20:00,2026-09-22 23:42:39,2026-09-22 23:42:29,live
QB,00-0039851,Drake Maye,NE,JAX,2026_03_NE_JAX,2026,3,NA,NA,20,25,4.370287989371777,3.374761065465517,-9.92182598298258,16.671348113913613,-13.3920071912444,20.141529322175433,NA,NA,NA,NA,NA,0.3725,0.1925,0.24376227184687843,0.09778399542420008,platt_vol_vegas,platt,0.32876227184687845,0.1827839954242001,role_change_down,0.85,Loss of A.J. Brown (ankle) for multiple games significantly reduces passing volume and touchdown opportunities for Maye.,2026-09-27 13:00:00,2026-09-22 23:42:39,2026-09-22 23:42:29,live
QB,00-0036442,Joe Burrow,CIN,PIT,2026_03_CIN_PIT,2026,3,NA,NA,20,25,1.7755734803470848,1.7671881433059449,-11.529398905142152,15.06377519175404,-14.999580113403972,18.53395640001586,NA,NA,NA,NA,NA,0.2845,0.147,0.24302593623803032,0.1384754410790031,platt_vol_vegas,platt,0.24302593623803032,0.1384754410790031,NA,NA,NA,2026-09-27 13:00:00,2026-09-22 23:42:39,2026-09-22 23:42:29,live
QB,00-0034855,Baker Mayfield,TB,MIN,2026_03_MIN_TB,2026,3,NA,NA,20,25,3.1686384900453453,1.2855239115691826,-12.011063136878914,14.582110960017278,-15.481244345140734,18.0522921682791,NA,NA,NA,NA,NA,0.304,0.133,0.2408319450335492,0.12493541003113708,platt_vol_vegas,platt,0.2408319450335492,0.12493541003113708,NA,NA,NA,2026-09-27 16:05:00,2026-09-22 23:42:39,2026-09-22 23:42:29,live
QB,00-0039150,Bryce Young,CAR,CLE,2026_03_CAR_CLE,2026,3,NA,NA,20,25,2.0716995695401628,0.8256963912736565,-12.47089065717444,14.122283439721752,-15.94107186543626,17.592464647983572,NA,NA,NA,NA,NA,0.2635,0.1215,0.23101075203075735,0.11384975706899245,platt_vol_vegas,platt,0.23101075203075735,0.11384975706899245,NA,NA,NA,2026-09-27 13:00:00,2026-09-22 23:42:39,2026-09-22 23:42:29,live
QB,00-0033119,Jacoby Brissett,ARI,SF,2026_03_ARI_SF,2026,3,NA,NA,20,25,2.588556829299428,-0.10820137088571868,-13.404788419333814,13.188385677562378,-16.874969627595636,16.658566885824197,NA,NA,NA,NA,NA,0.2275,0.0925,0.22766246836869317,0.08605612114347229,platt_vol_vegas,platt,0.22766246836869317,0.08605612114347229,NA,NA,NA,2026-09-27 16:05:00,2026-09-22 23:42:39,2026-09-22 23:42:29,live
QB,00-0035710,Daniel Jones,IND,HOU,2026_03_HOU_IND,2026,3,NA,NA,20,25,2.6665655551562346,1.9413916095622512,-11.355195438885843,15.237978658010348,-14.825376647147666,18.70815986627217,NA,NA,NA,NA,NA,0.309,0.1395,0.22745349237356335,0.13121595977655293,platt_vol_vegas,platt,0.22745349237356335,0.13121595977655293,NA,NA,NA,2026-09-27 13:00:00,2026-09-22 23:42:39,2026-09-22 23:42:29,live
QB,00-0034869,Sam Darnold,SEA,WAS,2026_03_SEA_WAS,2026,3,NA,NA,20,25,1.5662714985125028,2.0224337058102932,-11.274153342637804,15.31902075425839,-14.744334550899625,18.78920196252021,NA,NA,NA,NA,NA,0.233,0.0905,0.22005300863317143,0.08414861782831284,platt_vol_vegas,platt,0.22005300863317143,0.08414861782831284,NA,NA,NA,2026-09-27 13:00:00,2026-09-22 23:42:39,2026-09-22 23:42:29,live
QB,00-0035228,Kyler Murray,MIN,TB,2026_03_MIN_TB,2026,3,NA,NA,20,25,2.4041130837860547,-0.8638397139455525,-14.160426762393648,12.432747334502544,-17.63060797065547,15.902928542764364,NA,NA,NA,NA,NA,0.1815,0.0675,0.1909185929270094,0.06231082792763581,platt_vol_vegas,platt,0.1909185929270094,0.06231082792763581,NA,NA,NA,2026-09-27 16:05:00,2026-09-22 23:42:39,2026-09-22 23:42:29,live
QB,00-0029604,Kirk Cousins,LV,NO,2026_03_LV_NO,2026,3,NA,NA,20,25,1.164680266596693,0.27026671307068484,-13.026320335377411,13.56685376151878,-16.49650154363923,17.037034969780603,NA,NA,NA,NA,NA,0.226,0.091,0.1815201215615751,0.08462537318270287,platt_vol_vegas,platt,0.1815201215615751,0.08462537318270287,NA,NA,NA,2026-09-27 16:25:00,2026-09-22 23:42:39,2026-09-22 23:42:29,live
QB,00-0038128,Malik Willis,MIA,KC,2026_03_KC_MIA,2026,3,NA,NA,20,25,3.4255818430690814,-3.947563643994699,-17.244150692442794,9.349023404453398,-20.714331900704614,12.819204612715218,NA,NA,NA,NA,NA,0.1485,0.044,0.17773288590257655,0.04021811088410216,platt_vol_vegas,platt,0.17773288590257655,0.04021811088410216,NA,NA,NA,2026-09-27 13:00:00,2026-09-22 23:42:39,2026-09-22 23:42:29,live
QB,00-0040691,Jaxson Dart,NYG,TEN,2026_03_TEN_NYG,2026,3,NA,NA,20,25,4.8481817789191375,1.4122090471330433,-11.884378001315053,14.70879609558114,-15.354559209576871,18.17897730384296,NA,NA,NA,NA,NA,0.3135,0.131,0.17335740633987207,0.03100504151162479,platt_vol_vegas,platt,0.2653574063398721,0.1230050415116248,role_change_down,0.92,"Dart injured (sprained MCL) and will miss time, with Jameis Winston taking over as starter, reducing Dart's opportunity.",2026-09-27 13:00:00,2026-09-22 23:42:39,2026-09-22 23:42:29,live
QB,00-0023459,Aaron Rodgers,PIT,CIN,2026_03_CIN_PIT,2026,3,NA,NA,20,25,1.1133873418194715,-0.8856028641397653,-14.18218991258786,12.410984184308331,-17.652371120849683,15.881165392570152,NA,NA,NA,NA,NA,0.205,0.0905,0.16092011188178246,0.08414861782831284,platt_vol_vegas,platt,0.16092011188178246,0.08414861782831284,NA,NA,NA,2026-09-27 13:00:00,2026-09-22 23:42:39,2026-09-22 23:42:29,live
QB,00-0039918,Caleb Williams,CHI,PHI,2026_03_PHI_CHI,2026,3,NA,NA,20,25,4.87747665801864,0.19426516048272544,-13.10232188796537,13.49085220893082,-16.57250309622719,16.961033417192642,NA,NA,NA,NA,NA,0.304,0.1395,0.16070963658312604,0.04621595977655292,platt_vol_vegas,platt,0.24570963658312603,0.13121595977655293,role_change_down,0.85,"Bagent's potential absence elevates Case Keenum to starter, but more importantly confirms Caleb Williams remains sidelined for multiple weeks, reducing his near-term opportunity.",2026-09-28 20:15:00,2026-09-22 23:42:39,2026-09-22 23:42:29,live
QB,00-0040676,Cam Ward,TEN,NYG,2026_03_TEN_NYG,2026,3,NA,NA,20,25,2.6641455225082065,-0.8855614016665108,-14.182148450114608,12.411025646781583,-17.652329658376427,15.881206855043406,NA,NA,NA,NA,NA,0.1915,0.073,0.1517536309287495,0.06751547910925741,platt_vol_vegas,platt,0.1517536309287495,0.06751547910925741,NA,NA,NA,2026-09-27 13:00:00,2026-09-22 23:42:39,2026-09-22 23:42:29,live
QB,00-0036825,Feleipe Franks,CAR,CLE,2026_03_CAR_CLE,2026,3,NA,NA,20,25,2.368927336057654,-5.9918129387719,-19.288399987219996,7.304774109676196,-22.758581195481817,10.774955317938016,NA,NA,NA,NA,NA,0.094,0.026,0.1459965605459928,0.02349724869982543,platt_vol_vegas,platt,0.1459965605459928,0.02349724869982543,NA,NA,NA,2026-09-27 13:00:00,2026-09-22 23:42:39,2026-09-22 23:42:29,live
QB,00-0039910,Jayden Daniels,WAS,SEA,2026_03_SEA_WAS,2026,3,NA,NA,20,25,5.687168408671858,-3.728928283240051,-17.025515331688148,9.567658765208044,-20.495696539949968,13.037839973469865,NA,NA,NA,NA,NA,0.2205,0.098,0.1060893897699736,0,platt_vol_vegas,platt,0.2010893897699736,0.0913082698362192,role_change_down,0.95,Starting QB change due to Daniels' elbow injury creates a significant opportunity shift away from the primary fantasy asset to a backup.,2026-09-27 13:00:00,2026-09-22 23:42:39,2026-09-22 23:42:29,live
QB,00-0031503,Jameis Winston,NYG,TEN,2026_03_TEN_NYG,2026,3,NA,NA,20,25,2.632868255410564,-3.2612836790166115,-16.557870727464707,10.035303369431483,-20.028051935726527,13.505484577693306,NA,NA,NA,NA,NA,0.15,0.0505,0.1010893897699736,0,platt_vol_vegas,platt,0.15555941544386667,0.04630301747893421,role_change_up,0.85,"Dart's season-ending knee injury implies Winston will assume starting QB role for the Giants, significantly increasing his snap count and passing volume.",2026-09-27 13:00:00,2026-09-22 23:42:39,2026-09-22 23:42:29,live
QB,00-0032268,Marcus Mariota,WAS,SEA,2026_03_SEA_WAS,2026,3,NA,NA,20,25,2.5156240367436986,-4.864659305810038,-18.161246354258132,8.431927742638058,-21.631427562519953,11.902108950899878,NA,NA,NA,NA,NA,0.137,0.0405,0.1010893897699736,0,platt_vol_vegas,platt,0.12258651349952046,0.03695095393465202,NA,NA,NA,2026-09-27 13:00:00,2026-09-22 23:42:39,2026-09-22 23:42:29,live
QB,00-0032950,Carson Wentz,MIN,TB,2026_03_MIN_TB,2026,3,NA,NA,20,25,2.4920299252241223,2.2279511085954105,-11.068635939852683,15.524538157043509,-14.538817148114504,18.994719365305325,NA,NA,NA,NA,NA,0.267,0.1125,0.1010893897699736,0,platt_vol_vegas,platt,0.2318921841032431,0.10519840659003928,role_change_down,0.85,"Wentz faces potential benching if Kyler Murray returns from concussion, directly reducing his snap and passing opportunity.",2026-09-27 16:05:00,2026-09-22 23:42:39,2026-09-22 23:42:29,live
QB,00-0035704,Drew Lock,SEA,WAS,2026_03_SEA_WAS,2026,3,NA,NA,20,25,1.7593870021940343,3.96110690269855,-9.335480145749546,17.257693951146646,-12.805661354011368,20.727875159408462,NA,NA,NA,NA,NA,0.2995,0.1355,0.1010893897699736,0,platt_vol_vegas,platt,0.25300497926735566,0.12734977501495331,role_change_down,0.72,Darnold's potential Week 3 return implies Lock's starting opportunity is temporary and will diminish once Darnold is cleared.,2026-09-27 13:00:00,2026-09-22 23:42:39,2026-09-22 23:42:29,live
QB,00-0038102,Kenny Pickett,CAR,CLE,2026_03_CAR_CLE,2026,3,NA,NA,20,25,1.1594193297520947,-4.542289574157047,-17.83887662260514,8.75429747429105,-21.30905783086696,12.22447868255287,NA,NA,NA,NA,NA,0.0885,0.024,0.1010893897699736,0,platt_vol_vegas,platt,0.1281858063562123,0.02165366372155467,NA,NA,NA,2026-09-27 13:00:00,2026-09-22 23:42:39,2026-09-22 23:42:29,live
QB,00-0038416,Tyson Bagent,CHI,PHI,2026_03_PHI_CHI,2026,3,NA,NA,20,25,1.6999954417752878,-4.9631473207990044,-18.2597343692471,8.333439727649091,-21.72991557750892,11.803620935910912,NA,NA,NA,NA,NA,0.0915,0.032,0.1010893897699736,0,platt_vol_vegas,platt,0.1055579841102528,0.02904689436666612,role_change_up,0.85,Starting QB going week-to-week likely means Bagent takes over snaps and passing volume.,2026-09-28 20:15:00,2026-09-22 23:42:39,2026-09-22 23:42:29,live
QB,00-0039107,Stetson Bennett,LA,DEN,2026_03_LA_DEN,2026,3,NA,NA,20,25,1.7639918020683465,-2.2626637880600207,-15.559250836508117,11.033923260388075,-19.029432044769937,14.504104468649896,NA,NA,NA,NA,NA,0.149,0.0525,0.1010893897699736,0,platt_vol_vegas,platt,0.2026994812213729,0.04817954745522567,role_change_up,0.85,"Bennett elevated to primary backup QB role over rookie Ty Simpson, increasing his opportunity in case of starter injury.",2026-09-27 20:20:00,2026-09-22 23:42:39,2026-09-22 23:42:29,live
QB,00-0041194,Jack Strand,ATL,GB,2026_03_ATL_GB,2026,3,NA,NA,20,25,2.2864701771500773,-4.857851627771827,-18.15443867621992,8.43873542067627,-21.624619884481746,11.90891662893809,NA,NA,NA,NA,NA,0.1205,0.037,0.1010893897699736,0,platt_vol_vegas,platt,0.13954748002522036,0.0336908668266799,NA,NA,NA,2026-09-24 20:15:00,2026-09-22 23:42:39,2026-09-22 23:42:29,live
QB,00-0026158,Joe Flacco,CIN,PIT,2026_03_CIN_PIT,2026,3,NA,NA,20,25,1.575456773100536,-3.3150513511827584,-16.611638399630856,9.981535697265338,-20.081819607892676,13.451716905527158,NA,NA,NA,NA,NA,0.142,0.04,0.1010893897699736,0,platt_vol_vegas,platt,0.1714026910287287,0.03648478341234495,NA,NA,NA,2026-09-27 13:00:00,2026-09-22 23:42:39,2026-09-22 23:42:29,live
QB,00-0027973,Andy Dalton,PHI,CHI,2026_03_PHI_CHI,2026,3,NA,NA,20,25,2.4496209513755285,-3.295583652318653,-16.59217070076675,10.001003396129445,-20.06235190902857,13.471184604391263,NA,NA,NA,NA,NA,0.164,0.055,0.1010893897699736,0,platt_vol_vegas,platt,0.19280753461563793,0.05052787522725091,NA,NA,NA,2026-09-28 20:15:00,2026-09-22 23:42:39,2026-09-22 23:42:29,live
QB,00-0028118,Tyrod Taylor,GB,ATL,2026_03_ATL_GB,2026,3,NA,NA,20,25,2.7808927141680044,0.5786567776954964,-12.7179302707526,13.875243826143592,-16.18811147901442,17.345425034405412,NA,NA,NA,NA,NA,0.272,0.118,0.1010893897699736,0,platt_vol_vegas,platt,0.2872946008270449,0.11048272938967953,NA,NA,NA,2026-09-24 20:15:00,2026-09-22 23:42:39,2026-09-22 23:42:29,live
QB,00-0028986,Case Keenum,CHI,PHI,2026_03_PHI_CHI,2026,3,NA,NA,20,25,2.3175711710318003,-4.086827195670462,-17.38341424411856,9.209759852777632,-20.85359545238038,12.679941061039454,NA,NA,NA,NA,NA,0.102,0.031,0.1010893897699736,0,platt_vol_vegas,platt,0.1172647894027928,0.02812011314917865,NA,NA,NA,2026-09-28 20:15:00,2026-09-22 23:42:39,2026-09-22 23:42:29,live
QB,00-0033869,Mitchell Trubisky,TEN,NYG,2026_03_TEN_NYG,2026,3,NA,NA,20,25,2.58549368409346,-2.914167927589596,-16.21075497603769,10.3824191208585,-19.68093618429951,13.85260032912032,NA,NA,NA,NA,NA,0.1255,0.0365,0.1010893897699736,0,platt_vol_vegas,platt,0.12253250957775108,0.03322574579039934,NA,NA,NA,2026-09-27 13:00:00,2026-09-22 23:42:39,2026-09-22 23:42:29,live
QB,00-0033949,Joshua Dobbs,DET,NYJ,2026_03_NYJ_DET,2026,3,NA,NA,20,25,2.3780409954795876,2.01848869945896,-11.278098348989136,15.315075747907056,-14.748279557250957,18.785256956168876,NA,NA,NA,NA,NA,0.243,0.1035,0.1010893897699736,0,platt_vol_vegas,platt,0.3314430309595476,0.09656968664145436,NA,NA,NA,2026-09-27 13:00:00,2026-09-22 23:42:39,2026-09-22 23:42:29,live
QB,00-0034577,Kyle Allen,BUF,LAC,2026_03_LAC_BUF,2026,3,NA,NA,20,25,2.3603208898734,1.091532486956463,-12.205054561491632,14.38811953540456,-15.675235769753453,17.85830074366638,NA,NA,NA,NA,NA,0.2675,0.111,0.1010893897699736,0,platt_vol_vegas,platt,0.3980834972270993,0.10375868220919378,NA,NA,NA,2026-09-27 13:00:00,2026-09-22 23:42:39,2026-09-22 23:42:29,live
QB,00-0035264,Jarrett Stidham,DEN,LA,2026_03_LA_DEN,2026,3,NA,NA,20,25,2.451515125310913,-3.1761673444834524,-16.47275439293155,10.120419703964645,-19.94293560119337,13.590600912226463,NA,NA,NA,NA,NA,0.1325,0.045,0.1010893897699736,0,platt_vol_vegas,platt,0.17644440713116666,0.04115282080697391,NA,NA,NA,2026-09-27 20:20:00,2026-09-22 23:42:39,2026-09-22 23:42:29,live
QB,00-0035289,Gardner Minshew,ARI,SF,2026_03_ARI_SF,2026,3,NA,NA,20,25,2.38670674283861,-2.453354277423536,-15.749941325871632,10.84323277102456,-19.220122534133452,14.31341397928638,NA,NA,NA,NA,NA,0.12,0.0395,0.1010893897699736,0,platt_vol_vegas,platt,0.16655645234330543,0.03601875841779032,NA,NA,NA,2026-09-27 16:05:00,2026-09-22 23:42:39,2026-09-22 23:42:29,live
QB,00-0035993,Tyler Huntley,BAL,DAL,2026_03_BAL_DAL,2026,3,NA,NA,20,25,2.359473646451113,3.7924653574559946,-9.5041216909921,17.08905240590409,-12.974302899253921,20.559233614165912,NA,NA,NA,NA,NA,0.331,0.1645,0.1010893897699736,0,platt_vol_vegas,platt,0.4283921587287872,0.1554646674957078,NA,NA,NA,2026-09-27 16:25:00,2026-09-22 23:42:39,2026-09-22 23:42:29,live
QB,00-0036212,Tua Tagovailoa,ATL,GB,2026_03_ATL_GB,2026,3,NA,NA,20,25,1.590128454188496,-0.2869580881249678,-13.583545136573065,13.009628960323129,-17.053726344834885,16.479810168584947,NA,NA,NA,NA,NA,0.19,0.0745,0.1010893897699736,0,platt_vol_vegas,platt,0.16383349281015042,0.06893692401370446,NA,NA,NA,2026-09-24 20:15:00,2026-09-22 23:42:39,2026-09-22 23:42:29,live
QB,00-0036879,Sam Ehlinger,DEN,LA,2026_03_LA_DEN,2026,3,NA,NA,20,25,2.3947606045524577,-2.09901329865888,-15.395600347106976,11.197573749789216,-18.8657815553688,14.667754958051036,NA,NA,NA,NA,NA,0.1555,0.0585,0.1010893897699736,0,platt_vol_vegas,platt,0.1889783521358234,0.05382033351241783,NA,NA,NA,2026-09-27 20:20:00,2026-09-22 23:42:39,2026-09-22 23:42:29,live
QB,00-0036898,Davis Mills,HOU,IND,2026_03_HOU_IND,2026,3,NA,NA,20,25,1.8947995998532852,-1.796066923755777,-15.092653972203872,11.50052012469232,-18.562835180465697,14.97070133295414,NA,NA,NA,NA,NA,0.1945,0.068,0.1010893897699736,0,platt_vol_vegas,platt,0.20007014606826767,0.06278349281304554,NA,NA,NA,2026-09-27 13:00:00,2026-09-22 23:42:39,2026-09-22 23:42:29,live
QB,00-0036945,Justin Fields,KC,MIA,2026_03_KC_MIA,2026,3,NA,NA,20,25,5.334027184088416,4.499552411465082,-8.797034636983014,17.796139459913178,-12.267215845244834,21.266320668175,NA,NA,NA,NA,NA,0.4415,0.2375,0.1010893897699736,0,platt_vol_vegas,platt,0.5441763345700115,0.22700553617350683,NA,NA,NA,2026-09-27 13:00:00,2026-09-22 23:42:39,2026-09-22 23:42:29,live
QB,00-0036972,Mac Jones,SF,ARI,2026_03_ARI_SF,2026,3,NA,NA,20,25,2.722974756215185,6.091382201499322,-7.2052048469487735,19.387969249947417,-10.675386055210597,22.85815045820924,NA,NA,NA,NA,NA,0.3875,0.2105,0.1010893897699736,0,platt_vol_vegas,platt,0.43714439539548783,0.20042835951572952,NA,NA,NA,2026-09-27 16:05:00,2026-09-22 23:42:39,2026-09-22 23:42:29,live
QB,00-0037012,Trey Lance,LAC,BUF,2026_03_LAC_BUF,2026,3,NA,NA,20,25,2.527631120591575,-3.7523818431014218,-17.048968891549517,9.544205205346676,-20.519150099811338,13.014386413608497,NA,NA,NA,NA,NA,0.144,0.048,0.1010893897699736,0,platt_vol_vegas,platt,0.22207800415557832,0.04396011078582612,NA,NA,NA,2026-09-27 13:00:00,2026-09-22 23:42:39,2026-09-22 23:42:29,live
QB,00-0037013,Zach Wilson,NO,LV,2026_03_LV_NO,2026,3,NA,NA,20,25,2.499376120531166,-0.5391219298073141,-13.83570897825541,12.757465118640782,-17.30589018651723,16.2276463269026,NA,NA,NA,NA,NA,0.1855,0.07,0.1010893897699736,0,platt_vol_vegas,platt,0.21655639644622815,0.06467513260725245,NA,NA,NA,2026-09-27 16:25:00,2026-09-22 23:42:39,2026-09-22 23:42:29,live
QB,00-0037077,Sam Howell,DAL,BAL,2026_03_BAL_DAL,2026,3,NA,NA,20,25,2.451515125310913,-1.471721951691089,-14.768309000139183,11.824865096757009,-18.238490208401004,15.295046305018827,NA,NA,NA,NA,NA,0.171,0.0615,0.1010893897699736,0,platt_vol_vegas,platt,0.2806776865995083,0.05664672978583869,NA,NA,NA,2026-09-27 16:25:00,2026-09-22 23:42:39,2026-09-22 23:42:29,live
QB,00-0038400,Tanner McKee,PHI,CHI,2026_03_PHI_CHI,2026,3,NA,NA,20,25,2.3928664306170733,-2.160943294147918,-15.457530342596014,11.135643754300178,-18.927711550857836,14.605824962561998,NA,NA,NA,NA,NA,0.162,0.0595,0.1010893897699736,0,platt_vol_vegas,platt,0.19085346690636665,0.05476203379181058,NA,NA,NA,2026-09-28 20:15:00,2026-09-22 23:42:39,2026-09-22 23:42:29,live
QB,00-0038476,Tommy DeVito,NE,JAX,2026_03_NE_JAX,2026,3,NA,NA,20,25,2.3603208898734,-4.87375139124908,-18.170338439697176,8.422835657199016,-21.640519647958996,11.893016865460837,NA,NA,NA,NA,NA,0.1235,0.044,0.1010893897699736,0,platt_vol_vegas,platt,0.1679252469309489,0.04021811088410216,NA,NA,NA,2026-09-27 13:00:00,2026-09-22 23:42:39,2026-09-22 23:42:29,live
QB,00-0038579,Aidan O'Connell,LV,NO,2026_03_LV_NO,2026,3,NA,NA,20,25,2.4496209513755285,-2.827775719710166,-16.124362768158264,10.46881132873793,-19.594543976420084,13.93899253699975,NA,NA,NA,NA,NA,0.125,0.038,0.1010893897699736,0,platt_vol_vegas,platt,0.15159587833854876,0.03462157084051211,NA,NA,NA,2026-09-27 16:25:00,2026-09-22 23:42:39,2026-09-22 23:42:29,live
QB,00-0039164,Anthony Richardson,IND,HOU,2026_03_HOU_IND,2026,3,NA,NA,20,25,2.527631120591575,-4.066851115115233,-17.36343816356333,9.229735933332863,-20.83361937182515,12.699917141594684,NA,NA,NA,NA,NA,0.11,0.036,0.1010893897699736,0,platt_vol_vegas,platt,0.13559088426026278,0.03276078089977872,NA,NA,NA,2026-09-27 13:00:00,2026-09-22 23:42:39,2026-09-22 23:42:29,live
QB,00-0039376,Spencer Rattler,NO,LV,2026_03_LV_NO,2026,3,NA,NA,20,25,2.7341790310870735,0.7220224005648617,-12.574564647883234,14.018609449012958,-16.044745856145056,17.488790657274777,NA,NA,NA,NA,NA,0.262,0.104,0.1010893897699736,0,platt_vol_vegas,platt,0.2592045709923739,0.09704844501551772,NA,NA,NA,2026-09-27 16:25:00,2026-09-22 23:42:39,2026-09-22 23:42:29,live
QB,00-0039923,J.J. McCarthy,MIN,TB,2026_03_MIN_TB,2026,3,NA,NA,20,25,2.711859207014492,-0.058835811028543183,-13.35542285947664,13.237751237419552,-16.82560406773846,16.707932445681372,NA,NA,NA,NA,NA,0.235,0.095,0.1010893897699736,0,platt_vol_vegas,platt,0.221377359926254,0.08844228977652756,NA,NA,NA,2026-09-27 16:05:00,2026-09-22 23:42:39,2026-09-22 23:42:29,live
QB,00-0040014,Kyle McCord,MIA,KC,2026_03_KC_MIA,2026,3,NA,NA,20,25,2.368816670918668,-5.406627214493745,-18.70321426294184,7.889959833954351,-22.173395471203666,11.36014104221617,NA,NA,NA,NA,NA,0.0925,0.0315,0.1010893897699736,0,platt_vol_vegas,platt,0.13090383452730409,0.02858341615046784,NA,NA,NA,2026-09-27 13:00:00,2026-09-22 23:42:39,2026-09-22 23:42:29,live
QB,00-0040203,Will Howard,PIT,CIN,2026_03_CIN_PIT,2026,3,NA,NA,20,25,2.36118765487733,-1.7851577669135978,-15.081744815361692,11.5114292815345,-18.551926023623516,14.98161048979632,NA,NA,NA,NA,NA,0.1365,0.0425,0.1010893897699736,0,platt_vol_vegas,platt,0.1464061357664876,0.0388170643044223,NA,NA,NA,2026-09-27 13:00:00,2026-09-22 23:42:39,2026-09-22 23:42:29,live
QB,00-0040206,Riley Leonard,IND,HOU,2026_03_HOU_IND,2026,3,NA,NA,20,25,2.3928664306170733,-3.4707241590283138,-16.76731120747641,9.82586288941978,-20.23749241573823,13.296044097681602,NA,NA,NA,NA,NA,0.135,0.0485,0.1010893897699736,0,platt_vol_vegas,platt,0.1475546965651358,0.04442844228768633,NA,NA,NA,2026-09-27 13:00:00,2026-09-22 23:42:39,2026-09-22 23:42:29,live
QB,00-0040234,Quinn Ewers,JAX,NE,2026_03_NE_JAX,2026,3,NA,NA,20,25,2.383645055351765,-0.5680159259277219,-13.864602974375815,12.728571122520377,-17.334784182637637,16.198752330782195,NA,NA,NA,NA,NA,0.181,0.0645,0.1010893897699736,0,platt_vol_vegas,platt,0.2360404308125444,0.05947693713204913,NA,NA,NA,2026-09-27 13:00:00,2026-09-22 23:42:39,2026-09-22 23:42:29,live
QB,00-0040398,Brady Cook,MIA,KC,2026_03_KC_MIA,2026,3,NA,NA,20,25,2.3252526726979976,-5.864865919869607,-19.161452968317704,7.431721128578489,-22.631634176579524,10.901902336840308,NA,NA,NA,NA,NA,0.1,0.026,0.1010893897699736,0,platt_vol_vegas,platt,0.13517520706836303,0.02349724869982543,NA,NA,NA,2026-09-27 13:00:00,2026-09-22 23:42:39,2026-09-22 23:42:29,live
QB,00-0040589,Kurtis Rourke,SF,ARI,2026_03_ARI_SF,2026,3,NA,NA,20,25,2.3947606045524577,4.493370445441975,-8.80321660300612,17.78995749389007,-12.27339781126794,21.26013870215189,NA,NA,NA,NA,NA,0.324,0.149,0.1010893897699736,0,platt_vol_vegas,platt,0.39698933809479825,0.14041354320276644,NA,NA,NA,2026-09-27 16:05:00,2026-09-22 23:42:39,2026-09-22 23:42:29,live
QB,00-0040668,Shedeur Sanders,CLE,CAR,2026_03_CAR_CLE,2026,3,NA,NA,20,25,2.4290817351333245,-0.7679098241761801,-14.064496872624275,12.528677224271917,-17.534678080886096,15.998858432533735,NA,NA,NA,NA,NA,0.1975,0.0805,0.1010893897699736,0,platt_vol_vegas,platt,0.1794610341893949,0.07463090827948649,NA,NA,NA,2026-09-27 13:00:00,2026-09-22 23:42:39,2026-09-22 23:42:29,live
QB,00-0040673,Jalen Milroe,SEA,WAS,2026_03_SEA_WAS,2026,3,NA,NA,20,25,2.4496209513755285,0.7361843543659691,-12.560402694082129,14.032771402814063,-16.03058390234395,17.502952611075884,NA,NA,NA,NA,NA,0.2235,0.093,0.1010893897699736,0,platt_vol_vegas,platt,0.23070916788699147,0.08653319677419186,NA,NA,NA,2026-09-27 13:00:00,2026-09-22 23:42:39,2026-09-22 23:42:29,live
QB,00-0040891,Cole Payton,PHI,CHI,2026_03_PHI_CHI,2026,3,NA,NA,20,25,2.4496209513755285,-3.262578588365608,-16.559165636813702,10.034008460082488,-20.029346845075523,13.504189668344308,NA,NA,NA,NA,NA,0.1455,0.0505,0.1010893897699736,0,platt_vol_vegas,platt,0.1824719860485032,0.04630301747893421,NA,NA,NA,2026-09-28 20:15:00,2026-09-22 23:42:39,2026-09-22 23:42:29,live
QB,00-0040906,Garrett Nussmeier,KC,MIA,2026_03_KC_MIA,2026,3,NA,NA,20,25,2.3501167117754735,4.286626983013322,-9.009960065434774,17.583214031461416,-12.480141273696594,21.053395239723237,NA,NA,NA,NA,NA,0.3255,0.1525,0.1010893897699736,0,platt_vol_vegas,platt,0.4127201259785255,0.14380744793723446,NA,NA,NA,2026-09-27 13:00:00,2026-09-22 23:42:39,2026-09-22 23:42:29,live
QB,00-0040981,Joe Fagnano,BAL,DAL,2026_03_BAL_DAL,2026,3,NA,NA,20,25,2.359473646451113,3.7924653574559946,-9.5041216909921,17.08905240590409,-12.974302899253921,20.559233614165912,NA,NA,NA,NA,NA,0.298,0.134,0.1010893897699736,0,platt_vol_vegas,platt,0.4105268867099568,0.1259009697076538,NA,NA,NA,2026-09-27 16:25:00,2026-09-22 23:42:39,2026-09-22 23:42:29,live
QB,00-0041056,Cade Klubnik,NYJ,DET,2026_03_NYJ_DET,2026,3,NA,NA,20,25,2.3780409954795876,-3.6396741922578832,-16.936261240705978,9.656912856190212,-20.4064424489678,13.127094064452033,NA,NA,NA,NA,NA,0.1045,0.031,0.1010893897699736,0,platt_vol_vegas,platt,0.16287091265408246,0.02812011314917865,NA,NA,NA,2026-09-27 13:00:00,2026-09-22 23:42:39,2026-09-22 23:42:29,live
QB,00-0041092,Taylen Green,CLE,CAR,2026_03_CAR_CLE,2026,3,NA,NA,20,25,2.4126506764723996,-0.7119888423657049,-14.0085758908138,12.584598206082392,-17.478757099075622,16.05477941434421,NA,NA,NA,NA,NA,0.173,0.0705,0.1010893897699736,0,platt_vol_vegas,platt,0.16805574708176435,0.06514828512648162,NA,NA,NA,2026-09-27 13:00:00,2026-09-22 23:42:39,2026-09-22 23:42:29,live
QB,00-0041123,Behren Morton,NE,JAX,2026_03_NE_JAX,2026,3,NA,NA,20,25,2.3928664306170733,-3.783276256403039,-17.079863304851134,9.513310792045058,-20.550044513112955,12.983492000306878,NA,NA,NA,NA,NA,0.111,0.034,0.1010893897699736,0,platt_vol_vegas,platt,0.1604205665989769,0.03090251704072326,NA,NA,NA,2026-09-27 13:00:00,2026-09-22 23:42:39,2026-09-22 23:42:29,live
QB,00-0041149,Haynes King,CAR,CLE,2026_03_CAR_CLE,2026,3,NA,NA,20,25,2.368927336057654,-4.130064011710031,-17.42665106015813,9.166523036738065,-20.89683226841995,12.636704244999883,NA,NA,NA,NA,NA,0.1195,0.0305,0.1010893897699736,0,platt_vol_vegas,platt,0.16277809915141922,0.02765698759418315,NA,NA,NA,2026-09-27 13:00:00,2026-09-22 23:42:39,2026-09-22 23:42:29,live
QB,00-0041251,Jalon Daniels,TB,MIN,2026_03_MIN_TB,2026,3,NA,NA,20,25,2.3603208898734,-3.830480752678607,-17.127067801126703,9.466106295769489,-20.597249009388523,12.93628750403131,NA,NA,NA,NA,NA,0.1115,0.0305,0.1010893897699736,0,platt_vol_vegas,platt,0.1388283676643208,0.02765698759418315,NA,NA,NA,2026-09-27 16:05:00,2026-09-22 23:42:39,2026-09-22 23:42:29,live
QB,00-0041561,Carson Beck,ARI,SF,2026_03_ARI_SF,2026,3,NA,NA,20,25,2.443461263597065,-2.2263067522105615,-15.522893800658656,11.070280296237534,-18.99307500892048,14.540461504499357,NA,NA,NA,NA,NA,0.1335,0.0465,0.1010893897699736,0,platt_vol_vegas,platt,0.1756393004111453,0.0425558812929124,NA,NA,NA,2026-09-27 16:05:00,2026-09-22 23:42:39,2026-09-22 23:42:29,live
QB,00-0041562,Fernando Mendoza,LV,NO,2026_03_LV_NO,2026,3,NA,NA,20,25,2.527631120591575,-2.48401851586116,-15.780605564309257,10.812568532586935,-19.250786772571075,14.282749740848756,NA,NA,NA,NA,NA,0.1335,0.0395,0.1010893897699736,0,platt_vol_vegas,platt,0.1573238578886697,0.03601875841779032,NA,NA,NA,2026-09-27 16:25:00,2026-09-22 23:42:39,2026-09-22 23:42:29,live
QB,00-0041565,Drew Allar,PIT,CIN,2026_03_CIN_PIT,2026,3,NA,NA,20,25,2.389111938581444,-2.140943461847132,-15.437530510295227,11.155643586600965,-18.90771171855705,14.625824794862783,NA,NA,NA,NA,NA,0.139,0.0405,0.1010893897699736,0,platt_vol_vegas,platt,0.14801671433768324,0.03695095393465202,NA,NA,NA,2026-09-27 13:00:00,2026-09-22 23:42:39,2026-09-22 23:42:29,live
QB,00-0041568,Ty Simpson,LA,DEN,2026_03_LA_DEN,2026,3,NA,NA,20,25,2.536299817246209,-2.0744862474228234,-15.37107329587092,11.222100801025272,-18.84125450413274,14.692282009287092,NA,NA,NA,NA,NA,0.1745,0.0595,0.1010893897699736,0,platt_vol_vegas,platt,0.2308891061178957,0.05476203379181058,NA,NA,NA,2026-09-27 20:20:00,2026-09-22 23:42:39,2026-09-22 23:42:29,live
QB,00-0041117,Athan Kaliakmanis,WAS,SEA,2026_03_SEA_WAS,2026,3,NA,NA,20,25,2.3121529989405896,-6.272706923683455,-19.56929397213155,7.0238801247646405,-23.03947518039337,10.494061333026462,NA,NA,NA,NA,NA,0.0865,0.0215,0.09659130798856667,0.01935412227883388,platt_vol_vegas,platt,0.09659130798856667,0.01935412227883388,NA,NA,NA,2026-09-27 13:00:00,2026-09-22 23:42:39,2026-09-22 23:42:29,live
QB,00-0034771,Mason Rudolph,PIT,CIN,2026_03_CIN_PIT,2026,3,NA,NA,20,25,1.776359253711503,-4.192152686424508,-17.488739734872603,9.10443436202359,-20.958920943134423,12.57461557028541,NA,NA,NA,NA,NA,0.094,0.025,0.05688176419623761,0,platt_vol_vegas,platt,0.1168817641962376,0.02257503433461274,role_change_down,0.6,Mason Rudolph listed as Steelers' QB2 on Week 1 depth chart,2026-09-27 13:00:00,2026-09-22 23:42:39,2026-09-22 23:42:29,live
QB,00-0033662,Cooper Rush,ATL,GB,2026_03_ATL_GB,2026,3,NA,NA,20,25,1.638036298938128,-3.4997615471189705,-16.796348595567068,9.796825501329126,-20.266529803828888,13.267006709590946,NA,NA,NA,NA,NA,0.114,0.033,0.05365307891956106,0,platt_vol_vegas,platt,0.12865307891956107,0.02997436785102058,role_change_down,0.75,Strand's poor relief performance and benching of Rush suggests a potential QB committee or rotation that reduces starter opportunity and predictability for fantasy purposes.,2026-09-24 20:15:00,2026-09-22 23:42:39,2026-09-22 23:42:29,live
RB,00-0039139,Jahmyr Gibbs,DET,NYJ,2026_03_NYJ_DET,2026,3,NA,NA,15,20,21.562677268933676,NA,NA,NA,NA,NA,21.41765351305093,11.37714777382715,33.46581168919009,9.993563292389611,39.560086385392935,0.6944246079875933,0.44594697828110785,0.7021276595744681,0.510070830201546,strat_iso,platt_vol_vegas,0.7021276595744681,0.510070830201546,NA,NA,NA,2026-09-27 13:00:00,2026-09-22 23:42:39,2026-09-22 23:42:29,live
RB,00-0036223,Jonathan Taylor,IND,HOU,2026_03_HOU_IND,2026,3,NA,NA,15,20,24.932637028381595,NA,NA,NA,NA,NA,20.012309427696213,8.883872413952782,33.36593651353143,7.350370700516102,40.12055165569525,0.5919725420708019,0.39176352554500105,0.6534653465346535,0.44146685697395954,strat_iso,platt_vol_vegas,0.6534653465346535,0.44146685697395954,NA,NA,NA,2026-09-27 13:00:00,2026-09-22 23:42:39,2026-09-22 23:42:29,live
RB,00-0032764,Derrick Henry,BAL,DAL,2026_03_BAL_DAL,2026,3,NA,NA,15,20,19.196708654526567,NA,NA,NA,NA,NA,18.653711872879924,9.406813488641,29.74957668940749,8.132588321288832,35.362156404518814,0.561971832389809,0.33502254783917385,0.548922056384743,0.4051391110890852,strat_iso,platt_vol_vegas,0.548922056384743,0.4051391110890852,NA,NA,NA,2026-09-27 16:25:00,2026-09-22 23:42:39,2026-09-22 23:42:29,live
RB,00-0033280,Christian McCaffrey,SF,ARI,2026_03_ARI_SF,2026,3,NA,NA,15,20,16.66273077000329,NA,NA,NA,NA,NA,16.856345625066705,8.491838714059734,26.89338010785484,7.339207336963288,31.97037564353036,0.47717503426774344,0.25839701407454707,0.548922056384743,0.29193880968525276,strat_iso,platt_vol_vegas,0.548922056384743,0.29193880968525276,NA,NA,NA,2026-09-27 16:05:00,2026-09-22 23:42:39,2026-09-22 23:42:29,live
RB,00-0037248,James Cook,BUF,LAC,2026_03_LAC_BUF,2026,3,NA,NA,15,20,20.80451426542949,NA,NA,NA,NA,NA,17.70095353277075,7.911854807137912,29.44743452799845,6.562914282047128,35.38911298640524,0.4980548248414185,0.3004965767594223,0.548922056384743,0.3979159401010527,strat_iso,platt_vol_vegas,0.548922056384743,0.3979159401010527,NA,NA,NA,2026-09-27 13:00:00,2026-09-22 23:42:39,2026-09-22 23:42:29,live
RB,00-0038542,Bijan Robinson,ATL,GB,2026_03_ATL_GB,2026,3,NA,NA,15,20,18.637724218003857,NA,NA,NA,NA,NA,18.332468532222407,9.277145383831147,29.198451627243955,8.029319337223576,34.69475113271558,0.5472549525200476,0.3201097936166696,0.548922056384743,0.27853526747625956,strat_iso,platt_vol_vegas,0.548922056384743,0.27853526747625956,NA,NA,NA,2026-09-24 20:15:00,2026-09-22 23:42:39,2026-09-22 23:42:29,live
RB,00-0039040,De'Von Achane,MIA,KC,2026_03_KC_MIA,2026,3,NA,NA,15,20,22.377157720601843,NA,NA,NA,NA,NA,19.161941847104487,8.854208586107708,31.530761106953932,7.4338000778989155,37.78723459735775,0.5666613159605401,0.3598887217556632,0.548922056384743,0.3166659651618985,strat_iso,platt_vol_vegas,0.548922056384743,0.3166659651618985,NA,NA,NA,2026-09-27 13:00:00,2026-09-22 23:42:39,2026-09-22 23:42:29,live
RB,00-0036275,D'Andre Swift,CHI,PHI,2026_03_PHI_CHI,2026,3,NA,NA,15,20,17.857225453145677,NA,NA,NA,NA,NA,15.808513334142877,7.023512873302018,26.35012128484444,5.812937368170072,31.682343326756417,0.42693268456735745,0.22823185912681565,0.5240274599542334,0.2040943995409024,strat_iso,platt_vol_vegas,0.5240274599542334,0.2040943995409024,NA,NA,NA,2026-09-28 20:15:00,2026-09-22 23:42:39,2026-09-22 23:42:29,live
RB,00-0036555,Chuba Hubbard,CAR,CLE,2026_03_CAR_CLE,2026,3,NA,NA,15,20,17.09491551118682,NA,NA,NA,NA,NA,14.640359743914813,6.12272861986156,24.8611364392263,4.9489966836493,30.031073609634262,0.3750045236824251,0.1908720050263245,0.5211702127659574,0.2925926402491677,strat_iso,platt_vol_vegas,0.43617021276595747,0.20759264024916768,role_change_up,0.85,"Impact note explicitly states Hubbard has out-touched Jonathon Brooks by a solid margin and 'appears to be the back to own in Carolina moving forward,' indicating a shift in backfield opportunity hierarchy.",2026-09-27 13:00:00,2026-09-22 23:42:39,2026-09-22 23:42:29,live
RB,00-0033293,Aaron Jones,MIN,TB,2026_03_MIN_TB,2026,3,NA,NA,15,20,17.636749975548824,NA,NA,NA,NA,NA,15.573573116162844,6.865553126666706,26.02280794151359,5.6655855518813585,31.30830523162495,0.4168120472082061,0.21894054651558317,0.5185185185185185,0.23429127322325852,strat_iso,platt_vol_vegas,0.5185185185185185,0.23429127322325852,NA,NA,NA,2026-09-27 16:05:00,2026-09-22 23:42:39,2026-09-22 23:42:29,live
RB,00-0040122,Ashton Jeanty,LV,NO,2026_03_LV_NO,2026,3,NA,NA,15,20,21.11926567978609,NA,NA,NA,NA,NA,15.551778988487772,5.657989714313535,27.423883963336948,4.2946228025369475,33.42910632854267,0.4129066998991572,0.23642828243749417,0.5185185185185185,0.26657678968249937,strat_iso,platt_vol_vegas,0.5185185185185185,0.26657678968249937,NA,NA,NA,2026-09-27 16:25:00,2026-09-22 23:42:39,2026-09-22 23:42:29,live
RB,00-0037228,Jaylen Warren,PIT,CIN,2026_03_CIN_PIT,2026,3,NA,NA,15,20,16.818399867700723,NA,NA,NA,NA,NA,13.5270590602434,5.107266245926134,23.63043415627286,3.947016455987835,28.74098651571319,0.32367260961759303,0.16865438599262406,0.4676530612244898,0.24622085403605687,strat_iso,platt_vol_vegas,0.3826530612244898,0.16122085403605685,role_change_up,0.85,"Warren emerged as the lead back in Week 1 with 15 touches vs. Dowdle's 10, establishing a clear hierarchy shift in the backfield opportunity distribution.",2026-09-27 13:00:00,2026-09-22 23:42:39,2026-09-22 23:42:29,live
RB,00-0038134,Kenneth Walker III,KC,MIA,2026_03_KC_MIA,2026,3,NA,NA,15,20,20.08297508679169,NA,NA,NA,NA,NA,17.703980660285897,8.156637139889675,29.160366213287304,6.841010549271875,34.95530678137118,0.501234492681925,0.29870564363423935,0.463922056384743,0.29044766179326903,strat_iso,platt_vol_vegas,0.548922056384743,0.37544766179326905,role_change_down,0.85,"Head coach confirms Emmett Johnson will take snaps and workload away from Kenneth Walker, directly reducing Walker's opportunity share.",2026-09-27 13:00:00,2026-09-22 23:42:39,2026-09-22 23:42:29,live
RB,00-0037840,Kyren Williams,LA,DEN,2026_03_LA_DEN,2026,3,NA,NA,15,20,15.845806042945046,NA,NA,NA,NA,NA,14.073031474308594,6.001171063174869,23.758903235642123,4.888866455096629,28.658271448010343,0.34691767312488486,0.17414786163528018,0.4546530612244898,0.26445183992678384,strat_iso,platt_vol_vegas,0.3826530612244898,0.19245183992678383,role_change_up,0.72,CJ Daniels inactive suggests increased opportunity for other Rams running backs in the backfield rotation.,2026-09-27 20:20:00,2026-09-22 23:42:39,2026-09-22 23:42:29,live
RB,00-0040784,Quinshon Judkins,CLE,CAR,2026_03_CAR_CLE,2026,3,NA,NA,15,20,19.54357818852403,NA,NA,NA,NA,NA,14.30924832086428,4.94428901722104,25.54678096452598,3.6537950223621127,31.231019985694513,0.3628068675782093,0.1943075038139387,0.43617021276595747,0.21351366150236484,strat_iso,platt_vol_vegas,0.43617021276595747,0.21351366150236484,NA,NA,NA,2026-09-27 13:00:00,2026-09-22 23:42:39,2026-09-22 23:42:29,live
RB,00-0038120,Breece Hall,NYJ,DET,2026_03_NYJ_DET,2026,3,NA,NA,15,20,18.7020815356189,NA,NA,NA,NA,NA,12.527663426073842,3.4501992388001614,23.42021477826966,2.199322150880901,28.929953205695355,0.2892134526221044,0.15999291477811728,0.4273719008264462,0.24100919277028185,strat_iso,platt_vol_vegas,0.35537190082644626,0.1690091927702818,role_change_up,0.72,"Richardson's waiver removes a backup RB from the Jets depth chart, potentially increasing opportunity for Breece Hall in the backfield.",2026-09-27 13:00:00,2026-09-22 23:42:39,2026-09-22 23:42:29,live
RB,00-0036997,Javonte Williams,DAL,BAL,2026_03_BAL_DAL,2026,3,NA,NA,15,20,18.90840582409718,NA,NA,NA,NA,NA,13.972752367457568,4.824455026099162,24.950300339016263,3.5638171098602633,30.50303228786433,0.3479044033567754,0.1861593481944379,0.3826530612244898,0.23223383091197936,strat_iso,platt_vol_vegas,0.3826530612244898,0.23223383091197936,NA,NA,NA,2026-09-27 16:25:00,2026-09-22 23:42:39,2026-09-22 23:42:29,live
RB,00-0040666,Omarion Hampton,LAC,BUF,2026_03_LAC_BUF,2026,3,NA,NA,15,20,18.54910260682432,NA,NA,NA,NA,NA,13.528732133829113,4.5039342611181805,24.35808626221105,3.260314605983293,29.83585787476524,0.3282803168261291,0.1768899301232855,0.3826530612244898,0.1882268488195696,strat_iso,platt_vol_vegas,0.3826530612244898,0.1882268488195696,NA,NA,NA,2026-09-27 13:00:00,2026-09-22 23:42:39,2026-09-22 23:42:29,live
RB,00-0040734,TreVeyon Henderson,NE,JAX,2026_03_NE_JAX,2026,3,NA,NA,15,20,16.42406754866859,NA,NA,NA,NA,NA,13.679062550512253,5.399610370938754,23.614035156682327,4.258699559473227,28.639405115815187,0.32962669344344997,0.1695027356208384,0.3826530612244898,0.1710101099857343,strat_iso,platt_vol_vegas,0.3826530612244898,0.1710101099857343,NA,NA,NA,2026-09-27 13:00:00,2026-09-22 23:42:39,2026-09-22 23:42:29,live
RB,00-0038597,Chase Brown,CIN,PIT,2026_03_CIN_PIT,2026,3,NA,NA,15,20,20.588942154568016,NA,NA,NA,NA,NA,13.245128353047743,3.527998298504686,24.905250159252837,2.188975076292431,30.80324587273291,0.32148427956570413,0.18037745907549685,0.3764705882352941,0.2379321655244104,strat_iso,platt_vol_vegas,0.3764705882352941,0.2379321655244104,NA,NA,NA,2026-09-27 13:00:00,2026-09-22 23:42:39,2026-09-22 23:42:29,live
RB,00-0035261,Tony Pollard,TEN,NYG,2026_03_TEN_NYG,2026,3,NA,NA,15,20,17.038709101609808,NA,NA,NA,NA,NA,12.709960423962746,4.212178977048165,22.906918393791337,3.041182331862464,28.064807427556,0.2900691147713905,0.15446762144639525,0.35537190082644626,0.1489949330177805,strat_iso,platt_vol_vegas,0.35537190082644626,0.1489949330177805,NA,NA,NA,2026-09-27 13:00:00,2026-09-22 23:42:39,2026-09-22 23:42:29,live
RB,00-0039361,Bucky Irving,TB,MIN,2026_03_MIN_TB,2026,3,NA,NA,15,20,19.221624500287295,NA,NA,NA,NA,NA,12.389537362915394,3.1341379761762145,23.49560300253285,1.8587413683168157,29.113342561757133,0.2863282410007455,0.1601364888271023,0.35537190082644626,0.1882190436075044,strat_iso,platt_vol_vegas,0.35537190082644626,0.1882190436075044,NA,NA,NA,2026-09-27 16:05:00,2026-09-22 23:42:39,2026-09-22 23:42:29,live
RB,00-0041512,Jadarian Price,SEA,WAS,2026_03_SEA_WAS,2026,3,NA,NA,15,20,14.469662713081224,NA,NA,NA,NA,NA,12.575179206671557,5.006480603306361,21.657279285020515,3.963511832183123,26.25124392979749,0.27491353161760923,0.13486467478201403,0.34334763948497854,0.1396543673892316,strat_iso,platt_vol_vegas,0.34334763948497854,0.1396543673892316,NA,NA,NA,2026-09-27 13:00:00,2026-09-22 23:42:39,2026-09-22 23:42:29,live
RB,00-0033906,Alvin Kamara,NO,LV,2026_03_LV_NO,2026,3,NA,NA,15,20,14.652452781273292,NA,NA,NA,NA,NA,10.25432691692893,2.6180158831283755,19.417558890195902,1.5657301002995236,24.052562177313497,0.1921106540917754,0.09371692883775384,0.3391113490364026,0.20446289982388063,strat_iso,platt_vol_vegas,0.24411134903640255,0.10946289982388065,role_change_up,0.95,"Kamara returns to active lineup after knee injury, reclaiming lead RB role from Miller who is healthy-scratched.",2026-09-27 16:25:00,2026-09-22 23:42:39,2026-09-22 23:42:29,live
RB,00-0040719,Bhayshul Tuten,JAX,NE,2026_03_NE_JAX,2026,3,NA,NA,15,20,15.00008339268659,NA,NA,NA,NA,NA,10.388390330284206,2.6241679192463323,19.70511023986724,1.5542559130835798,24.417751754570183,0.1964901460165144,0.09687129013300988,0.3291113490364026,0.2041735224350648,strat_iso,platt_vol_vegas,0.24411134903640255,0.11917352243506478,role_change_up,0.85,"Tuten is emerging as the lead back in Jacksonville's committee, significantly outproducing Rodriguez through two weeks and reducing Rodriguez's offensive touches.",2026-09-27 13:00:00,2026-09-22 23:42:39,2026-09-22 23:42:29,live
RB,00-0037263,Tyler Allgeier,ARI,SF,2026_03_ARI_SF,2026,3,NA,NA,15,20,14.379305089659573,NA,NA,NA,NA,NA,11.99038325737752,4.4551990323406425,21.032267579492498,3.4168485518657477,25.60589003901406,0.2513755944200198,0.12181270574634127,0.29375,0.10057236927672152,strat_iso,platt_vol_vegas,0.29375,0.10057236927672152,NA,NA,NA,2026-09-27 16:05:00,2026-09-22 23:42:39,2026-09-22 23:42:29,live
RB,00-0040715,Cam Skattebo,NYG,TEN,2026_03_TEN_NYG,2026,3,NA,NA,15,20,17.64160268532962,NA,NA,NA,NA,NA,11.432879957139123,2.7231626032315575,21.884151543928255,1.5229611311585636,27.17067908144462,0.24835334905164985,0.13444473887872965,0.29375,0.15505863138486486,strat_iso,platt_vol_vegas,0.29375,0.15505863138486486,NA,NA,NA,2026-09-27 13:00:00,2026-09-22 23:42:39,2026-09-22 23:42:29,live
RB,00-0041027,Jeremiyah Love,ARI,SF,2026_03_ARI_SF,2026,3,NA,NA,15,20,15.577059407614565,NA,NA,NA,NA,NA,11.911433088160251,3.936800372238716,21.480635960351904,2.837893767583351,26.320989985776635,0.25498208459144744,0.1295630154715901,0.29375,0.11283931222204968,strat_iso,platt_vol_vegas,0.29375,0.11283931222204968,NA,NA,NA,2026-09-27 16:05:00,2026-09-22 23:42:39,2026-09-22 23:42:29,live
RB,00-0036158,J.K. Dobbins,DEN,LA,2026_03_LA_DEN,2026,3,NA,NA,15,20,14.948673073204413,NA,NA,NA,NA,NA,9.408143088021356,1.6627823051783333,18.7022298866981,0.5954694366230715,23.403422979735588,0.1761084466097265,0.08619743873928609,0.2744871794871795,0.19107961604920015,strat_iso,platt_vol_vegas,0.1794871794871795,0.09607961604920016,role_change_up,0.95,"Harvey's inactivity elevates Dobbins to lead back role with Jonah Coleman seeing increased snaps, materially expanding Dobbins' opportunity.",2026-09-27 20:20:00,2026-09-22 23:42:39,2026-09-22 23:42:29,live
RB,00-0038685,Chris Brooks,GB,ATL,2026_03_ATL_GB,2026,3,NA,NA,15,20,10.447636367726004,NA,NA,NA,NA,NA,11.841183593860286,5.831961977914708,19.051980980445325,5.003889569085622,22.69939159790726,0.21377471608699472,0.08700421862271213,0.2672413793103448,0.08364946048907228,strat_iso,platt_vol_vegas,0.2672413793103448,0.08364946048907228,NA,NA,NA,2026-09-24 20:15:00,2026-09-22 23:42:39,2026-09-22 23:42:29,live
RB,00-0037256,Rachaad White,WAS,SEA,2026_03_SEA_WAS,2026,3,NA,NA,15,20,10.83177347201058,NA,NA,NA,NA,NA,10.496724095066558,4.331799825760156,17.89435770732172,3.4822715480232818,21.63627499259039,0.17475419780475498,0.07186412563196076,0.26357142857142857,0.1343945003976974,strat_iso,platt_vol_vegas,0.17857142857142858,0.0493945003976974,role_change_up,0.85,"QB injury (Jayden Daniels out) signals increased running game usage and pass-catching opportunities for White, a change in offensive scheme/opportunity.",2026-09-27 13:00:00,2026-09-22 23:42:39,2026-09-22 23:42:29,live
RB,00-0029892,Kyle Juszczyk,SF,ARI,2026_03_ARI_SF,2026,3,NA,NA,15,20,8.20792696142228,NA,NA,NA,NA,NA,13.125368683699705,8.060316599455764,19.203204827247596,7.362351014509587,22.27753390525115,0.26010104094196007,0.08704115349177521,0.2631578947368421,0.08257624524451478,strat_iso,platt_vol_vegas,0.2631578947368421,0.08257624524451478,NA,NA,NA,2026-09-27 16:05:00,2026-09-22 23:42:39,2026-09-22 23:42:29,live
RB,00-0034975,Justice Hill,BAL,DAL,2026_03_BAL_DAL,2026,3,NA,NA,15,20,8.642666551949345,NA,NA,NA,NA,NA,12.01962939247065,6.76595394977382,18.32380513657045,6.041996013608469,21.51262272644663,0.2013761020722392,0.0737176113686917,0.2608695652173913,0.07881712435196211,strat_iso,platt_vol_vegas,0.2608695652173913,0.07881712435196211,NA,NA,NA,2026-09-27 16:25:00,2026-09-22 23:42:39,2026-09-22 23:42:29,live
RB,00-0035685,David Montgomery,HOU,IND,2026_03_HOU_IND,2026,3,NA,NA,15,20,15.21042565507463,NA,NA,NA,NA,NA,10.891180435137873,3.049982118466157,20.300267991422707,1.9694628111130343,25.05963148668177,0.21426834276521223,0.10609730231544756,0.24411134903640255,0.12145139192648022,strat_iso,platt_vol_vegas,0.24411134903640255,0.12145139192648022,NA,NA,NA,2026-09-27 13:00:00,2026-09-22 23:42:39,2026-09-22 23:42:29,live
RB,00-0037525,Jordan Mason,MIN,TB,2026_03_MIN_TB,2026,3,NA,NA,15,20,14.6828560948406,NA,NA,NA,NA,NA,11.021584666180203,3.3740516324661707,20.198282537831364,2.320219454930294,24.840097229861193,0.2153946994744722,0.10412832837933073,0.24411134903640255,0.11464936414236342,strat_iso,platt_vol_vegas,0.24411134903640255,0.11464936414236342,NA,NA,NA,2026-09-27 16:05:00,2026-09-22 23:42:39,2026-09-22 23:42:29,live
RB,00-0040583,Woody Marks,HOU,IND,2026_03_HOU_IND,2026,3,NA,NA,15,20,14.100021847220871,NA,NA,NA,NA,NA,10.390308815405003,2.9591037875146267,19.30742274778204,1.9350816693056103,23.817933068676375,0.19229313140470017,0.0923226286723069,0.24411134903640255,0.1028026979725097,strat_iso,platt_vol_vegas,0.24411134903640255,0.1028026979725097,NA,NA,NA,2026-09-27 13:00:00,2026-09-22 23:42:39,2026-09-22 23:42:29,live
RB,00-0040730,RJ Harvey,DEN,LA,2026_03_LA_DEN,2026,3,NA,NA,15,20,11.010784329792468,NA,NA,NA,NA,NA,11.367739711171897,5.130808440847463,18.851778506650604,4.271357578357291,22.63740180192028,0.19833349494019312,0.08483444595789347,0.21890547263681592,0.07582782232917766,strat_iso,platt_vol_vegas,0.21890547263681592,0.07582782232917766,NA,NA,NA,2026-09-27 20:20:00,2026-09-22 23:42:39,2026-09-22 23:42:29,live
RB,00-0041496,Jonah Coleman,DEN,LA,2026_03_LA_DEN,2026,3,NA,NA,15,20,12.91811279658524,NA,NA,NA,NA,NA,8.367996599972589,1.3836853425857931,16.748857979460325,0.421245310158012,20.9881176812916,0.13986961896939645,0.06165436598357909,0.2130658307210031,0.13825397404517467,strat_iso,platt_vol_vegas,0.14106583072100312,0.06625397404517468,role_change_up,0.72,"Rookie RB Coleman took over backfield duties when Dobbins left the game, signaling potential increased opportunity if Dobbins' hamstring limits him.",2026-09-27 20:20:00,2026-09-22 23:42:39,2026-09-22 23:42:29,live
RB,00-0038551,Kendre Miller,NO,LV,2026_03_LV_NO,2026,3,NA,NA,15,20,12.24667942487472,NA,NA,NA,NA,NA,7.930844218503507,1.2057050895314203,16.0007106263148,0.2789790484312755,20.082660907168552,0.12369290788201648,0.05101251731992273,0.2114822134387352,0.1451765364090975,strat_iso,platt_vol_vegas,0.12648221343873517,0.06017653640909748,role_change_up,0.85,"Miller saw more touches than Donaldson in Week 1 backfield, indicating he has moved ahead in the Saints' RB pecking order despite Kamara/Estime absences.",2026-09-27 16:25:00,2026-09-22 23:42:39,2026-09-22 23:42:29,live
RB,00-0039811,MarShawn Lloyd,GB,ATL,2026_03_ATL_GB,2026,3,NA,NA,15,20,13.614306407000006,NA,NA,NA,NA,NA,9.794996650245867,2.546070759378994,18.493383764262543,1.547166756912926,22.893256318369055,0.17673328049936232,0.08287886504426933,0.2,0.09646812673202648,strat_iso,platt_vol_vegas,0.2,0.09646812673202648,NA,NA,NA,2026-09-24 20:15:00,2026-09-22 23:42:39,2026-09-22 23:42:29,live
RB,00-0041052,Kaelon Black,SF,ARI,2026_03_ARI_SF,2026,3,NA,NA,15,20,13.265751818231733,NA,NA,NA,NA,NA,10.295300561205314,3.178349827872755,18.83532338416017,2.1976320387949624,23.15509112243587,0.18580629630563283,0.08651922179148541,0.2,0.10933084015891434,strat_iso,platt_vol_vegas,0.2,0.10933084015891434,NA,NA,NA,2026-09-27 16:05:00,2026-09-22 23:42:39,2026-09-22 23:42:29,live
RB,00-0034844,Saquon Barkley,PHI,CHI,2026_03_PHI_CHI,2026,3,NA,NA,15,20,15.383300822066534,NA,NA,NA,NA,NA,11.08834606303886,3.1841152701673288,20.573069773837553,2.094910070075164,25.37069202166551,0.22294180405030617,0.11154407176011204,0.19874235807860263,0.0545769175082821,strat_iso,platt_vol_vegas,0.27074235807860264,0.1265769175082821,role_change_down,0.72,Shoulder injury limited Barkley's snaps in Week 2 with Bigsby getting significant work; potential opportunity shift if Barkley's status uncertain for Week 3.,2026-09-28 20:15:00,2026-09-22 23:42:39,2026-09-22 23:42:29,live
RB,00-0038797,Emanuel Wilson,SEA,WAS,2026_03_SEA_WAS,2026,3,NA,NA,15,20,10.833724331906147,NA,NA,NA,NA,NA,7.98014896479335,1.8144381022857,15.378726453737102,0.964801431787074,19.12112117661371,0.10978033237805074,0.04496510884086269,0.18738461538461537,0.12108749690161053,strat_iso,platt_vol_vegas,0.1153846153846154,0.04908749690161054,role_change_up,0.72,"Wilson established clear touch lead (21 vs 13 carries) over Jadarian Price in the backfield, suggesting increased opportunity in Seattle's rotation.",2026-09-27 13:00:00,2026-09-22 23:42:39,2026-09-22 23:42:29,live
RB,00-0036973,Travis Etienne,NO,LV,2026_03_LV_NO,2026,3,NA,NA,15,20,15.745748763948976,NA,NA,NA,NA,NA,11.119637911970624,3.0839198185871446,20.762140507206652,1.9765956319399756,25.639571456826552,0.2265132112367202,0.11510154843646392,0.18574235807860265,0.05063973569700698,strat_iso,platt_vol_vegas,0.27074235807860264,0.135639735697007,role_change_down,0.85,"Kamara's return as offensive focal point in Week 2 explicitly reduced Etienne's volume, signaling a committee backfield with Kamara prioritized.",2026-09-27 16:25:00,2026-09-22 23:42:39,2026-09-22 23:42:29,live
RB,00-0040242,Jacory Croskey-Merritt,WAS,SEA,2026_03_SEA_WAS,2026,3,NA,NA,15,20,14.453942586241698,NA,NA,NA,NA,NA,8.672723675227996,1.1098514006572548,17.747832419402666,0.06768549926121281,22.338260663816342,0.15785149747281935,0.07546887282969617,0.1794871794871795,0.06351266209671046,strat_iso,platt_vol_vegas,0.1794871794871795,0.06351266209671046,NA,NA,NA,2026-09-27 13:00:00,2026-09-22 23:42:39,2026-09-22 23:42:29,live
RB,00-0036875,Rhamondre Stevenson,NE,JAX,2026_03_NE_JAX,2026,3,NA,NA,15,20,15.129758136352388,NA,NA,NA,NA,NA,10.47334367422189,2.6616291604840496,19.847051984619373,1.5851727293696918,24.588519728525412,0.19879670081967624,0.09838712373845417,0.17211134903640257,0.03329080188288401,strat_iso,platt_vol_vegas,0.24411134903640255,0.105290801882884,role_change_down,0.72,Henderson's return from injury and season debut will reduce Stevenson's backfield workload in a committee situation.,2026-09-27 13:00:00,2026-09-22 23:42:39,2026-09-22 23:42:29,live
RB,00-0037746,Brian Robinson,ATL,GB,2026_03_ATL_GB,2026,3,NA,NA,15,20,11.597761148828695,NA,NA,NA,NA,NA,9.54274914890452,3.072058765570425,17.307288433283112,2.180395832338509,21.234796239594537,0.15677568687110355,0.06571984449795676,0.15502183406113537,0.05468781131906571,strat_iso,platt_vol_vegas,0.15502183406113537,0.05468781131906571,NA,NA,NA,2026-09-24 20:15:00,2026-09-22 23:42:39,2026-09-22 23:42:29,live
RB,00-0036139,Rico Dowdle,PIT,CIN,2026_03_CIN_PIT,2026,3,NA,NA,15,20,13.247437601942863,NA,NA,NA,NA,NA,8.844709234787768,1.734720680839284,17.376377753622037,0.7549622820156259,21.69191966555464,0.1532178964730767,0.06960263276410816,0.14106583072100312,0.06676103677727797,strat_iso,platt_vol_vegas,0.14106583072100312,0.06676103677727797,NA,NA,NA,2026-09-27 13:00:00,2026-09-22 23:42:39,2026-09-22 23:42:29,live
RB,00-0039032,Tyjae Spears,TEN,NYG,2026_03_TEN_NYG,2026,3,NA,NA,15,20,10.812154824715329,NA,NA,NA,NA,NA,9.678881494386037,3.521869826885224,17.067020338089236,2.6734319078763207,20.804134920165723,0.15345470055746446,0.06075876725886897,0.14106583072100312,0.05080774400870339,strat_iso,platt_vol_vegas,0.14106583072100312,0.05080774400870339,NA,NA,NA,2026-09-27 13:00:00,2026-09-22 23:42:39,2026-09-22 23:42:29,live
RB,00-0040142,Kaleb Johnson,GB,ATL,2026_03_ATL_GB,2026,3,NA,NA,15,20,12.110840156413124,NA,NA,NA,NA,NA,8.114826090430055,1.442619243914482,16.12117612484107,0.5231872860483922,20.17099815658414,0.12675564760745528,0.05211118112405721,0.14106583072100312,0.06225066146635431,strat_iso,platt_vol_vegas,0.14106583072100312,0.06225066146635431,NA,NA,NA,2026-09-24 20:15:00,2026-09-22 23:42:39,2026-09-22 23:42:29,live
RB,00-0040236,Kyle Monangai,CHI,PHI,2026_03_PHI_CHI,2026,3,NA,NA,15,20,12.236233519589826,NA,NA,NA,NA,NA,8.258664125548448,1.5375893396200215,16.32365350334313,0.6114233661209019,20.403136854381696,0.13135788141383165,0.05494102830789915,0.14106583072100312,0.04926995524672626,strat_iso,platt_vol_vegas,0.14106583072100312,0.04926995524672626,NA,NA,NA,2026-09-28 20:15:00,2026-09-22 23:42:39,2026-09-22 23:42:29,live
RB,00-0038951,Sean Tucker,TB,MIN,2026_03_MIN_TB,2026,3,NA,NA,15,20,9.26899007664226,NA,NA,NA,NA,NA,5.692098178264665,0.17146159369326242,12.316615362101166,-0.5892836620193069,15.66747006186514,0.05995969866900164,0.02227978115445794,0.14089147286821707,0.09883026995174742,strat_iso,platt_vol_vegas,0.06589147286821706,0.0238302699517474,role_change_up,0.75,Tucker's return from hamstring injury after missing Week 1 increases his snap/carry opportunities in the RB rotation.,2026-09-27 16:05:00,2026-09-22 23:42:39,2026-09-22 23:42:29,live
RB,00-0039875,Ray Davis,BUF,LAC,2026_03_LAC_BUF,2026,3,NA,NA,15,20,8.178821799525414,NA,NA,NA,NA,NA,6.332352447035035,1.2800310710257508,12.394912309637617,0.5838197812125747,15.461514243702986,0.05752484759394838,0.01827042536150158,0.13745454545454547,0.11831956203626008,strat_iso,platt_vol_vegas,0.04545454545454545,0.02631956203626004,role_change_up,0.92,"Ray Davis will handle primary RB2 duties with Ty Johnson inactive, representing a concrete opportunity increase.",2026-09-27 13:00:00,2026-09-22 23:42:39,2026-09-22 23:42:29,live
RB,00-0035537,Ty Johnson,BUF,LAC,2026_03_LAC_BUF,2026,3,NA,NA,15,20,9.855535848016933,NA,NA,NA,NA,NA,8.798632131587329,3.0327238581994704,15.717464380794024,2.2381800955992723,19.21719136704151,0.1198127036521226,0.04520451961802307,0.11583011583011583,0.0578928208015174,strat_iso,platt_vol_vegas,0.11583011583011583,0.0578928208015174,NA,NA,NA,2026-09-27 13:00:00,2026-09-22 23:42:39,2026-09-22 23:42:29,live
RB,00-0036893,Najee Harris,NYG,TEN,2026_03_TEN_NYG,2026,3,NA,NA,15,20,10.273660564916929,NA,NA,NA,NA,NA,6.433679644095718,0.49552322055488673,13.559201975703662,-0.3227563850095718,17.1634782317,0.08001265827086201,0.03312752751821124,0.11,0.11,strat_iso,platt_vol_vegas,0.025,0.025,role_change_up,0.85,"Najee Harris out-touched Devin Singletary in the same game, signaling a shift in backfield opportunity allocation away from Singletary.",2026-09-27 13:00:00,2026-09-22 23:42:39,2026-09-22 23:42:29,live
RB,00-0036919,Kenny Gainwell,TB,MIN,2026_03_MIN_TB,2026,3,NA,NA,15,20,10.456595023105782,NA,NA,NA,NA,NA,8.079491036061901,2.0666193932221626,15.294668291799969,1.2380440096726035,18.94429436206072,0.10780301784787216,0.0437983800348507,0.10303030303030304,0.04299444239642028,strat_iso,platt_vol_vegas,0.10303030303030304,0.04299444239642028,NA,NA,NA,2026-09-27 16:05:00,2026-09-22 23:42:39,2026-09-22 23:42:29,live
RB,00-0038555,Tank Bigsby,PHI,CHI,2026_03_PHI_CHI,2026,3,NA,NA,15,20,10.63430431425535,NA,NA,NA,NA,NA,7.84594945010086,1.7608607740677824,15.147783918286484,0.9223338632727957,18.84124348154607,0.10386697525913602,0.04327380397372549,0.10303030303030304,0.04691998540727598,strat_iso,platt_vol_vegas,0.10303030303030304,0.04691998540727598,NA,NA,NA,2026-09-28 20:15:00,2026-09-22 23:42:39,2026-09-22 23:42:29,live
RB,00-0035125,Alec Ingold,LAC,BUF,2026_03_LAC_BUF,2026,3,NA,NA,15,20,10.078397830360046,NA,NA,NA,NA,NA,8.319545084225533,2.461568403914912,15.348855307195764,1.6543375892520498,18.9044649528632,0.10948219372087088,0.04339423866860026,0.10303030303030304,0.0397867790258196,strat_iso,platt_vol_vegas,0.10303030303030304,0.0397867790258196,NA,NA,NA,2026-09-27 13:00:00,2026-09-22 23:42:39,2026-09-22 23:42:29,live
RB,00-0033376,Patrick Ricard,NYG,TEN,2026_03_TEN_NYG,2026,3,NA,NA,15,20,8.272075848260002,NA,NA,NA,NA,NA,7.52214367030032,2.4290789829094575,13.633593685739257,1.7272532534640508,16.72492554258354,0.0778993913054743,0.02728638673069117,0.09239130434782608,0.02677169535165396,strat_iso,platt_vol_vegas,0.09239130434782608,0.02677169535165396,NA,NA,NA,2026-09-27 13:00:00,2026-09-22 23:42:39,2026-09-22 23:42:29,live
RB,00-0033526,Samaje Perine,CIN,PIT,2026_03_CIN_PIT,2026,3,NA,NA,15,20,8.673173023745457,NA,NA,NA,NA,NA,8.627678184082912,3.3608719285813784,14.947610316731378,2.6351045627620726,18.14439790157541,0.09918058860843616,0.03755537674074905,0.09239130434782608,0.03788039203297576,strat_iso,platt_vol_vegas,0.09239130434782608,0.03788039203297576,NA,NA,NA,2026-09-27 13:00:00,2026-09-22 23:42:39,2026-09-22 23:42:29,live
RB,00-0035250,Devin Singletary,NYG,TEN,2026_03_TEN_NYG,2026,3,NA,NA,15,20,9.695928426775582,NA,NA,NA,NA,NA,7.830590648072268,2.1309923972099964,14.669853833647972,1.3455861741434667,18.129332698647577,0.09522838295541858,0.03840698088909278,0.09239130434782608,0.03793221656462385,strat_iso,platt_vol_vegas,0.09239130434782608,0.03793221656462385,NA,NA,NA,2026-09-27 13:00:00,2026-09-22 23:42:39,2026-09-22 23:42:29,live
RB,00-0037085,Tyler Badie,DEN,LA,2026_03_LA_DEN,2026,3,NA,NA,15,20,8.241352661331494,NA,NA,NA,NA,NA,8.434718667104038,3.35506228010329,14.530079321292751,2.6550842181782306,17.613272756835478,0.09237931890211536,0.03340364575215115,0.09239130434782608,0.0313567800578193,strat_iso,platt_vol_vegas,0.09239130434782608,0.0313567800578193,NA,NA,NA,2026-09-27 20:20:00,2026-09-22 23:42:39,2026-09-22 23:42:29,live
RB,00-0037304,Connor Heyward,LV,NO,2026_03_LV_NO,2026,3,NA,NA,15,20,7.994148561495497,NA,NA,NA,NA,NA,7.769519850169099,2.798285749200158,13.734778606519466,2.1132483084242466,16.75216308667393,0.07903446839801198,0.02692327154238638,0.09239130434782608,0.02450451977484001,strat_iso,platt_vol_vegas,0.09239130434782608,0.02450451977484001,NA,NA,NA,2026-09-27 16:25:00,2026-09-22 23:42:39,2026-09-22 23:42:29,live
RB,00-0038454,Keaton Mitchell,LAC,BUF,2026_03_LAC_BUF,2026,3,NA,NA,15,20,9.59134976341572,NA,NA,NA,NA,NA,7.471532895862885,1.815555157321296,14.258453416057629,1.036159852976069,17.69145598679719,0.08919973742136433,0.03558300629513467,0.09239130434782608,0.03316414490290256,strat_iso,platt_vol_vegas,0.09239130434782608,0.03316414490290256,NA,NA,NA,2026-09-27 13:00:00,2026-09-22 23:42:39,2026-09-22 23:42:29,live
RB,00-0038488,Brady Russell,SEA,WAS,2026_03_SEA_WAS,2026,3,NA,NA,15,20,8.231603015522252,NA,NA,NA,NA,NA,8.397163492553327,3.321765118089542,14.487414721988577,2.6223738114755113,17.568023676357335,0.09168045529951951,0.03307481409468404,0.09239130434782608,0.03320553197130806,strat_iso,platt_vol_vegas,0.09239130434782608,0.03320553197130806,NA,NA,NA,2026-09-27 13:00:00,2026-09-22 23:42:39,2026-09-22 23:42:29,live
RB,00-0038794,Jaleel McLaughlin,CLE,CAR,2026_03_CAR_CLE,2026,3,NA,NA,15,20,8.244020217430208,NA,NA,NA,NA,NA,7.814951759072689,2.7341306126279363,13.911710072541023,2.0339920465277697,16.99561048083902,0.08235530037658378,0.02911345662043063,0.09239130434782608,0.02637741038034697,strat_iso,platt_vol_vegas,0.09239130434782608,0.02637741038034697,NA,NA,NA,2026-09-27 13:00:00,2026-09-22 23:42:39,2026-09-22 23:42:29,live
RB,00-0039746,Will Shipley,PHI,CHI,2026_03_PHI_CHI,2026,3,NA,NA,15,20,9.71547000735856,NA,NA,NA,NA,NA,7.927592083777331,2.2198581435548315,14.77661773300076,1.433330820233298,18.241034708399575,0.09677604819821772,0.03911476547408354,0.09239130434782608,0.04111382937475357,strat_iso,platt_vol_vegas,0.09239130434782608,0.04111382937475357,NA,NA,NA,2026-09-28 20:15:00,2026-09-22 23:42:39,2026-09-22 23:42:29,live
RB,00-0040466,Raheim Sanders,CLE,CAR,2026_03_CAR_CLE,2026,3,NA,NA,15,20,8.588648219557083,NA,NA,NA,NA,NA,8.06345943456288,2.833068151815578,14.33969522729404,2.1123187793626723,17.51438005628265,0.08960046731762783,0.03321409399894859,0.09239130434782608,0.02981037168768673,strat_iso,platt_vol_vegas,0.09239130434782608,0.02981037168768673,NA,NA,NA,2026-09-27 13:00:00,2026-09-22 23:42:39,2026-09-22 23:42:29,live
RB,00-0041013,Emmett Johnson,KC,MIA,2026_03_KC_MIA,2026,3,NA,NA,15,20,8.614296246539755,NA,NA,NA,NA,NA,7.492351428255321,2.250899466230659,13.781859541816754,1.5286259290992223,16.963257859108996,0.08085526651029296,0.02953552782481283,0.09239130434782608,0.0373515719368879,strat_iso,platt_vol_vegas,0.09239130434782608,0.0373515719368879,NA,NA,NA,2026-09-27 13:00:00,2026-09-22 23:42:39,2026-09-22 23:42:29,live
RB,00-0031595,Michael Burton,CLE,CAR,2026_03_CAR_CLE,2026,3,NA,NA,15,20,9.567729036608611,NA,NA,NA,NA,NA,7.666146463240395,2.020040257735558,14.44122158495056,1.242005253386405,17.868232442168804,0.09184743733927048,0.03666370950584585,0.09239130434782608,0.03412488879753118,strat_iso,platt_vol_vegas,0.09239130434782608,0.03412488879753118,NA,NA,NA,2026-09-27 13:00:00,2026-09-22 23:42:39,2026-09-22 23:42:29,live
RB,00-0040179,DJ Giddens,IND,HOU,2026_03_HOU_IND,2026,3,NA,NA,15,20,9.700833633183668,NA,NA,NA,NA,NA,6.889634994132087,1.1879941239297134,13.731349231631109,0.4023064273504096,17.192067903039042,0.08167070356151251,0.0326047376246309,0.09239130434782608,0.03078881392104703,strat_iso,platt_vol_vegas,0.09239130434782608,0.03078881392104703,NA,NA,NA,2026-09-27 13:00:00,2026-09-22 23:42:39,2026-09-22 23:42:29,live
RB,00-0041081,Max Bredeson,MIN,TB,2026_03_MIN_TB,2026,3,NA,NA,15,20,9.795678359014644,NA,NA,NA,NA,NA,6.648024021812584,0.9069470030790958,13.537059875144603,0.11582499427165692,17.021715062137606,0.07900882517277408,0.03167613374048927,0.09239130434782608,0.03482611265105706,strat_iso,platt_vol_vegas,0.09239130434782608,0.03482611265105706,NA,NA,NA,2026-09-27 16:05:00,2026-09-22 23:42:39,2026-09-22 23:42:29,live
RB,00-0039344,Jonathon Brooks,CAR,CLE,2026_03_CAR_CLE,2026,3,NA,NA,15,20,10.339541619041974,NA,NA,NA,NA,NA,7.420681647481725,1.4555733331765497,14.57854504352493,0.6335797495739861,18.199180258936863,0.09417982023318638,0.03933658895926628,0.07432432432432433,0.04291134975536719,strat_iso,platt_vol_vegas,0.07432432432432433,0.04291134975536719,NA,NA,NA,2026-09-27 13:00:00,2026-09-22 23:42:39,2026-09-22 23:42:29,live
RB,00-0039794,Braelon Allen,NYJ,DET,2026_03_NYJ_DET,2026,3,NA,NA,15,20,10.36780392707217,NA,NA,NA,NA,NA,7.440987062855679,1.464332015589738,14.612706022427467,0.6407472889759802,18.240349745611244,0.09466190718926736,0.03960050124079217,0.07432432432432433,0.03602656568128612,strat_iso,platt_vol_vegas,0.07432432432432433,0.03602656568128612,NA,NA,NA,2026-09-27 13:00:00,2026-09-22 23:42:39,2026-09-22 23:42:29,live
RB,00-0039391,Kimani Vidal,LAC,BUF,2026_03_LAC_BUF,2026,3,NA,NA,15,20,11.093865171402928,NA,NA,NA,NA,NA,7.104948210292653,0.834713851877618,14.628949223162657,-0.02932618540741405,18.434786457085156,0.09512524112263576,0.04118273152344787,0.07432432432432433,0.04061173645474689,strat_iso,platt_vol_vegas,0.07432432432432433,0.04061173645474689,NA,NA,NA,2026-09-27 13:00:00,2026-09-22 23:42:39,2026-09-22 23:42:29,live
RB,00-0037557,Ronnie Rivers,LA,DEN,2026_03_LA_DEN,2026,3,NA,NA,15,20,9.1969901835454,NA,NA,NA,NA,NA,6.8367046403869285,1.3464831438601017,13.424725077822428,0.5899290957333845,16.75711876513673,0.0763642133854967,0.02913658393086182,0.07142857142857142,0.03405299241629223,strat_iso,platt_vol_vegas,0.07142857142857142,0.03405299241629223,NA,NA,NA,2026-09-27 20:20:00,2026-09-22 23:42:39,2026-09-22 23:42:29,live
RB,00-0039738,Blake Corum,LA,DEN,2026_03_LA_DEN,2026,3,NA,NA,15,20,12.631845744127643,NA,NA,NA,NA,NA,8.381017908036544,1.5067129158137007,16.6298766855155,0.5594317772997144,20.802366005891443,0.13775174916158406,0.05961495577679698,0.06906583072100313,0,strat_iso,platt_vol_vegas,0.14106583072100312,0.07195398913813218,role_change_down,0.72,"Blurb explicitly notes Blake Corum is seeing nearly equal touches to the lead back Kyren Williams and 'seemingly only getting better,' suggesting a potential backfield committee risk to Williams's opportunity.",2026-09-27 20:20:00,2026-09-22 23:42:39,2026-09-22 23:42:29,live
RB,00-0032104,Ameer Abdullah,JAX,NE,2026_03_NE_JAX,2026,3,NA,NA,15,20,8.28803337366148,NA,NA,NA,NA,NA,7.27507658814044,2.1750534026205273,13.394876490358447,1.4722687901989522,16.490431939138524,0.07407373997655076,0.02569331348330728,0.06589147286821706,0.02943642822854247,strat_iso,platt_vol_vegas,0.06589147286821706,0.02943642822854247,NA,NA,NA,2026-09-27 13:00:00,2026-09-22 23:42:39,2026-09-22 23:42:29,live
RB,00-0036187,Reggie Gilliam,NE,JAX,2026_03_NE_JAX,2026,3,NA,NA,15,20,7.934022996020405,NA,NA,NA,NA,NA,7.472461280245901,2.527744885725739,13.40589997393596,1.8463615922685737,16.407189031050052,0.07344307736228417,0.02433523915257285,0.06589147286821706,0.02363171067350434,strat_iso,platt_vol_vegas,0.06589147286821706,0.02363171067350434,NA,NA,NA,2026-09-27 13:00:00,2026-09-22 23:42:39,2026-09-22 23:42:29,live
RB,00-0036265,AJ Dillon,CAR,CLE,2026_03_CAR_CLE,2026,3,NA,NA,15,20,9.162353168567895,NA,NA,NA,NA,NA,6.408321055749913,0.9327560732294716,12.978754331378424,0.17822169680634037,16.302251970548983,0.06959158862038473,0.02614647217702681,0.06589147286821706,0.02925179199643704,strat_iso,platt_vol_vegas,0.06589147286821706,0.02925179199643704,NA,NA,NA,2026-09-27 13:00:00,2026-09-22 23:42:39,2026-09-22 23:42:29,live
RB,00-0036425,DeeJay Dallas,MIN,TB,2026_03_MIN_TB,2026,3,NA,NA,15,20,8.461167491780282,NA,NA,NA,NA,NA,7.203619131216926,2.0283474366360403,13.413713881446778,1.3151935587519343,16.554942834790058,0.07475054919405189,0.02648702839085159,0.06589147286821706,0.02801597025647759,strat_iso,platt_vol_vegas,0.06589147286821706,0.02801597025647759,NA,NA,NA,2026-09-27 16:05:00,2026-09-22 23:42:39,2026-09-22 23:42:29,live
RB,00-0036727,Adam Prentice,DEN,LA,2026_03_LA_DEN,2026,3,NA,NA,15,20,7.85013091818131,NA,NA,NA,NA,NA,7.07366764533308,2.16604905313916,12.962590634135122,1.4897778471531975,15.941362479081471,0.06580118465062279,0.02078851037163831,0.06589147286821706,0.02127234338497442,strat_iso,platt_vol_vegas,0.06589147286821706,0.02127234338497442,NA,NA,NA,2026-09-27 20:20:00,2026-09-22 23:42:39,2026-09-22 23:42:29,live
RB,00-0037157,Bam Knight,ARI,SF,2026_03_ARI_SF,2026,3,NA,NA,15,20,8.938370964126383,NA,NA,NA,NA,NA,6.848952701728709,1.4685586104631083,13.30518516104544,0.727138809305881,16.570917029302322,0.07405153106064422,0.02748830750522901,0.06589147286821706,0.02295261524299791,strat_iso,platt_vol_vegas,0.06589147286821706,0.02295261524299791,NA,NA,NA,2026-09-27 16:05:00,2026-09-22 23:42:39,2026-09-22 23:42:29,live
RB,00-0038705,Emari Demercado,DAL,BAL,2026_03_BAL_DAL,2026,3,NA,NA,15,20,8.675149412000073,NA,NA,NA,NA,NA,6.910721257256253,1.643064775516658,13.23167362339372,0.917180248285443,16.42897726911987,0.07234659931392484,0.02605474809007546,0.06589147286821706,0.02986007325052088,strat_iso,platt_vol_vegas,0.06589147286821706,0.02986007325052088,NA,NA,NA,2026-09-27 16:25:00,2026-09-22 23:42:39,2026-09-22 23:42:29,live
RB,00-0038738,Hunter Luepke,DAL,BAL,2026_03_BAL_DAL,2026,3,NA,NA,15,20,8.01281844464211,NA,NA,NA,NA,NA,7.029620709052595,2.050164310354022,13.00474585522344,1.363993834665732,16.027121014363587,0.0669919510365451,0.02181827037442563,0.06589147286821706,0.02504421339181765,strat_iso,platt_vol_vegas,0.06589147286821706,0.02504421339181765,NA,NA,NA,2026-09-27 16:25:00,2026-09-22 23:42:39,2026-09-22 23:42:29,live
RB,00-0039364,Sione Vaki,DET,NYJ,2026_03_NYJ_DET,2026,3,NA,NA,15,20,8.328151308929305,NA,NA,NA,NA,NA,7.303994872070346,2.1864949377425287,13.44476609182067,1.4813020244778867,16.550929383551907,0.07496535497152645,0.02619388748973628,0.06589147286821706,0.03249953588692682,strat_iso,platt_vol_vegas,0.06589147286821706,0.03249953588692682,NA,NA,NA,2026-09-27 13:00:00,2026-09-22 23:42:39,2026-09-22 23:42:29,live
RB,00-0040177,Jordan James,SF,ARI,2026_03_ARI_SF,2026,3,NA,NA,15,20,9.583727570324664,NA,NA,NA,NA,NA,6.040003438344139,0.38721037809632897,12.823102486909852,-0.3917460766948935,16.254172056977396,0.06827669231656974,0.02659390413408591,0.06589147286821706,0.03621438281117869,strat_iso,platt_vol_vegas,0.06589147286821706,0.03621438281117869,NA,NA,NA,2026-09-27 16:05:00,2026-09-22 23:42:39,2026-09-22 23:42:29,live
RB,00-0040556,Corey Kiner,NE,JAX,2026_03_NE_JAX,2026,3,NA,NA,15,20,8.482285984379287,NA,NA,NA,NA,NA,6.773593453308978,1.5891739887877714,12.994665118652712,0.8747595456634363,16.141446483828815,0.06813673006425947,0.02371132865960801,0.06589147286821706,0.02395110823726062,strat_iso,platt_vol_vegas,0.06589147286821706,0.02395110823726062,NA,NA,NA,2026-09-27 13:00:00,2026-09-22 23:42:39,2026-09-22 23:42:29,live
RB,00-0040568,Lan Larison,NE,JAX,2026_03_NE_JAX,2026,3,NA,NA,15,20,7.721855750395656,NA,NA,NA,NA,NA,6.8149964533603145,1.9643266435249735,12.635583448377274,1.295902995575883,15.579789153696648,0.05984627454272517,0.01781262835875852,0.06589147286821706,0.01835926118148687,strat_iso,platt_vol_vegas,0.06589147286821706,0.01835926118148687,NA,NA,NA,2026-09-27 13:00:00,2026-09-22 23:42:39,2026-09-22 23:42:29,live
RB,00-0040878,Mike Washington Jr.,LV,NO,2026_03_LV_NO,2026,3,NA,NA,15,20,8.717414788249478,NA,NA,NA,NA,NA,6.4848336988792745,1.199008484110033,12.827587732690322,0.47062030041766967,16.035919234267602,0.06614420507603913,0.02351048923383547,0.06589147286821706,0.02307346842136132,strat_iso,platt_vol_vegas,0.06589147286821706,0.02307346842136132,NA,NA,NA,2026-09-27 16:25:00,2026-09-22 23:42:39,2026-09-22 23:42:29,live
RB,00-0040886,Nicholas Singleton,TEN,NYG,2026_03_TEN_NYG,2026,3,NA,NA,15,20,8.48147681709095,NA,NA,NA,NA,NA,6.593180052850498,1.4091109680086795,12.81383127823746,0.6947448073015456,15.960399973845949,0.0652610679561253,0.02247598238017301,0.06589147286821706,0.02049516087763091,strat_iso,platt_vol_vegas,0.06589147286821706,0.02049516087763091,NA,NA,NA,2026-09-27 13:00:00,2026-09-22 23:42:39,2026-09-22 23:42:29,live
RB,00-0041096,Kaytron Allen,WAS,SEA,2026_03_SEA_WAS,2026,3,NA,NA,15,20,9.009384052870866,NA,NA,NA,NA,NA,6.174747044296233,0.7641047284582729,12.667276021304447,0.01851671354804018,15.951367621073285,0.06448448668636786,0.02356959849073037,0.06589147286821706,0.01860540966585315,strat_iso,platt_vol_vegas,0.06589147286821706,0.01860540966585315,NA,NA,NA,2026-09-27 13:00:00,2026-09-22 23:42:39,2026-09-22 23:42:29,live
RB,00-0041104,Demond Claiborne,MIN,TB,2026_03_MIN_TB,2026,3,NA,NA,15,20,7.796122404284569,NA,NA,NA,NA,NA,7.188044956741199,2.304370552220706,13.048235990402612,1.6313988619509852,16.01247445816167,0.06707815462848188,0.02115961739923355,0.06589147286821706,0.02265227745002351,strat_iso,platt_vol_vegas,0.06589147286821706,0.02265227745002351,NA,NA,NA,2026-09-27 16:05:00,2026-09-22 23:42:39,2026-09-22 23:42:29,live
RB,00-0041125,Seth McGowan,IND,HOU,2026_03_HOU_IND,2026,3,NA,NA,15,20,8.143507186070439,NA,NA,NA,NA,NA,6.664268316839812,1.6274114376888835,12.708271474321853,0.9333311598408588,15.765486939782836,0.06251934887205302,0.02030467332158425,0.06589147286821706,0.01946182900950637,strat_iso,platt_vol_vegas,0.06589147286821706,0.01946182900950637,NA,NA,NA,2026-09-27 13:00:00,2026-09-22 23:42:39,2026-09-22 23:42:29,live
RB,00-0041326,CJ Donaldson,NO,LV,2026_03_LV_NO,2026,3,NA,NA,15,20,8.280541779472921,NA,NA,NA,NA,NA,6.711255661786651,1.6144988019072644,12.827136119208358,0.9121642900667686,15.9207090099164,0.0648809975139405,0.0217294009406741,0.06589147286821706,0.02474565902424851,strat_iso,platt_vol_vegas,0.06589147286821706,0.02474565902424851,NA,NA,NA,2026-09-27 16:25:00,2026-09-22 23:42:39,2026-09-22 23:42:29,live
RB,00-0041436,DJ Herman,MIA,KC,2026_03_KC_MIA,2026,3,NA,NA,15,20,7.961753636749045,NA,NA,NA,NA,NA,7.0328279418703765,2.07587400614858,12.980951138105793,1.3928043761126316,15.989668002107887,0.06644667888076827,0.02142345725552419,0.06589147286821706,0.01537983421572734,strat_iso,platt_vol_vegas,0.06589147286821706,0.01537983421572734,NA,NA,NA,2026-09-27 13:00:00,2026-09-22 23:42:39,2026-09-22 23:42:29,live
RB,00-0034959,Andrew Beck,NYJ,DET,2026_03_NYJ_DET,2026,3,NA,NA,15,20,8.76029815070788,NA,NA,NA,NA,NA,6.255511488832473,0.9512781150279076,12.620354490823948,0.22035328190426995,15.839859172390998,0.06304329788988239,0.02229681832919183,0.06589147286821706,0.02100789915581096,strat_iso,platt_vol_vegas,0.06589147286821706,0.02100789915581096,NA,NA,NA,2026-09-27 13:00:00,2026-09-22 23:42:39,2026-09-22 23:42:29,live
RB,00-0037120,Tyler Goodson,DAL,BAL,2026_03_BAL_DAL,2026,3,NA,NA,15,20,9.71109970786014,NA,NA,NA,NA,NA,6.169625943063365,0.4637110624090628,13.016468802098863,-0.3225655939983998,16.47978166491757,0.0713636729272159,0.02820842836249992,0.06589147286821706,0.03377503068091038,strat_iso,platt_vol_vegas,0.06589147286821706,0.03377503068091038,NA,NA,NA,2026-09-27 16:25:00,2026-09-22 23:42:39,2026-09-22 23:42:29,live
RB,00-0037594,Julius Chestnut,TEN,NYG,2026_03_TEN_NYG,2026,3,NA,NA,15,20,8.688320654015316,NA,NA,NA,NA,NA,6.553998913713825,1.2806777116292816,12.881748691108466,0.5540125843601285,16.082490645895522,0.06690999557581545,0.02375962373841944,0.06589147286821706,0.02166141823905485,strat_iso,platt_vol_vegas,0.06589147286821706,0.02166141823905485,NA,NA,NA,2026-09-27 13:00:00,2026-09-22 23:42:39,2026-09-22 23:42:29,live
RB,00-0038489,Ben VanSumeren,KC,MIA,2026_03_KC_MIA,2026,3,NA,NA,15,20,8.977239368730176,NA,NA,NA,NA,NA,6.182818662438244,0.7858598212534265,12.65892808137816,0.04215739295346488,15.93471423762646,0.06426702161011899,0.02339359397560236,0.06589147286821706,0.03196960675045711,strat_iso,platt_vol_vegas,0.06589147286821706,0.03196960675045711,NA,NA,NA,2026-09-27 13:00:00,2026-09-22 23:42:39,2026-09-22 23:42:29,live
RB,00-0038896,Jacob Saylors,DET,NYJ,2026_03_NYJ_DET,2026,3,NA,NA,15,20,8.942776184875566,NA,NA,NA,NA,NA,6.5731600492682585,1.1908875085032973,13.03164656403618,0.4492088564829766,16.298518592714196,0.06987403518281765,0.02570851146584996,0.06589147286821706,0.03324909498306397,strat_iso,platt_vol_vegas,0.06589147286821706,0.03324909498306397,NA,NA,NA,2026-09-27 13:00:00,2026-09-22 23:42:39,2026-09-22 23:42:29,live
RB,00-0039021,Roschon Johnson,CHI,PHI,2026_03_PHI_CHI,2026,3,NA,NA,15,20,9.355524911071692,NA,NA,NA,NA,NA,6.3550504129149354,0.7979496907847867,13.02332293223698,0.03217966678209016,16.396310229363557,0.0706984211080941,0.02709431046921961,0.06589147286821706,0.02402306603080912,strat_iso,platt_vol_vegas,0.06589147286821706,0.02402306603080912,NA,NA,NA,2026-09-28 20:15:00,2026-09-22 23:42:39,2026-09-22 23:42:29,live
RB,00-0039407,Dylan Laube,LV,NO,2026_03_LV_NO,2026,3,NA,NA,15,20,9.05116527619962,NA,NA,NA,NA,NA,6.393730415683599,0.965323759201004,12.907575807575704,0.2172878132126721,16.202449809595695,0.06824728060706586,0.02528984956483615,0.06589147286821706,0.02490365555750157,strat_iso,platt_vol_vegas,0.06589147286821706,0.02490365555750157,NA,NA,NA,2026-09-27 16:25:00,2026-09-22 23:42:39,2026-09-22 23:42:29,live
RB,00-0039603,British Brooks,HOU,IND,2026_03_HOU_IND,2026,3,NA,NA,15,20,9.36960130677617,NA,NA,NA,NA,NA,6.311972933672833,0.7489500029180842,12.987351838680468,-0.01763610307905061,16.363933732245105,0.07019695916223145,0.02691312343830532,0.06589147286821706,0.03044383213060065,strat_iso,platt_vol_vegas,0.06589147286821706,0.03044383213060065,NA,NA,NA,2026-09-27 13:00:00,2026-09-22 23:42:39,2026-09-22 23:42:29,live
RB,00-0039796,Rasheen Ali,BAL,DAL,2026_03_BAL_DAL,2026,3,NA,NA,15,20,8.682703679507705,NA,NA,NA,NA,NA,6.674341347180372,1.4034356009728943,12.999192685469431,0.677103324194932,16.19846853366647,0.06873030945959024,0.02452480126559209,0.06589147286821706,0.03420694521955911,strat_iso,platt_vol_vegas,0.06589147286821706,0.03420694521955911,NA,NA,NA,2026-09-27 16:25:00,2026-09-22 23:42:39,2026-09-22 23:42:29,live
RB,00-0039798,Isaiah Davis,NYJ,DET,2026_03_NYJ_DET,2026,3,NA,NA,15,20,8.96854162793145,NA,NA,NA,NA,NA,6.127761601311828,0.7345077024713609,12.599425255012669,-0.00868418374382873,15.8729626264919,0.06333362854045299,0.02297088805375302,0.06589147286821706,0.02176914346382862,strat_iso,platt_vol_vegas,0.06589147286821706,0.02176914346382862,NA,NA,NA,2026-09-27 13:00:00,2026-09-22 23:42:39,2026-09-22 23:42:29,live
RB,00-0040078,Brashard Smith,KC,MIA,2026_03_KC_MIA,2026,3,NA,NA,15,20,8.995907031811264,NA,NA,NA,NA,NA,6.741649208037414,1.3367421074021024,13.227296183109631,0.5919444067407911,16.507906685631525,0.07298210477093148,0.02717862287157568,0.06589147286821706,0.03587362684995704,strat_iso,platt_vol_vegas,0.06589147286821706,0.03587362684995704,NA,NA,NA,2026-09-27 13:00:00,2026-09-22 23:42:39,2026-09-22 23:42:29,live
RB,00-0040208,Tahj Brooks,CIN,PIT,2026_03_CIN_PIT,2026,3,NA,NA,15,20,9.412432141066704,NA,NA,NA,NA,NA,6.503202966029918,0.922176214913927,13.200185650879003,0.15310917746718555,16.587695303434295,0.07343455024898093,0.02840377015105655,0.06589147286821706,0.031976177334022,strat_iso,platt_vol_vegas,0.06589147286821706,0.031976177334022,NA,NA,NA,2026-09-27 13:00:00,2026-09-22 23:42:39,2026-09-22 23:42:29,live
RB,00-0041490,Eli Heidenreich,PIT,CIN,2026_03_CIN_PIT,2026,3,NA,NA,15,20,8.96206410861881,NA,NA,NA,NA,NA,6.371639409600828,0.981145394728654,12.83999132587913,0.23833382129135303,16.111853533629635,0.06699114239890414,0.02452241321728365,0.06589147286821706,0.02316290219421512,strat_iso,platt_vol_vegas,0.06589147286821706,0.02316290219421512,NA,NA,NA,2026-09-27 13:00:00,2026-09-22 23:42:39,2026-09-22 23:42:29,live
RB,00-0039299,George Holani,SEA,WAS,2026_03_SEA_WAS,2026,3,NA,NA,15,20,10.151393881880848,NA,NA,NA,NA,NA,8.84697536666449,2.958972133091833,15.91231611166032,2.147603651044138,19.486150941248937,0.1246710953989978,0.04691743838009732,0.05606583072100311,0,strat_iso,platt_vol_vegas,0.14106583072100312,0.04869957598106873,role_change_down,0.85,"Holani was outtouched by both Jadarian Price and Emanuel Wilson, indicating a shift in backfield opportunity share away from him.",2026-09-27 13:00:00,2026-09-22 23:42:39,2026-09-22 23:42:29,live
RB,00-0039686,Colson Yankoff,WAS,SEA,2026_03_SEA_WAS,2026,3,NA,NA,15,20,7.774202232291654,NA,NA,NA,NA,NA,6.6870640710788445,1.8131215641082583,12.535577262599576,1.1414909320257154,15.493908771234778,0.05834775902891698,0.01734393743430806,0.04545454545454545,0.0136155725126348,strat_iso,platt_vol_vegas,0.04545454545454545,0.0136155725126348,NA,NA,NA,2026-09-27 13:00:00,2026-09-22 23:42:39,2026-09-22 23:42:29,live
RB,00-0039874,Jaylen Wright,MIA,KC,2026_03_KC_MIA,2026,3,NA,NA,15,20,8.372120129605833,NA,NA,NA,NA,NA,6.189546854567892,1.0529207608853195,12.353268610794474,0.3450922575458293,15.47104088637758,0.05755412590692632,0.01885669581215054,0.04545454545454545,0.01429306349332469,strat_iso,platt_vol_vegas,0.04545454545454545,0.01429306349332469,NA,NA,NA,2026-09-27 13:00:00,2026-09-22 23:42:39,2026-09-22 23:42:29,live
RB,00-0040198,Ollie Gordon II,MIA,KC,2026_03_KC_MIA,2026,3,NA,NA,15,20,8.467349277321611,NA,NA,NA,NA,NA,6.111756356069726,0.9338062463788503,12.325065084733,0.2202832821481726,15.467919752741922,0.05744418374646587,0.01908395215082536,0.04545454545454545,0.01451037277388394,strat_iso,platt_vol_vegas,0.04545454545454545,0.01451037277388394,NA,NA,NA,2026-09-27 13:00:00,2026-09-22 23:42:39,2026-09-22 23:42:29,live
RB,00-0035594,Travis Homer,PIT,CIN,2026_03_CIN_PIT,2026,3,NA,NA,15,20,8.212179482115534,NA,NA,NA,NA,NA,6.256837659559505,1.189926609492745,12.336904479017464,0.49170485853951895,15.412361891456497,0.05670407416127199,0.01801914187843201,0.02830188679245283,0.01746135203975027,strat_iso,platt_vol_vegas,0.02830188679245283,0.01746135203975027,NA,NA,NA,2026-09-27 13:00:00,2026-09-22 23:42:39,2026-09-22 23:42:29,live
RB,00-0039471,Frank Gore Jr.,BUF,LAC,2026_03_LAC_BUF,2026,3,NA,NA,15,20,8.163119020654648,NA,NA,NA,NA,NA,5.706031210477038,0.6605837739365796,11.76034265291388,-0.03468028510730825,14.822772319520208,0.04875927335531394,0.01375552446780437,0.02830188679245283,0.0211830164363445,strat_iso,platt_vol_vegas,0.02830188679245283,0.0211830164363445,NA,NA,NA,2026-09-27 13:00:00,2026-09-22 23:42:39,2026-09-22 23:42:29,live
RB,00-0040238,LeQuint Allen Jr.,JAX,NE,2026_03_NE_JAX,2026,3,NA,NA,15,20,7.505941311468676,NA,NA,NA,NA,NA,6.575758632106021,1.8215732569672296,12.280568617383503,1.1664451909353837,15.166211271774918,0.05287996976205589,0.0140866602362949,0.02830188679245283,0.01772648785719071,strat_iso,platt_vol_vegas,0.02830188679245283,0.01772648785719071,NA,NA,NA,2026-09-27 13:00:00,2026-09-22 23:42:39,2026-09-22 23:42:29,live
RB,00-0038611,Chris Rodriguez Jr.,JAX,NE,2026_03_NE_JAX,2026,3,NA,NA,15,20,10.391620824887111,NA,NA,NA,NA,NA,6.723096206693943,0.7367177488519809,13.906482824417036,-0.08820686644159359,17.540028355395485,0.08495247732194378,0.03548522951043109,0.025,0.025,strat_iso,platt_vol_vegas,0.025,0.025,NA,NA,NA,2026-09-27 13:00:00,2026-09-22 23:42:39,2026-09-22 23:42:29,live
RB,00-0039384,Tyrone Tracy Jr.,NYG,TEN,2026_03_TEN_NYG,2026,3,NA,NA,15,20,8.845655142198797,NA,NA,NA,NA,NA,6.233115474296334,0.8923196379465379,12.641831797362984,0.15635648732230845,15.883528756501253,0.0636275655565306,0.02277528445285037,0,0,strat_iso,platt_vol_vegas,0.06589147286821706,0.02413221782208901,role_change_down,0.95,"Tracy completely phased out of offensive role and relegated to special teams only, with Najee Harris taking over backfield opportunities.",2026-09-27 13:00:00,2026-09-22 23:42:39,2026-09-22 23:42:29,live
RB,00-0036842,Kene Nwangwu,NYJ,DET,2026_03_NYJ_DET,2026,3,NA,NA,15,20,10.166659490157242,NA,NA,NA,NA,NA,5.994475732298656,0.100201038781079,13.06734194895639,-0.7120316521900616,16.64498335967182,0.07298977413925434,0.02989479302915387,0,0,strat_iso,platt_vol_vegas,0,0,NA,NA,NA,2026-09-27 13:00:00,2026-09-22 23:42:39,2026-09-22 23:42:29,live
TE,00-0037744,Trey McBride,ARI,SF,2026_03_ARI_SF,2026,3,NA,NA,12,17,8.387295320332711,1.7093615466098884,-3.072191797300875,7.471072021247869,-4.953913915395813,9.046632210601125,NA,NA,NA,NA,NA,0.5905,0.3165,0.5861121201875676,0.34215531251562137,platt_vol_vegas,platt,0.5861121201875676,0.34215531251562137,NA,NA,NA,2026-09-27 16:05:00,2026-09-22 23:42:39,2026-09-22 23:42:29,live
TE,00-0038933,Dalton Kincaid,BUF,LAC,2026_03_LAC_BUF,2026,3,NA,NA,12,17,7.345605961183288,2.395263608774477,-2.0621448841662913,7.766383693887224,-3.816303741607954,9.235135554222763,NA,NA,NA,NA,NA,0.59,0.305,0.5749707561614408,0.3299750840291681,platt_vol_vegas,platt,0.5749707561614408,0.3299750840291681,NA,NA,NA,2026-09-27 13:00:00,2026-09-22 23:42:39,2026-09-22 23:42:29,live
TE,00-0033288,George Kittle,SF,ARI,2026_03_ARI_SF,2026,3,NA,NA,12,17,6.715100853499497,2.882897862388084,-1.3677158094408486,8.004832839398189,-3.0404930821117007,9.405444147056814,NA,NA,NA,NA,NA,0.567,0.2945,0.5573531708144582,0.4038284161227881,platt_vol_vegas,platt,0.47235317081445827,0.31882841612278806,role_change_up,0.85,Tonges' IR placement directly increases Kittle's snap share and target opportunity as the primary tight end.,2026-09-27 16:05:00,2026-09-22 23:42:39,2026-09-22 23:42:29,live
TE,00-0034753,Mark Andrews,BAL,DAL,2026_03_BAL_DAL,2026,3,NA,NA,12,17,6.409066855279979,1.755376563058351,-2.3915710115135127,6.752395221987108,-4.023551753418139,8.118847718883565,NA,NA,NA,NA,NA,0.464,0.1865,0.5365617119492224,0.2878689203837971,platt_vol_vegas,platt,0.4515617119492224,0.20286892038379703,role_change_up,0.85,Zay Flowers' hamstring injury out is expected to increase Andrews' target share going forward.,2026-09-27 16:25:00,2026-09-22 23:42:39,2026-09-22 23:42:29,live
TE,00-0030506,Travis Kelce,KC,MIA,2026_03_KC_MIA,2026,3,NA,NA,12,17,6.935552684881529,2.0141077865388475,-2.3098097419480874,7.224372970985755,-4.011434855162366,8.64913848753206,NA,NA,NA,NA,NA,0.515,0.252,0.5007788973370417,0.27346999038840814,platt_vol_vegas,platt,0.5007788973370417,0.27346999038840814,NA,NA,NA,2026-09-27 13:00:00,2026-09-22 23:42:39,2026-09-22 23:42:29,live
TE,00-0039065,Sam LaPorta,DET,NYJ,2026_03_NYJ_DET,2026,3,NA,NA,12,17,6.719431916105599,3.2460878375730653,-1.005976798286996,8.369771207637726,-2.679325080191367,9.770860619585733,NA,NA,NA,NA,NA,0.588,0.31,0.4668735532202614,0.3352744631698936,platt_vol_vegas,platt,0.4668735532202614,0.3352744631698936,NA,NA,NA,2026-09-27 13:00:00,2026-09-22 23:42:39,2026-09-22 23:42:29,live
TE,00-0034829,Mike Gesicki,CIN,PIT,2026_03_CIN_PIT,2026,3,NA,NA,12,17,6.908915309153193,1.2662419820673116,-3.048877021786544,6.465905057138125,-4.747039582725891,7.887771389227024,NA,NA,NA,NA,NA,0.442,0.1875,0.4319941158814486,0.2039525255396588,platt_vol_vegas,platt,0.4319941158814486,0.2039525255396588,NA,NA,NA,2026-09-27 13:00:00,2026-09-22 23:42:39,2026-09-22 23:42:29,live
TE,00-0033090,Hunter Henry,NE,JAX,2026_03_NE_JAX,2026,3,NA,NA,12,17,6.333590635551697,1.487775784617856,-2.6332489967729504,6.453557810122168,-4.255028138949799,7.81146853868618,NA,NA,NA,NA,NA,0.4055,0.1645,0.4183017822327588,0.25098979783245334,platt_vol_vegas,platt,0.34630178223275876,0.17898979783245336,role_change_up,0.72,"If Raridon cannot return, Julian Hill becomes the backup TE, potentially increasing snaps for Henry as the primary option and reducing Hill's role from potential starter consideration.",2026-09-27 13:00:00,2026-09-22 23:42:39,2026-09-22 23:42:29,live
TE,00-0040128,Tyler Warren,IND,HOU,2026_03_HOU_IND,2026,3,NA,NA,12,17,6.772825983814506,1.320567306574224,-2.949349028424824,6.46576174522294,-4.629722629236948,7.872733435261918,NA,NA,NA,NA,NA,0.4285,0.1885,0.37701606278471456,0.2050359670108924,platt_vol_vegas,platt,0.37701606278471456,0.2050359670108924,NA,NA,NA,2026-09-27 13:00:00,2026-09-22 23:42:39,2026-09-22 23:42:29,live
TE,00-0040663,Harold Fannin Jr.,CLE,CAR,2026_03_CAR_CLE,2026,3,NA,NA,12,17,6.732096849018495,1.1053466620410608,-3.1509583724451593,6.2341396580836665,-4.825975411615313,7.636626315399828,NA,NA,NA,NA,NA,0.418,0.1785,0.3756311057001855,0.19419427832713,platt_vol_vegas,platt,0.3756311057001855,0.19419427832713,NA,NA,NA,2026-09-27 13:00:00,2026-09-22 23:42:39,2026-09-22 23:42:29,live
TE,00-0034383,Dalton Schultz,HOU,IND,2026_03_HOU_IND,2026,3,NA,NA,12,17,6.320764960793342,0.969917528635902,-3.146687768674268,5.930374132485694,-4.766727676684527,7.286828605587494,NA,NA,NA,NA,NA,0.372,0.1365,0.35387285839407184,0.14849883263713315,platt_vol_vegas,platt,0.35387285839407184,0.14849883263713315,NA,NA,NA,2026-09-27 13:00:00,2026-09-22 23:42:39,2026-09-22 23:42:29,live
TE,00-0039338,Brock Bowers,LV,NO,2026_03_LV_NO,2026,3,NA,NA,12,17,6.344872571585721,0.8952047059814774,-3.22970413539388,5.865666973969249,-4.853011802101411,7.224857531460092,NA,NA,NA,NA,NA,0.367,0.1475,0.3307818634539288,0.16048947208864606,platt_vol_vegas,platt,0.3307818634539288,0.16048947208864606,NA,NA,NA,2026-09-27 16:25:00,2026-09-22 23:42:39,2026-09-22 23:42:29,live
TE,00-0034351,Dallas Goedert,PHI,CHI,2026_03_PHI_CHI,2026,3,NA,NA,12,17,5.310951547340611,1.0843504654364002,-2.669898586706261,5.6081724396650685,-4.147337604980579,6.845227622790002,NA,NA,NA,NA,NA,0.2895,0.0965,0.3237539423312024,0.18979591199092416,platt_vol_vegas,platt,0.2387539423312024,0.10479591199092415,role_change_up,0.85,Goedert's multi-week absence creates increased target and snap opportunities for Philadelphia's receiving corps.,2026-09-28 20:15:00,2026-09-22 23:42:39,2026-09-22 23:42:29,live
TE,00-0040737,Terrance Ferguson,LA,DEN,2026_03_LA_DEN,2026,3,NA,NA,12,17,5.755795314917825,1.48542267470712,-2.432124830543404,6.206017191264934,-3.973827967392299,7.496880524836912,NA,NA,NA,NA,NA,0.3785,0.1355,0.30963956569380235,0.14740806893343367,platt_vol_vegas,platt,0.30963956569380235,0.14740806893343367,NA,NA,NA,2026-09-27 20:20:00,2026-09-22 23:42:39,2026-09-22 23:42:29,live
TE,00-0038129,Cade Otton,TB,MIN,2026_03_MIN_TB,2026,3,NA,NA,12,17,6.049191203058081,1.17959198996361,-2.84242235027285,6.026067703299719,-4.4252371384747,7.351353697139867,NA,NA,NA,NA,NA,0.3705,0.142,0.30168953511960817,0.1544959717147375,platt_vol_vegas,platt,0.30168953511960817,0.1544959717147375,NA,NA,NA,2026-09-27 16:05:00,2026-09-22 23:42:39,2026-09-22 23:42:29,live
TE,00-0040736,Mason Taylor,NYJ,DET,2026_03_NYJ_DET,2026,3,NA,NA,12,17,5.148215093864471,0.8639895625935949,-2.8289210600823163,5.313899515740979,-4.282221086042813,6.530743194236703,NA,NA,NA,NA,NA,0.264,0.0755,0.29238706761478445,0.16681730413274104,platt_vol_vegas,platt,0.20738706761478445,0.08181730413274105,role_change_up,0.85,Mason Taylor's week-to-week thumb injury creates immediate opportunity for backup TE usage and targets on the Jets.,2026-09-27 13:00:00,2026-09-22 23:42:39,2026-09-22 23:42:29,live
TE,00-0035229,T.J. Hockenson,MIN,TB,2026_03_MIN_TB,2026,3,NA,NA,12,17,5.793819062618883,0.8281683985768168,-3.1030570034383578,5.56524460537035,-4.650142910073529,6.860614915664424,NA,NA,NA,NA,NA,0.309,0.102,0.2865355996006968,0.11081204420761352,platt_vol_vegas,platt,0.2865355996006968,0.11081204420761352,NA,NA,NA,2026-09-27 16:05:00,2026-09-22 23:42:39,2026-09-22 23:42:29,live
TE,00-0040189,Oronde Gadsden II,LAC,BUF,2026_03_LAC_BUF,2026,3,NA,NA,12,17,4.827837874739397,0.8086271968961175,-2.7607979977715935,5.109738792512665,-4.1655018365868886,6.285893031752685,NA,NA,NA,NA,NA,0.212,0.0625,0.2837140269366826,0.1595953726386795,platt_vol_vegas,platt,0.19171402693668255,0.06759537263867949,role_change_up,0.92,"Njoku and Kolar both on IR leaves Gadsden as the only healthy TE, significantly increasing his snap count and target opportunity.",2026-09-27 13:00:00,2026-09-22 23:42:39,2026-09-22 23:42:29,live
TE,00-0036040,Juwan Johnson,NO,LV,2026_03_LV_NO,2026,3,NA,NA,12,17,5.654280515813436,1.015794166612503,-2.865026646596163,5.692133490136477,-4.3922764408241655,6.970895084021397,NA,NA,NA,NA,NA,0.3185,0.099,0.28335137908522234,0.10753070049483585,platt_vol_vegas,platt,0.28335137908522234,0.10753070049483585,NA,NA,NA,2026-09-27 16:25:00,2026-09-22 23:42:39,2026-09-22 23:42:29,live
TE,00-0038996,Tucker Kraft,GB,ATL,2026_03_ATL_GB,2026,3,NA,NA,12,17,5.474868952894236,1.7265291580682751,-2.088615511877342,6.323729571000689,-3.5900192593250377,7.580850348758921,NA,NA,NA,NA,NA,0.341,0.1335,0.2727407089861767,0.1452262066145207,platt_vol_vegas,platt,0.2727407089861767,0.1452262066145207,NA,NA,NA,2026-09-24 20:15:00,2026-09-22 23:42:39,2026-09-22 23:42:29,live
TE,00-0036970,Kyle Pitts,ATL,GB,2026_03_ATL_GB,2026,3,NA,NA,12,17,5.208669460792967,1.0088640225359389,-2.7069380785020263,5.48635791361566,-4.169246767140025,6.710744517890645,NA,NA,NA,NA,NA,0.2655,0.081,0.2685268889352871,0.15983587713568975,platt_vol_vegas,platt,0.1965268889352871,0.08783587713568977,role_change_up,0.72,Potential QB change (Penix) could materially improve passing game efficiency and target allocation for the lead TE.,2026-09-24 20:15:00,2026-09-22 23:42:39,2026-09-22 23:42:29,live
TE,00-0038935,Brenton Strange,JAX,NE,2026_03_NE_JAX,2026,3,NA,NA,12,17,5.30584689804894,1.2947033241827253,-2.4576352417272376,5.816223186995527,-3.93432241139885,7.052648849578903,NA,NA,NA,NA,NA,0.281,0.087,0.2589593885207888,0.09440163110211278,platt_vol_vegas,platt,0.2589593885207888,0.09440163110211278,NA,NA,NA,2026-09-27 13:00:00,2026-09-22 23:42:39,2026-09-22 23:42:29,live
TE,00-0038041,Jake Ferguson,DAL,BAL,2026_03_BAL_DAL,2026,3,NA,NA,12,17,5.179804542817966,0.8680138171979436,-2.836874065034716,5.332356214549565,-4.294887595708237,6.553146496163122,NA,NA,NA,NA,NA,0.2535,0.0735,0.2584041891476424,0.07962885748789429,platt_vol_vegas,platt,0.2584041891476424,0.07962885748789429,NA,NA,NA,2026-09-27 16:25:00,2026-09-22 23:42:39,2026-09-22 23:42:29,live
TE,00-0038046,Charlie Kolar,LAC,BUF,2026_03_LAC_BUF,2026,3,NA,NA,12,17,4.427214264001544,0.755288185524073,-2.6541564723662834,4.863625285450398,-3.995901918193657,5.987064654294011,NA,NA,NA,NA,NA,0.187,0.0505,0.24534588154967463,0.13947939311473115,platt_vol_vegas,platt,0.16034588154967463,0.05447939311473114,role_change_up,0.85,Kolar's 4+ week absence creates immediate increased opportunity for backup TEs (likely Jared Stinson or Will Dissly if present).,2026-09-27 13:00:00,2026-09-22 23:42:39,2026-09-22 23:42:29,live
TE,00-0039066,Michael Mayer,LV,NO,2026_03_LV_NO,2026,3,NA,NA,12,17,6.324822777190995,1.311465305890546,-2.806538693998535,6.273607328415019,-4.42712904438391,7.630522685238399,NA,NA,NA,NA,NA,0.3915,0.1555,0.2446115573488034,0.08420039543081438,platt_vol_vegas,platt,0.32961155734880343,0.1692003954308144,role_change_down,0.85,Brock Bowers' imminent return from knee injury will reduce Mayer's target share and role in the offense.,2026-09-27 16:25:00,2026-09-22 23:42:39,2026-09-22 23:42:29,live
TE,00-0037838,Isaiah Likely,NYG,TEN,2026_03_TEN_NYG,2026,3,NA,NA,12,17,6.118160479794108,1.0839739140284623,-2.962249078716962,5.959620743256314,-4.55459088744937,7.292883682324856,NA,NA,NA,NA,NA,0.3545,0.12,0.23590609013102787,0.06048776027440299,platt_vol_vegas,platt,0.3059060901310279,0.13048776027440298,role_change_down,0.7,"Potential opportunity reduction if Jaxson Dart misses time, as the impact note suggests Likely's targets may decrease if Giants' QB situation changes.",2026-09-27 13:00:00,2026-09-22 23:42:39,2026-09-22 23:42:29,live
TE,00-0039824,Jared Wiley,KC,MIA,2026_03_KC_MIA,2026,3,NA,NA,12,17,4.596334349457098,1.2744017489709345,-2.2033754387955966,5.465078671299838,-3.572012320021704,6.611034156971426,NA,NA,NA,NA,NA,0.227,0.057,0.21740895630405108,0.06158183911511638,platt_vol_vegas,platt,0.21740895630405108,0.06158183911511638,NA,NA,NA,2026-09-27 13:00:00,2026-09-22 23:42:39,2026-09-22 23:42:29,live
TE,00-0040126,Colston Loveland,CHI,PHI,2026_03_PHI_CHI,2026,3,NA,NA,12,17,5.422772258803075,1.5401599228552665,-2.255724917508,6.1141524880731515,-3.749549193451524,7.364926997461854,NA,NA,NA,NA,NA,0.3245,0.1205,0.21173000595041888,0.13103394249384007,platt_vol_vegas,platt,0.21173000595041888,0.13103394249384007,NA,NA,NA,2026-09-28 20:15:00,2026-09-22 23:42:39,2026-09-22 23:42:29,live
TE,00-0036894,Pat Freiermuth,PIT,CIN,2026_03_CIN_PIT,2026,3,NA,NA,12,17,5.310304666986267,0.5787399942114051,-3.175267001768366,5.1022702938672175,-4.652610761786053,6.339245717544456,NA,NA,NA,NA,NA,0.252,0.0695,0.2104395877120168,0.07525234172431017,platt_vol_vegas,platt,0.2104395877120168,0.07525234172431017,NA,NA,NA,2026-09-27 13:00:00,2026-09-22 23:42:39,2026-09-22 23:42:29,live
TE,00-0040887,Josh Cuevas,BAL,DAL,2026_03_BAL_DAL,2026,3,NA,NA,12,17,4.336260754237707,1.3140144540539551,-2.058172377491908,5.377456350921491,-3.3852554592584765,6.488618967064022,NA,NA,NA,NA,NA,0.2225,0.061,0.20907837182400169,0.06595504054326327,platt_vol_vegas,platt,0.20907837182400169,0.06595504054326327,NA,NA,NA,2026-09-27 16:25:00,2026-09-22 23:42:39,2026-09-22 23:42:29,live
TE,00-0033881,Evan Engram,DEN,LA,2026_03_LA_DEN,2026,3,NA,NA,12,17,4.983582937516085,0.8554398025629553,-2.7744819606384556,5.229448987630045,-4.202993487644385,6.42553733156756,NA,NA,NA,NA,NA,0.2235,0.066,0.20345300814889908,0.07142347900937805,platt_vol_vegas,platt,0.20345300814889908,0.07142347900937805,NA,NA,NA,2026-09-27 20:20:00,2026-09-22 23:42:39,2026-09-22 23:42:29,live
TE,00-0035644,Noah Fant,NO,LV,2026_03_LV_NO,2026,3,NA,NA,12,17,4.843898142483262,1.0013957668397926,-2.5743098351394424,5.310075172744995,-3.9814852518079458,6.488298856582043,NA,NA,NA,NA,NA,0.2435,0.069,0.2027641785356896,0.0747053227454572,platt_vol_vegas,platt,0.2027641785356896,0.0747053227454572,NA,NA,NA,2026-09-27 16:25:00,2026-09-22 23:42:39,2026-09-22 23:42:29,live
TE,00-0041395,Eli Raridon,NE,JAX,2026_03_NE_JAX,2026,3,NA,NA,12,17,4.0507083043996355,0.7074634526388244,-2.5452935290883145,4.626993911696868,-3.8253764471422183,5.698803434135142,NA,NA,NA,NA,NA,0.1465,0.036,0.20272318258867195,0.11066343211875168,platt_vol_vegas,platt,0.13072318258867197,0.03866343211875167,role_change_up,0.72,"Impact note indicates Raridon is primed for increased involvement at tight end, suggesting a shift in target share away from Henry.",2026-09-27 13:00:00,2026-09-22 23:42:39,2026-09-22 23:42:29,live
TE,00-0040584,Gunnar Helm,TEN,NYG,2026_03_TEN_NYG,2026,3,NA,NA,12,17,5.338407960557475,0.7714659004861149,-2.9930443050265776,5.307652432966395,-4.474521475312343,6.548088748452272,NA,NA,NA,NA,NA,0.2615,0.0735,0.2024756585147308,0.07962885748789429,platt_vol_vegas,platt,0.2024756585147308,0.07962885748789429,NA,NA,NA,2026-09-27 13:00:00,2026-09-22 23:42:39,2026-09-22 23:42:29,live
TE,00-0040194,Jackson Hawes,BUF,LAC,2026_03_LAC_BUF,2026,3,NA,NA,12,17,4.273090091065413,1.913031486058564,-1.4330615218525309,5.94503065999773,-2.7498756969380227,7.047595151901136,NA,NA,NA,NA,NA,0.2545,0.074,0.20231477270588008,0.08017595960863448,platt_vol_vegas,platt,0.20231477270588008,0.08017595960863448,NA,NA,NA,2026-09-27 13:00:00,2026-09-22 23:42:39,2026-09-22 23:42:29,live
TE,00-0035689,Dawson Knox,BUF,LAC,2026_03_LAC_BUF,2026,3,NA,NA,12,17,4.276052004715193,1.1991376413616224,-2.1481828807368943,5.23261595415855,-3.465480129089714,6.335584921835093,NA,NA,NA,NA,NA,0.2185,0.057,0.20096810042981256,0.06158183911511638,platt_vol_vegas,platt,0.20096810042981256,0.06158183911511638,NA,NA,NA,2026-09-27 13:00:00,2026-09-22 23:42:39,2026-09-22 23:42:29,live
TE,00-0040363,Keleki Latu,BUF,LAC,2026_03_LAC_BUF,2026,3,NA,NA,12,17,4.252322181364056,1.4399441421894934,-1.8975306895241264,5.461558524305204,-3.2109532862663412,6.561283258007676,NA,NA,NA,NA,NA,0.236,0.059,0.1997777027481051,0.0637682412873649,platt_vol_vegas,platt,0.1997777027481051,0.0637682412873649,NA,NA,NA,2026-09-27 13:00:00,2026-09-22 23:42:39,2026-09-22 23:42:29,live
TE,00-0039847,Theo Johnson,NYG,TEN,2026_03_TEN_NYG,2026,3,NA,NA,12,17,5.027530437035138,0.8247535427392143,-2.822077316956827,5.219137972289113,-4.2572432130730515,6.420797999183758,NA,NA,NA,NA,NA,0.2275,0.062,0.19479680252629103,0.06704857451201103,platt_vol_vegas,platt,0.19479680252629103,0.06704857451201103,NA,NA,NA,2026-09-27 13:00:00,2026-09-22 23:42:39,2026-09-22 23:42:29,live
TE,00-0039793,AJ Barner,SEA,WAS,2026_03_SEA_WAS,2026,3,NA,NA,12,17,4.780233752102248,1.5838395839757402,-1.966911898777737,5.862449596153167,-3.3642669255630056,7.032450697497739,NA,NA,NA,NA,NA,0.271,0.078,0.1917304383689727,0.08455297699520203,platt_vol_vegas,platt,0.1917304383689727,0.08455297699520203,NA,NA,NA,2026-09-27 13:00:00,2026-09-22 23:42:39,2026-09-22 23:42:29,live
TE,00-0031610,Darren Waller,CAR,CLE,2026_03_CAR_CLE,2026,3,NA,NA,12,17,4.802745877716667,0.7391585476549081,-2.8204346429353917,5.028422704415284,-4.221269216219806,6.201337219429356,NA,NA,NA,NA,NA,0.209,0.057,0.19137989676257963,0.06158183911511638,platt_vol_vegas,platt,0.19137989676257963,0.06158183911511638,NA,NA,NA,2026-09-27 13:00:00,2026-09-22 23:42:39,2026-09-22 23:42:29,live
TE,00-0038643,Brayden Willis,SF,ARI,2026_03_ARI_SF,2026,3,NA,NA,12,17,4.280165885461741,1.3554552358063132,-1.993569549703447,5.390987164163257,-3.311537490177705,6.494517700307157,NA,NA,NA,NA,NA,0.2125,0.053,0.18859370184953775,0.05721042642175668,platt_vol_vegas,platt,0.18859370184953775,0.05721042642175668,NA,NA,NA,2026-09-27 16:05:00,2026-09-22 23:42:39,2026-09-22 23:42:29,live
TE,00-0040390,Jackson Meeks,DET,NYJ,2026_03_NYJ_DET,2026,3,NA,NA,12,17,4.282444705029967,1.601001637393032,-1.7489668662272757,5.637670733973682,-3.0673061954771343,6.741512232806484,NA,NA,NA,NA,NA,0.2425,0.066,0.18572445640531188,0.07142347900937805,platt_vol_vegas,platt,0.18572445640531188,0.07142347900937805,NA,NA,NA,2026-09-27 13:00:00,2026-09-22 23:42:39,2026-09-22 23:42:29,live
TE,00-0034270,Tyler Conklin,DET,NYJ,2026_03_NYJ_DET,2026,3,NA,NA,12,17,4.240579898710132,1.7606670589606437,-1.5719262437290256,5.7763992611890655,-2.8834277741411567,6.874515491913504,NA,NA,NA,NA,NA,0.2395,0.0635,0.18232328912426335,0.06868902780319963,platt_vol_vegas,platt,0.18232328912426335,0.06868902780319963,NA,NA,NA,2026-09-27 13:00:00,2026-09-22 23:42:39,2026-09-22 23:42:29,live
TE,00-0041510,Max Klare,LA,DEN,2026_03_LA_DEN,2026,3,NA,NA,12,17,4.480957105397726,0.9645082125520462,-2.4667822285530496,5.099169201165158,-3.8171248164607534,6.229806930847349,NA,NA,NA,NA,NA,0.211,0.048,0.18129247221812425,0.0517493467846333,platt_vol_vegas,platt,0.18129247221812425,0.0517493467846333,NA,NA,NA,2026-09-27 20:20:00,2026-09-22 23:42:39,2026-09-22 23:42:29,live
TE,00-0037005,Tommy Tremble,CAR,CLE,2026_03_CAR_CLE,2026,3,NA,NA,12,17,4.671653496018057,0.7841800810260777,-2.7236481713550873,5.011068150927906,-4.104111283282913,6.166925703490538,NA,NA,NA,NA,NA,0.201,0.052,0.18065975961983088,0.05611790252579439,platt_vol_vegas,platt,0.18065975961983088,0.05611790252579439,NA,NA,NA,2026-09-27 13:00:00,2026-09-22 23:42:39,2026-09-22 23:42:29,live
TE,00-0041084,Tanner Koziol,JAX,NE,2026_03_NE_JAX,2026,3,NA,NA,12,17,4.421366816593453,0.801158533025768,-2.605901700895118,4.906622432639821,-3.946708785692183,6.029276114655193,NA,NA,NA,NA,NA,0.1935,0.0465,0.17697892985363842,0.05011184657662508,platt_vol_vegas,platt,0.17697892985363842,0.05011184657662508,NA,NA,NA,2026-09-27 13:00:00,2026-09-22 23:42:39,2026-09-22 23:42:29,live
TE,00-0039356,Ja'Tavion Sanders,CAR,CLE,2026_03_CAR_CLE,2026,3,NA,NA,12,17,4.59779295483777,0.6930299371653387,-2.785331400782921,4.8844107529737775,-4.154198167202853,6.030558720816898,NA,NA,NA,NA,NA,0.197,0.0485,0.1748472779565973,0.05229527099915489,platt_vol_vegas,platt,0.1748472779565973,0.05229527099915489,NA,NA,NA,2026-09-27 13:00:00,2026-09-22 23:42:39,2026-09-22 23:42:29,live
TE,00-0036556,Brevin Jordan,HOU,IND,2026_03_HOU_IND,2026,3,NA,NA,12,17,4.58861969139039,0.5998419552263128,-2.8748441723155023,4.786794189615227,-4.242264604414127,5.93173114614311,NA,NA,NA,NA,NA,0.175,0.049,0.17414565241597832,0.05284123879349835,platt_vol_vegas,platt,0.17414565241597832,0.05284123879349835,NA,NA,NA,2026-09-27 13:00:00,2026-09-22 23:42:39,2026-09-22 23:42:29,live
TE,00-0040598,Mark Redman,GB,ATL,2026_03_ATL_GB,2026,3,NA,NA,12,17,4.380063907444829,1.186243004278887,-2.2039326211614183,5.271361167153096,-3.538094973808052,6.388451235208437,NA,NA,NA,NA,NA,0.206,0.0565,0.16993568287246774,0.06103530631949193,platt_vol_vegas,platt,0.16993568287246774,0.06103530631949193,NA,NA,NA,2026-09-24 20:15:00,2026-09-22 23:42:39,2026-09-22 23:42:29,live
TE,00-0040879,Matthew Hibner,BAL,DAL,2026_03_BAL_DAL,2026,3,NA,NA,12,17,3.844657914996746,1.1566450603308984,-2.0074528132549947,4.96934243078605,-3.252645018446223,6.011938065777309,NA,NA,NA,NA,NA,0.1785,0.0515,0.16790043872464333,0.05557169491281011,platt_vol_vegas,platt,0.16790043872464333,0.05557169491281011,NA,NA,NA,2026-09-27 16:25:00,2026-09-22 23:42:39,2026-09-22 23:42:29,live
TE,00-0038589,Josh Whyle,GB,ATL,2026_03_ATL_GB,2026,3,NA,NA,12,17,4.356239348821847,1.0138134613978214,-2.366588606895717,5.087154613217932,-3.696904695089617,6.201024215779894,NA,NA,NA,NA,NA,0.1935,0.053,0.16764751036927034,0.05721042642175668,platt_vol_vegas,platt,0.16764751036927034,0.05721042642175668,NA,NA,NA,2026-09-24 20:15:00,2026-09-22 23:42:39,2026-09-22 23:42:29,live
TE,00-0034798,Durham Smythe,BAL,DAL,2026_03_BAL_DAL,2026,3,NA,NA,12,17,3.848303360556011,1.093490590286843,-2.0721950070479,4.908101147502992,-3.3180120415949355,5.951219950207848,NA,NA,NA,NA,NA,0.1655,0.0355,0.1675332041962265,0.0381190179467453,platt_vol_vegas,platt,0.1675332041962265,0.0381190179467453,NA,NA,NA,2026-09-27 16:25:00,2026-09-22 23:42:39,2026-09-22 23:42:29,live
TE,00-0032392,Austin Hooper,ATL,GB,2026_03_ATL_GB,2026,3,NA,NA,12,17,4.791016876757786,0.8161296572709452,-2.7388593712927847,5.099845857819727,-4.137882032652861,6.271243264506726,NA,NA,NA,NA,NA,0.222,0.0645,0.16277398584914776,0.06978275713277497,platt_vol_vegas,platt,0.16277398584914776,0.06978275713277497,NA,NA,NA,2026-09-24 20:15:00,2026-09-22 23:42:39,2026-09-22 23:42:29,live
TE,00-0036637,Noah Gray,KC,MIA,2026_03_KC_MIA,2026,3,NA,NA,12,17,3.8913594844245822,1.1858076700005535,-1.998577154038142,5.022950555650307,-3.251753041650137,6.072230903578529,NA,NA,NA,NA,NA,0.184,0.0465,0.15953932081059582,0.05011184657662508,platt_vol_vegas,platt,0.15953932081059582,0.05011184657662508,NA,NA,NA,2026-09-27 13:00:00,2026-09-22 23:42:39,2026-09-22 23:42:29,live
TE,00-0036887,Luke Farrell,SF,ARI,2026_03_ARI_SF,2026,3,NA,NA,12,17,3.897447326641147,1.195188422772518,-1.991832470263844,5.035507737767155,-3.2460457507440053,6.085656691579362,NA,NA,NA,NA,NA,0.175,0.0395,0.158324523914639,0.04247644574696996,platt_vol_vegas,platt,0.158324523914639,0.04247644574696996,NA,NA,NA,2026-09-27 16:05:00,2026-09-22 23:42:39,2026-09-22 23:42:29,live
TE,00-0041314,Tanner Arkin,NE,JAX,2026_03_NE_JAX,2026,3,NA,NA,12,17,4.445191330952738,0.80470145566604,-2.6120644743867953,4.921860594681388,-3.956691117760206,6.047712381441307,NA,NA,NA,NA,NA,0.197,0.046,0.15827921502328185,0.04956610774783282,platt_vol_vegas,platt,0.15827921502328185,0.04956610774783282,NA,NA,NA,2026-09-27 13:00:00,2026-09-22 23:42:39,2026-09-22 23:42:29,live
TE,00-0038783,Nate Adkins,DEN,LA,2026_03_LA_DEN,2026,3,NA,NA,12,17,4.424789770687738,0.5988263272871888,-2.8096298706703138,4.70597234566757,-4.150986320122508,5.829086009032865,NA,NA,NA,NA,NA,0.157,0.047,0.15737005547541263,0.05065763345601485,platt_vol_vegas,platt,0.15737005547541263,0.05065763345601485,NA,NA,NA,2026-09-27 20:20:00,2026-09-22 23:42:39,2026-09-22 23:42:29,live
TE,00-0039518,Treyton Welch,NO,LV,2026_03_LV_NO,2026,3,NA,NA,12,17,4.274730046963259,0.9570453362392,-2.3897273726614547,4.989863541156272,-3.7068090357981616,6.092651999988998,NA,NA,NA,NA,NA,0.1835,0.048,0.15659059145216991,0.0517493467846333,platt_vol_vegas,platt,0.15659059145216991,0.0517493467846333,NA,NA,NA,2026-09-27 16:25:00,2026-09-22 23:42:39,2026-09-22 23:42:29,live
TE,00-0040215,Gavin Bartholomew,MIN,TB,2026_03_MIN_TB,2026,3,NA,NA,12,17,4.319276420940255,0.9156645809507644,-2.44952423937104,4.970673964015512,-3.7738533389991984,6.0795306793144785,NA,NA,NA,NA,NA,0.1875,0.0515,0.1526153371155533,0.05557169491281011,platt_vol_vegas,platt,0.1526153371155533,0.05557169491281011,NA,NA,NA,2026-09-27 16:05:00,2026-09-22 23:42:39,2026-09-22 23:42:29,live
TE,00-0040081,Jake Briningstool,KC,MIA,2026_03_KC_MIA,2026,3,NA,NA,12,17,3.795233749125699,1.2772185462271604,-1.8652829580288453,5.0638925685290115,-3.101976174938295,6.099372026557804,NA,NA,NA,NA,NA,0.1655,0.0445,0.1521068382610701,0.04792919143411586,platt_vol_vegas,platt,0.1521068382610701,0.04792919143411586,NA,NA,NA,2026-09-27 13:00:00,2026-09-22 23:42:39,2026-09-22 23:42:29,live
TE,00-0036422,Adam Trautman,DEN,LA,2026_03_LA_DEN,2026,3,NA,NA,12,17,4.334499631937842,0.9286745281303548,-2.4427872729384883,4.9912427725687705,-3.769585027785797,6.102166485352184,NA,NA,NA,NA,NA,0.1715,0.043,0.15189973595205336,0.04629275136441496,platt_vol_vegas,platt,0.15189973595205336,0.04629275136441496,NA,NA,NA,2026-09-27 20:20:00,2026-09-22 23:42:39,2026-09-22 23:42:29,live
TE,00-0036754,Brock Wright,DET,NYJ,2026_03_NYJ_DET,2026,3,NA,NA,12,17,3.855812674581528,1.2127898831461827,-1.9561640633788464,5.031338759232795,-3.2032673169678283,6.075534509217906,NA,NA,NA,NA,NA,0.177,0.049,0.1518310356025262,0.05284123879349835,platt_vol_vegas,platt,0.1518310356025262,0.05284123879349835,NA,NA,NA,2026-09-27 13:00:00,2026-09-22 23:42:39,2026-09-22 23:42:29,live
TE,00-0036825,Feleipe Franks,CAR,CLE,2026_03_CAR_CLE,2026,3,NA,NA,12,17,4.269345175288143,1.0079883708116233,-2.3365520477329036,5.03811669446998,-3.652755220171084,6.140169595720635,NA,NA,NA,NA,NA,0.1935,0.037,0.1513461761793367,0.03975249597058656,platt_vol_vegas,platt,0.1513461761793367,0.03975249597058656,NA,NA,NA,2026-09-27 13:00:00,2026-09-22 23:42:39,2026-09-22 23:42:29,live
TE,00-0040225,Thomas Fidone II,NYG,TEN,2026_03_TEN_NYG,2026,3,NA,NA,12,17,4.470143088491314,0.7016241984791282,-2.725280434732181,4.831000344811109,-4.0738970413267275,5.96019291560484,NA,NA,NA,NA,NA,0.179,0.0475,0.15125435596233408,0.05120346723481726,platt_vol_vegas,platt,0.15125435596233408,0.05120346723481726,NA,NA,NA,2026-09-27 13:00:00,2026-09-22 23:42:39,2026-09-22 23:42:29,live
TE,00-0041116,Jack Endries,CIN,PIT,2026_03_CIN_PIT,2026,3,NA,NA,12,17,4.252322181364056,0.8870623684692843,-2.4504124632443354,4.908676750584995,-3.76383505998655,6.008401484287467,NA,NA,NA,NA,NA,0.172,0.042,0.1511195947585222,0.04520207320489637,platt_vol_vegas,platt,0.1511195947585222,0.04520207320489637,NA,NA,NA,2026-09-27 13:00:00,2026-09-22 23:42:39,2026-09-22 23:42:29,live
TE,00-0035631,Drew Sample,CIN,PIT,2026_03_CIN_PIT,2026,3,NA,NA,12,17,4.24862922764247,0.7193449468659333,-2.6165953262238357,4.739110205514633,-3.9294140160980686,5.8383292898387404,NA,NA,NA,NA,NA,0.1735,0.041,0.15093940664422445,0.04411163334672653,platt_vol_vegas,platt,0.15093940664422445,0.04411163334672653,NA,NA,NA,2026-09-27 13:00:00,2026-09-22 23:42:39,2026-09-22 23:42:29,live
TE,00-0041133,Dallen Bentley,DEN,LA,2026_03_LA_DEN,2026,3,NA,NA,12,17,4.3174496491356615,0.616735052753817,-2.7477003166536766,4.67083653712689,-4.071732904845408,5.779444984304634,NA,NA,NA,NA,NA,0.159,0.042,0.15018243160555889,0.04520207320489637,platt_vol_vegas,platt,0.15018243160555889,0.04520207320489637,NA,NA,NA,2026-09-27 20:20:00,2026-09-22 23:42:39,2026-09-22 23:42:29,live
TE,00-0038564,Cameron Latu,NE,JAX,2026_03_NE_JAX,2026,3,NA,NA,12,17,4.335555002869532,0.7078864743270884,-2.6640098254719966,4.770978284164693,-3.990978572005933,5.882045167765717,NA,NA,NA,NA,NA,0.179,0.0405,0.15005998991881211,0.04356650636336336,platt_vol_vegas,platt,0.15005998991881211,0.04356650636336336,NA,NA,NA,2026-09-27 13:00:00,2026-09-22 23:42:39,2026-09-22 23:42:29,live
TE,00-0033858,Jonnu Smith,GB,ATL,2026_03_ATL_GB,2026,3,NA,NA,12,17,4.099988830494473,1.132666737291277,-2.1409777784232933,5.0773664070030105,-3.429280731237797,6.156058539471406,NA,NA,NA,NA,NA,0.1975,0.048,0.14997566107680332,0.0517493467846333,platt_vol_vegas,platt,0.14997566107680332,0.0517493467846333,NA,NA,NA,2026-09-24 20:15:00,2026-09-22 23:42:39,2026-09-22 23:42:29,live
TE,00-0040058,Nick Kallerup,SEA,WAS,2026_03_SEA_WAS,2026,3,NA,NA,12,17,4.252322181364056,1.102925461225015,-2.2345493704886046,5.124539843340726,-3.54797196723082,6.224264577043197,NA,NA,NA,NA,NA,0.1955,0.0585,0.14991521841196156,0.06322160164690166,platt_vol_vegas,platt,0.14991521841196156,0.06322160164690166,NA,NA,NA,2026-09-27 13:00:00,2026-09-22 23:42:39,2026-09-22 23:42:29,live
TE,00-0038498,E.J. Jenkins,PHI,CHI,2026_03_PHI_CHI,2026,3,NA,NA,12,17,4.252322181364056,0.9276199217017796,-2.4098549100118403,4.94923430381749,-3.723277506754055,6.048959037519962,NA,NA,NA,NA,NA,0.201,0.0455,0.1498668614317902,0.0490204181443333,platt_vol_vegas,platt,0.1498668614317902,0.0490204181443333,NA,NA,NA,2026-09-28 20:15:00,2026-09-22 23:42:39,2026-09-22 23:42:29,live
TE,00-0041032,Kenyon Sadiq,NYJ,DET,2026_03_NYJ_DET,2026,3,NA,NA,12,17,4.428651003561616,0.519855676195026,-2.890174616640829,4.628898458722193,-4.232150531972736,5.7525307989789125,NA,NA,NA,NA,NA,0.169,0.0415,0.14877504206142306,0.04465682277974643,platt_vol_vegas,platt,0.14877504206142306,0.04465682277974643,NA,NA,NA,2026-09-27 13:00:00,2026-09-22 23:42:39,2026-09-22 23:42:29,live
TE,00-0034613,Tanner Hudson,CIN,PIT,2026_03_CIN_PIT,2026,3,NA,NA,12,17,4.1848603614244935,0.8904308324274678,-2.4189113916996563,4.878145783092431,-3.721262743152386,5.968600596886465,NA,NA,NA,NA,NA,0.172,0.042,0.14666072614638198,0.04520207320489637,platt_vol_vegas,platt,0.14666072614638198,0.04520207320489637,NA,NA,NA,2026-09-27 13:00:00,2026-09-22 23:42:39,2026-09-22 23:42:29,live
TE,00-0039050,Payne Durham,TB,MIN,2026_03_MIN_TB,2026,3,NA,NA,12,17,4.356239348821847,0.8572198867823366,-2.523182181511202,4.930561038602448,-3.8534982697051015,6.044430641164409,NA,NA,NA,NA,NA,0.188,0.0615,0.14571329712611877,0.0665017969186095,platt_vol_vegas,platt,0.14571329712611877,0.0665017969186095,NA,NA,NA,2026-09-27 16:05:00,2026-09-22 23:42:39,2026-09-22 23:42:29,live
TE,00-0037755,Jelani Woods,NYJ,DET,2026_03_NYJ_DET,2026,3,NA,NA,12,17,4.3656775265354435,0.6435512382062752,-2.740725658834815,4.721561508987619,-4.072566638718437,5.836707898709757,NA,NA,NA,NA,NA,0.1745,0.045,0.14490065238758004,0.04847477896508845,platt_vol_vegas,platt,0.14490065238758004,0.04847477896508845,NA,NA,NA,2026-09-27 13:00:00,2026-09-22 23:42:39,2026-09-22 23:42:29,live
TE,00-0035249,Josh Oliver,MIN,TB,2026_03_MIN_TB,2026,3,NA,NA,12,17,4.199802393138056,0.7490345039799933,-2.5665570711979964,4.7442798425376935,-3.871367778690564,5.836793867641704,NA,NA,NA,NA,NA,0.1735,0.043,0.14414861001090498,0.04629275136441496,platt_vol_vegas,platt,0.14414861001090498,0.04629275136441496,NA,NA,NA,2026-09-27 16:05:00,2026-09-22 23:42:39,2026-09-22 23:42:29,live
TE,00-0033110,Tyler Higbee,LA,DEN,2026_03_LA_DEN,2026,3,NA,NA,12,17,3.99185153173993,1.036781429294339,-2.1908717670801963,4.926062148860643,-3.4610753959683604,5.989599772616871,NA,NA,NA,NA,NA,0.1475,0.037,0.1437671247310842,0.03975249597058656,platt_vol_vegas,platt,0.1437671247310842,0.03975249597058656,NA,NA,NA,2026-09-27 20:20:00,2026-09-22 23:42:39,2026-09-22 23:42:29,live
TE,00-0034959,Andrew Beck,NYJ,DET,2026_03_NYJ_DET,2026,3,NA,NA,12,17,4.339078311502737,0.9667252948703264,-2.40662119911264,5.031564570106424,-3.7341606519160817,6.143109304325984,NA,NA,NA,NA,NA,0.1825,0.048,0.14352259039310927,0.0517493467846333,platt_vol_vegas,platt,0.14352259039310927,0.0517493467846333,NA,NA,NA,2026-09-27 13:00:00,2026-09-22 23:42:39,2026-09-22 23:42:29,live
TE,00-0039530,Brevyn Spann-Ford,DAL,BAL,2026_03_BAL_DAL,2026,3,NA,NA,12,17,3.842892759786337,0.5201278072651088,-2.643201022602816,4.331898489900094,-3.888090579999531,5.374240718816223,NA,NA,NA,NA,NA,0.129,0.0255,0.142729077271651,0.02725074424158018,platt_vol_vegas,platt,0.142729077271651,0.02725074424158018,NA,NA,NA,2026-09-27 16:25:00,2026-09-22 23:42:39,2026-09-22 23:42:29,live
TE,00-0037252,Greg Dulcich,MIA,KC,2026_03_KC_MIA,2026,3,NA,NA,12,17,4.710996775945856,0.28394320450140653,-3.23949168061955,4.529637066760482,-4.62609659290036,5.690637130023321,NA,NA,NA,NA,NA,0.1855,0.0525,0.14188726095181683,0.05666414667361906,platt_vol_vegas,platt,0.14188726095181683,0.05666414667361906,NA,NA,NA,2026-09-27 13:00:00,2026-09-22 23:42:39,2026-09-22 23:42:29,live
TE,00-0039814,Erick All,CIN,PIT,2026_03_CIN_PIT,2026,3,NA,NA,12,17,4.111593927985306,0.6010153807834907,-2.677530732414934,4.5516214126193955,-3.9677626492576463,5.631928660784373,NA,NA,NA,NA,NA,0.1395,0.0335,0.14045006941644947,0.03594219152108819,platt_vol_vegas,platt,0.14045006941644947,0.03594219152108819,NA,NA,NA,2026-09-27 13:00:00,2026-09-22 23:42:39,2026-09-22 23:42:29,live
TE,00-0038547,Luke Schoonmaker,DAL,BAL,2026_03_BAL_DAL,2026,3,NA,NA,12,17,3.793437928648671,0.724501057594105,-2.417213260870642,4.510226531110076,-3.653596690393457,5.545446605105036,NA,NA,NA,NA,NA,0.139,0.036,0.14011647245478676,0.03866343211875167,platt_vol_vegas,platt,0.14011647245478676,0.03866343211875167,NA,NA,NA,2026-09-27 16:25:00,2026-09-22 23:42:39,2026-09-22 23:42:29,live
TE,00-0031484,Chris Manhertz,NYG,TEN,2026_03_TEN_NYG,2026,3,NA,NA,12,17,4.2876250296245315,0.905903162496009,-2.446209768530076,4.945156266606702,-3.7653930110838063,6.049704371474507,NA,NA,NA,NA,NA,0.1895,0.046,0.13985062800243,0.04956610774783282,platt_vol_vegas,platt,0.13985062800243,0.04956610774783282,NA,NA,NA,2026-09-27 13:00:00,2026-09-22 23:42:39,2026-09-22 23:42:29,live
TE,00-0041503,Nate Boerkircher,JAX,NE,2026_03_NE_JAX,2026,3,NA,NA,12,17,3.9162768944198847,0.8170973465602611,-2.3780646094228546,4.667226538028353,-3.6354817061338274,5.720058037397488,NA,NA,NA,NA,NA,0.1405,0.0385,0.13949940789360507,0.04138665329369701,platt_vol_vegas,platt,0.13949940789360507,0.04138665329369701,NA,NA,NA,2026-09-27 13:00:00,2026-09-22 23:42:39,2026-09-22 23:42:29,live
TE,00-0041094,Bauer Sharp,TB,MIN,2026_03_MIN_TB,2026,3,NA,NA,12,17,4.252322181364056,1.0181665942023157,-2.3193082375113043,5.039780976318026,-3.632730834253519,6.139505710020498,NA,NA,NA,NA,NA,0.1875,0.054,0.13907518928589738,0.05830308906284837,platt_vol_vegas,platt,0.13907518928589738,0.05830308906284837,NA,NA,NA,2026-09-27 16:05:00,2026-09-22 23:42:39,2026-09-22 23:42:29,live
TE,00-0037311,Ko Kieft,TB,MIN,2026_03_MIN_TB,2026,3,NA,NA,12,17,4.252322181364056,1.0181665942023157,-2.3193082375113043,5.039780976318026,-3.632730834253519,6.139505710020498,NA,NA,NA,NA,NA,0.185,0.0475,0.13897719305828504,0.05120346723481726,platt_vol_vegas,platt,0.13897719305828504,0.05120346723481726,NA,NA,NA,2026-09-27 16:05:00,2026-09-22 23:42:39,2026-09-22 23:42:29,live
TE,00-0041041,Oscar Delp,NO,LV,2026_03_LV_NO,2026,3,NA,NA,12,17,3.999012854809767,0.8036425313016207,-2.427074402301077,4.696615014947378,-3.6984837276840024,5.761162164700734,NA,NA,NA,NA,NA,0.1535,0.038,0.13725429906446515,0.04084186165655354,platt_vol_vegas,platt,0.13725429906446515,0.04084186165655354,NA,NA,NA,2026-09-27 16:25:00,2026-09-22 23:42:39,2026-09-22 23:42:29,live
TE,00-0041398,Riley Nowakowski,PIT,CIN,2026_03_CIN_PIT,2026,3,NA,NA,12,17,4.373262342745934,0.7139772272283568,-2.6734107473775315,4.795736306587845,-4.006476053969178,5.911907821327845,NA,NA,NA,NA,NA,0.162,0.0525,0.13721540805709648,0.05666414667361906,platt_vol_vegas,platt,0.13721540805709648,0.05666414667361906,NA,NA,NA,2026-09-27 13:00:00,2026-09-22 23:42:39,2026-09-22 23:42:29,live
TE,00-0036290,Cole Kmet,CHI,PHI,2026_03_PHI_CHI,2026,3,NA,NA,12,17,4.491637969354696,0.5745232929995057,-2.8610940661717104,4.714398162406441,-4.2131394600176915,5.846461646306403,NA,NA,NA,NA,NA,0.179,0.045,0.13711963460366045,0.04847477896508845,platt_vol_vegas,platt,0.13711963460366045,0.04847477896508845,NA,NA,NA,2026-09-28 20:15:00,2026-09-22 23:42:39,2026-09-22 23:42:29,live
TE,00-0039041,Elijah Higgins,ARI,SF,2026_03_ARI_SF,2026,3,NA,NA,12,17,4.379069369972362,0.5731705450335743,-2.8165975921451953,4.657797689777081,-4.150599582746393,5.7747534871809565,NA,NA,NA,NA,NA,0.1685,0.0395,0.13702827129058134,0.04247644574696996,platt_vol_vegas,platt,0.13702827129058134,0.04247644574696996,NA,NA,NA,2026-09-27 16:05:00,2026-09-22 23:42:39,2026-09-22 23:42:29,live
TE,00-0037304,Connor Heyward,LV,NO,2026_03_LV_NO,2026,3,NA,NA,12,17,4.252322181364056,0.6104151494553338,-2.727059682258286,4.632029531571044,-4.040482279000501,5.7317542652735165,NA,NA,NA,NA,NA,0.17,0.047,0.13613356411502478,0.05065763345601485,platt_vol_vegas,platt,0.13613356411502478,0.05065763345601485,NA,NA,NA,2026-09-27 16:25:00,2026-09-22 23:42:39,2026-09-22 23:42:29,live
TE,00-0041558,Sam Roush,CHI,PHI,2026_03_PHI_CHI,2026,3,NA,NA,12,17,4.458649959065384,0.8256985956864219,-2.5965393264725303,4.949451415032683,-3.9433194057349783,6.0771062670935105,NA,NA,NA,NA,NA,0.1875,0.056,0.1354261926390143,0.06048880220568398,platt_vol_vegas,platt,0.1354261926390143,0.06048880220568398,NA,NA,NA,2026-09-28 20:15:00,2026-09-22 23:42:39,2026-09-22 23:42:29,live
TE,00-0040739,Elijah Arroyo,SEA,WAS,2026_03_SEA_WAS,2026,3,NA,NA,12,17,4.023381069426629,1.3422323871064046,-1.8988903934643355,5.247743782934246,-3.1743948132630138,6.3157197427499705,NA,NA,NA,NA,NA,0.1895,0.047,0.13509993865483694,0.05065763345601485,platt_vol_vegas,platt,0.13509993865483694,0.05065763345601485,NA,NA,NA,2026-09-27 13:00:00,2026-09-22 23:42:39,2026-09-22 23:42:29,live
TE,00-0039074,Davis Allen,LA,DEN,2026_03_LA_DEN,2026,3,NA,NA,12,17,3.844657914996746,0.7584256939485499,-2.4056721796373433,4.571123064403701,-3.650864384828572,5.61371869939496,NA,NA,NA,NA,NA,0.1455,0.033,0.13447958163857335,0.03539820271580311,platt_vol_vegas,platt,0.13447958163857335,0.03539820271580311,NA,NA,NA,2026-09-27 20:20:00,2026-09-22 23:42:39,2026-09-22 23:42:29,live
TE,00-0036876,Kylen Granson,TEN,NYG,2026_03_TEN_NYG,2026,3,NA,NA,12,17,4.423193588398047,1.0010778175826809,-2.4067274816356696,5.107439511327621,-3.747827777811719,6.230338698336187,NA,NA,NA,NA,NA,0.191,0.0525,0.13372787658748117,0.05666414667361906,platt_vol_vegas,platt,0.13372787658748117,0.05666414667361906,NA,NA,NA,2026-09-27 13:00:00,2026-09-22 23:42:39,2026-09-22 23:42:29,live
TE,00-0037004,Hunter Long,ARI,SF,2026_03_ARI_SF,2026,3,NA,NA,12,17,4.323565674026501,0.7919389472373117,-2.575018383607428,4.849079362807947,-3.9000434590258246,5.9585188165130285,NA,NA,NA,NA,NA,0.17,0.0435,0.13370191515849036,0.04683817634331945,platt_vol_vegas,platt,0.13370191515849036,0.04683817634331945,NA,NA,NA,2026-09-27 16:05:00,2026-09-22 23:42:39,2026-09-22 23:42:29,live
TE,00-0037809,Chig Okonkwo,WAS,SEA,2026_03_SEA_WAS,2026,3,NA,NA,12,17,4.668060758216999,0.0767013500784309,-3.4296986634679496,4.301868410495937,-4.809599709386669,5.4572553469037075,NA,NA,NA,NA,NA,0.1625,0.0345,0.13306259708072596,0.03703043467198524,platt_vol_vegas,platt,0.13306259708072596,0.03703043467198524,NA,NA,NA,2026-09-27 13:00:00,2026-09-22 23:42:39,2026-09-22 23:42:29,live
TE,00-0041131,Carsen Ryan,CLE,CAR,2026_03_CAR_CLE,2026,3,NA,NA,12,17,4.2185185960418,1.109585350090777,-2.213819339712453,5.114245391599166,-3.5217048033656413,6.209333900657027,NA,NA,NA,NA,NA,0.181,0.0405,0.13264999863505106,0.04356650636336336,platt_vol_vegas,platt,0.13264999863505106,0.04356650636336336,NA,NA,NA,2026-09-27 13:00:00,2026-09-22 23:42:39,2026-09-22 23:42:29,live
TE,00-0033757,Robert Tonyan,PIT,CIN,2026_03_CIN_PIT,2026,3,NA,NA,12,17,4.269345175288143,1.050179085185739,-2.294361333358788,5.080307408844096,-3.610564505796968,6.182360310094751,NA,NA,NA,NA,NA,0.193,0.046,0.13212999302634795,0.04956610774783282,platt_vol_vegas,platt,0.13212999302634795,0.04956610774783282,NA,NA,NA,2026-09-27 13:00:00,2026-09-22 23:42:39,2026-09-22 23:42:29,live
TE,00-0033217,Mo Alie-Cox,IND,HOU,2026_03_HOU_IND,2026,3,NA,NA,12,17,4.252322181364056,0.5154014158272033,-2.8220734158864165,4.537015797942914,-4.135496012628631,5.636740531645386,NA,NA,NA,NA,NA,0.159,0.0395,0.13177870006715825,0.04247644574696996,platt_vol_vegas,platt,0.13177870006715825,0.04247644574696996,NA,NA,NA,2026-09-27 13:00:00,2026-09-22 23:42:39,2026-09-22 23:42:29,live
TE,00-0041472,Marlin Klein,HOU,IND,2026_03_HOU_IND,2026,3,NA,NA,12,17,3.963052742313574,0.9225770195669842,-2.292729359001476,4.796979981976755,-3.558074048025806,5.856449230207021,NA,NA,NA,NA,NA,0.163,0.0415,0.13157908782620967,0.04465682277974643,platt_vol_vegas,platt,0.13157908782620967,0.04465682277974643,NA,NA,NA,2026-09-27 13:00:00,2026-09-22 23:42:39,2026-09-22 23:42:29,live
TE,00-0033885,David Njoku,LAC,BUF,2026_03_LAC_BUF,2026,3,NA,NA,12,17,5.101118275764272,0.9642284533906326,-2.710760813690112,5.392543402817337,-4.1570081082923735,6.6034818508609225,NA,NA,NA,NA,NA,0.2475,0.077,0.13146376536140464,0,platt_vol_vegas,platt,0.21646376536140463,0.08345869584693612,role_change_down,0.85,"Njoku placed on IR, reducing his opportunity and elevating backup TE usage for Chargers.",2026-09-27 13:00:00,2026-09-22 23:42:39,2026-09-22 23:42:29,live
TE,00-0036590,Quintin Morris,JAX,NE,2026_03_NE_JAX,2026,3,NA,NA,12,17,3.77363846947141,0.8787099587400513,-2.254313744669756,4.653963352538067,-3.4872770884186552,5.6863197991473795,NA,NA,NA,NA,NA,0.1505,0.0345,0.1312602392238841,0.03703043467198524,platt_vol_vegas,platt,0.1312602392238841,0.03703043467198524,NA,NA,NA,2026-09-27 13:00:00,2026-09-22 23:42:39,2026-09-22 23:42:29,live
TE,00-0038488,Brady Russell,SEA,WAS,2026_03_SEA_WAS,2026,3,NA,NA,12,17,3.956770569703043,1.1930257662111754,-2.019581670827918,5.064176538681459,-3.2838642242645055,6.122756464024116,NA,NA,NA,NA,NA,0.187,0.0465,0.1309988823114471,0.05011184657662508,platt_vol_vegas,platt,0.1309988823114471,0.05011184657662508,NA,NA,NA,2026-09-27 13:00:00,2026-09-22 23:42:39,2026-09-22 23:42:29,live
TE,00-0036187,Reggie Gilliam,NE,JAX,2026_03_NE_JAX,2026,3,NA,NA,12,17,4.02305373130868,0.909825597757949,-2.331157597988341,4.815168795661959,-3.606607085878364,5.883098761158134,NA,NA,NA,NA,NA,0.1885,0.052,0.1307903163840002,0.05611790252579439,platt_vol_vegas,platt,0.1307903163840002,0.05611790252579439,NA,NA,NA,2026-09-27 13:00:00,2026-09-22 23:42:39,2026-09-22 23:42:29,live
TE,00-0036628,John Bates,WAS,SEA,2026_03_SEA_WAS,2026,3,NA,NA,12,17,4.612274829709758,0.4881772444309425,-2.9959791480742606,4.686541026681524,-4.367126487678481,5.83459851149504,NA,NA,NA,NA,NA,0.1775,0.0365,0.1303388303279021,0.03920792541404707,platt_vol_vegas,platt,0.1303388303279021,0.03920792541404707,NA,NA,NA,2026-09-27 13:00:00,2026-09-22 23:42:39,2026-09-22 23:42:29,live
TE,00-0037317,Nick Muse,ATL,GB,2026_03_ATL_GB,2026,3,NA,NA,12,17,4.252322181364056,0.5947217719061799,-2.742753059807439,4.61633615402189,-4.056175656549655,5.716060887724362,NA,NA,NA,NA,NA,0.1505,0.029,0.12538722688191717,0.03104978204797369,platt_vol_vegas,platt,0.12538722688191717,0.03104978204797369,NA,NA,NA,2026-09-24 20:15:00,2026-09-22 23:42:39,2026-09-22 23:42:29,live
TE,00-0039359,Cade Stover,HOU,IND,2026_03_HOU_IND,2026,3,NA,NA,12,17,3.8547410033012985,1.0625871036258707,-2.1059005927373495,4.880574154245343,-3.3528203592502845,5.924616271061401,NA,NA,NA,NA,NA,0.1595,0.0385,0.1251161155731952,0.04138665329369701,platt_vol_vegas,platt,0.1251161155731952,0.04138665329369701,NA,NA,NA,2026-09-27 13:00:00,2026-09-22 23:42:39,2026-09-22 23:42:29,live
TE,00-0033246,Johnny Mundt,PHI,CHI,2026_03_PHI_CHI,2026,3,NA,NA,12,17,3.86792032467146,0.7558892962236597,-2.4183280736070167,4.580780529910699,-3.6675026833722817,5.626710620103612,NA,NA,NA,NA,NA,0.141,0.0345,0.123754911066846,0.03703043467198524,platt_vol_vegas,platt,0.123754911066846,0.03703043467198524,NA,NA,NA,2026-09-28 20:15:00,2026-09-22 23:42:39,2026-09-22 23:42:29,live
TE,00-0033576,Eric Saubert,SEA,WAS,2026_03_SEA_WAS,2026,3,NA,NA,12,17,3.856534109232652,0.948248780209312,-2.2210190052864585,4.767175828231907,-3.4682457663823723,5.8114749906758165,NA,NA,NA,NA,NA,0.1435,0.033,0.12344887671798734,0.03539820271580311,platt_vol_vegas,platt,0.12344887671798734,0.03539820271580311,NA,NA,NA,2026-09-27 13:00:00,2026-09-22 23:42:39,2026-09-22 23:42:29,live
TE,00-0041579,Seydou Traore,MIA,KC,2026_03_KC_MIA,2026,3,NA,NA,12,17,4.423193588398047,0.21277316548754183,-3.1950321337308085,4.3191348592324825,-4.536132429906858,5.442034046241049,NA,NA,NA,NA,NA,0.1525,0.0345,0.1233030389143146,0.03703043467198524,platt_vol_vegas,platt,0.1233030389143146,0.03703043467198524,NA,NA,NA,2026-09-27 13:00:00,2026-09-22 23:42:39,2026-09-22 23:42:29,live
TE,00-0040187,Mitchell Evans,CAR,CLE,2026_03_CAR_CLE,2026,3,NA,NA,12,17,3.821952188335683,0.6320249582168919,-2.5221677545516035,4.432786736882137,-3.7634619042673823,5.472118541914685,NA,NA,NA,NA,NA,0.1375,0.032,0.12156065414334868,0.03431050162284035,platt_vol_vegas,platt,0.12156065414334868,0.03431050162284035,NA,NA,NA,2026-09-27 13:00:00,2026-09-22 23:42:39,2026-09-22 23:42:29,live
TE,00-0041077,Justin Joly,MIA,KC,2026_03_KC_MIA,2026,3,NA,NA,12,17,4.400641983354807,-0.25263335096503636,-3.651230606833827,3.842632768600931,-4.988707189628679,4.962497831449431,NA,NA,NA,NA,NA,0.126,0.033,0.12086316653841037,0.03539820271580311,platt_vol_vegas,platt,0.12086316653841037,0.03539820271580311,NA,NA,NA,2026-09-27 13:00:00,2026-09-22 23:42:39,2026-09-22 23:42:29,live
TE,00-0039648,David Martin-Robinson,TEN,NYG,2026_03_TEN_NYG,2026,3,NA,NA,12,17,4.2185185960418,0.8636437988049218,-2.4597608909983077,4.8683038403133105,-3.7676463546514962,5.963392349371172,NA,NA,NA,NA,NA,0.1585,0.038,0.12064205225141056,0.04084186165655354,platt_vol_vegas,platt,0.12064205225141056,0.04084186165655354,NA,NA,NA,2026-09-27 13:00:00,2026-09-22 23:42:39,2026-09-22 23:42:29,live
TE,00-0034981,Foster Moreau,HOU,IND,2026_03_HOU_IND,2026,3,NA,NA,12,17,3.778925844044307,0.665995897081241,-2.469350700018928,4.444048347994091,-3.7032281903057314,5.477170206711017,NA,NA,NA,NA,NA,0.1215,0.029,0.1191928718726229,0.03104978204797369,platt_vol_vegas,platt,0.1191928718726229,0.03104978204797369,NA,NA,NA,2026-09-27 13:00:00,2026-09-22 23:42:39,2026-09-22 23:42:29,live
TE,00-0037805,Jeremy Ruckert,NYJ,DET,2026_03_NYJ_DET,2026,3,NA,NA,12,17,3.8795911964144096,0.4238463183353351,-2.7554372639059364,4.254842273022724,-4.006605619900159,5.302441720851291,NA,NA,NA,NA,NA,0.1255,0.025,0.1142610336935631,0.02670853371387331,platt_vol_vegas,platt,0.1142610336935631,0.02670853371387331,NA,NA,NA,2026-09-27 13:00:00,2026-09-22 23:42:39,2026-09-22 23:42:29,live
TE,00-0036244,Colby Parkinson,LA,DEN,2026_03_LA_DEN,2026,3,NA,NA,12,17,4.686013285190173,0.8406659979972391,-2.6728656166557068,5.074426546313184,-4.05557321738506,6.232163402502601,NA,NA,NA,NA,NA,0.2125,0.0545,0.1127826796621284,0,platt_vol_vegas,platt,0.1977826796621284,0.05884947016740101,role_change_down,0.85,"Impact note explicitly states Terrance Ferguson is surpassing Parkinson as receiving threat, implying reduced opportunity/role for Parkinson going forward.",2026-09-27 20:20:00,2026-09-22 23:42:39,2026-09-22 23:42:29,live
TE,00-0038558,Darnell Washington,PIT,CIN,2026_03_CIN_PIT,2026,3,NA,NA,12,17,3.964939575998144,0.4093539492943659,-2.806762655827998,4.284733224313595,-4.072426199650652,5.344469448693843,NA,NA,NA,NA,NA,0.1215,0.0265,0.1122244944191898,0.02833556413937982,platt_vol_vegas,platt,0.1122244944191898,0.02833556413937982,NA,NA,NA,2026-09-27 13:00:00,2026-09-22 23:42:39,2026-09-22 23:42:29,live
TE,00-0034365,Ian Thomas,LV,NO,2026_03_LV_NO,2026,3,NA,NA,12,17,3.778210755201611,0.6307124781696741,-2.5043200496035936,4.408386479570322,-3.738073941729603,5.441404849924248,NA,NA,NA,NA,NA,0.1365,0.022,0.10832767830289816,0.02345830653002567,platt_vol_vegas,platt,0.10832767830289816,0.02345830653002567,NA,NA,NA,2026-09-27 16:25:00,2026-09-22 23:42:39,2026-09-22 23:42:29,live
TE,00-0037292,Andrew Ogletree,IND,HOU,2026_03_HOU_IND,2026,3,NA,NA,12,17,3.81006663881842,1.1280612821767186,-2.0209354270666964,4.922561943212724,-3.2601847528402117,5.960181623396078,NA,NA,NA,NA,NA,0.154,0.0355,0.10737051931472412,0.0381190179467453,platt_vol_vegas,platt,0.10737051931472412,0.0381190179467453,NA,NA,NA,2026-09-27 13:00:00,2026-09-22 23:42:39,2026-09-22 23:42:29,live
TE,00-0038710,Blake Whiteheart,CLE,CAR,2026_03_CAR_CLE,2026,3,NA,NA,12,17,3.77363846947141,0.7096718697520615,-2.4233518336577453,4.484925263550077,-3.656315177406645,5.51728171015939,NA,NA,NA,NA,NA,0.1275,0.028,0.10618540957650605,0.02996373927867712,platt_vol_vegas,platt,0.10618540957650605,0.02996373927867712,NA,NA,NA,2026-09-27 13:00:00,2026-09-22 23:42:39,2026-09-22 23:42:29,live
TE,00-0038115,Daniel Bellinger,TEN,NYG,2026_03_TEN_NYG,2026,3,NA,NA,12,17,3.857673056913974,0.5396827448923625,-2.6300804501219264,4.359206755033076,-3.877502173603797,5.403669158888022,NA,NA,NA,NA,NA,0.1215,0.0235,0.100659936505204,0.02508274490863029,platt_vol_vegas,platt,0.100659936505204,0.02508274490863029,NA,NA,NA,2026-09-27 13:00:00,2026-09-22 23:42:39,2026-09-22 23:42:29,live
TE,00-0036429,Charlie Woerner,ATL,GB,2026_03_ATL_GB,2026,3,NA,NA,12,17,3.798959528141532,0.6272277367475848,-2.5169063786399524,4.4158690345310605,-3.7542420897883018,5.451886451026177,NA,NA,NA,NA,NA,0.1195,0.0295,0.10046417078251772,0.0315929722364222,platt_vol_vegas,platt,0.10046417078251772,0.0315929722364222,NA,NA,NA,2026-09-24 20:15:00,2026-09-22 23:42:39,2026-09-22 23:42:29,live
TE,00-0041524,Will Kacmarek,MIA,KC,2026_03_KC_MIA,2026,3,NA,NA,12,17,3.892924766970076,0.5067321963929927,-2.6783305888197857,4.344692016565308,-3.931773279799791,5.39419575813969,NA,NA,NA,NA,NA,0.1295,0.0305,0.09556092449992291,0.03267967619522707,platt_vol_vegas,platt,0.09556092449992291,0.03267967619522707,NA,NA,NA,2026-09-27 13:00:00,2026-09-22 23:42:39,2026-09-22 23:42:29,live
TE,00-0039912,Ben Sinnott,WAS,SEA,2026_03_SEA_WAS,2026,3,NA,NA,12,17,3.880649458851418,0.13527413873482863,-3.044468470050637,3.966823214522747,-4.29581747035412,5.014573915280408,NA,NA,NA,NA,NA,0.118,0.0235,0.09084859741122128,0.02508274490863029,platt_vol_vegas,platt,0.09084859741122128,0.02508274490863029,NA,NA,NA,2026-09-27 13:00:00,2026-09-22 23:42:39,2026-09-22 23:42:29,live
TE,00-0039686,Colson Yankoff,WAS,SEA,2026_03_SEA_WAS,2026,3,NA,NA,12,17,3.795233749125699,0.6071710377422258,-2.5353304665137797,4.393845060044077,-3.7720236834232295,5.429324518072869,NA,NA,NA,NA,NA,0.1325,0.0275,0.0877601335033078,0.02942089259379163,platt_vol_vegas,platt,0.0877601335033078,0.02942089259379163,NA,NA,NA,2026-09-27 13:00:00,2026-09-22 23:42:39,2026-09-22 23:42:29,live
WR,00-0038543,Jaxon Smith-Njigba,SEA,WAS,2026_03_SEA_WAS,2026,3,NA,NA,15,20,8.947016229310924,NA,NA,NA,NA,NA,18.683881756880997,8.494376293798181,30.578953021981302,6.917878655831377,35.483822823896276,0.5736010014327642,0.355569108199722,0.6769652064065433,0.45028588093006866,platt,platt,0.5919652064065434,0.36528588093006864,role_change_up,0.85,"Drew Lock's continued starting role due to Darnold's injury establishes JSN as the primary receiving target with demonstrated high-volume usage (155 yards, 3 TDs in one game).",2026-09-27 13:00:00,2026-09-22 23:42:39,2026-09-22 23:42:29,live
WR,00-0036963,Amon-Ra St. Brown,DET,NYJ,2026_03_NYJ_DET,2026,3,NA,NA,15,20,10.08692888558394,NA,NA,NA,NA,NA,20.641107767418752,9.390056347364396,33.775411383402485,7.649318678336014,39.19127209911194,0.648978681565151,0.4314841638425718,0.6697233013443916,0.44338887438735497,platt,platt,0.6697233013443916,0.44338887438735497,NA,NA,NA,2026-09-27 13:00:00,2026-09-22 23:42:39,2026-09-22 23:42:29,live
WR,00-0039075,Puka Nacua,LA,DEN,2026_03_LA_DEN,2026,3,NA,NA,15,20,8.964284578198074,NA,NA,NA,NA,NA,17.656564886424796,7.450809617014654,29.57060592439661,5.871797845129844,34.483297811949654,0.5190350131334164,0.31460108801811093,0.6069529539389057,0.3949745493558446,platt,platt,0.5349529539389057,0.3229745493558445,role_change_up,0.72,"If Nacua remains out, Adams and Ferguson would see increased target/snap opportunities in expanded roles.",2026-09-27 20:20:00,2026-09-22 23:42:39,2026-09-22 23:42:29,live
WR,00-0036554,Nico Collins,HOU,IND,2026_03_HOU_IND,2026,3,NA,NA,15,20,9.03136107936005,NA,NA,NA,NA,NA,15.197819469066086,4.928995512794701,27.185485917763557,3.3402258938557186,32.12853685451216,0.4161018387313852,0.2417025252305447,0.511312009757757,0.33251169895360455,platt,platt,0.426312009757757,0.24751169895360456,role_change_up,0.85,"Collins' likely absence in Week 3 creates expanded target and snap opportunities for multiple pass catchers, particularly TE1 designation for Schultz and increased roles for Hutchinson, Boutte, and Noel.",2026-09-27 13:00:00,2026-09-22 23:42:39,2026-09-22 23:42:29,live
WR,00-0035640,DK Metcalf,PIT,CIN,2026_03_CIN_PIT,2026,3,NA,NA,15,20,8.672640190705398,NA,NA,NA,NA,NA,14.596748787498466,4.666174752659687,26.189547503367017,3.1297384097676098,30.969776816323783,0.39168489466627154,0.21966179668239272,0.4854174239395083,0.30967556131855967,platt,platt,0.4004174239395083,0.22467556131855967,role_change_up,0.85,"Metcalf established high target volume (10 targets, leading team) in Week 1, signaling a primary role in Steelers' passing game that should be monitored for consistency.",2026-09-27 13:00:00,2026-09-22 23:42:39,2026-09-22 23:42:29,live
WR,00-0037239,Chris Olave,NO,LV,2026_03_LV_NO,2026,3,NA,NA,15,20,9.634132918712194,NA,NA,NA,NA,NA,16.479312819736933,5.6472971194723005,29.124440609908476,3.971391725657435,34.33859225785534,0.46394154615038097,0.282817157068427,0.47693896229888544,0.2900925944719258,platt,platt,0.47693896229888544,0.2900925944719258,NA,NA,NA,2026-09-27 16:25:00,2026-09-22 23:42:39,2026-09-22 23:42:29,live
WR,00-0036358,CeeDee Lamb,DAL,BAL,2026_03_BAL_DAL,2026,3,NA,NA,15,20,8.056073389084935,NA,NA,NA,NA,NA,16.271623029146077,6.928196247797745,27.17899511183004,5.482602022967237,31.676592373274932,0.46374969681966893,0.2614811658267403,0.4767363247886882,0.26800024411886225,platt,platt,0.4767363247886882,0.26800024411886225,NA,NA,NA,2026-09-27 16:25:00,2026-09-22 23:42:39,2026-09-22 23:42:29,live
WR,00-0037247,George Pickens,DAL,BAL,2026_03_BAL_DAL,2026,3,NA,NA,15,20,7.252971258372925,NA,NA,NA,NA,NA,15.967276957694292,7.400533541054827,25.96796087900455,6.075106040149034,30.091690066575552,0.4542932747969034,0.24081027872665173,0.4667437180661438,0.24658730145793573,platt,platt,0.4667437180661438,0.24658730145793573,NA,NA,NA,2026-09-27 16:25:00,2026-09-22 23:42:39,2026-09-22 23:42:29,live
WR,00-0036322,Justin Jefferson,MIN,TB,2026_03_MIN_TB,2026,3,NA,NA,15,20,9.10350108738768,NA,NA,NA,NA,NA,15.8678194088799,5.5312564769852255,27.93456329125492,3.9320064342950296,32.910221390063654,0.44248493989168247,0.26127185282561305,0.45425449065229306,0.2677834544057084,platt,platt,0.45425449065229306,0.2677834544057084,NA,NA,NA,2026-09-27 16:05:00,2026-09-22 23:42:39,2026-09-22 23:42:29,live
WR,00-0040667,Matthew Golden,GB,ATL,2026_03_ATL_GB,2026,3,NA,NA,15,20,7.544234111117925,NA,NA,NA,NA,NA,13.503821728292545,4.653751890825935,23.83525653631021,3.284488755813475,28.095369104864183,0.339299227646232,0.17807169950044444,0.429819357524255,0.2665970481536938,platt,platt,0.3448193575242549,0.1815970481536938,role_change_up,0.85,"Golden led Packers receivers in targets in Week 1, signaling a meaningful role increase that affects his fantasy opportunity and WR3/WR4 classification.",2026-09-24 20:15:00,2026-09-22 23:42:39,2026-09-22 23:42:29,live
WR,00-0039064,Zay Flowers,BAL,DAL,2026_03_BAL_DAL,2026,3,NA,NA,15,20,8.530780252405064,NA,NA,NA,NA,NA,17.191911639283564,7.395768195125857,28.62777816034105,5.880130654437382,33.343297311742475,0.4994973430097327,0.29387949500002775,0.42942378960348454,0.216541594980315,platt,platt,0.5144237896034846,0.301541594980315,role_change_down,0.85,"Zay Flowers' hamstring absence is explicitly noted as impacting Ravens offensive production and Jackson's performance, suggesting reduced target opportunity when Flowers is unavailable.",2026-09-27 16:25:00,2026-09-22 23:42:39,2026-09-22 23:42:29,live
WR,00-0036912,DeVonta Smith,PHI,CHI,2026_03_PHI_CHI,2026,3,NA,NA,15,20,8.62929764499155,NA,NA,NA,NA,NA,15.258589483250166,5.369047322260155,26.80348822346827,3.838959339692167,31.563966234491303,0.41890917952628026,0.23830364385930092,0.42928741002564785,0.24399030448512632,platt,platt,0.42928741002564785,0.24399030448512632,NA,NA,NA,2026-09-28 20:15:00,2026-09-22 23:42:39,2026-09-22 23:42:29,live
WR,00-0031381,Davante Adams,LA,DEN,2026_03_LA_DEN,2026,3,NA,NA,15,20,7.624262020780373,NA,NA,NA,NA,NA,15.1336867964723,6.206104802445141,25.55560809861276,4.82484915884881,29.8530322950345,0.4143524724715501,0.21937787634915895,0.4244576982304759,0.22438139324707504,platt,platt,0.4244576982304759,0.22438139324707504,NA,NA,NA,2026-09-27 20:20:00,2026-09-22 23:42:39,2026-09-22 23:42:29,live
WR,00-0037740,Garrett Wilson,NYJ,DET,2026_03_NYJ_DET,2026,3,NA,NA,15,20,9.545063271925406,NA,NA,NA,NA,NA,14.815219979662354,4.066031139346686,27.363656973079628,2.402940533211444,32.5379386817421,0.4012348947644256,0.23746627533585796,0.4105483534982875,0.2431227380388756,platt,platt,0.4105483534982875,0.2431227380388756,NA,NA,NA,2026-09-27 13:00:00,2026-09-22 23:42:39,2026-09-22 23:42:29,live
WR,00-0038124,Christian Watson,GB,ATL,2026_03_ATL_GB,2026,3,NA,NA,15,20,7.328356323482898,NA,NA,NA,NA,NA,14.827164417606852,6.186903635269097,24.913671375900797,4.850101690942784,29.072789239422395,0.40008752855834984,0.20392542226803445,0.4093313701772978,0.2083721977335534,platt,platt,0.4093313701772978,0.2083721977335534,NA,NA,NA,2026-09-24 20:15:00,2026-09-22 23:42:39,2026-09-22 23:42:29,live
WR,00-0036900,Ja'Marr Chase,CIN,PIT,2026_03_CIN_PIT,2026,3,NA,NA,15,20,9.048493572695309,NA,NA,NA,NA,NA,14.769163796518525,4.484244068217942,26.77562020082746,2.892984147205201,31.726419076516827,0.3990921793339638,0.22989855616428057,0.408275585644755,0.23528191667601153,platt,platt,0.408275585644755,0.23528191667601153,NA,NA,NA,2026-09-27 13:00:00,2026-09-22 23:42:39,2026-09-22 23:42:29,live
WR,00-0038997,Josh Downs,IND,HOU,2026_03_HOU_IND,2026,3,NA,NA,15,20,7.099472824851852,NA,NA,NA,NA,NA,12.654767829113624,4.238131998183087,22.480218473803248,2.935928809307784,26.531691145407933,0.29618860711525774,0.15308811606165074,0.3841116599069821,0.24074733313870408,platt,platt,0.299111659906982,0.15574733313870406,role_change_up,0.85,Alec Pierce injury creates expanded opportunity for Downs as lead receiver in Colts passing game.,2026-09-27 13:00:00,2026-09-22 23:42:39,2026-09-22 23:42:29,live
WR,00-0035676,A.J. Brown,NE,JAX,2026_03_NE_JAX,2026,3,NA,NA,15,20,7.427278874097814,NA,NA,NA,NA,NA,12.043264720096191,3.3067309782517924,22.24215924404606,1.9550338956077091,26.447619526592405,0.2789520703650835,0.1462352497553927,0.375871905829731,0.243663216304922,platt,platt,0.28087190582973104,0.14866321630492202,role_change_up,0.95,"A.J. Brown's six-week absence creates significant target-share opportunity for backup receivers Hollins, Doubs, and Douglas in New England's passing game.",2026-09-27 13:00:00,2026-09-22 23:42:39,2026-09-22 23:42:29,live
WR,00-0040124,Tetairoa McMillan,CAR,CLE,2026_03_CAR_CLE,2026,3,NA,NA,15,20,8.1922792334981,NA,NA,NA,NA,NA,13.995497801324651,4.521712291643393,25.05504864961859,3.055949254101632,29.615396021197164,0.36500391278202426,0.1961275124851023,0.3721013923463066,0.20029460535557933,platt,platt,0.3721013923463066,0.20029460535557933,NA,NA,NA,2026-09-27 13:00:00,2026-09-22 23:42:39,2026-09-22 23:42:29,live
WR,00-0037238,Drake London,ATL,GB,2026_03_ATL_GB,2026,3,NA,NA,15,20,8.71363989716054,NA,NA,NA,NA,NA,13.87236622719196,3.9030110086025065,25.5104374978602,2.3605745271559133,30.309334709641934,0.3621163700141813,0.19957834925759965,0.36903641226644224,0.20386906777215125,platt,platt,0.36903641226644224,0.20386906777215125,NA,NA,NA,2026-09-24 20:15:00,2026-09-22 23:42:39,2026-09-22 23:42:29,live
WR,00-0035719,Deebo Samuel Sr.,SF,ARI,2026_03_ARI_SF,2026,3,NA,NA,15,20,7.111659724158265,NA,NA,NA,NA,NA,13.944547754803729,5.515973797046547,23.783934784324707,4.2119235677224065,27.841154050597368,0.35717634025366296,0.1808789404675959,0.3637928388412832,0.18450338612380696,platt,platt,0.3637928388412832,0.18450338612380696,NA,NA,NA,2026-09-27 16:05:00,2026-09-22 23:42:39,2026-09-22 23:42:29,live
WR,00-0037240,Jameson Williams,DET,NYJ,2026_03_NYJ_DET,2026,3,NA,NA,15,20,6.359789357368793,NA,NA,NA,NA,NA,13.880231235007871,6.195124289940377,22.851706359359767,5.006101624383492,26.551046736173713,0.3488227678817357,0.16684990602366812,0.35492635224357566,0.16998233205643096,platt,platt,0.35492635224357566,0.16998233205643096,NA,NA,NA,2026-09-27 13:00:00,2026-09-22 23:42:39,2026-09-22 23:42:29,live
WR,00-0038393,Dontayvion Wicks,PHI,CHI,2026_03_PHI_CHI,2026,3,NA,NA,15,20,6.557196619495255,NA,NA,NA,NA,NA,12.296370575470725,4.414652592004496,21.497366388705075,3.1952107035759205,25.291348409164925,0.2776283059395239,0.13422576006621367,0.3544722555621971,0.21125704359278433,platt,platt,0.27947225556219707,0.13625704359278432,role_change_up,0.75,Loss of Dallas Goedert to knee injury increases target opportunity for Wicks as primary receiving option.,2026-09-28 20:15:00,2026-09-22 23:42:39,2026-09-22 23:42:29,live
WR,00-0039424,Devaughn Vele,NO,LV,2026_03_LV_NO,2026,3,NA,NA,15,20,7.099814885483114,NA,NA,NA,NA,NA,13.76124506892853,5.344274111390485,23.587086935242557,4.042019072471325,27.638720925017488,0.34822442809696164,0.17677714983740322,0.3542913059131818,0.1802569000552942,platt,platt,0.3542913059131818,0.1802569000552942,NA,NA,NA,2026-09-27 16:25:00,2026-09-22 23:42:39,2026-09-22 23:42:29,live
WR,00-0038606,Parker Washington,JAX,NE,2026_03_NE_JAX,2026,3,NA,NA,15,20,7.4382775358743745,NA,NA,NA,NA,NA,13.654640372735305,4.907416360710961,23.866014552944677,3.554065303224924,28.076620755827378,0.3455202631130254,0.17962311211397364,0.3514213201151819,0.1832031906547004,platt,platt,0.3514213201151819,0.1832031906547004,NA,NA,NA,2026-09-27 13:00:00,2026-09-22 23:42:39,2026-09-22 23:42:29,live
WR,00-0031408,Mike Evans,SF,ARI,2026_03_ARI_SF,2026,3,NA,NA,15,20,6.85498517176503,NA,NA,NA,NA,NA,13.57702756794059,5.400650096988697,23.122004314820707,4.1356191475690185,27.05782505623247,0.33726979879582575,0.16878891801744134,0.3426658630884936,0.17198883395604184,platt,platt,0.3426658630884936,0.17198883395604184,NA,NA,NA,2026-09-27 16:05:00,2026-09-22 23:42:39,2026-09-22 23:42:29,live
WR,00-0039491,Jalen Coker,CAR,CLE,2026_03_CAR_CLE,2026,3,NA,NA,15,20,6.715260609519961,NA,NA,NA,NA,NA,13.390852492853666,5.352448687598104,22.77476091388508,4.108764717073521,26.64416598195673,0.32660603561945145,0.16218729432474077,0.3313523037204352,0.16515820541570891,platt,platt,0.3313523037204352,0.16515820541570891,NA,NA,NA,2026-09-27 13:00:00,2026-09-22 23:42:39,2026-09-22 23:42:29,live
WR,00-0036550,Rashod Bateman,BAL,DAL,2026_03_BAL_DAL,2026,3,NA,NA,15,20,6.524875882192259,NA,NA,NA,NA,NA,11.757220301222327,3.907621557779869,20.920720609846775,2.693149086779277,24.69924155704612,0.25742315235997204,0.12113130508079072,0.33013336200002796,0.19474500690330984,platt,platt,0.25813336200002795,0.12274500690330983,role_change_up,0.72,"Conditional opportunity increase if Zay Flowers remains unavailable, elevating Bateman to primary WR role against Dallas in Week 3.",2026-09-27 16:25:00,2026-09-22 23:42:39,2026-09-22 23:42:29,live
WR,00-0037261,Khalil Shakir,BUF,LAC,2026_03_LAC_BUF,2026,3,NA,NA,15,20,6.499811561042522,NA,NA,NA,NA,NA,11.722589538004437,3.897917870639777,20.856990363101417,2.6873020614468093,24.62351229198265,0.2557678780077085,0.119731301266642,0.32838745541013115,0.19330142041883097,platt,platt,0.25638745541013114,0.12130142041883096,role_change_up,0.72,"Impact note indicates Shakir may receive increased opportunity if DJ Moore misses time due to shoulder injury, representing a meaningful role change.",2026-09-27 13:00:00,2026-09-22 23:42:39,2026-09-22 23:42:29,live
WR,00-0036410,Tee Higgins,CIN,PIT,2026_03_CIN_PIT,2026,3,NA,NA,15,20,7.082241947809135,NA,NA,NA,NA,NA,13.2109163432727,4.811165726830204,23.0166554494201,3.5115749808112717,27.06000017223068,0.32138179422150737,0.1647001413862473,0.3258113108904729,0.16775795894957837,platt,platt,0.3258113108904729,0.16775795894957837,NA,NA,NA,2026-09-27 13:00:00,2026-09-22 23:42:39,2026-09-22 23:42:29,live
WR,00-0036613,Jaylen Waddle,DEN,LA,2026_03_LA_DEN,2026,3,NA,NA,15,20,8.150155434757774,NA,NA,NA,NA,NA,12.990431402313392,3.5569209064393448,24.00296582167705,2.0973891295182483,28.543926217144723,0.3213687440195224,0.17644594567168848,0.3257974709634121,0.17991404025380958,platt,platt,0.3257974709634121,0.17991404025380958,NA,NA,NA,2026-09-27 20:20:00,2026-09-22 23:42:39,2026-09-22 23:42:29,live
WR,00-0034827,DJ Moore,BUF,LAC,2026_03_LAC_BUF,2026,3,NA,NA,15,20,6.898673178990053,NA,NA,NA,NA,NA,12.921461164291252,4.7020437052785535,22.516682128330604,3.4303537045671515,26.47322080727909,0.30511403835705175,0.15516114075222576,0.3085661688389026,0.1578909297747942,platt,platt,0.3085661688389026,0.1578909297747942,NA,NA,NA,2026-09-27 13:00:00,2026-09-22 23:42:39,2026-09-22 23:42:29,live
WR,00-0039337,Malik Nabers,NYG,TEN,2026_03_TEN_NYG,2026,3,NA,NA,15,20,8.26105906714939,NA,NA,NA,NA,NA,12.586155464932077,3.0466859591027866,23.722384795610477,1.5707604396668096,28.31435013435564,0.3050503849346252,0.17029799750764374,0.30849872225731284,0.17355056234504276,platt,platt,0.30849872225731284,0.17355056234504276,NA,NA,NA,2026-09-27 13:00:00,2026-09-22 23:42:39,2026-09-22 23:42:29,live
WR,00-0038618,Xavier Hutchinson,HOU,IND,2026_03_HOU_IND,2026,3,NA,NA,15,20,6.675246577652433,NA,NA,NA,NA,NA,10.585895871030612,2.5870961099701715,19.923571142691436,1.349539589139173,23.773912215841037,0.21742958713871707,0.09900750536307625,0.30106967320307726,0.18496149762205527,platt,platt,0.21606967320307727,0.09996149762205526,role_change_up,0.85,"Collins sidelined elevates Hutchinson to lead target role, increasing opportunity even if production was limited in this game.",2026-09-27 13:00:00,2026-09-22 23:42:39,2026-09-22 23:42:29,live
WR,00-0039067,Rashee Rice,KC,MIA,2026_03_KC_MIA,2026,3,NA,NA,15,20,7.48087101504615,NA,NA,NA,NA,NA,12.576635717262842,3.788038348008902,22.836308515546033,2.428286096649076,27.06683039845997,0.2970254464886203,0.15814064060985444,0.299997854069272,0.16097232709761597,platt,platt,0.299997854069272,0.16097232709761597,NA,NA,NA,2026-09-27 13:00:00,2026-09-22 23:42:39,2026-09-22 23:42:29,live
WR,00-0039410,Ryan Flournoy,DAL,BAL,2026_03_BAL_DAL,2026,3,NA,NA,15,20,6.464573816516216,NA,NA,NA,NA,NA,12.767839946233774,4.978241318051798,21.861297047214492,3.773051931527542,25.61093604773656,0.293907153224649,0.14304735980310812,0.29669593249054377,0.14536890020479806,platt,platt,0.29669593249054377,0.14536890020479806,NA,NA,NA,2026-09-27 16:25:00,2026-09-22 23:42:39,2026-09-22 23:42:29,live
WR,00-0039893,Brian Thomas Jr.,JAX,NE,2026_03_NE_JAX,2026,3,NA,NA,15,20,6.284089202431272,NA,NA,NA,NA,NA,12.7239271613407,5.114494740170787,21.6070610155519,3.937180268756496,25.26997433627521,0.29028764215834135,0.13804749021238127,0.292864273339594,0.1402037176307835,platt,platt,0.292864273339594,0.1402037176307835,NA,NA,NA,2026-09-27 13:00:00,2026-09-22 23:42:39,2026-09-22 23:42:29,live
WR,00-0038117,Wan'Dale Robinson,TEN,NYG,2026_03_TEN_NYG,2026,3,NA,NA,15,20,6.974959197500797,NA,NA,NA,NA,NA,12.43961787190008,4.145159107996125,22.122440895994423,2.861858883379389,26.11510182165949,0.28752770240942105,0.14609920811964117,0.28994332307376536,0.14852261745392406,platt,platt,0.28994332307376536,0.14852261745392406,NA,NA,NA,2026-09-27 13:00:00,2026-09-22 23:42:39,2026-09-22 23:42:29,live
WR,00-0041037,Denzel Boston,CLE,CAR,2026_03_CAR_CLE,2026,3,NA,NA,15,20,7.02764261489984,NA,NA,NA,NA,NA,12.317092846489246,3.970893472450357,22.060317059540665,2.679588055632662,26.077884096410337,0.2838473197369652,0.14447246643758638,0.28604930428687736,0.1468414884508887,platt,platt,0.28604930428687736,0.1468414884508887,NA,NA,NA,2026-09-27 13:00:00,2026-09-22 23:42:39,2026-09-22 23:42:29,live
WR,00-0035659,Terry McLaurin,WAS,SEA,2026_03_SEA_WAS,2026,3,NA,NA,15,20,7.562859964598778,NA,NA,NA,NA,NA,12.090540793937526,3.2224179334070673,22.443050422187937,1.850361674790971,26.71185308153974,0.2819365848167168,0.1496302704312843,0.28402815976821194,0.15217239707409264,platt,platt,0.28402815976821194,0.15217239707409264,NA,NA,NA,2026-09-27 13:00:00,2026-09-22 23:42:39,2026-09-22 23:42:29,live
WR,00-0033307,Kendrick Bourne,ARI,SF,2026_03_ARI_SF,2026,3,NA,NA,15,20,6.163808175073821,NA,NA,NA,NA,NA,10.2167540352333,2.7278886544816903,18.95913978903923,1.5692280475875915,22.564016374044943,0.195242486424384,0.08556316441885736,0.27786643878486766,0.17115261880406066,platt,platt,0.19286643878486764,0.08615261880406065,role_change_up,0.85,"Bourne unexpectedly led team in targets (8) and finishes ahead of Marvin Harrison Jr. and Michael Wilson in opportunity, signaling a potential shift in Cardinals passing game distribution.",2026-09-27 16:05:00,2026-09-22 23:42:39,2026-09-22 23:42:29,live
WR,00-0032464,Kalif Raymond,CHI,PHI,2026_03_PHI_CHI,2026,3,NA,NA,15,20,6.686527334548352,NA,NA,NA,NA,NA,12.129590808735824,4.119621713471343,21.480304988597062,2.8803370980773515,25.33602258666668,0.27320920781923763,0.13329402295912607,0.27480116387711445,0.13529504156565764,platt,platt,0.27480116387711445,0.13529504156565764,NA,NA,NA,2026-09-28 20:15:00,2026-09-22 23:42:39,2026-09-22 23:42:29,live
WR,00-0038621,DeMario Douglas,NE,JAX,2026_03_NE_JAX,2026,3,NA,NA,15,20,5.908292805818338,NA,NA,NA,NA,NA,10.042125154238128,2.810752382026521,18.483918014707196,1.6919304592204707,21.96484670799039,0.1867946765735261,0.07822302438687934,0.2690625209325007,0.16362798780078408,platt,platt,0.18406252093250072,0.07862798780078406,role_change_up,0.85,A.J. Brown's ankle injury creates sustained opportunity increase for Douglas as primary target in New England's passing game.,2026-09-27 13:00:00,2026-09-22 23:42:39,2026-09-22 23:42:29,live
WR,00-0039890,Adonai Mitchell,NYJ,DET,2026_03_NYJ_DET,2026,3,NA,NA,15,20,6.8388413901403275,NA,NA,NA,NA,NA,11.786515725056042,3.626054613277214,21.312911960121284,2.363486207572958,25.24107112563545,0.2629947304288005,0.12898456704520211,0.2640126526305591,0.13084665770281476,platt,platt,0.2640126526305591,0.13084665770281476,NA,NA,NA,2026-09-27 13:00:00,2026-09-22 23:42:39,2026-09-22 23:42:29,live
WR,00-0038559,Michael Wilson,ARI,SF,2026_03_ARI_SF,2026,3,NA,NA,15,20,6.96821632881652,NA,NA,NA,NA,NA,11.722714962311317,3.4348832863480663,21.3978016263222,2.152608390048094,25.38727250477322,0.26252014848651706,0.13038439069743635,0.26351170505833654,0.1322914148884247,platt,platt,0.26351170505833654,0.1322914148884247,NA,NA,NA,2026-09-27 16:05:00,2026-09-22 23:42:39,2026-09-22 23:42:29,live
WR,00-0039901,Keon Coleman,BUF,LAC,2026_03_LAC_BUF,2026,3,NA,NA,15,20,6.0404157714514275,NA,NA,NA,NA,NA,10.210224245060427,2.845469913375344,18.80772467751476,1.7060114921425455,22.3528585656,0.1931436358427641,0.08318433999781605,0.2626774113004931,0.15571277986416104,platt,platt,0.19067741130049312,0.08371277986416105,role_change_up,0.72,"Impact note explicitly states Coleman may see increased volume if DJ Moore (shoulder) misses time, indicating a potential opportunity shift.",2026-09-27 13:00:00,2026-09-22 23:42:39,2026-09-22 23:42:29,live
WR,00-0040129,Emeka Egbuka,TB,MIN,2026_03_MIN_TB,2026,3,NA,NA,15,20,7.759826985172192,NA,NA,NA,NA,NA,11.321162852732842,2.262598573386244,21.895990851276313,0.8610776417276291,26.25646531624904,0.2594402609034171,0.13770706932591217,0.2602614085001785,0.13985211608980538,platt,platt,0.2602614085001785,0.13985211608980538,NA,NA,NA,2026-09-27 16:05:00,2026-09-22 23:42:39,2026-09-22 23:42:29,live
WR,00-0041438,Carnell Tate,TEN,NYG,2026_03_TEN_NYG,2026,3,NA,NA,15,20,7.171674254458899,NA,NA,NA,NA,NA,11.49567452183044,3.008362778351797,21.403631134992395,1.695224769371935,25.489124706869028,0.257487770417028,0.1297939957278338,0.2582015255958324,0.13168204539512102,platt,platt,0.2582015255958324,0.13168204539512102,NA,NA,NA,2026-09-27 13:00:00,2026-09-22 23:42:39,2026-09-22 23:42:29,live
WR,00-0038544,Quentin Johnston,LAC,BUF,2026_03_LAC_BUF,2026,3,NA,NA,15,20,7.387396637767164,NA,NA,NA,NA,NA,11.345450621728425,2.6477039447817834,21.499065725318346,1.3020079106102234,25.685855278062224,0.2553885017416443,0.13104987329968498,0.25598735920831805,0.13297832532759998,platt,platt,0.25598735920831805,0.13297832532759998,NA,NA,NA,2026-09-27 13:00:00,2026-09-22 23:42:39,2026-09-22 23:42:29,live
WR,00-0040727,Tre Harris,LAC,BUF,2026_03_LAC_BUF,2026,3,NA,NA,15,20,6.58532046373187,NA,NA,NA,NA,NA,11.622651078547564,3.713006940696342,20.856247452993955,2.489244379730229,24.66367214266114,0.25342263837594015,0.1195024090146265,0.25391444571932786,0.12106542377039864,platt,platt,0.25391444571932786,0.12106542377039864,NA,NA,NA,2026-09-27 13:00:00,2026-09-22 23:42:39,2026-09-22 23:42:29,live
WR,00-0034348,Courtland Sutton,DEN,LA,2026_03_LA_DEN,2026,3,NA,NA,15,20,6.95808957927003,NA,NA,NA,NA,NA,11.397226748896918,3.119350029578232,21.060692150310015,1.838615342044335,25.04537106251673,0.25104782072358,0.12308427891563234,0.25141103018667227,0.1247591413656138,platt,platt,0.25141103018667227,0.1247591413656138,NA,NA,NA,2026-09-27 20:20:00,2026-09-22 23:42:39,2026-09-22 23:42:29,live
WR,00-0031588,Stefon Diggs,WAS,SEA,2026_03_SEA_WAS,2026,3,NA,NA,15,20,6.731824881045123,NA,NA,NA,NA,NA,11.388935105823084,3.3341487474126,20.791968266321796,2.08793010467589,24.669259319688702,0.24727602985562855,0.11771330768812847,0.24743666717943472,0.1192210001640259,platt,platt,0.24743666717943472,0.1192210001640259,NA,NA,NA,2026-09-27 13:00:00,2026-09-22 23:42:39,2026-09-22 23:42:29,live
WR,00-0039894,Xavier Worthy,KC,MIA,2026_03_KC_MIA,2026,3,NA,NA,15,20,6.594532897975453,NA,NA,NA,NA,NA,11.390742193505009,3.471954882959488,20.635012166506485,2.246777710635806,24.446838058155897,0.24512222610227577,0.11444672081912888,0.24516813795056816,0.1158543836558181,platt,platt,0.24516813795056816,0.1158543836558181,NA,NA,NA,2026-09-27 13:00:00,2026-09-22 23:42:39,2026-09-22 23:42:29,live
WR,00-0041489,Germie Bernard,PIT,CIN,2026_03_CIN_PIT,2026,3,NA,NA,15,20,5.721699957415028,NA,NA,NA,NA,NA,9.410603342040115,2.368487889176177,17.631460131643067,1.278947438174674,21.021287003172205,0.1673192960713864,0.06506399945893859,0.23884120305125933,0.14016932850503372,platt,platt,0.16384120305125932,0.06516932850503372,role_change_up,0.75,Bernard saw an expanded role with Pittman sidelined and may retain increased opportunity if Pittman remains uncertain for Week 3.,2026-09-27 13:00:00,2026-09-22 23:42:39,2026-09-22 23:42:29,live
WR,00-0039792,Devontez Walker,BAL,DAL,2026_03_BAL_DAL,2026,3,NA,NA,15,20,4.71588867816568,NA,NA,NA,NA,NA,9.786061473827417,3.783777381733504,16.793035196694806,2.8551173277323274,19.682323797843353,0.15381683835235915,0.04713056552521944,0.23489092115555132,0.13190937919125592,platt,platt,0.1498909211555513,0.04690937919125591,role_change_up,0.85,Walker is expected to see increased volume/snaps due to Zay Flowers' hamstring injury making him doubtful.,2026-09-27 16:25:00,2026-09-22 23:42:39,2026-09-22 23:42:29,live
WR,00-0039915,Ladd McConkey,LAC,BUF,2026_03_LAC_BUF,2026,3,NA,NA,15,20,6.097975059799053,NA,NA,NA,NA,NA,11.254186103019642,3.831483026210596,19.91933500531091,2.6830589039295916,23.492363382588703,0.23103725482561044,0.09887119571730708,0.23035118119694603,0.099821337657019,platt,platt,0.23035118119694603,0.099821337657019,NA,NA,NA,2026-09-27 13:00:00,2026-09-22 23:42:39,2026-09-22 23:42:29,live
WR,00-0038994,Jordan Addison,MIN,TB,2026_03_MIN_TB,2026,3,NA,NA,15,20,6.967556990919306,NA,NA,NA,NA,NA,10.797166012400254,2.5099824126787507,20.471496122218326,1.2278077852944822,24.460655039544346,0.2303148773479895,0.11024983978751646,0.22959216807331817,0.11153093572378509,platt,platt,0.22959216807331817,0.11153093572378509,NA,NA,NA,2026-09-27 16:05:00,2026-09-22 23:42:39,2026-09-22 23:42:29,live
WR,00-0041523,Caleb Douglas,MIA,KC,2026_03_KC_MIA,2026,3,NA,NA,15,20,6.874124131104921,NA,NA,NA,NA,NA,10.723326899088022,2.528088511731113,20.290321588406623,1.2601394432456845,24.235221312075826,0.22607719867458545,0.10638210070352272,0.22514147029171683,0.10754861712334828,platt,platt,0.22514147029171683,0.10754861712334828,NA,NA,NA,2026-09-27 13:00:00,2026-09-22 23:42:39,2026-09-22 23:42:29,live
WR,00-0039880,Malik Washington,MIA,KC,2026_03_KC_MIA,2026,3,NA,NA,15,20,7.026137116804001,NA,NA,NA,NA,NA,10.630103100435178,2.285381345752464,20.37160236347719,0.9943045429173872,24.38845812632232,0.2255515368336096,0.10802255161250762,0.2245896145558524,0.10923741575597128,platt,platt,0.2245896145558524,0.10923741575597128,NA,NA,NA,2026-09-27 13:00:00,2026-09-22 23:42:39,2026-09-22 23:42:29,live
WR,00-0040170,Elic Ayomanor,TEN,NYG,2026_03_TEN_NYG,2026,3,NA,NA,15,20,5.565471484837477,NA,NA,NA,NA,NA,9.003277917015975,2.120446627755408,17.038188834728615,1.0555502685202844,20.35134190821995,0.15334862202946575,0.05530222872934931,0.22140829709609888,0.12721628007703917,platt,platt,0.14940829709609887,0.05521628007703917,role_change_up,0.72,"Second-year WR has emerged as Titans' leading pass-catcher through two games, establishing a clear opportunity advantage in the passing game.",2026-09-27 13:00:00,2026-09-22 23:42:39,2026-09-22 23:42:29,live
WR,00-0041547,KC Concepcion,CLE,CAR,2026_03_CAR_CLE,2026,3,NA,NA,15,20,6.641667460969818,NA,NA,NA,NA,NA,10.71279894150782,2.7472660495810644,20.011638984064973,1.5148565048032037,23.84596655563599,0.22135792502127816,0.10026323652604052,0.22018890544976985,0.10125283658117391,platt,platt,0.22018890544976985,0.10125283658117391,NA,NA,NA,2026-09-27 13:00:00,2026-09-22 23:42:39,2026-09-22 23:42:29,live
WR,00-0032398,Chris Moore,BAL,DAL,2026_03_BAL_DAL,2026,3,NA,NA,15,20,5.022503751219463,NA,NA,NA,NA,NA,8.702451115573231,2.3794333921269155,16.083844324830196,1.401150143548187,19.127522823366657,0.1308807913633544,0.04251903104310584,0.2113474779791079,0.12723331203311306,platt,platt,0.12634747797910792,0.04223331203311305,role_change_up,0.85,Injuries to Zay Flowers and Ja'Kobi Lane in Week 1 create opportunity for increased targets for Moore in Week 2.,2026-09-27 16:25:00,2026-09-22 23:42:39,2026-09-22 23:42:29,live
WR,00-0036252,Michael Pittman,PIT,CIN,2026_03_CIN_PIT,2026,3,NA,NA,15,20,6.621484199519541,NA,NA,NA,NA,NA,10.42542812671527,2.4799048585732795,19.700909243584615,1.2505911583138385,23.525604885538915,0.21054078171229929,0.09609000578850556,0.2088537116800244,0.09696223963066544,platt,platt,0.2088537116800244,0.09696223963066544,NA,NA,NA,2026-09-27 13:00:00,2026-09-22 23:42:39,2026-09-22 23:42:29,live
WR,00-0041042,Malachi Fields,NYG,TEN,2026_03_TEN_NYG,2026,3,NA,NA,15,20,6.583893582962278,NA,NA,NA,NA,NA,10.329529005458204,2.421301219220525,19.561471952911447,1.1977577930280638,23.368214860692035,0.20626221296709743,0.09424011474228731,0.2043770572089836,0.09506123436291758,platt,platt,0.2043770572089836,0.09506123436291758,NA,NA,NA,2026-09-27 13:00:00,2026-09-22 23:42:39,2026-09-22 23:42:29,live
WR,00-0040735,Luther Burden III,CHI,PHI,2026_03_PHI_CHI,2026,3,NA,NA,15,20,6.62980544536727,NA,NA,NA,NA,NA,10.273560225645564,2.3197860188607793,19.558673360821945,1.089195751713131,23.3873407146452,0.20520859510380296,0.09423655023545784,0.2032752832807751,0.09505757192333186,platt,platt,0.2032752832807751,0.09505757192333186,NA,NA,NA,2026-09-28 20:15:00,2026-09-22 23:42:39,2026-09-22 23:42:29,live
WR,00-0033921,Chris Godwin Jr.,TB,MIN,2026_03_MIN_TB,2026,3,NA,NA,15,20,6.165366528348674,NA,NA,NA,NA,NA,10.337328031985193,2.8468979965804246,19.081540339461668,1.687995309796003,22.68717009422488,0.19816648795235656,0.0872635333768671,0.19591788347499017,0.08789728441147379,platt,platt,0.19591788347499017,0.08789728441147379,NA,NA,NA,2026-09-27 16:05:00,2026-09-22 23:42:39,2026-09-22 23:42:29,live
WR,00-0041099,Barion Brown,NO,LV,2026_03_LV_NO,2026,3,NA,NA,15,20,5.874418335413051,NA,NA,NA,NA,NA,10.326877358857688,3.1297847594184596,18.728652075209283,2.01626658875235,22.193079498156557,0.193334172787209,0.08165139906857755,0.19087608909428208,0.08214113037212276,platt,platt,0.19087608909428208,0.08214113037212276,NA,NA,NA,2026-09-27 16:25:00,2026-09-22 23:42:39,2026-09-22 23:42:29,live
WR,00-0037816,Romeo Doubs,NE,JAX,2026_03_NE_JAX,2026,3,NA,NA,15,20,6.186573664548247,NA,NA,NA,NA,NA,10.008726222013818,2.4970101124653654,18.777787563607863,1.3348140916000428,22.3936636863275,0.1906033548022481,0.08309935967229898,0.18802947572775663,0.0836256409989821,platt,platt,0.18802947572775663,0.0836256409989821,NA,NA,NA,2026-09-27 13:00:00,2026-09-22 23:42:39,2026-09-22 23:42:29,live
WR,00-0038104,Tyquan Thornton,KC,MIA,2026_03_KC_MIA,2026,3,NA,NA,15,20,5.4113450769275655,NA,NA,NA,NA,NA,10.392104048271596,3.6671761700979406,18.242680963251093,2.6267102756687217,21.479824884437093,0.18686853618479837,0.07285695230836275,0.18413941352758473,0.0731345435334823,platt,platt,0.18413941352758473,0.0731345435334823,NA,NA,NA,2026-09-27 13:00:00,2026-09-22 23:42:39,2026-09-22 23:42:29,live
WR,00-0039739,Roman Wilson,PIT,CIN,2026_03_CIN_PIT,2026,3,NA,NA,15,20,6.042606567338812,NA,NA,NA,NA,NA,9.921546391356822,2.554584690987764,18.521623671912305,1.4147847505782971,22.06782010970018,0.18611929083521317,0.07915546481951363,0.1833594686704735,0.07958323088665391,platt,platt,0.1833594686704735,0.07958323088665391,NA,NA,NA,2026-09-27 13:00:00,2026-09-22 23:42:39,2026-09-22 23:42:29,live
WR,00-0039855,Jalen McMillan,TB,MIN,2026_03_MIN_TB,2026,3,NA,NA,15,20,5.353793714221172,NA,NA,NA,NA,NA,10.309446491930602,3.6436796262023696,18.090959754929795,2.6123669921269377,21.299625644041953,0.18353897508075975,0.07025180696519262,0.1806745866036656,0.07047005546714984,platt,platt,0.1806745866036656,0.07047005546714984,NA,NA,NA,2026-09-27 16:05:00,2026-09-22 23:42:39,2026-09-22 23:42:29,live
WR,00-0036040,Juwan Johnson,NO,LV,2026_03_LV_NO,2026,3,NA,NA,15,20,5.954690154909249,NA,NA,NA,NA,NA,9.712006559127916,2.4337360488326745,18.208547114536444,1.3076582122256362,21.71205073062997,0.1794193156414211,0.07443340892764572,0.17639178636071567,0.07474771977885851,platt,platt,0.17639178636071567,0.07474771977885851,NA,NA,NA,2026-09-27 16:25:00,2026-09-22 23:42:39,2026-09-22 23:42:29,live
WR,00-0038976,Marvin Mims Jr.,DEN,LA,2026_03_LA_DEN,2026,3,NA,NA,15,20,5.273791072446275,NA,NA,NA,NA,NA,10.192255818172791,3.608913057843051,17.87754845385799,2.5903528981583577,21.04653827557084,0.17874483740219038,0.06651217476939042,0.17569105407700042,0.06664829381156356,platt,platt,0.17569105407700042,0.06664829381156356,NA,NA,NA,2026-09-27 20:20:00,2026-09-22 23:42:39,2026-09-22 23:42:29,live
WR,00-0030279,Keenan Allen,IND,HOU,2026_03_HOU_IND,2026,3,NA,NA,15,20,6.508371759087728,NA,NA,NA,NA,NA,9.20800301945376,1.3748161541731363,18.352344355050864,0.16288289248456422,22.1229652009273,0.17710029658708937,0.07815140115783559,0.17398304715451607,0.07855462099140967,platt,platt,0.17398304715451607,0.07855462099140967,NA,NA,NA,2026-09-27 13:00:00,2026-09-22 23:42:39,2026-09-22 23:42:29,live
WR,00-0040669,Isaac TeSlaa,DET,NYJ,2026_03_NYJ_DET,2026,3,NA,NA,15,20,5.681857067890804,NA,NA,NA,NA,NA,9.736032016430734,2.7344662229429018,17.90955176010914,1.6511995251140537,21.279859450803407,0.17486465469477763,0.06898727903000101,0.17166238958571048,0.06917734350114396,platt,platt,0.17166238958571048,0.06917734350114396,NA,NA,NA,2026-09-27 13:00:00,2026-09-22 23:42:39,2026-09-22 23:42:29,live
WR,00-0038563,Tre Tucker,LV,NO,2026_03_LV_NO,2026,3,NA,NA,15,20,6.1086015191416445,NA,NA,NA,NA,NA,11.550445337444636,4.117054306549378,20.228071192223368,2.9669765677672917,23.806244374951405,0.2427358772751137,0.10552750782333398,0.1706555070064143,0.0346689868550312,platt,platt,0.24265550700641428,0.1066689868550312,role_change_down,0.72,Brock Bowers' imminent return from knee injury will likely reduce Tucker's target share in the Raiders' receiving corps.,2026-09-27 16:25:00,2026-09-22 23:42:39,2026-09-22 23:42:29,live
WR,00-0040867,Makai Lemon,PHI,CHI,2026_03_PHI_CHI,2026,3,NA,NA,15,20,5.64517559606033,NA,NA,NA,NA,NA,9.659929605813025,2.695739631720248,17.78981739532972,1.6182556375963897,21.14213368020583,0.1721690653295569,0.06703499286983361,0.16886626542091632,0.06718236962022413,platt,platt,0.16886626542091632,0.06718236962022413,NA,NA,NA,2026-09-28 20:15:00,2026-09-22 23:42:39,2026-09-22 23:42:29,live
WR,00-0038608,Kayshon Boutte,HOU,IND,2026_03_HOU_IND,2026,3,NA,NA,15,20,5.602164049629109,NA,NA,NA,NA,NA,9.596315344459253,2.676004840666577,17.674978918219296,1.605309780660666,21.00617316831376,0.169637102918208,0.06510228904071313,0.1662418769827944,0.06520842464384353,platt,platt,0.1662418769827944,0.06520842464384353,NA,NA,NA,2026-09-27 13:00:00,2026-09-22 23:42:39,2026-09-22 23:42:29,live
WR,00-0037545,Rashid Shaheed,SEA,WAS,2026_03_SEA_WAS,2026,3,NA,NA,15,20,5.764026381764948,NA,NA,NA,NA,NA,9.42806210218003,2.342923053243232,17.69914397318872,1.246726087081946,21.109680891727702,0.1686315148951376,0.0662684192875278,0.1652001302720782,0.06639931515186631,platt,platt,0.1652001302720782,0.06639931515186631,NA,NA,NA,2026-09-27 13:00:00,2026-09-22 23:42:39,2026-09-22 23:42:29,live
WR,00-0035589,Gary Jennings,LAC,BUF,2026_03_LAC_BUF,2026,3,NA,NA,15,20,4.562041242033781,NA,NA,NA,NA,NA,7.833795786698818,1.9937981900227897,14.65131876189714,1.090246741893325,17.462488347994594,0.09379828880073172,0.02644280626724293,0.16079575187908046,0.09801781423744511,platt,platt,0.08879575187908047,0.02601781423744512,role_change_up,0.72,Jennings re-signed after Lambert-Smith's IR placement creates an immediate WR opportunity in the Chargers' receiving rotation.,2026-09-27 13:00:00,2026-09-22 23:42:39,2026-09-22 23:42:29,live
WR,00-0041048,Ted Hurst III,TB,MIN,2026_03_MIN_TB,2026,3,NA,NA,15,20,6.052000893749798,NA,NA,NA,NA,NA,9.002321304099471,1.625895786031032,17.613446499235494,0.4846316247814784,21.1641984862414,0.16382834220801956,0.06639368914671917,0.16022865793143423,0.06652726724872778,platt,platt,0.16022865793143423,0.06652726724872778,NA,NA,NA,2026-09-27 16:05:00,2026-09-22 23:42:39,2026-09-22 23:42:29,live
WR,00-0033555,Mack Hollins,NE,JAX,2026_03_NE_JAX,2026,3,NA,NA,15,20,5.443288593763267,NA,NA,NA,NA,NA,9.343310112031112,2.5855924715179324,17.232165289013363,1.5400534179383465,20.48509304933599,0.15950757070115174,0.05745625302923851,0.1557629098472101,0.05740992681776363,platt,platt,0.1557629098472101,0.05740992681776363,NA,NA,NA,2026-09-27 13:00:00,2026-09-22 23:42:39,2026-09-22 23:42:29,live
WR,00-0037741,Jahan Dotson,ATL,GB,2026_03_ATL_GB,2026,3,NA,NA,15,20,5.967575828508004,NA,NA,NA,NA,NA,8.86810657945968,1.576822697294781,17.37983874415186,0.4487314607157007,20.889606540085698,0.1588016395390559,0.0626732962379496,0.15503388688147807,0.06272909549071641,platt,platt,0.15503388688147807,0.06272909549071641,NA,NA,NA,2026-09-24 20:15:00,2026-09-22 23:42:39,2026-09-22 23:42:29,live
WR,00-0039919,Rome Odunze,CHI,PHI,2026_03_PHI_CHI,2026,3,NA,NA,15,20,6.81680733469982,NA,NA,NA,NA,NA,10.751345010396774,2.612618085089517,20.25236909193553,1.3534123444095556,24.170066183968324,0.22602504826940897,0.10558631730850064,0.15308671891518055,0.03472951598756375,platt,platt,0.22508671891518053,0.10672951598756376,role_change_down,0.72,Elevation of WR Kaden Davis suggests potential opportunity shift if Rome Odunze (questionable) is unavailable or limited in Week 1.,2026-09-28 20:15:00,2026-09-22 23:42:39,2026-09-22 23:42:29,live
WR,00-0039451,Isaiah Williams,NYJ,DET,2026_03_NYJ_DET,2026,3,NA,NA,15,20,5.53518754241363,NA,NA,NA,NA,NA,9.157987920412252,2.3061221437426935,17.156750177096647,1.246016699791439,20.45499754116384,0.156707030785194,0.0568975654482563,0.15287176458500887,0.05684081398902726,platt,platt,0.15287176458500887,0.05684081398902726,NA,NA,NA,2026-09-27 13:00:00,2026-09-22 23:42:39,2026-09-22 23:42:29,live
WR,00-0036309,Darnell Mooney,NYG,TEN,2026_03_TEN_NYG,2026,3,NA,NA,15,20,5.382588521802269,NA,NA,NA,NA,NA,8.757482599961952,2.062101840986701,16.573566664447693,1.0262074111681816,19.796487640936828,0.1423404801923499,0.04835205131032716,0.1380847106306508,0.04814945924103999,platt,platt,0.1380847106306508,0.04814945924103999,NA,NA,NA,2026-09-27 13:00:00,2026-09-22 23:42:39,2026-09-22 23:42:29,live
WR,00-0033908,Cooper Kupp,SEA,WAS,2026_03_SEA_WAS,2026,3,NA,NA,15,20,5.364538266901644,NA,NA,NA,NA,NA,8.746261070324007,2.0694407908331884,16.540677917791058,1.0364179971478205,19.75466453179694,0.14157077144407737,0.04800786470903862,0.13729467839010928,0.04779997233135203,platt,platt,0.13729467839010928,0.04779997233135203,NA,NA,NA,2026-09-27 13:00:00,2026-09-22 23:42:39,2026-09-22 23:42:29,live
WR,00-0041067,Bryce Lance,NO,LV,2026_03_LV_NO,2026,3,NA,NA,15,20,5.155631011457488,NA,NA,NA,NA,NA,8.897454192292846,2.4362465808432594,16.44016814197933,1.4365828999346837,19.550366395674956,0.14015553496269006,0.04622711782644306,0.13584268834246518,0.04599257107491766,platt,platt,0.13584268834246518,0.04599257107491766,NA,NA,NA,2026-09-27 16:25:00,2026-09-22 23:42:39,2026-09-22 23:42:29,live
WR,00-0040729,Jack Bech,LV,NO,2026_03_LV_NO,2026,3,NA,NA,15,20,5.30635526581455,NA,NA,NA,NA,NA,8.673412746928925,2.056494152287729,16.39790129289328,1.0327392141443017,19.583053341162163,0.13805981099650744,0.04658372452619674,0.1336940197328693,0.04635441094358799,platt,platt,0.1336940197328693,0.04635441094358799,NA,NA,NA,2026-09-27 16:25:00,2026-09-22 23:42:39,2026-09-22 23:42:29,live
WR,00-0040876,Elijah Sarratt,BAL,DAL,2026_03_BAL_DAL,2026,3,NA,NA,15,20,5.265155680765406,NA,NA,NA,NA,NA,8.652134438444227,2.0777013670652007,16.327026040889628,1.0605196946522106,19.49172705148822,0.13636361484757795,0.045808525152390533,0.1319562873451582,0.04556790356879984,platt,platt,0.1319562873451582,0.04556790356879984,NA,NA,NA,2026-09-27 16:25:00,2026-09-22 23:42:39,2026-09-22 23:42:29,live
WR,00-0040930,Camden Brown,DAL,BAL,2026_03_BAL_DAL,2026,3,NA,NA,15,20,5.101363086691757,NA,NA,NA,NA,NA,8.513123215980148,2.108171561194692,15.990164830926672,1.1172116768662237,19.073283444298298,0.1278507922201989,0.04215560882354063,0.12325344973340872,0.04186520479273794,platt,platt,0.12325344973340872,0.04186520479273794,NA,NA,NA,2026-09-27 16:25:00,2026-09-22 23:42:39,2026-09-22 23:42:29,live
WR,00-0040172,Jordan Watkins,SF,ARI,2026_03_ARI_SF,2026,3,NA,NA,15,20,5.157246301563645,NA,NA,NA,NA,NA,8.429349613512413,1.9664691182034852,15.974016461972756,0.9665466124223584,19.085019983161835,0.12715101589242983,0.04232437655937859,0.12253946822869503,0.04203614060571564,platt,platt,0.12253946822869503,0.04203614060571564,NA,NA,NA,2026-09-27 16:05:00,2026-09-22 23:42:39,2026-09-22 23:42:29,live
WR,00-0034837,Calvin Ridley,TEN,NYG,2026_03_TEN_NYG,2026,3,NA,NA,15,20,5.123957725698422,NA,NA,NA,NA,NA,8.424560722671414,1.996174145090782,15.92895990445479,1.0015884615941024,19.02335926599861,0.12603399974735607,0.04176315250386986,0.12140023668913084,0.04146775789571744,platt,platt,0.12140023668913084,0.04146775789571744,NA,NA,NA,2026-09-27 13:00:00,2026-09-22 23:42:39,2026-09-22 23:42:29,live
WR,00-0038619,Andrei Iosivas,CIN,PIT,2026_03_CIN_PIT,2026,3,NA,NA,15,20,5.300913890345245,NA,NA,NA,NA,NA,8.214367478436415,1.603056806625187,15.93230942192302,0.5801695138377951,19.11476201324183,0.1254049544224255,0.0427406012379532,0.12075893144208436,0.04245776835962257,platt,platt,0.12075893144208436,0.04245776835962257,NA,NA,NA,2026-09-27 13:00:00,2026-09-22 23:42:39,2026-09-22 23:42:29,live
WR,00-0041040,Antonio Williams,WAS,SEA,2026_03_SEA_WAS,2026,3,NA,NA,15,20,5.056245311418783,NA,NA,NA,NA,NA,8.437524648818295,2.0794227041138544,15.859874635973654,1.0957113028005576,18.92044144552738,0.12436427899713588,0.04079451037489978,0.11969837349767146,0.04048710832886578,platt,platt,0.11969837349767146,0.04048710832886578,NA,NA,NA,2026-09-27 13:00:00,2026-09-22 23:42:39,2026-09-22 23:42:29,live
WR,00-0040138,Jaylin Noel,HOU,IND,2026_03_HOU_IND,2026,3,NA,NA,15,20,4.917261157759378,NA,NA,NA,NA,NA,8.564062650289625,2.350739856152402,15.81739969369249,1.3894283632274955,18.80827490867994,0.1237004431455152,0.03960126900699068,0.1190221171481493,0.03927969580516228,platt,platt,0.1190221171481493,0.03927969580516228,NA,NA,NA,2026-09-27 13:00:00,2026-09-22 23:42:39,2026-09-22 23:42:29,live
WR,00-0041443,Skyler Bell,BUF,LAC,2026_03_LAC_BUF,2026,3,NA,NA,15,20,5.140745164817696,NA,NA,NA,NA,NA,8.268879233098401,1.823092515668777,15.793591069335552,0.82581472120836,18.89636624664429,0.12218026614884137,0.04071723790914861,0.11747427494776144,0.04040889722885695,platt,platt,0.11747427494776144,0.04040889722885695,NA,NA,NA,2026-09-27 13:00:00,2026-09-22 23:42:39,2026-09-22 23:42:29,live
WR,00-0034960,Jakobi Meyers,JAX,NE,2026_03_NE_JAX,2026,3,NA,NA,15,20,6.087485609973005,NA,NA,NA,NA,NA,10.495532758634294,3.0833830048580317,19.14836187465003,1.9365916692607537,22.716310253134857,0.20132391071361025,0.08806543656173038,0.1142152372421788,0.00372027071649891,platt,platt,0.1992152372421788,0.08872027071649892,role_change_down,0.85,"Meyers took a backseat to Parker Washington and Brian Thomas Jr. in Week 2, suggesting a reduced role and target share going forward.",2026-09-27 13:00:00,2026-09-22 23:42:39,2026-09-22 23:42:29,live
WR,00-0036980,Elijah Moore,PHI,CHI,2026_03_PHI_CHI,2026,3,NA,NA,15,20,5.110568037646271,NA,NA,NA,NA,NA,8.169607051352454,1.7551059473526616,15.657796545787196,0.7626685934664383,18.745511928378484,0.11847458182289428,0.03939692511336135,0.1137057728691356,0.03907299523126128,platt,platt,0.1137057728691356,0.03907299523126128,NA,NA,NA,2026-09-28 20:15:00,2026-09-22 23:42:39,2026-09-22 23:42:29,live
WR,00-0040134,Pat Bryant,DEN,LA,2026_03_LA_DEN,2026,3,NA,NA,15,20,5.2789647033295815,NA,NA,NA,NA,NA,7.945401180272725,1.3567216655212224,15.636923860625076,0.3373358150539092,18.808482608346974,0.11741546392950963,0.04019539324975096,0.11262992948402364,0.03988078917374573,platt,platt,0.11262992948402364,0.03988078917374573,NA,NA,NA,2026-09-27 20:20:00,2026-09-22 23:42:39,2026-09-22 23:42:29,live
WR,00-0041399,CJ Daniels,LA,DEN,2026_03_LA_DEN,2026,3,NA,NA,15,20,5.074861988197099,NA,NA,NA,NA,NA,8.158706415841039,1.7812643987218726,15.603633704758376,0.7945607443899787,18.67351014543184,0.1170519038414186,0.03872320746051461,0.11226075606299411,0.03839165568912153,platt,platt,0.11226075606299411,0.03839165568912153,NA,NA,NA,2026-09-27 20:20:00,2026-09-22 23:42:39,2026-09-22 23:42:29,live
WR,00-0040648,Tory Horton,SEA,WAS,2026_03_SEA_WAS,2026,3,NA,NA,15,20,4.858998976023125,NA,NA,NA,NA,NA,8.379467061077314,2.227046197800103,15.561708131237246,1.275157316256709,18.523267297213696,0.11644790492542711,0.03698680213774985,0.11164757700087512,0.03663667897701905,platt,platt,0.11164757700087512,0.03663667897701905,NA,NA,NA,2026-09-27 13:00:00,2026-09-22 23:42:39,2026-09-22 23:42:29,live
WR,00-0040534,Ke'Shawn Williams,CIN,PIT,2026_03_CIN_PIT,2026,3,NA,NA,15,20,5.088808752634349,NA,NA,NA,NA,NA,8.090567903771387,1.6986452568024282,15.552399656271463,0.7097011916049443,18.629246563207523,0.11556925391358164,0.03837331223654106,0.11075589778813964,0.03803789267688323,platt,platt,0.11075589778813964,0.03803789267688323,NA,NA,NA,2026-09-27 13:00:00,2026-09-22 23:42:39,2026-09-22 23:42:29,live
WR,00-0041070,Reggie Virgil,ARI,SF,2026_03_ARI_SF,2026,3,NA,NA,15,20,5.16859784040324,NA,NA,NA,NA,NA,7.987127810770439,1.512493596996272,15.545515768589867,0.5107525820181174,18.6621771167431,0.11517881903754068,0.03879758753244178,0.11035979862501465,0.03846686599851873,platt,platt,0.11035979862501465,0.03846686599851873,NA,NA,NA,2026-09-27 16:05:00,2026-09-22 23:42:39,2026-09-22 23:42:29,live
WR,00-0039751,Jordan Whittington,LA,DEN,2026_03_LA_DEN,2026,3,NA,NA,15,20,4.700105673938388,NA,NA,NA,NA,NA,8.493445839257161,2.5077677143692148,15.481034012545472,1.581676898705581,18.362329084726863,0.114477992200409,0.03516657453867056,0.10964899844181988,0.03479871093225322,platt,platt,0.10964899844181988,0.03479871093225322,NA,NA,NA,2026-09-27 20:20:00,2026-09-22 23:42:39,2026-09-22 23:42:29,live
WR,00-0039365,Jacob Cowing,SF,ARI,2026_03_ARI_SF,2026,3,NA,NA,15,20,4.610875566761323,NA,NA,NA,NA,NA,8.514221430150222,2.6226093201178884,15.391998390874251,1.7110721892007923,18.228013389618972,0.11198660103849324,0.03369373610486592,0.10712419379735924,0.03331287697827308,platt,platt,0.10712419379735924,0.03331287697827308,NA,NA,NA,2026-09-27 16:05:00,2026-09-22 23:42:39,2026-09-22 23:42:29,live
WR,00-0032775,Demarcus Robinson,SF,ARI,2026_03_ARI_SF,2026,3,NA,NA,15,20,5.412803069073779,NA,NA,NA,NA,NA,10.958843906218346,4.2324186804510235,18.81116880164693,3.191721119730129,22.049033493337618,0.20332051661279585,0.08164174059830298,0.10630153941980902,0,platt,platt,0.20130153941980905,0.08213122956279816,role_change_down,0.95,"IR placement would remove Robinson from fantasy relevance for at least four games, directly reducing his opportunity.",2026-09-27 16:05:00,2026-09-22 23:42:39,2026-09-22 23:42:29,live
WR,00-0036259,Jauan Jennings,MIN,TB,2026_03_MIN_TB,2026,3,NA,NA,15,20,5.208558773783365,NA,NA,NA,NA,NA,7.73058715855557,1.2146117844480528,15.33723614828953,0.20647455702833728,18.473797678019757,0.10932396422540425,0.03730125353492231,0.10442943717639652,0.03695437664255237,platt,platt,0.10442943717639652,0.03695437664255237,NA,NA,NA,2026-09-27 16:05:00,2026-09-22 23:42:39,2026-09-22 23:42:29,live
WR,00-0039355,Luke McCaffrey,WAS,SEA,2026_03_SEA_WAS,2026,3,NA,NA,15,20,5.066551047955549,NA,NA,NA,NA,NA,7.8719520358911534,1.5031423760549254,15.3068020442733,0.5177743008554971,18.37252317155007,0.10867852446062508,0.03614569574120507,0.10377678077630564,0.03578714970050856,platt,platt,0.10377678077630564,0.03578714970050856,NA,NA,NA,2026-09-27 13:00:00,2026-09-22 23:42:39,2026-09-22 23:42:29,live
WR,00-0038519,Nikko Remigio,KC,MIA,2026_03_KC_MIA,2026,3,NA,NA,15,20,4.681412087311224,NA,NA,NA,NA,NA,8.184858282245091,2.2188610004848,15.149471343305542,1.2958151611270692,18.02129274932298,0.10451357640839676,0.03201846880354975,0.0995707430813144,0.03162438237097159,platt,platt,0.0995707430813144,0.03162438237097159,NA,NA,NA,2026-09-27 13:00:00,2026-09-22 23:42:39,2026-09-22 23:42:29,live
WR,00-0041525,Chris Bell,MIA,KC,2026_03_KC_MIA,2026,3,NA,NA,15,20,5.041031118364786,NA,NA,NA,NA,NA,7.753355767671578,1.411068379334626,15.157244086034591,0.4298037710329403,18.210198323983285,0.1044665717589358,0.03470015011036453,0.09952332973648856,0.03432803646953903,platt,platt,0.09952332973648856,0.03432803646953903,NA,NA,NA,2026-09-27 13:00:00,2026-09-22 23:42:39,2026-09-22 23:42:29,live
WR,00-0036988,Josh Palmer,BUF,LAC,2026_03_LAC_BUF,2026,3,NA,NA,15,20,4.754064614170482,NA,NA,NA,NA,NA,8.008074577581057,1.9656637707691376,15.061891607312983,1.030795400652767,17.970495798603125,0.10184530188504816,0.03179008648975467,0.09688125853911744,0.03139432956863241,platt,platt,0.09688125853911744,0.03139432956863241,NA,NA,NA,2026-09-27 13:00:00,2026-09-22 23:42:39,2026-09-22 23:42:29,live
WR,00-0036630,Tylan Wallace,CLE,CAR,2026_03_CAR_CLE,2026,3,NA,NA,15,20,4.710720109459369,NA,NA,NA,NA,NA,8.058841814300818,2.061994728339835,15.059468460202176,1.1341758758432094,17.946139877691433,0.1017865271934376,0.03143153238053342,0.0968220626776192,0.0310332186642841,platt,platt,0.0968220626776192,0.0310332186642841,NA,NA,NA,2026-09-27 13:00:00,2026-09-22 23:42:39,2026-09-22 23:42:29,live
WR,00-0031610,Darren Waller,CAR,CLE,2026_03_CAR_CLE,2026,3,NA,NA,15,20,4.613255775545363,NA,NA,NA,NA,NA,8.161411964106163,2.267286570223991,15.042122893570046,1.3553605896156933,17.879347698826315,0.10128749259010872,0.03049354842457574,0.09631953290904748,0.03008893292313511,platt,platt,0.09631953290904748,0.03008893292313511,NA,NA,NA,2026-09-27 13:00:00,2026-09-22 23:42:39,2026-09-22 23:42:29,live
WR,00-0037666,Jalen Tolbert,MIA,KC,2026_03_KC_MIA,2026,3,NA,NA,15,20,4.995000730080863,NA,NA,NA,NA,NA,7.692778524799726,1.3983885067325046,15.04075219305204,0.4245344731018488,18.07065032038984,0.1011663885505396,0.03338174286500317,0.09619760253507297,0.0329982926718766,platt,platt,0.09619760253507297,0.0329982926718766,NA,NA,NA,2026-09-27 13:00:00,2026-09-22 23:42:39,2026-09-22 23:42:29,live
WR,00-0037524,Tay Martin,DET,NYJ,2026_03_NYJ_DET,2026,3,NA,NA,15,20,4.618941705692378,NA,NA,NA,NA,NA,8.13375910456945,2.233630796775212,15.021477742998304,1.3207760586685673,17.86159214002892,0.100655802544787,0.03035023944163406,0.09568362687995018,0.02994471121302317,platt,platt,0.09568362687995018,0.02994471121302317,NA,NA,NA,2026-09-27 13:00:00,2026-09-22 23:42:39,2026-09-22 23:42:29,live
WR,00-0035544,Tom Kennedy,DET,NYJ,2026_03_NYJ_DET,2026,3,NA,NA,15,20,4.618941705692378,NA,NA,NA,NA,NA,8.093192668396446,2.193064360602208,14.980911306825302,1.2802096224955637,17.821025703855916,0.0996639449947041,0.02997747577366072,0.09468562261334149,0.02956963663572643,platt,platt,0.09468562261334149,0.02956963663572643,NA,NA,NA,2026-09-27 13:00:00,2026-09-22 23:42:39,2026-09-22 23:42:29,live
WR,00-0038728,Jared Wayne,HOU,IND,2026_03_HOU_IND,2026,3,NA,NA,15,20,4.84884756518801,NA,NA,NA,NA,NA,7.803407791988164,1.6616112119445283,14.973246238030384,0.711366095889411,17.92969124746723,0.09954753492988676,0.03172455895374104,0.0945685292677372,0.03132832874038286,platt,platt,0.0945685292677372,0.03132832874038286,NA,NA,NA,2026-09-27 13:00:00,2026-09-22 23:42:39,2026-09-22 23:42:29,live
WR,00-0040075,LaJohntay Wester,BAL,DAL,2026_03_BAL_DAL,2026,3,NA,NA,15,20,4.634506061735238,NA,NA,NA,NA,NA,8.024018536758712,2.1074647342304385,14.930912043990944,1.1920686800859874,17.778933096883748,0.09878708839004402,0.0296473483584998,0.093803817600068,0.02923753960549851,platt,platt,0.093803817600068,0.02923753960549851,NA,NA,NA,2026-09-27 16:25:00,2026-09-22 23:42:39,2026-09-22 23:42:29,live
WR,00-0036626,Dyami Brown,WAS,SEA,2026_03_SEA_WAS,2026,3,NA,NA,15,20,5.236470588649732,NA,NA,NA,NA,NA,7.277628805503625,0.7328102265405558,14.917948907001913,-0.2797895574272591,18.068394541804658,0.098697785924447,0.03399893136001064,0.0937140369172879,0.03362066222636403,platt,platt,0.0937140369172879,0.03362066222636403,NA,NA,NA,2026-09-27 13:00:00,2026-09-22 23:42:39,2026-09-22 23:42:29,live
WR,00-0040277,Jahdae Walker,CHI,PHI,2026_03_PHI_CHI,2026,3,NA,NA,15,20,4.572379751503431,NA,NA,NA,NA,NA,8.05063914016207,2.1997064819207113,14.880927537301538,1.294463185370219,17.697360877704654,0.09788611253477386,0.02866321621548939,0.092898236608123,0.02824797342952328,platt,platt,0.092898236608123,0.02824797342952328,NA,NA,NA,2026-09-28 20:15:00,2026-09-22 23:42:39,2026-09-22 23:42:29,live
WR,00-0040646,Jalen Royals,KC,MIA,2026_03_KC_MIA,2026,3,NA,NA,15,20,4.507536842456002,NA,NA,NA,NA,NA,8.122849491223041,2.3405727096329816,14.872990078589602,1.4459516977228448,17.656374893003793,0.09771842684574804,0.02802557891718915,0.09272974783374842,0.02760717326250365,platt,platt,0.09272974783374842,0.02760717326250365,NA,NA,NA,2026-09-27 13:00:00,2026-09-22 23:42:39,2026-09-22 23:42:29,live
WR,00-0041106,C.J. Williams,JAX,NE,2026_03_NE_JAX,2026,3,NA,NA,15,20,4.579423883846842,NA,NA,NA,NA,NA,8.020384676720868,2.162003884663749,14.85936791021441,1.2556082294035686,17.679386520458728,0.09750653968603762,0.02852400025452761,0.09251687024537215,0.02810804257683525,platt,platt,0.09251687024537215,0.02810804257683525,NA,NA,NA,2026-09-27 13:00:00,2026-09-22 23:42:39,2026-09-22 23:42:29,live
WR,00-0038840,Brycen Tremayne,CAR,CLE,2026_03_CAR_CLE,2026,3,NA,NA,15,20,4.530336261692528,NA,NA,NA,NA,NA,8.074131057135657,2.267694758650431,14.852475091297512,1.369335839983421,17.647489448016508,0.0973609275324856,0.02803404492428607,0.0923705932424898,0.02761567938400116,platt,platt,0.0923705932424898,0.02761567938400116,NA,NA,NA,2026-09-27 13:00:00,2026-09-22 23:42:39,2026-09-22 23:42:29,live
WR,00-0032951,Laquon Treadwell,IND,HOU,2026_03_HOU_IND,2026,3,NA,NA,15,20,5.021308262215595,NA,NA,NA,NA,NA,7.454632991394525,1.1328590774960272,14.83457419660035,0.15476826836603583,17.877653968936357,0.09728193449111155,0.03179857417379816,0.09229124491706536,0.0314028787538575,platt,platt,0.09229124491706536,0.0314028787538575,NA,NA,NA,2026-09-27 13:00:00,2026-09-22 23:42:39,2026-09-22 23:42:29,live
WR,00-0037801,KaVontae Turpin,DAL,BAL,2026_03_BAL_DAL,2026,3,NA,NA,15,20,4.482023041887647,NA,NA,NA,NA,NA,8.090839482820003,2.335623694215821,14.809389485026408,1.4451894989944662,17.57974808852319,0.09655982235056138,0.02720040478006069,0.09156606128609183,0.02677833630096368,platt,platt,0.09156606128609183,0.02677833630096368,NA,NA,NA,2026-09-27 16:25:00,2026-09-22 23:42:39,2026-09-22 23:42:29,live
WR,00-0040024,Darius Cooper,PHI,CHI,2026_03_PHI_CHI,2026,3,NA,NA,15,20,4.716854270923543,NA,NA,NA,NA,NA,7.788833461400555,1.7855337417345272,14.796992812205715,0.8567165520927356,17.68677030077147,0.09648749447669348,0.02910911155980511,0.09149344333611402,0.02869624884255161,platt,platt,0.09149344333611402,0.02869624884255161,NA,NA,NA,2026-09-28 20:15:00,2026-09-22 23:42:39,2026-09-22 23:42:29,live
WR,00-0041100,Josh Cameron,JAX,NE,2026_03_NE_JAX,2026,3,NA,NA,15,20,4.6603876520643945,NA,NA,NA,NA,NA,7.857553726495156,1.9137075432997752,14.79630793729202,0.9940888726787868,17.657466582999458,0.09644039202416166,0.02863285930677039,0.09144615370108672,0.02821745948345103,platt,platt,0.09144615370108672,0.02821745948345103,NA,NA,NA,2026-09-27 13:00:00,2026-09-22 23:42:39,2026-09-22 23:42:29,live
WR,00-0035662,Marquise Brown,PHI,CHI,2026_03_PHI_CHI,2026,3,NA,NA,15,20,4.562572291185475,NA,NA,NA,NA,NA,7.980967274894176,2.140407881767594,14.799146082589964,1.2367695137399537,17.61058609775339,0.09642791743151669,0.02781981734201533,0.09143362976315068,0.02740045244237116,platt,platt,0.09143362976315068,0.02740045244237116,NA,NA,NA,2026-09-28 20:15:00,2026-09-22 23:42:39,2026-09-22 23:42:29,live
WR,00-0039920,Malachi Corley,CLE,CAR,2026_03_CAR_CLE,2026,3,NA,NA,15,20,4.694241710121009,NA,NA,NA,NA,NA,7.804053289189252,1.824547354009084,14.784436143563733,0.8994114858186766,17.662760140552216,0.09625539277958615,0.0288082823150797,0.09126043246310345,0.0283937987927724,platt,platt,0.09126043246310345,0.0283937987927724,NA,NA,NA,2026-09-27 13:00:00,2026-09-22 23:42:39,2026-09-22 23:42:29,live
WR,00-0037291,Jalen Nailor,LV,NO,2026_03_LV_NO,2026,3,NA,NA,15,20,5.82245580637525,NA,NA,NA,NA,NA,9.755852455329949,2.611411526977257,18.096162424244085,1.506039505837606,21.53524518326548,0.17807309538908678,0.07232056177244106,0.08999329400437316,0,platt,platt,0.17499329400437316,0.07258579656730277,role_change_down,0.85,Brock Bowers' imminent return from knee injury will reduce Nailor's target share in the passing game.,2026-09-27 16:25:00,2026-09-22 23:42:39,2026-09-22 23:42:29,live
WR,00-0037664,Alec Pierce,IND,HOU,2026_03_HOU_IND,2026,3,NA,NA,15,20,5.553322603908255,NA,NA,NA,NA,NA,9.952762147351583,3.0823496394879015,17.97317557151296,2.0193746865084146,21.28035068011966,0.17796212262747635,0.0693571649228315,0.08987803551063263,0,platt,platt,0.17487803551063263,0.06955543061149422,role_change_down,0.85,"Alec Pierce's heel injury created a temporary opportunity for Laquon Treadwell, signaling reduced snaps/targets for Pierce going forward.",2026-09-27 13:00:00,2026-09-22 23:42:39,2026-09-22 23:42:29,live
WR,00-0040621,Montorie Foster Jr,SEA,WAS,2026_03_SEA_WAS,2026,3,NA,NA,15,20,4.59932535175842,NA,NA,NA,NA,NA,7.839766249207572,1.9603533157662243,14.703302079638178,1.0507036143372916,17.53344482353342,0.09475825166412866,0.02725504675681023,0.08975822653753193,0.02683320555614646,platt,platt,0.08975822653753193,0.02683320555614646,NA,NA,NA,2026-09-27 13:00:00,2026-09-22 23:42:39,2026-09-22 23:42:29,live
WR,00-0038359,Xavier Smith,LA,DEN,2026_03_LA_DEN,2026,3,NA,NA,15,20,4.531388262216772,NA,NA,NA,NA,NA,7.889719927805875,2.0821693819213687,14.669364717168206,1.183638069373278,17.46491543342304,0.09408640163619096,0.0263338490778715,0.08908455772044802,0.02590847191909082,platt,platt,0.08908455772044802,0.02590847191909082,NA,NA,NA,2026-09-27 20:20:00,2026-09-22 23:42:39,2026-09-22 23:42:29,live
WR,00-0040948,J. Michael Sturdivant,GB,ATL,2026_03_ATL_GB,2026,3,NA,NA,15,20,4.524148831507308,NA,NA,NA,NA,NA,7.895841652291484,2.095959803644305,14.666534122968772,1.1986149748882615,17.45839339790335,0.09402788886916512,0.02624159068171627,0.08902589997598388,0.02581589445132507,platt,platt,0.08902589997598388,0.02581589445132507,NA,NA,NA,2026-09-24 20:15:00,2026-09-22 23:42:39,2026-09-22 23:42:29,live
WR,00-0041044,Zachariah Branch,ATL,GB,2026_03_ATL_GB,2026,3,NA,NA,15,20,4.616384224244019,NA,NA,NA,NA,NA,7.773492142712916,1.8760637340580637,14.658058960595827,0.963626718345445,17.496873721073428,0.09397739781818935,0.02698832355894309,0.08897528555685037,0.02656539372687911,platt,platt,0.08897528555685037,0.02656539372687911,NA,NA,NA,2026-09-24 20:15:00,2026-09-22 23:42:39,2026-09-22 23:42:29,live
WR,00-0041051,Zavion Thomas,CHI,PHI,2026_03_PHI_CHI,2026,3,NA,NA,15,20,4.707521610467375,NA,NA,NA,NA,NA,7.643933496419481,1.6504515469962016,14.640631733913011,0.7231533409453084,17.525683292946635,0.09377189178887048,0.02761772318243105,0.08876929399331646,0.02719744566711794,platt,platt,0.08876929399331646,0.02719744566711794,NA,NA,NA,2026-09-28 20:15:00,2026-09-22 23:42:39,2026-09-22 23:42:29,live
WR,00-0037132,Britain Covey,PHI,CHI,2026_03_PHI_CHI,2026,3,NA,NA,15,20,4.541531473320369,NA,NA,NA,NA,NA,7.839766249207572,2.0214746202948133,14.63195001296354,1.1212814712538135,17.432671109074,0.09342937096543467,0.0260770793718138,0.08842602325304785,0.02565083026405738,platt,platt,0.08842602325304785,0.02565083026405738,NA,NA,NA,2026-09-28 20:15:00,2026-09-22 23:42:39,2026-09-22 23:42:29,live
WR,00-0040718,Travis Hunter,JAX,NE,2026_03_NE_JAX,2026,3,NA,NA,15,20,4.603975901805171,NA,NA,NA,NA,NA,7.742252075849205,1.8579266572597897,14.61152266555117,0.9475169070472792,17.4440301071388,0.09314251873189984,0.02645019971962203,0.08813860022382854,0.02602523414833106,platt,platt,0.08813860022382854,0.02602523414833106,NA,NA,NA,2026-09-27 13:00:00,2026-09-22 23:42:39,2026-09-22 23:42:29,live
WR,00-0040237,Tez Johnson,TB,MIN,2026_03_MIN_TB,2026,3,NA,NA,15,20,4.655603457098121,NA,NA,NA,NA,NA,7.6605384894979265,1.7217352985079506,14.59340558910083,0.8028968684323852,17.452136715605377,0.09288855102304903,0.02674023277874027,0.087884170844258,0.02631633755396485,platt,platt,0.087884170844258,0.02631633755396485,NA,NA,NA,2026-09-27 16:05:00,2026-09-22 23:42:39,2026-09-22 23:42:29,live
WR,00-0040154,Tai Felton,MIN,TB,2026_03_MIN_TB,2026,3,NA,NA,15,20,4.577425865684231,NA,NA,NA,NA,NA,7.762241575583425,1.905973191659549,14.598758816455742,0.999904363490688,17.417760587668997,0.09288327542675556,0.02609417639505251,0.08787888609372531,0.02566798378344183,platt,platt,0.08787888609372531,0.02566798378344183,NA,NA,NA,2026-09-27 16:05:00,2026-09-22 23:42:39,2026-09-22 23:42:29,live
WR,00-0039589,Kameron Johnson,TB,MIN,2026_03_MIN_TB,2026,3,NA,NA,15,20,4.586307817003029,NA,NA,NA,NA,NA,7.726241516156043,1.8605838985975416,14.573719603323912,0.9530623890693208,17.39724102160782,0.09245126327153608,0.02594278105420944,0.08744618467462172,0.02551609595812644,platt,platt,0.08744618467462172,0.02551609595812644,NA,NA,NA,2026-09-27 16:05:00,2026-09-22 23:42:39,2026-09-22 23:42:29,live
WR,00-0039868,Troy Franklin,DEN,LA,2026_03_LA_DEN,2026,3,NA,NA,15,20,4.6831695389607795,NA,NA,NA,NA,NA,7.594142632146905,1.626294502985247,14.560916343870913,0.7029623046312841,17.433628682776092,0.09235768144651012,0.0266852959527879,0.08735246929010732,0.02626119314820295,platt,platt,0.08735246929010732,0.02626119314820295,NA,NA,NA,2026-09-27 20:20:00,2026-09-22 23:42:39,2026-09-22 23:42:29,live
WR,00-0034419,Braxton Berrios,NYG,TEN,2026_03_TEN_NYG,2026,3,NA,NA,15,20,4.606155453381559,NA,NA,NA,NA,NA,7.679471526488328,1.7928440929100686,14.55142945292561,0.8820781800549629,17.38504500362052,0.09208483756795471,0.02591615376552636,0.08707926811441574,0.02548938387232203,platt,platt,0.08707926811441574,0.02548938387232203,NA,NA,NA,2026-09-27 13:00:00,2026-09-22 23:42:39,2026-09-22 23:42:29,live
WR,00-0036646,Simi Fehoko,ARI,SF,2026_03_ARI_SF,2026,3,NA,NA,15,20,4.620180321135444,NA,NA,NA,NA,NA,7.651494651360093,1.7500588470020046,14.540739641078735,0.8370018159330535,17.381483421000937,0.09191654731117915,0.02594386692786243,0.0869107813630751,0.02551718530142765,platt,platt,0.0869107813630751,0.02551718530142765,NA,NA,NA,2026-09-27 16:05:00,2026-09-22 23:42:39,2026-09-22 23:42:29,live
WR,00-0038640,Jalen Brooks,ARI,SF,2026_03_ARI_SF,2026,3,NA,NA,15,20,4.620180321135444,NA,NA,NA,NA,NA,7.651494651360093,1.7500588470020046,14.540739641078735,0.8370018159330535,17.381483421000937,0.09191654731117915,0.02594386692786243,0.0869107813630751,0.02551718530142765,platt,platt,0.0869107813630751,0.02551718530142765,NA,NA,NA,2026-09-27 16:05:00,2026-09-22 23:42:39,2026-09-22 23:42:29,live
WR,00-0036331,Devin Duvernay,ARI,SF,2026_03_ARI_SF,2026,3,NA,NA,15,20,4.620180321135444,NA,NA,NA,NA,NA,7.639109054340068,1.7376732499819791,14.528354044058712,0.8246162189130279,17.36909782398091,0.09169854811836976,0.02583008129347641,0.08669255479737645,0.0254030410329015,platt,platt,0.08669255479737645,0.0254030410329015,NA,NA,NA,2026-09-27 16:05:00,2026-09-22 23:42:39,2026-09-22 23:42:29,live
WR,00-0041397,Kaden Wetjen,PIT,CIN,2026_03_CIN_PIT,2026,3,NA,NA,15,20,4.597768981432479,NA,NA,NA,NA,NA,7.655012203642088,1.7772434932352397,14.516628593502986,0.867848182339741,17.34597986621852,0.09145791102083468,0.0255195217840819,0.0864517023960406,0.02509155374409483,platt,platt,0.0864517023960406,0.02509155374409483,NA,NA,NA,2026-09-27 13:00:00,2026-09-22 23:42:39,2026-09-22 23:42:29,live
WR,00-0035891,Cody White,LV,NO,2026_03_LV_NO,2026,3,NA,NA,15,20,4.567572240812019,NA,NA,NA,NA,NA,7.678775432431729,1.8329271531301456,14.503128404142895,0.9284705003886318,17.317114303223804,0.09117139151231368,0.02511814200018347,0.08616497549803587,0.02468908677932366,platt,platt,0.08616497549803587,0.02468908677932366,NA,NA,NA,2026-09-27 16:25:00,2026-09-22 23:42:39,2026-09-22 23:42:29,live
WR,00-0041550,Brenen Thompson,LAC,BUF,2026_03_LAC_BUF,2026,3,NA,NA,15,20,4.709727287646984,NA,NA,NA,NA,NA,7.482549352311035,1.4867467703967074,14.48195666032434,0.5590895212446565,17.368125290276463,0.09102541455306,0.02620169298997243,0.0860189133965492,0.02577586077881681,platt,platt,0.0860189133965492,0.02577586077881681,NA,NA,NA,2026-09-27 13:00:00,2026-09-22 23:42:39,2026-09-22 23:42:29,live
WR,00-0041132,Deion Burks,IND,HOU,2026_03_HOU_IND,2026,3,NA,NA,15,20,4.56004322387117,NA,NA,NA,NA,NA,7.67032989262921,1.8324460994041256,14.485385246333976,0.9292216942464336,17.295537321743467,0.09084364938521994,0.02488381209833867,0.08583706161868623,0.02445418125264385,platt,platt,0.08583706161868623,0.02445418125264385,NA,NA,NA,2026-09-27 13:00:00,2026-09-22 23:42:39,2026-09-22 23:42:29,live
WR,00-0036463,Chris Blair,ATL,GB,2026_03_ATL_GB,2026,3,NA,NA,15,20,4.842023628272489,NA,NA,NA,NA,NA,7.282160515465243,1.1475079144874476,14.44365919070971,0.1983680989951289,17.396665339711916,0.090580093958181,0.0269925650289593,0.08557341892669278,0.02656965209842388,platt,platt,0.08557341892669278,0.02656965209842388,NA,NA,NA,2026-09-24 20:15:00,2026-09-22 23:42:39,2026-09-22 23:42:29,live
WR,00-0037614,John Metchie III,CAR,CLE,2026_03_CAR_CLE,2026,3,NA,NA,15,20,4.557407378665141,NA,NA,NA,NA,NA,7.655961435029599,1.820866480397296,14.467761141644504,0.9180735581481824,17.276570768174047,0.09052554410721836,0.02469558254282544,0.08551885668977834,0.02426552121460565,platt,platt,0.08551885668977834,0.02426552121460565,NA,NA,NA,2026-09-27 13:00:00,2026-09-22 23:42:39,2026-09-22 23:42:29,live
WR,00-0040131,Kyle Williams,NE,JAX,2026_03_NE_JAX,2026,3,NA,NA,15,20,4.567110094910273,NA,NA,NA,NA,NA,7.612644258709224,1.7672847895774924,14.436426600979484,0.8629037644590252,17.250177204024716,0.08998537044451316,0.02449521535577237,0.0849786657950757,0.02406472727735608,platt,platt,0.0849786657950757,0.02406472727735608,NA,NA,NA,2026-09-27 13:00:00,2026-09-22 23:42:39,2026-09-22 23:42:29,live
WR,00-0039062,Jonathan Mingo,DAL,BAL,2026_03_BAL_DAL,2026,3,NA,NA,15,20,4.514552002210785,NA,NA,NA,NA,NA,7.653081583100227,1.8633688984137464,14.411902728868052,0.9675974201036316,17.198866925685028,0.08944914197671394,0.02376960045170317,0.08444261043550086,0.02333784288546812,platt,platt,0.08444261043550086,0.02333784288546812,NA,NA,NA,2026-09-27 16:25:00,2026-09-22 23:42:39,2026-09-22 23:42:29,live
WR,00-0040590,Konata Mumpfield,LA,DEN,2026_03_LA_DEN,2026,3,NA,NA,15,20,4.712325455052425,NA,NA,NA,NA,NA,7.3595317391904995,1.3609958207698032,14.362129902015411,0.4329156758686237,17.2496142640938,0.08895457051886069,0.02514140836080214,0.08394836764305645,0.02471241268224442,platt,platt,0.08394836764305645,0.02471241268224442,NA,NA,NA,2026-09-27 20:20:00,2026-09-22 23:42:39,2026-09-22 23:42:29,live
WR,00-0035021,Ashton Dulin,IND,HOU,2026_03_HOU_IND,2026,3,NA,NA,15,20,4.409741609906804,NA,NA,NA,NA,NA,7.7533725634100925,2.074967313908344,14.382255128875382,1.1964170745771607,17.115639838489155,0.08870000133987899,0.02246080242717196,0.08369403116737065,0.02202788373300929,platt,platt,0.08369403116737065,0.02202788373300929,NA,NA,NA,2026-09-27 13:00:00,2026-09-22 23:42:39,2026-09-22 23:42:29,live
WR,00-0040785,Dohnte Meyers,CIN,PIT,2026_03_CIN_PIT,2026,3,NA,NA,15,20,4.419028156042886,NA,NA,NA,NA,NA,7.721376251225566,2.0330904013206696,14.361793276961103,1.1530114574558183,17.09993416033795,0.08834598455263154,0.02235894456772313,0.08334041006339506,0.02192599831437476,platt,platt,0.08334041006339506,0.02192599831437476,NA,NA,NA,2026-09-27 13:00:00,2026-09-22 23:42:39,2026-09-22 23:42:29,live
WR,00-0034854,KhaDarel Hodge,SF,ARI,2026_03_ARI_SF,2026,3,NA,NA,15,20,4.502723184076015,NA,NA,NA,NA,NA,7.524837548996073,1.7476642933218791,14.269020359050238,0.8538328875983039,17.049948515460887,0.08685727210779082,0.02231513691382125,0.08185428665756468,0.02188218165702684,platt,platt,0.08185428665756468,0.02188218165702684,NA,NA,NA,2026-09-27 16:05:00,2026-09-22 23:42:39,2026-09-22 23:42:29,live
WR,00-0040506,Myles Price,MIN,TB,2026_03_MIN_TB,2026,3,NA,NA,15,20,4.5048382599005485,NA,NA,NA,NA,NA,7.511609474528485,1.732193661395688,14.258410211515688,0.8380152921664452,17.040417856268302,0.08667167953540511,0.02223647322616351,0.08166912246026302,0.02180350611850595,platt,platt,0.08166912246026302,0.02180350611850595,NA,NA,NA,2026-09-27 16:05:00,2026-09-22 23:42:39,2026-09-22 23:42:29,live
WR,00-0037231,Kevin Austin Jr.,NO,LV,2026_03_LV_NO,2026,3,NA,NA,15,20,4.5419770322234925,NA,NA,NA,NA,NA,7.427180131788169,1.6084167769084807,14.219914581150476,0.7081506434743394,17.020862749561783,0.08607461880860168,0.02224201136934389,0.08107360005104865,0.02180904491426184,platt,platt,0.08107360005104865,0.02180904491426184,NA,NA,NA,2026-09-27 16:25:00,2026-09-22 23:42:39,2026-09-22 23:42:29,live
WR,00-0036849,Tutu Atwell,LA,DEN,2026_03_LA_DEN,2026,3,NA,NA,15,20,4.4976041915326075,NA,NA,NA,NA,NA,7.485351846657418,1.713606876834647,14.223197759667464,0.8206153234330502,17.001512930055853,0.08602026421243014,0.0218341265224875,0.08101939767773253,0.02140118619614484,platt,platt,0.08101939767773253,0.02140118619614484,NA,NA,NA,2026-09-27 20:20:00,2026-09-22 23:42:39,2026-09-22 23:42:29,live
WR,00-0040890,Cyrus Allen,KC,MIA,2026_03_KC_MIA,2026,3,NA,NA,15,20,4.507536842456002,NA,NA,NA,NA,NA,7.429404091942699,1.647127310352639,14.17954467930926,0.7525062984425022,16.96292949372345,0.08526155426942972,0.02152365966558378,0.08026302589769944,0.0210908411513426,platt,platt,0.08026302589769944,0.0210908411513426,NA,NA,NA,2026-09-27 13:00:00,2026-09-22 23:42:39,2026-09-22 23:42:29,live
WR,00-0040782,Isaiah Bond,CLE,CAR,2026_03_CAR_CLE,2026,3,NA,NA,15,20,4.551113977879684,NA,NA,NA,NA,NA,7.316602658498056,1.4881675277234292,14.120627789625752,0.5864049986193942,16.92623161102138,0.08432828962399952,0.02140781471600827,0.07933318723843395,0.02097506451371126,platt,platt,0.07933318723843395,0.02097506451371126,NA,NA,NA,2026-09-27 13:00:00,2026-09-22 23:42:39,2026-09-22 23:42:29,live
WR,00-0037093,Dareke Young,LV,NO,2026_03_LV_NO,2026,3,NA,NA,15,20,4.456690157171214,NA,NA,NA,NA,NA,7.428478407648338,1.7001581948567877,14.115630930147187,0.8138852233468281,16.873042948739876,0.08396378444915586,0.02040469595501315,0.07897018621865265,0.01997306862283509,platt,platt,0.07897018621865265,0.01997306862283509,NA,NA,NA,2026-09-27 16:25:00,2026-09-22 23:42:39,2026-09-22 23:42:29,live
WR,00-0040563,Efton Chism III,NE,JAX,2026_03_NE_JAX,2026,3,NA,NA,15,20,4.433500234775351,NA,NA,NA,NA,NA,7.450014526517442,1.7463380092973209,14.10839837951416,0.863877855592885,16.853947789204597,0.0837627831912453,0.02009531611802284,0.07877005454696093,0.01966423175271972,platt,platt,0.07877005454696093,0.01966423175271972,NA,NA,NA,2026-09-27 13:00:00,2026-09-22 23:42:39,2026-09-22 23:42:29,live
WR,00-0035208,Olamide Zaccheaus,ATL,GB,2026_03_ATL_GB,2026,3,NA,NA,15,20,4.688121524751282,NA,NA,NA,NA,NA,6.929080928564317,0.9560182999484494,13.901941966395007,0.0318793258287231,16.77716438206473,0.08090481578710806,0.02074707733240133,0.07592758136767237,0.02031495833342675,platt,platt,0.07592758136767237,0.02031495833342675,NA,NA,NA,2026-09-24 20:15:00,2026-09-22 23:42:39,2026-09-22 23:42:29,live
WR,00-0038090,Skyy Moore,GB,ATL,2026_03_ATL_GB,2026,3,NA,NA,15,20,4.532207383267922,NA,NA,NA,NA,NA,7.136935175617175,1.3285170723801043,13.917592738030436,0.4298515332866657,16.713561065902972,0.08064342769588573,0.01932420170573368,0.07566790620042507,0.01889488814329407,platt,platt,0.07566790620042507,0.01889488814329407,NA,NA,NA,2026-09-24 20:15:00,2026-09-22 23:42:39,2026-09-22 23:42:29,live
WR,00-0041529,Kevin Coleman Jr.,MIA,KC,2026_03_KC_MIA,2026,3,NA,NA,15,20,4.608161829496239,NA,NA,NA,NA,NA,6.952141793236609,1.0633954175604767,13.826573339944485,0.1523016666935657,16.661208874891383,0.0793019835250619,0.0192606572629379,0.07433604711122613,0.01883151671525557,platt,platt,0.07433604711122613,0.01883151671525557,NA,NA,NA,2026-09-27 13:00:00,2026-09-22 23:42:39,2026-09-22 23:42:29,live
WR,00-0036862,Ben Skowronek,PIT,CIN,2026_03_CIN_PIT,2026,3,NA,NA,15,20,4.421984092304056,NA,NA,NA,NA,NA,7.172041687735477,1.4806115687977313,13.816129284565749,0.6000461506165955,16.555783708544162,0.07839379475979524,0.01719068330502204,0.07343511032703046,0.01676955247374237,platt,platt,0.07343511032703046,0.01676955247374237,NA,NA,NA,2026-09-27 13:00:00,2026-09-22 23:42:39,2026-09-22 23:42:29,live
WR,00-0040218,Jimmy Horn Jr.,CAR,CLE,2026_03_CAR_CLE,2026,3,NA,NA,15,20,4.376293231870526,NA,NA,NA,NA,NA,7.223105212744271,1.580318016416597,13.810407813179388,0.7072785231075196,16.52664724385401,0.07810222152387436,0.01662791067630831,0.07314599729635964,0.01620979411432965,platt,platt,0.07314599729635964,0.01620979411432965,NA,NA,NA,2026-09-27 13:00:00,2026-09-22 23:42:39,2026-09-22 23:42:29,live
WR,00-0037091,Bo Melton,GB,ATL,2026_03_ATL_GB,2026,3,NA,NA,15,20,4.3935348169562944,NA,NA,NA,NA,NA,7.135680193258201,1.4745271339299482,13.74442281843529,0.5986461151175435,16.469502930057978,0.07696256384886502,0.01618891284434731,0.07201657705778389,0.01577341076844638,platt,platt,0.07201657705778389,0.01577341076844638,NA,NA,NA,2026-09-24 20:15:00,2026-09-22 23:42:39,2026-09-22 23:42:29,live
WR,00-0035406,Lil'Jordan Humphrey,DEN,LA,2026_03_LA_DEN,2026,3,NA,NA,15,20,4.421850103076399,NA,NA,NA,NA,NA,7.080338976901919,1.389051376205933,13.72426020013845,0.5085080081304012,16.463846020844336,0.07671655711203751,0.01631404904679445,0.0717729109510711,0.01589777779876451,platt,platt,0.0717729109510711,0.01589777779876451,NA,NA,NA,2026-09-27 20:20:00,2026-09-22 23:42:39,2026-09-22 23:42:29,live
WR,00-0040705,Chimere Dike,TEN,NYG,2026_03_TEN_NYG,2026,3,NA,NA,15,20,4.379770193125743,NA,NA,NA,NA,NA,7.137604845505395,1.4911129549620172,13.729232248735984,0.6175002795979712,16.447254988998083,0.07662330538225237,0.01588750332906285,0.071680558677366,0.01547393338004532,platt,platt,0.071680558677366,0.01547393338004532,NA,NA,NA,2026-09-27 13:00:00,2026-09-22 23:42:39,2026-09-22 23:42:29,live
WR,00-0038573,Derius Davis,LAC,BUF,2026_03_LAC_BUF,2026,3,NA,NA,15,20,4.493276944067321,NA,NA,NA,NA,NA,6.951576753255325,1.1844213229055267,13.684064908786093,0.29213985285043886,16.460170836179593,0.07629890347070711,0.01672264317647487,0.07135933822326963,0.01630399296332079,platt,platt,0.07135933822326963,0.01630399296332079,NA,NA,NA,2026-09-27 13:00:00,2026-09-22 23:42:39,2026-09-22 23:42:29,live
WR,00-0038824,Ryan Miller,MIA,KC,2026_03_KC_MIA,2026,3,NA,NA,15,20,4.435316948935699,NA,NA,NA,NA,NA,7.0214036348772995,1.315795707521585,13.682042186228934,0.4330367303337397,16.428521308875855,0.0760064112102028,0.01606293227080291,0.07106978454088135,0.01564822403958811,platt,platt,0.07106978454088135,0.01564822403958811,NA,NA,NA,2026-09-27 13:00:00,2026-09-22 23:42:39,2026-09-22 23:42:29,live
WR,00-0040894,Malik Benson,LV,NO,2026_03_LV_NO,2026,3,NA,NA,15,20,4.473074826306477,NA,NA,NA,NA,NA,6.9396480113362244,1.1939293984238573,13.647111157357056,0.3049645851170366,16.412898154270664,0.07554242528161681,0.01615242720844656,0.07061059705462003,0.01573715302296281,platt,platt,0.07061059705462003,0.01573715302296281,NA,NA,NA,2026-09-27 16:25:00,2026-09-22 23:42:39,2026-09-22 23:42:29,live
WR,00-0041069,Colbie Young,CIN,PIT,2026_03_CIN_PIT,2026,3,NA,NA,15,20,4.419028156042886,NA,NA,NA,NA,NA,7.018211648255417,1.329925798350521,13.658628673990956,0.44984685448566974,16.3967695573678,0.07550580150655395,0.01565695473601025,0.07057435921110476,0.01524493950096023,platt,platt,0.07057435921110476,0.01524493950096023,NA,NA,NA,2026-09-27 13:00:00,2026-09-22 23:42:39,2026-09-22 23:42:29,live
WR,00-0039849,Marvin Harrison Jr.,ARI,SF,2026_03_ARI_SF,2026,3,NA,NA,15,20,5.545469198601801,NA,NA,NA,NA,NA,9.10183785623598,2.239455734962255,17.11287673114961,1.1777232255475614,20.4161862938939,0.1554683408136479,0.05629953514783747,0.06659386377327721,0,platt,platt,0.15159386377327722,0.05623173868349303,role_change_down,0.85,Consecutive games with minimal target volume (1 target in weeks 1-2) suggests a potential shift in offensive allocation or role uncertainty with a 2024 first-round pick.,2026-09-27 16:05:00,2026-09-22 23:42:39,2026-09-22 23:42:29,live
WR,00-0037742,Treylon Burks,WAS,SEA,2026_03_SEA_WAS,2026,3,NA,NA,15,20,4.517169688534656,NA,NA,NA,NA,NA,6.6015498567450965,0.8090630005816282,13.363609527438392,-0.08713769137350802,16.151909112901272,0.07065612172570845,0.01398292495436037,0.0657852786765653,0.01358429252760415,platt,platt,0.0657852786765653,0.01358429252760415,NA,NA,NA,2026-09-27 13:00:00,2026-09-22 23:42:39,2026-09-22 23:42:29,live
WR,00-0040582,Arian Smith,NYJ,DET,2026_03_NYJ_DET,2026,3,NA,NA,15,20,4.356954316905616,NA,NA,NA,NA,NA,6.775138533477397,1.1529662446415632,13.338375609375792,0.2831162440007544,16.044691748130866,0.06930099246667154,0.01185792095015969,0.06445054584828191,0.01148209655634804,platt,platt,0.06445054584828191,0.01148209655634804,NA,NA,NA,2026-09-27 13:00:00,2026-09-22 23:42:39,2026-09-22 23:42:29,live
WR,00-0040164,Jaylin Lane,WAS,SEA,2026_03_SEA_WAS,2026,3,NA,NA,15,20,4.384213563983058,NA,NA,NA,NA,NA,6.52296139124695,0.8717358422765047,13.120114794197406,-0.0026092141983085,15.84041615125358,0.06544711487706367,0.01009425537249719,0.06066332996515714,0.00974305893346067,platt,platt,0.06066332996515714,0.00974305893346067,NA,NA,NA,2026-09-27 13:00:00,2026-09-22 23:42:39,2026-09-22 23:42:29,live
WR,00-0036407,Jerry Jeudy,CLE,CAR,2026_03_CAR_CLE,2026,3,NA,NA,15,20,5.6993356043188985,NA,NA,NA,NA,NA,8.206935127950555,1.1875746906645874,16.401228063898476,0.10155484509781763,19.780101470693246,0.1359631062138391,0.04830154925060848,0.04654614497786398,0,platt,platt,0.131546144977864,0.04809817651098679,role_change_down,0.85,Denzel Boston's emergence as WR1 indicates a role shift reducing Jeudy's target opportunity in the Browns offense.,2026-09-27 13:00:00,2026-09-22 23:42:39,2026-09-22 23:42:29,live
WR,00-0039342,Xavier Legette,CAR,CLE,2026_03_CAR_CLE,2026,3,NA,NA,15,20,5.376017467039556,NA,NA,NA,NA,NA,8.507848721634362,1.8192235081181245,16.316046466714248,0.7843742812780912,19.53571556105489,0.1354470644042578,0.04623664278517847,0.04601778913402481,0,platt,platt,0.1310177891340248,0.04600223512133979,role_change_down,0.85,"Impact note explicitly states majority of receiving work going to Tet McMillan and Jalen Coker, indicating Legette's target share and role are limited despite the headline.",2026-09-27 13:00:00,2026-09-22 23:42:39,2026-09-22 23:42:29,live
WR,00-0039146,Jayden Reed,GB,ATL,2026_03_ATL_GB,2026,3,NA,NA,15,20,4.649620287314691,NA,NA,NA,NA,NA,8.381818874767227,2.4493237746543857,15.307322006530658,1.5314613183789143,18.163016639795856,0.1093325899467612,0.03321211401692092,0.01943816085944648,0,platt,platt,0.10443816085944647,0.03282727929398971,role_change_down,0.85,"Coach signals significant uncertainty about Reed's return this season, implying potential loss of offensive snaps and targets for the Packers WR room.",2026-09-24 20:15:00,2026-09-22 23:42:39,2026-09-22 23:42:29,live
WR,00-0040870,Ja'Kobi Lane,BAL,DAL,2026_03_BAL_DAL,2026,3,NA,NA,15,20,5.13947370963066,NA,NA,NA,NA,NA,8.105657419991438,1.6611882171576309,15.628831210043046,0.6641142656271599,18.73097218213172,0.11757894665475022,0.0393239114717927,0.01779595774671578,0,platt,platt,0.1127959577467158,0.03899914456980504,role_change_down,0.95,"WR expected to miss approximately one month due to wrist surgery, reducing target opportunity during that period.",2026-09-27 16:25:00,2026-09-22 23:42:39,2026-09-22 23:42:29,live
WR,00-0041511,Omar Cooper Jr.,NYJ,DET,2026_03_NYJ_DET,2026,3,NA,NA,15,20,4.502211804907727,NA,NA,NA,NA,NA,7.398201992134403,1.6215709653529498,14.1417518125558,0.7278234520784972,16.92241895903507,0.08456758500328121,0.02111562025053914,0.00757154601178827,0,platt,platt,0.07957154601178827,0.02068309815772307,role_change_down,0.72,Omar Cooper's week-to-week status combined with Jets adding WR depth suggests reduced opportunity for Cooper if he returns.,2026-09-27 13:00:00,2026-09-22 23:42:39,2026-09-22 23:42:29,live
WR,00-0031235,Odell Beckham Jr.,NYG,TEN,2026_03_TEN_NYG,2026,3,NA,NA,15,20,4.579310262887007,NA,NA,NA,NA,NA,7.729838669110088,1.871577998716873,14.568681674428888,0.9652009284135472,17.388642462326086,0.0923524056181515,0.02583282858544833,0.00234718609942811,0,platt,platt,0.08734718609942813,0.02540579686620271,role_change_down,0.85,"Despite preseason hype about increased offensive role, OBJ received minimal opportunity (11 snaps, 0 targets) in game action, signaling reduced role expectations.",2026-09-27 13:00:00,2026-09-22 23:42:39,2026-09-22 23:42:29,live
QB,00-0034857,Josh Allen,BUF,LAC,2026_03_LAC_BUF,2026,3,NA,NA,20,25,6.073178502807356,8.927368683629183,-4.369218364818913,22.22395573207728,-7.839399573080733,25.6941369403391,NA,NA,NA,NA,NA,0.629,0.4115,0.6653334152431906,0.4008688057501995,platt_vol_vegas,platt,0.6653334152431906,0.4008688057501995,NA,NA,NA,2026-09-27 13:00:00,2026-09-24 15:09:01,2026-09-24 15:08:50,live
QB,00-0034796,Lamar Jackson,BAL,DAL,2026_03_BAL_DAL,2026,3,NA,NA,20,25,3.195082987284453,7.687407101286743,-5.609179947161353,20.98399414973484,-9.079361155423172,24.45417535799666,NA,NA,NA,NA,NA,0.483,0.272,0.5245446662481663,0.2611431612774278,platt_vol_vegas,platt,0.5245446662481663,0.2611431612774278,NA,NA,NA,2026-09-27 16:25:00,2026-09-24 15:09:01,2026-09-24 15:08:50,live
QB,00-0037834,Brock Purdy,SF,ARI,2026_03_ARI_SF,2026,3,NA,NA,20,25,3.320963980376249,8.678677689703454,-4.617909358744642,21.97526473815155,-8.088090567006462,25.445445946413372,NA,NA,NA,NA,NA,0.5,0.2915,0.5063416310175413,0.28051988132431893,platt_vol_vegas,platt,0.5063416310175413,0.28051988132431893,NA,NA,NA,2026-09-27 16:05:00,2026-09-24 15:09:01,2026-09-24 15:08:50,live
QB,00-0033873,Patrick Mahomes,KC,MIA,2026_03_KC_MIA,2026,3,NA,Full Participation in Practice,20,25,2.717487083299503,7.385890119537413,-5.910696928910683,20.68247716798551,-9.380878137172504,24.15265837624733,NA,NA,NA,NA,NA,0.4855,0.2825,0.47279646005311726,0.2715697701441163,platt_vol_vegas,platt,0.47279646005311726,0.2715697701441163,NA,NA,NA,2026-09-27 13:00:00,2026-09-24 15:09:01,2026-09-24 15:08:50,live
QB,00-0033106,Jared Goff,DET,NYJ,2026_03_NYJ_DET,2026,3,NA,NA,20,25,1.4779160094291,7.472113060599555,-5.824473987848541,20.76870010904765,-9.294655196110362,24.23888131730947,NA,NA,NA,NA,NA,0.4675,0.2665,0.4235424856782617,0.2556882860141571,platt_vol_vegas,platt,0.4235424856782617,0.2556882860141571,NA,NA,NA,2026-09-27 13:00:00,2026-09-24 15:09:01,2026-09-24 15:08:50,live
QB,00-0033077,Dak Prescott,DAL,BAL,2026_03_BAL_DAL,2026,3,NA,NA,20,25,3.0172866111088945,5.354066262939341,-7.942520785508755,18.650653311387437,-11.412701993770575,22.120834519649257,NA,NA,NA,NA,NA,0.39,0.2035,0.414943440094382,0.19355938773334191,platt_vol_vegas,platt,0.414943440094382,0.19355938773334191,NA,NA,NA,2026-09-27 16:25:00,2026-09-24 15:09:01,2026-09-24 15:08:50,live
QB,00-0040743,Tyler Shough,NO,LV,2026_03_LV_NO,2026,3,NA,NA,20,25,4.397775021344569,3.4151735475266793,-9.881413500921417,16.711760595974773,-13.351594709183235,20.18194180423659,NA,NA,NA,NA,NA,0.441,0.2505,0.3766043292109936,0.23984648466271613,platt_vol_vegas,platt,0.3766043292109936,0.23984648466271613,NA,NA,NA,2026-09-27 16:25:00,2026-09-24 15:09:01,2026-09-24 15:08:50,live
QB,00-0036389,Jalen Hurts,PHI,CHI,2026_03_PHI_CHI,2026,3,NA,NA,20,25,4.899180472190453,3.046417324082862,-10.250169724365234,16.343004372530956,-13.720350932627056,19.813185580792776,NA,NA,NA,NA,NA,0.4455,0.245,0.3738881158979601,0.23441036596594084,platt_vol_vegas,platt,0.3738881158979601,0.23441036596594084,NA,NA,NA,2026-09-28 20:15:00,2026-09-24 15:09:01,2026-09-24 15:08:50,live
QB,00-0036355,Justin Herbert,LAC,BUF,2026_03_LAC_BUF,2026,3,NA,NA,20,25,4.248823615035765,1.540181830037572,-11.756405218410524,14.836768878485667,-15.226586426672345,18.306950086747488,NA,NA,NA,NA,NA,0.337,0.1615,0.3647924377532856,0.15254737116978614,platt_vol_vegas,platt,0.3647924377532856,0.15254737116978614,NA,NA,NA,2026-09-27 13:00:00,2026-09-24 15:09:01,2026-09-24 15:08:50,live
QB,00-0036971,Trevor Lawrence,JAX,NE,2026_03_NE_JAX,2026,3,NA,NA,20,25,2.7465401955844326,3.8890009981406632,-9.407586050307431,17.18558804658876,-12.877767258569254,20.65576925485058,NA,NA,NA,NA,NA,0.3285,0.1565,0.3190405691415173,0.14768961760966004,platt_vol_vegas,platt,0.3190405691415173,0.14768961760966004,NA,NA,NA,2026-09-27 13:00:00,2026-09-24 15:09:01,2026-09-24 15:08:50,live
QB,00-0036264,Jordan Love,GB,ATL,2026_03_ATL_GB,2026,3,NA,NA,20,25,1.7494799710092406,5.133553227338315,-8.163033821109781,18.43014027578641,-11.633215029371602,21.90032148404823,NA,NA,NA,NA,NA,0.405,0.212,0.3023296439557544,0.20190146050739097,platt_vol_vegas,platt,0.3023296439557544,0.20190146050739097,NA,NA,NA,2026-09-24 20:15:00,2026-09-24 15:09:01,2026-09-24 15:08:50,live
QB,00-0039163,C.J. Stroud,HOU,IND,2026_03_HOU_IND,2026,3,NA,NA,20,25,2.8419787880978284,2.2050838503114565,-11.09150319813664,15.501670898759553,-14.56168440639846,18.971852107021373,NA,NA,NA,NA,NA,0.3485,0.18,0.2730564001760373,0.1705679816419624,platt_vol_vegas,platt,0.2730564001760373,0.1705679816419624,NA,NA,NA,2026-09-27 13:00:00,2026-09-24 15:09:01,2026-09-24 15:08:50,live
QB,00-0039732,Bo Nix,DEN,LA,2026_03_LA_DEN,2026,3,NA,NA,20,25,2.970614679080875,1.52346529205477,-11.773121756393326,14.820052340502864,-15.243302964655149,18.29023354876469,NA,NA,NA,NA,NA,0.315,0.1505,0.26305313298347277,0.1418677286777387,platt_vol_vegas,platt,0.26305313298347277,0.1418677286777387,NA,NA,NA,2026-09-27 20:20:00,2026-09-24 15:09:01,2026-09-24 15:08:50,live
QB,00-0039917,Michael Penix Jr.,ATL,GB,2026_03_ATL_GB,2026,3,NA,Full Participation in Practice,20,25,1.9166976089823884,-0.16022913215061124,-13.456816180598707,13.136357916297484,-16.926997388860528,16.606539124559305,NA,NA,NA,NA,NA,0.192,0.0745,0.26302662730871584,0.16893692401370447,platt_vol_vegas,platt,0.1630266273087159,0.06893692401370446,role_change_up,1,Michael Penix Jr. (knee) named starting quarterback for Week 3,2026-09-24 20:15:00,2026-09-24 15:09:01,2026-09-24 15:08:50,live
QB,00-0030565,Geno Smith,NYJ,DET,2026_03_NYJ_DET,2026,3,NA,NA,20,25,3.0764338488718983,0.10706102865421452,-13.18952601979388,13.40364807710231,-16.6597072280557,16.87382928536413,NA,NA,NA,NA,NA,0.258,0.1165,0.2601225012069159,0.1090407280950304,platt_vol_vegas,platt,0.2601225012069159,0.1090407280950304,NA,NA,NA,2026-09-27 13:00:00,2026-09-24 15:09:01,2026-09-24 15:08:50,live
QB,00-0033537,Deshaun Watson,CLE,CAR,2026_03_CAR_CLE,2026,3,NA,NA,20,25,4.7482736819290174,0.5800949158474277,-12.716492132600669,13.876681964295525,-16.186673340862487,17.346863172557345,NA,NA,NA,NA,NA,0.2895,0.1215,0.25915147321860416,0.11384975706899245,platt_vol_vegas,platt,0.25915147321860416,0.11384975706899245,NA,NA,NA,2026-09-27 13:00:00,2026-09-24 15:09:01,2026-09-24 15:08:50,live
QB,00-0039851,Drake Maye,NE,JAX,2026_03_NE_JAX,2026,3,NA,NA,20,25,4.370287989371777,3.374761065465517,-9.92182598298258,16.671348113913613,-13.3920071912444,20.141529322175433,NA,NA,NA,NA,NA,0.3725,0.1925,0.24376227184687843,0.09778399542420008,platt_vol_vegas,platt,0.32876227184687845,0.1827839954242001,role_change_down,0.85,Loss of A.J. Brown (ankle) for multiple games reduces Maye's passing volume and fantasy upside in the short term.,2026-09-27 13:00:00,2026-09-24 15:09:01,2026-09-24 15:08:50,live
QB,00-0036442,Joe Burrow,CIN,PIT,2026_03_CIN_PIT,2026,3,NA,NA,20,25,1.7755734803470848,1.7671881433059449,-11.529398905142152,15.06377519175404,-14.999580113403972,18.53395640001586,NA,NA,NA,NA,NA,0.2845,0.147,0.24302593623803032,0.1384754410790031,platt_vol_vegas,platt,0.24302593623803032,0.1384754410790031,NA,NA,NA,2026-09-27 13:00:00,2026-09-24 15:09:01,2026-09-24 15:08:50,live
QB,00-0034855,Baker Mayfield,TB,MIN,2026_03_MIN_TB,2026,3,NA,Full Participation in Practice,20,25,3.1686384900453453,1.2855239115691826,-12.011063136878914,14.582110960017278,-15.481244345140734,18.0522921682791,NA,NA,NA,NA,NA,0.304,0.133,0.2408319450335492,0.12493541003113708,platt_vol_vegas,platt,0.2408319450335492,0.12493541003113708,NA,NA,NA,2026-09-27 16:05:00,2026-09-24 15:09:01,2026-09-24 15:08:50,live
QB,00-0031503,Jameis Winston,NYG,TEN,2026_03_TEN_NYG,2026,3,NA,NA,20,25,2.632868255410564,-3.2847601759538603,-16.581347224401956,10.011826872494236,-20.051528432663776,13.482008080756057,NA,NA,NA,NA,NA,0.147,0.0495,0.2403468331377367,0.14036548192828363,platt_vol_vegas,platt,0.14534683313773666,0.04536548192828363,role_change_up,0.95,"Dart's season-ending surgery elevates Winston to QB1, increasing his opportunity and relevance in fantasy lineups.",2026-09-27 13:00:00,2026-09-24 15:09:01,2026-09-24 15:08:50,live
QB,00-0035710,Daniel Jones,IND,HOU,2026_03_HOU_IND,2026,3,NA,NA,20,25,2.6665655551562346,1.9413916095622512,-11.355195438885843,15.237978658010348,-14.825376647147666,18.70815986627217,NA,NA,NA,NA,NA,0.3125,0.142,0.23533820480340537,0.13363429709125652,platt_vol_vegas,platt,0.23533820480340537,0.13363429709125652,NA,NA,NA,2026-09-27 13:00:00,2026-09-24 15:09:01,2026-09-24 15:08:50,live
QB,00-0026498,Matthew Stafford,LA,DEN,2026_03_LA_DEN,2026,3,NA,NA,20,25,1.0970701203605595,3.0640795320870158,-10.23250751636108,16.36066658053511,-13.7026887246229,19.83084778879693,NA,NA,NA,NA,NA,0.2505,0.1165,0.2325498468644739,0.1090407280950304,platt_vol_vegas,platt,0.2325498468644739,0.1090407280950304,NA,NA,NA,2026-09-27 20:20:00,2026-09-24 15:09:01,2026-09-24 15:08:50,live
QB,00-0039150,Bryce Young,CAR,CLE,2026_03_CAR_CLE,2026,3,NA,NA,20,25,2.0716995695401628,0.8256963912736565,-12.47089065717444,14.122283439721752,-15.94107186543626,17.592464647983572,NA,NA,NA,NA,NA,0.2635,0.1215,0.23101075203075735,0.11384975706899245,platt_vol_vegas,platt,0.23101075203075735,0.11384975706899245,NA,NA,NA,2026-09-27 13:00:00,2026-09-24 15:09:01,2026-09-24 15:08:50,live
QB,00-0033119,Jacoby Brissett,ARI,SF,2026_03_ARI_SF,2026,3,NA,Full Participation in Practice,20,25,2.588556829299428,-0.10820137088571868,-13.404788419333814,13.188385677562378,-16.874969627595636,16.658566885824197,NA,NA,NA,NA,NA,0.2275,0.0925,0.22766246836869317,0.08605612114347229,platt_vol_vegas,platt,0.22766246836869317,0.08605612114347229,NA,NA,NA,2026-09-27 16:05:00,2026-09-24 15:09:01,2026-09-24 15:08:50,live
QB,00-0034869,Sam Darnold,SEA,WAS,2026_03_SEA_WAS,2026,3,NA,Limited Participation in Practice,20,25,1.5662714985125028,2.0224337058102932,-11.274153342637804,15.31902075425839,-14.744334550899625,18.78920196252021,NA,NA,NA,NA,NA,0.2335,0.0905,0.224170921474501,0.08414861782831284,platt_vol_vegas,platt,0.224170921474501,0.08414861782831284,NA,NA,NA,2026-09-27 13:00:00,2026-09-24 15:09:01,2026-09-24 15:08:50,live
QB,00-0039910,Jayden Daniels,WAS,SEA,2026_03_SEA_WAS,2026,3,NA,Did Not Participate In Practice,20,25,5.687168408671858,-3.936996327746283,-17.233583376194378,9.359590720701814,-20.7037645844562,12.829771928963634,NA,NA,NA,NA,NA,0.217,0.0955,0.19758142821567257,0.08891975922677113,platt_vol_vegas,platt,0.19758142821567257,0.08891975922677113,NA,NA,NA,2026-09-27 13:00:00,2026-09-24 15:09:01,2026-09-24 15:08:50,live
QB,00-0035228,Kyler Murray,MIN,TB,2026_03_MIN_TB,2026,3,NA,NA,20,25,2.4041130837860547,-0.8638397139455525,-14.160426762393648,12.432747334502544,-17.63060797065547,15.902928542764364,NA,NA,NA,NA,NA,0.1815,0.0675,0.1909185929270094,0.06231082792763581,platt_vol_vegas,platt,0.1909185929270094,0.06231082792763581,NA,NA,NA,2026-09-27 16:05:00,2026-09-24 15:09:01,2026-09-24 15:08:50,live
QB,00-0029604,Kirk Cousins,LV,NO,2026_03_LV_NO,2026,3,NA,NA,20,25,1.164680266596693,0.27026671307068484,-13.026320335377411,13.56685376151878,-16.49650154363923,17.037034969780603,NA,NA,NA,NA,NA,0.226,0.091,0.1815201215615751,0.08462537318270287,platt_vol_vegas,platt,0.1815201215615751,0.08462537318270287,NA,NA,NA,2026-09-27 16:25:00,2026-09-24 15:09:01,2026-09-24 15:08:50,live
QB,00-0038128,Malik Willis,MIA,KC,2026_03_KC_MIA,2026,3,NA,NA,20,25,3.4255818430690814,-3.734981032255816,-17.031568080703913,9.56160601619228,-20.501749288965733,13.0317872244541,NA,NA,NA,NA,NA,0.1515,0.0455,0.1729683844359123,0.04162037598801674,platt_vol_vegas,platt,0.1729683844359123,0.04162037598801674,NA,NA,NA,2026-09-27 13:00:00,2026-09-24 15:09:01,2026-09-24 15:08:50,live
QB,00-0023459,Aaron Rodgers,PIT,CIN,2026_03_CIN_PIT,2026,3,NA,NA,20,25,1.1133873418194715,-0.8856028641397653,-14.18218991258786,12.410984184308331,-17.652371120849683,15.881165392570152,NA,NA,NA,NA,NA,0.205,0.0905,0.16092011188178246,0.08414861782831284,platt_vol_vegas,platt,0.16092011188178246,0.08414861782831284,NA,NA,NA,2026-09-27 13:00:00,2026-09-24 15:09:01,2026-09-24 15:08:50,live
QB,00-0039918,Caleb Williams,CHI,PHI,2026_03_PHI_CHI,2026,3,NA,NA,20,25,4.87747665801864,0.19426516048272544,-13.10232188796537,13.49085220893082,-16.57250309622719,16.961033417192642,NA,NA,NA,NA,NA,0.304,0.1395,0.16070963658312604,0.04621595977655292,platt_vol_vegas,platt,0.24570963658312603,0.13121595977655293,role_change_down,0.85,"Bagent's potential absence elevates Case Keenum to starter, but more importantly confirms Caleb Williams is 'all but out several weeks,' materially reducing his opportunity.",2026-09-28 20:15:00,2026-09-24 15:09:01,2026-09-24 15:08:50,live
QB,00-0036825,Feleipe Franks,CAR,CLE,2026_03_CAR_CLE,2026,3,NA,NA,20,25,2.368927336057654,-5.9918129387719,-19.288399987219996,7.304774109676196,-22.758581195481817,10.774955317938016,NA,NA,NA,NA,NA,0.094,0.026,0.1459965605459928,0.02349724869982543,platt_vol_vegas,platt,0.1459965605459928,0.02349724869982543,NA,NA,NA,2026-09-27 13:00:00,2026-09-24 15:09:01,2026-09-24 15:08:50,live
QB,00-0040676,Cam Ward,TEN,NYG,2026_03_TEN_NYG,2026,3,NA,NA,20,25,2.6641455225082065,-0.8327336278895383,-14.129320676337636,12.463853420558555,-17.599501884599455,15.934034628820378,NA,NA,NA,NA,NA,0.19,0.0725,0.14256728668296098,0.06704185101723571,platt_vol_vegas,platt,0.14256728668296098,0.06704185101723571,NA,NA,NA,2026-09-27 13:00:00,2026-09-24 15:09:01,2026-09-24 15:08:50,live
QB,00-0039164,Anthony Richardson,IND,HOU,2026_03_HOU_IND,2026,3,NA,NA,20,25,2.527631120591575,-4.066851115115233,-17.36343816356333,9.229735933332863,-20.83361937182515,12.699917141594684,NA,NA,NA,NA,NA,0.111,0.036,0.14051468140119705,0.03276078089977872,platt_vol_vegas,platt,0.14051468140119705,0.03276078089977872,NA,NA,NA,2026-09-27 13:00:00,2026-09-24 15:09:01,2026-09-24 15:08:50,live
QB,00-0041251,Jalon Daniels,TB,MIN,2026_03_MIN_TB,2026,3,NA,NA,20,25,2.3603208898734,-3.830480752678607,-17.127067801126703,9.466106295769489,-20.597249009388523,12.93628750403131,NA,NA,NA,NA,NA,0.1115,0.0305,0.1388283676643208,0.02765698759418315,platt_vol_vegas,platt,0.1388283676643208,0.02765698759418315,NA,NA,NA,2026-09-27 16:05:00,2026-09-24 15:09:01,2026-09-24 15:08:50,live
QB,00-0032268,Marcus Mariota,WAS,SEA,2026_03_SEA_WAS,2026,3,NA,NA,20,25,2.5156240367436986,-5.068646607143621,-18.365233655591716,8.227940441304476,-21.835414863853536,11.698121649566296,NA,NA,NA,NA,NA,0.135,0.038,0.13756728668296098,0.03662037598801674,platt_vol_vegas,platt,0.12041730954715778,0.03462157084051211,role_change_up,0.95,"Mariota gains significant QB1 opportunity due to Jayden Daniels' elbow injury, directly increasing his snap count and fantasy relevance.",2026-09-27 13:00:00,2026-09-24 15:09:01,2026-09-24 15:08:50,live
QB,00-0032950,Carson Wentz,MIN,TB,2026_03_MIN_TB,2026,3,NA,NA,20,25,2.4920299252241223,2.2279511085954105,-11.068635939852683,15.524538157043509,-14.538817148114504,18.994719365305325,NA,NA,NA,NA,NA,0.267,0.1125,0.13756728668296098,0.02019840659003927,platt_vol_vegas,platt,0.2318921841032431,0.10519840659003928,role_change_down,0.85,"Wentz's role could be significantly diminished or eliminated if Kyler Murray returns from concussion, directly reducing his snap count and passing opportunities.",2026-09-27 16:05:00,2026-09-24 15:09:01,2026-09-24 15:08:50,live
QB,00-0035704,Drew Lock,SEA,WAS,2026_03_SEA_WAS,2026,3,NA,NA,20,25,1.7593870021940343,3.96110690269855,-9.335480145749546,17.257693951146646,-12.805661354011368,20.727875159408462,NA,NA,NA,NA,NA,0.301,0.1365,0.13756728668296098,0.03662037598801674,platt_vol_vegas,platt,0.2579339808397444,0.12831595397538323,NA,NA,NA,2026-09-27 13:00:00,2026-09-24 15:09:01,2026-09-24 15:08:50,live
QB,00-0038416,Tyson Bagent,CHI,PHI,2026_03_PHI_CHI,2026,3,NA,NA,20,25,1.6999954417752878,-4.9631473207990044,-18.2597343692471,8.333439727649091,-21.72991557750892,11.803620935910912,NA,NA,NA,NA,NA,0.0915,0.032,0.13756728668296098,0.03662037598801674,platt_vol_vegas,platt,0.1055579841102528,0.02904689436666612,role_change_up,0.85,"Williams' week-to-week hamstring injury likely to result in missed time, elevating backup Bagent to starting QB role with implied snap opportunity increase.",2026-09-28 20:15:00,2026-09-24 15:09:01,2026-09-24 15:08:50,live
QB,00-0039107,Stetson Bennett,LA,DEN,2026_03_LA_DEN,2026,3,NA,NA,20,25,1.7639918020683465,-2.440703255376324,-15.73729030382442,10.855883793071772,-19.20747151208624,14.326065001333593,NA,NA,NA,NA,NA,0.1425,0.05,0.13756728668296098,0.03662037598801674,platt_vol_vegas,platt,0.18799677399436276,0.04583418817633102,role_change_up,0.85,"Bennett elevated to backup QB role ahead of rookie Simpson, increasing his opportunity in case of starter injury.",2026-09-27 20:20:00,2026-09-24 15:09:01,2026-09-24 15:08:50,live
QB,00-0040691,Jaxson Dart,NYG,TEN,2026_03_TEN_NYG,2026,3,NA,Did Not Participate In Practice,20,25,4.8481817789191375,1.0653069505700017,-12.231280097878097,14.361893999018095,-15.701461306139915,17.832075207279917,NA,NA,NA,NA,NA,0.301,0.121,0.13756728668296098,0.01836855268469199,platt_vol_vegas,platt,0.24693950760210723,0.113368552684692,role_change_down,0.95,"Dart is ruled out with an MCL sprain and Winston becomes the short-term starter, reducing Dart's opportunity and potentially affecting passing volume to NYJ offensive weapons.",2026-09-27 13:00:00,2026-09-24 15:09:01,2026-09-24 15:08:50,live
QB,00-0026158,Joe Flacco,CIN,PIT,2026_03_CIN_PIT,2026,3,NA,NA,20,25,1.575456773100536,-3.3150513511827584,-16.611638399630856,9.981535697265338,-20.081819607892676,13.451716905527158,NA,NA,NA,NA,NA,0.142,0.04,0.13756728668296098,0.03648478341234495,platt_vol_vegas,platt,0.1714026910287287,0.03648478341234495,NA,NA,NA,2026-09-27 13:00:00,2026-09-24 15:09:01,2026-09-24 15:08:50,live
QB,00-0027973,Andy Dalton,PHI,CHI,2026_03_PHI_CHI,2026,3,NA,NA,20,25,2.4496209513755285,-3.295583652318653,-16.59217070076675,10.001003396129445,-20.06235190902857,13.471184604391263,NA,NA,NA,NA,NA,0.164,0.055,0.13756728668296098,0.03662037598801674,platt_vol_vegas,platt,0.19280753461563793,0.05052787522725091,NA,NA,NA,2026-09-28 20:15:00,2026-09-24 15:09:01,2026-09-24 15:08:50,live
QB,00-0028118,Tyrod Taylor,GB,ATL,2026_03_ATL_GB,2026,3,NA,NA,20,25,2.7808927141680044,-0.27980819172796023,-13.576395240176057,13.016778856720135,-17.046576448437875,16.486960064981957,NA,NA,NA,NA,NA,0.25,0.1035,0.13756728668296098,0.03662037598801674,platt_vol_vegas,platt,0.25411711804382,0.09656968664145436,NA,NA,NA,2026-09-24 20:15:00,2026-09-24 15:09:01,2026-09-24 15:08:50,live
QB,00-0033949,Joshua Dobbs,DET,NYJ,2026_03_NYJ_DET,2026,3,NA,NA,20,25,2.3780409954795876,2.01848869945896,-11.278098348989136,15.315075747907056,-14.748279557250957,18.785256956168876,NA,NA,NA,NA,NA,0.243,0.1035,0.13756728668296098,0.03662037598801674,platt_vol_vegas,platt,0.3314430309595476,0.09656968664145436,NA,NA,NA,2026-09-27 13:00:00,2026-09-24 15:09:01,2026-09-24 15:08:50,live
QB,00-0034577,Kyle Allen,BUF,LAC,2026_03_LAC_BUF,2026,3,NA,NA,20,25,2.3603208898734,1.091532486956463,-12.205054561491632,14.38811953540456,-15.675235769753453,17.85830074366638,NA,NA,NA,NA,NA,0.2675,0.111,0.13756728668296098,0.03662037598801674,platt_vol_vegas,platt,0.3980834972270993,0.10375868220919378,NA,NA,NA,2026-09-27 13:00:00,2026-09-24 15:09:01,2026-09-24 15:08:50,live
QB,00-0035264,Jarrett Stidham,DEN,LA,2026_03_LA_DEN,2026,3,NA,NA,20,25,2.451515125310913,-2.7962149106505407,-16.092801959098637,10.500372137797555,-19.562983167360457,13.970553346059376,NA,NA,NA,NA,NA,0.137,0.047,0.13756728668296098,0.03662037598801674,platt_vol_vegas,platt,0.16928592233827502,0.04302382928582402,NA,NA,NA,2026-09-27 20:20:00,2026-09-24 15:09:01,2026-09-24 15:08:50,live
QB,00-0035289,Gardner Minshew,ARI,SF,2026_03_ARI_SF,2026,3,NA,NA,20,25,2.38670674283861,-2.453354277423536,-15.749941325871632,10.84323277102456,-19.220122534133452,14.31341397928638,NA,NA,NA,NA,NA,0.12,0.0395,0.13756728668296098,0.03601875841779032,platt_vol_vegas,platt,0.16655645234330543,0.03601875841779032,NA,NA,NA,2026-09-27 16:05:00,2026-09-24 15:09:01,2026-09-24 15:08:50,live
QB,00-0035993,Tyler Huntley,BAL,DAL,2026_03_BAL_DAL,2026,3,NA,NA,20,25,2.359473646451113,3.7924653574559946,-9.5041216909921,17.08905240590409,-12.974302899253921,20.559233614165912,NA,NA,NA,NA,NA,0.331,0.1645,0.13756728668296098,0.03662037598801674,platt_vol_vegas,platt,0.4283921587287872,0.1554646674957078,NA,NA,NA,2026-09-27 16:25:00,2026-09-24 15:09:01,2026-09-24 15:08:50,live
QB,00-0036212,Tua Tagovailoa,ATL,GB,2026_03_ATL_GB,2026,3,NA,Full Participation in Practice,20,25,1.590128454188496,-0.2869580881249678,-13.583545136573065,13.009628960323129,-17.053726344834885,16.479810168584947,NA,NA,NA,NA,NA,0.19,0.0745,0.13756728668296098,0.03662037598801674,platt_vol_vegas,platt,0.1578651319761062,0.06893692401370446,NA,NA,NA,2026-09-24 20:15:00,2026-09-24 15:09:01,2026-09-24 15:08:50,live
QB,00-0036879,Sam Ehlinger,DEN,LA,2026_03_LA_DEN,2026,3,NA,NA,20,25,2.3947606045524577,-1.943753659109403,-15.2403407075575,11.352833389338691,-18.71052191581932,14.823014597600514,NA,NA,NA,NA,NA,0.1565,0.059,0.13756728668296098,0.03662037598801674,platt_vol_vegas,platt,0.17922821744722847,0.05429112913080006,NA,NA,NA,2026-09-27 20:20:00,2026-09-24 15:09:01,2026-09-24 15:08:50,live
QB,00-0036898,Davis Mills,HOU,IND,2026_03_HOU_IND,2026,3,NA,NA,20,25,1.8947995998532852,-2.1509133810331273,-15.447500429481224,11.145673667414968,-18.917681637743044,14.615854875676789,NA,NA,NA,NA,NA,0.187,0.0645,0.13756728668296098,0.03662037598801674,platt_vol_vegas,platt,0.18593896916786837,0.05947693713204913,NA,NA,NA,2026-09-27 13:00:00,2026-09-24 15:09:01,2026-09-24 15:08:50,live
QB,00-0036945,Justin Fields,KC,MIA,2026_03_KC_MIA,2026,3,NA,NA,20,25,5.334027184088416,4.499552411465082,-8.797034636983014,17.796139459913178,-12.267215845244834,21.266320668175,NA,NA,NA,NA,NA,0.436,0.231,0.13756728668296098,0.03662037598801674,platt_vol_vegas,platt,0.5132262665652788,0.2205956875970431,NA,NA,NA,2026-09-27 13:00:00,2026-09-24 15:09:01,2026-09-24 15:08:50,live
QB,00-0036972,Mac Jones,SF,ARI,2026_03_ARI_SF,2026,3,NA,NA,20,25,2.722974756215185,6.091382201499322,-7.2052048469487735,19.387969249947417,-10.675386055210597,22.85815045820924,NA,NA,NA,NA,NA,0.3875,0.2105,0.13756728668296098,0.03662037598801674,platt_vol_vegas,platt,0.43714439539548783,0.20042835951572952,NA,NA,NA,2026-09-27 16:05:00,2026-09-24 15:09:01,2026-09-24 15:08:50,live
QB,00-0037012,Trey Lance,LAC,BUF,2026_03_LAC_BUF,2026,3,NA,NA,20,25,2.527631120591575,-3.7523818431014218,-17.048968891549517,9.544205205346676,-20.519150099811338,13.014386413608497,NA,NA,NA,NA,NA,0.144,0.048,0.13756728668296098,0.03662037598801674,platt_vol_vegas,platt,0.22207800415557832,0.04396011078582612,NA,NA,NA,2026-09-27 13:00:00,2026-09-24 15:09:01,2026-09-24 15:08:50,live
QB,00-0037013,Zach Wilson,NO,LV,2026_03_LV_NO,2026,3,NA,NA,20,25,2.499376120531166,-0.5391219298073141,-13.83570897825541,12.757465118640782,-17.30589018651723,16.2276463269026,NA,NA,NA,NA,NA,0.1855,0.07,0.13756728668296098,0.03662037598801674,platt_vol_vegas,platt,0.21655639644622815,0.06467513260725245,NA,NA,NA,2026-09-27 16:25:00,2026-09-24 15:09:01,2026-09-24 15:08:50,live
QB,00-0037077,Sam Howell,DAL,BAL,2026_03_BAL_DAL,2026,3,NA,NA,20,25,2.451515125310913,-1.471721951691089,-14.768309000139183,11.824865096757009,-18.238490208401004,15.295046305018827,NA,NA,NA,NA,NA,0.171,0.0615,0.13756728668296098,0.03662037598801674,platt_vol_vegas,platt,0.2806776865995083,0.05664672978583869,NA,NA,NA,2026-09-27 16:25:00,2026-09-24 15:09:01,2026-09-24 15:08:50,live
QB,00-0038400,Tanner McKee,PHI,CHI,2026_03_PHI_CHI,2026,3,NA,NA,20,25,2.3928664306170733,-2.160943294147918,-15.457530342596014,11.135643754300178,-18.927711550857836,14.605824962561998,NA,NA,NA,NA,NA,0.162,0.0595,0.13756728668296098,0.03662037598801674,platt_vol_vegas,platt,0.19085346690636665,0.05476203379181058,NA,NA,NA,2026-09-28 20:15:00,2026-09-24 15:09:01,2026-09-24 15:08:50,live
QB,00-0038476,Tommy DeVito,NE,JAX,2026_03_NE_JAX,2026,3,NA,NA,20,25,2.3603208898734,-4.87375139124908,-18.170338439697176,8.422835657199016,-21.640519647958996,11.893016865460837,NA,NA,NA,NA,NA,0.1235,0.044,0.13756728668296098,0.03662037598801674,platt_vol_vegas,platt,0.1679252469309489,0.04021811088410216,NA,NA,NA,2026-09-27 13:00:00,2026-09-24 15:09:01,2026-09-24 15:08:50,live
QB,00-0038579,Aidan O'Connell,LV,NO,2026_03_LV_NO,2026,3,NA,Did Not Participate In Practice,20,25,2.4496209513755285,-2.827775719710166,-16.124362768158264,10.46881132873793,-19.594543976420084,13.93899253699975,NA,NA,NA,NA,NA,0.125,0.038,0.13756728668296098,0.03462157084051211,platt_vol_vegas,platt,0.15159587833854876,0.03462157084051211,NA,NA,NA,2026-09-27 16:25:00,2026-09-24 15:09:01,2026-09-24 15:08:50,live
QB,00-0039376,Spencer Rattler,NO,LV,2026_03_LV_NO,2026,3,NA,NA,20,25,2.7341790310870735,0.7220224005648617,-12.574564647883234,14.018609449012958,-16.044745856145056,17.488790657274777,NA,NA,NA,NA,NA,0.262,0.104,0.13756728668296098,0.03662037598801674,platt_vol_vegas,platt,0.2592045709923739,0.09704844501551772,NA,NA,NA,2026-09-27 16:25:00,2026-09-24 15:09:01,2026-09-24 15:08:50,live
QB,00-0039923,J.J. McCarthy,MIN,TB,2026_03_MIN_TB,2026,3,NA,NA,20,25,2.711859207014492,-0.058835811028543183,-13.35542285947664,13.237751237419552,-16.82560406773846,16.707932445681372,NA,NA,NA,NA,NA,0.235,0.095,0.13756728668296098,0.03662037598801674,platt_vol_vegas,platt,0.221377359926254,0.08844228977652756,NA,NA,NA,2026-09-27 16:05:00,2026-09-24 15:09:01,2026-09-24 15:08:50,live
QB,00-0040203,Will Howard,PIT,CIN,2026_03_CIN_PIT,2026,3,NA,NA,20,25,2.36118765487733,-1.7851577669135978,-15.081744815361692,11.5114292815345,-18.551926023623516,14.98161048979632,NA,NA,NA,NA,NA,0.1365,0.0425,0.13756728668296098,0.03662037598801674,platt_vol_vegas,platt,0.1464061357664876,0.0388170643044223,NA,NA,NA,2026-09-27 13:00:00,2026-09-24 15:09:01,2026-09-24 15:08:50,live
QB,00-0040206,Riley Leonard,IND,HOU,2026_03_HOU_IND,2026,3,NA,NA,20,25,2.3928664306170733,-3.4707241590283138,-16.76731120747641,9.82586288941978,-20.23749241573823,13.296044097681602,NA,NA,NA,NA,NA,0.137,0.05,0.13756728668296098,0.03662037598801674,platt_vol_vegas,platt,0.15326127184126703,0.04583418817633102,NA,NA,NA,2026-09-27 13:00:00,2026-09-24 15:09:01,2026-09-24 15:08:50,live
QB,00-0040234,Quinn Ewers,JAX,NE,2026_03_NE_JAX,2026,3,NA,NA,20,25,2.383645055351765,-0.5680159259277219,-13.864602974375815,12.728571122520377,-17.334784182637637,16.198752330782195,NA,NA,NA,NA,NA,0.181,0.0645,0.13756728668296098,0.03662037598801674,platt_vol_vegas,platt,0.2360404308125444,0.05947693713204913,NA,NA,NA,2026-09-27 13:00:00,2026-09-24 15:09:01,2026-09-24 15:08:50,live
QB,00-0040589,Kurtis Rourke,SF,ARI,2026_03_ARI_SF,2026,3,NA,NA,20,25,2.3947606045524577,4.493370445441975,-8.80321660300612,17.78995749389007,-12.27339781126794,21.26013870215189,NA,NA,NA,NA,NA,0.324,0.149,0.13756728668296098,0.03662037598801674,platt_vol_vegas,platt,0.39698933809479825,0.14041354320276644,NA,NA,NA,2026-09-27 16:05:00,2026-09-24 15:09:01,2026-09-24 15:08:50,live
QB,00-0040668,Shedeur Sanders,CLE,CAR,2026_03_CAR_CLE,2026,3,NA,NA,20,25,2.4290817351333245,-0.7679098241761801,-14.064496872624275,12.528677224271917,-17.534678080886096,15.998858432533735,NA,NA,NA,NA,NA,0.1975,0.0805,0.13756728668296098,0.03662037598801674,platt_vol_vegas,platt,0.1794610341893949,0.07463090827948649,NA,NA,NA,2026-09-27 13:00:00,2026-09-24 15:09:01,2026-09-24 15:08:50,live
QB,00-0040673,Jalen Milroe,SEA,WAS,2026_03_SEA_WAS,2026,3,NA,NA,20,25,2.4496209513755285,0.7361843543659691,-12.560402694082129,14.032771402814063,-16.03058390234395,17.502952611075884,NA,NA,NA,NA,NA,0.225,0.093,0.13756728668296098,0.03662037598801674,platt_vol_vegas,platt,0.23546852550881409,0.08653319677419186,NA,NA,NA,2026-09-27 13:00:00,2026-09-24 15:09:01,2026-09-24 15:08:50,live
QB,00-0040891,Cole Payton,PHI,CHI,2026_03_PHI_CHI,2026,3,NA,NA,20,25,2.4496209513755285,-3.262578588365608,-16.559165636813702,10.034008460082488,-20.029346845075523,13.504189668344308,NA,NA,NA,NA,NA,0.1455,0.0505,0.13756728668296098,0.03662037598801674,platt_vol_vegas,platt,0.1824719860485032,0.04630301747893421,NA,NA,NA,2026-09-28 20:15:00,2026-09-24 15:09:01,2026-09-24 15:08:50,live
QB,00-0040906,Garrett Nussmeier,KC,MIA,2026_03_KC_MIA,2026,3,NA,NA,20,25,2.3501167117754735,4.286626983013322,-9.009960065434774,17.583214031461416,-12.480141273696594,21.053395239723237,NA,NA,NA,NA,NA,0.323,0.1475,0.13756728668296098,0.03662037598801674,platt_vol_vegas,platt,0.3842025839393965,0.13895987923872466,NA,NA,NA,2026-09-27 13:00:00,2026-09-24 15:09:01,2026-09-24 15:08:50,live
QB,00-0040981,Joe Fagnano,BAL,DAL,2026_03_BAL_DAL,2026,3,NA,NA,20,25,2.359473646451113,3.7924653574559946,-9.5041216909921,17.08905240590409,-12.974302899253921,20.559233614165912,NA,NA,NA,NA,NA,0.298,0.134,0.13756728668296098,0.03662037598801674,platt_vol_vegas,platt,0.4105268867099568,0.1259009697076538,NA,NA,NA,2026-09-27 16:25:00,2026-09-24 15:09:01,2026-09-24 15:08:50,live
QB,00-0041056,Cade Klubnik,NYJ,DET,2026_03_NYJ_DET,2026,3,NA,NA,20,25,2.3780409954795876,-3.6396741922578832,-16.936261240705978,9.656912856190212,-20.4064424489678,13.127094064452033,NA,NA,NA,NA,NA,0.1045,0.031,0.13756728668296098,0.02812011314917865,platt_vol_vegas,platt,0.16287091265408246,0.02812011314917865,NA,NA,NA,2026-09-27 13:00:00,2026-09-24 15:09:01,2026-09-24 15:08:50,live
QB,00-0041092,Taylen Green,CLE,CAR,2026_03_CAR_CLE,2026,3,NA,NA,20,25,2.4126506764723996,-0.7119888423657049,-14.0085758908138,12.584598206082392,-17.478757099075622,16.05477941434421,NA,NA,NA,NA,NA,0.173,0.0705,0.13756728668296098,0.03662037598801674,platt_vol_vegas,platt,0.16805574708176435,0.06514828512648162,NA,NA,NA,2026-09-27 13:00:00,2026-09-24 15:09:01,2026-09-24 15:08:50,live
QB,00-0041123,Behren Morton,NE,JAX,2026_03_NE_JAX,2026,3,NA,NA,20,25,2.3928664306170733,-3.783276256403039,-17.079863304851134,9.513310792045058,-20.550044513112955,12.983492000306878,NA,NA,NA,NA,NA,0.111,0.034,0.13756728668296098,0.03090251704072326,platt_vol_vegas,platt,0.1604205665989769,0.03090251704072326,NA,NA,NA,2026-09-27 13:00:00,2026-09-24 15:09:01,2026-09-24 15:08:50,live
QB,00-0041149,Haynes King,CAR,CLE,2026_03_CAR_CLE,2026,3,NA,NA,20,25,2.368927336057654,-4.130064011710031,-17.42665106015813,9.166523036738065,-20.89683226841995,12.636704244999883,NA,NA,NA,NA,NA,0.1195,0.0305,0.13756728668296098,0.02765698759418315,platt_vol_vegas,platt,0.16277809915141922,0.02765698759418315,NA,NA,NA,2026-09-27 13:00:00,2026-09-24 15:09:01,2026-09-24 15:08:50,live
QB,00-0041561,Carson Beck,ARI,SF,2026_03_ARI_SF,2026,3,NA,NA,20,25,2.443461263597065,-2.2263067522105615,-15.522893800658656,11.070280296237534,-18.99307500892048,14.540461504499357,NA,NA,NA,NA,NA,0.1335,0.0465,0.13756728668296098,0.03662037598801674,platt_vol_vegas,platt,0.1756393004111453,0.0425558812929124,NA,NA,NA,2026-09-27 16:05:00,2026-09-24 15:09:01,2026-09-24 15:08:50,live
QB,00-0041562,Fernando Mendoza,LV,NO,2026_03_LV_NO,2026,3,NA,NA,20,25,2.527631120591575,-2.48401851586116,-15.780605564309257,10.812568532586935,-19.250786772571075,14.282749740848756,NA,NA,NA,NA,NA,0.1335,0.0395,0.13756728668296098,0.03601875841779032,platt_vol_vegas,platt,0.1573238578886697,0.03601875841779032,NA,NA,NA,2026-09-27 16:25:00,2026-09-24 15:09:01,2026-09-24 15:08:50,live
QB,00-0041565,Drew Allar,PIT,CIN,2026_03_CIN_PIT,2026,3,NA,NA,20,25,2.389111938581444,-2.140943461847132,-15.437530510295227,11.155643586600965,-18.90771171855705,14.625824794862783,NA,NA,NA,NA,NA,0.139,0.0405,0.13756728668296098,0.03662037598801674,platt_vol_vegas,platt,0.14801671433768324,0.03695095393465202,NA,NA,NA,2026-09-27 13:00:00,2026-09-24 15:09:01,2026-09-24 15:08:50,live
QB,00-0041568,Ty Simpson,LA,DEN,2026_03_LA_DEN,2026,3,NA,NA,20,25,2.536299817246209,-2.4333002498854337,-15.72988729833353,10.863286798562662,-19.20006850659535,14.333468006824482,NA,NA,NA,NA,NA,0.166,0.0555,0.13756728668296098,0.03662037598801674,platt_vol_vegas,platt,0.2140494742530679,0.05099788810434007,NA,NA,NA,2026-09-27 20:20:00,2026-09-24 15:09:01,2026-09-24 15:08:50,live
QB,00-0041194,Jack Strand,ATL,GB,2026_03_ATL_GB,2026,3,NA,NA,20,25,2.2864701771500773,-4.7348801052598946,-18.03146715370799,8.561706943188202,-21.50164836196981,12.031888151450024,NA,NA,NA,NA,NA,0.1215,0.037,0.1348462879936069,0.0336908668266799,platt_vol_vegas,platt,0.1348462879936069,0.0336908668266799,NA,NA,NA,2026-09-24 20:15:00,2026-09-24 15:09:01,2026-09-24 15:08:50,live
QB,00-0040398,Brady Cook,MIA,KC,2026_03_KC_MIA,2026,3,NA,NA,20,25,2.3252526726979976,-5.65378782841972,-18.950374876867816,7.642799220028376,-22.420556085129636,11.112980428290196,NA,NA,NA,NA,NA,0.103,0.027,0.13188218327926787,0.02442028035599047,platt_vol_vegas,platt,0.13188218327926787,0.02442028035599047,NA,NA,NA,2026-09-27 13:00:00,2026-09-24 15:09:01,2026-09-24 15:08:50,live
QB,00-0038102,Kenny Pickett,CAR,CLE,2026_03_CAR_CLE,2026,3,NA,NA,20,25,1.1594193297520947,-4.542289574157047,-17.83887662260514,8.75429747429105,-21.30905783086696,12.22447868255287,NA,NA,NA,NA,NA,0.0885,0.024,0.1281858063562123,0.02165366372155467,platt_vol_vegas,platt,0.1281858063562123,0.02165366372155467,NA,NA,NA,2026-09-27 13:00:00,2026-09-24 15:09:01,2026-09-24 15:08:50,live
QB,00-0040014,Kyle McCord,MIA,KC,2026_03_KC_MIA,2026,3,NA,NA,20,25,2.368816670918668,-5.206393882409428,-18.502980930857525,8.090193166038668,-21.973162139119346,11.560374374300489,NA,NA,NA,NA,NA,0.0935,0.0325,0.12658090473352418,0.02951054563355397,platt_vol_vegas,platt,0.12658090473352418,0.02951054563355397,NA,NA,NA,2026-09-27 13:00:00,2026-09-24 15:09:01,2026-09-24 15:08:50,live
QB,00-0028986,Case Keenum,CHI,PHI,2026_03_PHI_CHI,2026,3,NA,NA,20,25,2.3175711710318003,-4.086827195670462,-17.38341424411856,9.209759852777632,-20.85359545238038,12.679941061039454,NA,NA,NA,NA,NA,0.102,0.031,0.1172647894027928,0.02812011314917865,platt_vol_vegas,platt,0.1172647894027928,0.02812011314917865,NA,NA,NA,2026-09-28 20:15:00,2026-09-24 15:09:01,2026-09-24 15:08:50,live
QB,00-0033869,Mitchell Trubisky,TEN,NYG,2026_03_TEN_NYG,2026,3,NA,NA,20,25,2.58549368409346,-3.044210216954154,-16.34079726540225,10.252376831493942,-19.810978473664072,13.722558039755762,NA,NA,NA,NA,NA,0.122,0.034,0.11378116562726642,0.03090251704072326,platt_vol_vegas,platt,0.11378116562726642,0.03090251704072326,NA,NA,NA,2026-09-27 13:00:00,2026-09-24 15:09:01,2026-09-24 15:08:50,live
QB,00-0041117,Athan Kaliakmanis,WAS,SEA,2026_03_SEA_WAS,2026,3,NA,NA,20,25,2.3121529989405896,-6.464510956521953,-19.761098004970048,6.832076091926143,-23.23127921323187,10.302257300187964,NA,NA,NA,NA,NA,0.0815,0.0205,0.09287783349157291,0.01843594662668954,platt_vol_vegas,platt,0.09287783349157291,0.01843594662668954,NA,NA,NA,2026-09-27 13:00:00,2026-09-24 15:09:01,2026-09-24 15:08:50,live
QB,00-0034771,Mason Rudolph,PIT,CIN,2026_03_CIN_PIT,2026,3,NA,NA,20,25,1.776359253711503,-4.192152686424508,-17.488739734872603,9.10443436202359,-20.958920943134423,12.57461557028541,NA,NA,NA,NA,NA,0.094,0.025,0.05688176419623761,0,platt_vol_vegas,platt,0.1168817641962376,0.02257503433461274,role_change_down,0.6,Mason Rudolph listed as Steelers' QB2 on Week 1 depth chart,2026-09-27 13:00:00,2026-09-24 15:09:01,2026-09-24 15:08:50,live
QB,00-0033662,Cooper Rush,ATL,GB,2026_03_ATL_GB,2026,3,NA,NA,20,25,1.638036298938128,-3.375676820691676,-16.672263869139773,9.92091022775642,-20.142445077401593,13.39109143601824,NA,NA,NA,NA,NA,0.115,0.0335,0.04928992582735114,0,platt_vol_vegas,platt,0.12428992582735116,0.03043835898019097,role_change_down,0.75,"Strand's poor relief performance suggests both backup QBs are unreliable, reinforcing that Rush (the starter) remains at risk of benching and has diminished fantasy value in an unstable QB situation.",2026-09-24 20:15:00,2026-09-24 15:09:01,2026-09-24 15:08:50,live
RB,00-0039139,Jahmyr Gibbs,DET,NYJ,2026_03_NYJ_DET,2026,3,NA,NA,15,20,21.562677268933676,NA,NA,NA,NA,NA,21.41765351305093,11.37714777382715,33.46581168919009,9.993563292389611,39.560086385392935,0.6944246079875933,0.44594697828110785,0.7021276595744681,0.510070830201546,strat_iso,platt_vol_vegas,0.7021276595744681,0.510070830201546,NA,NA,NA,2026-09-27 13:00:00,2026-09-24 15:09:01,2026-09-24 15:08:50,live
RB,00-0036223,Jonathan Taylor,IND,HOU,2026_03_HOU_IND,2026,3,NA,Limited Participation in Practice,15,20,24.75097947677631,NA,NA,NA,NA,NA,20.265551851235603,9.194617668241747,33.550178109977004,7.6690398608642045,40.26989082237296,0.6056569760238382,0.40061323734790033,0.6534653465346535,0.461541487315206,strat_iso,platt_vol_vegas,0.6534653465346535,0.461541487315206,NA,NA,NA,2026-09-27 13:00:00,2026-09-24 15:09:01,2026-09-24 15:08:50,live
RB,00-0032764,Derrick Henry,BAL,DAL,2026_03_BAL_DAL,2026,3,NA,NA,15,20,19.196708654526567,NA,NA,NA,NA,NA,18.653711872879924,9.406813488641,29.74957668940749,8.132588321288832,35.362156404518814,0.561971832389809,0.33502254783917385,0.548922056384743,0.4051391110890852,strat_iso,platt_vol_vegas,0.548922056384743,0.4051391110890852,NA,NA,NA,2026-09-27 16:25:00,2026-09-24 15:09:01,2026-09-24 15:08:50,live
RB,00-0037248,James Cook,BUF,LAC,2026_03_LAC_BUF,2026,3,NA,NA,15,20,20.80451426542949,NA,NA,NA,NA,NA,17.70095353277075,7.911854807137912,29.44743452799845,6.562914282047128,35.38911298640524,0.4980548248414185,0.3004965767594223,0.548922056384743,0.3979159401010527,strat_iso,platt_vol_vegas,0.548922056384743,0.3979159401010527,NA,NA,NA,2026-09-27 13:00:00,2026-09-24 15:09:01,2026-09-24 15:08:50,live
RB,00-0038542,Bijan Robinson,ATL,GB,2026_03_ATL_GB,2026,3,NA,NA,15,20,18.637724218003857,NA,NA,NA,NA,NA,18.332468532222407,9.277145383831147,29.198451627243955,8.029319337223576,34.69475113271558,0.5472549525200476,0.3201097936166696,0.548922056384743,0.28248423284742674,strat_iso,platt_vol_vegas,0.548922056384743,0.28248423284742674,NA,NA,NA,2026-09-24 20:15:00,2026-09-24 15:09:01,2026-09-24 15:08:50,live
RB,00-0039040,De'Von Achane,MIA,KC,2026_03_KC_MIA,2026,3,NA,NA,15,20,22.377157720601843,NA,NA,NA,NA,NA,19.33260739312863,9.02487413213185,31.70142665297807,7.604465623923058,37.9579001433819,0.5756473607596813,0.3662927104040723,0.548922056384743,0.3255649954120249,strat_iso,platt_vol_vegas,0.548922056384743,0.3255649954120249,NA,NA,NA,2026-09-27 13:00:00,2026-09-24 15:09:01,2026-09-24 15:08:50,live
RB,00-0036275,D'Andre Swift,CHI,PHI,2026_03_PHI_CHI,2026,3,NA,NA,15,20,17.857225453145677,NA,NA,NA,NA,NA,15.808513334142877,7.023512873302018,26.35012128484444,5.812937368170072,31.682343326756417,0.42693268456735745,0.22823185912681565,0.5240274599542334,0.2040943995409024,strat_iso,platt_vol_vegas,0.5240274599542334,0.2040943995409024,NA,NA,NA,2026-09-28 20:15:00,2026-09-24 15:09:01,2026-09-24 15:08:50,live
RB,00-0036555,Chuba Hubbard,CAR,CLE,2026_03_CAR_CLE,2026,3,NA,NA,15,20,17.09491551118682,NA,NA,NA,NA,NA,14.640359743914813,6.12272861986156,24.8611364392263,4.9489966836493,30.031073609634262,0.3750045236824251,0.1908720050263245,0.5211702127659574,0.2925926402491677,strat_iso,platt_vol_vegas,0.43617021276595747,0.20759264024916768,role_change_up,0.85,"Blurb explicitly establishes Hubbard as the lead back over Jonathon Brooks with significant touch advantage, indicating a role solidification despite Brooks' injury.",2026-09-27 13:00:00,2026-09-24 15:09:01,2026-09-24 15:08:50,live
RB,00-0033280,Christian McCaffrey,SF,ARI,2026_03_ARI_SF,2026,3,NA,Did Not Participate In Practice,15,20,16.059632018184498,NA,NA,NA,NA,NA,15.43076616347908,7.281890475819159,25.209052814825753,6.158973141230639,30.15516690465721,0.4117818554631425,0.20333366805972808,0.5185185185185185,0.23821145817099112,strat_iso,platt_vol_vegas,0.5185185185185185,0.23821145817099112,NA,NA,NA,2026-09-27 16:05:00,2026-09-24 15:09:01,2026-09-24 15:08:50,live
RB,00-0040122,Ashton Jeanty,LV,NO,2026_03_LV_NO,2026,3,NA,NA,15,20,21.11926567978609,NA,NA,NA,NA,NA,15.551778988487772,5.657989714313535,27.423883963336948,4.2946228025369475,33.42910632854267,0.4129066998991572,0.23642828243749417,0.5185185185185185,0.26657678968249937,strat_iso,platt_vol_vegas,0.5185185185185185,0.26657678968249937,NA,NA,NA,2026-09-27 16:25:00,2026-09-24 15:09:01,2026-09-24 15:08:50,live
RB,00-0037228,Jaylen Warren,PIT,CIN,2026_03_CIN_PIT,2026,3,NA,Limited Participation in Practice,15,20,16.818399867700723,NA,NA,NA,NA,NA,13.504725720394426,5.084932906077158,23.608100816423885,3.92468311613886,28.718653175864212,0.3226466739230247,0.16823204484319254,0.4714705882352941,0.2559081221631301,strat_iso,platt_vol_vegas,0.3764705882352941,0.16090812216313005,role_change_up,0.95,Dowdle's likely absence elevates Warren to a clear lead role in the backfield.,2026-09-27 13:00:00,2026-09-24 15:09:01,2026-09-24 15:08:50,live
RB,00-0037840,Kyren Williams,LA,DEN,2026_03_LA_DEN,2026,3,NA,NA,15,20,15.845806042945046,NA,NA,NA,NA,NA,14.073031474308594,6.001171063174869,23.758903235642123,4.888866455096629,28.658271448010343,0.34691767312488486,0.17414786163528018,0.4676530612244898,0.27388718789289745,strat_iso,platt_vol_vegas,0.3826530612244898,0.18888718789289743,role_change_up,0.85,"Ronnie Rivers' IR placement removes a backup RB, increasing opportunity share for the Rams' lead back Kyren Williams.",2026-09-27 20:20:00,2026-09-24 15:09:01,2026-09-24 15:08:50,live
RB,00-0038134,Kenneth Walker III,KC,MIA,2026_03_KC_MIA,2026,3,NA,NA,15,20,20.08297508679169,NA,NA,NA,NA,NA,17.91895104649926,8.371607526103038,29.375336599500667,7.055980935485238,35.170277167584544,0.5134547959556871,0.3070279221720994,0.463922056384743,0.28956373106289995,strat_iso,platt_vol_vegas,0.548922056384743,0.3745637310629,role_change_down,0.85,"Coach Reid explicitly stated Johnson will take workload away from Kenneth Walker, indicating a reduced role and opportunity for the starter.",2026-09-27 13:00:00,2026-09-24 15:09:01,2026-09-24 15:08:50,live
RB,00-0040784,Quinshon Judkins,CLE,CAR,2026_03_CAR_CLE,2026,3,NA,NA,15,20,19.54357818852403,NA,NA,NA,NA,NA,14.30924832086428,4.94428901722104,25.54678096452598,3.6537950223621127,31.231019985694513,0.3628068675782093,0.1943075038139387,0.43617021276595747,0.21351366150236484,strat_iso,platt_vol_vegas,0.43617021276595747,0.21351366150236484,NA,NA,NA,2026-09-27 13:00:00,2026-09-24 15:09:01,2026-09-24 15:08:50,live
RB,00-0033293,Aaron Jones,MIN,TB,2026_03_MIN_TB,2026,3,NA,Did Not Participate In Practice,15,20,17.356752948346294,NA,NA,NA,NA,NA,13.647567855185168,5.03771643486494,23.979004784685294,3.851276516196169,29.204916806620965,0.33057990161964923,0.1735851081107056,0.3826530612244898,0.19416047599933897,strat_iso,platt_vol_vegas,0.3826530612244898,0.19416047599933897,NA,NA,NA,2026-09-27 16:05:00,2026-09-24 15:09:01,2026-09-24 15:08:50,live
RB,00-0036997,Javonte Williams,DAL,BAL,2026_03_BAL_DAL,2026,3,NA,NA,15,20,18.90840582409718,NA,NA,NA,NA,NA,13.972752367457568,4.824455026099162,24.950300339016263,3.5638171098602633,30.50303228786433,0.3479044033567754,0.1861593481944379,0.3826530612244898,0.23223383091197936,strat_iso,platt_vol_vegas,0.3826530612244898,0.23223383091197936,NA,NA,NA,2026-09-27 16:25:00,2026-09-24 15:09:01,2026-09-24 15:08:50,live
RB,00-0040666,Omarion Hampton,LAC,BUF,2026_03_LAC_BUF,2026,3,NA,NA,15,20,18.54910260682432,NA,NA,NA,NA,NA,13.528732133829113,4.5039342611181805,24.35808626221105,3.260314605983293,29.83585787476524,0.3282803168261291,0.1768899301232855,0.3826530612244898,0.1882268488195696,strat_iso,platt_vol_vegas,0.3826530612244898,0.1882268488195696,NA,NA,NA,2026-09-27 13:00:00,2026-09-24 15:09:01,2026-09-24 15:08:50,live
RB,00-0040734,TreVeyon Henderson,NE,JAX,2026_03_NE_JAX,2026,3,NA,NA,15,20,16.42406754866859,NA,NA,NA,NA,NA,13.679062550512253,5.399610370938754,23.614035156682327,4.258699559473227,28.639405115815187,0.32962669344344997,0.1695027356208384,0.3826530612244898,0.1710101099857343,strat_iso,platt_vol_vegas,0.3826530612244898,0.1710101099857343,NA,NA,NA,2026-09-27 13:00:00,2026-09-24 15:09:01,2026-09-24 15:08:50,live
RB,00-0038597,Chase Brown,CIN,PIT,2026_03_CIN_PIT,2026,3,NA,NA,15,20,20.588942154568016,NA,NA,NA,NA,NA,13.245128353047743,3.527998298504686,24.905250159252837,2.188975076292431,30.80324587273291,0.32148427956570413,0.18037745907549685,0.3764705882352941,0.2379321655244104,strat_iso,platt_vol_vegas,0.3764705882352941,0.2379321655244104,NA,NA,NA,2026-09-27 13:00:00,2026-09-24 15:09:01,2026-09-24 15:08:50,live
RB,00-0038120,Breece Hall,NYJ,DET,2026_03_NYJ_DET,2026,3,NA,NA,15,20,18.7020815356189,NA,NA,NA,NA,NA,12.527663426073842,3.4501992388001614,23.42021477826966,2.199322150880901,28.929953205695355,0.2892134526221044,0.15999291477811728,0.35537190082644626,0.1690091927702818,strat_iso,platt_vol_vegas,0.35537190082644626,0.1690091927702818,NA,NA,NA,2026-09-27 13:00:00,2026-09-24 15:09:01,2026-09-24 15:08:50,live
RB,00-0041512,Jadarian Price,SEA,WAS,2026_03_SEA_WAS,2026,3,NA,Limited Participation in Practice,15,20,14.541919283884235,NA,NA,NA,NA,NA,12.634325602070009,5.038870338889641,21.748532476440104,3.9922144926073546,26.35873758151874,0.27756881111879905,0.13665481406261215,0.34334763948497854,0.142279629246386,strat_iso,platt_vol_vegas,0.34334763948497854,0.142279629246386,NA,NA,NA,2026-09-27 13:00:00,2026-09-24 15:09:01,2026-09-24 15:08:50,live
RB,00-0033906,Alvin Kamara,NO,LV,2026_03_LV_NO,2026,3,NA,NA,15,20,14.652452781273292,NA,NA,NA,NA,NA,10.25432691692893,2.6180158831283755,19.417558890195902,1.5657301002995236,24.052562177313497,0.1921106540917754,0.09371692883775384,0.3361113490364026,0.20146289982388063,strat_iso,platt_vol_vegas,0.24411134903640255,0.10946289982388065,role_change_up,0.92,"Kamara returns from knee injury and Miller is healthy inactive, signaling increased opportunity for Kamara in the Saints backfield.",2026-09-27 16:25:00,2026-09-24 15:09:01,2026-09-24 15:08:50,live
RB,00-0040719,Bhayshul Tuten,JAX,NE,2026_03_NE_JAX,2026,3,NA,NA,15,20,15.00008339268659,NA,NA,NA,NA,NA,10.388390330284206,2.6241679192463323,19.70511023986724,1.5542559130835798,24.417751754570183,0.1964901460165144,0.09687129013300988,0.3291113490364026,0.2041735224350648,strat_iso,platt_vol_vegas,0.24411134903640255,0.11917352243506478,role_change_up,0.85,"Tuten is clearly ascending in the Jaguars backfield committee, outproducing Rodriguez across two games and receiving increased opportunity in the split.",2026-09-27 13:00:00,2026-09-24 15:09:01,2026-09-24 15:08:50,live
RB,00-0037263,Tyler Allgeier,ARI,SF,2026_03_ARI_SF,2026,3,NA,NA,15,20,14.379305089659573,NA,NA,NA,NA,NA,11.99038325737752,4.4551990323406425,21.032267579492498,3.4168485518657477,25.60589003901406,0.2513755944200198,0.12181270574634127,0.29375,0.10057236927672152,strat_iso,platt_vol_vegas,0.29375,0.10057236927672152,NA,NA,NA,2026-09-27 16:05:00,2026-09-24 15:09:01,2026-09-24 15:08:50,live
RB,00-0040715,Cam Skattebo,NYG,TEN,2026_03_TEN_NYG,2026,3,NA,NA,15,20,17.64160268532962,NA,NA,NA,NA,NA,11.579333161018097,2.869615807110529,22.030604747807224,1.6694143350375352,27.317132285323595,0.2533611974723232,0.13712209377718287,0.29375,0.15432807349217906,strat_iso,platt_vol_vegas,0.29375,0.15432807349217906,NA,NA,NA,2026-09-27 13:00:00,2026-09-24 15:09:01,2026-09-24 15:08:50,live
RB,00-0041027,Jeremiyah Love,ARI,SF,2026_03_ARI_SF,2026,3,NA,NA,15,20,15.577059407614565,NA,NA,NA,NA,NA,11.911433088160251,3.936800372238716,21.480635960351904,2.837893767583351,26.320989985776635,0.25498208459144744,0.1295630154715901,0.29375,0.11283931222204968,strat_iso,platt_vol_vegas,0.29375,0.11283931222204968,NA,NA,NA,2026-09-27 16:05:00,2026-09-24 15:09:01,2026-09-24 15:08:50,live
RB,00-0039361,Bucky Irving,TB,MIN,2026_03_MIN_TB,2026,3,NA,NA,15,20,19.221624500287295,NA,NA,NA,NA,NA,12.389537362915394,3.1341379761762145,23.49560300253285,1.8587413683168157,29.113342561757133,0.2863282410007455,0.1601364888271023,0.28337190082644625,0.11621904360750442,strat_iso,platt_vol_vegas,0.35537190082644626,0.1882190436075044,role_change_down,0.72,Tucker's return from hamstring injury will reduce Irving's snap share in a three-way RB rotation.,2026-09-27 16:05:00,2026-09-24 15:09:01,2026-09-24 15:08:50,live
RB,00-0040730,RJ Harvey,DEN,LA,2026_03_LA_DEN,2026,3,NA,Limited Participation in Practice,15,20,11.02684644850777,NA,NA,NA,NA,NA,11.03458512910835,4.791209635798566,18.526356704176685,3.930870757589962,22.315891442365302,0.18993275818411504,0.08055640866710057,0.272,0.14337019163606474,strat_iso,platt_vol_vegas,0.2,0.07137019163606476,role_change_up,0.72,"Harvey could see increased opportunity (more work than usual) if Jonah Coleman is ruled out, representing a potential role expansion.",2026-09-27 20:20:00,2026-09-24 15:09:01,2026-09-24 15:08:50,live
RB,00-0029892,Kyle Juszczyk,SF,ARI,2026_03_ARI_SF,2026,3,NA,NA,15,20,8.20792696142228,NA,NA,NA,NA,NA,13.125368683699705,8.060316599455764,19.203204827247596,7.362351014509587,22.27753390525115,0.26010104094196007,0.08704115349177521,0.2631578947368421,0.08257624524451478,strat_iso,platt_vol_vegas,0.2631578947368421,0.08257624524451478,NA,NA,NA,2026-09-27 16:05:00,2026-09-24 15:09:01,2026-09-24 15:08:50,live
RB,00-0034975,Justice Hill,BAL,DAL,2026_03_BAL_DAL,2026,3,NA,NA,15,20,8.642666551949345,NA,NA,NA,NA,NA,12.01962939247065,6.76595394977382,18.32380513657045,6.041996013608469,21.51262272644663,0.2013761020722392,0.0737176113686917,0.2608695652173913,0.07881712435196211,strat_iso,platt_vol_vegas,0.2608695652173913,0.07881712435196211,NA,NA,NA,2026-09-27 16:25:00,2026-09-24 15:09:01,2026-09-24 15:08:50,live
RB,00-0036158,J.K. Dobbins,DEN,LA,2026_03_LA_DEN,2026,3,NA,Limited Participation in Practice,15,20,15.010613051481585,NA,NA,NA,NA,NA,9.172622630519074,1.4045393822395127,18.493975372251036,0.3340953516318077,23.208960295076963,0.17161716020229556,0.08402938023769624,0.25448717948717947,0.16760997183157372,strat_iso,platt_vol_vegas,0.1794871794871795,0.09260997183157373,role_change_up,0.75,"Blurb indicates Dobbins primed for increased workload if Harvey and/or Coleman are unavailable, implying material opportunity change in Week 3.",2026-09-27 20:20:00,2026-09-24 15:09:01,2026-09-24 15:08:50,live
RB,00-0035261,Tony Pollard,TEN,NYG,2026_03_TEN_NYG,2026,3,NA,Did Not Participate In Practice,15,20,16.82411464137227,NA,NA,NA,NA,NA,10.601044789052455,2.1792252181689644,20.706851902385488,1.0186961406125423,25.81863444002378,0.2147673952372241,0.11336391258312462,0.24411134903640255,0.11376007474761364,strat_iso,platt_vol_vegas,0.24411134903640255,0.11376007474761364,NA,NA,NA,2026-09-27 13:00:00,2026-09-24 15:09:01,2026-09-24 15:08:50,live
RB,00-0035685,David Montgomery,HOU,IND,2026_03_HOU_IND,2026,3,NA,NA,15,20,15.21042565507463,NA,NA,NA,NA,NA,10.849518538740556,3.008320222068842,20.258606095025392,1.9278009147157196,25.017969590284455,0.21268595485464836,0.10525130745543698,0.24411134903640255,0.11899102406592628,strat_iso,platt_vol_vegas,0.24411134903640255,0.11899102406592628,NA,NA,NA,2026-09-27 13:00:00,2026-09-24 15:09:01,2026-09-24 15:08:50,live
RB,00-0037525,Jordan Mason,MIN,TB,2026_03_MIN_TB,2026,3,NA,NA,15,20,14.6828560948406,NA,NA,NA,NA,NA,11.021584666180203,3.3740516324661707,20.198282537831364,2.320219454930294,24.840097229861193,0.2153946994744722,0.10412832837933073,0.24411134903640255,0.11464936414236342,strat_iso,platt_vol_vegas,0.24411134903640255,0.11464936414236342,NA,NA,NA,2026-09-27 16:05:00,2026-09-24 15:09:01,2026-09-24 15:08:50,live
RB,00-0040583,Woody Marks,HOU,IND,2026_03_HOU_IND,2026,3,NA,NA,15,20,14.100021847220871,NA,NA,NA,NA,NA,10.269983391212472,2.8387783633220938,19.187097323589505,1.8147562451130776,23.69760764448384,0.1897149748510983,0.09098879485271504,0.24411134903640255,0.1001865624345362,strat_iso,platt_vol_vegas,0.24411134903640255,0.1001865624345362,NA,NA,NA,2026-09-27 13:00:00,2026-09-24 15:09:01,2026-09-24 15:08:50,live
RB,00-0038685,Chris Brooks,GB,ATL,2026_03_ATL_GB,2026,3,NA,NA,15,20,10.447636367726004,NA,NA,NA,NA,NA,11.450279344885235,5.441057728939659,18.66107673147028,4.612985320110573,22.30848734893221,0.19700670164727097,0.08164556436119852,0.21890547263681592,0.07719532324419338,strat_iso,platt_vol_vegas,0.21890547263681592,0.07719532324419338,NA,NA,NA,2026-09-24 20:15:00,2026-09-24 15:09:01,2026-09-24 15:08:50,live
RB,00-0038551,Kendre Miller,NO,LV,2026_03_LV_NO,2026,3,NA,NA,15,20,12.24667942487472,NA,NA,NA,NA,NA,7.930844218503507,1.2057050895314203,16.0007106263148,0.2789790484312755,20.082660907168552,0.12369290788201648,0.05101251731992273,0.2014822134387352,0.1351765364090975,strat_iso,platt_vol_vegas,0.12648221343873517,0.06017653640909748,role_change_up,0.75,"Miller saw significantly more touches than Donaldson in Week 1 despite Kamara/Estime absences, suggesting increased role opportunity in the Saints backfield.",2026-09-27 16:25:00,2026-09-24 15:09:01,2026-09-24 15:08:50,live
RB,00-0041052,Kaelon Black,SF,ARI,2026_03_ARI_SF,2026,3,NA,NA,15,20,13.265751818231733,NA,NA,NA,NA,NA,10.295300561205314,3.178349827872755,18.83532338416017,2.1976320387949624,23.15509112243587,0.18580629630563283,0.08651922179148541,0.2,0.10933084015891434,strat_iso,platt_vol_vegas,0.2,0.10933084015891434,NA,NA,NA,2026-09-27 16:05:00,2026-09-24 15:09:01,2026-09-24 15:08:50,live
RB,00-0034844,Saquon Barkley,PHI,CHI,2026_03_PHI_CHI,2026,3,NA,NA,15,20,15.383300822066534,NA,NA,NA,NA,NA,11.08834606303886,3.1841152701673288,20.573069773837553,2.094910070075164,25.37069202166551,0.22294180405030617,0.11154407176011204,0.19874235807860263,0.0545769175082821,strat_iso,platt_vol_vegas,0.27074235807860264,0.1265769175082821,role_change_down,0.72,"Barkley's shoulder injury caused him to miss snaps in Week 2, with Bigsby getting increased opportunity, and blurb suggests Barkley's status for Week 3 is uncertain.",2026-09-28 20:15:00,2026-09-24 15:09:01,2026-09-24 15:08:50,live
RB,00-0039299,George Holani,SEA,WAS,2026_03_SEA_WAS,2026,3,NA,Limited Participation in Practice,15,20,10.151393881880848,NA,NA,NA,NA,NA,8.757923143747611,2.8699199101749544,15.82326388874344,2.058551428127259,19.39709871833206,0.12226292145687943,0.04638321736741746,0.1984822134387352,0.1205258416088036,strat_iso,platt_vol_vegas,0.12648221343873517,0.04852584160880359,role_change_up,0.72,"Blurb explicitly notes Holani may see increased work if Price misses time due to chest injury, indicating a potential opportunity shift in the backfield.",2026-09-27 13:00:00,2026-09-24 15:09:01,2026-09-24 15:08:50,live
RB,00-0036973,Travis Etienne,NO,LV,2026_03_LV_NO,2026,3,NA,Limited Participation in Practice,15,20,15.745748763948976,NA,NA,NA,NA,NA,11.21529702843733,3.1795789350538524,20.85779962367336,2.0722547484066833,25.735230573293254,0.23005855239440887,0.11699700047851058,0.18574235807860265,0.05231121570667647,strat_iso,platt_vol_vegas,0.27074235807860264,0.13731121570667648,role_change_down,0.85,"Kamara's return as offensive focal point in Week 2 reduced Etienne's volume, signaling a potential committee backfield going forward.",2026-09-27 16:25:00,2026-09-24 15:09:01,2026-09-24 15:08:50,live
RB,00-0040242,Jacory Croskey-Merritt,WAS,SEA,2026_03_SEA_WAS,2026,3,NA,NA,15,20,14.453942586241698,NA,NA,NA,NA,NA,8.672723675227996,1.1098514006572548,17.747832419402666,0.06768549926121281,22.338260663816342,0.15785149747281935,0.07546887282969617,0.1794871794871795,0.06225552287477236,strat_iso,platt_vol_vegas,0.1794871794871795,0.06225552287477236,NA,NA,NA,2026-09-27 13:00:00,2026-09-24 15:09:01,2026-09-24 15:08:50,live
RB,00-0037256,Rachaad White,WAS,SEA,2026_03_SEA_WAS,2026,3,NA,NA,15,20,10.83177347201058,NA,NA,NA,NA,NA,10.496724095066558,4.331799825760156,17.89435770732172,3.4822715480232818,21.63627499259039,0.17475419780475498,0.07186412563196076,0.17857142857142858,0.04840236602617671,strat_iso,platt_vol_vegas,0.17857142857142858,0.04840236602617671,NA,NA,NA,2026-09-27 13:00:00,2026-09-24 15:09:01,2026-09-24 15:08:50,live
RB,00-0039811,MarShawn Lloyd,GB,ATL,2026_03_ATL_GB,2026,3,NA,NA,15,20,13.614306407000006,NA,NA,NA,NA,NA,9.531803348241146,2.2828774573742736,18.230190462257823,1.283973454908205,22.630063016364332,0.1709521562853884,0.07988794543502886,0.17647058823529413,0.09097080213077403,strat_iso,platt_vol_vegas,0.17647058823529413,0.09097080213077403,NA,NA,NA,2026-09-24 20:15:00,2026-09-24 15:09:01,2026-09-24 15:08:50,live
RB,00-0038555,Tank Bigsby,PHI,CHI,2026_03_PHI_CHI,2026,3,NA,NA,15,20,10.63430431425535,NA,NA,NA,NA,NA,7.84594945010086,1.7608607740677824,15.147783918286484,0.9223338632727957,18.84124348154607,0.10386697525913602,0.04327380397372549,0.17503030303030304,0.11891998540727595,strat_iso,platt_vol_vegas,0.10303030303030304,0.04691998540727598,role_change_up,0.72,"Backup RB Bigsby's opportunity could increase if Saquon Barkley's stinger status remains unclear or worsens, creating potential role expansion.",2026-09-28 20:15:00,2026-09-24 15:09:01,2026-09-24 15:08:50,live
RB,00-0038797,Emanuel Wilson,SEA,WAS,2026_03_SEA_WAS,2026,3,NA,NA,15,20,10.833724331906147,NA,NA,NA,NA,NA,7.8977161435311105,1.7320052810234603,15.296293632474864,0.8823686105248347,19.03868835535147,0.10765156534091946,0.04449287049360473,0.17503030303030304,0.12094673631468406,strat_iso,platt_vol_vegas,0.10303030303030304,0.04894673631468406,role_change_up,0.72,"Wilson significantly out-touched backup Jadarian Price (21 to 13 carries) in a blowout win, suggesting increased opportunity in the Seahawks' backfield rotation.",2026-09-27 13:00:00,2026-09-24 15:09:01,2026-09-24 15:08:50,live
RB,00-0036875,Rhamondre Stevenson,NE,JAX,2026_03_NE_JAX,2026,3,NA,NA,15,20,15.129758136352388,NA,NA,NA,NA,NA,10.47334367422189,2.6616291604840496,19.847051984619373,1.5851727293696918,24.588519728525412,0.19879670081967624,0.09838712373845417,0.17211134903640257,0.03329080188288401,strat_iso,platt_vol_vegas,0.24411134903640255,0.105290801882884,role_change_down,0.72,Henderson's return from injury and season debut will reduce Stevenson's backfield touches in a Patriots committee that was previously his to lead.,2026-09-27 13:00:00,2026-09-24 15:09:01,2026-09-24 15:08:50,live
RB,00-0037746,Brian Robinson,ATL,GB,2026_03_ATL_GB,2026,3,NA,Full Participation in Practice,15,20,11.57935341685282,NA,NA,NA,NA,NA,9.5158704828656,3.0524576397624923,17.271677044200807,2.161797553597064,21.194767609943653,0.15596233415558758,0.06522737736896245,0.15502183406113537,0.05532409999147789,strat_iso,platt_vol_vegas,0.15502183406113537,0.05532409999147789,NA,NA,NA,2026-09-24 20:15:00,2026-09-24 15:09:01,2026-09-24 15:08:50,live
RB,00-0036425,DeeJay Dallas,MIN,TB,2026_03_MIN_TB,2026,3,NA,Limited Participation in Practice,15,20,8.461167491780282,NA,NA,NA,NA,NA,7.196999729562295,2.0217280349814093,13.407094479792146,1.3085741570973033,16.548323433135426,0.0746451859468491,0.02644185009751398,0.15089147286821708,0.11297934083511604,strat_iso,platt_vol_vegas,0.06589147286821706,0.02797934083511603,role_change_up,0.85,"If Aaron Jones (knee) is sidelined in Week 3, Dallas is explicitly identified as primed for increased workload as the backup running back.",2026-09-27 16:05:00,2026-09-24 15:09:01,2026-09-24 15:08:50,live
RB,00-0036139,Rico Dowdle,PIT,CIN,2026_03_CIN_PIT,2026,3,NA,Did Not Participate In Practice,15,20,12.87882860714112,NA,NA,NA,NA,NA,8.354535569726881,1.385277981885693,16.717333218509474,0.42491234930518473,20.94745581113733,0.1392354991311845,0.06119891670265698,0.14106583072100312,0.05917877391700323,strat_iso,platt_vol_vegas,0.14106583072100312,0.05917877391700323,NA,NA,NA,2026-09-27 13:00:00,2026-09-24 15:09:01,2026-09-24 15:08:50,live
RB,00-0039032,Tyjae Spears,TEN,NYG,2026_03_TEN_NYG,2026,3,NA,Did Not Participate In Practice,15,20,10.64723869153632,NA,NA,NA,NA,NA,9.326888450698984,3.236557331698453,16.635013616160396,2.397308010805511,20.33165517924675,0.14274561763186067,0.05448589853231334,0.14106583072100312,0.04523057503340599,strat_iso,platt_vol_vegas,0.14106583072100312,0.04523057503340599,NA,NA,NA,2026-09-27 13:00:00,2026-09-24 15:09:01,2026-09-24 15:08:50,live
RB,00-0040142,Kaleb Johnson,GB,ATL,2026_03_ATL_GB,2026,3,NA,NA,15,20,12.110840156413124,NA,NA,NA,NA,NA,8.111485770274271,1.4392789237586978,16.11783580468529,0.5198469658926079,20.16765783642836,0.12667593450350667,0.0520699407914007,0.14106583072100312,0.06025728196415746,strat_iso,platt_vol_vegas,0.14106583072100312,0.06025728196415746,NA,NA,NA,2026-09-24 20:15:00,2026-09-24 15:09:01,2026-09-24 15:08:50,live
RB,00-0040236,Kyle Monangai,CHI,PHI,2026_03_PHI_CHI,2026,3,NA,NA,15,20,12.236233519589826,NA,NA,NA,NA,NA,8.258664125548448,1.5375893396200215,16.32365350334313,0.6114233661209019,20.403136854381696,0.13135788141383165,0.05494102830789915,0.14106583072100312,0.04926995524672626,strat_iso,platt_vol_vegas,0.14106583072100312,0.04926995524672626,NA,NA,NA,2026-09-28 20:15:00,2026-09-24 15:09:01,2026-09-24 15:08:50,live
RB,00-0041496,Jonah Coleman,DEN,LA,2026_03_LA_DEN,2026,3,NA,Did Not Participate In Practice,15,20,12.641500127517496,NA,NA,NA,NA,NA,7.505336513536988,0.6273097860073706,15.758661207059454,-0.3204842086662767,19.933409505010346,0.11756285623681216,0.04965802636449967,0.12648221343873517,0.05406956599514593,strat_iso,platt_vol_vegas,0.12648221343873517,0.05406956599514593,NA,NA,NA,2026-09-27 20:20:00,2026-09-24 15:09:01,2026-09-24 15:08:50,live
RB,00-0035537,Ty Johnson,BUF,LAC,2026_03_LAC_BUF,2026,3,NA,Full Participation in Practice,15,20,9.855535848016933,NA,NA,NA,NA,NA,8.798632131587329,3.0327238581994704,15.717464380794024,2.2381800955992723,19.21719136704151,0.1198127036521226,0.04520451961802307,0.11583011583011583,0.0578928208015174,strat_iso,platt_vol_vegas,0.11583011583011583,0.0578928208015174,NA,NA,NA,2026-09-27 13:00:00,2026-09-24 15:09:01,2026-09-24 15:08:50,live
RB,00-0036893,Najee Harris,NYG,TEN,2026_03_TEN_NYG,2026,3,NA,NA,15,20,10.273660564916929,NA,NA,NA,NA,NA,6.433679644095718,0.49552322055488673,13.559201975703662,-0.3227563850095718,17.1634782317,0.08001265827086201,0.03312752751821124,0.11,0.11,strat_iso,platt_vol_vegas,0.025,0.025,role_change_up,0.85,"Tyrone Tracy Jr. phased out of offense entirely while Najee Harris saw increased touches, suggesting a shift in backfield opportunity allocation.",2026-09-27 13:00:00,2026-09-24 15:09:01,2026-09-24 15:08:50,live
RB,00-0036919,Kenny Gainwell,TB,MIN,2026_03_MIN_TB,2026,3,NA,NA,15,20,10.456595023105782,NA,NA,NA,NA,NA,8.079491036061901,2.0666193932221626,15.294668291799969,1.2380440096726035,18.94429436206072,0.10780301784787216,0.0437983800348507,0.10303030303030304,0.04299444239642028,strat_iso,platt_vol_vegas,0.10303030303030304,0.04299444239642028,NA,NA,NA,2026-09-27 16:05:00,2026-09-24 15:09:01,2026-09-24 15:08:50,live
RB,00-0035125,Alec Ingold,LAC,BUF,2026_03_LAC_BUF,2026,3,NA,NA,15,20,10.078397830360046,NA,NA,NA,NA,NA,8.319545084225533,2.461568403914912,15.348855307195764,1.6543375892520498,18.9044649528632,0.10948219372087088,0.04339423866860026,0.10303030303030304,0.0397867790258196,strat_iso,platt_vol_vegas,0.10303030303030304,0.0397867790258196,NA,NA,NA,2026-09-27 13:00:00,2026-09-24 15:09:01,2026-09-24 15:08:50,live
RB,00-0033526,Samaje Perine,CIN,PIT,2026_03_CIN_PIT,2026,3,NA,NA,15,20,8.673173023745457,NA,NA,NA,NA,NA,8.627678184082912,3.3608719285813784,14.947610316731378,2.6351045627620726,18.14439790157541,0.09918058860843616,0.03755537674074905,0.09239130434782608,0.03788039203297576,strat_iso,platt_vol_vegas,0.09239130434782608,0.03788039203297576,NA,NA,NA,2026-09-27 13:00:00,2026-09-24 15:09:01,2026-09-24 15:08:50,live
RB,00-0037085,Tyler Badie,DEN,LA,2026_03_LA_DEN,2026,3,NA,NA,15,20,8.241352661331494,NA,NA,NA,NA,NA,8.368316835416303,3.2886604484155555,14.463677489605017,2.588682386490496,17.546870925147743,0.09130248358386606,0.03294191376138777,0.09239130434782608,0.03033592534148502,strat_iso,platt_vol_vegas,0.09239130434782608,0.03033592534148502,NA,NA,NA,2026-09-27 20:20:00,2026-09-24 15:09:01,2026-09-24 15:08:50,live
RB,00-0037304,Connor Heyward,LV,NO,2026_03_LV_NO,2026,3,NA,NA,15,20,7.994148561495497,NA,NA,NA,NA,NA,7.769519850169099,2.798285749200158,13.734778606519466,2.1132483084242466,16.75216308667393,0.07903446839801198,0.02692327154238638,0.09239130434782608,0.02450451977484001,strat_iso,platt_vol_vegas,0.09239130434782608,0.02450451977484001,NA,NA,NA,2026-09-27 16:25:00,2026-09-24 15:09:01,2026-09-24 15:08:50,live
RB,00-0038454,Keaton Mitchell,LAC,BUF,2026_03_LAC_BUF,2026,3,NA,NA,15,20,9.59134976341572,NA,NA,NA,NA,NA,7.471532895862885,1.815555157321296,14.258453416057629,1.036159852976069,17.69145598679719,0.08919973742136433,0.03558300629513467,0.09239130434782608,0.03316414490290256,strat_iso,platt_vol_vegas,0.09239130434782608,0.03316414490290256,NA,NA,NA,2026-09-27 13:00:00,2026-09-24 15:09:01,2026-09-24 15:08:50,live
RB,00-0038488,Brady Russell,SEA,WAS,2026_03_SEA_WAS,2026,3,NA,Limited Participation in Practice,15,20,8.231603015522252,NA,NA,NA,NA,NA,8.308111269636449,3.2327128951726634,14.398362499071697,2.533321588558633,17.478971453440455,0.09023508809719104,0.03245506076341298,0.09239130434782608,0.03290039504423513,strat_iso,platt_vol_vegas,0.09239130434782608,0.03290039504423513,NA,NA,NA,2026-09-27 13:00:00,2026-09-24 15:09:01,2026-09-24 15:08:50,live
RB,00-0038794,Jaleel McLaughlin,CLE,CAR,2026_03_CAR_CLE,2026,3,NA,NA,15,20,8.244020217430208,NA,NA,NA,NA,NA,7.814951759072689,2.7341306126279363,13.911710072541023,2.0339920465277697,16.99561048083902,0.08235530037658378,0.02911345662043063,0.09239130434782608,0.02637741038034697,strat_iso,platt_vol_vegas,0.09239130434782608,0.02637741038034697,NA,NA,NA,2026-09-27 13:00:00,2026-09-24 15:09:01,2026-09-24 15:08:50,live
RB,00-0039746,Will Shipley,PHI,CHI,2026_03_PHI_CHI,2026,3,NA,NA,15,20,9.71547000735856,NA,NA,NA,NA,NA,7.927592083777331,2.2198581435548315,14.77661773300076,1.433330820233298,18.241034708399575,0.09677604819821772,0.03911476547408354,0.09239130434782608,0.04111382937475357,strat_iso,platt_vol_vegas,0.09239130434782608,0.04111382937475357,NA,NA,NA,2026-09-28 20:15:00,2026-09-24 15:09:01,2026-09-24 15:08:50,live
RB,00-0040466,Raheim Sanders,CLE,CAR,2026_03_CAR_CLE,2026,3,NA,NA,15,20,8.588648219557083,NA,NA,NA,NA,NA,8.06345943456288,2.833068151815578,14.33969522729404,2.1123187793626723,17.51438005628265,0.08960046731762783,0.03321409399894859,0.09239130434782608,0.02981037168768673,strat_iso,platt_vol_vegas,0.09239130434782608,0.02981037168768673,NA,NA,NA,2026-09-27 13:00:00,2026-09-24 15:09:01,2026-09-24 15:08:50,live
RB,00-0041013,Emmett Johnson,KC,MIA,2026_03_KC_MIA,2026,3,NA,NA,15,20,8.614296246539755,NA,NA,NA,NA,NA,7.3671742633077875,2.1257223012831252,13.65668237686922,1.4034487641516886,16.838080694161462,0.07888793717169462,0.02869196439723587,0.09239130434782608,0.03535738588008827,strat_iso,platt_vol_vegas,0.09239130434782608,0.03535738588008827,NA,NA,NA,2026-09-27 13:00:00,2026-09-24 15:09:01,2026-09-24 15:08:50,live
RB,00-0031595,Michael Burton,CLE,CAR,2026_03_CAR_CLE,2026,3,NA,NA,15,20,9.567729036608611,NA,NA,NA,NA,NA,7.666146463240395,2.020040257735558,14.44122158495056,1.242005253386405,17.868232442168804,0.09184743733927048,0.03666370950584585,0.09239130434782608,0.03412488879753118,strat_iso,platt_vol_vegas,0.09239130434782608,0.03412488879753118,NA,NA,NA,2026-09-27 13:00:00,2026-09-24 15:09:01,2026-09-24 15:08:50,live
RB,00-0040179,DJ Giddens,IND,HOU,2026_03_HOU_IND,2026,3,NA,NA,15,20,9.700833633183668,NA,NA,NA,NA,NA,6.911085352218483,1.2094444820161092,13.7527995897175,0.4237567854368054,17.213518261125436,0.0819806154631012,0.03273762353286291,0.09239130434782608,0.03285949676110377,strat_iso,platt_vol_vegas,0.09239130434782608,0.03285949676110377,NA,NA,NA,2026-09-27 13:00:00,2026-09-24 15:09:01,2026-09-24 15:08:50,live
RB,00-0041081,Max Bredeson,MIN,TB,2026_03_MIN_TB,2026,3,NA,NA,15,20,9.795678359014644,NA,NA,NA,NA,NA,6.648024021812584,0.9069470030790958,13.537059875144603,0.11582499427165692,17.021715062137606,0.07900882517277408,0.03167613374048927,0.09239130434782608,0.03482611265105706,strat_iso,platt_vol_vegas,0.09239130434782608,0.03482611265105706,NA,NA,NA,2026-09-27 16:05:00,2026-09-24 15:09:01,2026-09-24 15:08:50,live
RB,00-0039344,Jonathon Brooks,CAR,CLE,2026_03_CAR_CLE,2026,3,NA,NA,15,20,10.339541619041974,NA,NA,NA,NA,NA,7.420681647481725,1.4555733331765497,14.57854504352493,0.6335797495739861,18.199180258936863,0.09417982023318638,0.03933658895926628,0.07432432432432433,0.04291134975536719,strat_iso,platt_vol_vegas,0.07432432432432433,0.04291134975536719,NA,NA,NA,2026-09-27 13:00:00,2026-09-24 15:09:01,2026-09-24 15:08:50,live
RB,00-0039794,Braelon Allen,NYJ,DET,2026_03_NYJ_DET,2026,3,NA,NA,15,20,10.36780392707217,NA,NA,NA,NA,NA,7.440987062855679,1.464332015589738,14.612706022427467,0.6407472889759802,18.240349745611244,0.09466190718926736,0.03960050124079217,0.07432432432432433,0.03602656568128612,strat_iso,platt_vol_vegas,0.07432432432432433,0.03602656568128612,NA,NA,NA,2026-09-27 13:00:00,2026-09-24 15:09:01,2026-09-24 15:08:50,live
RB,00-0039391,Kimani Vidal,LAC,BUF,2026_03_LAC_BUF,2026,3,NA,NA,15,20,11.093865171402928,NA,NA,NA,NA,NA,7.104948210292653,0.834713851877618,14.628949223162657,-0.02932618540741405,18.434786457085156,0.09512524112263576,0.04118273152344787,0.07432432432432433,0.04061173645474689,strat_iso,platt_vol_vegas,0.07432432432432433,0.04061173645474689,NA,NA,NA,2026-09-27 13:00:00,2026-09-24 15:09:01,2026-09-24 15:08:50,live
RB,00-0033376,Patrick Ricard,NYG,TEN,2026_03_TEN_NYG,2026,3,NA,NA,15,20,8.272075848260002,NA,NA,NA,NA,NA,7.401748023423145,2.3086833360322823,13.51319803886208,1.6068576065868756,16.604529895706367,0.0759520810124914,0.0264514071911317,0.07142857142857142,0.02555866382744654,strat_iso,platt_vol_vegas,0.07142857142857142,0.02555866382744654,NA,NA,NA,2026-09-27 13:00:00,2026-09-24 15:09:01,2026-09-24 15:08:50,live
RB,00-0037557,Ronnie Rivers,LA,DEN,2026_03_LA_DEN,2026,3,NA,NA,15,20,9.1969901835454,NA,NA,NA,NA,NA,6.8367046403869285,1.3464831438601017,13.424725077822428,0.5899290957333845,16.75711876513673,0.0763642133854967,0.02913658393086182,0.07142857142857142,0.03330126525017005,strat_iso,platt_vol_vegas,0.07142857142857142,0.03330126525017005,NA,NA,NA,2026-09-27 20:20:00,2026-09-24 15:09:01,2026-09-24 15:08:50,live
RB,00-0039738,Blake Corum,LA,DEN,2026_03_LA_DEN,2026,3,NA,NA,15,20,12.631845744127643,NA,NA,NA,NA,NA,8.381017908036544,1.5067129158137007,16.6298766855155,0.5594317772997144,20.802366005891443,0.13775174916158406,0.05961495577679698,0.06906583072100313,0,strat_iso,platt_vol_vegas,0.14106583072100312,0.07042659056065677,role_change_down,0.72,"Corum's touch count is approaching Williams's despite the latter's strong performance, suggesting a timeshare or committee that could reduce both players' individual opportunity going forward.",2026-09-27 20:20:00,2026-09-24 15:09:01,2026-09-24 15:08:50,live
RB,00-0032104,Ameer Abdullah,JAX,NE,2026_03_NE_JAX,2026,3,NA,NA,15,20,8.28803337366148,NA,NA,NA,NA,NA,7.27507658814044,2.1750534026205273,13.394876490358447,1.4722687901989522,16.490431939138524,0.07407373997655076,0.02569331348330728,0.06589147286821706,0.02943642822854247,strat_iso,platt_vol_vegas,0.06589147286821706,0.02943642822854247,NA,NA,NA,2026-09-27 13:00:00,2026-09-24 15:09:01,2026-09-24 15:08:50,live
RB,00-0036187,Reggie Gilliam,NE,JAX,2026_03_NE_JAX,2026,3,NA,Limited Participation in Practice,15,20,7.915615264044529,NA,NA,NA,NA,NA,7.472461280245901,2.5358751105338886,13.396144067506516,1.855612164314932,16.392498331034545,0.07323654362209764,0.02418785715460125,0.06589147286821706,0.02349535566660859,strat_iso,platt_vol_vegas,0.06589147286821706,0.02349535566660859,NA,NA,NA,2026-09-27 13:00:00,2026-09-24 15:09:01,2026-09-24 15:08:50,live
RB,00-0036265,AJ Dillon,CAR,CLE,2026_03_CAR_CLE,2026,3,NA,NA,15,20,9.162353168567895,NA,NA,NA,NA,NA,6.408321055749913,0.9327560732294716,12.978754331378424,0.17822169680634037,16.302251970548983,0.06959158862038473,0.02614647217702681,0.06589147286821706,0.02925179199643704,strat_iso,platt_vol_vegas,0.06589147286821706,0.02925179199643704,NA,NA,NA,2026-09-27 13:00:00,2026-09-24 15:09:01,2026-09-24 15:08:50,live
RB,00-0036727,Adam Prentice,DEN,LA,2026_03_LA_DEN,2026,3,NA,NA,15,20,7.85013091818131,NA,NA,NA,NA,NA,6.955098760670414,2.0474801684764943,12.844021749472455,1.371208962490532,15.822793594418805,0.06381095359509859,0.01993512700672384,0.06589147286821706,0.02013826763373816,strat_iso,platt_vol_vegas,0.06589147286821706,0.02013826763373816,NA,NA,NA,2026-09-27 20:20:00,2026-09-24 15:09:01,2026-09-24 15:08:50,live
RB,00-0037157,Bam Knight,ARI,SF,2026_03_ARI_SF,2026,3,NA,NA,15,20,8.938370964126383,NA,NA,NA,NA,NA,6.848952701728709,1.4685586104631083,13.30518516104544,0.727138809305881,16.570917029302322,0.07405153106064422,0.02748830750522901,0.06589147286821706,0.02295261524299791,strat_iso,platt_vol_vegas,0.06589147286821706,0.02295261524299791,NA,NA,NA,2026-09-27 16:05:00,2026-09-24 15:09:01,2026-09-24 15:08:50,live
RB,00-0038705,Emari Demercado,DAL,BAL,2026_03_BAL_DAL,2026,3,NA,NA,15,20,8.675149412000073,NA,NA,NA,NA,NA,6.910721257256253,1.643064775516658,13.23167362339372,0.917180248285443,16.42897726911987,0.07234659931392484,0.02605474809007546,0.06589147286821706,0.02986007325052088,strat_iso,platt_vol_vegas,0.06589147286821706,0.02986007325052088,NA,NA,NA,2026-09-27 16:25:00,2026-09-24 15:09:01,2026-09-24 15:08:50,live
RB,00-0038738,Hunter Luepke,DAL,BAL,2026_03_BAL_DAL,2026,3,NA,NA,15,20,8.01281844464211,NA,NA,NA,NA,NA,7.029620709052595,2.050164310354022,13.00474585522344,1.363993834665732,16.027121014363587,0.0669919510365451,0.02181827037442563,0.06589147286821706,0.02504421339181765,strat_iso,platt_vol_vegas,0.06589147286821706,0.02504421339181765,NA,NA,NA,2026-09-27 16:25:00,2026-09-24 15:09:01,2026-09-24 15:08:50,live
RB,00-0039364,Sione Vaki,DET,NYJ,2026_03_NYJ_DET,2026,3,NA,NA,15,20,8.328151308929305,NA,NA,NA,NA,NA,7.303994872070346,2.1864949377425287,13.44476609182067,1.4813020244778867,16.550929383551907,0.07496535497152645,0.02619388748973628,0.06589147286821706,0.03249953588692682,strat_iso,platt_vol_vegas,0.06589147286821706,0.03249953588692682,NA,NA,NA,2026-09-27 13:00:00,2026-09-24 15:09:01,2026-09-24 15:08:50,live
RB,00-0039384,Tyrone Tracy Jr.,NYG,TEN,2026_03_TEN_NYG,2026,3,NA,NA,15,20,8.845655142198797,NA,NA,NA,NA,NA,6.233115474296334,0.8923196379465379,12.641831797362984,0.15635648732230845,15.883528756501253,0.0636275655565306,0.02277528445285037,0.06589147286821706,0.02359414454318016,strat_iso,platt_vol_vegas,0.06589147286821706,0.02359414454318016,NA,NA,NA,2026-09-27 13:00:00,2026-09-24 15:09:01,2026-09-24 15:08:50,live
RB,00-0040177,Jordan James,SF,ARI,2026_03_ARI_SF,2026,3,NA,NA,15,20,9.583727570324664,NA,NA,NA,NA,NA,6.040003438344139,0.38721037809632897,12.823102486909852,-0.3917460766948935,16.254172056977396,0.06827669231656974,0.02659390413408591,0.06589147286821706,0.03621438281117869,strat_iso,platt_vol_vegas,0.06589147286821706,0.03621438281117869,NA,NA,NA,2026-09-27 16:05:00,2026-09-24 15:09:01,2026-09-24 15:08:50,live
RB,00-0040556,Corey Kiner,NE,JAX,2026_03_NE_JAX,2026,3,NA,NA,15,20,8.482285984379287,NA,NA,NA,NA,NA,6.773593453308978,1.5891739887877714,12.994665118652712,0.8747595456634363,16.141446483828815,0.06813673006425947,0.02371132865960801,0.06589147286821706,0.02395110823726062,strat_iso,platt_vol_vegas,0.06589147286821706,0.02395110823726062,NA,NA,NA,2026-09-27 13:00:00,2026-09-24 15:09:01,2026-09-24 15:08:50,live
RB,00-0040568,Lan Larison,NE,JAX,2026_03_NE_JAX,2026,3,NA,NA,15,20,7.721855750395656,NA,NA,NA,NA,NA,6.8149964533603145,1.9643266435249735,12.635583448377274,1.295902995575883,15.579789153696648,0.05984627454272517,0.01781262835875852,0.06589147286821706,0.01835926118148687,strat_iso,platt_vol_vegas,0.06589147286821706,0.01835926118148687,NA,NA,NA,2026-09-27 13:00:00,2026-09-24 15:09:01,2026-09-24 15:08:50,live
RB,00-0040878,Mike Washington Jr.,LV,NO,2026_03_LV_NO,2026,3,NA,NA,15,20,8.717414788249478,NA,NA,NA,NA,NA,6.4848336988792745,1.199008484110033,12.827587732690322,0.47062030041766967,16.035919234267602,0.06614420507603913,0.02351048923383547,0.06589147286821706,0.02307346842136132,strat_iso,platt_vol_vegas,0.06589147286821706,0.02307346842136132,NA,NA,NA,2026-09-27 16:25:00,2026-09-24 15:09:01,2026-09-24 15:08:50,live
RB,00-0040886,Nicholas Singleton,TEN,NYG,2026_03_TEN_NYG,2026,3,NA,NA,15,20,8.48147681709095,NA,NA,NA,NA,NA,6.593180052850498,1.4091109680086795,12.81383127823746,0.6947448073015456,15.960399973845949,0.0652610679561253,0.02247598238017301,0.06589147286821706,0.02003651759477291,strat_iso,platt_vol_vegas,0.06589147286821706,0.02003651759477291,NA,NA,NA,2026-09-27 13:00:00,2026-09-24 15:09:01,2026-09-24 15:08:50,live
RB,00-0041096,Kaytron Allen,WAS,SEA,2026_03_SEA_WAS,2026,3,NA,Limited Participation in Practice,15,20,9.009384052870866,NA,NA,NA,NA,NA,6.174747044296233,0.7641047284582729,12.667276021304447,0.01851671354804018,15.951367621073285,0.06448448668636786,0.02356959849073037,0.06589147286821706,0.01821984961464622,strat_iso,platt_vol_vegas,0.06589147286821706,0.01821984961464622,NA,NA,NA,2026-09-27 13:00:00,2026-09-24 15:09:01,2026-09-24 15:08:50,live
RB,00-0041104,Demond Claiborne,MIN,TB,2026_03_MIN_TB,2026,3,NA,NA,15,20,7.796122404284569,NA,NA,NA,NA,NA,7.188044956741199,2.304370552220706,13.048235990402612,1.6313988619509852,16.01247445816167,0.06707815462848188,0.02115961739923355,0.06589147286821706,0.02265227745002351,strat_iso,platt_vol_vegas,0.06589147286821706,0.02265227745002351,NA,NA,NA,2026-09-27 16:05:00,2026-09-24 15:09:01,2026-09-24 15:08:50,live
RB,00-0041125,Seth McGowan,IND,HOU,2026_03_HOU_IND,2026,3,NA,NA,15,20,8.143507186070439,NA,NA,NA,NA,NA,6.705990942950258,1.66913406379933,12.749994100432296,0.9750537859513048,15.807209565893285,0.0632017120646674,0.02059726115744931,0.06589147286821706,0.02095019042604621,strat_iso,platt_vol_vegas,0.06589147286821706,0.02095019042604621,NA,NA,NA,2026-09-27 13:00:00,2026-09-24 15:09:01,2026-09-24 15:08:50,live
RB,00-0041326,CJ Donaldson,NO,LV,2026_03_LV_NO,2026,3,NA,NA,15,20,8.280541779472921,NA,NA,NA,NA,NA,6.711255661786651,1.6144988019072644,12.827136119208358,0.9121642900667686,15.9207090099164,0.0648809975139405,0.0217294009406741,0.06589147286821706,0.02474565902424851,strat_iso,platt_vol_vegas,0.06589147286821706,0.02474565902424851,NA,NA,NA,2026-09-27 16:25:00,2026-09-24 15:09:01,2026-09-24 15:08:50,live
RB,00-0041436,DJ Herman,MIA,KC,2026_03_KC_MIA,2026,3,NA,NA,15,20,7.961753636749045,NA,NA,NA,NA,NA,7.0328279418703765,2.07587400614858,12.980951138105793,1.3928043761126316,15.989668002107887,0.06644667888076827,0.02142345725552419,0.06589147286821706,0.01567896430774768,strat_iso,platt_vol_vegas,0.06589147286821706,0.01567896430774768,NA,NA,NA,2026-09-27 13:00:00,2026-09-24 15:09:01,2026-09-24 15:08:50,live
RB,00-0034959,Andrew Beck,NYJ,DET,2026_03_NYJ_DET,2026,3,NA,NA,15,20,8.76029815070788,NA,NA,NA,NA,NA,6.255511488832473,0.9512781150279076,12.620354490823948,0.22035328190426995,15.839859172390998,0.06304329788988239,0.02229681832919183,0.06589147286821706,0.02100789915581096,strat_iso,platt_vol_vegas,0.06589147286821706,0.02100789915581096,NA,NA,NA,2026-09-27 13:00:00,2026-09-24 15:09:01,2026-09-24 15:08:50,live
RB,00-0036842,Kene Nwangwu,NYJ,DET,2026_03_NYJ_DET,2026,3,NA,Did Not Participate In Practice,15,20,9.967419150254637,NA,NA,NA,NA,NA,5.792932748513666,-0.01927161132526134,12.767318232486184,-0.8201949875055554,16.295145503273098,0.06835613543210983,0.0274848667410108,0.06589147286821706,0.02655259330384641,strat_iso,platt_vol_vegas,0.06589147286821706,0.02655259330384641,NA,NA,NA,2026-09-27 13:00:00,2026-09-24 15:09:01,2026-09-24 15:08:50,live
RB,00-0037594,Julius Chestnut,TEN,NYG,2026_03_TEN_NYG,2026,3,NA,NA,15,20,8.688320654015316,NA,NA,NA,NA,NA,6.553998913713825,1.2806777116292816,12.881748691108466,0.5540125843601285,16.082490645895522,0.06690999557581545,0.02375962373841944,0.06589147286821706,0.0211772405646728,strat_iso,platt_vol_vegas,0.06589147286821706,0.0211772405646728,NA,NA,NA,2026-09-27 13:00:00,2026-09-24 15:09:01,2026-09-24 15:08:50,live
RB,00-0038489,Ben VanSumeren,KC,MIA,2026_03_KC_MIA,2026,3,NA,NA,15,20,8.977239368730176,NA,NA,NA,NA,NA,6.020764315406355,0.6238054742215375,12.496873734346272,-0.11989695407842405,15.77265989059457,0.06179350320412069,0.02233298372402892,0.06589147286821706,0.02985905946244473,strat_iso,platt_vol_vegas,0.06589147286821706,0.02985905946244473,NA,NA,NA,2026-09-27 13:00:00,2026-09-24 15:09:01,2026-09-24 15:08:50,live
RB,00-0038896,Jacob Saylors,DET,NYJ,2026_03_NYJ_DET,2026,3,NA,NA,15,20,8.942776184875566,NA,NA,NA,NA,NA,6.5731600492682585,1.1908875085032973,13.03164656403618,0.4492088564829766,16.298518592714196,0.06987403518281765,0.02570851146584996,0.06589147286821706,0.03324909498306397,strat_iso,platt_vol_vegas,0.06589147286821706,0.03324909498306397,NA,NA,NA,2026-09-27 13:00:00,2026-09-24 15:09:01,2026-09-24 15:08:50,live
RB,00-0038951,Sean Tucker,TB,MIN,2026_03_MIN_TB,2026,3,NA,NA,15,20,9.26899007664226,NA,NA,NA,NA,NA,5.692098178264665,0.17146159369326242,12.316615362101166,-0.5892836620193069,15.66747006186514,0.05995969866900164,0.02227978115445794,0.06589147286821706,0.0238302699517474,strat_iso,platt_vol_vegas,0.06589147286821706,0.0238302699517474,NA,NA,NA,2026-09-27 16:05:00,2026-09-24 15:09:01,2026-09-24 15:08:50,live
RB,00-0039021,Roschon Johnson,CHI,PHI,2026_03_PHI_CHI,2026,3,NA,NA,15,20,9.355524911071692,NA,NA,NA,NA,NA,6.3550504129149354,0.7979496907847867,13.02332293223698,0.03217966678209016,16.396310229363557,0.0706984211080941,0.02709431046921961,0.06589147286821706,0.02402306603080912,strat_iso,platt_vol_vegas,0.06589147286821706,0.02402306603080912,NA,NA,NA,2026-09-28 20:15:00,2026-09-24 15:09:01,2026-09-24 15:08:50,live
RB,00-0039407,Dylan Laube,LV,NO,2026_03_LV_NO,2026,3,NA,NA,15,20,9.05116527619962,NA,NA,NA,NA,NA,6.393730415683599,0.965323759201004,12.907575807575704,0.2172878132126721,16.202449809595695,0.06824728060706586,0.02528984956483615,0.06589147286821706,0.02490365555750157,strat_iso,platt_vol_vegas,0.06589147286821706,0.02490365555750157,NA,NA,NA,2026-09-27 16:25:00,2026-09-24 15:09:01,2026-09-24 15:08:50,live
RB,00-0039603,British Brooks,HOU,IND,2026_03_HOU_IND,2026,3,NA,NA,15,20,9.36960130677617,NA,NA,NA,NA,NA,6.191647509480302,0.6286245787255531,12.867026414487936,-0.13796152727158173,16.243608308052572,0.06841519541437369,0.02614912795224899,0.06589147286821706,0.02931069752043602,strat_iso,platt_vol_vegas,0.06589147286821706,0.02931069752043602,NA,NA,NA,2026-09-27 13:00:00,2026-09-24 15:09:01,2026-09-24 15:08:50,live
RB,00-0039796,Rasheen Ali,BAL,DAL,2026_03_BAL_DAL,2026,3,NA,NA,15,20,8.682703679507705,NA,NA,NA,NA,NA,6.674341347180372,1.4034356009728943,12.999192685469431,0.677103324194932,16.19846853366647,0.06873030945959024,0.02452480126559209,0.06589147286821706,0.03420694521955911,strat_iso,platt_vol_vegas,0.06589147286821706,0.03420694521955911,NA,NA,NA,2026-09-27 16:25:00,2026-09-24 15:09:01,2026-09-24 15:08:50,live
RB,00-0039798,Isaiah Davis,NYJ,DET,2026_03_NYJ_DET,2026,3,NA,NA,15,20,8.96854162793145,NA,NA,NA,NA,NA,6.127761601311828,0.7345077024713609,12.599425255012669,-0.00868418374382873,15.8729626264919,0.06333362854045299,0.02297088805375302,0.06589147286821706,0.02176914346382862,strat_iso,platt_vol_vegas,0.06589147286821706,0.02176914346382862,NA,NA,NA,2026-09-27 13:00:00,2026-09-24 15:09:01,2026-09-24 15:08:50,live
RB,00-0040078,Brashard Smith,KC,MIA,2026_03_KC_MIA,2026,3,NA,NA,15,20,8.995907031811264,NA,NA,NA,NA,NA,6.5177184788111155,1.1128113781758042,13.003365453883337,0.3680136775144929,16.283975956405225,0.06956916182854078,0.02571520045921083,0.06589147286821706,0.03328211761117566,strat_iso,platt_vol_vegas,0.06589147286821706,0.03328211761117566,NA,NA,NA,2026-09-27 13:00:00,2026-09-24 15:09:01,2026-09-24 15:08:50,live
RB,00-0040208,Tahj Brooks,CIN,PIT,2026_03_CIN_PIT,2026,3,NA,NA,15,20,9.412432141066704,NA,NA,NA,NA,NA,6.503202966029918,0.922176214913927,13.200185650879003,0.15310917746718555,16.587695303434295,0.07343455024898093,0.02840377015105655,0.06589147286821706,0.031976177334022,strat_iso,platt_vol_vegas,0.06589147286821706,0.031976177334022,NA,NA,NA,2026-09-27 13:00:00,2026-09-24 15:09:01,2026-09-24 15:08:50,live
RB,00-0041398,Riley Nowakowski,PIT,CIN,2026_03_CIN_PIT,2026,3,NA,NA,15,20,8.969893696654093,NA,NA,NA,NA,NA,6.4697486790956145,1.0759187761317568,12.942103512002856,0.33264751638827406,16.215990500069665,0.06857105184910028,0.02522011921190381,0.06589147286821706,0.02367914822129745,strat_iso,platt_vol_vegas,0.06589147286821706,0.02367914822129745,NA,NA,NA,2026-09-27 13:00:00,2026-09-24 15:09:01,2026-09-24 15:08:50,live
RB,00-0041490,Eli Heidenreich,PIT,CIN,2026_03_CIN_PIT,2026,3,NA,NA,15,20,8.96206410861881,NA,NA,NA,NA,NA,6.371639409600828,0.981145394728654,12.83999132587913,0.23833382129135303,16.111853533629635,0.06699114239890414,0.02452241321728365,0.06589147286821706,0.02316290219421512,strat_iso,platt_vol_vegas,0.06589147286821706,0.02316290219421512,NA,NA,NA,2026-09-27 13:00:00,2026-09-24 15:09:01,2026-09-24 15:08:50,live
RB,00-0039686,Colson Yankoff,WAS,SEA,2026_03_SEA_WAS,2026,3,NA,NA,15,20,7.774202232291654,NA,NA,NA,NA,NA,6.6870640710788445,1.8131215641082583,12.535577262599576,1.1414909320257154,15.493908771234778,0.05834775902891698,0.01734393743430806,0.04545454545454545,0.01333201217143893,strat_iso,platt_vol_vegas,0.04545454545454545,0.01333201217143893,NA,NA,NA,2026-09-27 13:00:00,2026-09-24 15:09:01,2026-09-24 15:08:50,live
RB,00-0039874,Jaylen Wright,MIA,KC,2026_03_KC_MIA,2026,3,NA,Limited Participation in Practice,15,20,8.372120129605833,NA,NA,NA,NA,NA,6.182927452913261,1.0463013592306885,12.346649209139844,0.33847285589119824,15.464421484722948,0.05744796995534407,0.01881117761821238,0.04545454545454545,0.01454424520873959,strat_iso,platt_vol_vegas,0.04545454545454545,0.01454424520873959,NA,NA,NA,2026-09-27 13:00:00,2026-09-24 15:09:01,2026-09-24 15:08:50,live
RB,00-0039875,Ray Davis,BUF,LAC,2026_03_LAC_BUF,2026,3,NA,NA,15,20,8.178821799525414,NA,NA,NA,NA,NA,6.332352447035035,1.2800310710257508,12.394912309637617,0.5838197812125747,15.461514243702986,0.05752484759394838,0.01827042536150158,0.04545454545454545,0.02631956203626004,strat_iso,platt_vol_vegas,0.04545454545454545,0.02631956203626004,NA,NA,NA,2026-09-27 13:00:00,2026-09-24 15:09:01,2026-09-24 15:08:50,live
RB,00-0040198,Ollie Gordon II,MIA,KC,2026_03_KC_MIA,2026,3,NA,NA,15,20,8.467349277321611,NA,NA,NA,NA,NA,6.111756356069726,0.9338062463788503,12.325065084733,0.2202832821481726,15.467919752741922,0.05744418374646587,0.01908395215082536,0.04545454545454545,0.01479284633844656,strat_iso,platt_vol_vegas,0.04545454545454545,0.01479284633844656,NA,NA,NA,2026-09-27 13:00:00,2026-09-24 15:09:01,2026-09-24 15:08:50,live
RB,00-0035594,Travis Homer,PIT,CIN,2026_03_CIN_PIT,2026,3,NA,NA,15,20,8.212179482115534,NA,NA,NA,NA,NA,6.256837659559505,1.189926609492745,12.336904479017464,0.49170485853951895,15.412361891456497,0.05670407416127199,0.01801914187843201,0.02830188679245283,0.01746135203975027,strat_iso,platt_vol_vegas,0.02830188679245283,0.01746135203975027,NA,NA,NA,2026-09-27 13:00:00,2026-09-24 15:09:01,2026-09-24 15:08:50,live
RB,00-0039471,Frank Gore Jr.,BUF,LAC,2026_03_LAC_BUF,2026,3,NA,NA,15,20,8.163119020654648,NA,NA,NA,NA,NA,5.706031210477038,0.6605837739365796,11.76034265291388,-0.03468028510730825,14.822772319520208,0.04875927335531394,0.01375552446780437,0.02830188679245283,0.0211830164363445,strat_iso,platt_vol_vegas,0.02830188679245283,0.0211830164363445,NA,NA,NA,2026-09-27 13:00:00,2026-09-24 15:09:01,2026-09-24 15:08:50,live
RB,00-0040238,LeQuint Allen Jr.,JAX,NE,2026_03_NE_JAX,2026,3,NA,Limited Participation in Practice,15,20,7.505941311468676,NA,NA,NA,NA,NA,6.53285172926575,1.7786663541269585,12.237661714543233,1.123538288095112,15.123304368934647,0.05213651487212045,0.01376787713125071,0.02830188679245283,0.01741888348939004,strat_iso,platt_vol_vegas,0.02830188679245283,0.01741888348939004,NA,NA,NA,2026-09-27 13:00:00,2026-09-24 15:09:01,2026-09-24 15:08:50,live
RB,00-0038611,Chris Rodriguez Jr.,JAX,NE,2026_03_NE_JAX,2026,3,NA,NA,15,20,10.391620824887111,NA,NA,NA,NA,NA,6.723096206693943,0.7367177488519809,13.906482824417036,-0.08820686644159359,17.540028355395485,0.08495247732194378,0.03548522951043109,0.025,0.025,strat_iso,platt_vol_vegas,0.025,0.025,NA,NA,NA,2026-09-27 13:00:00,2026-09-24 15:09:01,2026-09-24 15:08:50,live
RB,00-0035250,Devin Singletary,NYG,TEN,2026_03_TEN_NYG,2026,3,NA,NA,15,20,9.695928426775582,NA,NA,NA,NA,NA,7.830590648072268,2.1309923972099964,14.669853833647972,1.3455861741434667,18.129332698647577,0.09522838295541858,0.03840698088909278,0.00739130434782607,0,strat_iso,platt_vol_vegas,0.09239130434782608,0.03709814357236201,role_change_down,0.85,"Singletary received only 3 touches while Najee Harris significantly out-touched him, indicating a shift in backfield opportunity allocation.",2026-09-27 13:00:00,2026-09-24 15:09:01,2026-09-24 15:08:50,live
RB,00-0037120,Tyler Goodson,DAL,BAL,2026_03_BAL_DAL,2026,3,NA,NA,15,20,9.71109970786014,NA,NA,NA,NA,NA,6.169625943063365,0.4637110624090628,13.016468802098863,-0.3225655939983998,16.47978166491757,0.0713636729272159,0.02820842836249992,8.914728682170581e-4,0,strat_iso,platt_vol_vegas,0.06589147286821706,0.03377503068091038,role_change_down,0.65,"Cowboys backfield depth signing suggests potential snap/carry distribution shift among existing RBs, though Goodson's role remains unclear.",2026-09-27 16:25:00,2026-09-24 15:09:01,2026-09-24 15:08:50,live
TE,00-0037744,Trey McBride,ARI,SF,2026_03_ARI_SF,2026,3,NA,NA,12,17,8.387295320332711,1.7093615466098884,-3.072191797300875,7.471072021247869,-4.953913915395813,9.046632210601125,NA,NA,NA,NA,NA,0.571,0.325,0.5851473782318749,0.3511389818860888,platt_vol_vegas,platt,0.5851473782318749,0.3511389818860888,NA,NA,NA,2026-09-27 16:05:00,2026-09-24 15:09:01,2026-09-24 15:08:50,live
TE,00-0033288,George Kittle,SF,ARI,2026_03_ARI_SF,2026,3,NA,NA,12,17,6.715100853499497,2.882897862388084,-1.3677158094408486,8.004832839398189,-3.0404930821117007,9.405444147056814,NA,NA,NA,NA,NA,0.5545,0.284,0.5567254049392862,0.39265772470844007,platt_vol_vegas,platt,0.4717254049392862,0.30765772470844005,role_change_up,0.85,Tonges' IR placement removes a competing tight end and explicitly signals increased opportunity/targets for Kittle in the 49ers offense.,2026-09-27 16:05:00,2026-09-24 15:09:01,2026-09-24 15:08:50,live
TE,00-0038933,Dalton Kincaid,BUF,LAC,2026_03_LAC_BUF,2026,3,NA,NA,12,17,7.048851445172204,2.960575282789535,-1.4005892157135302,8.215722588558744,-3.1168724206127263,9.652761280558837,NA,NA,NA,NA,NA,0.592,0.3105,0.5368786200404245,0.3358040950075521,platt_vol_vegas,platt,0.5368786200404245,0.3358040950075521,NA,NA,NA,2026-09-27 13:00:00,2026-09-24 15:09:01,2026-09-24 15:08:50,live
TE,00-0034753,Mark Andrews,BAL,DAL,2026_03_BAL_DAL,2026,3,NA,NA,12,17,6.409066855279979,1.755376563058351,-2.3915710115135127,6.752395221987108,-4.023551753418139,8.118847718883565,NA,NA,NA,NA,NA,0.4475,0.1995,0.5357441144532014,0.30194281143574714,platt_vol_vegas,platt,0.45074411445320134,0.21694281143574717,role_change_up,0.85,Zay Flowers' hamstring injury removal from the receiving corps should increase Andrews' target volume going forward.,2026-09-27 16:25:00,2026-09-24 15:09:01,2026-09-24 15:08:50,live
TE,00-0030506,Travis Kelce,KC,MIA,2026_03_KC_MIA,2026,3,NA,NA,12,17,6.935552684881529,2.0141077865388475,-2.3098097419480874,7.224372970985755,-4.011434855162366,8.64913848753206,NA,NA,NA,NA,NA,0.5215,0.2645,0.48914536396584546,0.2868498537949796,platt_vol_vegas,platt,0.48914536396584546,0.2868498537949796,NA,NA,NA,2026-09-27 13:00:00,2026-09-24 15:09:01,2026-09-24 15:08:50,live
TE,00-0040128,Tyler Warren,IND,HOU,2026_03_HOU_IND,2026,3,NA,NA,12,17,6.772825983814506,1.3207007369656607,-2.949215598033388,6.465895175614376,-4.629589198845512,7.872866865653355,NA,NA,NA,NA,NA,0.4345,0.185,0.4746977205532709,0.28624320738997955,platt_vol_vegas,platt,0.3896977205532709,0.20124320738997956,role_change_up,0.85,"Impact note explicitly states expectation of continued high volume for Warren with Alec Pierce (heel) expected to miss time, indicating increased opportunity.",2026-09-27 13:00:00,2026-09-24 15:09:01,2026-09-24 15:08:50,live
TE,00-0039065,Sam LaPorta,DET,NYJ,2026_03_NYJ_DET,2026,3,NA,NA,12,17,6.719431916105599,3.2460878375730653,-1.005976798286996,8.369771207637726,-2.679325080191367,9.770860619585733,NA,NA,NA,NA,NA,0.5955,0.2935,0.4672571038507166,0.3177655694353598,platt_vol_vegas,platt,0.4672571038507166,0.3177655694353598,NA,NA,NA,2026-09-27 13:00:00,2026-09-24 15:09:01,2026-09-24 15:08:50,live
TE,00-0034829,Mike Gesicki,CIN,PIT,2026_03_CIN_PIT,2026,3,NA,NA,12,17,6.908915309153193,1.2662419820673116,-3.048877021786544,6.465905057138125,-4.747039582725891,7.887771389227024,NA,NA,NA,NA,NA,0.4245,0.178,0.4311262615704373,0.19365177606879028,platt_vol_vegas,platt,0.4311262615704373,0.19365177606879028,NA,NA,NA,2026-09-27 13:00:00,2026-09-24 15:09:01,2026-09-24 15:08:50,live
TE,00-0039338,Brock Bowers,LV,NO,2026_03_LV_NO,2026,3,NA,Limited Participation in Practice,12,17,6.344872571585721,0.8952047059814774,-3.22970413539388,5.865666973969249,-4.853011802101411,7.224857531460092,NA,NA,NA,NA,NA,0.3545,0.134,0.4151865552438962,0.23077171364173055,platt_vol_vegas,platt,0.3301865552438962,0.14577171364173055,role_change_up,0.85,Brock Bowers' imminent return from knee injury will increase his opportunity and likely decrease Mayer's target share in the tight end role.,2026-09-27 16:25:00,2026-09-24 15:09:01,2026-09-24 15:08:50,live
TE,00-0040663,Harold Fannin Jr.,CLE,CAR,2026_03_CAR_CLE,2026,3,NA,NA,12,17,6.732096849018495,1.1053466620410608,-3.1509583724451593,6.2341396580836665,-4.825975411615313,7.636626315399828,NA,NA,NA,NA,NA,0.428,0.179,0.37610817043431555,0.1947367414234626,platt_vol_vegas,platt,0.37610817043431555,0.1947367414234626,NA,NA,NA,2026-09-27 13:00:00,2026-09-24 15:09:01,2026-09-24 15:08:50,live
TE,00-0040737,Terrance Ferguson,LA,DEN,2026_03_LA_DEN,2026,3,NA,Limited Participation in Practice,12,17,5.755795314917825,1.4024357498129845,-2.5151117554375393,6.123030266370798,-4.056814892286435,7.413893599942776,NA,NA,NA,NA,NA,0.378,0.136,0.3744880642613978,0.2199534648778449,platt_vol_vegas,platt,0.3024880642613978,0.14795346487784491,role_change_up,0.72,Backup TE Terrance Ferguson explicitly noted to see increased work if starter Parkinson misses time due to knee injury.,2026-09-27 20:20:00,2026-09-24 15:09:01,2026-09-24 15:08:50,live
TE,00-0034383,Dalton Schultz,HOU,IND,2026_03_HOU_IND,2026,3,NA,Did Not Participate In Practice,12,17,6.320764960793342,0.8563381017541942,-3.2602671955559757,5.816794705603987,-4.880307103566234,7.173249178705786,NA,NA,NA,NA,NA,0.3655,0.131,0.3486807426933369,0.14249826463702156,platt_vol_vegas,platt,0.3486807426933369,0.14249826463702156,NA,NA,NA,2026-09-27 13:00:00,2026-09-24 15:09:01,2026-09-24 15:08:50,live
TE,00-0033090,Hunter Henry,NE,JAX,2026_03_NE_JAX,2026,3,NA,NA,12,17,6.333590635551697,1.487775784617856,-2.6332489967729504,6.453557810122168,-4.255028138949799,7.81146853868618,NA,NA,NA,NA,NA,0.421,0.1705,0.34702042702128977,0.1855096134964065,platt_vol_vegas,platt,0.34702042702128977,0.1855096134964065,NA,NA,NA,2026-09-27 13:00:00,2026-09-24 15:09:01,2026-09-24 15:08:50,live
TE,00-0039066,Michael Mayer,LV,NO,2026_03_LV_NO,2026,3,NA,NA,12,17,6.324822777190995,1.311465305890546,-2.806538693998535,6.273607328415019,-4.42712904438391,7.630522685238399,NA,NA,NA,NA,NA,0.3695,0.145,0.328588572440922,0.15776561763285532,platt_vol_vegas,platt,0.328588572440922,0.15776561763285532,NA,NA,NA,2026-09-27 16:25:00,2026-09-24 15:09:01,2026-09-24 15:08:50,live
TE,00-0038046,Charlie Kolar,LAC,BUF,2026_03_LAC_BUF,2026,3,NA,Did Not Participate In Practice,12,17,5.1536165482220895,0.8395770678741841,-2.8553839832906194,5.291957761061934,-4.30949093042539,6.509477072195393,NA,NA,NA,NA,NA,0.249,0.07,0.30621295826620276,0.1607993720638996,platt_vol_vegas,platt,0.22121295826620271,0.07579937206389958,role_change_up,0.85,Kolar's four-week absence creates immediate opportunity for backup TE (likely Otherwise Tre' McKitty or similar) to assume increased snaps and targets.,2026-09-27 13:00:00,2026-09-24 15:09:01,2026-09-24 15:08:50,live
TE,00-0038129,Cade Otton,TB,MIN,2026_03_MIN_TB,2026,3,NA,NA,12,17,6.049191203058081,1.17959198996361,-2.84242235027285,6.026067703299719,-4.4252371384747,7.351353697139867,NA,NA,NA,NA,NA,0.352,0.136,0.3008517456901493,0.14795346487784491,platt_vol_vegas,platt,0.3008517456901493,0.14795346487784491,NA,NA,NA,2026-09-27 16:05:00,2026-09-24 15:09:01,2026-09-24 15:08:50,live
TE,00-0037838,Isaiah Likely,NYG,TEN,2026_03_TEN_NYG,2026,3,NA,NA,12,17,6.118160479794108,0.9761126007959018,-3.070110391949523,5.851759430023754,-4.662452200681931,7.1850223690922945,NA,NA,NA,NA,NA,0.3595,0.1235,0.2990521735216924,0.13431055578647547,platt_vol_vegas,platt,0.2990521735216924,0.13431055578647547,NA,NA,NA,2026-09-27 13:00:00,2026-09-24 15:09:01,2026-09-24 15:08:50,live
TE,00-0035229,T.J. Hockenson,MIN,TB,2026_03_MIN_TB,2026,3,NA,NA,12,17,5.793819062618883,0.8281683985768168,-3.1030570034383578,5.56524460537035,-4.650142910073529,6.860614915664424,NA,NA,NA,NA,NA,0.322,0.106,0.28714683585117057,0.11518638695848704,platt_vol_vegas,platt,0.28714683585117057,0.11518638695848704,NA,NA,NA,2026-09-27 16:05:00,2026-09-24 15:09:01,2026-09-24 15:08:50,live
TE,00-0036040,Juwan Johnson,NO,LV,2026_03_LV_NO,2026,3,NA,NA,12,17,5.654280515813436,1.015794166612503,-2.865026646596163,5.692133490136477,-4.3922764408241655,6.970895084021397,NA,NA,NA,NA,NA,0.308,0.0995,0.2828596811967576,0.10807762304453104,platt_vol_vegas,platt,0.2828596811967576,0.10807762304453104,NA,NA,NA,2026-09-27 16:25:00,2026-09-24 15:09:01,2026-09-24 15:08:50,live
TE,00-0041032,Kenyon Sadiq,NYJ,DET,2026_03_NYJ_DET,2026,3,NA,NA,12,17,4.998291725823139,0.5867227566268173,-3.0488660970486587,4.9675607130568205,-4.479607838531621,6.165516408772763,NA,NA,NA,NA,NA,0.2335,0.071,0.2785575678700605,0.1618934646450375,platt_vol_vegas,platt,0.19355756787006043,0.07689346464503752,role_change_up,0.85,"Mason Taylor's week-to-week thumb injury likely to sideline him in Week 3, creating increased opportunity for rookie tight end Kenyon Sadiq.",2026-09-27 13:00:00,2026-09-24 15:09:01,2026-09-24 15:08:50,live
TE,00-0036970,Kyle Pitts,ATL,GB,2026_03_ATL_GB,2026,3,NA,NA,12,17,5.208669460792967,1.0088640225359389,-2.7069380785020263,5.48635791361566,-4.169246767140025,6.710744517890645,NA,NA,NA,NA,NA,0.2765,0.085,0.269183604440858,0.16421308319781663,platt_vol_vegas,platt,0.19718360444085797,0.09221308319781664,role_change_up,0.72,Blurb suggests QB change (Michael Penix starting Thursday) could materially improve passing game efficiency and target allocation for Pitts.,2026-09-24 20:15:00,2026-09-24 15:09:01,2026-09-24 15:08:50,live
TE,00-0038996,Tucker Kraft,GB,ATL,2026_03_ATL_GB,2026,3,NA,NA,12,17,5.474868952894236,1.6712378388909983,-2.143906831054619,6.268438251823412,-3.645310578502315,7.525559029581644,NA,NA,NA,NA,NA,0.3245,0.119,0.2626416099391112,0.12939532908455895,platt_vol_vegas,platt,0.2626416099391112,0.12939532908455895,NA,NA,NA,2026-09-24 20:15:00,2026-09-24 15:09:01,2026-09-24 15:08:50,live
TE,00-0038935,Brenton Strange,JAX,NE,2026_03_NE_JAX,2026,3,NA,NA,12,17,5.30584689804894,1.2947033241827253,-2.4576352417272376,5.816223186995527,-3.93432241139885,7.052648849578903,NA,NA,NA,NA,NA,0.3115,0.098,0.26035611459984326,0.1064368193651314,platt_vol_vegas,platt,0.26035611459984326,0.1064368193651314,NA,NA,NA,2026-09-27 13:00:00,2026-09-24 15:09:01,2026-09-24 15:08:50,live
TE,00-0038041,Jake Ferguson,DAL,BAL,2026_03_BAL_DAL,2026,3,NA,NA,12,17,5.179804542817966,0.8680138171979436,-2.836874065034716,5.332356214549565,-4.294887595708237,6.553146496163122,NA,NA,NA,NA,NA,0.259,0.074,0.25867876763905306,0.08017595960863448,platt_vol_vegas,platt,0.25867876763905306,0.08017595960863448,NA,NA,NA,2026-09-27 16:25:00,2026-09-24 15:09:01,2026-09-24 15:08:50,live
TE,00-0040189,Oronde Gadsden II,LAC,BUF,2026_03_LAC_BUF,2026,3,NA,NA,12,17,4.466831356270774,0.7481612706027109,-2.6773992348830977,4.87591776025866,-4.02548687637181,6.004667430182865,NA,NA,NA,NA,NA,0.1945,0.0495,0.25547715543954336,0.14538724910356465,platt_vol_vegas,platt,0.16347715543954333,0.05338724910356462,role_change_up,0.92,"Njoku and Kolar both placed on IR, making Gadsden the only healthy tight end and likely to see significant target and snap share increase.",2026-09-27 13:00:00,2026-09-24 15:09:01,2026-09-24 15:08:50,live
TE,00-0033885,David Njoku,LAC,BUF,2026_03_LAC_BUF,2026,3,NA,NA,12,17,5.101118275764272,0.9642284533906326,-2.710760813690112,5.392543402817337,-4.1570081082923735,6.6034818508609225,NA,NA,NA,NA,NA,0.2355,0.0795,0.21591272059668304,0.08619441970929266,platt_vol_vegas,platt,0.21591272059668304,0.08619441970929266,NA,NA,NA,2026-09-27 13:00:00,2026-09-24 15:09:01,2026-09-24 15:08:50,live
TE,00-0040126,Colston Loveland,CHI,PHI,2026_03_PHI_CHI,2026,3,NA,NA,12,17,5.422772258803075,1.5401599228552665,-2.255724917508,6.1141524880731515,-3.749549193451524,7.364926997461854,NA,NA,NA,NA,NA,0.318,0.11,0.21148317003834768,0.11955971202915788,platt_vol_vegas,platt,0.21148317003834768,0.11955971202915788,NA,NA,NA,2026-09-28 20:15:00,2026-09-24 15:09:01,2026-09-24 15:08:50,live
TE,00-0039824,Jared Wiley,KC,MIA,2026_03_KC_MIA,2026,3,NA,NA,12,17,4.596334349457098,1.2744017489709345,-2.2033754387955966,5.465078671299838,-3.572012320021704,6.611034156971426,NA,NA,NA,NA,NA,0.2605,0.08,0.2108794835909831,0.08674157112212656,platt_vol_vegas,platt,0.2108794835909831,0.08674157112212656,NA,NA,NA,2026-09-27 13:00:00,2026-09-24 15:09:01,2026-09-24 15:08:50,live
TE,00-0036894,Pat Freiermuth,PIT,CIN,2026_03_CIN_PIT,2026,3,NA,NA,12,17,5.310304666986267,0.5787399942114051,-3.175267001768366,5.1022702938672175,-4.652610761786053,6.339245717544456,NA,NA,NA,NA,NA,0.2285,0.0735,0.20937916709137608,0.07962885748789429,platt_vol_vegas,platt,0.20937916709137608,0.07962885748789429,NA,NA,NA,2026-09-27 13:00:00,2026-09-24 15:09:01,2026-09-24 15:08:50,live
TE,00-0040887,Josh Cuevas,BAL,DAL,2026_03_BAL_DAL,2026,3,NA,NA,12,17,4.336260754237707,1.3140144540539551,-2.058172377491908,5.377456350921491,-3.3852554592584765,6.488618967064022,NA,NA,NA,NA,NA,0.212,0.0485,0.2085719715943637,0.05229527099915489,platt_vol_vegas,platt,0.2085719715943637,0.05229527099915489,NA,NA,NA,2026-09-27 16:25:00,2026-09-24 15:09:01,2026-09-24 15:08:50,live
TE,00-0040736,Mason Taylor,NYJ,DET,2026_03_NYJ_DET,2026,3,NA,Did Not Participate In Practice,12,17,5.148215093864471,0.8639895625935949,-2.8289210600823163,5.313899515740979,-4.282221086042813,6.530743194236703,NA,NA,NA,NA,NA,0.254,0.0735,0.20696225004963095,0.07962885748789429,platt_vol_vegas,platt,0.20696225004963095,0.07962885748789429,NA,NA,NA,2026-09-27 13:00:00,2026-09-24 15:09:01,2026-09-24 15:08:50,live
TE,00-0035644,Noah Fant,NO,LV,2026_03_LV_NO,2026,3,NA,NA,12,17,4.843898142483262,1.0013957668397926,-2.5743098351394424,5.310075172744995,-3.9814852518079458,6.488298856582043,NA,NA,NA,NA,NA,0.259,0.069,0.2034261912732542,0.0747053227454572,platt_vol_vegas,platt,0.2034261912732542,0.0747053227454572,NA,NA,NA,2026-09-27 16:25:00,2026-09-24 15:09:01,2026-09-24 15:08:50,live
TE,00-0040194,Jackson Hawes,BUF,LAC,2026_03_LAC_BUF,2026,3,NA,NA,12,17,4.273090091065413,1.913031486058564,-1.4330615218525309,5.94503065999773,-2.7498756969380227,7.047595151901136,NA,NA,NA,NA,NA,0.278,0.0815,0.2032804734651902,0.08838303089529724,platt_vol_vegas,platt,0.2032804734651902,0.08838303089529724,NA,NA,NA,2026-09-27 13:00:00,2026-09-24 15:09:01,2026-09-24 15:08:50,live
TE,00-0041395,Eli Raridon,NE,JAX,2026_03_NE_JAX,2026,3,NA,Limited Participation in Practice,12,17,4.0507083043996355,0.7074634526388244,-2.5452935290883145,4.626993911696868,-3.8253764471422183,5.698803434135142,NA,NA,NA,NA,NA,0.155,0.04,0.2030981800224495,0.11502144332118552,platt_vol_vegas,platt,0.13109818002244952,0.04302144332118553,role_change_up,0.72,"Impact note explicitly states Raridon is 'seemingly primed to be more involved' at tight end, indicating a shift in target share away from Henry.",2026-09-27 13:00:00,2026-09-24 15:09:01,2026-09-24 15:08:50,live
TE,00-0035689,Dawson Knox,BUF,LAC,2026_03_LAC_BUF,2026,3,NA,NA,12,17,4.276052004715193,1.1991376413616224,-2.1481828807368943,5.23261595415855,-3.465480129089714,6.335584921835093,NA,NA,NA,NA,NA,0.212,0.056,0.2006615703071136,0.06048880220568398,platt_vol_vegas,platt,0.2006615703071136,0.06048880220568398,NA,NA,NA,2026-09-27 13:00:00,2026-09-24 15:09:01,2026-09-24 15:08:50,live
TE,00-0040363,Keleki Latu,BUF,LAC,2026_03_LAC_BUF,2026,3,NA,NA,12,17,4.252322181364056,1.4399441421894934,-1.8975306895241264,5.461558524305204,-3.2109532862663412,6.561283258007676,NA,NA,NA,NA,NA,0.229,0.0675,0.1994666091880332,0.0730643395520422,platt_vol_vegas,platt,0.1994666091880332,0.0730643395520422,NA,NA,NA,2026-09-27 13:00:00,2026-09-24 15:09:01,2026-09-24 15:08:50,live
TE,00-0033881,Evan Engram,DEN,LA,2026_03_LA_DEN,2026,3,NA,NA,12,17,4.983582937516085,0.8353434910477272,-2.7945782721536836,5.209352676114817,-4.223089799159613,6.405441020052332,NA,NA,NA,NA,NA,0.226,0.0695,0.1981803380337237,0.07525234172431017,platt_vol_vegas,platt,0.1981803380337237,0.07525234172431017,NA,NA,NA,2026-09-27 20:20:00,2026-09-24 15:09:01,2026-09-24 15:08:50,live
TE,00-0040584,Gunnar Helm,TEN,NYG,2026_03_TEN_NYG,2026,3,NA,NA,12,17,5.338407960557475,0.6714560059185665,-3.093054199594126,5.207642538398846,-4.5745313698798915,6.448078853884723,NA,NA,NA,NA,NA,0.25,0.0695,0.19663512857547097,0.07525234172431017,platt_vol_vegas,platt,0.19663512857547097,0.07525234172431017,NA,NA,NA,2026-09-27 13:00:00,2026-09-24 15:09:01,2026-09-24 15:08:50,live
TE,00-0039793,AJ Barner,SEA,WAS,2026_03_SEA_WAS,2026,3,NA,NA,12,17,4.780233752102248,1.6818091373201112,-1.868942345433366,5.960419149497538,-3.2662973722186344,7.130420250842111,NA,NA,NA,NA,NA,0.294,0.085,0.19371674676158063,0.09221308319781664,platt_vol_vegas,platt,0.19371674676158063,0.09221308319781664,NA,NA,NA,2026-09-27 13:00:00,2026-09-24 15:09:01,2026-09-24 15:08:50,live
TE,00-0036244,Colby Parkinson,LA,DEN,2026_03_LA_DEN,2026,3,NA,Did Not Participate In Practice,12,17,4.686013285190173,0.7859690544780787,-2.727562560174867,5.0197296027940235,-4.1102701609042205,6.1774664589834405,NA,NA,NA,NA,NA,0.214,0.055,0.1925796877520775,0.05939588329461221,platt_vol_vegas,platt,0.1925796877520775,0.05939588329461221,NA,NA,NA,2026-09-27 20:20:00,2026-09-24 15:09:01,2026-09-24 15:08:50,live
TE,00-0031610,Darren Waller,CAR,CLE,2026_03_CAR_CLE,2026,3,NA,Did Not Participate In Practice,12,17,4.802745877716667,0.7391585476549081,-2.8204346429353917,5.028422704415284,-4.221269216219806,6.201337219429356,NA,NA,NA,NA,NA,0.223,0.06,0.1920158649418757,0.06486159423812027,platt_vol_vegas,platt,0.1920158649418757,0.06486159423812027,NA,NA,NA,2026-09-27 13:00:00,2026-09-24 15:09:01,2026-09-24 15:08:50,live
TE,00-0039847,Theo Johnson,NYG,TEN,2026_03_TEN_NYG,2026,3,NA,NA,12,17,5.027530437035138,0.7592004590459805,-2.887630400650061,5.153584888595879,-4.322796296766285,6.355244915490524,NA,NA,NA,NA,NA,0.248,0.07,0.19045013440890124,0.07579937206389958,platt_vol_vegas,platt,0.19045013440890124,0.07579937206389958,NA,NA,NA,2026-09-27 13:00:00,2026-09-24 15:09:01,2026-09-24 15:08:50,live
TE,00-0038643,Brayden Willis,SF,ARI,2026_03_ARI_SF,2026,3,NA,NA,12,17,4.280165885461741,1.3554552358063132,-1.993569549703447,5.390987164163257,-3.311537490177705,6.494517700307157,NA,NA,NA,NA,NA,0.233,0.0615,0.18949515777118672,0.0665017969186095,platt_vol_vegas,platt,0.18949515777118672,0.0665017969186095,NA,NA,NA,2026-09-27 16:05:00,2026-09-24 15:09:01,2026-09-24 15:08:50,live
TE,00-0040390,Jackson Meeks,DET,NYJ,2026_03_NYJ_DET,2026,3,NA,NA,12,17,4.282444705029967,1.601001637393032,-1.7489668662272757,5.637670733973682,-3.0673061954771343,6.741512232806484,NA,NA,NA,NA,NA,0.2405,0.0665,0.18564251744471064,0.07197041792083021,platt_vol_vegas,platt,0.18564251744471064,0.07197041792083021,NA,NA,NA,2026-09-27 13:00:00,2026-09-24 15:09:01,2026-09-24 15:08:50,live
TE,00-0034270,Tyler Conklin,DET,NYJ,2026_03_NYJ_DET,2026,3,NA,NA,12,17,4.240579898710132,1.7606670589606437,-1.5719262437290256,5.7763992611890655,-2.8834277741411567,6.874515491913504,NA,NA,NA,NA,NA,0.253,0.0665,0.1828621808535212,0.07197041792083021,platt_vol_vegas,platt,0.1828621808535212,0.07197041792083021,NA,NA,NA,2026-09-27 13:00:00,2026-09-24 15:09:01,2026-09-24 15:08:50,live
TE,00-0037005,Tommy Tremble,CAR,CLE,2026_03_CAR_CLE,2026,3,NA,NA,12,17,4.671653496018057,0.7841800810260777,-2.7236481713550873,5.011068150927906,-4.104111283282913,6.166925703490538,NA,NA,NA,NA,NA,0.2095,0.0615,0.18104294106038227,0.0665017969186095,platt_vol_vegas,platt,0.18104294106038227,0.0665017969186095,NA,NA,NA,2026-09-27 13:00:00,2026-09-24 15:09:01,2026-09-24 15:08:50,live
TE,00-0041510,Max Klare,LA,DEN,2026_03_LA_DEN,2026,3,NA,NA,12,17,4.480957105397726,1.03581410743074,-2.3954763336743556,5.170475096043852,-3.745818921582059,6.301112825726043,NA,NA,NA,NA,NA,0.219,0.058,0.1767054386157732,0.06267498756057978,platt_vol_vegas,platt,0.1767054386157732,0.06267498756057978,NA,NA,NA,2026-09-27 20:20:00,2026-09-24 15:09:01,2026-09-24 15:08:50,live
TE,00-0041084,Tanner Koziol,JAX,NE,2026_03_NE_JAX,2026,3,NA,NA,12,17,4.421366816593453,0.801158533025768,-2.605901700895118,4.906622432639821,-3.946708785692183,6.029276114655193,NA,NA,NA,NA,NA,0.173,0.0385,0.17599006377549786,0.04138665329369701,platt_vol_vegas,platt,0.17599006377549786,0.04138665329369701,NA,NA,NA,2026-09-27 13:00:00,2026-09-24 15:09:01,2026-09-24 15:08:50,live
TE,00-0039356,Ja'Tavion Sanders,CAR,CLE,2026_03_CAR_CLE,2026,3,NA,NA,12,17,4.59779295483777,0.6930299371653387,-2.785331400782921,4.8844107529737775,-4.154198167202853,6.030558720816898,NA,NA,NA,NA,NA,0.1925,0.053,0.17464188910230635,0.05721042642175668,platt_vol_vegas,platt,0.17464188910230635,0.05721042642175668,NA,NA,NA,2026-09-27 13:00:00,2026-09-24 15:09:01,2026-09-24 15:08:50,live
TE,00-0036556,Brevin Jordan,HOU,IND,2026_03_HOU_IND,2026,3,NA,NA,12,17,4.58861969139039,0.5473198219823604,-2.9273663055594548,4.734272056371275,-4.29478673765808,5.879209012899158,NA,NA,NA,NA,NA,0.191,0.0535,0.17184452087710494,0.05775674085216733,platt_vol_vegas,platt,0.17184452087710494,0.05775674085216733,NA,NA,NA,2026-09-27 13:00:00,2026-09-24 15:09:01,2026-09-24 15:08:50,live
TE,00-0040879,Matthew Hibner,BAL,DAL,2026_03_BAL_DAL,2026,3,NA,NA,12,17,3.844657914996746,1.1566450603308984,-2.0074528132549947,4.96934243078605,-3.252645018446223,6.011938065777309,NA,NA,NA,NA,NA,0.172,0.036,0.1675888051143009,0.03866343211875167,platt_vol_vegas,platt,0.1675888051143009,0.03866343211875167,NA,NA,NA,2026-09-27 16:25:00,2026-09-24 15:09:01,2026-09-24 15:08:50,live
TE,00-0034798,Durham Smythe,BAL,DAL,2026_03_BAL_DAL,2026,3,NA,NA,12,17,3.848303360556011,1.093490590286843,-2.0721950070479,4.908101147502992,-3.3180120415949355,5.951219950207848,NA,NA,NA,NA,NA,0.1625,0.039,0.1673817933343142,0.04193151520405128,platt_vol_vegas,platt,0.1673817933343142,0.04193151520405128,NA,NA,NA,2026-09-27 16:25:00,2026-09-24 15:09:01,2026-09-24 15:08:50,live
TE,00-0040598,Mark Redman,GB,ATL,2026_03_ATL_GB,2026,3,NA,NA,12,17,4.380063907444829,0.9266581991854136,-2.4635174262548913,5.011776362059623,-3.797679778901525,6.128866430114964,NA,NA,NA,NA,NA,0.194,0.0525,0.16278649428105382,0.05666414667361906,platt_vol_vegas,platt,0.16278649428105382,0.05666414667361906,NA,NA,NA,2026-09-24 20:15:00,2026-09-24 15:09:01,2026-09-24 15:08:50,live
TE,00-0032392,Austin Hooper,ATL,GB,2026_03_ATL_GB,2026,3,NA,NA,12,17,4.791016876757786,0.8161296572709452,-2.7388593712927847,5.099845857819727,-4.137882032652861,6.271243264506726,NA,NA,NA,NA,NA,0.2095,0.0525,0.1624638423987092,0.05666414667361906,platt_vol_vegas,platt,0.1624638423987092,0.05666414667361906,NA,NA,NA,2026-09-24 20:15:00,2026-09-24 15:09:01,2026-09-24 15:08:50,live
TE,00-0038589,Josh Whyle,GB,ATL,2026_03_ATL_GB,2026,3,NA,NA,12,17,4.356239348821847,0.8498003314845802,-2.530601736808958,4.923141483304692,-3.8609178250028577,6.037011085866653,NA,NA,NA,NA,NA,0.1735,0.05,0.16018446468619912,0.05393330088542496,platt_vol_vegas,platt,0.16018446468619912,0.05393330088542496,NA,NA,NA,2026-09-24 20:15:00,2026-09-24 15:09:01,2026-09-24 15:08:50,live
TE,00-0036887,Luke Farrell,SF,ARI,2026_03_ARI_SF,2026,3,NA,NA,12,17,3.897447326641147,1.195188422772518,-1.991832470263844,5.035507737767155,-3.2460457507440053,6.085656691579362,NA,NA,NA,NA,NA,0.1765,0.044,0.1583930211429454,0.04738365680131323,platt_vol_vegas,platt,0.1583930211429454,0.04738365680131323,NA,NA,NA,2026-09-27 16:05:00,2026-09-24 15:09:01,2026-09-24 15:08:50,live
TE,00-0041314,Tanner Arkin,NE,JAX,2026_03_NE_JAX,2026,3,NA,NA,12,17,4.445191330952738,0.80470145566604,-2.6120644743867953,4.921860594681388,-3.956691117760206,6.047712381441307,NA,NA,NA,NA,NA,0.174,0.0485,0.15727416949933576,0.05229527099915489,platt_vol_vegas,platt,0.15727416949933576,0.05229527099915489,NA,NA,NA,2026-09-27 13:00:00,2026-09-24 15:09:01,2026-09-24 15:08:50,live
TE,00-0039518,Treyton Welch,NO,LV,2026_03_LV_NO,2026,3,NA,NA,12,17,4.274730046963259,0.9570453362392,-2.3897273726614547,4.989863541156272,-3.7068090357981616,6.092651999988998,NA,NA,NA,NA,NA,0.174,0.0475,0.1561667761795128,0.05120346723481726,platt_vol_vegas,platt,0.1561667761795128,0.05120346723481726,NA,NA,NA,2026-09-27 16:25:00,2026-09-24 15:09:01,2026-09-24 15:08:50,live
TE,00-0038783,Nate Adkins,DEN,LA,2026_03_LA_DEN,2026,3,NA,NA,12,17,4.424789770687738,0.5920106502156989,-2.816445547741804,4.69915666859608,-4.157801997193998,5.822270331961375,NA,NA,NA,NA,NA,0.175,0.045,0.15380856736996829,0.04847477896508845,platt_vol_vegas,platt,0.15380856736996829,0.04847477896508845,NA,NA,NA,2026-09-27 20:20:00,2026-09-24 15:09:01,2026-09-24 15:08:50,live
TE,00-0036637,Noah Gray,KC,MIA,2026_03_KC_MIA,2026,3,NA,NA,12,17,3.8913594844245822,1.1858076700005535,-1.998577154038142,5.022950555650307,-3.251753041650137,6.072230903578529,NA,NA,NA,NA,NA,0.1715,0.0365,0.15267935510957706,0.03920792541404707,platt_vol_vegas,platt,0.15267935510957706,0.03920792541404707,NA,NA,NA,2026-09-27 13:00:00,2026-09-24 15:09:01,2026-09-24 15:08:50,live
TE,00-0040215,Gavin Bartholomew,MIN,TB,2026_03_MIN_TB,2026,3,NA,NA,12,17,4.319276420940255,0.9156645809507644,-2.44952423937104,4.970673964015512,-3.7738533389991984,6.0795306793144785,NA,NA,NA,NA,NA,0.184,0.0425,0.1524668590708377,0.04574738319746326,platt_vol_vegas,platt,0.1524668590708377,0.04574738319746326,NA,NA,NA,2026-09-27 16:05:00,2026-09-24 15:09:01,2026-09-24 15:08:50,live
TE,00-0036754,Brock Wright,DET,NYJ,2026_03_NYJ_DET,2026,3,NA,NA,12,17,3.855812674581528,1.2127898831461827,-1.9561640633788464,5.031338759232795,-3.2032673169678283,6.075534509217906,NA,NA,NA,NA,NA,0.185,0.0465,0.15217633728224791,0.05011184657662508,platt_vol_vegas,platt,0.15217633728224791,0.05011184657662508,NA,NA,NA,2026-09-27 13:00:00,2026-09-24 15:09:01,2026-09-24 15:08:50,live
TE,00-0041116,Jack Endries,CIN,PIT,2026_03_CIN_PIT,2026,3,NA,NA,12,17,4.252322181364056,0.8870623684692843,-2.4504124632443354,4.908676750584995,-3.76383505998655,6.008401484287467,NA,NA,NA,NA,NA,0.177,0.044,0.15134073881475585,0.04738365680131323,platt_vol_vegas,platt,0.15134073881475585,0.04738365680131323,NA,NA,NA,2026-09-27 13:00:00,2026-09-24 15:09:01,2026-09-24 15:08:50,live
TE,00-0040058,Nick Kallerup,SEA,WAS,2026_03_SEA_WAS,2026,3,NA,NA,12,17,4.252322181364056,1.2667270785417173,-2.0707477531719025,5.288341460657428,-3.384170349914118,6.3880661943599,NA,NA,NA,NA,NA,0.2075,0.0495,0.1513013358616641,0.05338724910356462,platt_vol_vegas,platt,0.1513013358616641,0.05338724910356462,NA,NA,NA,2026-09-27 13:00:00,2026-09-24 15:09:01,2026-09-24 15:08:50,live
TE,00-0036825,Feleipe Franks,CAR,CLE,2026_03_CAR_CLE,2026,3,NA,NA,12,17,4.269345175288143,1.0079883708116233,-2.3365520477329036,5.03811669446998,-3.652755220171084,6.140169595720635,NA,NA,NA,NA,NA,0.192,0.053,0.15128473141280285,0.05721042642175668,platt_vol_vegas,platt,0.15128473141280285,0.05721042642175668,NA,NA,NA,2026-09-27 13:00:00,2026-09-24 15:09:01,2026-09-24 15:08:50,live
TE,00-0035631,Drew Sample,CIN,PIT,2026_03_CIN_PIT,2026,3,NA,NA,12,17,4.24862922764247,0.7193449468659333,-2.6165953262238357,4.739110205514633,-3.9294140160980686,5.8383292898387404,NA,NA,NA,NA,NA,0.168,0.0375,0.1506924835950194,0.04029714197416743,platt_vol_vegas,platt,0.1506924835950194,0.04029714197416743,NA,NA,NA,2026-09-27 13:00:00,2026-09-24 15:09:01,2026-09-24 15:08:50,live
TE,00-0038564,Cameron Latu,NE,JAX,2026_03_NE_JAX,2026,3,NA,NA,12,17,4.335555002869532,0.7078864743270884,-2.6640098254719966,4.770978284164693,-3.990978572005933,5.882045167765717,NA,NA,NA,NA,NA,0.1705,0.04,0.14968720295522056,0.04302144332118553,platt_vol_vegas,platt,0.14968720295522056,0.04302144332118553,NA,NA,NA,2026-09-27 13:00:00,2026-09-24 15:09:01,2026-09-24 15:08:50,live
TE,00-0038498,E.J. Jenkins,PHI,CHI,2026_03_PHI_CHI,2026,3,NA,NA,12,17,4.252322181364056,0.9276199217017796,-2.4098549100118403,4.94923430381749,-3.723277506754055,6.048959037519962,NA,NA,NA,NA,NA,0.166,0.0405,0.14839198346556698,0.04356650636336336,platt_vol_vegas,platt,0.14839198346556698,0.04356650636336336,NA,NA,NA,2026-09-28 20:15:00,2026-09-24 15:09:01,2026-09-24 15:08:50,live
TE,00-0040225,Thomas Fidone II,NYG,TEN,2026_03_TEN_NYG,2026,3,NA,NA,12,17,4.470143088491314,0.6433387902313743,-2.783565842979935,4.772714936563355,-4.132182449574481,5.901907507357087,NA,NA,NA,NA,NA,0.196,0.0545,0.14769155797512185,0.05884947016740101,platt_vol_vegas,platt,0.14769155797512185,0.05884947016740101,NA,NA,NA,2026-09-27 13:00:00,2026-09-24 15:09:01,2026-09-24 15:08:50,live
TE,00-0036422,Adam Trautman,DEN,LA,2026_03_LA_DEN,2026,3,NA,NA,12,17,4.334499631937842,0.9111956467796856,-2.4602661542891577,4.973763891218101,-3.787063909136466,6.084687604001514,NA,NA,NA,NA,NA,0.1695,0.0405,0.1475374231249979,0.04356650636336336,platt_vol_vegas,platt,0.1475374231249979,0.04356650636336336,NA,NA,NA,2026-09-27 20:20:00,2026-09-24 15:09:01,2026-09-24 15:08:50,live
TE,00-0034613,Tanner Hudson,CIN,PIT,2026_03_CIN_PIT,2026,3,NA,NA,12,17,4.1848603614244935,0.8904308324274678,-2.4189113916996563,4.878145783092431,-3.721262743152386,5.968600596886465,NA,NA,NA,NA,NA,0.176,0.043,0.1468336914044264,0.04629275136441496,platt_vol_vegas,platt,0.1468336914044264,0.04629275136441496,NA,NA,NA,2026-09-27 13:00:00,2026-09-24 15:09:01,2026-09-24 15:08:50,live
TE,00-0040081,Jake Briningstool,KC,MIA,2026_03_KC_MIA,2026,3,NA,NA,12,17,3.795233749125699,1.2772185462271604,-1.8652829580288453,5.0638925685290115,-3.101976174938295,6.099372026557804,NA,NA,NA,NA,NA,0.1705,0.0375,0.1462614672641514,0.04029714197416743,platt_vol_vegas,platt,0.1462614672641514,0.04029714197416743,NA,NA,NA,2026-09-27 13:00:00,2026-09-24 15:09:01,2026-09-24 15:08:50,live
TE,00-0034351,Dallas Goedert,PHI,CHI,2026_03_PHI_CHI,2026,3,NA,NA,12,17,5.310951547340611,1.0843504654364002,-2.669898586706261,5.6081724396650685,-4.147337604980579,6.845227622790002,NA,NA,NA,NA,NA,0.272,0.086,0.1459728589468522,0.00130736429769023,platt_vol_vegas,platt,0.23797285894685224,0.09330736429769024,role_change_down,0.92,"Zach Ertz signing implies reduced opportunity for sidelined starter Goedert, with explicit statement that Ertz could see significant playing time during Goedert's MCL sprain recovery.",2026-09-28 20:15:00,2026-09-24 15:09:01,2026-09-24 15:08:50,live
TE,00-0041133,Dallen Bentley,DEN,LA,2026_03_LA_DEN,2026,3,NA,NA,12,17,4.3174496491356615,0.6100847158777326,-2.754350653529761,4.664186200250806,-4.078383241721492,5.77279464742855,NA,NA,NA,NA,NA,0.1585,0.046,0.145925259150427,0.04956610774783282,platt_vol_vegas,platt,0.145925259150427,0.04956610774783282,NA,NA,NA,2026-09-27 20:20:00,2026-09-24 15:09:01,2026-09-24 15:08:50,live
TE,00-0039050,Payne Durham,TB,MIN,2026_03_MIN_TB,2026,3,NA,NA,12,17,4.356239348821847,0.8572198867823366,-2.523182181511202,4.930561038602448,-3.8534982697051015,6.044430641164409,NA,NA,NA,NA,NA,0.183,0.0405,0.1455089486228151,0.04356650636336336,platt_vol_vegas,platt,0.1455089486228151,0.04356650636336336,NA,NA,NA,2026-09-27 16:05:00,2026-09-24 15:09:01,2026-09-24 15:08:50,live
TE,00-0037755,Jelani Woods,NYJ,DET,2026_03_NYJ_DET,2026,3,NA,NA,12,17,4.3656775265354435,0.6435512382062752,-2.740725658834815,4.721561508987619,-4.072566638718437,5.836707898709757,NA,NA,NA,NA,NA,0.171,0.0375,0.14475009926645033,0.04029714197416743,platt_vol_vegas,platt,0.14475009926645033,0.04029714197416743,NA,NA,NA,2026-09-27 13:00:00,2026-09-24 15:09:01,2026-09-24 15:08:50,live
TE,00-0035249,Josh Oliver,MIN,TB,2026_03_MIN_TB,2026,3,NA,NA,12,17,4.199802393138056,0.7490345039799933,-2.5665570711979964,4.7442798425376935,-3.871367778690564,5.836793867641704,NA,NA,NA,NA,NA,0.176,0.0435,0.14425479178076636,0.04683817634331945,platt_vol_vegas,platt,0.14425479178076636,0.04683817634331945,NA,NA,NA,2026-09-27 16:05:00,2026-09-24 15:09:01,2026-09-24 15:08:50,live
TE,00-0034959,Andrew Beck,NYJ,DET,2026_03_NYJ_DET,2026,3,NA,NA,12,17,4.339078311502737,0.9667252948703264,-2.40662119911264,5.031564570106424,-3.7341606519160817,6.143109304325984,NA,NA,NA,NA,NA,0.185,0.0515,0.1436243145172969,0.05557169491281011,platt_vol_vegas,platt,0.1436243145172969,0.05557169491281011,NA,NA,NA,2026-09-27 13:00:00,2026-09-24 15:09:01,2026-09-24 15:08:50,live
TE,00-0033858,Jonnu Smith,GB,ATL,2026_03_ATL_GB,2026,3,NA,NA,12,17,4.099988830494473,0.9602873991454473,-2.3133571165691236,4.90498706885718,-3.601660069383627,5.983679201325576,NA,NA,NA,NA,NA,0.174,0.0375,0.14303040341541434,0.04029714197416743,platt_vol_vegas,platt,0.14303040341541434,0.04029714197416743,NA,NA,NA,2026-09-24 20:15:00,2026-09-24 15:09:01,2026-09-24 15:08:50,live
TE,00-0039530,Brevyn Spann-Ford,DAL,BAL,2026_03_BAL_DAL,2026,3,NA,NA,12,17,3.842892759786337,0.5201278072651088,-2.643201022602816,4.331898489900094,-3.888090579999531,5.374240718816223,NA,NA,NA,NA,NA,0.125,0.028,0.14251010412978815,0.02996373927867712,platt_vol_vegas,platt,0.14251010412978815,0.02996373927867712,NA,NA,NA,2026-09-27 16:25:00,2026-09-24 15:09:01,2026-09-24 15:08:50,live
TE,00-0037252,Greg Dulcich,MIA,KC,2026_03_KC_MIA,2026,3,NA,NA,12,17,4.710996775945856,0.3028751861021234,-3.220559699018833,4.548569048361198,-4.607164611299644,5.709569111624037,NA,NA,NA,NA,NA,0.1745,0.044,0.14160624819589107,0.04738365680131323,platt_vol_vegas,platt,0.14160624819589107,0.04738365680131323,NA,NA,NA,2026-09-27 13:00:00,2026-09-24 15:09:01,2026-09-24 15:08:50,live
TE,00-0039814,Erick All,CIN,PIT,2026_03_CIN_PIT,2026,3,NA,NA,12,17,4.111593927985306,0.6010153807834907,-2.677530732414934,4.5516214126193955,-3.9677626492576463,5.631928660784373,NA,NA,NA,NA,NA,0.155,0.043,0.14119191535965175,0.04629275136441496,platt_vol_vegas,platt,0.14119191535965175,0.04629275136441496,NA,NA,NA,2026-09-27 13:00:00,2026-09-24 15:09:01,2026-09-24 15:08:50,live
TE,00-0033110,Tyler Higbee,LA,DEN,2026_03_LA_DEN,2026,3,NA,NA,12,17,3.99185153173993,1.155363601667534,-2.0722895947070015,5.044644321233838,-3.3424932235951657,6.108181944990066,NA,NA,NA,NA,NA,0.164,0.035,0.14043496328864974,0.03757468480989566,platt_vol_vegas,platt,0.14043496328864974,0.03757468480989566,NA,NA,NA,2026-09-27 20:20:00,2026-09-24 15:09:01,2026-09-24 15:08:50,live
TE,00-0038547,Luke Schoonmaker,DAL,BAL,2026_03_BAL_DAL,2026,3,NA,NA,12,17,3.793437928648671,0.724501057594105,-2.417213260870642,4.510226531110076,-3.653596690393457,5.545446605105036,NA,NA,NA,NA,NA,0.144,0.0365,0.1403628068524137,0.03920792541404707,platt_vol_vegas,platt,0.1403628068524137,0.03920792541404707,NA,NA,NA,2026-09-27 16:25:00,2026-09-24 15:09:01,2026-09-24 15:08:50,live
TE,00-0041503,Nate Boerkircher,JAX,NE,2026_03_NE_JAX,2026,3,NA,NA,12,17,3.9162768944198847,0.8170973465602611,-2.3780646094228546,4.667226538028353,-3.6354817061338274,5.720058037397488,NA,NA,NA,NA,NA,0.1465,0.036,0.13979054263182825,0.03866343211875167,platt_vol_vegas,platt,0.13979054263182825,0.03866343211875167,NA,NA,NA,2026-09-27 13:00:00,2026-09-24 15:09:01,2026-09-24 15:08:50,live
TE,00-0041094,Bauer Sharp,TB,MIN,2026_03_MIN_TB,2026,3,NA,NA,12,17,4.252322181364056,1.0181665942023157,-2.3193082375113043,5.039780976318026,-3.632730834253519,6.139505710020498,NA,NA,NA,NA,NA,0.1845,0.045,0.1389574782735738,0.04847477896508845,platt_vol_vegas,platt,0.1389574782735738,0.04847477896508845,NA,NA,NA,2026-09-27 16:05:00,2026-09-24 15:09:01,2026-09-24 15:08:50,live
TE,00-0037311,Ko Kieft,TB,MIN,2026_03_MIN_TB,2026,3,NA,NA,12,17,4.252322181364056,1.0181665942023157,-2.3193082375113043,5.039780976318026,-3.632730834253519,6.139505710020498,NA,NA,NA,NA,NA,0.184,0.042,0.13893772445811647,0.04520207320489637,platt_vol_vegas,platt,0.13893772445811647,0.04520207320489637,NA,NA,NA,2026-09-27 16:05:00,2026-09-24 15:09:01,2026-09-24 15:08:50,live
TE,00-0033217,Mo Alie-Cox,IND,HOU,2026_03_HOU_IND,2026,3,NA,NA,12,17,4.252322181364056,0.5311646915731191,-2.8063101401405004,4.552779073688829,-4.119732736882716,5.652503807391302,NA,NA,NA,NA,NA,0.158,0.034,0.13785051475358556,0.03648626955092363,platt_vol_vegas,platt,0.13785051475358556,0.03648626955092363,NA,NA,NA,2026-09-27 13:00:00,2026-09-24 15:09:01,2026-09-24 15:08:50,live
TE,00-0039041,Elijah Higgins,ARI,SF,2026_03_ARI_SF,2026,3,NA,NA,12,17,4.379069369972362,0.5731705450335743,-2.8165975921451953,4.657797689777081,-4.150599582746393,5.7747534871809565,NA,NA,NA,NA,NA,0.1775,0.0505,0.13739796010646657,0.05447939311473114,platt_vol_vegas,platt,0.13739796010646657,0.05447939311473114,NA,NA,NA,2026-09-27 16:05:00,2026-09-24 15:09:01,2026-09-24 15:08:50,live
TE,00-0036290,Cole Kmet,CHI,PHI,2026_03_PHI_CHI,2026,3,NA,NA,12,17,4.491637969354696,0.5745232929995057,-2.8610940661717104,4.714398162406441,-4.2131394600176915,5.846461646306403,NA,NA,NA,NA,NA,0.1735,0.0425,0.1368973107600211,0.04574738319746326,platt_vol_vegas,platt,0.1368973107600211,0.04574738319746326,NA,NA,NA,2026-09-28 20:15:00,2026-09-24 15:09:01,2026-09-24 15:08:50,live
TE,00-0041041,Oscar Delp,NO,LV,2026_03_LV_NO,2026,3,NA,NA,12,17,3.999012854809767,0.8036425313016207,-2.427074402301077,4.696615014947378,-3.6984837276840024,5.761162164700734,NA,NA,NA,NA,NA,0.142,0.038,0.13671819362179322,0.04084186165655354,platt_vol_vegas,platt,0.13671819362179322,0.04084186165655354,NA,NA,NA,2026-09-27 16:25:00,2026-09-24 15:09:01,2026-09-24 15:08:50,live
TE,00-0040739,Elijah Arroyo,SEA,WAS,2026_03_SEA_WAS,2026,3,NA,NA,12,17,4.023381069426629,1.4787442454056468,-1.7623785351650936,5.384255641233489,-3.037882954963772,6.4522316010492125,NA,NA,NA,NA,NA,0.197,0.0595,0.13621628923385698,0.06431490573088806,platt_vol_vegas,platt,0.13621628923385698,0.06431490573088806,NA,NA,NA,2026-09-27 13:00:00,2026-09-24 15:09:01,2026-09-24 15:08:50,live
TE,00-0037304,Connor Heyward,LV,NO,2026_03_LV_NO,2026,3,NA,NA,12,17,4.252322181364056,0.6104151494553338,-2.727059682258286,4.632029531571044,-4.040482279000501,5.7317542652735165,NA,NA,NA,NA,NA,0.1645,0.04,0.13590321765875313,0.04302144332118553,platt_vol_vegas,platt,0.13590321765875313,0.04302144332118553,NA,NA,NA,2026-09-27 16:25:00,2026-09-24 15:09:01,2026-09-24 15:08:50,live
TE,00-0031484,Chris Manhertz,NYG,TEN,2026_03_TEN_NYG,2026,3,NA,NA,12,17,4.2876250296245315,0.8499975750645119,-2.502115355961573,4.889250679175205,-3.821298598515304,5.99379878404301,NA,NA,NA,NA,NA,0.189,0.048,0.13584234063337464,0.0517493467846333,platt_vol_vegas,platt,0.13584234063337464,0.0517493467846333,NA,NA,NA,2026-09-27 13:00:00,2026-09-24 15:09:01,2026-09-24 15:08:50,live
TE,00-0041558,Sam Roush,CHI,PHI,2026_03_PHI_CHI,2026,3,NA,NA,12,17,4.458649959065384,0.8256985956864219,-2.5965393264725303,4.949451415032683,-3.9433194057349783,6.0771062670935105,NA,NA,NA,NA,NA,0.173,0.0535,0.1348566801538494,0.05775674085216733,platt_vol_vegas,platt,0.1348566801538494,0.05775674085216733,NA,NA,NA,2026-09-28 20:15:00,2026-09-24 15:09:01,2026-09-24 15:08:50,live
TE,00-0037004,Hunter Long,ARI,SF,2026_03_ARI_SF,2026,3,NA,NA,12,17,4.323565674026501,0.7919389472373117,-2.575018383607428,4.849079362807947,-3.9000434590258246,5.9585188165130285,NA,NA,NA,NA,NA,0.177,0.049,0.13398282048522367,0.05284123879349835,platt_vol_vegas,platt,0.13398282048522367,0.05284123879349835,NA,NA,NA,2026-09-27 16:05:00,2026-09-24 15:09:01,2026-09-24 15:08:50,live
TE,00-0041131,Carsen Ryan,CLE,CAR,2026_03_CAR_CLE,2026,3,NA,NA,12,17,4.2185185960418,1.109585350090777,-2.213819339712453,5.114245391599166,-3.5217048033656413,6.209333900657027,NA,NA,NA,NA,NA,0.1845,0.0445,0.13278387952838233,0.04792919143411586,platt_vol_vegas,platt,0.13278387952838233,0.04792919143411586,NA,NA,NA,2026-09-27 13:00:00,2026-09-24 15:09:01,2026-09-24 15:08:50,live
TE,00-0033757,Robert Tonyan,PIT,CIN,2026_03_CIN_PIT,2026,3,NA,NA,12,17,4.269345175288143,1.050179085185739,-2.294361333358788,5.080307408844096,-3.610564505796968,6.182360310094751,NA,NA,NA,NA,NA,0.184,0.0515,0.13179544029895626,0.05557169491281011,platt_vol_vegas,platt,0.13179544029895626,0.05557169491281011,NA,NA,NA,2026-09-27 13:00:00,2026-09-24 15:09:01,2026-09-24 15:08:50,live
TE,00-0038488,Brady Russell,SEA,WAS,2026_03_SEA_WAS,2026,3,NA,Limited Participation in Practice,12,17,3.956770569703043,1.3272775544492923,-1.885329882589801,5.198428326919577,-3.1496124360263886,6.257008252262233,NA,NA,NA,NA,NA,0.175,0.044,0.1313537708349146,0.04738365680131323,platt_vol_vegas,platt,0.1313537708349146,0.04738365680131323,NA,NA,NA,2026-09-27 13:00:00,2026-09-24 15:09:01,2026-09-24 15:08:50,live
TE,00-0036590,Quintin Morris,JAX,NE,2026_03_NE_JAX,2026,3,NA,NA,12,17,3.77363846947141,0.8787099587400513,-2.254313744669756,4.653963352538067,-3.4872770884186552,5.6863197991473795,NA,NA,NA,NA,NA,0.1525,0.0435,0.13134832020844453,0.04683817634331945,platt_vol_vegas,platt,0.13134832020844453,0.04683817634331945,NA,NA,NA,2026-09-27 13:00:00,2026-09-24 15:09:01,2026-09-24 15:08:50,live
TE,00-0037809,Chig Okonkwo,WAS,SEA,2026_03_SEA_WAS,2026,3,NA,Did Not Participate In Practice,12,17,4.668060758216999,0.0767013500784309,-3.4296986634679496,4.301868410495937,-4.809599709386669,5.4572553469037075,NA,NA,NA,NA,NA,0.153,0.04,0.130655495131675,0.04302144332118553,platt_vol_vegas,platt,0.130655495131675,0.04302144332118553,NA,NA,NA,2026-09-27 13:00:00,2026-09-24 15:09:01,2026-09-24 15:08:50,live
TE,00-0036187,Reggie Gilliam,NE,JAX,2026_03_NE_JAX,2026,3,NA,Limited Participation in Practice,12,17,4.02305373130868,0.909825597757949,-2.331157597988341,4.815168795661959,-3.606607085878364,5.883098761158134,NA,NA,NA,NA,NA,0.1725,0.0395,0.13018087360031425,0.04247644574696996,platt_vol_vegas,platt,0.13018087360031425,0.04247644574696996,NA,NA,NA,2026-09-27 13:00:00,2026-09-24 15:09:01,2026-09-24 15:08:50,live
TE,00-0039074,Davis Allen,LA,DEN,2026_03_LA_DEN,2026,3,NA,NA,12,17,3.844657914996746,0.702993504272077,-2.4611043693138166,4.515690874727228,-3.706296574505046,5.558286509718487,NA,NA,NA,NA,NA,0.1305,0.027,0.1299105590288655,0.02887816647662592,platt_vol_vegas,platt,0.1299105590288655,0.02887816647662592,NA,NA,NA,2026-09-27 20:20:00,2026-09-24 15:09:01,2026-09-24 15:08:50,live
TE,00-0036876,Kylen Granson,TEN,NYG,2026_03_TEN_NYG,2026,3,NA,NA,12,17,4.423193588398047,0.8409349003517406,-2.5668703988666097,4.947296594096681,-3.907970695042659,6.070195781105247,NA,NA,NA,NA,NA,0.1885,0.049,0.1297956727875178,0.05284123879349835,platt_vol_vegas,platt,0.1297956727875178,0.05284123879349835,NA,NA,NA,2026-09-27 13:00:00,2026-09-24 15:09:01,2026-09-24 15:08:50,live
TE,00-0041472,Marlin Klein,HOU,IND,2026_03_HOU_IND,2026,3,NA,NA,12,17,3.963052742313574,0.9811324841065528,-2.2341738944619074,4.855535446516324,-3.4995185834862372,5.91500469474659,NA,NA,NA,NA,NA,0.1575,0.0425,0.1289251685188092,0.04574738319746326,platt_vol_vegas,platt,0.1289251685188092,0.04574738319746326,NA,NA,NA,2026-09-27 13:00:00,2026-09-24 15:09:01,2026-09-24 15:08:50,live
TE,00-0036628,John Bates,WAS,SEA,2026_03_SEA_WAS,2026,3,NA,NA,12,17,4.612274829709758,0.4881772444309425,-2.9959791480742606,4.686541026681524,-4.367126487678481,5.83459851149504,NA,NA,NA,NA,NA,0.1825,0.0465,0.12855863501167542,0.05011184657662508,platt_vol_vegas,platt,0.12855863501167542,0.05011184657662508,NA,NA,NA,2026-09-27 13:00:00,2026-09-24 15:09:01,2026-09-24 15:08:50,live
TE,00-0037317,Nick Muse,ATL,GB,2026_03_ATL_GB,2026,3,NA,Full Participation in Practice,12,17,4.252322181364056,0.5450890957324082,-2.792385735981211,4.566703477848119,-4.105808332723427,5.66642821155059,NA,NA,NA,NA,NA,0.148,0.036,0.12543249132527054,0.03866343211875167,platt_vol_vegas,platt,0.12543249132527054,0.03866343211875167,NA,NA,NA,2026-09-24 20:15:00,2026-09-24 15:09:01,2026-09-24 15:08:50,live
TE,00-0033576,Eric Saubert,SEA,WAS,2026_03_SEA_WAS,2026,3,NA,NA,12,17,3.856534109232652,1.0968044393025504,-2.0724633461932203,4.915731487325145,-3.3196901072891336,5.960030649769055,NA,NA,NA,NA,NA,0.169,0.044,0.1252729570102161,0.04738365680131323,platt_vol_vegas,platt,0.1252729570102161,0.04738365680131323,NA,NA,NA,2026-09-27 13:00:00,2026-09-24 15:09:01,2026-09-24 15:08:50,live
TE,00-0033246,Johnny Mundt,PHI,CHI,2026_03_PHI_CHI,2026,3,NA,NA,12,17,3.86792032467146,0.7558892962236597,-2.4183280736070167,4.580780529910699,-3.6675026833722817,5.626710620103612,NA,NA,NA,NA,NA,0.145,0.0375,0.12393069734567252,0.04029714197416743,platt_vol_vegas,platt,0.12393069734567252,0.04029714197416743,NA,NA,NA,2026-09-28 20:15:00,2026-09-24 15:09:01,2026-09-24 15:08:50,live
TE,00-0041579,Seydou Traore,MIA,KC,2026_03_KC_MIA,2026,3,NA,Full Participation in Practice,12,17,4.423193588398047,0.15238769440137911,-3.255417604816971,4.258749388146319,-4.596517900993021,5.381648575154886,NA,NA,NA,NA,NA,0.1465,0.035,0.12320011936624246,0.03757468480989566,platt_vol_vegas,platt,0.12320011936624246,0.03757468480989566,NA,NA,NA,2026-09-27 13:00:00,2026-09-24 15:09:01,2026-09-24 15:08:50,live
TE,00-0039359,Cade Stover,HOU,IND,2026_03_HOU_IND,2026,3,NA,NA,12,17,3.8547410033012985,1.038630996226709,-2.129856700136511,4.856618046846181,-3.376776466649446,5.9006601636622404,NA,NA,NA,NA,NA,0.155,0.041,0.12261107480789116,0.04411163334672653,platt_vol_vegas,platt,0.12261107480789116,0.04411163334672653,NA,NA,NA,2026-09-27 13:00:00,2026-09-24 15:09:01,2026-09-24 15:08:50,live
TE,00-0040187,Mitchell Evans,CAR,CLE,2026_03_CAR_CLE,2026,3,NA,NA,12,17,3.821952188335683,0.6320249582168919,-2.5221677545516035,4.432786736882137,-3.7634619042673823,5.472118541914685,NA,NA,NA,NA,NA,0.1355,0.0315,0.12147075142174318,0.03376679392100568,platt_vol_vegas,platt,0.12147075142174318,0.03376679392100568,NA,NA,NA,2026-09-27 13:00:00,2026-09-24 15:09:01,2026-09-24 15:08:50,live
TE,00-0041077,Justin Joly,MIA,KC,2026_03_KC_MIA,2026,3,NA,NA,12,17,4.400641983354807,-0.31271094737488897,-3.711308203243679,3.7825551721910786,-5.0487847860385315,4.902420235039578,NA,NA,NA,NA,NA,0.1105,0.024,0.12022733423453356,0.02562453010478809,platt_vol_vegas,platt,0.12022733423453356,0.02562453010478809,NA,NA,NA,2026-09-27 13:00:00,2026-09-24 15:09:01,2026-09-24 15:08:50,live
TE,00-0034981,Foster Moreau,HOU,IND,2026_03_HOU_IND,2026,3,NA,NA,12,17,3.778925844044307,0.5980914212373623,-2.537255175862807,4.3761438721502115,-3.77113266614961,5.409265730867139,NA,NA,NA,NA,NA,0.13,0.0295,0.11736161942668756,0.0315929722364222,platt_vol_vegas,platt,0.11736161942668756,0.0315929722364222,NA,NA,NA,2026-09-27 13:00:00,2026-09-24 15:09:01,2026-09-24 15:08:50,live
TE,00-0039648,David Martin-Robinson,TEN,NYG,2026_03_TEN_NYG,2026,3,NA,NA,12,17,4.2185185960418,0.7109111948928751,-2.6124934949103547,4.7155712364012645,-3.920378958563543,5.810659745459126,NA,NA,NA,NA,NA,0.1565,0.034,0.11704873835788464,0.03648626955092363,platt_vol_vegas,platt,0.11704873835788464,0.03648626955092363,NA,NA,NA,2026-09-27 13:00:00,2026-09-24 15:09:01,2026-09-24 15:08:50,live
TE,00-0037805,Jeremy Ruckert,NYJ,DET,2026_03_NYJ_DET,2026,3,NA,NA,12,17,3.8795911964144096,0.4238463183353351,-2.7554372639059364,4.254842273022724,-4.006605619900159,5.302441720851291,NA,NA,NA,NA,NA,0.125,0.0285,0.11423811238053938,0.03050670342925691,platt_vol_vegas,platt,0.11423811238053938,0.03050670342925691,NA,NA,NA,2026-09-27 13:00:00,2026-09-24 15:09:01,2026-09-24 15:08:50,live
TE,00-0037292,Andrew Ogletree,IND,HOU,2026_03_HOU_IND,2026,3,NA,NA,12,17,3.81006663881842,1.0602036328212734,-2.0887930764221414,4.854704293857279,-3.328042402195657,5.892323974040632,NA,NA,NA,NA,NA,0.1505,0.038,0.1123662179368833,0.04084186165655354,platt_vol_vegas,platt,0.1123662179368833,0.04084186165655354,NA,NA,NA,2026-09-27 13:00:00,2026-09-24 15:09:01,2026-09-24 15:08:50,live
TE,00-0038558,Darnell Washington,PIT,CIN,2026_03_CIN_PIT,2026,3,NA,NA,12,17,3.964939575998144,0.4093539492943659,-2.806762655827998,4.284733224313595,-4.072426199650652,5.344469448693843,NA,NA,NA,NA,NA,0.119,0.026,0.11210768780466156,0.02779308891056006,platt_vol_vegas,platt,0.11210768780466156,0.02779308891056006,NA,NA,NA,2026-09-27 13:00:00,2026-09-24 15:09:01,2026-09-24 15:08:50,live
TE,00-0034365,Ian Thomas,LV,NO,2026_03_LV_NO,2026,3,NA,NA,12,17,3.778210755201611,0.6307124781696741,-2.5043200496035936,4.408386479570322,-3.738073941729603,5.441404849924248,NA,NA,NA,NA,NA,0.127,0.026,0.10793002900225954,0.02779308891056006,platt_vol_vegas,platt,0.10793002900225954,0.02779308891056006,NA,NA,NA,2026-09-27 16:25:00,2026-09-24 15:09:01,2026-09-24 15:08:50,live
TE,00-0038710,Blake Whiteheart,CLE,CAR,2026_03_CAR_CLE,2026,3,NA,NA,12,17,3.77363846947141,0.7096718697520615,-2.4233518336577453,4.484925263550077,-3.656315177406645,5.51728171015939,NA,NA,NA,NA,NA,0.133,0.0285,0.10641435713226964,0.03050670342925691,platt_vol_vegas,platt,0.10641435713226964,0.03050670342925691,NA,NA,NA,2026-09-27 13:00:00,2026-09-24 15:09:01,2026-09-24 15:08:50,live
TE,00-0036429,Charlie Woerner,ATL,GB,2026_03_ATL_GB,2026,3,NA,NA,12,17,3.798959528141532,0.6272277367475848,-2.5169063786399524,4.4158690345310605,-3.7542420897883018,5.451886451026177,NA,NA,NA,NA,NA,0.141,0.0285,0.10144697208643969,0.03050670342925691,platt_vol_vegas,platt,0.10144697208643969,0.03050670342925691,NA,NA,NA,2026-09-24 20:15:00,2026-09-24 15:09:01,2026-09-24 15:08:50,live
TE,00-0038115,Daniel Bellinger,TEN,NYG,2026_03_TEN_NYG,2026,3,NA,NA,12,17,3.857673056913974,0.5396827448923625,-2.6300804501219264,4.359206755033076,-3.877502173603797,5.403669158888022,NA,NA,NA,NA,NA,0.1285,0.0335,0.0979419828076521,0.03594219152108819,platt_vol_vegas,platt,0.0979419828076521,0.03594219152108819,NA,NA,NA,2026-09-27 13:00:00,2026-09-24 15:09:01,2026-09-24 15:08:50,live
TE,00-0041524,Will Kacmarek,MIA,KC,2026_03_KC_MIA,2026,3,NA,NA,12,17,3.892924766970076,0.5223766095748411,-2.662686175637937,4.360336429747155,-3.916128866617943,5.409840171321538,NA,NA,NA,NA,NA,0.1285,0.026,0.09564290673007958,0.02779308891056006,platt_vol_vegas,platt,0.09564290673007958,0.02779308891056006,NA,NA,NA,2026-09-27 13:00:00,2026-09-24 15:09:01,2026-09-24 15:08:50,live
TE,00-0039912,Ben Sinnott,WAS,SEA,2026_03_SEA_WAS,2026,3,NA,NA,12,17,3.880649458851418,0.13527413873482863,-3.044468470050637,3.966823214522747,-4.29581747035412,5.014573915280408,NA,NA,NA,NA,NA,0.111,0.0265,0.08913655064473104,0.02833556413937982,platt_vol_vegas,platt,0.08913655064473104,0.02833556413937982,NA,NA,NA,2026-09-27 13:00:00,2026-09-24 15:09:01,2026-09-24 15:08:50,live
TE,00-0039686,Colson Yankoff,WAS,SEA,2026_03_SEA_WAS,2026,3,NA,NA,12,17,3.795233749125699,0.6071710377422258,-2.5353304665137797,4.393845060044077,-3.7720236834232295,5.429324518072869,NA,NA,NA,NA,NA,0.1205,0.0275,0.08594620305471853,0.02942089259379163,platt_vol_vegas,platt,0.08594620305471853,0.02942089259379163,NA,NA,NA,2026-09-27 13:00:00,2026-09-24 15:09:01,2026-09-24 15:08:50,live
TE,00-0039489,Hayden Rucci,LAC,BUF,2026_03_LAC_BUF,2026,3,NA,NA,12,17,4.462294658333395,0.8077976266551518,-2.615920814531441,4.933334452447836,-3.963283534036546,6.061477147406516,NA,NA,NA,NA,NA,0.197,0.0545,0.07826144665288474,0,platt_vol_vegas,platt,0.16326144665288475,0.05884947016740101,role_change_down,0.85,"Both Njoku and Kolar placed on injured reserve, reducing their opportunity and elevating Rucci and remaining healthy Chargers TEs into a larger target/snap share.",2026-09-27 13:00:00,2026-09-24 15:09:01,2026-09-24 15:08:50,live
WR,00-0038543,Jaxon Smith-Njigba,SEA,WAS,2026_03_SEA_WAS,2026,3,NA,NA,15,20,8.947016229310924,NA,NA,NA,NA,NA,18.840660908330783,8.651155445247971,30.735732173431096,7.0746578072811666,35.640601975346065,0.5818941880573175,0.3618440415319566,0.685582244840653,0.4567577815868445,platt,platt,0.600582244840653,0.37175778158684447,role_change_up,0.85,"Drew Lock is demonstrating a clear tendency to heavily target JSN (155 yards and all TDs in this game), establishing him as the primary receiving option and suggesting sustained high-volume opportunity if Lock continues as starter.",2026-09-27 13:00:00,2026-09-24 15:09:01,2026-09-24 15:08:50,live
WR,00-0036963,Amon-Ra St. Brown,DET,NYJ,2026_03_NYJ_DET,2026,3,NA,NA,15,20,10.08692888558394,NA,NA,NA,NA,NA,20.641107767418752,9.390056347364396,33.775411383402485,7.649318678336014,39.19127209911194,0.648978681565151,0.4314841638425718,0.6697233013443916,0.44338887438735497,platt,platt,0.6697233013443916,0.44338887438735497,NA,NA,NA,2026-09-27 13:00:00,2026-09-24 15:09:01,2026-09-24 15:08:50,live
WR,00-0039075,Puka Nacua,LA,DEN,2026_03_LA_DEN,2026,3,NA,Did Not Participate In Practice,15,20,8.964284578198074,NA,NA,NA,NA,NA,17.30408746873495,7.0983321993248065,29.21812850670676,5.519320427439997,34.13082039425981,0.5004196126556251,0.30051598391528633,0.6003940480914974,0.3934078729899792,platt,platt,0.5153940480914975,0.3084078729899792,role_change_up,0.85,"Nacua likely to miss second consecutive game, explicitly increasing target/snap opportunity for Adams and Ferguson.",2026-09-27 20:20:00,2026-09-24 15:09:01,2026-09-24 15:08:50,live
WR,00-0037239,Chris Olave,NO,LV,2026_03_LV_NO,2026,3,NA,NA,15,20,9.634132918712194,NA,NA,NA,NA,NA,16.479312819736933,5.6472971194723005,29.124440609908476,3.971391725657435,34.33859225785534,0.46394154615038097,0.282817157068427,0.47693896229888544,0.2900925944719258,platt,platt,0.47693896229888544,0.2900925944719258,NA,NA,NA,2026-09-27 16:25:00,2026-09-24 15:09:01,2026-09-24 15:08:50,live
WR,00-0036358,CeeDee Lamb,DAL,BAL,2026_03_BAL_DAL,2026,3,NA,NA,15,20,8.056073389084935,NA,NA,NA,NA,NA,16.271623029146077,6.928196247797745,27.17899511183004,5.482602022967237,31.676592373274932,0.46374969681966893,0.2614811658267403,0.4767363247886882,0.26800024411886225,platt,platt,0.4767363247886882,0.26800024411886225,NA,NA,NA,2026-09-27 16:25:00,2026-09-24 15:09:01,2026-09-24 15:08:50,live
WR,00-0037247,George Pickens,DAL,BAL,2026_03_BAL_DAL,2026,3,NA,NA,15,20,7.252971258372925,NA,NA,NA,NA,NA,15.967276957694292,7.400533541054827,25.96796087900455,6.075106040149034,30.091690066575552,0.4542932747969034,0.24081027872665173,0.4667437180661438,0.24658730145793573,platt,platt,0.4667437180661438,0.24658730145793573,NA,NA,NA,2026-09-27 16:25:00,2026-09-24 15:09:01,2026-09-24 15:08:50,live
WR,00-0036322,Justin Jefferson,MIN,TB,2026_03_MIN_TB,2026,3,NA,NA,15,20,9.10350108738768,NA,NA,NA,NA,NA,15.8678194088799,5.5312564769852255,27.93456329125492,3.9320064342950296,32.910221390063654,0.44248493989168247,0.26127185282561305,0.45425449065229306,0.2677834544057084,platt,platt,0.45425449065229306,0.2677834544057084,NA,NA,NA,2026-09-27 16:05:00,2026-09-24 15:09:01,2026-09-24 15:08:50,live
WR,00-0039064,Zay Flowers,BAL,DAL,2026_03_BAL_DAL,2026,3,NA,Did Not Participate In Practice,15,20,8.530780252405064,NA,NA,NA,NA,NA,17.191911639283564,7.395768195125857,28.62777816034105,5.880130654437382,33.343297311742475,0.4994973430097327,0.29387949500002775,0.42942378960348454,0.216541594980315,platt,platt,0.5144237896034846,0.301541594980315,role_change_down,0.85,"Zay Flowers' hamstring absence is explicitly noted as impacting Ravens offensive opportunities and Jackson's performance, indicating reduced target share/opportunity for Flowers in upcoming weeks.",2026-09-27 16:25:00,2026-09-24 15:09:01,2026-09-24 15:08:50,live
WR,00-0036912,DeVonta Smith,PHI,CHI,2026_03_PHI_CHI,2026,3,NA,NA,15,20,8.62929764499155,NA,NA,NA,NA,NA,15.258589483250166,5.369047322260155,26.80348822346827,3.838959339692167,31.563966234491303,0.41890917952628026,0.23830364385930092,0.42928741002564785,0.24399030448512632,platt,platt,0.42928741002564785,0.24399030448512632,NA,NA,NA,2026-09-28 20:15:00,2026-09-24 15:09:01,2026-09-24 15:08:50,live
WR,00-0040667,Matthew Golden,GB,ATL,2026_03_ATL_GB,2026,3,NA,NA,15,20,7.574153696004293,NA,NA,NA,NA,NA,13.28333013225844,4.404264633679366,23.648614027119542,3.0305153544255887,27.92268408782977,0.32939696286492104,0.17402980001943424,0.4193129105073532,0.2624130000968265,platt,platt,0.3343129105073532,0.17741300009682648,role_change_up,0.85,"Golden led Packers receivers in targets (12) in Week 1, establishing him as a featured pass-catcher and elevating his opportunity tier in the receiving corps.",2026-09-24 20:15:00,2026-09-24 15:09:01,2026-09-24 15:08:50,live
WR,00-0037740,Garrett Wilson,NYJ,DET,2026_03_NYJ_DET,2026,3,NA,NA,15,20,9.545063271925406,NA,NA,NA,NA,NA,14.815219979662354,4.066031139346686,27.363656973079628,2.402940533211444,32.5379386817421,0.4012348947644256,0.23746627533585796,0.4105483534982875,0.2431227380388756,platt,platt,0.4105483534982875,0.2431227380388756,NA,NA,NA,2026-09-27 13:00:00,2026-09-24 15:09:01,2026-09-24 15:08:50,live
WR,00-0031381,Davante Adams,LA,DEN,2026_03_LA_DEN,2026,3,NA,NA,15,20,7.624262020780373,NA,NA,NA,NA,NA,14.825059088279668,5.89747709425251,25.246980390420127,4.516221450656179,29.544404586841868,0.40025390525357296,0.2094120030570027,0.4095078451147228,0.21405616470628988,platt,platt,0.4095078451147228,0.21405616470628988,NA,NA,NA,2026-09-27 20:20:00,2026-09-24 15:09:01,2026-09-24 15:08:50,live
WR,00-0036900,Ja'Marr Chase,CIN,PIT,2026_03_CIN_PIT,2026,3,NA,NA,15,20,9.048493572695309,NA,NA,NA,NA,NA,14.769163796518525,4.484244068217942,26.77562020082746,2.892984147205201,31.726419076516827,0.3990921793339638,0.22989855616428057,0.408275585644755,0.23528191667601153,platt,platt,0.408275585644755,0.23528191667601153,NA,NA,NA,2026-09-27 13:00:00,2026-09-24 15:09:01,2026-09-24 15:08:50,live
WR,00-0035640,DK Metcalf,PIT,CIN,2026_03_CIN_PIT,2026,3,NA,NA,15,20,8.672640190705398,NA,NA,NA,NA,NA,14.596748787498466,4.666174752659687,26.189547503367017,3.1297384097676098,30.969776816323783,0.39168489466627154,0.21966179668239272,0.4004174239395083,0.22467556131855967,platt,platt,0.4004174239395083,0.22467556131855967,NA,NA,NA,2026-09-27 13:00:00,2026-09-24 15:09:01,2026-09-24 15:08:50,live
WR,00-0038124,Christian Watson,GB,ATL,2026_03_ATL_GB,2026,3,NA,NA,15,20,7.328356323482898,NA,NA,NA,NA,NA,14.42321943624056,5.782958653902806,24.509726394534503,4.446156709576494,28.668844258056104,0.38102110313249793,0.19403061049402912,0.38910167422895736,0.1981227088026349,platt,platt,0.38910167422895736,0.1981227088026349,NA,NA,NA,2026-09-24 20:15:00,2026-09-24 15:09:01,2026-09-24 15:08:50,live
WR,00-0038997,Josh Downs,IND,HOU,2026_03_HOU_IND,2026,3,NA,NA,15,20,7.099472824851852,NA,NA,NA,NA,NA,12.654767829113624,4.238131998183087,22.480218473803248,2.935928809307784,26.531691145407933,0.29618860711525774,0.15308811606165074,0.3841116599069821,0.24074733313870408,platt,platt,0.299111659906982,0.15574733313870406,role_change_up,0.85,Alec Pierce's heel injury creates a near-term opportunity increase for Downs as the team's primary receiving option.,2026-09-27 13:00:00,2026-09-24 15:09:01,2026-09-24 15:08:50,live
WR,00-0035676,A.J. Brown,NE,JAX,2026_03_NE_JAX,2026,3,NA,NA,15,20,7.427278874097814,NA,NA,NA,NA,NA,12.043264720096191,3.3067309782517924,22.24215924404606,1.9550338956077091,26.447619526592405,0.2789520703650835,0.1462352497553927,0.37287190582973107,0.24066321630492205,platt,platt,0.28087190582973104,0.14866321630492202,role_change_up,0.92,A.J. Brown's 6-week absence creates immediate increased target share and snap opportunities for these three receivers in New England's passing game.,2026-09-27 13:00:00,2026-09-24 15:09:01,2026-09-24 15:08:50,live
WR,00-0040124,Tetairoa McMillan,CAR,CLE,2026_03_CAR_CLE,2026,3,NA,NA,15,20,8.1922792334981,NA,NA,NA,NA,NA,13.995497801324651,4.521712291643393,25.05504864961859,3.055949254101632,29.615396021197164,0.36500391278202426,0.1961275124851023,0.3721013923463066,0.20029460535557933,platt,platt,0.3721013923463066,0.20029460535557933,NA,NA,NA,2026-09-27 13:00:00,2026-09-24 15:09:01,2026-09-24 15:08:50,live
WR,00-0041037,Denzel Boston,CLE,CAR,2026_03_CAR_CLE,2026,3,NA,NA,15,20,7.030649599985505,NA,NA,NA,NA,NA,12.28692813302951,3.937777621571122,22.033597458313828,2.646015611331107,26.052585069014352,0.2828385461701187,0.14388020144070468,0.36998219606358,0.23122947152087553,platt,platt,0.28498219606357994,0.14622947152087554,role_change_up,0.85,"Blurb indicates Boston is emerging as the clear WR1 on the Browns offense with consecutive weeks of TD production, suggesting increased target opportunity and role elevation.",2026-09-27 13:00:00,2026-09-24 15:09:01,2026-09-24 15:08:50,live
WR,00-0037238,Drake London,ATL,GB,2026_03_ATL_GB,2026,3,NA,NA,15,20,8.71363989716054,NA,NA,NA,NA,NA,13.87236622719196,3.9030110086025065,25.5104374978602,2.3605745271559133,30.309334709641934,0.3621163700141813,0.19957834925759965,0.36903641226644224,0.20386906777215125,platt,platt,0.36903641226644224,0.20386906777215125,NA,NA,NA,2026-09-24 20:15:00,2026-09-24 15:09:01,2026-09-24 15:08:50,live
WR,00-0035719,Deebo Samuel Sr.,SF,ARI,2026_03_ARI_SF,2026,3,NA,NA,15,20,7.111659724158265,NA,NA,NA,NA,NA,13.944547754803729,5.515973797046547,23.783934784324707,4.2119235677224065,27.841154050597368,0.35717634025366296,0.1808789404675959,0.3637928388412832,0.18450338612380696,platt,platt,0.3637928388412832,0.18450338612380696,NA,NA,NA,2026-09-27 16:05:00,2026-09-24 15:09:01,2026-09-24 15:08:50,live
WR,00-0035659,Terry McLaurin,WAS,SEA,2026_03_SEA_WAS,2026,3,NA,NA,15,20,7.562859964598778,NA,NA,NA,NA,NA,12.059133759759856,3.191010899229397,22.41164338801027,1.8189546406133008,26.680446047362068,0.2809156229513704,0.14899224037446446,0.35494834837943756,0.22351285056835707,platt,platt,0.28294834837943755,0.15151285056835706,role_change_up,0.72,"QB change from Daniels to Maroita expected to increase McLaurin's targets based on stated rapport, implying improved opportunity despite recent quiet performance.",2026-09-27 13:00:00,2026-09-24 15:09:01,2026-09-24 15:08:50,live
WR,00-0037240,Jameson Williams,DET,NYJ,2026_03_NYJ_DET,2026,3,NA,NA,15,20,6.359789357368793,NA,NA,NA,NA,NA,13.880231235007871,6.195124289940377,22.851706359359767,5.006101624383492,26.551046736173713,0.3488227678817357,0.16684990602366812,0.35492635224357566,0.16998233205643096,platt,platt,0.35492635224357566,0.16998233205643096,NA,NA,NA,2026-09-27 13:00:00,2026-09-24 15:09:01,2026-09-24 15:08:50,live
WR,00-0038393,Dontayvion Wicks,PHI,CHI,2026_03_PHI_CHI,2026,3,NA,NA,15,20,6.557196619495255,NA,NA,NA,NA,NA,12.181472117659125,4.299754134192894,21.38246793089347,3.0803122457643184,25.176449951353323,0.27342580709043984,0.13159949098557877,0.35303006538396564,0.21154567184716505,platt,platt,0.2750300653839656,0.13354567184716504,role_change_up,0.78,Dallas Goedert's knee injury creates expanded target opportunity for Wicks as Eagles' pass-catching option.,2026-09-28 20:15:00,2026-09-24 15:09:01,2026-09-24 15:08:50,live
WR,00-0038606,Parker Washington,JAX,NE,2026_03_NE_JAX,2026,3,NA,NA,15,20,7.4382775358743745,NA,NA,NA,NA,NA,13.654640372735305,4.907416360710961,23.866014552944677,3.554065303224924,28.076620755827378,0.3455202631130254,0.17962311211397364,0.3514213201151819,0.1832031906547004,platt,platt,0.3514213201151819,0.1832031906547004,NA,NA,NA,2026-09-27 13:00:00,2026-09-24 15:09:01,2026-09-24 15:08:50,live
WR,00-0039424,Devaughn Vele,NO,LV,2026_03_LV_NO,2026,3,NA,NA,15,20,7.130226007945833,NA,NA,NA,NA,NA,13.654230900909669,5.207476477770189,23.51484152485715,3.900613407250159,27.58081222818056,0.3432692200504136,0.17496556061286306,0.349032344052425,0.17838161156882923,platt,platt,0.349032344052425,0.17838161156882923,NA,NA,NA,2026-09-27 16:25:00,2026-09-24 15:09:01,2026-09-24 15:08:50,live
WR,00-0031408,Mike Evans,SF,ARI,2026_03_ARI_SF,2026,3,NA,Did Not Participate In Practice,15,20,6.85498517176503,NA,NA,NA,NA,NA,13.57702756794059,5.400650096988697,23.122004314820707,4.1356191475690185,27.05782505623247,0.33726979879582575,0.16878891801744134,0.3426658630884936,0.17198883395604184,platt,platt,0.3426658630884936,0.17198883395604184,NA,NA,NA,2026-09-27 16:05:00,2026-09-24 15:09:01,2026-09-24 15:08:50,live
WR,00-0039491,Jalen Coker,CAR,CLE,2026_03_CAR_CLE,2026,3,NA,Limited Participation in Practice,15,20,6.715260609519961,NA,NA,NA,NA,NA,13.390852492853666,5.352448687598104,22.77476091388508,4.108764717073521,26.64416598195673,0.32660603561945145,0.16218729432474077,0.3313523037204352,0.16515820541570891,platt,platt,0.3313523037204352,0.16515820541570891,NA,NA,NA,2026-09-27 13:00:00,2026-09-24 15:09:01,2026-09-24 15:08:50,live
WR,00-0036550,Rashod Bateman,BAL,DAL,2026_03_BAL_DAL,2026,3,NA,NA,15,20,6.539530785470024,NA,NA,NA,NA,NA,11.650206133203469,3.786040435382392,20.830711679332023,2.5693141975769755,24.61624464638811,0.2537208887690282,0.11903020967513532,0.32622890272094685,0.1925785871812651,platt,platt,0.25422890272094684,0.12057858718126511,role_change_up,0.72,"If Zay Flowers remains unavailable, Bateman moves to primary WR role against Dallas, increasing opportunity.",2026-09-27 16:25:00,2026-09-24 15:09:01,2026-09-24 15:08:50,live
WR,00-0036410,Tee Higgins,CIN,PIT,2026_03_CIN_PIT,2026,3,NA,NA,15,20,7.082241947809135,NA,NA,NA,NA,NA,13.2109163432727,4.811165726830204,23.0166554494201,3.5115749808112717,27.06000017223068,0.32138179422150737,0.1647001413862473,0.3258113108904729,0.16775795894957837,platt,platt,0.3258113108904729,0.16775795894957837,NA,NA,NA,2026-09-27 13:00:00,2026-09-24 15:09:01,2026-09-24 15:08:50,live
WR,00-0036613,Jaylen Waddle,DEN,LA,2026_03_LA_DEN,2026,3,NA,NA,15,20,8.150155434757774,NA,NA,NA,NA,NA,12.990431402313392,3.5569209064393448,24.00296582167705,2.0973891295182483,28.543926217144723,0.3213687440195224,0.17644594567168848,0.3257974709634121,0.17991404025380958,platt,platt,0.3257974709634121,0.17991404025380958,NA,NA,NA,2026-09-27 20:20:00,2026-09-24 15:09:01,2026-09-24 15:08:50,live
WR,00-0036554,Nico Collins,HOU,IND,2026_03_HOU_IND,2026,3,NA,Did Not Participate In Practice,15,20,9.03136107936005,NA,NA,NA,NA,NA,14.739149054382692,4.4703250981113065,26.72681550308016,2.8815554791723237,31.66986643982877,0.39788580036065346,0.22882612953153436,0.32199590740872536,0.14917077042442217,platt,platt,0.4069959074087254,0.2341707704244222,role_change_down,0.85,"Collins ruled out creates opportunity void at WR that Bond's elevation is meant to fill, increasing target share for remaining Texans receivers.",2026-09-27 13:00:00,2026-09-24 15:09:01,2026-09-24 15:08:50,live
WR,00-0039337,Malik Nabers,NYG,TEN,2026_03_TEN_NYG,2026,3,NA,Limited Participation in Practice,15,20,8.26105906714939,NA,NA,NA,NA,NA,12.572843854770928,3.0333743489416385,23.709073185449327,1.5574488295056614,28.301038524194496,0.3044812958189038,0.17004660502961866,0.30789573274777765,0.1732903919415504,platt,platt,0.30789573274777765,0.1732903919415504,NA,NA,NA,2026-09-27 13:00:00,2026-09-24 15:09:01,2026-09-24 15:08:50,live
WR,00-0039067,Rashee Rice,KC,MIA,2026_03_KC_MIA,2026,3,NA,Full Participation in Practice,15,20,7.48087101504615,NA,NA,NA,NA,NA,12.576635717262842,3.788038348008902,22.836308515546033,2.428286096649076,27.06683039845997,0.2970254464886203,0.15814064060985444,0.299997854069272,0.16097232709761597,platt,platt,0.299997854069272,0.16097232709761597,NA,NA,NA,2026-09-27 13:00:00,2026-09-24 15:09:01,2026-09-24 15:08:50,live
WR,00-0039410,Ryan Flournoy,DAL,BAL,2026_03_BAL_DAL,2026,3,NA,NA,15,20,6.479228719793982,NA,NA,NA,NA,NA,12.698139250889495,4.893950197420076,21.80862898895069,3.686503412724148,25.56529130740009,0.29148691281323513,0.14175107080368166,0.2941337140109956,0.1440295582808473,platt,platt,0.2941337140109956,0.1440295582808473,NA,NA,NA,2026-09-27 16:25:00,2026-09-24 15:09:01,2026-09-24 15:08:50,live
WR,00-0039893,Brian Thomas Jr.,JAX,NE,2026_03_NE_JAX,2026,3,NA,NA,15,20,6.284089202431272,NA,NA,NA,NA,NA,12.7239271613407,5.114494740170787,21.6070610155519,3.937180268756496,25.26997433627521,0.29028764215834135,0.13804749021238127,0.292864273339594,0.1402037176307835,platt,platt,0.292864273339594,0.1402037176307835,NA,NA,NA,2026-09-27 13:00:00,2026-09-24 15:09:01,2026-09-24 15:08:50,live
WR,00-0038618,Xavier Hutchinson,HOU,IND,2026_03_HOU_IND,2026,3,NA,NA,15,20,6.690054260664193,NA,NA,NA,NA,NA,10.171342627955427,2.1578821142865188,19.52613263572484,0.9180573143970516,23.383530879902334,0.2028073115733152,0.09385768159937292,0.2857651906591273,0.17966830647347426,platt,platt,0.2007651906591273,0.09466830647347424,role_change_up,0.85,"Nico Collins' absence elevated Hutchinson to lead target volume (9 targets), materially expanding his opportunity and weekly relevance.",2026-09-27 13:00:00,2026-09-24 15:09:01,2026-09-24 15:08:50,live
WR,00-0038117,Wan'Dale Robinson,TEN,NYG,2026_03_TEN_NYG,2026,3,NA,NA,15,20,6.974959197500797,NA,NA,NA,NA,NA,12.204802214864165,3.910343450960207,21.887625238958503,2.62704322634347,25.88028616462357,0.279366516070196,0.14099903507648215,0.28131014680353844,0.14325260653064684,platt,platt,0.28131014680353844,0.14325260653064684,NA,NA,NA,2026-09-27 13:00:00,2026-09-24 15:09:01,2026-09-24 15:08:50,live
WR,00-0039901,Keon Coleman,BUF,LAC,2026_03_LAC_BUF,2026,3,NA,Did Not Participate In Practice,15,20,6.0404157714514275,NA,NA,NA,NA,NA,10.210224245060427,2.845469913375344,18.80772467751476,1.7060114921425455,22.3528585656,0.1931436358427641,0.08318433999781605,0.2756774113004931,0.16871277986416106,platt,platt,0.19067741130049312,0.08371277986416105,role_change_up,0.85,"Blurb explicitly identifies secondary beneficiaries if Coleman is ruled out, implying meaningful target/snap opportunity shift to these players.",2026-09-27 13:00:00,2026-09-24 15:09:01,2026-09-24 15:08:50,live
WR,00-0039890,Adonai Mitchell,NYJ,DET,2026_03_NYJ_DET,2026,3,NA,NA,15,20,7.280130906806214,NA,NA,NA,NA,NA,11.904251500529876,3.311006112805039,21.93587341346969,1.981478285836424,26.072359718463005,0.27266173087577983,0.14058500971264287,0.27422261481328813,0.1428248832766996,platt,platt,0.27422261481328813,0.1428248832766996,NA,NA,NA,2026-09-27 13:00:00,2026-09-24 15:09:01,2026-09-24 15:08:50,live
WR,00-0032464,Kalif Raymond,CHI,PHI,2026_03_PHI_CHI,2026,3,NA,NA,15,20,6.7073979174978815,NA,NA,NA,NA,NA,12.084330232631132,4.053705316184956,21.459157699038578,2.811224878047538,25.32481828344006,0.2718501811291971,0.13273397915099228,0.27336506664274596,0.1347168444187683,platt,platt,0.27336506664274596,0.1347168444187683,NA,NA,NA,2026-09-28 20:15:00,2026-09-24 15:09:01,2026-09-24 15:08:50,live
WR,00-0032775,Demarcus Robinson,SF,ARI,2026_03_ARI_SF,2026,3,NA,Did Not Participate In Practice,15,20,5.38965595169612,NA,NA,NA,NA,NA,10.799096052390944,4.096451034169495,18.62366030089884,3.0594326943060075,21.85007803647398,0.19739735688164084,0.07867077650972842,0.27011502758709083,0.15408666569007623,platt,platt,0.19511502758709084,0.07908666569007622,role_change_up,0.75,"Robinson likely to miss multiple weeks or be placed on IR, opening target share for other Rams receivers.",2026-09-27 16:05:00,2026-09-24 15:09:01,2026-09-24 15:08:50,live
WR,00-0038621,DeMario Douglas,NE,JAX,2026_03_NE_JAX,2026,3,NA,NA,15,20,5.908292805818338,NA,NA,NA,NA,NA,9.83614774568502,2.604774973473412,18.27794060615409,1.4859530506673622,21.758869299437283,0.1816631716180851,0.07526436842603523,0.2637239121859971,0.16059827286239986,platt,platt,0.1787239121859971,0.07559827286239987,role_change_up,0.85,A.J. Brown's ankle injury creates expanded opportunity for Douglas as primary receiver for New England.,2026-09-27 13:00:00,2026-09-24 15:09:01,2026-09-24 15:08:50,live
WR,00-0038559,Michael Wilson,ARI,SF,2026_03_ARI_SF,2026,3,NA,NA,15,20,6.96821632881652,NA,NA,NA,NA,NA,11.722714962311317,3.4348832863480663,21.3978016263222,2.152608390048094,25.38727250477322,0.26252014848651706,0.13038439069743635,0.26351170505833654,0.1322914148884247,platt,platt,0.26351170505833654,0.1322914148884247,NA,NA,NA,2026-09-27 16:05:00,2026-09-24 15:09:01,2026-09-24 15:08:50,live
WR,00-0040129,Emeka Egbuka,TB,MIN,2026_03_MIN_TB,2026,3,NA,NA,15,20,7.759826985172192,NA,NA,NA,NA,NA,11.321162852732842,2.262598573386244,21.895990851276313,0.8610776417276291,26.25646531624904,0.2594402609034171,0.13770706932591217,0.2602614085001785,0.13985211608980538,platt,platt,0.2602614085001785,0.13985211608980538,NA,NA,NA,2026-09-27 16:05:00,2026-09-24 15:09:01,2026-09-24 15:08:50,live
WR,00-0037261,Khalil Shakir,BUF,LAC,2026_03_LAC_BUF,2026,3,NA,NA,15,20,6.499811561042522,NA,NA,NA,NA,NA,11.722589538004437,3.897917870639777,20.856990363101417,2.6873020614468093,24.62351229198265,0.2557678780077085,0.119731301266642,0.25638745541013114,0.12130142041883096,platt,platt,0.25638745541013114,0.12130142041883096,NA,NA,NA,2026-09-27 13:00:00,2026-09-24 15:09:01,2026-09-24 15:08:50,live
WR,00-0038544,Quentin Johnston,LAC,BUF,2026_03_LAC_BUF,2026,3,NA,NA,15,20,7.387396637767164,NA,NA,NA,NA,NA,11.345450621728425,2.6477039447817834,21.499065725318346,1.3020079106102234,25.685855278062224,0.2553885017416443,0.13104987329968498,0.25598735920831805,0.13297832532759998,platt,platt,0.25598735920831805,0.13297832532759998,NA,NA,NA,2026-09-27 13:00:00,2026-09-24 15:09:01,2026-09-24 15:08:50,live
WR,00-0035535,Darius Slayton,IND,HOU,2026_03_HOU_IND,2026,3,NA,NA,15,20,5.632487811421241,NA,NA,NA,NA,NA,9.3942158794923,2.442963660838351,17.509000333178534,1.3674813674804227,20.855088837306468,0.16502548269475625,0.06277743903443644,0.25346705356091975,0.15483536135741394,platt,platt,0.16146705356091973,0.06283536135741394,role_change_up,0.92,Slayton signing with Colts as replacement for injured Alec Pierce represents a direct opportunity increase in a pass-heavy receiving corps.,2026-09-27 13:00:00,2026-09-24 15:09:01,2026-09-24 15:08:50,live
WR,00-0040727,Tre Harris,LAC,BUF,2026_03_LAC_BUF,2026,3,NA,NA,15,20,6.58532046373187,NA,NA,NA,NA,NA,11.552950383203283,3.643306245352063,20.78654675764967,2.4195436843859497,24.59397144731686,0.2508822830837125,0.11791486389031104,0.25123655851685917,0.11942877022629556,platt,platt,0.25123655851685917,0.11942877022629556,NA,NA,NA,2026-09-27 13:00:00,2026-09-24 15:09:01,2026-09-24 15:08:50,live
WR,00-0041438,Carnell Tate,TEN,NYG,2026_03_TEN_NYG,2026,3,NA,NA,15,20,7.171674254458899,NA,NA,NA,NA,NA,11.200333083749133,2.7130213402704886,21.108289696911086,1.399883331290626,25.19378326878772,0.24745620924544365,0.12352496868427608,0.247626475768974,0.12521368949754494,platt,platt,0.247626475768974,0.12521368949754494,NA,NA,NA,2026-09-27 13:00:00,2026-09-24 15:09:01,2026-09-24 15:08:50,live
WR,00-0034348,Courtland Sutton,DEN,LA,2026_03_LA_DEN,2026,3,NA,NA,15,20,6.95808957927003,NA,NA,NA,NA,NA,11.276408652260248,2.998531932941562,20.939874053673343,1.7177972454076649,24.924552965880057,0.24684028966733595,0.120454865056011,0.2469776601315179,0.1220474814622496,platt,platt,0.2469776601315179,0.1220474814622496,NA,NA,NA,2026-09-27 20:20:00,2026-09-24 15:09:01,2026-09-24 15:08:50,live
WR,00-0039855,Jalen McMillan,TB,MIN,2026_03_MIN_TB,2026,3,NA,Full Participation in Practice,15,20,5.353793714221172,NA,NA,NA,NA,NA,10.088702508817162,3.4229356430889295,17.870215771816355,2.3916230090134976,21.07888166092851,0.17757295560246344,0.06681199754373679,0.24647386706305305,0.1389545634829616,platt,platt,0.17447386706305304,0.06695456348296158,role_change_up,0.72,Impact note explicitly signals potential workload increase from 7 snaps to full workload as McMillan recovers from knee injury.,2026-09-27 16:05:00,2026-09-24 15:09:01,2026-09-24 15:08:50,live
WR,00-0039894,Xavier Worthy,KC,MIA,2026_03_KC_MIA,2026,3,NA,NA,15,20,6.594532897975453,NA,NA,NA,NA,NA,11.390742193505009,3.471954882959488,20.635012166506485,2.246777710635806,24.446838058155897,0.24512222610227577,0.11444672081912888,0.24516813795056816,0.1158543836558181,platt,platt,0.24516813795056816,0.1158543836558181,NA,NA,NA,2026-09-27 13:00:00,2026-09-24 15:09:01,2026-09-24 15:08:50,live
WR,00-0031588,Stefon Diggs,WAS,SEA,2026_03_SEA_WAS,2026,3,NA,NA,15,20,6.731824881045123,NA,NA,NA,NA,NA,11.323927409610498,3.2691410512000143,20.726960570109213,2.0229224084633035,24.604251623476117,0.24494941206562393,0.11625933361608908,0.2449861492904468,0.11772234345539308,platt,platt,0.2449861492904468,0.11772234345539308,NA,NA,NA,2026-09-27 13:00:00,2026-09-24 15:09:01,2026-09-24 15:08:50,live
WR,00-0034827,DJ Moore,BUF,LAC,2026_03_LAC_BUF,2026,3,NA,Limited Participation in Practice,15,20,6.898673178990053,NA,NA,NA,NA,NA,12.921461164291252,4.7020437052785535,22.516682128330604,3.4303537045671515,26.47322080727909,0.30511403835705175,0.15516114075222576,0.23356616883890255,0.0828909297747942,platt,platt,0.3085661688389026,0.1578909297747942,role_change_down,0.75,"Blurb notes Shakir may receive increased opportunity if DJ Moore (shoulder) misses time, implying Moore's potential absence could reduce his snap/target share.",2026-09-27 13:00:00,2026-09-24 15:09:01,2026-09-24 15:08:50,live
WR,00-0039915,Ladd McConkey,LAC,BUF,2026_03_LAC_BUF,2026,3,NA,Full Participation in Practice,15,20,6.097975059799053,NA,NA,NA,NA,NA,11.254186103019642,3.831483026210596,19.91933500531091,2.6830589039295916,23.492363382588703,0.23103725482561044,0.09887119571730708,0.23035118119694603,0.099821337657019,platt,platt,0.23035118119694603,0.099821337657019,NA,NA,NA,2026-09-27 13:00:00,2026-09-24 15:09:01,2026-09-24 15:08:50,live
WR,00-0038994,Jordan Addison,MIN,TB,2026_03_MIN_TB,2026,3,NA,NA,15,20,6.967556990919306,NA,NA,NA,NA,NA,10.797166012400254,2.5099824126787507,20.471496122218326,1.2278077852944822,24.460655039544346,0.2303148773479895,0.11024983978751646,0.22959216807331817,0.11153093572378509,platt,platt,0.22959216807331817,0.11153093572378509,NA,NA,NA,2026-09-27 16:05:00,2026-09-24 15:09:01,2026-09-24 15:08:50,live
WR,00-0039880,Malik Washington,MIA,KC,2026_03_KC_MIA,2026,3,NA,NA,15,20,7.019689004021641,NA,NA,NA,NA,NA,10.65744136868883,2.319048942948088,20.391551870902575,1.0289513998192952,24.405360917250384,0.22638210108766943,0.1084596595488534,0.2254615896503674,0.10968746887046926,platt,platt,0.2254615896503674,0.10968746887046926,NA,NA,NA,2026-09-27 13:00:00,2026-09-24 15:09:01,2026-09-24 15:08:50,live
WR,00-0041523,Caleb Douglas,MIA,KC,2026_03_KC_MIA,2026,3,NA,Did Not Participate In Practice,15,20,6.874124131104921,NA,NA,NA,NA,NA,10.61631273106916,2.4210743437122524,20.183307420387763,1.1531252752268235,24.128207144056965,0.2223128141163626,0.10402962254043312,0.22119065472973043,0.10512746942006,platt,platt,0.22119065472973043,0.10512746942006,NA,NA,NA,2026-09-27 13:00:00,2026-09-24 15:09:01,2026-09-24 15:08:50,live
WR,00-0040170,Elic Ayomanor,TEN,NYG,2026_03_TEN_NYG,2026,3,NA,NA,15,20,5.565471484837477,NA,NA,NA,NA,NA,8.856586807468835,1.973755518208268,16.891497725181473,0.9088591589731444,20.204650798672812,0.14950905210102228,0.05308845975620979,0.22045356294968352,0.12796344322602932,platt,platt,0.1454535629496835,0.05296344322602931,role_change_up,0.75,"Second-year WR has emerged as the Titans' leading pass-catcher through two games, indicating a solidified receiving role and increased target opportunity.",2026-09-27 13:00:00,2026-09-24 15:09:01,2026-09-24 15:08:50,live
WR,00-0041547,KC Concepcion,CLE,CAR,2026_03_CAR_CLE,2026,3,NA,NA,15,20,6.641667460969818,NA,NA,NA,NA,NA,10.71279894150782,2.7472660495810644,20.011638984064973,1.5148565048032037,23.84596655563599,0.22135792502127816,0.10026323652604052,0.22018890544976985,0.10125283658117391,platt,platt,0.22018890544976985,0.10125283658117391,NA,NA,NA,2026-09-27 13:00:00,2026-09-24 15:09:01,2026-09-24 15:08:50,live
WR,00-0039792,Devontez Walker,BAL,DAL,2026_03_BAL_DAL,2026,3,NA,NA,15,20,4.71588867816568,NA,NA,NA,NA,NA,9.59473347018263,3.592449378088718,16.601707193050018,2.663789324087541,19.490995794198568,0.14807424709513706,0.04540238077004344,0.21597711144312748,0.1171559358461416,platt,platt,0.1439771114431275,0.04515593584614159,role_change_up,0.72,"If Chris Moore is sidelined, Devontez Walker is explicitly noted to see increased work, representing a direct opportunity shift.",2026-09-27 16:25:00,2026-09-24 15:09:01,2026-09-24 15:08:50,live
WR,00-0036252,Michael Pittman,PIT,CIN,2026_03_CIN_PIT,2026,3,NA,Limited Participation in Practice,15,20,6.621484199519541,NA,NA,NA,NA,NA,10.42542812671527,2.4799048585732795,19.700909243584615,1.2505911583138385,23.525604885538915,0.21054078171229929,0.09609000578850556,0.2088537116800244,0.09696223963066544,platt,platt,0.2088537116800244,0.09696223963066544,NA,NA,NA,2026-09-27 13:00:00,2026-09-24 15:09:01,2026-09-24 15:08:50,live
WR,00-0034960,Jakobi Meyers,JAX,NE,2026_03_NE_JAX,2026,3,NA,Limited Participation in Practice,15,20,6.087485609973005,NA,NA,NA,NA,NA,10.495532758634294,3.0833830048580317,19.14836187465003,1.9365916692607537,22.716310253134857,0.20132391071361025,0.08806543656173038,0.1992152372421788,0.08872027071649892,platt,platt,0.1992152372421788,0.08872027071649892,NA,NA,NA,2026-09-27 13:00:00,2026-09-24 15:09:01,2026-09-24 15:08:50,live
WR,00-0040735,Luther Burden III,CHI,PHI,2026_03_PHI_CHI,2026,3,NA,NA,15,20,6.696280589420757,NA,NA,NA,NA,NA,10.098368142721684,2.078744764304984,19.4603525835907,0.8379664596793734,23.32071741425311,0.200317601984057,0.09301040911829184,0.19816407387718396,0.0937978727301774,platt,platt,0.19816407387718396,0.0937978727301774,NA,NA,NA,2026-09-28 20:15:00,2026-09-24 15:09:01,2026-09-24 15:08:50,live
WR,00-0041042,Malachi Fields,NYG,TEN,2026_03_TEN_NYG,2026,3,NA,NA,15,20,6.583893582962278,NA,NA,NA,NA,NA,10.13576900399941,2.22754121776173,19.36771195145265,1.0039977915692688,23.174454859233236,0.19949946176004177,0.09169515693777196,0.1973096427940096,0.09244691450704703,platt,platt,0.1973096427940096,0.09244691450704703,NA,NA,NA,2026-09-27 13:00:00,2026-09-24 15:09:01,2026-09-24 15:08:50,live
WR,00-0033921,Chris Godwin Jr.,TB,MIN,2026_03_MIN_TB,2026,3,NA,NA,15,20,6.165366528348674,NA,NA,NA,NA,NA,10.337328031985193,2.8468979965804246,19.081540339461668,1.687995309796003,22.68717009422488,0.19816648795235656,0.0872635333768671,0.19591788347499017,0.08789728441147379,platt,platt,0.19591788347499017,0.08789728441147379,NA,NA,NA,2026-09-27 16:05:00,2026-09-24 15:09:01,2026-09-24 15:08:50,live
WR,00-0033307,Kendrick Bourne,ARI,SF,2026_03_ARI_SF,2026,3,NA,NA,15,20,6.163485410580131,NA,NA,NA,NA,NA,10.086759714776742,2.598218412237431,18.82876714468416,1.43960794600404,22.43348772982877,0.1921101813811793,0.08375417972557153,0.1895999615833277,0.08429713180753513,platt,platt,0.1895999615833277,0.08429713180753513,NA,NA,NA,2026-09-27 16:05:00,2026-09-24 15:09:01,2026-09-24 15:08:50,live
WR,00-0037816,Romeo Doubs,NE,JAX,2026_03_NE_JAX,2026,3,NA,NA,15,20,6.186573664548247,NA,NA,NA,NA,NA,10.008726222013818,2.4970101124653654,18.777787563607863,1.3348140916000428,22.3936636863275,0.1906033548022481,0.08309935967229898,0.18802947572775663,0.0836256409989821,platt,platt,0.18802947572775663,0.0836256409989821,NA,NA,NA,2026-09-27 13:00:00,2026-09-24 15:09:01,2026-09-24 15:08:50,live
WR,00-0038619,Andrei Iosivas,CIN,PIT,2026_03_CIN_PIT,2026,3,NA,Did Not Participate In Practice,15,20,5.087473615496819,NA,NA,NA,NA,NA,7.844339035000042,1.4538023341481008,15.304552855413892,0.4650726994534278,18.380732616600724,0.10858561193646254,0.03626244603406992,0.1836828479038203,0.11590504625522416,platt,platt,0.10368284790382028,0.03590504625522413,role_change_up,0.8,Iosivas' 4-game IR absence creates increased target and snap opportunities for remaining Bengals receivers.,2026-09-27 13:00:00,2026-09-24 15:09:01,2026-09-24 15:08:50,live
WR,00-0039739,Roman Wilson,PIT,CIN,2026_03_CIN_PIT,2026,3,NA,NA,15,20,6.042606567338812,NA,NA,NA,NA,NA,9.791552070900265,2.424590370531207,18.391629351455748,1.28479043012174,21.937825789243615,0.18294035414768084,0.07732259511337791,0.1800519665423009,0.07770572206376018,platt,platt,0.1800519665423009,0.07770572206376018,NA,NA,NA,2026-09-27 13:00:00,2026-09-24 15:09:01,2026-09-24 15:08:50,live
WR,00-0035544,Tom Kennedy,DET,NYJ,2026_03_NYJ_DET,2026,3,NA,NA,15,20,4.618941705692378,NA,NA,NA,NA,NA,8.093192668396446,2.193064360602208,14.980911306825302,1.2802096224955637,17.821025703855916,0.0996639449947041,0.02997747577366072,0.17968562261334148,0.11456963663572645,platt,platt,0.09468562261334149,0.02956963663572643,role_change_up,0.85,Signing to active roster with new special teams role (punt returns) represents a material opportunity gain for Kennedy.,2026-09-27 13:00:00,2026-09-24 15:09:01,2026-09-24 15:08:50,live
WR,00-0036040,Juwan Johnson,NO,LV,2026_03_LV_NO,2026,3,NA,NA,15,20,5.954690154909249,NA,NA,NA,NA,NA,9.712006559127916,2.4337360488326745,18.208547114536444,1.3076582122256362,21.71205073062997,0.1794193156414211,0.07443340892764572,0.17639178636071567,0.07474771977885851,platt,platt,0.17639178636071567,0.07474771977885851,NA,NA,NA,2026-09-27 16:25:00,2026-09-24 15:09:01,2026-09-24 15:08:50,live
WR,00-0038104,Tyquan Thornton,KC,MIA,2026_03_KC_MIA,2026,3,NA,NA,15,20,5.4113450769275655,NA,NA,NA,NA,NA,10.110087577019078,3.385159698845424,17.96066449199858,2.344693804416205,21.197808413184575,0.17931356598719184,0.06850100647897261,0.17628191182445216,0.06868034368204891,platt,platt,0.17628191182445216,0.06868034368204891,NA,NA,NA,2026-09-27 13:00:00,2026-09-24 15:09:01,2026-09-24 15:08:50,live
WR,00-0030279,Keenan Allen,IND,HOU,2026_03_HOU_IND,2026,3,NA,Limited Participation in Practice,15,20,6.508371759087728,NA,NA,NA,NA,NA,9.20800301945376,1.3748161541731363,18.352344355050864,0.16288289248456422,22.1229652009273,0.17710029658708937,0.07815140115783559,0.17398304715451607,0.07855462099140967,platt,platt,0.17398304715451607,0.07855462099140967,NA,NA,NA,2026-09-27 13:00:00,2026-09-24 15:09:01,2026-09-24 15:08:50,live
WR,00-0040867,Makai Lemon,PHI,CHI,2026_03_PHI_CHI,2026,3,NA,NA,15,20,5.64517559606033,NA,NA,NA,NA,NA,9.659929605813025,2.695739631720248,17.78981739532972,1.6182556375963897,21.14213368020583,0.1721690653295569,0.06703499286983361,0.16886626542091632,0.06718236962022413,platt,platt,0.16886626542091632,0.06718236962022413,NA,NA,NA,2026-09-28 20:15:00,2026-09-24 15:09:01,2026-09-24 15:08:50,live
WR,00-0041067,Bryce Lance,NO,LV,2026_03_LV_NO,2026,3,NA,NA,15,20,5.6527103544440775,NA,NA,NA,NA,NA,9.614923494085152,2.6430527034191655,17.753777750212375,1.564380350426548,21.10979131023108,0.1711582844734736,0.06653436868450702,0.167818351750575,0.06667096410604226,platt,platt,0.167818351750575,0.06667096410604226,NA,NA,NA,2026-09-27 16:25:00,2026-09-24 15:09:01,2026-09-24 15:08:50,live
WR,00-0037545,Rashid Shaheed,SEA,WAS,2026_03_SEA_WAS,2026,3,NA,NA,15,20,5.764026381764948,NA,NA,NA,NA,NA,9.525349885729383,2.440210836792585,17.79643175673807,1.344013870631299,21.206968675277057,0.1711052651033913,0.06769470180364012,0.16776339322468192,0.06785638961495337,platt,platt,0.16776339322468192,0.06785638961495337,NA,NA,NA,2026-09-27 13:00:00,2026-09-24 15:09:01,2026-09-24 15:08:50,live
WR,00-0038563,Tre Tucker,LV,NO,2026_03_LV_NO,2026,3,NA,NA,15,20,6.1086015191416445,NA,NA,NA,NA,NA,11.550445337444636,4.117054306549378,20.228071192223368,2.9669765677672917,23.806244374951405,0.2427358772751137,0.10552750782333398,0.16765550700641427,0.03166898685503118,platt,platt,0.24265550700641428,0.1066689868550312,role_change_down,0.75,Brock Bowers' imminent return from knee injury will likely reduce Tucker's target share in the Raiders' passing game.,2026-09-27 16:25:00,2026-09-24 15:09:01,2026-09-24 15:08:50,live
WR,00-0040669,Isaac TeSlaa,DET,NYJ,2026_03_NYJ_DET,2026,3,NA,NA,15,20,5.658709950513145,NA,NA,NA,NA,NA,9.559735863474147,2.581750448003403,17.705728238136707,1.50213205385141,21.064685163627228,0.1698554072969367,0.06584844919486055,0.16646807260859792,0.06597038435713153,platt,platt,0.16646807260859792,0.06597038435713153,NA,NA,NA,2026-09-27 13:00:00,2026-09-24 15:09:01,2026-09-24 15:08:50,live
WR,00-0038976,Marvin Mims Jr.,DEN,LA,2026_03_LA_DEN,2026,3,NA,Limited Participation in Practice,15,20,5.273791072446275,NA,NA,NA,NA,NA,9.788682400698308,3.2053396403685666,17.473975036383507,2.1867794806838727,20.642964858096356,0.16770094929797186,0.06014463431991768,0.164236385314133,0.06014988029079107,platt,platt,0.164236385314133,0.06014988029079107,NA,NA,NA,2026-09-27 20:20:00,2026-09-24 15:09:01,2026-09-24 15:08:50,live
WR,00-0041048,Ted Hurst III,TB,MIN,2026_03_MIN_TB,2026,3,NA,NA,15,20,6.052000893749798,NA,NA,NA,NA,NA,9.002321304099471,1.625895786031032,17.613446499235494,0.4846316247814784,21.1641984862414,0.16382834220801956,0.06639368914671917,0.16022865793143423,0.06652726724872778,platt,platt,0.16022865793143423,0.06652726724872778,NA,NA,NA,2026-09-27 16:05:00,2026-09-24 15:09:01,2026-09-24 15:08:50,live
WR,00-0041550,Brenen Thompson,LAC,BUF,2026_03_LAC_BUF,2026,3,NA,Did Not Participate In Practice,15,20,4.709727287646984,NA,NA,NA,NA,NA,7.482549352311035,1.4867467703967074,14.48195666032434,0.5590895212446565,17.368125290276463,0.09102541455306,0.02620169298997243,0.1580189133965492,0.0977758607788168,platt,platt,0.0860189133965492,0.02577586077881681,role_change_up,0.72,"Thompson's quad injury may reduce his snaps, directly creating increased target/snap opportunity for Johnston and Harris in the Chargers passing game.",2026-09-27 13:00:00,2026-09-24 15:09:01,2026-09-24 15:08:50,live
WR,00-0038608,Kayshon Boutte,HOU,IND,2026_03_HOU_IND,2026,3,NA,NA,15,20,5.57901693225145,NA,NA,NA,NA,NA,9.306001548082309,2.40932943152285,17.357070033763748,1.3422916502507825,20.67688559505666,0.16157137040424452,0.06019462651703833,0.15789518284166837,0.06020085307632167,platt,platt,0.15789518284166837,0.06020085307632167,NA,NA,NA,2026-09-27 13:00:00,2026-09-24 15:09:01,2026-09-24 15:08:50,live
WR,00-0033555,Mack Hollins,NE,JAX,2026_03_NE_JAX,2026,3,NA,NA,15,20,5.443288593763267,NA,NA,NA,NA,NA,9.343310112031112,2.5855924715179324,17.232165289013363,1.5400534179383465,20.48509304933599,0.15950757070115174,0.05745625302923851,0.1557629098472101,0.05740992681776363,platt,platt,0.1557629098472101,0.05740992681776363,NA,NA,NA,2026-09-27 13:00:00,2026-09-24 15:09:01,2026-09-24 15:08:50,live
WR,00-0039919,Rome Odunze,CHI,PHI,2026_03_PHI_CHI,2026,3,NA,NA,15,20,6.81680733469982,NA,NA,NA,NA,NA,10.751345010396774,2.612618085089517,20.25236909193553,1.3534123444095556,24.170066183968324,0.22602504826940897,0.10558631730850064,0.15008671891518052,0.03172951598756374,platt,platt,0.22508671891518053,0.10672951598756376,role_change_down,0.75,Elevation of Davis suggests potential absence or reduced role for Odunze if his questionable status results in him being unavailable or limited.,2026-09-28 20:15:00,2026-09-24 15:09:01,2026-09-24 15:08:50,live
WR,00-0037741,Jahan Dotson,ATL,GB,2026_03_ATL_GB,2026,3,NA,NA,15,20,5.944428711130344,NA,NA,NA,NA,NA,8.685552108795143,1.4176482306691742,17.169990817958105,0.2931742963504007,20.668504301678787,0.1537891440923056,0.05955411926793308,0.1498623725261038,0.05954784114848367,platt,platt,0.1498623725261038,0.05954784114848367,NA,NA,NA,2026-09-24 20:15:00,2026-09-24 15:09:01,2026-09-24 15:08:50,live
WR,00-0039451,Isaiah Williams,NYJ,DET,2026_03_NYJ_DET,2026,3,NA,NA,15,20,5.512040425035971,NA,NA,NA,NA,NA,8.966659916767465,2.138482035719403,16.937769290045615,1.0820415303297883,20.224614133713196,0.15112615765574788,0.05341686548037006,0.14711851824377747,0.05329753562047134,platt,platt,0.14711851824377747,0.05329753562047134,NA,NA,NA,2026-09-27 13:00:00,2026-09-24 15:09:01,2026-09-24 15:08:50,live
WR,00-0033908,Cooper Kupp,SEA,WAS,2026_03_SEA_WAS,2026,3,NA,Limited Participation in Practice,15,20,5.364538266901644,NA,NA,NA,NA,NA,8.83684400551392,2.160023726023101,16.631260852980972,1.127000932337733,19.84524746698685,0.1440148919523485,0.04874340231096963,0.1398041377964385,0.04854689416701222,platt,platt,0.1398041377964385,0.04854689416701222,NA,NA,NA,2026-09-27 13:00:00,2026-09-24 15:09:01,2026-09-24 15:08:50,live
WR,00-0036309,Darnell Mooney,NYG,TEN,2026_03_TEN_NYG,2026,3,NA,NA,15,20,5.382588521802269,NA,NA,NA,NA,NA,8.736433503242832,2.0410527442675814,16.552517567728575,1.005158314449062,19.775438544217707,0.14177410516494326,0.04818160548818273,0.1375033581852142,0.04797638271383855,platt,platt,0.1375033581852142,0.04797638271383855,NA,NA,NA,2026-09-27 13:00:00,2026-09-24 15:09:01,2026-09-24 15:08:50,live
WR,00-0040582,Arian Smith,NYJ,DET,2026_03_NYJ_DET,2026,3,NA,NA,15,20,4.356954316905616,NA,NA,NA,NA,NA,6.775138533477397,1.1529662446415632,13.338375609375792,0.2831162440007544,16.044691748130866,0.06930099246667154,0.01185792095015969,0.13645054584828192,0.08348209655634804,platt,platt,0.06445054584828191,0.01148209655634804,role_change_up,0.72,"Loss of Smith creates increased target opportunities for remaining Jets receivers, though Smith was a rookie depth piece rather than a featured player.",2026-09-27 13:00:00,2026-09-24 15:09:01,2026-09-24 15:08:50,live
WR,00-0040876,Elijah Sarratt,BAL,DAL,2026_03_BAL_DAL,2026,3,NA,NA,15,20,5.265155680765406,NA,NA,NA,NA,NA,8.652134438444227,2.0777013670652007,16.327026040889628,1.0605196946522106,19.49172705148822,0.13636361484757795,0.045808525152390533,0.1319562873451582,0.04556790356879984,platt,platt,0.1319562873451582,0.04556790356879984,NA,NA,NA,2026-09-27 16:25:00,2026-09-24 15:09:01,2026-09-24 15:08:50,live
WR,00-0040729,Jack Bech,LV,NO,2026_03_LV_NO,2026,3,NA,NA,15,20,5.2832081484368905,NA,NA,NA,NA,NA,8.482084743284139,1.8890286661875584,16.178716554906842,0.8689656837215987,19.352382025919717,0.1322083536362647,0.04467450108103577,0.12770436467186205,0.04441779650479712,platt,platt,0.12770436467186205,0.04441779650479712,NA,NA,NA,2026-09-27 16:25:00,2026-09-24 15:09:01,2026-09-24 15:08:50,live
WR,00-0032398,Chris Moore,BAL,DAL,2026_03_BAL_DAL,2026,3,NA,Limited Participation in Practice,15,20,5.022503751219463,NA,NA,NA,NA,NA,8.702451115573231,2.3794333921269155,16.083844324830196,1.401150143548187,19.127522823366657,0.1308807913633544,0.04251903104310584,0.12634747797910792,0.04223331203311305,platt,platt,0.12634747797910792,0.04223331203311305,NA,NA,NA,2026-09-27 16:25:00,2026-09-24 15:09:01,2026-09-24 15:08:50,live
WR,00-0040930,Camden Brown,DAL,BAL,2026_03_BAL_DAL,2026,3,NA,NA,15,20,5.101363086691757,NA,NA,NA,NA,NA,8.513123215980148,2.108171561194692,15.990164830926672,1.1172116768662237,19.073283444298298,0.1278507922201989,0.04215560882354063,0.12325344973340872,0.04186520479273794,platt,platt,0.12325344973340872,0.04186520479273794,NA,NA,NA,2026-09-27 16:25:00,2026-09-24 15:09:01,2026-09-24 15:08:50,live
WR,00-0040172,Jordan Watkins,SF,ARI,2026_03_ARI_SF,2026,3,NA,NA,15,20,5.157246301563645,NA,NA,NA,NA,NA,8.429349613512413,1.9664691182034852,15.974016461972756,0.9665466124223584,19.085019983161835,0.12715101589242983,0.04232437655937859,0.12253946822869503,0.04203614060571564,platt,platt,0.12253946822869503,0.04203614060571564,NA,NA,NA,2026-09-27 16:05:00,2026-09-24 15:09:01,2026-09-24 15:08:50,live
WR,00-0040138,Jaylin Noel,HOU,IND,2026_03_HOU_IND,2026,3,NA,NA,15,20,4.917261157759378,NA,NA,NA,NA,NA,8.564062650289625,2.350739856152402,15.81739969369249,1.3894283632274955,18.80827490867994,0.1237004431455152,0.03960126900699068,0.1190221171481493,0.03927969580516228,platt,platt,0.1190221171481493,0.03927969580516228,NA,NA,NA,2026-09-27 13:00:00,2026-09-24 15:09:01,2026-09-24 15:08:50,live
WR,00-0041443,Skyler Bell,BUF,LAC,2026_03_LAC_BUF,2026,3,NA,NA,15,20,5.140745164817696,NA,NA,NA,NA,NA,8.268879233098401,1.823092515668777,15.793591069335552,0.82581472120836,18.89636624664429,0.12218026614884137,0.04071723790914861,0.11747427494776144,0.04040889722885695,platt,platt,0.11747427494776144,0.04040889722885695,NA,NA,NA,2026-09-27 13:00:00,2026-09-24 15:09:01,2026-09-24 15:08:50,live
WR,00-0034837,Calvin Ridley,TEN,NYG,2026_03_TEN_NYG,2026,3,NA,NA,15,20,5.123957725698422,NA,NA,NA,NA,NA,8.277869613124274,1.849483035543642,15.782268794907647,0.8548973520469625,18.876668156451473,0.12192299744190029,0.04052598078215852,0.11721243221669256,0.04021532925192198,platt,platt,0.11721243221669256,0.04021532925192198,NA,NA,NA,2026-09-27 13:00:00,2026-09-24 15:09:01,2026-09-24 15:08:50,live
WR,00-0036980,Elijah Moore,PHI,CHI,2026_03_PHI_CHI,2026,3,NA,NA,15,20,5.110568037646271,NA,NA,NA,NA,NA,8.169607051352454,1.7551059473526616,15.657796545787196,0.7626685934664383,18.745511928378484,0.11847458182289428,0.03939692511336135,0.1137057728691356,0.03907299523126128,platt,platt,0.1137057728691356,0.03907299523126128,NA,NA,NA,2026-09-28 20:15:00,2026-09-24 15:09:01,2026-09-24 15:08:50,live
WR,00-0041040,Antonio Williams,WAS,SEA,2026_03_SEA_WAS,2026,3,NA,NA,15,20,5.0330981940411235,NA,NA,NA,NA,NA,8.246196645173509,1.9121585055921964,15.64045491797765,0.9321702027231328,18.68943825750967,0.1182160329524432,0.03878226984598132,0.11344308999662504,0.03845137710523089,platt,platt,0.11344308999662504,0.03845137710523089,NA,NA,NA,2026-09-27 13:00:00,2026-09-24 15:09:01,2026-09-24 15:08:50,live
WR,00-0040134,Pat Bryant,DEN,LA,2026_03_LA_DEN,2026,3,NA,NA,15,20,5.2789647033295815,NA,NA,NA,NA,NA,7.945401180272725,1.3567216655212224,15.636923860625076,0.3373358150539092,18.808482608346974,0.11741546392950963,0.04019539324975096,0.11262992948402364,0.03988078917374573,platt,platt,0.11262992948402364,0.03988078917374573,NA,NA,NA,2026-09-27 20:20:00,2026-09-24 15:09:01,2026-09-24 15:08:50,live
WR,00-0040648,Tory Horton,SEA,WAS,2026_03_SEA_WAS,2026,3,NA,NA,15,20,4.858998976023125,NA,NA,NA,NA,NA,8.402663123899401,2.2502422606221906,15.584904194059334,1.2983533790787964,18.546463360035784,0.11712713069184344,0.03719120944488097,0.11233713901883711,0.03684319053666837,platt,platt,0.11233713901883711,0.03684319053666837,NA,NA,NA,2026-09-27 13:00:00,2026-09-24 15:09:01,2026-09-24 15:08:50,live
WR,00-0041399,CJ Daniels,LA,DEN,2026_03_LA_DEN,2026,3,NA,NA,15,20,5.074861988197099,NA,NA,NA,NA,NA,8.135510353018951,1.758068335899785,15.580437641936289,0.7713646815678912,18.650314082609754,0.1163966438225964,0.03852601244445275,0.1115955451758988,0.03819227317162321,platt,platt,0.1115955451758988,0.03819227317162321,NA,NA,NA,2026-09-27 20:20:00,2026-09-24 15:09:01,2026-09-24 15:08:50,live
WR,00-0040534,Ke'Shawn Williams,CIN,PIT,2026_03_CIN_PIT,2026,3,NA,NA,15,20,5.088808752634349,NA,NA,NA,NA,NA,8.090567903771387,1.6986452568024282,15.552399656271463,0.7097011916049443,18.629246563207523,0.11556925391358164,0.03837331223654106,0.11075589778813964,0.03803789267688323,platt,platt,0.11075589778813964,0.03803789267688323,NA,NA,NA,2026-09-27 13:00:00,2026-09-24 15:09:01,2026-09-24 15:08:50,live
WR,00-0041070,Reggie Virgil,ARI,SF,2026_03_ARI_SF,2026,3,NA,NA,15,20,5.16859784040324,NA,NA,NA,NA,NA,7.987127810770439,1.512493596996272,15.545515768589867,0.5107525820181174,18.6621771167431,0.11517881903754068,0.03879758753244178,0.11035979862501465,0.03846686599851873,platt,platt,0.11035979862501465,0.03846686599851873,NA,NA,NA,2026-09-27 16:05:00,2026-09-24 15:09:01,2026-09-24 15:08:50,live
WR,00-0041267,Malik McClain,NYJ,DET,2026_03_NYJ_DET,2026,3,NA,NA,15,20,5.106617684310081,NA,NA,NA,NA,NA,8.035454994364912,1.6250517209091209,15.518860744727892,0.6332483742567918,18.60460357572073,0.11458180800179409,0.03819841249090106,0.10975427585597572,0.03786108305222188,platt,platt,0.10975427585597572,0.03786108305222188,NA,NA,NA,2026-09-27 13:00:00,2026-09-24 15:09:01,2026-09-24 15:08:50,live
WR,00-0034272,Marquez Valdes-Scantling,LAC,BUF,2026_03_LAC_BUF,2026,3,NA,NA,15,20,5.086204396407349,NA,NA,NA,NA,NA,8.010281224915373,1.6210621021454008,15.468956925030929,0.6325363202031085,18.54450245043769,0.11322303303791448,0.03764929147435558,0.1083768075306955,0.0373060684672438,platt,platt,0.1083768075306955,0.0373060684672438,NA,NA,NA,2026-09-27 13:00:00,2026-09-24 15:09:01,2026-09-24 15:08:50,live
WR,00-0039365,Jacob Cowing,SF,ARI,2026_03_ARI_SF,2026,3,NA,NA,15,20,4.610875566761323,NA,NA,NA,NA,NA,8.514221430150222,2.6226093201178884,15.391998390874251,1.7110721892007923,18.228013389618972,0.11198660103849324,0.03369373610486592,0.10712419379735924,0.03331287697827308,platt,platt,0.10712419379735924,0.03331287697827308,NA,NA,NA,2026-09-27 16:05:00,2026-09-24 15:09:01,2026-09-24 15:08:50,live
WR,00-0036259,Jauan Jennings,MIN,TB,2026_03_MIN_TB,2026,3,NA,NA,15,20,5.208558773783365,NA,NA,NA,NA,NA,7.73058715855557,1.2146117844480528,15.33723614828953,0.20647455702833728,18.473797678019757,0.10932396422540425,0.03730125353492231,0.10442943717639652,0.03695437664255237,platt,platt,0.10442943717639652,0.03695437664255237,NA,NA,NA,2026-09-27 16:05:00,2026-09-24 15:09:01,2026-09-24 15:08:50,live
WR,00-0039355,Luke McCaffrey,WAS,SEA,2026_03_SEA_WAS,2026,3,NA,NA,15,20,5.066551047955549,NA,NA,NA,NA,NA,7.8719520358911534,1.5031423760549254,15.3068020442733,0.5177743008554971,18.37252317155007,0.10867852446062508,0.03614569574120507,0.10377678077630564,0.03578714970050856,platt,platt,0.10377678077630564,0.03578714970050856,NA,NA,NA,2026-09-27 13:00:00,2026-09-24 15:09:01,2026-09-24 15:08:50,live
WR,00-0039751,Jordan Whittington,LA,DEN,2026_03_LA_DEN,2026,3,NA,Did Not Participate In Practice,15,20,4.700105673938388,NA,NA,NA,NA,NA,8.23362289563774,2.247944770749794,15.221211068926053,1.3218539550861603,18.102506141107444,0.10665793280106728,0.03281319314111475,0.10173505933039756,0.03242517023507324,platt,platt,0.10173505933039756,0.03242517023507324,NA,NA,NA,2026-09-27 20:20:00,2026-09-24 15:09:01,2026-09-24 15:08:50,live
WR,00-0038519,Nikko Remigio,KC,MIA,2026_03_KC_MIA,2026,3,NA,NA,15,20,4.681412087311224,NA,NA,NA,NA,NA,8.184858282245091,2.2188610004848,15.149471343305542,1.2958151611270692,18.02129274932298,0.10451357640839676,0.03201846880354975,0.0995707430813144,0.03162438237097159,platt,platt,0.0995707430813144,0.03162438237097159,NA,NA,NA,2026-09-27 13:00:00,2026-09-24 15:09:01,2026-09-24 15:08:50,live
WR,00-0041099,Barion Brown,NO,LV,2026_03_LV_NO,2026,3,NA,Did Not Participate In Practice,15,20,4.74868754074495,NA,NA,NA,NA,NA,8.060235409599514,2.0234730488318178,15.107458530679391,1.0894785937331264,18.013343758568368,0.10320688015704704,0.03215786493081096,0.09825315152907936,0.03176481401269212,platt,platt,0.09825315152907936,0.03176481401269212,NA,NA,NA,2026-09-27 16:25:00,2026-09-24 15:09:01,2026-09-24 15:08:50,live
WR,00-0036988,Josh Palmer,BUF,LAC,2026_03_LAC_BUF,2026,3,NA,NA,15,20,4.754064614170482,NA,NA,NA,NA,NA,8.008074577581057,1.9656637707691376,15.061891607312983,1.030795400652767,17.970495798603125,0.10184530188504816,0.03179008648975467,0.09688125853911744,0.03139432956863241,platt,platt,0.09688125853911744,0.03139432956863241,NA,NA,NA,2026-09-27 13:00:00,2026-09-24 15:09:01,2026-09-24 15:08:50,live
WR,00-0036630,Tylan Wallace,CLE,CAR,2026_03_CAR_CLE,2026,3,NA,NA,15,20,4.710720109459369,NA,NA,NA,NA,NA,8.058841814300818,2.061994728339835,15.059468460202176,1.1341758758432094,17.946139877691433,0.1017865271934376,0.03143153238053342,0.0968220626776192,0.0310332186642841,platt,platt,0.0968220626776192,0.0310332186642841,NA,NA,NA,2026-09-27 13:00:00,2026-09-24 15:09:01,2026-09-24 15:08:50,live
WR,00-0031610,Darren Waller,CAR,CLE,2026_03_CAR_CLE,2026,3,NA,Did Not Participate In Practice,15,20,4.613255775545363,NA,NA,NA,NA,NA,8.161411964106163,2.267286570223991,15.042122893570046,1.3553605896156933,17.879347698826315,0.10128749259010872,0.03049354842457574,0.09631953290904748,0.03008893292313511,platt,platt,0.09631953290904748,0.03008893292313511,NA,NA,NA,2026-09-27 13:00:00,2026-09-24 15:09:01,2026-09-24 15:08:50,live
WR,00-0037666,Jalen Tolbert,MIA,KC,2026_03_KC_MIA,2026,3,NA,NA,15,20,4.995000730080863,NA,NA,NA,NA,NA,7.692778524799726,1.3983885067325046,15.04075219305204,0.4245344731018488,18.07065032038984,0.1011663885505396,0.03338174286500317,0.09619760253507297,0.0329982926718766,platt,platt,0.09619760253507297,0.0329982926718766,NA,NA,NA,2026-09-27 13:00:00,2026-09-24 15:09:01,2026-09-24 15:08:50,live
WR,00-0037524,Tay Martin,DET,NYJ,2026_03_NYJ_DET,2026,3,NA,NA,15,20,4.618941705692378,NA,NA,NA,NA,NA,8.13375910456945,2.233630796775212,15.021477742998304,1.3207760586685673,17.86159214002892,0.100655802544787,0.03035023944163406,0.09568362687995018,0.02994471121302317,platt,platt,0.09568362687995018,0.02994471121302317,NA,NA,NA,2026-09-27 13:00:00,2026-09-24 15:09:01,2026-09-24 15:08:50,live
WR,00-0041525,Chris Bell,MIA,KC,2026_03_KC_MIA,2026,3,NA,Limited Participation in Practice,15,20,5.041031118364786,NA,NA,NA,NA,NA,7.584418909656984,1.242131521320032,14.988307228019996,0.2608669130183463,18.04126146596869,0.09980850070016344,0.03325601883979701,0.09483103798679372,0.03287154082924688,platt,platt,0.09483103798679372,0.03287154082924688,NA,NA,NA,2026-09-27 13:00:00,2026-09-24 15:09:01,2026-09-24 15:08:50,live
WR,00-0038728,Jared Wayne,HOU,IND,2026_03_HOU_IND,2026,3,NA,NA,15,20,4.84884756518801,NA,NA,NA,NA,NA,7.803407791988164,1.6616112119445283,14.973246238030384,0.711366095889411,17.92969124746723,0.09954753492988676,0.03172455895374104,0.0945685292677372,0.03132832874038286,platt,platt,0.0945685292677372,0.03132832874038286,NA,NA,NA,2026-09-27 13:00:00,2026-09-24 15:09:01,2026-09-24 15:08:50,live
WR,00-0040075,LaJohntay Wester,BAL,DAL,2026_03_BAL_DAL,2026,3,NA,NA,15,20,4.634506061735238,NA,NA,NA,NA,NA,8.024018536758712,2.1074647342304385,14.930912043990944,1.1920686800859874,17.778933096883748,0.09878708839004402,0.0296473483584998,0.093803817600068,0.02923753960549851,platt,platt,0.093803817600068,0.02923753960549851,NA,NA,NA,2026-09-27 16:25:00,2026-09-24 15:09:01,2026-09-24 15:08:50,live
WR,00-0036626,Dyami Brown,WAS,SEA,2026_03_SEA_WAS,2026,3,NA,NA,15,20,5.236470588649732,NA,NA,NA,NA,NA,7.277628805503625,0.7328102265405558,14.917948907001913,-0.2797895574272591,18.068394541804658,0.098697785924447,0.03399893136001064,0.0937140369172879,0.03362066222636403,platt,platt,0.0937140369172879,0.03362066222636403,NA,NA,NA,2026-09-27 13:00:00,2026-09-24 15:09:01,2026-09-24 15:08:50,live
WR,00-0040277,Jahdae Walker,CHI,PHI,2026_03_PHI_CHI,2026,3,NA,NA,15,20,4.572379751503431,NA,NA,NA,NA,NA,8.05063914016207,2.1997064819207113,14.880927537301538,1.294463185370219,17.697360877704654,0.09788611253477386,0.02866321621548939,0.092898236608123,0.02824797342952328,platt,platt,0.092898236608123,0.02824797342952328,NA,NA,NA,2026-09-28 20:15:00,2026-09-24 15:09:01,2026-09-24 15:08:50,live
WR,00-0040646,Jalen Royals,KC,MIA,2026_03_KC_MIA,2026,3,NA,NA,15,20,4.507536842456002,NA,NA,NA,NA,NA,8.122849491223041,2.3405727096329816,14.872990078589602,1.4459516977228448,17.656374893003793,0.09771842684574804,0.02802557891718915,0.09272974783374842,0.02760717326250365,platt,platt,0.09272974783374842,0.02760717326250365,NA,NA,NA,2026-09-27 13:00:00,2026-09-24 15:09:01,2026-09-24 15:08:50,live
WR,00-0041106,C.J. Williams,JAX,NE,2026_03_NE_JAX,2026,3,NA,NA,15,20,4.579423883846842,NA,NA,NA,NA,NA,8.020384676720868,2.162003884663749,14.85936791021441,1.2556082294035686,17.679386520458728,0.09750653968603762,0.02852400025452761,0.09251687024537215,0.02810804257683525,platt,platt,0.09251687024537215,0.02810804257683525,NA,NA,NA,2026-09-27 13:00:00,2026-09-24 15:09:01,2026-09-24 15:08:50,live
WR,00-0038840,Brycen Tremayne,CAR,CLE,2026_03_CAR_CLE,2026,3,NA,NA,15,20,4.530336261692528,NA,NA,NA,NA,NA,8.074131057135657,2.267694758650431,14.852475091297512,1.369335839983421,17.647489448016508,0.0973609275324856,0.02803404492428607,0.0923705932424898,0.02761567938400116,platt,platt,0.0923705932424898,0.02761567938400116,NA,NA,NA,2026-09-27 13:00:00,2026-09-24 15:09:01,2026-09-24 15:08:50,live
WR,00-0032951,Laquon Treadwell,IND,HOU,2026_03_HOU_IND,2026,3,NA,Full Participation in Practice,15,20,5.021308262215595,NA,NA,NA,NA,NA,7.454632991394525,1.1328590774960272,14.83457419660035,0.15476826836603583,17.877653968936357,0.09728193449111155,0.03179857417379816,0.09229124491706536,0.0314028787538575,platt,platt,0.09229124491706536,0.0314028787538575,NA,NA,NA,2026-09-27 13:00:00,2026-09-24 15:09:01,2026-09-24 15:08:50,live
WR,00-0041489,Germie Bernard,PIT,CIN,2026_03_CIN_PIT,2026,3,NA,NA,15,20,5.721699957415028,NA,NA,NA,NA,NA,9.410603342040115,2.368487889176177,17.631460131643067,1.278947438174674,21.021287003172205,0.1673192960713864,0.06506399945893859,0.09184120305125933,0,platt,platt,0.16384120305125932,0.06516932850503372,role_change_down,0.72,"Pittman's return to practice suggests he may reclaim snaps from Bernard, who saw increased playing time during Pittman's absence.",2026-09-27 13:00:00,2026-09-24 15:09:01,2026-09-24 15:08:50,live
WR,00-0037801,KaVontae Turpin,DAL,BAL,2026_03_BAL_DAL,2026,3,NA,NA,15,20,4.482023041887647,NA,NA,NA,NA,NA,8.090839482820003,2.335623694215821,14.809389485026408,1.4451894989944662,17.57974808852319,0.09655982235056138,0.02720040478006069,0.09156606128609183,0.02677833630096368,platt,platt,0.09156606128609183,0.02677833630096368,NA,NA,NA,2026-09-27 16:25:00,2026-09-24 15:09:01,2026-09-24 15:08:50,live
WR,00-0040024,Darius Cooper,PHI,CHI,2026_03_PHI_CHI,2026,3,NA,NA,15,20,4.716854270923543,NA,NA,NA,NA,NA,7.788833461400555,1.7855337417345272,14.796992812205715,0.8567165520927356,17.68677030077147,0.09648749447669348,0.02910911155980511,0.09149344333611402,0.02869624884255161,platt,platt,0.09149344333611402,0.02869624884255161,NA,NA,NA,2026-09-28 20:15:00,2026-09-24 15:09:01,2026-09-24 15:08:50,live
WR,00-0041100,Josh Cameron,JAX,NE,2026_03_NE_JAX,2026,3,NA,NA,15,20,4.6603876520643945,NA,NA,NA,NA,NA,7.857553726495156,1.9137075432997752,14.79630793729202,0.9940888726787868,17.657466582999458,0.09644039202416166,0.02863285930677039,0.09144615370108672,0.02821745948345103,platt,platt,0.09144615370108672,0.02821745948345103,NA,NA,NA,2026-09-27 13:00:00,2026-09-24 15:09:01,2026-09-24 15:08:50,live
WR,00-0035662,Marquise Brown,PHI,CHI,2026_03_PHI_CHI,2026,3,NA,NA,15,20,4.562572291185475,NA,NA,NA,NA,NA,7.980967274894176,2.140407881767594,14.799146082589964,1.2367695137399537,17.61058609775339,0.09642791743151669,0.02781981734201533,0.09143362976315068,0.02740045244237116,platt,platt,0.09143362976315068,0.02740045244237116,NA,NA,NA,2026-09-28 20:15:00,2026-09-24 15:09:01,2026-09-24 15:08:50,live
WR,00-0039920,Malachi Corley,CLE,CAR,2026_03_CAR_CLE,2026,3,NA,NA,15,20,4.694241710121009,NA,NA,NA,NA,NA,7.804053289189252,1.824547354009084,14.784436143563733,0.8994114858186766,17.662760140552216,0.09625539277958615,0.0288082823150797,0.09126043246310345,0.0283937987927724,platt,platt,0.09126043246310345,0.0283937987927724,NA,NA,NA,2026-09-27 13:00:00,2026-09-24 15:09:01,2026-09-24 15:08:50,live
WR,00-0040621,Montorie Foster Jr,SEA,WAS,2026_03_SEA_WAS,2026,3,NA,NA,15,20,4.59932535175842,NA,NA,NA,NA,NA,7.862962312029659,1.983549378588311,14.726498142460263,1.0738996771593785,17.556640886355506,0.09516805542530148,0.02746894562651658,0.09016927835895835,0.02704801509388223,platt,platt,0.09016927835895835,0.02704801509388223,NA,NA,NA,2026-09-27 13:00:00,2026-09-24 15:09:01,2026-09-24 15:08:50,live
WR,00-0037664,Alec Pierce,IND,HOU,2026_03_HOU_IND,2026,3,NA,Did Not Participate In Practice,15,20,5.553322603908255,NA,NA,NA,NA,NA,9.952762147351583,3.0823496394879015,17.97317557151296,2.0193746865084146,21.28035068011966,0.17796212262747635,0.0693571649228315,0.08987803551063263,0,platt,platt,0.17487803551063263,0.06955543061149422,role_change_down,0.85,"Pierce left the game with a heel injury, likely reducing his snap count and targets going forward, while Treadwell's role increased as a result.",2026-09-27 13:00:00,2026-09-24 15:09:01,2026-09-24 15:08:50,live
WR,00-0041044,Zachariah Branch,ATL,GB,2026_03_ATL_GB,2026,3,NA,NA,15,20,4.616384224244019,NA,NA,NA,NA,NA,7.773492142712916,1.8760637340580637,14.658058960595827,0.963626718345445,17.496873721073428,0.09397739781818935,0.02698832355894309,0.08897528555685037,0.02656539372687911,platt,platt,0.08897528555685037,0.02656539372687911,NA,NA,NA,2026-09-24 20:15:00,2026-09-24 15:09:01,2026-09-24 15:08:50,live
WR,00-0041051,Zavion Thomas,CHI,PHI,2026_03_PHI_CHI,2026,3,NA,NA,15,20,4.707521610467375,NA,NA,NA,NA,NA,7.643933496419481,1.6504515469962016,14.640631733913011,0.7231533409453084,17.525683292946635,0.09377189178887048,0.02761772318243105,0.08876929399331646,0.02719744566711794,platt,platt,0.08876929399331646,0.02719744566711794,NA,NA,NA,2026-09-28 20:15:00,2026-09-24 15:09:01,2026-09-24 15:08:50,live
WR,00-0040948,J. Michael Sturdivant,GB,ATL,2026_03_ATL_GB,2026,3,NA,NA,15,20,4.524148831507308,NA,NA,NA,NA,NA,7.872645589469395,2.072763740822216,14.643338060146686,1.175418912066173,17.435197335081263,0.09361246565943636,0.0260247587162008,0.08860950957663355,0.0255983381083737,platt,platt,0.08860950957663355,0.0255983381083737,NA,NA,NA,2026-09-24 20:15:00,2026-09-24 15:09:01,2026-09-24 15:08:50,live
WR,00-0037132,Britain Covey,PHI,CHI,2026_03_PHI_CHI,2026,3,NA,NA,15,20,4.541531473320369,NA,NA,NA,NA,NA,7.839766249207572,2.0214746202948133,14.63195001296354,1.1212814712538135,17.432671109074,0.09342937096543467,0.0260770793718138,0.08842602325304785,0.02565083026405738,platt,platt,0.08842602325304785,0.02565083026405738,NA,NA,NA,2026-09-28 20:15:00,2026-09-24 15:09:01,2026-09-24 15:08:50,live
WR,00-0040718,Travis Hunter,JAX,NE,2026_03_NE_JAX,2026,3,NA,NA,15,20,4.603975901805171,NA,NA,NA,NA,NA,7.742252075849205,1.8579266572597897,14.61152266555117,0.9475169070472792,17.4440301071388,0.09314251873189984,0.02645019971962203,0.08813860022382854,0.02602523414833106,platt,platt,0.08813860022382854,0.02602523414833106,NA,NA,NA,2026-09-27 13:00:00,2026-09-24 15:09:01,2026-09-24 15:08:50,live
WR,00-0040237,Tez Johnson,TB,MIN,2026_03_MIN_TB,2026,3,NA,NA,15,20,4.655603457098121,NA,NA,NA,NA,NA,7.6605384894979265,1.7217352985079506,14.59340558910083,0.8028968684323852,17.452136715605377,0.09288855102304903,0.02674023277874027,0.087884170844258,0.02631633755396485,platt,platt,0.087884170844258,0.02631633755396485,NA,NA,NA,2026-09-27 16:05:00,2026-09-24 15:09:01,2026-09-24 15:08:50,live
WR,00-0040154,Tai Felton,MIN,TB,2026_03_MIN_TB,2026,3,NA,NA,15,20,4.577425865684231,NA,NA,NA,NA,NA,7.762241575583425,1.905973191659549,14.598758816455742,0.999904363490688,17.417760587668997,0.09288327542675556,0.02609417639505251,0.08787888609372531,0.02566798378344183,platt,platt,0.08787888609372531,0.02566798378344183,NA,NA,NA,2026-09-27 16:05:00,2026-09-24 15:09:01,2026-09-24 15:08:50,live
WR,00-0038359,Xavier Smith,LA,DEN,2026_03_LA_DEN,2026,3,NA,NA,15,20,4.531388262216772,NA,NA,NA,NA,NA,7.821224987831237,2.0136744419467307,14.600869777193568,1.11514312939864,17.396420493448403,0.09286133103424532,0.02569441810652895,0.08785690381378437,0.02526696333748371,platt,platt,0.08785690381378437,0.02526696333748371,NA,NA,NA,2026-09-27 20:20:00,2026-09-24 15:09:01,2026-09-24 15:08:50,live
WR,00-0039589,Kameron Johnson,TB,MIN,2026_03_MIN_TB,2026,3,NA,NA,15,20,4.586307817003029,NA,NA,NA,NA,NA,7.726241516156043,1.8605838985975416,14.573719603323912,0.9530623890693208,17.39724102160782,0.09245126327153608,0.02594278105420944,0.08744618467462172,0.02551609595812644,platt,platt,0.08744618467462172,0.02551609595812644,NA,NA,NA,2026-09-27 16:05:00,2026-09-24 15:09:01,2026-09-24 15:08:50,live
WR,00-0039868,Troy Franklin,DEN,LA,2026_03_LA_DEN,2026,3,NA,NA,15,20,4.6831695389607795,NA,NA,NA,NA,NA,7.594142632146905,1.626294502985247,14.560916343870913,0.7029623046312841,17.433628682776092,0.09235768144651012,0.0266852959527879,0.08735246929010732,0.02626119314820295,platt,platt,0.08735246929010732,0.02626119314820295,NA,NA,NA,2026-09-27 20:20:00,2026-09-24 15:09:01,2026-09-24 15:08:50,live
WR,00-0041069,Colbie Young,CIN,PIT,2026_03_CIN_PIT,2026,3,NA,NA,15,20,4.6365087486551735,NA,NA,NA,NA,NA,7.632629076505923,1.7139624790938504,14.541989027846004,0.7982395380208942,17.391027105937994,0.0919620068317808,0.0261013225805482,0.08695629216265129,0.02567515364936805,platt,platt,0.08695629216265129,0.02567515364936805,NA,NA,NA,2026-09-27 13:00:00,2026-09-24 15:09:01,2026-09-24 15:08:50,live
WR,00-0036646,Simi Fehoko,ARI,SF,2026_03_ARI_SF,2026,3,NA,NA,15,20,4.620180321135444,NA,NA,NA,NA,NA,7.651494651360093,1.7500588470020046,14.540739641078735,0.8370018159330535,17.381483421000937,0.09191654731117915,0.02594386692786243,0.0869107813630751,0.02551718530142765,platt,platt,0.0869107813630751,0.02551718530142765,NA,NA,NA,2026-09-27 16:05:00,2026-09-24 15:09:01,2026-09-24 15:08:50,live
WR,00-0038640,Jalen Brooks,ARI,SF,2026_03_ARI_SF,2026,3,NA,NA,15,20,4.620180321135444,NA,NA,NA,NA,NA,7.651494651360093,1.7500588470020046,14.540739641078735,0.8370018159330535,17.381483421000937,0.09191654731117915,0.02594386692786243,0.0869107813630751,0.02551718530142765,platt,platt,0.0869107813630751,0.02551718530142765,NA,NA,NA,2026-09-27 16:05:00,2026-09-24 15:09:01,2026-09-24 15:08:50,live
WR,00-0036331,Devin Duvernay,ARI,SF,2026_03_ARI_SF,2026,3,NA,NA,15,20,4.620180321135444,NA,NA,NA,NA,NA,7.639109054340068,1.7376732499819791,14.528354044058712,0.8246162189130279,17.36909782398091,0.09169854811836976,0.02583008129347641,0.08669255479737645,0.0254030410329015,platt,platt,0.08669255479737645,0.0254030410329015,NA,NA,NA,2026-09-27 16:05:00,2026-09-24 15:09:01,2026-09-24 15:08:50,live
WR,00-0041397,Kaden Wetjen,PIT,CIN,2026_03_CIN_PIT,2026,3,NA,NA,15,20,4.597768981432479,NA,NA,NA,NA,NA,7.655012203642088,1.7772434932352397,14.516628593502986,0.867848182339741,17.34597986621852,0.09145791102083468,0.0255195217840819,0.0864517023960406,0.02509155374409483,platt,platt,0.0864517023960406,0.02509155374409483,NA,NA,NA,2026-09-27 13:00:00,2026-09-24 15:09:01,2026-09-24 15:08:50,live
WR,00-0035891,Cody White,LV,NO,2026_03_LV_NO,2026,3,NA,NA,15,20,4.567572240812019,NA,NA,NA,NA,NA,7.678775432431729,1.8329271531301456,14.503128404142895,0.9284705003886318,17.317114303223804,0.09117139151231368,0.02511814200018347,0.08616497549803587,0.02468908677932366,platt,platt,0.08616497549803587,0.02468908677932366,NA,NA,NA,2026-09-27 16:25:00,2026-09-24 15:09:01,2026-09-24 15:08:50,live
WR,00-0041132,Deion Burks,IND,HOU,2026_03_HOU_IND,2026,3,NA,NA,15,20,4.56004322387117,NA,NA,NA,NA,NA,7.67032989262921,1.8324460994041256,14.485385246333976,0.9292216942464336,17.295537321743467,0.09084364938521994,0.02488381209833867,0.08583706161868623,0.02445418125264385,platt,platt,0.08583706161868623,0.02445418125264385,NA,NA,NA,2026-09-27 13:00:00,2026-09-24 15:09:01,2026-09-24 15:08:50,live
WR,00-0036463,Chris Blair,ATL,GB,2026_03_ATL_GB,2026,3,NA,NA,15,20,4.842023628272489,NA,NA,NA,NA,NA,7.282160515465243,1.1475079144874476,14.44365919070971,0.1983680989951289,17.396665339711916,0.090580093958181,0.0269925650289593,0.08557341892669278,0.02656965209842388,platt,platt,0.08557341892669278,0.02656965209842388,NA,NA,NA,2026-09-24 20:15:00,2026-09-24 15:09:01,2026-09-24 15:08:50,live
WR,00-0037614,John Metchie III,CAR,CLE,2026_03_CAR_CLE,2026,3,NA,NA,15,20,4.557407378665141,NA,NA,NA,NA,NA,7.655961435029599,1.820866480397296,14.467761141644504,0.9180735581481824,17.276570768174047,0.09052554410721836,0.02469558254282544,0.08551885668977834,0.02426552121460565,platt,platt,0.08551885668977834,0.02426552121460565,NA,NA,NA,2026-09-27 13:00:00,2026-09-24 15:09:01,2026-09-24 15:08:50,live
WR,00-0040131,Kyle Williams,NE,JAX,2026_03_NE_JAX,2026,3,NA,NA,15,20,4.567110094910273,NA,NA,NA,NA,NA,7.612644258709224,1.7672847895774924,14.436426600979484,0.8629037644590252,17.250177204024716,0.08998537044451316,0.02449521535577237,0.0849786657950757,0.02406472727735608,platt,platt,0.0849786657950757,0.02406472727735608,NA,NA,NA,2026-09-27 13:00:00,2026-09-24 15:09:01,2026-09-24 15:08:50,live
WR,00-0037291,Jalen Nailor,LV,NO,2026_03_LV_NO,2026,3,NA,NA,15,20,5.82245580637525,NA,NA,NA,NA,NA,9.54987504677684,2.4054341184241483,17.890185015690975,1.3000620972844974,21.329267774712378,0.1728791515119693,0.06932590559540097,0.08460262332181138,0,platt,platt,0.1696026233218114,0.0695234768142319,role_change_down,0.85,Brock Bowers' imminent return from knee injury will reduce Nailor's target share and opportunity in the passing game.,2026-09-27 16:25:00,2026-09-24 15:09:01,2026-09-24 15:08:50,live
WR,00-0039062,Jonathan Mingo,DAL,BAL,2026_03_BAL_DAL,2026,3,NA,NA,15,20,4.514552002210785,NA,NA,NA,NA,NA,7.653081583100227,1.8633688984137464,14.411902728868052,0.9675974201036316,17.198866925685028,0.08944914197671394,0.02376960045170317,0.08444261043550086,0.02333784288546812,platt,platt,0.08444261043550086,0.02333784288546812,NA,NA,NA,2026-09-27 16:25:00,2026-09-24 15:09:01,2026-09-24 15:08:50,live
WR,00-0035021,Ashton Dulin,IND,HOU,2026_03_HOU_IND,2026,3,NA,Did Not Participate In Practice,15,20,4.409741609906804,NA,NA,NA,NA,NA,7.7533725634100925,2.074967313908344,14.382255128875382,1.1964170745771607,17.115639838489155,0.08870000133987899,0.02246080242717196,0.08369403116737065,0.02202788373300929,platt,platt,0.08369403116737065,0.02202788373300929,NA,NA,NA,2026-09-27 13:00:00,2026-09-24 15:09:01,2026-09-24 15:08:50,live
WR,00-0040785,Dohnte Meyers,CIN,PIT,2026_03_CIN_PIT,2026,3,NA,NA,15,20,4.419028156042886,NA,NA,NA,NA,NA,7.721376251225566,2.0330904013206696,14.361793276961103,1.1530114574558183,17.09993416033795,0.08834598455263154,0.02235894456772313,0.08334041006339506,0.02192599831437476,platt,platt,0.08334041006339506,0.02192599831437476,NA,NA,NA,2026-09-27 13:00:00,2026-09-24 15:09:01,2026-09-24 15:08:50,live
WR,00-0040590,Konata Mumpfield,LA,DEN,2026_03_LA_DEN,2026,3,NA,NA,15,20,4.712325455052425,NA,NA,NA,NA,NA,7.284331950856422,1.2857960324357256,14.286930113681333,0.3577158875345461,17.174414475759722,0.08765240262971663,0.0244617361224152,0.0826478476339588,0.0240311799232979,platt,platt,0.0826478476339588,0.0240311799232979,NA,NA,NA,2026-09-27 20:20:00,2026-09-24 15:09:01,2026-09-24 15:08:50,live
WR,00-0034854,KhaDarel Hodge,SF,ARI,2026_03_ARI_SF,2026,3,NA,NA,15,20,4.502723184076015,NA,NA,NA,NA,NA,7.524837548996073,1.7476642933218791,14.269020359050238,0.8538328875983039,17.049948515460887,0.08685727210779082,0.02231513691382125,0.08185428665756468,0.02188218165702684,platt,platt,0.08185428665756468,0.02188218165702684,NA,NA,NA,2026-09-27 16:05:00,2026-09-24 15:09:01,2026-09-24 15:08:50,live
WR,00-0040506,Myles Price,MIN,TB,2026_03_MIN_TB,2026,3,NA,NA,15,20,4.5048382599005485,NA,NA,NA,NA,NA,7.511609474528485,1.732193661395688,14.258410211515688,0.8380152921664452,17.040417856268302,0.08667167953540511,0.02223647322616351,0.08166912246026302,0.02180350611850595,platt,platt,0.08166912246026302,0.02180350611850595,NA,NA,NA,2026-09-27 16:05:00,2026-09-24 15:09:01,2026-09-24 15:08:50,live
WR,00-0037231,Kevin Austin Jr.,NO,LV,2026_03_LV_NO,2026,3,NA,NA,15,20,4.5419770322234925,NA,NA,NA,NA,NA,7.427180131788169,1.6084167769084807,14.219914581150476,0.7081506434743394,17.020862749561783,0.08607461880860168,0.02224201136934389,0.08107360005104865,0.02180904491426184,platt,platt,0.08107360005104865,0.02180904491426184,NA,NA,NA,2026-09-27 16:25:00,2026-09-24 15:09:01,2026-09-24 15:08:50,live
WR,00-0040890,Cyrus Allen,KC,MIA,2026_03_KC_MIA,2026,3,NA,NA,15,20,4.507536842456002,NA,NA,NA,NA,NA,7.429404091942699,1.647127310352639,14.17954467930926,0.7525062984425022,16.96292949372345,0.08526155426942972,0.02152365966558378,0.08026302589769944,0.0210908411513426,platt,platt,0.08026302589769944,0.0210908411513426,NA,NA,NA,2026-09-27 13:00:00,2026-09-24 15:09:01,2026-09-24 15:08:50,live
WR,00-0036849,Tutu Atwell,LA,DEN,2026_03_LA_DEN,2026,3,NA,NA,15,20,4.4976041915326075,NA,NA,NA,NA,NA,7.41685690668278,1.6451119368600091,14.154702819692826,0.7521203834584123,16.93301799008121,0.08478759376696254,0.02119072877950123,0.07979072911435761,0.02075814037945335,platt,platt,0.07979072911435761,0.02075814037945335,NA,NA,NA,2026-09-27 20:20:00,2026-09-24 15:09:01,2026-09-24 15:08:50,live
WR,00-0040782,Isaiah Bond,CLE,CAR,2026_03_CAR_CLE,2026,3,NA,NA,15,20,4.551113977879684,NA,NA,NA,NA,NA,7.316602658498056,1.4881675277234292,14.120627789625752,0.5864049986193942,16.92623161102138,0.08432828962399952,0.02140781471600827,0.07933318723843395,0.02097506451371126,platt,platt,0.07933318723843395,0.02097506451371126,NA,NA,NA,2026-09-27 13:00:00,2026-09-24 15:09:01,2026-09-24 15:08:50,live
WR,00-0037093,Dareke Young,LV,NO,2026_03_LV_NO,2026,3,NA,Limited Participation in Practice,15,20,4.456690157171214,NA,NA,NA,NA,NA,7.428478407648338,1.7001581948567877,14.115630930147187,0.8138852233468281,16.873042948739876,0.08396378444915586,0.02040469595501315,0.07897018621865265,0.01997306862283509,platt,platt,0.07897018621865265,0.01997306862283509,NA,NA,NA,2026-09-27 16:25:00,2026-09-24 15:09:01,2026-09-24 15:08:50,live
WR,00-0040563,Efton Chism III,NE,JAX,2026_03_NE_JAX,2026,3,NA,NA,15,20,4.433500234775351,NA,NA,NA,NA,NA,7.450014526517442,1.7463380092973209,14.10839837951416,0.863877855592885,16.853947789204597,0.0837627831912453,0.02009531611802284,0.07877005454696093,0.01966423175271972,platt,platt,0.07877005454696093,0.01966423175271972,NA,NA,NA,2026-09-27 13:00:00,2026-09-24 15:09:01,2026-09-24 15:08:50,live
WR,00-0035208,Olamide Zaccheaus,ATL,GB,2026_03_ATL_GB,2026,3,NA,NA,15,20,4.688121524751282,NA,NA,NA,NA,NA,6.929080928564317,0.9560182999484494,13.901941966395007,0.0318793258287231,16.77716438206473,0.08090481578710806,0.02074707733240133,0.07592758136767237,0.02031495833342675,platt,platt,0.07592758136767237,0.02031495833342675,NA,NA,NA,2026-09-24 20:15:00,2026-09-24 15:09:01,2026-09-24 15:08:50,live
WR,00-0038090,Skyy Moore,GB,ATL,2026_03_ATL_GB,2026,3,NA,NA,15,20,4.532207383267922,NA,NA,NA,NA,NA,7.109006671815542,1.3005885685784708,13.889664234228803,0.4019230294850322,16.68563256210134,0.08014398527511124,0.01906351554467622,0.07517187661936198,0.01863493847579299,platt,platt,0.07517187661936198,0.01863493847579299,NA,NA,NA,2026-09-24 20:15:00,2026-09-24 15:09:01,2026-09-24 15:08:50,live
WR,00-0041529,Kevin Coleman Jr.,MIA,KC,2026_03_KC_MIA,2026,3,NA,NA,15,20,4.608161829496239,NA,NA,NA,NA,NA,6.952141793236609,1.0633954175604767,13.826573339944485,0.1523016666935657,16.661208874891383,0.0793019835250619,0.0192606572629379,0.07433604711122613,0.01883151671525557,platt,platt,0.07433604711122613,0.01883151671525557,NA,NA,NA,2026-09-27 13:00:00,2026-09-24 15:09:01,2026-09-24 15:08:50,live
WR,00-0036862,Ben Skowronek,PIT,CIN,2026_03_CIN_PIT,2026,3,NA,NA,15,20,4.421984092304056,NA,NA,NA,NA,NA,7.172041687735477,1.4806115687977313,13.816129284565749,0.6000461506165955,16.555783708544162,0.07839379475979524,0.01719068330502204,0.07343511032703046,0.01676955247374237,platt,platt,0.07343511032703046,0.01676955247374237,NA,NA,NA,2026-09-27 13:00:00,2026-09-24 15:09:01,2026-09-24 15:08:50,live
WR,00-0040218,Jimmy Horn Jr.,CAR,CLE,2026_03_CAR_CLE,2026,3,NA,NA,15,20,4.376293231870526,NA,NA,NA,NA,NA,7.223105212744271,1.580318016416597,13.810407813179388,0.7072785231075196,16.52664724385401,0.07810222152387436,0.01662791067630831,0.07314599729635964,0.01620979411432965,platt,platt,0.07314599729635964,0.01620979411432965,NA,NA,NA,2026-09-27 13:00:00,2026-09-24 15:09:01,2026-09-24 15:08:50,live
WR,00-0035406,Lil'Jordan Humphrey,DEN,LA,2026_03_LA_DEN,2026,3,NA,NA,15,20,4.421850103076399,NA,NA,NA,NA,NA,7.080338976901919,1.389051376205933,13.72426020013845,0.5085080081304012,16.463846020844336,0.07671655711203751,0.01631404904679445,0.0717729109510711,0.01589777779876451,platt,platt,0.0717729109510711,0.01589777779876451,NA,NA,NA,2026-09-27 20:20:00,2026-09-24 15:09:01,2026-09-24 15:08:50,live
WR,00-0037091,Bo Melton,GB,ATL,2026_03_ATL_GB,2026,3,NA,Full Participation in Practice,15,20,4.3935348169562944,NA,NA,NA,NA,NA,7.101046841097128,1.439893781768875,13.709789466274216,0.5640127629564704,16.434869577896905,0.07632710817889476,0.01585723397159588,0.07138726308424291,0.01544386432157658,platt,platt,0.07138726308424291,0.01544386432157658,NA,NA,NA,2026-09-24 20:15:00,2026-09-24 15:09:01,2026-09-24 15:08:50,live
WR,00-0038573,Derius Davis,LAC,BUF,2026_03_LAC_BUF,2026,3,NA,NA,15,20,4.493276944067321,NA,NA,NA,NA,NA,6.951576753255325,1.1844213229055267,13.684064908786093,0.29213985285043886,16.460170836179593,0.07629890347070711,0.01672264317647487,0.07135933822326963,0.01630399296332079,platt,platt,0.07135933822326963,0.01630399296332079,NA,NA,NA,2026-09-27 13:00:00,2026-09-24 15:09:01,2026-09-24 15:08:50,live
WR,00-0038824,Ryan Miller,MIA,KC,2026_03_KC_MIA,2026,3,NA,Limited Participation in Practice,15,20,4.435316948935699,NA,NA,NA,NA,NA,7.0214036348772995,1.315795707521585,13.682042186228934,0.4330367303337397,16.428521308875855,0.0760064112102028,0.01606293227080291,0.07106978454088135,0.01564822403958811,platt,platt,0.07106978454088135,0.01564822403958811,NA,NA,NA,2026-09-27 13:00:00,2026-09-24 15:09:01,2026-09-24 15:08:50,live
WR,00-0040894,Malik Benson,LV,NO,2026_03_LV_NO,2026,3,NA,NA,15,20,4.473074826306477,NA,NA,NA,NA,NA,6.9396480113362244,1.1939293984238573,13.647111157357056,0.3049645851170366,16.412898154270664,0.07554242528161681,0.01615242720844656,0.07061059705462003,0.01573715302296281,platt,platt,0.07061059705462003,0.01573715302296281,NA,NA,NA,2026-09-27 16:25:00,2026-09-24 15:09:01,2026-09-24 15:08:50,live
WR,00-0040705,Chimere Dike,TEN,NYG,2026_03_TEN_NYG,2026,3,NA,NA,15,20,4.379770193125743,NA,NA,NA,NA,NA,7.036885020675485,1.3903931301321073,13.628512423906074,0.5167804547680612,16.34653516416817,0.07477049114089318,0.01492041881312722,0.06984702070670472,0.01451382868339239,platt,platt,0.06984702070670472,0.01451382868339239,NA,NA,NA,2026-09-27 13:00:00,2026-09-24 15:09:01,2026-09-24 15:08:50,live
WR,00-0039849,Marvin Harrison Jr.,ARI,SF,2026_03_ARI_SF,2026,3,NA,NA,15,20,5.545469198601801,NA,NA,NA,NA,NA,9.10183785623598,2.239455734962255,17.11287673114961,1.1777232255475614,20.4161862938939,0.1554683408136479,0.05629953514783747,0.06659386377327721,0,platt,platt,0.15159386377327722,0.05623173868349303,role_change_down,0.85,"Sustained low target volume (1 target in consecutive games) suggests reduced offensive role or QB preference away from him, indicating material opportunity decline.",2026-09-27 16:05:00,2026-09-24 15:09:01,2026-09-24 15:08:50,live
WR,00-0037742,Treylon Burks,WAS,SEA,2026_03_SEA_WAS,2026,3,NA,NA,15,20,4.517169688534656,NA,NA,NA,NA,NA,6.6015498567450965,0.8090630005816282,13.363609527438392,-0.08713769137350802,16.151909112901272,0.07065612172570845,0.01398292495436037,0.0657852786765653,0.01358429252760415,platt,platt,0.0657852786765653,0.01358429252760415,NA,NA,NA,2026-09-27 13:00:00,2026-09-24 15:09:01,2026-09-24 15:08:50,live
WR,00-0040164,Jaylin Lane,WAS,SEA,2026_03_SEA_WAS,2026,3,NA,Limited Participation in Practice,15,20,4.384213563983058,NA,NA,NA,NA,NA,6.52296139124695,0.8717358422765047,13.120114794197406,-0.0026092141983085,15.84041615125358,0.06544711487706367,0.01009425537249719,0.06066332996515714,0.00974305893346067,platt,platt,0.06066332996515714,0.00974305893346067,NA,NA,NA,2026-09-27 13:00:00,2026-09-24 15:09:01,2026-09-24 15:08:50,live
WR,00-0036407,Jerry Jeudy,CLE,CAR,2026_03_CAR_CLE,2026,3,NA,NA,15,20,5.6993356043188985,NA,NA,NA,NA,NA,8.206935127950555,1.1875746906645874,16.401228063898476,0.10155484509781763,19.780101470693246,0.1359631062138391,0.04830154925060848,0.04654614497786398,0,platt,platt,0.131546144977864,0.04809817651098679,role_change_down,0.85,"Impact note explicitly states Denzel Boston has emerged as WR1, indicating a shift in target opportunity hierarchy away from Jeudy.",2026-09-27 13:00:00,2026-09-24 15:09:01,2026-09-24 15:08:50,live
WR,00-0039342,Xavier Legette,CAR,CLE,2026_03_CAR_CLE,2026,3,NA,NA,15,20,5.352870349661897,NA,NA,NA,NA,NA,8.316520717989576,1.651703939287506,16.096924864071838,0.6205383005650909,19.30513341468207,0.12965067457993917,0.04434748934256383,0.04009087653611266,0,platt,platt,0.12509087653611267,0.04408625020725137,role_change_down,0.85,"Impact note explicitly states Legette is not worth starting with majority of work going to Tet McMillan and Jalen Coker, indicating reduced role/opportunity.",2026-09-27 13:00:00,2026-09-24 15:09:01,2026-09-24 15:08:50,live
WR,00-0039146,Jayden Reed,GB,ATL,2026_03_ATL_GB,2026,3,Out,Did Not Participate In Practice,15,20,4.649620287314691,NA,NA,NA,NA,NA,8.35862281194514,2.426127711832298,15.28412594370857,1.508265255556827,18.13982057697377,0.10862818434580324,0.03300012904941951,0.01872588725619946,0,platt,platt,0.10372588725619948,0.03261358823563851,role_change_down,0.85,Coach uncertainty about Reed's return this season suggests potential loss of a starting WR opportunity for remainder of season.,2026-09-24 20:15:00,2026-09-24 15:09:01,2026-09-24 15:08:50,live
WR,00-0040870,Ja'Kobi Lane,BAL,DAL,2026_03_BAL_DAL,2026,3,NA,NA,15,20,5.13947370963066,NA,NA,NA,NA,NA,8.105657419991438,1.6611882171576309,15.628831210043046,0.6641142656271599,18.73097218213172,0.11757894665475022,0.0393239114717927,0.01779595774671578,0,platt,platt,0.1127959577467158,0.03899914456980504,role_change_down,0.95,Expected one-month absence due to wrist surgery will significantly reduce Lane's snap count and target opportunities during that period.,2026-09-27 16:25:00,2026-09-24 15:09:01,2026-09-24 15:08:50,live
WR,00-0041511,Omar Cooper Jr.,NYJ,DET,2026_03_NYJ_DET,2026,3,NA,NA,15,20,4.502211804907727,NA,NA,NA,NA,NA,7.398201992134403,1.6215709653529498,14.1417518125558,0.7278234520784972,16.92241895903507,0.08456758500328121,0.02111562025053914,0.00757154601178827,0,platt,platt,0.07957154601178827,0.02068309815772307,role_change_down,0.72,Cooper's week-to-week status combined with Johnson signing to practice squad suggests potential reduced opportunity if Cooper's absence extends.,2026-09-27 13:00:00,2026-09-24 15:09:01,2026-09-24 15:08:50,live
WR,00-0031235,Odell Beckham Jr.,NYG,TEN,2026_03_TEN_NYG,2026,3,NA,NA,15,20,4.579310262887007,NA,NA,NA,NA,NA,7.655262530612781,1.7970018602195656,14.49410553593158,0.8906247899162398,17.31406632382878,0.0910301152725308,0.02514265334268728,0.0010236166415687,0,platt,platt,0.08602361664156871,0.02471366086235786,role_change_down,0.85,"Despite preseason hype about increased offensive involvement, OBJ received minimal snaps (11) and zero targets/touches, indicating significantly reduced opportunity in the offense.",2026-09-27 13:00:00,2026-09-24 15:09:01,2026-09-24 15:08:50,live
QB,00-0034857,Josh Allen,BUF,LAC,2026_03_LAC_BUF,2026,3,NA,NA,20,25,6.073178502807356,8.927368683629183,-4.369218364818913,22.22395573207728,-7.839399573080733,25.6941369403391,NA,NA,NA,NA,NA,0.6515,0.4115,0.6756733534029108,0.4008688057501995,platt_vol_vegas,platt,0.6756733534029108,0.4008688057501995,NA,NA,NA,2026-09-27 13:00:00,2026-09-26 15:09:07,2026-09-26 15:08:57,live
QB,00-0033873,Patrick Mahomes,KC,MIA,2026_03_KC_MIA,2026,3,NA,Full Participation in Practice,20,25,2.717487083299503,7.385890119537413,-5.910696928910683,20.68247716798551,-9.380878137172504,24.15265837624733,NA,NA,NA,NA,NA,0.49,0.2795,0.5543412690672835,0.3535890514018232,platt_vol_vegas,platt,0.4693412690672835,0.26858905140182315,role_change_up,0.85,Waiver of backup QB who started final two games suggests potential return to full starter role for Mahomes or clarification of depth chart for fantasy purposes.,2026-09-27 13:00:00,2026-09-26 15:09:07,2026-09-26 15:08:57,live
QB,00-0034796,Lamar Jackson,BAL,DAL,2026_03_BAL_DAL,2026,3,NA,NA,20,25,3.195082987284453,7.687407101286743,-5.609179947161353,20.98399414973484,-9.079361155423172,24.45417535799666,NA,NA,NA,NA,NA,0.494,0.277,0.5412591599191552,0.2661061456234884,platt_vol_vegas,platt,0.5412591599191552,0.2661061456234884,NA,NA,NA,2026-09-27 16:25:00,2026-09-26 15:09:07,2026-09-26 15:08:57,live
QB,00-0037834,Brock Purdy,SF,ARI,2026_03_ARI_SF,2026,3,NA,NA,20,25,3.320963980376249,8.678677689703454,-4.617909358744642,21.97526473815155,-8.088090567006462,25.445445946413372,NA,NA,NA,NA,NA,0.499,0.295,0.5058626815341626,0.28400365675177114,platt_vol_vegas,platt,0.5058626815341626,0.28400365675177114,NA,NA,NA,2026-09-27 16:05:00,2026-09-26 15:09:07,2026-09-26 15:08:57,live
QB,00-0033106,Jared Goff,DET,NYJ,2026_03_NYJ_DET,2026,3,NA,NA,20,25,1.4779160094291,8.734069227276825,-4.562517821171271,22.03065627572492,-8.032699029433092,25.500837483986743,NA,NA,NA,NA,NA,0.507,0.304,0.459113318312494,0.2929699450899202,platt_vol_vegas,platt,0.459113318312494,0.2929699450899202,NA,NA,NA,2026-09-27 13:00:00,2026-09-26 15:09:07,2026-09-26 15:08:57,live
QB,00-0033077,Dak Prescott,DAL,BAL,2026_03_BAL_DAL,2026,3,NA,NA,20,25,3.0172866111088945,5.422359590042799,-7.874227458405297,18.718946638490895,-11.344408666667118,22.189127846752715,NA,NA,NA,NA,NA,0.399,0.21,0.4391070568582134,0.19993741761910533,platt_vol_vegas,platt,0.4391070568582134,0.19993741761910533,NA,NA,NA,2026-09-27 16:25:00,2026-09-26 15:09:07,2026-09-26 15:08:57,live
QB,00-0040743,Tyler Shough,NO,LV,2026_03_LV_NO,2026,3,NA,NA,20,25,4.397775021344569,3.4151735475266793,-9.881413500921417,16.711760595974773,-13.351594709183235,20.18194180423659,NA,NA,NA,NA,NA,0.446,0.248,0.37888538007925154,0.2373749081112552,platt_vol_vegas,platt,0.37888538007925154,0.2373749081112552,NA,NA,NA,2026-09-27 16:25:00,2026-09-26 15:09:07,2026-09-26 15:08:57,live
QB,00-0036355,Justin Herbert,LAC,BUF,2026_03_LAC_BUF,2026,3,NA,NA,20,25,4.248823615035765,1.540181830037572,-11.756405218410524,14.836768878485667,-15.226586426672345,18.306950086747488,NA,NA,NA,NA,NA,0.3505,0.1595,0.3714610560433624,0.1506036041350335,platt_vol_vegas,platt,0.3714610560433624,0.1506036041350335,NA,NA,NA,2026-09-27 13:00:00,2026-09-26 15:09:07,2026-09-26 15:08:57,live
QB,00-0036389,Jalen Hurts,PHI,CHI,2026_03_PHI_CHI,2026,3,NA,NA,20,25,4.899180472190453,3.007520352840583,-10.289066695607511,16.30410740128868,-13.759247903869332,19.7742886095505,NA,NA,NA,NA,NA,0.4105,0.23,0.3634283069953294,0.21961019892352113,platt_vol_vegas,platt,0.3634283069953294,0.21961019892352113,NA,NA,NA,2026-09-28 20:15:00,2026-09-26 15:09:07,2026-09-26 15:08:57,live
QB,00-0039851,Drake Maye,NE,JAX,2026_03_NE_JAX,2026,3,NA,NA,20,25,4.370287989371777,3.374761065465517,-9.92182598298258,16.671348113913613,-13.3920071912444,20.141529322175433,NA,NA,NA,NA,NA,0.407,0.2175,0.35992046620269696,0.20730633515216831,platt_vol_vegas,platt,0.35992046620269696,0.20730633515216831,NA,NA,NA,2026-09-27 13:00:00,2026-09-26 15:09:07,2026-09-26 15:08:57,live
QB,00-0036971,Trevor Lawrence,JAX,NE,2026_03_NE_JAX,2026,3,NA,NA,20,25,2.7465401955844326,3.8890009981406632,-9.407586050307431,17.18558804658876,-12.877767258569254,20.65576925485058,NA,NA,NA,NA,NA,0.336,0.1625,0.33772933688952395,0.15351958474102703,platt_vol_vegas,platt,0.33772933688952395,0.15351958474102703,NA,NA,NA,2026-09-27 13:00:00,2026-09-26 15:09:07,2026-09-26 15:08:57,live
QB,00-0030565,Geno Smith,NYJ,DET,2026_03_NYJ_DET,2026,3,NA,NA,20,25,3.0764338488718983,0.4144236204260155,-12.88216342802208,13.711010668874112,-16.352344636283902,17.18119187713593,NA,NA,NA,NA,NA,0.2845,0.1305,0.2864855747065707,0.1225226067216021,platt_vol_vegas,platt,0.2864855747065707,0.1225226067216021,NA,NA,NA,2026-09-27 13:00:00,2026-09-26 15:09:07,2026-09-26 15:08:57,live
QB,00-0039918,Caleb Williams,CHI,PHI,2026_03_PHI_CHI,2026,3,NA,Did Not Participate In Practice,20,25,4.87747665801864,0.2847497398835692,-13.011837308564528,13.581336788331663,-16.482018516826347,17.051517996593486,NA,NA,NA,NA,NA,0.3335,0.163,0.2761547914901472,0.1540057736453082,platt_vol_vegas,platt,0.2761547914901472,0.1540057736453082,NA,NA,NA,2026-09-28 20:15:00,2026-09-26 15:09:07,2026-09-26 15:08:57,live
QB,00-0039163,C.J. Stroud,HOU,IND,2026_03_HOU_IND,2026,3,NA,NA,20,25,2.8419787880978284,2.2050838503114565,-11.09150319813664,15.501670898759553,-14.56168440639846,18.971852107021373,NA,NA,NA,NA,NA,0.355,0.1835,0.2757753058179475,0.17398530861670472,platt_vol_vegas,platt,0.2757753058179475,0.17398530861670472,NA,NA,NA,2026-09-27 13:00:00,2026-09-26 15:09:07,2026-09-26 15:08:57,live
QB,00-0033537,Deshaun Watson,CLE,CAR,2026_03_CAR_CLE,2026,3,NA,NA,20,25,4.7482736819290174,0.5800949158474277,-12.716492132600669,13.876681964295525,-16.186673340862487,17.346863172557345,NA,NA,NA,NA,NA,0.296,0.1375,0.2620492281102292,0.12928237854166202,platt_vol_vegas,platt,0.2620492281102292,0.12928237854166202,NA,NA,NA,2026-09-27 13:00:00,2026-09-26 15:09:07,2026-09-26 15:08:57,live
QB,00-0039732,Bo Nix,DEN,LA,2026_03_LA_DEN,2026,3,NA,NA,20,25,2.970614679080875,1.52346529205477,-11.773121756393326,14.820052340502864,-15.243302964655149,18.29023354876469,NA,NA,NA,NA,NA,0.2975,0.1345,0.2554746282430293,0.12638384285731694,platt_vol_vegas,platt,0.2554746282430293,0.12638384285731694,NA,NA,NA,2026-09-27 20:20:00,2026-09-26 15:09:07,2026-09-26 15:08:57,live
QB,00-0034855,Baker Mayfield,TB,MIN,2026_03_MIN_TB,2026,3,NA,Full Participation in Practice,20,25,3.1686384900453453,1.2855239115691826,-12.011063136878914,14.582110960017278,-15.481244345140734,18.0522921682791,NA,NA,NA,NA,NA,0.3015,0.1335,0.23979624060595492,0.1254181587143076,platt_vol_vegas,platt,0.23979624060595492,0.1254181587143076,NA,NA,NA,2026-09-27 16:05:00,2026-09-26 15:09:07,2026-09-26 15:08:57,live
QB,00-0031503,Jameis Winston,NYG,TEN,2026_03_TEN_NYG,2026,3,NA,NA,20,25,2.632868255410564,-3.2847601759538603,-16.581347224401956,10.011826872494236,-20.051528432663776,13.482008080756057,NA,NA,NA,NA,NA,0.164,0.0545,0.23954163510580032,0.14505797708831425,platt_vol_vegas,platt,0.14454163510580034,0.05005797708831423,role_change_up,0.95,Dart's season-ending surgery creates a clear QB1 opportunity for Jameis Winston with the Giants.,2026-09-27 13:00:00,2026-09-26 15:09:07,2026-09-26 15:08:57,live
QB,00-0036442,Joe Burrow,CIN,PIT,2026_03_CIN_PIT,2026,3,NA,NA,20,25,1.7755734803470848,1.7671881433059449,-11.529398905142152,15.06377519175404,-14.999580113403972,18.53395640001586,NA,NA,NA,NA,NA,0.2745,0.136,0.23867643111082204,0.12783283371997334,platt_vol_vegas,platt,0.23867643111082204,0.12783283371997334,NA,NA,NA,2026-09-27 13:00:00,2026-09-26 15:09:07,2026-09-26 15:08:57,live
QB,00-0035710,Daniel Jones,IND,HOU,2026_03_HOU_IND,2026,3,NA,NA,20,25,2.6665655551562346,1.9413916095622512,-11.355195438885843,15.237978658010348,-14.825376647147666,18.70815986627217,NA,NA,NA,NA,NA,0.3115,0.152,0.23493686121814877,0.14332243221860283,platt_vol_vegas,platt,0.23493686121814877,0.14332243221860283,NA,NA,NA,2026-09-27 13:00:00,2026-09-26 15:09:07,2026-09-26 15:08:57,live
QB,00-0039150,Bryce Young,CAR,CLE,2026_03_CAR_CLE,2026,3,NA,NA,20,25,2.0716995695401628,0.8256963912736565,-12.47089065717444,14.122283439721752,-15.94107186543626,17.592464647983572,NA,NA,NA,NA,NA,0.2695,0.1205,0.2336330833533538,0.11288741480314782,platt_vol_vegas,platt,0.2336330833533538,0.11288741480314782,NA,NA,NA,2026-09-27 13:00:00,2026-09-26 15:09:07,2026-09-26 15:08:57,live
QB,00-0026498,Matthew Stafford,LA,DEN,2026_03_LA_DEN,2026,3,NA,NA,20,25,1.0970701203605595,3.0640795320870158,-10.23250751636108,16.36066658053511,-13.7026887246229,19.83084778879693,NA,NA,NA,NA,NA,0.246,0.1045,0.23049473828334024,0.09752727695984212,platt_vol_vegas,platt,0.23049473828334024,0.09752727695984212,NA,NA,NA,2026-09-27 20:20:00,2026-09-26 15:09:07,2026-09-26 15:08:57,live
QB,00-0033119,Jacoby Brissett,ARI,SF,2026_03_ARI_SF,2026,3,NA,Full Participation in Practice,20,25,2.588556829299428,-0.10820137088571868,-13.404788419333814,13.188385677562378,-16.874969627595636,16.658566885824197,NA,NA,NA,NA,NA,0.22,0.0885,0.22404565444494529,0.08224240766087534,platt_vol_vegas,platt,0.22404565444494529,0.08224240766087534,NA,NA,NA,2026-09-27 16:05:00,2026-09-26 15:09:07,2026-09-26 15:08:57,live
QB,00-0034869,Sam Darnold,SEA,WAS,2026_03_SEA_WAS,2026,3,NA,Full Participation in Practice,20,25,1.5662714985125028,2.0224337058102932,-11.274153342637804,15.31902075425839,-14.744334550899625,18.78920196252021,NA,NA,NA,NA,NA,0.218,0.086,0.21686740268038537,0.07986149376528805,platt_vol_vegas,platt,0.21686740268038537,0.07986149376528805,NA,NA,NA,2026-09-27 13:00:00,2026-09-26 15:09:07,2026-09-26 15:08:57,live
QB,00-0039910,Jayden Daniels,WAS,SEA,2026_03_SEA_WAS,2026,3,Out,Did Not Participate In Practice,20,25,5.687168408671858,-3.936996327746283,-17.233583376194378,9.359590720701814,-20.7037645844562,12.829771928963634,NA,NA,NA,NA,NA,0.229,0.0895,0.20289491296116863,0.08319534987893054,platt_vol_vegas,platt,0.20289491296116863,0.08319534987893054,NA,NA,NA,2026-09-27 13:00:00,2026-09-26 15:09:07,2026-09-26 15:08:57,live
QB,00-0038128,Malik Willis,MIA,KC,2026_03_KC_MIA,2026,3,NA,NA,20,25,3.4255818430690814,-3.082901822033961,-16.379488870482056,10.213685226414135,-19.849670078743877,13.683866434675956,NA,NA,NA,NA,NA,0.1775,0.0615,0.1881941529965601,0.05664672978583869,platt_vol_vegas,platt,0.1881941529965601,0.05664672978583869,NA,NA,NA,2026-09-27 13:00:00,2026-09-26 15:09:07,2026-09-26 15:08:57,live
QB,00-0035228,Kyler Murray,MIN,TB,2026_03_MIN_TB,2026,3,NA,NA,20,25,2.4041130837860547,-0.8638397139455525,-14.160426762393648,12.432747334502544,-17.63060797065547,15.902928542764364,NA,NA,NA,NA,NA,0.1745,0.0705,0.18740329268609823,0.06514828512648162,platt_vol_vegas,platt,0.18740329268609823,0.06514828512648162,NA,NA,NA,2026-09-27 16:05:00,2026-09-26 15:09:07,2026-09-26 15:08:57,live
QB,00-0029604,Kirk Cousins,LV,NO,2026_03_LV_NO,2026,3,NA,NA,20,25,1.164680266596693,0.27026671307068484,-13.026320335377411,13.56685376151878,-16.49650154363923,17.037034969780603,NA,NA,NA,NA,NA,0.2115,0.085,0.17555804571867875,0.07890971168663563,platt_vol_vegas,platt,0.17555804571867875,0.07890971168663563,NA,NA,NA,2026-09-27 16:25:00,2026-09-26 15:09:07,2026-09-26 15:08:57,live
QB,00-0023459,Aaron Rodgers,PIT,CIN,2026_03_CIN_PIT,2026,3,NA,NA,20,25,1.1133873418194715,-0.8856028641397653,-14.18218991258786,12.410984184308331,-17.652371120849683,15.881165392570152,NA,NA,NA,NA,NA,0.2225,0.0895,0.1677726793542145,0.08319534987893054,platt_vol_vegas,platt,0.1677726793542145,0.08319534987893054,NA,NA,NA,2026-09-27 13:00:00,2026-09-26 15:09:07,2026-09-26 15:08:57,live
QB,00-0036825,Feleipe Franks,CAR,CLE,2026_03_CAR_CLE,2026,3,NA,NA,20,25,2.368927336057654,-5.9918129387719,-19.288399987219996,7.304774109676196,-22.758581195481817,10.774955317938016,NA,NA,NA,NA,NA,0.0975,0.022,0.14842772628308315,0.01981357054783263,platt_vol_vegas,platt,0.14842772628308315,0.01981357054783263,NA,NA,NA,2026-09-27 13:00:00,2026-09-26 15:09:07,2026-09-26 15:08:57,live
QB,00-0040676,Cam Ward,TEN,NYG,2026_03_TEN_NYG,2026,3,NA,NA,20,25,2.6641455225082065,-2.064123487997639,-15.360710536445737,11.232463560450457,-18.830891744707557,14.702644768712275,NA,NA,NA,NA,NA,0.1865,0.07,0.13311863199161897,0.06467513260725245,platt_vol_vegas,platt,0.13311863199161897,0.06467513260725245,NA,NA,NA,2026-09-27 13:00:00,2026-09-26 15:09:07,2026-09-26 15:08:57,live
QB,00-0040691,Jaxson Dart,NYG,TEN,2026_03_TEN_NYG,2026,3,NA,Did Not Participate In Practice,20,25,4.8481817789191375,1.0653069505700017,-12.231280097878097,14.361893999018095,-15.701461306139915,17.832075207279917,NA,NA,NA,NA,NA,0.2855,0.124,0.13304307950533187,0.02125677021478496,platt_vol_vegas,platt,0.22804307950533187,0.11625677021478496,role_change_down,0.95,"Dart sidelined with sprained MCL, Winston taking over as starter, reducing Dart's near-term opportunity.",2026-09-27 13:00:00,2026-09-26 15:09:07,2026-09-26 15:08:57,live
QB,00-0040398,Brady Cook,MIA,KC,2026_03_KC_MIA,2026,3,NA,NA,20,25,2.3252526726979976,-5.042080407670778,-18.338667456118873,8.254506640777318,-21.808848664380697,11.72468784903914,NA,NA,NA,NA,NA,0.096,0.028,0.12901608800838787,0.02534410474252231,platt_vol_vegas,platt,0.12901608800838787,0.02534410474252231,NA,NA,NA,2026-09-27 13:00:00,2026-09-26 15:09:07,2026-09-26 15:08:57,live
QB,00-0038102,Kenny Pickett,CAR,CLE,2026_03_CAR_CLE,2026,3,NA,NA,20,25,1.1594193297520947,-4.542289574157047,-17.83887662260514,8.75429747429105,-21.30905783086696,12.22447868255287,NA,NA,NA,NA,NA,0.0895,0.027,0.1288475157813139,0.02442028035599047,platt_vol_vegas,platt,0.1288475157813139,0.02442028035599047,NA,NA,NA,2026-09-27 13:00:00,2026-09-26 15:09:07,2026-09-26 15:08:57,live
QB,00-0032268,Marcus Mariota,WAS,SEA,2026_03_SEA_WAS,2026,3,NA,NA,20,25,2.5156240367436986,-5.068646607143621,-18.365233655591716,8.227940441304476,-21.835414863853536,11.698121649566296,NA,NA,NA,NA,NA,0.126,0.041,0.12811863199161896,0.05164672978583869,platt_vol_vegas,platt,0.11644941767232617,0.03741726861122504,role_change_up,0.95,"Starting QB role confirmed for Week 3 due to Jayden Daniels' elbow injury, materially increasing Mariota's snap count and fantasy relevance.",2026-09-27 13:00:00,2026-09-26 15:09:07,2026-09-26 15:08:57,live
QB,00-0032950,Carson Wentz,MIN,TB,2026_03_MIN_TB,2026,3,NA,NA,20,25,2.4920299252241223,2.2279511085954105,-11.068635939852683,15.524538157043509,-14.538817148114504,18.994719365305325,NA,NA,NA,NA,NA,0.2635,0.1085,0.12811863199161896,0.01636055308931285,platt_vol_vegas,platt,0.23036343271799276,0.10136055308931284,role_change_down,0.85,"Blurb explicitly states Wentz could be benched if Kyler Murray returns from concussion, directly implying reduced opportunity/snaps.",2026-09-27 16:05:00,2026-09-26 15:09:07,2026-09-26 15:08:57,live
QB,00-0035704,Drew Lock,SEA,WAS,2026_03_SEA_WAS,2026,3,NA,NA,20,25,1.7593870021940343,3.96110690269855,-9.335480145749546,17.257693951146646,-12.805661354011368,20.727875159408462,NA,NA,NA,NA,NA,0.3025,0.137,0.12811863199161896,0.05164672978583869,platt_vol_vegas,platt,0.2585872571521776,0.1287991356320276,NA,NA,NA,2026-09-27 13:00:00,2026-09-26 15:09:07,2026-09-26 15:08:57,live
QB,00-0039107,Stetson Bennett,LA,DEN,2026_03_LA_DEN,2026,3,NA,NA,20,25,1.7639918020683465,-2.440703255376324,-15.73729030382442,10.855883793071772,-19.20747151208624,14.326065001333593,NA,NA,NA,NA,NA,0.1375,0.047,0.12811863199161896,0.05164672978583869,platt_vol_vegas,platt,0.18497860370444896,0.04302382928582402,role_change_up,0.85,"Bennett elevated to backup QB role over rookie Simpson, increasing his opportunity and game-day relevance.",2026-09-27 20:20:00,2026-09-26 15:09:07,2026-09-26 15:08:57,live
QB,00-0026158,Joe Flacco,CIN,PIT,2026_03_CIN_PIT,2026,3,NA,NA,20,25,1.575456773100536,-3.3150513511827584,-16.611638399630856,9.981535697265338,-20.081819607892676,13.451716905527158,NA,NA,NA,NA,NA,0.158,0.05,0.12811863199161896,0.04583418817633102,platt_vol_vegas,platt,0.1801166410732392,0.04583418817633102,NA,NA,NA,2026-09-27 13:00:00,2026-09-26 15:09:07,2026-09-26 15:08:57,live
QB,00-0027973,Andy Dalton,PHI,CHI,2026_03_PHI_CHI,2026,3,NA,NA,20,25,2.4496209513755285,-3.204603871744583,-16.501190920192677,10.091983176703511,-19.971372128454497,13.562164384965332,NA,NA,NA,NA,NA,0.14,0.052,0.12811863199161896,0.04771023478347495,platt_vol_vegas,platt,0.18277644797901457,0.04771023478347495,NA,NA,NA,2026-09-28 20:15:00,2026-09-26 15:09:07,2026-09-26 15:08:57,live
QB,00-0028986,Case Keenum,CHI,PHI,2026_03_PHI_CHI,2026,3,NA,NA,20,25,2.3175711710318003,-3.874968960102207,-17.171556008550304,9.421618088345888,-20.641737216812125,12.891799296607708,NA,NA,NA,NA,NA,0.121,0.041,0.12811863199161896,0.05164672978583869,platt_vol_vegas,platt,0.1378074178494877,0.03741726861122504,role_change_up,0.85,Caleb Williams' multi-week absence elevates Case Keenum to starter role against Philadelphia.,2026-09-28 20:15:00,2026-09-26 15:09:07,2026-09-26 15:08:57,live
QB,00-0033949,Joshua Dobbs,DET,NYJ,2026_03_NYJ_DET,2026,3,NA,NA,20,25,2.3780409954795876,3.5833667417599315,-9.713220306688164,16.879953790208027,-13.183401514949985,20.350134998469848,NA,NA,NA,NA,NA,0.2945,0.133,0.12811863199161896,0.05164672978583869,platt_vol_vegas,platt,0.37583174615543963,0.12493541003113708,NA,NA,NA,2026-09-27 13:00:00,2026-09-26 15:09:07,2026-09-26 15:08:57,live
QB,00-0034577,Kyle Allen,BUF,LAC,2026_03_LAC_BUF,2026,3,NA,NA,20,25,2.3603208898734,1.091532486956463,-12.205054561491632,14.38811953540456,-15.675235769753453,17.85830074366638,NA,NA,NA,NA,NA,0.2675,0.118,0.12811863199161896,0.05164672978583869,platt_vol_vegas,platt,0.3980834972270993,0.11048272938967953,NA,NA,NA,2026-09-27 13:00:00,2026-09-26 15:09:07,2026-09-26 15:08:57,live
QB,00-0035264,Jarrett Stidham,DEN,LA,2026_03_LA_DEN,2026,3,NA,NA,20,25,2.451515125310913,-2.7962149106505407,-16.092801959098637,10.500372137797555,-19.562983167360457,13.970553346059376,NA,NA,NA,NA,NA,0.1465,0.0465,0.12811863199161896,0.0425558812929124,platt_vol_vegas,platt,0.17461325337267208,0.0425558812929124,NA,NA,NA,2026-09-27 20:20:00,2026-09-26 15:09:07,2026-09-26 15:08:57,live
QB,00-0035289,Gardner Minshew,ARI,SF,2026_03_ARI_SF,2026,3,NA,NA,20,25,2.38670674283861,-2.453354277423536,-15.749941325871632,10.84323277102456,-19.220122534133452,14.31341397928638,NA,NA,NA,NA,NA,0.1225,0.038,0.12811863199161896,0.03462157084051211,platt_vol_vegas,platt,0.16812256905994694,0.03462157084051211,NA,NA,NA,2026-09-27 16:05:00,2026-09-26 15:09:07,2026-09-26 15:08:57,live
QB,00-0035993,Tyler Huntley,BAL,DAL,2026_03_BAL_DAL,2026,3,NA,NA,20,25,2.359473646451113,3.7924653574559946,-9.5041216909921,17.08905240590409,-12.974302899253921,20.559233614165912,NA,NA,NA,NA,NA,0.3145,0.1425,0.12811863199161896,0.05164672978583869,platt_vol_vegas,platt,0.4308182927189967,0.13411814457100063,NA,NA,NA,2026-09-27 16:25:00,2026-09-26 15:09:07,2026-09-26 15:08:57,live
QB,00-0036879,Sam Ehlinger,DEN,LA,2026_03_LA_DEN,2026,3,NA,NA,20,25,2.3947606045524577,-1.943753659109403,-15.2403407075575,11.352833389338691,-18.71052191581932,14.823014597600514,NA,NA,NA,NA,NA,0.151,0.0515,0.12811863199161896,0.04724104165907385,platt_vol_vegas,platt,0.17626854108637713,0.04724104165907385,NA,NA,NA,2026-09-27 20:20:00,2026-09-26 15:09:07,2026-09-26 15:08:57,live
QB,00-0036898,Davis Mills,HOU,IND,2026_03_HOU_IND,2026,3,NA,NA,20,25,1.8947995998532852,-2.1509133810331273,-15.447500429481224,11.145673667414968,-18.917681637743044,14.615854875676789,NA,NA,NA,NA,NA,0.163,0.058,0.12811863199161896,0.05164672978583869,platt_vol_vegas,platt,0.17417096199381624,0.05334964760868894,NA,NA,NA,2026-09-27 13:00:00,2026-09-26 15:09:07,2026-09-26 15:08:57,live
QB,00-0036945,Justin Fields,KC,MIA,2026_03_KC_MIA,2026,3,NA,NA,20,25,5.334027184088416,4.499552411465082,-8.797034636983014,17.796139459913178,-12.267215845244834,21.266320668175,NA,NA,NA,NA,NA,0.448,0.2345,0.12811863199161896,0.05164672978583869,platt_vol_vegas,platt,0.5134293549453308,0.2240462500241612,NA,NA,NA,2026-09-27 13:00:00,2026-09-26 15:09:07,2026-09-26 15:08:57,live
QB,00-0036972,Mac Jones,SF,ARI,2026_03_ARI_SF,2026,3,NA,NA,20,25,2.722974756215185,6.091382201499322,-7.2052048469487735,19.387969249947417,-10.675386055210597,22.85815045820924,NA,NA,NA,NA,NA,0.387,0.2005,0.12811863199161896,0.05164672978583869,platt_vol_vegas,platt,0.4368960572242935,0.19061835124395105,NA,NA,NA,2026-09-27 16:05:00,2026-09-26 15:09:07,2026-09-26 15:08:57,live
QB,00-0037012,Trey Lance,LAC,BUF,2026_03_LAC_BUF,2026,3,Questionable,Limited Participation in Practice,20,25,2.527631120591575,-3.7523818431014218,-17.048968891549517,9.544205205346676,-20.519150099811338,13.014386413608497,NA,NA,NA,NA,NA,0.146,0.0485,0.12811863199161896,0.04442844228768633,platt_vol_vegas,platt,0.223415920095391,0.04442844228768633,NA,NA,NA,2026-09-27 13:00:00,2026-09-26 15:09:07,2026-09-26 15:08:57,live
QB,00-0037013,Zach Wilson,NO,LV,2026_03_LV_NO,2026,3,NA,NA,20,25,2.499376120531166,-0.5391219298073141,-13.83570897825541,12.757465118640782,-17.30589018651723,16.2276463269026,NA,NA,NA,NA,NA,0.2015,0.073,0.12811863199161896,0.05164672978583869,platt_vol_vegas,platt,0.2250086412674497,0.06751547910925741,NA,NA,NA,2026-09-27 16:25:00,2026-09-26 15:09:07,2026-09-26 15:08:57,live
QB,00-0037077,Sam Howell,DAL,BAL,2026_03_BAL_DAL,2026,3,NA,NA,20,25,2.451515125310913,-1.4109421567929803,-14.707529205241077,11.885644891655115,-18.177710413502897,15.355826099916936,NA,NA,NA,NA,NA,0.175,0.056,0.12811863199161896,0.05146801496561339,platt_vol_vegas,platt,0.30006698691480127,0.05146801496561339,NA,NA,NA,2026-09-27 16:25:00,2026-09-26 15:09:07,2026-09-26 15:08:57,live
QB,00-0038400,Tanner McKee,PHI,CHI,2026_03_PHI_CHI,2026,3,NA,NA,20,25,2.3928664306170733,-2.0711119382751164,-15.367698986723212,11.22547511017298,-18.837880194985033,14.6956563184348,NA,NA,NA,NA,NA,0.164,0.0595,0.12811863199161896,0.05164672978583869,platt_vol_vegas,platt,0.1956227260781807,0.05476203379181058,NA,NA,NA,2026-09-28 20:15:00,2026-09-26 15:09:07,2026-09-26 15:08:57,live
QB,00-0038476,Tommy DeVito,NE,JAX,2026_03_NE_JAX,2026,3,NA,NA,20,25,2.3603208898734,-4.87375139124908,-18.170338439697176,8.422835657199016,-21.640519647958996,11.893016865460837,NA,NA,NA,NA,NA,0.118,0.0375,0.12811863199161896,0.03415614237425751,platt_vol_vegas,platt,0.17412626193987865,0.03415614237425751,NA,NA,NA,2026-09-27 13:00:00,2026-09-26 15:09:07,2026-09-26 15:08:57,live
QB,00-0038579,Aidan O'Connell,LV,NO,2026_03_LV_NO,2026,3,Questionable,Did Not Participate In Practice,20,25,2.4496209513755285,-2.827775719710166,-16.124362768158264,10.46881132873793,-19.594543976420084,13.93899253699975,NA,NA,NA,NA,NA,0.1415,0.0475,0.12811863199161896,0.04349190612099697,platt_vol_vegas,platt,0.1606192451130635,0.04349190612099697,NA,NA,NA,2026-09-27 16:25:00,2026-09-26 15:09:07,2026-09-26 15:08:57,live
QB,00-0039164,Anthony Richardson,IND,HOU,2026_03_HOU_IND,2026,3,NA,NA,20,25,2.527631120591575,-4.066851115115233,-17.36343816356333,9.229735933332863,-20.83361937182515,12.699917141594684,NA,NA,NA,NA,NA,0.131,0.0395,0.12811863199161896,0.03601875841779032,platt_vol_vegas,platt,0.15177275808239332,0.03601875841779032,NA,NA,NA,2026-09-27 13:00:00,2026-09-26 15:09:07,2026-09-26 15:08:57,live
QB,00-0039376,Spencer Rattler,NO,LV,2026_03_LV_NO,2026,3,NA,NA,20,25,2.7341790310870735,0.7220224005648617,-12.574564647883234,14.018609449012958,-16.044745856145056,17.488790657274777,NA,NA,NA,NA,NA,0.277,0.117,0.12811863199161896,0.05164672978583869,platt_vol_vegas,platt,0.26627553930523307,0.10952132725270648,NA,NA,NA,2026-09-27 16:25:00,2026-09-26 15:09:07,2026-09-26 15:08:57,live
QB,00-0039923,J.J. McCarthy,MIN,TB,2026_03_MIN_TB,2026,3,NA,NA,20,25,2.711859207014492,-0.058835811028543183,-13.35542285947664,13.237751237419552,-16.82560406773846,16.707932445681372,NA,NA,NA,NA,NA,0.216,0.087,0.12811863199161896,0.05164672978583869,platt_vol_vegas,platt,0.21252124069961495,0.08081361057666174,NA,NA,NA,2026-09-27 16:05:00,2026-09-26 15:09:07,2026-09-26 15:08:57,live
QB,00-0040014,Kyle McCord,MIA,KC,2026_03_KC_MIA,2026,3,NA,NA,20,25,2.368816670918668,-4.626114734176067,-17.922701782624163,8.670472314272029,-21.392882990885983,12.14065352253385,NA,NA,NA,NA,NA,0.1035,0.028,0.12811863199161896,0.02534410474252231,platt_vol_vegas,platt,0.1340775137188448,0.02534410474252231,NA,NA,NA,2026-09-27 13:00:00,2026-09-26 15:09:07,2026-09-26 15:08:57,live
QB,00-0040203,Will Howard,PIT,CIN,2026_03_CIN_PIT,2026,3,NA,NA,20,25,2.36118765487733,-1.7851577669135978,-15.081744815361692,11.5114292815345,-18.551926023623516,14.98161048979632,NA,NA,NA,NA,NA,0.144,0.043,0.12811863199161896,0.03928394248581542,platt_vol_vegas,platt,0.15016977652946747,0.03928394248581542,NA,NA,NA,2026-09-27 13:00:00,2026-09-26 15:09:07,2026-09-26 15:08:57,live
QB,00-0040206,Riley Leonard,IND,HOU,2026_03_HOU_IND,2026,3,NA,NA,20,25,2.3928664306170733,-3.4707241590283138,-16.76731120747641,9.82586288941978,-20.23749241573823,13.296044097681602,NA,NA,NA,NA,NA,0.1315,0.042,0.12811863199161896,0.03835032509192407,platt_vol_vegas,platt,0.15034233029107782,0.03835032509192407,NA,NA,NA,2026-09-27 13:00:00,2026-09-26 15:09:07,2026-09-26 15:08:57,live
QB,00-0040234,Quinn Ewers,JAX,NE,2026_03_NE_JAX,2026,3,NA,NA,20,25,2.383645055351765,-0.5680159259277219,-13.864602974375815,12.728571122520377,-17.334784182637637,16.198752330782195,NA,NA,NA,NA,NA,0.2045,0.0825,0.12811863199161896,0.05164672978583869,platt_vol_vegas,platt,0.26240023519702316,0.07653173877117592,NA,NA,NA,2026-09-27 13:00:00,2026-09-26 15:09:07,2026-09-26 15:08:57,live
QB,00-0040589,Kurtis Rourke,SF,ARI,2026_03_ARI_SF,2026,3,NA,NA,20,25,2.3947606045524577,4.493370445441975,-8.80321660300612,17.78995749389007,-12.27339781126794,21.26013870215189,NA,NA,NA,NA,NA,0.3265,0.149,0.12811863199161896,0.05164672978583869,platt_vol_vegas,platt,0.3982963580322546,0.14041354320276644,NA,NA,NA,2026-09-27 16:05:00,2026-09-26 15:09:07,2026-09-26 15:08:57,live
QB,00-0040668,Shedeur Sanders,CLE,CAR,2026_03_CAR_CLE,2026,3,NA,NA,20,25,2.4290817351333245,-0.7679098241761801,-14.064496872624275,12.528677224271917,-17.534678080886096,15.998858432533735,NA,NA,NA,NA,NA,0.1955,0.077,0.12811863199161896,0.05164672978583869,platt_vol_vegas,platt,0.17856924411412478,0.07130784147978501,NA,NA,NA,2026-09-27 13:00:00,2026-09-26 15:09:07,2026-09-26 15:08:57,live
QB,00-0040673,Jalen Milroe,SEA,WAS,2026_03_SEA_WAS,2026,3,NA,NA,20,25,2.4496209513755285,0.7361843543659691,-12.560402694082129,14.032771402814063,-16.03058390234395,17.502952611075884,NA,NA,NA,NA,NA,0.229,0.091,0.12811863199161896,0.05164672978583869,platt_vol_vegas,platt,0.23744002943642356,0.08462537318270287,NA,NA,NA,2026-09-27 13:00:00,2026-09-26 15:09:07,2026-09-26 15:08:57,live
QB,00-0040891,Cole Payton,PHI,CHI,2026_03_PHI_CHI,2026,3,NA,NA,20,25,2.4496209513755285,-3.1721354192884443,-16.46872246773654,10.124451629159651,-19.93890367599836,13.594632837421472,NA,NA,NA,NA,NA,0.1335,0.045,0.12811863199161896,0.04115282080697391,platt_vol_vegas,platt,0.17886901893312623,0.04115282080697391,NA,NA,NA,2026-09-28 20:15:00,2026-09-26 15:09:07,2026-09-26 15:08:57,live
QB,00-0040906,Garrett Nussmeier,KC,MIA,2026_03_KC_MIA,2026,3,NA,NA,20,25,2.3501167117754735,4.286626983013322,-9.009960065434774,17.583214031461416,-12.480141273696594,21.053395239723237,NA,NA,NA,NA,NA,0.3015,0.1425,0.12811863199161896,0.05164672978583869,platt_vol_vegas,platt,0.3676724733113004,0.13411814457100063,NA,NA,NA,2026-09-27 13:00:00,2026-09-26 15:09:07,2026-09-26 15:08:57,live
QB,00-0040981,Joe Fagnano,BAL,DAL,2026_03_BAL_DAL,2026,3,NA,NA,20,25,2.359473646451113,3.7924653574559946,-9.5041216909921,17.08905240590409,-12.974302899253921,20.559233614165912,NA,NA,NA,NA,NA,0.3265,0.148,0.12811863199161896,0.05164672978583869,platt_vol_vegas,platt,0.43730268590001314,0.13944437573275528,NA,NA,NA,2026-09-27 16:25:00,2026-09-26 15:09:07,2026-09-26 15:08:57,live
QB,00-0041056,Cade Klubnik,NYJ,DET,2026_03_NYJ_DET,2026,3,NA,NA,20,25,2.3780409954795876,-3.6493951449011743,-16.94598219334927,9.647191903546922,-20.41616340161109,13.117373111808742,NA,NA,NA,NA,NA,0.1115,0.0385,0.12811863199161896,0.03508715067294414,platt_vol_vegas,platt,0.17746149581502826,0.03508715067294414,NA,NA,NA,2026-09-27 13:00:00,2026-09-26 15:09:07,2026-09-26 15:08:57,live
QB,00-0041092,Taylen Green,CLE,CAR,2026_03_CAR_CLE,2026,3,NA,NA,20,25,2.4126506764723996,-0.7119888423657049,-14.0085758908138,12.584598206082392,-17.478757099075622,16.05477941434421,NA,NA,NA,NA,NA,0.177,0.0675,0.12811863199161896,0.05164672978583869,platt_vol_vegas,platt,0.16991953431968512,0.06231082792763581,NA,NA,NA,2026-09-27 13:00:00,2026-09-26 15:09:07,2026-09-26 15:08:57,live
QB,00-0041123,Behren Morton,NE,JAX,2026_03_NE_JAX,2026,3,NA,NA,20,25,2.3928664306170733,-3.783276256403039,-17.079863304851134,9.513310792045058,-20.550044513112955,12.983492000306878,NA,NA,NA,NA,NA,0.128,0.0405,0.12811863199161896,0.03695095393465202,platt_vol_vegas,platt,0.18108231588776136,0.03695095393465202,NA,NA,NA,2026-09-27 13:00:00,2026-09-26 15:09:07,2026-09-26 15:08:57,live
QB,00-0041149,Haynes King,CAR,CLE,2026_03_CAR_CLE,2026,3,NA,NA,20,25,2.368927336057654,-4.130064011710031,-17.42665106015813,9.166523036738065,-20.89683226841995,12.636704244999883,NA,NA,NA,NA,NA,0.1105,0.0325,0.12811863199161896,0.02951054563355397,platt_vol_vegas,platt,0.1570848286002213,0.02951054563355397,NA,NA,NA,2026-09-27 13:00:00,2026-09-26 15:09:07,2026-09-26 15:08:57,live
QB,00-0041251,Jalon Daniels,TB,MIN,2026_03_MIN_TB,2026,3,NA,NA,20,25,2.3603208898734,-3.830480752678607,-17.127067801126703,9.466106295769489,-20.597249009388523,12.93628750403131,NA,NA,NA,NA,NA,0.11,0.0365,0.12811863199161896,0.03322574579039934,platt_vol_vegas,platt,0.13795839315677913,0.03322574579039934,NA,NA,NA,2026-09-27 16:05:00,2026-09-26 15:09:07,2026-09-26 15:08:57,live
QB,00-0041561,Carson Beck,ARI,SF,2026_03_ARI_SF,2026,3,NA,NA,20,25,2.443461263597065,-2.2263067522105615,-15.522893800658656,11.070280296237534,-18.99307500892048,14.540461504499357,NA,NA,NA,NA,NA,0.135,0.043,0.12811863199161896,0.03928394248581542,platt_vol_vegas,platt,0.17653621602382935,0.03928394248581542,NA,NA,NA,2026-09-27 16:05:00,2026-09-26 15:09:07,2026-09-26 15:08:57,live
QB,00-0041562,Fernando Mendoza,LV,NO,2026_03_LV_NO,2026,3,NA,NA,20,25,2.527631120591575,-2.48401851586116,-15.780605564309257,10.812568532586935,-19.250786772571075,14.282749740848756,NA,NA,NA,NA,NA,0.1345,0.048,0.12811863199161896,0.04396011078582612,platt_vol_vegas,platt,0.15787188538397465,0.04396011078582612,NA,NA,NA,2026-09-27 16:25:00,2026-09-26 15:09:07,2026-09-26 15:08:57,live
QB,00-0041565,Drew Allar,PIT,CIN,2026_03_CIN_PIT,2026,3,NA,NA,20,25,2.389111938581444,-2.140943461847132,-15.437530510295227,11.155643586600965,-18.90771171855705,14.625824794862783,NA,NA,NA,NA,NA,0.1325,0.045,0.12811863199161896,0.04115282080697391,platt_vol_vegas,platt,0.1447005363703687,0.04115282080697391,NA,NA,NA,2026-09-27 13:00:00,2026-09-26 15:09:07,2026-09-26 15:08:57,live
QB,00-0041568,Ty Simpson,LA,DEN,2026_03_LA_DEN,2026,3,NA,NA,20,25,2.536299817246209,-2.4333002498854337,-15.72988729833353,10.863286798562662,-19.20006850659535,14.333468006824482,NA,NA,NA,NA,NA,0.1485,0.048,0.12811863199161896,0.04396011078582612,platt_vol_vegas,platt,0.20359124868984493,0.04396011078582612,NA,NA,NA,2026-09-27 20:20:00,2026-09-26 15:09:07,2026-09-26 15:08:57,live
QB,00-0038416,Tyson Bagent,CHI,PHI,2026_03_PHI_CHI,2026,3,NA,Did Not Participate In Practice,20,25,1.6999954417752878,-4.749309001258871,-18.04589604970697,8.547278047189225,-21.51607725796879,12.017459255451046,NA,NA,NA,NA,NA,0.112,0.03,0.1260584247109429,0.02719404178728632,platt_vol_vegas,platt,0.1260584247109429,0.02719404178728632,NA,NA,NA,2026-09-28 20:15:00,2026-09-26 15:09:07,2026-09-26 15:08:57,live
QB,00-0033869,Mitchell Trubisky,TEN,NYG,2026_03_TEN_NYG,2026,3,NA,NA,20,25,2.58549368409346,-4.168633764638082,-17.465220813086177,9.127953283810012,-20.935402021347997,12.598134492071834,NA,NA,NA,NA,NA,0.112,0.0355,0.10269431644756984,0.03229597383263514,platt_vol_vegas,platt,0.10269431644756984,0.03229597383263514,NA,NA,NA,2026-09-27 13:00:00,2026-09-26 15:09:07,2026-09-26 15:08:57,live
QB,00-0041117,Athan Kaliakmanis,WAS,SEA,2026_03_SEA_WAS,2026,3,NA,NA,20,25,2.3121529989405896,-6.464510956521953,-19.761098004970048,6.832076091926143,-23.23127921323187,10.302257300187964,NA,NA,NA,NA,NA,0.083,0.024,0.09368294638713057,0.02165366372155467,platt_vol_vegas,platt,0.09368294638713057,0.02165366372155467,NA,NA,NA,2026-09-27 13:00:00,2026-09-26 15:09:07,2026-09-26 15:08:57,live
QB,00-0034771,Mason Rudolph,PIT,CIN,2026_03_CIN_PIT,2026,3,NA,NA,20,25,1.776359253711503,-4.192152686424508,-17.488739734872603,9.10443436202359,-20.958920943134423,12.57461557028541,NA,NA,NA,NA,NA,0.0945,0.0235,0.05717167705626312,0,platt_vol_vegas,platt,0.11717167705626312,0.02119330366784632,role_change_down,0.6,Mason Rudolph listed as Steelers' QB2 on Week 1 depth chart,2026-09-27 13:00:00,2026-09-26 15:09:07,2026-09-26 15:08:57,live
RB,00-0039139,Jahmyr Gibbs,DET,NYJ,2026_03_NYJ_DET,2026,3,NA,NA,15,20,21.562677268933676,NA,NA,NA,NA,NA,21.41765351305093,11.37714777382715,33.46581168919009,9.993563292389611,39.560086385392935,0.6944246079875933,0.44594697828110785,0.7021276595744681,0.5158419994397914,strat_iso,platt_vol_vegas,0.7021276595744681,0.5158419994397914,NA,NA,NA,2026-09-27 13:00:00,2026-09-26 15:09:07,2026-09-26 15:08:57,live
RB,00-0036223,Jonathan Taylor,IND,HOU,2026_03_HOU_IND,2026,3,NA,Full Participation in Practice,15,20,24.75097947677631,NA,NA,NA,NA,NA,20.265551851235603,9.194617668241747,33.550178109977004,7.6690398608642045,40.26989082237296,0.6056569760238382,0.40061323734790033,0.6534653465346535,0.461541487315206,strat_iso,platt_vol_vegas,0.6534653465346535,0.461541487315206,NA,NA,NA,2026-09-27 13:00:00,2026-09-26 15:09:07,2026-09-26 15:08:57,live
RB,00-0039040,De'Von Achane,MIA,KC,2026_03_KC_MIA,2026,3,NA,NA,15,20,22.377157720601843,NA,NA,NA,NA,NA,19.750175941978647,9.442442680981868,32.11899520182809,8.022034172773076,38.37546869223192,0.5976335775098846,0.3819613928596973,0.6534653465346535,0.3417263061315895,strat_iso,platt_vol_vegas,0.6534653465346535,0.3417263061315895,NA,NA,NA,2026-09-27 13:00:00,2026-09-26 15:09:07,2026-09-26 15:08:57,live
RB,00-0032764,Derrick Henry,BAL,DAL,2026_03_BAL_DAL,2026,3,NA,NA,15,20,19.196708654526567,NA,NA,NA,NA,NA,18.653711872879924,9.406813488641,29.74957668940749,8.132588321288832,35.362156404518814,0.561971832389809,0.33502254783917385,0.548922056384743,0.40939657476349106,strat_iso,platt_vol_vegas,0.548922056384743,0.40939657476349106,NA,NA,NA,2026-09-27 16:25:00,2026-09-26 15:09:07,2026-09-26 15:08:57,live
RB,00-0033280,Christian McCaffrey,SF,ARI,2026_03_ARI_SF,2026,3,NA,Full Participation in Practice,15,20,16.66273077000329,NA,NA,NA,NA,NA,16.709143622765247,8.344636711758275,26.746178105553376,7.192005334661829,31.823173641228895,0.4703682616426515,0.25315582613701304,0.548922056384743,0.2875892603685844,strat_iso,platt_vol_vegas,0.548922056384743,0.2875892603685844,NA,NA,NA,2026-09-27 16:05:00,2026-09-26 15:09:07,2026-09-26 15:08:57,live
RB,00-0037248,James Cook,BUF,LAC,2026_03_LAC_BUF,2026,3,NA,NA,15,20,20.80451426542949,NA,NA,NA,NA,NA,17.70095353277075,7.911854807137912,29.44743452799845,6.562914282047128,35.38911298640524,0.4980548248414185,0.3004965767594223,0.548922056384743,0.3979159401010527,strat_iso,platt_vol_vegas,0.548922056384743,0.3979159401010527,NA,NA,NA,2026-09-27 13:00:00,2026-09-26 15:09:07,2026-09-26 15:08:57,live
RB,00-0036275,D'Andre Swift,CHI,PHI,2026_03_PHI_CHI,2026,3,NA,NA,15,20,17.857225453145677,NA,NA,NA,NA,NA,15.83408094830825,7.049080487467393,26.375688899009816,5.838504982335447,31.707910940921792,0.4280583680292567,0.22909863092998103,0.5240274599542334,0.2156229931007979,strat_iso,platt_vol_vegas,0.5240274599542334,0.2156229931007979,NA,NA,NA,2026-09-28 20:15:00,2026-09-26 15:09:07,2026-09-26 15:08:57,live
RB,00-0036555,Chuba Hubbard,CAR,CLE,2026_03_CAR_CLE,2026,3,NA,NA,15,20,17.09491551118682,NA,NA,NA,NA,NA,14.640359743914813,6.12272861986156,24.8611364392263,4.9489966836493,30.031073609634262,0.3750045236824251,0.1908720050263245,0.5211702127659574,0.2925926402491677,strat_iso,platt_vol_vegas,0.43617021276595747,0.20759264024916768,role_change_up,0.85,"Blurb explicitly states Hubbard has out-touched Jonathon Brooks by a solid margin and 'appears to be the back to own in Carolina moving forward,' indicating a shift in backfield opportunity hierarchy.",2026-09-27 13:00:00,2026-09-26 15:09:07,2026-09-26 15:08:57,live
RB,00-0033293,Aaron Jones,MIN,TB,2026_03_MIN_TB,2026,3,NA,Full Participation in Practice,15,20,17.652812094264128,NA,NA,NA,NA,NA,15.456835717165914,6.7431980944050824,25.912811451381856,5.542456408194543,31.20171847016095,0.411613849693404,0.21504820052708307,0.5185185185185185,0.23132936647697477,strat_iso,platt_vol_vegas,0.5185185185185185,0.23132936647697477,NA,NA,NA,2026-09-27 16:05:00,2026-09-26 15:09:07,2026-09-26 15:08:57,live
RB,00-0040122,Ashton Jeanty,LV,NO,2026_03_LV_NO,2026,3,NA,NA,15,20,21.11926567978609,NA,NA,NA,NA,NA,15.551778988487772,5.657989714313535,27.423883963336948,4.2946228025369475,33.42910632854267,0.4129066998991572,0.23642828243749417,0.5185185185185185,0.26657678968249937,strat_iso,platt_vol_vegas,0.5185185185185185,0.26657678968249937,NA,NA,NA,2026-09-27 16:25:00,2026-09-26 15:09:07,2026-09-26 15:08:57,live
RB,00-0036997,Javonte Williams,DAL,BAL,2026_03_BAL_DAL,2026,3,NA,NA,15,20,18.90840582409718,NA,NA,NA,NA,NA,14.65981148212323,5.511514140764824,25.637359453681928,4.250876224525925,31.19009140252999,0.37695276910039455,0.19811752475679267,0.4819277108433735,0.2512124051821403,strat_iso,platt_vol_vegas,0.4819277108433735,0.2512124051821403,NA,NA,NA,2026-09-27 16:25:00,2026-09-26 15:09:07,2026-09-26 15:08:57,live
RB,00-0037840,Kyren Williams,LA,DEN,2026_03_LA_DEN,2026,3,NA,NA,15,20,15.845806042945046,NA,NA,NA,NA,NA,14.073031474308594,6.001171063174869,23.758903235642123,4.888866455096629,28.658271448010343,0.34691767312488486,0.17414786163528018,0.4676530612244898,0.27388718789289745,strat_iso,platt_vol_vegas,0.3826530612244898,0.18888718789289743,role_change_up,0.85,"Ronnie Rivers' IR placement increases snap and carry share for the Rams' remaining RBs, primarily benefiting lead back Kyren Williams.",2026-09-27 20:20:00,2026-09-26 15:09:07,2026-09-26 15:08:57,live
RB,00-0038134,Kenneth Walker III,KC,MIA,2026_03_KC_MIA,2026,3,NA,NA,15,20,20.08297508679169,NA,NA,NA,NA,NA,18.12448744351763,8.577143923121408,29.580872996519037,7.261517332503608,35.37581356460291,0.5251388104360254,0.31535464408061753,0.456922056384743,0.28828651781624026,strat_iso,platt_vol_vegas,0.548922056384743,0.3802865178162403,role_change_down,0.92,"Head coach explicitly stated Emmett Johnson will take workload away from Kenneth Walker, directly reducing Walker's opportunity share.",2026-09-27 13:00:00,2026-09-26 15:09:07,2026-09-26 15:08:57,live
RB,00-0037228,Jaylen Warren,PIT,CIN,2026_03_CIN_PIT,2026,3,Questionable,Limited Participation in Practice,15,20,16.545728463399183,NA,NA,NA,NA,NA,12.73895455628345,4.416100195129287,22.72600784070368,3.269208550979112,27.77772157412808,0.28941977116627626,0.1521513954155178,0.4503719008264463,0.24175263506797617,strat_iso,platt_vol_vegas,0.35537190082644626,0.14675263506797617,role_change_up,0.95,Dowdle's likely absence elevates Warren to a clear lead role in the backfield.,2026-09-27 13:00:00,2026-09-26 15:09:07,2026-09-26 15:08:57,live
RB,00-0038120,Breece Hall,NYJ,DET,2026_03_NYJ_DET,2026,3,NA,NA,15,20,18.7020815356189,NA,NA,NA,NA,NA,12.527663426073842,3.4501992388001614,23.42021477826966,2.199322150880901,28.929953205695355,0.2892134526221044,0.15999291477811728,0.4273719008264462,0.24427838781348793,strat_iso,platt_vol_vegas,0.35537190082644626,0.17227838781348795,role_change_up,0.72,"Richardson's waiver removes a backup RB from the Jets' committee, increasing opportunity share for the lead back.",2026-09-27 13:00:00,2026-09-26 15:09:07,2026-09-26 15:08:57,live
RB,00-0040666,Omarion Hampton,LAC,BUF,2026_03_LAC_BUF,2026,3,NA,NA,15,20,18.54910260682432,NA,NA,NA,NA,NA,13.528732133829113,4.5039342611181805,24.35808626221105,3.260314605983293,29.83585787476524,0.3282803168261291,0.1768899301232855,0.3826530612244898,0.1882268488195696,strat_iso,platt_vol_vegas,0.3826530612244898,0.1882268488195696,NA,NA,NA,2026-09-27 13:00:00,2026-09-26 15:09:07,2026-09-26 15:08:57,live
RB,00-0040734,TreVeyon Henderson,NE,JAX,2026_03_NE_JAX,2026,3,NA,NA,15,20,16.42406754866859,NA,NA,NA,NA,NA,13.61209181771568,5.332639638142183,23.547064423885757,4.1917288266766555,28.572434383018617,0.3264980842341205,0.1682147987485898,0.3826530612244898,0.17329839102259031,strat_iso,platt_vol_vegas,0.3826530612244898,0.17329839102259031,NA,NA,NA,2026-09-27 13:00:00,2026-09-26 15:09:07,2026-09-26 15:08:57,live
RB,00-0040784,Quinshon Judkins,CLE,CAR,2026_03_CAR_CLE,2026,3,NA,Full Participation in Practice,15,20,19.54357818852403,NA,NA,NA,NA,NA,13.91762386240847,4.55266455876523,25.15515650607017,3.2621705639063023,30.8393955272387,0.34663233335007704,0.1876490247166649,0.3826530612244898,0.20801098916566,strat_iso,platt_vol_vegas,0.3826530612244898,0.20801098916566,NA,NA,NA,2026-09-27 13:00:00,2026-09-26 15:09:07,2026-09-26 15:08:57,live
RB,00-0038597,Chase Brown,CIN,PIT,2026_03_CIN_PIT,2026,3,NA,NA,15,20,20.588942154568016,NA,NA,NA,NA,NA,13.245128353047743,3.527998298504686,24.905250159252837,2.188975076292431,30.80324587273291,0.32148427956570413,0.18037745907549685,0.3764705882352941,0.2379321655244104,strat_iso,platt_vol_vegas,0.3764705882352941,0.2379321655244104,NA,NA,NA,2026-09-27 13:00:00,2026-09-26 15:09:07,2026-09-26 15:08:57,live
RB,00-0041512,Jadarian Price,SEA,WAS,2026_03_SEA_WAS,2026,3,NA,Full Participation in Practice,15,20,14.541919283884235,NA,NA,NA,NA,NA,12.634325602070009,5.038870338889641,21.748532476440104,3.9922144926073546,26.35873758151874,0.27756881111879905,0.13665481406261215,0.34334763948497854,0.142279629246386,strat_iso,platt_vol_vegas,0.34334763948497854,0.142279629246386,NA,NA,NA,2026-09-27 13:00:00,2026-09-26 15:09:07,2026-09-26 15:08:57,live
RB,00-0040719,Bhayshul Tuten,JAX,NE,2026_03_NE_JAX,2026,3,NA,NA,15,20,15.00008339268659,NA,NA,NA,NA,NA,10.393854225596916,2.6296318145590405,19.710574135179947,1.559719808396288,24.42321564988289,0.19660219696317985,0.0969292607562332,0.3291113490364026,0.2066741461397207,strat_iso,platt_vol_vegas,0.24411134903640255,0.12167414613972072,role_change_up,0.85,"Tuten is pulling away from Rodriguez in the backfield committee and has significantly outproduced him through two games, implying increased opportunity and usage going forward.",2026-09-27 13:00:00,2026-09-26 15:09:07,2026-09-26 15:08:57,live
RB,00-0035261,Tony Pollard,TEN,NYG,2026_03_TEN_NYG,2026,3,NA,Limited Participation in Practice,15,20,17.038709101609808,NA,NA,NA,NA,NA,12.027461547136024,3.529680100221442,22.224419516964616,2.3586834550357416,27.382308550729277,0.2661495791828048,0.1416794776374789,0.30030959752321984,0.13394009778846844,strat_iso,platt_vol_vegas,0.30030959752321984,0.13394009778846844,NA,NA,NA,2026-09-27 13:00:00,2026-09-26 15:09:07,2026-09-26 15:08:57,live
RB,00-0037263,Tyler Allgeier,ARI,SF,2026_03_ARI_SF,2026,3,NA,NA,15,20,14.379305089659573,NA,NA,NA,NA,NA,11.99038325737752,4.4551990323406425,21.032267579492498,3.4168485518657477,25.60589003901406,0.2513755944200198,0.12181270574634127,0.29375,0.10057236927672152,strat_iso,platt_vol_vegas,0.29375,0.10057236927672152,NA,NA,NA,2026-09-27 16:05:00,2026-09-26 15:09:07,2026-09-26 15:08:57,live
RB,00-0040715,Cam Skattebo,NYG,TEN,2026_03_TEN_NYG,2026,3,NA,NA,15,20,17.64160268532962,NA,NA,NA,NA,NA,11.579333161018097,2.869615807110529,22.030604747807224,1.6694143350375352,27.317132285323595,0.2533611974723232,0.13712209377718287,0.29375,0.15133722853997644,strat_iso,platt_vol_vegas,0.29375,0.15133722853997644,NA,NA,NA,2026-09-27 13:00:00,2026-09-26 15:09:07,2026-09-26 15:08:57,live
RB,00-0041027,Jeremiyah Love,ARI,SF,2026_03_ARI_SF,2026,3,NA,NA,15,20,15.577059407614565,NA,NA,NA,NA,NA,11.911433088160251,3.936800372238716,21.480635960351904,2.837893767583351,26.320989985776635,0.25498208459144744,0.1295630154715901,0.29375,0.11283931222204968,strat_iso,platt_vol_vegas,0.29375,0.11283931222204968,NA,NA,NA,2026-09-27 16:05:00,2026-09-26 15:09:07,2026-09-26 15:08:57,live
RB,00-0039361,Bucky Irving,TB,MIN,2026_03_MIN_TB,2026,3,NA,NA,15,20,19.221624500287295,NA,NA,NA,NA,NA,12.389537362915394,3.1341379761762145,23.49560300253285,1.8587413683168157,29.113342561757133,0.2863282410007455,0.1601364888271023,0.28337190082644625,0.11621904360750442,strat_iso,platt_vol_vegas,0.35537190082644626,0.1882190436075044,role_change_down,0.72,"Tucker's return from hamstring injury means the RB rotation expands, reducing Irving's snap share and carry opportunities in a three-way committee.",2026-09-27 16:05:00,2026-09-26 15:09:07,2026-09-26 15:08:57,live
RB,00-0037256,Rachaad White,WAS,SEA,2026_03_SEA_WAS,2026,3,NA,NA,15,20,10.83177347201058,NA,NA,NA,NA,NA,10.496724095066558,4.331799825760156,17.89435770732172,3.4822715480232818,21.63627499259039,0.17475419780475498,0.07186412563196076,0.26357142857142857,0.13340236602617672,strat_iso,platt_vol_vegas,0.17857142857142858,0.04840236602617671,role_change_up,0.85,QB injury (Jayden Daniels out) signals increased run-game focus and White's target share (6 vs. 1) suggests elevated pass-catching role in coming weeks.,2026-09-27 13:00:00,2026-09-26 15:09:07,2026-09-26 15:08:57,live
RB,00-0029892,Kyle Juszczyk,SF,ARI,2026_03_ARI_SF,2026,3,NA,NA,15,20,8.20792696142228,NA,NA,NA,NA,NA,13.125368683699705,8.060316599455764,19.203204827247596,7.362351014509587,22.27753390525115,0.26010104094196007,0.08704115349177521,0.2631578947368421,0.08257624524451478,strat_iso,platt_vol_vegas,0.2631578947368421,0.08257624524451478,NA,NA,NA,2026-09-27 16:05:00,2026-09-26 15:09:07,2026-09-26 15:08:57,live
RB,00-0034975,Justice Hill,BAL,DAL,2026_03_BAL_DAL,2026,3,NA,NA,15,20,8.642666551949345,NA,NA,NA,NA,NA,11.94574080270228,6.692065360005449,18.249916546802076,5.968107423840098,21.438734136678256,0.19849634093834512,0.07255905356966685,0.25,0.0791457705621118,strat_iso,platt_vol_vegas,0.25,0.0791457705621118,NA,NA,NA,2026-09-27 16:25:00,2026-09-26 15:09:07,2026-09-26 15:08:57,live
RB,00-0033906,Alvin Kamara,NO,LV,2026_03_LV_NO,2026,3,NA,NA,15,20,14.652452781273292,NA,NA,NA,NA,NA,10.25432691692893,2.6180158831283755,19.417558890195902,1.5657301002995236,24.052562177313497,0.1921106540917754,0.09371692883775384,0.24411134903640255,0.10946289982388065,strat_iso,platt_vol_vegas,0.24411134903640255,0.10946289982388065,NA,NA,NA,2026-09-27 16:25:00,2026-09-26 15:09:07,2026-09-26 15:08:57,live
RB,00-0035685,David Montgomery,HOU,IND,2026_03_HOU_IND,2026,3,NA,NA,15,20,15.21042565507463,NA,NA,NA,NA,NA,10.849518538740556,3.008320222068842,20.258606095025392,1.9278009147157196,25.017969590284455,0.21268595485464836,0.10525130745543698,0.24411134903640255,0.11899102406592628,strat_iso,platt_vol_vegas,0.24411134903640255,0.11899102406592628,NA,NA,NA,2026-09-27 13:00:00,2026-09-26 15:09:07,2026-09-26 15:08:57,live
RB,00-0037525,Jordan Mason,MIN,TB,2026_03_MIN_TB,2026,3,NA,NA,15,20,14.6828560948406,NA,NA,NA,NA,NA,11.021584666180203,3.3740516324661707,20.198282537831364,2.320219454930294,24.840097229861193,0.2153946994744722,0.10412832837933073,0.24411134903640255,0.11464936414236342,strat_iso,platt_vol_vegas,0.24411134903640255,0.11464936414236342,NA,NA,NA,2026-09-27 16:05:00,2026-09-26 15:09:07,2026-09-26 15:08:57,live
RB,00-0040583,Woody Marks,HOU,IND,2026_03_HOU_IND,2026,3,NA,NA,15,20,14.100021847220871,NA,NA,NA,NA,NA,10.269983391212472,2.8387783633220938,19.187097323589505,1.8147562451130776,23.69760764448384,0.1897149748510983,0.09098879485271504,0.24411134903640255,0.1001865624345362,strat_iso,platt_vol_vegas,0.24411134903640255,0.1001865624345362,NA,NA,NA,2026-09-27 13:00:00,2026-09-26 15:09:07,2026-09-26 15:08:57,live
RB,00-0038551,Kendre Miller,NO,LV,2026_03_LV_NO,2026,3,NA,Full Participation in Practice,15,20,12.308619403151893,NA,NA,NA,NA,NA,7.930844218503507,1.1816259102825706,16.029604565313154,0.2515817515895735,20.126170159041862,0.1242900333716388,0.05153995043110038,0.2114822134387352,0.14586928923898063,strat_iso,platt_vol_vegas,0.12648221343873517,0.06086928923898065,role_change_up,0.85,"Kendre Miller saw more touches than Donaldson in Week 1 despite Kamara/Estime absences, indicating he has higher opportunity in the Saints backfield committee.",2026-09-27 16:25:00,2026-09-26 15:09:07,2026-09-26 15:08:57,live
RB,00-0041052,Kaelon Black,SF,ARI,2026_03_ARI_SF,2026,3,NA,NA,15,20,13.265751818231733,NA,NA,NA,NA,NA,10.295300561205314,3.178349827872755,18.83532338416017,2.1976320387949624,23.15509112243587,0.18580629630563283,0.08651922179148541,0.2,0.10933084015891434,strat_iso,platt_vol_vegas,0.2,0.10933084015891434,NA,NA,NA,2026-09-27 16:05:00,2026-09-26 15:09:07,2026-09-26 15:08:57,live
RB,00-0034844,Saquon Barkley,PHI,CHI,2026_03_PHI_CHI,2026,3,NA,Full Participation in Practice,15,20,15.383300822066534,NA,NA,NA,NA,NA,11.12260327660586,3.2183724837343277,20.607326987404548,2.129167283642163,25.404949235232507,0.22423257381032743,0.1122341582901879,0.19874235807860263,0.05652469001777409,strat_iso,platt_vol_vegas,0.27074235807860264,0.12852469001777408,role_change_down,0.72,"Barkley's shoulder injury caused him to miss snaps in Week 2, and blurb suggests his absence could elevate Bigsby to RB2 role if Barkley misses Week 3.",2026-09-28 20:15:00,2026-09-26 15:09:07,2026-09-26 15:08:57,live
RB,00-0036973,Travis Etienne,NO,LV,2026_03_LV_NO,2026,3,NA,Full Participation in Practice,15,20,15.745748763948976,NA,NA,NA,NA,NA,11.21529702843733,3.1795789350538524,20.85779962367336,2.0722547484066833,25.735230573293254,0.23005855239440887,0.11699700047851058,0.18574235807860265,0.05231121570667647,strat_iso,platt_vol_vegas,0.27074235807860264,0.13731121570667648,role_change_down,0.85,"Kamara's return as offensive focal point is explicitly noted to have cut into Etienne's volume, signaling a shift in backfield opportunity distribution.",2026-09-27 16:25:00,2026-09-26 15:09:07,2026-09-26 15:08:57,live
RB,00-0036158,J.K. Dobbins,DEN,LA,2026_03_LA_DEN,2026,3,NA,Full Participation in Practice,15,20,15.010613051481585,NA,NA,NA,NA,NA,9.172622630519074,1.4045393822395127,18.493975372251036,0.3340953516318077,23.208960295076963,0.17161716020229556,0.08402938023769624,0.1794871794871795,0.09260997183157373,strat_iso,platt_vol_vegas,0.1794871794871795,0.09260997183157373,NA,NA,NA,2026-09-27 20:20:00,2026-09-26 15:09:07,2026-09-26 15:08:57,live
RB,00-0040242,Jacory Croskey-Merritt,WAS,SEA,2026_03_SEA_WAS,2026,3,NA,NA,15,20,14.453942586241698,NA,NA,NA,NA,NA,8.672723675227996,1.1098514006572548,17.747832419402666,0.06768549926121281,22.338260663816342,0.15785149747281935,0.07546887282969617,0.1794871794871795,0.06225552287477236,strat_iso,platt_vol_vegas,0.1794871794871795,0.06225552287477236,NA,NA,NA,2026-09-27 13:00:00,2026-09-26 15:09:07,2026-09-26 15:08:57,live
RB,00-0038797,Emanuel Wilson,SEA,WAS,2026_03_SEA_WAS,2026,3,NA,NA,15,20,10.833724331906147,NA,NA,NA,NA,NA,7.8977161435311105,1.7320052810234603,15.296293632474864,0.8823686105248347,19.03868835535147,0.10765156534091946,0.04449287049360473,0.17503030303030304,0.12094673631468406,strat_iso,platt_vol_vegas,0.10303030303030304,0.04894673631468406,role_change_up,0.72,"Wilson significantly out-touched backup Jadarian Price (21 to 13 carries) in a dominant performance, suggesting an emerging lead-back role in Seattle's backfield rotation.",2026-09-27 13:00:00,2026-09-26 15:09:07,2026-09-26 15:08:57,live
RB,00-0036875,Rhamondre Stevenson,NE,JAX,2026_03_NE_JAX,2026,3,NA,NA,15,20,15.129758136352388,NA,NA,NA,NA,NA,10.595131750148182,2.783417236410341,19.968840060545663,1.7069608052959833,24.710307804451705,0.202392465499852,0.09967141040351502,0.17211134903640257,0.03655146252816935,strat_iso,platt_vol_vegas,0.24411134903640255,0.10855146252816934,role_change_down,0.72,Henderson's return from injury and season debut will reduce Stevenson's touches in a now-crowded Patriots backfield committee.,2026-09-27 13:00:00,2026-09-26 15:09:07,2026-09-26 15:08:57,live
RB,00-0035594,Travis Homer,PIT,CIN,2026_03_CIN_PIT,2026,3,NA,NA,15,20,10.81258157570933,NA,NA,NA,NA,NA,9.535035621291186,3.377851791871217,16.92338105160345,2.5293901489020048,20.660600130610153,0.14973868978756477,0.05883812423950452,0.14106583072100312,0.05082882347130996,strat_iso,platt_vol_vegas,0.14106583072100312,0.05082882347130996,NA,NA,NA,2026-09-27 13:00:00,2026-09-26 15:09:07,2026-09-26 15:08:57,live
RB,00-0036139,Rico Dowdle,PIT,CIN,2026_03_CIN_PIT,2026,3,Out,Did Not Participate In Practice,15,20,13.50954892541692,NA,NA,NA,NA,NA,8.683481949941932,1.474116307944375,17.33439853326582,0.480663718767536,21.71025924674184,0.15155717075286423,0.06954197538183604,0.14106583072100312,0.067740894375949,strat_iso,platt_vol_vegas,0.14106583072100312,0.067740894375949,NA,NA,NA,2026-09-27 13:00:00,2026-09-26 15:09:07,2026-09-26 15:08:57,live
RB,00-0040236,Kyle Monangai,CHI,PHI,2026_03_PHI_CHI,2026,3,NA,Full Participation in Practice,15,20,12.298173497866998,NA,NA,NA,NA,NA,8.198363025738411,1.4532030842936603,16.29225351378534,0.523718169670369,20.386355805107343,0.13050468870316478,0.05471844347815002,0.14106583072100312,0.05247166075281392,strat_iso,platt_vol_vegas,0.14106583072100312,0.05247166075281392,NA,NA,NA,2026-09-28 20:15:00,2026-09-26 15:09:07,2026-09-26 15:08:57,live
RB,00-0040730,RJ Harvey,DEN,LA,2026_03_LA_DEN,2026,3,NA,Full Participation in Practice,15,20,11.02684644850777,NA,NA,NA,NA,NA,11.03458512910835,4.791209635798566,18.526356704176685,3.930870757589962,22.315891442365302,0.18993275818411504,0.08055640866710057,0.128,0,strat_iso,platt_vol_vegas,0.2,0.07137019163606476,role_change_down,0.72,"RJ Harvey's return to the timeline is explicitly noted as unlikely to change the opportunity distribution, with Dobbins confirmed as the primary rusher and goal-line back, limiting Harvey's fantasy upside.",2026-09-27 20:20:00,2026-09-26 15:09:07,2026-09-26 15:08:57,live
RB,00-0039032,Tyjae Spears,TEN,NYG,2026_03_TEN_NYG,2026,3,Questionable,Limited Participation in Practice,15,20,10.298686335794883,NA,NA,NA,NA,NA,8.761832950685315,2.813432584611671,15.899647555530102,1.993741360919076,19.510141566028903,0.12408148921091756,0.04709119479000878,0.12648221343873517,0.03869942491686822,strat_iso,platt_vol_vegas,0.12648221343873517,0.03869942491686822,NA,NA,NA,2026-09-27 13:00:00,2026-09-26 15:09:07,2026-09-26 15:08:57,live
RB,00-0039299,George Holani,SEA,WAS,2026_03_SEA_WAS,2026,3,NA,Full Participation in Practice,15,20,10.151393881880848,NA,NA,NA,NA,NA,8.757923143747611,2.8699199101749544,15.82326388874344,2.058551428127259,19.39709871833206,0.12226292145687943,0.04638321736741746,0.12648221343873517,0.04852584160880359,strat_iso,platt_vol_vegas,0.12648221343873517,0.04852584160880359,NA,NA,NA,2026-09-27 13:00:00,2026-09-26 15:09:07,2026-09-26 15:08:57,live
RB,00-0041496,Jonah Coleman,DEN,LA,2026_03_LA_DEN,2026,3,Out,Did Not Participate In Practice,15,20,12.641500127517496,NA,NA,NA,NA,NA,7.505336513536988,0.6273097860073706,15.758661207059454,-0.3204842086662767,19.933409505010346,0.11756285623681216,0.04965802636449967,0.12648221343873517,0.05406956599514593,strat_iso,platt_vol_vegas,0.12648221343873517,0.05406956599514593,NA,NA,NA,2026-09-27 20:20:00,2026-09-26 15:09:07,2026-09-26 15:08:57,live
RB,00-0035537,Ty Johnson,BUF,LAC,2026_03_LAC_BUF,2026,3,NA,Full Participation in Practice,15,20,9.855535848016933,NA,NA,NA,NA,NA,8.798632131587329,3.0327238581994704,15.717464380794024,2.2381800955992723,19.21719136704151,0.1198127036521226,0.04520451961802307,0.11583011583011583,0.0578928208015174,strat_iso,platt_vol_vegas,0.11583011583011583,0.0578928208015174,NA,NA,NA,2026-09-27 13:00:00,2026-09-26 15:09:07,2026-09-26 15:08:57,live
RB,00-0036919,Kenny Gainwell,TB,MIN,2026_03_MIN_TB,2026,3,NA,NA,15,20,10.456595023105782,NA,NA,NA,NA,NA,8.079491036061901,2.0666193932221626,15.294668291799969,1.2380440096726035,18.94429436206072,0.10780301784787216,0.0437983800348507,0.10303030303030304,0.04299444239642028,strat_iso,platt_vol_vegas,0.10303030303030304,0.04299444239642028,NA,NA,NA,2026-09-27 16:05:00,2026-09-26 15:09:07,2026-09-26 15:08:57,live
RB,00-0038555,Tank Bigsby,PHI,CHI,2026_03_PHI_CHI,2026,3,NA,Limited Participation in Practice,15,20,10.615896582279474,NA,NA,NA,NA,NA,7.821347406531073,1.7437227900812244,15.114225336786188,0.9062244287713028,18.803154448031655,0.10299253819781184,0.04304417769357094,0.10303030303030304,0.04722308069844039,strat_iso,platt_vol_vegas,0.10303030303030304,0.04722308069844039,NA,NA,NA,2026-09-28 20:15:00,2026-09-26 15:09:07,2026-09-26 15:08:57,live
RB,00-0035125,Alec Ingold,LAC,BUF,2026_03_LAC_BUF,2026,3,NA,NA,15,20,10.078397830360046,NA,NA,NA,NA,NA,8.319545084225533,2.461568403914912,15.348855307195764,1.6543375892520498,18.9044649528632,0.10948219372087088,0.04339423866860026,0.10303030303030304,0.0397867790258196,strat_iso,platt_vol_vegas,0.10303030303030304,0.0397867790258196,NA,NA,NA,2026-09-27 13:00:00,2026-09-26 15:09:07,2026-09-26 15:08:57,live
RB,00-0033526,Samaje Perine,CIN,PIT,2026_03_CIN_PIT,2026,3,NA,NA,15,20,8.673173023745457,NA,NA,NA,NA,NA,8.627678184082912,3.3608719285813784,14.947610316731378,2.6351045627620726,18.14439790157541,0.09918058860843616,0.03755537674074905,0.09239130434782608,0.03788039203297576,strat_iso,platt_vol_vegas,0.09239130434782608,0.03788039203297576,NA,NA,NA,2026-09-27 13:00:00,2026-09-26 15:09:07,2026-09-26 15:08:57,live
RB,00-0037085,Tyler Badie,DEN,LA,2026_03_LA_DEN,2026,3,NA,NA,15,20,8.241352661331494,NA,NA,NA,NA,NA,8.368316835416303,3.2886604484155555,14.463677489605017,2.588682386490496,17.546870925147743,0.09130248358386606,0.03294191376138777,0.09239130434782608,0.03033592534148502,strat_iso,platt_vol_vegas,0.09239130434782608,0.03033592534148502,NA,NA,NA,2026-09-27 20:20:00,2026-09-26 15:09:07,2026-09-26 15:08:57,live
RB,00-0037304,Connor Heyward,LV,NO,2026_03_LV_NO,2026,3,NA,NA,15,20,7.994148561495497,NA,NA,NA,NA,NA,7.769519850169099,2.798285749200158,13.734778606519466,2.1132483084242466,16.75216308667393,0.07903446839801198,0.02692327154238638,0.09239130434782608,0.02450451977484001,strat_iso,platt_vol_vegas,0.09239130434782608,0.02450451977484001,NA,NA,NA,2026-09-27 16:25:00,2026-09-26 15:09:07,2026-09-26 15:08:57,live
RB,00-0038454,Keaton Mitchell,LAC,BUF,2026_03_LAC_BUF,2026,3,NA,NA,15,20,9.59134976341572,NA,NA,NA,NA,NA,7.471532895862885,1.815555157321296,14.258453416057629,1.036159852976069,17.69145598679719,0.08919973742136433,0.03558300629513467,0.09239130434782608,0.03316414490290256,strat_iso,platt_vol_vegas,0.09239130434782608,0.03316414490290256,NA,NA,NA,2026-09-27 13:00:00,2026-09-26 15:09:07,2026-09-26 15:08:57,live
RB,00-0038488,Brady Russell,SEA,WAS,2026_03_SEA_WAS,2026,3,NA,Full Participation in Practice,15,20,8.231603015522252,NA,NA,NA,NA,NA,8.308111269636449,3.2327128951726634,14.398362499071697,2.533321588558633,17.478971453440455,0.09023508809719104,0.03245506076341298,0.09239130434782608,0.03290039504423513,strat_iso,platt_vol_vegas,0.09239130434782608,0.03290039504423513,NA,NA,NA,2026-09-27 13:00:00,2026-09-26 15:09:07,2026-09-26 15:08:57,live
RB,00-0038794,Jaleel McLaughlin,CLE,CAR,2026_03_CAR_CLE,2026,3,NA,NA,15,20,8.244020217430208,NA,NA,NA,NA,NA,7.814951759072689,2.7341306126279363,13.911710072541023,2.0339920465277697,16.99561048083902,0.08235530037658378,0.02911345662043063,0.09239130434782608,0.02637741038034697,strat_iso,platt_vol_vegas,0.09239130434782608,0.02637741038034697,NA,NA,NA,2026-09-27 13:00:00,2026-09-26 15:09:07,2026-09-26 15:08:57,live
RB,00-0039746,Will Shipley,PHI,CHI,2026_03_PHI_CHI,2026,3,NA,Limited Participation in Practice,15,20,9.697062275382685,NA,NA,NA,NA,NA,7.999699110917987,2.2996286776035024,14.839528894334478,1.5141573876638228,18.299294359396395,0.0976808961866632,0.03946115125907445,0.09239130434782608,0.04183212920421608,strat_iso,platt_vol_vegas,0.09239130434782608,0.04183212920421608,NA,NA,NA,2026-09-28 20:15:00,2026-09-26 15:09:07,2026-09-26 15:08:57,live
RB,00-0040466,Raheim Sanders,CLE,CAR,2026_03_CAR_CLE,2026,3,NA,NA,15,20,8.588648219557083,NA,NA,NA,NA,NA,8.06345943456288,2.833068151815578,14.33969522729404,2.1123187793626723,17.51438005628265,0.08960046731762783,0.03321409399894859,0.09239130434782608,0.02981037168768673,strat_iso,platt_vol_vegas,0.09239130434782608,0.02981037168768673,NA,NA,NA,2026-09-27 13:00:00,2026-09-26 15:09:07,2026-09-26 15:08:57,live
RB,00-0041013,Emmett Johnson,KC,MIA,2026_03_KC_MIA,2026,3,NA,NA,15,20,8.614296246539755,NA,NA,NA,NA,NA,7.525520885822906,2.2840689237982437,13.81502899938434,1.561795386666807,16.99642731667658,0.0813765696333143,0.0297590553454139,0.09239130434782608,0.03616455478574618,strat_iso,platt_vol_vegas,0.09239130434782608,0.03616455478574618,NA,NA,NA,2026-09-27 13:00:00,2026-09-26 15:09:07,2026-09-26 15:08:57,live
RB,00-0031595,Michael Burton,CLE,CAR,2026_03_CAR_CLE,2026,3,NA,NA,15,20,9.567729036608611,NA,NA,NA,NA,NA,7.666146463240395,2.020040257735558,14.44122158495056,1.242005253386405,17.868232442168804,0.09184743733927048,0.03666370950584585,0.09239130434782608,0.03412488879753118,strat_iso,platt_vol_vegas,0.09239130434782608,0.03412488879753118,NA,NA,NA,2026-09-27 13:00:00,2026-09-26 15:09:07,2026-09-26 15:08:57,live
RB,00-0040179,DJ Giddens,IND,HOU,2026_03_HOU_IND,2026,3,NA,NA,15,20,9.700833633183668,NA,NA,NA,NA,NA,6.911085352218483,1.2094444820161092,13.7527995897175,0.4237567854368054,17.213518261125436,0.0819806154631012,0.03273762353286291,0.09239130434782608,0.03285949676110377,strat_iso,platt_vol_vegas,0.09239130434782608,0.03285949676110377,NA,NA,NA,2026-09-27 13:00:00,2026-09-26 15:09:07,2026-09-26 15:08:57,live
RB,00-0041081,Max Bredeson,MIN,TB,2026_03_MIN_TB,2026,3,NA,NA,15,20,9.795678359014644,NA,NA,NA,NA,NA,6.648024021812584,0.9069470030790958,13.537059875144603,0.11582499427165692,17.021715062137606,0.07900882517277408,0.03167613374048927,0.09239130434782608,0.03482611265105706,strat_iso,platt_vol_vegas,0.09239130434782608,0.03482611265105706,NA,NA,NA,2026-09-27 16:05:00,2026-09-26 15:09:07,2026-09-26 15:08:57,live
RB,00-0039344,Jonathon Brooks,CAR,CLE,2026_03_CAR_CLE,2026,3,NA,NA,15,20,10.339541619041974,NA,NA,NA,NA,NA,7.420681647481725,1.4555733331765497,14.57854504352493,0.6335797495739861,18.199180258936863,0.09417982023318638,0.03933658895926628,0.07432432432432433,0.04291134975536719,strat_iso,platt_vol_vegas,0.07432432432432433,0.04291134975536719,NA,NA,NA,2026-09-27 13:00:00,2026-09-26 15:09:07,2026-09-26 15:08:57,live
RB,00-0039794,Braelon Allen,NYJ,DET,2026_03_NYJ_DET,2026,3,NA,NA,15,20,10.36780392707217,NA,NA,NA,NA,NA,7.440987062855679,1.464332015589738,14.612706022427467,0.6407472889759802,18.240349745611244,0.09466190718926736,0.03960050124079217,0.07432432432432433,0.03683746820663466,strat_iso,platt_vol_vegas,0.07432432432432433,0.03683746820663466,NA,NA,NA,2026-09-27 13:00:00,2026-09-26 15:09:07,2026-09-26 15:08:57,live
RB,00-0039391,Kimani Vidal,LAC,BUF,2026_03_LAC_BUF,2026,3,NA,NA,15,20,11.093865171402928,NA,NA,NA,NA,NA,7.104948210292653,0.834713851877618,14.628949223162657,-0.02932618540741405,18.434786457085156,0.09512524112263576,0.04118273152344787,0.07432432432432433,0.04061173645474689,strat_iso,platt_vol_vegas,0.07432432432432433,0.04061173645474689,NA,NA,NA,2026-09-27 13:00:00,2026-09-26 15:09:07,2026-09-26 15:08:57,live
RB,00-0032104,Ameer Abdullah,JAX,NE,2026_03_NE_JAX,2026,3,NA,NA,15,20,8.28803337366148,NA,NA,NA,NA,NA,7.380329702268264,2.280306516748351,13.500129604486272,1.577521904326776,16.59568505326635,0.07577380828205149,0.02642227910119665,0.07142857142857142,0.03075411674387376,strat_iso,platt_vol_vegas,0.07142857142857142,0.03075411674387376,NA,NA,NA,2026-09-27 13:00:00,2026-09-26 15:09:07,2026-09-26 15:08:57,live
RB,00-0033376,Patrick Ricard,NYG,TEN,2026_03_TEN_NYG,2026,3,NA,NA,15,20,8.272075848260002,NA,NA,NA,NA,NA,7.401748023423145,2.3086833360322823,13.51319803886208,1.6068576065868756,16.604529895706367,0.0759520810124914,0.0264514071911317,0.07142857142857142,0.02498959970280003,strat_iso,platt_vol_vegas,0.07142857142857142,0.02498959970280003,NA,NA,NA,2026-09-27 13:00:00,2026-09-26 15:09:07,2026-09-26 15:08:57,live
RB,00-0036187,Reggie Gilliam,NE,JAX,2026_03_NE_JAX,2026,3,NA,Limited Participation in Practice,15,20,7.915615264044529,NA,NA,NA,NA,NA,7.605740607450233,2.6691544377382206,13.529423394710848,1.988891491519264,16.525777658238876,0.07546056847834748,0.02514148804595539,0.07142857142857142,0.02475540735719954,strat_iso,platt_vol_vegas,0.07142857142857142,0.02475540735719954,NA,NA,NA,2026-09-27 13:00:00,2026-09-26 15:09:07,2026-09-26 15:08:57,live
RB,00-0037557,Ronnie Rivers,LA,DEN,2026_03_LA_DEN,2026,3,NA,NA,15,20,9.1969901835454,NA,NA,NA,NA,NA,6.8367046403869285,1.3464831438601017,13.424725077822428,0.5899290957333845,16.75711876513673,0.0763642133854967,0.02913658393086182,0.07142857142857142,0.03330126525017005,strat_iso,platt_vol_vegas,0.07142857142857142,0.03330126525017005,NA,NA,NA,2026-09-27 20:20:00,2026-09-26 15:09:07,2026-09-26 15:08:57,live
RB,00-0039738,Blake Corum,LA,DEN,2026_03_LA_DEN,2026,3,NA,NA,15,20,12.631845744127643,NA,NA,NA,NA,NA,8.381017908036544,1.5067129158137007,16.6298766855155,0.5594317772997144,20.802366005891443,0.13775174916158406,0.05961495577679698,0.06906583072100313,0,strat_iso,platt_vol_vegas,0.14106583072100312,0.07042659056065677,role_change_down,0.72,"Corum received nearly equal touches (one fewer) to the lead back Williams in a game where Williams dominated, suggesting a potential timeshare or reduced role for Corum going forward.",2026-09-27 20:20:00,2026-09-26 15:09:07,2026-09-26 15:08:57,live
RB,00-0036265,AJ Dillon,CAR,CLE,2026_03_CAR_CLE,2026,3,NA,NA,15,20,9.162353168567895,NA,NA,NA,NA,NA,6.408321055749913,0.9327560732294716,12.978754331378424,0.17822169680634037,16.302251970548983,0.06959158862038473,0.02614647217702681,0.06589147286821706,0.02925179199643704,strat_iso,platt_vol_vegas,0.06589147286821706,0.02925179199643704,NA,NA,NA,2026-09-27 13:00:00,2026-09-26 15:09:07,2026-09-26 15:08:57,live
RB,00-0036727,Adam Prentice,DEN,LA,2026_03_LA_DEN,2026,3,NA,NA,15,20,7.85013091818131,NA,NA,NA,NA,NA,6.955098760670414,2.0474801684764943,12.844021749472455,1.371208962490532,15.822793594418805,0.06381095359509859,0.01993512700672384,0.06589147286821706,0.02013826763373816,strat_iso,platt_vol_vegas,0.06589147286821706,0.02013826763373816,NA,NA,NA,2026-09-27 20:20:00,2026-09-26 15:09:07,2026-09-26 15:08:57,live
RB,00-0037157,Bam Knight,ARI,SF,2026_03_ARI_SF,2026,3,NA,NA,15,20,8.938370964126383,NA,NA,NA,NA,NA,6.848952701728709,1.4685586104631083,13.30518516104544,0.727138809305881,16.570917029302322,0.07405153106064422,0.02748830750522901,0.06589147286821706,0.02295261524299791,strat_iso,platt_vol_vegas,0.06589147286821706,0.02295261524299791,NA,NA,NA,2026-09-27 16:05:00,2026-09-26 15:09:07,2026-09-26 15:08:57,live
RB,00-0038705,Emari Demercado,DAL,BAL,2026_03_BAL_DAL,2026,3,NA,NA,15,20,8.675149412000073,NA,NA,NA,NA,NA,6.661353388522559,1.3936969067829637,12.982305754660027,0.6678123795517488,16.179609400386173,0.06844694047065192,0.02438262867637519,0.06589147286821706,0.02963506577999364,strat_iso,platt_vol_vegas,0.06589147286821706,0.02963506577999364,NA,NA,NA,2026-09-27 16:25:00,2026-09-26 15:09:07,2026-09-26 15:08:57,live
RB,00-0038738,Hunter Luepke,DAL,BAL,2026_03_BAL_DAL,2026,3,NA,NA,15,20,8.01281844464211,NA,NA,NA,NA,NA,6.877799668863122,1.898343270164549,12.852924815033967,1.2121727944762588,15.875299974174116,0.0644803329845911,0.02074132352516033,0.06589147286821706,0.02516007624286158,strat_iso,platt_vol_vegas,0.06589147286821706,0.02516007624286158,NA,NA,NA,2026-09-27 16:25:00,2026-09-26 15:09:07,2026-09-26 15:08:57,live
RB,00-0039364,Sione Vaki,DET,NYJ,2026_03_NYJ_DET,2026,3,NA,NA,15,20,8.328151308929305,NA,NA,NA,NA,NA,7.303994872070346,2.1864949377425287,13.44476609182067,1.4813020244778867,16.550929383551907,0.07496535497152645,0.02619388748973628,0.06589147286821706,0.03323378736978389,strat_iso,platt_vol_vegas,0.06589147286821706,0.03323378736978389,NA,NA,NA,2026-09-27 13:00:00,2026-09-26 15:09:07,2026-09-26 15:08:57,live
RB,00-0040177,Jordan James,SF,ARI,2026_03_ARI_SF,2026,3,NA,NA,15,20,9.583727570324664,NA,NA,NA,NA,NA,6.040003438344139,0.38721037809632897,12.823102486909852,-0.3917460766948935,16.254172056977396,0.06827669231656974,0.02659390413408591,0.06589147286821706,0.03621438281117869,strat_iso,platt_vol_vegas,0.06589147286821706,0.03621438281117869,NA,NA,NA,2026-09-27 16:05:00,2026-09-26 15:09:07,2026-09-26 15:08:57,live
RB,00-0040198,Ollie Gordon II,MIA,KC,2026_03_KC_MIA,2026,3,NA,NA,15,20,8.467349277321611,NA,NA,NA,NA,NA,6.36697057954307,1.1890204698521938,12.580279308206345,0.4754975056215161,15.723133976215266,0.0615044132262309,0.0208249220176907,0.06589147286821706,0.01615881071191149,strat_iso,platt_vol_vegas,0.06589147286821706,0.01615881071191149,NA,NA,NA,2026-09-27 13:00:00,2026-09-26 15:09:07,2026-09-26 15:08:57,live
RB,00-0040556,Corey Kiner,NE,JAX,2026_03_NE_JAX,2026,3,NA,NA,15,20,8.482285984379287,NA,NA,NA,NA,NA,6.844351005639623,1.659931541118416,13.065422670983358,0.945517097994081,16.21220403615946,0.06926101459692013,0.02419340621283494,0.06589147286821706,0.02487823026910542,strat_iso,platt_vol_vegas,0.06589147286821706,0.02487823026910542,NA,NA,NA,2026-09-27 13:00:00,2026-09-26 15:09:07,2026-09-26 15:08:57,live
RB,00-0040568,Lan Larison,NE,JAX,2026_03_NE_JAX,2026,3,NA,NA,15,20,7.721855750395656,NA,NA,NA,NA,NA,6.8831431102633,2.0324733004279594,12.70373010528026,1.3640496524788688,15.647935810599634,0.06100357575948234,0.01830886300640644,0.06589147286821706,0.01918017575939703,strat_iso,platt_vol_vegas,0.06589147286821706,0.01918017575939703,NA,NA,NA,2026-09-27 13:00:00,2026-09-26 15:09:07,2026-09-26 15:08:57,live
RB,00-0040878,Mike Washington Jr.,LV,NO,2026_03_LV_NO,2026,3,NA,NA,15,20,8.717414788249478,NA,NA,NA,NA,NA,6.4848336988792745,1.199008484110033,12.827587732690322,0.47062030041766967,16.035919234267602,0.06614420507603913,0.02351048923383547,0.06589147286821706,0.02307346842136132,strat_iso,platt_vol_vegas,0.06589147286821706,0.02307346842136132,NA,NA,NA,2026-09-27 16:25:00,2026-09-26 15:09:07,2026-09-26 15:08:57,live
RB,00-0040886,Nicholas Singleton,TEN,NYG,2026_03_TEN_NYG,2026,3,NA,NA,15,20,8.534454666357131,NA,NA,NA,NA,NA,6.535194406099453,1.3282057555522746,12.783348086055796,0.6106812723208739,15.943828245185536,0.06493172235964029,0.02248471935693818,0.06589147286821706,0.01965733901608212,strat_iso,platt_vol_vegas,0.06589147286821706,0.01965733901608212,NA,NA,NA,2026-09-27 13:00:00,2026-09-26 15:09:07,2026-09-26 15:08:57,live
RB,00-0041096,Kaytron Allen,WAS,SEA,2026_03_SEA_WAS,2026,3,NA,Full Participation in Practice,15,20,9.009384052870866,NA,NA,NA,NA,NA,6.174747044296233,0.7641047284582729,12.667276021304447,0.01851671354804018,15.951367621073285,0.06448448668636786,0.02356959849073037,0.06589147286821706,0.01821984961464622,strat_iso,platt_vol_vegas,0.06589147286821706,0.01821984961464622,NA,NA,NA,2026-09-27 13:00:00,2026-09-26 15:09:07,2026-09-26 15:08:57,live
RB,00-0041104,Demond Claiborne,MIN,TB,2026_03_MIN_TB,2026,3,NA,NA,15,20,7.796122404284569,NA,NA,NA,NA,NA,7.188044956741199,2.304370552220706,13.048235990402612,1.6313988619509852,16.01247445816167,0.06707815462848188,0.02115961739923355,0.06589147286821706,0.02265227745002351,strat_iso,platt_vol_vegas,0.06589147286821706,0.02265227745002351,NA,NA,NA,2026-09-27 16:05:00,2026-09-26 15:09:07,2026-09-26 15:08:57,live
RB,00-0041125,Seth McGowan,IND,HOU,2026_03_HOU_IND,2026,3,NA,NA,15,20,8.143507186070439,NA,NA,NA,NA,NA,6.705990942950258,1.66913406379933,12.749994100432296,0.9750537859513048,15.807209565893285,0.0632017120646674,0.02059726115744931,0.06589147286821706,0.02095019042604621,strat_iso,platt_vol_vegas,0.06589147286821706,0.02095019042604621,NA,NA,NA,2026-09-27 13:00:00,2026-09-26 15:09:07,2026-09-26 15:08:57,live
RB,00-0041326,CJ Donaldson,NO,LV,2026_03_LV_NO,2026,3,NA,NA,15,20,8.280541779472921,NA,NA,NA,NA,NA,6.711255661786651,1.6144988019072644,12.827136119208358,0.9121642900667686,15.9207090099164,0.0648809975139405,0.0217294009406741,0.06589147286821706,0.02474565902424851,strat_iso,platt_vol_vegas,0.06589147286821706,0.02474565902424851,NA,NA,NA,2026-09-27 16:25:00,2026-09-26 15:09:07,2026-09-26 15:08:57,live
RB,00-0041436,DJ Herman,MIA,KC,2026_03_KC_MIA,2026,3,NA,NA,15,20,7.881273284671117,NA,NA,NA,NA,NA,7.3251703075239645,2.4037668653328463,13.2306345002767,1.7255961031860263,16.217773320424374,0.07038360775553398,0.02285418866245792,0.06589147286821706,0.01674827305174759,strat_iso,platt_vol_vegas,0.06589147286821706,0.01674827305174759,NA,NA,NA,2026-09-27 13:00:00,2026-09-26 15:09:07,2026-09-26 15:08:57,live
RB,00-0034959,Andrew Beck,NYJ,DET,2026_03_NYJ_DET,2026,3,NA,NA,15,20,8.76029815070788,NA,NA,NA,NA,NA,6.255511488832473,0.9512781150279076,12.620354490823948,0.22035328190426995,15.839859172390998,0.06304329788988239,0.02229681832919183,0.06589147286821706,0.02148829015376756,strat_iso,platt_vol_vegas,0.06589147286821706,0.02148829015376756,NA,NA,NA,2026-09-27 13:00:00,2026-09-26 15:09:07,2026-09-26 15:08:57,live
RB,00-0036842,Kene Nwangwu,NYJ,DET,2026_03_NYJ_DET,2026,3,Doubtful,Did Not Participate In Practice,15,20,9.967419150254637,NA,NA,NA,NA,NA,5.792932748513666,-0.01927161132526134,12.767318232486184,-0.8201949875055554,16.295145503273098,0.06835613543210983,0.0274848667410108,0.06589147286821706,0.02715625864530229,strat_iso,platt_vol_vegas,0.06589147286821706,0.02715625864530229,NA,NA,NA,2026-09-27 13:00:00,2026-09-26 15:09:07,2026-09-26 15:08:57,live
RB,00-0037594,Julius Chestnut,TEN,NYG,2026_03_TEN_NYG,2026,3,NA,NA,15,20,8.688320654015316,NA,NA,NA,NA,NA,6.293441363911343,1.0201201618268003,12.621191141305983,0.2934550345576472,15.82193309609304,0.06283972759603051,0.02201434950252023,0.06589147286821706,0.01952279967288489,strat_iso,platt_vol_vegas,0.06589147286821706,0.01952279967288489,NA,NA,NA,2026-09-27 13:00:00,2026-09-26 15:09:07,2026-09-26 15:08:57,live
RB,00-0038489,Ben VanSumeren,KC,MIA,2026_03_KC_MIA,2026,3,NA,NA,15,20,8.977239368730176,NA,NA,NA,NA,NA,6.259341878486613,0.8623830373017958,12.735451297426527,0.1186806090018342,16.011237453674827,0.06543503460605904,0.02389442168501454,0.06589147286821706,0.03127031332584341,strat_iso,platt_vol_vegas,0.06589147286821706,0.03127031332584341,NA,NA,NA,2026-09-27 13:00:00,2026-09-26 15:09:07,2026-09-26 15:08:57,live
RB,00-0038896,Jacob Saylors,DET,NYJ,2026_03_NYJ_DET,2026,3,NA,NA,15,20,8.942776184875566,NA,NA,NA,NA,NA,6.5731600492682585,1.1908875085032973,13.03164656403618,0.4492088564829766,16.298518592714196,0.06987403518281765,0.02570851146584996,0.06589147286821706,0.03399968590164941,strat_iso,platt_vol_vegas,0.06589147286821706,0.03399968590164941,NA,NA,NA,2026-09-27 13:00:00,2026-09-26 15:09:07,2026-09-26 15:08:57,live
RB,00-0038951,Sean Tucker,TB,MIN,2026_03_MIN_TB,2026,3,NA,NA,15,20,9.26899007664226,NA,NA,NA,NA,NA,5.692098178264665,0.17146159369326242,12.316615362101166,-0.5892836620193069,15.66747006186514,0.05995969866900164,0.02227978115445794,0.06589147286821706,0.0238302699517474,strat_iso,platt_vol_vegas,0.06589147286821706,0.0238302699517474,NA,NA,NA,2026-09-27 16:05:00,2026-09-26 15:09:07,2026-09-26 15:08:57,live
RB,00-0039021,Roschon Johnson,CHI,PHI,2026_03_PHI_CHI,2026,3,NA,NA,15,20,9.355524911071692,NA,NA,NA,NA,NA,6.3146076031980085,0.7575068810678598,12.982880122520054,-0.00826314293483676,16.355867419646632,0.0700989108497635,0.02683724881794302,0.06589147286821706,0.02542726551989243,strat_iso,platt_vol_vegas,0.06589147286821706,0.02542726551989243,NA,NA,NA,2026-09-28 20:15:00,2026-09-26 15:09:07,2026-09-26 15:08:57,live
RB,00-0039407,Dylan Laube,LV,NO,2026_03_LV_NO,2026,3,NA,NA,15,20,9.05116527619962,NA,NA,NA,NA,NA,6.393730415683599,0.965323759201004,12.907575807575704,0.2172878132126721,16.202449809595695,0.06824728060706586,0.02528984956483615,0.06589147286821706,0.02490365555750157,strat_iso,platt_vol_vegas,0.06589147286821706,0.02490365555750157,NA,NA,NA,2026-09-27 16:25:00,2026-09-26 15:09:07,2026-09-26 15:08:57,live
RB,00-0039603,British Brooks,HOU,IND,2026_03_HOU_IND,2026,3,NA,NA,15,20,9.36960130677617,NA,NA,NA,NA,NA,6.191647509480302,0.6286245787255531,12.867026414487936,-0.13796152727158173,16.243608308052572,0.06841519541437369,0.02614912795224899,0.06589147286821706,0.02931069752043602,strat_iso,platt_vol_vegas,0.06589147286821706,0.02931069752043602,NA,NA,NA,2026-09-27 13:00:00,2026-09-26 15:09:07,2026-09-26 15:08:57,live
RB,00-0039796,Rasheen Ali,BAL,DAL,2026_03_BAL_DAL,2026,3,NA,NA,15,20,8.682703679507705,NA,NA,NA,NA,NA,6.766774392597285,1.495868646389808,13.091625730886346,0.7695363696118456,16.290901579083386,0.0701749027019799,0.02514422273361782,0.06589147286821706,0.03545984084793966,strat_iso,platt_vol_vegas,0.06589147286821706,0.03545984084793966,NA,NA,NA,2026-09-27 16:25:00,2026-09-26 15:09:07,2026-09-26 15:08:57,live
RB,00-0039798,Isaiah Davis,NYJ,DET,2026_03_NYJ_DET,2026,3,NA,NA,15,20,8.96854162793145,NA,NA,NA,NA,NA,6.127761601311828,0.7345077024713609,12.599425255012669,-0.00868418374382873,15.8729626264919,0.06333362854045299,0.02297088805375302,0.06589147286821706,0.02226654603511982,strat_iso,platt_vol_vegas,0.06589147286821706,0.02226654603511982,NA,NA,NA,2026-09-27 13:00:00,2026-09-26 15:09:07,2026-09-26 15:08:57,live
RB,00-0040078,Brashard Smith,KC,MIA,2026_03_KC_MIA,2026,3,NA,NA,15,20,8.995907031811264,NA,NA,NA,NA,NA,6.756296041891374,1.3513889412560625,13.241943016963592,0.6065912405947511,16.522553519485484,0.07320533812708119,0.02727434222642322,0.06589147286821706,0.03462509605374724,strat_iso,platt_vol_vegas,0.06589147286821706,0.03462509605374724,NA,NA,NA,2026-09-27 13:00:00,2026-09-26 15:09:07,2026-09-26 15:08:57,live
RB,00-0040208,Tahj Brooks,CIN,PIT,2026_03_CIN_PIT,2026,3,NA,NA,15,20,9.412432141066704,NA,NA,NA,NA,NA,6.503202966029918,0.922176214913927,13.200185650879003,0.15310917746718555,16.587695303434295,0.07343455024898093,0.02840377015105655,0.06589147286821706,0.031976177334022,strat_iso,platt_vol_vegas,0.06589147286821706,0.031976177334022,NA,NA,NA,2026-09-27 13:00:00,2026-09-26 15:09:07,2026-09-26 15:08:57,live
RB,00-0041398,Riley Nowakowski,PIT,CIN,2026_03_CIN_PIT,2026,3,NA,NA,15,20,8.969893696654093,NA,NA,NA,NA,NA,6.4697486790956145,1.0759187761317568,12.942103512002856,0.33264751638827406,16.215990500069665,0.06857105184910028,0.02522011921190381,0.06589147286821706,0.02367914822129745,strat_iso,platt_vol_vegas,0.06589147286821706,0.02367914822129745,NA,NA,NA,2026-09-27 13:00:00,2026-09-26 15:09:07,2026-09-26 15:08:57,live
RB,00-0041490,Eli Heidenreich,PIT,CIN,2026_03_CIN_PIT,2026,3,NA,NA,15,20,8.96206410861881,NA,NA,NA,NA,NA,6.371639409600828,0.981145394728654,12.83999132587913,0.23833382129135303,16.111853533629635,0.06699114239890414,0.02452241321728365,0.06589147286821706,0.02316290219421512,strat_iso,platt_vol_vegas,0.06589147286821706,0.02316290219421512,NA,NA,NA,2026-09-27 13:00:00,2026-09-26 15:09:07,2026-09-26 15:08:57,live
RB,00-0039686,Colson Yankoff,WAS,SEA,2026_03_SEA_WAS,2026,3,NA,NA,15,20,7.774202232291654,NA,NA,NA,NA,NA,6.6870640710788445,1.8131215641082583,12.535577262599576,1.1414909320257154,15.493908771234778,0.05834775902891698,0.01734393743430806,0.04545454545454545,0.01333201217143893,strat_iso,platt_vol_vegas,0.04545454545454545,0.01333201217143893,NA,NA,NA,2026-09-27 13:00:00,2026-09-26 15:09:07,2026-09-26 15:08:57,live
RB,00-0039875,Ray Davis,BUF,LAC,2026_03_LAC_BUF,2026,3,NA,NA,15,20,8.178821799525414,NA,NA,NA,NA,NA,6.332352447035035,1.2800310710257508,12.394912309637617,0.5838197812125747,15.461514243702986,0.05752484759394838,0.01827042536150158,0.04545454545454545,0.02631956203626004,strat_iso,platt_vol_vegas,0.04545454545454545,0.02631956203626004,NA,NA,NA,2026-09-27 13:00:00,2026-09-26 15:09:07,2026-09-26 15:08:57,live
RB,00-0039471,Frank Gore Jr.,BUF,LAC,2026_03_LAC_BUF,2026,3,NA,NA,15,20,8.163119020654648,NA,NA,NA,NA,NA,5.706031210477038,0.6605837739365796,11.76034265291388,-0.03468028510730825,14.822772319520208,0.04875927335531394,0.01375552446780437,0.02830188679245283,0.0211830164363445,strat_iso,platt_vol_vegas,0.02830188679245283,0.0211830164363445,NA,NA,NA,2026-09-27 13:00:00,2026-09-26 15:09:07,2026-09-26 15:08:57,live
RB,00-0039874,Jaylen Wright,MIA,KC,2026_03_KC_MIA,2026,3,Doubtful,Did Not Participate In Practice,15,20,8.180088469140097,NA,NA,NA,NA,NA,6.1462885236787725,1.0934128269621342,12.209513546357543,0.39712515160142114,15.276451935851371,0.05450696917809627,0.01698023594419839,0.02830188679245283,0.01356533895737117,strat_iso,platt_vol_vegas,0.02830188679245283,0.01356533895737117,NA,NA,NA,2026-09-27 13:00:00,2026-09-26 15:09:07,2026-09-26 15:08:57,live
RB,00-0040238,LeQuint Allen Jr.,JAX,NE,2026_03_NE_JAX,2026,3,NA,Limited Participation in Practice,15,20,7.505941311468676,NA,NA,NA,NA,NA,6.60668038689701,1.8524950117582184,12.311490372174491,1.1973669457263725,15.197133026565908,0.05341575604078885,0.01431639793240358,0.02830188679245283,0.01835886907969695,strat_iso,platt_vol_vegas,0.02830188679245283,0.01835886907969695,NA,NA,NA,2026-09-27 13:00:00,2026-09-26 15:09:07,2026-09-26 15:08:57,live
RB,00-0036893,Najee Harris,NYG,TEN,2026_03_TEN_NYG,2026,3,NA,NA,15,20,10.273660564916929,NA,NA,NA,NA,NA,6.433679644095718,0.49552322055488673,13.559201975703662,-0.3227563850095718,17.1634782317,0.08001265827086201,0.03312752751821124,0.025,0.025,strat_iso,platt_vol_vegas,0.025,0.025,NA,NA,NA,2026-09-27 13:00:00,2026-09-26 15:09:07,2026-09-26 15:08:57,live
RB,00-0038611,Chris Rodriguez Jr.,JAX,NE,2026_03_NE_JAX,2026,3,NA,NA,15,20,10.391620824887111,NA,NA,NA,NA,NA,6.719739922492804,0.7333614646508417,13.903126540215895,-0.0915631506427328,17.536672071194346,0.08490629262200633,0.03546542615416714,0.025,0.025,strat_iso,platt_vol_vegas,0.025,0.025,NA,NA,NA,2026-09-27 13:00:00,2026-09-26 15:09:07,2026-09-26 15:08:57,live
RB,00-0035250,Devin Singletary,NYG,TEN,2026_03_TEN_NYG,2026,3,NA,NA,15,20,9.695928426775582,NA,NA,NA,NA,NA,7.830590648072268,2.1309923972099964,14.669853833647972,1.3455861741434667,18.129332698647577,0.09522838295541858,0.03840698088909278,0.00739130434782607,0,strat_iso,platt_vol_vegas,0.09239130434782608,0.03628171896079993,role_change_down,0.85,"Singletary's role appears to be diminishing with Najee Harris receiving more touches in the same game, signaling a potential shift in backfield opportunity.",2026-09-27 13:00:00,2026-09-26 15:09:07,2026-09-26 15:08:57,live
RB,00-0036425,DeeJay Dallas,MIN,TB,2026_03_MIN_TB,2026,3,NA,Full Participation in Practice,15,20,8.461167491780282,NA,NA,NA,NA,NA,7.196999729562295,2.0217280349814093,13.407094479792146,1.3085741570973033,16.548323433135426,0.0746451859468491,0.02644185009751398,0,0,strat_iso,platt_vol_vegas,0.06589147286821706,0.02797934083511603,role_change_down,0.95,Aaron Jones Sr.'s return from knee injury renders Dallas's role irrelevant in the backfield committee.,2026-09-27 16:05:00,2026-09-26 15:09:07,2026-09-26 15:08:57,live
RB,00-0039384,Tyrone Tracy Jr.,NYG,TEN,2026_03_TEN_NYG,2026,3,NA,NA,15,20,8.845655142198797,NA,NA,NA,NA,NA,6.233115474296334,0.8923196379465379,12.641831797362984,0.15635648732230845,15.883528756501253,0.0636275655565306,0.02277528445285037,0,0,strat_iso,platt_vol_vegas,0.06589147286821706,0.02306778502586462,role_change_down,0.95,"Tracy was completely phased out of the offense and relegated to special teams only, indicating a significant reduction in backfield opportunity.",2026-09-27 13:00:00,2026-09-26 15:09:07,2026-09-26 15:08:57,live
RB,00-0037120,Tyler Goodson,DAL,BAL,2026_03_BAL_DAL,2026,3,NA,NA,15,20,9.71109970786014,NA,NA,NA,NA,NA,6.326237791866027,0.6203229112117246,13.173080650901523,-0.16595374519573802,16.636393513720233,0.0736246850708776,0.0291779188876905,0,0,strat_iso,platt_vol_vegas,0.06589147286821706,0.03617515450436484,role_change_down,0.7,Cowboys backfield depth addition with Davis sidelined may reduce snap/carry share for the primary starter.,2026-09-27 16:25:00,2026-09-26 15:09:07,2026-09-26 15:08:57,live
TE,00-0037744,Trey McBride,ARI,SF,2026_03_ARI_SF,2026,3,NA,NA,12,17,8.387295320332711,1.7093615466098884,-3.072191797300875,7.471072021247869,-4.953913915395813,9.046632210601125,NA,NA,NA,NA,NA,0.575,0.327,0.5853443363355701,0.35325040245133,platt_vol_vegas,platt,0.5853443363355701,0.35325040245133,NA,NA,NA,2026-09-27 16:05:00,2026-09-26 15:09:07,2026-09-26 15:08:57,live
TE,00-0033288,George Kittle,SF,ARI,2026_03_ARI_SF,2026,3,NA,NA,12,17,6.715100853499497,2.882897862388084,-1.3677158094408486,8.004832839398189,-3.0404930821117007,9.405444147056814,NA,NA,NA,NA,NA,0.564,0.2855,0.5572021391968052,0.39425499314030543,platt_vol_vegas,platt,0.4722021391968051,0.3092549931403054,role_change_up,0.85,Tonges' IR placement removes a competing tight end and explicitly signals increased offensive opportunity for Kittle.,2026-09-27 16:05:00,2026-09-26 15:09:07,2026-09-26 15:08:57,live
TE,00-0034753,Mark Andrews,BAL,DAL,2026_03_BAL_DAL,2026,3,NA,NA,12,17,6.409066855279979,1.755376563058351,-2.3915710115135127,6.752395221987108,-4.023551753418139,8.118847718883565,NA,NA,NA,NA,NA,0.436,0.18,0.5417223832309092,0.28082154972358786,platt_vol_vegas,platt,0.45672238323090913,0.19582154972358787,role_change_up,0.85,Zay Flowers' hamstring injury absence is expected to increase Andrews' target share going forward.,2026-09-27 16:25:00,2026-09-26 15:09:07,2026-09-26 15:08:57,live
TE,00-0038933,Dalton Kincaid,BUF,LAC,2026_03_LAC_BUF,2026,3,NA,NA,12,17,7.048851445172204,2.960575282789535,-1.4005892157135302,8.215722588558744,-3.1168724206127263,9.652761280558837,NA,NA,NA,NA,NA,0.613,0.3205,0.5379607233508297,0.3463849592023678,platt_vol_vegas,platt,0.5379607233508297,0.3463849592023678,NA,NA,NA,2026-09-27 13:00:00,2026-09-26 15:09:07,2026-09-26 15:08:57,live
TE,00-0030506,Travis Kelce,KC,MIA,2026_03_KC_MIA,2026,3,NA,NA,12,17,6.935552684881529,2.0141077865388475,-2.3098097419480874,7.224372970985755,-4.011434855162366,8.64913848753206,NA,NA,NA,NA,NA,0.5155,0.2425,0.4870651197441853,0.26328023552959423,platt_vol_vegas,platt,0.4870651197441853,0.26328023552959423,NA,NA,NA,2026-09-27 13:00:00,2026-09-26 15:09:07,2026-09-26 15:08:57,live
TE,00-0039065,Sam LaPorta,DET,NYJ,2026_03_NYJ_DET,2026,3,NA,NA,12,17,6.719431916105599,3.2460878375730653,-1.005976798286996,8.369771207637726,-2.679325080191367,9.770860619585733,NA,NA,NA,NA,NA,0.6085,0.321,0.47629309766280886,0.3469134107952695,platt_vol_vegas,platt,0.47629309766280886,0.3469134107952695,NA,NA,NA,2026-09-27 13:00:00,2026-09-26 15:09:07,2026-09-26 15:08:57,live
TE,00-0040128,Tyler Warren,IND,HOU,2026_03_HOU_IND,2026,3,NA,NA,12,17,6.772825983814506,1.3207007369656607,-2.949215598033388,6.465895175614376,-4.629589198845512,7.872866865653355,NA,NA,NA,NA,NA,0.4155,0.172,0.47378021771970374,0.27213873205898925,platt_vol_vegas,platt,0.3887802177197037,0.1871387320589893,role_change_up,0.85,"Impact note indicates Warren should expect increased target volume with Alec Pierce (heel) expected to miss time, implying expanded opportunity.",2026-09-27 13:00:00,2026-09-26 15:09:07,2026-09-26 15:08:57,live
TE,00-0039338,Brock Bowers,LV,NO,2026_03_LV_NO,2026,3,Questionable,Did Not Participate In Practice,12,17,6.344872571585721,0.8952047059814774,-3.22970413539388,5.865666973969249,-4.853011802101411,7.224857531460092,NA,NA,NA,NA,NA,0.3475,0.1335,0.4148493281537346,0.2302262066145207,platt_vol_vegas,platt,0.3298493281537346,0.1452262066145207,role_change_up,0.85,Bowers' imminent return from knee injury will increase his target share and reduce Nailor's receiving opportunities.,2026-09-27 16:25:00,2026-09-26 15:09:07,2026-09-26 15:08:57,live
TE,00-0034829,Mike Gesicki,CIN,PIT,2026_03_CIN_PIT,2026,3,NA,NA,12,17,6.735135479303819,1.2343922189213856,-3.022929633320101,6.364410467322364,-4.6983468287412755,7.767232174246843,NA,NA,NA,NA,NA,0.415,0.1725,0.408580137789156,0.18768169614019883,platt_vol_vegas,platt,0.408580137789156,0.18768169614019883,NA,NA,NA,2026-09-27 13:00:00,2026-09-26 15:09:07,2026-09-26 15:08:57,live
TE,00-0040737,Terrance Ferguson,LA,DEN,2026_03_LA_DEN,2026,3,NA,Full Participation in Practice,12,17,5.755795314917825,1.4024357498129845,-2.5151117554375393,6.123030266370798,-4.056814892286435,7.413893599942776,NA,NA,NA,NA,NA,0.3535,0.121,0.38638292209130826,0.21658010219026552,platt_vol_vegas,platt,0.30138292209130824,0.1315801021902655,role_change_up,0.85,"Ferguson expected to step up as primary tight end option with both Parkinson (questionable) and Nacua (hip) likely unavailable, implying increased opportunity.",2026-09-27 20:20:00,2026-09-26 15:09:07,2026-09-26 15:08:57,live
TE,00-0040663,Harold Fannin Jr.,CLE,CAR,2026_03_CAR_CLE,2026,3,NA,NA,12,17,6.732096849018495,1.1053466620410608,-3.1509583724451593,6.2341396580836665,-4.825975411615313,7.636626315399828,NA,NA,NA,NA,NA,0.422,0.172,0.375822265625445,0.1871387320589893,platt_vol_vegas,platt,0.375822265625445,0.1871387320589893,NA,NA,NA,2026-09-27 13:00:00,2026-09-26 15:09:07,2026-09-26 15:08:57,live
TE,00-0033090,Hunter Henry,NE,JAX,2026_03_NE_JAX,2026,3,NA,NA,12,17,6.333590635551697,1.487775784617856,-2.6332489967729504,6.453557810122168,-4.255028138949799,7.81146853868618,NA,NA,NA,NA,NA,0.3985,0.145,0.3536089372861198,0.15776561763285532,platt_vol_vegas,platt,0.3536089372861198,0.15776561763285532,NA,NA,NA,2026-09-27 13:00:00,2026-09-26 15:09:07,2026-09-26 15:08:57,live
TE,00-0034383,Dalton Schultz,HOU,IND,2026_03_HOU_IND,2026,3,NA,Did Not Participate In Practice,12,17,6.320764960793342,0.8563381017541942,-3.2602671955559757,5.816794705603987,-4.880307103566234,7.173249178705786,NA,NA,NA,NA,NA,0.3685,0.144,0.34882631608868636,0.1566758579907488,platt_vol_vegas,platt,0.34882631608868636,0.1566758579907488,NA,NA,NA,2026-09-27 13:00:00,2026-09-26 15:09:07,2026-09-26 15:08:57,live
TE,00-0038046,Charlie Kolar,LAC,BUF,2026_03_LAC_BUF,2026,3,Out,Did Not Participate In Practice,12,17,5.1536165482220895,0.8395770678741841,-2.8553839832906194,5.291957761061934,-4.30949093042539,6.509477072195393,NA,NA,NA,NA,NA,0.254,0.0745,0.30644015647219824,0.16572306841371473,platt_vol_vegas,platt,0.22144015647219825,0.08072306841371472,role_change_up,0.85,Kolar's 4-week absence creates opportunity for backup TEs (likely Otherwise or practice squad elevation) to see increased targets and snaps.,2026-09-27 13:00:00,2026-09-26 15:09:07,2026-09-26 15:08:57,live
TE,00-0038129,Cade Otton,TB,MIN,2026_03_MIN_TB,2026,3,NA,NA,12,17,6.049191203058081,1.17959198996361,-2.84242235027285,6.026067703299719,-4.4252371384747,7.351353697139867,NA,NA,NA,NA,NA,0.3385,0.1215,0.30022859077753256,0.13212623916104282,platt_vol_vegas,platt,0.30022859077753256,0.13212623916104282,NA,NA,NA,2026-09-27 16:05:00,2026-09-26 15:09:07,2026-09-26 15:08:57,live
TE,00-0037838,Isaiah Likely,NYG,TEN,2026_03_TEN_NYG,2026,3,NA,NA,12,17,6.118160479794108,0.9761126007959018,-3.070110391949523,5.851759430023754,-4.662452200681931,7.1850223690922945,NA,NA,NA,NA,NA,0.3285,0.126,0.29065513257079173,0.13704041652937018,platt_vol_vegas,platt,0.29065513257079173,0.13704041652937018,NA,NA,NA,2026-09-27 13:00:00,2026-09-26 15:09:07,2026-09-26 15:08:57,live
TE,00-0035229,T.J. Hockenson,MIN,TB,2026_03_MIN_TB,2026,3,NA,NA,12,17,5.793819062618883,0.8281683985768168,-3.1030570034383578,5.56524460537035,-4.650142910073529,6.860614915664424,NA,NA,NA,NA,NA,0.3195,0.105,0.28703027263524067,0.1140928915409883,platt_vol_vegas,platt,0.28703027263524067,0.1140928915409883,NA,NA,NA,2026-09-27 16:05:00,2026-09-26 15:09:07,2026-09-26 15:08:57,live
TE,00-0041032,Kenyon Sadiq,NYJ,DET,2026_03_NYJ_DET,2026,3,NA,NA,12,17,4.998291725823139,0.6518946019153974,-2.9836942517600784,5.0327325583454,-4.414435993243041,6.230688254061343,NA,NA,NA,NA,NA,0.2385,0.0725,0.2840705212052565,0.1635346752800552,platt_vol_vegas,platt,0.1990705212052565,0.07853467528005519,role_change_up,0.85,First-round rookie TE Kenyon Sadiq gains increased snap share with Mason Taylor (starter) ruled out for Week 3.,2026-09-27 13:00:00,2026-09-26 15:09:07,2026-09-26 15:08:57,live
TE,00-0036040,Juwan Johnson,NO,LV,2026_03_LV_NO,2026,3,NA,NA,12,17,5.654280515813436,1.015794166612503,-2.865026646596163,5.692133490136477,-4.3922764408241655,6.970895084021397,NA,NA,NA,NA,NA,0.318,0.1075,0.2833281537461376,0.11682651010902216,platt_vol_vegas,platt,0.2833281537461376,0.11682651010902216,NA,NA,NA,2026-09-27 16:25:00,2026-09-26 15:09:07,2026-09-26 15:08:57,live
TE,00-0038041,Jake Ferguson,DAL,BAL,2026_03_BAL_DAL,2026,3,NA,NA,12,17,5.179804542817966,0.8680138171979436,-2.836874065034716,5.332356214549565,-4.294887595708237,6.553146496163122,NA,NA,NA,NA,NA,0.2595,0.072,0.2686128583412292,0.07798759619888458,platt_vol_vegas,platt,0.2686128583412292,0.07798759619888458,NA,NA,NA,2026-09-27 16:25:00,2026-09-26 15:09:07,2026-09-26 15:08:57,live
TE,00-0038935,Brenton Strange,JAX,NE,2026_03_NE_JAX,2026,3,NA,NA,12,17,5.30584689804894,1.2947033241827253,-2.4576352417272376,5.816223186995527,-3.93432241139885,7.052648849578903,NA,NA,NA,NA,NA,0.3115,0.102,0.26687201652262815,0.11081204420761352,platt_vol_vegas,platt,0.26687201652262815,0.11081204420761352,NA,NA,NA,2026-09-27 13:00:00,2026-09-26 15:09:07,2026-09-26 15:08:57,live
TE,00-0040189,Oronde Gadsden II,LAC,BUF,2026_03_LAC_BUF,2026,3,NA,NA,12,17,4.466831356270774,0.7481612706027109,-2.6773992348830977,4.87591776025866,-4.02548687637181,6.004667430182865,NA,NA,NA,NA,NA,0.184,0.0475,0.25501310956994633,0.14320346723481728,platt_vol_vegas,platt,0.1630131095699463,0.05120346723481726,role_change_up,0.92,"Njoku and Kolar both placed on IR, making Gadsden the only healthy TE and dramatically increasing his snap/target opportunity.",2026-09-27 13:00:00,2026-09-26 15:09:07,2026-09-26 15:08:57,live
TE,00-0039066,Michael Mayer,LV,NO,2026_03_LV_NO,2026,3,NA,NA,12,17,6.324822777190995,1.311465305890546,-2.806538693998535,6.273607328415019,-4.42712904438391,7.630522685238399,NA,NA,NA,NA,NA,0.392,0.151,0.2446345707228247,0.07930153306356798,platt_vol_vegas,platt,0.32963457072282476,0.16430153306356798,role_change_down,0.85,Brock Bowers' imminent return from knee injury will reduce Mayer's target share and role in the offense.,2026-09-27 16:25:00,2026-09-26 15:09:07,2026-09-26 15:08:57,live
TE,00-0040126,Colston Loveland,CHI,PHI,2026_03_PHI_CHI,2026,3,NA,NA,12,17,5.422772258803075,1.363040526121226,-2.4328443142420406,5.937033091339112,-3.926668590185564,7.1878076007278136,NA,NA,NA,NA,NA,0.304,0.1,0.22257435130686137,0.1086245331995592,platt_vol_vegas,platt,0.22257435130686137,0.1086245331995592,NA,NA,NA,2026-09-28 20:15:00,2026-09-26 15:09:07,2026-09-26 15:08:57,live
TE,00-0033885,David Njoku,LAC,BUF,2026_03_LAC_BUF,2026,3,NA,NA,12,17,5.101118275764272,0.9642284533906326,-2.710760813690112,5.392543402817337,-4.1570081082923735,6.6034818508609225,NA,NA,NA,NA,NA,0.262,0.085,0.2171075169887633,0.09221308319781664,platt_vol_vegas,platt,0.2171075169887633,0.09221308319781664,NA,NA,NA,2026-09-27 13:00:00,2026-09-26 15:09:07,2026-09-26 15:08:57,live
TE,00-0040887,Josh Cuevas,BAL,DAL,2026_03_BAL_DAL,2026,3,NA,NA,12,17,4.336260754237707,1.3140144540539551,-2.058172377491908,5.377456350921491,-3.3852554592584765,6.488618967064022,NA,NA,NA,NA,NA,0.2185,0.066,0.21328944086048315,0.07142347900937805,platt_vol_vegas,platt,0.21328944086048315,0.07142347900937805,NA,NA,NA,2026-09-27 16:25:00,2026-09-26 15:09:07,2026-09-26 15:08:57,live
TE,00-0040736,Mason Taylor,NYJ,DET,2026_03_NYJ_DET,2026,3,Out,Did Not Participate In Practice,12,17,5.148215093864471,0.9311162322668048,-2.7617943904091065,5.381026185414189,-4.2150944163696025,6.597869863909914,NA,NA,NA,NA,NA,0.2555,0.0735,0.21259146637865836,0.07962885748789429,platt_vol_vegas,platt,0.21259146637865836,0.07962885748789429,NA,NA,NA,2026-09-27 13:00:00,2026-09-26 15:09:07,2026-09-26 15:08:57,live
TE,00-0036894,Pat Freiermuth,PIT,CIN,2026_03_CIN_PIT,2026,3,NA,NA,12,17,5.310304666986267,0.5787399942114051,-3.175267001768366,5.1022702938672175,-4.652610761786053,6.339245717544456,NA,NA,NA,NA,NA,0.244,0.0705,0.21008603067270987,0.07634641321737823,platt_vol_vegas,platt,0.21008603067270987,0.07634641321737823,NA,NA,NA,2026-09-27 13:00:00,2026-09-26 15:09:07,2026-09-26 15:08:57,live
TE,00-0039824,Jared Wiley,KC,MIA,2026_03_KC_MIA,2026,3,NA,NA,12,17,4.596334349457098,1.2744017489709345,-2.2033754387955966,5.465078671299838,-3.572012320021704,6.611034156971426,NA,NA,NA,NA,NA,0.2365,0.0765,0.20863920421287568,0.08291156081558129,platt_vol_vegas,platt,0.20863920421287568,0.08291156081558129,NA,NA,NA,2026-09-27 13:00:00,2026-09-26 15:09:07,2026-09-26 15:08:57,live
TE,00-0041395,Eli Raridon,NE,JAX,2026_03_NE_JAX,2026,3,Questionable,Did Not Participate In Practice,12,17,4.0507083043996355,0.7074634526388244,-2.5452935290883145,4.626993911696868,-3.8253764471422183,5.698803434135142,NA,NA,NA,NA,NA,0.1485,0.035,0.2066770815534782,0.10957468480989566,platt_vol_vegas,platt,0.13467708155347818,0.03757468480989566,role_change_up,0.72,"Impact note indicates Raridon is primed to be more involved at tight end for the Patriots, suggesting a shift in target share away from Henry.",2026-09-27 13:00:00,2026-09-26 15:09:07,2026-09-26 15:08:57,live
TE,00-0040194,Jackson Hawes,BUF,LAC,2026_03_LAC_BUF,2026,3,NA,NA,12,17,4.273090091065413,1.913031486058564,-1.4330615218525309,5.94503065999773,-2.7498756969380227,7.047595151901136,NA,NA,NA,NA,NA,0.26,0.0765,0.20254543997501195,0.08291156081558129,platt_vol_vegas,platt,0.20254543997501195,0.08291156081558129,NA,NA,NA,2026-09-27 13:00:00,2026-09-26 15:09:07,2026-09-26 15:08:57,live
TE,00-0035644,Noah Fant,NO,LV,2026_03_LV_NO,2026,3,NA,NA,12,17,4.843898142483262,1.0013957668397926,-2.5743098351394424,5.310075172744995,-3.9814852518079458,6.488298856582043,NA,NA,NA,NA,NA,0.2245,0.0645,0.20191468526815076,0.06978275713277497,platt_vol_vegas,platt,0.20191468526815076,0.06978275713277497,NA,NA,NA,2026-09-27 16:25:00,2026-09-26 15:09:07,2026-09-26 15:08:57,live
TE,00-0035689,Dawson Knox,BUF,LAC,2026_03_LAC_BUF,2026,3,NA,NA,12,17,4.276052004715193,1.1991376413616224,-2.1481828807368943,5.23261595415855,-3.465480129089714,6.335584921835093,NA,NA,NA,NA,NA,0.2015,0.067,0.2001522917857792,0.07251737163271205,platt_vol_vegas,platt,0.2001522917857792,0.07251737163271205,NA,NA,NA,2026-09-27 13:00:00,2026-09-26 15:09:07,2026-09-26 15:08:57,live
TE,00-0040363,Keleki Latu,BUF,LAC,2026_03_LAC_BUF,2026,3,NA,NA,12,17,4.252322181364056,1.4399441421894934,-1.8975306895241264,5.461558524305204,-3.2109532862663412,6.561283258007676,NA,NA,NA,NA,NA,0.216,0.0595,0.1988715796711868,0.06431490573088806,platt_vol_vegas,platt,0.1988715796711868,0.06431490573088806,NA,NA,NA,2026-09-27 13:00:00,2026-09-26 15:09:07,2026-09-26 15:08:57,live
TE,00-0033881,Evan Engram,DEN,LA,2026_03_LA_DEN,2026,3,NA,NA,12,17,4.952306674462382,0.8301009932115762,-2.7877442349001367,5.189558108330046,-4.211503188515418,6.381667137065131,NA,NA,NA,NA,NA,0.2265,0.0715,0.1956230444154231,0.07744052581416133,platt_vol_vegas,platt,0.1956230444154231,0.07744052581416133,NA,NA,NA,2026-09-27 20:20:00,2026-09-26 15:09:07,2026-09-26 15:08:57,live
TE,00-0036244,Colby Parkinson,LA,DEN,2026_03_LA_DEN,2026,3,Questionable,Did Not Participate In Practice,12,17,4.686013285190173,0.7731031658820824,-2.7404284487708637,5.006863714198027,-4.123136049500217,6.164600570387444,NA,NA,NA,NA,NA,0.217,0.0595,0.19271667466782488,0.06431490573088806,platt_vol_vegas,platt,0.19271667466782488,0.06431490573088806,NA,NA,NA,2026-09-27 20:20:00,2026-09-26 15:09:07,2026-09-26 15:08:57,live
TE,00-0039793,AJ Barner,SEA,WAS,2026_03_SEA_WAS,2026,3,NA,NA,12,17,4.780233752102248,1.6818091373201112,-1.868942345433366,5.960419149497538,-3.2662973722186344,7.130420250842111,NA,NA,NA,NA,NA,0.2535,0.086,0.19214024858804035,0.09330736429769024,platt_vol_vegas,platt,0.19214024858804035,0.09330736429769024,NA,NA,NA,2026-09-27 13:00:00,2026-09-26 15:09:07,2026-09-26 15:08:57,live
TE,00-0031610,Darren Waller,CAR,CLE,2026_03_CAR_CLE,2026,3,NA,Full Participation in Practice,12,17,4.802745877716667,0.7391585476549081,-2.8204346429353917,5.028422704415284,-4.221269216219806,6.201337219429356,NA,NA,NA,NA,NA,0.217,0.0655,0.1917467561305344,0.07087655549962064,platt_vol_vegas,platt,0.1917467561305344,0.07087655549962064,NA,NA,NA,2026-09-27 13:00:00,2026-09-26 15:09:07,2026-09-26 15:08:57,live
TE,00-0040584,Gunnar Helm,TEN,NYG,2026_03_TEN_NYG,2026,3,NA,NA,12,17,5.338407960557475,0.480276027849396,-3.2842341776632966,5.016462560329676,-4.765711347949062,6.256898875815552,NA,NA,NA,NA,NA,0.249,0.0715,0.1913454214720496,0.07744052581416133,platt_vol_vegas,platt,0.1913454214720496,0.07744052581416133,NA,NA,NA,2026-09-27 13:00:00,2026-09-26 15:09:07,2026-09-26 15:08:57,live
TE,00-0040390,Jackson Meeks,DET,NYJ,2026_03_NYJ_DET,2026,3,NA,NA,12,17,4.282444705029967,1.601001637393032,-1.7489668662272757,5.637670733973682,-3.0673061954771343,6.741512232806484,NA,NA,NA,NA,NA,0.24,0.0645,0.1907498592843155,0.06978275713277497,platt_vol_vegas,platt,0.1907498592843155,0.06978275713277497,NA,NA,NA,2026-09-27 13:00:00,2026-09-26 15:09:07,2026-09-26 15:08:57,live
TE,00-0038643,Brayden Willis,SF,ARI,2026_03_ARI_SF,2026,3,NA,NA,12,17,4.280165885461741,1.3554552358063132,-1.993569549703447,5.390987164163257,-3.311537490177705,6.494517700307157,NA,NA,NA,NA,NA,0.224,0.0545,0.1891062546395599,0.05884947016740101,platt_vol_vegas,platt,0.1891062546395599,0.05884947016740101,NA,NA,NA,2026-09-27 16:05:00,2026-09-26 15:09:07,2026-09-26 15:08:57,live
TE,00-0034270,Tyler Conklin,DET,NYJ,2026_03_NYJ_DET,2026,3,NA,NA,12,17,4.240579898710132,1.7606670589606437,-1.5719262437290256,5.7763992611890655,-2.8834277741411567,6.874515491913504,NA,NA,NA,NA,NA,0.245,0.065,0.18760757545604612,0.07032964800129017,platt_vol_vegas,platt,0.18760757545604612,0.07032964800129017,NA,NA,NA,2026-09-27 13:00:00,2026-09-26 15:09:07,2026-09-26 15:08:57,live
TE,00-0039847,Theo Johnson,NYG,TEN,2026_03_TEN_NYG,2026,3,NA,NA,12,17,5.027530437035138,0.7592004590459805,-2.887630400650061,5.153584888595879,-4.322796296766285,6.355244915490524,NA,NA,NA,NA,NA,0.2395,0.062,0.1849831333149705,0.06704857451201103,platt_vol_vegas,platt,0.1849831333149705,0.06704857451201103,NA,NA,NA,2026-09-27 13:00:00,2026-09-26 15:09:07,2026-09-26 15:08:57,live
TE,00-0041084,Tanner Koziol,JAX,NE,2026_03_NE_JAX,2026,3,NA,NA,12,17,4.421366816593453,0.801158533025768,-2.605901700895118,4.906622432639821,-3.946708785692183,6.029276114655193,NA,NA,NA,NA,NA,0.182,0.045,0.1813648932531736,0.04847477896508845,platt_vol_vegas,platt,0.1813648932531736,0.04847477896508845,NA,NA,NA,2026-09-27 13:00:00,2026-09-26 15:09:07,2026-09-26 15:08:57,live
TE,00-0037005,Tommy Tremble,CAR,CLE,2026_03_CAR_CLE,2026,3,NA,NA,12,17,4.671653496018057,0.7841800810260777,-2.7236481713550873,5.011068150927906,-4.104111283282913,6.166925703490538,NA,NA,NA,NA,NA,0.202,0.0465,0.18070542467196732,0.05011184657662508,platt_vol_vegas,platt,0.18070542467196732,0.05011184657662508,NA,NA,NA,2026-09-27 13:00:00,2026-09-26 15:09:07,2026-09-26 15:08:57,live
TE,00-0041510,Max Klare,LA,DEN,2026_03_LA_DEN,2026,3,NA,NA,12,17,4.480957105397726,1.03581410743074,-2.3954763336743556,5.170475096043852,-3.745818921582059,6.301112825726043,NA,NA,NA,NA,NA,0.202,0.0605,0.1759677194017727,0.06540830608115675,platt_vol_vegas,platt,0.1759677194017727,0.06540830608115675,NA,NA,NA,2026-09-27 20:20:00,2026-09-26 15:09:07,2026-09-26 15:08:57,live
TE,00-0039356,Ja'Tavion Sanders,CAR,CLE,2026_03_CAR_CLE,2026,3,NA,NA,12,17,4.59779295483777,0.6930299371653387,-2.785331400782921,4.8844107529737775,-4.154198167202853,6.030558720816898,NA,NA,NA,NA,NA,0.198,0.0505,0.17489246258956676,0.05447939311473114,platt_vol_vegas,platt,0.17489246258956676,0.05447939311473114,NA,NA,NA,2026-09-27 13:00:00,2026-09-26 15:09:07,2026-09-26 15:08:57,live
TE,00-0036556,Brevin Jordan,HOU,IND,2026_03_HOU_IND,2026,3,NA,NA,12,17,4.58861969139039,0.5473198219823604,-2.9273663055594548,4.734272056371275,-4.29478673765808,5.879209012899158,NA,NA,NA,NA,NA,0.1935,0.0525,0.17195826470841383,0.05666414667361906,platt_vol_vegas,platt,0.17195826470841383,0.05666414667361906,NA,NA,NA,2026-09-27 13:00:00,2026-09-26 15:09:07,2026-09-26 15:08:57,live
TE,00-0040879,Matthew Hibner,BAL,DAL,2026_03_BAL_DAL,2026,3,NA,NA,12,17,3.844657914996746,1.1566450603308984,-2.0074528132549947,4.96934243078605,-3.252645018446223,6.011938065777309,NA,NA,NA,NA,NA,0.182,0.04,0.17179330169969392,0.04302144332118553,platt_vol_vegas,platt,0.17179330169969392,0.04302144332118553,NA,NA,NA,2026-09-27 16:25:00,2026-09-26 15:09:07,2026-09-26 15:08:57,live
TE,00-0034798,Durham Smythe,BAL,DAL,2026_03_BAL_DAL,2026,3,NA,NA,12,17,3.848303360556011,1.093490590286843,-2.0721950070479,4.908101147502992,-3.3180120415949355,5.951219950207848,NA,NA,NA,NA,NA,0.1635,0.0395,0.17114990366066854,0.04247644574696996,platt_vol_vegas,platt,0.17114990366066854,0.04247644574696996,NA,NA,NA,2026-09-27 16:25:00,2026-09-26 15:09:07,2026-09-26 15:08:57,live
TE,00-0041314,Tanner Arkin,NE,JAX,2026_03_NE_JAX,2026,3,NA,NA,12,17,4.445191330952738,0.80470145566604,-2.6120644743867953,4.921860594681388,-3.956691117760206,6.047712381441307,NA,NA,NA,NA,NA,0.178,0.0535,0.1619602343216451,0.05775674085216733,platt_vol_vegas,platt,0.1619602343216451,0.05775674085216733,NA,NA,NA,2026-09-27 13:00:00,2026-09-26 15:09:07,2026-09-26 15:08:57,live
TE,00-0036887,Luke Farrell,SF,ARI,2026_03_ARI_SF,2026,3,NA,NA,12,17,3.897447326641147,1.195188422772518,-1.991832470263844,5.035507737767155,-3.2460457507440053,6.085656691579362,NA,NA,NA,NA,NA,0.17,0.0435,0.15809297761270427,0.04683817634331945,platt_vol_vegas,platt,0.15809297761270427,0.04683817634331945,NA,NA,NA,2026-09-27 16:05:00,2026-09-26 15:09:07,2026-09-26 15:08:57,live
TE,00-0034351,Dallas Goedert,PHI,CHI,2026_03_PHI_CHI,2026,3,NA,Did Not Participate In Practice,12,17,5.310951547340611,1.0580730680939443,-2.6961759840487165,5.581895042322612,-4.173615002323035,6.818950225447546,NA,NA,NA,NA,NA,0.291,0.094,0.15734604291690002,0.0170608579316334,platt_vol_vegas,platt,0.24234604291690004,0.1020608579316334,role_change_down,0.85,"Ertz signing implies Goedert will lose snaps/targets while sidelined, and Ertz could vulture significant TE volume even after Goedert returns.",2026-09-28 20:15:00,2026-09-26 15:09:07,2026-09-26 15:08:57,live
TE,00-0039518,Treyton Welch,NO,LV,2026_03_LV_NO,2026,3,NA,NA,12,17,4.274730046963259,0.9570453362392,-2.3897273726614547,4.989863541156272,-3.7068090357981616,6.092651999988998,NA,NA,NA,NA,NA,0.1895,0.0515,0.15685001370986995,0.05557169491281011,platt_vol_vegas,platt,0.15685001370986995,0.05557169491281011,NA,NA,NA,2026-09-27 16:25:00,2026-09-26 15:09:07,2026-09-26 15:08:57,live
TE,00-0036754,Brock Wright,DET,NYJ,2026_03_NYJ_DET,2026,3,NA,NA,12,17,3.855812674581528,1.2127898831461827,-1.9561640633788464,5.031338759232795,-3.2032673169678283,6.075534509217906,NA,NA,NA,NA,NA,0.1685,0.0365,0.1558157221039009,0.03920792541404707,platt_vol_vegas,platt,0.1558157221039009,0.03920792541404707,NA,NA,NA,2026-09-27 13:00:00,2026-09-26 15:09:07,2026-09-26 15:08:57,live
TE,00-0038564,Cameron Latu,NE,JAX,2026_03_NE_JAX,2026,3,NA,NA,12,17,4.335555002869532,0.7078864743270884,-2.6640098254719966,4.770978284164693,-3.990978572005933,5.882045167765717,NA,NA,NA,NA,NA,0.179,0.0505,0.1543917171503338,0.05447939311473114,platt_vol_vegas,platt,0.1543917171503338,0.05447939311473114,NA,NA,NA,2026-09-27 13:00:00,2026-09-26 15:09:07,2026-09-26 15:08:57,live
TE,00-0038783,Nate Adkins,DEN,LA,2026_03_LA_DEN,2026,3,NA,NA,12,17,4.424789770687738,0.5920106502156989,-2.816445547741804,4.69915666859608,-4.157801997193998,5.822270331961375,NA,NA,NA,NA,NA,0.178,0.045,0.1539419470015032,0.04847477896508845,platt_vol_vegas,platt,0.1539419470015032,0.04847477896508845,NA,NA,NA,2026-09-27 20:20:00,2026-09-26 15:09:07,2026-09-26 15:08:57,live
TE,00-0040215,Gavin Bartholomew,MIN,TB,2026_03_MIN_TB,2026,3,NA,NA,12,17,4.319276420940255,0.9156645809507644,-2.44952423937104,4.970673964015512,-3.7738533389991984,6.0795306793144785,NA,NA,NA,NA,NA,0.1905,0.049,0.15274100842052912,0.05284123879349835,platt_vol_vegas,platt,0.15274100842052912,0.05284123879349835,NA,NA,NA,2026-09-27 16:05:00,2026-09-26 15:09:07,2026-09-26 15:08:57,live
TE,00-0038498,E.J. Jenkins,PHI,CHI,2026_03_PHI_CHI,2026,3,NA,NA,12,17,4.252322181364056,0.9065803850779148,-2.4308944466357048,4.9281947671936255,-3.74431704337792,6.027919500896098,NA,NA,NA,NA,NA,0.1835,0.0445,0.15162139857965426,0.04792919143411586,platt_vol_vegas,platt,0.15162139857965426,0.04792919143411586,NA,NA,NA,2026-09-28 20:15:00,2026-09-26 15:09:07,2026-09-26 15:08:57,live
TE,00-0036637,Noah Gray,KC,MIA,2026_03_KC_MIA,2026,3,NA,NA,12,17,3.8913594844245822,1.1858076700005535,-1.998577154038142,5.022950555650307,-3.251753041650137,6.072230903578529,NA,NA,NA,NA,NA,0.1675,0.041,0.15157740592565502,0.04411163334672653,platt_vol_vegas,platt,0.15157740592565502,0.04411163334672653,NA,NA,NA,2026-09-27 13:00:00,2026-09-26 15:09:07,2026-09-26 15:08:57,live
TE,00-0040058,Nick Kallerup,SEA,WAS,2026_03_SEA_WAS,2026,3,NA,NA,12,17,4.252322181364056,1.2667270785417173,-2.0707477531719025,5.288341460657428,-3.384170349914118,6.3880661943599,NA,NA,NA,NA,NA,0.2125,0.0505,0.15149352446951153,0.05447939311473114,platt_vol_vegas,platt,0.15149352446951153,0.05447939311473114,NA,NA,NA,2026-09-27 13:00:00,2026-09-26 15:09:07,2026-09-26 15:08:57,live
TE,00-0041116,Jack Endries,CIN,PIT,2026_03_CIN_PIT,2026,3,NA,NA,12,17,4.252322181364056,0.8870623684692843,-2.4504124632443354,4.908676750584995,-3.76383505998655,6.008401484287467,NA,NA,NA,NA,NA,0.18,0.0485,0.15147120309268755,0.05229527099915489,platt_vol_vegas,platt,0.15147120309268755,0.05229527099915489,NA,NA,NA,2026-09-27 13:00:00,2026-09-26 15:09:07,2026-09-26 15:08:57,live
TE,00-0036825,Feleipe Franks,CAR,CLE,2026_03_CAR_CLE,2026,3,NA,NA,12,17,4.269345175288143,1.0079883708116233,-2.3365520477329036,5.03811669446998,-3.652755220171084,6.140169595720635,NA,NA,NA,NA,NA,0.191,0.0515,0.15124357615908365,0.05557169491281011,platt_vol_vegas,platt,0.15124357615908365,0.05557169491281011,NA,NA,NA,2026-09-27 13:00:00,2026-09-26 15:09:07,2026-09-26 15:08:57,live
TE,00-0035631,Drew Sample,CIN,PIT,2026_03_CIN_PIT,2026,3,NA,NA,12,17,4.24862922764247,0.7193449468659333,-2.6165953262238357,4.739110205514633,-3.9294140160980686,5.8383292898387404,NA,NA,NA,NA,NA,0.171,0.048,0.1508279099332159,0.0517493467846333,platt_vol_vegas,platt,0.1508279099332159,0.0517493467846333,NA,NA,NA,2026-09-27 13:00:00,2026-09-26 15:09:07,2026-09-26 15:08:57,live
TE,00-0037755,Jelani Woods,NYJ,DET,2026_03_NYJ_DET,2026,3,NA,NA,12,17,4.3656775265354435,0.7004745383948698,-2.6838023586462203,4.778484809176213,-4.015643338529843,5.893631198898351,NA,NA,NA,NA,NA,0.1745,0.049,0.1491095749697404,0.05284123879349835,platt_vol_vegas,platt,0.1491095749697404,0.05284123879349835,NA,NA,NA,2026-09-27 13:00:00,2026-09-26 15:09:07,2026-09-26 15:08:57,live
TE,00-0039530,Brevyn Spann-Ford,DAL,BAL,2026_03_BAL_DAL,2026,3,NA,NA,12,17,3.842892759786337,0.5201278072651088,-2.643201022602816,4.331898489900094,-3.888090579999531,5.374240718816223,NA,NA,NA,NA,NA,0.12,0.03,0.14857021602947235,0.0321362711903902,platt_vol_vegas,platt,0.14857021602947235,0.0321362711903902,NA,NA,NA,2026-09-27 16:25:00,2026-09-26 15:09:07,2026-09-26 15:08:57,live
TE,00-0036422,Adam Trautman,DEN,LA,2026_03_LA_DEN,2026,3,NA,NA,12,17,4.334499631937842,0.9111956467796856,-2.4602661542891577,4.973763891218101,-3.787063909136466,6.084687604001514,NA,NA,NA,NA,NA,0.184,0.0465,0.14816084053798917,0.05011184657662508,platt_vol_vegas,platt,0.14816084053798917,0.05011184657662508,NA,NA,NA,2026-09-27 20:20:00,2026-09-26 15:09:07,2026-09-26 15:08:57,live
TE,00-0034959,Andrew Beck,NYJ,DET,2026_03_NYJ_DET,2026,3,NA,NA,12,17,4.339078311502737,0.904762158004424,-2.468584335978542,4.969601433240522,-3.796123788781984,6.081146167460082,NA,NA,NA,NA,NA,0.185,0.0475,0.14780257150728754,0.05120346723481726,platt_vol_vegas,platt,0.14780257150728754,0.05120346723481726,NA,NA,NA,2026-09-27 13:00:00,2026-09-26 15:09:07,2026-09-26 15:08:57,live
TE,00-0034613,Tanner Hudson,CIN,PIT,2026_03_CIN_PIT,2026,3,NA,NA,12,17,4.1848603614244935,0.8904308324274678,-2.4189113916996563,4.878145783092431,-3.721262743152386,5.968600596886465,NA,NA,NA,NA,NA,0.165,0.038,0.1463506217556386,0.04084186165655354,platt_vol_vegas,platt,0.1463506217556386,0.04084186165655354,NA,NA,NA,2026-09-27 13:00:00,2026-09-26 15:09:07,2026-09-26 15:08:57,live
TE,00-0041133,Dallen Bentley,DEN,LA,2026_03_LA_DEN,2026,3,NA,NA,12,17,4.3174496491356615,0.6100847158777326,-2.754350653529761,4.664186200250806,-4.078383241721492,5.77279464742855,NA,NA,NA,NA,NA,0.164,0.044,0.14617700795828503,0.04738365680131323,platt_vol_vegas,platt,0.14617700795828503,0.04738365680131323,NA,NA,NA,2026-09-27 20:20:00,2026-09-26 15:09:07,2026-09-26 15:08:57,live
TE,00-0040081,Jake Briningstool,KC,MIA,2026_03_KC_MIA,2026,3,NA,NA,12,17,3.795233749125699,1.2772185462271604,-1.8652829580288453,5.0638925685290115,-3.101976174938295,6.099372026557804,NA,NA,NA,NA,NA,0.18,0.0385,0.14577888135076342,0.04138665329369701,platt_vol_vegas,platt,0.14577888135076342,0.04138665329369701,NA,NA,NA,2026-09-27 13:00:00,2026-09-26 15:09:07,2026-09-26 15:08:57,live
TE,00-0038547,Luke Schoonmaker,DAL,BAL,2026_03_BAL_DAL,2026,3,NA,NA,12,17,3.793437928648671,0.724501057594105,-2.417213260870642,4.510226531110076,-3.653596690393457,5.545446605105036,NA,NA,NA,NA,NA,0.1275,0.033,0.1457636365913561,0.03539820271580311,platt_vol_vegas,platt,0.1457636365913561,0.03539820271580311,NA,NA,NA,2026-09-27 16:25:00,2026-09-26 15:09:07,2026-09-26 15:08:57,live
TE,00-0036290,Cole Kmet,CHI,PHI,2026_03_PHI_CHI,2026,3,NA,NA,12,17,4.491637969354696,0.5793604265503757,-2.85625693262084,4.719235295957311,-4.208302326466821,5.851298779857273,NA,NA,NA,NA,NA,0.1785,0.0535,0.14540973358906095,0.05775674085216733,platt_vol_vegas,platt,0.14540973358906095,0.05775674085216733,NA,NA,NA,2026-09-28 20:15:00,2026-09-26 15:09:07,2026-09-26 15:08:57,live
TE,00-0039050,Payne Durham,TB,MIN,2026_03_MIN_TB,2026,3,NA,NA,12,17,4.356239348821847,0.8572198867823366,-2.523182181511202,4.930561038602448,-3.8534982697051015,6.044430641164409,NA,NA,NA,NA,NA,0.1765,0.0435,0.14523707789469908,0.04683817634331945,platt_vol_vegas,platt,0.14523707789469908,0.04683817634331945,NA,NA,NA,2026-09-27 16:05:00,2026-09-26 15:09:07,2026-09-26 15:08:57,live
TE,00-0041503,Nate Boerkircher,JAX,NE,2026_03_NE_JAX,2026,3,NA,NA,12,17,3.9162768944198847,0.8170973465602611,-2.3780646094228546,4.667226538028353,-3.6354817061338274,5.720058037397488,NA,NA,NA,NA,NA,0.1505,0.0335,0.14406951716150143,0.03594219152108819,platt_vol_vegas,platt,0.14406951716150143,0.03594219152108819,NA,NA,NA,2026-09-27 13:00:00,2026-09-26 15:09:07,2026-09-26 15:08:57,live
TE,00-0037252,Greg Dulcich,MIA,KC,2026_03_KC_MIA,2026,3,NA,NA,12,17,4.710996775945856,0.437387676975896,-3.0860472081450605,4.683081539234971,-4.472652120425871,5.84408160249781,NA,NA,NA,NA,NA,0.181,0.047,0.1440161042133291,0.05065763345601485,platt_vol_vegas,platt,0.1440161042133291,0.05065763345601485,NA,NA,NA,2026-09-27 13:00:00,2026-09-26 15:09:07,2026-09-26 15:08:57,live
TE,00-0041558,Sam Roush,CHI,PHI,2026_03_PHI_CHI,2026,3,NA,NA,12,17,4.458649959065384,0.8305002037981457,-2.5917377183608066,4.954253023144407,-3.938517797623255,6.081907875205234,NA,NA,NA,NA,NA,0.188,0.0515,0.1436717642542775,0.05557169491281011,platt_vol_vegas,platt,0.1436717642542775,0.05557169491281011,NA,NA,NA,2026-09-28 20:15:00,2026-09-26 15:09:07,2026-09-26 15:08:57,live
TE,00-0040225,Thomas Fidone II,NYG,TEN,2026_03_TEN_NYG,2026,3,NA,NA,12,17,4.470143088491314,0.6433387902313743,-2.783565842979935,4.772714936563355,-4.132182449574481,5.901907507357087,NA,NA,NA,NA,NA,0.1855,0.047,0.14310134523515472,0.05065763345601485,platt_vol_vegas,platt,0.14310134523515472,0.05065763345601485,NA,NA,NA,2026-09-27 13:00:00,2026-09-26 15:09:07,2026-09-26 15:08:57,live
TE,00-0035249,Josh Oliver,MIN,TB,2026_03_MIN_TB,2026,3,NA,NA,12,17,4.199802393138056,0.7490345039799933,-2.5665570711979964,4.7442798425376935,-3.871367778690564,5.836793867641704,NA,NA,NA,NA,NA,0.147,0.038,0.14294469285086495,0.04084186165655354,platt_vol_vegas,platt,0.14294469285086495,0.04084186165655354,NA,NA,NA,2026-09-27 16:05:00,2026-09-26 15:09:07,2026-09-26 15:08:57,live
TE,00-0039814,Erick All,CIN,PIT,2026_03_CIN_PIT,2026,3,NA,NA,12,17,4.111593927985306,0.6010153807834907,-2.677530732414934,4.5516214126193955,-3.9677626492576463,5.631928660784373,NA,NA,NA,NA,NA,0.1715,0.0485,0.14192095695030207,0.05229527099915489,platt_vol_vegas,platt,0.14192095695030207,0.05229527099915489,NA,NA,NA,2026-09-27 13:00:00,2026-09-26 15:09:07,2026-09-26 15:08:57,live
TE,00-0033110,Tyler Higbee,LA,DEN,2026_03_LA_DEN,2026,3,NA,NA,12,17,3.99185153173993,1.155363601667534,-2.0722895947070015,5.044644321233838,-3.3424932235951657,6.108181944990066,NA,NA,NA,NA,NA,0.188,0.046,0.14143067797720896,0.04956610774783282,platt_vol_vegas,platt,0.14143067797720896,0.04956610774783282,NA,NA,NA,2026-09-27 20:20:00,2026-09-26 15:09:07,2026-09-26 15:08:57,live
TE,00-0037311,Ko Kieft,TB,MIN,2026_03_MIN_TB,2026,3,NA,NA,12,17,4.252322181364056,1.0181665942023157,-2.3193082375113043,5.039780976318026,-3.632730834253519,6.139505710020498,NA,NA,NA,NA,NA,0.1945,0.051,0.1393446453902554,0.05502552478614835,platt_vol_vegas,platt,0.1393446453902554,0.05502552478614835,NA,NA,NA,2026-09-27 16:05:00,2026-09-26 15:09:07,2026-09-26 15:08:57,live
TE,00-0041094,Bauer Sharp,TB,MIN,2026_03_MIN_TB,2026,3,NA,NA,12,17,4.252322181364056,1.0181665942023157,-2.3193082375113043,5.039780976318026,-3.632730834253519,6.139505710020498,NA,NA,NA,NA,NA,0.18,0.052,0.13877826140026422,0.05611790252579439,platt_vol_vegas,platt,0.13877826140026422,0.05611790252579439,NA,NA,NA,2026-09-27 16:05:00,2026-09-26 15:09:07,2026-09-26 15:08:57,live
TE,00-0041041,Oscar Delp,NO,LV,2026_03_LV_NO,2026,3,NA,NA,12,17,3.999012854809767,0.8036425313016207,-2.427074402301077,4.696615014947378,-3.6984837276840024,5.761162164700734,NA,NA,NA,NA,NA,0.162,0.038,0.1376308046002705,0.04084186165655354,platt_vol_vegas,platt,0.1376308046002705,0.04084186165655354,NA,NA,NA,2026-09-27 16:25:00,2026-09-26 15:09:07,2026-09-26 15:08:57,live
TE,00-0033217,Mo Alie-Cox,IND,HOU,2026_03_HOU_IND,2026,3,NA,NA,12,17,4.252322181364056,0.5311646915731191,-2.8063101401405004,4.552779073688829,-4.119732736882716,5.652503807391302,NA,NA,NA,NA,NA,0.153,0.039,0.1376260592971948,0.04193151520405128,platt_vol_vegas,platt,0.1376260592971948,0.04193151520405128,NA,NA,NA,2026-09-27 13:00:00,2026-09-26 15:09:07,2026-09-26 15:08:57,live
TE,00-0039041,Elijah Higgins,ARI,SF,2026_03_ARI_SF,2026,3,NA,NA,12,17,4.379069369972362,0.5731705450335743,-2.8165975921451953,4.657797689777081,-4.150599582746393,5.7747534871809565,NA,NA,NA,NA,NA,0.169,0.044,0.13704919285607928,0.04738365680131323,platt_vol_vegas,platt,0.13704919285607928,0.04738365680131323,NA,NA,NA,2026-09-27 16:05:00,2026-09-26 15:09:07,2026-09-26 15:08:57,live
TE,00-0040739,Elijah Arroyo,SEA,WAS,2026_03_SEA_WAS,2026,3,NA,NA,12,17,4.023381069426629,1.4787442454056468,-1.7623785351650936,5.384255641233489,-3.037882954963772,6.4522316010492125,NA,NA,NA,NA,NA,0.207,0.053,0.13657903546871347,0.05721042642175668,platt_vol_vegas,platt,0.13657903546871347,0.05721042642175668,NA,NA,NA,2026-09-27 13:00:00,2026-09-26 15:09:07,2026-09-26 15:08:57,live
TE,00-0037304,Connor Heyward,LV,NO,2026_03_LV_NO,2026,3,NA,NA,12,17,4.252322181364056,0.6104151494553338,-2.727059682258286,4.632029531571044,-4.040482279000501,5.7317542652735165,NA,NA,NA,NA,NA,0.159,0.037,0.13566694220780667,0.03975249597058656,platt_vol_vegas,platt,0.13566694220780667,0.03975249597058656,NA,NA,NA,2026-09-27 16:25:00,2026-09-26 15:09:07,2026-09-26 15:08:57,live
TE,00-0036590,Quintin Morris,JAX,NE,2026_03_NE_JAX,2026,3,NA,NA,12,17,3.77363846947141,0.8787099587400513,-2.254313744669756,4.653963352538067,-3.4872770884186552,5.6863197991473795,NA,NA,NA,NA,NA,0.144,0.0385,0.1348355297192901,0.04138665329369701,platt_vol_vegas,platt,0.1348355297192901,0.04138665329369701,NA,NA,NA,2026-09-27 13:00:00,2026-09-26 15:09:07,2026-09-26 15:08:57,live
TE,00-0037004,Hunter Long,ARI,SF,2026_03_ARI_SF,2026,3,NA,NA,12,17,4.323565674026501,0.7919389472373117,-2.575018383607428,4.849079362807947,-3.9000434590258246,5.9585188165130285,NA,NA,NA,NA,NA,0.1865,0.0415,0.13435119479144417,0.04465682277974643,platt_vol_vegas,platt,0.13435119479144417,0.04465682277974643,NA,NA,NA,2026-09-27 16:05:00,2026-09-26 15:09:07,2026-09-26 15:08:57,live
TE,00-0036187,Reggie Gilliam,NE,JAX,2026_03_NE_JAX,2026,3,NA,Limited Participation in Practice,12,17,4.02305373130868,0.909825597757949,-2.331157597988341,4.815168795661959,-3.606607085878364,5.883098761158134,NA,NA,NA,NA,NA,0.1695,0.035,0.1339073830091833,0.03757468480989566,platt_vol_vegas,platt,0.1339073830091833,0.03757468480989566,NA,NA,NA,2026-09-27 13:00:00,2026-09-26 15:09:07,2026-09-26 15:08:57,live
TE,00-0041131,Carsen Ryan,CLE,CAR,2026_03_CAR_CLE,2026,3,NA,NA,12,17,4.2185185960418,1.109585350090777,-2.213819339712453,5.114245391599166,-3.5217048033656413,6.209333900657027,NA,NA,NA,NA,NA,0.187,0.0495,0.1328783784953045,0.05338724910356462,platt_vol_vegas,platt,0.1328783784953045,0.05338724910356462,NA,NA,NA,2026-09-27 13:00:00,2026-09-26 15:09:07,2026-09-26 15:08:57,live
TE,00-0033757,Robert Tonyan,PIT,CIN,2026_03_CIN_PIT,2026,3,NA,NA,12,17,4.269345175288143,1.050179085185739,-2.294361333358788,5.080307408844096,-3.610564505796968,6.182360310094751,NA,NA,NA,NA,NA,0.1885,0.046,0.13196415985851773,0.04956610774783282,platt_vol_vegas,platt,0.13196415985851773,0.04956610774783282,NA,NA,NA,2026-09-27 13:00:00,2026-09-26 15:09:07,2026-09-26 15:08:57,live
TE,00-0038488,Brady Russell,SEA,WAS,2026_03_SEA_WAS,2026,3,NA,Full Participation in Practice,12,17,3.956770569703043,1.3272775544492923,-1.885329882589801,5.198428326919577,-3.1496124360263886,6.257008252262233,NA,NA,NA,NA,NA,0.18,0.05,0.13154785134867616,0.05393330088542496,platt_vol_vegas,platt,0.13154785134867616,0.05393330088542496,NA,NA,NA,2026-09-27 13:00:00,2026-09-26 15:09:07,2026-09-26 15:08:57,live
TE,00-0037809,Chig Okonkwo,WAS,SEA,2026_03_SEA_WAS,2026,3,Out,Did Not Participate In Practice,12,17,4.668060758216999,0.0767013500784309,-3.4296986634679496,4.301868410495937,-4.809599709386669,5.4572553469037075,NA,NA,NA,NA,NA,0.165,0.04,0.1311624411139804,0.04302144332118553,platt_vol_vegas,platt,0.1311624411139804,0.04302144332118553,NA,NA,NA,2026-09-27 13:00:00,2026-09-26 15:09:07,2026-09-26 15:08:57,live
TE,00-0031484,Chris Manhertz,NYG,TEN,2026_03_TEN_NYG,2026,3,NA,NA,12,17,4.2876250296245315,0.8499975750645119,-2.502115355961573,4.889250679175205,-3.821298598515304,5.99379878404301,NA,NA,NA,NA,NA,0.1685,0.045,0.1311572697884352,0.04847477896508845,platt_vol_vegas,platt,0.1311572697884352,0.04847477896508845,NA,NA,NA,2026-09-27 13:00:00,2026-09-26 15:09:07,2026-09-26 15:08:57,live
TE,00-0039074,Davis Allen,LA,DEN,2026_03_LA_DEN,2026,3,NA,NA,12,17,3.844657914996746,0.702993504272077,-2.4611043693138166,4.515690874727228,-3.706296574505046,5.558286509718487,NA,NA,NA,NA,NA,0.1315,0.03,0.12995984847111064,0.0321362711903902,platt_vol_vegas,platt,0.12995984847111064,0.0321362711903902,NA,NA,NA,2026-09-27 20:20:00,2026-09-26 15:09:07,2026-09-26 15:08:57,live
TE,00-0041472,Marlin Klein,HOU,IND,2026_03_HOU_IND,2026,3,NA,NA,12,17,3.963052742313574,0.9811324841065528,-2.2341738944619074,4.855535446516324,-3.4995185834862372,5.91500469474659,NA,NA,NA,NA,NA,0.155,0.034,0.12881950616874044,0.03648626955092363,platt_vol_vegas,platt,0.12881950616874044,0.03648626955092363,NA,NA,NA,2026-09-27 13:00:00,2026-09-26 15:09:07,2026-09-26 15:08:57,live
TE,00-0036628,John Bates,WAS,SEA,2026_03_SEA_WAS,2026,3,NA,NA,12,17,4.612274829709758,0.4881772444309425,-2.9959791480742606,4.686541026681524,-4.367126487678481,5.83459851149504,NA,NA,NA,NA,NA,0.1765,0.046,0.12833226460291605,0.04956610774783282,platt_vol_vegas,platt,0.12833226460291605,0.04956610774783282,NA,NA,NA,2026-09-27 13:00:00,2026-09-26 15:09:07,2026-09-26 15:08:57,live
TE,00-0033246,Johnny Mundt,PHI,CHI,2026_03_PHI_CHI,2026,3,NA,NA,12,17,3.86792032467146,0.7558892962236597,-2.4183280736070167,4.580780529910699,-3.6675026833722817,5.626710620103612,NA,NA,NA,NA,NA,0.1595,0.036,0.12665745151278524,0.03866343211875167,platt_vol_vegas,platt,0.12665745151278524,0.03866343211875167,NA,NA,NA,2026-09-28 20:15:00,2026-09-26 15:09:07,2026-09-26 15:08:57,live
TE,00-0041579,Seydou Traore,MIA,KC,2026_03_KC_MIA,2026,3,NA,Full Participation in Practice,12,17,4.423193588398047,0.28117760226345,-3.1266276969549,4.3875392960083905,-4.46772799313095,5.510438483016957,NA,NA,NA,NA,NA,0.162,0.0415,0.12574798386908215,0.04465682277974643,platt_vol_vegas,platt,0.12574798386908215,0.04465682277974643,NA,NA,NA,2026-09-27 13:00:00,2026-09-26 15:09:07,2026-09-26 15:08:57,live
TE,00-0036876,Kylen Granson,TEN,NYG,2026_03_TEN_NYG,2026,3,NA,NA,12,17,4.423193588398047,0.3888299922143297,-3.0189753070040206,4.49519168595927,-4.3600756031800705,5.618090872967836,NA,NA,NA,NA,NA,0.161,0.041,0.1250104370201252,0.04411163334672653,platt_vol_vegas,platt,0.1250104370201252,0.04411163334672653,NA,NA,NA,2026-09-27 13:00:00,2026-09-26 15:09:07,2026-09-26 15:08:57,live
TE,00-0033576,Eric Saubert,SEA,WAS,2026_03_SEA_WAS,2026,3,NA,NA,12,17,3.856534109232652,1.0968044393025504,-2.0724633461932203,4.915731487325145,-3.3196901072891336,5.960030649769055,NA,NA,NA,NA,NA,0.1595,0.035,0.1248969644619274,0.03757468480989566,platt_vol_vegas,platt,0.1248969644619274,0.03757468480989566,NA,NA,NA,2026-09-27 13:00:00,2026-09-26 15:09:07,2026-09-26 15:08:57,live
TE,00-0041077,Justin Joly,MIA,KC,2026_03_KC_MIA,2026,3,NA,NA,12,17,4.400641983354807,0.0900289864735634,-3.308568269395227,4.185295106039531,-4.646044852190079,5.3051601688880305,NA,NA,NA,NA,NA,0.1335,0.032,0.123238287469607,0.03431050162284035,platt_vol_vegas,platt,0.123238287469607,0.03431050162284035,NA,NA,NA,2026-09-27 13:00:00,2026-09-26 15:09:07,2026-09-26 15:08:57,live
TE,00-0039359,Cade Stover,HOU,IND,2026_03_HOU_IND,2026,3,NA,NA,12,17,3.8547410033012985,1.038630996226709,-2.129856700136511,4.856618046846181,-3.376776466649446,5.9006601636622404,NA,NA,NA,NA,NA,0.1495,0.038,0.1223837128850196,0.04084186165655354,platt_vol_vegas,platt,0.1223837128850196,0.04084186165655354,NA,NA,NA,2026-09-27 13:00:00,2026-09-26 15:09:07,2026-09-26 15:08:57,live
TE,00-0040187,Mitchell Evans,CAR,CLE,2026_03_CAR_CLE,2026,3,NA,NA,12,17,3.821952188335683,0.6320249582168919,-2.5221677545516035,4.432786736882137,-3.7634619042673823,5.472118541914685,NA,NA,NA,NA,NA,0.1515,0.0365,0.12216255687694154,0.03920792541404707,platt_vol_vegas,platt,0.12216255687694154,0.03920792541404707,NA,NA,NA,2026-09-27 13:00:00,2026-09-26 15:09:07,2026-09-26 15:08:57,live
TE,00-0034981,Foster Moreau,HOU,IND,2026_03_HOU_IND,2026,3,NA,NA,12,17,3.778925844044307,0.5980914212373623,-2.537255175862807,4.3761438721502115,-3.77113266614961,5.409265730867139,NA,NA,NA,NA,NA,0.1355,0.029,0.1176074894563814,0.03104978204797369,platt_vol_vegas,platt,0.1176074894563814,0.03104978204797369,NA,NA,NA,2026-09-27 13:00:00,2026-09-26 15:09:07,2026-09-26 15:08:57,live
TE,00-0037805,Jeremy Ruckert,NYJ,DET,2026_03_NYJ_DET,2026,3,NA,NA,12,17,3.8795911964144096,0.47443162449691567,-2.704851957744356,4.305427579184305,-3.956020313738579,5.353027027012871,NA,NA,NA,NA,NA,0.1185,0.0275,0.1173659810114108,0.02942089259379163,platt_vol_vegas,platt,0.1173659810114108,0.02942089259379163,NA,NA,NA,2026-09-27 13:00:00,2026-09-26 15:09:07,2026-09-26 15:08:57,live
TE,00-0039648,David Martin-Robinson,TEN,NYG,2026_03_TEN_NYG,2026,3,NA,NA,12,17,4.2185185960418,0.39050367035922046,-2.9329010194440093,4.3951637118676095,-4.240786483097198,5.490252220925471,NA,NA,NA,NA,NA,0.138,0.0335,0.11288874494092968,0.03594219152108819,platt_vol_vegas,platt,0.11288874494092968,0.03594219152108819,NA,NA,NA,2026-09-27 13:00:00,2026-09-26 15:09:07,2026-09-26 15:08:57,live
TE,00-0038558,Darnell Washington,PIT,CIN,2026_03_CIN_PIT,2026,3,NA,NA,12,17,3.964939575998144,0.4093539492943659,-2.806762655827998,4.284733224313595,-4.072426199650652,5.344469448693843,NA,NA,NA,NA,NA,0.13,0.031,0.1126075151745661,0.03322318462151312,platt_vol_vegas,platt,0.1126075151745661,0.03322318462151312,NA,NA,NA,2026-09-27 13:00:00,2026-09-26 15:09:07,2026-09-26 15:08:57,live
TE,00-0037292,Andrew Ogletree,IND,HOU,2026_03_HOU_IND,2026,3,NA,NA,12,17,3.81006663881842,1.0602036328212734,-2.0887930764221414,4.854704293857279,-3.328042402195657,5.892323974040632,NA,NA,NA,NA,NA,0.131,0.0325,0.111569412145881,0.03485430532996696,platt_vol_vegas,platt,0.111569412145881,0.03485430532996696,NA,NA,NA,2026-09-27 13:00:00,2026-09-26 15:09:07,2026-09-26 15:08:57,live
TE,00-0034365,Ian Thomas,LV,NO,2026_03_LV_NO,2026,3,NA,NA,12,17,3.778210755201611,0.6307124781696741,-2.5043200496035936,4.408386479570322,-3.738073941729603,5.441404849924248,NA,NA,NA,NA,NA,0.1365,0.035,0.10832767830289816,0.03757468480989566,platt_vol_vegas,platt,0.10832767830289816,0.03757468480989566,NA,NA,NA,2026-09-27 16:25:00,2026-09-26 15:09:07,2026-09-26 15:08:57,live
TE,00-0038710,Blake Whiteheart,CLE,CAR,2026_03_CAR_CLE,2026,3,NA,NA,12,17,3.77363846947141,0.7096718697520615,-2.4233518336577453,4.484925263550077,-3.656315177406645,5.51728171015939,NA,NA,NA,NA,NA,0.14,0.028,0.10669502365520551,0.02996373927867712,platt_vol_vegas,platt,0.10669502365520551,0.02996373927867712,NA,NA,NA,2026-09-27 13:00:00,2026-09-26 15:09:07,2026-09-26 15:08:57,live
TE,00-0041524,Will Kacmarek,MIA,KC,2026_03_KC_MIA,2026,3,NA,NA,12,17,3.892924766970076,0.6098496021697949,-2.575213183042983,4.447809422342109,-3.828655874022989,5.497313163916492,NA,NA,NA,NA,NA,0.1265,0.0325,0.0970871994648706,0.03485430532996696,platt_vol_vegas,platt,0.0970871994648706,0.03485430532996696,NA,NA,NA,2026-09-27 13:00:00,2026-09-26 15:09:07,2026-09-26 15:08:57,live
TE,00-0038115,Daniel Bellinger,TEN,NYG,2026_03_TEN_NYG,2026,3,NA,Limited Participation in Practice,12,17,3.857673056913974,0.26648256822672434,-2.9032806267875646,4.086006578367438,-4.150702350269435,5.130468982222384,NA,NA,NA,NA,NA,0.1235,0.0285,0.09482247148921902,0.03050670342925691,platt_vol_vegas,platt,0.09482247148921902,0.03050670342925691,NA,NA,NA,2026-09-27 13:00:00,2026-09-26 15:09:07,2026-09-26 15:08:57,live
TE,00-0039912,Ben Sinnott,WAS,SEA,2026_03_SEA_WAS,2026,3,NA,NA,12,17,3.880649458851418,0.13527413873482863,-3.044468470050637,3.966823214522747,-4.29581747035412,5.014573915280408,NA,NA,NA,NA,NA,0.1135,0.026,0.08923770275581744,0.02779308891056006,platt_vol_vegas,platt,0.08923770275581744,0.02779308891056006,NA,NA,NA,2026-09-27 13:00:00,2026-09-26 15:09:07,2026-09-26 15:08:57,live
TE,00-0039686,Colson Yankoff,WAS,SEA,2026_03_SEA_WAS,2026,3,NA,NA,12,17,3.795233749125699,0.6071710377422258,-2.5353304665137797,4.393845060044077,-3.7720236834232295,5.429324518072869,NA,NA,NA,NA,NA,0.125,0.024,0.08610930029167903,0.02562453010478809,platt_vol_vegas,platt,0.08610930029167903,0.02562453010478809,NA,NA,NA,2026-09-27 13:00:00,2026-09-26 15:09:07,2026-09-26 15:08:57,live
TE,00-0039489,Hayden Rucci,LAC,BUF,2026_03_LAC_BUF,2026,3,NA,NA,12,17,4.462294658333395,0.8077976266551518,-2.615920814531441,4.933334452447836,-3.963283534036546,6.061477147406516,NA,NA,NA,NA,NA,0.186,0.0495,0.07778020419714986,0,platt_vol_vegas,platt,0.16278020419714986,0.05338724910356462,role_change_down,0.85,"Both Njoku and Kolar placed on IR, reducing TE opportunity depth for the Chargers and potentially eliminating their fantasy relevance for the near term.",2026-09-27 13:00:00,2026-09-26 15:09:07,2026-09-26 15:08:57,live
WR,00-0038543,Jaxon Smith-Njigba,SEA,WAS,2026_03_SEA_WAS,2026,3,NA,NA,15,20,8.947016229310924,NA,NA,NA,NA,NA,18.840660908330783,8.651155445247971,30.735732173431096,7.0746578072811666,35.640601975346065,0.5818941880573175,0.3618440415319566,0.685582244840653,0.4567577815868445,platt,platt,0.600582244840653,0.37175778158684447,role_change_up,0.85,"Drew Lock's preference for targeting JSN (155 yards, 3 TDs in one game) combined with potential continued starts suggests increased target share and usage opportunity.",2026-09-27 13:00:00,2026-09-26 15:09:07,2026-09-26 15:08:57,live
WR,00-0036963,Amon-Ra St. Brown,DET,NYJ,2026_03_NYJ_DET,2026,3,NA,NA,15,20,10.08692888558394,NA,NA,NA,NA,NA,20.641107767418752,9.390056347364396,33.775411383402485,7.649318678336014,39.19127209911194,0.648978681565151,0.4314841638425718,0.6697233013443916,0.44338887438735497,platt,platt,0.6697233013443916,0.44338887438735497,NA,NA,NA,2026-09-27 13:00:00,2026-09-26 15:09:07,2026-09-26 15:08:57,live
WR,00-0039075,Puka Nacua,LA,DEN,2026_03_LA_DEN,2026,3,Doubtful,Did Not Participate In Practice,15,20,8.964284578198074,NA,NA,NA,NA,NA,17.30408746873495,7.0983321993248065,29.21812850670676,5.519320427439997,34.13082039425981,0.5004196126556251,0.30051598391528633,0.5153940480914975,0.3084078729899792,platt,platt,0.5153940480914975,0.3084078729899792,NA,NA,NA,2026-09-27 20:20:00,2026-09-26 15:09:07,2026-09-26 15:08:57,live
WR,00-0036358,CeeDee Lamb,DAL,BAL,2026_03_BAL_DAL,2026,3,NA,NA,15,20,8.056073389084935,NA,NA,NA,NA,NA,16.55405537136147,7.210628590013139,27.461427454045435,5.765034365182631,31.95902471549033,0.4760773995701548,0.27019526575584896,0.4897494921911196,0.2770247244658585,platt,platt,0.4897494921911196,0.2770247244658585,NA,NA,NA,2026-09-27 16:25:00,2026-09-26 15:09:07,2026-09-26 15:08:57,live
WR,00-0037247,George Pickens,DAL,BAL,2026_03_BAL_DAL,2026,3,NA,NA,15,20,7.252971258372925,NA,NA,NA,NA,NA,16.19854982358214,7.631806406942676,26.1992337448924,6.306378906036883,30.3229629324634,0.4653031611374005,0.24859285198633208,0.4783770382226376,0.25465001115497893,platt,platt,0.4783770382226376,0.25465001115497893,NA,NA,NA,2026-09-27 16:25:00,2026-09-26 15:09:07,2026-09-26 15:08:57,live
WR,00-0037239,Chris Olave,NO,LV,2026_03_LV_NO,2026,3,NA,NA,15,20,9.634132918712194,NA,NA,NA,NA,NA,16.479312819736933,5.6472971194723005,29.124440609908476,3.971391725657435,34.33859225785534,0.46394154615038097,0.282817157068427,0.47693896229888544,0.2900925944719258,platt,platt,0.47693896229888544,0.2900925944719258,NA,NA,NA,2026-09-27 16:25:00,2026-09-26 15:09:07,2026-09-26 15:08:57,live
WR,00-0036322,Justin Jefferson,MIN,TB,2026_03_MIN_TB,2026,3,NA,NA,15,20,9.10350108738768,NA,NA,NA,NA,NA,15.8678194088799,5.5312564769852255,27.93456329125492,3.9320064342950296,32.910221390063654,0.44248493989168247,0.26127185282561305,0.45425449065229306,0.2677834544057084,platt,platt,0.45425449065229306,0.2677834544057084,NA,NA,NA,2026-09-27 16:05:00,2026-09-26 15:09:07,2026-09-26 15:08:57,live
WR,00-0035719,Deebo Samuel Sr.,SF,ARI,2026_03_ARI_SF,2026,3,NA,NA,15,20,7.111659724158265,NA,NA,NA,NA,NA,13.944547754803729,5.515973797046547,23.783934784324707,4.2119235677224065,27.841154050597368,0.35717634025366296,0.1808789404675959,0.4487928388412832,0.269503386123807,platt,platt,0.3637928388412832,0.18450338612380696,role_change_up,0.85,Robinson's absence and Evans' uncertainty to play increases target/snap opportunity for Deebo Samuel Jr. and George Kittle against Arizona.,2026-09-27 16:05:00,2026-09-26 15:09:07,2026-09-26 15:08:57,live
WR,00-0036912,DeVonta Smith,PHI,CHI,2026_03_PHI_CHI,2026,3,NA,Limited Participation in Practice,15,20,8.62929764499155,NA,NA,NA,NA,NA,15.29790633107553,5.40836417008552,26.84280507129364,3.878276187517532,31.60328308231667,0.42053052819121184,0.23944972878461956,0.4310056136157884,0.24517771153289789,platt,platt,0.4310056136157884,0.24517771153289789,NA,NA,NA,2026-09-28 20:15:00,2026-09-26 15:09:07,2026-09-26 15:08:57,live
WR,00-0039064,Zay Flowers,BAL,DAL,2026_03_BAL_DAL,2026,3,Questionable,Limited Participation in Practice,15,20,8.530780252405064,NA,NA,NA,NA,NA,17.191911639283564,7.395768195125857,28.62777816034105,5.880130654437382,33.343297311742475,0.4994973430097327,0.29387949500002775,0.42942378960348454,0.216541594980315,platt,platt,0.5144237896034846,0.301541594980315,role_change_down,0.85,Moore's activation combined with Flowers' hamstring injury creates a conditional opportunity shift in Ravens receiving snaps/targets if Flowers is unavailable.,2026-09-27 16:25:00,2026-09-26 15:09:07,2026-09-26 15:08:57,live
WR,00-0031408,Mike Evans,SF,ARI,2026_03_ARI_SF,2026,3,Questionable,Limited Participation in Practice,15,20,6.85498517176503,NA,NA,NA,NA,NA,13.57702756794059,5.400650096988697,23.122004314820707,4.1356191475690185,27.05782505623247,0.33726979879582575,0.16878891801744134,0.4146658630884936,0.24398883395604185,platt,platt,0.3426658630884936,0.17198883395604184,role_change_up,0.72,"If Evans is ruled out, Kittle and Samuel are explicitly noted to receive increased involvement, implying elevated targets/snaps in the passing game.",2026-09-27 16:05:00,2026-09-26 15:09:07,2026-09-26 15:08:57,live
WR,00-0037740,Garrett Wilson,NYJ,DET,2026_03_NYJ_DET,2026,3,NA,NA,15,20,9.545063271925406,NA,NA,NA,NA,NA,14.815219979662354,4.066031139346686,27.363656973079628,2.402940533211444,32.5379386817421,0.4012348947644256,0.23746627533585796,0.4105483534982875,0.2431227380388756,platt,platt,0.4105483534982875,0.2431227380388756,NA,NA,NA,2026-09-27 13:00:00,2026-09-26 15:09:07,2026-09-26 15:08:57,live
WR,00-0031381,Davante Adams,LA,DEN,2026_03_LA_DEN,2026,3,NA,NA,15,20,7.624262020780373,NA,NA,NA,NA,NA,14.825059088279668,5.89747709425251,25.246980390420127,4.516221450656179,29.544404586841868,0.40025390525357296,0.2094120030570027,0.4095078451147228,0.21405616470628988,platt,platt,0.4095078451147228,0.21405616470628988,NA,NA,NA,2026-09-27 20:20:00,2026-09-26 15:09:07,2026-09-26 15:08:57,live
WR,00-0036900,Ja'Marr Chase,CIN,PIT,2026_03_CIN_PIT,2026,3,NA,NA,15,20,9.048493572695309,NA,NA,NA,NA,NA,14.769163796518525,4.484244068217942,26.77562020082746,2.892984147205201,31.726419076516827,0.3990921793339638,0.22989855616428057,0.408275585644755,0.23528191667601153,platt,platt,0.408275585644755,0.23528191667601153,NA,NA,NA,2026-09-27 13:00:00,2026-09-26 15:09:07,2026-09-26 15:08:57,live
WR,00-0035640,DK Metcalf,PIT,CIN,2026_03_CIN_PIT,2026,3,NA,NA,15,20,8.672640190705398,NA,NA,NA,NA,NA,14.596748787498466,4.666174752659687,26.189547503367017,3.1297384097676098,30.969776816323783,0.39168489466627154,0.21966179668239272,0.4004174239395083,0.22467556131855967,platt,platt,0.4004174239395083,0.22467556131855967,NA,NA,NA,2026-09-27 13:00:00,2026-09-26 15:09:07,2026-09-26 15:08:57,live
WR,00-0038997,Josh Downs,IND,HOU,2026_03_HOU_IND,2026,3,NA,NA,15,20,7.099472824851852,NA,NA,NA,NA,NA,12.654767829113624,4.238131998183087,22.480218473803248,2.935928809307784,26.531691145407933,0.29618860711525774,0.15308811606165074,0.3841116599069821,0.24074733313870408,platt,platt,0.299111659906982,0.15574733313870406,role_change_up,0.85,Alec Pierce's heel injury creates expanded target opportunity for Downs as the Colts' top receiving option.,2026-09-27 13:00:00,2026-09-26 15:09:07,2026-09-26 15:08:57,live
WR,00-0035676,A.J. Brown,NE,JAX,2026_03_NE_JAX,2026,3,NA,NA,15,20,7.427278874097814,NA,NA,NA,NA,NA,12.151787490178338,3.4152537483339387,22.350682014128207,2.0635566656898554,26.55614229667455,0.2825330018128146,0.1484730825017594,0.3796590021968203,0.24597620596684855,platt,platt,0.2846590021968204,0.15097620596684855,role_change_up,0.95,A.J. Brown's six-week absence creates a significant opportunity vacuum that will increase target share and snaps for the named backup receivers.,2026-09-27 13:00:00,2026-09-26 15:09:07,2026-09-26 15:08:57,live
WR,00-0040124,Tetairoa McMillan,CAR,CLE,2026_03_CAR_CLE,2026,3,NA,NA,15,20,8.1922792334981,NA,NA,NA,NA,NA,13.995497801324651,4.521712291643393,25.05504864961859,3.055949254101632,29.615396021197164,0.36500391278202426,0.1961275124851023,0.3721013923463066,0.20029460535557933,platt,platt,0.3721013923463066,0.20029460535557933,NA,NA,NA,2026-09-27 13:00:00,2026-09-26 15:09:07,2026-09-26 15:08:57,live
WR,00-0041037,Denzel Boston,CLE,CAR,2026_03_CAR_CLE,2026,3,NA,NA,15,20,7.0601725798239094,NA,NA,NA,NA,NA,12.317092846489246,3.9389792934326806,22.097573179099932,2.6427361857700973,26.130502580069003,0.2842003147890515,0.14510417996496927,0.3714227350057367,0.2324942987644542,platt,platt,0.28642273500573673,0.1474942987644542,role_change_up,0.85,"Blurb explicitly states Boston is 'emerging as the clear WR1 on the Browns offense' with consecutive TD weeks, signaling a material role upgrade in target allocation and red-zone opportunity.",2026-09-27 13:00:00,2026-09-26 15:09:07,2026-09-26 15:08:57,live
WR,00-0035659,Terry McLaurin,WAS,SEA,2026_03_SEA_WAS,2026,3,NA,NA,15,20,7.562859964598778,NA,NA,NA,NA,NA,12.059133759759856,3.191010899229397,22.41164338801027,1.8189546406133008,26.680446047362068,0.2809156229513704,0.14899224037446446,0.35494834837943756,0.22351285056835707,platt,platt,0.28294834837943755,0.15151285056835706,role_change_up,0.72,"QB change from Daniels to Maroita could increase McLaurin's targets based on established rapport, suggesting improved opportunity despite this week's quiet performance.",2026-09-27 13:00:00,2026-09-26 15:09:07,2026-09-26 15:08:57,live
WR,00-0037240,Jameson Williams,DET,NYJ,2026_03_NYJ_DET,2026,3,NA,NA,15,20,6.359789357368793,NA,NA,NA,NA,NA,13.880231235007871,6.195124289940377,22.851706359359767,5.006101624383492,26.551046736173713,0.3488227678817357,0.16684990602366812,0.35492635224357566,0.16998233205643096,platt,platt,0.35492635224357566,0.16998233205643096,NA,NA,NA,2026-09-27 13:00:00,2026-09-26 15:09:07,2026-09-26 15:08:57,live
WR,00-0039424,Devaughn Vele,NO,LV,2026_03_LV_NO,2026,3,NA,NA,15,20,7.178006729443138,NA,NA,NA,NA,NA,13.76124506892853,5.267740554655026,23.67643102704743,3.953644413941888,27.764905581128932,0.3487652676626526,0.17798039184243286,0.354865324306304,0.1815025222144459,platt,platt,0.354865324306304,0.1815025222144459,NA,NA,NA,2026-09-27 16:25:00,2026-09-26 15:09:07,2026-09-26 15:08:57,live
WR,00-0038606,Parker Washington,JAX,NE,2026_03_NE_JAX,2026,3,NA,NA,15,20,7.4382775358743745,NA,NA,NA,NA,NA,13.654640372735305,4.907416360710961,23.866014552944677,3.554065303224924,28.076620755827378,0.3455202631130254,0.17962311211397364,0.3514213201151819,0.1832031906547004,platt,platt,0.3514213201151819,0.1832031906547004,NA,NA,NA,2026-09-27 13:00:00,2026-09-26 15:09:07,2026-09-26 15:08:57,live
WR,00-0036550,Rashod Bateman,BAL,DAL,2026_03_BAL_DAL,2026,3,NA,NA,15,20,6.6987971725679705,NA,NA,NA,NA,NA,11.757220301222327,3.7351062731211777,21.122112288056183,2.49394262071213,24.983676029938444,0.2599842316934924,0.12519958565058764,0.33583538826998666,0.20194115682375552,platt,platt,0.26083538826998665,0.1269411568237555,role_change_up,0.75,"Conditional opportunity increase: if Zay Flowers remains unavailable, Bateman becomes primary WR, expanding his role and target share.",2026-09-27 16:25:00,2026-09-26 15:09:07,2026-09-26 15:08:57,live
WR,00-0039491,Jalen Coker,CAR,CLE,2026_03_CAR_CLE,2026,3,Questionable,Limited Participation in Practice,15,20,6.715260609519961,NA,NA,NA,NA,NA,13.390852492853666,5.352448687598104,22.77476091388508,4.108764717073521,26.64416598195673,0.32660603561945145,0.16218729432474077,0.3313523037204352,0.16515820541570891,platt,platt,0.3313523037204352,0.16515820541570891,NA,NA,NA,2026-09-27 13:00:00,2026-09-26 15:09:07,2026-09-26 15:08:57,live
WR,00-0036410,Tee Higgins,CIN,PIT,2026_03_CIN_PIT,2026,3,NA,NA,15,20,7.082241947809135,NA,NA,NA,NA,NA,13.2109163432727,4.811165726830204,23.0166554494201,3.5115749808112717,27.06000017223068,0.32138179422150737,0.1647001413862473,0.3258113108904729,0.16775795894957837,platt,platt,0.3258113108904729,0.16775795894957837,NA,NA,NA,2026-09-27 13:00:00,2026-09-26 15:09:07,2026-09-26 15:08:57,live
WR,00-0036613,Jaylen Waddle,DEN,LA,2026_03_LA_DEN,2026,3,NA,NA,15,20,8.150155434757774,NA,NA,NA,NA,NA,12.990431402313392,3.5569209064393448,24.00296582167705,2.0973891295182483,28.543926217144723,0.3213687440195224,0.17644594567168848,0.3257974709634121,0.17991404025380958,platt,platt,0.3257974709634121,0.17991404025380958,NA,NA,NA,2026-09-27 20:20:00,2026-09-26 15:09:07,2026-09-26 15:08:57,live
WR,00-0036554,Nico Collins,HOU,IND,2026_03_HOU_IND,2026,3,Out,Did Not Participate In Practice,15,20,9.03136107936005,NA,NA,NA,NA,NA,14.739149054382692,4.4703250981113065,26.72681550308016,2.8815554791723237,31.66986643982877,0.39788580036065346,0.22882612953153436,0.32199590740872536,0.14917077042442217,platt,platt,0.4069959074087254,0.2341707704244222,role_change_down,0.85,"Collins ruled out with hamstring injury and Bond elevated to provide WR depth, likely increasing target share for other Texans receivers.",2026-09-27 13:00:00,2026-09-26 15:09:07,2026-09-26 15:08:57,live
WR,00-0041523,Caleb Douglas,MIA,KC,2026_03_KC_MIA,2026,3,Out,Did Not Participate In Practice,15,20,6.983186617917327,NA,NA,NA,NA,NA,10.802805024523416,2.5002616180534023,20.495065935453837,1.2157105555078402,24.49161852390128,0.2307811475637528,0.11074231299243752,0.31508207475170275,0.19703814282051577,platt,platt,0.23008207475170273,0.11203814282051572,role_change_up,0.85,Douglas' absence creates increased snap/target opportunity for fellow rookie receivers Bell and Coleman Jr.,2026-09-27 13:00:00,2026-09-26 15:09:07,2026-09-26 15:08:57,live
WR,00-0039410,Ryan Flournoy,DAL,BAL,2026_03_BAL_DAL,2026,3,NA,NA,15,20,6.64594407145931,NA,NA,NA,NA,NA,12.767839946233774,4.798068591891785,22.071627904336612,3.565003281629483,25.90799572274614,0.29577468385651384,0.1468286677599624,0.2986733446919684,0.14927652886599102,platt,platt,0.2986733446919684,0.14927652886599102,NA,NA,NA,2026-09-27 16:25:00,2026-09-26 15:09:07,2026-09-26 15:08:57,live
WR,00-0039067,Rashee Rice,KC,MIA,2026_03_KC_MIA,2026,3,NA,Full Participation in Practice,15,20,7.48087101504615,NA,NA,NA,NA,NA,12.499892264736651,3.711294895482713,22.75956506301984,2.351542644122887,26.990086945933783,0.29450814020700333,0.15656749951182913,0.2973322497060668,0.15934531829079132,platt,platt,0.2973322497060668,0.15934531829079132,NA,NA,NA,2026-09-27 13:00:00,2026-09-26 15:09:07,2026-09-26 15:08:57,live
WR,00-0039893,Brian Thomas Jr.,JAX,NE,2026_03_NE_JAX,2026,3,NA,NA,15,20,6.284089202431272,NA,NA,NA,NA,NA,12.738411835294642,5.1289794141247285,21.62154568950584,3.951664942710437,25.284459010229153,0.2908363873834291,0.1383904177584787,0.2934451107065883,0.14055791806185236,platt,platt,0.2934451107065883,0.14055791806185236,NA,NA,NA,2026-09-27 13:00:00,2026-09-26 15:09:07,2026-09-26 15:08:57,live
WR,00-0038618,Xavier Hutchinson,HOU,IND,2026_03_HOU_IND,2026,3,NA,NA,15,20,6.675181054582695,NA,NA,NA,NA,NA,10.301336948411985,2.302602072800802,19.638936473801728,1.0650555909022987,23.48924631337657,0.20717259917904796,0.0953112406372192,0.29032925349324806,0.1811618864317119,platt,platt,0.20532925349324807,0.09616188643171192,role_change_up,0.85,Collins sidelined creates elevated target opportunity for Hutchinson as primary pass-catcher in Houston offense.,2026-09-27 13:00:00,2026-09-26 15:09:07,2026-09-26 15:08:57,live
WR,00-0038393,Dontayvion Wicks,PHI,CHI,2026_03_PHI_CHI,2026,3,NA,NA,15,20,6.702578451540118,NA,NA,NA,NA,NA,12.296370575470725,4.270514539929634,21.665630923981595,3.028771932446494,25.528995936726037,0.2794042441493271,0.13738809370473637,0.2813500418936942,0.1395226730927203,platt,platt,0.2813500418936942,0.1395226730927203,NA,NA,NA,2026-09-28 20:15:00,2026-09-26 15:09:07,2026-09-26 15:08:57,live
WR,00-0039890,Adonai Mitchell,NYJ,DET,2026_03_NYJ_DET,2026,3,Questionable,Limited Participation in Practice,15,20,7.280130906806214,NA,NA,NA,NA,NA,12.01346657025353,3.4202211825286923,22.045088483193343,2.0906933555600773,26.18157478818666,0.27632559744074014,0.1428746711309259,0.27809504569436694,0.14519046852877646,platt,platt,0.27809504569436694,0.14519046852877646,NA,NA,NA,2026-09-27 13:00:00,2026-09-26 15:09:07,2026-09-26 15:08:57,live
WR,00-0038117,Wan'Dale Robinson,TEN,NYG,2026_03_TEN_NYG,2026,3,NA,NA,15,20,6.974959197500797,NA,NA,NA,NA,NA,12.0968997805725,3.8024410166685456,21.779722804666847,2.519140792051809,25.77238373033191,0.2756162896848423,0.13865540478533256,0.27734524804578087,0.14083162264516105,platt,platt,0.27734524804578087,0.14083162264516105,NA,NA,NA,2026-09-27 13:00:00,2026-09-26 15:09:07,2026-09-26 15:08:57,live
WR,00-0032464,Kalif Raymond,CHI,PHI,2026_03_PHI_CHI,2026,3,NA,NA,15,20,6.7073979174978815,NA,NA,NA,NA,NA,12.174640246644683,4.144015330198508,21.54946771305213,2.9015348920610897,25.41512829745361,0.27509209044673233,0.13475994667855506,0.27679116001740717,0.13680861714565476,platt,platt,0.27679116001740717,0.13680861714565476,NA,NA,NA,2026-09-28 20:15:00,2026-09-26 15:09:07,2026-09-26 15:08:57,live
WR,00-0038621,DeMario Douglas,NE,JAX,2026_03_NE_JAX,2026,3,NA,NA,15,20,6.047149136336139,NA,NA,NA,NA,NA,10.042125154238128,2.6705869641154436,18.647544958232125,1.5300789593830402,22.195944357338647,0.18914324640888236,0.08094274502880905,0.2715082405562274,0.16641474775240245,platt,platt,0.1865082405562274,0.08141474775240243,role_change_up,0.85,A.J. Brown's ankle injury creates a sustained opportunity increase for Douglas as the primary receiver in New England's offense.,2026-09-27 13:00:00,2026-09-26 15:09:07,2026-09-26 15:08:57,live
WR,00-0038559,Michael Wilson,ARI,SF,2026_03_ARI_SF,2026,3,NA,NA,15,20,6.96821632881652,NA,NA,NA,NA,NA,11.722714962311317,3.4348832863480663,21.3978016263222,2.152608390048094,25.38727250477322,0.26252014848651706,0.13038439069743635,0.26351170505833654,0.1322914148884247,platt,platt,0.26351170505833654,0.1322914148884247,NA,NA,NA,2026-09-27 16:05:00,2026-09-26 15:09:07,2026-09-26 15:08:57,live
WR,00-0040129,Emeka Egbuka,TB,MIN,2026_03_MIN_TB,2026,3,NA,NA,15,20,7.759826985172192,NA,NA,NA,NA,NA,11.321162852732842,2.262598573386244,21.895990851276313,0.8610776417276291,26.25646531624904,0.2594402609034171,0.13770706932591217,0.2602614085001785,0.13985211608980538,platt,platt,0.2602614085001785,0.13985211608980538,NA,NA,NA,2026-09-27 16:05:00,2026-09-26 15:09:07,2026-09-26 15:08:57,live
WR,00-0037261,Khalil Shakir,BUF,LAC,2026_03_LAC_BUF,2026,3,NA,NA,15,20,6.499811561042522,NA,NA,NA,NA,NA,11.722589538004437,3.897917870639777,20.856990363101417,2.6873020614468093,24.62351229198265,0.2557678780077085,0.119731301266642,0.25638745541013114,0.12130142041883096,platt,platt,0.25638745541013114,0.12130142041883096,NA,NA,NA,2026-09-27 13:00:00,2026-09-26 15:09:07,2026-09-26 15:08:57,live
WR,00-0038544,Quentin Johnston,LAC,BUF,2026_03_LAC_BUF,2026,3,NA,NA,15,20,7.387396637767164,NA,NA,NA,NA,NA,11.345450621728425,2.6477039447817834,21.499065725318346,1.3020079106102234,25.685855278062224,0.2553885017416443,0.13104987329968498,0.25598735920831805,0.13297832532759998,platt,platt,0.25598735920831805,0.13297832532759998,NA,NA,NA,2026-09-27 13:00:00,2026-09-26 15:09:07,2026-09-26 15:08:57,live
WR,00-0040727,Tre Harris,LAC,BUF,2026_03_LAC_BUF,2026,3,NA,NA,15,20,6.646635274004769,NA,NA,NA,NA,NA,11.622651078547564,3.652194731752859,20.927238686257596,2.4190234409807427,24.763936235958603,0.254361801155779,0.12095821387071436,0.2549046834814832,0.12256651536434744,platt,platt,0.2549046834814832,0.12256651536434744,NA,NA,NA,2026-09-27 13:00:00,2026-09-26 15:09:07,2026-09-26 15:08:57,live
WR,00-0035535,Darius Slayton,IND,HOU,2026_03_HOU_IND,2026,3,NA,NA,15,20,5.632487811421241,NA,NA,NA,NA,NA,9.3942158794923,2.442963660838351,17.509000333178534,1.3674813674804227,20.855088837306468,0.16502548269475625,0.06277743903443644,0.25346705356091975,0.15483536135741394,platt,platt,0.16146705356091973,0.06283536135741394,role_change_up,0.92,Slayton signing with Colts to replace injured Alec Pierce significantly increases his snap count and target share in the passing game.,2026-09-27 13:00:00,2026-09-26 15:09:07,2026-09-26 15:08:57,live
WR,00-0034348,Courtland Sutton,DEN,LA,2026_03_LA_DEN,2026,3,NA,NA,15,20,6.95808957927003,NA,NA,NA,NA,NA,11.276408652260248,2.998531932941562,20.939874053673343,1.7177972454076649,24.924552965880057,0.24684028966733595,0.120454865056011,0.2469776601315179,0.1220474814622496,platt,platt,0.2469776601315179,0.1220474814622496,NA,NA,NA,2026-09-27 20:20:00,2026-09-26 15:09:07,2026-09-26 15:08:57,live
WR,00-0031588,Stefon Diggs,WAS,SEA,2026_03_SEA_WAS,2026,3,NA,NA,15,20,6.731824881045123,NA,NA,NA,NA,NA,11.323927409610498,3.2691410512000143,20.726960570109213,2.0229224084633035,24.604251623476117,0.24494941206562393,0.11625933361608908,0.2449861492904468,0.11772234345539308,platt,platt,0.2449861492904468,0.11772234345539308,NA,NA,NA,2026-09-27 13:00:00,2026-09-26 15:09:07,2026-09-26 15:08:57,live
WR,00-0039894,Xavier Worthy,KC,MIA,2026_03_KC_MIA,2026,3,NA,NA,15,20,6.594532897975453,NA,NA,NA,NA,NA,11.262880868842233,3.344093558296712,20.50715084184371,2.11891638597303,24.31897673349312,0.24046749265829237,0.11153783661439098,0.24026791161268363,0.11285753422250829,platt,platt,0.24026791161268363,0.11285753422250829,NA,NA,NA,2026-09-27 13:00:00,2026-09-26 15:09:07,2026-09-26 15:08:57,live
WR,00-0041438,Carnell Tate,TEN,NYG,2026_03_TEN_NYG,2026,3,NA,NA,15,20,7.171674254458899,NA,NA,NA,NA,NA,10.982781194673558,2.4954694511949143,20.890737807835514,1.1823314422150517,24.976231379712143,0.24006684628495537,0.11890713149606436,0.23984629544799593,0.12045169803390152,platt,platt,0.23984629544799593,0.12045169803390152,NA,NA,NA,2026-09-27 13:00:00,2026-09-26 15:09:07,2026-09-26 15:08:57,live
WR,00-0034827,DJ Moore,BUF,LAC,2026_03_LAC_BUF,2026,3,Questionable,Limited Participation in Practice,15,20,6.898673178990053,NA,NA,NA,NA,NA,12.921461164291252,4.7020437052785535,22.516682128330604,3.4303537045671515,26.47322080727909,0.30511403835705175,0.15516114075222576,0.23356616883890255,0.0828909297747942,platt,platt,0.3085661688389026,0.1578909297747942,role_change_down,0.75,"Blurb indicates DJ Moore (shoulder injury) may miss time, which would increase Khalil Shakir's target opportunity as a replacement receiver.",2026-09-27 13:00:00,2026-09-26 15:09:07,2026-09-26 15:08:57,live
WR,00-0039915,Ladd McConkey,LAC,BUF,2026_03_LAC_BUF,2026,3,NA,Full Participation in Practice,15,20,6.097975059799053,NA,NA,NA,NA,NA,11.254186103019642,3.831483026210596,19.91933500531091,2.6830589039295916,23.492363382588703,0.23103725482561044,0.09887119571730708,0.23035118119694603,0.099821337657019,platt,platt,0.23035118119694603,0.099821337657019,NA,NA,NA,2026-09-27 13:00:00,2026-09-26 15:09:07,2026-09-26 15:08:57,live
WR,00-0038994,Jordan Addison,MIN,TB,2026_03_MIN_TB,2026,3,NA,NA,15,20,6.967556990919306,NA,NA,NA,NA,NA,10.797166012400254,2.5099824126787507,20.471496122218326,1.2278077852944822,24.460655039544346,0.2303148773479895,0.11024983978751646,0.22959216807331817,0.11153093572378509,platt,platt,0.22959216807331817,0.11153093572378509,NA,NA,NA,2026-09-27 16:05:00,2026-09-26 15:09:07,2026-09-26 15:08:57,live
WR,00-0039880,Malik Washington,MIA,KC,2026_03_KC_MIA,2026,3,NA,NA,15,20,7.019689004021641,NA,NA,NA,NA,NA,10.709581225870574,2.3711888001298327,20.44369172808432,1.0810912570010398,24.45750077443213,0.22818471119512407,0.10958616531593512,0.22735451414524677,0.11084745615822417,platt,platt,0.22735451414524677,0.11084745615822417,NA,NA,NA,2026-09-27 13:00:00,2026-09-26 15:09:07,2026-09-26 15:08:57,live
WR,00-0039337,Malik Nabers,NYG,TEN,2026_03_TEN_NYG,2026,3,NA,Full Participation in Practice,15,20,8.26105906714939,NA,NA,NA,NA,NA,12.572843854770928,3.0333743489416385,23.709073185449327,1.5574488295056614,28.301038524194496,0.3044812958189038,0.17004660502961866,0.22289573274777763,0.0882903919415504,platt,platt,0.30789573274777765,0.1732903919415504,role_change_down,0.85,Quarterback change from Jaxson Dart to Jameis Winston reduces Nabers' target opportunity and efficiency despite his health status improving.,2026-09-27 13:00:00,2026-09-26 15:09:07,2026-09-26 15:08:57,live
WR,00-0041547,KC Concepcion,CLE,CAR,2026_03_CAR_CLE,2026,3,NA,NA,15,20,6.641667460969818,NA,NA,NA,NA,NA,10.71279894150782,2.7472660495810644,20.011638984064973,1.5148565048032037,23.84596655563599,0.22135792502127816,0.10026323652604052,0.22018890544976985,0.10125283658117391,platt,platt,0.22018890544976985,0.10125283658117391,NA,NA,NA,2026-09-27 13:00:00,2026-09-26 15:09:07,2026-09-26 15:08:57,live
WR,00-0040170,Elic Ayomanor,TEN,NYG,2026_03_TEN_NYG,2026,3,NA,NA,15,20,5.565471484837477,NA,NA,NA,NA,NA,8.753793514477184,1.8709622252166176,16.788704432189824,0.8060658659814939,20.10185750568116,0.14681848661389174,0.05153716872450187,0.21768553357782375,0.12638581710657054,platt,platt,0.14268553357782374,0.05138581710657054,role_change_up,0.75,"Second-year WR has emerged as Titans' leading pass-catcher through two games, establishing him as a consistent target focal point in the passing game.",2026-09-27 13:00:00,2026-09-26 15:09:07,2026-09-26 15:08:57,live
WR,00-0036252,Michael Pittman,PIT,CIN,2026_03_CIN_PIT,2026,3,Questionable,Limited Participation in Practice,15,20,6.621484199519541,NA,NA,NA,NA,NA,10.42542812671527,2.4799048585732795,19.700909243584615,1.2505911583138385,23.525604885538915,0.21054078171229929,0.09609000578850556,0.2088537116800244,0.09696223963066544,platt,platt,0.2088537116800244,0.09696223963066544,NA,NA,NA,2026-09-27 13:00:00,2026-09-26 15:09:07,2026-09-26 15:08:57,live
WR,00-0040735,Luther Burden III,CHI,PHI,2026_03_PHI_CHI,2026,3,NA,NA,15,20,6.791763269092881,NA,NA,NA,NA,NA,10.30954747268992,2.195538594238183,19.781716088186116,0.9401571748291656,23.687514781221708,0.2098701284275677,0.09720564308392154,0.20815174431091485,0.0981089780305776,platt,platt,0.20815174431091485,0.0981089780305776,NA,NA,NA,2026-09-28 20:15:00,2026-09-26 15:09:07,2026-09-26 15:08:57,live
WR,00-0032775,Demarcus Robinson,SF,ARI,2026_03_ARI_SF,2026,3,Out,Did Not Participate In Practice,15,20,5.4913105064517405,NA,NA,NA,NA,NA,10.958843906218346,4.151894909788759,18.90517100754716,3.0987388902438173,22.181797012285728,0.20536935267071144,0.08329334823581436,0.20344337216079356,0.0838245591222304,platt,platt,0.20344337216079356,0.0838245591222304,NA,NA,NA,2026-09-27 16:05:00,2026-09-26 15:09:07,2026-09-26 15:08:57,live
WR,00-0034960,Jakobi Meyers,JAX,NE,2026_03_NE_JAX,2026,3,NA,Full Participation in Practice,15,20,6.087485609973005,NA,NA,NA,NA,NA,10.510017432588237,3.097867678811973,19.16284654860397,1.9510763432146945,22.7307949270888,0.20188726140746496,0.08826841979491384,0.19980380219974272,0.08892860994184161,platt,platt,0.19980380219974272,0.08892860994184161,NA,NA,NA,2026-09-27 13:00:00,2026-09-26 15:09:07,2026-09-26 15:08:57,live
WR,00-0033921,Chris Godwin Jr.,TB,MIN,2026_03_MIN_TB,2026,3,NA,NA,15,20,6.165366528348674,NA,NA,NA,NA,NA,10.337328031985193,2.8468979965804246,19.081540339461668,1.687995309796003,22.68717009422488,0.19816648795235656,0.0872635333768671,0.19591788347499017,0.08789728441147379,platt,platt,0.19591788347499017,0.08789728441147379,NA,NA,NA,2026-09-27 16:05:00,2026-09-26 15:09:07,2026-09-26 15:08:57,live
WR,00-0033307,Kendrick Bourne,ARI,SF,2026_03_ARI_SF,2026,3,NA,NA,15,20,6.2702530773536855,NA,NA,NA,NA,NA,10.2167540352333,2.621170111641364,19.083721367310385,1.4459982489925487,22.739968508029357,0.1968591934382813,0.08746968411290934,0.19455335215485223,0.08810884346509563,platt,platt,0.19455335215485223,0.08810884346509563,NA,NA,NA,2026-09-27 16:05:00,2026-09-26 15:09:07,2026-09-26 15:08:57,live
WR,00-0039901,Keon Coleman,BUF,LAC,2026_03_LAC_BUF,2026,3,Questionable,Limited Participation in Practice,15,20,6.0404157714514275,NA,NA,NA,NA,NA,10.210224245060427,2.845469913375344,18.80772467751476,1.7060114921425455,22.3528585656,0.1931436358427641,0.08318433999781605,0.19067741130049312,0.08371277986416105,platt,platt,0.19067741130049312,0.08371277986416105,NA,NA,NA,2026-09-27 13:00:00,2026-09-26 15:09:07,2026-09-26 15:08:57,live
WR,00-0038619,Andrei Iosivas,CIN,PIT,2026_03_CIN_PIT,2026,3,Out,Did Not Participate In Practice,15,20,5.087473615496819,NA,NA,NA,NA,NA,7.844339035000042,1.4538023341481008,15.304552855413892,0.4650726994534278,18.380732616600724,0.10858561193646254,0.03626244603406992,0.18868284790382028,0.12090504625522414,platt,platt,0.10368284790382028,0.03590504625522413,role_change_up,0.85,Iosivas' 4-game IR absence creates increased target share and snaps for remaining Bengals receivers.,2026-09-27 13:00:00,2026-09-26 15:09:07,2026-09-26 15:08:57,live
WR,00-0037816,Romeo Doubs,NE,JAX,2026_03_NE_JAX,2026,3,NA,NA,15,20,6.186573664548247,NA,NA,NA,NA,NA,10.008726222013818,2.4970101124653654,18.777787563607863,1.3348140916000428,22.3936636863275,0.1906033548022481,0.08309935967229898,0.18802947572775663,0.0836256409989821,platt,platt,0.18802947572775663,0.0836256409989821,NA,NA,NA,2026-09-27 13:00:00,2026-09-26 15:09:07,2026-09-26 15:08:57,live
WR,00-0039739,Roman Wilson,PIT,CIN,2026_03_CIN_PIT,2026,3,NA,NA,15,20,6.179417576247445,NA,NA,NA,NA,NA,9.921546391356822,2.41701158869128,18.68222438623613,1.2559266436656475,22.294643680221935,0.1883959538102361,0.08176048367422639,0.1857298780089693,0.08225295335838848,platt,platt,0.1857298780089693,0.08225295335838848,NA,NA,NA,2026-09-27 13:00:00,2026-09-26 15:09:07,2026-09-26 15:08:57,live
WR,00-0039855,Jalen McMillan,TB,MIN,2026_03_MIN_TB,2026,3,NA,Full Participation in Practice,15,20,5.595059089905317,NA,NA,NA,NA,NA,10.309446491930602,3.396389935581571,18.379641919507492,2.3268171902014556,21.707344374255275,0.18807375054465456,0.07565350113889135,0.18539432387372123,0.0759966367922762,platt,platt,0.18539432387372123,0.0759966367922762,NA,NA,NA,2026-09-27 16:05:00,2026-09-26 15:09:07,2026-09-26 15:08:57,live
WR,00-0041525,Chris Bell,MIA,KC,2026_03_KC_MIA,2026,3,NA,Full Participation in Practice,15,20,5.054700939126442,NA,NA,NA,NA,NA,7.753355767671578,1.3968587602458546,15.173832175841625,0.41339567126117327,18.23362642499771,0.1049267239824091,0.0349341760245343,0.1849875364061883,0.11956417941966392,platt,platt,0.09998753640618832,0.03456417941966391,role_change_up,0.85,Bell expected to see increased offensive opportunities with competing back Caleb Douglas sidelined due to ankle injury.,2026-09-27 13:00:00,2026-09-26 15:09:07,2026-09-26 15:08:57,live
WR,00-0040870,Ja'Kobi Lane,BAL,DAL,2026_03_BAL_DAL,2026,3,NA,NA,15,20,5.13947370963066,NA,NA,NA,NA,NA,8.105657419991438,1.6611882171576309,15.628831210043046,0.6641142656271599,18.73097218213172,0.11757894665475022,0.0393239114717927,0.18479595774671576,0.11099914456980504,platt,platt,0.1127959577467158,0.03899914456980504,role_change_up,0.72,Lane's one-month absence creates snap and target redistribution opportunities for other Ravens receivers.,2026-09-27 16:25:00,2026-09-26 15:09:07,2026-09-26 15:08:57,live
WR,00-0038104,Tyquan Thornton,KC,MIA,2026_03_KC_MIA,2026,3,NA,NA,15,20,5.360714450468739,NA,NA,NA,NA,NA,10.31453639519244,3.641649410043647,18.10436157560808,2.6092351669167035,21.31645483996023,0.18381165994171755,0.07049216401295477,0.18095823624037,0.07071581617252612,platt,platt,0.18095823624037,0.07071581617252612,NA,NA,NA,2026-09-27 13:00:00,2026-09-26 15:09:07,2026-09-26 15:08:57,live
WR,00-0037291,Jalen Nailor,LV,NO,2026_03_LV_NO,2026,3,NA,NA,15,20,5.961312136893051,NA,NA,NA,NA,NA,9.755852455329949,2.4708937286622445,18.260200731208823,1.3437811060833464,21.766923819594975,0.1806237802569507,0.0751933753401689,0.1776434563535078,0.07552559945359992,platt,platt,0.1776434563535078,0.07552559945359992,NA,NA,NA,2026-09-27 16:25:00,2026-09-26 15:09:07,2026-09-26 15:08:57,live
WR,00-0038976,Marvin Mims Jr.,DEN,LA,2026_03_LA_DEN,2026,3,Questionable,Limited Participation in Practice,15,20,5.51505644813042,NA,NA,NA,NA,NA,10.071437721536125,3.2401723781289045,18.04615135067571,2.1832541874253018,21.334482390208713,0.18033341614036136,0.07029118075651886,0.17734167473970228,0.07051031344184572,platt,platt,0.17734167473970228,0.07051031344184572,NA,NA,NA,2026-09-27 20:20:00,2026-09-26 15:09:07,2026-09-26 15:08:57,live
WR,00-0032951,Laquon Treadwell,IND,HOU,2026_03_HOU_IND,2026,3,NA,Full Participation in Practice,15,20,5.021308262215595,NA,NA,NA,NA,NA,7.454632991394525,1.1328590774960272,14.83457419660035,0.15476826836603583,17.877653968936357,0.09728193449111155,0.03179857417379816,0.17729124491706538,0.1164028787538575,platt,platt,0.09229124491706536,0.0314028787538575,role_change_up,0.85,Dulin's absence directly implies increased opportunity (snaps/targets) for Treadwell in the Colts WR room.,2026-09-27 13:00:00,2026-09-26 15:09:07,2026-09-26 15:08:57,live
WR,00-0036040,Juwan Johnson,NO,LV,2026_03_LV_NO,2026,3,NA,NA,15,20,5.954690154909249,NA,NA,NA,NA,NA,9.712006559127916,2.4337360488326745,18.208547114536444,1.3076582122256362,21.71205073062997,0.1794193156414211,0.07443340892764572,0.17639178636071567,0.07474771977885851,platt,platt,0.17639178636071567,0.07474771977885851,NA,NA,NA,2026-09-27 16:25:00,2026-09-26 15:09:07,2026-09-26 15:08:57,live
WR,00-0030279,Keenan Allen,IND,HOU,2026_03_HOU_IND,2026,3,NA,Full Participation in Practice,15,20,6.508371759087728,NA,NA,NA,NA,NA,9.20800301945376,1.3748161541731363,18.352344355050864,0.16288289248456422,22.1229652009273,0.17710029658708937,0.07815140115783559,0.17398304715451607,0.07855462099140967,platt,platt,0.17398304715451607,0.07855462099140967,NA,NA,NA,2026-09-27 13:00:00,2026-09-26 15:09:07,2026-09-26 15:08:57,live
WR,00-0040669,Isaac TeSlaa,DET,NYJ,2026_03_NYJ_DET,2026,3,NA,NA,15,20,5.670981502993553,NA,NA,NA,NA,NA,9.751063867118932,2.7605751229944184,17.91165243449432,1.6790222416231178,21.276628022947385,0.17503742174420012,0.06896935043642138,0.1718416741003977,0.06915901829730753,platt,platt,0.1718416741003977,0.06915901829730753,NA,NA,NA,2026-09-27 13:00:00,2026-09-26 15:09:07,2026-09-26 15:08:57,live
WR,00-0041067,Bryce Lance,NO,LV,2026_03_LV_NO,2026,3,NA,NA,15,20,5.626625113644159,NA,NA,NA,NA,NA,9.74595787261766,2.800685565241218,17.85376147025915,1.7261284704651434,21.196971455272543,0.17402429918697437,0.0679015296771398,0.1707904588461839,0.06806772828346185,platt,platt,0.1707904588461839,0.06806772828346185,NA,NA,NA,2026-09-27 16:25:00,2026-09-26 15:09:07,2026-09-26 15:08:57,live
WR,00-0038563,Tre Tucker,LV,NO,2026_03_LV_NO,2026,3,NA,NA,15,20,6.1086015191416445,NA,NA,NA,NA,NA,11.550445337444636,4.117054306549378,20.228071192223368,2.9669765677672917,23.806244374951405,0.2427358772751137,0.10552750782333398,0.1706555070064143,0.0346689868550312,platt,platt,0.24265550700641428,0.1066689868550312,role_change_down,0.72,Brock Bowers' imminent return from knee injury will likely reduce Tucker's target share in the Raiders' passing game.,2026-09-27 16:25:00,2026-09-26 15:09:07,2026-09-26 15:08:57,live
WR,00-0040867,Makai Lemon,PHI,CHI,2026_03_PHI_CHI,2026,3,NA,NA,15,20,5.64517559606033,NA,NA,NA,NA,NA,9.659929605813025,2.695739631720248,17.78981739532972,1.6182556375963897,21.14213368020583,0.1721690653295569,0.06703499286983361,0.16886626542091632,0.06718236962022413,platt,platt,0.16886626542091632,0.06718236962022413,NA,NA,NA,2026-09-28 20:15:00,2026-09-26 15:09:07,2026-09-26 15:08:57,live
WR,00-0037545,Rashid Shaheed,SEA,WAS,2026_03_SEA_WAS,2026,3,NA,NA,15,20,5.764026381764948,NA,NA,NA,NA,NA,9.525349885729383,2.440210836792585,17.79643175673807,1.344013870631299,21.206968675277057,0.1711052651033913,0.06769470180364012,0.16776339322468192,0.06785638961495337,platt,platt,0.16776339322468192,0.06785638961495337,NA,NA,NA,2026-09-27 13:00:00,2026-09-26 15:09:07,2026-09-26 15:08:57,live
WR,00-0041489,Germie Bernard,PIT,CIN,2026_03_CIN_PIT,2026,3,NA,NA,15,20,5.721699957415028,NA,NA,NA,NA,NA,9.410603342040115,2.368487889176177,17.631460131643067,1.278947438174674,21.021287003172205,0.1673192960713864,0.06506399945893859,0.16384120305125932,0.06516932850503372,platt,platt,0.16384120305125932,0.06516932850503372,NA,NA,NA,2026-09-27 13:00:00,2026-09-26 15:09:07,2026-09-26 15:08:57,live
WR,00-0038608,Kayshon Boutte,HOU,IND,2026_03_HOU_IND,2026,3,NA,NA,15,20,5.57607880882919,NA,NA,NA,NA,NA,9.497329551727091,2.60365913311385,17.54489390159783,1.5370857678764225,20.863264550999368,0.16650665070431248,0.06300735575085714,0.16299990432891295,0.06306997647239965,platt,platt,0.16299990432891295,0.06306997647239965,NA,NA,NA,2026-09-27 13:00:00,2026-09-26 15:09:07,2026-09-26 15:08:57,live
WR,00-0041048,Ted Hurst III,TB,MIN,2026_03_MIN_TB,2026,3,NA,NA,15,20,6.052000893749798,NA,NA,NA,NA,NA,9.002321304099471,1.625895786031032,17.613446499235494,0.4846316247814784,21.1641984862414,0.16382834220801956,0.06639368914671917,0.16022865793143423,0.06652726724872778,platt,platt,0.16022865793143423,0.06652726724872778,NA,NA,NA,2026-09-27 16:05:00,2026-09-26 15:09:07,2026-09-26 15:08:57,live
WR,00-0039919,Rome Odunze,CHI,PHI,2026_03_PHI_CHI,2026,3,NA,NA,15,20,6.81680733469982,NA,NA,NA,NA,NA,10.905338897524864,2.766611972217607,20.406362979063623,1.5074062315376455,24.324060071096415,0.2314796280648889,0.10899504977438734,0.15581603522341486,0.03523875037873524,platt,platt,0.23081603522341487,0.11023875037873523,role_change_down,0.75,Elevation of Davis suggests potential absence or reduced role for Odunze if his questionable status results in him being unavailable or limited.,2026-09-28 20:15:00,2026-09-26 15:09:07,2026-09-26 15:08:57,live
WR,00-0033555,Mack Hollins,NE,JAX,2026_03_NE_JAX,2026,3,NA,NA,15,20,5.443288593763267,NA,NA,NA,NA,NA,9.343310112031112,2.5855924715179324,17.232165289013363,1.5400534179383465,20.48509304933599,0.15950757070115174,0.05745625302923851,0.1557629098472101,0.05740992681776363,platt,platt,0.1557629098472101,0.05740992681776363,NA,NA,NA,2026-09-27 13:00:00,2026-09-26 15:09:07,2026-09-26 15:08:57,live
WR,00-0039451,Isaiah Williams,NYJ,DET,2026_03_NYJ_DET,2026,3,NA,NA,15,20,5.548857363175286,NA,NA,NA,NA,NA,9.20352454439814,2.3376776622271978,17.218608127657838,1.275409092707294,20.523585504522963,0.15821466441338017,0.05792116624137988,0.1544278403890528,0.05788359324746227,platt,platt,0.1544278403890528,0.05788359324746227,NA,NA,NA,2026-09-27 13:00:00,2026-09-26 15:09:07,2026-09-26 15:08:57,live
WR,00-0039792,Devontez Walker,BAL,DAL,2026_03_BAL_DAL,2026,3,NA,NA,15,20,4.743443053980419,NA,NA,NA,NA,NA,9.786061473827417,3.7548093506323026,16.826852028689927,2.8216674272437396,19.730084821878418,0.15456847295678844,0.04757368043569088,0.15066584775814518,0.04735916972321113,platt,platt,0.15066584775814518,0.04735916972321113,NA,NA,NA,2026-09-27 16:25:00,2026-09-26 15:09:07,2026-09-26 15:08:57,live
WR,00-0033908,Cooper Kupp,SEA,WAS,2026_03_SEA_WAS,2026,3,NA,Limited Participation in Practice,15,20,5.364538266901644,NA,NA,NA,NA,NA,8.83684400551392,2.160023726023101,16.631260852980972,1.127000932337733,19.84524746698685,0.1440148919523485,0.04874340231096963,0.1398041377964385,0.04854689416701222,platt,platt,0.1398041377964385,0.04854689416701222,NA,NA,NA,2026-09-27 13:00:00,2026-09-26 15:09:07,2026-09-26 15:08:57,live
WR,00-0036309,Darnell Mooney,NYG,TEN,2026_03_TEN_NYG,2026,3,NA,NA,15,20,5.382588521802269,NA,NA,NA,NA,NA,8.736433503242832,2.0410527442675814,16.552517567728575,1.005158314449062,19.775438544217707,0.14177410516494326,0.04818160548818273,0.1375033581852142,0.04797638271383855,platt,platt,0.1375033581852142,0.04797638271383855,NA,NA,NA,2026-09-27 13:00:00,2026-09-26 15:09:07,2026-09-26 15:08:57,live
WR,00-0040582,Arian Smith,NYJ,DET,2026_03_NYJ_DET,2026,3,NA,NA,15,20,4.356954316905616,NA,NA,NA,NA,NA,6.775138533477397,1.1529662446415632,13.338375609375792,0.2831162440007544,16.044691748130866,0.06930099246667154,0.01185792095015969,0.13645054584828192,0.08348209655634804,platt,platt,0.06445054584828191,0.01148209655634804,role_change_up,0.72,"Loss of a receiving option forces increased target distribution to remaining Jets receivers, particularly Wilson.",2026-09-27 13:00:00,2026-09-26 15:09:07,2026-09-26 15:08:57,live
WR,00-0040729,Jack Bech,LV,NO,2026_03_LV_NO,2026,3,NA,NA,15,20,5.320025086576206,NA,NA,NA,NA,NA,8.673412746928925,2.0424103322383207,16.414342526845164,1.016476376759667,19.606274031085317,0.1384256591808597,0.04678083637948038,0.1340689818072276,0.04655443808145895,platt,platt,0.1340689818072276,0.04655443808145895,NA,NA,NA,2026-09-27 16:25:00,2026-09-26 15:09:07,2026-09-26 15:08:57,live
WR,00-0040876,Elijah Sarratt,BAL,DAL,2026_03_BAL_DAL,2026,3,NA,NA,15,20,5.265155680765406,NA,NA,NA,NA,NA,8.652134438444227,2.0777013670652007,16.327026040889628,1.0605196946522106,19.49172705148822,0.13636361484757795,0.045808525152390533,0.1319562873451582,0.04556790356879984,platt,platt,0.1319562873451582,0.04556790356879984,NA,NA,NA,2026-09-27 16:25:00,2026-09-26 15:09:07,2026-09-26 15:08:57,live
WR,00-0039342,Xavier Legette,CAR,CLE,2026_03_CAR_CLE,2026,3,Questionable,Limited Participation in Practice,15,20,5.3896872878012125,NA,NA,NA,NA,NA,8.507848721634362,1.8051714982744944,16.33245056592333,0.7681481757035691,19.5588838039202,0.135813660488167,0.04643193403683587,0.13139312165520464,0.04620038646320877,platt,platt,0.13139312165520464,0.04620038646320877,NA,NA,NA,2026-09-27 13:00:00,2026-09-26 15:09:07,2026-09-26 15:08:57,live
WR,00-0032398,Chris Moore,BAL,DAL,2026_03_BAL_DAL,2026,3,NA,Full Participation in Practice,15,20,5.022503751219463,NA,NA,NA,NA,NA,8.702451115573231,2.3794333921269155,16.083844324830196,1.401150143548187,19.127522823366657,0.1308807913633544,0.04251903104310584,0.12634747797910792,0.04223331203311305,platt,platt,0.12634747797910792,0.04223331203311305,NA,NA,NA,2026-09-27 16:25:00,2026-09-26 15:09:07,2026-09-26 15:08:57,live
WR,00-0040930,Camden Brown,DAL,BAL,2026_03_BAL_DAL,2026,3,NA,NA,15,20,5.101363086691757,NA,NA,NA,NA,NA,8.513123215980148,2.108171561194692,15.990164830926672,1.1172116768662237,19.073283444298298,0.1278507922201989,0.04215560882354063,0.12325344973340872,0.04186520479273794,platt,platt,0.12325344973340872,0.04186520479273794,NA,NA,NA,2026-09-27 16:25:00,2026-09-26 15:09:07,2026-09-26 15:08:57,live
WR,00-0040172,Jordan Watkins,SF,ARI,2026_03_ARI_SF,2026,3,NA,NA,15,20,5.157246301563645,NA,NA,NA,NA,NA,8.429349613512413,1.9664691182034852,15.974016461972756,0.9665466124223584,19.085019983161835,0.12715101589242983,0.04232437655937859,0.12253946822869503,0.04203614060571564,platt,platt,0.12253946822869503,0.04203614060571564,NA,NA,NA,2026-09-27 16:05:00,2026-09-26 15:09:07,2026-09-26 15:08:57,live
WR,00-0041040,Antonio Williams,WAS,SEA,2026_03_SEA_WAS,2026,3,NA,NA,15,20,5.069915132180439,NA,NA,NA,NA,NA,8.437524648818295,2.065220506379969,15.87645406220564,1.079311772599211,18.943857310587347,0.12477870325607066,0.0410142511077719,0.12012065552502256,0.04070953391338903,platt,platt,0.12012065552502256,0.04070953391338903,NA,NA,NA,2026-09-27 13:00:00,2026-09-26 15:09:07,2026-09-26 15:08:57,live
WR,00-0041042,Malachi Fields,NYG,TEN,2026_03_TEN_NYG,2026,3,NA,NA,15,20,6.750608934627606,NA,NA,NA,NA,NA,10.250667461811013,2.1773115844511413,19.67537839186016,0.928219907015352,23.56160815899104,0.2069285313285459,0.09582343778428336,0.12007395853130352,0.01168827076221097,platt,platt,0.20507395853130353,0.09668827076221098,role_change_down,0.85,QB Jaxson Dart's knee injury will reduce passing volume and opportunity for Fields and other Giants receivers.,2026-09-27 13:00:00,2026-09-26 15:09:07,2026-09-26 15:08:57,live
WR,00-0040138,Jaylin Noel,HOU,IND,2026_03_HOU_IND,2026,3,NA,NA,15,20,4.917261157759378,NA,NA,NA,NA,NA,8.564062650289625,2.350739856152402,15.81739969369249,1.3894283632274955,18.80827490867994,0.1237004431455152,0.03960126900699068,0.1190221171481493,0.03927969580516228,platt,platt,0.1190221171481493,0.03927969580516228,NA,NA,NA,2026-09-27 13:00:00,2026-09-26 15:09:07,2026-09-26 15:08:57,live
WR,00-0041443,Skyler Bell,BUF,LAC,2026_03_LAC_BUF,2026,3,NA,NA,15,20,5.140745164817696,NA,NA,NA,NA,NA,8.268879233098401,1.823092515668777,15.793591069335552,0.82581472120836,18.89636624664429,0.12218026614884137,0.04071723790914861,0.11747427494776144,0.04040889722885695,platt,platt,0.11747427494776144,0.04040889722885695,NA,NA,NA,2026-09-27 13:00:00,2026-09-26 15:09:07,2026-09-26 15:08:57,live
WR,00-0034837,Calvin Ridley,TEN,NYG,2026_03_TEN_NYG,2026,3,NA,NA,15,20,5.123957725698422,NA,NA,NA,NA,NA,8.158247447979688,1.7298608703990563,15.662646629763064,0.7352751869023768,18.757045991306885,0.11857059934353442,0.03951710464464997,0.11380333399876032,0.03919455826959488,platt,platt,0.11380333399876032,0.03919455826959488,NA,NA,NA,2026-09-27 13:00:00,2026-09-26 15:09:07,2026-09-26 15:08:57,live
WR,00-0036980,Elijah Moore,PHI,CHI,2026_03_PHI_CHI,2026,3,NA,NA,15,20,5.110568037646271,NA,NA,NA,NA,NA,8.169607051352454,1.7551059473526616,15.657796545787196,0.7626685934664383,18.745511928378484,0.11847458182289428,0.03939692511336135,0.1137057728691356,0.03907299523126128,platt,platt,0.1137057728691356,0.03907299523126128,NA,NA,NA,2026-09-28 20:15:00,2026-09-26 15:09:07,2026-09-26 15:08:57,live
WR,00-0040134,Pat Bryant,DEN,LA,2026_03_LA_DEN,2026,3,NA,NA,15,20,5.2789647033295815,NA,NA,NA,NA,NA,7.945401180272725,1.3567216655212224,15.636923860625076,0.3373358150539092,18.808482608346974,0.11741546392950963,0.04019539324975096,0.11262992948402364,0.03988078917374573,platt,platt,0.11262992948402364,0.03988078917374573,NA,NA,NA,2026-09-27 20:20:00,2026-09-26 15:09:07,2026-09-26 15:08:57,live
WR,00-0040648,Tory Horton,SEA,WAS,2026_03_SEA_WAS,2026,3,NA,NA,15,20,4.858998976023125,NA,NA,NA,NA,NA,8.402663123899401,2.2502422606221906,15.584904194059334,1.2983533790787964,18.546463360035784,0.11712713069184344,0.03719120944488097,0.11233713901883711,0.03684319053666837,platt,platt,0.11233713901883711,0.03684319053666837,NA,NA,NA,2026-09-27 13:00:00,2026-09-26 15:09:07,2026-09-26 15:08:57,live
WR,00-0041267,Malik McClain,NYJ,DET,2026_03_NYJ_DET,2026,3,NA,NA,15,20,5.106617684310081,NA,NA,NA,NA,NA,8.11003113286222,1.6996278594064291,15.593436883225202,0.7078245127541001,18.67917971421804,0.11667765923766528,0.03882914137142068,0.11188080187190272,0.03849877289147634,platt,platt,0.11188080187190272,0.03849877289147634,NA,NA,NA,2026-09-27 13:00:00,2026-09-26 15:09:07,2026-09-26 15:08:57,live
WR,00-0041399,CJ Daniels,LA,DEN,2026_03_LA_DEN,2026,3,NA,NA,15,20,5.074861988197099,NA,NA,NA,NA,NA,8.135510353018951,1.758068335899785,15.580437641936289,0.7713646815678912,18.650314082609754,0.1163966438225964,0.03852601244445275,0.1115955451758988,0.03819227317162321,platt,platt,0.1115955451758988,0.03819227317162321,NA,NA,NA,2026-09-27 20:20:00,2026-09-26 15:09:07,2026-09-26 15:08:57,live
WR,00-0040534,Ke'Shawn Williams,CIN,PIT,2026_03_CIN_PIT,2026,3,NA,NA,15,20,5.088808752634349,NA,NA,NA,NA,NA,8.090567903771387,1.6986452568024282,15.552399656271463,0.7097011916049443,18.629246563207523,0.11556925391358164,0.03837331223654106,0.11075589778813964,0.03803789267688323,platt,platt,0.11075589778813964,0.03803789267688323,NA,NA,NA,2026-09-27 13:00:00,2026-09-26 15:09:07,2026-09-26 15:08:57,live
WR,00-0041070,Reggie Virgil,ARI,SF,2026_03_ARI_SF,2026,3,NA,NA,15,20,5.16859784040324,NA,NA,NA,NA,NA,7.987127810770439,1.512493596996272,15.545515768589867,0.5107525820181174,18.6621771167431,0.11517881903754068,0.03879758753244178,0.11035979862501465,0.03846686599851873,platt,platt,0.11035979862501465,0.03846686599851873,NA,NA,NA,2026-09-27 16:05:00,2026-09-26 15:09:07,2026-09-26 15:08:57,live
WR,00-0034272,Marquez Valdes-Scantling,LAC,BUF,2026_03_LAC_BUF,2026,3,NA,NA,15,20,5.086204396407349,NA,NA,NA,NA,NA,8.010281224915373,1.6210621021454008,15.468956925030929,0.6325363202031085,18.54450245043769,0.11322303303791448,0.03764929147435558,0.1083768075306955,0.0373060684672438,platt,platt,0.1083768075306955,0.0373060684672438,NA,NA,NA,2026-09-27 13:00:00,2026-09-26 15:09:07,2026-09-26 15:08:57,live
WR,00-0039751,Jordan Whittington,LA,DEN,2026_03_LA_DEN,2026,3,NA,Full Participation in Practice,15,20,4.7137754947000445,NA,NA,NA,NA,NA,8.424950899282527,2.424889616962881,15.429329748358498,1.496573471149543,18.317548367006257,0.11289083970871172,0.03479749766920093,0.10804018865353364,0.03442626086965482,platt,platt,0.10804018865353364,0.03442626086965482,NA,NA,NA,2026-09-27 20:20:00,2026-09-26 15:09:07,2026-09-26 15:08:57,live
WR,00-0039365,Jacob Cowing,SF,ARI,2026_03_ARI_SF,2026,3,NA,NA,15,20,4.610875566761323,NA,NA,NA,NA,NA,8.514221430150222,2.6226093201178884,15.391998390874251,1.7110721892007923,18.228013389618972,0.11198660103849324,0.03369373610486592,0.10712419379735924,0.03331287697827308,platt,platt,0.10712419379735924,0.03331287697827308,NA,NA,NA,2026-09-27 16:05:00,2026-09-26 15:09:07,2026-09-26 15:08:57,live
WR,00-0036259,Jauan Jennings,MIN,TB,2026_03_MIN_TB,2026,3,NA,NA,15,20,5.208558773783365,NA,NA,NA,NA,NA,7.73058715855557,1.2146117844480528,15.33723614828953,0.20647455702833728,18.473797678019757,0.10932396422540425,0.03730125353492231,0.10442943717639652,0.03695437664255237,platt,platt,0.10442943717639652,0.03695437664255237,NA,NA,NA,2026-09-27 16:05:00,2026-09-26 15:09:07,2026-09-26 15:08:57,live
WR,00-0039355,Luke McCaffrey,WAS,SEA,2026_03_SEA_WAS,2026,3,NA,NA,15,20,5.066551047955549,NA,NA,NA,NA,NA,7.8719520358911534,1.5031423760549254,15.3068020442733,0.5177743008554971,18.37252317155007,0.10867852446062508,0.03614569574120507,0.10377678077630564,0.03578714970050856,platt,platt,0.10377678077630564,0.03578714970050856,NA,NA,NA,2026-09-27 13:00:00,2026-09-26 15:09:07,2026-09-26 15:08:57,live
WR,00-0041099,Barion Brown,NO,LV,2026_03_LV_NO,2026,3,Out,Did Not Participate In Practice,15,20,4.74868754074495,NA,NA,NA,NA,NA,8.060235409599514,2.0234730488318178,15.107458530679391,1.0894785937331264,18.013343758568368,0.10320688015704704,0.03215786493081096,0.09825315152907936,0.03176481401269212,platt,platt,0.09825315152907936,0.03176481401269212,NA,NA,NA,2026-09-27 16:25:00,2026-09-26 15:09:07,2026-09-26 15:08:57,live
WR,00-0038519,Nikko Remigio,KC,MIA,2026_03_KC_MIA,2026,3,NA,NA,15,20,4.681412087311224,NA,NA,NA,NA,NA,8.13184458150065,2.165847299740358,15.0964576425611,1.2428014603826272,17.968279048578538,0.10291272514346372,0.03153670601956571,0.09795667790471316,0.03113913390113022,platt,platt,0.09795667790471316,0.03113913390113022,NA,NA,NA,2026-09-27 13:00:00,2026-09-26 15:09:07,2026-09-26 15:08:57,live
WR,00-0036988,Josh Palmer,BUF,LAC,2026_03_LAC_BUF,2026,3,NA,NA,15,20,4.754064614170482,NA,NA,NA,NA,NA,8.008074577581057,1.9656637707691376,15.061891607312983,1.030795400652767,17.970495798603125,0.10184530188504816,0.03179008648975467,0.09688125853911744,0.03139432956863241,platt,platt,0.09688125853911744,0.03139432956863241,NA,NA,NA,2026-09-27 13:00:00,2026-09-26 15:09:07,2026-09-26 15:08:57,live
WR,00-0036630,Tylan Wallace,CLE,CAR,2026_03_CAR_CLE,2026,3,NA,NA,15,20,4.710720109459369,NA,NA,NA,NA,NA,8.058841814300818,2.061994728339835,15.059468460202176,1.1341758758432094,17.946139877691433,0.1017865271934376,0.03143153238053342,0.0968220626776192,0.0310332186642841,platt,platt,0.0968220626776192,0.0310332186642841,NA,NA,NA,2026-09-27 13:00:00,2026-09-26 15:09:07,2026-09-26 15:08:57,live
WR,00-0031610,Darren Waller,CAR,CLE,2026_03_CAR_CLE,2026,3,NA,Full Participation in Practice,15,20,4.613255775545363,NA,NA,NA,NA,NA,8.161411964106163,2.267286570223991,15.042122893570046,1.3553605896156933,17.879347698826315,0.10128749259010872,0.03049354842457574,0.09631953290904748,0.03008893292313511,platt,platt,0.09631953290904748,0.03008893292313511,NA,NA,NA,2026-09-27 13:00:00,2026-09-26 15:09:07,2026-09-26 15:08:57,live
WR,00-0037666,Jalen Tolbert,MIA,KC,2026_03_KC_MIA,2026,3,NA,NA,15,20,4.995000730080863,NA,NA,NA,NA,NA,7.692778524799726,1.3983885067325046,15.04075219305204,0.4245344731018488,18.07065032038984,0.1011663885505396,0.03338174286500317,0.09619760253507297,0.0329982926718766,platt,platt,0.09619760253507297,0.0329982926718766,NA,NA,NA,2026-09-27 13:00:00,2026-09-26 15:09:07,2026-09-26 15:08:57,live
WR,00-0040277,Jahdae Walker,CHI,PHI,2026_03_PHI_CHI,2026,3,NA,NA,15,20,4.572379751503431,NA,NA,NA,NA,NA,8.204769039903901,2.353836381662542,15.035057437043369,1.4485930851120496,17.851490777446482,0.10107944613493793,0.03009141932108139,0.09611007215962708,0.02968427683093913,platt,platt,0.09611007215962708,0.02968427683093913,NA,NA,NA,2026-09-28 20:15:00,2026-09-26 15:09:07,2026-09-26 15:08:57,live
WR,00-0037524,Tay Martin,DET,NYJ,2026_03_NYJ_DET,2026,3,NA,NA,15,20,4.618941705692378,NA,NA,NA,NA,NA,8.13375910456945,2.233630796775212,15.021477742998304,1.3207760586685673,17.86159214002892,0.100655802544787,0.03035023944163406,0.09568362687995018,0.02994471121302317,platt,platt,0.09568362687995018,0.02994471121302317,NA,NA,NA,2026-09-27 13:00:00,2026-09-26 15:09:07,2026-09-26 15:08:57,live
WR,00-0035544,Tom Kennedy,DET,NYJ,2026_03_NYJ_DET,2026,3,NA,NA,15,20,4.618941705692378,NA,NA,NA,NA,NA,8.093192668396446,2.193064360602208,14.980911306825302,1.2802096224955637,17.821025703855916,0.0996639449947041,0.02997747577366072,0.09468562261334149,0.02956963663572643,platt,platt,0.09468562261334149,0.02956963663572643,NA,NA,NA,2026-09-27 13:00:00,2026-09-26 15:09:07,2026-09-26 15:08:57,live
WR,00-0038728,Jared Wayne,HOU,IND,2026_03_HOU_IND,2026,3,NA,NA,15,20,4.84884756518801,NA,NA,NA,NA,NA,7.803407791988164,1.6616112119445283,14.973246238030384,0.711366095889411,17.92969124746723,0.09954753492988676,0.03172455895374104,0.0945685292677372,0.03132832874038286,platt,platt,0.0945685292677372,0.03132832874038286,NA,NA,NA,2026-09-27 13:00:00,2026-09-26 15:09:07,2026-09-26 15:08:57,live
WR,00-0040075,LaJohntay Wester,BAL,DAL,2026_03_BAL_DAL,2026,3,NA,NA,15,20,4.634506061735238,NA,NA,NA,NA,NA,8.024018536758712,2.1074647342304385,14.930912043990944,1.1920686800859874,17.778933096883748,0.09878708839004402,0.0296473483584998,0.093803817600068,0.02923753960549851,platt,platt,0.093803817600068,0.02923753960549851,NA,NA,NA,2026-09-27 16:25:00,2026-09-26 15:09:07,2026-09-26 15:08:57,live
WR,00-0036626,Dyami Brown,WAS,SEA,2026_03_SEA_WAS,2026,3,NA,NA,15,20,5.236470588649732,NA,NA,NA,NA,NA,7.277628805503625,0.7328102265405558,14.917948907001913,-0.2797895574272591,18.068394541804658,0.098697785924447,0.03399893136001064,0.0937140369172879,0.03362066222636403,platt,platt,0.0937140369172879,0.03362066222636403,NA,NA,NA,2026-09-27 13:00:00,2026-09-26 15:09:07,2026-09-26 15:08:57,live
WR,00-0041106,C.J. Williams,JAX,NE,2026_03_NE_JAX,2026,3,NA,NA,15,20,4.579423883846842,NA,NA,NA,NA,NA,8.034869350674809,2.17648855861769,14.87385258416835,1.2700929033575097,17.693871194412665,0.09776335845136984,0.02865804793497528,0.09277489295896904,0.02824277836805271,platt,platt,0.09277489295896904,0.02824277836805271,NA,NA,NA,2026-09-27 13:00:00,2026-09-26 15:09:07,2026-09-26 15:08:57,live
WR,00-0038840,Brycen Tremayne,CAR,CLE,2026_03_CAR_CLE,2026,3,NA,NA,15,20,4.530336261692528,NA,NA,NA,NA,NA,8.074131057135657,2.267694758650431,14.852475091297512,1.369335839983421,17.647489448016508,0.0973609275324856,0.02803404492428607,0.0923705932424898,0.02761567938400116,platt,platt,0.0923705932424898,0.02761567938400116,NA,NA,NA,2026-09-27 13:00:00,2026-09-26 15:09:07,2026-09-26 15:08:57,live
WR,00-0041100,Josh Cameron,JAX,NE,2026_03_NE_JAX,2026,3,NA,NA,15,20,4.6603876520643945,NA,NA,NA,NA,NA,7.872038400449098,1.9281922172537176,14.810792611245962,1.0085735466327286,17.6719512569534,0.09669351804315528,0.02876497954207779,0.0917003016146763,0.02835026784982111,platt,platt,0.0917003016146763,0.02835026784982111,NA,NA,NA,2026-09-27 13:00:00,2026-09-26 15:09:07,2026-09-26 15:08:57,live
WR,00-0037801,KaVontae Turpin,DAL,BAL,2026_03_BAL_DAL,2026,3,NA,NA,15,20,4.482023041887647,NA,NA,NA,NA,NA,8.090839482820003,2.335623694215821,14.809389485026408,1.4451894989944662,17.57974808852319,0.09655982235056138,0.02720040478006069,0.09156606128609183,0.02677833630096368,platt,platt,0.09156606128609183,0.02677833630096368,NA,NA,NA,2026-09-27 16:25:00,2026-09-26 15:09:07,2026-09-26 15:08:57,live
WR,00-0040024,Darius Cooper,PHI,CHI,2026_03_PHI_CHI,2026,3,NA,NA,15,20,4.716854270923543,NA,NA,NA,NA,NA,7.788833461400555,1.7855337417345272,14.796992812205715,0.8567165520927356,17.68677030077147,0.09648749447669348,0.02910911155980511,0.09149344333611402,0.02869624884255161,platt,platt,0.09149344333611402,0.02869624884255161,NA,NA,NA,2026-09-28 20:15:00,2026-09-26 15:09:07,2026-09-26 15:08:57,live
WR,00-0035662,Marquise Brown,PHI,CHI,2026_03_PHI_CHI,2026,3,NA,Did Not Participate In Practice,15,20,4.562572291185475,NA,NA,NA,NA,NA,7.980967274894176,2.140407881767594,14.799146082589964,1.2367695137399537,17.61058609775339,0.09642791743151669,0.02781981734201533,0.09143362976315068,0.02740045244237116,platt,platt,0.09143362976315068,0.02740045244237116,NA,NA,NA,2026-09-28 20:15:00,2026-09-26 15:09:07,2026-09-26 15:08:57,live
WR,00-0040646,Jalen Royals,KC,MIA,2026_03_KC_MIA,2026,3,NA,NA,15,20,4.507536842456002,NA,NA,NA,NA,NA,8.045836020161001,2.2635592385709415,14.795976607527562,1.3689382266608048,17.579361421941755,0.0963349769062497,0.02730348115628267,0.09134032460423572,0.0268818432409589,platt,platt,0.09134032460423572,0.0268818432409589,NA,NA,NA,2026-09-27 13:00:00,2026-09-26 15:09:07,2026-09-26 15:08:57,live
WR,00-0039920,Malachi Corley,CLE,CAR,2026_03_CAR_CLE,2026,3,NA,NA,15,20,4.694241710121009,NA,NA,NA,NA,NA,7.804053289189252,1.824547354009084,14.784436143563733,0.8994114858186766,17.662760140552216,0.09625539277958615,0.0288082823150797,0.09126043246310345,0.0283937987927724,platt,platt,0.09126043246310345,0.0283937987927724,NA,NA,NA,2026-09-27 13:00:00,2026-09-26 15:09:07,2026-09-26 15:08:57,live
WR,00-0035500,Greg Dortch,BUF,LAC,2026_03_LAC_BUF,2026,3,NA,NA,15,20,4.577896030677015,NA,NA,NA,NA,NA,7.93691774778992,2.0801522667218286,14.774015292188992,1.1740065287876664,17.593256348496123,0.09599210029760596,0.02772076997188322,0.09099614873733904,0.02730095412413571,platt,platt,0.09099614873733904,0.02730095412413571,NA,NA,NA,2026-09-27 13:00:00,2026-09-26 15:09:07,2026-09-26 15:08:57,live
WR,00-0041069,Colbie Young,CIN,PIT,2026_03_CIN_PIT,2026,3,NA,NA,15,20,4.65017856941683,NA,NA,NA,NA,NA,7.801565934520521,1.868482174744095,14.727756258481318,0.9505286423538336,17.583734251819088,0.09523379132903408,0.02792033931965532,0.09023522420008807,0.02750143926960625,platt,platt,0.09023522420008807,0.02750143926960625,NA,NA,NA,2026-09-27 13:00:00,2026-09-26 15:09:07,2026-09-26 15:08:57,live
WR,00-0040621,Montorie Foster Jr,SEA,WAS,2026_03_SEA_WAS,2026,3,NA,NA,15,20,4.59932535175842,NA,NA,NA,NA,NA,7.862962312029659,1.983549378588311,14.726498142460263,1.0738996771593785,17.556640886355506,0.09516805542530148,0.02746894562651658,0.09016927835895835,0.02704801509388223,platt,platt,0.09016927835895835,0.02704801509388223,NA,NA,NA,2026-09-27 13:00:00,2026-09-26 15:09:07,2026-09-26 15:08:57,live
WR,00-0037664,Alec Pierce,IND,HOU,2026_03_HOU_IND,2026,3,Out,Did Not Participate In Practice,15,20,5.553322603908255,NA,NA,NA,NA,NA,9.952762147351583,3.0823496394879015,17.97317557151296,2.0193746865084146,21.28035068011966,0.17796212262747635,0.0693571649228315,0.08987803551063263,0,platt,platt,0.17487803551063263,0.06955543061149422,role_change_down,0.85,"Alec Pierce's heel injury created increased opportunity for Laquon Treadwell, reducing Pierce's snap/target share going forward.",2026-09-27 13:00:00,2026-09-26 15:09:07,2026-09-26 15:08:57,live
WR,00-0041051,Zavion Thomas,CHI,PHI,2026_03_PHI_CHI,2026,3,NA,NA,15,20,4.707521610467375,NA,NA,NA,NA,NA,7.674754313206177,1.681272363782897,14.671452550699708,0.7539741577320038,17.556504109733332,0.09430603851304575,0.02789652340679072,0.08930475801548501,0.02747751257029955,platt,platt,0.08930475801548501,0.02747751257029955,NA,NA,NA,2026-09-28 20:15:00,2026-09-26 15:09:07,2026-09-26 15:08:57,live
WR,00-0037132,Britain Covey,PHI,CHI,2026_03_PHI_CHI,2026,3,NA,NA,15,20,4.541531473320369,NA,NA,NA,NA,NA,7.839766249207572,2.0214746202948133,14.63195001296354,1.1212814712538135,17.432671109074,0.09342937096543467,0.0260770793718138,0.08842602325304785,0.02565083026405738,platt,platt,0.08842602325304785,0.02565083026405738,NA,NA,NA,2026-09-28 20:15:00,2026-09-26 15:09:07,2026-09-26 15:08:57,live
WR,00-0040718,Travis Hunter,JAX,NE,2026_03_NE_JAX,2026,3,NA,NA,15,20,4.603975901805171,NA,NA,NA,NA,NA,7.756736749803147,1.8724113312137316,14.626007339505112,0.9620015810012212,17.45851478109274,0.09339820515554832,0.02658365636936366,0.08839479289760141,0.02615917547061079,platt,platt,0.08839479289760141,0.02615917547061079,NA,NA,NA,2026-09-27 13:00:00,2026-09-26 15:09:07,2026-09-26 15:08:57,live
WR,00-0040237,Tez Johnson,TB,MIN,2026_03_MIN_TB,2026,3,NA,NA,15,20,4.655603457098121,NA,NA,NA,NA,NA,7.6605384894979265,1.7217352985079506,14.59340558910083,0.8028968684323852,17.452136715605377,0.09288855102304903,0.02674023277874027,0.087884170844258,0.02631633755396485,platt,platt,0.087884170844258,0.02631633755396485,NA,NA,NA,2026-09-27 16:05:00,2026-09-26 15:09:07,2026-09-26 15:08:57,live
WR,00-0040154,Tai Felton,MIN,TB,2026_03_MIN_TB,2026,3,NA,NA,15,20,4.577425865684231,NA,NA,NA,NA,NA,7.762241575583425,1.905973191659549,14.598758816455742,0.999904363490688,17.417760587668997,0.09288327542675556,0.02609417639505251,0.08787888609372531,0.02566798378344183,platt,platt,0.08787888609372531,0.02566798378344183,NA,NA,NA,2026-09-27 16:05:00,2026-09-26 15:09:07,2026-09-26 15:08:57,live
WR,00-0038359,Xavier Smith,LA,DEN,2026_03_LA_DEN,2026,3,NA,NA,15,20,4.531388262216772,NA,NA,NA,NA,NA,7.821224987831237,2.0136744419467307,14.600869777193568,1.11514312939864,17.396420493448403,0.09286133103424532,0.02569441810652895,0.08785690381378437,0.02526696333748371,platt,platt,0.08785690381378437,0.02526696333748371,NA,NA,NA,2026-09-27 20:20:00,2026-09-26 15:09:07,2026-09-26 15:08:57,live
WR,00-0039589,Kameron Johnson,TB,MIN,2026_03_MIN_TB,2026,3,NA,NA,15,20,4.586307817003029,NA,NA,NA,NA,NA,7.726241516156043,1.8605838985975416,14.573719603323912,0.9530623890693208,17.39724102160782,0.09245126327153608,0.02594278105420944,0.08744618467462172,0.02551609595812644,platt,platt,0.08744618467462172,0.02551609595812644,NA,NA,NA,2026-09-27 16:05:00,2026-09-26 15:09:07,2026-09-26 15:08:57,live
WR,00-0039868,Troy Franklin,DEN,LA,2026_03_LA_DEN,2026,3,NA,NA,15,20,4.6831695389607795,NA,NA,NA,NA,NA,7.594142632146905,1.626294502985247,14.560916343870913,0.7029623046312841,17.433628682776092,0.09235768144651012,0.0266852959527879,0.08735246929010732,0.02626119314820295,platt,platt,0.08735246929010732,0.02626119314820295,NA,NA,NA,2026-09-27 20:20:00,2026-09-26 15:09:07,2026-09-26 15:08:57,live
WR,00-0036646,Simi Fehoko,ARI,SF,2026_03_ARI_SF,2026,3,NA,NA,15,20,4.620180321135444,NA,NA,NA,NA,NA,7.651494651360093,1.7500588470020046,14.540739641078735,0.8370018159330535,17.381483421000937,0.09191654731117915,0.02594386692786243,0.0869107813630751,0.02551718530142765,platt,platt,0.0869107813630751,0.02551718530142765,NA,NA,NA,2026-09-27 16:05:00,2026-09-26 15:09:07,2026-09-26 15:08:57,live
WR,00-0038640,Jalen Brooks,ARI,SF,2026_03_ARI_SF,2026,3,NA,NA,15,20,4.620180321135444,NA,NA,NA,NA,NA,7.651494651360093,1.7500588470020046,14.540739641078735,0.8370018159330535,17.381483421000937,0.09191654731117915,0.02594386692786243,0.0869107813630751,0.02551718530142765,platt,platt,0.0869107813630751,0.02551718530142765,NA,NA,NA,2026-09-27 16:05:00,2026-09-26 15:09:07,2026-09-26 15:08:57,live
WR,00-0036331,Devin Duvernay,ARI,SF,2026_03_ARI_SF,2026,3,NA,NA,15,20,4.620180321135444,NA,NA,NA,NA,NA,7.639109054340068,1.7376732499819791,14.528354044058712,0.8246162189130279,17.36909782398091,0.09169854811836976,0.02583008129347641,0.08669255479737645,0.0254030410329015,platt,platt,0.08669255479737645,0.0254030410329015,NA,NA,NA,2026-09-27 16:05:00,2026-09-26 15:09:07,2026-09-26 15:08:57,live
WR,00-0041397,Kaden Wetjen,PIT,CIN,2026_03_CIN_PIT,2026,3,NA,NA,15,20,4.597768981432479,NA,NA,NA,NA,NA,7.655012203642088,1.7772434932352397,14.516628593502986,0.867848182339741,17.34597986621852,0.09145791102083468,0.0255195217840819,0.0864517023960406,0.02509155374409483,platt,platt,0.0864517023960406,0.02509155374409483,NA,NA,NA,2026-09-27 13:00:00,2026-09-26 15:09:07,2026-09-26 15:08:57,live
WR,00-0035891,Cody White,LV,NO,2026_03_LV_NO,2026,3,NA,NA,15,20,4.567572240812019,NA,NA,NA,NA,NA,7.678775432431729,1.8329271531301456,14.503128404142895,0.9284705003886318,17.317114303223804,0.09117139151231368,0.02511814200018347,0.08616497549803587,0.02468908677932366,platt,platt,0.08616497549803587,0.02468908677932366,NA,NA,NA,2026-09-27 16:25:00,2026-09-26 15:09:07,2026-09-26 15:08:57,live
WR,00-0041550,Brenen Thompson,LAC,BUF,2026_03_LAC_BUF,2026,3,Out,Did Not Participate In Practice,15,20,4.709727287646984,NA,NA,NA,NA,NA,7.482549352311035,1.4867467703967074,14.48195666032434,0.5590895212446565,17.368125290276463,0.09102541455306,0.02620169298997243,0.0860189133965492,0.02577586077881681,platt,platt,0.0860189133965492,0.02577586077881681,NA,NA,NA,2026-09-27 13:00:00,2026-09-26 15:09:07,2026-09-26 15:08:57,live
WR,00-0041132,Deion Burks,IND,HOU,2026_03_HOU_IND,2026,3,NA,NA,15,20,4.56004322387117,NA,NA,NA,NA,NA,7.67032989262921,1.8324460994041256,14.485385246333976,0.9292216942464336,17.295537321743467,0.09084364938521994,0.02488381209833867,0.08583706161868623,0.02445418125264385,platt,platt,0.08583706161868623,0.02445418125264385,NA,NA,NA,2026-09-27 13:00:00,2026-09-26 15:09:07,2026-09-26 15:08:57,live
WR,00-0037614,John Metchie III,CAR,CLE,2026_03_CAR_CLE,2026,3,NA,NA,15,20,4.557407378665141,NA,NA,NA,NA,NA,7.655961435029599,1.820866480397296,14.467761141644504,0.9180735581481824,17.276570768174047,0.09052554410721836,0.02469558254282544,0.08551885668977834,0.02426552121460565,platt,platt,0.08551885668977834,0.02426552121460565,NA,NA,NA,2026-09-27 13:00:00,2026-09-26 15:09:07,2026-09-26 15:08:57,live
WR,00-0040131,Kyle Williams,NE,JAX,2026_03_NE_JAX,2026,3,NA,NA,15,20,4.567110094910273,NA,NA,NA,NA,NA,7.612644258709224,1.7672847895774924,14.436426600979484,0.8629037644590252,17.250177204024716,0.08998537044451316,0.02449521535577237,0.0849786657950757,0.02406472727735608,platt,platt,0.0849786657950757,0.02406472727735608,NA,NA,NA,2026-09-27 13:00:00,2026-09-26 15:09:07,2026-09-26 15:08:57,live
WR,00-0039062,Jonathan Mingo,DAL,BAL,2026_03_BAL_DAL,2026,3,NA,NA,15,20,4.514552002210785,NA,NA,NA,NA,NA,7.653081583100227,1.8633688984137464,14.411902728868052,0.9675974201036316,17.198866925685028,0.08944914197671394,0.02376960045170317,0.08444261043550086,0.02333784288546812,platt,platt,0.08444261043550086,0.02333784288546812,NA,NA,NA,2026-09-27 16:25:00,2026-09-26 15:09:07,2026-09-26 15:08:57,live
WR,00-0035021,Ashton Dulin,IND,HOU,2026_03_HOU_IND,2026,3,Out,Did Not Participate In Practice,15,20,4.409741609906804,NA,NA,NA,NA,NA,7.7533725634100925,2.074967313908344,14.382255128875382,1.1964170745771607,17.115639838489155,0.08870000133987899,0.02246080242717196,0.08369403116737065,0.02202788373300929,platt,platt,0.08369403116737065,0.02202788373300929,NA,NA,NA,2026-09-27 13:00:00,2026-09-26 15:09:07,2026-09-26 15:08:57,live
WR,00-0040785,Dohnte Meyers,CIN,PIT,2026_03_CIN_PIT,2026,3,NA,NA,15,20,4.419028156042886,NA,NA,NA,NA,NA,7.721376251225566,2.0330904013206696,14.361793276961103,1.1530114574558183,17.09993416033795,0.08834598455263154,0.02235894456772313,0.08334041006339506,0.02192599831437476,platt,platt,0.08334041006339506,0.02192599831437476,NA,NA,NA,2026-09-27 13:00:00,2026-09-26 15:09:07,2026-09-26 15:08:57,live
WR,00-0040590,Konata Mumpfield,LA,DEN,2026_03_LA_DEN,2026,3,NA,NA,15,20,4.712325455052425,NA,NA,NA,NA,NA,7.284331950856422,1.2857960324357256,14.286930113681333,0.3577158875345461,17.174414475759722,0.08765240262971663,0.0244617361224152,0.0826478476339588,0.0240311799232979,platt,platt,0.0826478476339588,0.0240311799232979,NA,NA,NA,2026-09-27 20:20:00,2026-09-26 15:09:07,2026-09-26 15:08:57,live
WR,00-0034854,KhaDarel Hodge,SF,ARI,2026_03_ARI_SF,2026,3,NA,NA,15,20,4.502723184076015,NA,NA,NA,NA,NA,7.524837548996073,1.7476642933218791,14.269020359050238,0.8538328875983039,17.049948515460887,0.08685727210779082,0.02231513691382125,0.08185428665756468,0.02188218165702684,platt,platt,0.08185428665756468,0.02188218165702684,NA,NA,NA,2026-09-27 16:05:00,2026-09-26 15:09:07,2026-09-26 15:08:57,live
WR,00-0040506,Myles Price,MIN,TB,2026_03_MIN_TB,2026,3,NA,NA,15,20,4.5048382599005485,NA,NA,NA,NA,NA,7.511609474528485,1.732193661395688,14.258410211515688,0.8380152921664452,17.040417856268302,0.08667167953540511,0.02223647322616351,0.08166912246026302,0.02180350611850595,platt,platt,0.08166912246026302,0.02180350611850595,NA,NA,NA,2026-09-27 16:05:00,2026-09-26 15:09:07,2026-09-26 15:08:57,live
WR,00-0037231,Kevin Austin Jr.,NO,LV,2026_03_LV_NO,2026,3,NA,NA,15,20,4.5419770322234925,NA,NA,NA,NA,NA,7.427180131788169,1.6084167769084807,14.219914581150476,0.7081506434743394,17.020862749561783,0.08607461880860168,0.02224201136934389,0.08107360005104865,0.02180904491426184,platt,platt,0.08107360005104865,0.02180904491426184,NA,NA,NA,2026-09-27 16:25:00,2026-09-26 15:09:07,2026-09-26 15:08:57,live
WR,00-0036849,Tutu Atwell,LA,DEN,2026_03_LA_DEN,2026,3,NA,NA,15,20,4.4976041915326075,NA,NA,NA,NA,NA,7.41685690668278,1.6451119368600091,14.154702819692826,0.7521203834584123,16.93301799008121,0.08478759376696254,0.02119072877950123,0.07979072911435761,0.02075814037945335,platt,platt,0.07979072911435761,0.02075814037945335,NA,NA,NA,2026-09-27 20:20:00,2026-09-26 15:09:07,2026-09-26 15:08:57,live
WR,00-0040782,Isaiah Bond,CLE,CAR,2026_03_CAR_CLE,2026,3,NA,NA,15,20,4.551113977879684,NA,NA,NA,NA,NA,7.316602658498056,1.4881675277234292,14.120627789625752,0.5864049986193942,16.92623161102138,0.08432828962399952,0.02140781471600827,0.07933318723843395,0.02097506451371126,platt,platt,0.07933318723843395,0.02097506451371126,NA,NA,NA,2026-09-27 13:00:00,2026-09-26 15:09:07,2026-09-26 15:08:57,live
WR,00-0037093,Dareke Young,LV,NO,2026_03_LV_NO,2026,3,NA,Full Participation in Practice,15,20,4.456690157171214,NA,NA,NA,NA,NA,7.428478407648338,1.7001581948567877,14.115630930147187,0.8138852233468281,16.873042948739876,0.08396378444915586,0.02040469595501315,0.07897018621865265,0.01997306862283509,platt,platt,0.07897018621865265,0.01997306862283509,NA,NA,NA,2026-09-27 16:25:00,2026-09-26 15:09:07,2026-09-26 15:08:57,live
WR,00-0040890,Cyrus Allen,KC,MIA,2026_03_KC_MIA,2026,3,NA,NA,15,20,4.507536842456002,NA,NA,NA,NA,NA,7.352390620880663,1.570113839290603,14.102531208247225,0.6754928273804666,16.885916022661416,0.08387810432993148,0.02080156190467741,0.07888487327942512,0.02036937512735348,platt,platt,0.07888487327942512,0.02036937512735348,NA,NA,NA,2026-09-27 13:00:00,2026-09-26 15:09:07,2026-09-26 15:08:57,live
WR,00-0040563,Efton Chism III,NE,JAX,2026_03_NE_JAX,2026,3,NA,NA,15,20,4.433500234775351,NA,NA,NA,NA,NA,7.450014526517442,1.7463380092973209,14.10839837951416,0.863877855592885,16.853947789204597,0.0837627831912453,0.02009531611802284,0.07877005454696093,0.01966423175271972,platt,platt,0.07877005454696093,0.01966423175271972,NA,NA,NA,2026-09-27 13:00:00,2026-09-26 15:09:07,2026-09-26 15:08:57,live
WR,00-0041529,Kevin Coleman Jr.,MIA,KC,2026_03_KC_MIA,2026,3,NA,NA,15,20,4.608161829496239,NA,NA,NA,NA,NA,6.952141793236609,1.0633954175604767,13.826573339944485,0.1523016666935657,16.661208874891383,0.0793019835250619,0.0192606572629379,0.07433604711122613,0.01883151671525557,platt,platt,0.07433604711122613,0.01883151671525557,NA,NA,NA,2026-09-27 13:00:00,2026-09-26 15:09:07,2026-09-26 15:08:57,live
WR,00-0036862,Ben Skowronek,PIT,CIN,2026_03_CIN_PIT,2026,3,NA,NA,15,20,4.421984092304056,NA,NA,NA,NA,NA,7.172041687735477,1.4806115687977313,13.816129284565749,0.6000461506165955,16.555783708544162,0.07839379475979524,0.01719068330502204,0.07343511032703046,0.01676955247374237,platt,platt,0.07343511032703046,0.01676955247374237,NA,NA,NA,2026-09-27 13:00:00,2026-09-26 15:09:07,2026-09-26 15:08:57,live
WR,00-0040218,Jimmy Horn Jr.,CAR,CLE,2026_03_CAR_CLE,2026,3,NA,NA,15,20,4.376293231870526,NA,NA,NA,NA,NA,7.223105212744271,1.580318016416597,13.810407813179388,0.7072785231075196,16.52664724385401,0.07810222152387436,0.01662791067630831,0.07314599729635964,0.01620979411432965,platt,platt,0.07314599729635964,0.01620979411432965,NA,NA,NA,2026-09-27 13:00:00,2026-09-26 15:09:07,2026-09-26 15:08:57,live
WR,00-0035406,Lil'Jordan Humphrey,DEN,LA,2026_03_LA_DEN,2026,3,NA,NA,15,20,4.421850103076399,NA,NA,NA,NA,NA,7.080338976901919,1.389051376205933,13.72426020013845,0.5085080081304012,16.463846020844336,0.07671655711203751,0.01631404904679445,0.0717729109510711,0.01589777779876451,platt,platt,0.0717729109510711,0.01589777779876451,NA,NA,NA,2026-09-27 20:20:00,2026-09-26 15:09:07,2026-09-26 15:08:57,live
WR,00-0038573,Derius Davis,LAC,BUF,2026_03_LAC_BUF,2026,3,NA,NA,15,20,4.493276944067321,NA,NA,NA,NA,NA,6.951576753255325,1.1844213229055267,13.684064908786093,0.29213985285043886,16.460170836179593,0.07629890347070711,0.01672264317647487,0.07135933822326963,0.01630399296332079,platt,platt,0.07135933822326963,0.01630399296332079,NA,NA,NA,2026-09-27 13:00:00,2026-09-26 15:09:07,2026-09-26 15:08:57,live
WR,00-0038824,Ryan Miller,MIA,KC,2026_03_KC_MIA,2026,3,Questionable,Full Participation in Practice,15,20,4.435316948935699,NA,NA,NA,NA,NA,7.0214036348772995,1.315795707521585,13.682042186228934,0.4330367303337397,16.428521308875855,0.0760064112102028,0.01606293227080291,0.07106978454088135,0.01564822403958811,platt,platt,0.07106978454088135,0.01564822403958811,NA,NA,NA,2026-09-27 13:00:00,2026-09-26 15:09:07,2026-09-26 15:08:57,live
WR,00-0040894,Malik Benson,LV,NO,2026_03_LV_NO,2026,3,NA,NA,15,20,4.473074826306477,NA,NA,NA,NA,NA,6.9396480113362244,1.1939293984238573,13.647111157357056,0.3049645851170366,16.412898154270664,0.07554242528161681,0.01615242720844656,0.07061059705462003,0.01573715302296281,platt,platt,0.07061059705462003,0.01573715302296281,NA,NA,NA,2026-09-27 16:25:00,2026-09-26 15:09:07,2026-09-26 15:08:57,live
WR,00-0040705,Chimere Dike,TEN,NYG,2026_03_TEN_NYG,2026,3,NA,NA,15,20,4.379770193125743,NA,NA,NA,NA,NA,6.965683223665439,1.3191913331220615,13.557310626896026,0.4455786577580154,16.275333367158126,0.07346068243408344,0.01423675841646265,0.06855247591150936,0.01383585129347375,platt,platt,0.06855247591150936,0.01383585129347375,NA,NA,NA,2026-09-27 13:00:00,2026-09-26 15:09:07,2026-09-26 15:08:57,live
WR,00-0039849,Marvin Harrison Jr.,ARI,SF,2026_03_ARI_SF,2026,3,NA,NA,15,20,5.545469198601801,NA,NA,NA,NA,NA,9.10183785623598,2.239455734962255,17.11287673114961,1.1777232255475614,20.4161862938939,0.1554683408136479,0.05629953514783747,0.06659386377327721,0,platt,platt,0.15159386377327722,0.05623173868349303,role_change_down,0.85,Sustained target volume collapse (1 target in two consecutive games) suggests a material shift in Cardinals' offensive usage or confidence in their 2024 first-round pick.,2026-09-27 16:05:00,2026-09-26 15:09:07,2026-09-26 15:08:57,live
WR,00-0037742,Treylon Burks,WAS,SEA,2026_03_SEA_WAS,2026,3,NA,NA,15,20,4.517169688534656,NA,NA,NA,NA,NA,6.6015498567450965,0.8090630005816282,13.363609527438392,-0.08713769137350802,16.151909112901272,0.07065612172570845,0.01398292495436037,0.0657852786765653,0.01358429252760415,platt,platt,0.0657852786765653,0.01358429252760415,NA,NA,NA,2026-09-27 13:00:00,2026-09-26 15:09:07,2026-09-26 15:08:57,live
WR,00-0040164,Jaylin Lane,WAS,SEA,2026_03_SEA_WAS,2026,3,NA,Full Participation in Practice,15,20,4.384213563983058,NA,NA,NA,NA,NA,6.52296139124695,0.8717358422765047,13.120114794197406,-0.0026092141983085,15.84041615125358,0.06544711487706367,0.01009425537249719,0.06066332996515714,0.00974305893346067,platt,platt,0.06066332996515714,0.00974305893346067,NA,NA,NA,2026-09-27 13:00:00,2026-09-26 15:09:07,2026-09-26 15:08:57,live
WR,00-0036407,Jerry Jeudy,CLE,CAR,2026_03_CAR_CLE,2026,3,NA,NA,15,20,5.6993356043188985,NA,NA,NA,NA,NA,8.206935127950555,1.1875746906645874,16.401228063898476,0.10155484509781763,19.780101470693246,0.1359631062138391,0.04830154925060848,0.04654614497786398,0,platt,platt,0.131546144977864,0.04809817651098679,role_change_down,0.85,"Denzel Boston has emerged as the WR1, indicating a shift in target hierarchy and Jeudy's reduced offensive role.",2026-09-27 13:00:00,2026-09-26 15:09:07,2026-09-26 15:08:57,live
WR,00-0041511,Omar Cooper Jr.,NYJ,DET,2026_03_NYJ_DET,2026,3,NA,NA,15,20,4.502211804907727,NA,NA,NA,NA,NA,7.398201992134403,1.6215709653529498,14.1417518125558,0.7278234520784972,16.92241895903507,0.08456758500328121,0.02111562025053914,0.00757154601178827,0,platt,platt,0.07957154601178827,0.02068309815772307,role_change_down,0.72,"Cooper is week-to-week and Jets are adding WR depth, suggesting reduced target opportunity during his absence.",2026-09-27 13:00:00,2026-09-26 15:09:07,2026-09-26 15:08:57,live
WR,00-0031235,Odell Beckham Jr.,NYG,TEN,2026_03_TEN_NYG,2026,3,NA,NA,15,20,4.579310262887007,NA,NA,NA,NA,NA,7.655262530612781,1.7970018602195656,14.49410553593158,0.8906247899162398,17.31406632382878,0.0910301152725308,0.02514265334268728,0.0010236166415687,0,platt,platt,0.08602361664156871,0.02471366086235786,role_change_down,0.85,"Despite preseason hype about offensive involvement, OBJ received only 11 snaps and zero targets/touches, indicating his role is significantly limited or not materializing as expected.",2026-09-27 13:00:00,2026-09-26 15:09:07,2026-09-26 15:08:57,live
QB,00-0034857,Josh Allen,BUF,LAC,2026_03_LAC_BUF,2026,3,NA,NA,20,25,6.073178502807356,8.927368683629183,-4.369218364818913,22.22395573207728,-7.839399573080733,25.6941369403391,NA,NA,NA,NA,NA,0.6455,0.414,0.6729041527150862,0.40339386542886296,platt_vol_vegas,platt,0.6729041527150862,0.40339386542886296,NA,NA,NA,2026-09-27 13:00:00,2026-09-27 08:08:51,2026-09-27 08:08:40,live
QB,00-0033873,Patrick Mahomes,KC,MIA,2026_03_KC_MIA,2026,3,NA,Full Participation in Practice,20,25,2.717487083299503,7.385890119537413,-5.910696928910683,20.68247716798551,-9.380878137172504,24.15265837624733,NA,NA,NA,NA,NA,0.4965,0.2895,0.5574449481985582,0.3635299460486603,platt_vol_vegas,platt,0.4724449481985582,0.27852994604866027,role_change_up,0.85,Waiving a backup QB who started recent games suggests the starter is healthy and returning to full role.,2026-09-27 13:00:00,2026-09-27 08:08:51,2026-09-27 08:08:40,live
QB,00-0034796,Lamar Jackson,BAL,DAL,2026_03_BAL_DAL,2026,3,NA,NA,20,25,3.195082987284453,7.687407101286743,-5.609179947161353,20.98399414973484,-9.079361155423172,24.45417535799666,NA,NA,NA,NA,NA,0.489,0.275,0.5444633276132543,0.2641204976207349,platt_vol_vegas,platt,0.5444633276132543,0.2641204976207349,NA,NA,NA,2026-09-27 16:25:00,2026-09-27 08:08:51,2026-09-27 08:08:40,live
QB,00-0037834,Brock Purdy,SF,ARI,2026_03_ARI_SF,2026,3,NA,NA,20,25,3.320963980376249,8.75796350606963,-4.538623542378465,22.054550554517725,-8.008804750640286,25.524731762779545,NA,NA,NA,NA,NA,0.4895,0.277,0.5072038659465062,0.2661061456234884,platt_vol_vegas,platt,0.5072038659465062,0.2661061456234884,NA,NA,NA,2026-09-27 16:05:00,2026-09-27 08:08:51,2026-09-27 08:08:40,live
QB,00-0033106,Jared Goff,DET,NYJ,2026_03_NYJ_DET,2026,3,NA,NA,20,25,1.4779160094291,8.734069227276825,-4.562517821171271,22.03065627572492,-8.032699029433092,25.500837483986743,NA,NA,NA,NA,NA,0.482,0.283,0.4472395059820523,0.2720666865185987,platt_vol_vegas,platt,0.4472395059820523,0.2720666865185987,NA,NA,NA,2026-09-27 13:00:00,2026-09-27 08:08:51,2026-09-27 08:08:40,live
QB,00-0033077,Dak Prescott,DAL,BAL,2026_03_BAL_DAL,2026,3,NA,NA,20,25,3.0172866111088945,5.354066262939341,-7.942520785508755,18.650653311387437,-11.412701993770575,22.120834519649257,NA,NA,NA,NA,NA,0.391,0.192,0.432172560229357,0.1822947596778548,platt_vol_vegas,platt,0.432172560229357,0.1822947596778548,NA,NA,NA,2026-09-27 16:25:00,2026-09-27 08:08:51,2026-09-27 08:08:40,live
QB,00-0040743,Tyler Shough,NO,LV,2026_03_LV_NO,2026,3,NA,NA,20,25,4.397775021344569,4.71497361775855,-8.581613430689547,18.011560666206645,-12.051794638951367,21.481741874468465,NA,NA,NA,NA,NA,0.5045,0.296,0.4111312138560121,0.2849993438555186,platt_vol_vegas,platt,0.4111312138560121,0.2849993438555186,NA,NA,NA,2026-09-27 16:25:00,2026-09-27 08:08:51,2026-09-27 08:08:40,live
QB,00-0036389,Jalen Hurts,PHI,CHI,2026_03_PHI_CHI,2026,3,NA,NA,20,25,4.899180472190453,3.007520352840583,-10.289066695607511,16.30410740128868,-13.759247903869332,19.7742886095505,NA,NA,NA,NA,NA,0.424,0.2265,0.3696036343581765,0.21616235182307225,platt_vol_vegas,platt,0.3696036343581765,0.21616235182307225,NA,NA,NA,2026-09-28 20:15:00,2026-09-27 08:08:51,2026-09-27 08:08:40,live
QB,00-0036355,Justin Herbert,LAC,BUF,2026_03_LAC_BUF,2026,3,NA,NA,20,25,4.248823615035765,1.540181830037572,-11.756405218410524,14.836768878485667,-15.226586426672345,18.306950086747488,NA,NA,NA,NA,NA,0.31,0.146,0.35120483268813957,0.13750674028782517,platt_vol_vegas,platt,0.35120483268813957,0.13750674028782517,NA,NA,NA,2026-09-27 13:00:00,2026-09-27 08:08:51,2026-09-27 08:08:40,live
QB,00-0036971,Trevor Lawrence,JAX,NE,2026_03_NE_JAX,2026,3,NA,NA,20,25,2.7465401955844326,3.8890009981406632,-9.407586050307431,17.18558804658876,-12.877767258569254,20.65576925485058,NA,NA,NA,NA,NA,0.3525,0.169,0.3302680668874415,0.15984426767919035,platt_vol_vegas,platt,0.3302680668874415,0.15984426767919035,NA,NA,NA,2026-09-27 13:00:00,2026-09-27 08:08:51,2026-09-27 08:08:40,live
QB,00-0039851,Drake Maye,NE,JAX,2026_03_NE_JAX,2026,3,NA,NA,20,25,4.370287989371777,3.374761065465517,-9.92182598298258,16.671348113913613,-13.3920071912444,20.141529322175433,NA,NA,NA,NA,NA,0.3735,0.1785,0.32921442775210463,0.1691041775229171,platt_vol_vegas,platt,0.32921442775210463,0.1691041775229171,NA,NA,NA,2026-09-27 13:00:00,2026-09-27 08:08:51,2026-09-27 08:08:40,live
QB,00-0039163,C.J. Stroud,HOU,IND,2026_03_HOU_IND,2026,3,NA,NA,20,25,2.8419787880978284,2.2050838503114565,-11.09150319813664,15.501670898759553,-14.56168440639846,18.971852107021373,NA,NA,NA,NA,NA,0.3715,0.185,0.28265305868053725,0.17545063580117687,platt_vol_vegas,platt,0.28265305868053725,0.17545063580117687,NA,NA,NA,2026-09-27 13:00:00,2026-09-27 08:08:51,2026-09-27 08:08:40,live
QB,00-0030565,Geno Smith,NYJ,DET,2026_03_NYJ_DET,2026,3,NA,NA,20,25,3.0764338488718983,0.4144236204260155,-12.88216342802208,13.711010668874112,-16.352344636283902,17.18119187713593,NA,NA,NA,NA,NA,0.275,0.124,0.2818909117192467,0.11625677021478496,platt_vol_vegas,platt,0.2818909117192467,0.11625677021478496,NA,NA,NA,2026-09-27 13:00:00,2026-09-27 08:08:51,2026-09-27 08:08:40,live
QB,00-0039918,Caleb Williams,CHI,PHI,2026_03_PHI_CHI,2026,3,Out,Did Not Participate In Practice,20,25,4.87747665801864,0.2847497398835692,-13.011837308564528,13.581336788331663,-16.482018516826347,17.051517996593486,NA,NA,NA,NA,NA,0.3265,0.152,0.2731334940632346,0.14332243221860283,platt_vol_vegas,platt,0.2731334940632346,0.14332243221860283,NA,NA,NA,2026-09-28 20:15:00,2026-09-27 08:08:51,2026-09-27 08:08:40,live
QB,00-0033537,Deshaun Watson,CLE,CAR,2026_03_CAR_CLE,2026,3,NA,NA,20,25,4.7482736819290174,0.5800949158474277,-12.716492132600669,13.876681964295525,-16.186673340862487,17.346863172557345,NA,NA,NA,NA,NA,0.303,0.138,0.26992118389767145,0.1297656825569432,platt_vol_vegas,platt,0.26992118389767145,0.1297656825569432,NA,NA,NA,2026-09-27 13:00:00,2026-09-27 08:08:51,2026-09-27 08:08:40,live
QB,00-0033119,Jacoby Brissett,ARI,SF,2026_03_ARI_SF,2026,3,NA,Full Participation in Practice,20,25,2.588556829299428,1.2339644151997793,-12.062622633248315,14.530551463647877,-15.532803841510136,18.000732671909695,NA,NA,NA,NA,NA,0.247,0.1065,0.2540710072928321,0.09944333574197924,platt_vol_vegas,platt,0.2540710072928321,0.09944333574197924,NA,NA,NA,2026-09-27 16:05:00,2026-09-27 08:08:51,2026-09-27 08:08:40,live
QB,00-0039732,Bo Nix,DEN,LA,2026_03_LA_DEN,2026,3,NA,NA,20,25,2.970614679080875,1.1312646692497823,-12.165322379198312,14.427851717697878,-15.635503587460134,17.898032925959697,NA,NA,NA,NA,NA,0.294,0.1285,0.2411775380840533,0.12059350171680892,platt_vol_vegas,platt,0.2411775380840533,0.12059350171680892,NA,NA,NA,2026-09-27 20:20:00,2026-09-27 08:08:51,2026-09-27 08:08:40,live
QB,00-0034855,Baker Mayfield,TB,MIN,2026_03_MIN_TB,2026,3,NA,Full Participation in Practice,20,25,3.1686384900453453,1.2855239115691826,-12.011063136878914,14.582110960017278,-15.481244345140734,18.0522921682791,NA,NA,NA,NA,NA,0.3045,0.1395,0.2410388731349411,0.13121595977655293,platt_vol_vegas,platt,0.2410388731349411,0.13121595977655293,NA,NA,NA,2026-09-27 16:05:00,2026-09-27 08:08:51,2026-09-27 08:08:40,live
QB,00-0036442,Joe Burrow,CIN,PIT,2026_03_CIN_PIT,2026,3,NA,NA,20,25,1.7755734803470848,1.7671881433059449,-11.529398905142152,15.06377519175404,-14.999580113403972,18.53395640001586,NA,NA,NA,NA,NA,0.278,0.132,0.2402035205500937,0.12397010021562813,platt_vol_vegas,platt,0.2402035205500937,0.12397010021562813,NA,NA,NA,2026-09-27 13:00:00,2026-09-27 08:08:51,2026-09-27 08:08:40,live
QB,00-0031503,Jameis Winston,NYG,TEN,2026_03_TEN_NYG,2026,3,NA,NA,20,25,2.632868255410564,-3.2847601759538603,-16.581347224401956,10.011826872494236,-20.051528432663776,13.482008080756057,NA,NA,NA,NA,NA,0.1415,0.052,0.22953074191588577,0.14271023478347494,platt_vol_vegas,platt,0.13453074191588577,0.04771023478347495,role_change_up,0.95,"Dart's season-ending surgery creates immediate QB1 opportunity for Jameis Winston, directly impacting passing volume and touchdown distribution for Giants receivers and pass-catchers.",2026-09-27 13:00:00,2026-09-27 08:08:51,2026-09-27 08:08:40,live
QB,00-0034869,Sam Darnold,SEA,WAS,2026_03_SEA_WAS,2026,3,NA,Full Participation in Practice,20,25,1.5662714985125028,2.0224337058102932,-11.274153342637804,15.31902075425839,-14.744334550899625,18.78920196252021,NA,NA,NA,NA,NA,0.2275,0.0965,0.22921684924462649,0.08987493161579076,platt_vol_vegas,platt,0.22921684924462649,0.08987493161579076,NA,NA,NA,2026-09-27 13:00:00,2026-09-27 08:08:51,2026-09-27 08:08:40,live
QB,00-0039150,Bryce Young,CAR,CLE,2026_03_CAR_CLE,2026,3,NA,NA,20,25,2.0716995695401628,0.19137899965884536,-13.105208048789253,13.48796604810694,-16.57538925705107,16.95814725636876,NA,NA,NA,NA,NA,0.268,0.127,0.2250361885219925,0.1191473433906277,platt_vol_vegas,platt,0.2250361885219925,0.1191473433906277,NA,NA,NA,2026-09-27 13:00:00,2026-09-27 08:08:51,2026-09-27 08:08:40,live
QB,00-0035710,Daniel Jones,IND,HOU,2026_03_HOU_IND,2026,3,NA,NA,20,25,2.6665655551562346,1.9413916095622512,-11.355195438885843,15.237978658010348,-14.825376647147666,18.70815986627217,NA,NA,NA,NA,NA,0.2855,0.119,0.22441025225474096,0.11144440201211454,platt_vol_vegas,platt,0.22441025225474096,0.11144440201211454,NA,NA,NA,2026-09-27 13:00:00,2026-09-27 08:08:51,2026-09-27 08:08:40,live
QB,00-0026498,Matthew Stafford,LA,DEN,2026_03_LA_DEN,2026,3,NA,NA,20,25,1.0970701203605595,2.304995025136497,-10.9915920233116,15.601582073584591,-14.46177323157342,19.071763281846412,NA,NA,NA,NA,NA,0.2345,0.1045,0.21344805926643873,0.09752727695984212,platt_vol_vegas,platt,0.21344805926643873,0.09752727695984212,NA,NA,NA,2026-09-27 20:20:00,2026-09-27 08:08:51,2026-09-27 08:08:40,live
QB,00-0035228,Kyler Murray,MIN,TB,2026_03_MIN_TB,2026,3,NA,NA,20,25,2.4041130837860547,-0.8638397139455525,-14.160426762393648,12.432747334502544,-17.63060797065547,15.902928542764364,NA,NA,NA,NA,NA,0.186,0.0615,0.19314856919911833,0.05664672978583869,platt_vol_vegas,platt,0.19314856919911833,0.05664672978583869,NA,NA,NA,2026-09-27 16:05:00,2026-09-27 08:08:51,2026-09-27 08:08:40,live
QB,00-0038128,Malik Willis,MIA,KC,2026_03_KC_MIA,2026,3,NA,NA,20,25,3.4255818430690814,-3.082901822033961,-16.379488870482056,10.213685226414135,-19.849670078743877,13.683866434675956,NA,NA,NA,NA,NA,0.1745,0.0635,0.18668491083345348,0.05853311934042209,platt_vol_vegas,platt,0.18668491083345348,0.05853311934042209,NA,NA,NA,2026-09-27 13:00:00,2026-09-27 08:08:51,2026-09-27 08:08:40,live
QB,00-0029604,Kirk Cousins,LV,NO,2026_03_LV_NO,2026,3,NA,NA,20,25,1.164680266596693,0.27026671307068484,-13.026320335377411,13.56685376151878,-16.49650154363923,17.037034969780603,NA,NA,NA,NA,NA,0.235,0.103,0.18333060698763956,0.09609100207602976,platt_vol_vegas,platt,0.18333060698763956,0.09609100207602976,NA,NA,NA,2026-09-27 16:25:00,2026-09-27 08:08:51,2026-09-27 08:08:40,live
QB,00-0023459,Aaron Rodgers,PIT,CIN,2026_03_CIN_PIT,2026,3,NA,NA,20,25,1.1133873418194715,-0.8856028641397653,-14.18218991258786,12.410984184308331,-17.652371120849683,15.881165392570152,NA,NA,NA,NA,NA,0.21,0.0855,0.1628965334715383,0.0793855607173039,platt_vol_vegas,platt,0.1628965334715383,0.0793855607173039,NA,NA,NA,2026-09-27 13:00:00,2026-09-27 08:08:51,2026-09-27 08:08:40,live
QB,00-0040676,Cam Ward,TEN,NYG,2026_03_TEN_NYG,2026,3,NA,NA,20,25,2.6641455225082065,-2.064123487997639,-15.360710536445737,11.232463560450457,-18.830891744707557,14.702644768712275,NA,NA,NA,NA,NA,0.19,0.058,0.13438985206461498,0.05334964760868894,platt_vol_vegas,platt,0.13438985206461498,0.05334964760868894,NA,NA,NA,2026-09-27 13:00:00,2026-09-27 08:08:51,2026-09-27 08:08:40,live
QB,00-0036825,Feleipe Franks,CAR,CLE,2026_03_CAR_CLE,2026,3,NA,NA,20,25,2.368927336057654,-6.251348768322828,-19.547935816770924,7.045238280125268,-23.018117025032744,10.515419488387089,NA,NA,NA,NA,NA,0.081,0.021,0.13130531803113013,0.01889491273565537,platt_vol_vegas,platt,0.13130531803113013,0.01889491273565537,NA,NA,NA,2026-09-27 13:00:00,2026-09-27 08:08:51,2026-09-27 08:08:40,live
QB,00-0039910,Jayden Daniels,WAS,SEA,2026_03_SEA_WAS,2026,3,Out,Did Not Participate In Practice,20,25,5.687168408671858,-4.57456880839344,-17.871155856841536,8.722018240054656,-21.341337065103357,12.192199448316476,NA,NA,NA,NA,NA,0.2035,0.074,0.09273802681973026,0,platt_vol_vegas,platt,0.18773802681973023,0.06846301605117991,role_change_down,0.95,Starting QB change due to injury means Daniels loses snaps/touches and Mariota takes over the offense in Week 3.,2026-09-27 13:00:00,2026-09-27 08:08:51,2026-09-27 08:08:40,live
QB,00-0032950,Carson Wentz,MIN,TB,2026_03_MIN_TB,2026,3,NA,NA,20,25,2.4920299252241223,2.2279511085954105,-11.068635939852683,15.524538157043509,-14.538817148114504,18.994719365305325,NA,NA,NA,NA,NA,0.252,0.111,0.08773802681973025,0,platt_vol_vegas,platt,0.22529739106557556,0.10375868220919378,NA,NA,NA,2026-09-27 16:05:00,2026-09-27 08:08:51,2026-09-27 08:08:40,live
QB,00-0035704,Drew Lock,SEA,WAS,2026_03_SEA_WAS,2026,3,NA,NA,20,25,1.7593870021940343,3.96110690269855,-9.335480145749546,17.257693951146646,-12.805661354011368,20.727875159408462,NA,NA,NA,NA,NA,0.2875,0.1565,0.08773802681973025,0,platt_vol_vegas,platt,0.2605929238044705,0.14768961760966004,NA,NA,NA,2026-09-27 13:00:00,2026-09-27 08:08:51,2026-09-27 08:08:40,live
QB,00-0038102,Kenny Pickett,CAR,CLE,2026_03_CAR_CLE,2026,3,NA,NA,20,25,1.1594193297520947,-5.007760940274251,-18.30434798872235,8.288826108173845,-21.77452919698417,11.759007316435666,NA,NA,NA,NA,NA,0.076,0.0155,0.08773802681973025,0,platt_vol_vegas,platt,0.11490902454984478,0.01386089452312522,NA,NA,NA,2026-09-27 13:00:00,2026-09-27 08:08:51,2026-09-27 08:08:40,live
QB,00-0038416,Tyson Bagent,CHI,PHI,2026_03_PHI_CHI,2026,3,Questionable,Full Participation in Practice,20,25,1.6999954417752878,-4.749309001258871,-18.04589604970697,8.547278047189225,-21.51607725796879,12.017459255451046,NA,NA,NA,NA,NA,0.101,0.0295,0.08773802681973025,0,platt_vol_vegas,platt,0.12007863570910182,0.02673127810418369,role_change_up,0.85,"Caleb Williams ruled out creates a starting opportunity for either Bagent or Keenum, materially increasing one backup QB's snap share and volume.",2026-09-28 20:15:00,2026-09-27 08:08:51,2026-09-27 08:08:40,live
QB,00-0039107,Stetson Bennett,LA,DEN,2026_03_LA_DEN,2026,3,NA,NA,20,25,1.7639918020683465,-3.222424038879643,-16.51901108732774,10.074163009568451,-19.98919229558956,13.544344217830274,NA,NA,NA,NA,NA,0.1255,0.0475,0.08773802681973025,0,platt_vol_vegas,platt,0.16771661912829655,0.04349190612099697,role_change_up,0.85,"Bennett elevated to backup QB role over rookie Simpson, increasing his opportunity to play if starter is injured.",2026-09-27 20:20:00,2026-09-27 08:08:51,2026-09-27 08:08:40,live
QB,00-0040691,Jaxson Dart,NYG,TEN,2026_03_TEN_NYG,2026,3,NA,Did Not Participate In Practice,20,25,4.8481817789191375,1.0653069505700017,-12.231280097878097,14.361893999018095,-15.701461306139915,17.832075207279917,NA,NA,NA,NA,NA,0.289,0.122,0.08773802681973025,0,platt_vol_vegas,platt,0.22948786880625135,0.11433102777429288,role_change_down,0.92,"Dart is sidelined with a sprained MCL, reducing his opportunity; Winston becomes short-term starter, which negatively impacts New York's offensive weapons.",2026-09-27 13:00:00,2026-09-27 08:08:51,2026-09-27 08:08:40,live
QB,00-0026158,Joe Flacco,CIN,PIT,2026_03_CIN_PIT,2026,3,NA,NA,20,25,1.575456773100536,-3.3150513511827584,-16.611638399630856,9.981535697265338,-20.081819607892676,13.451716905527158,NA,NA,NA,NA,NA,0.1375,0.045,0.08773802681973025,0,platt_vol_vegas,platt,0.16887094354407367,0.04115282080697391,NA,NA,NA,2026-09-27 13:00:00,2026-09-27 08:08:51,2026-09-27 08:08:40,live
QB,00-0027973,Andy Dalton,PHI,CHI,2026_03_PHI_CHI,2026,3,NA,NA,20,25,2.4496209513755285,-3.204603871744583,-16.501190920192677,10.091983176703511,-19.971372128454497,13.562164384965332,NA,NA,NA,NA,NA,0.1565,0.0495,0.08773802681973025,0,platt_vol_vegas,platt,0.1923208686237706,0.04536548192828363,NA,NA,NA,2026-09-28 20:15:00,2026-09-27 08:08:51,2026-09-27 08:08:40,live
QB,00-0028986,Case Keenum,CHI,PHI,2026_03_PHI_CHI,2026,3,NA,NA,20,25,2.3175711710318003,-3.874968960102207,-17.171556008550304,9.421618088345888,-20.641737216812125,12.891799296607708,NA,NA,NA,NA,NA,0.1005,0.0215,0.08773802681973025,0,platt_vol_vegas,platt,0.12635411200386118,0.01935412227883388,NA,NA,NA,2026-09-28 20:15:00,2026-09-27 08:08:51,2026-09-27 08:08:40,live
QB,00-0033869,Mitchell Trubisky,TEN,NYG,2026_03_TEN_NYG,2026,3,NA,NA,20,25,2.58549368409346,-4.168633764638082,-17.465220813086177,9.127953283810012,-20.935402021347997,12.598134492071834,NA,NA,NA,NA,NA,0.1135,0.038,0.08773802681973025,0,platt_vol_vegas,platt,0.10335808142802295,0.03462157084051211,NA,NA,NA,2026-09-27 13:00:00,2026-09-27 08:08:51,2026-09-27 08:08:40,live
QB,00-0033949,Joshua Dobbs,DET,NYJ,2026_03_NYJ_DET,2026,3,NA,NA,20,25,2.3780409954795876,3.5833667417599315,-9.713220306688164,16.879953790208027,-13.183401514949985,20.350134998469848,NA,NA,NA,NA,NA,0.2775,0.1195,0.08773802681973025,0,platt_vol_vegas,platt,0.3665222122135367,0.11192533928183732,NA,NA,NA,2026-09-27 13:00:00,2026-09-27 08:08:51,2026-09-27 08:08:40,live
QB,00-0034577,Kyle Allen,BUF,LAC,2026_03_LAC_BUF,2026,3,NA,NA,20,25,2.3603208898734,1.091532486956463,-12.205054561491632,14.38811953540456,-15.675235769753453,17.85830074366638,NA,NA,NA,NA,NA,0.281,0.1065,0.08773802681973025,0,platt_vol_vegas,platt,0.4058949859779225,0.09944333574197924,NA,NA,NA,2026-09-27 13:00:00,2026-09-27 08:08:51,2026-09-27 08:08:40,live
QB,00-0035264,Jarrett Stidham,DEN,LA,2026_03_LA_DEN,2026,3,NA,NA,20,25,2.451515125310913,-2.7862617953822295,-16.082848843830327,10.510325253065869,-19.553030052092147,13.980506461327687,NA,NA,NA,NA,NA,0.148,0.0425,0.08773802681973025,0,platt_vol_vegas,platt,0.16574104053686978,0.0388170643044223,NA,NA,NA,2026-09-27 20:20:00,2026-09-27 08:08:51,2026-09-27 08:08:40,live
QB,00-0035289,Gardner Minshew,ARI,SF,2026_03_ARI_SF,2026,3,NA,NA,20,25,2.38670674283861,-1.4972362146736775,-14.793823263121771,11.79935083377442,-18.264004471383593,15.26953204203624,NA,NA,NA,NA,NA,0.1375,0.0425,0.08773802681973025,0,platt_vol_vegas,platt,0.1911585942647592,0.0388170643044223,NA,NA,NA,2026-09-27 16:05:00,2026-09-27 08:08:51,2026-09-27 08:08:40,live
QB,00-0035993,Tyler Huntley,BAL,DAL,2026_03_BAL_DAL,2026,3,NA,NA,20,25,2.359473646451113,3.7924653574559946,-9.5041216909921,17.08905240590409,-12.974302899253921,20.559233614165912,NA,NA,NA,NA,NA,0.307,0.1425,0.08773802681973025,0,platt_vol_vegas,platt,0.432221615073296,0.13411814457100063,NA,NA,NA,2026-09-27 16:25:00,2026-09-27 08:08:51,2026-09-27 08:08:40,live
QB,00-0036879,Sam Ehlinger,DEN,LA,2026_03_LA_DEN,2026,3,NA,NA,20,25,2.3947606045524577,-1.9338222238169016,-15.230409272264998,11.362764824631194,-18.700590480526817,14.832946032893014,NA,NA,NA,NA,NA,0.1505,0.06,0.08773802681973025,0,platt_vol_vegas,platt,0.16627399177875604,0.05523304683398358,NA,NA,NA,2026-09-27 20:20:00,2026-09-27 08:08:51,2026-09-27 08:08:40,live
QB,00-0036898,Davis Mills,HOU,IND,2026_03_HOU_IND,2026,3,NA,NA,20,25,1.8947995998532852,-2.1509133810331273,-15.447500429481224,11.145673667414968,-18.917681637743044,14.615854875676789,NA,NA,NA,NA,NA,0.1885,0.069,0.08773802681973025,0,platt_vol_vegas,platt,0.18665321391436215,0.0637291176666275,NA,NA,NA,2026-09-27 13:00:00,2026-09-27 08:08:51,2026-09-27 08:08:40,live
QB,00-0036945,Justin Fields,KC,MIA,2026_03_KC_MIA,2026,3,NA,NA,20,25,5.334027184088416,4.499552411465082,-8.797034636983014,17.796139459913178,-12.267215845244834,21.266320668175,NA,NA,NA,NA,NA,0.445,0.227,0.08773802681973025,0,platt_vol_vegas,platt,0.5119765855217304,0.2166547710362318,NA,NA,NA,2026-09-27 13:00:00,2026-09-27 08:08:51,2026-09-27 08:08:40,live
QB,00-0036972,Mac Jones,SF,ARI,2026_03_ARI_SF,2026,3,NA,NA,20,25,2.722974756215185,6.091382201499322,-7.2052048469487735,19.387969249947417,-10.675386055210597,22.85815045820924,NA,NA,NA,NA,NA,0.402,0.208,0.08773802681973025,0,platt_vol_vegas,platt,0.4501377079425946,0.1979741108885929,NA,NA,NA,2026-09-27 16:05:00,2026-09-27 08:08:51,2026-09-27 08:08:40,live
QB,00-0037012,Trey Lance,LAC,BUF,2026_03_LAC_BUF,2026,3,Questionable,Limited Participation in Practice,20,25,2.527631120591575,-3.7523818431014218,-17.048968891549517,9.544205205346676,-20.519150099811338,13.014386413608497,NA,NA,NA,NA,NA,0.1265,0.0365,0.08773802681973025,0,platt_vol_vegas,platt,0.20992807960475723,0.03322574579039934,NA,NA,NA,2026-09-27 13:00:00,2026-09-27 08:08:51,2026-09-27 08:08:40,live
QB,00-0037013,Zach Wilson,NO,LV,2026_03_LV_NO,2026,3,NA,NA,20,25,2.499376120531166,0.38865773747593574,-12.90792931097216,13.685244785924032,-16.37811051923398,17.15542599418585,NA,NA,NA,NA,NA,0.2065,0.0815,0.08773802681973025,0,platt_vol_vegas,platt,0.2315698676707084,0.07558114986136244,NA,NA,NA,2026-09-27 16:25:00,2026-09-27 08:08:51,2026-09-27 08:08:40,live
QB,00-0037077,Sam Howell,DAL,BAL,2026_03_BAL_DAL,2026,3,NA,NA,20,25,2.451515125310913,-1.471721951691089,-14.768309000139183,11.824865096757009,-18.238490208401004,15.295046305018827,NA,NA,NA,NA,NA,0.16,0.0555,0.08773802681973025,0,platt_vol_vegas,platt,0.28685544702756854,0.05099788810434007,NA,NA,NA,2026-09-27 16:25:00,2026-09-27 08:08:51,2026-09-27 08:08:40,live
QB,00-0038400,Tanner McKee,PHI,CHI,2026_03_PHI_CHI,2026,3,NA,NA,20,25,2.3928664306170733,-2.0711119382751164,-15.367698986723212,11.22547511017298,-18.837880194985033,14.6956563184348,NA,NA,NA,NA,NA,0.1575,0.0535,0.08773802681973025,0,platt_vol_vegas,platt,0.19201615650956633,0.04911852810601867,NA,NA,NA,2026-09-28 20:15:00,2026-09-27 08:08:51,2026-09-27 08:08:40,live
QB,00-0038476,Tommy DeVito,NE,JAX,2026_03_NE_JAX,2026,3,NA,NA,20,25,2.3603208898734,-4.87375139124908,-18.170338439697176,8.422835657199016,-21.640519647958996,11.893016865460837,NA,NA,NA,NA,NA,0.1145,0.0345,0.08773802681973025,0,platt_vol_vegas,platt,0.16225526742594562,0.03136684010826356,NA,NA,NA,2026-09-27 13:00:00,2026-09-27 08:08:51,2026-09-27 08:08:40,live
QB,00-0038579,Aidan O'Connell,LV,NO,2026_03_LV_NO,2026,3,Questionable,Did Not Participate In Practice,20,25,2.4496209513755285,-2.827775719710166,-16.124362768158264,10.46881132873793,-19.594543976420084,13.93899253699975,NA,NA,NA,NA,NA,0.1415,0.0465,0.08773802681973025,0,platt_vol_vegas,platt,0.15898530525263352,0.0425558812929124,NA,NA,NA,2026-09-27 16:25:00,2026-09-27 08:08:51,2026-09-27 08:08:40,live
QB,00-0038998,Jake Haener,NYG,TEN,2026_03_TEN_NYG,2026,3,NA,NA,20,25,2.4496209513755285,-2.5975463201789437,-15.89413336862704,10.699040728269152,-19.36431457688886,14.169221936530972,NA,NA,NA,NA,NA,0.1385,0.0445,0.08773802681973025,0,platt_vol_vegas,platt,0.13108050596106977,0.04068539873148206,NA,NA,NA,2026-09-27 13:00:00,2026-09-27 08:08:51,2026-09-27 08:08:40,live
QB,00-0039164,Anthony Richardson,IND,HOU,2026_03_HOU_IND,2026,3,NA,NA,20,25,2.527631120591575,-4.066851115115233,-17.36343816356333,9.229735933332863,-20.83361937182515,12.699917141594684,NA,NA,NA,NA,NA,0.1175,0.035,0.08773802681973025,0,platt_vol_vegas,platt,0.1442727168940152,0.03183132631204705,NA,NA,NA,2026-09-27 13:00:00,2026-09-27 08:08:51,2026-09-27 08:08:40,live
QB,00-0039376,Spencer Rattler,NO,LV,2026_03_LV_NO,2026,3,NA,NA,20,25,2.7341790310870735,1.7066489463259655,-11.58993810212213,15.003235994774062,-15.06011931038395,18.473417203035883,NA,NA,NA,NA,NA,0.2945,0.14,0.08773802681973025,0,platt_vol_vegas,platt,0.27887991212111257,0.1316995067586813,NA,NA,NA,2026-09-27 16:25:00,2026-09-27 08:08:51,2026-09-27 08:08:40,live
QB,00-0039923,J.J. McCarthy,MIN,TB,2026_03_MIN_TB,2026,3,NA,NA,20,25,2.711859207014492,-0.058835811028543183,-13.35542285947664,13.237751237419552,-16.82560406773846,16.707932445681372,NA,NA,NA,NA,NA,0.2235,0.0935,0.08773802681973025,0,platt_vol_vegas,platt,0.21604929641868673,0.08701035173960686,NA,NA,NA,2026-09-27 16:05:00,2026-09-27 08:08:51,2026-09-27 08:08:40,live
QB,00-0040014,Kyle McCord,MIA,KC,2026_03_KC_MIA,2026,3,NA,NA,20,25,2.368816670918668,-4.626114734176067,-17.922701782624163,8.670472314272029,-21.392882990885983,12.14065352253385,NA,NA,NA,NA,NA,0.107,0.025,0.08773802681973025,0,platt_vol_vegas,platt,0.13615814976920604,0.02257503433461274,NA,NA,NA,2026-09-27 13:00:00,2026-09-27 08:08:51,2026-09-27 08:08:40,live
QB,00-0040203,Will Howard,PIT,CIN,2026_03_CIN_PIT,2026,3,NA,NA,20,25,2.36118765487733,-1.7851577669135978,-15.081744815361692,11.5114292815345,-18.551926023623516,14.98161048979632,NA,NA,NA,NA,NA,0.1425,0.0455,0.08773802681973025,0,platt_vol_vegas,platt,0.14942414429798498,0.04162037598801674,NA,NA,NA,2026-09-27 13:00:00,2026-09-27 08:08:51,2026-09-27 08:08:40,live
QB,00-0040206,Riley Leonard,IND,HOU,2026_03_HOU_IND,2026,3,NA,NA,20,25,2.3928664306170733,-3.4707241590283138,-16.76731120747641,9.82586288941978,-20.23749241573823,13.296044097681602,NA,NA,NA,NA,NA,0.145,0.0455,0.08773802681973025,0,platt_vol_vegas,platt,0.15741338592436321,0.04162037598801674,NA,NA,NA,2026-09-27 13:00:00,2026-09-27 08:08:51,2026-09-27 08:08:40,live
QB,00-0040234,Quinn Ewers,JAX,NE,2026_03_NE_JAX,2026,3,NA,NA,20,25,2.383645055351765,-0.5680159259277219,-13.864602974375815,12.728571122520377,-17.334784182637637,16.198752330782195,NA,NA,NA,NA,NA,0.1965,0.073,0.08773802681973025,0,platt_vol_vegas,platt,0.24489999003203583,0.06751547910925741,NA,NA,NA,2026-09-27 13:00:00,2026-09-27 08:08:51,2026-09-27 08:08:40,live
QB,00-0040398,Brady Cook,MIA,KC,2026_03_KC_MIA,2026,3,NA,NA,20,25,2.3252526726979976,-5.042080407670778,-18.338667456118873,8.254506640777318,-21.808848664380697,11.72468784903914,NA,NA,NA,NA,NA,0.1105,0.031,0.08773802681973025,0,platt_vol_vegas,platt,0.13769615520806278,0.02812011314917865,NA,NA,NA,2026-09-27 13:00:00,2026-09-27 08:08:51,2026-09-27 08:08:40,live
QB,00-0040464,DJ Uiagalelei,LAC,BUF,2026_03_LAC_BUF,2026,3,NA,NA,20,25,2.3603208898734,-4.353512993017318,-17.650100041465414,8.943074055430777,-21.120281249727235,12.413255263692598,NA,NA,NA,NA,NA,0.1235,0.04,0.08773802681973025,0,platt_vol_vegas,platt,0.2050615636770913,0.03648478341234495,NA,NA,NA,2026-09-27 13:00:00,2026-09-27 08:08:51,2026-09-27 08:08:40,live
QB,00-0040589,Kurtis Rourke,SF,ARI,2026_03_ARI_SF,2026,3,NA,NA,20,25,2.3947606045524577,4.568494578635339,-8.728092469812758,17.865081627083434,-12.198273678074578,21.335262835345254,NA,NA,NA,NA,NA,0.3225,0.156,0.08773802681973025,0,platt_vol_vegas,platt,0.4018557756896206,0.14720414882077448,NA,NA,NA,2026-09-27 16:05:00,2026-09-27 08:08:51,2026-09-27 08:08:40,live
QB,00-0040668,Shedeur Sanders,CLE,CAR,2026_03_CAR_CLE,2026,3,NA,NA,20,25,2.4290817351333245,-0.7679098241761801,-14.064496872624275,12.528677224271917,-17.534678080886096,15.998858432533735,NA,NA,NA,NA,NA,0.1825,0.0745,0.08773802681973025,0,platt_vol_vegas,platt,0.1761906877574875,0.06893692401370446,NA,NA,NA,2026-09-27 13:00:00,2026-09-27 08:08:51,2026-09-27 08:08:40,live
QB,00-0040673,Jalen Milroe,SEA,WAS,2026_03_SEA_WAS,2026,3,NA,NA,20,25,2.4496209513755285,0.7361843543659691,-12.560402694082129,14.032771402814063,-16.03058390234395,17.502952611075884,NA,NA,NA,NA,NA,0.2115,0.0865,0.08773802681973025,0,platt_vol_vegas,platt,0.23674506825904712,0.08033751049557732,NA,NA,NA,2026-09-27 13:00:00,2026-09-27 08:08:51,2026-09-27 08:08:40,live
QB,00-0040891,Cole Payton,PHI,CHI,2026_03_PHI_CHI,2026,3,NA,NA,20,25,2.4496209513755285,-3.1721354192884443,-16.46872246773654,10.124451629159651,-19.93890367599836,13.594632837421472,NA,NA,NA,NA,NA,0.152,0.0405,0.08773802681973025,0,platt_vol_vegas,platt,0.1897671185527539,0.03695095393465202,NA,NA,NA,2026-09-28 20:15:00,2026-09-27 08:08:51,2026-09-27 08:08:40,live
QB,00-0040906,Garrett Nussmeier,KC,MIA,2026_03_KC_MIA,2026,3,NA,NA,20,25,2.3501167117754735,4.286626983013322,-9.009960065434774,17.583214031461416,-12.480141273696594,21.053395239723237,NA,NA,NA,NA,NA,0.3085,0.136,0.08773802681973025,0,platt_vol_vegas,platt,0.3713578833230559,0.12783283371997334,NA,NA,NA,2026-09-27 13:00:00,2026-09-27 08:08:51,2026-09-27 08:08:40,live
QB,00-0040981,Joe Fagnano,BAL,DAL,2026_03_BAL_DAL,2026,3,NA,NA,20,25,2.359473646451113,3.7924653574559946,-9.5041216909921,17.08905240590409,-12.974302899253921,20.559233614165912,NA,NA,NA,NA,NA,0.3,0.137,0.08773802681973025,0,platt_vol_vegas,platt,0.4283329893283198,0.1287991356320276,NA,NA,NA,2026-09-27 16:25:00,2026-09-27 08:08:51,2026-09-27 08:08:40,live
QB,00-0041056,Cade Klubnik,NYJ,DET,2026_03_NYJ_DET,2026,3,NA,NA,20,25,2.3780409954795876,-3.6493951449011743,-16.94598219334927,9.647191903546922,-20.41616340161109,13.117373111808742,NA,NA,NA,NA,NA,0.1235,0.0325,0.08773802681973025,0,platt_vol_vegas,platt,0.1857048748942701,0.02951054563355397,NA,NA,NA,2026-09-27 13:00:00,2026-09-27 08:08:51,2026-09-27 08:08:40,live
QB,00-0041092,Taylen Green,CLE,CAR,2026_03_CAR_CLE,2026,3,NA,NA,20,25,2.4126506764723996,-0.7119888423657049,-14.0085758908138,12.584598206082392,-17.478757099075622,16.05477941434421,NA,NA,NA,NA,NA,0.1765,0.0635,0.08773802681973025,0,platt_vol_vegas,platt,0.173144343245105,0.05853311934042209,NA,NA,NA,2026-09-27 13:00:00,2026-09-27 08:08:51,2026-09-27 08:08:40,live
QB,00-0041123,Behren Morton,NE,JAX,2026_03_NE_JAX,2026,3,NA,NA,20,25,2.3928664306170733,-3.783276256403039,-17.079863304851134,9.513310792045058,-20.550044513112955,12.983492000306878,NA,NA,NA,NA,NA,0.12,0.0345,0.08773802681973025,0,platt_vol_vegas,platt,0.16618875368666922,0.03136684010826356,NA,NA,NA,2026-09-27 13:00:00,2026-09-27 08:08:51,2026-09-27 08:08:40,live
QB,00-0041149,Haynes King,CAR,CLE,2026_03_CAR_CLE,2026,3,NA,NA,20,25,2.368927336057654,-4.320953404426201,-17.617540452874298,8.975633644021894,-21.08772166113612,12.445814852283714,NA,NA,NA,NA,NA,0.096,0.0235,0.08773802681973025,0,platt_vol_vegas,platt,0.1418269351607246,0.02119330366784632,NA,NA,NA,2026-09-27 13:00:00,2026-09-27 08:08:51,2026-09-27 08:08:40,live
QB,00-0041251,Jalon Daniels,TB,MIN,2026_03_MIN_TB,2026,3,NA,NA,20,25,2.3603208898734,-3.830480752678607,-17.127067801126703,9.466106295769489,-20.597249009388523,12.93628750403131,NA,NA,NA,NA,NA,0.1185,0.0365,0.08773802681973025,0,platt_vol_vegas,platt,0.14281547734249794,0.03322574579039934,NA,NA,NA,2026-09-27 16:05:00,2026-09-27 08:08:51,2026-09-27 08:08:40,live
QB,00-0041561,Carson Beck,ARI,SF,2026_03_ARI_SF,2026,3,NA,NA,20,25,2.443461263597065,-1.7762711402451092,-15.072858188693203,11.520315908202988,-18.543039396955024,14.990497116464809,NA,NA,NA,NA,NA,0.1485,0.052,0.08773802681973025,0,platt_vol_vegas,platt,0.19878542260181464,0.04771023478347495,NA,NA,NA,2026-09-27 16:05:00,2026-09-27 08:08:51,2026-09-27 08:08:40,live
QB,00-0041562,Fernando Mendoza,LV,NO,2026_03_LV_NO,2026,3,NA,NA,20,25,2.527631120591575,-2.48401851586116,-15.780605564309257,10.812568532586935,-19.250786772571075,14.282749740848756,NA,NA,NA,NA,NA,0.1515,0.051,0.08773802681973025,0,platt_vol_vegas,platt,0.1652322158743636,0.04677196893473884,NA,NA,NA,2026-09-27 16:25:00,2026-09-27 08:08:51,2026-09-27 08:08:40,live
QB,00-0041565,Drew Allar,PIT,CIN,2026_03_CIN_PIT,2026,3,NA,NA,20,25,2.389111938581444,-2.140943461847132,-15.437530510295227,11.155643586600965,-18.90771171855705,14.625824794862783,NA,NA,NA,NA,NA,0.1375,0.044,0.08773802681973025,0,platt_vol_vegas,platt,0.14725774905069844,0.04021811088410216,NA,NA,NA,2026-09-27 13:00:00,2026-09-27 08:08:51,2026-09-27 08:08:40,live
QB,00-0041568,Ty Simpson,LA,DEN,2026_03_LA_DEN,2026,3,NA,NA,20,25,2.536299817246209,-3.453691988634693,-16.750279037082787,9.842895059813404,-20.220460245344608,13.313076268075225,NA,NA,NA,NA,NA,0.1425,0.046,0.08773802681973025,0,platt_vol_vegas,platt,0.1891290888418198,0.04208806317547994,NA,NA,NA,2026-09-27 20:20:00,2026-09-27 08:08:51,2026-09-27 08:08:40,live
QB,00-0041117,Athan Kaliakmanis,WAS,SEA,2026_03_SEA_WAS,2026,3,NA,NA,20,25,2.3121529989405896,-7.0522464413494,-20.348833489797496,6.244340607098696,-23.819014698059316,9.714521815360516,NA,NA,NA,NA,NA,0.0695,0.0175,0.08425843112084996,0.01568755612820568,platt_vol_vegas,platt,0.08425843112084996,0.01568755612820568,NA,NA,NA,2026-09-27 13:00:00,2026-09-27 08:08:51,2026-09-27 08:08:40,live
QB,00-0034771,Mason Rudolph,PIT,CIN,2026_03_CIN_PIT,2026,3,NA,NA,20,25,1.776359253711503,-4.192152686424508,-17.488739734872603,9.10443436202359,-20.958920943134423,12.57461557028541,NA,NA,NA,NA,NA,0.0905,0.0265,0.05483074874442872,0,platt_vol_vegas,platt,0.11483074874442872,0.0239586639436151,role_change_down,0.6,Mason Rudolph listed as Steelers' QB2 on Week 1 depth chart,2026-09-27 13:00:00,2026-09-27 08:08:51,2026-09-27 08:08:40,live
QB,00-0032268,Marcus Mariota,WAS,SEA,2026_03_SEA_WAS,2026,3,NA,NA,20,25,2.5156240367436986,-5.693714671009019,-18.990301719457115,7.602872377439077,-22.460482927718935,11.073053585700896,NA,NA,NA,NA,NA,0.1075,0.0255,0.03055904602113107,0,platt_vol_vegas,platt,0.10555904602113109,0.02303603774914128,role_change_down,0.75,Jayden Daniels avoiding IR and targeting Week 4 return reduces Mariota's starting opportunity window from potentially multiple weeks to just one confirmed week.,2026-09-27 13:00:00,2026-09-27 08:08:51,2026-09-27 08:08:40,live
RB,00-0039139,Jahmyr Gibbs,DET,NYJ,2026_03_NYJ_DET,2026,3,NA,NA,15,20,21.562677268933676,NA,NA,NA,NA,NA,21.41765351305093,11.37714777382715,33.46581168919009,9.993563292389611,39.560086385392935,0.6944246079875933,0.44594697828110785,0.7021276595744681,0.5158419994397914,strat_iso,platt_vol_vegas,0.7021276595744681,0.5158419994397914,NA,NA,NA,2026-09-27 13:00:00,2026-09-27 08:08:51,2026-09-27 08:08:40,live
RB,00-0036223,Jonathan Taylor,IND,HOU,2026_03_HOU_IND,2026,3,NA,Full Participation in Practice,15,20,24.75097947677631,NA,NA,NA,NA,NA,20.265551851235603,9.194617668241747,33.550178109977004,7.6690398608642045,40.26989082237296,0.6056569760238382,0.40061323734790033,0.6534653465346535,0.461541487315206,strat_iso,platt_vol_vegas,0.6534653465346535,0.461541487315206,NA,NA,NA,2026-09-27 13:00:00,2026-09-27 08:08:51,2026-09-27 08:08:40,live
RB,00-0039040,De'Von Achane,MIA,KC,2026_03_KC_MIA,2026,3,NA,NA,15,20,22.377157720601843,NA,NA,NA,NA,NA,19.750175941978647,9.442442680981868,32.11899520182809,8.022034172773076,38.37546869223192,0.5976335775098846,0.3819613928596973,0.6534653465346535,0.3417263061315895,strat_iso,platt_vol_vegas,0.6534653465346535,0.3417263061315895,NA,NA,NA,2026-09-27 13:00:00,2026-09-27 08:08:51,2026-09-27 08:08:40,live
RB,00-0032764,Derrick Henry,BAL,DAL,2026_03_BAL_DAL,2026,3,NA,NA,15,20,19.196708654526567,NA,NA,NA,NA,NA,18.653711872879924,9.406813488641,29.74957668940749,8.132588321288832,35.362156404518814,0.561971832389809,0.33502254783917385,0.548922056384743,0.410718328859892,strat_iso,platt_vol_vegas,0.548922056384743,0.410718328859892,NA,NA,NA,2026-09-27 16:25:00,2026-09-27 08:08:51,2026-09-27 08:08:40,live
RB,00-0033280,Christian McCaffrey,SF,ARI,2026_03_ARI_SF,2026,3,NA,Full Participation in Practice,15,20,16.66273077000329,NA,NA,NA,NA,NA,16.725839182060678,8.361332271053707,26.76287366484881,7.2087008939572605,31.839869200524333,0.47114028154860366,0.2537502784041119,0.548922056384743,0.29058654972703,strat_iso,platt_vol_vegas,0.548922056384743,0.29058654972703,NA,NA,NA,2026-09-27 16:05:00,2026-09-27 08:08:51,2026-09-27 08:08:40,live
RB,00-0037248,James Cook,BUF,LAC,2026_03_LAC_BUF,2026,3,NA,NA,15,20,20.80451426542949,NA,NA,NA,NA,NA,17.70095353277075,7.911854807137912,29.44743452799845,6.562914282047128,35.38911298640524,0.4980548248414185,0.3004965767594223,0.548922056384743,0.3979159401010527,strat_iso,platt_vol_vegas,0.548922056384743,0.3979159401010527,NA,NA,NA,2026-09-27 13:00:00,2026-09-27 08:08:51,2026-09-27 08:08:40,live
RB,00-0036275,D'Andre Swift,CHI,PHI,2026_03_PHI_CHI,2026,3,NA,NA,15,20,17.857225453145677,NA,NA,NA,NA,NA,15.83408094830825,7.049080487467393,26.375688899009816,5.838504982335447,31.707910940921792,0.4280583680292567,0.22909863092998103,0.5240274599542334,0.2156229931007979,strat_iso,platt_vol_vegas,0.5240274599542334,0.2156229931007979,NA,NA,NA,2026-09-28 20:15:00,2026-09-27 08:08:51,2026-09-27 08:08:40,live
RB,00-0036555,Chuba Hubbard,CAR,CLE,2026_03_CAR_CLE,2026,3,NA,NA,15,20,17.09491551118682,NA,NA,NA,NA,NA,14.649169434525122,6.1315383104718695,24.86994612983661,4.95780637425961,30.03988330024457,0.3754045694674961,0.1910366896138543,0.5211702127659574,0.29093457824147395,strat_iso,platt_vol_vegas,0.43617021276595747,0.20593457824147393,role_change_up,0.85,"Impact note explicitly states Hubbard has out-touched Jonathon Brooks by a solid margin and appears to be the back to own in Carolina moving forward, indicating a shift in backfield opportunity.",2026-09-27 13:00:00,2026-09-27 08:08:51,2026-09-27 08:08:40,live
RB,00-0033293,Aaron Jones,MIN,TB,2026_03_MIN_TB,2026,3,NA,Full Participation in Practice,15,20,17.652812094264128,NA,NA,NA,NA,NA,15.456835717165914,6.7431980944050824,25.912811451381856,5.542456408194543,31.20171847016095,0.411613849693404,0.21504820052708307,0.5185185185185185,0.23132936647697477,strat_iso,platt_vol_vegas,0.5185185185185185,0.23132936647697477,NA,NA,NA,2026-09-27 16:05:00,2026-09-27 08:08:51,2026-09-27 08:08:40,live
RB,00-0040122,Ashton Jeanty,LV,NO,2026_03_LV_NO,2026,3,NA,NA,15,20,21.11926567978609,NA,NA,NA,NA,NA,15.551778988487772,5.657989714313535,27.423883963336948,4.2946228025369475,33.42910632854267,0.4129066998991572,0.23642828243749417,0.5185185185185185,0.26242661751029023,strat_iso,platt_vol_vegas,0.5185185185185185,0.26242661751029023,NA,NA,NA,2026-09-27 16:25:00,2026-09-27 08:08:51,2026-09-27 08:08:40,live
RB,00-0037840,Kyren Williams,LA,DEN,2026_03_LA_DEN,2026,3,NA,NA,15,20,15.845806042945046,NA,NA,NA,NA,NA,13.932947564799836,5.86108715366611,23.61881932613336,4.74878254558787,28.51818753850159,0.34020520121683795,0.17138457625961656,0.4676530612244898,0.2681426753372825,strat_iso,platt_vol_vegas,0.3826530612244898,0.18314267533728248,role_change_up,0.85,"Ronnie Rivers' IR placement removes a backup RB, increasing snap and carry share for the Rams' lead back Kyren Williams.",2026-09-27 20:20:00,2026-09-27 08:08:51,2026-09-27 08:08:40,live
RB,00-0038134,Kenneth Walker III,KC,MIA,2026_03_KC_MIA,2026,3,NA,NA,15,20,20.08297508679169,NA,NA,NA,NA,NA,18.12448744351763,8.577143923121408,29.580872996519037,7.261517332503608,35.37581356460291,0.5251388104360254,0.31535464408061753,0.463922056384743,0.29528651781624027,strat_iso,platt_vol_vegas,0.548922056384743,0.3802865178162403,role_change_down,0.85,"Chiefs HC Reid explicitly stated Emmett Johnson will take some of Kenneth Walker's workload, directly reducing Walker's opportunity share.",2026-09-27 13:00:00,2026-09-27 08:08:51,2026-09-27 08:08:40,live
RB,00-0040734,TreVeyon Henderson,NE,JAX,2026_03_NE_JAX,2026,3,NA,NA,15,20,16.42406754866859,NA,NA,NA,NA,NA,13.679062550512253,5.399610370938754,23.614035156682327,4.258699559473227,28.639405115815187,0.32962669344344997,0.1695027356208384,0.4576530612244898,0.2460101099857343,strat_iso,platt_vol_vegas,0.3826530612244898,0.1710101099857343,role_change_up,0.75,Henderson returning from injury to make season debut implies increased snap/carry share in Patriots backfield after missing time.,2026-09-27 13:00:00,2026-09-27 08:08:51,2026-09-27 08:08:40,live
RB,00-0037228,Jaylen Warren,PIT,CIN,2026_03_CIN_PIT,2026,3,Questionable,Limited Participation in Practice,15,20,16.545728463399183,NA,NA,NA,NA,NA,12.73895455628345,4.416100195129287,22.72600784070368,3.269208550979112,27.77772157412808,0.28941977116627626,0.1521513954155178,0.4503719008264463,0.24175263506797617,strat_iso,platt_vol_vegas,0.35537190082644626,0.14675263506797617,role_change_up,0.95,"Dowdle's injury likely rules him out, giving Warren a clear lead role in the backfield.",2026-09-27 13:00:00,2026-09-27 08:08:51,2026-09-27 08:08:40,live
RB,00-0038120,Breece Hall,NYJ,DET,2026_03_NYJ_DET,2026,3,NA,NA,15,20,18.7020815356189,NA,NA,NA,NA,NA,12.527663426073842,3.4501992388001614,23.42021477826966,2.199322150880901,28.929953205695355,0.2892134526221044,0.15999291477811728,0.4273719008264462,0.24427838781348793,strat_iso,platt_vol_vegas,0.35537190082644626,0.17227838781348795,role_change_up,0.72,"Richardson's waiver removes a backup RB, increasing Breece Hall's snap and carry share in the Jets backfield.",2026-09-27 13:00:00,2026-09-27 08:08:51,2026-09-27 08:08:40,live
RB,00-0036997,Javonte Williams,DAL,BAL,2026_03_BAL_DAL,2026,3,NA,NA,15,20,18.90840582409718,NA,NA,NA,NA,NA,14.29400229322697,5.145704951868565,25.271550264785667,3.8850670356296657,30.824282213633733,0.3614866194131058,0.1917506623200984,0.4106280193236715,0.24147069848688116,strat_iso,platt_vol_vegas,0.4106280193236715,0.24147069848688116,NA,NA,NA,2026-09-27 16:25:00,2026-09-27 08:08:51,2026-09-27 08:08:40,live
RB,00-0040666,Omarion Hampton,LAC,BUF,2026_03_LAC_BUF,2026,3,NA,NA,15,20,18.54910260682432,NA,NA,NA,NA,NA,13.528732133829113,4.5039342611181805,24.35808626221105,3.260314605983293,29.83585787476524,0.3282803168261291,0.1768899301232855,0.3826530612244898,0.1882268488195696,strat_iso,platt_vol_vegas,0.3826530612244898,0.1882268488195696,NA,NA,NA,2026-09-27 13:00:00,2026-09-27 08:08:51,2026-09-27 08:08:40,live
RB,00-0040784,Quinshon Judkins,CLE,CAR,2026_03_CAR_CLE,2026,3,NA,Full Participation in Practice,15,20,19.54357818852403,NA,NA,NA,NA,NA,13.91762386240847,4.55266455876523,25.15515650607017,3.2621705639063023,30.8393955272387,0.34663233335007704,0.1876490247166649,0.3826530612244898,0.21512764743867752,strat_iso,platt_vol_vegas,0.3826530612244898,0.21512764743867752,NA,NA,NA,2026-09-27 13:00:00,2026-09-27 08:08:51,2026-09-27 08:08:40,live
RB,00-0038597,Chase Brown,CIN,PIT,2026_03_CIN_PIT,2026,3,NA,NA,15,20,20.588942154568016,NA,NA,NA,NA,NA,13.245128353047743,3.527998298504686,24.905250159252837,2.188975076292431,30.80324587273291,0.32148427956570413,0.18037745907549685,0.3764705882352941,0.2379321655244104,strat_iso,platt_vol_vegas,0.3764705882352941,0.2379321655244104,NA,NA,NA,2026-09-27 13:00:00,2026-09-27 08:08:51,2026-09-27 08:08:40,live
RB,00-0041512,Jadarian Price,SEA,WAS,2026_03_SEA_WAS,2026,3,NA,Full Participation in Practice,15,20,14.541919283884235,NA,NA,NA,NA,NA,12.826995894421891,5.231540631241527,21.94120276879199,4.184884784959241,26.551407873870623,0.28512351256093527,0.14069379751685474,0.35537190082644626,0.14684059853880002,strat_iso,platt_vol_vegas,0.35537190082644626,0.14684059853880002,NA,NA,NA,2026-09-27 13:00:00,2026-09-27 08:08:51,2026-09-27 08:08:40,live
RB,00-0040719,Bhayshul Tuten,JAX,NE,2026_03_NE_JAX,2026,3,NA,NA,15,20,15.00008339268659,NA,NA,NA,NA,NA,10.388390330284206,2.6241679192463323,19.70511023986724,1.5542559130835798,24.417751754570183,0.1964901460165144,0.09687129013300988,0.3291113490364026,0.2041735224350648,strat_iso,platt_vol_vegas,0.24411134903640255,0.11917352243506478,role_change_up,0.85,"Tuten is clearly gaining opportunity share in the Jaguars backfield committee, outproducing Rodriguez in both games and scoring, suggesting increased role going forward.",2026-09-27 13:00:00,2026-09-27 08:08:51,2026-09-27 08:08:40,live
RB,00-0035261,Tony Pollard,TEN,NYG,2026_03_TEN_NYG,2026,3,NA,Limited Participation in Practice,15,20,17.038709101609808,NA,NA,NA,NA,NA,12.027461547136024,3.529680100221442,22.224419516964616,2.3586834550357416,27.382308550729277,0.2661495791828048,0.1416794776374789,0.30030959752321984,0.13394009778846844,strat_iso,platt_vol_vegas,0.30030959752321984,0.13394009778846844,NA,NA,NA,2026-09-27 13:00:00,2026-09-27 08:08:51,2026-09-27 08:08:40,live
RB,00-0037263,Tyler Allgeier,ARI,SF,2026_03_ARI_SF,2026,3,NA,NA,15,20,14.379305089659573,NA,NA,NA,NA,NA,11.99038325737752,4.4551990323406425,21.032267579492498,3.4168485518657477,25.60589003901406,0.2513755944200198,0.12181270574634127,0.29375,0.1066797752188637,strat_iso,platt_vol_vegas,0.29375,0.1066797752188637,NA,NA,NA,2026-09-27 16:05:00,2026-09-27 08:08:51,2026-09-27 08:08:40,live
RB,00-0040715,Cam Skattebo,NYG,TEN,2026_03_TEN_NYG,2026,3,NA,NA,15,20,17.64160268532962,NA,NA,NA,NA,NA,11.579333161018097,2.869615807110529,22.030604747807224,1.6694143350375352,27.317132285323595,0.2533611974723232,0.13712209377718287,0.29375,0.15133722853997644,strat_iso,platt_vol_vegas,0.29375,0.15133722853997644,NA,NA,NA,2026-09-27 13:00:00,2026-09-27 08:08:51,2026-09-27 08:08:40,live
RB,00-0041027,Jeremiyah Love,ARI,SF,2026_03_ARI_SF,2026,3,NA,NA,15,20,15.577059407614565,NA,NA,NA,NA,NA,11.911433088160251,3.936800372238716,21.480635960351904,2.837893767583351,26.320989985776635,0.25498208459144744,0.1295630154715901,0.29375,0.11959259687244882,strat_iso,platt_vol_vegas,0.29375,0.11959259687244882,NA,NA,NA,2026-09-27 16:05:00,2026-09-27 08:08:51,2026-09-27 08:08:40,live
RB,00-0039361,Bucky Irving,TB,MIN,2026_03_MIN_TB,2026,3,NA,NA,15,20,19.221624500287295,NA,NA,NA,NA,NA,12.389537362915394,3.1341379761762145,23.49560300253285,1.8587413683168157,29.113342561757133,0.2863282410007455,0.1601364888271023,0.28337190082644625,0.11621904360750442,strat_iso,platt_vol_vegas,0.35537190082644626,0.1882190436075044,role_change_down,0.72,"OC explicitly stated Irving is on a pitch count for durability, and coach plans to use hot-hand approach, which could reduce Irving's snap share and increase Kenneth Gainwell's opportunity despite Irving being the lead back.",2026-09-27 16:05:00,2026-09-27 08:08:51,2026-09-27 08:08:40,live
RB,00-0029892,Kyle Juszczyk,SF,ARI,2026_03_ARI_SF,2026,3,NA,NA,15,20,8.20792696142228,NA,NA,NA,NA,NA,13.215063562163074,8.150011477919135,19.292899705710965,7.452045892972958,22.367228783714527,0.2653750405089963,0.08849992508368332,0.2631578947368421,0.0845796703023132,strat_iso,platt_vol_vegas,0.2631578947368421,0.0845796703023132,NA,NA,NA,2026-09-27 16:05:00,2026-09-27 08:08:51,2026-09-27 08:08:40,live
RB,00-0034975,Justice Hill,BAL,DAL,2026_03_BAL_DAL,2026,3,NA,NA,15,20,8.642666551949345,NA,NA,NA,NA,NA,12.062891979514612,6.809216536817782,18.36706772361441,6.085258600652431,21.55588531349059,0.20382858281532645,0.07439595978192981,0.2608695652173913,0.08107465270410753,strat_iso,platt_vol_vegas,0.2608695652173913,0.08107465270410753,NA,NA,NA,2026-09-27 16:25:00,2026-09-27 08:08:51,2026-09-27 08:08:40,live
RB,00-0033906,Alvin Kamara,NO,LV,2026_03_LV_NO,2026,3,NA,NA,15,20,14.652452781273292,NA,NA,NA,NA,NA,10.27149043379113,2.635179399990575,19.434722407058103,1.582893617161723,24.069725694175695,0.19246853110122544,0.09390207991315758,0.24411134903640255,0.11016042716022129,strat_iso,platt_vol_vegas,0.24411134903640255,0.11016042716022129,NA,NA,NA,2026-09-27 16:25:00,2026-09-27 08:08:51,2026-09-27 08:08:40,live
RB,00-0035685,David Montgomery,HOU,IND,2026_03_HOU_IND,2026,3,NA,NA,15,20,15.21042565507463,NA,NA,NA,NA,NA,10.849518538740556,3.008320222068842,20.258606095025392,1.9278009147157196,25.017969590284455,0.21268595485464836,0.10525130745543698,0.24411134903640255,0.11899102406592628,strat_iso,platt_vol_vegas,0.24411134903640255,0.11899102406592628,NA,NA,NA,2026-09-27 13:00:00,2026-09-27 08:08:51,2026-09-27 08:08:40,live
RB,00-0036875,Rhamondre Stevenson,NE,JAX,2026_03_NE_JAX,2026,3,NA,NA,15,20,15.129758136352388,NA,NA,NA,NA,NA,10.47334367422189,2.6616291604840496,19.847051984619373,1.5851727293696918,24.588519728525412,0.19879670081967624,0.09838712373845417,0.24411134903640255,0.105290801882884,strat_iso,platt_vol_vegas,0.24411134903640255,0.105290801882884,NA,NA,NA,2026-09-27 13:00:00,2026-09-27 08:08:51,2026-09-27 08:08:40,live
RB,00-0037525,Jordan Mason,MIN,TB,2026_03_MIN_TB,2026,3,NA,NA,15,20,14.6828560948406,NA,NA,NA,NA,NA,11.021584666180203,3.3740516324661707,20.198282537831364,2.320219454930294,24.840097229861193,0.2153946994744722,0.10412832837933073,0.24411134903640255,0.11464936414236342,strat_iso,platt_vol_vegas,0.24411134903640255,0.11464936414236342,NA,NA,NA,2026-09-27 16:05:00,2026-09-27 08:08:51,2026-09-27 08:08:40,live
RB,00-0040583,Woody Marks,HOU,IND,2026_03_HOU_IND,2026,3,NA,NA,15,20,14.100021847220871,NA,NA,NA,NA,NA,10.269983391212472,2.8387783633220938,19.187097323589505,1.8147562451130776,23.69760764448384,0.1897149748510983,0.09098879485271504,0.24411134903640255,0.1001865624345362,strat_iso,platt_vol_vegas,0.24411134903640255,0.1001865624345362,NA,NA,NA,2026-09-27 13:00:00,2026-09-27 08:08:51,2026-09-27 08:08:40,live
RB,00-0036973,Travis Etienne,NO,LV,2026_03_LV_NO,2026,3,NA,Full Participation in Practice,15,20,15.745748763948976,NA,NA,NA,NA,NA,11.355380937946087,3.319662844562611,20.99788353318212,2.212338657915442,25.87531448280202,0.2352503759053879,0.1197727143063575,0.20875,0.05540557317917684,strat_iso,platt_vol_vegas,0.29375,0.14040557317917685,role_change_down,0.85,"Kamara's return as offensive focal point is explicitly noted to have cut into Etienne's volume, signaling a reduced role for the backup RB.",2026-09-27 16:25:00,2026-09-27 08:08:51,2026-09-27 08:08:40,live
RB,00-0038551,Kendre Miller,NO,LV,2026_03_LV_NO,2026,3,NA,Full Participation in Practice,15,20,12.308619403151893,NA,NA,NA,NA,NA,7.925798864538502,1.1765805563175649,16.024559211348148,0.2465363976245678,20.12112480507686,0.12417100532892178,0.0514783701408601,0.2014822134387352,0.1361268261697215,strat_iso,platt_vol_vegas,0.12648221343873517,0.06112682616972146,role_change_up,0.75,"Kendre Miller saw more touches than CJ Donaldson in the Saints backfield with Kamara and Estime out, suggesting Miller has claimed a larger role in the committee.",2026-09-27 16:25:00,2026-09-27 08:08:51,2026-09-27 08:08:40,live
RB,00-0037256,Rachaad White,WAS,SEA,2026_03_SEA_WAS,2026,3,NA,NA,15,20,10.83177347201058,NA,NA,NA,NA,NA,10.616353621852989,4.451429352546586,18.01398723410815,3.601901074809711,21.755904519376823,0.17784393660451003,0.07346263139339737,0.2,0.04728823168819799,strat_iso,platt_vol_vegas,0.2,0.04728823168819799,NA,NA,NA,2026-09-27 13:00:00,2026-09-27 08:08:51,2026-09-27 08:08:40,live
RB,00-0041052,Kaelon Black,SF,ARI,2026_03_ARI_SF,2026,3,NA,NA,15,20,13.265751818231733,NA,NA,NA,NA,NA,10.497924880302229,3.3809741469696677,19.03794770325708,2.400256357891875,23.357715441532783,0.19033953656249425,0.08886453676411155,0.2,0.11275355767134972,strat_iso,platt_vol_vegas,0.2,0.11275355767134972,NA,NA,NA,2026-09-27 16:05:00,2026-09-27 08:08:51,2026-09-27 08:08:40,live
RB,00-0034844,Saquon Barkley,PHI,CHI,2026_03_PHI_CHI,2026,3,NA,Full Participation in Practice,15,20,15.383300822066534,NA,NA,NA,NA,NA,11.12260327660586,3.2183724837343277,20.607326987404548,2.129167283642163,25.404949235232507,0.22423257381032743,0.1122341582901879,0.19874235807860263,0.05652469001777409,strat_iso,platt_vol_vegas,0.27074235807860264,0.12852469001777408,role_change_down,0.72,"Barkley's shoulder injury caused him to miss snaps in Week 2, with Bigsby receiving increased opportunity, and there is explicit uncertainty about Barkley's availability for Week 3.",2026-09-28 20:15:00,2026-09-27 08:08:51,2026-09-27 08:08:40,live
RB,00-0036158,J.K. Dobbins,DEN,LA,2026_03_LA_DEN,2026,3,NA,Full Participation in Practice,15,20,15.010613051481585,NA,NA,NA,NA,NA,9.172622630519074,1.4045393822395127,18.493975372251036,0.3340953516318077,23.208960295076963,0.17161716020229556,0.08402938023769624,0.1794871794871795,0.0906869465626562,strat_iso,platt_vol_vegas,0.1794871794871795,0.0906869465626562,NA,NA,NA,2026-09-27 20:20:00,2026-09-27 08:08:51,2026-09-27 08:08:40,live
RB,00-0040242,Jacory Croskey-Merritt,WAS,SEA,2026_03_SEA_WAS,2026,3,NA,NA,15,20,14.453942586241698,NA,NA,NA,NA,NA,8.701672024939072,1.1387997503683307,17.776780769113742,0.09663384897228866,22.36720901352742,0.15846096163385304,0.07578418491137728,0.1794871794871795,0.06000564819299636,strat_iso,platt_vol_vegas,0.1794871794871795,0.06000564819299636,NA,NA,NA,2026-09-27 13:00:00,2026-09-27 08:08:51,2026-09-27 08:08:40,live
RB,00-0038951,Sean Tucker,TB,MIN,2026_03_MIN_TB,2026,3,NA,NA,15,20,9.26899007664226,NA,NA,NA,NA,NA,5.692098178264665,0.17146159369326242,12.316615362101166,-0.5892836620193069,15.66747006186514,0.05995969866900164,0.02227978115445794,0.15089147286821708,0.1088302699517474,strat_iso,platt_vol_vegas,0.06589147286821706,0.0238302699517474,role_change_up,0.85,Tucker's return from injury after missing Week 1 directly increases his snap/carry opportunity in the RB rotation.,2026-09-27 16:05:00,2026-09-27 08:08:51,2026-09-27 08:08:40,live
RB,00-0035594,Travis Homer,PIT,CIN,2026_03_CIN_PIT,2026,3,NA,NA,15,20,10.81258157570933,NA,NA,NA,NA,NA,9.535035621291186,3.377851791871217,16.92338105160345,2.5293901489020048,20.660600130610153,0.14973868978756477,0.05883812423950452,0.14106583072100312,0.05082882347130996,strat_iso,platt_vol_vegas,0.14106583072100312,0.05082882347130996,NA,NA,NA,2026-09-27 13:00:00,2026-09-27 08:08:51,2026-09-27 08:08:40,live
RB,00-0036139,Rico Dowdle,PIT,CIN,2026_03_CIN_PIT,2026,3,Out,Did Not Participate In Practice,15,20,13.50954892541692,NA,NA,NA,NA,NA,8.683481949941932,1.474116307944375,17.33439853326582,0.480663718767536,21.71025924674184,0.15155717075286423,0.06954197538183604,0.14106583072100312,0.067740894375949,strat_iso,platt_vol_vegas,0.14106583072100312,0.067740894375949,NA,NA,NA,2026-09-27 13:00:00,2026-09-27 08:08:51,2026-09-27 08:08:40,live
RB,00-0040236,Kyle Monangai,CHI,PHI,2026_03_PHI_CHI,2026,3,NA,Full Participation in Practice,15,20,12.298173497866998,NA,NA,NA,NA,NA,8.198363025738411,1.4532030842936603,16.29225351378534,0.523718169670369,20.386355805107343,0.13050468870316478,0.05471844347815002,0.14106583072100312,0.05247166075281392,strat_iso,platt_vol_vegas,0.14106583072100312,0.05247166075281392,NA,NA,NA,2026-09-28 20:15:00,2026-09-27 08:08:51,2026-09-27 08:08:40,live
RB,00-0036924,Michael Carter,TEN,NYG,2026_03_TEN_NYG,2026,3,NA,NA,15,20,10.981898504515678,NA,NA,NA,NA,NA,8.71036025403658,2.485025059852237,16.18048427637666,1.6271721398770849,19.95906911409935,0.13019316179670049,0.04976776234076907,0.14106583072100312,0.04207650759929707,strat_iso,platt_vol_vegas,0.14106583072100312,0.04207650759929707,NA,NA,NA,2026-09-27 13:00:00,2026-09-27 08:08:51,2026-09-27 08:08:40,live
RB,00-0039032,Tyjae Spears,TEN,NYG,2026_03_TEN_NYG,2026,3,Questionable,Limited Participation in Practice,15,20,10.298686335794883,NA,NA,NA,NA,NA,8.761832950685315,2.813432584611671,15.899647555530102,1.993741360919076,19.510141566028903,0.12408148921091756,0.04709119479000878,0.12648221343873517,0.03869942491686822,strat_iso,platt_vol_vegas,0.12648221343873517,0.03869942491686822,NA,NA,NA,2026-09-27 13:00:00,2026-09-27 08:08:51,2026-09-27 08:08:40,live
RB,00-0039299,George Holani,SEA,WAS,2026_03_SEA_WAS,2026,3,NA,Full Participation in Practice,15,20,10.151393881880848,NA,NA,NA,NA,NA,8.699855161954478,2.811851928381821,15.765195906950307,2.000483446334126,19.339030736538923,0.12069263161968856,0.04603486967859271,0.12648221343873517,0.04875076469933092,strat_iso,platt_vol_vegas,0.12648221343873517,0.04875076469933092,NA,NA,NA,2026-09-27 13:00:00,2026-09-27 08:08:51,2026-09-27 08:08:40,live
RB,00-0041496,Jonah Coleman,DEN,LA,2026_03_LA_DEN,2026,3,Out,Did Not Participate In Practice,15,20,12.641500127517496,NA,NA,NA,NA,NA,7.505336513536988,0.6273097860073706,15.758661207059454,-0.3204842086662767,19.933409505010346,0.11756285623681216,0.04965802636449967,0.12648221343873517,0.05290016769919323,strat_iso,platt_vol_vegas,0.12648221343873517,0.05290016769919323,NA,NA,NA,2026-09-27 20:20:00,2026-09-27 08:08:51,2026-09-27 08:08:40,live
RB,00-0040730,RJ Harvey,DEN,LA,2026_03_LA_DEN,2026,3,NA,Full Participation in Practice,15,20,11.02684644850777,NA,NA,NA,NA,NA,10.718024130285508,4.474648636975724,18.20979570535384,3.61430975876712,21.999330443542465,0.1818594955660886,0.07637962944889287,0.125,0,strat_iso,platt_vol_vegas,0.2,0.06702724877493337,role_change_down,0.75,"RJ Harvey's return from hamstring injury is noted but explicitly subordinated to Dobbins remaining the primary rusher and goal-line threat, clarifying Harvey's limited opportunity in the committee.",2026-09-27 20:20:00,2026-09-27 08:08:51,2026-09-27 08:08:40,live
RB,00-0035537,Ty Johnson,BUF,LAC,2026_03_LAC_BUF,2026,3,NA,Full Participation in Practice,15,20,9.855535848016933,NA,NA,NA,NA,NA,8.798632131587329,3.0327238581994704,15.717464380794024,2.2381800955992723,19.21719136704151,0.1198127036521226,0.04520451961802307,0.11583011583011583,0.0578928208015174,strat_iso,platt_vol_vegas,0.11583011583011583,0.0578928208015174,NA,NA,NA,2026-09-27 13:00:00,2026-09-27 08:08:51,2026-09-27 08:08:40,live
RB,00-0036919,Kenny Gainwell,TB,MIN,2026_03_MIN_TB,2026,3,NA,NA,15,20,10.456595023105782,NA,NA,NA,NA,NA,8.079491036061901,2.0666193932221626,15.294668291799969,1.2380440096726035,18.94429436206072,0.10780301784787216,0.0437983800348507,0.10303030303030304,0.04299444239642028,strat_iso,platt_vol_vegas,0.10303030303030304,0.04299444239642028,NA,NA,NA,2026-09-27 16:05:00,2026-09-27 08:08:51,2026-09-27 08:08:40,live
RB,00-0038555,Tank Bigsby,PHI,CHI,2026_03_PHI_CHI,2026,3,NA,Full Participation in Practice,15,20,10.615896582279474,NA,NA,NA,NA,NA,7.821347406531073,1.7437227900812244,15.114225336786188,0.9062244287713028,18.803154448031655,0.10299253819781184,0.04304417769357094,0.10303030303030304,0.04722308069844039,strat_iso,platt_vol_vegas,0.10303030303030304,0.04722308069844039,NA,NA,NA,2026-09-28 20:15:00,2026-09-27 08:08:51,2026-09-27 08:08:40,live
RB,00-0038797,Emanuel Wilson,SEA,WAS,2026_03_SEA_WAS,2026,3,NA,NA,15,20,10.833724331906147,NA,NA,NA,NA,NA,7.756874927761151,1.5911640652535013,15.155452416704904,0.7415273947548755,18.89784713958151,0.10401444443434782,0.04368602411927735,0.10303030303030304,0.04877164952970611,strat_iso,platt_vol_vegas,0.10303030303030304,0.04877164952970611,NA,NA,NA,2026-09-27 13:00:00,2026-09-27 08:08:51,2026-09-27 08:08:40,live
RB,00-0035125,Alec Ingold,LAC,BUF,2026_03_LAC_BUF,2026,3,NA,NA,15,20,10.078397830360046,NA,NA,NA,NA,NA,8.319545084225533,2.461568403914912,15.348855307195764,1.6543375892520498,18.9044649528632,0.10948219372087088,0.04339423866860026,0.10303030303030304,0.0397867790258196,strat_iso,platt_vol_vegas,0.10303030303030304,0.0397867790258196,NA,NA,NA,2026-09-27 13:00:00,2026-09-27 08:08:51,2026-09-27 08:08:40,live
RB,00-0033526,Samaje Perine,CIN,PIT,2026_03_CIN_PIT,2026,3,NA,NA,15,20,8.673173023745457,NA,NA,NA,NA,NA,8.627678184082912,3.3608719285813784,14.947610316731378,2.6351045627620726,18.14439790157541,0.09918058860843616,0.03755537674074905,0.09239130434782608,0.03788039203297576,strat_iso,platt_vol_vegas,0.09239130434782608,0.03788039203297576,NA,NA,NA,2026-09-27 13:00:00,2026-09-27 08:08:51,2026-09-27 08:08:40,live
RB,00-0037085,Tyler Badie,DEN,LA,2026_03_LA_DEN,2026,3,NA,NA,15,20,8.241352661331494,NA,NA,NA,NA,NA,8.368316835416303,3.2886604484155555,14.463677489605017,2.588682386490496,17.546870925147743,0.09130248358386606,0.03294191376138777,0.09239130434782608,0.02966373336581285,strat_iso,platt_vol_vegas,0.09239130434782608,0.02966373336581285,NA,NA,NA,2026-09-27 20:20:00,2026-09-27 08:08:51,2026-09-27 08:08:40,live
RB,00-0037304,Connor Heyward,LV,NO,2026_03_LV_NO,2026,3,NA,NA,15,20,7.994148561495497,NA,NA,NA,NA,NA,7.769519850169099,2.798285749200158,13.734778606519466,2.1132483084242466,16.75216308667393,0.07903446839801198,0.02692327154238638,0.09239130434782608,0.02399970193846764,strat_iso,platt_vol_vegas,0.09239130434782608,0.02399970193846764,NA,NA,NA,2026-09-27 16:25:00,2026-09-27 08:08:51,2026-09-27 08:08:40,live
RB,00-0038454,Keaton Mitchell,LAC,BUF,2026_03_LAC_BUF,2026,3,NA,NA,15,20,9.59134976341572,NA,NA,NA,NA,NA,7.471532895862885,1.815555157321296,14.258453416057629,1.036159852976069,17.69145598679719,0.08919973742136433,0.03558300629513467,0.09239130434782608,0.03316414490290256,strat_iso,platt_vol_vegas,0.09239130434782608,0.03316414490290256,NA,NA,NA,2026-09-27 13:00:00,2026-09-27 08:08:51,2026-09-27 08:08:40,live
RB,00-0038488,Brady Russell,SEA,WAS,2026_03_SEA_WAS,2026,3,NA,Full Participation in Practice,15,20,8.231603015522252,NA,NA,NA,NA,NA,8.349958578986147,3.274560204522362,14.440209808421397,2.5751688979083314,17.520818762790153,0.09091429324736688,0.03274629447465249,0.09239130434782608,0.03347847236393669,strat_iso,platt_vol_vegas,0.09239130434782608,0.03347847236393669,NA,NA,NA,2026-09-27 13:00:00,2026-09-27 08:08:51,2026-09-27 08:08:40,live
RB,00-0038794,Jaleel McLaughlin,CLE,CAR,2026_03_CAR_CLE,2026,3,NA,NA,15,20,8.244020217430208,NA,NA,NA,NA,NA,7.814951759072689,2.7341306126279363,13.911710072541023,2.0339920465277697,16.99561048083902,0.08235530037658378,0.02911345662043063,0.09239130434782608,0.02749559762574194,strat_iso,platt_vol_vegas,0.09239130434782608,0.02749559762574194,NA,NA,NA,2026-09-27 13:00:00,2026-09-27 08:08:51,2026-09-27 08:08:40,live
RB,00-0039746,Will Shipley,PHI,CHI,2026_03_PHI_CHI,2026,3,NA,Limited Participation in Practice,15,20,9.697062275382685,NA,NA,NA,NA,NA,7.999699110917987,2.2996286776035024,14.839528894334478,1.5141573876638228,18.299294359396395,0.0976808961866632,0.03946115125907445,0.09239130434782608,0.04183212920421608,strat_iso,platt_vol_vegas,0.09239130434782608,0.04183212920421608,NA,NA,NA,2026-09-28 20:15:00,2026-09-27 08:08:51,2026-09-27 08:08:40,live
RB,00-0040466,Raheim Sanders,CLE,CAR,2026_03_CAR_CLE,2026,3,NA,NA,15,20,8.588648219557083,NA,NA,NA,NA,NA,8.06345943456288,2.833068151815578,14.33969522729404,2.1123187793626723,17.51438005628265,0.08960046731762783,0.03321409399894859,0.09239130434782608,0.03106944449607789,strat_iso,platt_vol_vegas,0.09239130434782608,0.03106944449607789,NA,NA,NA,2026-09-27 13:00:00,2026-09-27 08:08:51,2026-09-27 08:08:40,live
RB,00-0041013,Emmett Johnson,KC,MIA,2026_03_KC_MIA,2026,3,NA,NA,15,20,8.614296246539755,NA,NA,NA,NA,NA,7.525520885822906,2.2840689237982437,13.81502899938434,1.561795386666807,16.99642731667658,0.0813765696333143,0.0297590553454139,0.09239130434782608,0.03616455478574618,strat_iso,platt_vol_vegas,0.09239130434782608,0.03616455478574618,NA,NA,NA,2026-09-27 13:00:00,2026-09-27 08:08:51,2026-09-27 08:08:40,live
RB,00-0031595,Michael Burton,CLE,CAR,2026_03_CAR_CLE,2026,3,NA,NA,15,20,9.567729036608611,NA,NA,NA,NA,NA,7.666146463240395,2.020040257735558,14.44122158495056,1.242005253386405,17.868232442168804,0.09184743733927048,0.03666370950584585,0.09239130434782608,0.03555951078116267,strat_iso,platt_vol_vegas,0.09239130434782608,0.03555951078116267,NA,NA,NA,2026-09-27 13:00:00,2026-09-27 08:08:51,2026-09-27 08:08:40,live
RB,00-0038409,Lew Nichols III,PIT,CIN,2026_03_CIN_PIT,2026,3,NA,NA,15,20,9.742614516982837,NA,NA,NA,NA,NA,6.6223115039355065,0.903284480464019,13.484888348369012,0.11520096713207106,16.956159874053835,0.07817641690630817,0.03120060251191214,0.09239130434782608,0.02922805689376294,strat_iso,platt_vol_vegas,0.09239130434782608,0.02922805689376294,NA,NA,NA,2026-09-27 13:00:00,2026-09-27 08:08:51,2026-09-27 08:08:40,live
RB,00-0040179,DJ Giddens,IND,HOU,2026_03_HOU_IND,2026,3,NA,NA,15,20,9.700833633183668,NA,NA,NA,NA,NA,6.911085352218483,1.2094444820161092,13.7527995897175,0.4237567854368054,17.213518261125436,0.0819806154631012,0.03273762353286291,0.09239130434782608,0.03285949676110377,strat_iso,platt_vol_vegas,0.09239130434782608,0.03285949676110377,NA,NA,NA,2026-09-27 13:00:00,2026-09-27 08:08:51,2026-09-27 08:08:40,live
RB,00-0041081,Max Bredeson,MIN,TB,2026_03_MIN_TB,2026,3,NA,NA,15,20,9.795678359014644,NA,NA,NA,NA,NA,6.648024021812584,0.9069470030790958,13.537059875144603,0.11582499427165692,17.021715062137606,0.07900882517277408,0.03167613374048927,0.09239130434782608,0.03482611265105706,strat_iso,platt_vol_vegas,0.09239130434782608,0.03482611265105706,NA,NA,NA,2026-09-27 16:05:00,2026-09-27 08:08:51,2026-09-27 08:08:40,live
RB,00-0039344,Jonathon Brooks,CAR,CLE,2026_03_CAR_CLE,2026,3,NA,NA,15,20,10.339541619041974,NA,NA,NA,NA,NA,7.37901975108441,1.4139114367792347,14.536883147127616,0.5919178531766711,18.157518362539548,0.09360448063227912,0.03908989134934404,0.07432432432432433,0.0422608866369462,strat_iso,platt_vol_vegas,0.07432432432432433,0.0422608866369462,NA,NA,NA,2026-09-27 13:00:00,2026-09-27 08:08:51,2026-09-27 08:08:40,live
RB,00-0039794,Braelon Allen,NYJ,DET,2026_03_NYJ_DET,2026,3,NA,NA,15,20,10.36780392707217,NA,NA,NA,NA,NA,7.440987062855679,1.464332015589738,14.612706022427467,0.6407472889759802,18.240349745611244,0.09466190718926736,0.03960050124079217,0.07432432432432433,0.03683746820663466,strat_iso,platt_vol_vegas,0.07432432432432433,0.03683746820663466,NA,NA,NA,2026-09-27 13:00:00,2026-09-27 08:08:51,2026-09-27 08:08:40,live
RB,00-0039391,Kimani Vidal,LAC,BUF,2026_03_LAC_BUF,2026,3,NA,NA,15,20,11.093865171402928,NA,NA,NA,NA,NA,7.104948210292653,0.834713851877618,14.628949223162657,-0.02932618540741405,18.434786457085156,0.09512524112263576,0.04118273152344787,0.07432432432432433,0.04061173645474689,strat_iso,platt_vol_vegas,0.07432432432432433,0.04061173645474689,NA,NA,NA,2026-09-27 13:00:00,2026-09-27 08:08:51,2026-09-27 08:08:40,live
RB,00-0033376,Patrick Ricard,NYG,TEN,2026_03_TEN_NYG,2026,3,NA,NA,15,20,8.272075848260002,NA,NA,NA,NA,NA,7.401748023423145,2.3086833360322823,13.51319803886208,1.6068576065868756,16.604529895706367,0.0759520810124914,0.0264514071911317,0.07142857142857142,0.02498959970280003,strat_iso,platt_vol_vegas,0.07142857142857142,0.02498959970280003,NA,NA,NA,2026-09-27 13:00:00,2026-09-27 08:08:51,2026-09-27 08:08:40,live
RB,00-0037557,Ronnie Rivers,LA,DEN,2026_03_LA_DEN,2026,3,NA,NA,15,20,9.1969901835454,NA,NA,NA,NA,NA,6.822637906539301,1.332416410012474,13.4106583439748,0.5758623618857568,16.743052031289103,0.07615315288113356,0.02904608412536724,0.07142857142857142,0.03248817818658472,strat_iso,platt_vol_vegas,0.07142857142857142,0.03248817818658472,NA,NA,NA,2026-09-27 20:20:00,2026-09-27 08:08:51,2026-09-27 08:08:40,live
RB,00-0039738,Blake Corum,LA,DEN,2026_03_LA_DEN,2026,3,NA,NA,15,20,12.631845744127643,NA,NA,NA,NA,NA,8.38606326200155,1.5117582697787064,16.634922039480507,0.5644771312647201,20.807411359856445,0.13786861133834316,0.05967541553567956,0.06606583072100311,0,strat_iso,platt_vol_vegas,0.14106583072100312,0.06898232754596628,role_change_down,0.75,"Impact note explicitly signals concern about Corum's role declining relative to Williams despite receiving nearly equal touches, suggesting a shift in committee opportunity.",2026-09-27 20:20:00,2026-09-27 08:08:51,2026-09-27 08:08:40,live
RB,00-0032104,Ameer Abdullah,JAX,NE,2026_03_NE_JAX,2026,3,NA,NA,15,20,8.28803337366148,NA,NA,NA,NA,NA,7.27507658814044,2.1750534026205273,13.394876490358447,1.4722687901989522,16.490431939138524,0.07407373997655076,0.02569331348330728,0.06589147286821706,0.02943642822854247,strat_iso,platt_vol_vegas,0.06589147286821706,0.02943642822854247,NA,NA,NA,2026-09-27 13:00:00,2026-09-27 08:08:51,2026-09-27 08:08:40,live
RB,00-0036187,Reggie Gilliam,NE,JAX,2026_03_NE_JAX,2026,3,NA,Limited Participation in Practice,15,20,7.915615264044529,NA,NA,NA,NA,NA,7.472461280245901,2.5358751105338886,13.396144067506516,1.855612164314932,16.392498331034545,0.07323654362209764,0.02418785715460125,0.06589147286821706,0.02349535566660859,strat_iso,platt_vol_vegas,0.06589147286821706,0.02349535566660859,NA,NA,NA,2026-09-27 13:00:00,2026-09-27 08:08:51,2026-09-27 08:08:40,live
RB,00-0036265,AJ Dillon,CAR,CLE,2026_03_CAR_CLE,2026,3,NA,NA,15,20,9.162353168567895,NA,NA,NA,NA,NA,6.452808324987609,0.977243342467168,13.02324160061612,0.22270896604403667,16.34673923978668,0.07026087252047486,0.02643345179437162,0.06589147286821706,0.02918591587513431,strat_iso,platt_vol_vegas,0.06589147286821706,0.02918591587513431,NA,NA,NA,2026-09-27 13:00:00,2026-09-27 08:08:51,2026-09-27 08:08:40,live
RB,00-0036727,Adam Prentice,DEN,LA,2026_03_LA_DEN,2026,3,NA,NA,15,20,7.85013091818131,NA,NA,NA,NA,NA,6.955098760670414,2.0474801684764943,12.844021749472455,1.371208962490532,15.822793594418805,0.06381095359509859,0.01993512700672384,0.06589147286821706,0.01968745042686249,strat_iso,platt_vol_vegas,0.06589147286821706,0.01968745042686249,NA,NA,NA,2026-09-27 20:20:00,2026-09-27 08:08:51,2026-09-27 08:08:40,live
RB,00-0037157,Bam Knight,ARI,SF,2026_03_ARI_SF,2026,3,NA,NA,15,20,8.938370964126383,NA,NA,NA,NA,NA,6.848952701728709,1.4685586104631083,13.30518516104544,0.727138809305881,16.570917029302322,0.07405153106064422,0.02748830750522901,0.06589147286821706,0.02447470985584081,strat_iso,platt_vol_vegas,0.06589147286821706,0.02447470985584081,NA,NA,NA,2026-09-27 16:05:00,2026-09-27 08:08:51,2026-09-27 08:08:40,live
RB,00-0038705,Emari Demercado,DAL,BAL,2026_03_BAL_DAL,2026,3,NA,NA,15,20,8.675149412000073,NA,NA,NA,NA,NA,6.728258381565642,1.4606018998260462,13.04921074770311,0.7347173725948313,16.24651439342926,0.06949321258704166,0.02483125559173893,0.06589147286821706,0.02943483708669954,strat_iso,platt_vol_vegas,0.06589147286821706,0.02943483708669954,NA,NA,NA,2026-09-27 16:25:00,2026-09-27 08:08:51,2026-09-27 08:08:40,live
RB,00-0038738,Hunter Luepke,DAL,BAL,2026_03_BAL_DAL,2026,3,NA,NA,15,20,8.01281844464211,NA,NA,NA,NA,NA,6.847157833361983,1.8677014346634104,12.82228297953283,1.1815309589751202,15.844658138672976,0.0639734165052045,0.02052396479703233,0.06589147286821706,0.02444442287753265,strat_iso,platt_vol_vegas,0.06589147286821706,0.02444442287753265,NA,NA,NA,2026-09-27 16:25:00,2026-09-27 08:08:51,2026-09-27 08:08:40,live
RB,00-0039364,Sione Vaki,DET,NYJ,2026_03_NYJ_DET,2026,3,NA,NA,15,20,8.328151308929305,NA,NA,NA,NA,NA,7.303994872070346,2.1864949377425287,13.44476609182067,1.4813020244778867,16.550929383551907,0.07496535497152645,0.02619388748973628,0.06589147286821706,0.03323378736978389,strat_iso,platt_vol_vegas,0.06589147286821706,0.03323378736978389,NA,NA,NA,2026-09-27 13:00:00,2026-09-27 08:08:51,2026-09-27 08:08:40,live
RB,00-0039686,Colson Yankoff,WAS,SEA,2026_03_SEA_WAS,2026,3,NA,NA,15,20,7.774202232291654,NA,NA,NA,NA,NA,6.761632009179184,1.8876895022085984,12.610145200699916,1.216058870126055,15.568476709335116,0.05960806298543231,0.01788433822256874,0.06589147286821706,0.01308833603338793,strat_iso,platt_vol_vegas,0.06589147286821706,0.01308833603338793,NA,NA,NA,2026-09-27 13:00:00,2026-09-27 08:08:51,2026-09-27 08:08:40,live
RB,00-0040177,Jordan James,SF,ARI,2026_03_ARI_SF,2026,3,NA,NA,15,20,9.583727570324664,NA,NA,NA,NA,NA,6.043730505727649,0.3909374454798389,12.82682955429336,-0.3880190093113835,16.257899124360907,0.06833100580843288,0.02661719300314347,0.06589147286821706,0.03666602916548182,strat_iso,platt_vol_vegas,0.06589147286821706,0.03666602916548182,NA,NA,NA,2026-09-27 16:05:00,2026-09-27 08:08:51,2026-09-27 08:08:40,live
RB,00-0040198,Ollie Gordon II,MIA,KC,2026_03_KC_MIA,2026,3,NA,NA,15,20,8.467349277321611,NA,NA,NA,NA,NA,6.36697057954307,1.1890204698521938,12.580279308206345,0.4754975056215161,15.723133976215266,0.0615044132262309,0.0208249220176907,0.06589147286821706,0.01615881071191149,strat_iso,platt_vol_vegas,0.06589147286821706,0.01615881071191149,NA,NA,NA,2026-09-27 13:00:00,2026-09-27 08:08:51,2026-09-27 08:08:40,live
RB,00-0040556,Corey Kiner,NE,JAX,2026_03_NE_JAX,2026,3,NA,NA,15,20,8.482285984379287,NA,NA,NA,NA,NA,6.773593453308978,1.5891739887877714,12.994665118652712,0.8747595456634363,16.141446483828815,0.06813673006425947,0.02371132865960801,0.06589147286821706,0.02395110823726062,strat_iso,platt_vol_vegas,0.06589147286821706,0.02395110823726062,NA,NA,NA,2026-09-27 13:00:00,2026-09-27 08:08:51,2026-09-27 08:08:40,live
RB,00-0040568,Lan Larison,NE,JAX,2026_03_NE_JAX,2026,3,NA,NA,15,20,7.721855750395656,NA,NA,NA,NA,NA,6.8149964533603145,1.9643266435249735,12.635583448377274,1.295902995575883,15.579789153696648,0.05984627454272517,0.01781262835875852,0.06589147286821706,0.01835926118148687,strat_iso,platt_vol_vegas,0.06589147286821706,0.01835926118148687,NA,NA,NA,2026-09-27 13:00:00,2026-09-27 08:08:51,2026-09-27 08:08:40,live
RB,00-0040878,Mike Washington Jr.,LV,NO,2026_03_LV_NO,2026,3,NA,NA,15,20,8.717414788249478,NA,NA,NA,NA,NA,6.4848336988792745,1.199008484110033,12.827587732690322,0.47062030041766967,16.035919234267602,0.06614420507603913,0.02351048923383547,0.06589147286821706,0.02259744875440337,strat_iso,platt_vol_vegas,0.06589147286821706,0.02259744875440337,NA,NA,NA,2026-09-27 16:25:00,2026-09-27 08:08:51,2026-09-27 08:08:40,live
RB,00-0040886,Nicholas Singleton,TEN,NYG,2026_03_TEN_NYG,2026,3,NA,NA,15,20,8.534454666357131,NA,NA,NA,NA,NA,6.535194406099453,1.3282057555522746,12.783348086055796,0.6106812723208739,15.943828245185536,0.06493172235964029,0.02248471935693818,0.06589147286821706,0.01965733901608212,strat_iso,platt_vol_vegas,0.06589147286821706,0.01965733901608212,NA,NA,NA,2026-09-27 13:00:00,2026-09-27 08:08:51,2026-09-27 08:08:40,live
RB,00-0041096,Kaytron Allen,WAS,SEA,2026_03_SEA_WAS,2026,3,NA,Full Participation in Practice,15,20,9.009384052870866,NA,NA,NA,NA,NA,6.322430230366065,0.9117879145281044,12.81495920737428,0.16619989961787152,16.099050807143115,0.06673294994604406,0.02453370822919676,0.06589147286821706,0.01802171322110238,strat_iso,platt_vol_vegas,0.06589147286821706,0.01802171322110238,NA,NA,NA,2026-09-27 13:00:00,2026-09-27 08:08:51,2026-09-27 08:08:40,live
RB,00-0041104,Demond Claiborne,MIN,TB,2026_03_MIN_TB,2026,3,NA,NA,15,20,7.796122404284569,NA,NA,NA,NA,NA,7.188044956741199,2.304370552220706,13.048235990402612,1.6313988619509852,16.01247445816167,0.06707815462848188,0.02115961739923355,0.06589147286821706,0.02265227745002351,strat_iso,platt_vol_vegas,0.06589147286821706,0.02265227745002351,NA,NA,NA,2026-09-27 16:05:00,2026-09-27 08:08:51,2026-09-27 08:08:40,live
RB,00-0041125,Seth McGowan,IND,HOU,2026_03_HOU_IND,2026,3,NA,NA,15,20,8.143507186070439,NA,NA,NA,NA,NA,6.705990942950258,1.66913406379933,12.749994100432296,0.9750537859513048,15.807209565893285,0.0632017120646674,0.02059726115744931,0.06589147286821706,0.02095019042604621,strat_iso,platt_vol_vegas,0.06589147286821706,0.02095019042604621,NA,NA,NA,2026-09-27 13:00:00,2026-09-27 08:08:51,2026-09-27 08:08:40,live
RB,00-0041326,CJ Donaldson,NO,LV,2026_03_LV_NO,2026,3,NA,NA,15,20,8.280541779472921,NA,NA,NA,NA,NA,6.7253223956342785,1.628565535754892,12.841202853055986,0.9262310239143964,15.934775743764028,0.06510835168247942,0.02182688724249648,0.06589147286821706,0.02496321314131441,strat_iso,platt_vol_vegas,0.06589147286821706,0.02496321314131441,NA,NA,NA,2026-09-27 16:25:00,2026-09-27 08:08:51,2026-09-27 08:08:40,live
RB,00-0041436,DJ Herman,MIA,KC,2026_03_KC_MIA,2026,3,NA,NA,15,20,7.881273284671117,NA,NA,NA,NA,NA,7.3251703075239645,2.4037668653328463,13.2306345002767,1.7255961031860263,16.217773320424374,0.07038360775553398,0.02285418866245792,0.06589147286821706,0.01674827305174759,strat_iso,platt_vol_vegas,0.06589147286821706,0.01674827305174759,NA,NA,NA,2026-09-27 13:00:00,2026-09-27 08:08:51,2026-09-27 08:08:40,live
RB,00-0034959,Andrew Beck,NYJ,DET,2026_03_NYJ_DET,2026,3,NA,NA,15,20,8.76029815070788,NA,NA,NA,NA,NA,6.255511488832473,0.9512781150279076,12.620354490823948,0.22035328190426995,15.839859172390998,0.06304329788988239,0.02229681832919183,0.06589147286821706,0.02148829015376756,strat_iso,platt_vol_vegas,0.06589147286821706,0.02148829015376756,NA,NA,NA,2026-09-27 13:00:00,2026-09-27 08:08:51,2026-09-27 08:08:40,live
RB,00-0036842,Kene Nwangwu,NYJ,DET,2026_03_NYJ_DET,2026,3,Doubtful,Did Not Participate In Practice,15,20,9.967419150254637,NA,NA,NA,NA,NA,5.792932748513666,-0.01927161132526134,12.767318232486184,-0.8201949875055554,16.295145503273098,0.06835613543210983,0.0274848667410108,0.06589147286821706,0.02715625864530229,strat_iso,platt_vol_vegas,0.06589147286821706,0.02715625864530229,NA,NA,NA,2026-09-27 13:00:00,2026-09-27 08:08:51,2026-09-27 08:08:40,live
RB,00-0037120,Tyler Goodson,DAL,BAL,2026_03_BAL_DAL,2026,3,NA,NA,15,20,9.71109970786014,NA,NA,NA,NA,NA,6.169625943063365,0.4637110624090628,13.016468802098863,-0.3225655939983998,16.47978166491757,0.0713636729272159,0.02820842836249992,0.06589147286821706,0.03453707032342464,strat_iso,platt_vol_vegas,0.06589147286821706,0.03453707032342464,NA,NA,NA,2026-09-27 16:25:00,2026-09-27 08:08:51,2026-09-27 08:08:40,live
RB,00-0037594,Julius Chestnut,TEN,NYG,2026_03_TEN_NYG,2026,3,NA,NA,15,20,8.688320654015316,NA,NA,NA,NA,NA,6.293441363911343,1.0201201618268003,12.621191141305983,0.2934550345576472,15.82193309609304,0.06283972759603051,0.02201434950252023,0.06589147286821706,0.01952279967288489,strat_iso,platt_vol_vegas,0.06589147286821706,0.01952279967288489,NA,NA,NA,2026-09-27 13:00:00,2026-09-27 08:08:51,2026-09-27 08:08:40,live
RB,00-0037745,Velus Jones Jr.,SEA,WAS,2026_03_SEA_WAS,2026,3,NA,NA,15,20,8.903059782047361,NA,NA,NA,NA,NA,6.124560069693476,0.759232942806376,12.562712845099735,0.0198893735280885,15.819299534603145,0.06257911446429332,0.02247691649263761,0.06589147286821706,0.02613770806714701,strat_iso,platt_vol_vegas,0.06589147286821706,0.02613770806714701,NA,NA,NA,2026-09-27 13:00:00,2026-09-27 08:08:51,2026-09-27 08:08:40,live
RB,00-0038489,Ben VanSumeren,KC,MIA,2026_03_KC_MIA,2026,3,NA,NA,15,20,8.977239368730176,NA,NA,NA,NA,NA,6.259341878486613,0.8623830373017958,12.735451297426527,0.1186806090018342,16.011237453674827,0.06543503460605904,0.02389442168501454,0.06589147286821706,0.03127031332584341,strat_iso,platt_vol_vegas,0.06589147286821706,0.03127031332584341,NA,NA,NA,2026-09-27 13:00:00,2026-09-27 08:08:51,2026-09-27 08:08:40,live
RB,00-0038896,Jacob Saylors,DET,NYJ,2026_03_NYJ_DET,2026,3,NA,NA,15,20,8.942776184875566,NA,NA,NA,NA,NA,6.5731600492682585,1.1908875085032973,13.03164656403618,0.4492088564829766,16.298518592714196,0.06987403518281765,0.02570851146584996,0.06589147286821706,0.03399968590164941,strat_iso,platt_vol_vegas,0.06589147286821706,0.03399968590164941,NA,NA,NA,2026-09-27 13:00:00,2026-09-27 08:08:51,2026-09-27 08:08:40,live
RB,00-0039021,Roschon Johnson,CHI,PHI,2026_03_PHI_CHI,2026,3,NA,NA,15,20,9.355524911071692,NA,NA,NA,NA,NA,6.3146076031980085,0.7575068810678598,12.982880122520054,-0.00826314293483676,16.355867419646632,0.0700989108497635,0.02683724881794302,0.06589147286821706,0.02542726551989243,strat_iso,platt_vol_vegas,0.06589147286821706,0.02542726551989243,NA,NA,NA,2026-09-28 20:15:00,2026-09-27 08:08:51,2026-09-27 08:08:40,live
RB,00-0039407,Dylan Laube,LV,NO,2026_03_LV_NO,2026,3,NA,NA,15,20,9.05116527619962,NA,NA,NA,NA,NA,6.393730415683599,0.965323759201004,12.907575807575704,0.2172878132126721,16.202449809595695,0.06824728060706586,0.02528984956483615,0.06589147286821706,0.02439082071515515,strat_iso,platt_vol_vegas,0.06589147286821706,0.02439082071515515,NA,NA,NA,2026-09-27 16:25:00,2026-09-27 08:08:51,2026-09-27 08:08:40,live
RB,00-0039603,British Brooks,HOU,IND,2026_03_HOU_IND,2026,3,NA,NA,15,20,9.36960130677617,NA,NA,NA,NA,NA,6.191647509480302,0.6286245787255531,12.867026414487936,-0.13796152727158173,16.243608308052572,0.06841519541437369,0.02614912795224899,0.06589147286821706,0.02931069752043602,strat_iso,platt_vol_vegas,0.06589147286821706,0.02931069752043602,NA,NA,NA,2026-09-27 13:00:00,2026-09-27 08:08:51,2026-09-27 08:08:40,live
RB,00-0039796,Rasheen Ali,BAL,DAL,2026_03_BAL_DAL,2026,3,NA,NA,15,20,8.682703679507705,NA,NA,NA,NA,NA,6.766774392597285,1.495868646389808,13.091625730886346,0.7695363696118456,16.290901579083386,0.0701749027019799,0.02514422273361782,0.06589147286821706,0.03564719195280531,strat_iso,platt_vol_vegas,0.06589147286821706,0.03564719195280531,NA,NA,NA,2026-09-27 16:25:00,2026-09-27 08:08:51,2026-09-27 08:08:40,live
RB,00-0039798,Isaiah Davis,NYJ,DET,2026_03_NYJ_DET,2026,3,NA,NA,15,20,8.96854162793145,NA,NA,NA,NA,NA,6.127761601311828,0.7345077024713609,12.599425255012669,-0.00868418374382873,15.8729626264919,0.06333362854045299,0.02297088805375302,0.06589147286821706,0.02226654603511982,strat_iso,platt_vol_vegas,0.06589147286821706,0.02226654603511982,NA,NA,NA,2026-09-27 13:00:00,2026-09-27 08:08:51,2026-09-27 08:08:40,live
RB,00-0040078,Brashard Smith,KC,MIA,2026_03_KC_MIA,2026,3,NA,NA,15,20,8.995907031811264,NA,NA,NA,NA,NA,6.756296041891374,1.3513889412560625,13.241943016963592,0.6065912405947511,16.522553519485484,0.07320533812708119,0.02727434222642322,0.06589147286821706,0.03462509605374724,strat_iso,platt_vol_vegas,0.06589147286821706,0.03462509605374724,NA,NA,NA,2026-09-27 13:00:00,2026-09-27 08:08:51,2026-09-27 08:08:40,live
RB,00-0040208,Tahj Brooks,CIN,PIT,2026_03_CIN_PIT,2026,3,NA,NA,15,20,9.412432141066704,NA,NA,NA,NA,NA,6.503202966029918,0.922176214913927,13.200185650879003,0.15310917746718555,16.587695303434295,0.07343455024898093,0.02840377015105655,0.06589147286821706,0.031976177334022,strat_iso,platt_vol_vegas,0.06589147286821706,0.031976177334022,NA,NA,NA,2026-09-27 13:00:00,2026-09-27 08:08:51,2026-09-27 08:08:40,live
RB,00-0040394,Anthony Tyus III,CAR,CLE,2026_03_CAR_CLE,2026,3,NA,NA,15,20,9.701462069464087,NA,NA,NA,NA,NA,6.014935788790414,0.3130332477757465,12.856964019570098,-0.47269050711421823,16.31784151702241,0.0690391240081818,0.02718991370235013,0.06589147286821706,0.03081106452261457,strat_iso,platt_vol_vegas,0.06589147286821706,0.03081106452261457,NA,NA,NA,2026-09-27 13:00:00,2026-09-27 08:08:51,2026-09-27 08:08:40,live
RB,00-0041398,Riley Nowakowski,PIT,CIN,2026_03_CIN_PIT,2026,3,NA,NA,15,20,8.969893696654093,NA,NA,NA,NA,NA,6.4697486790956145,1.0759187761317568,12.942103512002856,0.33264751638827406,16.215990500069665,0.06857105184910028,0.02522011921190381,0.06589147286821706,0.02367914822129745,strat_iso,platt_vol_vegas,0.06589147286821706,0.02367914822129745,NA,NA,NA,2026-09-27 13:00:00,2026-09-27 08:08:51,2026-09-27 08:08:40,live
RB,00-0041415,Dean Connors,LA,DEN,2026_03_LA_DEN,2026,3,NA,NA,15,20,9.71676987308236,NA,NA,NA,NA,NA,6.08658308360814,0.3783081433928164,12.93625790864563,-0.4082937298780891,16.401003254213496,0.07021798306195393,0.02772996946733219,0.06589147286821706,0.03235550789622955,strat_iso,platt_vol_vegas,0.06589147286821706,0.03235550789622955,NA,NA,NA,2026-09-27 20:20:00,2026-09-27 08:08:51,2026-09-27 08:08:40,live
RB,00-0041490,Eli Heidenreich,PIT,CIN,2026_03_CIN_PIT,2026,3,NA,NA,15,20,8.96206410861881,NA,NA,NA,NA,NA,6.371639409600828,0.981145394728654,12.83999132587913,0.23833382129135303,16.111853533629635,0.06699114239890414,0.02452241321728365,0.06589147286821706,0.02316290219421512,strat_iso,platt_vol_vegas,0.06589147286821706,0.02316290219421512,NA,NA,NA,2026-09-27 13:00:00,2026-09-27 08:08:51,2026-09-27 08:08:40,live
RB,00-0039875,Ray Davis,BUF,LAC,2026_03_LAC_BUF,2026,3,NA,NA,15,20,8.178821799525414,NA,NA,NA,NA,NA,6.332352447035035,1.2800310710257508,12.394912309637617,0.5838197812125747,15.461514243702986,0.05752484759394838,0.01827042536150158,0.04545454545454545,0.02631956203626004,strat_iso,platt_vol_vegas,0.04545454545454545,0.02631956203626004,NA,NA,NA,2026-09-27 13:00:00,2026-09-27 08:08:51,2026-09-27 08:08:40,live
RB,00-0039471,Frank Gore Jr.,BUF,LAC,2026_03_LAC_BUF,2026,3,NA,NA,15,20,8.163119020654648,NA,NA,NA,NA,NA,5.706031210477038,0.6605837739365796,11.76034265291388,-0.03468028510730825,14.822772319520208,0.04875927335531394,0.01375552446780437,0.02830188679245283,0.0211830164363445,strat_iso,platt_vol_vegas,0.02830188679245283,0.0211830164363445,NA,NA,NA,2026-09-27 13:00:00,2026-09-27 08:08:51,2026-09-27 08:08:40,live
RB,00-0039874,Jaylen Wright,MIA,KC,2026_03_KC_MIA,2026,3,Doubtful,Did Not Participate In Practice,15,20,8.180088469140097,NA,NA,NA,NA,NA,6.1462885236787725,1.0934128269621342,12.209513546357543,0.39712515160142114,15.276451935851371,0.05450696917809627,0.01698023594419839,0.02830188679245283,0.01356533895737117,strat_iso,platt_vol_vegas,0.02830188679245283,0.01356533895737117,NA,NA,NA,2026-09-27 13:00:00,2026-09-27 08:08:51,2026-09-27 08:08:40,live
RB,00-0040238,LeQuint Allen Jr.,JAX,NE,2026_03_NE_JAX,2026,3,NA,Limited Participation in Practice,15,20,7.505941311468676,NA,NA,NA,NA,NA,6.53285172926575,1.7786663541269585,12.237661714543233,1.123538288095112,15.123304368934647,0.05213651487212045,0.01376787713125071,0.02830188679245283,0.01741888348939004,strat_iso,platt_vol_vegas,0.02830188679245283,0.01741888348939004,NA,NA,NA,2026-09-27 13:00:00,2026-09-27 08:08:51,2026-09-27 08:08:40,live
RB,00-0036893,Najee Harris,NYG,TEN,2026_03_TEN_NYG,2026,3,NA,NA,15,20,10.273660564916929,NA,NA,NA,NA,NA,6.433679644095718,0.49552322055488673,13.559201975703662,-0.3227563850095718,17.1634782317,0.08001265827086201,0.03312752751821124,0.025,0.025,strat_iso,platt_vol_vegas,0.025,0.025,NA,NA,NA,2026-09-27 13:00:00,2026-09-27 08:08:51,2026-09-27 08:08:40,live
RB,00-0038611,Chris Rodriguez Jr.,JAX,NE,2026_03_NE_JAX,2026,3,NA,NA,15,20,10.391620824887111,NA,NA,NA,NA,NA,6.723096206693943,0.7367177488519809,13.906482824417036,-0.08820686644159359,17.540028355395485,0.08495247732194378,0.03548522951043109,0.025,0.025,strat_iso,platt_vol_vegas,0.025,0.025,NA,NA,NA,2026-09-27 13:00:00,2026-09-27 08:08:51,2026-09-27 08:08:40,live
RB,00-0035250,Devin Singletary,NYG,TEN,2026_03_TEN_NYG,2026,3,NA,NA,15,20,9.695928426775582,NA,NA,NA,NA,NA,7.830590648072268,2.1309923972099964,14.669853833647972,1.3455861741434667,18.129332698647577,0.09522838295541858,0.03840698088909278,0.00739130434782607,0,strat_iso,platt_vol_vegas,0.09239130434782608,0.03628171896079993,role_change_down,0.85,"Singletary saw minimal touches (3) with Najee Harris out-touching him, signaling a shift in backfield opportunity distribution.",2026-09-27 13:00:00,2026-09-27 08:08:51,2026-09-27 08:08:40,live
RB,00-0036425,DeeJay Dallas,MIN,TB,2026_03_MIN_TB,2026,3,NA,Full Participation in Practice,15,20,8.461167491780282,NA,NA,NA,NA,NA,7.196999729562295,2.0217280349814093,13.407094479792146,1.3085741570973033,16.548323433135426,0.0746451859468491,0.02644185009751398,0,0,strat_iso,platt_vol_vegas,0.06589147286821706,0.02797934083511603,role_change_down,0.95,Aaron Jones Sr.'s return from knee injury significantly reduces Dallas's opportunity and workload in the backfield committee.,2026-09-27 16:05:00,2026-09-27 08:08:51,2026-09-27 08:08:40,live
RB,00-0039384,Tyrone Tracy Jr.,NYG,TEN,2026_03_TEN_NYG,2026,3,NA,NA,15,20,8.845655142198797,NA,NA,NA,NA,NA,6.233115474296334,0.8923196379465379,12.641831797362984,0.15635648732230845,15.883528756501253,0.0636275655565306,0.02277528445285037,0,0,strat_iso,platt_vol_vegas,0.06589147286821706,0.02306778502586462,role_change_down,0.92,"Tracy phased out of offense entirely with zero touches and relegated to special teams only, while Najee Harris took four touches, indicating a significant role reduction.",2026-09-27 13:00:00,2026-09-27 08:08:51,2026-09-27 08:08:40,live
TE,00-0037744,Trey McBride,ARI,SF,2026_03_ARI_SF,2026,3,NA,NA,12,17,8.387295320332711,1.7093615466098884,-3.072191797300875,7.471072021247869,-4.953913915395813,9.046632210601125,NA,NA,NA,NA,NA,0.59,0.306,0.6026066502034692,0.3310354040899142,platt_vol_vegas,platt,0.6026066502034692,0.3310354040899142,NA,NA,NA,2026-09-27 16:05:00,2026-09-27 08:08:51,2026-09-27 08:08:40,live
TE,00-0033288,George Kittle,SF,ARI,2026_03_ARI_SF,2026,3,NA,NA,12,17,6.715100853499497,3.0574371721711886,-1.193176499657744,8.179372149181294,-2.865953772328596,9.57998345683992,NA,NA,NA,NA,NA,0.57,0.2925,0.5623176753670792,0.4017025051784792,platt_vol_vegas,platt,0.4773176753670792,0.31670250517847914,role_change_up,0.85,Tonges' IR placement directly increases Kittle's opportunity and snap/target share at the tight end position.,2026-09-27 16:05:00,2026-09-27 08:08:51,2026-09-27 08:08:40,live
TE,00-0034753,Mark Andrews,BAL,DAL,2026_03_BAL_DAL,2026,3,NA,NA,12,17,6.409066855279979,1.755376563058351,-2.3915710115135127,6.752395221987108,-4.023551753418139,8.118847718883565,NA,NA,NA,NA,NA,0.433,0.188,0.5433423325159907,0.28949426678263235,platt_vol_vegas,platt,0.4583423325159908,0.20449426678263236,role_change_up,0.85,Zay Flowers' hamstring injury should increase Andrews' target volume as the Ravens' primary receiving weapon.,2026-09-27 16:25:00,2026-09-27 08:08:51,2026-09-27 08:08:40,live
TE,00-0038933,Dalton Kincaid,BUF,LAC,2026_03_LAC_BUF,2026,3,NA,NA,12,17,7.048851445172204,2.960575282789535,-1.4005892157135302,8.215722588558744,-3.1168724206127263,9.652761280558837,NA,NA,NA,NA,NA,0.617,0.3275,0.5381691280303653,0.35377811500668876,platt_vol_vegas,platt,0.5381691280303653,0.35377811500668876,NA,NA,NA,2026-09-27 13:00:00,2026-09-27 08:08:51,2026-09-27 08:08:40,live
TE,00-0030506,Travis Kelce,KC,MIA,2026_03_KC_MIA,2026,3,NA,NA,12,17,6.935552684881529,2.0141077865388475,-2.3098097419480874,7.224372970985755,-4.011434855162366,8.64913848753206,NA,NA,NA,NA,NA,0.532,0.2685,0.48788546526848126,0.2911246348880188,platt_vol_vegas,platt,0.48788546526848126,0.2911246348880188,NA,NA,NA,2026-09-27 13:00:00,2026-09-27 08:08:51,2026-09-27 08:08:40,live
TE,00-0039065,Sam LaPorta,DET,NYJ,2026_03_NYJ_DET,2026,3,NA,NA,12,17,6.719431916105599,3.2460878375730653,-1.005976798286996,8.369771207637726,-2.679325080191367,9.770860619585733,NA,NA,NA,NA,NA,0.593,0.321,0.4754930252614188,0.3469134107952695,platt_vol_vegas,platt,0.4754930252614188,0.3469134107952695,NA,NA,NA,2026-09-27 13:00:00,2026-09-27 08:08:51,2026-09-27 08:08:40,live
TE,00-0034829,Mike Gesicki,CIN,PIT,2026_03_CIN_PIT,2026,3,NA,NA,12,17,6.735135479303819,1.2343922189213856,-3.022929633320101,6.364410467322364,-4.6983468287412755,7.767232174246843,NA,NA,NA,NA,NA,0.4345,0.169,0.4095377744641439,0.1838801577633616,platt_vol_vegas,platt,0.4095377744641439,0.1838801577633616,NA,NA,NA,2026-09-27 13:00:00,2026-09-27 08:08:51,2026-09-27 08:08:40,live
TE,00-0040128,Tyler Warren,IND,HOU,2026_03_HOU_IND,2026,3,NA,NA,12,17,6.772825983814506,1.3207007369656607,-2.949215598033388,6.465895175614376,-4.629589198845512,7.872866865653355,NA,NA,NA,NA,NA,0.427,0.1965,0.38933672100430006,0.21369751803531503,platt_vol_vegas,platt,0.38933672100430006,0.21369751803531503,NA,NA,NA,2026-09-27 13:00:00,2026-09-27 08:08:51,2026-09-27 08:08:40,live
TE,00-0040663,Harold Fannin Jr.,CLE,CAR,2026_03_CAR_CLE,2026,3,NA,NA,12,17,6.732096849018495,1.1533554377787714,-3.102949596707449,6.2821484338213764,-4.777966635877602,7.684635091137539,NA,NA,NA,NA,NA,0.41,0.1725,0.38347765781278625,0.18768169614019883,platt_vol_vegas,platt,0.38347765781278625,0.18768169614019883,NA,NA,NA,2026-09-27 13:00:00,2026-09-27 08:08:51,2026-09-27 08:08:40,live
TE,00-0040737,Terrance Ferguson,LA,DEN,2026_03_LA_DEN,2026,3,NA,Full Participation in Practice,12,17,5.755795314917825,1.1707390209173512,-2.7468084843331724,5.891333537475164,-4.288511621182069,7.182196871047143,NA,NA,NA,NA,NA,0.323,0.108,0.3779592298746396,0.20237318482025957,platt_vol_vegas,platt,0.29295922987463957,0.11737318482025956,role_change_up,0.85,"Ferguson expected to step up as primary tight end with both Parkinson (questionable) and Puka Nacua (hip) likely out, creating a direct opportunity increase.",2026-09-27 20:20:00,2026-09-27 08:08:51,2026-09-27 08:08:40,live
TE,00-0034383,Dalton Schultz,HOU,IND,2026_03_HOU_IND,2026,3,NA,Did Not Participate In Practice,12,17,6.320764960793342,0.8563381017541942,-3.2602671955559757,5.816794705603987,-4.880307103566234,7.173249178705786,NA,NA,NA,NA,NA,0.3695,0.1465,0.3488747365880943,0.15940002440141868,platt_vol_vegas,platt,0.3488747365880943,0.15940002440141868,NA,NA,NA,2026-09-27 13:00:00,2026-09-27 08:08:51,2026-09-27 08:08:40,live
TE,00-0033090,Hunter Henry,NE,JAX,2026_03_NE_JAX,2026,3,NA,NA,12,17,6.333590635551697,1.487775784617856,-2.6332489967729504,6.453557810122168,-4.255028138949799,7.81146853868618,NA,NA,NA,NA,NA,0.415,0.1745,0.346743097625679,0.1898531723765697,platt_vol_vegas,platt,0.346743097625679,0.1898531723765697,NA,NA,NA,2026-09-27 13:00:00,2026-09-27 08:08:51,2026-09-27 08:08:40,live
TE,00-0039338,Brock Bowers,LV,NO,2026_03_LV_NO,2026,3,Questionable,Did Not Participate In Practice,12,17,6.344872571585721,0.8952047059814774,-3.22970413539388,5.865666973969249,-4.853011802101411,7.224857531460092,NA,NA,NA,NA,NA,0.3565,0.133,0.3264277063721318,0.14468067223649947,platt_vol_vegas,platt,0.3264277063721318,0.14468067223649947,NA,NA,NA,2026-09-27 16:25:00,2026-09-27 08:08:51,2026-09-27 08:08:40,live
TE,00-0038046,Charlie Kolar,LAC,BUF,2026_03_LAC_BUF,2026,3,Out,Did Not Participate In Practice,12,17,5.1536165482220895,0.8395770678741841,-2.8553839832906194,5.291957761061934,-4.30949093042539,6.509477072195393,NA,NA,NA,NA,NA,0.2565,0.068,0.3065527098374821,0.1586113210939447,platt_vol_vegas,platt,0.22155270983748213,0.0736113210939447,role_change_up,0.85,Kolar's 4+ week absence creates increased opportunity for backup TEs (likely Hayden Hurst or similar) in target/snap share.,2026-09-27 13:00:00,2026-09-27 08:08:51,2026-09-27 08:08:40,live
TE,00-0038129,Cade Otton,TB,MIN,2026_03_MIN_TB,2026,3,NA,NA,12,17,6.049191203058081,1.17959198996361,-2.84242235027285,6.026067703299719,-4.4252371384747,7.351353697139867,NA,NA,NA,NA,NA,0.346,0.1285,0.3005761160071842,0.13976966050773756,platt_vol_vegas,platt,0.3005761160071842,0.13976966050773756,NA,NA,NA,2026-09-27 16:05:00,2026-09-27 08:08:51,2026-09-27 08:08:40,live
TE,00-0037838,Isaiah Likely,NYG,TEN,2026_03_TEN_NYG,2026,3,NA,NA,12,17,6.118160479794108,0.9761126007959018,-3.070110391949523,5.851759430023754,-4.662452200681931,7.1850223690922945,NA,NA,NA,NA,NA,0.349,0.126,0.2915927398958451,0.13704041652937018,platt_vol_vegas,platt,0.2915927398958451,0.13704041652937018,NA,NA,NA,2026-09-27 13:00:00,2026-09-27 08:08:51,2026-09-27 08:08:40,live
TE,00-0035229,T.J. Hockenson,MIN,TB,2026_03_MIN_TB,2026,3,NA,NA,12,17,5.793819062618883,0.8281683985768168,-3.1030570034383578,5.56524460537035,-4.650142910073529,6.860614915664424,NA,NA,NA,NA,NA,0.319,0.1055,0.28700690555447145,0.11463964707765543,platt_vol_vegas,platt,0.28700690555447145,0.11463964707765543,NA,NA,NA,2026-09-27 16:05:00,2026-09-27 08:08:51,2026-09-27 08:08:40,live
TE,00-0036040,Juwan Johnson,NO,LV,2026_03_LV_NO,2026,3,NA,NA,12,17,5.654280515813436,1.0893999401113186,-2.791420873097348,5.765739263635293,-4.31867066732535,7.044500857520212,NA,NA,NA,NA,NA,0.3125,0.106,0.2845212432139479,0.11518638695848704,platt_vol_vegas,platt,0.2845212432139479,0.11518638695848704,NA,NA,NA,2026-09-27 16:25:00,2026-09-27 08:08:51,2026-09-27 08:08:40,live
TE,00-0041032,Kenyon Sadiq,NYJ,DET,2026_03_NYJ_DET,2026,3,NA,NA,12,17,4.998291725823139,0.6518946019153974,-2.9836942517600784,5.0327325583454,-4.414435993243041,6.230688254061343,NA,NA,NA,NA,NA,0.2195,0.0565,0.28321991580764017,0.14603530631949194,platt_vol_vegas,platt,0.19821991580764017,0.06103530631949193,role_change_up,0.85,First-round rookie tight end will see increased snaps and opportunity with Mason Taylor sidelined.,2026-09-27 13:00:00,2026-09-27 08:08:51,2026-09-27 08:08:40,live
TE,00-0038041,Jake Ferguson,DAL,BAL,2026_03_BAL_DAL,2026,3,NA,NA,12,17,5.179804542817966,0.8680138171979436,-2.836874065034716,5.332356214549565,-4.294887595708237,6.553146496163122,NA,NA,NA,NA,NA,0.253,0.0895,0.26486318401641634,0.09713721634758885,platt_vol_vegas,platt,0.26486318401641634,0.09713721634758885,NA,NA,NA,2026-09-27 16:25:00,2026-09-27 08:08:51,2026-09-27 08:08:40,live
TE,00-0038935,Brenton Strange,JAX,NE,2026_03_NE_JAX,2026,3,NA,NA,12,17,5.30584689804894,1.2947033241827253,-2.4576352417272376,5.816223186995527,-3.93432241139885,7.052648849578903,NA,NA,NA,NA,NA,0.313,0.1105,0.26042287978913564,0.1201062997061852,platt_vol_vegas,platt,0.26042287978913564,0.1201062997061852,NA,NA,NA,2026-09-27 13:00:00,2026-09-27 08:08:51,2026-09-27 08:08:40,live
TE,00-0040189,Oronde Gadsden II,LAC,BUF,2026_03_LAC_BUF,2026,3,NA,NA,12,17,4.466831356270774,0.7481612706027109,-2.6773992348830977,4.87591776025866,-4.02548687637181,6.004667430182865,NA,NA,NA,NA,NA,0.199,0.06,0.25567051630793564,0.1568615942381203,platt_vol_vegas,platt,0.16367051630793564,0.06486159423812027,role_change_up,0.92,"Njoku and Kolar both placed on IR, making Gadsden the only healthy tight end and likely to see significant increased opportunity.",2026-09-27 13:00:00,2026-09-27 08:08:51,2026-09-27 08:08:40,live
TE,00-0039066,Michael Mayer,LV,NO,2026_03_LV_NO,2026,3,NA,NA,12,17,6.324822777190995,1.311465305890546,-2.806538693998535,6.273607328415019,-4.42712904438391,7.630522685238399,NA,NA,NA,NA,NA,0.386,0.154,0.2405086321664344,0.08256774143504252,platt_vol_vegas,platt,0.32550863216643444,0.16756774143504252,role_change_down,0.85,Brock Bowers' imminent return from knee injury will reduce Mayer's target share and role in the offense.,2026-09-27 16:25:00,2026-09-27 08:08:51,2026-09-27 08:08:40,live
TE,00-0040126,Colston Loveland,CHI,PHI,2026_03_PHI_CHI,2026,3,NA,NA,12,17,5.422772258803075,1.363040526121226,-2.4328443142420406,5.937033091339112,-3.926668590185564,7.1878076007278136,NA,NA,NA,NA,NA,0.2955,0.103,0.22222674708837653,0.11190571804873982,platt_vol_vegas,platt,0.22222674708837653,0.11190571804873982,NA,NA,NA,2026-09-28 20:15:00,2026-09-27 08:08:51,2026-09-27 08:08:40,live
TE,00-0040887,Josh Cuevas,BAL,DAL,2026_03_BAL_DAL,2026,3,NA,NA,12,17,4.336260754237707,1.3140144540539551,-2.058172377491908,5.377456350921491,-3.3852554592584765,6.488618967064022,NA,NA,NA,NA,NA,0.2375,0.0625,0.2153932180820576,0.06759537263867949,platt_vol_vegas,platt,0.2153932180820576,0.06759537263867949,NA,NA,NA,2026-09-27 16:25:00,2026-09-27 08:08:51,2026-09-27 08:08:40,live
TE,00-0040736,Mason Taylor,NYJ,DET,2026_03_NYJ_DET,2026,3,Out,Did Not Participate In Practice,12,17,5.148215093864471,0.9311162322668048,-2.7617943904091065,5.381026185414189,-4.2150944163696025,6.597869863909914,NA,NA,NA,NA,NA,0.2665,0.09,0.21306573152575647,0.09768431652547978,platt_vol_vegas,platt,0.21306573152575647,0.09768431652547978,NA,NA,NA,2026-09-27 13:00:00,2026-09-27 08:08:51,2026-09-27 08:08:40,live
TE,00-0036894,Pat Freiermuth,PIT,CIN,2026_03_CIN_PIT,2026,3,NA,NA,12,17,5.310304666986267,0.5787399942114051,-3.175267001768366,5.1022702938672175,-4.652610761786053,6.339245717544456,NA,NA,NA,NA,NA,0.2535,0.082,0.21050509087149777,0.08893018460389757,platt_vol_vegas,platt,0.21050509087149777,0.08893018460389757,NA,NA,NA,2026-09-27 13:00:00,2026-09-27 08:08:51,2026-09-27 08:08:40,live
TE,00-0039824,Jared Wiley,KC,MIA,2026_03_KC_MIA,2026,3,NA,NA,12,17,4.596334349457098,1.2744017489709345,-2.2033754387955966,5.465078671299838,-3.572012320021704,6.611034156971426,NA,NA,NA,NA,NA,0.2575,0.0665,0.2095664086677352,0.07197041792083021,platt_vol_vegas,platt,0.2095664086677352,0.07197041792083021,NA,NA,NA,2026-09-27 13:00:00,2026-09-27 08:08:51,2026-09-27 08:08:40,live
TE,00-0035644,Noah Fant,NO,LV,2026_03_LV_NO,2026,3,NA,NA,12,17,4.843898142483262,1.1344099341619778,-2.4412956678172573,5.44308934006718,-3.8484710844857606,6.621313023904229,NA,NA,NA,NA,NA,0.2445,0.0705,0.20396334139555217,0.07634641321737823,platt_vol_vegas,platt,0.20396334139555217,0.07634641321737823,NA,NA,NA,2026-09-27 16:25:00,2026-09-27 08:08:51,2026-09-27 08:08:40,live
TE,00-0041395,Eli Raridon,NE,JAX,2026_03_NE_JAX,2026,3,Questionable,Did Not Participate In Practice,12,17,4.0507083043996355,0.7074634526388244,-2.5452935290883145,4.626993911696868,-3.8253764471422183,5.698803434135142,NA,NA,NA,NA,NA,0.1625,0.037,0.20341606466338824,0.11175249597058656,platt_vol_vegas,platt,0.13141606466338823,0.03975249597058656,role_change_up,0.72,"Impact note suggests Raridon is primed for increased involvement at tight end, implying a shift in target share away from Hunter Henry.",2026-09-27 13:00:00,2026-09-27 08:08:51,2026-09-27 08:08:40,live
TE,00-0040194,Jackson Hawes,BUF,LAC,2026_03_LAC_BUF,2026,3,NA,NA,12,17,4.273090091065413,1.913031486058564,-1.4330615218525309,5.94503065999773,-2.7498756969380227,7.047595151901136,NA,NA,NA,NA,NA,0.2625,0.066,0.20264930395189623,0.07142347900937805,platt_vol_vegas,platt,0.20264930395189623,0.07142347900937805,NA,NA,NA,2026-09-27 13:00:00,2026-09-27 08:08:51,2026-09-27 08:08:40,live
TE,00-0035689,Dawson Knox,BUF,LAC,2026_03_LAC_BUF,2026,3,NA,NA,12,17,4.276052004715193,1.1991376413616224,-2.1481828807368943,5.23261595415855,-3.465480129089714,6.335584921835093,NA,NA,NA,NA,NA,0.2135,0.0575,0.2007328766002348,0.06212839979150592,platt_vol_vegas,platt,0.2007328766002348,0.06212839979150592,NA,NA,NA,2026-09-27 13:00:00,2026-09-27 08:08:51,2026-09-27 08:08:40,live
TE,00-0040363,Keleki Latu,BUF,LAC,2026_03_LAC_BUF,2026,3,NA,NA,12,17,4.252322181364056,1.4399441421894934,-1.8975306895241264,5.461558524305204,-3.2109532862663412,6.561283258007676,NA,NA,NA,NA,NA,0.2215,0.0545,0.1991261989597902,0.05884947016740101,platt_vol_vegas,platt,0.1991261989597902,0.05884947016740101,NA,NA,NA,2026-09-27 13:00:00,2026-09-27 08:08:51,2026-09-27 08:08:40,live
TE,00-0039793,AJ Barner,SEA,WAS,2026_03_SEA_WAS,2026,3,NA,NA,12,17,4.780233752102248,1.6818091373201112,-1.868942345433366,5.960419149497538,-3.2662973722186344,7.130420250842111,NA,NA,NA,NA,NA,0.2725,0.084,0.1951275487395475,0.09111879081751575,platt_vol_vegas,platt,0.1951275487395475,0.09111879081751575,NA,NA,NA,2026-09-27 13:00:00,2026-09-27 08:08:51,2026-09-27 08:08:40,live
TE,00-0038643,Brayden Willis,SF,ARI,2026_03_ARI_SF,2026,3,NA,NA,12,17,4.280165885461741,1.3554552358063132,-1.993569549703447,5.390987164163257,-3.311537490177705,6.494517700307157,NA,NA,NA,NA,NA,0.252,0.071,0.19327691184683027,0.07689346464503752,platt_vol_vegas,platt,0.19327691184683027,0.07689346464503752,NA,NA,NA,2026-09-27 16:05:00,2026-09-27 08:08:51,2026-09-27 08:08:40,live
TE,00-0040584,Gunnar Helm,TEN,NYG,2026_03_TEN_NYG,2026,3,NA,NA,12,17,5.338407960557475,0.480276027849396,-3.2842341776632966,5.016462560329676,-4.765711347949062,6.256898875815552,NA,NA,NA,NA,NA,0.2465,0.0675,0.19124242470217664,0.0730643395520422,platt_vol_vegas,platt,0.19124242470217664,0.0730643395520422,NA,NA,NA,2026-09-27 13:00:00,2026-09-27 08:08:51,2026-09-27 08:08:40,live
TE,00-0040390,Jackson Meeks,DET,NYJ,2026_03_NYJ_DET,2026,3,NA,NA,12,17,4.282444705029967,1.601001637393032,-1.7489668662272757,5.637670733973682,-3.0673061954771343,6.741512232806484,NA,NA,NA,NA,NA,0.223,0.061,0.19001858143219363,0.06595504054326327,platt_vol_vegas,platt,0.19001858143219363,0.06595504054326327,NA,NA,NA,2026-09-27 13:00:00,2026-09-27 08:08:51,2026-09-27 08:08:40,live
TE,00-0033881,Evan Engram,DEN,LA,2026_03_LA_DEN,2026,3,NA,NA,12,17,4.952306674462382,0.7427933288895928,-2.8750518992221203,5.102250444008063,-4.298810852837401,6.294359472743148,NA,NA,NA,NA,NA,0.212,0.0615,0.1897475699605773,0.0665017969186095,platt_vol_vegas,platt,0.1897475699605773,0.0665017969186095,NA,NA,NA,2026-09-27 20:20:00,2026-09-27 08:08:51,2026-09-27 08:08:40,live
TE,00-0031610,Darren Waller,CAR,CLE,2026_03_CAR_CLE,2026,3,NA,Full Participation in Practice,12,17,4.802745877716667,0.6528567902516277,-2.906736400338672,4.942120947012004,-4.307570973623086,6.115035462026076,NA,NA,NA,NA,NA,0.208,0.057,0.18913580498935473,0.06158183911511638,platt_vol_vegas,platt,0.18913580498935473,0.06158183911511638,NA,NA,NA,2026-09-27 13:00:00,2026-09-27 08:08:51,2026-09-27 08:08:40,live
TE,00-0034270,Tyler Conklin,DET,NYJ,2026_03_NYJ_DET,2026,3,NA,NA,12,17,4.240579898710132,1.7606670589606437,-1.5719262437290256,5.7763992611890655,-2.8834277741411567,6.874515491913504,NA,NA,NA,NA,NA,0.2425,0.0725,0.18750500492819475,0.07853467528005519,platt_vol_vegas,platt,0.18750500492819475,0.07853467528005519,NA,NA,NA,2026-09-27 13:00:00,2026-09-27 08:08:51,2026-09-27 08:08:40,live
TE,00-0036244,Colby Parkinson,LA,DEN,2026_03_LA_DEN,2026,3,Questionable,Did Not Participate In Practice,12,17,4.686013285190173,0.7121020125934349,-2.801429602059511,4.945862560909379,-4.184137202788865,6.103599417098796,NA,NA,NA,NA,NA,0.2035,0.0545,0.18693389551969283,0.05884947016740101,platt_vol_vegas,platt,0.18693389551969283,0.05884947016740101,NA,NA,NA,2026-09-27 20:20:00,2026-09-27 08:08:51,2026-09-27 08:08:40,live
TE,00-0039847,Theo Johnson,NYG,TEN,2026_03_TEN_NYG,2026,3,NA,NA,12,17,5.027530437035138,0.7592004590459805,-2.887630400650061,5.153584888595879,-4.322796296766285,6.355244915490524,NA,NA,NA,NA,NA,0.2415,0.0775,0.18506507914956824,0.08400583472461792,platt_vol_vegas,platt,0.18506507914956824,0.08400583472461792,NA,NA,NA,2026-09-27 13:00:00,2026-09-27 08:08:51,2026-09-27 08:08:40,live
TE,00-0037005,Tommy Tremble,CAR,CLE,2026_03_CAR_CLE,2026,3,NA,NA,12,17,4.671653496018057,0.7002339558404547,-2.8075942965407106,4.927122025742283,-4.188057408468536,6.082979578304915,NA,NA,NA,NA,NA,0.212,0.0595,0.17904704980983374,0.06431490573088806,platt_vol_vegas,platt,0.17904704980983374,0.06431490573088806,NA,NA,NA,2026-09-27 13:00:00,2026-09-27 08:08:51,2026-09-27 08:08:40,live
TE,00-0041084,Tanner Koziol,JAX,NE,2026_03_NE_JAX,2026,3,NA,NA,12,17,4.421366816593453,0.801158533025768,-2.605901700895118,4.906622432639821,-3.946708785692183,6.029276114655193,NA,NA,NA,NA,NA,0.184,0.044,0.1765307809696799,0.04738365680131323,platt_vol_vegas,platt,0.1765307809696799,0.04738365680131323,NA,NA,NA,2026-09-27 13:00:00,2026-09-27 08:08:51,2026-09-27 08:08:40,live
TE,00-0040879,Matthew Hibner,BAL,DAL,2026_03_BAL_DAL,2026,3,NA,NA,12,17,3.844657914996746,1.1566450603308984,-2.0074528132549947,4.96934243078605,-3.252645018446223,6.011938065777309,NA,NA,NA,NA,NA,0.1835,0.0485,0.17288181473303513,0.05229527099915489,platt_vol_vegas,platt,0.17288181473303513,0.05229527099915489,NA,NA,NA,2026-09-27 16:25:00,2026-09-27 08:08:51,2026-09-27 08:08:40,live
TE,00-0034798,Durham Smythe,BAL,DAL,2026_03_BAL_DAL,2026,3,NA,NA,12,17,3.848303360556011,1.093490590286843,-2.0721950070479,4.908101147502992,-3.3180120415949355,5.951219950207848,NA,NA,NA,NA,NA,0.1705,0.045,0.17252041602462448,0.04847477896508845,platt_vol_vegas,platt,0.17252041602462448,0.04847477896508845,NA,NA,NA,2026-09-27 16:25:00,2026-09-27 08:08:51,2026-09-27 08:08:40,live
TE,00-0039356,Ja'Tavion Sanders,CAR,CLE,2026_03_CAR_CLE,2026,3,NA,NA,12,17,4.59779295483777,0.6404028051641414,-2.837958532784118,4.831783620972581,-4.20682529920405,5.977931588815701,NA,NA,NA,NA,NA,0.1865,0.0445,0.17231839917295966,0.04792919143411586,platt_vol_vegas,platt,0.17231839917295966,0.04792919143411586,NA,NA,NA,2026-09-27 13:00:00,2026-09-27 08:08:51,2026-09-27 08:08:40,live
TE,00-0041510,Max Klare,LA,DEN,2026_03_LA_DEN,2026,3,NA,NA,12,17,4.480957105397726,0.9774823156430162,-2.4538081254620794,5.1121433042561275,-3.804150713369783,6.242781033938319,NA,NA,NA,NA,NA,0.2245,0.065,0.1721001759409034,0.07032964800129017,platt_vol_vegas,platt,0.1721001759409034,0.07032964800129017,NA,NA,NA,2026-09-27 20:20:00,2026-09-27 08:08:51,2026-09-27 08:08:40,live
TE,00-0036556,Brevin Jordan,HOU,IND,2026_03_HOU_IND,2026,3,NA,NA,12,17,4.58861969139039,0.5473198219823604,-2.9273663055594548,4.734272056371275,-4.29478673765808,5.879209012899158,NA,NA,NA,NA,NA,0.1825,0.0535,0.1714495071232623,0.05775674085216733,platt_vol_vegas,platt,0.1714495071232623,0.05775674085216733,NA,NA,NA,2026-09-27 13:00:00,2026-09-27 08:08:51,2026-09-27 08:08:40,live
TE,00-0040331,Patrick Herbert,LAC,BUF,2026_03_LAC_BUF,2026,3,NA,NA,12,17,4.462294658333395,0.8077976266551518,-2.615920814531441,4.933334452447836,-3.963283534036546,6.061477147406516,NA,NA,NA,NA,NA,0.214,0.0615,0.1639689646053896,0.0665017969186095,platt_vol_vegas,platt,0.1639689646053896,0.0665017969186095,NA,NA,NA,2026-09-27 13:00:00,2026-09-27 08:08:51,2026-09-27 08:08:40,live
TE,00-0039489,Hayden Rucci,LAC,BUF,2026_03_LAC_BUF,2026,3,NA,NA,12,17,4.462294658333395,0.8077976266551518,-2.615920814531441,4.933334452447836,-3.963283534036546,6.061477147406516,NA,NA,NA,NA,NA,0.1895,0.0445,0.16293550772632495,0.04792919143411586,platt_vol_vegas,platt,0.16293550772632495,0.04792919143411586,NA,NA,NA,2026-09-27 13:00:00,2026-09-27 08:08:51,2026-09-27 08:08:40,live
TE,00-0036887,Luke Farrell,SF,ARI,2026_03_ARI_SF,2026,3,NA,NA,12,17,3.897447326641147,1.209930413229029,-1.9770904798073332,5.050249728223665,-3.2313037602874948,6.100398682035872,NA,NA,NA,NA,NA,0.173,0.0455,0.16082037991681936,0.0490204181443333,platt_vol_vegas,platt,0.16082037991681936,0.0490204181443333,NA,NA,NA,2026-09-27 16:05:00,2026-09-27 08:08:51,2026-09-27 08:08:40,live
TE,00-0041314,Tanner Arkin,NE,JAX,2026_03_NE_JAX,2026,3,NA,NA,12,17,4.445191330952738,0.80470145566604,-2.6120644743867953,4.921860594681388,-3.956691117760206,6.047712381441307,NA,NA,NA,NA,NA,0.194,0.0475,0.15815312766617456,0.05120346723481726,platt_vol_vegas,platt,0.15815312766617456,0.05120346723481726,NA,NA,NA,2026-09-27 13:00:00,2026-09-27 08:08:51,2026-09-27 08:08:40,live
TE,00-0039518,Treyton Welch,NO,LV,2026_03_LV_NO,2026,3,NA,NA,12,17,4.274730046963259,1.0126925243695706,-2.334080184531084,5.045510729286643,-3.651161847667791,6.148299188119369,NA,NA,NA,NA,NA,0.184,0.049,0.15755689985891275,0.05284123879349835,platt_vol_vegas,platt,0.15755689985891275,0.05284123879349835,NA,NA,NA,2026-09-27 16:25:00,2026-09-27 08:08:51,2026-09-27 08:08:40,live
TE,00-0034351,Dallas Goedert,PHI,CHI,2026_03_PHI_CHI,2026,3,Out,Did Not Participate In Practice,12,17,5.310951547340611,1.0580730680939443,-2.6961759840487165,5.581895042322612,-4.173615002323035,6.818950225447546,NA,NA,NA,NA,NA,0.2895,0.0915,0.15727969222409616,0.01432557707252936,platt_vol_vegas,platt,0.24227969222409615,0.09932557707252936,role_change_down,0.85,Zach Ertz signing implies reduced snap share and targets for Goedert during his MCL sprain recovery.,2026-09-28 20:15:00,2026-09-27 08:08:51,2026-09-27 08:08:40,live
TE,00-0036754,Brock Wright,DET,NYJ,2026_03_NYJ_DET,2026,3,NA,NA,12,17,3.855812674581528,1.2127898831461827,-1.9561640633788464,5.031338759232795,-3.2032673169678283,6.075534509217906,NA,NA,NA,NA,NA,0.186,0.045,0.156601285331697,0.04847477896508845,platt_vol_vegas,platt,0.156601285331697,0.04847477896508845,NA,NA,NA,2026-09-27 13:00:00,2026-09-27 08:08:51,2026-09-27 08:08:40,live
TE,00-0040058,Nick Kallerup,SEA,WAS,2026_03_SEA_WAS,2026,3,NA,NA,12,17,4.252322181364056,1.2667270785417173,-2.0707477531719025,5.288341460657428,-3.384170349914118,6.3880661943599,NA,NA,NA,NA,NA,0.2065,0.052,0.1531031085969793,0.05611790252579439,platt_vol_vegas,platt,0.1531031085969793,0.05611790252579439,NA,NA,NA,2026-09-27 13:00:00,2026-09-27 08:08:51,2026-09-27 08:08:40,live
TE,00-0040215,Gavin Bartholomew,MIN,TB,2026_03_MIN_TB,2026,3,NA,NA,12,17,4.319276420940255,0.9156645809507644,-2.44952423937104,4.970673964015512,-3.7738533389991984,6.0795306793144785,NA,NA,NA,NA,NA,0.198,0.061,0.1530490711920804,0.06595504054326327,platt_vol_vegas,platt,0.1530490711920804,0.06595504054326327,NA,NA,NA,2026-09-27 16:05:00,2026-09-27 08:08:51,2026-09-27 08:08:40,live
TE,00-0036637,Noah Gray,KC,MIA,2026_03_KC_MIA,2026,3,NA,NA,12,17,3.8913594844245822,1.1858076700005535,-1.998577154038142,5.022950555650307,-3.251753041650137,6.072230903578529,NA,NA,NA,NA,NA,0.1785,0.046,0.1520689382626943,0.04956610774783282,platt_vol_vegas,platt,0.1520689382626943,0.04956610774783282,NA,NA,NA,2026-09-27 13:00:00,2026-09-27 08:08:51,2026-09-27 08:08:40,live
TE,00-0035631,Drew Sample,CIN,PIT,2026_03_CIN_PIT,2026,3,NA,NA,12,17,4.24862922764247,0.7193449468659333,-2.6165953262238357,4.739110205514633,-3.9294140160980686,5.8383292898387404,NA,NA,NA,NA,NA,0.1785,0.0455,0.15115884869726973,0.0490204181443333,platt_vol_vegas,platt,0.15115884869726973,0.0490204181443333,NA,NA,NA,2026-09-27 13:00:00,2026-09-27 08:08:51,2026-09-27 08:08:40,live
TE,00-0041116,Jack Endries,CIN,PIT,2026_03_CIN_PIT,2026,3,NA,NA,12,17,4.252322181364056,0.8870623684692843,-2.4504124632443354,4.908676750584995,-3.76383505998655,6.008401484287467,NA,NA,NA,NA,NA,0.1685,0.045,0.1509619091254243,0.04847477896508845,platt_vol_vegas,platt,0.1509619091254243,0.04847477896508845,NA,NA,NA,2026-09-27 13:00:00,2026-09-27 08:08:51,2026-09-27 08:08:40,live
TE,00-0038498,E.J. Jenkins,PHI,CHI,2026_03_PHI_CHI,2026,3,NA,NA,12,17,4.252322181364056,0.9065803850779148,-2.4308944466357048,4.9281947671936255,-3.74431704337792,6.027919500896098,NA,NA,NA,NA,NA,0.1615,0.0455,0.15063894123553392,0.0490204181443333,platt_vol_vegas,platt,0.15063894123553392,0.0490204181443333,NA,NA,NA,2026-09-28 20:15:00,2026-09-27 08:08:51,2026-09-27 08:08:40,live
TE,00-0036825,Feleipe Franks,CAR,CLE,2026_03_CAR_CLE,2026,3,NA,NA,12,17,4.269345175288143,1.0958661554186602,-2.2486742631258667,5.125994479077017,-3.564877435564047,6.228047380327672,NA,NA,NA,NA,NA,0.194,0.0535,0.1495431776378965,0.05775674085216733,platt_vol_vegas,platt,0.1495431776378965,0.05775674085216733,NA,NA,NA,2026-09-27 13:00:00,2026-09-27 08:08:51,2026-09-27 08:08:40,live
TE,00-0038564,Cameron Latu,NE,JAX,2026_03_NE_JAX,2026,3,NA,NA,12,17,4.335555002869532,0.7078864743270884,-2.6640098254719966,4.770978284164693,-3.990978572005933,5.882045167765717,NA,NA,NA,NA,NA,0.1645,0.0395,0.14941556259348085,0.04247644574696996,platt_vol_vegas,platt,0.14941556259348085,0.04247644574696996,NA,NA,NA,2026-09-27 13:00:00,2026-09-27 08:08:51,2026-09-27 08:08:40,live
TE,00-0038783,Nate Adkins,DEN,LA,2026_03_LA_DEN,2026,3,NA,NA,12,17,4.424789770687738,0.6474811315642459,-2.7609750663932564,4.754627149944627,-4.102331515845451,5.877740813309922,NA,NA,NA,NA,NA,0.167,0.042,0.1491344842810949,0.04520207320489637,platt_vol_vegas,platt,0.1491344842810949,0.04520207320489637,NA,NA,NA,2026-09-27 20:20:00,2026-09-27 08:08:51,2026-09-27 08:08:40,live
TE,00-0037755,Jelani Woods,NYJ,DET,2026_03_NYJ_DET,2026,3,NA,NA,12,17,4.3656775265354435,0.7004745383948698,-2.6838023586462203,4.778484809176213,-4.015643338529843,5.893631198898351,NA,NA,NA,NA,NA,0.169,0.039,0.1488662498699172,0.04193151520405128,platt_vol_vegas,platt,0.1488662498699172,0.04193151520405128,NA,NA,NA,2026-09-27 13:00:00,2026-09-27 08:08:51,2026-09-27 08:08:40,live
TE,00-0034959,Andrew Beck,NYJ,DET,2026_03_NYJ_DET,2026,3,NA,NA,12,17,4.339078311502737,0.904762158004424,-2.468584335978542,4.969601433240522,-3.796123788781984,6.081146167460082,NA,NA,NA,NA,NA,0.1825,0.042,0.14769839845900276,0.04520207320489637,platt_vol_vegas,platt,0.14769839845900276,0.04520207320489637,NA,NA,NA,2026-09-27 13:00:00,2026-09-27 08:08:51,2026-09-27 08:08:40,live
TE,00-0039530,Brevyn Spann-Ford,DAL,BAL,2026_03_BAL_DAL,2026,3,NA,NA,12,17,3.842892759786337,0.5201278072651088,-2.643201022602816,4.331898489900094,-3.888090579999531,5.374240718816223,NA,NA,NA,NA,NA,0.129,0.0275,0.14688575745209054,0.02942089259379163,platt_vol_vegas,platt,0.14688575745209054,0.02942089259379163,NA,NA,NA,2026-09-27 16:25:00,2026-09-27 08:08:51,2026-09-27 08:08:40,live
TE,00-0034613,Tanner Hudson,CIN,PIT,2026_03_CIN_PIT,2026,3,NA,NA,12,17,4.1848603614244935,0.8904308324274678,-2.4189113916996563,4.878145783092431,-3.721262743152386,5.968600596886465,NA,NA,NA,NA,NA,0.1765,0.0405,0.14685510531754103,0.04356650636336336,platt_vol_vegas,platt,0.14685510531754103,0.04356650636336336,NA,NA,NA,2026-09-27 13:00:00,2026-09-27 08:08:51,2026-09-27 08:08:40,live
TE,00-0039050,Payne Durham,TB,MIN,2026_03_MIN_TB,2026,3,NA,NA,12,17,4.356239348821847,0.8572198867823366,-2.523182181511202,4.930561038602448,-3.8534982697051015,6.044430641164409,NA,NA,NA,NA,NA,0.187,0.0475,0.14567274686822565,0.05120346723481726,platt_vol_vegas,platt,0.14567274686822565,0.05120346723481726,NA,NA,NA,2026-09-27 16:05:00,2026-09-27 08:08:51,2026-09-27 08:08:40,live
TE,00-0036290,Cole Kmet,CHI,PHI,2026_03_PHI_CHI,2026,3,NA,NA,12,17,4.491637969354696,0.5793604265503757,-2.85625693262084,4.719235295957311,-4.208302326466821,5.851298779857273,NA,NA,NA,NA,NA,0.1765,0.0385,0.14532526194024747,0.04138665329369701,platt_vol_vegas,platt,0.14532526194024747,0.04138665329369701,NA,NA,NA,2026-09-28 20:15:00,2026-09-27 08:08:51,2026-09-27 08:08:40,live
TE,00-0040081,Jake Briningstool,KC,MIA,2026_03_KC_MIA,2026,3,NA,NA,12,17,3.795233749125699,1.2772185462271604,-1.8652829580288453,5.0638925685290115,-3.101976174938295,6.099372026557804,NA,NA,NA,NA,NA,0.162,0.0445,0.14499524120779278,0.04792919143411586,platt_vol_vegas,platt,0.14499524120779278,0.04792919143411586,NA,NA,NA,2026-09-27 13:00:00,2026-09-27 08:08:51,2026-09-27 08:08:40,live
TE,00-0039041,Elijah Higgins,ARI,SF,2026_03_ARI_SF,2026,3,NA,NA,12,17,4.379069369972362,0.5731705450335743,-2.8165975921451953,4.657797689777081,-4.150599582746393,5.7747534871809565,NA,NA,NA,NA,NA,0.159,0.044,0.14490749754895962,0.04738365680131323,platt_vol_vegas,platt,0.14490749754895962,0.04738365680131323,NA,NA,NA,2026-09-27 16:05:00,2026-09-27 08:08:51,2026-09-27 08:08:40,live
TE,00-0038547,Luke Schoonmaker,DAL,BAL,2026_03_BAL_DAL,2026,3,NA,NA,12,17,3.793437928648671,0.724501057594105,-2.417213260870642,4.510226531110076,-3.653596690393457,5.545446605105036,NA,NA,NA,NA,NA,0.1415,0.032,0.14433691129998374,0.03431050162284035,platt_vol_vegas,platt,0.14433691129998374,0.03431050162284035,NA,NA,NA,2026-09-27 16:25:00,2026-09-27 08:08:51,2026-09-27 08:08:40,live
TE,00-0036422,Adam Trautman,DEN,LA,2026_03_LA_DEN,2026,3,NA,NA,12,17,4.334499631937842,0.854678869666293,-2.5167829314025503,4.917247114104709,-3.8435806862498585,6.028170826888122,NA,NA,NA,NA,NA,0.1815,0.042,0.14387180412020925,0.04520207320489637,platt_vol_vegas,platt,0.14387180412020925,0.04520207320489637,NA,NA,NA,2026-09-27 20:20:00,2026-09-27 08:08:51,2026-09-27 08:08:40,live
TE,00-0041558,Sam Roush,CHI,PHI,2026_03_PHI_CHI,2026,3,NA,NA,12,17,4.458649959065384,0.8305002037981457,-2.5917377183608066,4.954253023144407,-3.938517797623255,6.081907875205234,NA,NA,NA,NA,NA,0.1925,0.052,0.14385022974417064,0.05611790252579439,platt_vol_vegas,platt,0.14385022974417064,0.05611790252579439,NA,NA,NA,2026-09-28 20:15:00,2026-09-27 08:08:51,2026-09-27 08:08:40,live
TE,00-0037252,Greg Dulcich,MIA,KC,2026_03_KC_MIA,2026,3,NA,NA,12,17,4.710996775945856,0.437387676975896,-3.0860472081450605,4.683081539234971,-4.472652120425871,5.84408160249781,NA,NA,NA,NA,NA,0.168,0.045,0.14346460262504251,0.04847477896508845,platt_vol_vegas,platt,0.14346460262504251,0.04847477896508845,NA,NA,NA,2026-09-27 13:00:00,2026-09-27 08:08:51,2026-09-27 08:08:40,live
TE,00-0035249,Josh Oliver,MIN,TB,2026_03_MIN_TB,2026,3,NA,NA,12,17,4.199802393138056,0.7490345039799933,-2.5665570711979964,4.7442798425376935,-3.871367778690564,5.836793867641704,NA,NA,NA,NA,NA,0.156,0.0365,0.14337104409498094,0.03920792541404707,platt_vol_vegas,platt,0.14337104409498094,0.03920792541404707,NA,NA,NA,2026-09-27 16:05:00,2026-09-27 08:08:51,2026-09-27 08:08:40,live
TE,00-0040225,Thomas Fidone II,NYG,TEN,2026_03_TEN_NYG,2026,3,NA,NA,12,17,4.470143088491314,0.6433387902313743,-2.783565842979935,4.772714936563355,-4.132182449574481,5.901907507357087,NA,NA,NA,NA,NA,0.1785,0.0425,0.14281539285033018,0.04574738319746326,platt_vol_vegas,platt,0.14281539285033018,0.04574738319746326,NA,NA,NA,2026-09-27 13:00:00,2026-09-27 08:08:51,2026-09-27 08:08:40,live
TE,00-0037004,Hunter Long,ARI,SF,2026_03_ARI_SF,2026,3,NA,NA,12,17,4.323565674026501,0.7919389472373117,-2.575018383607428,4.849079362807947,-3.9000434590258246,5.9585188165130285,NA,NA,NA,NA,NA,0.1895,0.0475,0.14264146089219482,0.05120346723481726,platt_vol_vegas,platt,0.14264146089219482,0.05120346723481726,NA,NA,NA,2026-09-27 16:05:00,2026-09-27 08:08:51,2026-09-27 08:08:40,live
TE,00-0041133,Dallen Bentley,DEN,LA,2026_03_LA_DEN,2026,3,NA,NA,12,17,4.3174496491356615,0.5537902504864862,-2.8106451189210073,4.607891734859559,-4.134677707112739,5.716500182037303,NA,NA,NA,NA,NA,0.1665,0.0375,0.14214669902459456,0.04029714197416743,platt_vol_vegas,platt,0.14214669902459456,0.04029714197416743,NA,NA,NA,2026-09-27 20:20:00,2026-09-27 08:08:51,2026-09-27 08:08:40,live
TE,00-0039814,Erick All,CIN,PIT,2026_03_CIN_PIT,2026,3,NA,NA,12,17,4.111593927985306,0.6010153807834907,-2.677530732414934,4.5516214126193955,-3.9677626492576463,5.631928660784373,NA,NA,NA,NA,NA,0.155,0.0395,0.14119191535965175,0.04247644574696996,platt_vol_vegas,platt,0.14119191535965175,0.04247644574696996,NA,NA,NA,2026-09-27 13:00:00,2026-09-27 08:08:51,2026-09-27 08:08:40,live
TE,00-0041503,Nate Boerkircher,JAX,NE,2026_03_NE_JAX,2026,3,NA,NA,12,17,3.9162768944198847,0.8170973465602611,-2.3780646094228546,4.667226538028353,-3.6354817061338274,5.720058037397488,NA,NA,NA,NA,NA,0.156,0.035,0.14023291878666044,0.03757468480989566,platt_vol_vegas,platt,0.14023291878666044,0.03757468480989566,NA,NA,NA,2026-09-27 13:00:00,2026-09-27 08:08:51,2026-09-27 08:08:40,live
TE,00-0041094,Bauer Sharp,TB,MIN,2026_03_MIN_TB,2026,3,NA,NA,12,17,4.252322181364056,1.0181665942023157,-2.3193082375113043,5.039780976318026,-3.632730834253519,6.139505710020498,NA,NA,NA,NA,NA,0.18,0.0455,0.13877826140026422,0.0490204181443333,platt_vol_vegas,platt,0.13877826140026422,0.0490204181443333,NA,NA,NA,2026-09-27 16:05:00,2026-09-27 08:08:51,2026-09-27 08:08:40,live
TE,00-0041041,Oscar Delp,NO,LV,2026_03_LV_NO,2026,3,NA,NA,12,17,3.999012854809767,0.8557005134952461,-2.3750164201074515,4.7486729971410035,-3.646425745490377,5.813220146894359,NA,NA,NA,NA,NA,0.1675,0.0425,0.13871644068421107,0.04574738319746326,platt_vol_vegas,platt,0.13871644068421107,0.04574738319746326,NA,NA,NA,2026-09-27 16:25:00,2026-09-27 08:08:51,2026-09-27 08:08:40,live
TE,00-0033217,Mo Alie-Cox,IND,HOU,2026_03_HOU_IND,2026,3,NA,NA,12,17,4.252322181364056,0.5311646915731191,-2.8063101401405004,4.552779073688829,-4.119732736882716,5.652503807391302,NA,NA,NA,NA,NA,0.172,0.0445,0.13845130951502638,0.04792919143411586,platt_vol_vegas,platt,0.13845130951502638,0.04792919143411586,NA,NA,NA,2026-09-27 13:00:00,2026-09-27 08:08:51,2026-09-27 08:08:40,live
TE,00-0037311,Ko Kieft,TB,MIN,2026_03_MIN_TB,2026,3,NA,NA,12,17,4.252322181364056,1.0181665942023157,-2.3193082375113043,5.039780976318026,-3.632730834253519,6.139505710020498,NA,NA,NA,NA,NA,0.172,0.0545,0.13845130951502638,0.05884947016740101,platt_vol_vegas,platt,0.13845130951502638,0.05884947016740101,NA,NA,NA,2026-09-27 16:05:00,2026-09-27 08:08:51,2026-09-27 08:08:40,live
TE,00-0040739,Elijah Arroyo,SEA,WAS,2026_03_SEA_WAS,2026,3,NA,NA,12,17,4.023381069426629,1.4787442454056468,-1.7623785351650936,5.384255641233489,-3.037882954963772,6.4522316010492125,NA,NA,NA,NA,NA,0.1935,0.0495,0.13777216016602117,0.05338724910356462,platt_vol_vegas,platt,0.13777216016602117,0.05338724910356462,NA,NA,NA,2026-09-27 13:00:00,2026-09-27 08:08:51,2026-09-27 08:08:40,live
TE,00-0041131,Carsen Ryan,CLE,CAR,2026_03_CAR_CLE,2026,3,NA,NA,12,17,4.2185185960418,1.0838177886427516,-2.239586901160478,5.088477830151141,-3.5474723648136663,6.183566339209002,NA,NA,NA,NA,NA,0.1835,0.0465,0.13682217408526826,0.05011184657662508,platt_vol_vegas,platt,0.13682217408526826,0.05011184657662508,NA,NA,NA,2026-09-27 13:00:00,2026-09-27 08:08:51,2026-09-27 08:08:40,live
TE,00-0033110,Tyler Higbee,LA,DEN,2026_03_LA_DEN,2026,3,NA,NA,12,17,3.99185153173993,1.045746761686673,-2.1819064346878627,4.935027481252977,-3.452110063576027,5.998565105009204,NA,NA,NA,NA,NA,0.16,0.043,0.13625942605487512,0.04629275136441496,platt_vol_vegas,platt,0.13625942605487512,0.04629275136441496,NA,NA,NA,2026-09-27 20:20:00,2026-09-27 08:08:51,2026-09-27 08:08:40,live
TE,00-0037304,Connor Heyward,LV,NO,2026_03_LV_NO,2026,3,NA,NA,12,17,4.252322181364056,0.6104151494553338,-2.727059682258286,4.632029531571044,-4.040482279000501,5.7317542652735165,NA,NA,NA,NA,NA,0.1665,0.0435,0.1339470255667725,0.04683817634331945,platt_vol_vegas,platt,0.1339470255667725,0.04683817634331945,NA,NA,NA,2026-09-27 16:25:00,2026-09-27 08:08:51,2026-09-27 08:08:40,live
TE,00-0038488,Brady Russell,SEA,WAS,2026_03_SEA_WAS,2026,3,NA,Full Participation in Practice,12,17,3.956770569703043,1.3272775544492923,-1.885329882589801,5.198428326919577,-3.1496124360263886,6.257008252262233,NA,NA,NA,NA,NA,0.179,0.0405,0.133147297546978,0.04356650636336336,platt_vol_vegas,platt,0.133147297546978,0.04356650636336336,NA,NA,NA,2026-09-27 13:00:00,2026-09-27 08:08:51,2026-09-27 08:08:40,live
TE,00-0033757,Robert Tonyan,PIT,CIN,2026_03_CIN_PIT,2026,3,NA,NA,12,17,4.269345175288143,1.050179085185739,-2.294361333358788,5.080307408844096,-3.610564505796968,6.182360310094751,NA,NA,NA,NA,NA,0.187,0.0435,0.13190824801293585,0.04683817634331945,platt_vol_vegas,platt,0.13190824801293585,0.04683817634331945,NA,NA,NA,2026-09-27 13:00:00,2026-09-27 08:08:51,2026-09-27 08:08:40,live
TE,00-0031484,Chris Manhertz,NYG,TEN,2026_03_TEN_NYG,2026,3,NA,NA,12,17,4.2876250296245315,0.8499975750645119,-2.502115355961573,4.889250679175205,-3.821298598515304,5.99379878404301,NA,NA,NA,NA,NA,0.177,0.045,0.13149409796578265,0.04847477896508845,platt_vol_vegas,platt,0.13149409796578265,0.04847477896508845,NA,NA,NA,2026-09-27 13:00:00,2026-09-27 08:08:51,2026-09-27 08:08:40,live
TE,00-0036590,Quintin Morris,JAX,NE,2026_03_NE_JAX,2026,3,NA,NA,12,17,3.77363846947141,0.8787099587400513,-2.254313744669756,4.653963352538067,-3.4872770884186552,5.6863197991473795,NA,NA,NA,NA,NA,0.142,0.0365,0.13087534305638931,0.03920792541404707,platt_vol_vegas,platt,0.13087534305638931,0.03920792541404707,NA,NA,NA,2026-09-27 13:00:00,2026-09-27 08:08:51,2026-09-27 08:08:40,live
TE,00-0036187,Reggie Gilliam,NE,JAX,2026_03_NE_JAX,2026,3,NA,Limited Participation in Practice,12,17,4.02305373130868,0.909825597757949,-2.331157597988341,4.815168795661959,-3.606607085878364,5.883098761158134,NA,NA,NA,NA,NA,0.1545,0.0365,0.12944237524624785,0.03920792541404707,platt_vol_vegas,platt,0.12944237524624785,0.03920792541404707,NA,NA,NA,2026-09-27 13:00:00,2026-09-27 08:08:51,2026-09-27 08:08:40,live
TE,00-0041472,Marlin Klein,HOU,IND,2026_03_HOU_IND,2026,3,NA,NA,12,17,3.963052742313574,0.9811324841065528,-2.2341738944619074,4.855535446516324,-3.4995185834862372,5.91500469474659,NA,NA,NA,NA,NA,0.167,0.0345,0.12931533160420905,0.03703043467198524,platt_vol_vegas,platt,0.12931533160420905,0.03703043467198524,NA,NA,NA,2026-09-27 13:00:00,2026-09-27 08:08:51,2026-09-27 08:08:40,live
TE,00-0037809,Chig Okonkwo,WAS,SEA,2026_03_SEA_WAS,2026,3,Out,Did Not Participate In Practice,12,17,4.668060758216999,0.0767013500784309,-3.4296986634679496,4.301868410495937,-4.809599709386669,5.4572553469037075,NA,NA,NA,NA,NA,0.166,0.046,0.12726976312160265,0.04956610774783282,platt_vol_vegas,platt,0.12726976312160265,0.04956610774783282,NA,NA,NA,2026-09-27 13:00:00,2026-09-27 08:08:51,2026-09-27 08:08:40,live
TE,00-0039074,Davis Allen,LA,DEN,2026_03_LA_DEN,2026,3,NA,NA,12,17,3.844657914996746,0.6529448696349665,-2.511153003950927,4.4656422400901175,-3.756345209142155,5.5082378750813765,NA,NA,NA,NA,NA,0.1435,0.034,0.12676648064297444,0.03648626955092363,platt_vol_vegas,platt,0.12676648064297444,0.03648626955092363,NA,NA,NA,2026-09-27 20:20:00,2026-09-27 08:08:51,2026-09-27 08:08:40,live
TE,00-0033576,Eric Saubert,SEA,WAS,2026_03_SEA_WAS,2026,3,NA,NA,12,17,3.856534109232652,1.0968044393025504,-2.0724633461932203,4.915731487325145,-3.3196901072891336,5.960030649769055,NA,NA,NA,NA,NA,0.16,0.0325,0.12648496567253054,0.03485430532996696,platt_vol_vegas,platt,0.12648496567253054,0.03485430532996696,NA,NA,NA,2026-09-27 13:00:00,2026-09-27 08:08:51,2026-09-27 08:08:40,live
TE,00-0033246,Johnny Mundt,PHI,CHI,2026_03_PHI_CHI,2026,3,NA,NA,12,17,3.86792032467146,0.7558892962236597,-2.4183280736070167,4.580780529910699,-3.6675026833722817,5.626710620103612,NA,NA,NA,NA,NA,0.143,0.032,0.1259528857803743,0.03431050162284035,platt_vol_vegas,platt,0.1259528857803743,0.03431050162284035,NA,NA,NA,2026-09-28 20:15:00,2026-09-27 08:08:51,2026-09-27 08:08:40,live
TE,00-0041579,Seydou Traore,MIA,KC,2026_03_KC_MIA,2026,3,NA,Full Participation in Practice,12,17,4.423193588398047,0.28117760226345,-3.1266276969549,4.3875392960083905,-4.46772799313095,5.510438483016957,NA,NA,NA,NA,NA,0.161,0.042,0.125707696547816,0.04520207320489637,platt_vol_vegas,platt,0.125707696547816,0.04520207320489637,NA,NA,NA,2026-09-27 13:00:00,2026-09-27 08:08:51,2026-09-27 08:08:40,live
TE,00-0036876,Kylen Granson,TEN,NYG,2026_03_TEN_NYG,2026,3,NA,NA,12,17,4.423193588398047,0.3888299922143297,-3.0189753070040206,4.49519168595927,-4.3600756031800705,5.618090872967836,NA,NA,NA,NA,NA,0.157,0.0395,0.1248481221482777,0.04247644574696996,platt_vol_vegas,platt,0.1248481221482777,0.04247644574696996,NA,NA,NA,2026-09-27 13:00:00,2026-09-27 08:08:51,2026-09-27 08:08:40,live
TE,00-0036628,John Bates,WAS,SEA,2026_03_SEA_WAS,2026,3,NA,NA,12,17,4.612274829709758,0.4881772444309425,-2.9959791480742606,4.686541026681524,-4.367126487678481,5.83459851149504,NA,NA,NA,NA,NA,0.183,0.0415,0.1247110474549798,0.04465682277974643,platt_vol_vegas,platt,0.1247110474549798,0.04465682277974643,NA,NA,NA,2026-09-27 13:00:00,2026-09-27 08:08:51,2026-09-27 08:08:40,live
TE,00-0041077,Justin Joly,MIA,KC,2026_03_KC_MIA,2026,3,NA,NA,12,17,4.400641983354807,0.0900289864735634,-3.308568269395227,4.185295106039531,-4.646044852190079,5.3051601688880305,NA,NA,NA,NA,NA,0.146,0.036,0.12379729876333088,0.03866343211875167,platt_vol_vegas,platt,0.12379729876333088,0.03866343211875167,NA,NA,NA,2026-09-27 13:00:00,2026-09-27 08:08:51,2026-09-27 08:08:40,live
TE,00-0039359,Cade Stover,HOU,IND,2026_03_HOU_IND,2026,3,NA,NA,12,17,3.8547410033012985,1.038630996226709,-2.129856700136511,4.856618046846181,-3.376776466649446,5.9006601636622404,NA,NA,NA,NA,NA,0.153,0.036,0.12252913295360662,0.03866343211875167,platt_vol_vegas,platt,0.12252913295360662,0.03866343211875167,NA,NA,NA,2026-09-27 13:00:00,2026-09-27 08:08:51,2026-09-27 08:08:40,live
TE,00-0033885,David Njoku,LAC,BUF,2026_03_LAC_BUF,2026,3,NA,NA,12,17,5.101118275764272,0.9642284533906326,-2.710760813690112,5.392543402817337,-4.1570081082923735,6.6034818508609225,NA,NA,NA,NA,NA,0.2525,0.0775,0.12168833546908892,0,platt_vol_vegas,platt,0.21668833546908892,0.08400583472461792,role_change_down,0.95,"Njoku placed on IR, reducing his opportunity; Rucci signed as depth but doesn't meaningfully increase any starter's role given both top TEs are out.",2026-09-27 13:00:00,2026-09-27 08:08:51,2026-09-27 08:08:40,live
TE,00-0040187,Mitchell Evans,CAR,CLE,2026_03_CAR_CLE,2026,3,NA,NA,12,17,3.821952188335683,0.5633473310921568,-2.5908453816763384,4.364109109757402,-3.8321395313921176,5.403440914789949,NA,NA,NA,NA,NA,0.1235,0.029,0.11939960145251804,0.03104978204797369,platt_vol_vegas,platt,0.11939960145251804,0.03104978204797369,NA,NA,NA,2026-09-27 13:00:00,2026-09-27 08:08:51,2026-09-27 08:08:40,live
TE,00-0037805,Jeremy Ruckert,NYJ,DET,2026_03_NYJ_DET,2026,3,NA,NA,12,17,3.8795911964144096,0.47443162449691567,-2.704851957744356,4.305427579184305,-3.956020313738579,5.353027027012871,NA,NA,NA,NA,NA,0.127,0.0335,0.11777257934363693,0.03594219152108819,platt_vol_vegas,platt,0.11777257934363693,0.03594219152108819,NA,NA,NA,2026-09-27 13:00:00,2026-09-27 08:08:51,2026-09-27 08:08:40,live
TE,00-0034981,Foster Moreau,HOU,IND,2026_03_HOU_IND,2026,3,NA,NA,12,17,3.778925844044307,0.5980914212373623,-2.537255175862807,4.3761438721502115,-3.77113266614961,5.409265730867139,NA,NA,NA,NA,NA,0.126,0.0335,0.11717748183488412,0.03594219152108819,platt_vol_vegas,platt,0.11717748183488412,0.03594219152108819,NA,NA,NA,2026-09-27 13:00:00,2026-09-27 08:08:51,2026-09-27 08:08:40,live
TE,00-0038558,Darnell Washington,PIT,CIN,2026_03_CIN_PIT,2026,3,NA,NA,12,17,3.964939575998144,0.4093539492943659,-2.806762655827998,4.284733224313595,-4.072426199650652,5.344469448693843,NA,NA,NA,NA,NA,0.134,0.0335,0.11278078967198064,0.03594219152108819,platt_vol_vegas,platt,0.11278078967198064,0.03594219152108819,NA,NA,NA,2026-09-27 13:00:00,2026-09-27 08:08:51,2026-09-27 08:08:40,live
TE,00-0039648,David Martin-Robinson,TEN,NYG,2026_03_TEN_NYG,2026,3,NA,NA,12,17,4.2185185960418,0.39050367035922046,-2.9329010194440093,4.3951637118676095,-4.240786483097198,5.490252220925471,NA,NA,NA,NA,NA,0.13,0.0285,0.11254645236703796,0.03050670342925691,platt_vol_vegas,platt,0.11254645236703796,0.03050670342925691,NA,NA,NA,2026-09-27 13:00:00,2026-09-27 08:08:51,2026-09-27 08:08:40,live
TE,00-0037292,Andrew Ogletree,IND,HOU,2026_03_HOU_IND,2026,3,NA,NA,12,17,3.81006663881842,1.0602036328212734,-2.0887930764221414,4.854704293857279,-3.328042402195657,5.892323974040632,NA,NA,NA,NA,NA,0.1515,0.0375,0.11240483828567512,0.04029714197416743,platt_vol_vegas,platt,0.11240483828567512,0.04029714197416743,NA,NA,NA,2026-09-27 13:00:00,2026-09-27 08:08:51,2026-09-27 08:08:40,live
TE,00-0038710,Blake Whiteheart,CLE,CAR,2026_03_CAR_CLE,2026,3,NA,NA,12,17,3.77363846947141,0.7852361345338776,-2.3477875688759293,4.560489528331893,-3.580750912624829,5.592845974941206,NA,NA,NA,NA,NA,0.14,0.0315,0.11007294460685932,0.03376679392100568,platt_vol_vegas,platt,0.11007294460685932,0.03376679392100568,NA,NA,NA,2026-09-27 13:00:00,2026-09-27 08:08:51,2026-09-27 08:08:40,live
TE,00-0034365,Ian Thomas,LV,NO,2026_03_LV_NO,2026,3,NA,NA,12,17,3.778210755201611,0.6307124781696741,-2.5043200496035936,4.408386479570322,-3.738073941729603,5.441404849924248,NA,NA,NA,NA,NA,0.116,0.0265,0.10577359365277408,0.02833556413937982,platt_vol_vegas,platt,0.10577359365277408,0.02833556413937982,NA,NA,NA,2026-09-27 16:25:00,2026-09-27 08:08:51,2026-09-27 08:08:40,live
TE,00-0041524,Will Kacmarek,MIA,KC,2026_03_KC_MIA,2026,3,NA,NA,12,17,3.892924766970076,0.6098496021697949,-2.575213183042983,4.447809422342109,-3.828655874022989,5.497313163916492,NA,NA,NA,NA,NA,0.1215,0.0275,0.09688708955550666,0.02942089259379163,platt_vol_vegas,platt,0.09688708955550666,0.02942089259379163,NA,NA,NA,2026-09-27 13:00:00,2026-09-27 08:08:51,2026-09-27 08:08:40,live
TE,00-0038115,Daniel Bellinger,TEN,NYG,2026_03_TEN_NYG,2026,3,NA,Limited Participation in Practice,12,17,3.857673056913974,0.26648256822672434,-2.9032806267875646,4.086006578367438,-4.150702350269435,5.130468982222384,NA,NA,NA,NA,NA,0.1135,0.0205,0.09441522207979684,0.02183534168475227,platt_vol_vegas,platt,0.09441522207979684,0.02183534168475227,NA,NA,NA,2026-09-27 13:00:00,2026-09-27 08:08:51,2026-09-27 08:08:40,live
TE,00-0039912,Ben Sinnott,WAS,SEA,2026_03_SEA_WAS,2026,3,NA,NA,12,17,3.880649458851418,0.13527413873482863,-3.044468470050637,3.966823214522747,-4.29581747035412,5.014573915280408,NA,NA,NA,NA,NA,0.1005,0.0265,0.08590474727929492,0.02833556413937982,platt_vol_vegas,platt,0.08590474727929492,0.02833556413937982,NA,NA,NA,2026-09-27 13:00:00,2026-09-27 08:08:51,2026-09-27 08:08:40,live
TE,00-0039686,Colson Yankoff,WAS,SEA,2026_03_SEA_WAS,2026,3,NA,NA,12,17,3.795233749125699,0.6071710377422258,-2.5353304665137797,4.393845060044077,-3.7720236834232295,5.429324518072869,NA,NA,NA,NA,NA,0.1335,0.029,0.08368494492066769,0.03104978204797369,platt_vol_vegas,platt,0.08368494492066769,0.03104978204797369,NA,NA,NA,2026-09-27 13:00:00,2026-09-27 08:08:51,2026-09-27 08:08:40,live
WR,00-0038543,Jaxon Smith-Njigba,SEA,WAS,2026_03_SEA_WAS,2026,3,NA,NA,15,20,8.947016229310924,NA,NA,NA,NA,NA,19.316465865405387,9.126960402322572,31.211537130505697,7.550462764355768,36.11640693242067,0.6070629638123706,0.38088767301726945,0.711645432770027,0.47638285008678666,platt,platt,0.626645432770027,0.39138285008678664,role_change_up,0.85,"Drew Lock's performance demonstrates a clear passing-volume dependency on JSN (155/235 yards, all 3 TDs), establishing him as the primary target in Lock's offense if Lock continues starting.",2026-09-27 13:00:00,2026-09-27 08:08:51,2026-09-27 08:08:40,live
WR,00-0036963,Amon-Ra St. Brown,DET,NYJ,2026_03_NYJ_DET,2026,3,NA,NA,15,20,10.08692888558394,NA,NA,NA,NA,NA,20.641107767418752,9.390056347364396,33.775411383402485,7.649318678336014,39.19127209911194,0.648978681565151,0.4314841638425718,0.6697233013443916,0.44338887438735497,platt,platt,0.6697233013443916,0.44338887438735497,NA,NA,NA,2026-09-27 13:00:00,2026-09-27 08:08:51,2026-09-27 08:08:40,live
WR,00-0039075,Puka Nacua,LA,DEN,2026_03_LA_DEN,2026,3,Doubtful,Did Not Participate In Practice,15,20,8.964284578198074,NA,NA,NA,NA,NA,17.30408746873495,7.0983321993248065,29.21812850670676,5.519320427439997,34.13082039425981,0.5004196126556251,0.30051598391528633,0.5153940480914975,0.3084078729899792,platt,platt,0.5153940480914975,0.3084078729899792,NA,NA,NA,2026-09-27 20:20:00,2026-09-27 08:08:51,2026-09-27 08:08:40,live
WR,00-0036358,CeeDee Lamb,DAL,BAL,2026_03_BAL_DAL,2026,3,NA,NA,15,20,8.056073389084935,NA,NA,NA,NA,NA,16.55405537136147,7.210628590013139,27.461427454045435,5.765034365182631,31.95902471549033,0.4760773995701548,0.27019526575584896,0.4897494921911196,0.2770247244658585,platt,platt,0.4897494921911196,0.2770247244658585,NA,NA,NA,2026-09-27 16:25:00,2026-09-27 08:08:51,2026-09-27 08:08:40,live
WR,00-0035640,DK Metcalf,PIT,CIN,2026_03_CIN_PIT,2026,3,NA,NA,15,20,8.672640190705398,NA,NA,NA,NA,NA,14.596748787498466,4.666174752659687,26.189547503367017,3.1297384097676098,30.969776816323783,0.39168489466627154,0.21966179668239272,0.4854174239395083,0.30967556131855967,platt,platt,0.4004174239395083,0.22467556131855967,role_change_up,0.85,"Metcalf established clear target share leadership (10 targets, easily led team) in Week 1, indicating secured WR1 role in Steelers offense that changes his opportunity outlook.",2026-09-27 13:00:00,2026-09-27 08:08:51,2026-09-27 08:08:40,live
WR,00-0037247,George Pickens,DAL,BAL,2026_03_BAL_DAL,2026,3,NA,NA,15,20,7.252971258372925,NA,NA,NA,NA,NA,16.19854982358214,7.631806406942676,26.1992337448924,6.306378906036883,30.3229629324634,0.4653031611374005,0.24859285198633208,0.4783770382226376,0.25465001115497893,platt,platt,0.4783770382226376,0.25465001115497893,NA,NA,NA,2026-09-27 16:25:00,2026-09-27 08:08:51,2026-09-27 08:08:40,live
WR,00-0037239,Chris Olave,NO,LV,2026_03_LV_NO,2026,3,NA,NA,15,20,9.634132918712194,NA,NA,NA,NA,NA,16.479312819736933,5.6472971194723005,29.124440609908476,3.971391725657435,34.33859225785534,0.46394154615038097,0.282817157068427,0.47693896229888544,0.2900925944719258,platt,platt,0.47693896229888544,0.2900925944719258,NA,NA,NA,2026-09-27 16:25:00,2026-09-27 08:08:51,2026-09-27 08:08:40,live
WR,00-0036322,Justin Jefferson,MIN,TB,2026_03_MIN_TB,2026,3,NA,NA,15,20,9.10350108738768,NA,NA,NA,NA,NA,15.8678194088799,5.5312564769852255,27.93456329125492,3.9320064342950296,32.910221390063654,0.44248493989168247,0.26127185282561305,0.45425449065229306,0.2677834544057084,platt,platt,0.45425449065229306,0.2677834544057084,NA,NA,NA,2026-09-27 16:05:00,2026-09-27 08:08:51,2026-09-27 08:08:40,live
WR,00-0039064,Zay Flowers,BAL,DAL,2026_03_BAL_DAL,2026,3,Questionable,Limited Participation in Practice,15,20,8.530780252405064,NA,NA,NA,NA,NA,17.361719932225675,7.565576488067968,28.797586453283163,6.049938947379493,33.51310560468458,0.5086787481754085,0.2988765951692196,0.4520778138930009,0.23471188238423085,platt,platt,0.5240778138930009,0.30671188238423086,role_change_down,0.72,Chris Moore's activation combined with Zay Flowers' hamstring absence implies a meaningful shift in target share and receiving opportunity in Baltimore's passing game.,2026-09-27 16:25:00,2026-09-27 08:08:51,2026-09-27 08:08:40,live
WR,00-0035719,Deebo Samuel Sr.,SF,ARI,2026_03_ARI_SF,2026,3,NA,NA,15,20,7.111659724158265,NA,NA,NA,NA,NA,13.944547754803729,5.515973797046547,23.783934784324707,4.2119235677224065,27.841154050597368,0.35717634025366296,0.1808789404675959,0.4487928388412832,0.269503386123807,platt,platt,0.3637928388412832,0.18450338612380696,role_change_up,0.85,Robinson's absence and Evans' uncertainty explicitly increase opportunity for Deebo Samuel Jr. and George Kittle against Arizona.,2026-09-27 16:05:00,2026-09-27 08:08:51,2026-09-27 08:08:40,live
WR,00-0036912,DeVonta Smith,PHI,CHI,2026_03_PHI_CHI,2026,3,NA,Full Participation in Practice,15,20,8.62929764499155,NA,NA,NA,NA,NA,15.29790633107553,5.40836417008552,26.84280507129364,3.878276187517532,31.60328308231667,0.42053052819121184,0.23944972878461956,0.4310056136157884,0.24517771153289789,platt,platt,0.4310056136157884,0.24517771153289789,NA,NA,NA,2026-09-28 20:15:00,2026-09-27 08:08:51,2026-09-27 08:08:40,live
WR,00-0031408,Mike Evans,SF,ARI,2026_03_ARI_SF,2026,3,Questionable,Limited Participation in Practice,15,20,6.85498517176503,NA,NA,NA,NA,NA,13.57702756794059,5.400650096988697,23.122004314820707,4.1356191475690185,27.05782505623247,0.33726979879582575,0.16878891801744134,0.4146658630884936,0.24398883395604185,platt,platt,0.3426658630884936,0.17198883395604184,role_change_up,0.72,"If Evans is ruled out, Kittle and Samuel are explicitly expected to see increased involvement in the passing game.",2026-09-27 16:05:00,2026-09-27 08:08:51,2026-09-27 08:08:40,live
WR,00-0037740,Garrett Wilson,NYJ,DET,2026_03_NYJ_DET,2026,3,NA,NA,15,20,9.545063271925406,NA,NA,NA,NA,NA,14.815219979662354,4.066031139346686,27.363656973079628,2.402940533211444,32.5379386817421,0.4012348947644256,0.23746627533585796,0.4105483534982875,0.2431227380388756,platt,platt,0.4105483534982875,0.2431227380388756,NA,NA,NA,2026-09-27 13:00:00,2026-09-27 08:08:51,2026-09-27 08:08:40,live
WR,00-0031381,Davante Adams,LA,DEN,2026_03_LA_DEN,2026,3,NA,NA,15,20,7.624262020780373,NA,NA,NA,NA,NA,14.825059088279668,5.89747709425251,25.246980390420127,4.516221450656179,29.544404586841868,0.40025390525357296,0.2094120030570027,0.4095078451147228,0.21405616470628988,platt,platt,0.4095078451147228,0.21405616470628988,NA,NA,NA,2026-09-27 20:20:00,2026-09-27 08:08:51,2026-09-27 08:08:40,live
WR,00-0036900,Ja'Marr Chase,CIN,PIT,2026_03_CIN_PIT,2026,3,NA,NA,15,20,9.048493572695309,NA,NA,NA,NA,NA,14.769163796518525,4.484244068217942,26.77562020082746,2.892984147205201,31.726419076516827,0.3990921793339638,0.22989855616428057,0.408275585644755,0.23528191667601153,platt,platt,0.408275585644755,0.23528191667601153,NA,NA,NA,2026-09-27 13:00:00,2026-09-27 08:08:51,2026-09-27 08:08:40,live
WR,00-0038997,Josh Downs,IND,HOU,2026_03_HOU_IND,2026,3,NA,NA,15,20,7.099472824851852,NA,NA,NA,NA,NA,12.654767829113624,4.238131998183087,22.480218473803248,2.935928809307784,26.531691145407933,0.29618860711525774,0.15308811606165074,0.3841116599069821,0.24074733313870408,platt,platt,0.299111659906982,0.15574733313870406,role_change_up,0.85,Alec Pierce's heel injury creates a near-term opportunity increase for Downs in the Colts' receiving corps.,2026-09-27 13:00:00,2026-09-27 08:08:51,2026-09-27 08:08:40,live
WR,00-0035676,A.J. Brown,NE,JAX,2026_03_NE_JAX,2026,3,NA,NA,15,20,7.427278874097814,NA,NA,NA,NA,NA,12.043264720096191,3.3067309782517924,22.24215924404606,1.9550338956077091,26.447619526592405,0.2789520703650835,0.1462352497553927,0.375871905829731,0.243663216304922,platt,platt,0.28087190582973104,0.14866321630492202,role_change_up,0.95,A.J. Brown's six-week absence creates significant target volume opportunity for these three receivers in New England's passing game.,2026-09-27 13:00:00,2026-09-27 08:08:51,2026-09-27 08:08:40,live
WR,00-0041037,Denzel Boston,CLE,CAR,2026_03_CAR_CLE,2026,3,NA,NA,15,20,7.0601725798239094,NA,NA,NA,NA,NA,12.317092846489246,3.9389792934326806,22.097573179099932,2.6427361857700973,26.130502580069003,0.2842003147890515,0.14510417996496927,0.3714227350057367,0.2324942987644542,platt,platt,0.28642273500573673,0.1474942987644542,role_change_up,0.85,"Boston is emerging as the clear WR1 on the Browns offense with consistent target share and touchdown production, signaling increased opportunity and role definition.",2026-09-27 13:00:00,2026-09-27 08:08:51,2026-09-27 08:08:40,live
WR,00-0038393,Dontayvion Wicks,PHI,CHI,2026_03_PHI_CHI,2026,3,NA,NA,15,20,6.702578451540118,NA,NA,NA,NA,NA,12.296370575470725,4.270514539929634,21.665630923981595,3.028771932446494,25.528995936726037,0.2794042441493271,0.13738809370473637,0.36635004189369424,0.22452267309272028,platt,platt,0.2813500418936942,0.1395226730927203,role_change_up,0.85,Loss of Dallas Goedert to knee injury increases target opportunity for Wicks as primary pass-catcher.,2026-09-28 20:15:00,2026-09-27 08:08:51,2026-09-27 08:08:40,live
WR,00-0040124,Tetairoa McMillan,CAR,CLE,2026_03_CAR_CLE,2026,3,NA,NA,15,20,8.1922792334981,NA,NA,NA,NA,NA,13.792775513449929,4.318990003768667,24.852326361743863,2.853226966226906,29.412673733322436,0.3562771762587714,0.1922725170915056,0.3628384357355368,0.19630181870600655,platt,platt,0.3628384357355368,0.19630181870600655,NA,NA,NA,2026-09-27 13:00:00,2026-09-27 08:08:51,2026-09-27 08:08:40,live
WR,00-0037240,Jameson Williams,DET,NYJ,2026_03_NYJ_DET,2026,3,NA,NA,15,20,6.359789357368793,NA,NA,NA,NA,NA,13.880231235007871,6.195124289940377,22.851706359359767,5.006101624383492,26.551046736173713,0.3488227678817357,0.16684990602366812,0.35492635224357566,0.16998233205643096,platt,platt,0.35492635224357566,0.16998233205643096,NA,NA,NA,2026-09-27 13:00:00,2026-09-27 08:08:51,2026-09-27 08:08:40,live
WR,00-0039424,Devaughn Vele,NO,LV,2026_03_LV_NO,2026,3,NA,NA,15,20,7.178006729443138,NA,NA,NA,NA,NA,13.76124506892853,5.267740554655026,23.67643102704743,3.953644413941888,27.764905581128932,0.3487652676626526,0.17798039184243286,0.354865324306304,0.1815025222144459,platt,platt,0.354865324306304,0.1815025222144459,NA,NA,NA,2026-09-27 16:25:00,2026-09-27 08:08:51,2026-09-27 08:08:40,live
WR,00-0038606,Parker Washington,JAX,NE,2026_03_NE_JAX,2026,3,NA,NA,15,20,7.4382775358743745,NA,NA,NA,NA,NA,13.654640372735305,4.907416360710961,23.866014552944677,3.554065303224924,28.076620755827378,0.3455202631130254,0.17962311211397364,0.3514213201151819,0.1832031906547004,platt,platt,0.3514213201151819,0.1832031906547004,NA,NA,NA,2026-09-27 13:00:00,2026-09-27 08:08:51,2026-09-27 08:08:40,live
WR,00-0036550,Rashod Bateman,BAL,DAL,2026_03_BAL_DAL,2026,3,NA,NA,15,20,6.6987971725679705,NA,NA,NA,NA,NA,11.795432262934076,3.773318234832926,21.160324249767935,2.5321545824238783,25.021887991650193,0.2613574032467555,0.12605772223128608,0.33428448300184094,0.19982648987101465,platt,platt,0.26228448300184093,0.12782648987101464,role_change_up,0.72,"Conditional opportunity increase if Zay Flowers remains unavailable, elevating Bateman to primary WR role against Dallas in Week 3.",2026-09-27 16:25:00,2026-09-27 08:08:51,2026-09-27 08:08:40,live
WR,00-0037261,Khalil Shakir,BUF,LAC,2026_03_LAC_BUF,2026,3,NA,NA,15,20,6.499811561042522,NA,NA,NA,NA,NA,11.722589538004437,3.897917870639777,20.856990363101417,2.6873020614468093,24.62351229198265,0.2557678780077085,0.119731301266642,0.32838745541013115,0.19330142041883097,platt,platt,0.25638745541013114,0.12130142041883096,role_change_up,0.72,"Impact note indicates Shakir may see increased opportunity if DJ Moore misses time with shoulder injury, representing a potential role change.",2026-09-27 13:00:00,2026-09-27 08:08:51,2026-09-27 08:08:40,live
WR,00-0036410,Tee Higgins,CIN,PIT,2026_03_CIN_PIT,2026,3,NA,NA,15,20,7.082241947809135,NA,NA,NA,NA,NA,13.2109163432727,4.811165726830204,23.0166554494201,3.5115749808112717,27.06000017223068,0.32138179422150737,0.1647001413862473,0.3258113108904729,0.16775795894957837,platt,platt,0.3258113108904729,0.16775795894957837,NA,NA,NA,2026-09-27 13:00:00,2026-09-27 08:08:51,2026-09-27 08:08:40,live
WR,00-0036613,Jaylen Waddle,DEN,LA,2026_03_LA_DEN,2026,3,NA,NA,15,20,8.150155434757774,NA,NA,NA,NA,NA,12.990431402313392,3.5569209064393448,24.00296582167705,2.0973891295182483,28.543926217144723,0.3213687440195224,0.17644594567168848,0.3257974709634121,0.17991404025380958,platt,platt,0.3257974709634121,0.17991404025380958,NA,NA,NA,2026-09-27 20:20:00,2026-09-27 08:08:51,2026-09-27 08:08:40,live
WR,00-0036554,Nico Collins,HOU,IND,2026_03_HOU_IND,2026,3,Out,Did Not Participate In Practice,15,20,9.03136107936005,NA,NA,NA,NA,NA,14.739149054382692,4.4703250981113065,26.72681550308016,2.8815554791723237,31.66986643982877,0.39788580036065346,0.22882612953153436,0.32199590740872536,0.14917077042442217,platt,platt,0.4069959074087254,0.2341707704244222,role_change_down,0.85,"Collins ruled out with hamstring injury and Bond elevated to fill WR depth, reducing Collins' target share and opportunity this week.",2026-09-27 13:00:00,2026-09-27 08:08:51,2026-09-27 08:08:40,live
WR,00-0039491,Jalen Coker,CAR,CLE,2026_03_CAR_CLE,2026,3,Questionable,Limited Participation in Practice,15,20,7.066056860466667,NA,NA,NA,NA,NA,13.138749698208208,4.7548659819963355,22.92596603014607,3.457730127515177,26.96167298485562,0.31770693125207083,0.16287383429190816,0.321914389744943,0.16586845595961724,platt,platt,0.321914389744943,0.16586845595961724,NA,NA,NA,2026-09-27 13:00:00,2026-09-27 08:08:51,2026-09-27 08:08:40,live
WR,00-0041523,Caleb Douglas,MIA,KC,2026_03_KC_MIA,2026,3,Out,Did Not Participate In Practice,15,20,6.983186617917327,NA,NA,NA,NA,NA,10.802805024523416,2.5002616180534023,20.495065935453837,1.2157105555078402,24.49161852390128,0.2307811475637528,0.11074231299243752,0.31508207475170275,0.19703814282051577,platt,platt,0.23008207475170273,0.11203814282051572,role_change_up,0.85,Douglas's absence creates increased snap and target opportunity for fellow rookie receivers Bell and Coleman Jr.,2026-09-27 13:00:00,2026-09-27 08:08:51,2026-09-27 08:08:40,live
WR,00-0034827,DJ Moore,BUF,LAC,2026_03_LAC_BUF,2026,3,Questionable,Limited Participation in Practice,15,20,6.898673178990053,NA,NA,NA,NA,NA,12.921461164291252,4.7020437052785535,22.516682128330604,3.4303537045671515,26.47322080727909,0.30511403835705175,0.15516114075222576,0.3085661688389026,0.1578909297747942,platt,platt,0.3085661688389026,0.1578909297747942,NA,NA,NA,2026-09-27 13:00:00,2026-09-27 08:08:51,2026-09-27 08:08:40,live
WR,00-0039410,Ryan Flournoy,DAL,BAL,2026_03_BAL_DAL,2026,3,NA,NA,15,20,6.64594407145931,NA,NA,NA,NA,NA,12.767839946233774,4.798068591891785,22.071627904336612,3.565003281629483,25.90799572274614,0.29577468385651384,0.1468286677599624,0.2986733446919684,0.14927652886599102,platt,platt,0.2986733446919684,0.14927652886599102,NA,NA,NA,2026-09-27 16:25:00,2026-09-27 08:08:51,2026-09-27 08:08:40,live
WR,00-0039067,Rashee Rice,KC,MIA,2026_03_KC_MIA,2026,3,NA,Full Participation in Practice,15,20,7.48087101504615,NA,NA,NA,NA,NA,12.499892264736651,3.711294895482713,22.75956506301984,2.351542644122887,26.990086945933783,0.29450814020700333,0.15656749951182913,0.2973322497060668,0.15934531829079132,platt,platt,0.2973322497060668,0.15934531829079132,NA,NA,NA,2026-09-27 13:00:00,2026-09-27 08:08:51,2026-09-27 08:08:40,live
WR,00-0039893,Brian Thomas Jr.,JAX,NE,2026_03_NE_JAX,2026,3,NA,NA,15,20,6.284089202431272,NA,NA,NA,NA,NA,12.7239271613407,5.114494740170787,21.6070610155519,3.937180268756496,25.26997433627521,0.29028764215834135,0.13804749021238127,0.292864273339594,0.1402037176307835,platt,platt,0.292864273339594,0.1402037176307835,NA,NA,NA,2026-09-27 13:00:00,2026-09-27 08:08:51,2026-09-27 08:08:40,live
WR,00-0038618,Xavier Hutchinson,HOU,IND,2026_03_HOU_IND,2026,3,NA,NA,15,20,6.675181054582695,NA,NA,NA,NA,NA,10.301336948411985,2.302602072800802,19.638936473801728,1.0650555909022987,23.48924631337657,0.20717259917904796,0.0953112406372192,0.29032925349324806,0.1811618864317119,platt,platt,0.20532925349324807,0.09616188643171192,role_change_up,0.85,Nico Collins sidelined creates increased target opportunity for Hutchinson as team's leading receiver.,2026-09-27 13:00:00,2026-09-27 08:08:51,2026-09-27 08:08:40,live
WR,00-0035659,Terry McLaurin,WAS,SEA,2026_03_SEA_WAS,2026,3,NA,NA,15,20,7.562859964598778,NA,NA,NA,NA,NA,11.969874856184036,3.1017519956535775,22.32238448443445,1.7296957370374813,26.59118714378625,0.2780140456748271,0.14717895666871905,0.27988008951355264,0.14963857335582584,platt,platt,0.27988008951355264,0.14963857335582584,NA,NA,NA,2026-09-27 13:00:00,2026-09-27 08:08:51,2026-09-27 08:08:40,live
WR,00-0039890,Adonai Mitchell,NYJ,DET,2026_03_NYJ_DET,2026,3,Questionable,Limited Participation in Practice,15,20,7.280130906806214,NA,NA,NA,NA,NA,12.01346657025353,3.4202211825286923,22.045088483193343,2.0906933555600773,26.18157478818666,0.27632559744074014,0.1428746711309259,0.27809504569436694,0.14519046852877646,platt,platt,0.27809504569436694,0.14519046852877646,NA,NA,NA,2026-09-27 13:00:00,2026-09-27 08:08:51,2026-09-27 08:08:40,live
WR,00-0038117,Wan'Dale Robinson,TEN,NYG,2026_03_TEN_NYG,2026,3,NA,NA,15,20,6.974959197500797,NA,NA,NA,NA,NA,12.0968997805725,3.8024410166685456,21.779722804666847,2.519140792051809,25.77238373033191,0.2756162896848423,0.13865540478533256,0.27734524804578087,0.14083162264516105,platt,platt,0.27734524804578087,0.14083162264516105,NA,NA,NA,2026-09-27 13:00:00,2026-09-27 08:08:51,2026-09-27 08:08:40,live
WR,00-0032464,Kalif Raymond,CHI,PHI,2026_03_PHI_CHI,2026,3,NA,NA,15,20,6.7073979174978815,NA,NA,NA,NA,NA,12.174640246644683,4.144015330198508,21.54946771305213,2.9015348920610897,25.41512829745361,0.27509209044673233,0.13475994667855506,0.27679116001740717,0.13680861714565476,platt,platt,0.27679116001740717,0.13680861714565476,NA,NA,NA,2026-09-28 20:15:00,2026-09-27 08:08:51,2026-09-27 08:08:40,live
WR,00-0038559,Michael Wilson,ARI,SF,2026_03_ARI_SF,2026,3,NA,NA,15,20,6.96821632881652,NA,NA,NA,NA,NA,12.031488474732011,3.743656798768763,21.7065751387429,2.46138190246879,25.69604601719392,0.27326037426085203,0.13709628375989846,0.2748552359650584,0.13922129484484683,platt,platt,0.2748552359650584,0.13922129484484683,NA,NA,NA,2026-09-27 16:05:00,2026-09-27 08:08:51,2026-09-27 08:08:40,live
WR,00-0038621,DeMario Douglas,NE,JAX,2026_03_NE_JAX,2026,3,NA,NA,15,20,6.047149136336139,NA,NA,NA,NA,NA,10.042125154238128,2.6705869641154436,18.647544958232125,1.5300789593830402,22.195944357338647,0.18914324640888236,0.08094274502880905,0.2715082405562274,0.16641474775240245,platt,platt,0.1865082405562274,0.08141474775240243,role_change_up,0.85,A.J. Brown's ankle injury creates sustained opportunity increase for Douglas as primary receiver for New England.,2026-09-27 13:00:00,2026-09-27 08:08:51,2026-09-27 08:08:40,live
WR,00-0040129,Emeka Egbuka,TB,MIN,2026_03_MIN_TB,2026,3,NA,NA,15,20,7.759826985172192,NA,NA,NA,NA,NA,11.321162852732842,2.262598573386244,21.895990851276313,0.8610776417276291,26.25646531624904,0.2594402609034171,0.13770706932591217,0.2602614085001785,0.13985211608980538,platt,platt,0.2602614085001785,0.13985211608980538,NA,NA,NA,2026-09-27 16:05:00,2026-09-27 08:08:51,2026-09-27 08:08:40,live
WR,00-0038544,Quentin Johnston,LAC,BUF,2026_03_LAC_BUF,2026,3,NA,NA,15,20,7.387396637767164,NA,NA,NA,NA,NA,11.345450621728425,2.6477039447817834,21.499065725318346,1.3020079106102234,25.685855278062224,0.2553885017416443,0.13104987329968498,0.25598735920831805,0.13297832532759998,platt,platt,0.25598735920831805,0.13297832532759998,NA,NA,NA,2026-09-27 13:00:00,2026-09-27 08:08:51,2026-09-27 08:08:40,live
WR,00-0040727,Tre Harris,LAC,BUF,2026_03_LAC_BUF,2026,3,NA,NA,15,20,6.646635274004769,NA,NA,NA,NA,NA,11.622651078547564,3.652194731752859,20.927238686257596,2.4190234409807427,24.763936235958603,0.254361801155779,0.12095821387071436,0.2549046834814832,0.12256651536434744,platt,platt,0.2549046834814832,0.12256651536434744,NA,NA,NA,2026-09-27 13:00:00,2026-09-27 08:08:51,2026-09-27 08:08:40,live
WR,00-0035535,Darius Slayton,IND,HOU,2026_03_HOU_IND,2026,3,NA,NA,15,20,5.632487811421241,NA,NA,NA,NA,NA,9.3942158794923,2.442963660838351,17.509000333178534,1.3674813674804227,20.855088837306468,0.16502548269475625,0.06277743903443644,0.24646705356091975,0.14783536135741393,platt,platt,0.16146705356091973,0.06283536135741394,role_change_up,0.85,"Slayton signed with Indianapolis to replace injured Alec Pierce, creating immediate WR opportunity in the Colts' passing game alongside Josh Downs.",2026-09-27 13:00:00,2026-09-27 08:08:51,2026-09-27 08:08:40,live
WR,00-0034348,Courtland Sutton,DEN,LA,2026_03_LA_DEN,2026,3,NA,NA,15,20,6.95808957927003,NA,NA,NA,NA,NA,11.222034635879822,2.944157916561137,20.88550003729292,1.6634232290272395,24.870178949499632,0.24494669616650988,0.11927150100497884,0.24498328924195173,0.12082735486958564,platt,platt,0.24498328924195173,0.12082735486958564,NA,NA,NA,2026-09-27 20:20:00,2026-09-27 08:08:51,2026-09-27 08:08:40,live
WR,00-0031588,Stefon Diggs,WAS,SEA,2026_03_SEA_WAS,2026,3,NA,NA,15,20,6.731824881045123,NA,NA,NA,NA,NA,11.251353076635748,3.196566718225265,20.65438623713446,1.950348075488554,24.53167729050137,0.24235198523719748,0.11463612275662748,0.2422513828858035,0.11604955001947032,platt,platt,0.2422513828858035,0.11604955001947032,NA,NA,NA,2026-09-27 13:00:00,2026-09-27 08:08:51,2026-09-27 08:08:40,live
WR,00-0039894,Xavier Worthy,KC,MIA,2026_03_KC_MIA,2026,3,NA,NA,15,20,6.594532897975453,NA,NA,NA,NA,NA,11.262880868842233,3.344093558296712,20.50715084184371,2.11891638597303,24.31897673349312,0.24046749265829237,0.11153783661439098,0.24026791161268363,0.11285753422250829,platt,platt,0.24026791161268363,0.11285753422250829,NA,NA,NA,2026-09-27 13:00:00,2026-09-27 08:08:51,2026-09-27 08:08:40,live
WR,00-0041438,Carnell Tate,TEN,NYG,2026_03_TEN_NYG,2026,3,NA,NA,15,20,7.171674254458899,NA,NA,NA,NA,NA,10.982781194673558,2.4954694511949143,20.890737807835514,1.1823314422150517,24.976231379712143,0.24006684628495537,0.11890713149606436,0.23984629544799593,0.12045169803390152,platt,platt,0.23984629544799593,0.12045169803390152,NA,NA,NA,2026-09-27 13:00:00,2026-09-27 08:08:51,2026-09-27 08:08:40,live
WR,00-0039915,Ladd McConkey,LAC,BUF,2026_03_LAC_BUF,2026,3,NA,Full Participation in Practice,15,20,6.097975059799053,NA,NA,NA,NA,NA,11.254186103019642,3.831483026210596,19.91933500531091,2.6830589039295916,23.492363382588703,0.23103725482561044,0.09887119571730708,0.23035118119694603,0.099821337657019,platt,platt,0.23035118119694603,0.099821337657019,NA,NA,NA,2026-09-27 13:00:00,2026-09-27 08:08:51,2026-09-27 08:08:40,live
WR,00-0038994,Jordan Addison,MIN,TB,2026_03_MIN_TB,2026,3,NA,NA,15,20,6.967556990919306,NA,NA,NA,NA,NA,10.797166012400254,2.5099824126787507,20.471496122218326,1.2278077852944822,24.460655039544346,0.2303148773479895,0.11024983978751646,0.22959216807331817,0.11153093572378509,platt,platt,0.22959216807331817,0.11153093572378509,NA,NA,NA,2026-09-27 16:05:00,2026-09-27 08:08:51,2026-09-27 08:08:40,live
WR,00-0039880,Malik Washington,MIA,KC,2026_03_KC_MIA,2026,3,NA,NA,15,20,7.019689004021641,NA,NA,NA,NA,NA,10.709581225870574,2.3711888001298327,20.44369172808432,1.0810912570010398,24.45750077443213,0.22818471119512407,0.10958616531593512,0.22735451414524677,0.11084745615822417,platt,platt,0.22735451414524677,0.11084745615822417,NA,NA,NA,2026-09-27 13:00:00,2026-09-27 08:08:51,2026-09-27 08:08:40,live
WR,00-0039337,Malik Nabers,NYG,TEN,2026_03_TEN_NYG,2026,3,NA,Full Participation in Practice,15,20,8.26105906714939,NA,NA,NA,NA,NA,12.572843854770928,3.0333743489416385,23.709073185449327,1.5574488295056614,28.301038524194496,0.3044812958189038,0.17004660502961866,0.22289573274777763,0.0882903919415504,platt,platt,0.30789573274777765,0.1732903919415504,role_change_down,0.85,Starting QB change from Jaxson Dart to Jameis Winston reduces passing volume and accuracy for the star WR.,2026-09-27 13:00:00,2026-09-27 08:08:51,2026-09-27 08:08:40,live
WR,00-0041547,KC Concepcion,CLE,CAR,2026_03_CAR_CLE,2026,3,NA,NA,15,20,6.641667460969818,NA,NA,NA,NA,NA,10.71279894150782,2.7472660495810644,20.011638984064973,1.5148565048032037,23.84596655563599,0.22135792502127816,0.10026323652604052,0.22018890544976985,0.10125283658117391,platt,platt,0.22018890544976985,0.10125283658117391,NA,NA,NA,2026-09-27 13:00:00,2026-09-27 08:08:51,2026-09-27 08:08:40,live
WR,00-0040170,Elic Ayomanor,TEN,NYG,2026_03_TEN_NYG,2026,3,NA,NA,15,20,5.565471484837477,NA,NA,NA,NA,NA,8.753793514477184,1.8709622252166176,16.788704432189824,0.8060658659814939,20.10185750568116,0.14681848661389174,0.05153716872450187,0.21768553357782375,0.12638581710657054,platt,platt,0.14268553357782374,0.05138581710657054,role_change_up,0.75,"Second-year WR has established himself as the Titans' lead pass-catcher through two games, indicating a significant increase in target share and receiving role opportunity.",2026-09-27 13:00:00,2026-09-27 08:08:51,2026-09-27 08:08:40,live
WR,00-0036252,Michael Pittman,PIT,CIN,2026_03_CIN_PIT,2026,3,Questionable,Limited Participation in Practice,15,20,6.621484199519541,NA,NA,NA,NA,NA,10.42542812671527,2.4799048585732795,19.700909243584615,1.2505911583138385,23.525604885538915,0.21054078171229929,0.09609000578850556,0.2088537116800244,0.09696223963066544,platt,platt,0.2088537116800244,0.09696223963066544,NA,NA,NA,2026-09-27 13:00:00,2026-09-27 08:08:51,2026-09-27 08:08:40,live
WR,00-0040735,Luther Burden III,CHI,PHI,2026_03_PHI_CHI,2026,3,NA,NA,15,20,6.791763269092881,NA,NA,NA,NA,NA,10.30954747268992,2.195538594238183,19.781716088186116,0.9401571748291656,23.687514781221708,0.2098701284275677,0.09720564308392154,0.20815174431091485,0.0981089780305776,platt,platt,0.20815174431091485,0.0981089780305776,NA,NA,NA,2026-09-28 20:15:00,2026-09-27 08:08:51,2026-09-27 08:08:40,live
WR,00-0039365,Jacob Cowing,SF,ARI,2026_03_ARI_SF,2026,3,NA,NA,15,20,5.4875440608990225,NA,NA,NA,NA,NA,11.04603929083106,4.242948889846339,18.98786192744702,3.190389863612479,22.26263053995553,0.20896717177812363,0.08454641850592204,0.20720678104990856,0.08510965575908923,platt,platt,0.20720678104990856,0.08510965575908923,NA,NA,NA,2026-09-27 16:05:00,2026-09-27 08:08:51,2026-09-27 08:08:40,live
WR,00-0034960,Jakobi Meyers,JAX,NE,2026_03_NE_JAX,2026,3,NA,Full Participation in Practice,15,20,6.087485609973005,NA,NA,NA,NA,NA,10.495532758634294,3.0833830048580317,19.14836187465003,1.9365916692607537,22.716310253134857,0.20132391071361025,0.08806543656173038,0.1992152372421788,0.08872027071649892,platt,platt,0.1992152372421788,0.08872027071649892,NA,NA,NA,2026-09-27 13:00:00,2026-09-27 08:08:51,2026-09-27 08:08:40,live
WR,00-0033307,Kendrick Bourne,ARI,SF,2026_03_ARI_SF,2026,3,NA,NA,15,20,6.2702530773536855,NA,NA,NA,NA,NA,10.325640708135884,2.730056784543949,19.192608040212967,1.554884921895134,22.848855180931945,0.19944180727622507,0.08895873379571018,0.1972494368901382,0.08963719660342585,platt,platt,0.1972494368901382,0.08963719660342585,NA,NA,NA,2026-09-27 16:05:00,2026-09-27 08:08:51,2026-09-27 08:08:40,live
WR,00-0033921,Chris Godwin Jr.,TB,MIN,2026_03_MIN_TB,2026,3,NA,NA,15,20,6.165366528348674,NA,NA,NA,NA,NA,10.337328031985193,2.8468979965804246,19.081540339461668,1.687995309796003,22.68717009422488,0.19816648795235656,0.0872635333768671,0.19591788347499017,0.08789728441147379,platt,platt,0.19591788347499017,0.08789728441147379,NA,NA,NA,2026-09-27 16:05:00,2026-09-27 08:08:51,2026-09-27 08:08:40,live
WR,00-0039901,Keon Coleman,BUF,LAC,2026_03_LAC_BUF,2026,3,Questionable,Limited Participation in Practice,15,20,6.0404157714514275,NA,NA,NA,NA,NA,10.210224245060427,2.845469913375344,18.80772467751476,1.7060114921425455,22.3528585656,0.1931436358427641,0.08318433999781605,0.19067741130049312,0.08371277986416105,platt,platt,0.19067741130049312,0.08371277986416105,NA,NA,NA,2026-09-27 13:00:00,2026-09-27 08:08:51,2026-09-27 08:08:40,live
WR,00-0038619,Andrei Iosivas,CIN,PIT,2026_03_CIN_PIT,2026,3,Out,Did Not Participate In Practice,15,20,5.087473615496819,NA,NA,NA,NA,NA,7.844339035000042,1.4538023341481008,15.304552855413892,0.4650726994534278,18.380732616600724,0.10858561193646254,0.03626244603406992,0.18868284790382028,0.12090504625522414,platt,platt,0.10368284790382028,0.03590504625522413,role_change_up,0.85,Iosivas' 4-game IR placement creates target and snap opportunity for other Bengals receivers in the pecking order.,2026-09-27 13:00:00,2026-09-27 08:08:51,2026-09-27 08:08:40,live
WR,00-0037816,Romeo Doubs,NE,JAX,2026_03_NE_JAX,2026,3,NA,NA,15,20,6.186573664548247,NA,NA,NA,NA,NA,10.008726222013818,2.4970101124653654,18.777787563607863,1.3348140916000428,22.3936636863275,0.1906033548022481,0.08309935967229898,0.18802947572775663,0.0836256409989821,platt,platt,0.18802947572775663,0.0836256409989821,NA,NA,NA,2026-09-27 13:00:00,2026-09-27 08:08:51,2026-09-27 08:08:40,live
WR,00-0039855,Jalen McMillan,TB,MIN,2026_03_MIN_TB,2026,3,NA,Full Participation in Practice,15,20,5.595059089905317,NA,NA,NA,NA,NA,10.371457829654975,3.458401273305946,18.441653257231863,2.3888285279258303,21.76935571197965,0.1896897711822708,0.07658524516600373,0.18707758047799009,0.07695062667898687,platt,platt,0.18707758047799009,0.07695062667898687,NA,NA,NA,2026-09-27 16:05:00,2026-09-27 08:08:51,2026-09-27 08:08:40,live
WR,00-0039739,Roman Wilson,PIT,CIN,2026_03_CIN_PIT,2026,3,NA,NA,15,20,6.179417576247445,NA,NA,NA,NA,NA,9.921546391356822,2.41701158869128,18.68222438623613,1.2559266436656475,22.294643680221935,0.1883959538102361,0.08176048367422639,0.1857298780089693,0.08225295335838848,platt,platt,0.1857298780089693,0.08225295335838848,NA,NA,NA,2026-09-27 13:00:00,2026-09-27 08:08:51,2026-09-27 08:08:40,live
WR,00-0041525,Chris Bell,MIA,KC,2026_03_KC_MIA,2026,3,NA,Full Participation in Practice,15,20,5.054700939126442,NA,NA,NA,NA,NA,7.753355767671578,1.3968587602458546,15.173832175841625,0.41339567126117327,18.23362642499771,0.1049267239824091,0.0349341760245343,0.1849875364061883,0.11956417941966392,platt,platt,0.09998753640618832,0.03456417941966391,role_change_up,0.85,"Backup Caleb Douglas sidelined, implying increased snap/carry opportunity for Bell this week.",2026-09-27 13:00:00,2026-09-27 08:08:51,2026-09-27 08:08:40,live
WR,00-0040870,Ja'Kobi Lane,BAL,DAL,2026_03_BAL_DAL,2026,3,NA,NA,15,20,5.13947370963066,NA,NA,NA,NA,NA,8.105657419991438,1.6611882171576309,15.628831210043046,0.6641142656271599,18.73097218213172,0.11757894665475022,0.0393239114717927,0.18479595774671576,0.11099914456980504,platt,platt,0.1127959577467158,0.03899914456980504,role_change_up,0.72,"Lane's one-month absence creates immediate opportunity redistribution among Ravens receivers, likely benefiting other pass catchers on the roster.",2026-09-27 16:25:00,2026-09-27 08:08:51,2026-09-27 08:08:40,live
WR,00-0038104,Tyquan Thornton,KC,MIA,2026_03_KC_MIA,2026,3,NA,NA,15,20,5.360714450468739,NA,NA,NA,NA,NA,10.31453639519244,3.641649410043647,18.10436157560808,2.6092351669167035,21.31645483996023,0.18381165994171755,0.07049216401295477,0.18095823624037,0.07071581617252612,platt,platt,0.18095823624037,0.07071581617252612,NA,NA,NA,2026-09-27 13:00:00,2026-09-27 08:08:51,2026-09-27 08:08:40,live
WR,00-0032951,Laquon Treadwell,IND,HOU,2026_03_HOU_IND,2026,3,NA,Full Participation in Practice,15,20,5.021308262215595,NA,NA,NA,NA,NA,7.454632991394525,1.1328590774960272,14.83457419660035,0.15476826836603583,17.877653968936357,0.09728193449111155,0.03179857417379816,0.17729124491706538,0.1164028787538575,platt,platt,0.09229124491706536,0.0314028787538575,role_change_up,0.85,Dulin's absence creates increased opportunity for Treadwell in the Colts WR rotation.,2026-09-27 13:00:00,2026-09-27 08:08:51,2026-09-27 08:08:40,live
WR,00-0036040,Juwan Johnson,NO,LV,2026_03_LV_NO,2026,3,NA,NA,15,20,5.954690154909249,NA,NA,NA,NA,NA,9.712006559127916,2.4337360488326745,18.208547114536444,1.3076582122256362,21.71205073062997,0.1794193156414211,0.07443340892764572,0.17639178636071567,0.07474771977885851,platt,platt,0.17639178636071567,0.07474771977885851,NA,NA,NA,2026-09-27 16:25:00,2026-09-27 08:08:51,2026-09-27 08:08:40,live
WR,00-0038976,Marvin Mims Jr.,DEN,LA,2026_03_LA_DEN,2026,3,Questionable,Limited Participation in Practice,15,20,5.51505644813042,NA,NA,NA,NA,NA,9.996861583038816,3.165596239631596,17.9715752121784,2.1086780489279935,21.259906251711406,0.1783666865598642,0.06915722955755599,0.17529824066837857,0.06935105779018742,platt,platt,0.17529824066837857,0.06935105779018742,NA,NA,NA,2026-09-27 20:20:00,2026-09-27 08:08:51,2026-09-27 08:08:40,live
WR,00-0030279,Keenan Allen,IND,HOU,2026_03_HOU_IND,2026,3,NA,Full Participation in Practice,15,20,6.508371759087728,NA,NA,NA,NA,NA,9.20800301945376,1.3748161541731363,18.352344355050864,0.16288289248456422,22.1229652009273,0.17710029658708937,0.07815140115783559,0.17398304715451607,0.07855462099140967,platt,platt,0.17398304715451607,0.07855462099140967,NA,NA,NA,2026-09-27 13:00:00,2026-09-27 08:08:51,2026-09-27 08:08:40,live
WR,00-0040669,Isaac TeSlaa,DET,NYJ,2026_03_NYJ_DET,2026,3,NA,NA,15,20,5.670981502993553,NA,NA,NA,NA,NA,9.751063867118932,2.7605751229944184,17.91165243449432,1.6790222416231178,21.276628022947385,0.17503742174420012,0.06896935043642138,0.1718416741003977,0.06915901829730753,platt,platt,0.1718416741003977,0.06915901829730753,NA,NA,NA,2026-09-27 13:00:00,2026-09-27 08:08:51,2026-09-27 08:08:40,live
WR,00-0041067,Bryce Lance,NO,LV,2026_03_LV_NO,2026,3,NA,NA,15,20,5.626625113644159,NA,NA,NA,NA,NA,9.74595787261766,2.800685565241218,17.85376147025915,1.7261284704651434,21.196971455272543,0.17402429918697437,0.0679015296771398,0.1707904588461839,0.06806772828346185,platt,platt,0.1707904588461839,0.06806772828346185,NA,NA,NA,2026-09-27 16:25:00,2026-09-27 08:08:51,2026-09-27 08:08:40,live
WR,00-0038563,Tre Tucker,LV,NO,2026_03_LV_NO,2026,3,NA,NA,15,20,6.1086015191416445,NA,NA,NA,NA,NA,11.550445337444636,4.117054306549378,20.228071192223368,2.9669765677672917,23.806244374951405,0.2427358772751137,0.10552750782333398,0.1706555070064143,0.0346689868550312,platt,platt,0.24265550700641428,0.1066689868550312,role_change_down,0.72,Brock Bowers' imminent return from knee injury will likely reduce Tucker's target share and receiving opportunities in the Raiders' offense.,2026-09-27 16:25:00,2026-09-27 08:08:51,2026-09-27 08:08:40,live
WR,00-0040867,Makai Lemon,PHI,CHI,2026_03_PHI_CHI,2026,3,NA,NA,15,20,5.64517559606033,NA,NA,NA,NA,NA,9.659929605813025,2.695739631720248,17.78981739532972,1.6182556375963897,21.14213368020583,0.1721690653295569,0.06703499286983361,0.16886626542091632,0.06718236962022413,platt,platt,0.16886626542091632,0.06718236962022413,NA,NA,NA,2026-09-28 20:15:00,2026-09-27 08:08:51,2026-09-27 08:08:40,live
WR,00-0037545,Rashid Shaheed,SEA,WAS,2026_03_SEA_WAS,2026,3,NA,NA,15,20,5.764026381764948,NA,NA,NA,NA,NA,9.525349885729383,2.440210836792585,17.79643175673807,1.344013870631299,21.206968675277057,0.1711052651033913,0.06769470180364012,0.16776339322468192,0.06785638961495337,platt,platt,0.16776339322468192,0.06785638961495337,NA,NA,NA,2026-09-27 13:00:00,2026-09-27 08:08:51,2026-09-27 08:08:40,live
WR,00-0041489,Germie Bernard,PIT,CIN,2026_03_CIN_PIT,2026,3,NA,NA,15,20,5.721699957415028,NA,NA,NA,NA,NA,9.410603342040115,2.368487889176177,17.631460131643067,1.278947438174674,21.021287003172205,0.1673192960713864,0.06506399945893859,0.16384120305125932,0.06516932850503372,platt,platt,0.16384120305125932,0.06516932850503372,NA,NA,NA,2026-09-27 13:00:00,2026-09-27 08:08:51,2026-09-27 08:08:40,live
WR,00-0038608,Kayshon Boutte,HOU,IND,2026_03_HOU_IND,2026,3,NA,NA,15,20,5.57607880882919,NA,NA,NA,NA,NA,9.497329551727091,2.60365913311385,17.54489390159783,1.5370857678764225,20.863264550999368,0.16650665070431248,0.06300735575085714,0.16299990432891295,0.06306997647239965,platt,platt,0.16299990432891295,0.06306997647239965,NA,NA,NA,2026-09-27 13:00:00,2026-09-27 08:08:51,2026-09-27 08:08:40,live
WR,00-0041048,Ted Hurst III,TB,MIN,2026_03_MIN_TB,2026,3,NA,NA,15,20,6.052000893749798,NA,NA,NA,NA,NA,8.989756524541425,1.6133310064729862,17.600881719677446,0.4720668452234325,21.151633706683356,0.1635214719316875,0.06621675789942238,0.15991128753819556,0.06634654886381183,platt,platt,0.15991128753819556,0.06634654886381183,NA,NA,NA,2026-09-27 16:05:00,2026-09-27 08:08:51,2026-09-27 08:08:40,live
WR,00-0039919,Rome Odunze,CHI,PHI,2026_03_PHI_CHI,2026,3,NA,NA,15,20,6.81680733469982,NA,NA,NA,NA,NA,10.905338897524864,2.766611972217607,20.406362979063623,1.5074062315376455,24.324060071096415,0.2314796280648889,0.10899504977438734,0.15881603522341486,0.03823875037873525,platt,platt,0.23081603522341487,0.11023875037873523,role_change_down,0.72,Elevation of depth WR suggests potential snap/target opportunity shift if Odunze's questionable status results in absence or limited role.,2026-09-28 20:15:00,2026-09-27 08:08:51,2026-09-27 08:08:40,live
WR,00-0033555,Mack Hollins,NE,JAX,2026_03_NE_JAX,2026,3,NA,NA,15,20,5.443288593763267,NA,NA,NA,NA,NA,9.343310112031112,2.5855924715179324,17.232165289013363,1.5400534179383465,20.48509304933599,0.15950757070115174,0.05745625302923851,0.1557629098472101,0.05740992681776363,platt,platt,0.1557629098472101,0.05740992681776363,NA,NA,NA,2026-09-27 13:00:00,2026-09-27 08:08:51,2026-09-27 08:08:40,live
WR,00-0039451,Isaiah Williams,NYJ,DET,2026_03_NYJ_DET,2026,3,NA,NA,15,20,5.548857363175286,NA,NA,NA,NA,NA,9.20352454439814,2.3376776622271978,17.218608127657838,1.275409092707294,20.523585504522963,0.15821466441338017,0.05792116624137988,0.1544278403890528,0.05788359324746227,platt,platt,0.1544278403890528,0.05788359324746227,NA,NA,NA,2026-09-27 13:00:00,2026-09-27 08:08:51,2026-09-27 08:08:40,live
WR,00-0039792,Devontez Walker,BAL,DAL,2026_03_BAL_DAL,2026,3,NA,NA,15,20,4.743443053980419,NA,NA,NA,NA,NA,9.786061473827417,3.7548093506323026,16.826852028689927,2.8216674272437396,19.730084821878418,0.15456847295678844,0.04757368043569088,0.15066584775814518,0.04735916972321113,platt,platt,0.15066584775814518,0.04735916972321113,NA,NA,NA,2026-09-27 16:25:00,2026-09-27 08:08:51,2026-09-27 08:08:40,live
WR,00-0032775,Demarcus Robinson,SF,ARI,2026_03_ARI_SF,2026,3,Out,Did Not Participate In Practice,15,20,5.155195578727737,NA,NA,NA,NA,NA,9.325372860857978,2.8646162232176007,16.867560350686457,1.865022315974448,19.977541521440592,0.1520759468460866,0.04981153742261657,0.14809685661377023,0.04963194056258838,platt,platt,0.14809685661377023,0.04963194056258838,NA,NA,NA,2026-09-27 16:05:00,2026-09-27 08:08:51,2026-09-27 08:08:40,live
WR,00-0033908,Cooper Kupp,SEA,WAS,2026_03_SEA_WAS,2026,3,NA,Limited Participation in Practice,15,20,5.364538266901644,NA,NA,NA,NA,NA,8.83684400551392,2.160023726023101,16.631260852980972,1.127000932337733,19.84524746698685,0.1440148919523485,0.04874340231096963,0.1398041377964385,0.04854689416701222,platt,platt,0.1398041377964385,0.04854689416701222,NA,NA,NA,2026-09-27 13:00:00,2026-09-27 08:08:51,2026-09-27 08:08:40,live
WR,00-0036309,Darnell Mooney,NYG,TEN,2026_03_TEN_NYG,2026,3,NA,NA,15,20,5.382588521802269,NA,NA,NA,NA,NA,8.736433503242832,2.0410527442675814,16.552517567728575,1.005158314449062,19.775438544217707,0.14177410516494326,0.04818160548818273,0.1375033581852142,0.04797638271383855,platt,platt,0.1375033581852142,0.04797638271383855,NA,NA,NA,2026-09-27 13:00:00,2026-09-27 08:08:51,2026-09-27 08:08:40,live
WR,00-0040582,Arian Smith,NYJ,DET,2026_03_NYJ_DET,2026,3,NA,NA,15,20,4.356954316905616,NA,NA,NA,NA,NA,6.775138533477397,1.1529662446415632,13.338375609375792,0.2831162440007544,16.044691748130866,0.06930099246667154,0.01185792095015969,0.13445054584828192,0.08148209655634804,platt,platt,0.06445054584828191,0.01148209655634804,role_change_up,0.7,"Arian Smith's season-ending ACL injury removes a receiver from the Jets depth chart, increasing target share for remaining WRs.",2026-09-27 13:00:00,2026-09-27 08:08:51,2026-09-27 08:08:40,live
WR,00-0040729,Jack Bech,LV,NO,2026_03_LV_NO,2026,3,NA,NA,15,20,5.320025086576206,NA,NA,NA,NA,NA,8.673412746928925,2.0424103322383207,16.414342526845164,1.016476376759667,19.606274031085317,0.1384256591808597,0.04678083637948038,0.1340689818072276,0.04655443808145895,platt,platt,0.1340689818072276,0.04655443808145895,NA,NA,NA,2026-09-27 16:25:00,2026-09-27 08:08:51,2026-09-27 08:08:40,live
WR,00-0040876,Elijah Sarratt,BAL,DAL,2026_03_BAL_DAL,2026,3,NA,NA,15,20,5.265155680765406,NA,NA,NA,NA,NA,8.639945423920627,2.0655123525416013,16.31483702636603,1.0483306801286112,19.47953803696462,0.13602960736328584,0.04570800839669387,0.13161424110195638,0.0454659390696614,platt,platt,0.13161424110195638,0.0454659390696614,NA,NA,NA,2026-09-27 16:25:00,2026-09-27 08:08:51,2026-09-27 08:08:40,live
WR,00-0039342,Xavier Legette,CAR,CLE,2026_03_CAR_CLE,2026,3,Questionable,Limited Participation in Practice,15,20,5.3896872878012125,NA,NA,NA,NA,NA,8.408862928902204,1.7061857055423362,16.233464773191173,0.6691623829714111,19.45989801118804,0.13315311632636162,0.04563126554852548,0.1286704601261835,0.04538809377723667,platt,platt,0.1286704601261835,0.04538809377723667,NA,NA,NA,2026-09-27 13:00:00,2026-09-27 08:08:51,2026-09-27 08:08:40,live
WR,00-0032398,Chris Moore,BAL,DAL,2026_03_BAL_DAL,2026,3,NA,Full Participation in Practice,15,20,5.022503751219463,NA,NA,NA,NA,NA,8.702451115573231,2.3794333921269155,16.083844324830196,1.401150143548187,19.127522823366657,0.1308807913633544,0.04251903104310584,0.12634747797910792,0.04223331203311305,platt,platt,0.12634747797910792,0.04223331203311305,NA,NA,NA,2026-09-27 16:25:00,2026-09-27 08:08:51,2026-09-27 08:08:40,live
WR,00-0038740,Jalen Moreno-Cropper,NO,LV,2026_03_LV_NO,2026,3,NA,NA,15,20,5.2323555446954595,NA,NA,NA,NA,NA,8.39362940669289,1.8530615061535416,16.0289873318659,0.8411193777038504,19.177386839473005,0.128342651835465,0.04318119342223714,0.1237554256891806,0.04290416606632401,platt,platt,0.1237554256891806,0.04290416606632401,NA,NA,NA,2026-09-27 16:25:00,2026-09-27 08:08:51,2026-09-27 08:08:40,live
WR,00-0040930,Camden Brown,DAL,BAL,2026_03_BAL_DAL,2026,3,NA,NA,15,20,5.101363086691757,NA,NA,NA,NA,NA,8.513123215980148,2.108171561194692,15.990164830926672,1.1172116768662237,19.073283444298298,0.1278507922201989,0.04215560882354063,0.12325344973340872,0.04186520479273794,platt,platt,0.12325344973340872,0.04186520479273794,NA,NA,NA,2026-09-27 16:25:00,2026-09-27 08:08:51,2026-09-27 08:08:40,live
WR,00-0040172,Jordan Watkins,SF,ARI,2026_03_ARI_SF,2026,3,NA,NA,15,20,5.157246301563645,NA,NA,NA,NA,NA,8.429349613512413,1.9664691182034852,15.974016461972756,0.9665466124223584,19.085019983161835,0.12715101589242983,0.04232437655937859,0.12253946822869503,0.04203614060571564,platt,platt,0.12253946822869503,0.04203614060571564,NA,NA,NA,2026-09-27 16:05:00,2026-09-27 08:08:51,2026-09-27 08:08:40,live
WR,00-0041042,Malachi Fields,NYG,TEN,2026_03_TEN_NYG,2026,3,NA,NA,15,20,6.750608934627606,NA,NA,NA,NA,NA,10.250667461811013,2.1773115844511413,19.67537839186016,0.928219907015352,23.56160815899104,0.2069285313285459,0.09582343778428336,0.12007395853130352,0.01168827076221097,platt,platt,0.20507395853130353,0.09668827076221098,role_change_down,0.85,QB Jaxson Dart's knee injury will reduce passing volume and opportunity for rookie WR Fields in coming weeks.,2026-09-27 13:00:00,2026-09-27 08:08:51,2026-09-27 08:08:40,live
WR,00-0040138,Jaylin Noel,HOU,IND,2026_03_HOU_IND,2026,3,NA,NA,15,20,4.917261157759378,NA,NA,NA,NA,NA,8.564062650289625,2.350739856152402,15.81739969369249,1.3894283632274955,18.80827490867994,0.1237004431455152,0.03960126900699068,0.1190221171481493,0.03927969580516228,platt,platt,0.1190221171481493,0.03927969580516228,NA,NA,NA,2026-09-27 13:00:00,2026-09-27 08:08:51,2026-09-27 08:08:40,live
WR,00-0041040,Antonio Williams,WAS,SEA,2026_03_SEA_WAS,2026,3,NA,NA,15,20,5.069915132180439,NA,NA,NA,NA,NA,8.3470719343207609,1.9747677918824351,15.786001347708106,0.988859058101677,18.853404596089817,0.12222146601125704,0.04024467197112402,0.1175162102253006,0.03993065370844861,platt,platt,0.1175162102253006,0.03993065370844861,NA,NA,NA,2026-09-27 13:00:00,2026-09-27 08:08:51,2026-09-27 08:08:40,live
WR,00-0041443,Skyler Bell,BUF,LAC,2026_03_LAC_BUF,2026,3,NA,NA,15,20,5.140745164817696,NA,NA,NA,NA,NA,8.256690218574802,1.8109035011451775,15.781402054811952,0.8136257066847605,18.884177232120692,0.12183959247360476,0.0406147150191043,0.11712755112271238,0.04030513342003852,platt,platt,0.11712755112271238,0.04030513342003852,NA,NA,NA,2026-09-27 13:00:00,2026-09-27 08:08:51,2026-09-27 08:08:40,live
WR,00-0041070,Reggie Virgil,ARI,SF,2026_03_ARI_SF,2026,3,NA,NA,15,20,5.16859784040324,NA,NA,NA,NA,NA,8.119474197212758,1.6448399834385912,15.677862155032187,0.6430989684604365,18.794523503185417,0.11886131909665576,0.03990580509103847,0.11409875501280924,0.03958778244476699,platt,platt,0.11409875501280924,0.03958778244476699,NA,NA,NA,2026-09-27 16:05:00,2026-09-27 08:08:51,2026-09-27 08:08:40,live
WR,00-0034837,Calvin Ridley,TEN,NYG,2026_03_TEN_NYG,2026,3,NA,NA,15,20,5.123957725698422,NA,NA,NA,NA,NA,8.158247447979688,1.7298608703990563,15.662646629763064,0.7352751869023768,18.757045991306885,0.11857059934353442,0.03951710464464997,0.11380333399876032,0.03919455826959488,platt,platt,0.11380333399876032,0.03919455826959488,NA,NA,NA,2026-09-27 13:00:00,2026-09-27 08:08:51,2026-09-27 08:08:40,live
WR,00-0036980,Elijah Moore,PHI,CHI,2026_03_PHI_CHI,2026,3,NA,NA,15,20,5.110568037646271,NA,NA,NA,NA,NA,8.169607051352454,1.7551059473526616,15.657796545787196,0.7626685934664383,18.745511928378484,0.11847458182289428,0.03939692511336135,0.1137057728691356,0.03907299523126128,platt,platt,0.1137057728691356,0.03907299523126128,NA,NA,NA,2026-09-28 20:15:00,2026-09-27 08:08:51,2026-09-27 08:08:40,live
WR,00-0040648,Tory Horton,SEA,WAS,2026_03_SEA_WAS,2026,3,NA,NA,15,20,4.858998976023125,NA,NA,NA,NA,NA,8.402663123899401,2.2502422606221906,15.584904194059334,1.2983533790787964,18.546463360035784,0.11712713069184344,0.03719120944488097,0.11233713901883711,0.03684319053666837,platt,platt,0.11233713901883711,0.03684319053666837,NA,NA,NA,2026-09-27 13:00:00,2026-09-27 08:08:51,2026-09-27 08:08:40,live
WR,00-0040134,Pat Bryant,DEN,LA,2026_03_LA_DEN,2026,3,NA,NA,15,20,5.2789647033295815,NA,NA,NA,NA,NA,7.924352083553605,1.335672568802102,15.615874763905955,0.31628671833478883,18.787433511627857,0.11683991666660631,0.04002218712013439,0.11204552617301944,0.03970553342023476,platt,platt,0.11204552617301944,0.03970553342023476,NA,NA,NA,2026-09-27 20:20:00,2026-09-27 08:08:51,2026-09-27 08:08:40,live
WR,00-0040405,Jamaal Pritchett,NYJ,DET,2026_03_NYJ_DET,2026,3,NA,NA,15,20,5.106617684310081,NA,NA,NA,NA,NA,8.11003113286222,1.6996278594064291,15.593436883225202,0.7078245127541001,18.67917971421804,0.11667765923766528,0.03882914137142068,0.11188080187190272,0.03849877289147634,platt,platt,0.11188080187190272,0.03849877289147634,NA,NA,NA,2026-09-27 13:00:00,2026-09-27 08:08:51,2026-09-27 08:08:40,live
WR,00-0041267,Malik McClain,NYJ,DET,2026_03_NYJ_DET,2026,3,NA,NA,15,20,5.106617684310081,NA,NA,NA,NA,NA,8.11003113286222,1.6996278594064291,15.593436883225202,0.7078245127541001,18.67917971421804,0.11667765923766528,0.03882914137142068,0.11188080187190272,0.03849877289147634,platt,platt,0.11188080187190272,0.03849877289147634,NA,NA,NA,2026-09-27 13:00:00,2026-09-27 08:08:51,2026-09-27 08:08:40,live
WR,00-0032385,Sterling Shepard,NYJ,DET,2026_03_NYJ_DET,2026,3,NA,NA,15,20,5.139876231467913,NA,NA,NA,NA,NA,8.05453950968314,1.6096531972393209,15.578200227049765,0.6125147114370604,18.680541981044648,0.11616251382933108,0.03890037023557513,0.1113579117288214,0.03857080058318031,platt,platt,0.1113579117288214,0.03857080058318031,NA,NA,NA,2026-09-27 13:00:00,2026-09-27 08:08:51,2026-09-27 08:08:40,live
WR,00-0041399,CJ Daniels,LA,DEN,2026_03_LA_DEN,2026,3,NA,NA,15,20,5.074861988197099,NA,NA,NA,NA,NA,8.123321338495352,1.7458793213761856,15.56824862741269,0.7591756670442917,18.63812506808615,0.11605231927289072,0.03842239085430632,0.11124607777235856,0.03808751004636498,platt,platt,0.11124607777235856,0.03808751004636498,NA,NA,NA,2026-09-27 20:20:00,2026-09-27 08:08:51,2026-09-27 08:08:40,live
WR,00-0040534,Ke'Shawn Williams,CIN,PIT,2026_03_CIN_PIT,2026,3,NA,NA,15,20,5.088808752634349,NA,NA,NA,NA,NA,8.090567903771387,1.6986452568024282,15.552399656271463,0.7097011916049443,18.629246563207523,0.11556925391358164,0.03837331223654106,0.11075589778813964,0.03803789267688323,platt,platt,0.11075589778813964,0.03803789267688323,NA,NA,NA,2026-09-27 13:00:00,2026-09-27 08:08:51,2026-09-27 08:08:40,live
WR,00-0033589,David Moore,CAR,CLE,2026_03_CAR_CLE,2026,3,NA,NA,15,20,5.097199065658113,NA,NA,NA,NA,NA,8.03846310494954,1.6378322934057952,15.510460634246208,0.6475409203401412,18.591499345544875,0.11436763843620644,0.03806939541682153,0.10953709704768542,0.03773066722501936,platt,platt,0.10953709704768542,0.03773066722501936,NA,NA,NA,2026-09-27 13:00:00,2026-09-27 08:08:51,2026-09-27 08:08:40,live
WR,00-0034272,Marquez Valdes-Scantling,LAC,BUF,2026_03_LAC_BUF,2026,3,NA,NA,15,20,5.086204396407349,NA,NA,NA,NA,NA,8.010281224915373,1.6210621021454008,15.468956925030929,0.6325363202031085,18.54450245043769,0.11322303303791448,0.03764929147435558,0.1083768075306955,0.0373060684672438,platt,platt,0.1083768075306955,0.0373060684672438,NA,NA,NA,2026-09-27 13:00:00,2026-09-27 08:08:51,2026-09-27 08:08:40,live
WR,00-0041292,Kolbe Katsis,DEN,LA,2026_03_LA_DEN,2026,3,NA,NA,15,20,5.064932203578553,NA,NA,NA,NA,NA,8.029335385858722,1.6622074634567872,15.462222159940383,0.677099582935349,18.52713375792389,0.11307835433737357,0.03745854541873328,0.10823019437244344,0.03711331197229468,platt,platt,0.10823019437244344,0.03711331197229468,NA,NA,NA,2026-09-27 20:20:00,2026-09-27 08:08:51,2026-09-27 08:08:40,live
WR,00-0039751,Jordan Whittington,LA,DEN,2026_03_LA_DEN,2026,3,NA,Full Participation in Practice,15,20,4.7137754947000445,NA,NA,NA,NA,NA,8.424950899282527,2.424889616962881,15.429329748358498,1.496573471149543,18.317548367006257,0.11289083970871172,0.03479749766920093,0.10804018865353364,0.03442626086965482,platt,platt,0.10804018865353364,0.03442626086965482,NA,NA,NA,2026-09-27 20:20:00,2026-09-27 08:08:51,2026-09-27 08:08:40,live
WR,00-0041467,Lewis Bond,HOU,IND,2026_03_HOU_IND,2026,3,NA,NA,15,20,4.776666619976033,NA,NA,NA,NA,NA,8.234744489246866,2.168603098012647,15.31626423663162,1.230063184618257,18.236291497209702,0.1093925489710671,0.0342368700203215,0.1044988019377772,0.03386065778058111,platt,platt,0.1044988019377772,0.03386065778058111,NA,NA,NA,2026-09-27 13:00:00,2026-09-27 08:08:51,2026-09-27 08:08:40,live
WR,00-0036259,Jauan Jennings,MIN,TB,2026_03_MIN_TB,2026,3,NA,NA,15,20,5.208558773783365,NA,NA,NA,NA,NA,7.73058715855557,1.2146117844480528,15.33723614828953,0.20647455702833728,18.473797678019757,0.10932396422540425,0.03730125353492231,0.10442943717639652,0.03695437664255237,platt,platt,0.10442943717639652,0.03695437664255237,NA,NA,NA,2026-09-27 16:05:00,2026-09-27 08:08:51,2026-09-27 08:08:40,live
WR,00-0036182,Nick Westbrook-Ikhine,IND,HOU,2026_03_HOU_IND,2026,3,NA,NA,15,20,4.891452445274682,NA,NA,NA,NA,NA,8.00495249963212,1.818592219657866,15.226813920531344,0.8614523069971414,18.204710328845515,0.10660511539237782,0.03426642189909812,0.1016817195994451,0.03389046741500625,platt,platt,0.1016817195994451,0.03389046741500625,NA,NA,NA,2026-09-27 13:00:00,2026-09-27 08:08:51,2026-09-27 08:08:40,live
WR,00-0039355,Luke McCaffrey,WAS,SEA,2026_03_SEA_WAS,2026,3,NA,NA,15,20,5.066551047955549,NA,NA,NA,NA,NA,7.735216966431907,1.3664073065956792,15.170066974814054,0.38103923139625095,18.235788102090822,0.10481069285038248,0.03498170420410884,0.09987047168294144,0.03461214134182047,platt,platt,0.09987047168294144,0.03461214134182047,NA,NA,NA,2026-09-27 13:00:00,2026-09-27 08:08:51,2026-09-27 08:08:40,live
WR,00-0038519,Nikko Remigio,KC,MIA,2026_03_KC_MIA,2026,3,NA,NA,15,20,4.681412087311224,NA,NA,NA,NA,NA,8.13184458150065,2.165847299740358,15.0964576425611,1.2428014603826272,17.968279048578538,0.10291272514346372,0.03153670601956571,0.09795667790471316,0.03113913390113022,platt,platt,0.09795667790471316,0.03113913390113022,NA,NA,NA,2026-09-27 13:00:00,2026-09-27 08:08:51,2026-09-27 08:08:40,live
WR,00-0041099,Barion Brown,NO,LV,2026_03_LV_NO,2026,3,Out,Did Not Participate In Practice,15,20,4.74868754074495,NA,NA,NA,NA,NA,8.048046395075914,2.0112840343082183,15.095269516155792,1.077289579209527,18.00115474404477,0.10284312393813588,0.03204839554252181,0.09788653533331045,0.03165453040909907,platt,platt,0.09788653533331045,0.03165453040909907,NA,NA,NA,2026-09-27 16:25:00,2026-09-27 08:08:51,2026-09-27 08:08:40,live
WR,00-0036988,Josh Palmer,BUF,LAC,2026_03_LAC_BUF,2026,3,NA,NA,15,20,4.754064614170482,NA,NA,NA,NA,NA,8.008074577581057,1.9656637707691376,15.061891607312983,1.030795400652767,17.970495798603125,0.10184530188504816,0.03179008648975467,0.09688125853911744,0.03139432956863241,platt,platt,0.09688125853911744,0.03139432956863241,NA,NA,NA,2026-09-27 13:00:00,2026-09-27 08:08:51,2026-09-27 08:08:40,live
WR,00-0036630,Tylan Wallace,CLE,CAR,2026_03_CAR_CLE,2026,3,NA,NA,15,20,4.710720109459369,NA,NA,NA,NA,NA,8.046652799777219,2.0498057138162356,15.047279445678576,1.12198686131961,17.933950863167833,0.10142034979732573,0.03132133435923867,0.09645330648033525,0.03092225111855791,platt,platt,0.09645330648033525,0.03092225111855791,NA,NA,NA,2026-09-27 13:00:00,2026-09-27 08:08:51,2026-09-27 08:08:40,live
WR,00-0031610,Darren Waller,CAR,CLE,2026_03_CAR_CLE,2026,3,NA,Full Participation in Practice,15,20,4.613255775545363,NA,NA,NA,NA,NA,8.161411964106163,2.267286570223991,15.042122893570046,1.3553605896156933,17.879347698826315,0.10128749259010872,0.03049354842457574,0.09631953290904748,0.03008893292313511,platt,platt,0.09631953290904748,0.03008893292313511,NA,NA,NA,2026-09-27 13:00:00,2026-09-27 08:08:51,2026-09-27 08:08:40,live
WR,00-0037666,Jalen Tolbert,MIA,KC,2026_03_KC_MIA,2026,3,NA,NA,15,20,4.995000730080863,NA,NA,NA,NA,NA,7.692778524799726,1.3983885067325046,15.04075219305204,0.4245344731018488,18.07065032038984,0.1011663885505396,0.03338174286500317,0.09619760253507297,0.0329982926718766,platt,platt,0.09619760253507297,0.0329982926718766,NA,NA,NA,2026-09-27 13:00:00,2026-09-27 08:08:51,2026-09-27 08:08:40,live
WR,00-0040277,Jahdae Walker,CHI,PHI,2026_03_PHI_CHI,2026,3,NA,NA,15,20,4.572379751503431,NA,NA,NA,NA,NA,8.204769039903901,2.353836381662542,15.035057437043369,1.4485930851120496,17.851490777446482,0.10107944613493793,0.03009141932108139,0.09611007215962708,0.02968427683093913,platt,platt,0.09611007215962708,0.02968427683093913,NA,NA,NA,2026-09-28 20:15:00,2026-09-27 08:08:51,2026-09-27 08:08:40,live
WR,00-0037524,Tay Martin,DET,NYJ,2026_03_NYJ_DET,2026,3,NA,NA,15,20,4.618941705692378,NA,NA,NA,NA,NA,8.13375910456945,2.233630796775212,15.021477742998304,1.3207760586685673,17.86159214002892,0.100655802544787,0.03035023944163406,0.09568362687995018,0.02994471121302317,platt,platt,0.09568362687995018,0.02994471121302317,NA,NA,NA,2026-09-27 13:00:00,2026-09-27 08:08:51,2026-09-27 08:08:40,live
WR,00-0035544,Tom Kennedy,DET,NYJ,2026_03_NYJ_DET,2026,3,NA,NA,15,20,4.618941705692378,NA,NA,NA,NA,NA,8.093192668396446,2.193064360602208,14.980911306825302,1.2802096224955637,17.821025703855916,0.0996639449947041,0.02997747577366072,0.09468562261334149,0.02956963663572643,platt,platt,0.09468562261334149,0.02956963663572643,NA,NA,NA,2026-09-27 13:00:00,2026-09-27 08:08:51,2026-09-27 08:08:40,live
WR,00-0038728,Jared Wayne,HOU,IND,2026_03_HOU_IND,2026,3,NA,NA,15,20,4.84884756518801,NA,NA,NA,NA,NA,7.803407791988164,1.6616112119445283,14.973246238030384,0.711366095889411,17.92969124746723,0.09954753492988676,0.03172455895374104,0.0945685292677372,0.03132832874038286,platt,platt,0.0945685292677372,0.03132832874038286,NA,NA,NA,2026-09-27 13:00:00,2026-09-27 08:08:51,2026-09-27 08:08:40,live
WR,00-0040075,LaJohntay Wester,BAL,DAL,2026_03_BAL_DAL,2026,3,NA,NA,15,20,4.634506061735238,NA,NA,NA,NA,NA,8.024018536758712,2.1074647342304385,14.930912043990944,1.1920686800859874,17.778933096883748,0.09878708839004402,0.0296473483584998,0.093803817600068,0.02923753960549851,platt,platt,0.093803817600068,0.02923753960549851,NA,NA,NA,2026-09-27 16:25:00,2026-09-27 08:08:51,2026-09-27 08:08:40,live
WR,00-0037291,Jalen Nailor,LV,NO,2026_03_LV_NO,2026,3,NA,NA,15,20,5.961312136893051,NA,NA,NA,NA,NA,9.755852455329949,2.4708937286622445,18.260200731208823,1.3437811060833464,21.766923819594975,0.1806237802569507,0.0751933753401689,0.0926434563535078,0,platt,platt,0.1776434563535078,0.07552559945359992,role_change_down,0.85,Brock Bowers' imminent return from knee injury will reduce target share for other receiving options like Nailor in the Raiders offense.,2026-09-27 16:25:00,2026-09-27 08:08:51,2026-09-27 08:08:40,live
WR,00-0038840,Brycen Tremayne,CAR,CLE,2026_03_CAR_CLE,2026,3,NA,NA,15,20,4.530336261692528,NA,NA,NA,NA,NA,8.071775666630923,2.265339368145697,14.850119700792778,1.366980449478687,17.645134057511775,0.09731879196171345,0.02801205207840096,0.09232826768805508,0.02759358243542396,platt,platt,0.09232826768805508,0.02759358243542396,NA,NA,NA,2026-09-27 13:00:00,2026-09-27 08:08:51,2026-09-27 08:08:40,live
WR,00-0041106,C.J. Williams,JAX,NE,2026_03_NE_JAX,2026,3,NA,NA,15,20,4.579423883846842,NA,NA,NA,NA,NA,8.008195662197268,2.1498148701401494,14.84717889569081,1.2434192148799692,17.66719750593513,0.0972904238334804,0.02841119763784272,0.09229977225967402,0.02799467063005934,platt,platt,0.09229977225967402,0.02799467063005934,NA,NA,NA,2026-09-27 13:00:00,2026-09-27 08:08:51,2026-09-27 08:08:40,live
WR,00-0037801,KaVontae Turpin,DAL,BAL,2026_03_BAL_DAL,2026,3,NA,NA,15,20,4.482023041887647,NA,NA,NA,NA,NA,8.090839482820003,2.335623694215821,14.809389485026408,1.4451894989944662,17.57974808852319,0.09655982235056138,0.02720040478006069,0.09156606128609183,0.02677833630096368,platt,platt,0.09156606128609183,0.02677833630096368,NA,NA,NA,2026-09-27 16:25:00,2026-09-27 08:08:51,2026-09-27 08:08:40,live
WR,00-0036626,Dyami Brown,WAS,SEA,2026_03_SEA_WAS,2026,3,NA,NA,15,20,5.236470588649732,NA,NA,NA,NA,NA,7.140893736044385,0.5960751570813159,14.781213837542673,-0.41652462688649905,17.931659472345416,0.09652769500224968,0.03286624288958406,0.09153380469277889,0.03247863843900642,platt,platt,0.09153380469277889,0.03247863843900642,NA,NA,NA,2026-09-27 13:00:00,2026-09-27 08:08:51,2026-09-27 08:08:40,live
WR,00-0040024,Darius Cooper,PHI,CHI,2026_03_PHI_CHI,2026,3,NA,NA,15,20,4.716854270923543,NA,NA,NA,NA,NA,7.788833461400555,1.7855337417345272,14.796992812205715,0.8567165520927356,17.68677030077147,0.09648749447669348,0.02910911155980511,0.09149344333611402,0.02869624884255161,platt,platt,0.09149344333611402,0.02869624884255161,NA,NA,NA,2026-09-28 20:15:00,2026-09-27 08:08:51,2026-09-27 08:08:40,live
WR,00-0041100,Josh Cameron,JAX,NE,2026_03_NE_JAX,2026,3,NA,NA,15,20,4.6603876520643945,NA,NA,NA,NA,NA,7.857553726495156,1.9137075432997752,14.79630793729202,0.9940888726787868,17.657466582999458,0.09644039202416166,0.02863285930677039,0.09144615370108672,0.02821745948345103,platt,platt,0.09144615370108672,0.02821745948345103,NA,NA,NA,2026-09-27 13:00:00,2026-09-27 08:08:51,2026-09-27 08:08:40,live
WR,00-0035662,Marquise Brown,PHI,CHI,2026_03_PHI_CHI,2026,3,Out,Did Not Participate In Practice,15,20,4.562572291185475,NA,NA,NA,NA,NA,7.980967274894176,2.140407881767594,14.799146082589964,1.2367695137399537,17.61058609775339,0.09642791743151669,0.02781981734201533,0.09143362976315068,0.02740045244237116,platt,platt,0.09143362976315068,0.02740045244237116,NA,NA,NA,2026-09-28 20:15:00,2026-09-27 08:08:51,2026-09-27 08:08:40,live
WR,00-0040646,Jalen Royals,KC,MIA,2026_03_KC_MIA,2026,3,NA,NA,15,20,4.507536842456002,NA,NA,NA,NA,NA,8.045836020161001,2.2635592385709415,14.795976607527562,1.3689382266608048,17.579361421941755,0.0963349769062497,0.02730348115628267,0.09134032460423572,0.0268818432409589,platt,platt,0.09134032460423572,0.0268818432409589,NA,NA,NA,2026-09-27 13:00:00,2026-09-27 08:08:51,2026-09-27 08:08:40,live
WR,00-0039920,Malachi Corley,CLE,CAR,2026_03_CAR_CLE,2026,3,NA,NA,15,20,4.694241710121009,NA,NA,NA,NA,NA,7.804053289189252,1.824547354009084,14.784436143563733,0.8994114858186766,17.662760140552216,0.09625539277958615,0.0288082823150797,0.09126043246310345,0.0283937987927724,platt,platt,0.09126043246310345,0.0283937987927724,NA,NA,NA,2026-09-27 13:00:00,2026-09-27 08:08:51,2026-09-27 08:08:40,live
WR,00-0037745,Velus Jones Jr.,SEA,WAS,2026_03_SEA_WAS,2026,3,NA,NA,15,20,4.635219744122282,NA,NA,NA,NA,NA,7.864511357163712,1.947204615733848,14.77228383363789,1.0316920685560316,17.620667324854562,0.0960027122916507,0.02819986099985705,0.09100679985738928,0.02778229139835823,platt,platt,0.09100679985738928,0.02778229139835823,NA,NA,NA,2026-09-27 13:00:00,2026-09-27 08:08:51,2026-09-27 08:08:40,live
WR,00-0035500,Greg Dortch,BUF,LAC,2026_03_LAC_BUF,2026,3,NA,NA,15,20,4.577896030677015,NA,NA,NA,NA,NA,7.93691774778992,2.0801522667218286,14.774015292188992,1.1740065287876664,17.593256348496123,0.09599210029760596,0.02772076997188322,0.09099614873733904,0.02730095412413571,platt,platt,0.09099614873733904,0.02730095412413571,NA,NA,NA,2026-09-27 13:00:00,2026-09-27 08:08:51,2026-09-27 08:08:40,live
WR,00-0041069,Colbie Young,CIN,PIT,2026_03_CIN_PIT,2026,3,NA,NA,15,20,4.65017856941683,NA,NA,NA,NA,NA,7.801565934520521,1.868482174744095,14.727756258481318,0.9505286423538336,17.583734251819088,0.09523379132903408,0.02792033931965532,0.09023522420008807,0.02750143926960625,platt,platt,0.09023522420008807,0.02750143926960625,NA,NA,NA,2026-09-27 13:00:00,2026-09-27 08:08:51,2026-09-27 08:08:40,live
WR,00-0040621,Montorie Foster Jr,SEA,WAS,2026_03_SEA_WAS,2026,3,NA,NA,15,20,4.59932535175842,NA,NA,NA,NA,NA,7.862962312029659,1.983549378588311,14.726498142460263,1.0738996771593785,17.556640886355506,0.09516805542530148,0.02746894562651658,0.09016927835895835,0.02704801509388223,platt,platt,0.09016927835895835,0.02704801509388223,NA,NA,NA,2026-09-27 13:00:00,2026-09-27 08:08:51,2026-09-27 08:08:40,live
WR,00-0037664,Alec Pierce,IND,HOU,2026_03_HOU_IND,2026,3,Out,Did Not Participate In Practice,15,20,5.553322603908255,NA,NA,NA,NA,NA,9.952762147351583,3.0823496394879015,17.97317557151296,2.0193746865084146,21.28035068011966,0.17796212262747635,0.0693571649228315,0.08987803551063263,0,platt,platt,0.17487803551063263,0.06955543061149422,role_change_down,0.85,Pierce's heel injury created opportunity for Treadwell and signals reduced target share for Pierce going forward.,2026-09-27 13:00:00,2026-09-27 08:08:51,2026-09-27 08:08:40,live
WR,00-0041051,Zavion Thomas,CHI,PHI,2026_03_PHI_CHI,2026,3,NA,NA,15,20,4.707521610467375,NA,NA,NA,NA,NA,7.662565298682578,1.6690833492592985,14.659263536176107,0.7417851432084053,17.544315095209733,0.09409479420294964,0.02778626351305002,0.08909297125833499,0.02736674505908933,platt,platt,0.08909297125833499,0.02736674505908933,NA,NA,NA,2026-09-28 20:15:00,2026-09-27 08:08:51,2026-09-27 08:08:40,live
WR,00-0038640,Jalen Brooks,ARI,SF,2026_03_ARI_SF,2026,3,NA,NA,15,20,4.620180321135444,NA,NA,NA,NA,NA,7.751254963137449,1.8498191587793604,14.640499952856093,0.9367621277104092,17.481243732778292,0.09367243097239564,0.02686035810255316,0.08866960776696288,0.02643692461213853,platt,platt,0.08866960776696288,0.02643692461213853,NA,NA,NA,2026-09-27 16:05:00,2026-09-27 08:08:51,2026-09-27 08:08:40,live
WR,00-0036646,Simi Fehoko,ARI,SF,2026_03_ARI_SF,2026,3,NA,NA,15,20,4.620180321135444,NA,NA,NA,NA,NA,7.743190375102732,1.8417545707446432,14.632435364821376,0.9286975396756922,17.473179144743575,0.09353048596328016,0.0267862692827645,0.08852735190439669,0.02636254974208583,platt,platt,0.08852735190439669,0.02636254974208583,NA,NA,NA,2026-09-27 16:05:00,2026-09-27 08:08:51,2026-09-27 08:08:40,live
WR,00-0036331,Devin Duvernay,ARI,SF,2026_03_ARI_SF,2026,3,NA,NA,15,20,4.620180321135444,NA,NA,NA,NA,NA,7.742993792606304,1.8415579882482156,14.632238782324947,0.9285009571792644,17.472982562247147,0.0935270259100044,0.02678446329278849,0.08852388443304005,0.0263607368303416,platt,platt,0.08852388443304005,0.0263607368303416,NA,NA,NA,2026-09-27 16:05:00,2026-09-27 08:08:51,2026-09-27 08:08:40,live
WR,00-0037132,Britain Covey,PHI,CHI,2026_03_PHI_CHI,2026,3,NA,NA,15,20,4.541531473320369,NA,NA,NA,NA,NA,7.839766249207572,2.0214746202948133,14.63195001296354,1.1212814712538135,17.432671109074,0.09342937096543467,0.0260770793718138,0.08842602325304785,0.02565083026405738,platt,platt,0.08842602325304785,0.02565083026405738,NA,NA,NA,2026-09-28 20:15:00,2026-09-27 08:08:51,2026-09-27 08:08:40,live
WR,00-0040718,Travis Hunter,JAX,NE,2026_03_NE_JAX,2026,3,NA,NA,15,20,4.603975901805171,NA,NA,NA,NA,NA,7.742252075849205,1.8579266572597897,14.61152266555117,0.9475169070472792,17.4440301071388,0.09314251873189984,0.02645019971962203,0.08813860022382854,0.02602523414833106,platt,platt,0.08813860022382854,0.02602523414833106,NA,NA,NA,2026-09-27 13:00:00,2026-09-27 08:08:51,2026-09-27 08:08:40,live
WR,00-0040237,Tez Johnson,TB,MIN,2026_03_MIN_TB,2026,3,NA,NA,15,20,4.655603457098121,NA,NA,NA,NA,NA,7.6605384894979265,1.7217352985079506,14.59340558910083,0.8028968684323852,17.452136715605377,0.09288855102304903,0.02674023277874027,0.087884170844258,0.02631633755396485,platt,platt,0.087884170844258,0.02631633755396485,NA,NA,NA,2026-09-27 16:05:00,2026-09-27 08:08:51,2026-09-27 08:08:40,live
WR,00-0040154,Tai Felton,MIN,TB,2026_03_MIN_TB,2026,3,NA,NA,15,20,4.577425865684231,NA,NA,NA,NA,NA,7.762241575583425,1.905973191659549,14.598758816455742,0.999904363490688,17.417760587668997,0.09288327542675556,0.02609417639505251,0.08787888609372531,0.02566798378344183,platt,platt,0.08787888609372531,0.02566798378344183,NA,NA,NA,2026-09-27 16:05:00,2026-09-27 08:08:51,2026-09-27 08:08:40,live
WR,00-0038359,Xavier Smith,LA,DEN,2026_03_LA_DEN,2026,3,NA,NA,15,20,4.531388262216772,NA,NA,NA,NA,NA,7.821224987831237,2.0136744419467307,14.600869777193568,1.11514312939864,17.396420493448403,0.09286133103424532,0.02569441810652895,0.08785690381378437,0.02526696333748371,platt,platt,0.08785690381378437,0.02526696333748371,NA,NA,NA,2026-09-27 20:20:00,2026-09-27 08:08:51,2026-09-27 08:08:40,live
WR,00-0039589,Kameron Johnson,TB,MIN,2026_03_MIN_TB,2026,3,NA,NA,15,20,4.586307817003029,NA,NA,NA,NA,NA,7.726241516156043,1.8605838985975416,14.573719603323912,0.9530623890693208,17.39724102160782,0.09245126327153608,0.02594278105420944,0.08744618467462172,0.02551609595812644,platt,platt,0.08744618467462172,0.02551609595812644,NA,NA,NA,2026-09-27 16:05:00,2026-09-27 08:08:51,2026-09-27 08:08:40,live
WR,00-0039868,Troy Franklin,DEN,LA,2026_03_LA_DEN,2026,3,NA,NA,15,20,4.6831695389607795,NA,NA,NA,NA,NA,7.594142632146905,1.626294502985247,14.560916343870913,0.7029623046312841,17.433628682776092,0.09235768144651012,0.0266852959527879,0.08735246929010732,0.02626119314820295,platt,platt,0.08735246929010732,0.02626119314820295,NA,NA,NA,2026-09-27 20:20:00,2026-09-27 08:08:51,2026-09-27 08:08:40,live
WR,00-0041397,Kaden Wetjen,PIT,CIN,2026_03_CIN_PIT,2026,3,NA,NA,15,20,4.597768981432479,NA,NA,NA,NA,NA,7.642823189118488,1.7650544787116391,14.504439578979389,0.8556591678161407,17.33379085169492,0.09124250803002998,0.02540709124871387,0.08623613851686011,0.02497880588332695,platt,platt,0.08623613851686011,0.02497880588332695,NA,NA,NA,2026-09-27 13:00:00,2026-09-27 08:08:51,2026-09-27 08:08:40,live
WR,00-0035891,Cody White,LV,NO,2026_03_LV_NO,2026,3,NA,NA,15,20,4.567572240812019,NA,NA,NA,NA,NA,7.678775432431729,1.8329271531301456,14.503128404142895,0.9284705003886318,17.317114303223804,0.09117139151231368,0.02511814200018347,0.08616497549803587,0.02468908677932366,platt,platt,0.08616497549803587,0.02468908677932366,NA,NA,NA,2026-09-27 16:25:00,2026-09-27 08:08:51,2026-09-27 08:08:40,live
WR,00-0041550,Brenen Thompson,LAC,BUF,2026_03_LAC_BUF,2026,3,Out,Did Not Participate In Practice,15,20,4.709727287646984,NA,NA,NA,NA,NA,7.482549352311035,1.4867467703967074,14.48195666032434,0.5590895212446565,17.368125290276463,0.09102541455306,0.02620169298997243,0.0860189133965492,0.02577586077881681,platt,platt,0.0860189133965492,0.02577586077881681,NA,NA,NA,2026-09-27 13:00:00,2026-09-27 08:08:51,2026-09-27 08:08:40,live
WR,00-0034419,Braxton Berrios,NYG,TEN,2026_03_TEN_NYG,2026,3,NA,NA,15,20,4.606155453381559,NA,NA,NA,NA,NA,7.604895387991014,1.718267954412755,14.476853314428295,0.8075020415576493,17.310468865123205,0.09076891913859995,0.02522930437239456,0.08576230201703984,0.02480053751054221,platt,platt,0.08576230201703984,0.02480053751054221,NA,NA,NA,2026-09-27 13:00:00,2026-09-27 08:08:51,2026-09-27 08:08:40,live
WR,00-0039816,Anthony Gould,IND,HOU,2026_03_HOU_IND,2026,3,NA,NA,15,20,4.56004322387117,NA,NA,NA,NA,NA,7.662265304594491,1.8243815113694064,14.477320658299258,0.921157106211714,17.28747273370875,0.09070015914308516,0.02480891673740137,0.08569351823449617,0.02437911118701585,platt,platt,0.08569351823449617,0.02437911118701585,NA,NA,NA,2026-09-27 13:00:00,2026-09-27 08:08:51,2026-09-27 08:08:40,live
WR,00-0041132,Deion Burks,IND,HOU,2026_03_HOU_IND,2026,3,NA,NA,15,20,4.56004322387117,NA,NA,NA,NA,NA,7.65814087810561,1.8202570848805255,14.473196231810377,0.9170326797228334,17.283348307219867,0.09062677474291392,0.02477061342801789,0.08562011185757855,0.02434072027378111,platt,platt,0.08562011185757855,0.02434072027378111,NA,NA,NA,2026-09-27 13:00:00,2026-09-27 08:08:51,2026-09-27 08:08:40,live
WR,00-0037614,John Metchie III,CAR,CLE,2026_03_CAR_CLE,2026,3,NA,NA,15,20,4.557407378665141,NA,NA,NA,NA,NA,7.653606044524865,1.8185110898925616,14.46540575113977,0.9157181676434484,17.274215377669314,0.09048361548232164,0.02467369771324734,0.08547691986961134,0.02424358818949935,platt,platt,0.08547691986961134,0.02424358818949935,NA,NA,NA,2026-09-27 13:00:00,2026-09-27 08:08:51,2026-09-27 08:08:40,live
WR,00-0040131,Kyle Williams,NE,JAX,2026_03_NE_JAX,2026,3,NA,NA,15,20,4.567110094910273,NA,NA,NA,NA,NA,7.612644258709224,1.7672847895774924,14.436426600979484,0.8629037644590252,17.250177204024716,0.08998537044451316,0.02449521535577237,0.0849786657950757,0.02406472727735608,platt,platt,0.0849786657950757,0.02406472727735608,NA,NA,NA,2026-09-27 13:00:00,2026-09-27 08:08:51,2026-09-27 08:08:40,live
WR,00-0039062,Jonathan Mingo,DAL,BAL,2026_03_BAL_DAL,2026,3,NA,NA,15,20,4.514552002210785,NA,NA,NA,NA,NA,7.653081583100227,1.8633688984137464,14.411902728868052,0.9675974201036316,17.198866925685028,0.08944914197671394,0.02376960045170317,0.08444261043550086,0.02333784288546812,platt,platt,0.08444261043550086,0.02333784288546812,NA,NA,NA,2026-09-27 16:25:00,2026-09-27 08:08:51,2026-09-27 08:08:40,live
WR,00-0035021,Ashton Dulin,IND,HOU,2026_03_HOU_IND,2026,3,Out,Did Not Participate In Practice,15,20,4.409741609906804,NA,NA,NA,NA,NA,7.7533725634100925,2.074967313908344,14.382255128875382,1.1964170745771607,17.115639838489155,0.08870000133987899,0.02246080242717196,0.08369403116737065,0.02202788373300929,platt,platt,0.08369403116737065,0.02202788373300929,NA,NA,NA,2026-09-27 13:00:00,2026-09-27 08:08:51,2026-09-27 08:08:40,live
WR,00-0040785,Dohnte Meyers,CIN,PIT,2026_03_CIN_PIT,2026,3,NA,NA,15,20,4.419028156042886,NA,NA,NA,NA,NA,7.721376251225566,2.0330904013206696,14.361793276961103,1.1530114574558183,17.09993416033795,0.08834598455263154,0.02235894456772313,0.08334041006339506,0.02192599831437476,platt,platt,0.08334041006339506,0.02192599831437476,NA,NA,NA,2026-09-27 13:00:00,2026-09-27 08:08:51,2026-09-27 08:08:40,live
WR,00-0040590,Konata Mumpfield,LA,DEN,2026_03_LA_DEN,2026,3,NA,NA,15,20,4.712325455052425,NA,NA,NA,NA,NA,7.284331950856422,1.2857960324357256,14.286930113681333,0.3577158875345461,17.174414475759722,0.08765240262971663,0.0244617361224152,0.0826478476339588,0.0240311799232979,platt,platt,0.0826478476339588,0.0240311799232979,NA,NA,NA,2026-09-27 20:20:00,2026-09-27 08:08:51,2026-09-27 08:08:40,live
WR,00-0034854,KhaDarel Hodge,SF,ARI,2026_03_ARI_SF,2026,3,NA,NA,15,20,4.502723184076015,NA,NA,NA,NA,NA,7.524837548996073,1.7476642933218791,14.269020359050238,0.8538328875983039,17.049948515460887,0.08685727210779082,0.02231513691382125,0.08185428665756468,0.02188218165702684,platt,platt,0.08185428665756468,0.02188218165702684,NA,NA,NA,2026-09-27 16:05:00,2026-09-27 08:08:51,2026-09-27 08:08:40,live
WR,00-0040506,Myles Price,MIN,TB,2026_03_MIN_TB,2026,3,NA,NA,15,20,4.5048382599005485,NA,NA,NA,NA,NA,7.511609474528485,1.732193661395688,14.258410211515688,0.8380152921664452,17.040417856268302,0.08667167953540511,0.02223647322616351,0.08166912246026302,0.02180350611850595,platt,platt,0.08166912246026302,0.02180350611850595,NA,NA,NA,2026-09-27 16:05:00,2026-09-27 08:08:51,2026-09-27 08:08:40,live
WR,00-0037231,Kevin Austin Jr.,NO,LV,2026_03_LV_NO,2026,3,NA,NA,15,20,4.5419770322234925,NA,NA,NA,NA,NA,7.427180131788169,1.6084167769084807,14.219914581150476,0.7081506434743394,17.020862749561783,0.08607461880860168,0.02224201136934389,0.08107360005104865,0.02180904491426184,platt,platt,0.08107360005104865,0.02180904491426184,NA,NA,NA,2026-09-27 16:25:00,2026-09-27 08:08:51,2026-09-27 08:08:40,live
WR,00-0036849,Tutu Atwell,LA,DEN,2026_03_LA_DEN,2026,3,NA,NA,15,20,4.4976041915326075,NA,NA,NA,NA,NA,7.41685690668278,1.6451119368600091,14.154702819692826,0.7521203834584123,16.93301799008121,0.08478759376696254,0.02119072877950123,0.07979072911435761,0.02075814037945335,platt,platt,0.07979072911435761,0.02075814037945335,NA,NA,NA,2026-09-27 20:20:00,2026-09-27 08:08:51,2026-09-27 08:08:40,live
WR,00-0040782,Isaiah Bond,CLE,CAR,2026_03_CAR_CLE,2026,3,NA,NA,15,20,4.551113977879684,NA,NA,NA,NA,NA,7.316602658498056,1.4881675277234292,14.120627789625752,0.5864049986193942,16.92623161102138,0.08432828962399952,0.02140781471600827,0.07933318723843395,0.02097506451371126,platt,platt,0.07933318723843395,0.02097506451371126,NA,NA,NA,2026-09-27 13:00:00,2026-09-27 08:08:51,2026-09-27 08:08:40,live
WR,00-0040890,Cyrus Allen,KC,MIA,2026_03_KC_MIA,2026,3,NA,NA,15,20,4.507536842456002,NA,NA,NA,NA,NA,7.352390620880663,1.570113839290603,14.102531208247225,0.6754928273804666,16.885916022661416,0.08387810432993148,0.02080156190467741,0.07888487327942512,0.02036937512735348,platt,platt,0.07888487327942512,0.02036937512735348,NA,NA,NA,2026-09-27 13:00:00,2026-09-27 08:08:51,2026-09-27 08:08:40,live
WR,00-0040563,Efton Chism III,NE,JAX,2026_03_NE_JAX,2026,3,NA,NA,15,20,4.433500234775351,NA,NA,NA,NA,NA,7.450014526517442,1.7463380092973209,14.10839837951416,0.863877855592885,16.853947789204597,0.0837627831912453,0.02009531611802284,0.07877005454696093,0.01966423175271972,platt,platt,0.07877005454696093,0.01966423175271972,NA,NA,NA,2026-09-27 13:00:00,2026-09-27 08:08:51,2026-09-27 08:08:40,live
WR,00-0037093,Dareke Young,LV,NO,2026_03_LV_NO,2026,3,NA,Full Participation in Practice,15,20,4.456690157171214,NA,NA,NA,NA,NA,7.37191647753297,1.6435962647414195,14.05906900003182,0.75732329323146,16.816481018624508,0.08293815009103345,0.01986936160545405,0.0779492893672481,0.01943873385361414,platt,platt,0.0779492893672481,0.01943873385361414,NA,NA,NA,2026-09-27 16:25:00,2026-09-27 08:08:51,2026-09-27 08:08:40,live
WR,00-0041529,Kevin Coleman Jr.,MIA,KC,2026_03_KC_MIA,2026,3,NA,NA,15,20,4.608161829496239,NA,NA,NA,NA,NA,6.952141793236609,1.0633954175604767,13.826573339944485,0.1523016666935657,16.661208874891383,0.0793019835250619,0.0192606572629379,0.07433604711122613,0.01883151671525557,platt,platt,0.07433604711122613,0.01883151671525557,NA,NA,NA,2026-09-27 13:00:00,2026-09-27 08:08:51,2026-09-27 08:08:40,live
WR,00-0036862,Ben Skowronek,PIT,CIN,2026_03_CIN_PIT,2026,3,NA,NA,15,20,4.421984092304056,NA,NA,NA,NA,NA,7.172041687735477,1.4806115687977313,13.816129284565749,0.6000461506165955,16.555783708544162,0.07839379475979524,0.01719068330502204,0.07343511032703046,0.01676955247374237,platt,platt,0.07343511032703046,0.01676955247374237,NA,NA,NA,2026-09-27 13:00:00,2026-09-27 08:08:51,2026-09-27 08:08:40,live
WR,00-0040218,Jimmy Horn Jr.,CAR,CLE,2026_03_CAR_CLE,2026,3,NA,NA,15,20,4.376293231870526,NA,NA,NA,NA,NA,7.223105212744271,1.580318016416597,13.810407813179388,0.7072785231075196,16.52664724385401,0.07810222152387436,0.01662791067630831,0.07314599729635964,0.01620979411432965,platt,platt,0.07314599729635964,0.01620979411432965,NA,NA,NA,2026-09-27 13:00:00,2026-09-27 08:08:51,2026-09-27 08:08:40,live
WR,00-0035406,Lil'Jordan Humphrey,DEN,LA,2026_03_LA_DEN,2026,3,NA,NA,15,20,4.421850103076399,NA,NA,NA,NA,NA,7.080338976901919,1.389051376205933,13.72426020013845,0.5085080081304012,16.463846020844336,0.07671655711203751,0.01631404904679445,0.0717729109510711,0.01589777779876451,platt,platt,0.0717729109510711,0.01589777779876451,NA,NA,NA,2026-09-27 20:20:00,2026-09-27 08:08:51,2026-09-27 08:08:40,live
WR,00-0038573,Derius Davis,LAC,BUF,2026_03_LAC_BUF,2026,3,NA,NA,15,20,4.493276944067321,NA,NA,NA,NA,NA,6.951576753255325,1.1844213229055267,13.684064908786093,0.29213985285043886,16.460170836179593,0.07629890347070711,0.01672264317647487,0.07135933822326963,0.01630399296332079,platt,platt,0.07135933822326963,0.01630399296332079,NA,NA,NA,2026-09-27 13:00:00,2026-09-27 08:08:51,2026-09-27 08:08:40,live
WR,00-0038824,Ryan Miller,MIA,KC,2026_03_KC_MIA,2026,3,Questionable,Full Participation in Practice,15,20,4.435316948935699,NA,NA,NA,NA,NA,7.0214036348772995,1.315795707521585,13.682042186228934,0.4330367303337397,16.428521308875855,0.0760064112102028,0.01606293227080291,0.07106978454088135,0.01564822403958811,platt,platt,0.07106978454088135,0.01564822403958811,NA,NA,NA,2026-09-27 13:00:00,2026-09-27 08:08:51,2026-09-27 08:08:40,live
WR,00-0040894,Malik Benson,LV,NO,2026_03_LV_NO,2026,3,NA,NA,15,20,4.473074826306477,NA,NA,NA,NA,NA,6.9396480113362244,1.1939293984238573,13.647111157357056,0.3049645851170366,16.412898154270664,0.07554242528161681,0.01615242720844656,0.07061059705462003,0.01573715302296281,platt,platt,0.07061059705462003,0.01573715302296281,NA,NA,NA,2026-09-27 16:25:00,2026-09-27 08:08:51,2026-09-27 08:08:40,live
WR,00-0039849,Marvin Harrison Jr.,ARI,SF,2026_03_ARI_SF,2026,3,NA,NA,15,20,5.545469198601801,NA,NA,NA,NA,NA,9.24274400779221,2.3803618865184832,17.253782882705835,1.3186293771037896,20.55709244545013,0.15916748252032364,0.05843233785493773,0.07041167586749174,0,platt,platt,0.15541167586749174,0.05840446976090817,role_change_down,0.85,Repeated low target volume (1 target in two consecutive games) suggests a potential role reduction or usage concern with the Cardinals' 2024 first-round pick.,2026-09-27 16:05:00,2026-09-27 08:08:51,2026-09-27 08:08:40,live
WR,00-0040705,Chimere Dike,TEN,NYG,2026_03_TEN_NYG,2026,3,NA,NA,15,20,4.379770193125743,NA,NA,NA,NA,NA,6.965683223665439,1.3191913331220615,13.557310626896026,0.4455786577580154,16.275333367158126,0.07346068243408344,0.01423675841646265,0.06855247591150936,0.01383585129347375,platt,platt,0.06855247591150936,0.01383585129347375,NA,NA,NA,2026-09-27 13:00:00,2026-09-27 08:08:51,2026-09-27 08:08:40,live
WR,00-0037742,Treylon Burks,WAS,SEA,2026_03_SEA_WAS,2026,3,NA,NA,15,20,4.517169688534656,NA,NA,NA,NA,NA,6.537389120260604,0.7449022640971359,13.2994487909539,-0.1512984278580003,16.087748376416776,0.06950558652463101,0.01338239806226104,0.06465196090765625,0.01298951508585415,platt,platt,0.06465196090765625,0.01298951508585415,NA,NA,NA,2026-09-27 13:00:00,2026-09-27 08:08:51,2026-09-27 08:08:40,live
WR,00-0040164,Jaylin Lane,WAS,SEA,2026_03_SEA_WAS,2026,3,NA,Full Participation in Practice,15,20,4.384213563983058,NA,NA,NA,NA,NA,6.458800654762458,0.8075751057920124,13.055954057712912,-0.06676995068280078,15.776255414769087,0.06426782023167332,0.00947871736235839,0.05950707136347082,0.00913750002758501,platt,platt,0.05950707136347082,0.00913750002758501,NA,NA,NA,2026-09-27 13:00:00,2026-09-27 08:08:51,2026-09-27 08:08:40,live
WR,00-0036407,Jerry Jeudy,CLE,CAR,2026_03_CAR_CLE,2026,3,NA,NA,15,20,5.6993356043188985,NA,NA,NA,NA,NA,8.206935127950555,1.1875746906645874,16.401228063898476,0.10155484509781763,19.780101470693246,0.1359631062138391,0.04830154925060848,0.04654614497786398,0,platt,platt,0.131546144977864,0.04809817651098679,role_change_down,0.85,Denzel Boston's emergence as WR1 represents a meaningful shift in target share and role opportunity away from Jeudy.,2026-09-27 13:00:00,2026-09-27 08:08:51,2026-09-27 08:08:40,live
WR,00-0041511,Omar Cooper Jr.,NYJ,DET,2026_03_NYJ_DET,2026,3,NA,NA,15,20,4.502211804907727,NA,NA,NA,NA,NA,7.398201992134403,1.6215709653529498,14.1417518125558,0.7278234520784972,16.92241895903507,0.08456758500328121,0.02111562025053914,0.00757154601178827,0,platt,platt,0.07957154601178827,0.02068309815772307,role_change_down,0.72,Cooper's week-to-week status combined with Jets adding WR depth suggests reduced target opportunity if Cooper misses time.,2026-09-27 13:00:00,2026-09-27 08:08:51,2026-09-27 08:08:40,live
WR,00-0031235,Odell Beckham Jr.,NYG,TEN,2026_03_TEN_NYG,2026,3,NA,NA,15,20,4.579310262887007,NA,NA,NA,NA,NA,7.643073516089181,1.7848128456959662,14.481916521407982,0.8784357753926404,17.30187730930518,0.09081399498859088,0.0250298484130228,8.073951369802213e-4,0,platt,platt,0.08580739513698023,0.02460057115371662,role_change_down,0.85,"Despite preseason hype about increased role, OBJ played only 11 snaps with zero targets/touches, signaling a diminished opportunity in the offense.",2026-09-27 13:00:00,2026-09-27 08:08:51,2026-09-27 08:08:40,live
QB,00-0036389,Jalen Hurts,PHI,CHI,2026_03_PHI_CHI,2026,3,NA,NA,20,25,4.899180472190453,3.007520352840583,-10.289066695607513,16.30410740128868,-13.759247903869333,19.7742886095505,NA,NA,NA,NA,NA,0.4255,0.229,0.35444941106852895,0.21862488291445775,platt_vol_vegas,platt,0.35444941106852895,0.21862488291445775,NA,NA,NA,2026-09-28 20:15:00,2026-09-28 15:09:04,2026-09-28 15:08:54,live
QB,00-0039918,Caleb Williams,CHI,PHI,2026_03_PHI_CHI,2026,3,Out,Did Not Participate In Practice,20,25,4.87747665801864,0.2847497398835692,-13.011837308564527,13.581336788331665,-16.482018516826347,17.051517996593486,NA,NA,NA,NA,NA,0.3215,0.147,0.2576385248502626,0.1384754410790031,platt_vol_vegas,platt,0.2576385248502626,0.1384754410790031,NA,NA,NA,2026-09-28 20:15:00,2026-09-28 15:09:04,2026-09-28 15:08:54,live
QB,00-0038400,Tanner McKee,PHI,CHI,2026_03_PHI_CHI,2026,3,NA,NA,20,25,2.3928664306170733,-2.0711119382751164,-15.367698986723212,11.22547511017298,-18.837880194985033,14.6956563184348,NA,NA,NA,NA,NA,0.1725,0.0625,0.1894879279021068,0.0575897153182568,platt_vol_vegas,platt,0.1894879279021068,0.0575897153182568,NA,NA,NA,2026-09-28 20:15:00,2026-09-28 15:09:04,2026-09-28 15:08:54,live
QB,00-0027973,Andy Dalton,PHI,CHI,2026_03_PHI_CHI,2026,3,NA,NA,20,25,2.4496209513755285,-3.204603871744583,-16.501190920192677,10.091983176703513,-19.971372128454497,13.562164384965333,NA,NA,NA,NA,NA,0.164,0.058,0.1859022613568697,0.053349647608688947,platt_vol_vegas,platt,0.1859022613568697,0.053349647608688947,NA,NA,NA,2026-09-28 20:15:00,2026-09-28 15:09:04,2026-09-28 15:08:54,live
QB,00-0038416,Tyson Bagent,CHI,PHI,2026_03_PHI_CHI,2026,3,Questionable,Full Participation in Practice,20,25,1.6999954417752878,-4.749309001258871,-18.04589604970697,8.547278047189225,-21.51607725796879,12.017459255451046,NA,NA,NA,NA,NA,0.091,0.024,0.18260047363909393,0.09665366372155469,platt_vol_vegas,platt,0.10760047363909393,0.021653663721554677,role_change_up,0.75,"Backup QB competition (Bagent vs Keenum) now relevant for Monday start with Williams out, creating opportunity uncertainty for fantasy purposes.",2026-09-28 20:15:00,2026-09-28 15:09:04,2026-09-28 15:08:54,live
QB,00-0040891,Cole Payton,PHI,CHI,2026_03_PHI_CHI,2026,3,NA,NA,20,25,2.4496209513755285,-3.1721354192884443,-16.46872246773654,10.124451629159651,-19.93890367599836,13.594632837421472,NA,NA,NA,NA,NA,0.15,0.0455,0.17835121192633996,0.04162037598801674,platt_vol_vegas,platt,0.17835121192633996,0.04162037598801674,NA,NA,NA,2026-09-28 20:15:00,2026-09-28 15:09:04,2026-09-28 15:08:54,live
QB,00-0028986,Case Keenum,CHI,PHI,2026_03_PHI_CHI,2026,3,NA,NA,20,25,2.3175711710318003,-3.8749689601022075,-17.171556008550304,9.421618088345888,-20.641737216812125,12.891799296607708,NA,NA,NA,NA,NA,0.1075,0.0395,0.12280285019210603,0.03601875841779032,platt_vol_vegas,platt,0.12280285019210603,0.03601875841779032,NA,NA,NA,2026-09-28 20:15:00,2026-09-28 15:09:04,2026-09-28 15:08:54,live
RB,00-0036275,D'Andre Swift,CHI,PHI,2026_03_PHI_CHI,2026,3,NA,NA,15,20,17.857225453145677,NA,NA,NA,NA,NA,15.83408094830825,7.049080487467393,26.375688899009816,5.838504982335447,31.707910940921792,0.4280583680292567,0.22909863092998106,0.5240274599542334,0.21174169105751584,strat_iso,platt_vol_vegas,0.5240274599542334,0.21174169105751584,NA,NA,NA,2026-09-28 20:15:00,2026-09-28 15:09:04,2026-09-28 15:08:54,live
RB,00-0034844,Saquon Barkley,PHI,CHI,2026_03_PHI_CHI,2026,3,NA,Full Participation in Practice,15,20,15.383300822066534,NA,NA,NA,NA,NA,11.12260327660586,3.2183724837343277,20.607326987404548,2.129167283642163,25.404949235232507,0.22423257381032746,0.1122341582901879,0.19874235807860263,0.05395942657750276,strat_iso,platt_vol_vegas,0.27074235807860264,0.12595942657750275,role_change_down,0.72,"Barkley's shoulder injury caused him to miss time in Week 2, creating elevated opportunity for Bigsby; if Barkley misses Week 3, his snap/carry share will decrease.",2026-09-28 20:15:00,2026-09-28 15:09:04,2026-09-28 15:08:54,live
RB,00-0040236,Kyle Monangai,CHI,PHI,2026_03_PHI_CHI,2026,3,NA,Full Participation in Practice,15,20,12.298173497866998,NA,NA,NA,NA,NA,8.198363025738411,1.4532030842936603,16.29225351378534,0.523718169670369,20.386355805107343,0.13050468870316478,0.054718443478150025,0.14106583072100312,0.05133494592236552,strat_iso,platt_vol_vegas,0.14106583072100312,0.05133494592236552,NA,NA,NA,2026-09-28 20:15:00,2026-09-28 15:09:04,2026-09-28 15:08:54,live
RB,00-0038555,Tank Bigsby,PHI,CHI,2026_03_PHI_CHI,2026,3,NA,Full Participation in Practice,15,20,10.615896582279474,NA,NA,NA,NA,NA,7.821347406531073,1.7437227900812244,15.114225336786188,0.9062244287713028,18.803154448031655,0.10299253819781184,0.04304417769357094,0.10303030303030303,0.046194524702373084,strat_iso,platt_vol_vegas,0.10303030303030303,0.046194524702373084,NA,NA,NA,2026-09-28 20:15:00,2026-09-28 15:09:04,2026-09-28 15:08:54,live
RB,00-0039746,Will Shipley,PHI,CHI,2026_03_PHI_CHI,2026,3,NA,Limited Participation in Practice,15,20,9.697062275382683,NA,NA,NA,NA,NA,7.9996991109179865,2.2996286776035024,14.839528894334478,1.5141573876638228,18.299294359396395,0.0976808961866632,0.039461151259074456,0.09239130434782608,0.04091594995290493,strat_iso,platt_vol_vegas,0.09239130434782608,0.04091594995290493,NA,NA,NA,2026-09-28 20:15:00,2026-09-28 15:09:04,2026-09-28 15:08:54,live
RB,00-0039021,Roschon Johnson,CHI,PHI,2026_03_PHI_CHI,2026,3,NA,NA,15,20,9.355524911071692,NA,NA,NA,NA,NA,6.3146076031980085,0.7575068810678598,12.982880122520054,-0.008263142934836765,16.355867419646632,0.0700989108497635,0.026837248817943027,0.06589147286821706,0.02486105234014186,strat_iso,platt_vol_vegas,0.06589147286821706,0.02486105234014186,NA,NA,NA,2026-09-28 20:15:00,2026-09-28 15:09:04,2026-09-28 15:08:54,live
TE,00-0040126,Colston Loveland,CHI,PHI,2026_03_PHI_CHI,2026,3,NA,NA,12,17,5.5246619021995365,1.481809546410882,-2.3516628136449227,6.1010945909449195,-3.860279200453392,7.364254489638023,NA,NA,NA,NA,NA,0.324,0.117,0.22678785434294013,0.12721020551348322,platt_vol_vegas,platt,0.22678785434294013,0.12721020551348322,NA,NA,NA,2026-09-28 20:15:00,2026-09-28 15:09:04,2026-09-28 15:08:54,live
TE,00-0034351,Dallas Goedert,PHI,CHI,2026_03_PHI_CHI,2026,3,Out,Did Not Participate In Practice,12,17,5.310951547340611,1.0580730680939443,-2.6961759840487165,5.581895042322612,-4.173615002323035,6.818950225447546,NA,NA,NA,NA,NA,0.272,0.09,0.15039555932510235,0.012684316525479772,platt_vol_vegas,platt,0.23539555932510237,0.09768431652547978,role_change_down,0.85,"Zach Ertz signing implies Goedert will lose significant snaps/targets due to MCL injury, creating a temporary opportunity shift in the Eagles TE role.",2026-09-28 20:15:00,2026-09-28 15:09:04,2026-09-28 15:08:54,live
TE,00-0038498,E.J. Jenkins,PHI,CHI,2026_03_PHI_CHI,2026,3,NA,NA,12,17,4.252322181364056,0.9065803850779149,-2.4308944466357048,4.9281947671936255,-3.74431704337792,6.027919500896098,NA,NA,NA,NA,NA,0.171,0.038,0.1468199669275701,0.04084186165655354,platt_vol_vegas,platt,0.1468199669275701,0.04084186165655354,NA,NA,NA,2026-09-28 20:15:00,2026-09-28 15:09:04,2026-09-28 15:08:54,live
TE,00-0041558,Sam Roush,CHI,PHI,2026_03_PHI_CHI,2026,3,NA,NA,12,17,4.486426660712377,0.8431604754165255,-2.590346339499389,4.980492166055322,-3.941561154342947,6.111860208690207,NA,NA,NA,NA,NA,0.1965,0.0495,0.14167047779397343,0.05338724910356462,platt_vol_vegas,platt,0.14167047779397343,0.05338724910356462,NA,NA,NA,2026-09-28 20:15:00,2026-09-28 15:09:04,2026-09-28 15:08:54,live
TE,00-0036290,Cole Kmet,CHI,PHI,2026_03_PHI_CHI,2026,3,NA,NA,12,17,4.491637969354696,0.5745232929995057,-2.8610940661717104,4.714398162406441,-4.2131394600176915,5.846461646306403,NA,NA,NA,NA,NA,0.169,0.0455,0.14088981377836213,0.0490204181443333,platt_vol_vegas,platt,0.14088981377836213,0.0490204181443333,NA,NA,NA,2026-09-28 20:15:00,2026-09-28 15:09:04,2026-09-28 15:08:54,live
TE,00-0033246,Johnny Mundt,PHI,CHI,2026_03_PHI_CHI,2026,3,NA,NA,12,17,3.8679203246714597,0.7558892962236597,-2.4183280736070167,4.580780529910699,-3.6675026833722812,5.626710620103612,NA,NA,NA,NA,NA,0.1365,0.036,0.12201584123287534,0.03866343211875167,platt_vol_vegas,platt,0.12201584123287534,0.03866343211875167,NA,NA,NA,2026-09-28 20:15:00,2026-09-28 15:09:04,2026-09-28 15:08:54,live
WR,00-0036912,DeVonta Smith,PHI,CHI,2026_03_PHI_CHI,2026,3,NA,Full Participation in Practice,15,20,8.62929764499155,NA,NA,NA,NA,NA,14.952079170514308,5.062537009524297,26.496977910732415,3.532449026956309,31.257455921755444,0.40626930339609235,0.22936887751074742,0.41588757913726293,0.23473311445662734,platt,platt,0.41588757913726293,0.23473311445662734,NA,NA,NA,2026-09-28 20:15:00,2026-09-28 15:09:04,2026-09-28 15:08:54,live
WR,00-0032464,Kalif Raymond,CHI,PHI,2026_03_PHI_CHI,2026,3,NA,NA,15,20,6.296311965420614,NA,NA,NA,NA,NA,11.735944092191923,4.114282381023868,20.633354230622857,2.9350758210419876,24.302154301731463,0.25305677050194075,0.11497072799432884,0.25352871396292526,0.1163943497489148,platt,platt,0.25352871396292526,0.1163943497489148,NA,NA,NA,2026-09-28 20:15:00,2026-09-28 15:09:04,2026-09-28 15:08:54,live
WR,00-0038393,Dontayvion Wicks,PHI,CHI,2026_03_PHI_CHI,2026,3,NA,NA,15,20,6.086622551350778,NA,NA,NA,NA,NA,10.359250846744805,2.9479695474801115,19.011066142380045,1.8013125772346292,22.578596477386363,0.1975017562535898,0.08613979749637923,0.1952239962519612,0.08674421101543016,platt,platt,0.1952239962519612,0.08674421101543016,NA,NA,NA,2026-09-28 20:15:00,2026-09-28 15:09:04,2026-09-28 15:08:54,live
WR,00-0040867,Makai Lemon,PHI,CHI,2026_03_PHI_CHI,2026,3,NA,NA,15,20,5.64517559606033,NA,NA,NA,NA,NA,9.65234698420242,2.688157010109646,17.782234773719118,1.6106730159857872,21.13455105859523,0.17197291245041113,0.06692189761022438,0.16866288220566442,0.06706683279988493,platt,platt,0.16866288220566442,0.06706683279988493,NA,NA,NA,2026-09-28 20:15:00,2026-09-28 15:09:04,2026-09-28 15:08:54,live
WR,00-0040735,Luther Burden III,CHI,PHI,2026_03_PHI_CHI,2026,3,NA,NA,15,20,6.077440988371424,NA,NA,NA,NA,NA,8.858297992336333,1.4562569837625077,17.499326315367618,0.3110296507551684,21.062408699201548,0.1608299399160571,0.06490856209249896,0.1571289885913838,0.06501062114416957,platt,platt,0.1571289885913838,0.06501062114416957,NA,NA,NA,2026-09-28 20:15:00,2026-09-28 15:09:04,2026-09-28 15:08:54,live
WR,00-0039919,Rome Odunze,CHI,PHI,2026_03_PHI_CHI,2026,3,NA,NA,15,20,6.81680733469982,NA,NA,NA,NA,NA,10.78846403004253,2.649737104735273,20.289488111581285,1.3905313640553114,24.20718520361408,0.22733983198169583,0.10640796555524645,0.1544672304488034,0.0355752413578677,platt,platt,0.22646723044880337,0.1075752413578677,role_change_down,0.72,"Elevation of Davis suggests Odunze's questionable status may limit his snaps/targets, implying potential target-share redistribution.",2026-09-28 20:15:00,2026-09-28 15:09:04,2026-09-28 15:08:54,live
WR,00-0036980,Elijah Moore,PHI,CHI,2026_03_PHI_CHI,2026,3,NA,NA,15,20,5.110568037646271,NA,NA,NA,NA,NA,8.169607051352454,1.7551059473526616,15.657796545787196,0.7626685934664383,18.745511928378484,0.11847458182289428,0.03939692511336135,0.1137057728691356,0.03907299523126128,platt,platt,0.1137057728691356,0.03907299523126128,NA,NA,NA,2026-09-28 20:15:00,2026-09-28 15:09:04,2026-09-28 15:08:54,live
WR,00-0040277,Jahdae Walker,CHI,PHI,2026_03_PHI_CHI,2026,3,NA,NA,15,20,4.572379751503431,NA,NA,NA,NA,NA,8.05063914016207,2.1997064819207113,14.880927537301538,1.294463185370219,17.697360877704654,0.09788611253477386,0.028663216215489395,0.09289823660812299,0.028247973429523288,platt,platt,0.09289823660812299,0.028247973429523288,NA,NA,NA,2026-09-28 20:15:00,2026-09-28 15:09:04,2026-09-28 15:08:54,live
WR,00-0040024,Darius Cooper,PHI,CHI,2026_03_PHI_CHI,2026,3,NA,NA,15,20,4.716854270923543,NA,NA,NA,NA,NA,7.788833461400555,1.7855337417345272,14.796992812205717,0.8567165520927356,17.68677030077147,0.09648749447669347,0.029109111559805112,0.09149344333611402,0.028696248842551612,platt,platt,0.09149344333611402,0.028696248842551612,NA,NA,NA,2026-09-28 20:15:00,2026-09-28 15:09:04,2026-09-28 15:08:54,live
WR,00-0035662,Marquise Brown,PHI,CHI,2026_03_PHI_CHI,2026,3,Out,Did Not Participate In Practice,15,20,4.562572291185475,NA,NA,NA,NA,NA,7.980967274894176,2.140407881767594,14.799146082589964,1.2367695137399535,17.61058609775339,0.09642791743151669,0.02781981734201533,0.09143362976315068,0.02740045244237116,platt,platt,0.09143362976315068,0.02740045244237116,NA,NA,NA,2026-09-28 20:15:00,2026-09-28 15:09:04,2026-09-28 15:08:54,live
WR,00-0041051,Zavion Thomas,CHI,PHI,2026_03_PHI_CHI,2026,3,NA,NA,15,20,4.707521610467375,NA,NA,NA,NA,NA,7.745792710706247,1.7523107612829678,14.74249094819978,0.8250125552320746,17.6275425072334,0.09553718457831517,0.02853912549284976,0.090539621170301135,0.02812324483087027,platt,platt,0.090539621170301135,0.02812324483087027,NA,NA,NA,2026-09-28 20:15:00,2026-09-28 15:09:04,2026-09-28 15:08:54,live
WR,00-0037132,Britain Covey,PHI,CHI,2026_03_PHI_CHI,2026,3,NA,NA,15,20,4.541531473320369,NA,NA,NA,NA,NA,7.840079984432854,2.021788355520095,14.632263748188823,1.1215952064790953,17.432984844299284,0.0934349719377292,0.026080002823857473,0.08843163589047617,0.025653763360629758,platt,platt,0.08843163589047617,0.025653763360629758,NA,NA,NA,2026-09-28 20:15:00,2026-09-28 15:09:04,2026-09-28 15:08:54,live
