position,player_id,season,week,pred_vol,p_start,p_boom,hit_start,hit_boom,stratum,team_spread,implied_total,sb,ib,p_start_platt,p_start_iso,p_start_strat_platt,p_start_strat_iso,p_start_platt_vol,p_start_platt_vegas,p_start_platt_vol_vegas,p_boom_platt,p_boom_iso,p_boom_strat_platt,p_boom_strat_iso,p_boom_platt_vol,p_boom_platt_vegas,p_boom_platt_vol_vegas
TE,00-0030506,2023,14,7.906746146410158,0.5765,0.308,TRUE,FALSE,exante_high,3,25.25,fav,mid_implied,0.5765,0.5765,0.5765,0.5765,0.5765,0.5765,0.5765,0.308,0.308,0.308,0.308,0.308,0.308,0.308
TE,00-0033090,2023,14,5.271720162565816,0.1995,0.052,TRUE,TRUE,exante_mid,-6.5,14.25,big_dog,low_implied,0.1995,0.1995,0.1995,0.1995,0.1995,0.1995,0.1995,0.052,0.052,0.052,0.052,0.052,0.052,0.052
TE,00-0033288,2023,14,6.556272995937074,0.522,0.253,TRUE,FALSE,exante_mid,10.5,27.25,big_fav,high_implied,0.522,0.522,0.522,0.522,0.522,0.522,0.522,0.253,0.253,0.253,0.253,0.253,0.253,0.253
TE,00-0033858,2023,14,4.767557896563399,0.223,0.0615,FALSE,FALSE,exante_mid,2,21,close,mid_implied,0.223,0.223,0.223,0.223,0.223,0.223,0.223,0.0615,0.0615,0.0615,0.0615,0.0615,0.0615,0.0615
TE,00-0033881,2023,14,6.945028493553725,0.435,0.189,TRUE,TRUE,exante_mid,3,21.5,fav,mid_implied,0.435,0.435,0.435,0.435,0.435,0.435,0.435,0.189,0.189,0.189,0.189,0.189,0.189,0.189
TE,00-0033885,2023,14,7.3800392644347745,0.502,0.2465,TRUE,TRUE,exante_high,-3,18.5,dog,low_implied,0.502,0.502,0.502,0.502,0.502,0.502,0.502,0.2465,0.2465,0.2465,0.2465,0.2465,0.2465,0.2465
TE,00-0033895,2023,14,5.008060176822421,0.2515,0.07,FALSE,FALSE,exante_mid,3,24.25,fav,mid_implied,0.2515,0.2515,0.2515,0.2515,0.2515,0.2515,0.2515,0.07,0.07,0.07,0.07,0.07,0.07,0.07
TE,00-0034270,2023,14,5.8143130747318645,0.2345,0.07,FALSE,FALSE,exante_mid,-4.5,17,dog,low_implied,0.2345,0.2345,0.2345,0.2345,0.2345,0.2345,0.2345,0.07,0.07,0.07,0.07,0.07,0.07,0.07
TE,00-0034351,2023,14,6.271450321398949,0.43,0.174,FALSE,FALSE,exante_mid,-2.5,23,dog,mid_implied,0.43,0.43,0.43,0.43,0.43,0.43,0.43,0.174,0.174,0.174,0.174,0.174,0.174,0.174
TE,00-0034613,2023,14,5.048503239257889,0.214,0.054,FALSE,FALSE,exante_mid,-2,19,close,low_implied,0.214,0.214,0.214,0.214,0.214,0.214,0.214,0.054,0.054,0.054,0.054,0.054,0.054,0.054
TE,00-0034798,2023,14,4.425089845274183,0.196,0.0495,FALSE,FALSE,exante_mid,11.5,27.75,big_fav,high_implied,0.196,0.196,0.196,0.196,0.196,0.196,0.196,0.0495,0.0495,0.0495,0.0495,0.0495,0.0495,0.0495
TE,00-0035229,2023,14,7.215393358641865,0.4205,0.174,FALSE,FALSE,exante_high,1,20.75,close,mid_implied,0.4205,0.4205,0.4205,0.4205,0.4205,0.4205,0.4205,0.174,0.174,0.174,0.174,0.174,0.174,0.174
TE,00-0035644,2023,14,4.48542013451568,0.147,0.037,FALSE,FALSE,exante_mid,-10.5,16.75,big_dog,low_implied,0.147,0.147,0.147,0.147,0.147,0.147,0.147,0.037,0.037,0.037,0.037,0.037,0.037,0.037
TE,00-0035689,2023,14,5.269776309095373,0.2625,0.0845,FALSE,FALSE,exante_mid,-3,22.25,dog,mid_implied,0.2625,0.2625,0.2625,0.2625,0.2625,0.2625,0.2625,0.0845,0.0845,0.0845,0.0845,0.0845,0.0845,0.0845
TE,00-0036040,2023,14,5.144597204936445,0.251,0.071,FALSE,FALSE,exante_mid,6.5,21.75,fav,mid_implied,0.251,0.251,0.251,0.251,0.251,0.251,0.251,0.071,0.071,0.071,0.071,0.071,0.071,0.071
TE,00-0036290,2023,14,6.5215628529189535,0.3765,0.145,FALSE,FALSE,exante_mid,-4.5,21,dog,mid_implied,0.3765,0.3765,0.3765,0.3765,0.3765,0.3765,0.3765,0.145,0.145,0.145,0.145,0.145,0.145,0.145
TE,00-0036422,2023,14,4.498906619931041,0.1775,0.042,FALSE,FALSE,exante_mid,-3,21.25,dog,mid_implied,0.1775,0.1775,0.1775,0.1775,0.1775,0.1775,0.1775,0.042,0.042,0.042,0.042,0.042,0.042,0.042
TE,00-0036438,2023,14,4.176897755719935,0.1505,0.0445,FALSE,FALSE,exante_mid,-6.5,15.25,big_dog,low_implied,0.1505,0.1505,0.1505,0.1505,0.1505,0.1505,0.1505,0.0445,0.0445,0.0445,0.0445,0.0445,0.0445,0.0445
TE,00-0036556,2023,14,4.240460952543123,0.186,0.049,FALSE,FALSE,exante_mid,4.5,21.5,fav,mid_implied,0.186,0.186,0.186,0.186,0.186,0.186,0.186,0.049,0.049,0.049,0.049,0.049,0.049,0.049
TE,00-0036876,2023,14,4.34769129306664,0.172,0.0445,FALSE,FALSE,exante_mid,2,21,close,mid_implied,0.172,0.172,0.172,0.172,0.172,0.172,0.172,0.0445,0.0445,0.0445,0.0445,0.0445,0.0445,0.0445
TE,00-0036894,2023,14,6.594294534324067,0.3785,0.164,FALSE,FALSE,exante_mid,6.5,20.75,fav,mid_implied,0.3785,0.3785,0.3785,0.3785,0.3785,0.3785,0.3785,0.164,0.164,0.164,0.164,0.164,0.164,0.164
TE,00-0036970,2023,14,7.174927094950992,0.476,0.22,TRUE,FALSE,exante_high,2,21,close,mid_implied,0.476,0.476,0.476,0.476,0.476,0.476,0.476,0.22,0.22,0.22,0.22,0.22,0.22,0.22
TE,00-0037005,2023,14,4.263758390459422,0.142,0.0305,FALSE,FALSE,exante_mid,-6.5,15.25,big_dog,low_implied,0.142,0.142,0.142,0.142,0.142,0.142,0.142,0.0305,0.0305,0.0305,0.0305,0.0305,0.0305,0.0305
TE,00-0037805,2023,14,4.3409108283546844,0.1325,0.0345,FALSE,FALSE,exante_mid,-4.5,17,dog,low_implied,0.1325,0.1325,0.1325,0.1325,0.1325,0.1325,0.1325,0.0345,0.0345,0.0345,0.0345,0.0345,0.0345,0.0345
TE,00-0037809,2023,14,5.214838455806729,0.2295,0.0605,FALSE,FALSE,exante_mid,-11.5,16.25,big_dog,low_implied,0.2295,0.2295,0.2295,0.2295,0.2295,0.2295,0.2295,0.0605,0.0605,0.0605,0.0605,0.0605,0.0605,0.0605
TE,00-0037838,2023,14,5.5532698663728475,0.36,0.1115,TRUE,TRUE,exante_mid,7.5,26,big_fav,mid_implied,0.36,0.36,0.36,0.36,0.36,0.36,0.36,0.1115,0.1115,0.1115,0.1115,0.1115,0.1115,0.1115
TE,00-0038041,2023,14,5.819331620206954,0.3435,0.1185,TRUE,FALSE,exante_mid,2.5,25.5,close,mid_implied,0.3435,0.3435,0.3435,0.3435,0.3435,0.3435,0.3435,0.1185,0.1185,0.1185,0.1185,0.1185,0.1185,0.1185
TE,00-0038129,2023,14,5.77821794084869,0.325,0.1155,FALSE,FALSE,exante_mid,-2,19,close,low_implied,0.325,0.325,0.325,0.325,0.325,0.325,0.325,0.1155,0.1155,0.1155,0.1155,0.1155,0.1155,0.1155
TE,00-0038394,2023,14,4.419013219837806,0.209,0.0575,FALSE,FALSE,exante_mid,2,21,close,mid_implied,0.209,0.209,0.209,0.209,0.209,0.209,0.209,0.0575,0.0575,0.0575,0.0575,0.0575,0.0575,0.0575
TE,00-0038933,2023,14,6.779867317976014,0.3775,0.1595,FALSE,FALSE,exante_mid,-3,22.25,dog,mid_implied,0.3775,0.3775,0.3775,0.3775,0.3775,0.3775,0.3775,0.1595,0.1595,0.1595,0.1595,0.1595,0.1595,0.1595
TE,00-0038996,2023,14,4.590852380948902,0.201,0.054,FALSE,FALSE,exante_mid,6,21.75,fav,mid_implied,0.201,0.201,0.201,0.201,0.201,0.201,0.201,0.054,0.054,0.054,0.054,0.054,0.054,0.054
TE,00-0039065,2023,14,7.20362230187103,0.5285,0.2545,FALSE,FALSE,exante_high,4.5,25.5,fav,mid_implied,0.5285,0.5285,0.5285,0.5285,0.5285,0.5285,0.5285,0.2545,0.2545,0.2545,0.2545,0.2545,0.2545,0.2545
TE,00-0039074,2023,14,3.967422748024238,0.1255,0.031,TRUE,FALSE,exante_low,-7.5,18.5,big_dog,low_implied,0.1255,0.1255,0.1255,0.1255,0.1255,0.1255,0.1255,0.031,0.031,0.031,0.031,0.031,0.031,0.031
TE,00-0030506,2023,15,7.6071388650873715,0.607,0.3355,FALSE,FALSE,exante_high,10.5,24,big_fav,mid_implied,0.7430964484041133,1,0.7430964484041133,1,0.7548386506717425,0.9191824862014887,0.9260011978980428,0.3116781748436119,0.3333333333333333,0.3116781748436119,0.3333333333333333,0.22465753229642063,0.8076526932180881,0.8169984377777438
TE,00-0031260,2023,15,5.409630027078534,0.231,0.07,FALSE,FALSE,exante_mid,-5.5,20.25,dog,mid_implied,0.16403372434112662,0.1,0.16403372434112662,0.1,0.15535344568203033,0.15934071484894818,0.14324154561100555,0.0873108512593108,0.1,0.0873108512593108,0.1,0.11075024914545539,0.028135920729990382,0.03151491916461505
TE,00-0031610,2023,15,6.246944527330121,0.2745,0.0915,FALSE,FALSE,exante_mid,-5.5,15.5,dog,low_implied,0.2228187855089811,0.1,0.2228187855089811,0.1,0.19709093715210646,0.3089821742952495,0.2800388493348483,0.10822174885450549,0.1,0.10822174885450549,0.1,0.19709093715210646,0.3089821742952495,0.2800388493348483
TE,00-0033090,2023,15,5.289316257080205,0.2265,0.069,TRUE,TRUE,exante_mid,-10.5,13.5,big_dog,low_implied,0.15836668195543302,0.1,0.15836668195543302,0.1,0.15194689341920775,0.4062538914533209,0.4301940814274299,0.08630956126553685,0.1,0.08630956126553685,0.1,0.09578515951968067,0.4062538914533209,0.4301940814274299
TE,00-0033110,2023,15,5.455221915314553,0.289,0.095,FALSE,FALSE,exante_mid,5.5,25.75,fav,mid_implied,0.24387463087817454,0.1,0.24387463087817454,0.1,0.24998631757990739,0.2031627078047349,0.18927342738709335,0.1115286862709525,0.1,0.1115286862709525,0.1,0.07961808448374862,0.017203693694743675,0.018779340600563847
TE,00-0033217,2023,15,3.944969395298755,0.1335,0.023,FALSE,FALSE,exante_low,2.5,21,close,mid_implied,0.06147424664307962,0.1,0.06147424664307962,0.1,0.06149461667571613,0.028475149243792776,0.027178093249076402,0.035697870219524336,0,0.035697870219524336,0,0.058177135683143755,0.00594149343951566,0.008484582076495197
TE,00-0033288,2023,15,6.319214174138558,0.5275,0.254,FALSE,FALSE,exante_mid,13.5,29.5,big_fav,high_implied,0.62918304597384,0.8,0.62918304597384,0.8,0.6772593182279965,0.8649503408102538,0.8844681096808388,0.24710824440517107,0.3333333333333333,0.24710824440517107,0.3333333333333333,0.06454234613135232,0.2099995946623242,0.18217119517919267
TE,00-0033881,2023,15,7.337717874851056,0.401,0.169,FALSE,FALSE,exante_high,-5.5,16.75,dog,low_implied,0.422709176188575,0.2857142857142857,0.422709176188575,0.2857142857142857,0.3800285277061935,0.5682624160083184,0.5224615268279694,0.1772581880285929,0.125,0.1772581880285929,0.125,0.3800285277061935,0.5488515533239556,0.5224615268279694
TE,00-0033885,2023,15,7.166661020991071,0.4725,0.226,TRUE,TRUE,exante_high,2.5,20,close,low_implied,0.5416120239658693,0.8,0.5416120239658693,0.8,0.531758967769387,0.5474345208696934,0.5564857356824644,0.22450634651887344,0.3333333333333333,0.22450634651887344,0.3333333333333333,0.23298731635393322,0.4978770225906453,0.46770667449304376
TE,00-0033895,2023,15,5.349248412840818,0.237,0.074,FALSE,FALSE,exante_mid,3.5,23,fav,mid_implied,0.17171688676858424,0.1,0.17171688676858424,0.1,0.16604027762908685,0.11294695595666313,0.09831563738601842,0.09128797101757921,0.1,0.09128797101757921,0.1,0.09513680468383538,0.024545748995080906,0.028161791813582776
TE,00-0034270,2023,15,5.987144437067487,0.2585,0.081,FALSE,FALSE,exante_mid,-13.5,13.5,big_dog,low_implied,0.20039188930796226,0.1,0.20039188930796226,0.1,0.1802521546292293,0.6125611077461302,0.593236671111326,0.09814714574348542,0.1,0.09814714574348542,0.1,0.1802521546292293,0.5809939589671936,0.593236671111326
TE,00-0034351,2023,15,6.100139804648042,0.404,0.165,FALSE,FALSE,exante_mid,4,25.5,fav,mid_implied,0.42771910756865067,0.2857142857142857,0.42771910756865067,0.2857142857142857,0.4476782330004177,0.3639726546114475,0.3810963467297201,0.1738587047653888,0.125,0.1738587047653888,0.125,0.09144058140935284,0.03689126034433485,0.029456567661982607
TE,00-0034383,2023,15,5.577837202719691,0.261,0.082,FALSE,FALSE,exante_mid,3.5,23,fav,mid_implied,0.20383730261492217,0.1,0.20383730261492217,0.1,0.19710010020310373,0.14240786626491583,0.12520808569364328,0.09911723668903563,0.1,0.09911723668903563,0.1,0.1138778398528361,0.029861605371227704,0.036097635662992046
TE,00-0034613,2023,15,5.086416599174063,0.2415,0.0665,FALSE,FALSE,exante_mid,1,20.75,close,mid_implied,0.17757279697122436,0.1,0.17757279697122436,0.1,0.18085851446354334,0.09297242747796854,0.09945325660679351,0.08379350296478355,0.1,0.08379350296478355,0.1,0.07583576165058759,0.02995584617675061,0.02613315073192511
TE,00-0034798,2023,15,4.4547940505263846,0.1965,0.047,FALSE,FALSE,exante_mid,13.5,27,big_fav,high_implied,0.12277219578151422,0.1,0.12277219578151422,0.1,0.1292590671912522,0.2530768607228795,0.2208968921695156,0.06343196139393666,0,0.06343196139393666,0,0.048490880037110634,0.031169253423236353,0.053654187211893224
TE,00-0034970,2023,15,4.258161022740394,0.148,0.0335,FALSE,FALSE,exante_mid,1,20.75,close,mid_implied,0.07388253414080342,0.1,0.07388253414080342,0.1,0.07241711696428511,0.028449088347563715,0.026715694673454835,0.04832285376180312,0,0.04832285376180312,0,0.05653980989716613,0.008313943444921042,0.00886150190592594
TE,00-0034981,2023,15,4.161482110558993,0.1835,0.053,FALSE,FALSE,exante_mid,5.5,21,fav,mid_implied,0.10858406719463626,0.1,0.10858406719463626,0.1,0.11753877035336505,0.09877589672685806,0.11241598321430889,0.06985238372418012,0.1,0.06985238372418012,0.1,0.02698376941257872,0.07230440400995676,0.04787403230950697
TE,00-0035229,2023,15,8.492865869689906,0.554,0.2835,TRUE,FALSE,exante_high,-1,19.75,close,low_implied,0.6690972924523209,0.9062500000000002,0.6690972924523209,0.9062500000000002,0.6241988465955999,0.6449510606549305,0.586446414350304,0.27063801793019066,0.3333333333333333,0.27063801793019066,0.3333333333333333,0.6031928319673392,0.4567447228989604,0.586446414350304
TE,00-0035644,2023,15,4.578986652127446,0.202,0.059,FALSE,FALSE,exante_mid,-4,21.5,dog,mid_implied,0.12900477668133195,0.1,0.12900477668133195,0.1,0.13421169772089886,0.08660287583521672,0.09162721862697656,0.07612732025908611,0.1,0.07612732025908611,0.1,0.04304140851693798,0.010601667538301197,0.007573665113752267
TE,00-0036290,2023,15,6.423397481753317,0.3585,0.131,TRUE,FALSE,exante_mid,-2.5,17.5,dog,low_implied,0.3524242659217777,0.2857142857142857,0.3524242659217777,0.2857142857142857,0.3402849758729751,0.34620875309855387,0.3594234286141344,0.14435214149702244,0.125,0.14435214149702244,0.125,0.18931199713105712,0.33121299993986786,0.31359151881494124
TE,00-0036422,2023,15,4.561955043917744,0.169,0.045,FALSE,FALSE,exante_mid,-4.5,21.5,dog,mid_implied,0.09368253711106854,0.1,0.09368253711106854,0.1,0.09130429342716488,0.06128482451863046,0.05504453973850124,0.061255698040895375,0,0.061255698040895375,0,0.059795297313701874,0.006287635577552302,0.006414319568676427
TE,00-0036894,2023,15,6.820962095996678,0.404,0.172,FALSE,FALSE,exante_mid,-2.5,18.5,dog,low_implied,0.42771910756865067,0.2857142857142857,0.42771910756865067,0.2857142857142857,0.411379351595625,0.4214640576798343,0.42409711863402283,0.17979922431953163,0.125,0.17979922431953163,0.125,0.21911395938862752,0.3370517517878512,0.3147285481648025
TE,00-0036970,2023,15,7.12000632120176,0.4215,0.1835,FALSE,FALSE,exante_high,2.5,19,close,low_implied,0.45697932804922015,0.2857142857142857,0.45697932804922015,0.2857142857142857,0.43154109315142297,0.460957612279787,0.4412915676176261,0.18947588700411158,0.2569444444444444,0.18947588700411158,0.2569444444444444,0.28475314042923006,0.460957612279787,0.4412915676176261
TE,00-0037475,2023,15,4.198183289854213,0.1985,0.049,FALSE,FALSE,exante_mid,3.5,23,fav,mid_implied,0.12502296579590355,0.1,0.12502296579590355,0.1,0.13829006077635456,0.0738261716256079,0.08534493291604,0.0655895635785011,0,0.0655895635785011,0,0.031617868787310315,0.01124294906558527,0.00843054492895786
TE,00-0037539,2023,15,4.092183342978298,0.1575,0.042,FALSE,FALSE,exante_mid,-4.5,21.5,dog,mid_implied,0.08257472903118304,0.1,0.08257472903118304,0.1,0.08553675851338163,0.05199917097510524,0.05301004121780709,0.057954084822327265,0,0.057954084822327265,0,0.03318706607593439,0.005522370193978944,0.004127652068693594
TE,00-0037744,2023,15,7.957577869834512,0.462,0.218,TRUE,TRUE,exante_high,-13.5,16,big_dog,low_implied,0.5243601004107845,0.8,0.5243601004107845,0.8,0.4701236854779556,0.8929901112957749,0.8634655814069511,0.21798745975004413,0.3333333333333333,0.21798745975004413,0.3333333333333333,0.4701236854779556,0.7360948887360854,0.8373124101858892
TE,00-0037809,2023,15,5.627067484249392,0.2625,0.0785,FALSE,FALSE,exante_mid,-3.5,19.5,dog,low_implied,0.2059152206400417,0.1,0.2059152206400417,0.1,0.19795260444897794,0.172202392515,0.16634294111492712,0.09571147213194722,0.1,0.09571147213194722,0.1,0.12836887642238162,0.053991260806655346,0.05777746719452445
TE,00-0037838,2023,15,5.609472247717122,0.2755,0.0895,TRUE,TRUE,exante_mid,5.5,22.25,fav,mid_implied,0.22424931765952139,0.1,0.22424931765952139,0.1,0.22037397565151687,0.22729159587305697,0.2114719770012434,0.10632104403800782,0.1,0.10632104403800782,0.1,0.10634812780694518,0.09753124112736788,0.11128987279066029
TE,00-0038041,2023,15,5.692436037665581,0.32,0.11,FALSE,FALSE,exante_mid,-1,24,close,mid_implied,0.29093239656682623,0.1,0.29093239656682623,0.1,0.298390913703933,0.14790483314646444,0.15114693968951434,0.12544805930638778,0.1,0.12544805930638778,0.1,0.09099902096911436,0.00962047760499415,0.007943329738338367
TE,00-0038996,2023,15,5.476466658139072,0.3245,0.1115,TRUE,FALSE,exante_mid,3.5,23.5,fav,mid_implied,0.297966057848196,0.1,0.297966057848196,0.1,0.31660407321606554,0.2315716557195217,0.2557884465567355,0.1268193470658016,0.1,0.1268193470658016,0.1,0.06610891214186525,0.04138446953579964,0.030938738775688132
TE,00-0039041,2023,15,4.003343421719042,0.1165,0.0295,TRUE,FALSE,exante_mid,-13.5,16,big_dog,low_implied,0.04827115328430627,0.1,0.04827115328430627,0.1,0.04529823410946513,0.14768490175996848,0.13505077326631848,0.043623413317163004,0,0.043623413317163004,0,0.04529823410946513,0.04810317166704174,0.04957258216712987
TE,00-0039065,2023,15,7.1973836624797345,0.488,0.229,TRUE,TRUE,exante_high,4.5,26,fav,mid_implied,0.5668186110159612,0.8,0.5668186110159612,0.8,0.5609205185135423,0.5488889993626694,0.5133456442201912,0.2269432834956193,0.3333333333333333,0.2269432834956193,0.3333333333333333,0.23734595587645216,0.06692759150772143,0.0832090471383759
TE,00-0039066,2023,15,5.275483221504722,0.2645,0.0795,TRUE,FALSE,exante_mid,-3.5,19.5,dog,low_implied,0.20869810054369803,0.1,0.20869810054369803,0.1,0.21311152580083872,0.17526144493293327,0.19315617985846523,0.09668755647805258,0.1,0.09668755647805258,0.1,0.07833159630467605,0.055276007720768884,0.04364666308069418
TE,00-0030506,2023,16,7.7893068222707615,0.636,0.34,FALSE,FALSE,exante_high,9.5,30.5,big_fav,high_implied,0.6887230403550763,0.75,0.6887230403550763,0.75,0.6285140589432219,0.6356569899065156,0.6057139208163205,0.3812523651782001,0.4166666666666667,0.3812523651782001,0.4166666666666667,0.31898340435362216,0.15333449663643278,0.1660097177011297
TE,00-0031260,2023,16,5.393946146366258,0.234,0.069,TRUE,FALSE,exante_mid,-3,18.25,dog,low_implied,0.20575783988220062,0.11428571428571428,0.20575783988220062,0.11428571428571428,0.22734276710305168,0.20502749254603325,0.20435364381330404,0.08733263883639145,0.1,0.08733263883639145,0.1,0.10303748332196369,0.08628125272357552,0.08657797689608904
TE,00-0031610,2023,16,6.294219785780659,0.3135,0.124,FALSE,FALSE,exante_mid,-7.5,20,big_dog,low_implied,0.2981341848371451,0.3157894736842105,0.2981341848371451,0.3157894736842105,0.35247713262455604,0.44933081155996263,0.416218320694914,0.1512164134891404,0.1111111111111111,0.1512164134891404,0.1111111111111111,0.16984863891597485,0.1407243018459318,0.13984567310618976
TE,00-0032392,2023,16,4.2700247351567455,0.1845,0.0475,FALSE,FALSE,exante_mid,-9.5,21,big_dog,mid_implied,0.15186874031066494,0.11428571428571428,0.15186874031066494,0.11428571428571428,0.12370361879862514,0.24697902776034625,0.2728868223452507,0.06138541023086234,0,0.06138541023086234,0,0.041825044587017246,0.03320120804180179,0.03104231223878548
TE,00-0033110,2023,16,5.381715350166227,0.2755,0.087,FALSE,FALSE,exante_mid,4,24.25,fav,mid_implied,0.25324511063393695,0.3157894736842105,0.25324511063393695,0.3157894736842105,0.23248412230250087,0.16376556037347892,0.15317786872826994,0.10858936618348611,0.10555555555555554,0.10858936618348611,0.10555555555555554,0.08884218224617488,0.04165205100392842,0.04285351128528887
TE,00-0033246,2023,16,3.991435463736536,0.132,0.0315,FALSE,FALSE,exante_low,-3,21.25,dog,mid_implied,0.09898219556807,0.11428571428571428,0.09898219556807,0.11428571428571428,0.10032188949298125,0.06986758305731179,0.06353058605152098,0.04157543724357435,0,0.04157543724357435,0,0.04016222712935495,0.01367510774584696,0.014045651839559555
TE,00-0033288,2023,16,6.136212294903713,0.447,0.1905,TRUE,TRUE,exante_mid,4.5,25,fav,mid_implied,0.461597876625739,0.75,0.461597876625739,0.75,0.3522334035150505,0.3893372247171668,0.4468734037021412,0.2249908938534287,0.4166666666666667,0.2249908938534287,0.4166666666666667,0.11292622942128212,0.11176095024991047,0.10105782642259013
TE,00-0033858,2023,16,4.886955830400748,0.2255,0.071,FALSE,FALSE,exante_mid,1.5,22.5,close,mid_implied,0.19627051001814638,0.11428571428571428,0.19627051001814638,0.11428571428571428,0.17651960556509716,0.121168805703454,0.12297706172145699,0.08971377827267189,0.1,0.08971377827267189,0.1,0.06145128779742119,0.03314356830011961,0.031616680869242984
TE,00-0033881,2023,16,7.164373325596887,0.4625,0.2175,TRUE,TRUE,exante_high,2.5,23.5,close,mid_implied,0.48075422263708184,0.75,0.48075422263708184,0.75,0.5068169182874008,0.4295649935720157,0.40277418608794674,0.25409139143643744,0.4166666666666667,0.25409139143643744,0.4166666666666667,0.2576119983071077,0.14366248300492984,0.14565597814749526
TE,00-0033885,2023,16,7.251823464733058,0.433,0.1925,TRUE,FALSE,exante_high,-1.5,19.75,close,low_implied,0.4442829373047296,0.5763157894736842,0.4442829373047296,0.5763157894736842,0.5151541811912628,0.4672684538644368,0.4463501877116906,0.22716191756619208,0.4166666666666667,0.22716191756619208,0.4166666666666667,0.29473732312994494,0.21222328960301146,0.21498510875184199
TE,00-0033895,2023,16,6.078852897604491,0.2965,0.1025,FALSE,FALSE,exante_mid,-9.5,15.5,big_dog,low_implied,0.277909651691344,0.3157894736842105,0.277909651691344,0.3157894736842105,0.3202375856519962,0.5230186808652114,0.5373014438994408,0.1266074262849653,0.1111111111111111,0.1266074262849653,0.1111111111111111,0.1559261752427436,0.3213957746310827,0.31340476112278437
TE,00-0034270,2023,16,5.969889988928353,0.3165,0.115,FALSE,FALSE,exante_mid,3,21.25,fav,mid_implied,0.3017246639439725,0.3157894736842105,0.3017246639439725,0.3157894736842105,0.3093096038009704,0.23217589806725614,0.22407061938399725,0.14096606390524669,0.1111111111111111,0.14096606390524669,0.1111111111111111,0.1320235258593449,0.11250268741101124,0.11249214836334329
TE,00-0034351,2023,16,6.7093796801372685,0.535,0.2615,TRUE,FALSE,exante_mid,7.5,27.5,big_fav,high_implied,0.5696152295354584,0.75,0.5696152295354584,0.75,0.4498231040530757,0.502076222412331,0.5388222737013035,0.30062006475693,0.4166666666666667,0.30062006475693,0.4166666666666667,0.1555563820364591,0.15299299342403772,0.14419863772451158
TE,00-0034383,2023,16,5.553005478545126,0.2895,0.0955,TRUE,FALSE,exante_mid,1.5,21.25,close,mid_implied,0.269646565106481,0.3157894736842105,0.269646565106481,0.3157894736842105,0.2537860610202961,0.19870029582727747,0.20864380924493758,0.11850080843635874,0.1111111111111111,0.11850080843635874,0.1111111111111111,0.09923955028453127,0.06913566987875219,0.06703074600213227
TE,00-0034798,2023,16,5.004278873833955,0.268,0.079,FALSE,FALSE,exante_mid,1.5,27,close,high_implied,0.2445318669872776,0.3157894736842105,0.2445318669872776,0.3157894736842105,0.19302255224425716,0.14387271219244366,0.14500762520419733,0.09918895894114821,0.1,0.09918895894114821,0.1,0.06479579072347563,0.011205677265656322,0.011141507254565208
TE,00-0035229,2023,16,8.160672637692192,0.57,0.312,FALSE,FALSE,exante_high,-3,21.25,dog,mid_implied,0.6116999101467211,0.75,0.6116999101467211,0.75,0.6695086784562589,0.7086023912419498,0.6961559196006881,0.35281221858066164,0.4166666666666667,0.35281221858066164,0.4166666666666667,0.42955587712451143,0.304902231665903,0.3062397612392267
TE,00-0035631,2023,16,4.103940185699262,0.1395,0.025,FALSE,FALSE,exante_mid,-1.5,19,close,low_implied,0.10622033493314677,0.11428571428571428,0.10622033493314677,0.11428571428571428,0.10769644245142918,0.06967014177672612,0.06922340202707461,0.03336847525519518,0,0.03336847525519518,0,0.05163797323009381,0.01755082931081764,0.019525891293010907
TE,00-0036040,2023,16,4.887316941371943,0.21,0.058,TRUE,FALSE,exante_mid,-4,20.25,dog,mid_implied,0.17920765848402267,0.11428571428571428,0.17920765848402267,0.11428571428571428,0.17435719433791225,0.17844737122183243,0.183077393392457,0.07414148587355612,0.1,0.07414148587355612,0.1,0.06939601007010948,0.04230689575678895,0.04164616899848684
TE,00-0036244,2023,16,3.9869672355845713,0.1335,0.033,FALSE,FALSE,exante_low,2,22.75,close,mid_implied,0.10042056429034989,0.11428571428571428,0.10042056429034989,0.11428571428571428,0.10027227807725526,0.04673722567794757,0.039642272472960545,0.0434548025674752,0,0.0434548025674752,0,0.03888537581824973,0.011978501506993835,0.012575610556947269
TE,00-0036290,2023,16,6.439207762475956,0.4095,0.17,TRUE,FALSE,exante_mid,3,23.25,fav,mid_implied,0.415232777270647,0.3157894736842105,0.415232777270647,0.3157894736842105,0.3892979547303602,0.34909463289044795,0.35738591059532404,0.20258716142536803,0.1111111111111111,0.20258716142536803,0.1111111111111111,0.16071596234050084,0.11628488077458571,0.11289843939779859
TE,00-0036438,2023,16,4.151634969128764,0.161,0.044,FALSE,FALSE,exante_mid,-4.5,16,dog,low_implied,0.1275798543101072,0.11428571428571428,0.1275798543101072,0.11428571428571428,0.11331230697092863,0.1387025781577881,0.16938898242191994,0.057093431508164975,0,0.057093431508164975,0,0.0387772275128484,0.09182859160763791,0.08151623639184882
TE,00-0036556,2023,16,4.2227166690312865,0.1745,0.04,FALSE,FALSE,exante_mid,1.5,21.25,close,mid_implied,0.14142007511975865,0.11428571428571428,0.14142007511975865,0.11428571428571428,0.11941936595550152,0.07955838697042299,0.08568442167002868,0.05216142077610503,0,0.05216142077610503,0,0.044173963971841625,0.02147891791061167,0.021593152160892623
TE,00-0036628,2023,16,3.9541404866625944,0.113,0.029,FALSE,FALSE,exante_low,-3,18.25,dog,low_implied,0.08118444740064304,0.11428571428571428,0.08118444740064304,0.11428571428571428,0.09570640074475875,0.05953857198863771,0.05217404998665739,0.038431479872581685,0,0.038431479872581685,0,0.040595089677251076,0.027884246227776868,0.028171768772847803
TE,00-0036637,2023,16,4.044946720120688,0.186,0.045,FALSE,FALSE,exante_mid,9.5,30.5,big_fav,high_implied,0.15344984805524414,0.11428571428571428,0.15344984805524414,0.11428571428571428,0.10975766951330139,0.062361726088949826,0.049207476083227404,0.05832188831077159,0,0.05832188831077159,0,0.034260316057978336,0.00781256578116893,0.008819765694626136
TE,00-0036876,2023,16,4.354692514340108,0.177,0.0435,FALSE,FALSE,exante_mid,-1.5,21,close,mid_implied,0.14401699247450786,0.11428571428571428,0.14401699247450786,0.11428571428571428,0.12845386522006044,0.09855244690296401,0.10455713080559419,0.056478535217440645,0,0.056478535217440645,0,0.04808854559823068,0.021188102117753228,0.020869805748527297
TE,00-0036970,2023,16,7.212418719583255,0.4775,0.2255,TRUE,FALSE,exante_high,1.5,22.5,close,mid_implied,0.4992614073360654,0.75,0.4992614073360654,0.75,0.5166341157697278,0.4639549578482277,0.45886539653513864,0.2626305211353667,0.4166666666666667,0.2626305211353667,0.4166666666666667,0.26216760794188165,0.1652391850792305,0.16346587518465347
TE,00-0037005,2023,16,4.471668970818644,0.1185,0.0265,FALSE,FALSE,exante_mid,-4.5,16,dog,low_implied,0.08625369141247538,0.11428571428571428,0.08625369141247538,0.11428571428571428,0.12766438451285197,0.08334939901037382,0.06557929528609344,0.03527204547430015,0,0.03527204547430015,0,0.07229283193216177,0.04833736550194763,0.054633004284851704
TE,00-0037539,2023,16,4.116137538579018,0.155,0.0365,TRUE,FALSE,exante_mid,5.5,21,fav,mid_implied,0.12153178601259759,0.11428571428571428,0.12153178601259759,0.11428571428571428,0.11041816153586645,0.0638333401287598,0.060033318622744275,0.04782075459379091,0,0.04782075459379091,0,0.04182198560338525,0.04015615416022363,0.04224850254929467
TE,00-0037744,2023,16,7.972836711244446,0.5455,0.2675,FALSE,FALSE,exante_high,-3,20.25,dog,mid_implied,0.5823131894954365,0.75,0.5823131894954365,0.75,0.6399226655115625,0.6828368564142104,0.6772839656367933,0.3068856098824677,0.4166666666666667,0.3068856098824677,0.4166666666666667,0.4121320248416679,0.3039905127600568,0.31024548212957487
TE,00-0037809,2023,16,5.102970379100189,0.2175,0.0635,TRUE,TRUE,exante_mid,-2,20.75,close,mid_implied,0.18742435821244602,0.11428571428571428,0.18742435821244602,0.11428571428571428,0.19524239188724227,0.1507877277980573,0.14517273651877485,0.08075768908706124,0.1,0.08075768908706124,0.1,0.08146531178273109,0.03849031247835345,0.03863156176817322
TE,00-0037838,2023,16,6.240672633918045,0.3165,0.104,FALSE,FALSE,exante_mid,-4.5,20.5,dog,mid_implied,0.3017246639439725,0.3157894736842105,0.3017246639439725,0.3157894736842105,0.3455950630006419,0.35860716370283346,0.3344314913085301,0.12833826630597858,0.1111111111111111,0.12833826630597858,0.1111111111111111,0.17872167219542642,0.08810320355740806,0.09298954342213665
TE,00-0038041,2023,16,6.075229543520555,0.341,0.128,FALSE,FALSE,exante_mid,-1.5,25.5,close,mid_implied,0.33125772428544614,0.3157894736842105,0.33125772428544614,0.3157894736842105,0.327239569679686,0.2741959251483643,0.2545639757415602,0.15574965234936097,0.1111111111111111,0.15574965234936097,0.1111111111111111,0.1366545064028213,0.027788816823751488,0.027897092239581124
TE,00-0038115,2023,16,4.533254343198808,0.1735,0.0375,FALSE,FALSE,exante_mid,-7.5,20,big_dog,low_implied,0.14038421032853876,0.11428571428571428,0.14038421032853876,0.11428571428571428,0.14063803709874703,0.18976061310780082,0.1864403400291965,0.049063443484779805,0,0.049063443484779805,0,0.06290795683676065,0.029296075094186993,0.03120490669716695
TE,00-0038394,2023,16,4.575935483869971,0.2135,0.062,FALSE,FALSE,exante_mid,-1.5,21,close,mid_implied,0.18303269032101324,0.11428571428571428,0.18303269032101324,0.11428571428571428,0.1491638024738352,0.1371151807870341,0.15992350428447255,0.07895747070326452,0.1,0.07895747070326452,0.1,0.048682620068615345,0.03413416612951643,0.030969230529609548
TE,00-0038996,2023,16,5.69706297550998,0.328,0.1125,FALSE,FALSE,exante_mid,4.5,20.5,fav,mid_implied,0.31554248744849245,0.3157894736842105,0.31554248744849245,0.3157894736842105,0.27673616394310685,0.25157883533159064,0.2784254005690806,0.1381059508817926,0.1111111111111111,0.1381059508817926,0.1111111111111111,0.10331692746421582,0.16440840324308412,0.15813973696254638
TE,00-0039041,2023,16,4.478026284826466,0.178,0.0435,FALSE,FALSE,exante_mid,-3,20.25,dog,mid_implied,0.14505863860023296,0.11428571428571428,0.14505863860023296,0.11428571428571428,0.1372341488679702,0.12096350028754896,0.12493841970602859,0.056478535217440645,0,0.056478535217440645,0,0.05451839494998361,0.027670514422921604,0.027718287183607672
TE,00-0039065,2023,16,7.3681767010004835,0.545,0.2845,FALSE,FALSE,exante_high,3,24.25,fav,mid_implied,0.5817098381015988,0.75,0.5817098381015988,0.75,0.551440068940632,0.5540129883752545,0.5710497059067102,0.32454117626239737,0.4166666666666667,0.32454117626239737,0.4166666666666667,0.2583230843628549,0.19185183368506525,0.18385460426109196
TE,00-0030506,2023,17,7.854804971856546,0.6605,0.3715,FALSE,FALSE,exante_high,3.5,27,fav,high_implied,0.6708361894703018,0.6666666666666666,0.6708361894703018,0.6666666666666666,0.630621280768675,0.5857752118221166,0.6494507846723079,0.34136075803076454,0.3333333333333333,0.34136075803076454,0.3333333333333333,0.2957370694461524,0.17982537670868706,0.18843415291423124
TE,00-0031260,2023,17,5.460512466118348,0.212,0.0625,FALSE,FALSE,exante_mid,-13.5,17.25,big_dog,low_implied,0.20037589593262495,0.21739130434782608,0.20037589593262495,0.21739130434782608,0.22940049980586,0.22775062219114162,0.2000054886112415,0.07105252271574611,0.09433962264150944,0.07105252271574611,0.09433962264150944,0.09043891084301474,0.11426270342938019,0.10937439213542151
TE,00-0031610,2023,17,6.213377044520436,0.319,0.1195,FALSE,FALSE,exante_mid,-6,17.5,dog,low_implied,0.31077963324891267,0.25,0.31077963324891267,0.25,0.3329050195366368,0.39596605514736555,0.40539064241354156,0.12484370054732306,0.09433962264150944,0.12484370054732306,0.09433962264150944,0.13520084778005825,0.1951981004377606,0.20312192846269234
TE,00-0032392,2023,17,4.4785065966311635,0.1795,0.0455,FALSE,FALSE,exante_mid,-3,20.5,dog,mid_implied,0.167555054732199,0.10344827586206896,0.167555054732199,0.10344827586206896,0.16293590007978495,0.1483766610338354,0.15497701773764916,0.053924787657009206,0,0.053924787657009206,0,0.05171058696946792,0.03356345464749149,0.033894792553187024
TE,00-0033110,2023,17,5.325137930159556,0.273,0.0815,TRUE,FALSE,exante_mid,6,23.5,fav,mid_implied,0.26295063236293686,0.25,0.26295063236293686,0.25,0.2505373355222312,0.2307559612185095,0.2130840503709191,0.08948435288644722,0.09433962264150944,0.08948435288644722,0.09433962264150944,0.0834058440467172,0.07465916989835487,0.06972454626780004
TE,00-0033217,2023,17,4.082591594040455,0.1375,0.023,FALSE,FALSE,exante_mid,3,23.5,fav,mid_implied,0.12583253408169595,0.10344827586206896,0.12583253408169595,0.10344827586206896,0.12783848300005624,0.083053219688413,0.06156713154447104,0.029790412206341956,0,0.029790412206341956,0,0.04144162955187212,0.011254446258811864,0.008397357855785756
TE,00-0033246,2023,17,3.9791018239710754,0.1515,0.036,TRUE,FALSE,exante_low,1.5,22.5,close,mid_implied,0.1396423303636107,0.10344827586206896,0.1396423303636107,0.10344827586206896,0.13012748393575818,0.10210196057970707,0.10038030450254447,0.043992154168243335,0,0.043992154168243335,0,0.03867209601652656,0.019186733999040997,0.018903640063217663
TE,00-0033288,2023,17,6.497123883748741,0.5355,0.26,FALSE,FALSE,exante_mid,13.5,30.75,big_fav,high_implied,0.539321774588148,0.6666666666666666,0.539321774588148,0.6666666666666666,0.4583676117788619,0.3814523075573241,0.3948978982834289,0.2472508929243815,0.3333333333333333,0.2472508929243815,0.3333333333333333,0.15483080456113912,0.17901470498081365,0.18178574313042217
TE,00-0033757,2023,17,4.1427214475790475,0.146,0.0305,FALSE,FALSE,exante_mid,2.5,20,close,low_implied,0.13420456178766113,0.10344827586206896,0.13420456178766113,0.10344827586206896,0.1339351282961969,0.13452036789454427,0.12405216179294574,0.03808488091155352,0,0.03808488091155352,0,0.0427332319072313,0.03208823306954563,0.028684291402508263
TE,00-0033858,2023,17,5.031046266325502,0.173,0.044,FALSE,FALSE,exante_mid,-2.5,17.5,dog,low_implied,0.16104297283609517,0.10344827586206896,0.16104297283609517,0.10344827586206896,0.18615439933292663,0.1985174673607246,0.16362700593555946,0.0523764063248702,0,0.0523764063248702,0,0.07128879958949146,0.06210164334703812,0.05552008951288231
TE,00-0033881,2023,17,6.921670949831644,0.5135,0.247,TRUE,FALSE,exante_mid,7,23.25,big_fav,mid_implied,0.5160313583581342,0.6666666666666666,0.5160313583581342,0.6666666666666666,0.48278372647732787,0.5460634561812253,0.589362870208149,0.2362100244886912,0.3333333333333333,0.2362100244886912,0.3333333333333333,0.19251686409512023,0.30686379553263243,0.3212136365204503
TE,00-0033885,2023,17,7.357873266658775,0.4805,0.2315,TRUE,TRUE,exante_high,4.5,20,fav,low_implied,0.48107237677562203,0.6666666666666666,0.48107237677562203,0.6666666666666666,0.5029649535266921,0.5902815118524094,0.5729071703211659,0.2230014496155512,0.3333333333333333,0.2230014496155512,0.3333333333333333,0.23816195839796625,0.371620481940067,0.36801272686950015
TE,00-0033895,2023,17,6.558673156693996,0.3205,0.121,FALSE,FALSE,exante_mid,-6,16,dog,low_implied,0.312346652622521,0.25,0.312346652622521,0.25,0.3595245289760762,0.4469351637125018,0.41953786769999923,0.12620836770846555,0.09433962264150944,0.12620836770846555,0.09433962264150944,0.16209998253121854,0.25857877307095917,0.2548281340471923
TE,00-0034270,2023,17,6.372345983837683,0.311,0.105,FALSE,FALSE,exante_mid,-4.5,15.5,dog,low_implied,0.3024294144030384,0.25,0.3024294144030384,0.25,0.3406678719198928,0.4556530220635097,0.4498429883660005,0.11154261194745768,0.09433962264150944,0.11154261194745768,0.09433962264150944,0.14742133269913263,0.2411984825138217,0.23488193604382404
TE,00-0034351,2023,17,6.687712329464363,0.4875,0.2345,TRUE,FALSE,exante_mid,10,28.75,big_fav,high_implied,0.48848875134818726,0.6666666666666666,0.48848875134818726,0.6666666666666666,0.4510310952998458,0.3586919920654276,0.32719968444402614,0.22556219815641557,0.3333333333333333,0.22556219815641557,0.3333333333333333,0.1712125956304026,0.15084940323982424,0.1478461849560605
TE,00-0034383,2023,17,5.675444391064875,0.3085,0.097,FALSE,FALSE,exante_mid,4.5,23.75,fav,mid_implied,0.2998225332359588,0.25,0.2998225332359588,0.25,0.2897312541141069,0.2557526958234811,0.24023373327664205,0.10411016061539104,0.09433962264150944,0.10411016061539104,0.09433962264150944,0.10120412974019859,0.07078515311980499,0.06629278813271491
TE,00-0034613,2023,17,5.014821046160205,0.2155,0.068,FALSE,FALSE,exante_mid,-3.5,23.5,dog,mid_implied,0.20393429979132285,0.21739130434782608,0.20393429979132285,0.21739130434782608,0.20599800120539777,0.1340790074667356,0.11777986291913017,0.07645452260410406,0.09433962264150944,0.07645452260410406,0.09433962264150944,0.07009744901634397,0.027712030036532616,0.02790244933667839
TE,00-0034798,2023,17,5.238910390753226,0.2435,0.073,FALSE,FALSE,exante_mid,-3,21.75,dog,mid_implied,0.23254931739044016,0.21739130434782608,0.23254931739044016,0.21739130434782608,0.2317227817871635,0.1945564524835722,0.19335380793385856,0.08131615414234214,0.09433962264150944,0.08131615414234214,0.09433962264150944,0.07957684060788571,0.044197532738037504,0.044407832680350284
TE,00-0034829,2023,17,4.311543030327711,0.131,0.0295,FALSE,FALSE,exante_mid,-12,14,big_dog,low_implied,0.11945765630338333,0.10344827586206896,0.11945765630338333,0.10344827586206896,0.13338294288422012,0.18200877186536418,0.1807686628106626,0.036996207375069874,0,0.036996207375069874,0,0.047235867861631045,0.09782733583301703,0.09481622919350649
TE,00-0035631,2023,17,4.109190708773127,0.166,0.046,FALSE,FALSE,exante_mid,-3.5,23.5,dog,mid_implied,0.1540511878457939,0.10344827586206896,0.1540511878457939,0.10344827586206896,0.1413183334795237,0.09302212690781136,0.09584135713208457,0.0544393986029901,0,0.0544393986029901,0,0.041593159736351866,0.017419615003001567,0.01875739597106502
TE,00-0035644,2023,17,5.032661491495681,0.2385,0.073,FALSE,FALSE,exante_mid,3.5,22.25,fav,mid_implied,0.22742117239732726,0.21739130434782608,0.22742117239732726,0.21739130434782608,0.21753766521879006,0.2051997918002375,0.2014894940031452,0.08131615414234214,0.09433962264150944,0.08131615414234214,0.09433962264150944,0.07073084211666565,0.061257183073682685,0.061664943580154945
TE,00-0036040,2023,17,5.052859358864885,0.214,0.0595,TRUE,TRUE,exante_mid,-2,19.75,close,low_implied,0.2024087383918135,0.21739130434782608,0.2024087383918135,0.21739130434782608,0.20735974378821626,0.20569751443440218,0.20396394814562396,0.06807997708177609,0.09433962264150944,0.06807997708177609,0.09433962264150944,0.07181183913086224,0.053201044157426075,0.052536759732090196
TE,00-0036232,2023,17,4.026274496478335,0.1405,0.0405,FALSE,FALSE,exante_mid,4.5,20,fav,low_implied,0.12878285168547615,0.10344827586206896,0.12878285168547615,0.10344827586206896,0.12710890178192388,0.13577538900994224,0.12173414858650015,0.04873567008456937,0,0.04873567008456937,0,0.03968784791162516,0.05852114484946104,0.060173729191786006
TE,00-0036244,2023,17,4.036693526954932,0.1505,0.0405,FALSE,FALSE,exante_mid,3.5,22.25,fav,mid_implied,0.13865247635525207,0.10344827586206896,0.13865247635525207,0.10344827586206896,0.1318699611442543,0.11079842792831134,0.10069245041493895,0.04873567008456937,0,0.04873567008456937,0,0.03993387537163804,0.030938694263013322,0.031049229673369254
TE,00-0036510,2023,17,4.014262601671712,0.141,0.0295,FALSE,FALSE,exante_mid,-4.5,15.5,dog,low_implied,0.12927505552690702,0.10344827586206896,0.12927505552690702,0.10344827586206896,0.126888974022584,0.18675350889914008,0.2227108697101465,0.036996207375069874,0,0.036996207375069874,0,0.039625398670822966,0.0633115523066588,0.06426513791215384
TE,00-0036637,2023,17,4.074504486741321,0.1995,0.0525,FALSE,FALSE,exante_mid,3.5,27,fav,high_implied,0.18770371786216508,0.21739130434782608,0.18770371786216508,0.21739130434782608,0.15349186647026805,0.09271368427423685,0.10081025925428116,0.061064969139021937,0.09433962264150944,0.061064969139021937,0.09433962264150944,0.04065180652523606,0.01432789711400183,0.01496787248173678
TE,00-0036876,2023,17,4.675700621220666,0.213,0.0555,FALSE,FALSE,exante_mid,3,23.5,fav,mid_implied,0.201392139263565,0.21739130434782608,0.201392139263565,0.21739130434782608,0.18714688717021424,0.1512497544890288,0.1483653504117692,0.06408561776228394,0.09433962264150944,0.06408561776228394,0.09433962264150944,0.05781966922108275,0.03145862651238604,0.030264165819471996
TE,00-0036894,2023,17,6.670434140515926,0.367,0.1465,FALSE,FALSE,exante_mid,-3.5,18.75,dog,low_implied,0.3611097802148971,0.3076923076923077,0.3611097802148971,0.3076923076923077,0.39151942266266754,0.4315323078225165,0.41982734277646455,0.14913244524356786,0.09433962264150944,0.14913244524356786,0.09433962264150944,0.17114522124579634,0.18566841367247963,0.18620750423207114
TE,00-0036970,2023,17,6.653253844342643,0.323,0.118,FALSE,FALSE,exante_mid,-2.5,17.5,dog,low_implied,0.31495927518360695,0.25,0.31495927518360695,0.25,0.36805011834106227,0.415473950291485,0.35973001300682145,0.12347702550134615,0.09433962264150944,0.12347702550134615,0.09433962264150944,0.17026390870975677,0.18366930031802045,0.1706241890690779
TE,00-0037005,2023,17,5.0579977080713014,0.164,0.039,FALSE,FALSE,exante_mid,-7,16.25,big_dog,low_implied,0.1520577055861631,0.10344827586206896,0.1520577055861631,0.10344827586206896,0.18283637161773292,0.20027323400247204,0.16003507208844905,0.04716269625380709,0,0.04716269625380709,0,0.07254789422304263,0.07624037625910544,0.06578175142160948
TE,00-0037744,2023,17,7.731473608956453,0.5075,0.2445,FALSE,FALSE,exante_high,-10,18.75,big_dog,low_implied,0.5096764810756242,0.6666666666666666,0.5096764810756242,0.6666666666666666,0.546773731932784,0.5873537712670497,0.5894193633051859,0.23408312697067762,0.3333333333333333,0.23408312697067762,0.3333333333333333,0.28226361162667474,0.34468055205194026,0.34537011455291483
TE,00-0037809,2023,17,6.086265606313595,0.314,0.1055,FALSE,FALSE,exante_mid,-4.5,19.25,dog,low_implied,0.3055593005575157,0.25,0.3055593005575157,0.25,0.3211910705114083,0.3405020589327258,0.3425795654326334,0.11200478813376283,0.09433962264150944,0.11200478813376283,0.09433962264150944,0.12655314819043256,0.11842492471275308,0.11746212443681658
TE,00-0037838,2023,17,6.1906343028070525,0.34,0.1295,TRUE,TRUE,exante_mid,3,24.75,fav,mid_implied,0.33275424039124313,0.25,0.33275424039124313,0.25,0.3414666653582905,0.25561502713384954,0.21150422613181927,0.1339052489578432,0.09433962264150944,0.1339052489578432,0.09433962264150944,0.13337972527020392,0.06589933511995381,0.062076670232601695
TE,00-0038041,2023,17,6.465526189646006,0.4225,0.1745,FALSE,FALSE,exante_mid,5.5,28,fav,high_implied,0.4196647719266356,0.3076923076923077,0.4196647719266356,0.3076923076923077,0.4021217817242526,0.2749648241640516,0.23940717081288768,0.17381542150035878,0.09433962264150944,0.17381542150035878,0.09433962264150944,0.15345226132582926,0.06686158630225611,0.06303825874059331
TE,00-0038115,2023,17,4.826332625506474,0.18,0.0415,FALSE,FALSE,exante_mid,-6,17.5,dog,low_implied,0.1680567486093891,0.10344827586206896,0.1680567486093891,0.10344827586206896,0.17949844412804464,0.19917536820276524,0.19426257761684546,0.04978000244729381,0,0.04978000244729381,0,0.06342089390277938,0.061442199615675014,0.056825784569295434
TE,00-0038129,2023,17,5.264796115693613,0.2665,0.0885,FALSE,FALSE,exante_mid,2,21.75,close,mid_implied,0.25623183691836116,0.25,0.25623183691836116,0.25,0.24385921214107892,0.24076321581762072,0.25553003203551133,0.09612930734425632,0.09433962264150944,0.09612930734425632,0.09433962264150944,0.0804826812537677,0.06962326181611263,0.07395256223979896
TE,00-0038933,2023,17,5.649689344454694,0.335,0.1225,TRUE,FALSE,exante_mid,12,26,big_fav,mid_implied,0.3275153381559961,0.25,0.3275153381559961,0.25,0.3001371797346483,0.2772180350125832,0.23827036299453008,0.1275710630605593,0.09433962264150944,0.1275710630605593,0.09433962264150944,0.09935250851056518,0.15432087030954275,0.145075821797921
TE,00-0038996,2023,17,6.0632554850755,0.395,0.1645,FALSE,FALSE,exante_mid,-1.5,21,close,mid_implied,0.3906139294548255,0.3076923076923077,0.3906139294548255,0.3076923076923077,0.35785284257635097,0.4033443398943019,0.5033831068201169,0.1650497575741822,0.09433962264150944,0.1650497575741822,0.09433962264150944,0.12400689509778316,0.13295330511486286,0.15831935408742084
TE,00-0039065,2023,17,6.703360805732886,0.477,0.2225,TRUE,FALSE,exante_mid,-5.5,22.5,dog,mid_implied,0.47736425325150916,0.6666666666666666,0.47736425325150916,0.6666666666666666,0.4472963762636583,0.44269661977825,0.5303687381867579,0.2153055631083786,0.3333333333333333,0.2153055631083786,0.3333333333333333,0.17275987191871348,0.15105854935341675,0.17507743306788928
TE,00-0031610,2023,18,6.364164842383012,0.363,0.145,FALSE,FALSE,exante_mid,-6.5,19.75,big_dog,low_implied,0.3392328327006891,0.3181818181818182,0.3392328327006891,0.3181818181818182,0.34022086562645215,0.2911693560692505,0.29936704669342257,0.13423764219167877,0.0958904109589041,0.13423764219167877,0.0958904109589041,0.13316833397014605,0.12131985729761512,0.11735663010995115
TE,00-0032392,2023,18,4.7340110316227335,0.189,0.049,FALSE,FALSE,exante_mid,2.5,20.25,close,mid_implied,0.16533720324608456,0.0975609756097561,0.16533720324608456,0.0975609756097561,0.16543350102591897,0.2003853691624084,0.19605269786282567,0.054886964997283245,0,0.054886964997283245,0,0.055914215825375306,0.06283324501154469,0.0641162965765333
TE,00-0033217,2023,18,4.200470650667498,0.173,0.0435,FALSE,FALSE,exante_mid,NA,NA,NA,NA,0.15006918261373203,0.0975609756097561,0.15006918261373203,0.0975609756097561,0.1487100131603922,0.11562343065206684,0.12001172679497563,0.04978735006626851,0,0.04978735006626851,0,0.03871260541715834,0.024648381240765026,0.02417722653406781
TE,00-0033246,2023,18,4.438489062125339,0.1905,0.0525,FALSE,FALSE,exante_mid,-4,20,dog,low_implied,0.1667761876935949,0.0975609756097561,0.1667761876935949,0.0975609756097561,0.1654672986412085,0.14326138375443184,0.1577611375464231,0.05807899666596642,0.0958904109589041,0.05807899666596642,0.0958904109589041,0.04396122000031138,0.04416320094924766,0.0416704964639619
TE,00-0033357,2023,18,4.1725218984132715,0.15,0.0275,FALSE,FALSE,exante_mid,3.5,23,fav,mid_implied,0.12839643667229966,0.0975609756097561,0.12839643667229966,0.0975609756097561,0.12814733557154445,0.12180585193404805,0.11172360249425782,0.034203980233852536,0,0.034203980233852536,0,0.04302692949897055,0.019907331331475854,0.02229325899038636
TE,00-0033439,2023,18,3.9848892658017543,0.11,0.0305,FALSE,FALSE,exante_low,2,19.75,close,low_implied,0.09157768219006476,0,0.09157768219006476,0,0.09252258593696971,0.10997627648179667,0.0942830472298364,0.0372295031202287,0,0.0372295031202287,0,0.03628231430696997,0.04061724249451823,0.041325200094665115
TE,00-0033858,2023,18,4.9887662514679105,0.207,0.0565,FALSE,FALSE,exante_mid,-3.5,19.5,dog,low_implied,0.1826873445358147,0.2,0.1826873445358147,0.2,0.1830950156577803,0.1715775372928746,0.17202421865433998,0.06168166755165208,0.0958904109589041,0.06168166755165208,0.0958904109589041,0.06492034315507557,0.055169002671164466,0.0552829290299157
TE,00-0033881,2023,18,6.722892539695402,0.446,0.196,TRUE,TRUE,exante_mid,3.5,22,fav,mid_implied,0.4258716632702857,0.6428571428571429,0.4258716632702857,0.6428571428571429,0.4251430715349899,0.4752228509055102,0.487834823122536,0.17294920281405293,0.2857142857142857,0.17294920281405293,0.2857142857142857,0.1555788746936864,0.20537789842855048,0.20096087224866152
TE,00-0034159,2023,18,3.991627246232704,0.1655,0.0335,TRUE,FALSE,exante_low,3,25.25,fav,mid_implied,0.14296514493816317,0.0975609756097561,0.14296514493816317,0.0975609756097561,0.14119221141398544,0.10237287195851932,0.10128831352470717,0.040201368811625456,0,0.040201368811625456,0,0.035532807756706565,0.013902489525002205,0.01469951786152486
TE,00-0034270,2023,18,6.770510549102113,0.3445,0.1235,FALSE,FALSE,exante_mid,-2,17.75,close,low_implied,0.320185850599547,0.3181818181818182,0.320185850599547,0.3181818181818182,0.32501060999918907,0.3887188122362052,0.36352723917422586,0.1174536434039044,0.0958904109589041,0.1174536434039044,0.0958904109589041,0.18220611994482372,0.19586221738676474,0.20448623014493628
TE,00-0034351,2023,18,6.747871572064545,0.4895,0.239,FALSE,FALSE,exante_mid,6.5,26.25,fav,high_implied,0.4719044566675471,0.6428571428571429,0.4719044566675471,0.6428571428571429,0.4689629369989816,0.4506920552109214,0.45584926277809107,0.2048819581465749,0.2857142857142857,0.2048819581465749,0.2857142857142857,0.14902320108870956,0.1431689782853664,0.13991145280389866
TE,00-0034364,2023,18,4.232999323727938,0.134,0.0325,FALSE,FALSE,exante_mid,-4,18,dog,low_implied,0.11352724234624695,0.0975609756097561,0.11352724234624695,0.0975609756097561,0.11423212732191208,0.11771040850116991,0.11343761309173436,0.03921632711400069,0,0.03921632711400069,0,0.043016680461898306,0.04162024094774387,0.0420611257386408
TE,00-0034383,2023,18,5.636266113117853,0.292,0.1035,FALSE,FALSE,exante_mid,NA,NA,NA,NA,0.26676991078147944,0.2,0.26676991078147944,0.2,0.26648893053525524,0.22220669474293728,0.2210956055915931,0.10146998049374083,0.0958904109589041,0.10146998049374083,0.0958904109589041,0.08787648551136829,0.06412842227384188,0.06267787231450933
TE,00-0034798,2023,18,5.089870670995199,0.241,0.073,FALSE,FALSE,exante_mid,-3,23.5,dog,mid_implied,0.21592033016341516,0.2,0.21592033016341516,0.2,0.21511136246734072,0.13793856261771767,0.13704689912075474,0.07611418591722985,0.0958904109589041,0.07611418591722985,0.0958904109589041,0.06513236401609851,0.030391982624327567,0.030128324308293514
TE,00-0034829,2023,18,4.6869895460208095,0.19,0.0455,FALSE,FALSE,exante_mid,2,19.75,close,low_implied,0.1662963845563334,0.0975609756097561,0.1662963845563334,0.0975609756097561,0.16613144508395905,0.20535484308518223,0.20715140823617517,0.051654318632695796,0,0.051654318632695796,0,0.055105999983185175,0.06197067078369819,0.06348188460375707
TE,00-0035249,2023,18,4.107960339297349,0.1395,0.0375,FALSE,FALSE,exante_mid,-4,20,dog,low_implied,0.1186182981591933,0.0975609756097561,0.1186182981591933,0.0975609756097561,0.11865498457307613,0.098179059501289,0.09643623112603225,0.04409025891662514,0,0.04409025891662514,0,0.037616165390917645,0.03071556280662288,0.029970705897993874
TE,00-0035329,2023,18,4.446251043538701,0.1665,0.038,TRUE,FALSE,exante_mid,1,18.25,close,low_implied,0.14391033939052536,0.0975609756097561,0.14391033939052536,0.0975609756097561,0.14389039225934272,0.19350230121005946,0.19918052977012904,0.04457095723047169,0,0.04457095723047169,0,0.048372938443724735,0.06520375346996579,0.06604170098239648
TE,00-0035689,2023,18,4.9403937668635,0.2575,0.0785,FALSE,FALSE,exante_mid,3,26.5,fav,high_implied,0.23224795760489536,0.2,0.23224795760489536,0.2,0.22967119018708157,0.15601238747193236,0.15556478984960914,0.08079672877314287,0.0958904109589041,0.08079672877314287,0.0958904109589041,0.05712806819350226,0.026725932345991573,0.02661141005588525
TE,00-0036040,2023,18,6.34549501432383,0.375,0.14,FALSE,FALSE,exante_mid,3.5,23,fav,mid_implied,0.3516440322422232,0.3181818181818182,0.3516440322422232,0.3181818181818182,0.35186206450901875,0.3621110899179186,0.3528569916063338,0.13036542092587267,0.0958904109589041,0.13036542092587267,0.0958904109589041,0.1327846270925667,0.1168774493094907,0.1193524415307701
TE,00-0036244,2023,18,4.260494451574856,0.1935,0.0475,FALSE,FALSE,exante_mid,3,25.25,fav,mid_implied,0.16965796387945792,0.0975609756097561,0.16965796387945792,0.0975609756097561,0.1673737592677893,0.12435293748757584,0.12669242561451013,0.053506736414096596,0,0.053506736414096596,0,0.03952683834499061,0.020388649973143595,0.020559327130892754
TE,00-0036290,2023,18,5.90638914317879,0.349,0.126,FALSE,FALSE,exante_mid,-1.5,21.25,close,mid_implied,0.3248088725309428,0.3181818181818182,0.3248088725309428,0.3181818181818182,0.3232510093821092,0.2996021117923022,0.32429373183101456,0.11942430622218643,0.0958904109589041,0.11942430622218643,0.0958904109589041,0.10076291287939883,0.10113196901338238,0.0964321023721134
TE,00-0036424,2023,18,3.9705852964258592,0.186,0.045,FALSE,FALSE,exante_low,-2.5,20.75,dog,mid_implied,0.16246307917356914,0.0975609756097561,0.16246307917356914,0.0975609756097561,0.1593525768086144,0.1385162150408204,0.16920562173027573,0.05118897218490275,0,0.05118897218490275,0,0.03219787410185815,0.03460570677613899,0.031835407014433756
TE,00-0036637,2023,18,4.198648106632971,0.143,0.03,FALSE,FALSE,exante_mid,-1,17.25,close,low_implied,0.12186922167341331,0.0975609756097561,0.12186922167341331,0.0975609756097561,0.12205219172847695,0.16125953937636248,0.1664742945255766,0.036729149882064466,0,0.036729149882064466,0,0.042848847133262015,0.05454529527096515,0.05555737847610029
TE,00-0036970,2023,18,6.964831549086217,0.3985,0.168,FALSE,FALSE,exante_mid,-3.5,19.5,dog,low_implied,0.3760692121952184,0.3181818181818182,0.3760692121952184,0.3181818181818182,0.37974354131046506,0.37708003996304323,0.3617642834156569,0.15185105390658377,0.0958904109589041,0.15185105390658377,0.0958904109589041,0.19024127730880333,0.17666161022318547,0.178472250036101
TE,00-0037475,2023,18,4.0350212129289105,0.1295,0.027,FALSE,FALSE,exante_mid,1,18.25,close,low_implied,0.10937814590884759,0.0975609756097561,0.10937814590884759,0.0975609756097561,0.1096431170086878,0.14593745747744805,0.1438223898165177,0.03369403047429947,0,0.03369403047429947,0,0.03897599835822526,0.04561150086470509,0.04722699851920879
TE,00-0037744,2023,18,7.118263987711136,0.4635,0.209,TRUE,FALSE,exante_high,-3,22.25,dog,mid_implied,0.4443472456707162,0.6428571428571429,0.4443472456707162,0.6428571428571429,0.44582496818387046,0.37302216607246463,0.3694715819491686,0.18265032367946535,0.2857142857142857,0.18265032367946535,0.2857142857142857,0.1974447288476976,0.133500369935263,0.13326667030849407
TE,00-0037809,2023,18,5.676929552439649,0.2735,0.0885,FALSE,FALSE,exante_mid,-3.5,18.5,dog,low_implied,0.24819618672096333,0.2,0.24819618672096333,0.2,0.24911455774919777,0.26418332754930557,0.27074783427481497,0.08917600033707417,0.0958904109589041,0.08917600033707417,0.0958904109589041,0.09452211078076984,0.11044544486055373,0.10855135732781035
TE,00-0038041,2023,18,6.56542179205756,0.501,0.2265,TRUE,FALSE,exante_mid,13,31.25,big_fav,high_implied,0.4841299735243356,0.6428571428571429,0.4841299735243356,0.6428571428571429,0.479067910207465,0.43679111766938195,0.4192019114971389,0.19564046341765484,0.2857142857142857,0.19564046341765484,0.2857142857142857,0.13393806411895265,0.08318921343680077,0.08691784141960564
TE,00-0038046,2023,18,4.2487130335086825,0.171,0.0395,FALSE,FALSE,exante_mid,-3.5,17.25,dog,low_implied,0.1481713917039213,0.0975609756097561,0.1481713917039213,0.0975609756097561,0.14712015936762798,0.17414805304180841,0.19902703824283302,0.046006301101534294,0,0.046006301101534294,0,0.04124529727022554,0.06239485305734149,0.0598456260268201
TE,00-0038129,2023,18,5.714113984389491,0.332,0.1095,FALSE,FALSE,exante_mid,6,21.5,fav,mid_implied,0.30737925401264826,0.3181818181818182,0.30737925401264826,0.3181818181818182,0.3054262500928642,0.40485553032764177,0.42260545235386987,0.10630910599359589,0.0958904109589041,0.10630910599359589,0.0958904109589041,0.09145121706413768,0.15217372425021233,0.15111845175347083
TE,00-0038933,2023,18,5.921644981619199,0.3385,0.122,TRUE,FALSE,exante_mid,3,26.5,fav,high_implied,0.3140321545396681,0.3181818181818182,0.3140321545396681,0.3181818181818182,0.31316034374070445,0.22439533991155772,0.2096696856405831,0.11626858179608876,0.0958904109589041,0.11626858179608876,0.0958904109589041,0.10279847919476512,0.04431352061753954,0.045564095806900684
TE,00-0038996,2023,18,6.14279951066581,0.43,0.1705,FALSE,FALSE,exante_mid,1.5,22.75,close,mid_implied,0.40903660187318824,0.3181818181818182,0.40903660187318824,0.3181818181818182,0.4046306751148894,0.39305974293258256,0.4433820560958714,0.15374839566011883,0.0958904109589041,0.15374839566011883,0.0958904109589041,0.10898434908931132,0.12862847726247745,0.11994494830512975
TE,00-0039065,2023,18,7.507888884393134,0.5675,0.3005,TRUE,FALSE,exante_high,4,24,fav,mid_implied,0.5551670518883627,0.6428571428571429,0.5551670518883627,0.6428571428571429,0.5540829171387078,0.5615285313135201,0.5726226992995745,0.25014521769995507,0.2857142857142857,0.25014521769995507,0.2857142857142857,0.22608967586385373,0.2367941690782141,0.23303026562356638
TE,00-0039074,2023,18,4.070888305452275,0.134,0.0355,FALSE,FALSE,exante_mid,-2.5,20.75,dog,mid_implied,0.11352724234624695,0.0975609756097561,0.11352724234624695,0.0975609756097561,0.11369989023764238,0.09308165882754946,0.08821898091329909,0.04215571126055694,0,0.04215571126055694,0,0.03713446150775502,0.026778258482364887,0.026548318290908725
TE,00-0030061,2024,1,6.329285617676655,0.385,0.1575,FALSE,FALSE,exante_mid,-4,18.25,dog,low_implied,0.3574715140847576,0.2692307692307692,0.3574715140847576,0.2692307692307692,0.3579015379642722,0.35748986342023886,0.3600714332202447,0.1288440452098985,0.08045977011494253,0.1288440452098985,0.08045977011494253,0.11399408487904605,0.19255485249440216,0.18808152395823066
TE,00-0030506,2024,1,6.79697922724901,0.463,0.2235,FALSE,FALSE,exante_mid,2.5,25,close,mid_implied,0.4463242407904513,0.6666666666666666,0.4463242407904513,0.6666666666666666,0.4476667342649224,0.3983089007343189,0.3982128257591225,0.17990650466818975,0.2727272727272727,0.17990650466818975,0.2727272727272727,0.14586814119010816,0.10178136007712436,0.10086835445478906
TE,00-0032392,2024,1,4.56817730136394,0.1465,0.034,FALSE,FALSE,exante_mid,-7.5,17.5,big_dog,low_implied,0.11053449879479603,0.08333333333333333,0.11053449879479603,0.08333333333333333,0.10871074211169134,0.10187124032086921,0.1013854145202145,0.031169543366816575,0,0.031169543366816575,0,0.042866643935492936,0.03021495172507155,0.030713352285754534
TE,00-0033090,2024,1,5.38682078116551,0.216,0.066,FALSE,FALSE,exante_mid,-7.5,17.5,big_dog,low_implied,0.17695183856255822,0.1836734693877551,0.17695183856255822,0.1836734693877551,0.1741307473003446,0.16447487272681668,0.1640333674131914,0.05732697082457199,0.08045977011494253,0.05732697082457199,0.08045977011494253,0.06941753577074149,0.06709736872875074,0.06716937606077766
TE,00-0033246,2024,1,4.663081840588976,0.1985,0.0515,FALSE,FALSE,exante_mid,-1,19.75,close,low_implied,0.15968344420433475,0.125,0.15968344420433475,0.125,0.16054481744289953,0.1585339574623847,0.15924603785730448,0.04562336488866919,0.06436781609195398,0.04562336488866919,0.06436781609195398,0.04172173237594745,0.041978257534013165,0.0416874173797782
TE,00-0033288,2024,1,5.75714232562996,0.434,0.179,FALSE,FALSE,exante_mid,5.5,25.5,fav,mid_implied,0.4130448450242381,0.6666666666666666,0.4130448450242381,0.6666666666666666,0.4241262113356779,0.41618603214937655,0.4207874234289155,0.1454540003496153,0.08045977011494253,0.1454540003496153,0.08045977011494253,0.07136030501743708,0.0951082494228665,0.09196650417213918
TE,00-0033881,2024,1,6.981819926479072,0.4415,0.2005,FALSE,FALSE,exante_mid,-3.5,23,dog,mid_implied,0.42162856400863213,0.6666666666666666,0.42162856400863213,0.6666666666666666,0.41909601080167036,0.33167948779573936,0.33080784188230944,0.16207750582821875,0.2727272727272727,0.16207750582821875,0.2727272727272727,0.1709314920938705,0.0863635483678519,0.0863919810281984
TE,00-0033885,2024,1,6.519942834784953,0.3805,0.152,FALSE,FALSE,exante_mid,-1,21.5,close,mid_implied,0.35241953399953113,0.2692307692307692,0.35241953399953113,0.2692307692307692,0.3504235826843225,0.3184341211536366,0.31805147059827343,0.12459336523181656,0.08045977011494253,0.12459336523181656,0.08045977011494253,0.13226157116643658,0.10178202526842205,0.10163660473238285
TE,00-0034351,2024,1,5.730013949727387,0.3435,0.1205,FALSE,FALSE,exante_mid,1.5,26,close,mid_implied,0.31128316291592056,0.2692307692307692,0.31128316291592056,0.2692307692307692,0.31471407689601166,0.23782044440659267,0.23806657693972036,0.10019166748085767,0.08045977011494253,0.10019166748085767,0.08045977011494253,0.07773877759999835,0.029977017734170035,0.02991281562818532
TE,00-0034364,2024,1,4.919262445957611,0.229,0.069,FALSE,FALSE,exante_mid,-1,21.5,close,mid_implied,0.18999159878719477,0.1836734693877551,0.18999159878719477,0.1836734693877551,0.1913605678096376,0.16694286958171517,0.16752987780609996,0.05972609322647813,0.08045977011494253,0.05972609322647813,0.08045977011494253,0.047537912952055124,0.0377742861221003,0.03728113095421915
TE,00-0034383,2024,1,5.901803543835111,0.3225,0.1125,FALSE,FALSE,exante_mid,1.5,24.5,close,mid_implied,0.2882946972493064,0.1836734693877551,0.2882946972493064,0.1836734693877551,0.28832047883042156,0.24117012597034546,0.24024414449530582,0.09396772655264946,0.08045977011494253,0.09396772655264946,0.08045977011494253,0.09022442072533181,0.040859559976823966,0.04119917131271368
TE,00-0034613,2024,1,5.479357132224889,0.3125,0.1005,FALSE,FALSE,exante_mid,7.5,25,big_fav,mid_implied,0.2774505272447217,0.1836734693877551,0.2774505272447217,0.1836734693877551,0.2807783143975895,0.3239281910000468,0.32386500700043236,0.0845995774643495,0.08045977011494253,0.0845995774643495,0.08045977011494253,0.06710588677517014,0.06580691762785085,0.06632527537881651
TE,00-0034798,2024,1,4.6341477860216544,0.231,0.0655,FALSE,FALSE,exante_mid,3.5,26.5,fav,high_implied,0.19201305910111077,0.1836734693877551,0.19201305910111077,0.1836734693877551,0.19566600402519763,0.1564310456214398,0.15649244896065223,0.056926457049697364,0.08045977011494253,0.056926457049697364,0.08045977011494253,0.03836334009526221,0.015438754349131667,0.015451724046936129
TE,00-0034829,2024,1,4.9071721584033385,0.2255,0.06,FALSE,FALSE,exante_mid,7.5,25,big_fav,mid_implied,0.18646376404381995,0.1836734693877551,0.18646376404381995,0.1836734693877551,0.18765559715306027,0.2218792295207944,0.2205719650891189,0.052507414680893275,0.08045977011494253,0.052507414680893275,0.08045977011494253,0.04877250899398117,0.03472522219010412,0.0356032529794448
TE,00-0034830,2024,1,4.891010351124029,0.2155,0.053,FALSE,FALSE,exante_mid,3,22.75,fav,mid_implied,0.17645383352174257,0.1836734693877551,0.17645383352174257,0.1836734693877551,0.1770224077055776,0.18093499814766437,0.18045641301485463,0.04684355454718297,0.08045977011494253,0.04684355454718297,0.08045977011494253,0.049666351611604084,0.030599611186213158,0.031198939059449246
TE,00-0034981,2024,1,4.5422057932177236,0.204,0.047,TRUE,FALSE,exante_mid,4.5,22,fav,mid_implied,0.16507420749944665,0.16666666666666666,0.16507420749944665,0.16666666666666666,0.16714257759954818,0.19784682670224538,0.19836786427440095,0.041947318552278616,0,0.041947318552278616,0,0.03874949029924848,0.039083647868250374,0.03950669321301966
TE,00-0035644,2024,1,4.615977301505274,0.2075,0.061,FALSE,FALSE,exante_mid,5,23.5,fav,mid_implied,0.16852228577376338,0.16666666666666666,0.16852228577376338,0.16666666666666666,0.17037227538790473,0.1882890895683565,0.1881576799091837,0.05331277906052285,0.08045977011494253,0.05331277906052285,0.08045977011494253,0.03849905840019934,0.03842950214911958,0.038338479255957555
TE,00-0036040,2024,1,5.2265718919844,0.2445,0.0735,FALSE,FALSE,exante_mid,4.5,22,fav,mid_implied,0.20576094593895888,0.1836734693877551,0.20576094593895888,0.1836734693877551,0.20594897087863442,0.24453456695028902,0.24394306076186953,0.06331282358124111,0.08045977011494253,0.06331282358124111,0.08045977011494253,0.059635103624914546,0.06712980461866803,0.0676097798024624
TE,00-0036244,2024,1,4.565011960617784,0.204,0.0615,FALSE,FALSE,exante_mid,-3.5,24.5,dog,mid_implied,0.16507420749944665,0.16666666666666666,0.16507420749944665,0.16666666666666666,0.16699126614194365,0.10512674821398163,0.10518438681998944,0.053715133713467256,0.08045977011494253,0.053715133713467256,0.08045977011494253,0.036879160869395904,0.0123208645761282,0.012184958262623
TE,00-0036637,2024,1,4.565011960617784,0.2035,0.057,FALSE,FALSE,exante_mid,2.5,25,close,mid_implied,0.1645827343816004,0.16666666666666666,0.1645827343816004,0.16666666666666666,0.16646067771864068,0.13828768546154765,0.1380032277827083,0.050085878012679295,0.08045977011494253,0.050085878012679295,0.08045977011494253,0.03759678833705065,0.01711060433171147,0.01715325906807831
TE,00-0036894,2024,1,5.2228880110712845,0.261,0.0795,FALSE,FALSE,exante_mid,-3,19.75,dog,low_implied,0.22279744558163536,0.1836734693877551,0.22279744558163536,0.1836734693877551,0.22425272604234026,0.20755706717431627,0.20898419372377042,0.06807503635162555,0.08045977011494253,0.06807503635162555,0.08045977011494253,0.058296149276695,0.06258119833156615,0.06159029216045355
TE,00-0036970,2024,1,5.91416171452452,0.3465,0.1285,FALSE,FALSE,exante_mid,3,22.75,fav,mid_implied,0.3145897651659731,0.2692307692307692,0.3145897651659731,0.2692307692307692,0.316370979798819,0.32216453533643596,0.32276820104213577,0.1064021841778379,0.08045977011494253,0.1064021841778379,0.08045977011494253,0.08802006044699791,0.09170909416155225,0.09101584555861923
TE,00-0037252,2024,1,4.894038330183197,0.2075,0.0585,FALSE,FALSE,exante_mid,-5,18.5,dog,low_implied,0.16852228577376338,0.16666666666666666,0.16852228577376338,0.16666666666666666,0.16850657807539993,0.1590516363675412,0.15972728494655966,0.0512976886869072,0.08045977011494253,0.0512976886869072,0.08045977011494253,0.048574027339939624,0.052515959889339686,0.05195667321975884
TE,00-0037744,2024,1,6.112593635435838,0.3205,0.122,FALSE,FALSE,exante_mid,-7,20.25,big_dog,mid_implied,0.2861203616446799,0.1836734693877551,0.2861203616446799,0.1836734693877551,0.2839469451514564,0.22906463285273593,0.22890708517762967,0.1013570726179999,0.08045977011494253,0.1013570726179999,0.08045977011494253,0.10360319117245612,0.0726895409675984,0.07220338715633698
TE,00-0037838,2024,1,4.692357305024608,0.246,0.0765,TRUE,TRUE,exante_mid,-2.5,22.5,dog,mid_implied,0.2072993181590971,0.1836734693877551,0.2072993181590971,0.1836734693877551,0.21181712084103735,0.16154299875187533,0.16335226354463733,0.06569663678868823,0.08045977011494253,0.06569663678868823,0.08045977011494253,0.03862798788894003,0.029819796086386175,0.028889353419600566
TE,00-0038041,2024,1,5.699318248876315,0.332,0.1155,FALSE,FALSE,exante_mid,1,22.5,close,mid_implied,0.29865919550698916,0.25,0.29865919550698916,0.25,0.30144524210324103,0.2755132794313635,0.27687226518607255,0.09630347029101434,0.08045977011494253,0.09630347029101434,0.08045977011494253,0.07676232632093603,0.06699028792553476,0.06610838539099062
TE,00-0038996,2024,1,4.777694960954453,0.2575,0.081,FALSE,FALSE,exante_mid,-1.5,24.5,close,mid_implied,0.21916293640378673,0.1836734693877551,0.21916293640378673,0.1836734693877551,0.2240163327053604,0.15380498621824157,0.15510923999351045,0.06926231959408322,0.08045977011494253,0.06926231959408322,0.08045977011494253,0.04075484390824745,0.01999184370174798,0.019498556070406067
TE,00-0039065,2024,1,6.229263710982719,0.406,0.175,FALSE,FALSE,exante_mid,3.5,28,fav,high_implied,0.3811701791350703,0.2692307692307692,0.3811701791350703,0.2692307692307692,0.38441576169037556,0.2982308254322874,0.29750069713917865,0.14236364230322832,0.08045977011494253,0.14236364230322832,0.08045977011494253,0.10290741003888414,0.037670797076720136,0.03761427045472818
TE,00-0039066,2024,1,4.724589336285194,0.185,0.053,FALSE,FALSE,exante_mid,-3,19.75,dog,low_implied,0.14659925360712833,0.125,0.14659925360712833,0.125,0.14615367840271012,0.1353172039986164,0.13526428618505118,0.04684355454718297,0.08045977011494253,0.04684355454718297,0.08045977011494253,0.04350856494603895,0.03814721559177169,0.03790620324046511
TE,00-0039338,2024,1,5.55219588771236,0.265,0.081,FALSE,FALSE,exante_mid,-3,19.75,dog,low_implied,0.22696444480448771,0.1836734693877551,0.22696444480448771,0.1836734693877551,0.2259748617693853,0.21153947677588156,0.2116861399938705,0.06926231959408322,0.08045977011494253,0.06926231959408322,0.08045977011494253,0.0749877233508529,0.06402760260454181,0.06401960852140855
TE,00-0039847,2024,1,4.561537633831125,0.202,0.0505,FALSE,FALSE,exante_mid,1,20.75,close,mid_implied,0.16310999157883244,0.16666666666666666,0.16310999157883244,0.16666666666666666,0.16489401920489638,0.16757849631966598,0.16848561809520968,0.044808518401059046,0.0321839080459771,0.044808518401059046,0.0321839080459771,0.0386532790103069,0.038103039276974116,0.03790345738815724
TE,00-0030061,2024,2,6.089620822028262,0.3315,0.1145,FALSE,FALSE,exante_mid,2.5,22,close,mid_implied,0.2652146098694656,0.2,0.2652146098694656,0.2,0.26528476351390184,0.27933927322857016,0.27709117535577543,0.08760659763795695,0.07216494845360824,0.08760659763795695,0.07216494845360824,0.09583342893387214,0.08636562341421415,0.08163928771028561
TE,00-0030506,2024,2,6.20779142530046,0.449,0.184,FALSE,FALSE,exante_mid,4.5,26.5,fav,high_implied,0.38685501783264564,0.625,0.38685501783264564,0.625,0.38650103157312965,0.3337636181141554,0.33881767277366553,0.137154135114562,0.08898112197081269,0.137154135114562,0.08898112197081269,0.0991808045872855,0.0670846817921362,0.07083445845012881
TE,00-0033090,2024,2,5.644294494067938,0.305,0.1045,TRUE,TRUE,exante_mid,-3,19,dog,low_implied,0.23931626668759629,0.16216216216216217,0.23931626668759629,0.16216216216216217,0.23927046932940574,0.23975376048620295,0.24466323542239096,0.08045106706145828,0.07216494845360824,0.08045106706145828,0.07216494845360824,0.07234903554009121,0.10221357720969834,0.1137216264697412
TE,00-0033246,2024,2,4.840023193609772,0.2455,0.0805,FALSE,FALSE,exante_mid,-6.5,19.75,big_dog,low_implied,0.18350086942417834,0.16216216216216217,0.18350086942417834,0.16216216216216217,0.18334876922869867,0.14716882004035575,0.1525545237334634,0.0631664734850055,0.07216494845360824,0.0631664734850055,0.07216494845360824,0.04323990944111391,0.05167976500585624,0.06331725269248742
TE,00-0033288,2024,2,6.288581951946853,0.5305,0.235,TRUE,TRUE,exante_mid,6.5,26.25,fav,high_implied,0.47676057489723195,0.625,0.47676057489723195,0.625,0.4760860793273027,0.4894962445068236,0.5049716353990754,0.17380994722829365,0.2571428571428571,0.17380994722829365,0.2571428571428571,0.1020610656481888,0.12183068479005126,0.14209011838332244
TE,00-0033858,2024,2,4.419561425775964,0.245,0.0575,FALSE,FALSE,exante_mid,1,26,close,mid_implied,0.18304624099812455,0.16216216216216217,0.18304624099812455,0.16216216216216217,0.18273512552324994,0.10754538294156109,0.11080699818941063,0.046347712214186855,0.06666666666666667,0.046347712214186855,0.06666666666666667,0.03341558279746608,0.011645688705711426,0.011805795783551157
TE,00-0033895,2024,2,4.298055545707665,0.1705,0.047,FALSE,FALSE,exante_mid,-3.5,21.5,dog,mid_implied,0.11823219378946885,0.11764705882352941,0.11823219378946885,0.11764705882352941,0.11818927779932563,0.08556328584017446,0.08604724673315477,0.038532931423722945,0,0.038532931423722945,0,0.031270832961984386,0.020712872434490194,0.021957278030648956
TE,00-0034159,2024,2,3.957267220602339,0.145,0.036,FALSE,FALSE,exante_low,3.5,22.5,fav,mid_implied,0.09748571856316117,0.08,0.09748571856316117,0.08,0.0974460409851044,0.10551399157664228,0.10479013368221038,0.030206104199291508,0,0.030206104199291508,0,0.025291229132926696,0.021233936846685324,0.020761232759128768
TE,00-0034351,2024,2,6.186283954297902,0.395,0.158,FALSE,FALSE,exante_mid,3.5,26,fav,mid_implied,0.3296532116805915,0.22580645161290322,0.3296532116805915,0.22580645161290322,0.32952374554832653,0.26780264502353357,0.26718008487362155,0.1186105559692899,0.07216494845360824,0.1186105559692899,0.07216494845360824,0.09916643305517589,0.05548735225626131,0.055121636390422175
TE,00-0034383,2024,2,5.740287602015076,0.3185,0.114,FALSE,FALSE,exante_mid,3.5,25,fav,mid_implied,0.2524331754445839,0.16216216216216217,0.2524331754445839,0.16216216216216217,0.2523806142788604,0.2192458594940533,0.21726705021988676,0.08724926634082328,0.07216494845360824,0.08724926634082328,0.07216494845360824,0.07647561725711893,0.046503843939660776,0.04517430193608018
TE,00-0034753,2024,2,5.114911604352406,0.3275,0.106,FALSE,FALSE,exante_mid,7.5,26,big_fav,mid_implied,0.26126636281415083,0.2,0.26126636281415083,0.2,0.2608688365388107,0.29530096066873673,0.3016695175718545,0.08152570682109077,0.07216494845360824,0.08152570682109077,0.07216494845360824,0.05082951196156568,0.05147530256548178,0.055142950184186086
TE,00-0034829,2024,2,5.095442922613827,0.2005,0.049,TRUE,FALSE,exante_mid,-4.5,22,dog,mid_implied,0.14361094273082106,0.16216216216216217,0.14361094273082106,0.16216216216216217,0.1437056155604371,0.09566343990519159,0.09328302644003261,0.040030190531171066,0,0.040030190531171066,0,0.05352655382143535,0.01812476558687619,0.015125639048156019
TE,00-0035631,2024,2,4.2943089169208655,0.177,0.052,FALSE,FALSE,exante_mid,-4.5,22,dog,mid_implied,0.12364423051775694,0.11764705882352941,0.12364423051775694,0.11764705882352941,0.12357729973810669,0.0812949604234522,0.0820906837941113,0.0422679620241102,0.06666666666666667,0.0422679620241102,0.06666666666666667,0.0309282112977122,0.019479855386818908,0.021539563798338983
TE,00-0035644,2024,2,5.5876642547193,0.293,0.0965,FALSE,FALSE,exante_mid,3,22,fav,mid_implied,0.22779344146597466,0.16216216216216217,0.22779344146597466,0.16216216216216217,0.2277673554787091,0.25036457839719384,0.2504332355290208,0.07471017863175457,0.07216494845360824,0.07471017863175457,0.07216494845360824,0.07017703299606293,0.0740677817982708,0.07398983441739658
TE,00-0036290,2024,2,4.596816738393938,0.2095,0.0505,FALSE,FALSE,exante_mid,-3.5,21.5,dog,mid_implied,0.15141887615941546,0.16216216216216217,0.15141887615941546,0.16216216216216217,0.1513227096796231,0.11167484089230409,0.11366377006672801,0.0411502514934629,0,0.0411502514934629,0,0.03812363476369368,0.022589662622289983,0.022638279438245607
TE,00-0036894,2024,2,5.915350151935821,0.3465,0.1275,FALSE,FALSE,exante_mid,3,21.75,fav,mid_implied,0.28014115428639663,0.22580645161290322,0.28014115428639663,0.22580645161290322,0.2800650485237244,0.3144679729812438,0.3171082399760937,0.0968849395393463,0.07216494845360824,0.0968849395393463,0.07216494845360824,0.0848840399502518,0.10973074712990015,0.11543416005693359
TE,00-0036970,2024,2,5.9379392400176565,0.3685,0.137,FALSE,FALSE,exante_mid,-3.5,22.5,dog,mid_implied,0.30236928044128275,0.22580645161290322,0.30236928044128275,0.22580645161290322,0.30221420364721263,0.2174064289335451,0.22181960587130545,0.10365482064805215,0.07216494845360824,0.10365482064805215,0.07216494845360824,0.08560123446340308,0.060631250815732465,0.06650154315354173
TE,00-0037005,2024,2,4.526805555436514,0.1815,0.046,FALSE,FALSE,exante_mid,-3.5,19,dog,low_implied,0.12741954438444084,0.11764705882352941,0.12741954438444084,0.11764705882352941,0.12740237288984874,0.12234925852699946,0.12384656480607227,0.03778257693616095,0,0.03778257693616095,0,0.03663033592478104,0.03768279272775542,0.038920725996577345
TE,00-0037252,2024,2,4.54731293932913,0.185,0.0495,FALSE,FALSE,exante_mid,-3,18.75,dog,low_implied,0.13037184217403197,0.11764705882352941,0.13037184217403197,0.11764705882352941,0.13034878819357035,0.13136146940264373,0.1332914351690914,0.040403811895443786,0,0.040403811895443786,0,0.03692081639864107,0.044960618147800537,0.048123415232355714
TE,00-0037744,2024,2,6.143157789403705,0.364,0.148,TRUE,FALSE,exante_mid,-2.5,22.75,dog,mid_implied,0.29779078775825873,0.22580645161290322,0.29779078775825873,0.22580645161290322,0.29776466188558665,0.21617694666874918,0.2171269473191209,0.11148876664524462,0.07216494845360824,0.11148876664524462,0.07216494845360824,0.09702607075697471,0.06661649482029544,0.0712556097690356
TE,00-0037805,2024,2,4.284205666647002,0.182,0.052,FALSE,FALSE,exante_mid,4,23.75,fav,mid_implied,0.12784045056355406,0.11764705882352941,0.12784045056355406,0.11764705882352941,0.12775227318495752,0.12812946054318713,0.1279804510235078,0.0422679620241102,0.06666666666666667,0.0422679620241102,0.06666666666666667,0.030714624662308822,0.025505890086796268,0.026315698661779116
TE,00-0037809,2024,2,4.56220936605277,0.179,0.045,FALSE,FALSE,exante_mid,-4,19.75,dog,low_implied,0.1253192871510062,0.11764705882352941,0.1253192871510062,0.11764705882352941,0.12532035630310298,0.10848060551169529,0.10894774944699886,0.037031023909874713,0,0.037031023909874713,0,0.03759309546220671,0.029614872299309817,0.029428078268566058
TE,00-0037838,2024,2,6.31729875757381,0.4985,0.2295,FALSE,FALSE,exante_mid,7.5,26,big_fav,mid_implied,0.44099645486011985,0.625,0.44099645486011985,0.625,0.4404851867044131,0.48982489561773757,0.5002148612216096,0.16983128011821125,0.2571428571428571,0.16983128011821125,0.2571428571428571,0.10417446332428962,0.13797066340529943,0.15685200714830796
TE,00-0038547,2024,2,4.24904826056268,0.241,0.0635,FALSE,FALSE,exante_mid,6.5,25.5,fav,mid_implied,0.17941820135342335,0.16216216216216217,0.17941820135342335,0.16216216216216217,0.1790614987523954,0.19406716890734163,0.20020948032730004,0.05076896310286036,0.07216494845360824,0.05076896310286036,0.07216494845360824,0.0294811007159462,0.027748501339092877,0.030242582357757907
TE,00-0038933,2024,2,5.283019417652119,0.3045,0.107,FALSE,FALSE,exante_mid,-1,25,close,mid_implied,0.2388335597685802,0.16216216216216217,0.2388335597685802,0.16216216216216217,0.23862135024123768,0.14071601360964536,0.14299202107063586,0.0822418546419838,0.07216494845360824,0.0822418546419838,0.07216494845360824,0.05683974170289989,0.027503466879631917,0.03054057495361584
TE,00-0038935,2024,2,4.435982261053494,0.2,0.0525,FALSE,FALSE,exante_mid,2,23.25,close,mid_implied,0.14317974052710572,0.16216216216216217,0.14317974052710572,0.16216216216216217,0.14306841167687617,0.12364100059045816,0.12465483618098545,0.04264002768405813,0.06666666666666667,0.04264002768405813,0.06666666666666667,0.034051600325642833,0.023372532960256067,0.023750008914020397
TE,00-0039065,2024,2,6.709457754745127,0.463,0.216,FALSE,FALSE,exante_mid,6.5,27.5,fav,high_implied,0.4020119204681635,0.625,0.4020119204681635,0.625,0.4019034426128203,0.37484138915364135,0.3712423860047728,0.16009488009275674,0.2571428571428571,0.16009488009275674,0.2571428571428571,0.13380251284750955,0.08134512678979933,0.07837312905363344
TE,00-0039338,2024,2,6.043581059003652,0.3385,0.1295,TRUE,TRUE,exante_mid,-7.5,18.5,big_dog,low_implied,0.2721567899693332,0.22580645161290322,0.2721567899693332,0.22580645161290322,0.2721776974113013,0.24564845801435695,0.2500770334657826,0.09831071595727943,0.07216494845360824,0.09831071595727943,0.07216494845360824,0.09208172099719737,0.116610691856778,0.13028875820607091
TE,00-0039814,2024,2,4.3164243211586,0.1965,0.0475,FALSE,FALSE,exante_mid,-4.5,22,dog,mid_implied,0.14016897680564339,0.11764705882352941,0.14016897680564339,0.11764705882352941,0.14003419619111124,0.09316573000349757,0.09549414183124268,0.03890767078659547,0,0.03890767078659547,0,0.03163913647465933,0.017454640714421286,0.018295738303662917
TE,00-0030061,2024,3,5.9338769204455595,0.308,0.1075,FALSE,FALSE,exante_mid,-7,20.25,big_dog,mid_implied,0.23418365418276102,0.16483516483516483,0.23418365418276102,0.16483516483516483,0.24284399646595836,0.20869193284347906,0.20870137964571914,0.08469765445396145,0.08108108108108109,0.08469765445396145,0.08108108108108109,0.08986127666111415,0.07554737511569197,0.07453652845559516
TE,00-0030506,2024,3,6.1912293671536265,0.4025,0.171,FALSE,FALSE,exante_mid,4.5,25.75,fav,mid_implied,0.3292122006916311,0.25,0.3292122006916311,0.25,0.31702261998990067,0.28541839528610863,0.28544791318340645,0.13558261766948737,0.08108108108108109,0.13558261766948737,0.08108108108108109,0.11611375099192399,0.07508673154565604,0.07944918922746022
TE,00-0032392,2024,3,4.580917921049717,0.154,0.0365,FALSE,FALSE,exante_mid,-7,16.5,big_dog,low_implied,0.0992604827756298,0.0975609756097561,0.0992604827756298,0.0975609756097561,0.10676294753671241,0.1244556140793395,0.12448282916514945,0.0288948176808699,0,0.0288948176808699,0,0.03472267017509044,0.047379744493026774,0.0386163994992773
TE,00-0033090,2024,3,6.749006156613468,0.373,0.135,FALSE,FALSE,exante_mid,-7,16.5,big_dog,low_implied,0.29866683377643305,0.25,0.29866683377643305,0.25,0.325750686744438,0.37943029408498463,0.37939798299594374,0.10659154579236936,0.08108108108108109,0.10659154579236936,0.08108108108108109,0.13755120603053372,0.23469821118653567,0.21290185066872291
TE,00-0033246,2024,3,4.723476276947947,0.1975,0.062,FALSE,FALSE,exante_mid,-2.5,21.25,dog,mid_implied,0.13456215637575336,0.0975609756097561,0.13456215637575336,0.0975609756097561,0.13402040466754575,0.10906025569275023,0.10906679468721961,0.04885676236100871,0.08108108108108109,0.04885676236100871,0.08108108108108109,0.04348981022263299,0.03234252401801191,0.03927611502018816
TE,00-0033858,2024,3,5.466703894872873,0.3225,0.114,FALSE,FALSE,exante_mid,1,24.25,close,mid_implied,0.24821629787802382,0.16483516483516483,0.24821629787802382,0.16483516483516483,0.23180163086561728,0.17962674934713949,0.17945275847341233,0.08985458579555518,0.08108108108108109,0.08985458579555518,0.08108108108108109,0.07398106246109042,0.041593054032894865,0.05348313495300378
TE,00-0034159,2024,3,4.354673479636594,0.1675,0.0335,FALSE,FALSE,exante_mid,-2,18.25,close,low_implied,0.10995696043454925,0.0975609756097561,0.10995696043454925,0.0975609756097561,0.10875892405637907,0.12437108101928751,0.12424848615224898,0.026546588957894107,0,0.026546588957894107,0,0.030380142727013924,0.031659587032863895,0.024708890783382266
TE,00-0034270,2024,3,5.159721267592228,0.264,0.074,TRUE,FALSE,exante_mid,7,23.5,big_fav,mid_implied,0.19291552810025567,0.16483516483516483,0.19291552810025567,0.16483516483516483,0.18516043685915062,0.24192046821539093,0.24197285277841776,0.05827199501609083,0.08108108108108109,0.05827199501609083,0.08108108108108109,0.056302181494344204,0.05526986834539383,0.0403477984459289
TE,00-0034351,2024,3,5.941217415028172,0.3915,0.1565,TRUE,TRUE,exante_mid,3.5,25.25,fav,mid_implied,0.3177336313720641,0.25,0.3177336313720641,0.25,0.29710715937371435,0.2660672163962989,0.2658690899696435,0.12385761772143022,0.08108108108108109,0.12385761772143022,0.08108108108108109,0.10113903765411127,0.06698111492354494,0.08243748445014747
TE,00-0034364,2024,3,4.267114494192637,0.1815,0.053,FALSE,FALSE,exante_mid,6.5,23.5,fav,mid_implied,0.12129900087688274,0.0975609756097561,0.12129900087688274,0.0975609756097561,0.11385954081960323,0.14343129400123517,0.14347191919973548,0.04180714579300974,0.05263157894736842,0.04180714579300974,0.05263157894736842,0.03339045028528554,0.0337086105871915,0.035268303541915146
TE,00-0034383,2024,3,5.308900998149643,0.2695,0.087,FALSE,FALSE,exante_mid,2.5,23.75,close,mid_implied,0.19796285340867428,0.16483516483516483,0.19796285340867428,0.16483516483516483,0.1938191064657304,0.1664163606000433,0.16647877049241008,0.06849897167412611,0.08108108108108109,0.06849897167412611,0.08108108108108109,0.06335824929072383,0.038677139631023365,0.03559848647817518
TE,00-0034829,2024,3,5.779827823205325,0.379,0.1485,FALSE,FALSE,exante_mid,7,27.25,big_fav,high_implied,0.30481745143212374,0.25,0.30481745143212374,0.25,0.2811512030912893,0.27471585590479763,0.2746862786378079,0.11741683108960278,0.08108108108108109,0.11741683108960278,0.08108108108108109,0.09256578537339634,0.05595600099136916,0.05698573870599537
TE,00-0035644,2024,3,5.228871924445372,0.2605,0.0735,TRUE,FALSE,exante_mid,-1,23.25,close,mid_implied,0.18972056263678802,0.16483516483516483,0.18972056263678802,0.16483516483516483,0.185608543404428,0.13170777625093494,0.13171021791600365,0.05787925533268965,0.08108108108108109,0.05787925533268965,0.08108108108108109,0.05803031549891265,0.025459544569083958,0.020695841200005918
TE,00-0036244,2024,3,4.920803850419246,0.2665,0.084,FALSE,FALSE,exante_mid,-4.5,21.75,dog,mid_implied,0.19520573987412423,0.16483516483516483,0.19520573987412423,0.16483516483516483,0.17814020322895177,0.15116204938723893,0.1508334542080636,0.06613605927358278,0.08108108108108109,0.06613605927358278,0.08108108108108109,0.05231078263921006,0.040219035157288266,0.06498860064064574
TE,00-0036290,2024,3,5.175663054590009,0.234,0.0735,TRUE,TRUE,exante_mid,-2.5,22,dog,mid_implied,0.16596685889978274,0.16483516483516483,0.16596685889978274,0.16483516483516483,0.16832902637679126,0.126663250752514,0.12673048490024458,0.05787925533268965,0.08108108108108109,0.05787925533268965,0.08108108108108109,0.056607711708975564,0.033505922902561096,0.032023918653325135
TE,00-0036754,2024,3,3.9642828759885047,0.158,0.042,FALSE,FALSE,exante_low,4.5,28,fav,high_implied,0.10240472101018074,0.0975609756097561,0.10240472101018074,0.0975609756097561,0.09550746823702518,0.058279911631695915,0.05839534947024765,0.033198651061558275,0,0.033198651061558275,0,0.026930689030741896,0.006092942895063566,0.004098374965928523
TE,00-0036894,2024,3,5.90947646915044,0.3045,0.1085,FALSE,FALSE,exante_mid,2,20.25,close,mid_implied,0.23082791736916514,0.16483516483516483,0.23082791736916514,0.16483516483516483,0.23953837502556727,0.26864639916129385,0.2687185324277779,0.08549034158600005,0.08108108108108109,0.08549034158600005,0.08108108108108109,0.08912619777575774,0.11563141235593263,0.1163433413600526
TE,00-0036970,2024,3,5.637231140268798,0.3295,0.119,FALSE,FALSE,exante_mid,-4.5,21.25,dog,mid_implied,0.2550647994841534,0.16483516483516483,0.2550647994841534,0.16483516483516483,0.24343770550609656,0.21602431358960192,0.21568247540808044,0.0938288021814959,0.08108108108108109,0.0938288021814959,0.08108108108108109,0.08103148768244123,0.0729081268008163,0.10862970682093924
TE,00-0037005,2024,3,5.182805099400801,0.241,0.075,FALSE,FALSE,exante_mid,-5,17.5,dog,low_implied,0.17216546583647008,0.16483516483516483,0.17216546583647008,0.16483516483516483,0.17263831691490336,0.205252572950158,0.2049815092772818,0.05905759998697194,0.08108108108108109,0.05905759998697194,0.08108108108108109,0.05714155952531679,0.09756000315913584,0.1363171488738705
TE,00-0037744,2024,3,6.562100326698419,0.467,0.201,FALSE,FALSE,exante_mid,-4.5,23.5,dog,mid_implied,0.3985102722575912,0.5862068965517241,0.3985102722575912,0.5862068965517241,0.38138564447673273,0.2959539229564672,0.29554609669679355,0.16006161988045256,0.2631578947368421,0.16006161988045256,0.2631578947368421,0.14333552781193823,0.0880554171543141,0.11577142878495857
TE,00-0038041,2024,3,5.92312423201108,0.327,0.1105,TRUE,FALSE,exante_mid,1,24.25,close,mid_implied,0.252613422931856,0.16483516483516483,0.252613422931856,0.16483516483516483,0.2545633358556511,0.1833825708591113,0.18353202203998348,0.08707645932781383,0.08108108108108109,0.08707645932781383,0.08108108108108109,0.09016966301197582,0.03983079640319996,0.029661804789805745
TE,00-0038129,2024,3,4.774610422011896,0.2625,0.0775,FALSE,FALSE,exante_mid,5,24,fav,mid_implied,0.19154463493460167,0.16483516483516483,0.19154463493460167,0.16483516483516483,0.17093030550473398,0.1937678435953127,0.19351286608019277,0.061022363466008894,0.08108108108108109,0.061022363466008894,0.08108108108108109,0.047655341045860486,0.041330627667941953,0.04978957148241793
TE,00-0038589,2024,3,4.1721911088364605,0.174,0.0425,FALSE,FALSE,exante_mid,2.5,21,close,mid_implied,0.11519182506067063,0.0975609756097561,0.11519182506067063,0.0975609756097561,0.10787118534946334,0.12486924525999048,0.12474859198055013,0.0335898769120162,0,0.0335898769120162,0,0.029867113928738705,0.030208802437959738,0.03255286373459128
TE,00-0038933,2024,3,5.780579118810393,0.3495,0.127,TRUE,FALSE,exante_mid,3.5,25.5,fav,mid_implied,0.27489187228927936,0.25,0.27489187228927936,0.25,0.2624160245190624,0.21943945202378526,0.21944510856224406,0.10020135722715955,0.08108108108108109,0.10020135722715955,0.08108108108108109,0.08821219451325583,0.0468637685723421,0.044732224975357955
TE,00-0038935,2024,3,5.734842567755639,0.329,0.094,FALSE,FALSE,exante_mid,-3.5,22,dog,mid_implied,0.25457403853211946,0.16483516483516483,0.25457403853211946,0.16483516483516483,0.24742157332496376,0.20291618289581087,0.20272855216125996,0.074019660596612,0.08108108108108109,0.074019660596612,0.08108108108108109,0.07887710656460374,0.045285537403650114,0.03741599293674966
TE,00-0038996,2024,3,5.278598984000069,0.316,0.1075,FALSE,FALSE,exante_mid,-2.5,18.5,dog,low_implied,0.24190000297446454,0.16483516483516483,0.24190000297446454,0.16483516483516483,0.22009133293155075,0.2748861143780077,0.27400638074680767,0.08469765445396145,0.08108108108108109,0.08469765445396145,0.08108108108108109,0.06663401550017077,0.12990543235633006,0.2668024382002875
TE,00-0039066,2024,3,4.051577418670948,0.1725,0.0435,FALSE,FALSE,exante_mid,5,22.5,fav,mid_implied,0.11397896449192808,0.0975609756097561,0.11397896449192808,0.0975609756097561,0.10441230815625309,0.13107909880586993,0.1309934186800191,0.03437232946935165,0,0.03437232946935165,0,0.028381903152409044,0.028288372844089364,0.02972738846914772
TE,00-0039338,2024,3,6.146740039953961,0.3925,0.159,FALSE,FALSE,exante_mid,5,22.5,fav,mid_implied,0.31877283010212626,0.25,0.31877283010212626,0.25,0.30807266325466065,0.3780530429466128,0.377818816803109,0.12587441834287694,0.08108108108108109,0.12587441834287694,0.08108108108108109,0.11131300858352136,0.15368864858235998,0.1869789155047197
TE,00-0039793,2024,3,4.323536432132413,0.171,0.0405,FALSE,FALSE,exante_mid,-1,23.25,close,mid_implied,0.11276898499002909,0.0975609756097561,0.11276898499002909,0.0975609756097561,0.10984254977663044,0.07274358361932477,0.07278305341905518,0.032024961565467004,0,0.032024961565467004,0,0.031658594234187175,0.011480349329758914,0.008370952493052747
TE,00-0039814,2024,3,4.699800258281095,0.262,0.078,FALSE,FALSE,exante_mid,7,27.25,big_fav,high_implied,0.19108821085357433,0.16483516483516483,0.19108821085357433,0.16483516483516483,0.1681562644547139,0.1626927179780039,0.1626340239181042,0.061415447980932764,0.08108108108108109,0.061415447980932764,0.08108108108108109,0.04609322892933275,0.022863777185610706,0.021633328427548545
TE,00-0039847,2024,3,5.223234676057918,0.241,0.0855,FALSE,FALSE,exante_mid,-6.5,17,big_dog,low_implied,0.17216546583647008,0.16483516483516483,0.17216546583647008,0.16483516483516483,0.17401501571832967,0.21085655124364885,0.21057728414346377,0.06731729089372845,0.08108108108108109,0.06731729089372845,0.08108108108108109,0.06056940274036991,0.12383362728234334,0.20861580496083196
TE,00-0030061,2024,4,6.585624874351189,0.355,0.1395,FALSE,FALSE,exante_mid,-4.5,22.5,dog,mid_implied,0.27782298602149674,0.2619047619047619,0.27782298602149674,0.2619047619047619,0.30638877852671403,0.21937382612418752,0.24968820189080612,0.10877370050014859,0.09090909090909091,0.10877370050014859,0.09090909090909091,0.1267796047344036,0.07677280537621334,0.05620088033783422
TE,00-0030506,2024,4,6.291812018913152,0.4305,0.189,TRUE,FALSE,exante_mid,4.5,23.75,fav,mid_implied,0.3558655300654419,0.30158730158730157,0.3558655300654419,0.30158730158730157,0.3372060821994508,0.37629521824181134,0.3558335784755424,0.14896128990230584,0.2564102564102564,0.14896128990230584,0.2564102564102564,0.12755970395692112,0.14188992666148592,0.17780682550241847
TE,00-0033090,2024,4,6.047085391460678,0.251,0.0885,FALSE,FALSE,exante_mid,-9.5,15.5,big_dog,low_implied,0.1792861772835513,0.17525773195876287,0.1792861772835513,0.17525773195876287,0.21334235031758206,0.1996230032787811,0.2171764288549091,0.06833057593927482,0.07920792079207921,0.06833057593927482,0.07920792079207921,0.08615859459021784,0.14357012902569471,0.13174916907138187
TE,00-0033288,2024,4,6.36459043043596,0.4745,0.2055,TRUE,FALSE,exante_mid,9.5,25,big_fav,mid_implied,0.4035616597934042,0.5714285714285714,0.4035616597934042,0.5714285714285714,0.36978088636942835,0.48928955707554217,0.4603526824141369,0.16257422723165238,0.2564102564102564,0.16257422723165238,0.2564102564102564,0.13573637875150527,0.17624339889084178,0.20200317446906962
TE,00-0034159,2024,4,4.459531730601194,0.1755,0.04,FALSE,FALSE,exante_mid,-4.5,19.25,dog,low_implied,0.11518410076580964,0.08163265306122448,0.11518410076580964,0.08163265306122448,0.11465898726379754,0.1100658495705693,0.10541258396187785,0.03067772196867352,0,0.03067772196867352,0,0.0328295098700088,0.029675851179496837,0.026222892361288486
TE,00-0034270,2024,4,5.701791010306215,0.334,0.1145,FALSE,FALSE,exante_mid,8,22.75,big_fav,mid_implied,0.2570460327363343,0.24126984126984127,0.2570460327363343,0.24126984126984127,0.2463982128775351,0.34541415560509803,0.3387902610630053,0.08883198384069742,0.07920792079207921,0.08883198384069742,0.07920792079207921,0.08271197283915314,0.1146457744557336,0.11203355736097732
TE,00-0034351,2024,4,6.122581138022122,0.4035,0.1615,TRUE,FALSE,exante_mid,1.5,24.5,close,mid_implied,0.32737897831009416,0.2619047619047619,0.32737897831009416,0.2619047619047619,0.3104509554233331,0.2829510622222547,0.2688784085826616,0.12651668966595686,0.09090909090909091,0.12651668966595686,0.09090909090909091,0.11209574086871718,0.08041957947887197,0.09276923241831166
TE,00-0034383,2024,4,5.4285773083540905,0.317,0.113,FALSE,FALSE,exante_mid,5,25.75,fav,mid_implied,0.24054190956990265,0.17525773195876287,0.24054190956990265,0.17525773195876287,0.22362658475058178,0.22503234434361555,0.22379671312575236,0.08764273764355357,0.07920792079207921,0.08764273764355357,0.07920792079207921,0.07360899034358555,0.049978561235276754,0.05184429231912588
TE,00-0034830,2024,4,4.7946232694531155,0.1855,0.053,FALSE,FALSE,exante_mid,-4.5,19.25,dog,low_implied,0.12328067961645656,0.08163265306122448,0.12328067961645656,0.08163265306122448,0.12925892343247147,0.11817969506173324,0.12103678841083838,0.0407013668178622,0.05,0.0407013668178622,0.05,0.04215034977587432,0.04235396581332707,0.04186507486778219
TE,00-0036040,2024,4,4.924487979741453,0.2355,0.0745,FALSE,FALSE,exante_mid,-1.5,22.25,close,mid_implied,0.16558350943381653,0.17525773195876287,0.16558350943381653,0.17525773195876287,0.1592892501263801,0.13947995273614763,0.1343532489769908,0.057386759549883225,0.07920792079207921,0.057386759549883225,0.07920792079207921,0.05074802770488683,0.03874090011965577,0.04591487164627252
TE,00-0036244,2024,4,5.472311811125238,0.27,0.084,FALSE,FALSE,exante_mid,-2.5,20,dog,low_implied,0.19644594476788352,0.17525773195876287,0.19644594476788352,0.17525773195876287,0.1993647597310293,0.19338628726976526,0.18793801150878056,0.06480585180738238,0.07920792079207921,0.06480585180738238,0.07920792079207921,0.06677766640074054,0.06930851199114448,0.07144684709860791
TE,00-0036290,2024,4,5.684438798833242,0.289,0.093,FALSE,FALSE,exante_mid,2.5,22.5,close,mid_implied,0.21399468308248235,0.17525773195876287,0.21399468308248235,0.17525773195876287,0.21957664583466383,0.21897536448703397,0.23059953445129233,0.07186212908496838,0.07920792079207921,0.07186212908496838,0.07920792079207921,0.07576754845939185,0.062039281403714945,0.050818198717757446
TE,00-0036637,2024,4,4.296906647671803,0.1845,0.0475,FALSE,FALSE,exante_mid,4.5,23.75,fav,mid_implied,0.12246538103519579,0.08163265306122448,0.12246538103519579,0.08163265306122448,0.11453310512272369,0.12590653694383258,0.12721384664433905,0.036454999419592446,0,0.036454999419592446,0,0.032699342781544474,0.023491227096454334,0.020887554371865454
TE,00-0036894,2024,4,5.890674608770704,0.278,0.086,TRUE,FALSE,exante_mid,-1.5,19.75,close,low_implied,0.20378812172932295,0.17525773195876287,0.20378812172932295,0.17525773195876287,0.222613858982457,0.21108879148927778,0.22515896591764076,0.06637155867922856,0.07920792079207921,0.06637155867922856,0.07920792079207921,0.07998831950752666,0.07733790022334341,0.05976469315524633
TE,00-0036970,2024,4,5.825821032031155,0.349,0.1285,FALSE,FALSE,exante_mid,1.5,23.75,close,mid_implied,0.27184351092261694,0.2619047619047619,0.27184351092261694,0.2619047619047619,0.2614366319677131,0.2432268422864941,0.23574783144877665,0.09997095450308766,0.07920792079207921,0.09997095450308766,0.07920792079207921,0.09098771905040859,0.06852650684024394,0.07510138682141806
TE,00-0037809,2024,4,4.465500774360305,0.181,0.048,FALSE,FALSE,exante_mid,-1.5,19,close,low_implied,0.11962166944364272,0.08163265306122448,0.11962166944364272,0.08163265306122448,0.11749233775310236,0.1293555469806006,0.12086970376787487,0.03684068492846798,0,0.03684068492846798,0,0.035283245352299646,0.04319262198694249,0.05025038299575478
TE,00-0038041,2024,4,6.2312727967118935,0.429,0.174,FALSE,FALSE,exante_mid,7,25.25,big_fav,mid_implied,0.3542668488545839,0.2619047619047619,0.3542668488545839,0.2619047619047619,0.33265439375816686,0.38471799820605057,0.3736627731033253,0.13668155510531474,0.09090909090909091,0.13668155510531474,0.09090909090909091,0.1205087947787776,0.11401980431943377,0.1170926580053425
TE,00-0038129,2024,4,6.077191528633604,0.351,0.12,FALSE,FALSE,exante_mid,-1.5,23,close,mid_implied,0.27383286344124996,0.2619047619047619,0.27383286344124996,0.2619047619047619,0.27584081621838596,0.22754928736421523,0.22973600058399768,0.09319949356020236,0.07920792079207921,0.09319949356020236,0.07920792079207921,0.09797429632157682,0.06218212635323651,0.0538011634026224
TE,00-0038710,2024,4,4.694711453170392,0.2005,0.057,FALSE,FALSE,exante_mid,1.5,20.25,close,mid_implied,0.13565806150261822,0.17525773195876287,0.13565806150261822,0.17525773195876287,0.1338322785439971,0.1536484851166899,0.14924285830216347,0.043795051849703594,0.05,0.043795051849703594,0.05,0.04154357850661449,0.04868880376659989,0.053475474365869545
TE,00-0038933,2024,4,5.739660864573353,0.334,0.1285,FALSE,FALSE,exante_mid,-1.5,22.25,close,mid_implied,0.2570460327363343,0.24126984126984127,0.2570460327363343,0.24126984126984127,0.2482839230005298,0.22427103271846482,0.21058735657471228,0.09997095450308766,0.07920792079207921,0.09997095450308766,0.07920792079207921,0.08788420811443766,0.07909988482311607,0.10407248100501118
TE,00-0038935,2024,4,4.984884523315688,0.227,0.062,FALSE,FALSE,exante_mid,-5,20.75,dog,mid_implied,0.15818468655692802,0.17525773195876287,0.15818468655692802,0.17525773195876287,0.15702864088007645,0.13366119800787782,0.12974526909509315,0.0476687963594757,0.07920792079207921,0.0476687963594757,0.07920792079207921,0.048499909264810556,0.03736671302160066,0.03544377622782901
TE,00-0038996,2024,4,5.350175671905181,0.2665,0.0885,TRUE,TRUE,exante_mid,-2,18.75,close,low_implied,0.1932553751077568,0.17525773195876287,0.1932553751077568,0.17525773195876287,0.19227527095803745,0.21215871483259421,0.1953637300834114,0.06833057593927482,0.07920792079207921,0.06833057593927482,0.07920792079207921,0.0647824926099866,0.09611398922963937,0.1263419330994212
TE,00-0039041,2024,4,4.107110622329415,0.1945,0.0495,FALSE,FALSE,exante_mid,4.5,27,fav,high_implied,0.13067404847627154,0.08163265306122448,0.13067404847627154,0.08163265306122448,0.11396203606698457,0.10270142124866906,0.10203678685607184,0.037998154684523146,0,0.037998154684523146,0,0.03062755842490589,0.012474925154924486,0.011064130017377246
TE,00-0039065,2024,4,5.880927938540317,0.3635,0.1405,FALSE,FALSE,exante_mid,4,26,fav,mid_implied,0.28635215166805983,0.2619047619047619,0.28635215166805983,0.2619047619047619,0.27289962818206204,0.25201579011402653,0.2551497110697224,0.10957619682994917,0.09090909090909091,0.10957619682994917,0.09090909090909091,0.09636140771239027,0.059184564744341674,0.058586620945145364
TE,00-0039144,2024,4,4.357127059264258,0.1625,0.0435,FALSE,FALSE,exante_mid,-2,18.75,close,low_implied,0.10484893405976967,0.08163265306122448,0.10484893405976967,0.08163265306122448,0.10568749156964834,0.11336984024227394,0.10985418384196376,0.033371947256333565,0,0.033371947256333565,0,0.032442557307442325,0.03956687033516406,0.04466941625354889
TE,00-0039338,2024,4,5.829560703517511,0.321,0.1045,FALSE,FALSE,exante_mid,-1.5,18.75,close,low_implied,0.24439940546326547,0.17525773195876287,0.24439940546326547,0.17525773195876287,0.24515107055023624,0.2728583290815654,0.251751913212838,0.08091883237647406,0.07920792079207921,0.08091883237647406,0.07920792079207921,0.0840712539791375,0.11972365849710338,0.13579906371776998
TE,00-0039814,2024,4,4.583110007477324,0.2315,0.062,FALSE,FALSE,exante_mid,7,25,big_fav,mid_implied,0.16209140762907412,0.17525773195876287,0.16209140762907412,0.17525773195876287,0.1455021153001976,0.1778348005861162,0.17375114216606782,0.0476687963594757,0.07920792079207921,0.0476687963594757,0.07920792079207921,0.040926030781369395,0.030896332227785903,0.027639705558034237
TE,00-0030061,2024,5,6.39972375100479,0.4515,0.2065,FALSE,FALSE,exante_mid,3,23.75,fav,mid_implied,0.3843340700527118,0.5714285714285714,0.3843340700527118,0.5714285714285714,0.3659924391675455,0.38345047101599294,0.3671019566407884,0.15547753078066412,0.24390243902439024,0.15547753078066412,0.24390243902439024,0.12995654961075725,0.1381254535264471,0.19385905208267257
TE,00-0030506,2024,5,7.5858565815823455,0.5785,0.294,TRUE,FALSE,exante_high,6.5,26,fav,mid_implied,0.5377345968770721,0.5862068965517241,0.5377345968770721,0.5862068965517241,0.538154481328608,0.5466465687631638,0.5554072892236998,0.22611546609432007,0.24390243902439024,0.22611546609432007,0.24390243902439024,0.23388087059782328,0.17945398126069367,0.13775927655058803
TE,00-0032392,2024,5,4.399681846948865,0.16,0.04,FALSE,FALSE,exante_mid,1.5,19,close,low_implied,0.09507977453891261,0.07407407407407407,0.09507977453891261,0.07407407407407407,0.09730825958776064,0.1263875253714721,0.12758636007066873,0.029537194917320573,0,0.029537194917320573,0,0.03093504869125094,0.04060845886221425,0.03679314601464601
TE,00-0033090,2024,5,5.662969936529695,0.2785,0.09,FALSE,FALSE,exante_mid,1.5,19,close,low_implied,0.19889730299925146,0.18181818181818182,0.19889730299925146,0.18181818181818182,0.2064217460685753,0.2643443127296352,0.2635379116283579,0.06643253083786509,0.0782608695652174,0.06643253083786509,0.0782608695652174,0.07143169747178593,0.1135659777544621,0.11448181745497872
TE,00-0033217,2024,5,3.9705494819639826,0.133,0.0335,FALSE,FALSE,exante_low,-3,21.75,dog,mid_implied,0.07469774231558561,0.07407407407407407,0.07469774231558561,0.07407407407407407,0.07533677007652177,0.057176615151851254,0.05962386088121688,0.02477134591733144,0,0.02477134591733144,0,0.02394858066356458,0.013507288013644987,0.011527303259143312
TE,00-0033288,2024,5,6.023956467242444,0.4565,0.1885,TRUE,TRUE,exante_mid,7.5,28.5,big_fav,high_implied,0.3901612470151461,0.5714285714285714,0.3901612470151461,0.5714285714285714,0.349217529285928,0.34197110580327195,0.3285302460964861,0.14137511127727526,0.22762030323005933,0.14137511127727526,0.22762030323005933,0.10752038336109047,0.05796491655210969,0.06439636661369286
TE,00-0033858,2024,5,4.705762064138641,0.177,0.0465,FALSE,FALSE,exante_mid,-1.5,17.5,close,low_implied,0.10858266687445783,0.07407407407407407,0.10858266687445783,0.07407407407407407,0.1135610726455567,0.1415849769722549,0.1408381736392056,0.0343065851383058,0,0.0343065851383058,0,0.03738927649999613,0.058326765082797466,0.05800377209572535
TE,00-0033885,2024,5,5.778373773721285,0.301,0.0965,FALSE,FALSE,exante_mid,-3,20.75,dog,mid_implied,0.22096718617619301,0.18181818181818182,0.22096718617619301,0.18181818181818182,0.22629485115349643,0.20422363209933336,0.20364282317716,0.0712748106672421,0.0782608695652174,0.0712748106672421,0.0782608695652174,0.07690043078715249,0.06825853309071389,0.06212262411331015
TE,00-0034270,2024,5,5.977341139122394,0.333,0.1225,FALSE,FALSE,exante_mid,-2.5,19,dog,low_implied,0.253509651832331,0.18181818181818182,0.253509651832331,0.18181818181818182,0.2572067376653835,0.2802053785272434,0.26989105695227406,0.09077677534808659,0.0782608695652174,0.09077677534808659,0.0782608695652174,0.09079917711364552,0.1376476164772546,0.1740330502432506
TE,00-0034364,2024,5,4.495024879076577,0.1735,0.056,FALSE,FALSE,exante_mid,-3,20.75,dog,mid_implied,0.10576173516180827,0.07407407407407407,0.10576173516180827,0.07407407407407407,0.10669175429546415,0.09232678154794588,0.09333983136925295,0.041287801595257065,0.045454545454545456,0.041287801595257065,0.045454545454545456,0.03610901426590418,0.033337837215455586,0.04282692876540506
TE,00-0034383,2024,5,5.71195256420702,0.324,0.1115,FALSE,FALSE,exante_mid,1,24,close,mid_implied,0.24422443791627493,0.18181818181818182,0.24422443791627493,0.18181818181818182,0.23915896611715276,0.20629923542880413,0.20640561790270803,0.08249901016933378,0.0782608695652174,0.08249901016933378,0.0782608695652174,0.07839962454356277,0.049255231627200274,0.04683373441172823
TE,00-0034753,2024,5,5.021449880373595,0.3015,0.0975,FALSE,FALSE,exante_mid,1,24,close,mid_implied,0.2214654053772633,0.18181818181818182,0.2214654053772633,0.18181818181818182,0.19657162285333307,0.18508648847451128,0.16895676416517477,0.07202090082643807,0.0782608695652174,0.07202090082643807,0.0782608695652174,0.055192338773980686,0.04100613513600526,0.06074976028860691
TE,00-0035644,2024,5,4.804146257157865,0.269,0.084,FALSE,FALSE,exante_mid,6.5,24,fav,mid_implied,0.18978901993524505,0.18181818181818182,0.18978901993524505,0.18181818181818182,0.16929898043199687,0.21720197947056327,0.20579948819356572,0.061973632099591905,0.0782608695652174,0.061973632099591905,0.0782608695652174,0.04758930483091197,0.04796497314357581,0.06038940912730728
TE,00-0036040,2024,5,4.87092148523983,0.183,0.0415,FALSE,FALSE,exante_mid,-6.5,19.5,big_dog,low_implied,0.11346706572718598,0.07407407407407407,0.11346706572718598,0.07407407407407407,0.12109189988339512,0.09470713704090375,0.0985033522545917,0.030637423577419252,0,0.030637423577419252,0,0.03884013594141449,0.02547833512317238,0.014903818840987433
TE,00-0036244,2024,5,5.605952816711259,0.3025,0.11,TRUE,FALSE,exante_mid,-3.5,22.25,dog,mid_implied,0.22246284173007688,0.18181818181818182,0.22246284173007688,0.18181818181818182,0.22018027611688035,0.17525867126226652,0.17242606617730036,0.08137335103656597,0.0782608695652174,0.08137335103656597,0.0782608695652174,0.07450464297358701,0.057129808303317244,0.06832787078011614
TE,00-0036290,2024,5,5.744062303805945,0.316,0.104,FALSE,FALSE,exante_mid,4,23.25,fav,mid_implied,0.23605711464997312,0.18181818181818182,0.23605711464997312,0.18181818181818182,0.23508539483392937,0.2518874103677111,0.25629259131824605,0.07687800630979559,0.0782608695652174,0.07687800630979559,0.0782608695652174,0.07766923547179458,0.0641794756385044,0.05213033455562029
TE,00-0036894,2024,5,6.05418859119205,0.3275,0.1175,FALSE,FALSE,exante_mid,2.5,22.75,close,mid_implied,0.24782325692912574,0.18181818181818182,0.24782325692912574,0.18181818181818182,0.2568081812655105,0.2544999522954929,0.2651996522829313,0.08700909620489608,0.0782608695652174,0.08700909620489608,0.0782608695652174,0.09254940527107428,0.07668445497555265,0.06131048245713003
TE,00-0036970,2024,5,5.509471216574838,0.2945,0.1005,TRUE,FALSE,exante_mid,3,23.25,fav,mid_implied,0.2145207746415206,0.18181818181818182,0.2145207746415206,0.18181818181818182,0.2109888462394203,0.21535211866480883,0.21688960136126623,0.07426100962940664,0.0782608695652174,0.07426100962940664,0.0782608695652174,0.06926775467209433,0.05750844584860477,0.05652473639946187
TE,00-0037304,2024,5,4.011598700653615,0.172,0.038,FALSE,FALSE,exante_mid,2.5,22.75,close,mid_implied,0.10455920059843679,0.07407407407407407,0.10455920059843679,0.07407407407407407,0.09544816705336444,0.10227601450810568,0.09835396925873574,0.02807051638988146,0,0.02807051638988146,0,0.02543981517746241,0.017207079371571267,0.0152575140771474
TE,00-0037744,2024,5,6.6805040646116565,0.4535,0.1955,FALSE,FALSE,exante_mid,-7.5,21,big_dog,mid_implied,0.386662364146745,0.5714285714285714,0.386662364146745,0.5714285714285714,0.38322507848787446,0.3107501491710167,0.294026607398176,0.1468430651031532,0.24390243902439024,0.1468430651031532,0.24390243902439024,0.14300252006579783,0.13766054441780382,0.17486368021360774
TE,00-0037838,2024,5,5.2133292682201615,0.304,0.103,TRUE,FALSE,exante_mid,1,24,close,mid_implied,0.2239614859714943,0.18181818181818182,0.2239614859714943,0.18181818181818182,0.2054790650275064,0.18739841670869353,0.1766103127222567,0.07612990032046839,0.0782608695652174,0.07612990032046839,0.0782608695652174,0.061259651608865845,0.04419159587931965,0.05962390349483552
TE,00-0038041,2024,5,6.631758448437768,0.353,0.1245,TRUE,FALSE,exante_mid,-2.5,20.25,dog,mid_implied,0.27450095301253785,0.25,0.27450095301253785,0.25,0.303293568319486,0.274769993045044,0.2910583708867369,0.09228625074546747,0.0782608695652174,0.09228625074546747,0.0782608695652174,0.12048590537624378,0.10857128412451005,0.0707430404092149
TE,00-0038046,2024,5,3.974192549094069,0.1835,0.0445,TRUE,FALSE,exante_low,1,24,close,mid_implied,0.11387684495266877,0.07407407407407407,0.11387684495266877,0.07407407407407407,0.10036474664333243,0.08924347823330811,0.08372735272195882,0.032838566829080394,0,0.032838566829080394,0,0.026342771781864897,0.01434070669658976,0.016092649635263967
TE,00-0038129,2024,5,5.941999026294218,0.3455,0.129,FALSE,FALSE,exante_mid,-3,20.25,dog,mid_implied,0.2665723911645357,0.25,0.2665723911645357,0.25,0.2644058859527861,0.2609197357325361,0.24914255773445826,0.09568766858557505,0.07967097532314923,0.09568766858557505,0.07967097532314923,0.09100380863307016,0.1113255539322982,0.14545604311387794
TE,00-0038933,2024,5,6.003266120930539,0.3455,0.12,FALSE,FALSE,exante_mid,-1,23,close,mid_implied,0.2665723911645357,0.25,0.2665723911645357,0.25,0.2672565849082257,0.2244607135957678,0.22487886481883584,0.0888918691838278,0.0782608695652174,0.0888918691838278,0.0782608695652174,0.0911843486570917,0.0609747034244531,0.05475792722594243
TE,00-0038935,2024,5,5.043490685236212,0.2765,0.0925,TRUE,FALSE,exante_mid,3,24.75,fav,mid_implied,0.1969692341935069,0.18181818181818182,0.1969692341935069,0.18181818181818182,0.18205174352517908,0.17130746691541388,0.16677511871109038,0.06829346376559502,0.0782608695652174,0.06829346376559502,0.0782608695652174,0.054752629759007285,0.0367150321859545,0.04398159657315814
TE,00-0038996,2024,5,5.483430407889716,0.3465,0.1285,TRUE,TRUE,exante_mid,3.5,25.75,fav,mid_implied,0.26762563510715853,0.25,0.26762563510715853,0.25,0.2443653141694112,0.22602065856323678,0.21698980299661794,0.09530938203214437,0.0782608695652174,0.09530938203214437,0.0782608695652174,0.074456541007895,0.04763218537919266,0.06003754361946443
TE,00-0039338,2024,5,5.827890468933007,0.253,0.077,TRUE,TRUE,exante_mid,-3,16.75,dog,low_implied,0.17473973020905575,0.16923076923076924,0.17473973020905575,0.16923076923076924,0.1955047522894849,0.22850607587400315,0.2355195376851139,0.05678415069585764,0.0782608695652174,0.05678415069585764,0.0782608695652174,0.07296042809807084,0.12034875491691968,0.09840214921957594
TE,00-0039356,2024,5,4.0120121788354215,0.123,0.0285,FALSE,FALSE,exante_mid,-4,19.25,dog,low_implied,0.06749647156195361,0.07407407407407407,0.06749647156195361,0.07407407407407407,0.07101908935328918,0.0634739460811291,0.06632082215002409,0.02110596679951223,0,0.02110596679951223,0,0.02315362149390048,0.018628086501297946,0.014253902036856043
TE,00-0039530,2024,5,3.9773550974956886,0.1725,0.0445,FALSE,FALSE,exante_low,-2.5,20.25,dog,mid_implied,0.10495961491598152,0.07407407407407407,0.10495961491598152,0.07407407407407407,0.09499276630861442,0.09887031186798796,0.089480702401879,0.032838566829080394,0,0.032838566829080394,0,0.026381232962404005,0.028316802081560156,0.04331350795995446
TE,00-0039847,2024,5,4.6309875003769125,0.173,0.0435,FALSE,FALSE,exante_mid,-6.5,17.5,big_dog,low_implied,0.10536045993373154,0.07407407407407407,0.10536045993373154,0.07407407407407407,0.10954102815634499,0.10724477921479403,0.10564800312517973,0.0321047417437491,0,0.0321047417437491,0,0.03535251479717621,0.04267453799478335,0.04051363809277034
TE,00-0030061,2024,6,6.558924852397529,0.3805,0.1625,FALSE,FALSE,exante_mid,-7,21.25,big_dog,mid_implied,0.318791983654031,0.2692307692307692,0.318791983654031,0.2692307692307692,0.3258076060228206,0.24765139191870683,0.2522301267572739,0.12471988579143249,0.09523809523809523,0.12471988579143249,0.09523809523809523,0.12983076793864334,0.10777209181744524,0.1084010799436886
TE,00-0033090,2024,6,5.711162639841197,0.2435,0.0725,TRUE,FALSE,exante_mid,-7,16.75,big_dog,low_implied,0.1748403975737419,0.17647058823529413,0.1748403975737419,0.17647058823529413,0.1827400641576619,0.17027773919702627,0.17380445184205098,0.05478017797506972,0.07874015748031496,0.05478017797506972,0.07874015748031496,0.0646839494170291,0.09221916221202277,0.07618578240119836
TE,00-0033217,2024,6,4.090827697888023,0.1545,0.035,FALSE,FALSE,exante_mid,1.5,21.5,close,mid_implied,0.09569834703824122,0.07936507936507936,0.09569834703824122,0.07936507936507936,0.09467603109384698,0.10342022533479658,0.10370333364116133,0.026393251329081196,0,0.026393251329081196,0,0.026356025869624152,0.020691862024621883,0.017012092458634352
TE,00-0033288,2024,6,6.712416495722416,0.4915,0.224,TRUE,TRUE,exante_mid,3.5,25.5,fav,mid_implied,0.4493485033127319,0.6,0.4493485033127319,0.6,0.44299894587702626,0.43187990849495717,0.4257750479203061,0.17430649605700563,0.24444444444444444,0.17430649605700563,0.24444444444444444,0.1630493498590252,0.12227275367554502,0.13137523378929186
TE,00-0033881,2024,6,6.975559617449287,0.4185,0.1865,TRUE,TRUE,exante_mid,-1,20.75,close,mid_implied,0.36239776885740466,0.2692307692307692,0.36239776885740466,0.2692307692307692,0.3733123554100445,0.37163571142189755,0.38172271701299754,0.1438841771907066,0.1781305114638448,0.1438841771907066,0.1781305114638448,0.15735285208493613,0.17057272307432403,0.15810903030316378
TE,00-0033885,2024,6,5.349804344796082,0.219,0.066,FALSE,FALSE,exante_mid,-6.5,18.5,big_dog,low_implied,0.15176432720119482,0.17647058823529413,0.15176432720119482,0.17647058823529413,0.15712205975097315,0.1350356071914502,0.1388680971981233,0.04983373554954891,0.07874015748031496,0.04983373554954891,0.07874015748031496,0.05509642850337363,0.05936144856914797,0.0515551294295883
TE,00-0034159,2024,6,4.485443366826341,0.17,0.0475,FALSE,FALSE,exante_mid,1.5,19,close,low_implied,0.10851166821581272,0.07936507936507936,0.10851166821581272,0.07936507936507936,0.10928154300030983,0.13812131040445952,0.137987203610417,0.03581821286617979,0,0.03581821286617979,0,0.03526802287226341,0.05043216006224545,0.055733923644778284
TE,00-0034270,2024,6,5.797565786229941,0.3375,0.126,FALSE,FALSE,exante_mid,-2,20.75,close,mid_implied,0.27117308761663067,0.2692307692307692,0.27117308761663067,0.2692307692307692,0.268926996567997,0.26590428082967343,0.2554310361937206,0.09600623249076498,0.07874015748031496,0.09600623249076498,0.07874015748031496,0.0904426883445851,0.10050017184245146,0.13612111548896336
TE,00-0034365,2024,6,4.569513482798174,0.1625,0.0425,FALSE,FALSE,exante_mid,-3.5,20.5,dog,mid_implied,0.10225685069950012,0.07936507936507936,0.10225685069950012,0.07936507936507936,0.10454810522085027,0.09186845203712217,0.09596611474424122,0.03204446793008726,0,0.03204446793008726,0,0.03402992648090904,0.025331428044361486,0.01970733038092515
TE,00-0034383,2024,6,5.781166944022025,0.3725,0.141,FALSE,FALSE,exante_mid,7,23.75,big_fav,mid_implied,0.30978581995619775,0.2692307692307692,0.30978581995619775,0.2692307692307692,0.30183036445778755,0.3599767825123013,0.3500898694745223,0.10774516801963868,0.09523809523809523,0.10774516801963868,0.09523809523809523,0.09601370737381208,0.11850112526348575,0.14083752063182073
TE,00-0034753,2024,6,5.1810738998496335,0.3805,0.135,TRUE,FALSE,exante_mid,7,28.25,big_fav,high_implied,0.318791983654031,0.2692307692307692,0.318791983654031,0.2692307692307692,0.2973029016803021,0.2956699686049992,0.2757122176137559,0.1030395533339751,0.09523809523809523,0.1030395533339751,0.09523809523809523,0.07860460207805868,0.04654342114701235,0.06470050474699802
TE,00-0035644,2024,6,4.634171498664622,0.2095,0.0545,TRUE,FALSE,exante_mid,-3.5,22,dog,mid_implied,0.14306790687226703,0.17647058823529413,0.14306790687226703,0.17647058823529413,0.14075554196921028,0.11784152941037362,0.11527370749135392,0.04111109273247475,0.043478260869565216,0.04111109273247475,0.043478260869565216,0.03984832859093145,0.025482723266752206,0.024597593419729714
TE,00-0036040,2024,6,4.943286974184485,0.2775,0.083,FALSE,FALSE,exante_mid,2.5,24,close,mid_implied,0.20832818144710835,0.208955223880597,0.20832818144710835,0.208955223880597,0.2004273843880888,0.20314602167954135,0.19417372123006768,0.0627971733540856,0.07874015748031496,0.0627971733540856,0.07874015748031496,0.055409444672206876,0.040260438299933594,0.04695027430965058
TE,00-0036232,2024,6,3.9527861521690384,0.144,0.0325,FALSE,FALSE,exante_low,-2.5,17.5,dog,low_implied,0.08727235023066013,0.07142857142857142,0.08727235023066013,0.07142857142857142,0.08632586824056514,0.10087471701734438,0.0956178545466068,0.02451166652126164,0,0.02451166652126164,0,0.0242346068549584,0.034756884720733267,0.04047565064129507
TE,00-0036290,2024,6,5.794749295476604,0.319,0.1085,TRUE,TRUE,exante_mid,1,21.75,close,mid_implied,0.2513201231156155,0.208955223880597,0.2513201231156155,0.208955223880597,0.25165433494068123,0.2636256648804945,0.26231057900564386,0.08241425132655247,0.07874015748031496,0.08241425132655247,0.07874015748031496,0.0830216564606335,0.07905283956163148,0.07842342213091523
TE,00-0036894,2024,6,5.838817683965979,0.3045,0.105,FALSE,FALSE,exante_mid,2.5,20,close,low_implied,0.2360485160064709,0.208955223880597,0.2360485160064709,0.208955223880597,0.23910138738227288,0.28798400214867065,0.28859786132927967,0.07970879065318286,0.07874015748031496,0.07970879065318286,0.07874015748031496,0.08256133360410996,0.11861325541340588,0.1190377262791758
TE,00-0036970,2024,6,5.671582021432037,0.333,0.1175,FALSE,FALSE,exante_mid,3.5,24,fav,mid_implied,0.26630704022014656,0.208955223880597,0.26630704022014656,0.208955223880597,0.26235610423462613,0.2712687296616757,0.2692198970691757,0.08939078467497073,0.07874015748031496,0.08939078467497073,0.07874015748031496,0.08378204653151552,0.06845409219191628,0.07011381991959599
TE,00-0037086,2024,6,4.112821256344246,0.176,0.0425,FALSE,FALSE,exante_mid,6.5,25,fav,mid_implied,0.11358805847279917,0.07936507936507936,0.11358805847279917,0.07936507936507936,0.110136592800537,0.12222366507377988,0.12441057950958856,0.03204446793008726,0,0.03204446793008726,0,0.02955170737230937,0.019282410700545045,0.014654513993695835
TE,00-0037539,2024,6,4.014298467732781,0.155,0.0335,FALSE,FALSE,exante_mid,-1.5,17.5,close,low_implied,0.09610477752315516,0.07936507936507936,0.09610477752315516,0.07936507936507936,0.09439270252342989,0.1170226282349379,0.1092841874576101,0.025264186217771503,0,0.025264186217771503,0,0.025120432044012368,0.03737903759551298,0.04310982527304919
TE,00-0037744,2024,6,6.511603286238411,0.4235,0.177,TRUE,TRUE,exante_mid,-5.5,22,dog,mid_implied,0.36822983681073435,0.2692307692307692,0.36822983681073435,0.2692307692307692,0.36796953031595747,0.2982509725954647,0.291274349521824,0.13627048968993616,0.09523809523809523,0.13627048968993616,0.09523809523809523,0.13457195318264206,0.11008865315599285,0.12623894569039554
TE,00-0037805,2024,6,4.106753883867936,0.1455,0.0395,FALSE,FALSE,exante_mid,-2,20.75,close,mid_implied,0.08846319531406853,0.07142857142857142,0.08846319531406853,0.07142857142857142,0.08854197615978986,0.08430670300176643,0.08533306032358592,0.029782720782206215,0,0.029782720782206215,0,0.028321660731257834,0.023154392397120003,0.024589681921442168
TE,00-0037809,2024,6,4.577303069068461,0.189,0.0505,FALSE,FALSE,exante_mid,-1.5,20,close,low_implied,0.12480286182321078,0.07936507936507936,0.12480286182321078,0.07936507936507936,0.12437948866257723,0.12921580621482714,0.12704910375924114,0.03808515254182797,0,0.03808515254182797,0,0.03753372513476919,0.037419006984802,0.03960953062810439
TE,00-0037838,2024,6,5.114805173501903,0.32,0.1045,FALSE,FALSE,exante_mid,7,28.25,big_fav,high_implied,0.25238285592212767,0.208955223880597,0.25238285592212767,0.208955223880597,0.24039386966162704,0.23131500075660805,0.22806137782367567,0.07932264058921637,0.07874015748031496,0.07932264058921637,0.07874015748031496,0.06648445838371124,0.032955625388501913,0.03183988379953557
TE,00-0038041,2024,6,6.578422059619779,0.4085,0.1755,FALSE,FALSE,exante_mid,-3,24.25,dog,mid_implied,0.35079674625806906,0.2692307692307692,0.35079674625806906,0.2692307692307692,0.35427070697540924,0.27802391024789147,0.2851133993838574,0.1350716863402926,0.09523809523809523,0.1350716863402926,0.09523809523809523,0.13640587038474214,0.07683517099722059,0.07000760740269027
TE,00-0038129,2024,6,5.575477325597544,0.304,0.109,FALSE,FALSE,exante_mid,-2.5,21.5,dog,mid_implied,0.23552658621015568,0.208955223880597,0.23552658621015568,0.208955223880597,0.23405690635927787,0.21536359735950467,0.21012340599623605,0.08280109170554857,0.07874015748031496,0.08280109170554857,0.07874015748031496,0.07805146852485946,0.07099935591273332,0.0890889502469664
TE,00-0038933,2024,6,6.054974818431863,0.3595,0.136,FALSE,FALSE,exante_mid,2,22.75,close,mid_implied,0.2952902161929197,0.2692307692307692,0.2952902161929197,0.2692307692307692,0.29485789023921144,0.30472731096072286,0.303974089129452,0.10382288552804883,0.09523809523809523,0.10382288552804883,0.09523809523809523,0.10175000283051441,0.09406132775159173,0.09716876523084549
TE,00-0038996,2024,6,5.69532452189596,0.4315,0.1735,FALSE,FALSE,exante_mid,5.5,27.5,fav,high_implied,0.37760328266019494,0.5,0.37760328266019494,0.5,0.3578147289752304,0.34893610982581375,0.3283004532656389,0.133474695808034,0.09523809523809523,0.133474695808034,0.09523809523809523,0.10575416490354397,0.0678503098040997,0.0970786570591719
TE,00-0039338,2024,6,6.438599575926724,0.274,0.085,TRUE,FALSE,exante_mid,-2.5,17.5,dog,low_implied,0.20480591480686205,0.208955223880597,0.20480591480686205,0.208955223880597,0.22131699831008322,0.2354836260928327,0.25726618762996933,0.0643280850197262,0.07874015748031496,0.0643280850197262,0.07874015748031496,0.08749449730452424,0.11237843529081402,0.0589196179634505
TE,00-0039356,2024,6,4.147938726513213,0.1515,0.032,FALSE,FALSE,exante_mid,-3.5,20.5,dog,mid_implied,0.09326960238200438,0.07936507936507936,0.09326960238200438,0.07936507936507936,0.09304569396634181,0.0835587899590003,0.08353294883673497,0.02413546091462459,0,0.02413546091462459,0,0.025532157641401234,0.017735564004357638,0.013209368017070086
TE,00-0039814,2024,6,4.431902034751394,0.2095,0.05,FALSE,FALSE,exante_mid,5,25.75,fav,mid_implied,0.14306790687226703,0.17647058823529413,0.14306790687226703,0.17647058823529413,0.1384113005160429,0.13777410292576114,0.13909546079500398,0.03770718284814292,0,0.03770718284814292,0,0.03569496595408927,0.017946292484165474,0.012575516520201072
TE,00-0039847,2024,6,4.768123806489749,0.163,0.035,FALSE,FALSE,exante_mid,-5,20.75,dog,mid_implied,0.10267066629981668,0.07936507936507936,0.10267066629981668,0.07936507936507936,0.10672844976594387,0.08372923913832898,0.09055561110769635,0.026393251329081196,0,0.026393251329081196,0,0.03250761774085368,0.017852955023781453,0.008211500223533303
TE,00-0030061,2024,7,6.360898837096165,0.4485,0.198,TRUE,FALSE,exante_mid,7.5,28,big_fav,high_implied,0.4088752133667535,0.45454545454545453,0.4151637450964222,0.38095238095238093,0.39155617950307287,0.3810439873282454,0.38933382536288363,0.17177267254632658,0.2765957446808511,0.1778426724249792,0.2857142857142857,0.15297877097370705,0.09273557886807716,0.08407021405227531
TE,00-0030506,2024,7,7.701034635390363,0.584,0.2965,FALSE,FALSE,exante_high,-1.5,22.5,close,mid_implied,0.5802453312156135,0.6129032258064516,0.5802453312156135,0.6129032258064516,0.586829466117891,0.5724372654098452,0.5621937612100149,0.2742106061331826,0.2765957446808511,0.2742106061331826,0.2765957446808511,0.29093476136626895,0.30846602475604373,0.30940415540130983
TE,00-0032392,2024,7,4.227460817183179,0.1675,0.037,FALSE,FALSE,exante_mid,-5.5,18.75,dog,low_implied,0.1052695680343602,0.07042253521126761,0.08517087738823721,0.03409090909090909,0.10205825448272887,0.09969123291965955,0.0926255661640787,0.025104977165036804,0,0.023548323179310028,0,0.025553917373983184,0.025219407784539436,0.02475971351388331
TE,00-0032394,2024,7,3.968669186628423,0.124,0.029,FALSE,FALSE,exante_low,-7.5,17.75,big_dog,low_implied,0.07004765824346978,0.06666666666666667,0.07004765824346978,0.06666666666666667,0.0725335196633269,0.06369117959820729,0.0638274747021614,0.019044648033866608,0,0.019044648033866608,0,0.02000901563332106,0.01953035088762979,0.01805379721430885
TE,00-0033090,2024,7,5.7488847028899785,0.2805,0.1005,TRUE,TRUE,exante_mid,-5.5,18.75,dog,low_implied,0.21398081117317883,0.21621621621621623,0.19591503006664523,0.21621621621621623,0.22470993186772184,0.21082157855384104,0.20962298559772782,0.07855005875274411,0.08029197080291971,0.07827449529933937,0.08029197080291971,0.08127757734627461,0.10322960193735463,0.11793715447363318
TE,00-0033246,2024,7,4.4879846824891345,0.211,0.053,FALSE,FALSE,exante_mid,1.5,24.75,close,mid_implied,0.14441070177806611,0.2,0.12344179335706415,0.2,0.1346399683449956,0.12390819233205011,0.12317877440324426,0.0377797372629022,0.041666666666666664,0.03621817699113357,0.041666666666666664,0.0351141033726364,0.019246313557323955,0.015849624499663952
TE,00-0033288,2024,7,6.647138116704718,0.4905,0.2215,TRUE,FALSE,exante_mid,1.5,24,close,mid_implied,0.4614199117922722,0.6129032258064516,0.4757051650248067,0.6666666666666666,0.44400835662267735,0.45167806569268515,0.4291037216562293,0.19560495756097862,0.2765957446808511,0.20364026401904545,0.2857142857142857,0.1795987602538414,0.1795028571040557,0.22366481681924932
TE,00-0033858,2024,7,5.42445210105385,0.2885,0.091,TRUE,TRUE,exante_mid,-4,19.25,dog,low_implied,0.222483894224176,0.21621621621621623,0.20507672354207213,0.21621621621621623,0.21820103195304819,0.2254000063980447,0.20819500327727072,0.07008739239656206,0.08029197080291971,0.06942746884545596,0.08029197080291971,0.06839468913702984,0.0880479652382563,0.111214398503935
TE,00-0033881,2024,7,7.259503889861612,0.511,0.252,FALSE,FALSE,exante_high,5.5,24.25,fav,mid_implied,0.48734852660320854,0.6129032258064516,0.48734852660320854,0.6129032258064516,0.4966341484905704,0.5133488355212759,0.5271656095527731,0.22714439511767356,0.2765957446808511,0.22714439511767356,0.2765957446808511,0.2331333724028793,0.2286684685659985,0.20278814521717164
TE,00-0033885,2024,7,6.14696467752099,0.293,0.1005,TRUE,TRUE,exante_mid,-4.5,20,dog,low_implied,0.22730817074914625,0.21621621621621623,0.21029924604191466,0.21621621621621623,0.25087306511198165,0.21658153828439455,0.2336975728877857,0.07855005875274411,0.08029197080291971,0.07827449529933937,0.08029197080291971,0.09283344623611624,0.08749598805598217,0.06406652867228826
TE,00-0034159,2024,7,4.48883808203466,0.1905,0.0495,TRUE,FALSE,exante_mid,-1,21,close,mid_implied,0.12550702326955973,0.07042253521126761,0.10468771281015146,0.03409090909090909,0.12184204947519517,0.12464740832101796,0.12090325384596073,0.03495135887246563,0,0.03336792031588797,0,0.03364767778712077,0.031261910936120935,0.03204549808144129
TE,00-0034270,2024,7,5.884467307559069,0.2845,0.089,FALSE,FALSE,exante_mid,-1,17.75,close,low_implied,0.21822050055902095,0.21621621621621623,0.20047606142207822,0.21621621621621623,0.23322385756254257,0.26788744371655077,0.2681070472714848,0.06832339549949522,0.08029197080291971,0.06758972469481812,0.08029197080291971,0.0788224346943895,0.12361748620530676,0.11418282011475854
TE,00-0034364,2024,7,4.441939110921606,0.1605,0.0425,FALSE,FALSE,exante_mid,-4.5,20,dog,low_implied,0.09932401914817249,0.07042253521126761,0.07955969566401531,0.03409090909090909,0.1022829042196126,0.08982721857057446,0.09243305410673312,0.02938547183082982,0,0.027795776072427843,0,0.03007653290869682,0.025692149935926004,0.023196183391810316
TE,00-0034753,2024,7,5.460543037291265,0.357,0.1305,TRUE,TRUE,exante_mid,4.5,26,fav,mid_implied,0.29887178998083086,0.27450980392156865,0.28950744384004556,0.28,0.271703491632265,0.27687945896009575,0.26252769371942064,0.10609692305572968,0.08888888888888889,0.10736222027798817,0.09302325581395349,0.08720689265555141,0.0632443705809736,0.07762088019584878
TE,00-0035644,2024,7,4.646731317070463,0.2355,0.07,FALSE,FALSE,exante_mid,-2.5,22,dog,mid_implied,0.16800917828308026,0.2,0.1474702029067655,0.2,0.15473924861031965,0.1496804492069042,0.13652132998463212,0.05189821954665402,0.08029197080291971,0.050601028110457066,0.08029197080291971,0.04426570323366915,0.04027458323050755,0.05630982899970528
TE,00-0035689,2024,7,4.046657587302909,0.175,0.046,FALSE,FALSE,exante_mid,7.5,25.25,big_fav,mid_implied,0.1117520683962319,0.07042253521126761,0.09135447130951632,0.03409090909090909,0.1026773476494061,0.11237817841880555,0.11547759114996434,0.032152723087975586,0,0.03055969814187251,0,0.02746786108831674,0.016941323375968285,0.014607655918592564
TE,00-0036040,2024,7,5.1163466895549625,0.228,0.059,FALSE,FALSE,exante_mid,2,20,close,low_implied,0.16067271609190614,0.2,0.13993213633255486,0.2,0.16382959202153138,0.19070478637856034,0.19169546081666405,0.04269350112386838,0.041666666666666664,0.04119645509262217,0.041666666666666664,0.046824127937258084,0.05274852853199799,0.04164900614982787
TE,00-0036422,2024,7,3.97847810043356,0.1265,0.03,FALSE,FALSE,exante_low,-2,18,close,low_implied,0.07195643853174222,0.06666666666666667,0.07195643853174222,0.06666666666666667,0.07407466504820044,0.08193955781311883,0.08228957774131568,0.019790430731112398,0,0.019790430731112398,0,0.020508571891805372,0.025110692142933363,0.024218808807651857
TE,00-0036637,2024,7,4.318544444901755,0.186,0.044,FALSE,FALSE,exante_mid,-1.5,22.5,close,mid_implied,0.12146482019305312,0.07042253521126761,0.10074062750178797,0.03409090909090909,0.11508059213449183,0.10666509787524137,0.1036441820773217,0.03056747900276941,0,0.028974731988225314,0,0.02942043569931441,0.01975920452826002,0.017464854543975523
TE,00-0036894,2024,7,5.533537947897361,0.268,0.077,FALSE,FALSE,exante_mid,1,18.75,close,low_implied,0.20088787548793904,0.21621621621621623,0.18192234232533155,0.21621621621621623,0.20697228999086564,0.2489456669602461,0.24464827318221924,0.05787659618730679,0.08029197080291971,0.05675682208540277,0.08029197080291971,0.06390182293320706,0.09211550812965101,0.08481299800758661
TE,00-0036970,2024,7,5.802705604271757,0.3345,0.118,TRUE,FALSE,exante_mid,2.5,24.5,close,mid_implied,0.2731185417564944,0.24536301006889244,0.26067132839783363,0.24810810810810813,0.2692810827769969,0.2577532039686949,0.2627915591893001,0.09447634233134632,0.08029197080291971,0.09504393013546168,0.08029197080291971,0.09161188389227928,0.066723306815306,0.059174361191757646
TE,00-0037539,2024,7,4.152103082234313,0.147,0.036,FALSE,FALSE,exante_mid,-2,18,close,low_implied,0.08815121969589039,0.06666666666666667,0.06918124684767742,0.03409090909090909,0.08862608881907803,0.10113300994770855,0.09784624822969445,0.0243362028277444,0,0.022789411949574012,0,0.02445385709448,0.03243984012838253,0.035217719282184534
TE,00-0037744,2024,7,6.574346785165207,0.425,0.1935,FALSE,FALSE,exante_mid,1,22,close,mid_implied,0.3799418193293635,0.3333333333333333,0.38186828534295947,0.38095238095238093,0.3826101555011499,0.39787126881254076,0.3918606104812335,0.1672601422599231,0.2765957446808511,0.17296719048838496,0.2857142857142857,0.16097108377301084,0.19686523026930552,0.24088067542895347
TE,00-0037809,2024,7,4.839480201621426,0.2145,0.052,FALSE,FALSE,exante_mid,-7.5,17.75,big_dog,low_implied,0.14771628941543333,0.2,0.12676833647418262,0.2,0.14645676824400344,0.14026765501009125,0.12907076236969883,0.03696868179057986,0.041666666666666664,0.03539965007445608,0.041666666666666664,0.03926855162166348,0.044534614386882644,0.045033925976237316
TE,00-0037838,2024,7,4.8357049259636185,0.248,0.0665,FALSE,FALSE,exante_mid,4.5,26,fav,mid_implied,0.18044966983439803,0.2,0.16038246051320615,0.2,0.16880029706637129,0.16063376245883837,0.16372260538032576,0.04894333238295878,0.08029197080291971,0.04757168490512134,0.08029197080291971,0.04577480226534959,0.023259350362351206,0.016963329762257402
TE,00-0038129,2024,7,5.983486033725659,0.3575,0.134,TRUE,TRUE,exante_mid,-4.5,21.5,dog,mid_implied,0.2994507955739368,0.27450980392156865,0.29015930543461654,0.28,0.2960183618992617,0.26762476658917345,0.2558878322229967,0.10938471651583642,0.08888888888888889,0.1108582827957854,0.09302325581395349,0.1054466621553429,0.10303579868626127,0.1229890036574349
TE,00-0038558,2024,7,3.979575960912429,0.134,0.028,FALSE,FALSE,exante_low,1,18.75,close,low_implied,0.07777038170574152,0.06666666666666667,0.07777038170574152,0.06666666666666667,0.07827349532878522,0.0952703983096752,0.09484622060130851,0.01830247744729591,0,0.01830247744729591,0,0.019652778041469192,0.02242152068659613,0.018051700958728795
TE,00-0038589,2024,7,4.308893019268514,0.148,0.037,FALSE,FALSE,exante_mid,-7.5,17.75,big_dog,low_implied,0.0889653124474033,0.06666666666666667,0.06992980295143864,0.03409090909090909,0.09211359046903962,0.08200985487993785,0.08127019938004208,0.025104977165036804,0,0.023548323179310028,0,0.026306120218451363,0.027550282555098744,0.026964957961749688
TE,00-0038933,2024,7,6.119472915968201,0.433,0.177,FALSE,FALSE,exante_mid,7.5,25.25,big_fav,mid_implied,0.3897471594971846,0.45454545454545453,0.39314166939111805,0.38095238095238093,0.3655020950428756,0.41067398233906954,0.39614030680903445,0.15086527667442826,0.25,0.1552854145685941,0.2857142857142857,0.13181945465751746,0.12239251881171918,0.13850372617255152
TE,00-0038996,2024,7,5.802278198833665,0.3505,0.1305,TRUE,FALSE,exante_mid,1.5,24.5,close,mid_implied,0.29137066539428813,0.27450980392156865,0.281075832790844,0.28,0.28199383006390505,0.26848601500567704,0.26565561363352563,0.10609692305572968,0.08888888888888889,0.10736222027798817,0.09302325581395349,0.09768296178942996,0.07545798169787889,0.080338381107598
TE,00-0039338,2024,7,6.394409413630918,0.3405,0.1235,TRUE,TRUE,exante_mid,-3.5,20,dog,low_implied,0.27992690591388314,0.27450980392156865,0.2682630841628729,0.28,0.30132439269819145,0.27973525538272714,0.2908412814403614,0.09956550041038895,0.08029197080291971,0.10043092914308312,0.08029197080291971,0.11448880520282897,0.12195895166880462,0.10064719223632743
TE,00-0039356,2024,7,4.799516825294036,0.195,0.0595,TRUE,FALSE,exante_mid,-7.5,20.5,big_dog,mid_implied,0.12958844856817522,0.07042253521126761,0.10869642580621741,0.03409090909090909,0.1324794980810948,0.10153511956236419,0.10301314895789296,0.04310653431519594,0.07042253521126761,0.04161634098221919,0.03409090909090909,0.04213868807084163,0.03324438078145973,0.03463504351050848
TE,00-0030061,2024,8,6.519185061955902,0.381,0.1465,TRUE,FALSE,exante_mid,1.5,24.5,close,mid_implied,0.3427797971313169,0.3333333333333333,0.35238877659857715,0.34328358208955223,0.35713553296971107,0.33129472238318125,0.3533672611302163,0.1327365874468271,0.125,0.14133110528367862,0.13043478260869565,0.1472102518787848,0.09973906898165376,0.06621610733593253
TE,00-0030506,2024,8,7.644118237878318,0.589,0.33,TRUE,TRUE,exante_high,10,26.75,big_fav,high_implied,0.5997198065344976,0.5882352941176471,0.5997198065344976,0.5882352941176471,0.6016045667215317,0.6011187062258204,0.6166731526597224,0.31605721352064015,0.25,0.31605721352064015,0.25,0.31256485054244487,0.24966865324654516,0.20845460365291305
TE,00-0032392,2024,8,4.47505378585876,0.154,0.0335,FALSE,FALSE,exante_mid,-7,16.5,big_dog,low_implied,0.10229006416881897,0.07575757575757576,0.08078716658433052,0.03529411764705882,0.10740136299127351,0.10847607401010095,0.10716668253264042,0.02781351607052367,0,0.02513165757161583,0,0.03324364945062702,0.04140053636212555,0.03308016122904761
TE,00-0033090,2024,8,5.676779128199789,0.2685,0.0875,FALSE,FALSE,exante_mid,-7,16.5,big_dog,low_implied,0.21477564810947872,0.24050632911392406,0.20066169158423425,0.24050632911392406,0.2258819126436866,0.23187969956729412,0.2247771158981374,0.07675236028690487,0.09876543209876543,0.07734524970219948,0.09876543209876543,0.08426120546011709,0.14461630192634434,0.16743276517399758
TE,00-0033288,2024,8,6.885294362374414,0.608,0.3075,TRUE,TRUE,exante_mid,5.5,25.5,fav,mid_implied,0.6231725489839869,0.5882352941176471,0.684504497951647,0.7142857142857143,0.5805845748799571,0.6236805016362,0.5794445049423147,0.29305286152678406,0.25,0.33118373079442076,0.25,0.23872566189770864,0.25647060470143646,0.3725894949868346
TE,00-0033357,2024,8,4.162287039365699,0.149,0.04,FALSE,FALSE,exante_mid,-6,16.5,dog,low_implied,0.09791550360860317,0.05714285714285714,0.07656838044136609,0.03529411764705882,0.098134769428037,0.10451414893949358,0.09831751034509384,0.033534959493261476,0,0.03092262169273747,0,0.031737541865740855,0.0522786556536198,0.0743374005630046
TE,00-0033858,2024,8,6.004117871492056,0.3785,0.1485,FALSE,FALSE,exante_mid,3,26,fav,mid_implied,0.33980051936611627,0.3333333333333333,0.3487724504178098,0.34328358208955223,0.33069398561782637,0.32133421624821984,0.32532421366878805,0.13466777445085024,0.125,0.143582732165024,0.13043478260869565,0.12251616788447951,0.0832831649934173,0.07902489549012653
TE,00-0033881,2024,8,7.4752207373109085,0.509,0.247,TRUE,FALSE,exante_high,-3.5,22,dog,mid_implied,0.4999923201254375,0.5882352941176471,0.4999923201254375,0.5882352941176471,0.5209308698757317,0.5013542651299903,0.5101615151390705,0.2318192837161622,0.25,0.2318192837161622,0.25,0.25947209286003625,0.27784150772827726,0.24899989170454637
TE,00-0033885,2024,8,6.474549614057004,0.2965,0.105,TRUE,TRUE,exante_mid,-9.5,16.5,big_dog,low_implied,0.24530916448635953,0.24050632911392406,0.23589699924509583,0.24050632911392406,0.28091791463061905,0.2610476078923504,0.2770877215566525,0.09313946134996635,0.1111111111111111,0.09575923674816077,0.1111111111111111,0.12431291331187473,0.18219390906619062,0.13992147134706415
TE,00-0034159,2024,8,5.3276776530776075,0.2885,0.0935,FALSE,FALSE,exante_mid,6,22.5,fav,mid_implied,0.23648304879211396,0.24050632911392406,0.22562847004404585,0.24050632911392406,0.22889852583065917,0.24348776877681239,0.23999660282110213,0.08234729869059548,0.1111111111111111,0.08359495737472047,0.1111111111111111,0.07580321955953441,0.07083786770950835,0.0738105511404792
TE,00-0034270,2024,8,5.785603546609975,0.367,0.1315,TRUE,FALSE,exante_mid,7,23.5,big_fav,mid_implied,0.32616109186758363,0.3333333333333333,0.33224448077020796,0.34328358208955223,0.31104761018043225,0.33372183801583777,0.3237101330784695,0.11831621948528592,0.125,0.12459251897448594,0.13043478260869565,0.10645023603291508,0.09925081547828767,0.10766702525509997
TE,00-0034383,2024,8,6.044331132145307,0.436,0.1845,FALSE,FALSE,exante_mid,6.5,27.25,fav,high_implied,0.40941464394809896,0.5,0.43351868924447556,0.4166666666666667,0.3820688354503442,0.39136040774495634,0.3820742142302462,0.16973937055399657,0.21000000000000002,0.18478645800343563,0.25,0.13812612633491864,0.09735172519328267,0.11151070853332702
TE,00-0034753,2024,8,5.381047522189902,0.3375,0.123,TRUE,FALSE,exante_mid,9.5,26,big_fav,mid_implied,0.29170867331778094,0.3333333333333333,0.29077567068157634,0.34328358208955223,0.26956572632550396,0.2866748504067938,0.28157121314551864,0.11019697698073007,0.1111111111111111,0.11523360254518368,0.1111111111111111,0.0882269108138337,0.0644939197781149,0.07212258704028979
TE,00-0034829,2024,8,4.32570509474933,0.1625,0.038,TRUE,FALSE,exante_mid,2.5,26,close,mid_implied,0.1098430436704291,0.07575757575757576,0.088169997604522,0.03529411764705882,0.10997417132919719,0.09666519703348025,0.10814964125055564,0.03176813443942287,0,0.02912197590449378,0,0.033146581059678125,0.012231941426276665,0.00600281322757133
TE,00-0035644,2024,8,4.838934770843423,0.2075,0.0675,FALSE,FALSE,exante_mid,-3,22.5,dog,mid_implied,0.15210748983959838,0.18518518518518517,0.13150596905935225,0.18518518518518517,0.1528359616013757,0.14321706378237556,0.14738218320394392,0.0583002213527018,0.09259259259259259,0.05706390387315083,0.09259259259259259,0.05348550470257878,0.04490276680394248,0.04759661219474895
TE,00-0036040,2024,8,5.423603045401581,0.2015,0.0605,FALSE,FALSE,exante_mid,-6,16.5,dog,low_implied,0.14626262641335386,0.18518518518518517,0.12532889322971935,0.18518518518518517,0.16468881812451688,0.15783139360932746,0.1666341172418402,0.05192220112737804,0.08333333333333333,0.05019384393391456,0.08333333333333333,0.06425857944114624,0.09000177179462548,0.07484793449944724
TE,00-0036422,2024,8,4.134036787093689,0.1745,0.0475,TRUE,TRUE,exante_mid,4.5,23.75,fav,mid_implied,0.12074776324702823,0.07575757575757576,0.09903729013324095,0.03529411764705882,0.11369843602958933,0.11583948261858214,0.11654477903159555,0.04020654789463302,0,0.037810507392478966,0,0.034003842998825716,0.023235927304576943,0.02338630909066208
TE,00-0036637,2024,8,4.807312113661929,0.2995,0.1085,FALSE,FALSE,exante_mid,10,26.75,big_fav,high_implied,0.24863917363200025,0.24050632911392406,0.2397872487634101,0.24050632911392406,0.21835107737949372,0.2392141736249745,0.2275484232058551,0.09644095735717641,0.1111111111111111,0.09950645011745349,0.1111111111111111,0.06624689401215149,0.04855722102266836,0.07065446669594905
TE,00-0036970,2024,8,6.388003179024159,0.381,0.1505,TRUE,TRUE,exante_mid,-1.5,23.75,close,mid_implied,0.3427797971313169,0.3333333333333333,0.35238877659857715,0.34328358208955223,0.350867335540485,0.3301585994406843,0.3404841586691666,0.1366008849212107,0.125,0.14583874556328927,0.13043478260869565,0.14210798603892663,0.11441210925986309,0.09743685927383539
TE,00-0037005,2024,8,4.507117586917806,0.1665,0.043,FALSE,FALSE,exante_mid,-4.5,19.25,dog,low_implied,0.11344697442259272,0.07575757575757576,0.09173510046105599,0.03529411764705882,0.11642214332236546,0.11400504492193489,0.11496827562690336,0.036195153154648024,0,0.03365292928733245,0,0.03783245716540548,0.0388167702327418,0.035772865121878404
TE,00-0037086,2024,8,4.386349892053588,0.1955,0.0555,FALSE,FALSE,exante_mid,-2.5,23.5,dog,mid_implied,0.14047984707109898,0.18181818181818182,0.11927144473539275,0.18181818181818182,0.13300863143372776,0.12869962425197962,0.12661964570923603,0.04739521154123588,0.037037037037037035,0.04536983831648036,0.037037037037037035,0.04058125331609679,0.029682251270810665,0.03269779822811042
TE,00-0037744,2024,8,6.525786461499925,0.4045,0.1675,TRUE,TRUE,exante_mid,-3,23,dog,mid_implied,0.3710126659631385,0.3333333333333333,0.3867332690987126,0.34328358208955223,0.3781900322028646,0.36138549800184955,0.36585407397052655,0.15310715061741376,0.125,0.1651805701053073,0.13043478260869565,0.15707705836018465,0.1466908645317992,0.1398998389249598
TE,00-0037805,2024,8,4.093017772435436,0.1815,0.041,FALSE,FALSE,exante_mid,7,23.5,big_fav,mid_implied,0.12723537077336153,0.07575757575757576,0.10561234209028776,0.03529411764705882,0.11724589927068844,0.12601381362752984,0.1238989818913446,0.03442038929191779,0,0.03182889019092592,0,0.031201508508689708,0.01981094962142164,0.016049739767219857
TE,00-0037809,2024,8,4.911755868459021,0.197,0.0545,FALSE,FALSE,exante_mid,-9.5,17.75,big_dog,low_implied,0.14191965205631007,0.18181818181818182,0.12077449576446668,0.18181818181818182,0.14726378070427412,0.1441907010253669,0.14170291398816112,0.046492853783068264,0.037037037037037035,0.044413884909747584,0.037037037037037035,0.049831250116077745,0.06655294114534238,0.0678273823790894
TE,00-0037838,2024,8,5.044005968312591,0.2605,0.088,FALSE,FALSE,exante_mid,9.5,26,big_fav,mid_implied,0.2062427622746428,0.19047619047619047,0.19097176862005277,0.19047619047619047,0.19763350657484527,0.19947481507773276,0.2087554925063836,0.07721762443222194,0.10493827160493827,0.07786336583693543,0.10493827160493827,0.06582734235208654,0.04007616010892922,0.035210740071827416
TE,00-0038041,2024,8,6.197444896018599,0.328,0.1285,FALSE,FALSE,exante_mid,-5.5,20,dog,low_implied,0.2807940077342566,0.24050632911392406,0.27774894919119986,0.24050632911392406,0.29630210438008364,0.28389045244101757,0.2891997572084568,0.11544612788946734,0.125,0.12127833665672816,0.13043478260869565,0.12300395371325602,0.1512006538660892,0.15565554112766777
TE,00-0038129,2024,8,6.295138225098735,0.456,0.198,TRUE,TRUE,exante_mid,1.5,25.25,close,mid_implied,0.4340598921759981,0.5595238095238095,0.4634756594360833,0.4166666666666667,0.41214649924575447,0.4192812174394761,0.4015897685993209,0.18303033107847386,0.25,0.2005160235403228,0.25,0.1566279435379739,0.13890524453228248,0.17739428780078711
TE,00-0038720,2024,8,4.045567991408729,0.1745,0.045,FALSE,FALSE,exante_mid,3,26,fav,mid_implied,0.12074776324702823,0.07575757575757576,0.09903729013324095,0.03529411764705882,0.11184889339693167,0.10729769595192544,0.1097090909037328,0.03797496224676373,0,0.03549182214365638,0,0.03196296177213945,0.015464882735388851,0.013142839654203991
TE,00-0038933,2024,8,6.303319776493799,0.4125,0.1745,TRUE,FALSE,exante_mid,3,25.5,fav,mid_implied,0.3807102390693756,0.3333333333333333,0.3985487287095157,0.34328358208955223,0.3743136659064422,0.36642202600832807,0.37011584654544133,0.15994106214696832,0.125,0.17322409916197837,0.13043478260869565,0.14778830377083707,0.11243744427566149,0.11150075251453571
TE,00-0038935,2024,8,4.748269983416593,0.2375,0.069,FALSE,FALSE,exante_mid,-3.5,22,dog,mid_implied,0.1822199308530825,0.18518518518518517,0.16412176027049247,0.18518518518518517,0.17160035191782652,0.17471994772179406,0.16444388263649168,0.059672717767498364,0.09259259259259259,0.05855267418515319,0.09259259259259259,0.05210029654796605,0.049732319371235297,0.061882073532296876
TE,00-0038996,2024,8,5.5811305066009025,0.3675,0.147,TRUE,FALSE,exante_mid,3.5,25.5,fav,mid_implied,0.3267518169948905,0.3333333333333333,0.33295925080195665,0.34328358208955223,0.3023772182772312,0.31266163524646,0.2984377854464931,0.13321920271836538,0.125,0.1418935961671803,0.13043478260869565,0.10389878532170306,0.0879623960059103,0.1240411769189161
TE,00-0039065,2024,8,5.455727778945941,0.3395,0.127,TRUE,FALSE,exante_mid,9.5,27.25,big_fav,high_implied,0.2940182249424887,0.3333333333333333,0.29353990329733415,0.34328358208955223,0.27425536428289643,0.2810470999035307,0.2836090225204453,0.11401289832960651,0.1111111111111111,0.11962570228086082,0.1111111111111111,0.09223206381328065,0.05669376058596033,0.05642483723535472
TE,00-0039338,2024,8,6.548466735254528,0.3455,0.1345,FALSE,FALSE,exante_mid,-10,16.75,big_dog,low_implied,0.30097063566938537,0.3333333333333333,0.3018761536513489,0.34328358208955223,0.32723965452546366,0.3184175191556266,0.3195756000900713,0.12119108159829722,0.125,0.12791830622355757,0.13043478260869565,0.143036986322129,0.23853963454590416,0.2448064321616442
TE,00-0039359,2024,8,3.974228363555944,0.18,0.044,FALSE,FALSE,exante_low,6.5,27.25,fav,high_implied,0.1258374789831061,0.07575757575757576,0.1258374789831061,0.07575757575757576,0.11377354818139333,0.11177337277265557,0.11467509644756772,0.03708443855993201,0,0.03708443855993201,0,0.030708947388757377,0.012584364411308483,0.0094067049426972
TE,00-0039847,2024,8,4.679439767804281,0.157,0.04,FALSE,FALSE,exante_mid,-4,17,dog,low_implied,0.10493927115340058,0.07575757575757576,0.08336270714976451,0.03529411764705882,0.11363062444364319,0.11242275563847705,0.11610390597931307,0.033534959493261476,0,0.03092262169273747,0,0.03925722545571852,0.04850731817558076,0.04077308416629891
TE,00-0030506,2024,9,8.410286264572871,0.662,0.389,TRUE,TRUE,exante_high,9,26.75,big_fav,high_implied,0.7377281581872428,0.6222222222222222,0.7377281581872428,0.6222222222222222,0.7457993036738888,0.7384930955445752,0.7711002154179889,0.4322992168578255,0.2857142857142857,0.4322992168578255,0.2857142857142857,0.4699344853054203,0.3771328495552819,0.26360405970050854
TE,00-0033090,2024,9,6.109384556819778,0.3485,0.124,TRUE,FALSE,exante_mid,-3,17.75,dog,low_implied,0.3259555467466556,0.39285714285714285,0.32933577763785676,0.4,0.3299080217223132,0.3270287431388124,0.3007868184761191,0.12069595823147151,0.11627906976744186,0.12731945938862746,0.11627906976744186,0.12687383842934905,0.19021418735320642,0.22825665885973354
TE,00-0033357,2024,9,4.253438551960805,0.169,0.049,TRUE,FALSE,exante_mid,3.5,24.75,fav,mid_implied,0.11521630653860204,0.0945945945945946,0.09512424557503282,0.06349206349206349,0.11329030551384149,0.1169716059791963,0.12827519471982954,0.04158708390871701,0.04081632653061224,0.03920381365834889,0.04081632653061224,0.03695624028297154,0.02332750358573608,0.02082236760093933
TE,00-0033858,2024,9,5.94206868099681,0.343,0.12,FALSE,FALSE,exante_mid,-5.5,21.25,dog,mid_implied,0.31875027622322516,0.39285714285714285,0.32083331277656146,0.4,0.31893632495224167,0.3087615436388796,0.29524382887679823,0.11625186041233673,0.11627906976744186,0.12217922323966118,0.11627906976744186,0.11762867216698746,0.133314889665284,0.14002500912348773
TE,00-0033881,2024,9,7.223671529299309,0.412,0.1795,FALSE,FALSE,exante_high,-6,20.75,dog,mid_implied,0.4108798534692508,0.39285714285714285,0.4108798534692508,0.39285714285714285,0.4372631681862377,0.3984209200651563,0.4458761208708607,0.18395765065303896,0.16666666666666666,0.18395765065303896,0.16666666666666666,0.2248921898091582,0.24105041737923996,0.17769949994675308
TE,00-0033885,2024,9,6.549894207593969,0.302,0.1005,FALSE,FALSE,exante_mid,-3.5,17.5,dog,low_implied,0.2661293204472076,0.23809523809523808,0.25935265381596256,0.23809523809523808,0.290887201069572,0.26620257564963673,0.30356357824581565,0.09487881562702437,0.11627906976744186,0.09769009589677063,0.11627906976744186,0.12866929095145924,0.14843532978753152,0.09762164301946098
TE,00-0034159,2024,9,5.999651648859733,0.341,0.125,FALSE,FALSE,exante_mid,3.5,21,fav,mid_implied,0.3161378286856921,0.39285714285714285,0.31775451790665193,0.4,0.3184136201745129,0.32320913357145276,0.32099758155044184,0.12180989568761791,0.11627906976744186,0.12861015638614173,0.11627906976744186,0.123010649224599,0.1325560456042905,0.13785014344147392
TE,00-0034364,2024,9,4.589021794744962,0.159,0.0325,FALSE,FALSE,exante_mid,-3.5,17.5,dog,low_implied,0.10550437879046175,0.0945945945945946,0.08557540751680934,0.06349206349206349,0.10951774729326909,0.10586521568710763,0.10843423093675017,0.025958250063483117,0,0.023241256187325622,0,0.03217355322903979,0.03128652360671452,0.020858387783120522
TE,00-0034383,2024,9,6.248475004320874,0.372,0.1405,FALSE,FALSE,exante_mid,-1,21,close,mid_implied,0.3570554644932425,0.39285714285714285,0.366183020403283,0.4,0.3603337583088532,0.36037517402377583,0.3522726345941035,0.1392145671235405,0.14035087719298245,0.14888191336431247,0.14545454545454545,0.1435428492411623,0.16296763409878548,0.17169147488903377
TE,00-0034613,2024,9,4.57630623777306,0.28,0.0885,FALSE,FALSE,exante_mid,8.5,26.75,big_fav,high_implied,0.2388376293715119,0.23809523809523808,0.2280502109101839,0.23809523809523808,0.2181279801065086,0.24067560230601778,0.21693831993896248,0.08200068386949207,0.11627906976744186,0.08315928904239674,0.11627906976744186,0.0606213572878041,0.04173986120053511,0.05349682562934824
TE,00-0034829,2024,9,4.813306615978363,0.2915,0.093,TRUE,TRUE,exante_mid,8.5,26.75,big_fav,high_implied,0.2530116782830557,0.23809523809523808,0.2442466702912496,0.23809523809523808,0.23491545908636752,0.254877690947929,0.23906936465229237,0.08680292175687955,0.11627906976744186,0.0885550127655445,0.11627906976744186,0.06802419172328374,0.044909942684304635,0.050616476012953854
TE,00-0035229,2024,9,6.728627860852058,0.4675,0.206,FALSE,FALSE,exante_mid,6.5,26.25,fav,high_implied,0.48640847874828613,0.6222222222222222,0.5196157353372471,0.471861471861472,0.48453356583615337,0.4881285284340712,0.507033673624904,0.2149346799701305,0.2857142857142857,0.23848290508945658,0.27586206896551724,0.21156649592444496,0.1579252293732998,0.1317716264846506
TE,00-0035249,2024,9,4.227230381024519,0.218,0.0565,TRUE,FALSE,exante_mid,6.5,26.25,fav,high_implied,0.16649338861018947,0.17543859649122806,0.1480533314548566,0.17543859649122806,0.15418170204029238,0.16811709441921532,0.15983151221817837,0.0489777024665684,0.04081632653061224,0.047000743147475973,0.04081632653061224,0.04009619937492235,0.02342073484652085,0.022525622196431505
TE,00-0035631,2024,9,3.944969395298755,0.1925,0.051,FALSE,FALSE,exante_low,8.5,26.75,big_fav,high_implied,0.1390763131731827,0.15384615384615385,0.1390763131731827,0.15384615384615385,0.12808083489348882,0.14053369094274837,0.13708742462160134,0.04354236108908889,0.04081632653061224,0.04354236108908889,0.04081632653061224,0.03391393842247436,0.018644196108407687,0.01850724782808602
TE,00-0036040,2024,9,5.226715881030909,0.262,0.0825,FALSE,FALSE,exante_mid,3.5,24.75,fav,mid_implied,0.2170903045431409,0.18181818181818182,0.20349114743175217,0.18181818181818182,0.21529864442623184,0.2196143904583534,0.2337041925170902,0.07565188594132578,0.08620689655172414,0.0760717778406381,0.08620689655172414,0.07274874136551593,0.04957635849476086,0.04087305469620325
TE,00-0037086,2024,9,5.242093268772825,0.303,0.098,FALSE,FALSE,exante_mid,6,26.75,fav,high_implied,0.2673869712451713,0.23809523809523808,0.2608063548589232,0.23809523809523808,0.25717248127752357,0.2686894469610127,0.2730463657857529,0.0921771885078326,0.11627906976744186,0.09462603568748822,0.11627906976744186,0.08163376454894138,0.049954162618665636,0.0437446161983284
TE,00-0037744,2024,9,6.531985719394803,0.4405,0.2005,TRUE,FALSE,exante_mid,-1,22.5,close,mid_implied,0.4496252573863619,0.39285714285714285,0.47623077123499047,0.4,0.44715062257955634,0.45099430694365006,0.4309177803886236,0.20847582471235412,0.2857142857142857,0.23079349831526316,0.27586206896551724,0.1961455468866153,0.23038539704880345,0.2871002664358667
TE,00-0037809,2024,9,5.051301506932024,0.256,0.0835,FALSE,FALSE,exante_mid,3,20.75,fav,mid_implied,0.2099679952957712,0.18181818181818182,0.1955335858985624,0.18181818181818182,0.20548916840596634,0.21581619080785605,0.20073512695465429,0.07670555311825698,0.08620689655172414,0.07724423257628962,0.08620689655172414,0.06896726812034726,0.07762542777036112,0.10073168045967595
TE,00-0038041,2024,9,6.483278037111277,0.3555,0.143,TRUE,FALSE,exante_mid,-2.5,23,dog,mid_implied,0.3351684898768769,0.39285714285714285,0.3402286573000037,0.4,0.34895514686033136,0.33170496246788234,0.3685428381266646,0.14204457779118004,0.14035087719298245,0.1521948665279813,0.14545454545454545,0.15639953068784673,0.1395885162025011,0.10993149121387043
TE,00-0038129,2024,9,6.074404992486666,0.3235,0.1115,TRUE,TRUE,exante_mid,-9,17.75,big_dog,low_implied,0.2934666023391384,0.23809523809523808,0.29113979564894393,0.23809523809523808,0.3013562140277272,0.2782123309861708,0.26442714506936804,0.10687313141621144,0.11627906976744186,0.11138258601361233,0.11627906976744186,0.11734716224277003,0.17438553020826522,0.1870059863634751
TE,00-0038933,2024,9,6.612666673050211,0.482,0.2165,FALSE,FALSE,exante_mid,5.5,26.75,fav,high_implied,0.5061278171197594,0.6222222222222222,0.5426935062204059,0.7142857142857143,0.49719335110552476,0.506847142557583,0.5070062183113235,0.22730160344948627,0.2857142857142857,0.2532119643611996,0.27586206896551724,0.21093789502445182,0.16385108235594276,0.15803465612691298
TE,00-0038996,2024,9,5.850292384594527,0.385,0.1485,FALSE,FALSE,exante_mid,1,25.75,close,mid_implied,0.37444617284546605,0.39285714285714285,0.3868582705100331,0.4,0.3625503751969375,0.37545483128490936,0.3598285414854178,0.14829109441383906,0.14035087719298245,0.15952171334120976,0.14545454545454545,0.1307200158909802,0.10841265167471216,0.12191921302676567
TE,00-0039065,2024,9,5.618736294434711,0.3185,0.113,FALSE,FALSE,exante_mid,-1,24.75,close,mid_implied,0.2870553806429813,0.23809523809523808,0.2836517927558479,0.23809523809523808,0.2833428766698011,0.28626274300464155,0.2885281889001385,0.10852152283617973,0.11627906976744186,0.11327484342397062,0.11627906976744186,0.10164869672088686,0.08230126449938853,0.08137817703673972
TE,00-0039074,2024,9,4.004427405783748,0.188,0.0465,FALSE,FALSE,exante_mid,-3,22.25,dog,mid_implied,0.13439882676432674,0.0945945945945946,0.1144640995050508,0.06349206349206349,0.12528349416811146,0.13268763371108822,0.11272711280305464,0.03915983879459244,0,0.03667410939989657,0,0.032663957837491354,0.03065116886226159,0.03967997489791289
TE,00-0039338,2024,9,7.102403510969661,0.4515,0.1815,TRUE,FALSE,exante_high,-8.5,18.25,big_dog,low_implied,0.46461284920749557,0.5,0.46461284920749557,0.5,0.4787175147299563,0.44653456773930184,0.43486072219173494,0.1862818866180688,0.16666666666666666,0.1862818866180688,0.16666666666666666,0.2185214139710365,0.30614258041364195,0.2915433153308128
TE,00-0039356,2024,9,5.081607056025364,0.2445,0.0695,TRUE,FALSE,exante_mid,-3.5,21.25,dog,mid_implied,0.19650522643011867,0.18181818181818182,0.18061994336482187,0.18181818181818182,0.19496920293098097,0.1937239141136434,0.1863516107436869,0.062130230825985976,0.08620689655172414,0.06117580154959953,0.08620689655172414,0.06201431713730941,0.06080879321224462,0.05973566927910407
TE,00-0039793,2024,9,4.106622552949948,0.1875,0.049,FALSE,FALSE,exante_mid,3,25.25,fav,mid_implied,0.13388220521387054,0.0945945945945946,0.11393546561444638,0.06349206349206349,0.12637754471787985,0.135445016779094,0.13240476173650623,0.04158708390871701,0.04081632653061224,0.03920381365834889,0.04081632653061224,0.03504766715631238,0.02220162263120571,0.02185715047930357
TE,00-0039847,2024,9,4.802675675137018,0.219,0.061,TRUE,FALSE,exante_mid,-3,20.5,dog,mid_implied,0.16759884403665698,0.17543859649122806,0.14923455134259916,0.17543859649122806,0.16541285512358128,0.16668259962627022,0.15658340792887918,0.05348439840021789,0.07692307692307693,0.05181802024476635,0.07692307692307693,0.05172461179490164,0.05451746814962577,0.059446332673698914
TE,00-0030061,2024,10,6.461687289772223,0.382,0.1485,FALSE,FALSE,exante_mid,1.5,23,close,mid_implied,0.3749186125563513,0.3855421686746988,0.38056350616565027,0.39759036144578314,0.3809297535697229,0.3705880408978274,0.38323757739370307,0.1475963892489234,0.1323529411764706,0.15525793000066215,0.13793103448275862,0.15664956420339998,0.1291989348435157,0.10888822710573431
TE,00-0030506,2024,10,7.508360883772315,0.544,0.2865,TRUE,TRUE,exante_high,9.5,26,big_fav,mid_implied,0.585778301612371,0.6052631578947368,0.585778301612371,0.6052631578947368,0.5909924868995025,0.5917196921316833,0.6152062564295917,0.3125099075244532,0.2692307692307692,0.3125099075244532,0.2692307692307692,0.3205591039161802,0.3025272952106323,0.24956850098486552
TE,00-0032392,2024,10,4.235579952179097,0.1575,0.0385,FALSE,FALSE,exante_mid,-7,16.75,big_dog,low_implied,0.11193278899209849,0.10256410256410256,0.09636281909769812,0.07462686567164178,0.11189735624744944,0.11465008847600905,0.10715024535070578,0.030576244689880808,0,0.029968615669706013,0,0.030760762177996167,0.04694311245560757,0.055808197780017346
TE,00-0033090,2024,10,6.330023076556943,0.3505,0.1405,FALSE,FALSE,exante_mid,-7,16.75,big_dog,low_implied,0.3344147439810389,0.3855421686746988,0.3349292782287138,0.39759036144578314,0.34227645814985047,0.340569908682683,0.3290303031089669,0.1384182140482963,0.1323529411764706,0.14524546469864266,0.13793103448275862,0.1452979432246343,0.25426303654554805,0.31293410792422993
TE,00-0033288,2024,10,6.95665350573821,0.612,0.324,TRUE,FALSE,exante_mid,6,27,fav,high_implied,0.6705860272722439,0.6052631578947368,0.7077764773995523,1,0.652002416315453,0.6707997827658523,0.6386993256375896,0.35811088674267844,0.2857142857142857,0.3849138927301418,1,0.30945650362492344,0.30400459134582686,0.3908003032934615
TE,00-0033858,2024,10,6.134360638533743,0.3835,0.1615,FALSE,FALSE,exante_mid,-3,23.25,dog,mid_implied,0.3768615856158436,0.3855421686746988,0.3827575960287703,0.39759036144578314,0.3746830292298933,0.374434474895858,0.36771158078593547,0.16264866159880872,0.1323529411764706,0.17170457648743975,0.13793103448275862,0.15213263910068045,0.14846043810297072,0.17652016083811237
TE,00-0033881,2024,10,7.350520888756501,0.445,0.2075,FALSE,FALSE,exante_high,-4,21.75,dog,mid_implied,0.4571586148022763,0.5486111111111112,0.4571586148022763,0.5486111111111112,0.4753108814716045,0.4569059656599312,0.48447139767204445,0.21698910171065897,0.2692307692307692,0.21698910171065897,0.2692307692307692,0.24840663040653294,0.24696340225954025,0.19769873683918435
TE,00-0034159,2024,10,5.32873477155088,0.292,0.0965,FALSE,FALSE,exante_mid,7,22.5,big_fav,mid_implied,0.26134570143755315,0.24444444444444444,0.2535716003666378,0.24444444444444444,0.2570470892907674,0.2644895289095816,0.2605284904771619,0.08939600396641924,0.12631578947368421,0.09210774748710805,0.12631578947368421,0.08331307708419773,0.08822670628149369,0.09423653765120402
TE,00-0034351,2024,10,5.826919840569269,0.36,0.1265,FALSE,FALSE,exante_mid,3,25.5,fav,mid_implied,0.34656368729214854,0.3855421686746988,0.34859132089817413,0.39759036144578314,0.3411801649044634,0.3432365958623564,0.34372186383360737,0.1225321019308477,0.12631578947368421,0.12795314684477904,0.12631578947368421,0.11707211258436688,0.08295041579233277,0.07535828896325125
TE,00-0034383,2024,10,6.341349735012956,0.352,0.1235,FALSE,FALSE,exante_mid,-2.5,23,dog,mid_implied,0.3363287028199423,0.3855421686746988,0.3370797953459904,0.39759036144578314,0.3442227701750866,0.33346410120227765,0.34980240463066453,0.11915965290047362,0.12631578947368421,0.1242895668610064,0.12631578947368421,0.13304496859765616,0.10292575391504705,0.07473050078863973
TE,00-0034613,2024,10,4.576410227230652,0.241,0.073,TRUE,FALSE,exante_mid,-6,21.75,dog,mid_implied,0.20098960556343753,0.208955223880597,0.1880708686491719,0.208955223880597,0.1922315203335859,0.20268511298067154,0.18259704795777185,0.06454098469791174,0.08196721311475409,0.06552762307214653,0.08196721311475409,0.054271939960615856,0.06314546037537098,0.09407767170317488
TE,00-0034753,2024,10,5.496951662936535,0.402,0.1535,TRUE,TRUE,exante_mid,6,27.75,fav,high_implied,0.40090617976004017,0.3855421686746988,0.40992921236215557,0.39759036144578314,0.3799011163762117,0.400657647179784,0.3778745351035429,0.15336646437554427,0.1323529411764706,0.16155910867614137,0.13793103448275862,0.12278340845746286,0.09514840469552036,0.12093723641637989
TE,00-0034829,2024,10,5.143228582290458,0.2335,0.072,FALSE,FALSE,exante_mid,-6,21.75,dog,mid_implied,0.19244703750832023,0.208955223880597,0.17897800525500993,0.208955223880597,0.19402075182947096,0.1940850599080334,0.196946079415064,0.0635096175083266,0.08196721311475409,0.06443261479544858,0.08196721311475409,0.0638070521543625,0.061946202860304514,0.05905572880654379
TE,00-0035229,2024,10,5.934920516183098,0.3835,0.139,TRUE,FALSE,exante_mid,4,25.75,fav,mid_implied,0.3768615856158436,0.3855421686746988,0.3827575960287703,0.39759036144578314,0.3698740303380788,0.3747352245663474,0.3729046356494375,0.13670508201758477,0.1323529411764706,0.14337821737181355,0.13793103448275862,0.12918884259068522,0.09550177102717053,0.08879786746474877
TE,00-0035249,2024,10,4.311274042089836,0.1875,0.0475,FALSE,FALSE,exante_mid,4,25.75,fav,mid_implied,0.14228797492103823,0.10256410256410256,0.12676102894771932,0.07462686567164178,0.13885308285065318,0.14113100343454177,0.1468270720046889,0.03907267274848515,0.03773584905660377,0.03874670779201673,0.038461538461538464,0.03663934767955862,0.020553693467187342,0.015730142609327365
TE,00-0035689,2024,10,4.143645968321288,0.178,0.04,FALSE,FALSE,exante_mid,4,25.75,fav,mid_implied,0.13245726008674544,0.10256410256410256,0.11680240914553401,0.07462686567164178,0.12849920818275298,0.13136470397352099,0.1354303946529913,0.03197085378637905,0,0.03140240264560359,0,0.030723986593618982,0.016125552902482528,0.011218195409395833
TE,00-0036040,2024,10,5.16478841333354,0.223,0.06,FALSE,FALSE,exante_mid,-1,22.75,close,mid_implied,0.180649364273786,0.208955223880597,0.16650758210211533,0.208955223880597,0.18400031823499136,0.17747714646070875,0.18862895127299248,0.05132828301788344,0.07142857142857142,0.0515605163302439,0.07142857142857142,0.056345740301125775,0.036340878089831094,0.02468670016677067
TE,00-0036290,2024,10,5.767097206403503,0.3645,0.1365,FALSE,FALSE,exante_mid,7,23.75,big_fav,mid_implied,0.3523399558914192,0.3855421686746988,0.3550958180844738,0.39759036144578314,0.34476697171647996,0.35546693653313166,0.34681045526070414,0.13385555068898802,0.1323529411764706,0.14027356697859023,0.13793103448275862,0.12161434397363247,0.12547074154571966,0.14105994595010246
TE,00-0036894,2024,10,5.279569105602339,0.247,0.0775,FALSE,FALSE,exante_mid,-1.5,21.5,close,mid_implied,0.20789029153602911,0.208955223880597,0.1954524556722391,0.208955223880597,0.20979996032309167,0.20529501090867538,0.20843596573909026,0.06921077610595455,0.08196721311475409,0.0704944941993663,0.08196721311475409,0.07009194331435643,0.06082377666250255,0.05803953814201128
TE,00-0036970,2024,10,5.825773569205278,0.3555,0.133,FALSE,FALSE,exante_mid,1,23.75,close,mid_implied,0.34080097542596505,0.3855421686746988,0.34210755235807316,0.39759036144578314,0.33617899426332476,0.3355931361471517,0.32884744290354395,0.12987846903063696,0.1323529411764706,0.13594312842978348,0.13793103448275862,0.12134591466302647,0.10075426997166405,0.1115584289117227
TE,00-0037744,2024,10,6.623650521651008,0.4235,0.172,FALSE,FALSE,exante_mid,1,23,close,mid_implied,0.4289923868487547,0.3855421686746988,0.44167960001734774,0.39759036144578314,0.4321461176182411,0.42372881997702555,0.42738561378039913,0.1749175022556062,0.1323529411764706,0.18512777103129902,0.13793103448275862,0.18147019559093205,0.15647723187703844,0.1443781613856499
TE,00-0038041,2024,10,6.662278707849049,0.4105,0.1655,FALSE,FALSE,exante_mid,-3,22.5,dog,mid_implied,0.41199558174066897,0.3855421686746988,0.4224666702861506,0.39759036144578314,0.4182988269356671,0.4098944395770953,0.41700816413836417,0.16731150109910065,0.1323529411764706,0.176804577660274,0.13793103448275862,0.17842762601032836,0.16530417666870695,0.1474115064749182
TE,00-0038129,2024,10,7.020312308086288,0.4595,0.227,FALSE,FALSE,exante_high,-6,21,dog,mid_implied,0.4761615350823716,0.5625,0.4761615350823716,0.5625,0.483375346341296,0.479302021518629,0.47756243696723244,0.24039445056404624,0.2692307692307692,0.24039445056404624,0.2692307692307692,0.24385659083547054,0.3101020548677107,0.3517003054157352
TE,00-0038558,2024,10,4.115744548354504,0.1485,0.0425,FALSE,FALSE,exante_mid,-1.5,21.5,close,mid_implied,0.10323695623775657,0.05555555555555555,0.08786164040320026,0.03333333333333333,0.10315506871641991,0.1017542153994541,0.10396551893577546,0.034314907213763034,0,0.03381885084528301,0,0.03181817857669556,0.026223387725967332,0.028251417570836677
TE,00-0038933,2024,10,6.317402796662471,0.417,0.174,FALSE,FALSE,exante_mid,4,25.75,fav,mid_implied,0.4204892760701583,0.3855421686746988,0.43206890301895873,0.39759036144578314,0.4170352414672823,0.4182973257322518,0.423115529553986,0.17726467769701904,0.1323529411764706,0.18769714419571737,0.13793103448275862,0.16866723789408516,0.13212795388026416,0.1266451204227689
TE,00-0038935,2024,10,4.708876581326282,0.2005,0.048,FALSE,FALSE,exante_mid,-4,21.75,dog,mid_implied,0.15604820295899777,0.17647058823529413,0.14086478923406626,0.17647058823529413,0.155840491735207,0.15584513001980702,0.15651257132748536,0.03955330633920401,0.03773584905660377,0.03924612630570098,0.038461538461538464,0.04175145605693953,0.03290927945549166,0.02564691881931159
TE,00-0039065,2024,10,6.022901528346922,0.406,0.16,TRUE,FALSE,exante_mid,2.5,25.5,close,mid_implied,0.4061219622532658,0.3855421686746988,0.4158259931215686,0.39759036144578314,0.39726865570654024,0.401856634546702,0.3926396265550624,0.16090374544711297,0.1323529411764706,0.16979662897112316,0.13793103448275862,0.14656376376788138,0.11474361148967581,0.12482405143371635
TE,00-0039074,2024,10,4.006273255059481,0.1765,0.042,FALSE,FALSE,exante_mid,3,26.25,fav,high_implied,0.13092302058582275,0.10256410256410256,0.11525759184274126,0.07462686567164178,0.1256331962276138,0.1290257045531565,0.13059260807693307,0.0338441724160077,0,0.03333294152505174,0,0.03048788144323921,0.01577240931503907,0.01278387119297057
TE,00-0039847,2024,10,5.293384694429657,0.3205,0.102,FALSE,FALSE,exante_mid,1.5,22,close,mid_implied,0.2965235698148048,0.24444444444444444,0.2925317804468668,0.24444444444444444,0.28642469212141225,0.29309596321771,0.2695876546362211,0.09536536189607621,0.12631578947368421,0.09853667056384215,0.12631578947368421,0.0858301020198717,0.08459398333084259,0.1085516189320947
TE,00-0030061,2024,11,6.448911119166747,0.381,0.155,TRUE,TRUE,exante_mid,-3.5,23,dog,mid_implied,0.36567963465001685,0.3645833333333333,0.3714571320806942,0.375,0.36278743839587935,0.3569129264027863,0.35717902377017186,0.15021165752585341,0.12658227848101267,0.1540885078901761,0.13043478260869565,0.15496463791296336,0.1312441559841847,0.12168650694069438
TE,00-0030506,2024,11,7.88981471422185,0.565,0.2915,FALSE,FALSE,exante_high,1,23.75,close,mid_implied,0.6069077931393462,0.625,0.6069077931393462,0.625,0.6014606723817004,0.5864446362174133,0.5869316209639874,0.3137463854232838,0.2698412698412698,0.3137463854232838,0.2698412698412698,0.3401827098765156,0.27905064709589755,0.22912876011618008
TE,00-0032392,2024,11,4.697316854684402,0.173,0.046,FALSE,FALSE,exante_mid,-6,19,dog,low_implied,0.12191249509378808,0.0975609756097561,0.10708759254832949,0.07042253521126761,0.12040692345886034,0.12419495070113616,0.12427277573323131,0.03540986078914284,0,0.03628945059463786,0,0.03746082114252151,0.042505386953330664,0.0387107354852596
TE,00-0033090,2024,11,6.162476173012047,0.3615,0.1395,TRUE,FALSE,exante_mid,-6,19,dog,low_implied,0.34051115133045534,0.3645833333333333,0.3431139655983319,0.375,0.33937030826358444,0.33922185169024344,0.3388242602696567,0.1325878571052667,0.12658227848101267,0.1360326373270528,0.13043478260869565,0.13342989936147226,0.1867649249487044,0.22290624975069817
TE,00-0033217,2024,11,4.1498760827503425,0.129,0.027,FALSE,FALSE,exante_mid,-4,19.75,dog,low_implied,0.08091568678663426,0.05405405405405406,0.06715999957048725,0.03225806451612903,0.07978380740662568,0.08112850500990686,0.08126167240273109,0.01880421437405084,0,0.01924358399553514,0,0.020988194961225986,0.01747356718005323,0.012065591957221667
TE,00-0033357,2024,11,4.500336530399125,0.177,0.0445,TRUE,TRUE,exante_mid,1.5,21.75,close,mid_implied,0.12587948692484663,0.0975609756097561,0.11106623051404498,0.07042253521126761,0.12565816464370658,0.12280033634447365,0.1229015758497504,0.03404083697636369,0,0.03488362022147509,0,0.03472864026409756,0.026050464344679145,0.021872810260738784
TE,00-0033858,2024,11,6.168725966145236,0.4655,0.2065,TRUE,TRUE,exante_mid,7,26,big_fav,mid_implied,0.4767831007926147,0.5294117647058824,0.4967398377668723,0.4375,0.4843143474274506,0.4924802613546565,0.4919296992451037,0.21056984211331703,0.2698412698412698,0.2158132014768904,0.25,0.1858638720981735,0.19016522623351548,0.23331353981494546
TE,00-0033881,2024,11,7.298783464940793,0.422,0.1705,FALSE,FALSE,exante_high,-10,20.25,big_dog,mid_implied,0.41931969144489833,0.3645833333333333,0.41931969144489833,0.3645833333333333,0.40941062582790166,0.4307329311751393,0.43142247787301546,0.1681155101309081,0.12658227848101267,0.1681155101309081,0.12658227848101267,0.199880736351255,0.23902700567701823,0.17412784362501715
TE,00-0033885,2024,11,7.010168365679448,0.3865,0.155,TRUE,TRUE,exante_high,-1.5,20.25,close,mid_implied,0.3728250741705331,0.3645833333333333,0.3728250741705331,0.3645833333333333,0.3638442783624506,0.3562798639465994,0.35697084165667303,0.15021165752585341,0.12658227848101267,0.15021165752585341,0.12658227848101267,0.1744624443838554,0.16482327417936302,0.12486697019039548
TE,00-0034159,2024,11,5.9490554012649985,0.3365,0.123,TRUE,TRUE,exante_mid,1.5,22.5,close,mid_implied,0.3086969027400816,0.3645833333333333,0.3074404598576318,0.375,0.30794708109295477,0.29805764353733827,0.2981267686869137,0.11418432686368493,0.12121212121212122,0.11716391429844114,0.12121212121212122,0.11456045245513097,0.09797704320312904,0.09645037319024284
TE,00-0034351,2024,11,5.744333088401763,0.369,0.1455,FALSE,FALSE,exante_mid,3.5,26.5,fav,high_implied,0.3501586685801625,0.3645833333333333,0.353968600784945,0.375,0.35437347699097166,0.34932286722932504,0.34924964244757073,0.1393740713612,0.12658227848101267,0.14298684640873496,0.13043478260869565,0.1260935285854787,0.08957929672087883,0.09700892934330654
TE,00-0034364,2024,11,4.675506372344707,0.1865,0.0495,FALSE,FALSE,exante_mid,-1.5,20.25,close,mid_implied,0.13544961960434487,0.0975609756097561,0.1207363357330701,0.07042253521126761,0.13480860238875972,0.13036540162844978,0.1303999303263865,0.0386376618755343,0.03636363636363636,0.039604234459304166,0.037037037037037035,0.039621049329789534,0.03457768915394167,0.03223894488680003
TE,00-0034383,2024,11,5.895145473447697,0.3625,0.1495,FALSE,FALSE,exante_mid,6,24.75,fav,mid_implied,0.3417949638926907,0.3645833333333333,0.3445575916459012,0.375,0.3437380391188647,0.35318176534134443,0.3532507636377855,0.1439238400580018,0.12658227848101267,0.1476481193914154,0.13043478260869565,0.13337224774323422,0.13094069714251397,0.14238297649057272
TE,00-0034753,2024,11,6.203031762658451,0.422,0.1695,FALSE,FALSE,exante_mid,3.5,24.25,fav,mid_implied,0.41931969144489833,0.3645833333333333,0.43201069552037347,0.375,0.4227061595639905,0.41615605426197255,0.4158609003470611,0.16695275273088336,0.12658227848101267,0.17122684650940215,0.13043478260869565,0.158442551862902,0.1424832897243083,0.15507236260543325
TE,00-0034981,2024,11,4.490955813116654,0.167,0.0335,FALSE,FALSE,exante_mid,1.5,21.75,close,mid_implied,0.11603329225543521,0.0975609756097561,0.10122489802216396,0.07042253521126761,0.11528202436364311,0.1133543696261438,0.1135249181424048,0.024291171706018515,0,0.024874086811319817,0,0.027330554612202435,0.017606990958606898,0.01068423456686855
TE,00-0035229,2024,11,7.1317959979220555,0.511,0.247,FALSE,FALSE,exante_high,6,23.75,fav,mid_implied,0.5367962715384176,0.625,0.5367962715384176,0.625,0.53608022092683,0.544817397417564,0.5449105410567573,0.25938058124157376,0.2698412698412698,0.25938058124157376,0.2698412698412698,0.26079338480938924,0.28427378673956727,0.2792734472407875
TE,00-0035249,2024,11,4.807739213305374,0.272,0.0785,FALSE,FALSE,exante_mid,6,23.75,fav,mid_implied,0.22982286040863614,0.2391304347826087,0.22033989630677964,0.2391304347826087,0.23486139618775786,0.2406305870577043,0.24025412098395246,0.06690614045145638,0.07894736842105263,0.06863783138721069,0.07894736842105263,0.060274577052356296,0.06004459422423863,0.0671070548842873
TE,00-0035689,2024,11,4.457497888039676,0.1705,0.043,FALSE,FALSE,exante_mid,-1,22.75,close,mid_implied,0.11945234290733295,0.0975609756097561,0.10462935831538668,0.07042253521126761,0.11907281412150364,0.11483512919174356,0.11498987671119995,0.03268073407611637,0,0.03348701091194461,0,0.03339475756846729,0.020693791708330286,0.01644340289589353
TE,00-0036040,2024,11,5.242684849963078,0.198,0.057,TRUE,FALSE,exante_mid,1.5,21.75,close,mid_implied,0.1473051340286538,0.14285714285714285,0.13284793836465048,0.15384615384615385,0.1438603087499419,0.14332983764663282,0.14381272100962675,0.04570160292909721,0.03636363636363636,0.04685921301950049,0.037037037037037035,0.05111930089041285,0.03668791145959027,0.024480944987086157
TE,00-0036290,2024,11,5.721165211879951,0.347,0.1275,FALSE,FALSE,exante_mid,-2.5,21,dog,mid_implied,0.3219898405129221,0.3645833333333333,0.3223199233103392,0.375,0.324554100923675,0.310882581704027,0.31031988322852044,0.11916370846224425,0.12121212121212122,0.12227049166846098,0.12121212121212122,0.11219282497695691,0.12055576554168237,0.1560431973734174
TE,00-0036628,2024,11,3.944969395298755,0.141,0.0315,FALSE,FALSE,exante_low,-3.5,23,dog,mid_implied,0.0915933482314371,0.05405405405405406,0.0915933482314371,0.05405405405405406,0.09187734954622787,0.09140340907971094,0.0914873105064714,0.02257897447367392,0,0.02257897447367392,0,0.022692453909050097,0.014278234483527562,0.011202593835767258
TE,00-0036637,2024,11,4.384155775661701,0.191,0.0465,TRUE,TRUE,exante_mid,1,23.75,close,mid_implied,0.14005409014349893,0.14285714285714285,0.12542349164373734,0.15384615384615385,0.14144417143466534,0.13542447760117807,0.13543770248784825,0.03586814401539145,0,0.03676006728219074,0,0.035025171016367984,0.021048206822297667,0.01800000365755416
TE,00-0036970,2024,11,5.703481364185341,0.3195,0.113,FALSE,FALSE,exante_mid,1.5,22.25,close,mid_implied,0.2874137367050415,0.2391304347826087,0.28371430639691153,0.2391304347826087,0.28790105432425056,0.2775572896601261,0.27747287749190747,0.10323505009727135,0.12121212121212122,0.10593171196979942,0.12121212121212122,0.10094872771690447,0.08953936401604264,0.09500642954182316
TE,00-0037809,2024,11,5.009244762415273,0.2025,0.055,FALSE,FALSE,exante_mid,-6,17.75,dog,low_implied,0.15202222483699906,0.16666666666666666,0.13770507517313782,0.16666666666666666,0.15026262595539652,0.15384408206347566,0.15381220983466626,0.043799160644471286,0.03636363636363636,0.04490525642838798,0.037037037037037035,0.04690984646034274,0.06268083789243309,0.06076938722822553
TE,00-0037838,2024,11,4.812635358093624,0.2475,0.0735,FALSE,FALSE,exante_mid,3.5,24.25,fav,mid_implied,0.20141190315371155,0.2112676056338028,0.18967924346912324,0.2112676056338028,0.20423747566072903,0.20278842720139376,0.20269765626253664,0.06186136231611351,0.07894736842105263,0.06345677253332713,0.07894736842105263,0.05708301345679014,0.04412483518705357,0.045352799125980746
TE,00-0038547,2024,11,4.041059375065709,0.1565,0.038,FALSE,FALSE,exante_mid,-6,18.75,dog,low_implied,0.10595613170663938,0.0975609756097561,0.0912749841830208,0.07042253521126761,0.10678571304530896,0.10825342691683666,0.1080530846309753,0.02821475548628374,0,0.028901679034550837,0,0.027187953408580337,0.033763482597910725,0.0395152719516333
TE,00-0038558,2024,11,4.154321603636469,0.164,0.043,FALSE,FALSE,exante_mid,-3.5,20.75,dog,mid_implied,0.11312631928914538,0.0975609756097561,0.09834149848724329,0.07042253521126761,0.11389855165517461,0.11208350067747495,0.1119922623524312,0.03268073407611637,0,0.03348701091194461,0,0.03100778576059833,0.028798375279486844,0.03190305572446532
TE,00-0038720,2024,11,3.96917389350722,0.1915,0.045,FALSE,FALSE,exante_low,7,26,big_fav,mid_implied,0.1405684713704535,0.14285714285714285,0.1405684713704535,0.14285714285714285,0.14453930515960894,0.15283368635400288,0.15274323984080077,0.034496198760046934,0,0.034496198760046934,0,0.030786755212620632,0.022639234761532068,0.020634232745400344
TE,00-0039066,2024,11,4.1710482224074275,0.1445,0.0355,FALSE,FALSE,exante_mid,-7,19,big_dog,low_implied,0.09478148367001442,0.05405405405405406,0.08039910178154479,0.03225806451612903,0.09430887097800172,0.09838449697054477,0.09837659758871553,0.02602318867725586,0,0.02665190159292534,0,0.026516406870634765,0.030942446119028584,0.030212781385592764
TE,00-0039338,2024,11,6.964030469553441,0.4575,0.208,TRUE,TRUE,exante_mid,-7,19,big_dog,low_implied,0.466201562394292,0.5294117647058824,0.4848511193463823,0.4375,0.46316437087005546,0.4656680834811551,0.4653016209220939,0.212360722640845,0.2698412698412698,0.21764174053201016,0.25,0.21950813134719208,0.3141551673550056,0.35717045797393376
TE,00-0039530,2024,11,4.002876901933458,0.156,0.0385,FALSE,FALSE,exante_mid,-6,18.75,dog,low_implied,0.10548313029401864,0.0975609756097561,0.09081116736373492,0.07042253521126761,0.10646096840281133,0.10778125892413068,0.10756325556312929,0.02865648347369721,0,0.029355171459482767,0,0.027230692590326743,0.03436967982490418,0.04190541001446318
TE,00-0039793,2024,11,4.246483630744271,0.1525,0.0375,FALSE,FALSE,exante_mid,-7,21,big_dog,mid_implied,0.1021899259234173,0.0975609756097561,0.08759020827202048,0.03225806451612903,0.10181785472188273,0.10616064440888509,0.10622416891290486,0.027774149844314085,0,0.028449348940208632,0,0.02828021682042368,0.026222247272134243,0.022979977332342055
TE,00-0030061,2024,12,6.597004864446572,0.4685,0.217,TRUE,FALSE,exante_mid,9,27,big_fav,high_implied,0.47873572032849926,0.5857142857142857,0.5085917772897344,0.5142857142857143,0.4779918257250288,0.49091427514327723,0.49539983026178985,0.23301120660224725,0.2835820895522388,0.24505313323070507,0.29411764705882354,0.21980603558447578,0.20201488922134303,0.1948715676070947
TE,00-0030506,2024,12,8.378084926269176,0.612,0.344,TRUE,FALSE,exante_high,11.5,26.25,big_fav,high_implied,0.6602613751329737,0.5952380952380952,0.6602613751329737,0.5952380952380952,0.6622965467384939,0.6759175323576979,0.6947318180382629,0.3831216772178494,0.2835820895522388,0.3831216772178494,0.2835820895522388,0.42369886812364715,0.4064248735351865,0.304128529951759
TE,00-0032392,2024,12,4.77539245259367,0.2015,0.055,TRUE,FALSE,exante_mid,-6.5,19,big_dog,low_implied,0.1549490448381059,0.19444444444444445,0.14063021548858531,0.20588235294117646,0.15504702465512543,0.15378055756186146,0.15162246751259037,0.05014963213205211,0.04938271604938271,0.050289848110369705,0.05263157894736842,0.050793370125316775,0.05975063454291123,0.06263386306557978
TE,00-0033090,2024,12,6.498444706253015,0.409,0.1525,FALSE,FALSE,exante_mid,-6.5,19,big_dog,low_implied,0.40209204502921914,0.37142857142857144,0.42009281626277567,0.3786407766990291,0.4024508064388965,0.39720316993225124,0.3890793205877587,0.15767078379176616,0.15555555555555556,0.16424737637115366,0.15151515151515152,0.1656489544634233,0.2135677516770822,0.2264968579562323
TE,00-0033288,2024,12,6.7224881405010795,0.4975,0.242,TRUE,TRUE,exante_mid,-1.5,23.25,close,mid_implied,0.5161274670366688,0.5952380952380952,0.5512379801085759,0.6666666666666666,0.5151350477279252,0.5070581425971515,0.4966301235945316,0.2625543457698859,0.2835820895522388,0.2767211687004869,0.29411764705882354,0.24472793542831722,0.24997645471355817,0.2991341889534488
TE,00-0033858,2024,12,6.214585739599527,0.4175,0.17,TRUE,TRUE,exante_mid,6.5,25.5,fav,mid_implied,0.41299494726781893,0.37142857142857144,0.4327358879874196,0.3786407766990291,0.41213127373738756,0.4200968796047303,0.4203264016963781,0.17792705497661557,0.15555555555555556,0.1859563040444219,0.15151515151515152,0.16845459012643882,0.15532911068446992,0.1544223021085935
TE,00-0033885,2024,12,7.464691174139589,0.439,0.1885,FALSE,FALSE,exante_high,-4,18.75,dog,low_implied,0.4406637868066938,0.4,0.4406637868066938,0.4,0.44381231907806945,0.43554931166435545,0.4455253108658294,0.19951138371780303,0.2835820895522388,0.19951138371780303,0.2835820895522388,0.2378937564691368,0.2720802711862223,0.2315359943546676
TE,00-0034159,2024,12,5.963430488426628,0.3115,0.109,FALSE,FALSE,exante_mid,-3,21.75,dog,mid_implied,0.28004475090207803,0.2345679012345679,0.2790592995859304,0.2345679012345679,0.2808520650361353,0.27538846535947337,0.2789316466967437,0.10828931586407314,0.1258741258741259,0.11152306770031055,0.1258741258741259,0.11401430245834876,0.10444414146797121,0.09689316368197005
TE,00-0034351,2024,12,5.815903769201493,0.3605,0.138,FALSE,FALSE,exante_mid,2.5,25,close,mid_implied,0.3405267617385571,0.37142857142857144,0.3486837567636362,0.3786407766990291,0.3397252773071837,0.33859613607622807,0.3372731894361544,0.14103583743527212,0.1258741258741259,0.1464463769220654,0.1258741258741259,0.1313693754205704,0.10859137374214865,0.11406779038559237
TE,00-0034364,2024,12,4.6816753812658805,0.2,0.0635,FALSE,FALSE,exante_mid,-4,18.75,dog,low_implied,0.15337872790739893,0.19444444444444445,0.1389723722862366,0.20588235294117646,0.15332572648857296,0.15236163694669677,0.14911765366181112,0.058965644688999425,0.07575757575757576,0.05947443868986387,0.07575757575757576,0.055259832632085136,0.07119167948913488,0.08862126936351726
TE,00-0034753,2024,12,5.494116295313647,0.3005,0.098,TRUE,FALSE,exante_mid,3,24.75,fav,mid_implied,0.2667903484980825,0.2345679012345679,0.26395328021655196,0.2345679012345679,0.26646425009400504,0.2668780544290471,0.2692798125801468,0.09609585270581972,0.1258741258741259,0.09857761625245182,0.1258741258741259,0.09396545685924078,0.07187037633944345,0.06607570451636935
TE,00-0035229,2024,12,6.420717619288191,0.3955,0.1645,TRUE,TRUE,exante_mid,5,22.75,fav,mid_implied,0.38483271080117853,0.37142857142857144,0.4000653289585981,0.3786407766990291,0.38523981635790494,0.3901776314406253,0.3933928320838796,0.17154198199839862,0.15555555555555556,0.1791104120568035,0.15151515151515152,0.17215554371220598,0.18212007104099057,0.17968282031262317
TE,00-0036290,2024,12,5.82131645625405,0.3215,0.1065,TRUE,FALSE,exante_mid,-5,17.75,dog,low_implied,0.2922069158952688,0.2345679012345679,0.29297850325642727,0.2345679012345679,0.2923654742658711,0.2896726812318917,0.28143482228333183,0.10550563554210463,0.1258741258741259,0.10856431170207707,0.1258741258741259,0.10829404380433036,0.1518979621916915,0.17172170372168827
TE,00-0036637,2024,12,4.59395068455239,0.246,0.073,TRUE,TRUE,exante_mid,11.5,26.25,big_fav,high_implied,0.20336501279744962,0.20833333333333334,0.1929031549242201,0.20833333333333334,0.20203478238177722,0.21807245875494075,0.21848651864249757,0.06899298871749628,0.07575757575757576,0.0699756495802966,0.07575757575757576,0.06005354184676111,0.05633511562637926,0.05541469656220859
TE,00-0036894,2024,12,4.884459764024099,0.2255,0.072,FALSE,FALSE,exante_mid,4,22.75,fav,mid_implied,0.18063769719152456,0.20833333333333334,0.16810430715780297,0.20833333333333334,0.18046815634138888,0.1837947599821174,0.18525783079877614,0.0679295531992995,0.07575757575757576,0.06885951862357466,0.07575757575757576,0.06397571934517164,0.060791166196866024,0.06266224697129551
TE,00-0037744,2024,12,6.151183576724205,0.412,0.1685,TRUE,TRUE,exante_mid,-1,23.75,close,mid_implied,0.40593727998509876,0.37142857142857144,0.4245528228394582,0.3786407766990291,0.40498615253162346,0.3978158092499947,0.39080667965325644,0.17618408157017224,0.15555555555555556,0.18408732020273655,0.15151515151515152,0.164962787310387,0.14867036180488263,0.16865454238771613
TE,00-0038129,2024,12,7.201037449839183,0.495,0.24,FALSE,FALSE,exante_high,3,22.75,fav,mid_implied,0.5129096270726458,0.5952380952380952,0.5129096270726458,0.5952380952380952,0.5137455824863703,0.5121444716392607,0.5150822074088287,0.26018748090033705,0.2835820895522388,0.26018748090033705,0.2835820895522388,0.2678280599074379,0.27515737693085107,0.27109379242733384
TE,00-0038547,2024,12,4.420302837496886,0.2195,0.055,TRUE,FALSE,exante_mid,-9,18,big_dog,low_implied,0.1741188811768183,0.20833333333333334,0.16107246637282283,0.20833333333333334,0.17309201193965296,0.17303931265356612,0.1614087567258801,0.05014963213205211,0.04938271604938271,0.050289848110369705,0.05263157894736842,0.0463572539586533,0.06840895740116648,0.08885755413487134
TE,00-0038558,2024,12,4.333403650039762,0.1795,0.053,FALSE,FALSE,exante_mid,4,22.75,fav,mid_implied,0.13236133542808926,0.0989010989010989,0.11705360307916415,0.0759493670886076,0.1320990380714254,0.13519150114680759,0.13615361794946476,0.048099076117315044,0.04938271604938271,0.04816102346511571,0.05263157894736842,0.044077381485784974,0.04078085892115561,0.042902805836444985
TE,00-0039065,2024,12,6.3237527504986595,0.457,0.1925,FALSE,FALSE,exante_mid,6.5,27.75,fav,high_implied,0.4638887739990323,0.5833333333333334,0.4915397606708508,0.5,0.46242504454607014,0.4690761247387038,0.46911748091447725,0.20419719238696968,0.2835820895522388,0.21413836987755672,0.29411764705882354,0.18946915802325,0.14906674399476352,0.14444566205211007
TE,00-0039338,2024,12,7.224320315464037,0.4585,0.202,FALSE,FALSE,exante_high,-3,18.75,dog,low_implied,0.4658252819659287,0.5833333333333334,0.4658252819659287,0.5833333333333334,0.46763685256107246,0.46046357695154777,0.4607598541342145,0.2153486758240121,0.2835820895522388,0.2153486758240121,0.2835820895522388,0.2377708032619162,0.2915266258500716,0.28821595728059274
TE,00-0039356,2024,12,5.31410508968841,0.206,0.062,FALSE,FALSE,exante_mid,-11.5,14.75,big_dog,low_implied,0.15968556535533945,0.19444444444444445,0.14564660804936283,0.20588235294117646,0.16076632594059,0.16003479226217873,0.15935988876133436,0.05739856150279688,0.06666666666666667,0.05783828784752871,0.06666666666666667,0.06375152380649315,0.11312149679901694,0.1189860550805247
TE,00-0039359,2024,12,4.107331566082283,0.184,0.0525,FALSE,FALSE,exante_mid,8,25.25,big_fav,mid_implied,0.1369023224752601,0.0989010989010989,0.12174481221666879,0.0759493670886076,0.1361514083954028,0.1439997426744152,0.14501369038237524,0.04758794490074438,0.04938271604938271,0.04763085977624582,0.05263157894736842,0.041273972826696016,0.03582067537164997,0.036572155643722334
TE,00-0039793,2024,12,4.522782269875857,0.2155,0.055,FALSE,FALSE,exante_mid,1,24.75,close,mid_implied,0.1698080620607866,0.20833333333333334,0.1564439656859185,0.20833333333333334,0.16909502165759568,0.16763527019723093,0.1668953195837422,0.05014963213205211,0.04938271604938271,0.050289848110369705,0.05263157894736842,0.04759824975705663,0.03118907012156795,0.028931967368309885
TE,00-0039847,2024,12,5.6122551639307146,0.262,0.093,FALSE,FALSE,exante_mid,-3,19.75,dog,low_implied,0.22156061579290026,0.20833333333333334,0.21303859115102558,0.20833333333333334,0.22238141811871212,0.21904660542237603,0.22102061580730287,0.09060291685026252,0.1258741258741259,0.09275967971941096,0.1258741258741259,0.09300053928705555,0.10347317894311797,0.10760271507456863
TE,00-0030061,2024,13,6.647469299724312,0.4475,0.1895,TRUE,FALSE,exante_mid,7,25.75,big_fav,mid_implied,0.4585224605441854,0.5238095238095238,0.4928221429013544,0.47368421052631576,0.4589491838308891,0.4807731351217744,0.476374189727734,0.2057345116567053,0.2702702702702703,0.22894400305811777,0.2972972972972973,0.2057921690447219,0.191346536959758,0.16449469547358958
TE,00-0030506,2024,13,8.56393172339202,0.694,0.432,TRUE,FALSE,exante_high,12.5,28,big_fav,high_implied,0.7600914850298885,1,0.7600914850298885,1,0.7566632752504175,0.7987760684696971,0.7927131053301388,0.49322124931975664,1,0.49322124931975664,1,0.4957833808852125,0.5081536931380253,0.40719859153327137
TE,00-0031585,2024,13,3.935417865779364,0.1385,0.0275,FALSE,FALSE,exante_low,-1.5,23,close,mid_implied,0.09635044285052807,0.05,0.09635044285052807,0.05,0.09658628867369033,0.09229728080817529,0.09090474172376593,0.02362826023698797,0,0.02362826023698797,0,0.023821087715896205,0.016646049953791216,0.011028434609172327
TE,00-0032392,2024,13,4.774017492565475,0.178,0.0545,TRUE,FALSE,exante_mid,-2.5,20.25,dog,mid_implied,0.1350800573872696,0.0967741935483871,0.11933433736608494,0.07407407407407407,0.1312827296979981,0.1304566096302323,0.12818893999234957,0.051067047342097,0.046511627906976744,0.04929446562587534,0.04938271604938271,0.05120946028386706,0.05068111189707874,0.04912317824633242
TE,00-0033090,2024,13,6.563988334732757,0.378,0.1405,TRUE,FALSE,exante_mid,-2.5,20.25,dog,mid_implied,0.36948747143409316,0.38016528925619836,0.3875280586681432,0.38461538461538464,0.36028377546636103,0.35213243078503487,0.350250063930656,0.1477388478102642,0.12162162162162163,0.159721109072557,0.12162162162162163,0.1496529996435738,0.16332549855989487,0.14472463366273064
TE,00-0033357,2024,13,5.429908605356329,0.2415,0.072,FALSE,FALSE,exante_mid,-2.5,22,dog,mid_implied,0.20378764689598144,0.22580645161290322,0.19417982001744802,0.22580645161290322,0.19830909936899138,0.19527317983939987,0.19118758545863973,0.06986672088195829,0.08333333333333333,0.0698456611825517,0.08333333333333333,0.0706247178704878,0.06157389642209303,0.04709581267155441
TE,00-0033858,2024,13,6.141809291341854,0.356,0.143,TRUE,TRUE,exante_mid,-3.5,22,dog,mid_implied,0.34168397838601633,0.38016528925619836,0.3545334105105234,0.38461538461538464,0.33895587577379904,0.3294827470903243,0.3293697845052152,0.15066620150767196,0.12162162162162163,0.1631884201560525,0.12162162162162163,0.15054287193072202,0.14611383599667657,0.15681355942737454
TE,00-0033881,2024,13,7.480984018536532,0.4125,0.1835,FALSE,FALSE,exante_high,-7,17.75,big_dog,low_implied,0.41353622406354545,0.38016528925619836,0.41353622406354545,0.38016528925619836,0.3870657315969314,0.41305064878811737,0.4030977244581926,0.19857662610071125,0.20408163265306123,0.19857662610071125,0.20408163265306123,0.20372817784262476,0.27349066980708875,0.21929288091331683
TE,00-0033885,2024,13,7.282500117868844,0.433,0.1935,TRUE,TRUE,exante_high,-7,16.75,big_dog,low_implied,0.43986759210520704,0.38016528925619836,0.43986759210520704,0.38016528925619836,0.4215062708951539,0.43867652026018805,0.4370027477156458,0.2105126571290819,0.2702702702702703,0.2105126571290819,0.2702702702702703,0.21414756231572912,0.30953288215394514,0.30832895480588446
TE,00-0034270,2024,13,5.2537616670044756,0.297,0.095,FALSE,FALSE,exante_mid,1,22.5,close,mid_implied,0.26887690962985167,0.25,0.26880855618878224,0.25,0.27554839033138884,0.25435046233206915,0.25894125669226586,0.09539367179126192,0.12162162162162163,0.0986512141073392,0.12162162162162163,0.09456227472308372,0.08545577201070947,0.09900539714895794
TE,00-0034351,2024,13,5.96795983037823,0.318,0.1075,TRUE,FALSE,exante_mid,-3,23.75,dog,mid_implied,0.29443999818636907,0.25,0.29872864127800947,0.25,0.2895387498741989,0.2826051553437566,0.27785368233699004,0.10956819282993188,0.12162162162162163,0.11497411001231068,0.12162162162162163,0.11044893358291383,0.08808620656974937,0.06805727637368135
TE,00-0034383,2024,13,5.590472255430401,0.3505,0.1305,TRUE,TRUE,exante_mid,7,24.75,big_fav,mid_implied,0.3347789619077167,0.38016528925619836,0.3463498978959472,0.38461538461538464,0.344024901198886,0.358136165901859,0.3608513810691063,0.13607437690519697,0.12162162162162163,0.14594828415243,0.12162162162162163,0.1342757744643448,0.13018913130405,0.14761762869371464
TE,00-0034613,2024,13,4.759030692357326,0.2525,0.074,FALSE,FALSE,exante_mid,1.5,24.5,close,mid_implied,0.2163629430891686,0.22580645161290322,0.20837602944427638,0.22580645161290322,0.224316398799097,0.20766171215579604,0.2103188149952027,0.07205317466047646,0.08888888888888889,0.07227702741929651,0.08888888888888889,0.07113579864992456,0.05331888691050443,0.057507856678694756
TE,00-0034753,2024,13,6.35510876688006,0.4515,0.1835,TRUE,TRUE,exante_mid,3,26.75,fav,high_implied,0.46366976032560003,0.5238095238095238,0.4988567651820475,0.47368421052631576,0.4724042511846852,0.4547916914752156,0.4562212240504772,0.19857662610071125,0.20408163265306123,0.2203592681535794,0.21428571428571427,0.19728761981726264,0.14912235219048833,0.14300698338855705
TE,00-0034829,2024,13,5.2962253860535755,0.266,0.0855,FALSE,FALSE,exante_mid,1.5,24.5,close,mid_implied,0.23202915017411593,0.23076923076923078,0.22622654339253828,0.23076923076923078,0.23246772276643088,0.2224630709728828,0.21978926661318685,0.08475381872138513,0.08888888888888889,0.08654061084212877,0.08888888888888889,0.08456675484699694,0.0640762987368632,0.05643407995707898
TE,00-0034981,2024,13,4.684501163169346,0.216,0.0555,FALSE,FALSE,exante_mid,-2.5,22,dog,mid_implied,0.17535217700044192,0.2037037037037037,0.1625870014994382,0.21153846153846154,0.1780439202714953,0.16846366966455506,0.16997054383283908,0.0521235685906794,0.046511627906976744,0.05043045917688798,0.04938271604938271,0.052063628788806424,0.044377626843454344,0.04210176627547875
TE,00-0035229,2024,13,7.26776977857015,0.4865,0.232,FALSE,FALSE,exante_high,3.5,25,fav,mid_implied,0.5086477049660129,0.6086956521739131,0.5086477049660129,0.6086956521739131,0.49972093513756294,0.5024173870749498,0.493941000473077,0.2566771681257988,0.2702702702702703,0.2566771681257988,0.2702702702702703,0.2585483187959004,0.23315910690144429,0.18792448924259253
TE,00-0035644,2024,13,4.656980622292305,0.2215,0.065,FALSE,FALSE,exante_mid,-1,21.5,close,mid_implied,0.18139610943132795,0.22580645161290322,0.16923749983812383,0.22580645161290322,0.18543953886168607,0.17045146030001934,0.17337759040958706,0.06227192388541966,0.08333333333333333,0.06146244539387646,0.08333333333333333,0.06165968270245997,0.056094987011287054,0.06727492796429628
TE,00-0036040,2024,13,5.118280772043662,0.2345,0.0755,FALSE,FALSE,exante_mid,-2.5,22,dog,mid_implied,0.19587907102394614,0.22580645161290322,0.18531856296263882,0.22580645161290322,0.19457594654493818,0.18781739885393559,0.18666732642382075,0.07369757746599308,0.08888888888888889,0.0741105799365993,0.08888888888888889,0.07355730448281099,0.06536145275824998,0.06583747365533991
TE,00-0036290,2024,13,6.204730194406215,0.373,0.1455,FALSE,FALSE,exante_mid,-11,18.5,big_dog,low_implied,0.3631450035889182,0.38016528925619836,0.3799979243048878,0.38461538461538464,0.3617794087755908,0.3802017165473337,0.3872953084963585,0.1535977415880283,0.12162162162162163,0.1666646220688421,0.12162162162162163,0.15363375979060187,0.202967833913082,0.2524272556909914
TE,00-0036637,2024,13,4.472224685290435,0.2375,0.068,FALSE,FALSE,exante_mid,12.5,28,big_fav,high_implied,0.19925928262481576,0.22580645161290322,0.18909936478319295,0.22580645161290322,0.20935304906440574,0.25013160079864993,0.24833725447457355,0.06551548339612069,0.08333333333333333,0.06503044077277664,0.08333333333333333,0.06433027959143865,0.052999629694649365,0.047674733746598155
TE,00-0036876,2024,13,4.229349073449346,0.1605,0.035,FALSE,FALSE,exante_mid,2.5,22.75,close,mid_implied,0.11749356355619206,0.0967741935483871,0.10112761963707337,0.07407407407407407,0.11772773916022261,0.11733278937668105,0.11569747212877335,0.031005967587949844,0,0.028284359815269014,0,0.031200987702934113,0.025173843776380395,0.01794409401395995
TE,00-0036894,2024,13,4.966059427807594,0.218,0.0635,TRUE,TRUE,exante_mid,-1.5,23,close,mid_implied,0.17754407100939404,0.22580645161290322,0.16499457085268143,0.22580645161290322,0.176254825848528,0.1680858737145805,0.16581650660538302,0.06065682381003083,0.08333333333333333,0.05969299565695201,0.08333333333333333,0.06075573014342456,0.04783417354458195,0.04104895780521615
TE,00-0037005,2024,13,4.354715247147068,0.135,0.03,TRUE,FALSE,exante_mid,-6.5,18.75,big_dog,low_implied,0.09309266039061334,0.05,0.07671594354819852,0.029411764705882353,0.08925889690598982,0.09656452729821227,0.09442318149465984,0.02606206339700449,0,0.023309464835286012,0,0.026544732663127495,0.02818996099329002,0.01994840464304854
TE,00-0037539,2024,13,4.244982678223953,0.172,0.051,FALSE,FALSE,exante_mid,7,23.75,big_fav,mid_implied,0.1289775741637589,0.0967741935483871,0.11296398731347189,0.07407407407407407,0.1306850250311896,0.14500331615336778,0.14292573891828797,0.0473883205342424,0.046511627906976744,0.04535930949309463,0.04938271604938271,0.04682855155895946,0.04379860496567677,0.04411297576842148
TE,00-0037744,2024,13,6.266652795518833,0.3585,0.147,TRUE,TRUE,exante_mid,-3.5,21.5,dog,mid_implied,0.34482915155779176,0.38016528925619836,0.3582628775972206,0.38461538461538464,0.3395860185995333,0.3324929272513969,0.33130238572809684,0.15535861367874196,0.12162162162162163,0.16875446003198807,0.12162162162162163,0.15560693331441955,0.15728059883527126,0.16540960843194577
TE,00-0037809,2024,13,4.69505603906453,0.179,0.046,FALSE,FALSE,exante_mid,-7,18.75,big_dog,low_implied,0.1361043214803921,0.0967741935483871,0.12040878393467183,0.07407407407407407,0.1333698530055078,0.14060514710324765,0.14034707460761262,0.04218772974491926,0.046511627906976744,0.039853891202846374,0.04938271604938271,0.04255166566380527,0.048116899649092056,0.04424949405995166
TE,00-0037838,2024,13,4.846456454117122,0.2525,0.0815,TRUE,FALSE,exante_mid,3,26.75,fav,high_implied,0.2163629430891686,0.22580645161290322,0.20837602944427638,0.22580645161290322,0.22273129119966972,0.21544035004544712,0.21420402954777193,0.08031250188135311,0.08888888888888889,0.08152701495538799,0.08888888888888889,0.07914789724214123,0.05228227143286455,0.051512950143591155
TE,00-0038129,2024,13,7.004603257226773,0.5,0.234,FALSE,FALSE,exante_high,6.5,25.25,fav,mid_implied,0.5259292087034713,0.6086956521739131,0.5259292087034713,0.6086956521739131,0.5262312563396074,0.5425055753473523,0.5398595073704487,0.25908065026302746,0.2702702702702703,0.25908065026302746,0.2702702702702703,0.25904938462300725,0.2531801323050655,0.23452836608786543
TE,00-0038547,2024,13,4.437013641212016,0.1915,0.054,FALSE,FALSE,exante_mid,2.5,21,close,mid_implied,0.14907575739439569,0.2037037037037037,0.13413913440528608,0.21153846153846154,0.15136901746194337,0.14796352764948473,0.1493399793105073,0.05053967944230924,0.046511627906976744,0.048728380751741726,0.04938271604938271,0.05012818533107873,0.0507386861938141,0.057979864965329427
TE,00-0038589,2024,13,4.094812797025831,0.1615,0.035,FALSE,FALSE,exante_mid,-7,18.75,big_dog,low_implied,0.11848081112932017,0.0967741935483871,0.1021370261928197,0.07407407407407407,0.1203317387832669,0.12293548084294693,0.1258213278728459,0.031005967587949844,0,0.028284359815269014,0,0.03105618320142702,0.0342575238703931,0.03508657879122311
TE,00-0038996,2024,13,5.46392680030765,0.333,0.1225,TRUE,FALSE,exante_mid,3.5,25.5,fav,mid_implied,0.31295218879579273,0.25,0.32053469466211204,0.25,0.3218073445025141,0.3122766979078154,0.31431753376831617,0.12679973155454327,0.12162162162162163,0.13505354767958674,0.12162162162162163,0.1250047986347786,0.09998942241323233,0.11247921455084359
TE,00-0039065,2024,13,6.75365678759071,0.4735,0.2065,TRUE,FALSE,exante_mid,11,29.5,big_fav,high_implied,0.49196262834750354,0.6086956521739131,0.5318592124911163,0.6666666666666666,0.49418769741829405,0.5443983111206269,0.5344702220697457,0.22607068579474043,0.2702702702702703,0.25335556548979365,0.2972972972972973,0.2258661552339319,0.18235652166662852,0.12970642954954875
TE,00-0039338,2024,13,7.31887256723465,0.4135,0.183,TRUE,TRUE,exante_high,-12.5,15.5,big_dog,low_implied,0.41481875992558465,0.38016528925619836,0.41481875992558465,0.38016528925619836,0.3925222768498174,0.43765159334044434,0.43470970367168654,0.19798067838676875,0.20408163265306123,0.19798067838676875,0.20408163265306123,0.20221258534671793,0.32352336422840744,0.31616911921848967
TE,00-0039847,2024,13,5.777016461850319,0.3275,0.116,FALSE,FALSE,exante_mid,-2.5,18.5,dog,low_implied,0.30614186976418956,0.25,0.3125014182805137,0.25,0.30695535177570826,0.29195590396683163,0.29864194622232476,0.1193056951208436,0.12162162162162163,0.12629279260118426,0.12162162162162163,0.11908867767719629,0.14885431920357356,0.19026910953845666
TE,00-0030506,2024,14,8.515728893028484,0.599,0.322,FALSE,FALSE,exante_high,4.5,24.5,fav,mid_implied,0.6645923922138883,0.6,0.6645923922138883,0.6,0.6586320457497878,0.6561109762174553,0.6740352418255052,0.37358533208854827,0.27058823529411763,0.37358533208854827,0.27058823529411763,0.38778753873511485,0.3704415322585151,0.22332162986225648
TE,00-0033288,2024,14,6.046140834108916,0.3995,0.162,TRUE,TRUE,exante_mid,6.5,25.5,fav,mid_implied,0.41118630559948605,0.4017094017094017,0.4386638266696072,0.40707964601769914,0.41356693826952123,0.4274261062854186,0.4262047862369081,0.1797877808334791,0.21739130434782608,0.19917849497497178,0.21621621621621623,0.17637221167016157,0.15342898592941973,0.1644861100308228
TE,00-0033858,2024,14,6.40990959557887,0.449,0.189,TRUE,FALSE,exante_mid,6.5,25.5,fav,mid_implied,0.47563549512497366,0.5652173913043478,0.5149452403834125,0.5294117647058824,0.4779017752278879,0.489844962664606,0.4881278088357405,0.21254441870601318,0.27058823529411763,0.24009292504692667,0.28888888888888886,0.2098280007741264,0.18640519272256073,0.19030955869741517
TE,00-0033881,2024,14,7.270144945088085,0.485,0.2165,FALSE,FALSE,exante_high,-1.5,21,close,mid_implied,0.5222418255441789,0.5897435897435898,0.5222418255441789,0.5897435897435898,0.51944878721175,0.48847032735808715,0.48981016612059797,0.24601736937547466,0.27058823529411763,0.24601736937547466,0.27058823529411763,0.2509923101620327,0.27512984904601473,0.2525871387375825
TE,00-0033885,2024,14,7.648888238783964,0.4545,0.213,TRUE,TRUE,exante_high,-6,17.25,dog,low_implied,0.48278116191846215,0.5652173913043478,0.48278116191846215,0.5652173913043478,0.4751904034544057,0.4712627336920534,0.47966989062158305,0.24175526400509426,0.27058823529411763,0.24175526400509426,0.27058823529411763,0.25194746719606104,0.35165832049338797,0.3097867785210767
TE,00-0034270,2024,14,5.3073944777977555,0.2845,0.081,FALSE,FALSE,exante_mid,-6.5,19,big_dog,low_implied,0.26450336611170844,0.26136363636363635,0.2642410886760423,0.26136363636363635,0.2656023283796526,0.2731747044465006,0.2636327666672499,0.08375306708294696,0.09090909090909091,0.08340866118069802,0.09090909090909091,0.08388493558059947,0.10517383909755162,0.12151134657652554
TE,00-0034829,2024,14,5.1923269819193525,0.289,0.0915,FALSE,FALSE,exante_mid,6,25.75,fav,mid_implied,0.27005907120506906,0.26136363636363635,0.2707529767826509,0.26136363636363635,0.2721618722299752,0.2870543583044432,0.28788514225780504,0.09587850969664999,0.11818181818181818,0.09742597882742848,0.11818181818181818,0.09423035767772517,0.07234666102932939,0.06704633956917688
TE,00-0035229,2024,14,7.021457444141523,0.468,0.21,FALSE,FALSE,exante_high,4.5,25,fav,mid_implied,0.5002868706079163,0.5774804905239688,0.5002868706079163,0.5774804905239688,0.4985903570911154,0.49983990348527246,0.5083211820622505,0.23810210451487818,0.27058823529411763,0.23810210451487818,0.27058823529411763,0.24050630287565636,0.2148058710740341,0.17309282628857325
TE,00-0035644,2024,14,4.769756850078276,0.2145,0.0575,FALSE,FALSE,exante_mid,-1.5,22,close,mid_implied,0.18135682672559864,0.19642857142857142,0.16915469374990652,0.2037037037037037,0.18173307304701125,0.17341245145804582,0.17293623162690433,0.05720988980049832,0.04395604395604396,0.05376309334234234,0.046511627906976744,0.05722132338524741,0.0502415710724941,0.04593041054352931
TE,00-0036040,2024,14,5.305230723981502,0.251,0.0825,TRUE,FALSE,exante_mid,3.5,21.5,fav,mid_implied,0.22387604549897516,0.2289156626506024,0.21714312573374928,0.2289156626506024,0.22322555330574362,0.21518886173875618,0.21743839638211332,0.08547657777569066,0.09090909090909091,0.08538536174911857,0.09090909090909091,0.08544775504076611,0.08298172890740514,0.08203202391563075
TE,00-0036637,2024,14,4.897690291198972,0.2165,0.0605,FALSE,FALSE,exante_mid,4.5,24.5,fav,mid_implied,0.18363244644502352,0.20725760183591507,0.17168097111645061,0.2121076900193366,0.18347970675383612,0.19026812927354578,0.19581463944097466,0.06054395124083861,0.0625,0.05739357541546725,0.0625,0.06076139088718033,0.0458077600073631,0.03329146972877671
TE,00-0036894,2024,14,5.284542035166834,0.2415,0.066,TRUE,FALSE,exante_mid,6,23.25,fav,mid_implied,0.21261771136341048,0.2289156626506024,0.2042871759795107,0.2289156626506024,0.21163187825119922,0.22008737368502382,0.22690979833157043,0.06670144331427445,0.09090909090909091,0.0641752978412945,0.09090909090909091,0.06805571575842252,0.05702152843887347,0.03704177474832978
TE,00-0036970,2024,14,5.170989034719671,0.254,0.083,FALSE,FALSE,exante_mid,-4.5,20.5,dog,mid_implied,0.22745710891040982,0.2289156626506024,0.22125216662278732,0.2289156626506024,0.22772864682619345,0.22943153637034958,0.2260957745657179,0.0860517551226881,0.09090909090909091,0.08604624797165265,0.09090909090909091,0.08524630932033278,0.09404178756085595,0.11286581984319108
TE,00-0037086,2024,14,4.390289462092199,0.2015,0.0425,FALSE,FALSE,exante_mid,13,28.75,big_fav,high_implied,0.16673352786448245,0.19642857142857142,0.15305205234440147,0.2037037037037037,0.16821715167188417,0.21709374330476036,0.22553378704430985,0.04084313564866006,0,0.03643558401400467,0,0.04103191802624948,0.023732294267779744,0.011404919342577556
TE,00-0037475,2024,14,4.182580718248503,0.164,0.0455,FALSE,FALSE,exante_mid,-4.5,20,dog,low_implied,0.12634859663388812,0.10256410256410256,0.10995211149515216,0.0821917808219178,0.1267399828473363,0.12939967268311858,0.12737885129529203,0.04407167669764474,0.04395604395604396,0.03978155981437817,0.046511627906976744,0.043383371811889185,0.04602420133411114,0.0565575140608682
TE,00-0037744,2024,14,7.0304213769914545,0.4885,0.2305,TRUE,FALSE,exante_high,1.5,23.5,close,mid_implied,0.5267468772795175,0.5897435897435898,0.5267468772795175,0.5897435897435898,0.5261146428916988,0.500783870906771,0.5013217368825509,0.2630624907650872,0.27058823529411763,0.2630624907650872,0.27058823529411763,0.26349947500741794,0.25522256962289713,0.2562177871067145
TE,00-0037809,2024,14,5.185603725429724,0.2595,0.082,FALSE,FALSE,exante_mid,1.5,22.5,close,mid_implied,0.234053315425861,0.2289156626506024,0.22884438651357938,0.2289156626506024,0.23453022605395027,0.22062295927884817,0.22030713312301628,0.08490173549410149,0.09090909090909091,0.08472546385909403,0.09090909090909091,0.08428265854267153,0.07498367729383816,0.07624680756699395
TE,00-0038041,2024,14,5.5171104073282695,0.2785,0.0775,FALSE,FALSE,exante_mid,-6,19.75,dog,low_implied,0.2571295060559779,0.26136363636363635,0.2556216392101017,0.26136363636363635,0.2565771798648001,0.26548626624972205,0.2626049890499367,0.07974369284276216,0.09090909090909091,0.07883203306940581,0.09090909090909091,0.0812879836239031,0.09371640583223208,0.0831629170208643
TE,00-0038115,2024,14,3.966474126428055,0.127,0.0335,FALSE,FALSE,exante_low,-3.5,18,dog,low_implied,0.08955054633301306,0.07142857142857142,0.08955054633301306,0.07142857142857142,0.08907133474146631,0.08666162536161484,0.086736077297255,0.03131866526080343,0,0.03131866526080343,0,0.03130298523673764,0.03554056360485706,0.03974583156589975
TE,00-0038129,2024,14,6.6924654573689395,0.492,0.2155,FALSE,FALSE,exante_mid,7.5,26,big_fav,mid_implied,0.53124612900238,0.5897435897435898,0.5794890267378038,0.7272727272727273,0.533573465679641,0.5514302866206251,0.5500368537854419,0.24479962739782377,0.27058823529411763,0.28056449982042847,0.28888888888888886,0.24245701556690383,0.21543857797511307,0.2097692802886886
TE,00-0038996,2024,14,5.581680214971139,0.3305,0.12,TRUE,FALSE,exante_mid,-5.5,23,dog,mid_implied,0.32217931594821714,0.26136363636363635,0.3324148399204709,0.26136363636363635,0.3240579756660381,0.340225765004624,0.33401700272952206,0.12938169708307912,0.11818181818181818,0.13726072779822596,0.11818181818181818,0.12696627763224427,0.12791934196519864,0.1553986820872669
TE,00-0039065,2024,14,7.2002258784284665,0.5365,0.2615,FALSE,FALSE,exante_high,5.5,28.5,fav,high_implied,0.587827396542548,0.5897435897435898,0.587827396542548,0.5897435897435898,0.5884369282503745,0.6071791869485402,0.6144128178960812,0.30073402333675653,0.27058823529411763,0.30073402333675653,0.27058823529411763,0.30026657275629276,0.23330439244035195,0.18535995369480623
TE,00-0039066,2024,14,4.039432961850198,0.1295,0.0335,TRUE,FALSE,exante_mid,-7.5,18.5,big_dog,low_implied,0.09192923616046043,0.07142857142857142,0.07522462873897841,0.05714285714285714,0.09134211485830185,0.10217554570227325,0.1027674572838049,0.03131866526080343,0,0.026812718817823385,0,0.03145624879307379,0.03726198616131308,0.038152137354226005
TE,00-0039338,2024,14,7.216454747162317,0.4575,0.216,FALSE,FALSE,exante_high,-7.5,18.5,big_dog,low_implied,0.48667576040051835,0.5652173913043478,0.48667576040051835,0.5652173913043478,0.4827962614476071,0.4949857170189172,0.4942500576530963,0.2454084992684156,0.27058823529411763,0.2454084992684156,0.27058823529411763,0.24973297014893503,0.3425881702877172,0.3679074324771974
TE,00-0030506,2024,15,8.686654725278599,0.6855,0.4145,FALSE,FALSE,exante_high,6.5,25.5,fav,mid_implied,0.7439276678352127,1,0.7439276678352127,1,0.7412410928994124,0.7476472933983295,0.7505457234121279,0.47161246863876727,0.5,0.47161246863876727,0.5,0.47817869826194365,0.47186738663801214,0.3715039041699924
TE,00-0032392,2024,15,4.751398524024848,0.1975,0.0545,FALSE,FALSE,exante_mid,-6.5,19.25,big_dog,low_implied,0.1681176957221082,0.1864406779661017,0.15339556998696033,0.19298245614035087,0.16761373572980284,0.17880759105103913,0.17814754404659497,0.0530245128164872,0.043010752688172046,0.048527640670502456,0.045454545454545456,0.0532328928897129,0.062409208194857305,0.06474703031305397
TE,00-0033090,2024,15,7.725132891195896,0.5095,0.255,FALSE,FALSE,exante_high,-6.5,19.25,big_dog,low_implied,0.5400987918840894,0.5526315789473685,0.5400987918840894,0.5526315789473685,0.533457115913276,0.5435920260808809,0.545349408839167,0.28578478325622153,0.2553191489361702,0.28578478325622153,0.2553191489361702,0.29199414661523493,0.3809268121912963,0.3618844224464589
TE,00-0033288,2024,15,6.3432806285603,0.396,0.1705,FALSE,FALSE,exante_mid,3,25,fav,mid_implied,0.40092573100048157,0.4067796610169492,0.4342671170961223,0.41228070175438597,0.40075499575244433,0.3926416608787466,0.39462763613582924,0.18558983696390707,0.23404255319148937,0.2115474558743204,0.23684210526315788,0.18440025393238332,0.15554069454780758,0.1520822011103155
TE,00-0033858,2024,15,6.446311799069435,0.41,0.1655,TRUE,TRUE,exante_mid,-2.5,22,dog,mid_implied,0.4181209310348958,0.4067796610169492,0.4554399343091479,0.41228070175438597,0.41790078627712085,0.40035219771223923,0.3990163665700706,0.17969465617427605,0.23404255319148937,0.20386074576543453,0.23684210526315788,0.17984035436910265,0.18396901296670246,0.19526922540372016
TE,00-0034364,2024,15,4.702645638788117,0.2065,0.059,FALSE,FALSE,exante_mid,-6.5,19,big_dog,low_implied,0.1778786356697445,0.1864406779661017,0.1643879893402497,0.19298245614035087,0.17825538321889015,0.18815117881537685,0.18623718815224555,0.05788504819616842,0.043010752688172046,0.053857692483048454,0.045454545454545456,0.05758292892840459,0.07027032223095733,0.08614292131842613
TE,00-0034383,2024,15,6.093722298922803,0.3845,0.1475,FALSE,FALSE,exante_mid,2.5,24.5,close,mid_implied,0.3868261633423896,0.4067796610169492,0.4168600736410542,0.41228070175438597,0.38837490382417783,0.3742003714005549,0.37392741317206435,0.15854568514522444,0.17073170731707318,0.17645388186403785,0.17073170731707318,0.157452498712376,0.13307186244686056,0.13212949149646297
TE,00-0034829,2024,15,5.076928402098447,0.243,0.074,FALSE,FALSE,exante_mid,4,26.5,fav,high_implied,0.21851604809075417,0.2413793103448276,0.21136349546680552,0.2413793103448276,0.21881604724377834,0.22619181296886876,0.22944776912465767,0.0743403331060243,0.08433734939759036,0.07247621370705162,0.08433734939759036,0.07408102382068489,0.048296780672026474,0.03426257573237762
TE,00-0034981,2024,15,4.814164470333144,0.226,0.058,TRUE,FALSE,exante_mid,-3,22.5,dog,mid_implied,0.19939062695173268,0.2413793103448276,0.18903157449312086,0.2413793103448276,0.20037766835319215,0.1974580959019532,0.1969223580035472,0.05680159894944732,0.043010752688172046,0.05266224127447816,0.045454545454545456,0.0569289123128104,0.04815004974542941,0.04091629628028482
TE,00-0035229,2024,15,7.067399471686316,0.473,0.2025,FALSE,FALSE,exante_high,5.5,24,fav,mid_implied,0.4955464118856215,0.5526315789473685,0.4955464118856215,0.5526315789473685,0.49329430384418527,0.49752220119514873,0.500463397596684,0.22346113852516217,0.2553191489361702,0.22346113852516217,0.2553191489361702,0.22636455159875082,0.2170247309455347,0.16942516090003823
TE,00-0035644,2024,15,5.059558586057882,0.2355,0.0685,FALSE,FALSE,exante_mid,-3,21.75,dog,mid_implied,0.21003814720326824,0.2413793103448276,0.2014193919639005,0.2413793103448276,0.20995439878412703,0.2059292382647389,0.20598734958758053,0.06826505859228513,0.08433734939759036,0.06550723037016867,0.08433734939759036,0.0683938828074306,0.06319774392684269,0.05863647929252053
TE,00-0035689,2024,15,4.67137243489537,0.1925,0.0455,FALSE,FALSE,exante_mid,-3,24.25,dog,mid_implied,0.16274368359993394,0.1864406779661017,0.14739895960626012,0.19298245614035087,0.1624057492629844,0.16562216823919537,0.16763264533511382,0.04342897666051552,0.043010752688172046,0.03827492399784318,0.045454545454545456,0.04405879908132364,0.03053277234975825,0.018031986996491806
TE,00-0036040,2024,15,5.458456655046118,0.264,0.0825,FALSE,FALSE,exante_mid,-3,22.5,dog,mid_implied,0.24256631869406534,0.2413793103448276,0.23991588348284754,0.2413793103448276,0.24135691657529995,0.23876597100017585,0.2402922727285188,0.08381269194437914,0.08433734939759036,0.08353699854299033,0.08433734939759036,0.08447685768655797,0.075070753957841,0.061913302389449656
TE,00-0036244,2024,15,3.991627246232704,0.1475,0.0315,FALSE,FALSE,exante_low,-3,22,dog,mid_implied,0.1161276678394866,0.09090909090909091,0.1161276678394866,0.09090909090909091,0.11648035706206865,0.11641627798119106,0.1166594600436619,0.02890938490023095,0,0.02890938490023095,0,0.029108156581057292,0.023276899513704763,0.017265187639313926
TE,00-0036429,2024,15,3.9923819600425743,0.173,0.038,FALSE,FALSE,exante_low,3,23.75,fav,mid_implied,0.1421390745828882,0.10126582278481013,0.1421390745828882,0.10126582278481013,0.14425731986217297,0.1416294101565809,0.14098194545788156,0.03558081669196789,0,0.03558081669196789,0,0.03528025937213134,0.025564543713438408,0.021501798956325195
TE,00-0036637,2024,15,5.112500300885396,0.298,0.1035,FALSE,FALSE,exante_mid,6.5,25.5,fav,mid_implied,0.2823538960852663,0.2608695652173913,0.28803465284560636,0.2608695652173913,0.28655370277460496,0.3005980754187414,0.299179386856677,0.10757751015841466,0.11578947368421053,0.11215938518107636,0.11578947368421053,0.10456153605500054,0.08496208319964509,0.10151157387817962
TE,00-0036876,2024,15,4.374392304724236,0.1615,0.0485,FALSE,FALSE,exante_mid,-4.5,19.25,dog,low_implied,0.13026996742887564,0.1,0.11210834363077973,0.08130081300813008,0.12967653127811296,0.13178573386840037,0.1317606061051294,0.04660755627040787,0.043010752688172046,0.04162874199191198,0.045454545454545456,0.04627190988178104,0.05199583541087024,0.0628289830033956
TE,00-0036894,2024,15,5.399793522492674,0.216,0.062,FALSE,FALSE,exante_mid,-4.5,20.5,dog,mid_implied,0.1882989161099384,0.1864406779661017,0.17625717499042978,0.19298245614035087,0.18475818254989274,0.19073276659739574,0.19394599695782136,0.061146297278932164,0.058823529411764705,0.05748036877143759,0.058823529411764705,0.06291507500691068,0.06362360696079487,0.04198844179030324
TE,00-0036970,2024,15,5.455771635451898,0.3035,0.1055,FALSE,FALSE,exante_mid,3,23.75,fav,mid_implied,0.2888750669186248,0.2608695652173913,0.29600148036619417,0.2608695652173913,0.29046681014713077,0.2817343420685442,0.2813644816347403,0.10986375168919996,0.11578947368421053,0.11496877747089364,0.11578947368421053,0.10852847969803074,0.09321460597910482,0.0994017562169114
TE,00-0037475,2024,15,4.285268901476968,0.201,0.065,FALSE,FALSE,exante_mid,3.5,25.25,fav,mid_implied,0.17190042799772834,0.1864406779661017,0.15764049754075782,0.19298245614035087,0.17449276169041658,0.17521478240446084,0.17494944315737312,0.06442322721849002,0.08433734939759036,0.06115571269887151,0.08433734939759036,0.06216400349624089,0.04496230294919401,0.05681320834249283
TE,00-0037744,2024,15,7.455830630964366,0.561,0.2705,TRUE,TRUE,exante_high,6.5,25.75,fav,mid_implied,0.6020399896950003,0.5526315789473685,0.6020399896950003,0.5526315789473685,0.6020499892578537,0.6129057794722039,0.6143727257049261,0.3041544263306934,0.2553191489361702,0.3041544263306934,0.2553191489361702,0.3058763709429232,0.28048267090045026,0.2322163814219524
TE,00-0037805,2024,15,3.992522761058071,0.1595,0.0365,FALSE,FALSE,exante_low,3.5,22,fav,mid_implied,0.12822848204970166,0.1,0.12822848204970166,0.1,0.12936644584198587,0.12703244322167628,0.12666050943714227,0.03402968431859252,0,0.03402968431859252,0,0.033853769877401636,0.028548564663829344,0.025764347596944515
TE,00-0037809,2024,15,5.102270654856637,0.242,0.076,TRUE,FALSE,exante_mid,-4,22.5,dog,mid_implied,0.217382111614406,0.2413793103448276,0.21002952408368708,0.2413793103448276,0.21742720180193145,0.22078338853040994,0.22112097928615806,0.07656038928835249,0.08433734939759036,0.07504808871065288,0.08433734939759036,0.07623098597164907,0.06897685201612024,0.0679253208230502
TE,00-0038041,2024,15,5.985272554254171,0.332,0.1125,FALSE,FALSE,exante_mid,1.5,22.5,close,mid_implied,0.32297957883217326,0.2608695652173913,0.33791436852563583,0.2608695652173913,0.32177831564592563,0.30151401217348966,0.30267042762686697,0.11789257242395544,0.11578947368421053,0.12490113262638446,0.11578947368421053,0.11903758756970641,0.10825316266817112,0.09079235284850357
TE,00-0038115,2024,15,4.066199453240124,0.117,0.03,FALSE,FALSE,exante_mid,-12,16.25,big_dog,low_implied,0.08661564688564206,0.09090909090909091,0.06782928057843345,0.08130081300813008,0.0851029318594555,0.10905288165379431,0.10957929607008883,0.027389498593932048,0,0.02212091585495762,0,0.02780496366902224,0.04261419020253535,0.04238481173404584
TE,00-0038129,2024,15,6.305978099034785,0.3335,0.1125,FALSE,FALSE,exante_mid,-3.5,21.75,dog,mid_implied,0.3247875356450079,0.2608695652173913,0.34014508260865445,0.2608695652173913,0.32066948458690997,0.3187997233880298,0.3221649901405946,0.11789257242395544,0.11578947368421053,0.12490113262638446,0.11578947368421053,0.12099421635104465,0.11853345699922424,0.08141018399865975
TE,00-0038589,2024,15,4.219649829225215,0.174,0.0425,TRUE,FALSE,exante_mid,-4,22.5,dog,mid_implied,0.14318140702508753,0.10126582278481013,0.12593315065433663,0.08130081300813008,0.14416196242652765,0.14782516186787675,0.14751192258388504,0.04027208986150485,0,0.034989221339196394,0,0.04007146541269224,0.03316244432976258,0.02994220009820259
TE,00-0038933,2024,15,6.504502696157587,0.3935,0.1565,FALSE,FALSE,exante_mid,-3,24.25,dog,mid_implied,0.3978583596159514,0.4067796610169492,0.4304831768966705,0.41228070175438597,0.39584049662733867,0.3928158995466628,0.39561741930670924,0.16910443932547975,0.23404255319148937,0.19010008878105814,0.23684210526315788,0.17048598023564138,0.14662330229819037,0.11860615100641808
TE,00-0038935,2024,15,4.196858610311646,0.14,0.039,TRUE,TRUE,exante_mid,-3.5,18.5,dog,low_implied,0.10869886768471645,0.09090909090909091,0.08970907486272668,0.08130081300813008,0.10774596654627934,0.10621028388731873,0.10654260818772288,0.03661851357822184,0,0.031246912379427304,0,0.036647033007157076,0.0414216437827971,0.04527964766071022
TE,00-0039065,2024,15,7.042173240381399,0.507,0.249,TRUE,TRUE,exante_high,3,27.25,fav,high_implied,0.5370610017349995,0.5526315789473685,0.5370610017349995,0.5526315789473685,0.5375632785432873,0.5316136627965401,0.5341092219053076,0.2786663823324086,0.2553191489361702,0.2786663823324086,0.2553191489361702,0.2773368947000704,0.2152897163593235,0.19221469198988592
TE,00-0039338,2024,15,7.739332894762626,0.5135,0.251,FALSE,FALSE,exante_high,-3,20.75,dog,mid_implied,0.5449542342332581,0.5526315789473685,0.5449542342332581,0.5526315789473685,0.5384611019562524,0.5223728839310287,0.5255366035833874,0.2810395597815029,0.2553191489361702,0.2810395597815029,0.2553191489361702,0.28770988388820234,0.32860618548559023,0.27839179209080084
TE,00-0039737,2024,15,4.008855758383119,0.162,0.038,FALSE,FALSE,exante_mid,6.5,25.75,fav,mid_implied,0.13078141138024413,0.10063291139240507,0.11265035177864618,0.08130081300813008,0.13201294845813116,0.1456497175170337,0.14713332837917178,0.03558081669196789,0,0.030196523426427722,0,0.03531266463886291,0.0232532998089213,0.01632401700879767
TE,00-0039793,2024,15,4.414169040869181,0.1745,0.051,FALSE,FALSE,exante_mid,-3,21.75,dog,mid_implied,0.14370317286926448,0.10126582278481013,0.12649783463741016,0.08130081300813008,0.14368255127822077,0.14258434403695963,0.14300265418674413,0.04927196159965677,0.043010752688172046,0.04447320403688682,0.045454545454545456,0.0488238267188233,0.04361563107670912,0.04574460007004497
TE,00-0030506,2024,16,8.275821487525223,0.596,0.3345,FALSE,FALSE,exante_high,4,24.25,fav,mid_implied,0.6206155768114145,0.5454545454545454,0.6206155768114145,0.5454545454545454,0.6063803853741048,0.6078341565322063,0.5970417088472761,0.37670669398171613,0.26262626262626265,0.37670669398171613,0.26262626262626265,0.3762330238130373,0.3792532571094645,0.2825356805960781
TE,00-0032392,2024,16,4.925394155840132,0.1955,0.055,FALSE,FALSE,exante_mid,-12,17.25,big_dog,low_implied,0.16900319104474187,0.171875,0.1552536963433784,0.1774193548387097,0.16476303394634886,0.20710969300696605,0.2083571999635461,0.05409903153625402,0.04040404040404041,0.05005669939487722,0.0425531914893617,0.054050118063101546,0.07936194659589557,0.082931459062006
TE,00-0033090,2024,16,6.847956159048939,0.3975,0.1665,TRUE,FALSE,exante_mid,-12,17.25,big_dog,low_implied,0.3921912702822936,0.4016393442622951,0.42812734336162955,0.40229885057471265,0.37938444363065127,0.4427756001634742,0.44405607200037794,0.18054409699891485,0.24,0.20339618083632402,0.24390243902439024,0.18030932926526486,0.2821900592820145,0.3024085958765809
TE,00-0033288,2024,16,6.365377053226748,0.4475,0.204,TRUE,TRUE,exante_mid,-1.5,23.5,close,mid_implied,0.44992044438257855,0.5428571428571428,0.4997352155619237,0.5555555555555556,0.45863820851507825,0.43201858916961905,0.4400904862609818,0.2244042700276569,0.26262626262626265,0.25992224670480407,0.2765957446808511,0.22470552260646612,0.21233996191566154,0.2943189741657982
TE,00-0033858,2024,16,6.383729614628032,0.434,0.183,TRUE,FALSE,exante_mid,1.5,25,close,mid_implied,0.434304380592072,0.4166666666666667,0.4804896267561023,0.41935483870967744,0.440009836348791,0.4186973041214266,0.42093235835023013,0.19981309112212173,0.26262626262626265,0.22816461851854217,0.2765957446808511,0.19995637964351526,0.16821685150172122,0.18035130064375776
TE,00-0033885,2024,16,7.243183669941123,0.507,0.247,TRUE,FALSE,exante_high,-6,21.75,dog,mid_implied,0.5187515411759978,0.5428571428571428,0.5187515411759978,0.5428571428571428,0.5149332213505907,0.5322444957788575,0.5346929719844938,0.27482540736728583,0.26262626262626265,0.27482540736728583,0.26262626262626265,0.2747563531467702,0.31135789650830104,0.3369788322180395
TE,00-0034270,2024,16,5.268937963063199,0.2575,0.078,FALSE,FALSE,exante_mid,-2.5,21.75,dog,mid_implied,0.2347717334996575,0.25,0.23257182799763382,0.25,0.23435438905100203,0.22836037822154395,0.22851307689660347,0.07927094167254882,0.07954545454545454,0.0783739094060929,0.07954545454545454,0.07925632630860294,0.07512627855281566,0.07048194188380352
TE,00-0034383,2024,16,5.752750091078319,0.263,0.089,TRUE,FALSE,exante_mid,-4,20.25,dog,mid_implied,0.24075700172677192,0.25,0.23981914952572211,0.25,0.23192043275263285,0.23865699118051342,0.23407146703030157,0.09154698325396425,0.1111111111111111,0.09275314176956867,0.1111111111111111,0.0914389165484814,0.10123163315239922,0.08524002202755648
TE,00-0034753,2024,16,6.500380546176196,0.42,0.1925,TRUE,FALSE,exante_mid,4.5,25.5,fav,mid_implied,0.41812807726713574,0.4016393442622951,0.46044531433248964,0.41935483870967744,0.41818299531871966,0.42151043076710476,0.4172732009349786,0.21093072418619932,0.26262626262626265,0.2425084421877119,0.2765957446808511,0.21106171562245146,0.18116771719136762,0.18264165623041764
TE,00-0034981,2024,16,5.145904940408423,0.202,0.0565,FALSE,FALSE,exante_mid,-13,14.5,big_dog,low_implied,0.17573427660415034,0.171875,0.16293168912886485,0.1774193548387097,0.16907515042635643,0.21118574035907342,0.21372626797492134,0.0557160831053672,0.04040404040404041,0.05181932682109611,0.0425531914893617,0.055628425767547805,0.1028437611156461,0.11267573559371298
TE,00-0035229,2024,16,7.031046617721737,0.456,0.2005,FALSE,FALSE,exante_high,2,23.75,close,mid_implied,0.45975799900709813,0.5428571428571428,0.45975799900709813,0.5428571428571428,0.45233648648057995,0.4389901260063011,0.4330328894610378,0.22030222412725362,0.26262626262626265,0.22030222412725362,0.26262626262626265,0.22012610332833338,0.20706234014013244,0.1673289842018817
TE,00-0035644,2024,16,5.238581713092649,0.2565,0.0825,FALSE,FALSE,exante_mid,-2,21.75,close,mid_implied,0.2336858497259963,0.25,0.23126002698459114,0.25,0.23368091415991518,0.22394119696793285,0.22437179967855672,0.08427711305156983,0.07954545454545454,0.08419911149325202,0.07954545454545454,0.08429753813273125,0.07998992327040581,0.08398451804833079
TE,00-0036887,2024,16,3.977261000806355,0.159,0.0355,FALSE,FALSE,exante_low,-1.5,19,close,low_implied,0.1320560159130624,0.1,0.1320560159130624,0.1,0.13497802225426,0.12005798968396277,0.12354120546478888,0.033490087169769776,0,0.033490087169769776,0,0.03349665787573856,0.03513817779147513,0.03918655429547891
TE,00-0036894,2024,16,6.039845711913455,0.325,0.12,FALSE,FALSE,exante_mid,-4.5,21,dog,mid_implied,0.30954410097330193,0.25,0.3246583416649257,0.25,0.30422761966362505,0.3120183072377719,0.31072981631075536,0.12672874002787046,0.1111111111111111,0.13543319794665595,0.1111111111111111,0.12666787977637853,0.13816845588737428,0.1363940527668139
TE,00-0037005,2024,16,4.767781770869517,0.191,0.057,FALSE,FALSE,exante_mid,-4,21,dog,mid_implied,0.16436850598573927,0.171875,0.15000446761374955,0.1774193548387097,0.16179184954321713,0.16743316313599546,0.1656007322638543,0.056255963845481,0.04040404040404041,0.052409760761474966,0.0425531914893617,0.0562496519831639,0.05526806149483869,0.05300125779248828
TE,00-0037475,2024,16,4.50785495073899,0.1835,0.048,FALSE,FALSE,exante_mid,3,22.75,fav,mid_implied,0.15669157077402518,0.10975609756097561,0.14138017780359757,0.09302325581395349,0.15668840834692813,0.152934199030221,0.15088370974995463,0.046607364715322064,0.04040404040404041,0.04201171255560647,0.0425531914893617,0.04660220130387863,0.03871116279596251,0.030963512836952003
TE,00-0037539,2024,16,4.108436707429052,0.153,0.038,FALSE,FALSE,exante_mid,-3,19.75,dog,low_implied,0.12613346594743394,0.1,0.10802633027350181,0.09302325581395349,0.12644984763235315,0.1225909789837418,0.12352594876210585,0.0360831273388253,0,0.03109267927049116,0,0.036086035313959874,0.03665006095639604,0.037924517732160545
TE,00-0037744,2024,16,7.090388778516143,0.484,0.237,FALSE,FALSE,exante_high,4,25,fav,mid_implied,0.4921656254178307,0.5428571428571428,0.4921656254178307,0.5428571428571428,0.48823458855527213,0.4875176610090686,0.48204204828446073,0.2631032570437354,0.26262626262626265,0.2631032570437354,0.26262626262626265,0.2630934786228283,0.24062202547003983,0.2219654227259047
TE,00-0037809,2024,16,6.005138602535764,0.2955,0.1,TRUE,TRUE,exante_mid,-4.5,19,dog,low_implied,0.2765371631456671,0.25,0.28365420875847686,0.25,0.2673347979648887,0.27135974965592025,0.26909277332099923,0.10394286382079954,0.1111111111111111,0.1075697350788937,0.1111111111111111,0.10379665507236248,0.12886680988826973,0.11463148932524793
TE,00-0037838,2024,16,4.919662589995845,0.259,0.0755,FALSE,FALSE,exante_mid,4.5,25.5,fav,mid_implied,0.23640192370581103,0.25,0.23454296405239733,0.25,0.24306269467557512,0.24454097784456533,0.24453495857857413,0.07649992194840433,0.07954545454545454,0.07517410901961578,0.07954545454545454,0.07656930975413344,0.05590257359810464,0.04996884966538387
TE,00-0038041,2024,16,5.634991587069639,0.286,0.089,FALSE,FALSE,exante_mid,-3.5,22,dog,mid_implied,0.26600954794870346,0.25,0.27067637739226835,0.25,0.2630474230697951,0.26643137757311286,0.2647388366614578,0.09154698325396425,0.1111111111111111,0.09275314176956867,0.1111111111111111,0.09147762036976397,0.08780263465037604,0.071833911459017
TE,00-0038933,2024,16,6.469708036108476,0.441,0.194,FALSE,FALSE,exante_mid,12,29.25,big_fav,high_implied,0.4423999666727777,0.4166666666666667,0.4904807778668205,0.5,0.4471340954884149,0.5053280828639658,0.49641659005932137,0.21268731848928077,0.26262626262626265,0.2447772286710999,0.2765957446808511,0.2128485470439392,0.1573499240624507,0.12225391577472998
TE,00-0038935,2024,16,4.883740195445274,0.2065,0.055,FALSE,FALSE,exante_mid,-1.5,19,close,low_implied,0.18041886592392595,0.171875,0.16831175055339176,0.1774193548387097,0.17842931514270496,0.16301681746440327,0.16387937566775249,0.05409903153625402,0.04040404040404041,0.05005669939487722,0.0425531914893617,0.05405854261287227,0.06015066545283062,0.05733149397935251
TE,00-0038996,2024,16,5.31846021001875,0.373,0.1185,FALSE,FALSE,exante_mid,13,27.5,big_fav,high_implied,0.3640727566103005,0.4016393442622951,0.39293203976208024,0.40229885057471265,0.38538837034039525,0.4232152430107693,0.43048031370085293,0.12501028107155318,0.1111111111111111,0.1333075371193507,0.1111111111111111,0.12525359642857772,0.09744031173118982,0.10185363604221727
TE,00-0039050,2024,16,4.072697908062658,0.165,0.04,FALSE,FALSE,exante_mid,3.5,25.5,fav,mid_implied,0.13802357607423832,0.10975609756097561,0.12080630850714004,0.09302325581395349,0.14079562633853165,0.14372402692365255,0.14133847822457868,0.03816923185066533,0.025,0.03321747279008932,0.02631578947368421,0.038188575600532126,0.02476288522541055,0.017893189645254846
TE,00-0039065,2024,16,7.311909970845937,0.585,0.303,TRUE,FALSE,exante_high,7.5,27,big_fav,high_implied,0.6081569366085962,0.5454545454545454,0.6081569366085962,0.5454545454545454,0.6164587361958543,0.6277059421376462,0.6296017061574919,0.34022562349733687,0.26262626262626265,0.34022562349733687,0.26262626262626265,0.3404443119536096,0.3011588621712585,0.30421205868179974
TE,00-0039338,2024,16,8.025674942302382,0.5205,0.251,TRUE,TRUE,exante_high,1.5,20.5,close,mid_implied,0.5343253255576497,0.5428571428571428,0.5343253255576497,0.5428571428571428,0.5120539500569872,0.49035971487527874,0.4792650422660934,0.2795120759297436,0.26262626262626265,0.2795120759297436,0.26262626262626265,0.2788438359919853,0.32814462131520666,0.228128056946374
TE,00-0030061,2024,17,5.987000977056022,0.3375,0.1285,TRUE,TRUE,exante_mid,3.5,24.75,fav,mid_implied,0.3248083646616644,0.4069767441860465,0.34554714087613264,0.4,0.3237042499385363,0.3195989209017948,0.31208061357583167,0.1347948347048051,0.16666666666666666,0.14708004029681485,0.16666666666666666,0.1346082544396209,0.1117144489523662,0.09641986604743039
TE,00-0030506,2024,17,8.496245873462119,0.6465,0.3595,TRUE,TRUE,exante_high,6.5,24,fav,mid_implied,0.6885011200406703,0.5714285714285714,0.6885011200406703,0.5714285714285714,0.6829753316776502,0.6800041307207538,0.6710552695782567,0.3990104403606307,0.25688073394495414,0.3990104403606307,0.25688073394495414,0.40587993372613984,0.42585049413060017,0.3190662736361863
TE,00-0032392,2024,17,4.944864069447338,0.208,0.0545,FALSE,FALSE,exante_mid,-6,17.75,dog,low_implied,0.17913278629260068,0.16326530612244897,0.1667464547230009,0.16666666666666666,0.177555549336185,0.18600430802507367,0.18877765775367314,0.05326478282453448,0.038461538461538464,0.048563281771746736,0.04040404040404041,0.053969605771895794,0.06844114931885041,0.06663114441969203
TE,00-0033110,2024,17,5.168613137161318,0.2745,0.0895,FALSE,FALSE,exante_mid,3,25.75,fav,mid_implied,0.2522519521291886,0.25252525252525254,0.2545993059010689,0.25252525252525254,0.2550207679168703,0.25211991432597647,0.24973158701296155,0.09121265607759672,0.11538461538461539,0.09251945370222367,0.11538461538461539,0.09008617252161019,0.06367041688148355,0.058678297527023436
TE,00-0033288,2024,17,6.724684250582993,0.5075,0.228,TRUE,TRUE,exante_mid,-3,24.25,dog,mid_implied,0.5271450485934811,0.5454545454545454,0.5969710783409395,0.7142857142857143,0.5332574116010835,0.537765526011809,0.55111507917738,0.24863398460549244,0.25688073394495414,0.2979053983377771,0.2765957446808511,0.24589030866823994,0.23033467955138012,0.2770872539038612
TE,00-0033858,2024,17,6.511172873980931,0.4085,0.167,FALSE,FALSE,exante_mid,3.5,22.5,fav,mid_implied,0.40884658125524836,0.41025641025641024,0.4518724319469696,0.4523809523809524,0.4075660798140758,0.39004623501827695,0.3891050695383022,0.1785763500454052,0.23529411764705882,0.20433169244874363,0.23809523809523808,0.1789665387720084,0.18904163818937728,0.18830422159866986
TE,00-0034159,2024,17,4.754796927109191,0.235,0.071,FALSE,FALSE,exante_mid,6,23.75,fav,mid_implied,0.2082931510434954,0.25,0.20111168376148958,0.25,0.21132457019985576,0.20571793054832033,0.20661971222499767,0.0709727869450665,0.07692307692307693,0.06853141183367228,0.07692307692307693,0.06990143499498097,0.05871617888623794,0.06286565077503274
TE,00-0034270,2024,17,5.787676787872188,0.29,0.1055,TRUE,TRUE,exante_mid,-9.5,19.5,big_dog,low_implied,0.2698587928332008,0.25252525252525254,0.2764429483833412,0.25252525252525254,0.2666500678770567,0.3142158271247287,0.3143593021876433,0.1089674564772912,0.11538461538461539,0.11434721048318953,0.11538461538461539,0.10940954023187777,0.12698599508055824,0.1393651511198841
TE,00-0034364,2024,17,4.55454995815396,0.1825,0.048,FALSE,FALSE,exante_mid,-3.5,19,dog,low_implied,0.15237720709580285,0.10714285714285714,0.1362516586796799,0.09090909090909091,0.15191036419478587,0.14942112467555976,0.15128089915843682,0.04640212461764248,0.038461538461538464,0.04114640990226494,0.04040404040404041,0.04657025040522896,0.052960225644631376,0.0551210638806474
TE,00-0034383,2024,17,6.028102317106108,0.337,0.12,FALSE,FALSE,exante_mid,-1.5,22,close,mid_implied,0.32422333799170977,0.4069767441860465,0.3448067492070293,0.4,0.3224973017561294,0.3127975226131825,0.31163325301686906,0.12521409604158296,0.11538461538461539,0.13482230000983536,0.11538461538461539,0.12589393552568176,0.1269680113669289,0.11833765305964082
TE,00-0034829,2024,17,4.594677215204264,0.2105,0.0535,TRUE,TRUE,exante_mid,3,25.25,fav,mid_implied,0.1817987312745472,0.16326530612244897,0.16984313858010555,0.16666666666666666,0.18375368438808404,0.18104835582095335,0.17820233973496216,0.05220434745247741,0.038461538461538464,0.04740419956103706,0.04040404040404041,0.0520806721973308,0.03456252851948683,0.024690128440337585
TE,00-0034981,2024,17,4.914269890702827,0.245,0.0585,TRUE,FALSE,exante_mid,2.5,21.25,close,mid_implied,0.21928649084767374,0.25,0.21432115228731563,0.25,0.2217122866768209,0.20269876215911029,0.20769591376303528,0.05752226535020721,0.038461538461538464,0.05326165521149402,0.04040404040404041,0.05789512127399002,0.057205179416083815,0.04873478077902099
TE,00-0035229,2024,17,7.118156631078773,0.4195,0.1835,FALSE,FALSE,exante_high,1.5,24.75,close,mid_implied,0.42198285815504316,0.41025641025641024,0.42198285815504316,0.41025641025641024,0.4125274458946435,0.4106257369271368,0.38895274859870443,0.19747513217048562,0.25688073394495414,0.19747513217048562,0.25688073394495414,0.2015013806967366,0.17358645267620718,0.10472322272277204
TE,00-0035644,2024,17,5.251637480682325,0.2765,0.085,FALSE,FALSE,exante_mid,1.5,21.5,close,mid_implied,0.254513472754991,0.25252525252525254,0.2573938098559905,0.25252525252525254,0.2565005576255817,0.23502170585259968,0.23980786288658135,0.08625786648940205,0.07692307692307693,0.08654965498440852,0.07692307692307693,0.0858397036581843,0.08852927147965588,0.09783846499837126
TE,00-0035689,2024,17,4.663097231053656,0.272,0.08,FALSE,FALSE,exante_mid,9.5,29,big_fav,high_implied,0.24942952922665268,0.25,0.25111674114311755,0.25,0.2580116181776058,0.2732332287401377,0.2739081785134721,0.08077521964467543,0.07692307692307693,0.08001409471886163,0.07692307692307693,0.0785431575970422,0.041955066659587384,0.03814601532699432
TE,00-0036040,2024,17,5.3753113968117505,0.228,0.066,TRUE,FALSE,exante_mid,2.5,21.25,close,mid_implied,0.20065761684301994,0.25,0.19201366821398239,0.25,0.19662368671049155,0.18540919024314648,0.17789611834913263,0.06556784789782326,0.07692307692307693,0.062322570259025205,0.07692307692307693,0.06686221098214645,0.06654131372018027,0.045115101865037935
TE,00-0036422,2024,17,3.9808160401338606,0.1265,0.025,FALSE,FALSE,exante_low,-3,22.25,dog,mid_implied,0.09687983186000035,0.09722222222222222,0.09687983186000035,0.09722222222222222,0.09564949534660314,0.10004923651767324,0.09548738783354337,0.022838811638929844,0,0.022838811638929844,0,0.0233790222273474,0.016930972382117517,0.008335584260321561
TE,00-0036876,2024,17,4.514103303421161,0.195,0.054,FALSE,FALSE,exante_mid,NA,NA,NA,NA,0.16539043469505374,0.15789473684210525,0.1509452200225561,0.16666666666666666,0.1664698459902565,0.154360432770612,0.15422650392478146,0.05273436257655997,0.038461538461538464,0.047982947080906224,0.04040404040404041,0.0523698976679535,0.04385281165590818,0.04261261251855271
TE,00-0036894,2024,17,5.599939676992118,0.244,0.0775,FALSE,FALSE,exante_mid,-6.5,17.5,big_dog,low_implied,0.2181827710483119,0.25,0.21298934891280577,0.25,0.21311406798715318,0.22799916135311757,0.22585920456049105,0.0780434232088036,0.07692307692307693,0.07678694429320963,0.07692307692307693,0.0794758771368232,0.10736553123319037,0.10208623936260061
TE,00-0036970,2024,17,5.332219431416396,0.254,0.0835,TRUE,FALSE,exante_mid,-3.5,21.25,dog,mid_implied,0.22926223010935745,0.25,0.22641137491935592,0.25,0.227994694136068,0.2324494966562736,0.23144113346669676,0.08461048799234579,0.07692307692307693,0.08457791435958135,0.07692307692307693,0.08462615009730003,0.0851111219791102,0.08670418354353246
TE,00-0037744,2024,17,7.181175399127651,0.5085,0.231,TRUE,TRUE,exante_high,-3,22.75,dog,mid_implied,0.5283347243595401,0.5454545454545454,0.5283347243595401,0.5454545454545454,0.5273418680256224,0.5308281205711455,0.5340028287638745,0.25208691512079007,0.25688073394495414,0.25208691512079007,0.25688073394495414,0.25345661531325137,0.26301342788950727,0.2560641977528723
TE,00-0037809,2024,17,6.711309769593859,0.3395,0.1255,FALSE,FALSE,exante_mid,-1,19.25,close,low_implied,0.32714968261289723,0.4069767441860465,0.34851079570099663,0.4,0.31623661984178736,0.29868986367455885,0.286181895193459,0.1314090665951948,0.11764705882352941,0.14273428607585673,0.11764705882352941,0.13571756866629248,0.17143623827005158,0.119529491855506
TE,00-0038041,2024,17,6.016308088465379,0.3225,0.122,FALSE,FALSE,exante_mid,-11,17,big_dog,low_implied,0.3073131345523038,0.25252525252525254,0.3234362466419079,0.25252525252525254,0.30428722244293166,0.35539082250803383,0.3635503856728011,0.12746491431550086,0.11538461538461539,0.13769084592645597,0.11538461538461539,0.12793499049505086,0.18561303444995636,0.24334367690048098
TE,00-0038996,2024,17,5.677368657362091,0.3,0.102,FALSE,FALSE,exante_mid,-1.5,23.25,close,mid_implied,0.28131053478261775,0.25252525252525254,0.2907461938473344,0.25252525252525254,0.28047503720440176,0.2768199738787157,0.27375025452129753,0.10506673272273813,0.11538461538461539,0.1094980667797177,0.11538461538461539,0.10522461048636977,0.09228954255589206,0.0819139799530701
TE,00-0039041,2024,17,4.195411393135804,0.1705,0.043,FALSE,FALSE,exante_mid,-3,22.75,dog,mid_implied,0.14008229350804957,0.10714285714285714,0.12263513161631244,0.09090909090909091,0.14131657149154864,0.14497732526976143,0.14503433175809796,0.04117542707596914,0.024390243902439025,0.03564076505252803,0.02564102564102564,0.04093622357496434,0.03197139870276643,0.028913466399190367
TE,00-0039050,2024,17,4.228585161995316,0.202,0.0535,FALSE,FALSE,exante_mid,8.5,28,big_fav,high_implied,0.17276464735403674,0.16326530612244897,0.15938980716054924,0.16666666666666666,0.17719362663310265,0.1876342978265152,0.1840818790348034,0.05220434745247741,0.038461538461538464,0.04740419956103706,0.04040404040404041,0.05116855733688461,0.027325892914549073,0.021273351302740957
TE,00-0039065,2024,17,7.175805537485325,0.526,0.28,TRUE,TRUE,exante_high,3,27.25,fav,high_implied,0.5491115444522326,0.5454545454545454,0.5491115444522326,0.5454545454545454,0.550090703931487,0.552049758266071,0.5464134910111885,0.30842376724372467,0.25688073394495414,0.30842376724372467,0.25688073394495414,0.3058997018503159,0.24597186722252282,0.2429127467090826
TE,00-0039338,2024,17,7.995706751592952,0.5315,0.2665,TRUE,FALSE,exante_high,-2.5,18.75,dog,low_implied,0.5556228040694062,0.5454545454545454,0.5556228040694062,0.5454545454545454,0.5443221805354194,0.5312023812098926,0.5246793233785915,0.2929226636035348,0.25688073394495414,0.2929226636035348,0.25688073394495414,0.30018722524139335,0.4074519444493745,0.3637124735853355
TE,00-0039754,2024,17,4.338718231379242,0.1835,0.042,FALSE,FALSE,exante_mid,8.5,28,big_fav,high_implied,0.1534107077257642,0.10714285714285714,0.1374083853937812,0.09090909090909091,0.15481823451675347,0.1672586355055448,0.15824117780129762,0.04013605910896131,0.024390243902439025,0.03456198394758493,0.02564102564102564,0.040252184551307954,0.020025634977993485,0.009551096912584024
TE,00-0030061,2024,18,6.01410364932931,0.3885,0.1515,TRUE,FALSE,exante_mid,4.5,25,fav,mid_implied,0.3918458697525777,0.4,0.42338206241826165,0.3977272727272727,0.3951388662573842,0.38745346933046226,0.39009432441246933,0.16891198303969177,0.23076923076923078,0.18657684379875905,0.23255813953488372,0.16847821892359846,0.14527979084592826,0.15520785265705075
TE,00-0032392,2024,18,4.9543455193371475,0.217,0.0575,FALSE,FALSE,exante_mid,-2,19.5,close,low_implied,0.1892227997316074,0.22864077669902913,0.18040202435533212,0.22864077669902913,0.18855012317434913,0.1791921355200292,0.180749340525771,0.056746168054663856,0.045454545454545456,0.053398586281531366,0.047619047619047616,0.056866821091967855,0.06112776276331382,0.057422369413528386
TE,00-0033110,2024,18,5.09213459988442,0.2585,0.072,TRUE,FALSE,exante_mid,2.5,22,close,mid_implied,0.23609716312622533,0.25728155339805825,0.2349762645921644,0.25728155339805825,0.2376104297235276,0.22133631863142803,0.2243728211373338,0.07322090290793389,0.07216494845360824,0.07168415892288908,0.07216494845360824,0.07321884962860783,0.0669698858836951,0.06429573255650574
TE,00-0033288,2024,18,6.6553708866495125,0.4805,0.232,FALSE,FALSE,exante_mid,1,23.75,close,mid_implied,0.5050449830570418,0.5714285714285714,0.5588499239802062,0.6666666666666666,0.5085426490318309,0.4913873849854199,0.5009567181937011,0.26948282281290487,0.28125,0.31312156200228414,0.3076923076923077,0.26862250597710796,0.2720295282306248,0.3492186695925381
TE,00-0033576,2024,18,3.967422748024238,0.1345,0.037,FALSE,FALSE,exante_low,1,23.75,close,mid_implied,0.1031037418565944,0.0958904109589041,0.1031037418565944,0.0958904109589041,0.10266698223828397,0.09991316705295147,0.0957081909336157,0.034392139965670025,0,0.034392139965670025,0,0.034350988913222975,0.02660482993377081,0.02244289345489126
TE,00-0033858,2024,18,6.102617077957964,0.3905,0.1555,TRUE,TRUE,exante_mid,2.5,22,close,mid_implied,0.39430201592273706,0.4,0.42636655232896564,0.3977272727272727,0.3967194053800114,0.3729301018324645,0.3812999037810261,0.17386802685326483,0.23076923076923078,0.1927567086336761,0.23255813953488372,0.17349321733059334,0.1768200964242142,0.22123971492723787
TE,00-0034159,2024,18,4.18776215763338,0.156,0.0405,TRUE,FALSE,exante_mid,5.5,23,fav,mid_implied,0.12445602464618484,0.0958904109589041,0.10891863290015814,0.08888888888888889,0.12436143375568352,0.11901169527803755,0.11548497228720528,0.03811312681188831,0.023255813953488372,0.033691250194869016,0.024390243902439025,0.03810156992238498,0.02914439637766529,0.024064587738023398
TE,00-0034270,2024,18,6.229000590997499,0.361,0.137,FALSE,FALSE,exante_mid,-2.5,19.5,dog,low_implied,0.3581800934907852,0.4,0.3823952680869658,0.3977272727272727,0.3565864121448495,0.3454393348874522,0.3501301489465066,0.15102071533640193,0.1836734693877551,0.16438574737146278,0.1836734693877551,0.15116240925850302,0.18083580650691583,0.20505130845120412
TE,00-0034351,2024,18,6.056728537970507,0.3315,0.1305,FALSE,FALSE,exante_mid,3.5,21,fav,mid_implied,0.3223770577079781,0.25728155339805825,0.33878174935204824,0.25728155339805825,0.32030244559677046,0.2987855580777073,0.29686644735228285,0.14304472027975357,0.1836734693877551,0.15456402938545966,0.1836734693877551,0.14305792656778799,0.14715700499890835,0.16151851371677206
TE,00-0034364,2024,18,4.688905545021956,0.174,0.0505,TRUE,TRUE,exante_mid,-17.5,12.5,big_dog,low_implied,0.1429701739931775,0.10344827586206896,0.12876124672116832,0.08888888888888889,0.1411864434527772,0.19188150474082075,0.1997405748250251,0.048971903656341756,0.045454545454545456,0.045031363623458824,0.047619047619047616,0.04904251716881554,0.09378164134231186,0.1352811862700336
TE,00-0034383,2024,18,6.120776644670583,0.256,0.0925,FALSE,FALSE,exante_mid,-5,15.5,dog,low_implied,0.23322082342586728,0.25728155339805825,0.23157797924283147,0.25728155339805825,0.2254530759298675,0.22432166448982194,0.2174553878291426,0.09718660796997579,0.11811023622047244,0.09933233533544447,0.11811023622047244,0.09779387842039676,0.14044680510802043,0.1321957268089364
TE,00-0034753,2024,18,6.282373482331671,0.4595,0.2065,TRUE,FALSE,exante_mid,17.5,30,big_fav,high_implied,0.4792547807935678,0.5517241379310345,0.528483231236583,0.5789473684210527,0.48558461426922667,0.5056545284444071,0.49935112598611786,0.23752872747984669,0.2682926829268293,0.2728280125102245,0.2857142857142857,0.2364260403194893,0.14643375474579293,0.13785190378683534
TE,00-0034829,2024,18,5.162059946102633,0.246,0.0795,TRUE,FALSE,exante_mid,NA,NA,NA,NA,0.22177877329846724,0.25728155339805825,0.2181171414653678,0.25728155339805825,0.2216447087251012,0.21037031200151307,0.20878648624515822,0.0819080273597968,0.07216494845360824,0.08158004103872171,0.07216494845360824,0.08183620396361761,0.07568691439762015,0.07556989335415228
TE,00-0034981,2024,18,4.960812755952664,0.1795,0.055,FALSE,FALSE,exante_mid,-14,14.75,big_dog,low_implied,0.14873392813291023,0.10344827586206896,0.1350456490194716,0.08888888888888889,0.14560417976716725,0.18688156805495734,0.1873878350103605,0.0539548298210556,0.045454545454545456,0.05037285855538061,0.047619047619047616,0.054111460734538666,0.08827767397124288,0.10162598840397243
TE,00-0035229,2024,18,6.893717386288692,0.441,0.1885,FALSE,FALSE,exante_mid,-3,24.75,dog,mid_implied,0.45647873201393935,0.42857142857142855,0.5013774918276039,0.4444444444444444,0.45363341087466263,0.476922561640227,0.4681586377264584,0.21499139815995064,0.2682926829268293,0.24439198908770984,0.2857142857142857,0.21539100078241732,0.21263130259372728,0.16865211890479267
TE,00-0035249,2024,18,4.2473333953738575,0.178,0.043,FALSE,FALSE,exante_mid,-3,24.75,dog,mid_implied,0.14715724136929223,0.10344827586206896,0.1333217848830418,0.08888888888888889,0.14837960156821975,0.15967071851626313,0.15785709921105925,0.040797675473968925,0.023255813953488372,0.03645296725449551,0.024390243902439025,0.040772266472781676,0.03252352187544555,0.02465326439848683
TE,00-0035631,2024,18,4.133470334118852,0.156,0.0385,FALSE,FALSE,exante_mid,NA,NA,NA,NA,0.12445602464618484,0.0958904109589041,0.10891863290015814,0.08888888888888889,0.1246560414612425,0.1179490032355605,0.11626991062235105,0.035981314062246826,0,0.03151968250371232,0,0.03597862548079795,0.029963301572053104,0.02517587604369164
TE,00-0035644,2024,18,5.433419105719279,0.2565,0.0765,TRUE,TRUE,exante_mid,-2.5,19.5,dog,low_implied,0.23379559649250192,0.25728155339805825,0.23225660580055904,0.25728155339805825,0.23209601073071637,0.2248812196129212,0.22544027289535082,0.07842101373678582,0.07216494845360824,0.07758902126068665,0.07216494845360824,0.07861378300276588,0.0882124861029852,0.08367248876982095
TE,00-0036040,2024,18,5.967770066447163,0.2475,0.073,TRUE,FALSE,exante_mid,-14,14.75,big_dog,low_implied,0.22348846760940877,0.25728155339805825,0.22012239961928748,0.25728155339805825,0.2165905066377347,0.27373005246958804,0.2689490254923732,0.07437321654449486,0.07216494845360824,0.07298762030048317,0.07216494845360824,0.07501567299205288,0.12440437888760636,0.09649534203796181
TE,00-0036590,2024,18,4.066725883073001,0.175,0.0415,FALSE,FALSE,exante_mid,2,21.5,close,mid_implied,0.14401454428899815,0.10344827586206896,0.12989637835563864,0.08888888888888889,0.1461144490792734,0.13323317885224467,0.13704871079086345,0.03918437027389904,0.023255813953488372,0.03478975343617623,0.024390243902439025,0.03910773754603034,0.03425620673808633,0.036625099346868015
TE,00-0036876,2024,18,4.8651501246370055,0.2695,0.078,FALSE,FALSE,exante_mid,5,24.75,fav,mid_implied,0.2488244430975575,0.25728155339805825,0.2500766073391175,0.25728155339805825,0.2534343539433763,0.2454854778471159,0.25038127970119933,0.08016255853042373,0.07216494845360824,0.07957923847058955,0.07216494845360824,0.07987755823448246,0.06220364086411403,0.06510702143806497
TE,00-0036894,2024,18,6.286353268679951,0.3255,0.118,TRUE,TRUE,exante_mid,NA,NA,NA,NA,0.3151470618913746,0.25728155339805825,0.32999068323985664,0.25728155339805825,0.31014646237446425,0.2998859098930465,0.288486759439247,0.12779963078662743,0.11811023622047244,0.1359424307948532,0.11811023622047244,0.12829374827828455,0.1248404970163021,0.09072661643752593
TE,00-0036970,2024,18,5.446761233933345,0.3695,0.1285,FALSE,FALSE,exante_mid,7.5,27.75,big_fav,high_implied,0.36856165731261475,0.4,0.39504552361185324,0.3977272727272727,0.3767757774111903,0.38008154953288376,0.3868052352562892,0.14059685910043734,0.1836734693877551,0.15155991764417423,0.1836734693877551,0.13984068752580564,0.09877040581370734,0.10583816259869791
TE,00-0037005,2024,18,4.629937863800521,0.1945,0.044,FALSE,FALSE,exante_mid,-7.5,20.25,big_dog,mid_implied,0.16468968773558623,0.15,0.15268108814790107,0.16,0.1646862508265065,0.18764909766969295,0.18926131640498775,0.0418773923262272,0.023255813953488372,0.03757186490468652,0.024390243902439025,0.0420039289497424,0.04559965771552683,0.035438009055960944
TE,00-0037086,2024,18,4.603693827416163,0.244,0.0675,FALSE,FALSE,exante_mid,3.5,21,fav,mid_implied,0.2195029057608386,0.25728155339805825,0.2154513002399985,0.25728155339805825,0.22400609344859124,0.20196580447451873,0.21297159164040289,0.06805977131893812,0.07216494845360824,0.06588300602270629,0.07216494845360824,0.06778942361685221,0.0640488100458754,0.08823577133092439
TE,00-0037744,2024,18,7.44025103701228,0.5175,0.251,TRUE,TRUE,exante_high,-1,22.75,close,mid_implied,0.5501871856069215,0.5714285714285714,0.5501871856069215,0.5714285714285714,0.5471124917004531,0.5395218670158158,0.5369257022657136,0.2932579081735463,0.28125,0.2932579081735463,0.28125,0.2937887895325569,0.3172257719772317,0.2985554322025027
TE,00-0037838,2024,18,5.040842502178377,0.269,0.0795,FALSE,FALSE,exante_mid,17.5,30,big_fav,high_implied,0.24824348050099862,0.25728155339805825,0.2493851818228015,0.25728155339805825,0.25115669447700467,0.27029416072949136,0.25709388370702146,0.0819080273597968,0.07216494845360824,0.08158004103872171,0.07216494845360824,0.08173681794438584,0.040628928844203334,0.024472270465172315
TE,00-0038041,2024,18,6.087507929267882,0.3185,0.1125,FALSE,FALSE,exante_mid,-4.5,20.5,dog,mid_implied,0.30673797916621304,0.25728155339805825,0.31977855287265095,0.25728155339805825,0.3033221964938121,0.31629598000004183,0.31289751507684066,0.1211362903561558,0.11811023622047244,0.1278755432936567,0.11811023622047244,0.12146717904723872,0.13958611534877652,0.1260325021291222
TE,00-0038589,2024,18,4.434824744789686,0.1735,0.0425,FALSE,FALSE,exante_mid,5,20.5,fav,mid_implied,0.14244859293143844,0.10344827586206896,0.12819494032959208,0.08888888888888889,0.1421698813192141,0.12938778524976705,0.1284035532506808,0.040259061550185014,0.023255813953488372,0.03589652663356586,0.024390243902439025,0.040320539878359936,0.0356765870009729,0.0309456243231998
TE,00-0038783,2024,18,4.033571655924433,0.1795,0.044,FALSE,FALSE,exante_mid,10,24.25,big_fav,mid_implied,0.14873392813291023,0.10344827586206896,0.1350456490194716,0.08888888888888889,0.15144089552784584,0.14622274664366117,0.14664362188392072,0.0418773923262272,0.023255813953488372,0.03757186490468652,0.024390243902439025,0.041742708683070735,0.028419547764910316,0.02674978029578182
TE,00-0038935,2024,18,4.792583522357333,0.1665,0.051,FALSE,FALSE,exante_mid,-5,19.75,dog,low_implied,0.1351894088491453,0.10344827586206896,0.12035596177088226,0.08888888888888889,0.1323694176227758,0.1417612539411553,0.13607909123373146,0.049522815451846613,0.045454545454545456,0.045617976073729825,0.047619047619047616,0.04963984923920687,0.05428736960403939,0.04763627272175251
TE,00-0038996,2024,18,5.678429820272699,0.323,0.1305,FALSE,FALSE,exante_mid,9,24.5,big_fav,mid_implied,0.31214052174466134,0.25728155339805825,0.326337787257311,0.25728155339805825,0.3134338894321995,0.3071189118190849,0.3036370075357111,0.14304472027975357,0.1836734693877551,0.15456402938545966,0.1836734693877551,0.14255234324906957,0.11592328512158463,0.13135524695570786
TE,00-0039065,2024,18,7.384052121598106,0.605,0.32,TRUE,FALSE,exante_high,3,27.75,fav,high_implied,0.6542066255762592,0.5714285714285714,0.6542066255762592,0.5714285714285714,0.6589083082361926,0.6620974243583314,0.6672507870424174,0.3787816181706202,0.28125,0.3787816181706202,0.28125,0.3779815855440024,0.3379881603129894,0.34680649274716563
TE,00-0039066,2024,18,4.518072984055696,0.139,0.029,FALSE,FALSE,exante_mid,-5.5,17.5,dog,low_implied,0.10749961970446614,0.0958904109589041,0.0912601075588706,0.08888888888888889,0.10475968845728637,0.1097724327493929,0.10584622013903967,0.026071609354874698,0,0.021708863267517624,0,0.026294450603562742,0.030160713734542037,0.017793274424512055
TE,00-0039338,2024,18,7.662607297754966,0.479,0.2225,TRUE,FALSE,exante_high,-5.5,17.5,dog,low_implied,0.5032059813649745,0.5714285714285714,0.5032059813649745,0.5714285714285714,0.49404099838825233,0.5042831346307349,0.49931959409075,0.25758027558403135,0.28125,0.25758027558403135,0.28125,0.2590122242981099,0.3533414171351487,0.3261595160409285
TE,00-0039356,2024,18,4.095309406236268,0.1415,0.029,FALSE,FALSE,exante_mid,-7.5,20.25,big_dog,mid_implied,0.10995898043336715,0.0958904109589041,0.09378795428689643,0.08888888888888889,0.10936679828784485,0.12690871638459925,0.12550168938697817,0.026071609354874698,0,0.021708863267517624,0,0.026176534020696297,0.0268655726186661,0.018172367510838124
TE,00-0039613,2024,18,4.0378282466075515,0.1035,0.024,FALSE,FALSE,exante_mid,-14,14.75,big_dog,low_implied,0.07398835398405382,0,0.05812596575513307,0.08888888888888889,0.07171563312144046,0.09571463530747087,0.09295504137172025,0.021023893068928785,0,0.01692350268655815,0,0.021159301123872765,0.03144503548270877,0.024948191140556117
TE,00-0039793,2024,18,4.103591335466315,0.133,0.0285,TRUE,FALSE,exante_mid,-2.5,19.5,dog,low_implied,0.10164744356890848,0.0958904109589041,0.08529347859394766,0.08888888888888889,0.10050104024841587,0.09791875599686525,0.09592274229742695,0.025561089269707862,0,0.021217643400301148,0,0.025673329086500194,0.02527769930663478,0.01799084158008758
TE,00-0030061,2025,1,5.9959874886242,0.3705,0.1445,FALSE,FALSE,exante_mid,5.5,23.5,fav,mid_implied,0.37612479698085527,0.39473684210526316,0.3964107011923072,0.39473684210526316,0.37529552278152745,0.3644672201086205,0.3660290056351815,0.16167948537134355,0.16981132075471697,0.17581005673085795,0.16981132075471697,0.15893009144631035,0.14265727556982202,0.1588050775481914
TE,00-0030506,2025,1,6.689975556209473,0.438,0.1815,TRUE,FALSE,exante_mid,3.5,26,fav,mid_implied,0.4584464609984149,0.410958904109589,0.49133945072484175,0.43333333333333335,0.4587123354864018,0.45161002442510645,0.4460352887697982,0.20677277633652244,0.24074074074074073,0.23086281782243714,0.25,0.2079558834608294,0.17276509328086723,0.13681326584163497
TE,00-0033090,2025,1,6.090597793265317,0.365,0.151,FALSE,FALSE,exante_mid,2.5,24.5,close,mid_implied,0.36943885756956557,0.39473684210526316,0.38866082091479637,0.39473684210526316,0.36929102294356464,0.3566056787619718,0.3544949215104105,0.1695758024914351,0.24074074074074073,0.18539519750521422,0.24444444444444444,0.16697866791579502,0.15050459107461772,0.15778319501096508
TE,00-0033288,2025,1,6.170768756645846,0.3905,0.161,TRUE,FALSE,exante_mid,1.5,25.5,close,mid_implied,0.40048491278992154,0.410958904109589,0.42461762295072275,0.43333333333333335,0.3997901484477413,0.38907107797524254,0.3879943862397746,0.18174946086235522,0.24074074074074073,0.20022639194762168,0.24444444444444444,0.17862052878365886,0.15742960032869505,0.16030318816747705
TE,00-0033858,2025,1,6.399248090397239,0.3835,0.1675,TRUE,FALSE,exante_mid,2.5,20,close,low_implied,0.39195179397975266,0.410958904109589,0.4147438231692092,0.43333333333333335,0.39269024570394445,0.3654556089393443,0.3675547127133146,0.18967568222575762,0.24074074074074073,0.20991205308077482,0.24444444444444444,0.1886682551775578,0.2161573224358965,0.27144669811274974
TE,00-0033881,2025,1,6.891535698371825,0.481,0.237,FALSE,FALSE,exante_mid,9.5,26,big_fav,mid_implied,0.5107057468950807,0.5769230769230769,0.5506730231127029,0.6153846153846154,0.5104667697440002,0.5132586931045884,0.5088542751281869,0.2745955413199712,0.27941176470588236,0.314202972982725,0.2857142857142857,0.2709305046586918,0.22102112078958566,0.21891168491448443
TE,00-0033885,2025,1,6.603374340265309,0.388,0.152,FALSE,FALSE,exante_mid,-4.5,18.5,dog,low_implied,0.39743665952392837,0.410958904109589,0.42109146344532417,0.43333333333333335,0.3990629830192088,0.4058825248545734,0.40790243097286194,0.17079186999229534,0.24074074074074073,0.18687396565438094,0.24444444444444444,0.17466550372252854,0.23004099597806793,0.24219695572728847
TE,00-0034351,2025,1,5.897787576305405,0.416,0.1505,FALSE,FALSE,exante_mid,6.5,26.5,fav,high_implied,0.43160317727019815,0.410958904109589,0.46052954627662246,0.43333333333333335,0.428502664324906,0.43068002625604956,0.4365318522163741,0.16896788743743182,0.24074074074074073,0.18465620776888625,0.24444444444444444,0.1640278252254201,0.12525005894354482,0.1303077611823064
TE,00-0034383,2025,1,5.687659732707648,0.2985,0.107,FALSE,FALSE,exante_mid,-2.5,22,dog,mid_implied,0.2894302559356768,0.26605504587155965,0.29605999169948377,0.26605504587155965,0.28978904950148887,0.28856692676311574,0.28792101146239535,0.11651522905374928,0.12307692307692308,0.12176249191937111,0.12307692307692308,0.1161406480159247,0.12156096565299407,0.1264907563057749
TE,00-0034829,2025,1,5.627509806748794,0.3045,0.1055,FALSE,FALSE,exante_mid,4.5,23,fav,mid_implied,0.2965644916592321,0.26605504587155965,0.30428293923353195,0.26605504587155965,0.2964405885919805,0.28318454514415964,0.28211761948597286,0.11472732886693573,0.12307692307692308,0.11965868594524978,0.12307692307692308,0.114012587269751,0.09998781674245677,0.09897382619502239
TE,00-0035229,2025,1,6.4948639304862095,0.393,0.153,FALSE,FALSE,exante_mid,2.5,22,close,mid_implied,0.4035338576453218,0.410958904109589,0.4281433435387987,0.43333333333333335,0.40442087419185463,0.38287385880056735,0.38128485429167147,0.17200824721795344,0.24074074074074073,0.1883537648884797,0.24444444444444444,0.1743306526720249,0.1747783646680442,0.163009248824191
TE,00-0035644,2025,1,5.153374320586217,0.2635,0.0695,TRUE,FALSE,exante_mid,4.5,23,fav,mid_implied,0.24828641660275663,0.26605504587155965,0.24891919427913858,0.26605504587155965,0.24765760730084746,0.2360406519116554,0.23647768529808028,0.07249159731591875,0.07692307692307693,0.07116531215082367,0.07692307692307693,0.07312993246718162,0.05855972468923235,0.04680812517960801
TE,00-0036040,2025,1,5.180572928095721,0.1895,0.058,TRUE,FALSE,exante_mid,-5.5,15,dog,low_implied,0.16492608445267817,0.10982658959537572,0.15592286097900898,0.10204081632653061,0.16669990680435134,0.16798882459737136,0.16699216925287855,0.059364770223308674,0.05319148936170213,0.05671566844903828,0.05504587155963303,0.06147437664540947,0.08912265847562074,0.09528400626271138
TE,00-0036290,2025,1,5.082022809155824,0.2465,0.07,FALSE,FALSE,exante_mid,-2.5,19.5,dog,low_implied,0.2286451095507973,0.26605504587155965,0.22664190099492199,0.26605504587155965,0.22835950681266268,0.22191261118456937,0.22599437321050836,0.07306722212557508,0.07692307692307693,0.07180714406343293,0.07692307692307693,0.0731996216819338,0.08247460415928777,0.09140855833315793
TE,00-0036894,2025,1,5.7480615121809455,0.3255,0.115,FALSE,FALSE,exante_mid,2.5,20,close,low_implied,0.3216870506677749,0.26605504587155965,0.33331544389022355,0.26605504587155965,0.3213431541434549,0.29716132083494906,0.3020675891032115,0.12607945453714695,0.12307692307692308,0.1330709069053971,0.12307692307692308,0.12511966867953797,0.13666428249897186,0.16988441709115806
TE,00-0036970,2025,1,5.187748432193946,0.259,0.0815,TRUE,FALSE,exante_mid,-2.5,21.5,dog,mid_implied,0.2430631277630457,0.26605504587155965,0.24297799037164036,0.26605504587155965,0.24273620785361613,0.24080511839727275,0.2428390443466178,0.08640399940221385,0.07692307692307693,0.08684565581208925,0.07692307692307693,0.0856243986744801,0.08888465462351483,0.09719711056517363
TE,00-0037112,2025,1,4.6309387375999345,0.2095,0.059,FALSE,FALSE,exante_mid,1.5,25.5,close,mid_implied,0.18686208413639374,0.19047619047619047,0.17994864451697223,0.19047619047619047,0.18631808764330368,0.178599144313351,0.17621758095762263,0.06049705178863315,0.05319148936170213,0.057946941520588297,0.05504587155963303,0.059636369297518324,0.04320439195374277,0.03562382331516477
TE,00-0037348,2025,1,4.995591550181772,0.216,0.0585,FALSE,FALSE,exante_mid,-1.5,22,close,mid_implied,0.1940957952062955,0.19047619047619047,0.18795247526862066,0.19047619047619047,0.19453828094062195,0.18664033052132192,0.18441734942482232,0.05993067649817325,0.05319148936170213,0.05733066799209202,0.05504587155963303,0.06101777320379464,0.05575356665593665,0.043372756131442355
TE,00-0037744,2025,1,7.560088780707452,0.5215,0.262,TRUE,FALSE,exante_high,5.5,20.5,fav,mid_implied,0.5594107162258528,0.5853658536585366,0.5594107162258528,0.5853658536585366,0.5612484871543515,0.5387980174129101,0.5374239101777288,0.3050116373657624,0.27941176470588236,0.3050116373657624,0.27941176470588236,0.3103230036560862,0.3407960367007406,0.3478622561438217
TE,00-0037809,2025,1,5.167458777273388,0.1825,0.0435,FALSE,FALSE,exante_mid,-9.5,16.5,big_dog,low_implied,0.1573713680720672,0.10982658959537572,0.14774312192463185,0.10204081632653061,0.15926881160627587,0.18615915180555132,0.18261106627461052,0.043181198320932236,0.02040816326530612,0.039487683543885266,0.02127659574468085,0.04641246615172292,0.0610895631822261,0.03906277148513681
TE,00-0038041,2025,1,5.974885795851481,0.3545,0.1245,FALSE,FALSE,exante_mid,-6.5,20,big_dog,low_implied,0.35669562082135065,0.39473684210526316,0.37388558265628646,0.39473684210526316,0.35636347575432314,0.3880191596610473,0.3947598712930244,0.13749312999923297,0.12307692307692308,0.14667367399902972,0.12307692307692308,0.13750879659347923,0.17346051261956716,0.19868781852768644
TE,00-0038129,2025,1,6.499230397092207,0.3975,0.163,FALSE,FALSE,exante_mid,2.5,24,close,mid_implied,0.4090234549420407,0.410958904109589,0.434487985554836,0.43333333333333335,0.4097698273589384,0.39442493428989206,0.39009548315542403,0.18418731318521808,0.24074074074074073,0.20320319771501835,0.24444444444444444,0.18521067226308688,0.1702683659811618,0.1521009732618318
TE,00-0038933,2025,1,6.668517091295128,0.4645,0.215,TRUE,FALSE,exante_mid,1.5,27,close,high_implied,0.4907012496642136,0.5666666666666667,0.5280778082256475,0.6,0.48987192375475713,0.48422953939179053,0.4821199306403932,0.24773380053979813,0.2558139534883721,0.28121145761041366,0.2702702702702703,0.24359388750969316,0.21063597126839384,0.20594654036019822
TE,00-0038935,2025,1,4.810958888580956,0.199,0.0575,FALSE,FALSE,exante_mid,2.5,21.5,close,mid_implied,0.175283003277293,0.15625,0.16721797568537045,0.1568627450980392,0.17566712384289654,0.16112565705790247,0.1591241771413109,0.058799337671528465,0.05319148936170213,0.05610195357882013,0.05504587155963303,0.059060878033679966,0.05222770576285845,0.047623162058869954
TE,00-0038996,2025,1,5.406000125684706,0.3245,0.1185,FALSE,FALSE,exante_mid,1.5,25.5,close,mid_implied,0.32048583827307514,0.26605504587155965,0.33192512949619235,0.26605504587155965,0.3185814225666692,0.30964468465409173,0.312637326651144,0.13027789277656193,0.12307692307692308,0.13806185233557441,0.12307692307692308,0.12533860833736163,0.10627812505570541,0.12564040700542783
TE,00-0039065,2025,1,5.960518921163979,0.3415,0.132,TRUE,FALSE,exante_mid,-1.5,24,close,mid_implied,0.340963842816831,0.39473684210526316,0.355646091871554,0.39473684210526316,0.3410416763831057,0.3370964428829453,0.3351799366269539,0.1465407549450967,0.16981132075471697,0.15752854895198048,0.16981132075471697,0.14530183803692642,0.13941742806192192,0.1387018314128931
TE,00-0039066,2025,1,4.591994957101504,0.194,0.053,FALSE,FALSE,exante_mid,-2.5,22,dog,mid_implied,0.16981740021995906,0.14285714285714285,0.161245939460588,0.1568627450980392,0.16969231474335084,0.16854060458752274,0.16824711386218105,0.05373257478460327,0.05319148936170213,0.05063816152218412,0.05504587155963303,0.05353206378059707,0.050010900882848604,0.04703480790127026
TE,00-0039338,2025,1,6.997606789535713,0.4365,0.196,TRUE,FALSE,exante_mid,-2.5,22,dog,mid_implied,0.456617468217179,0.410958904109589,0.4892462996459168,0.43333333333333335,0.458579331829466,0.4568486636568456,0.452460360644018,0.2245011283319757,0.2558139534883721,0.25264186952598733,0.2702702702702703,0.22850072518112366,0.25426923159840725,0.2354655138434623
TE,00-0039356,2025,1,4.576088994343827,0.18,0.0455,FALSE,FALSE,exante_mid,-2.5,19,dog,low_implied,0.15468964347739408,0.10982658959537572,0.14485226351246008,0.10204081632653061,0.15497118011686023,0.14846338477515203,0.1491611390180256,0.04538469034631178,0.05,0.04178859288268764,0.05504587155963303,0.04606375296203929,0.0493898022023108,0.047234918439496655
TE,00-0039359,2025,1,4.4611113719075295,0.172,0.0415,FALSE,FALSE,exante_mid,-2.5,22,dog,mid_implied,0.1461681694774627,0.10982658959537572,0.1357128632327606,0.10204081632653061,0.14638118320567015,0.14488168363825774,0.14305868542979425,0.04098810112064898,0.02040816326530612,0.03721347264697116,0.02127659574468085,0.041688030076735244,0.03661217286245119,0.027156750933238234
TE,00-0039847,2025,1,5.066157001798955,0.2325,0.0675,FALSE,FALSE,exante_mid,-5.5,18,dog,low_implied,0.2126684615832271,0.26605504587155965,0.20866293601280111,0.26605504587155965,0.21281257268447068,0.22338062061985564,0.22745743381175612,0.07019293513358899,0.07692307692307693,0.06860874061181908,0.07692307692307693,0.07055997144704423,0.0903370222596942,0.10540863229647782
TE,00-0040128,2025,1,6.470421139254779,0.4105,0.1865,TRUE,FALSE,exante_mid,1.5,23.5,close,mid_implied,0.42488938668363935,0.410958904109589,0.45279674975948414,0.43333333333333335,0.4250082358919149,0.40721468631803504,0.40662358796626197,0.21288455496435957,0.2558139534883721,0.23836652131930725,0.2702702702702703,0.21002661851212245,0.21005802334322224,0.23800386600263035
TE,00-0040663,2025,1,4.795301274392991,0.215,0.0575,TRUE,FALSE,exante_mid,-4.5,18.5,dog,low_implied,0.19297975509912213,0.19047619047619047,0.18671520053052035,0.19047619047619047,0.19278359871370726,0.19737034921040608,0.20159240073449256,0.058799337671528465,0.05319148936170213,0.05610195357882013,0.05504587155963303,0.05898171222352442,0.07067363089288685,0.08005393692140703
TE,00-0030061,2025,2,6.0686012260499815,0.347,0.1335,TRUE,TRUE,exante_mid,-2.5,22,dog,mid_implied,0.35027791952270454,0.3875,0.36438362595823137,0.3875,0.35135144883803504,0.3541432028176061,0.3542269476653038,0.1409484156387486,0.15873015873015872,0.14896938836837564,0.15873015873015872,0.1407072277622914,0.15174900895282625,0.16002657627658354
TE,00-0030506,2025,2,6.108821723727594,0.388,0.1445,FALSE,FALSE,exante_mid,1.5,23.5,close,mid_implied,0.4005492643710821,0.4153846153846154,0.42185473913747557,0.43243243243243246,0.3980494242422053,0.38842740098473594,0.39065805465461567,0.15362667227726173,0.15873015873015872,0.16361772392293084,0.15873015873015872,0.152154111759668,0.1429313327855354,0.14870075920053763
TE,00-0032392,2025,2,4.113058736696017,0.1615,0.0395,FALSE,FALSE,exante_mid,-2.5,23,dog,mid_implied,0.13566135759279946,0.10857142857142857,0.1252966163740227,0.10067114093959731,0.1346908406912874,0.13622901274274815,0.13587608082687086,0.03703481420804674,0.0196078431372549,0.034247825431243,0.02040816326530612,0.03673692203012291,0.03098311322182613,0.026886255534089777
TE,00-0033090,2025,2,6.65862544676939,0.4575,0.2065,FALSE,FALSE,exante_mid,-2.5,23,dog,mid_implied,0.4859397324649361,0.5689655172413793,0.5186720328900186,0.6,0.4842508637325703,0.49490110091472456,0.49808667221520136,0.22589114346144099,0.24074074074074073,0.2480491319058883,0.25,0.22267055500015126,0.24654522319886862,0.28603470813549386
TE,00-0033110,2025,2,4.896630764941201,0.255,0.0755,FALSE,FALSE,exante_mid,5.5,22,fav,mid_implied,0.2400030996941496,0.26548672566371684,0.23912680967607503,0.26548672566371684,0.23641989882026002,0.22516382748537594,0.22799563559135888,0.07553365068148345,0.07407407407407407,0.0751596802325095,0.07407407407407407,0.07354461688660884,0.06316138541893795,0.0741936556481593
TE,00-0033858,2025,2,6.091712155272722,0.384,0.158,FALSE,FALSE,exante_mid,1.5,25,close,mid_implied,0.3956320279467426,0.4153846153846154,0.41624013703620644,0.43243243243243246,0.3933044331266404,0.38675290006580393,0.3870218288696116,0.16926258982768033,0.2222222222222222,0.1817760073778664,0.22448979591836735,0.16528407135685017,0.1488101272060107,0.16127470007569225
TE,00-0033885,2025,2,6.53187382140718,0.322,0.123,FALSE,FALSE,exante_mid,-12.5,12.5,big_dog,low_implied,0.319859318835099,0.26548672566371684,0.32961952086986906,0.26548672566371684,0.32922088350287804,0.3787300992171293,0.380443076686127,0.1289089252480049,0.11851851851851852,0.13513621762983521,0.11851851851851852,0.1357073044230786,0.26734750795576245,0.3068259424886747
TE,00-0034383,2025,2,6.138824095345549,0.359,0.1355,FALSE,FALSE,exante_mid,1.5,21.5,close,mid_implied,0.3649538078747941,0.3875,0.381170200155421,0.3875,0.3657856956052621,0.34848364983159585,0.34922214004681945,0.14324888697778154,0.15873015873015872,0.1516215930009178,0.15873015873015872,0.14357752606096322,0.14535849896581438,0.15347089205380823
TE,00-0034753,2025,2,4.79781880907196,0.278,0.089,FALSE,FALSE,exante_mid,12.5,25,big_fav,mid_implied,0.267072137111997,0.26548672566371684,0.2696081307516939,0.26548672566371684,0.2598676868367252,0.25493961051236574,0.25791642745892807,0.0904794695741448,0.11851851851851852,0.09167337187809062,0.11851851851851852,0.08525120139394049,0.05879268756462377,0.07393865483646181
TE,00-0034829,2025,2,5.509428701031737,0.4105,0.159,FALSE,FALSE,exante_mid,5.5,28,fav,high_implied,0.42822678726815155,0.4153846153846154,0.45339890581745657,0.45454545454545453,0.4149426001546834,0.4250586027843861,0.432647474843798,0.17042370341164367,0.2222222222222222,0.18312787187307814,0.22448979591836735,0.15816973824887368,0.12126979638467478,0.16509685802520319
TE,00-0035229,2025,2,6.212464949603779,0.3955,0.1465,FALSE,FALSE,exante_mid,4.5,24,fav,mid_implied,0.4097728074029418,0.4153846153846154,0.432378920582309,0.43243243243243246,0.4079542140853801,0.39780611597358617,0.39830544221773057,0.15593817392964868,0.15873015873015872,0.16629619819326688,0.15873015873015872,0.15552810605923523,0.135211179431395,0.12706657798037257
TE,00-0035644,2025,2,5.822773307551696,0.4265,0.1665,FALSE,FALSE,exante_mid,5.5,28,fav,high_implied,0.44790503374942187,0.4153846153846154,0.47574543330804786,0.45454545454545453,0.43734408979415546,0.44504568269357925,0.4499161440987843,0.1791432373228996,0.2222222222222222,0.1932928244021719,0.22448979591836735,0.16974419832375798,0.12886091596356633,0.14911731819073842
TE,00-0035689,2025,2,4.02134279432766,0.1835,0.041,FALSE,FALSE,exante_mid,8.5,24.5,big_fav,mid_implied,0.159200363955309,0.10857142857142857,0.15028695177117993,0.10067114093959731,0.15537096424023086,0.14964577723434114,0.15043614816061118,0.038586419590392274,0.0196078431372549,0.03583486785727666,0.02040816326530612,0.037724924548998257,0.023861315976633102,0.02039498294951833
TE,00-0036040,2025,2,7.01417031182798,0.471,0.2325,TRUE,FALSE,exante_high,-6.5,19,big_dog,low_implied,0.5024363024857975,0.5689655172413793,0.5024363024857975,0.5689655172413793,0.504559475135667,0.5356545719530601,0.540027261116445,0.2563911443621832,0.2714285714285714,0.2563911443621832,0.2714285714285714,0.25555300322655544,0.3585326340163151,0.4501647783766918
TE,00-0036422,2025,2,3.9988894416021767,0.1415,0.0415,FALSE,FALSE,exante_low,3.5,22,fav,mid_implied,0.11494298031872055,0.10857142857142857,0.11494298031872055,0.10857142857142857,0.11499291421845188,0.1055605903494653,0.10444771635760969,0.0391048915433187,0.0196078431372549,0.0391048915433187,0.0196078431372549,0.03807981663440094,0.030496224228224074,0.03303085858952308
TE,00-0036637,2025,2,4.019519701959249,0.179,0.038,FALSE,FALSE,exante_mid,1.5,23.5,close,mid_implied,0.1543265247612962,0.10857142857142857,0.1450714226223162,0.10067114093959731,0.150964083171784,0.1450157779471106,0.1466271969265753,0.03548908920287721,0,0.03267359694914506,0,0.03507885104284943,0.02601402337348932,0.02232597339927659
TE,00-0036754,2025,2,4.294211624849392,0.173,0.045,FALSE,FALSE,exante_mid,4.5,24,fav,mid_implied,0.1478741901868287,0.10857142857142857,0.138198702719085,0.10067114093959731,0.14712394828435066,0.1388301486333063,0.13729359159047377,0.04275123104090877,0.047619047619047616,0.0401266429517991,0.05172413793103448,0.04235150895803839,0.029736353209340063,0.02443300744594439
TE,00-0036887,2025,2,3.973170127845483,0.197,0.0505,FALSE,FALSE,exante_low,6.5,25.5,fav,mid_implied,0.17399119409747948,0.15789473684210525,0.17399119409747948,0.15789473684210525,0.168266561272515,0.16563039164247964,0.16780561104197367,0.04853734570396192,0.05,0.04853734570396192,0.05,0.045820555422589226,0.03060421562404432,0.03419131209186285
TE,00-0036894,2025,2,4.783195066217632,0.256,0.0775,FALSE,FALSE,exante_mid,1.5,25,close,mid_implied,0.24117098287633565,0.26548672566371684,0.24043632681545163,0.26548672566371684,0.2362919601759811,0.23218049354218673,0.23429501026488841,0.07773389676016033,0.07407407407407407,0.07757335614201637,0.07407407407407407,0.0745957744802532,0.05969402673878454,0.06630945868358755
TE,00-0036970,2025,2,6.3718639632470815,0.3575,0.1335,FALSE,FALSE,exante_mid,-4.5,19.5,dog,low_implied,0.36311718246600366,0.3875,0.3790694224579652,0.3875,0.3672326269139226,0.37742286718509516,0.3773926659612928,0.1409484156387486,0.15873015873015872,0.14896938836837564,0.15873015873015872,0.14450353297453086,0.17938560689046718,0.17642177249816512
TE,00-0037005,2025,2,3.9794661993608873,0.137,0.0395,FALSE,FALSE,exante_low,-3.5,18.5,dog,low_implied,0.11037957270329225,0.10857142857142857,0.11037957270329225,0.10857142857142857,0.11068234298244589,0.10965002450261205,0.11014986667652346,0.03703481420804674,0.0196078431372549,0.03703481420804674,0.0196078431372549,0.03625594163525214,0.040797282563668984,0.053659430427430314
TE,00-0037112,2025,2,4.3560710867577335,0.2105,0.056,FALSE,FALSE,exante_mid,6.5,25.5,fav,mid_implied,0.18901986460817313,0.20833333333333334,0.18260185129897444,0.20833333333333334,0.185008305056542,0.18035273107227226,0.1806778844821268,0.054385469063278104,0.05,0.05233157858132908,0.05172413793103448,0.05250021581868238,0.034962241573755666,0.03296013710947397
TE,00-0037744,2025,2,8.712752168130304,0.6575,0.385,TRUE,FALSE,exante_high,3.5,22,fav,mid_implied,0.7198950007117839,0.625,0.7198950007117839,0.625,0.7261034072973548,0.7109141765908723,0.7079177664334236,0.43351228813567544,0.4,0.43351228813567544,0.4,0.44904095307892045,0.4770471189975942,0.4076803854614884
TE,00-0037809,2025,2,5.392394218151989,0.2825,0.086,FALSE,FALSE,exante_mid,-5.5,16.5,dog,low_implied,0.2724154817534913,0.26548672566371684,0.2756534822408448,0.26548672566371684,0.2714567498098462,0.28440603317966306,0.2913640830795735,0.08713988836527363,0.07407407407407407,0.08796054153888162,0.07407407407407407,0.08723053591677649,0.12540456417477172,0.16934042953032863
TE,00-0038041,2025,2,6.443879522500835,0.3975,0.162,TRUE,FALSE,exante_mid,4.5,22.5,fav,mid_implied,0.41223301797974476,0.4153846153846154,0.43518420639693545,0.43243243243243246,0.4134628845814924,0.39697198365711095,0.396138527956039,0.17390920655000416,0.2222222222222222,0.18718850052767386,0.22448979591836735,0.17435881122625857,0.16516038241936204,0.16545655309388174
TE,00-0038129,2025,2,5.975855269713259,0.3695,0.129,FALSE,FALSE,exante_mid,-1.5,20,close,low_implied,0.37782471858645184,0.3875,0.39588989887984516,0.3875,0.3753938511206971,0.37017513431128996,0.3764413572391139,0.13578056294979782,0.15873015873015872,0.14302155673028533,0.15873015873015872,0.13511341719183154,0.15633140846922272,0.18996334872484488
TE,00-0038933,2025,2,5.903304267027529,0.377,0.138,FALSE,FALSE,exante_mid,8.5,24.5,big_fav,mid_implied,0.38703142921408806,0.3875,0.40641430054708727,0.3875,0.3828323439898999,0.374680695784139,0.3761584147699008,0.14612749089066437,0.15873015873015872,0.1549440482157026,0.15873015873015872,0.14309117683782324,0.11435392805349452,0.11824846747380882
TE,00-0038935,2025,2,5.498163871229223,0.3325,0.125,FALSE,FALSE,exante_mid,-5.5,22.5,dog,mid_implied,0.3326056358688208,0.26548672566371684,0.34417832022741496,0.26548672566371684,0.32774426353974156,0.3597375547441024,0.36551875928994604,0.1311969769401743,0.11851851851851852,0.1377586861179204,0.11851851851851852,0.12567768543064353,0.14708687821134195,0.20392726804263203
TE,00-0038996,2025,2,6.209542649625299,0.4645,0.209,TRUE,TRUE,exante_mid,2.5,24.5,close,mid_implied,0.4944999314561277,0.5689655172413793,0.5282748121861884,0.6,0.4856031435684094,0.48541419485190423,0.4937682171531454,0.22882185330124047,0.24074074074074073,0.2514896575994061,0.25,0.21726151418754516,0.21368452365023913,0.307250880521475
TE,00-0039041,2025,2,4.131851868722563,0.155,0.0375,FALSE,FALSE,exante_mid,3.5,22,fav,mid_implied,0.12885257580992185,0.10857142857142857,0.11816848860087899,0.10067114093959731,0.128585420657666,0.11872175999744111,0.11792698493086712,0.03497519256793916,0,0.03215177476142733,0,0.0350248194109744,0.02679991432922922,0.022643618882823534
TE,00-0039065,2025,2,6.823997402113077,0.4805,0.2235,FALSE,FALSE,exante_mid,4.5,24,fav,mid_implied,0.5140114806290423,0.5689655172413793,0.5500690477637197,0.6,0.512435346636103,0.5034061491701457,0.504629326807849,0.2458298300200126,0.2714285714285714,0.27145842366806283,0.25,0.2428079473020575,0.23075998463775388,0.2512433776448258
TE,00-0039338,2025,2,7.782490193623097,0.4505,0.212,FALSE,FALSE,exante_high,-15.5,18,big_dog,low_implied,0.4773672592273877,0.5689655172413793,0.4773672592273877,0.5689655172413793,0.4926603633804993,0.581945268673869,0.5741116219333104,0.23233950132371306,0.24074074074074073,0.23233950132371306,0.24074074074074073,0.24909066607036393,0.3981301188989077,0.3097067579963636
TE,00-0039356,2025,2,4.545494690223099,0.1995,0.053,TRUE,FALSE,exante_mid,-3.5,18.5,dog,low_implied,0.1767569408543187,0.15789473684210525,0.16923358328516447,0.16363636363636364,0.175492216948822,0.17705181599777273,0.1803672340269663,0.05118830454364699,0.05,0.04894863907991021,0.05172413793103448,0.050737013222279095,0.05901957547708544,0.07294380632659928
TE,00-0039793,2025,2,4.779314836857254,0.2405,0.0735,FALSE,FALSE,exante_mid,-1.5,23.5,close,mid_implied,0.22317049338798123,0.26548672566371684,0.22031803746917397,0.26548672566371684,0.21991947776640539,0.2208633427704587,0.2227946782015697,0.07333865977084984,0.07407407407407407,0.07275829153498269,0.07407407407407407,0.07089050078891113,0.06463869560579999,0.07422204147617159
TE,00-0039847,2025,2,4.673549964222434,0.2005,0.047,FALSE,FALSE,exante_mid,-4.5,18,dog,low_implied,0.17786549364345228,0.15789473684210525,0.17043774610974372,0.16363636363636364,0.17758701372674454,0.18241301131677712,0.18513858457890875,0.04484764679105978,0.05,0.042303473170384354,0.05172413793103448,0.04581435063374174,0.0536074314335301,0.05258785165436022
TE,00-0040128,2025,2,6.805148104090601,0.428,0.1745,FALSE,FALSE,exante_mid,-3.5,18.5,dog,low_implied,0.4497488423922685,0.4153846153846154,0.47783501822081403,0.45454545454545453,0.45311055985605386,0.4559741346791867,0.4590692222261705,0.18846370283449665,0.2222222222222222,0.20418052016250315,0.22448979591836735,0.1926283497437705,0.25089330669762283,0.27366614714288695
TE,00-0040663,2025,2,6.3138184844591345,0.297,0.089,FALSE,FALSE,exante_mid,-12.5,12.5,big_dog,low_implied,0.28972576399686867,0.26548672566371684,0.29529013511604174,0.26548672566371684,0.29836879025815227,0.3453146695727474,0.34689975212569246,0.0904794695741448,0.11851851851851852,0.09167337187809062,0.11851851851851852,0.09816094326413008,0.1878689668320292,0.17131696828848378
TE,00-0040739,2025,2,4.024688910149018,0.182,0.0455,FALSE,FALSE,exante_mid,-1.5,23.5,close,mid_implied,0.15757251742479186,0.10857142857142857,0.1485427316187218,0.10067114093959731,0.1539297724380101,0.1548346700942728,0.156965215470405,0.04327448843077109,0.047619047619047616,0.040668973341469516,0.05172413793103448,0.04168405141494517,0.03508802683721812,0.0384938274368467
TE,00-0030061,2025,3,6.207035977126637,0.3955,0.1625,FALSE,FALSE,exante_mid,7.5,26,big_fav,mid_implied,0.4003572132205101,0.3888888888888889,0.4152602062016733,0.41509433962264153,0.3971785117972793,0.38654143044758127,0.3871383108234553,0.16915314345821936,0.2033898305084746,0.18376684631002066,0.2037037037037037,0.16771840351186476,0.12805633621853457,0.12111120116862127
TE,00-0030506,2025,3,6.977688761613,0.4995,0.2405,FALSE,FALSE,exante_mid,5.5,26,fav,mid_implied,0.5277925145788773,0.5555555555555556,0.5534840679328513,0.66,0.5256648692983723,0.5198102079041942,0.5202271582018174,0.2582545766862753,0.265625,0.29052793695637597,0.26666666666666666,0.25689891419072963,0.2232842324126644,0.21592714044921837
TE,00-0032392,2025,3,4.353721941745689,0.178,0.0445,FALSE,FALSE,exante_mid,1.5,20.5,close,mid_implied,0.1476388790831525,0.10382513661202186,0.14174487058682675,0.0967741935483871,0.1464819716123693,0.14012592622718525,0.13994004174652117,0.04089759825621505,0.043478260869565216,0.037910763959111735,0.049586776859504134,0.04089027591144677,0.03755962648108142,0.03725131184846288
TE,00-0033090,2025,3,6.280853228470061,0.4145,0.171,TRUE,TRUE,exante_mid,1.5,20.5,close,mid_implied,0.4236642812884984,0.3888888888888889,0.44072131159765376,0.41509433962264153,0.4189447311203521,0.41596871096702087,0.4144097005686131,0.17878355449905062,0.2033898305084746,0.19524178643429152,0.2037037037037037,0.17718123000905875,0.19727029062871704,0.26400871107403234
TE,00-0033858,2025,3,5.9100174266698176,0.339,0.1195,FALSE,FALSE,exante_mid,-1.5,19,close,low_implied,0.33156459926594606,0.3764705882352941,0.3399577293401845,0.3764705882352941,0.33127585387971775,0.3306254720811936,0.32952825302348976,0.12097738298193449,0.11627906976744186,0.1270195267411526,0.11627906976744186,0.12102907871819531,0.14451082184269812,0.1761726724472427
TE,00-0033885,2025,3,6.566349531240511,0.3795,0.1515,FALSE,FALSE,exante_mid,-5.5,16,dog,low_implied,0.38077785085775734,0.3764705882352941,0.39383980914808997,0.3764705882352941,0.3888322172343191,0.39683464544406516,0.3958804890107436,0.15673530765950458,0.15714285714285714,0.16902191836378563,0.15714285714285714,0.1584999019560014,0.22541243642799075,0.2739480674414008
TE,00-0034383,2025,3,5.864012048140047,0.354,0.138,FALSE,FALSE,exante_mid,2.5,22.5,close,mid_implied,0.349719463720691,0.3764705882352941,0.35983364097498827,0.3764705882352941,0.34582146283393406,0.34119540501785683,0.3405780209053341,0.14157610556359723,0.15714285714285714,0.15112008176598818,0.15714285714285714,0.1399467512970622,0.1373456416758662,0.1681848767436847
TE,00-0034753,2025,3,4.957958080635218,0.2745,0.0805,TRUE,TRUE,exante_mid,3.5,25.5,fav,mid_implied,0.25497147973965045,0.2564102564102564,0.25640938346463116,0.2564102564102564,0.24665988500686564,0.24695278670478807,0.24659435674689062,0.07845872871069756,0.07142857142857142,0.07849289879128762,0.07142857142857142,0.07736549443311196,0.0601798672408371,0.058340886915068196
TE,00-0034829,2025,3,5.47138633361571,0.316,0.1105,FALSE,FALSE,exante_mid,-1.5,21.5,close,mid_implied,0.30394343580547684,0.2564102564102564,0.30975062636845424,0.2564102564102564,0.2982267704890167,0.30460321589307515,0.3034378773809744,0.11104346415743276,0.11627906976744186,0.11551308587782405,0.11627906976744186,0.1095920537141372,0.11948385202021491,0.15566178036696154
TE,00-0035229,2025,3,5.775109395996024,0.3075,0.108,TRUE,FALSE,exante_mid,1.5,23,close,mid_implied,0.2938136475013572,0.2564102564102564,0.29868923159302613,0.2564102564102564,0.29585893261228796,0.2869674441625969,0.28744704363142365,0.10829550634202538,0.11627906976744186,0.11234576658288309,0.11627906976744186,0.1084836280781097,0.1023093890217175,0.093859393678569
TE,00-0035631,2025,3,4.010827761350612,0.142,0.035,FALSE,FALSE,exante_mid,-1.5,21.5,close,mid_implied,0.11093013259067329,0.10382513661202186,0.10381918286273652,0.0967741935483871,0.11117512628670868,0.10874315631025801,0.1089234387984894,0.031406198605304074,0,0.02821593943997603,0,0.0314269964993789,0.02875999369190691,0.025433311700682127
TE,00-0035644,2025,3,5.083016240544124,0.2505,0.072,FALSE,FALSE,exante_mid,-1.5,21.5,close,mid_implied,0.2272981589849945,0.2564102564102564,0.22647181124454976,0.2564102564102564,0.2254375712933713,0.2264351592456231,0.2260671411506012,0.06940897806120379,0.07142857142857142,0.06846379014210444,0.07142857142857142,0.06937534444039463,0.07047867158746399,0.07031134035452088
TE,00-0036040,2025,3,6.912680780099033,0.3795,0.1615,FALSE,FALSE,exante_mid,-6.5,15.5,big_dog,low_implied,0.38077785085775734,0.3764705882352941,0.39383980914808997,0.3764705882352941,0.39705920345745305,0.401116462628117,0.40124760054835895,0.16802205515392057,0.2033898305084746,0.1824212350700459,0.2037037037037037,0.17153608532843165,0.24965097096599595,0.26956290461841553
TE,00-0036637,2025,3,4.910606635191562,0.276,0.092,FALSE,FALSE,exante_mid,5.5,26,fav,mid_implied,0.25671839884354963,0.2564102564102564,0.2583051778740553,0.2564102564102564,0.2472507896549782,0.24619869165968084,0.24584989748626299,0.09084150706801078,0.11627906976744186,0.09241102943587431,0.11627906976744186,0.0885640863704369,0.0656444287597262,0.07617370561106732
TE,00-0036741,2025,3,4.320883809558907,0.1425,0.035,FALSE,FALSE,exante_mid,-6.5,15.5,big_dog,low_implied,0.1114242668554505,0.10382513661202186,0.10432321766961683,0.0967741935483871,0.11469918650745908,0.11678948416805625,0.11666972117861996,0.031406198605304074,0,0.02821593943997603,0,0.03189379378912864,0.0405054472095226,0.04178019232943183
TE,00-0036894,2025,3,5.337655547900425,0.268,0.0825,FALSE,FALSE,exante_mid,-1.5,19,close,low_implied,0.24742410671137705,0.2564102564102564,0.24822631399035408,0.2564102564102564,0.2472726028441197,0.24508395961058482,0.24435673177659203,0.08060134044669107,0.07142857142857142,0.0808859451328914,0.07142857142857142,0.08071526190387956,0.09217611106330767,0.10665352842542863
TE,00-0036970,2025,3,6.5006617324157725,0.4,0.1695,FALSE,FALSE,exante_mid,-1.5,22,close,mid_implied,0.405872914882703,0.3888888888888889,0.4212900021664949,0.41509433962264153,0.4089580117530524,0.40930446922393837,0.4093226615242296,0.17708204867726338,0.2033898305084746,0.19321218339823865,0.2037037037037037,0.17716867941115969,0.1969634484292969,0.20883596817185432
TE,00-0037004,2025,3,4.025840681886622,0.166,0.0425,FALSE,FALSE,exante_mid,-2.5,20,dog,low_implied,0.13515869955235213,0.10382513661202186,0.12874919125721412,0.0967741935483871,0.1319764735026489,0.1347021539505522,0.1341145636640054,0.03888094527275977,0.01818181818181818,0.035826312410548136,0.0196078431372549,0.0384023592308506,0.03970378080822645,0.049928288653152755
TE,00-0037112,2025,3,4.712872680511087,0.2075,0.06,FALSE,FALSE,exante_mid,3.5,22,fav,mid_implied,0.1792383490443065,0.17142857142857143,0.1750330510901876,0.17543859649122806,0.17837976768455951,0.16977163140905385,0.16985890015274233,0.05680692970455421,0.05555555555555555,0.054738383363227096,0.05555555555555555,0.05654630798714326,0.048082300092981124,0.04800207635236116
TE,00-0037744,2025,3,7.621493924605183,0.533,0.265,TRUE,FALSE,exante_high,-3.5,18.5,dog,low_implied,0.5683288046655436,0.5952380952380952,0.5683288046655436,0.5952380952380952,0.5763301584894461,0.5813597485140422,0.5806751252243123,0.2864140428723529,0.265625,0.2864140428723529,0.265625,0.28955817229704195,0.3747927158438177,0.40922533453482496
TE,00-0037809,2025,3,5.770907564170469,0.356,0.135,FALSE,FALSE,exante_mid,1.5,26.5,close,high_implied,0.3521472627673095,0.3764705882352941,0.362492127159714,0.3764705882352941,0.3457981097468729,0.3489927477947542,0.3490627629775839,0.13822104765375554,0.15714285714285714,0.1471752972262497,0.15714285714285714,0.1362978136861732,0.11801399025054488,0.1179722481900419
TE,00-0038041,2025,3,7.157642445990426,0.432,0.1935,TRUE,TRUE,exante_high,-2.5,21.5,dog,mid_implied,0.4451569044197294,0.47058823529411764,0.4451569044197294,0.47058823529411764,0.45896020037061597,0.45390150095676873,0.45526744991975354,0.20439519961657548,0.24561403508771928,0.20439519961657548,0.24561403508771928,0.20789745441821958,0.23773201953817755,0.19881999765302286
TE,00-0038046,2025,3,4.286676780756118,0.203,0.0505,FALSE,FALSE,exante_mid,3.5,25.5,fav,mid_implied,0.17433928494888448,0.17142857142857143,0.16984007930195416,0.17543859649122806,0.16815420298619724,0.16691302705992875,0.1668142516343267,0.04700024191425165,0.04807692307692308,0.04428981900997608,0.049586776859504134,0.04642652229031302,0.03342051883587378,0.029162965540214338
TE,00-0038933,2025,3,6.765238546184374,0.475,0.2235,TRUE,TRUE,exante_mid,9.5,26,big_fav,mid_implied,0.4978990341206975,0.5555555555555556,0.521329399137029,0.5757575757575758,0.49465870342350876,0.4815922235262334,0.4820928899658935,0.23873623983295358,0.25,0.26709901839541184,0.2558139534883721,0.23678581904345986,0.18292680444559198,0.18145390308507642
TE,00-0038935,2025,3,5.511824841554393,0.3025,0.0915,TRUE,FALSE,exante_mid,-2.5,20,dog,low_implied,0.2878769951683941,0.2564102564102564,0.29221220320860264,0.2564102564102564,0.2853500665609872,0.2910492367164957,0.290023464033595,0.0903000936098523,0.11627906976744186,0.09179824439374845,0.11627906976744186,0.09046927871077162,0.10223123690462482,0.11120168251700775
TE,00-0038996,2025,3,6.0722732716388546,0.417,0.167,FALSE,FALSE,exante_mid,5.5,21.5,fav,mid_implied,0.4267338376597864,0.3888888888888889,0.44407054361758397,0.41509433962264153,0.4165202046117861,0.4125648410237257,0.4106525478337272,0.17424808863052021,0.2033898305084746,0.18983378396543416,0.2037037037037037,0.17150592033293638,0.16596373508140194,0.23363755988104237
TE,00-0039065,2025,3,6.013111455260372,0.3535,0.1395,FALSE,FALSE,exante_mid,-3.5,22,dog,mid_implied,0.3491127602155929,0.3764705882352941,0.3591692991265809,0.3764705882352941,0.3486666676175197,0.360324061246172,0.35993844701940153,0.14325559411776256,0.15714285714285714,0.15309729953225865,0.15714285714285714,0.14239386759783626,0.16063730934687612,0.18472676616779593
TE,00-0039338,2025,3,8.05142181722507,0.4935,0.2525,FALSE,FALSE,exante_high,-7.5,18.5,big_dog,low_implied,0.5204876239105154,0.5555555555555556,0.5204876239105154,0.5555555555555556,0.5459908496448636,0.5524999673196174,0.5544659629626548,0.27204496009550505,0.265625,0.27204496009550505,0.265625,0.28025262328811523,0.37306823211412904,0.30266351979263745
TE,00-0039737,2025,3,4.011374190447559,0.1485,0.0375,FALSE,FALSE,exante_mid,-3.5,18.5,dog,low_implied,0.11739031441871726,0.10382513661202186,0.11042408816227446,0.0967741935483871,0.11672931223573821,0.11808457616066692,0.11773333681125857,0.033881532272226,0,0.030714766985950815,0,0.033739106193049775,0.036865462209185886,0.04387364063002555
TE,00-0040126,2025,3,4.7943372938540465,0.252,0.065,FALSE,FALSE,exante_mid,2.5,24,close,mid_implied,0.22901158341189545,0.2564102564102564,0.2283197466180107,0.2564102564102564,0.2218990461416296,0.22136893235408242,0.22083781644250935,0.06203098203459598,0.07142857142857142,0.060390969793377255,0.07142857142857142,0.061629515581056435,0.05046494277263422,0.04611875884749549
TE,00-0040128,2025,3,6.980706702061018,0.5255,0.257,FALSE,FALSE,exante_mid,-1.5,25,close,mid_implied,0.559294995791856,0.5952380952380952,0.5871190016955442,0.75,0.5528796345794919,0.5688238660757834,0.5679569586908426,0.2772176655476727,0.265625,0.31325333401336986,0.26666666666666666,0.2745813307103745,0.2922218934240636,0.3277211849515056
TE,00-0040189,2025,3,4.514030102195313,0.1465,0.039,FALSE,FALSE,exante_mid,1.5,20,close,low_implied,0.11539422128039922,0.10382513661202186,0.10837978821540914,0.0967741935483871,0.12021324686218067,0.10855855792208526,0.10922515649787455,0.035374751692452,0.01818181818181818,0.03223273393937013,0.0196078431372549,0.03597457644383569,0.032551455096219685,0.024459820441694275
TE,00-0040584,2025,3,4.096981542522113,0.1885,0.05,FALSE,FALSE,exante_mid,1.5,26.5,close,high_implied,0.15874257801167618,0.10382513661202186,0.15338355427453007,0.0967741935483871,0.15259724396273708,0.1540746284021242,0.15406563302100795,0.0464888219791574,0.04807692307692308,0.04375135084919775,0.049586776859504134,0.04554687798755621,0.033718938971911486,0.031875705617590934
TE,00-0040663,2025,3,5.609097672485327,0.267,0.085,FALSE,FALSE,exante_mid,-5.5,16,dog,low_implied,0.2462663039129992,0.2564102564102564,0.24697211457559792,0.2564102564102564,0.2513289786713349,0.2565620369657237,0.25588264372594727,0.08328627752372185,0.07142857142857142,0.0838940425685436,0.07142857142857142,0.0842501582698047,0.11483342827533768,0.1348681818828708
TE,00-0040736,2025,3,4.710996626169398,0.196,0.0545,FALSE,FALSE,exante_mid,-8.5,18.5,big_dog,low_implied,0.1667730103911821,0.16,0.16184174337746132,0.17543859649122806,0.16762917970605948,0.18325600849847443,0.18285733440167287,0.051109172932413814,0.04807692307692308,0.048640053851475316,0.049586776859504134,0.05121868772547873,0.06374000658134202,0.07058777379540128
TE,00-0030061,2025,4,6.10678006350363,0.4125,0.162,FALSE,FALSE,exante_mid,3.5,29,fav,high_implied,0.4159712961432406,0.3815789473684211,0.42781789852901353,0.4090909090909091,0.4079976466648316,0.4155324131921277,0.4170170935536231,0.16829008331740578,0.203125,0.18174457690239926,0.2033898305084746,0.1675832613278762,0.13286390617420524,0.11604311219133757
TE,00-0030506,2025,4,7.200135983362167,0.456,0.211,FALSE,FALSE,exante_high,1.5,23,close,mid_implied,0.46954343579829955,0.5454545454545454,0.46954343579829955,0.5454545454545454,0.47947450736263936,0.46522711066697503,0.469945887625977,0.22446670549025585,0.25984251968503935,0.22446670549025585,0.25984251968503935,0.2254004600085296,0.23021096381776152,0.1948391358414657
TE,00-0031610,2025,4,4.5169560333506205,0.204,0.0515,TRUE,TRUE,exante_mid,6.5,25,fav,mid_implied,0.17140798061709298,0.16216216216216217,0.1674796671185072,0.16666666666666666,0.16862934466991028,0.16325558496527615,0.16439628121478314,0.047489270338641934,0.04672897196261682,0.04459158091574538,0.048,0.04744785586380607,0.033962370030814225,0.026556166410203776
TE,00-0033110,2025,4,4.582967557081894,0.242,0.069,FALSE,FALSE,exante_mid,6.5,24,fav,mid_implied,0.21313558983088376,0.25925925925925924,0.21125695672633618,0.25925925925925924,0.2051217937315845,0.20324280395504196,0.2011276988741222,0.06565874164055438,0.075,0.06402259138645676,0.075,0.06521029559268283,0.05056961430280093,0.05759206640122167
TE,00-0033858,2025,4,5.6294583241357845,0.368,0.15,FALSE,FALSE,exante_mid,NA,NA,NA,NA,0.36148221087682286,0.3516483516483517,0.36945228451701856,0.3516483516483517,0.35064833996287315,0.3579654389023395,0.35186896587341016,0.1546776909502298,0.14864864864864866,0.16567647422340118,0.14864864864864866,0.1532675610035771,0.1591229029266855,0.23794503687501517
TE,00-0033881,2025,4,5.445459230454234,0.325,0.113,FALSE,FALSE,exante_mid,1.5,25.5,close,mid_implied,0.3095732794540608,0.25925925925925924,0.3138520709930713,0.25925925925925924,0.3023379686752877,0.30665854421384525,0.3053656323422676,0.11326395123039223,0.11194029850746269,0.11744070273750837,0.11194029850746269,0.1126604824886321,0.09961036212139694,0.105777121573786
TE,00-0033885,2025,4,6.580348144790394,0.347,0.126,FALSE,FALSE,exante_mid,-10.5,18,big_dog,low_implied,0.3360122215707307,0.3516483516483517,0.3421591843036311,0.3516483516483517,0.34838280555699236,0.36823118889468937,0.3700408653436874,0.12770347175706576,0.11194029850746269,0.13412364273702473,0.11194029850746269,0.1288147782163112,0.173484737044892,0.15022636510565904
TE,00-0034351,2025,4,6.264270880300738,0.4645,0.207,TRUE,TRUE,exante_mid,2.5,28,close,high_implied,0.48001013908071344,0.5454545454545454,0.4961540979246949,0.575,0.46706677034298105,0.4807295000052224,0.4780895631575524,0.21985451247620838,0.25984251968503935,0.2431221208536462,0.26229508196721313,0.21819762790126948,0.190313720823715,0.215785289556522
TE,00-0034383,2025,4,5.914210000697599,0.3465,0.1225,FALSE,FALSE,exante_mid,5.5,22,fav,mid_implied,0.33540834862261903,0.3516483516483517,0.3415122724757204,0.3516483516483517,0.3340426351715978,0.32314035682027503,0.3224176571679968,0.123802669824032,0.11194029850746269,0.12960033080098804,0.11194029850746269,0.12375859124876616,0.11276873128543789,0.11503972171811053
TE,00-0034753,2025,4,5.717697357965252,0.343,0.1285,FALSE,FALSE,exante_mid,-1.5,21.5,close,mid_implied,0.33118489176075394,0.3516483516483517,0.33698818345133996,0.3516483516483517,0.32637374795233126,0.33174209861470466,0.3279301187178574,0.13049535758883601,0.14864864864864866,0.13736795827517906,0.14864864864864866,0.12992803067367256,0.14038900752024908,0.1795584006408752
TE,00-0035229,2025,4,6.287375821731243,0.3415,0.1295,FALSE,FALSE,exante_mid,NA,NA,NA,NA,0.32937683488350017,0.3516483516483517,0.33505164601466164,0.3516483516483517,0.3364392674710481,0.3255852571760586,0.32934554233607105,0.1316133808656233,0.14864864864864866,0.13866871055372038,0.14864864864864866,0.1321042606509867,0.13326415669578845,0.11091191479304913
TE,00-0036040,2025,4,6.592899700435307,0.3385,0.1265,FALSE,FALSE,exante_mid,-11.5,15,big_dog,low_implied,0.3257644155684169,0.3516483516483517,0.3311829664575066,0.3516483516483517,0.3395498062406817,0.35780292759876564,0.3577739815704841,0.12826148183923886,0.11194029850746269,0.13477162966622763,0.11194029850746269,0.1293881933868325,0.19346332857991633,0.19519906256543168
TE,00-0036290,2025,4,4.895807537195883,0.299,0.0895,FALSE,FALSE,exante_mid,1.5,26.5,close,high_implied,0.27873072987244407,0.25925925925925924,0.2808964314043949,0.25925925925925924,0.2657451554677072,0.27662175070748435,0.27302558884681377,0.08755519234856482,0.11194029850746269,0.08823043661350682,0.11194029850746269,0.08684407385071666,0.072160608183426,0.07972230931110579
TE,00-0036422,2025,4,4.073852856825714,0.1715,0.039,FALSE,FALSE,exante_mid,1.5,25.5,close,mid_implied,0.1373288567717545,0.1,0.132184912016635,0.09259259259259259,0.13419765486198298,0.13406096960571967,0.13470000613309527,0.034900698125292826,0.017543859649122806,0.031608192146013625,0.018867924528301886,0.03485762596742329,0.02679650376104981,0.020354174558731928
TE,00-0036970,2025,4,6.222023432298344,0.3945,0.1585,TRUE,TRUE,exante_mid,-3.5,25.5,dog,mid_implied,0.39386663289724183,0.3815789473684211,0.40415310503637886,0.38461538461538464,0.391381533930501,0.40872177417533123,0.4092325425106923,0.1643123398186284,0.203125,0.1770410583807721,0.2033898305084746,0.16396859940461192,0.16381835272517936,0.1582426267964615
TE,00-0037004,2025,4,4.174843455451518,0.1785,0.047,FALSE,FALSE,exante_mid,-5.5,21,dog,mid_implied,0.1445291721600886,0.1,0.13960046937087778,0.09259259259259259,0.1414577409422082,0.151439129111431,0.1496257644665297,0.042914631122162025,0.04672897196261682,0.03982068356217502,0.048,0.04273818155786283,0.04482787038633986,0.05253528585985833
TE,00-0037005,2025,4,4.154702714583636,0.115,0.032,TRUE,FALSE,exante_mid,0,0,close,low_implied,0.08250048079995881,0.05714285714285714,0.07668194720221465,0.0819088319088319,0.0867309889438155,0.0712581719237323,0.06816054754433193,0.028032665322015208,0,0.02474292359988813,0,0.028169955111287892,0.05439361959648894,0.06816054754433193
TE,00-0037112,2025,4,4.593922676098034,0.2335,0.0705,TRUE,FALSE,exante_mid,5.5,26.5,fav,high_implied,0.20364453818153644,0.25925925925925924,0.20125522957358477,0.25925925925925924,0.19723341332105435,0.1969982503488733,0.1971768274131539,0.06724068016248977,0.075,0.06574569581361357,0.075,0.06675878587786657,0.04872159444011726,0.048996406661562776
TE,00-0037744,2025,4,8.61747506487258,0.662,0.368,TRUE,FALSE,exante_high,2.5,23.5,close,mid_implied,0.7148627552656898,0.6666666666666666,0.7148627552656898,0.6666666666666666,0.7221321197768693,0.7134740195822947,0.7158762172044025,0.4057653403066,0.3333333333333333,0.4057653403066,0.3333333333333333,0.40823152210267905,0.42424957220736575,0.33525913012973907
TE,00-0037809,2025,4,5.848781668409778,0.23,0.077,FALSE,FALSE,exante_mid,-5.5,16.5,dog,low_implied,0.1997615363301119,0.25925925925925924,0.19717021724768133,0.25925925925925924,0.21266651751828458,0.2057068339192531,0.20921019832488866,0.07413488969243992,0.07792207792207792,0.07330535689103469,0.07792207792207792,0.07488956515288364,0.09510970380773537,0.08002477880162867
TE,00-0038041,2025,4,7.017243475146019,0.4335,0.1865,TRUE,TRUE,exante_high,-2.5,24.5,dog,mid_implied,0.4418227346026507,0.5,0.4418227346026507,0.5,0.45106878831085107,0.4521887091746323,0.4578457298490946,0.1962800946488294,0.25984251968503935,0.1962800946488294,0.25984251968503935,0.19723213663603387,0.20254205832933844,0.15228479414266263
TE,00-0038129,2025,4,6.217263388120204,0.3705,0.1455,FALSE,FALSE,exante_mid,-2.5,25.5,dog,mid_implied,0.36452701476567617,0.3516483516483517,0.37271549780859475,0.3516483516483517,0.3657468128398509,0.37447874587741825,0.37723841402589775,0.149592776061954,0.14864864864864866,0.15969630560941933,0.14864864864864866,0.14957417513256294,0.14563711592711115,0.12672334251017217
TE,00-0038558,2025,4,4.0464914932241065,0.153,0.041,FALSE,FALSE,exante_mid,NA,NA,NA,NA,0.11870283701429853,0.1,0.11312282012100787,0.09259259259259259,0.11790984242014256,0.11509537879516646,0.11563634342372751,0.036888848481078956,0.017543859649122806,0.03362688105373145,0.018867924528301886,0.03678257641517293,0.032661397406933856,0.03202718098496921
TE,00-0038783,2025,4,4.346429309065165,0.1875,0.0575,FALSE,FALSE,exante_mid,1.5,25.5,close,mid_implied,0.15390270625682262,0.1,0.14928929322351706,0.09259259259259259,0.1514721331487349,0.1505426869270513,0.15166876231737034,0.053655010549786275,0.04672897196261682,0.051105011783433955,0.048,0.0533218797332443,0.043243240531735554,0.043553858402653335
TE,00-0038935,2025,4,5.573954339056609,0.3505,0.1225,FALSE,FALSE,exante_mid,-5.5,21,dog,mid_implied,0.3402428877604214,0.3516483516483517,0.34669171449438574,0.3516483516483517,0.3312527705605685,0.3561519454357787,0.3491675237112262,0.123802669824032,0.11194029850746269,0.12960033080098804,0.11194029850746269,0.12314377987682097,0.1425738090748805,0.1937429682324423
TE,00-0038996,2025,4,6.253101865072587,0.496,0.238,FALSE,FALSE,exante_mid,2.5,27,close,high_implied,0.5187060620717344,0.5454545454545454,0.5371956809087266,0.575,0.5004706386323351,0.5186584171704806,0.5119111701003752,0.25567194334314736,0.25984251968503935,0.2859341916293034,0.26229508196721313,0.2529772856324261,0.23278153105781085,0.3217557849773107
TE,00-0039065,2025,4,6.129800109543932,0.443,0.1885,FALSE,FALSE,exante_mid,10.5,28.5,big_fav,high_implied,0.4535273896054442,0.5,0.4679453764869971,0.525,0.44102771480605596,0.4420009718276793,0.4414150920567332,0.1985747186037892,0.25984251968503935,0.21772396216503695,0.26229508196721313,0.19712860594152232,0.14022588758593285,0.1469456639139106
TE,00-0039338,2025,4,7.583499617964258,0.493,0.2195,FALSE,FALSE,exante_high,-1.5,25,close,mid_implied,0.5150296184730883,0.5454545454545454,0.5150296184730883,0.5454545454545454,0.5279155147248716,0.522806759560029,0.5304292970484303,0.23427826615736844,0.25984251968503935,0.23427826615736844,0.25984251968503935,0.23617456506697496,0.23919154759743408,0.15218284049119987
TE,00-0039793,2025,4,4.427386544613006,0.171,0.04,TRUE,FALSE,exante_mid,-2.5,21,dog,mid_implied,0.13681765579141675,0.1,0.13165936537561296,0.09259259259259259,0.1375848136064936,0.13702012022653923,0.13750909673039638,0.035893428166860794,0.017543859649122806,0.03261453526596591,0.018867924528301886,0.03603164657795022,0.03511326616472569,0.028036117460825283
TE,00-0039847,2025,4,4.983395448644551,0.235,0.075,FALSE,FALSE,exante_mid,-3.5,18,dog,low_implied,0.2053132193217222,0.25925925925925924,0.20301198606286558,0.25925925925925924,0.20443219808757998,0.20698770995393798,0.2040549664036888,0.0720070181446656,0.07792207792207792,0.07096366983610516,0.07792207792207792,0.07181892656220107,0.08501393697158913,0.11566627925197738
TE,00-0040128,2025,4,6.589601056127831,0.3475,0.1325,TRUE,TRUE,exante_mid,-6.5,17.5,big_dog,low_implied,0.33661622290429616,0.3516483516483517,0.3428062463416932,0.3516483516483517,0.3491117756930117,0.35221888095243353,0.3538511182322266,0.13497168564236123,0.14864864864864866,0.14258104542820207,0.14864864864864866,0.13599042908570652,0.17679686386746354,0.16563079629390237
TE,00-0040187,2025,4,4.016258711301748,0.14,0.0345,FALSE,FALSE,exante_mid,0,0,close,low_implied,0.10598878393937887,0.1,0.10022376665444115,0.09259259259259259,0.1065691608395992,0.09218279861684685,0.08601814469179891,0.030468483231551775,0,0.027157361901373633,0,0.030493147661953254,0.05946936050955943,0.08601814469179891
TE,00-0040189,2025,4,5.145406726019672,0.263,0.0855,FALSE,FALSE,exante_mid,3.5,21.5,fav,mid_implied,0.2369313102063759,0.25925925925925924,0.23642723946861766,0.25925925925925924,0.2343672523763695,0.22763279674821574,0.22635806610132564,0.08323906416084595,0.07792207792207792,0.08340256155294168,0.07792207792207792,0.08296815050835106,0.07724930146045737,0.08938721366554458
TE,00-0040663,2025,4,5.199201652328975,0.219,0.0665,FALSE,FALSE,exante_mid,-10.5,18,big_dog,low_implied,0.18765723886568259,0.25925925925925924,0.18446403028588976,0.25925925925925924,0.19211287549279973,0.20837492971956884,0.20829175555615911,0.06303011032139055,0.075,0.06116949810798269,0.075,0.06326161922045463,0.08179849813526628,0.08347987327382746
TE,00-0040736,2025,4,5.139746671054001,0.236,0.0685,FALSE,FALSE,exante_mid,-6.5,18.5,big_dog,low_implied,0.20642716892063595,0.25925925925925924,0.20418514579517888,0.25925925925925924,0.20776253683239376,0.2173035193764356,0.2156828199599838,0.06513221396954003,0.075,0.06345008035639031,0.075,0.06526341101140819,0.07842156198613187,0.08391780046989161
TE,00-0040739,2025,4,4.136652999382627,0.1585,0.04,FALSE,FALSE,exante_mid,-2.5,21,dog,mid_implied,0.12417702110349683,0.1,0.11870595897703931,0.09259259259259259,0.12353446114755179,0.12419719568843951,0.12400744072307389,0.035893428166860794,0.017543859649122806,0.03261453526596591,0.018867924528301886,0.03586340628583711,0.03511326616472569,0.03475240943388094
TE,00-0030506,2025,5,6.890953443611564,0.449,0.198,TRUE,TRUE,exante_mid,NA,NA,NA,NA,0.4527894705722376,0.5285714285714286,0.46078839500083857,0.5714285714285714,0.4583396281489988,0.4516516816002004,0.4531968175963027,0.21002099892449627,0.26277372262773724,0.23271260349578396,0.265625,0.21062610558349354,0.2194397017757916,0.2130036380557402
TE,00-0031610,2025,5,5.6112641224121775,0.4155,0.1625,TRUE,TRUE,exante_mid,NA,NA,NA,NA,0.4130432221108332,0.38461538461538464,0.419512267107652,0.4067796610169492,0.38582479463532154,0.41077405351707375,0.39513084265828036,0.16969645691542506,0.21212121212121213,0.1839782309828865,0.21311475409836064,0.16645526363718446,0.17446558190269082,0.2546829791150211
TE,00-0033090,2025,5,6.384120455120994,0.4055,0.166,FALSE,FALSE,exante_mid,NA,NA,NA,NA,0.4012113845054874,0.38461538461538464,0.4072136445594364,0.4067796610169492,0.40030650815145397,0.3986166372225126,0.3972872772855338,0.17365447419395644,0.21212121212121213,0.1887375407111352,0.21311475409836064,0.17337310020977448,0.17885867051242324,0.1872379917784209
TE,00-0033881,2025,5,6.093610830666866,0.3215,0.1045,TRUE,FALSE,exante_mid,NA,NA,NA,NA,0.30310739132529885,0.25396825396825395,0.30521287128016455,0.25396825396825395,0.31159574228657355,0.29815642837698575,0.3028925591299497,0.10500281334459677,0.10714285714285714,0.10759340370245934,0.10714285714285714,0.10613522688717598,0.10371526017583979,0.08109703463760955
TE,00-0033885,2025,5,6.09211582525231,0.3375,0.1215,TRUE,TRUE,exante_mid,NA,NA,NA,NA,0.3215573292023196,0.32989690721649484,0.3243836834840302,0.32989690721649484,0.3267035997978523,0.31698985183223366,0.3197693534628274,0.12375211194676462,0.10714285714285714,0.12938447870172956,0.10714285714285714,0.12427836831079123,0.12397059259414754,0.11226796643604171
TE,00-0034270,2025,5,4.191175827217947,0.1775,0.0405,FALSE,FALSE,exante_mid,NA,NA,NA,NA,0.1461035967785155,0.10606060606060606,0.14333298225245877,0.1,0.14219070786713175,0.13984972934241607,0.1391373632515919,0.03722093302613025,0.01639344262295082,0.033328224041578626,0.017543859649122806,0.03720903744102206,0.03352923676273666,0.030102447328001176
TE,00-0034351,2025,5,6.0924496534992,0.372,0.146,FALSE,FALSE,exante_mid,NA,NA,NA,NA,0.3617602991469913,0.32989690721649484,0.3661877849765887,0.32989690721649484,0.35941543891223704,0.35813328053914545,0.3564810306315384,0.15110468393006768,0.1518987341772152,0.1617243272052778,0.1518987341772152,0.1505908024217189,0.15391100187638546,0.1651785342675629
TE,00-0034365,2025,5,4.3257230691988,0.198,0.0475,FALSE,FALSE,exante_mid,NA,NA,NA,NA,0.16715798945087143,0.18421052631578946,0.16482477830592432,0.18421052631578946,0.16108236744727542,0.1608056677746397,0.1588718370723451,0.044322864753609185,0.05426356589147287,0.04061426499931776,0.05511811023622047,0.044177951267048765,0.04055470646402478,0.039227718739710524
TE,00-0034383,2025,5,6.101245655310222,0.35,0.1245,FALSE,FALSE,exante_mid,NA,NA,NA,NA,0.3360629461524874,0.32989690721649484,0.33946374288194864,0.32989690721649484,0.3388114725891189,0.3318194803394521,0.3331704373839809,0.12708220132759668,0.10714285714285714,0.1332904531260675,0.10714285714285714,0.12752039486821956,0.1275931386024032,0.11770715943368111
TE,00-0034753,2025,5,6.0088536405775885,0.3795,0.1355,FALSE,FALSE,exante_mid,NA,NA,NA,NA,0.37056297648861014,0.32989690721649484,0.37534304328164203,0.32989690721649484,0.36401293335132523,0.36715814350497866,0.36315210157922606,0.13934046253808136,0.1518987341772152,0.14774746997066251,0.1518987341772152,0.13900625006087816,0.14098444950721267,0.1473933777458266
TE,00-0034829,2025,5,4.78997112056555,0.252,0.0775,FALSE,FALSE,exante_mid,NA,NA,NA,NA,0.22493286465544834,0.25396825396825395,0.224223385592442,0.25396825396825395,0.21575936476531854,0.218808986230957,0.21486103184435928,0.07574844034171163,0.075,0.07446042644994985,0.075,0.07492275006957003,0.07270368748833554,0.08581742990287297
TE,00-0035229,2025,5,6.566584424913832,0.3935,0.1665,FALSE,FALSE,exante_mid,NA,NA,NA,NA,0.3870429102990471,0.38461538461538464,0.39248185311178524,0.4067796610169492,0.3944555531493107,0.3840671585672541,0.38734667068708456,0.1742202745637327,0.21212121212121213,0.18941842692265906,0.21311475409836064,0.17467368529280664,0.17948710976875992,0.17275350727683844
TE,00-0035249,2025,5,3.979720573327823,0.167,0.0355,FALSE,FALSE,exante_low,NA,NA,NA,NA,0.13553591641112975,0.10606060606060606,0.13553591641112975,0.10606060606060606,0.13060456899856476,0.12937535042089096,0.1281497235684116,0.03221826821006088,0,0.03221826821006088,0,0.03219642472557696,0.028651422090553304,0.025598099828002055
TE,00-0036040,2025,5,6.277688535439969,0.3925,0.1485,FALSE,FALSE,exante_mid,NA,NA,NA,NA,0.38586387200350336,0.38461538461538464,0.39125577684687346,0.4067796610169492,0.384563683850946,0.3828568942033428,0.38149106810453887,0.1539138507402038,0.1518987341772152,0.1650748316511652,0.1518987341772152,0.15397855683187375,0.1570074495503502,0.1563631773692987
TE,00-0036423,2025,5,4.527168172777102,0.1955,0.0485,FALSE,FALSE,exante_mid,NA,NA,NA,NA,0.1645619164565843,0.15384615384615385,0.16216950222812107,0.17391304347826086,0.1625695560136595,0.15821582900801648,0.15845214354805232,0.04534590697620423,0.05426356589147287,0.04167711673800071,0.05511811023622047,0.045409448250578,0.041575515127430324,0.036652604632129354
TE,00-0036754,2025,5,4.592115471330946,0.172,0.04,FALSE,FALSE,exante_mid,NA,NA,NA,NA,0.14054904556695777,0.10606060606060606,0.13768049309182337,0.1,0.14408128881771742,0.13434034232844372,0.137527995876321,0.03671788162640843,0.01639344262295082,0.03281866086794256,0.017543859649122806,0.03713647154264644,0.03303591863047694,0.023375700576862064
TE,00-0037112,2025,5,4.930109605190852,0.249,0.0645,TRUE,TRUE,exante_mid,NA,NA,NA,NA,0.22164562507622276,0.25396825396825395,0.2208305093037703,0.25396825396825395,0.21624011394014672,0.21549189371365687,0.21358155956840802,0.06196112183461147,0.06818181818181818,0.059335646415316697,0.06818181818181818,0.061987412971395844,0.05841658539370208,0.053936988620948666
TE,00-0037744,2025,5,8.183243642593172,0.646,0.376,FALSE,FALSE,exante_high,NA,NA,NA,NA,0.682858564103399,0.7,0.682858564103399,0.7,0.6850690068749803,0.6879457504833411,0.685678183355491,0.4132035395508052,0.26277372262773724,0.4132035395508052,0.26277372262773724,0.4140736809067717,0.44720974362505955,0.4572640835412133
TE,00-0037805,2025,5,3.957267220602339,0.141,0.034,FALSE,FALSE,exante_low,NA,NA,NA,NA,0.11006472096213407,0.10606060606060606,0.11006472096213407,0.10606060606060606,0.1099689837504766,0.1042666419969136,0.10558715232889307,0.030730160594515086,0,0.030730160594515086,0,0.03074572437092412,0.027213158739526185,0.02364287090171051
TE,00-0037809,2025,5,5.3858207762706725,0.249,0.079,FALSE,FALSE,exante_mid,NA,NA,NA,NA,0.22164562507622276,0.25396825396825395,0.2208305093037703,0.25396825396825395,0.22645150124670343,0.21549189371365687,0.2189776955599566,0.07735330845844268,0.075,0.07624421045388989,0.075,0.07767208111558657,0.07438218899866988,0.06492643356186889
TE,00-0038041,2025,5,7.177384209284201,0.4265,0.1895,TRUE,TRUE,exante_high,NA,NA,NA,NA,0.42607909693739554,0.38461538461538464,0.42607909693739554,0.38461538461538464,0.44576188913417797,0.4241753386829128,0.4335781103346624,0.2003341157550298,0.26277372262773724,0.2003341157550298,0.26277372262773724,0.20261517334742063,0.20859742284687618,0.16967161912953646
TE,00-0038115,2025,5,4.082466524204763,0.215,0.0535,FALSE,FALSE,exante_mid,NA,NA,NA,NA,0.18500788533316498,0.2,0.18311754643213346,0.2,0.17052646966419766,0.17865417017605698,0.17212085171702118,0.050490189227114755,0.05426356589147287,0.04706771100335376,0.05511811023622047,0.04974375160059137,0.04673903645393736,0.05772100111178506
TE,00-0038129,2025,5,6.345854583699576,0.406,0.1675,TRUE,FALSE,exante_mid,NA,NA,NA,NA,0.4018024818220584,0.38461538461538464,0.40782815041480724,0.4067796610169492,0.39959150696300066,0.39922384849986764,0.3971875931672187,0.1753521454240198,0.21212121212121213,0.19078091630269575,0.21311475409836064,0.1748441585168286,0.1807446141492507,0.19418156481796492
TE,00-0038720,2025,5,3.973084220668079,0.154,0.043,FALSE,FALSE,exante_low,NA,NA,NA,NA,0.12267110906394937,0.10606060606060606,0.12267110906394937,0.10606060606060606,0.12031873913906052,0.11666790557804999,0.11681526663213926,0.03974493322715968,0.01639344262295082,0.03974493322715968,0.01639344262295082,0.0393939756537812,0.03601333402929288,0.03863907740047934
TE,00-0038933,2025,5,6.9173411724343,0.448,0.1915,TRUE,FALSE,exante_mid,NA,NA,NA,NA,0.45160149270140115,0.5285714285714286,0.45955577726966396,0.5714285714285714,0.45822517942202184,0.4504292426236212,0.4525633051780834,0.20261188130954294,0.26277372262773724,0.22372546038051053,0.265625,0.20360532131455347,0.2111450439375629,0.19626917961378104
TE,00-0039065,2025,5,6.084753382441285,0.3705,0.1385,TRUE,TRUE,exante_mid,NA,NA,NA,NA,0.36000214475924847,0.32989690721649484,0.36435921241877056,0.32989690721649484,0.35776234689300507,0.356331380384613,0.35475510491301565,0.14269576005784046,0.1518987341772152,0.15172437322323923,0.1518987341772152,0.14249251484119416,0.14466424103637646,0.1486030100139846
TE,00-0039793,2025,5,4.583962977613124,0.2145,0.054,TRUE,TRUE,exante_mid,NA,NA,NA,NA,0.18447815369745818,0.2,0.18257382254452437,0.2,0.1795283776304848,0.17812347865609826,0.17670070774936214,0.051007171783889776,0.05426356589147287,0.04761351617857734,0.05511811023622047,0.05092829608037771,0.04726064008072473,0.044672378949819576
TE,00-0039847,2025,5,5.617173962582148,0.2805,0.0905,TRUE,TRUE,exante_mid,NA,NA,NA,NA,0.2565514373729881,0.25396825396825395,0.2569192731468536,0.25396825396825395,0.2606788733293438,0.2508020450074585,0.2536602038103509,0.0897420609656755,0.10714285714285714,0.09015587172037597,0.10714285714285714,0.09014475034480317,0.08743427023426545,0.07671130753234487
TE,00-0040128,2025,5,6.512006551539917,0.4295,0.1815,TRUE,FALSE,exante_mid,NA,NA,NA,NA,0.42963744947630284,0.38461538461538464,0.4367534939809283,0.4067796610169492,0.4273844469796127,0.4278345114521433,0.4254563052914917,0.19123328693432198,0.21212121212121213,0.20994705548519232,0.21311475409836064,0.1908017405964853,0.19843079724034998,0.21181646329556772
TE,00-0040584,2025,5,4.036422497067673,0.1535,0.0345,FALSE,FALSE,exante_mid,NA,NA,NA,NA,0.12218135429094594,0.10606060606060606,0.11904835540395892,0.1,0.12079968782802004,0.11618514703194796,0.11684027074083833,0.031225511389358654,0,0.027317735055075832,0,0.031291300036411146,0.027691234194983965,0.023322648862326108
TE,00-0040663,2025,5,5.420283762878928,0.264,0.0875,FALSE,FALSE,exante_mid,NA,NA,NA,NA,0.23816246628795723,0.25396825396825395,0.2378909930613092,0.25396825396825395,0.2408111650834328,0.23217662624651444,0.23440535029231008,0.08649642911981095,0.075,0.08648823665391676,0.075,0.08655887292098904,0.08399939528795165,0.07929992649574558
TE,00-0040736,2025,5,5.515316332495172,0.3205,0.0965,TRUE,TRUE,exante_mid,NA,NA,NA,NA,0.3019590098123449,0.25396825396825395,0.30402008216823806,0.25396825396825395,0.2947797518789845,0.29698531928318816,0.29339434687482063,0.09626022899304479,0.10714285714285714,0.09756667986644339,0.10714285714285714,0.09617509371608479,0.09436297712746328,0.09285630931260183
TE,00-0030061,2025,6,5.487045172247293,0.299,0.093,TRUE,FALSE,exante_mid,3.5,26.5,fav,high_implied,0.28152342895266264,0.2641509433962264,0.2842490987058715,0.2641509433962264,0.2784644707787968,0.26654863275357604,0.2697079557731128,0.09929283483479798,0.12413793103448276,0.1003743569349366,0.12413793103448276,0.0992843743553355,0.08717823281487065,0.07377884481977873
TE,00-0030506,2025,6,6.852779340464142,0.4845,0.219,TRUE,FALSE,exante_mid,1.5,25.5,close,mid_implied,0.5023745358259801,0.5416666666666666,0.5191992694590334,0.5909090909090909,0.4987244201076118,0.49871153287378006,0.4986838774752601,0.2400061341536047,0.2695035460992908,0.2680856449540089,0.2765957446808511,0.23957678608916977,0.25474828126635235,0.251310135902109
TE,00-0031610,2025,6,5.221488603631088,0.2995,0.096,FALSE,FALSE,exante_mid,-4.5,19.5,dog,low_implied,0.2821015265428362,0.2641509433962264,0.28486371233752855,0.2641509433962264,0.27205496987646116,0.2899283787267366,0.2810151677730509,0.1026217876552345,0.12413793103448276,0.10417772591561401,0.12413793103448276,0.10190253767788632,0.11641977332550611,0.1463581651278648
TE,00-0033090,2025,6,6.642451122187496,0.48,0.216,FALSE,FALSE,exante_mid,3.5,24.5,fav,mid_implied,0.4969770797766351,0.5416666666666666,0.513500520729426,0.5909090909090909,0.48751473926537947,0.4962915938993112,0.49254232342611876,0.23665866152796478,0.2695035460992908,0.26401867176370486,0.2765957446808511,0.23541877931593358,0.2292983965241858,0.2475376239647524
TE,00-0033110,2025,6,5.082376263158967,0.3345,0.118,TRUE,FALSE,exante_mid,7.5,26,big_fav,mid_implied,0.32294671176251966,0.3333333333333333,0.3283567733277912,0.3333333333333333,0.3005589197032625,0.30667206452022044,0.2999795252641157,0.1271056761055339,0.12413793103448276,0.1325348128521819,0.12413793103448276,0.12496571580925225,0.09196467720263896,0.11356389009265815
TE,00-0033858,2025,6,5.658400126856407,0.3255,0.116,FALSE,FALSE,exante_mid,4.5,21,fav,mid_implied,0.31237758325794035,0.2641509433962264,0.31709196503540577,0.2641509433962264,0.3079825191803766,0.3214405387176511,0.31847633547062276,0.12487555694673091,0.12413793103448276,0.12992695785740802,0.12413793103448276,0.12436836053376438,0.10880301203486906,0.1213867278477259
TE,00-0033881,2025,6,6.226801806582432,0.3385,0.1355,FALSE,FALSE,exante_mid,NA,NA,NA,NA,0.3276571208030184,0.3333333333333333,0.33337885482021556,0.3333333333333333,0.3365509795372057,0.333494435977029,0.3383315138357035,0.14664483865185216,0.1566265060240964,0.15555853822341506,0.1566265060240964,0.14701512684897192,0.1637028105023119,0.15529856702650588
TE,00-0033885,2025,6,6.786981638336697,0.388,0.168,FALSE,FALSE,exante_mid,-4.5,16.5,dog,low_implied,0.38647966626109315,0.4,0.3961200702287793,0.3793103448275862,0.4019717368603722,0.4146413935570459,0.4142616443702832,0.18299856111401458,0.2112676056338028,0.1990334690031368,0.21212121212121213,0.1841493565290291,0.21755815091046932,0.23468062993344693
TE,00-0034351,2025,6,6.013922042637939,0.436,0.1805,TRUE,TRUE,exante_mid,7.5,24,big_fav,mid_implied,0.44409292494796276,0.5,0.45746276498698824,0.45454545454545453,0.42450151924265833,0.44008569799178243,0.4318757269977445,0.19698470067431126,0.2112676056338028,0.21591015313237857,0.21212121212121213,0.19473002712382173,0.15289960195902647,0.1862347512612147
TE,00-0034613,2025,6,4.543614901071062,0.1495,0.0375,FALSE,FALSE,exante_mid,-13.5,15,big_dog,low_implied,0.11932515612197539,0.10294117647058823,0.11446947335597085,0.09826589595375723,0.12584153832605646,0.11923620284312154,0.11890920567414881,0.038515898138570245,0,0.03434245699618117,0,0.038930430563970254,0.04379504282693608,0.043485293001789944
TE,00-0034753,2025,6,5.879487889327427,0.317,0.1055,FALSE,FALSE,exante_mid,-7.5,18.5,big_dog,low_implied,0.3024354787833961,0.2641509433962264,0.3065011967468789,0.2641509433962264,0.30600381385982073,0.30868141731578946,0.30520723293501423,0.1131804267906151,0.12413793103448276,0.11632884752530026,0.12413793103448276,0.11363716599471939,0.1323072354559608,0.1395428984951807
TE,00-0035644,2025,6,5.453472859044465,0.2615,0.0875,FALSE,FALSE,exante_mid,-13.5,15,big_dog,low_implied,0.23868934227598365,0.2641509433962264,0.23882348430956837,0.2641509433962264,0.2427246133102645,0.24353605779735657,0.23765610248092836,0.09319739932812501,0.078125,0.09344783382757883,0.078125,0.09332086144242063,0.11337863782378911,0.14173350444852212
TE,00-0036970,2025,6,6.1043118837612464,0.385,0.137,FALSE,FALSE,exante_mid,-3.5,22.5,dog,mid_implied,0.3828921821746284,0.4,0.3922945485695804,0.3793103448275862,0.37797456414851766,0.3830565088787059,0.37893745219815383,0.1483213350671606,0.1566265060240964,0.15754713639828408,0.1566265060240964,0.1482591034057707,0.16939922574754576,0.1735663508733013
TE,00-0037004,2025,6,4.130920194983186,0.192,0.0405,FALSE,FALSE,exante_mid,1.5,23.5,close,mid_implied,0.16277722937413255,0.14814814814814814,0.15920128066434855,0.16666666666666666,0.15472064878707728,0.15927687419171482,0.15696681950958255,0.04174121313623187,0.015625,0.03762256433756699,0.01694915254237288,0.041669285946091955,0.03831875266433472,0.035070658466605224
TE,00-0037005,2025,6,4.725274596532464,0.221,0.0525,FALSE,FALSE,exante_mid,-3.5,22.5,dog,mid_implied,0.19381440437439035,0.2553191489361702,0.19157668139245254,0.2553191489361702,0.1902699137566644,0.18913968943397114,0.18778104466483647,0.05473421795613998,0.061224489795918366,0.051159175277348826,0.0625,0.054894452965799145,0.057874020850987244,0.05170574628032265
TE,00-0037112,2025,6,5.1940764169192075,0.307,0.103,FALSE,FALSE,exante_mid,7.5,27.5,big_fav,high_implied,0.2907926484047155,0.2641509433962264,0.2941076677446823,0.2641509433962264,0.27824375954334546,0.26820737407464135,0.26817724136019544,0.11039952707694477,0.12413793103448276,0.11311621224396548,0.12413793103448276,0.1092969026949539,0.07790122524831898,0.07806443753374959
TE,00-0037744,2025,6,8.287108902356417,0.635,0.367,TRUE,TRUE,exante_high,-5.5,21,dog,mid_implied,0.6785505863619785,0.6,0.6785505863619785,0.6,0.6858861188016395,0.689399967093945,0.6873281012451293,0.4030595057823533,0.2695035460992908,0.4030595057823533,0.2695035460992908,0.40473957226491725,0.4771184482286779,0.4841133669921662
TE,00-0037809,2025,6,5.329615542396013,0.214,0.068,FALSE,FALSE,exante_mid,-4.5,18,dog,low_implied,0.1862313162287405,0.2222222222222222,0.18364008073647461,0.2222222222222222,0.1962454212045584,0.19432262096628447,0.1968187252344871,0.07168494192725995,0.078125,0.06945172009020126,0.078125,0.0722271741684748,0.07961620114361197,0.07690287575876038
TE,00-0038041,2025,6,7.253844064831646,0.4895,0.2365,TRUE,FALSE,exante_high,3.5,26,fav,mid_implied,0.5083675097067472,0.5416666666666666,0.5083675097067472,0.5416666666666666,0.5166021210224281,0.5001017243249148,0.5074756735073148,0.2595104782578122,0.2695035460992908,0.2595104782578122,0.2695035460992908,0.26026584455729884,0.25240693732390007,0.22209539918460672
TE,00-0038129,2025,6,6.3075832783953185,0.3975,0.166,FALSE,FALSE,exante_mid,-7.5,20,big_dog,low_implied,0.39785380055611685,0.4,0.4082458102643181,0.42105263157894735,0.396363519422088,0.4005771209101473,0.39441738156690925,0.18076055942092517,0.2112676056338028,0.19633913847515663,0.21212121212121213,0.18023691026878297,0.2156442354089392,0.2534687387774893
TE,00-0038558,2025,6,4.47658361156684,0.194,0.054,FALSE,FALSE,exante_mid,4.5,21,fav,mid_implied,0.16488448642038797,0.14814814814814814,0.16138969802186587,0.16666666666666666,0.16237156475972037,0.16692093215678766,0.16636673838773527,0.056367244784462416,0.061224489795918366,0.05289300184169375,0.0625,0.0561523994891541,0.04513193347345232,0.04743291769300282
TE,00-0038720,2025,6,4.1010369533633755,0.147,0.0335,FALSE,FALSE,exante_mid,-4.5,19.5,dog,low_implied,0.11685516007242645,0.10294117647058823,0.11195283243000859,0.09826589595375723,0.11764216915672408,0.1171509639343738,0.11696118758179778,0.034232563586956415,0,0.03004352891418007,0,0.03438017096829282,0.035460662592405816,0.0331693260038397
TE,00-0039065,2025,6,6.071187435559498,0.401,0.15,TRUE,FALSE,exante_mid,-1.5,24,close,mid_implied,0.4020489983196274,0.4,0.41271681178668074,0.42105263157894735,0.3924341084059708,0.40053701800953234,0.39582616592532816,0.1628584049937792,0.1566265060240964,0.17486347403201813,0.1566265060240964,0.16217029387735313,0.18379851274648795,0.1945794219676707
TE,00-0039066,2025,6,4.110339291721657,0.1655,0.0465,TRUE,FALSE,exante_mid,4.5,22.5,fav,mid_implied,0.13537037726986284,0.10294117647058823,0.13089178908429336,0.09826589595375723,0.13274792758923865,0.13251103636821296,0.1328924787032154,0.048220846249657015,0.05714285714285714,0.04431287521917732,0.05714285714285714,0.047881244889873206,0.037739799384090285,0.039840951823862714
TE,00-0039793,2025,6,5.268886586966234,0.278,0.0995,FALSE,FALSE,exante_mid,-1.5,22,close,mid_implied,0.25740254415145897,0.2641509433962264,0.2586381524917866,0.2641509433962264,0.25348478739326036,0.26018967820499256,0.25786781644318374,0.10650896320471628,0.12413793103448276,0.1086361548306609,0.12413793103448276,0.10574225179013277,0.1176273002295189,0.13662770060082896
TE,00-0039847,2025,6,5.930528098116046,0.2715,0.0915,FALSE,FALSE,exante_mid,-7.5,16.5,big_dog,low_implied,0.2500039788054146,0.2641509433962264,0.25079767099077876,0.2641509433962264,0.2638494926204326,0.26205631418620146,0.26330055446955763,0.0976294290809004,0.12413793103448276,0.0984792200785332,0.12413793103448276,0.09863749350839703,0.11392695366529342,0.11208412620489018
TE,00-0040126,2025,6,5.384531890084514,0.2805,0.0885,FALSE,FALSE,exante_mid,-3.5,23,dog,mid_implied,0.2602570015733148,0.2641509433962264,0.26166517499892156,0.2641509433962264,0.2586484035560477,0.25482798754637587,0.25432744613645725,0.0943048824864193,0.1,0.0947025655893901,0.1,0.09424780715569601,0.10407297424199657,0.10222197124247108
TE,00-0040128,2025,6,6.461439834842552,0.4475,0.1965,TRUE,TRUE,exante_mid,5.5,26.5,fav,high_implied,0.4579242799940976,0.5416666666666666,0.4721503292522672,0.5909090909090909,0.4499631116541185,0.4433564860608233,0.44368975127884386,0.214877770292082,0.2695035460992908,0.23757688513107883,0.2765957446808511,0.21368606503125592,0.1852596482605606,0.18750762282173516
TE,00-0040189,2025,6,4.369600637151486,0.217,0.0585,FALSE,FALSE,exante_mid,4.5,24,fav,mid_implied,0.1894744189896767,0.2222222222222222,0.18703243475019424,0.2222222222222222,0.1798756261577229,0.18289926383558738,0.18059267649327765,0.061276503503423785,0.061224489795918366,0.058143970606793834,0.0625,0.060722562731179326,0.04882200484165616,0.05196482010167558
TE,00-0040584,2025,6,4.236426342221528,0.1215,0.028,FALSE,FALSE,exante_mid,-4.5,18,dog,low_implied,0.09228342565055646,0.10294117647058823,0.087108025733073,0.09826589595375723,0.09870279155506677,0.09449194194875613,0.09702243611910454,0.028379499608461416,0,0.024287309202506668,0,0.028777266648769315,0.029112620928310122,0.0232381622374613
TE,00-0040663,2025,6,5.497961280055948,0.256,0.078,TRUE,FALSE,exante_mid,-4.5,16.5,dog,low_implied,0.23250302611193102,0.2641509433962264,0.23228567729964478,0.2641509433962264,0.23867285590072393,0.24959724419142718,0.24764583133429388,0.08269558598730727,0.078125,0.08163912493048885,0.078125,0.08322744731018054,0.09348992984205864,0.09783669109609291
TE,00-0030061,2025,7,5.916586230030198,0.3665,0.13,TRUE,FALSE,exante_mid,1.5,26.5,close,high_implied,0.3627813060220814,0.3364485981308411,0.3691605003927286,0.3360655737704918,0.3586752587120811,0.35502131668152515,0.35612471322008604,0.1391088016664323,0.1511627906976744,0.14634564452942034,0.1511627906976744,0.13918209264980363,0.13906620260095012,0.12891407545873135
TE,00-0030506,2025,7,7.474689570300392,0.573,0.294,FALSE,FALSE,exante_high,10.5,27.5,big_fav,high_implied,0.6140851648109696,0.5909090909090909,0.6140851648109696,0.5909090909090909,0.6120668428966592,0.6021304487865116,0.6070456193457576,0.32967986310926795,0.2714285714285714,0.32967986310926795,0.2714285714285714,0.3297328954840137,0.24945076946569292,0.22503093369604846
TE,00-0033090,2025,7,6.081787539327188,0.4005,0.1685,FALSE,FALSE,exante_mid,5.5,24,fav,mid_implied,0.40430811246195847,0.40384615384615385,0.41293825351886093,0.43478260869565216,0.3983413610581431,0.40603853880658136,0.40249814606930984,0.18364511073645287,0.21212121212121213,0.19885477260530296,0.20967741935483872,0.18395569988303165,0.16029884512510043,0.18100806510525647
TE,00-0033110,2025,7,5.206812542381252,0.29,0.0845,FALSE,FALSE,exante_mid,NA,NA,NA,NA,0.2711911264546548,0.26126126126126126,0.27269587834143155,0.26126126126126126,0.2658499335071117,0.2770325729888067,0.2720249757932122,0.08739152057543448,0.07633587786259542,0.08716358608278879,0.07633587786259542,0.0874447813415181,0.09285377037252046,0.09521819794754637
TE,00-0033246,2025,7,3.966474126428055,0.143,0.0345,FALSE,FALSE,exante_low,NA,NA,NA,NA,0.1108392611803085,0.10309278350515463,0.1108392611803085,0.10309278350515463,0.11068684419281825,0.11169103827763217,0.11327457519944567,0.03303806516576326,0,0.03303806516576326,0,0.03303636097426738,0.032620300147600714,0.029286902177819343
TE,00-0033858,2025,7,5.745372698533508,0.351,0.1375,FALSE,FALSE,exante_mid,4.5,23.5,fav,mid_implied,0.3439745546480087,0.3364485981308411,0.3493290651058582,0.3360655737704918,0.33891473036849795,0.34699314397603376,0.34394368618455423,0.14774534794739183,0.1511627906976744,0.1564472581154807,0.1511627906976744,0.1479984088418128,0.13231727446906452,0.15008682451142008
TE,00-0033881,2025,7,6.517735542229133,0.425,0.1945,FALSE,FALSE,exante_mid,7.5,24,big_fav,mid_implied,0.4343712198487377,0.40384615384615385,0.44459177080173534,0.43478260869565216,0.4337461092018023,0.435742154226734,0.43822136289498603,0.21391187669098827,0.2714285714285714,0.23495043568048324,0.2692307692307692,0.21409927822914912,0.17431282232600337,0.1823344347152141
TE,00-0034351,2025,7,6.636270243859761,0.4655,0.1985,FALSE,FALSE,exante_mid,9.5,25.5,big_fav,mid_implied,0.4841010361970053,0.5526315789473685,0.4968123337860007,0.5957446808510638,0.4799802374871312,0.47864797409183485,0.47989418677963847,0.2185749127899141,0.2714285714285714,0.24052738559799594,0.28,0.2186916818941831,0.16221748014098908,0.15541234206664123
TE,00-0034383,2025,7,6.201518724021355,0.336,0.116,TRUE,TRUE,exante_mid,-2.5,19.5,dog,low_implied,0.3258754074018195,0.3364485981308411,0.3302490198838696,0.3360655737704918,0.33163042628494405,0.3367209696535133,0.3378431429127825,0.12305709527366158,0.11764705882352941,0.12770996791618255,0.11764705882352941,0.1228542028666204,0.13835136785043928,0.13007080327888915
TE,00-0035229,2025,7,6.525472735676929,0.2945,0.103,FALSE,FALSE,exante_mid,-9.5,16,big_dog,low_implied,0.2764760022666948,0.26126126126126126,0.2782484930726457,0.26126126126126126,0.2931487660158238,0.2732161829823189,0.28087955509583074,0.1082509574341821,0.11764705882352941,0.11071289396617597,0.11764705882352941,0.10780699262969232,0.1277624271609447,0.1069384253458831
TE,00-0035644,2025,7,5.161068673468186,0.242,0.0825,TRUE,FALSE,exante_mid,-4.5,19,dog,low_implied,0.215929157506257,0.26126126126126126,0.21483449560891596,0.26126126126126126,0.21678149974548083,0.21793468236291325,0.21538163448940797,0.08515417587302325,0.07633587786259542,0.08467041808308869,0.07633587786259542,0.08520940752970346,0.09476093616783367,0.11120821507010661
TE,00-0036040,2025,7,5.663094652961396,0.3235,0.119,TRUE,FALSE,exante_mid,-5.5,19.5,dog,low_implied,0.3108822878977691,0.26126126126126126,0.31445157619321457,0.26126126126126126,0.3084319206994012,0.3096602920964323,0.30189379407094913,0.12648824970111192,0.11764705882352941,0.13167671536115888,0.11764705882352941,0.12661813552211112,0.14438990133735144,0.17632168131057
TE,00-0036244,2025,7,4.014262896282977,0.142,0.0355,FALSE,FALSE,exante_mid,NA,NA,NA,NA,0.10985779785750899,0.10309278350515463,0.10562628212876893,0.1016949152542373,0.11022213139849413,0.11068430309491625,0.11282282214872849,0.03408092103833143,0,0.030308359259234936,0,0.03407833012418649,0.033731477654021735,0.030277955760283016
TE,00-0036754,2025,7,4.3815023518298215,0.2275,0.055,FALSE,FALSE,exante_mid,4.5,28.5,fav,high_implied,0.19969875844635027,0.25,0.19793209727997163,0.25,0.19190529746526006,0.18545170316650086,0.18525076246117367,0.05485192550621439,0.0594059405940594,0.051713968588929016,0.06060606060606061,0.05492919534760439,0.043167345845056444,0.03706732875286117
TE,00-0036894,2025,7,4.785490276371911,0.25,0.071,TRUE,TRUE,exante_mid,4.5,23.5,fav,mid_implied,0.22498367896652036,0.26126126126126126,0.2242847488764558,0.26126126126126126,0.21923607464268696,0.22535604610959192,0.22235281340669721,0.07236940548917986,0.07633587786259542,0.07056751071824875,0.07633587786259542,0.07246640974849235,0.060602944601994856,0.06283021093666936
TE,00-0036970,2025,7,6.086998797462118,0.334,0.1205,TRUE,FALSE,exante_mid,-3.5,20.5,dog,mid_implied,0.32347070696990143,0.26126126126126126,0.327714705661295,0.26126126126126126,0.3273445263805658,0.32627364757918265,0.32660947605821183,0.12820565785509336,0.11764705882352941,0.13366579787868915,0.11764705882352941,0.12809968109627692,0.14417668463373515,0.142871200490457
TE,00-0037004,2025,7,4.141101576239609,0.1765,0.043,FALSE,FALSE,exante_mid,NA,NA,NA,NA,0.14475286073451235,0.10810810810810811,0.14116937321228565,0.1016949152542373,0.1418821778125758,0.1465466137374292,0.14516822622010792,0.04197854813185457,0.015384615384615385,0.0383002822908165,0.016666666666666666,0.0420098424025768,0.04222470100689572,0.04168638245544716
TE,00-0037348,2025,7,4.544136220045083,0.1905,0.0485,FALSE,FALSE,exante_mid,-2.5,19.5,dog,low_implied,0.15947125102937842,0.13793103448275862,0.15629275998890038,0.15384615384615385,0.1590994767078493,0.16370026176779315,0.16186598442723057,0.047846164464442155,0.05555555555555555,0.04436044694488322,0.05555555555555555,0.04782882925794863,0.0504263502756449,0.0507784086128243
TE,00-0037744,2025,7,8.667437573596487,0.609,0.356,TRUE,TRUE,exante_high,-4.5,20,dog,low_implied,0.6562325745527062,0.6666666666666666,0.6562325745527062,0.6666666666666666,0.6721074019985644,0.6630458121996358,0.6710868894776555,0.4008315229366422,0.3193548387096774,0.4008315229366422,0.3193548387096774,0.3999009523113356,0.46514805023008304,0.42185498282745004
TE,00-0038041,2025,7,7.034200612896412,0.461,0.217,TRUE,TRUE,exante_high,-1.5,25,close,mid_implied,0.4785815833088443,0.5526315789473685,0.4785815833088443,0.5526315789473685,0.4835800818535306,0.4733162935851285,0.4797182985199678,0.2401500468596033,0.2714285714285714,0.2401500468596033,0.2714285714285714,0.24004924270284728,0.2684829458259013,0.2511486301511968
TE,00-0038115,2025,7,4.070168698901179,0.139,0.037,TRUE,TRUE,exante_mid,-7.5,16.5,big_dog,low_implied,0.10692490524540889,0.10309278350515463,0.10266245979382109,0.1016949152542373,0.1080879156729129,0.10579473412978371,0.1043465046038991,0.03564992872428249,0,0.031879558641301264,0,0.03564838440904305,0.03855308038933501,0.044188382388913865
TE,00-0038129,2025,7,6.075459708263949,0.3975,0.154,TRUE,FALSE,exante_mid,-4.5,24,dog,mid_implied,0.4006327165365797,0.4,0.4090654808895399,0.4,0.39499376756897775,0.385770028205147,0.379780936353733,0.1668189624276817,0.21212121212121213,0.17890638191682415,0.20967741935483872,0.1669974787401585,0.1868694483014932,0.20311805222409104
TE,00-0038558,2025,7,4.965515078080487,0.2605,0.073,FALSE,FALSE,exante_mid,4.5,23.5,fav,mid_implied,0.2369684003310467,0.26126126126126126,0.23681361620594352,0.26126126126126126,0.2322921832171931,0.23758632698989848,0.23568459168490138,0.07458240375608911,0.07633587786259542,0.0729900414373703,0.07633587786259542,0.07463244779729868,0.06262796197636307,0.06090486804953374
TE,00-0038783,2025,7,3.9449322957592536,0.171,0.0425,FALSE,FALSE,exante_low,7.5,24,big_fav,mid_implied,0.13905419386017043,0.10810810810810811,0.13905419386017043,0.10810810810810811,0.1349792697621904,0.13620607364851997,0.1357753633269803,0.041448137190299654,0.015384615384615385,0.041448137190299654,0.015384615384615385,0.04151642876176183,0.028270654354255402,0.028040639599321585
TE,00-0038996,2025,7,6.000992172105255,0.421,0.1875,TRUE,FALSE,exante_mid,4.5,24.5,fav,mid_implied,0.4294588412000418,0.40384615384615385,0.43942294854940306,0.43478260869565216,0.41868105973828684,0.4299545964407882,0.42147617910376,0.20575470718164346,0.2714285714285714,0.22520258043271257,0.2692307692307692,0.20632547323449282,0.18913888683096092,0.2361750581232996
TE,00-0039065,2025,7,6.020372035316208,0.4815,0.192,FALSE,FALSE,exante_mid,4.5,28.5,fav,high_implied,0.5036983502752843,0.5526315789473685,0.5173250311434645,0.5957446808510638,0.48411801154914486,0.4874390741668103,0.4750423728237192,0.21099809018614563,0.2714285714285714,0.2314671687029156,0.2692307692307692,0.21159982019083515,0.18962046734565938,0.2137981258674044
TE,00-0039793,2025,7,5.185329467021479,0.251,0.0685,FALSE,FALSE,exante_mid,2.5,22,close,mid_implied,0.22612025078120973,0.26126126126126126,0.22547196325688715,0.26126126126126126,0.2261182536098205,0.23203259914001872,0.23301408959930395,0.06960985446195324,0.07633587786259542,0.06755848634837315,0.07633587786259542,0.06954796542446297,0.0647741208976825,0.057130852804817105
TE,00-0039847,2025,7,5.645158851881864,0.2645,0.083,TRUE,FALSE,exante_mid,-7.5,16.5,big_dog,low_implied,0.241562659954642,0.26126126126126126,0.2416221084970163,0.26126126126126126,0.2468757266608514,0.24278657383238733,0.2408931385422308,0.08571315130015449,0.07633587786259542,0.0852926506377401,0.07633587786259542,0.08557296889409823,0.0985190138257487,0.10152451528352638
TE,00-0040126,2025,7,5.426119511610773,0.3535,0.122,FALSE,FALSE,exante_mid,5.5,25,fav,mid_implied,0.34700125221277983,0.3364485981308411,0.3525204641419974,0.3360655737704918,0.3354733892256841,0.34346437004967506,0.33600913703966384,0.12992424649809137,0.11764705882352941,0.13565857209025248,0.11764705882352941,0.13022289718757465,0.10858328795974523,0.12273601023551955
TE,00-0040128,2025,7,6.292399866284739,0.3985,0.154,TRUE,FALSE,exante_mid,-1.5,23,close,mid_implied,0.4018576622401025,0.4,0.41035626601171143,0.4,0.4004922250985164,0.404105060514354,0.4017214003851285,0.1668189624276817,0.21212121212121213,0.17890638191682415,0.20967741935483872,0.1668386176761121,0.1856385198817971,0.18870863292123846
TE,00-0040187,2025,7,4.016869380821981,0.131,0.0235,FALSE,FALSE,exante_mid,-2.5,21,dog,mid_implied,0.09919010475456096,0.10309278350515463,0.09486636645459584,0.1016949152542373,0.10077648869523488,0.09862142351753068,0.10080677704827518,0.021757787842611995,0,0.01831238261620047,0,0.021686815739220607,0.021345924140453155,0.014539958240256627
TE,00-0040189,2025,7,4.9531226322225175,0.2585,0.084,TRUE,TRUE,exante_mid,1.5,24.5,close,mid_implied,0.23467708967917225,0.26126126126126126,0.23441658960635287,0.26126126126126126,0.23011585937695678,0.2330476554412086,0.2316346165074748,0.08683182563919313,0.07633587786259542,0.08653923977027224,0.07633587786259542,0.08698689105660495,0.08480384612094446,0.09133338891794628
TE,00-0040584,2025,7,4.246914132711255,0.1415,0.03,FALSE,FALSE,exante_mid,-5.5,18.5,dog,low_implied,0.10936778142441654,0.10309278350515463,0.10513081407133568,0.1016949152542373,0.11174020630389728,0.10818429039626677,0.10928195397129428,0.028378576581151366,0,0.024675819323369815,0,0.028306042682717986,0.029414103271748676,0.024099580157331893
TE,00-0040663,2025,7,5.794925655819519,0.3375,0.1205,FALSE,FALSE,exante_mid,2.5,22,close,mid_implied,0.32768031409060927,0.3364485981308411,0.3321513421802193,0.3360655737704918,0.32558720155009824,0.3372642248042718,0.3347974701050227,0.12820565785509336,0.11764705882352941,0.13366579787868915,0.11764705882352941,0.12827156746343996,0.12545211408583395,0.1324581819290523
TE,00-0040736,2025,7,5.75363199094945,0.3385,0.1255,FALSE,FALSE,exante_mid,2.5,23.5,close,mid_implied,0.32888423250642274,0.3364485981308411,0.3334202982292915,0.3360655737704918,0.3258703697991025,0.332427992886603,0.33105752107155906,0.13393871350796308,0.11764705882352941,0.1403222663684033,0.11764705882352941,0.13407348243768952,0.1301981730844703,0.13798452523296964
TE,00-0040737,2025,7,4.027985715268395,0.1955,0.044,FALSE,FALSE,exante_mid,NA,NA,NA,NA,0.16479863982941845,0.13793103448275862,0.16178299409069932,0.15384615384615385,0.157842549605338,0.1671971726925357,0.16135120284978294,0.0430409274543114,0.015384615384615385,0.03939029842731153,0.016666666666666666,0.04310511330853163,0.04337680645352312,0.04613719559682413
TE,00-0040739,2025,7,4.202338438659469,0.161,0.0435,FALSE,FALSE,exante_mid,2.5,22,close,mid_implied,0.12882030069803738,0.10309278350515463,0.12488123137374557,0.1016949152542373,0.1286003813722601,0.13114539778502424,0.1325351822086668,0.04250948028535625,0.015384615384615385,0.03884461127233725,0.016666666666666666,0.042531780352354796,0.03797261595881131,0.03720346675510613
TE,00-0030061,2025,8,6.024463429478513,0.328,0.131,FALSE,FALSE,exante_mid,-4.5,23,dog,mid_implied,0.31993517577069996,0.27510917030567683,0.32377669127925424,0.27510917030567683,0.32544240833710114,0.32192709780385864,0.32337379321184856,0.14225343949484018,0.14772727272727273,0.14676297375207412,0.14772727272727273,0.14210118299726482,0.1608007148806622,0.1623590128983544
TE,00-0030506,2025,8,7.010446214789698,0.5295,0.254,TRUE,TRUE,exante_high,4.5,27.5,fav,high_implied,0.5633557795327451,0.5777777777777777,0.5633557795327451,0.5777777777777777,0.5551605746051458,0.5507255883164228,0.5507998598467966,0.28159800810865127,0.2671232876712329,0.28159800810865127,0.2671232876712329,0.27899638632947354,0.2595999127460422,0.25461925299171345
TE,00-0033288,2025,8,5.245962998077191,0.293,0.1005,TRUE,FALSE,exante_mid,-1.5,21,close,mid_implied,0.278551110463516,0.27510917030567683,0.28059834399789124,0.27510917030567683,0.2707597999392215,0.28998184034546054,0.286826293447836,0.10784710507546441,0.11875,0.10949388831594366,0.11875,0.10578532855894691,0.12035295657163098,0.14437571387887418
TE,00-0033858,2025,8,5.992164085312267,0.2785,0.0915,FALSE,FALSE,exante_mid,-8.5,17.5,big_dog,low_implied,0.261638028015125,0.27510917030567683,0.2629799674748214,0.27510917030567683,0.2760397369904554,0.2685716423580495,0.26973923417680373,0.09774990392792579,0.11875,0.0986579496590957,0.11875,0.10056506029787914,0.11424026105443451,0.10625541351512402
TE,00-0033881,2025,8,6.782800208825266,0.4645,0.208,FALSE,FALSE,exante_mid,4.5,26,fav,mid_implied,0.4850906085525577,0.5443037974683544,0.49601968640966027,0.5714285714285714,0.48391141975542684,0.47445560232826256,0.47606205924917167,0.22958668280681868,0.2671232876712329,0.2426752203166492,0.27450980392156865,0.2288698023433275,0.20873356324874795,0.19847124167902871
TE,00-0033885,2025,8,6.608190604156692,0.319,0.1165,TRUE,FALSE,exante_mid,-6.5,16.5,big_dog,low_implied,0.30922675659439947,0.27510917030567683,0.31259708943753417,0.27510917030567683,0.333179731537289,0.3256531830270398,0.32863001714018875,0.1258665850014046,0.11875,0.12895446886201187,0.11875,0.13088359107383649,0.14992800727994393,0.13282427751719894
TE,00-0034351,2025,8,5.846455480045247,0.395,0.1655,TRUE,TRUE,exante_mid,7.5,24.5,big_fav,mid_implied,0.4006500684038845,0.375,0.4080733742656005,0.375,0.38571011252364207,0.3798891983286145,0.3773113768098995,0.18136421572865186,0.2028985507246377,0.18956855549066673,0.2,0.1761705952556453,0.1389386841617025,0.16442904563925959
TE,00-0034383,2025,8,6.555635042255855,0.389,0.1685,FALSE,FALSE,exante_mid,1.5,22.5,close,mid_implied,0.39337197723403944,0.375,0.400475859588012,0.375,0.40169653831875646,0.4036114619380953,0.405777725119388,0.18476910037308242,0.2028985507246377,0.19330973231714474,0.2,0.1854900787634274,0.19553650499738273,0.19246372147082222
TE,00-0034753,2025,8,5.915449831583328,0.409,0.153,FALSE,FALSE,exante_mid,5.5,27,fav,high_implied,0.4176517849484933,0.41935483870967744,0.42581369742448255,0.44642857142857145,0.40153188410643437,0.39753858847535006,0.3958670584305505,0.16718128399636342,0.14772727272727273,0.17400640526697045,0.14772727272727273,0.16396776957608178,0.13768296915056705,0.1407178528143195
TE,00-0035229,2025,8,6.683061829675842,0.427,0.183,FALSE,FALSE,exante_mid,-3.5,19,dog,low_implied,0.4395338106591982,0.41935483870967744,0.44862629837539825,0.44642857142857145,0.4435264389300598,0.46190803189675234,0.45959852058200046,0.20122714879445822,0.25,0.21141589509905223,0.2413793103448276,0.20182527919610566,0.2386314684507998,0.2624373408283315
TE,00-0035644,2025,8,5.410188192372879,0.2815,0.086,FALSE,FALSE,exante_mid,1.5,21.5,close,mid_implied,0.26512463953992615,0.27510917030567683,0.2666102281912505,0.27510917030567683,0.2640839894897892,0.27194146682848935,0.2715053952265732,0.09159637239601141,0.08695652173913043,0.09208261067726335,0.08695652173913043,0.09183716837593023,0.09204268849345096,0.09021421404423066
TE,00-0036040,2025,8,5.733537844770138,0.246,0.079,FALSE,FALSE,exante_mid,-4.5,21.5,dog,mid_implied,0.22434252127905766,0.27510917030567683,0.22421950998522153,0.27510917030567683,0.2380720700931465,0.22634080433461454,0.22998037630917356,0.08378620021413513,0.08695652173913043,0.08377183888680535,0.08695652173913043,0.08611830542201858,0.09216291788904696,0.07521377331266907
TE,00-0036637,2025,8,4.336344948921187,0.208,0.061,FALSE,FALSE,exante_mid,4.5,27.5,fav,high_implied,0.18204472755605805,0.1794871794871795,0.18047643312601588,0.1794871794871795,0.17396388129192913,0.1655070697262167,0.1660272440071207,0.06384061896519563,0.058823529411764705,0.06275794902745452,0.06,0.06213677890216363,0.04937898553838012,0.048975320347047095
TE,00-0036894,2025,8,5.2957251899018285,0.204,0.0605,FALSE,FALSE,exante_mid,-8.5,17.5,big_dog,low_implied,0.17768813206116404,0.1794871794871795,0.17598804482068278,0.1794871794871795,0.1888156766030061,0.18026830582330536,0.18160993494605726,0.06328995447272179,0.058823529411764705,0.062182764159496307,0.06,0.06501397645425107,0.07151180956815108,0.0658469215269525
TE,00-0036970,2025,8,6.380557214829331,0.4415,0.2025,TRUE,FALSE,exante_mid,4.5,25,fav,mid_implied,0.4571623616274621,0.5263157894736842,0.4669837791923641,0.5,0.4482182173636518,0.44890174862089693,0.4476986141700659,0.22335103162792033,0.2671232876712329,0.23579772783690298,0.27450980392156865,0.21904659416629077,0.20397928492860806,0.22621421511790094
TE,00-0037809,2025,8,5.141845375711753,0.1815,0.0495,FALSE,FALSE,exante_mid,-10.5,17,big_dog,low_implied,0.15356810355905284,0.10648148148148148,0.15120990103514037,0.10382513661202186,0.16517734891881397,0.15350507513532632,0.15500640223822468,0.05123260987077016,0.05405405405405406,0.049669271334230235,0.05405405405405406,0.05310437920249293,0.057538394175942316,0.0497990041566824
TE,00-0038129,2025,8,5.831234682765508,0.3695,0.1405,FALSE,FALSE,exante_mid,4.5,26,fav,mid_implied,0.36976875888124633,0.336283185840708,0.3758274351029683,0.3359375,0.3603729634728784,0.3559275421220696,0.3555992240255137,0.15301036598587542,0.14772727272727273,0.158499459377262,0.14772727272727273,0.15047973849339535,0.13249175816184772,0.13578958864757862
TE,00-0038547,2025,8,4.187279824628563,0.149,0.04,FALSE,FALSE,exante_mid,-4.5,21.5,dog,mid_implied,0.12002490122803962,0.10648148148148148,0.11699611024429006,0.10382513661202186,0.12170031018770139,0.11834996796737308,0.11906152639920105,0.04092403835812604,0.02197802197802198,0.039113352951447335,0.024096385542168676,0.040943168703949095,0.04229705601567993,0.04082879415185828
TE,00-0038933,2025,8,6.866679373636877,0.4985,0.243,FALSE,FALSE,exante_mid,7.5,27.5,big_fav,high_implied,0.5261950783603958,0.5443037974683544,0.5386233748264134,0.5714285714285714,0.5201562455184606,0.49900934632828353,0.5004030141351915,0.26918892994194216,0.2671232876712329,0.2863637091876301,0.27450980392156865,0.2659850341713838,0.21441061193992694,0.2113882753653872
TE,00-0038996,2025,8,6.5019587512656996,0.508,0.2285,TRUE,TRUE,exante_mid,8.5,26,big_fav,mid_implied,0.5376215007283967,0.5777777777777777,0.550433830013562,0.6666666666666666,0.5177177912110951,0.5115610377190254,0.50792753767848,0.25280169592164176,0.2671232876712329,0.2682873799239239,0.27450980392156865,0.24698499694879789,0.19194222365760372,0.21396267509314695
TE,00-0039356,2025,8,4.65562814612118,0.1855,0.046,FALSE,FALSE,exante_mid,-7.5,20,big_dog,low_implied,0.15780611439728914,0.10648148148148148,0.1555541021996037,0.10382513661202186,0.16018866180396332,0.15623563573786628,0.15628089736741585,0.04742204491851093,0.041666666666666664,0.04575023537793571,0.05,0.04813521199095361,0.05090602931841394,0.046746815199909954
TE,00-0039847,2025,8,6.0430899552494655,0.2835,0.0915,FALSE,FALSE,exante_mid,-7.5,17,big_dog,low_implied,0.26745280424089846,0.27510917030567683,0.2690348445932656,0.27510917030567683,0.28227083094219035,0.2778708296191281,0.27890440904718683,0.09774990392792579,0.11875,0.0986579496590957,0.11875,0.10083827154065059,0.11436014816836038,0.10542578373752222
TE,00-0040126,2025,8,5.8410585487236135,0.3365,0.1185,FALSE,FALSE,exante_mid,-5.5,21.5,dog,mid_implied,0.3300853242026552,0.336283185840708,0.33437631222986197,0.3359375,0.3285239844718334,0.3348997365023566,0.3332091483695312,0.12812408777963824,0.11875,0.13140212760137532,0.11875,0.1278715962304433,0.14605861951149382,0.1542000363991058
TE,00-0040128,2025,8,6.32807059327277,0.447,0.1995,FALSE,FALSE,exante_mid,10.5,27.5,big_fav,high_implied,0.4638461436660333,0.5443037974683544,0.4739382760891199,0.5714285714285714,0.45196790935042663,0.42189583319051127,0.42233073227461126,0.2199487678762853,0.2671232876712329,0.2320460283523606,0.27450980392156865,0.21543752525280668,0.14518159769950748,0.1489344479966506
TE,00-0040189,2025,8,4.971306259426599,0.258,0.0785,TRUE,TRUE,exante_mid,3.5,22.5,fav,mid_implied,0.23800586898112577,0.27510917030567683,0.23840267855554265,0.27510917030567683,0.23161640737812011,0.2346312626351575,0.23348019623898003,0.08322934182101836,0.08695652173913043,0.0831808826576668,0.08695652173913043,0.08212508751691025,0.07343317804706748,0.07802607332370333
TE,00-0040194,2025,8,3.967422748024238,0.1825,0.049,FALSE,FALSE,exante_low,7.5,27.5,big_fav,high_implied,0.15462549523809924,0.10648148148148148,0.15462549523809924,0.10648148148148148,0.1460944343053316,0.13315273993675705,0.1335258469821847,0.050687406746969026,0.05405405405405406,0.050687406746969026,0.05405405405405406,0.04922583025650291,0.032067442341422656,0.03133542048049755
TE,00-0040584,2025,8,4.500550964439884,0.132,0.026,FALSE,FALSE,exante_mid,-10.5,17,big_dog,low_implied,0.10317969202836821,0.10648148148148148,0.09994976992944374,0.10382513661202186,0.11158127282848228,0.10160894162299791,0.10292925161012673,0.02597450644744069,0,0.024117224917929222,0,0.027465109323316594,0.027480704402718454,0.01953698836488907
TE,00-0040663,2025,8,6.175353814531397,0.3,0.1025,TRUE,TRUE,exante_mid,-6.5,16.5,big_dog,low_implied,0.2867685648179546,0.27510917030567683,0.2891654283701421,0.27510917030567683,0.3020738527442967,0.30169900369142494,0.3024289892653551,0.1100950992487595,0.11875,0.1119135706128086,0.11875,0.1132255147749934,0.13001004922431184,0.1248899623979933
TE,00-0040736,2025,8,5.831605299606632,0.3095,0.113,TRUE,FALSE,exante_mid,-1.5,20,close,low_implied,0.2979709584017003,0.27510917030567683,0.3008504954016576,0.27510917030567683,0.30200651618575686,0.31346314772642736,0.3131574959394263,0.12191840742276427,0.11875,0.12467853430850948,0.11875,0.12211115047944547,0.13847795458077097,0.1466715950954956
TE,00-0030061,2025,9,6.049984635812547,0.344,0.122,FALSE,FALSE,exante_mid,-2.5,21.5,dog,mid_implied,0.3389613578011718,0.33043478260869563,0.3425664582916422,0.33043478260869563,0.3414223664937275,0.350789625782565,0.35099258314098974,0.1332465163925432,0.11976047904191617,0.13609177951952964,0.11976047904191617,0.13337458567426927,0.14763135410738784,0.1451200843193051
TE,00-0030506,2025,9,7.354801451680226,0.5035,0.252,TRUE,FALSE,exante_high,1.5,26,close,mid_implied,0.5328744065486558,0.5957446808510638,0.5328744065486558,0.5957446808510638,0.5405070185312885,0.532908633148988,0.5289771912821005,0.2829735066417777,0.26973684210526316,0.2829735066417777,0.26973684210526316,0.28324523814149777,0.29292022330086026,0.26282093786320776
TE,00-0033090,2025,9,5.644359550117703,0.319,0.105,FALSE,FALSE,exante_mid,2.5,23.5,close,mid_implied,0.3090103273566128,0.28451882845188287,0.3116766981432703,0.28451882845188287,0.30627035749773196,0.31055357728242355,0.3105798452408312,0.11377875859093352,0.11976047904191617,0.11543556880193703,0.11976047904191617,0.11374828032858236,0.10922006293599597,0.1047576271659064
TE,00-0033110,2025,9,5.473937138723345,0.3835,0.13,FALSE,FALSE,exante_mid,10.5,27.5,big_fav,high_implied,0.3867855032717104,0.375,0.39189286824002295,0.3333333333333333,0.36649709784429657,0.3402884228067433,0.34304068994311737,0.14243656459733187,0.14285714285714285,0.14587734307518535,0.14285714285714285,0.14184562370975096,0.09420315366294227,0.09883653948796643
TE,00-0033288,2025,9,5.406040512931196,0.351,0.1165,FALSE,FALSE,exante_mid,8.5,27,big_fav,high_implied,0.3473981674210221,0.33043478260869563,0.3512691299789457,0.33043478260869563,0.3323271964665275,0.31066831172112475,0.3121761718161304,0.12693804694671867,0.11976047904191617,0.1293865156115489,0.11976047904191617,0.1265107047240199,0.09055315263106567,0.0917208044663806
TE,00-0033858,2025,9,5.810707960205177,0.3105,0.1135,FALSE,FALSE,exante_mid,-2.5,23,dog,mid_implied,0.29890165934344465,0.28451882845188287,0.30125487097249076,0.28451882845188287,0.3017085162541152,0.2995860723804786,0.2985021837168252,0.12350086172693285,0.11976047904191617,0.12573763167986746,0.11976047904191617,0.12350619688739425,0.13263254529963547,0.13074286998623874
TE,00-0033881,2025,9,6.880103873536779,0.418,0.165,FALSE,FALSE,exante_mid,1.5,20,close,low_implied,0.42884038893098037,0.40625,0.43523356962323567,0.43103448275862066,0.4395719836482086,0.4635957565505257,0.46195267949835617,0.1827696697230662,0.2112676056338028,0.18901132784392757,0.208955223880597,0.1833562797683068,0.20103786514780825,0.1809177430536362
TE,00-0034383,2025,9,6.246078450172715,0.3195,0.116,TRUE,FALSE,exante_mid,-1.5,18.5,close,low_implied,0.3096062363464523,0.28451882845188287,0.31229114417131454,0.28451882845188287,0.3213048035599849,0.3418743166106935,0.3401603967969021,0.12636498776419747,0.11976047904191617,0.12877793379448635,0.11976047904191617,0.12675695643103935,0.1470136329508966,0.1386526257240948
TE,00-0034753,2025,9,5.998728983389974,0.4275,0.174,TRUE,FALSE,exante_mid,7.5,27.5,big_fav,high_implied,0.4404382229227985,0.40625,0.4471751820691994,0.43103448275862066,0.42506344320819656,0.40475574404185266,0.4064660789345132,0.1931576485603448,0.2112676056338028,0.2001562369674667,0.208955223880597,0.19244297033597624,0.15075066537809542,0.1617533646754688
TE,00-0035229,2025,9,6.695421208366867,0.398,0.155,FALSE,FALSE,exante_mid,-7.5,20,big_dog,low_implied,0.40444159846285643,0.40625,0.4100950876431337,0.43103448275862066,0.4138378812470351,0.40501427089512076,0.40487435153848017,0.17123192144044536,0.2112676056338028,0.17664702210857844,0.208955223880597,0.171693195598353,0.1961146722652274,0.18786813522803933
TE,00-0035644,2025,9,4.914841299074284,0.234,0.068,FALSE,FALSE,exante_mid,-1.5,23,close,mid_implied,0.21031180064663269,0.24489795918367346,0.21012220211958882,0.24489795918367346,0.2082240099716296,0.2105295316701049,0.2106381007525893,0.07186971198033912,0.09210526315789473,0.07144577632070907,0.09210526315789473,0.07182395647473175,0.07396800546522807,0.07263460590475818
TE,00-0036040,2025,9,5.468599986517575,0.22,0.0655,TRUE,FALSE,exante_mid,-10.5,17,big_dog,low_implied,0.1946922380455997,0.24489795918367346,0.19411577359736634,0.24489795918367346,0.20505481091434827,0.1901392480886593,0.18916487098707963,0.06907131313602391,0.09210526315789473,0.06854009207372684,0.09210526315789473,0.06937175163863821,0.07795586252980194,0.07157169829876525
TE,00-0036628,2025,9,3.920727797550789,0.1475,0.0365,FALSE,FALSE,exante_low,-2.5,21.5,dog,mid_implied,0.1179188113551453,0.10407239819004525,0.1179188113551453,0.10407239819004525,0.11636968800523924,0.11662544329583983,0.11682115444214031,0.037110411589485554,0,0.037110411589485554,0,0.037070924053644365,0.03703350471956402,0.037540202145181306
TE,00-0036894,2025,9,5.3076549979122,0.2685,0.077,FALSE,FALSE,exante_mid,-2.5,23,dog,mid_implied,0.24965952444673262,0.28451882845188287,0.2505409049924254,0.28451882845188287,0.24894647033880996,0.24803436942111737,0.24792471413006315,0.0819855518471789,0.09210526315789473,0.08198794404577876,0.09210526315789473,0.08206516960048876,0.08518649944901259,0.0768735900031497
TE,00-0036970,2025,9,6.341901278526793,0.395,0.163,FALSE,FALSE,exante_mid,-2.5,21,dog,mid_implied,0.400785679359632,0.3888888888888889,0.40632672177587115,0.3888888888888889,0.40117683852542046,0.4197932561257372,0.42154526235959344,0.18046162564992,0.2112676056338028,0.18653664568657094,0.208955223880597,0.18037292632906948,0.2054612579611436,0.22736047050031424
TE,00-0037004,2025,9,4.170457618779416,0.1735,0.0485,FALSE,FALSE,exante_mid,8.5,26,big_fav,mid_implied,0.14456268169352604,0.10407239819004525,0.14295300698789082,0.10160427807486631,0.14160991565602082,0.12207146157300741,0.12073294671430086,0.050206111865692876,0.05128205128205128,0.04909659967493802,0.05263157894736842,0.05007902853302856,0.03268447846673136,0.029764851568211893
TE,00-0037252,2025,9,4.49831694875846,0.19,0.0485,FALSE,FALSE,exante_mid,-7.5,20,big_dog,low_implied,0.1620156626220335,0.12903225806451613,0.16072388157018508,0.14285714285714285,0.1608483236039752,0.15426524820080284,0.1553925964650602,0.050206111865692876,0.05128205128205128,0.04909659967493802,0.05263157894736842,0.05021559438422026,0.05247235457545405,0.05417028377501869
TE,00-0037744,2025,9,8.181296247786456,0.6315,0.346,TRUE,FALSE,exante_high,2.5,27,close,high_implied,0.6830430026268617,0.6923076923076923,0.6830430026268617,0.6923076923076923,0.6879310398988412,0.6807230936233322,0.6780153838072563,0.3895186867832245,0.2914473684210526,0.3895186867832245,0.2914473684210526,0.39020122061190016,0.3955156082098333,0.33719055146321647
TE,00-0037838,2025,9,4.605233895737526,0.2655,0.076,FALSE,FALSE,exante_mid,7.5,27.5,big_fav,high_implied,0.24619422774540728,0.28451882845188287,0.24697669626912616,0.28451882845188287,0.23171370250525822,0.21286352340036402,0.21416748972933466,0.08085857996419647,0.09210526315789473,0.08081067485481047,0.09210526315789473,0.08049467697628103,0.056375440092482236,0.05795646554941213
TE,00-0038041,2025,9,6.257430932607085,0.3445,0.123,FALSE,FALSE,exante_mid,-2.5,24.5,dog,mid_implied,0.3395633282475609,0.33043478260869563,0.3431873905639626,0.33043478260869563,0.34718495901428614,0.33333731866009264,0.32992996984893097,0.13439440828300644,0.11976047904191617,0.13731296286009487,0.11976047904191617,0.134721067278093,0.14159235989920332,0.11554410161589346
TE,00-0038558,2025,9,4.827086414821634,0.198,0.0495,FALSE,FALSE,exante_mid,-2.5,23,dog,mid_implied,0.1706158899949723,0.17073170731707318,0.16949841616317016,0.17073170731707318,0.17323919185523012,0.16615063287191306,0.1645748608449379,0.05130674927072732,0.05128205128205128,0.05022310279782234,0.05263157894736842,0.05144335345163234,0.05119859455491077,0.04011956469707605
TE,00-0038933,2025,9,6.647886639730205,0.371,0.1535,TRUE,TRUE,exante_mid,-1.5,24.5,close,mid_implied,0.37160023004127735,0.33043478260869563,0.37623287880970013,0.33043478260869563,0.3846373261561361,0.37150750185212994,0.36621589785047004,0.16950190933987888,0.2112676056338028,0.1747945613737846,0.208955223880597,0.16992131695626791,0.18199760835212161,0.15048789928454612
TE,00-0038996,2025,9,6.710169833798023,0.4935,0.2345,FALSE,FALSE,exante_mid,10.5,27,big_fav,high_implied,0.5207852122906792,0.5294117647058824,0.5297014884855451,0.5396825396825397,0.5123142429430204,0.4804258115720293,0.47999528720237894,0.26289122613029714,0.26973684210526316,0.2751209260898396,0.26785714285714285,0.2622913681344032,0.19432275582874303,0.19753031372923302
TE,00-0039041,2025,9,3.9761895488933856,0.172,0.0375,FALSE,FALSE,exante_low,2.5,27,close,high_implied,0.14299603893979568,0.10407239819004525,0.14299603893979568,0.10407239819004525,0.1377053035150384,0.12733448273459824,0.1268438742627405,0.038192939763255954,0.021739130434782608,0.038192939763255954,0.021739130434782608,0.03815714252341823,0.03092754710584308,0.024979253869784102
TE,00-0039065,2025,9,6.203487891975137,0.5035,0.2315,TRUE,TRUE,exante_mid,7.5,27.5,big_fav,high_implied,0.5328744065486558,0.5957446808510638,0.5420795792479736,0.7,0.5083144563524733,0.5008208151843032,0.5063368186937501,0.25944305731368844,0.26973684210526316,0.2714127582415427,0.26785714285714285,0.25803974349692577,0.211725432923886,0.26188046725251185
TE,00-0039066,2025,9,4.898143242940404,0.1765,0.0525,FALSE,FALSE,exante_mid,-8.5,17.5,big_dog,low_implied,0.1477062186602317,0.10407239819004525,0.1461499942320562,0.10160427807486631,0.15457424364589267,0.14554551900458318,0.1447034834400433,0.054616165494914194,0.057692307692307696,0.05361672865878129,0.058823529411764705,0.054752723873448095,0.060141640087032745,0.059372359778783836
TE,00-0039074,2025,9,3.96917389350722,0.199,0.049,FALSE,FALSE,exante_low,10.5,27.5,big_fav,high_implied,0.17169696048071834,0.17073170731707318,0.17169696048071834,0.17073170731707318,0.16075172527678422,0.13841792343426368,0.1387529920410834,0.05075626978186925,0.05128205128205128,0.05075626978186925,0.05128205128205128,0.0505368007700369,0.02941891249711064,0.02809993308606689
TE,00-0039144,2025,9,4.064768946211651,0.19,0.0485,FALSE,FALSE,exante_mid,10.5,27,big_fav,high_implied,0.1620156626220335,0.12903225806451613,0.16072388157018508,0.14285714285714285,0.15439301833767807,0.1314594638195318,0.1310058141092845,0.050206111865692876,0.05128205128205128,0.04909659967493802,0.05263157894736842,0.05003508022680093,0.029346132231966828,0.026906118928053707
TE,00-0039338,2025,9,7.563166313996495,0.416,0.1705,TRUE,TRUE,exante_high,-8.5,17.5,big_dog,low_implied,0.4263990942131791,0.40625,0.4263990942131791,0.40625,0.4564389951971999,0.43940333945190163,0.4339517863195975,0.189117627359333,0.2112676056338028,0.189117627359333,0.2112676056338028,0.19056310399525672,0.2259964151909281,0.17416236910500055
TE,00-0039793,2025,9,5.306997022066663,0.288,0.0965,FALSE,FALSE,exante_mid,2.5,24,close,mid_implied,0.272362696847176,0.28451882845188287,0.27390915481563366,0.28451882845188287,0.26792074445721303,0.26944727872091623,0.26966522618777866,0.10408506092036311,0.11976047904191617,0.1051944812061173,0.11976047904191617,0.1038924202208356,0.09820227175765513,0.10141895597707229
TE,00-0039847,2025,9,5.913863918487423,0.3485,0.1285,FALSE,FALSE,exante_mid,-8.5,18.5,big_dog,low_implied,0.34438278047407295,0.33043478260869563,0.34815870257644493,0.33043478260869563,0.3425520727185021,0.3465153127495632,0.35086382239214553,0.1407122827617818,0.14285714285714285,0.14403985098642688,0.14285714285714285,0.14061183975594077,0.16306615388209114,0.19833370726478447
TE,00-0040126,2025,9,6.180892554858921,0.411,0.1695,TRUE,TRUE,exante_mid,1.5,24.5,close,mid_implied,0.4202968631455555,0.40625,0.42643336459647924,0.43103448275862066,0.41320015263129806,0.42480127602027457,0.42646316971736115,0.1879633813544731,0.2112676056338028,0.19458213867743143,0.208955223880597,0.18756687572539665,0.19281786891022518,0.210024262611163
TE,00-0040128,2025,9,6.283309759786529,0.431,0.181,FALSE,FALSE,exante_mid,2.5,25.5,close,mid_implied,0.4447112628488468,0.5,0.45157340330149714,0.43103448275862066,0.43646372000045347,0.44020747784651243,0.4415743900681059,0.20123791286593704,0.23529411764705882,0.2088320454347618,0.23333333333333334,0.20080282808725516,0.19699685362961925,0.2094500322014952
TE,00-0040189,2025,9,5.29810448974957,0.3465,0.113,FALSE,FALSE,exante_mid,7.5,25.5,big_fav,mid_implied,0.34197224352943395,0.33043478260869563,0.34567220088400036,0.33043478260869563,0.325194294430468,0.3170711220385038,0.32023426511455577,0.1229282768506111,0.11976047904191617,0.12513010435119565,0.11976047904191617,0.12245784017705298,0.0935245234444115,0.10271184511701084
TE,00-0040737,2025,9,4.262930068123527,0.229,0.0585,FALSE,FALSE,exante_mid,10.5,27.5,big_fav,high_implied,0.20470838463595342,0.24489795918367346,0.20437709930637332,0.24489795918367346,0.1919393285540441,0.16776896232256694,0.1684126414225418,0.06126623166181274,0.057692307692307696,0.06046315755515332,0.058823529411764705,0.06101599100537763,0.03628336349609136,0.03473614490924485
TE,00-0030061,2025,10,6.164694237565765,0.3635,0.1365,FALSE,FALSE,exante_mid,-3.5,24,dog,mid_implied,0.36092395742636874,0.32231404958677684,0.36206260837070203,0.32142857142857145,0.36386701390197035,0.35700563464260693,0.3577333112475151,0.14912569312602933,0.13978494623655913,0.15349926435544,0.13978494623655913,0.14940079725994515,0.16111137395422523,0.15394865114232842
TE,00-0033090,2025,10,5.6954836151550925,0.275,0.0965,FALSE,FALSE,exante_mid,-1.5,23,close,mid_implied,0.2539155738555565,0.2816326530612245,0.2546353593657443,0.2816326530612245,0.2646633198080846,0.25848281187242633,0.2610653471239439,0.10285950274341665,0.11428571428571428,0.10358738581586585,0.11428571428571428,0.10341194160549588,0.10969639954944892,0.09959321043711301
TE,00-0033110,2025,10,5.277701980657358,0.379,0.14,FALSE,FALSE,exante_mid,8.5,28,big_fav,high_implied,0.3800921725024936,0.32231404958677684,0.3812987589837158,0.32142857142857145,0.3399170217360843,0.3279750036018079,0.32411360137325246,0.153205947293155,0.13978494623655913,0.15793790349650033,0.13978494623655913,0.1488378052757014,0.10862925502111728,0.13144067385355981
TE,00-0033288,2025,10,5.4656203399842065,0.239,0.057,TRUE,TRUE,exante_mid,-8.5,19.5,big_dog,low_implied,0.21223834278503645,0.25,0.21278580254249807,0.25,0.22476952355275776,0.20681502362380355,0.20775177778014467,0.05830219931154056,0.05660377358490566,0.056667452413963336,0.057692307692307696,0.059920512716539164,0.06324566107371103,0.047245218962438516
TE,00-0033881,2025,10,6.4279964395064315,0.418,0.191,FALSE,FALSE,exante_mid,10.5,26,big_fav,mid_implied,0.42858065216597874,0.4222222222222222,0.4299453252479258,0.43243243243243246,0.42579321739594544,0.3805481749334834,0.3831559974702788,0.21294351885810064,0.2692307692307692,0.22332213456507938,0.22727272727272727,0.21124249320670477,0.15129284657107867,0.14896610184609876
TE,00-0034351,2025,10,5.990211092132202,0.3565,0.134,FALSE,FALSE,exante_mid,2.5,23.5,close,mid_implied,0.35229596169950217,0.32231404958677684,0.3534031509474801,0.32142857142857145,0.3499756182242998,0.3560891409206752,0.3562904531954116,0.14621362428365378,0.13978494623655913,0.15033436965047445,0.13978494623655913,0.14578579498828467,0.14335451965694884,0.14394637606075786
TE,00-0034383,2025,10,6.2559833852486095,0.3525,0.1375,TRUE,TRUE,exante_mid,2.5,22,close,mid_implied,0.3473748315390181,0.32231404958677684,0.3484638461036002,0.32142857142857145,0.3576789234619591,0.360776842966207,0.36273176813897046,0.15029109053719353,0.13978494623655913,0.15476654025646544,0.13978494623655913,0.15096261663481994,0.15140891960448644,0.14435972532283603
TE,00-0034753,2025,10,5.754147452262654,0.388,0.1585,FALSE,FALSE,exante_mid,3.5,24.5,fav,mid_implied,0.39125533934825757,0.35294117647058826,0.39250015313234976,0.32142857142857145,0.36828513349863595,0.38579298327415323,0.3822982030379362,0.17482705463666134,0.22916666666666666,0.181528281735095,0.2191780821917808,0.17143188560009429,0.16473029608374706,0.20191270266846242
TE,00-0034981,2025,10,3.9969053898001814,0.1495,0.0385,FALSE,FALSE,exante_low,-3.5,18.5,dog,low_implied,0.11610710383010428,0.10222222222222223,0.11610710383010428,0.10222222222222223,0.11451649094871205,0.12218434355938618,0.12126840507710289,0.038132716060937266,0.021505376344086023,0.038132716060937266,0.021505376344086023,0.0379515923215325,0.040558293532543574,0.045960873312718045
TE,00-0035689,2025,10,4.110564044381781,0.2265,0.0585,FALSE,FALSE,exante_mid,7.5,28.5,big_fav,high_implied,0.19811118603169642,0.25,0.19860042447615742,0.25,0.1742376513822375,0.1580766714782142,0.15699367539604067,0.05996222030911104,0.05660377358490566,0.058384990230972926,0.057692307692307696,0.05855274551598453,0.03908492092963101,0.03961665554912036
TE,00-0036040,2025,10,5.5220175119468395,0.265,0.0755,TRUE,TRUE,exante_mid,-3.5,18.5,dog,low_implied,0.24220280015069057,0.2816326530612245,0.24287426120448766,0.2816326530612245,0.24957402931125863,0.26275411502567847,0.2622914011302861,0.07897517571557455,0.0896551724137931,0.07824583759068927,0.0896551724137931,0.08002437098288245,0.08923986420828926,0.08350022106552504
TE,00-0036244,2025,10,4.129967216132555,0.2235,0.063,TRUE,FALSE,exante_mid,8.5,28,big_fav,high_implied,0.1947499564416352,0.25,0.19522540296624255,0.25,0.17249574230952217,0.15433260356269723,0.15345364493456343,0.06496080875614321,0.07312947299934938,0.06357406506499468,0.0736737400530504,0.06322282466050574,0.041177400967826024,0.04446144034944742
TE,00-0036894,2025,10,5.309381387186254,0.2925,0.0995,FALSE,FALSE,exante_mid,-3.5,21,dog,mid_implied,0.27463486850974406,0.2816326530612245,0.2754394754871387,0.2816326530612245,0.2659840368430651,0.284005362575482,0.28115698338691336,0.10629942954514904,0.11428571428571428,0.10726572071235216,0.11428571428571428,0.10525952770662735,0.11768344825618622,0.14022897266580178
TE,00-0036970,2025,10,6.069160067034985,0.308,0.111,FALSE,FALSE,exante_mid,-7.5,20,big_dog,low_implied,0.2931978282321507,0.2816326530612245,0.2940773429227839,0.2816326530612245,0.30891017696257334,0.29282589420292043,0.29391168482105695,0.11953795912463891,0.11428571428571428,0.12147721416452457,0.11428571428571428,0.12077895405375244,0.13590729094690193,0.13104782832678666
TE,00-0037252,2025,10,4.985292965300984,0.302,0.093,FALSE,FALSE,exante_mid,-7.5,21,big_dog,mid_implied,0.28599026321668586,0.2816326530612245,0.28684083953440254,0.2816326530612245,0.2623075468625453,0.2793704448421407,0.27299667102666775,0.09885416260071499,0.11428571428571428,0.09931267152016306,0.11428571428571428,0.09713798499126357,0.1089682246166863,0.14471607902572708
TE,00-0037744,2025,10,8.57143635731831,0.5915,0.3265,TRUE,TRUE,exante_high,-5.5,19.5,dog,low_implied,0.6411165052283522,0.6122448979591837,0.6411165052283522,0.6122448979591837,0.6781735030284107,0.6721300031522689,0.6754225186263911,0.37086337968600613,0.2692307692307692,0.37086337968600613,0.2692307692307692,0.3785563047666249,0.4401034151051517,0.3890436280227663
TE,00-0037838,2025,10,5.064082451350215,0.3025,0.1055,FALSE,FALSE,exante_mid,3.5,24.5,fav,mid_implied,0.28658986651492335,0.2816326530612245,0.28744285776313644,0.2816326530612245,0.265594514255766,0.2764853135737605,0.2737807470776459,0.11319671639637731,0.11428571428571428,0.11465944566735105,0.11428571428571428,0.11078667040782206,0.10196284774033888,0.12393627465846645
TE,00-0038129,2025,10,5.904209034970295,0.422,0.176,TRUE,TRUE,exante_mid,1.5,24.5,close,mid_implied,0.43356514430944326,0.4222222222222222,0.43494482386240835,0.43243243243243246,0.4056486799090524,0.4403690947042118,0.4352578725203568,0.1953384096416379,0.22916666666666666,0.20399368508476667,0.22019279553526128,0.1914458176953972,0.2012681979700181,0.25185554520609726
TE,00-0038933,2025,10,6.750253304964431,0.505,0.241,FALSE,FALSE,exante_mid,7.5,28.5,big_fav,high_implied,0.5366323252208972,0.6122448979591837,0.5382595532532114,0.7272727272727273,0.5208156284646869,0.49024424158129587,0.49078930688005595,0.2715974614282572,0.2692307692307692,0.28784550224748445,0.28,0.2687742306292998,0.2178784153355691,0.21665673169482627
TE,00-0039041,2025,10,3.98150753327268,0.1235,0.0265,FALSE,FALSE,exante_low,-5.5,19.5,dog,low_implied,0.09082752304174355,0.10222222222222223,0.09082752304174355,0.10222222222222223,0.09524389222312472,0.08855396123089035,0.08925836047711656,0.025443459061203582,0,0.025443459061203582,0,0.025848335217168034,0.025645987044523737,0.02089697988433853
TE,00-0039065,2025,10,6.28324029563376,0.4825,0.219,FALSE,FALSE,exante_mid,3.5,27.5,fav,high_implied,0.5088387753670912,0.5242718446601942,0.5104120476670065,0.53125,0.47834260968391656,0.48831034996507394,0.4846284142976798,0.24581198504495608,0.2692307692307692,0.25947132617446755,0.2727272727272727,0.24111178177832437,0.22936074332471643,0.2660985494473334
TE,00-0039066,2025,10,5.157432975671806,0.207,0.0625,FALSE,FALSE,exante_mid,-10.5,15.5,big_dog,low_implied,0.17647886160366855,0.16666666666666666,0.17687995974058926,0.16666666666666666,0.18763704659081196,0.18062543079201998,0.18001044369996733,0.06440408778258484,0.05660377358490566,0.06299488912234721,0.057692307692307696,0.06510427008322033,0.07571651669513137,0.08180864892991858
TE,00-0039144,2025,10,4.075672298633795,0.1695,0.0455,FALSE,FALSE,exante_mid,-2.5,21,dog,mid_implied,0.1364655673276966,0.10222222222222223,0.1367100997899893,0.10052910052910052,0.13083003825055273,0.13848453564647895,0.13736698944149933,0.0456915362834661,0.04,0.04372546360942241,0.047619047619047616,0.04518378868551269,0.04713306461982838,0.05392834064076426
TE,00-0039338,2025,10,7.672822261390794,0.429,0.181,FALSE,FALSE,exante_high,-10.5,15.5,big_dog,low_implied,0.44228945585016755,0.4222222222222222,0.44228945585016755,0.4222222222222222,0.4938110951388763,0.4679136447368467,0.47174738127822713,0.2012052152925525,0.22916666666666666,0.2012052152925525,0.22916666666666666,0.2080529957994098,0.2519165748591274,0.21067377367725926
TE,00-0039356,2025,10,4.334394589726273,0.195,0.0485,FALSE,FALSE,exante_mid,3.5,22,fav,mid_implied,0.16343412368899377,0.12121212121212122,0.16378302211792672,0.13333333333333333,0.15603595222331332,0.16082354530020523,0.1600699495824678,0.04895997308815736,0.045454545454545456,0.047060521451573314,0.047619047619047616,0.04870931934167025,0.0424145619595423,0.04207661315693352
TE,00-0039847,2025,10,5.817420039227465,0.3415,0.1145,TRUE,FALSE,exante_mid,-3.5,21,dog,mid_implied,0.3338796945247577,0.32231404958677684,0.3349180607935374,0.32142857142857145,0.3291430120669624,0.34795529612640946,0.3454491431610128,0.12358181094900142,0.11428571428571428,0.1258342534228138,0.11428571428571428,0.12357657176216204,0.13834372307947218,0.14648203845646424
TE,00-0040126,2025,10,6.4582150792160125,0.4375,0.1895,FALSE,FALSE,exante_mid,3.5,24.5,fav,mid_implied,0.4528833718696899,0.5242718446601942,0.454318804649062,0.53125,0.44515231208972117,0.45078427418223416,0.4501428408337528,0.21118250218921344,0.2692307692307692,0.22138727861285037,0.22727272727272727,0.2097779391843876,0.20286710910684772,0.21294864934767496
TE,00-0040128,2025,10,6.267251370041896,0.445,0.1985,TRUE,TRUE,exante_mid,7.5,27.5,big_fav,high_implied,0.462228515272682,0.5242718446601942,0.4636894899931623,0.53125,0.4432211307610603,0.41934539153060896,0.41899782763317633,0.22174920016979918,0.2692307692307692,0.23300089206633828,0.2727272727272727,0.2184633129524378,0.17481323384870562,0.1857127960110389
TE,00-0040189,2025,10,5.693450929482029,0.352,0.124,FALSE,FALSE,exante_mid,3.5,24.5,fav,mid_implied,0.34676018423791155,0.32231404958677684,0.3478469174050023,0.32142857142857145,0.3334267054669269,0.3391064918461003,0.337811571251338,0.13458777201230204,0.11428571428571428,0.1377259420978406,0.11428571428571428,0.13342931920972326,0.12342621029068886,0.12816189954693374
TE,00-0040663,2025,10,6.684258518984046,0.38,0.154,FALSE,FALSE,exante_mid,-1.5,18,close,low_implied,0.3813314474493135,0.3278236914600551,0.3825423279828092,0.32142857142857145,0.4021377138955894,0.4300508902272594,0.4308436105368695,0.16956065530192307,0.22916666666666666,0.17577241902972712,0.2191780821917808,0.1716078517866052,0.2028517141847685,0.2023248265925403
TE,00-0040737,2025,10,4.271694948873884,0.224,0.0625,FALSE,FALSE,exante_mid,8.5,28,big_fav,high_implied,0.19530935065453942,0.25,0.19578709050318477,0.25,0.1766982131427026,0.15482497304888465,0.15462991197881817,0.06440408778258484,0.05660377358490566,0.06299488912234721,0.057692307692307696,0.0630337175392374,0.04078330078504224,0.040746925021407546
TE,00-0030061,2025,11,6.313345136284254,0.377,0.1475,FALSE,FALSE,exante_mid,1.5,23.5,close,mid_implied,0.37462845602101086,0.3203125,0.3738728451030498,0.31756756756756754,0.3803693722969937,0.38548163888529924,0.38767434108320925,0.16417670677667512,0.14432989690721648,0.16863596704433975,0.14432989690721648,0.16543302280217956,0.16911414212275616,0.1620748822451622
TE,00-0030506,2025,11,7.4367248971946145,0.525,0.2555,TRUE,TRUE,exante_high,3.5,24,fav,mid_implied,0.556164551556171,0.6078431372549019,0.556164551556171,0.6078431372549019,0.5667570462390998,0.564488298594086,0.567415186409115,0.2914837362421727,0.2709677419354839,0.2914837362421727,0.2709677419354839,0.29679892736519736,0.2906383524476178,0.2728617443130203
TE,00-0033090,2025,11,5.751414703501943,0.3665,0.133,FALSE,FALSE,exante_mid,10.5,27.5,big_fav,high_implied,0.36181507639764415,0.3203125,0.36127004588708,0.31756756756756754,0.3449330412655215,0.30244497889277216,0.30397261455197444,0.1471183527853086,0.14432989690721648,0.1505231893235419,0.14432989690721648,0.1422685935946612,0.09365095679232312,0.08848676580313583
TE,00-0033246,2025,11,4.094373197109644,0.1485,0.039,FALSE,FALSE,exante_mid,-1.5,21.5,close,mid_implied,0.11540760499170719,0.10087719298245613,0.11753967757180211,0.1,0.11607739832109537,0.11675850425305014,0.11750516700758394,0.03943797745299834,0.02127659574468085,0.03826794959149226,0.023809523809523808,0.03921639843199546,0.03963759988914805,0.038862981175773866
TE,00-0033288,2025,11,6.249827691995646,0.429,0.1785,TRUE,TRUE,exante_mid,1.5,24,close,mid_implied,0.4384824735347663,0.4166666666666667,0.43666353687090315,0.4358974358974359,0.4228933922483794,0.4500490951549648,0.44615873870602984,0.20075743523990186,0.25,0.20760122474654621,0.23529411764705882,0.1944363325575366,0.20855116989898026,0.22707638273519937
TE,00-0033881,2025,11,6.551112648692998,0.351,0.1375,FALSE,FALSE,exante_mid,-3.5,20.5,dog,mid_implied,0.3429776629869803,0.3203125,0.3427378859750596,0.31756756756756754,0.3685597374705981,0.3622117805902069,0.36659137113891677,0.15240692090933988,0.14432989690721648,0.1561335997107677,0.14432989690721648,0.15944985150519303,0.17556721210049925,0.16214822948181443
TE,00-0034351,2025,11,6.159530152541115,0.4045,0.1525,FALSE,FALSE,exante_mid,1.5,25,close,mid_implied,0.4083377797389521,0.4074074074074074,0.40702159988920444,0.4230769230769231,0.39706152842345055,0.4104331224553547,0.40898156376079836,0.17006903337781773,0.14432989690721648,0.1749025324325331,0.14432989690721648,0.1676673197579134,0.17092731977922387,0.1701563744727076
TE,00-0034383,2025,11,6.611886613607378,0.4125,0.184,FALSE,FALSE,exante_mid,7.5,22.5,big_fav,mid_implied,0.4181733734302939,0.4166666666666667,0.41669292631526433,0.4358974358974359,0.4263061597681426,0.4090401132610678,0.4120035779414629,0.2072542017053064,0.25,0.21453339709727753,0.23529411764705882,0.20701788285424896,0.17454337692277858,0.1739542535875188
TE,00-0034613,2025,11,4.338633241938656,0.2185,0.0595,FALSE,FALSE,exante_mid,-5.5,22,dog,mid_implied,0.1887127566870695,0.2653061224489796,0.19050046676990676,0.2653061224489796,0.17275502868616252,0.18046804420792123,0.17595798453977973,0.06217993832666754,0.06306306306306306,0.0614897832858923,0.06422018348623854,0.059021276690611274,0.06459134855604569,0.07553126997760948
TE,00-0034753,2025,11,5.595721586251951,0.417,0.176,TRUE,FALSE,exante_mid,7.5,24.5,big_fav,mid_implied,0.4237097074323566,0.4166666666666667,0.4221368394888506,0.4358974358974359,0.38067190709793536,0.40006694030477935,0.39063983289988163,0.19780456070328062,0.25,0.20445135454727958,0.23529411764705882,0.17970327815321951,0.15941517966849023,0.20666250223587135
TE,00-0034798,2025,11,4.218959175648871,0.146,0.026,FALSE,FALSE,exante_mid,-2.5,21.5,dog,mid_implied,0.11294061183914274,0.10087719298245613,0.11507205163243431,0.1,0.11687819576393801,0.11191652572848106,0.11348749331009109,0.02545683418757567,0,0.02425313087953666,0,0.027658387289275894,0.02453588308384511,0.01758625174488407
TE,00-0035229,2025,11,5.98221994952984,0.3695,0.142,FALSE,FALSE,exante_mid,2.5,24,close,mid_implied,0.3654720918646833,0.3203125,0.3648671673318864,0.31756756756756754,0.35818155045172617,0.3671964371787916,0.36648377882473626,0.15770059896010918,0.14432989690721648,0.1617541358476474,0.14432989690721648,0.15452298993400485,0.1537846526757962,0.15844200031526826
TE,00-0035644,2025,11,4.487349460880866,0.212,0.065,FALSE,FALSE,exante_mid,-5.5,22,dog,mid_implied,0.18160014049043532,0.20689655172413793,0.1834466203431559,0.20689655172413793,0.17223673319708685,0.17318871396239627,0.17059653421180573,0.06838559567540717,0.09554140127388536,0.06789225142676718,0.09554140127388536,0.06502643264824966,0.07166402025226783,0.08375321732719739
TE,00-0035689,2025,11,4.27155036245197,0.189,0.056,FALSE,FALSE,exante_mid,4.5,27,fav,high_implied,0.15689840429060783,0.10087719298245613,0.1589114662510406,0.1,0.14935256030817287,0.13277835623240905,0.1343316316654123,0.0582509555183102,0.06306306306306306,0.05744902058439834,0.06422018348623854,0.05544978069199494,0.04373599769140264,0.042443487885409525
TE,00-0036290,2025,11,4.390066894187054,0.195,0.0535,FALSE,FALSE,exante_mid,-2.5,21.5,dog,mid_implied,0.16326925685816238,0.11764705882352941,0.1652453152705524,0.12903225806451613,0.1568702393515954,0.16542574310715796,0.16374681979816733,0.05545491259749378,0.06306306306306306,0.05457998738779352,0.06422018348623854,0.05396702018767728,0.05756769111291037,0.061945102962749826
TE,00-0036590,2025,11,4.304918581799319,0.157,0.04,FALSE,FALSE,exante_mid,-1.5,21.5,close,mid_implied,0.12388198847263657,0.10087719298245613,0.12600897826657836,0.1,0.12677827078527254,0.12585554420117387,0.12718887548591046,0.0405301234584219,0.02127659574468085,0.0393726434907439,0.023809523809523808,0.04114181626756351,0.04084146695380075,0.03749071094330315
TE,00-0036637,2025,11,4.109071088832152,0.192,0.049,FALSE,FALSE,exante_mid,3.5,24,fav,mid_implied,0.16007714919192365,0.11764705882352941,0.16207229621347988,0.12903225806451613,0.14734820124181577,0.14951658577183038,0.1481488932319531,0.05044558865997704,0.044444444444444446,0.04945461478790663,0.046511627906976744,0.048237323224231764,0.04169115468360122,0.043059356811345886
TE,00-0036754,2025,11,4.048331450893937,0.1605,0.0405,FALSE,FALSE,exante_mid,-1.5,23.5,close,mid_implied,0.1274093430817487,0.10087719298245613,0.12953105063997733,0.1,0.12360066189077505,0.12288445185552849,0.1231668145264071,0.04107696836171121,0.02127659574468085,0.0399262361265153,0.023809523809523808,0.04034705316792365,0.039705035160517585,0.03846413525291901
TE,00-0036970,2025,11,6.292427424649263,0.3805,0.161,FALSE,FALSE,exante_mid,3.5,23.5,fav,mid_implied,0.37890769576629296,0.3333333333333333,0.37808135234658957,0.31756756756756754,0.38244974109820334,0.3801674573991243,0.38216865060443767,0.18009467259233058,0.225,0.1855747438703342,0.21333333333333335,0.1783072886717364,0.1724137109336618,0.17443890675922544
TE,00-0037252,2025,11,5.230632721566393,0.271,0.0895,FALSE,FALSE,exante_mid,-1.5,22,close,mid_implied,0.2479868973411588,0.27906976744186046,0.24913588564251546,0.27906976744186046,0.24318927942992927,0.2582362529794992,0.2566901929203346,0.09640514703256711,0.10989010989010989,0.09705129959320019,0.10989010989010989,0.09435002617852471,0.10410279949939565,0.111598193912879
TE,00-0037744,2025,11,8.10246799847701,0.6175,0.331,TRUE,TRUE,exante_high,-1.5,22.5,close,mid_implied,0.6659191716966403,0.7142857142857143,0.6659191716966403,0.7142857142857143,0.6761703065764562,0.6980622027762667,0.6976773617784489,0.37911901666971526,0.2857142857142857,0.37911901666971526,0.2857142857142857,0.389193097119919,0.4372541732742715,0.42390641652641387
TE,00-0037805,2025,11,3.96917389350722,0.125,0.0285,FALSE,FALSE,exante_low,-10.5,17,big_dog,low_implied,0.092702748848618,0.10087719298245613,0.092702748848618,0.10087719298245613,0.09703285963018582,0.08768404526761095,0.08746919569157836,0.028110304502573548,0,0.028110304502573548,0,0.029140699999887165,0.030204187451851043,0.029571558414774417
TE,00-0037809,2025,11,4.986037599483498,0.184,0.0475,FALSE,FALSE,exante_mid,-7.5,15,big_dog,low_implied,0.15163077854205595,0.10087719298245613,0.15367104785917626,0.1,0.1646877498949116,0.16494950466790892,0.16493945262246193,0.04878299549984965,0.044444444444444446,0.047757958075395,0.046511627906976744,0.05204115556210952,0.05746285578412991,0.05511151104809976
TE,00-0037838,2025,11,5.202285139269373,0.3185,0.1165,FALSE,FALSE,exante_mid,7.5,24.5,big_fav,mid_implied,0.3038649344466854,0.27906976744186046,0.30423446851099045,0.27906976744186046,0.2808834057107155,0.27722018903187873,0.2740657303599791,0.12778137405390042,0.10989010989010989,0.13005601366981057,0.10989010989010989,0.119092855571125,0.09682538014562024,0.11214628027402093
TE,00-0038041,2025,11,6.204196196050334,0.3685,0.1435,FALSE,FALSE,exante_mid,3.5,26,fav,mid_implied,0.3642527201012604,0.3203125,0.3636677860750013,0.31756756756756754,0.36771579110450064,0.3470337618196061,0.3513341459368983,0.15946618810787466,0.14432989690721648,0.16362972274697887,0.14432989690721648,0.15964437733640746,0.14368547942465687,0.13076828609550814
TE,00-0038129,2025,11,6.3360600557474465,0.3835,0.167,FALSE,FALSE,exante_mid,-4.5,22.5,dog,mid_implied,0.38257854447413564,0.3333333333333333,0.3816913911479381,0.31756756756756754,0.3871851008378864,0.3852773832854064,0.3849970581998642,0.18717660978382758,0.225,0.19311988897053098,0.21333333333333335,0.1849642880354629,0.2107902531362541,0.22571326714932863
TE,00-0038558,2025,11,4.750486897835606,0.2655,0.0815,FALSE,FALSE,exante_mid,5.5,27.5,fav,high_implied,0.24164034788696606,0.27906976744186046,0.24286857904819936,0.27906976744186046,0.22145189291572492,0.20711972550919283,0.20649393486745382,0.0871976259133719,0.09554140127388536,0.08742978001786894,0.09554140127388536,0.08214689106907118,0.06480161368929689,0.06577268769964731
TE,00-0039041,2025,11,3.991784179316347,0.137,0.027,FALSE,FALSE,exante_low,-1.5,22.5,close,mid_implied,0.10415885714352603,0.10087719298245613,0.10415885714352603,0.10087719298245613,0.10588759864739572,0.10189369452648635,0.10332261608744615,0.026515927406899634,0,0.026515927406899634,0,0.027835060428225426,0.025100058080317234,0.019574423576465678
TE,00-0039066,2025,11,5.184656040328969,0.2335,0.0705,FALSE,FALSE,exante_mid,-3.5,22.5,dog,mid_implied,0.2053304668785211,0.2653061224489796,0.20696428822727644,0.2653061224489796,0.2109206298525852,0.2021122529761502,0.20394653960249268,0.07462612907193208,0.09554140127388536,0.07435343443752294,0.09554140127388536,0.0758233780683619,0.07799507313803464,0.07248486278687706
TE,00-0039338,2025,11,7.8172159876118865,0.525,0.2515,TRUE,FALSE,exante_high,-3.5,22.5,dog,mid_implied,0.556164551556171,0.6078431372549019,0.556164551556171,0.6078431372549019,0.5855937183557551,0.5748808598609699,0.5801164145096547,0.2867939099015529,0.2709677419354839,0.2867939099015529,0.2709677419354839,0.30276175421239326,0.3296867795018717,0.29056757721847437
TE,00-0039356,2025,11,4.710606333919928,0.1945,0.049,FALSE,FALSE,exante_mid,-3.5,20,dog,low_implied,0.16273632001577576,0.11764705882352941,0.16471564070042136,0.12903225806451613,0.16527255884404593,0.16819437119352806,0.1681435350252587,0.05044558865997704,0.044444444444444446,0.04945461478790663,0.046511627906976744,0.051797517261375506,0.05359025941115403,0.05030757211776912
TE,00-0039793,2025,11,4.982969437840047,0.2465,0.063,TRUE,TRUE,exante_mid,-2.5,22.5,dog,mid_implied,0.219948086628605,0.27906976744186046,0.22142915049142578,0.27906976744186046,0.21455301090238513,0.22122332704033218,0.22000753092364636,0.06612474845839508,0.06306306306306306,0.06555696268734958,0.06422018348623854,0.06698284561486183,0.0683308768102076,0.063474093741576
TE,00-0039847,2025,11,6.225526138094209,0.3695,0.14,FALSE,FALSE,exante_mid,-6.5,19.5,big_dog,low_implied,0.3654720918646833,0.3203125,0.3648671673318864,0.31756756756756754,0.3695999536395088,0.3783409852234853,0.37497164316941267,0.15534726185652525,0.14432989690721648,0.15925493523659584,0.14432989690721648,0.15655501165961414,0.18257020489817094,0.19625459249185997
TE,00-0040126,2025,11,6.189197286186656,0.3705,0.1555,FALSE,FALSE,exante_mid,-2.5,21.5,dog,mid_implied,0.3666918229360458,0.3203125,0.36606688285169164,0.31756756756756754,0.36876163281944,0.3858983541619096,0.3844651038872858,0.1736063711568176,0.225,0.17866666582184626,0.21333333333333335,0.1711003177695586,0.19801089713213335,0.2166504720476621
TE,00-0040189,2025,11,5.979857573131809,0.3325,0.114,FALSE,FALSE,exante_mid,1.5,23,close,mid_implied,0.32064127234630496,0.27906976744186046,0.32075431346312666,0.27906976744186046,0.32597700743685837,0.3309429917880984,0.3330200967882821,0.12486046898710117,0.10989010989010989,0.12697165674149705,0.10989010989010989,0.1271716177446162,0.1266379466618113,0.11664551395201644
TE,00-0040584,2025,11,4.349902518322885,0.1565,0.042,FALSE,FALSE,exante_mid,-7.5,15,big_dog,low_implied,0.1233798597331891,0.10087719298245613,0.1255074538386576,0.1,0.12742174475675244,0.13292708876588494,0.131198192863658,0.04272050877678717,0.02127659574468085,0.04159187372700336,0.023809523809523808,0.043215921582651744,0.04974661090957034,0.056310685036002804
TE,00-0040663,2025,11,6.533203896055238,0.2975,0.1025,FALSE,FALSE,exante_mid,-7.5,17,big_dog,low_implied,0.2789432287450106,0.27906976744186046,0.2796766057353036,0.27906976744186046,0.31935122639490043,0.29648719269256024,0.30226164274829176,0.11146191653225967,0.10989010989010989,0.11285225696835771,0.10989010989010989,0.12298575802630297,0.1344502297238834,0.11362636830860905
TE,00-0040736,2025,11,5.873887377747412,0.341,0.124,FALSE,FALSE,exante_mid,-10.5,17,big_dog,low_implied,0.33088205061320486,0.3203125,0.3308347577914358,0.31756756756756754,0.3286026865376156,0.3386144234438125,0.3311193776832037,0.1365591376164698,0.10989010989010989,0.13933702942818754,0.10989010989010989,0.13545094528319762,0.16690175773998814,0.20075030747801098
TE,00-0030506,2025,12,7.969631043431039,0.591,0.3205,FALSE,FALSE,exante_high,3.5,26.5,fav,high_implied,0.6382305873864581,0.6226415094339622,0.6382305873864581,0.6226415094339622,0.65023544221828,0.6326697610859807,0.6344648948617372,0.37173916137882035,0.27388535031847133,0.37173916137882035,0.27388535031847133,0.3808904938313779,0.3674908583827089,0.3339396433423778
TE,00-0032392,2025,12,4.194052228268122,0.2205,0.056,FALSE,FALSE,exante_mid,5.5,28,fav,high_implied,0.18450234019998418,0.2549019607843137,0.18699731855312643,0.2549019607843137,0.16594105605103607,0.1507121985051634,0.15042229688271155,0.05669564894965035,0.061946902654867256,0.056801108987582255,0.06306306306306306,0.053052233191821445,0.03941098539615993,0.03823486584854406
TE,00-0033090,2025,12,6.292133534630347,0.453,0.196,TRUE,TRUE,exante_mid,5.5,28,fav,high_implied,0.4667148726882572,0.5188679245283019,0.45832297507621245,0.5272727272727272,0.44651985702566127,0.4269389937668395,0.4266154397785531,0.22221947908106185,0.27388535031847133,0.2253349952148835,0.2786885245901639,0.21143293916737252,0.18435149250529537,0.1884540965657183
TE,00-0033288,2025,12,6.262122258912568,0.448,0.204,TRUE,FALSE,exante_mid,6.5,27,fav,high_implied,0.46038958632619453,0.5188679245283019,0.45224908908435485,0.5272727272727272,0.4404549139254191,0.423204700736579,0.422682697463603,0.2318987057516413,0.27388535031847133,0.23521051010874772,0.2786885245901639,0.2182726400207013,0.1881427615939281,0.20167782059611578
TE,00-0033858,2025,12,5.571514900824865,0.291,0.1025,FALSE,FALSE,exante_mid,-2.5,21,dog,mid_implied,0.2655389826798642,0.2765151515151515,0.265360087904827,0.2765151515151515,0.26716318739201367,0.2802832051621203,0.28000205741152834,0.1101534279048923,0.10695187165775401,0.11107524084645125,0.10695187165775401,0.10922992838896747,0.12415252188271966,0.13093922234819538
TE,00-0034365,2025,12,3.967422748024238,0.155,0.0325,FALSE,FALSE,exante_low,2.5,20,close,low_implied,0.11592126593479854,0.09565217391304348,0.11592126593479854,0.09565217391304348,0.11260405079278067,0.12218897397721988,0.12191358966847275,0.031098894831649623,0,0.031098894831649623,0,0.03155348107276891,0.0283746847714245,0.026757731448588402
TE,00-0034383,2025,12,6.633221439276487,0.396,0.1605,FALSE,FALSE,exante_mid,-2.5,21,dog,mid_implied,0.394716879461966,0.3684210526315789,0.3892758963757338,0.3684210526315789,0.4081911648447412,0.42128274309563,0.4217280559251191,0.17933669332736546,0.21686746987951808,0.18158329996157987,0.20512820512820512,0.184587733881167,0.20889501767120655,0.2049716078290288
TE,00-0034753,2025,12,5.988275349890455,0.417,0.172,FALSE,FALSE,exante_mid,13.5,29,big_fav,high_implied,0.421190247361634,0.43137254901960786,0.41464603234498765,0.4523809523809524,0.39915423997385363,0.3318434420282985,0.33237780040458786,0.19320738219226735,0.21686746987951808,0.19573389478089429,0.20512820512820512,0.18197290185195153,0.10339358580702573,0.10132924354128371
TE,00-0034829,2025,12,4.796246562686397,0.239,0.067,FALSE,FALSE,exante_mid,-5.5,22.5,dog,mid_implied,0.20514765773818344,0.2765151515151515,0.20704621501252982,0.2765151515151515,0.19707994273827667,0.1926535526378559,0.19185613411722854,0.06907775856706942,0.09876543209876543,0.06934372766409767,0.09876543209876543,0.06755085922273203,0.07113770296791301,0.07403594483601157
TE,00-0035229,2025,12,6.062091285718974,0.3635,0.133,FALSE,FALSE,exante_mid,-5.5,18.5,dog,low_implied,0.3540290378930656,0.3,0.3502940728119401,0.2974683544303797,0.3526945763970074,0.3776798904610235,0.37578187683447944,0.1463260599126085,0.1346153846153846,0.14792004498236364,0.1346153846153846,0.14625566350428718,0.172867806100601,0.1914580181421305
TE,00-0035689,2025,12,4.411339680851479,0.1895,0.049,FALSE,FALSE,exante_mid,2.5,23.5,close,mid_implied,0.15109313423498252,0.10810810810810811,0.15438114160259253,0.11764705882352941,0.14757524641850592,0.14607085609290066,0.1462889528519875,0.04893307601097289,0.041666666666666664,0.048950679931102636,0.04411764705882353,0.04846045698865028,0.04337484843872386,0.040881776713381335
TE,00-0036040,2025,12,5.3318290948057045,0.2695,0.087,FALSE,FALSE,exante_mid,1.5,20.5,close,mid_implied,0.24018625124179777,0.2765151515151515,0.24092997143521652,0.2765151515151515,0.2397870759099292,0.2624119781117374,0.26209232321005677,0.09204558815792901,0.09876543209876543,0.09265954575045955,0.09876543209876543,0.09153111918342707,0.09723623850121381,0.10091603905895004
TE,00-0036244,2025,12,4.224213697088327,0.2225,0.058,TRUE,FALSE,exante_mid,5.5,27,fav,high_implied,0.18671020030287847,0.2549019607843137,0.18914487317818765,0.2549019607843137,0.16823824962791686,0.15711804233810078,0.15666175589564016,0.05893123160526711,0.061946902654867256,0.05906394889431616,0.06306306306306306,0.054975910893170436,0.04201916523496446,0.04218191208531269
TE,00-0036429,2025,12,3.944969395298755,0.135,0.0305,FALSE,FALSE,exante_low,-1.5,19,close,low_implied,0.096644626510846,0.09565217391304348,0.096644626510846,0.09565217391304348,0.09791203161028869,0.10529001156365907,0.10532014825030218,0.0289916895541327,0,0.0289916895541327,0,0.029713508833205764,0.030500299757290152,0.029115153669232823
TE,00-0036637,2025,12,4.212544514254573,0.1985,0.0645,FALSE,FALSE,exante_mid,3.5,26.5,fav,high_implied,0.16062887483495908,0.14285714285714285,0.16371522557386967,0.16279069767441862,0.14977215187912396,0.14039660609101265,0.14042250359237105,0.06624585463061282,0.09876543209876543,0.0664731587233375,0.09876543209876543,0.06039478232477318,0.05392661092610889,0.059036627140865536
TE,00-0036754,2025,12,4.260469751550639,0.19,0.0535,FALSE,FALSE,exante_mid,10.5,29.5,big_fav,high_implied,0.1516192039575831,0.10810810810810811,0.15489665278678935,0.11764705882352941,0.14447133680883797,0.10529488341794821,0.10620505086110117,0.053911891743651554,0.061946902654867256,0.05398458825595168,0.06306306306306306,0.05137730367343934,0.02736364847935595,0.023722692797387538
TE,00-0036894,2025,12,5.108641558891916,0.2765,0.095,FALSE,FALSE,exante_mid,-2.5,21,dog,mid_implied,0.24838584147624476,0.2765151515151515,0.24883806631631122,0.2765151515151515,0.23830464174500038,0.26146642651611224,0.25999338743339334,0.1013631393064877,0.10695187165775401,0.10213246855506862,0.10695187165775401,0.09620424220350672,0.11350066265184412,0.13272694978625113
TE,00-0036970,2025,12,5.930222838675652,0.334,0.1245,FALSE,FALSE,exante_mid,-1.5,19,close,low_implied,0.3175571717012592,0.3,0.3153309342928198,0.2974683544303797,0.3199566951272235,0.3587592402679246,0.35777325042930935,0.13618766252311856,0.10695187165775401,0.13758737948097335,0.10695187165775401,0.13575529839423459,0.1627851637643016,0.1777006993033586
TE,00-0037744,2025,12,8.221603801853991,0.6335,0.3775,TRUE,FALSE,exante_high,-1.5,22.5,close,mid_implied,0.6885436921524786,0.7333333333333333,0.6885436921524786,0.7333333333333333,0.6974982053138349,0.7219054368323307,0.721720265929106,0.43842233183345775,0.4,0.43842233183345775,0.4,0.44407914389641534,0.5092161370231059,0.5163635770003272
TE,00-0037809,2025,12,4.678655006231847,0.1475,0.0335,FALSE,FALSE,exante_mid,-11.5,15.5,big_dog,low_implied,0.10859015589305618,0.09565217391304348,0.11247266122980323,0.09644670050761421,0.12050642662323231,0.10370294276912256,0.10404144773663149,0.03215756333754715,0,0.03203018734080493,0,0.03575638792731984,0.034188386899330396,0.02982083929500165
TE,00-0037838,2025,12,5.236876098499972,0.3085,0.1015,FALSE,FALSE,exante_mid,13.5,29,big_fav,high_implied,0.2865179031441686,0.2765151515151515,0.2855338393530208,0.2765151515151515,0.2704057412358043,0.20910881279248572,0.20997931183768792,0.10897855480353764,0.10695187165775401,0.10987968632633562,0.10695187165775401,0.10376435341663261,0.0523743721722301,0.047516446440454316
TE,00-0038041,2025,12,5.659895858088605,0.3005,0.096,FALSE,FALSE,exante_mid,-3.5,24,dog,mid_implied,0.27689207071831423,0.2765151515151515,0.276281516605989,0.2765151515151515,0.27893526198453333,0.2668785206986632,0.26735124105568014,0.10253225357320424,0.10695187165775401,0.10332155226578561,0.10695187165775401,0.10421576052657944,0.1076792981255492,0.09979928401885611
TE,00-0038129,2025,12,6.1840366148258,0.406,0.163,FALSE,FALSE,exante_mid,-5.5,21.5,dog,mid_implied,0.4073102882651653,0.39285714285714285,0.4013428776169673,0.4074074074074074,0.39759865254675586,0.4108263929751502,0.4088202986331285,0.1823495659657996,0.21686746987951808,0.18465678460646176,0.20512820512820512,0.1775522802466003,0.20702478345060882,0.23145158964177087
TE,00-0038935,2025,12,5.266042869741148,0.2825,0.0875,TRUE,FALSE,exante_mid,1.5,24,close,mid_implied,0.25545694208185543,0.2765151515151515,0.25565231240351727,0.2765151515151515,0.24884427294367997,0.2564429796051505,0.25632769453438153,0.0926260027987447,0.09876543209876543,0.09324943139385178,0.09876543209876543,0.0912204090435198,0.09134795567117829,0.08976335525368576
TE,00-0039074,2025,12,4.081137982740832,0.186,0.045,FALSE,FALSE,exante_mid,5.5,27,fav,high_implied,0.14742306344568976,0.09836065573770492,0.15078281529528154,0.09644670050761421,0.1374619982670299,0.12127505473017253,0.12149067210751263,0.04454477946056157,0.038461538461538464,0.04451792055468683,0.04411764705882353,0.04292368781514565,0.03077908908252137,0.02798649389326152
TE,00-0039338,2025,12,8.37893600843326,0.598,0.329,FALSE,FALSE,exante_high,2.5,20,close,low_implied,0.646630678170359,0.6226415094339622,0.646630678170359,0.6226415094339622,0.6733211716609058,0.6949932105170975,0.6961481125359839,0.3817787146324574,0.375,0.3817787146324574,0.375,0.4030613474007569,0.4263397287480546,0.4011612183257182
TE,00-0039793,2025,12,5.818956321403656,0.3335,0.1265,FALSE,FALSE,exante_mid,11.5,27,big_fav,high_implied,0.31694379980802145,0.2765151515151515,0.3147425676979682,0.2765151515151515,0.31503090801108086,0.2562361611881645,0.25791921431697956,0.1385697363291065,0.10695187165775401,0.14001475589400852,0.10695187165775401,0.13581244611156926,0.08036295391187147,0.07273001196582213
TE,00-0039847,2025,12,5.93426118857227,0.3385,0.1285,FALSE,FALSE,exante_mid,-10.5,19,big_dog,low_implied,0.32308533173840503,0.3,0.32063305244737583,0.2974683544303797,0.32426446684536553,0.3101961856309078,0.30870191565598887,0.14095398184707852,0.1346153846153846,0.1424445628428918,0.1346153846153846,0.1396768931889439,0.1594959292463188,0.1804306489704344
TE,00-0040126,2025,12,6.394052626861573,0.4145,0.1605,TRUE,FALSE,exante_mid,2.5,23.5,close,mid_implied,0.4180336190653539,0.43137254901960786,0.411620190763616,0.4523809523809524,0.41496033890667694,0.4289561187438169,0.42877432987853115,0.17933669332736546,0.21686746987951808,0.18158329996157987,0.20512820512820512,0.17951535912425165,0.1808718251926446,0.17786582474018023
TE,00-0040128,2025,12,6.585521347934571,0.4345,0.1755,FALSE,FALSE,exante_mid,-3.5,23,dog,mid_implied,0.44331076137903175,0.5188679245283019,0.43585849186531733,0.5,0.44251908092735404,0.45009118072186605,0.44949101825079346,0.19743398845206406,0.21686746987951808,0.20004614265154058,0.20512820512820512,0.1984330959887822,0.22213612783430897,0.22338982483134248
TE,00-0040584,2025,12,4.40940297073847,0.154,0.0415,FALSE,FALSE,exante_mid,-11.5,15.5,big_dog,low_implied,0.11493690701147831,0.09565217391304348,0.11876717961273858,0.09644670050761421,0.12028543901498992,0.11017810977878689,0.1098488166665954,0.04073654870829189,0.02040816326530612,0.040674566735740984,0.022727272727272728,0.04174395087051605,0.044256313052143836,0.04788714610938634
TE,00-0040663,2025,12,6.684330237630432,0.343,0.1375,FALSE,FALSE,exante_mid,-2.5,17.5,dog,low_implied,0.32862712927812043,0.3,0.3259471176111487,0.2974683544303797,0.35975852668849906,0.37665391052050057,0.3781652759840193,0.15170784294136405,0.1346153846153846,0.15340636955388973,0.1346153846153846,0.16230761624392992,0.186270669211822,0.1775390805703639
TE,00-0040736,2025,12,5.418637800219904,0.243,0.078,FALSE,FALSE,exante_mid,-13.5,15.5,big_dog,low_implied,0.20967479808025394,0.2765151515151515,0.21143347506009993,0.2765151515151515,0.21947236619783714,0.20007507309102301,0.1992430267260265,0.08164666351288047,0.09876543209876543,0.08209616778164568,0.09876543209876543,0.08398517420476237,0.09288823674369488,0.10261362662829912
TE,00-0030061,2025,13,6.52536885938223,0.3515,0.121,TRUE,TRUE,exante_mid,-6.5,18.5,big_dog,low_implied,0.33469209590505045,0.29285714285714287,0.3329337566760161,0.2911392405063291,0.3507439751031315,0.3423390968632558,0.3420469639200177,0.12866900272417892,0.10362694300518134,0.1305298691938687,0.10362694300518134,0.13685597191444882,0.14787039806715477,0.13549284365524267
TE,00-0030506,2025,13,7.586685188825798,0.585,0.3165,TRUE,FALSE,exante_high,3.5,27.5,fav,high_implied,0.6256180376906211,0.6,0.6256180376906211,0.6,0.6236331216579009,0.6170251183381092,0.6167055729037043,0.35726376784888964,0.275,0.35726376784888964,0.275,0.3549655419506202,0.3510371570594952,0.340674792627003
TE,00-0031610,2025,13,4.952921439432766,0.2175,0.067,FALSE,FALSE,exante_mid,4.5,23.5,fav,mid_implied,0.17859811077949642,0.26229508196721313,0.18077010917481257,0.26229508196721313,0.18063269232965007,0.17084019955129226,0.17037988244970936,0.06762201938095581,0.09580838323353294,0.06717669518310314,0.09580838323353294,0.06758390934347888,0.05661459446929124,0.05280193864352286
TE,00-0033090,2025,13,6.624423796945488,0.506,0.22,FALSE,FALSE,exante_mid,7.5,26.5,big_fav,high_implied,0.5280630580690394,0.6,0.5207094090992437,0.6666666666666666,0.5119407785429296,0.4950265394775817,0.4955479801250177,0.24435129077556444,0.275,0.2522821792113389,0.2857142857142857,0.23747808279566915,0.19628084514165295,0.19946194530241637
TE,00-0033288,2025,13,7.524530154763221,0.5705,0.294,FALSE,FALSE,exante_high,5.5,23.5,fav,mid_implied,0.6079735848104328,0.6,0.6079735848104328,0.6,0.6072625236559028,0.611752827246175,0.6118886014358462,0.3310968597184064,0.275,0.3310968597184064,0.275,0.3312306262529258,0.31203663374508367,0.31362864874456964
TE,00-0033881,2025,13,6.468406576373854,0.4665,0.2105,TRUE,FALSE,exante_mid,6.5,25,fav,mid_implied,0.4784290115208237,0.5232558139534884,0.47241326727042354,0.543859649122807,0.4662859450803403,0.45955923214791206,0.4600245042503217,0.23318195503575512,0.275,0.24049335659734436,0.2857142857142857,0.22504125838947295,0.19828110492091147,0.21233176975687465
TE,00-0034073,2025,13,3.985711500157832,0.1395,0.0315,FALSE,FALSE,exante_low,-2.5,23,dog,mid_implied,0.09947497177388415,0.09243697478991597,0.09947497177388415,0.09243697478991597,0.10024688191450276,0.09634488930065511,0.0961269260107331,0.02961939492039212,0,0.02961939492039212,0,0.030225081878494393,0.029195705427911063,0.025441472518625812
TE,00-0034351,2025,13,5.964043171459854,0.4115,0.1665,FALSE,FALSE,exante_mid,6.5,25.5,fav,mid_implied,0.40923086188632846,0.4339622641509434,0.4052378070143203,0.44680851063829785,0.3936239175625066,0.3846105610623132,0.3851507499230437,0.18154523681463175,0.20454545454545456,0.18604408280398418,0.1927710843373494,0.17341401374482082,0.1485251245613306,0.16006384724617878
TE,00-0034383,2025,13,6.295511513754889,0.3505,0.1235,TRUE,FALSE,exante_mid,-3.5,21,dog,mid_implied,0.3334654412147378,0.29285714285714287,0.3317433273697803,0.2911392405063291,0.34263729185162334,0.3470423268142642,0.3467754184084614,0.13155027698066982,0.10362694300518134,0.13354409929771655,0.10362694300518134,0.13628372013254175,0.14865017305378722,0.13930226812679125
TE,00-0034753,2025,13,5.51383430646563,0.373,0.135,FALSE,FALSE,exante_mid,6.5,29.5,fav,high_implied,0.3612087295758349,0.29285714285714287,0.3586600718147497,0.2911392405063291,0.34108095883776757,0.31206651855782885,0.3122604054732445,0.1448467734341297,0.1308411214953271,0.147473227946518,0.1308411214953271,0.13684798740183912,0.10913176540317308,0.10980942420850447
TE,00-0034829,2025,13,5.419846109880757,0.2965,0.1005,FALSE,FALSE,exante_mid,-6.5,23,big_dog,mid_implied,0.2683484190639935,0.27137546468401486,0.26847062738774924,0.27137546468401486,0.26438536262002915,0.24875074424650134,0.24906028335866848,0.10519345154973614,0.10362694300518134,0.10603737177317989,0.10362694300518134,0.1032368490945475,0.11230336819574244,0.11823344125981872
TE,00-0035229,2025,13,5.809326581967643,0.262,0.0875,FALSE,FALSE,exante_mid,-7.5,17.5,big_dog,low_implied,0.22819570197487116,0.27137546468401486,0.22933184075238927,0.27137546468401486,0.24131363853651877,0.2288898689609281,0.22864428455969452,0.09047556364031058,0.09580838323353294,0.09075526777136235,0.09580838323353294,0.09462241810789723,0.10254186083772161,0.10017283339959727
TE,00-0035689,2025,13,4.474981289498278,0.2155,0.0605,FALSE,FALSE,exante_mid,3.5,25.5,fav,mid_implied,0.17643588755797684,0.2,0.1786459558780769,0.2,0.16949501495273098,0.16475972992300714,0.16475154872106865,0.060489015338497425,0.0603448275862069,0.05986495275069466,0.06140350877192982,0.05840520445822231,0.05132951229977492,0.05075715097782066
TE,00-0036040,2025,13,5.912803707102829,0.321,0.1095,FALSE,FALSE,exante_mid,-4.5,19,dog,low_implied,0.29759554246573555,0.27137546468401486,0.29691220358829246,0.27137546468401486,0.3017753733405728,0.3134914914109279,0.31382666838904155,0.11546414553235937,0.10362694300518134,0.11673732363125304,0.10362694300518134,0.11748506477804391,0.13225302674135267,0.1363190097637475
TE,00-0036244,2025,13,4.625565787603634,0.22,0.06,FALSE,FALSE,exante_mid,7.5,26,big_fav,mid_implied,0.18130955597721748,0.26229508196721313,0.18343286125731253,0.26229508196721313,0.1762860556119308,0.15380841107867269,0.15354383686418513,0.05994296520003087,0.0603448275862069,0.05930632409375469,0.06140350877192982,0.05890939466665405,0.04072897235403086,0.03692148524379432
TE,00-0036290,2025,13,4.2248722731034345,0.1525,0.0375,TRUE,FALSE,exante_mid,-6.5,19,big_dog,low_implied,0.11184437437658426,0.09243697478991597,0.11480628957762505,0.095,0.11351226026178557,0.10729744014461846,0.10732233565326273,0.03584816528318594,0.020202020202020204,0.03485099532734182,0.02247191011235955,0.03647960669348803,0.03726229245579688,0.03672071254169248
TE,00-0036422,2025,13,4.0436162764218295,0.1735,0.046,FALSE,FALSE,exante_mid,6.5,25,fav,mid_implied,0.13256375584716812,0.0975609756097561,0.13537762988879584,0.095,0.12756640019858445,0.1149288697117833,0.11482690409950533,0.04482925630988048,0.037037037037037035,0.043916783960994264,0.04285714285714286,0.04321347836374312,0.03169203037215874,0.03093713330491728
TE,00-0036970,2025,13,6.113339127911322,0.3415,0.115,TRUE,FALSE,exante_mid,1.5,20,close,low_implied,0.32245524080431676,0.29285714285714287,0.32105650370279437,0.2911392405063291,0.32805350802754096,0.35738629097713726,0.35737154350646005,0.12176900384497855,0.10362694300518134,0.12331814254455294,0.10362694300518134,0.1253903547815699,0.13127003382442762,0.1261385559560859
TE,00-0037744,2025,13,8.511805750446031,0.624,0.332,TRUE,TRUE,exante_high,-5.5,21.5,dog,mid_implied,0.6722730494008131,0.75,0.6722730494008131,0.75,0.689487680002104,0.6838497824803613,0.6834117544884041,0.3752045846456085,0.3333333333333333,0.3752045846456085,0.3333333333333333,0.39519540454239876,0.43203334938407917,0.3944544682606794
TE,00-0037809,2025,13,4.786990028033702,0.186,0.0525,FALSE,FALSE,exante_mid,-7.5,17.5,big_dog,low_implied,0.1452993106521984,0.0975609756097561,0.147974401141858,0.095,0.14997810666895364,0.14247124709241302,0.1425157886763968,0.05180185617498052,0.0603448275862069,0.05099825690530002,0.06140350877192982,0.0529805000534109,0.05636335855412332,0.05771749041303318
TE,00-0037838,2025,13,5.124798744225462,0.313,0.107,TRUE,FALSE,exante_mid,6.5,29.5,fav,high_implied,0.2879859354436935,0.27137546468401486,0.2875722337482741,0.27137546468401486,0.27211188127546493,0.24198564750210877,0.24193860481740073,0.11260515916589878,0.10362694300518134,0.11375621321197944,0.10362694300518134,0.10612302789321751,0.08224625313813363,0.08185877079285266
TE,00-0038041,2025,13,6.184984119423284,0.3565,0.137,FALSE,FALSE,exante_mid,-3.5,24,dog,mid_implied,0.3408347918099912,0.29285714285714287,0.3388945238817775,0.2911392405063291,0.3452909784153165,0.33666426832477697,0.3362873870071736,0.14716574236406776,0.1308411214953271,0.14990546645234878,0.1308411214953271,0.14819145594055794,0.16106350798011784,0.15511341687743302
TE,00-0038558,2025,13,4.832230446561035,0.25,0.0685,FALSE,FALSE,exante_mid,-3.5,22,dog,mid_implied,0.21455673002107095,0.27137546468401486,0.2160055100230303,0.27137546468401486,0.2070266314242192,0.21526130489058423,0.2158353033567446,0.06927670213691185,0.09580838323353294,0.06887646297309599,0.09580838323353294,0.06809662609213472,0.07380684570667767,0.0772035985489223
TE,00-0038935,2025,13,5.256064946330975,0.3245,0.112,TRUE,FALSE,exante_mid,7.5,25,big_fav,mid_implied,0.3018166754053469,0.27137546468401486,0.301013561286306,0.27137546468401486,0.2865991195743481,0.27352880837449495,0.27400201331357105,0.11832748600269966,0.10362694300518134,0.11972488835366775,0.10362694300518134,0.1122028542538747,0.08799138362503442,0.09516668504763537
TE,00-0039338,2025,13,8.463652977145419,0.525,0.262,TRUE,TRUE,exante_high,-10.5,15.5,big_dog,low_implied,0.5517966468142134,0.6,0.5517966468142134,0.6,0.5929091274077452,0.5599943731783582,0.5589031050341139,0.2936794456037936,0.275,0.2936794456037936,0.275,0.3224887067315214,0.3526035544084333,0.31525022557938764
TE,00-0039793,2025,13,5.55358558763051,0.355,0.126,FALSE,FALSE,exante_mid,7.5,25,big_fav,mid_implied,0.3389903589818504,0.29285714285714287,0.3371048056633771,0.2911392405063291,0.32464812613235794,0.3105342518350722,0.3109653915029126,0.13443502692789783,0.10362694300518134,0.1365635135380173,0.10362694300518134,0.12891724096345605,0.10153135347473378,0.10681801302132288
TE,00-0039847,2025,13,5.96382882184004,0.337,0.1165,FALSE,FALSE,exante_mid,-7.5,19,big_dog,low_implied,0.31697111503127146,0.29285714285714287,0.31573211565638115,0.2911392405063291,0.31910863999877004,0.3138383859106708,0.31442080621287505,0.1234919341223359,0.10362694300518134,0.1251179956015694,0.10362694300518134,0.12499406536578829,0.13995701442233,0.14761378605237813
TE,00-0040126,2025,13,6.279418503629199,0.323,0.1175,FALSE,FALSE,exante_mid,-6.5,19,big_dog,low_implied,0.3000063889058658,0.27137546468401486,0.2992547364190775,0.27137546468401486,0.31441388904993894,0.30272510453662843,0.3023839259344318,0.12464133517586232,0.10362694300518134,0.12631905871504645,0.10362694300518134,0.13002391717830955,0.14203297803687653,0.1365024705715921
TE,00-0040128,2025,13,6.787911779746015,0.482,0.217,FALSE,FALSE,exante_mid,3.5,24.5,fav,mid_implied,0.49793756106223197,0.5232558139534884,0.49138105865529974,0.543859649122807,0.4929897922570276,0.5026451679591741,0.502838073459612,0.2408240600596648,0.275,0.24855920308670493,0.2857142857142857,0.23793629943900782,0.23587834463513857,0.23983201478656013
TE,00-0040187,2025,13,4.087222298937134,0.1565,0.036,FALSE,FALSE,exante_mid,-7.5,18.5,big_dog,low_implied,0.11572250700743415,0.09243697478991597,0.11866476618698979,0.095,0.11477893298565431,0.10947137374584733,0.1097251173488069,0.03428160795985475,0,0.033277066448608714,0,0.03459401758328075,0.03557395579066414,0.03640929817001917
TE,00-0040584,2025,13,4.967992138212399,0.202,0.051,FALSE,FALSE,exante_mid,-7.5,17.5,big_dog,low_implied,0.16200682900242677,0.16216216216216217,0.16445268292332574,0.16216216216216217,0.16720619745725468,0.15975107383418813,0.1598185967354132,0.0501855248298108,0.0603448275862069,0.049353690898332185,0.06140350877192982,0.052606071934133504,0.05447111035824032,0.05163826563393932
TE,00-0040663,2025,13,6.445960099955452,0.3635,0.132,FALSE,FALSE,exante_mid,-5.5,18,dog,low_implied,0.3494598008485037,0.29285714285714287,0.3472627870049152,0.2911392405063291,0.36049331806557994,0.36834215958670413,0.36849960577057533,0.1413717747851179,0.1308411214953271,0.14383004793573775,0.1308411214953271,0.14696371958955892,0.16517416135570107,0.16430057846078866
TE,00-0040736,2025,13,5.530198879187375,0.3185,0.1025,FALSE,FALSE,exante_mid,-1.5,18.5,close,low_implied,0.2945866677955247,0.27137546468401486,0.29398822347612374,0.27137546468401486,0.2884933856427489,0.333661197408718,0.3347927738961782,0.10747052097601979,0.10362694300518134,0.10840729163331728,0.10362694300518134,0.10632947899994524,0.12523126290141556,0.14087101986411696
TE,00-0030506,2025,14,8.380990738158125,0.599,0.337,FALSE,FALSE,exante_high,3.5,23,fav,mid_implied,0.6422051698083144,0.5932203389830508,0.6422051698083144,0.5932203389830508,0.6660687674328118,0.6618490104786365,0.6669788746466789,0.38211662594665285,0.38095238095238093,0.38211662594665285,0.38095238095238093,0.4140900637899367,0.393837118194029,0.3680462378173394
TE,00-0031610,2025,14,4.791143054397333,0.235,0.0755,FALSE,FALSE,exante_mid,2.5,22,close,mid_implied,0.19726674671661396,0.25396825396825395,0.19962479467680735,0.25396825396825395,0.19116759409767053,0.20386810468054842,0.20272430447996598,0.0753151737468559,0.09411764705882353,0.07535678592379551,0.09411764705882353,0.06955070192472346,0.07084191787888973,0.07566010087962577
TE,00-0034351,2025,14,5.791608291707665,0.363,0.1305,TRUE,FALSE,exante_mid,2.5,21.5,close,mid_implied,0.3482824933202146,0.2972972972972973,0.3445178366104356,0.29518072289156627,0.3370356216769323,0.3696350758867969,0.3657194231187903,0.13787680726811677,0.12727272727272726,0.1389556522726153,0.12727272727272726,0.1309678647322491,0.13890903216225495,0.14806244337607166
TE,00-0034383,2025,14,6.65777593721015,0.372,0.149,FALSE,FALSE,exante_mid,-3.5,19.5,dog,low_implied,0.359412049930369,0.2972972972972973,0.3551412377879868,0.29518072289156627,0.378990821255574,0.385091132577543,0.3872374507824054,0.15946578315898674,0.12727272727272726,0.16097077120010084,0.12727272727272726,0.17248376796255266,0.1904088765489202,0.18613870784098385
TE,00-0034753,2025,14,5.788308856280991,0.341,0.1255,FALSE,FALSE,exante_mid,6.5,25.5,fav,mid_implied,0.32128188274893393,0.2972972972972973,0.31873216273459887,0.29518072289156627,0.31637589207497063,0.29473987225395093,0.2963095913815774,0.13207797623886297,0.10294117647058823,0.1330466928597003,0.10294117647058823,0.1270609906577479,0.10035191225649678,0.09799458543556196
TE,00-0034829,2025,14,5.457374462997038,0.303,0.0915,TRUE,TRUE,exante_mid,-4.5,23.5,dog,mid_implied,0.27549683666970287,0.27075812274368233,0.27492835595328147,0.27075812274368233,0.27000368175998335,0.26660053840559084,0.26536947539161904,0.0931881733424438,0.10294117647058823,0.09348505414835649,0.10294117647058823,0.09321195856138677,0.099823271601199,0.09803243118175257
TE,00-0035229,2025,14,6.141064337810638,0.3585,0.136,FALSE,FALSE,exante_mid,1.5,21.5,close,mid_implied,0.3427348537717321,0.2972972972972973,0.33922157340196163,0.29518072289156627,0.3459622442006263,0.36977860612323116,0.369777098083649,0.14427439130767708,0.12727272727272726,0.14547703303473947,0.12727272727272726,0.1452176600579233,0.15340431973082128,0.15482251587114942
TE,00-0035689,2025,14,5.268218860368627,0.3005,0.093,TRUE,TRUE,exante_mid,4.5,28,fav,high_implied,0.2725293197190852,0.27075812274368233,0.27208426320030016,0.27075812274368233,0.2615741936529058,0.24388839488667494,0.24509275018838217,0.09488006327833254,0.10294117647058823,0.0952031884137174,0.10294117647058823,0.09056567913324337,0.07339805342259013,0.06887433089001474
TE,00-0036040,2025,14,6.114402159556614,0.32,0.121,FALSE,FALSE,exante_mid,-7.5,17.5,big_dog,low_implied,0.2958297074964382,0.27075812274368233,0.29439740491348926,0.27075812274368233,0.3083799991716496,0.3020199827710721,0.30113939293469616,0.12687407115949031,0.10294117647058823,0.12774579863595845,0.10294117647058823,0.13230959547778554,0.15509744825129418,0.1620718966611181
TE,00-0036244,2025,14,4.646102611139574,0.2695,0.0825,TRUE,FALSE,exante_mid,7.5,27.5,big_fav,high_implied,0.23627149588197793,0.27075812274368233,0.23726597706633876,0.27075812274368233,0.21594081378474275,0.1981049089844403,0.19686477543536365,0.08309341856647691,0.09411764705882353,0.08324087546842673,0.09411764705882353,0.07206900743676695,0.054159109294689096,0.055767136746556964
TE,00-0036290,2025,14,4.560734686965557,0.1695,0.047,FALSE,FALSE,exante_mid,-4.5,20,dog,low_implied,0.128137781513291,0.09716599190283401,0.13217212225910568,0.09803921568627451,0.1327466667941759,0.12821638319213807,0.12903318234322037,0.04449147978050406,0.04081632653061224,0.04421999783615985,0.0425531914893617,0.046030821098199656,0.047619929391490665,0.04669458845401982
TE,00-0036637,2025,14,4.243424693430948,0.1755,0.041,FALSE,FALSE,exante_mid,3.5,23,fav,mid_implied,0.13415901533912117,0.09716599190283401,0.13809796973606772,0.09803921568627451,0.1313137024914937,0.13020495858407516,0.13065019999441987,0.038223663265177864,0.02,0.03791649297430751,0.022222222222222223,0.038580621586858536,0.031107701547541423,0.029029521746768726
TE,00-0036894,2025,14,4.736630605993765,0.2175,0.062,FALSE,FALSE,exante_mid,-6.5,19,big_dog,low_implied,0.17811164362868678,0.25396825396825395,0.18104564640370335,0.25396825396825395,0.17531899757233146,0.17619532717974992,0.17391097156842847,0.06052536908790704,0.058333333333333334,0.060392510965488345,0.059322033898305086,0.059129373728714296,0.06800478031273623,0.07277009888617209
TE,00-0036970,2025,14,6.683336703198996,0.3955,0.16,TRUE,FALSE,exante_mid,-7.5,18,big_dog,low_implied,0.3886585151568789,0.35,0.3830523087697695,0.35,0.40291609533107325,0.39742990801551253,0.3961614400043813,0.1723856701790799,0.20224719101123595,0.17415549204256583,0.19047619047619047,0.18270714639051414,0.21236042935780788,0.21777443087379994
TE,00-0037252,2025,14,4.990837648092252,0.253,0.0775,FALSE,FALSE,exante_mid,2.5,22,close,mid_implied,0.217423918953167,0.27075812274368233,0.2191055863685726,0.27075812274368233,0.21174039452132665,0.22556895223239234,0.22444382991262352,0.07753051640026741,0.09411764705882353,0.07760137954167538,0.09411764705882353,0.0741711755680088,0.07313948141782936,0.07541580782321802
TE,00-0037744,2025,14,8.74911945002831,0.621,0.3445,FALSE,FALSE,exante_high,-7.5,20,big_dog,low_implied,0.6684614610220078,0.7647058823529411,0.6684614610220078,0.7647058823529411,0.6988262345106905,0.6774478722471255,0.6808185096389449,0.3908938758141077,0.38095238095238093,0.3908938758141077,0.38095238095238093,0.4418651871050796,0.47046117154215406,0.44329935163880146
TE,00-0037805,2025,14,4.092213326101375,0.122,0.031,FALSE,FALSE,exante_mid,-2.5,19.5,dog,low_implied,0.08310669836147262,0.09716599190283401,0.08741134081057378,0.09803921568627451,0.08886255309640022,0.0869646135802812,0.08846677457851147,0.02800937101081539,0,0.027673387962405743,0,0.03012544071975295,0.02893551001670607,0.027002572144240008
TE,00-0037838,2025,14,5.410626163566406,0.3365,0.1055,TRUE,FALSE,exante_mid,6.5,25.5,fav,mid_implied,0.31579934336587884,0.2972972972972973,0.31349308110734875,0.29518072289156627,0.29875269728248033,0.28926035391584176,0.2876321644431069,0.10907285578181507,0.10294117647058823,0.10962803395651845,0.10294117647058823,0.1028025425288801,0.08078855661186064,0.07996539378651343
TE,00-0038041,2025,14,5.940871266961661,0.3305,0.114,FALSE,FALSE,exante_mid,-3.5,25,dog,mid_implied,0.30851276567147556,0.27075812274368233,0.3065278895824841,0.27075812274368233,0.31206592960319485,0.29855670328619066,0.300662570296622,0.11880981127619387,0.10294117647058823,0.11953502309204586,0.10294117647058823,0.12201731207095932,0.1264209771843925,0.11888225623333115
TE,00-0038129,2025,14,5.972915990691495,0.4295,0.177,FALSE,FALSE,exante_mid,7.5,25,big_fav,mid_implied,0.4313141897344481,0.42592592592592593,0.4237754446145885,0.4375,0.4069570437748571,0.4035015599857719,0.3992972721748511,0.1924464200456133,0.2608695652173913,0.19463793745719124,0.24324324324324326,0.1713402142283354,0.14803224455052166,0.16022111332505964
TE,00-0038933,2025,14,6.361039701245996,0.404,0.1685,TRUE,FALSE,exante_mid,4.5,28,fav,high_implied,0.3992916810558072,0.3793103448275862,0.39320055063762493,0.39285714285714285,0.3981761557990802,0.37058030355570853,0.37447322556454776,0.18240348258973357,0.20224719101123595,0.18438252722210502,0.19047619047619047,0.17823864979930915,0.15342055957635115,0.14482944030651335
TE,00-0038935,2025,14,5.311601470439106,0.2495,0.0845,FALSE,FALSE,exante_mid,-1.5,23,close,mid_implied,0.21347028524886458,0.27075812274368233,0.2152897230701252,0.27075812274368233,0.2177715898508983,0.22040891284970032,0.2221810201659483,0.08532795599755859,0.09411764705882353,0.08550737751392418,0.09411764705882353,0.08501113849737776,0.09128976634759449,0.09005455965087016
TE,00-0039144,2025,14,4.091606369516797,0.143,0.041,FALSE,FALSE,exante_mid,4.5,24.5,fav,mid_implied,0.10240777539949178,0.09716599190283401,0.10670355279166274,0.09803921568627451,0.10428252357466022,0.09225142935453574,0.0942677194096406,0.038223663265177864,0.02,0.03791649297430751,0.022222222222222223,0.03725438004725142,0.028541127700195467,0.02682597882521344
TE,00-0039338,2025,14,8.438557833453583,0.541,0.278,TRUE,FALSE,exante_high,-7.5,16.5,big_dog,low_implied,0.5712793092622405,0.5932203389830508,0.5712793092622405,0.5932203389830508,0.6155610680650501,0.5987241077139043,0.6031959346586723,0.3124959961333921,0.2710843373493976,0.3124959961333921,0.2710843373493976,0.3672739029324449,0.3952387676750713,0.3728343550497387
TE,00-0039793,2025,14,5.8445332923088396,0.366,0.1405,FALSE,FALSE,exante_mid,7.5,25.5,big_fav,mid_implied,0.3519874089808505,0.2972972972972973,0.34805450139382327,0.29518072289156627,0.3418361782320675,0.31984951003354656,0.3201490478708319,0.14952241263394545,0.12727272727272726,0.1508282506654815,0.12727272727272726,0.14003743521856127,0.10972823877538945,0.11049595799095151
TE,00-0040126,2025,14,6.442619451955939,0.3755,0.1415,TRUE,FALSE,exante_mid,-4.5,20,dog,low_implied,0.3637517745137175,0.2972972972972973,0.3592830998887244,0.29518072289156627,0.3739214991343121,0.3795929441809553,0.3793711390293165,0.1506902143158046,0.12727272727272726,0.1520192041687894,0.12727272727272726,0.15902764404131378,0.17800646147448387,0.17712157227404735
TE,00-0040128,2025,14,6.555430865354253,0.4555,0.211,FALSE,FALSE,exante_mid,1.5,24.5,close,mid_implied,0.46407308829013216,0.5227272727272727,0.45509034695385764,0.5396825396825397,0.4559027839134453,0.4799118339858892,0.47828703011140683,0.23279326031723407,0.2710843373493976,0.23585513532500776,0.2727272727272727,0.21902042643072497,0.2450796562567767,0.2574847873440211
TE,00-0040189,2025,14,5.807299870120832,0.2635,0.0825,FALSE,FALSE,exante_mid,-2.5,19,dog,low_implied,0.22937894388220306,0.27075812274368233,0.23063027735640423,0.27075812274368233,0.2451745443872206,0.25157741281694557,0.2540411933312234,0.08309341856647691,0.09411764705882353,0.08324087546842673,0.09411764705882353,0.09302580316629776,0.09554331340623543,0.0892326518662813
TE,00-0040663,2025,14,6.60397656357361,0.372,0.1455,TRUE,TRUE,exante_mid,3.5,18.5,fav,low_implied,0.359412049930369,0.2972972972972973,0.3551412377879868,0.29518072289156627,0.37687032036609835,0.39422480092570095,0.39611635316907284,0.1553668705975145,0.12727272727272726,0.15678922306457252,0.12727272727272726,0.16768107682353114,0.15860038501776616,0.15515317667717665
TE,00-0040736,2025,14,5.765231743941348,0.303,0.107,FALSE,FALSE,exante_mid,-2.5,19.5,dog,low_implied,0.27549683666970287,0.27075812274368233,0.27492835595328147,0.27075812274368233,0.2802966288901845,0.3001788547315932,0.2992950192943565,0.11078642693563254,0.10294117647058823,0.11137093916606071,0.10294117647058823,0.11209079732867001,0.12908139940044044,0.13362266920548813
TE,00-0030506,2025,15,7.787545499379933,0.553,0.2825,TRUE,FALSE,exante_high,4.5,24.5,fav,mid_implied,0.5850027640722033,0.5901639344262295,0.5850027640722033,0.5901639344262295,0.5955535861398034,0.58626073738166,0.5862557033988769,0.3098592665996108,0.26785714285714285,0.3098592665996108,0.26785714285714285,0.32393797333368746,0.2958389006004626,0.27751026983337074
TE,00-0031610,2025,15,5.014982640192154,0.2215,0.063,TRUE,TRUE,exante_mid,-3.5,19,dog,low_implied,0.18340669223345343,0.24561403508771928,0.18512005125549783,0.24561403508771928,0.18578560083860932,0.19349543195334834,0.19349610052772276,0.0625193687886491,0.09142857142857143,0.06200385165859678,0.09142857142857143,0.06436719405401523,0.06928574137067207,0.0697037493501184
TE,00-0033090,2025,15,7.060228238884709,0.456,0.2175,FALSE,FALSE,exante_high,-1.5,23.5,close,mid_implied,0.4642813188921924,0.5178571428571429,0.4642813188921924,0.5178571428571429,0.4735269542525189,0.48350000275493843,0.48349680871949524,0.23568963006165355,0.26785714285714285,0.23568963006165355,0.26785714285714285,0.23970743148444845,0.270250325993648,0.26711700775774
TE,00-0033288,2025,15,7.899976863311379,0.6445,0.3675,TRUE,TRUE,exante_high,12.5,28.5,big_fav,high_implied,0.6944332482616611,0.7222222222222222,0.6944332482616611,0.7222222222222222,0.6891442763047346,0.6384224866336372,0.6384200418170332,0.405902868358471,0.36363636363636365,0.405902868358471,0.36363636363636365,0.39941373276218534,0.2811566962891448,0.26869210091978674
TE,00-0033881,2025,15,6.112021176406692,0.3165,0.1265,FALSE,FALSE,exante_mid,-1.5,20,close,low_implied,0.292191379114222,0.2727272727272727,0.292150069139561,0.2727272727272727,0.3020466194134291,0.3176754356590755,0.31767338867690753,0.13240234907342588,0.10900473933649289,0.13396439571559715,0.10900473933649289,0.13524709684982023,0.15277964261248855,0.15525956383684303
TE,00-0034351,2025,15,6.232067385201921,0.4175,0.187,TRUE,TRUE,exante_mid,12.5,25.5,big_fav,mid_implied,0.41609835339187057,0.41818181818181815,0.4135244909958649,0.42857142857142855,0.4083230587258929,0.3599428292139973,0.35994170089315414,0.20089220860985105,0.26785714285714285,0.20526381775330482,0.23684210526315788,0.1871990576974683,0.12077243871625885,0.12392413784541847
TE,00-0034383,2025,15,6.574319585204519,0.468,0.1975,TRUE,TRUE,exante_mid,7.5,25,big_fav,mid_implied,0.4793167647873128,0.5178571428571429,0.4754541744776159,0.53125,0.4709098733152881,0.45563490014629326,0.4556359682763911,0.21286178320799412,0.26785714285714285,0.2177585235533688,0.2682926829268293,0.20638352215331224,0.16780083783185637,0.1677256025430776
TE,00-0034613,2025,15,4.318007539267308,0.1755,0.045,FALSE,FALSE,exante_mid,-1.5,25,close,mid_implied,0.13515882578063695,0.09561752988047809,0.13731338533394555,0.09615384615384616,0.13419313344516656,0.13232816788766966,0.13232678436825235,0.04346854037009184,0.03571428571428571,0.04267760313966914,0.041666666666666664,0.043320754983649665,0.043771082751544274,0.04096869997513678
TE,00-0034753,2025,15,6.110799582253665,0.388,0.1655,FALSE,FALSE,exante_mid,1.5,26.5,close,high_implied,0.3793918793996561,0.3157894736842105,0.37758488522422945,0.3045977011494253,0.3745270288723669,0.37973007453854957,0.3797290410237231,0.1764385517008892,0.1978021978021978,0.1797603006530365,0.18604651162790697,0.1667459194703583,0.18054247813136254,0.18373447781322413
TE,00-0035229,2025,15,6.157856308529521,0.3295,0.1275,FALSE,FALSE,exante_mid,-5.5,21,dog,mid_implied,0.3077922789847853,0.2727272727272727,0.3074481594279967,0.2727272727272727,0.3163948417438233,0.3081031919258857,0.30810163277751684,0.13352421351092833,0.10900473933649289,0.13512815057555394,0.10900473933649289,0.13715717601693866,0.1524446844600128,0.15265265127144756
TE,00-0035689,2025,15,6.1077303237544935,0.3385,0.1195,TRUE,TRUE,exante_mid,1.5,25,close,mid_implied,0.3186690187310393,0.3076923076923077,0.3181092818648191,0.3045977011494253,0.32414592574999074,0.32346359922928897,0.323459161348985,0.12456284866552986,0.10900473933649289,0.12583762021614808,0.10900473933649289,0.12930344912600053,0.12589521210078317,0.11563156422005268
TE,00-0036040,2025,15,6.138682521055812,0.34,0.118,FALSE,FALSE,exante_mid,-1.5,19,close,low_implied,0.3204874804315425,0.3076923076923077,0.31989137821536456,0.3045977011494253,0.32650955285213534,0.353247833612928,0.3532486881377651,0.12288619400131233,0.10900473933649289,0.12410082661131577,0.10900473933649289,0.12873440434699007,0.14263683733223964,0.1425775004539045
TE,00-0036244,2025,15,4.824995806499295,0.246,0.076,TRUE,TRUE,exante_mid,3.5,27.5,fav,high_implied,0.21042497996156023,0.2727272727272727,0.21178043687490697,0.2727272727272727,0.20428771463418374,0.19401253998020318,0.19401109640942665,0.07654509733794182,0.09142857142857143,0.07633645038200908,0.09142857142857143,0.07199750783942492,0.0646414701557885,0.06265036546444759
TE,00-0036290,2025,15,4.649905342823446,0.232,0.061,FALSE,FALSE,exante_mid,7.5,23.5,big_fav,mid_implied,0.19488366634644128,0.24561403508771928,0.1964531598864188,0.24561403508771928,0.1882996873460484,0.17699630803019714,0.1769968379202184,0.06037946398684612,0.05785123966942149,0.059824065892277394,0.058823529411764705,0.05860470901706577,0.04152861750599876,0.04044487379768858
TE,00-0036894,2025,15,4.669523390802104,0.2505,0.079,FALSE,FALSE,exante_mid,3.5,22.5,fav,mid_implied,0.2154755216143257,0.2727272727272727,0.21675706889625368,0.2727272727272727,0.2051996220192339,0.21623196027794692,0.21623541498254642,0.07980765249022174,0.09142857142857143,0.07968051738597753,0.09142857142857143,0.07212249381790646,0.07153769143165915,0.07874074650501654
TE,00-0036970,2025,15,6.976063590761003,0.415,0.1715,TRUE,TRUE,exante_mid,-4.5,19.5,dog,low_implied,0.4129777668336307,0.41818181818181815,0.4104689291993218,0.42857142857142855,0.4282439737538021,0.4317451822947371,0.43174312727544023,0.18325362064899045,0.1978021978021978,0.18686416244591228,0.18604651162790697,0.19743794668744272,0.21574197936752557,0.20981183714642201
TE,00-0037005,2025,15,3.995804408766676,0.141,0.037,FALSE,FALSE,exante_low,1.5,20.5,close,mid_implied,0.10148222621412814,0.09561752988047809,0.10148222621412814,0.09561752988047809,0.10218550214800227,0.10693500882148604,0.10693438230956295,0.03517980834787352,0.0196078431372549,0.03517980834787352,0.0196078431372549,0.03491296356600601,0.0336399379357122,0.03356853795436271
TE,00-0037252,2025,15,5.00083586684121,0.2465,0.0675,FALSE,FALSE,exante_mid,-3.5,19,dog,low_implied,0.2109848604060727,0.2727272727272727,0.21233222456315315,0.2727272727272727,0.20832434000444136,0.223412568820631,0.2234158986008906,0.0673524677819441,0.09142857142857143,0.06693414541978691,0.09142857142857143,0.06776569059040873,0.07505496606711001,0.07772620117919006
TE,00-0037306,2025,15,3.944969395298755,0.1435,0.034,FALSE,FALSE,exante_low,1.5,21.5,close,mid_implied,0.10384106793532448,0.09561752988047809,0.10384106793532448,0.09561752988047809,0.10355744878063698,0.10747577594273905,0.1074752415656183,0.032106733260408055,0,0.032106733260408055,0,0.03234830200763621,0.030114790082767115,0.028955887104686853
TE,00-0037744,2025,15,8.631425280801128,0.5885,0.3215,TRUE,TRUE,exante_high,-7.5,17.5,big_dog,low_implied,0.6282030673971012,0.5901639344262295,0.6282030673971012,0.5901639344262295,0.655165250477891,0.6464852190718888,0.6464816180322216,0.35412564411051045,0.26785714285714285,0.35412564411051045,0.26785714285714285,0.3960871424011793,0.42545100222042764,0.4079173585634303
TE,00-0037809,2025,15,4.759553065717622,0.151,0.032,FALSE,FALSE,exante_mid,-12.5,16,big_dog,low_implied,0.11099697595859787,0.09561752988047809,0.1132455114939503,0.09615384615384616,0.11970437101892219,0.09952125083107934,0.0995200626409769,0.030069977604762096,0,0.029220869313638553,0,0.03609782108810633,0.03249448558676044,0.02845086529020731
TE,00-0038041,2025,15,6.572284200863762,0.4565,0.198,FALSE,FALSE,exante_mid,5.5,26.5,fav,high_implied,0.46490784563626397,0.5178571428571429,0.46133234072482415,0.53125,0.4589458809298642,0.44488923589958773,0.44488822785442494,0.21343208653908996,0.26785714285714285,0.21835398294606487,0.2682926829268293,0.20672220078010686,0.18302479076544775,0.1804176954285782
TE,00-0038115,2025,15,4.0637058691992625,0.1565,0.04,FALSE,FALSE,exante_mid,1.5,23.5,close,mid_implied,0.11631846427766783,0.09561752988047809,0.11855516469923906,0.09615384615384616,0.11526530366480744,0.11649052495308453,0.11648958930889246,0.03827289490042253,0.0196078431372549,0.037443372218177576,0.021739130434782608,0.037609343618663645,0.0356061950600925,0.03432108761442587
TE,00-0038558,2025,15,4.390697095277403,0.2055,0.058,FALSE,FALSE,exante_mid,3.5,22.5,fav,mid_implied,0.16623353282137895,0.15789473684210525,0.16813669104384088,0.15789473684210525,0.16059158732215156,0.16504150668119771,0.16504277103804837,0.05717955378442917,0.05785123966942149,0.056568362524033335,0.058823529411764705,0.05363567276836205,0.04971173138944853,0.05180500715636915
TE,00-0038933,2025,15,6.84568800874415,0.407,0.1775,FALSE,FALSE,exante_mid,1.5,25,close,mid_implied,0.4030025995535598,0.4,0.4007019944149697,0.41379310344827586,0.41595372247271123,0.411934230714873,0.41192705059956114,0.19007632116153156,0.25,0.1939791228649707,0.23684210526315788,0.19849212117591886,0.1984387500395415,0.18383691240157835
TE,00-0038935,2025,15,5.550119394211007,0.326,0.1235,FALSE,FALSE,exante_mid,10.5,26,big_fav,mid_implied,0.3035788232337989,0.2727272727272727,0.3033172857354973,0.2727272727272727,0.296839603991289,0.2593338529421169,0.2593321939251683,0.1290395998713571,0.10900473933649289,0.13047722714206733,0.10900473933649289,0.12034897287302587,0.07988448972033639,0.08004225921179939
TE,00-0039074,2025,15,4.075871220335643,0.1625,0.0355,FALSE,FALSE,exante_mid,3.5,27.5,fav,high_implied,0.1221928486612075,0.09561752988047809,0.12441042759061903,0.09615384615384616,0.1202300853707536,0.1090817875551721,0.10907962917739768,0.033640667391701996,0,0.032793275287762186,0,0.0343214653956068,0.026308957730703342,0.02245395161547357
TE,00-0039144,2025,15,4.354768344930667,0.1955,0.048,FALSE,FALSE,exante_mid,1.5,21.5,close,mid_implied,0.15570553688083585,0.10256410256410256,0.1577082100545035,0.1111111111111111,0.15150828317885245,0.16341026217279167,0.16341168543230594,0.046608190206361255,0.04,0.045849071387416326,0.041666666666666664,0.04589670676449118,0.04511525331186288,0.04509541600326845
TE,00-0039338,2025,15,7.331202695676072,0.4445,0.1965,FALSE,FALSE,exante_high,-12.5,13,big_dog,low_implied,0.4498730989534828,0.5178571428571429,0.4498730989534828,0.5178571428571429,0.4699516907592223,0.45430174091367426,0.4543052695182526,0.21172125580342374,0.26785714285714285,0.21172125580342374,0.26785714285714285,0.23136784598153168,0.26490918707500627,0.27831372865092074
TE,00-0039359,2025,15,4.152693407278742,0.1955,0.05,FALSE,FALSE,exante_mid,7.5,25,big_fav,mid_implied,0.15570553688083585,0.10256410256410256,0.1577082100545035,0.1111111111111111,0.14830598967783196,0.1357080941148083,0.13570835920273003,0.048709890932875706,0.04,0.04797536420385502,0.041666666666666664,0.045604655467918094,0.032210423439258486,0.03172620874669418
TE,00-0039793,2025,15,5.888122324844533,0.3565,0.135,FALSE,FALSE,exante_mid,10.5,26.5,big_fav,high_implied,0.3405892754221099,0.3076923076923077,0.33958607326263507,0.3045977011494253,0.3362633857882284,0.2924826621166263,0.2924796225601753,0.14195243835569157,0.12931034482758622,0.14387684118766492,0.12931034482758622,0.13688947830857562,0.08862944334098947,0.08489184259318848
TE,00-0039847,2025,15,6.805114057752435,0.4465,0.2075,FALSE,FALSE,exante_mid,1.5,23.5,close,mid_implied,0.45237843363303215,0.5178571428571429,0.44905637188735037,0.53125,0.45576851477596836,0.4714530159903785,0.4714516643728997,0.2242722341836623,0.26785714285714285,0.2296741445399555,0.2682926829268293,0.2223275333733753,0.24005488241682857,0.24260697433269468
TE,00-0040126,2025,15,6.3299255221256825,0.45,0.199,FALSE,FALSE,exante_mid,7.5,23.5,big_fav,mid_implied,0.456763328468093,0.5178571428571429,0.4533522073123237,0.53125,0.4447639941446372,0.4401073766603444,0.44011121897036193,0.21457277014420073,0.26785714285714285,0.21954501447940256,0.2682926829268293,0.19968133006356903,0.17188225580811467,0.18447987893150677
TE,00-0040128,2025,15,6.687091805401501,0.382,0.155,FALSE,FALSE,exante_mid,-10.5,16,big_dog,low_implied,0.3719642421523748,0.3157894736842105,0.37031223237358596,0.3045977011494253,0.38523615649032417,0.37012369132988976,0.3701259527448878,0.16453361806440994,0.1978021978021978,0.16735966974489183,0.18604651162790697,0.1743689949588302,0.19912700318824883,0.20825035038691303
TE,00-0040189,2025,15,5.212262396071989,0.226,0.0645,FALSE,FALSE,exante_mid,-4.5,20,dog,low_implied,0.18830596994520937,0.24561403508771928,0.18995948323033335,0.24561403508771928,0.19367507072727635,0.1915497201361282,0.1915486737074543,0.06412764305441294,0.09142857142857143,0.06364339745486909,0.09142857142857143,0.06802176613019446,0.07039712976971221,0.06746391766835612
TE,00-0040584,2025,15,4.924446536951759,0.169,0.0365,TRUE,FALSE,exante_mid,-12.5,16,big_dog,low_implied,0.1286358929039696,0.09561752988047809,0.13082559888159795,0.09615384615384616,0.1375117355609388,0.11627542367334517,0.11627455969907721,0.03466619596505672,0,0.033821306120423,0,0.0412924487011381,0.03788641092658635,0.033611150374287205
TE,00-0040663,2025,15,6.937785770208765,0.4465,0.194,TRUE,FALSE,exante_mid,-7.5,16,big_dog,low_implied,0.45237843363303215,0.5178571428571429,0.44905637188735037,0.53125,0.45986383275339987,0.4726018893023898,0.4726072910599629,0.2088704214306956,0.26785714285714285,0.21359142293822686,0.23684210526315788,0.21556662911876553,0.2547235524192544,0.27322598527024655
TE,00-0030506,2025,16,7.641085468058231,0.543,0.286,FALSE,FALSE,exante_high,3.5,20.5,fav,mid_implied,0.5737661409787971,0.6031746031746031,0.5737661409787971,0.6031746031746031,0.5830442796795464,0.5981574100352458,0.5982999703427878,0.32094325998944895,0.26857142857142857,0.32094325998944895,0.26857142857142857,0.3275844266511238,0.3292072561777323,0.331852179446182
TE,00-0031610,2025,16,5.681944765472014,0.33,0.1075,FALSE,FALSE,exante_mid,1.5,25.5,close,mid_implied,0.30794578490241636,0.2705479452054795,0.30730256014813334,0.2705479452054795,0.3030816358683012,0.3063667283667955,0.3067202187336683,0.11326692862297888,0.1111111111111111,0.11452813675372195,0.1111111111111111,0.11250395168788722,0.11179499333470452,0.10919840134887296
TE,00-0032392,2025,16,4.256650422633955,0.1675,0.0405,FALSE,FALSE,exante_mid,-2.5,22.5,dog,mid_implied,0.12618325009591988,0.09941520467836257,0.12995979268500107,0.09859154929577464,0.12573660538203946,0.1254051483307329,0.12565792206634327,0.03918491920793478,0.019230769230769232,0.03904294555736669,0.021505376344086023,0.039846130561269184,0.039812870798242105,0.038762272432930595
TE,00-0033090,2025,16,6.69495496268758,0.4365,0.1805,TRUE,FALSE,exante_mid,-2.5,22.5,dog,mid_implied,0.44015340584333895,0.5,0.43482471973954995,0.5,0.4424293386888356,0.4549627465551319,0.45454001600838745,0.19771701998650013,0.24,0.2012081621030153,0.24390243902439024,0.20048423252510167,0.2201457240884915,0.2202638409409958
TE,00-0033288,2025,16,7.840702185114289,0.605,0.3405,TRUE,TRUE,exante_high,4.5,25,fav,mid_implied,0.6494039983806841,0.6031746031746031,0.6494039983806841,0.6031746031746031,0.6501977209614075,0.649856688809105,0.6502974664045696,0.38388864487782587,0.3333333333333333,0.38388864487782587,0.3333333333333333,0.38259174434807713,0.3751360627403501,0.37425082975647406
TE,00-0033357,2025,16,4.486520716496808,0.2225,0.052,TRUE,FALSE,exante_mid,3.5,21.5,fav,mid_implied,0.1835791226012548,0.25,0.1864930745906819,0.25,0.17493984264167844,0.18498615779533975,0.18350911464160222,0.051454901651422906,0.056910569105691054,0.051468998542857684,0.05785123966942149,0.050744296067613166,0.04604814264007829,0.04592100576502762
TE,00-0033455,2025,16,4.008743624806977,0.1775,0.037,FALSE,FALSE,exante_mid,6.5,27.5,fav,high_implied,0.13621948158731506,0.09941520467836257,0.13990085596066923,0.09859154929577464,0.1296680313524731,0.11591095272035376,0.11648405150455955,0.03550726213808421,0.019230769230769232,0.035328355842049956,0.021505376344086023,0.03534002955008582,0.0255229971042714,0.02371227212411189
TE,00-0033881,2025,16,6.1049246720836665,0.335,0.1255,FALSE,FALSE,exante_mid,2.5,23,close,mid_implied,0.31401371240821235,0.3055555555555556,0.3131641111395335,0.3016759776536313,0.32091666340611674,0.3196006634980162,0.3213626404157569,0.13388343275883444,0.1111111111111111,0.13565766183256076,0.1111111111111111,0.13692722204822882,0.13166592165895974,0.12896123851988925
TE,00-0034159,2025,16,4.294648153094359,0.215,0.0565,FALSE,FALSE,exante_mid,-1.5,24,close,mid_implied,0.1754541192682588,0.1935483870967742,0.17853198727604214,0.1935483870967742,0.16483627992407215,0.17482058943249745,0.1733497833096192,0.05632329218914571,0.056910569105691054,0.056411096453354646,0.05785123966942149,0.05220006841976757,0.057522140296859633,0.05892640877690058
TE,00-0034351,2025,16,6.465382411063646,0.432,0.1755,TRUE,FALSE,exante_mid,4.5,24.5,fav,mid_implied,0.4344876134309639,0.5,0.42935960586594735,0.45098039215686275,0.429827337964202,0.42895394630910205,0.42892419052017594,0.19188100386703802,0.20212765957446807,0.19521084163782107,0.19101123595505617,0.18890926921525664,0.17747720113319698,0.17663827205607588
TE,00-0034383,2025,16,6.982159618200487,0.4765,0.2225,TRUE,FALSE,exante_mid,13.5,25.5,big_fav,mid_implied,0.49055992607819937,0.5052631578947369,0.48349193592802703,0.5217391304347826,0.4931017039150784,0.4394365986526153,0.44230121425006363,0.24683434669366,0.26857142857142857,0.2516860286142517,0.26666666666666666,0.24628820669650708,0.16804977354898892,0.1629335937920868
TE,00-0034753,2025,16,5.8446060265471464,0.348,0.1255,FALSE,FALSE,exante_mid,2.5,25,close,mid_implied,0.32987616193399383,0.3055555555555556,0.3284792234913605,0.3016759776536313,0.3255452110413858,0.32717228947360616,0.3274909008769333,0.13388343275883444,0.1111111111111111,0.13565766183256076,0.1111111111111111,0.13075653208481824,0.12920331693391227,0.128273359638674
TE,00-0034829,2025,16,5.687486487614719,0.3385,0.1135,TRUE,FALSE,exante_mid,-1.5,24,close,mid_implied,0.31827247615543636,0.3055555555555556,0.31727698230209816,0.3016759776536313,0.3114513614132831,0.32408695052054093,0.3230910041408799,0.1201175789896595,0.1111111111111111,0.12154576458813227,0.1111111111111111,0.11750900960457304,0.1285170398901607,0.12891284382126023
TE,00-0035249,2025,16,3.9908082596597465,0.1435,0.033,FALSE,FALSE,exante_low,1.5,22,close,mid_implied,0.10291351109103115,0.09302325581395349,0.10291351109103115,0.09302325581395349,0.1032331356124012,0.10390138433703006,0.10439535784017392,0.03134211413932439,0,0.03134211413932439,0,0.03217928480229697,0.029348573153442584,0.028273484764430853
TE,00-0036040,2025,16,5.83539746602864,0.32,0.1145,TRUE,FALSE,exante_mid,3.5,21.5,fav,mid_implied,0.2958694463728723,0.2705479452054795,0.29563116930471367,0.2705479452054795,0.29801973966578554,0.30301666990368303,0.30335577892787197,0.12126157122709047,0.1111111111111111,0.12271800381510406,0.1111111111111111,0.12151153226152565,0.11554198357930183,0.11565476644033175
TE,00-0036244,2025,16,5.402595021632319,0.318,0.113,FALSE,FALSE,exante_mid,5.5,26,fav,mid_implied,0.29346413998337195,0.2705479452054795,0.29330551552814904,0.2705479452054795,0.2833685889448048,0.2738343088416627,0.2737870686957733,0.11954581342950968,0.1111111111111111,0.12095991882847844,0.1111111111111111,0.11121266679515728,0.10064476217111526,0.1015027987753752
TE,00-0036290,2025,16,5.234507648449382,0.258,0.0875,FALSE,FALSE,exante_mid,-3.5,21,dog,mid_implied,0.2231415154979795,0.2705479452054795,0.22510806691237822,0.2705479452054795,0.22308522611090603,0.22886773579795505,0.2283418628612945,0.09062238886248233,0.1,0.09136331240055015,0.1,0.08815658806649804,0.09878373277435225,0.10159536981149761
TE,00-0036422,2025,16,4.083147168902921,0.1665,0.036,FALSE,FALSE,exante_mid,2.5,23,close,mid_implied,0.12519025379264836,0.09941520467836257,0.12897469072249096,0.09859154929577464,0.12225892439893069,0.12300087811772809,0.12308917133913318,0.03446203134721844,0,0.034273593213033936,0,0.03509667023256973,0.03079096083684327,0.029545515375430653
TE,00-0036534,2025,16,4.2978530812179665,0.189,0.0495,FALSE,FALSE,exante_mid,6.5,27.5,fav,high_implied,0.1479919358683758,0.09941520467836257,0.15152842816082945,0.09859154929577464,0.14367441833581265,0.1266063207699446,0.12767900312418332,0.048765491227493546,0.038461538461538464,0.0487415245947669,0.04,0.04705191579533223,0.035942111756165566,0.034266583609430974
TE,00-0036894,2025,16,5.204247602092071,0.289,0.0835,FALSE,FALSE,exante_mid,-6.5,21,big_dog,mid_implied,0.25900031430976683,0.2705479452054795,0.2599386634607769,0.2705479452054795,0.25075477733893853,0.2563738631434583,0.25383288505527035,0.08613483914095957,0.1,0.08677962345879779,0.1,0.08449318186218681,0.09443275093355884,0.09679822602195126
TE,00-0036970,2025,16,7.335923389522146,0.5455,0.283,TRUE,TRUE,exante_high,1.5,23.5,close,mid_implied,0.5768617109366475,0.6031746031746031,0.5768617109366475,0.6031746031746031,0.5749042990053437,0.5957237978497126,0.5948166466749593,0.3174561836443751,0.26857142857142857,0.3174561836443751,0.26857142857142857,0.3114956896559664,0.3378611684912257,0.3434620901738539
TE,00-0037252,2025,16,5.121818981220175,0.281,0.0925,FALSE,FALSE,exante_mid,1.5,25.5,close,mid_implied,0.24964172564565676,0.2705479452054795,0.2508611365971466,0.2705479452054795,0.24122768768521013,0.24611576699652354,0.24579628804853224,0.09625277177679417,0.1111111111111111,0.09711788819728097,0.1111111111111111,0.09018773690820975,0.0939474529415956,0.09492168177404597
TE,00-0037475,2025,16,4.246775620069654,0.1825,0.046,FALSE,FALSE,exante_mid,-3.5,18,dog,low_implied,0.14130829842548256,0.09941520467836257,0.14493124824189105,0.09859154929577464,0.1375551278886317,0.15028975464832028,0.1486320631096221,0.04502002116964045,0.034482758620689655,0.04494647641193516,0.04,0.04396693435125358,0.04850393760932529,0.05053325055755967
TE,00-0037744,2025,16,8.714307239497412,0.646,0.3865,FALSE,FALSE,exante_high,-1.5,22,close,mid_implied,0.6977498442623676,0.7368421052631579,0.6977498442623676,0.7368421052631579,0.7153067787754231,0.7245989302668046,0.7263018232873507,0.43625307049964285,0.4166666666666667,0.43625307049964285,0.4166666666666667,0.46423921419669556,0.4893838091085106,0.47980688550100076
TE,00-0037805,2025,16,4.211120359635502,0.1625,0.04,FALSE,FALSE,exante_mid,-3.5,18,dog,low_implied,0.12123803981122945,0.09941520467836257,0.1250510488724872,0.09859154929577464,0.12107370994085032,0.12835412308605787,0.12764449148708873,0.03865776004869181,0.019230769230769232,0.03851018089517523,0.021505376344086023,0.03910686226991797,0.041251896862758215,0.04194038310136924
TE,00-0037809,2025,16,5.161158649451081,0.1995,0.0465,TRUE,FALSE,exante_mid,-3.5,17,dog,low_implied,0.15894597117562384,0.15384615384615385,0.16231845026258318,0.15384615384615385,0.16879610560372724,0.17249950097988623,0.173240476654791,0.045553623581180445,0.038461538461538464,0.045486886284377456,0.04,0.05297839941326453,0.049624414641479146,0.04669066119169262
TE,00-0038041,2025,16,6.240552356483625,0.352,0.13,FALSE,FALSE,exante_mid,1.5,25.5,close,mid_implied,0.33478026855662174,0.3055555555555556,0.3332121168454988,0.3016759776536313,0.3420554852316361,0.33421156153508136,0.3369620120695777,0.13906523680223953,0.1282051282051282,0.1409728558686285,0.1282051282051282,0.144114337841541,0.13916364786523694,0.13283287285744866
TE,00-0038558,2025,16,4.854445336358141,0.2245,0.064,FALSE,FALSE,exante_mid,-6.5,21,big_dog,mid_implied,0.18576030423123094,0.25,0.18862828446779023,0.25,0.18439204839906195,0.18117749673686848,0.1804703559741956,0.06450853165050724,0.1,0.06473272806839153,0.1,0.06415124508890806,0.0695322658633878,0.07036692526668795
TE,00-0038935,2025,16,5.35923885325843,0.242,0.085,TRUE,FALSE,exante_mid,-2.5,20.5,dog,mid_implied,0.20509505068812342,0.2705479452054795,0.207521984451411,0.2705479452054795,0.2114725252209063,0.21451146042466268,0.21528803454544365,0.08781585308740017,0.1,0.0884963407175283,0.1,0.0882002953929121,0.09574738802407258,0.09678833236531599
TE,00-0039041,2025,16,3.985144262055795,0.169,0.0425,TRUE,FALSE,exante_low,-1.5,22,close,mid_implied,0.12767641471854818,0.09941520467836257,0.12767641471854818,0.09941520467836257,0.12269677775587685,0.13012049886016094,0.12935498509275575,0.04129921883712932,0.019230769230769232,0.04129921883712932,0.019230769230769232,0.039240360765091006,0.0421964766345009,0.04307195302551245
TE,00-0039066,2025,16,4.5911569269840005,0.17,0.045,FALSE,FALSE,exante_mid,-13.5,12,big_dog,low_implied,0.12867429144946443,0.09941520467836257,0.13242979547137124,0.09859154929577464,0.1331413120373722,0.12979241869759137,0.12826578999962374,0.04395433105872819,0.034482758620689655,0.043867455242095635,0.04,0.04621881799890356,0.05184890840527044,0.05477294795396927
TE,00-0039074,2025,16,4.1010369533633755,0.1625,0.042,FALSE,FALSE,exante_mid,5.5,26,fav,mid_implied,0.12123803981122945,0.09941520467836257,0.1250510488724872,0.09859154929577464,0.11941144173214394,0.10707671212643452,0.10808854225191261,0.040769808351004695,0.019230769230769232,0.040645284903511755,0.021505376344086023,0.039770702547565526,0.03141563110807801,0.030093763766512082
TE,00-0039144,2025,16,4.793788321618618,0.2325,0.0655,FALSE,FALSE,exante_mid,3.5,24.5,fav,mid_implied,0.1945444205653676,0.25,0.19721926902352938,0.25,0.1900402909740676,0.18694649703906974,0.18723522401132886,0.06615537980272988,0.1,0.06640872501072607,0.1,0.06457813432707522,0.05847621627767775,0.05744546681512865
TE,00-0039338,2025,16,7.9264716237969965,0.506,0.257,TRUE,FALSE,exante_high,-13.5,12,big_dog,low_implied,0.527635803453289,0.6031746031746031,0.527635803453289,0.6031746031746031,0.5563352500177029,0.5499734979405746,0.5484419151164092,0.28716369568826305,0.26857142857142857,0.28716369568826305,0.26857142857142857,0.31513186501658585,0.3562138606751799,0.365751609057662
TE,00-0039359,2025,16,4.249390630791216,0.1855,0.0545,FALSE,FALSE,exante_mid,13.5,25.5,big_fav,mid_implied,0.14438359501469153,0.09941520467836257,0.14796810137993752,0.09859154929577464,0.14000869279905237,0.11366229899248877,0.11459445735449499,0.05415535352964755,0.056910569105691054,0.05420960107748006,0.05785123966942149,0.0502903587399145,0.030477133987794384,0.02997918088857327
TE,00-0039793,2025,16,5.913886579133498,0.3055,0.1155,TRUE,FALSE,exante_mid,-5.5,20.5,dog,mid_implied,0.27851100463473855,0.2705479452054795,0.278839157183888,0.2705479452054795,0.2862636398859461,0.2822446694556104,0.2826481328562618,0.12240617004296173,0.1111111111111111,0.12389096338737554,0.1111111111111111,0.12407330387716364,0.13699059967284566,0.13865496546897332
TE,00-0040126,2025,16,6.571457291320402,0.4145,0.1705,FALSE,FALSE,exante_mid,-3.5,21,dog,mid_implied,0.41248737540935804,0.43859649122807015,0.4081444692923583,0.45098039215686275,0.41587350458445527,0.42907376604547653,0.4281843662793863,0.18604941743642012,0.20212765957446807,0.18921853128556337,0.19101123595505617,0.18802056781897247,0.2098873481485404,0.21270320107513827
TE,00-0040128,2025,16,6.835722655656046,0.4,0.1605,FALSE,FALSE,exante_mid,-4.5,20.5,dog,mid_implied,0.3943160264588221,0.3870967741935484,0.39062570082842074,0.4,0.4103280783170835,0.4080654586183683,0.4095029466213503,0.17440218300515983,0.20212765957446807,0.17725216152815448,0.19101123595505617,0.18757054035297288,0.19764479644180763,0.19340204891567142
TE,00-0040187,2025,16,4.110360026874321,0.165,0.04,FALSE,FALSE,exante_mid,-1.5,21.5,close,mid_implied,0.1237044521606028,0.09941520467836257,0.127500168844089,0.09859154929577464,0.12150354427709416,0.12705711382671503,0.1267684763061274,0.03865776004869181,0.019230769230769232,0.03851018089517523,0.021505376344086023,0.03833984797956061,0.039532784368918134,0.03940236231711684
TE,00-0040584,2025,16,4.941624034686344,0.1865,0.0475,FALSE,FALSE,exante_mid,-3.5,17,dog,low_implied,0.14541231120491552,0.09941520467836257,0.14898344501655852,0.09859154929577464,0.1531972177972157,0.15747748901714606,0.1579372524064618,0.046622314833052805,0.038461538461538464,0.04656947138582213,0.04,0.05162402415762157,0.05086126762162346,0.04939078358167534
TE,00-0040663,2025,16,7.409632454690295,0.4885,0.229,TRUE,TRUE,exante_high,-10.5,15.5,big_dog,low_implied,0.5056624234759008,0.5052631578947369,0.5056624234759008,0.5052631578947369,0.5204649095572854,0.5228976307094527,0.5205950966971377,0.2544391766227252,0.26857142857142857,0.2544391766227252,0.26857142857142857,0.2685836958332269,0.3065610277846375,0.3155267635874718
TE,00-0040737,2025,16,4.13878840046257,0.184,0.05,TRUE,FALSE,exante_mid,5.5,26,fav,mid_implied,0.14284390414898784,0.09941520467836257,0.1464479472052962,0.09859154929577464,0.13692695826752502,0.12734960077706364,0.12772414939307694,0.049302461900818106,0.038461538461538464,0.049285936011958846,0.04,0.045978364971496995,0.038554233876712155,0.03814446146952002
TE,00-0030506,2025,17,7.3760451074250435,0.463,0.205,FALSE,FALSE,exante_high,-4.5,17.5,dog,low_implied,0.47594205916752214,0.5203252032520326,0.47594205916752214,0.5203252032520326,0.49552235991731675,0.5139082713131775,0.5138469490061619,0.22572658079894023,0.26595744680851063,0.22572658079894023,0.26595744680851063,0.24331036787574614,0.2637057268275739,0.2614936568431201
TE,00-0031610,2025,17,5.786166307858128,0.281,0.0995,FALSE,FALSE,exante_mid,-4.5,20.5,dog,mid_implied,0.2524632588116916,0.2733333333333333,0.2524561549046498,0.2733333333333333,0.26185266229753396,0.2576344210543077,0.2574734559064978,0.10155666792771866,0.10714285714285714,0.10209100314301099,0.10714285714285714,0.10492518850782938,0.11274083257389246,0.11191665961232344
TE,00-0033090,2025,17,6.757107923850438,0.446,0.1825,TRUE,FALSE,exante_mid,11.5,26.5,big_fav,high_implied,0.4546155171412441,0.5203252032520326,0.44990155717532254,0.5301204819277109,0.45652279022289105,0.4159149265789275,0.4154229842106427,0.1988052074103671,0.23076923076923078,0.19937670548857295,0.23809523809523808,0.2024622660410261,0.13922111046730942,0.12872780832043462
TE,00-0033217,2025,17,4.008530041341128,0.152,0.033,FALSE,FALSE,exante_mid,-6.5,19.5,big_dog,low_implied,0.11304091011346926,0.09259259259259259,0.11510733702324724,0.09777777777777778,0.11208254996182875,0.11092459519036023,0.11101301065392923,0.029495944131800452,0,0.0297724453971272,0,0.030372445426324616,0.031124530570743058,0.030708213239119597
TE,00-0033858,2025,17,4.664863678159873,0.188,0.0515,FALSE,FALSE,exante_mid,4.5,19.5,fav,low_implied,0.14930431450866624,0.10465116279069768,0.1510555187842816,0.09777777777777778,0.15186123745770333,0.15658244539391541,0.1565093195088385,0.048596731052723136,0.05555555555555555,0.04897373488021358,0.056451612903225805,0.0497204196273289,0.04229453833011545,0.04162670073089324
TE,00-0033881,2025,17,6.080437408727725,0.3335,0.1245,FALSE,FALSE,exante_mid,4.5,22,fav,mid_implied,0.31505770253343757,0.2733333333333333,0.31364987354860324,0.2733333333333333,0.32148659328884627,0.32074300889015517,0.32050683520022133,0.13033770033855716,0.10714285714285714,0.13090917821786996,0.10714285714285714,0.1327915942664554,0.11905910131077795,0.11657286737840694
TE,00-0034351,2025,17,6.280276283870495,0.4205,0.173,FALSE,FALSE,exante_mid,-2.5,21,dog,mid_implied,0.4226497658546253,0.43103448275862066,0.4186774866444162,0.4528301886792453,0.4143428228888547,0.4426203430267043,0.44313268951382456,0.18748107131205236,0.1958762886597938,0.1880595321025218,0.18478260869565216,0.18030615754253457,0.21077868776361414,0.22432590411011488
TE,00-0034383,2025,17,6.301796039985048,0.338,0.1335,FALSE,FALSE,exante_mid,1.5,20,close,low_implied,0.3205266658533849,0.30434782608695654,0.3189905783182872,0.3005464480874317,0.33284227371485753,0.34687544387015684,0.34663948559433283,0.14083238837330372,0.1271186440677966,0.1414111526527838,0.1271186440677966,0.14580339795566755,0.14767649519309065,0.14674582703212777
TE,00-0034753,2025,17,5.7712676052466465,0.3005,0.099,FALSE,FALSE,exante_mid,-3.5,20.5,dog,mid_implied,0.2754265901658614,0.2733333333333333,0.2749232745677472,0.2733333333333333,0.2801635865618888,0.2855499240557317,0.2855524436595831,0.10098756840814939,0.10714285714285714,0.1015208859016213,0.10714285714285714,0.10422501310881081,0.1115713069285913,0.11075247735051266
TE,00-0035689,2025,17,5.809302883895534,0.2645,0.0835,FALSE,FALSE,exante_mid,2.5,23.5,close,mid_implied,0.23334147714270953,0.2733333333333333,0.23372613141117124,0.2733333333333333,0.2466626949547758,0.2317071228754752,0.23116383290586515,0.08349879563427262,0.0972972972972973,0.08399465170600984,0.0972972972972973,0.09096839233017583,0.07899307054571444,0.07082830768214576
TE,00-0036040,2025,17,5.988245811187864,0.2835,0.0995,TRUE,FALSE,exante_mid,2.5,20.5,close,mid_implied,0.2553860798842301,0.2733333333333333,0.2553172547634913,0.2733333333333333,0.26985491773049575,0.2708131099182738,0.2704018187241658,0.10155666792771866,0.10714285714285714,0.10209100314301099,0.10714285714285714,0.10850168173468397,0.10000637632871422,0.095043032021153
TE,00-0036244,2025,17,5.510220735250336,0.358,0.1265,FALSE,FALSE,exante_mid,7.5,28,big_fav,high_implied,0.3449914907695733,0.30434782608695654,0.3428751759990991,0.3005464480874317,0.3275845274221252,0.3073941961294896,0.3074665770553469,0.13266449676947573,0.10714285714285714,0.1332378551206627,0.10714285714285714,0.1227087758722923,0.10221996274837013,0.10230343650061449
TE,00-0036290,2025,17,4.906273153883614,0.2005,0.053,FALSE,FALSE,exante_mid,-2.5,23.5,dog,mid_implied,0.16243875018359774,0.175,0.16402617164462913,0.175,0.16717397915082008,0.1566165050512823,0.15638642206237005,0.050186722088568794,0.05555555555555555,0.050570734172237036,0.056451612903225805,0.0531511585345882,0.051617915792521826,0.04752175957687188
TE,00-0036894,2025,17,5.196338673849381,0.2435,0.068,FALSE,FALSE,exante_mid,4.5,19.5,fav,low_implied,0.20946432818762448,0.2733333333333333,0.21030391108277938,0.2733333333333333,0.21173662325256357,0.22184881316858626,0.22183132857950735,0.06635693373723783,0.0972972972972973,0.06680285890641452,0.0972972972972973,0.06896030739389993,0.059023013522278546,0.057554925448236635
TE,00-0036970,2025,17,7.697786827257374,0.513,0.2415,FALSE,FALSE,exante_high,-7.5,20.5,big_dog,mid_implied,0.538446360043859,0.609375,0.538446360043859,0.609375,0.556865892612666,0.5444908591112747,0.5442983264253863,0.26955842087813003,0.27906976744186046,0.26955842087813003,0.27906976744186046,0.28961329851177525,0.3119691538788816,0.3028689969077667
TE,00-0037015,2025,17,4.572936965807558,0.126,0.0325,FALSE,FALSE,exante_mid,-4.5,15,dog,low_implied,0.08847951662388319,0.09195402298850575,0.09061313781173515,0.09777777777777778,0.09903341105843191,0.09947455056107928,0.09927005900346364,0.028994963768335442,0,0.02926835046210986,0,0.03318614146316363,0.031605184120511554,0.029644428588323706
TE,00-0037112,2025,17,4.638029409118466,0.2015,0.051,TRUE,TRUE,exante_mid,2.5,26,close,mid_implied,0.16350066090629414,0.175,0.16507385938471617,0.175,0.16279819475315516,0.15062225523941747,0.15042116838337127,0.048067942931225995,0.05555555555555555,0.04844257555544119,0.056451612903225805,0.049079694071764615,0.04278460877332217,0.03920189230146877
TE,00-0037252,2025,17,4.963053622190927,0.1955,0.0535,TRUE,FALSE,exante_mid,-4.5,20.5,dog,mid_implied,0.15715368652754708,0.10465116279069768,0.15880976353244616,0.10526315789473684,0.16392480193535786,0.15750328119470014,0.15733966687126255,0.050717908875862854,0.05555555555555555,0.051104222267619646,0.056451612903225805,0.05411024051880689,0.05421507713379414,0.0514904303655833
TE,00-0037475,2025,17,4.521285925149753,0.1825,0.0495,FALSE,FALSE,exante_mid,-11.5,15,big_dog,low_implied,0.14360951888424653,0.10465116279069768,0.14542431876630477,0.09777777777777778,0.1446798861548754,0.14677475135028983,0.14704213613180492,0.04648528823052062,0.03571428571428571,0.046852700418948186,0.037037037037037035,0.046880525897966284,0.05386504006676002,0.058004852665520364
TE,00-0037744,2025,17,8.98041197528764,0.6705,0.3985,TRUE,TRUE,exante_high,-5.5,23,dog,mid_implied,0.7265668128897155,0.7,0.7265668128897155,0.7,0.7446428209855758,0.7314426297663658,0.7310934709167313,0.45570208094653863,0.38461538461538464,0.45570208094653863,0.38461538461538464,0.489529318313574,0.5110414166152342,0.48726736274176546
TE,00-0037805,2025,17,4.259438465304178,0.119,0.027,FALSE,FALSE,exante_mid,-11.5,15,big_dog,low_implied,0.08212819744371727,0.09195402298850575,0.08425477669158679,0.09777777777777778,0.08966555391218264,0.08209143487918424,0.08200981392305216,0.023549382827994913,0,0.023786925440371864,0,0.02683025377126438,0.026249614132911128,0.02482273075985564
TE,00-0037809,2025,17,6.0590026865476085,0.3115,0.12,TRUE,FALSE,exante_mid,-2.5,18,dog,low_implied,0.2885373384106352,0.2733333333333333,0.28774049791948975,0.2733333333333333,0.29923305860171767,0.3182639851261922,0.31824024282260954,0.125114335213581,0.10714285714285714,0.12568101912161178,0.10714285714285714,0.12832996806560473,0.14202612413404983,0.1460809188453988
TE,00-0037838,2025,17,5.225196645266317,0.25,0.067,FALSE,FALSE,exante_mid,-3.5,20.5,dog,mid_implied,0.21679651998674485,0.2733333333333333,0.21750093194266557,0.2733333333333333,0.21834437378163776,0.22315197784171903,0.22320298031394153,0.0652649567641273,0.0972972972972973,0.0657071921373845,0.0972972972972973,0.06844689842996754,0.07044409131403252,0.06829526334418992
TE,00-0038115,2025,17,4.185904126809102,0.1675,0.0435,FALSE,FALSE,exante_mid,1.5,22,close,mid_implied,0.12835449630428217,0.10465116279069768,0.13031507663358907,0.09777777777777778,0.12689714869774338,0.12998628679586252,0.1299716251892792,0.04021340730637712,0.01818181818181818,0.0405502810780344,0.02040816326530612,0.039598889028699,0.038352048830876215,0.03816850167652791
TE,00-0038129,2025,17,6.247862850762557,0.431,0.1735,FALSE,FALSE,exante_mid,4.5,25,fav,mid_implied,0.4358037564350259,0.43103448275862066,0.4315234034307129,0.4528301886792453,0.4237058937942706,0.4269403988258987,0.4271462020220648,0.1880762923492251,0.1958762886597938,0.1886544474073746,0.18478260869565216,0.17985167473966598,0.17240077316567828,0.17546790660092995
TE,00-0038935,2025,17,5.6585204005340035,0.3595,0.1255,FALSE,FALSE,exante_mid,6.5,26,fav,mid_implied,0.34683590236066203,0.30434782608695654,0.3446755212550415,0.3005464480874317,0.33368124824713075,0.3238431790889778,0.32393799418072,0.13150070128646754,0.10714285714285714,0.13207313840504603,0.10714285714285714,0.12486576585903288,0.10724219401512332,0.10717612754272937
TE,00-0039066,2025,17,4.65555179302482,0.2,0.0605,TRUE,TRUE,exante_mid,-1.5,20.5,close,mid_implied,0.16190840260683842,0.175,0.16350287453061757,0.175,0.16186141362096865,0.16997175646219514,0.1700128038102007,0.05821363246055528,0.05555555555555555,0.05863039871495343,0.056451612903225805,0.056873416900807515,0.06183088513407531,0.06394136605636634
TE,00-0039793,2025,17,5.63390897869013,0.3855,0.15,TRUE,FALSE,exante_mid,7.5,25,big_fav,mid_implied,0.37898252360958223,0.30434782608695654,0.3760510394855799,0.3005464480874317,0.3581213776922942,0.36004395471967565,0.360449788219034,0.1602166852111585,0.1271186440677966,0.16080135698949208,0.1271186440677966,0.14460460248475562,0.1291817202410786,0.13771354385268983
TE,00-0039912,2025,17,4.057354608371299,0.17,0.0385,FALSE,FALSE,exante_mid,-3.5,24,dog,mid_implied,0.13086811163118203,0.10465116279069768,0.13280728137767012,0.09777777777777778,0.12685871198678353,0.1214010829685485,0.1214302307822313,0.03506530915905396,0.01818181818181818,0.035374593995522535,0.02040816326530612,0.034902831227873826,0.035284605620459764,0.03407553888450563
TE,00-0040126,2025,17,6.457871987551047,0.362,0.1395,TRUE,TRUE,exante_mid,-2.5,23.5,dog,mid_implied,0.3499126350923733,0.30434782608695654,0.34767867442585204,0.3005464480874317,0.3618235569626767,0.3496419234737804,0.3492550481174647,0.1478612198888278,0.1271186440677966,0.14844321061898919,0.1271186440677966,0.15498341810924082,0.16139830787331122,0.15368548082277592
TE,00-0040128,2025,17,6.630533793097776,0.4375,0.1915,FALSE,FALSE,exante_mid,-6.5,19.5,big_dog,low_implied,0.4439534946631423,0.5203252032520326,0.43948418047958904,0.5301204819277109,0.4435327743814546,0.457480846572874,0.4579127233749863,0.20955907331257567,0.26595744680851063,0.2101218182393204,0.23809523809523808,0.20675372492317787,0.24280107064298165,0.25697798907971103
TE,00-0040189,2025,17,4.951085663356361,0.211,0.058,TRUE,FALSE,exante_mid,-1.5,18.5,close,low_implied,0.17366821559732076,0.1875,0.17509832751548235,0.1875,0.17726071550455672,0.19120100432602227,0.1912255470782571,0.05552430201156362,0.05555555555555555,0.055930563673866715,0.056451612903225805,0.057797043050810605,0.05992311595446613,0.05961447471761441
TE,00-0040737,2025,17,4.242765811486141,0.224,0.055,TRUE,FALSE,exante_mid,7.5,28,big_fav,high_implied,0.18780573975076417,0.2535211267605634,0.1890176186406647,0.2535211267605634,0.17382093630277975,0.15847806397491887,0.15852891102789385,0.05231496083283328,0.05555555555555555,0.052708075207800194,0.056451612903225805,0.04878965316837706,0.03713506091367297,0.03589945585935197
TE,00-0030506,2025,18,8.021532073317246,0.535,0.2665,FALSE,FALSE,exante_high,5.5,20,fav,low_implied,0.5618791939957403,0.6,0.5618791939957403,0.6,0.5851121762185445,0.5889330927663761,0.5955356278523115,0.2976600464551478,0.27586206896551724,0.2976600464551478,0.27586206896551724,0.3260963101328457,0.26751381027827453,0.25954197862955203
TE,00-0033090,2025,18,6.1845231789229125,0.4095,0.1745,FALSE,FALSE,exante_mid,10.5,28,big_fav,high_implied,0.4084261605746258,0.4166666666666667,0.4048286546506513,0.43636363636363634,0.3998205281044897,0.36790317159558755,0.37114380414449316,0.18895239710726497,0.1919191919191919,0.18733904291473083,0.18085106382978725,0.17768422353369148,0.13171228461368079,0.13063638705104155
TE,00-0033110,2025,18,5.299952200970785,0.3325,0.111,TRUE,TRUE,exante_mid,8.5,28,big_fav,high_implied,0.31535602403121094,0.2727272727272727,0.31434800975632493,0.2727272727272727,0.29880968082476383,0.2812235937364393,0.28058588278612956,0.11521895960046259,0.1038961038961039,0.11564237842719063,0.1038961038961039,0.10580671464917825,0.08417308590115494,0.08393849594673589
TE,00-0033217,2025,18,4.127495351848206,0.1215,0.03,FALSE,FALSE,exante_mid,-10.5,14.5,big_dog,low_implied,0.08765356508233839,0.0898876404494382,0.09049114825297513,0.09482758620689655,0.09332623356684436,0.08709894126136328,0.08724035399475809,0.02711248627656873,0,0.028273770117460954,0,0.0294739018589845,0.028734935779636817,0.028802363368345282
TE,00-0033288,2025,18,8.42778027272847,0.639,0.3745,FALSE,FALSE,exante_high,NA,NA,NA,NA,0.6847633955891006,0.7058823529411765,0.6847633955891006,0.7058823529411765,0.6948908971623137,0.7098026660303535,0.7114930381530211,0.42393749423432214,0.4,0.42393749423432214,0.4,0.4398406062196595,0.4750812615653298,0.4715485905276727
TE,00-0033357,2025,18,4.58197551344802,0.1935,0.0595,FALSE,FALSE,exante_mid,-2.5,19.5,dog,low_implied,0.1585857824725913,0.11904761904761904,0.16099300603028252,0.1282051282051282,0.15846074177598166,0.16701328984515743,0.1658467211123047,0.05788783930696482,0.06896551724137931,0.05916284542136665,0.06896551724137931,0.055911628374611846,0.06181999140953048,0.06360770520609192
TE,00-0033455,2025,18,4.01799810467711,0.153,0.034,FALSE,FALSE,exante_mid,-1.5,23.5,close,mid_implied,0.11753515811140645,0.09090909090909091,0.1203342167331595,0.09482758620689655,0.11647785148705127,0.11432451889045338,0.11505782958516424,0.031145943784353647,0,0.03236092003699068,0,0.031914268421215024,0.03252301953078843,0.031541660172741744
TE,00-0033576,2025,18,4.018764051791911,0.1605,0.0415,FALSE,FALSE,exante_mid,NA,NA,NA,NA,0.12492853794302461,0.09090909090909091,0.12768245378598547,0.09482758620689655,0.12235421519376398,0.12744936477216331,0.1273007759862255,0.038843439493069454,0.017857142857142856,0.04012273069034122,0.02,0.037495749263305844,0.040493657714170475,0.04062917553703469
TE,00-0033881,2025,18,6.00627967486625,0.361,0.1395,FALSE,FALSE,exante_mid,6.5,22.5,fav,mid_implied,0.3495024651230969,0.30538922155688625,0.3475571828343018,0.30319148936170215,0.34700913136398087,0.35066513793852766,0.35061038692164853,0.14804397713355605,0.1322314049586777,0.1476473511541729,0.1322314049586777,0.1440883691664765,0.11981028404970841,0.12072359142211937
TE,00-0034159,2025,18,4.5588072092144065,0.166,0.043,FALSE,FALSE,exante_mid,-6.5,16,big_dog,low_implied,0.13041339551687928,0.1037037037037037,0.1331259596607683,0.09482758620689655,0.13510485279667273,0.13700478678252392,0.13637417841124408,0.040401795897318814,0.017857142857142856,0.04168878490902457,0.02,0.0428330886060146,0.04284230738422196,0.0430951311780713
TE,00-0034383,2025,18,6.400796509040724,0.448,0.206,FALSE,FALSE,exante_mid,10.5,25,big_fav,mid_implied,0.4555946520976824,0.5158730158730159,0.45069401864183045,0.5352112676056338,0.44475248685119917,0.43411045518111013,0.43329378838723887,0.22609259765190232,0.2604166666666667,0.2232557595350728,0.2608695652173913,0.21022408692065928,0.15966935510925379,0.16246136235190836
TE,00-0034753,2025,18,6.470134783223346,0.4255,0.185,FALSE,FALSE,exante_mid,8.5,25,big_fav,mid_implied,0.42800613066903853,0.4166666666666667,0.42386264331748474,0.43636363636363634,0.424995468265393,0.4111653171650267,0.41334013740417186,0.20130868830794468,0.23177083333333331,0.19929803846332914,0.22727272727272727,0.1950981839075361,0.15404380705531373,0.15362864155216602
TE,00-0034829,2025,18,5.0863902102901966,0.228,0.0695,FALSE,FALSE,exante_mid,6.5,25.5,fav,mid_implied,0.19550644872023745,0.2638888888888889,0.1973217338146848,0.2638888888888889,0.198423553498607,0.18028754738553399,0.18488766547514332,0.06874188446676034,0.09574468085106383,0.06993580395931782,0.09574468085106383,0.06971201072388296,0.05291185568653847,0.05087584382299463
TE,00-0035631,2025,18,3.991909600677889,0.1725,0.0445,FALSE,FALSE,exante_low,6.5,25.5,fav,mid_implied,0.13696205582302617,0.1037037037037037,0.13696205582302617,0.1037037037037037,0.13136093480281452,0.12395120220059917,0.12454298619843346,0.0419659307459884,0.03225806451612903,0.0419659307459884,0.03225806451612903,0.03946831965998605,0.031188451246382483,0.030889681130703107
TE,00-0036040,2025,18,5.905831691977852,0.322,0.1245,FALSE,FALSE,exante_mid,-2.5,19.5,dog,low_implied,0.30289718953468964,0.2727272727272727,0.3022225608283194,0.2727272727272727,0.30647870951652173,0.322501804335587,0.3209341458667462,0.1306984206059063,0.1038961038961039,0.13075669395723172,0.1038961038961039,0.1292615659535399,0.1449878516682174,0.1485333560514307
TE,00-0036244,2025,18,5.709364474409366,0.359,0.1355,TRUE,TRUE,exante_mid,8.5,28,big_fav,high_implied,0.347092284087876,0.30538922155688625,0.345214007183178,0.30319148936170215,0.3359197788054379,0.3121679643120425,0.3138491423950317,0.14340520149132968,0.1322314049586777,0.1431344545737753,0.1322314049586777,0.13369035707051063,0.10701706297659672,0.10633326848229498
TE,00-0036290,2025,18,4.803786252122728,0.22,0.0645,FALSE,FALSE,exante_mid,1.5,25,close,mid_implied,0.18680265572651356,0.2638888888888889,0.18877405876157194,0.2638888888888889,0.18539083574814252,0.18162376137501698,0.18341312257497983,0.06329371786265113,0.09574468085106383,0.06453438609344267,0.09574468085106383,0.06224022851543031,0.06315379358786566,0.0621700640215628
TE,00-0036637,2025,18,4.120494130574738,0.162,0.04,FALSE,FALSE,exante_mid,5.5,20,fav,low_implied,0.12641919779774433,0.09090909090909091,0.12916251890678937,0.09482758620689655,0.12505074267303987,0.13021914257288736,0.12998956315240207,0.03729106459556024,0.017857142857142856,0.03856100837683502,0.02,0.03712174724739367,0.0283424550851769,0.028298887625138634
TE,00-0036876,2025,18,3.961894723790483,0.208,0.057,FALSE,FALSE,exante_low,7.5,24.5,big_fav,mid_implied,0.17390422821320792,0.20930232558139536,0.17390422821320792,0.20930232558139536,0.15895376527549027,0.1613416729270978,0.15793196893560316,0.05520194936171614,0.0673076923076923,0.05520194936171614,0.0673076923076923,0.047967968294390886,0.0394276626993574,0.04086386558156907
TE,00-0036894,2025,18,5.261718951604428,0.232,0.0685,FALSE,FALSE,exante_mid,-8.5,16.5,big_dog,low_implied,0.19988850367248237,0.2638888888888889,0.20162175655138828,0.2638888888888889,0.20588844785825564,0.2028973470277863,0.20129121949591555,0.06764903755329502,0.09574468085106383,0.06885325681073916,0.09574468085106383,0.07120407674638417,0.07482683847751696,0.0756881449186585
TE,00-0036970,2025,18,7.478467262432099,0.533,0.2735,FALSE,FALSE,exante_high,2.5,22,close,mid_implied,0.5594575853567609,0.6,0.5594575853567609,0.6,0.5649551989870314,0.5819419911092338,0.5822294253409364,0.3059277148836337,0.27586206896551724,0.3059277148836337,0.27586206896551724,0.30859628579633186,0.312927366824728,0.31429222041960153
TE,00-0037005,2025,18,4.272637901857919,0.173,0.0445,TRUE,FALSE,exante_mid,NA,NA,NA,NA,0.13746872343484914,0.1037037037037037,0.14011885773880392,0.09482758620689655,0.13622813377559048,0.14066976992482194,0.14109519491231182,0.0419659307459884,0.03225806451612903,0.043259016491813546,0.036585365853658534,0.041668933128403154,0.043933103832498654,0.04354278615163703
TE,00-0037086,2025,18,3.9678591499867304,0.1685,0.042,FALSE,FALSE,exante_low,7.5,24.5,big_fav,mid_implied,0.1329236922757111,0.1037037037037037,0.1329236922757111,0.1037037037037037,0.12785194544610223,0.1216831316712706,0.12212941544381574,0.039362237306578354,0.017857142857142856,0.039362237306578354,0.017857142857142856,0.037488902499604196,0.027441444359803658,0.027131816329007862
TE,00-0037252,2025,18,5.067822568093436,0.2405,0.0675,FALSE,FALSE,exante_mid,-10.5,17.5,big_dog,low_implied,0.20926473905548887,0.2638888888888889,0.21081522716081186,0.2638888888888889,0.20912445335504098,0.20139106107846652,0.19759234348345672,0.06655777062295685,0.09574468085106383,0.06777182144698997,0.09574468085106383,0.06785562250755338,0.074868113041605,0.07646539138427247
TE,00-0037744,2025,18,8.420809823061026,0.5955,0.3235,TRUE,FALSE,exante_high,-8.5,19.5,big_dog,low_implied,0.6342143817805354,0.6,0.6342143817805354,0.6,0.654974579061397,0.6365141884279791,0.6389136752248533,0.3647149268749264,0.3333333333333333,0.3647149268749264,0.3333333333333333,0.3955058423517818,0.4216634159117308,0.41648464666872015
TE,00-0037809,2025,18,6.301997224946817,0.2805,0.09,FALSE,FALSE,exante_mid,-10.5,17.5,big_dog,low_implied,0.2544559752721287,0.2727272727272727,0.2550084737073971,0.2727272727272727,0.2776291603933715,0.2470713905499687,0.2518799768629216,0.09145505026754908,0.1038961038961039,0.09234451375436635,0.1038961038961039,0.10715428350737964,0.10433463909143206,0.1001270099553826
TE,00-0038129,2025,18,6.300009708823108,0.423,0.165,TRUE,TRUE,exante_mid,NA,NA,NA,NA,0.4249439374776833,0.4166666666666667,0.42088547085380995,0.43636363636363634,0.416847176038848,0.44478004054277226,0.44031449418319757,0.17780086612337787,0.1919191919191919,0.17653568825531735,0.18085106382978725,0.17319539312784293,0.1988549437858617,0.20178931543074843
TE,00-0038809,2025,18,3.9541404866625944,0.156,0.0375,FALSE,FALSE,exante_low,5.5,21,fav,mid_implied,0.12048040395474663,0.09090909090909091,0.12048040395474663,0.09090909090909091,0.11790605749163348,0.12115885581946272,0.12087120432375623,0.03471765999663918,0.017857142857142856,0.03471765999663918,0.017857142857142856,0.03411514506526762,0.026381010568245974,0.026314113367194615
TE,00-0038933,2025,18,6.049286171833499,0.3845,0.163,FALSE,FALSE,exante_mid,10.5,24.5,big_fav,mid_implied,0.3779518910153837,0.3181818181818182,0.37521027244106103,0.30319148936170215,0.3711059246381261,0.35808161182058074,0.3588570855423494,0.17545709049331437,0.1919191919191919,0.1742636924035173,0.18085106382978725,0.16446114654721153,0.1194351896818332,0.12087889945706629
TE,00-0038935,2025,18,5.649647544076277,0.3525,0.1345,TRUE,TRUE,exante_mid,10.5,28,big_fav,high_implied,0.33927273339314945,0.30538922155688625,0.3376111142450913,0.30319148936170215,0.32791876598350567,0.2999146378147551,0.3019338466474441,0.14224694261126078,0.1322314049586777,0.14200716717352452,0.1322314049586777,0.1315135607545896,0.09578332876496175,0.09529554465551078
TE,00-0039041,2025,18,4.336373177625209,0.1575,0.0455,FALSE,FALSE,exante_mid,-8.5,19.5,big_dog,low_implied,0.12195911069990974,0.09090909090909091,0.12473266005649687,0.09482758620689655,0.12468973152948852,0.11375698385130309,0.11393425817446405,0.04301180280325814,0.03225806451612903,0.04430808627931339,0.036585365853658534,0.042948376431897015,0.047116455971049166,0.0477628270762849
TE,00-0039066,2025,18,4.967347813231401,0.207,0.0565,FALSE,FALSE,exante_mid,-5.5,14.5,dog,low_implied,0.17283819041746806,0.20930232558139536,0.1750395939748677,0.20930232558139536,0.17742396555440385,0.19202549461063548,0.1893492357692825,0.05466620199939825,0.0673076923076923,0.05595545381535514,0.06862745098039216,0.05770120520672768,0.05812171468075222,0.059242738898501485
TE,00-0039530,2025,18,3.9519850506849217,0.1675,0.048,FALSE,FALSE,exante_low,4.5,28,fav,high_implied,0.13191830017797906,0.1037037037037037,0.13191830017797906,0.1037037037037037,0.1268281120041142,0.11478612778741391,0.11633942869544095,0.04563699834349567,0.03508771929824561,0.04563699834349567,0.03508771929824561,0.04164231561530171,0.038478489941204654,0.038193858596474846
TE,00-0039648,2025,18,3.9541404866625944,0.139,0.03,FALSE,FALSE,exante_low,-10.5,17.5,big_dog,low_implied,0.1040121411472265,0.0898876404494382,0.1040121411472265,0.0898876404494382,0.10475829748740063,0.0970288539595191,0.09584148173985348,0.02711248627656873,0,0.02711248627656873,0,0.028491215464601042,0.029124469246101736,0.029100345838863
TE,00-0039793,2025,18,5.738149521577983,0.331,0.127,FALSE,FALSE,exante_mid,NA,NA,NA,NA,0.3135718175496902,0.2727272727272727,0.31261188727081607,0.2727272727272727,0.3101471242366578,0.3274645031103492,0.3259328763217801,0.1335794944966101,0.1038961038961039,0.1335653143341707,0.1038961038961039,0.12753088398859203,0.14793492105643077,0.15109561240637728
TE,00-0040126,2025,18,7.007165044529006,0.43,0.186,TRUE,TRUE,exante_high,1.5,25,close,mid_implied,0.4335201665496745,0.4166666666666667,0.4335201665496745,0.4166666666666667,0.44757856879654623,0.43545913951080356,0.44315508720595354,0.20248692995111953,0.2508680555555556,0.20248692995111953,0.2508680555555556,0.21354204930351386,0.21440386037671672,0.2072801494909448
TE,00-0040128,2025,18,6.322616369209501,0.38,0.15,FALSE,FALSE,exante_mid,-10.5,14.5,big_dog,low_implied,0.3724871940786364,0.30538922155688625,0.3698990717863801,0.30319148936170215,0.37550690336964,0.38593710368386086,0.37734903547826587,0.1602611291333299,0.1322314049586777,0.15951984362920943,0.1322314049586777,0.16115127593935435,0.18421207746309712,0.19323839938782988
TE,00-0040363,2025,18,3.9541404866625944,0.182,0.0455,FALSE,FALSE,exante_low,10.5,24.5,big_fav,mid_implied,0.14665830236165953,0.1037037037037037,0.14665830236165953,0.1037037037037037,0.1382243926149394,0.1311362247462776,0.13067986534353868,0.04301180280325814,0.03225806451612903,0.04301180280325814,0.03225806451612903,0.03989248985090066,0.025573288723406865,0.025525063692299774
