tree
version=v4
num_class=1
num_tree_per_iteration=1
label_index=0
max_feature_idx=12
objective=regression
feature_names=prior_pass_epa_per_db baseline_pass_epa_per_db rolling_pass_epa_per_db form_residual is_cold_start_int draft_tier_int def_short_pass_epa_adj def_deep_pass_epa_adj wt_snap_share games_played_so_far def_used_fallback_int team_spread implied_total
feature_infos=[-0.41556821553462586:0.37467938604271406] [-0.41556821553462586:0.37467938604271406] [-2.3773082165425876:2.3085110459360294] [-2.275194851579831:2.2377132558508106] [0:1] [1:5] [-0.73732462548389055:0.39277148517101262] [-0.79657540418579154:1.6335549028772245] [0:1] [0:16] [0:1] [-20.5:20.5] [11.5:35.75]
tree_sizes=760 785 785 790 786 789 786 787 786 789 789 795 790 784 790 792 793 796 791 794 788 784 787 786 787 789 787 786 793 787 788 788 791 788 789 790 787 792 793 786 794 793 792 789 795 790 789 791 791 791 802 790 795 791 790 790 787 787 786 792 796 789 793 792 789 798 793 796 800 793 793 792 791 796 790 798 797 799 801 800 798 787 795 790 797 793 794 797 794 792 797 793 799 800 797 790 789 790 796 797 802 796 798 796 795 796 791 793 794 799 803 802 803 792 806 797 802 799 797 796 804 781 798 796 796 798 801 799 791 797 793 797 794 795 796 796 797 791 794 795 801 785 788 796 798 798 790 797 797 796 795 792 795 795 798 798 795 795 802 801 799 804 804 795 804 796 787 795 795 792 797 797 801 799 792 796 799 789 793 790 795 800 793 790 798

Tree=0
num_leaves=7
num_cat=0
split_feature=12 12 12 2 1 4
split_gain=23.2957 6.408 2.67988 2.42403 1.60239 1.52111
threshold=23.625000000000004 17.875000000000004 26.875000000000004 -0.068708356463446196 0.081995270707982196 1.0000000180025095e-35
decision_type=10 8 10 10 2 2
left_child=1 -1 5 4 -3 -2
right_child=2 3 -4 -5 -6 -7
leaf_value=0.025896575576661484 0.031443900480407995 0.027806811432419067 0.032870820092951648 0.029589225812208648 0.030096186480617414 0.02917952681506954
leaf_weight=299 931 704 553 1244 148 136
leaf_count=299 931 704 553 1244 148 136
internal_value=0.0298886 0.0286356 0.0317409 0.0290263 0.0282045 0.0311553
internal_weight=4015 2395 1620 2096 852 1067
internal_count=4015 2395 1620 2096 852 1067
is_linear=0
shrinkage=1


Tree=1
num_leaves=7
num_cat=0
split_feature=12 12 12 12 8 8
split_gain=22.3732 6.21379 2.91993 2.57375 1.6728 1.66331
threshold=23.625000000000004 19.625000000000004 16.375000000000004 26.875000000000004 0.94871709744666588 0.81929755924102732
decision_type=10 8 10 10 10 10
left_child=1 2 -1 5 -3 -2
right_child=3 4 -4 -5 -6 -7
leaf_value=-0.0056629828312101636 -0.00058441932336427273 -0.0013312669427649596 -0.0021608746258901437 0.0029768954592068121 -5.8259906919670423e-06 0.0016273276521934683
leaf_weight=112 160 598 636 553 1049 907
leaf_count=112 160 598 636 553 1049 907
internal_value=5.42772e-05 -0.0011736 -0.00268525 0.00186957 -0.000487073 0.00129567
internal_weight=4015 2395 748 1620 1647 1067
internal_count=4015 2395 748 1620 1647 1067
is_linear=0
shrinkage=0.02


Tree=2
num_leaves=7
num_cat=0
split_feature=12 12 12 12 8 8
split_gain=21.4872 5.96773 2.8043 2.47183 1.60656 1.59744
threshold=23.625000000000004 19.625000000000004 16.375000000000004 26.875000000000004 0.94871709744666588 0.81929755924102732
decision_type=10 8 10 10 10 10
left_child=1 2 -1 5 -3 -2
right_child=3 4 -4 -5 -6 -7
leaf_value=-0.005549723243374112 -0.00057273099012672901 -0.0013046416182193228 -0.0021176570867496793 0.0029173575697410315 -5.7093715481637658e-06 0.0015947810349389892
leaf_weight=112 160 598 636 553 1049 907
leaf_count=112 160 598 636 553 1049 907
internal_value=5.31916e-05 -0.00115013 -0.00263155 0.00183218 -0.000477331 0.00126976
internal_weight=4015 2395 748 1620 1647 1067
internal_count=4015 2395 748 1620 1647 1067
is_linear=0
shrinkage=0.02


Tree=3
num_leaves=7
num_cat=0
split_feature=12 12 0 0 12 3
split_gain=20.6363 5.74385 3.31316 3.03505 1.52036 1.41166
threshold=23.625000000000004 17.875000000000004 -0.069757716648499349 -0.087896587779299123 26.875000000000004 -0.34033545912850799
decision_type=10 8 10 10 10 10
left_child=1 -1 5 -2 -5 -3
right_child=3 2 -4 4 -6 -7
leaf_value=-0.0037203451304853798 -0.00021670236782329121 -0.003209337722033679 -6.1354340263632573e-05 0.0016638290150346631 0.0030504228474859943 -0.001263392788167344
leaf_weight=299 253 188 1187 870 497 721
leaf_count=299 253 188 1187 870 497 721
internal_value=5.21278e-05 -0.00112713 -0.000757199 0.00179553 0.00216795 -0.00166585
internal_weight=4015 2395 2096 1620 1367 909
internal_count=4015 2395 2096 1620 1367 909
is_linear=0
shrinkage=0.02


Tree=4
num_leaves=7
num_cat=0
split_feature=12 0 0 12 12 2
split_gain=19.8404 5.42935 3.11752 2.78893 1.74049 1.383
threshold=23.375000000000004 -0.11997058962041283 -0.087896587779299123 17.125000000000004 26.875000000000004 -0.16643373992113947
decision_type=10 10 10 8 10 10
left_child=1 3 -2 -1 -4 -5
right_child=2 -3 4 5 -6 -7
leaf_value=-0.0053672784123871779 -0.00024860901706334618 -0.00039714598980806717 0.0015318499358246583 -0.0030257358019288899 0.0029894143961495538 -0.0012995012923016414
leaf_weight=111 288 1379 962 306 497 472
leaf_count=111 288 1379 962 306 497 472
internal_value=5.10852e-05 -0.00118284 0.00165299 -0.00240158 0.00202836 -0.00197846
internal_weight=4015 2268 1747 889 1459 778
internal_count=4015 2268 1747 889 1459 778
is_linear=0
shrinkage=0.02


Tree=5
num_leaves=7
num_cat=0
split_feature=12 12 12 0 0 12
split_gain=20.6055 5.98615 2.67451 2.41341 1.58311 1.36694
threshold=23.375000000000004 19.625000000000004 26.125000000000004 -0.038601473245963615 -0.087896587779299123 16.875000000000004
decision_type=10 8 10 10 10 10
left_child=1 5 4 -3 -2 -1
right_child=2 3 -4 -5 -6 -7
leaf_value=-0.0044103953025393912 -0.00061442606405101043 -0.0014238635626760423 0.0025118216360235221 0.0001557683077906144 0.0013427252453803668 -0.0023002395512025597
leaf_weight=155 209 708 753 853 791 591
leaf_count=155 209 708 753 853 791 591
internal_value=-2.29546e-05 -0.00126497 0.00161157 -0.000560682 0.000933681 -0.00273868
internal_weight=4060 2307 1753 1561 1000 746
internal_count=4060 2307 1753 1561 1000 746
is_linear=0
shrinkage=0.02


Tree=6
num_leaves=7
num_cat=0
split_feature=12 12 12 0 0 12
split_gain=19.7895 5.7491 2.5686 2.31784 1.52042 1.31281
threshold=23.375000000000004 19.625000000000004 26.125000000000004 -0.038601473245963615 -0.087896587779299123 16.875000000000004
decision_type=10 8 10 10 10 10
left_child=1 5 4 -3 -2 -1
right_child=2 3 -4 -5 -6 -7
leaf_value=-0.0043221874415138436 -0.00060213750573632682 -0.0013953863091551106 0.0024615852358431901 0.00015265297762348653 0.001315870673056308 -0.0022542347519322855
leaf_weight=155 209 708 753 853 791 591
leaf_count=155 209 708 753 853 791 591
internal_value=-2.24955e-05 -0.00123967 0.00157934 -0.000549469 0.000915007 -0.0026839
internal_weight=4060 2307 1753 1561 1000 746
internal_count=4060 2307 1753 1561 1000 746
is_linear=0
shrinkage=0.02


Tree=7
num_leaves=7
num_cat=0
split_feature=12 12 12 0 0 2
split_gain=19.0059 5.52144 2.46689 2.22605 1.46021 1.27417
threshold=23.375000000000004 19.625000000000004 26.125000000000004 -0.038601473245963615 -0.087896587779299123 0.20509356707803253
decision_type=10 8 10 10 10 8
left_child=1 -1 4 -3 -2 -4
right_child=2 3 5 -5 -6 -7
leaf_value=-0.0026302251088493518 -0.00059009481265998346 -0.0013674786031343774 0.0016374269139268472 0.00014959989912010366 0.0012895532945037915 0.0032857876685632149
leaf_weight=746 209 708 399 853 791 354
leaf_count=746 209 708 399 853 791 354
internal_value=-2.20456e-05 -0.00121487 0.00154775 -0.000538479 0.000896707 0.00241235
internal_weight=4060 2307 1753 1561 1000 753
internal_count=4060 2307 1753 1561 1000 753
is_linear=0
shrinkage=0.02


Tree=8
num_leaves=7
num_cat=0
split_feature=12 12 12 0 0 12
split_gain=18.2532 5.30279 2.3692 2.1379 1.40239 1.26082
threshold=23.375000000000004 19.625000000000004 26.125000000000004 -0.038601473245963615 -0.087896587779299123 16.875000000000004
decision_type=10 8 10 10 10 10
left_child=1 5 4 -3 -2 -1
right_child=2 3 -4 -5 -6 -7
leaf_value=-0.0041831391404172583 -0.00057829293050317538 -0.0013401290146179503 0.0023641064322855359 0.00014660788414507704 0.0012637622450409496 -0.0021565455707442489
leaf_weight=155 209 708 753 853 791 591
leaf_count=155 209 708 753 853 791 591
internal_value=-2.16047e-05 -0.00119058 0.0015168 -0.00052771 0.000878773 -0.00257762
internal_weight=4060 2307 1753 1561 1000 746
internal_count=4060 2307 1753 1561 1000 746
is_linear=0
shrinkage=0.02


Tree=9
num_leaves=7
num_cat=0
split_feature=12 12 12 0 0 12
split_gain=17.5304 5.0928 2.27538 2.05324 1.34685 1.21089
threshold=23.375000000000004 19.625000000000004 26.125000000000004 -0.038601473245963615 -0.087896587779299123 16.875000000000004
decision_type=10 8 10 10 10 10
left_child=1 5 4 -3 -2 -1
right_child=2 3 -4 -5 -6 -7
leaf_value=-0.0040994763803938704 -0.00056672710017412545 -0.0013133264517218878 0.0023168243524801803 0.00014367573147034592 0.0012384870307769935 -0.0021134146357895947
leaf_weight=155 209 708 753 853 791 591
leaf_count=155 209 708 753 853 791 591
internal_value=-2.11726e-05 -0.00116676 0.00148646 -0.000517155 0.000861197 -0.00252607
internal_weight=4060 2307 1753 1561 1000 746
internal_count=4060 2307 1753 1561 1000 746
is_linear=0
shrinkage=0.02


Tree=10
num_leaves=7
num_cat=0
split_feature=12 12 12 0 0 2
split_gain=18.6333 5.13277 2.95397 2.88321 1.78813 1.45065
threshold=22.375000000000004 17.875000000000004 27.125000000000004 -0.069757716648499349 -0.20207702651097897 0.20509356707803253
decision_type=10 8 10 10 10 8
left_child=1 -1 4 -3 -2 -4
right_child=2 3 5 -5 -6 -7
leaf_value=-0.0037992142108163548 -0.00059604752657135558 -0.0018843976064443189 0.0015179715330154091 -0.00019565444450862822 0.001159065500808911 0.0036883057040459888
leaf_weight=309 279 761 241 863 1384 252
leaf_count=309 279 761 241 863 1384 252
internal_value=-1.06872e-05 -0.00143654 0.00126769 -0.000986993 0.000864612 0.00262735
internal_weight=4089 1933 2156 1624 1663 493
internal_count=4089 1933 2156 1624 1663 493
is_linear=0
shrinkage=0.02


Tree=11
num_leaves=7
num_cat=0
split_feature=11 4 2 1 4 11
split_gain=11.3905 4.94648 2.99126 2.6697 1.88856 1.76163
threshold=2.2500000000000004 1.0000000180025095e-35 0.19961302783786114 -0.12329069020211704 1.0000000180025095e-35 -4.2499999999999991
decision_type=10 2 10 2 2 10
left_child=1 3 4 -1 -2 -3
right_child=2 5 -4 -5 -6 -7
leaf_value=-0.0026982287024535862 0.0010757812371916182 -0.0031928965045885057 0.00262466790919392 -4.1091292592165499e-05 -0.0010563201257356941 -0.0011947091912119607
leaf_weight=168 1034 392 459 1517 198 321
leaf_count=168 1034 392 459 1517 198 321
internal_value=-1.04735e-05 -0.000896895 0.00124656 -0.000306017 0.000733122 -0.00229329
internal_weight=4089 2398 1691 1685 1232 713
internal_count=4089 2398 1691 1685 1232 713
is_linear=0
shrinkage=0.02


Tree=12
num_leaves=7
num_cat=0
split_feature=12 12 12 0 0 6
split_gain=17.4004 4.84424 2.77258 2.65067 1.65439 1.20136
threshold=22.375000000000004 17.875000000000004 27.125000000000004 -0.069757716648499349 -0.20207702651097897 -0.0923342138655288
decision_type=10 8 10 10 10 2
left_child=1 -1 4 5 -2 -3
right_child=2 3 -4 -5 -6 -7
leaf_value=-0.0036834446420217944 -0.00057038361251714729 -0.0024406238276019898 0.0025423491772492823 -0.00019265201083417641 0.0011178180984759063 -0.0008075624391191827
leaf_weight=309 279 468 493 863 1384 293
leaf_count=309 279 468 493 863 1384 293
internal_value=-1.0264e-05 -0.00138814 0.00122509 -0.000951408 0.00083459 -0.00181186
internal_weight=4089 1933 2156 1624 1663 761
internal_count=4089 1933 2156 1624 1663 761
is_linear=0
shrinkage=0.02


Tree=13
num_leaves=7
num_cat=0
split_feature=12 12 12 0 2 6
split_gain=16.7113 4.65241 2.69929 2.54571 1.41765 1.15379
threshold=22.375000000000004 17.875000000000004 25.375000000000004 -0.069757716648499349 0.1932085528164573 -0.0923342138655288
decision_type=10 8 10 10 8 2
left_child=1 -1 -2 5 -4 -3
right_child=2 3 4 -5 -6 -7
leaf_value=-0.0036097757437968669 0.00054668554917869968 -0.0023918113498112713 0.001257276803950955 -0.00018879897612902993 0.0027716943334640375 -0.00079141121992003813
leaf_weight=309 1163 468 528 863 465 293
leaf_count=309 1163 468 528 863 465 293
internal_value=-1.00587e-05 -0.00136038 0.00120059 -0.00093238 0.00196645 -0.00177563
internal_weight=4089 1933 2156 1624 993 761
internal_count=4089 1933 2156 1624 993 761
is_linear=0
shrinkage=0.02


Tree=14
num_leaves=7
num_cat=0
split_feature=0 2 2 6 7 0
split_gain=12.3153 2.72077 2.64443 1.85019 1.76359 1.49609
threshold=-0.076297211407474655 -0.10456752347900226 0.19097813789322979 -0.0923342138655288 0.16934477441465631 0.058687052179021544
decision_type=10 10 10 2 2 10
left_child=1 -1 5 4 -3 -2
right_child=2 3 -4 -5 -6 -7
leaf_value=-0.0025233359946821728 -0.00019489862197165855 -0.0036792417827054072 0.0018639934259090365 0.00056737342393059747 -0.00079521414199980962 0.000889339857860412
leaf_weight=633 909 113 663 274 340 1157
leaf_count=633 909 113 663 274 340 1157
internal_value=-9.85754e-06 -0.00156466 0.00076498 -0.000729941 -0.00151463 0.000412296
internal_weight=4089 1360 2729 727 453 2066
internal_count=4089 1360 2729 727 453 2066
is_linear=0
shrinkage=0.02


Tree=15
num_leaves=7
num_cat=0
split_feature=11 0 2 8 11 6
split_gain=11.3679 4.98506 2.82975 1.98247 1.7755 1.60766
threshold=1.7500000000000002 -0.015588498724447957 0.21706966678772047 0.92558007418505139 -9.2499999999999982 -0.21480313232159681
decision_type=10 10 10 8 8 2
left_child=1 4 3 -2 -1 -6
right_child=2 -3 -4 -5 5 -7
leaf_value=-0.003629940197118211 -0.0013210547884498442 3.0491146418801064e-05 0.0025596883799000061 0.00097829657952450588 -0.0026924193504628781 -0.0010182138473478312
leaf_weight=188 172 1040 423 1172 329 758
leaf_count=188 172 1040 423 1172 329 758
internal_value=-7.5022e-05 -0.000997119 0.00113304 0.000684034 -0.00183533 -0.00152494
internal_weight=4082 2315 1767 1344 1275 1087
internal_count=4082 2315 1767 1344 1275 1087
is_linear=0
shrinkage=0.02


Tree=16
num_leaves=7
num_cat=0
split_feature=12 12 0 12 2 0
split_gain=16.0242 3.99716 2.0962 1.68716 1.57241 1.23308
threshold=23.625000000000004 17.875000000000004 -0.030936443406483018 27.125000000000004 -0.37035331647473219 -0.20207702651097897
decision_type=10 8 10 10 10 10
left_child=1 -1 4 5 -3 -2
right_child=3 2 -4 -5 -6 -7
leaf_value=-0.0032232045688437294 -0.00055314460034041029 -0.0029800325296393849 -0.00015507883505044644 0.002399881446573856 -0.0010434996966806544 0.0012859074807565264
leaf_weight=313 171 208 1028 505 866 991
leaf_count=313 171 208 1028 505 866 991
internal_value=-7.35215e-05 -0.00111462 -0.000800637 0.00143473 -0.00141855 0.00101527
internal_weight=4082 2415 2102 1667 1074 1162
internal_count=4082 2415 2102 1667 1074 1162
is_linear=0
shrinkage=0.02


Tree=17
num_leaves=7
num_cat=0
split_feature=12 12 0 12 2 0
split_gain=15.3896 3.83887 2.01319 1.62035 1.51015 1.18425
threshold=23.625000000000004 17.875000000000004 -0.030936443406483018 27.125000000000004 -0.37035331647473219 -0.20207702651097897
decision_type=10 8 10 10 10 10
left_child=1 -1 4 5 -3 -2
right_child=3 2 -4 -5 -6 -7
leaf_value=-0.0031587404765548725 -0.00054208171608373086 -0.0029204318577271456 -0.00015197722817781781 0.0023518838454383694 -0.0010226296971169592 0.0012601893289272198
leaf_weight=313 171 208 1028 505 866 991
leaf_count=313 171 208 1028 505 866 991
internal_value=-7.20511e-05 -0.00109233 -0.000784624 0.00140603 -0.00139017 0.000994967
internal_weight=4082 2415 2102 1667 1074 1162
internal_count=4082 2415 2102 1667 1074 1162
is_linear=0
shrinkage=0.02


Tree=18
num_leaves=7
num_cat=0
split_feature=12 12 8 12 6 8
split_gain=14.7802 3.68686 1.91085 1.55618 1.43223 0.962167
threshold=23.625000000000004 17.875000000000004 0.92558007418505139 27.125000000000004 -0.28471478170302217 0.82321597130209867
decision_type=10 8 10 10 2 10
left_child=1 -1 4 5 -3 -2
right_child=3 2 -4 -5 -6 -7
leaf_value=-0.0030955656616438627 -0.00033487611720239391 -0.0037417061036186562 -0.00031747381737980851 0.0023048461328720499 -0.0012242735427678922 0.0012279110446277561
leaf_weight=313 188 105 1347 505 650 974
leaf_count=313 188 105 1347 505 650 974
internal_value=-7.06101e-05 -0.00107048 -0.000768932 0.00137791 -0.00157438 0.000975068
internal_weight=4082 2415 2102 1667 755 1162
internal_count=4082 2415 2102 1667 755 1162
is_linear=0
shrinkage=0.02


Tree=19
num_leaves=7
num_cat=0
split_feature=12 12 0 12 2 0
split_gain=14.1949 3.54086 1.91053 1.49456 1.43054 1.1257
threshold=23.625000000000004 17.875000000000004 -0.030936443406483018 27.125000000000004 -0.37035331647473219 -0.20207702651097897
decision_type=10 8 10 10 10 10
left_child=1 -1 4 5 -3 -2
right_child=3 2 -4 -5 -6 -7
leaf_value=-0.0030336543450358152 -0.00054300356694437265 -0.0028328422715779965 -0.0001372473843331925 0.0022587492249446163 -0.0009857352884668066 0.0012141490268251294
leaf_weight=313 171 208 1028 505 866 991
leaf_count=313 171 208 1028 505 866 991
internal_value=-6.91979e-05 -0.00104907 -0.000753553 0.00135035 -0.00134346 0.000955566
internal_weight=4082 2415 2102 1667 1074 1162
internal_count=4082 2415 2102 1667 1074 1162
is_linear=0
shrinkage=0.02


Tree=20
num_leaves=7
num_cat=0
split_feature=12 12 12 2 9 6
split_gain=12.2143 3.1573 2.31852 2.09638 1.43017 2.11312
threshold=21.375000000000004 25.375000000000004 16.125000000000004 -0.15032100712557145 3.5000000000000004 -0.12470824229891452
decision_type=8 10 10 10 2 2
left_child=2 3 -1 -2 5 -4
right_child=1 -3 4 -5 -6 -7
leaf_value=-0.0045069174908101564 -0.0012077538401694501 0.0016104177629233493 -0.0014597044370648468 0.00054460578240566747 -0.0017244248124419197 0.0018426253377553075
leaf_weight=100 342 995 204 1355 1004 125
leaf_count=100 342 995 204 1355 1004 125
internal_value=-7.81118e-05 0.000715919 -0.00156976 0.000191449 -0.00134942 -0.00020502
internal_weight=4125 2692 1433 1697 1333 329
internal_count=4125 2692 1433 1697 1333 329
is_linear=0
shrinkage=0.02


Tree=21
num_leaves=7
num_cat=0
split_feature=12 12 0 2 7 3
split_gain=11.7306 3.03227 2.55035 2.01336 1.40951 1.22576
threshold=21.375000000000004 25.375000000000004 -0.11393368814710259 -0.15032100712557145 0.15574446014931587 0.11278230852444736
decision_type=8 10 10 10 2 10
left_child=2 3 5 -2 -3 -1
right_child=1 4 -4 -5 -6 -7
leaf_value=-0.0027942079557016657 -0.0011835987391549418 -0.00046414227076187859 -0.0006916790163167785 0.0005337136727826485 0.0018556521539128 -0.00073615375204525628
leaf_weight=574 342 119 714 1355 876 145
leaf_count=574 342 119 714 1355 876 145
internal_value=-7.65495e-05 0.000701601 -0.00153836 0.00018762 0.00157821 -0.00237916
internal_weight=4125 2692 1433 1697 995 719
internal_count=4125 2692 1433 1697 995 719
is_linear=0
shrinkage=0.02


Tree=22
num_leaves=7
num_cat=0
split_feature=12 12 0 2 12 2
split_gain=11.2661 2.91219 2.44936 1.93363 1.19644 1.05517
threshold=21.375000000000004 25.375000000000004 -0.11393368814710259 -0.15032100712557145 17.875000000000004 0.21969364972756664
decision_type=8 10 10 10 10 8
left_child=2 3 4 -2 -1 -3
right_child=1 5 -4 -5 -6 -7
leaf_value=-0.0035932523288702556 -0.0011599267804477777 0.00099799925237381982 -0.00067784543660324558 0.00052303940536474946 -0.0018040154112275153 0.0023197976257606947
leaf_weight=212 342 582 714 1355 507 413
leaf_count=212 342 582 714 1355 507 413
internal_value=-7.50186e-05 0.000687569 -0.0015076 0.000183868 -0.00233158 0.00154665
internal_weight=4125 2692 1433 1697 719 995
internal_count=4125 2692 1433 1697 719 995
is_linear=0
shrinkage=0.02


Tree=23
num_leaves=7
num_cat=0
split_feature=12 12 12 2 9 6
split_gain=10.8199 2.79687 2.16149 1.85706 1.36201 2.04076
threshold=21.375000000000004 25.375000000000004 16.125000000000004 -0.15032100712557145 3.5000000000000004 -0.12470824229891452
decision_type=8 10 10 10 2 2
left_child=2 3 -1 -2 5 -4
right_child=1 -3 4 -5 -6 -7
leaf_value=-0.004313398180017248 -0.0011367282208888546 0.0015157123039826643 -0.0013809156328594932 0.0005125786144543281 -0.0016306573305521297 0.0018643789333477618
leaf_weight=100 342 995 204 1355 1004 125
leaf_count=100 342 995 204 1355 1004 125
internal_value=-7.35182e-05 0.000673818 -0.00147745 0.00018019 -0.0012647 -0.000147901
internal_weight=4125 2692 1433 1697 1333 329
internal_count=4125 2692 1433 1697 1333 329
is_linear=0
shrinkage=0.02


Tree=24
num_leaves=7
num_cat=0
split_feature=12 12 8 12 6 12
split_gain=10.4186 3.83039 1.57477 1.39445 1.48673 1.30132
threshold=23.375000000000004 19.625000000000004 0.92558007418505139 27.125000000000004 -0.11909537298363844 16.125000000000004
decision_type=10 8 8 10 2 10
left_child=1 5 -3 4 -2 -1
right_child=3 2 -4 -5 -6 -7
leaf_value=-0.0042271302262903198 5.3180639988284375e-05 -0.0016035372965775589 -5.3029837636702286e-05 0.001976687375950512 0.0014196487213871155 -0.0017822214925384636
leaf_weight=100 641 332 1243 502 633 674
leaf_count=100 641 332 1243 502 633 674
internal_value=-7.20478e-05 -0.000946028 -0.000379867 0.00108391 0.000732124 -0.0020981
internal_weight=4125 2349 1575 1776 1274 774
internal_count=4125 2349 1575 1776 1274 774
is_linear=0
shrinkage=0.02


Tree=25
num_leaves=7
num_cat=0
split_feature=12 12 8 0 0 12
split_gain=10.5832 2.30835 1.51229 1.43126 1.24484 1.18655
threshold=23.375000000000004 19.625000000000004 0.77921172359202062 0.048912790086351965 0.13592708949471372 29.375000000000004
decision_type=10 8 10 10 10 10
left_child=1 -1 3 -2 -3 -4
right_child=2 4 5 -5 -6 -7
leaf_value=-0.0017558397940577483 -0.0015239213742750332 -0.00060445767989972959 0.001237234952674872 0.0015293182034423259 0.0012351577792627116 0.0030127889391161587
leaf_weight=758 146 1359 1379 106 165 169
leaf_count=758 146 1359 1379 106 165 169
internal_value=5.05488e-05 -0.000853893 0.00119718 -0.000239622 -0.000405287 0.00143108
internal_weight=4082 2282 1800 252 1524 1548
internal_count=4082 2282 1800 252 1524 1548
is_linear=0
shrinkage=0.02


Tree=26
num_leaves=7
num_cat=0
split_feature=12 0 1 0 11 12
split_gain=10.1641 2.25378 1.47033 1.53776 1.28751 0.970842
threshold=23.375000000000004 -0.12569006735175534 0.05091445924331104 0.028394722630589776 -9.7499999999999982 26.125000000000004
decision_type=10 10 2 8 8 10
left_child=1 4 3 -2 -1 -4
right_child=2 -3 5 -5 -6 -7
leaf_value=-0.0035129751456570964 0.0011045403259178754 -0.00033377465877198564 0.0010091447778763217 -0.00097777111256538421 -0.0013164567937567523 0.0021624748945170131
leaf_weight=124 417 1391 576 215 767 592
leaf_count=124 417 1391 576 215 767 592
internal_value=4.95378e-05 -0.000836815 0.00117324 0.000396159 -0.00162215 0.00159371
internal_weight=4082 2282 1800 632 891 1168
internal_count=4082 2282 1800 632 891 1168
is_linear=0
shrinkage=0.02


Tree=27
num_leaves=7
num_cat=0
split_feature=12 12 2 11 0 6
split_gain=9.76161 2.17939 1.52455 1.19361 1.18616 1.00889
threshold=23.375000000000004 19.625000000000004 0.21706966678772047 4.7500000000000009 0.13592708949471372 -0.12359387795122602
decision_type=10 8 10 10 10 2
left_child=1 -1 -2 -4 5 -3
right_child=2 4 3 -5 -6 -7
leaf_value=-0.0016964683224235744 0.00078979499417180968 -0.0010904549596359736 0.0011038758803671792 0.0030622236690376389 0.0012171301087505664 1.5469460552222033e-06
leaf_weight=758 1302 722 247 251 165 637
leaf_count=758 1302 722 247 251 165 637
internal_value=4.8547e-05 -0.000820079 0.00114977 0.00209091 -0.000384184 -0.000578604
internal_weight=4082 2282 1800 498 1524 1359
internal_count=4082 2282 1800 498 1524 1359
is_linear=0
shrinkage=0.02


Tree=28
num_leaves=7
num_cat=0
split_feature=12 0 2 2 0 12
split_gain=9.37505 2.13673 1.46418 1.31891 0.974144 0.918805
threshold=23.375000000000004 -0.12569006735175534 0.21706966678772047 -0.17181543972825722 -0.15545620664822321 21.125000000000004
decision_type=10 10 10 10 10 8
left_child=1 3 4 -1 -2 -3
right_child=2 5 -4 -5 -6 -7
leaf_value=-0.0024730508177081135 -0.00045266094533467872 -0.00083571042119437 0.0020490963417844079 -0.00091387366554456645 0.0010179756757450103 0.00019244208965891123
leaf_weight=374 216 685 498 517 1086 706
leaf_count=374 216 685 498 517 1086 706
internal_value=4.75761e-05 -0.000803677 0.00112678 -0.00156834 0.000773999 -0.000313873
internal_weight=4082 2282 1800 891 1302 1391
internal_count=4082 2282 1800 891 1302 1391
is_linear=0
shrinkage=0.02


Tree=29
num_leaves=7
num_cat=0
split_feature=0 2 9 6 2 6
split_gain=6.38548 3.33201 1.33621 1.14243 1.09972 1.09478
threshold=0.059572535460013051 -0.11081551306052097 1.5000000000000002 -0.0923342138655288 0.19097813789322979 -0.12470824229891452
decision_type=10 10 2 2 10 2
left_child=1 2 5 -3 -2 -1
right_child=4 3 -4 -5 -6 -7
leaf_value=-0.0015150928324817316 0.0006841284556628217 -0.00048433106848372244 -0.0019905842893100738 0.00061477740888585687 0.0018248399600861943 0.0013462153865955769
leaf_weight=115 1132 925 688 640 482 100
leaf_count=115 1132 925 688 640 482 100
internal_value=4.66246e-05 -0.000593065 -0.00156051 -3.48554e-05 0.00102479 -0.000184252
internal_weight=4082 2468 903 1565 1614 215
internal_count=4082 2468 903 1565 1614 215
is_linear=0
shrinkage=0.02


Tree=30
num_leaves=7
num_cat=0
split_feature=11 11 8 11 8 6
split_gain=6.07637 2.23621 1.58002 1.55936 1.22015 1.0647
threshold=2.2500000000000004 -8.2499999999999982 0.88045889275734013 4.7500000000000009 0.57783783783783804 -0.12012140362912717
decision_type=10 8 8 10 8 2
left_child=1 -1 -2 5 -3 -4
right_child=2 4 3 -5 -6 -7
leaf_value=-0.002337756148358839 -0.0010124044567968418 -0.0025453215151444238 -0.00027508553546367161 0.0016847081970045841 -0.00035321281108190308 0.0012489674978137196
leaf_weight=290 161 107 408 796 2000 333
leaf_count=290 161 107 408 796 2000 333
internal_value=-4.27405e-05 -0.000691166 0.000872616 0.00107007 -0.000464535 0.000409813
internal_weight=4095 2397 1698 1537 2107 741
internal_count=4095 2397 1698 1537 2107 741
is_linear=0
shrinkage=0.02


Tree=31
num_leaves=7
num_cat=0
split_feature=12 12 12 6 4 1
split_gain=7.9002 2.61011 1.51638 1.44881 1.53886 1.19571
threshold=21.375000000000004 25.375000000000004 17.875000000000004 -0.11909537298363844 1.0000000180025095e-35 0.15881368071040439
decision_type=8 10 10 2 2 2
left_child=2 3 -1 4 -2 -3
right_child=1 5 -4 -5 -6 -7
leaf_value=-0.0025163599350178467 -2.5822157736920745e-05 0.00092059437511108613 -0.00091705349957426176 0.00076293345532848751 -0.0021127821880896074 0.0024003893728654548
leaf_weight=303 772 666 1091 765 173 325
leaf_count=303 772 666 1091 765 173 325
internal_value=-4.18857e-05 0.000589204 -0.00126468 0.000115905 -0.000407879 0.0014059
internal_weight=4095 2701 1394 1710 945 991
internal_count=4095 2701 1394 1710 945 991
is_linear=0
shrinkage=0.02


Tree=32
num_leaves=7
num_cat=0
split_feature=12 0 6 11 12 7
split_gain=7.58735 2.60991 2.46879 1.71561 1.48417 0.899805
threshold=21.375000000000004 -0.039710165150209475 -0.11783184860453198 4.7500000000000009 16.125000000000004 0.075166845502350935
decision_type=8 10 2 10 10 2
left_child=4 2 -2 -3 -1 -6
right_child=1 3 -4 -5 5 -7
leaf_value=-0.0035743420590683452 -0.0016912936038912876 0.00052025455277561103 0.00065024835720789616 0.001754466149625865 -0.0021882516082509288 -0.00081093079616796236
leaf_weight=101 340 1284 383 694 231 1062
leaf_count=101 340 1284 383 694 231 1062
internal_value=-4.1048e-05 0.00057742 -0.000450892 0.000953289 -0.00123939 -0.001057
internal_weight=4095 2701 723 1978 1394 1293
internal_count=4095 2701 723 1978 1394 1293
is_linear=0
shrinkage=0.02


Tree=33
num_leaves=7
num_cat=0
split_feature=12 0 8 11 12 1
split_gain=7.28689 2.50656 2.26635 1.64767 1.4254 0.922353
threshold=21.375000000000004 -0.039710165150209475 0.61202702702702716 4.7500000000000009 16.125000000000004 0.05091445924331104
decision_type=8 10 10 10 10 2
left_child=4 2 -2 -3 -1 -4
right_child=1 3 5 -5 -6 -7
leaf_value=-0.0035028551972591049 -0.0022652302119960878 0.00050984947121487435 -0.00023266858378933233 0.001719376816790382 -0.0010358551806531145 0.0017145545330699966
leaf_weight=101 198 1284 396 694 1293 129
leaf_count=101 198 1284 396 694 1293 129
internal_value=-4.0227e-05 0.000565872 -0.000441874 0.000934224 -0.0012146 0.000245792
internal_weight=4095 2701 723 1978 1394 525
internal_count=4095 2701 723 1978 1394 525
is_linear=0
shrinkage=0.02


Tree=34
num_leaves=7
num_cat=0
split_feature=12 0 8 11 12 1
split_gain=6.99833 2.4073 2.1766 1.58242 1.39525 0.885828
threshold=21.375000000000004 -0.039710165150209475 0.61202702702702716 4.7500000000000009 17.875000000000004 0.05091445924331104
decision_type=8 10 10 10 10 2
left_child=4 2 -2 -3 -1 -4
right_child=1 3 5 -5 -6 -7
leaf_value=-0.00239095475271122 -0.0022199255944349607 0.00049965247385747112 -0.00022801521243621603 0.0016849892807158343 -0.00085685319907657671 0.0016802634297357511
leaf_weight=303 198 1284 396 694 1091 129
leaf_count=303 198 1284 396 694 1091 129
internal_value=-3.94225e-05 0.000554554 -0.000433036 0.000915539 -0.00119031 0.000240876
internal_weight=4095 2701 723 1978 1394 525
internal_count=4095 2701 723 1978 1394 525
is_linear=0
shrinkage=0.02


Tree=35
num_leaves=7
num_cat=0
split_feature=12 0 3 0 5 3
split_gain=8.04242 2.1931 1.36412 1.33426 1.10161 1.20754
threshold=22.375000000000004 -0.12569006735175534 0.11798183821160549 0.14980875003857883 4.5000000000000009 -0.055461708401484559
decision_type=10 10 10 10 2 10
left_child=1 2 -1 4 -2 -6
right_child=3 -3 -4 -5 5 -7
leaf_value=-0.0020876748009199713 -0.00014167582890713107 -0.00035609918920808054 3.4007614028646425e-05 0.0016484639994616801 -0.00012641963376866085 0.001391957776432225
leaf_weight=691 609 1095 147 579 299 700
leaf_count=691 609 1095 147 579 299 700
internal_value=-5.52469e-06 -0.000945428 -0.00171549 0.000825218 0.000528788 0.000937508
internal_weight=4120 1933 838 2187 1608 999
internal_count=4120 1933 838 2187 1608 999
is_linear=0
shrinkage=0.02


Tree=36
num_leaves=7
num_cat=0
split_feature=12 0 8 12 2 2
split_gain=7.72394 2.10625 1.77068 1.24884 1.09432 0.772216
threshold=22.375000000000004 -0.12569006735175534 0.77921172359202062 25.375000000000004 -0.20424754477715537 0.11972619551913026
decision_type=10 10 8 10 10 8
left_child=1 4 -2 -4 -1 -3
right_child=2 5 3 -5 -6 -7
leaf_value=-0.002593789082135855 -0.0015428046808262502 -0.00070311531467357445 0.0004761453649241467 0.0014605618382260589 -0.0011088128464197 0.00044757081645396498
leaf_weight=323 121 758 1079 987 515 337
leaf_count=323 121 758 1079 987 515 337
internal_value=-5.4142e-06 -0.00092652 0.000808713 0.000946435 -0.00168118 -0.000348977
internal_weight=4120 1933 2187 2066 838 1095
internal_count=4120 1933 2187 2066 838 1095
is_linear=0
shrinkage=0.02


Tree=37
num_leaves=7
num_cat=0
split_feature=12 0 3 0 5 3
split_gain=7.41807 2.02284 1.29266 1.26194 1.04696 1.15182
threshold=22.375000000000004 -0.12569006735175534 0.11798183821160549 0.14980875003857883 4.5000000000000009 -0.055461708401484559
decision_type=10 10 10 10 2 10
left_child=1 2 -1 4 -2 -6
right_child=3 -3 -4 -5 5 -7
leaf_value=-0.0020098623438182662 -0.00014936670186900349 -0.00034199765197359677 5.5503715241492606e-05 0.0015931626837485469 -0.00013637943841193032 0.0013465478456895132
leaf_weight=691 609 1095 147 579 299 700
leaf_count=691 609 1095 147 579 299 700
internal_value=-5.30591e-06 -0.000907989 -0.00164756 0.000792539 0.000504255 0.000902709
internal_weight=4120 1933 838 2187 1608 999
internal_count=4120 1933 838 2187 1608 999
is_linear=0
shrinkage=0.02


Tree=38
num_leaves=7
num_cat=0
split_feature=12 0 8 12 2 6
split_gain=7.12432 1.94274 1.68163 1.18091 1.03402 0.99981
threshold=22.375000000000004 -0.12569006735175534 0.77921172359202062 25.375000000000004 -0.20424754477715537 -0.2133798503098501
decision_type=10 10 8 10 10 2
left_child=1 4 -2 -4 -1 -6
right_child=2 -3 3 -5 5 -7
leaf_value=-0.0025017160451437574 -0.0015149335820210544 -0.00033515770437042271 0.00045358214098929951 0.0014108501363245124 -0.0023303162657605583 -0.00044777474534813582
leaf_weight=323 121 1095 1079 987 167 348
leaf_count=323 121 1095 1079 987 167 348
internal_value=-5.19979e-06 -0.000889829 0.000776688 0.000910902 -0.00161461 -0.00105823
internal_weight=4120 1933 2187 2066 838 515
internal_count=4120 1933 2187 2066 838 515
is_linear=0
shrinkage=0.02


Tree=39
num_leaves=7
num_cat=0
split_feature=0 2 5 2 9 6
split_gain=4.58202 2.6428 1.26486 1.24412 1.17397 1.32114
threshold=0.01289019885515136 -0.11081551306052097 4.5000000000000009 0.12333265202226081 1.5000000000000002 -0.018418111601904801
decision_type=10 10 2 8 2 2
left_child=1 4 -3 -2 -1 -6
right_child=3 2 -4 -5 5 -7
leaf_value=-7.9464034913757524e-05 0.00020402402399728696 -0.00081099463289872084 0.00045765366493965149 0.0011976445464929712 -0.00246636365883775 -0.00038821899807705293
leaf_weight=172 1065 555 725 957 482 164
leaf_count=172 1065 555 725 957 482 164
internal_value=-5.0958e-06 -0.000659879 -9.24243e-05 0.000674298 -0.00154783 -0.00193879
internal_weight=4120 2098 1280 2022 818 646
internal_count=4120 2098 1280 2022 818 646
is_linear=0
shrinkage=0.02


Tree=40
num_leaves=7
num_cat=0
split_feature=12 12 12 0 6 6
split_gain=6.55575 2.34932 0.892862 0.782809 1.30809 0.769407
threshold=23.375000000000004 19.625000000000004 27.875000000000004 -0.038601473245963615 -0.12359387795122602 0.054142129416408578
decision_type=10 8 10 10 2 2
left_child=1 -1 -2 4 -3 -6
right_child=2 3 -4 -5 5 -7
leaf_value=-0.0015504285718735519 0.00073885711708098216 -0.0015886442690952306 0.0018250754784986183 0.00021272609076628955 0.00068490115800694403 -0.0013519505732784085
leaf_weight=758 1416 337 385 857 272 102
leaf_count=758 1416 337 385 857 272 102
internal_value=6.51752e-05 -0.000636241 0.000971058 -0.000194307 -0.000684921 0.000129396
internal_weight=4127 2326 1801 1568 711 374
internal_count=4127 2326 1801 1568 711 374
is_linear=0
shrinkage=0.02


Tree=41
num_leaves=7
num_cat=0
split_feature=12 12 8 1 6 1
split_gain=6.29615 2.25629 1.23621 0.736825 0.893788 1.00983
threshold=23.375000000000004 19.625000000000004 0.71478327383987772 0.13592708949471372 -0.12359387795122602 -0.038601473245963615
decision_type=10 8 10 2 2 2
left_child=1 -1 -2 4 5 -3
right_child=2 3 -4 -5 -6 -7
leaf_value=-0.0015194200069504106 -0.0004178033205073165 -0.0022079903886516356 0.0011521279289442596 0.0010487736728619676 0.00019632711478523228 -0.00042592638828880148
leaf_weight=758 230 163 1571 171 655 579
leaf_count=758 230 163 1571 171 655 579
internal_value=6.38717e-05 -0.000623517 0.000951637 -0.00019042 -0.000342104 -0.000817404
internal_weight=4127 2326 1801 1568 1397 742
internal_count=4127 2326 1801 1568 1397 742
is_linear=0
shrinkage=0.02


Tree=42
num_leaves=7
num_cat=0
split_feature=12 12 12 11 2 0
split_gain=6.04682 2.16694 0.872546 0.964072 0.754949 0.732716
threshold=23.375000000000004 19.625000000000004 25.375000000000004 -2.7499999999999996 0.19097813789322979 -0.038601473245963615
decision_type=10 8 10 10 10 10
left_child=1 -1 3 -2 -4 -3
right_child=2 5 4 -5 -6 -7
leaf_value=-0.0014890315986505961 0.0022513106683877729 -0.0006612695633450461 0.00088102853872140999 0.00015682217496317457 0.0019947817056789065 0.00020718203945565739
leaf_weight=758 101 711 622 678 400 857
leaf_count=758 101 711 622 678 400 857
internal_value=6.25943e-05 -0.000611046 0.000932604 0.00042838 0.00131694 -0.000186612
internal_weight=4127 2326 1801 779 1022 1568
internal_count=4127 2326 1801 779 1022 1568
is_linear=0
shrinkage=0.02


Tree=43
num_leaves=7
num_cat=0
split_feature=12 12 8 7 3 1
split_gain=5.80736 2.08113 1.17677 0.708073 0.706025 0.70566
threshold=23.375000000000004 19.625000000000004 0.71478327383987772 0.1647056973738005 -0.033845921824474039 0.14980875003857883
decision_type=10 8 10 2 10 2
left_child=1 4 -2 -4 -1 -5
right_child=2 -3 3 5 -6 -7
leaf_value=-0.00187599420180338 -0.00042215921746000001 -0.00018287979540905418 0.00010469903146159374 0.00098552086954805827 -0.00056524161254471229 0.0019867752461739134
leaf_weight=517 230 1568 238 929 241 404
leaf_count=517 230 1568 238 929 241 404
internal_value=6.13424e-05 -0.000598825 0.000913952 0.00110956 -0.00145925 0.00128898
internal_weight=4127 2326 1801 1571 758 1333
internal_count=4127 2326 1801 1571 758 1333
is_linear=0
shrinkage=0.02


Tree=44
num_leaves=7
num_cat=0
split_feature=12 12 8 0 6 2
split_gain=5.57739 1.99872 1.13017 1.09059 0.717202 0.924392
threshold=23.375000000000004 19.625000000000004 0.71478327383987772 0.18525752391003719 -0.32285914119354903 -0.0023740022541387826
decision_type=10 8 10 8 2 10
left_child=1 -1 3 -2 -3 -6
right_child=2 4 -4 -5 5 -7
leaf_value=-0.0014300659548467894 0.00090485229653616741 -0.0014222979665234551 0.0010873723598992062 -0.0018521542046219112 -0.00051916372740191984 0.000509373350503731
leaf_weight=758 120 166 1571 110 738 664
leaf_count=758 120 166 1571 110 738 664
internal_value=6.01156e-05 -0.000586849 0.000895673 -0.000413716 -0.000179222 -3.20392e-05
internal_weight=4127 2326 1801 230 1568 1402
internal_count=4127 2326 1801 230 1568 1402
is_linear=0
shrinkage=0.02


Tree=45
num_leaves=7
num_cat=0
split_feature=0 12 8 11 0 6
split_gain=5.97478 2.52521 1.486 1.10056 0.897755 0.995235
threshold=-0.11997058962041283 24.875000000000004 0.88218977351819505 -4.2499999999999991 0.14041838179338648 -0.11909537298363844
decision_type=10 10 10 10 10 2
left_child=2 4 -1 -4 5 -2
right_child=1 -3 3 -5 -6 -7
leaf_value=-0.001986159648879549 -0.00059779690228667186 0.0012643540973375264 -0.0015897518503083755 0.0001233493048558743 0.0010498580510797753 0.00043816015738477377
leaf_weight=531 873 1068 247 382 294 645
leaf_count=531 873 1068 247 382 294 645
internal_value=4.83292e-06 0.00049296 -0.00120707 -0.000549363 3.82974e-05 -0.000157618
internal_weight=4040 2880 1160 629 1812 1518
internal_count=4040 2880 1160 629 1812 1518
is_linear=0
shrinkage=0.02


Tree=46
num_leaves=7
num_cat=0
split_feature=0 12 8 0 9 9
split_gain=5.73818 2.42977 1.42715 0.866993 0.809546 0.755221
threshold=-0.11997058962041283 25.375000000000004 0.88218977351819505 0.13592708949471372 3.5000000000000004 5.5000000000000009
decision_type=10 10 10 10 2 2
left_child=2 3 4 -2 -1 -5
right_child=1 -3 -4 5 -6 -7
leaf_value=-0.00060896620109539344 -0.00011411068724771802 0.0013357757331384193 -0.00053837567126964751 0.0022335289595244948 -0.0024023922170380678 0.00031669133705407624
leaf_weight=135 1599 913 629 124 396 244
leaf_count=135 1599 913 629 124 396 244
internal_value=4.73626e-06 0.000483101 -0.00118293 8.73245e-05 -0.00194644 0.000962582
internal_weight=4040 2880 1160 1967 531 368
internal_count=4040 2880 1160 1967 531 368
is_linear=0
shrinkage=0.02


Tree=47
num_leaves=7
num_cat=0
split_feature=0 12 2 9 12 6
split_gain=5.51095 2.33627 1.53468 0.925189 0.894512 0.848847
threshold=-0.11997058962041283 25.625000000000004 -0.28064286153443291 3.5000000000000004 21.125000000000004 -0.2133798503098501
decision_type=10 10 10 2 8 2
left_child=2 4 3 -1 -2 -4
right_child=1 -3 5 -5 -6 -7
leaf_value=-0.00084166109040721292 -0.00050172004572321535 0.0013656448194970952 -0.0016897584233492853 -0.0031108242067203846 0.00039575152007687215 -0.00029759273191247383
leaf_weight=109 652 834 249 211 1394 591
leaf_count=109 652 834 249 211 1394 591
internal_value=4.64154e-06 0.000473439 -0.00115927 -0.00233789 0.000109754 -0.00071027
internal_weight=4040 2880 1160 320 2046 840
internal_count=4040 2880 1160 320 2046 840
is_linear=0
shrinkage=0.02


Tree=48
num_leaves=7
num_cat=0
split_feature=0 12 12 8 0 3
split_gain=5.29271 2.25131 1.38669 0.971515 0.82886 0.820971
threshold=-0.11997058962041283 24.875000000000004 19.625000000000004 0.61202702702702716 0.14041838179338648 -0.093607577171217676
decision_type=10 10 8 8 10 10
left_child=2 4 5 -4 -2 -1
right_child=1 -3 3 -5 -6 -7
leaf_value=-0.0027526598249457404 -0.0001535747049255812 0.0011923282814045586 -0.0023434830749068749 -0.00030521190979471434 0.0010066449674532186 -0.0009528758475929219
leaf_weight=258 1518 1068 110 625 294 167
leaf_count=258 1518 1068 110 625 294 167
internal_value=4.5487e-06 0.00046397 -0.00113608 -0.000610259 3.46729e-05 -0.00204545
internal_weight=4040 2880 1160 735 1812 425
internal_count=4040 2880 1160 735 1812 425
is_linear=0
shrinkage=0.02


Tree=49
num_leaves=7
num_cat=0
split_feature=0 12 2 9 8 6
split_gain=5.08312 2.16961 1.44329 0.878766 0.871073 0.887662
threshold=-0.11997058962041283 25.625000000000004 -0.28064286153443291 3.5000000000000004 0.90167042760047933 -0.11297534707911165
decision_type=10 10 10 2 8 2
left_child=2 4 3 -1 5 -2
right_child=1 -3 -4 -5 -6 -7
leaf_value=-0.00079814272736190655 -0.0024040644255769877 0.0013144853434900081 -0.00067793745941422193 -0.0030096441584140489 0.00024341202494856901 0.00020302253140665555
leaf_weight=109 106 834 840 211 1837 103
leaf_count=109 106 834 840 211 1837 103
internal_value=4.45773e-06 0.000454691 -0.00111336 -0.00225635 0.000104217 -0.00111923
internal_weight=4040 2880 1160 320 2046 209
internal_count=4040 2880 1160 320 2046 209
is_linear=0
shrinkage=0.02


Tree=50
num_leaves=7
num_cat=0
split_feature=0 3 7 6 11 7
split_gain=4.09317 1.58682 1.50228 0.908184 0.835733 0.774246
threshold=0.059572535460013051 0.046265825406677528 1.0000000180025095e-35 -0.019807409311500154 1.7500000000000002 0.15062945298330974
decision_type=10 10 2 2 8 2
left_child=1 2 -1 -4 -3 -2
right_child=5 4 3 -5 -6 -7
leaf_value=-0.0030412027875068954 -0.00019458523255299492 -0.00049495525902048458 -0.0010781420471172979 0.00014619834148192818 0.000674764027440624 0.00092939933948672673
leaf_weight=130 301 525 1029 317 457 1321
leaf_count=130 301 525 1029 317 457 1321
internal_value=-5.90043e-05 -0.000573598 -0.000988089 -0.000789794 4.94049e-05 0.000720818
internal_weight=4080 2458 1476 1346 982 1622
internal_count=4080 2458 1476 1346 982 1622
is_linear=0
shrinkage=0.02


Tree=51
num_leaves=7
num_cat=0
split_feature=0 12 2 6 12 7
split_gain=3.93108 1.70991 1.62467 2.22521 0.953521 0.961848
threshold=0.059572535460013051 20.875000000000004 -0.11081551306052097 -0.12470824229891452 25.625000000000004 0.19130395482168466
decision_type=10 10 10 2 8 2
left_child=1 -1 3 -3 -2 -6
right_child=4 2 -4 -5 5 -7
leaf_value=-0.0011367989695174267 0.00028863465391849966 -0.0030949750527483255 0.00035125852070668471 7.921269129154869e-05 -0.00039203619981859007 0.0016044180526772675
leaf_weight=1124 931 149 968 217 116 575
leaf_count=1124 931 149 968 217 116 575
internal_value=-5.78242e-05 -0.000562126 -7.7919e-05 -0.00121301 0.000706401 0.00126927
internal_weight=4080 2458 1334 366 1622 691
internal_count=4080 2458 1334 366 1622 691
is_linear=0
shrinkage=0.02


Tree=52
num_leaves=7
num_cat=0
split_feature=12 12 1 7 6 2
split_gain=3.49223 1.99037 1.54568 1.26376 1.19042 1.0347
threshold=25.375000000000004 17.625000000000004 0.13592708949471372 -0.079171669050317986 -0.11909537298363844 0.19097813789322979
decision_type=10 8 2 2 2 8
left_child=1 -1 3 -3 -5 -2
right_child=5 2 -4 4 -6 -7
leaf_value=-0.0020545981791111226 0.00034661695138420048 -0.0022055969522303386 0.00094747531576708677 -0.0007164049488697585 0.00020186551388007957 0.0016320603116146606
leaf_weight=263 518 149 382 1259 1024 485
leaf_count=263 518 149 382 1259 1024 485
internal_value=-5.66677e-05 -0.000390738 -0.000235232 -0.000421002 -0.000304531 0.000968192
internal_weight=4080 3077 2814 2432 2283 1003
internal_count=4080 3077 2814 2432 2283 1003
is_linear=0
shrinkage=0.02


Tree=53
num_leaves=7
num_cat=0
split_feature=12 12 8 6 2 2
split_gain=3.35394 1.91155 1.18804 1.21123 0.99373 0.78861
threshold=25.375000000000004 17.625000000000004 0.88970560230273643 -0.28471478170302217 0.19097813789322979 -0.077842309325974871
decision_type=10 8 10 2 8 8
left_child=1 5 3 -3 -2 -1
right_child=4 2 -4 -5 -6 -7
leaf_value=-0.0011556992335873513 0.00033968460062843689 -0.0028830325278400813 2.3051030673864653e-05 -0.00058220842037412491 0.0015994191072766007 -0.0034117316038347781
leaf_weight=163 518 106 2038 670 485 100
leaf_count=163 518 106 2038 670 485 100
internal_value=-5.55344e-05 -0.000382923 -0.000230527 -0.000896496 0.000948828 -0.00201351
internal_weight=4080 3077 2814 776 1003 263
internal_count=4080 3077 2814 776 1003 263
is_linear=0
shrinkage=0.02


Tree=54
num_leaves=7
num_cat=0
split_feature=12 12 8 6 3 7
split_gain=3.22112 1.83585 1.14099 1.16326 0.677 0.674032
threshold=25.375000000000004 17.625000000000004 0.88970560230273643 -0.28471478170302217 0.05820234982481727 -0.079171669050317986
decision_type=10 8 10 2 8 2
left_child=1 -1 3 -3 -2 -4
right_child=4 2 5 -5 -6 -7
leaf_value=-0.0019732360980392015 0.00039606547955954141 -0.0028253718549034225 -0.0013014613570632428 -0.00057056425974609634 0.0014356532813195656 0.00012250523053163094
leaf_weight=263 488 106 143 670 515 1895
leaf_count=263 488 106 143 670 515 1895
internal_value=-5.44237e-05 -0.000375265 -0.000225917 -0.000878566 0.000929852 2.259e-05
internal_weight=4080 3077 2814 776 1003 2038
internal_count=4080 3077 2814 776 1003 2038
is_linear=0
shrinkage=0.02


Tree=55
num_leaves=7
num_cat=0
split_feature=0 8 11 7 11 1
split_gain=2.80712 1.45259 1.31691 0.894771 0.882019 0.850061
threshold=-0.11997058962041283 0.97465896279119157 4.7500000000000009 0.10791526492422272 -4.7499999999999991 0.037287636185870554
decision_type=10 10 10 2 10 2
left_child=1 3 -2 -1 -3 -6
right_child=2 4 -4 -5 5 -7
leaf_value=-0.0029440036750413845 9.1179093278050203e-05 -0.0010676533878196349 0.0010658937778924647 -0.0010621611917846407 -0.00010413039139494664 0.0020625689256589144
leaf_weight=122 2151 188 747 589 205 112
leaf_count=122 2151 188 747 589 205 112
internal_value=4.01304e-06 -0.000802499 0.000342425 -0.00138507 1.77072e-05 0.000661391
internal_weight=4114 1216 2898 711 505 317
internal_count=4114 1216 2898 711 505 317
is_linear=0
shrinkage=0.02


Tree=56
num_leaves=7
num_cat=0
split_feature=12 8 7 12 2 12
split_gain=2.77935 1.88301 1.0498 0.781299 0.696253 0.564769
threshold=25.375000000000004 0.92558007418505139 0.10791526492422272 17.625000000000004 0.1932085528164573 17.875000000000004
decision_type=10 10 2 8 8 8
left_child=1 2 -1 -3 -2 -4
right_child=4 3 5 -5 -6 -7
leaf_value=-0.0024781732938150345 0.00040824518246556133 -0.0013826857909927488 -0.0020585734834365375 0.0001542542425449637 0.001452788184401684 -0.00052267410679298731
leaf_weight=162 534 142 110 1937 489 740
leaf_count=162 534 142 110 1937 489 740
internal_value=3.93278e-06 -0.000295127 -0.00100265 4.92781e-05 0.000907543 -0.000721438
internal_weight=4114 3091 1012 2079 1023 850
internal_count=4114 3091 1012 2079 1023 850
is_linear=0
shrinkage=0.02


Tree=57
num_leaves=7
num_cat=0
split_feature=12 8 9 7 12 2
split_gain=2.66929 1.80844 1.00973 0.898826 0.75036 0.668682
threshold=25.375000000000004 0.92558007418505139 3.5000000000000004 0.10791526492422272 17.625000000000004 0.1932085528164573
decision_type=10 10 2 2 8 8
left_child=1 2 -1 -4 -3 -2
right_child=5 4 3 -5 -6 -7
leaf_value=-4.0701846655155681e-05 0.0004000802921050155 -0.0013550320832373601 -0.0028994447835330064 -0.0010613485512991371 0.00015116915238672175 0.0014237324431181956
leaf_weight=314 534 142 131 567 1937 489
leaf_count=314 534 142 131 567 1937 489
internal_value=3.85412e-06 -0.000289224 -0.000982601 -0.00140632 4.82925e-05 0.000889392
internal_weight=4114 3091 1012 698 2079 1023
internal_count=4114 3091 1012 698 2079 1023
is_linear=0
shrinkage=0.02


Tree=58
num_leaves=7
num_cat=0
split_feature=0 8 11 11 6 8
split_gain=2.56691 1.39171 1.19364 1.19276 1.17395 0.97546
threshold=-0.11997058962041283 0.42053751299755138 4.7500000000000009 -4.7499999999999991 -0.20243933229817701 0.996108207305893
decision_type=10 8 10 8 2 10
left_child=1 -1 -2 -3 -5 -6
right_child=2 3 -4 4 5 -7
leaf_value=-0.0028610020735017633 8.8187572320413705e-05 -0.0014951679862492189 0.00101616180886267 -0.0013655486775600971 -0.00021161696544591009 0.0015894350141561666
leaf_weight=115 2151 359 747 208 351 183
leaf_count=115 2151 359 747 208 351 183
internal_value=3.77703e-06 -0.000767455 0.000327386 -0.000548783 -9.08963e-05 0.000405597
internal_weight=4114 1216 2898 1101 742 534
internal_count=4114 1216 2898 1101 742 534
is_linear=0
shrinkage=0.02


Tree=59
num_leaves=7
num_cat=0
split_feature=12 8 7 6 12 8
split_gain=2.49632 1.69293 0.964889 0.758658 0.704077 0.61757
threshold=25.375000000000004 0.92558007418505139 0.10791526492422272 -0.2133798503098501 17.625000000000004 0.80955180575350016
decision_type=10 10 2 2 8 8
left_child=1 2 -1 -4 -3 -5
right_child=-2 4 3 5 -6 -7
leaf_value=-0.0023651793831743783 0.00086006869372240577 -0.0013125197055034708 -0.0016768320577891752 -0.0012031080032990124 0.00014649058315309993 0.00012634123727827724
leaf_weight=162 1023 142 225 211 1937 414
leaf_count=162 1023 142 225 211 1937 414
internal_value=3.70149e-06 -0.000279723 -0.00095059 -0.000680986 4.68372e-05 -0.000322481
internal_weight=4114 3091 1012 850 2079 625
internal_count=4114 3091 1012 850 2079 625
is_linear=0
shrinkage=0.02


Tree=60
num_leaves=7
num_cat=0
split_feature=12 0 1 7 2 2
split_gain=3.25262 1.27801 0.8118 0.855251 0.883187 0.74415
threshold=23.375000000000004 -0.20207702651097897 -0.070884650860806545 0.18337354154161362 0.29639581395420284 -0.55945195390203939
decision_type=10 10 2 2 10 10
left_child=1 5 -2 -4 -5 -1
right_child=2 -3 3 4 -6 -7
leaf_value=-0.0024498583134394927 -0.0010504003366420293 -0.00014808560429686467 -0.00027598543789375708 0.00074169642407485772 0.0021458533499058847 -0.00085407829276178994
leaf_weight=142 106 1504 270 1188 211 661
leaf_count=142 106 1504 270 1188 211 661
internal_value=3.16157e-06 -0.000492044 0.00064679 0.00075458 0.000953474 -0.00113627
internal_weight=4082 2307 1775 1669 1399 803
internal_count=4082 2307 1775 1669 1399 803
is_linear=0
shrinkage=0.02


Tree=61
num_leaves=7
num_cat=0
split_feature=12 0 8 6 2 3
split_gain=3.12382 1.2274 1.08739 0.848184 1.06513 0.874333
threshold=23.375000000000004 -0.20207702651097897 0.81929755924102732 -0.12232283399138566 0.29639581395420284 0.0055450543429849614
decision_type=10 10 8 2 10 8
left_child=1 -1 -2 4 5 -4
right_child=2 -3 3 -5 -6 -7
leaf_value=-0.001113545605700778 -0.0013403247553145604 -0.00014512389192183965 0.00071855346308208063 0.0011824813350399766 0.0019642206743389133 -0.00073984640654173762
leaf_weight=803 105 1504 315 885 126 344
leaf_count=803 105 1504 315 885 126 344
internal_value=3.09834e-06 -0.000482203 0.000633854 0.000757979 0.0002794 -4.27357e-05
internal_weight=4082 2307 1775 1670 785 659
internal_count=4082 2307 1775 1670 785 659
is_linear=0
shrinkage=0.02


Tree=62
num_leaves=7
num_cat=0
split_feature=0 8 7 6 0 11
split_gain=2.75423 1.37942 1.17152 1.0519 0.958538 0.823261
threshold=-0.12569006735175534 0.9802115841255451 0.096656564675597786 -0.24759214588176071 0.27343744749817611 2.7500000000000004
decision_type=10 10 2 2 10 10
left_child=1 -1 -2 -4 -5 -3
right_child=2 5 3 4 -6 -7
leaf_value=-0.0013645729070906835 -0.00066114839817009625 -0.00043958563793986493 -0.00028661468891425618 0.00060620328546377158 0.0025531997807567643 0.0015184858732494172
leaf_weight=713 406 358 537 1848 107 113
leaf_count=713 406 358 537 1848 107 113
internal_value=3.03637e-06 -0.000809732 0.000335099 0.000497409 0.000712765 3.01852e-05
internal_weight=4082 1184 2898 2492 1955 471
internal_count=4082 1184 2898 2492 1955 471
is_linear=0
shrinkage=0.02


Tree=63
num_leaves=7
num_cat=0
split_feature=12 0 8 3 3 7
split_gain=2.94178 1.12417 1.02265 0.653053 0.652035 0.6792
threshold=23.375000000000004 -0.20207702651097897 0.81929755924102732 -0.544427346514888 0.24984535004609948 0.18337354154161362
decision_type=10 10 8 10 10 2
left_child=1 3 -2 -1 5 -4
right_child=2 -3 4 -5 -6 -7
leaf_value=-0.0022720589121879155 -0.0012994312858209014 -0.00014538000514259744 -0.00036141436598150108 -0.00080106606896618337 0.0018795966655911951 0.00078855626371076681
leaf_weight=148 105 1504 246 655 178 1246
leaf_count=148 105 1504 246 655 178 1246
internal_value=2.97564e-06 -0.000467973 0.000615077 -0.00107218 0.00073545 0.00059895
internal_weight=4082 2307 1775 803 1670 1492
internal_count=4082 2307 1775 803 1670 1492
is_linear=0
shrinkage=0.02


Tree=64
num_leaves=7
num_cat=0
split_feature=0 8 7 2 11 11
split_gain=2.55845 1.30231 1.10481 1.01001 0.772401 0.765541
threshold=-0.12569006735175534 0.9802115841255451 0.096656564675597786 0.29639581395420284 2.7500000000000004 -5.2499999999999991
decision_type=10 10 2 10 10 8
left_child=1 5 -2 -4 -3 -1
right_child=2 4 3 -5 -6 -7
leaf_value=-0.0023202626610057272 -0.00064450816425530414 -0.00041935635377476042 0.00034286275132294319 0.0016577734378116541 0.001477266994585176 -0.0008903749449969921
leaf_weight=214 406 358 2231 261 113 499
leaf_count=214 406 358 2231 261 113 499
internal_value=2.91613e-06 -0.000780432 0.000322959 0.00048058 3.56722e-05 -0.00131954
internal_weight=4082 1184 2898 2492 471 713
internal_count=4082 1184 2898 2492 471 713
is_linear=0
shrinkage=0.02


Tree=65
num_leaves=7
num_cat=0
split_feature=2 11 11 2 11 2
split_gain=1.94465 1.34397 0.956481 0.900524 0.557602 0.534061
threshold=0.19961302783786114 -10.749999999999998 4.7500000000000009 -0.37035331647473219 6.2500000000000009 0.15263571038734297
decision_type=10 8 10 8 10 8
left_child=1 -1 -2 -3 5 -5
right_child=2 3 -4 4 -6 -7
leaf_value=-0.0024114403732410456 0.00033898609243271176 -0.0017964432128875706 0.0017863338353941646 -6.711196793013802e-05 0.00057939319527462794 -0.00077629265869981652
leaf_weight=111 515 131 283 2107 414 532
leaf_count=111 515 131 283 2107 414 532
internal_value=-3.35738e-05 -0.000248112 0.000852269 -0.000172694 -0.000103021 -0.000210077
internal_weight=4093 3295 798 3184 3053 2639
internal_count=4093 3295 798 3184 3053 2639
is_linear=0
shrinkage=0.02


Tree=66
num_leaves=7
num_cat=0
split_feature=2 11 11 2 9 3
split_gain=1.86764 1.29303 0.918605 0.804994 0.8366 0.698403
threshold=0.19961302783786114 -9.7499999999999982 4.7500000000000009 -0.2516651460614589 4.5000000000000009 -0.24471767402800429
decision_type=10 8 10 10 2 10
left_child=1 -1 -2 4 -3 -5
right_child=2 3 -4 5 -6 -7
leaf_value=-0.0018142851941738997 0.00033220635904609546 -0.00017767689686268569 0.0017506071554115141 0.0013196014386241235 -0.0016590525307067477 -6.7198580654205466e-05
leaf_weight=197 515 375 283 155 257 2311
leaf_count=197 515 375 283 155 257 2311
internal_value=-3.29023e-05 -0.000243149 0.000835223 -0.000143242 -0.000780072 1.99685e-05
internal_weight=4093 3295 798 3098 632 2466
internal_count=4093 3295 798 3098 632 2466
is_linear=0
shrinkage=0.02


Tree=67
num_leaves=7
num_cat=0
split_feature=12 11 2 9 8 2
split_gain=2.01102 1.05804 0.959983 1.56747 0.84104 0.622539
threshold=23.625000000000004 -11.249999999999998 -0.55945195390203939 2.5000000000000004 0.86968696389872158 0.19097813789322979
decision_type=10 8 10 2 8 10
left_child=1 -1 3 -3 -2 -6
right_child=4 2 -4 -5 5 -7
leaf_value=-0.0023438300757460018 -0.0011787789504002855 -0.00018680783680655771 -0.00015360490426041535 -0.0031484871338505077 0.00033277000097568782 0.0011749067076510331
leaf_weight=107 111 179 2023 119 1018 536
leaf_count=107 111 179 2023 119 1018 536
internal_value=-3.22443e-05 -0.000399358 -0.000309716 -0.00136949 0.000503102 0.000623237
internal_weight=4093 2428 2321 298 1665 1554
internal_count=4093 2428 2321 298 1665 1554
is_linear=0
shrinkage=0.02


Tree=68
num_leaves=7
num_cat=0
split_feature=12 6 0 2 7 2
split_gain=1.93215 1.41318 1.23765 0.908499 0.792454 0.754711
threshold=21.375000000000004 -0.11909537298363844 -0.039710165150209475 -0.34531007972407463 0.4330148758054419 0.19097813789322979
decision_type=10 2 10 8 2 10
left_child=3 2 4 -1 -2 -4
right_child=1 -3 5 -5 -6 -7
leaf_value=-0.0023833046249720218 -0.002345254807398106 0.00077735355172177498 -0.00020882026147939252 -0.00046349647622553024 -0.00027877937419500375 0.00095531222551460768
leaf_weight=106 146 1269 677 1412 151 332
leaf_count=106 146 1269 677 1412 151 332
internal_value=-3.15994e-05 0.000302039 -0.000159809 -0.000597554 -0.00129462 0.000174224
internal_weight=4093 2575 1306 1518 297 1009
internal_count=4093 2575 1306 1518 297 1009
is_linear=0
shrinkage=0.02


Tree=69
num_leaves=7
num_cat=0
split_feature=8 11 6 8 6 11
split_gain=1.74283 1.54235 1.0672 0.758764 0.649697 0.596254
threshold=0.90003217999902263 6.2500000000000009 -0.1290950779202005 0.42053751299755138 -0.24294550965962577 -4.2499999999999991
decision_type=10 10 2 8 2 8
left_child=3 2 -2 -1 -5 -6
right_child=1 -3 -4 4 5 -7
leaf_value=-0.0021616739230409551 -0.00038800881207654524 0.0011561728753721138 0.0004453209731146271 -0.0015902196725380508 -0.0011440181631943076 0.0001010001523959532
leaf_weight=130 1330 564 1143 185 218 523
leaf_count=130 1330 564 1143 185 218 523
internal_value=-3.09674e-05 0.000212391 -2.85073e-06 -0.000730853 -0.000529982 -0.000265281
internal_weight=4093 3037 2473 1056 926 741
internal_count=4093 3037 2473 1056 926 741
is_linear=0
shrinkage=0.02


Tree=70
num_leaves=7
num_cat=0
split_feature=0 2 6 8 6 0
split_gain=2.2188 1.23653 1.18147 1.45462 1.04763 0.890942
threshold=-0.12569006735175534 -0.16643373992113947 -0.21631670483655063 0.97403422084630298 -0.12012140362912717 0.17067041457322715
decision_type=10 10 2 8 2 10
left_child=1 -1 -3 -4 -2 -6
right_child=4 2 3 -5 5 -7
leaf_value=-0.0014826798910446783 -1.1041734674581167e-05 -0.0013911687030045592 -0.00077897232050671563 0.0013370648517085763 0.00052205937913080678 0.0019179963079902032
leaf_weight=470 1569 223 244 278 1109 219
leaf_count=470 1569 223 244 278 1109 219
internal_value=3.79925e-05 -0.000679387 -0.000172612 0.000347959 0.000338861 0.000752263
internal_weight=4112 1215 745 522 2897 1328
internal_count=4112 1215 745 522 2897 1328
is_linear=0
shrinkage=0.02


Tree=71
num_leaves=7
num_cat=0
split_feature=12 6 8 3 12 6
split_gain=3.07435 1.18996 1.06083 1.02083 0.847674 0.790279
threshold=21.375000000000004 -0.11909537298363844 0.90675106330148114 -0.052998958410020967 26.875000000000004 -0.20580057735377877
decision_type=8 2 8 10 8 2
left_child=2 3 -1 4 -2 -4
right_child=1 -3 5 -5 -6 -7
leaf_value=-0.0016101389252996903 -0.0010374189676476816 0.00086228947972856647 -0.0010653221263226236 0.000468337885667007 0.00093269338075139933 6.5102389593907714e-05
leaf_weight=386 440 1323 409 819 109 626
leaf_count=386 440 1323 409 819 109 626
internal_value=3.72327e-05 0.000434625 -0.000715325 2.10292e-05 -0.000646267 -0.000381606
internal_weight=4112 2691 1421 1368 549 1035
internal_count=4112 2691 1421 1368 549 1035
is_linear=0
shrinkage=0.02


Tree=72
num_leaves=7
num_cat=0
split_feature=12 6 8 2 9 6
split_gain=2.9526 1.14284 1.01882 0.932884 0.93276 2.02093
threshold=21.375000000000004 -0.11909537298363844 0.90675106330148114 -0.08988018924918538 3.5000000000000004 -0.12232283399138566
decision_type=8 2 8 10 2 2
left_child=2 3 -1 -2 5 -4
right_child=1 -3 4 -5 -6 -7
leaf_value=-0.0015779361628246893 -0.00098196326442420083 0.00084504369822440686 -0.00068959954553878217 0.0002926820558280381 -0.00075575949847375983 0.0027234187488899228
leaf_weight=386 292 1323 188 1076 737 110
leaf_count=386 292 1323 188 1076 737 110
internal_value=3.6488e-05 0.000425933 -0.000701018 2.06086e-05 -0.000373974 0.000570239
internal_weight=4112 2691 1421 1368 1035 298
internal_count=4112 2691 1421 1368 1035 298
is_linear=0
shrinkage=0.02


Tree=73
num_leaves=7
num_cat=0
split_feature=12 6 0 8 9 6
split_gain=2.83568 1.09758 0.988162 0.978478 0.895822 1.9409
threshold=21.375000000000004 -0.11909537298363844 -0.045667260987838847 0.90675106330148114 3.5000000000000004 -0.12232283399138566
decision_type=8 2 10 8 2 2
left_child=3 2 -2 -1 5 -5
right_child=1 -3 -4 4 -6 -7
leaf_value=-0.0015463774331961155 -0.00092934038042629427 0.00082814282247137771 0.00032448818050011404 -0.00067580754789424696 -0.00074064431389875263 0.0026689503743651914
leaf_weight=386 332 1323 1036 188 737 110
leaf_count=386 332 1323 1036 188 737 110
internal_value=3.57582e-05 0.000417414 2.01965e-05 -0.000686998 -0.000366495 0.000558835
internal_weight=4112 2691 1368 1421 1035 298
internal_count=4112 2691 1368 1421 1035 298
is_linear=0
shrinkage=0.02


Tree=74
num_leaves=7
num_cat=0
split_feature=12 12 6 1 0 7
split_gain=2.73846 1.19354 1.08036 1.02594 0.662725 0.772253
threshold=19.625000000000004 27.125000000000004 -0.033661396352691719 -0.12019117595423293 -0.20207702651097897 0.3465740283363366
decision_type=8 10 2 2 10 2
left_child=4 2 3 -2 5 -1
right_child=1 -3 -4 -5 -6 -7
leaf_value=-0.00077785726106915031 -0.0018848500048100462 0.0011872722938425151 0.00078728291068624879 4.3680127302533829e-06 -0.0004551030261105619 -0.0025762124867389582
leaf_weight=201 122 496 731 1998 382 182
leaf_count=201 122 496 731 1998 382 182
internal_value=3.50431e-05 0.000281795 0.000124265 -0.000104351 -0.00104454 -0.00163243
internal_weight=4112 3347 2851 2120 765 383
internal_count=4112 3347 2851 2120 765 383
is_linear=0
shrinkage=0.02


Tree=75
num_leaves=7
num_cat=0
split_feature=12 0 7 12 2 2
split_gain=2.53621 1.44463 0.764923 0.644454 0.624169 0.470077
threshold=18.125000000000004 -0.069757716648499349 0.040882158147570492 16.125000000000004 0.12333265202226081 -0.068708356463446196
decision_type=8 10 2 10 8 10
left_child=3 2 -2 -1 -3 -4
right_child=1 4 5 -5 -6 -7
leaf_value=-0.0028846322356120631 -0.001878785472288127 0.00016873299617502493 -0.00067067698594998348 -0.0010277744881376357 0.00079419538592758246 0.00017569294578522935
leaf_weight=102 124 1407 491 280 1168 564
leaf_count=102 124 1407 491 280 1168 564
internal_value=2.89742e-05 0.00018696 -0.000392859 -0.00152358 0.000452438 -0.00021821
internal_weight=4136 3754 1179 382 2575 1055
internal_count=4136 3754 1179 382 2575 1055
is_linear=0
shrinkage=0.02


Tree=76
num_leaves=7
num_cat=0
split_feature=12 0 7 12 7 12
split_gain=2.43578 1.38742 0.734632 0.618934 0.570514 0.494181
threshold=18.125000000000004 -0.069757716648499349 0.040882158147570492 16.125000000000004 0.096656564675597786 26.375000000000004
decision_type=8 10 2 10 2 8
left_child=3 2 -2 -1 -3 -6
right_child=1 4 -4 -5 5 -7
leaf_value=-0.0028269395935257863 -0.0018412097726738261 -0.00027209498400273001 -0.00021384583431918402 -0.0010072189757567166 0.00037494439817966903 0.0010355392732034061
leaf_weight=102 124 380 1055 280 1556 639
leaf_count=102 124 380 1055 280 1556 639
internal_value=2.83947e-05 0.00018322 -0.000385002 -0.00149311 0.000443389 0.000567254
internal_weight=4136 3754 1179 382 2575 2195
internal_count=4136 3754 1179 382 2575 2195
is_linear=0
shrinkage=0.02


Tree=77
num_leaves=7
num_cat=0
split_feature=12 0 12 11 6 3
split_gain=2.33932 1.33248 0.594424 0.518579 0.478824 0.460664
threshold=18.125000000000004 -0.069757716648499349 16.125000000000004 4.7500000000000009 -0.019807409311500154 0.072679172422125723
decision_type=8 10 10 8 2 10
left_child=2 4 -1 -3 5 -2
right_child=1 3 -4 -5 -6 -7
leaf_value=-0.0027704008186108199 -0.00096222156051652271 0.00024155499816435607 -0.00098707460892286949 0.00085198291448111989 0.00031571039912894823 -1.4993125648506306e-05
leaf_weight=102 555 1761 280 814 298 326
leaf_count=102 555 1761 280 814 298 326
internal_value=2.78268e-05 0.000179556 -0.00146325 0.000434521 -0.000377302 -0.000611715
internal_weight=4136 3754 382 2575 1179 881
internal_count=4136 3754 382 2575 1179 881
is_linear=0
shrinkage=0.02


Tree=78
num_leaves=7
num_cat=0
split_feature=12 12 0 6 0 7
split_gain=2.2622 1.18022 0.983879 1.03327 0.650695 0.656636
threshold=21.125000000000004 16.125000000000004 -0.039710165150209475 -0.017275505384472849 -0.017980666099990078 0.096656564675597786
decision_type=8 10 10 2 10 2
left_child=1 -1 3 -2 -4 -6
right_child=2 -3 4 -5 5 -7
leaf_value=-0.0027149927565901012 -0.00074752125951121711 -0.00047704597368551741 0.0019715334582216448 0.00088081684459750942 -0.00045504559120672637 0.00063317280680085647
leaf_weight=102 529 1242 126 221 256 1660
leaf_count=102 529 1242 126 221 256 1660
internal_value=2.72703e-05 -0.00064689 0.000351794 -0.000267704 0.000579328 0.000487774
internal_weight=4136 1344 2792 750 2042 1916
internal_count=4136 1344 2792 750 2042 1916
is_linear=0
shrinkage=0.02


Tree=79
num_leaves=7
num_cat=0
split_feature=0 12 12 6 10 2
split_gain=2.1818 1.03415 0.72723 0.580371 0.581135 0.783731
threshold=-0.11997058962041283 17.125000000000004 21.125000000000004 -0.019807409311500154 1.0000000180025095e-35 -0.0084766889625300951
decision_type=10 8 8 2 2 10
left_child=1 -1 -2 4 5 -3
right_child=2 3 -4 -5 -6 -7
leaf_value=-0.0024396623713147155 -0.00024860291989981756 -0.0015874293592468194 0.0004973907805895341 0.00032773946762592232 0.00044043543582007185 -0.00023630656700791613
leaf_weight=121 682 385 2238 263 137 310
leaf_count=121 682 385 2238 263 137 310
internal_value=2.67249e-05 -0.000685098 0.000323155 -0.000491215 -0.000750091 -0.00098477
internal_weight=4136 1216 2920 1095 832 695
internal_count=4136 1216 2920 1095 832 695
is_linear=0
shrinkage=0.02


Tree=80
num_leaves=7
num_cat=0
split_feature=0 2 12 8 0 8
split_gain=2.29387 1.51115 0.986895 0.730795 0.712313 0.630795
threshold=0.058687052179021544 -0.11081551306052097 19.625000000000004 0.49557644131565443 -0.0035768685554862885 0.98213523014724113
decision_type=10 10 8 8 8 10
left_child=1 3 -3 -1 -4 -6
right_child=-2 2 4 -5 5 -7
leaf_value=-0.0025499981414311779 0.00063368537887975639 -0.00095415483760702348 0.00086466412230451982 -0.00077117285384326951 -0.00078369729326834947 0.000406557783243914
leaf_weight=104 1625 314 521 827 312 415
leaf_count=104 1625 314 521 827 312 415
internal_value=4.90219e-05 -0.000332076 4.80751e-05 -0.000969882 0.000300239 -0.000104253
internal_weight=4118 2493 1562 931 1248 727
internal_count=4118 2493 1562 931 1248 727
is_linear=0
shrinkage=0.02


Tree=81
num_leaves=7
num_cat=0
split_feature=0 8 3 9 6 12
split_gain=2.20304 1.29153 1.04205 0.600098 1.16102 0.528235
threshold=0.058687052179021544 0.42053751299755138 0.10300529414796954 7.5000000000000009 -0.11909537298363844 25.625000000000004
decision_type=10 8 10 2 2 8
left_child=1 -1 -3 -2 -5 -4
right_child=3 2 5 4 -6 -7
leaf_value=-0.002227939040762269 0.00098216079280387695 -0.00049832949358645084 0.00011137361421690433 -0.00046668635189255878 0.001110003265508212 0.0013762905837286996
leaf_weight=135 863 1627 558 434 328 173
leaf_count=135 863 1627 558 434 328 173
internal_value=4.80415e-05 -0.000325435 -0.000216513 0.000621012 0.000211994 0.000410732
internal_weight=4118 2493 2358 1625 762 731
internal_count=4118 2493 2358 1625 762 731
is_linear=0
shrinkage=0.02


Tree=82
num_leaves=7
num_cat=0
split_feature=12 8 1 2 7 2
split_gain=1.88566 1.37229 0.887734 1.33036 1.29266 0.698428
threshold=19.625000000000004 0.49557644131565443 0.037287636185870554 -0.11081551306052097 0.15062945298330974 0.22771232718804243
decision_type=8 8 2 8 2 10
left_child=-1 -2 3 -3 -4 -6
right_child=1 2 4 -5 5 -7
leaf_value=-0.00084533203486164186 -0.0018477571929397527 -0.0014170452582595104 -0.00050092627224717235 0.00022973372232202652 0.00063074612999691499 0.0016542132071515163
leaf_weight=770 120 238 341 1118 1187 344
leaf_count=770 120 238 341 1118 1187 344
internal_value=4.70807e-05 0.000252325 0.000330395 -5.93027e-05 0.000612676 0.000860709
internal_weight=4118 3348 3228 1356 1872 1531
internal_count=4118 3348 3228 1356 1872 1531
is_linear=0
shrinkage=0.02


Tree=83
num_leaves=7
num_cat=0
split_feature=12 8 1 7 12 3
split_gain=1.81099 1.31795 0.85258 1.24147 0.671419 0.627695
threshold=19.625000000000004 0.49557644131565443 0.037287636185870554 0.15062945298330974 26.125000000000004 0.040622205042652959
decision_type=8 8 2 2 10 10
left_child=-1 -2 -3 -4 -5 -6
right_child=1 2 3 4 5 -7
leaf_value=-0.00082842539377660229 -0.0018108020248279596 -5.811665106180272e-05 -0.00049090774203845256 0.00054617457319407138 0.00086737235984013928 0.0022980243976805999
leaf_weight=770 120 1356 341 1018 310 203
leaf_count=770 120 1356 341 1018 310 203
internal_value=4.6139e-05 0.000247278 0.000323787 0.000600422 0.000843495 0.0014335
internal_weight=4118 3348 3228 1872 1531 513
internal_count=4118 3348 3228 1872 1531 513
is_linear=0
shrinkage=0.02


Tree=84
num_leaves=7
num_cat=0
split_feature=0 2 7 12 0 0
split_gain=1.97067 1.35953 1.00464 0.882434 0.852834 0.751762
threshold=0.058687052179021544 -0.11081551306052097 0.15062945298330974 19.625000000000004 0.071570290500877959 0.14980875003857883
decision_type=10 10 2 8 10 10
left_child=1 -1 -2 -3 -4 -6
right_child=2 3 4 -5 5 -7
leaf_value=-0.0009129785072741933 -0.00043708520737991129 -0.00089514330340546388 0.0024660717982172582 0.00029100646475492401 0.00019660260437198403 0.0011997617465282862
leaf_weight=931 310 314 116 1248 633 566
leaf_count=931 310 314 116 1248 633 566
internal_value=4.52163e-05 -0.000308015 0.000587128 5.25615e-05 0.000828577 0.000670154
internal_weight=4118 2493 1625 1562 1315 1199
internal_count=4118 2493 1625 1562 1315 1199
is_linear=0
shrinkage=0.02


Tree=85
num_leaves=7
num_cat=0
split_feature=12 7 6 2 2 12
split_gain=1.58676 1.25788 1.09224 1.17757 0.805188 0.608158
threshold=17.625000000000004 0.054257177896398417 -0.12012140362912717 0.1317825433460309 0.026008804917607334 26.625000000000004
decision_type=8 2 2 10 10 8
left_child=-1 4 3 -3 -2 -5
right_child=1 2 -4 5 -6 -7
leaf_value=-0.0014874345910560582 -0.0017986761639124066 -0.00045224367852452667 0.00062549805709953912 0.00025495372794670762 -0.00011495135332883676 0.0017255884792708282
leaf_weight=261 203 1178 1652 410 258 155
leaf_count=261 203 1178 1652 410 258 155
internal_value=2.17556e-05 0.000123908 0.000257018 -9.22236e-05 -0.000856375 0.000658402
internal_weight=4117 3856 3395 1743 461 565
internal_count=4117 3856 3395 1743 461 565
is_linear=0
shrinkage=0.02


Tree=86
num_leaves=7
num_cat=0
split_feature=1 12 6 0 7 7
split_gain=1.62495 1.2969 0.984408 1.1271 0.54741 0.515261
threshold=0.14980875003857883 17.625000000000004 -0.11909537298363844 -0.11997058962041283 0.063086293594882062 0.34418728971624629
decision_type=2 8 2 8 2 2
left_child=1 -1 3 -3 -4 -5
right_child=-2 2 4 5 -6 -7
leaf_value=-0.0015415826731265362 0.00088729681714041836 -0.0023136680146712248 -0.00079410832205114028 -0.00063881653517873364 0.00045451557502396476 9.3362008053462822e-05
leaf_weight=252 716 113 157 714 1332 833
leaf_count=252 716 113 157 714 1332 833
internal_value=2.13205e-05 -0.00016099 -5.05078e-05 -0.000385415 0.000322861 -0.000244567
internal_weight=4117 3401 3149 1660 1489 1547
internal_count=4117 3401 3149 1660 1489 1547
is_linear=0
shrinkage=0.02


Tree=87
num_leaves=7
num_cat=0
split_feature=1 12 7 6 1 9
split_gain=1.5606 1.24554 0.945572 0.833267 0.832102 0.76789
threshold=0.14980875003857883 17.625000000000004 0.054257177896398417 -0.12012140362912717 -0.079440207021874668 12.500000000000002
decision_type=2 8 2 2 2 2
left_child=1 -1 -3 4 -4 -6
right_child=-2 2 3 -5 5 -7
leaf_value=-0.0015107510139655677 0.00086955087692473548 -0.00098085776705011561 -0.0014991179401794338 0.00043421158252908773 -0.00029785037600650941 0.0010307825103490836
leaf_weight=252 716 383 188 1353 1015 210
leaf_count=252 716 383 188 1353 1015 210
internal_value=2.08941e-05 -0.000157771 -4.94977e-05 7.9465e-05 -0.000260218 -7.00847e-05
internal_weight=4117 3401 3149 2766 1413 1225
internal_count=4117 3401 3149 2766 1413 1225
is_linear=0
shrinkage=0.02


Tree=88
num_leaves=7
num_cat=0
split_feature=1 12 7 2 2 3
split_gain=1.4988 1.19622 0.908127 0.598384 0.539289 0.470543
threshold=0.14980875003857883 17.625000000000004 0.054257177896398417 -0.33625505919010906 0.026008804917607334 -0.22776411797787613
decision_type=2 8 2 8 10 8
left_child=1 -1 4 -4 -3 -5
right_child=-2 2 3 5 -6 -7
leaf_value=-0.001480536020549369 0.00085215986170009291 -0.0017215866727813606 -0.0013885540831137762 0.0012025953345120143 -0.00022049108215310063 7.0465321703775825e-05
leaf_weight=252 716 189 107 156 194 2503
leaf_count=252 716 189 107 156 194 2503
internal_value=2.04762e-05 -0.000154615 -4.85077e-05 7.78757e-05 -0.000961241 0.000136886
internal_weight=4117 3401 3149 2766 383 2659
internal_count=4117 3401 3149 2766 383 2659
is_linear=0
shrinkage=0.02


Tree=89
num_leaves=7
num_cat=0
split_feature=1 12 7 8 8 0
split_gain=1.43945 1.14885 0.872165 0.573344 0.472656 0.403867
threshold=0.14980875003857883 17.625000000000004 0.054257177896398417 0.92390250951749398 0.88767616793598936 0.18525752391003719
decision_type=2 8 2 10 10 10
left_child=1 4 3 -3 -1 -2
right_child=5 2 -4 -5 -6 -7
leaf_value=-0.0025188095523044469 0.0014124914207036532 -0.0021848145242406177 7.6318224036976833e-05 -0.00046020615390380436 -0.00074836983621169475 0.00044434075623279572
leaf_weight=100 289 107 2766 276 152 427
leaf_count=100 289 107 2766 276 152 427
internal_value=2.00667e-05 -0.000151523 -4.75376e-05 -0.000942016 -0.00145093 0.000835117
internal_weight=4117 3401 3149 383 252 716
internal_count=4117 3401 3149 383 252 716
is_linear=0
shrinkage=0.02


Tree=90
num_leaves=7
num_cat=0
split_feature=12 6 2 9 2 6
split_gain=1.44982 0.807082 0.631539 0.910215 0.906311 0.645999
threshold=22.375000000000004 -0.026459834865259886 0.11972619551913026 1.5000000000000002 -0.55945195390203939 -0.040550988256251412
decision_type=10 2 10 2 10 2
left_child=2 -2 3 -1 -5 -6
right_child=1 -3 -4 4 5 -7
leaf_value=0.00075173187282333526 0.000170399249916335 0.001040973278195701 0.00041488842753477069 -0.0024177848717271953 -0.00079908607076887618 0.00026583349199390551
leaf_weight=197 1574 584 354 113 968 298
leaf_count=197 1574 584 354 113 968 298
internal_value=4.98023e-05 0.000405995 -0.000348469 -0.000519934 -0.0007016 -0.000548418
internal_weight=4088 2158 1930 1576 1379 1266
internal_count=4088 2158 1930 1576 1379 1266
is_linear=0
shrinkage=0.02


Tree=91
num_leaves=7
num_cat=0
split_feature=0 6 8 2 6 6
split_gain=1.21035 1.09884 1.07404 0.549016 0.521612 0.552746
threshold=0.1496375403764246 -0.040550988256251412 0.85111954208173179 0.28190438629006237 0.059492845204754279 0.032609782965701106
decision_type=10 2 8 10 2 2
left_child=1 2 -1 -4 5 -3
right_child=-2 4 3 -5 -6 -7
leaf_value=-0.0014214845144194372 0.00080460174710336231 0.00057176167335845022 -0.00026693583766553469 0.00084013638925752813 -0.00010297927496180883 0.0021940728040667286
leaf_weight=312 702 437 1981 197 355 104
leaf_count=312 702 437 1981 197 355 104
internal_value=4.88063e-05 -0.000107888 -0.000324015 -0.000166801 0.00049273 0.000883629
internal_weight=4088 3386 2490 2178 896 541
internal_count=4088 3386 2490 2178 896 541
is_linear=0
shrinkage=0.02


Tree=92
num_leaves=7
num_cat=0
split_feature=12 7 0 9 2 7
split_gain=1.36456 0.637901 0.631895 0.478605 0.989582 0.415322
threshold=22.375000000000004 0.1647056973738005 0.13774917250713362 1.5000000000000002 -0.55945195390203939 0.37451969844841954
decision_type=10 2 10 2 10 2
left_child=2 -2 3 -1 -5 -6
right_child=1 -3 -4 4 5 -7
leaf_value=0.00044142497958692324 -0.00041446949178043451 0.00053975183564052443 0.0009916628434154715 -0.0023616856232747041 -0.00010915847385969428 -0.00078468982369519959
leaf_weight=218 331 1827 133 113 793 673
leaf_count=218 331 1827 133 113 793 673
internal_value=4.78301e-05 0.000393391 -0.000338553 -0.000437005 -0.000558283 -0.000419276
internal_weight=4088 2158 1930 1797 1579 1466
internal_count=4088 2158 1930 1797 1579 1466
is_linear=0
shrinkage=0.02


Tree=93
num_leaves=7
num_cat=0
split_feature=12 7 0 3 10 3
split_gain=1.31053 0.61264 0.606872 0.61824 0.581457 1.0905
threshold=22.375000000000004 0.1647056973738005 0.13774917250713362 0.050258165256464239 1.0000000180025095e-35 -0.6118221420490223
decision_type=10 2 10 10 2 10
left_child=2 -2 3 4 5 -1
right_child=1 -3 -4 -5 -6 -7
leaf_value=-0.0028606108335312457 -0.00040618009970796342 0.0005289567978810051 0.00097182958845497302 0.00015150288793872114 0.00019919072371907533 -0.00066206907654594877
leaf_weight=100 331 1827 133 522 250 925
leaf_count=100 331 1827 133 522 250 925
internal_value=4.68735e-05 0.000385523 -0.000331782 -0.000428265 -0.000665629 -0.000876561
internal_weight=4088 2158 1930 1797 1275 1025
internal_count=4088 2158 1930 1797 1275 1025
is_linear=0
shrinkage=0.02


Tree=94
num_leaves=7
num_cat=0
split_feature=11 2 6 1 7 8
split_gain=1.13246 0.995327 0.98661 0.897512 0.681382 0.626658
threshold=-4.2499999999999991 0.038520665113929826 -0.026459834865259886 -0.045667260987838847 0.1647056973738005 0.79874312625446386
decision_type=10 10 2 2 2 8
left_child=1 -1 3 -2 -4 -5
right_child=2 -3 4 5 -6 -7
leaf_value=-0.00094421717962834639 -0.00093964326200449133 0.0003408399140743723 -0.00065494179378683664 -0.0012467405667932357 0.0011013096161436786 0.00028842899859069269
leaf_weight=714 324 364 102 113 661 1810
leaf_count=714 324 364 102 113 661 1810
internal_value=4.59361e-05 -0.000510302 0.000245147 3.41479e-05 0.000866529 0.000198219
internal_weight=4088 1078 3010 2247 763 1923
internal_count=4088 1078 3010 2247 763 1923
is_linear=0
shrinkage=0.02


Tree=95
num_leaves=7
num_cat=0
split_feature=12 12 6 9 2 12
split_gain=1.4645 0.865176 0.631049 0.677788 1.3738 0.669013
threshold=25.375000000000004 16.875000000000004 -0.11909537298363844 2.5000000000000004 -0.33625505919010906 21.375000000000004
decision_type=10 8 2 2 10 8
left_child=1 -1 -3 -4 -5 -6
right_child=-2 2 3 4 5 -7
leaf_value=-0.0016661332872785813 0.00068112087056922555 -0.0003805872710404428 0.001222039214909485 -0.0022068893069894435 -0.00042304841050507116 0.00065311080710081428
leaf_weight=153 997 1670 219 102 379 592
leaf_count=153 997 1670 219 102 379 592
internal_value=1.39612e-05 -0.000199573 -0.000123819 0.000208073 1.12166e-06 0.000233065
internal_weight=4112 3115 2962 1292 1073 971
internal_count=4112 3115 2962 1292 1073 971
is_linear=0
shrinkage=0.02


Tree=96
num_leaves=7
num_cat=0
split_feature=12 12 3 0 7 6
split_gain=1.40651 0.830915 0.608974 0.805783 0.750267 0.60606
threshold=25.375000000000004 16.875000000000004 0.15668718440055521 0.17067041457322715 0.35649732168890252 -0.11909537298363844
decision_type=10 8 8 10 2 2
left_child=1 -1 3 4 -2 -3
right_child=2 5 -4 -5 -6 -7
leaf_value=-0.0016328106533577728 -0.0013424381898712945 -0.00037297551712881454 0.0013718218697443049 0.0012760094189371318 0.00040861331765092005 0.00020391139376921562
leaf_weight=153 148 1670 329 231 289 1292
leaf_count=153 148 1670 329 231 289 1292
internal_value=1.3682e-05 -0.000195581 0.000667498 0.000320609 -0.00018442 -0.000121342
internal_weight=4112 3115 997 668 437 2962
internal_count=4112 3115 997 668 437 2962
is_linear=0
shrinkage=0.02


Tree=97
num_leaves=7
num_cat=0
split_feature=12 12 3 0 7 6
split_gain=1.35081 0.798011 0.584859 0.773874 0.720557 0.58206
threshold=25.375000000000004 16.875000000000004 0.15668718440055521 0.17067041457322715 0.35649732168890252 -0.11909537298363844
decision_type=10 8 8 10 2 2
left_child=1 -1 3 4 -2 -3
right_child=2 5 -4 -5 -6 -7
leaf_value=-0.0016001544314515749 -0.0013155894246694908 -0.00036551600813441824 0.0013443854515614853 0.0012504892285160089 0.00040044102134589095 0.00019983316553362298
leaf_weight=153 148 1670 329 231 289 1292
leaf_count=153 148 1670 329 231 289 1292
internal_value=1.34083e-05 -0.00019167 0.000654148 0.000314196 -0.000180732 -0.000118915
internal_weight=4112 3115 997 668 437 2962
internal_count=4112 3115 997 668 437 2962
is_linear=0
shrinkage=0.02


Tree=98
num_leaves=7
num_cat=0
split_feature=12 12 7 6 3 0
split_gain=1.29732 0.76641 0.574177 0.651267 0.561698 0.743229
threshold=25.375000000000004 16.875000000000004 -0.079171669050317986 -0.11909537298363844 0.15668718440055521 0.17067041457322715
decision_type=10 8 2 2 8 10
left_child=1 -1 -3 -4 5 -2
right_child=4 2 3 -5 -6 -7
leaf_value=-0.0015681513679499915 -0.00017711711901738744 -0.0011626013768434452 -0.00031443379981615539 0.00030381683871143705 0.0013174977324518029 0.0012254794394129735
leaf_weight=153 437 196 1549 1217 329 231
leaf_count=153 437 196 1549 1217 329 231
internal_value=1.31402e-05 -0.000187836 -0.000116537 -4.24125e-05 0.000641066 0.000307913
internal_weight=4112 3115 2962 2766 997 668
internal_count=4112 3115 2962 2766 997 668
is_linear=0
shrinkage=0.02


Tree=99
num_leaves=7
num_cat=0
split_feature=12 12 7 6 8 11
split_gain=1.24594 0.73606 0.55144 0.625477 0.542547 0.886072
threshold=25.375000000000004 16.875000000000004 -0.079171669050317986 -0.11909537298363844 0.98624406578572632 -3.2499999999999996
decision_type=10 8 2 2 10 10
left_child=1 -1 -3 4 5 -4
right_child=-2 2 3 -5 -6 -7
leaf_value=-0.0015367883015987068 0.00062824421511578144 -0.0011393493592349469 0.00010202571791211132 0.00029774049943674446 4.7530654673516083e-05 -0.0013017644316003372
leaf_weight=153 997 196 314 1217 814 421
leaf_count=153 997 196 314 1217 814 421
internal_value=1.28774e-05 -0.00018408 -0.000114206 -4.15642e-05 -0.000308145 -0.00070205
internal_weight=4112 3115 2962 2766 1549 735
internal_count=4112 3115 2962 2766 1549 735
is_linear=0
shrinkage=0.02


Tree=100
num_leaves=7
num_cat=0
split_feature=8 6 2 2 6 12
split_gain=1.09145 0.943714 0.663267 0.603164 0.46299 0.576724
threshold=0.90003217999902263 -0.12842238802673511 0.33411362412694862 -0.20424754477715537 -0.14023375725034107 26.875000000000004
decision_type=8 2 10 8 2 10
left_child=-1 2 4 -3 5 -2
right_child=1 3 -4 -5 -6 -7
leaf_value=-0.00072560700696422951 -0.00028467946143198201 -0.00086664411135845725 0.0012744471065821202 0.00062216684380522367 -0.0014388738390951118 0.00099463548545375663
leaf_weight=632 1379 117 123 1562 121 157
leaf_count=632 1379 117 123 1562 121 157
internal_value=3.86413e-05 0.000178278 -0.000142563 0.00051842 -0.000247748 -0.000153916
internal_weight=4091 3459 1780 1679 1657 1536
internal_count=4091 3459 1780 1679 1657 1536
is_linear=0
shrinkage=0.02


Tree=101
num_leaves=7
num_cat=0
split_feature=12 6 1 1 2 3
split_gain=0.882289 0.958482 0.589018 0.995464 0.967066 0.836652
threshold=20.875000000000004 -0.046146786005061106 0.04666523168032382 0.028622901514833307 -0.11081551306052097 0.12825669143810889
decision_type=8 2 2 2 8 10
left_child=-1 2 3 4 -2 -6
right_child=1 -3 -4 -5 5 -7
leaf_value=-0.00041138423341231383 -0.0018909669503432895 0.00076828199092527727 0.0002709785958265114 -0.0022397341926467941 0.00089289230319114998 -0.00061260039384958677
leaf_weight=1225 109 905 1155 106 303 288
leaf_count=1225 109 905 1155 106 303 288
internal_value=3.78685e-05 0.00022989 -1.8577e-05 -0.000433511 -0.000159997 0.000159251
internal_weight=4091 2866 1961 806 700 591
internal_count=4091 2866 1961 806 700 591
is_linear=0
shrinkage=0.02


Tree=102
num_leaves=7
num_cat=0
split_feature=8 6 2 2 1 1
split_gain=1.03542 0.886514 0.635405 0.570257 0.547391 0.518511
threshold=0.90003217999902263 -0.12842238802673511 0.33411362412694862 -0.20424754477715537 0.05091445924331104 0.067895779666279701
decision_type=8 2 10 8 2 2
left_child=-1 2 4 -3 -2 -6
right_child=1 3 -4 -5 5 -7
leaf_value=-0.00070726262679974899 -0.00061795024466490783 -0.00084396260320885566 0.0012490791454911232 0.00060366620180006558 0.0013115488665132989 -9.1310208531269934e-05
leaf_weight=632 798 117 123 1562 123 736
leaf_count=632 798 117 123 1562 123 736
internal_value=3.71111e-05 0.000173117 -0.000137849 0.000502789 -0.000240802 0.000109565
internal_weight=4091 3459 1780 1679 1657 859
internal_count=4091 3459 1780 1679 1657 859
is_linear=0
shrinkage=0.02


Tree=103
num_leaves=7
num_cat=0
split_feature=8 7 2 12 8 3
split_gain=0.994421 0.719968 0.816248 0.442635 0.363843 0.63077
threshold=0.90003217999902263 -0.087224787948518914 -0.24286640779437005 29.375000000000004 0.42053751299755138 -0.2405784864392583
decision_type=8 2 8 10 10 10
left_child=4 -2 -3 -4 -1 -6
right_child=1 2 3 -5 5 -7
leaf_value=-0.0015805077921416794 -0.0010108535085082389 -0.0011958604683445779 0.00025396092295011061 0.0013277041748378793 0.00089970546522685757 -0.00082059411012180752
leaf_weight=143 195 151 2951 162 110 379
leaf_count=143 195 151 2951 162 110 379
internal_value=3.63689e-05 0.000169655 0.000240181 0.000309838 -0.000693117 -0.000433615
internal_weight=4091 3459 3264 3113 632 489
internal_count=4091 3459 3264 3113 632 489
is_linear=0
shrinkage=0.02


Tree=104
num_leaves=7
num_cat=0
split_feature=8 11 9 3 12 3
split_gain=0.955054 0.721789 0.528678 1.03615 0.572395 0.650487
threshold=0.90167042760047933 -8.7499999999999982 9.5000000000000018 0.14855799586077045 21.875000000000004 -0.095488646326669563
decision_type=8 8 2 10 10 8
left_child=-1 -2 -3 4 5 -4
right_child=1 2 3 -5 -6 -7
leaf_value=-0.00067329896484146054 -0.0010479336286882393 0.00042275148311567623 -0.00011599176918389276 0.0011221425369294595 -1.9699264214270646e-05 -0.0018574496163307008
leaf_weight=641 185 2124 160 220 576 185
leaf_count=641 185 2124 160 220 576 185
internal_value=3.56415e-05 0.000167361 0.000236221 -0.00011101 -0.000405574 -0.00104982
internal_weight=4091 3450 3265 1141 921 345
internal_count=4091 3450 3265 1141 921 345
is_linear=0
shrinkage=0.02


Tree=105
num_leaves=7
num_cat=0
split_feature=12 2 9 3 3 12
split_gain=0.719054 0.554078 0.683059 0.547661 0.518875 0.389357
threshold=27.125000000000004 -0.2516651460614589 9.5000000000000018 0.037543875819319464 -0.2100868349748429 17.875000000000004
decision_type=10 10 2 8 10 8
left_child=1 2 -1 -2 -3 -6
right_child=3 4 -4 -5 5 -7
leaf_value=-0.00024680212055838431 2.9814973378838117e-06 0.00090166590068556916 -0.0017331353107058419 0.0013163120763736184 -0.00094762694778862398 1.0484112511088569e-05
leaf_weight=503 236 248 164 275 182 2502
leaf_count=503 236 248 164 275 182 2502
internal_value=7.71048e-06 -9.19698e-05 -0.000612257 0.000709764 2.63903e-05 -5.44847e-05
internal_weight=4110 3599 667 511 2932 2684
internal_count=4110 3599 667 511 2932 2684
is_linear=0
shrinkage=0.02


Tree=106
num_leaves=7
num_cat=0
split_feature=12 8 2 9 6 2
split_gain=0.690579 0.576734 0.53841 0.633088 0.698243 0.526893
threshold=27.125000000000004 0.90167042760047933 -0.2516651460614589 2.5000000000000004 -0.12232283399138566 0.19097813789322979
decision_type=10 8 10 2 2 8
left_child=1 -1 3 4 -3 -2
right_child=5 2 -4 -5 -6 -7
leaf_value=-0.00065786473473276191 1.3135951012372971e-05 -0.00089298802734155095 0.00014322643795838686 -0.0014582515110824316 0.0010164197236039005 0.0012999374118704019
leaf_weight=597 240 165 2497 197 143 271
leaf_count=597 240 165 2497 197 143 271
internal_value=7.55627e-06 -9.01304e-05 2.27734e-05 -0.000572813 -6.47729e-06 0.000695569
internal_weight=4110 3599 3002 505 308 511
internal_count=4110 3599 3002 505 308 511
is_linear=0
shrinkage=0.02


Tree=107
num_leaves=7
num_cat=0
split_feature=12 8 3 3 9 12
split_gain=0.663232 0.553896 0.513272 0.457409 0.576315 0.449862
threshold=27.125000000000004 0.90167042760047933 0.037543875819319464 -0.32378734409174481 2.5000000000000004 21.875000000000004
decision_type=10 8 8 10 2 10
left_child=1 -1 -2 4 5 -3
right_child=2 3 -4 -5 -6 -7
leaf_value=-0.00064470744043071111 -2.5752707289815958e-06 0.000871502120653881 0.0012688535342162304 0.00012921794596301961 -0.0014552650884566407 -0.00069543472615935442
leaf_weight=597 236 130 275 2528 176 168
leaf_count=597 236 130 275 2528 176 168
internal_value=7.40515e-06 -8.83278e-05 0.000681657 2.2318e-05 -0.000547815 -1.18717e-05
internal_weight=4110 3599 511 3002 474 298
internal_count=4110 3599 511 3002 474 298
is_linear=0
shrinkage=0.02


Tree=108
num_leaves=7
num_cat=0
split_feature=12 8 2 10 6 2
split_gain=0.636968 0.531961 0.501883 0.589459 0.675075 0.493733
threshold=27.125000000000004 0.90167042760047933 -0.2516651460614589 1.0000000180025095e-35 -0.12232283399138566 0.19097813789322979
decision_type=10 8 10 2 2 8
left_child=1 -1 3 -3 -5 -2
right_child=5 2 -4 4 -6 -7
leaf_value=-0.0006318133016790839 7.4152108184838047e-06 -0.0014075416652012977 0.00013816696573191813 -0.000878363371212882 0.0009991001734392835 0.0012530655487925089
leaf_weight=597 240 197 2497 165 143 271
leaf_count=597 240 197 2497 165 143 271
internal_value=7.25704e-06 -8.65613e-05 2.18716e-05 -0.000553157 -6.68387e-06 0.000668024
internal_weight=4110 3599 3002 505 308 511
internal_count=4110 3599 3002 505 308 511
is_linear=0
shrinkage=0.02


Tree=109
num_leaves=7
num_cat=0
split_feature=8 6 11 2 0 7
split_gain=0.601695 0.501392 0.752312 0.556527 0.467917 0.316225
threshold=0.42053751299755138 -0.11297534707911165 -6.2499999999999991 0.35960992740963554 -0.11997058962041283 0.33314577665069783
decision_type=8 2 8 10 8 2
left_child=-1 3 5 4 -2 -3
right_child=1 2 -4 -5 -6 -7
leaf_value=-0.0013371955975168203 -0.0013608476348669716 -7.2643816282199524e-05 0.00045226647668014679 0.0012438604528182656 -0.00014374764427794261 -0.0016405104079283775
leaf_weight=129 135 106 1559 109 1972 100
leaf_count=129 135 106 1559 109 1972 100
internal_value=7.1119e-06 5.06727e-05 0.000302171 -0.000149641 -0.00022173 -0.000833744
internal_weight=4110 3981 1765 2216 2107 206
internal_count=4110 3981 1765 2216 2107 206
is_linear=0
shrinkage=0.02


Tree=110
num_leaves=7
num_cat=0
split_feature=12 3 7 1 6 3
split_gain=1.03548 0.554665 0.524556 0.542244 0.514264 0.572288
threshold=23.375000000000004 0.050258165256464239 0.71042864579296039 0.081015303260729532 -0.10369053559165274 -0.040980734622681814
decision_type=8 10 2 2 2 10
left_child=1 2 3 4 -1 -6
right_child=-2 -3 -4 -5 5 -7
leaf_value=-0.00095186329548870106 0.00033316432220996709 0.00020171295759782614 -0.0015167476957952037 0.00032468659387293176 0.00037847844372470522 -0.0013608357314951719
leaf_weight=638 1914 622 181 338 311 100
leaf_count=638 1914 622 181 338 311 100
internal_value=-6.65469e-06 -0.000303647 -0.000504115 -0.000371969 -0.00059644 -4.47124e-05
internal_weight=4104 2190 1568 1387 1049 411
internal_count=4104 2190 1568 1387 1049 411
is_linear=0
shrinkage=0.02


Tree=111
num_leaves=7
num_cat=0
split_feature=12 6 7 2 7 6
split_gain=0.994472 0.541195 0.654256 0.497508 0.396449 0.492475
threshold=23.375000000000004 -0.40221081345751192 0.71042864579296039 -0.0023740022541387826 0.54670982097641219 -0.15913725390076869
decision_type=8 2 2 10 2 2
left_child=1 -1 4 -4 -3 -6
right_child=-2 2 3 -5 5 -7
leaf_value=-0.0015809070195105196 0.00032650103694288537 -0.00021648177692066249 -0.0019328608649004609 -0.0001176175937165045 0.0016843643419311516 -3.7389466492716448e-05
leaf_weight=124 1914 1531 146 103 105 181
leaf_count=124 1914 1531 146 103 105 181
internal_value=-6.52159e-06 -0.000297574 -0.000220549 -0.00118198 -8.87963e-05 0.000594723
internal_weight=4104 2190 2066 249 1817 286
internal_count=4104 2190 2066 249 1817 286
is_linear=0
shrinkage=0.02


Tree=112
num_leaves=7
num_cat=0
split_feature=12 6 7 2 0 7
split_gain=0.955091 0.519764 0.628348 0.477807 0.396413 0.38075
threshold=23.375000000000004 -0.40221081345751192 0.71042864579296039 -0.0023740022541387826 0.27343744749817611 0.54670982097641219
decision_type=8 2 2 10 10 2
left_child=1 -1 5 -4 -2 -3
right_child=4 2 3 -5 -6 -7
leaf_value=-0.0015492888772484638 0.00024421500705030369 -0.00021215213955251365 -0.0018942036571568005 -0.00011526522588310312 0.0014135457058211847 0.00058282847513389368
leaf_weight=124 1790 1531 146 103 124 286
leaf_count=124 1790 1531 146 103 124 286
internal_value=-6.39116e-06 -0.000291623 -0.000216138 -0.00115834 0.000319971 -8.70204e-05
internal_weight=4104 2190 2066 249 1914 1817
internal_count=4104 2190 2066 249 1914 1817
is_linear=0
shrinkage=0.02


Tree=113
num_leaves=7
num_cat=0
split_feature=8 11 2 0 11 8
split_gain=0.734578 0.648514 0.532326 0.366998 0.364485 0.529861
threshold=0.49557644131565443 4.7500000000000009 0.19097813789322979 0.17373472511340515 -10.749999999999998 0.75311847699875811
decision_type=8 10 10 8 8 8
left_child=-1 4 -3 -4 -2 -6
right_child=1 2 3 -5 5 -7
leaf_value=-0.0013054447734455194 -0.0012657854509641334 0.00018829492086388854 0.00059433464491739875 0.0020584840986264188 0.0012199436395619739 -0.00010010259190335875
leaf_weight=167 101 556 150 126 127 2877
leaf_count=167 101 556 150 126 127 2877
internal_value=-6.26334e-06 4.88454e-05 0.000544725 0.00126275 -8.40279e-05 -4.4295e-05
internal_weight=4104 3937 832 276 3105 3004
internal_count=4104 3937 832 276 3105 3004
is_linear=0
shrinkage=0.02


Tree=114
num_leaves=7
num_cat=0
split_feature=12 3 1 7 2 10
split_gain=0.898528 0.523872 0.480493 0.382408 0.378872 0.567915
threshold=23.375000000000004 0.050258165256464239 0.081015303260729532 0.091059979636970378 -0.059136376551053339 1.0000000180025095e-35
decision_type=8 10 2 2 8 2
left_child=1 2 4 -3 -1 -6
right_child=-2 3 -4 -5 5 -7
leaf_value=-0.00037428930670427074 0.00031041253753203726 -0.00082193254383975387 0.00014357624745499047 0.00044703350428925218 -0.0015787608481768101 -0.00014097109405944745
leaf_weight=696 1914 117 378 505 329 165
leaf_count=696 1914 117 378 505 329 165
internal_value=-6.13808e-06 -0.000282795 -0.000477619 0.000208337 -0.000674939 -0.00109853
internal_weight=4104 2190 1568 622 1190 494
internal_count=4104 2190 1568 622 1190 494
is_linear=0
shrinkage=0.02


Tree=115
num_leaves=7
num_cat=0
split_feature=6 2 8 0 12 0
split_gain=1.00152 0.738948 0.644948 0.595329 0.644917 0.63132
threshold=-0.11909537298363844 0.18890503646935883 0.80955180575350016 -0.038273440435500468 22.375000000000004 0.015126285731405511
decision_type=2 10 8 8 8 8
left_child=1 -1 -2 4 -4 -5
right_child=2 -3 3 5 -6 -7
leaf_value=-0.00053170427389045028 -0.00079949970490937649 0.00035662242686298204 0.00050394106387328475 -0.0007003345123484119 0.0025365168069872786 0.00044315390987618205
leaf_weight=1718 194 479 161 231 102 1178
leaf_count=1718 194 479 161 231 102 1178
internal_value=-4.86418e-05 -0.000338027 0.000292076 0.00041873 0.00129224 0.000255683
internal_weight=4063 2197 1866 1672 263 1409
internal_count=4063 2197 1866 1672 263 1409
is_linear=0
shrinkage=0.02


Tree=116
num_leaves=7
num_cat=0
split_feature=12 3 8 11 11 1
split_gain=0.62283 0.595771 0.531135 0.400798 0.778986 0.335386
threshold=27.375000000000004 0.055102516322666807 0.42053751299755138 -4.2499999999999991 -3.2499999999999996 0.053615338456886062
decision_type=10 8 8 8 8 2
left_child=2 -2 -1 -4 -5 -6
right_child=1 -3 3 4 5 -7
leaf_value=-0.0013772958388930201 -7.8005697328373467e-05 0.0013491813142120124 -0.00046454728192439501 0.0010932137421865678 -0.00031477291342205891 0.00016271207160302049
leaf_weight=133 233 235 857 251 1191 1163
leaf_count=133 233 235 857 251 1191 1163
internal_value=-4.76689e-05 0.000638637 -0.000137013 -8.93648e-05 3.40638e-05 -7.88702e-05
internal_weight=4063 468 3595 3462 2605 2354
internal_count=4063 468 3595 3462 2605 2354
is_linear=0
shrinkage=0.02


Tree=117
num_leaves=7
num_cat=0
split_feature=6 2 8 0 7 0
split_gain=0.960474 0.701034 0.608539 0.576193 0.653492 0.60057
threshold=-0.11909537298363844 0.18890503646935883 0.80955180575350016 -0.038273440435500468 0.44554881133569474 0.015126285731405511
decision_type=2 10 8 8 2 8
left_child=1 -1 -2 4 -4 -5
right_child=2 -3 3 5 -6 -7
leaf_value=-0.00051875236699960305 -0.00077336848064172127 0.00034648520012370586 0.00035607115339513846 -0.00068287428390603614 0.0023576342291198671 0.00043241771003213616
leaf_weight=1718 194 479 143 231 120 1178
leaf_count=1718 194 479 143 231 120 1178
internal_value=-4.67155e-05 -0.000330109 0.000286948 0.000409975 0.00126933 0.00024957
internal_weight=4063 2197 1866 1672 263 1409
internal_count=4063 2197 1866 1672 263 1409
is_linear=0
shrinkage=0.02


Tree=118
num_leaves=7
num_cat=0
split_feature=6 2 8 0 12 0
split_gain=0.92244 0.673274 0.58444 0.553376 0.612639 0.576787
threshold=-0.11909537298363844 0.18890503646935883 0.80955180575350016 -0.038273440435500468 22.375000000000004 0.015126285731405511
decision_type=2 10 8 8 8 8
left_child=1 -1 -2 4 -4 -5
right_child=2 -3 3 5 -6 -7
leaf_value=-0.00050837732136479389 -0.00075790111969834787 0.000339555500951617 0.00047562644834288895 -0.00066921680064537274 0.0024566837042277936 0.00042376935354442654
leaf_weight=1718 194 479 161 231 102 1178
leaf_count=1718 194 479 161 231 102 1178
internal_value=-4.57812e-05 -0.000323507 0.000281209 0.000401776 0.00124395 0.000244579
internal_weight=4063 2197 1866 1672 263 1409
internal_count=4063 2197 1866 1672 263 1409
is_linear=0
shrinkage=0.02


Tree=119
num_leaves=7
num_cat=0
split_feature=6 2 1 6 7 0
split_gain=0.885911 0.646612 0.502752 0.471113 0.446766 0.852093
threshold=-0.11909537298363844 0.18890503646935883 0.055601893869653703 -0.14569649994900982 0.13596529093011439 0.18100898202070601
decision_type=2 10 2 2 2 8
left_child=1 2 -1 -4 -3 -6
right_child=-2 4 3 -5 5 -7
leaf_value=-0.00081240419847667159 0.00027558482365669249 -0.00085634551523617122 6.3429904413802346e-05 -0.0013936247602652978 -2.9229829918102239e-06 0.0020312630556031199
leaf_weight=932 1866 100 684 102 258 121
leaf_count=932 1866 100 684 102 258 121
internal_value=-4.48656e-05 -0.000317037 -0.00049821 -0.000125654 0.000332764 0.000646514
internal_weight=4063 2197 1718 786 479 379
internal_count=4063 2197 1718 786 479 379
is_linear=0
shrinkage=0.02


Tree=120
num_leaves=7
num_cat=0
split_feature=12 7 2 2 6 1
split_gain=0.75958 0.419465 0.629827 0.625153 0.679255 0.662687
threshold=17.625000000000004 0.054257177896398417 0.0076400966269654725 0.28190438629006237 -0.12012140362912717 -0.079440207021874668
decision_type=8 2 10 10 2 2
left_child=-1 2 -2 4 5 -3
right_child=1 3 -4 -5 -6 -7
leaf_value=-0.0010590542936019629 -0.0014781161355786026 -0.0013766010654389219 7.5918647865937263e-05 0.00091368700542857192 0.00034408689738019154 -0.00010299637157004326
leaf_weight=261 170 186 270 365 1471 1346
leaf_count=261 170 186 270 365 1471 1346
internal_value=-1.52932e-05 5.62461e-05 -0.000524504 0.000132116 3.71199e-05 -0.000257625
internal_weight=4069 3808 440 3368 3003 1532
internal_count=4069 3808 440 3368 3003 1532
is_linear=0
shrinkage=0.02


Tree=121
num_leaves=7
num_cat=0
split_feature=12 7 2 0 0 12
split_gain=0.73617 0.577072 0.675216 0.89208 0.599895 0.426
threshold=16.375000000000004 0.080151817989185373 0.28190438629006237 0.20788255459807245 0.18100898202070601 20.375000000000004
decision_type=8 2 10 8 8 10
left_child=-1 4 -3 -4 5 -2
right_child=1 2 3 -5 -6 -7
leaf_value=-0.0015648751045350268 -0.0010916545214508112 3.0102984724229869e-05 0.0002940715728510244 0.002455790962707764 -0.0015441473089319107 0.00037187973807158419
leaf_weight=119 119 3053 255 109 174 240
leaf_count=119 119 3053 255 109 174 240
internal_value=-1.49874e-05 3.17054e-05 0.00012718 0.0009414 -0.00058037 -0.000113247
internal_weight=4069 3950 3417 364 533 359
internal_count=4069 3950 3417 364 533 359
is_linear=0
shrinkage=0.02


Tree=122
num_leaves=7
num_cat=0
split_feature=8 11 6 1 8 6
split_gain=0.697778 0.522096 0.394534 0.721628 0.998525 0.454122
threshold=0.42053751299755138 -10.249999999999998 -0.12359387795122602 -0.074075695375034403 0.99031313776477525 0.13539053724587821
decision_type=8 8 2 2 10 2
left_child=-1 -2 3 4 -3 -4
right_child=1 2 5 -5 -6 -7
leaf_value=-0.0014563583609862971 -0.0011577689755891622 -0.002385997720449532 0.00038316588758210529 1.8521891380106321e-05 0.00030010571400634943 -0.0007873427819544708
leaf_weight=130 142 124 1672 1757 100 144
leaf_count=130 142 124 1672 1757 100 144
internal_value=-1.46876e-05 3.28923e-05 7.74205e-05 -0.000117774 -0.00118684 0.00029035
internal_weight=4069 3939 3797 1981 224 1816
internal_count=4069 3939 3797 1981 224 1816
is_linear=0
shrinkage=0.02


Tree=123
num_leaves=7
num_cat=0
split_feature=12 7 2 0 8 6
split_gain=0.693262 0.553415 0.646659 0.858439 0.616532 0.562469
threshold=16.375000000000004 0.080151817989185373 0.28190438629006237 0.20788255459807245 0.93193445259482999 -0.12012140362912717
decision_type=8 2 10 8 10 2
left_child=-1 4 5 -4 -2 -3
right_child=1 2 3 -5 -6 -7
leaf_value=-0.0015184351670000107 -0.0017364162909625858 -0.00023511744737473469 0.00028622549655390724 0.0024067922703718335 -0.0001723218404956457 0.00030799695962890308
leaf_weight=119 135 1566 255 109 398 1487
leaf_count=119 135 1566 255 109 398 1487
internal_value=-1.43939e-05 3.09178e-05 0.000124415 0.00092123 -0.000568481 2.94129e-05
internal_weight=4069 3950 3417 364 533 3053
internal_count=4069 3950 3417 364 533 3053
is_linear=0
shrinkage=0.02


Tree=124
num_leaves=7
num_cat=0
split_feature=8 11 6 1 8 3
split_gain=0.669341 0.48796 0.36281 0.689561 0.956858 0.454442
threshold=0.42053751299755138 -10.249999999999998 -0.12359387795122602 -0.074075695375034403 0.99031313776477525 0.28081429150698306
decision_type=8 8 2 2 10 10
left_child=-1 -2 3 4 -3 -5
right_child=1 2 -4 5 -6 -7
leaf_value=-0.0014260944649174166 -0.0011185852174370871 -0.002330554959461874 0.00027973176356385019 -5.9497861353921216e-05 0.00029890762958675621 0.0012974259005970365
leaf_weight=130 142 124 1816 1652 100 105
leaf_count=130 142 124 1816 1652 100 105
internal_value=-1.4106e-05 3.24943e-05 7.55423e-05 -0.00011164 -0.00115669 2.15932e-05
internal_weight=4069 3939 3797 1981 224 1757
internal_count=4069 3939 3797 1981 224 1757
is_linear=0
shrinkage=0.02


Tree=125
num_leaves=7
num_cat=0
split_feature=7 2 9 6 2 7
split_gain=0.696984 0.855524 0.662455 0.552758 0.674529 0.605472
threshold=0.080151817989185373 0.28190438629006237 7.5000000000000009 -0.019807409311500154 -0.34531007972407463 0.71772747328353514
decision_type=2 10 2 2 8 2
left_child=-1 3 -3 4 -2 -6
right_child=1 2 -4 -5 5 -7
leaf_value=-0.00066208370169746809 -0.0016261960535387818 0.00027676221834379807 0.0020054950961818944 0.0004483893205421745 4.3530190896059795e-05 -0.00089460162025716277
leaf_weight=572 120 209 154 779 1965 320
leaf_count=572 120 209 154 779 1965 320
internal_value=-1.42283e-05 9.02469e-05 0.00101016 -1.46306e-05 -0.000164607 -8.78493e-05
internal_weight=4119 3547 363 3184 2405 2285
internal_count=4119 3547 363 3184 2405 2285
is_linear=0
shrinkage=0.02


Tree=126
num_leaves=7
num_cat=0
split_feature=0 2 3 2 5 6
split_gain=0.860444 0.632446 0.899108 0.675258 0.893102 0.592219
threshold=-0.11997058962041283 -0.11081551306052097 -0.17885320761730525 -0.55945195390203939 3.5000000000000004 -0.24759214588176071
decision_type=10 10 10 10 2 2
left_child=1 2 3 4 -1 -2
right_child=5 -3 -4 -5 -6 -7
leaf_value=-0.002681022997351038 -0.00035849722303398212 -3.8929132129126081e-05 -0.0024528744853582357 0.00019475294664456761 -2.7579382620751859e-05 0.00032885472447768342
leaf_weight=103 646 667 124 239 100 2240
leaf_count=103 646 667 124 239 100 2240
internal_value=-1.39437e-05 -0.000456188 -0.000947904 -0.000525695 -0.00137391 0.000174998
internal_weight=4119 1233 566 442 203 2886
internal_count=4119 1233 566 442 203 2886
is_linear=0
shrinkage=0.02


Tree=127
num_leaves=7
num_cat=0
split_feature=8 6 8 2 6 11
split_gain=0.683573 0.701592 0.782 0.632007 0.59127 0.595832
threshold=0.42053751299755138 -0.24759214588176071 0.86045930860610642 0.015597651905880855 -0.28911720706732386 -1.0000000180025095e-35
decision_type=8 2 10 8 2 10
left_child=-1 2 -2 -3 -4 -6
right_child=1 3 4 -5 5 -7
leaf_value=-0.0013821796474463128 -0.0017408801019073103 -0.00018366783361480822 0.00018524029874072975 0.00040414650909928874 -7.777924365321293e-06 -0.0020942110260948536
leaf_weight=141 157 1191 514 1897 109 110
leaf_count=141 157 1191 514 1897 109 110
internal_value=-1.36648e-05 3.48421e-05 -0.000459905 0.000177434 -0.000185535 -0.00105576
internal_weight=4119 3978 890 3088 733 219
internal_count=4119 3978 890 3088 733 219
is_linear=0
shrinkage=0.02


Tree=128
num_leaves=7
num_cat=0
split_feature=0 2 7 7 7 7
split_gain=0.813021 0.599376 0.75441 0.61191 0.451787 0.365339
threshold=-0.11997058962041283 -0.11081551306052097 0.61267564222878357 0.11634416356297743 0.43572149805028371 0.19570151723855275
decision_type=10 10 2 2 2 2
left_child=1 2 4 -3 -1 -2
right_child=5 3 -4 -5 -6 -7
leaf_value=-0.0009637631092022066 -0.0002393671867778032 -0.001317424065792231 -0.002300524803914971 0.00024953791563406611 0.00041884050016668728 0.00029388189243069143
leaf_weight=305 669 122 124 545 137 2217
leaf_count=305 669 122 124 545 137 2217
internal_value=-1.33915e-05 -0.000443276 -0.000921964 -3.70728e-05 -0.000535219 0.00017027
internal_weight=4119 1233 566 667 442 2886
internal_count=4119 1233 566 667 442 2886
is_linear=0
shrinkage=0.02


Tree=129
num_leaves=7
num_cat=0
split_feature=0 2 3 2 5 6
split_gain=0.780826 0.57564 0.861949 0.649326 0.852585 0.547109
threshold=-0.11997058962041283 -0.11081551306052097 -0.17885320761730525 -0.55945195390203939 3.5000000000000004 -0.24759214588176071
decision_type=10 10 10 10 2 2
left_child=1 2 3 4 -1 -2
right_child=5 -3 -4 -5 -6 -7
leaf_value=-0.0025990202118760177 -0.0003459097978971818 -3.6331361512768026e-05 -0.0023770678014824946 0.0002163463380459548 -6.4633009955286984e-06 0.00031474519655083508
leaf_weight=103 646 667 124 239 100 2240
leaf_count=103 646 667 124 239 100 2240
internal_value=-1.31237e-05 -0.00043441 -0.000903525 -0.000490133 -0.0013219 0.000166865
internal_weight=4119 1233 566 442 203 2886
internal_count=4119 1233 566 442 203 2886
is_linear=0
shrinkage=0.02


Tree=130
num_leaves=7
num_cat=0
split_feature=7 9 6 7 7 1
split_gain=1.02693 0.446247 0.758645 0.715697 0.999483 0.417618
threshold=0.054257177896398417 9.5000000000000018 -0.070969985105131014 0.63225511784891242 0.22839122164521178 0.14980875003857883
decision_type=2 2 2 2 2 2
left_child=-1 5 3 4 -3 -2
right_child=1 2 -4 -5 -6 -7
leaf_value=-0.00079154100353509712 0.00022397764598697831 -0.0015261608907078371 0.00055364256160220801 -0.001616235806596005 0.00027625483601697876 0.00093902965960610517
leaf_weight=495 1913 164 437 174 493 394
leaf_count=495 1913 164 437 174 493 394
internal_value=6.22246e-05 0.000180438 -0.000120962 -0.000475718 -0.000173663 0.000346097
internal_weight=4070 3575 1268 831 657 2307
internal_count=4070 3575 1268 831 657 2307
is_linear=0
shrinkage=0.02


Tree=131
num_leaves=7
num_cat=0
split_feature=1 0 3 2 6 0
split_gain=0.536905 0.416766 0.406824 1.05196 0.620041 0.500548
threshold=0.14980875003857883 0.16635659547681766 -0.06200292754890583 -0.036758643700612305 -0.33295416175971998 0.064311696241932545
decision_type=2 10 8 10 2 10
left_child=2 -2 3 5 -4 -1
right_child=1 -3 4 -5 -6 -7
leaf_value=-0.00029405708715324547 0.0015134003264009497 0.00031276279993565224 -0.00092618614980333051 -0.0016626407652954333 0.0002199663826503747 0.00087655164460903698
leaf_weight=758 148 529 208 201 2045 181
leaf_count=758 148 529 208 201 2045 181
internal_value=6.09801e-05 0.000575236 -4.16286e-05 -0.0003495 0.000114152 -6.84126e-05
internal_weight=4070 677 3393 1140 2253 939
internal_count=4070 677 3393 1140 2253 939
is_linear=0
shrinkage=0.02


Tree=132
num_leaves=7
num_cat=0
split_feature=7 9 6 7 7 1
split_gain=0.98302 0.425768 0.726713 0.687557 0.958512 0.387503
threshold=0.054257177896398417 9.5000000000000018 -0.070969985105131014 0.63225511784891242 0.22839122164521178 0.14980875003857883
decision_type=2 2 2 2 2 2
left_child=-1 5 3 4 -3 -2
right_child=1 2 -4 -5 -6 -7
leaf_value=-0.00077555299368616427 0.00021959819044755098 -0.0014946229701362005 0.00054127071616085333 -0.0015840650793571753 0.00027046346311192037 0.00090838677194374294
leaf_weight=495 1913 164 437 174 493 394
leaf_count=495 1913 164 437 174 493 394
internal_value=5.97605e-05 0.000175419 -0.000118984 -0.000466194 -0.000170136 0.000337233
internal_weight=4070 3575 1268 831 657 2307
internal_count=4070 3575 1268 831 657 2307
is_linear=0
shrinkage=0.02


Tree=133
num_leaves=7
num_cat=0
split_feature=7 2 3 2 9 6
split_gain=0.944093 0.878607 0.583738 0.431937 0.645888 0.788025
threshold=0.054257177896398417 0.028257030899928797 -0.10245833379010967 0.18617120739621826 9.5000000000000018 -0.10369053559165274
decision_type=2 10 8 8 2 2
left_child=1 2 -1 4 -2 -6
right_child=3 -3 -4 -5 5 -7
leaf_value=-0.00070791650830602005 0.00028902243552210015 6.0718413251021318e-05 -0.0026814465240957881 0.00050123501884685099 -0.00084980314806832572 0.00029456056347527379
leaf_weight=129 1484 254 112 1102 575 414
leaf_count=129 1484 254 112 1102 575 414
internal_value=5.85653e-05 -0.000760042 -0.00162508 0.000171911 2.516e-05 -0.000370767
internal_weight=4070 495 241 3575 2473 989
internal_count=4070 495 241 3575 2473 989
is_linear=0
shrinkage=0.02


Tree=134
num_leaves=7
num_cat=0
split_feature=7 2 3 2 9 8
split_gain=0.906707 0.843814 0.560622 0.414832 0.620311 0.489739
threshold=0.054257177896398417 0.028257030899928797 -0.10245833379010967 0.18617120739621826 9.5000000000000018 0.77238751108849335
decision_type=2 10 8 8 2 10
left_child=1 2 -1 4 -2 -6
right_child=3 -3 -4 -5 5 -7
leaf_value=-0.00069375816523277944 0.00028324198675880991 5.9504055133452421e-05 -0.0026278175494891393 0.00049121032335920959 -0.0015725070610247804 -0.00019953977551119323
leaf_weight=129 1484 254 112 1102 118 871
leaf_count=129 1484 254 112 1102 118 871
internal_value=5.7394e-05 -0.000744841 -0.00159257 0.000168473 2.46567e-05 -0.000363352
internal_weight=4070 495 241 3575 2473 989
internal_count=4070 495 241 3575 2473 989
is_linear=0
shrinkage=0.02


Tree=135
num_leaves=7
num_cat=0
split_feature=8 11 0 6 6 12
split_gain=0.520809 0.384058 0.365841 0.303325 0.683853 0.643747
threshold=0.42053751299755138 -10.749999999999998 0.1496375403764246 0.078493806495887622 -0.031699059151254691 20.875000000000004
decision_type=8 8 10 2 2 8
left_child=-1 -2 3 4 -3 -6
right_child=1 2 -4 -5 5 -7
leaf_value=-0.0012125024619647337 -0.0011357949337768324 -7.7966744892376708e-05 0.00051803619488875242 -0.00064012437696770504 -0.0005484650083892648 0.0010956522628566966
leaf_weight=131 103 2341 692 263 124 411
leaf_count=131 103 2341 692 263 124 411
internal_value=2.80657e-05 6.93759e-05 0.000101778 1.00129e-05 6.94657e-05 0.000714586
internal_weight=4065 3934 3831 3139 2876 535
internal_count=4065 3934 3831 3139 2876 535
is_linear=0
shrinkage=0.02


Tree=136
num_leaves=7
num_cat=0
split_feature=8 11 0 12 2 6
split_gain=0.500185 0.368849 0.351354 0.294004 1.01124 0.330454
threshold=0.42053751299755138 -10.749999999999998 0.1496375403764246 26.625000000000004 0.12751650415003393 -0.10369053559165274
decision_type=8 8 10 10 8 2
left_child=-1 -2 3 5 -5 -3
right_child=1 2 -4 4 -6 -7
leaf_value=-0.0011882524507276658 -0.0011130790619939131 -0.00010484825907707682 0.00050767547250134845 -0.0019617668305900657 0.00032798039515142391 0.00033591515434990368
leaf_weight=131 103 1662 692 126 199 1152
leaf_count=131 103 1662 692 126 199 1152
internal_value=2.75043e-05 6.79884e-05 9.97425e-05 9.81266e-06 -0.000559737 7.55922e-05
internal_weight=4065 3934 3831 3139 325 2814
internal_count=4065 3934 3831 3139 325 2814
is_linear=0
shrinkage=0.02


Tree=137
num_leaves=7
num_cat=0
split_feature=8 7 0 8 12 8
split_gain=0.480378 0.365081 0.415382 0.59949 0.346742 0.684917
threshold=0.42053751299755138 0.080151817989185373 0.10043084596959463 0.99806232310090415 29.375000000000004 0.99338395242001798
decision_type=8 2 10 8 8 10
left_child=-1 2 3 -2 -3 -6
right_child=1 4 -4 -5 5 -7
leaf_value=-0.0011644873591779754 1.0844371676937027e-07 8.4289076924599617e-05 0.00054914186677353376 -0.0015384538029230527 0.0017651010098272998 -0.00026388904272873955
leaf_weight=131 212 3126 134 194 145 123
leaf_count=131 212 3126 134 194 145 123
internal_value=2.69543e-05 6.66286e-05 -0.000416393 -0.000735067 0.000143479 0.000833885
internal_weight=4065 3934 540 406 3394 268
internal_count=4065 3934 540 406 3394 268
is_linear=0
shrinkage=0.02


Tree=138
num_leaves=7
num_cat=0
split_feature=8 11 0 7 0 7
split_gain=0.461355 0.352705 0.329382 0.31637 0.523423 0.41798
threshold=0.42053751299755138 -10.749999999999998 0.1496375403764246 0.72227949517063628 0.034050944900665667 0.063086293594882062
decision_type=8 8 10 2 10 2
left_child=-1 -2 3 5 -5 -3
right_child=1 2 -4 4 -6 -7
leaf_value=-0.0011411976329413535 -0.0010896354089084182 -0.00050652259949793483 0.00049131960820539917 -0.0010160732291380529 0.00047324707653994359 0.00019132827592310874
leaf_weight=131 103 403 692 274 144 2318
leaf_count=131 103 403 692 274 144 2318
internal_value=2.64152e-05 6.5296e-05 9.63474e-05 9.27488e-06 -0.000503006 8.79715e-05
internal_weight=4065 3934 3831 3139 418 2721
internal_count=4065 3934 3831 3139 418 2721
is_linear=0
shrinkage=0.02


Tree=139
num_leaves=7
num_cat=0
split_feature=8 11 7 11 6 7
split_gain=0.443085 0.338738 0.295417 0.439138 0.367898 0.326938
threshold=0.42053751299755138 -10.749999999999998 0.080151817989185373 2.7500000000000004 -0.10133316624919994 0.72227949517063628
decision_type=8 8 2 8 2 2
left_child=-1 -2 3 4 -3 -4
right_child=1 2 5 -5 -6 -7
leaf_value=-0.0011183736565032307 -0.0010678426711424481 -0.00039234457295673087 0.00024889270238771653 -0.0012210352167894597 0.00099560708025688525 -0.00029941168959134992
leaf_weight=131 103 245 2800 160 111 515
leaf_count=131 103 245 2800 160 111 515
internal_value=2.58869e-05 6.39901e-05 9.44205e-05 -0.000350732 4.04156e-05 0.000163711
internal_weight=4065 3934 3831 516 356 3315
internal_count=4065 3934 3831 516 356 3315
is_linear=0
shrinkage=0.02


Tree=140
num_leaves=7
num_cat=0
split_feature=6 1 6 8 1 2
split_gain=0.844608 0.667676 0.665213 0.615712 0.517542 0.439334
threshold=-0.019807409311500154 0.082143110111669429 0.059492845204754279 0.49557644131565443 0.075718381439119756 -0.048750328250204943
decision_type=2 2 2 8 2 8
left_child=1 3 5 -1 -5 -2
right_child=2 -3 -4 4 -6 -7
leaf_value=-0.0018021066386522465 0.0020063868920890127 0.00028893667069634568 -1.7820917004774813e-05 -0.00015195930088592253 -0.0013978242592865323 0.00069489365216404838
leaf_weight=107 141 1081 420 1807 144 371
leaf_count=107 141 1081 420 1807 144 371
internal_value=4.34437e-05 -0.000113527 0.000572126 -0.000324928 -0.000243914 0.00105607
internal_weight=4071 3139 932 2058 1951 512
internal_count=4071 3139 932 2058 1951 512
is_linear=0
shrinkage=0.02


Tree=141
num_leaves=7
num_cat=0
split_feature=1 8 12 9 9 2
split_gain=0.466833 0.423279 0.293789 0.404138 0.204247 0.599164
threshold=0.15681947244093419 0.42053751299755138 26.875000000000004 6.5000000000000009 10.500000000000002 0.25097686711802764
decision_type=2 8 8 2 2 10
left_child=1 -1 -2 -4 -3 -6
right_child=2 4 3 -5 5 -7
leaf_value=-0.0011455738982013254 0.00018850671057748828 9.92179783550501e-05 0.0019358126670281348 0.00032425348414326984 -0.00040804783577431464 0.0012245383829576895
leaf_weight=135 365 2329 117 133 892 100
leaf_count=135 365 2329 117 133 892 100
internal_value=4.25748e-05 -4.77716e-05 0.000550278 0.00107846 -3.14549e-06 -0.000243473
internal_weight=4071 3456 615 250 3321 992
internal_count=4071 3456 615 250 3321 992
is_linear=0
shrinkage=0.02


Tree=142
num_leaves=7
num_cat=0
split_feature=7 3 0 12 9 3
split_gain=0.450866 0.474275 0.409549 0.543734 0.462478 0.365087
threshold=0.080151817989185373 -0.10245833379010967 0.15681947244093419 26.875000000000004 6.5000000000000009 -0.32378734409174481
decision_type=2 8 10 8 2 8
left_child=1 -1 5 -4 -5 -2
right_child=2 -3 3 4 -6 -7
leaf_value=0.00041773425865821264 -0.00084018441926067067 -0.00086642169783635026 9.551676730083524e-05 0.0023162174850292162 0.00050931714607108688 8.9121640048401611e-05
leaf_weight=163 180 391 318 109 118 2792
leaf_count=163 180 391 318 109 118 2792
internal_value=4.17233e-05 -0.000488592 0.000125259 0.00062925 0.00137695 3.2838e-05
internal_weight=4071 554 3517 545 227 2972
internal_count=4071 554 3517 545 227 2972
is_linear=0
shrinkage=0.02


Tree=143
num_leaves=7
num_cat=0
split_feature=6 6 1 8 1 1
split_gain=0.807724 0.638436 0.620139 0.574141 0.495644 0.410633
threshold=-0.019807409311500154 0.059492845204754279 0.082143110111669429 0.49557644131565443 0.075718381439119756 -0.029375554455195591
decision_type=2 2 2 8 2 2
left_child=2 5 3 -1 -5 -2
right_child=1 -3 -4 4 -6 -7
leaf_value=-0.001742791872467219 0.0021147750805724751 -2.005239796736056e-05 0.0002752557057899108 -0.00014813297515188129 -0.0013673561767144646 0.00073571689996378381
leaf_weight=107 110 420 1081 1807 144 402
leaf_count=107 110 420 1081 1807 144 402
internal_value=4.08889e-05 0.000557899 -0.000112616 -0.000316353 -0.000238122 0.001032
internal_weight=4071 932 3139 2058 1951 512
internal_count=4071 932 3139 2058 1951 512
is_linear=0
shrinkage=0.02


Tree=144
num_leaves=7
num_cat=0
split_feature=6 6 1 1 7 7
split_gain=0.775738 0.613154 0.595581 0.409946 0.405164 0.504982
threshold=-0.019807409311500154 0.059492845204754279 0.082143110111669429 0.075718381439119756 0.50395620928416596 0.64655405168434354
decision_type=2 2 2 2 2 2
left_child=2 -2 3 -1 -4 -6
right_child=1 -3 4 -5 5 -7
leaf_value=-0.00023088020307087073 0.0010113589566753945 -1.9651361301796334e-05 0.00054221184896549948 -0.0013167586860867839 -0.0011401237674252762 0.00037586404492372073
leaf_weight=1908 512 420 723 150 155 203
leaf_count=1908 512 420 723 150 155 203
internal_value=4.00711e-05 0.000546741 -0.000110364 -0.000310026 0.000269751 -0.000280499
internal_weight=4071 932 3139 2058 1081 358
internal_count=4071 932 3139 2058 1081 358
is_linear=0
shrinkage=0.02


Tree=145
num_leaves=7
num_cat=0
split_feature=7 11 7 7 3 3
split_gain=0.666737 0.448039 0.695359 0.601446 0.543306 0.581461
threshold=0.054257177896398417 2.2500000000000004 0.38076006250115374 0.33836149072249855 0.056483554508390779 0.0074809913222880272
decision_type=2 8 2 2 8 10
left_child=-1 2 -2 -3 5 -5
right_child=1 3 -4 4 -6 -7
leaf_value=-0.00059688454612161971 0.00039468084475557718 -0.00017147495487537738 -0.00036594846320356882 0.00053000473770628358 0.0011271987474561229 -0.0011319857139140367
leaf_weight=499 875 482 1067 533 549 100
leaf_count=499 875 482 1067 533 549 100
internal_value=8.8309e-05 0.000183126 -2.32344e-05 0.000423963 0.000666773 0.000267447
internal_weight=4105 3606 1942 1664 1182 633
internal_count=4105 3606 1942 1664 1182 633
is_linear=0
shrinkage=0.02


Tree=146
num_leaves=7
num_cat=0
split_feature=7 2 3 6 2 12
split_gain=0.640334 0.67801 0.770706 0.6293 0.575167 0.302323
threshold=0.054257177896398417 0.026008804917607334 -0.10245833379010967 -0.13575692080903265 -0.33625505919010906 27.125000000000004
decision_type=2 10 8 2 8 10
left_child=1 2 -1 -3 -2 -6
right_child=4 3 -4 -5 5 -7
leaf_value=-0.00031391349497537777 -0.00096318383362380524 -0.0006560043814170058 -0.0025941948070929929 0.0013664821440353989 0.0001614971066281475 0.00071189760167286536
leaf_weight=130 168 160 109 100 2977 461
leaf_count=130 168 160 109 100 2977 461
internal_value=8.65428e-05 -0.000584947 -0.00135387 0.000121875 0.000179464 0.0002353
internal_weight=4105 499 239 260 3606 3438
internal_count=4105 499 239 260 3606 3438
is_linear=0
shrinkage=0.02


Tree=147
num_leaves=7
num_cat=0
split_feature=7 2 3 2 1 2
split_gain=0.614977 0.651161 0.740186 0.55239 0.432107 0.441873
threshold=0.054257177896398417 0.026008804917607334 -0.10245833379010967 -0.33625505919010906 -0.074075695375034403 -0.10456752347900226
decision_type=2 10 8 8 2 10
left_child=1 2 -1 -2 5 -5
right_child=3 -3 -4 4 -6 -7
leaf_value=-0.00030763522111094342 -0.00094392014974021415 0.00011943753544003881 -0.0025423109095485952 -0.0011595609770280438 0.00031514368440727303 0.00015508014666506281
leaf_weight=130 168 260 109 169 3010 259
leaf_count=130 168 260 109 169 3010 259
internal_value=8.4812e-05 -0.000573248 -0.0013268 0.000175875 0.000230594 -0.000364019
internal_weight=4105 499 239 3606 3438 428
internal_count=4105 499 239 3606 3438 428
is_linear=0
shrinkage=0.02


Tree=148
num_leaves=7
num_cat=0
split_feature=7 2 6 2 1 8
split_gain=0.590624 0.625375 0.60438 0.530516 0.414996 0.463242
threshold=0.054257177896398417 0.026008804917607334 -0.13575692080903265 -0.33625505919010906 -0.074075695375034403 0.65133864040806833
decision_type=2 10 2 8 2 10
left_child=1 -1 -3 -2 5 -5
right_child=3 2 -4 4 -6 -7
leaf_value=-0.0013002609991722752 -0.00092504174756911765 -0.00064527303657450821 0.0013367637124843896 -0.0015483889917377383 0.00030884081461556701 6.5696818921601451e-06
leaf_weight=239 168 160 100 100 3010 328
leaf_count=239 168 160 100 100 3010 328
internal_value=8.31157e-05 -0.000561783 0.000117049 0.000172357 0.000225982 -0.000356738
internal_weight=4105 499 260 3606 3438 428
internal_count=4105 499 260 3606 3438 428
is_linear=0
shrinkage=0.02


Tree=149
num_leaves=7
num_cat=0
split_feature=7 2 2 1 12 2
split_gain=0.567235 0.60061 0.509507 0.398562 0.606505 0.47276
threshold=0.054257177896398417 0.026008804917607334 -0.33625505919010906 -0.074075695375034403 19.125000000000004 -0.11081551306052097
decision_type=2 10 8 2 8 10
left_child=1 -1 -2 4 -4 -6
right_child=2 -3 3 -5 5 -7
leaf_value=-0.0012742557807018879 -0.00090654091874707121 0.00011470781343254762 0.0008999005011119471 0.00030266400213476905 -0.0018600731735879724 -0.00023338713013799862
leaf_weight=239 168 260 114 3010 110 204
leaf_count=239 168 260 114 3010 110 204
internal_value=8.14534e-05 -0.000550547 0.00016891 0.000221463 -0.000349604 -0.000803245
internal_weight=4105 499 3606 3438 428 314
internal_count=4105 499 3606 3438 428 314
is_linear=0
shrinkage=0.02


Tree=150
num_leaves=7
num_cat=0
split_feature=11 6 1 8 2 2
split_gain=0.821732 0.489448 0.654878 0.610251 0.885137 0.475997
threshold=-9.7499999999999982 -0.24759214588176071 0.14980875003857883 0.99718817977850771 0.042326492918872312 0.26676191610065741
decision_type=8 2 2 8 8 10
left_child=-1 3 5 -2 -5 -3
right_child=1 2 -4 4 -6 -7
leaf_value=-0.0012073132595647692 0.00020232383088639779 -1.1671692090989142e-05 0.00086695522246898332 0.00027729690827254676 -0.0016277124519925566 0.00089321588106951438
leaf_weight=204 417 2275 509 160 250 259
leaf_count=204 417 2275 509 160 250 259
internal_value=2.98445e-05 9.5059e-05 0.000212314 -0.000336386 -0.000884294 8.08168e-05
internal_weight=4074 3870 3043 827 410 2534
internal_count=4074 3870 3043 827 410 2534
is_linear=0
shrinkage=0.02


Tree=151
num_leaves=7
num_cat=0
split_feature=11 8 1 1 3 2
split_gain=0.789192 0.369035 0.362928 0.394009 0.379055 0.755405
threshold=-9.7499999999999982 0.94433926094701393 0.14980875003857883 0.18328630702434115 0.072679172422125723 0.10927178111490278
decision_type=8 10 2 2 10 10
left_child=1 -1 4 -4 -2 -6
right_child=2 -3 3 -5 5 -7
leaf_value=-0.0020172938452182841 -0.00015184495853893122 -0.00031567510038148613 0.0011755160604353494 0.00015508439193900552 0.001295630519821297 2.9333167523738529e-05
leaf_weight=104 2107 100 236 422 241 864
leaf_count=104 2107 100 236 422 241 864
internal_value=2.92476e-05 -0.00118317 9.31579e-05 0.000521075 5.4961e-06 0.000305512
internal_weight=4074 204 3870 658 3212 1105
internal_count=4074 204 3870 658 3212 1105
is_linear=0
shrinkage=0.02


Tree=152
num_leaves=7
num_cat=0
split_feature=11 6 0 3 2 8
split_gain=0.75794 0.471063 0.611929 0.65972 0.597424 0.586152
threshold=-9.7499999999999982 -0.24759214588176071 0.14980875003857883 0.072679172422125723 0.068168035917242159 0.99718817977850771
decision_type=8 2 10 10 10 8
left_child=-1 5 3 -3 -5 -2
right_child=1 2 -4 4 -6 -7
leaf_value=-0.0011595036571060179 0.00019599602589265354 -0.00014560413462210038 0.00083913685313638899 0.0019677279587158058 0.00033993645677310897 -0.00086895068794227677
leaf_weight=204 417 1706 509 103 725 410
leaf_count=204 417 1706 509 103 725 410
internal_value=2.86627e-05 9.12947e-05 0.000206326 7.92144e-05 0.000542427 -0.00033197
internal_weight=4074 3870 3043 2534 828 827
internal_count=4074 3870 3043 2534 828 827
is_linear=0
shrinkage=0.02


Tree=153
num_leaves=7
num_cat=0
split_feature=11 6 2 6 6 2
split_gain=0.727925 0.452409 0.490779 0.625543 0.492738 0.466909
threshold=-9.7499999999999982 -0.24759214588176071 0.097282237868827323 -0.32285914119354903 -0.32902546726170961 -0.068708356463446196
decision_type=8 2 8 2 2 10
left_child=-1 2 4 -4 -2 -6
right_child=1 -3 3 -5 5 -7
leaf_value=-0.0011363135977658469 0.00088520336780362793 0.00020219944227818765 -0.001661576781231959 -6.8622400257282147e-05 -0.0015022388995984699 0.0002928677186547943
leaf_weight=204 195 3043 190 205 101 136
leaf_count=204 195 3043 190 205 101 136
internal_value=2.80894e-05 8.94688e-05 -0.000325331 -0.000834854 0.000140552 -0.000472136
internal_weight=4074 3870 827 395 432 237
internal_count=4074 3870 827 395 432 237
is_linear=0
shrinkage=0.02


Tree=154
num_leaves=7
num_cat=0
split_feature=2 6 12 6 1 1
split_gain=0.424533 0.437973 0.499493 0.499 0.446209 0.469753
threshold=0.28190438629006237 -0.11297534707911165 18.625000000000004 -0.099554430942039265 -0.051253803739725448 0.10958952530433534
decision_type=10 2 8 2 2 2
left_child=1 -1 -3 -4 -5 -6
right_child=-2 2 3 4 5 -7
leaf_value=-0.00023975817715995892 0.00063212983004248553 -0.00085447484886066777 0.0015864770519424622 0.0010579167476223251 -0.00020804816128811086 0.00066758681742071127
leaf_weight=2008 417 162 114 210 812 351
leaf_count=2008 417 162 114 210 812 351
internal_value=2.75276e-05 -4.14139e-05 0.000200111 0.000315003 0.000209432 5.62234e-05
internal_weight=4074 3657 1649 1487 1373 1163
internal_count=4074 3657 1649 1487 1373 1163
is_linear=0
shrinkage=0.02


Tree=155
num_leaves=7
num_cat=0
split_feature=1 3 2 9 8 6
split_gain=0.324847 0.277673 0.748141 0.55258 0.642583 0.457649
threshold=-0.19982458799343458 0.044135793353562672 0.091570244647807594 3.5000000000000004 0.14934625587686817 -0.24294550965962577
decision_type=2 10 10 2 10 2
left_child=-1 3 -3 5 -5 -2
right_child=1 2 -4 4 -6 -7
leaf_value=-0.0010630149721542251 -0.00064636478952511593 0.0012632005785612067 6.2144338066916753e-05 -0.0015045799321494995 -0.00013988672227239571 0.00064570879536279802
leaf_weight=107 135 254 1132 150 1727 584
leaf_count=107 135 254 1132 150 1727 584
internal_value=2.4461e-05 5.36825e-05 0.000282251 -6.835e-05 -0.000248946 0.000403108
internal_weight=4089 3982 1386 2596 1877 719
internal_count=4089 3982 1386 2596 1877 719
is_linear=0
shrinkage=0.02


Tree=156
num_leaves=7
num_cat=0
split_feature=1 0 2 12 1 7
split_gain=0.311983 0.266841 0.513802 0.338166 0.413165 0.324896
threshold=-0.19982458799343458 -0.093462419343661798 0.091570244647807594 19.625000000000004 -0.031424366551085346 0.3465740283363366
decision_type=2 8 8 8 2 2
left_child=-1 2 -2 4 -3 -6
right_child=1 3 -4 -5 5 -7
leaf_value=-0.0010417546481590405 0.0012645294287225409 0.00065007228925664958 -0.00050178274040923033 9.2666808133482384e-05 -0.00018736310841191108 -0.0012074681612926257
leaf_weight=107 186 117 102 3076 264 237
leaf_count=107 186 117 102 3076 264 237
internal_value=2.39718e-05 5.26088e-05 0.000638961 6.89435e-06 -0.000420025 -0.000669928
internal_weight=4089 3982 288 3694 618 501
internal_count=4089 3982 288 3694 618 501
is_linear=0
shrinkage=0.02


Tree=157
num_leaves=7
num_cat=0
split_feature=6 8 3 2 3 12
split_gain=0.290446 0.717068 0.555309 0.465269 0.451431 0.415983
threshold=-0.24759214588176071 0.3704962146471581 -0.21444422188478321 -0.2516651460614589 -0.37093470780806342 18.125000000000004
decision_type=2 10 10 8 10 10
left_child=1 -1 -3 4 -2 -4
right_child=3 2 5 -5 -6 -7
leaf_value=-0.0018458417514782576 0.00014643950721206651 0.0011981355774661768 -0.0014492680738510339 0.00018711704633763153 -0.0014984154865421632 -9.2982604829037289e-05
leaf_weight=105 132 115 107 2910 135 585
leaf_count=105 132 115 107 2910 135 585
internal_value=2.34924e-05 -0.000291112 -8.88239e-05 0.000113804 -0.000685229 -0.000302697
internal_weight=4089 912 807 3177 267 692
internal_count=4089 912 807 3177 267 692
is_linear=0
shrinkage=0.02


Tree=158
num_leaves=7
num_cat=0
split_feature=1 3 9 0 3 7
split_gain=0.297183 0.261766 0.532348 0.464847 0.406632 0.385987
threshold=-0.19982458799343458 0.044135793353562672 3.5000000000000004 -0.10107138836564271 0.0087639327176155819 0.42362682079794661
decision_type=2 10 2 8 8 2
left_child=-1 2 -2 -3 -4 -6
right_child=1 3 4 -5 5 -7
leaf_value=-0.0010171190896463172 0.00039523314439655335 0.0013203833895636761 -0.00012073637374816697 0.00014482417189127763 -0.00026255945440722641 -0.0017447095103561878
leaf_weight=107 719 151 1594 1235 153 130
leaf_count=107 719 151 1594 1235 153 130
internal_value=2.30225e-05 5.09721e-05 -6.75135e-05 0.000272897 -0.000244772 -0.000943406
internal_weight=4089 3982 2596 1386 1877 283
internal_count=4089 3982 2596 1386 1877 283
is_linear=0
shrinkage=0.02


Tree=159
num_leaves=7
num_cat=0
split_feature=1 3 2 0 1 1
split_gain=0.285415 0.2514 0.703036 0.418531 0.390688 0.342819
threshold=-0.19982458799343458 0.044135793353562672 0.068168035917242159 -0.038601473245963615 -0.017980666099990078 0.032896859885362277
decision_type=2 10 10 8 2 2
left_child=-1 -2 -3 -4 -5 -6
right_child=1 2 3 4 5 -7
leaf_value=-0.00099677672600982908 -6.6163205010245145e-05 0.0014296672573468965 -0.00080541296195308547 0.0013796494388098426 -0.00042685161686466461 0.00038952043018070982
leaf_weight=107 2596 181 177 109 311 608
leaf_count=107 2596 181 177 109 311 608
internal_value=2.25621e-05 4.99526e-05 0.000267439 9.28641e-05 0.000247529 0.000113251
internal_weight=4089 3982 1386 1205 1028 919
internal_count=4089 3982 1386 1205 1028 919
is_linear=0
shrinkage=0.02


Tree=160
num_leaves=7
num_cat=0
split_feature=12 6 0 8 6 6
split_gain=0.989449 0.492826 0.520998 0.421778 0.338187 0.319356
threshold=17.625000000000004 -0.11297534707911165 -0.11997058962041283 0.98493611187415853 0.082527068363144093 -0.015947914051639065
decision_type=8 2 8 8 2 2
left_child=3 2 -2 -1 5 -3
right_child=1 4 -4 -5 -6 -7
leaf_value=-0.0020465568791952554 -0.0015470947604418533 0.00011872382066192661 -0.00014587423036860334 -0.00046542642499789372 -0.00038042721199496783 0.0007250240693388656
leaf_weight=137 112 876 2029 133 298 576
leaf_count=137 112 876 2029 133 298 576
internal_value=-9.69202e-05 -1.56784e-05 -0.000219175 -0.0012677 0.000233285 0.00035924
internal_weight=4161 3891 2141 270 1750 1452
internal_count=4161 3891 2141 270 1750 1452
is_linear=0
shrinkage=0.02


Tree=161
num_leaves=7
num_cat=0
split_feature=12 6 0 11 6 1
split_gain=0.950267 0.47331 0.500367 0.387436 0.410376 0.365372
threshold=17.625000000000004 -0.11297534707911165 -0.11997058962041283 -6.2499999999999991 0.082527068363144093 -0.020820609255439593
decision_type=8 2 8 8 2 2
left_child=5 2 -2 -3 -5 -1
right_child=1 3 -4 4 -6 -7
leaf_value=-0.00028308153690304608 -0.001516152873809915 -0.00072598910505222464 -0.00014295674008426592 0.00046973966316018692 -0.00037233433444251794 -0.0018066250563044698
leaf_weight=100 112 155 2029 1314 281 170
leaf_count=100 112 155 2029 1314 281 170
internal_value=-9.49818e-05 -1.53649e-05 -0.000214791 0.000228619 0.000321387 -0.00124235
internal_weight=4161 3891 2141 1750 1595 270
internal_count=4161 3891 2141 1750 1595 270
is_linear=0
shrinkage=0.02


Tree=162
num_leaves=7
num_cat=0
split_feature=0 6 2 2 0 6
split_gain=0.621683 0.679771 1.42294 0.456006 0.514159 0.50919
threshold=-0.20207702651097897 -0.33295416175971998 0.022484703864926337 -1.0000000180025095e-35 -0.10652534548104088 -0.10232101373293696
decision_type=10 2 10 8 10 2
left_child=-1 2 -2 5 -5 -3
right_child=1 3 -4 4 -6 -7
leaf_value=-0.00051576199656939948 0.00098657220560084062 -0.00069854688414720714 -0.001829727877555369 0.0015635987842125038 0.00023245153998954608 0.00027231918445002099
leaf_weight=1043 111 452 203 124 1814 414
leaf_count=1043 111 452 203 124 1814 414
internal_value=-9.30821e-05 4.83082e-05 -0.000834157 0.000147129 0.000317623 -0.000234415
internal_weight=4161 3118 314 2804 1938 866
internal_count=4161 3118 314 2804 1938 866
is_linear=0
shrinkage=0.02


Tree=163
num_leaves=7
num_cat=0
split_feature=0 11 1 1 3 7
split_gain=0.597064 0.454182 0.609964 0.392856 0.453434 0.566469
threshold=-0.20207702651097897 -6.7499999999999991 0.0256901319472836 0.037672006462719093 -0.17570514888932356 0.51223936892802635
decision_type=10 10 2 2 8 2
left_child=1 2 -1 4 -3 -6
right_child=-2 3 -4 -5 5 -7
leaf_value=-0.00012273424415711742 4.7342055749571973e-05 0.00053998013723368223 -0.0019976535846727974 0.00034967553035258599 -0.0015628923169528468 2.5231715788443887e-05
leaf_weight=122 3118 109 161 277 224 150
leaf_count=122 3118 109 161 277 224 150
internal_value=-9.12205e-05 -0.000505447 -0.00118938 -0.00025077 -0.000595125 -0.000925944
internal_weight=4161 1043 283 760 483 374
internal_count=4161 1043 283 760 483 374
is_linear=0
shrinkage=0.02


Tree=164
num_leaves=7
num_cat=0
split_feature=12 6 0 8 11 6
split_gain=0.891887 0.440172 0.482645 0.402055 0.365149 0.394262
threshold=17.625000000000004 -0.11297534707911165 -0.11997058962041283 0.98493611187415853 -6.2499999999999991 0.082527068363144093
decision_type=8 2 8 8 8 2
left_child=3 2 -2 -1 -3 -6
right_child=1 4 -4 -5 5 -7
leaf_value=-0.0019613864149279677 -0.0014826896052857461 -0.00070372131624589528 -0.00013403105204973136 -0.00041766588856235033 0.00045849533775350708 -0.00036688039838286699
leaf_weight=137 112 155 2029 133 1314 281
leaf_count=137 112 155 2029 133 1314 281
internal_value=-8.93961e-05 -1.22636e-05 -0.000204582 -0.00120096 0.000223024 0.000313084
internal_weight=4161 3891 2141 270 1750 1595
internal_count=4161 3891 2141 270 1750 1595
is_linear=0
shrinkage=0.02


Tree=165
num_leaves=7
num_cat=0
split_feature=8 3 11 3 8 8
split_gain=0.400099 0.317044 0.546752 0.455843 0.52769 0.656946
threshold=0.42053751299755138 0.035200064580141362 4.7500000000000009 -0.24471767402800429 0.95132469694850363 0.99579144128166941
decision_type=8 10 8 8 8 10
left_child=-1 3 -3 4 -2 -6
right_child=1 2 -4 -5 5 -7
leaf_value=-0.0010740869340868733 0.0015091740598997278 7.7544899602688737e-06 0.00086160574725863517 -0.00023423843884726159 -0.0012523984026092177 0.0008160719426426416
leaf_weight=139 137 1056 419 2128 104 150
leaf_count=139 137 1056 419 2128 104 150
internal_value=-1.92687e-05 1.74413e-05 0.000250306 -0.000118913 0.000508742 -3.08608e-05
internal_weight=4133 3994 1475 2519 391 254
internal_count=4133 3994 1475 2519 391 254
is_linear=0
shrinkage=0.02


Tree=166
num_leaves=7
num_cat=0
split_feature=2 8 9 9 7 7
split_gain=0.40682 0.487213 0.657035 0.397862 0.477451 0.712568
threshold=0.19097813789322979 0.95417376019791666 8.5000000000000018 3.5000000000000004 0.4265213191366371 0.19130395482168466
decision_type=10 8 2 2 2 2
left_child=3 2 -2 4 5 -1
right_child=1 -3 -4 -5 -6 -7
leaf_value=0.0010816962166523287 -0.0015859917037260645 0.00065757303603753922 0.00065151388519707162 -0.00024678083275139718 0.00077942989295679487 -0.00067211595675653255
leaf_weight=129 104 622 106 2461 382 329
leaf_count=129 104 622 106 2461 382 329
internal_value=-1.88834e-05 0.000376355 -0.000456584 -0.000118501 0.000257327 -0.000178138
internal_weight=4133 832 210 3301 840 458
internal_count=4133 832 210 3301 840 458
is_linear=0
shrinkage=0.02


Tree=167
num_leaves=7
num_cat=0
split_feature=3 11 9 9 7 7
split_gain=0.352884 0.544042 0.493487 0.665426 0.436682 0.565139
threshold=0.035200064580141362 4.7500000000000009 9.5000000000000018 10.500000000000002 0.25663463597381492 0.62728534783405876
decision_type=10 8 2 2 2 2
left_child=2 -2 -1 -4 -5 -6
right_child=1 -3 3 4 5 -7
leaf_value=5.0905853009144833e-05 -1.3308714999901586e-05 0.00082965017969527724 -0.0017278490441066086 -0.00091797707386587451 0.00046086505033311715 -0.0009964797952892008
leaf_weight=1656 1083 427 153 287 379 148
leaf_count=1656 1083 427 153 287 379 148
internal_value=-1.85057e-05 0.000225064 -0.000158723 -0.000517716 -0.000290259 5.15917e-05
internal_weight=4133 1510 2623 967 814 527
internal_count=4133 1510 2623 967 814 527
is_linear=0
shrinkage=0.02


Tree=168
num_leaves=7
num_cat=0
split_feature=8 2 3 8 8 2
split_gain=0.381318 0.40852 0.384994 0.508965 0.627729 0.440655
threshold=0.42053751299755138 0.19097813789322979 -0.24471767402800429 0.95132469694850363 0.99579144128166941 -0.20424754477715537
decision_type=8 10 8 8 10 8
left_child=-1 2 3 -2 -5 -4
right_child=1 -3 5 4 -6 -7
leaf_value=-0.0010478986934055205 0.0014861710543615104 0.00041935424682612777 -0.001437461386124293 -0.0012203596996215101 0.00080159200715521973 -0.00011677624658691406
leaf_weight=139 137 808 105 104 150 2690
leaf_count=139 137 808 105 104 150 2690
internal_value=-1.81356e-05 1.77024e-05 -8.41603e-05 0.000503649 -2.62937e-05 -0.000166391
internal_weight=4133 3994 3186 391 254 2795
internal_count=4133 3994 3186 391 254 2795
is_linear=0
shrinkage=0.02


Tree=169
num_leaves=7
num_cat=0
split_feature=8 2 11 3 8 8
split_gain=0.366217 0.392342 0.388374 0.369748 0.48881 0.602871
threshold=0.42053751299755138 0.19097813789322979 4.7500000000000009 -0.24471767402800429 0.95132469694850363 0.99579144128166941
decision_type=8 10 10 8 8 10
left_child=-1 3 -3 4 -2 -6
right_child=1 2 -4 -5 5 -7
leaf_value=-0.0010269407427152819 0.0014564476139082092 8.8160007874419618e-05 0.0010065690746111139 -0.00016306272756174201 -0.0011959524855662423 0.00078556019637423256
leaf_weight=139 137 524 284 2795 104 150
leaf_count=139 137 524 284 2795 104 150
internal_value=-1.77729e-05 1.73484e-05 0.000410967 -8.24771e-05 0.000493576 -2.57678e-05
internal_weight=4133 3994 808 3186 391 254
internal_count=4133 3994 808 3186 391 254
is_linear=0
shrinkage=0.02


Tree=170
num_leaves=7
num_cat=0
split_feature=6 6 6 12 2 2
split_gain=0.604154 0.375561 0.499699 0.40737 0.49781 0.451411
threshold=-0.11297534707911165 -0.15834119994816609 -0.17326813043323336 19.625000000000004 -0.17676494587611905 0.026008804917607334
decision_type=2 2 2 10 8 10
left_child=1 2 3 4 -1 -6
right_child=-2 -3 -4 -5 5 -7
leaf_value=0.00050985070113979635 0.0002959582546176022 -0.00065536088214332769 0.001016059625680037 3.307474742851024e-05 -0.0016780449321959169 -0.00015098748015589082
leaf_weight=105 1775 542 159 1176 196 128
leaf_count=105 1775 542 159 1176 196 128
internal_value=1.85937e-05 -0.000194902 -5.34238e-05 -0.000159373 -0.00068692 -0.00107476
internal_weight=4081 2306 1764 1605 429 324
internal_count=4081 2306 1764 1605 429 324
is_linear=0
shrinkage=0.02


Tree=171
num_leaves=7
num_cat=0
split_feature=1 3 8 9 8 12
split_gain=0.362495 0.329276 0.503478 0.520226 0.438852 0.455423
threshold=-0.19982458799343458 0.044135793353562672 0.97844218133037641 3.5000000000000004 0.49557644131565443 30.625000000000004
decision_type=2 10 8 2 8 8
left_child=-1 4 -3 -4 -2 -6
right_child=1 2 3 -5 5 -7
leaf_value=-0.0011710848998278381 -0.0012873069501225035 -0.00021092194579192439 -0.00023385244490199792 0.00086957546533085407 3.1435022791133611e-05 -0.0012521465304147067
leaf_weight=100 116 500 231 657 2361 116
leaf_count=100 116 500 231 657 2361 116
internal_value=1.82218e-05 4.80964e-05 0.000296708 0.000582535 -8.49821e-05 -2.86762e-05
internal_weight=4081 3981 1388 888 2593 2477
internal_count=4081 3981 1388 888 2593 2477
is_linear=0
shrinkage=0.02


Tree=172
num_leaves=7
num_cat=0
split_feature=6 6 6 7 11 6
split_gain=0.58167 0.359956 0.480651 0.389804 0.380483 0.359724
threshold=-0.11297534707911165 -0.15834119994816609 -0.17326813043323336 0.23464655161073891 2.7500000000000004 -0.39461306512290328
decision_type=2 2 2 2 10 2
left_child=1 2 3 5 -5 -1
right_child=-2 -3 -4 4 -6 -7
leaf_value=-0.0016600970279586574 0.00029001178846589594 -0.00064241851312692568 0.00099578068738820835 -0.00020627182290792979 0.00058767032827725324 -0.00034437870512016858
leaf_weight=104 1775 542 159 725 362 414
leaf_count=104 1775 542 159 725 362 414
internal_value=1.78574e-05 -0.000191628 -5.31203e-05 -0.00015703 5.81321e-05 -0.000608538
internal_weight=4081 2306 1764 1605 1087 518
internal_count=4081 2306 1764 1605 1087 518
is_linear=0
shrinkage=0.02


Tree=173
num_leaves=7
num_cat=0
split_feature=6 6 8 6 0 12
split_gain=0.558636 0.345701 0.853486 0.461617 0.387051 0.379404
threshold=-0.11297534707911165 -0.15834119994816609 0.996108207305893 -0.17326813043323336 0.030636993891034067 19.625000000000004
decision_type=2 2 8 2 10 10
left_child=1 3 -3 5 -4 -1
right_child=-2 2 4 -5 -6 -7
leaf_value=-0.0006630073792880753 0.00028421155049237681 -0.0015824255123440814 0.00060682579112778369 0.00097586508690959445 -0.00080942656868137426 3.1834638578148849e-05
leaf_weight=429 1775 222 190 159 130 1176
leaf_count=429 1775 222 190 159 130 1176
internal_value=1.75002e-05 -0.000187796 -0.00062957 -5.20579e-05 3.14733e-05 -0.000153889
internal_weight=4081 2306 542 1764 320 1605
internal_count=4081 2306 542 1764 320 1605
is_linear=0
shrinkage=0.02


Tree=174
num_leaves=7
num_cat=0
split_feature=6 8 7 3 3 2
split_gain=0.536514 0.33811 0.546375 0.48644 0.710274 0.429783
threshold=-0.11297534707911165 0.97844218133037641 0.30145724605249086 0.07705649515997115 0.0055450543429849614 0.10559087700611967
decision_type=2 10 2 10 10 10
left_child=1 -1 5 4 -4 -3
right_child=-2 2 3 -5 -6 -7
leaf_value=-0.00045335155604276208 0.00027852732730458793 1.1568404210467137e-05 0.000384610967424485 0.0010719319186658818 -0.001449750209894945 -0.0011840008692115148
leaf_weight=1031 1775 289 415 259 106 206
leaf_count=1031 1775 289 415 259 106 206
internal_value=1.71502e-05 -0.00018404 3.37329e-05 0.000363552 1.14012e-05 -0.000485982
internal_weight=4081 2306 1275 780 521 495
internal_count=4081 2306 1275 780 521 495
is_linear=0
shrinkage=0.02


Tree=175
num_leaves=7
num_cat=0
split_feature=0 8 2 8 6 0
split_gain=0.589377 0.583078 0.545977 0.454836 0.410593 0.364747
threshold=-0.20207702651097897 0.97465896279119157 -0.052680818107516479 0.9382491097625304 -0.12470824229891452 -0.13756851483825006
decision_type=10 10 10 8 2 10
left_child=1 3 -3 -1 -5 -2
right_child=5 2 -4 4 -6 -7
leaf_value=-0.00033337758969438337 0.0013639139837155548 -0.00056281827129178535 0.00088882861509199235 -0.0022404230249373882 -0.00052556365023104885 0.00015881562993899409
leaf_weight=404 104 190 228 122 103 2954
leaf_count=404 104 190 228 122 103 2954
internal_value=5.95753e-05 -0.000349983 0.000228989 -0.000734736 -0.0014554 0.0001998
internal_weight=4105 1047 418 629 225 3058
internal_count=4105 1047 418 629 225 3058
is_linear=0
shrinkage=0.02


Tree=176
num_leaves=7
num_cat=0
split_feature=0 8 2 8 11 0
split_gain=0.566037 0.559989 0.524356 0.436825 0.563317 0.350303
threshold=-0.20207702651097897 0.97465896279119157 -0.052680818107516479 0.9382491097625304 -1.2499999999999998 -0.13756851483825006
decision_type=10 10 10 8 8 10
left_child=1 3 -3 -1 -5 -2
right_child=5 2 -4 4 -6 -7
leaf_value=-0.00032671003760282978 0.0013366356714574906 -0.00055156189316001383 0.00087105204367074755 -0.0024225783854284104 -0.00042110727359873378 0.00015563931135556127
leaf_weight=404 104 190 228 113 112 2954
leaf_count=404 104 190 228 113 112 2954
internal_value=5.83838e-05 -0.000342983 0.000224409 -0.000720042 -0.00142629 0.000195804
internal_weight=4105 1047 418 629 225 3058
internal_count=4105 1047 418 629 225 3058
is_linear=0
shrinkage=0.02


Tree=177
num_leaves=7
num_cat=0
split_feature=0 11 5 6 11 9
split_gain=0.543622 0.386102 0.428183 0.359321 0.545117 0.403908
threshold=-0.20207702651097897 -4.2499999999999991 3.5000000000000004 -0.2133798503098501 4.2500000000000009 7.5000000000000009
decision_type=10 8 2 2 8 2
left_child=1 2 -1 -3 5 -5
right_child=-2 3 -4 4 -6 -7
leaf_value=-0.0017525963740659628 0.00019188792445936194 -0.00087890636764620996 -0.0003524098268884468 0.0012721928548556883 -0.00099350124524663326 -1.9430663415685436e-05
leaf_weight=134 3058 157 251 179 115 211
leaf_count=134 3058 157 251 179 115 211
internal_value=5.72161e-05 -0.000336123 -0.000839747 -4.323e-05 0.000216574 0.000573391
internal_weight=4105 1047 385 662 505 390
internal_count=4105 1047 385 662 505 390
is_linear=0
shrinkage=0.02


Tree=178
num_leaves=7
num_cat=0
split_feature=0 8 3 5 3 0
split_gain=0.522095 0.53622 0.477112 0.475411 0.359686 0.336431
threshold=-0.20207702651097897 0.97465896279119157 0.10076022763604417 4.5000000000000009 -0.052998958410020967 -0.13756851483825006
decision_type=10 10 10 2 8 10
left_child=1 3 -3 4 -1 -2
right_child=5 2 -4 -5 -6 -7
leaf_value=0.00032795894511769059 0.0013060652381346489 -0.00021300317205708052 0.0012662541829124693 -0.0014640671807280351 -0.00085252671628384977 0.00014868877244473126
leaf_weight=193 104 294 124 214 222 2954
leaf_count=193 104 294 124 214 222 2954
internal_value=5.60718e-05 -0.000329401 0.00022582 -0.000698371 -0.00030353 0.00018805
internal_weight=4105 1047 418 629 415 3058
internal_count=4105 1047 418 629 415 3058
is_linear=0
shrinkage=0.02


Tree=179
num_leaves=7
num_cat=0
split_feature=0 8 5 11 0 7
split_gain=0.50142 0.514986 0.456585 0.399807 0.323108 0.31058
threshold=-0.20207702651097897 0.97465896279119157 4.5000000000000009 -6.2499999999999991 -0.13756851483825006 0.27162593668525309
decision_type=10 10 2 10 10 2
left_child=1 2 5 -3 -2 -1
right_child=4 3 -4 -5 -6 -7
leaf_value=-0.0010726224039715 0.0012799439215226672 -0.00074215544691141389 -0.001434785826044662 0.00061840437812222529 0.00014571499149673684 8.8723211879976479e-05
leaf_weight=138 104 122 214 296 2954 277
leaf_count=138 104 122 214 296 2954 277
internal_value=5.49504e-05 -0.000322813 -0.000684403 0.000221303 0.000184289 -0.000297459
internal_weight=4105 1047 629 418 3058 415
internal_count=4105 1047 629 418 3058 415
is_linear=0
shrinkage=0.02


Tree=180
num_leaves=7
num_cat=0
split_feature=6 8 3 11 1 1
split_gain=0.309665 0.40488 0.570138 0.500652 0.327442 0.296066
threshold=-0.015947914051639065 0.82321597130209867 -0.13979818868193097 -6.2499999999999991 0.048912790086351965 -0.018700912612253314
decision_type=2 10 8 8 2 2
left_child=1 2 -1 -4 -5 -3
right_child=-2 5 3 4 -6 -7
leaf_value=-0.0016448342759580392 0.00027132870300356166 0.0003919438212848779 0.0010019224245101214 -0.0010154947625309 0.0001045792493681509 -0.00014779742951605935
leaf_weight=157 857 509 100 261 174 2019
leaf_count=157 857 509 100 261 174 2019
internal_value=-6.65364e-05 -0.000156459 -0.000585107 -0.000274122 -0.000567465 -3.91233e-05
internal_weight=4077 3220 692 535 435 2528
internal_count=4077 3220 692 535 435 2528
is_linear=0
shrinkage=0.02


Tree=181
num_leaves=7
num_cat=0
split_feature=2 9 12 2 9 2
split_gain=0.247256 0.300898 0.242223 0.20772 0.192355 0.393685
threshold=-0.55945195390203939 2.5000000000000004 22.375000000000004 0.39705946392292696 9.5000000000000018 0.045593484753139006
decision_type=10 2 8 10 2 10
left_child=1 2 -1 4 5 -2
right_child=3 -3 -4 -5 -6 -7
leaf_value=0.0005815969438105026 0.00042521520773648416 -0.0011941076236908421 -0.00060658703057596137 -0.00073185160742415226 -0.00015966618886279496 -0.00012601985325180171
leaf_weight=117 1014 163 166 153 1404 1060
leaf_count=117 1014 163 166 153 1404 1060
internal_value=-6.52057e-05 -0.00050961 -0.000115359 -1.0619e-05 2.11086e-05 0.000143485
internal_weight=4077 446 283 3631 3478 2074
internal_count=4077 446 283 3631 3478 2074
is_linear=0
shrinkage=0.02


Tree=182
num_leaves=7
num_cat=0
split_feature=5 7 7 2 7 9
split_gain=0.249198 0.628459 0.395655 0.636012 0.486006 0.367443
threshold=4.5000000000000009 0.81807967346018085 0.46108273104554726 -0.13130603840698443 0.38787246124542596 11.500000000000002
decision_type=2 2 2 8 2 2
left_child=1 2 4 -4 5 -1
right_child=-2 -3 3 -5 -6 -7
leaf_value=7.9400017019214833e-05 7.3606521768102289e-05 -0.0014988501882818464 0.0016213634278139342 -3.9051983127075323e-05 -0.001361198843252368 -0.00082558922972530134
leaf_weight=636 2299 146 115 467 164 250
leaf_count=636 2299 146 115 467 164 250
internal_value=-6.39016e-05 -0.000241703 -0.000129238 0.000289037 -0.000361081 -0.000175958
internal_weight=4077 1778 1632 582 1050 886
internal_count=4077 1778 1632 582 1050 886
is_linear=0
shrinkage=0.02


Tree=183
num_leaves=7
num_cat=0
split_feature=5 7 7 2 7 12
split_gain=0.23933 0.603572 0.379987 0.610826 0.46676 0.463913
threshold=4.5000000000000009 0.81807967346018085 0.46108273104554726 -0.13130603840698443 0.38787246124542596 20.375000000000004
decision_type=2 2 2 8 2 10
left_child=1 2 4 -4 -1 -5
right_child=-2 -3 3 5 -6 -7
leaf_value=-0.0001724389628570266 7.2134393737406581e-05 -0.0014688732219885472 0.001588936188136754 -0.0011223517115606721 -0.0013339748358490264 0.00032826639511382319
leaf_weight=886 2299 146 115 118 164 349
leaf_count=886 2299 146 115 118 164 349
internal_value=-6.26235e-05 -0.000236869 -0.000126653 0.000283256 -0.00035386 -3.82709e-05
internal_weight=4077 1778 1632 582 1050 467
internal_count=4077 1778 1632 582 1050 467
is_linear=0
shrinkage=0.02


Tree=184
num_leaves=7
num_cat=0
split_feature=2 5 2 9 5 2
split_gain=0.23756 0.352034 0.199255 0.18228 0.439872 0.710066
threshold=-0.55945195390203939 3.5000000000000004 0.39705946392292696 9.5000000000000018 4.5000000000000009 -0.093553545479251918
decision_type=10 2 10 2 2 10
left_child=1 -1 3 -2 5 -5
right_child=2 -3 -4 4 -6 -7
leaf_value=-0.0013148903178533059 0.00014233726405175117 -0.00011096291852424924 -0.00071424867791957617 0.00052991279124645356 0.00016707327459991684 -0.00096349874193070039
leaf_weight=143 2074 303 153 177 773 454
leaf_count=143 2074 303 153 177 773 454
internal_value=-6.13711e-05 -0.000496976 -7.86527e-06 2.32091e-05 -0.000152768 -0.000544586
internal_weight=4077 446 3631 3478 1404 631
internal_count=4077 446 3631 3478 1404 631
is_linear=0
shrinkage=0.02


end of trees

feature_importances:
implied_total=217
rolling_pass_epa_per_db=149
prior_pass_epa_per_db=138
def_short_pass_epa_adj=136
wt_snap_share=114
def_deep_pass_epa_adj=98
form_residual=68
baseline_pass_epa_per_db=64
team_spread=64
games_played_so_far=42
draft_tier_int=12
is_cold_start_int=4
def_used_fallback_int=4

parameters:
[boosting: gbdt]
[objective: regression]
[metric: rmse]
[tree_learner: serial]
[device_type: cpu]
[data_sample_strategy: bagging]
[data: ]
[valid: ]
[num_iterations: 185]
[learning_rate: 0.02]
[num_leaves: 7]
[num_threads: 1]
[seed: 42]
[deterministic: 0]
[force_col_wise: 0]
[force_row_wise: 0]
[histogram_pool_size: -1]
[max_depth: -1]
[min_data_in_leaf: 100]
[min_sum_hessian_in_leaf: 0.001]
[bagging_fraction: 0.8]
[pos_bagging_fraction: 1]
[neg_bagging_fraction: 1]
[bagging_freq: 5]
[bagging_seed: 400]
[bagging_by_query: 0]
[feature_fraction: 0.8]
[feature_fraction_bynode: 1]
[feature_fraction_seed: 30056]
[extra_trees: 0]
[extra_seed: 12879]
[early_stopping_round: 0]
[early_stopping_min_delta: 0]
[first_metric_only: 0]
[max_delta_step: 0]
[lambda_l1: 0]
[lambda_l2: 0]
[linear_lambda: 0]
[min_gain_to_split: 0]
[drop_rate: 0.1]
[max_drop: 50]
[skip_drop: 0.5]
[xgboost_dart_mode: 0]
[uniform_drop: 0]
[drop_seed: 17869]
[top_rate: 0.2]
[other_rate: 0.1]
[min_data_per_group: 100]
[max_cat_threshold: 32]
[cat_l2: 10]
[cat_smooth: 10]
[max_cat_to_onehot: 4]
[top_k: 20]
[monotone_constraints: ]
[monotone_constraints_method: basic]
[monotone_penalty: 0]
[feature_contri: ]
[forcedsplits_filename: ]
[refit_decay_rate: 0.9]
[cegb_tradeoff: 1]
[cegb_penalty_split: 0]
[cegb_penalty_feature_lazy: ]
[cegb_penalty_feature_coupled: ]
[path_smooth: 0]
[interaction_constraints: ]
[verbosity: -1]
[saved_feature_importance_type: 0]
[use_quantized_grad: 0]
[num_grad_quant_bins: 4]
[quant_train_renew_leaf: 0]
[stochastic_rounding: 1]
[linear_tree: 0]
[max_bin: 255]
[max_bin_by_feature: ]
[min_data_in_bin: 3]
[bin_construct_sample_cnt: 200000]
[data_random_seed: 175]
[is_enable_sparse: 1]
[enable_bundle: 1]
[use_missing: 1]
[zero_as_missing: 0]
[feature_pre_filter: 0]
[pre_partition: 0]
[two_round: 0]
[header: 0]
[label_column: ]
[weight_column: ]
[group_column: ]
[ignore_column: ]
[categorical_feature: ]
[forcedbins_filename: ]
[precise_float_parser: 0]
[parser_config_file: ]
[objective_seed: 16083]
[num_class: 1]
[is_unbalance: 0]
[scale_pos_weight: 1]
[sigmoid: 1]
[boost_from_average: 1]
[reg_sqrt: 0]
[alpha: 0.9]
[fair_c: 1]
[poisson_max_delta_step: 0.7]
[tweedie_variance_power: 1.5]
[lambdarank_truncation_level: 30]
[lambdarank_norm: 1]
[label_gain: ]
[lambdarank_position_bias_regularization: 0]
[eval_at: ]
[multi_error_top_k: 1]
[auc_mu_weights: ]
[num_machines: 1]
[local_listen_port: 12400]
[time_out: 120]
[machine_list_filename: ]
[machines: ]
[gpu_platform_id: -1]
[gpu_device_id: -1]
[gpu_use_dp: 0]
[num_gpu: 1]

end of parameters
