tree
version=v4
num_class=1
num_tree_per_iteration=1
label_index=0
max_feature_idx=13
objective=regression
feature_names=prior_epa_per_opp baseline_epa_per_opp rolling_epa_per_opp form_residual is_cold_start_int draft_tier_int def_rush_epa_adj def_short_pass_epa_adj def_deep_pass_epa_adj wt_snap_share games_played_so_far def_used_fallback_int team_spread implied_total
feature_infos=[-0.75426168783312841:0.6145916519958855] [-0.75426168783312841:0.6145916519958855] [-4.8252346983645111:2.5274279025616124] [-4.7871877587448202:2.6021869044998311] [0:1] [1:5] [-0.66571118092209269:0.3864909175375324] [-1.7939413059207898:1.054774482721941] [-2.5288442867977721:3.6134297832458291] [0:1] [0:16] [0:1] [-20.5:20.5] [11.5:35.75]
tree_sizes=2987 3052 3034 3041 3031 3023 3081 3038 3046 3028 3006 3014 3072 3026 3042 3041 3024 3076 3026 2986 2980 3069 2975 3037 3024 3136 3089 3038 3048 3103 3091 3111 3035 3061 2981 3049 3104 3044 3051 3029 3025 3093 3071 3073 3082 3104 3008 3170 3055 3044 3124 3068 3085 3137 3117 3098 3089 3123 3167 3137 3070 3098 3049 2988 3126 3107 3095 3066 3061 3090 3103 3131 3129 3043 3121 3037 3116 3119 3101 3033 3112 3109 3110 3114 3037 3068 3133 3045 3068 3142 3175 3122 3106 3043 3099 3093 3097 3091 3117

Tree=0
num_leaves=31
num_cat=0
split_feature=13 0 6 6 13 0 13 2 12 2 6 3 10 6 0 0 1 3 1 2 10 2 10 6 3 13 12 12 3 10
split_gain=8.12149 2.54593 2.28703 1.9136 1.22995 1.0794 1.06598 1.30896 1.55772 1.06432 1.14607 0.914565 0.918001 0.877291 0.94891 0.867518 0.857114 0.732027 0.73154 0.782046 1.69871 1.23194 0.733307 0.720437 0.717481 0.763997 1.17958 0.847479 0.707765 0.704848
threshold=25.125000000000004 -0.12693159488831526 -0.072374285433961252 -0.067251273604831477 19.625000000000004 -0.1188419109496225 20.125000000000004 -0.29011341112149147 3.7500000000000004 0.20536312534761123 -0.031990692789650485 0.18532014180204884 12.500000000000002 -0.029415972737987944 -0.031784979775293147 0.16389401768993855 -0.11389930357504717 -0.20249156917329356 -0.082800454526779574 0.10747822023428563 2.5000000000000004 -0.11581228060764662 4.5000000000000009 -0.1476759258883448 -0.32107311522466603 26.375000000000004 -1.2499999999999998 4.7500000000000009 0.26319728081622179 9.5000000000000018
decision_type=10 8 2 2 8 8 8 10 10 10 2 10 2 2 10 10 2 8 2 10 2 10 2 2 8 10 10 10 8 2
left_child=1 6 16 4 15 -6 -1 8 23 13 28 17 -13 -4 -15 -3 29 -5 19 21 -21 -7 -22 -8 -18 -26 -27 -28 -11 -2
right_child=2 3 9 11 5 18 7 -9 -10 10 -12 12 -14 14 -16 -17 24 -19 -20 20 22 -23 -24 -25 25 26 27 -29 -30 -31
leaf_value=-0.065742241575936264 -0.063274202227261614 -0.064782371888714399 -0.061048049789159259 -0.062501058398204912 -0.059977295852866722 -0.065198129386547635 -0.06851146517502868 -0.063831950772926666 -0.071490315060731724 -0.058805001605084131 -0.058206458104777828 -0.061024152532362229 -0.064894594359812097 -0.063100300608136123 -0.061533077691440889 -0.058850533539719335 -0.060986421276173944 -0.063521292399160156 -0.063621365355353843 -0.073396421712802806 -0.060180950528300754 -0.062601663561507745 -0.066207237942789099 -0.064540679875074711 -0.063723928779390829 -0.056003634110213814 -0.063989523623957378 -0.062120546103493518 -0.06512102906993722 -0.065880313393284692
leaf_weight=318 102 714 304 360 30 187 22 494 18 10.999999999999998 65 134 30 327 293 9.9999999999999982 80 1287 1683 11.999999999999998 9.9999999999999982 120 42 108 326 10.999999999999998 133 359 20.000000000000004 70
leaf_count=318 102 714 304 360 30 187 22 494 18 11 65 134 30 327 293 10 80 1287 1683 12 10 120 42 108 326 11 133 359 20 70
internal_value=-0.063459 -0.0638581 -0.0623992 -0.0636634 -0.0639903 -0.0637436 -0.0647953 -0.0643263 -0.0659762 -0.0617199 -0.0597156 -0.0631565 -0.0617322 -0.0619281 -0.0623597 -0.0647004 -0.0630402 -0.0632983 -0.0637986 -0.0646025 -0.0666136 -0.0641832 -0.0650483 -0.0652127 -0.0627952 -0.0629698 -0.062481 -0.0626258 -0.0628799 -0.0643348
internal_weight=7680 5579 2101 4619 2808 2084 960 642 148 1020 96 1811 164 924 620 724 1081 1647 2054 371 64 307 52 130 909 829 503 492 31 172
internal_count=7680 5579 2101 4619 2808 2084 960 642 148 1020 96 1811 164 924 620 724 1081 1647 2054 371 64 307 52 130 909 829 503 492 31 172
is_linear=0
shrinkage=1


Tree=1
num_leaves=31
num_cat=0
split_feature=13 0 6 6 13 9 13 2 6 3 2 9 8 10 8 0 2 10 9 2 10 5 5 0 8 12 2 13 5 9
split_gain=7.79988 2.44511 2.19646 1.84982 1.36789 1.06971 1.02377 1.25713 1.49954 0.982447 1.13031 0.954198 0.939469 0.875301 0.842364 0.932661 0.912454 0.841367 1.02341 0.836475 1.01585 0.930402 0.916027 0.825647 0.8207 1.07502 0.844459 1.17571 2.04734 1.10835
threshold=25.125000000000004 -0.12693159488831526 -0.072374285433961252 -0.091755859942251702 19.625000000000004 0.27394984841105469 20.125000000000004 -0.29011341112149147 -0.1779393576620921 -0.37249482039057408 0.17476839498001581 0.079216783200148397 -0.82406890758269047 13.500000000000002 0.27535576200247902 -0.1188419109496225 -0.12059855062467555 2.5000000000000004 0.091663393926248671 0.0035604755698034423 1.5000000000000002 1.5000000000000002 2.5000000000000004 0.12999339467635945 -0.11894255682686589 -10.249999999999998 0.19889598445887255 21.625000000000004 2.5000000000000004 0.27005656568039765
decision_type=10 8 2 2 8 10 8 10 2 10 10 10 2 2 2 8 8 2 8 10 2 2 2 10 2 8 10 8 2 8
left_child=1 6 11 4 23 -4 -1 8 -8 -7 -11 -2 -10 -12 15 -6 -16 19 -19 21 -21 -17 -23 -3 25 -5 -26 28 29 -28
right_child=2 3 5 24 14 9 7 -9 12 10 13 -13 -14 -15 16 17 -18 18 -20 20 -22 22 -24 -25 26 -27 27 -29 -30 -31
leaf_value=-0.002245097580465961 -0.00090051249821572715 -0.0015457223486114045 0.00080262536141209497 -0.004273236212985857 0.0046129483937778892 0.0064233917778446564 -0.0084689112777511285 -0.00037301271137694719 -0.0073962043903090732 0.0016968497223755809 0.0033425159200927931 0.00067381167754481481 -0.0012935223202717291 0.0091548767065008484 -0.0023239027492658253 0.0027300378933016746 -0.00044608916302242834 -0.0029666481989367704 0.00025813861992863586 -0.0011939893210572857 -0.0071855309880093522 -0.006325750969923459 -0.00072957752574967516 0.0026897199373496208 0.00030709507912295478 -0.00025605099534407449 -0.0097311074733734092 0.0036556277841196527 0.0047516614298025771 -0.00031472715176641942
leaf_weight=318 186 593 351 28 17 21 14.999999999999998 494 10.999999999999998 560 76 895 122 11.999999999999998 149 28 339 41 987 28 19 12.999999999999998 117 19 1585 551 10.000000000000002 70 14.999999999999998 9.9999999999999982
leaf_count=318 186 593 351 28 17 21 15 494 11 560 76 895 122 12 149 28 339 41 987 28 19 13 117 19 1585 551 10 70 15 10
internal_value=-7.54168e-06 -0.000398678 0.00103108 -0.000207797 -0.000601079 0.0016968 -0.00131709 -0.00085743 -0.00247434 0.00216594 0.00202797 0.000402929 -0.00179826 0.00413511 -0.000314745 -3.96326e-05 -0.00101944 -0.00010378 0.000129524 -0.00127371 -0.0036161 -0.000576926 -0.00128919 -0.00141423 0.000199525 -0.000450319 0.000422163 0.00215915 -0.000833812 -0.00502292
internal_weight=7680 5579 2101 4619 2350 1020 960 642 148 669 648 1081 133 88 1738 1250 488 1233 1028 205 47 158 130 612 2269 579 1690 105 35 20
internal_count=7680 5579 2101 4619 2350 1020 960 642 148 669 648 1081 133 88 1738 1250 488 1233 1028 205 47 158 130 612 2269 579 1690 105 35 20
is_linear=0
shrinkage=0.02


Tree=2
num_leaves=31
num_cat=0
split_feature=13 13 0 6 3 5 6 0 2 0 10 2 3 8 13 13 6 1 1 2 2 8 2 13 10 2 6 0 3 8
split_gain=7.54713 2.87059 1.61643 1.58532 1.50756 1.86543 1.31844 1.25153 1.16062 1.03228 0.938385 1.29313 1.0125 0.87228 0.812434 1.25116 0.77672 1.0953 0.765964 0.841985 0.763323 1.09937 1.18792 1.03843 0.749698 0.737146 0.71846 1.01768 0.745713 0.714439
threshold=26.375000000000004 20.125000000000004 -0.11037644603207634 -0.087836439059944468 0.52351472232827712 2.5000000000000004 -0.076273900009042286 -0.13125515460462914 -0.15673271088847066 -0.070910125280782735 14.500000000000002 0.028979622554566455 0.0086129998623340528 -0.82406890758269047 22.125000000000004 22.375000000000004 -0.10097262279453767 0.093769652598634054 -0.10282555381508772 0.17476839498001581 -0.40467987735090116 -0.19902893808233976 -0.31902463653414331 22.625000000000004 12.500000000000002 -0.31337709642057693 -0.14869326924387041 0.096704571486304416 -0.32879757213631444 -0.99631954530585787
decision_type=10 8 8 2 10 2 2 8 10 8 2 10 8 2 8 10 2 2 2 10 10 2 10 10 2 8 2 10 10 2
left_child=1 2 10 8 7 -6 -2 -5 9 20 -1 12 -12 -4 25 -16 17 -15 -8 -20 -3 -22 23 -23 -21 -11 27 28 -27 -10
right_child=6 3 13 4 5 -7 18 -9 29 14 11 -13 -14 16 15 -17 -18 -19 19 24 21 22 -24 -25 -26 26 -28 -29 -30 -31
leaf_value=-0.0018191679945153692 0.0007044450007462473 -0.00070658338019191961 -0.0034482416411099788 -0.00086033981317198104 5.4894231240420299e-05 0.0081176215342499986 0.00046325457599673389 0.00044891384702378607 -0.0027453599263651245 -0.0037976445924076769 -0.0064923883602023124 -0.010883849127726122 0.00062274707830511033 -0.00127603955789425 0.0026099860609050778 -0.00048335086648970807 -6.5783302722516451e-05 0.0020628908516040871 0.0019739991210582916 0.0031546536487128051 -0.0056408726215539939 -0.0020958145077411938 -0.00098627426554090706 -0.010445243861864914 0.0079499568965505155 -0.0057784257782623177 0.00072545934497611595 0.0039246904943138362 -0.0015164062212436244 -2.4447154832763699e-06
leaf_weight=316 628 112 44 343 24 22 113 1966 39 45 15.999999999999998 10.999999999999998 15.999999999999998 611 63 308 603 42 507 56 42 13.000000000000002 104 10.999999999999998 17 24 64 9.9999999999999982 52 1458
leaf_count=316 628 112 44 343 24 22 113 1966 39 45 16 11 16 611 63 308 603 42 507 56 42 13 104 11 17 24 64 10 52 1458
internal_value=-7.39085e-06 -0.000293148 -0.00100838 -4.06864e-05 0.000325848 0.00391098 0.00136818 0.000254425 -0.000408784 -0.00099996 -0.00219636 -0.00496829 -0.00293482 -0.000680314 -0.000507413 4.19328e-05 -0.000583349 -0.00106128 0.00196966 0.00226315 -0.00198855 -0.00283313 -0.00191184 -0.00592264 0.00427137 -0.00155258 -0.00087906 -0.00207312 -0.00286231 -7.39034e-05
internal_weight=7680 6359 1659 4700 2355 46 1321 2309 2345 848 359 43 32 1300 566 371 1256 653 693 580 282 170 128 24 73 195 150 86 76 1497
internal_count=7680 6359 1659 4700 2355 46 1321 2309 2345 848 359 43 32 1300 566 371 1256 653 693 580 282 170 128 24 73 195 150 86 76 1497
is_linear=0
shrinkage=0.02


Tree=3
num_leaves=31
num_cat=0
split_feature=13 0 7 8 10 13 10 3 13 2 13 13 9 12 0 8 8 1 10 9 12 12 9 8 8 9 9 2 3 0
split_gain=7.25623 2.86926 2.15819 1.60216 1.29771 1.19249 1.07066 1.05888 0.987233 2.03704 0.973574 0.92695 1.17315 1.48349 1.42938 0.982474 0.918013 0.910982 0.874347 0.803974 0.788589 0.799828 0.764959 0.856991 0.872665 0.744683 0.740364 0.72979 0.710594 0.958909
threshold=26.125000000000004 -0.12693159488831526 0.053943422080031188 -0.095861592065689019 6.5000000000000009 25.125000000000004 7.5000000000000009 -0.26608586274827517 20.625000000000004 0.35916674821982569 19.625000000000004 20.125000000000004 0.1810546844220314 3.7500000000000004 -0.19950066220898069 0.22502829116675224 0.42010264275412329 -0.11389930357504717 9.5000000000000018 0.13153176458295771 -13.249999999999998 -6.7499999999999991 0.15642325828873491 0.13351477288324765 0.11787835618367795 0.056698655669797322 0.59965963689433943 -0.23776075433758165 -0.18626646544748174 -0.11222935030437008
decision_type=10 8 2 2 2 10 2 8 10 10 8 8 10 10 10 2 2 2 2 10 8 10 8 2 2 8 10 10 8 10
left_child=1 11 3 4 20 -4 26 27 28 22 18 -1 13 -13 -15 -14 -17 -2 -8 -20 -3 -22 -10 24 -24 -19 -6 -7 29 -5
right_child=17 2 5 8 6 7 10 -9 9 -11 -12 12 15 14 -16 16 -18 25 19 -21 21 -23 23 -25 -26 -27 -28 -29 -30 -31
leaf_value=-0.0021565763787044297 0.00010538674520535602 -0.0074804997146129606 0.00019301237514508796 0.0028329272385158124 0.0033496906080593665 0.0029424854447799072 0.0012809528303997857 0.0010977446075337821 -0.0016530149221836933 0.0055268115857117139 -0.00018623468454304228 -0.001288435469402093 0.00025643459309630118 -0.010410704868535202 -0.0027105321017680344 -0.0033743123306413654 -0.00031538533067310251 -0.0030948531122079919 -0.0085987993292510508 -0.0025796873219122614 0.00017548294602960781 -0.0021715215650198053 0.00064760762135093785 -0.00027513122701075982 0.0048090429639532448 0.0015446834530185197 -0.0019166437157296711 0.0090222395346923317 -0.0010397085869412511 -0.0004332443862374312
leaf_weight=318 225 9.9999999999999982 1908 47 45 28 21 234 95 28 296 181 351 14.999999999999998 27 69 91 13.999999999999998 9.9999999999999982 79 69 367 502 644 21 1198 13.999999999999998 10.999999999999998 609 153
leaf_count=318 225 10 1908 47 45 28 21 234 95 28 296 181 351 15 27 69 91 14 10 79 69 367 502 644 21 1198 14 11 609 153
internal_value=-7.24304e-06 -0.000302185 -0.000109166 -0.000456297 -0.0011567 0.00036991 -0.000417432 0.00160625 -0.000152312 0.000191177 -0.000783273 -0.00125462 -0.000863857 -0.00207422 -0.00546059 -0.000335654 -0.00163455 0.00127412 -0.00238985 -0.00325599 -0.00192746 -0.00180009 7.27956e-05 0.000213286 0.000814702 0.00149109 0.00210005 0.00465729 -0.000700026 0.000334306
internal_weight=7680 6243 5191 3010 911 2181 465 273 2099 1290 406 1052 734 223 42 511 160 1437 110 89 446 436 1262 1167 523 1212 59 39 809 200
internal_count=7680 6243 5191 3010 911 2181 465 273 2099 1290 406 1052 734 223 42 511 160 1437 110 89 446 436 1262 1167 523 1212 59 39 809 200
is_linear=0
shrinkage=0.02


Tree=4
num_leaves=31
num_cat=0
split_feature=12 7 9 6 0 6 0 0 6 5 0 6 3 3 6 0 2 5 12 1 0 7 2 2 9 7 2 12 2 3
split_gain=4.51694 2.59152 2.0374 1.75785 1.54201 1.88244 1.42329 1.24854 1.07572 1.06891 1.03915 1.02505 1.69595 0.964578 0.951033 0.833089 0.806682 0.803697 0.961977 0.791673 0.760039 0.79584 0.754317 1.00437 1.53452 0.740347 1.06185 0.707422 0.719393 0.695233
threshold=3.7500000000000004 0.053943422080031188 0.091663393926248671 -0.067251273604831477 -0.12983667397928386 -0.14524626407341187 -0.046199390609592314 -0.093333491322683468 -0.11030982732091422 1.5000000000000002 -0.01852629279686897 0.01583098508210044 0.34119180952207551 -0.26608586274827517 0.089862416746607041 0.062815937944036546 -0.16924312568961819 1.5000000000000002 2.2500000000000004 0.037460244583280553 0.028531287705383369 -0.35721401707231198 0.067582794800431042 0.0071427288800681834 0.48401500776790013 1.0000000180025095e-35 -0.57731252089598739 -9.2499999999999982 0.2122770642688889 -0.42505337122787118
decision_type=10 2 10 2 8 2 8 8 2 2 10 2 10 10 2 10 10 2 8 2 10 2 10 10 8 2 10 8 10 10
left_child=1 3 4 25 5 -2 17 -5 16 20 -10 -8 19 -7 -6 27 -4 18 -3 -13 21 -9 23 -12 -25 -1 -27 -11 -29 -17
right_child=2 6 8 7 14 13 11 9 10 15 22 12 -14 -15 -16 29 -18 -19 -20 -21 -22 -23 -24 24 -26 26 -28 28 -30 -31
leaf_value=-0.00085483056077061863 -0.010577190319697062 -0.0021689790295448133 -0.0010894106913196004 -0.0011779272224251428 0.00019728316893031069 -0.0049357580936048176 0.00040088494714321564 0.0056721256446579226 0.000967943466794238 -0.0025135347300588536 0.0021769558248218037 0.0022485003862529993 0.0099796587303280834 0.00095701639279723168 -0.0060626795440912248 -0.0014364337668065792 0.00077517684790636896 -6.6391395568653959e-05 0.0010973882197361925 -0.00078811312611732221 -0.00079373784274572421 0.0016473598349322047 0.0033927334057532151 -0.0063017310003439589 0.0013776987982804284 -0.0048684088750520632 -0.0014516210823015119 -0.00023903186008716789 0.0040621902444399893 0.0025146645339960351
leaf_weight=1769 11.999999999999998 167 115 302 332 20 1154 23 647 54 233 145 9.9999999999999982 25 9.9999999999999982 23 481 726 46 45 42 135 148 14.999999999999998 34 42 272 558 15.999999999999998 79
leaf_count=1769 12 167 115 302 332 20 1154 23 647 54 233 145 10 25 10 23 481 726 46 45 42 135 148 15 34 42 272 558 16 79
internal_value=-7.09818e-06 -0.000301922 0.000790861 -0.000659494 -0.000493345 -0.00353888 0.000215022 -6.06442e-05 0.00109714 0.000302172 0.0014744 0.000629974 0.00195182 -0.00166199 1.42433e-05 -5.2733e-05 0.000415399 -0.000383322 -0.00146357 0.0015293 0.00159758 0.00223324 0.00223644 0.0016296 -0.000973147 -0.00101369 -0.00190864 -0.000325025 -0.000119137 0.00162373
internal_weight=7680 5608 2072 3315 399 57 2293 1232 1673 930 1077 1354 200 45 342 730 596 939 213 190 200 158 430 282 49 2083 314 628 574 102
internal_count=7680 5608 2072 3315 399 57 2293 1232 1673 930 1077 1354 200 45 342 730 596 939 213 190 200 158 430 282 49 2083 314 628 574 102
is_linear=0
shrinkage=0.02


Tree=5
num_leaves=31
num_cat=0
split_feature=13 13 2 6 2 12 1 3 3 6 6 1 1 1 12 8 6 8 8 7 6 3 8 1 2 13 13 3 1 13
split_gain=6.46263 2.37016 1.51894 1.20543 1.25635 1.21277 1.1678 1.11926 1.07665 1.68162 1.0739 1.13925 1.04842 1.03464 1.01219 1.00169 1.18344 0.875473 1.47328 0.933863 1.05328 0.956555 0.8964 0.874301 0.870858 0.856143 0.885281 0.817881 0.816217 0.769781
threshold=26.375000000000004 21.625000000000004 0.034182840187399609 -0.086741127001773985 0.19079878871561115 -2.2499999999999996 -0.095526087787120517 -0.30639229827445741 -0.11452899269412026 -0.09757051698339482 -0.098991907597394582 -0.10282555381508772 -0.10737222896884298 -0.16882801342634005 -4.2499999999999991 -0.58626295755374136 -0.12595300616282509 0.12903502159653413 0.10427065060593034 0.22797496483500748 0.0093897235646182853 -0.30080059030456474 0.17324749263641021 -0.032069517401844487 0.022134558125440074 24.875000000000004 24.625000000000004 -0.14601442045066049 -0.087381565819760573 23.625000000000004
decision_type=10 8 10 2 10 8 2 8 8 2 2 2 2 2 8 2 2 2 2 2 2 10 2 2 10 10 8 10 2 10
left_child=1 13 6 5 -5 29 7 12 9 27 -2 -12 -3 -1 -8 16 -15 18 19 20 21 -17 -19 -24 -10 26 -11 -9 -13 -4
right_child=10 2 3 4 -6 -7 14 8 24 25 11 28 -14 15 -16 17 -18 22 -20 -21 -22 -23 23 -25 -26 -27 -28 -29 -30 -31
leaf_value=-0.0019051231009431691 0.00048955905284170094 -1.718690033811025e-05 -0.00322699298365758 0.00075250546674924352 0.0030085282857526562 0.00057975795781983828 0.0018644102015291694 -0.0042915019644676027 -0.00063784160207346692 -2.8553927938143411e-05 7.4676571745150438e-05 0.0040673807112203133 0.0058181440747446488 -0.0034043626267359489 -6.3940344672409132e-05 -0.0022603106018033105 -0.00048279393153886002 -0.0030261375850591903 0.0037057888277463227 0.00080334686556845667 0.0010808796237939768 -0.00050897484570178641 -0.0012731978026731465 6.7617205344254662e-05 -0.0053667811024934054 0.0038752168524437227 -0.0061193258208887911 -0.010503029077398507 0.0017729749675434395 0.00024696128132442634
leaf_weight=279 505 39 65 319 143 338 116 37 589 30 149 69 18 108 1774 148 114 78 38 254 139 794 534 306 15.999999999999998 12.999999999999998 13.999999999999998 10.999999999999998 613 42
leaf_count=279 505 39 65 319 143 338 116 37 589 30 149 69 18 108 1774 148 114 78 38 254 139 794 534 306 16 13 14 11 613 42
internal_value=-4.75117e-05 -0.000313294 2.85401e-05 0.00073522 0.0014508 -7.69434e-06 -0.000212694 -0.000870885 -0.00108736 -0.00295684 0.00121694 0.00165898 0.00182555 -0.000749647 5.44134e-05 -0.000621363 -0.0019041 -0.000497065 -0.000177378 -0.00028791 -0.00054432 -0.000784132 -0.000975202 -0.000784758 -0.000762904 -0.000634199 -0.00196653 -0.00571498 0.00200511 -0.00186338
internal_weight=7692 6356 3564 907 462 445 2657 767 710 105 1336 831 57 2792 1890 2513 222 2291 1373 1335 1081 942 918 840 605 57 44 48 682 107
internal_count=7692 6356 3564 907 462 445 2657 767 710 105 1336 831 57 2792 1890 2513 222 2291 1373 1335 1081 942 918 840 605 57 44 48 682 107
is_linear=0
shrinkage=0.02


Tree=6
num_leaves=31
num_cat=0
split_feature=12 6 9 0 2 6 1 7 2 0 0 9 12 7 6 6 6 2 2 0 2 2 6 0 1 0 6 6 7 12
split_gain=3.80474 2.63443 1.91879 1.43903 1.2157 1.1686 1.26959 1.14439 1.11735 1.21653 1.08371 1.0792 1.04456 0.954603 0.928867 0.838795 1.01232 0.825714 0.819254 0.799125 0.797403 0.77277 0.797584 0.729061 0.721792 0.71485 1.08107 0.786466 0.713472 0.918559
threshold=4.2500000000000009 -0.072374285433961252 0.079216783200148397 -0.13125515460462914 0.19079878871561115 -0.099935495416938941 -0.12251702181860158 0.044128536905240594 -0.11869418609606382 0.15908207767086316 -0.12983667397928386 0.27645968610386923 -7.2499999999999991 -0.012070345017655677 0.089862416746607041 0.1566974241620912 0.11271845970693652 -0.37771237319134249 -0.18878678530896317 -0.28722558856110458 0.45135294196665243 -0.50398027369163745 -0.12161819409153195 0.14873512016035648 -0.05546579661419887 -0.15520217668287292 -0.18161610963696087 -0.15727835566926426 -0.10943649684915922 10.750000000000002
decision_type=10 2 10 8 10 2 2 2 8 10 8 8 8 2 2 2 2 8 10 10 10 10 2 10 2 8 2 2 2 10
left_child=1 7 10 -3 -5 18 -7 13 9 25 19 -6 -10 -1 23 16 -8 24 21 -2 -14 -4 -23 28 -15 26 -9 -28 -12 -30
right_child=2 3 5 4 11 6 15 8 12 -11 14 -13 20 17 -16 -17 -18 -19 -20 -21 -22 22 -24 -25 -26 -27 27 -29 29 -31
leaf_value=-0.00077232571399510883 0.0014991037073460492 -0.00091891963050554071 0.0034606222607768502 0.00028577266444588785 -0.00092633991735056041 -0.00042935111246877856 0.0017383321241934778 -0.0064677123263802219 -0.0017345176593083491 0.0059762615561485292 0.001978348294410166 0.003293468330032192 0.00063023898623379708 -0.002655267623417517 -0.0058407457579265944 -0.003461745409294963 0.0059104066369278976 -0.0016455245576583333 0.00072308788069263923 -0.0045877964678220449 -0.0030045251749455932 -0.00080418721136705173 -0.0050927986424754972 -0.0049789809096943251 -0.0092302433333613654 -0.00074862480533206279 0.0034762097082354803 -0.0024894913982134313 -0.00075917069282000654 0.0033873386393922073
leaf_weight=1705 10.999999999999998 385 12.999999999999998 1906 32 119 758 23 94 9.9999999999999982 73 100 704 17.000000000000004 10.999999999999998 11.999999999999998 24 297 498 40 25 82 22 10.999999999999998 10.999999999999998 434 10.999999999999998 45 195 24
leaf_count=1705 11 385 13 1906 32 119 758 23 94 10 73 100 704 17 11 12 24 297 498 40 25 82 22 11 11 434 11 45 195 24
internal_value=-4.65615e-05 -0.0003007 0.000731966 0.000202477 0.000414321 0.00104318 0.00149712 -0.000661838 -0.000209626 -0.000932479 -0.000570853 0.00227048 0.000249733 -0.000961679 -0.000131655 0.00178585 0.00186638 -0.00195506 0.00036927 -0.00327494 0.00050559 -0.00113673 -0.00171139 7.56055e-05 -0.00523829 -0.00106715 -0.00281704 -0.00131766 0.000266018 -0.000304759
internal_weight=7692 5799 1893 2423 2038 1528 913 3376 1346 523 365 132 823 2030 314 794 782 325 615 51 729 117 104 303 28 513 79 56 292 219
internal_count=7692 5799 1893 2423 2038 1528 913 3376 1346 523 365 132 823 2030 314 794 782 325 615 51 729 117 104 303 28 513 79 56 292 219
is_linear=0
shrinkage=0.02


Tree=7
num_leaves=31
num_cat=0
split_feature=13 13 6 12 1 3 6 1 0 8 8 8 9 8 1 7 9 1 9 8 7 8 5 0 7 9 3 5 7 3
split_gain=6.07453 2.22748 1.42925 1.27398 1.01884 1.68498 1.00848 1.06008 0.973146 0.964146 1.0527 1.33164 0.990739 0.860896 0.836797 0.823467 0.816044 0.77864 1.14168 0.741609 0.714972 0.714192 0.708052 0.699312 0.986081 0.975404 0.863065 0.748493 0.68689 1.01522
threshold=26.375000000000004 21.625000000000004 -0.072374285433961252 -3.7499999999999996 -0.095526087787120517 0.34119180952207551 -0.098991907597394582 -0.10282555381508772 -0.16882801342634005 -0.37362552343405836 0.12903502159653413 0.10427065060593034 0.21203513541069094 0.17324749263641021 -0.032069517401844487 -0.021663642560495199 0.40000930262344098 -0.087381565819760573 0.53674885950173679 -0.2856340015135112 0.44769361455277074 -0.25258865964620042 3.5000000000000004 0.01738136120634105 0.01957521731832889 0.75028400808249684 -0.17915432658728661 2.5000000000000004 -0.11522752224938711 0.031344742226015194
decision_type=10 8 2 8 2 10 2 2 8 2 2 2 10 2 2 2 8 2 10 2 2 2 2 8 2 8 8 2 2 8
left_child=1 8 -3 -4 22 15 -2 -8 -1 23 11 12 -11 -12 -15 -6 -13 18 28 -19 21 -14 -5 -10 26 -26 27 -25 -9 -30
right_child=6 2 3 4 5 -7 7 17 9 10 13 16 20 14 -16 -17 -18 19 -20 -21 -22 -23 -24 24 25 -27 -28 -29 29 -31
leaf_value=-0.0018469361462680404 0.0004753901407893143 -0.00033465116969600941 0.0022317741217479209 0.00013091875944171163 -0.00019175405456716644 0.0049941805810393659 8.0365952660623409e-05 0.00058110892400145531 -0.0023311880485827373 -0.0012177298696664418 -0.0029576274280090076 0.0079486993770115071 0.0017325644458601761 -0.001238932504151689 7.2809305156921976e-05 0.00095478418613303387 0.0016434632420826416 0.00015875705668483587 -0.00092446739599108692 0.0020265866838278953 0.002668472020778545 -0.00016936573766885546 -0.0015860249208817772 -0.0010040200486158327 -0.00010820492710142087 0.0053188918355633235 -0.00073366386858536537 -0.0075279265642166143 0.010039187475211089 0.0038602644484490162
leaf_weight=279 505 1958 149 234 435 34 149 9.9999999999999982 203 276 78 11.999999999999998 88 534 306 591 26 102 14.999999999999998 511 43 770 163 12.000000000000002 60 17 71 17 18.000000000000004 25.999999999999996
leaf_count=279 505 1958 149 234 435 34 149 10 203 276 78 12 88 534 306 591 26 102 15 511 43 770 163 12 60 17 71 17 18 26
internal_value=-4.56302e-05 -0.000303309 2.80771e-05 0.000470308 0.000290171 0.000613836 0.00118027 0.00160863 -0.000726324 -0.000601911 -0.000436562 -5.03545e-05 -0.000169325 -0.000947718 -0.000761084 0.000468679 0.00363459 0.00194252 0.00395676 0.00171579 0.000151829 2.5704e-05 -0.000574023 -0.00153004 -0.000611211 0.00108999 -0.00192113 -0.00482838 0.00531265 0.00638801
internal_weight=7692 6356 3564 1606 1457 1060 1336 831 2792 2513 2133 1215 1177 918 840 1026 38 682 69 613 901 858 397 380 177 77 100 29 54 44
internal_count=7692 6356 3564 1606 1457 1060 1336 831 2792 2513 2133 1215 1177 918 840 1026 38 682 69 613 901 858 397 380 177 77 100 29 54 44
is_linear=0
shrinkage=0.02


Tree=8
num_leaves=31
num_cat=0
split_feature=6 0 2 2 9 0 6 9 2 7 9 8 9 3 8 6 9 9 0 9 0 9 6 7 7 2 2 7 6 10
split_gain=3.17393 2.27008 2.11199 1.64082 1.5827 1.15349 0.912924 1.37103 1.11942 0.845692 0.899612 0.827864 1.42585 1.06723 0.789324 0.839822 0.758623 1.15935 0.876776 0.731074 0.711648 1.16692 0.729336 0.691423 1.03838 0.957845 0.951152 0.689708 0.769939 0.67841
threshold=-0.072374285433961252 -0.12983667397928386 0.19079878871561115 -0.079031190678910998 0.10431273498814424 -0.036075169994068006 -0.098991907597394582 0.37010837050731321 -0.36984102985728334 0.093748376809182479 0.81854510048395601 -0.60926887513405681 0.46907295514728437 -0.036487106437407067 0.10006036800003514 -0.095262977052241807 0.071489751104265239 0.23800019557835209 0.12652724524004338 0.40950830305401587 0.061388552314646579 0.26739758334932434 0.061395839359299507 0.073327123109506162 -0.021663642560495199 -0.24911549219627807 -0.086038371365867589 0.39101904053655573 -0.2695531680722954 11.500000000000002
decision_type=2 8 10 10 8 10 2 8 10 2 10 2 10 10 2 2 8 8 10 8 10 10 2 2 2 8 10 2 2 2
left_child=3 -2 20 5 -4 6 11 14 -9 -5 16 12 -1 -14 15 -8 -11 -18 -19 -6 -3 22 -22 24 26 -26 -7 28 -25 -10
right_child=1 2 4 9 19 23 7 8 29 10 -12 -13 13 -15 -16 -17 17 18 -20 -21 21 -23 -24 27 25 -27 -28 -29 -30 -31
leaf_value=-0.0014086207617074252 -0.0008159438295831298 0.00034908907040977704 -0.0037595881819725038 -0.00027174077104359689 0.0017506144502393828 5.8739788136229288e-05 0.0050225427746772768 0.00092983563942178869 -0.0014260949164163323 -0.0043525555729866027 0.0039180311416426011 -0.0011704025184705107 -0.0032338922156971723 -0.0097835724450209566 0.0035916608653249263 -0.00080779081210494044 0.0029165426242495113 0.00037275724483745747 -0.0038921962678432464 0.0041284517507191821 4.147964141642054e-05 0.0019921800356612288 -0.0054352289472113955 -0.0041739970496432353 -0.005519463671371341 -0.0012283574831154613 -0.0059098475697365671 -0.0017928595990567217 0.0012352527026850426 -0.0048190893779198329
leaf_weight=85 504 2243 14.999999999999998 1409 101 367 11.999999999999998 71 110 12.999999999999998 31 1048 24 17 47 56 72 536 20 106 84 264 10.999999999999998 10.999999999999998 28 81 10.999999999999998 41 244 30
leaf_count=85 504 2243 15 1409 101 367 12 71 110 13 31 1048 24 17 47 56 72 536 20 106 84 264 11 11 28 81 11 41 244 30
internal_value=-4.47176e-05 0.000420504 0.000641173 -0.000399497 0.00251367 -0.000769752 -0.00109455 -0.000158229 -0.00111576 6.69775e-06 0.000590507 -0.00135456 -0.00288625 -0.00594961 0.00159863 0.000221092 0.000429582 0.000528575 0.000219342 0.00296825 0.000481414 0.00130817 -0.000592666 -0.000147525 -0.000610868 -0.00233066 -0.000114949 0.000614799 0.00100191 -0.00215317
internal_weight=7692 3328 2824 4364 222 2283 1500 326 211 2081 672 1174 126 41 115 68 641 628 556 207 2602 359 95 783 487 109 378 296 255 140
internal_count=7692 3328 2824 4364 222 2283 1500 326 211 2081 672 1174 126 41 115 68 641 628 556 207 2602 359 95 783 487 109 378 296 255 140
is_linear=0
shrinkage=0.02


Tree=9
num_leaves=31
num_cat=0
split_feature=13 13 6 12 3 0 6 0 8 6 9 7 8 8 7 6 3 8 9 13 12 7 0 8 9 10 6 9 13 8
split_gain=5.775 2.11898 1.31594 1.22173 0.947458 0.992262 0.942225 0.912234 0.923925 1.10075 0.883982 0.811764 0.807312 1.35198 0.866894 0.978876 0.898321 0.827637 0.781157 0.776458 0.747722 0.726654 0.861146 0.723711 0.798084 0.721695 0.707012 1.2508 1.08342 0.930434
threshold=26.375000000000004 21.625000000000004 -0.072374285433961252 -3.7499999999999996 0.30080136662119022 -0.14181110175200093 -0.098991907597394582 -0.16882801342634005 -0.58626295755374136 -0.12776042971185661 0.76585010305351875 0.15543111950173336 0.12903502159653413 0.10427065060593034 0.22797496483500748 0.0093897235646182853 -0.30080059030456474 0.17324749263641021 0.40000930262344098 20.625000000000004 -13.249999999999998 -0.017127530900920524 -0.070910125280782735 -0.087721818036643071 0.10431273498814424 9.5000000000000018 -0.083522042432690638 0.27005656568039765 16.875000000000004 -0.48402553507862167
decision_type=10 8 2 8 10 8 2 8 2 2 8 2 2 2 2 2 10 2 8 10 10 2 8 2 8 2 2 10 10 2
left_child=1 7 -3 -4 21 -6 -2 -1 9 10 19 -7 13 14 15 16 -10 -14 -15 25 -18 -5 -23 -8 -25 -9 -22 -28 -29 -30
right_child=6 2 3 4 5 11 23 8 12 -11 -12 -13 17 18 -16 -17 20 -19 -20 -21 26 22 -24 24 -26 -27 27 28 29 -31
leaf_value=-0.0017926274812496584 0.00047013938889981687 -0.00031990713377066287 0.0021774566834229952 -0.00038916568106247326 -0.00047225429621689462 0.0021793784817250874 0.00066317038662006044 -0.0016920589580614535 -0.0021754853691389733 -0.00046069420542082059 -0.00055694406965013708 0.0072207627896415565 -0.0028976691735741228 0.0077799344218025604 0.00078468663947964745 0.001052988126703116 -0.0042019567496719814 -0.00074397399292155605 0.0016109489887737886 -0.0085561495969692872 6.6013904917933358e-05 -0.00054092906726996455 0.00095060947046209077 -0.0011188560689333828 0.0021302173455753789 -0.0062274795114670113 -0.0036201854236423969 0.0059843135066330435 -0.0067075707018375398 -0.00044425484029626523
leaf_weight=279 505 1958 149 585 34 39 249 36 148 115 33 19 78 11.999999999999998 254 139 21 840 26 14.999999999999998 503 213 567 32 550 23 65 9.9999999999999982 9.9999999999999982 185
leaf_count=279 505 1958 149 585 34 39 249 36 148 115 33 19 78 12 254 139 21 840 26 15 503 213 567 32 550 23 65 10 10 185
internal_value=-4.38233e-05 -0.000295068 2.8146e-05 0.000452485 0.000276081 0.00224058 0.00115147 -0.000707653 -0.000587196 -0.00181913 -0.00327914 0.00383087 -0.00046782 -0.00016083 -0.000266715 -0.00051376 -0.000744947 -0.000926968 0.00355905 -0.00449309 -0.000478297 0.000143675 0.000543305 0.00156552 0.00195157 -0.0034601 -0.000377137 -0.00120271 -0.000436194 -0.000765451
internal_weight=7692 6356 3564 1606 1457 92 1336 2792 2513 222 107 58 2291 1373 1335 1081 942 918 38 74 794 1365 780 831 582 59 773 270 205 195
internal_count=7692 6356 3564 1606 1457 92 1336 2792 2513 222 107 58 2291 1373 1335 1081 942 918 38 74 794 1365 780 831 582 59 773 270 205 195
is_linear=0
shrinkage=0.02


Tree=10
num_leaves=31
num_cat=0
split_feature=13 1 0 6 6 7 12 13 3 5 3 7 8 7 1 1 7 7 7 12 7 13 7 0 0 7 5 0 1 7
split_gain=5.31659 1.58493 1.34305 1.33573 1.1731 1.37535 1.03124 0.951522 0.871877 0.832912 0.88342 1.09506 0.935704 1.17295 0.826532 0.82148 0.917545 0.927693 1.08277 0.800173 0.795437 0.795113 0.706813 0.945026 1.15298 0.690628 1.32205 0.786793 0.689963 1.20543
threshold=24.625000000000004 -0.13150112080933016 -0.05296439901470297 -0.09757051698339482 -0.072374285433961252 0.22071951832494038 -9.7499999999999982 19.375000000000004 0.19736178613758629 1.5000000000000002 0.30080136662119022 0.16392155031682301 -0.65916498138167368 -0.012070345017655677 0.093769652598634054 0.12767375472449019 0.09510445530312904 -0.31865806174139372 -0.25872289979352597 -9.7499999999999982 0.09510445530312904 28.625000000000004 0.52028626061543459 -0.1188419109496225 -0.12693159488831526 -0.23795464020677101 1.5000000000000002 0.0069540836426359208 -0.05546579661419887 0.044128536905240594
decision_type=10 2 8 2 2 2 8 8 10 2 10 2 2 2 2 2 2 2 2 10 2 10 2 8 10 2 2 8 2 2
left_child=1 -1 9 -4 7 6 8 15 -6 -2 12 21 13 -11 25 16 17 -3 -19 -20 -5 -12 23 24 -9 26 27 -8 29 -25
right_child=2 4 3 20 5 -7 14 22 -10 10 11 -13 -14 -15 -16 -17 -18 18 19 -21 -22 -23 -24 28 -26 -27 -28 -29 -30 -31
leaf_value=-0.001149269517770094 -0.0015140579655193364 0.00019534737440009945 0.00039294964579921296 0.0010239614234499061 -0.0014500314494144623 0.001223086391534934 0.0073166822849048511 -0.0016005468375694294 -0.0076715660048648718 -0.0089576736912131277 0.0021488318167535996 0.0065407066243259523 0.0002618319371590541 -0.00063543470665102908 0.0016824789506672704 0.0029260226221461045 -0.00012069187917419383 -0.0053837594041266498 -0.00015319029041054862 -0.0024555734113950738 0.0021598749318664325 -0.0041409779675304894 -0.0029104556427337232 -0.0015308864480555323 0.0059782132311236294 -0.00033497596158203741 0.0001654441547853982 0.001618365723462332 1.2816157496898061e-06 0.00013984377255651337
leaf_weight=882 117 76 699 550 91 389 18 12.999999999999998 9.9999999999999982 10.000000000000002 41 19 495 21 111 19 185 39 82 229 447 9.9999999999999982 40 387 21 1017 170 21 1234 312
leaf_count=882 117 76 699 550 91 389 18 13 10 10 41 19 495 21 111 19 185 39 82 229 447 10 40 387 21 1017 170 21 1234 312
internal_value=-2.30162e-05 -0.000374544 0.000757087 0.00106328 -0.000221473 0.000168039 -0.000117366 -0.00049134 -0.00206602 2.87614e-05 0.00033163 0.00244237 5.07337e-05 -0.00332003 2.984e-05 -0.00116943 -0.00129679 -0.00180753 -0.00224244 -0.00184851 0.00153324 0.000915536 -0.000278487 -0.000224964 0.00308045 -0.000119787 0.000927328 0.00424836 -0.000283104 -0.000785153
internal_weight=7755 5346 2409 1696 4464 1827 1438 2637 101 713 596 70 526 31 1337 630 611 426 350 311 997 51 2007 1967 34 1226 209 39 1933 699
internal_count=7755 5346 2409 1696 4464 1827 1438 2637 101 713 596 70 526 31 1337 630 611 426 350 311 997 51 2007 1967 34 1226 209 39 1933 699
is_linear=0
shrinkage=0.02


Tree=11
num_leaves=31
num_cat=0
split_feature=13 9 1 6 0 12 6 7 5 12 13 9 1 1 7 7 7 9 13 0 7 10 12 7 0 6 7 0 7 0
split_gain=5.10606 1.84777 1.52216 1.33291 1.36288 1.29672 1.12665 1.32088 1.05282 0.990405 0.913842 0.852882 0.793802 0.788949 0.88121 0.890956 1.03989 0.848643 0.71127 1.20063 1.1942 0.887927 0.879757 0.798943 0.716505 0.697195 1.10587 0.688255 0.678823 0.907603
threshold=24.625000000000004 0.11843159876259099 -0.13150112080933016 -0.09757051698339482 -0.01852629279686897 1.2500000000000002 -0.072374285433961252 0.22071951832494038 1.5000000000000002 -9.7499999999999982 19.375000000000004 0.33457739338276166 0.093769652598634054 0.12767375472449019 0.09510445530312904 -0.31865806174139372 -0.25872289979352597 0.30732980159459106 27.375000000000004 -0.06222938305845508 0.032679940799773342 9.5000000000000018 3.2500000000000004 -0.23451539573750471 -0.19307637130096514 -0.2822259610903306 0.022228468945590673 -0.031784979775293147 0.52028626061543459 -0.1188419109496225
decision_type=10 10 2 2 8 10 2 2 2 8 8 10 2 2 2 2 2 8 10 10 2 2 10 2 10 2 2 8 2 8
left_child=2 18 -1 25 5 11 10 9 -7 -8 13 -5 -11 14 15 -4 27 -18 19 20 23 22 -20 -2 -25 26 -3 -17 29 -12
right_child=1 3 6 4 -6 8 7 -9 -10 12 28 -13 -14 -15 -16 16 17 -19 21 -21 -22 -23 -24 24 -26 -27 -28 -29 -30 -31
leaf_value=-0.0011262841250767506 -0.00096114484841624897 -0.00020111858362162655 0.00019144046342453773 -0.0064922650477715902 0.0020642895912110636 -0.0027942702312160421 -0.0020247044824617038 0.0011986246706461798 0.001284281385814762 -0.00011739144261169048 0.0030188429267967447 -0.00077484856961613016 0.0016488293690506267 0.0028675022799717754 -0.00011827801188730913 -0.00075157758221030245 0.00010928572660753123 -0.0023797893616429064 0.004328763587400317 0.00055801750226515054 -0.00043358502564951783 0.0028368977172616517 -0.0010566786963717787 -0.0066082211368178071 -0.0020049766994391879 0.00057558535459078218 -0.0063274867385625846 -0.0068362589180469514 -0.0028522465461865067 -0.00027744205604007192
leaf_weight=882 30 55 76 13.999999999999998 643 27 101 389 406 1226 34 41 111 19 185 9.9999999999999982 71 240 13.999999999999998 131 100 53 91 38 21 730 14.999999999999998 29 40 1933
leaf_count=882 30 55 76 14 643 27 101 389 406 1226 34 41 111 19 185 10 71 240 14 131 100 53 91 38 21 730 15 29 40 1933
internal_value=-2.25559e-05 0.000741945 -0.000367053 0.00101753 0.00145946 0.000662526 -0.000217044 0.000164679 0.00102996 -0.000115019 -0.000481514 -0.00223019 2.92432e-05 -0.00114604 -0.00127085 -0.00177138 -0.00219759 -0.00181154 -0.000371358 -0.000913467 -0.00193338 0.000726585 -0.00033862 -0.00361855 -0.00496978 0.000392754 -0.00151391 -0.00527608 -0.000272917 -0.000220465
internal_weight=7755 2409 5346 1931 1131 488 4464 1827 433 1438 2637 55 1337 630 611 426 350 311 478 320 189 158 105 89 59 800 70 39 2007 1967
internal_count=7755 2409 5346 1931 1131 488 4464 1827 433 1438 2637 55 1337 630 611 426 350 311 478 320 189 158 105 89 59 800 70 39 2007 1967
is_linear=0
shrinkage=0.02


Tree=12
num_leaves=31
num_cat=0
split_feature=12 1 6 9 2 8 9 2 9 2 0 8 1 6 1 6 6 12 6 0 9 0 1 12 8 2 6 2 6 9
split_gain=3.66828 1.80761 1.77113 1.63632 1.58381 1.23302 1.2671 1.25695 1.08492 1.04065 0.99042 0.984578 0.94896 0.917509 1.29963 0.829021 0.803661 0.801179 0.795526 0.732426 0.72913 0.694492 0.807399 0.681892 0.850552 0.752564 1.01808 0.664508 0.623475 0.606188
threshold=1.2500000000000002 0.059480010061427717 -0.09757051698339482 0.091663393926248671 -0.16263375485279422 0.84090078416987779 0.29737328163250437 0.16202870877813152 0.50485225750531881 0.16594278361888956 -0.098568827980813831 -0.40258312344059782 -0.34200506038677636 0.094289999187937887 -0.052876088808845326 0.058566380645542059 -0.2654392204873765 7.2500000000000009 -0.15844783698976986 -0.28722558856110458 0.67963512214907096 -0.11394788157036141 -0.04793043599970101 5.2500000000000009 -0.19336915271413133 -0.30826029196536359 0.0066774492226448967 -0.41515205612896616 -0.063133993343619563 0.35607447828629502
decision_type=10 2 2 10 8 2 8 8 10 10 8 2 2 2 2 2 2 10 2 10 10 8 2 10 2 10 2 10 2 10
left_child=1 12 4 11 10 6 7 18 28 23 -2 21 27 -13 -15 -14 -8 -11 -3 29 -12 -4 -23 -5 -25 26 -26 -1 -7 -17
right_child=2 5 3 9 -6 8 16 -9 -10 17 20 13 15 14 -16 19 -18 -19 -20 -21 -22 22 -24 24 25 -27 -28 -29 -30 -31
leaf_value=-0.0066352510878017971 -0.0033273987224124169 0.0032222901411088451 -0.0060367697733454406 0.0005284827043781162 0.00027714309857433081 0.0033695249011119204 -0.0032925383133046767 -0.0082927336137403138 -0.00065899528718243051 0.0016022784571738586 -0.00039335159664430347 0.00043932593086113531 -0.00058930935632013561 0.00065851440265153832 -0.0091039739511907108 0.0044199091673362998 0.0011682691417598669 0.0043159067392480209 -0.0023749957628850199 -0.00010369943865978686 -0.0042796621677864879 0.0019338743072003126 -0.0029877092149690728 5.0800013420139926e-05 0.0065165706014196426 0.0015424543099043326 0.00046128115616738796 -0.0018676877271016719 0.0096914215729786771 0.00061133708858064238
leaf_weight=13.999999999999998 74 13.999999999999998 15.999999999999998 775 1153 11.999999999999998 17 10.999999999999998 11.999999999999998 136 240 330 3469 12.000000000000002 9.9999999999999982 32 325 64 37 143 21 20 40 145 29 467 18 71 13.000000000000002 35
leaf_count=14 74 14 16 775 1153 12 17 11 12 136 240 330 3469 12 10 32 325 64 37 143 21 20 40 145 29 467 18 71 13 35
internal_value=-2.21048e-05 -0.000421775 0.000451307 0.000830795 -7.45691e-05 0.000789674 0.000469632 -0.00216101 0.00428418 0.00111914 -0.00128509 -0.000270045 -0.000563711 0.000175682 -0.00377898 -0.000515442 0.000946533 0.00247064 -0.000838486 0.000704785 -0.000706043 -0.00233446 -0.00134718 0.000930648 0.00140361 0.00178523 0.00419752 -0.00265293 0.00665691 0.00243036
internal_weight=7755 4205 3550 2062 1488 441 404 62 37 1634 335 428 3764 352 22 3679 342 200 51 210 261 76 60 1434 659 514 47 85 25 67
internal_count=7755 4205 3550 2062 1488 441 404 62 37 1634 335 428 3764 352 22 3679 342 200 51 210 261 76 60 1434 659 514 47 85 25 67
is_linear=0
shrinkage=0.02


Tree=13
num_leaves=31
num_cat=0
split_feature=12 1 6 9 2 9 9 7 7 2 3 1 12 6 7 0 12 0 6 5 1 7 0 5 12 5 0 9 12 1
split_gain=3.52301 1.73603 1.70099 1.57152 1.52109 1.17569 1.49244 1.17163 1.01 0.999438 0.995524 0.954473 0.907949 0.845003 0.819424 0.837141 0.865957 0.871308 0.817214 0.87778 0.840883 0.775841 0.770902 0.760277 0.735225 0.767813 1.54345 0.727494 0.684008 0.660884
threshold=1.2500000000000002 0.059480010061427717 -0.09757051698339482 0.091663393926248671 -0.16263375485279422 0.24812103859071999 0.22628036127781914 0.22071951832494038 0.52028626061543459 0.16594278361888956 -0.22902936587499437 -0.098568827980813831 -10.249999999999998 -0.2654392204873765 0.21575465508099001 -0.16192986795786549 7.2500000000000009 -0.11222935030437008 0.058566380645542059 3.5000000000000004 -0.05546579661419887 0.14672735758343738 0.030808341052308195 1.5000000000000002 6.7500000000000009 3.5000000000000004 -0.12693159488831526 0.67963512214907096 1.7500000000000002 -0.13460771370022193
decision_type=10 2 2 10 8 8 10 2 2 10 10 2 8 2 2 8 10 10 2 2 2 2 10 2 8 2 8 10 10 2
left_child=1 7 4 24 11 6 -3 12 29 10 -5 21 22 -7 15 -11 17 -17 20 -20 -14 -2 -1 -10 25 28 -27 -13 -4 -9
right_child=2 5 3 9 -6 13 -8 8 23 14 -12 27 18 -15 -16 16 -18 -19 19 -21 -22 -23 -24 -25 -26 26 -28 -29 -30 -31
leaf_value=-0.0023199398125143488 -0.0019621532328164904 -0.00025806608232291969 0.0054882567251722013 0.0021239932711448585 0.00027160024298181321 -0.0032266875312608836 -0.0086488250304352157 -0.00092342132469639185 -0.0054294146607188802 -0.0038567905351519585 0.00068290912690421369 -0.00030390959941749377 -0.0010370710588266871 0.0013319696444879345 0.0048317165703205813 0.0042050216307065319 0.0046321847116341814 9.2176015321642927e-05 0.0022159546708119 -0.00089122912500787417 -0.00032833637785453416 -0.0063159117966213006 0.0029052647451559706 -0.00085657698083518744 -0.0015552228290215133 -0.00776013236779433 -0.00016988601031728455 -0.0041940688003697215 0.00058304571239749822 0.00074580262652745801
leaf_weight=192 64 37 11.999999999999998 228 1153 17 10.999999999999998 116 19 9.9999999999999982 1206 228 1453 376 44 28 40 78 81 66 1242 22 11.999999999999998 62 125 12.999999999999998 61 21 217 521
leaf_count=192 64 37 12 228 1153 17 11 116 19 10 1206 228 1453 376 44 28 40 78 81 66 1242 22 12 62 125 13 61 21 217 521
internal_value=-2.16627e-05 -0.000413339 0.000442281 0.000814179 -7.30777e-05 0.000773881 -0.00218095 -0.000552437 0.000174345 0.00109676 0.000912035 -0.00125939 -0.000723753 0.00113478 0.00242123 0.00174134 0.00212478 0.00117859 -0.000631241 0.000820893 -0.000710448 -0.00307591 -0.00201257 -0.00192922 -0.000264644 0.000267773 -0.00150331 -0.000631995 0.000840087 0.000441831
internal_weight=7755 4205 3550 2062 1488 441 48 3764 718 1634 1434 335 3046 393 200 156 146 106 2842 147 2695 86 204 81 428 303 74 249 229 637
internal_count=7755 4205 3550 2062 1488 441 48 3764 718 1634 1434 335 3046 393 200 156 146 106 2842 147 2695 86 204 81 428 303 74 249 229 637
is_linear=0
shrinkage=0.02


Tree=14
num_leaves=31
num_cat=0
split_feature=13 9 0 2 6 7 6 3 13 9 2 0 3 8 3 7 6 5 9 13 11 0 7 7 8 9 13 2 0 0
split_gain=4.66291 1.83909 1.41428 1.32228 1.18709 1.21952 1.18394 1.2214 1.0047 0.990862 0.97366 1.30017 1.18532 0.968422 0.956057 1.23323 1 0.903391 1.11674 0.77626 0.977739 0.933685 0.80319 0.763339 0.728504 0.743997 1.01558 2.20322 0.82969 0.833479
threshold=24.375000000000004 0.11843159876259099 0.020125982603756507 0.1208982713704172 -0.2822259610903306 0.022228468945590673 0.024546802624047081 0.15941935027848647 17.875000000000004 0.20912513208208555 0.023958310302144552 -0.19671777227004419 -0.51899978376502287 0.91218493943478907 -0.25238710069123865 -0.1837639390904042 -0.072374285433961252 1.5000000000000002 0.091663393926248671 27.375000000000004 1.0000000180025095e-35 -0.12693159488831526 0.20306599239102641 -0.83639807310577774 2.0911523418284221 0.80016427964580539 19.625000000000004 -0.25692503209362244 0.070825173316807891 0.03886639937650873
decision_type=10 10 8 10 2 2 2 8 8 8 10 10 8 2 10 2 2 2 10 10 2 10 2 2 2 8 8 8 10 10
left_child=2 13 8 4 5 -3 23 -8 -1 10 12 -12 -10 19 15 16 -6 -13 -19 21 22 -2 -21 -4 25 -25 27 -27 29 -28
right_child=1 3 6 -5 14 -7 7 -9 9 -11 11 17 -14 -15 -16 -17 -18 18 -20 20 -22 -23 -24 24 -26 26 28 -29 -30 -31
leaf_value=-0.0016326675452279066 -0.0025576097903939991 -0.00071971581727266307 0.0053718076124787328 0.0019741825320650557 -0.0046677496579165265 -0.0080751348727128719 0.00073506901326263554 0.0046419257386342483 -0.0076964102350175383 -0.00038418571028590902 0.0015653036268694059 -0.0087641699761642437 -0.00063089029984203754 0.0016981433668958122 0.00060394623709066129 0.0027213285081921011 0.0019106275894630112 -0.0083441535044800116 -0.00041044350992888208 0.0027636863107698552 -0.0020000092299698397 -0.0003364570048435634 -0.0013609878518260443 -0.00034738006212753456 -0.0048866585240914277 -0.0092421542728940639 0.0011122444064654026 -3.6508211161236505e-06 0.0029636433906853198 -0.0020584506432060152
leaf_weight=361 134 50 9.9999999999999982 399 18 10.999999999999998 203 38 9.9999999999999982 2448 13.999999999999998 19 189 76 1389 179 19 11.000000000000002 20 69 43 174 26 1435 12.999999999999998 11.999999999999998 194 74 77 40
leaf_count=361 134 50 10 399 18 11 203 38 10 2448 14 19 189 76 1389 179 19 11 20 69 43 174 26 1435 13 12 194 74 77 40
internal_value=-2.12294e-05 0.000671926 -0.000368209 0.000940033 0.000692359 -0.0020461 3.23355e-05 0.00135109 -0.000641498 -0.000509513 -0.00167605 -0.00382187 -0.000985942 -0.00038869 0.000796437 0.00203426 -0.00128966 -0.00533028 -0.00322563 -0.000744294 0.000502234 -0.0013028 0.00163483 -0.000138996 -0.000168865 -0.000135387 0.000630886 -0.00129274 0.00116282 0.000570245
internal_weight=7755 2587 5168 2065 1666 61 2096 241 3072 2711 263 64 199 522 1605 216 37 50 31 446 138 308 95 1855 1845 1832 397 86 311 234
internal_count=7755 2587 5168 2065 1666 61 2096 241 3072 2711 263 64 199 522 1605 216 37 50 31 446 138 308 95 1855 1845 1832 397 86 311 234
is_linear=0
shrinkage=0.02


Tree=15
num_leaves=31
num_cat=0
split_feature=13 7 7 13 2 1 1 10 8 1 5 2 9 0 2 9 5 12 9 7 12 0 12 9 2 9 8 0 3 8
split_gain=6.8199 1.34014 1.22071 1.13105 1.08653 0.981365 0.971893 0.944338 0.840905 0.998823 0.879063 0.839022 0.91668 0.864188 0.790899 1.23946 0.763399 0.846244 0.758213 2.06875 0.916889 0.751461 0.664761 0.66212 1.22338 0.949813 0.85538 0.712117 0.641247 0.640278
threshold=25.125000000000004 0.22071951832494038 0.025124738089347304 20.875000000000004 -0.11237837166996718 -0.074820519021596907 -0.090213592751925545 1.5000000000000002 -0.018223403105799996 -0.045967615110332552 2.5000000000000004 -0.72254095581927047 0.54562585367462113 0.15775849774515707 0.064455406004935309 0.10431273498814424 3.5000000000000004 -5.7499999999999991 0.38119844869083908 -0.10943649684915922 -9.2499999999999982 -0.13357278580684473 7.2500000000000009 0.29121523555485823 -0.3314940521091892 0.38693556420164049 0.45357477947547603 0.16389401768993855 -0.32879757213631444 0.32171765284666415
decision_type=10 2 2 8 8 2 2 2 2 2 2 8 10 8 10 8 2 8 8 2 10 8 10 10 10 10 2 8 10 2
left_child=1 3 14 7 6 -5 -3 18 9 10 -4 -7 -13 16 -2 -16 17 -14 19 -1 -20 -17 -23 24 -8 29 28 -26 -27 -25
right_child=2 4 8 5 -6 11 23 -9 -10 -11 -12 12 13 -15 15 21 -18 -19 20 -21 -22 22 -24 25 27 26 -28 -29 -30 -31
leaf_value=-0.0072027711085975166 0.00016093679200970538 -0.0016222021159897479 -0.0022275328926502193 -0.00076050258032904429 0.00082314713844736554 -0.0039388647285245717 -0.0016974898357072783 -0.00072466505140106969 0.0018817357825275155 0.0016421890946809183 0.00069711583042773623 0.00039099003891394186 0.0032516244138506329 0.0015152053361230378 -0.0055524713620543472 -0.0011389299253267901 -0.00035397953271701236 -0.0025109919377145351 -0.0072208851668983699 0.0035012948076025797 -0.0022090628194695195 0.0011456720321822151 0.0032267696421267918 -0.0043014845443779936 0.0017828812132157932 0.0051043753475616014 -0.0031289361141946005 0.0063861221112310887 0.00055013248749639628 0.0010720866577078898
leaf_weight=9.9999999999999982 775 177 66 964 620 21 29 1594 673 209 109 1192 10.999999999999998 67 9.9999999999999982 35 314 139 15.999999999999998 26 167 152 103 34 41 13.999999999999998 23 20 106 11.999999999999998
leaf_count=10 775 177 66 964 620 21 29 1594 673 209 109 1192 11 67 10 35 314 139 16 26 167 152 103 34 41 14 23 20 106 12
internal_value=1.04079e-05 -0.00035626 0.000972998 -0.000507239 0.000278103 -0.000248402 -0.000462965 -0.000893854 0.00145562 0.000708818 -0.000405895 3.46635e-05 8.3093e-05 -0.000608081 0.000498454 0.00137037 -0.000914676 -0.0020884 -0.0021253 0.000527943 -0.00264725 0.00160909 0.00198627 0.000272465 0.00168437 -0.000399871 0.000404264 0.00329214 0.00108146 -0.00289968
internal_weight=7729 5597 2132 4521 1076 2708 456 1813 1057 384 175 1744 1723 531 1075 300 464 150 219 36 183 290 255 279 90 189 143 61 120 46
internal_count=7729 5597 2132 4521 1076 2708 456 1813 1057 384 175 1744 1723 531 1075 300 464 150 219 36 183 290 255 279 90 189 143 61 120 46
is_linear=0
shrinkage=0.02


Tree=16
num_leaves=31
num_cat=0
split_feature=13 6 7 13 2 6 7 10 12 1 1 12 1 1 7 6 2 6 10 2 9 9 2 9 2 12 9 1 12 7
split_gain=6.54984 1.49214 1.28707 1.08626 1.0435 1.03189 1.00479 0.987837 0.983119 1.00828 1.31605 0.989186 0.942503 0.933406 0.885921 0.933899 0.924772 0.819459 0.808155 0.805796 0.883623 1.01552 0.79608 0.761114 0.75601 1.14887 0.996752 0.898526 1.24396 0.884762
threshold=25.125000000000004 -0.086114748326204096 0.22071951832494038 20.875000000000004 -0.11237837166996718 -0.019054260471595495 -0.32564417021872677 1.5000000000000002 16.750000000000004 -0.099507758263943133 -0.087381565819760573 7.2500000000000009 -0.074820519021596907 -0.090213592751925545 0.20306599239102641 -0.15292004593074884 0.094339698293833554 0.1566974241620912 7.5000000000000009 -0.72254095581927047 0.42080405338222832 0.41697136409827756 0.14908193090140165 0.10431273498814424 -0.06339144088219785 5.7500000000000009 0.3956235285592225 -0.037490956257576181 3.7500000000000004 -0.2532015637507164
decision_type=10 2 2 8 8 2 2 2 10 2 2 10 2 2 2 2 10 2 2 8 10 10 10 10 8 10 8 2 8 2
left_child=2 14 3 5 13 7 -7 -1 9 -3 11 -11 -5 -4 16 -16 -2 -12 22 -14 21 24 -8 -17 25 26 27 28 -21 -29
right_child=1 8 4 12 -6 6 18 -9 -10 10 17 -13 19 -15 15 23 -18 -19 -20 20 -22 -23 -24 -25 -26 -27 -28 29 -30 -31
leaf_value=-0.002411344267852748 -0.00028411047304929181 0.00033822987457598211 -0.0015897580714683221 -0.00074529252895263955 0.00080668421380429328 0.0038838041366802325 0.00058420318581893136 -0.00088986933981977209 -0.0048088669213466346 0.002313581936326701 0.0016538831450356966 0.0069170431983939396 -0.0038600874838552309 0.00026701556239944738 0.0031835593268589443 -0.0038059554596741995 0.001436223204656961 -0.0027823484283598034 -0.0011235376808020334 -0.00053881174056894248 -0.00039496526565481872 0.0056726148029168444 0.0064873595633544029 0.0010317049106720797 -4.2022951724818771e-05 0.0056871337295022039 0.0025249521754449234 -0.002229115075431764 -0.0077066388861699543 0.0019390393599592658
leaf_weight=196 613 241 177 964 620 27 106 1322 9.9999999999999982 43 822 33 21 279 83 14.999999999999998 157 17 152 81 818 14.999999999999998 9.9999999999999982 98 542 21 100 25 10.999999999999998 110
leaf_count=196 613 241 177 964 620 27 106 1322 10 43 822 33 21 279 83 15 157 17 152 81 818 15 10 98 542 21 100 25 11 110
internal_value=1.01997e-05 0.000953538 -0.000349135 -0.000497095 0.000272541 -0.000875977 0.000206387 -0.00108632 0.00143513 0.00148915 0.00179228 0.00431245 -0.000243434 -0.000453706 0.000372237 0.00157272 6.66589e-05 0.001564 -0.000164099 3.39702e-05 8.14312e-05 0.00051203 0.0010931 0.000389538 0.000425054 0.00115251 0.000861299 0.000128413 -0.00139583 0.00116716
internal_weight=7729 2132 5597 4521 1076 1813 295 1518 1166 1156 915 76 2708 456 966 196 770 839 268 1744 1723 905 116 113 890 348 327 227 92 135
internal_count=7729 2132 5597 4521 1076 1813 295 1518 1166 1156 915 76 2708 456 966 196 770 839 268 1744 1723 905 116 113 890 348 327 227 92 135
is_linear=0
shrinkage=0.02


Tree=17
num_leaves=31
num_cat=0
split_feature=13 6 7 13 2 6 7 10 12 2 7 10 3 3 2 13 2 8 3 9 10 9 7 6 7 3 12 10 12 9
split_gain=6.29046 1.43305 1.2361 1.04324 1.00218 0.99103 0.965004 0.948719 0.944188 0.855529 1.10282 0.776152 0.765752 0.799909 0.764555 0.750571 1.04309 0.719503 0.719179 0.67643 0.757557 0.638353 0.618783 0.905626 0.811873 0.678758 0.608981 0.591919 0.767979 0.588758
threshold=25.125000000000004 -0.086114748326204096 0.22071951832494038 20.875000000000004 -0.11237837166996718 -0.019054260471595495 -0.32564417021872677 1.5000000000000002 16.750000000000004 0.017984480269012591 0.52028626061543459 7.5000000000000009 0.68727229415775404 0.52351472232827712 0.14908193090140165 27.625000000000004 0.16594278361888956 -0.14228350182110294 0.36884866425442281 0.15131743872504874 3.5000000000000004 0.11843159876259099 0.13628332632931608 -0.14426959519373914 0.27006420446858243 -0.64373215228794156 -5.7499999999999991 1.0000000180025095e-35 -6.7499999999999991 0.14310810810810815
decision_type=10 2 2 8 8 2 2 2 10 10 2 2 10 10 10 10 10 2 10 8 2 8 2 2 2 8 10 2 10 8
left_child=2 9 3 5 21 7 -7 -1 15 22 -11 14 13 19 -8 29 17 -17 -13 20 -9 -4 25 -24 -25 -2 -22 28 -6 -3
right_child=1 8 4 -5 27 6 11 12 -10 10 -12 18 -14 -15 -16 16 -18 -19 -20 -21 26 -23 23 24 -26 -27 -28 -29 -30 -31
leaf_value=-0.0023631173643944028 0.0040201604223022089 -0.0013627392370015002 -0.0034877962685333419 -0.00023856483471703318 0.0073855506069958211 0.0038061279762122368 0.00057251909593002712 -0.0031191739274395837 -0.0047126897946000099 0.00096918890482620935 0.0077096342034637935 -0.00073599151201205154 0.0036210746976236504 -0.0062941852635280647 0.0063576124142855411 0.00022635780632025698 0.0043321733230697939 0.0021489557289725699 -0.006285138234496117 -0.0010165157310636015 0.0029543471950641336 -0.00026062635179110912 0.0024440451204238169 0.0014627875042666951 -0.0021787226365879179 -0.00061871977686304297 -0.00031964140542020854 0.00063044387441735217 0.0013046972556643326 0.0011699967816384278
leaf_weight=196 12.999999999999998 39 26 2708 11.999999999999998 27 106 18 9.9999999999999982 334 9.9999999999999982 142 14.999999999999998 10.999999999999998 9.9999999999999982 103 69 319 9.9999999999999982 1187 47 430 83 48 50 428 44 581 27 626
leaf_count=196 13 39 26 2708 12 27 106 18 10 334 10 142 15 11 10 103 69 319 10 1187 47 430 83 48 50 428 44 581 27 626
internal_value=9.99571e-06 0.000934468 -0.000342153 -0.000487153 0.00026709 -0.000858458 0.000202259 -0.00106459 0.00140643 0.000364792 0.00116513 -0.000160817 -0.000872072 -0.000923638 0.00107123 0.00145936 0.00205245 0.0016797 -0.00110107 -0.000878055 0.00062977 -0.000444632 -7.78401e-05 0.000906814 -0.000395126 -0.000481973 0.00137132 0.000790551 0.00317573 0.00102146
internal_weight=7729 2132 5597 4521 1076 1813 295 1518 1166 966 344 268 1322 1307 116 1156 491 422 152 1296 109 456 622 181 98 441 91 620 39 665
internal_count=7729 2132 5597 4521 1076 1813 295 1518 1166 966 344 268 1322 1307 116 1156 491 422 152 1296 109 456 622 181 98 441 91 620 39 665
is_linear=0
shrinkage=0.02


Tree=18
num_leaves=31
num_cat=0
split_feature=13 7 7 13 2 1 1 10 8 1 2 9 0 9 7 0 2 8 12 3 10 9 2 9 8 0 2 2 3 7
split_gain=6.04136 1.18715 1.12637 1.00193 0.962495 0.90518 0.893563 0.840364 0.790561 0.951552 0.773887 0.855786 0.829966 0.7241 1.98101 0.907523 0.721609 0.806199 0.67866 0.978818 0.965381 0.640821 1.16792 0.912201 0.821507 0.685398 0.620983 0.933105 0.787152 2.15187
threshold=25.125000000000004 0.22071951832494038 0.025124738089347304 20.875000000000004 -0.11237837166996718 -0.074820519021596907 -0.090213592751925545 1.5000000000000002 -0.018223403105799996 -0.045967615110332552 -0.72254095581927047 0.54562585367462113 0.15775849774515707 0.38119844869083908 -0.10943649684915922 -0.18383979738501022 -0.12995804449076573 -0.48402553507862167 -3.2499999999999996 0.11467514406291558 11.500000000000002 0.29121523555485823 -0.3314940521091892 0.38693556420164049 0.45357477947547603 0.16389401768993855 -0.13729756350297259 -0.43235911379096303 -0.11452899269412026 0.14538498182933904
decision_type=10 2 2 8 8 2 2 2 2 2 8 10 8 8 2 8 8 2 8 10 2 10 10 10 2 8 10 8 8 2
left_child=1 3 16 7 6 26 -3 13 9 -4 -7 -12 18 14 -1 -15 17 -2 19 20 -13 22 -8 -23 -25 -24 27 -5 29 -29
right_child=2 4 8 5 -6 10 21 -9 -10 -11 11 12 -14 15 -16 -17 -18 -19 -20 -21 -22 23 25 24 -26 -27 -28 28 -30 -31
leaf_value=-0.0069750888608396053 0.0034033931195735934 -0.0015472806014165303 -0.00043274236707282923 0.0013274737724956744 0.00077473950676006011 -0.0037781144501197908 -0.0016458628143601376 -0.0006816848516899718 0.0017925382090532144 0.0015662890800127857 0.00038206849722937844 0.0028361973209705738 0.0014975718203098026 -0.0083711385428905487 0.003499517305395924 -0.002174425096765182 0.00075335757751692856 -0.00077537153849206264 -0.0012354666146090468 -0.0044924377095109476 -0.0032135624166291493 -0.0028418174207858415 0.0017486700229346753 0.0010597038566872168 -0.0030664852172460244 0.0062647261116653688 -0.0002758174523715516 -0.0021714000365325699 -0.0010414497525000699 -0.01189749652147293
leaf_weight=9.9999999999999982 20 177 175 48 620 21 29 1594 673 209 1192 56 67 9.9999999999999982 26 173 814 241 383 11.999999999999998 12.999999999999998 46 41 120 23 20 540 101 265 9.9999999999999982
leaf_count=10 20 177 175 48 620 21 29 1594 673 209 1192 56 67 10 26 173 814 241 383 12 13 46 41 120 23 20 540 101 265 10
internal_value=9.79579e-06 -0.00033531 0.000915778 -0.00047741 0.000261749 -0.000233794 -0.000435739 -0.000841288 0.00137938 0.000655272 3.80621e-05 8.45738e-05 -0.000583248 -0.00200297 0.000589904 -0.00251304 0.000459941 -0.00045516 -0.000883712 0.000779525 0.00169639 0.000269433 0.00165844 -0.000392002 0.000396051 0.00322934 -0.000725615 -0.00129847 -0.0016337 -0.00304762
internal_weight=7729 5597 2132 4521 1076 2708 456 1813 1057 384 1744 1723 531 219 36 183 1075 261 464 81 69 279 90 189 143 61 964 424 376 111
internal_count=7729 5597 2132 4521 1076 2708 456 1813 1057 384 1744 1723 531 219 36 183 1075 261 464 81 69 279 90 189 143 61 964 424 376 111
is_linear=0
shrinkage=0.02


Tree=19
num_leaves=31
num_cat=0
split_feature=13 6 13 0 2 12 1 1 12 6 9 9 12 9 12 2 2 2 6 0 9 12 6 13 12 2 6 13 2 9
split_gain=5.80212 1.37211 1.14618 1.14748 0.956811 0.902833 0.95491 1.26693 0.945518 0.896712 1.1384 0.865505 0.816843 0.907333 0.812712 0.807639 0.793308 0.786332 0.785216 0.782413 0.807773 0.755231 0.737202 0.715567 0.709433 0.681605 1.3257 0.885103 0.683466 0.674319
threshold=25.125000000000004 -0.086114748326204096 18.125000000000004 -0.031784979775293147 0.69038515442119375 16.750000000000004 -0.099507758263943133 -0.087381565819760573 7.2500000000000009 -0.026335709595173302 0.098809987036892422 0.14310810810810815 -1.2499999999999998 0.79484973460245667 -8.7499999999999982 0.14423579547075835 0.57683325776408723 0.86987405265844797 0.1566974241620912 -0.33614328468576293 0.62464620538911764 -12.749999999999998 0.13569419786757533 20.875000000000004 1.7500000000000002 -0.1404465276381788 -0.1018164399729347 24.625000000000004 -0.18878678530896317 0.13153176458295771
decision_type=10 2 8 8 10 10 2 2 10 2 8 8 10 10 8 10 8 10 2 8 8 10 2 8 10 8 2 8 10 8
left_child=2 12 19 14 9 6 -3 8 -8 10 16 -12 -2 24 -4 -11 -5 -6 22 -1 -21 -22 -9 -17 -14 26 -16 28 -28 -27
right_child=1 5 3 4 17 -7 7 18 -10 15 11 -13 13 -15 25 23 -18 -19 -20 20 21 -23 -24 -25 -26 29 27 -29 -30 -31
leaf_value=-0.0043751801716695937 0.0027783028659625697 0.0002909997933934524 0.0012788975834542805 -0.0014542278226640454 0.0073490629617411355 -0.0046243304684758183 0.0022244818039714944 0.0015035837835642588 0.0067251861998529148 0.00041085959049086 0.0025060267062857748 -0.00015976405011660378 -0.0024083114925517956 0.0031468580515356739 -0.0020950917920433214 0.0063801885978318753 -0.0061688805040385989 0.00039279675558925815 -0.0027725013597484898 -0.00048836457929563536 -0.0049445220734924081 -0.0015010829315901066 0.0069672108627855779 0.0015936778348527457 0.0001976974051451333 -0.0024084858057488289 0.00062666188429115759 -0.0026610441753444703 -0.0013640635650562199 -0.00029135734253136813
leaf_weight=28 52 241 92 69 13 9.9999999999999982 43 812 33 581 50 1898 44 40 322 15.999999999999998 18 13 17 447 30 169 9.9999999999999982 57 830 63 233 57 98 1343
leaf_count=28 52 241 92 69 13 10 43 812 33 581 50 1898 44 40 322 16 18 13 17 447 30 169 10 57 830 63 233 57 98 1343
internal_value=9.59988e-06 0.000897463 -0.000328603 -0.000222704 5.2657e-05 0.00135928 0.00141104 0.00170605 0.00417874 1.57381e-05 -0.000191308 -9.13403e-05 0.00034003 0.00020131 -0.000561293 0.000659988 -0.00242967 0.00387093 0.00148206 -0.00110211 -0.000960244 -0.00202019 0.00157005 0.00264278 6.65024e-05 -0.000641301 -0.00114643 -0.000359138 3.72628e-05 -0.000386222
internal_weight=7729 2132 5597 4923 2715 1166 1156 915 76 2689 2035 1948 966 914 2208 654 87 26 839 674 646 199 822 73 874 2116 710 388 331 1406
internal_count=7729 2132 5597 4923 2715 1166 1156 915 76 2689 2035 1948 966 914 2208 654 87 26 839 674 646 199 822 73 874 2116 710 388 331 1406
is_linear=0
shrinkage=0.02


Tree=20
num_leaves=31
num_cat=0
split_feature=13 6 8 8 13 8 13 3 6 6 5 8 7 13 3 7 2 9 3 3 5 2 1 13 9 13 1 6 8 8
split_gain=3.80151 1.33242 1.48061 1.13037 1.08588 1.00714 1.00433 0.994374 0.967865 1.36937 1.65477 1.29887 0.962597 0.844108 1.01663 1.13588 1.13194 1.67554 0.973513 1.06839 1.01085 0.848802 1.03595 1.0751 0.839184 0.8201 0.819227 1.02086 0.993195 1.47504
threshold=24.625000000000004 -0.079577794686927272 -0.60926887513405681 -0.41469490114619195 27.375000000000004 -0.13351811781643999 18.125000000000004 -0.092270461048096983 -0.098991907597394582 -0.10870240855279717 1.5000000000000002 -0.14228350182110294 -0.26857131889710784 20.875000000000004 -0.094342752931786275 -0.32564417021872677 0.16594278361888956 0.23003939290270506 -0.017119503610709897 -0.027544981776577937 2.5000000000000004 0.19889598445887255 0.083152115783373795 23.375000000000004 0.59057770639774454 32.625000000000007 -0.14740123876791952 -0.10747362417206104 0.24482643634521192 0.047636349892929024
decision_type=8 2 2 2 10 2 10 8 2 2 2 2 2 10 8 2 10 8 10 10 2 10 2 10 8 10 2 2 2 2
left_child=1 2 12 6 -2 -3 -4 26 9 10 -6 -10 -1 14 -7 -16 18 -18 19 20 -17 22 -15 -24 -23 -13 -5 -28 29 -29
right_child=4 5 3 7 8 13 -8 -9 11 -11 -12 25 -14 21 15 16 17 -19 -20 -21 -22 24 23 -25 -26 -27 27 28 -30 -31
leaf_value=-0.0051802873038545704 0.000341107529362691 -0.00068758507414079777 -0.0034137695096433164 -0.0035419802023814273 0.0043024789554894803 0.00080846178890931755 0.0019080829274654388 -0.00024979076726215318 4.9864815066981792e-05 -0.0032615986981086044 0.00013507199177264151 0.0023607420390257721 -0.0015416854447019952 0.00033440143048295328 0.0024625897913789141 -0.0040228794481060124 -0.010622871496404212 -0.0012545048268068405 1.9499490828772561e-05 -0.0068001094285179585 -0.00018446146539995921 0.0016097806816046335 0.0050898294466046193 0.00026142444621239392 0.0068852020031772553 -0.0021170460936777735 -0.0005869027867871615 -0.0024498889163979106 0.00015375002446334535 -0.008909833019270617
leaf_weight=33 1837 528 15.999999999999998 52 45 247 125 1592 151 38 249 435 245 813 39 41 11.999999999999998 21 226 17 83 49 39 35 15.999999999999998 17 604 84 41 17
leaf_count=33 1837 528 16 52 45 247 125 1592 151 38 249 435 245 813 39 41 12 21 226 17 83 49 39 35 16 17 604 84 41 17
internal_value=2.99862e-05 -0.000300719 -0.000588133 -0.000435955 0.000623514 7.20165e-05 0.00130418 -0.000538616 0.00117836 0.000311156 0.00077294 0.00165583 -0.00197361 0.00031687 -0.000217976 -0.000795493 -0.00111316 -0.00466118 -0.000794124 -0.00209823 -0.00145362 0.000702273 0.000540611 0.00280612 0.00290835 0.00219233 -0.00111482 -0.000945635 -0.00247151 -0.00353721
internal_weight=7747 4975 2809 2531 2772 2166 141 2390 935 332 294 603 278 1638 686 439 400 33 367 141 124 952 887 74 65 452 798 746 142 101
internal_count=7747 4975 2809 2531 2772 2166 141 2390 935 332 294 603 278 1638 686 439 400 33 367 141 124 952 887 74 65 452 798 746 142 101
is_linear=0
shrinkage=0.02


Tree=21
num_leaves=31
num_cat=0
split_feature=13 6 8 8 13 8 0 13 3 12 9 12 6 6 8 9 6 7 3 0 0 0 2 9 0 2 9 3 9 6
split_gain=3.65097 1.27966 1.42198 1.08561 1.04288 0.967258 0.983301 0.964559 0.954996 1.01506 1.01843 0.992473 0.929538 1.31514 1.24743 1.02669 1.01806 0.924478 0.884992 0.861362 0.94488 0.850956 0.858944 0.821328 1.36881 1.78128 0.810048 0.806071 1.32993 0.782211
threshold=24.625000000000004 -0.079577794686927272 -0.60926887513405681 -0.41469490114619195 27.375000000000004 -0.13351811781643999 0.04811112312986137 18.125000000000004 -0.092270461048096983 1.2500000000000002 0.1810546844220314 -4.2499999999999991 -0.098991907597394582 -0.10870240855279717 -0.14228350182110294 0.15642325828873491 -0.29566717470501308 -0.26857131889710784 -0.10954371619852145 0.063928572046579604 -0.056405561392504279 -0.0049656812696525594 -0.29382189567798139 0.1810546844220314 -0.17766864895158893 0.11667146248414169 0.08580660835762878 0.055454499710205253 0.24423129649575223 -0.032808008722942629
decision_type=8 2 2 2 10 2 8 10 8 10 8 10 2 2 2 10 2 2 8 10 8 10 8 8 10 10 8 8 8 2
left_child=1 2 17 7 -2 -3 18 -4 9 -5 -11 27 13 15 -14 -6 -17 -1 -7 20 -12 22 -20 24 -24 -26 -16 28 -10 -25
right_child=4 5 3 8 12 6 -8 -9 11 10 19 -13 14 -15 26 16 -18 -19 21 -21 -22 -23 23 29 25 -27 -28 -29 -30 -31
leaf_value=-0.0050766814963814485 0.00033428537572685135 -0.000673833374263874 -0.0033454939536750319 -0.00071585638991494382 0.0031415485974465463 0.00085750079551433515 0.00096796695000897991 0.0018699213064461949 0.0050086167435112747 -0.0069478336201670267 -0.0039165091782342645 0.00011649294375635808 4.8867557567871171e-05 -0.0031963667155880675 -0.0022712841932661832 -0.00607318552583456 0.00044788328196185815 -0.001510851695848515 -0.0059849282614886758 -0.0043327393579881551 0.00014268720557016355 -0.0022029172771540965 0.0034891071841120719 0.00086571563817887463 -0.0014958421847979094 -0.01192425936460495 0.0023106763564843744 -0.001616357393521706 -0.00050453626205683227 -0.00057287037274973782
leaf_weight=33 1837 528 15.999999999999998 624 58 303 585 125 19 18 32 1045 151 38 15.999999999999998 9.9999999999999982 226 245 9.9999999999999982 43 81 94 9.9999999999999982 285 19.000000000000004 9.9999999999999982 436 306 222 322
leaf_count=33 1837 528 16 624 58 303 585 125 19 18 32 1045 151 38 16 10 226 245 10 43 81 94 10 285 19 10 436 306 222 322
internal_value=2.93865e-05 -0.000294705 -0.00057637 -0.000427236 0.000611044 7.05762e-05 0.000310532 0.0012781 -0.000527844 -0.00109252 -0.00244333 -0.000244795 0.00115479 0.000304933 0.00162271 0.000757482 0.000171567 -0.00193413 -5.4709e-05 -0.00192358 -0.00100682 -0.000423242 -0.000168227 -7.81855e-05 -0.0028916 -0.00509185 0.00214848 -0.000935007 -6.98893e-05 0.000102578
internal_weight=7747 4975 2809 2531 2772 2166 1638 141 2390 798 174 1592 935 332 603 294 236 278 1053 156 113 750 656 646 39 29 452 547 241 607
internal_count=7747 4975 2809 2531 2772 2166 1638 141 2390 798 174 1592 935 332 603 294 236 278 1053 156 113 750 656 646 39 29 452 547 241 607
is_linear=0
shrinkage=0.02


Tree=22
num_leaves=31
num_cat=0
split_feature=13 13 7 8 7 12 12 1 6 9 5 13 10 8 6 9 10 12 13 6 8 9 13 13 9 13 12 13 6 9
split_gain=3.5115 1.65837 1.11748 0.883162 0.899051 0.922916 1.39522 0.974138 0.933972 0.878421 0.859471 1.49213 1.05028 0.807596 0.804227 1.13985 0.851993 0.999259 1.04722 0.798984 1.1426 1.05192 0.923061 1.21122 0.891538 0.798712 0.776059 0.765781 1.2823 0.905862
threshold=26.375000000000004 21.625000000000004 0.044128536905240594 -0.099900786563212149 0.23750912787155451 -10.749999999999998 -8.7499999999999982 -0.039181822012178701 0.0046026116922339442 0.40488319477704887 1.5000000000000002 25.875000000000004 6.5000000000000009 -0.079440240023606015 -0.10674170305187634 0.26318713440437097 12.500000000000002 6.7500000000000009 25.125000000000004 -0.098991907597394582 -0.087721818036643071 0.10431273498814424 28.375000000000004 29.625000000000004 0.13894601930536757 21.375000000000004 10.250000000000002 23.875000000000004 -0.17086388781437858 0.52529388369361352
decision_type=10 8 2 2 2 10 10 2 2 8 2 10 2 2 2 8 2 10 10 2 2 8 10 10 10 10 10 10 2 8
left_child=1 3 10 4 5 -1 -7 8 25 -6 11 27 -12 -5 -4 16 17 18 -16 22 -21 -22 -2 26 -25 -8 -24 28 -3 -29
right_child=19 2 14 13 9 6 7 -9 -10 -11 12 -13 -14 -15 15 -17 -18 -19 -20 20 21 -23 23 24 -26 -27 -28 29 -30 -31
leaf_value=-0.0039782592982930296 0.00096507245263347603 -0.0015181465083083444 -9.2405474357762116e-05 0.0020791087611155075 -0.0018370117662951004 0.0014373761304240259 -0.0022313813752070791 -0.00051661224971342437 0.001553498440577338 0.0017074859537824522 -0.00096663329555533764 -0.0045772338552134383 6.3899375538253238e-05 -0.00037866046713022888 0.0013928035165418338 0.00054771808788749718 0.0053413050597713842 -0.0036056561080309063 0.0062932028798829941 0.00018138588922916025 -0.0020584389163802066 0.0019809894080607617 -0.0036176233916686705 0.0052306291659673055 -8.2753549213521191e-05 -0.0059692273050546652 0.00065700160744397538 0.0018678786012309571 0.0022992201028052676 -0.0013581841119698116
leaf_weight=51 326 43 577 55 43 72 268 224 24 80 734 21 858 1932 103 870 31 12.999999999999998 21 246 27 574 65 14.999999999999998 80 25 23 54 194 98
leaf_count=51 326 43 577 55 43 72 268 224 24 80 734 21 858 1932 103 870 31 13 21 246 27 574 65 15 80 25 23 54 194 98
internal_value=2.87987e-05 -0.000167336 0.000114804 -0.000535217 -0.00110225 -0.00139319 -0.00117812 -0.00152621 -0.00223961 0.000468353 -0.000200936 0.000615634 -0.000411233 -0.00031063 0.000506204 0.000838957 0.00234716 0.00166965 0.00222271 0.000953207 0.00132955 0.00179952 0.000326951 -0.000809811 0.000756202 -0.00255031 -0.00250039 0.000895969 0.00160662 -0.000212083
internal_weight=7747 6391 3617 2774 787 664 613 541 317 123 2002 410 1592 1987 1615 1038 168 137 124 1356 847 601 509 183 95 293 88 389 237 152
internal_count=7747 6391 3617 2774 787 664 613 541 317 123 2002 410 1592 1987 1615 1038 168 137 124 1356 847 601 509 183 95 293 88 389 237 152
is_linear=0
shrinkage=0.02


Tree=23
num_leaves=31
num_cat=0
split_feature=13 6 8 8 13 8 0 13 7 6 6 8 9 6 13 12 0 12 0 9 12 12 9 7 8 10 2 8 13 0
split_gain=3.39139 1.20106 1.3519 1.05521 0.975897 0.920915 0.941312 0.915081 0.874599 0.856357 1.24277 1.16305 0.967157 0.972244 0.77964 0.759864 0.747333 0.726263 0.728733 0.711463 2.20086 1.16566 1.22474 1.18729 1.03689 0.84972 0.750288 0.7399 0.698953 1.16977
threshold=24.625000000000004 -0.079577794686927272 -0.60926887513405681 -0.41469490114619195 27.375000000000004 -0.13351811781643999 0.04811112312986137 18.125000000000004 -0.26857131889710784 -0.098991907597394582 -0.10870240855279717 -0.14228350182110294 0.15642325828873491 -0.29566717470501308 32.625000000000007 -12.749999999999998 0.051859744911832754 -10.749999999999998 -0.0061517848515501581 0.13153176458295771 -3.7499999999999996 -7.7499999999999991 0.26318713440437097 0.11446449297430385 -0.14228350182110294 7.5000000000000009 0.14035332584497182 -0.30538219939317862 22.125000000000004 -0.19950066220898069
decision_type=8 2 2 2 10 2 8 10 2 2 2 2 10 2 10 10 8 10 8 10 10 10 10 2 2 2 10 2 10 10
left_child=1 2 8 7 19 17 -7 -4 -1 10 12 -11 -6 -14 -13 -5 -8 18 -3 20 27 -21 23 -23 -22 -26 -24 -2 -10 -30
right_child=4 5 3 15 9 6 16 -9 28 11 -12 14 13 -15 -16 -17 -18 -19 -20 21 24 22 26 -25 25 -27 -28 -29 29 -31
leaf_value=-0.0049374944742091673 0.005251117797399109 -0.00074895562096075584 -0.0032337558688595894 -0.0025946825490031828 0.0030529320320307179 -5.3471021615331395e-05 0.0056888479646295311 0.0018461342928651719 -0.0023563224976432735 4.4262483592657066e-05 -0.0031045045782076685 0.002235823764279585 -0.0059322657594457276 0.00044037462018463205 -0.0021301099707317704 -0.00044976189462244423 0.00083936510230675086 -0.00050564651217341935 -0.0082087638527154894 -0.00098282487731900692 -0.00291668056307256 0.0010445310994637786 0.00029080036512380074 0.0044656153143598481 0.00041669984460778294 -0.0020180196256714537 0.0018483467657481219 0.0012105575686736593 0.0029704099975060671 -0.0016667451751966249
leaf_weight=33 22 10.999999999999998 15.999999999999998 68 58 1053 12.999999999999998 125 145 151 38 435 9.9999999999999982 226 17 2322 572 507 10.000000000000002 173 98 108 878 65 155 91 144 103 32 68
leaf_count=33 22 11 16 68 58 1053 13 125 145 151 38 435 10 226 17 2322 572 507 10 173 98 108 878 65 155 91 144 103 32 68
internal_value=2.82228e-05 -0.000284135 -0.000557013 -0.0004116 0.000588821 6.97497e-05 0.000303887 0.00126969 -0.0018809 0.00111482 0.000299099 0.00156394 0.000739021 0.000170347 0.00207162 -0.000510789 0.000947131 -0.000656608 -0.00430125 0.000321098 -0.000351117 0.000551557 0.00077369 0.00232991 -0.00117699 -0.000483948 0.000510259 0.0019217 -0.00146919 -0.000182856
internal_weight=7747 4975 2809 2531 2772 2166 1638 141 278 935 332 603 294 236 452 2390 585 528 21 1837 469 1368 1195 173 344 246 1022 125 245 100
internal_count=7747 4975 2809 2531 2772 2166 1638 141 278 935 332 603 294 236 452 2390 585 528 21 1837 469 1368 1195 173 344 246 1022 125 245 100
is_linear=0
shrinkage=0.02


Tree=24
num_leaves=31
num_cat=0
split_feature=13 6 8 8 13 8 13 7 6 13 13 8 9 13 2 7 9 2 2 1 13 9 13 12 5 12 12 6 9 12
split_gain=3.25709 1.15349 1.29837 1.01343 0.937251 0.884447 0.878844 0.839965 0.822445 1.20956 1.15605 1.11699 0.838541 0.785772 0.933815 1.09584 1.36399 0.82339 0.812045 0.972 1.03525 0.799879 0.748766 0.732237 0.744957 0.729773 0.697503 0.693341 0.683289 2.1137
threshold=24.625000000000004 -0.079577794686927272 -0.60926887513405681 -0.41469490114619195 27.375000000000004 -0.13351811781643999 18.125000000000004 -0.26857131889710784 -0.098991907597394582 28.375000000000004 29.625000000000004 -0.14228350182110294 0.13894601930536757 20.875000000000004 0.16594278361888956 -0.21349390999790718 0.23003939290270506 0.14423579547075835 0.19889598445887255 0.083152115783373795 23.375000000000004 0.59057770639774454 32.625000000000007 10.250000000000002 3.5000000000000004 -12.749999999999998 -10.749999999999998 0.038442708080377218 0.13153176458295771 -3.7499999999999996
decision_type=8 2 2 2 10 2 10 2 2 10 10 2 10 10 8 2 8 10 10 2 10 8 10 10 2 10 10 2 10 10
left_child=1 2 7 6 28 26 -4 -1 9 -6 23 -10 -12 14 17 -16 -17 -7 19 -15 -21 -20 -13 24 -11 -5 -3 -28 29 -2
right_child=4 5 3 25 8 13 -8 -9 11 10 12 22 -14 18 15 16 -18 -19 21 20 -22 -23 -24 -25 -26 -27 27 -29 -30 -31
leaf_value=-0.0048387444870207795 0.001883262257874012 -0.0042152204506454016 -0.0031690807780250909 -0.0025427888628174141 0.001630964207419213 -6.0881456220658116e-05 0.0018092116078548134 -0.0014398092730062875 4.3377214179232423e-05 -0.0059185975687257178 0.0050731678903102873 0.0021911072920065846 -7.9870696761645375e-05 0.00031179006191305324 0.0029317836404348227 -0.0089435316994786272 -0.0018315949956787395 0.0054608442956073722 0.0015596440067628817 0.0049469919096774015 0.00020891394798776934 0.0067100415425375105 -0.0020875078968375046 0.00061915158091679868 -0.00161132811413457 -0.0004407666610688676 -0.00083913312279560663 0.001096477579868709 0.00054052609348058985 -0.0011534543326774309
leaf_weight=33 125 21 15.999999999999998 68 149 601 125 245 151 29 14.999999999999998 435 80 813 12.999999999999998 13.999999999999998 47 10.999999999999998 49 39 35 15.999999999999998 17 23 36 2322 417 90 1368 344
leaf_count=33 125 21 16 68 149 601 125 245 151 29 15 435 80 813 13 14 47 11 49 39 35 16 17 23 36 2322 417 90 1368 344
internal_value=2.76583e-05 -0.000278452 -0.000545872 -0.000403368 0.000577045 6.83547e-05 0.0012443 -0.00184328 0.00109252 0.000293117 -0.000796168 0.00153266 0.000733767 0.000297809 -0.000218224 -0.00234029 -0.00346384 3.83652e-05 0.000669657 0.000511533 0.00270601 0.00282743 0.00203019 -0.0024478 -0.00353303 -0.000500573 -0.000643476 -0.000495534 0.000314676 -0.000344095
internal_weight=7747 4975 2809 2531 2772 2166 141 278 935 332 183 603 95 1638 686 74 61 612 952 887 74 65 452 88 65 2390 528 507 1837 469
internal_count=7747 4975 2809 2531 2772 2166 141 278 935 332 183 603 95 1638 686 74 61 612 952 887 74 65 452 88 65 2390 528 507 1837 469
is_linear=0
shrinkage=0.02


Tree=25
num_leaves=31
num_cat=0
split_feature=13 13 3 12 12 9 6 13 0 2 6 8 3 2 6 0 6 3 0 9 12 9 9 2 9 10 2 2 0 0
split_gain=3.96184 1.55685 1.16876 1.24023 1.08405 1.04556 0.985334 0.859044 0.858492 0.755026 1.61838 0.928051 1.08697 0.777407 0.722564 0.713672 0.773185 1.26154 0.708366 0.982781 0.80564 0.703254 0.759271 0.83167 0.678757 0.663198 0.662303 0.652623 0.650325 0.686955
threshold=27.375000000000004 19.625000000000004 0.18235955080298705 -6.7499999999999991 16.750000000000004 0.12811767269347149 -0.29566717470501308 19.875000000000004 -0.070910125280782735 -0.133449894368699 -0.10097262279453767 -0.40258312344059782 -0.082815244693177345 -0.61331128353668773 -0.023416906534120884 -0.33614328468576293 -0.091755859942251702 0.36884866425442281 0.034879932511315118 0.39032507781678222 6.7500000000000009 0.14310810810810815 0.08580660835762878 -0.21337772808118566 0.88733914634947875 15.500000000000002 -0.35328786260714434 -0.72254095581927047 -0.28722558856110458 0.0018208866391046109
decision_type=10 8 10 8 10 8 2 8 8 10 2 2 10 8 2 8 2 10 8 8 10 8 10 10 10 2 10 8 8 8
left_child=1 15 3 5 6 -3 -2 -4 9 10 11 12 -5 -13 -9 26 25 27 20 -20 -16 22 23 -8 -10 -17 -1 -18 -23 -30
right_child=4 2 7 8 -6 -7 21 14 24 -11 -12 13 -14 -15 18 16 17 -19 19 -21 -22 28 -24 -25 -26 -27 -28 -29 29 -31
leaf_value=-0.0076671161875128749 -0.0035582888408680446 0.0077138473014347255 -0.0043537408170791778 -0.0030006503779441119 -0.004956933745945042 0.0010886828147225302 0.0039769686479121432 0.00049710743474468079 -4.2214528204096665e-05 -5.4388730725469557e-06 -0.00023782020339801343 0.0027916090110582967 -0.010848893400281667 -0.0020585152276846649 0.00047967260596071129 -0.00097882127369072693 0.0050700228847563268 -0.0068307681246237316 0.0017927668303346787 0.0070794044462540607 0.006173940436406569 0.0059054934140294795 0.0051743728239089246 -0.0028334334102244332 0.0019350574884406278 -0.0049755203888258515 -0.0019125403377693146 -8.0983310911640312e-05 0.00056996021837697796 0.0017507684365674545
leaf_weight=9.9999999999999982 15.999999999999998 9.9999999999999982 12.999999999999998 24 10.999999999999998 202 16.000000000000004 592 3171 456 402 13.999999999999998 9.9999999999999982 237 103 719 9.9999999999999982 10.999999999999998 39 22 10.999999999999998 11.999999999999998 40 12.999999999999998 71 17 40 610 361 434
leaf_count=10 16 10 13 24 11 202 16 592 3171 456 402 14 10 237 103 719 10 11 39 22 11 12 40 13 71 17 40 610 361 434
internal_value=3.86228e-05 -0.000126801 2.86179e-05 -9.2842e-05 0.00128324 0.00140119 0.0013602 0.000744453 -0.000165073 -0.000636373 -0.00105516 -0.00220804 -0.00530896 -0.00178799 0.000830863 -0.000716561 -0.00063072 -0.000117017 0.00195991 0.00369942 0.00102912 0.00145003 0.003388 0.00092403 1.08785e-06 -0.00107114 -0.00306346 2.09743e-06 0.00128433 0.00121458
internal_weight=7697 6794 5377 4597 903 212 892 780 4385 1143 687 285 34 251 767 1417 1367 631 175 61 114 876 69 29 3242 736 50 620 807 795
internal_count=7697 6794 5377 4597 903 212 892 780 4385 1143 687 285 34 251 767 1417 1367 631 175 61 114 876 69 29 3242 736 50 620 807 795
is_linear=0
shrinkage=0.02


Tree=26
num_leaves=31
num_cat=0
split_feature=13 13 3 12 12 9 1 13 1 8 0 6 6 8 13 0 5 13 9 12 0 6 3 9 9 2 9 3 9 3
split_gain=3.80495 1.49519 1.12248 1.19111 1.04112 1.00416 0.977943 1.06598 0.963556 1.29705 1.26436 0.946314 0.776937 1.05108 1.33275 0.928788 1.30801 0.906793 0.77426 0.686768 0.68541 0.742567 1.21158 0.675405 0.729204 0.798736 0.666221 0.641398 0.854276 0.852144
threshold=27.375000000000004 19.625000000000004 0.18235955080298705 -6.7499999999999991 16.750000000000004 0.12811767269347149 -0.07451326885910374 19.875000000000004 -0.10571852844863715 -0.82406890758269047 -0.16012662062537933 -0.29566717470501308 -0.062227686966060514 0.3326304892161171 25.625000000000004 -0.060089964727534605 2.5000000000000004 25.875000000000004 0.31001700425190565 1.2500000000000002 -0.33614328468576293 -0.091755859942251702 0.36884866425442281 0.14310810810810815 0.08580660835762878 -0.21337772808118566 0.88733914634947875 -0.11452899269412026 0.28876266681946344 -0.45538830604654157
decision_type=10 8 10 8 8 8 2 8 2 2 8 2 2 2 8 10 2 10 10 10 8 2 10 8 10 10 10 10 8 10
left_child=1 20 3 5 11 -3 7 -4 9 10 -5 -2 13 14 15 -8 -17 -16 -19 -15 -1 -22 -23 24 25 -13 -10 28 29 -25
right_child=4 2 6 8 -6 -7 12 -9 26 -11 -12 23 -14 19 17 16 -18 18 -20 -21 21 22 -24 27 -26 -27 -28 -29 -30 -31
leaf_value=-0.0030021863494068385 -0.0034871230620774443 0.0075595704978331929 -0.0063366381749510774 -0.0082448189995355074 -0.0048577950336039068 0.0010669091496948559 0.00048775439394208102 0.00026733988267821406 -6.0476246259399145e-05 -0.00061203413176976471 -0.00084785436525156618 0.0038974293414503324 0.0027814214681018525 0.0006118992893468766 0.0083518425375223165 -0.0072745244283425187 -0.00064979065640727643 -0.0020373150386980596 0.0044030435197055344 0.005396483904416007 -0.0010497136070823573 2.0555131439675365e-06 -0.0066941525109789589 0.0027900813426822426 0.0050708852689713233 -0.0027767647184933036 0.0018963563515686651 0.0016331094273939796 0.00092669613652123482 -0.0039514076470707855
leaf_weight=50 15.999999999999998 9.9999999999999982 9.9999999999999982 18 10.999999999999998 202 65 438 3514 763 19 16.000000000000004 127 21 9.9999999999999982 19 32 14.000000000000002 15.999999999999998 28 736 620 10.999999999999998 9.9999999999999982 40 12.999999999999998 71 560 207 30
leaf_count=50 16 10 10 18 11 202 65 438 3514 763 19 16 127 21 10 19 32 14 16 28 736 620 11 10 40 13 71 560 207 30
internal_value=3.78503e-05 -0.000124265 2.80456e-05 -9.09852e-05 0.00125758 0.00137317 0.000729564 0.00011993 -0.000161772 -0.000789373 -0.00444638 0.00133299 0.0015522 0.000790687 -1.19264e-05 -0.00109746 -0.00311783 0.00313612 0.00139754 0.00334595 -0.00070223 -0.000618106 -0.000114677 0.00142103 0.00332024 0.000905549 -2.17217e-05 0.00125864 0.000409655 -0.00226604
internal_weight=7697 6794 5377 4597 903 212 780 448 4385 800 37 892 332 205 156 116 51 40 30 49 1417 1367 631 876 69 29 3585 807 247 40
internal_count=7697 6794 5377 4597 903 212 780 448 4385 800 37 892 332 205 156 116 51 40 30 49 1417 1367 631 876 69 29 3585 807 247 40
is_linear=0
shrinkage=0.02


Tree=27
num_leaves=31
num_cat=0
split_feature=13 13 3 12 12 1 13 1 8 0 6 6 8 13 0 5 13 7 7 6 12 0 6 3 0 7 3 2 2 0
split_gain=3.65428 1.43599 1.07803 1.14395 0.999893 0.939216 1.03089 0.925399 1.24569 1.21429 0.90884 0.746171 1.00946 1.27997 0.892008 1.25621 0.870884 0.673244 0.684708 1.06466 0.659572 0.658268 0.713162 1.1636 0.655026 0.654794 0.817795 0.636076 0.626779 0.612853
threshold=27.375000000000004 19.625000000000004 0.18235955080298705 -6.7499999999999991 16.750000000000004 -0.07451326885910374 20.125000000000004 -0.10571852844863715 -0.82406890758269047 -0.16012662062537933 -0.29566717470501308 -0.062227686966060514 0.3326304892161171 25.625000000000004 -0.060089964727534605 2.5000000000000004 25.875000000000004 0.053943422080031188 1.0000000180025095e-35 -0.070919752696107188 1.2500000000000002 -0.33614328468576293 -0.091755859942251702 0.36884866425442281 0.0040035367617415893 0.52028626061543459 -0.03155683585968623 -0.35328786260714434 -0.72254095581927047 -0.38836007796137006
decision_type=10 8 10 8 10 2 8 2 2 8 2 2 2 8 10 2 10 2 2 2 10 8 2 10 8 2 8 10 8 10
left_child=1 21 3 -3 10 6 -4 8 9 -5 -2 12 13 14 -7 -16 -15 18 -9 -20 -14 27 -23 28 -18 -19 -27 -1 -24 -8
right_child=4 2 5 7 -6 11 29 17 -10 -11 -12 -13 20 16 15 -17 24 25 19 -21 -22 22 23 -25 -26 26 -28 -29 -30 -31
leaf_value=-0.0074537300746887929 -0.0034173806049511771 0.0013457034410522231 -0.0045716197726627193 -0.0080799227771866655 -0.0047606391341171485 0.00047799932913711438 -0.0011641162224251284 -0.00011539526098267165 -0.00059979344244219729 -0.00083089728521085096 0.0013926094115449151 0.0027257930412228539 0.00059966128319501879 0.0081848056241869936 -0.0071290339058951322 -0.00063679486149339939 0.0052535901015455071 0.00038633702489958055 -0.0022034585300316832 0.00030674258339435289 0.0052885542444086496 -0.0010287193441225733 0.0049685813523828986 -0.0065602698109366673 -0.00087903845859201328 0.00024638641402125361 -0.0037069625216018822 -0.001814245771151036 -7.9404753615570556e-05 0.00069955838851007977
leaf_weight=9.9999999999999982 15.999999999999998 212 18 18 10.999999999999998 65 89 1730 763 19 876 127 21 9.9999999999999982 19 32 11 1489 166 114 28 736 9.9999999999999982 10.999999999999998 19 50 36 40 610 341
leaf_count=10 16 212 18 18 11 65 89 1730 763 19 876 127 21 10 19 32 11 1489 166 114 28 736 10 11 19 50 36 40 610 341
internal_value=3.70933e-05 -0.00012178 2.74847e-05 -8.91655e-05 0.00123243 0.000714973 0.000117531 -0.000158537 -0.000773585 -0.00435745 0.00130633 0.00152116 0.000774874 -1.16879e-05 -0.00107551 -0.00305547 0.0030734 -2.12872e-05 -0.0002639 -0.00118145 0.00327903 -0.000688185 -0.000605744 -0.000112384 0.00136959 0.000288333 -0.0014085 -0.00294214 2.01438e-06 0.000313821
internal_weight=7697 6794 5377 4597 903 780 448 4385 800 37 892 332 205 156 116 51 40 3585 2010 280 49 1417 1367 631 30 1575 86 50 620 430
internal_count=7697 6794 5377 4597 903 780 448 4385 800 37 892 332 205 156 116 51 40 3585 2010 280 49 1417 1367 631 30 1575 86 50 620 430
is_linear=0
shrinkage=0.02


Tree=28
num_leaves=31
num_cat=0
split_feature=12 6 1 3 12 3 7 8 3 2 6 7 12 3 0 3 7 8 1 0 2 7 6 2 0 7 12 3 11 3
split_gain=2.09349 1.45691 1.07038 0.925943 0.834242 0.980085 1.15896 0.833377 0.820902 0.744414 0.786063 0.677048 1.11923 0.668376 0.605525 0.59944 1.11395 0.867645 0.837212 0.848359 0.741603 0.596854 0.567964 0.565875 0.699775 0.910822 1.03499 0.606932 0.901287 0.638239
threshold=3.7500000000000004 -0.072374285433961252 -0.10188697040332768 -0.0093523255870454399 -10.249999999999998 -0.12606791757063271 0.11446449297430385 -0.79942318876607854 0.031344742226015194 0.38118797549729122 0.02027332026250556 0.21081340135139126 16.250000000000004 -0.68946956253791558 -0.10188697040332768 0.0044350088428067704 -0.11961085773174844 1.2017379205872285 -0.064789526335735675 0.030246839521351373 0.41057346739506245 0.097678199548106456 0.0010770459104673205 -0.30826029196536359 -0.15627131556775514 0.10752939461318968 -3.2499999999999996 -0.20249156917329356 1.0000000180025095e-35 -0.25668456954469815
decision_type=8 2 2 10 10 8 2 2 10 10 2 2 10 8 8 10 2 2 2 8 10 2 2 8 10 2 10 8 2 10
left_child=1 7 3 -2 5 6 -3 -1 22 13 -11 12 15 -6 -5 21 17 18 -17 -20 -18 -4 -7 24 25 -15 -27 28 29 -25
right_child=2 4 11 14 9 8 -8 -9 -10 10 -12 -13 -14 23 -16 16 20 -19 19 -21 -22 -23 -24 27 -26 26 -28 -29 -30 -31
leaf_value=-0.0018633743457401081 -0.0014506546468842291 -0.0014665721268393101 -1.2573827923254364e-05 0.00066016348659272267 0.0034946816258132458 -0.0065317353218793872 0.0063954326867436372 -0.00038566738426715398 -0.00063379749562591321 0.0012325075297202502 0.0075751806118271574 0.0014360849000827484 -0.005541129453728596 -0.00041873194855051465 -0.0021652081462225931 7.8568507413395112e-05 0.00068381573632816039 0.0080501573085784914 0.0016551600964857807 0.0050263843975456744 -0.0028987898692488675 0.0012572032920280963 -0.0016090177198251087 -0.00065100713996058815 0.00028056236759357904 -0.0072751687475564805 -0.00058990303950849925 0.00020570555784146311 0.0052659634110221462 0.0021548467778322649
leaf_weight=161 177 20 671 282 25 25 11.999999999999998 2947 40 27 10.999999999999998 445 11.999999999999998 54 34 61 306 9.9999999999999982 79 48 25 190 14.999999999999998 59 109 22 15.999999999999998 1720 22 72
leaf_count=161 177 20 671 282 25 25 12 2947 40 27 11 445 12 54 34 61 306 10 79 48 25 190 15 59 109 22 16 1720 22 72
internal_value=3.63514e-05 -0.000181646 0.000535417 -0.000292529 0.000206086 -0.00147649 0.00148168 -0.000462215 -0.00265976 0.000294269 0.00306854 0.000756411 0.000540681 0.000244044 0.000356168 0.000593185 0.00112306 0.00230969 0.00200434 0.00292932 0.000413226 0.000267633 -0.00468572 0.000204861 -0.000803594 -0.00208808 -0.00446032 0.000313083 0.0015202 0.000891142
internal_weight=7697 5357 2340 493 2249 112 32 3108 80 2137 38 1847 1402 2099 316 1390 529 198 188 127 331 861 40 2074 201 92 38 1873 153 131
internal_count=7697 5357 2340 493 2249 112 32 3108 80 2137 38 1847 1402 2099 316 1390 529 198 188 127 331 861 40 2074 201 92 38 1873 153 131
is_linear=0
shrinkage=0.02


Tree=29
num_leaves=31
num_cat=0
split_feature=13 13 3 12 9 12 1 13 6 1 10 6 13 9 9 2 13 7 13 3 10 12 9 10 5 12 7 3 9 1
split_gain=3.44645 1.34791 1.02576 1.10605 0.963601 0.932092 0.893848 0.992505 0.871814 0.867034 0.709971 0.70735 0.906542 0.86988 0.802005 0.825266 0.794913 0.850218 0.692491 0.766965 0.688409 0.823276 0.653727 0.710382 0.64777 0.646356 0.871361 1.16002 0.637874 0.628158
threshold=27.375000000000004 19.625000000000004 0.18235955080298705 -6.7499999999999991 0.12811767269347149 16.750000000000004 -0.07451326885910374 19.875000000000004 -0.29566717470501308 -0.10571852844863715 10.500000000000002 -0.062227686966060514 25.625000000000004 0.47252412639325003 0.23800019557835209 0.45135294196665243 24.625000000000004 0.025124738089347304 26.875000000000004 0.52351472232827712 4.5000000000000009 -1.2499999999999998 0.14310810810810815 7.5000000000000009 1.5000000000000002 6.2500000000000009 -0.019421233190532981 -0.058356995476267833 0.88733914634947875 -0.34200506038677636
decision_type=10 8 10 8 8 10 2 8 2 2 2 2 8 10 8 10 10 2 10 10 2 10 8 2 2 10 2 8 10 2
left_child=1 29 3 4 -3 8 7 -4 -2 10 25 12 14 18 -8 16 17 20 19 -14 -16 -22 23 -10 -12 -5 -27 -28 -11 -1
right_child=5 2 6 9 -6 -7 11 -9 22 28 24 -13 13 -15 15 -17 -18 -19 -20 -21 21 -23 -24 -25 -26 26 27 -29 -30 -31
leaf_value=-0.0028692300162278116 -0.0033586641966849131 0.0073832563478499645 -0.0061163614504039293 -0.00092641015190426696 0.0010230534999990965 -0.0045898398756980896 0.0029376595237602795 0.00025596952894022136 0.0057518192560032568 -6.1120247820820083e-05 -0.0017933987550294171 0.002655916537000526 0.0060591068211942904 0.0080652947689999234 0.0020134797731512473 -0.0051044538548837108 -0.003710261040367186 0.0029207564384127276 -0.0023004630890985332 -0.00092121206223964695 -0.0054460712348258023 0.0010856741365904991 0.0011925690622544124 0.0015937284209455052 0.00073771061183204156 -0.00011828423105180263 -0.0016802913372715314 -0.0096851357910782074 0.0018536286071782382 -0.00058689112244047852
leaf_weight=50 15.999999999999998 9.9999999999999982 9.9999999999999982 517 202 10.999999999999998 30 438 27 3514 52 127 17.000000000000004 10.999999999999998 19 14.999999999999998 20 39 11.999999999999998 9.9999999999999982 19 12.999999999999998 807 42 182 20 14.999999999999998 14.000000000000002 71 1367
leaf_count=50 16 10 10 517 202 11 30 438 27 3514 52 127 17 11 19 15 20 39 12 10 19 13 807 42 182 20 15 14 71 1367
internal_value=3.56244e-05 -0.000118665 2.59495e-05 -8.78375e-05 0.00132306 0.00119647 0.000696564 0.00011373 0.00126783 -0.00015605 -0.000751387 0.00148304 0.000756425 0.00309811 1.04377e-06 -0.000703744 -0.000103647 0.000697823 0.00169711 0.0034738 -0.00100207 -0.00279255 0.00135233 0.00322081 0.000175242 -0.00113448 -0.00332984 -0.0055447 -2.31991e-05 -0.000667425
internal_weight=7697 6794 5377 4597 212 903 780 448 892 4385 800 332 205 50 155 125 110 90 39 27 51 32 876 69 234 566 49 29 3585 1417
internal_count=7697 6794 5377 4597 212 903 780 448 892 4385 800 332 205 50 155 125 110 90 39 27 51 32 876 69 234 566 49 29 3585 1417
is_linear=0
shrinkage=0.02


Tree=30
num_leaves=31
num_cat=0
split_feature=12 9 7 10 8 12 7 8 10 9 2 3 0 1 6 6 0 0 2 6 3 9 1 8 9 8 6 0 9 2
split_gain=2.39271 1.33287 1.32464 1.15472 1.10912 1.04539 1.45695 1.1055 0.971257 0.867199 0.860164 1.39303 1.12381 0.851048 1.33303 0.922599 0.834314 1.24224 1.17916 0.834669 0.791429 0.788453 0.78103 0.77031 1.01695 0.76739 0.722059 0.966648 0.709991 0.70235
threshold=3.7500000000000004 0.11843159876259099 0.053943422080031188 7.5000000000000009 0.99356111303125305 -4.2499999999999991 0.18680969113853785 -0.002370365887733377 11.500000000000002 0.14310810810810815 -0.32579499292854336 -0.24336879656608235 -0.20609592184305245 -0.11624982337011737 -0.13816069061626812 -0.076273900009042286 -0.28722558856110458 -0.14649352778242378 -0.26453833588415238 -0.1779393576620921 0.52351472232827712 0.098809987036892422 -0.073866563617121475 -0.099900786563212149 0.23003939290270506 0.36343666139115666 0.094289999187937887 0.060250391424368957 0.8480497269039623 0.07409727002406323
decision_type=10 10 2 2 2 8 2 2 2 10 8 10 10 2 2 2 10 10 8 2 10 10 2 2 10 2 2 8 10 10
left_child=2 4 -1 10 16 6 -5 23 9 -3 11 -4 -12 14 25 -16 21 18 -18 -19 28 -2 -11 -7 -25 -9 -24 -28 -14 -21
right_child=1 8 3 5 -6 7 -8 13 -10 22 12 -13 20 -15 15 -17 17 19 -20 29 -22 -23 26 24 -26 -27 27 -29 -30 -31
leaf_value=-0.00051285434036498411 0.00089333747198262552 0.0040366893937742272 -0.00020862634476159037 -0.0026808044015115516 0.0023320432734109608 0.00053830340591566259 -0.0001415079124922265 0.0034635298522189251 0.0015783437657930271 -0.00044154553204792655 0.0018475747933918228 -0.0065781093598343433 0.00018627358671286249 -9.6719181924862307e-05 -0.0077492100745439529 -0.0023562028965111391 -0.010861902758479118 0.0020915782989393318 -0.002579047601162033 -0.0010674015921005315 0.0056752752580425956 -0.0046882687779990113 0.00061220317401382426 0.0076095053938527906 0.001561474298495193 -0.0033220002166926862 0.0076133935313139646 0.00051669309956624211 0.0044429818401113151 -0.0053265656914342849
leaf_weight=3363 127 27 97 157 51 223 213 20.000000000000004 456 314 267 15.999999999999998 768 380 18 43 9.9999999999999982 31 22 174 10.999999999999998 10.999999999999998 821 14.999999999999998 43 9.9999999999999982 13.999999999999998 17.000000000000004 15.999999999999998 17
leaf_count=3363 127 27 97 157 51 223 213 20 456 314 267 16 768 380 18 43 10 31 22 174 11 11 821 15 43 10 14 17 16 17
internal_value=-4.63707e-05 0.000531586 -0.00025999 0.000110224 -0.000442396 -0.000348668 -0.00121899 7.95511e-05 0.000793244 0.000493156 0.000548417 -0.0011105 0.000724931 -0.00051275 -0.00225002 -0.00394758 -0.000803356 -0.00148346 -0.00516744 -0.000952435 0.000347892 0.000448427 0.000411102 0.00107234 0.00312562 0.00120169 0.00072534 0.00372165 0.000273145 -0.00144649
internal_weight=7752 2092 5660 2297 443 1122 370 752 1649 1193 1175 113 1062 471 91 61 392 254 32 222 795 138 1166 281 58 30 852 31 784 191
internal_count=7752 2092 5660 2297 443 1122 370 752 1649 1193 1175 113 1062 471 91 61 392 254 32 222 795 138 1166 281 58 30 852 31 784 191
is_linear=0
shrinkage=0.02


Tree=31
num_leaves=31
num_cat=0
split_feature=13 1 13 7 2 8 0 7 5 6 2 2 13 7 2 7 3 13 1 5 6 0 13 13 0 2 0 2 1 12
split_gain=3.25115 0.99802 1.37262 1.14571 0.852642 0.831205 0.91203 0.892865 0.920349 0.826529 1.77762 0.802957 1.15848 0.752136 0.727286 0.684882 0.850047 0.655676 0.614635 0.612091 1.0631 0.788453 0.77259 1.13413 1.00779 0.849067 0.847243 0.754976 0.608999 0.60846
threshold=24.625000000000004 -0.12693159488831526 13.875000000000002 0.057515878404096138 -0.15394038654490522 -0.095861592065689019 -0.047717385077942473 -0.11522752224938711 1.5000000000000002 0.045832358261860905 0.15793560448327282 0.18421683178550854 18.375000000000004 0.051200510024207412 -0.32579499292854336 0.16073121417122613 -0.16609451432581138 25.625000000000004 -0.099507758263943133 2.5000000000000004 -0.12996158803010432 0.20999937978488059 27.375000000000004 32.125000000000007 -0.12983667397928386 0.028979622554566455 -0.10874802002876616 0.091425904801724217 -0.07451326885910374 7.2500000000000009
decision_type=10 2 8 2 10 2 8 2 2 2 10 10 8 2 8 2 8 10 2 2 2 10 10 10 8 8 8 10 2 10
left_child=1 -1 -3 11 5 7 29 -2 15 -5 18 -4 -13 14 -10 16 -9 -16 -11 22 21 -21 24 27 25 -6 -26 -24 -28 -7
right_child=4 2 3 9 19 6 -8 8 13 10 -12 12 -14 -15 17 -17 -18 -19 -20 20 -22 -23 23 -25 26 -27 28 -29 -30 -31
leaf_value=-0.00090227753161094509 0.0011501848083620859 -0.0058657411946093328 -0.00054250365587419052 0.00010361486349701743 -0.0083607674203813077 -2.5457201676594241e-06 0.0010843060646111883 -0.0028816600590944293 0.0022744028195738793 0.0046733779486579207 0.008250470161437989 -0.0034410214715677764 0.0013318679679915394 0.00030510019377322386 -0.0071325117299954098 -0.0015447958032874501 -0.011128097472712394 -0.0021346987448632717 0.00031698169032307836 1.1888775164722005e-05 0.0014575680283797651 0.00544672560624101 0.00062797189181467068 -0.0047653211637710535 0.0049355359146228206 -0.0012296251114457843 -0.0030827290611341596 0.0032950582366549608 3.9044446289407435e-05 -0.0025938755836493028
leaf_weight=975 59 17 2368 1613 10.999999999999998 148 331 9.9999999999999982 9.9999999999999982 14.999999999999998 14.999999999999998 23 176 81 14.999999999999998 17 10.000000000000002 35 95 364 817 10.999999999999998 119 11.999999999999998 12.999999999999998 17.000000000000004 28 66 233 48
leaf_count=975 59 17 2368 1613 11 148 331 10 10 15 15 23 176 81 15 17 10 35 95 364 817 11 119 12 13 17 28 66 233 48
internal_value=-4.54433e-05 -0.000324282 -0.000193892 -0.000171494 0.000556189 1.67451e-06 0.000444065 -0.000982039 -0.00168879 0.00022503 0.00179177 -0.000439962 0.000780227 -0.000952092 -0.0026493 -0.00449619 -0.00700488 -0.00363404 0.000911036 0.00080672 0.00105291 0.000171311 0.000218616 0.00119299 -0.000416984 -0.00403115 -4.76536e-05 0.00157947 -0.000295858 -0.000637157
internal_weight=7752 5297 4322 4305 2455 764 527 237 178 1738 125 2567 199 141 60 37 20 50 110 1691 1192 375 499 197 302 28 274 185 261 196
internal_count=7752 5297 4322 4305 2455 764 527 237 178 1738 125 2567 199 141 60 37 20 50 110 1691 1192 375 499 197 302 28 274 185 261 196
is_linear=0
shrinkage=0.02


Tree=32
num_leaves=31
num_cat=0
split_feature=1 7 3 9 5 7 6 8 3 8 0 8 9 1 0 6 7 10 3 3 3 8 8 9 9 1 0 9 1 10
split_gain=1.90059 1.42369 1.24102 0.931271 1.25959 1.21823 0.925973 0.833041 0.703023 0.715343 1.18179 0.693572 0.68177 1.12595 1.07076 0.702445 0.669111 0.911962 0.806555 0.68966 0.65146 0.678839 0.696154 1.11939 0.807513 0.673105 0.643742 0.643592 1.01519 0.634092
threshold=-0.12693159488831526 0.053943422080031188 0.30828222256674193 0.13894601930536757 2.5000000000000004 -0.049181148970111083 -0.065576574870557638 -0.65916498138167368 0.25766198613138064 -0.90042410917258142 0.10364238226661808 -0.22950970768551229 0.29737328163250437 -0.099507758263943133 0.021372522354036385 0.038442708080377218 -0.010715328875265728 8.5000000000000018 0.0059829370567939877 -0.58991456367464112 -0.06026633255557215 -0.99631954530585787 0.078630084976341649 0.34977367829438427 0.42776882812223521 -0.069084878333439764 -0.098568827980813831 0.056698655669797322 -0.042839156221066786 3.5000000000000004
decision_type=2 2 10 8 2 2 2 2 10 2 8 2 8 2 10 2 2 2 8 8 8 2 2 10 10 2 10 10 2 2
left_child=-1 2 6 4 -4 7 8 -5 9 10 -2 -9 13 15 20 -3 19 -18 -19 -11 21 -14 23 -23 25 -24 -26 28 -15 -27
right_child=1 12 3 5 -6 -7 -8 11 -10 16 -12 -13 14 27 -16 -17 17 18 -20 -21 -22 22 24 -25 26 29 -28 -29 -30 -31
leaf_value=-0.00074673987213389305 -0.00063971805215186004 0.0023236206825822591 0.0026434853501044781 -0.0014374308288097382 -0.0060020236484706405 -0.00064721329546556239 0.00017769806468216696 0.0088775860281153172 -0.0028338616717606784 0.002454964432644805 -0.006135194026257681 0.0034805285250505721 0.0034553983763736841 -0.005444866980028832 0.0010730704639404765 0.0070544692634915305 -0.0020732616771531936 -0.0011898160448551855 0.0018480458685421739 -0.00026908186833719035 0.0003333747270666713 -0.0031278160546274708 -0.00075372048477032061 -0.00051680706873181656 -0.0031762028776574878 0.007554722659289837 3.7130574794667489e-05 0.00088690685825767339 0.0013702950605915653 0.0020378003587946296
leaf_weight=1286 49 77 13.000000000000002 11.999999999999998 13.999999999999998 41 1334 10.999999999999998 50 38 23 71 17 17 527 14.999999999999998 195 88 58 1715 1089 87 29 268 32 9.9999999999999982 113 405 18 50
leaf_count=1286 49 77 13 12 14 41 1334 11 50 38 23 71 17 17 527 15 195 88 58 1715 1089 87 29 268 32 10 113 405 18 50
internal_value=-4.45344e-05 9.51247e-05 -0.000160497 0.00155138 -0.00183937 0.00222953 -0.000238617 0.00348427 -0.000489232 -0.000435109 -0.00239522 0.00420452 0.000439667 0.00108277 0.000285692 0.00309495 -0.000367712 -0.00117831 1.70058e-05 -0.000210032 4.08845e-05 -0.000484729 -0.000598451 -0.00115669 0.000248447 0.00174808 -0.000672019 0.000662045 -0.00193993 0.00295729
internal_weight=7752 6466 3712 162 27 135 3550 94 2216 2166 72 82 2754 532 2222 92 2094 341 146 1753 1695 606 589 355 234 89 145 440 35 60
internal_count=7752 6466 3712 162 27 135 3550 94 2216 2166 72 82 2754 532 2222 92 2094 341 146 1753 1695 606 589 355 234 89 145 440 35 60
is_linear=0
shrinkage=0.02


Tree=33
num_leaves=31
num_cat=0
split_feature=13 9 13 12 1 13 7 6 6 2 2 13 2 3 3 1 7 10 1 9 6 12 9 9 7 1 3 6 13 1
split_gain=3.0935 1.63903 1.45031 0.920178 0.915747 1.31346 1.06074 0.853667 0.786884 1.70721 0.756951 1.10217 0.754821 0.849364 0.976691 0.78616 0.736873 0.723779 0.722287 0.699211 0.734003 0.858455 0.698609 0.793783 0.683114 1.17183 0.805991 0.667659 0.64154 0.628791
threshold=24.625000000000004 0.11843159876259099 27.375000000000004 14.250000000000002 -0.12693159488831526 13.875000000000002 0.057515878404096138 -0.16055401838539166 0.045832358261860905 0.15793560448327282 0.18421683178550854 18.375000000000004 0.1208982713704172 -0.24795763583259872 -0.14949554247816457 0.10491167499746484 0.14332043049924659 4.5000000000000009 -0.2225217051963132 0.32431201966053341 -0.063133993343619563 -6.7499999999999991 0.30002298691734325 0.26318713440437097 1.0000000180025095e-35 0.074519496088298873 -0.12326024119857512 0.0010770459104673205 27.875000000000004 -0.12693159488831526
decision_type=10 10 10 10 2 8 2 2 2 10 10 8 10 10 10 2 2 2 2 10 2 8 10 10 2 2 10 2 10 2
left_child=4 2 17 18 -1 -6 10 16 -8 -10 -7 -12 13 -9 22 -14 24 -2 -4 -13 21 -21 23 -15 -3 26 -26 -20 -28 -16
right_child=1 7 3 -5 5 6 8 12 9 -11 11 19 15 14 29 -17 -18 -19 27 20 -22 -23 -24 -25 25 -27 28 -29 -30 -31
leaf_value=-0.00086929718488842282 -0.0003027567551956952 4.0183889342113101e-05 0.0066715482752770184 -0.0040673662593158398 -0.0057390167936682704 -0.00052670896922907902 9.4240248152337985e-05 0.0021042834417295386 0.00087829518415541809 0.008070909917354584 -0.0033598099325014199 0.0025999711887801399 0.0023183275160002133 -0.0010600877217138592 -0.00034951884637824288 -0.00051572596856757356 0.0015134831513678756 -0.0021761893580840557 0.0018454636880070776 -0.0065631226375699051 0.0025762261498358942 -0.00014394441656768322 -0.00014186500149324189 -0.0072430505202366758 -0.0084978293664753433 0.0033052500258558071 -0.00079521814361214636 -0.0014335175006272038 -0.0055093747114433964 0.0010686894728972579
leaf_weight=975 163 218 9.9999999999999982 12.999999999999998 17 2368 1613 171 110 14.999999999999998 23 85 263 23 149 46 93 167 111 9.9999999999999982 31 50 129 12.999999999999998 9.9999999999999982 12.999999999999998 36 32 17 778
leaf_count=975 163 218 10 13 17 2368 1613 171 110 15 23 85 263 23 149 46 93 167 111 10 31 50 129 13 10 13 36 32 17 778
internal_value=-4.36437e-05 0.000543221 -0.000483789 0.00104105 -0.000315638 -0.000190738 -0.000168828 0.00080325 0.000212708 0.00174141 -0.000427149 0.00075757 0.0010104 0.000793628 0.000588388 0.00189643 -3.81996e-05 -0.00125083 0.00147509 0.00129564 7.73029e-05 -0.00121381 -0.000829347 -0.00329282 -0.000529038 -0.00216181 -0.00328993 0.00111171 -0.00230731 0.000840736
internal_weight=7752 2455 496 166 5297 4322 4305 1959 1738 125 2567 199 1572 1263 1092 309 387 330 153 176 91 60 165 36 294 76 63 143 53 927
internal_count=7752 2455 496 166 5297 4322 4305 1959 1738 125 2567 199 1572 1263 1092 309 387 330 153 176 91 60 165 36 294 76 63 143 53 927
is_linear=0
shrinkage=0.02


Tree=34
num_leaves=31
num_cat=0
split_feature=13 9 13 8 0 13 3 7 0 1 0 7 6 1 7 9 8 3 6 8 8 6 9 3 6 5 6 9 0 13
split_gain=2.971 1.57413 1.39288 1.59006 1.16254 0.890479 0.868442 0.843682 0.826615 0.822679 0.822495 1.1328 0.835928 0.816281 0.750544 0.739952 0.737709 1.13546 0.719112 0.695858 0.658759 0.658183 0.6382 0.636876 0.619192 0.64166 0.776619 0.60743 0.646451 0.60471
threshold=24.625000000000004 0.11843159876259099 27.375000000000004 0.10006036800003514 -0.2225217051963132 18.375000000000004 0.29181747921572437 -0.19353338297863362 -0.14012539377054098 -0.11222935030437008 -0.01852629279686897 0.22348958177676545 -0.11546886615079464 0.048995641657782696 0.22348958177676545 0.056698655669797322 0.26853192932354258 0.29181747921572437 -0.070919752696107188 0.0066731295806720129 -0.22950970768551229 -0.11754914040297272 0.43384780988288307 -0.58991456367464112 0.0093897235646182853 3.5000000000000004 0.018329116708931493 0.43384780988288307 -0.045436424443414232 20.125000000000004
decision_type=10 10 8 2 10 8 8 2 10 2 8 2 2 2 2 8 2 10 2 2 2 2 8 10 2 2 2 8 10 10
left_child=5 2 3 8 6 -1 -4 -6 19 -7 11 -3 -12 20 24 -9 17 -13 21 -2 -10 -16 -23 -17 -11 29 -27 28 -28 -26
right_child=1 10 4 -5 7 9 -8 15 13 14 12 16 -14 -15 18 23 -18 -19 -20 -21 -22 22 -24 -25 25 26 27 -29 -30 -31
leaf_value=-0.00092916581142385088 -0.0032453174432608444 -9.3913930021865231e-05 0.0016193390022963287 0.00030431284506698985 0.003761729550383547 -0.00072336150675125278 0.0067186024196838083 -0.0059589700045233418 -0.0021245488877791696 -0.00031196580892244334 0.0003900530537933751 0.00039717034503558004 0.0015264474413448567 -0.0041472336230799559 0.00053471167127657187 -0.0022054859193188971 0.0038903482113559935 0.0071062957834113726 0.0012560178280931296 -0.0086512650786475694 0.0017318520333139678 -0.0030558167218502305 -8.6755551244706327e-05 0.0015067051796035635 -0.00071838451321871782 0.0033305680071935057 -0.00070923573863895047 -4.0247945301234719e-05 -0.0057696893335216571 0.0019440774258691817
leaf_weight=789 71 636 45 149 17 951 19 10.999999999999998 34 2525 396 122 748 28 248 38 46 10.999999999999998 306 10.999999999999998 37 48 73 36 44 20 23 100 18 152
leaf_count=789 71 636 45 149 17 951 19 11 34 2525 396 122 748 28 248 38 46 11 306 11 37 48 73 36 44 20 23 100 18 152
internal_value=-4.27709e-05 0.000532356 -0.000474113 -0.00122581 0.00102023 -0.000309325 0.00313318 -0.000305552 -0.00248542 -0.000200839 0.000787185 0.000301657 0.00113308 -0.00125534 -6.11373e-05 -0.00111901 0.00170715 0.00095206 0.000539167 -0.00397051 -0.000114875 -5.5295e-05 -0.00126456 -0.000399555 -0.000201736 0.000577901 -0.000357641 -0.000880792 -0.0029309 0.00134638
internal_weight=7752 2455 496 330 166 5297 64 102 181 4508 1959 815 1144 99 3557 85 179 133 675 82 71 369 121 74 2882 357 161 141 41 196
internal_count=7752 2455 496 330 166 5297 64 102 181 4508 1959 815 1144 99 3557 85 179 133 675 82 71 369 121 74 2882 357 161 141 41 196
is_linear=0
shrinkage=0.02


Tree=35
num_leaves=31
num_cat=0
split_feature=13 13 3 7 9 0 7 9 0 3 2 3 7 13 9 12 2 12 9 0 9 0 13 7 9 9 9 9 2 2
split_gain=2.5952 1.16784 1.13424 1.15496 0.821134 0.817981 0.813884 0.920759 1.20499 1.0689 0.932473 0.9341 0.789202 0.793698 0.752207 0.74573 0.904381 0.698227 0.706882 0.670854 0.663982 0.653082 0.643044 0.771779 0.616008 0.946072 0.59606 0.581006 0.616907 0.562608
threshold=24.375000000000004 17.875000000000004 0.30080136662119022 0.12788888507436966 0.38442498233589395 -0.4146450720424647 0.01957521731832889 0.25747233227892369 -0.031784979775293147 -0.45538830604654157 -0.18878678530896317 0.20175359034628496 0.062918299083937104 27.375000000000004 0.60739232466155813 6.7500000000000009 0.45135294196665243 -3.2499999999999996 0.27394984841105469 -0.048938338715786282 0.25747233227892369 -0.33614328468576293 25.125000000000004 0.12788888507436966 0.55540966933555347 0.56427530541085757 0.41172251049494341 0.20519674134758331 -0.34464658582133828 -1.0937609901459595
decision_type=10 8 10 2 10 10 2 8 10 8 10 10 2 10 10 10 10 10 8 8 10 8 10 2 10 10 8 10 10 8
left_child=1 21 6 4 -4 -6 -2 10 12 -10 27 19 13 -9 17 16 -5 -14 -19 -12 -17 26 -21 -24 -20 -26 -1 28 -8 -3
right_child=2 29 3 15 5 -7 7 8 9 -11 11 -13 14 -15 -16 20 -18 18 24 22 -22 -23 23 -25 25 -27 -28 -29 -30 -31
leaf_value=-0.0074672877043485616 3.0690904034913287e-05 0.0038536116267953598 -0.00025898150182911194 0.003941956614809377 0.0082393699139356614 0.001508575902821926 0.00092146317191098043 0.00047648337172259664 0.0061342535650028909 0.001037593646948736 0.0072737199664115902 -0.0018970744063456855 0.0030215602999346127 0.0053677881401228275 0.00124159473864276 -0.0010001107522596914 0.011021000993522732 -0.0049955970445743712 -0.00051140202425054276 0.0071342483965250161 0.0048569979949388657 -0.0009581497214351069 -0.0023017672263085844 0.00340666648810212 -0.0073449565895966117 -0.00085128375384956598 -0.0014870220050215721 0.0034373255845691476 -0.003215566071726027 -0.00016184156241041294
leaf_weight=12.000000000000002 1193 14 80 21 9.9999999999999982 26 46 44 17 518 20 11.999999999999998 18 19 87 15.000000000000002 10.999999999999998 17 302 12.999999999999998 15.999999999999998 544 11.999999999999998 45 13.999999999999998 25 14.999999999999998 21 21 4560
leaf_count=12 1193 14 80 21 10 26 46 44 17 518 20 12 18 19 87 15 11 17 302 13 16 544 12 45 14 25 15 21 21 4560
internal_value=5.00196e-06 -0.000256014 0.000516984 0.00205375 0.000869812 0.00337824 0.00040443 0.000760842 0.000531231 0.00119954 0.00204304 0.00334445 -0.000148517 0.00195164 -0.000434283 0.00423369 0.00637538 -0.000822053 -0.00101531 0.00404332 0.00202291 -0.00110884 0.00312034 0.00220489 -0.000816877 -0.00318235 -0.00414492 0.000534594 -0.000375218 -0.000149551
internal_weight=7768 5145 2623 179 116 36 2444 1251 1061 535 190 102 526 63 463 63 32 376 358 90 31 571 70 57 341 39 27 88 67 4574
internal_count=7768 5145 2623 179 116 36 2444 1251 1061 535 190 102 526 63 463 63 32 376 358 90 31 571 70 57 341 39 27 88 67 4574
is_linear=0
shrinkage=0.02


Tree=36
num_leaves=31
num_cat=0
split_feature=12 12 7 7 8 6 6 9 2 2 6 9 9 7 0 9 12 7 8 9 7 9 2 0 7 6 9 3 0 3
split_gain=1.58687 0.945332 0.893146 1.34415 1.07795 0.845918 1.02061 0.847951 1.28894 0.950702 0.847644 0.844882 1.07439 0.865999 0.810736 0.885976 0.824127 0.804232 0.798436 0.782348 0.752676 0.985747 1.19253 0.722345 0.86304 0.7169 0.699274 0.942242 0.698723 0.855991
threshold=1.2500000000000002 -11.249999999999998 0.012976751215253718 0.0044540528335135308 -0.087721818036643071 -0.072374285433961252 -0.083522042432690638 0.31664903051675924 0.013719247259148654 0.097814382474539885 -0.081488312592352799 0.31938865827906454 0.079216783200148397 0.60645798113387339 -0.01852629279686897 0.32986054995488961 10.750000000000002 -0.23795464020677101 -0.55485521284872907 0.88733914634947875 -0.043957318179689009 0.30002298691734325 0.19889598445887255 0.050495984590784256 -0.11700679638835194 -0.10448870704402295 0.34762877476697102 -0.18626646544748174 0.020125982603756507 -0.58991456367464112
decision_type=8 10 2 2 2 2 2 10 10 8 2 8 10 2 8 8 10 2 2 10 2 8 10 10 2 2 8 8 8 10
left_child=1 26 3 -2 -5 6 18 8 -8 -10 -9 12 -4 -14 15 -13 25 -7 -3 20 21 22 -19 -23 -25 -16 27 -1 -22 -30
right_child=2 5 11 4 -6 17 7 10 9 -11 -12 14 13 -15 16 -17 -18 19 -20 -21 28 23 -24 24 -26 -27 -28 -29 29 -31
leaf_value=0.0053422482622166477 6.6685471618527369e-05 -0.0015230315951082639 -0.0016019968387924813 -0.0078240286111831668 -0.0012199763202204786 0.001349104887872318 -0.0017965858848765493 -0.0044333368834729003 -0.012375467836856842 -0.0036544515118002879 8.7445583548161047e-05 -0.0057752125236121086 0.0015341853178778336 0.0072248476659032435 -0.00019736599817909089 -5.222047611422488e-05 0.0032012242846243644 -0.0018177117423311504 -0.00020708004378106878 0.0039066516347229484 -0.00020971367586318946 -0.00056680964604782259 -0.0091285365819931026 -0.00082108784999166198 0.0060834527562061945 0.0010726193307920232 -0.0023403846980138143 -0.0013561585206272348 0.0035132739456991352 0.00055961357014775522
leaf_weight=11.999999999999998 1803 204 44 14.999999999999998 29 198 40 21 9.9999999999999982 10.000000000000002 79 10.999999999999998 388 10.999999999999998 275 662 53 83 1922 20 536 278 9.9999999999999982 14.000000000000002 14.999999999999998 503 142 28 45 307
leaf_count=12 1803 204 44 15 29 198 40 21 10 10 79 11 388 11 275 662 53 83 1922 20 536 278 10 14 15 503 142 28 45 307
internal_value=4.90192e-06 -0.000274405 0.00029746 -1.75993e-05 -0.00347136 -0.000206826 -0.000449283 -0.00198972 -0.00386938 -0.00801496 -0.000861919 0.000596337 0.00136399 0.00169107 0.000370226 -0.000145761 0.000788107 0.000161206 -0.000333352 -1.86137e-05 -7.95651e-05 -0.00079993 -0.00260382 -0.000253474 0.00275023 0.000623717 -0.00168242 0.000653364 0.000244924 0.000937212
internal_weight=7768 3974 3794 1847 44 3792 2286 160 60 20 100 1947 443 399 1504 673 831 1506 2126 1308 1288 400 93 307 29 778 182 40 888 352
internal_count=7768 3974 3794 1847 44 3792 2286 160 60 20 100 1947 443 399 1504 673 831 1506 2126 1308 1288 400 93 307 29 778 182 40 888 352
is_linear=0
shrinkage=0.02


Tree=37
num_leaves=31
num_cat=0
split_feature=13 13 3 7 9 4 7 9 1 3 2 3 7 9 13 12 2 12 9 9 9 2 1 7 9 9 9 2 9 2
split_gain=2.43696 1.09585 1.08607 1.10098 0.789432 0.784232 0.756008 0.867481 1.09451 1.02664 0.887302 0.895028 0.750933 0.812126 0.807155 0.721774 0.871553 0.677439 0.680605 0.72243 0.792218 0.656437 0.623817 0.62377 0.573758 0.556435 0.551346 0.596265 0.546944 0.937641
threshold=24.375000000000004 17.875000000000004 0.30080136662119022 0.12788888507436966 0.38442498233589395 1.0000000180025095e-35 0.01957521731832889 0.25747233227892369 -0.031666327022170405 -0.45538830604654157 -0.18878678530896317 0.20175359034628496 0.062918299083937104 0.60739232466155813 27.375000000000004 6.7500000000000009 0.45135294196665243 -3.2499999999999996 0.27394984841105469 0.55540966933555347 0.56427530541085757 0.28148443984730792 -0.34200506038677636 0.11446449297430385 0.41172251049494341 0.4780826713647241 0.20519674134758331 -0.34464658582133828 0.24423129649575223 0.24528895719617838
decision_type=10 8 10 2 10 2 2 8 2 8 10 10 2 10 10 10 10 10 8 10 10 8 2 2 8 8 10 10 10 10
left_child=1 22 6 4 -4 -6 28 10 12 -10 26 23 14 17 25 16 -5 -14 -19 -20 -21 -17 24 -12 -1 -9 27 -8 29 -2
right_child=2 -3 3 15 5 -7 7 8 9 -11 11 -13 13 -15 -16 21 -18 18 19 20 -22 -23 -24 -25 -26 -27 -28 -29 -30 -31
leaf_value=-0.0073011522615949289 -0.00043648583082371415 -0.00014500000961648944 -0.00025801770374528132 0.0038512571263570518 0.0014776116093763939 0.0080680886358022695 0.00089591034364117225 0.0031699462136020886 0.0059813903710421393 0.00098696120793890087 0.00071379133549175761 -0.0018823837364713351 0.0029594595419863861 0.0013102361829210583 0.0054942331897715729 0.0049639207298556969 0.010800634717399425 -0.0049224502349491505 -0.00049219104675382065 -0.0072002269114766803 -0.0012137063988484442 -0.00085981636395445079 -0.00092697753795137566 0.0047937673701524313 -0.001433828752487898 -0.0014045203584604538 0.0033350621285803974 -0.00317131706291721 0.00031435050183787228 -0.0063659463822841643
leaf_weight=12.000000000000002 353 4574 80 21 26 9.9999999999999982 46 18 17 521 19 11.999999999999998 18 88 18 14.999999999999998 10.999999999999998 17 300 13.999999999999998 24 16.000000000000004 544 71 14.999999999999998 26 21 21 829 10.999999999999998
leaf_count=12 353 4574 80 21 26 10 46 18 17 521 19 12 18 88 18 15 11 17 300 14 24 16 544 71 15 26 21 21 829 11
internal_value=4.80389e-06 -0.00024813 0.000500932 0.00200471 0.00084877 0.0033083 0.000390794 0.0007343 0.000511431 0.00114478 0.00197885 0.00324834 -0.000140081 -0.000418004 0.00192641 0.0041331 0.00624011 -0.000825739 -0.00101767 -0.000821271 -0.00341927 0.00195812 -0.00107425 0.00393244 -0.00404153 0.000466852 0.000507392 -0.000378892 3.05881e-05 -0.000615673
internal_weight=7768 5145 2623 179 116 36 2444 1251 1061 538 190 102 523 461 62 63 32 373 355 338 38 31 571 90 27 44 88 67 1193 364
internal_count=7768 5145 2623 179 116 36 2444 1251 1061 538 190 102 523 461 62 63 32 373 355 338 38 31 571 90 27 44 88 67 1193 364
is_linear=0
shrinkage=0.02


Tree=38
num_leaves=31
num_cat=0
split_feature=13 13 3 6 9 7 9 1 3 8 7 9 13 8 9 6 1 1 9 7 12 3 4 9 10 9 8 12 9 9
split_gain=2.34046 1.05246 1.04306 1.45179 0.970816 0.72607 0.833129 1.05117 0.98598 0.759707 0.721196 0.779965 0.775192 0.720045 1.18058 0.703529 0.80544 0.824297 1.8427 0.742967 0.688979 1.02557 0.908897 0.809269 0.708942 0.672404 0.747665 0.650613 0.653653 0.693822
threshold=24.375000000000004 17.875000000000004 0.30080136662119022 -0.015636250266015065 0.27005656568039765 0.01957521731832889 0.25747233227892369 -0.031666327022170405 -0.45538830604654157 -0.19902893808233976 0.062918299083937104 0.60739232466155813 27.375000000000004 -0.2856340015135112 0.16138850604941532 -0.072374285433961252 -0.136422106394472 -0.17696378154966666 0.1708353000565804 0.70797081527558026 5.2500000000000009 0.34119180952207551 1.0000000180025095e-35 0.16138850604941532 3.5000000000000004 0.23800019557835209 0.038541558078760522 -3.2499999999999996 0.27394984841105469 0.55540966933555347
decision_type=10 8 10 2 8 2 8 2 8 2 2 10 10 2 8 2 2 2 8 2 10 10 2 8 2 10 2 10 8 10
left_child=1 -1 5 20 -5 13 9 10 -9 -7 12 27 -8 14 -2 -3 17 -17 -19 -18 22 -22 24 -23 -4 26 -11 -12 -29 -30
right_child=2 15 3 4 -6 6 7 8 -10 25 11 -13 -14 -15 -16 16 19 18 -20 -21 21 23 -24 -25 -26 -27 -28 28 29 -31
leaf_value=-0.0010527654952556587 0.0044204073126117389 -0.00034883892574808124 0.0050179564048136987 0.00084272592395011868 0.0072558498148131987 -0.00023593015115087231 0.00045751527480950412 0.0058617625955273128 0.00096722197505527479 0.0040177573734894393 0.00290027034158508 0.001284031471494183 0.0053843485504492293 0.00026491610241905677 -0.0013902310279742386 0.00016185450402122958 0.00036998412485519689 -0.0091123129814290084 -0.001191443588582753 -0.0050988546162843706 0.0050192546672545944 -0.0060775160315361884 0.0078809622361917381 -0.00018390644406594456 -0.00056436430483769906 0.0061762351346643356 0.00084315232486043077 -0.0048240011722287717 -0.00048234722844596646 -0.0033508813496691322
leaf_weight=571 14.999999999999998 2699 13.999999999999998 13.999999999999998 29 48 44 17 521 50 18 88 18 971 207 162 1568 12.999999999999998 122 9.9999999999999982 12.999999999999998 10.999999999999998 10.999999999999998 61 26 19 73 17 300 38
leaf_count=571 15 2699 14 14 29 48 44 17 521 50 18 88 18 971 207 162 1568 13 122 10 13 11 11 61 26 19 73 17 300 38
internal_value=4.70781e-06 -0.000243167 0.000490913 0.00196461 0.00516786 0.000382978 0.000719614 0.000501202 0.00112188 0.00193927 -0.000137279 -0.000409644 0.00188789 2.99764e-05 -0.00099762 -0.0001421 0.000155494 -0.000799986 -0.00195419 0.000335327 0.000951822 -0.000150831 0.00278958 -0.00108432 0.00138945 0.00267455 0.00213364 -0.000809225 -0.000997312 -0.000804845
internal_weight=7768 5145 2623 179 43 2444 1251 1061 538 190 523 461 62 1193 222 4574 1875 297 135 1578 136 85 51 72 40 142 123 373 355 338
internal_count=7768 5145 2623 179 43 2444 1251 1061 538 190 523 461 62 1193 222 4574 1875 297 135 1578 136 85 51 72 40 142 123 373 355 338
is_linear=0
shrinkage=0.02


Tree=39
num_leaves=31
num_cat=0
split_feature=13 13 9 12 13 0 0 13 2 2 2 8 0 0 9 9 10 13 9 0 10 8 12 0 9 13 2 1 2 1
split_gain=2.24778 1.01078 0.685358 0.878048 1.22788 1.04919 0.880406 0.989599 1.31401 0.688921 0.658835 0.825637 1.38392 0.691468 0.655245 1.64953 0.632452 0.609254 0.600428 0.599114 0.57724 0.575517 0.562034 0.905434 0.551037 0.537243 0.536975 0.574806 0.680751 0.725309
threshold=24.375000000000004 17.875000000000004 0.11843159876259099 14.250000000000002 27.375000000000004 -0.12693159488831526 -0.16426178534027902 28.125000000000004 0.022134558125440074 -0.41515205612896616 0.10127229057411778 0.24482643634521192 0.26787642914778115 0.20999937978488059 0.5080730878617512 0.4780826713647241 10.500000000000002 28.875000000000004 0.57646036020701719 -0.33614328468576293 6.5000000000000009 -0.22950970768551229 2.7500000000000004 0.083152115783373795 0.41172251049494341 25.125000000000004 -1.0937609901459595 -0.074742917498951997 -0.53979313253203898 -0.01621334700379988
decision_type=10 8 10 10 10 10 10 10 8 10 10 2 8 10 10 10 2 10 10 8 2 2 10 10 8 10 8 2 8 2
left_child=1 19 3 4 5 -2 7 8 -6 20 13 14 -13 -11 15 -12 17 -8 -16 24 -4 -7 -23 25 -1 -24 -3 -28 29 -29
right_child=2 26 9 -5 6 21 16 -9 -10 10 11 12 -14 -15 18 -17 -18 -19 -20 -21 -22 22 23 -25 -26 -27 27 28 -30 -31
leaf_value=-0.0071340741217136364 -0.0018613396542372577 0.0037716461185898094 0.0011097198754379694 -0.0060276584923267366 0.0018146516382694245 -0.0015807204184820876 -0.0024267386345545182 0.0015561283802137124 0.012067481577396389 0.00031743649776817514 0.00095787982641281006 0.0015744916071858386 0.006679697193814298 0.0032437034601268053 -0.0034009344620711131 0.0092951290905475617 0.0035810347809456288 0.0011558982011121816 0.0001968447969799551 -0.00088738268469836944 0.0047442168047137816 0.0027693264946444997 0.0039475902376903431 -0.0044505704933156575 -0.0013840968217700719 0.0001048905187666318 -0.00044129030183946569 0.00017347185427080028 6.2598688675225353e-05 -0.0047966931649716573
leaf_weight=12.000000000000002 165 14 44 9.9999999999999982 9.9999999999999982 50 37 43 10.000000000000002 1523 187 116 26 33 23 9.9999999999999982 18 39 96 544 29 45 18 14.999999999999998 14.999999999999998 76 1709 23 2804 24
leaf_count=12 165 14 44 10 10 50 37 43 10 1523 187 116 26 33 23 10 18 39 96 544 29 45 18 15 15 76 1709 23 2804 24
internal_value=4.61365e-06 -0.000238304 0.000481095 -0.000156828 -4.52157e-05 -0.000675522 0.0014362 0.00326563 0.00694107 0.000644931 0.000575751 0.0012425 0.00250925 0.000379497 0.000673261 0.00138109 0.000210099 -0.00058828 -0.000498524 -0.00103171 0.00255356 0.000283595 0.000888892 0.000112566 -0.00393964 0.000840727 -0.000139258 -0.000151265 2.25871e-05 -0.00236448
internal_weight=7768 5145 2623 536 526 369 157 63 20 2087 2014 458 142 1556 316 197 94 76 119 571 73 204 154 109 27 94 4574 4560 2851 47
internal_count=7768 5145 2623 536 526 369 157 63 20 2087 2014 458 142 1556 316 197 94 76 119 571 73 204 154 109 27 94 4574 4560 2851 47
is_linear=0
shrinkage=0.02


Tree=40
num_leaves=31
num_cat=0
split_feature=13 6 7 10 1 8 2 8 9 2 13 7 0 13 0 9 9 2 0 2 6 2 13 13 6 2 9 0 9 8
split_gain=2.27193 1.23681 0.829531 0.818076 1.47197 1.01966 1.04715 0.718586 1.24225 1.03973 0.97996 1.24698 1.04026 0.876447 0.794095 1.6393 0.765471 0.745352 0.779115 0.715713 0.709612 0.704884 0.694808 0.675252 0.66887 0.648095 0.643925 0.641988 0.637959 0.948521
threshold=26.125000000000004 -0.098991907597394582 0.057515878404096138 4.5000000000000009 -0.11624982337011737 0.13811326204002783 -0.30826029196536359 -0.47402487540063859 0.33837905999686552 -0.19418197998488718 19.625000000000004 -0.30476543900590014 -0.038482227713185872 25.875000000000004 -0.2302965092303125 0.4910827866075928 0.13894601930536757 0.33703353569322198 -0.33614328468576293 -0.059695190487325446 -0.091755859942251702 -0.053432352380084196 23.125000000000004 14.875000000000002 -0.14210334020519386 0.50812436139884698 0.47025887246136971 -0.19950066220898069 0.091663393926248671 -0.11894255682686589
decision_type=10 2 2 2 2 2 8 2 8 8 10 2 8 8 10 10 8 10 10 10 2 10 10 8 2 10 8 8 8 2
left_child=2 -2 7 25 5 24 -7 8 9 -1 11 12 -9 14 15 21 -14 28 -19 -11 -3 -10 -8 -6 -5 27 -18 -4 29 -12
right_child=1 20 3 4 23 6 22 10 13 19 17 -13 16 -15 -16 -17 26 18 -20 -21 -22 -23 -24 -25 -26 -27 -28 -29 -30 -31
leaf_value=-0.001819266342174481 2.3238361416686631e-05 0.0040847170993572835 0.0028703131967568363 0.0013279363681407024 -0.0039159995294176042 -0.0075196285219863062 -0.00079514012852711469 -0.0011332312754682029 -0.0099160105957546152 0.0049578276649117469 -0.0056708039220814644 -0.00112922720963377 -0.0031431049108505251 0.0025618721741355126 -0.0014860465681595988 -0.00070701723174092224 0.0044867083802819256 0.0044396839591984948 0.00024018628392801728 0.00043289147156836658 0.0010947223253568151 -0.0032933620214462278 -0.0041528694181201548 0.00021540299364781039 -0.0011340183453093433 0.0046441703828895694 0.0010615136924847636 0.00043496155971832994 -1.5176158728590879e-05 -0.00070563306965876693
leaf_weight=34 592 33 46 60 15.999999999999998 15.999999999999998 67 67 18.000000000000004 27 19 767 9.9999999999999982 18 242 28 42 30 43 29 838 9.9999999999999982 39 1443 167 15.999999999999998 46 737 2170 81
leaf_count=34 592 33 46 60 16 16 67 67 18 27 19 767 10 18 242 28 42 30 43 29 838 10 39 1443 167 16 46 737 2170 81
internal_value=1.87159e-05 0.000728592 -0.000146448 0.000126514 -0.000109007 -0.0012758 -0.00275041 -0.000339768 -0.00113342 0.000939557 -0.00024138 -0.000789918 0.000787357 -0.00172382 -0.00198269 -0.0041289 0.00210041 -2.31819e-05 0.00196601 0.00261456 0.00120801 -0.00755078 -0.00203053 0.000170096 -0.000483281 0.000659459 0.00269627 0.000578035 -8.71515e-05 -0.00164902
internal_weight=7751 1463 6288 2607 1808 349 122 3681 406 90 3275 932 165 316 298 56 98 2343 73 56 871 28 106 1459 227 799 88 783 2270 100
internal_count=7751 1463 6288 2607 1808 349 122 3681 406 90 3275 932 165 316 298 56 98 2343 73 56 871 28 106 1459 227 799 88 783 2270 100
is_linear=0
shrinkage=0.02


Tree=41
num_leaves=31
num_cat=0
split_feature=13 6 12 9 7 3 9 6 9 6 7 2 7 10 0 2 7 6 0 7 6 13 0 3 5 9 6 7 3 0
split_gain=2.18196 1.18783 1.07346 0.834425 0.978197 0.822724 0.776497 0.742841 0.693529 0.681511 0.670946 0.892685 1.13128 0.815195 1.03759 0.847601 1.02342 0.795769 0.785257 0.664914 0.653108 0.637716 0.634067 0.782808 0.611387 0.601458 1.09683 1.01918 0.9384 0.59981
threshold=26.125000000000004 -0.098991907597394582 -10.249999999999998 0.36812662522055817 -0.14993405379905408 -0.14949554247816457 0.96512948808867172 -0.070919752696107188 0.20519674134758331 -0.091755859942251702 0.057515878404096138 0.33703353569322198 -0.055051838563067126 4.5000000000000009 -0.11755201025955404 -0.29382189567798139 0.21081340135139126 -0.2822259610903306 -0.092023319459585515 0.12430312883479704 -0.11754914040297272 23.125000000000004 -0.19950066220898069 0.52351472232827712 2.5000000000000004 0.31001700425190565 -0.086741127001773985 -0.24290572101607799 -0.39952394505995165 0.030808341052308195
decision_type=10 2 8 8 2 8 10 2 10 2 2 10 2 2 8 8 2 2 8 2 2 10 8 10 2 10 2 2 10 10
left_child=2 -2 3 4 8 7 10 -6 -1 -3 11 -4 18 22 15 16 -15 -16 -13 -19 -18 24 -12 -24 -17 26 -11 -28 -27 -29
right_child=1 9 6 -5 5 -7 -8 -9 -10 25 13 12 -14 14 17 21 20 19 -20 -21 -22 -23 23 -25 -26 28 27 29 -30 -31
leaf_value=-0.0066743047535419439 2.2773593695632912e-05 0.0040030227558137009 -0.00033658612673648968 -0.0021529677676057424 0.00074243431064215549 -0.00015331798574576776 0.0043124531896319238 0.0079378354207923028 -6.6953037793819724e-06 -0.0057946044680747119 0.0030219306870871649 -0.00095930465497076514 -0.0011957125015920255 1.7249681986868383e-05 -0.0028392194584012033 0.0017438147982050264 -0.0096171297691762421 0.0010100819226061515 0.0040548751555513915 -2.8224268795961569e-05 -0.0033572206969062486 -0.0019991543305528919 0.00044861995070582638 0.0047912199976032277 -0.00081559533244996742 0.0075755525231361387 -0.0024051654030783818 0.001555696822475419 0.0013870657965825196 -0.00059696055311873994
leaf_weight=12.000000000000002 592 33 3387 182 11.000000000000002 45 15.999999999999998 11.999999999999998 12.999999999999998 10.999999999999998 44 15.999999999999998 41 18 35 56 12.000000000000002 322 57 1055 14.999999999999998 97 713 17 112 9.9999999999999982 39 217 493 68
leaf_count=12 592 33 3387 182 11 45 16 12 13 11 44 16 41 18 35 56 12 322 57 1055 15 97 713 17 112 10 39 217 493 68
internal_value=1.83416e-05 0.00071402 -0.000143519 -0.00136544 0.000175729 0.00141943 -8.76349e-05 0.00449656 -0.00320715 0.00118385 -9.93744e-05 -0.000277996 0.00146276 0.000151168 -9.11541e-05 -0.00113892 -0.00367674 0.000138879 0.00295588 0.000214575 -0.0061394 -0.000707966 0.000690286 0.000549749 3.75414e-05 0.00107283 0.000416271 0.000627134 0.0015101 0.00104208
internal_weight=7751 1463 6288 275 93 68 6013 23 25 871 5997 3501 114 2496 1722 310 45 1412 73 1377 27 265 774 730 168 838 335 324 503 285
internal_count=7751 1463 6288 275 93 68 6013 23 25 871 5997 3501 114 2496 1722 310 45 1412 73 1377 27 265 774 730 168 838 335 324 503 285
is_linear=0
shrinkage=0.02


Tree=42
num_leaves=31
num_cat=0
split_feature=13 12 9 7 3 9 9 7 10 1 3 1 13 1 7 7 9 7 3 7 0 3 1 7 13 9 3 9 7 0
split_gain=2.09555 1.03095 0.801382 0.939461 0.790144 0.745748 0.666066 0.644377 0.782913 1.24257 0.634032 1.14854 1.1268 1.10488 0.768937 0.87695 0.77454 0.615211 0.754428 0.916176 0.608958 0.751809 0.556024 0.548996 0.548089 1.03992 0.628466 0.546726 0.837357 1.04516
threshold=26.125000000000004 -10.249999999999998 0.36812662522055817 -0.14993405379905408 -0.14949554247816457 0.96512948808867172 0.20519674134758331 0.057515878404096138 4.5000000000000009 -0.11624982337011737 0.22978397556238364 -0.07451326885910374 25.625000000000004 -0.040830257368391021 -0.16712267279220047 -0.081743990392145444 0.33457739338276166 0.12430312883479704 0.40240038314299026 0.25569673641740304 -0.19950066220898069 0.52351472232827712 -0.052876088808845326 -0.42067092590248273 23.375000000000004 0.26044703595724011 -0.12897376664305138 0.22628036127781914 -0.14043446477549051 -0.17766864895158893
decision_type=10 8 8 2 8 10 10 2 2 2 10 2 8 2 2 2 8 2 10 2 8 10 2 2 8 8 10 8 2 10
left_child=1 2 3 6 -5 7 -1 10 20 -10 -3 27 13 14 16 -16 -13 -11 24 -20 -9 -22 -6 -4 -19 26 -26 28 -12 -30
right_child=-2 5 23 4 22 -7 -8 8 9 17 11 12 -14 -15 15 -17 -18 18 19 -21 21 -23 -24 -25 25 -27 -28 -29 29 -31
leaf_value=-0.0065408186366160692 0.00069973974771975428 -0.00036690404273645666 0.0024456665553152564 0.0044066254511151625 -0.001567243523313664 0.0042262041044887153 -6.5614283084869382e-06 0.0029614920876073563 -0.0011906759370064921 0.00093145241900717427 0.0012007819898426533 0.0055512318313121782 0.0063023679409372185 -0.00026459359666230261 0.010299305498600001 0.00310334608490978 -0.0012115164216430414 -0.00033990445675527263 -0.0077966498515822649 0.00056770931184291847 0.00043964755960670265 0.0046953955435139298 0.0033377284442002958 -0.0023747674481899932 0.0010932737203816381 0.00020769975399119122 0.0055344630241394048 0.00013986652245245924 -0.0016499280412164 -0.0087437661488850918
leaf_weight=12.000000000000002 1463 3117 9.9999999999999982 23 32 15.999999999999998 12.999999999999998 44 331 327 20 10.000000000000002 19 91 10.000000000000002 21 21 652 11.000000000000002 9.9999999999999982 713 17 12.999999999999998 172 26 340 25 153 27 11.999999999999998
leaf_count=12 1463 3117 10 23 32 16 13 44 331 327 20 10 19 91 10 21 21 652 11 10 713 17 13 172 26 340 25 153 27 12
internal_value=1.79747e-05 -0.000140648 -0.00133814 0.000172214 0.00139105 -8.58822e-05 -0.003143 -9.73869e-05 0.000148144 -8.9331e-05 -0.000272436 0.000494382 0.00170873 0.00113827 0.00319732 0.00542462 0.000970015 0.000172743 -6.04315e-05 -0.00381362 0.000676481 0.000538754 -0.000150252 -0.00210991 1.51361e-05 0.000607173 0.00327033 -0.00049084 -0.0021264 -0.00383265
internal_weight=7751 6288 275 93 68 6013 25 5997 2496 1722 3501 384 172 153 62 31 31 1391 1064 21 774 730 45 182 1043 391 51 212 59 39
internal_count=7751 6288 275 93 68 6013 25 5997 2496 1722 3501 384 172 153 62 31 31 1391 1064 21 774 730 45 182 1043 391 51 212 59 39
is_linear=0
shrinkage=0.02


Tree=43
num_leaves=31
num_cat=0
split_feature=13 6 12 9 7 3 9 6 6 9 7 2 7 10 0 2 7 6 0 6 13 12 9 6 0 10 13 5 0 3
split_gain=2.01257 1.14079 0.990121 0.769647 0.902258 0.758854 0.716216 0.713425 0.654523 0.63969 0.618859 0.832061 1.07238 0.75191 0.954208 0.814036 0.982891 0.759556 0.731814 0.627245 0.616634 1.03643 0.869618 0.954557 0.737625 0.666068 0.612463 0.587177 0.584843 0.722037
threshold=26.125000000000004 -0.098991907597394582 -10.249999999999998 0.36812662522055817 -0.14993405379905408 -0.14949554247816457 0.96512948808867172 -0.070919752696107188 -0.091755859942251702 0.20519674134758331 0.057515878404096138 0.33703353569322198 -0.055051838563067126 4.5000000000000009 -0.11755201025955404 -0.29382189567798139 0.21081340135139126 -0.2822259610903306 -0.092023319459585515 -0.11754914040297272 22.625000000000004 4.2500000000000009 0.26044703595724011 0.033333241104295495 0.030246839521351373 12.500000000000002 23.125000000000004 2.5000000000000004 -0.19950066220898069 0.52351472232827712
decision_type=10 2 8 8 2 8 10 2 2 10 2 10 2 2 8 8 2 2 8 2 8 10 8 2 10 2 10 2 8 10
left_child=2 -2 3 4 9 7 10 -6 -3 -1 11 -4 18 28 15 16 -15 -16 -13 -18 21 -19 23 25 -24 -22 27 -17 -12 -30
right_child=1 8 6 -5 5 -7 -8 -9 -10 -11 13 12 -14 14 17 26 19 20 -20 -21 22 -23 24 -25 -26 -27 -28 -29 29 -31
leaf_value=-0.0064100024104118327 8.323324253905337e-06 0.0039089675218036231 -0.00032355303831977918 -0.0020677102690787761 0.00063945309682325873 -0.00014724658264054193 0.0041416800383012745 0.0076909461536949185 0.0010373765221051759 -6.430269433901861e-06 0.0029022622332823549 -0.00091225459240376952 -0.0011747207637967134 4.0718227780113624e-05 -0.0027764958696705954 0.0017327520390972495 -0.0094009738539655979 -7.9127293196171297e-05 0.0039282902323624549 -0.0032662627796332042 0.00072815411337293111 -0.0049401085202892617 -4.3344222324782848e-05 0.0079565438763661827 0.0016667394403333576 0.004985075023294868 -0.0019353577349162134 -0.00077546990010887381 0.00043085461101321007 0.0046014878241454858
leaf_weight=12.000000000000002 592 33 3387 182 11.000000000000002 45 15.999999999999998 11.999999999999998 838 12.999999999999998 44 15.999999999999998 41 18 35 56 12.000000000000002 694 57 14.999999999999998 65 18 439 10.999999999999998 131 19 97 112 713 17
leaf_count=12 592 33 3387 182 11 45 16 12 838 13 44 16 41 18 35 56 12 694 57 15 65 18 439 11 131 19 97 112 713 17
internal_value=1.76152e-05 0.000685745 -0.000137835 -0.00131137 0.00016877 0.00136322 -8.41646e-05 0.00431849 0.00114617 -0.00308014 -9.54391e-05 -0.000266987 0.00141362 0.000145181 -8.75444e-05 -0.00109233 -0.00357939 0.000133052 0.00286735 -0.0059928 0.000207006 -0.000202017 0.000644937 0.00241651 0.000349675 0.00169103 -0.000669993 6.06041e-05 0.000662951 0.000527979
internal_weight=7751 1463 6288 275 93 68 6013 23 871 25 5997 3501 114 2496 1722 310 45 1412 73 27 1377 712 665 95 570 84 265 168 774 730
internal_count=7751 1463 6288 275 93 68 6013 23 871 25 5997 3501 114 2496 1722 310 45 1412 73 27 1377 712 665 95 570 84 265 168 774 730
is_linear=0
shrinkage=0.02


Tree=44
num_leaves=31
num_cat=0
split_feature=13 6 12 9 7 3 9 6 1 9 7 10 1 8 9 6 13 6 8 9 12 9 0 3 7 0 7 3 1 13
split_gain=1.93287 1.09562 0.950912 0.739169 0.866529 0.728803 0.687854 0.685173 0.660779 0.614358 0.594352 0.722134 1.15164 0.86586 0.796028 1.19534 0.833921 0.748363 0.70686 1.17425 0.941561 0.791013 0.768336 1.58309 1.07221 0.764194 0.719794 0.686244 0.936016 1.38129
threshold=26.125000000000004 -0.098991907597394582 -10.249999999999998 0.36812662522055817 -0.14993405379905408 -0.14949554247816457 0.96512948808867172 -0.070919752696107188 -0.14055133877383977 0.20519674134758331 0.057515878404096138 4.5000000000000009 -0.11624982337011737 0.13811326204002783 0.32431201966053341 -0.07500431306611216 23.125000000000004 -0.2822259610903306 -0.47402487540063859 0.33837905999686552 -8.7499999999999982 1.0000000180025095e-35 -0.2302965092303125 0.021804728828694119 -0.0620832065869222 -0.38836007796137006 -0.014323676421609846 0.23926683820284381 -0.07451326885910374 25.625000000000004
decision_type=10 2 8 8 2 8 10 2 2 10 2 2 2 2 8 2 10 2 2 8 10 8 10 10 2 8 2 10 2 8
left_child=2 -2 3 4 9 7 10 -6 -3 -1 18 -12 13 -13 15 -15 -16 -14 19 26 -21 -20 23 24 -22 -23 -4 -27 -29 -30
right_child=1 8 6 -5 5 -7 -8 -9 -10 -11 11 12 17 14 16 -17 -18 -19 21 20 22 25 -24 -25 -26 27 -28 28 29 -31
leaf_value=-0.0062818023562431317 8.1568737093491385e-06 -0.00048953102021426947 3.6085415878474261e-05 -0.0020263560546132232 0.00062666408040306764 -0.00014430164018025001 0.0040588464972097426 0.0075371271453332162 0.0013114082331281119 -6.3015864445612977e-06 0.00064969209551201171 -0.00040465937111921579 -0.0027209659559386118 -0.0086617787047806715 -4.3327836664738481e-05 -0.0013729913056724603 -0.004523938416192929 0.00024103881185055128 -0.0047448227107524873 0.0026245502460944025 -0.0032285408588016737 -0.0029229872905386562 -0.0014899392850289586 0.0011101454107556492 -0.010441985605284572 -0.00020145060750833486 0.0045480483328639012 -0.00024697590578733454 0.0012981799118205021 0.0075603298994246868
leaf_weight=12.000000000000002 592 91 66 182 11.000000000000002 45 15.999999999999998 11.999999999999998 780 12.999999999999998 774 217 35 18 54 18 24 1356 14.999999999999998 19 17 39 225 14.999999999999998 15.999999999999998 2785 18 152 118 15.999999999999998
leaf_count=12 592 91 66 182 11 45 16 12 780 13 774 217 35 18 54 18 24 1356 15 19 17 39 225 15 16 2785 18 152 118 16
internal_value=1.72629e-05 0.00067203 -0.000135079 -0.00128515 0.000165395 0.00133596 -8.24813e-05 0.00423212 0.00112325 -0.00301854 -9.35303e-05 0.000142278 -8.57935e-05 -0.00114608 -0.00255737 -0.00501739 -0.00142198 0.00016651 -0.000261647 -0.00108093 -0.00168039 -0.000163072 -0.00198 -0.00427718 -0.00672597 -0.000140973 0.00100293 -0.000105643 0.000827308 0.0020459
internal_weight=7751 1463 6288 275 93 68 6013 23 871 25 5997 2496 1722 331 114 36 78 1391 3501 376 292 3125 273 48 33 3110 84 3071 286 134
internal_count=7751 1463 6288 275 93 68 6013 23 871 25 5997 2496 1722 331 114 36 78 1391 3501 376 292 3125 273 48 33 3110 84 3071 286 134
is_linear=0
shrinkage=0.02


Tree=45
num_leaves=31
num_cat=0
split_feature=0 6 2 9 12 3 2 3 6 1 12 9 12 3 9 9 5 6 9 9 5 12 9 8 9 8 8 2 2 3
split_gain=1.35447 0.924766 0.922003 1.20968 1.02392 0.818935 0.811573 0.867714 0.740329 0.686502 0.684654 1.04056 1.13231 0.743205 0.731883 0.65636 0.636674 0.619726 0.59667 0.59097 0.575788 0.554371 0.549452 0.511806 0.613916 0.503356 0.567725 0.495689 0.483708 0.463412
threshold=-0.033313219370450363 0.014615820053242806 -0.13729756350297259 0.064370143297476673 4.2500000000000009 0.16268386123153464 -0.091324977742192379 1.0000000180025095e-35 -0.2654392204873765 -0.03536459610984858 -10.249999999999998 0.37567364812826842 -11.749999999999998 -0.022962731213952547 0.54817461293839886 0.046759477537266191 2.5000000000000004 -0.1779393576620921 0.013710445232831358 0.57958483672379146 1.5000000000000002 -12.749999999999998 0.4910827866075928 -0.079440240023606015 0.46296226680301167 -0.087721818036643071 -0.21642548858915489 0.022134558125440074 -0.53979313253203898 0.30828222256674193
decision_type=8 2 10 8 8 8 10 10 2 2 8 8 10 8 10 8 2 2 8 10 2 10 10 2 10 2 2 10 10 10
left_child=2 10 15 16 8 -3 -6 -8 20 21 11 12 13 -2 23 28 -4 22 -12 -17 -5 -10 -9 -13 -25 26 -7 -22 -1 -20
right_child=1 5 3 4 6 25 7 17 9 -11 18 14 -14 -15 -16 19 -18 -19 29 -21 27 -23 -24 24 -26 -27 -28 -29 -30 -31
leaf_value=-2.334279762137504e-05 0.0058898675354088059 0.00063413580789273988 -0.0080625693246044877 -0.0059255127551463942 0.0028267269732098871 0.0021238628568370703 -0.0040311275701969866 0.0039416409577243032 -0.0028546031247134564 -0.0038526477645102306 -0.0027124496429626432 -0.0090954066216945625 -0.0033009561173179569 -0.00061095466992507367 -0.00090507617752466879 -0.00090938224779650838 -0.001089854583144188 0.00037222296811688588 0.00016914920875063654 0.00022473042132067133 -5.2868421514366945e-05 4.3898401021433778e-05 -0.00011835467815399171 -4.9850068986415849e-05 -0.0070579381920397276 0.0033093022491361593 -0.0035842458307743076 -0.0036904123393089877 0.0045925193512812261 0.0012381275796934086
leaf_weight=21 17 517 11.000000000000002 12.999999999999998 73 23 15.999999999999998 40 27 19 28 10.000000000000002 17 12.000000000000002 28 1143 9.9999999999999982 318 3542 219 43 1177 20 10.000000000000002 9.9999999999999982 84 9.9999999999999982 23 15.999999999999998 170
leaf_count=21 17 517 11 13 73 23 16 40 27 19 28 10 17 12 28 1143 10 318 3542 219 43 1177 20 10 10 84 10 23 16 170
internal_value=4.40491e-05 0.000268379 -0.000270955 2.96877e-05 8.63357e-05 0.000976082 0.000889761 0.000530882 -0.000201836 -8.06265e-05 0.000151656 -0.00144898 0.000797392 0.00319987 -0.00323059 -0.000655624 -0.00474223 0.000723983 0.000196166 -0.000727025 -0.00207828 -2.11012e-05 0.00258831 -0.00540106 -0.00355389 0.00248708 0.000394133 -0.0013205 0.00197271 0.000218106
internal_weight=7667 4478 3189 1790 1769 634 467 394 1302 1223 3844 104 46 29 58 1399 21 378 3740 1362 79 1204 60 30 20 117 33 66 37 3712
internal_count=7667 4478 3189 1790 1769 634 467 394 1302 1223 3844 104 46 29 58 1399 21 378 3740 1362 79 1204 60 30 20 117 33 66 37 3712
is_linear=0
shrinkage=0.02


Tree=46
num_leaves=31
num_cat=0
split_feature=13 6 9 6 3 0 3 0 5 8 9 1 3 3 1 3 9 12 0 1 12 9 8 8 5 6 6 0 13 8
split_gain=1.8664 0.926005 0.653691 0.72197 0.776063 0.716138 0.667368 0.6351 0.626042 1.12632 0.694186 0.606925 0.886114 0.595169 0.648956 0.616745 1.20716 0.733636 1.01295 0.862345 0.668961 0.676914 0.641342 0.775037 0.582298 0.567706 0.557036 0.695907 0.549432 0.716818
threshold=25.125000000000004 0.045832358261860905 0.091663393926248671 -0.09757051698339482 0.037142321426342148 -0.038482227713185872 -0.082815244693177345 -0.1188419109496225 3.5000000000000004 0.12373509381151683 0.51856977220369382 -0.34200506038677636 -0.055120421870847612 -0.27086074062733928 -0.074742917498951997 -0.045531705763043356 0.30002298691734325 7.2500000000000009 -0.094409414030780139 -0.095526087787120517 6.7500000000000009 0.26044703595724011 -0.38318629519308101 -0.079440240023606015 3.5000000000000004 -0.12025219588496139 -0.17661960571234869 0.16389401768993855 25.625000000000004 0.13811326204002783
decision_type=10 2 10 2 10 8 10 8 2 2 10 2 10 10 2 10 10 10 8 2 10 10 2 2 2 2 2 10 10 2
left_child=1 11 5 4 6 -2 -4 -5 -3 -10 -11 12 -1 14 -9 16 20 19 -19 -17 -15 -22 -20 24 -24 -8 -7 28 29 -28
right_child=2 8 3 7 -6 26 25 13 9 10 -12 -13 -14 15 -16 17 -18 18 22 -21 21 -23 23 -25 -26 -27 27 -29 -30 -31
leaf_value=-0.0066764767353351294 -0.0013936216242621991 0.0014488652661033296 0.00041803307050775572 -0.00021454436806486035 0.00099053178270183066 0.0028466831490566785 -0.00061497137379391419 0.0067417536223573354 0.00096402238192390801 -0.00432812920573986 0.00014223431431067488 -0.00019419095710219623 -0.0010365108068351849 0.00037054473703557796 0.0020606432758368456 -0.0022857940278481694 0.0009632987454543569 0.0070287065799621972 0.0050335180666297675 0.001204406147561513 -0.0019665358197830975 -0.0079211491035918388 0.0014561973019902195 0.0022398717265234005 -0.0033121703658252955 -0.0032178451311449673 -0.0038634399563074115 -0.0048429492945698182 0.00081709730933480986 0.001666861097017924
leaf_weight=12.999999999999998 132 232 220 137 306 33 152 13.999999999999998 121 33 24 5037 78 22 77 32 233 17 24 246 21 11.999999999999998 21 147 20 43 25 10.999999999999998 169 14.999999999999998
leaf_count=13 132 232 220 137 306 33 152 14 121 33 24 5037 78 22 77 32 233 17 24 246 21 12 21 147 20 43 25 11 169 15
internal_value=4.31682e-05 -0.000150309 0.000546446 0.000711105 0.00022639 -0.000199438 -0.00033705 0.00105273 0.000764314 -0.00012791 -0.00244587 -0.000223436 -0.00184222 0.00124868 0.00278081 0.00107331 0.0003342 0.00149315 0.0023314 0.000802656 -0.00233089 -0.00413185 0.00195473 0.00156169 -0.000869836 -0.00118894 0.000423614 6.01542e-05 0.000318212 -0.00178958
internal_weight=7667 5538 2129 1744 721 385 415 1023 410 178 57 5128 91 886 91 795 288 507 229 278 55 33 212 188 41 195 253 220 209 40
internal_count=7667 5538 2129 1744 721 385 415 1023 410 178 57 5128 91 886 91 795 288 507 229 278 55 33 212 188 41 195 253 220 209 40
is_linear=0
shrinkage=0.02


Tree=47
num_leaves=31
num_cat=0
split_feature=13 6 7 0 7 1 2 6 2 12 6 9 9 13 7 0 6 13 0 0 13 2 7 9 9 0 13 8 1 8
split_gain=1.79249 0.889336 0.635571 0.836524 0.589828 0.590575 0.746289 0.582307 0.571881 0.676387 0.663425 1.12311 0.750792 0.736604 0.698198 0.664072 0.611204 0.687488 0.597422 0.77068 0.727369 0.488727 0.477914 0.577126 0.462875 0.60961 0.459468 0.44906 0.670932 0.608017
threshold=25.125000000000004 0.045832358261860905 0.025124738089347304 0.25254721019327692 0.79828995753455312 -0.34200506038677636 -0.41515205612896616 0.1566974241620912 0.064455406004935309 -1.2499999999999998 -0.090387127424313943 0.29737328163250437 0.35428247618309322 27.375000000000004 -0.34868091104843152 -0.2225217051963132 -0.10538227156292494 27.625000000000004 0.096704571486304416 0.0076239065289252098 25.875000000000004 0.41057346739506245 -0.83639807310577774 0.58827290230393559 0.59742817009644733 -0.017610417493695747 27.875000000000004 -0.018223403105799996 -0.045967615110332552 -0.10404835145430776
decision_type=10 2 2 10 2 2 10 2 8 10 2 10 8 10 2 8 2 10 10 10 10 10 2 8 10 8 10 2 2 2
left_child=1 4 8 7 5 6 -1 27 10 -10 12 18 13 -2 -13 -14 17 -17 19 20 -12 -3 23 -7 -19 -26 -18 28 29 -4
right_child=2 21 3 -5 -6 22 -8 -9 9 -11 11 14 15 -15 -16 16 26 24 -20 -21 -22 -23 -24 -25 25 -27 -28 -29 -30 -31
leaf_value=-0.0060529813063996173 -0.00076658379271506301 0.00063984833591821375 -0.00019097471196318462 0.0055720643638633195 -0.0046478432479004064 0.0050598335365454336 -0.0010330838872143974 -0.0039878314249217513 0.0048187115835025907 0.00062177938070817618 -0.0048358649843268922 0.004771904796361923 -0.005818074030371813 0.0026638041927972591 0.00093660777913303023 -0.0015998378616102315 -0.0012974320081147275 0.0025632983923071263 -0.0050129876654994281 0.0041528748891626792 -0.00032807834672608549 0.0051162096355110414 -0.00019345410229037224 -0.0011429935544729234 -0.0033066840683493542 0.0027357839860699387 -0.006956366666903099 0.0011710714930396199 0.0010791832541662328 -0.0039078034162521365
leaf_weight=13.999999999999998 62 400 147 14.999999999999998 11.999999999999998 15.000000000000002 77 9.9999999999999982 15.999999999999998 384 18 21 12.999999999999998 42 198 135 11.000000000000002 33 13.999999999999998 11.999999999999998 70 9.9999999999999982 5000 9.9999999999999982 17 11.000000000000002 11.999999999999998 667 201 20
leaf_count=14 62 400 147 15 12 15 77 10 16 384 18 21 13 42 198 135 11 33 14 12 70 10 5000 10 17 11 12 667 201 20
internal_value=4.23048e-05 -0.000147303 0.000535517 0.000882541 -0.000218968 -0.000208579 -0.00180538 0.000815228 0.000191414 0.000789657 -0.000166279 0.000466366 -0.000793276 0.000618765 0.00130438 -0.00142626 -0.00116556 -0.000803619 -0.00114349 -0.000601766 -0.00125013 0.000749028 -0.000179662 0.0025787 0.000958506 -0.000932857 -0.00424992 0.000861634 0.000300778 -0.000636104
internal_weight=7667 5538 2129 1060 5128 5116 91 1045 1069 400 669 333 336 104 219 232 219 196 114 100 88 410 5025 25 61 28 23 1035 368 167
internal_count=7667 5538 2129 1060 5128 5116 91 1045 1069 400 669 333 336 104 219 232 219 196 114 100 88 410 5025 25 61 28 23 1035 368 167
is_linear=0
shrinkage=0.02


Tree=48
num_leaves=31
num_cat=0
split_feature=13 6 9 6 3 3 5 8 9 1 9 3 3 9 7 2 7 1 3 6 9 6 3 3 9 13 3 7 7 9
split_gain=1.7215 0.854118 0.624287 0.67553 0.743676 0.631896 0.598942 1.08124 0.666696 0.582472 0.662213 0.581707 0.629447 1.22792 1.00345 0.605431 0.566471 0.567188 0.820777 0.547472 0.547466 0.542594 0.584106 0.905966 0.737132 0.843329 0.676839 0.692259 0.538057 0.537952
threshold=25.125000000000004 0.045832358261860905 0.091663393926248671 -0.09757051698339482 0.037142321426342148 -0.082815244693177345 3.5000000000000004 0.12373509381151683 0.51856977220369382 -0.14485796967674103 0.3956235285592225 -0.27086074062733928 -0.045531705763043356 0.30002298691734325 -0.20911462135814279 -0.107253198999906 0.79828995753455312 -0.34200506038677636 -0.055120421870847612 0.048526747726320547 0.28876266681946344 -0.17473758169748896 -0.26608586274827517 -0.055120421870847612 0.056698655669797322 26.125000000000004 -0.090139382077353863 -0.21714812225480268 0.097678199548106456 0.45235609599876064
decision_type=10 2 10 2 10 10 2 2 10 2 10 10 10 10 2 10 2 2 10 2 10 2 8 10 8 10 10 2 2 10
left_child=1 16 21 4 5 -4 -3 -8 -9 10 19 -11 13 15 -15 -13 17 18 -1 20 -5 -2 -23 26 -25 -26 27 -24 -16 -14
right_child=2 6 3 9 -6 -7 7 8 -10 11 -12 12 29 14 28 -17 -18 -19 -20 -21 -22 22 23 24 25 -27 -28 -29 -30 -31
leaf_value=-0.0064218874676869467 0.0017393470279872417 0.0014036179385559459 0.00040003720056583093 -0.0011529262448030134 0.00096488094743679047 -0.0011636441809435686 0.00093120506772201902 -0.0042543636448328578 0.00012659262691158801 0.0026801066452096546 0.0013915880735536725 -0.0010771975160709449 0.002179041012182345 0.0043941788667620262 -0.0007397946595317788 -0.0056490458175539968 -0.0045548864888648195 -0.00017606903557122375 -0.00099383176895524879 0.0018921779096126557 -0.0056189793655100993 -0.0027305021405038309 0.0047038212275275814 -0.0066853860020637517 -0.0046171563558857001 3.9623163019617401e-05 0.0048093525040894744 -7.9754506477287839e-05 0.0013209651343941945 0.00088415355219765776
leaf_weight=12.999999999999998 50 232 220 31 306 195 121 33 24 93 48 42 220 29 90 15.999999999999998 11.999999999999998 5025 78 12.999999999999998 17 41 12.999999999999998 10.999999999999998 21 60 13.999999999999998 175 116 308
leaf_count=13 50 232 220 31 306 195 121 33 24 93 48 42 220 29 90 16 12 5025 78 13 17 41 13 11 21 60 14 175 116 308
internal_value=4.14587e-05 -0.000144357 0.000524807 0.00068572 0.000216853 -0.000334705 0.000734047 -0.000138651 -0.00240975 0.00101617 -0.000365769 0.00118098 0.00101116 0.000267763 0.000910986 -0.0023384 -0.000214588 -0.000204408 -0.00176927 -0.00174861 -0.00273465 -0.000204109 -0.000494177 -0.000182308 -0.00182741 -0.00116769 0.000566948 0.000251025 0.000420633 0.00142369
internal_weight=7667 5538 2129 1744 721 415 410 178 57 1023 109 914 821 293 235 58 5128 5116 91 61 48 385 335 294 92 81 202 188 206 528
internal_count=7667 5538 2129 1744 721 415 410 178 57 1023 109 914 821 293 235 58 5128 5116 91 61 48 385 335 294 92 81 202 188 206 528
is_linear=0
shrinkage=0.02


Tree=49
num_leaves=31
num_cat=0
split_feature=13 13 7 8 9 0 10 7 0 7 8 1 10 9 12 0 9 10 7 8 10 9 0 9 0 12 7 8 0 5
split_gain=1.65333 0.641927 0.972573 0.885398 0.746854 0.710071 0.694113 0.612429 0.795677 0.579522 0.592109 0.563393 0.601467 0.549253 0.531171 1.04684 0.728939 0.881726 0.512245 1.02211 0.831206 0.594134 0.698054 0.673497 0.633531 0.693503 0.626944 0.713747 0.552868 0.77407
threshold=25.125000000000004 19.875000000000004 0.52028626061543459 -0.79942318876607854 0.81854510048395601 -0.11037644603207634 14.500000000000002 0.025124738089347304 0.25254721019327692 0.44769361455277074 -0.72172565194160787 -0.094580194243462742 10.500000000000002 0.44382792000417953 -5.2499999999999991 0.08905066523745446 0.36624328790862554 2.5000000000000004 -0.012070345017655677 0.4382722704588306 12.500000000000002 0.22317881765678377 0.17351764972240133 0.038063719696372768 0.25254721019327692 6.7500000000000009 -0.12580234237320095 1.0000000180025095e-35 -0.014617036736690963 1.5000000000000002
decision_type=10 8 2 2 8 8 2 2 10 2 2 2 2 8 8 10 8 2 2 2 2 10 10 8 8 10 2 2 10 2
left_child=1 3 14 6 -4 -5 -1 18 -9 10 -7 -12 -13 -11 15 16 17 -3 21 20 -20 22 23 -2 25 -23 28 -28 -27 -30
right_child=7 2 4 5 -6 9 -8 8 -10 13 11 12 -14 -15 -16 -17 -18 -19 19 -21 -22 24 -24 -25 -26 26 27 -29 29 -31
leaf_value=-0.0017998901148563002 0.0043614706272880237 -0.0023379166610538959 -0.0014396286996081473 -0.0012036899765658791 -0.007258339986205101 0.0040143907270752469 -0.0072206326980482453 0.00078930886996504473 0.0054285568470756216 0.0052476458847522736 0.0010316368420886942 -4.3018222096490972e-05 -0.0010662234465331386 0.000406696505844593 -3.9834371445345854e-05 0.0047817986695251119 -0.00014494631535373628 0.0024598004077606411 -0.0031330305546122999 0.002371040474347494 0.001249378322745147 -0.0002547239839831101 -0.0054094591533595873 -0.00049415424822685477 0.0020475013393243665 0.00069043901850651386 0.0014009401000415287 -0.002216428634827025 0.0066368765466743038 0.001993331243611977
leaf_weight=67 11.999999999999998 18 75 324 9.9999999999999982 12.999999999999998 10.999999999999998 1045 14.999999999999998 14.999999999999998 117 596 374 25 3516 24 250 103 70 27 23 315 10.999999999999998 239 108 87 48 40 18 71
leaf_count=67 12 18 75 324 10 13 11 1045 15 15 117 596 374 25 3516 24 250 103 70 27 23 315 11 239 108 87 48 40 18 71
internal_value=4.06295e-05 -0.00014147 -7.71013e-06 -0.0004881 -0.00212418 -0.00037748 -0.00256435 0.000514311 0.000854959 -0.000142663 -0.000228653 -0.000279397 -0.000437532 0.00222205 3.82884e-05 0.00073368 0.000471807 0.00174609 0.00017653 -0.00105465 -0.00204921 0.000332212 -0.000478127 -0.000262013 0.00064125 0.000378944 0.00113502 -0.000243318 0.0018242 0.00293248
internal_weight=7667 5538 3996 1542 85 1464 78 2129 1060 1140 1100 1087 970 40 3911 395 371 121 1069 120 93 949 262 251 687 579 264 88 176 89
internal_count=7667 5538 3996 1542 85 1464 78 2129 1060 1140 1100 1087 970 40 3911 395 371 121 1069 120 93 949 262 251 687 579 264 88 176 89
is_linear=0
shrinkage=0.02


Tree=50
num_leaves=31
num_cat=0
split_feature=13 2 10 9 2 8 13 6 10 7 8 8 9 9 6 13 7 7 12 12 6 10 2 6 8 8 5 12 13 9
split_gain=1.89548 1.28409 1.12851 0.861834 1.21011 0.791524 0.675141 0.715354 0.773071 0.652887 0.63959 0.606092 0.672861 0.591941 0.582785 1.58561 0.874844 1.2614 0.752498 0.677727 0.628726 0.593398 1.97153 0.91708 0.576964 1.14205 1.27088 0.76736 0.825155 0.662968
threshold=19.875000000000004 -0.13888853581411334 14.500000000000002 0.056698655669797322 0.097814382474539885 -0.79942318876607854 26.625000000000004 -0.29566717470501308 4.5000000000000009 0.60645798113387339 0.69572927780943561 0.23139645635961556 0.15642325828873491 0.038063719696372768 -0.14869326924387041 27.125000000000004 0.01020735029393003 -0.0018383171604376611 -2.2499999999999996 13.750000000000002 -0.25115122701563392 9.5000000000000018 -0.28246033156165229 -0.2695531680722954 -0.17681945801301624 -0.21032322864009093 2.5000000000000004 -5.2499999999999991 21.375000000000004 0.21203513541069094
decision_type=8 10 2 8 10 2 10 2 2 2 2 2 8 10 2 10 2 2 10 10 2 2 8 2 2 2 2 10 10 10
left_child=2 14 10 4 -3 -4 -5 8 -8 -9 11 12 13 -1 15 16 17 -2 -18 24 -17 23 -23 -20 25 27 -27 -16 -29 -30
right_child=1 3 5 6 -6 -7 7 9 -10 -11 -12 -13 -14 -15 19 20 18 -19 21 -21 -22 22 -24 -25 -26 26 -28 28 29 -31
leaf_value=-0.0024499807187489103 -0.001562090382416038 0.00056427727142969769 -0.0077000312060117732 0.00028775736063790558 -0.007275744380396125 -0.0018743343229854492 0.001123918999325145 0.0009492960548041472 -0.0063743022702295671 0.0050298712914809583 -0.0015381229437560172 0.00053226193248938401 -0.00068408626654509273 0.002096551628358337 0.0021801255668203036 -0.0011519141781788605 0.001090730584392527 -0.0077299234350877146 -0.0051573715287460279 -0.0044023618953568594 0.0039610567770118048 -0.0099939928979923334 0.00016822064206713721 0.00037633782230227827 0.00021784304060429614 -0.009236812327678005 -0.0015712220474116264 -0.003336790696455118 -0.0011200047952841115 0.00072100475436781303
leaf_weight=13.999999999999998 252 18 9.9999999999999982 2933 13.999999999999998 139 11.000000000000002 794 10.999999999999998 15.999999999999998 182 289 834 63 45 12.999999999999998 101 13.999999999999998 13.999999999999998 13.999999999999998 37 11.999999999999998 21 83 1368 11.999999999999998 31 39 166 148
leaf_count=14 252 18 10 2933 14 139 11 794 11 16 182 289 834 63 45 13 101 14 14 14 37 12 21 83 1368 12 31 39 166 148
internal_value=1.82471e-05 0.000174616 -0.000611621 0.000402621 -0.00286573 -0.00226532 0.0004304 0.000933251 -0.00262519 0.0010299 -0.000433328 -0.000265768 -0.00051893 0.00126991 -0.000190673 -0.000763218 -0.00110476 -0.00188671 -0.000204323 -1.88781e-05 0.00263168 -0.00121048 -0.00352713 -0.000422342 1.50461e-05 -0.000614038 -0.00371046 -0.000279501 -0.000593051 -0.000252268
internal_weight=7698 6167 1531 3797 32 149 3765 832 22 810 1382 1200 911 77 2370 547 497 266 231 1823 50 130 33 97 1809 441 43 398 353 314
internal_count=7698 6167 1531 3797 32 149 3765 832 22 810 1382 1200 911 77 2370 547 497 266 231 1823 50 130 33 97 1809 441 43 398 353 314
is_linear=0
shrinkage=0.02


Tree=51
num_leaves=31
num_cat=0
split_feature=13 1 6 3 8 13 3 6 9 3 6 9 7 0 6 1 3 7 0 13 0 7 6 9 7 9 3 3 3 0
split_gain=1.82042 1.21723 0.856932 0.862609 0.867732 1.62617 0.853855 0.749605 0.741545 0.767591 1.03247 0.919248 0.907151 0.699696 1.00944 0.955769 0.770129 0.695938 0.671616 0.671446 0.660521 0.951768 0.690833 0.657592 0.6413 0.626574 0.593006 0.816491 0.588885 1.07962
threshold=19.875000000000004 -0.073866563617121475 0.099685180642380231 -0.026113075021944487 -0.43733422425042584 21.875000000000004 -0.26233419542846637 -0.305646308193808 0.056698655669797322 0.34119180952207551 -0.18396570176221927 0.48401500776790013 -0.029493556639805858 -0.16882801342634005 -0.11878333064506109 0.12767375472449019 -0.12606791757063271 0.022228468945590673 -0.16012662062537933 26.375000000000004 -0.11755201025955404 0.26365431219338969 -0.11754914040297272 0.32145578996986446 0.65079517493713823 0.30732980159459106 0.32946204017305625 0.24417053599625563 0.17446587161247493 -0.19071743033456864
decision_type=8 2 2 10 2 8 8 2 8 10 2 10 2 8 2 2 10 2 8 8 8 2 2 10 2 8 10 10 10 10
left_child=13 2 3 4 5 -2 20 17 -3 19 12 23 -11 28 15 16 -15 -5 -7 -10 21 -6 -22 -12 -21 -18 27 -27 -1 -30
right_child=1 8 -4 7 6 18 -8 -9 9 10 11 -13 -14 14 -16 -17 25 -19 -20 24 22 -23 -24 -25 -26 26 -28 -29 29 -31
leaf_value=-0.00091455065418267621 -0.0064101083228985467 -0.0017766162546883739 0.0023475525104532055 -0.00092951751934985331 0.00053131798406802987 -0.0042175394061364623 -0.00086719831646411892 0.00012904306318107408 0.00019655939334824093 0.0016360041809578732 0.0028735441935381716 0.0068084553567071757 -0.0065202441364526752 -0.0021704656488695591 4.1043646823816073e-05 0.0026846090688979109 0.0010868816042958356 -0.0070045306533575062 9.7169698526461924e-05 0.00073658602245558319 -0.00064240037033764217 -0.0060613581538200376 0.0033139159068126573 -0.0009052321715280414 0.00520679880793278 -0.0011001961481113753 -0.0056194426390257747 0.0047256450131535534 -0.002122605881950056 -0.0089863360266793854
leaf_weight=120 30 63 51 24 43 19 570 1243 2789 12.000000000000002 70 18 9.9999999999999982 217 759 26 67 10.999999999999998 60 1024 26 10.999999999999998 55 25 12.999999999999998 255 10.999999999999998 9.9999999999999982 55 10.999999999999998
leaf_count=120 30 63 51 24 43 19 570 1243 2789 12 70 18 10 217 759 26 67 11 60 1024 26 11 55 25 13 255 11 10 55 11
internal_value=1.78822e-05 0.000171124 -0.000213909 -0.000276354 -0.000785227 -0.00244593 -0.000528466 4.77639e-05 0.000376175 0.000410415 0.00189259 0.00266433 -0.00207138 -0.000599389 -0.000440391 -0.00106395 -0.001238 -0.00283881 -0.000940545 0.000358117 0.000901739 -0.000811635 0.00204399 0.00187913 0.000792625 -0.000648065 -0.00106923 -0.000880353 -0.00174913 -0.00326656
internal_weight=7698 6167 2143 2092 814 109 705 1278 4024 3961 135 113 22 1531 1345 586 560 35 79 3826 135 54 81 95 1037 343 276 265 186 66
internal_count=7698 6167 2143 2092 814 109 705 1278 4024 3961 135 113 22 1531 1345 586 560 35 79 3826 135 54 81 95 1037 343 276 265 186 66
is_linear=0
shrinkage=0.02


Tree=52
num_leaves=31
num_cat=0
split_feature=1 12 6 2 1 9 6 9 6 7 2 7 6 2 8 12 8 7 2 6 0 6 9 6 12 0 7 2 0 0
split_gain=1.7278 1.02203 0.930657 0.986421 1.02621 1.31554 0.727998 0.701636 0.834748 0.670308 0.664923 0.64755 0.611224 0.592985 0.589743 0.582766 0.839324 0.71187 0.738348 0.625867 0.61093 0.574175 0.567563 0.999885 0.628873 0.59961 0.565603 0.661283 0.55313 0.789625
threshold=-0.11222935030437008 4.2500000000000009 -0.072374285433961252 0.19079878871561115 -0.037490956257576181 0.4251933833405519 -0.2654392204873765 0.20912513208208555 0.058566380645542059 0.082956906932564287 -0.14193814725288492 0.10454894318150675 -0.2134699799459138 -0.82618518794774987 -0.11062474168051147 2.7500000000000004 0.13811326204002783 -0.046502914888530096 0.042922467690056428 -0.07500431306611216 0.12196892409619566 -0.16055401838539166 0.16138850604941532 -0.1018164399729347 2.7500000000000004 -0.52905406563045476 0.37265495322868519 -0.22731969305796224 0.1025980374746302 0.10491167499746484
decision_type=2 8 2 10 2 8 2 10 2 2 10 2 2 8 2 10 2 2 10 2 10 2 10 2 10 10 2 8 10 10
left_child=6 2 10 13 -5 -6 11 8 12 -7 -2 -1 -8 -4 22 19 20 -18 21 -12 -17 -19 24 -24 25 -14 -16 -28 -15 -30
right_child=1 -3 3 4 5 9 7 -9 -10 -11 15 -13 14 28 26 16 17 18 -20 -21 -22 -23 23 -25 -26 -27 27 -29 29 -31
leaf_value=-0.003444474505214784 -0.00064776400463553512 0.00057200505184937863 0.0046571901316444083 0.0044544185529736321 -0.001824135581174722 0.0009501323796575887 0.0014947102945898811 -0.00013378963419384912 0.0018768777845213443 0.0069425724899130209 0.00026715288719166951 0.00070247875340282914 0.0033926431423363587 9.777814120218891e-05 -0.00069018238975688553 -0.0013120675710093042 -0.0013513866567227523 -0.0026704147737473252 0.0049004399678264947 -0.0030631660346103753 -0.0063931931853294377 0.0025059561450034378 -0.0016539660354869235 -0.0087805235864860682 -0.0035995840148202013 -0.0014411021497520344 -0.0078048399537801738 -0.0010709611060363904 0.0059825858573562332 0.00091728412532521525
leaf_weight=61 995 1786 11.999999999999998 46 39 16.000000000000004 31 924 37 13.999999999999998 1213 20 11.999999999999998 1581 311 177 40 14.999999999999998 23 23 9.9999999999999982 20 18 13.999999999999998 49 71 9.9999999999999982 14.000000000000002 13.999999999999998 102
leaf_count=61 995 1786 12 46 39 16 31 924 37 14 1213 20 12 1581 311 177 40 15 23 23 10 20 18 14 49 71 10 14 14 102
internal_value=1.75246e-05 0.000169308 3.59007e-06 0.000347562 0.00214052 0.000597925 -0.000573968 -0.000473652 -0.0010275 0.0037466 -0.000245776 -0.00242054 -0.00123026 0.000226912 -0.00139955 1.71948e-05 -0.000798071 0.0007012 0.00211678 0.000205181 -0.00158379 0.000287511 -0.00238222 -0.00477183 -0.00180293 -0.000742247 -0.000918473 -0.00387674 0.000195584 0.00152861
internal_weight=7698 6126 4340 1824 115 69 1572 1491 567 30 2516 81 530 1709 499 1521 285 98 58 1236 187 35 164 32 132 83 335 24 1697 116
internal_count=7698 6126 4340 1824 115 69 1572 1491 567 30 2516 81 530 1709 499 1521 285 98 58 1236 187 35 164 32 132 83 335 24 1697 116
is_linear=0
shrinkage=0.02


Tree=53
num_leaves=31
num_cat=0
split_feature=1 12 6 3 5 6 3 3 0 2 2 9 1 12 2 3 10 7 7 0 2 10 6 9 12 7 0 9 0 0
split_gain=1.65937 0.981561 0.893803 1.31819 0.760817 0.822456 0.665274 1.75194 1.07137 0.633495 0.637297 0.623554 1.2432 0.710274 0.614403 0.716065 0.593285 0.782381 0.849531 0.89795 0.570561 0.556908 1.36787 0.663504 0.565576 0.538161 0.527186 0.633695 0.507384 0.807925
threshold=-0.11222935030437008 4.2500000000000009 -0.072374285433961252 0.24901937964620427 1.5000000000000002 -0.2695531680722954 -0.092270461048096983 -0.068872648546529983 0.090837523804555356 -0.091324977742192379 -0.077457672728185059 0.42776882812223521 -0.037490956257576181 1.2500000000000002 0.082709001289379955 0.097609831192687499 2.5000000000000004 0.027300068086155125 0.19493734351623937 -0.072364275106564957 -0.82618518794774987 14.500000000000002 -0.11675735471845407 0.038063719696372768 -13.249999999999998 0.56191451872394038 -0.061059165941359302 0.44924764190292582 0.1025980374746302 0.10491167499746484
decision_type=2 8 2 10 2 2 10 10 10 10 10 8 2 10 10 8 2 2 2 10 8 2 2 8 10 2 8 10 10 10
left_child=4 2 6 20 -1 14 21 8 -8 -7 -11 12 13 -5 15 -6 17 26 -19 -20 -4 23 -23 -2 -25 -18 27 -9 -22 -30
right_child=1 -3 3 11 5 9 7 16 -10 10 -12 -13 -14 -15 -16 -17 25 18 19 -21 28 22 -24 24 -26 -27 -28 -29 29 -31
leaf_value=-0.0014520304002738815 -0.0045288973581045864 0.0005605649515571363 0.0045640463444093868 0.002107669035238879 -0.0040093110934165972 -0.00062474638030711601 0.0018680131950472689 -0.0084929149123755352 0.0087402446717023859 0.002951608237755649 0.00011869553519233552 0.0049418181834334973 -0.0016734572858722121 0.0085837794020771994 -0.0070520591648528357 0.00040306354842839704 -3.6323645511235465e-05 0.0021119356057828381 0.0015227744188159697 -0.0067579700526866054 9.0961646511063257e-05 -0.0042340244112774204 0.0022691666666004393 -0.0039417911900414358 -0.00036679877471029152 0.0036590992566198112 -0.0015597841206717452 -0.0019705077891166395 0.0057633711285889145 0.0008206887355273855
leaf_weight=309 15.999999999999998 1786 11.999999999999998 21.000000000000004 28 677 98 11.000000000000002 9.9999999999999982 34 483 32 27 9.9999999999999982 9.9999999999999982 31 1065 42 10.000000000000002 10.999999999999998 1595 46 18 18 1066 15.999999999999998 76 12.999999999999998 14.999999999999998 112
leaf_count=309 16 1786 12 21 28 677 98 11 10 34 483 32 27 10 10 31 1065 42 10 11 1595 46 18 18 1066 16 76 13 15 112
internal_value=1.71741e-05 0.000165922 3.51827e-06 0.000340611 -0.000562489 -0.000344857 -0.00024086 6.09007e-05 0.00250433 -0.000222168 0.000304999 0.0027006 0.00146406 0.00419674 -0.00246792 -0.00169094 -0.00015123 -0.00127602 0.000469704 -0.00281476 0.00021812 -0.000591359 -0.002405 -0.000485838 -0.000426162 1.83727e-05 -0.00237582 -0.00495994 0.000187835 0.00140447
internal_weight=7698 6126 4340 1824 1572 1263 2516 1352 108 1194 517 90 58 31 69 59 1244 163 63 21 1734 1164 64 1100 1084 1081 100 24 1722 127
internal_count=7698 6126 4340 1824 1572 1263 2516 1352 108 1194 517 90 58 31 69 59 1244 163 63 21 1734 1164 64 1100 1084 1081 100 24 1722 127
is_linear=0
shrinkage=0.02


Tree=54
num_leaves=31
num_cat=0
split_feature=13 1 10 6 3 8 13 3 8 9 3 6 9 7 6 7 0 7 0 9 13 7 8 0 9 7 7 9 9 8
split_gain=1.69615 1.09965 1.06259 0.808053 0.807988 0.824262 1.56741 0.822469 0.753037 0.698845 0.721286 0.977986 0.875505 0.868001 0.691707 0.662911 0.659864 0.62943 0.629347 0.625536 0.618104 0.612344 0.607915 0.704137 0.750164 0.58082 1.13311 0.576037 0.562801 0.80075
threshold=19.875000000000004 -0.073866563617121475 14.500000000000002 0.099685180642380231 -0.026113075021944487 -0.43733422425042584 21.875000000000004 -0.26233419542846637 -0.79942318876607854 0.056698655669797322 0.34119180952207551 -0.18396570176221927 0.48401500776790013 -0.029493556639805858 -0.305646308193808 0.022228468945590673 0.1025980374746302 0.40928153813724366 -0.16012662062537933 0.32145578996986446 26.375000000000004 0.65079517493713823 0.69572927780943561 0.076246638036691752 0.66758335775059441 -0.026944047623914533 0.062918299083937104 0.50008812435317695 0.55540966933555347 0.39868642509744584
decision_type=8 2 2 2 10 2 8 8 2 8 10 2 10 2 2 2 10 2 8 10 8 2 2 10 10 2 2 8 10 2
left_child=2 3 16 4 5 6 27 17 -4 25 20 13 19 -12 15 -6 22 -7 -8 -13 -11 -22 23 28 -25 -3 -27 -2 29 -1
right_child=1 9 8 -5 14 7 18 -9 -10 10 11 12 -14 -15 -16 -17 -18 -19 -20 -21 21 -23 -24 24 -26 26 -28 -29 -30 -31
leaf_value=-0.00023807274640624433 -0.0086883128565900455 -6.717354098024468e-05 -0.007484605621546507 0.0022861227184972346 -0.00085758407134562732 0.0013640933966914514 -0.0040671833016370472 -0.00083655154644389094 -0.001802308295230321 0.00018718094048462191 0.0015982008290787533 0.0027843421781435606 0.0066250806384616423 -0.0063801060765981679 0.0001299141614873199 -0.0067866959490559325 0.001561166473521063 -0.0031152437893407687 0.00010954506850490967 -0.00090118008562130856 0.00070432069356229476 0.0050724511478955929 -0.0016007532180569667 -0.0064831817410886273 0.00058866029977798463 -0.0092897291230037773 -0.00080529002390582779 -0.0030956386717466205 -0.0010386150870405431 0.0016143919246393108
leaf_weight=731 17.000000000000004 36 9.9999999999999982 51 24 121 19 570 139 2789 12.000000000000002 70 18 9.9999999999999982 1243 10.999999999999998 65 13.999999999999998 60 25 1024 12.999999999999998 175 15.000000000000002 9.9999999999999982 10.000000000000002 17 12.999999999999998 279 107
leaf_count=731 17 36 10 51 24 121 19 570 139 2789 12 70 18 10 1243 11 65 14 60 25 1024 13 175 15 10 10 17 13 279 107
internal_value=1.68306e-05 0.00016475 -0.000579 -0.000201214 -0.000261851 -0.00075435 -0.00237292 -0.000504103 -0.00218367 0.000359645 0.000392885 0.00182965 0.00258076 -0.0020283 5.1837e-05 -0.00272102 -0.000405993 0.00089957 -0.000894985 0.00181447 0.000342189 0.00075908 -0.000503081 -0.000334874 -0.00365444 -0.00173025 -0.00394767 -0.00626482 -0.000260577 -1.54086e-06
internal_weight=7698 6167 1531 2143 2092 814 109 705 149 4024 3961 135 113 22 1278 35 1382 135 79 95 3826 1037 1317 1142 25 63 27 30 1117 838
internal_count=7698 6167 1531 2143 2092 814 109 705 149 4024 3961 135 113 22 1278 35 1382 135 79 95 3826 1037 1317 1142 25 63 27 30 1117 838
is_linear=0
shrinkage=0.02


Tree=55
num_leaves=31
num_cat=0
split_feature=6 12 9 3 3 5 9 6 9 3 0 0 8 5 12 12 8 0 9 2 3 2 3 2 9 12 2 0 8 8
split_gain=0.955888 0.874022 1.2268 1.08342 0.786597 0.748868 1.12458 1.0236 0.711302 1.00378 0.705793 0.70273 0.907497 0.689624 1.25329 0.702231 0.598417 0.587887 0.643158 0.721196 0.756647 0.583191 0.548127 0.542338 0.537537 0.55754 0.521899 1.4771 0.77246 0.746766
threshold=-0.072374285433961252 4.2500000000000009 0.35428247618309322 -0.28272729004472674 -0.34598183465960258 3.5000000000000004 0.071489751104265239 -0.070919752696107188 0.35607447828629502 -0.029848874152252038 -0.044230709885998996 -0.23964855141325547 0.2581691658638588 2.5000000000000004 14.250000000000002 8.7500000000000018 0.2581691658638588 0.061388552314646579 0.45496953896400466 -0.079031190678910998 -0.44148636015317128 -0.16478797396466408 -0.14155699442101408 -0.14447877836285003 0.33457739338276166 7.2500000000000009 -0.82618518794774987 -0.2302965092303125 1.2017379205872285 0.26853192932354258
decision_type=2 10 8 8 10 2 8 2 10 8 8 8 2 2 10 10 2 10 10 10 10 10 10 8 10 8 10 10 2 2
left_child=1 -1 24 4 -4 7 -7 22 9 21 -11 12 23 14 26 -15 -17 -13 19 20 -19 -5 -2 -8 -3 -26 27 29 -29 -9
right_child=5 2 3 8 -6 6 11 13 -10 10 -12 17 -14 15 -16 16 -18 18 -20 -21 -22 -23 -24 -25 25 -27 -28 28 -30 -31
leaf_value=-0.00034578560967869461 0.0080150797397363898 0.001134369137832587 -0.0013880496823029326 -0.0012636200928439693 -0.0073412062285038143 -0.0053453378708218221 -0.0020108097307384018 0.0073657162920571862 0.00041180974948988521 -0.0020981576223857703 0.0012206758518110623 -9.3572252281222989e-05 0.000666628701855307 0.00075844530275463588 -0.005799259593976396 0.0019115124272389545 0.0066461620559649806 -0.00093053705828345342 0.0018349737532274879 -0.0030747352592233159 0.0051060605221069774 -0.0070962395499373091 0.0022803044640459119 -0.0074841751627224874 0.0062034882033347259 0.00076797068548890238 8.0317282918637137e-05 -0.0013610147888881757 0.0042787711648270485 0.0017505482325537336
leaf_weight=3384 10.000000000000002 254 28 12.000000000000002 12.999999999999998 15.999999999999998 14.999999999999998 20 515 48 55 1269 23 666 13.999999999999998 45 13.999999999999998 23 138 27 12.999999999999998 15.999999999999998 20 14.000000000000002 18 13.000000000000002 961 51 11.999999999999998 18
leaf_count=3384 10 254 28 12 13 16 15 20 515 48 55 1269 23 666 14 45 14 23 138 27 13 16 20 14 18 13 961 51 12 18
internal_value=1.702e-06 -0.000193953 0.00033465 -0.000122994 -0.00327564 0.000254677 -7.06709e-05 0.000527962 7.70965e-05 -0.00123876 -0.000325965 -1.5221e-05 -0.00230016 0.000466931 0.000145681 0.000943709 0.00303499 6.56066e-05 0.00107057 -0.000603832 0.00124935 -0.00459655 0.0041919 -0.00465312 0.00143781 0.00392408 0.000224051 0.00159166 -0.00028677 0.0047059
internal_weight=7725 4356 972 687 41 3369 1538 1831 646 131 103 1522 52 1801 1076 725 59 1470 201 63 36 28 30 29 285 31 1062 101 63 38
internal_count=7725 4356 972 687 41 3369 1538 1831 646 131 103 1522 52 1801 1076 725 59 1470 201 63 36 28 30 29 285 31 1062 101 63 38
is_linear=0
shrinkage=0.02


Tree=56
num_leaves=31
num_cat=0
split_feature=6 9 7 6 7 2 2 7 2 2 5 9 6 8 7 3 1 6 3 2 3 6 10 10 1 8 9 9 2 9
split_gain=0.918035 0.809425 0.855415 1.32373 0.794661 0.72903 0.797068 0.977549 0.910298 0.931178 0.719212 1.08005 0.983068 0.715237 0.70222 0.978038 0.782662 0.698997 1.10037 1.08096 0.952668 0.715256 1.20753 0.916724 0.681642 0.969101 0.66513 0.780091 0.697864 0.924885
threshold=-0.072374285433961252 0.41855810179294589 0.38215747899700975 -0.21800217882817721 0.56191451872394038 -0.65672406024702379 -0.35328786260714434 0.34656213916061113 -0.29011341112149147 -0.28246033156165229 3.5000000000000004 0.071489751104265239 -0.070919752696107188 1.9867554042125373 0.22348958177676545 0.035407435587030606 -0.34200506038677636 -0.098991907597394582 0.065514023489358197 0.12818973707887318 0.18853860328647917 -0.10870240855279717 3.5000000000000004 6.5000000000000009 -0.27002832399054488 0.2581691658638588 0.21203513541069094 0.22317881765678377 0.35916674821982569 0.11114335728054402
decision_type=2 8 2 2 2 8 8 2 8 8 2 8 2 2 2 8 2 2 8 10 10 2 2 2 2 2 8 8 10 10
left_child=1 2 17 -4 -5 -3 7 -7 -8 -10 12 -12 -2 14 16 -16 -11 21 -19 20 -20 -1 -23 -24 25 -13 28 -28 -14 -30
right_child=10 5 3 4 -6 6 8 -9 9 13 11 24 26 -15 15 -17 -18 18 19 -21 -22 22 23 -25 -26 -27 27 -29 29 -31
leaf_value=0.00022241677335334934 0.0041080583195434884 0.0037357933454982501 0.0038820828497409822 -0.0039813646742342303 0.00095564562169944537 -0.0015271506108994403 0.0018789222220968926 -0.008146291553974153 -0.0048276971398215551 -0.003934710871141691 -0.0052384311187779536 -0.0058000251356708377 -0.00010219192838525891 -0.0028287458685325819 -0.0004371244470561356 0.0015122934631941901 -0.00044336896849456002 0.0021997565592650373 -0.0009776008849342664 0.0016030860488006676 -0.0076452718178431191 0.0020814004043738046 -0.0073264544317498802 -0.001718803098381952 4.8093572129946407e-05 0.0011347218868987901 0.0062010892722755675 0.00059620219615584991 -0.0075896527400861162 0.00011018519647992574
leaf_weight=1134 30 17 13.999999999999998 56 17 83 71 9.9999999999999982 19 26 15.999999999999998 19 288 47 237 182 2108 166 30 44 11.999999999999998 24 15.999999999999998 43 1489 13.999999999999998 9.9999999999999982 1478 12.000000000000002 12.999999999999998
leaf_count=1134 30 17 14 56 17 83 71 10 19 26 16 19 288 47 237 182 2108 166 30 44 12 24 16 43 1489 14 10 1478 12 13
internal_value=1.66796e-06 -0.000190074 0.000175646 -0.00175128 -0.00283165 -0.00039331 -0.000418532 -0.00223889 -0.000355598 -0.000416175 0.000249584 -6.92574e-05 0.000517403 -0.000383937 -0.000338929 0.000409639 -0.000485906 0.000289766 0.00124851 -0.000587622 -0.00288265 9.12427e-05 -0.00170094 -0.00323952 -1.49166e-05 -0.00285801 0.000457592 0.000633869 -0.00038043 -0.00358574
internal_weight=7725 4356 1556 87 73 2800 2783 93 2690 2619 3369 1538 1831 2600 2553 419 2134 1469 252 86 42 1217 83 59 1522 33 1801 1488 313 25
internal_count=7725 4356 1556 87 73 2800 2783 93 2690 2619 3369 1538 1831 2600 2553 419 2134 1469 252 86 42 1217 83 59 1522 33 1801 1488 313 25
is_linear=0
shrinkage=0.02


Tree=57
num_leaves=31
num_cat=0
split_feature=6 12 9 3 2 9 3 0 2 12 8 12 12 2 0 12 2 9 9 9 2 9 12 10 3 7 10 0 0 7
split_gain=0.881681 0.836217 1.15876 1.03289 0.766493 0.682463 0.960135 0.678362 0.558106 0.52252 0.534074 0.597066 0.549034 0.605923 0.568026 0.82869 1.58296 0.626139 0.605839 0.521667 0.516146 0.514858 0.532969 0.505744 0.493017 0.663974 0.475238 0.786671 1.16076 0.831687
threshold=-0.072374285433961252 4.2500000000000009 0.35428247618309322 -0.28272729004472674 -0.33874901709536731 0.35607447828629502 -0.029848874152252038 -0.044230709885998996 -0.16478797396466408 16.750000000000004 -0.087721818036643071 -9.7499999999999982 -10.749999999999998 -0.039955688205437413 0.020125982603756507 -4.2499999999999991 -0.52260812857935635 0.45018712260756583 0.89911260218982425 1.0000000180025095e-35 0.0035604755698034423 0.33457739338276166 7.2500000000000009 11.500000000000002 0.016955947256932544 0.29781691698316554 14.500000000000002 -0.12693159488831526 -0.2302965092303125 -0.021663642560495199
decision_type=2 10 8 8 10 10 8 8 10 10 2 10 8 10 8 10 10 10 10 8 10 10 8 2 10 2 2 8 10 2
left_child=1 19 21 4 -4 6 8 -8 -5 10 12 -12 13 -2 18 16 -16 -17 23 -1 -7 -3 -23 -14 -19 -26 -21 28 -28 -30
right_child=9 2 3 5 -6 20 7 -9 -10 -11 11 -13 14 -15 15 17 -18 24 -20 26 -22 22 -24 -25 25 -27 27 -29 29 -31
leaf_value=-0.0040562718634804089 0.00044598777185786838 0.0011059356627501841 -0.00065094035372815346 -0.0012310550672312575 -0.0061348200613926896 -0.00019156446050666961 -0.0020522189194646977 0.0012014802426777104 -0.0069368591759121044 -0.0039213770170075197 -0.00060354743143387643 0.000515097216591657 -0.00092768852304878579 -0.0058266238522316728 0.008694686885350026 -0.00062513589274007172 0.0011035927131929448 0.00027284322114770908 0.0041610477119684219 -0.0002588589944377826 0.0010764966443224933 0.0060647793052097171 0.00075038202536793829 0.0005293160427547991 0.0047721503602547776 -0.0012607253715395928 0.0016207879612391647 -0.00065445803098191399 -0.0021622587678333124 -0.0092263370578487703
leaf_weight=14.999999999999998 11.000000000000002 254 22 12.000000000000002 19 271 48 55 15.999999999999998 11.999999999999998 209 2198 401 13.999999999999998 12.999999999999998 199 71 68 10.999999999999998 3171 244 18 13.000000000000002 125 27 9.9999999999999982 10.999999999999998 160 12 15
leaf_count=15 11 254 22 12 19 271 48 55 16 12 209 2198 401 14 13 199 71 68 11 3171 244 18 13 125 27 10 11 160 12 15
internal_value=1.6346e-06 -0.000186272 0.000330772 -0.000114001 -0.00319225 8.1368e-05 -0.00120754 -0.000314807 -0.00449151 0.000244592 0.000259484 0.000417965 -0.000142059 -0.00306667 -6.30151e-05 0.000520047 0.0022784 3.41845e-05 -0.000484296 -0.000334785 0.000409226 0.00140291 0.00383616 -0.000581442 0.00128375 0.00314164 -0.000318216 -0.00126882 -0.00385562 -0.00608675
internal_weight=7725 4356 972 687 41 646 131 103 28 3369 3357 2407 950 25 925 388 84 304 537 3384 515 285 31 526 105 37 3369 198 38 27
internal_count=7725 4356 972 687 41 646 131 103 28 3369 3357 2407 950 25 925 388 84 304 537 3384 515 285 31 526 105 37 3369 198 38 27
is_linear=0
shrinkage=0.02


Tree=58
num_leaves=31
num_cat=0
split_feature=13 0 13 13 6 3 9 3 13 1 6 6 5 6 9 7 7 13 3 13 9 9 7 3 0 1 0 7 9 6
split_gain=1.62162 0.581329 1.20302 1.07752 0.648443 0.665486 0.711231 1.45265 0.709357 0.685073 0.609918 0.589416 0.526353 0.524965 0.772114 0.900455 0.525504 0.522574 0.512084 0.987703 0.715373 0.671339 1.01235 0.81099 0.588772 0.55422 0.492757 0.564043 0.998136 0.476919
threshold=26.125000000000004 -0.07015379371032518 13.875000000000002 25.875000000000004 -0.18396570176221927 -0.45538830604654157 0.57392175971711723 -0.23413215443213467 20.375000000000004 -0.038138364617572522 -0.39774993923201696 -0.23379602538542651 3.5000000000000004 -0.2654392204873765 0.064370143297476673 0.16736404460988388 0.082956906932564287 14.625000000000002 0.34119180952207551 22.875000000000004 0.091663393926248671 0.038063719696372768 0.19493734351623937 -0.68946956253791558 0.25254721019327692 -0.036965421321996594 0.15775849774515707 0.076573955830242277 0.47252412639325003 -0.24442219053752107
decision_type=10 8 8 10 2 10 10 10 8 2 2 2 2 2 10 2 2 10 10 10 8 8 2 8 10 2 10 2 10 2
left_child=1 3 -3 13 5 8 10 -8 11 -10 -7 -4 -5 14 -1 16 -16 -12 21 20 -20 22 25 -23 26 -6 -25 -28 -29 -15
right_child=-2 2 4 12 18 6 7 -9 9 -11 17 -13 -14 29 15 -17 -18 -19 19 -21 -22 23 -24 24 -26 -27 27 28 -30 -31
leaf_value=0.001791506938538269 0.0006028780142830558 -0.0058611970075539178 -0.0022623314278630105 -0.0070165755759392448 0.0013860221711608273 0.0050041180141270156 -0.0075033698956082978 -0.00084041264120127959 -0.0041143442514455977 0.00073619890167857672 0.0032565965581881373 -0.0085527381842786625 -0.001706447380129248 0.0017915690906865653 -0.0026694933748712731 0.0025758064639839259 -0.0070439640006848747 -0.00013241785898032875 -0.0048054278709671718 0.0035224665447558257 0.00072890725963178178 0.0029452039026655261 -0.0069903783987347902 7.7717132873446541e-05 -0.0023314887299202385 -0.0032564968967603307 0.0037689386112915893 -0.0040668548471652537 0.004118971549482508 -0.00033978483748004851
leaf_weight=19 1456 13.999999999999998 13.000000000000002 14.000000000000002 23.999999999999996 9.9999999999999982 13.999999999999998 201 18 33 19 10.999999999999998 15.999999999999998 43 51 10.999999999999998 13.999999999999998 432 10.999999999999998 51 62 40 12.999999999999998 3226 40 18.000000000000004 31 13.000000000000002 10.999999999999998 1796
leaf_count=19 1456 14 13 14 24 10 14 201 18 33 19 11 16 43 51 11 14 432 11 51 62 40 13 3226 40 18 31 13 11 1796
internal_value=1.60191e-06 -0.000138047 -7.96218e-06 -0.000423187 1.11348e-05 -0.000522653 -0.000324346 -0.00127428 -0.00231005 -0.000975758 0.000118681 -0.00514543 -0.00418451 -0.000364841 -0.0018146 -0.00271613 -0.00361169 1.03566e-05 0.000124376 0.00138692 -0.000105034 7.85461e-05 -0.00211322 0.000114413 8.0317e-05 -0.000603629 0.00010972 0.00198685 -0.000315018 -0.000289949
internal_weight=7725 6269 4305 1964 4291 751 676 215 75 51 461 24 30 1934 95 76 65 451 3540 124 73 3416 55 3361 3321 42 3281 55 24 1839
internal_count=7725 6269 4305 1964 4291 751 676 215 75 51 461 24 30 1934 95 76 65 451 3540 124 73 3416 55 3361 3321 42 3281 55 24 1839
is_linear=0
shrinkage=0.02


Tree=59
num_leaves=31
num_cat=0
split_feature=13 0 13 13 6 3 9 3 13 0 12 6 5 6 9 7 7 3 13 10 9 9 7 3 0 12 0 7 9 7
split_gain=1.55741 0.558309 1.15539 1.03485 0.622765 0.639132 0.683066 1.39512 0.681267 0.611797 0.60031 0.566076 0.505509 0.504177 0.741538 0.864797 0.504694 0.491806 0.94859 0.701652 0.754491 0.644754 0.972259 0.778875 0.565457 0.49941 0.473243 0.541707 0.95861 0.471204
threshold=26.125000000000004 -0.07015379371032518 13.875000000000002 25.875000000000004 -0.18396570176221927 -0.45538830604654157 0.57392175971711723 -0.23413215443213467 20.375000000000004 -0.050291018562556362 -7.7499999999999991 -0.23379602538542651 3.5000000000000004 -0.2654392204873765 0.064370143297476673 0.16736404460988388 0.082956906932564287 0.34119180952207551 22.875000000000004 9.5000000000000018 0.27005656568039765 0.038063719696372768 0.19493734351623937 -0.68946956253791558 0.25254721019327692 -2.7499999999999996 0.15775849774515707 0.076573955830242277 0.47252412639325003 -0.34159757172536781
decision_type=10 8 8 10 2 10 10 10 8 10 10 2 2 2 10 2 2 10 10 2 8 8 2 8 10 10 10 2 10 2
left_child=1 3 -3 13 5 8 10 -8 11 -10 -7 -4 -5 14 -1 16 -16 21 19 -19 -21 22 25 -23 26 -6 -25 -28 -29 -15
right_child=-2 2 4 12 17 6 7 -9 9 -11 -12 -13 -14 29 15 -17 -18 18 -20 20 -22 23 -24 24 -26 -27 27 28 -30 -31
leaf_value=0.0017556767592108564 0.00059082045964015172 -0.0057439732870885312 -0.002217084751822627 -0.0068762441485055838 0.0014878420836546206 0.0019644365858927856 -0.0073533024592325096 -0.00082360438635313321 -0.0037990459799766541 0.00073167242575436834 -0.00016553218526823912 -0.0083816832981326358 -0.0016723184124566616 0.00078239602011499776 -0.0026161034955579205 0.0025242903269827367 -0.0069030846761805676 0.0012693288207662348 0.0034520172208602376 -0.0071004393249750114 9.2369605886882965e-05 0.002886299777776003 -0.0068505708987896263 7.6162790980103837e-05 -0.0022848589112982156 -0.0028788943924009801 0.0036935598909434292 -0.0039855178042601499 0.0040365921181033963 -0.00038024656801516717
leaf_weight=19 1456 13.999999999999998 13.000000000000002 14.000000000000002 22 61 13.999999999999998 201 19 32 400 10.999999999999998 15.999999999999998 152 51 10.999999999999998 13.999999999999998 49 51 10.000000000000002 13.999999999999998 40 12.999999999999998 3226 40 20 31 13.000000000000002 10.999999999999998 1687
leaf_count=19 1456 14 13 14 22 61 14 201 19 32 400 11 16 152 51 11 14 49 51 10 14 40 13 3226 40 20 31 13 11 1687
internal_value=1.56987e-06 -0.000135286 -7.80293e-06 -0.000414723 1.09121e-05 -0.0005122 -0.000317859 -0.00124879 -0.00226385 -0.000956242 0.000116308 -0.00504253 -0.00410082 -0.000357545 -0.00177831 -0.00266181 -0.00353945 0.000121889 0.00135918 -0.000102933 -0.00290463 7.69752e-05 -0.00207096 0.000112124 7.87106e-05 -0.000591556 0.000107526 0.00194711 -0.000308717 -0.00028415
internal_weight=7725 6269 4305 1964 4291 751 676 215 75 51 461 24 30 1934 95 76 65 3540 124 73 24 3416 55 3361 3321 42 3281 55 24 1839
internal_count=7725 6269 4305 1964 4291 751 676 215 75 51 461 24 30 1934 95 76 65 3540 124 73 24 3416 55 3361 3321 42 3281 55 24 1839
is_linear=0
shrinkage=0.02


Tree=60
num_leaves=31
num_cat=0
split_feature=13 1 2 6 9 9 9 2 2 7 6 3 13 2 11 13 0 9 9 13 3 7 8 0 9 0 8 0 9 13
split_gain=1.122 0.920914 0.828139 0.741134 1.22406 0.864015 0.72046 0.708962 0.701268 0.836293 0.974709 0.93895 0.815153 0.917847 0.830257 0.794104 0.889737 0.663855 1.45977 0.655563 0.739541 1.12252 0.65089 0.929561 0.769298 0.625816 0.621405 0.59575 0.59454 0.729874
threshold=18.125000000000004 -0.055973083354450746 -1.0937609901459595 0.038442708080377218 0.27005656568039765 0.24022649023140277 0.013710445232831358 0.20536312534761123 -0.11237837166996718 0.27006420446858243 -0.036043487697937242 0.089930789898383115 19.875000000000004 0.2122770642688889 1.0000000180025095e-35 20.375000000000004 -0.093333491322683468 0.55238019923118542 0.56427530541085757 26.875000000000004 -0.17608021489743636 -0.055051838563067126 -0.058410693492658886 -0.11394788157036141 0.26739758334932434 -0.34494049860573955 -1.4212400498503064 0.032208098911656262 0.056698655669797322 24.875000000000004
decision_type=8 2 8 2 10 10 8 10 8 2 2 10 8 10 2 8 8 10 10 10 10 2 2 8 10 10 2 8 8 10
left_child=-1 2 -2 8 5 -5 -3 -6 28 12 -11 -12 13 22 15 16 -14 -17 -19 26 21 -21 23 24 -10 -13 -8 -22 29 -4
right_child=1 6 3 4 7 -7 19 -9 9 10 11 25 14 -15 -16 17 -18 18 -20 20 27 -23 -24 -25 -26 -27 -28 -29 -30 -31
leaf_value=-0.00083578113432783386 0.0046269146885190692 -0.0029618954106367065 0.0036595482483506203 0.001672914619226695 -0.00068595102802366734 0.0068380237695916252 0.002679658055942702 0.0045674557719559581 -0.0091287821932480862 0.0019200329171125865 0.0024671986966859549 -0.0066286680373278534 0.00015099029574129318 -0.0062404036571582153 -0.00094716861515855752 0.00039692257679922765 0.0054434616685224077 -0.0064814987340394191 -0.00039760943767444562 -0.0023249019458611957 0.00060130067163293192 0.00092153024981116768 -0.00024553768072372017 -0.00059218414533402655 -0.0019423249770294537 -0.0012272258088565789 0.00010668087149848704 0.0019970039282624511 -0.00081530968676812626 -0.0027336477376520636
leaf_weight=656 14 28 25 95 156 14.999999999999998 38 10.999999999999998 13.000000000000002 157 23 10.999999999999998 27 14.999999999999998 332 673 24 17 219 67 274 117 118 31 10.999999999999998 39 3142 221 1089 9.9999999999999982
leaf_count=656 14 28 25 95 156 15 38 11 13 157 23 11 27 15 332 673 24 17 219 67 274 117 118 31 11 39 3142 221 1089 10
internal_value=-4.48215e-05 2.91759e-05 -0.000226448 -0.000248289 0.000739101 0.00237725 0.000234687 -0.000339918 -0.000344798 -8.9729e-05 0.00103223 -0.000877145 -0.000264088 -0.00149456 -8.50412e-05 0.000213111 0.00264157 7.68613e-05 -0.000835856 0.000257881 0.00082201 -0.000260595 -0.00108307 -0.00287995 -0.00583499 -0.00241554 0.000137427 0.00122443 -0.000732847 0.00183292
internal_weight=7668 7012 3125 3111 277 110 3887 167 2834 1710 230 73 1480 188 1292 960 51 909 236 3859 679 184 173 55 24 50 3180 495 1124 35
internal_count=7668 7012 3125 3111 277 110 3887 167 2834 1710 230 73 1480 188 1292 960 51 909 236 3859 679 184 173 55 24 50 3180 495 1124 35
is_linear=0
shrinkage=0.02


Tree=61
num_leaves=31
num_cat=0
split_feature=0 12 7 2 10 5 12 3 8 7 12 8 8 5 3 8 8 8 0 8 7 0 12 5 2 6 0 10 6 5
split_gain=0.958468 0.852562 0.819473 0.815039 0.994677 0.646906 0.599489 0.564918 0.53589 0.530206 0.902313 0.795865 0.793625 0.914031 0.751501 0.828875 0.904082 0.665817 0.58488 0.541967 0.693733 0.88628 0.529225 0.533796 0.738846 0.52509 0.56384 0.600914 0.559577 0.900897
threshold=-0.055696796856683557 -16.249999999999996 0.21347222074737399 -0.37771237319134249 6.5000000000000009 1.5000000000000002 -11.749999999999998 -0.088106055001490755 0.54010142862230337 0.053943422080031188 6.7500000000000009 -1.4212400498503064 -0.79942318876607854 2.5000000000000004 0.18235955080298705 -0.57318660039935987 -0.3422628765021683 -0.002370365887733377 0.02501033894478601 1.0000000180025095e-35 -0.12580234237320095 0.12999339467635945 -7.7499999999999991 3.5000000000000004 -0.21559552138447771 0.035691473627180677 -0.10282555381508772 13.500000000000002 0.024546802624047081 3.5000000000000004
decision_type=8 8 2 8 2 2 8 10 2 2 10 2 2 2 10 2 2 2 10 2 2 10 8 2 8 2 10 2 2 2
left_child=2 -2 6 4 -4 -3 7 -1 -9 10 17 -11 13 -13 15 18 -17 -7 -12 -18 -21 -22 23 24 -14 28 -27 -28 -8 -30
right_child=1 5 3 -5 -6 9 25 8 -10 11 14 12 22 -15 -16 16 19 -19 -20 20 21 -23 -24 -25 -26 26 27 -29 29 -31
leaf_value=-8.6407084017992014e-06 -0.0048089074024132324 0.00056796428234110656 0.0006080810621380806 0.00057401096448764233 -0.0051550403227219764 -0.00083496319610113672 -0.00051952796463254744 -0.0024579650357365612 -0.0077552439103072334 0.0048738244126240414 0.0062507895566523064 -0.0071742795272306962 0.0017702330537140371 -0.00084908363840508253 0.0036841820809058847 -0.0036581239772393655 0.0014172357932243141 -6.5856115429555455e-05 0.00025993292981928043 0.00095964020765993904 -0.00084484862035834319 -0.0071042065457864248 0.00042571279706520786 0.0002324829021866511 -0.0045341164162703632 -0.00024265872681728348 0.00116457749158144 0.0062136688890556489 0.00061828644547079297 -0.0061463148651334145
leaf_weight=22 13.999999999999998 1075 25 504 23 716 1871 25 10.999999999999998 14.999999999999998 16.000000000000004 10.999999999999998 9.9999999999999982 54 32 23 126 1213 10.999999999999998 69 51 10.999999999999998 1471 48 29 104 44 11.999999999999998 13.999999999999998 18
leaf_count=22 14 1075 25 504 23 716 1871 25 11 15 16 11 10 54 32 23 126 1213 11 69 51 11 1471 48 29 104 44 12 14 18
internal_value=-4.39251e-05 0.000119647 -0.00034959 0.000336844 -0.00215341 0.0001335 -0.000528238 -0.00253357 -0.00407658 1.39274e-05 -0.000184098 0.000288117 0.000245735 -0.0019195 0.000767499 0.00046348 0.000140773 -0.000351331 0.00381007 0.000480752 -0.000419988 -0.00195538 0.000336069 -0.00117963 -0.00291762 -0.000471859 0.000628556 0.00224653 -0.00056438 -0.0031868
internal_weight=7668 4995 2673 552 48 4981 2121 58 36 3906 2268 1638 1623 65 339 307 280 1929 27 257 131 62 1558 87 39 2063 160 56 1903 32
internal_count=7668 4995 2673 552 48 4981 2121 58 36 3906 2268 1638 1623 65 339 307 280 1929 27 257 131 62 1558 87 39 2063 160 56 1903 32
is_linear=0
shrinkage=0.02


Tree=62
num_leaves=31
num_cat=0
split_feature=13 1 2 6 9 9 9 2 2 9 3 10 9 6 9 13 3 3 9 6 12 13 3 3 9 13 0 9 1 9
split_gain=1.05291 0.855372 0.800365 0.697056 1.17478 0.826435 0.690533 0.6814 0.67066 0.774158 0.752827 0.734579 0.920575 0.971274 0.830497 0.790752 0.630221 0.792023 0.772947 0.762095 0.677714 0.61932 0.704986 0.756148 1.14197 0.579343 0.571106 0.578243 0.877869 0.599921
threshold=18.125000000000004 -0.055973083354450746 -1.0937609901459595 0.038442708080377218 0.27005656568039765 0.24022649023140277 0.013710445232831358 0.15793560448327282 -0.11237837166996718 0.12811767269347149 0.18853860328647917 2.5000000000000004 0.34001074351891963 -0.2822259610903306 0.31001700425190565 28.875000000000004 0.10508318080178194 0.22030291883887868 0.34977367829438427 -0.039328663892501441 3.2500000000000004 26.875000000000004 -0.17608021489743636 -0.21581732008053495 0.35607447828629502 29.875000000000004 0.032208098911656262 0.32986054995488961 -0.037942161602968164 0.67685608839833622
decision_type=8 2 8 2 10 10 8 10 8 8 10 2 10 2 10 8 8 8 10 2 8 10 10 10 8 10 8 8 2 10
left_child=-1 2 -2 8 5 -5 -3 -6 -4 10 -10 16 13 -13 15 -15 19 18 -18 20 -11 -8 23 -23 -25 -14 -24 28 -28 -29
right_child=1 6 3 4 7 -7 21 -9 9 11 -12 12 25 14 -16 -17 17 -19 -20 -21 -22 22 26 24 -26 -27 27 29 -30 -31
leaf_value=-0.00080926736752877425 0.004553559614079339 -0.0029027894718040314 -0.00071227594308063773 0.001634371539381774 -0.00070987245739232026 0.0066859056185930967 0.00013232964290254353 0.0040583579829679087 -0.00028363299474381566 -0.0018111844622199574 -0.0037887781994893799 -0.0035850576911535528 -6.6238031238595883e-05 0.00057865306241724796 0.0035550261896980162 0.003907230954012653 -0.0076832425279112961 -0.0006985693726805853 -0.0018446697468558948 0.0052302110567688945 0.0032571043446660043 0.00029528226725561847 0.00058052090088700676 -0.0086939705088734595 -0.00034412206591744173 -0.0032896499141402869 0.0041032082190116245 0.0030795346874325281 -0.0016797528455832177 7.7756052328781654e-05
leaf_weight=656 14 28 1124 95 154 14.999999999999998 3180 12.999999999999998 57 31 43 18 736 361 51 31 12.999999999999998 286 30 13.999999999999998 15.999999999999998 155 274 10.000000000000002 19 23 14.999999999999998 138 35 33
leaf_count=656 14 28 1124 95 154 15 3180 13 57 31 43 18 736 361 51 31 13 286 30 14 16 155 274 10 19 23 15 138 35 33
internal_value=-4.30466e-05 2.86364e-05 -0.000217723 -0.000239194 0.000718383 0.00232322 0.0002267 -0.000338693 -0.00033279 -8.33495e-05 -0.00179085 2.27061e-05 0.000264246 0.000969183 0.00115423 0.000841882 -0.00073288 -0.00107907 -0.00360982 0.00113426 -8.58095e-05 0.000249407 0.00079772 -0.00025929 -0.00322338 -0.000163917 0.00119063 0.00194705 5.51355e-05 0.00250024
internal_weight=7668 7012 3125 3111 277 110 3887 167 2834 1710 100 1610 1220 461 443 392 390 329 43 61 47 3859 679 184 29 759 495 221 50 171
internal_count=7668 7012 3125 3111 277 110 3887 167 2834 1710 100 1610 1220 461 443 392 390 329 43 61 47 3859 679 184 29 759 495 221 50 171
is_linear=0
shrinkage=0.02


Tree=63
num_leaves=31
num_cat=0
split_feature=13 1 9 6 9 9 1 13 3 7 7 3 3 13 8 6 10 7 12 9 9 1 13 8 13 3 6 6 13 9
split_gain=1.01122 0.821499 0.663188 0.639488 1.12826 0.814483 0.748829 0.594795 0.677068 1.07414 0.590279 0.702958 0.656425 0.925058 0.706458 0.682052 0.628822 0.8602 0.732771 0.664056 0.637634 0.625546 0.584764 0.582671 0.580586 0.573958 0.565049 0.680176 0.631217 0.751092
threshold=18.125000000000004 -0.055973083354450746 0.013710445232831358 0.038442708080377218 0.27005656568039765 0.20519674134758331 -0.071979992970248527 26.875000000000004 -0.17608021489743636 -0.055051838563067126 -0.046502914888530096 -0.053250481854771839 0.080472934036676408 19.875000000000004 -0.035802115373392597 -0.036043487697937242 11.500000000000002 -0.12176788194243691 -4.2499999999999991 0.48401500776790013 0.41855810179294589 -0.074742917498951997 27.875000000000004 -1.4212400498503064 23.875000000000004 0.46044283902213323 -0.14869326924387041 -0.092386272696853136 24.125000000000004 0.57646036020701719
decision_type=8 2 8 2 10 8 2 10 10 2 2 10 10 8 2 2 2 2 8 8 8 2 10 2 10 8 2 2 8 8
left_child=-1 3 -3 10 5 -5 24 23 9 -9 11 16 -13 14 -14 26 17 22 -18 21 -20 -19 -2 25 -7 -4 -15 28 29 -28
right_child=1 2 7 4 -6 6 -8 8 -10 -11 -12 12 13 15 -16 -17 18 19 20 -21 -22 -23 -24 -25 -26 -27 27 -29 -30 -31
leaf_value=-0.0007930820181301408 -0.0013000515373867182 -0.0028447338047304324 0.0042612759768962862 0.0003915182447060943 -0.00033191896969463655 0.002765348854785164 -0.00062086314583818119 -0.0022734295447065307 0.0011668161858291238 0.00090226233282134441 -5.7250394124297816e-05 0.000448200013105586 -0.0064649053509621057 0.00016650589232982308 -0.0017204683621336394 0.0014197186931319858 0.0036398236179038096 -0.0032647322811957063 -0.0025370105043984949 -0.0018455924848967697 0.00095197430039909456 -0.0081908731162548074 0.0023639152865660819 9.9910447281228206e-05 0.0071645364848275982 -0.0010266413496962438 -0.0057705149571928719 -0.00023735081088071798 -0.00060479035188577 -0.0010111041792801448
leaf_weight=656 210 28 26 50 167 24 11.999999999999998 67 495 117 1650 304 17 142 48 69 19 29 40 64 44 15.999999999999998 19 3142 24 11.999999999999998 36 85 35 21
leaf_count=656 210 28 26 50 167 24 12 67 495 117 1650 304 17 142 48 69 19 29 40 64 44 16 19 3142 24 12 36 85 35 21
internal_value=-4.21856e-05 2.80637e-05 0.000222166 -0.000213368 0.000704016 0.00227675 0.00384778 0.000244419 0.000781766 -0.000254104 -0.000302594 -0.000640505 -0.00027073 -0.000753191 -0.00296132 -0.000383273 -0.00127524 -0.00169215 9.28456e-05 -0.00315458 -0.000709447 -0.00501625 -0.000996054 0.000129683 0.00496494 0.00259141 -0.000773261 -0.0015272 -0.00271891 -0.00401705
internal_weight=7668 7012 3887 3125 277 110 60 3859 679 184 2848 1198 757 453 65 388 441 338 103 109 84 45 229 3180 48 38 319 177 92 57
internal_count=7668 7012 3887 3125 277 110 60 3859 679 184 2848 1198 757 453 65 388 441 338 103 109 84 45 229 3180 48 38 319 177 92 57
is_linear=0
shrinkage=0.02


Tree=64
num_leaves=31
num_cat=0
split_feature=0 12 7 2 7 5 12 3 8 12 7 12 8 8 2 3 8 8 8 0 8 7 0 12 12 5 2 7 7 12
split_gain=0.863244 0.806839 0.772946 0.782173 0.755903 0.614036 0.563469 0.541604 0.512669 0.497536 0.495495 0.84138 0.746286 0.75929 0.885786 0.7091 0.789971 0.866223 0.640477 0.565338 0.51732 0.659497 0.842307 0.495079 0.490243 0.512006 0.710045 0.506338 0.861465 0.620823
threshold=-0.055696796856683557 -16.249999999999996 0.21347222074737399 -0.37771237319134249 0.26365431219338969 1.5000000000000002 -11.749999999999998 -0.088106055001490755 0.54010142862230337 -11.249999999999998 0.053943422080031188 6.7500000000000009 -1.4212400498503064 -0.79942318876607854 -0.26031646514743728 0.18235955080298705 -0.57318660039935987 -0.3422628765021683 -0.002370365887733377 0.02501033894478601 1.0000000180025095e-35 -0.12580234237320095 0.12999339467635945 14.250000000000002 -7.7499999999999991 3.5000000000000004 -0.21559552138447771 0.40200196726461107 0.4268958135694525 -4.2499999999999991
decision_type=8 8 2 8 2 2 8 10 2 8 2 10 2 2 8 10 2 2 2 10 2 2 10 10 8 2 8 2 2 8
left_child=2 -2 6 4 -4 9 7 -1 -9 -3 11 18 -12 14 -14 16 19 -18 -7 -13 -19 -22 -23 -11 25 26 -15 -26 -29 -30
right_child=1 5 3 -5 -6 10 -8 8 -10 23 12 15 13 24 -16 -17 17 20 -20 -21 21 22 -24 -25 27 -27 -28 28 29 -31
leaf_value=2.3194636980240996e-05 -0.0046806822397879198 -0.003195038451147931 0.0027882423736155034 0.00056757258440253311 -0.0033918058494792173 -0.00081638747998077541 -0.00045026938579263281 -0.0023767587959766389 -0.0075579939782619478 0.00064819317988450229 0.0047165117313464483 0.0061097332485951471 -0.0073584279567003256 0.0017578715942800044 -0.00088745105960829696 0.0035715514840558172 -0.0035905220149003944 0.0013757107498508598 -6.2058482789192638e-05 0.00021981243213469335 0.00092590360666044817 -0.0008336467838243526 -0.0069357498057863931 -0.003278914632705542 0.00057743495464530707 0.00024743675094214269 -0.0044223797173391834 -0.0026472125471466118 0.0031495739318430421 -0.00022464998740408766
leaf_weight=22 13.999999999999998 13.999999999999998 9.9999999999999982 504 38 716 2063 25 10.999999999999998 1048 14.999999999999998 16.000000000000004 9.9999999999999982 9.9999999999999982 55 32 23 126 1213 10.999999999999998 69 51 10.999999999999998 12.999999999999998 1221 48 29 54 25 171
leaf_count=22 14 14 10 504 38 716 2063 25 11 1048 15 16 10 10 55 32 23 126 1213 11 69 51 11 13 1221 48 29 54 25 171
internal_value=-4.13419e-05 0.000113892 -0.000331426 0.000335236 -0.0021043 0.000127368 -0.000504928 -0.00244908 -0.00395991 0.000550651 1.08734e-05 -0.000180561 0.000275936 0.000234895 -0.00188299 0.000738345 0.000443027 0.000127985 -0.000342048 0.00371014 0.000460769 -0.000419251 -0.00191628 0.000600076 0.000323254 -0.00113556 -0.0028377 0.000409533 -0.000410501 0.000205736
internal_weight=7668 4995 2673 552 48 4981 2121 58 36 1075 3906 2268 1638 1623 65 339 307 280 1929 27 257 131 62 1061 1558 87 39 1471 250 196
internal_count=7668 4995 2673 552 48 4981 2121 58 36 1075 3906 2268 1638 1623 65 339 307 280 1929 27 257 131 62 1061 1558 87 39 1471 250 196
is_linear=0
shrinkage=0.02


Tree=65
num_leaves=31
num_cat=0
split_feature=13 6 1 3 3 9 6 6 8 5 6 9 12 3 6 7 8 12 7 3 3 12 12 13 13 9 9 13 5 1
split_gain=1.25139 0.834384 0.71695 0.902752 0.75328 0.86451 1.36199 0.827821 0.788521 0.978732 0.828031 0.721922 0.591441 0.608987 0.572323 1.12921 0.989632 0.850911 0.87721 0.821095 0.790994 0.724971 0.692306 0.946382 0.92492 0.887515 0.71605 0.690313 0.689393 0.866639
threshold=24.875000000000004 -0.076273900009042286 -0.34200506038677636 -0.055120421870847612 0.22978397556238364 0.091663393926248671 -0.07500431306611216 -0.39774993923201696 0.39062561083802577 3.5000000000000004 -0.17975734757157077 0.59352566240085403 -1.2499999999999998 0.1930436033306672 -0.15531691226113928 0.14538498182933904 -0.79942318876607854 -6.7499999999999991 0.017331094619923718 0.1566762032190871 -0.32107311522466603 -3.2499999999999996 -5.2499999999999991 17.875000000000004 17.375000000000004 0.17554784362829282 0.19748321061847282 20.125000000000004 3.5000000000000004 -0.036617237752999833
decision_type=10 2 2 10 10 8 2 2 2 2 2 10 10 10 2 2 2 10 2 10 8 10 10 10 10 8 8 8 2 2
left_child=2 12 3 -1 7 6 -6 -4 9 -7 -11 -10 13 -2 15 16 17 -9 -19 20 27 28 23 24 -16 -25 -27 -17 -18 -30
right_child=1 -3 4 -5 5 8 -8 14 11 10 -12 -13 -14 -15 22 19 21 18 -20 -21 -22 -23 -24 25 -26 26 -28 -29 29 -31
leaf_value=-0.0063359687527020769 0.001059081077623039 0.00079159996372500489 0.004679418278059789 -0.001014160590903724 0.0019909862416485945 0.0021058714657658383 -0.0061690468837817519 0.00086694807807604474 -0.0012128962800520789 -0.0041212596454554135 0.00057776367053803473 0.0044483886659145355 -7.6693332171785513e-05 0.0063965139319188888 0.0001012826258491684 0.00019795147329568859 -0.0019064883939156237 -0.0032033522196702269 -0.0098608416691422472 0.0046686945834921471 -3.1363010573429316e-05 -0.00013611159338715976 -0.00024449988318634721 0.0039433514523423384 -0.0022250816762083912 -0.0043488454141400084 0.00080496777684157085 0.0074584502828392123 -0.0013085448391391091 0.0013250096043951711
leaf_weight=14.999999999999998 59 1184 13.999999999999998 85 14.999999999999998 228 18 14.999999999999998 91 18 90 9.9999999999999982 1091 9.9999999999999982 411 10.000000000000002 274 38 9.9999999999999982 18 265 465 2446 36 82 10.999999999999998 547 10.999999999999998 146 76
leaf_count=15 59 1184 14 85 15 228 18 15 91 18 90 10 1091 10 411 10 274 38 10 18 265 465 2446 36 82 11 547 11 146 76
internal_value=3.1731e-05 0.000418103 -0.000134597 -0.00181243 -0.000103206 0.000661462 -0.00245994 -0.000176928 0.000897174 0.00136296 -0.000205407 -0.000652373 3.6878e-05 0.00183262 -0.000190915 -0.00054488 -0.000862645 -0.00329098 -0.00459033 0.000525486 0.000264725 -0.000703451 -5.78646e-05 0.000362108 -0.000285658 0.000899732 0.000703369 0.00400107 -0.00123533 -0.000406968
internal_weight=7789 2344 5445 100 5345 470 33 4875 437 336 108 101 1160 69 4861 1328 1024 63 48 304 286 961 3533 1087 493 594 558 21 496 222
internal_count=7789 2344 5445 100 5345 470 33 4875 437 336 108 101 1160 69 4861 1328 1024 63 48 304 286 961 3533 1087 493 594 558 21 496 222
is_linear=0
shrinkage=0.02


Tree=66
num_leaves=31
num_cat=0
split_feature=13 6 1 3 3 9 6 6 8 5 6 9 3 9 7 0 6 5 3 7 1 0 10 13 9 13 3 0 3 5
split_gain=1.20183 0.801343 0.688558 0.867003 0.723451 0.830275 1.30805 0.795039 0.757295 0.939974 0.795241 0.693334 0.558762 0.558187 0.557483 0.844165 0.898996 1.02733 1.42715 1.15001 1.02235 0.971771 1.17639 1.08492 0.952328 0.838389 0.830683 0.960075 0.80227 0.706879
threshold=24.875000000000004 -0.076273900009042286 -0.34200506038677636 -0.055120421870847612 0.22978397556238364 0.091663393926248671 -0.07500431306611216 -0.39774993923201696 0.39062561083802577 3.5000000000000004 -0.17975734757157077 0.59352566240085403 0.24417053599625563 0.45750254963574066 0.057515878404096138 0.25254721019327692 -0.15531691226113928 1.5000000000000002 0.071390821056062065 -0.34159757172536781 -0.037490956257576181 -0.054691755701359174 10.500000000000002 18.125000000000004 0.33457739338276166 21.625000000000004 -0.34598183465960258 0.12999339467635945 -0.68946956253791558 1.5000000000000002
decision_type=10 2 2 10 10 8 2 2 2 2 2 10 10 8 2 10 2 2 10 2 2 8 2 10 10 8 10 10 8 2
left_child=2 -2 3 -1 7 6 -6 -4 9 -7 -11 13 -12 -10 15 16 26 18 20 -20 21 24 -23 -24 -18 -22 27 29 -16 -9
right_child=1 -3 4 -5 5 8 -8 14 11 10 12 -13 -14 -15 28 -17 17 -19 19 -21 25 22 23 -25 -26 -27 -28 -29 -30 -31
leaf_value=-0.006209249387184779 3.6140443688932934e-05 0.00077576797452648687 0.0045858301142496722 -0.00099387738952303622 0.0019511665279666583 0.0020637540772083431 -0.0060456659562057929 -0.0055310309727986656 -0.00011735975261657469 -0.0040388343969566956 0.0047893873805349525 0.0043594210222363469 -2.1829165966261791e-05 -0.0034789581017986198 0.004531808998435736 -0.003951987771747204 0.00037739763231101363 -0.00033226771304470176 0.0039595710765570405 -0.0027958140408413279 -0.0021799317498516759 0.0016796991001814603 0.0014753702569466371 0.0084668767024413689 0.005749401272584994 0.0011795323719389927 -0.00061171886875104823 0.0032980576902627945 3.5108453381432091e-05 -0.0019760140103541992
leaf_weight=14.999999999999998 1160 1184 13.999999999999998 85 14.999999999999998 228 18 30 62 18 10.999999999999998 9.9999999999999982 79 29 15.999999999999998 26 110 1583 11.999999999999998 63 48 50 12.999999999999998 28 14.999999999999998 78 728 10.999999999999998 1962 88
leaf_count=15 1160 1184 14 85 15 228 18 30 62 18 11 10 79 29 16 26 110 1583 12 63 48 50 13 28 15 78 728 11 1962 88
internal_value=3.10964e-05 0.000409741 -0.000131905 -0.00177618 -0.000101142 0.000648233 -0.00241074 -0.000173389 0.000879231 0.0013357 -0.000201299 -0.000639326 0.000566208 -0.00118864 -0.000187096 -0.000364505 -0.000331857 -9.96212e-05 0.000783543 -0.00171495 0.00133146 0.00216663 0.00373887 0.00625006 0.00102204 -0.000100263 -0.000873831 -0.00235304 7.14822e-05 -0.00287983
internal_weight=7789 2344 5445 100 5345 470 33 4875 437 336 108 101 90 91 4861 2883 2857 2000 417 75 342 216 91 41 125 126 857 129 1978 118
internal_count=7789 2344 5445 100 5345 470 33 4875 437 336 108 101 90 91 4861 2883 2857 2000 417 75 342 216 91 41 125 126 857 129 1978 118
is_linear=0
shrinkage=0.02


Tree=67
num_leaves=31
num_cat=0
split_feature=13 1 3 3 9 1 8 9 9 8 13 7 1 2 2 12 9 3 2 12 3 10 7 2 9 13 12 2 8 8
split_gain=1.15424 0.661291 0.83267 0.694802 0.797396 1.23284 0.727306 0.812031 0.665878 0.621988 0.706949 0.54145 0.816544 0.811213 0.749055 0.88079 0.978666 0.874663 1.47382 0.670191 0.645256 0.63997 0.611586 0.602781 0.675259 0.721462 0.826229 1.00109 0.723133 0.692977
threshold=24.875000000000004 -0.34200506038677636 -0.055120421870847612 0.22978397556238364 0.091663393926248671 -0.052876088808845326 0.39062561083802577 0.12811767269347149 0.59352566240085403 -0.058410693492658886 20.125000000000004 0.057515878404096138 0.25254721019327692 -0.82618518794774987 -0.26031646514743728 -11.749999999999998 0.20519674134758331 -0.25238710069123865 -0.31337709642057693 -13.249999999999998 -0.32879757213631444 7.5000000000000009 0.12670815715516628 0.19889598445887255 0.29737328163250437 23.625000000000004 3.2500000000000004 0.0035604755698034423 0.0066731295806720129 -0.27403088979592871
decision_type=10 2 10 10 8 2 2 10 10 2 10 2 2 8 8 10 10 10 10 8 10 2 2 10 8 10 10 10 2 2
left_child=1 2 -1 11 5 -5 7 -6 -8 -9 -11 12 -3 -13 15 -15 17 20 -19 -16 22 -22 -17 24 25 26 27 29 -27 -21
right_child=-2 3 -4 4 6 -7 8 9 -10 10 -12 13 -14 14 19 16 -18 18 -20 23 21 -23 -24 -25 -26 28 -28 -29 -30 -31
leaf_value=-0.0060850643565257389 0.0004015458855133225 -0.00031257461549467593 -0.00097399983971434485 -0.006112799277419553 0.0033965912186464326 0.001622136840596795 -0.0011648655865900475 -0.0002192545879143672 0.0042722325772047041 -0.00075559511987699404 0.0024493860380135029 0.0050640547791352642 -0.0038729479493430029 0.0027703182093799118 -0.0030946337924494102 0.0014114816148172726 -0.00021876768290692581 -0.010921538397669793 -0.0021351733067560765 0.0049693362719307726 -0.0021511312365016366 0.0037945181131362918 -0.0038860744724626695 -0.0034742860841181352 0.00014532071134687986 0.000927501945859856 -0.0031397169749987752 -0.0017599791341594286 0.0064531058021821087 0.0013387575443326073
leaf_weight=14.999999999999998 2344 2864 85 17 61 15.999999999999998 91 122 9.9999999999999982 36 117 12.999999999999998 26 25 24 10.999999999999998 180 11.999999999999998 21 26 14.000000000000002 14.999999999999998 42 17 1383 18 19 35 20 110
leaf_count=15 2344 2864 85 17 61 16 91 122 10 36 117 13 26 25 24 11 180 12 21 26 14 15 42 17 1383 18 19 35 20 110
internal_value=3.04744e-05 -0.000129267 -0.00174066 -9.91192e-05 0.000635268 -0.00236253 0.000861646 0.00130899 -0.000626539 0.000845919 0.00169527 -0.000169922 -0.000344606 8.44042e-05 5.15769e-05 -0.000834076 -0.00113953 -0.00258073 -0.00533022 0.000223132 -0.00147423 0.000924205 -0.00278658 0.000272042 0.000311575 0.00132004 0.000816906 0.00125653 0.00383571 0.00203284
internal_weight=7789 5445 100 5345 470 33 437 336 101 275 153 4875 2890 1985 1972 320 295 115 33 1652 82 29 53 1628 1611 228 190 171 38 136
internal_count=7789 5445 100 5345 470 33 437 336 101 275 153 4875 2890 1985 1972 320 295 115 33 1652 82 29 53 1628 1611 228 190 171 38 136
is_linear=0
shrinkage=0.02


Tree=68
num_leaves=31
num_cat=0
split_feature=13 6 1 3 6 3 13 12 8 2 10 5 12 12 3 7 1 13 10 1 1 7 12 1 2 2 1 1 3 5
split_gain=1.10853 0.769609 0.635104 0.799696 0.669144 0.682715 0.761233 0.81388 0.726924 0.721631 0.747867 0.837816 0.696107 0.56802 0.584871 0.550356 0.629209 0.950422 1.38987 0.801728 0.703422 0.525814 0.721036 1.46728 0.795408 0.628717 0.687336 0.697317 0.592336 0.764597
threshold=24.875000000000004 -0.076273900009042286 -0.34200506038677636 -0.055120421870847612 -0.39774993923201696 0.22978397556238364 24.375000000000004 2.2500000000000004 0.43168880923561526 0.27361816387913879 13.500000000000002 3.5000000000000004 4.2500000000000009 -1.2499999999999998 0.1930436033306672 -0.43806493159703358 -0.055314143590847985 21.375000000000004 3.5000000000000004 -0.074742917498951997 0.087276030102695593 0.22348958177676545 -5.2499999999999991 0.059480010061427717 -0.65672406024702379 -0.26897538513385677 0.051415083898810776 0.072887977234704734 -0.31369529103731725 1.5000000000000002
decision_type=10 2 2 10 2 10 10 10 2 10 2 2 10 10 10 2 2 10 2 2 2 2 10 2 10 8 2 2 10 2
left_child=2 13 3 -1 -4 21 8 -8 9 10 11 -7 15 14 -2 -11 19 18 -18 -17 -20 -6 23 24 -23 28 -27 -28 29 -24
right_child=1 -3 4 -5 5 6 7 -9 -10 12 -12 -13 -14 -15 -16 16 17 -19 20 -21 -22 22 25 -25 -26 26 27 -29 -30 -31
leaf_value=-0.0059633630116780606 0.0010291457430349064 0.00075222168937855442 0.0038644914329051972 -0.00095451984828447589 -0.0002797766034262935 0.0034067084232067809 0.0082960096579045069 0.0015048495520992825 -0.001239841431727226 0.003104920874039332 -0.0011361233529169114 0.00039688255637884142 0.0049228854775428769 -8.3913185163309294e-05 0.0062598299640230842 -0.00089985442845973856 0.0076863115911300359 -0.0024610611372466746 0.0020226109698414799 -0.0058330502321845617 -0.004473949979990721 0.0046127943929873015 -0.0034896314231788413 0.0060310032523491165 0.00037210849326209014 0.00040528629444524199 -0.0065846319962292914 -0.00090564225814887328 -0.0035523149761586235 0.0019249665613406924
leaf_weight=14.999999999999998 59 1184 17 85 3951 94 9.9999999999999982 24 87 14.999999999999998 32 61 9.9999999999999982 1091 9.9999999999999982 43 12.999999999999998 29 20.000000000000004 19 9.9999999999999982 19 17 22 257 455 9.9999999999999982 64 39 27
leaf_count=15 59 1184 17 85 3951 94 10 24 87 15 32 61 10 1091 10 43 13 29 20 19 10 19 17 22 257 455 10 64 39 27
internal_value=2.9865e-05 0.000393515 -0.000126682 -0.00170585 -9.71368e-05 -0.000109777 0.000620642 0.00350225 0.000394372 0.000805287 0.00164751 0.0022222 -0.000185252 2.73867e-05 0.00178722 -0.00052808 -0.000934759 0.000337 0.00222406 -0.00241164 -0.000142909 -0.000179949 0.000253478 0.00106026 0.00066404 -0.000139366 0.000114552 -0.00167307 -0.00175771 -0.000167037
internal_weight=7789 2344 5445 100 5345 5328 467 34 433 346 187 155 159 1160 69 149 134 72 43 62 30 4861 910 298 276 612 529 74 83 44
internal_count=7789 2344 5445 100 5345 5328 467 34 433 346 187 155 159 1160 69 149 134 72 43 62 30 4861 910 298 276 612 529 74 83 44
is_linear=0
shrinkage=0.02


Tree=69
num_leaves=31
num_cat=0
split_feature=13 1 3 3 9 0 12 8 9 0 9 9 0 9 2 3 2 0 9 0 9 12 3 9 3 8 9 12 3 8
split_gain=1.06464 0.609954 0.768028 0.640181 0.762575 1.20197 1.357 0.669625 0.783306 0.75777 0.647933 0.642194 0.573778 0.539923 1.3168 0.921078 0.643962 1.2769 0.814812 0.651505 0.645941 0.867211 0.842642 0.541847 0.541991 0.537394 0.531955 0.53181 0.530432 0.498304
threshold=24.875000000000004 -0.34200506038677636 -0.055120421870847612 0.22978397556238364 0.091663393926248671 -0.20609592184305245 -3.2499999999999996 0.39062561083802577 0.12811767269347149 -0.093333491322683468 0.36624328790862554 0.59352566240085403 0.096704571486304416 0.08580660835762878 0.097814382474539885 -0.28729716247738807 0.17476839498001581 0.10491167499746484 0.14310810810810815 0.032208098911656262 0.31361332769333705 7.2500000000000009 -0.30639229827445741 0.15131743872504874 -0.4929437433440742 0.019620477647535928 0.45750254963574066 -1.0000000180025095e-35 -0.078461161805348956 0.52843920903904873
decision_type=10 2 10 10 8 10 10 2 10 10 10 10 8 8 10 8 10 10 8 10 10 10 10 8 10 2 8 10 10 2
left_child=1 2 -1 -3 5 6 -5 8 12 -10 -11 26 27 14 15 -2 19 18 -18 25 21 -21 -22 -23 -25 -15 -9 -6 -26 -24
right_child=13 3 -4 4 7 -7 -8 11 9 10 -12 -13 -14 16 -16 -17 17 -19 -20 20 22 23 29 24 28 -27 -28 -29 -30 -31
leaf_value=-0.0058440959155559536 -0.0040177095538991335 -0.00016315653861246598 -0.00093542943955125183 -0.0044541269540786747 0.0066538333023587861 -0.007056249372947675 0.0059650687873363476 -7.9701686458241556e-05 0.0014898693979925287 -0.0029714661737847508 0.00065385874189740538 0.0042140272334218031 0.0011340200224960293 -0.00020114899518384056 -0.0070747218137750256 0.001463701455980878 -0.0037020995244383815 -0.0026453796717604357 0.0021363535525977884 0.0011516145584270514 0.0049142493307590485 0.0023806744311004875 0.0016081037782047184 0.00022695066722329047 -0.0057927220376829316 0.0005457272654487941 -0.0033613583382925598 0.0011642147889360786 -0.00048904795538295379 -0.00066240437784569062
leaf_weight=14.999999999999998 17 4875 85 9.9999999999999982 24 12.999999999999998 10.000000000000002 62 193 33 49 9.9999999999999982 27 876 12.999999999999998 44 9.9999999999999982 28 218 96 27 9.9999999999999982 218 17 23.999999999999996 688 29 9.9999999999999982 11.000000000000002 47
leaf_count=15 17 4875 85 10 24 13 10 62 193 33 49 10 27 876 13 44 10 28 218 96 27 10 218 17 24 688 29 10 11 47
internal_value=2.92677e-05 -0.000124148 -0.00167173 -9.51941e-05 0.000609736 -0.00232187 0.000755471 0.000831116 0.00126035 0.000805547 -0.000805113 -0.000596838 0.0033107 0.000385645 -0.00129553 -6.39049e-05 0.00044045 0.00138529 0.00188028 0.000320351 0.000990963 -3.91453e-05 0.00154835 -0.0018829 -0.00270282 0.0001274 -0.0011255 0.00503924 -0.00412585 0.00120541
internal_weight=7789 5445 100 5345 470 33 20 437 336 275 82 101 61 2344 74 61 2270 256 228 2014 450 158 292 62 52 1564 91 34 35 265
internal_count=7789 5445 100 5345 470 33 20 437 336 275 82 101 61 2344 74 61 2270 256 228 2014 450 158 292 62 52 1564 91 34 35 265
is_linear=0
shrinkage=0.02


Tree=70
num_leaves=31
num_cat=0
split_feature=13 6 6 12 3 7 3 3 8 8 6 1 13 10 3 1 1 12 1 3 7 13 13 8 10 6 3 5 8 7
split_gain=1.0329 0.658532 0.640881 0.667047 0.776168 0.605404 0.586045 0.713418 0.536903 0.526099 0.950662 0.503006 0.683292 0.647639 0.714661 0.652932 1.33801 0.563197 0.920587 0.89495 1.3725 0.908327 0.679871 0.610268 0.580077 0.541044 0.784967 0.998567 1.14496 0.779496
threshold=25.125000000000004 0.1566974241620912 -0.076273900009042286 -2.2499999999999996 0.089930789898383115 0.048707182202997072 0.4330985913830887 0.38811217705671253 1.9867554042125373 -0.11894255682686589 -0.15185267200786015 -0.074742917498951997 18.375000000000004 12.500000000000002 0.24417053599625563 -0.060089964727534605 -0.054691755701359174 -6.2499999999999991 -0.34200506038677636 -0.0745111284222503 0.14538498182933904 24.375000000000004 23.375000000000004 0.2581691658638588 13.500000000000002 -0.1779393576620921 0.083251944599881958 3.5000000000000004 0.69572927780943561 0.12788888507436966
decision_type=10 2 2 10 10 2 10 10 2 2 2 2 8 2 8 2 2 8 2 8 2 10 10 2 2 2 10 2 2 2
left_child=8 2 3 4 5 -2 7 -5 11 -8 -11 17 13 -13 15 -15 -17 18 -1 20 22 23 -19 24 -22 -21 27 28 -27 -28
right_child=1 -3 -4 6 -6 -7 9 -9 -10 10 -12 12 -14 14 -16 16 -18 19 -20 25 21 -23 -24 -25 -26 26 29 -29 -30 -31
leaf_value=-0.003010492703366664 -0.0012285237333271653 -0.0033815647247764802 0.00081334536759543243 -2.0543393716761934e-05 0.0071162695911797611 0.0041941451467573648 -0.00079342619116817197 -0.0044160527649025122 -0.0017596402665060996 8.9657461413970372e-05 0.007600509284862448 -0.00015350648550360702 0.00018977399237422442 0.0020299969613552095 -0.0069413484111428263 -0.0075320930453017356 -0.0010902196779826899 -0.0010910698261235563 0.00056184624105730862 0.00063923893160194748 -0.0042614986159299553 -0.0078532140329480166 0.0014620909924045779 0.00035713312681764366 0.00096093450859189038 0.00053204253528008961 -0.0014930449563285541 -0.00068565731521843783 0.0046037987846648323 0.00018470509260077963
leaf_weight=31 20 18 1040 964 10.999999999999998 13.999999999999998 13.999999999999998 14.999999999999998 76 12.999999999999998 14.000000000000002 328 3016 19 9.9999999999999982 14.999999999999998 92 211 417 232 57 14.999999999999998 52 22 9.9999999999999982 202 360 277 32 160
leaf_count=31 20 18 1040 964 11 14 14 15 76 13 14 328 3016 19 10 15 92 211 417 232 57 15 52 22 10 202 360 277 32 160
internal_value=5.16663e-05 0.00042763 0.000460202 0.000115349 0.00249837 0.00100434 1.02158e-05 -8.78903e-05 -9.00039e-05 0.0023528 0.00398417 -6.71734e-05 7.98515e-05 -0.000634645 -0.00179504 -0.0013866 -0.00199329 -0.000313394 0.000314653 -0.000486011 -0.00135538 -0.00330036 -0.000586262 -0.00253302 -0.00348203 -0.000233391 -0.000429754 0.000126941 0.00108886 -0.000976814
internal_weight=7757 2123 2105 1065 45 34 1020 979 5634 41 27 5558 3480 464 136 126 107 2078 448 1630 367 104 263 89 67 1263 1031 511 234 520
internal_count=7757 2123 2105 1065 45 34 1020 979 5634 41 27 5558 3480 464 136 126 107 2078 448 1630 367 104 263 89 67 1263 1031 511 234 520
is_linear=0
shrinkage=0.02


Tree=71
num_leaves=31
num_cat=0
split_feature=13 6 6 3 3 1 9 7 13 10 3 1 1 0 9 9 10 7 7 9 13 6 3 3 7 13 7 0 0 6
split_gain=0.991996 0.632454 0.615502 0.512545 0.72113 0.50167 0.729336 0.67263 0.617958 0.621993 0.686361 0.627076 1.28503 0.589985 0.666481 0.594759 0.774504 0.994607 0.869535 0.725462 0.484219 0.639 0.589151 0.481297 0.809343 0.733146 0.715031 0.540396 0.712033 0.583014
threshold=25.125000000000004 0.1566974241620912 -0.076273900009042286 0.4330985913830887 0.38811217705671253 -0.074742917498951997 0.071489751104265239 0.19900706196262855 18.375000000000004 12.500000000000002 0.24417053599625563 -0.060089964727534605 -0.054691755701359174 -0.061059165941359302 0.82868613925959889 0.091663393926248671 4.5000000000000009 -0.026944047623914533 -0.19015713849216134 0.064370143297476673 25.375000000000004 -0.082381431150365891 0.29181747921572437 -0.047216810203794327 0.52028626061543459 19.125000000000004 0.12788888507436966 -0.24810883481283588 -0.18383979738501022 0.026535972732098453
decision_type=10 2 2 10 10 2 8 2 8 2 8 2 2 10 10 8 2 2 2 10 10 2 10 8 2 8 2 8 10 2
left_child=5 2 3 4 20 6 7 -1 9 -7 11 -11 -13 15 -15 16 17 -10 -18 -20 -2 22 -22 24 25 27 -25 -8 -29 -30
right_child=1 -3 -4 -5 -6 8 23 -9 13 10 -12 12 -14 14 -16 -17 18 -19 19 -21 21 -23 -24 26 -26 -27 -28 28 29 -31
leaf_value=0.0026076931205267708 -0.0012611940559387827 -0.0033139333749810859 0.00079707846519732608 0.002305741953413661 -0.0043277316838502885 -0.00015043636983425198 -0.0041448239890160042 -0.0015511758598898138 0.00010355610710879164 0.0019893970732626164 -0.0068025215044617646 -0.0073814511379847927 -0.001068415266674255 -0.00010876207819251307 0.0016800779436894589 0.00068923939732967396 -0.0039004783230260588 -0.0078812347037287862 0.0053803749084472639 -0.0009499598613807134 0.00027535398985799862 -0.0021193797429176894 0.0039317401358857753 -0.00049417719203016471 -0.0056521389181060453 -0.0012521121201655089 0.00048196641538136951 0.003303001876338385 0.0004340187058384929 -0.0040559582376422793
leaf_weight=60 96 18 1040 41 14.999999999999998 328 9.9999999999999982 21 12.000000000000002 19 9.9999999999999982 14.999999999999998 92 1965 87 936 12.999999999999998 12.999999999999998 15.000000000000002 13.999999999999998 851 44 18 1052 13.999999999999998 388 420 32 105 12.999999999999998
leaf_count=60 96 18 1040 41 15 328 10 21 12 19 10 15 92 1965 87 936 13 13 15 14 851 44 18 1052 14 388 420 32 105 13
internal_value=5.0633e-05 0.000419077 0.000450998 0.000113042 2.52483e-05 -8.82039e-05 -0.00033164 0.00152947 5.81069e-05 -0.000621952 -0.00175914 -0.00135887 -0.00195342 0.000161396 -3.29194e-05 0.000558938 -0.00126139 -0.00404854 0.000397618 0.00232435 8.99606e-05 0.000232032 0.00035109 -0.000405755 -0.00090366 -0.000782349 -0.000215658 0.000356827 0.000656937 -6.06398e-05
internal_weight=7757 2123 2105 1065 1024 5634 2115 81 3519 464 136 126 107 3055 2052 1003 67 25 42 29 1009 913 869 2034 562 548 1472 160 150 118
internal_count=7757 2123 2105 1065 1024 5634 2115 81 3519 464 136 126 107 3055 2052 1003 67 25 42 29 1009 913 869 2034 562 548 1472 160 150 118
is_linear=0
shrinkage=0.02


Tree=72
num_leaves=31
num_cat=0
split_feature=13 8 2 3 12 0 0 9 3 0 9 2 0 2 3 2 3 9 12 13 12 10 10 2 9 9 2 13 2 9
split_gain=0.955828 0.63814 0.455576 0.532424 0.752013 0.573349 0.607848 0.965328 1.09707 0.64866 1.10604 0.615409 0.686259 0.666573 0.576133 1.19492 0.801527 0.623248 0.867032 0.59876 0.520799 0.499641 0.717224 0.707948 0.625972 0.701488 0.647822 0.642575 0.881449 0.64247
threshold=23.375000000000004 1.9867554042125373 -1.0937609901459595 -0.28729716247738807 -4.2499999999999991 0.060250391424368957 0.13920623898073078 0.45496953896400466 -0.24795763583259872 0.15775849774515707 0.56201927597951407 0.22837868300802408 0.11703777852478266 0.028979622554566455 -0.18221238542767959 -0.21862585142415089 -0.17141005776882653 0.59742817009644733 -8.7499999999999982 22.375000000000004 6.7500000000000009 3.5000000000000004 4.5000000000000009 0.034182840187399609 0.27958336212315532 0.056698655669797322 -0.2242822809964998 21.625000000000004 -0.29382189567798139 0.35428247618309322
decision_type=10 2 8 8 10 8 8 8 8 8 8 10 10 8 8 8 10 10 8 10 10 2 2 10 10 8 10 10 10 8
left_child=1 2 -1 4 -4 20 7 8 -7 10 -8 12 -9 -14 17 16 -16 18 -11 -20 21 23 -23 -5 25 26 -24 -27 -29 -26
right_child=-2 -3 3 5 -6 6 9 11 -10 14 -12 -13 13 -15 15 -17 -18 -19 19 -21 -22 22 24 -25 29 27 -28 28 -30 -31
leaf_value=0.003943454176187515 0.00029865045048508442 -0.0023505065758273793 0.000168137993772534 -0.00035648021871541628 -0.0015018863470158761 0.0055775150805711746 -0.0059902774128648972 0.001240421640138854 -0.0015310593204798573 0.0075177822566845198 0.0015050576254725457 0.0069642774760723114 0.0088990968465805058 0.0017645350369540121 -0.0082582187810912727 0.00018682523480099495 -0.0017200167812407017 -0.0025871414939562481 0.0022270940557946681 -0.0030527444984763865 -0.0047772936569526791 0.0011732409961669791 0.0051347459418078258 -0.0020110730611080261 0.0012984708830015735 -0.0013836252064197913 -0.0012552770667455413 -0.0039373351502067907 0.00096522803844831825 -9.4323204171218016e-05
leaf_weight=11 3435 52 188 522 253 9.9999999999999982 18 119 66 10.999999999999998 13.999999999999998 9.9999999999999982 9.9999999999999982 11.000000000000002 9.9999999999999982 807 30 11.999999999999998 61 9.9999999999999982 9.9999999999999982 176 15.000000000000002 129 150 348 10.999999999999998 17 107 1134
leaf_count=11 3435 52 188 522 253 10 18 119 66 11 14 10 10 11 10 807 30 12 61 10 10 176 15 129 150 348 11 17 107 1134
internal_value=4.96203e-05 -0.000148302 -0.000121483 -0.000131982 -0.000789949 -5.59832e-05 0.000306243 0.00124062 -0.000595721 8.92151e-05 -0.00271107 0.00217103 0.00182865 0.00516195 0.000184443 1.95812e-05 -0.00335457 0.00166995 0.00229294 0.00148345 -0.000221813 -0.000204353 -4.47626e-05 -0.000684349 -0.000165059 -0.000766955 0.00243127 -0.000943129 0.000293102 6.83864e-05
internal_weight=7757 4322 4270 4259 441 3818 1199 226 76 973 32 150 140 21 941 847 40 94 82 71 2619 2609 1958 651 1782 498 26 472 124 1284
internal_count=7757 4322 4270 4259 441 3818 1199 226 76 973 32 150 140 21 941 847 40 94 82 71 2619 2609 1958 651 1782 498 26 472 124 1284
is_linear=0
shrinkage=0.02


Tree=73
num_leaves=31
num_cat=0
split_feature=13 6 6 12 13 2 8 9 9 0 9 2 0 2 8 10 6 2 0 12 12 6 5 6 5 1 9 2 2 1
split_gain=0.926611 0.607409 0.591128 0.638986 0.734744 0.504218 0.497658 0.465858 0.457702 0.634707 0.700894 0.631845 0.618573 0.638492 0.519851 0.611274 0.502124 0.482654 0.614461 0.768919 0.640485 0.529688 0.884384 0.487277 0.468547 0.456895 0.666607 0.849339 1.08808 0.638341
threshold=25.125000000000004 0.1566974241620912 -0.076273900009042286 -2.2499999999999996 26.125000000000004 -0.65672406024702379 1.9867554042125373 0.23003939290270506 0.66758335775059441 0.044634670603074654 0.43384780988288307 -0.2457272725984026 0.073938067664325507 0.047912397538573993 0.27535576200247902 13.500000000000002 0.0081220254228778765 0.26472689779737529 -0.0012842825208933368 2.2500000000000004 7.2500000000000009 -0.0038110462881677607 3.5000000000000004 0.0010770459104673205 2.5000000000000004 -0.074742917498951997 0.056698655669797322 -0.23474182279551067 -0.44499460231666238 -0.12450640168021615
decision_type=10 2 2 10 10 8 2 8 8 8 10 8 10 10 2 2 2 10 10 10 10 2 2 2 2 2 8 10 10 2
left_child=6 2 3 4 -2 -4 25 -8 9 14 11 16 -13 -14 -7 -16 -11 18 19 -10 21 22 -20 -21 -12 26 27 28 29 -1
right_child=1 -3 5 -5 -6 8 7 -9 17 10 24 12 13 -15 15 -17 -18 -19 20 23 -22 -23 -24 -25 -26 -27 -28 -29 -30 -31
leaf_value=-0.0016930712899193168 0.0008960830998804534 -0.003253627715425359 -0.002994755932262966 1.9100467970037796e-06 0.0066751368343830114 0.00021412915220872915 0.0021133524043993514 -0.0023371677024719806 -0.0047358139122233673 0.0058812596276402477 0.00059476368129253389 0.0015278992438388448 -0.0034072699297506078 0.0010692061588168146 0.0010197690835688264 0.0044620532424260789 0.001088246111484135 0.0042972879992289976 0.007101562025123521 0.00052742647895582997 -0.00045185758409878383 0.00052089095847415072 0.00060524078210194901 -0.0017327294212971197 0.004060399584885372 7.6548745525678382e-05 -0.00036260758150469252 -0.0013941822638330254 0.0087910937856544146 0.0040739109980709402
leaf_weight=13.999999999999998 33 18 13.999999999999998 1020 11.999999999999998 321 10.999999999999998 65 17 18 20 93 26 25 100 26 17 10.999999999999998 19 108 52 28 14.999999999999998 59 71 3480 2013 23 10.999999999999998 17.000000000000004
leaf_count=14 33 18 14 1020 12 321 11 65 17 18 20 93 26 25 100 26 17 11 19 108 52 28 15 59 71 3480 2013 23 11 17
internal_value=4.86279e-05 0.000404722 0.000436005 0.000104808 0.00243716 0.000775164 -8.55554e-05 -0.00169301 0.000826605 0.00110392 0.00186956 0.00114301 0.000557193 -0.00121292 0.000641445 0.00173008 0.00355322 0.000183136 3.12712e-05 -0.000683575 0.00118506 0.00255796 0.00423554 -0.000271072 0.00329872 -6.3575e-05 -0.000298239 0.00169522 0.00338704 0.00146947
internal_weight=7757 2123 2105 1065 45 1040 5634 76 1026 717 270 179 144 51 447 126 35 309 298 184 114 62 34 167 91 5558 2078 65 42 31
internal_count=7757 2123 2105 1065 45 1040 5634 76 1026 717 270 179 144 51 447 126 35 309 298 184 114 62 34 167 91 5558 2078 65 42 31
is_linear=0
shrinkage=0.02


Tree=74
num_leaves=31
num_cat=0
split_feature=13 8 6 0 0 8 8 12 2 13 0 3 6 2 6 12 9 6 6 2 9 12 5 13 9 2 3 3 8 9
split_gain=0.89195 0.593333 0.499644 0.55453 0.533727 0.503701 0.64838 0.623367 0.930981 0.503068 0.508841 0.672824 0.858546 0.698745 0.629043 0.583896 0.99716 0.737592 1.24362 0.704019 0.640299 1.16608 0.625947 0.625208 0.569769 0.565482 0.537452 0.598253 0.509516 0.532723
threshold=23.375000000000004 1.9867554042125373 -0.3572997501019356 -0.047717385077942473 0.020125982603756507 -0.099900786563212149 -0.079440240023606015 -18.999999999999996 0.38118797549729122 17.875000000000004 0.083152115783373795 -0.33672781634583998 -0.086114748326204096 -0.48364680545806693 -0.19530828693362909 -5.2499999999999991 0.18518800171766595 -0.09757051698339482 -0.10747362417206104 0.38118797549729122 0.1661753156909305 -2.7499999999999996 1.5000000000000002 19.125000000000004 0.14757323604046382 0.082709001289379955 -0.16846597993477966 -0.19923980203834607 0.76603173211102538 0.35607447828629502
decision_type=10 2 2 8 8 2 2 10 8 10 8 8 2 10 2 10 8 2 2 10 8 8 2 10 8 10 8 10 2 10
left_child=1 2 3 -1 -5 7 -7 8 -4 -8 11 12 13 14 -11 16 -13 18 22 20 21 -17 23 -18 -14 26 27 -24 29 -28
right_child=-2 -3 5 4 -6 6 9 -9 -10 10 -12 15 24 -15 -16 19 17 -19 -20 -21 -22 -23 25 -25 -26 -27 28 -29 -30 -31
leaf_value=-0.00044022100046277047 0.00028822033694762941 -0.0022670235298573971 0.00016056116336762017 0.0076877220422029496 0.0013035753267732532 0.0017555844464634612 -0.00057713041762629783 -0.00059894461673239781 0.0055301617714576421 0.0020678439922630779 0.00052951674137189069 0.0044888698115944864 -0.0038693888824094425 -0.0070505959233816929 -0.0046042533017372567 -0.0069768759142607448 0.00045229599920704086 0.0011885346679371739 -0.0060580399086078013 0.004046767152845859 -0.00020944727291636071 -0.00045932425877877645 0.00087561750236679506 -0.0047644980978220706 0.0013865747443880094 -0.0026422296680117907 0.005563007046413773 -0.0052893385887145998 -0.0017116573240075791 0.0015595175614427836
leaf_weight=18 3435 52 67 9.9999999999999982 11.000000000000002 82 576 1152 15.999999999999998 10.000000000000002 710 25 10.999999999999998 17 12.999999999999998 15.999999999999998 17 210 14.999999999999998 14.999999999999998 1053 35 17.000000000000004 20 33 19 17 9.9999999999999982 13.999999999999998 61
leaf_count=18 3435 52 67 10 11 82 576 1152 16 10 710 25 11 17 13 16 17 210 15 15 1053 35 17 20 33 19 17 10 14 61
internal_value=4.76553e-05 -0.000143539 -0.000117679 0.00213571 0.00434365 -0.00013845 1.65631e-06 -0.000478335 0.00119566 -4.76993e-05 8.27337e-05 -0.000112116 -0.00185528 -0.00397592 -0.00170334 -1.72812e-05 0.000613813 0.000371622 -0.00053128 -0.000256973 -0.000315448 -0.00250405 -5.75582e-05 -0.00236759 7.25838e-05 0.000561799 0.00107337 -0.0014077 0.00180151 0.00243207
internal_weight=7757 4322 4270 39 21 4231 2996 1235 83 2914 2338 1628 84 40 23 1544 425 400 190 1119 1104 51 175 37 44 138 119 27 92 78
internal_count=7757 4322 4270 39 21 4231 2996 1235 83 2914 2338 1628 84 40 23 1544 425 400 190 1119 1104 51 175 37 44 138 119 27 92 78
is_linear=0
shrinkage=0.02


Tree=75
num_leaves=31
num_cat=0
split_feature=8 7 2 2 0 13 10 3 7 8 0 13 10 10 8 13 3 7 7 8 2 6 2 3 13 8 6 13 13 0
split_gain=0.673315 0.676739 1.0076 0.627026 0.880355 0.857719 0.936779 0.643741 0.63692 0.563908 0.620949 0.544736 0.671893 0.708213 0.756955 0.685083 0.642552 0.757922 0.613913 0.560259 0.544833 0.537116 0.490866 0.951135 0.489535 0.487819 0.604147 0.48265 0.623368 0.468702
threshold=-0.9476110179987135 -0.26857131889710784 -0.089309840691431178 -0.13888853581411334 -0.036601487533562613 19.875000000000004 9.5000000000000018 -0.36352327781437127 -0.49165110239328508 0.34367422971967071 -0.11394788157036141 21.375000000000004 9.5000000000000018 13.500000000000002 0.072087886513856517 17.625000000000004 -0.0093523255870454399 0.41821414669350881 -0.057889737986436776 -0.12847268308140394 -0.33874901709536731 -0.11754914040297272 -0.23242204485423154 -0.20986713121698505 16.375000000000004 0.99356111303125305 -0.11335040870533493 32.125000000000007 30.625000000000004 0.32701826674641127
decision_type=2 2 8 10 8 10 2 8 2 2 10 8 2 2 2 10 8 2 2 2 8 2 10 8 8 2 2 10 10 10
left_child=1 -1 -3 4 7 6 25 9 -8 10 -2 12 19 14 15 -14 -13 -18 -16 20 -9 -21 23 -17 -10 -5 -27 28 29 -7
right_child=3 2 -4 5 -6 27 8 11 24 -11 -12 16 13 -15 18 22 17 -19 -20 21 -22 -23 -24 -25 -26 26 -28 -29 -30 -31
leaf_value=-0.0040188540242336417 -0.00025433911941945552 0.0012050909337898096 -0.0016823632494026028 0.00040926172045360808 0.0001179476503960298 0.00033918586825566982 0.0022429629901181097 -0.0063800469311800865 0.00038445656388135186 -0.0018920803027382741 0.0030295580587185486 -0.0015581354023391347 -7.4850210387791908e-05 -0.00082463117235380672 0.0024572619923856108 0.0018172907253557985 -0.00052142771551721946 0.0046360545915861921 -0.0026915115134959872 -0.0014825253020401817 -0.0015670499721398721 0.00039107684320284546 0.0022932621077276193 0.0096761737151869684 -0.0014646110657381905 -0.0062260587885975818 -0.00025333164392837457 -0.0021520051779976533 0.0024670933071862565 -0.0026577204723088515
leaf_weight=27 42 75 136 476 1698 3485 23 10.999999999999998 68 24 51 426 21 69 15.999999999999998 10.999999999999998 227 11.999999999999998 22 98 65 163 26 14.000000000000002 363 10.000000000000002 21 31 55 21
leaf_count=27 42 75 136 476 1698 3485 23 11 68 24 51 426 21 69 16 11 227 12 22 98 65 163 26 14 363 10 21 31 55 21
internal_value=9.8794e-06 -0.00103752 -0.000656017 4.2901e-05 -0.000181801 0.000190761 -0.000339953 -0.000573921 -0.00099983 0.000841156 0.00154651 -0.000714111 -0.000226488 0.00076376 0.00176011 0.00296541 -0.00109248 -0.000262475 -0.000523607 -0.000752465 -0.00226367 -0.000312421 0.00421728 0.00621827 -0.00117288 0.000250943 -0.00218002 0.000332747 0.000354378 0.000321235
internal_weight=7787 238 211 7549 2996 4553 961 1298 454 117 93 1181 516 179 110 72 665 239 38 337 76 261 51 25 431 507 31 3592 3561 3506
internal_count=7787 238 211 7549 2996 4553 961 1298 454 117 93 1181 516 179 110 72 665 239 38 337 76 261 51 25 431 507 31 3592 3561 3506
is_linear=0
shrinkage=0.02


Tree=76
num_leaves=31
num_cat=0
split_feature=13 9 6 6 2 12 0 3 0 9 12 7 3 9 3 9 8 0 9 9 8 8 12 5 13 13 5 9 6 9
split_gain=0.647223 0.617983 0.622859 0.76405 0.585473 0.760723 0.885669 0.764144 0.740603 0.669562 0.638299 0.620428 0.604916 0.543537 0.672188 0.923216 0.774223 0.684928 0.655436 0.811211 0.530808 1.01228 0.761242 1.12791 0.732829 0.76463 0.695069 0.56675 0.537565 0.522054
threshold=17.875000000000004 0.68338391693788803 -0.2901600074466234 -0.040281848747308134 -0.13888853581411334 -6.7499999999999991 -0.038482227713185872 -0.19316268298437295 -0.11222935030437008 0.35428247618309322 -11.749999999999998 0.30918551515870257 -0.16846597993477966 0.60188687597235402 -0.36352327781437127 0.038063719696372768 -0.82406890758269047 -0.15763558541899234 0.21203513541069094 0.29121523555485823 0.093214754799876495 0.28280007643568134 11.250000000000002 1.5000000000000002 18.875000000000004 20.625000000000004 1.5000000000000002 0.19748321061847282 -0.039328663892501441 0.024111504864215146
decision_type=8 8 2 2 10 8 8 10 8 8 8 2 10 10 10 8 2 10 8 8 2 2 8 2 10 10 2 10 2 8
left_child=1 2 -1 -4 5 7 13 8 -2 -9 -6 -10 -11 14 16 -16 17 -7 -17 -20 22 24 27 -24 -22 -26 -27 -8 -28 -23
right_child=4 -3 3 -5 10 6 20 9 11 12 -12 -13 -14 -15 15 18 -18 -19 19 -21 21 29 23 -25 25 26 28 -29 -30 -31
leaf_value=-0.0045422679701676736 0.0059490963350981472 -0.0016775235936856243 0.00047656800949560674 -0.0013589609245360462 -0.0042170690831083522 -0.0073514582440257076 -0.00098683270372173473 0.0021906076152143732 0.00083871354380001624 -0.0050294398119052255 0.00022126638712974931 0.0053209045742239267 -0.00048940129129698977 0.00047175027006804676 0.0047701099365949629 -0.0028186453139299856 0.00018448351900840162 -0.0012241270337943677 0.00092082512879770406 -0.0013859745984895941 0.0072291108667850495 0.0041715885760883493 0.0062855843421729179 0.00025675264754049156 -0.0028046171260731564 0.0048880255047697571 0.001891297073177013 4.4814640961298016e-05 -0.0026637135415027539 -5.8439714672482192e-05
leaf_weight=12.999999999999998 15.999999999999998 162 290 132 12.999999999999998 9.9999999999999982 370 28 105 14.999999999999998 4338 13.999999999999998 54 140 9.9999999999999982 102 303 27 71 432 9.9999999999999982 11.999999999999998 17 46 13.999999999999998 28 76 502 11.999999999999998 425
leaf_count=13 16 162 290 132 13 10 370 28 105 15 4338 14 54 140 10 102 303 27 71 432 10 12 17 46 14 28 76 502 12 425
internal_value=9.68181e-06 -0.000623093 -0.000230408 -9.75785e-05 6.22224e-05 -0.000161202 -0.000258866 0.000936254 0.00190921 -0.000417858 0.000208005 0.00136603 -0.00147637 -0.000692042 -0.00086265 -0.00125718 -0.000149022 -0.00288016 -0.0013568 -0.00106036 5.48425e-05 0.000531867 -0.000239535 0.00188358 0.00201189 0.00161057 0.00214344 -0.000392926 0.00127016 5.77167e-05
internal_weight=7787 597 435 422 7190 2839 2607 232 135 97 4351 119 69 1095 955 615 340 37 605 503 1512 577 935 63 140 130 116 872 88 437
internal_count=7787 597 435 422 7190 2839 2607 232 135 97 4351 119 69 1095 955 615 340 37 605 503 1512 577 935 63 140 130 116 872 88 437
is_linear=0
shrinkage=0.02


Tree=77
num_leaves=31
num_cat=0
split_feature=8 7 3 13 10 6 1 9 6 1 7 12 10 10 3 6 6 9 9 13 10 3 7 10 7 13 13 9 6 7
split_gain=0.635371 0.651748 0.681211 0.590361 0.546745 0.600097 0.542267 0.782225 0.712867 0.684815 0.665392 0.973314 0.636554 0.631292 0.613435 0.55986 0.718288 0.619979 0.557251 1.08962 0.545234 0.541377 0.899774 1.11161 1.23876 0.776266 0.689859 0.706716 0.538084 0.500854
threshold=-0.9476110179987135 -0.26857131889710784 -0.041616598437583315 18.375000000000004 15.500000000000002 -0.11452097877206195 -0.089076222872283284 0.056698655669797322 0.055778659846866252 -0.087381565819760573 -0.026944047623914533 4.7500000000000009 13.500000000000002 3.5000000000000004 -0.47635989155235303 -0.2654392204873765 -0.24442219053752107 0.024111504864215146 0.27005656568039765 23.125000000000004 8.5000000000000018 0.30828222256674193 -0.049181148970111083 6.5000000000000009 0.19493734351623937 21.625000000000004 21.375000000000004 0.2810496460115845 -0.029415972737987944 -0.16063482418905953
decision_type=2 2 8 8 2 2 2 8 2 2 2 10 2 2 10 2 2 10 10 10 2 10 2 2 2 10 8 8 2 2
left_child=1 -1 28 4 -2 -6 8 10 15 -9 20 14 13 -10 -12 17 -17 -5 19 -19 -8 -11 29 24 26 -25 -24 -28 -3 -23
right_child=3 2 -4 6 5 -7 7 9 12 21 11 -13 -14 -15 -16 16 -18 18 -20 -21 -22 22 23 25 -26 -27 27 -29 -30 -31
leaf_value=-0.0039337386301270243 -0.00039241787751624673 0.0017890070119904258 -0.0014950128320305705 0.0023692475373928361 -0.0072099986672401403 -0.00044054000553759659 0.0018314354881644249 0.0034269803562374029 0.003647946369550798 0.00018941663246303288 -0.0044472393659608705 -0.0087000718103213744 0.0044745747011620549 -4.3083313051785269e-06 0.0017151089385151858 0.0025234378707644184 -0.00025641519237633011 -0.00081212836910377832 -0.0014349971151492304 -0.0099339444339275364 -0.0028966305404901503 0.0016464004408982063 0.0047477493286132814 -0.0060379896312952042 0.0069810150420914095 -0.00048783619991607139 0.0029595620706677427 -0.0036090641316810722 -0.0021613677922222348 0.0049825808727182444
leaf_weight=27 755 59 134 12.999999999999998 10.000000000000002 10.999999999999998 25 27 23 4474 13.999999999999998 10.999999999999998 20 107 12.000000000000002 38 1724 11.000000000000002 69 9.9999999999999982 15.999999999999998 45 9.9999999999999982 13.999999999999998 14.999999999999998 36 10.000000000000002 19 18 30
leaf_count=27 755 59 134 13 10 11 25 27 23 4474 14 11 20 107 12 38 1724 11 69 10 16 45 10 14 15 36 10 19 18 30
internal_value=9.48818e-06 -0.00100797 -0.000633578 4.15658e-05 -0.000480955 -0.00366409 0.000101432 0.000217891 -0.00017356 0.000250997 -0.00176847 -0.003713 0.00115289 0.00064186 -0.00160308 -0.000280245 -0.000196464 -0.00171347 -0.0023032 -0.00515585 -1.36634e-05 0.000232568 0.0013111 0.000106944 0.00209659 -0.00204188 0.000217972 -0.00134402 0.000865543 0.00298087
internal_weight=7787 238 211 7549 776 21 6773 4758 2015 4680 78 37 150 130 26 1865 1762 103 90 21 41 4653 179 104 54 50 39 29 77 75
internal_count=7787 238 211 7549 776 21 6773 4758 2015 4680 78 37 150 130 26 1865 1762 103 90 21 41 4653 179 104 54 50 39 29 77 75
is_linear=0
shrinkage=0.02


Tree=78
num_leaves=31
num_cat=0
split_feature=13 9 6 6 6 3 0 1 13 6 13 9 10 9 6 9 6 10 0 9 13 1 9 3 12 0 9 13 13 9
split_gain=0.601466 0.59559 0.598974 0.736085 0.514722 0.638734 0.55136 0.51243 0.73853 0.733754 0.647912 0.674923 0.594872 0.556044 0.678981 0.803999 0.692966 0.531666 0.523943 0.509824 0.507968 0.500509 0.469586 0.469237 0.517038 0.52578 0.495095 0.490348 0.899132 0.758954
threshold=17.875000000000004 0.68338391693788803 -0.2901600074466234 -0.040281848747308134 -0.089051947440763835 0.016955947256932544 0.11178403762156086 -0.089076222872283284 32.125000000000007 0.058566380645542059 29.875000000000004 0.13153176458295771 13.500000000000002 0.024111504864215146 -0.2654392204873765 0.62001998715833506 -0.24442219053752107 3.5000000000000004 -0.19071743033456864 0.43645342537088316 19.125000000000004 -0.087381565819760573 0.24423129649575223 -0.44148636015317128 -2.7499999999999996 -0.14649352778242378 0.12236010253108881 23.125000000000004 21.375000000000004 0.56942476250503482
decision_type=8 8 2 2 2 10 10 2 10 2 10 8 2 8 2 8 2 2 10 8 10 2 8 8 10 10 8 10 8 10
left_child=1 2 -1 4 6 -6 -4 9 10 13 21 -12 17 18 15 20 -16 -11 -2 -10 -15 -9 -13 24 25 -18 -26 28 -25 -30
right_child=7 -3 3 -5 5 -7 -8 8 19 12 11 22 -14 14 16 -17 23 -19 -20 -21 -22 -23 -24 27 26 -27 -28 -29 29 -31
leaf_value=-0.0044435740692111165 0.0042712589725852007 -0.0016358496037880994 -0.00026529712172390283 -0.0013230194376030176 0.0031713526020301325 -0.00078531985248749448 0.0041466274609168368 0.0028632346644169755 -0.0057209945327070149 0.003080756747097309 0.006463705737143755 -0.001841769830176705 0.0042719835355611788 0.00078899260843172674 0.0023183345703816998 0.00092714938367235251 0.0073048316407948715 -3.3859768052502432e-05 -0.0013355753421783448 -0.00063220337964594361 -0.0036950960208196192 0.00013257726914859454 0.0015179595958837654 -0.00010143841250590702 -0.003271062904968858 0.00081927899271249771 0.0016401476642260186 1.2412151380890679e-05 -0.0017321184445326485 0.00022046980246052367
leaf_weight=12.999999999999998 20.000000000000004 162 203 132 51 24 11.999999999999998 27 13.999999999999998 28 9.9999999999999982 19 21 11.999999999999998 41 29 10.000000000000002 101 9.9999999999999982 18 64 4820 134 535 11.999999999999998 9.9999999999999982 26 764 363 102
leaf_count=13 20 162 203 132 51 24 12 27 14 28 10 19 21 12 41 29 10 101 10 18 64 4820 134 535 12 10 26 764 363 102
internal_value=9.29841e-06 -0.000600699 -0.000215194 -8.49361e-05 0.000478605 0.00190522 -1.90502e-05 5.99477e-05 0.000170152 -0.000198735 0.000189497 0.00142975 0.00115035 -0.000300018 -0.000341212 -0.00190601 -0.000253019 0.000642181 0.00240231 -0.00285855 -0.00298708 0.000147788 0.00110074 -0.000310881 0.00145918 0.00406206 8.92391e-05 -0.00036908 -0.000660541 -0.00130381
internal_weight=7787 597 435 422 290 75 215 7190 5042 2148 5010 163 150 1998 1968 105 1863 129 30 32 76 4847 153 1822 58 20 38 1764 1000 465
internal_count=7787 597 435 422 290 75 215 7190 5042 2148 5010 163 150 1998 1968 105 1863 129 30 32 76 4847 153 1822 58 20 38 1764 1000 465
is_linear=0
shrinkage=0.02


Tree=79
num_leaves=31
num_cat=0
split_feature=8 7 2 2 13 10 3 7 2 9 13 13 7 3 7 8 6 13 8 13 9 3 13 12 12 6 10 7 7 8
split_gain=0.608083 0.62523 0.929447 0.573405 0.782038 0.891442 0.741042 0.608105 0.582591 0.675701 1.00666 0.629354 0.515172 0.884054 0.932949 0.599373 0.505044 0.678962 0.515688 0.485514 0.778411 0.859469 0.484837 0.949376 0.870753 0.963495 0.605613 0.521463 0.856444 0.469589
threshold=-0.9476110179987135 -0.26857131889710784 -0.089309840691431178 -0.13888853581411334 19.875000000000004 9.5000000000000018 -0.19316268298437295 -0.49165110239328508 -0.27387709144627131 0.39802525695969371 26.875000000000004 16.625000000000004 0.18680969113853785 -0.31369529103731725 0.076573955830242277 -0.13868651872930368 -0.2822259610903306 21.125000000000004 -0.7378468946407355 16.375000000000004 0.54562585367462113 -0.012930761616580041 17.875000000000004 -6.7499999999999991 -7.2499999999999991 -0.17086388781437858 9.5000000000000018 0.032679940799773342 0.086794554589161563 0.99356111303125305
decision_type=2 2 8 10 10 2 10 2 10 10 10 8 2 10 2 2 2 10 2 8 8 10 8 8 10 2 2 2 2 2
left_child=1 -1 -3 6 5 29 8 -7 22 10 11 -10 13 -13 15 -15 17 -8 -18 20 21 -9 27 24 26 -26 -24 -2 -29 -5
right_child=3 2 -4 4 -6 7 16 19 9 -11 -12 12 -14 14 -16 -17 18 -19 -20 -21 -22 -23 23 -25 25 -27 -28 28 -30 -31
leaf_value=-0.0038518867075995164 -0.0024668129903696262 0.001167914548019568 -0.0016052998687647393 0.00040688313550155364 0.00031746784624998295 0.0022000088720865872 -8.3930273318574537e-05 0.0072148121586069472 0.0070049571449106382 6.0683150530235542e-05 -0.0018070270914446423 0.0084647382795810695 0.0001047594231278755 0.0046861749018232033 0.0055308601373563636 -0.0003689885106977335 0.0021330104472822155 -0.0050579252409870216 -0.000570997134849666 -0.0014282011467971153 -0.0023064259446423071 0.00049751092592487112 -0.00049071294122508596 -0.00015455041652071044 -0.00044000816298648702 0.0071026775418292915 0.0041020476246873541 0.005453021254390478 -0.0011076029740536633 -0.0021335554345991584
leaf_weight=27 69 75 136 476 3592 23 21 9.9999999999999982 10.999999999999998 239 27 9.9999999999999982 39 11.999999999999998 23 43 29 23 1038 363 26 32 49 1268 10.000000000000002 21 14.999999999999998 9.9999999999999982 39 31
leaf_count=27 69 75 136 476 3592 23 21 10 11 239 27 10 39 12 23 43 29 23 1038 363 26 32 49 1268 10 21 15 10 39 31
internal_value=9.11245e-06 -0.000986253 -0.00061956 4.04937e-05 0.00018189 -0.000324869 -0.000174385 -0.00096858 6.7095e-05 0.000740293 0.0017247 0.00241569 0.00201819 0.00286619 0.00214843 0.000733956 -0.000584098 -0.00268397 -0.000497505 -0.00113767 0.000413256 0.00209687 -0.000116546 -1.00719e-05 0.00191834 0.00466955 0.000585715 -0.00134641 0.0002313 0.000251551
internal_weight=7787 238 211 7549 4553 961 2996 454 1885 404 165 138 127 88 78 55 1111 44 1067 431 68 42 1481 1363 95 31 64 118 49 507
internal_count=7787 238 211 7549 4553 961 2996 454 1885 404 165 138 127 88 78 55 1111 44 1067 431 68 42 1481 1363 95 31 64 118 49 507
is_linear=0
shrinkage=0.02


Tree=80
num_leaves=31
num_cat=0
split_feature=13 7 7 1 7 7 7 7 7 9 0 2 7 0 13 13 0 9 7 3 0 0 12 9 7 2 3 12 9 2
split_gain=1.20702 0.731454 0.631732 0.926952 0.82023 0.960128 0.713168 0.636844 0.622603 0.618725 0.925664 0.783307 0.577549 1.25481 0.611541 0.577278 0.688102 0.544607 0.655149 0.637715 0.521473 0.506838 0.506621 0.488076 0.467281 0.662126 0.736765 0.589696 1.16437 0.77038
threshold=23.375000000000004 0.79828995753455312 0.01957521731832889 -0.098568827980813831 0.21347222074737399 0.2075834756906054 -0.049181148970111083 0.23750912787155451 -0.83639807310577774 0.13153176458295771 -0.20609592184305245 -0.48364680545806693 0.051200510024207412 -0.094409414030780139 26.875000000000004 27.375000000000004 0.17351764972240133 0.61478853384250598 0.15161599374322757 0.41750677631613092 -0.10636170419433845 -0.011853571982958213 -16.249999999999996 0.48698253507327488 -0.17351341792664635 -0.40467987735090116 -0.30080059030456474 7.2500000000000009 0.31001700425190565 -0.31337709642057693
decision_type=8 2 2 2 2 2 2 2 2 10 8 10 2 10 10 10 10 8 2 8 10 10 10 8 2 8 8 10 10 10
left_child=1 8 6 4 5 17 15 -6 23 10 -8 -11 13 14 -5 24 -17 18 19 20 -4 -14 -10 -1 27 -26 -27 29 -29 -2
right_child=2 -3 3 12 7 -7 9 -9 22 11 -12 -13 21 -15 -16 16 -18 -19 -20 -21 -22 -23 -24 -25 25 26 -28 28 -30 -31
leaf_value=0.0056221975242862323 0.0011862216075625349 -0.0053774712573398239 -0.0011221828375710175 0.0036207821037944244 0.005142892859876156 -0.0071760785691440112 -0.0077550460994243618 0.00037565154238494442 -0.0034074712581932541 0.0047781554345662398 -0.0013971001426732049 -0.00043595619614098441 0.00028872573927112005 0.00091272073120556095 0.0095450652949512008 0.0011506994262837418 -0.0027640823666986664 0.00083795435301828802 0.0010087603777099181 -0.0063176314804989555 -0.0053904534761722266 0.0010875518589613506 -0.00021642735497917552 -0.00010195626453919843 -0.0025358409886913642 0.0042914435223099737 0.00045982200095614231 -0.0015419649286195637 0.0035486476656004062 -0.00091941955641296029
leaf_weight=13.000000000000002 82 10.999999999999998 96 23 11.999999999999998 9.9999999999999982 9.9999999999999982 170 20 11.999999999999998 109 291 704 99 9.9999999999999982 328 19 57 34 12.999999999999998 12.999999999999998 579 4025 10.999999999999998 28 21 455 32 41 456
leaf_count=13 82 11 96 23 12 10 10 170 20 12 109 291 704 99 10 328 19 57 34 13 13 579 4025 11 28 21 455 32 41 456
internal_value=1.02241e-05 -0.000227072 0.000271609 0.000537354 -0.000306318 -0.00111944 1.48909e-05 0.000689975 -0.000213149 -0.000709383 -0.00193138 -0.000229457 0.000778829 0.00203855 0.00541602 0.000223949 0.000936345 -0.000835086 -0.00144639 -0.00213061 -0.00163124 0.000649225 -0.000232205 0.00299863 2.24422e-06 0.000453047 0.000628864 -0.000369613 0.00131715 -0.000598485
internal_weight=7784 4080 3704 1820 405 223 1884 182 4069 422 119 303 1415 132 33 1462 347 213 156 122 109 1283 4045 24 1115 504 476 611 73 538
internal_count=7784 4080 3704 1820 405 223 1884 182 4069 422 119 303 1415 132 33 1462 347 213 156 122 109 1283 4045 24 1115 504 476 611 73 538
is_linear=0
shrinkage=0.02


Tree=81
num_leaves=31
num_cat=0
split_feature=9 6 1 12 3 9 1 5 12 7 8 0 10 7 8 9 8 7 8 12 6 1 12 7 3 3 0 9 8 10
split_gain=0.74145 0.653255 0.821404 0.721481 0.540452 1.02141 0.836681 0.767294 0.891671 0.709064 0.663159 1.11145 0.502828 0.491067 0.842897 0.474209 0.808657 1.28103 0.684105 0.745616 0.678978 0.706473 1.05162 1.01554 1.17023 0.669336 0.628094 0.582722 0.555845 0.546954
threshold=0.88733914634947875 -0.072374285433961252 -0.15763558541899234 4.2500000000000009 -0.0093523255870454399 0.61220292695586831 -0.043982094936489517 3.5000000000000004 10.250000000000002 -0.20051452995017707 0.33858954002226843 0.1025980374746302 7.5000000000000009 -0.066681309329084407 -0.29104277162379338 0.21203513541069094 -0.41469490114619195 0.22797496483500748 -0.67501615246396918 13.250000000000002 -0.057542232795398017 -0.084358359077340475 -7.7499999999999991 0.12113192890314249 -0.058356995476267833 0.14990721996116527 -0.0079994548592780736 0.53431289508764201 -0.021619188884797795 2.5000000000000004
decision_type=10 2 2 8 8 8 2 2 8 2 2 10 2 2 2 8 2 2 2 8 2 2 10 2 10 8 10 10 2 2
left_child=1 3 -3 -1 5 6 -5 8 9 -7 -8 -12 -10 -11 -15 18 17 -17 -4 20 -20 23 -23 24 -22 -24 -27 -18 -25 -19
right_child=-2 2 15 4 -6 7 10 -9 12 13 11 -13 -14 14 -16 16 27 29 19 -21 21 22 25 28 -26 26 -28 -29 -30 -31
leaf_value=-0.00032959681624243744 0.0015699551339930624 -0.0006674452855163146 0.0039132176392844744 -0.00089884607794491812 0.00064578127148241186 0.00049891839364797554 0.0017649977595443134 2.8379604239792875e-05 0.0032529556875427559 -0.0086377737298607826 0.00081198610228431568 -0.0065018640704114332 -0.0019764609485221291 -0.0087021896818822112 -0.0021682653769052452 -0.0012574272949169292 0.00075230578780409354 0.0050307444778873644 0.0021483009985673266 -0.0049564088135957722 0.0022368551343679428 -0.0077884961068630226 -0.0019075654673586793 -0.00068275814255078628 -0.0042537859588861462 0.002229052618678127 -0.003454430191311985 8.2397261470771566e-05 0.0044103192432473105 0.00081988622372349104
leaf_weight=3203 120 389 13.999999999999998 124 633 10.999999999999998 164 72 12.000000000000002 11.999999999999998 34 10.999999999999998 19 10.999999999999995 28.000000000000004 235 1535 17 37 14.999999999999998 20 9.9999999999999982 116 11.999999999999998 25 35 9.9999999999999982 785 30 45
leaf_count=3203 120 389 14 124 633 11 164 72 12 12 34 11 19 11 28 235 1535 17 37 15 20 10 116 12 25 35 10 785 30 45
internal_value=1.00196e-05 -1.44053e-05 0.000196247 -0.000176258 0.000257997 -0.000234909 0.000402672 -0.00152166 -0.0027217 -0.00410646 0.00117486 -0.000975844 4.78294e-05 -0.00509978 -0.00401117 0.000310486 0.000399845 -0.000582754 -0.000411281 -0.000606581 -0.000385403 -0.000748764 -0.00149526 0.000718493 -0.00136906 -0.00110438 0.000966056 0.000525634 0.00295515 0.00197448
internal_weight=7784 7664 3330 4334 1131 498 333 165 93 62 209 45 31 51 39 2941 2617 297 324 310 295 258 171 87 45 161 45 2320 42 62
internal_count=7784 7664 3330 4334 1131 498 333 165 93 62 209 45 31 51 39 2941 2617 297 324 310 295 258 171 87 45 161 45 2320 42 62
is_linear=0
shrinkage=0.02


Tree=82
num_leaves=31
num_cat=0
split_feature=13 8 7 2 3 3 0 7 3 0 12 0 7 7 12 2 8 8 1 8 7 1 7 7 7 7 13 7 8 8
split_gain=1.1364 0.723372 0.72511 0.882241 0.697784 0.764952 0.992239 0.755128 0.735843 0.827155 0.695131 0.860633 0.631439 0.617313 0.616787 0.598674 0.677631 1.01969 1.19071 0.896599 0.598269 0.883508 0.785078 0.922882 0.685223 0.610491 0.570644 0.687956 0.601524 0.56447
threshold=23.375000000000004 -0.099900786563212149 -0.32564417021872677 0.0052390472249919757 -0.28729716247738807 -0.19316268298437295 -0.11755201025955404 -0.31865806174139372 -0.24795763583259872 0.060250391424368957 -10.749999999999998 -0.069285265935813287 0.79828995753455312 -0.039183726192189162 -9.7499999999999982 -0.18185461467846406 -0.6252752555390183 -0.42301231830756197 -0.094580194243462742 -0.21642548858915489 0.01957521731832889 -0.098568827980813831 0.21347222074737399 0.2075834756906054 -0.049181148970111083 0.23750912787155451 21.875000000000004 0.18518390370744281 -0.23955057362913154 -0.76308132307348486
decision_type=8 2 2 10 8 8 8 2 10 8 10 8 2 2 10 8 2 2 2 2 2 2 2 2 2 2 10 2 2 2
left_child=1 4 3 -3 7 6 -6 -1 -8 -10 11 -7 -4 -11 -12 16 -16 18 -18 -19 24 22 23 -22 -2 -24 27 28 29 -9
right_child=20 2 12 -5 5 10 8 26 9 13 14 -13 -14 -15 15 -17 17 19 -20 -21 21 -23 25 -25 -26 -27 -28 -29 -30 -31
leaf_value=0.0026909137346471353 0.00021853783120241632 0.00024779489699184248 -0.00013048009978382802 0.0028996541475256282 -0.004539030407640067 0.00064257663674652579 -0.0002465214291587472 -0.0063257848819096886 0.001433999216019669 0.0030461249873042096 0.0015803255848732079 -0.0051355399207436833 -0.0051656333655118944 0.010073573275469243 0.00054850329869780053 -0.00046027495850564968 -0.0020464393571019168 0.0002544954905493392 -0.01180639846622944 -0.0048703477125276217 -0.00081833476156975744 0.00075780215136445203 0.0050329125796755156 -0.0070351186245679858 -0.00069632615663179633 0.00036534803867449659 -6.707414156860775e-05 0.00017339881345191424 -0.0073414431460887978 -0.0016238279147364665
leaf_weight=11.999999999999998 1462 184 2653 69 10.999999999999998 15.999999999999998 40 14.999999999999998 34 10.000000000000002 52 29 9.9999999999999982 9.9999999999999982 29 733 10.000000000000002 36 9.9999999999999982 22 213 1415 11.999999999999998 9.9999999999999982 422 170 27 17 19 32
leaf_count=12 1462 184 2653 69 11 16 40 15 34 10 52 29 10 10 29 733 10 36 10 22 213 1415 12 10 422 170 27 17 19 32
internal_value=9.81923e-06 -0.000220431 -5.21775e-05 0.000971029 -0.000641931 -0.000474375 0.00114441 -0.00207302 0.00180949 0.00333246 -0.000655775 -0.0030811 -0.000149388 0.00655985 -0.000533422 -0.000664273 -0.00206175 -0.00303223 -0.00692642 -0.00168941 0.000263442 0.000522054 -0.000301611 -0.00109711 1.36161e-05 0.0006731 -0.00259273 -0.00341432 -0.00433843 -0.00312445
internal_weight=7784 4080 2916 253 1164 1042 105 122 94 54 937 45 2663 20 892 840 107 78 20 58 3704 1820 405 223 1884 182 110 83 66 47
internal_count=7784 4080 2916 253 1164 1042 105 122 94 54 937 45 2663 20 892 840 107 78 20 58 3704 1820 405 223 1884 182 110 83 66 47
is_linear=0
shrinkage=0.02


Tree=83
num_leaves=31
num_cat=0
split_feature=13 8 3 6 9 3 2 9 12 2 12 2 8 8 1 8 11 2 12 5 6 1 9 1 9 13 1 8 9 6
split_gain=1.0914 0.694726 0.670151 0.903392 1.21652 0.73466 0.852133 0.733083 0.594166 0.569688 0.528358 0.539909 0.657408 0.929281 1.14356 0.886455 0.529042 0.525374 1.15284 0.692611 0.768213 0.523992 0.518423 0.509253 0.468459 0.47023 0.650136 1.72968 1.85569 0.75295
threshold=23.375000000000004 -0.099900786563212149 -0.28729716247738807 -0.17975734757157077 0.34977367829438427 -0.19316268298437295 -0.25692503209362244 0.81854510048395601 -10.749999999999998 0.059263681121539617 -9.7499999999999982 -0.18185461467846406 -0.6252752555390183 -0.42301231830756197 -0.094580194243462742 -0.21642548858915489 1.0000000180025095e-35 0.33703353569322198 -4.2499999999999991 2.5000000000000004 -0.098991907597394582 -0.069976868156010466 0.69295781293974701 0.0049114395598262228 0.89911260218982425 27.375000000000004 0.16007689896259489 0.068397879611606691 0.37567364812826842 -0.24665785812533228
decision_type=8 2 8 2 10 8 10 10 10 8 10 8 2 2 2 2 2 10 10 2 2 2 10 2 10 10 2 2 8 2
left_child=1 2 3 4 -1 6 -4 8 9 21 -10 12 16 14 -14 -15 -12 -3 -19 20 -20 -7 23 -8 25 -2 29 -28 -29 -27
right_child=24 17 5 -5 -6 7 22 -9 10 -11 11 -13 13 15 -16 -17 -18 18 19 -21 -22 -23 -24 -25 -26 26 27 28 -30 -31
leaf_value=-0.010012106883029139 0.00010158912625855466 -9.3543010020320858e-05 -0.00043882229970768094 -0.0011798752321177447 -0.0010064758535979006 0.0008419632026925685 0.0081638756729662428 0.0020417115691667184 0.0013314884645389577 -0.0072219569869339459 -0.0020640475327769912 -0.00056890745441030182 -0.0020055105760693544 0.00024187417728278567 -0.01157027054950595 -0.0049843809292429968 0.003448302467855123 -0.0020334344057609207 0.0045880931864182139 0.0058147863849687077 -0.0025683156183610363 -0.0041323788857294446 -0.00081408428400754932 0.0028236374199390414 0.0021809541310649368 -0.0018824288800426917 0.0015820866198309005 -0.010639183635895067 0.00082054970413446423 0.00089555944378136656
leaf_weight=12.000000000000002 2748 2845 60 98 11.999999999999998 15.999999999999995 9.9999999999999982 39 51 9.9999999999999982 15 700 10.000000000000002 34 9.9999999999999982 21 13 23 12.000000000000002 24 11.999999999999998 18.000000000000004 9.9999999999999982 25 50 41 31 13.000000000000002 9.9999999999999982 811
leaf_count=12 2748 2845 60 98 12 16 10 39 51 10 15 700 10 34 10 21 13 23 12 24 12 18 10 25 50 41 31 13 10 811
internal_value=9.62285e-06 -0.000216022 -0.000629092 -0.00203156 -0.00550929 -0.000464888 0.00112152 -0.00064266 -0.000759242 -0.0030257 -0.000642469 -0.000767838 -0.00211979 -0.00309608 -0.00678789 -0.00175361 0.000495258 -5.1134e-05 0.00164821 0.00341234 0.00100989 -0.00179151 0.00320197 0.00434942 0.000258173 0.000231863 0.000626998 -0.0015011 -0.00565669 0.000761877
internal_weight=7784 4080 1164 122 24 1042 105 937 898 44 854 803 103 75 20 55 28 2916 71 48 24 34 45 35 3704 3654 906 54 23 852
internal_count=7784 4080 1164 122 24 1042 105 937 898 44 854 803 103 75 20 55 28 2916 71 48 24 34 45 35 3704 3654 906 54 23 852
is_linear=0
shrinkage=0.02


Tree=84
num_leaves=31
num_cat=0
split_feature=13 7 8 7 2 7 6 12 7 7 1 6 0 2 13 6 7 13 0 1 8 2 0 8 7 10 8 12 12 2
split_gain=1.04818 0.678244 0.695572 0.671871 0.843525 0.573494 0.868484 1.36425 0.757892 0.656941 0.584906 0.805647 0.630471 0.559473 0.736447 0.748429 0.63857 0.539413 0.64185 0.480476 0.528275 0.61492 0.55056 0.519544 0.62243 0.672987 0.48314 0.784544 0.471165 0.669412
threshold=23.375000000000004 0.79828995753455312 -0.099900786563212149 -0.32564417021872677 0.0052390472249919757 0.01957521731832889 -0.2822259610903306 3.2500000000000004 0.02946610733070339 -0.049181148970111083 -0.098568827980813831 -0.20770709459538697 -0.33614328468576293 -0.21862585142415089 25.125000000000004 -0.058597079254043651 0.11887690266527268 27.375000000000004 0.17351764972240133 -0.30245185143146952 0.12373509381151683 -0.28600361417590353 0.080401387608890831 0.91218493943478907 -0.16063482418905953 3.5000000000000004 0.093214754799876495 -1.2499999999999998 -10.749999999999998 -0.17719949510213198
decision_type=8 2 2 2 10 2 2 8 2 2 2 2 8 8 10 2 2 10 10 2 2 10 8 2 2 2 2 10 10 8
left_child=1 2 28 4 -4 9 7 -7 -8 17 11 -10 -13 14 15 -14 -15 -2 -19 -5 26 22 -22 24 -24 -26 -21 -28 29 -1
right_child=5 -3 3 19 -6 6 8 -9 10 -11 -12 12 13 16 -16 -17 -18 18 -20 20 21 -23 23 -25 25 -27 27 -29 -30 -31
leaf_value=0.00080544957050329279 -5.2513746657479777e-06 -0.0051712311601096938 0.00024470986654151879 -0.0017617537996598655 0.0028377289009159025 -0.0077526421730334943 0.0026855581064636892 0.00056972053647041325 0.0040453813739997502 -0.00068672554883167283 0.00068103813782142563 0.002794229532389537 -0.0082854471237470313 -0.001651717455890239 -0.00034483264666050671 -0.0016211933908717973 0.00040116762301706905 0.0011047199643792005 -0.0026762022391745919 0.00013334674764561272 -0.00012434748928772949 -0.00059048172086085496 -0.0017639254507693378 -0.00063225572463124994 0.0063947327812202276 0.0018622032688060581 0.0036136931224833601 -0.0014341683189074198 -0.00052025427796558094 -0.0038573382369791851
leaf_weight=18 1115 10.999999999999998 184 70 69 12.999999999999998 65 20 17 422 1344 23 13.000000000000002 89 32 13.999999999999998 190 328 19 1153 236 1040 10.999999999999998 28 20 38 39 18 1106 39
leaf_count=18 1115 11 184 70 69 13 65 20 17 422 1344 23 13 89 32 14 190 328 19 1153 236 1040 11 28 20 38 39 18 1106 39
internal_value=9.43039e-06 -0.000211702 -0.000198294 -3.28699e-05 0.000951897 0.00025301 0.00050621 -0.00270879 0.00056558 8.41127e-06 0.000485558 -0.000209483 -0.00040985 -0.000627879 -0.00239732 -0.00482991 -0.000253695 0.00020906 0.000897695 -0.000126781 -8.24728e-05 -0.00035098 0.000397015 0.00166548 0.0025979 0.00342514 0.000222205 0.00201963 -0.000611642 -0.00238488
internal_weight=7784 4080 4069 2906 253 3704 1820 33 1787 1884 1722 378 361 338 59 27 279 1462 347 2653 2583 1373 333 97 69 58 1210 57 1163 57
internal_count=7784 4080 4069 2906 253 3704 1820 33 1787 1884 1722 378 361 338 59 27 279 1462 347 2653 2583 1373 333 97 69 58 1210 57 1163 57
is_linear=0
shrinkage=0.02


Tree=85
num_leaves=31
num_cat=0
split_feature=12 7 1 5 3 7 6 3 3 6 1 9 0 9 7 10 5 0 6 3 2 3 3 3 9 6 6 9 9 3
split_gain=0.7506 0.733864 0.875467 1.01097 0.96484 0.828438 0.924069 0.825989 0.9897 0.715076 0.697381 0.982257 0.691325 0.669483 0.703316 0.700732 0.663733 0.779686 0.64652 0.638246 0.587533 0.763998 0.593473 0.55221 0.541266 1.07188 1.04773 0.715173 0.690329 0.816256
threshold=-10.249999999999998 0.073327123109506162 -0.036965421321996594 2.5000000000000004 0.52351472232827712 -0.10517004110386956 -0.037337155002765222 0.12060491571261381 0.11183865668516042 0.044005351957698752 -0.07451326885910374 0.091663393926248671 -0.16882801342634005 0.25747233227892369 -0.019421233190532981 9.5000000000000018 1.5000000000000002 -0.11394788157036141 -0.19739516711537966 -0.64373215228794156 -0.14704031754634667 0.2766407182805718 -0.16321573281824206 -0.072676169490782636 0.23340570392378593 -0.086741127001773985 -0.078316070832398207 0.63184119478041945 0.53674885950173679 0.24901937964620427
decision_type=8 2 2 2 10 2 2 10 10 2 2 8 8 10 2 2 2 8 2 8 10 8 8 10 8 2 2 8 10 10
left_child=-1 5 3 10 -4 6 16 8 -8 -9 18 -12 13 14 -7 -16 17 20 -3 -14 22 -22 -2 -20 25 -5 -27 28 -26 -30
right_child=1 2 4 24 -6 12 7 9 -10 -11 11 -13 19 -15 15 -17 -18 -19 23 -21 21 -23 -24 -25 27 26 -28 -29 29 -31
leaf_value=-0.0010194392881139104 -0.0026026949746643796 0.0019618253690983963 0.00065236412263890045 -0.00056591749956043293 0.005932719574442932 -0.0011788904479833255 0.00059103021597178601 0.0030552554799308357 -0.0046291947197169064 -0.00019474965192981669 -0.0070017251620690026 -0.00114501634109599 -0.002989607320221908 -0.00031309518817579374 -0.0025662123212324725 -0.0077138593880569234 -0.00026668031323616264 0.0011070375591745508 -0.0015507525366030362 -0.000224039689756666 -0.0068050560195531164 7.2087405715137704e-05 0.0023253211249475896 0.00023502613882240103 0.00019952279691031014 0.008276900003353755 0.0019771666019964456 0.0010110089244895516 -0.00094389164251171894 -0.0068417072966694839
leaf_weight=266 17 54 1224 65 13.999999999999998 58 461 101 14.999999999999998 37 11.999999999999998 252 34 96 28 17 1462 305 109 1829 13.999999999999998 12.000000000000002 23 190 483 11.999999999999998 88 293 153 9.9999999999999982
leaf_count=266 17 54 1224 65 14 58 461 101 15 37 12 252 34 96 28 17 1462 305 109 1829 14 12 23 190 483 12 88 293 153 10
internal_value=2.45441e-05 6.17294e-05 0.000306468 1.46939e-05 0.000712077 -9.88789e-05 0.000149977 0.000821502 0.000426527 0.00218388 -0.000633717 -0.00141123 -0.000394199 -0.00151469 -0.00263461 -0.00451088 -7.49642e-05 0.000680532 -5.22337e-05 -0.000274512 -0.00129044 -0.00363099 0.000230914 -0.000415977 0.000377076 0.00143351 0.00273313 0.000191441 -0.000180283 -0.00130572
internal_weight=7734 7468 2959 1721 1238 4509 2447 614 476 138 617 264 2062 199 103 45 1833 371 353 1863 66 26 40 299 1104 165 100 939 646 163
internal_count=7734 7468 2959 1721 1238 4509 2447 614 476 138 617 264 2062 199 103 45 1833 371 353 1863 66 26 40 299 1104 165 100 939 646 163
is_linear=0
shrinkage=0.02


Tree=86
num_leaves=31
num_cat=0
split_feature=12 7 1 3 3 7 6 3 3 6 0 3 3 0 3 0 2 2 3 3 8 6 6 0 2 7 6 3 10 7
split_gain=0.720877 0.704803 0.840799 0.926632 0.903228 0.795632 0.887476 0.79328 0.950508 0.686759 0.663948 0.628787 0.612972 0.600155 0.536334 0.509814 0.697578 0.684449 0.672896 0.505739 0.503985 0.825086 0.769455 0.652699 0.501528 0.529017 0.939258 0.708228 0.62075 1.11478
threshold=-10.249999999999998 0.073327123109506162 -0.036965421321996594 0.52351472232827712 -0.092270461048096983 -0.10517004110386956 -0.037337155002765222 0.12060491571261381 0.11183865668516042 0.044005351957698752 -0.16882801342634005 -0.09891770158802797 -0.64373215228794156 -0.056405561392504279 0.32946204017305625 -0.14012539377054098 0.41057346739506245 0.57683325776408723 -0.17141005776882653 -0.64373215228794156 -0.014580465773829305 -0.13579000682937056 -0.021791771329305657 -0.052203385696226338 -0.19418197998488718 0.01957521731832889 -0.027227986945286022 0.035407435587030606 11.500000000000002 0.014846044590527884
decision_type=8 2 2 10 8 2 2 10 10 2 8 10 8 10 10 10 10 8 8 8 2 2 2 10 8 2 2 8 2 2
left_child=-1 5 4 14 11 6 19 8 -8 -9 -7 -3 -12 -6 -4 18 -17 -18 -14 -2 23 -22 -23 -15 -20 28 -27 -28 29 -26
right_child=1 2 3 -5 13 10 7 9 -10 -11 12 -13 15 20 -16 16 17 -19 24 -21 21 22 -24 -25 25 26 27 -29 -30 -31
leaf_value=-0.00099905051666712816 0.0028107381635345519 -0.00064355533572000732 0.0006874986881192077 0.0058140651881694793 0.00041802706985022967 -0.0014843914252308072 0.00057920963256006229 0.0029941503858507269 -0.004536610824366411 -0.00019085466962408373 -0.0029298151080044644 -0.0051099850595570529 0.0021356890900393151 -0.0060902531016618008 -0.0029984131362289189 -0.00036359368435885322 -0.0069175048057849584 -0.0004275187563437681 -0.002470811904097597 -0.00011172960758202278 -0.0039757788476708815 0.0028344013406014119 -0.0022071676204601922 -0.0011037973543362959 -0.00046360367922506371 0.00028473432563049227 0.00064943808202560128 0.0067076290006700314 0.0013602191653155104 -0.0069967012835497212
leaf_weight=266 24 418 1208 13.999999999999998 1169 199 461 101 14.999999999999998 37 34 12.999999999999998 70 14.999999999999998 15.999999999999998 1286 12.999999999999998 13.000000000000002 30 1809 15.999999999999998 37 18 35 208 95 12.999999999999998 19 71 10.999999999999998
leaf_count=266 24 418 1208 14 1169 199 461 101 15 37 34 13 70 15 16 1286 13 13 30 1809 16 37 18 35 208 95 13 19 71 11
internal_value=2.40532e-05 6.04948e-05 0.000300339 0.000697836 1.44e-05 -9.69013e-05 0.000146977 0.000805072 0.000417997 0.0021402 -0.000386315 -0.000778274 -0.000269021 0.000279239 0.000639317 -0.000219559 -0.000429167 -0.00367251 0.000312367 -7.34649e-05 -0.00106161 2.15686e-05 0.00118443 -0.00259973 2.68352e-05 0.000206522 0.00128297 0.00424649 -0.000264889 -0.00079175
internal_weight=7734 7468 2959 1238 1721 4509 2447 614 476 138 2062 431 1863 1290 1224 1829 1312 26 517 1833 121 71 55 50 447 417 127 32 290 219
internal_count=7734 7468 2959 1238 1721 4509 2447 614 476 138 2062 431 1863 1290 1224 1829 1312 26 517 1833 121 71 55 50 447 417 127 32 290 219
is_linear=0
shrinkage=0.02


Tree=87
num_leaves=31
num_cat=0
split_feature=12 7 1 5 7 6 1 9 0 9 7 10 5 0 6 9 13 13 9 9 6 6 9 9 6 5 13 9 0 6
split_gain=0.69233 0.676892 0.807503 0.968593 0.764125 0.852332 0.664274 0.940093 0.637656 0.642972 0.675464 0.672983 0.635784 0.748153 0.619551 0.550613 0.536298 0.530649 0.527539 0.520132 1.02808 1.00343 0.685377 0.663502 0.797022 0.726398 0.735335 0.629373 0.596558 0.535997
threshold=-10.249999999999998 0.073327123109506162 -0.036965421321996594 2.5000000000000004 -0.10517004110386956 -0.037337155002765222 -0.07451326885910374 0.091663393926248671 -0.16882801342634005 0.25747233227892369 -0.019421233190532981 9.5000000000000018 1.5000000000000002 -0.11394788157036141 -0.19739516711537966 0.82868613925959889 15.875000000000002 19.625000000000004 0.36812662522055817 0.23340570392378593 -0.086741127001773985 -0.078316070832398207 0.63184119478041945 0.53674885950173679 -0.21601549085377605 3.5000000000000004 22.875000000000004 0.20133249969244046 -0.2302965092303125 -0.24442219053752107
decision_type=8 2 2 2 2 2 2 8 8 10 2 2 2 8 2 10 8 10 8 8 2 2 8 10 2 2 8 10 10 2
left_child=18 4 3 6 5 12 14 -8 9 10 -6 -12 13 -2 -3 -10 -14 -18 -1 20 27 -22 23 25 -25 26 -21 28 -5 -27
right_child=1 2 -4 19 8 -7 7 -9 15 -11 11 -13 16 -15 -16 -17 17 -19 -20 22 21 -23 -24 24 -26 29 -28 -29 -30 -31
leaf_value=0.00027698378515523972 -0.0012632840101353146 0.0019185532679505371 0.00068387908661945486 0.00050982273344335883 -0.0011256247829175569 0.00078897029723633554 -0.0068485882723083105 -0.0011189597490426553 -0.00033005059989044339 -0.00027714549612331514 -0.0024852002498560719 -0.0075298943019965116 0.003078594640583584 0.0010852150572005842 -0.00040912732143222937 0.0015165326492526437 -0.0010585679654016261 -0.00010875234354635311 -0.0016106443006366409 0.0032304232633086267 0.0081025127073129019 0.0019373992241294633 0.00098915710441335888 -0.0052497546116097105 -0.00078766139991709894 0.0031508996348608943 0.00027829121436095901 0.0038066914305090907 -0.0037060184467583891 -0.00049293582414433081
leaf_weight=89 66 54 1238 28.999999999999996 58 614 11.999999999999998 252 1796 96 28 17 19 305 299 67 296 1147 177 54 11.999999999999998 88 293 18 145 17 90 10.999999999999998 25.000000000000004 322
leaf_count=89 66 54 1238 29 58 614 12 252 1796 96 28 17 19 305 299 67 296 1147 177 54 12 88 293 18 145 17 90 11 25 322
internal_value=2.35722e-05 5.92849e-05 0.000294332 1.4112e-05 -9.49633e-05 0.000144038 -0.000620564 -0.0013794 -0.000378588 -0.0014547 -0.00255223 -0.00439097 -7.19956e-05 0.000667423 -5.30515e-05 -0.000263641 -0.000259632 -0.000303586 -0.000979069 0.000368818 0.00140442 0.00267721 0.000186843 -0.000177055 -0.00128041 0.000195298 0.00138534 -0.000553723 -0.00144196 -0.000310207
internal_weight=7734 7468 2959 1721 4509 2447 617 264 2062 199 103 45 1833 371 353 1863 1462 1443 266 1104 165 100 939 646 163 483 144 65 54 339
internal_count=7734 7468 2959 1721 4509 2447 617 264 2062 199 103 45 1833 371 353 1863 1462 1443 266 1104 165 100 939 646 163 483 144 65 54 339
is_linear=0
shrinkage=0.02


Tree=88
num_leaves=31
num_cat=0
split_feature=12 6 9 9 2 8 6 8 2 2 2 2 1 2 9 2 3 13 2 12 8 12 6 9 1 13 0 2 9 8
split_gain=0.664914 0.592573 0.65692 0.506648 0.504344 0.648307 0.504127 0.493818 0.479011 0.492904 0.506988 0.452909 0.438983 0.65296 1.22532 0.465681 0.761044 0.611543 0.472955 0.939831 0.503146 0.471613 0.43869 0.595986 0.636822 0.587272 0.661849 0.5766 0.659466 0.531866
threshold=-10.249999999999998 -0.072374285433961252 0.80903101440163572 0.36812662522055817 0.50812436139884698 0.068397879611606691 0.02027332026250556 -0.19336915271413133 1.0000000180025095e-35 -0.079031190678910998 -0.25692503209362244 -0.069170878394954824 -0.15827953668175185 0.41057346739506245 0.40950830305401587 0.19079878871561115 0.24417053599625563 21.625000000000004 0.23620026680247977 1.7500000000000002 -0.2354358032895997 7.2500000000000009 -0.083522042432690638 0.54027337410533882 -0.042702058481143439 25.125000000000004 0.15908207767086316 0.013719247259148654 0.57151357222425403 -0.60926887513405681
decision_type=8 2 10 8 10 2 2 2 10 8 10 10 2 10 8 10 10 8 10 10 2 10 2 8 2 8 8 10 10 2
left_child=3 2 22 7 12 6 -6 -1 9 10 -5 -4 -3 15 -15 16 -14 -17 19 -19 -21 -20 -2 25 -25 29 -27 -26 -29 -24
right_child=1 4 11 8 5 -7 -8 -9 -10 -11 -12 -13 13 14 -16 17 -18 18 21 20 -22 -23 23 24 27 26 -28 28 -30 -31
leaf_value=-0.0024956751913996415 -8.6381095657269674e-05 -0.00044530763730613726 -0.00061467536492273208 -0.0032081989561900115 0.0019695622367518284 -0.0005753098954172695 0.0076910597492348071 0.0010735076787355153 0.00067950427592281372 -0.0040524160371136824 -0.0003626834824681282 0.0018735263052763879 0.00030668368557504799 -0.0074284981594731391 0.0020507851690053942 -0.0014545745909428939 -0.0033470562845468524 0.0079974105954170229 -4.5974103544475664e-05 0.0056383189017122437 0.00073460111477678376 0.0033303171655406122 -0.005127723291516304 -0.00047968700362712536 -0.0020199176719920202 0.0027829543889707161 -0.0017547623751064142 -0.0096171605922281706 -0.0023537423238158225 -0.00046607362653202055
leaf_weight=20 3745 342 40 39 14.000000000000002 17 10.999999999999998 69 31 37 70 109 2664 12.000000000000002 9.9999999999999982 26 23 12.999999999999998 59 10.999999999999998 35 23 10.999999999999998 76 55 45 18 10.000000000000002 9.9999999999999982 89
leaf_count=20 3745 342 40 39 14 17 11 69 31 37 70 109 2664 12 10 26 23 13 59 11 35 23 11 76 55 45 18 10 10 89
internal_value=2.31007e-05 5.80992e-05 -9.87093e-05 -0.000959488 0.000260507 0.00243798 0.00448702 0.000271444 -0.00157843 -0.00205786 -0.0013808 0.00120555 0.000232088 0.00031264 -0.00311973 0.000339099 0.000275409 0.00136386 0.00188357 0.00324913 0.00190723 0.000901034 -0.000146587 -0.000864646 -0.00176994 -2.60017e-05 0.00148646 -0.00307739 -0.00598545 -0.000978855
internal_weight=7734 7468 4208 266 3260 42 25 89 177 146 109 149 3218 2876 22 2854 2687 167 141 59 46 82 4059 314 151 163 63 75 20 100
internal_count=7734 7468 4208 266 3260 42 25 89 177 146 109 149 3218 2876 22 2854 2687 167 141 59 46 82 4059 314 151 163 63 75 20 100
is_linear=0
shrinkage=0.02


Tree=89
num_leaves=31
num_cat=0
split_feature=7 1 3 3 7 6 3 6 0 7 7 7 3 12 12 3 7 3 8 13 6 3 3 12 7 12 7 7 8 0
split_gain=0.643902 0.877035 0.869854 0.694206 0.671651 0.899323 0.787916 0.783328 0.72576 0.733021 0.665975 0.876049 0.616966 0.604185 0.599351 0.668137 0.584039 0.563616 0.604084 0.73916 1.09644 0.598944 0.551448 1.32657 1.06564 0.648798 0.529624 0.698521 0.676976 0.74578
threshold=0.089412203931785048 -0.036965421321996594 0.52351472232827712 -0.16321573281824206 -0.10517004110386956 -0.037337155002765222 0.22978397556238364 0.044005351957698752 -0.16882801342634005 -0.10357535420037965 0.12113192890314249 0.11887690266527268 -0.64373215228794156 -8.2499999999999982 -2.7499999999999996 0.0044350088428067704 -0.17785968007252123 -0.19001431398536564 -0.20331677742521367 23.125000000000004 -0.068695367000700544 -0.20249156917329356 -0.25668456954469815 1.2500000000000002 0.21081340135139126 7.2500000000000009 0.17110663871221293 0.18113643461098886 -1.0000000180025095e-35 -0.098568827980813831
decision_type=2 2 10 8 2 2 10 2 8 2 2 2 8 10 10 10 2 10 2 10 2 10 10 8 2 10 2 2 2 8
left_child=4 3 10 17 5 12 -7 16 -6 -10 11 13 -1 -3 15 -15 -8 21 -19 20 -20 22 25 24 -24 26 -2 -28 -29 -30
right_child=1 2 -4 -5 8 6 7 -9 9 -11 -12 -13 -14 14 -16 -17 -18 18 19 -21 -22 -23 23 -25 -26 -27 27 28 29 -31
leaf_value=0.0029509099501256759 0.0019821326666408117 -0.0027669578160230929 0.0056330747795956468 0.00015206643105238784 -0.001430651770953463 0.00052054615798291526 0.0025467558246519829 -0.0013699587727231638 -0.0033492904795954627 -0.00020058082543289527 0.00042152981465432579 0.0067648530006408697 -0.00015122809365940347 0.0049697062107069154 0.00085110139220534843 -0.00068110988729379394 0.0071391750173643229 0.00057337723175684616 -0.0060692078669865928 -0.00882966697216034 0.0020416642911732191 0.0031042761333725036 -0.0095742461028007365 0.00086123450245294308 -0.002218854087346699 -0.0048624337058175695 -0.0053819427656179118 -0.0023432228657783885 -0.0017909168250237904 0.002905427940729025
leaf_weight=26 45 12.999999999999998 13.999999999999998 1382 229 568 36 13.999999999999998 30 2083 1001 12.999999999999998 1877 35 98 10.999999999999998 15.999999999999998 14.999999999999998 14.999999999999998 9.9999999999999982 12.000000000000002 17 12.999999999999998 27 20 10.999999999999998 10.999999999999998 33 21 38
leaf_count=26 45 13 14 1382 229 568 36 14 30 2083 1001 13 1877 35 98 11 16 15 15 10 12 17 13 27 20 11 11 33 21 38
internal_value=2.26387e-05 0.0002612 0.000677335 -3.40815e-05 -0.000116958 0.000108502 0.000760885 0.00282925 -0.00036119 -0.000245286 0.000618087 0.00177546 -0.000108845 0.00136232 0.00173511 0.00361842 0.00395981 -0.000927333 -0.0028122 -0.00418472 -0.00246438 -0.000512024 -0.000792742 -0.00242648 -0.00511643 -0.000176236 0.000172063 -0.000618745 -4.9232e-05 0.00123385
internal_weight=7734 2855 1185 1670 4879 2537 634 66 2342 2113 1171 170 1903 157 144 46 52 288 52 37 27 236 219 60 33 159 148 103 92 59
internal_count=7734 2855 1185 1670 4879 2537 634 66 2342 2113 1171 170 1903 157 144 46 52 288 52 37 27 236 219 60 33 159 148 103 92 59
is_linear=0
shrinkage=0.02


Tree=90
num_leaves=31
num_cat=0
split_feature=6 1 2 0 12 2 7 8 2 12 10 8 2 10 2 6 10 6 0 12 10 12 12 8 1 7 0 3 3 0
split_gain=0.617447 0.769058 0.613221 1.28684 0.575313 0.500724 0.608281 0.72156 0.496693 0.93748 0.570504 0.482143 0.456641 0.454468 0.448153 0.640814 0.766833 0.735295 0.609814 0.635073 0.57403 0.461517 1.46135 0.466406 0.599074 0.443166 0.891804 0.702003 0.41406 0.404624
threshold=-0.072374285433961252 -0.15827953668175185 0.19889598445887255 -0.20609592184305245 15.250000000000002 0.011168562787684267 0.048707182202997072 -0.090304297501704697 0.19079878871561115 -9.7499999999999982 1.5000000000000002 -1.0928503282374762 0.16980861286383428 8.5000000000000018 -0.079031190678910998 -0.32428857221274549 4.5000000000000009 -0.25945733945184529 -0.096543243050604008 -3.2499999999999996 15.500000000000002 -9.7499999999999982 -10.249999999999998 0.12903502159653413 -0.055314143590847985 0.54009355214914778 0.10491167499746484 0.097609831192687499 -0.28272729004472674 -0.031784979775293147
decision_type=2 2 10 10 10 10 2 2 8 8 2 2 10 2 8 2 2 2 8 8 2 8 10 2 2 2 8 10 10 8
left_child=14 2 5 -4 8 -2 -7 -8 12 -10 11 -11 -3 -14 15 16 -1 18 19 -17 21 22 23 24 -19 -16 27 -27 -26 -20
right_child=1 4 3 -5 -6 6 7 -9 9 10 -12 -13 13 -15 25 17 -18 20 29 -21 -22 -23 -24 -25 28 26 -28 -29 -30 -31
leaf_value=0.0051418532969223132 -0.00078378072980375972 0.00023638151139327226 5.4942866166432688e-06 -0.0092567590214312073 -0.0028553980092882463 0.003515523144832024 0.0031727226213975374 -0.0034814142109826206 -0.0046181282882268235 -0.0039882775545120241 0.0016899523680285354 0.00050517798589428829 -0.0045508228552603204 0.00029488212739427883 -2.9236674569272263e-05 -0.0079937091842293747 -7.9753455395499868e-05 1.8309504889390049e-05 0.00071007876540534203 -0.0021167134258307904 -0.0041266329833888451 -0.00041027155323171644 0.0043119117105379703 0.0016286473663953635 -0.0013326393365859983 -0.0026758490956854076 0.0069237175109711563 0.0030817678085036781 -0.0069557312266393147 -0.002120374632549697
leaf_weight=18 287 2478 15.000000000000002 9.9999999999999982 23 26 11.000000000000002 15.999999999999998 11.999999999999998 9.9999999999999982 254 213 16.000000000000004 14.999999999999998 2437 11.999999999999998 30 34 31 19.000000000000004 15.999999999999998 1573 35 26 10.000000000000002 15.999999999999998 10.999999999999998 18 10.999999999999998 58
leaf_count=18 287 2478 15 10 23 26 11 16 12 10 254 213 16 15 2437 12 30 34 31 19 16 1573 35 26 10 16 11 18 11 58
internal_value=-1.16664e-05 0.000190907 -0.000676245 -0.00369941 0.000295677 -0.000453953 0.00133209 -0.00077047 0.000319851 0.000902966 0.00104186 0.000303678 0.000206203 -0.00220613 -0.000169166 -0.000402717 0.00187835 -0.000462712 -0.00197593 -0.00439168 -0.00035621 -0.000320493 0.000896938 -0.000578668 -0.00162213 7.07871e-06 0.00197376 0.000372301 -0.00427807 -0.00113449
internal_weight=7741 3386 365 25 3021 340 53 27 2998 489 477 223 2509 31 4355 1873 48 1825 120 31 1705 1689 116 81 55 2482 45 34 21 89
internal_count=7741 3386 365 25 3021 340 53 27 2998 489 477 223 2509 31 4355 1873 48 1825 120 31 1705 1689 116 81 55 2482 45 34 21 89
is_linear=0
shrinkage=0.02


Tree=91
num_leaves=31
num_cat=0
split_feature=13 6 12 9 9 6 5 13 2 2 6 3 9 9 6 3 3 3 8 3 0 9 6 0 13 6 0 3 2 6
split_gain=0.908486 0.623208 0.599558 0.825398 0.607973 0.530495 0.513424 1.03133 0.679998 0.647181 0.946193 0.94492 0.766016 0.623514 1.27342 0.799496 0.605546 0.959527 0.602791 0.680503 0.591406 0.586902 0.586157 0.57638 0.860047 0.782934 0.653529 0.600453 0.728819 0.575477
threshold=21.625000000000004 -0.32428857221274549 -5.2499999999999991 0.58455017939570031 0.61478853384250598 0.068516601410352165 2.5000000000000004 18.875000000000004 0.023958310302144552 0.069817888283655358 -0.07500431306611216 0.12442945638216263 0.2810496460115845 0.11114335728054402 -0.22070770196064296 -0.37249482039057408 -0.21581732008053495 -0.17608021489743636 0.13351477288324765 0.058779607092945219 -0.054124938557574324 0.11843159876259099 -0.15459816558813227 0.060250391424368957 21.375000000000004 0.0046026116922339442 0.04811112312986137 -0.18626646544748174 0.2122770642688889 0.011039064342851481
decision_type=8 2 8 10 8 2 2 10 8 10 2 10 8 10 2 10 8 8 2 10 10 10 2 10 10 2 10 8 10 2
left_child=1 -1 3 -2 -5 6 7 8 -3 13 11 -11 21 16 20 -16 -9 -18 19 -10 -15 -12 -20 26 25 27 -8 -25 -29 -17
right_child=2 5 -4 4 -6 -7 23 9 18 10 12 -13 -14 14 15 29 17 -19 22 -21 -22 -23 -24 24 -26 -27 -28 28 -30 -31
leaf_value=0.0018479880669488096 0.0020161392453056258 -0.00049643017894255171 0.00010858793066479739 -0.0055148455798625954 0.00017946781287901103 0.00097596856896789419 -0.0002912258034889422 -0.0041450841307717687 0.0054831153251738707 -0.0063850886436800161 -0.0045102379359304888 -0.00020069145730563571 -0.0024009222127497195 -0.0016174287348985667 0.0045253030443564062 -0.00052505236989990988 0.0041640161070972681 -0.0017104457047504471 0.002824450269341468 0.0011228599517447192 -0.0084958349615335462 -0.011362403929233551 -0.0033480862225405872 -0.00038674741074806306 0.0046536638232923689 -0.0041679882657315046 -0.0042334917801267963 0.0030163697485409485 -0.0025910964169319913 0.0031541089439078378
leaf_weight=53 139 211 4772 9.9999999999999982 30 117 1591 36 22 11.999999999999998 10.000000000000002 56 20 10.000000000000002 15.999999999999998 162 11.999999999999998 152 10.000000000000002 41 9.9999999999999982 9.9999999999999982 15.999999999999998 82 21 13.999999999999998 17 59 10.999999999999998 19
leaf_count=53 139 211 4772 10 30 117 1591 36 22 12 10 56 20 10 16 162 12 152 10 41 10 10 16 82 21 14 17 59 11 19
internal_value=-1.1433e-05 -0.000300059 0.000151214 0.00128759 -0.00124411 -0.000341654 -0.000400494 -0.000813468 0.000121981 -0.00134801 -0.00272782 -0.00129206 -0.00516862 -0.000990649 -0.000248194 0.000239972 -0.00179621 -0.00128061 0.0015881 0.00264549 -0.00505663 -0.00793632 -0.000974034 -0.000210687 0.000840244 0.000357823 -0.000332904 0.000774674 0.0021352 -0.000138842
internal_weight=7741 2790 4951 179 40 2737 2620 825 300 525 108 68 40 417 217 197 200 164 89 63 20 20 26 1795 187 166 1608 152 70 181
internal_count=7741 2790 4951 179 40 2737 2620 825 300 525 108 68 40 417 217 197 200 164 89 63 20 20 26 1795 187 166 1608 152 70 181
is_linear=0
shrinkage=0.02


Tree=92
num_leaves=31
num_cat=0
split_feature=13 6 6 12 9 8 12 8 6 8 9 12 8 8 10 0 9 6 2 2 12 12 6 5 13 2 2 6 8 9
split_gain=0.87251 0.598529 0.577255 0.812766 0.882422 1.01158 1.48498 1.14578 0.859732 0.783192 1.11548 0.753199 0.675887 0.933708 0.680566 0.829182 0.625321 0.597436 0.587411 0.586182 0.563097 0.517049 0.509488 0.493092 0.990485 0.65307 0.621553 0.908723 0.793441 1.09678
threshold=21.625000000000004 -0.32428857221274549 -0.071359189572524531 -5.2499999999999991 0.20912513208208555 -0.48402553507862167 13.250000000000002 0.078630084976341649 0.068516601410352165 -0.087721818036643071 0.22317881765678377 6.2500000000000009 -0.075205185299546992 -0.068265094003687327 13.500000000000002 0.02501033894478601 0.59352566240085403 -0.0591265207880508 0.28148443984730792 0.17476839498001581 7.2500000000000009 -3.2499999999999996 0.068516601410352165 2.5000000000000004 18.875000000000004 0.023958310302144552 0.069817888283655358 -0.07500431306611216 -0.021619188884797795 0.32145578996986446
decision_type=8 2 2 8 8 2 8 2 2 2 8 10 2 2 2 10 10 2 8 10 8 8 2 2 10 8 10 2 2 8
left_child=1 -1 -2 16 5 20 8 -8 -7 11 -11 -6 -12 -14 15 -15 -4 -17 19 -13 -5 -19 23 24 25 -3 -26 28 -28 -30
right_child=2 22 3 4 9 6 7 -9 -10 10 12 18 13 14 -16 17 -18 21 -20 -21 -22 -23 -24 -25 26 -27 27 -29 29 -31
leaf_value=0.0018110283000289267 -5.2555244001488035e-05 -0.00048650155181586039 0.0028417407318455986 0.00025769713927399027 0.00031249992238552114 -0.00015275851729210844 -0.0023104147066672636 -0.011050279721617699 -0.0041135280076414352 0.007036055570298975 0.0050145492142265923 -0.0012841129295923044 -0.0047368151264695017 0.00017991274004356916 0.0017494546491749238 0.0041041647704939052 -0.0015954672818382582 0.005345026197927919 -0.0041923797192672894 0.0025632971939113405 0.0068151442185044268 0.00090555761605827956 0.00095644920361904887 -0.00020647373296220562 -0.00097083637366915572 0.0015563382337319802 0.0022031835976399875 -0.0050652491345535965 0.0023678520207221694 -0.0044095876678410511
leaf_weight=53 2656 211 83 10.999999999999998 364 178 15.000000000000002 9.9999999999999982 25 10.999999999999998 13.999999999999998 132 12.999999999999998 910 193 30 14.999999999999998 10.999999999999998 24 18 10.000000000000002 228 117 1795 417 89 19 40 12.999999999999998 36
leaf_count=53 2656 211 83 11 364 178 15 10 25 11 14 132 13 910 193 30 15 11 24 18 10 228 117 1795 417 89 19 40 13 36
internal_value=-1.12044e-05 -0.000294057 0.00014819 0.000380512 0.00030102 -0.000820089 -0.00120697 -0.00580636 -0.000640538 0.000444324 0.000692039 -0.00020489 0.000642157 0.00059796 0.000648508 0.000468285 0.00216258 0.00144382 -0.00128725 -0.000822424 0.00338029 0.00110988 -0.000334821 -0.000392485 -0.000797199 0.000119541 -0.00132105 -0.00267326 -0.00126621 -0.00261149
internal_weight=7741 2790 4951 2295 2197 249 228 25 203 1948 1410 538 1399 1385 1372 1179 98 269 174 150 21 239 2737 2620 825 300 525 108 68 49
internal_count=7741 2790 4951 2295 2197 249 228 25 203 1948 1410 538 1399 1385 1372 1179 98 269 174 150 21 239 2737 2620 825 300 525 108 68 49
is_linear=0
shrinkage=0.02


Tree=93
num_leaves=31
num_cat=0
split_feature=13 6 12 9 9 6 5 13 0 13 6 13 0 9 6 0 6 6 1 10 0 9 0 9 0 1 7 1 10 9
split_gain=0.837958 0.574827 0.555075 0.769984 0.581961 0.489312 0.473566 0.951262 0.553555 0.825989 0.75193 0.633525 0.507539 0.499752 1.34833 0.575676 0.527834 0.489343 0.642152 0.612864 0.529765 0.495448 0.478904 0.46843 0.520688 0.480545 0.457937 0.456682 0.583425 0.456558
threshold=21.625000000000004 -0.32428857221274549 -5.2499999999999991 0.58455017939570031 0.61780611786866635 0.068516601410352165 2.5000000000000004 18.875000000000004 0.060250391424368957 21.375000000000004 0.0046026116922339442 21.375000000000004 0.022299210031619471 0.098809987036892422 -0.22070770196064296 0.12999339467635945 0.011039064342851481 -0.10870240855279717 -0.028881477548954867 10.500000000000002 -0.094409414030780139 0.43891650558410195 0.096704571486304416 0.25393650790812011 -0.0090550588492103127 -0.036617237752999833 0.0075961200936208884 -0.066967255385341221 6.5000000000000009 0.40713239891401987
decision_type=8 2 8 10 10 2 2 10 10 10 2 10 8 10 2 10 2 2 2 2 8 10 8 8 10 2 2 2 2 8
left_child=1 -1 3 26 -5 6 7 12 11 10 -10 29 -3 -9 -15 16 17 -16 19 -19 -21 -20 -14 -13 25 -25 -2 -28 -29 -8
right_child=2 5 -4 4 -6 -7 8 13 9 -11 -12 23 22 14 15 -17 -18 18 21 20 -22 -23 -24 24 -26 -27 27 28 -30 -31
leaf_value=0.0017748077450987865 0.0033825531231101466 -0.00051779178970002952 0.00010421160194428644 -0.0053849825561046605 0.00018618704091447096 0.00093732022721137315 0.00029900268213160991 -0.0019619169293215869 0.00076331009993354159 0.0045647201048476353 -0.0040804990700313024 -0.0048042524570380066 0.0041715798847791223 -0.0051588298596441755 0.00063037315250507415 -0.0042383144689457763 0.0028869540210474621 0.0010249122239362734 -0.0059796697865514194 -0.0054089225534283162 -0.00015523946364684137 -0.0011510871739729364 0.00061065370761888456 -0.0015910317313115477 -0.004525636223552283 0.0016725460155150636 0.0024761519900544783 0.0015853944032763443 -0.003177878458259834 -0.00045100727199996445
leaf_weight=53 54 188 4772 9.9999999999999982 30 117 478 242 152 21 13.999999999999998 17 18 25 105 13.999999999999998 22 52 17 13.999999999999998 17.000000000000004 17 94 59 15.999999999999998 26 43 24 18 1012
leaf_count=53 54 188 4772 10 30 117 478 242 152 21 14 17 18 25 105 14 22 52 17 14 17 17 94 59 16 26 43 24 18 1012
internal_value=-1.09803e-05 -0.000288176 0.000145226 0.00123864 -0.00120661 -0.000328124 -0.000384635 -0.000781255 -0.000202344 0.000827568 0.000354796 -0.000322116 0.00011715 -0.00129463 -0.000724016 -0.000294285 -6.79887e-05 -0.000360821 -0.00125035 -0.000302031 -0.00252787 -0.00356538 0.00118295 -0.00173277 -0.00121579 -0.000592761 0.0019423 0.00102732 -0.000456008 -0.0002104
internal_weight=7741 2790 4951 179 40 2737 2620 825 1795 187 166 1608 300 525 283 258 244 222 117 83 31 34 112 118 101 85 139 85 42 1490
internal_count=7741 2790 4951 179 40 2737 2620 825 1795 187 166 1608 300 525 283 258 244 222 117 83 31 34 112 118 101 85 139 85 42 1490
is_linear=0
shrinkage=0.02


Tree=94
num_leaves=31
num_cat=0
split_feature=13 6 9 8 13 8 9 8 8 10 2 5 6 6 13 3 9 3 2 13 6 9 2 3 2 5 10 9 13 7
split_gain=0.804775 0.552152 0.700883 0.89459 0.915352 0.718927 1.05319 0.692517 0.999216 0.589091 0.556717 0.5893 0.553033 0.552064 0.54107 0.902722 0.774116 0.55329 0.506188 0.500491 0.536258 0.567636 0.53979 0.689059 0.554133 0.660502 0.624154 0.650731 0.549706 0.581688
threshold=21.625000000000004 -0.071359189572524531 0.20912513208208555 -0.48402553507862167 32.375000000000007 -0.087721818036643071 0.22317881765678377 -0.075205185299546992 -0.068265094003687327 14.500000000000002 0.20536312534761123 2.5000000000000004 0.094289999187937887 -0.32428857221274549 23.125000000000004 0.22614070984807874 0.13894601930536757 -0.58991456367464112 -0.44499460231666238 32.125000000000007 -0.061696161297854775 0.29402727758387953 0.072113462340060899 -0.25238710069123865 0.097814382474539885 3.5000000000000004 10.500000000000002 0.38922086338311329 25.125000000000004 0.12788888507436966
decision_type=8 2 8 2 8 2 8 2 2 2 10 2 2 2 10 8 10 10 8 8 2 8 8 10 8 2 2 10 10 2
left_child=13 -2 3 -3 12 18 -7 -8 -9 19 11 -11 14 -1 15 16 -5 -16 -4 20 21 -10 23 -22 -24 -26 27 -27 -25 -30
right_child=1 2 5 4 -6 6 7 8 9 10 -12 -13 -14 -15 17 -17 -18 -19 -20 -21 22 -23 24 28 25 26 -28 -29 29 -31
leaf_value=0.0017393115577551555 -5.4010123975709269e-05 0.0032475288212299347 0.0033968896872829646 0.0025650241620400367 -0.0055879319598898291 0.0068932501836256547 0.0049565806022534775 -0.0044980841701229412 -0.0024077570777047762 0.0034849742609189779 0.006601260125637054 0.00035233778646215797 -0.0038962731181987021 -0.00032156200727785503 -0.0037344283618680808 0.0060652883064288357 -0.0039182948220807777 -0.00038036277216366106 -0.00021164305854430153 -0.00093904974087774637 0.0017229836293219431 0.0023533956807971533 0.0031463063789569602 -0.0005574790916945088 0.001695055853613371 -0.0007884014734466161 -0.0030866267178983739 0.0022166853035058905 0.001405762561879149 -0.00037925858334958098
leaf_weight=53 2656 22 15.999999999999998 17.000000000000004 15.999999999999998 10.999999999999998 14.999999999999998 14.999999999999998 10.999999999999998 41 9.9999999999999982 58 19 2737 23 12.999999999999998 12.999999999999998 136 552 82 106 112 49 347 172 70 24 49 165 131
leaf_count=53 2656 22 16 17 16 11 15 15 11 41 10 58 19 2737 23 13 13 136 552 82 106 112 49 347 172 70 24 49 165 131
internal_value=-1.07607e-05 0.000142321 0.000369536 -0.000610407 -0.000968527 0.000494194 0.000727967 0.000681421 0.00063695 0.000690927 0.00210396 0.00164969 -0.000634091 -0.000282413 -0.000327252 0.00166317 -0.000244414 -0.000865542 -0.000109994 0.000574067 0.000674452 0.0019276 0.000535964 0.000228917 0.00116777 0.00086 -0.000144403 0.000448987 -1.7383e-05 0.00061577
internal_weight=7741 4951 2295 259 237 2036 1468 1457 1442 1427 109 99 221 2790 202 43 30 159 568 1318 1236 123 1113 749 364 315 143 119 643 296
internal_count=7741 4951 2295 259 237 2036 1468 1457 1442 1427 109 99 221 2790 202 43 30 159 568 1318 1236 123 1113 749 364 315 143 119 643 296
is_linear=0
shrinkage=0.02


Tree=95
num_leaves=31
num_cat=0
split_feature=13 9 8 0 9 0 2 9 9 0 8 0 3 1 8 7 7 1 13 5 7 0 7 6 13 3 3 13 7 8
split_gain=0.70621 0.749012 1.04718 1.39286 0.646816 0.628559 0.6777 0.545207 0.558644 0.764469 0.808188 1.00021 0.611563 0.857852 1.09203 0.737184 0.646688 0.565722 0.788817 0.688659 0.661316 0.65869 0.622455 0.686041 0.713441 0.558612 0.846409 0.592868 0.585062 0.527522
threshold=27.375000000000004 0.1661753156909305 -0.53872435788994955 -0.2302965092303125 0.22317881765678377 -0.2643298859623408 0.41057346739506245 0.88733914634947875 0.67685608839833622 0.15390952453789633 -0.82406890758269047 -0.16192986795786549 0.36884866425442281 0.021696055762471193 0.10006036800003514 0.44769361455277074 -0.24987099157598355 -0.015031202079925457 20.125000000000004 2.5000000000000004 0.012976751215253718 -0.069285265935813287 0.13969590287191874 1.0000000180025095e-35 25.875000000000004 -0.23930903996653172 -0.18221238542767959 22.375000000000004 0.097678199548106456 -1.4212400498503064
decision_type=8 10 2 10 10 8 10 10 8 10 2 8 8 2 2 2 2 2 10 2 2 10 2 2 10 10 10 10 2 2
left_child=7 2 3 -2 -3 -4 -7 8 29 10 11 -10 16 15 -15 -14 -12 19 20 21 -19 25 -20 24 -24 27 -27 28 -18 -1
right_child=1 4 5 -5 -6 6 -8 -9 9 -11 12 -13 13 14 -16 -17 17 18 22 -21 -22 -23 23 -25 -26 26 -28 -29 -30 -31
leaf_value=0.0026018839969765397 0.0094083665737083981 -0.0019133732373094454 0.0055623369012027983 0.0015291730895638468 0.00030723096539566957 0.00089455191825513105 -0.0039616779106048244 0.0013566618371556546 -0.0080817671027034518 0.0022993112783989914 0.0005229002397001925 -0.0014702105272293988 -0.00018981765414881899 -0.00050551106960609047 0.004677952502828998 0.0050568612597205421 -0.0030573731775467208 -0.0019881731576540254 -0.0012455514262391795 0.0001746764604500508 0.0024884187373699564 0.00034682337405908965 -0.005163060523170445 0.00087194108619139744 -0.00025173680484294892 0.0037713487331683822 -0.0014875064757209095 -0.0010809213864175896 -0.0094919965118169785 2.4928913332682551e-05
leaf_weight=32 13.999999999999998 56 10.999999999999998 25 832 273 11.999999999999998 108 9.9999999999999982 42 187 108 409 29 37 10.999999999999998 13.000000000000002 22 169 357 33 97 56 12.999999999999998 14.999999999999998 12.999999999999998 210 19 9.9999999999999982 4521
leaf_count=32 14 56 11 25 832 273 12 108 10 42 187 108 409 29 37 11 13 22 169 357 33 97 56 13 15 13 210 19 10 4521
internal_value=3.01756e-05 0.000471195 0.00127703 0.0043576 0.000167193 0.000871143 0.000690079 -5.25368e-05 -7.62688e-05 -0.00036832 -0.000429949 -0.00203051 -0.000318851 0.000280688 0.00240037 -5.24046e-05 -0.000558864 -0.000755836 -0.00147303 -0.00044861 0.000697782 -0.00106329 -0.00194494 -0.00335205 -0.00412546 -0.00157944 -0.00118094 -0.00369532 -0.00585504 4.30406e-05
internal_weight=7744 1223 335 39 888 296 285 6521 6413 1860 1818 118 1700 486 66 420 1214 1027 308 719 55 362 253 84 71 265 223 42 23 4553
internal_count=7744 1223 335 39 888 296 285 6521 6413 1860 1818 118 1700 486 66 420 1214 1027 308 719 55 362 253 84 71 265 223 42 23 4553
is_linear=0
shrinkage=0.02


Tree=96
num_leaves=31
num_cat=0
split_feature=13 3 6 2 1 1 6 6 8 8 8 12 8 12 13 3 3 2 6 6 13 13 3 6 1 13 13 2 3 5
split_gain=0.67833 0.652261 0.997821 0.872614 0.523737 0.507916 0.566122 0.486212 0.528979 0.711284 0.535847 0.602572 0.572468 0.516447 0.475272 0.470394 0.461395 0.647909 0.595416 0.930392 0.43734 0.412253 0.82222 0.447286 0.643353 0.521437 0.543769 0.51892 0.627916 0.92045
threshold=25.125000000000004 0.30080136662119022 -0.013195149758565171 0.14423579547075835 -0.021853424836206822 -0.15763558541899234 -0.10674170305187634 -0.098991907597394582 -0.090304297501704697 -0.10404835145430776 -0.075205185299546992 16.750000000000004 0.91218493943478907 -1.2499999999999998 25.875000000000004 0.34119180952207551 -0.24336879656608235 -0.17158517820790359 0.0066774492226448967 -0.031990692789650485 26.125000000000004 25.375000000000004 -0.19670381871357293 -0.14426959519373914 0.20321648762802433 28.125000000000004 30.375000000000004 -0.29382189567798139 -0.0013843088999571996 1.5000000000000002
decision_type=8 10 2 10 2 2 2 2 2 2 2 8 2 8 8 10 8 8 2 2 10 8 10 2 2 10 10 10 10 2
left_child=-1 7 3 -3 -4 6 -5 13 9 -9 -10 16 -13 20 -7 -16 18 -18 19 -12 -2 22 -15 24 27 -25 -27 -23 29 -29
right_child=1 2 4 5 -6 14 -8 8 10 -11 11 12 -14 21 15 -17 17 -19 -20 -21 -22 23 -24 25 -26 26 -28 28 -30 -31
leaf_value=-9.605854863661618e-05 0.00087716812081634998 0.0049758939258754253 0.0054285114968661216 0.00077291437052190274 0.000529059370358785 0.0043533112842123953 -0.0056703440130998692 -1.9058388745417306e-05 0.0040412681569394308 -0.0051804647357626401 0.0016035091981291773 -0.001309149278183569 0.0035184783285314388 -0.0056965891038998967 0.0039185671474445951 -0.00053926548764780715 -0.001104815317467958 0.00085019721659396392 9.2180945524355265e-05 0.006539028173481877 0.0057067430354654789 0.0015562771222200887 -0.00052349217007604404 -0.00018061149657865906 0.0050540956042029643 -0.0029272411611269821 0.00048761490463780671 -0.0048307809786902831 0.00062689405401475991 -0.00047412565386876826
leaf_weight=5339 30 15.999999999999998 32 10.000000000000002 11.999999999999998 11.999999999999998 11.999999999999998 367 19 10.999999999999998 50 92 10.999999999999998 15.999999999999998 10.999999999999998 68 76 629 41 22 9.9999999999999982 87 53 230 10.999999999999998 66 26 22 199 164
leaf_count=5339 30 16 32 10 12 12 12 367 19 11 50 92 11 16 11 68 76 629 41 22 10 87 53 230 11 66 26 22 199 164
internal_value=2.95721e-05 0.000308467 0.00149153 0.000604444 0.0040923 -1.45227e-05 -0.00274159 0.000216769 0.000462585 -0.000169258 0.000716667 0.000648082 -0.000793577 -0.000137702 0.000644768 8.14454e-05 0.000829611 0.000639444 0.00201605 0.00311158 0.00208456 -0.000239407 -0.00172305 -0.000112238 0.00027269 -0.000689629 -0.00196217 0.000161259 -0.000153979 -0.000989429
internal_weight=7744 2405 173 129 44 113 22 2232 1318 378 940 921 103 914 91 79 818 705 113 72 40 874 69 805 483 322 92 472 385 186
internal_count=7744 2405 173 129 44 113 22 2232 1318 378 940 921 103 914 91 79 818 705 113 72 40 874 69 805 483 322 92 472 385 186
is_linear=0
shrinkage=0.02


Tree=97
num_leaves=31
num_cat=0
split_feature=13 9 8 0 9 0 2 9 9 0 8 0 2 7 0 8 7 0 1 13 7 7 9 3 8 0 2 8 8 6
split_gain=0.66758 0.719784 1.00294 1.33744 0.620116 0.596891 0.650164 0.524137 0.535416 0.733985 0.78094 0.961273 0.567319 0.638624 0.662975 1.20902 0.609118 0.566111 0.53053 0.7213 0.697634 0.674632 0.652567 0.50749 0.507262 0.818165 0.477072 0.538503 0.472025 0.466818
threshold=27.375000000000004 0.1661753156909305 -0.53872435788994955 -0.2302965092303125 0.22317881765678377 -0.2643298859623408 0.41057346739506245 0.88733914634947875 0.67685608839833622 0.15908207767086316 -0.82406890758269047 -0.16192986795786549 0.25477277975107687 0.44769361455277074 0.021372522354036385 -0.018223403105799996 -0.24987099157598355 0.034879932511315118 -0.015031202079925457 20.125000000000004 0.13969590287191874 0.012976751215253718 0.72678790783752867 0.049369538895636299 -1.4212400498503064 0.0076239065289252098 -0.40467987735090116 -0.4487282159236235 -0.57318660039935987 1.0000000180025095e-35
decision_type=8 10 2 10 10 8 10 10 8 10 2 8 8 2 10 2 2 10 2 10 2 2 10 10 2 8 10 2 2 2
left_child=7 2 3 -2 23 -4 -7 8 24 10 11 -10 16 14 -14 28 -12 -17 22 21 -21 -20 26 -3 25 -1 -18 -28 -16 -22
right_child=1 4 5 -5 -6 6 -8 -9 9 -11 12 -13 13 -15 15 17 18 -19 19 20 29 -23 -24 -25 -26 -27 27 -29 -30 -31
leaf_value=0.0053716715797781948 0.0092118038915629894 -0.0033521889533315386 0.0054219929823143918 0.0014909372262656689 0.00029687422141040979 0.00087433454705122522 -0.0038822140303091147 0.0013302637395638697 -0.0079215151108801372 0.0025082730794591564 0.00051311196722613178 -0.0014399126498459804 -0.00016522713500307873 0.0050344798002730715 0.001783031934872269 0.0072817838650483351 -0.0028379392928697847 0.0024300900937334912 -0.0021450020089035945 -0.0011283801728284653 -0.0039830826157574648 0.002440571507834124 0.0004258871801346855 0.00058054204054531599 2.4335433888426696e-05 -0.0010748446839196342 0.0015292871225534416 -0.00087441317710477116 -0.0037560678389854732 0.00027767452100912733
leaf_weight=18 13.999999999999998 35 10.999999999999998 25 832 273 11.999999999999998 108 9.9999999999999982 35 187 108 400 10.999999999999998 10.000000000000002 12.999999999999998 44 37 21 162 72 33 237 21 4521 13.999999999999998 41 411 15.999999999999998 11.999999999999998
leaf_count=18 14 35 11 25 832 273 12 108 10 35 187 108 400 11 10 13 44 37 21 162 72 33 237 21 4521 14 41 411 16 12
internal_value=2.89806e-05 0.000457769 0.00124772 0.00426253 0.000159757 0.000850502 0.000674059 -5.14377e-05 -7.47067e-05 -0.000360622 -0.000415642 -0.0019892 -0.000306866 0.000270222 0.000160124 0.0018725 -0.000537229 0.00369153 -0.000727368 -0.00143585 -0.00189531 0.000657293 -0.000437404 -0.00187741 4.20959e-05 0.00255132 -0.000849904 -0.000656378 -0.00162564 -0.0033744
internal_weight=7744 1223 335 39 888 296 285 6521 6413 1860 1825 118 1707 487 476 76 1220 50 1033 300 246 54 733 56 4553 32 496 452 26 84
internal_count=7744 1223 335 39 888 296 285 6521 6413 1860 1825 118 1707 487 476 76 1220 50 1033 300 246 54 733 56 4553 32 496 452 26 84
is_linear=0
shrinkage=0.02


Tree=98
num_leaves=31
num_cat=0
split_feature=13 9 8 4 9 1 2 9 9 1 8 1 2 7 1 8 7 1 1 13 7 7 5 9 8 7 1 9 6 13
split_gain=0.641144 0.691281 0.963227 1.04448 0.595559 0.573254 0.624418 0.503382 0.514213 0.705458 0.745083 0.923206 0.525984 0.616514 0.621612 1.00873 0.586036 0.517555 0.516497 0.699872 0.690754 0.647916 0.646581 0.60264 0.487174 0.545893 0.484079 0.463751 0.461181 0.679633
threshold=27.375000000000004 0.1661753156909305 -0.53872435788994955 1.0000000180025095e-35 0.22317881765678377 -0.26063683662293641 0.41057346739506245 0.88733914634947875 0.67685608839833622 0.15390952453789633 -0.82406890758269047 -0.15983128567828656 0.25477277975107687 0.44769361455277074 0.021696055762471193 -0.018223403105799996 -0.24987099157598355 0.04558966449234534 -0.015031202079925457 20.125000000000004 0.13969590287191874 0.012976751215253718 2.5000000000000004 0.7303509970828187 -1.4212400498503064 -0.081743990392145444 -0.14198698886601188 0.80903101440163572 1.0000000180025095e-35 25.875000000000004
decision_type=8 10 2 2 10 2 10 10 8 2 2 2 8 2 2 2 2 2 2 10 2 2 2 8 2 2 2 8 2 10
left_child=7 2 3 -2 26 -4 -7 8 24 10 11 -10 16 14 -14 -16 -12 -17 22 21 -21 -20 23 -18 25 -1 -3 -23 29 -22
right_child=1 4 5 -5 -6 6 -8 -9 9 -11 12 -13 13 -15 15 17 18 -19 19 20 28 27 -24 -25 -26 -27 -28 -29 -30 -31
leaf_value=-0.00065771736777745751 0.0018629077112732027 0.0017207889879743258 0.0053135532335462903 0.0088060239186653726 0.00029093674523979782 0.0008568478743916705 -0.0038045698415953666 0.0013036584386740019 -0.0077630848959088332 0.0022091938039687062 0.0005028497617732843 -0.0014111144104282615 -0.0001595863739163278 0.0049337900844825941 -0.0013381160840392112 0.006705808125436306 -0.0056295791268348699 0.0021558430269360543 -0.0021021019485557364 -0.0011080616621173317 -0.0049798083575608746 0.00071527207439596007 0.00016941423056958049 -0.00087694461580456993 2.3848722233341135e-05 0.0046610390110627606 -0.0028109543753618545 0.0057447361217981031 0.00027212103828787803 -0.00018626467883586884
leaf_weight=12.999999999999998 26 11.999999999999998 10.999999999999998 12.999999999999998 832 273 11.999999999999998 108 9.9999999999999982 42 187 108 401 10.999999999999998 25 14.999999999999998 10.999999999999998 30 21 161 56 22 364 358 4521 19 44 10.999999999999998 11.999999999999998 14.999999999999998
leaf_count=13 26 12 11 13 832 273 12 108 10 42 187 108 401 11 25 15 11 30 21 161 56 22 364 358 4521 19 44 11 12 15
internal_value=2.8401e-05 0.000448614 0.00122277 0.00417728 0.000156562 0.000833492 0.000660578 -5.0409e-05 -7.32126e-05 -0.000353409 -0.000412612 -0.00194942 -0.000305939 0.000253293 0.000143982 0.00188299 -0.000527244 0.0036725 -0.00071408 -0.00141615 -0.00187211 0.000644147 -0.000428656 -0.00101862 4.1254e-05 0.00250029 -0.00183987 0.00239176 -0.00335419 -0.00396709
internal_weight=7744 1223 335 39 888 296 285 6521 6413 1860 1818 118 1700 482 471 70 1218 45 1031 298 244 54 733 369 4553 32 56 33 83 71
internal_count=7744 1223 335 39 888 296 285 6521 6413 1860 1818 118 1700 482 471 70 1218 45 1031 298 244 54 733 369 4553 32 56 33 83 71
is_linear=0
shrinkage=0.02


end of trees

feature_importances:
wt_snap_share=409
def_rush_epa_adj=327
def_short_pass_epa_adj=298
implied_total=295
form_residual=280
prior_epa_per_opp=273
rolling_epa_per_opp=263
def_deep_pass_epa_adj=243
team_spread=214
baseline_epa_per_opp=182
games_played_so_far=102
draft_tier_int=77
def_used_fallback_int=4
is_cold_start_int=3

parameters:
[boosting: gbdt]
[objective: regression]
[metric: rmse]
[tree_learner: serial]
[device_type: cpu]
[data_sample_strategy: bagging]
[data: ]
[valid: ]
[num_iterations: 99]
[learning_rate: 0.02]
[num_leaves: 31]
[num_threads: 1]
[seed: 42]
[deterministic: 0]
[force_col_wise: 0]
[force_row_wise: 0]
[histogram_pool_size: -1]
[max_depth: -1]
[min_data_in_leaf: 10]
[min_sum_hessian_in_leaf: 0.001]
[bagging_fraction: 0.8]
[pos_bagging_fraction: 1]
[neg_bagging_fraction: 1]
[bagging_freq: 5]
[bagging_seed: 400]
[bagging_by_query: 0]
[feature_fraction: 0.8]
[feature_fraction_bynode: 1]
[feature_fraction_seed: 30056]
[extra_trees: 0]
[extra_seed: 12879]
[early_stopping_round: 0]
[early_stopping_min_delta: 0]
[first_metric_only: 0]
[max_delta_step: 0]
[lambda_l1: 0]
[lambda_l2: 0]
[linear_lambda: 0]
[min_gain_to_split: 0]
[drop_rate: 0.1]
[max_drop: 50]
[skip_drop: 0.5]
[xgboost_dart_mode: 0]
[uniform_drop: 0]
[drop_seed: 17869]
[top_rate: 0.2]
[other_rate: 0.1]
[min_data_per_group: 100]
[max_cat_threshold: 32]
[cat_l2: 10]
[cat_smooth: 10]
[max_cat_to_onehot: 4]
[top_k: 20]
[monotone_constraints: ]
[monotone_constraints_method: basic]
[monotone_penalty: 0]
[feature_contri: ]
[forcedsplits_filename: ]
[refit_decay_rate: 0.9]
[cegb_tradeoff: 1]
[cegb_penalty_split: 0]
[cegb_penalty_feature_lazy: ]
[cegb_penalty_feature_coupled: ]
[path_smooth: 0]
[interaction_constraints: ]
[verbosity: -1]
[saved_feature_importance_type: 0]
[use_quantized_grad: 0]
[num_grad_quant_bins: 4]
[quant_train_renew_leaf: 0]
[stochastic_rounding: 1]
[linear_tree: 0]
[max_bin: 255]
[max_bin_by_feature: ]
[min_data_in_bin: 3]
[bin_construct_sample_cnt: 200000]
[data_random_seed: 175]
[is_enable_sparse: 1]
[enable_bundle: 1]
[use_missing: 1]
[zero_as_missing: 0]
[feature_pre_filter: 0]
[pre_partition: 0]
[two_round: 0]
[header: 0]
[label_column: ]
[weight_column: ]
[group_column: ]
[ignore_column: ]
[categorical_feature: ]
[forcedbins_filename: ]
[precise_float_parser: 0]
[parser_config_file: ]
[objective_seed: 16083]
[num_class: 1]
[is_unbalance: 0]
[scale_pos_weight: 1]
[sigmoid: 1]
[boost_from_average: 1]
[reg_sqrt: 0]
[alpha: 0.9]
[fair_c: 1]
[poisson_max_delta_step: 0.7]
[tweedie_variance_power: 1.5]
[lambdarank_truncation_level: 30]
[lambdarank_norm: 1]
[label_gain: ]
[lambdarank_position_bias_regularization: 0]
[eval_at: ]
[multi_error_top_k: 1]
[auc_mu_weights: ]
[num_machines: 1]
[local_listen_port: 12400]
[time_out: 120]
[machine_list_filename: ]
[machines: ]
[gpu_platform_id: -1]
[gpu_device_id: -1]
[gpu_use_dp: 0]
[num_gpu: 1]

end of parameters
