tree
version=v4
num_class=1
num_tree_per_iteration=1
label_index=0
max_feature_idx=12
objective=regression
feature_names=wt_target_share wt_air_yards_share wt_snap_share wt_team_total_plays def_short_pass_epa_adj def_deep_pass_epa_adj draft_tier_int is_cold_start_int games_played_so_far baseline_target_share baseline_air_yards_share baseline_snap_share baseline_team_total_plays
feature_infos=[0.016666666666666666:0.44444444444444442] [-0.11079802267631861:0.75152783262587475] [0:1] [48:102] [-1.1977373012079884:0.51760787542393027] [-0.90256440378391523:1.9240602921334691] [1:5] [0:1] [0:16] [0.027459954233409609:0.31418312387791741] [-0.024441132637853951:0.52051109616677871] [0:0.98999999999999999] [58.5:75.875]
tree_sizes=1408 1485 1480 1487 1480 1473 1471 1481 1484 1477 1482 1481 1486 1481 1498 1504 1491 1475 1473 1466 1469 1484 1473 1468 1477 1481 1475 1484 1485 1472 1475 1468 1492 1477 1479 1481 1480 1473 1491 1482 1476 1473 1479 1488 1478 1478 1479 1490 1478 1489 1471 1488 1482 1480 1465 1479 1475 1478 1478 1489 1482 1489 1476 1470 1499 1474 1487 1501 1486 1473 1487 1482 1479 1486 1483 1488 1496

Tree=0
num_leaves=15
num_cat=0
split_feature=11 1 10 2 2 1 2 12 2 11 2 3 11 2
split_gain=18707.1 3291.32 2773.1 1776.26 689.566 667.535 443.513 269.119 228.717 223.515 214.367 206.076 205.792 181.972
threshold=0.70710416666666676 0.16064221220386121 0.34717863268316967 0.70313424258612944 0.73254689651337013 0.28532053170362021 0.52075179330795041 64.406250000000014 0.48798291485571671 0.84572916666666675 0.92231190065939106 51.996555332914269 0.62839583333333349 0.46154266774589975
decision_type=2 10 2 8 8 10 10 2 10 2 10 10 2 10
left_child=1 6 3 8 13 9 11 -4 -2 -5 -7 -1 -6 -3
right_child=2 4 7 5 12 10 -8 -9 -10 -11 -12 -13 -14 -15
leaf_value=6.206886590370992 6.1939447915200185 6.1712509796957722 6.3337155137410432 6.29030531726238 6.2592841246239281 6.3369125635795305 6.2164682984686328 6.4032329089056059 6.2560353912080533 6.3256854932354383 6.3815312778838473 6.1736515710895157 6.2978034681264417 6.228649967904035
leaf_weight=525 189 161 162 1248 1097 1155 857 990 689 695 351 4180 507 970
leaf_count=525 189 161 162 1248 1097 1155 857 990 689 695 351 4180 507 970
internal_value=6.25282 6.20547 6.32452 6.30616 6.25038 6.32233 6.18339 6.39346 6.24267 6.30296 6.34731 6.17736 6.27146 6.22048
internal_weight=13776 8297 5479 4327 2735 3449 5562 1152 878 1943 1506 4705 1604 1131
internal_count=13776 8297 5479 4327 2735 3449 5562 1152 878 1943 1506 4705 1604 1131
is_linear=0
shrinkage=1


Tree=1
num_leaves=15
num_cat=0
split_feature=11 1 1 2 10 2 1 2 2 2 10 12 11 1
split_gain=16883.2 2970.42 2506.76 1047.08 842.111 622.333 412.993 354.998 311.556 266.455 250.269 195.083 185.727 171.35
threshold=0.70710416666666676 0.16064221220386121 0.28356270347615037 0.79215844115833345 0.34717863268316967 0.73254689651337013 0.089318061445961855 0.8405829123050651 0.48798291485571671 0.52586549788415893 0.34165273687282766 64.406250000000014 0.62839583333333349 0.22471495426161917
decision_type=2 10 10 8 2 8 8 10 10 8 2 2 2 10
left_child=1 6 3 8 7 13 -1 -4 -2 -8 -5 -6 -7 -3
right_child=2 5 4 10 11 12 9 -9 -10 -11 -12 -13 -14 -15
leaf_value=-0.076807260746336745 -0.057514657378993576 -0.048436782575421194 0.055150729948019783 0.055220065753213893 0.081619310151722468 0.0058142828256733982 -0.074736244541809979 0.10168381683171464 0.012271193771610433 -0.036350353069540126 0.11469137695035324 0.15045947293502204 0.042407657732154727 -0.0092656490322484443
leaf_weight=3485 187 629 704 1376 118 1097 665 981 1105 1412 203 805 507 502
leaf_count=3485 187 629 704 1376 118 1097 665 981 1105 1412 203 805 507 502
internal_value=-0.000329578 -0.0453102 0.0677858 0.0355519 0.10327 -0.00264685 -0.066289 0.0822421 0.00217061 -0.0486405 0.0628658 0.141659 0.0173809 -0.0310505
internal_weight=13776 8297 5479 2871 2608 2735 5562 1685 1292 2077 1579 923 1604 1131
internal_count=13776 8297 5479 2871 2608 2735 5562 1685 1292 2077 1579 923 1604 1131
is_linear=0
shrinkage=0.05


Tree=2
num_leaves=15
num_cat=0
split_feature=2 1 10 10 1 2 2 2 10 2 12 10 6 1
split_gain=14878.4 2416.7 2389.19 955.091 917.306 513.897 479.052 427.835 301.45 233.341 231.279 182.513 180.229 152.736
threshold=0.70313424258612944 0.16385113660888687 0.34854571737603746 0.32564440849116033 0.28356270347615037 0.48142230389599289 0.85015484149307119 0.52075179330795041 0.21506188953531227 0.92231190065939106 64.406250000000014 0.17035370196403996 3.5000000000000004 0.28696928149803508
decision_type=10 8 2 2 8 8 10 10 2 10 2 2 2 10
left_child=1 7 4 5 6 -3 11 -1 13 -6 -4 -2 -8 -7
right_child=2 3 10 -5 9 8 12 -9 -10 -11 -12 -13 -14 -15
leaf_value=-0.070869668281300854 -0.014821953777696045 -0.075409742017035139 0.073319265729394456 0.083148152288400903 0.062654209143250303 -0.030544326594429662 0.021062387918450231 -0.032256834269609562 0.012458616884797812 0.1037962739974603 0.14162891315637341 0.021377544881502106 0.06859461623942141 0.022540505694878567
leaf_weight=4326 497 324 145 265 1659 1128 281 860 1000 435 852 1163 687 154
leaf_count=4326 497 324 145 265 1659 1128 281 860 1000 435 852 1163 687 154
internal_value=-0.000313099 -0.0440916 0.0613626 -0.00728758 0.0465128 -0.0164838 0.0268412 -0.0644665 -0.0081175 0.0712009 0.131694 0.0105395 0.0547965 -0.0241675
internal_weight=13776 8057 5719 2871 4722 2606 2628 5186 2282 2094 997 1660 968 1282
internal_count=13776 8057 5719 2871 4722 2606 2628 5186 2282 2094 997 1660 968 1282
is_linear=0
shrinkage=0.05


Tree=3
num_leaves=15
num_cat=0
split_feature=0 0 11 11 0 1 0 3 10 0 3 0 10 10
split_gain=16512.6 3323.28 1364.13 1264.54 624.408 384.247 340.395 316.545 301.829 222.275 154.993 138.47 133.668 128.068
threshold=0.17913742676488867 0.11972259481566501 0.76332720588235314 0.69414285714285728 0.26644633278647512 0.089318061445961855 0.22536840173081071 80.000979134822316 0.39735125585313663 0.090746155405334178 60.971004295722317 0.21773449699880784 0.28806265523691338 0.014211912459174319
decision_type=10 8 2 2 10 10 10 8 2 10 10 10 2 2
left_child=1 9 6 5 8 -3 -2 -5 10 -1 -4 -12 -9 -11
right_child=2 3 4 7 -6 -7 -8 12 -10 13 11 -13 -14 -15
leaf_value=-0.072710995900116177 0.031174053579427621 -0.050906265463311021 0.033827208313677047 0.014764328905004717 0.15095659510820714 -0.011775221455801054 0.08013580659561069 0.038584220566409679 0.14538631871843541 -0.08125606362367907 0.074109041329954758 0.10427093878577268 0.094616923112618309 -0.046858892361536474
leaf_weight=2886 1055 1060 135 1531 608 1537 535 242 238 315 735 789 190 1920
leaf_count=2886 1055 1060 135 1531 608 1537 535 242 238 315 735 789 190 1920
internal_value=-0.000297446 -0.0359001 0.0838709 -0.00485534 0.106862 -0.0277471 0.0476486 0.0254298 0.0927299 -0.063544 0.0851758 0.0897244 0.0632282 -0.0517068
internal_weight=13776 9681 4095 4560 2505 2597 1590 1963 1897 5121 1659 1524 432 2235
internal_count=13776 9681 4095 4560 2505 2597 1590 1963 1897 5121 1659 1524 432 2235
is_linear=0
shrinkage=0.05


Tree=4
num_leaves=15
num_cat=0
split_feature=0 0 9 9 9 9 2 2 9 0 9 2 0 2
split_gain=14923.4 2710.3 2129.74 1356.15 691.988 556.411 295.998 276.492 252.377 240.013 226.984 165.929 144.159 144.117
threshold=0.17385599122467896 0.11972259481566501 0.19741609458428683 0.15761630932209045 0.24006578947368423 0.25343410289527507 0.73869131618958461 0.52993197278911575 0.093928222579323831 0.26863488487043957 0.15037799080352274 0.51497596822277769 0.18273261952109129 0.9014519478377544
decision_type=10 8 2 2 2 2 10 10 2 10 2 10 10 10
left_child=1 8 6 7 -5 9 12 -3 -1 13 -8 -10 -2 -4
right_child=2 3 5 4 -6 -7 10 -9 11 -11 -12 -13 -14 -15
leaf_value=-0.074153407130301621 -0.027493209232329979 -0.043570070897085166 0.074738994511991716 0.021284216524510249 0.14972419794154379 0.15108511388204773 0.028076199685181977 -0.011568199756658114 -0.058912801377662943 0.13576189642962144 0.066894947803549237 -0.033587304793484915 0.026706272718281701 0.11125317620296862
leaf_weight=2014 174 1379 901 1457 113 614 607 1322 2189 294 992 918 416 386
leaf_count=2014 174 1379 901 1457 113 614 607 1322 2189 294 992 918 416 386
internal_value=-0.000282573 -0.0358374 0.0758877 -0.00642621 0.0305286 0.11069 0.0409904 -0.0279068 -0.0603668 0.0950016 0.0521589 -0.0514301 0.010722 0.0856904
internal_weight=13776 9392 4384 4271 1570 2195 2189 2701 5121 1581 1599 3107 590 1287
internal_count=13776 9392 4384 4271 1570 2195 2189 2701 5121 1581 1599 3107 590 1287
is_linear=0
shrinkage=0.05


Tree=5
num_leaves=15
num_cat=0
split_feature=0 0 9 9 9 9 1 0 9 0 12 0 8 9
split_gain=14338.5 2540.89 1556.05 1218.16 826.69 505.876 373.823 267.13 253.564 229.116 270.677 145.008 122.522 130.745
threshold=0.17986462208069978 0.11972259481566501 0.19523313045340213 0.23843208018915954 0.1456013769468969 0.25343410289527507 0.083694401695206463 0.23786119708771344 0.085966292997543006 0.22837876056210873 67.906250000000014 0.062602955265630048 5.5000000000000009 0.15761630932209045
decision_type=10 8 2 2 2 2 10 10 2 10 2 10 2 2
left_child=1 8 7 4 6 9 -3 12 -1 -4 -11 -10 13 -2
right_child=2 3 5 -5 -6 -7 -8 -9 11 10 -12 -13 -14 -15
leaf_value=-0.07383205513917275 -0.013189987737271522 -0.053500814625517402 0.072947997977727483 0.13941341880176747 0.013211186862934163 0.14680866232348311 -0.013840539566226703 0.080545253194693675 -0.069885993453554812 0.081118935917587023 0.1391808794335799 -0.044697683831440294 0.045236676115438634 0.041734129140536758
leaf_weight=1530 225 994 730 140 2040 618 1477 426 709 382 423 2944 967 209
leaf_count=1530 225 994 730 140 2040 618 1477 426 709 382 423 2944 967 209
internal_value=-0.00026091 -0.0326679 0.079812 -0.00583823 -0.0103461 0.108612 -0.0297945 0.0458735 -0.0567436 0.0932332 0.111629 -0.0495864 0.0353309 0.0132596
internal_weight=13814 9834 3980 4651 4511 2153 2471 1827 5183 1535 805 3653 1401 434
internal_count=13814 9834 3980 4651 4511 2153 2471 1827 5183 1535 805 3653 1401 434
is_linear=0
shrinkage=0.05


Tree=6
num_leaves=15
num_cat=0
split_feature=0 0 9 9 9 9 1 9 0 0 0 0 12 3
split_gain=12940.5 2298.67 1404.33 1101.97 673.674 456.623 269.54 264.599 241.085 160.598 148.99 140.078 249.984 132.114
threshold=0.17986462208069978 0.12774320876741341 0.19523313045340213 0.24187454294304059 0.13282075178626904 0.24513516454476211 0.10809544542158009 0.085966292997543006 0.23786119708771344 0.062602955265630048 0.25808559746761289 0.22837876056210873 67.906250000000014 70.983722094236256
decision_type=10 8 2 2 2 2 10 2 10 10 10 10 2 10
left_child=1 7 8 4 6 11 -3 -1 -2 -9 -7 -4 -13 -12
right_child=2 3 5 -5 -6 10 -8 9 -10 -11 13 12 -14 -15
leaf_value=-0.068610404773977229 0.033564328255768681 -0.051407371294781845 0.069549691273336156 0.14621686481640767 0.010981495745636656 0.10940359178930521 -0.011724904291827924 -0.066391692787004256 0.076517990929350049 -0.04023919805801255 0.13657654002603567 0.072094821486307289 0.13194868906561297 0.19896644156642965
leaf_weight=1616 1401 815 674 121 2260 349 901 709 426 3412 316 355 343 116
leaf_count=1616 1401 815 674 121 2260 349 901 709 426 3412 316 355 343 116
internal_value=-0.000247865 -0.0310345 0.0758214 -0.00242878 -0.00695246 0.103181 -0.0305718 -0.0514628 0.0435798 -0.0447386 0.133701 0.085808 0.101507 0.153329
internal_weight=13814 9834 3980 4097 3976 2153 1716 5737 1827 4121 781 1372 698 432
internal_count=13814 9834 3980 4097 3976 2153 1716 5737 1827 4121 781 1372 698 432
is_linear=0
shrinkage=0.05


Tree=7
num_leaves=15
num_cat=0
split_feature=0 0 0 11 12 1 3 2 2 2 11 12 11 11
split_gain=11678.8 2085.93 1114.42 829.493 380.822 339.282 304.081 223.849 215.58 192.859 177.917 151.075 142.987 135.931
threshold=0.17986462208069978 0.11972259481566501 0.22536840173081071 0.62581730769230781 68.27389705882355 0.10809544542158009 74.337654593277861 0.70313424258612944 0.92045724416521602 0.44733412428102692 0.74645833333333345 70.727941176470594 0.65968750000000009 0.74645833333333345
decision_type=10 8 10 2 2 10 8 10 10 10 2 2 2 2
left_child=1 9 7 5 8 -3 -5 -2 13 -1 -8 -6 -9 -4
right_child=2 3 4 6 11 -7 10 12 -10 -11 -12 -13 -14 -15
leaf_value=-0.057518544587576409 0.010410594081526602 -0.048942612412300399 0.027017474361719231 0.0034208523958809238 0.13843870159641311 -0.0091412840693261051 0.008750424197523898 0.022565692678044407 0.11288397989437247 -0.036345187435094795 0.060877049292564926 0.09786198645135831 0.060675905524580569 0.075968622461794158
leaf_weight=3660 364 1016 195 1793 555 1132 256 301 304 1523 454 391 1350 520
leaf_count=3660 364 1016 195 1793 555 1132 256 301 304 1523 454 391 1350 520
internal_value=-0.000235472 -0.0294827 0.0720303 -0.00517346 0.0988226 -0.0279672 0.0143875 0.0459028 0.0776142 -0.0512969 0.0420821 0.121668 0.0537279 0.0626183
internal_weight=13814 9834 3980 4651 1965 2148 2503 2015 1019 5183 710 946 1651 715
internal_count=13814 9834 3980 4651 1965 2148 2503 2015 1019 5183 710 946 1651 715
is_linear=0
shrinkage=0.05


Tree=8
num_leaves=15
num_cat=0
split_feature=0 0 9 9 9 9 1 2 9 0 4 2 2 2
split_gain=10540.1 1882.55 1200.97 965.35 632.312 405.232 281.939 232.616 203.631 194.475 160.155 121.914 114.475 112.087
threshold=0.17986462208069978 0.11972259481566501 0.19523313045340213 0.23843208018915954 0.1456013769468969 0.2592072782290174 0.083694401695206463 0.89721066228949031 0.085966292997543006 0.23786119708771344 -0.44921491303349764 0.70850672670678705 0.82713502791629667 0.6818357283960077
decision_type=10 8 2 2 2 2 10 10 2 10 2 8 10 10
left_child=1 8 9 4 6 7 -3 -4 -1 13 -7 -6 -10 -2
right_child=2 3 5 -5 11 10 -8 -9 12 -11 -12 -13 -14 -15
leaf_value=-0.064045737317757187 -0.00072796602100133904 -0.046524470874707555 0.06675907042983667 0.12438910111784936 -0.0080023420841800388 0.18255036086134091 -0.012081478680099362 0.10631731035284486 -0.043949346322338052 0.068196237950362795 0.11674162049841058 0.019267568115015898 0.0057083840756483074 0.036208733417851115
leaf_weight=1530 250 994 1025 140 568 118 1477 583 3533 426 427 1472 120 1151
leaf_count=1530 250 994 1025 140 568 118 1477 583 3533 426 427 1472 120 1151
internal_value=-0.000223698 -0.0280086 0.0684288 -0.00491478 -0.00892776 0.09373 -0.0259367 0.0811014 -0.048732 0.0386129 0.13099 0.0116748 -0.0423181 0.0296176
internal_weight=13814 9834 3980 4651 4511 2153 2471 1608 5183 1827 545 2040 3653 1401
internal_count=13814 9834 3980 4651 4511 2153 2471 1608 5183 1827 545 2040 3653 1401
is_linear=0
shrinkage=0.05


Tree=9
num_leaves=15
num_cat=0
split_feature=0 0 0 10 12 10 1 0 3 10 1 8 10 0
split_gain=9512.44 1707.77 931.64 647.666 340.446 274.831 222.361 221.299 216.479 161.595 164.043 122.004 111.126 102.837
threshold=0.17986462208069978 0.12774320876741341 0.22536840173081071 0.21506188953531227 68.27389705882355 0.35312463683683559 0.083694401695206463 0.098198151449376714 74.21784822904678 0.32621640229011589 0.45453159153158579 4.5000000000000009 0.34165273687282766 0.27386475608577693
decision_type=10 8 10 2 2 2 10 10 8 2 10 2 2 10
left_child=1 7 5 6 11 -2 -3 -1 -5 -6 -11 -4 -10 -13
right_child=2 3 4 8 9 -7 -8 -9 12 10 -12 13 -14 -15
leaf_value=-0.051921068808568477 0.034490003354067419 -0.039172382350804079 0.044112507550959926 0.0087510525364815246 0.091628124035695979 0.092560761404608421 -0.0071204557779594073 -0.031700129512250541 0.035508090429816785 0.14948041411400989 0.077005365656891672 0.070149194501025788 0.093239420761956904 0.11454527752002937
leaf_weight=3551 1785 900 324 1282 501 230 1357 2186 456 344 101 521 102 174
leaf_count=3551 1785 900 324 1282 501 230 1357 2186 456 344 101 521 102 174
internal_value=-0.000212513 -0.0266082 0.0650073 -0.00195183 0.0895041 0.0411184 -0.0199015 -0.0442162 0.0200657 0.111104 0.133031 0.0694515 0.0460611 0.0812642
internal_weight=13814 9834 3980 4097 1965 2015 2257 5737 1840 946 445 1019 558 695
internal_count=13814 9834 3980 4097 1965 2015 2257 5737 1840 946 445 1019 558 695
is_linear=0
shrinkage=0.05


Tree=10
num_leaves=15
num_cat=0
split_feature=0 9 9 2 9 0 2 9 9 2 0 0 10 11
split_gain=8719.33 1617.62 1131.23 608.44 443.821 312.548 266.187 239.397 212.124 195.553 170.345 149.7 143.644 136.961
threshold=0.17913742676488867 0.15467063001521986 0.21464364415733392 0.52993197278911575 0.23733925648819268 0.11743407700237793 0.80000168525786985 0.1416855876058537 0.25343410289527507 0.9302416238470731 0.13164174876987336 0.068297788170778098 0.010997591742597764 0.83160416666666681
decision_type=10 2 2 10 2 8 10 2 2 10 8 8 2 2
left_child=1 3 6 11 5 -3 -2 -8 9 13 -5 -1 -13 -4
right_child=2 4 8 10 -6 -7 7 -9 -10 -11 -12 12 -14 -15
leaf_value=-0.062405603261875747 0.020339503913152313 -0.027565456133450256 0.090789876219488572 -0.028815739950546967 0.090611391486946344 0.014669013432977232 0.012436518667683263 0.062705724516518749 0.1177392947862797 0.12124851899052209 -0.0011614979360647466 -0.064040501535129857 -0.037910838762143212 0.047183337498125456
leaf_weight=1164 981 586 336 1144 158 1735 290 1292 613 220 1085 624 3348 388
leaf_count=1164 981 586 336 1144 158 1735 290 1292 613 220 1085 624 3348 388
internal_value=0.000150279 -0.0254102 0.0612225 -0.0371694 0.00952561 0.00400577 0.040802 0.0534908 0.0948371 0.0799653 -0.0153546 -0.0466369 -0.0420158 0.0674206
internal_weight=13964 9844 4120 7365 2479 2321 2563 1582 1557 944 2229 5136 3972 724
internal_count=13964 9844 4120 7365 2479 2321 2563 1582 1557 944 2229 5136 3972 724
is_linear=0
shrinkage=0.05


Tree=11
num_leaves=15
num_cat=0
split_feature=2 10 10 11 3 2 1 2 2 10 2 1 3 10
split_gain=6666.91 1061.68 982.706 410.224 382.557 308.231 286.712 244.12 228.561 156.465 153.038 129.713 122.638 112.095
threshold=0.70313424258612944 0.320862353714858 0.20643694254636222 0.71433333333333338 75.843855278799296 0.90331785985732616 0.2031935131129709 0.52586549788415893 0.5380222751178102 0.42404942270950036 0.85863061320111689 0.26434253969654781 61.463466979899934 0.010997591742597764
decision_type=10 2 2 2 8 10 10 10 8 2 10 10 10 2
left_child=2 3 7 -2 8 9 -5 11 -4 -3 -8 13 -12 -1
right_child=1 5 4 6 -6 -7 10 -9 -10 -11 12 -13 -14 -15
leaf_value=-0.061160992094617353 0.0091032958628648932 0.051391012295164865 -0.043027713009309659 0.011123714941958301 0.037244688063612162 0.10475308721887287 0.035564560885676937 -0.018157697336252606 0.00068183768834722668 0.11740764310159307 0.016497226455059601 0.011420110561663198 0.069666571152350032 -0.041264705227699233
leaf_weight=858 1665 806 419 617 545 608 943 1165 1045 101 123 105 917 4047
leaf_count=858 1665 806 419 617 545 608 943 1165 1045 101 123 105 917 4047
internal_value=0.000142765 0.0412526 -0.0288913 0.0284809 0.00148445 0.0772074 0.04089 -0.0387739 -0.0118279 0.0587424 0.0501517 -0.0435679 0.0633783 -0.044745
internal_weight=13964 5780 8184 4265 2009 1515 2600 6175 1464 907 1983 5010 1040 4905
internal_count=13964 5780 8184 4265 2009 1515 2600 6175 1464 907 1983 5010 1040 4905
is_linear=0
shrinkage=0.05


Tree=12
num_leaves=15
num_cat=0
split_feature=0 9 9 0 9 0 9 9 10 9 12 3 0 4
split_gain=7280.27 1340.45 923.289 566.447 452.219 256.767 186.585 178.112 142.894 112.041 142.731 106.814 101.917 125.666
threshold=0.17986462208069978 0.12747003901895207 0.21464364415733392 0.12616059937538424 0.24187454294304059 0.098942895938804051 0.17948942010398708 0.25343410289527507 0.063238642058389791 0.16929121725731897 69.343750000000014 61.463466979899934 0.22536840173081071 -0.37204096518756385
decision_type=10 2 2 8 2 10 2 2 2 2 2 10 10 2
left_child=1 5 6 -3 9 -1 -2 -4 -7 -5 -11 -8 -13 -14
right_child=2 3 7 4 -6 8 11 -9 -10 10 -12 12 13 -15
leaf_value=-0.047428579428676093 0.026238524483415199 -0.026075358248650871 0.073062188790660343 -0.0016842077373301529 0.10691953080941022 -0.03922605189914001 0.0049477742913428069 0.10771914265660926 -0.015782383975265706 0.0089065975850231831 0.047589244005436314 0.044214105519325156 0.041399702002318239 0.09773042580367125
leaf_weight=3291 1471 1409 938 1264 123 1193 101 613 1428 853 331 522 156 271
leaf_count=3291 1471 1409 938 1264 123 1193 101 613 1428 853 331 522 156 271
internal_value=0.000135627 -0.0230277 0.0564057 -0.000595113 0.013369 -0.0381295 0.0377309 0.0867596 -0.0264532 0.00866852 0.0197207 0.0538312 0.0590338 0.0771506
internal_weight=13964 9892 4072 3980 2571 5912 2521 1551 2621 2448 1184 1050 949 427
internal_count=13964 9892 4072 3980 2571 5912 2521 1551 2621 2448 1184 1050 949 427
is_linear=0
shrinkage=0.05


Tree=13
num_leaves=15
num_cat=0
split_feature=0 9 9 2 8 9 9 2 0 0 0 4 5 12
split_gain=6577.46 1377.1 730.359 613.207 423.837 266.231 253.373 241.755 153.985 145.653 145.189 116.202 120.224 111.364
threshold=0.18273261952109129 0.16929121725731897 0.24513516454476211 0.55258274799160378 2.5000000000000004 0.2224014336917563 0.17948942010398708 0.89916780281134734 0.068297788170778098 0.13110372000283119 0.15746677771540554 -0.46048705983528765 0.25777071525820411 70.393382352941188
decision_type=10 2 2 10 2 2 2 10 8 8 10 2 2 2
left_child=1 3 6 8 5 -3 -2 -8 -1 -5 -6 -9 -13 -11
right_child=2 4 -4 9 10 -7 7 11 -10 13 -12 12 -14 -15
leaf_value=-0.054818460442528055 0.028190909772821376 0.032475973288830999 0.098512750511943581 -0.022853028123586028 -0.012238044346804981 0.10871285388954671 0.044192866060599051 0.041281480170041324 -0.03485099476339408 -0.0069482972671953483 0.022415686708337976 0.13377880701519759 0.077905357868276723 0.026171964204234139
leaf_weight=1241 1361 385 779 1229 718 163 1200 125 4350 1122 522 142 299 328
leaf_count=1241 1361 385 779 1229 718 163 1200 125 4350 1122 522 142 299 328
internal_value=0.000128846 -0.0212559 0.0551949 -0.0298585 0.0185333 0.0551523 0.0444035 0.056898 -0.0392831 -0.0101896 0.00235006 0.0838348 0.0958964 0.000543734
internal_weight=13964 10058 3906 8270 1788 548 3127 1766 5591 2679 1240 566 441 1450
internal_count=13964 10058 3906 8270 1788 548 3127 1766 5591 2679 1240 566 441 1450
is_linear=0
shrinkage=0.05


Tree=14
num_leaves=15
num_cat=0
split_feature=0 0 10 0 2 2 3 10 3 2 0 0 10 2
split_gain=5936.15 1187.39 520.001 463.948 242.077 189.072 184.571 150.497 154.363 116.549 116.247 112.68 108.203 91.437
threshold=0.18273261952109129 0.11615239291978945 0.21506188953531227 0.26644633278647512 0.684606290056473 0.52586549788415893 75.508346239599874 0.15896694827330668 61.581096676244421 0.94449298623026257 0.064779086982766645 0.19558360299885971 0.014211912459174319 0.84945453056574416
decision_type=10 8 2 10 10 10 8 2 10 10 10 10 2 10
left_child=1 10 5 4 -2 -3 13 -6 -9 11 -1 -10 -12 -4
right_child=3 2 6 -5 7 -7 -8 8 9 -11 12 -13 -14 -15
leaf_value=-0.051405914758942142 0.0056122146144794317 -0.029487133510909709 -0.00024910687409235023 0.086904862321192988 0.008308632361097924 -0.0041320521754614247 0.040224789509634401 0.016051274008879606 0.027289908026500293 0.084935067431750569 -0.049911263213036169 0.057742718378091529 -0.029041350495803336 0.026828323626181202
leaf_weight=1177 366 1498 1210 781 211 1444 550 264 375 310 785 1599 2974 420
leaf_count=1177 366 1498 1210 781 211 1444 550 264 375 310 785 1599 2974 420
internal_value=0.000122403 -0.0201931 -0.00332845 0.0524351 0.0438205 -0.0170423 0.0151789 0.048889 0.0522495 0.0564335 -0.0376933 0.0519576 -0.0333997 0.0067279
internal_weight=13964 10058 5122 3906 3125 2942 2180 2759 2548 2284 4936 1974 3759 1630
internal_count=13964 10058 5122 3906 3125 2942 2180 2759 2548 2284 4936 1974 3759 1630
is_linear=0
shrinkage=0.05


Tree=15
num_leaves=15
num_cat=0
split_feature=0 11 0 2 0 10 2 10 2 1 11 0 10 10
split_gain=5100.32 1178.43 593.146 421.245 245.482 194.16 148.745 132.746 124.829 119.244 112.557 118.757 91.6369 91.491
threshold=0.18273261952109129 0.62062500000000009 0.25411432383220728 0.82265393566696621 0.12038539330997179 0.32321955312325512 0.48798291485571671 0.36331877707545301 0.67399442984348656 0.091361618375374681 0.90693750000000006 0.16279535404333573 0.15896694827330668 0.010997591742597764
decision_type=10 2 10 8 10 2 10 2 10 10 2 10 2 2
left_child=1 4 5 6 13 8 -3 10 -2 -6 11 -5 -10 -1
right_child=2 3 -4 7 9 -7 -8 -9 12 -11 -12 -13 -14 -15
leaf_value=-0.052062383517714597 -0.0018769579665227371 -0.035231204020741237 0.080937404151639913 0.0080583721596255552 -0.03460012672183848 0.059417106071170289 -0.0023864002247721027 0.079335434125228366 0.0026936958289333606 -0.0057503158771504519 0.066666290646521603 0.046492748278129194 0.038381519916843673 -0.033618360134426255
leaf_weight=813 275 422 1084 863 516 735 1882 110 203 1171 127 262 1579 3887
leaf_count=813 275 422 1084 863 516 735 1882 110 203 1171 127 262 1579 3887
internal_value=0.000820191 -0.0179666 0.0495466 0.00462908 -0.0309361 0.0373591 -0.00840225 0.0266733 0.0294774 -0.0145746 0.0220464 0.0170093 0.0343161 -0.0368088
internal_weight=13929 10053 3876 3666 6387 2792 2304 1362 2057 1687 1252 1125 1782 4700
internal_count=13929 10053 3876 3666 6387 2792 2304 1362 2057 1687 1252 1125 1782 4700
is_linear=0
shrinkage=0.05


Tree=16
num_leaves=15
num_cat=0
split_feature=0 11 0 2 0 10 2 3 10 2 10 11 0 10
split_gain=4603.04 1063.53 544.346 380.174 221.548 219.569 134.243 132.158 119.804 112.922 105.123 101.583 107.178 94.043
threshold=0.18273261952109129 0.62062500000000009 0.26863488487043957 0.82265393566696621 0.12038539330997179 0.32321955312325512 0.48798291485571671 65.287479713708407 0.36331877707545301 0.68727763443723344 0.063238642058389791 0.90693750000000006 0.16279535404333573 0.15896694827330668
decision_type=10 2 10 8 10 2 10 10 2 10 2 2 10 2
left_child=1 4 5 6 -1 7 -3 -2 11 -9 -6 12 -5 -11
right_child=2 3 -4 8 10 -7 -8 9 -10 13 -12 -13 -14 -15
leaf_value=-0.0349683447099697 0.011299083484214191 -0.033469643603162888 0.085772051065760024 0.0076554532760165 -0.031864429403511876 0.058856567902697457 -0.0022670802635265173 0.0038467737832959268 0.07536866313523867 0.0055786613965619529 -0.0052000689519806197 0.063332975676327244 0.04416811132647154 0.047707167899952128
leaf_weight=4700 684 422 736 863 547 900 1882 213 110 149 1140 127 262 1194
leaf_count=4700 684 422 736 863 547 900 1882 213 110 149 1140 127 262 1194
internal_value=0.000779182 -0.0170683 0.0470693 0.00439763 -0.0293893 0.0379976 -0.00798213 0.0296167 0.0253396 0.037669 -0.0138458 0.0209441 0.0161588 0.0430332
internal_weight=13929 10053 3876 3666 6387 3140 2304 2240 1362 1556 1687 1252 1125 1343
internal_count=13929 10053 3876 3666 6387 3140 2304 2240 1362 1556 1687 1252 1125 1343
is_linear=0
shrinkage=0.05


Tree=17
num_leaves=15
num_cat=0
split_feature=9 0 0 9 2 3 2 2 8 0 9 2 3 12
split_gain=4348.82 957.423 848.517 364.019 241.668 219.13 165.779 161.038 136.173 127.368 122.138 117.233 113.898 109.493
threshold=0.16929121725731897 0.14178006733730497 0.21773449699880784 0.24513516454476211 0.70602193194591678 72.000016009949775 0.89180222780338314 0.44733412428102692 2.5000000000000004 0.14615956509958963 0.19741609458428683 0.67641698166945019 64.697226498736967 68.531250000000014
decision_type=2 10 8 2 10 8 10 10 2 10 2 10 10 2
left_child=1 7 4 6 -2 -5 13 -1 10 -10 -6 -3 -13 -4
right_child=2 11 3 5 8 -7 -8 -9 9 -11 -12 12 -14 -15
leaf_value=-0.033852302808288777 -0.0042683088777241305 -0.0077062964169286935 0.023246815595464872 0.076256782930051573 0.02387383364262843 0.14001825327053666 0.072887968250812993 -0.017153760809094698 -0.010406219027516945 0.030732197488576619 0.094401531638060185 -0.0068325443990405041 0.022765644656797167 0.057078738376774178
leaf_weight=4695 717 862 584 536 107 180 481 2085 222 1234 144 441 1236 405
leaf_count=4695 717 862 584 536 107 180 481 2085 222 1234 144 441 1236 405
internal_value=0.000740223 -0.0189097 0.0404621 0.0630508 0.0200913 0.0922862 0.048811 -0.0287171 0.0303232 0.0244597 0.0643359 0.00727938 0.0149822 0.0371011
internal_weight=13929 9319 4610 2186 2424 716 1470 6780 1707 1456 251 2539 1677 989
internal_count=13929 9319 4610 2186 2424 716 1470 6780 1707 1456 251 2539 1677 989
is_linear=0
shrinkage=0.05


Tree=18
num_leaves=15
num_cat=0
split_feature=9 9 1 11 3 1 1 8 10 9 11 10 10 4
split_gain=3924.81 755.57 581.707 226.156 200.364 162.364 143.376 120.375 103.772 103.35 113.069 91.8371 133.039 85.0297
threshold=0.16929121725731897 0.24513516454476211 0.11411153322396317 0.62581730769230781 72.000016009949775 0.22309197782867382 0.25761115558877412 8.5000000000000018 0.014211912459174319 0.21464364415733392 0.83160416666666681 0.37876350089201866 0.32621640229011589 -0.39769212903925871
decision_type=2 2 10 2 8 10 10 2 2 2 2 2 2 2
left_child=2 3 8 -2 11 7 -4 -5 -1 -7 -11 12 -3 -13
right_child=1 4 6 5 -6 9 -8 -9 -10 10 -12 13 -14 -15
leaf_value=-0.043471187647412028 -0.016622314051826046 0.049977186652521294 -0.011486283693743113 0.029397926917465258 0.12291639295377395 0.031993489515582313 0.007309416183057256 -0.0034494443363954057 -0.026053440843698691 0.076387673375863982 0.038003382723434169 0.083561610038108802 0.11296778520373137 0.030828185018413425
leaf_weight=1114 258 150 2989 731 207 1496 1536 451 3680 335 449 115 190 228
leaf_count=1114 258 150 2989 731 207 1496 1536 451 3680 335 449 115 190 228
internal_value=0.000703212 0.038439 -0.0179642 0.028538 0.0798231 0.0319035 -0.00510613 0.0168648 -0.0301009 0.0396998 0.0544048 0.0667626 0.0851778 0.0485085
internal_weight=13929 4610 9319 3720 890 3462 4525 1182 4794 2280 784 683 340 343
internal_count=13929 4610 9319 3720 890 3462 4525 1182 4794 2280 784 683 340 343
is_linear=0
shrinkage=0.05


Tree=19
num_leaves=15
num_cat=0
split_feature=9 0 0 9 2 2 2 8 0 9 12 12 9 8
split_gain=3542.14 814.264 717.936 294.058 206.52 149.173 132.37 120.102 110.423 107.734 104.85 97.7405 151.493 81.072
threshold=0.16929121725731897 0.14178006733730497 0.21773449699880784 0.24513516454476211 0.70602193194591678 0.89180222780338314 0.44733412428102692 2.5000000000000004 0.14615956509958963 0.19741609458428683 70.187500000000014 68.531250000000014 0.20223462519336097 2.5000000000000004
decision_type=2 10 8 2 10 10 10 2 10 2 2 2 2 2
left_child=1 6 4 5 -2 11 -1 9 -9 -6 -3 -4 -13 -5
right_child=2 10 3 13 7 -7 -8 8 -10 -11 -12 12 -14 -15
leaf_value=-0.030766229383455031 -0.0047394808508440175 0.0014707919263255791 0.02029897074780446 0.11625351785806318 0.021179269120384394 0.067335802239049641 -0.015626836956858469 -0.010732680508082414 0.027571479050203709 0.087417631676524055 0.025471964882457829 0.017206040667636056 0.078938072012059157 0.074909934756105814
leaf_weight=4695 717 1945 584 150 107 481 2085 222 1234 144 594 175 230 566
leaf_count=4695 717 1945 584 150 107 481 2085 222 1234 144 594 175 230 566
internal_value=0.000668051 -0.017066 0.0365171 0.0572951 0.0177792 0.0444966 -0.0261105 0.0272378 0.0217311 0.0591806 0.00708588 0.0333887 0.0522637 0.0835713
internal_weight=13929 9319 4610 2186 2424 1470 6780 1707 1456 251 2539 989 405 716
internal_count=13929 9319 4610 2186 2424 1470 6780 1707 1456 251 2539 989 405 716
is_linear=0
shrinkage=0.05


Tree=20
num_leaves=15
num_cat=0
split_feature=9 2 9 12 1 2 2 6 2 3 3 2 1 9
split_gain=3110.79 581.257 504.793 193.484 153.071 148.071 136.886 134.993 134.687 106.67 93.7087 93.231 91.8958 82.4655
threshold=0.16929121725731897 0.66365463336372421 0.24187454294304059 68.718750000000014 0.087410657377575321 0.94617770875710561 0.76833012450572147 2.5000000000000004 0.41091282835143023 75.185845924379535 65.443212708192547 0.92045724416521602 0.41322987528344673 0.18255910067779801
decision_type=2 10 2 2 8 10 8 2 8 8 10 10 8 2
left_child=1 4 3 11 -1 10 -5 -4 -6 12 -3 -2 -9 -8
right_child=2 5 7 6 8 -7 13 9 -10 -11 -12 -13 -14 -15
leaf_value=-0.031705552314205826 0.01211142469938465 -0.013488467647375763 0.12074649325013161 0.012951172653007884 -0.038335038584111067 0.056836678016158507 0.019426956548219701 0.063607087752729594 -0.011716848317417273 0.10281015258038143 0.0071745003131592489 0.042601190146847837 0.025218407548964025 0.055731774244531421
leaf_weight=3439 1937 801 100 353 580 123 192 535 2631 122 1742 288 220 844
leaf_count=3439 1937 801 100 353 580 123 192 535 2631 122 1742 288 220 844
internal_value=0.000133137 -0.0164676 0.0338191 0.0251988 -0.0243755 0.00325755 0.0398411 0.0657066 -0.0165249 0.0594307 0.000666031 0.016058 0.052421 0.0490035
internal_weight=13907 9316 4591 3614 6650 2666 1389 977 3211 877 2543 2225 755 1036
internal_count=13907 9316 4591 3614 6650 2666 1389 977 3211 877 2543 2225 755 1036
is_linear=0
shrinkage=0.05


Tree=21
num_leaves=15
num_cat=0
split_feature=0 9 2 9 2 4 12 0 11 2 6 2 12 2
split_gain=2896.94 906.734 264.311 226.46 198.158 114.439 108.845 174.414 82.3447 80.983 73.7427 90.6536 69.1013 66.9702
threshold=0.15746677771540554 0.18255910067779801 0.44002745851802461 0.2512829443863927 0.70313424258612944 -0.44921491303349764 69.406250000000014 0.21773449699880784 0.34738636363636372 0.91987899005866391 3.5000000000000004 0.92045724416521602 68.093750000000014 0.56961885453009498
decision_type=8 2 10 2 10 2 2 8 2 10 2 10 2 8
left_child=2 4 -1 6 13 -5 -3 -8 -4 12 -6 -12 -10 -2
right_child=1 3 8 5 10 -7 7 -9 9 -11 11 -13 -14 -15
leaf_value=-0.028962319049381569 -0.034204066817038227 0.029074340905110432 -0.026180077742802517 0.10428085694827978 0.0010955048467570204 0.057277648356055588 0.026036195050766653 0.071535353455692535 -0.014988149821820361 0.036747661772228428 0.017469775824764774 0.052926743879645799 0.0016077026925032446 -0.0035386362043228745
leaf_weight=4256 209 1664 646 169 492 554 383 468 1500 105 959 222 1078 1202
leaf_count=4256 209 1664 646 169 492 554 383 468 1500 105 959 222 1078 1202
internal_value=0.000126481 0.0251227 -0.0207075 0.0436027 0.00571989 0.0682646 0.036513 0.0510581 -0.0101541 -0.00629542 0.0173594 0.0241348 -0.00804853 -0.00808086
internal_weight=13907 6322 7585 3238 3084 723 2515 851 3329 2683 1673 1181 2578 1411
internal_count=13907 6322 7585 3238 3084 723 2515 851 3329 2683 1673 1181 2578 1411
is_linear=0
shrinkage=0.05


Tree=22
num_leaves=15
num_cat=0
split_feature=0 9 0 9 2 9 4 0 3 4 2 11 5 4
split_gain=2614.49 818.328 241.719 204.38 178.952 115.95 103.281 101.097 132.228 92.782 96.6468 83.1033 80.9207 85.8939
threshold=0.15746677771540554 0.18255910067779801 0.096940186442457388 0.2512829443863927 0.71027791587529776 0.14592386900566548 -0.44921491303349764 0.19353880531712145 61.463466979899934 -0.46048705983528765 0.81003351977902915 0.8716666666666667 0.28408909386388298 -0.16832312420995807
decision_type=8 2 10 2 10 2 2 8 8 2 10 2 2 2
left_child=2 4 -1 7 -2 -4 -5 -3 -9 11 -11 -10 13 -12
right_child=1 3 5 6 -6 -7 -8 8 9 10 12 -13 -14 -15
leaf_value=-0.029561714818222496 -0.0074436529553440342 0.017254757714103907 -0.017052314901752737 0.099066813567862719 0.016698820298317523 0.001140690707253759 0.054413766171766402 -0.0017513925352921852 0.039037650436284432 0.034090085025159048 0.10103752496394905 -0.012575925168407671 0.049266902183629502 0.045316164121734649
leaf_weight=3405 1439 625 2931 169 1645 1249 554 169 230 545 199 118 523 106
leaf_count=3405 1439 625 2931 169 1645 1249 554 169 230 545 199 118 523 106
internal_value=0.000120156 0.0238665 -0.0196721 0.0414225 0.0054339 -0.0116162 0.0648513 0.0346873 0.0404521 0.0445964 0.0504411 0.0215365 0.0612036 0.0816721
internal_weight=13907 6322 7585 3238 3084 4180 723 2515 1890 1721 1373 348 828 305
internal_count=13907 6322 7585 3238 3084 4180 723 2515 1890 1721 1373 348 828 305
is_linear=0
shrinkage=0.05


Tree=23
num_leaves=15
num_cat=0
split_feature=9 2 9 12 10 12 2 6 10 2 2 10 9 4
split_gain=2303.59 436.211 375.383 156.481 124.633 142.444 122.879 118.817 94.9277 103.506 76.2449 96.77 71.8649 69.9475
threshold=0.16929121725731897 0.66365463336372421 0.24187454294304059 68.718750000000014 0.28204895634441424 71.24264705882355 0.94617770875710561 2.5000000000000004 0.010997591742597764 0.28773298268734598 0.88944279476424104 0.24132611360117315 0.2102590502338825 -0.44921491303349764
decision_type=2 10 2 2 2 2 10 2 2 8 10 2 2 2
left_child=1 8 3 10 12 -6 -3 -4 -1 -10 11 -2 -5 -9
right_child=2 6 7 4 5 -7 -8 13 9 -11 -12 -13 -14 -15
leaf_value=-0.03659521019208594 0.030595479352026209 0.00055561999926241753 0.10823699750378729 0.041182008586999524 0.038192989892314989 -0.0069248516164850775 0.051725307671822679 0.076776300861078131 -0.037466046589765621 -0.01634778556095343 0.030639671577885746 0.0021276143530996948 0.079527586797663682 0.043061960200919257
leaf_weight=853 384 2543 100 488 453 285 123 199 654 5143 500 1341 163 678
leaf_count=853 384 2543 100 488 453 285 123 199 654 5143 500 1341 163 678
internal_value=0.000114149 -0.0141713 0.029102 0.0216683 0.0348363 0.0207694 0.00291641 0.0566 -0.0210218 -0.0187303 0.0134479 0.00846481 0.0507831 0.0507121
internal_weight=13907 9316 4591 3614 1389 738 2666 977 6650 5797 2225 1725 651 877
internal_count=13907 9316 4591 3614 1389 738 2666 977 6650 5797 2225 1725 651 877
is_linear=0
shrinkage=0.05


Tree=24
num_leaves=15
num_cat=0
split_feature=9 2 9 1 2 12 11 2 9 10 2 9 11 3
split_gain=2089.45 514.602 258.159 136.071 131.14 148.459 114.814 114.128 94.8636 95.6566 92.4126 88.1609 82.7657 81.4287
threshold=0.18255910067779801 0.67641698166945019 0.24187454294304059 0.087410657377575321 0.77231550151421935 68.718750000000014 0.93781250000000005 0.41091282835143023 0.12960699085393465 0.31164184239574527 0.92045724416521602 0.20974067046173311 0.75167832167832183 72.803965748819067
decision_type=2 10 2 8 8 2 2 8 2 2 10 2 2 8
left_child=1 3 4 -1 11 -6 13 -5 -3 10 -10 -2 -12 -4
right_child=2 8 6 7 5 -7 -8 -9 9 -11 12 -13 -14 -15
leaf_value=-0.0263147143288915 -0.0066705211174137996 -0.0064619937134118999 0.036597329364005539 -0.03249322241140571 0.01951083631811662 0.046999740639652232 0.087448534010144977 -0.0083925867910361086 0.010768861015411399 -0.024806906825982813 0.078262976312315935 0.026826935549151273 0.018681087565389189 0.076094918627381686
leaf_weight=3474 481 1102 610 589 1199 832 201 2959 1561 163 102 332 136 166
leaf_count=3474 481 1102 610 589 1199 832 201 2959 1561 163 102 332 136 166
internal_value=0.000108441 -0.0118204 0.0315961 -0.0192808 0.0239787 0.0307717 0.05377 -0.0123935 0.00527709 0.0118706 0.0151938 0.00700864 0.0442162 0.0450466
internal_weight=13907 10086 3821 7022 2844 2031 977 3548 3064 1962 1799 813 238 776
internal_count=13907 10086 3821 7022 2844 2031 977 3548 3064 1962 1799 813 238 776
is_linear=0
shrinkage=0.05


Tree=25
num_leaves=15
num_cat=0
split_feature=0 9 0 0 12 0 11 10 11 9 11 11 12 8
split_gain=2137.58 439.455 367.226 209.024 184.133 113.47 90.1823 83.6986 90.5082 88.4852 76.4839 76.3393 71.3949 63.4664
threshold=0.16279535404333573 0.24325980392156865 0.25634304632989752 0.096940186442457388 68.393382352941188 0.19558360299885971 0.6130000000000001 0.32018473505104528 0.87545955882352955 0.25998405103668271 0.83656862745098048 0.91395833333333343 69.031250000000014 11.500000000000002
decision_type=10 2 10 8 2 10 2 2 2 2 2 2 2 2
left_child=1 3 5 -1 -4 13 -5 -7 10 -10 -9 -6 -8 -2
right_child=2 -3 4 6 11 7 12 8 9 -11 -12 -13 -14 -15
leaf_value=-0.024937330184661096 0.015826693361820698 0.089550051904550884 0.031376132028295645 -0.014654789604020935 0.061839764180790895 0.020809405886644147 -0.0075083885457242448 0.042137493566672894 -0.0035115700800017247 0.055978651593743579 0.088892697237842669 0.10400157691187201 0.011770606198591292 -0.0060035039004725536
leaf_weight=3453 1264 101 504 3126 391 1556 1544 281 164 101 127 148 697 452
leaf_count=3453 1264 101 504 3126 391 1556 1544 281 164 101 127 148 697 452
internal_value=0.000503281 -0.0141535 0.0267169 -0.0153411 0.0531018 0.0197411 -0.00916708 0.0271814 0.0419138 0.0191621 0.0566912 0.0734167 -0.0015122 0.0100765
internal_weight=13909 8921 4988 8820 1043 3945 5367 2229 673 265 408 539 2241 1716
internal_count=13909 8921 4988 8820 1043 3945 5367 2229 673 265 408 539 2241 1716
is_linear=0
shrinkage=0.05


Tree=26
num_leaves=15
num_cat=0
split_feature=0 9 0 0 12 1 0 11 9 1 8 12 5 5
split_gain=1929.17 396.608 333.124 188.644 132.005 251.797 121.097 81.3895 71.6359 70.2668 57.2784 49.7377 54.5376 47.0361
threshold=0.16279535404333573 0.24325980392156865 0.26644633278647512 0.096940186442457388 68.393382352941188 0.42233434539408216 0.19558360299885971 0.6130000000000001 0.26307501036054709 0.1952728007491091 11.500000000000002 68.156250000000014 0.70128256556987822 0.38109095455866998
decision_type=10 2 10 8 2 10 10 2 2 10 2 2 2 2
left_child=1 3 6 -1 -4 13 10 -5 -8 -9 -2 12 -11 -6
right_child=2 -3 4 7 5 -7 8 9 -10 11 -12 -13 -14 -15
leaf_value=-0.023690463707973675 0.01503535859025956 0.085072549793979921 0.03409612673087891 -0.013922049703481069 0.1356022345132771 0.032459676343658789 0.024210167862849789 0.0058638637541397788 0.054218689918757307 -0.013989818568562011 -0.0057033286670241422 0.0026657361231460612 -0.054272916609222455 0.089219051173667574
leaf_weight=3453 1264 101 381 3126 105 187 2267 1334 218 456 452 348 103 114
leaf_count=3453 1264 101 381 3126 105 187 2267 1334 218 456 452 348 103 114
internal_value=0.000478117 -0.0134459 0.0253811 -0.014574 0.0552348 0.0750718 0.0197884 -0.00870872 0.0268427 -0.00143659 0.00957272 -0.012174 -0.0214123 0.111458
internal_weight=13909 8921 4988 8820 787 406 4201 5367 2485 2241 1716 907 559 219
internal_count=13909 8921 4988 8820 787 406 4201 5367 2485 2241 1716 907 559 219
is_linear=0
shrinkage=0.05


Tree=27
num_leaves=15
num_cat=0
split_feature=0 9 0 0 3 12 9 10 11 3 11 2 11 0
split_gain=1741.07 357.938 301.217 170.252 156.814 153.351 99.5021 85.1366 84.4004 81.4552 73.454 71.5534 68.7401 61.3326
threshold=0.16279535404333573 0.24325980392156865 0.25634304632989752 0.096940186442457388 65.689633114524739 68.393382352941188 0.14312848762340824 0.34717863268316967 0.57387500000000014 66.805313729103588 0.6130000000000001 0.92045724416521602 0.91395833333333343 0.19558360299885971
decision_type=10 2 10 8 10 2 2 2 2 10 2 8 2 10
left_child=1 3 4 -1 7 -4 8 -2 -6 -8 -5 -12 -7 -11
right_child=2 -3 5 10 6 12 9 -9 -10 13 11 -13 -14 -15
leaf_value=-0.022505940430720229 -0.0018144726432747834 0.080818922434112817 0.028181472892451678 -0.013225947578195431 0.021023810907289629 0.055561788558788461 0.054880155042795066 0.035925684912894676 -0.01817606293378449 0.013638331650194221 -0.0064232731497386652 0.014415196971223102 0.095570106502163008 0.032822717775177514
leaf_weight=3453 1097 101 504 3126 371 391 280 173 218 652 1697 544 148 1154
leaf_count=3453 1097 101 504 3126 371 391 280 173 218 652 1697 544 148 1154
internal_value=0.000454212 -0.0127736 0.024112 -0.0138453 0.0177942 0.0480081 0.024663 0.00332651 0.0065152 0.0297872 -0.00827329 -0.00136476 0.0665474 0.0258968
internal_weight=13909 8921 4988 8820 3945 1043 2675 1270 589 2086 5367 2241 539 1806
internal_count=13909 8921 4988 8820 3945 1043 2675 1270 589 2086 5367 2241 539 1806
is_linear=0
shrinkage=0.05


Tree=28
num_leaves=15
num_cat=0
split_feature=0 9 0 0 2 12 1 3 10 12 2 6 1 1
split_gain=1571.32 323.039 275.391 153.652 111.133 107.409 228.121 79.6658 87.6258 78.9722 66.0227 70.5267 61.9542 61.2477
threshold=0.16279535404333573 0.24325980392156865 0.26644633278647512 0.096940186442457388 0.70313424258612944 68.393382352941188 0.42233434539408216 64.423291274914433 0.32902127933279052 69.21139705882355 0.28773298268734598 3.5000000000000004 0.24920823401937062 0.33520861963751641
decision_type=10 2 10 8 10 2 10 10 2 2 8 2 10 10
left_child=1 3 4 -1 9 -4 -7 8 13 -2 -5 -12 -13 -6
right_child=2 -3 5 10 7 6 -8 -9 -10 -11 11 12 -14 -15
leaf_value=-0.021380643611510815 -0.009912012191169578 0.076777975954631775 0.030982247299790933 -0.042648630113081828 0.0096799699467854626 0.10257680518403821 0.027384664901042917 0.025868361236180262 0.041000545316185286 0.024440938163042807 -0.011751261643781298 0.0043489305582547688 -0.017085598158329891 -0.024273845671398165
leaf_weight=3453 537 101 381 133 436 219 187 2636 158 243 3121 1692 421 191
leaf_count=3453 537 101 381 133 436 219 187 2636 158 243 3121 1692 421 191
internal_value=0.000431501 -0.0121349 0.0229064 -0.0131531 0.0178214 0.0500502 0.067944 0.0217045 0.00772261 0.000790253 -0.00785962 -0.00697561 7.82554e-05 -0.000663218
internal_weight=13909 8921 4988 8820 4201 787 406 3421 785 780 5367 5234 2113 627
internal_count=13909 8921 4988 8820 4201 787 406 3421 785 780 5367 5234 2113 627
is_linear=0
shrinkage=0.05


Tree=29
num_leaves=15
num_cat=0
split_feature=0 9 0 9 2 9 1 4 3 10 3 0 3 2
split_gain=1418.12 291.543 248.54 141.52 103.683 100.545 98.8571 76.655 73.7505 75.3667 67.4593 81.2086 79.7224 68.5026
threshold=0.16279535404333573 0.24325980392156865 0.26644633278647512 0.099916175436698951 0.44733412428102692 0.15761630932209045 0.4489312401453816 -0.29805037405583906 65.725539745964241 0.320862353714858 68.521850210910046 0.20384033371022978 73.005574833033094 0.87708956808526073
decision_type=10 2 10 2 8 2 10 2 10 2 10 10 10 8
left_child=1 3 5 -1 -5 -2 -4 -8 9 -7 -10 -12 13 -13
right_child=2 -3 6 4 -6 8 7 -9 10 -11 11 12 -14 -15
leaf_value=-0.019534364602284471 0.0051125025721003546 0.072939077468754929 0.058830169018058646 -0.023750514367873121 -0.0036597914670045656 0.00072818264009573842 -0.010251471438360485 0.047887023303418479 0.040196471678466766 0.031142303718559222 0.0059130254215927353 0.036422732339112786 0.051469449598917229 -0.0012527101616757437
leaf_weight=3946 1260 101 560 761 4113 639 110 117 681 299 540 255 298 229
leaf_count=3946 1260 101 560 761 4113 639 110 117 681 299 540 255 298 229
internal_value=0.000409926 -0.0115281 0.0217611 -0.0124954 -0.00679665 0.0169303 0.0475477 0.0197142 0.0219934 0.0104231 0.0274117 0.0208259 0.0311238 0.018597
internal_weight=13909 8921 4988 8820 4874 4201 787 227 2941 938 2003 1322 782 484
internal_count=13909 8921 4988 8820 4874 4201 787 227 2941 938 2003 1322 782 484
is_linear=0
shrinkage=0.05


Tree=30
num_leaves=15
num_cat=0
split_feature=9 2 2 3 5 8 2 6 6 2 10 11 6 4
split_gain=1269.72 421.017 114.948 83.9285 74.3171 76.7218 71.1113 68.3739 66.4735 63.6056 67.488 59.863 66.0478 58.4662
threshold=0.19441960082846924 0.67641698166945019 0.81003351977902915 62.415567738097444 0.82312016049052528 7.5000000000000009 0.89721066228949031 2.5000000000000004 1.5000000000000002 0.24629667147043774 0.010997591742597764 0.7683958333333335 2.5000000000000004 -0.27755451324160235
decision_type=2 10 8 8 2 2 10 2 2 8 2 2 2 2
left_child=1 9 4 6 5 13 -4 -3 -5 -1 -11 -10 -13 -2
right_child=2 7 3 8 -6 -7 -8 -9 11 10 -12 12 -14 -15
leaf_value=-0.032120191788103242 0.05552767710181411 -0.0093969937225820768 -0.016834457074224519 -0.00022728861979792053 -0.027047370785993397 0.0041685656322103543 0.037476922627364365 0.0084456046050493602 0.069520273413509123 -0.027477725283559018 -0.012434053382068535 0.072617127558564754 0.03446671991095248 0.016001621037674118
leaf_weight=544 179 656 138 107 102 445 107 2958 160 854 5869 123 1461 196
leaf_count=544 179 656 138 107 102 445 107 2958 160 854 5869 123 1461 196
internal_value=-0.000780748 -0.00873974 0.0279144 0.0343863 0.0132017 0.0182083 0.00688521 0.00520688 0.0380263 -0.0156756 -0.014345 0.0403733 0.0374292 0.0348687
internal_weight=13899 10881 3018 2096 922 820 245 3614 1851 7267 6723 1744 1584 375
internal_count=13899 10881 3018 2096 922 820 245 3614 1851 7267 6723 1744 1584 375
is_linear=0
shrinkage=0.05


Tree=31
num_leaves=15
num_cat=0
split_feature=9 2 9 2 10 9 2 11 10 5 2 9 12 5
split_gain=1155.39 235.469 193.312 126.498 88.3178 78.2203 84.348 84.8458 75.3441 71.9842 65.7108 63.1779 61.4967 67.1257
threshold=0.16929121725731897 0.67641698166945019 0.24325980392156865 0.75318014058421157 0.19572291447291451 0.17725859137282982 0.92045724416521602 0.85058823529411776 0.25931889056889063 0.22288716877020406 0.9479674273358939 0.2224014336917563 69.818014705882362 0.36906266389716619
decision_type=2 10 2 8 2 2 10 2 2 2 10 2 2 2
left_child=1 -1 3 11 -5 -6 7 -7 -9 -4 -3 -2 13 -11
right_child=2 10 9 4 5 6 -8 8 -10 12 -12 -13 -14 -15
leaf_value=-0.015700936351014574 -0.006753455854829094 0.0004834220084391997 0.018804338734354015 0.054820055388953792 -0.0060415628412277397 0.024336495251513546 0.040730950331650528 0.041265470434976102 -0.0057921180077927827 0.08996723106191043 0.040882902774693711 0.028533445724859736 0.022886956366851476 0.047356901849432753
leaf_weight=6786 793 2431 276 172 303 1153 437 101 539 124 105 151 165 363
leaf_count=6786 793 2431 276 172 303 1153 437 101 539 124 105 151 165 363
internal_value=-0.00074171 -0.010843 0.0198317 0.0146497 0.0201492 0.017795 0.0210338 0.016233 0.00163416 0.0402078 0.00215611 -0.00110905 0.0492682 0.0582063
internal_weight=13899 9322 4577 3649 2705 2533 2230 1793 640 928 2536 944 652 487
internal_count=13899 9322 4577 3649 2705 2533 2230 1793 640 928 2536 944 652 487
is_linear=0
shrinkage=0.05


Tree=32
num_leaves=15
num_cat=0
split_feature=0 0 11 4 5 6 0 3 3 2 1 1 12 1
split_gain=1159.83 251.703 109.991 107.996 101.383 75.8701 71.5017 101.321 98.2382 69.096 85.5639 64.6878 59.514 52.5748
threshold=0.194536558950302 0.11972259481566501 0.71806250000000016 -0.66865090786370696 -0.23682423641957831 2.5000000000000004 0.24882538956323105 65.537323406040983 66.917578250736042 0.93710935092721781 0.32183071428140858 0.085718387434268323 69.593750000000014 0.37327489540573516
decision_type=10 8 2 2 2 2 10 10 10 10 10 10 2 10
left_child=1 -1 11 -2 -5 -4 7 -6 -9 10 12 -3 -7 -8
right_child=3 2 5 4 6 9 13 8 -10 -11 -12 -13 -14 -15
leaf_value=-0.016663243026650138 0.069885282377497512 -0.016623030150358441 -0.018015962850768119 -0.021306245488145192 0.002087030418774327 0.0056180766843557722 0.047299676251362055 0.056909013641608414 0.020709842130563462 0.050120094233131574 -0.022229664426501559 -0.0019091673340108696 0.026148998331680925 0.02567755368132631
leaf_weight=5161 130 1135 254 122 593 1030 496 227 1075 107 198 2185 537 649
leaf_count=5161 130 1135 254 122 593 1030 496 227 1075 107 198 2185 537 649
internal_value=-0.000704625 -0.00875118 -0.00125316 0.0252218 0.0233855 0.00762651 0.0251791 0.0192185 0.0270211 0.0111058 0.0087406 -0.00693936 0.0126539 0.035044
internal_weight=13899 10607 5446 3292 3162 2126 3040 1895 1302 1872 1765 3320 1567 1145
internal_count=13899 10607 5446 3292 3162 2126 3040 1895 1302 1872 1765 3320 1567 1145
is_linear=0
shrinkage=0.05


Tree=33
num_leaves=15
num_cat=0
split_feature=0 9 8 4 9 9 8 0 12 4 9 0 11 4
split_gain=1046.75 272.514 126.498 97.4662 92.002 90.2355 128.538 89.0577 67.0468 66.5037 63.892 64.5148 63.483 58.4026
threshold=0.194536558950302 0.16520846013390142 6.5000000000000009 -0.66865090786370696 0.18313831789774868 0.19441960082846924 7.5000000000000009 0.11267200224789599 68.968750000000014 -0.42734189387324967 0.17295159473874336 0.14615956509958963 0.7228958333333334 -0.47403157234451893
decision_type=10 2 2 2 2 2 2 10 2 2 2 10 2 2
left_child=1 7 4 -2 12 6 8 -1 -5 -6 11 -4 -3 -8
right_child=3 2 10 5 9 -7 13 -9 -10 -11 -12 -13 -14 -15
leaf_value=-0.016818673337633754 0.066391018542881985 -0.024760472495524613 -0.0080424399944868958 -0.016977278365916813 0.058145667990048722 0.029287733340391919 -0.0044304939143422267 -0.0062501713967412255 0.016515784288292805 0.021145800619567147 -0.010416799787593316 0.045632913303479822 0.017174854386979955 0.034182591806039567
leaf_weight=4944 130 168 110 388 150 1859 119 3340 243 638 948 114 195 553
leaf_count=4944 130 168 110 388 150 1859 119 3340 243 638 948 114 195 553
internal_value=-0.000669394 -0.00831362 0.00682073 0.0239607 0.0185944 0.0222163 0.0121273 -0.0125576 -0.004079 0.0281889 -0.00474202 0.0192745 -0.00223323 0.0273449
internal_weight=13899 10607 2323 3292 1151 3162 1303 8284 631 788 1172 224 363 672
internal_count=13899 10607 2323 3292 1151 3162 1303 8284 631 788 1172 224 363 672
is_linear=0
shrinkage=0.05


Tree=34
num_leaves=15
num_cat=0
split_feature=0 9 8 9 8 9 0 5 5 4 0 12 10 9
split_gain=944.692 245.944 114.164 91.3796 89.6244 83.0318 80.3746 69.7367 67.9484 72.0951 91.8132 83.4576 74.5862 57.6625
threshold=0.194536558950302 0.16520846013390142 6.5000000000000009 0.24513516454476211 5.5000000000000009 0.18313831789774868 0.11267200224789599 0.67799321629168896 -0.18810619874744813 -0.35322222494468969 0.26863488487043957 67.781250000000014 0.28082404858173654 0.17295159473874336
decision_type=10 2 2 2 2 2 10 2 2 2 10 2 2 2
left_child=1 6 5 4 -2 -3 -1 -7 -6 11 -11 -10 -13 -4
right_child=3 2 13 -5 8 7 -8 -9 9 10 -12 12 -14 -15
leaf_value=-0.015977739441057088 0.0055544052831361379 -0.0021215690092854559 0.018310756709459901 0.03825964440301699 -0.014357259134903514 0.033753213775848778 -0.0059376628964486382 -0.0049461155749437671 -0.004677594055010865 0.030375543495863345 0.077113227726270758 0.053356023492701993 0.0017717452007265568 -0.0098959597226729399
leaf_weight=4944 897 363 224 738 102 646 3340 142 297 845 120 177 116 948
leaf_count=4944 897 363 224 738 102 646 3340 142 297 845 120 177 116 948
internal_value=-0.000635924 -0.00789794 0.0064797 0.0227627 0.0182847 0.0176647 -0.0119297 0.0267795 0.0251761 0.0277693 0.0361875 0.0140005 0.0329336 -0.00450491
internal_weight=13899 10607 2323 3292 2554 1151 8284 788 1657 1555 965 590 293 1172
internal_count=13899 10607 2323 3292 2554 1151 8284 788 1657 1555 965 590 293 1172
is_linear=0
shrinkage=0.05


Tree=35
num_leaves=15
num_cat=0
split_feature=0 9 11 3 5 0 2 0 12 1 10 3 5 10
split_gain=845.685 201.221 128.589 128.187 97.6764 93.8217 83.5287 82.0215 93.205 91.574 88.1098 75.2599 73.3635 68.498
threshold=0.19892910573867559 0.16520846013390142 0.93781250000000005 57.717482632191917 0.49962441136845848 0.095663573329291443 0.92045724416521602 0.22536840173081071 68.27389705882355 0.46297096052357406 0.35312463683683559 62.214313733181662 0.58939025846752291 0.2396090562669197
decision_type=10 2 2 10 2 8 10 10 2 10 2 10 2 2
left_child=1 5 7 4 -3 -1 13 10 11 12 -2 -9 -10 -5
right_child=2 3 -4 6 -6 -7 -8 8 9 -11 -12 -13 -14 -15
leaf_value=-0.018050807760731657 0.0032978273035417466 0.01467005631720115 0.059142666670154734 0.014681364431477948 0.068276744575972562 -0.007150225531352296 0.033089841454926792 -0.020262586436588174 0.054296814479892853 -0.0049483611761966598 0.047287710654989698 0.020778802447879101 0.018108352575315827 -0.0084346073693940034
leaf_weight=3158 968 280 217 415 122 5265 174 129 525 107 129 833 191 1407
leaf_count=3158 968 280 217 415 122 5265 174 129 525 107 129 833 191 1407
internal_value=-0.00100387 -0.00759912 0.0220253 0.00517943 0.0309388 -0.0112371 -8.56409e-06 0.0192305 0.0258431 0.0381957 0.00847075 0.0152753 0.0446432 -0.00316944
internal_weight=13920 10821 3099 2398 402 8423 1996 2882 1785 823 1097 962 716 1822
internal_count=13920 10821 3099 2398 402 8423 1996 2882 1785 823 1097 962 716 1822
is_linear=0
shrinkage=0.05


Tree=36
num_leaves=15
num_cat=0
split_feature=0 0 9 5 9 8 9 5 11 2 10 2 2 1
split_gain=763.23 184.233 117.228 101.701 99.7826 142.871 123.385 88.4908 69.5 77.5415 92.2345 63.884 156.291 66.521
threshold=0.19892910573867559 0.11972259481566501 0.19523313045340213 0.58939025846752291 0.16520846013390142 2.5000000000000004 0.19830046010628816 0.45436786604660434 0.91696691176470602 0.91987899005866391 0.28443342756234918 0.90641811079222301 0.87178887931545612 0.28532053170362021
decision_type=10 8 2 2 2 2 2 2 2 10 2 10 8 10
left_child=1 -1 -2 7 -3 6 -6 11 9 10 -7 12 13 -4
right_child=2 4 3 -5 5 8 -8 -9 -10 -11 -12 -13 -14 -15
leaf_value=-0.013993442106472695 0.0089848863239351869 -0.0058890956632711702 0.00044828273545382391 0.0091259051581906274 0.004428288975698547 0.013489442192995308 0.05146486324933202 0.061201574813734311 -0.032285156825214233 0.045749211092013867 -0.014419040323293201 0.044636826616949121 -0.02274462539178428 0.04319390003199703
leaf_weight=5207 1236 3617 118 484 262 608 298 274 152 100 577 426 163 398
leaf_count=5207 1236 3617 118 484 262 608 298 274 152 100 577 426 163 398
internal_value=-0.000953673 -0.00721917 0.020924 0.028845 -0.000936008 0.00803511 0.0294585 0.0357659 -0.00031359 0.00346826 -9.97514e-05 0.0294588 0.0199362 0.0334187
internal_weight=13920 10821 3099 1863 5614 1997 560 1379 1437 1285 1185 1105 679 516
internal_count=13920 10821 3099 1863 5614 1997 560 1379 1437 1285 1185 1105 679 516
is_linear=0
shrinkage=0.05


Tree=37
num_leaves=15
num_cat=0
split_feature=0 9 9 2 3 4 2 12 3 5 2 4 1 2
split_gain=696.808 242.115 117.602 92.4502 114.051 105.139 90.1826 86.6597 110.314 100.118 119.609 62.1458 87.6568 55.4167
threshold=0.21875153946039541 0.16520846013390142 0.25998405103668271 0.90641811079222301 73.32831089291021 0.017444204433432791 0.44002745851802461 68.424632352941188 62.152129606078148 0.56864269997094585 0.78080856121929243 -0.20835148647530982 0.34227586456854647 0.87178887931545612
decision_type=10 2 2 10 10 2 10 2 10 2 8 2 10 8
left_child=1 6 -3 5 -5 7 -1 8 -2 10 -9 12 -10 -12
right_child=3 2 -4 4 -6 -7 -8 9 11 -11 13 -13 -14 -15
leaf_value=-0.014382442474552923 -0.046315921075606288 0.0044355287848451474 0.05436451341502551 0.030368685406310839 0.083523613278172981 0.064555387903567199 -0.0040876887679439349 -0.0065185804558651793 -0.0040484872923390765 -0.010289419582113624 0.069779179242199021 -0.016173512972268645 0.040383618130036852 0.024892111239480041
leaf_weight=5003 104 2865 123 734 117 106 3701 105 212 132 211 172 233 102
leaf_count=5003 104 2865 123 734 117 106 3701 105 212 132 211 172 233 102
internal_value=-0.000905989 -0.00578937 0.00649084 0.0247208 0.0376767 0.0167139 -0.010005 0.012724 0.00132095 0.0276723 0.0396602 0.0093505 0.019216 0.0551514
internal_weight=13920 11692 2988 2228 851 1377 8704 1271 721 550 418 617 445 313
internal_count=13920 11692 2988 2228 851 1377 8704 1271 721 550 418 617 445 313
is_linear=0
shrinkage=0.05


Tree=38
num_leaves=15
num_cat=0
split_feature=9 0 0 8 11 11 2 7 2 1 4 4 8 4
split_gain=629.32 206.946 158.137 176.422 82.1503 93.2118 75.4116 75.3239 65.7829 58.6803 57.1522 58.0739 62.6444 54.2172
threshold=0.19441960082846924 0.14615956509958963 0.19892910573867559 2.5000000000000004 0.93781250000000005 0.91696691176470602 0.28773298268734598 1.0000000180025095e-35 0.79215844115833345 0.36443852334054244 -0.66865090786370696 -0.013970458401308818 5.5000000000000009 0.017444204433432791
decision_type=2 10 8 2 2 2 8 2 10 10 2 2 2 2
left_child=1 6 3 -2 5 13 -1 10 -9 -6 -3 12 -12 -4
right_child=2 7 4 -5 9 -7 -8 8 -10 -11 11 -13 -14 -15
leaf_value=-0.026921339473455649 0.054052387092289704 0.036196306190238552 0.024428889206690549 -0.0075708440932180368 0.082488084997804398 -0.01097731857922178 -0.0094861421435898374 0.0049361149446103042 0.034996682815472017 0.032318356709967133 -0.015448869943124994 0.02086057095741492 0.0019284159754162228 0.058515636072981929
leaf_weight=682 137 104 1573 763 105 179 6843 422 320 131 799 258 1478 126
leaf_count=682 137 104 1573 763 105 179 6843 422 320 131 799 258 1478 126
internal_value=-0.00086069 -0.00644957 0.0193624 0.00180958 0.0268352 0.0233411 -0.0110663 0.00382578 0.0179002 0.0546396 -0.000131491 -0.00162186 -0.00416928 0.0269568
internal_weight=13920 10906 3014 900 2114 1878 7525 3381 742 236 2639 2535 2277 1699
internal_count=13920 10906 3014 900 2114 1878 7525 3381 742 236 2639 2535 2277 1699
is_linear=0
shrinkage=0.05


Tree=39
num_leaves=15
num_cat=0
split_feature=0 9 9 10 2 3 4 3 2 0 5 5 5 3
split_gain=574.88 201.627 102.958 82.0177 81.3152 101.825 89.7006 76.9248 75.5741 69.1999 54.4814 80.9942 78.8334 52.0081
threshold=0.21875153946039541 0.16520846013390142 0.23269738102607188 0.28443342756234918 0.90641811079222301 73.32831089291021 0.017444204433432791 62.214313733181662 0.44002745851802461 0.20000082808624622 0.53316975331520833 0.45116106171390974 0.67094471707232695 64.697226498736967
decision_type=10 2 2 2 10 10 2 10 10 8 2 2 2 10
left_child=1 8 3 -3 6 -6 7 -2 -1 -4 11 -9 -12 -10
right_child=4 2 9 -5 5 -7 -8 10 13 -11 12 -13 -14 -15
leaf_value=-0.013107535264270909 -0.019417160492527979 0.010878272180615677 0.0081300783953298632 -0.0068742568901207727 0.027704751718635814 0.077929817464871293 0.059139676926929931 0.017062405361451538 -0.01362183894200757 0.050832837186564651 -0.032822115607865035 0.065047605576841999 0.018577450229107249 -0.00014853366011742593
leaf_weight=5003 176 1364 183 1244 734 117 106 680 971 197 122 101 192 2730
leaf_count=5003 176 1364 183 1244 734 117 106 680 971 197 122 101 192 2730
internal_value=-0.000817655 -0.00525325 0.00595323 0.00241042 0.0224593 0.03461 0.01495 0.0112647 -0.00910033 0.0302681 0.0161962 0.0232679 -0.00139308 -0.00368341
internal_weight=13920 11692 2988 2608 2228 851 1377 1271 8704 380 1095 781 314 3701
internal_count=13920 11692 2988 2608 2228 851 1377 1271 8704 380 1095 781 314 3701
is_linear=0
shrinkage=0.05


Tree=40
num_leaves=15
num_cat=0
split_feature=0 9 0 1 2 2 9 2 4 4 10 10 3 9
split_gain=613.78 227.581 120.952 109.235 95.4613 94.8339 106.53 100.761 93.1567 87.8092 90.9342 109.451 86.8205 80.8047
threshold=0.15540420222858523 0.19262657152565413 0.26863488487043957 0.40559239748527315 0.71244411668116914 0.84745499940173363 0.22540617026892287 0.74905699710641227 -0.060132581440152211 -0.060132581440152211 0.28082404858173654 0.25526382789220403 68.521850210910046 0.22775532331739159
decision_type=8 2 8 10 10 10 2 8 2 2 2 2 10 2
left_child=-1 4 3 5 -2 6 -3 -8 12 10 11 -6 13 -7
right_child=1 2 -4 -5 9 8 7 -9 -10 -11 -12 -13 -14 -15
leaf_value=-0.0094181891234981496 -0.0057412304207209511 -0.0064424404915016473 0.038519848120255891 -0.015635692218383467 0.0046609332695620002 0.073677429106020556 0.071339106353401557 0.011941677249357605 -0.0090143023730545752 0.036878342120484874 -0.017651790159471263 0.038489989265125542 0.019685303981890931 0.029246199467682584
leaf_weight=7466 1597 505 821 244 1120 226 102 238 122 275 319 304 349 187
leaf_count=7466 1597 505 821 244 1120 226 102 238 122 275 319 304 349 187
internal_value=0.000325218 0.0116756 0.0223928 0.0156821 0.00339228 0.0201017 0.00812459 0.0297609 0.0315504 0.0106203 0.0064775 0.0118829 0.038045 0.0535597
internal_weight=13875 6409 2794 1973 3615 1729 845 340 884 2018 1743 1424 762 413
internal_count=13875 6409 2794 1973 3615 1729 845 340 884 2018 1743 1424 762 413
is_linear=0
shrinkage=0.05


Tree=41
num_leaves=15
num_cat=0
split_feature=9 9 8 10 1 1 3 4 3 12 1 5 5 12
split_gain=538.012 139.947 123.027 86.2838 86.0602 79.5259 79.4446 75.9167 69.3797 64.7147 64.6754 58.95 105.189 65.8236
threshold=0.19523313045340213 0.12701664875577923 2.5000000000000004 0.3098458221874994 0.20158520764502269 0.3906461462593866 62.214313733181662 -0.39145604918995164 66.753017875530233 65.727941176470594 0.22309197782867382 0.28408909386388298 0.1858526029989159 71.968750000000014
decision_type=2 2 2 2 8 10 10 2 8 2 10 2 2 2
left_child=1 -1 5 7 -4 8 -6 10 -2 -8 -3 12 -11 -13
right_child=2 3 4 -5 6 -7 9 -9 -10 11 -12 13 -14 -15
leaf_value=-0.0097379182104798193 0.080891226626680066 0.0036879983734202332 -0.0089098985160653218 -0.02081046401465295 -0.010324456608174621 -0.00049763243113245289 0.00085388796135183864 -0.00044640551096026117 0.037108311875598488 0.026451405382661594 0.026803273746448919 0.022684081015440654 0.07660535997300244 -0.01891743100627705
leaf_weight=6247 118 657 351 389 222 105 317 3029 388 452 561 795 136 108
leaf_count=6247 118 657 351 389 222 105 317 3029 388 452 561 795 136 108
internal_value=0.000308958 -0.00485349 0.0190867 0.00172826 0.0139506 0.0391014 0.0179033 0.00379267 0.0473186 0.0213694 0.0143347 0.0257311 0.0380516 0.0177085
internal_weight=13875 10883 2992 4636 2381 611 2030 4247 506 1808 1218 1491 588 903
internal_count=13875 10883 2992 4636 2381 611 2030 4247 506 1808 1218 1491 588 903
is_linear=0
shrinkage=0.05


Tree=42
num_leaves=15
num_cat=0
split_feature=0 9 2 9 3 5 12 12 1 12 11 3 5 0
split_gain=517.731 161.342 99.454 90.5929 88.8148 69.9159 74.4602 72.9661 75.8929 64.2058 68.691 61.9613 60.8921 58.0638
threshold=0.19353880531712145 0.14821987772144352 0.93710935092721781 0.23843208018915954 60.846219617254079 0.53316975331520833 71.24264705882355 66.909926470588246 0.45453159153158579 69.656250000000014 0.70710416666666676 74.337654593277861 0.78746085927081444 0.25634304632989752
decision_type=10 2 10 2 10 2 2 2 10 2 2 8 2 10
left_child=1 -1 3 9 -2 7 -7 -6 13 12 -11 -12 -3 -9
right_child=4 2 -4 -5 5 6 -8 8 -10 10 11 -13 -14 -15
leaf_value=-0.009303032668071148 -0.0096008141334819538 -0.0015828643814471959 0.046767994355701822 0.036434386188642739 0.012312419020375352 0.014989433856540391 -0.022076675397010498 0.029075296197416375 -0.003344879519656627 -0.012984855059319393 0.0094561825549364896 0.043224975321647811 -0.029489214105078727 0.053376096857531946
leaf_weight=7265 279 1892 131 183 729 828 162 874 137 208 428 199 218 342
leaf_count=7265 279 1892 131 183 729 828 162 874 137 208 428 199 218 342
internal_value=0.00029351 -0.00515657 0.00408679 0.00229931 0.0174098 0.0198629 0.00892407 0.0250643 0.0319351 0.000178179 0.011914 0.0201739 -0.00446608 0.0359099
internal_weight=13875 10524 3259 3128 3351 3072 990 2082 1353 2945 835 627 2110 1216
internal_count=13875 10524 3259 3128 3351 3072 990 2082 1353 2945 835 627 2110 1216
is_linear=0
shrinkage=0.05


Tree=43
num_leaves=15
num_cat=0
split_feature=9 2 8 2 1 9 10 3 11 1 3 4 12 10
split_gain=443.743 187.215 110.459 81.9013 70.5043 68.3088 92.5028 64.0075 59.1267 59.4337 56.081 50.4329 47.7286 46.7574
threshold=0.19523313045340213 0.70313424258612944 2.5000000000000004 0.84745499940173363 0.3906461462593866 0.12960699085393465 0.3098458221874994 66.753017875530233 0.80613095238095245 0.44186011867692426 59.919899693451605 0.017444204433432791 65.312500000000014 0.010997591742597764
decision_type=2 10 2 10 10 2 2 8 2 10 10 2 2 2
left_child=1 13 4 11 7 12 10 -2 -5 -10 -7 -4 -3 -1
right_child=2 5 3 8 -6 6 -8 -9 9 -11 -12 -13 -14 -15
leaf_value=-0.019722704453233916 0.076280916083241043 -0.027185127587489241 -0.00038763493156374269 0.045088646114465621 -0.00098814253828355251 -0.017474751288165759 -0.019334218527395201 0.034227255189109636 0.021068338101463659 -0.015043168839863466 0.015485489503178785 0.035798278679403495 2.733703668791724e-05 -0.0073504603929623706
leaf_weight=862 118 205 1051 218 105 138 241 388 875 131 1991 106 753 6693
leaf_count=862 118 205 1051 218 105 138 241 388 875 131 1991 106 753 6693
internal_value=0.000278834 -0.00440958 0.0173323 0.0124656 0.0362972 0.00547121 0.0100255 0.0440342 0.0214816 0.0163659 0.013349 0.00292758 -0.00579579 -0.00876209
internal_weight=13875 10883 2992 2381 611 3328 2370 506 1224 1006 2129 1157 958 7555
internal_count=13875 10883 2992 2381 611 3328 2370 506 1224 1006 2129 1157 958 7555
is_linear=0
shrinkage=0.05


Tree=44
num_leaves=15
num_cat=0
split_feature=0 0 2 3 1 11 10 1 10 2 3 12 3 12
split_gain=436.753 134.086 108.698 87.5011 84.4125 107.139 116.686 74.3556 94.5866 67.4284 51.9693 62.9095 71.7862 62.2043
threshold=0.15540420222858523 0.26028277693526153 0.49405967552773739 65.332472728314542 0.47161140487147535 0.84438541666666678 0.27114157921676679 0.31839890434730839 0.24340011894401906 0.94449298623026257 66.563444060392911 69.303308823529434 71.572386881278661 64.406250000000014
decision_type=8 10 8 8 10 2 2 8 2 10 8 2 10 2
left_child=-1 2 -2 7 5 6 -3 8 -4 10 -5 13 -13 -12
right_child=1 4 3 9 -6 -7 -8 -9 -10 -11 11 12 -14 -15
leaf_value=-0.0079541782215941867 -0.035689707511193949 0.041474209645889819 -0.0084472265246300672 0.026243374527094233 -0.0049227881341269526 0.052410547919664999 -0.015654619310572299 -0.017534503442865123 0.02523566409995559 0.036024281795965445 0.021061816941069771 0.0077374477556143286 0.03340656263028207 -0.0013744018884081217
leaf_weight=7466 146 191 474 437 165 398 168 529 372 268 377 743 430 1711
leaf_count=7466 146 191 474 437 165 398 168 529 372 268 377 743 430 1711
internal_value=0.000264893 0.00983949 0.00687489 0.00803843 0.0274824 0.0345456 0.0147398 -0.0028306 0.00636369 0.0118067 0.0100516 0.00788177 0.0171473 0.00267658
internal_weight=13875 6409 5487 5341 922 757 359 1375 846 3966 3698 3261 1173 2088
internal_count=13875 6409 5487 5341 922 757 359 1375 846 3966 3698 3261 1173 2088
is_linear=0
shrinkage=0.05


Tree=45
num_leaves=15
num_cat=0
split_feature=0 0 3 0 9 8 11 0 3 9 11 11 9 5
split_gain=376.593 119.757 69.6262 68.0094 64.7184 56.877 85.6852 61.1591 47.4207 73.2684 70.0063 44.2021 41.4345 40.2854
threshold=0.194536558950302 0.11888986941054869 75.843855278799296 0.1675349242250587 0.18932390606576707 5.5000000000000009 0.9364583333333335 0.29560309903964771 73.665537073236365 0.19441960082846924 0.85531250000000003 0.76332720588235314 0.20366138048846336 0.64533453718041878
decision_type=10 8 8 10 2 2 2 10 10 2 2 2 2 2
left_child=1 -1 -3 4 13 6 8 -7 9 11 -11 -2 -10 -4
right_child=5 2 3 -5 -6 7 -8 -9 12 10 -12 -13 -14 -15
leaf_value=-0.010002959643599495 -0.0076917730665053783 -0.0022028325338308611 -0.0046254772577157474 0.050994325619154048 0.028676588012369511 0.017187540188783351 0.050365275026299061 0.047668798266935888 0.045535906151247529 0.027830388664687969 -0.010126362737782044 -0.043872738368809228 0.0010099761205940294 0.029562143175862733
leaf_weight=5138 260 4330 623 101 273 1919 100 180 105 255 232 125 104 100
leaf_count=5138 260 4330 623 101 273 1919 100 180 105 255 232 125 104 100
internal_value=6.28237e-05 -0.00453193 0.000647764 0.0118994 0.00793499 0.0148627 0.00608494 0.0198015 0.0019887 -0.00313821 0.00974832 -0.0194388 0.0233795 0.000103101
internal_weight=13845 10565 5427 1097 996 3280 1181 2099 1081 872 487 385 209 723
internal_count=13845 10565 5427 1097 996 3280 1181 2099 1081 872 487 385 209 723
is_linear=0
shrinkage=0.05


Tree=46
num_leaves=15
num_cat=0
split_feature=0 0 10 3 12 8 1 3 0 1 8 4 5 9
split_gain=339.875 108.081 73.5276 74.2444 63.1389 79.826 69.7488 54.6343 52.8473 54.605 61.576 80.3743 84.4383 68.9969
threshold=0.194536558950302 0.11888986941054869 0.063238642058389791 65.159551788816984 67.531250000000014 6.5000000000000009 0.24073997008960715 58.003619933904197 0.26863488487043957 0.36228946092608538 4.5000000000000009 -0.18930515430902867 0.21400951116924838 0.23577991895248265
decision_type=10 8 2 8 2 2 8 10 10 10 2 2 2 2
left_child=1 -1 -3 4 -4 6 -6 -2 9 10 -9 13 -13 -12
right_child=7 2 3 -5 5 -7 -8 8 -10 -11 11 12 -14 -15
leaf_value=-0.009502811807608081 -0.021021017841733644 -0.015545788800559138 -0.018543376771347483 0.0062361817749568161 0.057336870225013374 -0.011641350022011394 -2.4532541093007428e-05 0.00078550562548599539 0.027344881407791583 0.0011103826992330142 0.0069530241575196635 0.0045481988436742024 0.055838601814925198 0.043461448205634953
leaf_weight=5138 107 623 655 3635 105 302 107 433 708 800 677 112 283 160
leaf_count=5138 107 623 655 3635 105 302 107 433 708 800 677 112 283 160
internal_value=5.96824e-05 -0.00430533 0.000615375 0.00271121 -0.00824966 0.00486782 0.0283856 0.0141195 0.0153046 0.0118463 0.0170047 0.0227052 0.0412955 0.0139319
internal_weight=13845 10565 5427 4804 1169 514 212 3280 3173 2465 1665 1232 395 837
internal_count=13845 10565 5427 4804 1169 514 212 3280 3173 2465 1665 1232 395 837
is_linear=0
shrinkage=0.05


Tree=47
num_leaves=15
num_cat=0
split_feature=0 0 10 2 1 1 12 2 4 2 0 1 1 12
split_gain=306.737 97.5432 66.3586 52.7109 49.1656 90.5331 53.7596 65.9279 46.6923 65.9072 46.8958 82.5223 54.4479 74.2608
threshold=0.194536558950302 0.11888986941054869 0.063238642058389791 0.48142230389599289 0.24236743416021664 0.23568186923760401 70.878676470588246 0.7551545212940759 -0.66865090786370696 0.77452270016016933 0.26863488487043957 0.36443852334054244 0.41322987528344673 68.424632352941188
decision_type=10 8 2 8 10 10 2 10 2 8 10 10 10 2
left_child=1 -1 -3 -4 5 -5 -6 -8 -2 -10 11 -11 13 -12
right_child=8 2 3 4 6 -7 7 -9 9 10 12 -13 -14 -15
leaf_value=-0.0090276711147965812 0.043636760675552777 -0.014768499328925261 -0.020314040721811075 0.0058265351561677956 -0.0076189363825580354 0.050889508086577828 0.048526315402020431 -0.0012161861855323273 -0.0030080461597539782 0.018853468860442285 0.017920860636249102 -0.0032810535343583548 0.011528425841342 0.064118403163305374
leaf_weight=5138 123 623 239 2846 1309 116 102 192 579 1317 176 619 294 172
leaf_count=5138 123 623 239 2846 1309 116 102 192 579 1317 176 619 294 172
internal_value=5.66984e-05 -0.00409006 0.000584607 0.00257565 0.00377404 0.00759132 -0.00327948 0.0160414 0.0134136 0.012236 0.0156598 0.0117764 0.0273704 0.0407541
internal_weight=13845 10565 5427 4804 4565 2962 1603 294 3280 3157 2578 1936 642 348
internal_count=13845 10565 5427 4804 4565 2962 1603 294 3280 3157 2578 1936 642 348
is_linear=0
shrinkage=0.05


Tree=48
num_leaves=15
num_cat=0
split_feature=0 0 10 3 12 8 1 3 0 0 1 8 4 9
split_gain=276.83 88.0327 59.8887 65.8797 56.0228 72.0213 61.9583 49.1657 45.1724 42.9427 44.2647 55.503 73.07 62.6369
threshold=0.194536558950302 0.11888986941054869 0.063238642058389791 65.159551788816984 67.531250000000014 6.5000000000000009 0.24073997008960715 58.003619933904197 0.12330840385725124 0.26863488487043957 0.36228946092608538 4.5000000000000009 -0.18930515430902867 0.24609317791025023
decision_type=10 8 2 8 2 2 8 10 8 10 10 2 2 2
left_child=1 -1 -3 4 -4 6 -6 -2 -5 10 11 -9 13 -13
right_child=7 2 3 8 5 -7 -8 9 -10 -11 -12 12 -14 -15
leaf_value=-0.0085762874355012481 -0.020592636320191635 -0.01403007451153359 -0.017574408154655326 0.032357627257637779 0.054103176980501134 -0.011203283173439174 4.0044297603455102e-05 -4.5988694216204305e-06 0.0045989537447804841 0.024720567679292482 0.0010835398357303349 0.0071763370553700996 0.038531572820272086 0.047977473500564145
leaf_weight=5138 107 623 655 153 105 302 107 433 3482 708 800 729 395 108
leaf_count=5138 107 623 655 153 105 302 107 433 3482 708 800 729 395 108
internal_value=5.38635e-05 -0.00388556 0.000555376 0.00244687 -0.00787811 0.00447807 0.0268166 0.0127429 0.00576734 0.013867 0.0107497 0.0153941 0.0208061 0.012441
internal_weight=13845 10565 5427 4804 1169 514 212 3280 3635 3173 2465 1665 1232 837
internal_count=13845 10565 5427 4804 1169 514 212 3280 3635 3173 2465 1665 1232 837
is_linear=0
shrinkage=0.05


Tree=49
num_leaves=15
num_cat=0
split_feature=0 0 2 3 12 8 2 2 11 12 0 2 2 0
split_gain=249.839 79.4496 57.3212 59.9118 57.9889 44.9175 82.831 84.7102 83.2611 59.4858 49.7406 40.3311 55.1358 40.2199
threshold=0.194536558950302 0.11888986941054869 0.93878190268318984 75.843855278799296 72.218750000000014 5.5000000000000009 0.76833012450572147 0.81925265554508842 0.93545833333333339 67.393382352941188 0.29560309903964771 0.49405967552773739 0.80215157101949564 0.27386475608577693
decision_type=10 8 10 8 2 2 10 10 2 2 10 8 8 10
left_child=1 -1 3 11 -5 6 9 -8 13 -2 -7 -3 -13 -9
right_child=5 2 -4 4 -6 10 7 8 -10 -11 -12 12 -14 -15
leaf_value=-0.0081474732531733717 -0.050623261332014592 -0.022220772651426898 0.029190154326804114 0.0061954242482284644 0.044495873173317789 0.0141373674700986 0.046285764642784166 0.0049758624877961379 0.046800504021081782 -0.00033075973581876201 0.041626307385870157 0.004099906951788434 -0.007765890499849654 -0.023659454810919255
leaf_weight=5138 103 259 169 973 110 1919 144 536 102 137 180 1953 1963 159
leaf_count=5138 103 259 169 973 110 1919 144 536 102 137 180 1953 1963 159
internal_value=5.11702e-05 -0.00369128 0.000527607 -0.00039365 0.0100856 0.0121057 0.00430525 0.0109926 0.00461589 -0.0219146 0.0164947 -0.00311198 -0.00184814 -0.00157524
internal_weight=13845 10565 5427 5258 1083 3280 1181 941 797 240 2099 4175 3916 695
internal_count=13845 10565 5427 5258 1083 3280 1181 941 797 240 2099 4175 3916 695
is_linear=0
shrinkage=0.05


Tree=50
num_leaves=15
num_cat=0
split_feature=0 4 9 3 11 0 10 1 8 9 9 6 4 3
split_gain=159.081 114.414 78.5927 61.6372 51.5052 49.9116 53.5831 55.9096 45.6424 46.1905 99.901 70.4209 58.5185 92.28
threshold=0.14344603660056468 -0.75459083344065758 0.19523313045340213 59.756230819658875 0.70062500000000016 0.17291882369638681 0.44159584112414302 0.4489312401453816 14.500000000000002 0.23352010547132501 0.22796039650382713 3.5000000000000004 -0.15520056642534563 63.275711272423152
decision_type=8 2 2 8 2 8 2 10 2 2 2 2 2 10
left_child=-1 -2 3 4 -3 -4 7 8 9 10 11 -7 13 -11
right_child=1 2 5 -5 -6 6 -8 -9 -10 12 -12 -13 -14 -15
leaf_value=-0.005937896933887913 0.049369151916698363 -0.0036011175615073159 -0.010478715121097071 0.0011444246132946273 -0.04989311985067419 0.043835697783772082 -0.019750221036374568 -0.0083145880625428003 -0.01300429927690302 0.068594818682996203 -0.03033845166267812 0.011151171862376623 0.0058193264172966396 0.02409788857303919
leaf_weight=6765 141 131 254 4040 111 206 120 240 118 162 121 824 211 415
leaf_count=6765 141 131 254 4040 111 206 120 240 118 162 121 824 211 415
internal_value=-0.000452286 0.00477892 0.00387467 -0.000323776 -0.0248342 0.0106054 0.0128211 0.0145227 0.0171872 0.0190246 0.0126392 0.0176881 0.0283513 0.036591
internal_weight=13859 7094 6953 4282 242 2671 2417 2297 2057 1939 1151 1030 788 577
internal_count=13859 7094 6953 4282 242 2671 2417 2297 2057 1939 1151 1030 788 577
is_linear=0
shrinkage=0.05


Tree=51
num_leaves=15
num_cat=0
split_feature=0 4 2 12 9 8 4 12 5 5 11 5 5 4
split_gain=143.571 103.258 75.5534 65.3174 75.7124 61.4284 57.8889 57.2718 47.6539 46.639 66.4829 45.6034 59.5712 75.1529
threshold=0.14344603660056468 -0.75459083344065758 0.52586549788415893 61.500000000000007 0.19002650171429256 7.5000000000000009 -0.14468780818839524 72.125000000000014 0.16696646086307881 0.45116106171390974 0.39630681818181823 -0.2003413157369888 1.0000000180025095e-35 -0.3283227281738833
decision_type=8 2 8 2 2 2 2 2 2 2 2 2 2 2
left_child=7 -2 -3 -4 5 6 8 -1 -5 -10 -11 -6 13 -13
right_child=1 2 3 4 11 -7 -8 -9 9 10 -12 12 -14 -15
leaf_value=-0.0042589337058397663 0.046900692701022678 -0.026527548562827991 0.032441908940353308 -0.028056801733068477 -0.021354409030317208 0.006064617964489938 0.0085513206534007374 -0.020954812284243028 0.0034846246992164213 0.013890055618675191 -0.024955552051796025 0.067158190663723125 0.0088580705670355253 0.0093717000601182317
leaf_weight=6205 141 201 204 342 113 1660 464 560 569 142 491 103 2540 124
leaf_count=6205 141 201 204 342 113 1660 464 560 569 142 491 103 2540 124
internal_value=-0.000429672 0.00453997 0.00368094 0.00458021 0.00371219 -0.0010519 -0.00693508 -0.005641 -0.011589 -0.00690352 -0.0162414 0.0097798 0.0110513 0.035592
internal_weight=13859 7094 6953 6752 6548 3668 2008 6765 1544 1202 633 2880 2767 227
internal_count=13859 7094 6953 6752 6548 3668 2008 6765 1544 1202 633 2880 2767 227
is_linear=0
shrinkage=0.05


Tree=52
num_leaves=15
num_cat=0
split_feature=2 3 2 5 5 1 3 5 11 12 12 1 8 8
split_gain=106.388 55.9323 43.2329 63.0132 62.1373 61.5048 49.0084 45.0409 63.6258 47.1793 63.97 44.0658 42.214 42.1157
threshold=0.67641698166945019 77.788379140388244 0.93710935092721781 0.58939025846752291 0.15607448964043594 0.43194317629298301 61.581096676244421 0.56091659247737102 0.87545955882352955 68.393382352941188 71.343750000000014 0.35162397164012338 5.5000000000000009 13.500000000000002
decision_type=10 8 10 2 2 10 10 2 2 2 2 10 2 2
left_child=1 -1 3 4 6 -4 -2 8 9 -6 11 -11 -10 -5
right_child=2 -3 5 13 7 -7 -8 -9 12 10 -12 -13 -14 -15
leaf_value=-0.0060456943575752818 -0.027978697316496666 0.006081837006479603 0.021824752763939144 -0.0095634005332884825 0.0063361089459706343 -0.013344808415893248 0.0010204448928082194 0.038077663989658929 0.011925273008169012 0.023663377555203625 0.003401382130171238 0.056518181092474321 -0.02262570965712898 0.016602971076579046
leaf_weight=6626 166 1110 663 1218 1214 153 1191 142 141 384 299 139 237 176
leaf_count=6626 166 1110 663 1218 1214 153 1191 142 141 384 299 139 237 176
internal_value=-0.000408188 -0.00430558 0.0045159 0.00286844 0.00612034 0.0152305 -0.00252698 0.0107113 0.00910148 0.0125991 0.0218489 0.0323953 -0.00973764 -0.00625976
internal_weight=13859 7736 6123 5307 3913 816 1357 2556 2414 2036 822 523 378 1394
internal_count=13859 7736 6123 5307 3913 816 1357 2556 2414 2036 822 523 378 1394
is_linear=0
shrinkage=0.05


Tree=53
num_leaves=15
num_cat=0
split_feature=9 5 2 5 11 11 9 5 12 5 10 2 9 8
split_gain=116.643 72.5606 115.966 73.7089 71.6885 56.8841 64.2061 69.3063 62.8214 61.216 55.4972 53.9103 49.1702 48.5206
threshold=0.15761630932209045 0.5817892872887126 0.93361193735559456 -0.2003413157369888 0.62062500000000009 0.85058823529411776 0.19375238430613026 0.48063990139273477 66.968750000000014 0.33868805849192885 0.24132611360117315 0.88756436421118978 0.22846481876332625 7.5000000000000009
decision_type=2 2 10 2 2 2 2 2 2 2 2 10 2 2
left_child=11 3 10 -2 -5 -6 8 9 -7 -8 -3 -1 -4 -12
right_child=1 2 12 4 5 6 7 -9 -10 -11 13 -13 -14 -15
leaf_value=-0.0050539612914440868 -0.019127592872000405 0.00902470388730401 0.055009882948270028 -0.016684691317871342 0.017011760514590062 0.012687809083742641 0.012426537620300306 0.037315852278249066 -0.03477571088480725 -0.016039417534685765 -0.026317475624857201 0.013205603622414864 0.0064919638839141232 -0.0037758493702335473
leaf_weight=7911 225 292 102 231 2219 113 634 188 182 269 515 426 107 445
leaf_count=7911 225 292 102 231 2219 113 634 188 182 269 515 426 107 445
internal_value=-0.000387779 0.00524847 -0.00430725 0.00868628 0.0103177 0.0120479 0.00410083 0.00969679 -0.0165948 0.00394665 -0.0100627 -0.00412094 0.0301706 -0.0158685
internal_weight=13859 5522 1461 4061 3836 3605 1386 1091 295 903 1252 8337 209 960
internal_count=13859 5522 1461 4061 3836 3605 1386 1091 295 903 1252 8337 209 960
is_linear=0
shrinkage=0.05


Tree=54
num_leaves=15
num_cat=0
split_feature=9 5 5 11 12 8 4 11 9 3 12 12 12 9
split_gain=105.271 65.4859 66.5222 64.6989 54.6352 50.4658 54.6904 59.6545 83.25 86.7537 98.066 55.5107 43.919 42.1269
threshold=0.15761630932209045 0.5817892872887126 -0.2003413157369888 0.62062500000000009 73.531250000000014 14.500000000000002 0.023361502105587777 0.85058823529411776 0.23352010547132501 70.983722094236256 68.79411764705884 69.031250000000014 70.878676470588246 0.20301382651259023
decision_type=2 2 2 2 2 2 2 2 2 8 2 2 2 2
left_child=-1 2 -2 -4 5 6 7 -5 11 10 -10 -9 -13 -8
right_child=1 -3 3 4 -6 -7 13 8 9 -11 -12 12 -14 -15
leaf_value=-0.003914895838372452 -0.018171213092075453 -0.0040918865980777907 -0.015850457641824241 0.015688323608277457 0.043143614645307984 -0.013568673133582732 0.014576336756969491 -0.018528515258156169 0.02801784736042965 0.049481470961278924 -0.030149190976953833 0.026734633633914668 -0.015584777872825023 0.059271493746031037
leaf_weight=8337 225 1461 231 1856 131 209 108 496 167 150 128 156 101 103
leaf_count=8337 225 1461 231 1856 131 209 108 496 167 150 128 156 101 103
internal_value=-0.00036839 0.00498605 0.00825196 0.00980181 0.0114455 0.0102503 0.011775 0.010074 0.00137604 0.0185216 0.00277927 -0.00875645 0.0101033 0.0363944
internal_weight=13859 5522 4061 3836 3605 3474 3265 3054 1198 445 295 753 257 211
internal_count=13859 5522 4061 3836 3605 3474 3265 3054 1198 445 295 753 257 211
is_linear=0
shrinkage=0.05


Tree=55
num_leaves=15
num_cat=0
split_feature=0 9 3 3 4 1 8 3 0 1 11 0 6 1
split_gain=148.704 79.7032 99.9246 63.1573 57.5591 53.365 78.6744 76.5817 69.4441 62.5864 61.4028 50.869 68.4074 49.7952
threshold=0.12616059937538424 0.23733925648819268 73.896463031717431 77.788379140388244 -0.44921491303349764 0.24422282166669732 5.5000000000000009 65.332472728314542 0.26863488487043957 0.30573821434513287 0.8728125000000001 0.20675028524005709 4.5000000000000009 0.41322987528344673
decision_type=8 2 8 10 2 8 2 10 10 8 2 10 2 10
left_child=-1 3 4 5 -3 -2 -7 9 10 -8 11 -9 -13 -6
right_child=1 2 -4 -5 13 6 7 8 -10 -11 -12 12 -14 -15
leaf_value=-0.0066210371973913626 0.0067401719143201505 0.032828716228812421 0.048799237307293464 0.027047198051281397 0.011009406601410747 -0.0097115583639739225 0.0075671525988727818 0.0031934128615645468 0.04437895924853745 -0.022485752981156112 -0.018119297491360178 0.0098000696179092323 0.049289930914254751 -0.018855968670059856
leaf_weight=5559 2650 203 197 244 491 1946 300 796 134 410 212 309 170 195
leaf_count=5559 2650 203 197 244 491 1946 300 796 134 410 212 309 170 195
internal_value=-0.000299055 0.0039572 0.0165805 0.00204549 0.00944087 0.00116482 -0.00228963 0.00390645 0.00990435 -0.00978734 0.0067977 0.0109408 0.0238153 0.00251998
internal_weight=13816 8257 1086 7171 889 6927 4277 2331 1621 710 1487 1275 479 686
internal_count=13816 8257 1086 7171 889 6927 4277 2331 1621 710 1487 1275 479 686
is_linear=0
shrinkage=0.05


Tree=56
num_leaves=15
num_cat=0
split_feature=0 9 3 3 5 12 8 2 1 3 3 1 10 1
split_gain=134.206 74.3965 81.9996 67.0486 81.1564 59.3154 47.5086 42.5276 138.356 73.1693 71.5452 79.0818 61.6956 59.2294
threshold=0.12616059937538424 0.2592072782290174 77.788379140388244 63.348875343160636 0.46705154742185456 73.187500000000014 9.5000000000000018 0.8518743072560413 0.24236743416021664 66.098082008018466 68.856813750356025 0.28532053170362021 0.3098458221874994 0.30769199067521574
decision_type=8 2 10 10 2 2 2 10 10 10 10 10 2 10
left_child=-1 2 5 -3 -5 7 -7 -2 -9 13 12 -12 -11 -10
right_child=1 3 -4 4 -6 6 -8 8 9 10 11 -13 -14 -15
leaf_value=-0.0062899854226315726 -0.0020843249665963444 0.052962535934332089 0.029757316782719125 0.028315278066086993 -0.014268813774540237 0.0084693511476711652 0.047773557822701748 0.030513984720465522 0.0081878796357799464 0.010721746833326343 -0.037048800243064763 0.0069695665684331234 0.054007077955560194 -0.023734275034082392
leaf_weight=5559 4931 127 265 293 181 228 116 464 216 234 128 503 127 444
leaf_count=5559 4931 127 265 293 181 228 116 464 216 234 128 503 127 444
internal_value=-0.000284102 0.00375934 0.00242959 0.0206988 0.0120543 0.00144977 0.0217231 0.000460122 0.00638955 -0.000386321 0.00819681 -0.00195967 0.0259496 -0.013287
internal_weight=13816 8257 7656 601 474 7391 344 7047 2116 1652 992 631 361 660
internal_count=13816 8257 7656 601 474 7391 344 7047 2116 1652 992 631 361 660
is_linear=0
shrinkage=0.05


Tree=57
num_leaves=15
num_cat=0
split_feature=0 3 5 3 12 2 5 9 2 12 2 11 9 3
split_gain=122.056 53.5174 55.6084 77.1026 66.918 63.2824 53.3798 49.152 60.4495 45.6508 44.2937 46.153 146.477 55.5153
threshold=0.194536558950302 76.321752803005168 0.53316975331520833 60.846219617254079 71.24264705882355 0.80432053773208112 0.039772283047932712 0.24325980392156865 0.94001163670559063 64.343750000000014 0.82265393566696621 0.75167832167832183 0.17725859137282982 66.860974831846605
decision_type=10 10 2 10 2 10 2 2 10 2 10 2 2 10
left_child=7 2 3 -2 9 6 -5 8 -1 -4 -7 13 -13 -12
right_child=1 -3 4 5 -6 10 -8 -9 -10 -11 11 12 -14 -15
leaf_value=-0.0038071889342339697 -0.018717865001929637 0.035374165148261874 -0.026427700767755254 -0.029714366948983374 -0.03281410383968468 0.051061481004580855 0.008133969625180244 0.024262489434104504 0.026977145399921288 0.0072302974282346406 0.064492610593935337 -0.044547762223842123 0.018933351351979766 0.01733150866288596
leaf_weight=10202 195 171 117 119 159 106 429 164 162 725 104 101 906 156
leaf_count=10202 195 171 117 119 159 106 429 164 162 725 104 101 906 156
internal_value=-0.000269897 0.00813951 0.0066454 0.0112388 -0.00306445 0.0142797 -8.4921e-05 -0.00289624 -0.003326 0.00255335 0.0200129 0.0174153 0.0125663 0.0361959
internal_weight=13816 3288 3117 2116 1001 1921 548 10528 10364 842 1373 1267 1007 260
internal_count=13816 3288 3117 2116 1001 1921 548 10528 10364 842 1373 1267 1007 260
is_linear=0
shrinkage=0.05


Tree=58
num_leaves=15
num_cat=0
split_feature=0 9 4 3 12 8 1 1 8 9 0 11 12 3
split_gain=114.048 63.384 122.343 71.1916 54.0951 42.2509 40.7501 56.8087 63.451 60.7976 75.0383 56.665 51.8075 72.1835
threshold=0.12616059937538424 0.2592072782290174 -0.44921491303349764 77.788379140388244 73.187500000000014 9.5000000000000018 0.24236743416021664 0.23763753678016616 10.500000000000002 0.19172626155866382 0.17139772316951205 0.33900000000000008 69.906250000000014 67.490214550179402
decision_type=8 2 2 10 2 2 8 10 2 2 10 2 2 10
left_child=-1 3 -3 4 6 -6 7 8 11 10 -10 -2 -13 -14
right_child=1 2 -4 -5 5 -7 -8 -9 9 -11 -12 12 13 -15
leaf_value=-0.0057929121728342477 -0.0085089476166584736 0.061019473529110357 0.0069644002656701178 0.027706795485936249 0.0081924676813446649 0.045258068551152851 -0.0024898748308080365 0.040074929549663733 -0.01035475410966191 -0.03427661538918448 0.029887000949188971 0.0091408184590855441 0.066388127917889506 0.013074994344618516
leaf_weight=5559 348 135 466 265 228 116 4483 113 477 170 153 1036 104 163
leaf_count=5559 348 135 466 265 228 116 4483 113 477 170 153 1036 104 163
internal_value=-0.000256402 0.00347104 0.0191066 0.00224364 0.00133067 0.0206913 0.000385581 0.00541314 0.00381511 -0.00774191 -0.000581756 0.00941512 0.0142022 0.0338412
internal_weight=13816 8257 601 7656 7391 344 7047 2564 2451 800 630 1651 1303 267
internal_count=13816 8257 601 7656 7391 344 7047 2564 2451 800 630 1651 1303 267
is_linear=0
shrinkage=0.05


Tree=59
num_leaves=15
num_cat=0
split_feature=0 4 3 9 3 1 3 9 10 8 4 0 12 1
split_gain=103.858 63.3905 57.2766 42.7031 41.5804 39.0499 60.8104 42.5299 56.3562 68.0176 41.1028 40.112 86.1768 34.9114
threshold=0.194536558950302 -0.68969432935876862 76.321752803005168 0.24325980392156865 75.000326940026738 0.38141328232368105 61.997646412740757 0.18255910067779801 0.35594798645137882 5.5000000000000009 -0.49209185513632747 0.25808559746761289 66.909926470588246 0.31138104506883763
decision_type=10 2 10 2 8 10 10 2 2 2 2 10 2 10
left_child=3 -2 4 13 5 10 -7 -8 9 -9 -3 -12 -13 -1
right_child=1 2 -4 -5 -6 6 7 8 -10 -11 11 12 -14 -15
leaf_value=-0.0023589733738799356 0.045185578039726587 -0.0081884012759628373 0.034647266923760377 0.022648220888350341 -0.024190578414078727 -0.032060192465516078 -0.019818926436620896 -0.0051563166443658768 -0.0058071522752216427 0.042904193073194083 0.0089977367141635799 -0.0098844881916400236 0.045670638413815474 -0.014963955408420965
leaf_weight=9782 108 271 168 164 120 147 163 121 322 188 1353 101 226 582
leaf_count=9782 108 271 168 164 120 147 163 121 322 188 1353 101 226 582
internal_value=-0.000243582 0.00751364 0.00623422 -0.00266624 0.00464943 0.00584611 -0.00251983 0.00294923 0.0088307 0.0240844 0.00988114 0.0127959 0.0285114 -0.00306682
internal_weight=13816 3288 3180 10528 3012 2892 941 794 631 309 1951 1680 327 10364
internal_count=13816 3288 3180 10528 3012 2892 941 794 631 309 1951 1680 327 10364
is_linear=0
shrinkage=0.05


Tree=60
num_leaves=15
num_cat=0
split_feature=0 2 12 11 4 3 1 12 9 11 3 0 0 1
split_gain=90.3738 50.6076 41.2455 52.0322 48.2995 46.0726 46.039 90.1096 65.5056 55.4575 55.5252 42.1351 44.7151 71.8126
threshold=0.20384033371022978 0.93878190268318984 68.468750000000014 0.91218750000000004 -0.54339308279063991 61.581096676244421 0.26942441441097076 71.24264705882355 0.20223462519336097 0.82571428571428573 70.109686953277375 0.28673982325415709 0.25248287379508932 0.32596776629631841
decision_type=10 10 2 2 2 10 10 2 2 2 10 10 10 10
left_child=1 -1 3 4 -2 -6 -4 8 -8 -10 -11 12 13 -7
right_child=2 -3 6 -5 5 11 7 -9 9 10 -12 -13 -14 -15
leaf_value=-0.0030569952209321309 -0.018458287969557313 0.021498869021236027 0.036359586010701099 -0.021677623792900707 -0.016771708357172382 0.0012646064539109801 -0.001714869159099446 -0.010547392374240823 0.060899216229362153 0.0044179038289003077 0.045827438341289328 0.040302886262719266 -0.009459382387590998 0.032617241838156723
leaf_weight=10740 183 214 199 200 152 409 219 349 119 200 136 122 243 330
leaf_count=10740 183 214 199 200 152 409 219 349 119 200 136 122 243 330
internal_value=-0.000510514 -0.00257727 0.00740253 0.00221876 0.00554001 0.00903657 0.0143552 0.0100748 0.0207531 0.0315673 0.0211789 0.0125899 0.00914693 0.0152651
internal_weight=13815 10954 2861 1639 1439 1256 1222 1023 674 455 336 1104 982 739
internal_count=13815 10954 2861 1639 1439 1256 1222 1023 674 455 336 1104 982 739
is_linear=0
shrinkage=0.05


Tree=61
num_leaves=15
num_cat=0
split_feature=9 12 12 1 6 2 0 8 9 0 0 9 4 0
split_gain=82.8024 56.9394 62.0248 47.9865 45.7229 53.6324 44.9675 44.9581 79.3118 52.2625 45.279 76.1695 55.2234 46.1706
threshold=0.15761630932209045 61.705882352941181 65.424632352941188 0.0071688948638591226 1.5000000000000002 0.80879385228001144 0.14279274483348117 2.5000000000000004 0.19741609458428683 0.18753404891338132 0.16015271390640215 0.20366138048846336 -0.2906851070906748 0.12616059937538424
decision_type=2 2 2 10 2 10 8 2 2 8 10 2 2 10
left_child=1 6 -3 -4 5 -2 -1 8 -6 -10 11 12 13 -9
right_child=4 2 3 -5 7 -7 -8 10 9 -11 -12 -13 -14 -15
leaf_value=0.0040335648318933146 -0.0013098936346141515 -0.013442278853017048 -0.011940333037572259 -0.00038345033316973244 -0.00048003929840532414 -0.043452099377824238 0.043862434031353113 -0.0027656409686352031 0.060266092102043339 0.020437222267291659 0.0062637142052034403 -0.035378911914252444 -0.01155069301989637 0.032466282921276339
leaf_weight=218 299 1543 1076 5436 460 101 105 188 100 467 3020 181 437 184
leaf_count=218 299 1543 1076 5436 460 101 105 188 100 467 3020 181 437 184
internal_value=-0.000484988 -0.00360334 -0.00442876 -0.00229303 0.00432016 -0.0119508 0.016981 0.00561227 0.0149464 0.0274617 0.0032217 -0.00605796 0.000502105 0.0146609
internal_weight=13815 8378 8055 6512 5437 400 323 5037 1027 567 4010 990 809 372
internal_count=13815 8378 8055 6512 5437 400 323 5037 1027 567 4010 990 809 372
is_linear=0
shrinkage=0.05


Tree=62
num_leaves=15
num_cat=0
split_feature=0 2 8 8 3 2 3 8 2 4 1 2 4 8
split_gain=75.2925 44.5712 41.9735 61.5198 54.4275 53.7446 50.409 45.0294 48.2906 44.3298 54.392 53.6195 42.3922 39.5604
threshold=0.20384033371022978 0.93878190268318984 5.5000000000000009 6.5000000000000009 75.185845924379535 0.76833012450572147 67.097131522579943 3.5000000000000004 0.89180222780338314 -0.39431880107206368 0.32826879756447208 0.89916780281134734 -0.34149269818183892 11.500000000000002
decision_type=10 10 2 2 10 10 10 2 10 2 10 8 2 2
left_child=1 -1 4 -4 5 -2 7 8 -7 10 -5 -12 -11 -14
right_child=2 -3 3 9 -6 6 -8 -9 -10 12 11 -13 13 -15
leaf_value=-0.0027973889941645541 -0.030399189106605648 0.020247506437318347 0.038211554244238263 -0.024496244249610128 0.029870440229950918 0.052035121330547898 -0.011902679506563896 -0.009185762541944819 0.0069685814269974727 0.039531738731138251 -0.0095234156469814479 0.032318200594813065 0.018815279231461132 -0.001972527551386534
leaf_weight=10740 172 214 192 197 126 105 401 139 137 141 172 138 548 393
leaf_count=10740 172 214 192 197 126 105 401 139 137 141 172 138 548 393
internal_value=-0.000460738 -0.00234718 0.00676193 0.011478 -0.00101518 -0.00509442 0.00047134 0.0134949 0.0265222 0.00824775 -0.00395242 0.00910285 0.0139645 0.0101334
internal_weight=13815 10954 2861 1781 1080 954 782 381 242 1589 507 310 1082 941
internal_count=13815 10954 2861 1781 1080 954 782 381 242 1589 507 310 1082 941
is_linear=0
shrinkage=0.05


Tree=63
num_leaves=15
num_cat=0
split_feature=0 8 10 10 3 3 10 4 3 12 5 3 10 12
split_gain=67.9515 37.881 65.5509 93.7756 66.6954 76.9022 66.7014 71.8371 49.1208 47.8525 46.9677 46.7542 42.2584 41.5056
threshold=0.20384033371022978 5.5000000000000009 0.37341278929444133 0.34717863268316967 65.287479713708407 74.604479246891984 0.27596905685906947 -0.42734189387324967 75.185845924379535 67.781250000000014 0.2722217110786222 67.097131522579943 0.37341278929444133 69.906250000000014
decision_type=10 2 2 2 10 10 2 2 10 2 2 8 2 2
left_child=-1 8 3 4 -3 6 7 -6 11 -8 -9 13 -13 -2
right_child=1 2 -4 -5 5 -7 9 10 -10 -11 -12 12 -14 -15
leaf_value=-0.0022298195307688426 -0.0014906093364722339 -0.0068361942876931136 -0.0084919594206980305 0.050742798179756701 0.0020236230966064238 -0.022926205374300481 -0.016904369629714089 0.069494591617473844 0.028376917377860834 0.023209236587522691 0.032430888919255704 -0.023158588382078231 0.012596643373724962 0.034403492159281783
leaf_weight=10954 357 371 350 168 124 100 136 135 126 164 233 388 105 104
leaf_count=10954 357 371 350 168 124 100 136 135 126 164 233 388 105 104
internal_value=-0.000437702 0.00642384 0.0109041 0.015648 0.0109799 0.0183899 0.0236066 0.0349372 -0.000964424 0.0050244 0.0460276 -0.0048397 -0.0155434 0.00660698
internal_weight=13815 2861 1781 1431 1263 892 792 492 1080 300 368 954 493 461
internal_count=13815 2861 1781 1431 1263 892 792 492 1080 300 368 954 493 461
is_linear=0
shrinkage=0.05


Tree=64
num_leaves=15
num_cat=0
split_feature=9 0 11 0 10 10 0 11 11 0 5 5 1 8
split_gain=67.6946 51.457 59.8458 51.0785 45.5255 41.6346 65.6279 42.5419 51.0872 96.4576 68.55 82.7908 63.8685 61.9516
threshold=0.15761630932209045 0.06567845279889499 0.74211397058823536 0.15164581162084104 0.014211912459174319 0.19436982489948251 0.17725816577604717 0.71433333333333338 0.85531250000000003 0.26028277693526153 -0.12866316207076603 0.77810567277033704 0.45453159153158579 11.500000000000002
decision_type=2 10 2 10 2 2 8 2 2 10 2 2 10 2
left_child=1 -1 4 -4 -3 6 -2 -7 10 -10 -9 13 -11 -12
right_child=5 2 3 -5 -6 7 -8 8 9 12 11 -13 -14 -15
leaf_value=-0.010967569552439757 -0.00040782510489110124 -0.010119705940707992 -0.0030513929012165246 -0.034460048603990198 0.0019369464026756308 -0.007635991342666096 0.040310058853656211 -0.022407809017332875 -0.007654138266274535 0.032412106087785796 0.020259761791238284 -0.013060034462250771 -0.013443115882539346 -0.0011667240941349829
leaf_weight=1712 202 921 281 240 5224 831 194 157 1420 289 1515 292 103 434
leaf_count=1712 202 921 281 240 5224 831 194 157 1420 289 1515 292 103 434
internal_value=-0.000415817 -0.00323538 -0.00124955 -0.0175199 0.00012992 0.00392891 0.0195398 0.00270258 0.00474328 -0.00159295 0.00953112 0.0117687 0.0203634 0.0154885
internal_weight=13815 8378 6666 521 6145 5437 396 5041 4210 1812 2398 2241 392 1949
internal_count=13815 8378 6666 521 6145 5437 396 5041 4210 1812 2398 2241 392 1949
is_linear=0
shrinkage=0.05


Tree=65
num_leaves=15
num_cat=0
split_feature=2 3 1 9 4 3 3 11 1 11 9 5 3 9
split_gain=67.7393 81.8201 63.2253 43.9189 135.915 47.7767 60.6618 42.632 113.908 47.7317 54.5364 62.1721 46.8335 44.2348
threshold=0.9479674273358939 67.360835618262129 0.37022773192176256 0.25343410289527507 -0.20835148647530982 65.689633114524739 69.722138497257248 0.87775000000000014 0.29670839168445373 0.84031250000000013 0.2187179410933853 0.50397361639769656 64.000511475763474 0.20598456523823222
decision_type=10 10 10 2 2 8 8 2 10 2 2 2 8 2
left_child=3 2 -2 7 5 -5 -7 9 12 -1 11 -11 -9 -10
right_child=1 -3 -4 4 -6 6 -8 8 13 10 -12 -13 -14 -15
leaf_value=-0.0015069888381484303 0.015523502739650086 0.034005754984194232 -0.035218397770076994 0.058734154806327113 -0.022498300337985076 -0.0067695052252482561 0.04341186777313763 0.028325162035027808 -0.011034109576472216 0.0071594066012050615 -0.011785642135701033 0.043264937349395918 -0.0060807487733014259 -0.049157765385986124
leaf_weight=11257 159 310 100 109 177 118 123 126 119 329 179 187 460 211
leaf_count=11257 159 310 100 109 177 118 123 126 119 329 179 187 460 211
internal_value=-0.00022146 0.0166752 -0.00406796 -0.000939205 0.0132081 0.0312654 0.0188417 -0.0015186 -0.0119143 -0.000721872 0.0119948 0.0202442 0.00131711 -0.0354101
internal_weight=13964 569 259 13395 527 350 241 12868 916 11952 695 516 586 330
internal_count=13964 569 259 13395 527 350 241 12868 916 11952 695 516 586 330
is_linear=0
shrinkage=0.05


Tree=66
num_leaves=15
num_cat=0
split_feature=2 3 1 10 5 10 9 4 3 3 11 1 9 3
split_gain=61.1347 73.8426 57.0608 42.5044 38.9995 54.9588 41.2253 115.214 46.2517 57.6397 41.5782 92.4249 58.8397 52.316
threshold=0.9479674273358939 67.360835618262129 0.37022773192176256 0.010997591742597764 -0.33965927933856421 0.19961929892616784 0.25343410289527507 -0.20835148647530982 65.635411626362739 70.302170601163212 0.87775000000000014 0.26583658683293515 0.20717961914565108 64.697226498736967
decision_type=10 10 10 2 2 2 2 2 8 8 2 10 2 8
left_child=3 2 -2 -1 5 -5 10 8 -8 -10 -6 13 -13 -12
right_child=1 -3 -4 4 6 -7 7 -9 9 -11 11 12 -14 -15
leaf_value=-0.011500945630696625 0.014747327955955137 0.032305466879202403 -0.033457478374242781 0.0029687057883106089 0.00051560686918774331 -0.042506440671146381 0.058311873462451536 -0.018933329239939928 -0.003889973770128563 0.04622334810690238 0.035396026440386502 -0.0060121478982446668 -0.043822603230460833 -0.0044697021250613032
leaf_weight=882 159 310 100 137 10839 129 107 174 128 104 106 179 242 368
leaf_count=882 159 310 100 137 10839 129 107 174 128 104 106 179 242 368
internal_value=-0.000210387 0.0158414 -0.00386457 -0.000892245 -0.000144473 -0.019085 0.000266909 0.0141409 0.0311171 0.0185746 -0.00033965 -0.0106973 -0.0277464 0.00444542
internal_weight=13964 569 259 13395 12513 266 12247 513 339 232 11734 895 421 474
internal_count=13964 569 259 13395 12513 266 12247 513 339 232 11734 895 421 474
is_linear=0
shrinkage=0.05


Tree=67
num_leaves=15
num_cat=0
split_feature=2 1 11 2 10 12 12 10 10 4 11 11 12 1
split_gain=55.3642 74.1079 56.5361 45.7813 38.1985 36.1885 46.1033 73.3743 84.5374 52.9972 58.0309 90.0586 84.0848 51.5029
threshold=0.94617770875710561 0.37022773192176256 0.89757352941176471 0.95642875319567033 0.010997591742597764 61.500000000000007 68.27389705882355 0.40549237421105194 0.36574012482959056 0.14942559337471215 0.8716666666666667 0.84438541666666678 67.029411764705898 0.089318061445961855
decision_type=10 10 2 10 2 2 2 2 2 2 2 2 2 10
left_child=4 3 -3 -2 -1 -6 9 8 13 10 11 -7 -13 -8
right_child=1 2 -4 -5 5 6 7 -9 -10 -11 -12 12 -14 -15
leaf_value=-0.010925898230117229 0.05305953060413876 -0.030932282253615259 0.019149124937561844 0.01599724451134964 0.01471419416150023 -0.0037620790790958872 -0.0044128012272044636 0.041727688219867838 -0.037328439645724777 0.025028720720503363 -0.018260774415024387 0.052620813931737634 -0.0049438187677878888 0.0065625823244978461
leaf_weight=882 124 123 104 254 396 5841 1568 119 133 161 645 140 116 3358
leaf_count=882 124 123 104 254 396 5841 1568 119 133 161 645 140 116 3358
internal_value=-0.000199868 0.0145942 -0.0079875 0.0281552 -0.000869861 -0.000158999 -0.000646524 0.00291981 0.00200696 -0.00332166 -0.00399868 -0.00248989 0.0265368 0.003069
internal_weight=13964 605 227 378 13359 12477 12081 5178 5059 6903 6742 6097 256 4926
internal_count=13964 605 227 378 13359 12477 12081 5178 5059 6903 6742 6097 256 4926
is_linear=0
shrinkage=0.05


Tree=68
num_leaves=15
num_cat=0
split_feature=2 2 8 10 9 4 4 10 10 12 0 12 5 8
split_gain=50.3932 46.814 37.2125 35.5566 35.4702 110.878 56.5316 37.5409 30.8289 31.4228 53.0599 59.3767 54.5527 40.9862
threshold=0.9479674273358939 0.95642875319567033 10.500000000000002 0.31595702972297257 0.24954493047594825 -0.20835148647530982 -0.3004582762898082 0.40549237421105194 0.010997591742597764 69.406250000000014 0.13051611721729992 71.343750000000014 0.58530159911218871 11.500000000000002
decision_type=10 10 2 2 2 2 2 2 2 2 10 2 2 2
left_child=4 -2 3 -3 8 6 7 -6 -1 -10 -11 13 -13 -12
right_child=1 2 -4 -5 5 -7 -8 -9 9 10 11 12 -14 -15
leaf_value=-0.010379603468810891 0.037822540900519785 -0.0027122821063310112 -0.018709422449230038 0.03172164790125357 0.0020400148821334359 -0.019935605905872459 0.058877318866550926 0.039328125555600446 -0.002357214107309906 -0.0029143458281986026 0.023597730009071467 0.0068487589078088584 -0.023099250335870264 -0.00011355504137272239
leaf_weight=882 155 147 114 153 189 192 100 105 8394 1752 729 606 203 243
leaf_count=882 155 147 114 153 189 192 100 105 8394 1752 729 606 203 243
internal_value=-0.000189875 0.0143837 0.00560829 0.014849 -0.000808939 0.0112203 0.0264029 0.0153572 -0.00135927 -0.000692214 0.00326363 0.00934102 -0.000666007 0.0176699
internal_weight=13964 569 414 300 13395 586 394 294 12809 11927 3533 1781 809 972
internal_count=13964 569 414 300 13395 586 394 294 12809 11927 3533 1781 809 972
is_linear=0
shrinkage=0.05


Tree=69
num_leaves=15
num_cat=0
split_feature=0 3 2 11 1 4 6 8 0 11 6 3 1 8
split_gain=45.5211 54.7781 53.9666 129.655 72.6404 59.819 52.3662 51.1277 48.9055 47.4376 76.1319 83.595 51.3763 44.3691
threshold=0.14615956509958963 65.332472728314542 0.94617770875710561 0.893798076923077 0.37022773192176256 -0.3622024808833218 1.5000000000000002 2.5000000000000004 0.21517260049762124 0.84031250000000013 4.5000000000000009 72.290587329220202 0.27481499506535106 5.5000000000000009
decision_type=10 8 10 2 10 2 2 2 10 2 2 10 10 2
left_child=-1 6 3 9 13 -5 -2 -8 -7 -3 11 12 -11 -4
right_child=1 2 4 5 -6 8 7 -9 -10 10 -12 -13 -14 -15
leaf_value=-0.0026337337133705966 -0.025379265875264536 0.0050644668359606801 0.017103311653855206 -0.046047901167504256 -0.0023769155988153422 -0.031740418121529126 0.020392397159810588 -0.0046300938007139336 0.010210235919732828 0.015775675186663507 0.042084255737498723 0.04361862751314103 -0.030983505645697868 0.060467420918937025
leaf_weight=8032 250 2713 106 155 159 120 242 1305 165 104 244 101 135 133
leaf_count=8032 250 2713 106 155 159 120 242 1305 165 104 244 101 135 133
internal_value=-0.000180381 0.00314149 0.00630893 0.00444481 0.023812 -0.0210491 -0.00414698 -0.00071578 -0.0074532 0.00784708 0.0207739 0.00548052 -0.0106364 0.0412348
internal_weight=13964 5932 4135 3737 398 440 1797 1547 285 3297 584 340 239 239
internal_count=13964 5932 4135 3737 398 440 1797 1547 285 3297 584 340 239 239
is_linear=0
shrinkage=0.05


Tree=70
num_leaves=15
num_cat=0
split_feature=0 10 8 10 5 9 0 2 4 10 4 5 1 2
split_gain=59.2624 48.1583 57.3063 64.89 68.4221 53.8397 52.8121 51.2824 55.0127 71.3579 47.7262 45.4658 41.193 40.7104
threshold=0.14344603660056468 0.27114157921676679 8.5000000000000018 0.39525415450800444 0.5113869941775514 0.21530609932934569 0.19892910573867559 0.95001653237970218 -0.20835148647530982 0.39735125585313663 1.0000000180025095e-35 0.054527041465612977 0.40196775888478464 0.24629667147043774
decision_type=10 2 2 2 2 2 10 8 2 2 2 2 10 8
left_child=13 -2 3 4 5 6 -3 8 9 11 -10 -4 -5 -1
right_child=1 2 7 12 -6 -7 -8 -9 10 -11 -12 -13 -14 -15
leaf_value=-0.016278847748556452 0.0071634713790421972 0.015188466445901072 0.024581408563356562 0.044776118287759625 -0.015211320684826736 0.023157612030967698 -0.021073167489904569 -0.037596174170444377 -0.033604071427710915 0.039173489684020887 0.0058457762858068404 -0.012380188779822604 0.0047271825242460822 -0.0023046187972546746
leaf_weight=561 3443 195 104 147 468 359 207 149 253 111 110 416 114 7343
leaf_count=561 3443 195 104 147 468 359 207 149 253 111 110 416 114 7343
internal_value=-0.000442217 0.00327075 -0.00181951 0.00464113 -0.00016738 0.00908435 -0.00348357 -0.0102415 -0.00614108 0.00278061 -0.0216496 -0.00498787 0.0272835 -0.00329646
internal_weight=13980 6076 2633 1490 1229 761 402 1143 994 631 363 520 261 7904
internal_count=13980 6076 2633 1490 1229 761 402 1143 994 631 363 520 261 7904
is_linear=0
shrinkage=0.05


Tree=71
num_leaves=15
num_cat=0
split_feature=0 5 3 10 12 5 8 5 10 12 2 1 0 10
split_gain=53.4843 47.3081 44.5578 49.8675 72.0623 75.0059 68.1162 62.0092 73.3638 71.7574 57.1 52.5358 48.0443 60.2084
threshold=0.14344603660056468 -0.33965927933856421 57.717482632191917 0.27422836796114747 71.24264705882355 0.52853618116760492 8.5000000000000018 0.38109095455866998 0.3008574074698952 68.849264705882362 0.94617770875710561 0.33777750179358051 0.26644633278647512 0.37876350089201866
decision_type=10 2 8 2 2 2 2 2 2 2 10 10 10 2
left_child=-1 -2 -3 10 6 11 7 9 -9 -5 -4 -6 13 -8
right_child=1 2 3 4 5 -7 12 8 -10 -11 -12 -13 -14 -15
leaf_value=-0.0031316406145710401 -0.02661418710828169 -0.019932635640846762 0.0069940091671982637 0.010703254246109472 0.016136999187930937 -0.056176979525692089 -0.0060397860957269803 -0.032876659863524969 0.0089323640954502778 0.049579668575139763 0.036339328104896207 -0.03168204479685454 0.014472530907029428 -0.041360755655056751
leaf_weight=7904 131 192 3142 383 124 110 585 135 471 172 175 107 197 152
leaf_count=7904 131 192 3142 383 124 110 585 135 471 172 175 107 197 152
internal_value=-0.000420106 0.00310721 0.00376213 0.00455292 -0.000879161 -0.0221949 0.00259037 0.0106769 -0.000381527 0.0227514 0.00854222 -0.00601295 -0.00746148 -0.0133244
internal_weight=13980 6076 5945 5753 2436 341 2095 1161 606 555 3317 231 934 737
internal_count=13980 6076 5945 5753 2436 341 2095 1161 606 555 3317 231 934 737
is_linear=0
shrinkage=0.05


Tree=72
num_leaves=15
num_cat=0
split_feature=2 10 12 10 9 8 4 5 9 10 11 11 5 9
split_gain=44.2166 48.38 86.4249 64.773 48.0632 56.0001 47.9486 94.8749 47.512 72.4696 47.237 56.0925 54.5059 71.2966
threshold=0.73587122776091596 0.27422836796114747 72.218750000000014 0.28383085410054049 0.17582139062588711 8.5000000000000018 -0.21136885774154243 0.43661322027634181 0.13348734228405049 0.12590429968601755 0.80613095238095245 0.77667582417582437 0.38109095455866998 0.24513516454476211
decision_type=10 2 2 2 2 2 2 2 2 2 2 2 2 2
left_child=-1 8 3 -3 -5 10 -7 -8 9 -2 11 -6 -12 -14
right_child=1 2 -4 4 5 6 7 -9 -10 -11 12 -13 13 -15
leaf_value=-0.0025820585444028647 0.01968284548096428 -0.030666960411735118 -0.037629819668261281 -0.019440363174999642 0.0083489780830269724 0.0044473482942572534 -0.046691352246130038 0.011790233781197812 0.011967208151471231 -0.011337964636272934 0.019853761686772487 0.052105361490414059 -0.024390458419682168 0.018836129079630348
leaf_weight=8723 270 155 159 217 148 517 159 123 1964 622 384 145 232 162
leaf_count=8723 270 155 159 217 148 517 159 123 1964 622 384 145 232 162
internal_value=-0.000399101 0.0032231 -0.00200828 0.000517954 0.00283404 0.00541882 -0.00459881 -0.0211834 0.00762106 -0.00194826 0.0128923 0.0300032 0.00644821 -0.00661709
internal_weight=13980 5257 2401 2242 2087 1870 799 282 2856 892 1071 293 778 394
internal_count=13980 5257 2401 2242 2087 1870 799 282 2856 892 1071 293 778 394
is_linear=0
shrinkage=0.05


Tree=73
num_leaves=15
num_cat=0
split_feature=0 5 3 5 5 5 0 1 1 2 9 9 9 3
split_gain=44.8217 42.5309 40.6511 39.209 55.5276 63.4486 67.5994 42.2847 110.995 56.9652 39.1983 37.6616 32.2218 33.3532
threshold=0.14344603660056468 -0.33965927933856421 58.003619933904197 0.014282826802073443 0.15607448964043594 0.20291324955776527 0.21875153946039541 0.2156755059563919 0.29670839168445373 0.87896843899995991 0.084135375517862973 0.17678672716959729 0.082115598979113261 77.221538926584984
decision_type=10 2 8 2 2 2 10 10 10 10 2 2 2 8
left_child=10 -2 11 -4 7 6 -6 -5 -9 -10 -1 -3 -7 -14
right_child=1 2 3 4 5 12 -8 8 9 -11 -12 -13 13 -15
leaf_value=-0.009908646002609137 -0.025330932204476519 -0.0396855039711368 0.015435289155859755 -0.036391330618503026 0.0087714065509482981 0.029822009529241106 0.058902424443339076 0.027091997579703014 -0.0021140965565993814 -0.045101171344848111 -0.0011020923281046368 0.0020281307866976579 0.0014300742441841156 0.023934610053723635
leaf_weight=1579 131 103 692 132 181 110 107 177 162 147 6325 114 3848 172
leaf_count=1579 131 103 692 132 181 110 107 177 162 147 6325 114 3848 172
internal_value=-0.000379146 0.00284991 0.00347088 0.00427562 0.00274217 0.00470581 0.0273965 -0.0112957 -0.00447957 -0.0225643 -0.0028614 -0.0177714 0.00312351 0.00239295
internal_weight=13980 6076 5945 5728 5036 4418 288 618 486 309 7904 217 4130 4020
internal_count=13980 6076 5945 5728 5036 4418 288 618 486 309 7904 217 4130 4020
is_linear=0
shrinkage=0.05


Tree=74
num_leaves=15
num_cat=0
split_feature=0 0 9 1 11 1 3 11 1 3 11 0 11 9
split_gain=42.1711 32.3596 45.696 47.8032 59.3539 100.397 69.7891 45.4555 116.633 55.337 52.7177 48.0546 77.0658 40.0336
threshold=0.06644199298416964 0.26028277693526153 0.28280439588470374 0.43194317629298301 0.84438541666666678 0.35419456532109667 69.047218397623126 0.85964583333333344 0.29501066055917391 69.65943129287929 0.89031250000000017 0.17291882369638681 0.91395833333333343 0.2187179410933853
decision_type=8 10 2 10 2 10 10 2 8 10 2 10 2 2
left_child=-1 7 3 4 6 -6 -3 13 11 10 -10 -9 -13 -2
right_child=1 2 -4 -5 5 -7 -8 8 9 -11 -12 12 -14 -15
leaf_value=-0.0089149773053780867 0.00017700542276594914 0.0247101599023473 -0.02162592590476076 -0.003919998407881293 0.0015040961364284158 0.066535393234138207 -0.024370189568227424 -0.0077082710764850215 -0.033467480135426678 -0.045940768534447105 -0.0018261035166285706 0.034467987844912007 -0.013426861140554344 0.013156978068078792
leaf_weight=1306 9652 205 105 270 100 146 112 340 219 187 330 248 127 633
leaf_count=1306 9652 205 105 270 100 146 112 340 219 187 330 248 127 633
internal_value=-0.000360189 0.000521345 0.00945797 0.0133761 0.0216709 0.0400999 0.00736947 -0.000192915 -0.00847752 -0.0224496 -0.0144481 0.00590495 0.0182476 0.00097587
internal_weight=13980 12674 938 833 563 246 317 11736 1451 736 549 715 375 10285
internal_count=13980 12674 938 833 563 246 317 11736 1451 736 549 715 375 10285
is_linear=0
shrinkage=0.05


Tree=75
num_leaves=15
num_cat=0
split_feature=9 3 0 9 11 11 12 11 2 10 0 3 4 4
split_gain=76.6691 46.2171 50.7342 37.558 48.8726 80.0137 55.3885 64.0966 59.7499 72.0388 32.6255 35.9678 47.9588 55.1133
threshold=0.086113176897272478 74.21784822904678 0.060295300914507514 0.15571226814800868 0.77118055555555565 0.72466666666666679 69.500000000000014 0.85531250000000003 0.9302416238470731 0.30151148108075548 0.28673982325415709 68.521850210910046 -0.15214000362448341 -0.18714025428088107
decision_type=2 8 10 2 2 2 2 2 8 2 10 10 2 2
left_child=-1 2 -2 -3 5 -5 8 -8 -6 -10 11 -4 13 -13
right_child=1 3 10 4 6 -7 7 -9 9 -11 -12 12 -14 -15
leaf_value=-0.0072603061555898477 -0.011410528425287711 0.0025720144337534312 0.0040859382434370343 0.011767518536739604 -0.026965239833764455 0.059884150760869184 0.0015109696750049339 0.050973848549183458 0.040700528658284198 -0.01390625396244494 0.016408790313696655 -0.00088461443057680938 -0.012696677052572027 0.031055124188545353
leaf_weight=2380 743 1005 5252 216 162 144 132 130 116 126 386 2176 865 144
leaf_count=2380 743 1005 5252 216 162 144 132 130 116 126 386 2176 865 144
internal_value=0.000914124 0.00259173 0.00113731 0.00944201 0.0161714 0.0310142 0.00814828 0.0260536 -0.0034636 0.0122689 0.00219399 0.00154365 -0.00264854 0.00109785
internal_weight=13977 11597 9566 2031 1026 360 666 262 404 242 8823 8437 3185 2320
internal_count=13977 11597 9566 2031 1026 360 666 262 404 242 8823 8437 3185 2320
is_linear=0
shrinkage=0.05


Tree=76
num_leaves=15
num_cat=0
split_feature=10 3 0 0 10 0 11 10 10 11 11 12 10 0
split_gain=54.3021 40.4523 50.5973 33.8574 36.5249 29.1818 27.7394 23.7558 65.9734 49.7729 40.1885 36.9435 47.7987 66.713
threshold=0.014211912459174319 74.21784822904678 0.060295300914507514 0.28673982325415709 0.3098458221874994 0.31150630045385003 0.1400694444444445 0.32321955312325512 0.3098458221874994 0.91696691176470602 0.81118055555555568 63.718750000000007 0.39008259428630737 0.23283606318006914
decision_type=2 8 10 10 2 10 2 2 2 2 2 2 2 10
left_child=-1 2 -2 6 -5 -6 -4 8 9 -8 -10 -9 -13 -14
right_child=1 -3 3 4 5 -7 7 11 10 -11 -12 12 13 -15
leaf_value=-0.0095548295679826166 -0.010414235945476698 0.0079279948513178503 -0.01780964048484748 0.034285430991964315 0.019775994303749829 -0.016020339463819873 0.001831142059578931 -0.018515935861311544 -0.0068586713613401507 -0.027356663236282015 -0.045400384161039253 0.018045750182354822 0.020805166270127049 -0.021946744369968116
leaf_weight=1147 963 2226 192 161 123 106 7401 120 155 149 120 740 158 216
leaf_count=1147 963 2226 192 161 123 106 7401 120 155 149 120 740 158 216
internal_value=0.000868418 0.00180025 0.000513914 0.00160548 0.0160365 0.00320651 0.000997104 0.0013957 0.000378914 0.00125512 -0.0236769 0.00784332 0.0106827 -0.00388578
internal_weight=13977 12830 10604 9641 390 229 9251 9059 7825 7550 275 1234 1114 374
internal_count=13977 12830 10604 9641 390 229 9251 9059 7825 7550 275 1234 1114 374
is_linear=0
shrinkage=0.05


end of trees

feature_importances:
wt_target_share=172
baseline_target_share=148
wt_snap_share=144
wt_team_total_plays=98
baseline_air_yards_share=93
wt_air_yards_share=88
baseline_snap_share=81
baseline_team_total_plays=77
def_deep_pass_epa_adj=57
def_short_pass_epa_adj=55
games_played_so_far=50
draft_tier_int=14
is_cold_start_int=1

parameters:
[boosting: gbdt]
[objective: regression]
[metric: rmse]
[tree_learner: serial]
[device_type: cpu]
[data_sample_strategy: bagging]
[data: ]
[valid: ]
[num_iterations: 77]
[learning_rate: 0.05]
[num_leaves: 15]
[num_threads: 1]
[seed: 42]
[deterministic: 0]
[force_col_wise: 0]
[force_row_wise: 0]
[histogram_pool_size: -1]
[max_depth: -1]
[min_data_in_leaf: 100]
[min_sum_hessian_in_leaf: 0.001]
[bagging_fraction: 0.8]
[pos_bagging_fraction: 1]
[neg_bagging_fraction: 1]
[bagging_freq: 5]
[bagging_seed: 400]
[bagging_by_query: 0]
[feature_fraction: 0.8]
[feature_fraction_bynode: 1]
[feature_fraction_seed: 30056]
[extra_trees: 0]
[extra_seed: 12879]
[early_stopping_round: 0]
[early_stopping_min_delta: 0]
[first_metric_only: 0]
[max_delta_step: 0]
[lambda_l1: 0]
[lambda_l2: 0]
[linear_lambda: 0]
[min_gain_to_split: 0]
[drop_rate: 0.1]
[max_drop: 50]
[skip_drop: 0.5]
[xgboost_dart_mode: 0]
[uniform_drop: 0]
[drop_seed: 17869]
[top_rate: 0.2]
[other_rate: 0.1]
[min_data_per_group: 100]
[max_cat_threshold: 32]
[cat_l2: 10]
[cat_smooth: 10]
[max_cat_to_onehot: 4]
[top_k: 20]
[monotone_constraints: ]
[monotone_constraints_method: basic]
[monotone_penalty: 0]
[feature_contri: ]
[forcedsplits_filename: ]
[refit_decay_rate: 0.9]
[cegb_tradeoff: 1]
[cegb_penalty_split: 0]
[cegb_penalty_feature_lazy: ]
[cegb_penalty_feature_coupled: ]
[path_smooth: 0]
[interaction_constraints: ]
[verbosity: -1]
[saved_feature_importance_type: 0]
[use_quantized_grad: 0]
[num_grad_quant_bins: 4]
[quant_train_renew_leaf: 0]
[stochastic_rounding: 1]
[linear_tree: 0]
[max_bin: 255]
[max_bin_by_feature: ]
[min_data_in_bin: 3]
[bin_construct_sample_cnt: 200000]
[data_random_seed: 175]
[is_enable_sparse: 1]
[enable_bundle: 1]
[use_missing: 1]
[zero_as_missing: 0]
[feature_pre_filter: 0]
[pre_partition: 0]
[two_round: 0]
[header: 0]
[label_column: ]
[weight_column: ]
[group_column: ]
[ignore_column: ]
[categorical_feature: ]
[forcedbins_filename: ]
[precise_float_parser: 0]
[parser_config_file: ]
[objective_seed: 16083]
[num_class: 1]
[is_unbalance: 0]
[scale_pos_weight: 1]
[sigmoid: 1]
[boost_from_average: 1]
[reg_sqrt: 0]
[alpha: 0.9]
[fair_c: 1]
[poisson_max_delta_step: 0.7]
[tweedie_variance_power: 1.5]
[lambdarank_truncation_level: 30]
[lambdarank_norm: 1]
[label_gain: ]
[lambdarank_position_bias_regularization: 0]
[eval_at: ]
[multi_error_top_k: 1]
[auc_mu_weights: ]
[num_machines: 1]
[local_listen_port: 12400]
[time_out: 120]
[machine_list_filename: ]
[machines: ]
[gpu_platform_id: -1]
[gpu_device_id: -1]
[gpu_use_dp: 0]
[num_gpu: 1]

end of parameters
