tree
version=v4
num_class=1
num_tree_per_iteration=1
label_index=0
max_feature_idx=27
objective=regression
feature_names=prior_epa_per_opp baseline_epa_per_opp rolling_epa_per_opp form_residual is_cold_start_int draft_tier_int def_rush_epa_adj def_short_pass_epa_adj def_deep_pass_epa_adj wt_snap_share games_played_so_far def_used_fallback_int team_spread implied_total wt_carry_share wt_target_share wt_team_total_plays baseline_carry_share baseline_target_share baseline_snap_share baseline_team_total_plays own_q_int own_practice_int weeks_missed return_from_absence above_new_out_share above_q_share above_long_out_share
feature_infos=[-1.2493840464594541:0.99357232192984901] [-1.2493840464594541:0.99357232192984901] [-4.9141825597034767:4.0604183037066832] [-4.8559697071717371:4.2181549044686824] [0:1] [1:5] [-0.66590226208492909:0.38629983637469589] [-1.4974187926347127:0.54162964147350512] [-7.9982775184191315:2.7979011008731383] [0:1] [0:16] [0:1] [-20.5:20.5] [11.5:35.75] [0:1] [0:1] [48:102] [0:0.97727272727272729] [0:0.82608695652173914] [0:0.96083333333333332] [58.5:75.875] [0:1] [0:3] [0:8] [0:1] [0:0.96624407577243954] [0:0.98687212207109198] [0:1.4423853155164987]
tree_sizes=1392 1451 1447 1447 1458 1461 1447 1461 1451 1441 1445 1464 1441 1440 1435 1455 1463 1456 1468 1458 1470 1480 1462 1481 1472 1478 1481 1468 1475 1479 1464 1470 1471 1478 1477 1479 1489 1480 1490 1474 1490 1482 1492 1476 1487 1471 1475 1483 1478 1478 1476 1480 1474 1478 1479 1486 1484 1479 1491 1482 1474 1470 1477 1476 1471 1482 1486 1481 1490 1486 1492 1477 1489 1492 1506 1499 1491 1488 1489 1489 1499 1497 1498 1469 1504 1488 1489 1499 1484 1501 1509 1474 1484 1487 1478 1496 1488 1488 1492 1494

Tree=0
num_leaves=15
num_cat=0
split_feature=22 9 9 9 13 19 9 19 15 17 2 0 3 15
split_gain=208659 52334.4 12625.3 6842.85 3468.68 3433.33 2730.74 2111.43 1691.34 1579.14 1495.8 1420.22 1395.71 1272.91
threshold=inf 0.51373462669642556 0.80435018984429907 0.36032314640205526 25.125000000000004 0.42066964285714292 0.63196881093260493 0.69793706293706304 0.17406213178353211 0.57274255343124381 -0.042771842122733487 -0.018789283151698394 -0.045956854140719545 0.15280896662294113
decision_type=8 10 10 8 10 2 10 2 10 2 10 8 8 10
left_child=1 3 4 13 6 8 -3 -4 -5 -6 -8 -7 -13 -1
right_child=-2 2 7 5 9 11 10 -9 -10 -11 -12 12 -14 -15
leaf_value=8.2999827769898129 8.0280576621976092 8.5330675666720559 8.8350709025442562 8.3552280203381883 8.6501621706151415 8.4637153038465218 8.6055891612135476 9.0967049058752796 8.4505983306146284 8.8097963438409295 8.7473757880917358 8.4742215249494297 8.6439452046764433 8.3762017813367766
leaf_weight=1337 3608 884 148 882 303 581 472 161 983 317 307 198 312 928
leaf_count=1337 3608 884 148 882 303 581 472 161 983 317 307 198 312 928
internal_value=8.34255 8.48778 8.67144 8.3966 8.63084 8.44671 8.59321 8.97139 8.4055 8.73178 8.66147 8.51716 8.57805 8.33121
internal_weight=11421 7813 2592 5221 2283 2956 1663 309 1865 620 779 1091 510 2265
internal_count=11421 7813 2592 5221 2283 2956 1663 309 1865 620 779 1091 510 2265
is_linear=0
shrinkage=1


Tree=1
num_leaves=15
num_cat=0
split_feature=23 9 9 9 13 19 9 19 13 2 17 0 14 14
split_gain=188795 46687.9 11339.4 5958.26 3119.25 2886.74 2413.48 1905.57 1637.86 1495.47 1402.66 1299.62 1315.44 1122.33
threshold=7.5000000000000009 0.51373462669642556 0.80435018984429907 0.35114064151026075 25.125000000000004 0.42066964285714292 0.63661917890866082 0.69793706293706304 27.375000000000004 -0.08407013900639275 0.57274255343124381 -0.018789283151698394 0.55484300455057445 0.18286054157502321
decision_type=8 10 10 8 10 2 10 2 10 10 2 8 8 10
left_child=1 3 4 -1 6 8 -3 -4 13 -8 -6 -7 -13 -5
right_child=-2 2 7 5 10 11 9 -9 -10 -11 -12 12 -14 -15
leaf_value=-0.011579517563961032 -0.2954356578950828 0.18402281582980495 0.46800996757842395 -0.015084561317280951 0.29342235984983822 0.11125893086586486 0.23124700380991212 0.71656227996630706 0.19323350574083376 0.3722402642768089 0.44399913424032533 0.15321355572221085 0.31439592646076364 0.071859448145200053
leaf_weight=2108 3668 906 148 543 302 609 359 161 207 395 317 312 213 1173
leaf_count=2108 3668 906 148 543 302 609 359 161 207 395 317 312 213 1173
internal_value=0.000116287 0.139944 0.313281 0.0530911 0.274743 0.0976857 0.239022 0.597515 0.0603742 0.30511 0.370535 0.160957 0.218608 0.0443474
internal_weight=11421 7753 2588 5165 2279 3057 1660 309 1923 754 619 1134 525 1716
internal_count=11421 7753 2588 5165 2279 3057 1660 309 1923 754 619 1134 525 1716
is_linear=0
shrinkage=0.05


Tree=2
num_leaves=15
num_cat=0
split_feature=23 14 15 15 18 19 19 1 2 15 1 14 14 13
split_gain=170388 37308.9 11416.1 5836.86 3393.13 2727.96 2678.37 2517.42 1581.9 1447.62 1352.07 1493.83 1190.16 1131.48
threshold=7.5000000000000009 0.52932086317179505 0.43275353840087966 0.19220439964784661 0.47297077922077929 0.47138095238095246 0.42066964285714292 0.008000147714624161 -0.056279289852029575 0.36454308695244581 0.017702519803690881 0.46960699939864964 0.81626715866849031 21.875000000000004
decision_type=8 10 10 8 2 2 2 2 10 10 2 8 10 10
left_child=1 3 5 -1 13 12 9 -7 -6 -5 -8 -12 -3 -4
right_child=-2 2 4 6 8 7 10 -9 -10 -11 11 -13 -14 -15
leaf_value=-0.019742296764669695 -0.28066387269011167 0.13073302915133958 0.27252638401908574 0.026439185017003465 0.41361041064732351 0.2228694771331925 0.12118613769185634 0.40622981751497955 0.65931271845264372 0.13292649746178947 0.15630776687328418 0.3981502940100663 0.30805543829546367 0.41339366976068254
leaf_weight=1924 3668 882 236 1300 104 804 922 244 177 423 168 103 106 360
leaf_count=1924 3668 882 236 1300 104 804 922 244 177 423 168 103 106 360
internal_value=0.000110473 0.132947 0.274329 0.0478549 0.425145 0.209365 0.092456 0.26556 0.568377 0.052582 0.150044 0.248226 0.149757 0.357614
internal_weight=11421 7753 2913 4840 877 2036 2916 1048 281 1723 1193 271 988 596
internal_count=11421 7753 2913 4840 877 2036 2916 1048 281 1723 1193 271 988 596
is_linear=0
shrinkage=0.05


Tree=3
num_leaves=15
num_cat=0
split_feature=23 9 9 9 9 18 13 14 19 13 3 0 13 17
split_gain=153775 38538.7 10268.6 4220.56 3052.01 2161.64 1985.26 1908.9 1587.51 1577.02 1148.44 1135.43 1129.34 1032.06
threshold=7.5000000000000009 0.49003994061151274 0.80435018984429907 0.3114278600089993 0.63661917890866082 0.25770872865275146 19.875000000000004 0.31408693200431936 0.69793706293706304 25.125000000000004 0.026530281044320841 -0.025335470426317095 26.375000000000004 0.36816640476387402
decision_type=8 10 10 8 10 2 10 8 2 10 10 8 10 2
left_child=1 3 4 -1 9 12 -6 -7 -4 -3 -8 -11 -5 -13
right_child=-2 2 8 5 6 7 10 -9 -10 11 -12 13 -14 -15
leaf_value=-0.021514062499855154 -0.26663067878549968 0.16281776191687305 0.42706419579508542 0.026208656192711788 0.17296795420620814 0.047782784083270441 0.29660427645144483 0.1746667570065788 0.65392739430347591 0.16879374843188807 0.42003515104692046 0.21628738093902086 0.13156701095628109 0.41981001666747036
leaf_weight=1718 3668 1086 148 1641 219 477 504 783 161 152 301 102 301 160
leaf_count=1718 3668 1086 148 1641 219 477 504 783 161 152 301 102 301 160
internal_value=0.00010495 0.126299 0.273207 0.0417084 0.2399 0.0756298 0.306444 0.126632 0.545268 0.194472 0.342757 0.277506 0.0425387 0.340576
internal_weight=11421 7753 2833 4920 2524 3202 1024 1260 309 1500 805 414 1942 262
internal_count=11421 7753 2833 4920 2524 3202 1024 1260 309 1500 805 414 1942 262
is_linear=0
shrinkage=0.05


Tree=4
num_leaves=15
num_cat=0
split_feature=26 14 15 15 18 19 13 14 0 12 19 0 14 14
split_gain=138934 31172.2 9453.23 5092.28 2861.73 2289.64 2227.67 2072.72 1655.59 1514.02 1493.63 1992.81 1315.27 1232.62
threshold=0.9812094281880791 0.52932086317179505 0.43275353840087966 0.19220439964784661 0.47297077922077929 0.42066964285714292 19.875000000000004 0.78796210995752969 0.017186700058560423 -5.2499999999999991 0.43300000000000005 -0.013649522134080298 0.12559300212650923 0.83893532281175298
decision_type=8 10 10 8 2 2 10 10 8 10 2 8 10 10
left_child=1 3 6 -1 9 12 -3 10 -7 -4 -8 -12 -5 -6
right_child=-2 2 4 5 13 8 7 -9 -10 -11 11 -13 -14 -15
leaf_value=-0.020754703227288326 -0.25642079786033761 0.10351051166376753 0.17454817174072554 -0.010785846821949099 0.43278642876498535 0.092051981133072738 0.12500853489249628 0.34083224904538811 0.21430830056404418 0.36590240048284739 0.17041109952645131 0.34266385857364257 0.079648622660034363 0.64734398354860878
leaf_weight=1964 3610 555 133 634 171 762 492 290 435 464 424 278 1099 110
leaf_count=1964 3610 555 133 634 171 762 492 290 435 464 424 278 1099 110
internal_value=9.97018e-05 0.118655 0.248035 0.0415409 0.385203 0.0832981 0.188969 0.22093 0.136481 0.323272 0.191808 0.238625 0.0465641 0.516777
internal_weight=11421 7811 2917 4894 878 2930 2039 1484 1197 597 1194 702 1733 281
internal_count=11421 7811 2917 4894 878 2930 2039 1484 1197 597 1194 702 1733 281
is_linear=0
shrinkage=0.05


Tree=5
num_leaves=15
num_cat=0
split_feature=26 9 9 9 18 12 14 1 12 9 25 9 7 15
split_gain=127705 34403.5 6001.5 5634.93 2449.32 2117.85 1918.17 2705.7 1706.44 1692.42 1430.37 1203.99 1192.45 1107.74
threshold=0.97831059071373272 0.56136878329437589 0.35613110295071804 0.80435018984429907 0.25770872865275146 3.7500000000000004 0.50465679950612818 -0.073866563617121475 4.7500000000000009 0.43755234773786494 1.0000000180025095e-35 0.21159235363227094 -0.35007011626078394 0.58260980236903437
decision_type=8 10 8 10 2 10 8 2 8 10 10 10 2 10
left_child=1 2 10 5 9 12 -6 -8 -9 -4 11 -1 -3 -5
right_child=-2 3 4 13 6 -7 7 8 -10 -11 -12 -13 -14 -15
leaf_value=-0.070379691249207718 -0.24283922657552293 0.19655177242057628 0.023730362107697536 0.40238568237423894 0.087569762013254379 0.34596197006407137 0.069116305977777084 0.22051718424545363 0.45307557675987487 0.12402301215211323 0.14367985768771882 0.0078642246492095624 0.31045029635851584 0.59942668628166706
leaf_weight=848 3690 982 1365 150 836 484 254 348 102 608 134 1170 300 136
leaf_count=848 3690 982 1365 150 836 484 254 348 102 608 134 1170 300 136
internal_value=-0.000904233 0.114781 0.0512423 0.290192 0.0915216 0.256849 0.138778 0.199587 0.27323 0.0546366 -0.014511 -0.0250153 0.223205 0.496084
internal_weight=11407 7717 5665 2052 3513 1766 1540 704 450 1973 2152 2018 1282 286
internal_count=11407 7717 5665 2052 3513 1766 1540 704 450 1973 2152 2018 1282 286
is_linear=0
shrinkage=0.05


Tree=6
num_leaves=15
num_cat=0
split_feature=22 9 9 9 19 12 9 25 1 17 7 9 19 18
split_gain=115254 31062.5 5413.79 5085.53 2136.93 1911.36 1410.31 1317.2 1185.84 1408.02 1076.19 1020.68 1001.85 951.919
threshold=inf 0.56136878329437589 0.35114064151026075 0.80435018984429907 0.35593750000000007 3.7500000000000004 0.55594260799667627 1.0000000180025095e-35 -0.038816477685933208 0.57274255343124381 -0.35007011626078394 0.21159235363227094 0.55544117647058833 0.25277433880480954
decision_type=8 10 8 10 2 10 8 10 2 2 2 10 2 2
left_child=1 2 7 5 6 10 -4 11 -6 -10 13 -1 -7 -3
right_child=-2 3 4 -5 8 12 -8 -9 9 -11 -12 -13 -14 -15
leaf_value=-0.066860705751317279 -0.23079008415776736 0.11624541808301525 0.091771969431144157 0.47127932846673171 0.083508837649830261 0.24786176075027369 -0.004510885598720051 0.13649586367459079 0.12306797329569236 0.25919868253887851 0.29492778419703247 0.0059520276752133214 0.39270702804507757 0.22110927913524919
leaf_weight=848 3688 322 725 286 1082 214 800 134 705 260 300 1113 270 660
leaf_count=848 3688 322 725 286 1082 214 800 134 705 260 300 1113 270 660
internal_value=-0.000859022 0.108998 0.048642 0.275683 0.0860686 0.244006 0.0412629 -0.0151708 0.119449 0.159746 0.212045 -0.0255346 0.328664 0.186724
internal_weight=11407 7719 5667 2052 3572 1766 1525 2095 2047 965 1282 1961 484 982
internal_count=11407 7719 5667 2052 3572 1766 1525 2095 2047 965 1282 1961 484 982
is_linear=0
shrinkage=0.05


Tree=7
num_leaves=15
num_cat=0
split_feature=26 9 9 9 9 18 7 2 15 1 0 13 15 25
split_gain=104018 28087.9 6017.11 3236.32 2110.16 1671.79 1528.48 1631.02 1457.98 1451.72 1362.85 1093.18 999.734 999.08
threshold=0.97831059071373272 0.49003994061151274 0.80435018984429907 0.28082522841962398 0.60392544587710095 0.25770872865275146 -0.35007011626078394 -0.0068462723981430581 0.60228562873638303 -0.067072140113409992 -0.025335470426317095 26.125000000000004 0.58260980236903437 0.12111367758624751
decision_type=8 10 10 8 10 2 2 10 8 2 8 8 10 10
left_child=1 3 4 13 10 11 -6 -8 -7 -10 -3 -5 -4 -1
right_child=-2 2 12 5 6 8 7 -9 9 -11 -12 -13 -14 -15
leaf_value=-0.041937993916798894 -0.21916389633484973 0.098354187508865987 0.35870243230586252 0.011382611438285931 0.21762699231336 0.073129556241603902 0.26735511653738103 0.50660320437486162 0.040491242861688731 0.27099941802957045 0.20678837319152454 0.098077582185608317 0.5458913857610348 0.12106605006916689
leaf_weight=1357 3690 541 150 1655 1002 1039 231 103 101 211 624 466 136 101
leaf_count=1357 3690 541 150 1655 1002 1039 231 103 101 211 624 466 136 101
internal_value=-0.000816071 0.10359 0.230461 0.0318686 0.205617 0.0581205 0.248504 0.341135 0.101593 0.19638 0.156434 0.0304302 0.447715 -0.0306462
internal_weight=11407 7717 2787 4930 2501 3472 1336 334 1351 312 1165 2121 286 1458
internal_count=11407 7717 2787 4930 2501 3472 1336 334 1351 312 1165 2121 286 1458
is_linear=0
shrinkage=0.05


Tree=8
num_leaves=15
num_cat=0
split_feature=21 9 9 9 16 2 18 15 17 13 8 14 15 14
split_gain=93879.2 25376.8 4518.35 4131.48 2244.73 1750.25 1485.79 1344.74 1178.56 1096.85 1023.03 1015.29 902.26 836.419
threshold=inf 0.56136878329437589 0.39690575700940883 0.80435018984429907 82.87787273269619 -0.034987676833970208 0.32240143369175633 0.1905461351845191 0.57274255343124381 24.375000000000004 -0.15884276208490303 0.54622144469876177 0.58260980236903437 0.1805424632603089
decision_type=8 10 10 10 8 10 2 10 2 8 2 10 10 10
left_child=1 2 4 5 7 -3 -6 13 -7 -4 -10 -9 -5 -1
right_child=-2 3 9 12 6 8 -8 11 10 -11 -12 -13 -14 -15
leaf_value=-0.064366552903574403 -0.20829238741019229 0.17815844345917337 0.081064608124304952 0.34076731250683467 0.048094582114289214 0.20845955630058796 0.22566230468104012 0.025705759097375314 0.24723639100627171 0.16341491764247862 0.40580597822534081 0.18000246592781555 0.51859681482481601 -0.00030377314384415362
leaf_weight=831 3688 1025 1159 150 334 329 182 1105 183 621 229 118 136 1317
leaf_count=831 3688 1025 1159 150 334 329 182 1105 183 621 229 118 136 1317
internal_value=-0.000775268 0.0983727 0.0438195 0.249032 0.0136071 0.220481 0.110725 -0.00125883 0.279024 0.109795 0.335373 0.0405929 0.42533 -0.0250878
internal_weight=11407 7719 5667 2052 3887 1766 516 3371 741 1780 412 1223 286 2148
internal_count=11407 7719 5667 2052 3887 1766 516 3371 741 1780 412 1223 286 2148
is_linear=0
shrinkage=0.05


Tree=9
num_leaves=15
num_cat=0
split_feature=21 9 9 9 2 9 18 15 1 7 17 0 13 7
split_gain=84725.9 23019.9 4884.62 2660.84 1860.61 1635.86 1411.84 1222.75 1280.58 1148.09 1121.36 1571.48 979.386 888.494
threshold=inf 0.49003994061151274 0.80435018984429907 0.28082522841962398 -0.034987676833970208 0.63196881093260493 0.25770872865275146 0.60228562873638303 -0.067072140113409992 -0.41576776055492598 0.59001630663808435 -0.011362965551565221 26.125000000000004 -0.35007011626078394
decision_type=8 10 10 8 10 10 2 8 2 2 2 8 8 2
left_child=1 3 4 -1 10 -6 12 -8 -9 -7 -3 13 -5 -12
right_child=-2 2 -4 6 5 9 7 8 -10 -11 11 -13 -14 -15
leaf_value=-0.028143652622614809 -0.1978777655873068 0.10420914499312797 0.40406310880569729 0.008901254809349125 0.18366493677419954 0.25125585643045145 0.066228983648115983 0.032687870630680925 0.24918301569990886 0.42070386276678429 0.10766596459434369 0.31018632187635875 0.090949198425359742 0.25720136628500118
leaf_weight=1458 3688 712 286 1657 623 292 1039 101 211 152 384 204 466 134
leaf_count=1458 3688 712 286 1657 623 292 1039 101 211 152 384 204 466 134
internal_value=-0.000736504 0.0934541 0.208318 0.0285461 0.185934 0.23593 0.0523381 0.0922953 0.1791 0.309265 0.148733 0.192641 0.0269108 0.146349
internal_weight=11407 7719 2787 4932 2501 1067 3474 1351 312 444 1434 722 2123 518
internal_count=11407 7719 2787 4932 2501 1067 3474 1351 312 444 1434 722 2123 518
is_linear=0
shrinkage=0.05


Tree=10
num_leaves=15
num_cat=0
split_feature=21 15 19 19 0 15 15 12 13 3 12 13 18 18
split_gain=78261.7 13816.7 5173.82 2993.23 2549.64 1962.37 1912.86 1154.84 1115.46 923.568 905.222 815.454 764.866 689.088
threshold=inf 0.34683809325017928 0.48968750000000005 0.6886607142857144 0.0078234513744468367 0.45030716201321602 0.16618028589808206 3.2500000000000004 24.125000000000004 0.012470095839960076 1.7500000000000002 21.875000000000004 0.25770872865275146 0.33093413421706713
decision_type=8 10 2 2 10 10 10 10 10 10 10 10 2 2
left_child=1 2 6 8 12 -5 13 -7 -3 -10 -8 -6 -4 -1
right_child=-2 3 4 5 11 7 10 -9 9 -11 -12 -13 -14 -15
leaf_value=-0.015336788388686748 -0.18741245375646226 0.1363598120603858 0.018466804796151787 0.15741571944127694 0.16176759212388905 0.30421492010146878 0.029789928621857576 0.5062178119507611 0.15879922725039616 0.27190183357109932 0.10286244042928389 0.33800165812626032 0.11917415106291535 0.11511129063536536
leaf_weight=2253 3695 1198 239 141 109 179 1045 117 363 359 713 165 893 106
leaf_count=2253 3695 1198 239 141 109 179 1045 117 363 359 713 165 893 106
internal_value=0.00245036 0.0914787 0.0482271 0.192827 0.131038 0.310933 0.0199464 0.384061 0.165946 0.215037 0.0594263 0.267894 0.0979117 -0.0094752
internal_weight=11575 7880 5523 2357 1406 437 4117 296 1920 722 1758 274 1132 2359
internal_count=11575 7880 5523 2357 1406 437 4117 296 1920 722 1758 274 1132 2359
is_linear=0
shrinkage=0.05


Tree=11
num_leaves=15
num_cat=0
split_feature=26 9 9 15 13 9 12 1 0 15 12 19 2 15
split_gain=70631.5 17995.3 4100.01 2835.49 1591.19 1526.9 1091.06 944.31 937.971 856.528 735.974 699.565 991.922 765.677
threshold=0.9812094281880791 0.51373462669642556 0.83082991366423942 0.15280896662294113 25.125000000000004 0.61761131389043322 -1.0000000180025095e-35 -0.054899219493036396 0.057870307774754708 0.43275353840087966 2.2500000000000004 0.45292613636363638 -0.067077525624148274 0.33046134492321783
decision_type=8 10 10 8 10 10 8 2 10 10 8 2 8 10
left_child=1 3 5 -1 11 10 -4 -6 9 -7 -3 13 -13 -5
right_child=-2 2 6 4 7 8 -8 -9 -10 -11 -12 12 -14 -15
leaf_value=-0.014471079606702457 -0.17797062839090438 0.094265308187770042 0.2849577393769453 0.0056501389085367336 0.059816230568662782 0.14991279883973033 0.50328632049644606 0.16392534847624285 0.3104387739228241 0.23874328558433189 0.17699777502069361 0.0088779589855596166 0.12955441839515619 0.084334595792171604
leaf_weight=1928 3697 600 112 1339 383 555 117 505 203 531 487 279 437 402
leaf_count=1928 3697 600 112 1339 383 555 117 505 203 531 487 279 437 402
internal_value=0.00232784 0.0869386 0.194453 0.0338236 0.0616598 0.174979 0.396506 0.119022 0.211787 0.193346 0.131331 0.0409281 0.082531 0.0238185
internal_weight=11575 7878 2605 5273 3345 2376 229 888 1289 1086 1087 2457 716 1741
internal_count=11575 7878 2605 5273 3345 2376 229 888 1289 1086 1087 2457 716 1741
is_linear=0
shrinkage=0.05


Tree=12
num_leaves=15
num_cat=0
split_feature=22 9 14 15 9 17 13 15 17 13 14 19 13 6
split_gain=63747.3 16296.9 4576 1826.62 1799.89 1213.08 1080.42 1025.95 1011.14 1034.16 929.455 882.533 953.629 867.31
threshold=inf 0.4400997335607309 0.85329487169545659 0.15280896662294113 0.61761131389043322 0.80929730840353409 20.375000000000004 0.43275353840087966 0.60133114284510736 23.875000000000004 0.46960699939864964 0.22843750000000004 25.375000000000004 0.044567325550343199
decision_type=8 10 10 8 10 2 8 10 2 10 10 2 10 2
left_child=1 3 4 10 6 -4 -3 -6 -9 -10 -1 -5 -13 -8
right_child=-2 2 5 11 7 -7 13 8 9 -11 -12 12 -14 -15
leaf_value=-0.034929364678768164 -0.16914330223053495 0.046659473277408325 0.26929388904879831 0.0065343548134395406 0.14221669901373651 0.46303442445184501 0.12195885769303311 0.17290207508218583 0.21878537789935015 0.40363570887078776 0.06101096854990859 0.045993660594865413 0.1321359620759692 0.25183847385321884
leaf_weight=1513 3695 457 290 918 529 112 1271 305 169 137 303 1307 426 143
leaf_count=1513 3695 457 290 918 529 112 1271 305 169 137 303 1307 426 143
internal_value=0.00221145 0.0825612 0.164823 0.0197091 0.143669 0.323271 0.113493 0.193193 0.237329 0.301545 -0.0189217 0.0461721 0.0671689 0.135094
internal_weight=11575 7880 3413 4467 3011 402 1871 1140 611 306 1816 2651 1733 1414
internal_count=11575 7880 3413 4467 3011 402 1871 1140 611 306 1816 2651 1733 1414
is_linear=0
shrinkage=0.05


Tree=13
num_leaves=15
num_cat=0
split_feature=21 9 9 15 17 2 13 14 17 15 14 17 0 19
split_gain=57531.9 14730.7 3462.14 2315.4 1390.91 1498.11 1335.76 1307.36 1039 1037.33 974.345 920.272 848.321 891.406
threshold=inf 0.51373462669642556 0.83082991366423942 0.15280896662294113 0.80488039881027207 0.067221322645728263 25.125000000000004 0.52022091234163048 0.55471421057245562 0.38482052445120574 0.46960699939864964 0.77618447027856996 -0.051486275695112146 0.44098214285714293
decision_type=8 10 10 8 2 10 10 10 2 10 10 2 8 2
left_child=1 3 4 10 5 9 -5 12 -7 -3 -1 -4 -8 -14
right_child=-2 2 11 6 -6 8 7 -9 -10 -11 -12 -13 13 -15
leaf_value=-0.031526319900710809 -0.16068613580020374 0.089049147717087732 0.27313435913402906 0.036559539032675663 0.27116019699009669 0.15935843002656261 0.0058384518229502667 0.25527105455380655 0.32233953495101819 0.16651575038974575 0.05571908627355035 0.47522724696248775 0.077489364649290626 0.22244532809486525
leaf_weight=1525 3695 933 129 2457 243 217 242 129 178 805 405 100 368 149
leaf_count=1525 3695 933 129 2457 243 217 242 129 178 805 405 100 368 149
internal_value=0.00210088 0.0784331 0.175714 0.0303922 0.157819 0.144906 0.0555546 0.108112 0.232803 0.12493 -0.0132183 0.361385 0.0831006 0.119266
internal_weight=11575 7880 2605 5275 2376 2133 3345 888 395 1738 1930 229 759 517
internal_count=11575 7880 2605 5275 2376 2133 3345 888 395 1738 1930 229 759 517
is_linear=0
shrinkage=0.05


Tree=14
num_leaves=15
num_cat=0
split_feature=21 14 15 15 2 9 19 17 13 17 14 2 7 3
split_gain=51922.5 13418 3930.7 2335.06 1741.37 1685.42 1115.88 1089.03 1059.3 1001.83 999 753.508 696.364 653.523
threshold=inf 0.52459956581479894 0.42629009033528226 0.19220439964784661 0.060506300620105431 0.84365313824158827 0.44098214285714293 0.79729729729729748 24.125000000000004 0.61339605734767033 0.16963138014836276 0.21445626737959633 -0.44727688810417787 0.0073897018968050949
decision_type=8 10 10 8 10 8 2 2 10 2 10 8 2 10
left_child=1 3 4 -1 7 8 10 -3 -4 -10 -5 -8 -6 -12
right_child=-2 2 5 6 12 -7 11 -9 9 -11 13 -13 -14 -15
leaf_value=-0.018124851717224732 -0.15265183124676127 0.08850791792614518 0.15703799845192767 -0.013275958331079127 0.16698124425123551 0.37237494737662452 0.064192940194526801 0.23199098844779656 0.1867434450912456 0.36713015518038516 0.023583743070537198 0.1546614127807065 0.32096603787222489 0.10413024588850768
leaf_weight=2002 3695 1620 427 803 180 198 726 144 151 157 536 337 124 475
leaf_count=2002 3695 1620 427 803 180 198 726 144 151 157 536 337 124 475
internal_value=0.00199583 0.0745115 0.157704 0.0233411 0.119268 0.242897 0.0521957 0.100221 0.208018 0.278694 0.0283584 0.0928739 0.229791 0.0614271
internal_weight=11575 7880 3001 4879 2068 933 2877 1764 735 308 1814 1063 304 1011
internal_count=11575 7880 3001 4879 2068 933 2877 1764 735 308 1814 1063 304 1011
is_linear=0
shrinkage=0.05


Tree=15
num_leaves=15
num_cat=0
split_feature=23 14 18 2 15 20 0 7 17 0 19 0 14 7
split_gain=46457.5 13505.8 3231.35 2038.26 1585.6 1438.15 1184.5 1262.89 1143.09 1286.85 904.191 1154.45 841.585 700.143
threshold=7.5000000000000009 0.55059470990689097 0.51789601741580238 -0.021486950870634732 0.19408297669398042 67.906250000000014 0.073578029348849161 -0.35007011626078394 0.54954828573031833 0.0072402245490898413 0.37935416666666671 -0.0084639323189332986 0.24087018358928472 -0.25019327068251201
decision_type=8 10 2 10 8 2 10 2 2 8 2 8 10 2
left_child=1 4 3 8 -1 -4 7 -5 -3 13 12 -12 -6 -10
right_child=-2 2 5 6 10 -7 -8 -9 9 -11 11 -13 -14 -15
leaf_value=-0.011583673250557872 -0.14388587909378162 0.057919221344528739 0.42969115410839587 0.14491748032120236 -0.014159727722168142 0.21010041891294684 0.36231713938508547 0.29482521767551834 0.091023076207751935 0.25144451460537487 0.030365638734302786 0.11944699340942547 0.060553258087003015 0.22624878896878356
leaf_weight=2063 3703 679 142 584 860 157 102 185 626 212 749 707 671 113
leaf_count=2063 3703 679 142 584 860 157 102 185 626 212 749 707 671 113
internal_value=0.00209927 0.0709634 0.15904 0.140468 0.0221286 0.314388 0.202217 0.180981 0.107472 0.142853 0.0454124 0.0736215 0.0185852 0.1117
internal_weight=11553 7850 2800 2501 5050 299 871 769 1630 951 2987 1456 1531 739
internal_count=11553 7850 2800 2501 5050 299 871 769 1630 951 2987 1456 1531 739
is_linear=0
shrinkage=0.05


Tree=16
num_leaves=15
num_cat=0
split_feature=27 9 18 2 13 9 14 20 17 7 9 7 1 14
split_gain=41945.3 12974.8 2661.16 1585.62 1419.89 1272.64 1204.35 1165.14 1007.82 931.102 866.282 828.392 714.759 693.274
threshold=0.92272134203168699 0.48401500776790013 0.55195681511470995 -0.025230099914586555 24.375000000000004 0.31491788722431946 0.55059470990689097 67.906250000000014 0.48281317031317034 -0.53382782916380356 0.40470149027353425 -0.27184003123418921 -0.07451326885910374 0.64585218437894076
decision_type=8 10 2 10 10 8 10 2 2 2 8 2 2 10
left_child=1 4 3 11 8 -6 -5 -4 -1 -8 -10 -3 -12 -13
right_child=-2 2 7 6 5 -7 9 -9 10 -11 12 13 -14 -15
leaf_value=-0.018796230286531296 -0.13735685055746455 0.087039945883858522 0.4089312736747357 0.093547881060956628 -0.00093636413065266173 0.090266220592174637 0.159232823037388 0.1984373544475862 -0.016774636682557405 0.26808979224856011 0.019369800638700852 0.08800544284749777 0.12895961604607989 0.24459369615543378
leaf_weight=2335 3680 1299 130 278 612 1020 386 133 388 400 273 120 327 172
leaf_count=2335 3680 1299 130 278 612 1020 386 133 388 400 273 120 327 172
internal_value=0.00199431 0.0671299 0.150773 0.135745 0.0178725 0.0560653 0.182994 0.302484 -0.000884745 0.214631 0.0414465 0.104146 0.0790963 0.180242
internal_weight=11553 7873 2918 2655 4955 1632 1064 263 3323 786 988 1591 600 292
internal_count=11553 7873 2918 2655 4955 1632 1064 263 3323 786 988 1591 600 292
is_linear=0
shrinkage=0.05


Tree=17
num_leaves=15
num_cat=0
split_feature=23 9 18 25 2 9 20 0 7 17 2 12 14 12
split_gain=37935 10985 2320.72 1455.87 1433.89 1090.49 1062.81 1027.18 978.703 838.398 1088.57 732.603 717.984 627.168
threshold=2.5000000000000004 0.48401500776790013 0.55195681511470995 0.90407038487752633 -0.025230099914586555 0.2603044677845181 67.906250000000014 0.1025980374746302 -0.45331231984151027 0.43217893217893227 -0.1874828391477372 1.7500000000000002 0.52022091234163048 5.2500000000000009
decision_type=8 10 2 8 10 8 2 10 2 2 8 8 10 10
left_child=1 5 4 -2 11 -1 -4 8 -6 13 -11 -3 -13 -7
right_child=3 2 6 -5 7 9 -8 -9 -10 10 -12 12 -14 -15
leaf_value=-0.022728561792457819 -0.03053540353595063 0.072872762150971951 0.3914759892456996 -0.13147627051964483 0.12002184857602399 -0.00023159375204648053 0.18771533635264451 0.32323665793671785 0.22535104728145999 -0.015430612860724242 0.087245750690162882 0.026202120340683244 0.16666672026478252 0.067099275208210157
leaf_weight=1101 396 939 127 3647 585 1644 129 107 354 336 1114 110 526 438
leaf_count=1101 396 939 127 3647 585 1644 129 107 354 336 1114 110 526 438
internal_value=0.00189459 0.0683721 0.14511 -0.121589 0.131076 0.0207191 0.2888 0.176456 0.159731 0.0342627 0.0634532 0.100937 0.142373 0.0139331
internal_weight=11553 7510 2877 4043 2621 4633 256 1046 939 3532 1450 1575 636 2082
internal_count=11553 7510 2877 4043 2621 4633 256 1046 939 3532 1450 1575 636 2082
is_linear=0
shrinkage=0.05


Tree=18
num_leaves=15
num_cat=0
split_feature=23 15 17 1 17 13 25 15 25 15 2 13 18 13
split_gain=34236.3 6800.9 3170.19 3150.7 1685.94 1441.12 1313.92 1268.35 1079.82 1039.82 809.068 782.307 738.281 725.951
threshold=2.5000000000000004 0.41104682788592456 0.48120444095547837 0.008000147714624161 0.61339605734767033 26.375000000000004 0.90407038487752633 0.20405279323916761 0.43601436677685507 0.15280896662294113 -0.20891634566829206 21.625000000000004 0.55718954248366026 24.625000000000004
decision_type=8 10 2 2 2 10 8 8 10 10 8 10 2 8
left_child=1 2 8 10 13 12 -2 -5 9 -1 -4 -11 -6 -3
right_child=6 4 3 7 5 -7 -8 -9 -10 11 -12 -13 -14 -15
leaf_value=-0.025069809061148196 -0.029008632631163406 0.08471035784060639 -0.0042078978208927508 0.05902079805995511 0.14515790010299012 0.37159887306796491 -0.12490245719208665 0.25288379778274456 0.16946962060607679 -0.0077054643878306187 0.073336066209420278 0.059633403427012004 0.29224600173990456 0.17156190518530456
leaf_weight=1584 396 636 427 113 339 129 3647 333 102 755 1585 1006 114 387
leaf_count=1584 396 636 427 113 339 129 3647 333 102 755 1585 1006 114 387
internal_value=0.00179987 0.0649535 0.0401472 0.0835315 0.156219 0.224159 -0.11551 0.203766 0.00921059 0.00432377 0.0568792 0.030763 0.182173 0.117566
internal_weight=11553 7510 5905 2458 1605 582 4043 446 3447 3345 2012 1761 453 1023
internal_count=11553 7510 5905 2458 1605 582 4043 446 3447 3345 2012 1761 453 1023
is_linear=0
shrinkage=0.05


Tree=19
num_leaves=15
num_cat=0
split_feature=23 9 9 12 25 13 9 14 0 20 15 20 14 19
split_gain=30898.3 9233.79 1812.39 1344.13 1185.81 1054.85 1090.03 801.763 742.904 1062.41 675.874 628.698 670.769 627.151
threshold=2.5000000000000004 0.48401500776790013 0.81757018723260477 4.2500000000000009 0.90407038487752633 24.375000000000004 0.33285371456113361 0.52459956581479894 -0.010826498950148625 70.878676470588246 0.41104682788592456 68.757352941176478 0.53853723386069829 0.69793706293706304
decision_type=8 10 10 10 8 10 8 10 8 2 10 2 10 2
left_child=1 5 3 8 -2 -1 -7 -5 10 11 -3 12 -10 -4
right_child=4 2 13 7 -6 6 -8 -9 9 -11 -12 -13 -14 -15
leaf_value=0.0012632461428613235 -0.027558199912215576 0.040460675940421804 0.17251788291534903 0.083123175640996069 -0.11865733427901873 -4.8764236041235768e-05 0.086217187719020039 0.21359270259034724 0.036976233054546344 0.26972652400020236 0.12489294803178271 0.028475938453856445 0.16168817500139893 0.32885745457885135
leaf_weight=3103 396 676 117 155 3647 607 923 490 138 121 365 180 493 142
leaf_count=3103 396 676 117 155 3647 607 923 490 138 121 365 180 493 142
internal_value=0.00170987 0.0617058 0.132062 0.11958 -0.109734 0.0180161 0.0519927 0.18224 0.0990952 0.131521 0.0700647 0.110901 0.134414 0.258233
internal_weight=11553 7510 2877 2618 4043 4633 1530 645 1973 932 1041 811 631 259
internal_count=11553 7510 2877 2618 4043 4633 1530 645 1973 932 1041 811 631 259
is_linear=0
shrinkage=0.05


Tree=20
num_leaves=15
num_cat=0
split_feature=23 9 15 15 13 7 13 25 14 14 19 6 18 3
split_gain=26775.2 7930.17 1734.13 1294.39 1374.79 1109.07 1059.76 1037.28 890.943 878.575 763.138 685.786 657.463 1068.57
threshold=2.5000000000000004 0.60392544587710095 0.17047875039627805 0.60228562873638303 23.375000000000004 -0.41880122479315457 21.625000000000004 0.90407038487752633 0.40974210504967185 0.53853723386069829 0.42664335664335667 -0.15688355671207396 0.3108610365475945 -0.19274802445328501
decision_type=8 10 8 10 10 2 10 8 10 10 2 2 2 10
left_child=1 2 8 5 -5 10 -4 11 -1 12 -3 -2 -8 -14
right_child=7 3 6 4 -6 -7 9 -9 -10 -11 -12 -13 13 -15
leaf_value=-0.036076262587933644 -0.13829158835710501 0.022472954933842024 0.015328461860591515 0.13018577235554338 0.37181239334167915 0.19752187402292667 0.028201094037596731 -0.11275998876872234 0.033494591893499209 0.12568664832960416 0.12839965123299177 0.0094666375788604925 0.16860855747404951 0.039950449880116673
leaf_weight=1248 106 225 1559 109 128 461 1104 3682 729 523 696 303 267 408
leaf_count=1248 106 225 1559 109 128 461 1104 3682 729 523 696 303 267 408
internal_value=-0.00157885 0.054813 0.0276598 0.152725 0.260685 0.134211 0.0471597 -0.104369 -0.0104227 0.0687169 0.102522 -0.0288277 0.0519687 0.0908419
internal_weight=11548 7457 5838 1619 237 1382 3861 4091 1977 2302 921 409 1779 675
internal_count=11548 7457 5838 1619 237 1382 3861 4091 1977 2302 921 409 1779 675
is_linear=0
shrinkage=0.05


Tree=21
num_leaves=15
num_cat=0
split_feature=23 9 9 15 25 25 17 17 0 9 15 2 0 14
split_gain=24164.7 7185.86 1509.13 1363.71 1122.57 936.145 749.944 1561.54 759.218 726.348 698.146 631.078 817.103 780.571
threshold=2.5000000000000004 0.56136878329437589 0.80435018984429907 0.11287237714587935 0.22951097479399368 0.90407038487752633 0.60133114284510736 0.63487300632400634 0.0040035367617415893 0.35114064151026075 0.61392408341939786 -0.070753273668217501 -0.055696796856683557 0.27277873665027924
decision_type=8 10 10 8 10 8 2 2 10 8 10 10 10 10
left_child=1 3 6 -1 9 -2 -3 -8 -9 -5 -4 12 -11 -13
right_child=5 2 10 4 -6 -7 7 8 -10 11 -12 13 -14 -15
leaf_value=-0.025950248348754104 -0.027386287222491135 0.082515365887251377 0.17348738543772968 -0.0051390404047849704 0.19055815651946892 -0.10712199107547014 0.3247088503690625 0.092291641602791408 0.20894175546572491 -0.0058385236459257018 0.32992383854291524 0.0011468369393023076 0.063619373482812144 0.090221049527130948
leaf_weight=1167 409 901 178 1048 113 3682 109 549 187 1014 119 324 727 1021
leaf_count=1167 409 901 178 1048 113 3682 109 549 187 1014 119 324 727 1021
internal_value=-0.00149991 0.0520723 0.131973 0.0219213 0.0350755 -0.0991504 0.11425 0.148087 0.12193 0.0308255 0.236167 0.043039 0.0231654 0.0687638
internal_weight=11548 7457 2043 5414 4247 4091 1746 845 736 4134 297 3086 1741 1345
internal_count=11548 7457 2043 5414 4247 4091 1746 845 736 4134 297 3086 1741 1345
is_linear=0
shrinkage=0.05


Tree=22
num_leaves=15
num_cat=0
split_feature=23 9 15 5 14 25 14 20 14 1 12 6 20 3
split_gain=21808.6 6496.04 1439.75 1177.37 1164.86 844.871 821.291 788.287 774.667 676.662 624.681 618.922 552.524 689.92
threshold=2.5000000000000004 0.60392544587710095 0.17047875039627805 3.5000000000000004 0.84632073938738217 0.90407038487752633 0.55484300455057445 65.393382352941188 0.40093856621771945 -0.13982920229616128 3.7500000000000004 -0.15688355671207396 71.500000000000014 -0.0017252222003211399
decision_type=8 10 8 2 10 8 10 2 10 2 10 2 2 10
left_child=1 2 8 -3 7 11 -4 -5 -1 -8 -9 -2 13 -11
right_child=5 3 6 4 -6 -7 9 10 -10 12 -12 -13 -14 -15
leaf_value=-0.034461019965113887 -0.13000769436816281 0.064020610644849527 0.030279205673401272 0.21840167143770184 0.23494189684974098 -0.10176589296729038 -0.027315082543570065 0.070952492434247103 0.029926709239703298 0.039356587887964894 0.17900145349460408 0.010362620448014353 0.19798667011415866 0.14629941749801417
leaf_weight=1220 106 403 2997 192 382 3682 115 452 757 365 190 303 127 257
leaf_count=1220 106 403 2997 192 382 3682 115 452 757 365 190 303 127 257
internal_value=-0.00142491 0.0494687 0.0248931 0.138086 0.162633 -0.0941929 0.042661 0.129513 -0.00980674 0.0856102 0.10293 -0.026017 0.102948 0.0835436
internal_weight=11548 7457 5838 1619 1216 4091 3861 834 1977 864 642 409 749 622
internal_count=11548 7457 5838 1619 1216 4091 3861 834 1977 864 642 409 749 622
is_linear=0
shrinkage=0.05


Tree=23
num_leaves=15
num_cat=0
split_feature=23 9 18 15 13 0 1 21 17 17 9 6 15 2
split_gain=19682.3 5874.75 1315.95 1171.23 1251.77 807.63 793.303 768.812 667.434 656.009 648.724 580.435 563.461 549.81
threshold=2.5000000000000004 0.57713529416738696 0.1915530640845968 0.60228562873638303 23.375000000000004 0.057870307774754708 -0.036259789689865402 1.0000000180025095e-35 0.58591080411222085 0.60456624603534836 0.5434566173859311 -0.0018616222296326188 0.080162255104003891 -0.13536456583198861
decision_type=8 10 2 10 10 10 2 8 2 2 10 2 10 10
left_child=1 2 12 5 -5 11 10 -2 -8 -7 -4 -3 -1 -10
right_child=7 3 6 4 -6 9 8 -9 13 -11 -12 -13 -14 -15
leaf_value=-0.043509462462046837 -0.021351265502930122 0.078489434765246904 0.012577459782926454 0.10263008640946024 0.32989459095917867 0.099689002631776102 0.053647303625591093 -0.096378931039104485 0.22176167928621551 0.26087884384018561 0.12589258053613936 0.16518716696521332 0.0093763269857536011 0.075819739532914571
leaf_weight=747 376 1150 1772 112 132 113 1114 3715 119 143 136 232 1546 141
leaf_count=747 376 1150 1772 112 132 113 1114 3715 119 143 136 232 1546 141
internal_value=-0.00135367 0.0469953 0.0212101 0.123378 0.225576 0.108154 0.0415149 -0.0894832 0.0704828 0.189729 0.0206544 0.0930436 -0.00785249 0.142616
internal_weight=11548 7457 5575 1882 244 1638 3282 4091 1374 256 1908 1382 2293 260
internal_count=11548 7457 5575 1882 244 1638 3282 4091 1374 256 1908 1382 2293 260
is_linear=0
shrinkage=0.05


Tree=24
num_leaves=15
num_cat=0
split_feature=23 9 9 5 7 15 13 25 18 15 21 0 20 16
split_gain=17763.2 5323.89 1226.24 1030.3 977.776 1074.68 956.277 923.58 809.737 871.06 693.853 688.643 954.365 669.195
threshold=2.5000000000000004 0.60392544587710095 0.35114064151026075 3.5000000000000004 -0.24252516099051788 0.61392408341939786 21.125000000000004 1.0000000180025095e-35 0.3108610365475945 0.076578644469679089 1.0000000180025095e-35 0.0078234513744468367 66.500000000000014 62.78049516246729
decision_type=8 10 8 2 2 10 8 10 2 10 8 10 2 10
left_child=1 2 7 -3 5 11 -4 -1 9 -8 -2 -5 -13 -10
right_child=10 3 6 4 -6 -7 8 -9 13 -11 -12 12 -14 -15
leaf_value=-0.01910164973199114 -0.020283702662291424 0.055585314172595074 0.0025233258732633417 0.080310470158861058 0.26513751576864913 0.24712573761666967 -0.025431229492285476 0.13278987093494748 0.16833823379169843 0.055760800149169655 -0.091559984164311228 0.29835476100444797 0.10304468648193105 0.068658188353556235
leaf_weight=1792 376 403 1267 627 155 167 435 106 229 1373 3715 100 167 636
leaf_count=1792 376 403 1267 627 155 167 435 106 229 1373 3715 100 167 636
internal_value=-0.00128598 0.0446455 0.0223973 0.124871 0.147833 0.130696 0.0383021 -0.0106188 0.0552612 0.0362262 -0.085009 0.108947 0.176195 0.0950475
internal_weight=11548 7457 5838 1619 1216 1061 3940 1898 2673 1808 4091 894 267 865
internal_count=11548 7457 5838 1619 1216 1061 3940 1898 2673 1808 4091 894 267 865
is_linear=0
shrinkage=0.05


Tree=25
num_leaves=15
num_cat=0
split_feature=22 14 13 14 18 25 18 8 12 9 13 7 7 3
split_gain=17525.7 6089.89 1887.41 1435.88 1097.41 1036.17 1013.65 944.616 774.441 744.922 729.142 720.39 617.81 612.68
threshold=1.0000000180025095e-35 0.52932086317179505 19.875000000000004 0.87500653245766846 0.47297077922077929 1.0000000180025095e-35 0.19716968741791438 -0.41637989189798391 4.7500000000000009 0.25000454176995895 23.375000000000004 -0.35007011626078394 -0.36590817628593836 -0.18086303572073908
decision_type=10 10 10 10 2 10 2 2 10 10 10 2 2 10
left_child=-1 5 11 4 7 6 9 12 13 -2 -8 -3 -4 -9
right_child=1 2 3 -5 -6 -7 10 8 -10 -11 -12 -13 -14 -15
leaf_value=-0.086253704909720244 -0.045861592013892762 0.0051283085254764712 -0.0075138418528381675 0.24653658119102595 0.20839408433950488 0.12399332837582872 0.002423260756544871 -0.0067942791685056767 0.1787743657647263 0.016964960923478489 0.055308058088548884 0.13350905384594466 0.13536307592602337 0.10962513874116311
leaf_weight=3804 1206 556 293 219 255 193 1459 131 371 775 1178 136 102 823
leaf_count=3804 1206 556 293 219 255 193 1459 131 371 775 1178 136 102 823
internal_value=0.00154348 0.0449345 0.102357 0.125066 0.111596 0.010488 0.0057443 0.0972455 0.117477 -0.0212828 0.0260479 0.0303592 0.029381 0.0936388
internal_weight=11501 7697 2886 2194 1975 4811 4618 1720 1325 1981 2637 692 395 954
internal_count=11501 7697 2886 2194 1975 4811 4618 1720 1325 1981 2637 692 395 954
is_linear=0
shrinkage=0.05


Tree=26
num_leaves=15
num_cat=0
split_feature=22 14 9 12 2 23 25 2 9 12 3 9 19 7
split_gain=15817 5496.13 1768.85 1360.87 972.468 940.886 1202.42 658.151 639.781 617.749 759.829 763.85 721.445 602.725
threshold=1.0000000180025095e-35 0.52932086317179505 0.76330893649879406 4.7500000000000009 0.12799054141050523 1.0000000180025095e-35 0.22951097479399368 0.020509113676302971 0.21159235363227094 5.2500000000000009 0.014805409930361958 0.51710405287665107 0.55544117647058833 -0.35007011626078394
decision_type=10 10 10 10 10 10 10 10 8 10 8 8 2 2
left_child=-1 5 3 4 13 6 8 -4 -2 10 -10 -12 -13 -3
right_child=1 2 7 -5 -6 -7 -8 -9 9 -11 11 12 -14 -15
leaf_value=-0.08194101993146341 -0.033185363901531276 0.036857962515987351 0.14552974182743803 0.15294869680737341 0.20258751315621498 -0.030317617432068858 0.17206669247442091 0.27507985062400503 -0.017478186824020737 0.070032057040640083 0.08135339043981353 -0.019972734686326186 0.10097763492816832 0.10497013237547509
leaf_weight=3804 545 1399 283 516 115 1114 129 150 1060 623 596 588 156 423
leaf_count=3804 545 1399 283 516 115 1114 129 150 1060 623 596 588 156 423
internal_value=0.00146631 0.0426878 0.0972393 0.0807932 0.0615716 0.00996363 0.0221014 0.190409 0.0166794 0.0256693 0.0141535 0.0391755 0.00538783 0.0526711
internal_weight=11501 7697 2886 2453 1937 4811 3697 433 3568 3023 2400 1340 744 1822
internal_count=11501 7697 2886 2453 1937 4811 3697 433 3568 3023 2400 1340 744 1822
is_linear=0
shrinkage=0.05


Tree=27
num_leaves=15
num_cat=0
split_feature=23 9 9 18 2 9 12 15 25 3 18 7 0 15
split_gain=14292.4 3828.5 1205.26 1171.75 1038.38 945.265 863.615 855.978 785.088 764.242 736.821 560.283 596.46 579.337
threshold=1.5000000000000002 0.58000356432039457 0.80435018984429907 0.4827654360028461 0.13259545987504132 0.25836545996585675 5.2500000000000009 0.34358374409791631 0.90407038487752633 0.016681061564754057 0.40958142576847617 -0.18716503941529772 -0.011362965551565221 0.39367739405145208
decision_type=8 10 10 2 10 8 10 10 8 10 2 2 8 10
left_child=1 3 4 5 11 -1 9 -5 -2 -7 -4 12 -3 -14
right_child=8 2 10 7 -6 6 -8 -9 -10 -11 -12 -13 13 -15
leaf_value=-0.025943932995954974 -0.018571487398743629 0.032545106339140477 0.10311757434617008 0.22323138633173359 0.22224059610179181 -0.0013039756032019911 0.074327842482984671 0.046753958549420792 -0.079158738582822921 0.048869547820385287 0.26703209813689643 0.16501751940697432 0.15799807273948199 0.057687270356468673
leaf_weight=988 625 648 114 121 135 2077 823 159 3700 1196 172 160 259 324
leaf_count=988 625 648 114 121 135 2077 823 159 3700 1196 172 160 259 324
internal_value=0.00139299 0.0446649 0.107501 0.0234384 0.0898471 0.0179541 0.0285428 0.123017 -0.0704034 0.0170301 0.201696 0.076998 0.0655576 0.102251
internal_weight=11501 7176 1812 5364 1526 5084 4096 280 4325 3273 286 1391 1231 583
internal_count=11501 7176 1812 5364 1526 5084 4096 280 4325 3273 286 1391 1231 583
is_linear=0
shrinkage=0.05


Tree=28
num_leaves=15
num_cat=0
split_feature=23 14 13 2 14 25 18 25 17 17 17 13 7 0
split_gain=12898.9 3922.38 1551.89 1146.51 1265.87 1016.89 862.568 708.542 706.156 707.749 805.926 670.867 647.742 582.754
threshold=1.5000000000000002 0.52932086317179505 19.875000000000004 0.060506300620105431 0.89363842540235872 0.12111367758624751 0.1940796331040234 0.90407038487752633 0.79729729729729748 0.673576799140709 0.60133114284510736 23.375000000000004 -0.44727688810417787 -0.081126167997197976
decision_type=8 10 10 10 10 10 2 8 2 2 2 8 2 8
left_child=1 5 -3 4 8 6 13 -2 9 10 -4 -8 -5 -1
right_child=7 2 3 12 -6 -7 11 -9 -10 -11 -12 -13 -14 -15
leaf_value=0.023665083123822036 -0.017642913258075717 0.022656941161187695 0.065862041155835063 0.13256052263313906 0.24279228374361994 0.13887230063137276 0.0015814442190501918 -0.075200801750494026 0.18344570876323973 0.0089621361482662403 0.17118305682630008 0.054208997155963383 0.25697571428492666 -0.03893084572440153
leaf_weight=541 625 694 850 272 126 153 1261 3700 145 379 231 1165 170 1189
leaf_count=541 625 694 850 272 126 153 1261 3700 145 379 231 1165 170 1189
internal_value=0.00132334 0.0424317 0.0877504 0.10854 0.0901872 0.0122788 0.00761832 -0.0668832 0.078207 0.0677553 0.0883682 0.026854 0.180413 -0.019356
internal_weight=11501 7176 2867 2173 1731 4309 4156 4325 1605 1460 1081 2426 442 1730
internal_count=11501 7176 2867 2173 1731 4309 4156 4325 1605 1460 1081 2426 442 1730
is_linear=0
shrinkage=0.05


Tree=29
num_leaves=15
num_cat=0
split_feature=22 14 13 2 14 7 25 15 7 12 15 12 13 18
split_gain=11711.8 4204.27 1436.35 1159.15 1265.73 862.475 786.5 833.225 601.675 464.763 668.395 634.574 463.54 380.166
threshold=1.0000000180025095e-35 0.52932086317179505 19.875000000000004 0.060506300620105431 0.87500653245766846 -0.35244986160589992 1.0000000180025095e-35 0.21654631591855739 -0.35007011626078394 4.7500000000000009 0.22639852888799181 7.7500000000000009 28.875000000000004 0.40592220279720287
decision_type=10 10 10 10 10 2 10 8 2 10 10 10 10 2
left_child=13 6 8 4 9 -5 7 -2 -3 -4 -11 -12 -9 -1
right_child=1 2 3 5 -6 -7 -8 12 -10 10 11 -13 -14 -15
leaf_value=-0.073943927458123698 -0.019744541500808351 -0.0014270123108976905 0.055374606273870808 0.13666128575371592 0.21495061254139705 0.29817344436268195 0.10699660652220598 0.017997513003928663 0.11589980248450849 0.022372033695379892 0.22160196575451885 0.070875148537780056 0.11352351593103871 0.0023423128317475147
leaf_weight=3633 2055 556 1155 342 171 109 193 2429 136 129 169 119 134 171
leaf_count=3633 2055 556 1155 342 171 109 193 2429 136 129 169 119 134 171
internal_value=0.00125718 0.0367281 0.0844397 0.10425 0.0857631 0.175696 0.00810713 0.00397425 0.0216314 0.0717103 0.116957 0.159322 0.0229918 -0.0705147
internal_weight=11501 7697 2886 2194 1743 451 4811 4618 692 1572 417 288 2563 3804
internal_count=11501 7697 2886 2194 1743 451 4811 4618 692 1572 417 288 2563 3804
is_linear=0
shrinkage=0.05


Tree=30
num_leaves=15
num_cat=0
split_feature=27 14 15 10 13 13 25 7 3 0 10 16 14 8
split_gain=10072 3956.76 1476.25 855.413 872.876 631.381 785.827 621.785 726.95 614.157 608.269 580.607 579.591 618.441
threshold=0.94490256902922631 0.52932086317179505 0.45030716201321602 2.5000000000000004 25.625000000000004 25.125000000000004 0.43601436677685507 -0.35007011626078394 0.037456701656464426 -0.031784979775293147 7.5000000000000009 71.001119853854462 0.28515462707136913 0.25986922966247389
decision_type=8 10 10 2 10 8 10 2 10 10 2 10 10 2
left_child=1 5 7 -4 10 6 -1 9 11 -3 -5 -9 -7 -14
right_child=-2 2 3 4 -6 12 -8 8 -10 -11 -12 -13 13 -15
leaf_value=-0.011104466583981457 -0.067037391907185592 0.017254718198438195 0.021779901769888754 0.19355789042694713 0.25002612697842874 0.0067559979071965667 0.12982223543028037 0.1014292021175371 0.19011125625924669 0.081047085727600512 0.078247586118491141 -0.038022238224523497 0.047243607180839607 0.18216996212824457
leaf_weight=3275 3721 1008 136 188 190 879 102 286 166 603 292 101 484 103
leaf_count=3275 3721 1008 136 188 190 879 102 286 166 603 292 101 484 103
internal_value=0.000666887 0.0329116 0.0783486 0.136109 0.159317 0.00504701 -0.00684787 0.0568351 0.10258 0.0411323 0.123411 0.0650349 0.0324474 0.0709189
internal_weight=11534 7813 2970 806 670 4843 3377 2164 553 1611 480 387 1466 587
internal_count=11534 7813 2970 806 670 4843 3377 2164 553 1611 480 387 1466 587
is_linear=0
shrinkage=0.05


Tree=31
num_leaves=15
num_cat=0
split_feature=22 9 9 18 16 16 15 1 20 13 13 1 13 6
split_gain=9275.83 4054.07 1159.75 724.646 653.813 643.612 808.614 676.02 759.699 612.97 541.692 519.08 485.494 774.027
threshold=1.0000000180025095e-35 0.43755234773786494 0.75807871144007655 0.40958142576847617 62.462056419062968 82.87787273269619 0.015686782556195409 -0.073866563617121475 67.468750000000014 26.125000000000004 24.375000000000004 -0.041762044882303263 21.875000000000004 -0.073391467090276594
decision_type=10 10 10 2 10 8 10 2 2 10 8 2 10 2
left_child=-1 5 4 -4 10 6 -2 -7 -9 -8 11 -3 -6 -14
right_child=1 2 3 -5 12 7 9 8 -10 -11 -12 -13 13 -15
leaf_value=-0.063309937137042402 -0.068784711074549712 0.01929358525908199 0.086647754526554099 0.20901946448060801 0.024636309040471843 -0.023939798212512423 -0.0081834553571389877 0.17915880768497786 0.025611166029916973 0.04667457607193562 0.22031539532483793 0.15240222200675793 0.036586802904013387 0.10894593377379778
leaf_weight=3802 460 145 254 231 988 181 2788 150 174 623 102 148 804 684
leaf_count=3802 460 145 254 231 988 181 2788 150 174 623 102 148 804 684
internal_value=0.000633542 0.032076 0.0734186 0.144932 0.0613378 0.000369945 -0.00655598 0.0534595 0.096698 0.00183606 0.121077 0.0865293 0.0518075 0.0698487
internal_weight=11534 7732 3356 485 2871 4376 3871 505 324 3411 395 293 2476 1488
internal_count=11534 7732 3356 485 2871 4376 3871 505 324 3411 395 293 2476 1488
is_linear=0
shrinkage=0.05


Tree=32
num_leaves=15
num_cat=0
split_feature=22 9 9 0 17 8 15 18 18 15 6 7 13 20
split_gain=8371.44 3658.8 1046.68 726.502 877.503 838.337 820.049 653.993 589.924 620.769 526.595 476.376 468.124 435.414
threshold=1.0000000180025095e-35 0.43755234773786494 0.75807871144007655 -0.021190039136642889 0.57274255343124381 -0.17175960335047671 0.54501909392022163 0.40958142576847617 0.4827654360028461 0.43275353840087966 -0.069675793776313638 -0.20107064812013747 24.375000000000004 71.593750000000014
decision_type=10 10 10 8 2 2 10 2 2 10 2 2 10 2
left_child=-1 8 3 6 13 -6 11 -4 9 -2 -7 -3 -9 -5
right_child=1 2 7 4 5 10 -8 12 -10 -11 -12 -13 -14 -15
leaf_value=-0.060144438996552432 -0.007211211934024033 0.0084275148668480956 0.082315365634546944 0.043058344244537833 0.062806569054028247 0.13415429746062402 0.16704995524065169 0.13583009480713654 0.096799675935234128 0.087187327227585931 0.2693432444741195 0.1087179892115239 0.27932088482793016 0.14965518239067396
leaf_weight=3802 4041 1079 254 915 236 178 102 130 153 182 121 133 101 107
leaf_count=3802 4041 1079 254 915 236 178 102 130 153 182 121 133 101 107
internal_value=0.000601866 0.0304722 0.0697477 0.0582709 0.0813769 0.133257 0.0308918 0.137685 0.000351448 -0.00314289 0.188863 0.019433 0.198568 0.0542187
internal_weight=11534 7732 3356 2871 1557 535 1314 485 4376 4223 299 1212 231 1022
internal_count=11534 7732 3356 2871 1557 535 1314 485 4376 4223 299 1212 231 1022
is_linear=0
shrinkage=0.05


Tree=33
num_leaves=15
num_cat=0
split_feature=21 9 9 13 18 16 15 1 20 9 2 20 1 7
split_gain=7560.9 3406.58 1027.25 676.141 657.279 604.429 625.486 611.813 656.908 548.747 546.09 528.913 392.208 647.623
threshold=1.0000000180025095e-35 0.43432880551609498 0.75807871144007655 24.875000000000004 0.40958142576847617 82.87787273269619 0.056222661305940107 -0.073866563617121475 67.468750000000014 0.23002660179547377 -0.042771842122733487 66.406250000000014 -0.021607488857988039 -0.29813571122141452
decision_type=8 10 10 10 2 8 10 2 2 10 10 2 2 2
left_child=1 5 3 10 -4 6 -1 -7 -9 -2 -3 -8 13 -5
right_child=9 2 4 12 -6 7 11 8 -10 -11 -12 -13 -14 -15
leaf_value=-0.046503686485446366 -0.066727656083107156 0.019496949466271726 0.079952783547794296 0.023648003464350937 0.19741323957827106 -0.021455875724140143 -0.027969300380061009 0.17007604519153635 0.026715025000208826 -0.026809403879287538 0.073486827724856527 0.018070094144112061 0.1290371468340698 0.16918665649296316
leaf_weight=764 2806 1170 247 305 230 180 892 150 171 1242 781 2075 419 102
leaf_count=764 2806 1170 247 305 230 180 892 150 171 1242 781 2075 419 102
internal_value=0.000571772 0.0303406 0.0688059 0.0571627 0.13659 0.000764563 -0.00615974 0.0523306 0.0937062 -0.05448 0.0411095 0.00422879 0.0950802 0.0601221
internal_weight=11534 7486 3254 2777 477 4232 3731 501 321 4048 1951 2967 826 407
internal_count=11534 7486 3254 2777 477 4232 3731 501 321 4048 1951 2967 826 407
is_linear=0
shrinkage=0.05


Tree=34
num_leaves=15
num_cat=0
split_feature=22 9 9 0 17 8 8 18 18 15 12 25 20 13
split_gain=6857.51 2991.58 851.85 641.6 1017.78 745.469 589.983 560.649 517.869 554.613 485.653 458.748 453.634 400.416
threshold=1.0000000180025095e-35 0.43755234773786494 0.77063776898822189 -0.010826498950148625 0.57274255343124381 -0.17175960335047671 -0.39999846543529155 0.47992773986350873 0.4827654360028461 0.43275353840087966 3.7500000000000004 1.0000000180025095e-35 70.818014705882362 25.125000000000004
decision_type=10 10 10 8 2 2 2 2 2 10 8 10 2 10
left_child=-1 8 3 10 12 -6 -4 -8 9 11 -3 13 -5 -2
right_child=1 2 6 4 5 -7 7 -9 -10 -11 -12 -13 -14 -15
leaf_value=-0.054436618187275548 -0.019682897498395718 0.013238965952170827 0.027438423403029173 0.034517335190385363 0.066281224664359192 0.19736305170565421 0.11164367646739191 0.24887095614181209 0.090707995805865027 0.082449177890033518 0.075728901161801546 0.075394159552007012 0.12937366566902039 0.017080057900466229
leaf_weight=3802 2881 1090 106 818 191 251 196 120 153 182 435 163 149 997
leaf_count=3802 2881 1090 106 818 191 251 196 120 153 182 435 163 149 997
internal_value=0.000543184 0.027578 0.0630922 0.0535386 0.0778635 0.140719 0.129515 0.163755 0.000341799 -0.00293218 0.031064 -0.00677762 0.0491333 -0.0102315
internal_weight=11534 7732 3356 2934 1409 442 422 316 4376 4223 1525 4041 967 3878
internal_count=11534 7732 3356 2934 1409 442 422 316 4376 4223 1525 4041 967 3878
is_linear=0
shrinkage=0.05


Tree=35
num_leaves=15
num_cat=0
split_feature=23 9 9 18 3 14 19 10 17 27 12 17 7 1
split_gain=5867.21 1662.48 818.432 730.426 656.172 635.966 728.548 569.192 566.971 511.941 441.163 459.418 415.194 371.676
threshold=1.0000000180025095e-35 0.69036276777345018 0.24809162856351766 0.55195681511470995 -0.17233803486372543 0.25142480832710074 0.53535714285714298 2.5000000000000004 0.61339605734767033 0.583975442439023 -10.249999999999998 0.79729729729729748 -0.50812536848908418 -0.031784979775293147
decision_type=8 10 10 2 10 10 2 2 2 10 8 2 2 2
left_child=1 3 -2 5 -3 6 -1 -6 -9 10 -7 13 -10 -12
right_child=2 4 -4 -5 7 9 -8 8 12 -11 11 -13 -14 -15
leaf_value=-0.015206702070844895 -0.054278823418451465 -0.0045652270497782022 -0.01161027349702653 0.14580576279489646 0.01677355439712604 -0.058935910450361145 0.09041874274940781 0.080384107905617605 0.12698372330547969 0.14166469728099365 0.014810172777813933 0.12649884296778013 0.23872053234790191 0.049753498660932698
leaf_weight=1665 3428 134 1672 116 120 140 181 257 178 102 2009 123 156 1225
leaf_count=1665 3428 134 1672 116 120 140 181 257 178 102 2009 123 156 1225
internal_value=-0.000274376 0.0315834 -0.0402902 0.0216544 0.096927 0.0190094 -0.00485014 0.116055 0.136214 0.0312475 0.0280269 0.0316536 0.179172 0.0280463
internal_weight=11506 6406 5100 5561 845 5445 1846 711 591 3599 3497 3357 334 3234
internal_count=11506 6406 5100 5561 845 5445 1846 711 591 3599 3497 3357 334 3234
is_linear=0
shrinkage=0.05


Tree=36
num_leaves=15
num_cat=0
split_feature=23 14 15 2 0 25 16 19 2 26 0 3 16 2
split_gain=5304.67 1787.54 1090.17 672.183 786.233 652.499 554.254 801.013 603.848 624.01 591.706 403.794 367.578 463.998
threshold=1.5000000000000002 0.52022091234163048 0.60228562873638303 -0.072975434536115227 0.060703055459111081 0.43601436677685507 62.186617872833814 0.15665178571428576 -0.29943503972687452 0.54120681983720242 -0.0015529640885724588 1.0000000180025095e-35 63.675782507360367 -0.012791322738192884
decision_type=8 10 10 10 10 10 10 2 10 10 10 10 10 10
left_child=1 5 3 -3 12 6 7 -1 -8 -10 -9 -4 -5 -14
right_child=-2 2 11 4 -6 -7 8 10 9 -11 -12 -13 13 -15
leaf_value=-0.091241781654005705 -0.044063240923152558 0.022132839244056759 0.10180341727882625 0.11720998045992836 0.16838624952563452 0.11461444283149352 -0.052726690283680377 0.027504158252141239 -0.0023156801365278646 0.12326052615292443 0.12335563604011789 0.23623095104599945 0.086853725100426299 0.015625115038132627
leaf_weight=110 4318 1319 125 209 184 133 607 624 2502 103 217 101 380 574
leaf_count=110 4318 1319 125 209 184 133 607 624 2502 103 217 101 380 574
internal_value=-0.000260657 0.0260526 0.0564423 0.0475043 0.0723483 0.00559469 0.00211172 0.0356406 -0.00781541 0.00264952 0.0522363 0.161879 0.057154 0.0439971
internal_weight=11506 7188 2892 2666 1347 4296 4163 951 3212 2605 841 226 1163 954
internal_count=11506 7188 2892 2666 1347 4296 4163 951 3212 2605 841 226 1163 954
is_linear=0
shrinkage=0.05


Tree=37
num_leaves=15
num_cat=0
split_feature=21 14 2 7 0 5 16 23 25 6 13 19 14 26
split_gain=4872.19 1934.69 919.821 719.564 666.947 687.646 617.942 538.473 611.38 491.547 467.523 692.71 598.698 547.945
threshold=1.0000000180025095e-35 0.52022091234163048 -0.067077525624148274 -0.75242211300422868 0.060703055459111081 4.5000000000000009 67.354485566609 1.0000000180025095e-35 0.48005134827323132 -0.18021454481776431 20.875000000000004 0.55140224358974377 0.50027621559429525 0.41519953122304404
decision_type=8 10 10 2 10 2 10 10 10 2 8 2 8 10
left_child=1 7 -3 -4 5 9 -7 8 10 -5 -1 13 -13 -12
right_child=-2 2 3 4 -6 6 -8 -9 -10 -11 11 12 -14 -15
leaf_value=-0.018895617537526235 -0.044402448257634258 0.028285477748152283 0.0039941222642858824 -0.032338869224628829 0.19164387357660703 0.2532189854079544 0.090952937585700833 -0.027825665957801168 0.13379052486818505 0.079412563044656076 0.0059456422313456363 0.028162738635667608 0.16890545600242374 0.12350829545265207
leaf_weight=1022 4049 1406 225 117 175 101 140 1031 102 619 2110 167 138 104
leaf_count=1022 4049 1406 225 117 175 101 140 1031 102 619 2110 167 138 104
internal_value=-0.000247625 0.0237276 0.0567327 0.0857789 0.101753 0.0856512 0.158957 0.0040756 0.0131039 0.0616477 0.0096275 0.0211998 0.0918431 0.011468
internal_weight=11506 7457 2783 1377 1152 977 241 4674 3643 736 3541 2519 305 2214
internal_count=11506 7457 2783 1377 1152 977 241 4674 3643 736 3541 2519 305 2214
is_linear=0
shrinkage=0.05


Tree=38
num_leaves=15
num_cat=0
split_feature=21 14 15 7 1 3 13 14 18 26 15 8 9 8
split_gain=4397.15 1746.06 959.693 645.461 849.733 619.866 571.38 492.696 681.366 513.329 511.357 489.414 485.473 462.463
threshold=1.0000000180025095e-35 0.52022091234163048 0.60228562873638303 -0.35007011626078394 -0.010826498950148625 0.039360179658574544 24.125000000000004 0.19353005000099938 0.51789601741580238 0.49802334496327216 0.36454308695244581 -0.71827803734625795 0.23250905188605833 -0.41637989189798391
decision_type=8 10 10 2 2 10 10 8 2 10 10 2 10 2
left_child=1 7 3 4 11 -5 -4 -1 9 10 -9 -3 -2 -6
right_child=12 2 6 5 13 -7 -8 8 -10 -11 -12 -13 -14 -15
leaf_value=-0.021936803461983803 -0.053678706152053071 -0.079533984696387033 0.079667265269284457 0.05708070451507552 0.0059733073866995827 0.16538895062111159 0.24062737828741471 -0.0025500516895548692 0.14132867437951707 0.12104017252084052 0.051308488780105459 0.019491948564846293 -0.016109016656148743 0.10904771424118687
leaf_weight=1325 2810 139 120 450 147 187 102 2616 102 101 530 1219 1239 419
leaf_count=1325 2810 139 120 450 147 187 102 2616 102 101 530 1219 1239 419
internal_value=-0.000235243 0.0225412 0.053896 0.0452513 0.030808 0.0888761 0.153622 0.00387182 0.0140828 0.0100855 0.00652338 0.00935601 -0.0421823 0.0822775
internal_weight=11506 7457 2783 2561 1924 637 222 4674 3349 3247 3146 1358 4049 566
internal_count=11506 7457 2783 2561 1924 637 222 4674 3349 3247 3146 1358 4049 566
is_linear=0
shrinkage=0.05


Tree=39
num_leaves=15
num_cat=0
split_feature=23 15 9 18 2 9 17 7 12 15 5 14 13 17
split_gain=3987.86 1394.93 874.424 684.343 614.667 598.689 590.259 645.3 568.516 501.105 496.897 452.826 386.063 474.181
threshold=1.0000000180025095e-35 0.40164330614799165 0.69036276777345018 0.47297077922077929 -0.070753273668217501 0.24809162856351766 0.61339605734767033 -0.50812536848908418 1.7500000000000002 0.58260980236903437 4.5000000000000009 0.66671670431859931 25.125000000000004 0.30407836865253907
decision_type=8 10 8 2 10 10 2 2 10 10 2 10 8 2
left_child=1 3 11 4 8 -2 9 -8 -1 -4 -10 12 -3 -14
right_child=5 2 6 -5 -6 -7 7 -9 10 -11 -12 -13 13 -15
leaf_value=-0.02468475308844275 -0.045177959921508852 0.021744830395448993 0.014604671422462419 0.1031052728877449 0.030595227578573487 -0.0086843158804107475 0.090739189369901635 0.22417613123707913 0.0091682659579488939 0.14212986463757835 0.11167701038083544 -0.058105692955163817 0.021303596981217931 0.16269728913343043
leaf_weight=1648 3428 471 212 202 1945 1672 194 170 951 121 135 117 107 133
leaf_count=1648 3428 471 212 202 1945 1672 194 170 951 121 135 117 107 133
internal_value=-0.000223481 0.026041 0.0677829 0.0129994 0.00910935 -0.0332138 0.109049 0.153059 -0.00617595 0.0609427 0.0219111 0.0330455 0.0480451 0.0996593
internal_weight=11506 6406 1525 4881 4679 5100 697 364 2734 333 1086 828 711 240
internal_count=11506 6406 1525 4881 4679 5100 697 364 2734 333 1086 828 711 240
is_linear=0
shrinkage=0.05


Tree=40
num_leaves=15
num_cat=0
split_feature=21 15 18 14 9 13 25 14 27 8 3 6 9 16
split_gain=4211.38 1640.2 891.038 829.961 716.934 583.443 554.099 444.309 437.121 426.671 423.279 497.067 399.538 376.648
threshold=1.0000000180025095e-35 0.44603929609549947 0.52176936449681299 0.74081853538869269 0.8977766055873041 23.375000000000004 1.0000000180025095e-35 0.24087018358928472 0.6478942650558267 -0.010014018073842952 0.012470095839960076 -0.054463934815982794 0.23534112147170203 71.068084417937214
decision_type=8 10 2 10 8 10 10 8 10 2 10 2 10 10
left_child=1 2 3 6 5 9 7 -1 -9 -3 -7 -12 -2 -5
right_child=12 4 -4 13 -6 10 -8 8 -10 -11 11 -13 -14 -15
leaf_value=-0.023905440179678546 -0.051630801302688684 -0.015894239737871563 0.12267938709436832 0.085327137438659828 0.18036537447366222 0.05630426455479396 0.093254827118358738 0.0056489785910818421 0.1067706853964112 0.078013024934865893 0.085206125652853487 0.22929623416410042 -0.017552864960617056 -0.010566793285480894
leaf_weight=1453 2844 293 176 469 145 279 163 3755 110 206 141 104 1233 131
leaf_count=1453 2844 293 176 469 145 279 163 3755 110 206 141 104 1233 131
internal_value=-0.000495209 0.0219239 0.0117706 0.00856057 0.0763154 0.0615674 0.00244894 -0.00033432 0.00852696 0.0228731 0.0984156 0.146371 -0.0413247 0.0643903
internal_weight=11502 7425 6257 6081 1168 1023 5481 5318 3865 499 524 245 4077 600
internal_count=11502 7425 6257 6081 1168 1023 5481 5318 3865 499 524 245 4077 600
is_linear=0
shrinkage=0.05


Tree=41
num_leaves=15
num_cat=0
split_feature=21 15 18 14 9 20 20 25 14 6 13 3 18 24
split_gain=3800.77 1480.28 804.161 783.335 647.033 761.53 509.735 490.021 460.13 447.59 440.735 592.956 561.314 401.78
threshold=1.0000000180025095e-35 0.44603929609549947 0.52176936449681299 0.85329487169545659 0.8977766055873041 65.454044117647072 60.812500000000007 1.0000000180025095e-35 0.24087018358928472 0.096864614308482713 25.375000000000004 0.012470095839960076 0.43641386238071328 1.0000000180025095e-35
decision_type=8 10 2 10 8 2 2 10 8 2 10 10 2 10
left_child=1 2 3 6 5 -3 -1 8 -8 -10 12 -12 -7 -2
right_child=13 4 -4 -5 -6 10 7 -9 9 -11 11 -13 -14 -15
leaf_value=0.11587631588655652 -0.041747387828362043 0.14682395043806526 0.11654541373387806 0.11331636694498187 0.17134710600366818 0.046808782333193466 -0.023954839866056538 0.088592086222731264 0.0062262590231624811 0.10666475150276696 0.013816967573674286 0.15964661127516441 -0.060985850874955463 0.05972711704671383
leaf_weight=102 3977 197 176 172 145 367 1421 163 4109 114 136 143 180 100
leaf_count=102 3977 197 176 172 145 367 1421 163 4109 114 136 143 180 100
internal_value=-0.000470449 0.0208277 0.011182 0.00813254 0.0724997 0.058489 0.00507083 0.00312453 0.000656211 0.0089376 0.0374212 0.0885612 0.0113371 -0.0392584
internal_weight=11502 7425 6257 6081 1168 1023 5909 5807 5644 4223 826 279 547 4077
internal_count=11502 7425 6257 6081 1168 1023 5909 5807 5644 4223 826 279 547 4077
is_linear=0
shrinkage=0.05


Tree=42
num_leaves=15
num_cat=0
split_feature=21 15 18 14 9 13 7 1 15 15 12 6 24 6
split_gain=3430.2 1335.95 725.756 706.96 583.947 506.894 477.82 835.039 761.31 413.46 403.071 401.484 362.607 346.725
threshold=1.0000000180025095e-35 0.44603929609549947 0.52176936449681299 0.85329487169545659 0.8977766055873041 23.375000000000004 -0.52662334344562389 -0.12939077384505474 0.19997202471936246 0.58260980236903437 -2.2499999999999996 -0.25231414865701335 1.0000000180025095e-35 -0.018911557776608075
decision_type=8 10 2 10 8 10 2 2 10 10 8 2 10 2
left_child=1 2 3 6 5 9 8 -8 -1 10 -3 -10 -2 -9
right_child=12 4 -4 -5 -6 -7 7 13 11 -11 -12 -13 -14 -15
leaf_value=-0.034918520926000361 -0.039660018785869083 0.078983080436503803 0.11071814397212372 0.10765055038121552 0.16277974940836432 0.08991048777660797 -0.037487406560119368 0.041358335698683392 -0.077090287651600586 -0.063202346005509127 -0.031853851893556717 0.024654257236420816 0.05674075711518526 -0.0015213064715906884
leaf_weight=1472 3977 264 176 172 145 524 547 1891 105 116 119 1266 100 628
leaf_count=1472 3977 264 176 172 145 524 547 1891 105 116 119 1266 100 628
internal_value=-0.000446927 0.0197863 0.0106229 0.00772591 0.0688747 0.0555646 0.00481729 0.0185087 -0.00994803 0.0194979 0.0445455 0.016862 -0.0372955 0.0306682
internal_weight=11502 7425 6257 6081 1168 1023 5909 3066 2843 499 383 1371 4077 2519
internal_count=11502 7425 6257 6081 1168 1023 5909 3066 2843 499 383 1371 4077 2519
is_linear=0
shrinkage=0.05


Tree=43
num_leaves=15
num_cat=0
split_feature=23 9 20 0 1 25 18 1 13 14 18 12 6 6
split_gain=3097.43 1080.03 987.214 835.167 572.097 664.455 629.992 538.243 549.858 497.824 562.61 603.291 596.927 461.198
threshold=7.5000000000000009 0.62559594931418439 69.656250000000014 0.098364388194548943 -0.11755201025955404 0.43601436677685507 0.19806650476368395 -0.065630883078155497 21.125000000000004 0.50465679950612818 0.31983606557377059 2.2500000000000004 -0.068478628245468895 -0.16943757205100685
decision_type=8 10 2 10 2 10 2 2 10 8 2 10 2 2
left_child=1 4 3 7 -1 6 -6 8 -3 -8 -11 12 -12 -9
right_child=-2 2 -4 -5 5 -7 9 13 -10 10 11 -13 -14 -15
leaf_value=-0.021282456827316831 -0.03750998038634188 0.036714445863121246 -0.019215424821683855 0.21206022833460925 -0.0086822794384993976 0.14141034761157176 0.010678294605136196 -0.03402814805783607 0.16885574687811741 0.023988496091882215 -0.010638351762881046 0.15376710910308508 0.13632774117427904 0.062743737817048437
leaf_weight=1265 3780 129 330 107 1917 104 1736 162 202 739 183 224 111 513
leaf_count=1265 3780 129 330 107 1917 104 1736 162 202 739 183 224 111 513
internal_value=-0.00042458 0.0177291 0.0567355 0.0792547 0.00876491 0.0163457 0.0136966 0.0651292 0.117357 0.0280302 0.0519943 0.0919486 0.0448488 0.0395185
internal_weight=11502 7722 1443 1113 6279 5014 4910 1006 331 2993 1257 518 294 675
internal_count=11502 7722 1443 1113 6279 5014 4910 1006 331 2993 1257 518 294 675
is_linear=0
shrinkage=0.05


Tree=44
num_leaves=15
num_cat=0
split_feature=21 15 18 14 7 15 1 19 6 13 6 16 14 8
split_gain=2820.19 1134.31 636.159 623.088 473.531 705.471 662.198 578.539 446.791 436.559 514.826 550.785 470.859 435.23
threshold=1.0000000180025095e-35 0.44603929609549947 0.52176936449681299 0.87500653245766846 -0.52662334344562389 0.19997202471936246 -0.12939077384505474 0.15665178571428576 -0.11706036437895186 24.125000000000004 -0.04744683203325601 70.524067167637668 0.28515462707136913 -0.80542934190030468
decision_type=8 10 2 10 2 10 2 2 2 10 2 10 10 2
left_child=1 2 3 4 5 13 -6 8 -8 12 11 -11 -3 -1
right_child=-2 9 -4 -5 6 -7 7 -9 -10 10 -12 -13 -14 -15
leaf_value=-0.1123450828294428 -0.033815180502424415 -0.054685404686385698 0.10321242340882733 0.11864417009971669 -0.031608507126164517 0.015408944021830143 0.047704686600678038 0.037464846842169303 -0.08232309216296993 0.11007247473368992 0.16370064479018015 -0.028924095999878066 0.056044901604638764 -0.024773432864462718
leaf_weight=159 4077 116 176 122 551 1392 101 2247 191 193 189 113 557 1318
leaf_count=159 4077 116 176 122 551 1392 101 2247 191 193 189 113 557 1318
internal_value=-0.000403351 0.0179428 0.00949923 0.00678692 0.00449684 -0.0101307 0.0180782 0.028861 -0.0373477 0.0631751 0.0988182 0.0587437 0.0369591 -0.0342006
internal_weight=11502 7425 6257 6081 5959 2869 3090 2539 292 1168 495 306 673 1477
internal_count=11502 7425 6257 6081 5959 2869 3090 2539 292 1168 495 306 673 1477
is_linear=0
shrinkage=0.05


Tree=45
num_leaves=15
num_cat=0
split_feature=23 12 18 3 9 6 13 8 13 20 14 13 20 2
split_gain=2153.56 960.021 968.373 1031.35 739.668 789.69 771.883 567.921 664.545 1029.91 559.844 342.747 624.698 325.282
threshold=1.5000000000000002 -10.749999999999998 0.30757853937168506 -0.18086303572073908 0.77063776898822189 -0.072517926081226466 24.125000000000004 -0.60207733092683491 21.125000000000004 67.093750000000014 0.55059470990689097 20.875000000000004 63.090073529411775 -0.10614991009591473
decision_type=8 8 2 10 8 2 10 2 10 2 10 8 2 10
left_child=1 -1 3 -3 5 -4 13 -6 -9 -10 -8 -5 -13 -7
right_child=-2 2 4 11 7 6 10 8 9 -11 -12 12 -14 -15
leaf_value=-0.096805097072081459 -0.029738512234348008 -0.032988132801106726 -0.0017492997369314648 -0.0067438866298120646 -0.0025143441303755888 -0.029338227174968031 0.069300408455898618 0.033544626222415407 0.27957133730690525 0.092582928573842663 0.20319864175709568 0.14582243462177841 0.023829207031022807 0.059562846984375611
leaf_weight=187 4316 1305 998 901 129 179 189 165 112 215 133 110 2281 242
leaf_count=187 4316 1305 998 901 129 179 189 165 112 215 133 110 2281 242
internal_value=-0.00185107 0.0149922 0.0179964 0.00462674 0.0440169 0.0273062 0.0663336 0.0908661 0.11535 0.156628 0.124606 0.0195379 0.0294416 0.0217641
internal_weight=11462 7146 6959 4597 2362 1741 743 621 492 327 322 3292 2391 421
internal_count=11462 7146 6959 4597 2362 1741 743 621 492 327 322 3292 2391 421
is_linear=0
shrinkage=0.05


Tree=46
num_leaves=15
num_cat=0
split_feature=23 13 17 0 14 13 7 18 0 18 16 10 12 0
split_gain=1949.28 854.735 823.972 1473.65 560.025 482.208 472.772 401.794 629.128 456.085 380.086 555.94 374.064 340.396
threshold=2.5000000000000004 15.875000000000002 0.57274255343124381 0.0072402245490898413 0.1805424632603089 29.875000000000004 -0.1749004819641061 0.16163591591301127 0.041878974117257751 0.054299754299754303 70.572149259919016 9.5000000000000018 -1.0000000180025095e-35 0.078266795596718508
decision_type=8 8 2 8 10 10 2 2 10 2 10 2 8 10
left_child=1 -1 4 6 13 7 -4 8 9 -6 11 12 -5 -3
right_child=-2 2 3 10 5 -7 -8 -9 -10 -11 -12 -13 -14 -15
leaf_value=-0.1049137505146381 -0.02939910601226807 -0.029828283777877898 0.0095955455058920145 0.25402545389341247 0.095499818311988297 0.1162658185325563 0.10381398836847662 0.02332758702993732 -0.099797499657077141 -0.010846274302549282 0.040523405409277347 0.055379746479134184 0.1329282046792318 0.047052579135835215
leaf_weight=149 4098 1294 1512 101 117 115 146 2409 177 729 139 141 173 162
leaf_count=149 4098 1294 1512 101 117 115 146 2409 177 729 139 141 173 162
internal_value=-0.00175851 0.0136232 0.0160712 0.0414827 0.00483586 0.0155537 0.0178922 0.0121791 -0.0140739 0.00386116 0.112084 0.136052 0.177566 -0.0212742
internal_weight=11462 7364 7215 2212 5003 3547 1658 3432 1023 846 554 415 274 1456
internal_count=11462 7364 7215 2212 5003 3547 1658 3432 1023 846 554 415 274 1456
is_linear=0
shrinkage=0.05


Tree=47
num_leaves=15
num_cat=0
split_feature=22 13 17 0 8 15 13 7 22 3 5 18 6 9
split_gain=1748.54 897.401 938.82 1161.87 504.449 494.891 481.274 451.472 417.15 355.537 491.234 433.052 417.621 467.115
threshold=1.0000000180025095e-35 17.875000000000004 0.57274255343124381 0.0072402245490898413 -0.0070424243224901572 0.60228562873638303 29.875000000000004 -0.1749004819641061 1.5000000000000002 0.041831482548755052 2.5000000000000004 0.33568931068931074 -0.083754415561826931 0.36544280560454828
decision_type=10 8 2 8 2 10 10 2 10 10 2 2 2 10
left_child=-1 -2 5 7 -5 6 9 8 -4 11 -11 -3 -12 -14
right_child=1 2 3 4 -6 -7 -8 -9 -10 10 12 -13 13 -15
leaf_value=-0.029466653837015463 -0.048312437993621359 -0.019895486100065946 0.10729769109624676 0.072431415661090348 0.17447703240782417 0.093940390988351094 0.085982489581388169 0.10824203291399913 0.007214459339476802 -0.014850881746833793 0.0098985225723794614 0.026777231268164739 0.017523159320753906 0.12084668358875206
leaf_weight=3788 570 2473 113 334 190 152 166 143 1324 649 491 622 191 256
leaf_count=3788 570 2473 113 334 190 152 166 143 1324 649 491 622 191 256
internal_value=-0.00167059 0.01205 0.0168932 0.0449135 0.109433 0.00510231 0.00231696 0.0235159 0.0150846 -0.000649396 0.0185921 -0.0105157 0.0417312 0.0766973
internal_weight=11462 7674 7104 2104 524 5000 4848 1580 1437 4682 1587 3095 938 447
internal_count=11462 7674 7104 2104 524 5000 4848 1580 1437 4682 1587 3095 938 447
is_linear=0
shrinkage=0.05


Tree=48
num_leaves=15
num_cat=0
split_feature=21 15 13 13 7 15 1 20 16 8 0 0 16 8
split_gain=1625.67 813.108 628.615 526.181 505.571 625.986 493.092 539.593 581.182 346.791 408.876 749.874 532.466 342.076
threshold=1.0000000180025095e-35 0.60228562873638303 17.875000000000004 24.125000000000004 -0.16411641201548577 0.40842077492333828 -0.0087377784476208396 65.093750000000014 66.805313729103588 0.45177930347615752 0.13920623898073078 0.10389923224651845 74.781304086244759 -0.12164853075961218
decision_type=8 10 8 10 2 10 2 2 10 2 10 10 10 2
left_child=1 2 -1 -3 6 -6 -4 8 -8 10 11 12 13 -9
right_child=-2 3 4 -5 5 -7 7 9 -10 -11 -12 -13 -14 -15
leaf_value=-0.042697817308469381 -0.027183069758232894 0.033377232963656203 -8.4384728012380642e-05 0.16786002698777752 0.031165083422583631 0.15712461319517315 0.16667783372500478 0.012945858544227222 0.010437567709285079 -0.048656691114107774 -0.043775370425309046 0.17091691742837431 -0.070550323906736309 0.077345499620739999
leaf_weight=545 4025 162 4346 132 498 123 141 469 103 162 166 100 122 368
leaf_count=545 4025 162 4346 132 498 123 141 469 103 162 166 100 122 368
internal_value=-0.00158706 0.0122658 0.00891171 0.0937573 0.0131747 0.0561136 0.00871342 0.0321563 0.100724 0.0200939 0.0291858 0.0406226 0.0270361 0.0412602
internal_weight=11462 7437 7143 294 6598 621 5977 1631 244 1387 1225 1059 959 837
internal_count=11462 7437 7143 294 6598 621 5977 1631 244 1387 1225 1059 959 837
is_linear=0
shrinkage=0.05


Tree=49
num_leaves=15
num_cat=0
split_feature=23 12 18 3 14 0 12 8 3 0 2 20 3 12
split_gain=1462.36 748.903 725.361 862.509 632.963 1815.68 578.298 639.283 447.542 413.064 481.441 554.465 349.839 306.777
threshold=1.5000000000000002 -10.749999999999998 0.30757853937168506 -0.18086303572073908 0.46572925327033021 0.11178403762156086 4.7500000000000009 -0.21292469453441418 -0.20242812803885021 -0.11604167334129355 -0.25458260005697031 71.205882352941188 0.085013490061846872 -1.7499999999999998
decision_type=8 8 2 10 8 10 8 2 10 10 10 2 10 10
left_child=1 -1 3 -3 8 6 9 -8 -4 -6 -11 13 -10 -12
right_child=-2 2 4 -5 5 -7 7 -9 12 10 11 -13 -14 -15
leaf_value=-0.086370580532852029 -0.02448808626838743 -0.03094439582400545 0.073509324553888297 0.017090167151543014 0.085783162268038796 0.26113588181923669 0.018062034301774603 0.15708266639931487 -0.045277157698462654 0.081330622110415154 0.005846285325242207 0.081601425361312818 0.032537564966460118 -0.067133143873717119
leaf_weight=187 4316 1305 170 3292 221 101 142 198 410 185 288 136 223 288
leaf_count=187 4316 1305 170 3292 221 101 142 198 410 185 288 136 223 288
internal_value=-0.00150771 0.0123719 0.0150252 0.00345408 0.0375454 0.0561214 0.0419195 0.0990211 0.00148048 0.024554 0.00946861 -0.0092034 -0.0178638 -0.0306434
internal_weight=11462 7146 6959 4597 2362 1559 1458 340 803 1118 897 712 633 576
internal_count=11462 7146 6959 4597 2362 1559 1458 340 803 1118 897 712 633 576
is_linear=0
shrinkage=0.05


Tree=50
num_leaves=15
num_cat=0
split_feature=21 14 8 9 0 12 19 20 20 2 7 14 9 20
split_gain=1787.13 834.337 1048.7 638.14 492.333 480.555 521.33 481.566 462.995 400.647 395.877 383.397 358.642 346.51
threshold=1.0000000180025095e-35 0.32571563045657409 -0.4211805422481868 0.35114064151026075 0.10389923224651845 5.2500000000000009 0.28866071428571433 67.727941176470594 66.343750000000014 -0.052198729806165051 -0.12653562592963016 0.89363842540235872 0.22736383537727031 67.843750000000014
decision_type=8 8 2 8 10 10 2 2 2 8 2 10 10 2
left_child=1 10 9 -4 5 11 -7 8 -8 13 -1 -5 -2 -3
right_child=12 2 3 4 -6 6 7 -9 -10 -11 -12 -13 -14 -15
leaf_value=-0.010967513632534252 -0.033576693992151782 -0.076379917131383521 -0.016894871333637571 0.031399693974018421 0.13052421033521341 0.0014796194236178499 0.095097238208465995 0.06631769674612023 0.24507914381474258 0.015883746574748388 0.06422598925182009 0.12057052445707946 -0.0011029617473875062 0.0023346158624516699
leaf_weight=2370 2774 311 395 2371 181 143 106 269 100 685 189 127 1226 254
leaf_count=2370 2774 311 395 2371 181 143 106 269 100 685 189 127 1226 254
internal_value=0.0033669 0.0177599 0.0297594 0.0431614 0.0503565 0.0456997 0.0851768 0.110374 0.167904 -0.00982464 -0.00541395 0.0359332 -0.0236235 -0.0409932
internal_weight=11501 7501 4942 3692 3297 3116 618 475 206 1250 2559 2498 4000 565
internal_count=11501 7501 4942 3692 3297 3116 618 475 206 1250 2559 2498 4000 565
is_linear=0
shrinkage=0.05


Tree=51
num_leaves=15
num_cat=0
split_feature=9 8 18 23 19 14 18 14 2 0 19 12 19 17
split_gain=1556.54 786.438 868.723 635.324 605.869 571.161 521.581 827.47 372.533 358.207 503.735 437.824 509.064 495.48
threshold=0.39690575700940883 -0.4211805422481868 0.56118955926401382 1.0000000180025095e-35 0.73968750000000016 0.89363842540235872 0.3385016641065029 0.59695960935787362 -0.47429158160878032 0.073578029348849161 0.44098214285714293 4.7500000000000009 0.22738636363636369 0.38884879671174427
decision_type=10 2 2 8 2 10 2 8 8 8 2 10 2 2
left_child=3 -2 4 6 5 9 8 -8 -1 11 -11 12 -3 -13
right_child=1 2 -4 -5 -6 -7 7 -9 -10 10 -12 13 -14 -15
leaf_value=-0.076670880370563077 -0.011126097343744239 0.11593520879165604 0.14744457804971497 -0.022948173268501106 -0.059095820577112504 0.14805309898827387 -0.0047846341410935946 0.13480083580741689 0.0032742629503261056 0.028775550004936298 0.11002303716547719 -0.017852620378736469 0.0023125584170140263 0.10361402663450266
leaf_weight=155 996 106 177 4321 167 115 236 193 2434 456 328 118 1408 291
leaf_count=155 996 106 177 4321 167 115 236 193 2434 456 328 118 1408 291
internal_value=0.00319856 0.0276244 0.039815 -0.0106535 0.0334415 0.0389176 0.00694929 0.0580126 -0.00151195 0.0342813 0.0627668 0.0226679 0.0102676 0.0685699
internal_weight=11501 4162 3166 7339 2989 2822 3018 429 2589 2707 784 1923 1514 409
internal_count=11501 4162 3166 7339 2989 2822 3018 429 2589 2707 784 1923 1514 409
is_linear=0
shrinkage=0.05


Tree=52
num_leaves=15
num_cat=0
split_feature=21 14 8 9 6 0 6 9 3 12 0 16 19 12
split_gain=1488.94 683.973 886.775 540.156 503.398 504.633 503.676 492.427 653.614 445.037 562.909 671.316 483.602 519.304
threshold=1.0000000180025095e-35 0.32571563045657409 -0.4211805422481868 0.35114064151026075 0.067458162996951565 0.10389923224651845 -0.13784693134519441 0.7396660423980409 0.030860091233327513 4.7500000000000009 -0.23147363794343509 62.718302406042667 0.28866071428571433 7.2500000000000009
decision_type=8 8 2 8 2 10 2 10 10 10 10 8 2 10
left_child=1 -1 -3 -4 5 6 -5 9 -9 10 -8 -12 -11 -14
right_child=-2 2 3 4 -6 -7 7 8 -10 12 11 -13 13 -15
leaf_value=-0.0048058679423221449 -0.021597419517838355 -0.0093592704868037252 -0.015888849944583599 0.0066912114182506414 0.12369649687743918 0.12561574559602998 0.082337648172152084 0.045167205495838553 0.20753141502087769 -0.0030232484279959291 0.11957651788400392 -0.0076375084766241181 0.1856875419529776 0.052279403605039278
leaf_weight=2559 4000 1250 395 966 196 167 342 142 110 108 118 856 150 142
leaf_count=2559 4000 1250 395 966 196 167 342 142 110 108 118 856 150 142
internal_value=0.00303863 0.0161761 0.0270407 0.0393646 0.0459843 0.0410725 0.0362604 0.0507745 0.11604 0.04119 0.0271518 0.00777446 0.0873757 0.120811
internal_weight=11501 7501 4942 3692 3297 3101 2934 1968 252 1716 1316 974 400 292
internal_count=11501 7501 4942 3692 3297 3101 2934 1968 252 1716 1316 974 400 292
is_linear=0
shrinkage=0.05


Tree=53
num_leaves=15
num_cat=0
split_feature=21 18 17 14 20 26 18 2 2 18 18 7 0 9
split_gain=1343.77 798.173 927.2 775.02 849.046 408.054 443.406 644.712 477.426 425.231 592.246 384.216 373.118 359.992
threshold=1.0000000180025095e-35 0.47297077922077929 0.85996314496314508 0.50027621559429525 67.906250000000014 0.28141157707608272 0.19018282988871227 0.18103030318156041 0.36056885303718633 0.42697228144989346 0.40958142576847617 -0.53016745127206111 0.0040035367617415893 0.11672510670301299
decision_type=8 2 2 8 2 10 2 10 10 2 2 2 8 8
left_child=1 2 5 -3 -5 6 11 9 12 10 -8 -1 -9 -13
right_child=-2 3 -4 4 -6 -7 7 8 -10 -11 -12 13 -14 -15
leaf_value=-0.031803510817408842 -0.020517549657123164 -0.013594635491905621 0.14589572663544753 0.17724823035978687 0.037983289158936326 0.074582627565004264 0.011352518713434807 0.056438654471557964 -0.0032821227862898797 -0.039113701469914747 0.11983834633049165 -0.075278816801034099 0.18362685923775038 0.015937506307742749
leaf_weight=1171 4000 196 124 214 224 222 3172 111 112 397 131 119 120 1188
leaf_count=1171 4000 196 124 214 224 222 3172 111 112 397 131 119 120 1188
internal_value=0.0028867 0.0153673 0.0104114 0.0690455 0.106026 0.00791995 0.00565049 0.0158578 0.0814353 0.00977861 0.0156552 -0.0110034 0.12251 0.00763242
internal_weight=11501 7501 6867 634 438 6743 6521 4043 343 3700 3303 2478 231 1307
internal_count=11501 7501 6867 634 438 6743 6521 4043 343 3700 3303 2478 231 1307
is_linear=0
shrinkage=0.05


Tree=54
num_leaves=15
num_cat=0
split_feature=21 18 13 19 15 7 10 20 18 2 18 18 0 19
split_gain=1212.75 720.351 578.294 567.162 579.09 656.865 513.157 455.9 399.042 725.83 414.997 638.256 371.142 340.985
threshold=1.0000000180025095e-35 0.47297077922077929 20.875000000000004 0.73968750000000016 0.16618028589808206 -0.55189517783484288 1.5000000000000002 67.343750000000014 0.21383296790910908 0.18103030318156041 0.42697228144989346 0.40958142576847617 0.034287070903521365 0.15665178571428576
decision_type=8 2 10 2 10 2 2 2 2 10 2 2 8 2
left_child=1 3 -3 4 5 -1 -6 -4 -8 10 11 -10 -11 -7
right_child=-2 2 7 -5 6 13 8 -9 9 12 -12 -13 -14 -15
leaf_value=-0.035422445767315 -0.019491670865033305 -0.029351323569426314 0.15431624116049816 -0.083143651459831755 -0.042376184233409525 -0.035587015855185783 0.0076417197255708343 0.054799643607589349 0.033407603181794233 0.065256161848083138 -0.028129558501982944 0.15587950825889027 0.20016434693336491 0.026041361433195565
leaf_weight=1109 4000 128 177 160 272 273 1410 329 1816 104 248 113 100 1262
leaf_count=1109 4000 128 177 160 272 273 1410 329 1816 104 248 113 100 1262
internal_value=0.00274236 0.0145989 0.0655932 0.00989086 0.0121103 -0.00610233 0.0239621 0.0896108 0.0287218 0.0412052 0.0327545 0.040582 0.131388 0.0150807
internal_weight=11501 7501 634 6867 6707 2644 4063 506 3791 2381 2177 1929 204 1535
internal_count=11501 7501 634 6867 6707 2644 4063 506 3791 2381 2177 1929 204 1535
is_linear=0
shrinkage=0.05


Tree=55
num_leaves=15
num_cat=0
split_feature=23 17 13 7 25 12 6 15 12 6 9 14 26 6
split_gain=1242.46 633.548 1036.96 825.274 609.561 422.837 406.599 422.803 523.221 623.928 361.293 317.435 310.082 309.748
threshold=1.0000000180025095e-35 0.79729729729729748 21.125000000000004 -0.50812536848908418 0.22951097479399368 -10.249999999999998 0.044567325550343199 0.36240030781766008 2.7500000000000004 -0.048386606847976112 0.28752194695382133 0.40974210504967185 0.54120681983720242 -0.17333417370832419
decision_type=8 2 8 2 8 8 2 10 10 2 10 10 10 2
left_child=1 4 -3 -4 5 -1 7 12 13 -10 -2 -8 -7 -9
right_child=10 2 3 -5 -6 6 11 8 9 -11 -12 -13 -14 -15
leaf_value=-0.062325888706168335 -0.026251819254077061 -0.050485064168633131 0.034597787365578773 0.21580252545220513 0.11545017216572145 -0.0040935442012840235 0.0096221061423420913 0.10885620396116272 -0.040296223557761024 0.073551875819616461 0.0034966690319009025 0.092282714609750793 0.084724277368571507 0.038151654421910777
leaf_weight=202 3696 108 114 140 137 3634 208 199 412 170 1410 263 101 699
leaf_count=202 3696 108 114 140 137 3634 208 199 412 170 1410 263 101 699
internal_value=0.000349749 0.0150487 0.0792931 0.134474 0.0111887 0.00876279 0.0112883 0.00727006 0.0298866 -0.00704162 -0.0180369 0.0557787 -0.00169178 0.05382
internal_weight=11493 6387 362 254 6025 5888 5686 5215 1480 582 5106 471 3735 898
internal_count=11493 6387 362 254 6025 5888 5686 5215 1480 582 5106 471 3735 898
is_linear=0
shrinkage=0.05


Tree=56
num_leaves=15
num_cat=0
split_feature=24 17 13 7 25 3 11 13 3 17 9 13 8 17
split_gain=1121.32 571.777 935.857 746.475 550.129 413.102 640.338 435.869 420.445 385.149 502.743 570.318 443.689 350.977
threshold=1.0000000180025095e-35 0.79729729729729748 21.125000000000004 -0.50295411398866807 0.22951097479399368 0.033033914256734721 1.0000000180025095e-35 25.125000000000004 0.063387455783232585 0.55148044352382131 0.76330893649879406 22.375000000000004 -0.76273172364920294 0.67770469839529868
decision_type=8 2 8 2 10 10 2 8 10 2 8 8 2 2
left_child=1 4 -3 -4 5 9 7 8 -7 12 13 -12 -1 -11
right_child=-2 2 3 -5 -6 6 -8 -9 -10 10 11 -13 -14 -15
leaf_value=-0.071933516992838967 -0.017135057192082113 -0.047960811135945497 0.035729205624153049 0.2075928677157636 0.10967766219328573 0.08763270427007229 -0.041549783065187612 0.072512837247082018 0.0066777072066643893 0.027670170419995917 0.13423482890218214 0.010036357983358597 -0.0051078797949589451 -0.037666413251395497
leaf_weight=278 5106 108 118 136 137 192 297 598 974 496 180 190 2332 351
leaf_count=278 5106 108 118 136 137 192 297 598 974 496 180 190 2332 351
internal_value=0.000332261 0.0142963 0.0753285 0.127751 0.0106293 0.00832465 0.0263716 0.0378074 0.0200082 -0.00139441 0.0218346 0.0704572 -0.0122257 0.000594443
internal_weight=11493 6387 362 254 6025 5888 2061 1764 1166 3827 1217 370 2610 847
internal_count=11493 6387 362 254 6025 5888 2061 1764 1166 3827 1217 370 2610 847
is_linear=0
shrinkage=0.05


Tree=57
num_leaves=15
num_cat=0
split_feature=23 12 25 18 0 7 9 0 20 5 8 6 6 18
split_gain=1011.99 509.767 500.606 410.605 392.874 509.82 379.401 475.862 446.168 548.376 681.206 430.515 388.044 412.704
threshold=1.0000000180025095e-35 -10.249999999999998 0.22951097479399368 0.25277433880480954 -0.0052787777267842154 -0.18716503941529772 0.56136878329437589 -0.040232531389087903 69.656250000000014 4.5000000000000009 -0.0030774377661567519 -0.089062370796977722 -0.15365703647769699 0.42261235370069566
decision_type=8 8 10 2 8 2 8 8 2 2 2 2 2 2
left_child=1 -1 3 4 5 -3 7 -5 9 -8 11 -11 -9 -14
right_child=-2 2 -4 6 -6 -7 8 12 -10 10 -12 -13 13 -15
leaf_value=-0.06174025814250661 -0.0162783045083617 0.010152892946990585 0.11292960220052087 -0.030169162031540145 -0.01561943434786478 0.10594310491986864 0.037290382612029348 -0.036497690930570426 0.00047287586377413917 0.12324990448386719 0.20107134594158693 -0.014691468439648084 0.083971154972797377 -0.012291518777223112
leaf_weight=217 5106 1417 131 511 1607 154 869 152 448 120 132 107 361 161
leaf_count=217 5106 1417 131 511 1607 154 869 152 448 120 132 107 361 161
internal_value=0.000315648 0.0135815 0.0162305 0.0141329 0.00176257 0.0195429 0.0278739 0.00621988 0.0431841 0.0587661 0.11075 0.0582291 0.0338086 0.0542809
internal_weight=11493 6387 6170 6039 3178 1571 2861 1185 1676 1228 359 227 674 522
internal_count=11493 6387 6170 6039 3178 1571 2861 1185 1676 1228 359 227 674 522
is_linear=0
shrinkage=0.05


Tree=58
num_leaves=15
num_cat=0
split_feature=9 6 17 10 13 15 2 20 5 7 14 10 2 26
split_gain=942.632 483.662 445.89 388.442 391.237 371.385 370.161 402.331 326.748 598.406 289.281 235.712 377.461 282.311
threshold=0.35613110295071804 0.096864614308482713 0.76782957443952216 1.5000000000000002 24.125000000000004 0.43275353840087966 -0.012791322738192884 73.187500000000014 4.5000000000000009 -0.61458579851479256 0.87500653245766846 1.0000000180025095e-35 -0.37520101864142924 0.22709381348319996
decision_type=10 2 2 2 8 10 10 2 2 2 10 2 10 8
left_child=2 3 5 4 -2 11 7 10 -8 -10 -5 -1 13 -13
right_child=1 -3 -4 6 -6 -7 8 -9 9 -11 -12 12 -14 -15
leaf_value=0.013057418863931686 -0.088841941033158164 0.11372893802366975 0.089145861650575642 -0.0012178551761403509 0.025558973991006387 0.066441620376703522 0.027094029059741072 0.098504099486314736 -0.010352809700857198 0.14045931248321802 0.073245823352962078 -0.069620414868437952 -0.010900238601407241 -0.023828151074260884
leaf_weight=671 174 127 108 2377 131 143 1365 115 103 182 138 524 4394 941
leaf_count=671 174 127 108 2377 131 143 1365 115 103 182 138 524 4394 941
internal_value=0.000299866 0.0174777 -0.0116367 0.0148116 -0.0397058 -0.0132678 0.0186966 0.00704983 0.037261 0.0859553 0.00286802 -0.0150134 -0.0182282 -0.0402071
internal_weight=11493 4712 6781 4585 305 6673 4280 2630 1650 285 2515 6530 5859 1465
internal_count=11493 4712 6781 4585 305 6673 4280 2630 1650 285 2515 6530 5859 1465
is_linear=0
shrinkage=0.05


Tree=59
num_leaves=15
num_cat=0
split_feature=24 12 25 14 2 7 15 1 15 26 8 16 1 5
split_gain=872.436 452.444 458.542 369.496 438.76 558.836 387.15 468.791 390.456 324.7 314.499 345.237 384.773 325.544
threshold=1.0000000180025095e-35 -10.249999999999998 0.22951097479399368 0.52932086317179505 0.12799054141050523 -0.52119978324579341 0.41718566857777589 -0.013510604115630234 0.56358630931470743 0.54120681983720242 -1.0440503657152524 59.036428534112154 0.008000147714624161 3.5000000000000004
decision_type=8 8 10 10 10 2 10 2 10 10 2 10 2 2
left_child=1 -1 3 9 6 -6 -5 -8 -9 10 -3 12 13 -12
right_child=-2 2 -4 4 5 -7 7 8 -10 -11 11 -13 -14 -15
leaf_value=-0.058358420790409163 -0.015122486094255767 -0.067809953266845607 0.10764510819389848 0.0074867979681326295 0.015321959139635931 0.17923393965107748 0.084570595447804334 0.048534384637414552 -0.069033728115584544 0.082111446339366664 -0.027706496201938505 -0.0043180080713489891 0.11167160847163114 0.059932881109685136
leaf_weight=217 5106 164 131 1575 104 104 435 183 115 124 216 2674 137 208
leaf_count=217 5106 164 131 1575 104 104 435 183 115 124 216 2674 137 208
internal_value=0.000284873 0.0126021 0.0150978 0.0130902 0.0277252 0.0972779 0.021457 0.0514749 0.00316414 0.0026384 -0.000260882 0.00316355 0.0388243 0.0152864
internal_weight=11493 6387 6170 6039 2516 208 2308 733 298 3523 3399 3235 561 424
internal_count=11493 6387 6170 6039 2516 208 2308 733 298 3523 3399 3235 561 424
is_linear=0
shrinkage=0.05


Tree=60
num_leaves=15
num_cat=0
split_feature=14 17 26 18 13 22 17 19 18 1 6 8 8 9
split_gain=834.211 530.478 529.4 446.322 858.538 464.664 521.282 369.747 609.803 874.02 434.479 372.007 454.733 364.259
threshold=0.44509612050179115 0.85996314496314508 0.58578431372549034 0.47992773986350873 24.625000000000004 1.0000000180025095e-35 0.19482345158356076 0.65562500000000012 0.26473140495867775 0.053759637279540799 0.033222238119636517 -0.4211805422481868 0.62706135389907347 0.62057238644857737
decision_type=10 2 10 2 8 10 2 2 2 2 2 2 2 8
left_child=2 3 -1 5 -5 -2 -7 8 11 10 -10 13 -13 -8
right_child=1 -3 -4 4 -6 6 7 -9 9 -11 -12 12 -14 -15
leaf_value=-0.009678542952086068 -0.064818275711303094 0.11185497356360996 0.085186295884350949 0.00034314018468229249 0.15181761907358818 0.091978444023565809 -0.081180959950540962 -0.034130199231601571 0.017670658536293956 0.17769541373111955 0.12815401472962729 0.021958916896984024 -0.086127752807267297 0.031660706313824886
leaf_weight=7520 190 154 150 208 170 209 245 404 748 115 101 983 108 101
leaf_count=7520 190 154 150 208 170 209 245 404 748 115 101 983 108 101
internal_value=0.00161399 0.0209887 -0.0078233 0.0170821 0.0684666 0.0110199 0.0158007 0.0101247 0.0175712 0.0483363 0.0308141 -0.00306735 0.0112592 -0.0482416
internal_weight=11406 3736 7670 3582 378 3204 3014 2805 2401 964 849 1437 1091 346
internal_count=11406 3736 7670 3582 378 3204 3014 2805 2401 964 849 1437 1091 346
is_linear=0
shrinkage=0.05


Tree=61
num_leaves=15
num_cat=0
split_feature=15 17 19 13 20 20 15 2 7 8 10 9 16 7
split_gain=859.754 461.965 402.371 397.146 276.36 674.079 331.081 399.151 271.992 298.473 289.794 320.454 287.827 338.851
threshold=0.16427431058587097 0.85996314496314508 0.6886607142857144 20.625000000000004 73.786764705882362 73.187500000000014 0.60228562873638303 1.0000000180025095e-35 -0.39292327142770828 -0.82857959872842446 8.5000000000000018 0.4633183932328811 65.9904818472953 -0.56192371796861851
decision_type=10 2 2 10 2 2 10 10 2 2 2 10 8 2
left_child=2 3 -1 8 5 6 -5 -8 9 -2 11 -10 13 -11
right_child=1 -3 -4 4 -6 -7 7 -9 10 12 -12 -13 -14 -15
leaf_value=-0.015158355009424838 -0.10074563684471537 0.096074158434445667 0.08464182665553488 0.01595827095702913 -0.049070758769546988 0.14244154106015747 0.012690901334254859 0.14770749782522519 0.011053344471819276 0.044919370467687264 -0.011386584063651265 0.12967538508885312 -0.033259277982861865 -0.03407279389290923
leaf_weight=5191 102 168 103 3607 137 115 111 108 123 352 257 106 705 221
leaf_count=5191 102 168 103 3607 137 115 111 108 123 352 257 106 705 221
internal_value=0.00153329 0.0143092 -0.0132166 0.0119982 0.0207407 0.0231676 0.0195825 0.0792744 -0.00710799 -0.0184365 0.0250593 0.0659614 -0.0118672 0.0144529
internal_weight=11406 6112 5294 5944 4078 3941 3826 219 1866 1380 486 229 1278 573
internal_count=11406 6112 5294 5944 4078 3941 3826 219 1866 1380 486 229 1278 573
is_linear=0
shrinkage=0.05


Tree=62
num_leaves=15
num_cat=0
split_feature=15 18 17 13 14 15 15 17 18 0 9 3 3 13
split_gain=775.928 714.512 416.923 358.424 350.014 664.253 398.513 351.052 249.896 345.915 333.978 332.756 320.82 273.218
threshold=0.16427431058587097 0.45578927773641104 0.85996314496314508 20.625000000000004 0.76662857587219835 0.31146531352764789 0.40569632539293671 0.65509573195053861 0.19018282988871227 -0.16613588610981378 0.54668216542154202 0.2746870764409845 -0.32240088201369071 22.875000000000004
decision_type=10 2 2 10 10 10 10 2 2 10 10 10 10 10
left_child=1 -1 3 -2 8 -6 -7 -8 10 11 12 13 -5 -10
right_child=2 -3 -4 4 5 6 7 -9 9 -11 -12 -13 -14 -15
leaf_value=-0.015117546804720173 -0.0067525937215518403 0.11915796982253542 0.091270449642823756 -0.078599062978344805 0.17200166679991102 -0.047072148883417875 0.11316104186554227 0.00070387028143044535 0.086611730664629835 0.012732414902397774 -0.077781519671561022 0.13335726414562057 0.015667902053974104 0.0070559789503400472
leaf_weight=5193 1866 101 168 102 103 119 153 127 176 1979 142 114 784 279
leaf_count=5193 1866 101 168 102 103 119 153 127 176 1979 142 114 784 279
internal_value=0.00145662 -0.0125558 0.0135937 0.0113983 0.0197037 0.0588 0.0295776 0.0621537 0.0142153 0.0226109 -0.00659382 0.0569684 0.0048155 0.0378292
internal_weight=11406 5294 6112 5944 4078 502 399 280 3576 2548 1028 569 886 455
internal_count=11406 5294 6112 5944 4078 502 399 280 3576 2548 1028 569 886 455
is_linear=0
shrinkage=0.05


Tree=63
num_leaves=15
num_cat=0
split_feature=15 18 14 15 10 27 15 6 26 18 27 20 20 2
split_gain=700.275 644.847 362.863 905.723 691.761 385.7 356.71 448.223 298.05 292.734 448.961 350.59 288.557 274.735
threshold=0.16427431058587097 0.45578927773641104 0.76662857587219835 0.30534035464934567 2.5000000000000004 0.6791831740565144 0.41718566857777589 -0.15595581370164904 0.51221933870037462 0.19716968741791438 0.21628336334268425 73.031250000000014 68.393382352941188 -0.052198729806165051
decision_type=10 2 10 10 2 10 10 2 10 2 10 2 2 10
left_child=1 -1 5 -4 -5 8 -6 -8 9 -2 11 13 -9 -11
right_child=2 -3 3 4 6 -7 7 12 -10 10 -12 -13 -14 -15
leaf_value=-0.014361669434714331 -0.01387136015212061 0.11320007090217038 0.14174777128443611 -0.10505890450347216 -0.015869777153089348 0.096999595049737389 -0.022288901168926092 0.14173721628150707 0.090564997147257423 -0.0020358470307118453 -0.074188994916362896 0.081756378123195389 0.034431235151051891 0.027505714617535384
leaf_weight=5193 1547 101 183 100 202 119 102 165 102 1657 144 191 101 1499
leaf_count=5193 1547 101 183 100 202 119 102 165 102 1657 144 191 101 1499
internal_value=0.00138379 -0.011928 0.012914 0.0431641 0.0162375 0.00800751 0.0375176 0.0668226 0.00594719 0.00423401 0.0122572 0.0159764 0.100993 0.0119955
internal_weight=11406 5294 6112 853 670 5259 570 368 5140 5038 3491 3347 266 3156
internal_count=11406 5294 6112 853 670 5259 570 368 5140 5038 3491 3347 266 3156
is_linear=0
shrinkage=0.05


Tree=64
num_leaves=15
num_cat=0
split_feature=15 18 17 13 14 15 15 17 7 7 23 18 9 16
split_gain=631.998 581.974 360.806 317.639 293.109 551.147 337.408 319.491 304.05 418.05 504.052 704.23 418.932 247.068
threshold=0.16427431058587097 0.45578927773641104 0.85996314496314508 20.625000000000004 0.76662857587219835 0.31146531352764789 0.40569632539293671 0.65509573195053861 -0.65352908037785684 -0.77781036452153651 1.0000000180025095e-35 0.25277433880480954 0.40470149027353425 67.195700570122753
decision_type=10 2 2 10 10 10 10 2 2 2 8 2 10 10
left_child=1 -1 3 13 8 -6 -7 -8 9 12 11 -11 -5 -2
right_child=2 -3 -4 4 5 6 7 -9 -10 10 -12 -13 -14 -15
leaf_value=-0.0136435863527943 0.0095656260684067358 0.10754006809213817 0.084528608961651722 0.053979394959468345 0.15693637948230055 -0.043325462317516827 0.10583864855853951 -0.001444347971302318 0.0042089838836433307 0.019631961377767418 0.0016122452182576836 0.17253226976030034 -0.040134068481668304 -0.027012033839753126
leaf_weight=5193 1028 101 168 222 103 119 153 127 2619 130 173 179 253 838
leaf_count=5193 1028 101 168 222 103 119 153 127 2619 130 173 179 253 838
internal_value=0.0013146 -0.0113316 0.0122683 0.010226 0.0180446 0.0538219 0.0272034 0.0571781 0.0130221 0.0371409 0.0699468 0.108205 0.00385159 -0.006861
internal_weight=11406 5294 6112 5944 4078 502 399 280 3576 957 482 309 475 1866
internal_count=11406 5294 6112 5944 4078 502 399 280 3576 957 482 309 475 1866
is_linear=0
shrinkage=0.05


Tree=65
num_leaves=15
num_cat=0
split_feature=21 14 12 7 3 6 3 3 18 0 20 3 18 7
split_gain=534.15 481.027 475.855 438.488 411.187 655.401 596.212 810.43 544.03 560.054 680.794 607.333 512.545 348.765
threshold=1.0000000180025095e-35 0.32571563045657409 -11.249999999999998 -0.12653562592963016 0.18741356025742753 -0.040472929910144582 0.09080587630884783 0.033033914256734721 0.25495486656200944 0.0040035367617415893 68.656250000000014 -0.12547736343434854 0.33568931068931074 -0.78310855838259397
decision_type=8 8 8 2 10 2 10 10 2 10 2 10 2 2
left_child=1 3 -3 -1 6 -6 7 8 -4 13 11 -11 -9 -10
right_child=-2 2 4 -5 5 -7 -8 12 9 10 -12 -13 -14 -15
leaf_value=-0.016274156635436708 -0.015032445545370803 -0.08541581357962319 -0.0085735144185682035 0.062914135504178903 0.025437598377864936 0.15638712962468468 -0.034380126837819623 0.11299792228345301 -0.064993758064315274 0.16899307217941739 0.0013299297002193175 0.043641457714621433 0.0065623668392738657 0.020892332802232554
leaf_weight=2329 4060 112 1634 189 327 135 554 355 135 206 228 182 166 950
leaf_count=2329 4060 112 1634 189 327 135 554 355 135 206 228 182 166 950
internal_value=-0.000423774 0.00748228 0.0164815 -0.0103303 0.018824 0.0637021 0.0141224 0.0210909 0.0120309 0.0318237 0.0699002 0.110194 0.0790856 0.010206
internal_weight=11562 7502 4984 2518 4872 462 4410 3856 3335 1701 616 388 521 1085
internal_count=11562 7502 4984 2518 4872 462 4410 3856 3335 1701 616 388 521 1085
is_linear=0
shrinkage=0.05


Tree=66
num_leaves=15
num_cat=0
split_feature=21 14 13 12 7 3 6 3 3 18 0 18 8 3
split_gain=482.071 434.127 494.955 429.459 394.961 371.097 591.5 538.082 731.413 490.987 527.922 462.572 444.042 408.237
threshold=1.0000000180025095e-35 0.32571563045657409 28.125000000000004 -11.249999999999998 -0.12653562592963016 0.18741356025742753 -0.040472929910144582 0.09080587630884783 0.033033914256734721 0.25495486656200944 0.11703777852478266 0.33568931068931074 -0.16930451552610928 -0.28595297129958031
decision_type=8 8 10 8 2 10 2 10 10 2 10 2 2 8
left_child=1 2 4 -3 -1 7 12 8 9 -5 13 -10 -7 -11
right_child=-2 3 -4 5 -6 6 -8 -9 11 10 -12 -13 -14 -15
leaf_value=-0.022419989204421863 -0.014280823232632434 -0.081145022197493491 0.061653790304124378 -0.0081448386089005391 0.058328937691139296 0.092781580774025166 0.14856777267461574 -0.032661120787545343 0.10734802740429279 0.11664897126180154 0.13465370095409124 0.0062342484952904384 -0.025309929416367883 0.015953742567814785
leaf_weight=2134 4060 112 221 1634 163 137 135 554 355 108 113 166 190 1480
leaf_count=2134 4060 112 221 1634 163 137 135 554 355 108 113 166 190 1480
internal_value=-0.000402586 0.00710816 -0.0098138 0.0156574 -0.0166899 0.0178828 0.060517 0.0134163 0.0200364 0.0114293 0.0302325 0.0751314 0.0241657 0.022802
internal_weight=11562 7502 2518 4984 2297 4872 462 4410 3856 3335 1701 521 327 1588
internal_count=11562 7502 2518 4984 2297 4872 462 4410 3856 3335 1701 521 327 1588
is_linear=0
shrinkage=0.05


Tree=67
num_leaves=15
num_cat=0
split_feature=21 14 13 12 7 16 20 20 13 17 18 3 0 18
split_gain=435.069 391.799 446.696 387.586 356.453 363.832 345.56 562.165 542.818 322.476 227.013 248.485 225.656 864.501
threshold=1.0000000180025095e-35 0.32571563045657409 28.125000000000004 -11.249999999999998 -0.12653562592963016 72.98669825963421 73.187500000000014 71.968750000000014 25.125000000000004 0.12110610342983731 0.1082709215239336 -0.093947595396799158 0.1025980374746302 0.34494900437105397
decision_type=8 8 10 8 2 10 2 2 8 2 2 10 10 2
left_child=1 2 4 -3 5 10 7 12 -8 -2 11 -1 -5 -14
right_child=9 3 -4 6 -6 -7 8 -9 -10 -11 -12 -13 13 -15
leaf_value=0.0901560347631713 0.013695667457945536 -0.077087770442345327 0.058571102417904336 0.015440988917472219 0.055412490546426232 -0.066674729222380894 0.0057798596680164339 -0.055460924006672241 0.1592041110750462 -0.020850383033459288 -0.0188167887966692 -0.014235663285753767 -0.0071183033596129118 0.17665200678324236
leaf_weight=107 856 112 221 4094 163 366 125 274 107 3204 1539 122 169 103
leaf_count=107 856 112 221 4094 163 366 125 274 107 3204 1539 122 169 103
internal_value=-0.000382456 0.00675276 -0.00932311 0.0148746 -0.0158554 -0.021299 0.0169886 0.0140111 0.0765402 -0.0135668 -0.0119056 0.0345412 0.018371 0.0624712
internal_weight=11562 7502 2518 4984 2297 2134 4872 4640 232 4060 1768 229 4366 272
internal_count=11562 7502 2518 4984 2297 2134 4872 4640 232 4060 1768 229 4366 272
is_linear=0
shrinkage=0.05


Tree=68
num_leaves=15
num_cat=0
split_feature=13 25 14 3 3 7 0 7 0 27 16 26 6 6
split_gain=349.678 390.626 352.522 809.832 554.903 489.002 444.831 347.289 529.74 344.186 335.857 304.576 288.538 436.129
threshold=17.625000000000004 0.1437139482650609 0.52932086317179505 0.19156837545002028 0.14526339471328062 -0.5200106950789547 0.1025980374746302 -0.24542963127939274 -0.0051662891372630743 0.65846934361507226 68.932907356319149 0.61774761176109327 -0.067307395477209458 -0.041536713736099955
decision_type=8 10 10 10 10 2 10 2 8 10 8 10 2 2
left_child=10 2 9 4 6 -5 7 12 -9 11 -1 -2 -4 -14
right_child=1 -3 3 5 -6 -7 -8 8 -10 -11 -12 -13 13 -15
leaf_value=-0.014408929899721219 -0.0078897448991160964 0.075799503110730179 -0.014671604244563825 0.038287254335979626 -0.08282988590506625 0.18641690826759891 0.10348744328997546 0.10769238043922268 -0.012865432406213212 0.057171732978468094 -0.092542078544559717 0.068165344277869411 0.09268777592728536 0.0030831172637924365
leaf_weight=563 7466 176 1209 120 158 104 131 202 166 218 182 134 180 553
leaf_count=563 7466 176 1209 120 158 104 131 202 166 218 182 134 180 553
internal_value=-0.000363333 0.00191865 0.000696675 0.0158415 0.0079795 0.107062 0.0138574 0.00877446 0.0533103 -0.00477197 -0.0334965 -0.00654877 0.000335115 0.025087
internal_weight=11562 10817 10641 2823 2599 224 2441 2310 368 7818 745 7600 1942 733
internal_count=11562 10817 10641 2823 2599 224 2441 2310 368 7818 745 7600 1942 733
is_linear=0
shrinkage=0.05


Tree=69
num_leaves=15
num_cat=0
split_feature=21 14 26 12 6 20 14 20 17 0 0 18 17 19
split_gain=369.71 349.926 341.286 338.562 353.547 305.217 612.179 603.299 291.525 235.006 258.572 860.136 217.25 616.611
threshold=1.0000000180025095e-35 0.32571563045657409 0.28141157707608272 -11.249999999999998 0.072941715935380583 73.187500000000014 0.61174951211527018 71.968750000000014 0.12110610342983731 -0.23147363794343509 0.1025980374746302 0.33568931068931074 0.79729729729729748 0.74476470588235311
decision_type=8 8 10 8 2 2 8 2 2 8 10 2 2 2
left_child=1 2 -1 -3 5 7 -7 9 -2 -5 12 -12 13 -11
right_child=8 3 -4 4 -6 6 -8 -9 -10 10 11 -13 -14 -15
leaf_value=-0.014219064812381558 0.013422243916998056 -0.072041947354695629 0.055473912162583718 0.076378162235221606 0.079032463615514192 0.15870578654396994 -0.0073566725649753546 -0.06421342600528368 -0.019424148609750697 0.0090789194413969931 -0.01295990523380729 0.17376452368118017 0.047309110754864582 -0.11513483453071811
leaf_weight=2328 856 112 190 149 212 104 119 257 3204 3331 156 102 339 103
leaf_count=2328 856 112 190 149 212 104 119 257 3204 3331 156 102 339 103
internal_value=-0.000345167 0.0062323 -0.00896026 0.0139078 0.0158837 0.0130108 0.0700895 0.0101421 -0.0124989 0.0147137 0.0124344 0.0608614 0.00912292 0.00535323
internal_weight=11562 7502 2518 4984 4872 4660 223 4437 4060 4180 4031 258 3773 3434
internal_count=11562 7502 2518 4984 4872 4660 223 4437 4060 4180 4031 258 3773 3434
is_linear=0
shrinkage=0.05


Tree=70
num_leaves=15
num_cat=0
split_feature=15 25 18 16 7 17 17 7 20 17 2 26 16 7
split_gain=431.771 299.128 304.827 523.737 402.917 360.369 355.992 327.142 315.304 311.528 243.19 309.284 278.147 337.605
threshold=0.083341208341208353 1.0000000180025095e-35 0.47297077922077929 66.863078033668017 -0.40162212745810383 0.61339605734767033 0.79729729729729748 -0.50295411398866807 67.727941176470594 0.13204888718587351 -0.19803676331568631 0.47612026533870178 66.569720803328735 -0.55455138344847044
decision_type=8 10 2 10 2 2 2 2 2 2 10 10 10 2
left_child=-1 2 6 4 -4 -5 9 -8 -7 -2 12 -12 13 -11
right_child=1 -3 3 5 -6 8 7 -9 -10 10 11 -13 -14 -15
leaf_value=-0.02158604452479225 0.02342923295046806 0.0754808141034225 0.12381735562518673 -0.056823019529928277 0.0069890859237183691 0.10236905387137085 0.0018464761135658918 0.11337697308820982 -0.015255104958833683 -0.03176424563429027 -2.5401679780709343e-05 0.088853967159986502 -0.035031982381962069 0.017072608422402446
leaf_weight=1951 1112 145 206 178 115 104 131 132 126 591 4618 100 1189 882
leaf_count=1951 1112 145 206 178 115 104 131 132 126 591 4618 100 1189 882
internal_value=-0.000137168 0.00420874 0.00311907 0.0341836 0.081963 -0.0034075 0.000532426 0.0578238 0.0379315 -0.0012419 -0.00495929 0.00185843 -0.0170427 -0.00252181
internal_weight=11580 9629 9484 729 321 408 8755 263 230 8492 7380 4718 2662 1473
internal_count=11580 9629 9484 729 321 408 8755 263 230 8492 7380 4718 2662 1473
is_linear=0
shrinkage=0.05


Tree=71
num_leaves=15
num_cat=0
split_feature=15 18 3 6 3 2 10 26 20 20 9 20 9 15
split_gain=390.023 275.88 512.509 530.44 291.456 288.604 503.511 354.89 299.79 365.298 305.067 281.547 272.01 270.048
threshold=0.085699377153458808 0.47297077922077929 -0.25659417150875902 -0.07155027073536098 0.021887374876501834 -0.13164538130849482 1.5000000000000002 0.36352759361974468 68.343750000000014 68.593750000000014 0.83082991366423942 69.696691176470594 0.55952197660525027 0.15280896662294113
decision_type=8 2 10 2 10 10 2 10 2 2 8 2 8 10
left_child=-1 5 -3 11 -5 -2 -7 8 10 12 -8 -4 -10 -11
right_child=1 2 3 4 -6 6 7 -9 9 13 -12 -13 -14 -15
leaf_value=-0.020292563061393931 -0.0082050614974208021 0.12485309060164325 0.0099320236534425413 0.025337989651310591 0.1325942851750789 -0.061627785036037878 0.0066729166613125005 0.10399224870703139 0.034747935566855105 -0.023384413602611714 -0.046568208179726706 -0.08305894092277244 0.14714032391670581 0.028378328231980134
leaf_weight=1987 4060 127 205 162 104 234 2283 106 114 310 305 135 102 1346
leaf_count=1987 4060 127 205 162 104 234 2283 106 114 310 305 135 102 1346
internal_value=-0.000130309 0.0040459 0.0335253 0.0143856 0.0672728 0.00160704 0.00990643 0.0135724 0.0114235 0.0266654 0.000398364 -0.0269909 0.0878221 0.0186884
internal_weight=11580 9593 733 606 266 8860 4800 4566 4460 1872 2588 340 216 1656
internal_count=11580 9593 733 606 266 8860 4800 4566 4460 1872 2588 340 216 1656
is_linear=0
shrinkage=0.05


Tree=72
num_leaves=15
num_cat=0
split_feature=15 8 20 21 16 16 19 23 12 12 20 3 12 0
split_gain=352.07 254.921 319.794 291.432 369.779 581.009 449.559 335.435 329.255 324.04 360.757 319.501 255.072 334.745
threshold=0.083341208341208353 -0.6880987735381624 67.303308823529434 1.0000000180025095e-35 62.718302406042667 57.022351797862008 0.66849264705882361 1.0000000180025095e-35 -6.7499999999999991 4.7500000000000009 65.968750000000014 -0.44094919292204476 7.2500000000000009 -0.096236337678780912
decision_type=8 2 2 8 10 8 2 10 8 10 2 10 8 10
left_child=-1 2 -2 4 5 -3 8 11 -7 10 -10 -6 13 -9
right_child=1 3 -4 -5 7 6 -8 12 9 -11 -12 -13 -14 -15
leaf_value=-0.019492113750506967 -0.048299510547604986 -0.067325206091388687 0.0048761687892272454 -0.0067833556046498619 -0.044407498408830827 0.1109993365045836 0.13604523354399026 0.027952744220199652 0.062873625003662448 0.091670311534239754 -0.017136229356041265 0.016495738769687431 -0.087611024387297232 -0.043768059418422385
leaf_weight=1951 501 117 649 2695 229 131 133 304 212 149 420 3611 128 350
leaf_count=1951 501 117 649 2695 229 131 133 304 212 149 420 3611 128 350
internal_value=-0.000123794 0.00380056 -0.0182899 0.00679667 0.0131242 0.038338 0.0501682 0.00678524 0.0376445 0.0253404 0.00970252 0.0128637 -0.0230632 -0.0104299
internal_weight=11580 9629 1150 8479 5784 1162 1045 4622 912 781 632 3840 782 654
internal_count=11580 9629 1150 8479 5784 1162 1045 4622 912 781 632 3840 782 654
is_linear=0
shrinkage=0.05


Tree=73
num_leaves=15
num_cat=0
split_feature=18 14 13 7 15 10 16 2 19 25 16 15 7 2
split_gain=326.594 409.481 482.206 442.799 321.022 323.013 296.834 296.735 294.529 246.254 243.921 223.949 221.5 199.628
threshold=0.47297077922077929 0.50027621559429525 23.625000000000004 -0.40162212745810383 0.083341208341208353 1.5000000000000002 1.0000000180025095e-35 0.027469391688333258 0.73968750000000016 1.0000000180025095e-35 66.725579606348674 0.29256496548759031 -0.66630655509346715 0.18103030318156041
decision_type=2 8 10 2 10 2 10 10 2 10 10 10 2 10
left_child=4 7 10 -4 6 11 12 -2 9 13 -3 -6 -1 -7
right_child=1 2 3 -5 5 8 -8 -9 -10 -11 -12 -13 -14 -15
leaf_value=-0.044305276842926872 0.028210072278057875 0.061647942474925777 0.16214174478496082 0.026532494247254759 -0.0055804231466668039 0.0026821111216519212 -0.023510268385196143 -0.079706543969995949 -0.062410513317032207 0.073401499831158179 -0.040195702971518039 -0.078740032311989783 0.027270376752109859 0.028103409469617494
leaf_weight=134 146 111 149 101 227 6016 2526 113 155 138 125 194 559 886
leaf_count=134 146 111 149 101 227 6016 2526 113 155 138 125 194 559 886
internal_value=-0.000117604 0.031905 0.0589658 0.107356 -0.00231943 0.00327582 -0.0155575 -0.0188732 0.00576664 0.0072677 0.00770533 -0.0392929 0.0134304 0.00594541
internal_weight=11580 745 486 250 10835 7616 3219 259 7195 7040 236 421 693 6902
internal_count=11580 745 486 250 10835 7616 3219 259 7195 7040 236 421 693 6902
is_linear=0
shrinkage=0.05


Tree=74
num_leaves=15
num_cat=0
split_feature=15 10 13 13 15 10 10 0 9 15 19 19 18 12
split_gain=299.815 374.647 296.626 295.114 338.567 268.204 264.288 252.822 299.695 251.172 240.015 225.334 257.391 275.98
threshold=0.16249505979207471 1.5000000000000002 24.125000000000004 21.625000000000004 0.60228562873638303 14.500000000000002 1.0000000180025095e-35 0.060703055459111081 0.49892353310941878 0.015686782556195409 0.73968750000000016 0.74679166666666674 0.22513736263736267 -3.2499999999999996
decision_type=10 2 10 10 10 2 2 10 10 10 2 2 2 10
left_child=6 2 -2 5 11 7 -1 10 -9 -8 -3 12 -5 -14
right_child=1 3 -4 4 -6 -7 9 8 -10 -11 -12 -13 13 -15
leaf_value=0.018976563702406662 -0.073254190154261975 0.00077776462973438336 0.020839362185243078 0.0014237040643182187 0.083914897323418891 -0.057735789241269236 -0.032269216774050771 0.0013773108756140575 0.11690134650561959 -0.0060864999798382101 -0.073333013494466914 -0.044844700380645947 0.090220611209923265 0.024524960908744044
leaf_weight=740 246 1877 127 1247 195 204 1258 128 100 3369 116 145 177 1651
leaf_count=740 246 1877 127 1247 195 204 1258 128 100 3369 116 145 177 1651
internal_value=-0.000111724 0.00736579 -0.041217 0.0104688 0.0199403 -0.00286946 -0.00876792 0.00217004 0.0520457 -0.0132051 -0.00353576 0.016066 0.0189382 0.0308861
internal_weight=11580 6213 373 5840 3415 2425 5367 2221 228 4627 1993 3220 3075 1828
internal_count=11580 6213 373 5840 3415 2425 5367 2221 228 4627 1993 3220 3075 1828
is_linear=0
shrinkage=0.05


Tree=75
num_leaves=15
num_cat=0
split_feature=25 9 26 8 16 8 27 6 7 3 14 12 19 15
split_gain=308.915 238.814 322.048 237.421 258.903 316.667 253.468 249.553 315.454 294.204 285.227 268.137 248.873 300.319
threshold=0.46665079715506008 0.21921502373685711 0.58578431372549034 -0.6880987735381624 67.450529198731189 -0.6112719905967402 0.58492789083868935 -0.065030240966592504 -0.89924809946591333 0.20132230242308893 0.288069583285052 -4.7499999999999991 0.65878431372549029 0.27272061378364104
decision_type=10 8 10 2 10 2 10 2 2 10 10 8 2 10
left_child=1 -1 3 -3 5 -5 -7 8 -6 11 -11 -9 13 -13
right_child=-2 2 -4 4 7 6 -8 9 -10 10 -12 12 -14 -15
leaf_value=-0.015115544081882332 0.070586241624857257 -0.020505536519413614 0.091806951709091672 0.087919493315680691 0.046945260027720731 0.0086955560610121694 0.08745852250073638 -0.049629432591166173 -0.020645037665018781 0.0095471768588241621 0.12643401829691808 -0.0029328079798427191 -0.060248730207482976 0.052371993586302561
leaf_weight=2419 152 1071 100 138 188 3757 105 210 2111 108 101 603 108 414
leaf_count=2419 152 1071 100 138 188 3757 105 210 2111 108 101 603 108 414
internal_value=-0.000224553 -0.00116597 0.00257754 0.00157654 0.00459195 0.0134963 0.010837 -0.00467618 -0.0151179 0.0108714 0.0660332 0.00223556 0.011917 0.0195807
internal_weight=11585 11433 9014 8914 7843 4000 3862 3843 2299 1544 209 1335 1125 1017
internal_count=11585 11433 9014 8914 7843 4000 3862 3843 2299 1544 209 1335 1125 1017
is_linear=0
shrinkage=0.05


Tree=76
num_leaves=15
num_cat=0
split_feature=13 16 8 19 14 2 13 16 17 8 9 23 9 19
split_gain=295.464 305.723 396.004 374.889 471.016 407.3 346.553 592.806 298.606 291.156 269.314 266.718 260.742 235.144
threshold=24.625000000000004 67.450529198731189 -0.84409237649090307 0.63325641025641033 0.57893441854479055 -0.17305605650544675 21.875000000000004 69.302826514499117 0.2241197054749581 -0.085055909977633459 0.068973189232550441 3.5000000000000004 0.67348914946720584 0.15665178571428576
decision_type=8 10 2 2 10 10 10 10 2 2 8 8 10 2
left_child=1 2 -1 4 8 -5 7 -6 -3 -8 -2 12 13 -4
right_child=10 3 11 5 6 -7 9 -9 -10 -11 -12 -13 -14 -15
leaf_value=-0.048666070834899856 -0.043593547672851708 -0.0027058024337677142 -0.022604632101384765 -0.15015645132847497 0.098245339356143824 -0.031390607501059646 0.023186925557606361 -0.047168198499958722 -0.036786012979826747 0.13603145285086199 0.013649835565731575 -0.010383804516276457 -0.023845397989714037 0.030408734543332528
leaf_weight=336 217 1231 236 102 101 247 119 229 1345 110 3867 1281 324 1840
leaf_count=336 217 1231 236 102 101 247 119 229 1345 110 3867 1281 324 1840
internal_value=-0.000213325 -0.00610525 0.0032955 -0.0169442 -0.0114718 -0.0661015 0.0301323 -0.00266284 -0.0205 0.0773917 0.0106083 0.00803853 0.0178714 0.0243822
internal_weight=11585 7501 4017 3484 3135 349 559 330 2576 229 4084 3681 2400 2076
internal_count=11585 7501 4017 3484 3135 349 559 330 2576 229 4084 3681 2400 2076
is_linear=0
shrinkage=0.05


Tree=77
num_leaves=15
num_cat=0
split_feature=25 13 16 19 14 22 7 13 17 16 17 20 27 9
split_gain=278.195 266.892 301.418 317.743 461.01 334.743 374.249 419.721 297.644 255.38 250.499 250.402 248.388 231.571
threshold=0.46665079715506008 24.625000000000004 67.450529198731189 0.63325641025641033 0.57893441854479055 2.5000000000000004 -0.63223237762971818 21.875000000000004 0.85996314496314508 69.188331011795384 0.16821351318872804 67.093750000000014 0.579268415263683 0.068973189232550441
decision_type=10 8 10 2 10 10 2 10 2 10 2 2 10 8
left_child=1 2 8 4 10 -6 -7 -8 12 -5 -4 -11 -1 -3
right_child=-2 13 3 9 5 6 7 -9 -10 11 -12 -13 -14 -15
leaf_value=-0.0016337815390621508 0.066995119112298676 -0.041220610441943244 0.0052786075616603756 -0.13028818133473397 -0.03328744367619229 0.11567008454452626 -0.038904229039643086 0.091622412445480528 0.087384712681321822 0.02351343545697791 -0.03079368832083948 -0.078155485240036057 0.077819845132013357 0.012114137725237312
leaf_weight=3771 152 215 647 100 157 149 147 106 101 104 1879 145 101 3811
leaf_count=3771 152 215 647 100 157 149 147 106 101 104 1879 145 101 3811
internal_value=-0.000202659 -0.00109604 -0.00672818 -0.0175773 -0.0124617 0.0286257 0.0528057 0.0157828 0.00264905 -0.0627965 -0.0215543 -0.0356914 0.000438743 0.00926591
internal_weight=11585 11433 7407 3434 3085 559 402 253 3973 349 2526 249 3872 4026
internal_count=11585 11433 7407 3434 3085 559 402 253 3973 349 2526 249 3872 4026
is_linear=0
shrinkage=0.05


Tree=78
num_leaves=15
num_cat=0
split_feature=13 12 8 16 13 0 17 23 20 13 13 9 9 20
split_gain=269.101 267.28 247.526 247.756 330.308 307.323 414.786 266.917 432.839 611.902 247.653 247.621 243.819 380.64
threshold=29.875000000000004 11.750000000000002 -1.0004825081738533 67.450529198731189 21.375000000000004 0.08905066523745446 0.30407836865253907 3.5000000000000004 64.343750000000014 21.875000000000004 28.375000000000004 0.42400288374361678 0.53725331616617333 68.424632352941188
decision_type=10 10 2 10 8 8 2 8 2 10 8 10 10 2
left_child=2 -2 -1 7 5 -5 -7 8 9 11 12 -4 -10 -14
right_child=1 -3 3 4 -6 6 -8 -9 10 -11 -12 -13 13 -15
leaf_value=-0.035060024958110968 0.076245051991905455 -0.0079120916714377574 -0.022289112716748872 -0.042654360018481427 0.00061340922874715661 -0.023474676257557246 0.072514702230453115 -0.0075155606632704083 0.022302937265570345 0.13795624197483428 -0.04214656072681261 0.063304861292376044 -0.036544036951327567 0.032867348293075339
leaf_weight=527 224 163 170 1043 3652 404 156 1906 1949 164 223 168 516 320
leaf_count=527 224 163 170 1043 3652 404 156 1906 1949 164 223 168 516 320
internal_value=-0.000192526 0.040799 -0.00160918 4.28264e-05 -0.00769168 -0.0266126 0.00326522 0.00754742 0.0157269 0.058707 0.00855405 0.0202546 0.0126137 -0.00997509
internal_weight=11585 387 11198 10671 5255 1603 560 5416 3510 502 3008 338 2785 836
internal_count=11585 387 11198 10671 5255 1603 560 5416 3510 502 3008 338 2785 836
is_linear=0
shrinkage=0.05


Tree=79
num_leaves=15
num_cat=0
split_feature=25 13 18 0 9 0 14 6 15 23 0 17 5 17
split_gain=247.763 231.113 292.652 425.356 391.629 428.156 389.969 336.538 305.761 281.968 536.266 443.826 315.66 692.029
threshold=0.46665079715506008 24.625000000000004 0.46503325508607202 0.075449416815565926 0.61001606893378801 -0.065630883078155497 0.79327963920354094 -0.066022484142665067 0.081891474498239372 1.0000000180025095e-35 0.088543577011269178 0.64648640832851367 3.5000000000000004 0.52447494785856341
decision_type=10 8 2 10 10 8 10 2 10 8 10 2 2 2
left_child=1 -1 4 7 8 -6 -7 -4 -3 10 11 12 -10 -14
right_child=-2 2 3 -5 5 6 -8 -9 9 -11 -12 -13 13 -15
leaf_value=-0.0062670458033444844 0.063233068759406083 -0.010526818592418347 0.030417301122424675 -0.029876432478427889 0.045485926911487271 -0.11431464238256371 0.00076806511761260635 0.15646155294065084 0.038461237840671486 0.0025010237424950791 -0.07012560511475828 -0.039639910709915488 0.15748741771738742 0.013722252338490587
leaf_weight=7407 152 1134 103 100 107 193 119 109 564 1024 103 123 206 141
leaf_count=7407 152 1134 103 100 107 193 119 109 564 1024 103 123 206 141
internal_value=-0.0001829 -0.00102601 0.00861642 0.0551271 0.00470922 -0.0408218 -0.0704209 0.0952231 0.0104991 0.0215325 0.0386726 0.0495103 0.0615471 0.0990699
internal_weight=11585 11433 4026 312 3714 419 312 212 3295 2161 1137 1034 911 347
internal_count=11585 11433 4026 312 3714 419 312 212 3295 2161 1137 1034 911 347
is_linear=0
shrinkage=0.05


Tree=80
num_leaves=15
num_cat=0
split_feature=17 19 9 19 19 26 27 2 14 19 8 8 20 8
split_gain=348.145 547.786 252.517 265.833 359.285 298.326 259.241 249.797 234.266 215.767 199.792 339.766 195.955 194.634
threshold=0.79729729729729748 0.69707142857142868 0.76330893649879406 0.74476470588235311 0.6886607142857144 0.58578431372549034 0.65754894721666346 0.020509113676302971 0.27907257927796347 0.65878431372549029 -0.010014018073842952 -0.36310941806559988 68.156250000000014 -0.79162433523258013
decision_type=2 2 10 2 2 10 10 10 10 2 2 2 2 2
left_child=2 -2 3 4 5 6 9 12 -8 13 11 -3 -4 -1
right_child=1 10 7 -5 -6 -7 8 -9 -10 -11 -12 -13 -14 -15
leaf_value=-0.029449375174047998 0.13421701723550503 0.042783211069708726 -0.03751396573099651 -0.078955621820343436 0.063353767747685197 0.062301995785637478 0.0033974514778205896 0.10015122344599919 0.10244315645800406 -0.064310333610116371 0.064864672821896216 -0.084114463535093137 0.05603158652782441 -0.0048178692637892402
leaf_weight=880 117 106 114 121 192 159 146 111 101 167 102 105 110 9049
leaf_count=880 117 106 114 121 192 159 146 111 101 167 102 105 110 9049
internal_value=-0.00223375 0.041913 -0.00393627 -0.00526057 -0.00442673 -0.00566591 -0.00671076 0.0388169 0.0438979 -0.00794891 0.00740958 -0.0203649 0.00842358 -0.00700094
internal_weight=11580 430 11150 10815 10694 10502 10343 335 247 10096 313 211 224 9929
internal_count=11580 430 11150 10815 10694 10502 10343 335 247 10096 313 211 224 9929
is_linear=0
shrinkage=0.05


Tree=81
num_leaves=15
num_cat=0
split_feature=17 18 6 9 26 2 27 6 20 13 13 12 7 7
split_gain=314.2 444.682 229.959 227.896 235.587 225.441 219.221 255.139 176.849 170.101 168.812 157.017 182.983 205.682
threshold=0.79729729729729748 0.35495558672276772 -0.13784693134519441 0.76330893649879406 0.58578431372549034 0.020509113676302971 0.65754894721666346 -0.12707329328151723 68.156250000000014 30.125000000000004 30.875000000000004 8.2500000000000018 -1.0678904576173462 -0.52404162739185856
decision_type=2 2 2 10 10 10 10 2 2 10 10 10 2 2
left_child=3 -2 -3 4 6 8 9 -8 -5 11 -11 12 -1 -14
right_child=1 2 -4 5 -6 -7 7 -9 -10 10 -12 -13 13 -15
leaf_value=0.042789584526641146 0.1166348877469547 -0.05257633494857316 0.038895612031531829 -0.035638266635176379 0.054845099608747318 0.095143664322860616 -0.019802344243213969 0.082966830490447258 0.053230005665258928 0.070252287494284776 -0.0081099338636354181 -0.031981568990788002 -0.015086156160132359 -0.00020896983003469585
leaf_weight=185 131 107 192 114 162 111 103 146 110 140 135 643 4514 4787
leaf_count=185 131 107 192 114 162 111 103 146 110 140 135 643 4514 4787
internal_value=-0.00212206 0.0398173 0.0061615 -0.00373946 -0.00499754 0.0368761 -0.00590757 0.0404559 0.0080024 -0.00701719 0.0317836 -0.00807062 -0.00644984 -0.00742923
internal_weight=11580 430 299 11150 10815 335 10653 249 224 10404 275 10129 9486 9301
internal_count=11580 430 299 11150 10815 335 10653 249 224 10404 275 10129 9486 9301
is_linear=0
shrinkage=0.05


Tree=82
num_leaves=15
num_cat=0
split_feature=13 26 9 22 10 9 27 13 12 10 10 9 8 2
split_gain=291.639 206.886 177.321 211.72 277.366 306.368 196.649 166.666 240.331 164.118 364.962 280.594 256.782 224.362
threshold=17.625000000000004 0.58578431372549034 0.76330893649879406 2.5000000000000004 9.5000000000000018 0.83082991366423942 0.72586255620153983 30.125000000000004 9.2500000000000018 7.5000000000000009 11.500000000000002 0.53725331616617333 0.36332833565811379 0.16870261183648352
decision_type=8 10 10 10 2 10 10 10 10 2 2 10 2 8
left_child=-1 2 6 -4 5 -5 7 9 -9 -2 11 13 -12 -11
right_child=1 -3 3 4 -6 -7 -8 8 -10 10 12 -13 -14 -15
leaf_value=-0.032276351676328772 0.0022572944742550948 0.05857547988127542 -0.032738436105670315 0.074492233643929165 0.10910061028215193 -0.047177484872586592 0.051415784626141103 0.092635096531700004 -0.001680220459188734 -0.0068461848903267584 0.0089412200203134434 -0.056215004340836199 -0.046701144525457337 -0.050096887670036762
leaf_weight=745 5013 149 101 105 124 102 169 110 175 1546 2105 534 230 372
leaf_count=745 5013 149 101 105 124 102 169 110 175 1546 2105 534 230 372
internal_value=-0.00201596 6.47048e-05 -0.000751139 0.0306284 0.0499639 0.014539 -0.00207316 -0.0029695 0.0347222 -0.00406564 -0.0106871 -0.0241595 0.00346039 -0.0152347
internal_weight=11580 10835 10686 432 331 207 10254 10085 285 9800 4787 2452 2335 1918
internal_count=11580 10835 10686 432 331 207 10254 10085 285 9800 4787 2452 2335 1918
is_linear=0
shrinkage=0.05


Tree=83
num_leaves=15
num_cat=0
split_feature=17 13 15 5 9 15 22 3 12 17 13 17 5 9
split_gain=281.785 399.653 324.997 190.682 399.041 261.423 233.77 383.257 213.045 203.471 395.036 305.502 620.646 299.592
threshold=0.79729729729729748 21.125000000000004 0.29881895328935265 4.5000000000000009 0.69530861284739498 0.35326166298857681 2.5000000000000004 -0.21614553820104299 2.7500000000000004 0.64648640832851367 23.125000000000004 0.61339605734767033 3.5000000000000004 0.62057238644857737
decision_type=2 8 10 2 10 10 10 10 8 2 8 2 2 10
left_child=3 -2 -3 9 5 6 -5 -8 -9 11 -11 -1 -13 -12
right_child=1 2 -4 4 -6 -7 7 8 -10 10 13 12 -14 -15
leaf_value=-0.0048666269180239344 -0.030486964748950896 0.14458694937825203 0.032918618655300401 -0.022589958211734096 0.078700648333752565 -0.058835590071189596 0.11224212673202645 -0.034679177261592933 0.049881055214296595 0.001757117711656571 -0.040304701427618661 -0.034623474591210783 0.1347997692802354 -0.14241723534837367
leaf_weight=9097 143 100 187 262 209 148 122 151 147 442 255 102 115 100
leaf_count=9097 143 100 187 262 209 148 122 151 147 442 255 102 115 100
internal_value=-0.00191516 0.037802 0.0718274 -0.00344685 0.0169506 0.00140152 0.0144735 0.037594 0.00703342 -0.00554288 -0.0297902 -0.00346804 0.055163 -0.0690688
internal_weight=11580 430 287 11150 1039 830 682 420 298 10111 797 9314 217 355
internal_count=11580 430 287 11150 1039 830 682 420 298 10111 797 9314 217 355
is_linear=0
shrinkage=0.05


Tree=84
num_leaves=15
num_cat=0
split_feature=13 17 19 9 19 19 19 8 26 27 14 1 1 9
split_gain=260.094 350.182 374.9 209.752 250.979 372.529 236.398 221.346 207.036 204.801 225.703 209.752 189.629 453.566
threshold=17.625000000000004 0.79729729729729748 0.69707142857142868 0.76330893649879406 0.74476470588235311 0.6886607142857144 0.65878431372549029 -0.96264954142325176 0.58578431372549034 0.65754894721666346 0.25880818185698634 -0.30762618696250371 -0.058661349059704188 0.83082991366423942
decision_type=8 2 2 10 2 2 2 2 10 10 10 2 2 10
left_child=-1 3 -3 4 5 6 7 -2 9 11 -11 -9 -5 -14
right_child=1 2 -4 12 -6 -7 -8 8 -10 10 -12 -13 13 -15
leaf_value=-0.030396455246205097 -0.035037973266128924 0.12209068020542518 0.015559872814454935 -0.017621481849574575 -0.077656766906514907 0.068824071795321434 -0.065448248258711691 -0.049430788256069447 0.058214231588732027 -7.7387661211133951e-05 0.099002683496191402 -0.001548989184026379 0.13801420727030975 -0.0075697606116115496
leaf_weight=745 493 115 293 102 111 182 151 235 147 127 105 8560 107 107
leaf_count=745 493 115 293 102 111 182 151 235 147 127 105 8560 107 107
internal_value=-0.0018194 0.000145517 0.0455869 -0.00163257 -0.00288626 -0.00205631 -0.00337024 -0.00240057 -0.000646679 -0.0016052 0.0447649 -0.00282838 0.0384815 0.0652222
internal_weight=11580 10835 408 10427 10111 10000 9818 9667 9174 9027 232 8795 316 214
internal_count=11580 10835 408 10427 10111 10000 9818 9667 9174 9027 232 8795 316 214
is_linear=0
shrinkage=0.05


Tree=85
num_leaves=15
num_cat=0
split_feature=2 16 18 17 17 8 20 13 7 20 20 14 17 20
split_gain=302.163 248.182 501.222 305.566 595.642 266.024 279.521 221.452 268.576 199.371 277.204 212.374 197.684 292.636
threshold=-0.072975434536115227 62.78049516246729 0.38425082026977769 0.65509573195053861 0.61339605734767033 0.27809474316462429 65.727941176470594 30.125000000000004 -0.051363893220020683 64.485294117647072 61.500000000000007 0.46572925327033021 0.5739606832097971 66.281250000000014
decision_type=10 10 2 2 2 2 2 10 2 2 2 10 2 2
left_child=1 2 12 4 9 6 -5 8 -2 10 -3 -12 -1 -14
right_child=7 3 -4 5 -6 -7 -8 -9 -10 -11 11 -13 13 -15
leaf_value=-0.010389875798496999 0.0040346220999858337 0.032030512155773481 0.07505433760383283 0.039553330423034452 0.094405909524195725 -0.11923210334298867 -0.051193756046187547 0.060640567415678998 0.064687846707376206 -0.0078853503105568296 -0.039034095751135103 -0.12176152935251594 0.10284030933421358 -0.0076985795350445743
leaf_weight=1269 4633 107 242 108 135 105 396 196 190 3420 346 100 103 143
leaf_count=1269 4633 107 242 108 135 105 396 196 190 3420 346 100 103 143
internal_value=-0.000666443 -0.00780477 0.00823566 -0.0137795 -0.00887969 -0.0468314 -0.031748 0.00854127 0.00642403 -0.0123893 -0.0402436 -0.0575828 -0.00243769 0.038584
internal_weight=11493 6474 1757 4717 4108 609 504 5019 4823 3973 553 446 1515 246
internal_count=11493 6474 1757 4717 4108 609 504 5019 4823 3973 553 446 1515 246
is_linear=0
shrinkage=0.05


Tree=86
num_leaves=15
num_cat=0
split_feature=12 2 16 18 0 17 17 10 7 20 5 22 7 15
split_gain=297.322 273.472 282.507 343.988 382.612 341.773 550.184 222.232 207.917 263.733 207.345 248.453 199.898 196.899
threshold=-10.749999999999998 -0.090047879340029557 61.757813276798551 0.31983606557377059 0.0078234513744468367 0.65509573195053861 0.61339605734767033 13.500000000000002 -0.31016901491847332 66.156250000000014 3.5000000000000004 1.5000000000000002 -0.52829413728711372 0.49155406368689242
decision_type=8 10 10 2 10 2 2 2 2 2 2 10 2 10
left_child=-1 2 3 -2 -5 6 7 13 9 -7 11 -9 -11 -4
right_child=1 -3 5 4 -6 8 -8 10 -10 12 -12 -13 -14 -15
leaf_value=-0.050267548322183442 -0.0011912123710512434 0.0089380877236428374 -0.018637530001938588 0.021768383822622306 0.1367598230254303 0.026406020079125733 0.094615580387941503 -0.0062215571047767922 -0.1065821007480845 -0.093305098435442366 -0.040679549926941373 0.072220376601502503 -0.0090982307378060616 0.040570976914597212
leaf_weight=294 1095 5283 3135 243 103 129 127 188 125 175 113 218 118 147
leaf_count=294 1095 5283 3135 243 103 129 127 188 125 175 113 218 118 147
internal_value=-0.00063312 0.0006699 -0.00671361 0.012541 0.0559999 -0.0129138 -0.00775737 -0.0111779 -0.0499422 -0.0331649 0.0192247 0.0358975 -0.0593924 -0.0159856
internal_weight=11493 11199 5916 1441 346 4475 3928 3801 547 422 519 406 293 3282
internal_count=11493 11199 5916 1441 346 4475 3928 3801 547 422 519 406 293 3282
is_linear=0
shrinkage=0.05


Tree=87
num_leaves=15
num_cat=0
split_feature=12 25 1 3 8 5 0 6 8 9 3 18 5 20
split_gain=268.333 217.663 208.779 181.135 214.968 219.66 390.29 310.132 206.732 192.647 178.119 178.886 250.586 413.847
threshold=-10.749999999999998 0.54449631279215749 -0.069156144150549215 0.18434315975883117 -0.14307352646238233 1.5000000000000002 -0.12161033705707228 -0.043932236729678109 -1.0004825081738533 0.49554446468626401 0.15993310508240133 0.22276159654800434 1.5000000000000002 68.718750000000014
decision_type=8 10 2 10 2 2 8 2 2 10 10 2 2 2
left_child=2 3 -1 8 5 -5 -7 -8 9 -2 11 -10 -13 -14
right_child=1 -3 -4 4 -6 6 7 -9 10 -11 -12 12 13 -15
leaf_value=-0.0023392696763895565 -0.054427293969879526 0.06651337378237758 -0.086845478407236984 5.7611139295426933e-05 -0.0021300755240096793 0.11162320898269505 -0.0094874668264761583 0.089432758244420887 -0.0071476269321640576 0.022747379808493381 -0.044402097243377986 0.036291775056183057 0.014962121999693802 -0.020662161929249981
leaf_weight=136 341 124 158 333 961 181 250 116 4383 106 233 633 2264 1274
leaf_count=136 341 124 158 333 961 181 250 116 4383 106 233 633 2264 1274
internal_value=-0.000601464 0.000636405 -0.0477542 -0.000101179 0.0142196 0.0320742 0.0515651 0.0218643 -0.00295634 -0.0361264 -0.00126896 -9.40736e-05 0.00731799 0.00213416
internal_weight=11493 11199 294 11075 1841 880 547 366 9234 447 8787 8554 4171 3538
internal_count=11493 11199 294 11075 1841 880 547 366 9234 447 8787 8554 4171 3538
is_linear=0
shrinkage=0.05


Tree=88
num_leaves=15
num_cat=0
split_feature=12 2 16 0 17 17 18 13 20 16 18 14 5 10
split_gain=242.171 237.481 256.624 313.993 312.44 493.606 269.525 235.74 201.41 273.809 202.622 260.119 199.638 193.441
threshold=-10.749999999999998 -0.090047879340029557 61.757813276798551 -0.11498141409032099 0.65509573195053861 0.61339605734767033 0.38425082026977769 23.125000000000004 64.485294117647072 69.64815270458611 0.16386376483889206 0.22557901388277149 2.5000000000000004 1.5000000000000002
decision_type=8 10 10 10 2 2 2 8 2 10 2 10 2 2
left_child=-1 2 3 -2 5 8 12 -6 9 10 -4 -12 -5 -3
right_child=1 13 4 6 7 -7 -8 -9 -10 -11 11 -13 -14 -15
leaf_value=-0.045366462535655676 -0.012615369488896036 -0.030822120125494564 -0.057293066970067245 -0.016841414259337044 -0.01994307876466337 0.089711417598048543 0.089619481316493721 -0.086561186311741894 -0.0059129099545008178 -0.098316704006409739 -0.041509695334476425 0.070908454773982749 0.04229334434883536 0.010648774506505289
leaf_weight=294 680 298 171 241 320 127 170 227 3281 143 100 106 350 4985
leaf_count=294 680 298 171 241 320 127 170 227 3281 143 100 106 350 4985
internal_value=-0.000571391 0.000604584 -0.00627593 0.0120755 -0.0121853 -0.00725509 0.0341382 -0.047589 -0.010495 -0.0394059 -0.0170604 0.0163365 0.0181792 0.00830951
internal_weight=11493 11199 5916 1441 4475 3928 761 547 3801 520 377 206 591 5283
internal_count=11493 11199 5916 1441 4475 3928 761 547 3801 520 377 206 591 5283
is_linear=0
shrinkage=0.05


Tree=89
num_leaves=15
num_cat=0
split_feature=12 25 1 16 18 20 7 0 20 6 27 17 27 14
split_gain=218.559 196.248 188.423 146.295 432.291 448.812 232.874 453.235 285.81 189.709 255.462 174.111 166.312 164.893
threshold=-10.749999999999998 0.54449631279215749 -0.069156144150549215 62.186617872833814 0.38425082026977769 67.60477941176471 -0.39533477040727533 -0.19837970294332855 67.727941176470594 -0.082572512313202354 1.0000000180025095e-35 0.075002929801945409 0.77456663348032395 0.52932086317179505
decision_type=8 10 2 10 2 2 2 10 2 2 8 2 10 10
left_child=2 3 -1 4 6 -6 9 -8 -9 -2 -11 -5 13 -13
right_child=1 -3 -4 11 5 -7 7 8 -10 10 -12 12 -14 -15
leaf_value=4.6016225207816156e-05 0.007219224237876948 0.063126761376700036 -0.080234881477501199 0.023432282964475311 0.13468307387911613 0.013344974903123719 -0.026080658320958419 0.10753751682935569 0.0096105686199616618 -0.058714922952365037 0.010622796151846041 -0.010374469253428236 0.055983486254741477 0.0049481605168392078
leaf_weight=136 779 124 158 584 135 175 210 189 123 333 221 5672 111 2543
leaf_count=136 779 124 158 584 135 175 210 189 123 333 221 5672 111 2543
internal_value=-0.000542822 0.000574355 -0.0430981 -0.000126006 0.011532 0.0661858 0.00239843 0.0307083 0.0689317 -0.00868766 -0.0310549 -0.00295872 -0.00480983 -0.00563126
internal_weight=11493 11199 294 11075 2165 310 1855 522 312 1333 554 8910 8326 8215
internal_count=11493 11199 294 11075 2165 310 1855 522 312 1333 554 8910 8326 8215
is_linear=0
shrinkage=0.05


Tree=90
num_leaves=15
num_cat=0
split_feature=13 21 17 7 26 15 15 17 0 10 14 9 6 23
split_gain=240.418 386.947 386.751 384.698 254.056 240.773 211.883 286.268 259.071 252.481 214.211 216.608 249.024 238.402
threshold=21.125000000000004 1.0000000180025095e-35 0.77618447027856996 -0.35007011626078394 0.41519953122304404 0.30534035464934567 0.090092518228909527 0.75121533515608585 0.0072402245490898413 1.5000000000000002 0.83136433902498197 0.54000127236969175 0.067458162996951565 1.0000000180025095e-35
decision_type=8 10 2 2 10 10 10 2 10 2 10 8 2 10
left_child=1 -1 4 5 6 -4 8 10 -2 -10 11 13 -13 -8
right_child=2 -3 3 -5 -6 -7 7 -9 9 -11 -12 12 -14 -15
leaf_value=-0.0077851320533551443 -0.019407895263801225 -0.10300099122676661 0.082188984953780797 0.13080609413770447 0.065833306798783991 -0.012321922497169393 0.020626045466700341 -0.073751147443221685 0.068952061033511133 -0.0091000428616364558 0.062077660941674065 -0.012514269285230896 0.068430747386842669 -0.018691255357014117
leaf_weight=3559 1901 110 106 113 154 185 2526 108 179 246 180 1604 101 455
leaf_count=3559 1901 110 106 113 154 185 2526 108 179 246 180 1604 101 455
internal_value=-7.21573e-05 -0.0106398 0.00486201 0.0525088 0.00227959 0.0221047 0.000938869 0.00676404 -0.0115179 0.0237737 0.00855106 0.00649498 -0.00771929 0.0146249
internal_weight=11527 3669 7858 404 7454 291 7300 4974 2326 425 4866 4686 1705 2981
internal_count=11527 3669 7858 404 7454 291 7300 4974 2326 425 4866 4686 1705 2981
is_linear=0
shrinkage=0.05


Tree=91
num_leaves=15
num_cat=0
split_feature=2 10 14 14 18 3 3 17 3 17 13 6 6 6
split_gain=226.776 289.009 496.213 483.916 520.421 288.443 429.411 447.976 403.233 366.889 347.643 294.281 290.54 357.908
threshold=-0.070753273668217501 2.5000000000000004 0.23722808598335451 0.36302115490978693 0.42261235370069566 0.09080587630884783 0.033033914256734721 0.69066119864738484 0.1159922091060228 0.77618447027856996 28.125000000000004 -0.13465752762457844 -0.031277394581157421 -0.06784194490785965
decision_type=10 2 10 10 2 10 10 2 10 2 8 2 2 2
left_child=-1 2 -2 4 -3 6 9 11 -7 12 -10 -8 13 -5
right_child=1 3 -4 5 -6 8 7 -9 10 -11 -12 -13 -14 -15
leaf_value=-0.0061969578944771567 0.03073797471750575 0.0039704075035066622 -0.063065339402755966 0.0062799372578744841 -0.083939660068570676 -0.063571172030701215 0.052430103670217491 0.0026991044581567841 0.0095494700383957458 0.11111579727308424 0.11000976972647158 0.15272929005087446 -0.046272185436218465 0.11340279739769175
leaf_weight=6536 237 2245 348 354 182 159 114 118 553 102 102 204 173 100
leaf_count=6536 237 2245 348 354 182 159 114 118 553 102 102 204 173 100
internal_value=-6.85494e-05 0.00795695 -0.025063 0.0123411 -0.00262194 0.0306915 0.0466476 0.0858998 0.00785508 0.0231716 0.0251937 0.116773 0.0088649 0.0298753
internal_weight=11527 4991 585 4406 2427 1979 1165 436 814 729 655 318 627 454
internal_count=11527 4991 585 4406 2427 1979 1165 436 814 729 655 318 627 454
is_linear=0
shrinkage=0.05


Tree=92
num_leaves=15
num_cat=0
split_feature=13 21 17 7 15 19 3 3 9 13 3 20 1 17
split_gain=213.231 349.504 338.494 349.602 223.704 201.862 222.412 370.19 454.443 371.318 308.941 301.173 310.472 243.442
threshold=21.125000000000004 1.0000000180025095e-35 0.77618447027856996 -0.35007011626078394 0.30534035464934567 0.10980769230769231 0.037456701656464426 0.09080587630884783 0.32831273667340211 28.375000000000004 0.1098868982584362 70.312500000000014 -0.080521812921912864 0.30407836865253907
decision_type=8 10 2 2 10 2 10 10 8 8 10 2 2 2
left_child=1 -1 5 4 -4 -2 -7 8 -8 10 -9 12 -11 -10
right_child=2 -3 3 -5 -6 6 7 9 13 11 -12 -13 -14 -15
leaf_value=-0.0073042888586255274 -0.022712034560157128 -0.097796163498000674 0.078088221909425604 0.1237972767867016 -0.013011040792271897 -0.0018743455417938625 -0.02550339552580862 -0.073330790286705111 0.026612722845678047 0.078507731024894806 0.0032067898185221782 0.11498246003780516 -0.036030505762655075 0.10994388071669753
leaf_weight=3559 735 110 106 113 185 4328 133 146 133 114 1360 125 123 257
leaf_count=3559 735 110 106 113 185 4328 133 146 133 114 1360 125 123 257
internal_value=-6.51219e-05 -0.0100173 0.00458169 0.0491569 0.0201729 0.00216575 0.00488716 0.0171263 0.0543081 0.00671621 -0.00421319 0.0521849 0.0190638 0.0815258
internal_weight=11527 3669 7858 404 291 7454 6719 2391 523 1868 1506 362 237 390
internal_count=11527 3669 7858 404 291 7454 6719 2391 523 1868 1506 362 237 390
is_linear=0
shrinkage=0.05


Tree=93
num_leaves=15
num_cat=0
split_feature=13 10 12 7 15 20 8 8 13 10 9 6 9 15
split_gain=197.512 310.011 261.414 189.176 257.276 251.184 266.285 258.783 270.358 199.19 245.875 215.017 303.509 218.036
threshold=29.875000000000004 11.500000000000002 11.750000000000002 -0.54759146447739748 0.092349798537854799 70.878676470588246 0.24139172828024599 -1.0000000180025095e-35 25.375000000000004 2.5000000000000004 0.67348914946720584 -0.18909429036042988 0.76330893649879406 0.24584644574752115
decision_type=10 2 10 2 10 2 2 2 8 2 8 2 10 10
left_child=3 2 -2 4 -1 9 7 8 -7 10 -6 13 -13 -11
right_child=1 -3 -4 -5 5 6 -8 -9 -10 11 -12 12 -14 -15
leaf_value=-0.026113638587108808 0.045219000510271945 0.10944729498723178 -0.055284538696004637 0.0045364245894799126 -0.014071435224965657 0.0043123443565278681 0.10027933990316731 -0.050019157231755318 0.093518388409912598 0.0031532261206487578 -0.10993524724990129 1.6803395853845503e-05 0.08581541722999253 -0.060479993820770496
leaf_weight=1469 174 103 103 6211 202 265 105 124 125 252 100 1896 109 289
leaf_count=1469 174 103 103 6211 202 265 105 124 125 252 100 1896 109 289
internal_value=-6.18658e-05 0.0353865 0.00784765 -0.0012703 -0.00857693 -0.00114647 0.0277214 0.0128992 0.032904 -0.00742076 -0.0458144 -0.0028666 0.00468117 -0.0308394
internal_weight=11527 380 277 11147 4936 3467 619 514 390 2848 302 2546 2005 541
internal_count=11527 380 277 11147 4936 3467 619 514 390 2848 302 2546 2005 541
is_linear=0
shrinkage=0.05


Tree=94
num_leaves=15
num_cat=0
split_feature=2 10 14 14 18 1 7 7 8 8 1 20 9 14
split_gain=186.419 252.698 446.957 418.067 469.552 362.564 341.056 317.399 333.91 383.619 413.034 392.368 303.417 430.062
threshold=-0.070753273668217501 2.5000000000000004 0.23722808598335451 0.36302115490978693 0.42261235370069566 0.09545654316423037 -0.4257703150506244 -0.75783362078575001 0.039756128923861149 0.45177930347615752 -0.073866563617121475 67.696691176470594 0.57015178474810813 0.86083675579425012
decision_type=10 2 10 10 2 2 2 2 2 2 2 2 10 10
left_child=-1 2 -2 4 -3 7 -4 -5 12 10 -10 -12 -9 -14
right_child=1 3 6 5 -6 -7 -8 8 9 -11 11 -13 13 -15
leaf_value=-0.0056151810259343696 0.029300705878602396 0.0036712449786078525 -0.092484900940301998 -0.023467127185998651 -0.079831914292587028 0.10127953540082951 0.015065429440066922 0.04130538607701998 0.017277140469819891 0.0042029325682554188 0.20991640681510462 0.071567795244814131 -0.037433475405269596 0.076789013140258336
leaf_weight=6536 237 2245 242 316 182 157 106 550 102 161 102 103 383 105
leaf_count=6536 237 2245 242 316 182 157 106 550 102 161 102 103 383 105
internal_value=-5.87725e-05 0.00721766 -0.0236584 0.0113172 -0.00259063 0.0283734 -0.0597253 0.0220911 0.0316505 0.0667135 0.0994958 0.140405 0.0158418 -0.0128569
internal_weight=11527 4991 585 4406 2427 1979 348 1822 1506 468 307 205 1038 488
internal_count=11527 4991 585 4406 2427 1979 348 1822 1506 468 307 205 1038 488
is_linear=0
shrinkage=0.05


Tree=95
num_leaves=15
num_cat=0
split_feature=17 25 17 0 15 7 14 2 9 14 7 17 9 18
split_gain=182.157 210.835 177.497 380.935 496.25 309.21 255.564 246.526 338.007 238.223 223.682 215.273 185.025 246.057
threshold=0.13204888718587351 0.54449631279215749 0.57274255343124381 0.0072402245490898413 0.53773006131836298 -0.33240718049241574 0.78077984004024781 0.046867874626982019 0.92091446305156399 0.70573444834369325 -0.43605635565941919 0.55934439425785976 0.47275730938469557 0.34562446898895499
decision_type=2 10 2 8 10 2 10 10 8 8 2 2 8 2
left_child=-1 2 11 7 5 6 9 8 -4 -5 -9 12 -2 -14
right_child=1 -3 3 4 -6 -7 -8 10 -10 -11 -12 -13 13 -15
leaf_value=0.015344205390276727 -0.00092675982748078667 0.062393444309295235 -0.022655359044635087 0.023230572150448176 -0.047638211423946808 0.14062359165922506 -0.023115387712331379 0.0050884771958375589 0.038447130583974462 0.12147733259208811 0.094520220617601361 -0.075924647315484914 -0.02352290041265271 0.013287846877443424
leaf_weight=1375 4350 118 1301 127 121 107 102 195 274 120 109 117 2535 553
leaf_count=1375 4350 118 1301 127 121 107 102 195 274 120 109 117 2535 553
internal_value=-0.00173236 -0.00405049 -0.00483366 0.0068433 0.0423783 0.0662643 0.0434665 -0.00406873 -0.0120255 0.0709618 0.0371545 -0.00862964 -0.00757109 -0.0169308
internal_weight=11504 10129 10011 2456 577 456 349 1879 1575 247 304 7555 7438 3088
internal_count=11504 10129 10011 2456 577 456 349 1879 1575 247 304 7555 7438 3088
is_linear=0
shrinkage=0.05


Tree=96
num_leaves=15
num_cat=0
split_feature=7 15 10 16 6 13 14 25 16 23 16 0 13 6
split_gain=153.519 308.239 805.245 409.737 404.525 263.976 200.417 199.871 166.828 295.01 241.52 174.089 346.13 190.521
threshold=-0.43400740269057009 0.38765605184669621 6.5000000000000009 67.710860307289934 -0.04744683203325601 30.125000000000004 0.64238587030225125 0.43601436677685507 67.847185029517306 1.0000000180025095e-35 64.862836861982458 -0.0070456848619115187 27.875000000000004 -0.1624850803396212
decision_type=2 10 2 10 2 10 10 10 10 10 10 8 10 2
left_child=5 8 3 -3 6 7 -4 -1 9 -2 -11 12 -10 -13
right_child=1 2 4 -5 -6 -7 -8 -9 11 10 -12 13 -14 -15
leaf_value=-0.0083640924970756567 0.0019773346577672333 0.035202427752261616 -0.081971187853984023 0.15284304172147689 0.055128995019872229 0.058370453488224977 0.0051291965111567271 0.062471165544915913 -0.045156511773522763 0.016564097689638894 0.1157255314819684 0.057122424914481218 0.051588825688327858 -0.0076469189845598667
leaf_weight=7105 1647 137 157 161 159 156 114 101 609 139 110 137 109 663
leaf_count=7105 1647 137 157 161 159 156 114 101 609 139 110 137 109 663
internal_value=-0.00164575 0.00605477 0.0355923 0.0987599 -0.00818427 -0.0059782 -0.0453312 -0.00737126 -0.000243814 0.00964604 0.0603704 -0.0125964 -0.0304695 0.00344483
internal_weight=11504 4142 728 298 430 7362 271 7206 3414 1896 249 1518 718 800
internal_count=11504 4142 728 298 430 7362 271 7206 3414 1896 249 1518 718 800
is_linear=0
shrinkage=0.05


Tree=97
num_leaves=15
num_cat=0
split_feature=17 16 16 17 13 20 12 18 18 6 2 17 17 12
split_gain=163.619 202.28 188.325 470.428 399.729 315.166 247.419 254.382 240.714 226.531 201.095 241.754 262.42 429.954
threshold=0.13204888718587351 63.834189163454859 62.718302406042667 0.5739606832097971 21.125000000000004 68.029411764705898 -7.2499999999999991 0.34562446898895499 0.17962264150943399 -0.11582666355427762 -0.094119539739460592 0.673576799140709 0.55148044352382131 3.7500000000000004
decision_type=2 8 10 2 10 2 8 2 2 2 10 2 2 10
left_child=1 -1 3 6 9 -6 -2 8 -8 -5 11 12 -4 -14
right_child=2 -3 10 4 5 -7 7 -9 -10 -11 -12 -13 13 -15
leaf_value=-0.025570627917152117 0.050322886307709196 0.023771627518165458 -0.016277725782247492 -0.052296005744487055 0.14308478676390893 0.032307973600466521 0.0049607248041680929 0.043937574354441546 -0.038097699669176352 0.04797066519137963 0.00042127936877317122 -0.04897709883002261 -0.0057643963861356094 0.10263662180005331
leaf_weight=255 191 1120 2947 100 147 114 609 190 695 129 4080 473 327 127
leaf_count=255 191 1120 2947 100 147 114 609 190 695 129 4080 473 327 127
internal_value=-0.00156346 0.0146209 -0.00376046 0.00927732 0.0523983 0.0946995 -0.00326232 -0.0101129 -0.0179884 0.00418609 -0.00732561 -0.0154844 -0.0108264 0.0245592
internal_weight=11504 1375 10129 2175 490 261 1685 1494 1304 229 7954 3874 3401 454
internal_count=11504 1375 10129 2175 490 261 1685 1494 1304 229 7954 3874 3401 454
is_linear=0
shrinkage=0.05


Tree=98
num_leaves=15
num_cat=0
split_feature=17 16 9 14 19 16 5 18 6 12 1 2 0 0
split_gain=147.667 182.827 196.124 228.688 206.517 170.125 527.187 268.02 426.778 225.431 194.545 190.399 279.411 394.308
threshold=0.13204888718587351 64.125555081810859 0.36032314640205526 0.13819923024468916 0.29593750000000002 62.879018816139968 4.5000000000000009 0.38904979912174165 -0.079768875849763735 -6.7499999999999991 -0.083572120750482662 -0.094119539739460592 0.034287070903521365 0.017186700058560423
decision_type=2 8 10 10 2 10 2 2 2 8 2 10 10 10
left_child=1 -1 3 -3 -4 6 7 9 -9 -2 -8 12 13 -7
right_child=5 2 4 -5 -6 11 10 8 -10 -11 -12 -13 -14 -15
leaf_value=-0.022657636145255566 0.036491617044577228 0.022882932563778016 0.10239988041829076 -0.045608140510817373 0.019281290644105595 -0.013775864236630823 0.12875599206821753 -0.011612589228005239 0.11508901381834609 -0.015137796963627543 0.041330881687530949 0.00054222320734155104 -0.052456573751156359 0.069945284372613756
leaf_weight=274 247 650 138 150 163 3250 101 146 122 1468 172 4035 441 147
leaf_count=274 247 650 138 150 163 3250 101 146 122 1468 172 4035 441 147
internal_value=-0.00148529 0.0138898 0.0229852 0.0100409 0.0573888 -0.00357244 0.00853273 -0.000435418 0.046065 -0.00770196 0.073675 -0.00704116 -0.0150138 -0.010153
internal_weight=11504 1375 1101 800 301 10129 2256 1983 268 1715 273 7873 3838 3397
internal_count=11504 1375 1101 800 301 10129 2256 1983 268 1715 273 7873 3838 3397
is_linear=0
shrinkage=0.05


Tree=99
num_leaves=15
num_cat=0
split_feature=27 17 16 17 12 6 18 12 18 2 23 22 6 18
split_gain=139.008 151.672 163.42 409.683 306.874 306.491 206.212 257.357 232.219 198.094 212.134 190.734 164.978 182.163
threshold=0.79134247615906017 0.12110610342983731 62.718302406042667 0.5739606832097971 1.0000000180025095e-35 -0.11648011285426361 0.34562446898895499 -6.2499999999999991 0.17962264150943399 0.041139670254650207 3.5000000000000004 2.5000000000000004 -0.31572249488346688 0.57824373768646231
decision_type=10 2 10 2 10 2 2 10 2 10 8 10 2 2
left_child=1 -1 3 6 5 -5 7 11 -9 10 -10 -3 -4 -14
right_child=-2 2 12 4 -6 -7 -8 8 9 -11 -12 -13 13 -15
leaf_value=0.014731047009955176 0.055313274723904161 -0.012619825371851523 0.03968184314403541 -0.044764072090232129 0.098622738532325699 0.05828216178265519 0.042168067392237767 0.0021297144645147704 -0.082444510950192229 0.015125702176306209 -0.01334299290386428 0.063916190263679187 -0.007310319378569719 -0.064661595620805687
leaf_weight=1218 107 150 183 120 188 181 216 550 304 118 175 178 7675 141
leaf_count=1218 107 150 183 120 188 181 216 550 304 118 175 178 7675 141
internal_value=-0.00141102 -0.00194357 -0.00393883 0.00819674 0.048504 0.0172006 -0.00345924 -0.0101409 -0.0213095 -0.0429034 -0.0571987 0.028915 -0.00724618 -0.00834493
internal_weight=11504 11397 10179 2180 489 301 1691 1475 1147 597 479 328 7999 7816
internal_count=11504 11397 10179 2180 489 301 1691 1475 1147 597 479 328 7999 7816
is_linear=0
shrinkage=0.05


end of trees

feature_importances:
wt_snap_share=128
implied_total=104
wt_target_share=101
wt_carry_share=98
baseline_target_share=92
baseline_carry_share=89
def_short_pass_epa_adj=71
prior_epa_per_opp=67
baseline_team_total_plays=60
team_spread=59
rolling_epa_per_opp=57
baseline_snap_share=53
def_rush_epa_adj=50
form_residual=49
wt_team_total_plays=45
def_deep_pass_epa_adj=43
above_new_out_share=39
weeks_missed=34
baseline_epa_per_opp=33
own_q_int=26
games_played_so_far=25
above_q_share=23
own_practice_int=17
draft_tier_int=16
above_long_out_share=16
return_from_absence=4
def_used_fallback_int=1

parameters:
[boosting: gbdt]
[objective: regression]
[metric: rmse]
[tree_learner: serial]
[device_type: cpu]
[data_sample_strategy: bagging]
[data: ]
[valid: ]
[num_iterations: 100]
[learning_rate: 0.05]
[num_leaves: 15]
[num_threads: 1]
[seed: 42]
[deterministic: 0]
[force_col_wise: 0]
[force_row_wise: 0]
[histogram_pool_size: -1]
[max_depth: -1]
[min_data_in_leaf: 100]
[min_sum_hessian_in_leaf: 0.001]
[bagging_fraction: 0.8]
[pos_bagging_fraction: 1]
[neg_bagging_fraction: 1]
[bagging_freq: 5]
[bagging_seed: 400]
[bagging_by_query: 0]
[feature_fraction: 0.8]
[feature_fraction_bynode: 1]
[feature_fraction_seed: 30056]
[extra_trees: 0]
[extra_seed: 12879]
[early_stopping_round: 0]
[early_stopping_min_delta: 0]
[first_metric_only: 0]
[max_delta_step: 0]
[lambda_l1: 0]
[lambda_l2: 0]
[linear_lambda: 0]
[min_gain_to_split: 0]
[drop_rate: 0.1]
[max_drop: 50]
[skip_drop: 0.5]
[xgboost_dart_mode: 0]
[uniform_drop: 0]
[drop_seed: 17869]
[top_rate: 0.2]
[other_rate: 0.1]
[min_data_per_group: 100]
[max_cat_threshold: 32]
[cat_l2: 10]
[cat_smooth: 10]
[max_cat_to_onehot: 4]
[top_k: 20]
[monotone_constraints: ]
[monotone_constraints_method: basic]
[monotone_penalty: 0]
[feature_contri: ]
[forcedsplits_filename: ]
[refit_decay_rate: 0.9]
[cegb_tradeoff: 1]
[cegb_penalty_split: 0]
[cegb_penalty_feature_lazy: ]
[cegb_penalty_feature_coupled: ]
[path_smooth: 0]
[interaction_constraints: ]
[verbosity: -1]
[saved_feature_importance_type: 0]
[use_quantized_grad: 0]
[num_grad_quant_bins: 4]
[quant_train_renew_leaf: 0]
[stochastic_rounding: 1]
[linear_tree: 0]
[max_bin: 255]
[max_bin_by_feature: ]
[min_data_in_bin: 3]
[bin_construct_sample_cnt: 200000]
[data_random_seed: 175]
[is_enable_sparse: 1]
[enable_bundle: 1]
[use_missing: 1]
[zero_as_missing: 0]
[feature_pre_filter: 0]
[pre_partition: 0]
[two_round: 0]
[header: 0]
[label_column: ]
[weight_column: ]
[group_column: ]
[ignore_column: ]
[categorical_feature: ]
[forcedbins_filename: ]
[precise_float_parser: 0]
[parser_config_file: ]
[objective_seed: 16083]
[num_class: 1]
[is_unbalance: 0]
[scale_pos_weight: 1]
[sigmoid: 1]
[boost_from_average: 1]
[reg_sqrt: 0]
[alpha: 0.9]
[fair_c: 1]
[poisson_max_delta_step: 0.7]
[tweedie_variance_power: 1.5]
[lambdarank_truncation_level: 30]
[lambdarank_norm: 1]
[label_gain: ]
[lambdarank_position_bias_regularization: 0]
[eval_at: ]
[multi_error_top_k: 1]
[auc_mu_weights: ]
[num_machines: 1]
[local_listen_port: 12400]
[time_out: 120]
[machine_list_filename: ]
[machines: ]
[gpu_platform_id: -1]
[gpu_device_id: -1]
[gpu_use_dp: 0]
[num_gpu: 1]

end of parameters
