tree
version=v4
num_class=1
num_tree_per_iteration=1
label_index=0
max_feature_idx=18
objective=regression
feature_names=wt_carry_share wt_target_share wt_snap_share wt_team_total_plays def_rush_epa_adj draft_tier_int is_cold_start_int games_played_so_far baseline_carry_share baseline_target_share baseline_snap_share baseline_team_total_plays own_q_int own_practice_int weeks_missed return_from_absence above_new_out_share above_q_share above_long_out_share
feature_infos=[0:1] [0:1] [0:1] [48:102] [-0.66567989472863298:0.38652220373099205] [1:5] [0:1] [0:16] [0:0.97727272727272729] [0:0.82608695652173914] [0:0.96083333333333332] [58.5:75.875] [0:1] [0:3] [0:8] [0:1] [0:0.96624407577243954] [0:0.98687212207109198] [0:1.4423853155164987]
tree_sizes=1380 1431 1440 1433 1438 1433 1449 1443 1439 1443 1450 1437 1439 1445 1442 1455 1462 1451 1459 1447 1457 1472 1466 1471 1466 1435 1448 1449 1454 1452 1450 1447 1451 1447 1447 1453 1453 1441 1449 1465 1456 1443 1458 1446 1449 1466 1465 1472 1446 1470 1453 1465 1467 1455 1458 1485 1485 1467 1453 1451 1479 1465 1470 1470 1486 1464 1474 1469 1466 1478 1485 1471 1479 1467 1485 1480 1484 1474 1483 1485 1489 1485 1490 1483 1484 1487 1487 1494 1487 1472 1487 1489 1479 1491 1486 1501 1490 1475 1473 1478 1484 1487 1495 1475 1491 1485 1480 1484 1485 1495 1472 1469 1489 1485 1486 1498 1491 1468 1480 1484 1490 1482 1482 1494 1493 1484 1467 1481 1475 1483 1473 1481 1481 1483 1490 1465 1480 1465 1470 1458 1483 1477 1488 1482 1489 1486 1486 1469 1463 1473 1469 1497 1489 1477 1488 1467 1487 1490 1478 1480 1486 1463 1473 1482 1469 1477 1491 1465 1476 1465 1472 1472 1487 1479 1474 1462 1484 1484 1468 1467 1474 1471 1479 1463 1476 1467 1493 1472 1456 1467 1476 1486 1461 1474 1470 1491 1465 1477 1466 1465 1457 1461 1463 1461 1464 1461 1458 1476 1464 1476 1482 1476 1480 1486 1484 1474 1471 1470 1465 1474 1476 1474 1468 1474 1467 1487 1470 1478 1482 1480 1485

Tree=0
num_leaves=15
num_cat=0
split_feature=12 0 0 2 2 0 8 0 16 1 8 2 11 8
split_gain=351203 89681 15494.6 9848.72 3922.27 3050.49 2657.53 2476.87 2042.19 1992.68 1206.56 1167.34 985.881 669.84
threshold=inf 0.5503127125182582 0.32435991185943441 0.63482796045036849 0.80223407894759025 0.18306289156920941 0.56191914498141282 0.36201174235253558 0.48005134827323132 0.36495758844521503 0.77440026148513252 0.50002714107799218 69.656250000000014 0.61588729016786581
decision_type=8 10 8 10 10 10 2 10 10 8 2 10 2 2
left_child=1 2 5 11 12 -1 7 -4 -7 -8 -6 -3 13 -5
right_child=-2 3 6 4 10 8 9 -9 -10 -11 -12 -13 -14 -15
leaf_value=10.268454841565894 10.137410695368663 10.41001432958638 10.320044431614553 10.478669955156722 10.536947520411935 10.306929443008377 10.360146335229896 10.367389145746181 10.436014461038573 10.430784890684855 10.618591935181112 10.446085327235888 10.45250986917994 10.516987953287082
leaf_weight=1267 3651 596 738 337 174 1265 317 1102 51 322 124 902 237 398
leaf_count=1267 3651 596 738 337 174 1265 317 1102 51 322 124 902 237 398
internal_value=10.2994 10.3749 10.3249 10.4665 10.5074 10.2906 10.3606 10.3484 10.3119 10.3957 10.5709 10.4317 10.488 10.4994
internal_weight=11481 7830 5062 2768 1270 2583 2479 1840 1316 639 298 1498 972 735
internal_count=11481 7830 5062 2768 1270 2583 2479 1840 1316 639 298 1498 972 735
is_linear=0
shrinkage=1


Tree=1
num_leaves=15
num_cat=0
split_feature=12 0 0 2 10 2 0 0 2 8 2 11 2 8
split_gain=337296 86129.6 14881 9458.71 4028.93 3766.95 2929.69 1912.43 1163.51 1158.78 1121.11 946.84 819.205 643.315
threshold=inf 0.5503127125182582 0.32435991185943441 0.63482796045036849 0.54785714285714293 0.80223407894759025 0.18306289156920941 0.43306287858037135 0.52843011488402902 0.77440026148513252 0.50002714107799218 69.656250000000014 0.078975599151304157 0.61588729016786581
decision_type=8 10 8 10 2 10 10 10 8 2 10 2 8 2
left_child=1 2 6 10 7 11 -1 12 -6 -7 -3 13 -4 -5
right_child=-2 3 4 5 8 9 -8 -9 -10 -11 -12 -13 -14 -15
leaf_value=-0.030183620363497414 -0.15860688751803723 0.10854468093022406 -0.044573752126603756 0.17582719203626368 0.077432268860570169 0.2329392136342224 0.012423973993870987 0.073227557038006028 0.13863703978367339 0.3129507457056353 0.14389426044772841 0.1501903100154571 0.035769698799696943 0.21337883253942186
leaf_weight=1267 3651 596 53 337 228 174 1316 722 273 124 902 237 1203 398
leaf_count=1267 3651 596 53 337 228 174 1316 722 273 124 902 237 1203 398
internal_value=0.000145551 0.0741692 0.0251183 0.163871 0.0601215 0.204024 -0.00847569 0.0472896 0.110783 0.266233 0.12983 0.184952 0.0323794 0.196161
internal_weight=11481 7830 5062 2768 2479 1270 2583 1978 501 298 1498 972 1256 735
internal_count=11481 7830 5062 2768 2479 1270 2583 1978 501 298 1498 972 1256 735
is_linear=0
shrinkage=0.02


Tree=2
num_leaves=15
num_cat=0
split_feature=12 0 0 2 10 2 0 16 0 2 8 2 11 2
split_gain=323939 82718.9 14291.7 9084.15 3869.38 3617.77 2813.68 1961.32 1836.7 1117.44 1112.89 1076.72 909.345 786.765
threshold=inf 0.5503127125182582 0.32435991185943441 0.63482796045036849 0.54785714285714293 0.80223407894759025 0.18306289156920941 0.48005134827323132 0.43306287858037135 0.52843011488402902 0.77440026148513252 0.50002714107799218 69.656250000000014 0.078975599151304157
decision_type=8 10 8 10 2 10 10 10 10 8 2 10 2 8
left_child=1 2 6 11 8 12 -1 -8 13 -6 -7 -3 -5 -4
right_child=-2 3 4 5 9 10 7 -9 -10 -11 -12 -13 -14 -15
leaf_value=-0.029579946938328796 -0.15543474155071826 0.10637378477610199 -0.043682276730267512 0.19223805252629883 0.075883625199397398 0.22828042677079124 0.0072730105177687089 0.13377632689242269 0.071763006968841664 0.13586430073221087 0.3066917227160546 0.14101637580838808 0.14718650305321448 0.035054305893425536
leaf_weight=1267 3651 596 53 735 228 174 1265 51 722 273 124 902 237 1203
leaf_count=1267 3651 596 53 735 228 174 1265 51 722 273 124 902 237 1203
internal_value=0.000142643 0.0726858 0.0246159 0.160594 0.0589191 0.199944 -0.00830617 0.0121755 0.0463438 0.108568 0.260908 0.127233 0.181253 0.0317318
internal_weight=11481 7830 5062 2768 2479 1270 2583 1316 1978 501 298 1498 972 1256
internal_count=11481 7830 5062 2768 2479 1270 2583 1316 1978 501 298 1498 972 1256
is_linear=0
shrinkage=0.02


Tree=3
num_leaves=15
num_cat=0
split_feature=13 0 0 2 10 2 0 0 2 16 1 0 10 2
split_gain=311111 79443.2 13734.8 8738.94 4005.78 2538.75 2070.15 2007.53 1735.32 1251.4 1221.11 897.315 782.557 775.065
threshold=inf 0.5503127125182582 0.29348602686545028 0.68391722583566983 0.54785714285714293 0.80223407894759025 0.43306287858037135 0.18306289156920941 0.502849636237089 0.2020923641174352 0.60228562873638303 0.79885494748522967 0.73083333333333345 0.12952016495304031
decision_type=8 10 8 10 2 10 10 10 10 10 8 10 2 8
left_child=1 2 7 8 6 -5 13 -1 -3 -9 -6 -10 -7 -4
right_child=-2 3 4 5 10 12 -8 9 11 -11 -12 -13 -14 -15
leaf_value=-0.02898834729721533 -0.1523260493815288 0.10456339453943871 -0.039452929534609361 0.1847312551440719 0.083390179043302204 0.22659174533280066 0.070327745879125728 0.0036841894967637196 0.13935675651014071 0.1062892366886139 0.14942551345368962 0.19052194714166557 0.29178887288373218 0.032188713202128467
leaf_weight=1267 3651 607 63 624 363 165 722 969 1082 50 162 157 133 1466
leaf_count=1267 3651 607 63 624 363 165 722 969 1082 50 162 157 133 1466
internal_value=0.000139789 0.0712321 0.0241236 0.157382 0.0540192 0.207666 0.0424166 -0.0121801 0.132268 0.00871878 0.103767 0.14584 0.25569 0.0292368
internal_weight=11481 7830 5062 2768 2776 922 2251 2286 1846 1019 525 1239 298 1529
internal_count=11481 7830 5062 2768 2776 922 2251 2286 1846 1019 525 1239 298 1529
is_linear=0
shrinkage=0.02


Tree=4
num_leaves=15
num_cat=0
split_feature=12 0 0 0 10 0 10 16 0 0 10 0 9 0
split_gain=298791 76297.3 13206.9 7937.95 3570.13 2587.74 2197.65 1839.52 1690.1 1190.07 1180.69 972.576 927.778 760.554
threshold=inf 0.5503127125182582 0.32435991185943441 0.83166737462957296 0.54785714285714293 0.18306289156920941 0.49174107142857154 0.48005134827323132 0.43306287858037135 0.71903569188805905 0.71136363636363653 0.49694044187681835 0.18191984359726299 0.70477358488398989
decision_type=8 10 8 10 2 10 2 10 10 10 2 8 2 10
left_child=1 2 5 6 8 -1 12 -7 -4 -8 -5 -6 -3 -14
right_child=-2 3 4 10 11 7 9 -9 -10 -11 -12 -13 13 -15
leaf_value=-0.02840857982729586 -0.14927953069420979 0.095239788213732038 0.030520718553500949 0.2055720862467964 0.074421135611800165 0.0068875290574763604 0.14026299579619941 0.12939980381844091 0.068921190989810019 0.18051981793906163 0.27171003396157178 0.13028942114826458 0.11761245011641648 0.16441422851183096
leaf_weight=1267 3651 439 1256 332 233 1265 710 51 722 501 160 268 418 208
leaf_count=1267 3651 439 1256 332 233 1265 710 51 722 501 160 268 418 208
internal_value=0.000136993 0.0698075 0.0236411 0.154235 0.0566167 -0.0080068 0.138488 0.0116353 0.0445375 0.156918 0.22708 0.104307 0.117531 0.133163
internal_weight=11481 7830 5062 2768 2479 2583 2276 1316 1978 1211 492 501 1065 626
internal_count=11481 7830 5062 2768 2479 2583 2276 1316 1978 1211 492 501 1065 626
is_linear=0
shrinkage=0.02


Tree=5
num_leaves=15
num_cat=0
split_feature=12 2 2 2 5 2 2 14 16 1 5 11 2 1
split_gain=286336 63764.7 7981.99 7609.77 2792.3 2116.9 1392.12 1225.8 1161.77 1076.99 1062.21 813.004 800.705 773.219
threshold=inf 0.50612256965413838 0.68391722583566983 0.29824873057950968 3.5000000000000004 0.80223407894759025 0.60214436159071139 1.5000000000000002 0.2604993732355364 0.2863338334459406 4.5000000000000009 69.656250000000014 0.39690575700940883 0.32129598072588333
decision_type=8 10 10 8 2 10 10 10 10 10 2 2 8 10
left_child=1 3 6 8 7 11 10 -5 -1 12 13 -4 -6 -3
right_child=-2 2 5 4 9 -7 -8 -9 -10 -11 -12 -13 -14 -15
leaf_value=-0.013035093767500911 -0.14611153279873809 0.11659117279019064 0.18508285694097049 0.033595760448392194 0.05019438692433819 0.23751961066571364 0.1432663304950097 -0.023928488146513702 0.059024986326694492 0.035294323123594713 0.15183770514654313 0.13137124800226754 0.088799016789345833 0.078301300914853669
leaf_weight=1544 3682 416 519 2005 314 299 686 160 95 338 171 144 681 428
leaf_count=1544 3682 416 519 2005 314 299 686 160 95 338 171 144 681 428
internal_value=-0.000745012 0.0678754 0.147298 0.0267033 0.0433658 0.193341 0.121258 0.0293445 -0.00885834 0.0661385 0.106383 0.173417 0.0766162 0.097174
internal_weight=11482 7800 2663 5137 3498 962 1701 2165 1639 1333 1015 663 995 844
internal_count=11482 7800 2663 5137 3498 962 1701 2165 1639 1333 1015 663 995 844
is_linear=0
shrinkage=0.02


Tree=6
num_leaves=15
num_cat=0
split_feature=12 0 0 2 2 10 0 0 0 16 2 0 10 2
split_gain=274997 75587.1 11239.9 7792.71 2576.28 2503.79 1740.85 1546.82 1482.92 1102.78 1067.41 923.41 686.911 555.194
threshold=inf 0.52422054239865967 0.30035082950285258 0.63482796045036849 0.80223407894759025 0.55986607142857159 0.49694044187681835 0.17538826407866484 0.36201174235253558 0.294923213756139 0.49403790087463562 0.71903569188805905 0.71136363636363653 0.3560463344798705
decision_type=8 10 8 10 10 2 8 10 10 10 10 10 2 10
left_child=1 2 7 10 11 8 -7 -1 -4 -9 -3 -5 -6 -10
right_child=-2 3 5 4 12 6 -8 9 13 -11 -12 -13 -14 -15
leaf_value=-0.029879745235971599 -0.14318930303189237 0.098251353129107724 0.020807719846903265 0.14214215999019555 0.20408530193724128 0.053959348390630463 0.13524212402110145 -0.0016660191557302227 0.036605316705273505 0.092567490608646316 0.13045887210736537 0.18178652393559996 0.26482743814587595 0.066812578866210504
leaf_weight=1191 3682 702 1003 377 152 228 196 1111 399 52 995 624 146 624
leaf_count=1191 3682 702 1003 377 152 228 196 1111 399 52 995 624 146 624
internal_value=-0.000730112 0.0665179 0.0173507 0.145356 0.182223 0.0473375 0.0915335 -0.0138591 0.0380882 0.00254734 0.117136 0.166856 0.233845 0.0550309
internal_weight=11482 7800 4804 2996 1299 2450 424 2354 2026 1163 1697 1001 298 1023
internal_count=11482 7800 4804 2996 1299 2450 424 2354 2026 1163 1697 1001 298 1023
is_linear=0
shrinkage=0.02


Tree=7
num_leaves=15
num_cat=0
split_feature=12 0 0 2 2 10 0 0 0 2 8 8 0 8
split_gain=264107 72593.8 10794.8 7484.12 2474.26 2404.64 1671.92 1485.57 1424.19 1025.14 994.075 927.342 886.843 631.552
threshold=inf 0.52422054239865967 0.30035082950285258 0.63482796045036849 0.80223407894759025 0.55986607142857159 0.49694044187681835 0.17538826407866484 0.36201174235253558 0.49403790087463562 0.27871752727936816 0.77618447027856996 0.71903569188805905 0.48120444095547837
decision_type=8 10 8 10 10 2 8 10 10 10 2 2 10 2
left_child=1 2 7 9 12 8 -7 -1 10 -3 -4 -6 -5 -11
right_child=-2 3 5 4 11 6 -8 -9 -10 13 -12 -13 -14 -15
leaf_value=-0.029282148536967194 -0.14032552056050959 0.096286325260782568 -0.0020854100145720569 0.13929931705921336 0.19999719824242054 0.05288016112357901 0.13253728113650362 0.0024963977800959262 0.05393024373672109 0.10388358672671631 0.038029192956263912 0.27183927214835302 0.17815079253835556 0.13844340908376204
leaf_weight=1191 3682 702 441 377 177 228 196 1163 1023 305 562 121 624 690
leaf_count=1191 3682 702 441 377 177 228 196 1163 1023 305 562 121 624 690
internal_value=-0.00071551 0.0651876 0.0170037 0.142449 0.178579 0.0463908 0.0897028 -0.0135819 0.0373264 0.114793 0.0203916 0.229168 0.163518 0.12785
internal_weight=11482 7800 4804 2996 1299 2450 424 2354 2026 1697 1003 298 1001 995
internal_count=11482 7800 4804 2996 1299 2450 424 2354 2026 1697 1003 298 1001 995
is_linear=0
shrinkage=0.02


Tree=8
num_leaves=15
num_cat=0
split_feature=12 2 8 2 2 8 2 2 1 16 8 8 8 2
split_gain=253648 56589.4 9488.5 7089.52 4105.3 2509.89 2111.06 1863.2 1291.98 1155.42 949.673 933.367 821.588 755.693
threshold=inf 0.50612256965413838 0.41471925133689841 0.68391722583566983 0.35858205773356416 0.57642366553257651 0.32172263688928365 0.80223407894759025 0.23488292593829344 0.2020923641174352 0.77618447027856996 0.77618447027856996 0.29235267656320291 0.17126526791016852
decision_type=8 10 2 10 8 2 10 10 10 10 2 2 2 8
left_child=1 2 6 5 -4 -3 9 12 -8 13 -6 -9 -5 -1
right_child=-2 3 4 7 10 -7 8 11 -10 -11 -12 -13 -14 -15
leaf_value=-0.031571289442148154 -0.13751900963521663 0.09183233674518651 0.016720576928479107 0.090105687454342845 0.075013610517793011 0.14059367197939637 0.055823685921578096 0.19440967123076486 0.0099432279833883697 0.055876719563860783 0.14063342318409366 0.26640248107516074 0.17016752183535544 -0.0036165045925493663
leaf_weight=517 3682 922 601 56 1236 779 396 178 646 110 95 121 607 1536
leaf_count=517 3682 922 601 56 1236 779 396 178 646 110 95 121 607 1536
internal_value=-0.0007012 0.0638838 0.0250973 0.138704 0.0601067 0.114163 0.00399333 0.182097 0.0273796 -0.00727271 0.0796972 0.223544 0.163405 -0.0106563
internal_weight=11482 7800 5137 2663 1932 1701 3205 962 1042 2163 1331 299 663 2053
internal_count=11482 7800 5137 2663 1932 1701 3205 962 1042 2163 1331 299 663 2053
is_linear=0
shrinkage=0.02


Tree=9
num_leaves=15
num_cat=0
split_feature=12 0 0 0 2 10 0 0 0 8 16 8 2 11
split_gain=243604 67519.9 10098.4 7011.42 2788.76 2218.58 1591.54 1401.04 1328.56 1181.85 1040.95 931.965 848.949 718.577
threshold=inf 0.52422054239865967 0.30035082950285258 0.83166737462957296 0.63912517421353232 0.55986607142857159 0.49694044187681835 0.17538826407866484 0.36201174235253558 0.80929730840353409 0.294923213756139 0.23550420168067229 0.49403790087463562 69.593750000000014
decision_type=8 10 8 10 10 2 8 10 10 2 10 2 10 2
left_child=1 2 7 4 12 8 -7 -1 11 -5 -9 -4 -3 -6
right_child=-2 3 5 9 13 6 -8 10 -10 -11 -12 -13 -14 -15
leaf_value=-0.028692890047451514 -0.13476862244344417 0.09130399312263858 -0.0084118796765436359 0.18673081738403752 0.16435778106206697 0.050236086144128389 0.12795482897560814 -0.0019252947941221278 0.051890033083264141 0.25639255172423736 0.089628654668967314 0.032814270990718271 0.12031938531712291 0.1212507925229372
leaf_weight=1191 3682 685 324 380 612 228 196 1111 1023 131 52 679 981 207
leaf_count=1191 3682 685 324 380 612 228 196 1111 1023 131 52 679 981 207
internal_value=-0.000687174 0.0626061 0.0161366 0.137119 0.123244 0.04456 0.0861627 -0.0134459 0.0358534 0.204589 0.00216826 0.019497 0.108389 0.153463
internal_weight=11482 7800 4804 2996 2485 2450 424 2354 2026 511 1163 1003 1666 819
internal_count=11482 7800 4804 2996 2485 2450 424 2354 2026 511 1163 1003 1666 819
is_linear=0
shrinkage=0.02


Tree=10
num_leaves=15
num_cat=0
split_feature=12 0 0 0 0 10 1 1 10 0 16 1 0 10
split_gain=239474 60921.9 9309.39 8032.53 3119.39 2466.34 1678.14 1509.64 1285.28 1213.88 1068.5 979.074 902.984 674.624
threshold=inf 0.46877360266620821 0.69252932904164666 0.28608760778625403 0.83166737462957296 0.50645833333333345 0.30599320522995194 0.52526984345396188 0.71136363636363653 0.16061054173023759 0.2604993732355364 0.40000674819107124 0.40047196412256386 0.36031250000000004
decision_type=8 10 10 8 10 2 10 8 2 10 10 10 10 2
left_child=1 3 6 9 11 12 13 -7 -6 -1 -11 -4 -5 -3
right_child=-2 2 4 5 8 7 -8 -9 -10 10 -12 -13 -14 -15
leaf_value=-0.029049332163008392 -0.13236790283073674 0.060559457547239466 0.1258338475501326 0.020057862160947376 0.17956055382048117 0.050974735205229681 0.11750448868196425 0.1216793833628297 0.24647962256097761 -0.0038710362492196692 0.084197712111575854 0.16619102545159578 0.052867856862415609 0.092351008330532794
leaf_weight=1063 3713 443 635 1270 358 305 813 200 169 1104 58 387 456 672
leaf_count=1063 3713 443 635 1270 358 305 813 200 169 1104 58 387 456 672
internal_value=0.000196617 0.0622428 0.124986 0.0132843 0.161497 0.0401006 0.0956529 0.0789766 0.20102 -0.0136043 0.000524822 0.141116 0.0287261 0.0797199
internal_weight=11646 7933 3477 4456 1549 2231 1928 505 527 2225 1162 1022 1726 1115
internal_count=11646 7933 3477 4456 1549 2231 1928 505 527 2225 1162 1022 1726 1115
is_linear=0
shrinkage=0.02


Tree=11
num_leaves=15
num_cat=0
split_feature=12 8 1 1 10 8 9 1 10 8 8 1 1 8
split_gain=229991 33405.7 7926.77 3959.65 3044.78 2237.24 2648.38 2122.45 2043.64 1654.63 1334.46 1284.18 1225 1040.55
threshold=inf 0.48506974239377454 0.34703247720263775 0.22974077031798804 0.6086666666666668 0.30407836865253907 0.23301886792452833 0.58260980236903437 0.70666666666666678 0.27624520195660973 0.77618447027856996 0.40703828740646575 0.16628418206325149 0.51158953104612792
decision_type=8 2 10 10 2 2 2 10 2 2 2 10 10 2
left_child=1 3 4 9 12 6 11 -7 13 -1 -10 -5 -3 -4
right_child=-2 2 8 5 -6 7 -8 -9 10 -11 -12 -13 -14 -15
leaf_value=-0.0031844740211750644 -0.12972054107536565 0.051099082692506903 0.072381516023539011 0.039563336082561705 0.12224096814256222 0.062876419489257693 -0.0023882850142042272 0.17749872679336812 0.13113102842260291 0.030109421555785436 0.21531046650495875 0.099555261870942172 0.087915874486904716 0.14089744884768488
leaf_weight=1574 3713 721 100 540 630 719 558 71 108 962 249 194 725 782
leaf_count=1574 3713 721 100 540 630 719 558 71 108 962 249 194 725 782
internal_value=0.000192686 0.0609979 0.109438 0.0262254 0.0855459 0.0466647 0.030453 0.0731779 0.149471 0.00944515 0.189844 0.0554195 0.0695584 0.133129
internal_weight=11646 7933 3315 4618 2076 2082 1292 790 1239 2536 357 734 1446 882
internal_count=11646 7933 3315 4618 2076 2082 1292 790 1239 2536 357 734 1446 882
is_linear=0
shrinkage=0.02


Tree=12
num_leaves=15
num_cat=0
split_feature=12 0 0 0 0 1 8 16 0 0 9 16 8 3
split_gain=220883 57163.7 8731.21 7563.81 2934.34 1533.74 1468.65 1492.83 1282.71 1149.25 1091.57 1027.64 963.048 934.34
threshold=inf 0.46877360266620821 0.69252932904164666 0.28608760778625403 0.83166737462957296 0.30599320522995194 0.7404145658263307 0.3974730116965241 0.30035082950285258 0.16061054173023759 0.45352014233066468 0.3974730116965241 0.38077489099334205 72.552832558253115
decision_type=8 10 10 8 10 10 2 10 10 10 2 10 2 8
left_child=1 3 5 9 -4 -3 7 12 -8 -1 -6 -11 -5 -14
right_child=-2 2 4 6 10 -7 8 -9 -10 11 -12 -13 13 -15
leaf_value=-0.028766950524056388 -0.1271261368547846 0.076915424391159559 0.13614672022352248 0.018419531614575258 0.17811246221694638 0.11303778116086094 0.15823706408610216 0.14102161497462029 0.037908900415196137 -0.0040205182426656886 0.24559704499112237 0.087793869180422202 0.031259714019184391 0.072283631705307549
leaf_weight=1063 3713 1115 1022 1072 401 813 74 51 68 1111 126 51 620 346
leaf_count=1063 3713 1115 1022 1072 401 813 74 51 68 1111 126 51 620 346
internal_value=0.00018883 0.0597779 0.120555 0.0123536 0.155914 0.0921475 0.0383758 0.034145 0.100615 -0.0137387 0.194247 9.201e-06 0.0314705 0.0459536
internal_weight=11646 7933 3477 4456 1549 1928 2231 2089 142 2225 527 1162 2038 966
internal_count=11646 7933 3477 4456 1549 1928 2231 2089 142 2225 527 1162 2038 966
is_linear=0
shrinkage=0.02


Tree=13
num_leaves=15
num_cat=0
split_feature=12 0 0 2 10 2 0 1 0 16 8 2 8 2
split_gain=212136 54985.1 10806.6 6196.14 2236.38 2224.55 1999.82 1598.78 1179.29 1059.79 759.809 825.455 727.903 676.649
threshold=inf 0.5503127125182582 0.29348602686545028 0.64652312662516753 0.50645833333333345 0.80223407894759025 0.40047196412256386 0.47061423864723523 0.16061054173023759 0.40442544898586691 0.48120444095547837 0.49403790087463562 0.77618447027856996 0.143010271373431
decision_type=8 10 8 10 2 10 10 8 10 10 2 8 2 8
left_child=1 2 8 10 6 -5 13 -6 -1 -10 -3 -12 -7 -4
right_child=-2 3 4 5 7 12 -8 -9 9 -11 11 -13 -14 -15
leaf_value=-0.02819161105222881 -0.12458361251701604 0.083966443889785081 -0.042731991173589931 0.14779816651141325 0.053840204606353262 0.18460181330801337 0.057801281330070564 0.11616751109362229 -0.0032327253614002427 0.090788794278353444 0.083356434453974712 0.12363279526978149 0.24686081618543657 0.022200752193759398
leaf_weight=1063 3713 522 68 903 458 186 908 257 1172 50 273 800 126 1147
leaf_count=1063 3713 522 68 903 458 186 908 257 1172 50 273 800 126 1147
internal_value=0.000185054 0.0585824 0.019586 0.129678 0.0456504 0.163705 0.0353472 0.0762432 -0.0127864 0.000614309 0.103757 0.113385 0.209745 0.0185667
internal_weight=11646 7933 5123 2810 2838 1215 2123 715 2285 1222 1595 1073 312 1215
internal_count=11646 7933 5123 2810 2838 1215 2123 715 2285 1222 1595 1073 312 1215
is_linear=0
shrinkage=0.02


Tree=14
num_leaves=15
num_cat=0
split_feature=12 0 0 2 10 2 0 1 0 16 8 2 8 2
split_gain=203736 52807.7 10378.6 5950.77 2148.93 2136.46 1884.04 1570.89 1132.59 1017.82 729.72 792.767 699.286 668.711
threshold=inf 0.5503127125182582 0.29348602686545028 0.64652312662516753 0.51677083333333351 0.80223407894759025 0.40047196412256386 0.47061423864723523 0.16061054173023759 0.40442544898586691 0.48120444095547837 0.49403790087463562 0.77440026148513252 0.13692018618887605
decision_type=8 10 8 10 2 10 10 8 10 10 2 8 2 8
left_child=1 2 8 10 6 -5 13 -6 -1 -10 -3 -12 -7 -4
right_child=-2 3 4 5 7 12 -8 -9 9 -11 11 -13 -14 -15
leaf_value=-0.027627779048126539 -0.12209193809379827 0.0822871154891434 -0.043357110903813292 0.14484220412399945 0.052940364395071993 0.1802444125932979 0.056623372176417837 0.1172513877490613 -0.0031680708749254739 0.088973017865419377 0.081689305399909568 0.12116013936086382 0.2409777601746699 0.022533989820351773
leaf_weight=1063 3713 522 65 903 414 182 938 240 1172 50 273 800 130 1181
leaf_count=1063 3713 522 65 903 414 182 938 240 1172 50 273 800 130 1181
internal_value=0.000181353 0.0574107 0.0191942 0.127084 0.0447374 0.160431 0.0352139 0.0765407 -0.0125307 0.000602023 0.101682 0.111118 0.20555 0.0190967
internal_weight=11646 7933 5123 2810 2838 1215 2184 654 2285 1222 1595 1073 312 1246
internal_count=11646 7933 5123 2810 2838 1215 2184 654 2285 1222 1595 1073 312 1246
is_linear=0
shrinkage=0.02


Tree=15
num_leaves=15
num_cat=0
split_feature=18 0 0 2 10 0 2 2 2 0 16 18 0 10
split_gain=195067 52526.5 9204.59 5415.4 2143.42 1622.96 1332.83 1219.34 1196.4 1147.56 1041.96 826.7 680.791 546.002
threshold=1.1239790850199098 0.54609869308098757 0.29348602686545028 0.69216153359065868 0.55140224358974377 0.43306287858037135 0.80223407894759025 0.61954512362209113 0.50002714107799218 0.18091856784303728 0.41501372255292718 0.55440581997992366 0.69620548966737328 0.73083333333333345
decision_type=8 10 8 10 2 10 10 8 10 8 10 10 10 2
left_child=1 2 9 8 5 11 -5 -6 -3 -1 -11 -4 -10 -8
right_child=-2 3 4 6 7 -7 13 -9 12 10 -12 -13 -14 -15
leaf_value=-0.025021410567475661 -0.11944857392402672 0.083400236031523467 0.018943596422578379 0.14821728269987497 0.055067824832744736 0.058634184321621437 0.17621206248395666 0.1186528067740122 0.10429955098496997 -0.0010325824773371821 0.092544608753919594 0.086592037552281426 0.13298389948906869 0.23028909593707686
leaf_weight=1240 3697 621 1468 595 319 720 172 194 749 990 50 76 593 132
leaf_count=1240 3697 621 1468 595 319 720 172 194 749 990 50 76 593 132
internal_value=0.000502446 0.0565018 0.0177517 0.124971 0.042201 0.0338369 0.165624 0.0791136 0.106353 -0.012027 0.00346632 0.0222734 0.116975 0.199693
internal_weight=11616 7919 5057 2862 2777 2264 899 513 1963 2280 1040 1544 1342 304
internal_count=11616 7919 5057 2862 2777 2264 899 513 1963 2280 1040 1544 1342 304
is_linear=0
shrinkage=0.02


Tree=16
num_leaves=15
num_cat=0
split_feature=18 0 0 0 10 0 0 8 0 0 16 18 8 9
split_gain=187342 50446.5 8840.09 5249.73 2058.54 1558.69 1425.78 1264.54 1189.64 1102.12 1000.7 793.963 800.083 789.038
threshold=1.1239790850199098 0.54609869308098757 0.29348602686545028 0.83166737462957296 0.55140224358974377 0.43306287858037135 0.70477358488398989 0.80929730840353409 0.46877360266620821 0.18091856784303728 0.41501372255292718 0.55440581997992366 0.24474000126366338 0.40958142576847617
decision_type=8 10 8 10 2 10 10 2 8 10 10 10 2 2
left_child=1 2 9 6 5 11 13 -5 -6 -1 -11 12 -4 -3
right_child=-2 3 4 7 8 -7 -8 -9 -10 10 -12 -13 -14 -15
leaf_value=-0.024520982336137451 -0.11705960069052232 0.090137290561453517 -0.0026185088943069179 0.162206727541122 0.039740691082828711 0.057461500524232781 0.12940807611245383 0.23490690737844461 0.1020770257213108 -0.0010119304479372622 0.090693716871738439 0.084860195249907289 0.028856173529231224 0.12791005756392149
leaf_weight=1240 3697 1166 480 398 202 720 899 126 311 990 50 76 988 273
leaf_count=1240 3697 1166 480 398 202 720 899 126 311 990 50 76 988 273
internal_value=0.000492398 0.0553718 0.0173967 0.122472 0.0413569 0.0331602 0.109648 0.179688 0.0775313 -0.0117865 0.00339699 0.021828 0.0185647 0.0973034
internal_weight=11616 7919 5057 2862 2777 2264 2338 524 513 2280 1040 1544 1468 1439
internal_count=11616 7919 5057 2862 2777 2264 2338 524 513 2280 1040 1544 1468 1439
is_linear=0
shrinkage=0.02


Tree=17
num_leaves=15
num_cat=0
split_feature=18 0 0 2 10 0 2 1 2 0 18 0 10 10
split_gain=179924 48448.8 8490.02 5067.5 1977.02 1496.97 1249.33 1166.81 1128 1058.47 762.522 627.651 590.17 509.682
threshold=1.1239790850199098 0.54609869308098757 0.29348602686545028 0.69216153359065868 0.55140224358974377 0.43306287858037135 0.80223407894759025 0.60228562873638303 0.50002714107799218 0.18091856784303728 0.55440581997992366 0.82445172039757997 0.60566964285714298 0.71136363636363653
decision_type=8 10 8 10 2 10 10 8 10 10 10 10 2 2
left_child=1 2 9 8 5 10 -5 -6 -3 -1 -4 -10 -9 -8
right_child=-2 3 4 6 7 -7 13 12 11 -11 -12 -13 -14 -15
leaf_value=-0.02403056314031804 -0.11471840653769029 0.079725176112699331 0.018193429590314527 0.14249495229300332 0.05437112712078785 0.056312270348270736 0.16776446056365965 0.060076564502716069 0.10796137145648547 0.0033290549400620735 0.08316299165746098 0.15519278788578608 0.14147147643950678 0.21962955460780198
leaf_weight=1240 3697 621 1468 595 339 720 160 50 1218 1040 76 124 124 144
leaf_count=1240 3697 621 1468 595 339 720 160 50 1218 1040 76 124 124 144
internal_value=0.00048255 0.0542643 0.0170488 0.120022 0.0405298 0.032497 0.159348 0.0759807 0.102012 -0.0115507 0.0213914 0.112326 0.118082 0.192332
internal_weight=11616 7919 5057 2862 2777 2264 899 513 1963 2280 1544 1342 174 304
internal_count=11616 7919 5057 2862 2777 2264 899 513 1963 2280 1544 1342 174 304
is_linear=0
shrinkage=0.02


Tree=18
num_leaves=15
num_cat=0
split_feature=18 0 0 0 2 2 16 5 0 7 0 2 0 11
split_gain=172799 46530.2 8153.82 4882.55 1755.14 1524.27 1072.34 898.173 1120.2 896.423 838.283 790.395 611.585 541.33
threshold=1.1239790850199098 0.54609869308098757 0.29348602686545028 0.83166737462957296 0.59665384466304128 0.3560463344798705 0.59925034486684681 3.5000000000000004 0.40474988801942186 1.0000000180025095e-35 0.16963138014836276 0.81335003051910915 0.36201174235253558 69.593750000000014
decision_type=8 10 8 10 10 8 10 2 10 2 10 10 10 2
left_child=1 2 6 4 -3 -4 10 8 -7 -9 -1 -5 -11 -6
right_child=-2 3 5 11 13 7 -8 9 -10 12 -12 -13 -14 -15
leaf_value=-0.026216679150777071 -0.1124240377937938 0.088864433473712701 0.014365072460104798 0.15279291268875675 0.13197361559166659 0.019652420407290545 0.060146289233256267 0.095450762082934376 0.059520288737122798 0.015642787115463356 -0.0015191878677872882 0.20295659559195123 0.061405103356223699 0.10022123810736309
leaf_weight=1107 3697 1234 707 315 812 662 81 250 491 151 1092 209 516 292
leaf_count=1107 3697 1234 707 315 812 662 81 250 491 151 1092 209 516 292
internal_value=0.0004729 0.053179 0.0167078 0.117622 0.105255 0.0397192 -0.0113197 0.0483788 0.03663 0.0631513 -0.0139522 0.172801 0.0510451 0.123575
internal_weight=11616 7919 5057 2862 2338 2777 2280 2070 1153 917 2199 524 667 1104
internal_count=11616 7919 5057 2862 2338 2777 2280 2070 1153 917 2199 524 667 1104
is_linear=0
shrinkage=0.02


Tree=19
num_leaves=15
num_cat=0
split_feature=12 0 0 2 10 0 2 1 2 16 0 0 2 11
split_gain=165846 44745.8 7830.89 4711.65 1870.75 1383.43 1153.93 1104.22 1057.63 1030.97 799.339 595.09 566.351 563.669
threshold=inf 0.54609869308098757 0.29348602686545028 0.69216153359065868 0.55140224358974377 0.43306287858037135 0.80223407894759025 0.50000766698879917 0.50002714107799218 0.59925034486684681 0.16963138014836276 0.69620548966737328 0.143010271373431 69.656250000000014
decision_type=8 10 8 10 2 10 10 8 10 10 10 10 8 2
left_child=1 2 9 8 5 12 13 -6 -3 10 -1 -10 -4 -5
right_child=-2 3 4 6 7 -7 -8 -9 11 -11 -12 -13 -14 -15
leaf_value=-0.025692345229597541 -0.11020476792526038 0.076322500812326194 -0.034794098208068121 0.14698054346119521 0.050757579552877394 0.053932798307662864 0.18488894328634303 0.11145524418205803 0.096039289092826594 0.058943363603802375 -0.0015864550214562175 0.12285747688659428 0.023037587902979714 0.099053652063612982
leaf_weight=1107 3694 621 71 471 322 721 304 191 749 81 1094 593 1473 124
leaf_count=1107 3694 621 71 471 322 721 304 191 749 81 1094 593 1473 124
internal_value=0.000463441 0.0520676 0.0163199 0.115269 0.0388702 0.0310594 0.153189 0.0733565 0.0979033 -0.0111317 -0.0137106 0.10789 0.0203782 0.136992
internal_weight=11616 7922 5060 2862 2778 2265 899 513 1963 2282 2201 1342 1544 595
internal_count=11616 7922 5060 2862 2778 2265 899 513 1963 2282 2201 1342 1544 595
is_linear=0
shrinkage=0.02


Tree=20
num_leaves=15
num_cat=0
split_feature=18 0 0 2 10 0 0 0 0 11 2 18 7 3
split_gain=159240 42655.7 7070.56 5118.19 1945.49 1554.54 1218.37 1209.19 1076.67 883.158 878.752 681.85 653.191 547.163
threshold=1.1239790850199098 0.52897081826313619 0.32435991185943441 0.63482796045036849 0.55140224358974377 0.85329487169545659 0.19770877442733506 0.43306287858037135 0.50441954712421422 69.656250000000014 0.50002714107799218 0.64568932562261472 2.5000000000000004 71.424252014385544
decision_type=8 10 8 10 2 10 10 10 8 2 10 10 2 10
left_child=1 2 6 10 7 9 -1 -4 -6 -5 -3 -8 -7 -9
right_child=-2 3 4 5 8 12 11 13 -10 -11 -12 -13 -14 -15
leaf_value=-0.020594377856851868 -0.10822103301962839 0.070429491856013784 0.020054959462528436 0.13747091780820284 0.049814548655586988 0.11583904961905171 0.0029526280123322863 0.04346089036554418 0.11302484638950765 0.092325668537899794 0.099811326771402642 0.065613600208952627 0.18704844618039054 0.087280018868183845
leaf_weight=1407 3706 712 1270 713 241 62 1133 465 195 229 951 74 305 151
leaf_count=1407 3706 712 1270 713 241 62 1133 465 195 229 951 74 305 151
internal_value=-4.14713e-05 0.0506557 0.0146126 0.110517 0.0400101 0.1401 -0.0079478 0.0312081 0.0780852 0.126496 0.0872317 0.00679431 0.175019 0.0542023
internal_weight=11614 7908 4936 2972 2322 1309 2614 1886 436 942 1663 1207 367 616
internal_count=11614 7908 4936 2972 2322 1309 2614 1886 436 942 1663 1207 367 616
is_linear=0
shrinkage=0.02


Tree=21
num_leaves=15
num_cat=0
split_feature=18 0 0 0 16 9 8 0 0 3 0 8 18 17
split_gain=152934 40966.5 6790.56 4365.88 1862.4 1378.36 1339.29 1453.36 1301.4 1120.44 974.373 814.707 760.508 767.051
threshold=1.1239790850199098 0.52897081826313619 0.32435991185943441 0.83166737462957296 0.54449631279215749 0.15690670887188959 0.4596610032851644 0.36201174235253558 0.71903569188805905 82.87787273269619 0.19770877442733506 0.63609957185376198 0.64568932562261472 0.46983521807333722
decision_type=8 10 8 10 10 2 2 10 10 8 10 2 10 10
left_child=1 2 4 5 10 -3 7 -4 -7 -8 -1 -11 13 -12
right_child=-2 3 6 -5 -6 8 9 -9 -10 11 12 -13 -14 -15
leaf_value=-0.022724578921130115 -0.10605661194194541 0.062361844965298091 0.0022498780920144645 0.16131613500648204 0.075563525232007211 0.092464787461794914 0.043855574386630715 0.044790179206836436 0.12607237871535468 0.06052870436857144 -0.0058992860373925735 0.13077308500469742 0.064301328530182708 0.070111809756074644
leaf_weight=1354 3706 383 582 514 103 1384 755 717 691 150 1027 118 74 56
leaf_count=1354 3706 383 582 514 103 1384 755 717 691 150 1027 118 74 56
internal_value=-4.06417e-05 0.0496426 0.0143204 0.108307 -0.00778885 0.0972221 0.0392099 0.0257306 0.103657 0.056326 -0.0112079 0.0914572 0.00226966 -0.00196889
internal_weight=11614 7908 4936 2972 2614 2458 2322 1299 2075 1023 2511 268 1157 1083
internal_count=11614 7908 4936 2972 2614 2458 2322 1299 2075 1023 2511 268 1157 1083
is_linear=0
shrinkage=0.02


Tree=22
num_leaves=15
num_cat=0
split_feature=18 0 0 2 16 0 8 0 3 0 11 2 8 18
split_gain=146878 39344.3 6521.66 4790.29 1788.65 1433.51 1286.26 1395.81 1076.07 935.787 843.286 831.969 782.445 730.392
threshold=1.1239790850199098 0.52897081826313619 0.32435991185943441 0.63482796045036849 0.54449631279215749 0.85329487169545659 0.4596610032851644 0.36201174235253558 82.87787273269619 0.19770877442733506 69.656250000000014 0.50002714107799218 0.63609957185376198 0.64568932562261472
decision_type=8 10 8 10 10 10 2 10 8 10 2 10 2 10
left_child=1 2 4 11 9 10 7 -4 -8 -1 -5 -3 -10 -11
right_child=-2 3 6 5 -6 -7 8 -9 12 13 -12 -13 -14 -15
leaf_value=-0.022270087234296205 -0.10393547813762412 0.067264628887772973 0.002204881018664547 0.13242084751937533 0.074052254942435669 0.16829182797560738 0.042978463049953348 0.043894375737449948 0.059318130016078552 -0.0019295100010725105 0.088306453834129217 0.095853663622377183 0.12815762466774716 0.06301530140879992
leaf_weight=1354 3706 712 582 713 103 367 755 717 150 1083 229 951 118 74
leaf_count=1354 3706 712 582 713 103 367 755 717 150 1083 229 951 118 74
internal_value=-3.98282e-05 0.0486498 0.014034 0.106141 -0.00763307 0.13476 0.0384257 0.0252159 0.0551995 -0.0109838 0.121697 0.0836135 0.0896281 0.00222426
internal_weight=11614 7908 4936 2972 2614 1309 2322 1299 1023 2511 942 1663 268 1157
internal_count=11614 7908 4936 2972 2614 1309 2322 1299 1023 2511 942 1663 268 1157
is_linear=0
shrinkage=0.02


Tree=23
num_leaves=15
num_cat=0
split_feature=17 0 0 0 10 16 10 0 0 0 0 8 17 9
split_gain=140992 37811.6 6260.86 4047.77 1776.57 1718.49 1517.65 1097.01 976.921 895.752 759.855 731.687 644.885 560.934
threshold=0.9812094281880791 0.52897081826313619 0.32435991185943441 0.83166737462957296 0.55140224358974377 0.54449631279215749 0.49174107142857154 0.43306287858037135 0.50441954712421422 0.19770877442733506 0.71903569188805905 0.80929730840353409 0.46983521807333722 0.28667503586800575
decision_type=8 10 8 10 2 10 2 10 8 10 10 2 10 2
left_child=1 2 5 6 7 9 13 -4 -6 -1 -8 -5 -11 -3
right_child=-2 3 4 11 8 -7 10 -9 -10 12 -12 -13 -14 -15
leaf_value=-0.021824685433611931 -0.10185210428997252 0.071272719669361093 0.018580382867107847 0.14153277744498383 0.047082914600604799 0.0725712092582462 0.096183005681871964 0.051091549491752347 0.10729409385529849 -0.0012615454147783844 0.12785625210186147 0.19715449169993401 0.067729728964337141 0.11006638540838447
leaf_weight=1354 3705 1007 1269 389 241 103 781 617 195 1101 495 125 57 175
leaf_count=1354 3705 1007 1269 389 241 103 781 617 195 1101 495 125 57 175
internal_value=-3.90305e-05 0.0476557 0.0137264 0.104018 0.0376276 -0.00749681 0.0933446 0.0292163 0.0740122 -0.0107799 0.10847 0.155059 0.0021344 0.0770163
internal_weight=11614 7909 4937 2972 2322 2615 2458 1886 436 2512 1276 514 1158 1182
internal_count=11614 7909 4937 2972 2322 2615 2458 1886 436 2512 1276 514 1158 1182
is_linear=0
shrinkage=0.02


Tree=24
num_leaves=15
num_cat=0
split_feature=18 0 2 0 10 16 2 2 7 18 17 11 8 16
split_gain=135479 36348.4 6146.57 4060.37 1897.75 1573.65 1496.48 1407.53 1243.29 1044.52 820.661 787.898 715.509 582.405
threshold=1.1239790850199098 0.45318461186413367 0.63482796045036849 0.22230802230802235 0.50645833333333345 0.46665079715506008 0.78456972405510672 0.50002714107799218 7.5000000000000009 0.74115603114127915 0.54502575501242101 69.090073529411782 0.75759748427672968 0.59925034486684681
decision_type=8 10 10 8 2 10 10 10 2 10 10 2 2 10
left_child=1 3 7 13 5 9 11 -3 12 10 -5 -4 -6 -1
right_child=-2 2 6 4 8 -7 -8 -9 -10 -11 -12 -13 -14 -15
leaf_value=-0.019043589875244966 -0.099821093200800931 0.058077684636756111 0.12621299335203989 0.0073348264448936549 0.065166678537525946 0.11098819655797508 0.16178876899560293 0.089796295417595276 0.016641026459029935 0.10119934840894798 0.081815296862366008 0.086223075630661075 0.13590101908590344 0.043919742707254697
leaf_weight=1603 3706 1137 683 1978 252 66 375 1102 188 51 61 277 74 61
leaf_count=1603 3706 1137 683 1978 252 66 375 1102 188 51 61 277 74 61
internal_value=-3.82506e-05 0.0467239 0.0939418 0.00778607 0.0230684 0.0148355 0.127909 0.0736891 0.0576015 0.0117991 0.00956303 0.114674 0.0812229 -0.0167354
internal_weight=11614 7908 3574 4334 2670 2156 1335 2239 514 2090 2039 960 326 1664
internal_count=11614 7908 3574 4334 2670 2156 1335 2239 514 2090 2039 960 326 1664
is_linear=0
shrinkage=0.02


Tree=25
num_leaves=15
num_cat=0
split_feature=12 0 0 0 0 2 10 2 1 5 9 1 5 2
split_gain=129156 33987.5 5245.46 4299 1275.92 1274.28 1091.92 1045.45 979.542 770.243 827.25 608.356 544.837 490.882
threshold=inf 0.52422054239865967 0.33910596473842375 0.77579349558177479 0.1782456665673316 0.50002714107799218 0.50645833333333345 0.80223407894759025 0.16628418206325149 4.5000000000000009 0.40592220279720287 0.50571351945087806 3.5000000000000004 0.75525946230162422
decision_type=8 10 8 10 10 8 2 10 10 2 2 8 2 8
left_child=1 2 4 5 -1 -3 8 -5 12 10 -7 -8 -4 -12
right_child=-2 3 6 7 -6 9 11 -9 -10 -11 13 -13 -14 -15
leaf_value=-0.02086463218642599 -0.097694389912247603 0.056608994443820664 0.0030949675155862249 0.12156335924728735 0.0068829190100277646 0.0761819963708463 0.044052885948707161 0.1692726053363591 0.045876598266096122 0.11970427816059509 0.10253711860180038 0.086911125395676539 0.035219512313145858 0.17070087084770205
leaf_weight=1210 3674 534 603 599 1466 980 356 265 685 326 273 211 325 50
leaf_count=1210 3674 534 603 599 1466 980 356 265 685 326 273 211 325 50
internal_value=0.000241121 0.0458856 0.0130979 0.0984845 -0.00566362 0.0834206 0.0361281 0.136196 0.0277359 0.0922097 0.0853308 0.0600019 0.0143455 0.113089
internal_weight=11557 7883 4856 3027 2676 2163 2180 864 1613 1629 1303 567 928 323
internal_count=11557 7883 4856 3027 2676 2163 2180 864 1613 1629 1303 567 928 323
is_linear=0
shrinkage=0.02


Tree=26
num_leaves=15
num_cat=0
split_feature=12 0 0 0 16 0 10 2 8 1 17 8 2 16
split_gain=124041 32641.6 5045.99 4128.76 1295.97 1403.38 1232.79 1224.45 1038.24 817.501 752.13 743.776 654.244 607.81
threshold=inf 0.52422054239865967 0.22230802230802235 0.77579349558177479 0.54815700483066665 0.38086423148885945 0.56237132352941188 0.50002714107799218 0.80929730840353409 0.16429540802724787 0.58578431372549034 0.48506974239377454 0.80223407894759025 0.22951097479399368
decision_type=8 10 8 10 10 8 2 10 2 10 10 2 10 10
left_child=1 2 13 7 5 10 9 -3 12 -7 -4 -9 -5 -1
right_child=-2 3 4 8 -6 6 -8 11 -10 -11 -12 -13 -14 -15
leaf_value=-0.018934592270286255 -0.095740501972794476 0.059882530281440818 0.007070234664594225 0.11039736852070357 0.11704557086621958 0.016877636722821811 0.071543012972365122 0.071065738173141074 0.17697487160137723 0.047037795959724751 0.086115216320753099 0.10173822298590482 0.15400699598793138 0.036321537938146367
leaf_weight=1530 3674 695 1302 499 63 888 335 461 175 604 50 1007 190 84
leaf_count=1530 3674 695 1302 499 63 888 335 461 175 604 50 1007 190 84
internal_value=0.000236299 0.0449678 0.0128359 0.0965148 0.0272209 0.0254408 0.036872 0.0817522 0.133472 0.0290872 0.0099935 0.0921061 0.122423 -0.0160588
internal_weight=11557 7883 4856 3027 3242 3179 1827 2163 864 1492 1352 1468 689 1614
internal_count=11557 7883 4856 3027 3242 3179 1827 2163 864 1492 1352 1468 689 1614
is_linear=0
shrinkage=0.02


Tree=27
num_leaves=15
num_cat=0
split_feature=12 2 2 2 5 2 16 5 15 3 9 10 9 10
split_gain=119129 26510 3801.57 3536.9 1858.97 1296.65 1030.58 881.71 771.297 740.67 627.68 615.591 553.723 514.122
threshold=inf 0.50612256965413838 0.78456972405510672 0.32172263688928365 3.5000000000000004 0.63482796045036849 0.58695003644057298 4.5000000000000009 1.0000000180025095e-35 1.0000000180025095e-35 0.39359631147540991 0.61287179487179499 0.28860850387239068 0.58781250000000018
decision_type=8 10 10 8 2 10 10 2 10 10 2 2 2 2
left_child=1 3 5 6 8 7 -1 -3 -5 11 -4 -6 -11 -9
right_child=-2 2 10 4 9 -7 -8 13 -10 12 -12 -13 -14 -15
leaf_value=-0.007360460958404539 -0.093825695606827686 0.064909446589337949 0.1246010001339927 0.023631296202164812 0.059294158076878233 0.10251517415055997 0.075581153775415105 0.13467532707611099 -0.0091179982934556265 0.052653114236431355 0.17676268114227256 0.12822057027269054 0.022319880612486336 0.074320036494495853
leaf_weight=1789 3674 1097 164 1706 173 1001 62 128 346 648 211 74 383 101
leaf_count=1789 3674 1097 164 1706 173 1001 62 128 346 648 211 74 383 101
internal_value=0.000231572 0.0440685 0.0948555 0.017582 0.0299021 0.0853322 -0.0045823 0.0723608 0.0181092 0.0488372 0.153951 0.0799442 0.0413848 0.108056
internal_weight=11557 7883 2702 5181 3330 2327 1851 1326 2052 1278 375 247 1031 229
internal_count=11557 7883 2702 5181 3330 2327 1851 1326 2052 1278 375 247 1031 229
is_linear=0
shrinkage=0.02


Tree=28
num_leaves=15
num_cat=0
split_feature=13 0 0 0 14 16 18 8 0 2 1 8 8 1
split_gain=114411 30407.3 4737.19 3830.04 1236.73 1709.13 1407.36 1291.32 1136.63 1122.69 1001.53 980.747 851.026 676.527
threshold=inf 0.52422054239865967 0.22230802230802235 0.77579349558177479 1.0000000180025095e-35 0.54815700483066665 0.67588409698121032 0.4596610032851644 0.35520150578337301 0.50002714107799218 0.19623524974892817 0.80929730840353409 0.48506974239377454 0.44225172097415016
decision_type=8 10 8 10 10 10 10 2 10 8 8 2 2 10
left_child=1 2 -1 9 5 6 7 8 -4 -3 -9 -5 13 -11
right_child=-2 3 4 11 -6 -7 -8 10 -10 12 -12 -13 -14 -15
leaf_value=-0.015822259537423264 -0.091949179264664602 0.053553702217362796 0.0033048602749845904 0.11779537120025677 -0.0032327172980017838 0.14601473529257025 0.13426963811814785 0.012995757314066093 0.03783224540675148 0.050362719776464643 0.057162562520021484 0.17081500636339186 0.096952544348998346 0.09885983850193375
leaf_weight=1614 3674 534 1026 689 488 51 50 285 607 356 735 175 1103 170
leaf_count=1614 3674 534 1026 689 488 51 50 285 607 356 735 175 1103 170
internal_value=0.000226941 0.0431871 0.0121744 0.0929386 0.0261122 0.0313121 0.0291479 0.0271667 0.016139 0.0787201 0.0448218 0.128534 0.0869699 0.0660367
internal_weight=11557 7883 4856 3027 3242 2754 2703 2653 1633 2163 1020 864 1629 526
internal_count=11557 7883 4856 3027 3242 2754 2703 2653 1633 2163 1020 864 1629 526
is_linear=0
shrinkage=0.02


Tree=29
num_leaves=15
num_cat=0
split_feature=12 0 0 0 16 1 0 10 1 10 10 1 5 13
split_gain=109881 29203.2 4550.12 3678.37 1405.46 997.157 974.406 965.136 872.166 724.426 585.073 552.287 504.792 465.145
threshold=inf 0.52422054239865967 0.33910596473842375 0.77579349558177479 0.55330395250928965 0.30112685837464692 0.1782456665673316 0.50645833333333345 0.16628418206325149 0.71136363636363653 0.41944240196078436 0.50571351945087806 3.5000000000000004 2.5000000000000004
decision_type=8 10 8 10 10 10 10 2 10 2 2 8 2 10
left_child=1 2 4 5 6 10 -1 8 12 -5 13 -9 -4 -3
right_child=-2 3 7 9 -6 -7 -8 11 -10 -11 -12 -13 -14 -15
leaf_value=-0.021572710548224502 -0.090110197690237981 0.013081052878983 0.0020260659585495298 0.1158801116154362 0.077023674836382269 0.091295948745242786 0.0030461783294661597 0.040629194529329463 0.042608020623999703 0.15922412942742828 0.076998334888833023 0.081464691980878745 0.032947524629647916 0.058644547922696008
leaf_weight=1174 3674 117 603 663 80 1037 1422 356 685 201 626 211 325 383
leaf_count=1174 3674 117 603 663 80 1037 1422 356 685 201 626 211 325 383
internal_value=0.000222402 0.0423234 0.0119309 0.0910799 -0.0055429 0.0771457 -0.00808733 0.0333804 0.0254905 0.125964 0.0641139 0.0558255 0.0128552 0.0479827
internal_weight=11557 7883 4856 3027 2676 2163 2596 2180 1613 864 1126 567 928 500
internal_count=11557 7883 4856 3027 2676 2163 2596 2180 1613 864 1126 567 928 500
is_linear=0
shrinkage=0.02


Tree=30
num_leaves=15
num_cat=0
split_feature=12 2 8 2 2 8 8 14 16 2 8 4 8 2
split_gain=107166 24306.9 4863.62 4150.4 2515.21 1922.76 1167.38 1162.65 1184.99 922.612 767.174 750.655 676.777 590.235
threshold=inf 0.49403790087463562 0.41471925133689841 0.63482796045036849 0.37726907127761727 0.77618447027856996 0.56760752688172056 1.0000000180025095e-35 0.41501372255292718 0.34925926175593769 0.74458982916245176 -0.099346042306032681 0.18071246241523453 0.80223407894759025
decision_type=8 10 2 10 8 2 2 10 10 10 2 2 2 10
left_child=1 2 7 6 -4 12 -3 8 9 -1 -6 -12 -5 -7
right_child=-2 3 4 5 10 13 -8 -9 -10 -11 11 -13 -14 -15
leaf_value=-0.0033090013798105769 -0.088184182169364841 0.049702475642993398 0.0094777281362554838 0.031480047277830263 0.05243823949777817 0.1366645727677463 0.085867082708988282 -0.020495783616842213 0.080050112023459866 0.024574990969612062 0.049908184399207432 0.14453998355881165 0.10418156486330649 0.19293798724921155
leaf_weight=1622 3713 824 654 54 1100 223 630 783 87 671 60 76 994 112
leaf_count=1622 3713 824 654 54 1100 223 630 783 87 671 60 76 994 112
internal_value=0.000419175 0.0421155 0.0158122 0.0889647 0.0411958 0.113768 0.0653721 0.000644572 0.00759957 0.00485068 0.0579786 0.102791 0.100435 0.155478
internal_weight=11603 7890 5053 2837 1890 1383 1454 3163 2380 2293 1236 136 1048 335
internal_count=11603 7890 5053 2837 1890 1383 1454 3163 2380 2293 1236 136 1048 335
is_linear=0
shrinkage=0.02


Tree=31
num_leaves=15
num_cat=0
split_feature=12 8 1 8 14 1 1 1 8 1 1 8 18 7
split_gain=102923 18195 4204.9 2550.77 2300.34 1988.16 979.625 970.071 754.173 701.033 478.714 445.492 404.409 403.472
threshold=inf 0.50662020905923355 0.20000027558708239 0.77618447027856996 1.0000000180025095e-35 0.090092518228909527 0.34703247720263775 0.58260980236903437 0.38077489099334205 0.47061423864723523 0.33334426086509344 0.30407836865253907 0.54666410475345961 12.500000000000002
decision_type=8 2 8 2 10 10 10 10 2 8 10 2 10 2
left_child=1 4 -3 6 5 -1 -4 8 12 -5 -6 -9 13 -7
right_child=-2 2 3 9 10 7 -8 11 -10 -11 -12 -13 -14 -15
leaf_value=1.1503263225525798e-05 -0.086420495035575778 0.039868029819222064 0.067436210884119982 0.1132201693543423 -0.015484258972290889 0.015863304898718442 0.097613425488271843 0.048892650328479802 0.046436710348318082 0.16063512133000848 0.020267569905525626 0.11785128811450854 0.062502437347173687 0.037968474296745901
leaf_weight=986 3713 778 880 299 847 1372 842 77 805 214 182 73 100 435
leaf_count=986 3713 778 880 299 847 1372 842 77 805 214 182 73 100 435
internal_value=0.000410793 0.0412732 0.0799139 0.0938537 0.0174011 0.0245041 0.0821919 0.0329421 0.0302037 0.133 -0.00916081 0.0824525 0.0233513 0.0211847
internal_weight=11603 7890 3013 2235 4877 3848 1722 2862 2712 513 1029 150 1907 1807
internal_count=11603 7890 3013 2235 4877 3848 1722 2862 2712 513 1029 150 1907 1807
is_linear=0
shrinkage=0.02


Tree=32
num_leaves=15
num_cat=0
split_feature=13 0 0 0 8 16 10 3 18 0 17 9 8 8
split_gain=98846.9 29818.4 4096.02 2855.96 1801.12 1611.05 1416.19 1451.29 1049.37 961.137 805.223 640.632 596.532 584.433
threshold=inf 0.45318461186413367 0.70477358488398989 0.22230802230802235 0.77618447027856996 0.42346611447710658 0.55986607142857159 75.000326940026738 0.64568932562261472 0.5546736227946566 0.57081267439522831 0.41910464784716289 0.49918032786885252 0.4098872180451128
decision_type=8 10 10 8 2 10 2 8 10 10 10 2 2 2
left_child=1 3 9 -1 -4 6 8 -8 10 -3 13 -6 -11 -5
right_child=-2 2 4 5 11 -7 7 -9 -10 12 -12 -13 -14 -15
leaf_value=-0.016153542193511613 -0.084692086182031029 0.048778344238648214 0.095879947665915927 -0.0032321326475420772 0.12256285881310111 0.11364744526498458 0.017706712785719045 0.10039420676069195 0.074400125329431729 0.05971229017342828 0.078759711598550594 0.17483982518272739 0.087131054748712175 0.018721976666480622
leaf_weight=1605 3713 830 1052 1383 202 68 201 147 95 527 60 175 798 747
leaf_count=1605 3713 830 1052 1383 202 68 201 147 95 527 60 175 798 747
internal_value=0.000402577 0.0404478 0.0830651 0.00497619 0.109321 0.017532 0.0150497 0.0526351 0.00932555 0.0656543 0.00650268 0.146829 0.0762256 0.00446727
internal_weight=11603 7890 3584 4306 1429 2701 2633 348 2285 2155 2190 377 1325 2130
internal_count=11603 7890 3584 4306 1429 2701 2633 348 2285 2155 2190 377 1325 2130
is_linear=0
shrinkage=0.02


Tree=33
num_leaves=15
num_cat=0
split_feature=12 0 2 0 16 8 10 7 18 0 15 2 10 0
split_gain=94932.5 28637.6 4305.17 2742.87 1547.25 1537.39 1360.11 1458.92 1012.22 952.161 599.067 541.16 532.546 462.097
threshold=inf 0.45318461186413367 0.63482796045036849 0.22230802230802235 0.42346611447710658 0.77618447027856996 0.55986607142857159 2.5000000000000004 0.58492789083868935 0.5546736227946566 1.0000000180025095e-35 0.80223407894759025 0.65450000000000019 0.3286129026104691
decision_type=8 10 10 8 10 2 2 2 10 10 10 10 2 10
left_child=1 3 9 -1 6 -4 8 12 13 -3 -10 -7 -8 -5
right_child=-2 2 5 4 -6 11 7 -9 10 -11 -12 -13 -14 -15
leaf_value=-0.015830471588200036 -0.082998244287895123 0.046383955510599276 0.09735864593684232 -0.001010905796642416 0.11137449621715967 0.12877415735825831 0.063027546770042839 0.013365265372940289 0.10082174438479785 0.073847570255401215 0.011733187515945995 0.18265741925154413 0.13600331890086334 0.018253598973257838
leaf_weight=1605 3713 770 1012 1381 68 223 90 186 74 1467 51 112 72 779
leaf_count=1605 3713 770 1012 1381 68 223 90 186 74 1467 51 112 72 779
internal_value=0.000394525 0.0396388 0.0814038 0.00487666 0.0171813 0.109652 0.0147487 0.0515823 0.00913903 0.0643943 0.0644736 0.146789 0.0954612 0.0059368
internal_weight=11603 7890 3584 4306 2701 1347 2633 348 2285 2237 125 335 162 2160
internal_count=11603 7890 3584 4306 2701 1347 2633 348 2285 2237 125 335 162 2160
is_linear=0
shrinkage=0.02


Tree=34
num_leaves=15
num_cat=0
split_feature=13 2 8 2 2 8 14 16 8 2 8 8 4 2
split_gain=91173.2 21117.3 4193.52 3598.77 2252.31 1616.42 1039.11 1089.17 1006.92 824.732 776.961 610.37 588.485 519.73
threshold=inf 0.49403790087463562 0.41471925133689841 0.63482796045036849 0.40181664899954672 0.77618447027856996 1.0000000180025095e-35 0.41501372255292718 0.56760752688172056 0.34925926175593769 0.74458982916245176 0.18071246241523453 -0.099346042306032681 0.80223407894759025
decision_type=8 10 2 10 8 2 10 10 2 10 2 2 2 10
left_child=1 2 6 8 -4 11 7 9 -3 -1 -6 -5 -12 -7
right_child=-2 3 4 5 10 13 -8 -9 -10 -11 12 -13 -14 -15
leaf_value=-0.0035298770535424346 -0.081338278772758399 0.04599145981528089 0.011654119254951337 0.027900071334507733 0.050087596678240878 0.12619867440313101 -0.019740554624799719 0.076279662374792431 0.07957884624768935 0.022833542919727442 0.052576738744111805 0.096942690271749274 0.13966134226485474 0.17900426922632115
leaf_weight=1622 3713 824 773 54 990 223 783 87 630 671 54 994 73 112
leaf_count=1622 3713 824 773 54 990 223 783 87 630 671 54 994 73 112
internal_value=0.000386635 0.038846 0.0143291 0.0825132 0.0378994 0.10561 0.000245123 0.00682024 0.0605445 0.00418484 0.0560619 0.0933852 0.102633 0.143853
internal_weight=11603 7890 5053 2837 1890 1383 3163 2380 1454 2293 1117 1048 127 335
internal_count=11603 7890 5053 2837 1890 1383 3163 2380 1454 2293 1117 1048 127 335
is_linear=0
shrinkage=0.02


Tree=35
num_leaves=15
num_cat=0
split_feature=12 0 0 0 16 16 10 1 8 0 0 0 10 1
split_gain=86669.6 25245.6 3617.04 2923.81 1089.46 1009.05 958.155 858.604 830.002 651.267 577.936 521.528 503.88 543.265
threshold=inf 0.52897081826313619 0.29348602686545028 0.8392289310982578 0.42346611447710658 0.2020923641174352 0.33348214285714289 0.38338709843980073 0.80929730840353409 0.32435991185943441 0.43306287858037135 0.14529114203658289 0.60566964285714298 0.54474131506729462
decision_type=8 10 8 10 10 10 2 10 2 10 8 10 2 8
left_child=1 2 5 7 6 11 9 -3 -5 -4 -8 -1 -12 -14
right_child=-2 3 4 8 -6 -7 10 -9 -10 -11 12 -13 13 -15
leaf_value=-0.02363180905975501 -0.079745768449619142 0.066456627619426806 -0.010408094918219056 0.11415912220364724 0.10931847801462549 0.043823943859425139 0.019482148933830191 0.091284148812459373 0.17538639794687849 0.021659080791392477 0.036464788405923876 -0.0036885220976951329 0.034632253049051064 0.10156209198972294
leaf_weight=896 3729 1596 410 355 61 138 618 856 118 663 662 1265 85 113
leaf_count=896 3729 1596 410 355 61 138 618 856 118 663 662 1265 85 113
internal_value=-0.000378492 0.0373909 0.00968614 0.0839064 0.025789 -0.00860912 0.0237917 0.075124 0.129434 0.00940601 0.0342354 -0.0119575 0.0448371 0.0728296
internal_weight=11565 7836 4911 2925 2612 2299 2551 2452 473 1073 1478 2161 860 198
internal_count=11565 7836 4911 2925 2612 2299 2551 2452 473 1073 1478 2161 860 198
is_linear=0
shrinkage=0.02


Tree=36
num_leaves=15
num_cat=0
split_feature=13 2 8 2 2 16 8 2 14 1 8 2 8 4
split_gain=83237.4 20259.6 3537.62 2828.37 1701.24 1375.04 1365.58 752.878 641.855 591.679 459.039 451.865 435.117 515.006
threshold=inf 0.50612256965413838 0.4596610032851644 0.77605468493261509 0.35858205773356416 0.2020923641174352 0.5739606832097971 0.34925926175593769 1.5000000000000002 0.61392408341939786 0.10973698294976682 0.13692018618887605 0.74458982916245176 -0.099346042306032681
decision_type=8 10 2 10 8 10 2 10 10 10 2 10 2 2
left_child=1 2 5 6 -4 7 -3 10 12 -5 -1 -7 -6 -14
right_child=-2 3 4 9 8 11 -8 -9 -10 -11 -12 -13 13 -15
leaf_value=-0.037703024618452485 -0.078150853059604494 0.056793465278186385 0.0076518820957081988 0.11388366020388073 0.048897825634346914 0.01702194772893563 0.087987945765076112 0.014122742009493167 -0.019585357958078385 0.16595898443671661 -0.0043762495164986906 0.085077910327911385 0.041363080364962425 0.11808196733750048
leaf_weight=179 3729 1093 539 279 986 64 1154 958 50 127 2163 100 60 84
leaf_count=179 3729 1093 539 279 986 64 1154 958 50 127 2163 100 60 84
internal_value=-0.000370922 0.036643 0.0136352 0.081592 0.0370908 0.00199541 0.0728141 -0.000813661 0.0505378 0.130173 -0.00692343 0.0585195 0.0536406 0.0861158
internal_weight=11565 7836 5183 2653 1719 3464 2247 3300 1180 406 2342 164 1130 144
internal_count=11565 7836 5183 2653 1719 3464 2247 3300 1180 406 2342 164 1130 144
is_linear=0
shrinkage=0.02


Tree=37
num_leaves=15
num_cat=0
split_feature=12 2 2 2 5 2 1 5 14 3 10 10 10 9
split_gain=79941.2 19457.3 2716.37 2112.35 1163.51 811.691 568.248 567.16 541.152 524.845 707.073 477.709 451.383 427.594
threshold=inf 0.50612256965413838 0.77605468493261509 0.28779584622195026 3.5000000000000004 0.63482796045036849 0.61392408341939786 4.5000000000000009 1.5000000000000002 74.21784822904678 0.61287179487179499 0.58781250000000018 0.60566964285714298 0.33568931068931074
decision_type=8 10 10 8 2 10 10 2 10 8 2 2 2 2
left_child=1 3 5 -1 8 7 -4 -3 -5 13 -11 -9 -7 -6
right_child=-2 2 6 4 9 12 -8 11 -10 10 -12 -13 -14 -15
leaf_value=-0.0061490180479611923 -0.07658783621876257 0.055377240928437987 0.11160598699817947 0.015515940136485331 0.036580505529601848 0.071809362840242447 0.16263980467488448 0.11464096366230285 -0.022875118396610401 0.040726701406019854 0.1064440392347222 0.054685893145839819 0.0996918237213755 0.0072736342504286945
leaf_weight=1554 3729 1097 279 2084 775 467 127 132 158 256 88 89 462 268
leaf_count=1554 3729 1097 279 2084 775 467 127 132 158 256 88 89 462 268
internal_value=-0.000363504 0.0359102 0.0799602 0.0133625 0.0217176 0.0713578 0.12757 0.0612659 0.0128104 0.0361156 0.0575381 0.0904962 0.0856756 0.0290501
internal_weight=11565 7836 2653 5183 3629 2247 406 1318 2242 1387 344 221 929 1043
internal_count=11565 7836 2653 5183 3629 2247 406 1318 2242 1387 344 221 929 1043
is_linear=0
shrinkage=0.02


Tree=38
num_leaves=15
num_cat=0
split_feature=12 0 0 0 2 2 8 18 10 2 0 9 5 2
split_gain=76775.6 22795.1 3229.56 2676.02 837.161 780.742 775.081 608.418 586.363 642.086 622.071 577.298 650.378 553.927
threshold=inf 0.52422054239865967 0.29348602686545028 0.8392289310982578 0.50002714107799218 0.21001614477039207 0.80929730840353409 0.55440581997992366 0.42664335664335667 0.35858205773356416 0.40047196412256386 0.40592220279720287 4.5000000000000009 0.78456972405510672
decision_type=8 10 8 10 8 8 2 10 2 8 10 2 2 8
left_child=1 2 -1 4 -3 -4 -5 8 10 -10 -7 12 -6 -13
right_child=-2 3 5 6 11 7 -8 -9 9 -11 -12 13 -14 -15
leaf_value=-0.0086129382337277859 -0.075056082678723504 0.048258237124092523 -0.024360953616931684 0.10782831901511257 0.06361787563810746 0.0050394682660095148 0.16699525382054056 0.071001986605234629 0.00072946685759753954 0.043771917971713092 0.032598625397159832 0.085841391460263525 0.097567981878104282 0.14251097291526271
leaf_weight=2299 3729 525 127 355 1164 833 118 117 168 793 540 435 280 82
leaf_count=2299 3729 525 127 355 1164 833 118 117 168 793 540 435 280 82
internal_value=-0.000356235 0.035192 0.0086215 0.0789852 0.0706889 0.0239908 0.122589 0.0264961 0.0242651 0.0362473 0.0158785 0.0766941 0.070201 0.0948296
internal_weight=11565 7836 4877 2959 2486 2578 473 2451 2334 961 1373 1961 1444 517
internal_count=11565 7836 4877 2959 2486 2578 473 2451 2334 961 1373 1961 1444 517
is_linear=0
shrinkage=0.02


Tree=39
num_leaves=15
num_cat=0
split_feature=13 0 0 0 16 16 10 0 8 17 2 2 0 18
split_gain=73735.3 21895.7 3170.06 2527.48 1035.82 938.913 836.683 746.358 744.388 685.332 634.934 605.362 466.968 578.33
threshold=inf 0.52897081826313619 0.29348602686545028 0.8392289310982578 0.42346611447710658 0.2020923641174352 0.33348214285714289 0.69252932904164666 0.80929730840353409 0.32233474451224059 0.143010271373431 0.35858205773356416 0.12432437040385484 0.77559273226161374
decision_type=8 10 8 10 10 10 2 10 2 10 10 8 10 10
left_child=1 2 5 7 6 9 10 -3 -5 12 -4 -8 -1 -14
right_child=-2 3 4 8 -6 -7 11 -9 -10 -11 -12 -13 13 -15
leaf_value=-0.029310422085805993 -0.073554961157727416 0.060180328901084663 -0.010887122670171209 0.10567175272094007 0.10520927882096807 0.042137242937865464 0.0080217357362877533 0.08251013856973563 0.16365534869291015 0.025581186401621742 0.020661864229168686 0.038529953595979743 -0.011040370780430162 0.057617271799667212
leaf_weight=629 3729 1413 418 355 61 138 337 1039 118 181 655 1141 1300 51
leaf_count=629 3729 1413 418 355 61 138 337 1039 118 181 655 1141 1300 51
internal_value=-0.00034911 0.0344881 0.0086869 0.0778077 0.023762 -0.00844068 0.0218145 0.0696423 0.120137 -0.0116706 0.00837158 0.0315737 -0.0150759 -0.00844856
internal_weight=11565 7836 4911 2925 2612 2299 2551 2452 473 2161 1073 1478 1980 1351
internal_count=11565 7836 4911 2925 2612 2299 2551 2452 473 2161 1073 1478 1980 1351
is_linear=0
shrinkage=0.02


Tree=40
num_leaves=15
num_cat=0
split_feature=13 0 0 0 8 0 16 1 8 0 7 9 16 1
split_gain=72934.2 21055.7 4193.74 1969.95 1321.36 1237.98 759.792 698.709 649.957 698.086 691.099 626.533 557.17 535.159
threshold=inf 0.43306287858037135 0.69252932904164666 0.25002362502362513 0.77618447027856996 0.86083675579425012 0.48005134827323132 0.20917500065560526 0.27871752727936816 0.26851425457485628 1.0000000180025095e-35 0.1544332210998878 0.59925034486684681 0.60228562873638303
decision_type=8 10 10 8 2 10 10 10 2 10 2 2 10 10
left_child=1 3 7 12 6 11 8 -3 9 -5 -10 -4 -1 -9
right_child=-2 2 5 4 -6 -7 -8 13 10 -11 -12 -13 -14 -15
leaf_value=-0.013334455017401639 -0.072178900989133918 0.036385353512987474 0.047175218524788724 -0.024120673844424477 0.099063451057672516 0.12672911384582519 0.085081831973431429 0.057493006331227933 0.048163422528240414 0.012675600690271861 0.012778695637091204 0.09067723319826998 0.046713185999542474 0.11664980903500691
leaf_weight=1806 3752 756 153 336 75 375 58 1383 288 534 946 985 64 64
leaf_count=1806 3752 756 153 336 75 375 58 1383 288 534 946 985 64 64
internal_value=0.000313163 0.0350812 0.0695759 0.00387048 0.0165348 0.0952137 0.0136719 0.0519681 0.0117034 -0.00153537 0.021037 0.0848285 -0.0112793 0.0601095
internal_weight=11575 7823 3716 4107 2237 1513 2162 2203 2104 870 1234 1138 1870 1447
internal_count=11575 7823 3716 4107 2237 1513 2162 2203 2104 870 1234 1138 1870 1447
is_linear=0
shrinkage=0.02


Tree=41
num_leaves=15
num_cat=0
split_feature=13 2 8 2 2 16 8 2 9 8 11 1 7 1
split_gain=70046 16728.2 3353.69 2664.43 2007.09 1063.49 969.737 860.397 721.249 664.635 629.773 632.466 639.508 580.738
threshold=inf 0.50612256965413838 0.41471925133689841 0.68391722583566983 0.31119211771189176 0.23632047399663675 0.57642366553257651 0.28779584622195026 0.073119511263841169 0.77618447027856996 69.152573529411782 0.30390038817239101 1.5000000000000002 0.48006554070577317
decision_type=8 10 2 10 8 10 2 10 2 2 2 10 2 10
left_child=1 2 5 6 -4 7 -3 -1 -9 13 11 -5 -13 -6
right_child=-2 3 4 10 9 -7 -8 8 -10 -11 -12 12 -14 -15
leaf_value=-0.010421141812314644 -0.070735323744287884 0.045984833374684703 -0.0036606429041682186 0.044019279484995281 0.038581690805555263 0.053626329766265281 0.076292030343346917 0.065127246270523131 0.0068659739230015051 0.09309557835097021 0.074406045467263857 0.050497655178661706 0.1223156443779896 0.10429836136022848
leaf_weight=1840 3752 914 441 52 1362 145 785 92 1116 106 252 54 608 56
leaf_count=1840 3752 914 441 52 1362 145 785 92 1116 106 252 54 608 56
internal_value=0.0003069 0.0343796 0.0133575 0.075067 0.0339149 0.000706248 0.0599879 -0.00181128 0.0113031 0.0447881 0.101588 0.111182 0.116457 0.041177
internal_weight=11575 7823 5158 2665 1965 3193 1699 3048 1208 1524 966 714 662 1418
internal_count=11575 7823 5158 2665 1965 3193 1699 3048 1208 1524 966 714 662 1418
is_linear=0
shrinkage=0.02


Tree=42
num_leaves=15
num_cat=0
split_feature=12 2 8 2 2 8 2 14 9 8 2 1 18 3
split_gain=67272.2 16065.8 3220.88 2558.92 1927.61 931.336 881.049 709.534 826.495 638.315 559.261 557.74 488.348 441.07
threshold=inf 0.50612256965413838 0.41471925133689841 0.68391722583566983 0.31119211771189176 0.57642366553257651 0.17126526791016852 1.0000000180025095e-35 0.073119511263841169 0.77618447027856996 0.80223407894759025 0.48006554070577317 0.54546791504538727 62.793384014655004
decision_type=8 10 2 10 8 2 10 10 2 2 10 10 10 10
left_child=1 2 6 5 -4 -3 -1 8 -8 11 -5 -6 -10 -11
right_child=-2 3 4 10 9 -7 7 -9 12 13 -12 -13 -14 -15
leaf_value=-0.011977169869695256 -0.069320615085203249 0.045065136640505862 -0.0035874300615655053 0.089194495016793635 0.037810057101746619 0.074766189725915339 0.068391228839919896 -0.011720452719375867 0.0090225023413379873 0.13126827206876543 0.12190543321941316 0.10221239479524749 0.062264329678800009 0.049659267572256235
leaf_weight=1301 3752 914 441 660 1362 785 113 476 1230 54 306 56 73 52
leaf_count=1301 3752 914 441 660 1362 785 113 476 1230 54 306 56 73 52
internal_value=0.000300763 0.033692 0.0130903 0.0735656 0.0332366 0.0587881 0.000692123 0.00940394 0.0165051 0.0438924 0.0995563 0.0403534 0.0120054 0.0912337
internal_weight=11575 7823 5158 2665 1965 1699 3193 1892 1416 1524 966 1418 1303 106
internal_count=11575 7823 5158 2665 1965 1699 3193 1892 1416 1524 966 1418 1303 106
is_linear=0
shrinkage=0.02


Tree=43
num_leaves=15
num_cat=0
split_feature=13 0 0 0 8 0 16 14 10 17 1 9 2 9
split_gain=64608.2 18970.6 3770.04 1811.93 1196.36 1138 758.921 688.372 580.715 669.295 578.277 569.058 565.49 489.688
threshold=inf 0.43306287858037135 0.69252932904164666 0.22230802230802235 0.77618447027856996 0.86083675579425012 0.41501372255292718 1.5000000000000002 0.44098214285714293 0.57081267439522831 0.60228562873638303 0.1544332210998878 0.60214436159071139 0.1585923005565863
decision_type=8 10 10 8 2 10 10 10 2 10 10 2 8 2
left_child=1 3 7 -1 6 11 8 10 9 -5 13 -4 -10 -3
right_child=-2 2 5 4 -6 -7 -8 -9 12 -11 -12 -13 -14 -15
leaf_value=-0.013100159772796244 -0.0679342019430864 0.030823700947783736 0.044226901634456292 0.0010484376196587062 0.09169923518965771 0.12028465160929909 0.076036702603311607 -0.0074361971559294736 0.01276308795824016 0.075348788359761235 0.11096447168361573 0.08568559478116955 0.051863228161347176 0.054562196311681695
leaf_weight=1616 3752 443 153 1611 77 375 71 83 465 50 63 985 217 1614
leaf_count=1616 3752 443 153 1611 77 375 71 83 465 50 63 985 217 1614
internal_value=0.000294748 0.0330181 0.0657604 0.00339304 0.0140928 0.0900686 0.0116173 0.0490657 0.00966523 0.00328505 0.0512779 0.0801116 0.025204 0.0494498
internal_weight=11575 7823 3716 4107 2491 1513 2414 2203 2343 1661 2120 1138 682 2057
internal_count=11575 7823 3716 4107 2491 1513 2414 2203 2343 1661 2120 1138 682 2057
is_linear=0
shrinkage=0.02


Tree=44
num_leaves=15
num_cat=0
split_feature=13 0 0 0 8 0 14 1 9 2 8 7 0 9
split_gain=62049.8 18219.4 3620.74 1740.18 1148.99 1092.94 661.113 555.377 546.523 529.583 479.552 641.86 616.177 513.466
threshold=inf 0.43306287858037135 0.69252932904164666 0.22230802230802235 0.77618447027856996 0.86083675579425012 1.5000000000000002 0.60228562873638303 0.1544332210998878 0.16967388574962802 0.41817226987534439 1.5000000000000002 0.33910596473842375 0.35495558672276772
decision_type=8 10 10 8 2 10 10 10 2 8 2 2 10 2
left_child=1 3 6 -1 9 8 7 -3 -4 -5 12 13 -11 -12
right_child=-2 2 5 4 -6 -7 -8 -9 -10 10 11 -13 -14 -15
leaf_value=-0.012838156617726063 -0.066575520785886855 0.048460825589869402 0.043342363480843756 -0.02437692574639955 0.089865249368761266 0.11787895881613096 -0.0072874733715890408 0.10874518198774212 0.083971882633174663 -0.001493518555864063 0.034674771920510453 0.013796804767986561 0.028290475750761351 0.097201021960083872
leaf_weight=1616 3752 2057 153 155 77 375 83 63 985 1019 202 585 382 71
leaf_count=1616 3752 2057 153 155 77 375 83 63 985 1019 202 585 382 71
internal_value=0.000288852 0.0323578 0.0644452 0.00332518 0.0138109 0.0882672 0.0480844 0.0502523 0.0785094 0.011385 0.0138388 0.0256139 0.00662746 0.0509362
internal_weight=11575 7823 3716 4107 2491 1513 2203 2120 1138 2414 2259 858 1401 273
internal_count=11575 7823 3716 4107 2491 1513 2203 2120 1138 2414 2259 858 1401 273
is_linear=0
shrinkage=0.02


Tree=45
num_leaves=15
num_cat=0
split_feature=18 0 2 0 16 10 2 18 17 0 10 11 2 9
split_gain=57591.8 17172.6 2574.74 2303.05 897.883 806.943 885.023 820.559 806.827 774.782 530.265 527.871 520.33 497.731
threshold=1.1239790850199098 0.46877360266620821 0.68391722583566983 0.22230802230802235 0.42346611447710658 0.50645833333333345 0.11483926853067424 0.66004384429322915 0.58578431372549034 0.63344030300602094 0.61287179487179499 69.152573529411782 0.21001614477039207 0.47297077922077929
decision_type=8 10 10 8 10 2 10 10 10 10 2 2 8 2
left_child=1 3 9 -1 5 7 10 8 12 -3 -7 13 -5 -4
right_child=-2 2 11 4 -6 6 -8 -9 -10 -11 -12 -13 -14 -15
leaf_value=-0.014488912903457104 -0.065184175000665118 0.042653573763572837 0.090102668805852271 -0.02552924596256128 0.080736826342053536 0.033434412134693392 0.017407061572970645 0.070360152253017921 0.080126242249419818 0.065222471673133678 0.10291367276148362 0.066539343217653896 0.0072614881461096504 0.12689011943412989
leaf_weight=1601 3689 1276 521 216 82 79 354 82 57 1163 99 245 1864 205
leaf_count=1601 3689 1276 521 216 82 79 354 82 57 1163 99 245 1864 205
internal_value=-1.32884e-05 0.0306363 0.0643806 0.00468502 0.0155207 0.0135768 0.035699 0.00827302 0.00589064 0.0534152 0.0720774 0.0919239 0.0038563 0.10049
internal_weight=11533 7844 3410 4434 2833 2751 532 2219 2137 2439 178 971 2080 726
internal_count=11533 7844 3410 4434 2833 2751 532 2219 2137 2439 178 971 2080 726
is_linear=0
shrinkage=0.02


Tree=46
num_leaves=15
num_cat=0
split_feature=18 0 2 0 16 10 2 18 17 0 0 10 11 9
split_gain=55311.2 16492.6 2472.78 2211.85 862.327 774.988 849.976 788.065 774.877 744.1 515.836 509.266 506.967 478.02
threshold=1.1239790850199098 0.46877360266620821 0.68391722583566983 0.22230802230802235 0.42346611447710658 0.50645833333333345 0.11483926853067424 0.66004384429322915 0.58578431372549034 0.63344030300602094 0.38086423148885945 0.61287179487179499 69.152573529411782 0.47297077922077929
decision_type=8 10 10 8 10 2 10 10 10 10 10 2 2 2
left_child=1 3 9 -1 5 7 11 8 10 -3 -5 -7 13 -4
right_child=-2 2 12 4 -6 6 -8 -9 -10 -11 -12 -13 -14 -15
leaf_value=-0.014199134534844976 -0.063880492240376313 0.041800502512504008 0.088300615598442267 -0.0018237002244870521 0.079122089425147313 0.03276572397874692 0.01705892052953947 0.068952949047997231 0.07852371743994585 0.063918022058236712 0.021484242315962909 0.10085539783492234 0.065208556151511721 0.12435231680550227
leaf_weight=1601 3689 1276 521 1580 82 79 354 82 57 1163 500 99 245 205
leaf_count=1601 3689 1276 521 1580 82 79 354 82 57 1163 500 99 245 205
internal_value=-1.30229e-05 0.0300236 0.063093 0.00459132 0.0152103 0.0133052 0.034985 0.00810756 0.00577282 0.0523469 0.00377917 0.0706358 0.0900854 0.0984805
internal_weight=11533 7844 3410 4434 2833 2751 532 2219 2137 2439 2080 178 971 726
internal_count=11533 7844 3410 4434 2833 2751 532 2219 2137 2439 2080 178 971 726
is_linear=0
shrinkage=0.02


Tree=47
num_leaves=15
num_cat=0
split_feature=16 0 0 2 10 1 16 0 9 1 11 9 9 17
split_gain=53082.1 15860.1 3239.52 1508.66 845.923 795.944 794.293 657.706 591.148 511.099 510.553 470.801 457.368 395.966
threshold=0.90407038487752633 0.55877381637403778 0.36201174235253558 0.68391722583566983 0.50370535714285725 0.18181881530977648 0.2020923641174352 0.14529114203658289 0.15690670887188959 0.50571351945087806 69.152573529411782 0.47297077922077929 0.33215962441314556 0.58578431372549034
decision_type=8 10 8 10 2 10 10 10 2 8 2 2 2 10
left_child=1 2 6 8 5 12 7 -1 -3 -6 11 -5 -4 -9
right_child=-2 3 4 10 9 -7 -8 13 -10 -11 -12 -13 -14 -15
leaf_value=-0.022089591139822479 -0.06255515039144767 0.033320923796483527 0.0039767068638840268 0.087322819000453106 0.033387836193643418 0.036526226147177557 0.039254737897825083 -0.0030249849365086411 0.06316149999716647 0.07126584150103106 0.063845726722651278 0.12366967806235106 0.056683290625961738 0.04140960739659412
leaf_weight=869 3691 326 909 509 415 636 152 1782 1432 217 242 198 71 84
leaf_count=869 3691 326 909 509 415 636 152 1782 1432 217 242 198 71 84
internal_value=-1.27621e-05 0.0294241 0.00877301 0.0685979 0.0267752 0.0191027 -0.00524463 -0.00771772 0.0576279 0.0463934 0.0889195 0.097502 0.00779525 -0.00102471
internal_weight=11533 7842 5135 2707 2248 1616 2887 2735 1758 632 949 707 980 1866
internal_count=11533 7842 5135 2707 2248 1616 2887 2735 1758 632 949 707 980 1866
is_linear=0
shrinkage=0.02


Tree=48
num_leaves=15
num_cat=0
split_feature=12 0 0 2 2 0 10 1 1 8 11 1 11 7
split_gain=50966.4 15224 3116.43 1454.83 806.02 633.462 616.436 595.025 551.416 510.702 490.335 461.464 586.731 458.437
threshold=inf 0.55877381637403778 0.33910596473842375 0.68391722583566983 0.16388799557569711 0.1666798189761825 0.55544117647058833 0.60228562873638303 0.18181881530977648 0.80488039881027207 69.152573529411782 0.46645026083110558 67.968750000000014 1.5000000000000002
decision_type=8 10 8 10 8 10 2 8 10 2 2 10 2 2
left_child=1 2 5 9 -4 -1 8 -8 -6 11 13 -3 -13 -5
right_child=-2 3 4 10 6 -7 7 -9 -10 -11 -12 12 -14 -15
leaf_value=-0.017780761616112407 -0.061344677320107364 0.049961812331256635 -0.045083660408854483 0.039547855114495316 0.012147512997450472 0.0019021767236653826 0.031704121264250713 0.079550744352692909 0.033818056830315371 0.094884191148448732 0.062568812354406228 0.047808440693486956 0.12589131779184468 0.10018322900755568
leaf_weight=1115 3687 1477 64 54 1059 1582 320 154 844 128 242 78 76 653
leaf_count=1115 3687 1477 64 54 1059 1582 320 154 844 128 242 78 76 653
internal_value=-1.25066e-05 0.0288088 0.00858333 0.0671833 0.0249559 -0.00623519 0.0268417 0.0472492 0.0217586 0.0564159 0.0871411 0.0533969 0.0863428 0.095552
internal_weight=11533 7846 5138 2708 2441 2697 2377 474 1903 1759 949 1631 154 707
internal_count=11533 7846 5138 2708 2441 2697 2377 474 1903 1759 949 1631 154 707
is_linear=0
shrinkage=0.02


Tree=49
num_leaves=15
num_cat=0
split_feature=18 10 1 10 14 5 1 5 1 5 5 4 9 7
split_gain=49001.5 7421.5 1589.9 1406.05 943.629 808.727 731.428 714.359 647.93 543.875 491.297 372.154 352.668 347.52
threshold=1.1239790850199098 0.49174107142857154 0.19389860818024515 0.6086666666666668 1.0000000180025095e-35 3.5000000000000004 0.21318508199191735 4.5000000000000009 0.58260980236903437 4.5000000000000009 3.5000000000000004 0.057053079254698609 0.077193932827735665 10.500000000000002
decision_type=8 2 10 2 10 2 8 2 10 2 2 2 2 2
left_child=1 2 5 7 8 12 -5 11 9 13 -8 -3 -1 -4
right_child=-2 3 4 6 -6 -7 10 -9 -10 -11 -12 -13 -14 -15
leaf_value=0.018334515745717067 -0.06012660380720479 0.027519307544000973 0.019827396248146056 0.032657412938688964 0.00065886073474151388 0.021188582049169923 0.045328712232069066 0.065899713445741387 0.071913726436233644 0.071291866405347806 0.08186987608996113 0.08042131423525381 -0.0063235215234681468 0.037874613334886897
leaf_weight=270 3689 796 1225 176 480 790 173 325 149 113 986 57 1649 655
leaf_count=270 3689 796 1225 176 480 790 173 325 149 113 986 57 1649 655
internal_value=-1.22568e-05 0.0282593 0.0149026 0.0565937 0.0260045 0.00415718 0.0706466 0.0406679 0.0316842 0.0286766 0.0764155 0.0310544 -0.00285418 0.0261151
internal_weight=11533 7844 5331 2513 2622 2709 1335 1178 2142 1993 1159 853 1919 1880
internal_count=11533 7844 5331 2513 2622 2709 1335 1178 2142 1993 1159 853 1919 1880
is_linear=0
shrinkage=0.02


Tree=50
num_leaves=15
num_cat=0
split_feature=12 0 0 2 18 10 7 9 9 0 0 3 0 0
split_gain=46999.9 13909.7 2272.13 1588.58 800.5 749.629 856.383 576.01 512.529 471.407 433.222 412.35 392.728 348.902
threshold=inf 0.5546736227946566 0.22230802230802235 0.75525946230162422 0.66764706031821874 0.50645833333333345 2.5000000000000004 0.47992773986350873 0.15690670887188959 0.40047196412256386 0.73457333996481577 62.265055634006302 0.07281455811576773 0.052626491163695326
decision_type=8 10 8 10 10 2 2 2 2 10 10 10 10 10
left_child=1 2 13 8 5 9 -7 11 -3 -4 -10 -5 -2 -1
right_child=12 3 4 7 -6 6 -8 -9 10 -11 -12 -13 -14 -15
leaf_value=-0.035750174668599977 -0.065064576182020717 0.034139569958212865 0.003994024979718477 0.028199802992435602 0.069926567286252975 0.063342501508314317 0.01773164459620135 0.12467734583399512 0.053808423093291806 0.02193658717220786 0.0742991336219022 0.08952676557396938 -0.052041026923368594 -0.0082339237888789506
leaf_weight=212 1992 353 1732 52 110 246 498 176 1285 885 608 280 1731 1412
leaf_count=212 1992 353 1732 52 110 246 498 176 1285 885 608 280 1731 1412
internal_value=-0.000485211 0.0272744 0.00769985 0.063488 0.0168355 0.0150979 0.0328127 0.0954274 0.056264 0.0100617 0.0603897 0.0799213 -0.0590093 -0.0118259
internal_weight=11572 7849 5095 2754 3471 3361 744 508 2246 2617 1893 332 3723 1624
internal_count=11572 7849 5095 2754 3471 3361 744 508 2246 2617 1893 332 3723 1624
is_linear=0
shrinkage=0.02


Tree=51
num_leaves=15
num_cat=0
split_feature=13 0 0 2 16 10 7 18 14 17 9 14 10 0
split_gain=45138.7 13358.9 2182.15 1525.67 943.595 817.864 743.288 648.077 707.96 561.449 553.2 497.642 513.893 469.328
threshold=inf 0.5546736227946566 0.22230802230802235 0.75525946230162422 0.42346611447710658 0.50812500000000005 2.5000000000000004 0.54666410475345961 1.0000000180025095e-35 0.57081267439522831 0.47992773986350873 1.5000000000000002 0.6086666666666668 0.40047196412256386
decision_type=8 10 8 10 10 2 2 10 10 10 2 10 2 10
left_child=1 2 -1 11 5 7 -7 9 -9 13 -5 12 -3 -4
right_child=-2 3 4 10 -6 6 -8 8 -10 -11 -12 -13 -14 -15
leaf_value=-0.011589427832128385 -0.057829121866438807 0.050215492402438375 -0.00081672668831354682 0.078322910843529256 0.083959811006063298 0.062461923391247787 0.019530440957959347 0.078162328544106985 -0.0056396121066063639 0.066069849781573764 0.12218379727305463 -0.00073583938181400301 0.071183888213736474 0.017685914571411991
leaf_weight=1624 3723 1506 1583 332 81 240 492 109 64 63 176 62 678 839
leaf_count=1624 3723 1506 1583 332 81 240 492 109 64 63 176 62 678 839
internal_value=-0.000475507 0.0267289 0.00754585 0.0622183 0.0164988 0.0148869 0.0336063 0.00973166 0.0471605 0.00712596 0.0935188 0.0551387 0.0567249 0.00559273
internal_weight=11572 7849 5095 2754 3471 3390 732 2658 173 2485 508 2246 2184 2422
internal_count=11572 7849 5095 2754 3471 3390 732 2658 173 2485 508 2246 2184 2422
is_linear=0
shrinkage=0.02


Tree=52
num_leaves=15
num_cat=0
split_feature=12 0 0 2 8 7 1 18 2 8 1 8 0 15
split_gain=43351.2 12829.9 2095.74 1469.67 835.126 1005.84 802.347 572.388 548.909 486.909 486.354 486.741 425.812 411.729
threshold=inf 0.5546736227946566 0.22230802230802235 0.80223407894759025 0.41471925133689841 1.0000000180025095e-35 0.019179839565055812 0.5753234881031567 0.35858205773356416 0.83588028404158232 0.20549672096171601 0.55148044352382131 0.73997939691218118 1.0000000180025095e-35
decision_type=8 10 8 10 2 2 10 10 10 2 10 2 10 10
left_child=1 2 -1 10 6 -6 -4 8 -7 -5 -3 -12 -13 -8
right_child=-2 3 4 9 5 7 13 -9 -10 -11 11 12 -14 -15
leaf_value=-0.011357639403830243 -0.056672540778534855 0.040266342360600095 -0.017115290054896228 0.090097331014281551 0.061063557986930861 0.0014589687308216184 0.019250774090482588 0.085100164629665076 0.028454693112492796 0.15446603127594652 0.048446056812276581 0.05830151450707656 0.083391231092288326 -0.0076251102413889349
leaf_weight=1624 3723 606 420 248 284 533 1209 51 693 58 745 612 485 281
leaf_count=1624 3723 606 420 248 284 533 1209 51 693 58 745 612 485 281
internal_value=-0.000465997 0.0261943 0.00739493 0.0609739 0.0161688 0.0270204 0.00730006 0.0194494 0.0167184 0.102298 0.0558084 0.0609216 0.0693941 0.0141822
internal_weight=11572 7849 5095 2754 3471 1561 1910 1277 1226 306 2448 1842 1097 1490
internal_count=11572 7849 5095 2754 3471 1561 1910 1277 1226 306 2448 1842 1097 1490
is_linear=0
shrinkage=0.02


Tree=53
num_leaves=15
num_cat=0
split_feature=12 0 0 0 16 8 7 1 18 1 1 9 9 7
split_gain=41634.5 12321.8 2012.75 1281.09 907.612 924.348 1013.61 628.655 568.461 516.313 516.197 424.931 421.645 419.561
threshold=inf 0.5546736227946566 0.22230802230802235 0.83166737462957296 0.42346611447710658 0.41471925133689841 1.0000000180025095e-35 0.019179839565055812 0.5753234881031567 0.19389860818024515 0.40992298547941558 0.14187070794232917 0.15690670887188959 2.5000000000000004
decision_type=8 10 8 10 10 2 2 10 10 10 10 2 2 2
left_child=1 2 -1 10 5 7 -7 -4 9 -8 12 -5 -3 -13
right_child=-2 3 4 11 -6 6 8 -9 -10 -11 -12 13 -14 -15
leaf_value=-0.011130486475303769 -0.055539088469501979 0.0250606924314828 -0.016835051360515028 0.03367176279425621 0.082007666208125926 0.059842286461465798 2.9710544015464263e-05 0.011038598254137262 0.083398161255845843 0.026523018619558518 0.068040395375550969 0.053105157452175415 0.051833213044512973 0.10264825732283984
leaf_weight=1624 3723 288 418 52 81 284 513 1434 51 690 657 83 1286 388
leaf_count=1624 3723 288 418 52 81 284 513 1434 51 690 657 83 1286 388
internal_value=-0.000456677 0.0256705 0.00724704 0.0597544 0.0158455 0.0142646 0.0257247 0.00474746 0.017998 0.0152254 0.0531499 0.0879277 0.0469346 0.0939177
internal_weight=11572 7849 5095 2754 3471 3390 1538 1852 1254 1203 2231 523 1574 471
internal_count=11572 7849 5095 2754 3471 3390 1538 1852 1254 1203 2231 523 1574 471
is_linear=0
shrinkage=0.02


Tree=54
num_leaves=15
num_cat=0
split_feature=13 0 0 0 16 8 3 1 18 1 1 3 9 0
split_gain=39985.7 11833.9 1933.04 1230.36 871.67 887.744 1071.79 603.76 555.451 528.198 495.756 464.022 404.948 377.176
threshold=inf 0.5546736227946566 0.22230802230802235 0.83166737462957296 0.42346611447710658 0.41471925133689841 82.87787273269619 0.019179839565055812 0.5753234881031567 0.19389860818024515 0.40992298547941558 60.262247440012636 0.15690670887188959 0.07281455811576773
decision_type=8 10 8 10 10 2 8 10 10 10 10 10 2 10
left_child=1 2 -1 10 5 7 8 -4 9 -7 12 -5 -3 -2
right_child=13 3 4 11 -6 6 -8 -9 -10 -11 -12 -13 -14 -15
leaf_value=-0.010907876822280839 -0.060362468917207063 0.024559478548407138 -0.016498350258381887 0.036162871232399571 0.08036751304327705 -0.0011492782211045072 0.059553573991799232 0.010817826233211272 0.081730198784201763 0.025771195929539567 0.066679587321217024 0.093266098482389911 0.050796548739672404 -0.0475993907086633
leaf_weight=1624 1992 288 418 65 81 507 294 1434 51 686 657 458 1286 1731
leaf_count=1624 1992 288 418 65 81 507 294 1434 51 686 657 458 1286 1731
internal_value=-0.000447543 0.025157 0.0071021 0.0585593 0.0155285 0.0139793 0.0252102 0.00465251 0.0170937 0.0143306 0.0520869 0.0861691 0.0459959 -0.0544283
internal_weight=11572 7849 5095 2754 3471 3390 1538 1852 1244 1193 2231 523 1574 3723
internal_count=11572 7849 5095 2754 3471 3390 1538 1852 1244 1193 2231 523 1574 3723
is_linear=0
shrinkage=0.02


Tree=55
num_leaves=15
num_cat=0
split_feature=18 0 0 2 16 0 2 0 18 10 17 10 18 0
split_gain=39830.3 11786.8 2067.21 1298.4 1143.51 768.895 738.927 636.25 500.946 484.499 445.664 412.595 407.549 324.934
threshold=1.1239790850199098 0.5503127125182582 0.18306289156920941 0.78456972405510672 0.42346611447710658 0.38086423148885945 0.23309564008062281 0.69252932904164666 0.62973840425806371 0.55544117647058833 0.59216374804090544 0.21281250000000004 0.54546791504538727 0.054181930491561524
decision_type=8 10 8 10 10 8 8 10 10 2 10 2 10 10
left_child=1 2 -1 7 5 8 -7 -3 10 12 -4 -9 -8 -2
right_child=13 3 4 -5 -6 6 9 11 -10 -11 -12 -13 -14 -15
leaf_value=-0.013962226340480943 -0.059397053314332385 0.044064949399138229 -0.0013666910528742184 0.094092421125465592 0.084056675948594756 -0.039510952648520468 0.017107948222723993 0.02447953672881456 0.045319960412629152 0.04357921269210837 0.048581828276316331 0.068182703057269214 0.068281593001805821 -0.047536145206013104
leaf_weight=1265 1793 1240 1511 374 95 75 1472 94 109 417 75 1070 65 1906
leaf_count=1265 1793 1240 1511 374 95 75 1472 94 109 417 75 1070 65 1906
internal_value=0.000835299 0.0262986 0.0081967 0.0594268 0.0155366 0.0137886 0.0220948 0.0540337 0.00384569 0.0244594 0.000995313 0.0646534 0.0192721 -0.0532854
internal_weight=11561 7862 5084 2778 3819 3724 2029 2404 1695 1954 1586 1164 1537 3699
internal_count=11561 7862 5084 2778 3819 3724 2029 2404 1695 1954 1586 1164 1537 3699
is_linear=0
shrinkage=0.02


Tree=56
num_leaves=15
num_cat=0
split_feature=18 0 0 2 16 0 2 0 18 10 17 10 18 0
split_gain=38253.1 11320 1985.35 1246.98 1098.23 738.447 709.666 611.055 481.108 465.312 428.016 396.257 391.41 314.201
threshold=1.1239790850199098 0.5503127125182582 0.18306289156920941 0.78456972405510672 0.42346611447710658 0.38086423148885945 0.23309564008062281 0.69252932904164666 0.62973840425806371 0.55544117647058833 0.59216374804090544 0.21281250000000004 0.54546791504538727 0.090835451369408501
decision_type=8 10 8 10 10 8 8 10 10 2 10 2 10 10
left_child=1 2 -1 7 5 8 -7 -3 10 12 -4 -9 -8 -2
right_child=13 3 4 -5 -6 6 9 11 -10 -11 -12 -13 -14 -15
leaf_value=-0.013682981669313823 -0.057055551992709751 0.043183650314246001 -0.0013393573777430859 0.092210572900220666 0.082375543161442411 -0.038720733429243169 0.016765789309375459 0.023989945958626083 0.044413560541397938 0.042707628592964911 0.04761019124984741 0.066819049021229149 0.066915960266039923 -0.04519365675411427
leaf_weight=1265 2191 1240 1511 374 95 75 1472 94 109 417 75 1070 65 1508
leaf_count=1265 2191 1240 1511 374 95 75 1472 94 109 417 75 1070 65 1508
internal_value=0.000818593 0.0257726 0.00803277 0.0582383 0.0152259 0.0135129 0.0216529 0.0529531 0.00376877 0.0239702 0.000975407 0.0633603 0.0188866 -0.0522197
internal_weight=11561 7862 5084 2778 3819 3724 2029 2404 1695 1954 1586 1164 1537 3699
internal_count=11561 7862 5084 2778 3819 3724 2029 2404 1695 1954 1586 1164 1537 3699
is_linear=0
shrinkage=0.02


Tree=57
num_leaves=15
num_cat=0
split_feature=18 2 8 2 2 16 8 2 3 17 10 11 5 4
split_gain=36738.2 8923.25 1469.39 1324.83 1154.13 859.029 815.698 542.807 522.851 414.243 404.983 328.497 310.733 309.74
threshold=1.1239790850199098 0.50612256965413838 0.41471925133689841 0.78456972405510672 0.40181664899954672 0.1437139482650609 0.57642366553257651 0.43996549434511728 63.963314783299388 0.71768572973858669 0.21930288461538466 68.343750000000014 3.5000000000000004 0.060501393443977217
decision_type=8 10 2 10 8 10 2 10 10 10 2 2 2 2
left_child=1 2 5 6 -4 7 13 9 -9 -1 -10 -7 -8 -3
right_child=-2 3 4 -5 -6 11 12 8 10 -11 -12 -13 -14 -15
leaf_value=-0.0047507884537705365 -0.051175327265252937 0.034087162521077734 0.0051042318350735336 0.089888059426645434 0.036230684380938287 0.022889648026890225 0.04161567443562119 0.074623535320861273 0.052922474827085231 0.049738206204615144 -0.0026255355268007237 0.081893966693144582 0.066709262007569492 0.071285561639435432
leaf_weight=2669 3699 1037 802 375 1174 90 253 64 70 57 210 65 898 98
leaf_count=2669 3699 1037 802 375 1174 90 253 64 70 57 210 65 898 98
internal_value=0.000802221 0.0252572 0.0100165 0.0550455 0.0235974 0.00169535 0.0493299 -0.000623993 0.0230498 -0.00361144 0.0112615 0.0476334 0.0611935 0.037299
internal_weight=11561 7862 5201 2661 1976 3225 2286 3070 344 2726 280 155 1151 1135
internal_count=11561 7862 5201 2661 1976 3225 2286 3070 344 2726 280 155 1151 1135
is_linear=0
shrinkage=0.02


Tree=58
num_leaves=15
num_cat=0
split_feature=12 2 8 2 2 16 8 1 9 2 5 8 11 11
split_gain=35226.9 8587.88 1414.53 1272.37 1112.87 826.775 783.397 545.256 524.826 444.969 352.728 357.191 315.489 313.299
threshold=inf 0.50612256965413838 0.41471925133689841 0.78456972405510672 0.40181664899954672 0.1437139482650609 0.57642366553257651 0.48006554070577317 0.077193932827735665 0.3560463344798705 3.5000000000000004 0.77618447027856996 68.343750000000014 66.454044117647072
decision_type=8 10 2 10 8 10 2 10 2 10 2 2 2 2
left_child=1 2 5 6 -4 8 -3 10 13 -10 -6 -12 -7 -1
right_child=-2 3 4 -5 7 12 -8 -9 9 -11 11 -13 -14 -15
leaf_value=-0.0083730834771824237 -0.050141375142903559 0.036553026510771809 0.0049523729895320423 0.08809029835879803 0.019604671058621227 0.022431855539480846 0.059969599611149359 0.099464968983449184 -0.0083322910368064714 0.0096512264989336138 0.037150517186657656 0.085618796412120862 0.080256087954227756 0.036837332491932266
leaf_weight=85 3696 1135 803 375 479 90 1151 51 2009 758 576 68 65 220
leaf_count=85 3696 1135 803 375 479 90 1151 51 2009 758 576 68 65 220
internal_value=0.000786177 0.0247186 0.0097742 0.0539446 0.023096 0.00161267 0.0483433 0.0355061 -0.000661277 -0.00340583 0.0326014 0.0422683 0.0466807 0.0242377
internal_weight=11561 7865 5204 2661 1977 3227 2286 1174 3072 2767 1123 644 155 305
internal_count=11561 7865 5204 2661 1977 3227 2286 1174 3072 2767 1123 644 155 305
is_linear=0
shrinkage=0.02


Tree=59
num_leaves=15
num_cat=0
split_feature=18 8 1 5 1 8 16 11 1 9 8 5 1 11
split_gain=33887.8 5613.19 1820.31 990.508 845.763 735.993 735.019 487.191 471.212 515.325 466.759 461.701 369.934 363.933
threshold=1.1239790850199098 0.4596610032851644 0.20549672096171601 3.5000000000000004 0.58260980236903437 0.77618447027856996 0.3974730116965241 67.272058823529434 0.44225172097415016 0.31686991869918707 0.30407836865253907 4.5000000000000009 0.47061423864723523 66.781250000000014
decision_type=8 2 8 2 10 2 10 2 8 2 2 2 10 2
left_child=1 4 -3 7 6 13 11 -4 9 -7 -6 -1 -9 -5
right_child=-2 2 3 5 10 8 -8 12 -10 -11 -12 -13 -14 -15
leaf_value=0.0043614559080394077 -0.049149987351478644 0.020151259352806185 0.0094449212622553218 0.065571115699931987 0.027610863214565646 0.10410285503268242 0.051709037929564924 0.034851780655418045 0.10022573155432815 0.040935264934886646 0.1007544666963319 0.044034092462629328 0.085312064649307559 0.044494590564218638
leaf_weight=3877 3699 1018 267 500 90 75 143 285 239 166 57 121 73 951
leaf_count=3877 3699 1018 267 500 90 75 143 285 239 166 57 121 73 951
internal_value=0.000770453 0.0242576 0.0427681 0.0517759 0.00882926 0.0588591 0.00715573 0.0298917 0.0803269 0.0605932 0.0559727 0.00556215 0.0451412 0.0517573
internal_weight=11561 7862 3574 2556 4288 1931 4141 625 480 241 147 3998 358 1451
internal_count=11561 7862 3574 2556 4288 1931 4141 625 480 241 147 3998 358 1451
is_linear=0
shrinkage=0.02


Tree=60
num_leaves=15
num_cat=0
split_feature=17 0 0 0 17 8 0 16 2 8 8 3 18 8
split_gain=31359.6 9540.94 1817.14 1198.56 866.198 596.891 535.852 529.958 498.328 498.132 544.164 475.015 452.238 443.475
threshold=0.9812094281880791 0.5503127125182582 0.32435991185943441 0.83166737462957296 0.36352759361974468 0.7404145658263307 0.17538826407866484 0.41501372255292718 0.3560463344798705 0.48120444095547837 0.43726438219532404 70.807391878068231 0.6513734129231471 0.28036889395089853
decision_type=8 10 8 10 10 2 10 10 10 2 2 8 10 2
left_child=1 2 4 9 6 8 -1 12 11 10 -3 -4 -8 -13
right_child=-2 3 5 -5 -6 -7 7 -9 -10 -11 -12 13 -14 -15
leaf_value=-0.019379219227192278 -0.047916496950705711 0.038647701056102227 -0.0072368386744861351 0.080065794956420203 0.03703671382232146 0.055382564737935736 -0.0061137841627394371 0.06111663977029147 0.025699033124452857 0.052218174387398862 -0.014973719050082775 -0.0032847350888488541 0.043367053596656532 0.030016580218567498
leaf_weight=1073 3714 583 529 511 176 163 1141 54 1076 1604 87 251 79 441
leaf_count=1073 3714 583 529 511 176 163 1141 54 1076 1604 87 251 79 441
internal_value=-0.000115163 0.0227394 0.00616879 0.052388 -0.00575702 0.0184 -0.0089661 -0.000195865 0.0157757 0.0461684 0.0316849 0.00703076 -0.0029097 0.0179376
internal_weight=11482 7768 4983 2785 2523 2460 2347 1274 2297 2274 670 1221 1220 692
internal_count=11482 7768 4983 2785 2523 2460 2347 1274 2297 2274 670 1221 1220 692
is_linear=0
shrinkage=0.02


Tree=61
num_leaves=15
num_cat=0
split_feature=14 8 1 1 8 1 14 16 3 8 8 11 8 8
split_gain=30204.5 5807.72 1566.84 742.917 597.665 520.065 622.219 480.156 450.263 438.602 423.921 361.347 364.51 312.025
threshold=7.5000000000000009 0.48120444095547837 0.20549672096171601 0.58260980236903437 0.77618447027856996 0.083341208341208353 1.5000000000000002 0.22951097479399368 79.8783783783784 0.30407836865253907 0.63609957185376198 70.968750000000014 0.58591080411222085 0.54786299108295589
decision_type=8 2 10 10 2 10 10 10 8 2 2 2 2 2
left_child=1 3 8 5 11 -1 7 -7 -3 -5 -10 12 13 -4
right_child=-2 2 4 9 -6 6 -8 -9 10 -11 -12 -13 -14 -15
leaf_value=-0.0064614040743284952 -0.046571891089877075 0.017338082840209896 0.040061908121503412 0.021400559534887217 0.072178287200454966 0.011117706649692765 -0.017831336187601493 0.057089050438334336 0.022493844095117121 0.093528658588727304 0.073805868814308798 0.069270467504431471 0.050857216465388121 0.0076737378343675272
leaf_weight=1058 3763 943 402 77 469 2738 296 94 134 60 124 244 911 169
leaf_count=1058 3763 943 402 77 469 2738 296 94 134 60 124 244 911 169
internal_value=-0.00011286 0.0225358 0.042109 0.00715984 0.0521578 0.00565992 0.00975977 0.0126436 0.0237435 0.0529895 0.0471554 0.0467177 0.0430045 0.0304759
internal_weight=11482 7719 3396 4323 2195 4186 3128 2832 1201 137 258 1726 1482 571
internal_count=11482 7719 3396 4323 2195 4186 3128 2832 1201 137 258 1726 1482 571
is_linear=0
shrinkage=0.02


Tree=62
num_leaves=15
num_cat=0
split_feature=14 8 1 1 8 5 1 9 14 16 3 8 10 8
split_gain=29008.4 5577.73 1504.79 713.497 573.997 540.385 595.315 553.772 440.929 488.768 432.433 421.233 411.572 407.134
threshold=7.5000000000000009 0.48120444095547837 0.20549672096171601 0.58260980236903437 0.77618447027856996 1.5000000000000002 0.092376123859942857 0.073119511263841169 1.5000000000000002 0.22951097479399368 79.8783783783784 0.30407836865253907 0.18369318181818184 0.63609957185376198
decision_type=8 2 10 10 2 2 10 2 10 10 8 2 2 2
left_child=1 3 10 5 -4 12 -7 -8 9 -9 -3 -5 -1 -12
right_child=-2 2 4 11 -6 6 7 8 -10 -11 13 -13 -14 -15
leaf_value=-0.018034213782345827 -0.045640453022590129 0.01699132121196718 0.045783298735092431 0.020972548354804128 0.070734721323383903 -0.005449994083028287 0.061495107707381251 0.014359850695214617 -0.015900548419102708 0.071906188355117542 0.02204396677884593 0.091658084707955528 0.0047909028549656544 0.072329751116133503
leaf_weight=565 3763 943 1726 77 469 720 100 1835 188 61 134 60 717 124
leaf_count=565 3763 943 1726 77 469 720 100 1835 188 61 134 60 717 124
internal_value=-0.000110602 0.0220851 0.0412668 0.00701664 0.0511146 0.00554672 0.0103212 0.0155205 0.0133144 0.0162113 0.0232686 0.0519297 -0.00526853 0.0462123
internal_weight=11482 7719 3396 4323 2195 4186 2904 2184 2084 1896 1201 137 1282 258
internal_count=11482 7719 3396 4323 2195 4186 2904 2184 2084 1896 1201 137 1282 258
is_linear=0
shrinkage=0.02


Tree=63
num_leaves=15
num_cat=0
split_feature=14 0 0 0 16 18 0 3 8 17 17 8 8 0
split_gain=27859.6 8760.36 1672.6 1072.52 822.95 779.522 742.393 749.686 778.583 773.552 424.576 400.6 550.416 385.858
threshold=7.5000000000000009 0.5546736227946566 0.17538826407866484 0.83166737462957296 0.41501372255292718 0.77844501446589465 0.3965066206649428 82.87787273269619 0.60859298508322301 0.55054948406562443 0.36352759361974468 0.48120444095547837 0.44019713907921632 0.07281455811576773
decision_type=8 10 8 10 10 10 10 8 2 10 10 2 2 10
left_child=1 2 10 11 5 6 7 9 -9 -4 -1 12 -3 -2
right_child=13 3 4 -5 -6 -7 -8 8 -10 -11 -12 -13 -14 -15
leaf_value=-0.019108242932858725 -0.050727772160680473 0.037953010729661112 -0.005291666249230882 0.07644948444416684 0.070870623356232079 0.08680041538516306 0.022050426894019683 0.009607512824639803 0.065606894468358393 0.054435969469352412 0.026878113040978882 0.04974745913519904 -0.018377920283546931 -0.037891795714515529
leaf_weight=1044 2004 570 1851 511 93 53 1255 361 137 91 87 1587 79 1759
leaf_count=1044 2004 570 1851 511 93 53 1255 361 137 91 87 1587 79 1759
internal_value=-0.00010839 0.0216434 0.00580638 0.0503081 0.012101 0.0106427 0.00955035 0.00312101 0.025013 -0.00249289 -0.0155708 0.0443339 0.0310961 -0.0447276
internal_weight=11482 7719 4972 2747 3841 3748 3695 2440 498 1942 1131 2236 649 3763
internal_count=11482 7719 4972 2747 3841 3748 3695 2440 498 1942 1131 2236 649 3763
is_linear=0
shrinkage=0.02


Tree=64
num_leaves=15
num_cat=0
split_feature=14 2 8 8 12 9 17 2 8 10 10 4 8 1
split_gain=26758.7 6276.55 1184.27 1140.28 1044.43 604.917 535.115 516.011 537.752 428.774 451.095 404.761 345.714 305.089
threshold=2.5000000000000004 0.48259206142427885 0.41246468926553675 0.57274255343124381 1.0000000180025095e-35 0.077193932827735665 0.71768572973858669 0.40181664899954672 0.75121533515608585 0.51387500000000019 0.6086666666666668 -0.042919343899715613 0.12018518518518519 0.58260980236903437
decision_type=8 10 2 2 8 2 10 8 2 2 2 2 2 10
left_child=1 2 5 13 -2 -1 12 -4 -9 11 -11 -5 -7 -3
right_child=4 3 7 9 -6 6 -8 8 -10 10 -12 -13 -14 -15
leaf_value=0.027868747463826397 -0.0088778974965617458 0.029245570769831357 0.0079124056284156571 0.10606845523579977 -0.044099782906321605 -0.028976960090598958 0.060820861119850016 0.02511856780696551 0.072895523135860757 0.033825482797425463 0.060502831192090253 0.04311381026233236 -0.0023005396558899798 0.061270833524564909
leaf_weight=277 370 1207 719 128 3748 213 51 919 105 340 997 60 2216 132
leaf_count=277 370 1207 719 128 3748 213 51 919 105 340 997 60 2216 132
internal_value=-0.000106222 0.0227256 0.00799521 0.0458704 -0.0409351 -0.000162706 -0.00329364 0.020899 0.0300176 0.0576955 0.0537188 0.0859765 -0.00463981 0.0324027
internal_weight=11482 7364 4500 2864 4118 2757 2480 1743 1024 1525 1337 188 2429 1339
internal_count=11482 7364 4500 2864 4118 2757 2480 1743 1024 1525 1337 188 2429 1339
is_linear=0
shrinkage=0.02


Tree=65
num_leaves=15
num_cat=0
split_feature=14 0 16 0 0 16 18 3 9 10 0 7 9 0
split_gain=26967.2 7452.39 1474.96 1157.91 1144.67 1120.81 700.224 764.185 569.534 534.4 516.468 447.528 498.286 405.019
threshold=1.5000000000000002 0.46877360266620821 0.90407038487752633 0.17538826407866484 0.74490260844973788 0.294923213756139 0.66004384429322915 82.87787273269619 0.15690670887188959 0.61287179487179499 0.35520150578337301 2.5000000000000004 0.12067981045640104 0.85329487169545659
decision_type=8 10 8 8 10 10 10 8 2 2 10 2 2 10
left_child=1 3 -2 -1 8 6 7 10 -3 -9 -5 -6 -13 -14
right_child=2 4 -4 5 11 -7 -8 9 -10 -11 -12 12 13 -15
leaf_value=-0.014358377324863534 -0.010165288020180718 0.016378317760646494 -0.043459434661776458 -0.0045546286067589606 0.033375081233625786 0.080870787368880384 0.064761155643500393 0.019976202573708416 0.042618091736180599 0.073042906724637563 0.015111731646473701 0.022578138037639507 0.062788329376392282 0.092042440424029467
leaf_weight=914 620 402 3760 1470 171 90 88 413 1870 93 839 85 519 298
leaf_count=914 620 402 3760 1470 171 90 88 413 1870 93 839 85 519 298
internal_value=0.000437795 0.024104 -0.0387466 0.00534436 0.0460155 0.0113612 0.00920619 0.00746949 0.0379753 0.0297296 0.00259136 0.0630401 0.068664 0.0734587
internal_weight=11632 7252 4380 3907 3345 2993 2903 2815 2272 506 2309 1073 902 817
internal_count=11632 7252 4380 3907 3345 2993 2903 2815 2272 506 2309 1073 902 817
is_linear=0
shrinkage=0.02


Tree=66
num_leaves=15
num_cat=0
split_feature=14 0 13 2 0 18 3 8 0 9 0 1 8 11
split_gain=25899.3 7157.27 1411.48 1190.61 1112.11 717.891 619.548 819.493 508.283 505.76 456.536 387.374 372.876 345.612
threshold=1.5000000000000002 0.46877360266620821 1.0000000180025095e-35 0.68391722583566983 0.16963138014836276 0.66004384429322915 72.552832558253115 0.41471925133689841 0.40474988801942186 0.15690670887188959 0.28073227420965702 0.076578644469679089 0.87889278116058989 69.152573529411782
decision_type=8 10 10 10 8 10 8 2 8 2 10 10 2 2
left_child=1 4 -2 9 -1 6 11 10 -9 -3 -8 -6 -11 -5
right_child=2 3 -4 13 5 -7 7 8 -10 12 -12 -13 -14 -15
leaf_value=-0.0146547217108736 -0.042577625957298582 0.019458087741612534 -0.0099859403857813864 0.071049407357520272 -0.014767954656459447 0.065975936164107657 -0.006009519172067268 0.0020321127720811264 0.054713172209729634 0.040634471648858778 0.033405033481471683 0.0072656673582418424 0.090497426736739384 0.043027496019857898
leaf_weight=873 3761 489 619 711 401 92 381 94 332 1849 170 1564 62 234
leaf_count=873 3761 489 619 711 401 92 381 94 332 1849 170 1564 62 234
internal_value=0.000429039 0.0236219 -0.0379716 0.0450952 0.00523747 0.0109612 0.00924085 0.0222569 0.0430887 0.0376079 0.00615105 0.00276924 0.0422522 0.0641106
internal_weight=11632 7252 4380 3345 3907 3034 2942 977 426 2400 551 1965 1911 945
internal_count=11632 7252 4380 3345 3907 3034 2942 977 426 2400 551 1965 1911 945
is_linear=0
shrinkage=0.02


Tree=67
num_leaves=15
num_cat=0
split_feature=14 2 16 8 2 2 16 9 9 17 8 4 11 11
split_gain=24873.7 5442.6 1360.72 1259.05 961.579 830.149 581.701 501.793 458.073 409.898 407.767 347.831 341.928 331.645
threshold=1.5000000000000002 0.49403790087463562 0.90407038487752633 0.41246468926553675 0.68391722583566983 0.40181664899954672 0.27436967492421388 0.26899038461538466 0.077193932827735665 0.71367307922101564 0.60133114284510736 -0.17539887300489465 69.152573529411782 68.27389705882355
decision_type=8 10 8 2 10 8 10 2 2 10 2 2 2 2
left_child=1 3 -2 6 -3 -5 8 -7 -1 -10 -6 -9 13 -12
right_child=2 4 -4 5 10 7 -8 11 9 -11 12 -13 -14 -15
leaf_value=0.025081317624009333 -0.0097601602920481274 0.036683131393366313 -0.041738866585524795 0.0055869966378693523 0.045370662883169814 0.021329136099264793 0.044562398584212286 0.0098050364125997595 -0.0047780943874353434 0.05254330002794079 0.07287827204443495 0.055846530593603241 0.04438328984635373 0.11949247834617145
leaf_weight=247 620 1772 3760 693 379 603 118 78 2314 51 373 414 137 73
leaf_count=247 620 1772 3760 693 379 603 118 78 2314 51 373 414 137 73
internal_value=0.000420458 0.0231495 -0.0372122 0.00967135 0.0454225 0.0227173 0.00112698 0.0335587 -0.000835267 -0.00354199 0.0615203 0.0485473 0.072019 0.080508
internal_weight=11632 7252 4380 4518 2734 1788 2730 1095 2612 2365 962 492 583 446
internal_count=11632 7252 4380 4518 2734 1788 2730 1095 2612 2365 962 492 583 446
is_linear=0
shrinkage=0.02


Tree=68
num_leaves=15
num_cat=0
split_feature=14 2 16 2 2 10 9 3 5 10 16 4 4 11
split_gain=23888.7 5227.07 1306.83 923.5 718.146 464.556 414.25 411.011 393.392 376.944 368.269 354.764 324.277 322.173
threshold=1.5000000000000002 0.49403790087463562 0.90407038487752633 0.68391722583566983 0.32172263688928365 0.35281250000000003 0.095619047619047631 74.767081506019011 3.5000000000000004 0.61287179487179499 0.2020923641174352 0.053344816186933548 -0.033191437188925026 69.152573529411782
decision_type=8 10 8 10 8 2 2 8 2 2 10 2 2 2
left_child=1 4 -2 -3 10 6 12 11 -5 -9 -1 -7 -6 -10
right_child=2 3 -4 8 5 7 -8 9 13 -11 -12 -13 -14 -15
leaf_value=-0.0045098381016471165 -0.009564957298931755 0.035949468721814204 -0.04090408808896516 0.03218111297533368 0.016832195160289606 0.012716856096531743 0.0015991308370010651 0.028283147532358291 0.073297125440744668 0.071083403310772994 0.039894960002054142 0.052661417348636795 0.068432291132630788 0.043614198289464182
leaf_weight=1375 620 1772 3760 165 204 1070 1175 346 604 108 79 97 64 193
leaf_count=1375 620 1772 3760 165 204 1070 1175 346 604 108 79 97 64 193
internal_value=0.000412049 0.0226865 -0.036468 0.044514 0.00947792 0.0149708 0.00671685 0.0223184 0.0602899 0.0384647 -0.0020972 0.016037 0.0291546 0.0661092
internal_weight=11632 7252 4380 2734 4518 3064 1443 1621 962 454 1454 1167 268 797
internal_count=11632 7252 4380 2734 4518 3064 1443 1621 962 454 1454 1167 268 797
is_linear=0
shrinkage=0.02


Tree=69
num_leaves=15
num_cat=0
split_feature=14 2 16 8 2 2 16 9 6 9 17 8 7 11
split_gain=22942.7 5020.08 1255.08 1184.13 886.93 779.577 548.317 475.561 449.979 432.719 394.698 385.112 336.049 491.978
threshold=1.5000000000000002 0.49403790087463562 0.90407038487752633 0.41246468926553675 0.68391722583566983 0.40181664899954672 0.27436967492421388 0.26899038461538466 1.0000000180025095e-35 0.077193932827735665 0.71367307922101564 0.60133114284510736 2.5000000000000004 69.152573529411782
decision_type=8 10 8 2 10 8 10 2 2 2 10 2 2 2
left_child=1 3 -2 6 -3 8 9 -7 -5 -1 -11 -6 -13 -14
right_child=2 4 -4 5 11 7 -8 -9 -10 10 -12 12 13 -15
leaf_value=0.024286115010992929 -0.0093736583921277244 0.035230479591118635 -0.0400860069914067 -0.0028052271648809531 0.043389492054103744 0.02054062590889932 0.043172704663317081 0.047037759641132403 0.037227360238420201 -0.0047467399685601963 0.051501801434685204 0.036889083019324712 0.087431434832745528 0.039071002937511569
leaf_weight=247 620 1772 3760 552 379 603 118 492 141 2314 51 105 369 109
leaf_count=247 620 1772 3760 552 379 603 118 492 141 2314 51 105 369 109
internal_value=0.000403808 0.0222328 -0.0357386 0.00928836 0.0436237 0.0219402 0.00100208 0.0324462 0.00533993 -0.000903022 -0.00353377 0.0590841 0.069287 0.0764036
internal_weight=11632 7252 4380 4518 2734 1788 2730 1095 693 2612 2365 962 583 478
internal_count=11632 7252 4380 4518 2734 1788 2730 1095 693 2612 2365 962 583 478
is_linear=0
shrinkage=0.02


Tree=70
num_leaves=15
num_cat=0
split_feature=17 0 0 0 18 0 15 18 11 3 0 10 7 17
split_gain=20955.8 8185.78 1465.95 982.189 858.564 522.602 479.652 393.962 364.377 359.586 310.331 279.887 492.609 355.681
threshold=0.9812094281880791 0.44473516007698127 0.83166737462957296 0.19770877442733506 0.76419820003853156 0.59044595090827789 1.0000000180025095e-35 0.54666410475345961 72.818014705882362 60.262247440012636 0.07281455811576773 0.53895833333333354 7.5000000000000009 0.55320829829680174
decision_type=8 10 10 8 10 10 10 10 2 10 10 2 2 10
left_child=1 3 5 -1 6 8 7 11 -3 -4 -2 13 -13 -5
right_child=10 2 9 4 -6 -7 -8 -9 -10 -11 -12 12 -14 -15
leaf_value=-0.015053255266529621 -0.044917536888282518 0.021479217769729036 0.025865036181865201 0.0018350321401194884 0.081681034922085963 0.041066997787422455 -0.014379544809617496 0.058690166309223336 0.069157095893340945 0.077220909650998801 -0.033399418220053399 0.039685269938015834 -0.01142559343682868 0.05052419157278154
leaf_weight=1373 2042 1123 62 1874 58 1919 475 59 68 453 1727 231 112 62
leaf_count=1373 2042 1123 62 1874 58 1919 475 59 68 453 1727 231 112 62
internal_value=-0.000861444 0.0177122 0.0397838 -0.00114025 0.00551338 0.0346082 0.00394291 0.0076654 0.0242014 0.0710383 -0.0396398 0.00634444 0.022996 0.00339429
internal_weight=11638 7869 3625 4244 2871 3110 2813 2338 1191 515 3769 2279 343 1936
internal_count=11638 7869 3625 4244 2871 3110 2813 2338 1191 515 3769 2279 343 1936
is_linear=0
shrinkage=0.02


Tree=71
num_leaves=15
num_cat=0
split_feature=17 0 0 0 0 8 14 11 8 2 0 7 5 8
split_gain=20125.9 7861.62 1407.9 943.294 503.154 452.577 413.207 385.272 345.799 310.875 298.042 285.179 270.334 266.769
threshold=0.9812094281880791 0.44473516007698127 0.83166737462957296 0.19770877442733506 0.61922450223325554 0.77618447027856996 1.0000000180025095e-35 73.187500000000014 0.80929730840353409 0.12684055054187521 0.07281455811576773 14.500000000000002 2.5000000000000004 0.87889278116058989
decision_type=8 10 10 8 10 2 10 2 2 8 10 2 2 2
left_child=1 3 4 -1 7 6 9 -3 -4 -5 -2 -11 -13 -6
right_child=10 2 8 5 13 -7 -8 -9 -10 11 -12 12 -14 -15
leaf_value=-0.014752190082570713 -0.04401918854823484 0.022806776616030075 0.060290354552620704 -0.030696748896706396 0.039778253226836278 0.051142288206943443 -0.012816059902248541 0.072658831284596367 0.098413192801295776 0.0070714860253852218 -0.032731430077732264 0.070526865795254703 0.014315191618304446 0.083791063657978115
leaf_weight=1373 2042 1348 389 82 1640 84 482 65 126 2079 1727 56 88 57
leaf_count=1373 2042 1348 389 82 1640 84 482 65 126 2079 1727 56 88 57
internal_value=-0.000844216 0.0173579 0.0389881 -0.00111744 0.033916 0.00540311 0.00402454 0.0251 0.0696175 0.00754609 -0.038847 0.00895675 0.0361753 0.0412566
internal_weight=11638 7869 3625 4244 3110 2871 2787 1413 515 2305 3769 2223 144 1697
internal_count=11638 7869 3625 4244 3110 2871 2787 1413 515 2305 3769 2223 144 1697
is_linear=0
shrinkage=0.02


Tree=72
num_leaves=15
num_cat=0
split_feature=17 0 0 0 18 0 8 14 18 3 8 0 8 0
split_gain=19328.9 7550.3 1352.15 905.94 825.091 483.991 465.314 436.262 398.803 345.122 354.206 286.239 270.1 241.599
threshold=0.9812094281880791 0.44473516007698127 0.83166737462957296 0.19770877442733506 0.76419820003853156 0.59044595090827789 0.77618447027856996 1.0000000180025095e-35 0.54666410475345961 60.262247440012636 0.80929730840353409 0.07281455811576773 0.87889278116058989 0.040424024861381143
decision_type=8 10 10 8 10 10 2 10 10 10 2 10 2 10
left_child=1 3 5 13 6 -3 7 8 -5 -4 -11 -2 -7 -1
right_child=11 2 9 4 -6 12 -8 -9 -10 10 -12 -13 -14 -15
leaf_value=-0.036926016034114932 -0.043138804182950248 0.023222708677087919 0.023969760951323194 0.0045711749289239672 0.079963144275905756 0.038093787113558014 0.05011944400767486 -0.015362158289046449 0.057259199664754387 0.064146775612034052 0.10514084347124611 -0.032076800845921488 0.080864035313735233 -0.0113245569378895
leaf_weight=168 2042 1191 62 2207 58 1858 84 463 59 341 112 1727 61 1205
leaf_count=168 2042 1191 62 2207 58 1858 84 463 59 341 112 1727 61 1205
internal_value=-0.000827332 0.0170107 0.0382083 -0.00109509 0.00529505 0.0332377 0.0037555 0.0023284 0.00594302 0.0682251 0.0742822 -0.0380701 0.0394533 -0.0144571
internal_weight=11638 7869 3625 4244 2871 3110 2813 2729 2266 515 453 3769 1919 1373
internal_count=11638 7869 3625 4244 2871 3110 2813 2729 2266 515 453 3769 1919 1373
is_linear=0
shrinkage=0.02


Tree=73
num_leaves=15
num_cat=0
split_feature=14 2 2 16 8 13 8 2 18 2 9 9 11 5
split_gain=18571 4771.78 1071.87 816.168 874.374 713.536 575.779 565.764 451.2 434.487 506.982 424.384 363.643 325.07
threshold=2.5000000000000004 0.43996549434511728 0.60214436159071139 0.5769041961542406 0.4596610032851644 1.0000000180025095e-35 0.77618447027856996 0.40181664899954672 0.63680231054921566 0.87560768713524717 0.31686991869918707 0.41417201235447859 66.281250000000014 1.5000000000000002
decision_type=8 10 10 10 2 10 2 8 10 10 2 2 2 2
left_child=1 3 -3 4 8 -2 13 12 -1 10 -8 -12 -6 -4
right_child=5 2 6 -5 7 -7 9 -9 -10 -11 11 -13 -14 -15
leaf_value=-0.0062443581531511352 -0.03730931782311693 0.02464504294478272 0.00014520696691564612 0.062775154008970158 -0.02205877053795913 -0.0093415169373597257 0.11313738120076332 0.028554455007388856 0.028073045899120214 0.11248956618125779 0.017095883830979066 0.070247936884638013 0.011924477698785416 0.043329297019216576
leaf_weight=2562 3769 1724 74 91 179 404 55 669 163 74 111 131 425 1207
leaf_count=2562 3769 1724 74 91 179 404 55 669 163 74 111 131 425 1207
internal_value=-0.000810785 0.0180786 0.0356766 0.00354921 0.00220114 -0.0346017 0.0471889 0.0158856 -0.00419161 0.0691291 0.0583255 0.0458683 0.00185328 0.0408347
internal_weight=11638 7465 3376 4089 3998 4173 1652 1273 2725 371 297 242 604 1281
internal_count=11638 7465 3376 4089 3998 4173 1652 1273 2725 371 297 242 604 1281
is_linear=0
shrinkage=0.02


Tree=74
num_leaves=15
num_cat=0
split_feature=14 0 0 0 18 13 8 5 11 14 3 8 0 6
split_gain=17835.6 6612.41 1135.29 836.528 805.556 685.28 443.876 429.148 502.484 338.651 319.354 326.787 317.619 286.875
threshold=2.5000000000000004 0.44473516007698127 0.83166737462957296 0.19770877442733506 0.55440581997992366 1.0000000180025095e-35 0.77618447027856996 1.5000000000000002 71.205882352941188 1.0000000180025095e-35 60.262247440012636 0.80929730840353409 0.61922450223325554 1.0000000180025095e-35
decision_type=8 10 10 8 10 10 2 2 2 10 10 2 10 2
left_child=1 3 7 -1 6 -2 9 8 -3 -5 -4 -12 -9 -14
right_child=5 2 10 4 -6 -7 -8 12 -10 -11 11 -13 13 -15
leaf_value=-0.014645088834738281 -0.036563132738817603 0.002596187641148467 0.022546065098816351 0.0044157103366756472 0.050613282751662048 -0.0091546867880854983 0.049188510584242548 0.027959360703014694 0.05454893247690052 -0.017568746548366512 0.061154065508218045 0.10073491627165863 0.038575925893561173 0.064788439558275665
leaf_weight=1143 3769 332 62 2209 151 404 81 1148 96 321 336 111 1283 192
leaf_count=1143 3769 332 62 2209 151 404 81 1148 96 321 336 111 1283 192
internal_value=-0.000794569 0.017717 0.0374313 -0.000255499 0.00569935 -0.0339096 0.00310188 0.0328182 0.0142491 0.00162638 0.0650829 0.0709829 0.0358481 0.041988
internal_weight=11638 7465 3560 3905 2762 4173 2611 3051 428 2530 509 447 2623 1475
internal_count=11638 7465 3560 3905 2762 4173 2611 3051 428 2530 509 447 2623 1475
is_linear=0
shrinkage=0.02


Tree=75
num_leaves=15
num_cat=0
split_feature=14 0 0 3 16 8 0 18 16 4 8 17 4 8
split_gain=18148.3 5860.06 1083.37 905.693 836.318 764.444 705.885 695.053 656.592 448.079 422.407 422.046 334.277 294.59
threshold=1.5000000000000002 0.3965066206649428 0.71903569188805905 82.87787273269619 0.8703627239074111 0.60859298508322301 0.12123743838465439 0.75954135191966987 0.41501372255292718 -0.099346042306032681 0.77618447027856996 0.36352759361974468 -0.21614797099224237 0.25522875816993468
decision_type=8 10 10 8 8 2 10 10 10 2 2 10 2 2
left_child=1 3 12 6 -2 13 -1 8 11 -7 -4 -8 -3 -5
right_child=4 2 10 5 -6 9 7 -9 -10 -11 -12 -13 -14 -15
leaf_value=-0.021984291618426088 -0.010531549217547086 0.0086023442132160972 0.043757684660251178 -0.017066602765335743 -0.035726974676267682 0.022590611503749598 -0.0053732755402699992 0.070704367384314543 0.055850866180431995 0.09417255243104769 0.069221955482739933 0.031763794852122093 0.031085019886196094 0.021384534258805217
leaf_weight=699 613 298 930 117 3755 61 1866 56 79 82 362 131 2355 250
leaf_count=699 613 298 930 117 3755 61 1866 56 79 82 362 131 2355 250
internal_value=4.28841e-05 0.0193673 0.0358737 -0.000123111 -0.0321911 0.0244108 -0.00454286 0.00117551 -0.000700027 0.0636376 0.0508924 -0.00293714 0.0285596 0.00912627
internal_weight=11654 7286 3945 3341 4368 510 2831 2132 2076 143 1292 1997 2653 367
internal_count=11654 7286 3945 3341 4368 510 2831 2132 2076 143 1292 1997 2653 367
is_linear=0
shrinkage=0.02


Tree=76
num_leaves=15
num_cat=0
split_feature=13 2 8 2 8 8 17 16 2 5 1 2 10 4
split_gain=16983.7 4925.7 1179.92 743.862 680.882 557.312 521.854 503.353 501.267 400.126 407.001 372.512 293.136 274.008
threshold=1.0000000180025095e-35 0.54533280395436645 0.29235267656320291 0.40181664899954672 0.60133114284510736 0.75121533515608585 0.71768572973858669 0.2020923641174352 0.87560768713524717 4.5000000000000009 0.65045413881616931 0.35858205773356416 0.27440972222222232 -0.056673369508414957
decision_type=10 10 2 8 2 2 10 10 10 2 10 10 2 2
left_child=-1 2 6 -4 9 -5 7 11 -6 10 -3 -2 13 -13
right_child=1 4 3 5 8 -7 -8 -9 -10 -11 -12 12 -14 -15
leaf_value=-0.034292555910074331 -0.010989423260174864 0.023943754372949308 0.0033187595129343149 0.020217471133128197 0.049128018809126255 0.059021560283709161 0.055942704556352009 0.035415489128867134 0.096738820730410902 0.064230978241333586 0.081411235753733394 0.0055480134513263947 -0.0073624383596082536 0.042450619401236948
leaf_weight=3856 1769 948 1185 1614 1004 163 59 122 97 130 52 214 312 129
leaf_count=3856 1769 948 1185 1614 1004 163 59 122 97 130 52 214 312 129
internal_value=4.20266e-05 0.01702 0.00695735 0.0155922 0.0421292 0.0237769 -0.0028609 -0.0042236 0.0533226 0.0312231 0.0269321 -0.00621863 0.00666614 0.0194268
internal_weight=11654 7798 5567 2962 2231 1777 2605 2546 1101 1130 1000 2424 655 343
internal_count=11654 7798 5567 2962 2231 1777 2605 2546 1101 1130 1000 2424 655 343
is_linear=0
shrinkage=0.02


Tree=77
num_leaves=15
num_cat=0
split_feature=14 0 2 3 16 8 0 16 4 1 8 0 3 4
split_gain=16798.5 5470.78 1070.71 854.245 753.82 718.413 673.235 578.024 429.307 417.188 486.381 360.879 314.761 284.398
threshold=1.5000000000000002 0.3965066206649428 0.60214436159071139 82.87787273269619 0.8703627239074111 0.60859298508322301 0.12123743838465439 0.41501372255292718 -0.099346042306032681 0.66669924246722512 0.18071246241523453 0.92463552353347023 70.060023829546296 -0.19758735588372758
decision_type=8 10 10 8 8 2 10 10 2 10 2 10 10 2
left_child=1 3 12 6 -2 -5 -1 -8 -7 10 -4 -12 -3 -14
right_child=4 2 9 5 -6 8 7 -9 -10 -11 11 -13 13 -15
leaf_value=-0.02152448256615315 -0.010407418845172782 0.020963645558370009 -0.013697966566817328 0.0088108737598027714 -0.034327898661540283 0.021477574544851899 -0.00094945026413731262 0.054180618667904343 0.091544033650581419 0.086674103571636837 0.044359321578569741 0.086627917977613086 0.0077217678712983417 0.041539268438686432
leaf_weight=699 613 1587 55 367 3755 61 2053 79 82 101 1335 86 117 664
leaf_count=699 613 1587 55 367 3755 61 2053 79 82 101 1335 86 117 664
internal_value=4.11857e-05 0.0186331 0.0345818 -0.000198812 -0.0309709 0.0236281 -0.00449119 0.00109336 0.0616555 0.0473496 0.0446587 0.0469174 0.0260789 0.0364731
internal_weight=11654 7286 3945 3341 4368 510 2831 2132 143 1577 1476 1421 2368 781
internal_count=11654 7286 3945 3341 4368 510 2831 2132 143 1577 1476 1421 2368 781
is_linear=0
shrinkage=0.02


Tree=78
num_leaves=15
num_cat=0
split_feature=13 2 8 2 8 8 17 16 2 5 2 11 1 9
split_gain=15682.4 4560.84 1097.76 693.833 642.386 524.463 503.673 474.659 468.819 381.755 395.071 375.599 367.406 349.144
threshold=1.0000000180025095e-35 0.54533280395436645 0.29235267656320291 0.40181664899954672 0.60133114284510736 0.75121533515608585 0.71768572973858669 0.2020923641174352 0.87560768713524717 4.5000000000000009 0.60214436159071139 67.060661764705898 0.58260980236903437 0.06795444051100509
decision_type=10 10 2 8 2 2 10 10 10 2 10 2 10 2
left_child=-1 2 6 11 9 -5 7 13 -6 10 -3 -4 -12 -2
right_child=1 4 3 5 8 -7 -8 -9 -10 -11 12 -13 -14 -15
leaf_value=-0.032952691541551865 0.019237347926199435 0.0080993054816029548 -0.011637471312678409 0.01945272853493845 0.047332120210032511 0.057095858385226475 0.054972090013956622 0.034355847543624585 0.093376192820748105 0.062164223611354832 0.028090088176477988 0.011722707062363625 0.068259172745800886 -0.0083503816409064586
leaf_weight=3856 200 337 435 1614 1004 163 59 122 97 130 554 750 109 2224
leaf_count=3856 200 337 435 1614 1004 163 59 122 97 130 554 750 109 2224
internal_value=4.03622e-05 0.016355 0.00667218 0.015001 0.0405163 0.0229056 -0.00279809 -0.00413683 0.0513887 0.029923 0.0257316 0.00314745 0.0346941 -0.00607417
internal_weight=11654 7798 5567 2962 2231 1777 2605 2546 1101 1130 1000 1185 663 2424
internal_count=11654 7798 5567 2962 2231 1777 2605 2546 1101 1130 1000 1185 663 2424
is_linear=0
shrinkage=0.02


Tree=79
num_leaves=15
num_cat=0
split_feature=14 2 8 8 16 2 2 18 16 1 4 17 2 5
split_gain=15553.3 3753.17 769.123 688.807 677.529 602.257 565.761 548.336 513.585 495.48 450.732 440.661 406.622 388.959
threshold=1.5000000000000002 0.49403790087463562 0.4596610032851644 0.56760752688172056 0.8703627239074111 0.35358700227032741 0.87560768713524717 0.82351798635720785 0.23632047399663675 0.58260980236903437 0.073164083291676715 0.71768572973858669 0.21318566823002424 4.5000000000000009
decision_type=8 10 2 2 8 8 10 10 10 10 2 10 8 2
left_child=1 2 7 9 -2 -4 10 8 11 -3 -5 12 -1 -14
right_child=4 3 5 6 -6 -7 -8 -9 -10 -11 -12 -13 13 -15
leaf_value=-0.019137726296901296 -0.010305850959267487 0.020904225017037911 -0.0026337320703398392 0.040054022844530586 -0.03298360028156587 0.025883806459189182 0.091937619311620991 0.066558301663398739 0.040653894147756747 0.060577241304579754 0.10120227710008621 0.053120087657058453 -0.00079821234611075753 0.050396674092187253
leaf_weight=513 613 1112 403 1353 3755 1118 98 50 118 142 50 57 2211 61
leaf_count=513 613 1112 403 1353 3755 1118 98 50 118 142 50 57 2211 61
internal_value=3.95548e-05 0.0179292 0.00673611 0.0363378 -0.029801 0.0183279 0.0454784 0.00087861 -0.000230844 0.0253967 0.0422332 -0.00192838 -0.00305505 0.000576298
internal_weight=11654 7286 4531 2755 4368 1521 1501 3010 2960 1254 1403 2842 2785 2272
internal_count=11654 7286 4531 2755 4368 1521 1501 3010 2960 1254 1403 2842 2785 2272
is_linear=0
shrinkage=0.02


Tree=80
num_leaves=15
num_cat=0
split_feature=14 0 0 16 13 0 18 3 1 8 6 8 1 14
split_gain=14325.7 4988.36 834.846 964.07 777.098 714.337 684.277 579.877 462.565 451.443 454.451 450.727 439.045 313.84
threshold=1.5000000000000002 0.46877360266620821 0.1666798189761825 0.46665079715506008 1.0000000180025095e-35 0.87500653245766846 0.54666410475345961 86.177256265367461 0.66669924246722512 0.5739606832097971 1.0000000180025095e-35 0.54786299108295589 0.076578644469679089 1.0000000180025095e-35
decision_type=8 10 8 10 10 10 10 8 10 2 2 2 10 10
left_child=1 2 -1 6 -2 8 7 12 9 -3 -11 -9 -4 -8
right_child=4 5 3 -5 -6 -7 13 11 -10 10 -12 -13 -14 -15
leaf_value=-0.015220734170437995 -0.031918543461492026 0.023733951987861913 -0.018112778604080639 0.078330864659636415 -0.0080606240188399163 0.065268423483799826 0.066314181173310699 0.0073856560999074582 0.085682589221978564 0.036415734608579435 0.082799023155433443 0.046909476176296414 0.0032709908939757815 0.0081487710260111715
leaf_weight=866 3722 1529 484 74 640 291 103 294 64 1381 90 190 1860 58
leaf_count=866 3722 1529 484 74 640 291 103 294 64 1381 90 190 1860 58
internal_value=0.000246298 0.0174119 0.00211758 0.00701963 -0.0284181 0.0353228 0.00525414 0.00297088 0.0324788 0.0313438 0.0392536 0.0229012 -0.00114443 0.0453602
internal_weight=11646 7284 3929 3063 4362 3355 2989 2828 3064 3000 1471 484 2344 161
internal_count=11646 7284 3929 3063 4362 3355 2989 2828 3064 3000 1471 484 2344 161
is_linear=0
shrinkage=0.02


Tree=81
num_leaves=15
num_cat=0
split_feature=14 2 8 13 8 2 16 4 9 1 4 5 2 4
split_gain=13758.4 3146.34 781.575 746.325 716.825 504.656 482.5 429.875 409.732 365.762 341.02 332.296 316.239 296.7
threshold=1.5000000000000002 0.48259206142427885 0.56760752688172056 1.0000000180025095e-35 0.41471925133689841 0.35858205773356416 0.2020923641174352 0.014762162087627411 0.077193932827735665 0.58260980236903437 0.060501393443977217 3.5000000000000004 0.13692018618887605 0.067680530353247684
decision_type=8 10 2 10 2 8 10 2 2 10 2 2 10 2
left_child=1 4 9 -2 6 -6 8 11 -1 10 -3 -4 -8 -7
right_child=3 2 7 -5 5 13 12 -9 -10 -11 -12 -13 -14 -15
leaf_value=0.021981289832637859 -0.031280172489091054 0.015432526818008054 0.018858047040065624 -0.0078994114182132751 -0.00015889448892032247 0.021442508808491662 -0.00018008388359757029 0.071665318204170991 -0.0044876973105985006 0.051169706502906802 0.054334761419010412 0.043945463101753297 0.064371510650714239 0.064802884986596324
leaf_weight=260 3722 1123 262 640 496 1091 51 184 2333 155 98 1089 75 67
leaf_count=260 3722 1123 262 640 496 1091 51 184 2333 155 98 1089 75 67
internal_value=0.000241373 0.0170636 0.0331744 -0.0278497 0.00633908 0.0167211 2.35442e-05 0.0429862 -0.00183365 0.0222288 0.0185549 0.0390802 0.0382435 0.0239513
internal_weight=11646 7284 2911 4362 4373 1654 2719 1535 2593 1376 1221 1351 126 1158
internal_count=11646 7284 2911 4362 4373 1654 2719 1535 2593 1376 1221 1351 126 1158
is_linear=0
shrinkage=0.02


Tree=82
num_leaves=15
num_cat=0
split_feature=14 0 0 16 13 0 18 4 3 17 1 8 8 0
split_gain=13213.6 4654.37 791.022 908.701 716.771 674.817 659.158 601.962 552.093 544.24 474.453 475.496 425.281 322.767
threshold=1.5000000000000002 0.46877360266620821 0.1666798189761825 0.46665079715506008 1.0000000180025095e-35 0.87500653245766846 0.54666410475345961 0.071041784689516038 86.177256265367461 0.54502575501242101 0.66669924246722512 0.5739606832097971 0.54786299108295589 0.1666798189761825
decision_type=8 10 8 10 10 10 10 2 8 10 10 2 2 10
left_child=1 2 -1 6 -2 7 8 10 9 13 11 -3 -10 -4
right_child=4 5 3 -5 -6 -7 -8 -9 12 -11 -12 -13 -14 -15
leaf_value=-0.014928157769739639 -0.030654569535983115 0.019851809031390902 -0.028688322530316362 0.075953755016262475 -0.0077414231982256753 0.063128787974516556 0.044369577429494503 0.068298582647245448 0.0071413602385445038 0.045639972426389397 0.085272443668316988 0.036222431562266802 0.045533308387881048 -0.00097562191388632889
leaf_weight=866 3722 1431 183 74 640 291 161 166 294 95 59 1408 190 2066
leaf_count=866 3722 1431 183 74 640 291 161 166 294 95 59 1408 190 2066
internal_value=0.000236545 0.0167224 0.00194894 0.00672059 -0.0272927 0.0340233 0.00500655 0.0312591 0.00276559 -0.00124991 0.0291374 0.0279708 0.0222126 -0.00323059
internal_weight=11646 7284 3929 3063 4362 3355 2989 3064 2828 2344 2898 2839 484 2249
internal_count=11646 7284 3929 3063 4362 3355 2989 3064 2828 2344 2898 2839 484 2249
is_linear=0
shrinkage=0.02


Tree=83
num_leaves=15
num_cat=0
split_feature=14 0 16 0 13 0 4 1 8 3 1 17 2 8
split_gain=12690.4 4470.06 761.471 693.389 688.386 648.094 578.125 455.665 456.667 410.503 568.277 468.059 409.307 408.44
threshold=1.5000000000000002 0.46877360266620821 0.46665079715506008 0.1666798189761825 1.0000000180025095e-35 0.87500653245766846 0.071041784689516038 0.66669924246722512 0.5739606832097971 86.177256265367461 0.076578644469679089 0.54502575501242101 0.22546756379514296 0.54786299108295589
decision_type=8 10 10 8 10 10 2 10 2 8 10 10 10 2
left_child=1 2 3 -1 -2 6 7 8 -3 10 -5 -12 -4 -11
right_child=4 5 12 9 -6 -7 -8 -9 -10 13 11 -13 -14 -15
leaf_value=-0.015756483669841594 -0.030041477879101972 0.019454772744554271 0.011527360054850578 -0.017168865885344969 -0.0075865945995774392 0.061866212209696236 0.066932611007422926 0.083566994692309424 0.035497982958335839 0.0069985334364203169 0.0044386910086409897 0.052676405832171438 0.089007514167887478 0.044622642458269475
leaf_weight=830 3722 1431 50 511 640 291 166 59 1408 294 1910 84 60 190
leaf_count=830 3722 1431 50 511 640 291 166 59 1408 294 1910 84 60 190
internal_value=0.000231814 0.0163879 0.00190996 0.000415663 -0.0267469 0.0333429 0.0306339 0.0285547 0.0274114 0.00490642 0.00164847 0.00647077 0.0537893 0.0217683
internal_weight=11646 7284 3929 3819 4362 3355 3064 2898 2839 2989 2505 1994 110 484
internal_count=11646 7284 3929 3819 4362 3355 3064 2898 2839 2989 2505 1994 110 484
is_linear=0
shrinkage=0.02


Tree=84
num_leaves=15
num_cat=0
split_feature=14 8 13 1 1 5 11 16 4 10 8 1 6 10
split_gain=12187.8 2505.36 661.126 625.939 612.445 503.868 449.745 442.851 394.249 394.26 523.467 318.667 338.597 548.243
threshold=1.5000000000000002 0.55148044352382131 1.0000000180025095e-35 0.090092518228909527 0.20917500065560526 3.5000000000000004 67.343750000000014 0.54815700483066665 0.01199516982154945 0.50812500000000005 0.60456624603534836 0.58260980236903437 1.0000000180025095e-35 0.15915032679738564
decision_type=8 2 10 10 8 2 2 10 2 2 2 10 2 2
left_child=1 3 -2 -1 -3 6 -6 11 9 -7 -11 12 -5 -14
right_child=2 4 -4 7 5 8 -8 -9 -10 10 -12 -13 13 -15
leaf_value=-0.0048302832894535656 -0.029440648600595219 0.01488127240799495 -0.0074348630324675468 0.0056874854523964085 -0.0043514863644605094 0.068925987486184739 0.037805981675121524 0.064870909209693628 0.07117663557370825 -0.0068727605445753964 0.040142882828415979 0.036388181467754716 -0.015942530635080925 0.026177717288054767
leaf_weight=1187 3722 584 640 2481 184 163 225 62 186 105 968 187 146 806
leaf_count=1187 3722 584 640 2481 184 163 225 62 186 105 968 187 146 806
internal_value=0.000227178 0.0160601 -0.0262119 0.00779941 0.032715 0.0384031 0.0188403 0.011871 0.0440299 0.0399447 0.0355421 0.0109632 0.00957829 0.0197181
internal_weight=11646 7284 4362 4869 2415 1831 409 3682 1422 1236 1073 3620 3433 952
internal_count=11646 7284 4362 4869 2415 1831 409 3682 1422 1236 1073 3620 3433 952
is_linear=0
shrinkage=0.02


Tree=85
num_leaves=15
num_cat=0
split_feature=14 0 16 3 2 0 17 18 11 0 8 0 0 8
split_gain=11641.4 4226.11 775.173 646.24 597.925 575.224 542.996 517.122 415.297 403.872 399.402 364.292 361.563 333.977
threshold=3.5000000000000004 0.42918882714118212 0.59925034486684681 86.177256265367461 0.60214436159071139 0.040424024861381143 0.36352759361974468 0.61922450223325554 74.000000000000014 0.07281455811576773 0.54652920962199325 0.36640641443662764 0.20243951306251226 0.77618447027856996
decision_type=8 10 10 8 10 10 10 10 2 10 2 10 10 2
left_child=1 2 3 5 8 -1 7 11 -3 -2 -5 -7 -9 -6
right_child=9 4 -4 10 13 6 -8 12 -10 -11 -12 -13 -14 -15
leaf_value=-0.029820565348244461 -0.033805094868522109 0.02172502774781826 0.05988698105426396 0.0060647030179586002 0.0343277649625367 -0.0094159063307939928 0.032129538854240705 -0.0014857600704722463 0.077893767196823047 -0.020998841477147638 0.043080718780451638 0.010575389640733226 0.055194989595677431 0.056295224295606489
leaf_weight=321 2013 2112 85 307 1221 2176 179 84 54 1929 188 438 97 358
leaf_count=321 2013 2112 85 307 1221 2176 179 84 54 1929 188 438 97 358
internal_value=0.000363547 0.0147979 0.000155442 -0.00118418 0.0299486 -0.00438516 -0.00163978 -0.00380246 0.0231254 -0.0275384 0.0201233 -0.00606618 0.0288901 0.0393084
internal_weight=11562 7620 3875 3790 3745 3295 2974 2795 2166 3942 495 2614 181 1579
internal_count=11562 7620 3875 3790 3745 3295 2974 2795 2166 3942 495 2614 181 1579
is_linear=0
shrinkage=0.02


Tree=86
num_leaves=15
num_cat=0
split_feature=14 0 16 3 0 0 5 17 18 0 0 0 3 8
split_gain=11180.4 4058.76 744.477 620.649 574.876 552.445 522.987 521.493 496.644 387.879 349.866 347.245 345.725 344.924
threshold=3.5000000000000004 0.42918882714118212 0.59925034486684681 86.177256265367461 0.63344030300602094 0.040424024861381143 3.5000000000000004 0.36352759361974468 0.61922450223325554 0.07281455811576773 0.36640641443662764 0.20243951306251226 57.022351797862008 0.87889278116058989
decision_type=8 10 10 8 10 10 2 10 10 10 10 10 10 2
left_child=1 2 3 5 -3 -1 -5 8 10 -2 -7 -10 -6 -14
right_child=9 4 -4 6 12 7 -8 -9 11 -11 -12 -13 13 -15
leaf_value=-0.029224153799338508 -0.033128992375957983 0.020769120334000645 0.058689241546041826 -0.0010454847814173115 -0.00999988661057526 -0.009227588059982415 0.040071848368942738 0.03148694808173446 -0.0014560447242997943 -0.020578864301130477 0.010363881854621107 0.054091089415872838 0.036077524046123181 0.074941574449961385
leaf_weight=321 2013 1703 85 245 62 2176 250 179 84 1929 438 97 1884 96
leaf_count=321 2013 1703 85 245 62 2176 250 179 84 1929 438 97 1884 96
internal_value=0.000356276 0.0145019 0.000152333 -0.0011605 0.0293496 -0.00429745 0.0197208 -0.00160698 -0.00372641 -0.0269876 -0.00594486 0.0283123 0.0365056 0.0379618
internal_weight=11562 7620 3875 3790 3745 3295 495 2974 2795 3942 2614 181 2042 1980
internal_count=11562 7620 3875 3790 3745 3295 495 2974 2795 3942 2614 181 2042 1980
is_linear=0
shrinkage=0.02


Tree=87
num_leaves=15
num_cat=0
split_feature=14 0 16 3 2 0 5 17 18 0 0 0 14 0
split_gain=10737.6 3898.03 714.995 596.071 562.197 530.568 502.277 500.842 476.977 372.81 336.011 333.494 298.44 268.852
threshold=3.5000000000000004 0.42918882714118212 0.59925034486684681 86.177256265367461 0.60214436159071139 0.040424024861381143 3.5000000000000004 0.36352759361974468 0.61922450223325554 0.059390774966776437 0.36640641443662764 0.20243951306251226 1.0000000180025095e-35 0.71903569188805905
decision_type=8 10 10 8 10 10 2 10 10 10 10 10 10 10
left_child=1 2 3 5 -3 -1 -5 8 10 -2 -7 -10 -12 -6
right_child=9 4 -4 6 13 7 -8 -9 11 -11 12 -13 -14 -15
leaf_value=-0.028639670641515461 -0.032998384835594849 0.022146388087692537 0.057515456946457134 -0.0010245753497797616 0.026873470006478807 -0.009043036454079223 0.039270411255806686 0.030857209044836419 -0.0014269241065319096 -0.02067282514268786 0.016923294483025868 0.053009267756619405 -0.030121313219978695 0.044049754128532695
leaf_weight=321 1847 2166 85 245 571 2176 250 179 84 2095 375 97 63 1008
leaf_count=321 1847 2166 85 245 571 2176 250 179 84 2095 375 97 63 1008
internal_value=0.000349151 0.0142119 0.000149286 -0.00113729 0.0287626 -0.00421151 0.0193264 -0.00157484 -0.00365188 -0.0264479 -0.00582596 0.0277461 0.0101566 0.0378384
internal_weight=11562 7620 3875 3790 3745 3295 495 2974 2795 3942 2614 181 438 1579
internal_count=11562 7620 3875 3790 3745 3295 495 2974 2795 3942 2614 181 438 1579
is_linear=0
shrinkage=0.02


Tree=88
num_leaves=15
num_cat=0
split_feature=17 0 2 16 3 18 17 15 5 11 8 15 18 0
split_gain=10264.7 3866 798.299 661.489 721.57 573.758 580.214 534.181 449.58 333.886 314.997 311.956 303.017 296.58
threshold=0.9812094281880791 0.38086423148885945 0.60214436159071139 0.59925034486684681 82.87787273269619 0.7507641249358451 0.32233474451224059 1.0000000180025095e-35 3.5000000000000004 74.000000000000014 0.77618447027856996 1.0000000180025095e-35 0.54546791504538727 0.090835451369408501
decision_type=8 10 10 10 8 10 10 10 2 2 2 10 10 10
left_child=1 3 7 4 5 6 13 9 -6 12 11 -4 -3 -1
right_child=-2 2 10 -5 8 -7 -8 -9 -10 -11 -12 -13 -14 -15
leaf_value=-0.023975756122655345 -0.027083826885993686 0.020666550036824431 0.029493756797421541 0.051610071194040909 0.00044239858464867462 0.036252702808240431 0.024453001289874016 -0.003329674299827523 0.038147654445968064 0.071856025316498498 0.053986769500614207 0.063418219339102508 0.065530203100173698 -0.0074988935144894063
leaf_weight=544 3708 2097 1124 91 255 120 201 352 251 55 361 120 62 2221
leaf_count=544 3708 2097 1124 91 255 120 201 352 251 55 361 120 62 2221
internal_value=0.000342167 0.0132904 0.0264759 -0.00164216 -0.00299126 -0.00662102 -0.00835563 0.019556 0.019146 0.0231945 0.0375392 0.0327662 0.0219549 -0.0107406
internal_weight=11562 7854 4171 3683 3592 3086 2966 2566 506 2214 1605 1244 2159 2765
internal_count=11562 7854 4171 3683 3592 3086 2966 2566 506 2214 1605 1244 2159 2765
is_linear=0
shrinkage=0.02


Tree=89
num_leaves=15
num_cat=0
split_feature=12 0 2 16 3 18 15 5 0 11 8 15 4 18
split_gain=9853.37 3716.53 766.686 635.515 693.505 551.235 513.028 431.777 376.014 320.664 304.645 318.18 356.014 291.017
threshold=inf 0.38086423148885945 0.60214436159071139 0.59925034486684681 82.87787273269619 0.7507641249358451 1.0000000180025095e-35 3.5000000000000004 0.040424024861381143 74.000000000000014 0.80488039881027207 1.0000000180025095e-35 -0.12710669878424086 0.54546791504538727
decision_type=8 10 10 10 8 10 10 2 10 2 2 10 2 10
left_child=1 3 6 4 5 8 9 -6 -1 13 11 -4 -13 -3
right_child=-2 2 10 -5 7 -7 -8 -9 -10 -11 -12 12 -14 -15
leaf_value=-0.028426495092132045 -0.026546208118819831 0.020253218962523589 0.029973499858359124 0.050577869786993482 0.00043355054919626198 0.035527649152655313 -0.0032630805292865263 0.037384701046009224 -0.0056909224196749399 0.070418904790485445 0.057619676127967479 0.022331764754259364 0.089167167183943088 0.064219599296489072
leaf_weight=327 3706 2097 1233 91 255 120 352 251 2641 55 239 53 80 62
leaf_count=327 3706 2097 1233 91 255 120 352 251 2641 55 239 53 80 62
internal_value=0.000335324 0.0130165 0.0259464 -0.00161877 -0.00294039 -0.00649672 0.0191649 0.0187631 -0.00819582 0.0227306 0.0367884 0.0331437 0.0625335 0.0215158
internal_weight=11562 7856 4171 3685 3594 3088 2566 506 2968 2214 1605 1366 133 2159
internal_count=11562 7856 4171 3685 3594 3088 2566 506 2968 2214 1605 1366 133 2159
is_linear=0
shrinkage=0.02


Tree=90
num_leaves=15
num_cat=0
split_feature=14 8 1 8 18 9 9 6 4 1 4 1 9 9
split_gain=10456.1 1545.53 729.335 503.71 490.361 379.969 347.098 311.308 309.594 262.918 310.364 256.196 254.863 363.01
threshold=1.5000000000000002 0.27624520195660973 0.16668241668241671 0.50662020905923355 0.83405946062854108 0.55718954248366026 0.06795444051100509 1.0000000180025095e-35 -0.13822560469815479 0.24424372537083849 -0.075172645972146776 0.015686782556195409 0.26158301158301162 0.17420484388678145
decision_type=8 2 8 2 8 2 2 2 2 8 2 10 2 2
left_child=1 6 -3 9 -2 7 -1 8 -5 10 -4 -8 13 -13
right_child=4 2 3 5 -6 -7 11 -9 -10 -11 -12 12 -14 -15
leaf_value=0.02654248974307882 -0.0072719078862335156 0.0075200504937322724 0.016533007336109476 0.014913164333013124 -0.026428890896843586 0.055307396679541203 -0.016012392849162005 0.054991051938439554 0.032156227269956657 0.012363470302048204 0.056997013166546824 -0.0019943070014994276 -0.01066889247484069 0.018848933787164041
leaf_weight=213 624 1091 186 606 3725 246 345 170 1332 1142 128 771 427 590
leaf_count=213 624 1091 186 606 3725 246 345 170 1332 1142 128 771 427 590
internal_value=0.000835583 0.0155478 0.0219379 0.0260665 -0.0236802 0.0317857 0.00219817 0.0290408 0.0267644 0.0168199 0.0330279 -0.000232833 0.00281188 0.00704134
internal_weight=11596 7247 4901 3810 4349 2354 2346 2108 1938 1456 314 2133 1788 1361
internal_count=11596 7247 4901 3810 4349 2354 2346 2108 1938 1456 314 2133 1788 1361
is_linear=0
shrinkage=0.02


Tree=91
num_leaves=15
num_cat=0
split_feature=14 0 0 0 8 14 17 10 16 12 0 11 9 4
split_gain=10042.1 3146.96 702.203 556.064 337.956 313.164 285.025 341.856 288.677 276.321 263.037 369.238 257.683 249.191
threshold=1.5000000000000002 0.5503127125182582 0.33910596473842375 0.090835451369408501 0.87889278116058989 1.0000000180025095e-35 0.36352759361974468 0.18369318181818184 0.55330395250928965 1.0000000180025095e-35 0.89363842540235872 66.406250000000014 0.55718954248366026 -0.0042015118638668676
decision_type=8 10 8 10 2 10 10 2 10 8 10 2 2 2
left_child=1 2 6 -2 10 12 8 -8 -1 -5 13 -12 -4 -3
right_child=3 4 5 9 -6 -7 7 -9 -10 -11 11 -13 -14 -15
leaf_value=-0.0061908130649180413 -0.029969101252881259 0.025984762263831486 0.013730226871025222 -0.0019509774089412658 0.06657471714454534 -0.013610744412519976 -0.017485880386829376 0.047610295819384717 0.036630489147626441 -0.019575535887788084 0.011672010928915257 0.073017968410064304 0.05880442175154503 0.042459880078909398
leaf_weight=2019 2296 1977 2082 458 110 167 50 91 65 1595 57 126 52 451
leaf_count=2019 2296 1977 2082 458 110 167 50 91 65 1595 57 126 52 451
internal_value=0.000818871 0.0152368 0.00501793 -0.0232066 0.0322345 0.0127645 -0.00299327 0.0245265 -0.00485522 -0.0156437 0.0307878 0.0539102 0.0148286 0.029045
internal_weight=11596 7247 4526 4349 2721 2301 2225 141 2084 2053 2611 183 2134 2428
internal_count=11596 7247 4526 4349 2721 2301 2225 141 2084 2053 2611 183 2134 2428
is_linear=0
shrinkage=0.02


Tree=92
num_leaves=15
num_cat=0
split_feature=14 0 0 0 18 0 11 9 12 16 9 10 5 7
split_gain=9644.42 3022.34 675.089 534.044 400.659 322.062 295.693 284.481 265.379 245.77 240.021 352.261 293.524 267.308
threshold=1.5000000000000002 0.5503127125182582 0.36201174235253558 0.090835451369408501 0.54546791504538727 0.89363842540235872 66.406250000000014 0.55718954248366026 1.0000000180025095e-35 0.55330395250928965 0.40958142576847617 0.65749019607843151 4.5000000000000009 9.5000000000000018
decision_type=8 10 8 10 10 10 2 2 8 10 2 2 2 2
left_child=1 2 9 -2 7 10 -7 -4 -5 -1 11 12 13 -3
right_child=3 5 4 8 -6 6 -8 -9 -10 -11 -12 -13 -14 -15
leaf_value=-0.0034608681512374342 -0.029369720180603298 0.016892821197410559 0.010152379503339456 -0.0019119576825536624 0.055925884097149332 0.018098285388751106 0.070273575401735427 0.057538458085977115 -0.019184025118670494 0.034840084405049036 0.040934554257572364 0.0025134292775177741 0.044900663063683094 0.034895772820147324
leaf_weight=2329 2296 742 1992 458 84 61 151 52 1595 69 575 222 376 594
leaf_count=2329 2296 742 1992 458 84 61 151 52 1595 69 575 222 376 594
internal_value=0.000802493 0.0149321 0.00491757 -0.0227425 0.0131172 0.0315898 0.0552609 0.0113579 -0.0153308 -0.0023588 0.0295897 0.0262167 0.0292904 0.0248971
internal_weight=11596 7247 4526 4349 2128 2721 212 2044 2053 2398 2509 1934 1712 1336
internal_count=11596 7247 4526 4349 2128 2721 212 2044 2053 2398 2509 1934 1712 1336
is_linear=0
shrinkage=0.02


Tree=93
num_leaves=15
num_cat=0
split_feature=14 0 0 3 8 0 0 17 10 10 8 16 12 10
split_gain=9262.5 2905.51 725.887 551.303 596.67 512.896 347.983 350.331 340.781 337.219 300.785 294.416 254.87 238.591
threshold=1.5000000000000002 0.36201174235253558 0.69252932904164666 82.87787273269619 0.24930555555555559 0.090835451369408501 0.040424024861381143 0.36352759361974468 0.21240384615384619 0.74058823529411777 0.77722824705583327 0.55330395250928965 1.0000000180025095e-35 0.21281250000000004
decision_type=8 10 10 8 2 10 10 10 2 2 2 10 8 2
left_child=1 3 9 6 -5 -2 -1 11 -9 -3 -11 -8 -7 -4
right_child=5 2 13 4 -6 12 7 8 -10 10 -12 -13 -14 -15
leaf_value=-0.024253553601878659 -0.028782324574843945 0.020659944675952887 0.0070606318525239528 -0.020521379054657053 0.030535377950735403 -0.0018737186693208185 -0.0045673675701828299 -0.0029166198143845096 0.059307904031178728 -0.050097408294677737 0.018260640192265604 0.038989942274056374 -0.018800344032787231 0.038738411626081541
leaf_weight=297 2296 2556 102 119 397 458 2061 68 73 52 51 64 1595 1407
leaf_count=297 2296 2556 102 119 397 458 2061 68 73 52 51 64 1595 1407
internal_value=0.000786444 0.0146334 0.0255178 -0.000100567 0.0187607 -0.0222876 -0.00389783 -0.00122985 0.0292989 0.0192302 -0.0162502 -0.00325552 -0.0150242 0.0365972
internal_weight=11596 7247 4168 3079 516 4349 2563 2266 141 2659 103 2125 2053 1509
internal_count=11596 7247 4168 3079 516 4349 2563 2266 141 2659 103 2125 2053 1509
is_linear=0
shrinkage=0.02


Tree=94
num_leaves=15
num_cat=0
split_feature=14 0 0 0 18 2 9 18 17 10 16 0 18 3
split_gain=8895.7 2802.67 621.218 494.673 494.521 362.072 303.175 267.558 263.397 319.124 257.04 204.476 216.379 202.091
threshold=1.5000000000000002 0.5503127125182582 0.33910596473842375 0.052626491163695326 0.54546791504538727 0.70685917826677014 0.56118955926401382 0.83405946062854108 0.36352759361974468 0.18369318181818184 0.55330395250928965 0.1666798189761825 0.54666410475345961 71.801227643701182
decision_type=8 10 8 10 10 10 2 8 10 2 10 10 10 8
left_child=1 2 8 -2 6 -3 13 -5 10 -10 11 -1 -13 -4
right_child=3 5 4 7 -6 -7 -8 -9 9 -11 -12 12 -14 -15
leaf_value=-0.014327716833563226 -0.02991452084991756 0.025740239665602904 0.003870233371795847 -0.0042720525675748189 0.056179371046036791 0.041849245040710754 0.058724653643369679 -0.019707639176925324 -0.016974474000930787 0.045920166259037921 0.034518577098846433 -0.0033900586773593787 0.028126801559899717 0.016357440808262801
leaf_weight=732 1788 1937 1285 581 97 784 50 1980 50 91 65 1193 94 869
leaf_count=732 1788 1937 1285 581 97 784 50 1980 50 91 65 1193 94 869
internal_value=0.000770715 0.0143408 0.00469706 -0.0218419 0.0119833 0.0303817 0.0100382 -0.0162059 -0.00283802 0.0236171 -0.00462793 -0.00588822 -0.00108813 0.00890802
internal_weight=11596 7247 4526 4349 2301 2721 2204 2561 2225 141 2084 2019 1287 2154
internal_count=11596 7247 4526 4349 2301 2721 2204 2561 2225 141 2084 2019 1287 2154
is_linear=0
shrinkage=0.02


Tree=95
num_leaves=15
num_cat=0
split_feature=14 0 0 0 0 18 10 18 7 17 1 14 13 0
split_gain=7527.6 2644.98 547.977 472.243 453.562 429.181 344.099 347.707 318.163 315.069 271.158 246.867 243.442 237.28
threshold=1.5000000000000002 0.38086423148885945 0.63736567834175273 0.090835451369408501 0.14529114203658289 0.583975442439023 0.61287179487179499 0.54666410475345961 1.5000000000000002 0.61201624597851023 0.015686782556195409 1.0000000180025095e-35 1.0000000180025095e-35 0.92463552353347023
decision_type=8 10 10 10 8 10 2 10 2 10 10 10 10 10
left_child=1 4 5 -2 -1 10 7 9 -8 11 -3 -6 -5 -4
right_child=3 2 13 12 6 -7 8 -9 -10 -11 -12 -13 -14 -15
leaf_value=-0.015519105684420283 -0.027478864294611709 -0.028988605193924488 0.028762242814916839 -0.018244397838910419 -0.00017720702484568627 0.067025896362842077 0.05226291529022821 0.031261704691818784 -0.0094246756359934805 0.041472911603415187 0.015275288336327868 -0.021776952550848244 -0.0023200354160235292 0.059522684092440131
leaf_weight=712 2292 57 1868 1536 1912 63 101 140 50 67 1922 238 512 106
leaf_count=712 2292 57 1868 1536 1912 63 101 140 50 67 1922 238 512 106
internal_value=-0.000417661 0.0120727 0.0229001 -0.0212426 -0.00143127 0.0156363 0.00256815 0.00069308 0.0318366 -0.00123728 0.0140004 -0.00256825 -0.0142633 0.030414
internal_weight=11576 7236 4016 4340 3220 2042 2508 2357 151 2217 1979 2150 2048 1974
internal_count=11576 7236 4016 4340 3220 2042 2508 2357 151 2217 1979 2150 2048 1974
is_linear=0
shrinkage=0.02


Tree=96
num_leaves=15
num_cat=0
split_feature=0 12 14 5 0 8 1 0 17 16 3 8 8 11
split_gain=7242.14 1917.73 1076.61 829.436 705.108 375.406 415.566 319.202 312.872 309.183 314.777 264.142 242.919 239.781
threshold=0.32435991185943441 1.0000000180025095e-35 1.5000000000000002 4.5000000000000009 0.61508042023461307 0.66021390374331557 0.23488292593829344 0.040424024861381143 0.24833408113767286 0.58695003644057298 1.0000000180025095e-35 0.16378539493293595 0.12673528252163271 67.781250000000014
decision_type=10 8 8 2 10 2 10 8 10 10 10 2 2 2
left_child=1 3 4 7 5 12 -7 -1 9 10 -9 -6 -2 -8
right_child=2 -3 -4 -5 11 6 13 8 -10 -11 -12 -13 -14 -15
leaf_value=-0.033492140929331844 0.053124181930507934 -0.024348253777629829 -0.01018377031076843 0.04172196695487361 -0.015063026659893539 -0.030538989889931371 -0.011195848085075977 0.0099892663648069816 0.023428117087955429 0.035031417290101181 -0.0093785053528519791 0.030134870835682542 0.01517336409209516 0.034686558556438672
leaf_weight=151 70 3473 493 159 53 154 83 396 161 74 2203 2142 1863 101
leaf_count=151 70 3473 493 159 53 154 83 396 161 74 2203 2142 1863 101
internal_value=-0.000409308 -0.014104 0.017864 -0.00278765 0.0209602 0.0131474 -0.00629857 -0.00515851 -0.00364885 -0.00527975 -0.00642751 0.0290435 0.0165477 0.0139896
internal_weight=11576 6617 4959 3144 4466 2271 338 2985 2834 2673 2599 2195 1933 184
internal_count=11576 6617 4959 3144 4466 2271 338 2985 2834 2673 2599 2195 1933 184
is_linear=0
shrinkage=0.02


Tree=97
num_leaves=15
num_cat=0
split_feature=0 14 14 5 0 8 1 0 17 16 3 9 8 3
split_gain=6955.35 1712.7 1033.98 736.316 677.186 360.54 399.109 300.981 294.721 310.675 296.006 369.643 253.682 243.209
threshold=0.32435991185943441 inf 1.5000000000000002 4.5000000000000009 0.61508042023461307 0.66021390374331557 0.23488292593829344 0.040424024861381143 0.24833408113767286 0.58695003644057298 1.0000000180025095e-35 0.27543103448275869 0.16378539493293595 71.498305329088865
decision_type=10 8 8 2 10 2 10 8 10 10 10 2 2 10
left_child=1 3 4 7 5 13 -7 -1 9 10 11 -9 -6 -2
right_child=2 -3 -4 -5 12 6 -8 8 -10 -11 -12 -13 -14 -15
leaf_value=-0.03265937622087315 0.012235330130759198 -0.023725389253924773 -0.0099800952252673096 0.037653794423172092 -0.014761766172804922 -0.029928210412527058 0.01370981170664258 -0.0069856147590179407 0.021569483832517153 0.033878897894899562 -0.0096978145927320136 0.032037682744969681 0.029532173538280967 0.028857454404729716
leaf_weight=156 1470 3398 493 166 53 154 184 238 168 77 2250 164 2142 463
leaf_count=156 1470 3398 493 166 53 154 184 238 168 77 2250 164 2142 463
internal_value=-0.000401122 -0.0138219 0.0175067 -0.00336765 0.020541 0.0128845 -0.0061726 -0.0055981 -0.00414088 -0.00572364 -0.00687348 0.00893434 0.0284627 0.0162167
internal_weight=11576 6617 4959 3219 4466 2271 338 3053 2897 2729 2652 402 2195 1933
internal_count=11576 6617 4959 3219 4466 2271 338 3053 2897 2729 2652 402 2195 1933
is_linear=0
shrinkage=0.02


Tree=98
num_leaves=15
num_cat=0
split_feature=0 13 14 5 18 0 10 0 8 16 3 0 3 5
split_gain=6679.92 1667.25 993.034 763.783 756.563 804.63 345.018 285.363 267.967 250.604 241.739 306.846 246.12 447.204
threshold=0.32435991185943441 1.5000000000000002 1.5000000000000002 4.5000000000000009 0.67236913667332265 0.61922450223325554 0.71851282051282062 0.040424024861381143 0.16378539493293595 0.58695003644057298 57.022351797862008 0.87500653245766846 67.354485566609 1.5000000000000002
decision_type=10 10 8 2 10 10 2 8 2 10 10 10 10 2
left_child=1 -1 4 7 5 6 -2 -3 -7 -9 -10 12 13 -12
right_child=2 3 -4 -5 -6 8 -8 9 10 -11 11 -13 -14 -15
leaf_value=-0.023036708493746869 0.012425230262121324 -0.032009432488028573 -0.0097804928995889918 0.039636605539824815 0.097491279196739195 -0.016838759103646645 -0.029862813971936703 -0.0047614684709075426 -0.011141770774948186 0.032785458924019177 -0.0065849877189803905 0.050428757802114081 0.020334866259228073 0.040405637330935919
leaf_weight=3494 2184 151 493 160 50 52 80 2739 58 73 91 263 950 738
leaf_count=3494 2184 151 493 160 50 52 80 2739 58 73 91 263 950 738
internal_value=-0.000393099 -0.0135454 0.0171566 -0.00292664 0.0201302 0.0192543 0.010931 -0.00522502 0.0280108 -0.00378674 0.0291213 0.0302649 0.027284 0.0352474
internal_weight=11576 6617 4959 3123 4466 4416 2264 2963 2152 2812 2100 2042 1779 829
internal_count=11576 6617 4959 3123 4466 4416 2264 2963 2152 2812 2100 2042 1779 829
is_linear=0
shrinkage=0.02


Tree=99
num_leaves=15
num_cat=0
split_feature=14 2 2 14 16 9 8 18 13 7 5 8 9 8
split_gain=6410.68 1527.44 442.609 440.262 516.865 429.772 529.307 411.412 363.678 289.961 327.623 304.068 310.497 252.997
threshold=1.5000000000000002 0.40181664899954672 0.77605468493261509 1.0000000180025095e-35 0.5769041961542406 0.31951603665521194 0.55148044352382131 0.54546791504538727 1.0000000180025095e-35 1.5000000000000002 4.5000000000000009 0.80929730840353409 0.34562446898895499 0.6684397163120569
decision_type=8 10 10 10 10 2 2 10 10 2 2 2 2 2
left_child=1 3 9 4 5 7 -7 -1 -2 -3 11 -11 -13 -8
right_child=8 2 -4 -5 -6 6 13 -9 -10 10 -12 12 -14 -15
leaf_value=-0.002206749505766542 -0.021980089052315997 -0.0047898855403412221 0.040165683290042234 -0.016637762040687155 0.059330498741300253 0.0047703454316552008 0.071768830264436784 0.035468549294794198 -0.0055012914803883872 0.01455128732302088 0.033008196308137436 0.079794895600969515 0.018988999785521092 0.024679977033908167
leaf_weight=2333 3714 215 391 458 67 335 87 122 626 2430 565 59 78 96
leaf_count=2333 3714 215 391 458 67 335 87 122 626 2430 565 59 78 96
internal_value=-0.000385237 0.0111413 0.0200303 0.00164239 0.00439644 0.00315844 0.0197128 -0.000334494 -0.0196032 0.0176781 0.0192204 0.0161857 0.0451755 0.0470665
internal_weight=11576 7236 3738 3498 3040 2973 518 2455 4340 3347 3132 2567 137 183
internal_count=11576 7236 3738 3498 3040 2973 518 2455 4340 3347 3132 2567 137 183
is_linear=0
shrinkage=0.02


Tree=100
num_leaves=15
num_cat=0
split_feature=13 2 8 18 3 9 7 7 1 2 9 16 10 10
split_gain=6154.45 1846.78 731.753 532.274 427.542 384.453 498.576 308.918 308.581 302.131 321.402 260.781 251.782 248.551
threshold=1.0000000180025095e-35 0.55113869736702104 0.24474000126366338 0.77456663348032395 82.87787273269619 0.06795444051100509 12.500000000000002 1.5000000000000002 0.076578644469679089 0.80223407894759025 0.31213034054590211 1.0000000180025095e-35 0.48968750000000005 0.52792857142857164
decision_type=10 10 2 10 8 2 2 2 10 10 2 10 2 2
left_child=-1 2 5 4 8 6 -2 -3 -4 10 12 -10 -9 -14
right_child=1 7 3 -5 -6 -7 -8 9 11 -11 -12 -13 13 -15
leaf_value=-0.021217240073228498 -0.00078706625589104588 -0.0013378711861030312 -0.0073779583760272254 0.07324591059310763 0.027582727094035291 -0.0088102842198227657 0.069399489411863233 0.024019255426969591 0.0076476710086658163 0.047338387200356408 0.016180075798763075 0.047625132608435941 0.079561616103682259 0.037897331813150748
leaf_weight=3846 129 157 587 51 403 1809 59 467 2526 273 868 67 72 280
leaf_count=3846 129 157 587 51 403 1809 59 467 2526 273 868 67 72 280
internal_value=-0.000534978 0.00973141 0.00374439 0.009089 0.0081758 -0.00598135 0.0212396 0.0256563 0.00571636 0.0278186 0.0246597 0.00868064 0.0336467 0.0464196
internal_weight=11594 7748 5631 3634 3583 1997 188 2117 3180 1960 1687 2593 819 352
internal_count=11594 7748 5631 3634 3583 1997 188 2117 3180 1960 1687 2593 819 352
is_linear=0
shrinkage=0.02


Tree=101
num_leaves=15
num_cat=0
split_feature=13 0 0 18 14 16 0 3 5 1 17 1 7 8
split_gain=5910.73 2287.79 590.354 502.599 418.937 613.576 400.332 314.981 427.009 287.889 287.083 249.059 308.188 233.31
threshold=1.0000000180025095e-35 0.5503127125182582 0.12123743838465439 0.77559273226161374 1.0000000180025095e-35 0.41501372255292718 0.92463552353347023 72.552832558253115 3.5000000000000004 0.015686782556195409 0.32233474451224059 0.17041214749448375 13.500000000000002 0.26944684528954194
decision_type=10 10 8 10 10 10 10 8 2 10 10 10 2 2
left_child=-1 2 11 4 5 7 -3 9 -9 -4 -6 12 -2 -10
right_child=1 6 3 -5 10 -7 -8 8 13 -11 -12 -13 -14 -15
leaf_value=-0.020792894736222936 -0.011530725777611868 0.022816747359727014 -0.019971491366374394 0.053363890218571193 -0.012159440151796815 0.057731542137379827 0.061605741321235093 0.0035139284682143886 -0.0083775404044266408 0.0032878474318965459 0.036340356285755451 -0.028178897302620409 0.04196592642068863 0.034643436143551157
leaf_weight=3846 311 2585 238 82 798 91 111 642 58 2015 52 329 50 386
leaf_count=3846 311 2585 238 82 798 91 111 642 58 2015 52 329 50 386
internal_value=-0.000524278 0.00953678 0.00159768 0.00431685 0.00337716 0.00649206 0.0244138 0.0050956 0.0139433 0.000830802 -0.00919239 -0.0155922 -0.00412122 0.0290236
internal_weight=11594 7748 5052 4362 4280 3430 2696 3339 1086 2253 850 690 361 444
internal_count=11594 7748 5052 4362 4280 3430 2696 3339 1086 2253 850 690 361 444
is_linear=0
shrinkage=0.02


Tree=102
num_leaves=15
num_cat=0
split_feature=13 0 0 18 14 0 18 2 17 1 7 0 0 14
split_gain=5676.67 2197.19 566.976 482.696 402.347 384.479 291.711 278.341 275.714 239.196 295.984 227.046 192.924 338.727
threshold=1.0000000180025095e-35 0.5503127125182582 0.12123743838465439 0.77559273226161374 1.0000000180025095e-35 0.92463552353347023 0.54666410475345961 0.26039019042413258 0.32233474451224059 0.17041214749448375 13.500000000000002 0.10398087924519285 0.74490260844973788 1.5000000000000002
decision_type=10 10 8 10 10 10 10 8 10 10 2 10 10 10
left_child=11 2 9 4 6 12 7 -4 -6 10 -2 -1 13 -3
right_child=1 5 3 -5 8 -7 -8 -9 -10 -11 -12 -13 -14 -15
leaf_value=-0.024241488094493772 -0.011300111156723603 0.019994831005054007 -0.0080020388625350533 0.052296612193898827 -0.011916251296395166 0.060373626454724924 0.038865885845968659 0.007831431164167995 0.035613549672640285 -0.02761531943959215 0.041126609462499623 -0.014266534548624726 0.029624703433551593 -0.028806404297563676
leaf_weight=2356 311 1592 528 82 798 111 107 2795 52 329 50 1490 934 59
leaf_count=2356 311 1592 528 82 798 111 107 2795 52 329 50 1490 934 59
internal_value=-0.000513792 0.00934605 0.00156572 0.00423051 0.00330962 0.0239255 0.00636222 0.00531561 -0.00900855 -0.0152804 -0.00403879 -0.020377 0.0223604 0.0182509
internal_weight=11594 7748 5052 4362 4280 2696 3430 3323 850 690 361 3846 2585 1651
internal_count=11594 7748 5052 4362 4280 2696 3430 3323 850 690 361 3846 2585 1651
is_linear=0
shrinkage=0.02


Tree=103
num_leaves=15
num_cat=0
split_feature=13 2 8 3 4 5 8 17 11 1 4 7 3 1
split_gain=5451.87 1655.86 674.626 360.096 348.233 319.372 377.978 304.688 287.228 399.747 322.171 270.458 231.059 279.717
threshold=1.0000000180025095e-35 0.55113869736702104 0.24474000126366338 82.87787273269619 0.071041784689516038 4.5000000000000009 0.80929730840353409 0.59216374804090544 72.818014705882362 0.28523759511177382 0.053344816186933548 10.500000000000002 70.358692333016293 0.48006554070577317
decision_type=10 10 2 8 2 2 2 10 2 10 2 2 10 10
left_child=-1 2 11 7 5 6 -3 8 10 -10 -4 -2 -7 -14
right_child=1 4 3 -5 -6 12 -8 -9 9 -11 -12 -13 13 -15
leaf_value=-0.019969495807489107 -0.01130321203501963 0.014028243198750755 0.0019287168201903018 0.026448130331628451 0.057928217115073365 0.043761671313106543 0.046855468721051889 0.046793846557401632 0.010770947568833011 0.072835985165217831 0.026242894449132251 0.0040828031934350521 0.037217085453725998 -0.019888687675883029
leaf_weight=3846 1289 1319 2717 403 116 383 157 73 146 58 237 708 84 58
leaf_count=3846 1289 1319 2717 403 116 383 157 73 146 58 237 708 84 58
internal_value=-0.000503516 0.00915913 0.00349001 0.00862176 0.0242384 0.0222853 0.01752 0.00639829 0.00546451 0.0284169 0.00387945 -0.00584838 0.0356827 0.0138922
internal_weight=11594 7748 5631 3634 2117 2001 1476 3231 3158 204 2954 1997 525 142
internal_count=11594 7748 5631 3634 2117 2001 1476 3231 3158 204 2954 1997 525 142
is_linear=0
shrinkage=0.02


Tree=104
num_leaves=15
num_cat=0
split_feature=13 0 0 18 14 16 0 17 4 2 18 4 12 4
split_gain=5235.98 2054.71 537.107 465.825 382.854 592.708 365.687 261.691 261.363 362.931 247.157 238.995 231.818 316.666
threshold=1.0000000180025095e-35 0.5503127125182582 0.12123743838465439 0.77559273226161374 1.0000000180025095e-35 0.41501372255292718 0.92463552353347023 0.32233474451224059 0.09217732115532562 0.33002335767407459 0.54666410475345961 0.071041784689516038 1.0000000180025095e-35 -0.082547820290029453
decision_type=10 10 8 10 10 10 10 10 2 10 10 2 10 2
left_child=-1 2 -2 4 5 8 11 -6 10 -10 -4 12 -3 -14
right_child=1 6 3 -5 7 -7 -8 -9 9 -11 -12 -13 13 -15
leaf_value=-0.019570106277828316 -0.014944224849208326 0.021611807692323206 0.0027555665842463905 0.051264426169417253 -0.011707744826615222 0.056479443278941485 0.058620976855357484 0.034597551215153476 0.00034761531921950251 0.074798584049940109 0.034851505295796829 0.046866723113026185 -0.02736842209618125 0.035009905099868774
leaf_weight=3846 690 2303 3135 82 798 91 111 52 55 50 99 141 90 51
leaf_count=3846 690 2303 3135 82 798 91 111 52 55 50 99 141 90 51
internal_value=-0.000493446 0.00897594 0.00145213 0.00404577 0.00314111 0.00611886 0.0230747 -0.00887495 0.00474635 0.0358005 0.0037381 0.0215484 0.0200877 -0.00480605
internal_weight=11594 7748 5052 4362 4280 3430 2696 850 3339 105 3234 2585 2444 141
internal_count=11594 7748 5052 4362 4280 3430 2696 850 3339 105 3234 2585 2444 141
is_linear=0
shrinkage=0.02


Tree=105
num_leaves=15
num_cat=0
split_feature=0 12 0 8 4 8 15 18 3 0 2 4 9 18
split_gain=5504.37 1501.67 777.01 445.621 378.6 382.224 370.782 566.378 348.567 279.02 272.547 247.583 231.587 229.397
threshold=0.36201174235253558 1.0000000180025095e-35 0.69620548966737328 0.4098872180451128 0.071041784689516038 0.77618447027856996 1.0000000180025095e-35 0.54546791504538727 69.085210008409447 0.19132561873996831 0.5937797721868413 -0.013551166307252499 0.26975051975051983 0.53286429701524052
decision_type=10 8 10 2 2 2 8 10 10 10 8 2 2 8
left_child=1 3 6 9 5 10 7 11 -5 -1 -4 -2 -13 -8
right_child=2 -3 4 8 -6 -7 13 -9 -10 -11 -12 12 -14 -15
leaf_value=-0.012074253378257738 0.0094536999099689 -0.020494232298847156 -0.0001330067958926486 0.016925903251514201 0.069572241642895868 0.043590893761344979 0.0071923346396038082 0.067937439656876902 -0.0095739456607761807 0.001295113840641971 0.025110615871427419 0.013862830215802615 0.041575908367928953 -0.01779560825083314
leaf_weight=1484 1854 3534 214 701 85 372 365 77 277 1078 853 291 206 246
leaf_count=1484 1854 3534 214 701 85 372 365 77 277 1078 853 291 206 246
internal_value=-0.000224346 -0.0112716 0.0169022 -0.00206468 0.0285567 0.0261339 0.0110578 0.0145622 0.00942032 -0.00644889 0.0200477 0.0128141 0.0253495 -0.00286828
internal_weight=11637 7074 4563 3540 1524 1439 3039 2428 978 2562 1067 2351 497 611
internal_count=11637 7074 4563 3540 1524 1439 3039 2428 978 2562 1067 2351 497 611
is_linear=0
shrinkage=0.02


Tree=106
num_leaves=15
num_cat=0
split_feature=14 2 4 2 8 1 1 8 9 11 10 17 11 9
split_gain=5136.33 1553.82 513.037 396.517 360.732 272.863 266.233 254.518 306.793 401.274 294.878 303.698 243.377 242.162
threshold=1.5000000000000002 0.44259629702268055 0.067680530353247684 0.71691414220729022 0.41471925133689841 0.067435316124817485 0.66669924246722512 0.10062292679163774 0.073119511263841169 66.687500000000014 0.18369318181818184 0.5803300403408419 69.696691176470594 0.14527527097359502
decision_type=8 10 2 10 2 8 10 2 2 2 2 10 2 2
left_child=1 4 3 -3 7 -6 -5 -1 9 -9 -10 13 -11 -12
right_child=-2 2 -4 6 5 -7 -8 8 10 12 11 -13 -14 -15
leaf_value=-0.025676924631348179 -0.017515645879957999 0.014448901867555104 0.053107540862990563 0.026883212945898932 -0.012041636998973676 0.01308154121629581 0.064304767434281859 -0.02080074441703883 -0.01472792810212842 0.061351717612927868 -0.018820412391165303 0.049838442397117613 0.012451568560886988 0.0033479344592422691
leaf_weight=183 4319 2461 178 604 201 1238 87 66 655 84 236 50 79 1196
leaf_count=183 4319 2461 178 604 201 1238 87 66 655 84 236 50 79 1196
internal_value=-0.000219859 0.00998792 0.0200732 0.0182077 0.00156663 0.00957233 0.0315948 -0.00295287 -0.00119526 0.0208051 -0.00355281 0.00138626 0.0376516 -0.000305508
internal_weight=11637 7318 3330 3152 3988 1439 691 2549 2366 229 2137 1482 163 1432
internal_count=11637 7318 3330 3152 3988 1439 691 2549 2366 229 2137 1482 163 1432
is_linear=0
shrinkage=0.02


Tree=107
num_leaves=15
num_cat=0
split_feature=0 12 0 8 18 4 2 11 0 1 0 7 8 2
split_gain=5116.84 1390.89 729.311 416.102 396.461 337.227 274.705 282.953 264.006 240.124 232.566 201.643 196.65 194.954
threshold=0.36201174235253558 1.0000000180025095e-35 0.83166737462957296 0.4098872180451128 0.94490256902922631 0.073164083291676715 0.41237686989198158 66.593750000000014 0.19132561873996831 0.097231611829399781 0.67846952880856537 1.5000000000000002 0.53334156742420313 0.78456972405510672
decision_type=10 8 10 2 8 2 8 2 10 8 10 2 2 10
left_child=1 3 4 8 5 6 7 12 -1 -5 -7 -8 -2 -13
right_child=2 -3 -4 9 -6 10 11 -9 -10 -11 -12 13 -14 -15
leaf_value=-0.011714340069512363 -0.003762346132434616 -0.019742674871648797 0.038568261402163961 -0.011089838462832726 -0.012073687605235889 0.025708098575109389 -0.0040912510423951757 0.010307576504813867 0.0012903439561820871 0.013958390179364399 0.073736740869780382 0.01660688489974738 -0.046207472514925581 0.044917066457247967
leaf_weight=1484 129 3534 521 190 230 123 182 496 1078 788 60 2655 66 101
leaf_count=1484 129 3534 521 190 230 123 182 496 1078 788 60 2655 66 101
internal_value=-0.000215462 -0.0108668 0.0162972 -0.00200592 0.0134266 0.0149651 0.0136293 0.00228296 -0.00624242 0.00909217 0.0414552 0.0162979 -0.0181284 0.0176444
internal_weight=11637 7074 4563 3540 4042 3812 3629 691 2562 978 183 2938 195 2756
internal_count=11637 7074 4563 3540 4042 3812 3629 691 2562 978 183 2938 195 2756
is_linear=0
shrinkage=0.02


Tree=108
num_leaves=15
num_cat=0
split_feature=0 12 14 0 8 3 7 0 1 2 9 13 11 11
split_gain=4914.21 1335.81 778.432 560.474 400.18 354.182 253.297 251.918 221.851 221.659 212.727 242.356 199.661 225.777
threshold=0.36201174235253558 1.0000000180025095e-35 1.5000000000000002 0.83166737462957296 0.41817226987534439 69.085210008409447 1.5000000000000002 0.16963138014836276 0.10178215017463087 0.41237686989198158 0.15899814471243043 2.5000000000000004 72.818014705882362 71.968750000000014
decision_type=10 8 8 10 2 10 2 10 8 8 2 10 2 2
left_child=1 4 3 6 7 8 -2 -1 -6 -8 11 -11 13 -12
right_child=2 -3 -4 -5 5 -7 9 -9 -10 10 12 -13 -14 -15
leaf_value=-0.011914879967333871 -0.0044311851300780887 -0.019347821189313032 -0.010862408092823114 0.038288842169475548 -0.0092990909861745668 -0.010378312760907593 0.0064837355462229029 0.0005420399010000734 0.021990044759982764 -0.019659578415964333 0.021861756810396354 0.015102283065645572 0.04616924284076563 -0.011006395324379548
leaf_weight=1367 232 3534 395 504 108 264 634 1237 564 105 2137 340 129 87
leaf_count=1367 232 3534 395 504 108 264 634 1237 564 105 2137 340 129 87
internal_value=-0.000211152 -0.0106494 0.0159713 0.0185143 -0.0019658 0.00925022 0.0157942 -0.00599736 0.0169614 0.0171614 0.0195809 0.00690005 0.0219791 0.020576
internal_weight=11637 7074 4563 4168 3540 936 3664 2604 672 3432 2798 445 2353 2224
internal_count=11637 7074 4563 4168 3540 936 3664 2604 672 3432 2798 445 2353 2224
is_linear=0
shrinkage=0.02


Tree=109
num_leaves=15
num_cat=0
split_feature=0 13 14 0 8 16 0 7 4 4 2 7 2 1
split_gain=4719.61 1145.38 747.606 538.279 374.889 361.046 334.015 329.755 299.908 235.948 228.443 206.956 206.101 194.449
threshold=0.36201174235253558 1.0000000180025095e-35 1.5000000000000002 0.83166737462957296 0.26257837783171528 1.0000000180025095e-35 0.22230802230802235 1.0000000180025095e-35 0.073164083291676715 -0.20352389013494662 0.45326907924790266 1.5000000000000002 0.78456972405510672 0.5116201210540835
decision_type=10 10 8 10 2 10 10 2 2 2 10 2 10 10
left_child=1 -1 3 8 6 7 -3 -6 11 -8 -10 -2 -13 -5
right_child=2 4 -4 13 5 -7 9 -9 10 -11 -12 12 -14 -15
leaf_value=-0.018640386610117125 -0.0041072231446477496 -0.01408634213558071 -0.010645160051604992 0.028542023930372251 0.019044716565822309 0.052456331307689348 0.037309248129526774 -0.0023403374433155761 0.0086226377926640601 -0.00079828661891346837 0.056754130115654285 0.014582953664126347 0.043606726419512583 0.054706444972856885
leaf_weight=3469 231 1338 395 331 373 60 75 1272 59 487 119 3154 101 173
leaf_count=3469 231 1338 395 331 373 60 75 1272 59 487 119 3154 101 173
internal_value=-0.000206929 -0.0104365 0.0156519 0.018144 -0.00254201 0.00426636 -0.00865163 0.00250867 0.0154783 0.00428724 0.0408004 0.0141854 0.0154835 0.0375231
internal_weight=11637 7074 4563 4168 3605 1705 1900 1645 3664 562 178 3486 3255 504
internal_count=11637 7074 4563 4168 3605 1705 1900 1645 3664 562 178 3486 3255 504
is_linear=0
shrinkage=0.02


Tree=110
num_leaves=15
num_cat=0
split_feature=0 12 0 14 10 2 10 4 0 10 18 16 2 4
split_gain=4856.69 1345.49 768.031 428.07 410.831 389.884 297.355 355.76 276.737 252.526 276.222 248.007 313.45 246.558
threshold=0.36201174235253558 1.0000000180025095e-35 0.69252932904164666 1.5000000000000002 0.61287179487179499 0.143010271373431 0.75435897435897448 -0.096105669002371871 0.040424024861381143 0.74058823529411777 0.54546791504538727 0.1437139482650609 0.12684055054187521 0.071041784689516038
decision_type=10 8 8 8 2 10 2 2 8 2 10 10 10 2
left_child=1 4 3 9 8 -6 13 -8 -1 10 -2 -10 -13 -4
right_child=2 -3 6 -5 5 -7 7 -9 11 -11 -12 12 -14 -15
leaf_value=-0.02857915465063296 0.013254900931464733 -0.018511550799119585 0.022723537531748449 -0.010624164751661358 0.053894794405091047 -0.0097003467152676267 0.024641718534003671 0.078820631099374663 -0.0025063475802087 -0.018140979188741472 0.047327530191402241 -0.012833208605308424 0.048165047632894302 0.061263043131147117
leaf_weight=156 2461 3577 1291 335 102 62 99 95 3021 98 99 55 87 70
leaf_count=156 2461 3577 1291 335 102 62 99 95 3021 98 99 55 87 70
internal_value=0.000487195 -0.00989596 0.0166053 0.0106812 -0.00104784 0.0298527 0.0280077 0.0511726 -0.00257472 0.0133664 0.0145726 -0.00129217 0.024539 0.0247057
internal_weight=11608 7060 4548 2993 3483 164 1555 194 3319 2658 2560 3163 142 1361
internal_count=11608 7060 4548 2993 3483 164 1555 194 3319 2658 2560 3163 142 1361
is_linear=0
shrinkage=0.02


Tree=111
num_leaves=15
num_cat=0
split_feature=0 12 0 14 8 7 8 16 3 4 2 0 2 0
split_gain=4664.36 1292.21 742.019 478.1 435.72 359.979 352.781 266.492 261.637 258.915 249.867 251.41 236.731 236.145
threshold=0.36201174235253558 1.0000000180025095e-35 0.73997939691218118 1.5000000000000002 0.69588262405899537 2.5000000000000004 0.10973698294976682 0.58695003644057298 79.069248088496266 0.0085139962617839498 0.57233959362834064 0.65880561590786002 0.12952016495304031 0.92463552353347023
decision_type=10 8 10 8 2 2 2 10 10 2 10 10 10 10
left_child=1 4 3 8 6 -4 -1 -8 9 -2 -11 -12 -6 -7
right_child=2 -3 5 -5 12 13 7 -9 -10 10 11 -13 -14 -15
leaf_value=-0.024766126430000771 0.012572925931548582 -0.018141319897579881 0.0026985343720441987 -0.010281716876086736 0.04881660366909845 0.031887650540505477 -0.0016735267445100671 0.034038741994909076 -0.024910060772255289 0.019951863088461041 0.080795064551057297 0.02330447225478189 -0.0021026338902967318 0.06716399620096368
leaf_weight=264 2540 3577 162 357 105 888 2972 86 67 329 64 58 56 83
leaf_count=264 2540 3577 162 357 105 888 2972 86 67 329 64 58 56 83
internal_value=0.000477451 -0.00969804 0.0162732 0.01162 -0.00102689 0.0302983 -0.00258418 -0.000669192 0.0141769 0.0150525 0.0290171 0.0534635 0.0311056 0.034903
internal_weight=11608 7060 4548 3415 3483 1133 3322 3058 3058 2991 451 122 161 971
internal_count=11608 7060 4548 3415 3483 1133 3322 3058 3058 2991 451 122 161 971
is_linear=0
shrinkage=0.02


Tree=112
num_leaves=15
num_cat=0
split_feature=0 12 0 8 8 14 8 18 16 8 0 9 18 11
split_gain=4479.65 1241.04 713.909 421.552 418.465 394.087 338.811 302.954 272.638 266.235 397.111 272.932 262.626 283.909
threshold=0.36201174235253558 1.0000000180025095e-35 0.69252932904164666 0.77618447027856996 0.69588262405899537 1.5000000000000002 0.10973698294976682 0.76419820003853156 0.58695003644057298 0.67770469839529868 0.51996469771423814 0.44522691705790302 0.54546791504538727 66.878676470588246
decision_type=10 8 10 2 2 8 2 10 10 2 10 2 10 2
left_child=1 4 5 -4 6 9 -1 8 -8 12 -11 -12 13 -2
right_child=2 -3 3 -5 -6 -7 7 -9 -10 10 11 -13 -14 -15
leaf_value=-0.024270803965628147 0.0044414890395218301 -0.017778493808871431 0.020967561529370217 0.045094235455254456 0.030483453029431173 -0.010206046767644028 -0.00277907729170448 0.036130930766377641 0.033357967467502109 -0.032352334484147531 0.00047219515307069285 0.044256130205850078 0.047855026771112821 0.019717016684637441
leaf_weight=264 762 3577 1170 385 161 335 2885 87 86 120 259 73 97 1347
leaf_count=264 762 3577 1170 385 161 335 2885 87 86 120 259 73 97 1347
internal_value=0.000467902 -0.00950408 0.0159477 0.026941 -0.00100635 0.0102362 -0.0025325 -0.000655808 -0.00173304 0.0128126 -0.00117098 0.0100994 0.0156778 0.0141978
internal_weight=11608 7060 4548 1555 3483 2993 3322 3058 2971 2658 452 332 2206 2109
internal_count=11608 7060 4548 1555 3483 2993 3322 3058 2971 2658 452 332 2206 2109
is_linear=0
shrinkage=0.02


Tree=113
num_leaves=15
num_cat=0
split_feature=0 12 0 14 7 3 0 5 3 5 4 11 6 3
split_gain=4302.26 1191.89 687.522 442.289 345.395 324.039 403.123 273.879 252.026 266.775 481.173 270.882 247.576 264.958
threshold=0.36201174235253558 1.0000000180025095e-35 0.73997939691218118 1.5000000000000002 2.5000000000000004 82.87787273269619 0.040424024861381143 3.5000000000000004 79.069248088496266 1.5000000000000002 0.009810799871413178 66.093750000000014 1.0000000180025095e-35 70.000288179095733
decision_type=10 8 10 8 2 8 10 2 10 2 2 2 2 10
left_child=1 5 3 8 -4 6 -1 -7 9 11 12 -2 -11 -14
right_child=2 -3 4 -5 -6 7 -8 -9 -10 10 -12 -13 13 -15
leaf_value=-0.024673687673269589 -0.025090784688790637 -0.017422924157401806 0.0020941530955656444 -0.0099157890420751415 0.033639519538895359 -0.0007618941715918482 -0.00094464432562283969 0.028638699647796109 -0.024753308196121187 0.010378152763844174 0.038695935165457114 0.0094217066087343912 0.016955958900401708 0.052901320662819037
leaf_weight=321 120 3577 162 357 971 256 2655 251 67 1757 355 376 264 119
leaf_count=321 120 3577 162 357 971 256 2655 251 67 1757 355 376 264 119
internal_value=0.000458543 -0.009314 0.0156288 0.0111497 0.0291291 -0.000986223 -0.00350413 0.0137934 0.013609 0.0144683 0.0171315 0.00107191 0.0135542 0.0281244
internal_weight=11608 7060 4548 3415 1133 3483 2976 507 3058 2991 2495 496 2140 383
internal_count=11608 7060 4548 3415 1133 3483 2976 507 3058 2991 2495 496 2140 383
is_linear=0
shrinkage=0.02


Tree=114
num_leaves=15
num_cat=0
split_feature=0 12 0 8 8 14 8 18 4 2 9 4 16 8
split_gain=4131.89 1144.69 663.132 402.423 395.913 362.843 322.889 291.406 285.359 283.959 339.254 322.74 262.116 254.433
threshold=0.36201174235253558 1.0000000180025095e-35 0.69252932904164666 0.77618447027856996 0.69588262405899537 1.5000000000000002 0.10973698294976682 0.76419820003853156 0.071041784689516038 0.87560768713524717 0.31686991869918707 -0.096105669002371871 0.58695003644057298 0.67770469839529868
decision_type=10 8 10 2 2 8 2 10 2 10 2 2 10 2
left_child=1 4 5 8 6 13 -1 12 -4 10 -5 -12 -8 -2
right_child=2 -3 3 9 -6 -7 7 -9 -10 -11 11 -13 -14 -15
leaf_value=-0.023672313966760127 0.015084644531879065 -0.01707446550382033 0.017718677960164582 0.069160339403897528 0.029663005875458257 -0.0098036103277508897 -0.002701045229374084 0.035459934560362595 0.061478405159617229 0.081067863420319214 -0.00029699161776110657 0.047093166860760052 0.03273177447252322 -0.0013864448359977883
leaf_weight=264 2206 3577 1107 88 161 335 2885 87 63 67 117 113 86 452
leaf_count=264 2206 3577 1107 88 161 335 2885 87 63 67 117 113 86 452
internal_value=0.000449373 -0.00912772 0.0153162 0.0259114 -0.000966499 0.00981151 -0.00245095 -0.000618891 0.020075 0.0436479 0.0357638 0.022986 -0.00167539 0.0122837
internal_weight=11608 7060 4548 1555 3483 2993 3322 3058 1170 385 318 230 2971 2658
internal_count=11608 7060 4548 1555 3483 2993 3322 3058 1170 385 318 230 2971 2658
is_linear=0
shrinkage=0.02


Tree=115
num_leaves=15
num_cat=0
split_feature=0 12 1 0 7 17 8 8 5 16 13 11 10 3
split_gain=3899.36 934.505 551.621 376.647 362.701 307.095 355.98 311.869 318.669 261.249 245.756 203.9 200.229 208.885
threshold=0.38086423148885945 1.0000000180025095e-35 0.17551035367965631 0.73997939691218118 2.5000000000000004 0.71768572973858669 0.10973698294976682 0.13204888718587351 4.5000000000000009 0.55330395250928965 1.0000000180025095e-35 72.818014705882362 0.15665178571428576 60.380265798871214
decision_type=10 8 10 10 2 10 2 2 2 10 10 2 2 10
left_child=1 5 -2 10 -5 6 -1 -8 9 12 -4 -12 13 -9
right_child=2 -3 3 4 -6 -7 7 8 -10 -11 11 -13 -14 -15
leaf_value=-0.026331564520531502 0.0014077170018760316 -0.016587307035852067 -0.010906038419405619 -0.00058901343420641311 0.032842114052840987 0.036846414630926111 0.027806206690081471 -0.051781040968433507 0.022436672126659781 0.030978437260520169 0.014122108317858024 0.041477789552639359 -0.0030098891475140877 -0.012090829317724429
leaf_weight=244 991 3571 150 151 925 79 141 62 191 82 2085 115 2438 367
leaf_count=244 991 3571 150 151 925 79 141 62 191 82 2085 115 2438 367
internal_value=-0.000234918 -0.00933615 0.0145492 0.0183505 0.0281506 -0.00215139 -0.00302538 -0.00129215 -0.0025988 -0.00422029 0.0138632 0.0155521 -0.00522702 -0.0178269
internal_weight=11592 7175 4417 3426 1076 3604 3525 3281 3140 2949 2350 2200 2867 429
internal_count=11592 7175 4417 3426 1076 3604 3525 3281 3140 2949 2350 2200 2867 429
is_linear=0
shrinkage=0.02


Tree=116
num_leaves=15
num_cat=0
split_feature=0 12 1 0 7 17 5 18 0 14 10 16 14 0
split_gain=3744.94 897.499 529.777 361.732 348.338 294.934 292.726 273.092 285.715 237.211 199.122 214.348 193.231 168.998
threshold=0.38086423148885945 1.0000000180025095e-35 0.17551035367965631 0.73997939691218118 2.5000000000000004 0.71768572973858669 4.5000000000000009 0.63929026622790486 0.14077705433399124 1.5000000000000002 0.61287179487179499 0.663444996681257 1.5000000000000002 0.26051653679946846
decision_type=10 8 10 10 2 10 2 10 10 8 2 10 8 10
left_child=1 5 12 9 -5 6 7 10 -9 -4 11 -1 -2 -8
right_child=2 -3 3 4 -6 -7 13 8 -10 -11 -12 -13 -14 -15
leaf_value=-0.0076416350459762332 0.0046420331863278449 -0.016255560730177376 0.015529300889209183 -0.00057723340899097609 0.032185271874493042 0.036109486848493168 0.034164543657801874 -0.012886190647511064 0.036625765714617002 -0.007191066252651499 0.019576074146829985 0.027052370542532778 -0.022526942527219027 -0.0055880234332289546
leaf_weight=2940 872 3571 2149 151 925 79 129 74 126 201 119 73 119 64
leaf_count=2940 872 3571 2149 151 925 79 129 74 126 201 119 73 119 64
internal_value=-0.000230219 -0.00914943 0.0142582 0.0179834 0.0275876 -0.00210836 -0.00296487 -0.00435197 0.0183063 0.013586 -0.00579886 -0.00680106 0.00137956 0.0209823
internal_weight=11592 7175 4417 3426 1076 3604 3525 3332 200 2350 3132 3013 991 193
internal_count=11592 7175 4417 3426 1076 3604 3525 3332 200 2350 3132 3013 991 193
is_linear=0
shrinkage=0.02


Tree=117
num_leaves=15
num_cat=0
split_feature=14 8 1 18 17 16 5 1 5 4 10 5 4 10
split_gain=3304.88 761.494 488.44 273.483 278.814 279.754 367.481 258.393 425.38 246.575 227.802 233.457 256.755 231.197
threshold=1.5000000000000002 0.4596610032851644 0.1778181583820794 0.8286979384448423 0.71768572973858669 0.22951097479399368 2.5000000000000004 0.30783017400131868 4.5000000000000009 -0.13822560469815479 0.24531250000000002 1.5000000000000002 -0.04906465308024794 0.18339270104895108
decision_type=8 2 8 10 10 10 2 10 2 2 2 2 2 2
left_child=1 3 -3 4 5 7 -7 8 -1 -4 11 13 -13 -9
right_child=-2 2 9 -5 -6 6 -8 10 -10 -11 -12 12 -14 -15
leaf_value=-0.0056601444645448381 -0.014073175278427857 0.00033604076932095093 0.010041916803414269 0.048354697477817538 0.043684898653968435 -0.0077201210621927613 0.058382918330033624 -0.02712552223537789 0.042409880316179052 0.022952178822416625 0.0017838778048189299 0.019516564158142593 0.069499631754813662 0.025151339742404067
leaf_weight=2367 4323 730 875 50 61 61 75 61 76 1828 825 122 62 76
leaf_count=2367 4323 730 875 50 61 61 75 61 76 1828 825 122 62 76
internal_value=-0.000225615 0.00800977 0.0148525 0.00188593 0.00127224 0.000577697 0.0287338 -0.000489236 -0.00416472 0.0187729 0.00734602 0.0216413 0.0363587 0.00187478
internal_weight=11592 7269 3433 3836 3786 3725 136 3589 2443 2703 1146 321 184 137
internal_count=11592 7269 3433 3836 3786 3725 136 3589 2443 2703 1146 321 184 137
is_linear=0
shrinkage=0.02


Tree=118
num_leaves=15
num_cat=0
split_feature=0 12 1 4 0 17 5 4 18 0 11 5 2 9
split_gain=3503.26 824.083 491.109 435.447 379.531 275.016 273.74 317.927 259.395 275.556 240.595 221.768 358.116 373.531
threshold=0.38086423148885945 1.0000000180025095e-35 0.17551035367965631 -0.13822560469815479 0.66334751937083125 0.71768572973858669 4.5000000000000009 -0.11098448011981787 0.63929026622790486 0.14077705433399124 73.187500000000014 1.5000000000000002 0.47150576616969403 0.28462548527060977
decision_type=10 8 10 2 10 10 2 2 10 10 2 2 10 2
left_child=1 5 -2 4 -4 6 8 -8 -1 -10 11 12 13 -5
right_child=2 -3 3 10 -6 -7 7 -9 9 -11 -12 -13 -14 -15
leaf_value=-0.0056793509172897143 0.0013922754105642873 -0.015656999894544311 -0.0039830310815245577 0.0032736245399484264 0.018998379056823212 0.034804027684127228 -0.0093212621488484998 0.04252731372483752 -0.01281940736984079 0.035804384551824088 0.052163762151478575 0.023482670425698893 -0.02059381145570013 0.069793549710512159
leaf_weight=3132 991 3571 583 104 567 79 83 110 74 126 104 1892 126 50
leaf_count=3132 991 3571 583 104 567 79 83 110 74 126 104 1892 126 50
internal_value=-0.000221103 -0.00884771 0.013792 0.0173787 0.0073478 -0.00210076 -0.00292785 0.0202297 -0.00426921 0.0178136 0.0224471 0.0210242 0.00441184 0.024871
internal_weight=11592 7175 4417 3426 1150 3604 3525 193 3332 200 2276 2172 280 154
internal_count=11592 7175 4417 3426 1150 3604 3525 193 3332 200 2276 2172 280 154
is_linear=0
shrinkage=0.02


Tree=119
num_leaves=15
num_cat=0
split_feature=0 12 14 1 4 0 8 8 0 4 8 3 8 5
split_gain=3364.53 791.449 476.679 334.723 352.846 315.645 277.236 321.765 349.67 306.748 282.88 240.843 220.91 216.758
threshold=0.38086423148885945 1.0000000180025095e-35 1.5000000000000002 0.1778181583820794 -0.13822560469815479 0.73457333996481577 0.10973698294976682 0.16028964932175663 0.11156006341435265 -0.13633683169704694 0.4096491228070176 58.003619933904197 0.20666343460461109 1.5000000000000002
decision_type=10 8 8 10 2 10 2 2 10 2 2 10 2 2
left_child=1 6 3 12 5 -5 -1 8 -8 -10 -9 -12 -2 -6
right_child=2 -3 -4 4 13 -7 7 10 9 -11 11 -13 -14 -15
leaf_value=-0.022376419235020876 0.036084525533664376 -0.015343860242900747 -0.008674521398510826 0.0011588243180510162 0.0062265883140604607 0.024323149519878323 -0.009645347164879586 -0.007051121231315547 0.067093044219331613 0.016293620868452957 0.020361056109238121 -0.00049071121778663086 0.0014356588467807688 0.025592445372954332
leaf_weight=250 81 3571 356 694 264 356 116 1973 72 140 317 736 806 1860
leaf_count=250 81 3571 356 694 264 356 116 1973 72 140 317 736 806 1860
internal_value=-0.000216681 -0.00867075 0.0135162 0.0154615 0.0184969 0.00901263 -0.00205875 -0.000544313 0.0182712 0.0335463 -0.0025838 0.0057866 0.00459976 0.0231854
internal_weight=11592 7175 4417 4061 3174 1050 3604 3354 328 212 3026 1053 887 2124
internal_count=11592 7175 4417 4061 3174 1050 3604 3354 328 212 3026 1053 887 2124
is_linear=0
shrinkage=0.02


Tree=120
num_leaves=15
num_cat=0
split_feature=12 2 18 16 2 8 8 2 6 3 8 10 10 17
split_gain=2817.13 1217.22 450.25 346.924 432.492 325.831 347.229 298 336.852 280.047 453.409 299.524 218.225 221.147
threshold=1.0000000180025095e-35 0.51580174847682214 0.79134247615906017 0.48005134827323132 0.1547934664317899 0.48120444095547837 0.44019713907921632 0.80223407894759025 1.0000000180025095e-35 71.801227643701182 0.6269176083214848 0.71136363636363653 0.30208333333333337 0.65949146134644843
decision_type=8 10 10 10 10 2 2 10 2 8 2 2 2 10
left_child=1 2 3 9 -5 6 -3 8 -7 11 -11 12 13 -1
right_child=-2 5 -4 4 -6 7 -8 -9 -10 10 -12 -13 -14 -15
leaf_value=-0.0096209001028613305 -0.013917463289600985 0.012324725288528607 0.041208629008043902 -0.014517848306894303 0.059774985150655824 0.016526453939848404 -0.029548443967269526 0.04402766412845318 0.047872588223248136 0.0018797648955078332 0.032048940580590803 -0.050496119238712174 0.0019922994168257361 0.031917598922297639
leaf_weight=1568 4058 661 110 50 84 1322 90 235 153 1280 236 54 1701 53
leaf_count=1568 4058 661 110 50 84 1322 90 235 153 1280 236 54 1701 53
internal_value=-0.000463735 0.00672269 0.00118107 0.000305019 0.0320538 0.0182878 0.00730664 0.0231105 0.019778 -0.000564632 0.00657629 -0.00377128 -0.00301175 -0.00826276
internal_weight=11655 7597 5136 5026 134 2461 751 1710 1475 4892 1516 3376 3322 1621
internal_count=11655 7597 5136 5026 134 2461 751 1710 1475 4892 1516 3376 3322 1621
is_linear=0
shrinkage=0.02


Tree=121
num_leaves=15
num_cat=0
split_feature=12 2 5 9 16 2 8 5 10 8 3 1 17 9
split_gain=2705.58 1169.02 337.253 394.441 314.867 415.366 307.454 305.807 316.909 248.866 363.649 338.966 342.147 328.634
threshold=1.0000000180025095e-35 0.51580174847682214 4.5000000000000009 0.44522691705790302 0.48005134827323132 0.1547934664317899 0.75121533515608585 1.5000000000000002 0.74679166666666674 0.28036889395089853 61.547120652666671 0.47534740052852364 0.57081267439522831 0.06795444051100509
decision_type=8 10 2 2 10 10 2 2 2 2 10 10 10 2
left_child=1 4 3 7 9 -6 -5 -3 -9 13 -11 12 -12 -1
right_child=-2 2 -4 6 5 -7 -8 8 -10 10 11 -13 -14 -15
leaf_value=0.020191107066778038 -0.013639114134281254 -0.01981688936032466 0.030749197690461846 0.020435034390398885 -0.014227490860223771 0.05857948557429371 0.060448256197075056 0.01386958512879409 -0.035589520397285621 0.018077923162834141 -0.0022864225530042702 0.042888089246945836 0.048266828007318754 -0.0069847619967441142
leaf_weight=195 4058 134 615 266 50 84 108 1284 54 604 2034 73 55 2041
leaf_count=195 4058 134 615 266 50 84 108 1284 54 604 2034 73 55 2041
internal_value=-0.00045446 0.00658823 0.017922 0.0136486 0.00115745 0.0314127 0.0319897 0.00898862 0.0118735 0.000346932 0.00435791 0.000524941 -0.000955437 -0.00461477
internal_weight=11655 7597 2461 1846 5136 134 374 1472 1338 5002 2766 2162 2089 2236
internal_count=11655 7597 2461 1846 5136 134 374 1472 1338 5002 2766 2162 2089 2236
is_linear=0
shrinkage=0.02


Tree=122
num_leaves=15
num_cat=0
split_feature=0 12 2 14 8 3 18 16 7 9 11 8 3 18
split_gain=2878.76 729.251 412.428 347.606 313.184 332.583 326.286 323.2 258.264 230.055 227.886 264.134 275.429 220.168
threshold=0.38086423148885945 1.0000000180025095e-35 0.49403790087463562 1.0000000180025095e-35 0.21998883484181339 59.036428534112154 0.77176340731664117 0.59925034486684681 1.5000000000000002 0.077193932827735665 71.718750000000014 0.6269176083214848 54.135135135135144 0.50046369831002313
decision_type=10 8 10 8 2 10 10 10 2 2 2 2 10 10
left_child=1 4 3 13 9 10 7 -7 -4 -1 11 12 -6 -2
right_child=2 -3 8 -5 5 6 -8 -9 -10 -11 -12 -13 -14 -15
leaf_value=0.01603810932825912 0.0076338395594856617 -0.014583696432410635 -0.00596389302767772 -0.012962609144583262 0.0041439332309014662 -0.0045307376718704932 0.048430908614513921 0.04613583718928007 0.018762697848062178 -0.011659708135876318 -0.020968893808977946 0.04707967127280787 0.052495537170192653 0.05041715755462646
leaf_weight=132 1275 3598 181 358 272 1597 51 52 2541 1314 56 121 57 50
leaf_count=132 1275 3598 181 358 272 1597 51 52 2541 1314 56 121 57 50
internal_value=-0.000445371 -0.00819321 0.0123065 0.0045237 -0.00189721 0.00284462 -0.00139209 -0.002933 0.0171185 -0.00913128 0.0170786 0.0218134 0.012521 0.0092483
internal_weight=11655 7250 4405 1683 3652 2206 1700 1649 2722 1446 506 450 329 1325
internal_count=11655 7250 4405 1683 3652 2206 1700 1649 2722 1446 506 450 329 1325
is_linear=0
shrinkage=0.02


Tree=123
num_leaves=15
num_cat=0
split_feature=0 12 2 5 6 2 18 3 0 17 8 7 3 6
split_gain=2764.76 700.372 396.096 337.236 358.207 664.908 301.417 345.33 378.231 317.675 290.179 264.705 260.744 363.306
threshold=0.38086423148885945 1.0000000180025095e-35 0.49403790087463562 1.5000000000000002 1.0000000180025095e-35 0.56952238106713915 0.7507641249358451 82.87787273269619 0.040424024861381143 0.34870369329131551 0.25522875816993468 1.5000000000000002 70.638935186667609 1.0000000180025095e-35
decision_type=10 8 10 2 2 10 10 8 10 10 2 2 10 2
left_child=1 6 12 -4 11 -6 7 8 -1 -10 -9 -5 -2 -14
right_child=2 -3 3 4 5 -7 -8 10 9 -11 -12 -13 13 -15
leaf_value=-0.026384620400718772 -0.00068462696235031774 -0.014292022419348981 -0.0088499541705503518 -0.009631456836665931 0.086406623409074901 0.02120550906356377 0.028288951915455982 -0.016552666265856136 -0.0049489252440705987 0.022696359050407837 0.020107018975216655 0.017719335813002241 0.0072245574490977576 0.047735483643153442
leaf_weight=312 1183 3598 191 152 85 237 128 110 2522 178 402 2057 385 115
leaf_count=312 1183 3598 191 152 85 237 128 110 2522 178 402 2057 385 115
internal_value=-0.000436463 -0.00802934 0.0120603 0.0167761 0.01871 0.038417 -0.00185926 -0.00295432 -0.0055356 -0.00312638 0.0122309 0.0158373 0.00443323 0.0165421
internal_weight=11655 7250 4405 2722 2531 322 3652 3524 3012 2700 512 2209 1683 500
internal_count=11655 7250 4405 2722 2531 322 3652 3524 3012 2700 512 2209 1683 500
is_linear=0
shrinkage=0.02


Tree=124
num_leaves=15
num_cat=0
split_feature=0 13 2 14 5 6 2 8 3 4 11 7 11 0
split_gain=2655.27 629.869 380.411 334.024 323.881 344.022 638.577 305.71 321.284 334.003 257.084 254.223 237.05 232.047
threshold=0.38086423148885945 1.5000000000000002 0.49403790087463562 1.0000000180025095e-35 1.5000000000000002 1.0000000180025095e-35 0.56952238106713915 0.21998883484181339 59.036428534112154 -0.052949268114090967 71.281250000000014 1.5000000000000002 67.156250000000014 0.92463552353347023
decision_type=10 10 10 8 2 2 10 2 10 2 2 2 2 10
left_child=1 -1 3 -2 12 11 -7 -3 9 -9 -10 -6 -4 -13
right_child=2 7 4 -5 5 6 -8 8 10 -11 -12 13 -14 -15
leaf_value=-0.013763783825630772 0.0089759441151652693 -0.0091446747725944921 -0.043267374991306236 -0.012796723194545207 -0.0094388275203834242 0.08467849083157146 0.020781399042891804 0.028346660215139922 -0.0051096948172522682 -0.0062257187352294024 0.015203439783991168 0.016067306408882882 0.0056773233899363763 0.052138266567442866
leaf_weight=3625 1325 1436 56 358 152 85 237 334 1383 168 304 1983 135 74
leaf_count=3625 1325 1436 56 358 152 85 237 334 1383 168 304 1983 135 74
internal_value=-0.000427734 -0.00786875 0.0118191 0.00434456 0.0164406 0.0183358 0.0376486 -0.00197372 0.00273047 0.0167766 -0.00144924 0.0155206 -0.00867295 0.0173649
internal_weight=11655 7250 4405 1683 2722 2531 322 3625 2189 502 1687 2209 191 2057
internal_count=11655 7250 4405 1683 2722 2531 322 3625 2189 502 1687 2209 191 2057
is_linear=0
shrinkage=0.02


Tree=125
num_leaves=15
num_cat=0
split_feature=14 0 16 0 18 0 9 0 7 0 3 9 1 10
split_gain=2594.49 825.523 492.343 480.549 414.241 453.955 317.708 384.35 264.329 248.45 243.086 354.956 251.888 305.557
threshold=1.0000000180025095e-35 0.59044595090827789 0.5769041961542406 0.58290853045111046 0.54666410475345961 0.21332557756315942 0.16315680015914211 0.86083675579425012 2.5000000000000004 0.28073227420965702 72.552832558253115 0.17420484388678145 0.047709964606107221 0.17015625000000004
decision_type=8 10 10 10 10 10 2 10 2 8 8 2 10 2
left_child=1 2 4 -2 9 -6 -3 -8 -9 -1 12 -12 -11 -14
right_child=3 6 -4 -5 5 -7 7 8 -10 10 11 -13 13 -15
leaf_value=-0.006028600154298922 -0.012050736652941294 0.0010411114691834054 0.052603428944945331 0.013110580760755657 -0.017658542895092156 0.051635707768075391 0.017926521116146697 0.0053865699899398678 0.052881832911649294 -0.018651410667989098 -0.0069586189327374946 0.020261964860609112 0.033728500698223585 0.00061533382751822313
leaf_weight=1298 4827 349 80 324 53 132 1554 59 228 244 265 692 121 1415
leaf_count=1298 4827 349 80 324 53 132 1554 59 228 244 265 692 121 1415
internal_value=0.000130252 0.00854196 0.00345147 -0.0104681 0.00251968 0.0317838 0.018537 0.0218537 0.043118 0.00117795 0.0045956 0.0127244 0.000225226 0.00322386
internal_weight=11641 6490 4300 5151 4220 185 2190 1841 287 4035 2737 957 1780 1536
internal_count=11641 6490 4300 5151 4220 185 2190 1841 287 4035 2737 957 1780 1536
is_linear=0
shrinkage=0.02


Tree=126
num_leaves=15
num_cat=0
split_feature=14 8 11 2 5 2 6 2 9 11 10 8 2 4
split_gain=2491.75 695.591 584.025 510.427 434.502 405.798 338.177 282.195 387.22 445.424 263.016 249.142 248.926 286.282
threshold=1.0000000180025095e-35 0.77618447027856996 71.031250000000014 0.60611238360732378 4.5000000000000009 0.87560768713524717 1.0000000180025095e-35 0.16054815244041057 0.35495558672276772 67.781250000000014 0.45292613636363638 0.41817226987534439 0.69216153359065868 -0.17369888862256355
decision_type=8 2 2 10 2 8 2 10 2 2 2 2 10 2
left_child=1 4 5 10 7 -3 12 8 -1 -10 -2 -11 13 -6
right_child=3 2 -4 -5 6 -7 -8 -9 9 11 -12 -13 -14 -15
leaf_value=-0.0072573981706767158 -0.013375007243600934 0.026344788673426708 -0.03438347547077665 0.019337342028994731 -0.021311936196024447 0.068522996372920433 0.046823992329453556 0.0071910892926438288 -0.02034652234055102 0.010924092978239059 0.00041578435460765535 0.0668092233611223 0.036977609308693433 0.014978011250720328
leaf_weight=1265 4293 371 51 223 110 121 152 3664 64 54 635 78 145 415
leaf_count=1265 4293 371 51 223 110 121 152 3664 64 54 635 78 145 415
internal_value=0.000127647 0.00837112 0.0300399 -0.0102587 0.00639263 0.0367179 0.0198912 0.00422759 -0.00320449 0.0229533 -0.011598 0.0439471 0.0137811 0.0073744
internal_weight=11641 6490 543 5151 5947 492 822 5125 1461 196 4928 132 670 525
internal_count=11641 6490 543 5151 5947 492 822 5125 1461 196 4928 132 670 525
is_linear=0
shrinkage=0.02


Tree=127
num_leaves=15
num_cat=0
split_feature=14 0 2 16 18 0 17 9 0 0 0 7 6 8
split_gain=2393.08 771.711 490.214 473.529 399.112 434.2 298.064 297.605 358.479 268.884 264.662 253.309 237.012 262.491
threshold=1.0000000180025095e-35 0.59044595090827789 0.60611238360732378 0.5769041961542406 0.54666410475345961 0.21332557756315942 0.71768572973858669 0.16315680015914211 0.86083675579425012 0.052626491163695326 0.1782456665673316 2.5000000000000004 1.0000000180025095e-35 0.3667274523212522
decision_type=8 10 10 10 10 10 10 2 10 10 8 2 2 2
left_child=1 3 9 4 6 -6 10 -3 12 -2 -1 -10 13 -9
right_child=2 7 -4 -5 5 -7 -8 8 11 -11 -12 -13 -14 -15
leaf_value=-0.011337332473013753 -0.017511069200871063 0.00093415411973751046 0.018950594822988914 0.051485605811700225 -0.017261737511967714 0.050508037342718151 0.045674246553394748 0.047294659510757148 0.0046772526835991163 -0.0078143786737087575 0.002659558132453528 0.051171848829590569 0.036518228983675897 0.011740880921318468
leaf_weight=645 1805 349 223 80 53 132 59 89 59 3123 3331 228 220 1245
leaf_count=645 1805 349 223 80 53 132 59 89 59 3123 3331 228 220 1245
internal_value=0.000125094 0.0082037 -0.0100535 0.00328191 0.0023681 0.0310929 0.0010511 0.0178675 0.0210776 -0.011366 0.000388936 0.0416137 0.0172848 0.0141129
internal_weight=11641 6490 5151 4300 4220 185 4035 2190 1841 4928 3976 287 1554 1334
internal_count=11641 6490 5151 4300 4220 185 4035 2190 1841 4928 3976 287 1554 1334
is_linear=0
shrinkage=0.02


Tree=128
num_leaves=15
num_cat=0
split_feature=0 12 5 9 0 3 8 8 9 1 9 11 0 18
split_gain=2274.6 902.03 393.143 355.35 371.002 324.235 326.112 305.17 268.528 337.501 323.875 284.106 262.082 374.594
threshold=0.5503127125182582 1.0000000180025095e-35 3.5000000000000004 0.15690670887188959 0.86083675579425012 72.552832558253115 0.26944684528954194 0.83588028404158232 0.28860850387239068 0.48889455540208759 0.26473140495867775 66.281250000000014 0.16061054173023759 0.61922450223325554
decision_type=10 8 2 2 10 8 2 2 2 8 2 2 10 10
left_child=1 2 12 -2 -5 8 -7 -6 10 11 -4 -10 -1 -14
right_child=3 -3 5 4 7 6 -8 -9 9 -11 -12 -13 13 -15
leaf_value=-0.010589474600069284 -0.0015802002818785983 -0.012256674216155467 0.0041262618795725424 0.01536649046928492 0.027954697245547892 -0.021436764480637725 0.02786759045244416 0.074622330222692754 -0.043366855875485479 0.0345234439161516 0.039259862757013576 -0.0055039853719063107 -0.0010122294859955801 0.036308189423983561
leaf_weight=1239 417 3819 563 2150 253 61 446 72 108 62 129 298 1910 114
leaf_count=1239 417 3819 563 2150 253 61 446 72 108 62 129 298 1910 114
internal_value=0.000122592 -0.00496025 0.000691881 0.0154994 0.0183771 0.00859361 0.0219355 0.0382934 0.00276229 -0.00893879 0.0106757 -0.0155759 -0.00334495 0.00108981
internal_weight=11641 8749 4930 2892 2475 1667 507 325 1160 468 692 406 3263 2024
internal_count=11641 8749 4930 2892 2475 1667 507 325 1160 468 692 406 3263 2024
is_linear=0
shrinkage=0.02


Tree=129
num_leaves=15
num_cat=0
split_feature=14 0 2 16 18 0 1 0 1 3 8 0 18 8
split_gain=2225.04 711.546 457.662 455.992 377.773 411.355 288.732 252.542 229.662 228.521 337.139 309.982 224.876 213.779
threshold=1.0000000180025095e-35 0.59044595090827789 0.60611238360732378 0.5769041961542406 0.54666410475345961 0.21332557756315942 0.20549672096171601 0.052626491163695326 0.66669924246722512 1.0000000180025095e-35 0.25522875816993468 0.040424024861381143 0.58833125451412838 0.28036889395089853
decision_type=8 10 10 10 10 10 10 10 10 10 2 10 8 2
left_child=1 3 7 4 9 -6 -3 -2 -8 10 -1 -11 -4 -7
right_child=2 6 12 -5 5 13 8 -9 -10 11 -12 -13 -14 -15
leaf_value=-0.016960317012483041 -0.016918167844208323 0.0028493492681974796 0.030654105066701218 0.050486602085642519 -0.016831846861344466 0.028610775880515575 0.019094990957584969 -0.007520777993367909 0.050610702712925115 -0.02080169865279867 0.022194482974276432 0.00095448645939015682 -0.014399707794311593 0.080700643108441272
leaf_weight=113 1805 447 162 80 53 80 1645 3123 98 285 397 3240 61 52
leaf_count=113 1805 447 162 80 53 80 1645 3123 98 285 397 3240 61 52
internal_value=0.00012014 0.00790996 -0.00969464 0.00318393 0.00228719 0.0302336 0.0171894 -0.0109628 0.020867 0.00100588 0.013519 -0.000804524 0.01833 0.049131
internal_weight=11641 6490 5151 4300 4220 185 2190 4928 1743 4035 510 3525 223 132
internal_count=11641 6490 5151 4300 4220 185 2190 4928 1743 4035 510 3525 223 132
is_linear=0
shrinkage=0.02


Tree=130
num_leaves=15
num_cat=0
split_feature=0 8 0 0 16 10 9 9 10 4 11 9 15 3
split_gain=2396.07 739.47 571.062 354.608 286.462 272.489 235.353 363.32 442.478 302.902 275.429 268.658 232.347 276.513
threshold=0.27141683948645606 0.59979178433240332 0.5546736227946566 0.040424024861381143 0.42346611447710658 0.71851282051282062 0.40958142576847617 0.41910464784716289 0.6490625000000001 -0.058876978428067578 67.424632352941188 0.4491379310344828 1.0000000180025095e-35 71.324403622539236
decision_type=10 2 10 8 10 2 2 2 2 2 2 2 8 10
left_child=1 3 4 -1 5 12 -4 -8 11 -10 -11 -9 13 -2
right_child=2 -3 6 -5 -6 -7 7 8 9 10 -12 -13 -14 -15
leaf_value=-0.019754835235410266 0.0028312034340461996 0.024305657131402793 0.013059062938162979 -0.0072439809141344848 0.046315331952493696 -0.035360810603644398 0.073554048004249736 -0.043269754915426555 0.019531721178306777 0.077778058837303959 0.026807196892705967 0.011224775167197741 -0.005778576960922867 0.020577380718115962
leaf_weight=1125 1364 268 2170 4660 61 74 60 52 275 89 81 119 755 473
leaf_count=1125 1364 268 2170 4660 61 74 60 52 275 89 81 119 755 473
internal_value=0.000539767 -0.00817235 0.0100023 -0.00967695 0.00346189 0.00248137 0.0162691 0.0265737 0.0219977 0.0325053 0.0534919 -0.00534666 0.00356174 0.00740058
internal_weight=11626 6053 5573 5785 2727 2666 2846 676 616 445 170 171 2592 1837
internal_count=11626 6053 5573 5785 2727 2666 2846 676 616 445 170 171 2592 1837
is_linear=0
shrinkage=0.02


Tree=131
num_leaves=15
num_cat=0
split_feature=0 8 0 18 0 16 1 3 6 4 7 12 11 7
split_gain=2301.18 710.187 548.448 385.837 340.566 290.117 232.485 231.519 315.978 250.671 231.381 228.165 250.673 224.081
threshold=0.27141683948645606 0.59979178433240332 0.5546736227946566 0.72586255620153983 0.040424024861381143 0.42346611447710658 0.17041214749448375 72.449041172535033 1.0000000180025095e-35 -0.055341495988084313 7.5000000000000009 1.0000000180025095e-35 73.281250000000014 13.500000000000002
decision_type=10 2 10 10 8 10 10 10 2 2 2 8 2 2
left_child=1 4 3 5 -1 7 13 -2 9 -9 -10 12 -8 -4
right_child=2 -3 6 -5 -6 -7 11 8 10 -11 -12 -13 -14 -15
leaf_value=-0.019359738115204705 -0.0017242276986485924 0.023819544042891532 -0.0036050951901853566 0.053981651795112481 -0.00709910127277588 0.045389025677911574 0.018780129675138531 -0.0063148754837168176 0.011149172593476409 0.028248239972143749 0.064915948882699012 -0.0024232924431946473 0.052155959466670419 0.036152958748584138
leaf_weight=1125 2083 268 369 59 4660 61 2122 274 59 121 70 194 94 67
leaf_count=1125 2083 268 369 59 4660 61 2122 274 59 121 70 194 94 67
internal_value=0.000528972 -0.0080089 0.00980221 0.00339265 -0.00948341 0.00227393 0.0159438 0.0012651 0.0131482 0.00427281 0.0403249 0.0183751 0.0201959 0.00250451
internal_weight=11626 6053 5573 2727 5785 2668 2846 2607 524 395 129 2410 2216 436
internal_count=11626 6053 5573 2727 5785 2668 2846 2607 524 395 129 2410 2216 436
is_linear=0
shrinkage=0.02


Tree=132
num_leaves=15
num_cat=0
split_feature=0 8 0 18 0 10 14 10 9 7 0 10 11 11
split_gain=2210.06 682.064 526.729 370.558 327.079 257.318 255.651 255.448 224.886 291.066 401.544 292.123 241.495 202.779
threshold=0.27141683948645606 0.59979178433240332 0.5546736227946566 0.72586255620153983 0.040424024861381143 0.71851282051282062 1.0000000180025095e-35 0.10572727272727274 0.11606636415201363 2.5000000000000004 0.92463552353347023 0.5183461538461539 66.156250000000014 72.880514705882362
decision_type=10 2 10 10 8 2 8 2 2 2 10 2 2 2
left_child=1 4 3 5 -1 6 7 -2 -4 11 13 -10 -13 -11
right_child=2 -3 8 -5 -6 -7 -8 -9 9 10 -12 12 -14 -15
leaf_value=-0.018972543726232315 0.0472206335538818 0.023343153197818729 -0.0024126899260140601 0.052902018518771153 -0.0069571192583516364 -0.034044522676420844 -0.0065147024619551155 0.0059219010665106609 -0.022030042370515212 0.016997636080043749 0.063984380823210812 0.049208464181671546 0.0012506586834788323 0.045749265132019816
leaf_weight=1125 62 268 252 59 4660 76 754 1776 140 2071 80 60 140 103
leaf_count=1125 62 268 252 59 4660 76 754 1776 140 2071 80 60 140 103
internal_value=0.000518392 -0.00784872 0.00960616 0.0033248 -0.00929374 0.00222845 0.00329201 0.007315 0.0156249 0.0173772 0.0199792 0.00012763 0.015638 0.0183598
internal_weight=11626 6053 5573 2727 5785 2668 2592 1838 2846 2594 2254 340 200 2174
internal_count=11626 6053 5573 2727 5785 2668 2592 1838 2846 2594 2254 340 200 2174
is_linear=0
shrinkage=0.02


Tree=133
num_leaves=15
num_cat=0
split_feature=12 0 9 9 8 8 18 9 0 16 2 0 0 4
split_gain=2147.31 1024.87 286.23 368.467 291.162 274.639 281.52 250.685 248.441 260.635 275.629 187.519 187.021 170.271
threshold=1.0000000180025095e-35 0.46877360266620821 0.40592220279720287 0.41690476190476194 0.77618447027856996 0.77618447027856996 0.84937418575363566 0.57062733693394285 0.040424024861381143 0.22951097479399368 0.13692018618887605 0.088329219143318247 0.87500653245766846 -0.014964080171682393
decision_type=8 10 2 2 2 2 10 2 8 10 10 10 10 2
left_child=1 5 12 -4 -5 6 8 -6 -1 -10 -11 -2 13 -3
right_child=11 2 3 4 7 -7 -8 -9 9 10 -12 -13 -14 -15
leaf_value=-0.025793284994940602 -0.015236317418433733 0.0076445285750666213 0.07640018076256469 0.013615265526642422 0.060785295703758797 0.034801474731456443 0.041648962015640882 0.017424717631656678 -0.0010047412838318172 -0.0084257230566719826 0.046612612669405182 -0.0065982708583054803 0.032069160309270282 0.020768206349386295
leaf_weight=155 2182 1810 54 487 120 91 63 96 3871 59 95 1864 173 506
leaf_count=155 2182 1810 54 487 120 91 63 96 3871 59 95 1864 173 506
internal_value=0.000508024 0.00678775 0.0152854 0.0260545 0.0221873 0.000423301 -0.000314011 0.0415139 -0.000946467 1.0367e-05 0.0255265 -0.0112568 0.0120102 0.0105118
internal_weight=11626 7580 3246 757 703 4334 4243 216 4180 4025 154 4046 2489 2316
internal_count=11626 7580 3246 757 703 4334 4243 216 4180 4025 154 4046 2489 2316
is_linear=0
shrinkage=0.02


Tree=134
num_leaves=15
num_cat=0
split_feature=12 0 17 9 9 18 0 16 2 7 9 0 0 0
split_gain=2062.27 984.289 284.27 274.895 353.876 270.975 230.386 242.258 265.109 228.596 238.325 203.635 180.244 179.615
threshold=1.0000000180025095e-35 0.46877360266620821 0.71768572973858669 0.40592220279720287 0.41690476190476194 0.62494296590358533 0.040424024861381143 0.42346611447710658 0.16967388574962802 1.0000000180025095e-35 0.32379032258064522 0.20243951306251226 0.054181930491561524 0.87500653245766846
decision_type=8 10 10 2 2 10 8 10 10 2 2 10 10 10
left_child=1 2 5 13 -5 6 -1 9 -9 10 -8 -7 -2 -3
right_child=12 3 -4 4 -6 11 7 8 -10 -11 -12 -13 -14 -15
leaf_value=-0.026277627161864579 -0.01575407947468041 0.010301555690523687 0.037766046024858953 0.07487217586349558 0.021743513338332719 0.0013019321476801849 0.00085201200839353953 -0.007111765782941472 0.050698140446345019 -0.0034635157175973803 0.029896498616252626 0.038014639176130294 -0.007258267228439013 0.03142777737208529
leaf_weight=145 1797 2316 80 54 703 117 319 55 75 3243 175 125 2249 173
leaf_count=145 1797 2316 80 54 703 117 319 55 75 3243 175 125 2249 173
internal_value=0.000497864 0.00665199 0.000414835 0.0149797 0.0255334 -0.000287586 -0.0015273 -0.000599247 0.0262401 -0.00153291 0.0111411 0.0202651 -0.0110316 0.01177
internal_weight=11626 7580 4334 3246 757 4254 4012 3867 130 3737 494 242 4046 2489
internal_count=11626 7580 4334 3246 757 4254 4012 3867 130 3737 494 242 4046 2489
is_linear=0
shrinkage=0.02


Tree=135
num_leaves=15
num_cat=0
split_feature=14 2 11 11 2 16 11 3 9 8 5 9 7 2
split_gain=1919.48 715.927 409.96 284.045 248.514 228.08 203.505 238.651 231.05 350.344 325.991 247.995 231.933 226.291
threshold=2.5000000000000004 0.40181664899954672 74.500000000000014 64.343750000000014 0.49403790087463562 0.2020923641174352 64.788602941176478 57.6877933999763 0.3385016641065029 0.76782957443952216 4.5000000000000009 0.22276159654800434 6.5000000000000009 0.51197061744799444
decision_type=8 10 2 2 10 10 2 10 2 2 2 2 2 10
left_child=1 2 5 4 -3 -1 13 -8 9 10 -9 -12 -10 -5
right_child=-2 3 -4 6 -6 -7 7 8 12 -11 11 -13 -14 -15
leaf_value=-0.0019287465071148437 -0.01091383451878784 0.0021758736556768419 0.05176370317364732 0.028439399238962392 0.034872785695410302 0.024189461937053597 -0.021152586637214685 0.010593032884049681 0.016104793149977922 0.051181894873095823 0.070917054581744909 0.024738785259128409 -0.0015439988210583992 -0.019109622446027982
leaf_weight=3534 4089 125 60 52 363 139 87 1341 510 113 58 235 716 174
leaf_count=3534 4089 125 60 52 363 139 87 1341 510 113 58 235 716 174
internal_value=0.000111518 0.00611693 -9.32314e-05 0.0122596 0.0264976 -0.000940336 0.0101452 0.0114978 0.0124533 0.017124 0.0147687 0.0338799 0.00579767 -0.00816914
internal_weight=11596 7507 3733 3774 488 3673 3286 3060 2973 1747 1634 293 1226 226
internal_count=11596 7507 3733 3774 488 3673 3286 3060 2973 1747 1634 293 1226 226
is_linear=0
shrinkage=0.02


Tree=136
num_leaves=15
num_cat=0
split_feature=0 14 14 11 0 8 11 16 17 8 10 2 18 0
split_gain=2141.7 464.243 343.712 309.155 248.117 352.013 232.961 232.112 223.169 212.619 207.445 207.801 205.846 187.424
threshold=0.38086423148885945 1.0000000180025095e-35 1.5000000000000002 74.500000000000014 0.61508042023461307 0.19902160171494535 64.343750000000014 0.55330395250928965 0.36352759361974468 0.75759748427672968 0.23374125874125876 0.44259629702268055 0.54546791504538727 0.1782456665673316
decision_type=10 8 8 2 10 2 2 10 10 2 2 8 10 10
left_child=1 7 3 4 5 10 -6 9 -3 13 11 -2 -7 -1
right_child=2 8 -4 -5 6 12 -8 -9 -10 -11 -12 -13 -14 -15
leaf_value=-0.0073408200571068527 0.018683496514956158 -0.011154800356221097 -0.0077391939709689156 0.057499458958837589 0.03365698508310614 0.0023750875064849557 0.014158438203858339 0.036263298854670105 0.028337398664704683 0.029444355615414679 -0.0016624815464019776 0.069079878371622827 0.042090253101454839 0.0032777138227184951
leaf_weight=1361 60 4347 354 61 282 1568 1873 68 58 88 50 72 54 1300
leaf_count=1361 60 4347 354 61 282 1568 1873 68 58 88 50 72 54 1300
internal_value=0.000109287 -0.00657978 0.0111537 0.0128174 0.012129 0.00665668 0.01671 -0.000238843 -0.0106348 -0.00114177 0.033031 0.0461724 0.00369729 -0.00215326
internal_weight=11596 7222 4374 4020 3959 1804 2155 2817 4405 2749 182 132 1622 2661
internal_count=11596 7222 4374 4020 3959 1804 2155 2817 4405 2749 182 132 1622 2661
is_linear=0
shrinkage=0.02


Tree=137
num_leaves=15
num_cat=0
split_feature=0 14 14 11 5 11 2 3 0 11 10 2 10 8
split_gain=2056.89 445.859 330.101 296.912 243.56 287.58 308.873 265.947 274.965 265.288 243.432 248.659 400.792 274.72
threshold=0.38086423148885945 1.0000000180025095e-35 1.5000000000000002 74.500000000000014 1.5000000000000002 64.343750000000014 0.46179534734007327 57.6877933999763 0.86083675579425012 67.093750000000014 0.21930288461538466 0.44259629702268055 0.17074448529411768 0.2241197054749581
decision_type=10 8 8 2 2 2 10 10 10 2 2 10 2 2
left_child=1 -1 3 4 9 6 -6 -7 10 -2 11 13 -13 -9
right_child=2 -3 -4 -5 5 7 -8 8 -10 -11 -12 12 -14 -15
leaf_value=-0.00023406600634830933 -0.020886838690688216 -0.010422116178866988 -0.0075844099025615614 0.056349470479810829 -0.0033405896607372498 -0.020521658555501036 0.038513364037213151 0.039556534141302106 0.031801203748454222 0.0089934475397008169 0.0089439344698518091 0.018925568133370201 0.093752856472879662 -0.024283187790558887
leaf_weight=2817 174 4405 354 61 90 99 326 56 276 375 2394 67 50 52
leaf_count=2817 174 4405 354 61 90 99 326 56 276 375 2394 67 50 52
internal_value=0.000107102 -0.00644818 0.0109307 0.0125611 0.0118864 0.0138769 0.0294584 0.0117119 0.0128142 -0.000476807 0.0108132 0.0307026 0.050903 0.00881889
internal_weight=11596 7222 4374 4020 3959 3410 416 2994 2895 549 2619 225 117 108
internal_count=11596 7222 4374 4020 3959 3410 416 2994 2895 549 2619 225 117 108
is_linear=0
shrinkage=0.02


Tree=138
num_leaves=15
num_cat=0
split_feature=0 14 14 11 7 5 4 11 4 16 1 9 3 11
split_gain=1975.43 428.203 317.029 285.154 267.863 267.97 285.733 248.97 281.331 222.92 218.543 310.881 352.145 225.466
threshold=0.38086423148885945 1.0000000180025095e-35 1.5000000000000002 74.500000000000014 1.5000000000000002 1.5000000000000002 -0.067157585983259424 67.093750000000014 -0.11002584898321464 0.55330395250928965 0.19623524974892817 0.22513736263736267 61.547120652666671 64.454044117647072
decision_type=10 8 8 2 2 2 2 2 2 10 10 2 10 2
left_child=1 9 3 4 -2 7 -7 -6 -9 -1 13 -12 -13 -8
right_child=2 -3 -4 -5 5 6 10 8 -10 -11 11 12 -14 -15
leaf_value=-0.001114252975431436 -0.0078138283690945658 -0.010213673881650454 -0.00743272187065933 0.055222481159096372 -0.02040109902910308 0.010364147813952897 0.045829561394121913 0.033191919485994037 -0.0041344506873024836 0.035542714348720278 0.045979768600414007 0.062088297949069081 0.015262023937925947 0.0010756812302388829
leaf_weight=2749 264 4405 354 61 167 1921 54 126 225 68 263 72 596 271
leaf_count=2749 264 4405 354 61 167 1921 54 126 225 68 263 72 596 271
internal_value=0.00010496 -0.00631922 0.0107121 0.0123099 0.0116487 0.0130392 0.015214 -0.00029933 0.00926476 -0.000229385 0.0226318 0.0275609 0.0203092 0.00851171
internal_weight=11596 7222 4374 4020 3959 3695 3177 518 351 2817 1256 931 668 325
internal_count=11596 7222 4374 4020 3959 3695 3177 518 351 2817 1256 931 668 325
is_linear=0
shrinkage=0.02


Tree=139
num_leaves=15
num_cat=0
split_feature=14 2 11 8 9 8 8 7 8 7 9 4 1 11
split_gain=1636.62 609.574 380.086 267.455 293.428 393.427 327.2 313.171 292.338 235.777 218.967 223.16 217.719 212.912
threshold=2.5000000000000004 0.40181664899954672 74.500000000000014 0.57274255343124381 0.31686991869918707 0.81080685912132144 0.63866507965574082 14.500000000000002 0.71989717223650396 1.5000000000000002 0.059491634491634499 -0.13703855238448318 0.25777408185612194 64.406250000000014
decision_type=8 10 2 2 2 2 2 2 2 2 2 2 10 2
left_child=1 2 10 9 5 6 -5 13 12 -3 11 -1 -8 -6
right_child=-2 3 -4 4 7 -7 8 -9 -10 -11 -12 -13 -14 -15
leaf_value=0.04502432230040667 -0.010077759847372922 -0.020146528684049841 0.049849567365522186 0.037262965639554009 0.045480078662696641 0.075870917549387351 0.0082149040718873349 -0.031681156423733092 0.025049351311155727 0.0081916013435052032 -0.0022061938310816132 0.0042267829947128981 -0.043386195558926151 0.010604870407468001
leaf_weight=79 4089 125 60 306 76 61 75 66 175 1942 3427 167 58 890
leaf_count=79 4089 125 60 306 76 61 75 66 175 1942 3427 167 58 890
internal_value=0.00010286 0.00564816 -8.22014e-05 0.0113163 0.0171751 0.0274281 0.0226153 0.0104689 0.00806284 0.00647788 -0.000897858 0.0173284 -0.0142878 0.0133487
internal_weight=11596 7507 3733 3774 1707 675 614 1032 308 2067 3673 246 133 966
internal_count=11596 7507 3733 3774 1707 675 614 1032 308 2067 3673 246 133 966
is_linear=0
shrinkage=0.02


Tree=140
num_leaves=15
num_cat=0
split_feature=13 8 9 8 4 3 6 16 3 17 3 10 1 8
split_gain=1490.55 660.212 328.785 273.946 290.709 244.177 313.115 234.544 221.152 220.969 211.97 235.08 234.888 205.664
threshold=1.0000000180025095e-35 0.4596610032851644 0.59635103599462569 0.4678263369752732 0.053344816186933548 67.553255833941435 1.0000000180025095e-35 0.2020923641174352 65.747034367463755 0.71768572973858669 68.244691790703556 0.64593750000000016 0.41303899448245163 0.19279333580613259
decision_type=10 2 2 2 2 10 2 10 10 10 10 2 10 2
left_child=-1 7 3 -3 5 8 10 9 -5 -2 11 -7 -12 -9
right_child=1 2 -4 4 -6 6 -8 13 -10 -11 12 -13 -14 -15
leaf_value=-0.0099710792009871062 -0.0015927265989901409 0.049317244756966833 0.049245493988414386 0.0092819446656498914 0.031524601571939211 -0.0050188901317729196 0.025988173192443766 -0.0056861640761295953 0.026216564480741708 0.033287117626215959 -0.0036797248302269199 -0.05932526958882809 0.017447284004983625 0.04236804399208019
leaf_weight=3844 3986 72 91 1210 231 88 194 57 414 74 848 50 280 95
leaf_count=3844 3986 72 91 1210 231 88 194 57 414 74 848 50 280 95
internal_value=0.000198062 0.00528131 0.0117302 0.0107223 0.00988404 0.00826311 0.00232782 -4.38055e-05 0.013599 -0.000956986 -0.00129786 -0.0246951 0.00156457 0.0243477
internal_weight=11534 7690 3478 3387 3315 3084 1460 4212 1624 4060 1266 138 1128 152
internal_count=11534 7690 3478 3387 3315 3084 1460 4212 1624 4060 1266 138 1128 152
is_linear=0
shrinkage=0.02


Tree=141
num_leaves=15
num_cat=0
split_feature=0 14 8 18 16 1 3 12 11 0 0 4 11 7
split_gain=1572.11 462.554 405.545 383.341 390.447 368.763 304.617 253.011 222.533 213.179 203.721 381.016 190.277 204.853
threshold=0.27141683948645606 1.0000000180025095e-35 0.41817226987534439 0.66004384429322915 0.3974730116965241 0.60228562873638303 70.000288179095733 1.0000000180025095e-35 74.500000000000014 0.040424024861381143 0.71903569188805905 -0.075172645972146776 67.843750000000014 5.5000000000000009
decision_type=10 8 2 10 10 10 10 8 2 10 10 2 2 2
left_child=2 3 9 4 5 8 7 -4 -2 -1 -3 -12 -7 -14
right_child=1 10 6 -5 -6 12 -8 -9 -10 -11 11 -13 13 -15
leaf_value=-0.01417469584702169 0.0074185892699969455 -0.0066785254399497956 0.018622497142655136 0.058662518425421278 0.063044988236644048 0.017341469464557512 -0.016709037434365883 -0.0073594748917080108 0.049876336282491683 -0.005794737540995811 -0.012429761912141528 0.05536690286227635 0.078885539058399831 0.024780020188201558
leaf_weight=2008 3975 990 524 66 55 140 199 210 50 3072 70 63 57 55
leaf_count=2008 3975 990 524 66 55 140 199 210 50 3072 70 63 57 55
internal_value=0.000194101 0.00789991 -0.00688119 0.0108252 0.0100963 0.00941545 0.00523859 0.011189 0.00794601 -0.00910713 -0.00355629 0.0196844 0.0328856 0.0523159
internal_weight=11534 5521 6013 4398 4332 4277 933 734 4025 5080 1123 133 252 112
internal_count=11534 5521 6013 4398 4332 4277 933 734 4025 5080 1123 133 252 112
is_linear=0
shrinkage=0.02


Tree=142
num_leaves=15
num_cat=0
split_feature=0 14 8 4 4 0 12 6 3 2 2 2 3 3
split_gain=1509.85 444.237 391.055 303.307 404.406 238.708 220.205 200.014 434.319 320.211 275.316 251.861 198.899 241.892
threshold=0.27141683948645606 1.0000000180025095e-35 0.58108006890869601 -0.099346042306032681 -0.065889954219677471 0.040424024861381143 1.0000000180025095e-35 1.0000000180025095e-35 71.130791025700191 0.48259206142427885 0.55798990867587606 0.75525946230162422 70.568204071245972 67.450529198731189
decision_type=10 8 2 2 2 8 10 2 10 8 8 10 10 10
left_child=2 6 5 -4 -5 -1 7 11 9 -9 -11 -2 13 -8
right_child=1 -3 3 4 -6 -7 12 8 -10 10 -12 -13 -14 -15
leaf_value=-0.016375742442777386 0.0075832025086143822 -0.0034851599384832363 -0.0079228352994393948 0.075874617240930864 0.011593688024282456 -0.0059568466724991519 -0.0034253469900715917 -0.0022721453556387695 0.048838656273518889 0.061520390292288556 0.016666706913778223 0.024605901696204989 0.021660290535111898 -0.05617197345655698
leaf_weight=1087 3014 1123 134 57 125 4610 105 291 172 71 239 393 61 52
leaf_count=1087 3014 1123 134 57 125 4610 105 291 172 71 239 393 61 52
internal_value=0.000190219 0.00774191 -0.00674357 0.0149127 0.0317256 -0.00794479 0.0106087 0.0116307 0.0208155 0.0127955 0.0269396 0.00954678 -0.00898774 -0.0208956
internal_weight=11534 5521 6013 316 182 5697 4398 4180 773 601 310 3407 218 157
internal_count=11534 5521 6013 316 182 5697 4398 4180 773 601 310 3407 218 157
is_linear=0
shrinkage=0.02


Tree=143
num_leaves=15
num_cat=0
split_feature=14 8 1 16 8 9 10 3 11 2 11 9 2 1
split_gain=1411.71 445.582 341.001 300.283 235.596 236.882 210.057 190.581 263.717 261.905 219.106 247.726 259.076 189.805
threshold=1.0000000180025095e-35 0.4596610032851644 0.2022682995085904 0.2020923641174352 0.4678263369752732 0.65865384615384626 0.38900000000000007 63.963314783299388 61.500000000000007 0.71691414220729022 64.847426470588246 0.073119511263841169 0.56297137562179767 0.13274939937226848
decision_type=8 2 8 10 2 2 2 8 2 8 2 2 8 10
left_child=1 3 13 7 -4 -6 -2 9 -9 -1 -10 12 -12 -3
right_child=6 2 4 -5 5 -7 -8 8 10 -11 11 -13 -14 -15
leaf_value=-0.0031591031600135505 -0.0098335585375107035 0.010098328747726107 0.057029317071040468 0.033281057169824317 0.013719326562940648 0.055014173894336348 -0.0001940308151998694 0.035864632835854657 -0.013934397117298348 -0.035625998525619512 0.050375875340084017 0.0017560687159993524 -0.00026797290199209712 -0.0099614408263131171
leaf_weight=485 3958 385 54 114 2207 57 1172 92 325 125 89 2027 74 370
leaf_count=485 3958 385 54 114 2207 57 1172 92 325 125 89 2027 74 370
internal_value=0.000186415 0.0064489 0.0119414 0.00138177 0.0157437 0.014759 -0.00763131 0.00025136 0.00260608 -0.00981216 0.00138946 0.00366355 0.0273842 0.000267713
internal_weight=11534 6404 3073 3331 2318 2264 5130 3217 2607 610 2515 2190 163 755
internal_count=11534 6404 3073 3331 2318 2264 5130 3217 2607 610 2515 2190 163 755
is_linear=0
shrinkage=0.02


Tree=144
num_leaves=15
num_cat=0
split_feature=0 15 18 16 8 1 3 13 13 11 1 2 2 0
split_gain=1413.89 411.244 368.371 369.972 367.919 346.123 288.104 228.108 220.204 202.542 375.114 197.785 252.931 197.225
threshold=0.27141683948645606 1.0000000180025095e-35 0.66004384429322915 0.3974730116965241 0.41817226987534439 0.60228562873638303 70.000288179095733 1.0000000180025095e-35 1.5000000000000002 72.818014705882362 0.21318508199191735 0.64652312662516753 0.76855603735205558 0.040424024861381143
decision_type=10 8 10 10 2 10 10 10 10 2 10 10 10 10
left_child=4 2 3 5 13 7 8 -2 -6 -9 -11 -7 -13 -1
right_child=1 -3 -4 -5 6 11 -8 9 -10 10 -12 12 -14 -15
leaf_value=-0.013521549286806876 -0.025775530987683638 -0.003311661329406097 0.057142690948464657 0.061075884518298242 -0.0065005852211089364 0.065943039278939089 -0.016327731240933865 0.0070101045405705532 0.017738471707713057 -0.0070746832695745285 0.04617500132848542 -0.0068394045889176225 0.039814343061298135 -0.0054612590545517984
leaf_weight=2008 81 1123 66 55 210 53 199 3717 524 84 143 74 125 3072
leaf_count=2008 81 1123 66 55 210 53 199 3717 524 84 143 74 125 3072
internal_value=0.000182686 0.00749044 0.0102487 0.00953424 -0.00652713 0.00887144 0.00501674 0.00744782 0.0108036 0.00813015 0.0264703 0.0316098 0.0224657 -0.0086473
internal_weight=11534 5521 4398 4332 6013 4277 933 4025 734 3944 227 252 199 5080
internal_count=11534 5521 4398 4332 6013 4277 933 4025 734 3944 227 252 199 5080
is_linear=0
shrinkage=0.02


Tree=145
num_leaves=15
num_cat=0
split_feature=0 0 17 14 16 8 1 8 0 7 1 7 10 4
split_gain=1240.07 278.459 294.689 264.656 254.792 254.587 228.32 236.863 410.836 231.82 268.705 549.587 246.544 201.501
threshold=0.32435991185943441 0.040424024861381143 0.36352759361974468 1.0000000180025095e-35 0.58695003644057298 0.26257837783171528 0.20549672096171601 0.59979178433240332 0.61109644454451595 1.5000000000000002 0.58260980236903437 6.5000000000000009 0.45236363636363641 -0.055341495988084313
decision_type=10 8 10 8 10 2 10 2 10 2 10 2 2 2
left_child=1 -1 4 6 -3 -4 7 -2 -9 -8 13 12 -12 -11
right_child=3 2 5 -5 -6 -7 9 8 -10 10 11 -13 -14 -15
leaf_value=-0.014885300798667386 0.0078401529422450454 -0.0052659853905018096 0.0047555625681721036 -0.0024419915610205522 0.030260930504967889 0.058194150212738251 -0.0074279640568420289 -0.035007856561345342 0.0097665888508279893 0.007935151851458478 0.098874368709325783 0.0060267383382836383 0.040726472921669483 0.020056429458795773
leaf_weight=1115 837 5288 105 881 82 54 212 161 167 1547 50 134 70 850
leaf_count=1115 837 5288 105 881 82 54 212 161 167 1547 50 134 70 850
internal_value=-0.000135358 -0.00576767 -0.00392898 0.0074876 -0.00472349 0.0229045 0.00965939 0.00219482 -0.0122111 0.0126968 0.0143062 0.0338667 0.0649548 0.0122335
internal_weight=11553 6644 5529 4909 5370 159 4028 1165 328 2863 2651 254 120 2397
internal_count=11553 6644 5529 4909 5370 159 4028 1165 328 2863 2651 254 120 2397
is_linear=0
shrinkage=0.02


Tree=146
num_leaves=15
num_cat=0
split_feature=0 5 11 5 11 0 9 4 3 0 7 8 17 12
split_gain=1190.96 333.33 284.332 326.326 335.938 319.415 271.263 262.901 372.066 257.223 216.701 306.406 195.689 176.722
threshold=0.32435991185943441 3.5000000000000004 74.812500000000014 1.5000000000000002 68.968750000000014 0.65032785983708374 0.35495558672276772 -0.063546370003358235 57.022351797862008 0.13168245505130383 10.500000000000002 0.52795462437782159 0.38305996504262707 1.0000000180025095e-35
decision_type=10 2 2 2 2 10 2 2 10 10 2 2 10 8
left_child=1 9 3 4 5 10 -6 13 -9 -1 11 -2 -11 -5
right_child=2 -3 -4 7 6 -7 -8 8 -10 12 -12 -13 -14 -15
leaf_value=-0.011193296673426563 -0.0038643015054523524 0.0034740209515646907 0.05135765388832781 0.0069699858698900755 -0.0010185682162098249 -0.055910940451754466 0.041049886103833054 -0.036210157250364625 0.017206270206302672 -0.0035448714226788097 0.012748637806462204 -0.053898305774976805 0.025448028277985903 -0.009146531706653355
leaf_weight=3386 141 1290 58 2229 243 72 82 54 1530 1870 115 75 98 310
leaf_count=3386 141 1290 58 2229 243 72 82 54 1530 1870 115 75 98 310
internal_value=-0.00013265 -0.00565232 0.00733785 0.00681154 -0.00553318 -0.0177338 0.00959563 0.00899125 0.0153853 -0.00785123 -0.00942944 -0.0212372 -0.00210112 0.00500223
internal_weight=11553 6644 4909 4851 728 403 325 4123 1584 5354 331 216 1968 2539
internal_count=11553 6644 4909 4851 728 403 325 4123 1584 5354 331 216 1968 2539
is_linear=0
shrinkage=0.02


Tree=147
num_leaves=15
num_cat=0
split_feature=0 5 11 5 11 0 9 4 0 7 9 7 8 8
split_gain=1143.8 320.13 273.073 313.403 322.635 306.766 260.521 252.5 247.037 217.736 229.934 208.119 294.272 197.823
threshold=0.32435991185943441 3.5000000000000004 74.812500000000014 1.5000000000000002 68.968750000000014 0.65032785983708374 0.35495558672276772 -0.067157585983259424 0.13168245505130383 1.5000000000000002 0.073119511263841169 10.500000000000002 0.52795462437782159 0.54954828573031833
decision_type=10 2 2 2 2 10 2 2 10 2 2 2 2 2
left_child=1 8 3 4 5 11 -6 -5 -1 13 -11 12 -2 -9
right_child=2 -3 -4 7 6 -7 -8 9 -10 10 -12 -13 -14 -15
leaf_value=-0.010969430827911133 -0.0037870153568103806 0.0034045405915194703 0.050330500307268107 0.0048194792778575137 -0.00099819657299859239 -0.05479272179719475 0.040228888343383631 -0.038550051028973291 -0.002059097078169684 0.058257912903164448 0.015460323611989098 0.012493664772938127 -0.052820340035359063 0.01485162007148293
leaf_weight=3386 141 1290 58 2498 243 72 82 56 1968 52 1462 115 75 55
leaf_count=3386 141 1290 58 2498 243 72 82 56 1968 52 1462 115 75 55
internal_value=-0.000129998 -0.00553927 0.00719109 0.00667531 -0.00542252 -0.0173792 0.00940371 0.00881142 -0.00769421 0.014948 0.0169303 -0.00924086 -0.0208125 -0.0120898
internal_weight=11553 6644 4909 4851 728 403 325 4123 5354 1625 1514 331 216 111
internal_count=11553 6644 4909 4851 728 403 325 4123 5354 1625 1514 331 216 111
is_linear=0
shrinkage=0.02


Tree=148
num_leaves=15
num_cat=0
split_feature=14 16 18 8 9 9 11 1 11 2 1 9 1 8
split_gain=1072.32 408.997 388.049 405.336 251.749 384.156 338.472 230.81 296.301 334.273 454.28 212.154 227.248 278.959
threshold=1.0000000180025095e-35 0.54815700483066665 0.6513734129231471 0.77618447027856996 0.41417201235447859 0.32379032258064522 69.152573529411782 0.2022682995085904 70.968750000000014 0.43728064012494272 0.26532347736009471 0.41690476190476194 0.38036782905179217 0.46070050432466547
decision_type=8 10 10 2 2 2 2 10 2 8 10 2 10 2
left_child=1 2 3 7 5 -5 -6 -1 -9 -10 -11 12 -12 -14
right_child=-2 -3 -4 4 6 -7 -8 8 9 10 11 -13 13 -15
leaf_value=-0.0021335147615094757 -0.0069633190706507543 0.049413343538272099 0.040201314336751122 0.030325992523630458 0.050394519460094829 -0.015999358768445732 -0.0033558476716279984 0.0030828236943208228 -0.0028261153752718012 0.076028367547756603 0.0045913275385025846 -0.007130123452189263 0.024702512408202551 0.080898836524278497
leaf_weight=2458 5115 83 121 150 175 137 64 2639 198 68 97 89 106 53
leaf_count=2458 5115 83 121 150 175 137 64 2639 198 68 97 89 106 53
internal_value=-0.000127398 0.00530375 0.00472765 0.00403912 0.0208389 0.0082125 0.0360011 0.002491 0.00598856 0.0185389 0.0287816 0.0194692 0.0287167 0.0434346
internal_weight=11553 6438 6355 6234 526 287 239 5708 3250 611 413 345 256 159
internal_count=11553 6438 6355 6234 526 287 239 5708 3250 611 413 345 256 159
is_linear=0
shrinkage=0.02


Tree=149
num_leaves=15
num_cat=0
split_feature=14 16 5 8 6 1 2 7 17 17 7 8 11 8
split_gain=1029.85 392.8 363.034 441.222 323.239 277.331 339.804 311.46 225.457 201.719 190.753 240.838 204.397 197.521
threshold=1.0000000180025095e-35 0.54815700483066665 4.5000000000000009 0.87889278116058989 1.0000000180025095e-35 0.58260980236903437 0.77605468493261509 7.5000000000000009 0.71768572973858669 0.49802334496327216 10.500000000000002 0.80488039881027207 62.213235294117659 0.4596610032851644
decision_type=8 10 2 2 2 10 8 2 10 10 2 2 2 2
left_child=1 2 3 5 -4 8 7 -7 10 -2 11 -1 -12 -14
right_child=9 -3 4 -5 -6 6 -8 -9 -10 -11 12 -13 13 -15
leaf_value=-0.0030529938963640537 -0.0072530980922438405 0.048425077147871615 0.010977188594660833 0.049773129398624105 0.043149547203354642 0.027705547193996611 0.052319065194380912 -0.034807986123663079 0.043136349838972098 0.029942969129247179 0.043718378942992006 0.031438517789524723 -0.00065177703555288516 0.014280044075021644
leaf_weight=3322 5056 83 865 78 146 80 95 53 50 59 56 83 968 559
leaf_count=3322 5056 83 865 78 146 80 95 53 50 59 56 83 968 559
internal_value=-0.00012485 0.00519768 0.0046331 0.00255394 0.0156232 0.00185453 0.0234295 0.00279414 0.000878131 -0.00682405 0.000454532 -0.00221223 0.00619068 0.00481442
internal_weight=11553 6438 6355 5344 1011 5266 228 133 5038 5115 4988 3405 1583 1527
internal_count=11553 6438 6355 5344 1011 5266 228 133 5038 5115 4988 3405 1583 1527
is_linear=0
shrinkage=0.02


Tree=150
num_leaves=15
num_cat=0
split_feature=12 1 5 6 16 9 14 7 11 1 11 1 1 5
split_gain=1029.62 471.576 346.664 366.559 307.13 314.779 257.137 223.892 177.561 194.49 169.39 166.608 165.374 163.11
threshold=1.0000000180025095e-35 0.69548499100633399 4.5000000000000009 1.0000000180025095e-35 1.0000000180025095e-35 0.55195681511470995 1.0000000180025095e-35 7.5000000000000009 67.60477941176471 0.49380081297534001 74.500000000000014 0.12793958617717335 0.14278573285717808 1.5000000000000002
decision_type=8 10 2 2 10 2 10 2 2 8 2 10 10 2
left_child=1 2 4 8 5 10 12 -5 11 -10 13 -4 -6 -1
right_child=-2 -3 3 7 6 -7 -8 -9 9 -11 -12 -13 -14 -15
leaf_value=-0.0058564809204504865 -0.0083853273527937679 0.047527049569168478 0.045642501293608036 0.069176599817796489 0.018385198775489452 0.028451314699359055 -0.0084138964223010211 0.019938053128781257 0.0068446733141700701 -0.027765987704071821 0.028074923493396277 0.012887407895451522 0.063990764934299643 0.001846557681235015
leaf_weight=1455 4014 99 76 71 59 164 56 77 365 79 87 340 69 4501
leaf_count=1455 4014 99 76 71 59 164 56 77 365 79 87 340 69 4501
internal_value=-0.000210545 0.00416577 0.00358558 0.0144862 0.00186632 0.00111144 0.027331 0.0435592 0.00948296 0.00068647 0.000369468 0.0188715 0.0429694 -3.52289e-05
internal_weight=11512 7498 7399 1008 6391 6207 184 148 860 444 6043 416 128 5956
internal_count=11512 7498 7399 1008 6391 6207 184 148 860 444 6043 416 128 5956
is_linear=0
shrinkage=0.02


Tree=151
num_leaves=15
num_cat=0
split_feature=12 0 16 9 2 1 0 18 2 17 4 14 9 16
split_gain=988.843 539.193 302.9 266.491 252.028 251.204 208.009 308.157 176.047 211.74 175.542 181.289 170.198 161.723
threshold=1.0000000180025095e-35 0.71903569188805905 1.0000000180025095e-35 0.12067981045640104 0.099182324559683066 0.60228562873638303 0.16061054173023759 0.66004384429322915 0.29292436811248418 0.54502575501242101 -0.21364101215195827 1.5000000000000002 0.57062733693394285 0.66097127120341115
decision_type=8 10 10 2 10 10 8 10 8 10 2 10 2 10
left_child=1 2 5 -3 -4 6 -1 8 -8 10 -10 12 -12 -6
right_child=-2 3 4 -5 13 -7 7 -9 9 -11 11 -13 -14 -15
leaf_value=-0.0081346777295564412 -0.0082176207820757272 -0.013879272062676374 -0.0092026670412583798 0.019003135170985203 0.020278157177655135 0.028645304009551183 -0.0073793602832455734 0.030115322052248268 -0.0099818499458869687 0.038078725775008773 0.0038733299864744425 -0.020903702085182382 0.035385033266884941 0.064573509809561072
leaf_weight=972 4014 108 55 1131 68 128 814 151 421 67 3333 116 70 64
leaf_count=972 4014 108 55 1131 68 128 814 151 421 67 3333 116 70 64
internal_value=-0.000206334 0.00408245 0.00169622 0.0161369 0.0267672 0.000924103 0.000327146 0.00198139 0.0011002 0.00282277 0.00222324 0.00368341 0.00452153 0.0417547
internal_weight=11512 7498 6259 1239 187 6072 5944 4972 4821 4007 3940 3519 3403 132
internal_count=11512 7498 6259 1239 187 6072 5944 4972 4821 4007 3940 3519 3403 132
is_linear=0
shrinkage=0.02


Tree=152
num_leaves=15
num_cat=0
split_feature=0 16 1 11 8 0 18 5 14 9 9 0 11 16
split_gain=949.874 337.548 347.328 421.949 335.708 256.459 260.149 188.304 182.319 166.069 184.481 392.711 289.833 165.034
threshold=0.27141683948645606 0.42346611447710658 0.66669924246722512 67.343750000000014 0.57642366553257651 0.69252932904164666 0.71880503328040135 2.5000000000000004 2.5000000000000004 0.11606636415201363 0.20881782945736438 0.79885494748522967 71.968750000000014 1.0000000180025095e-35
decision_type=10 10 10 2 2 10 10 2 10 2 2 10 2 10
left_child=4 2 5 -4 7 6 8 -1 -2 -7 11 -11 -12 -9
right_child=1 -3 3 -5 -6 9 -8 13 -10 10 12 -13 -14 -15
leaf_value=-0.0099592633707610879 0.0016913342745886201 0.050049002871793861 -0.0059493735763761733 0.066590242333050012 0.013904048869086255 -0.009995187219474037 0.039909856749432426 -0.0033294619606454778 -0.026811520264524484 0.0076250021616524125 0.012495755119494115 0.055782832405332598 -0.030771284992947723 0.03339977675192058
leaf_weight=3299 3698 68 54 79 329 131 70 2295 92 159 1004 118 66 50
leaf_count=3299 3698 68 54 79 329 131 70 2295 92 159 1004 118 66 50
internal_value=-0.000202207 0.00576358 0.00521315 0.0371381 -0.00573452 0.00441772 0.00170507 -0.00687929 0.000999444 0.0115022 0.0135929 0.0281399 0.00982695 -0.00254632
internal_weight=11512 5539 5471 133 5973 5338 3860 5644 3790 1478 1347 277 1070 2345
internal_count=11512 5539 5471 133 5973 5338 3860 5644 3790 1478 1347 277 1070 2345
is_linear=0
shrinkage=0.02


Tree=153
num_leaves=15
num_cat=0
split_feature=12 0 16 9 2 7 0 18 2 17 11 2 11 7
split_gain=924.891 497.504 280.841 248.533 238.125 218.103 214.826 264.026 194.816 202.879 182.196 377.873 282.44 244.035
threshold=1.0000000180025095e-35 0.71903569188805905 1.0000000180025095e-35 0.12067981045640104 0.099182324559683066 14.500000000000002 0.16061054173023759 0.66004384429322915 0.29292436811248418 0.54502575501242101 69.090073529411782 0.81335003051910915 68.156250000000014 11.500000000000002
decision_type=8 10 10 2 10 2 8 10 8 10 2 8 2 2
left_child=1 2 6 -3 -4 10 -1 8 -8 -10 12 -12 13 -5
right_child=-2 3 4 5 -6 -7 7 -9 9 -11 11 -13 -14 -15
leaf_value=-0.0076402531215652245 -0.0079460634803306639 -0.013458512793122619 -0.0091653638969768185 0.013412786747189605 0.040366580949418925 -0.0169836142207637 -0.0071723173293273632 0.028530819343501018 0.00295992610274478 0.037794136196813162 -0.006014923232120324 0.04931563182268292 0.050521102246305308 0.044028111936254354
leaf_weight=984 4014 108 55 508 132 66 814 152 4054 68 216 64 146 131
leaf_count=984 4014 108 55 508 132 66 814 152 4054 68 216 64 146 131
internal_value=-0.000198163 0.00394962 0.00165749 0.0155287 0.0257984 0.0182967 0.000914024 0.00256839 0.0017689 0.00353458 0.020483 0.00663206 0.0254235 0.0196892
internal_weight=11512 7498 6259 1239 187 1131 6072 5088 4936 4122 1065 280 785 639
internal_count=11512 7498 6259 1239 187 1131 6072 5088 4936 4122 1065 280 785 639
is_linear=0
shrinkage=0.02


Tree=154
num_leaves=15
num_cat=0
split_feature=0 0 16 0 18 8 2 4 13 11 11 14 4 4
split_gain=881.407 276.843 290.309 241.234 282.785 188.149 187.242 215.944 183.195 177.484 165.698 202.145 196.964 150.734
threshold=0.32435991185943441 0.081652351292261741 0.663444996681257 0.72316133116878945 0.67236913667332265 0.59979178433240332 0.59665384466304128 -0.014964080171682393 1.0000000180025095e-35 67.424632352941188 72.818014705882362 2.5000000000000004 -0.036028118058702797 -0.061541477285723629
decision_type=10 8 10 10 10 2 8 2 8 2 2 10 2 2
left_child=1 -1 5 4 8 -3 7 -5 -2 13 11 -10 -12 -7
right_child=3 2 -4 6 -6 9 -8 -9 10 -11 12 -13 -14 -15
leaf_value=-0.011557333792733953 -0.031007111964244691 -0.0040776151201323864 0.040568826648016129 -0.014504119256003336 0.044889551456157972 0.041842424084991219 0.016956609269225389 0.032941185851395133 0.0030434202100861106 -0.0023916228456669544 0.0081425676864946821 -0.030172454881668091 0.050120616230433665 -0.00040870163854503746
leaf_weight=1845 63 4356 62 165 65 100 1087 50 3210 166 154 75 63 51
leaf_count=1845 63 4356 62 165 65 100 1087 50 3210 166 154 75 63 51
internal_value=-0.0001942 -0.00498537 -0.00242459 0.00619791 0.00354886 -0.00299501 0.0135835 -0.00347033 0.00279511 0.0118814 0.0034032 0.00228507 0.0203297 0.0275722
internal_weight=11512 6580 4735 4932 3630 4673 1302 215 3565 317 3502 3285 217 151
internal_count=11512 6580 4735 4932 3630 4673 1302 215 3565 317 3502 3285 217 151
is_linear=0
shrinkage=0.02


Tree=155
num_leaves=15
num_cat=0
split_feature=0 0 1 4 8 1 8 8 1 4 5 3 8 4
split_gain=1040.97 277.784 213.068 173.107 270.322 275.665 208.147 447.547 192.006 182.192 221.951 177.839 170.533 170.089
threshold=0.38086423148885945 0.052626491163695326 0.20549672096171601 -0.075172645972146776 0.4596610032851644 0.58260980236903437 0.67770469839529868 0.71639608972680469 0.31621075880699973 -0.14201698854929931 4.5000000000000009 58.003619933904197 0.5739606832097971 -0.11657860610840799
decision_type=10 8 10 2 2 10 2 2 10 2 2 10 2 2
left_child=1 -1 -2 4 5 -4 8 -8 12 10 -10 -5 -6 -11
right_child=2 -3 3 11 6 -7 7 -9 9 13 -12 -13 -14 -15
leaf_value=-0.012573029136168073 0.0011031732231173285 -0.0024678812191304762 -0.008482513771916592 -0.01956693247241794 0.017708460579673617 0.036668492422749596 -0.047410696095997289 0.0097796762759380478 -0.013454932781161777 0.05287919502304151 0.027645920769273174 0.017825486213804819 0.052007723400663397 0.012339001306447023
leaf_weight=1336 1263 5865 549 53 118 60 62 467 157 65 79 1270 114 114
leaf_count=1336 1263 5865 549 53 118 60 62 467 157 65 79 1270 114 114
internal_value=0.00033077 -0.00434269 0.00803005 0.0108449 0.00678136 -0.00403414 0.0123822 0.00307683 0.0199905 0.0118443 0.000303404 0.0163275 0.0345624 0.0270603
internal_weight=11572 7201 4371 3108 1785 609 1176 529 647 415 236 1323 232 179
internal_count=11572 7201 4371 3108 1785 609 1176 529 647 415 236 1323 232 179
is_linear=0
shrinkage=0.02


Tree=156
num_leaves=15
num_cat=0
split_feature=0 0 14 1 7 4 7 1 8 2 7 11 14 16
split_gain=999.745 266.784 206.178 197.478 191.122 202.437 294.508 192.833 179.892 237.078 186.202 179.013 169.118 266.522
threshold=0.38086423148885945 0.052626491163695326 1.5000000000000002 0.20549672096171601 1.5000000000000002 -0.21831638724670416 5.5000000000000009 0.66669924246722512 0.67770469839529868 0.40721886949531588 7.5000000000000009 72.818014705882362 1.0000000180025095e-35 0.5769041961542406
decision_type=10 8 8 10 2 2 2 10 2 8 2 2 8 10
left_child=1 -1 3 8 -5 6 -6 11 10 -10 -2 -7 13 -3
right_child=2 12 -4 4 5 7 -8 -9 9 -11 -12 -13 -14 -15
leaf_value=-0.012321568070144064 -0.0041719604932253639 0.00034806040056537316 -0.0068763885718758988 -0.0077403627142712877 0.022594289496541024 0.012684923049713555 -0.017427096742303357 0.043961331592665777 -0.050523736214748136 -0.0023511087179871365 0.014030146891105117 0.03579090710078086 -0.0054743854352323328 0.041668868521228433
leaf_weight=1336 402 2560 349 185 120 2160 190 90 54 168 510 143 3241 64
leaf_count=1336 402 2560 349 185 120 2160 190 90 54 168 510 143 3241 64
internal_value=0.000324154 -0.00425583 0.00786945 0.00914899 0.011926 0.013272 -0.00193495 0.015242 0.0020767 -0.0140688 0.00600685 0.0141196 -0.00241852 0.00135588
internal_weight=11572 7201 4371 4022 2888 2703 310 2393 1134 222 912 2303 5865 2624
internal_count=11572 7201 4371 4022 2888 2703 310 2393 1134 222 912 2303 5865 2624
is_linear=0
shrinkage=0.02


Tree=157
num_leaves=15
num_cat=0
split_feature=0 0 0 10 9 15 16 10 7 0 8 8 3 3
split_gain=960.155 256.219 193.085 238.384 163.4 162.421 255.968 160.961 151.323 254.616 204.587 139.18 136.564 179.938
threshold=0.38086423148885945 0.052626491163695326 0.69252932904164666 0.74058823529411777 0.44522691705790302 1.0000000180025095e-35 0.5769041961542406 0.69401960784313743 1.5000000000000002 0.16061054173023759 0.19279333580613259 0.27510368419459336 57.022351797862008 67.703127501554661
decision_type=10 8 10 2 2 8 10 2 2 10 2 2 10 10
left_child=1 -1 3 4 7 6 8 -2 10 11 -3 -10 -4 -14
right_child=2 5 12 -5 -6 -7 -8 -9 9 -11 -12 -13 13 -15
leaf_value=-0.012075137275021557 0.0049240057808525627 -0.018479623941262974 -0.018480096877767489 -0.025120122372710076 0.02077910473364605 -0.0053648976064857535 0.040835491837933661 -0.029081678265019468 -0.0072420085415743837 0.0023455117216971745 0.012885751554563845 -0.028677015010873941 0.021551407370241166 0.0076857367316614912
leaf_weight=1336 2399 97 52 104 261 3241 64 57 410 1297 584 172 735 763
leaf_count=1336 2399 97 52 104 261 3241 64 57 410 1297 584 172 735 763
internal_value=0.000317671 -0.00417072 0.00771206 0.0045962 0.00573367 -0.00237015 0.00132877 0.00413479 0.000341099 -0.00258624 0.00841814 -0.0135768 0.0133829 0.014489
internal_weight=11572 7201 4371 2821 2717 5865 2624 2456 2560 1879 681 582 1550 1498
internal_count=11572 7201 4371 2821 2717 5865 2624 2456 2560 1879 681 582 1550 1498
is_linear=0
shrinkage=0.02


Tree=158
num_leaves=15
num_cat=0
split_feature=0 0 14 1 7 4 7 5 1 4 1 8 4 10
split_gain=922.133 246.073 196.928 187.753 182.679 193.849 282.938 185.023 250.741 227.143 295.796 244.259 231.967 216.519
threshold=0.38086423148885945 0.052626491163695326 1.5000000000000002 0.20549672096171601 1.5000000000000002 -0.21831638724670416 5.5000000000000009 4.5000000000000009 0.69548499100633399 -0.072641730605196755 0.24935108908622552 0.31216228592361944 0.009810799871413178 0.58406250000000004
decision_type=10 8 8 10 2 2 2 2 10 2 10 2 2 2
left_child=1 -1 3 -2 -5 6 -6 8 9 -7 -11 12 -12 -9
right_child=2 -3 -4 4 5 7 -8 13 -10 10 11 -13 -14 -15
leaf_value=-0.011833634217490001 0.0019123641243927196 -0.0023227499664293877 -0.0068534364359837596 -0.0077109565581824323 0.021993713871886336 0.0035272317281451488 -0.017233625077054299 0.039102312761151101 0.052658252058358029 0.045468831685663173 0.049847133735130569 0.0063720257675586199 0.00086084792583153175 0.013767695440987096
leaf_weight=1336 1134 5865 349 185 120 926 190 242 58 131 116 557 58 305
leaf_count=1336 1134 5865 349 185 120 926 190 242 58 131 116 557 58 305
internal_value=0.000311318 -0.0040873 0.00755782 0.00880833 0.0115161 0.012832 -0.00204885 0.0147598 0.0117325 0.0104049 0.0177933 0.0128337 0.0335184 0.0249761
internal_weight=11572 7201 4371 4022 2888 2703 310 2393 1846 1788 862 731 174 547
internal_count=11572 7201 4371 4022 2888 2703 310 2393 1846 1788 862 731 174 547
is_linear=0
shrinkage=0.02


Tree=159
num_leaves=15
num_cat=0
split_feature=0 0 14 1 3 8 2 17 1 6 3 5 8 3
split_gain=885.616 236.328 189.13 180.318 177.172 172.105 229.273 159.828 178.711 143.569 330.576 157.336 354.995 268.618
threshold=0.38086423148885945 0.052626491163695326 1.5000000000000002 0.20549672096171601 57.022351797862008 0.67770469839529868 0.40721886949531588 0.35678445080389204 0.20721554765701786 1.0000000180025095e-35 71.068084417937214 1.5000000000000002 0.37001529051987775 67.591862563850228
decision_type=10 8 8 10 10 2 10 10 10 2 10 2 2 10
left_child=1 -1 3 5 -5 -2 -7 -3 -9 11 -11 12 -6 -13
right_child=2 7 -4 4 9 6 -8 8 -10 10 -12 13 -14 -15
leaf_value=-0.011596961329282614 0.0057182533284363323 -0.0028637762126324838 -0.0067163676025734868 -0.020144657345754761 -0.040523607560566492 -0.042661886146682239 0.00045392665911365201 0.032738670194260425 -0.0078484957389635575 0.013282406788925269 0.055421306388452649 0.019655792867952614 0.010194483791406339 0.0053729061832697416
leaf_weight=1336 912 5685 349 70 77 74 148 107 73 332 96 982 195 1136
leaf_count=1336 912 5685 349 70 77 74 148 107 73 332 96 982 195 1136
internal_value=0.000305092 -0.00400556 0.00740666 0.00863216 0.0112858 0.00187412 -0.013918 -0.0022763 0.0162783 0.0120665 0.0227341 0.0101562 -0.00416321 0.0119951
internal_weight=11572 7201 4371 4022 2888 1134 222 5865 180 2818 428 2390 272 2118
internal_count=11572 7201 4371 4022 2888 1134 222 5865 180 2818 428 2390 272 2118
is_linear=0
shrinkage=0.02


Tree=160
num_leaves=15
num_cat=0
split_feature=0 9 18 0 3 10 3 0 4 9 10 10 3 3
split_gain=644.812 260.487 226.826 224.802 251.831 306.383 266.432 300.194 230.747 205.884 264.366 198.763 241.228 191.689
threshold=0.22230802230802235 0.20881782945736438 0.67588409698121032 0.69252932904164666 72.361010042451667 0.73968750000000016 73.276711758549752 0.43306287858037135 0.071041784689516038 0.44522691705790302 0.67258333333333342 0.18207142857142861 57.6877933999763 69.706366567180297
decision_type=10 2 10 10 10 2 10 10 2 2 2 2 10 10
left_child=1 -1 3 4 5 9 7 -6 11 -2 -11 -5 -13 -14
right_child=2 -3 -4 8 6 -7 -8 -9 -10 10 -12 12 13 -15
leaf_value=-0.009485858094889282 -0.0017403080911590127 -0.00055319509929257777 0.031554263130478238 -0.027790628535052143 0.0047748314172283493 -0.033110752730409344 0.0048348214337679708 0.055543134622887305 0.041938783927332787 0.0069934082506692297 0.057961925363540646 -0.032113823399499614 0.016211322650779039 0.00044459615402665494
leaf_weight=3108 3247 2252 115 60 88 118 714 99 84 219 50 54 928 462
leaf_count=3108 3247 2252 115 60 88 118 714 99 84 219 50 54 928 462
internal_value=-0.000645413 -0.00573281 0.00372593 0.00320327 0.000935573 -0.00141117 0.0104007 0.0316522 0.00967934 -0.000347306 0.0164671 0.00787761 0.00935967 0.0109709
internal_weight=11598 5360 6238 6123 4535 3634 901 187 1588 3516 269 1504 1444 1390
internal_count=11598 5360 6238 6123 4535 3634 901 187 1588 3516 269 1504 1444 1390
is_linear=0
shrinkage=0.02


Tree=161
num_leaves=15
num_cat=0
split_feature=14 18 9 11 4 9 4 9 11 1 1 11 11 7
split_gain=576.196 433.945 212.545 205.262 164.198 165.191 187.093 354.352 155.469 151.213 384.467 229.501 222.945 185.008
threshold=1.5000000000000002 0.84937418575363566 0.66935483870967749 75.093750000000014 0.073164083291676715 0.18286126409651196 0.11054518844265004 0.26791623873102827 61.500000000000007 0.30599320522995194 0.31254653229241441 72.818014705882362 73.343750000000014 14.500000000000002
decision_type=8 10 2 2 2 2 2 2 2 10 10 2 2 2
left_child=1 2 3 4 8 -6 7 -7 -1 -10 -11 13 -13 -12
right_child=-2 -3 -4 -5 5 6 -8 -9 9 10 11 12 -14 -15
leaf_value=0.018991622541687993 -0.0064090358517773808 0.060942092532036356 0.043489279717206959 0.040956153911021025 -0.0053817967707199032 0.081301324166930644 0.0033477666841612926 0.013899753953401858 -0.001708711975489945 0.049132518156369528 0.0030636310783825581 0.055940889243095641 0.0047487770705609712 -0.02116187854675201
leaf_weight=190 4329 51 50 54 101 52 90 78 4119 75 2138 63 74 134
leaf_count=190 4329 51 50 54 101 52 90 78 4119 75 2138 63 74 134
internal_value=-0.000632504 0.00280767 0.00239691 0.00211027 0.0018154 0.0157931 0.0255143 0.0408604 0.00115489 0.000641646 0.00453904 0.0031507 0.0282897 0.00163484
internal_weight=11598 7269 7218 7168 7114 321 220 130 6793 6603 2484 2409 137 2272
internal_count=11598 7269 7218 7168 7114 321 220 130 6793 6603 2484 2409 137 2272
is_linear=0
shrinkage=0.02


Tree=162
num_leaves=15
num_cat=0
split_feature=12 18 2 3 11 3 3 4 8 4 3 4 8 8
split_gain=556.298 360.566 245.843 245.905 463.732 368.049 302.389 227.031 223.071 231.169 338.885 198.443 192.357 192.472
threshold=1.0000000180025095e-35 0.84937418575363566 0.450579433787061 72.552832558253115 73.718750000000014 73.02051885719294 78.202702702702723 0.060501393443977217 0.62957437513361791 -0.10049422597331693 75.304937783374456 -0.099346042306032681 0.66362594037896783 0.3363503455608719
decision_type=8 10 10 8 2 8 10 2 2 2 8 2 2 2
left_child=1 2 3 -1 5 -5 8 -4 9 10 -7 -10 13 -9
right_child=-2 -3 7 4 -6 6 -8 12 11 -11 -12 -13 -14 -15
leaf_value=-0.0039116176895457487 -0.0066075192188538639 0.049126431980367861 0.0049940184692854423 0.043245502996236786 0.053510497066227701 -0.014989858820110329 -0.030399753561202926 0.0065215206698135096 0.00099709253137310349 -0.010356303728597109 0.025146713301631787 0.045884073876786502 -0.0073498356342315673 0.052911458725179987
leaf_weight=3107 4043 66 2931 86 79 129 115 54 72 430 242 87 51 106
leaf_count=3107 4043 66 2931 86 79 129 115 54 72 430 242 87 51 106
internal_value=-0.000619854 0.0025844 0.00217423 -0.000906514 0.00662321 0.00343277 0.000247754 0.00643647 0.00391907 -0.000376277 0.0111909 0.0255579 0.0264736 0.0372549
internal_weight=11598 7555 7489 4347 1240 1161 1075 3142 960 801 371 159 211 160
internal_count=11598 7555 7489 4347 1240 1161 1075 3142 960 801 371 159 211 160
is_linear=0
shrinkage=0.02


Tree=163
num_leaves=15
num_cat=0
split_feature=0 9 18 0 3 8 3 0 10 1 3 10 9 3
split_gain=592.812 244.89 211.298 207.676 238.3 300.395 251.489 286.977 210.962 208.435 186.614 218.783 216.07 210.276
threshold=0.22230802230802235 0.20881782945736438 0.67588409698121032 0.69252932904164666 72.361010042451667 0.83588028404158232 73.276711758549752 0.43306287858037135 0.74476470588235311 0.61392408341939786 57.6877933999763 0.18207142857142861 0.27768465165007866 67.450529198731189
decision_type=10 2 10 10 10 2 10 10 2 10 10 2 2 10
left_child=1 -1 3 4 5 8 7 -6 9 -2 -5 -12 -13 -14
right_child=2 -3 -4 10 6 -7 -8 -9 -10 -11 11 12 13 -15
leaf_value=-0.0091243600489948045 -0.00063782771296446838 -0.00046326241529584728 0.030442808897598931 -0.025598356290641479 0.0044751330558210614 -0.044329499886953276 0.0046996461143534556 0.054113218678217952 -0.034991247536614541 0.033515356072824291 -0.026462683404078251 0.021216802896686843 0.016156218833389413 -0.0037445256523041259
leaf_weight=3108 3427 2252 115 59 88 64 714 99 70 73 61 616 403 449
leaf_count=3108 3427 2252 115 59 88 64 714 99 70 73 61 616 403 449
internal_value=-0.000607457 -0.00548541 0.00358392 0.00307947 0.000899863 -0.00138296 0.0101072 0.0307541 -0.000613054 7.45101e-05 0.00930396 0.0106507 0.0121929 0.00566862
internal_weight=11598 5360 6238 6123 4535 3634 901 187 3570 3500 1588 1529 1468 852
internal_count=11598 5360 6238 6123 4535 3634 901 187 3570 3500 1588 1529 1468 852
is_linear=0
shrinkage=0.02


Tree=164
num_leaves=15
num_cat=0
split_feature=0 8 4 4 4 11 2 11 2 11 9 7 9 11
split_gain=569.337 236.528 283.586 368.048 204.302 178.313 243.859 169.773 302.824 249.847 175.902 180.82 173.308 319.078
threshold=0.22230802230802235 0.60133114284510736 -0.099346042306032681 -0.058489665783211763 0.073164083291676715 67.093750000000014 0.33285371456113361 72.880514705882362 0.26039019042413258 73.718750000000014 0.56118955926401382 5.5000000000000009 0.28667503586800575 71.843750000000014
decision_type=10 2 2 2 2 2 8 2 10 2 2 2 2 2
left_child=1 -1 -3 -4 7 -6 -7 10 -9 -10 12 -12 13 -2
right_child=4 2 3 -5 5 6 -8 8 9 -11 11 -13 -14 -15
leaf_value=-0.0062793498312196019 0.0051237768296385324 -0.010795861499980814 0.076300380867719647 0.007765731035975651 -0.0016959343776844515 -0.0063456813498016665 0.044687855191898683 0.050936546669556541 0.030590491841236748 -0.0086043340586430851 0.04278876455637013 0.0058532519007722539 -0.0037845559392501865 -0.023048951238305609
leaf_weight=5123 3316 103 50 84 101 51 141 78 105 171 82 150 1874 169
leaf_count=5123 3316 103 50 84 101 51 141 78 105 171 82 150 1874 169
internal_value=-0.000595308 -0.0053757 0.0141577 0.0333384 0.00351224 0.0198159 0.0311321 0.00270871 0.0161404 0.00630674 0.00185827 0.018908 0.00112016 0.00375758
internal_weight=11598 5360 237 134 6238 293 192 5945 354 276 5591 232 5359 3485
internal_count=11598 5360 237 134 6238 293 192 5945 354 276 5591 232 5359 3485
is_linear=0
shrinkage=0.02


Tree=165
num_leaves=15
num_cat=0
split_feature=0 9 17 10 8 8 4 4 9 2 0 5 6 9
split_gain=863.578 342.014 250.203 191.336 176.677 305.735 323.419 252.159 242.96 345.827 354.831 184.156 230.234 360.081
threshold=0.38086423148885945 0.20262735490411424 0.24833408113767286 0.1804166666666667 0.77618447027856996 0.67770469839529868 0.073164083291676715 0.033287265675699361 0.39359631147540991 0.72225322347699039 0.75576843874840816 4.5000000000000009 1.0000000180025095e-35 0.19716968741791438
decision_type=10 2 10 2 2 2 2 2 2 10 10 2 2 2
left_child=1 2 -1 -4 5 6 11 -7 9 10 -6 -2 13 -13
right_child=4 -3 3 -5 8 7 -8 -9 -10 -11 -12 12 -14 -15
leaf_value=-0.0086783107950204139 0.0045987035393643605 0.00094205604480807243 -0.0031504226606043559 0.047658259847334454 -0.0056955108635647353 -0.0033469566625796937 0.03525980562016013 -0.049834631301608735 0.032637339574624197 -0.038030420688205752 0.043822017938608217 0.04062076302800785 0.043406209994192153 -0.0015655986088625152
leaf_weight=3914 2573 3206 63 56 129 550 168 51 247 58 105 114 110 279
leaf_count=3914 2573 3206 63 56 129 550 168 51 247 58 105 114 110 279
internal_value=0.000308726 -0.00393373 -0.0078097 0.0207595 0.00731401 0.00581076 0.00823821 -0.00729183 0.0180376 0.00568776 0.0165239 0.00676239 0.0178303 0.0106717
internal_weight=11623 7239 4033 119 4384 3845 3244 601 539 292 234 3076 503 393
internal_count=11623 7239 4033 119 4384 3845 3244 601 539 292 234 3076 503 393
is_linear=0
shrinkage=0.02


Tree=166
num_leaves=15
num_cat=0
split_feature=0 5 7 1 17 18 0 4 5 6 8 14 4 0
split_gain=829.38 307.649 255.641 248.53 225.916 175.673 173.757 172.336 170.294 179.935 166.03 225.082 275.687 164.322
threshold=0.38086423148885945 3.5000000000000004 1.5000000000000002 0.69548499100633399 0.36352759361974468 0.6478942650558267 0.12432437040385484 0.073164083291676715 4.5000000000000009 1.0000000180025095e-35 0.16530262028908985 1.0000000180025095e-35 -0.10356529063072824 0.25351785938675692
decision_type=10 2 2 10 10 10 10 2 2 2 2 8 2 10
left_child=1 4 -3 7 6 -4 -1 8 -2 -10 11 12 -8 -14
right_child=3 2 5 -5 -6 -7 10 -9 9 -11 -12 -13 13 -15
leaf_value=-0.0096511361847518816 0.0034458057565314769 0.018227325424339642 -0.0024154063128808594 0.040060035241974726 0.016882930685366903 0.034890779571713146 0.046566252631759182 0.024281747645657995 0.0098528626882875298 0.036597830210170101 -0.0052504969979192285 -0.0049203607589006423 0.022594806556977952 -0.023084763407574167
leaf_weight=3240 3212 386 1066 90 168 53 103 207 759 116 1835 260 72 56
leaf_count=3240 3212 386 1066 90 168 53 103 207 759 116 1835 260 72 56
internal_value=0.000302552 -0.00385506 0.00419278 0.00716773 -0.00596737 -0.000648447 -0.00665707 0.00647832 0.00557661 0.0133985 -0.00248648 0.0078434 0.0222095 0.00260999
internal_weight=11623 7239 1505 4384 5734 1119 5566 4294 4087 875 2326 491 231 128
internal_count=11623 7239 1505 4384 5734 1119 5566 4294 4087 875 2326 491 231 128
is_linear=0
shrinkage=0.02


Tree=167
num_leaves=15
num_cat=0
split_feature=0 9 1 8 4 4 4 5 9 9 7 2 1 4
split_gain=796.537 323.593 238.689 169.917 344.762 254.767 165.511 163.55 201.731 439.268 229.782 208.897 173.333 183.935
threshold=0.38086423148885945 0.20262735490411424 0.69548499100633399 0.56191914498141282 -0.10049422597331693 -0.075172645972146776 0.073164083291676715 4.5000000000000009 0.44522691705790302 0.43641386238071328 2.5000000000000004 0.7438529123783878 0.53106171442119998 -0.045694060062276311
decision_type=10 2 10 2 2 2 2 2 2 2 2 8 10 2
left_child=1 -1 6 -3 -5 -6 7 8 9 -2 -10 12 13 -12
right_child=2 3 -4 4 5 -7 -8 -9 10 -11 11 -13 -14 -15
leaf_value=-0.0075480992298628917 0.0027250613824144031 -0.0008668520916192765 0.039258834613694088 -0.0079222949265324045 0.066391520094540385 0.01732933750808505 0.023796112873200059 0.013130511797626636 -0.022454914253205064 -0.052421204023442025 0.013194416789429899 0.060753405608382875 -0.015419244643783681 0.055057922526551728
leaf_weight=4033 2788 2768 90 188 54 196 207 875 50 59 152 51 54 58
leaf_count=4033 2788 2768 90 188 54 196 207 875 50 59 152 51 54 58
internal_value=0.000296501 -0.00377796 0.00702437 0.000964708 0.0125395 0.0279268 0.00634876 0.00546508 0.00337689 0.00158223 0.0173752 0.0236974 0.0165389 0.0247567
internal_weight=11623 7239 4384 3206 438 250 4294 4087 3212 2847 365 315 264 210
internal_count=11623 7239 4384 3206 438 250 4294 4087 3212 2847 365 315 264 210
is_linear=0
shrinkage=0.02


Tree=168
num_leaves=15
num_cat=0
split_feature=0 5 3 8 4 3 0 4 1 17 18 3 11 8
split_gain=765.573 335.69 203.214 338.146 323.809 224.239 191.542 190.055 174.627 166.847 148.275 299.531 296.687 140.331
threshold=0.59044595090827789 2.5000000000000004 72.449041172535033 0.6269176083214848 -0.099346042306032681 73.02051885719294 0.10925434058330885 -0.058489665783211763 0.66669924246722512 0.49802334496327216 0.47821094747768472 67.841105835162153 67.468750000000014 0.60859298508322301
decision_type=10 2 8 2 2 8 10 2 10 10 10 8 2 2
left_child=1 6 9 5 -5 -4 -1 -6 -2 10 -3 12 -12 -8
right_child=8 2 3 4 7 -7 13 -9 -10 -11 11 -13 -14 -15
leaf_value=-0.01039587158491243 0.0090443575032429779 -0.0029693163369813843 0.032233343596756454 0.0015878029567439381 0.082927474808692933 0.00079914067674293821 -0.00063497137225235396 0.031399830695408498 0.035893989164050261 0.025209161515037218 0.070147124153544321 -0.016222450809704293 0.005937507569435097 -0.021089166002186379
leaf_weight=2278 2383 3186 100 82 50 984 1965 67 101 93 53 74 63 144
leaf_count=2278 2383 3186 100 82 50 984 1965 67 101 93 53 74 63 144
internal_value=0.000290571 -0.00238546 0.00129749 0.00809825 0.0320621 0.00369897 -0.00637482 0.0534202 0.0101361 -0.00121775 -0.00194575 0.0152179 0.0352747 -0.00203156
internal_weight=11623 9139 4752 1283 199 1084 4387 117 2484 3469 3376 190 116 2109
internal_count=11623 9139 4752 1283 199 1084 4387 117 2484 3469 3376 190 116 2109
is_linear=0
shrinkage=0.02


Tree=169
num_leaves=15
num_cat=0
split_feature=0 9 17 10 9 9 3 2 3 0 3 10 3 6
split_gain=741.021 305.438 231.253 182.817 151.845 364.413 191.718 185.35 177.361 209.747 188.878 208.675 155.908 371.866
threshold=0.38086423148885945 0.20262735490411424 0.24833408113767286 0.1804166666666667 0.44522691705790302 0.43641386238071328 60.876556546299945 0.87560768713524717 57.022351797862008 0.85329487169545659 64.122072496423058 0.52792857142857164 71.324403622539236 1.0000000180025095e-35
decision_type=10 2 10 2 2 2 10 8 10 10 10 2 10 2
left_child=1 2 -1 -4 5 8 -6 -8 -2 12 -11 -12 -10 -14
right_child=4 -3 3 -5 6 -7 7 -9 9 10 11 -13 13 -15
leaf_value=-0.0081430756619774031 -0.020824732004811889 0.00096256042927235161 -0.003213557591513982 0.046451169970844475 0.050008322862908246 -0.03927928546857503 0.0074678174642733583 0.040256400153408818 0.0031450580488550585 0.049117402094529902 0.031657767233394439 -0.010496158301830292 0.0067596953137862414 0.042765401128715838
leaf_weight=3914 95 3206 63 56 60 72 464 81 2583 82 105 85 616 141
leaf_count=3914 95 3206 63 56 60 72 464 81 2583 82 105 85 616 141
internal_value=0.000284759 -0.00364515 -0.00730801 0.0201581 0.00677395 0.00528464 0.0160766 0.012341 0.00615019 0.00685966 0.0237482 0.0127994 0.00548431 0.0134662
internal_weight=11623 7239 4033 119 4384 3779 605 545 3707 3612 272 190 3340 757
internal_count=11623 7239 4033 119 4384 3779 605 545 3707 3612 272 190 3340 757
is_linear=0
shrinkage=0.02


Tree=170
num_leaves=15
num_cat=0
split_feature=13 5 10 11 1 2 9 9 4 11 11 4 0 10
split_gain=601.917 334.244 243.31 223.634 232.498 220.823 306.289 294.235 275.697 265.334 427.982 322.25 278.75 236.548
threshold=1.0000000180025095e-35 3.5000000000000004 0.15915032679738564 71.500000000000014 0.49380081297534001 0.64164365727921868 0.29196729196729204 0.28277539795864409 -0.11505556274905802 68.79411764705884 70.393382352941188 -0.15992468886540298 0.50441954712421422 0.40533333333333338
decision_type=10 2 2 2 10 8 2 2 2 2 2 2 8 2
left_child=-1 2 -2 -4 -5 6 7 8 9 11 -11 -3 -12 -13
right_child=1 5 3 4 -6 -7 -8 -9 -10 10 12 13 -14 -15
leaf_value=-0.0064134801645952637 -0.011069692008174058 -0.0085853241916482494 -0.00047892358069349906 0.0089096930596226295 0.050952728025741502 0.014493250926974051 -0.0054598424276248751 0.040548855310730769 -0.00029982912087083753 0.085599211431899164 0.048452972499653697 -0.0024466576599157775 -0.009496432996314504 0.051588716489631078
leaf_weight=3781 721 198 2963 486 59 1276 844 114 802 53 64 52 69 86
leaf_count=3781 721 198 2963 486 59 1276 844 114 802 53 64 52 69 86
internal_value=0.000133649 0.00331263 -0.000488053 0.00168679 0.0134611 0.00783007 0.0041043 0.00971774 0.0070631 0.0183755 0.0375403 0.0077664 0.018389 0.0312276
internal_weight=11568 7787 4229 3508 545 3558 2282 1438 1324 522 186 336 133 138
internal_count=11568 7787 4229 3508 545 3558 2282 1438 1324 522 186 336 133 138
is_linear=0
shrinkage=0.02


Tree=171
num_leaves=15
num_cat=0
split_feature=13 5 3 3 16 10 7 9 0 9 9 8 9 4
split_gain=578.081 322.14 316.976 293.484 261.69 256.236 244.557 235.125 225.334 238.923 268.2 210.558 199.159 192.319
threshold=1.0000000180025095e-35 4.5000000000000009 67.841105835162153 67.093846112362897 1.0000000180025095e-35 0.16265625000000003 10.500000000000002 0.11606636415201363 0.69620548966737328 0.28667503586800575 0.45352014233066468 0.44019713907921632 0.06795444051100509 -0.16960285149660839
decision_type=10 2 10 10 10 2 2 2 10 2 2 2 2 2
left_child=-1 4 3 -3 5 12 13 -7 -9 -10 11 -11 -2 -4
right_child=1 2 6 -5 -6 7 -8 8 9 10 -12 -13 -14 -15
leaf_value=-0.0062852106477344905 0.0096429467218459696 0.019042357417446618 -0.016267481875347805 0.068866664560941551 0.024621976601968833 -0.010564269564416362 -0.020296138535950567 0.0017895145900613061 0.023486118012210913 0.029073414929487087 0.025359088240845786 -0.01411039831621262 -0.014476265278311296 0.018326771547396977
leaf_weight=3781 173 522 83 52 192 506 143 4262 434 54 148 276 657 285
leaf_count=3781 173 522 83 52 192 506 143 4262 434 54 148 276 657 285
internal_value=0.000130976 0.00324637 0.0133565 0.0235561 0.00160963 0.000930926 0.00189938 0.00244771 0.00372024 0.012743 0.00298879 -0.00704396 -0.00944901 0.0105243
internal_weight=11568 7787 1085 574 6702 6510 511 5680 5174 912 478 330 830 368
internal_count=11568 7787 1085 574 6702 6510 511 5680 5174 912 478 330 830 368
is_linear=0
shrinkage=0.02


Tree=172
num_leaves=15
num_cat=0
split_feature=12 10 8 16 18 17 0 6 11 11 1 2 8 9
split_gain=542.753 301.409 299.158 368.805 299.755 262.519 291.684 317.625 254.979 271.139 222.911 205.162 198.503 247.088
threshold=1.0000000180025095e-35 0.15915032679738564 0.12396240653083626 0.59925034486684681 0.82351798635720785 0.72122052185346275 0.69620548966737328 1.0000000180025095e-35 72.818014705882362 73.281250000000014 0.61392408341939786 0.47796135419386437 0.14628898729303044 0.13136324417601383
decision_type=8 2 2 10 10 10 8 2 2 2 10 8 2 2
left_child=1 12 -3 4 5 6 7 8 10 -10 -4 -8 13 -1
right_child=-2 2 3 -5 -6 -7 11 -9 9 -11 -12 -13 -14 -15
leaf_value=0.020816028860432132 -0.0057897330222434918 -0.016282527281749296 -0.0039682912085714714 0.047192175500094892 0.053301346500714615 0.048942374907574568 -0.020842792930293688 0.011219300979310535 0.057568698061837092 0.0068409348189985997 0.033751549276057634 0.012070015885858727 -0.013872705636006032 -0.028246194980022583
leaf_weight=162 4036 261 3013 84 51 53 79 1004 54 192 64 1846 614 55
leaf_count=162 4036 261 3013 84 51 53 79 1004 54 192 64 1846 614 55
internal_value=0.000128356 0.00329955 0.00470846 0.00555918 0.00500896 0.00461833 0.00424259 0.00136122 -0.00161727 0.0179763 -0.00318374 0.0107193 -0.00806159 0.0083809
internal_weight=11568 7532 6701 6440 6356 6305 6252 4327 3323 246 3077 1925 831 217
internal_count=11568 7532 6701 6440 6356 6305 6252 4327 3323 246 3077 1925 831 217
is_linear=0
shrinkage=0.02


Tree=173
num_leaves=15
num_cat=0
split_feature=5 0 17 0 8 9 18 11 9 0 0 16 9 18
split_gain=524.838 393.314 270.217 212.107 224.322 215.751 250.619 180.634 170.346 218.36 166.32 163.736 162.391 165.226
threshold=3.5000000000000004 0.14529114203658289 0.54502575501242101 0.69252932904164666 0.27351678376268546 0.34979674796747973 0.58833125451412838 72.880514705882362 0.4491379310344828 0.63091815171068744 0.24147072625038665 0.1437139482650609 0.55195681511470995 0.77559273226161374
decision_type=2 10 10 8 2 2 10 2 2 10 10 10 2 10
left_child=1 -1 11 5 -5 6 7 -2 -7 -10 -4 12 13 -3
right_child=3 2 10 4 -6 8 -8 -9 9 -11 -12 -13 -14 -15
leaf_value=-0.0078485273331291832 0.0026480511955126159 -0.001222226005071738 0.0074382881194353101 -0.021203519615191447 0.013381893720860493 -0.017535418535874793 0.041954500830336798 0.029411371640652138 -0.0055677352940816903 0.036976151285601444 0.058525938850182757 0.026993867139239888 0.032749395078774224 0.034352182925872082
leaf_weight=3562 1762 3563 50 79 1487 338 73 107 231 61 52 91 59 53
leaf_count=3562 1762 3563 50 79 1487 338 73 107 231 61 52 91 59 53
internal_value=0.000125789 -0.00305339 0.00136241 0.00583417 0.0116372 0.00230093 0.00560019 0.00418025 -0.00786916 0.00331986 0.033483 0.00049244 -0.000163785 -0.000700809
internal_weight=11568 7430 3868 4138 1566 2572 1942 1869 630 292 102 3766 3675 3616
internal_count=11568 7430 3868 4138 1566 2572 1942 1869 630 292 102 3766 3675 3616
is_linear=0
shrinkage=0.02


Tree=174
num_leaves=15
num_cat=0
split_feature=13 5 3 3 16 7 10 17 9 3 2 8 16 3
split_gain=518.363 297.119 302.379 282.274 240.286 234.419 234.342 281.268 230.071 243.361 213.104 198.235 196.476 195.367
threshold=1.0000000180025095e-35 4.5000000000000009 67.841105835162153 67.093846112362897 1.0000000180025095e-35 10.500000000000002 0.16265625000000003 0.72122052185346275 0.13530950305143857 63.545330066180078 0.13692018618887605 0.87889278116058989 0.66097127120341115 64.122072496423058
decision_type=10 2 10 10 10 2 2 10 2 8 10 2 10 8
left_child=-1 4 3 -3 6 -4 -2 8 9 -8 -6 13 -12 -10
right_child=1 2 5 -5 10 -7 7 -9 11 -11 12 -13 -14 -15
leaf_value=-0.0059524735865259283 -0.009075453516757901 0.018318191577334286 0.01003695166224371 0.067181718441156252 -0.0033495033848775575 -0.020137902296610645 0.01676802645061886 0.046902657132595782 -0.0051886366644748752 -0.014036464263663099 0.016632178246974945 0.032981800564219441 0.068250599348986599 0.0048745973802208882
leaf_weight=3781 830 522 368 52 73 143 124 56 965 594 65 89 54 3852
leaf_count=3781 830 522 368 52 73 143 124 56 965 594 65 89 54 3852
internal_value=0.000123273 0.00307337 0.0127829 0.0227449 0.00150148 0.00159272 0.00085112 0.00230166 0.00185755 -0.00871647 0.0235527 0.00340507 0.0400557 0.00285861
internal_weight=11568 7787 1085 574 6702 511 6510 5680 5624 718 192 4906 119 4817
internal_count=11568 7787 1085 574 6702 511 6510 5680 5624 718 192 4906 119 4817
is_linear=0
shrinkage=0.02


Tree=175
num_leaves=15
num_cat=0
split_feature=0 5 9 2 6 8 3 2 1 8 13 0 3 17
split_gain=607.884 196.268 239.185 183.738 244.73 281.632 288.01 247.129 254.824 262.031 201.557 189.41 202.678 184.515
threshold=0.21891556558001168 3.5000000000000004 0.47297077922077929 0.80223407894759025 1.0000000180025095e-35 0.16727718360071306 67.354485566609 0.48259206142427885 0.45605842767075427 0.4893166656275329 2.5000000000000004 0.49694044187681835 61.221055274772873 0.57081267439522831
decision_type=10 2 2 10 2 2 10 10 10 2 10 10 10 10
left_child=1 -1 -3 4 13 6 -6 11 9 -9 -5 12 -7 -2
right_child=3 2 -4 10 5 7 -8 8 -10 -11 -12 -13 -14 -15
leaf_value=-0.0068111614921940334 0.00076419566699781978 0.00063985763689373976 0.041100290658928104 -0.012853684926130734 0.0073116980051552809 -0.030361932891386525 0.070730881018289282 0.015953368115674785 -0.0097404949912210798 0.055276473010978044 0.027983902846403067 -0.017939895216351861 0.010194269031582943 0.03795008654947634
leaf_weight=4471 4609 808 63 61 54 54 61 188 82 106 233 157 565 54
leaf_count=4471 4609 808 63 61 54 54 61 188 82 106 233 157 565 54
internal_value=-0.000169967 -0.00511913 0.00356639 0.00407785 0.00331271 0.0111073 0.0409514 0.00812801 0.0214357 0.0301311 0.0195108 0.00167997 0.00665625 0.00119483
internal_weight=11566 5342 871 6224 5930 1267 115 1152 376 294 294 776 619 4663
internal_count=11566 5342 871 6224 5930 1267 115 1152 376 294 294 776 619 4663
is_linear=0
shrinkage=0.02


Tree=176
num_leaves=15
num_cat=0
split_feature=0 18 16 0 17 10 5 9 9 6 7 9 14 0
split_gain=583.812 323.201 251.93 206.486 214.084 200.32 188.495 229.714 170.509 148.412 275.4 292.269 173.678 161.102
threshold=0.21891556558001168 0.72586255620153983 0.58695003644057298 0.69252932904164666 0.57081267439522831 0.74058823529411777 3.5000000000000004 0.47297077922077929 0.4316457129912788 1.0000000180025095e-35 5.5000000000000009 0.1585923005565863 1.0000000180025095e-35 0.68397029136973087
decision_type=10 10 10 10 10 2 2 2 2 2 2 2 8 10
left_child=6 2 3 4 5 9 -1 8 -8 13 -11 -12 -13 -2
right_child=1 -3 -4 -5 -6 -7 7 -9 -10 10 11 12 -14 -15
leaf_value=-0.0066749383253930676 -0.00038888769808442819 0.044191904267932791 0.044261062463124591 0.0093386171443548532 0.034418330756823219 -0.024513640886261349 0.0030366289738821923 0.040278285155220639 -0.034404358640313153 -0.0094093585080013437 -0.018665016717032384 0.026026904227250257 0.00380399765316307 -0.033736601663848099
leaf_weight=4471 3246 79 60 1565 75 126 756 63 52 273 95 439 207 59
leaf_count=4471 3246 79 60 1565 75 126 756 63 52 273 95 439 207 59
internal_value=-0.000166567 0.00399629 0.00347954 0.00307742 0.000909552 0.000344162 -0.00501675 0.00349506 0.00062706 0.00106935 0.00776263 0.0140892 0.0189059 -0.000984202
internal_weight=11566 6224 6145 6085 4520 4445 5342 871 808 4319 1014 741 646 3305
internal_count=11566 6224 6145 6085 4520 4445 5342 871 808 4319 1014 741 646 3305
is_linear=0
shrinkage=0.02


Tree=177
num_leaves=15
num_cat=0
split_feature=0 18 16 2 13 6 7 8 8 13 17 0 3 2
split_gain=560.693 310.402 241.953 211.219 201.623 200.906 232.721 231.726 212.648 180.284 183.435 182.79 263.812 238.658
threshold=0.21891556558001168 0.72586255620153983 0.58695003644057298 0.80223407894759025 2.5000000000000004 1.0000000180025095e-35 5.5000000000000009 0.16727718360071306 0.19746095410485351 1.0000000180025095e-35 0.57081267439522831 0.54609869308098757 62.02123761967438 0.49640968353659426
decision_type=10 10 10 10 10 2 2 2 2 8 10 10 10 10
left_child=-1 2 3 5 -5 9 -7 -8 -9 -2 11 12 13 -11
right_child=1 -3 -4 4 -6 6 7 8 -10 10 -12 -13 -14 -15
leaf_value=-0.0049164103006417385 -0.033083707812766081 0.043308066518246369 0.043375840862592066 -0.012772284753498484 0.028090202190816919 -0.0053579897560917271 0.045961698986151642 -0.014743450235472907 0.015248081768062019 0.024637082295048806 0.037709574603809498 0.0044353430255612333 -0.0061168109032188446 -0.023982363045215609
leaf_weight=5342 64 79 60 61 232 318 85 109 714 210 53 2170 2019 50
leaf_count=5342 64 79 60 61 232 318 85 109 714 210 53 2170 2019 50
internal_value=-0.000163236 0.00391637 0.00340995 0.00301587 0.019583 0.00217779 0.00936623 0.014523 0.0112759 0.000247651 0.000721486 0.000280855 -0.00367493 0.0152872
internal_weight=11566 6224 6145 6085 293 5792 1226 908 823 4566 4502 4449 2279 260
internal_count=11566 6224 6145 6085 293 5792 1226 908 823 4566 4502 4449 2279 260
is_linear=0
shrinkage=0.02


Tree=178
num_leaves=15
num_cat=0
split_feature=0 18 16 2 6 7 3 2 11 11 5 4 7 17
split_gain=538.489 298.11 232.372 202.855 192.95 223.506 213.4 265.953 259.904 236.39 181.031 194.057 220.845 172.481
threshold=0.21891556558001168 0.72586255620153983 0.58695003644057298 0.80223407894759025 1.0000000180025095e-35 5.5000000000000009 65.988070990608307 0.37010837050731321 70.849264705882362 71.906250000000014 3.5000000000000004 -0.20106184689849704 3.5000000000000004 0.57081267439522831
decision_type=10 10 10 10 2 2 10 10 2 2 2 2 2 10
left_child=10 2 3 4 13 -6 7 -7 -8 -10 -1 -12 -13 -2
right_child=1 -3 -4 -5 5 6 8 -9 9 -11 11 12 -14 -15
leaf_value=-0.0064431113451301637 -0.000182553144941331 0.04244190483153621 0.04250832478205363 0.019191335421754843 -0.0052508297670814177 -0.017457842852633736 0.01457477376912184 0.017658070646265008 0.077344975903172769 0.022123564619242267 -0.021837349744197331 0.017519777751318657 -0.0039786519713440145 0.035774745868036043
leaf_weight=4471 4512 79 60 293 318 156 434 193 57 68 106 392 373 54
leaf_count=4471 4512 79 60 293 318 156 434 193 57 68 106 392 373 54
internal_value=-0.000159971 0.00383804 0.00334175 0.00295556 0.00213424 0.00917891 0.0142325 0.00196156 0.0218936 0.0473045 -0.00481808 0.00352349 0.00703754 0.000242697
internal_weight=11566 6224 6145 6085 5792 1226 908 349 559 125 5342 871 765 4566
internal_count=11566 6224 6145 6085 5792 1226 908 349 559 125 5342 871 765 4566
is_linear=0
shrinkage=0.02


Tree=179
num_leaves=15
num_cat=0
split_feature=0 18 16 0 10 17 5 9 3 9 11 5 0 11
split_gain=517.165 286.305 223.17 189.844 198.883 184.553 173.862 220.224 164.191 186.434 197.515 192.893 184.674 172.975
threshold=0.21891556558001168 0.72586255620153983 0.58695003644057298 0.69252932904164666 0.74058823529411777 0.57081267439522831 3.5000000000000004 0.47297077922077929 57.6877933999763 0.27543103448275869 63.090073529411775 3.5000000000000004 0.92463552353347023 64.909926470588246
decision_type=10 10 10 10 2 10 2 2 10 2 2 2 10 2
left_child=6 2 3 4 5 -2 -1 -8 -5 10 -10 -11 -13 -12
right_child=1 -3 -4 8 -6 -7 7 -9 9 11 13 12 -14 -15
leaf_value=-0.0063142491489401147 0.0009880616570588246 0.041593066588798654 0.041658157472809154 -0.022730949722112172 -0.023956715871417331 0.032632532371332248 0.00064488328426228012 0.039468443715383134 0.05311317305443651 -0.023849346973001957 -0.008688760447100952 0.0042435066388982132 0.039509175896644592 0.019679951366532836
leaf_weight=4471 4319 79 60 63 126 75 808 63 59 89 104 689 65 496
leaf_count=4471 4319 79 60 63 126 75 808 63 59 89 104 689 65 496
internal_value=-0.000156772 0.00376128 0.00327492 0.00289644 0.000817773 0.00152819 -0.00472172 0.00345302 0.00890002 0.0102268 0.0181962 0.00399677 0.00728365 0.0147627
internal_weight=11566 6224 6145 6085 4520 4394 5342 871 1565 1502 659 843 754 600
internal_count=11566 6224 6145 6085 4520 4394 5342 871 1565 1502 659 843 754 600
is_linear=0
shrinkage=0.02


Tree=180
num_leaves=15
num_cat=0
split_feature=18 18 17 16 5 0 9 10 9 9 10 4 9 10
split_gain=319.525 298.041 179.649 180.607 199.25 190.159 147.303 253.145 144.982 492.567 211.068 203.291 137.756 196.931
threshold=0.82351798635720785 0.086994293652105856 0.48659826799921818 0.46665079715506008 2.5000000000000004 0.46877360266620821 0.28246431189890892 0.20156250000000003 0.40958142576847617 0.41690476190476194 0.73968750000000016 -0.31513489210651485 0.4491379310344828 0.65207142857142875
decision_type=10 8 10 10 2 8 2 2 2 2 2 2 2 2
left_child=1 2 3 5 -5 -1 7 -4 10 -10 11 -7 13 -11
right_child=-2 -3 6 4 -6 8 -8 -9 9 12 -12 -13 -14 -15
leaf_value=-0.0032858857072148792 0.038321583932265639 -0.0050016831815731981 -7.4338345300583612e-07 -0.0031571695208549499 0.044877004906153067 0.03892471475116277 -0.0080989092284882522 0.052769448760637022 0.063160005405996783 -0.028695178049959635 -0.036031487478038013 0.0014386199114038095 0.011763183987652397 0.0079202651552093967
leaf_weight=2858 84 4292 63 62 78 59 54 86 66 95 59 3016 574 154
leaf_count=2858 84 4292 63 62 78 59 54 86 66 95 59 3016 574 154
internal_value=-0.00054396 -0.000827453 0.00165258 0.00111629 0.0236047 0.000658745 0.0202009 0.0304572 0.00346107 0.0105898 0.00143892 0.00215787 0.00637393 -0.00604948
internal_weight=11600 11516 7224 7021 140 6881 203 149 4023 889 3134 3075 823 249
internal_count=11600 11516 7224 7021 140 6881 203 149 4023 889 3134 3075 823 249
is_linear=0
shrinkage=0.02


Tree=181
num_leaves=15
num_cat=0
split_feature=12 9 16 10 3 8 13 6 3 8 1 8 4 8
split_gain=342.144 261.083 201.357 172.163 168.328 150.919 250.238 333.786 315.653 256.595 228.032 211.22 320.537 204.78
threshold=1.0000000180025095e-35 0.011126137201868702 0.54815700483066665 0.2614583333333334 54.135135135135144 0.4596610032851644 2.5000000000000004 1.0000000180025095e-35 61.643412074198537 0.54652920962199325 0.15538223514983632 0.60456624603534836 -0.050755341455523011 0.44019713907921632
decision_type=8 2 10 2 8 2 10 2 8 2 8 2 2 2
left_child=1 -1 4 -4 -3 13 7 10 9 -8 -7 12 -12 -6
right_child=-2 2 3 -5 5 6 8 -9 -10 -11 11 -13 -14 -15
leaf_value=0.043908182352276171 -0.0051874789336199866 -0.030528734376033151 0.0044017069433864792 0.05447671327950819 -0.0001547194806202597 -0.016342881295350518 0.059213498961485804 0.062585087090730671 -0.00029823374632525742 0.011648153245112315 0.056463927340049014 0.0083615157353677284 -0.0028857175713138923 -0.022920833698050546
leaf_weight=59 4090 66 57 53 3747 101 61 55 2423 177 104 386 56 165
leaf_count=59 4090 66 57 53 3747 101 61 55 2423 177 104 386 56 165
internal_value=-0.000533081 0.00200174 0.00166991 0.0285288 0.00126744 0.0015559 0.00466276 0.0152845 0.00186063 0.0238393 0.0112636 0.0163703 0.0356916 -0.00111495
internal_weight=11600 7510 7451 110 7341 7275 3363 702 2661 238 647 546 160 3912
internal_count=11600 7510 7451 110 7341 7275 3363 702 2661 238 647 546 160 3912
is_linear=0
shrinkage=0.02


Tree=182
num_leaves=15
num_cat=0
split_feature=12 18 9 16 2 3 17 3 2 11 11 3 1 5
split_gain=328.595 304.618 177.703 198.855 166.609 157.784 133.198 414.954 161.803 169.453 186.967 184.689 159.488 286.657
threshold=1.0000000180025095e-35 0.82351798635720785 0.011126137201868702 0.54815700483066665 0.22005861326870935 54.135135135135144 0.32233474451224059 64.861639486266014 0.54533280395436645 73.718750000000014 63.483455882352949 62.590474753994485 0.47061423864723523 4.5000000000000009
decision_type=8 10 2 10 10 8 10 10 8 2 2 10 10 2
left_child=1 2 -1 5 -5 -4 8 -8 -7 10 11 -10 13 -12
right_child=-2 -3 3 4 -6 6 7 -9 9 -11 12 -13 -14 -15
leaf_value=0.037031288317271642 -0.0050837294816763615 0.040298570712528577 -0.029918160032142295 0.0019628823147370264 0.051264307904860064 -0.0022239382366957767 -0.031072441462362023 0.030889093810120109 0.044799732065087632 0.029788120726541596 -0.0041335045234038026 0.0082694366926176315 0.01014071926297965 0.015203342122667819
leaf_weight=56 4090 82 66 52 58 3691 57 179 79 98 1865 185 675 367
leaf_count=56 4090 82 66 52 58 3691 57 179 79 98 1865 185 675 367
internal_value=-0.00052242 0.0019617 0.00153849 0.00126888 0.0279582 0.000864603 0.00114694 0.0159238 0.000645881 0.00388617 0.00308567 0.0192009 0.00162216 -0.000954014
internal_weight=11600 7510 7428 7372 110 7262 7196 236 6960 3269 3171 264 2907 2232
internal_count=11600 7510 7428 7372 110 7262 7196 236 6960 3269 3171 264 2907 2232
is_linear=0
shrinkage=0.02


Tree=183
num_leaves=15
num_cat=0
split_feature=12 18 9 16 10 0 3 10 17 3 3 0 9 9
split_gain=315.582 292.555 170.666 190.98 164.366 152.693 337.414 259.294 189.187 327.643 186.128 153.289 132.388 310.854
threshold=1.0000000180025095e-35 0.82351798635720785 0.011126137201868702 0.54815700483066665 0.2614583333333334 0.46877360266620821 57.022351797862008 0.13811764705882354 0.32233474451224059 64.861639486266014 61.336438140082009 0.66935192649961817 0.39619252873563221 0.28277539795864409
decision_type=8 10 2 10 2 8 8 2 10 10 8 8 2 2
left_child=1 2 -1 5 -5 8 -7 11 -4 -10 12 -8 13 -9
right_child=-2 -3 3 4 -6 6 7 10 9 -11 -12 -13 -14 -15
leaf_value=0.036290661655366423 -0.0049820547817015347 0.03949259926633137 -0.003483679562166908 0.0038246484179245799 0.052752583049378306 -0.03490468298283856 0.00045098458727200829 0.032835728482255695 -0.027147046972404824 0.028892362288743083 0.0044310341032809007 -0.036821717994828383 0.046974447883092435 -0.022556151967615849
leaf_weight=56 4090 82 3192 57 53 89 84 117 55 173 3332 93 65 62
leaf_count=56 4090 82 3192 57 53 89 84 117 55 173 3332 93 65 62
internal_value=-0.000511971 0.00192247 0.00150772 0.0012435 0.027399 0.000847311 0.0035835 0.00449622 -0.0022265 0.0153741 0.00566578 -0.019133 0.0225272 0.0136497
internal_weight=11600 7510 7428 7372 110 7262 3842 3753 3420 228 3576 177 244 179
internal_count=11600 7510 7428 7372 110 7262 3842 3753 3420 228 3576 177 244 179
is_linear=0
shrinkage=0.02


Tree=184
num_leaves=15
num_cat=0
split_feature=12 18 9 16 2 3 0 17 3 3 3 11 9 13
split_gain=303.085 280.97 163.908 183.417 159.054 147.442 158.129 178.835 314.668 166.665 165.521 241.602 170.375 153.369
threshold=1.0000000180025095e-35 0.82351798635720785 0.011126137201868702 0.54815700483066665 0.22005861326870935 54.135135135135144 0.46877360266620821 0.32233474451224059 64.861639486266014 57.022351797862008 61.336438140082009 66.218750000000014 0.17675204052913035 2.5000000000000004
decision_type=8 10 2 10 10 8 8 10 10 8 8 2 2 10
left_child=1 2 -1 5 -5 -4 7 -7 -9 -8 11 -11 -12 -14
right_child=-2 -3 3 4 -6 6 9 8 -10 10 12 -13 13 -15
leaf_value=0.03556484945650612 -0.004882413793253897 0.038702747670979039 -0.028926391222260216 0.0014519448005236113 0.049622635543346408 -0.003274137073852228 -0.030663243366236034 -0.026604106163436718 0.028314515113335298 0.045016358139691875 -0.0048467606111875453 0.0048358007306057325 0.014865897457551708 0.0032005541190733484
leaf_weight=56 4090 82 66 52 58 3160 55 55 173 96 798 159 572 2128
leaf_count=56 4090 82 66 52 58 3160 55 55 173 96 798 159 572 2128
internal_value=-0.000501732 0.00188402 0.00147757 0.00121863 0.026851 0.000830365 0.00110329 -0.00203987 0.0150666 0.00389977 0.00440629 0.0199626 0.00327226 0.00567188
internal_weight=11600 7510 7428 7372 110 7262 7196 3388 228 3808 3753 255 3498 2700
internal_count=11600 7510 7428 7372 110 7262 7196 3388 228 3808 3753 255 3498 2700
is_linear=0
shrinkage=0.02


Tree=185
num_leaves=15
num_cat=0
split_feature=0 17 5 8 4 4 8 3 11 7 16 14 3 3
split_gain=305.712 294.7 249.194 280.954 253.882 217.82 163.033 155.725 208.794 179.176 154.409 197.19 147.311 134.518
threshold=0.052626491163695326 0.71768572973858669 4.5000000000000009 0.87889278116058989 -0.18477414836259851 -0.15634644948240237 0.66362594037896783 67.841105835162153 67.60477941176471 9.5000000000000018 0.2604993732355364 1.0000000180025095e-35 65.456704389673931 69.625439641646778
decision_type=8 10 2 2 2 2 2 10 2 2 10 10 10 10
left_child=-1 2 3 10 6 -6 -4 8 -7 -9 -2 -12 -10 -11
right_child=1 -3 4 -5 5 7 -8 9 12 13 11 -13 -14 -15
leaf_value=-0.0090841296717044211 -0.0010839781717925077 0.039329633921850474 0.0037500786377971337 0.033164836487384761 0.045640955367420293 0.03219753343012121 -0.031711705062319247 0.011546069842900013 -0.0063008217708635577 -0.040388383773240173 0.033326065840951186 -0.011970974689927595 0.028578056345383324 -0.0006873207936684291
leaf_weight=1334 8730 80 133 99 79 236 85 286 148 55 114 58 72 90
leaf_count=1334 8730 80 133 99 79 236 85 286 148 55 114 58 72 90
internal_value=-7.71826e-05 0.00109333 0.000792991 -0.000341624 0.00941856 0.0138181 -0.0100768 0.0109838 0.019131 0.00236417 -0.000714252 0.0180515 0.00511408 -0.0157463
internal_weight=11599 10265 10185 9001 1184 966 218 887 456 431 8902 172 220 145
internal_count=11599 10265 10185 9001 1184 966 218 887 456 431 8902 172 220 145
is_linear=0
shrinkage=0.02


Tree=186
num_leaves=15
num_cat=0
split_feature=5 8 17 4 4 8 14 16 11 11 9 8 9 11
split_gain=285.49 282.749 247.212 217.746 179.615 172.109 165.196 249.994 173.904 204.551 196.419 306.449 155.578 144.319
threshold=4.5000000000000009 0.87889278116058989 0.71768572973858669 -0.18477414836259851 -0.15634644948240237 0.66362594037896783 1.0000000180025095e-35 0.2020923641174352 60.250000000000007 65.63786764705884 0.073119511263841169 0.25085034013605451 0.11606636415201363 65.454044117647072
decision_type=2 2 10 2 2 2 8 10 2 2 2 2 2 2
left_child=1 2 6 5 -5 -2 7 8 -1 13 11 -11 -12 -10
right_child=3 -3 -4 4 -6 -7 -8 -9 9 10 12 -13 -14 -15
leaf_value=0.030864600189444095 0.0053049373281980625 0.032501540141876298 0.032307177269181538 0.041773548541981502 0.01066694366066496 -0.031077470415655305 -0.0043945300700471866 0.027666251735011142 -0.0065064084193621197 0.04194336233269267 -0.013929999077935582 -0.0035416769349979143 0.0016626027128143989 -0.040350351665379869
leaf_weight=72 134 99 86 81 891 85 4899 134 1027 119 276 118 3525 53
leaf_count=72 134 99 86 81 891 85 4899 134 1027 119 276 118 3525 53
internal_value=-7.5639e-05 -0.00113706 -0.0014601 0.00919998 0.0132592 -0.00881609 -0.00174416 0.000694631 -1.74601e-06 -0.000435974 0.00163183 0.0192968 0.000530385 -0.00816727
internal_weight=11599 10408 10309 1191 972 219 10223 5324 5190 5118 4038 237 3801 1080
internal_count=11599 10408 10309 1191 972 219 10223 5324 5190 5118 4038 237 3801 1080
is_linear=0
shrinkage=0.02


Tree=187
num_leaves=15
num_cat=0
split_feature=0 17 5 8 4 4 8 3 7 3 3 8 9 3
split_gain=289.439 273.482 229.174 258.894 234.714 201.601 150.089 149.558 172.081 129.191 110.893 106.351 103.581 149.224
threshold=0.052626491163695326 0.71768572973858669 4.5000000000000009 0.87889278116058989 -0.18477414836259851 -0.15634644948240237 0.66362594037896783 67.841105835162153 9.5000000000000018 69.625439641646778 54.135135135135144 0.10062292679163774 0.29447848298654761 72.300852234904738
decision_type=8 10 2 2 2 2 2 10 2 8 8 2 2 10
left_child=-1 2 3 10 6 -6 -4 -7 12 -10 -2 -12 13 -9
right_child=1 -3 4 -5 5 7 -8 8 9 -11 11 -13 -14 -15
leaf_value=-0.0088380804164558541 -0.024260584280083451 0.037898915849626062 0.0035689781637008029 0.031851509315798984 0.043892665587459939 0.018534998425421417 -0.030455920411821675 0.0037476113370873711 -0.039793955342336138 -0.00088691362076335491 -0.0097368204861115176 6.0608805327791608e-05 -0.0011895613138164793 0.044247682232787647
leaf_weight=1334 79 80 133 99 79 456 85 77 55 90 468 8355 140 69
leaf_count=1334 79 80 133 99 79 456 85 77 55 90 468 8355 140 69
internal_value=-7.41262e-05 0.0010648 0.000775483 -0.000312602 0.00904732 0.0132775 -0.00969761 0.0105508 0.00210354 -0.0156448 -0.000670302 -0.000459078 0.0111018 0.0228881
internal_weight=11599 10265 10185 9001 1184 966 218 887 431 145 8902 8823 286 146
internal_count=11599 10265 10185 9001 1184 966 218 887 431 145 8902 8823 286 146
is_linear=0
shrinkage=0.02


Tree=188
num_leaves=15
num_cat=0
split_feature=0 5 4 1 4 3 3 11 1 1 3 1 3 16
split_gain=277.978 207.191 202.132 198.395 163.934 148.42 143.636 200.526 156.43 145.255 179.376 236.051 141.478 140.156
threshold=0.052626491163695326 4.5000000000000009 -0.18477414836259851 0.69548499100633399 -0.15634644948240237 70.522219282383517 67.841105835162153 67.60477941176471 0.21318508199191735 0.48889455540208759 71.280265967397 0.26145464815111263 65.456704389673931 0.2604993732355364
decision_type=8 2 2 10 2 8 10 2 8 10 10 8 10 10
left_child=-1 3 5 13 -4 -3 7 8 -6 10 11 -8 -9 -2
right_child=1 2 4 -5 6 -7 9 12 -10 -11 -12 -13 -14 -15
leaf_value=-0.0086613189337169123 -0.00060495071371019168 0.0042878105768757151 0.040063184021201764 0.032194327562557239 0.061599102467298508 -0.029731895756430742 -0.027766074664735546 -0.0067588446805303968 0.022313364032812862 -0.022258653471246365 0.022190001301987228 0.01828976550823953 0.027422455992135737 0.017572246237814084
leaf_weight=1334 8829 137 81 76 52 82 96 148 184 80 172 83 72 173
leaf_count=1334 8829 137 81 76 52 82 96 148 184 80 172 83 72 173
internal_value=-7.26437e-05 0.00104351 0.00890139 1.60451e-05 0.012827 -0.00845016 0.0103398 0.0181643 0.0309695 0.00206147 0.00760452 -0.00641057 0.00442776 -0.000255622
internal_weight=11599 10265 1187 9078 968 219 887 456 236 431 351 179 220 9002
internal_count=11599 10265 1187 9078 968 219 887 456 236 431 351 179 220 9002
is_linear=0
shrinkage=0.02


Tree=189
num_leaves=15
num_cat=0
split_feature=0 5 4 1 1 2 14 3 6 3 11 1 1 1
split_gain=266.97 198.986 194.128 190.538 158.153 179.178 164.017 142.542 140.312 131.582 122.403 122.159 231.221 145.62
threshold=0.052626491163695326 4.5000000000000009 -0.18477414836259851 0.69548499100633399 0.49380081297534001 0.48911175886709951 1.0000000180025095e-35 70.522219282383517 1.0000000180025095e-35 69.297871856362107 60.250000000000007 0.41906933548306941 0.35588215177909666 0.29979712748288084
decision_type=8 2 2 10 10 8 10 8 2 10 2 10 10 10
left_child=-1 3 7 10 5 6 -4 -3 11 -6 -2 12 13 -7
right_child=1 2 4 -5 9 8 -8 -9 -10 -11 -12 -13 -14 -15
leaf_value=-0.008488092157051437 0.01940275265753269 0.0042020544969905036 -0.00087505115623924838 0.031550440930418276 0.0082416546374692451 0.01540080698618952 0.036043451382168412 -0.029137257882734625 0.053361984455989581 -0.028074348417501293 -0.00052725396939971717 0.042528172780441333 -0.021741724743654857 0.053413878044486052
leaf_weight=1334 125 137 283 76 112 208 58 82 59 62 8877 79 57 50
leaf_count=1334 125 137 283 76 112 208 58 82 59 62 8877 79 57 50
internal_value=-7.11908e-05 0.00102264 0.00872336 1.57242e-05 0.0125705 0.0163548 0.00540434 -0.00828116 0.0245979 -0.00469853 -0.00025051 0.0202906 0.0147136 0.0227677
internal_weight=11599 10265 1187 9078 968 794 341 219 453 174 9002 394 315 258
internal_count=11599 10265 1187 9078 968 794 341 219 453 174 9002 394 315 258
is_linear=0
shrinkage=0.02


Tree=190
num_leaves=15
num_cat=0
split_feature=1 14 16 18 11 17 3 11 3 2 3 1 1 1
split_gain=408.647 231.982 283.368 172.216 193.544 174.877 150.105 145.884 180.314 140.965 156.662 183.057 140.715 259.902
threshold=0.73230079082597654 1.0000000180025095e-35 0.22951097479399368 0.54546791504538727 67.468750000000014 0.71768572973858669 54.135135135135144 61.500000000000007 67.30504852700038 0.60611238360732378 64.612363295922805 0.44927000355793595 0.47061423864723523 0.53773006131836298
decision_type=10 8 10 10 2 10 8 2 10 10 8 10 10 10
left_child=1 2 3 5 -5 6 -1 8 -8 -3 -11 -12 -9 -14
right_child=-2 9 -4 4 -6 -7 7 12 -10 10 11 -13 13 -15
leaf_value=-0.030515587793999033 0.051182928312449687 -0.0041470869900624837 0.0311156024946306 0.040358497587343056 0.0011566085930702821 0.036851033358662216 0.037879264196881687 -0.0007350184867399431 -0.0051561046063677589 0.043054568104299848 0.021772559005353184 -0.021179639192324289 0.020711345568177154 -0.0021346986703830399
leaf_weight=61 62 4947 133 96 106 54 93 5050 67 51 90 71 366 437
leaf_count=61 62 4947 133 96 106 54 93 5050 67 51 90 71 366 437
internal_value=-2.68644e-05 -0.000300054 0.00222449 0.00161745 0.0197872 0.00101852 0.000699952 0.00101662 0.0198582 -0.0034627 0.0125074 0.00283091 0.000501563 0.00827832
internal_weight=11684 11622 6463 6330 202 6128 6074 6013 160 5159 212 161 5853 803
internal_count=11684 11622 6463 6330 202 6128 6074 6013 160 5159 212 161 5853 803
is_linear=0
shrinkage=0.02


Tree=191
num_leaves=15
num_cat=0
split_feature=1 0 5 16 9 1 4 11 10 13 11 6 13 1
split_gain=392.465 243.355 205.89 283.907 178.665 294.913 176.879 159.776 301.098 192.365 142.856 148.709 177.837 389.273
threshold=0.73230079082597654 0.29660430351369232 2.5000000000000004 1.0000000180025095e-35 0.49230040274816395 0.35029278972293665 0.073164083291676715 72.818014705882362 0.32193750000000004 2.5000000000000004 71.843750000000014 1.0000000180025095e-35 2.5000000000000004 0.29495100258215046
decision_type=10 10 2 10 2 10 2 2 2 10 2 2 8 10
left_child=1 2 -1 4 -4 -6 7 10 -9 -10 11 -3 13 -13
right_child=-2 6 3 -5 5 -7 -8 8 9 -11 -12 12 -14 -15
leaf_value=-0.0061807568972655083 0.050159268758950701 0.00021821186886104832 -0.00097589749614404283 0.043014562383057585 0.059269794355023581 -0.0030779585997823262 0.019192060241943195 -0.017593602055235753 -0.00017275997262070146 0.039815972293697814 -0.0133054166506207 0.065351951466156882 0.0057818908537563161 -0.0062530150486711867
leaf_weight=3492 62 3555 2728 63 53 71 254 79 69 159 258 65 719 57
leaf_count=3492 62 3555 2728 63 53 71 254 79 69 159 258 65 719 57
internal_value=-2.63272e-05 -0.000294053 -0.00290507 0.00101902 9.13449e-05 0.0235707 0.00291377 0.00208033 0.0160551 0.0277141 0.00115848 0.00200737 0.00957031 0.0318972
internal_weight=11684 11622 6407 2915 2852 124 5215 4961 307 228 4654 4396 841 122
internal_count=11684 11622 6407 2915 2852 124 5215 4961 307 228 4654 4396 841 122
is_linear=0
shrinkage=0.02


Tree=192
num_leaves=15
num_cat=0
split_feature=1 0 4 11 10 9 1 3 17 10 9 7 11 7
split_gain=376.923 233.718 169.875 153.449 289.175 153.762 169.697 192.908 137.703 225.603 145.83 226.356 137.199 148.683
threshold=0.73230079082597654 0.29660430351369232 0.073164083291676715 72.818014705882362 0.32193750000000004 0.18146027201145315 0.22807187850937147 69.590091925313928 0.32233474451224059 0.18339270104895108 0.47297077922077929 1.5000000000000002 71.843750000000014 10.500000000000002
decision_type=10 10 2 2 2 2 10 10 10 2 2 2 2 2
left_child=1 8 3 12 -5 -6 -7 -8 10 -10 -1 -12 -3 -14
right_child=-2 2 -4 4 5 6 7 -9 9 -11 11 -13 13 -15
leaf_value=-0.0039218450290642772 0.049156084250538579 0.0019672179711188991 0.018808218472468573 -0.017241730296960738 0.055278647457859639 -0.013389859536290169 0.053790735222399237 0.0028977537561546674 -0.011662955517704424 0.03449986147760141 0.043307297283144142 -0.00073036725523990473 -0.024151967107540084 0.0077043204065412284
leaf_weight=6013 62 4396 254 79 58 50 65 55 74 99 67 154 168 90
leaf_count=6013 62 4396 254 79 58 50 65 55 74 99 67 154 168 90
internal_value=-2.58007e-05 -0.000288172 0.00285549 0.00203872 0.015734 0.0271598 0.0175664 0.0304648 -0.00284697 0.0147539 -0.00333541 0.0126204 0.00113531 -0.0130393
internal_weight=11684 11622 5215 4961 307 228 170 120 6407 173 6234 221 4654 258
internal_count=11684 11622 5215 4961 307 228 170 120 6407 173 6234 221 4654 258
is_linear=0
shrinkage=0.02


Tree=193
num_leaves=15
num_cat=0
split_feature=1 0 5 16 9 1 4 11 10 13 2 2 9 11
split_gain=361.997 224.463 196.309 272.905 165.881 277.757 163.148 147.373 277.723 184.248 174.976 261.62 134.407 131.766
threshold=0.73230079082597654 0.29660430351369232 2.5000000000000004 1.0000000180025095e-35 0.49230040274816395 0.35029278972293665 0.073164083291676715 72.818014705882362 0.32193750000000004 2.5000000000000004 0.57938204121803705 0.49403790087463562 0.17574746725969856 71.843750000000014
decision_type=10 10 2 10 2 10 2 2 2 10 10 8 2 2
left_child=1 2 -1 4 -4 -6 7 13 -9 -10 11 -11 -8 -3
right_child=-2 6 3 -5 5 -7 12 8 9 10 -12 -13 -14 -15
leaf_value=-0.0059885933516357192 0.048172962881865039 0.0019278735136534068 -0.00089620210152171293 0.04221544550406555 0.057401050750236465 -0.0031059936906250429 -0.0058735891843020027 -0.016896896067582354 -0.00067551758194315267 0.023242040318436921 0.0083642521385963141 0.085857044902502316 0.027140493486574626 -0.012778522439532041
leaf_weight=3492 62 4396 2728 63 53 71 67 79 69 56 52 51 187 258
leaf_count=3492 62 4396 2728 63 53 71 67 79 69 56 52 51 187 258
internal_value=-2.52847e-05 -0.000282408 -0.00279003 0.00104167 0.00013215 0.0227559 0.00279838 0.00199795 0.0154193 0.0266166 0.0384604 0.0530866 0.0184321 0.00111261
internal_weight=11684 11622 6407 2915 2852 124 5215 4961 307 228 159 107 254 4654
internal_count=11684 11622 6407 2915 2852 124 5215 4961 307 228 159 107 254 4654
is_linear=0
shrinkage=0.02


Tree=194
num_leaves=15
num_cat=0
split_feature=0 4 9 9 4 9 11 3 2 11 4 2 9 7
split_gain=258.225 155.871 140.418 263.36 281.276 270.915 194.784 223.912 201.307 264.913 178.36 225.409 197.052 196.343
threshold=0.36201174235253558 0.073164083291676715 0.44522691705790302 0.42697228144989346 -0.089117326705710626 0.40958142576847617 68.531250000000014 76.589144242906329 0.68885631659928459 69.727941176470594 -0.019492148700501196 0.59665384466304128 0.17278338945005614 7.5000000000000009
decision_type=10 2 2 2 2 2 2 10 10 2 2 8 2 2
left_child=-1 2 3 5 -5 6 7 -2 10 -10 11 13 -12 -8
right_child=1 -3 -4 4 -6 -7 8 -9 9 -11 12 -13 -14 -15
leaf_value=-0.0024099781260851763 -0.00078100419009365205 0.020145691710792179 0.012117599303881607 -0.047940137129405452 0.0052995637412603996 0.030695737069049343 -0.0038272647120215944 -0.032493003771830627 0.01583963262962132 -0.031746254416370613 0.017281186230918941 0.031481196628844181 -0.022589392655787348 0.01811804813860524
leaf_weight=7109 2103 219 569 87 73 132 284 93 82 109 85 237 119 383
leaf_count=7109 2103 219 569 87 73 132 284 93 82 109 85 237 119 383
internal_value=-2.4779e-05 0.00368153 0.00285379 0.0014619 -0.0236495 0.00256965 0.00150738 -0.002124 0.00764633 -0.0113167 0.0109152 0.0147271 -0.00597665 0.00877402
internal_weight=11684 4575 4356 3787 160 3627 3495 2196 1299 191 1108 904 204 667
internal_count=11684 4575 4356 3787 160 3627 3495 2196 1299 191 1108 904 204 667
is_linear=0
shrinkage=0.02


Tree=195
num_leaves=15
num_cat=0
split_feature=0 11 7 0 17 0 11 12 9 7 17 0 0 11
split_gain=380.686 293.051 172.05 347.548 169.409 149.478 219.486 120.467 128.323 111.767 109.606 106.472 180.702 99.0626
threshold=0.38086423148885945 74.500000000000014 2.5000000000000004 0.92463552353347023 0.71768572973858669 0.85329487169545659 71.150735294117666 1.0000000180025095e-35 0.20262735490411424 1.5000000000000002 0.38305996504262707 0.90311191975894622 0.87500653245766846 63.424632352941181
decision_type=10 2 2 10 10 10 2 10 2 2 10 10 10 2
left_child=4 2 5 11 7 6 -2 8 10 -10 -1 12 13 -4
right_child=1 -3 3 -5 -6 -7 -8 -9 9 -11 -12 -13 -14 -15
leaf_value=-0.0059529460696440559 0.0038532072877108903 0.046202811637088996 0.015893227261782602 0.046790370390385014 0.025479801820545659 -0.031893155300058422 -0.031551067418473612 -0.025453451238952731 0.0075037788338479308 -0.0019867087733458082 0.021288672956327599 -0.022729072955093885 0.031195503918472492 0.0031097248187026407
leaf_weight=3846 398 66 262 79 82 80 85 98 621 2473 60 57 101 3254
leaf_count=3846 398 66 262 79 82 80 85 98 621 2473 60 57 101 3254
internal_value=-0.000267404 0.00437799 0.00373841 0.00528502 -0.00310252 -0.00657143 -0.00237736 -0.00343272 -0.00312443 -8.1863e-05 -0.00553449 0.00439256 0.00481997 0.00406231
internal_weight=11562 4382 4316 3753 7180 563 483 7098 7000 3094 3906 3674 3617 3516
internal_count=11562 4382 4316 3753 7180 563 483 7098 7000 3094 3906 3674 3617 3516
is_linear=0
shrinkage=0.02


Tree=196
num_leaves=15
num_cat=0
split_feature=0 17 0 3 9 3 9 3 3 7 7 3 6 12
split_gain=365.611 162.701 151.393 147.306 215.347 141.12 248.381 196.716 132.465 221.293 191.62 120.101 127.757 115.696
threshold=0.38086423148885945 0.71768572973858669 0.92463552353347023 76.589144242906329 0.40958142576847617 72.449041172535033 0.3385016641065029 73.02051885719294 74.099174897746991 4.5000000000000009 9.5000000000000018 70.403320126529181 1.0000000180025095e-35 1.0000000180025095e-35
decision_type=10 10 10 10 2 10 2 10 10 2 2 10 2 10
left_child=1 13 3 5 -5 11 7 -7 -9 -10 -11 -2 -13 -1
right_child=2 -3 -4 4 -6 6 -8 8 9 10 -12 12 -14 -15
leaf_value=-0.0030619391431922229 0.0045619479626345071 0.024970206498372845 0.027349968928474563 -0.025367844191102967 0.021945292627295623 0.052621949781497861 -0.0066240845823194831 -0.0016774305577079455 -0.0083876578369230601 0.063411910428720367 0.015387212152664477 -0.010520234958055508 0.017082728661596776 -0.024944382307632847
leaf_weight=7000 3049 82 111 148 52 73 160 108 53 68 65 415 80 98
leaf_count=7000 3049 82 111 148 52 73 160 108 53 68 65 415 80 98
internal_value=-0.000262056 -0.00304047 0.00429043 0.00369113 -0.0130664 0.0045144 0.0141708 0.0232367 0.0159404 0.0261701 0.0399412 0.00307847 -0.00605915 -0.00336406
internal_weight=11562 7180 4382 4271 200 4071 527 367 294 186 133 3544 495 7098
internal_count=11562 7180 4382 4271 200 4071 527 367 294 186 133 3544 495 7098
is_linear=0
shrinkage=0.02


Tree=197
num_leaves=15
num_cat=0
split_feature=5 10 2 17 2 10 4 4 5 2 7 13 4 3
split_gain=301.025 195.196 187.532 184.001 195.247 198.574 226.486 151.399 140.686 129.895 128.356 158.827 136.966 228.606
threshold=4.5000000000000009 0.73968750000000016 0.81335003051910915 0.71768572973858669 0.60214436159071139 0.24531250000000002 -0.067157585983259424 -0.15889841930586091 3.5000000000000004 0.73141859109071594 14.500000000000002 2.5000000000000004 0.0052460785869756152 64.79886658909119
decision_type=2 2 10 10 10 2 2 2 2 10 2 10 2 10
left_child=3 2 -2 4 10 6 -6 -3 9 -7 -1 -12 13 -13
right_child=1 7 -4 -5 5 8 -8 -9 -10 -11 11 12 -14 -15
leaf_value=-0.0032831977801472891 0.010033463260873668 -0.037363258014348422 0.041049034511341766 0.027765742398278656 0.0035184640082029195 -0.0018899077238285378 0.056950337694537251 0.0018382658182288245 0.0081572597416066754 -0.034897207609916985 -0.0048766181101200954 -0.021564745790746118 0.041179890678479117 0.019326535238448631
leaf_weight=8394 944 55 85 86 65 292 62 139 730 57 297 73 65 218
leaf_count=8394 944 55 85 86 65 292 62 139 730 57 297 73 65 218
internal_value=-0.000256814 0.00912616 0.0125955 -0.00136673 -0.00161108 0.00594812 0.0296033 -0.00927557 0.00316386 -0.00728078 -0.00261875 0.00592235 0.0149316 0.00906859
internal_weight=11562 1223 1029 10339 10253 1206 127 194 1079 349 9047 653 356 291
internal_count=11562 1223 1029 10339 10253 1206 127 194 1079 349 9047 653 356 291
is_linear=0
shrinkage=0.02


Tree=198
num_leaves=15
num_cat=0
split_feature=2 3 17 3 3 1 9 2 11 9 9 8 8 14
split_gain=263.395 228.998 205.645 205.614 277.392 222.533 175.763 156.751 204.298 268.215 223.784 351.954 430.785 148.577
threshold=0.60214436159071139 70.111214379968359 0.71768572973858669 68.427416786179549 67.450529198731189 0.38036782905179217 0.35495558672276772 0.66060342499690017 67.531250000000014 0.25770872865275146 0.25770872865275146 0.60133114284510736 0.76221210464066347 1.0000000180025095e-35
decision_type=10 10 10 10 10 10 2 10 2 2 2 2 2 8
left_child=2 3 13 4 7 -5 -6 -2 9 -9 -10 -12 -13 -1
right_child=1 -3 -4 5 6 -7 -8 8 10 -11 11 12 -14 -15
leaf_value=0.00068207268120928574 0.025147991685812915 -0.0044392238809343653 0.029111059910949623 -4.0361596577203093e-06 0.0033214653750260671 0.044368636639212526 -0.041077846206505508 -0.016503658109987284 0.021738886504275041 0.027725765310832654 -0.062777921142531376 0.029661878083325641 -0.040149228798691185 -0.0042476716438597083
leaf_weight=4908 263 493 87 67 75 139 68 71 82 241 51 79 64 4874
leaf_count=4908 263 493 87 67 75 139 68 71 82 241 51 79 64 4874
internal_value=-0.000251678 0.00703661 -0.00150196 0.0117513 0.00798243 0.0299367 -0.0177915 0.0123134 0.00657279 0.0176607 -0.0059614 -0.0176698 -0.00158225 -0.00177423
internal_weight=11562 1693 9869 1200 994 206 143 851 588 312 276 194 143 9782
internal_count=11562 1693 9869 1200 994 206 143 851 588 312 276 194 143 9782
is_linear=0
shrinkage=0.02


Tree=199
num_leaves=15
num_cat=0
split_feature=0 0 6 13 2 2 0 2 2 7 8 1 8 17
split_gain=335.123 144.222 140.426 213.855 174.585 342.158 151.392 163.876 149.864 123.565 171.455 203.402 134.416 121.947
threshold=0.36201174235253558 0.92463552353347023 1.0000000180025095e-35 1.0000000180025095e-35 0.53892572143953654 0.56952238106713915 0.46148363032961631 0.3560463344798705 0.60214436159071139 1.5000000000000002 0.37656308219688506 0.29290821009378204 0.12110610342983731 0.71768572973858669
decision_type=10 10 2 8 8 8 10 10 8 2 2 10 2 10
left_child=13 2 3 -2 6 -6 7 -4 -7 10 -5 -12 -11 -1
right_child=1 -3 4 9 5 8 -8 -9 -10 12 11 -13 -14 -15
leaf_value=-0.0032701369199076963 -0.030368484416861592 0.026501450784303049 -0.0017592985242266546 -0.042641327281792957 0.06780045723473585 -0.016713318786837839 -0.0070576389798735293 0.037538047906738231 0.019778222281261883 0.032448942736973838 0.019215243333626703 -0.02179708317871772 0.0029538568617136648 0.021564616914838554
leaf_weight=6937 81 111 88 54 54 55 261 82 248 63 92 102 3254 80
leaf_count=6937 81 111 88 54 54 55 261 82 248 63 92 102 3254 80
internal_value=-0.000246645 0.00398417 0.00342048 0.00176581 0.0110765 0.0214201 0.00250872 0.0171959 0.0131543 0.00249593 -0.0111215 -0.00234794 0.00351406 -0.002987
internal_weight=11562 4545 4434 3646 788 357 431 170 303 3565 248 194 3317 7017
internal_count=11562 4545 4434 3646 788 357 431 170 303 3565 248 194 3317 7017
is_linear=0
shrinkage=0.02


Tree=200
num_leaves=15
num_cat=0
split_feature=0 18 4 0 17 3 8 8 1 11 9 13 4 10
split_gain=208.901 211.033 125.904 228.103 132.165 108.93 106.533 174.825 97.9441 98.1911 97.3475 85.4729 83.2032 83.1292
threshold=0.090835451369408501 0.84937418575363566 0.060501393443977217 0.31658460749044359 0.71768572973858669 79.069248088496266 0.60456624603534836 0.70463512925284699 0.18063960879608346 67.343750000000014 0.28504486683294633 2.5000000000000004 -0.056673369508414957 0.3970833333333334
decision_type=10 10 2 10 10 10 2 2 10 2 2 10 2 2
left_child=6 2 4 -4 5 -2 -1 -8 -5 10 -10 -7 -13 -11
right_child=1 -3 3 8 -6 11 7 -9 9 13 -12 12 -14 -15
leaf_value=-0.0054889606706822599 0.0004791361299372893 0.040673030653485549 -0.0055260946000309568 0.0023540657671058877 0.027707557065146313 0.0036157327844546397 0.032824600669435967 -0.0074864107929170131 0.03110729426890612 0.021050644077752766 -0.006090574815061014 -0.038351773767642781 -0.0048624781787395474 0.053282068263586259
leaf_weight=3171 7474 54 219 85 70 65 78 96 60 57 53 73 50 73
leaf_count=3171 7474 54 219 85 70 65 78 96 60 57 53 73 50 73
internal_value=-0.000430872 0.00126391 0.00100686 0.0102797 0.000350855 0.000100924 -0.00465288 0.010584 0.020833 0.0272968 0.0136605 -0.014935 -0.0247382 0.0391498
internal_weight=11678 8333 8279 547 7732 7662 3345 174 328 243 113 188 123 130
internal_count=11678 8333 8279 547 7732 7662 3345 174 328 243 113 188 123 130
is_linear=0
shrinkage=0.02


Tree=201
num_leaves=15
num_cat=0
split_feature=5 0 4 3 3 7 2 3 1 3 1 3 4 14
split_gain=274.88 168.546 152.765 127.356 225.917 205.844 169.477 185.942 158.363 163.435 158.041 149.918 148.075 126.058
threshold=4.5000000000000009 0.090835451369408501 0.071041784689516038 67.841105835162153 67.093846112362897 9.5000000000000018 0.67526976765349755 61.221055274772873 0.30599320522995194 70.111214379968359 0.13675285472470691 62.590474753994485 -0.16859462853935855 1.0000000180025095e-35
decision_type=2 10 2 10 10 2 8 10 8 10 10 8 2 8
left_child=1 -1 3 4 6 10 7 -2 9 -7 -5 -8 -12 -9
right_child=2 -3 -4 5 -6 8 11 13 -10 -11 12 -13 -14 -15
leaf_value=-0.0052695512150994338 0.029531144074984451 0.00022755201349004006 0.040273926450774593 -0.018578036337752232 0.054073611104488377 -0.023906162357330323 -0.0076792159017461991 -0.016093185342609246 -0.033931425425410271 0.027230464363098145 -0.012727910752954154 0.030712152586024714 0.023095089177131257 0.017437039459503052
leaf_weight=3224 67 7244 58 66 50 50 52 187 100 50 58 187 226 59
leaf_count=3224 67 7244 58 66 50 50 52 187 100 50 58 187 226 59
internal_value=-0.000422254 -0.00146548 0.00860294 0.0070084 0.0133646 5.12609e-05 0.00967717 -6.56127e-06 -0.0161346 0.00166215 0.00930035 0.0223592 0.0157791 -0.00805138
internal_weight=11678 10468 1210 1152 602 550 552 313 200 100 350 239 284 246
internal_count=11678 10468 1210 1152 602 550 552 313 200 100 350 239 284 246
is_linear=0
shrinkage=0.02


Tree=202
num_leaves=15
num_cat=0
split_feature=5 0 4 3 3 7 0 0 10 1 7 4 1 7
split_gain=263.995 161.871 146.716 122.313 216.971 197.693 164.776 183.028 153.077 151.782 146.084 142.211 139.929 104.413
threshold=4.5000000000000009 0.090835451369408501 0.071041784689516038 67.841105835162153 67.093846112362897 9.5000000000000018 0.59557097565699979 0.41350752459869783 0.54125000000000012 0.13675285472470691 12.500000000000002 -0.16859462853935855 0.27695509461347939 3.5000000000000004
decision_type=2 10 2 10 10 2 8 10 2 10 2 2 10 2
left_child=1 -1 3 4 6 9 7 -2 -7 -5 12 -11 -8 -3
right_child=2 13 -4 5 -6 8 10 -9 -10 11 -12 -13 -14 -15
leaf_value=-0.0051641602829218874 0.015217117707998979 -0.0048945680587369365 0.03946844749473806 -0.01820647516598304 0.052992139587551355 0.0029561660334628116 0.026364948583558933 -0.025307047166322406 -0.032124414301921277 -0.012473353353039972 0.045360041172778018 0.022633187039301984 -0.00056488483137082915 0.001349607471707393
leaf_weight=3224 84 1307 58 66 50 93 140 95 107 58 61 226 172 5937
leaf_count=3224 84 1307 58 66 50 93 140 95 107 58 61 226 172 5937
internal_value=-0.000413809 -0.00143617 0.00843088 0.00686823 0.0130973 5.02355e-05 0.00948363 -0.00629012 -0.0158119 0.00911434 0.0170533 0.0154635 0.011519 0.000223001
internal_weight=11678 10468 1210 1152 602 550 552 179 200 350 373 284 312 7244
internal_count=11678 10468 1210 1152 602 550 552 179 200 350 373 284 312 7244
is_linear=0
shrinkage=0.02


Tree=203
num_leaves=15
num_cat=0
split_feature=5 0 4 6 4 8 8 8 11 8 11 1 4 1
split_gain=253.541 155.461 140.906 106.276 263.782 151.148 199.722 134.01 156.373 194.223 262.203 267.493 122.295 120.373
threshold=4.5000000000000009 0.090835451369408501 0.071041784689516038 1.0000000180025095e-35 -0.037148394822296697 0.71989717223650396 0.8262711864406781 0.52202486514446178 72.880514705882362 0.58591080411222085 69.21139705882355 0.14287370792472839 -0.11505556274905802 0.31046768471200564
decision_type=2 10 2 2 2 2 2 2 2 2 2 10 2 10
left_child=1 -1 3 5 -5 7 -7 13 9 -9 11 -11 -13 -2
right_child=2 -3 -4 4 -6 6 -8 8 -10 10 -12 12 -14 -15
leaf_value=-0.0050608771118085842 0.02095805186911353 0.00021854097575084514 0.038679078640095114 0.037577939790775297 -0.017166140329837799 0.026012804227893663 -0.0073325796692438848 -0.04031129836588155 0.021857691181357951 0.045459441705183547 -0.032180073268173896 0.015709881627413096 -0.021053901125959468 -0.013062203108218678
leaf_weight=3224 154 7244 58 119 50 223 106 79 62 55 97 61 89 57
leaf_count=3224 154 7244 58 119 50 223 106 79 62 55 97 61 89 57
internal_value=-0.000405533 -0.00140745 0.00826227 0.00673086 0.0213815 0.00421209 0.0152693 -0.00135033 -0.00759844 -0.0123918 -0.00508838 0.00773061 -0.0061033 0.0117677
internal_weight=11678 10468 1210 1152 169 983 329 654 443 381 302 205 150 211
internal_count=11678 10468 1210 1152 169 983 329 654 443 381 302 205 150 211
is_linear=0
shrinkage=0.02


Tree=204
num_leaves=15
num_cat=0
split_feature=0 4 2 17 18 8 4 9 3 8 11 11 11 8
split_gain=182.214 260.639 135.186 133.153 116.049 112.369 108.77 104.121 126.29 124.337 107.536 122.909 353.853 305.435
threshold=0.3965066206649428 0.060501393443977217 0.43203933897445318 0.71768572973858669 0.84937418575363566 0.12110610342983731 0.078770433562526096 0.55718954248366026 67.591862563850228 0.81080685912132144 74.000000000000014 69.656250000000014 68.393382352941188 0.26734139088484171
decision_type=10 2 10 10 10 2 2 2 10 2 2 2 2 2
left_child=3 5 -3 4 -1 -2 -4 10 -9 -10 11 12 -7 -14
right_child=1 2 6 -5 -6 7 -8 8 9 -11 -12 -13 13 -15
leaf_value=-0.0028289035626380744 0.029972992049022155 -0.0015497628549063528 0.05185450575240548 0.022012661477822933 0.025100903943181041 -0.00087874386482577086 0.020244805310846221 0.029445016955225067 0.0201546416684453 -0.022379340013420141 0.024776821989618558 -0.0061246730147321857 0.055348472131730678 0.010967550987850723
leaf_weight=7235 55 74 63 89 60 2289 141 112 56 54 71 983 77 319
leaf_count=7235 55 74 63 89 60 2289 141 112 56 54 71 983 77 319
internal_value=-0.000397422 0.00287863 0.0216067 -0.00230254 -0.00259919 0.00158221 0.0300066 0.001188 0.0144956 -0.000725677 0.00039787 -7.40232e-05 0.00214117 0.0195972
internal_weight=11678 4294 278 7384 7295 4016 204 3961 222 110 3739 3668 2685 396
internal_count=11678 4294 278 7384 7295 4016 204 3961 222 110 3739 3668 2685 396
is_linear=0
shrinkage=0.02


Tree=205
num_leaves=15
num_cat=0
split_feature=8 0 11 1 1 7 0 6 2 0 0 8 7 11
split_gain=238.745 133.813 186.063 183.599 229.724 143.069 219.794 343.185 240.272 193.906 148.635 194.63 157.872 173.567
threshold=0.4596610032851644 0.95200293926478474 72.880514705882362 0.30390038817239101 0.14950959117304904 8.5000000000000018 0.51996469771423814 1.0000000180025095e-35 0.50002714107799218 0.57853511835090254 0.61922450223325554 0.58845369831100769 10.500000000000002 67.906250000000014
decision_type=2 8 2 10 10 2 10 2 10 10 10 2 2 2
left_child=-1 2 5 4 -4 -2 7 8 -7 -8 -11 12 -12 -14
right_child=1 -3 3 -5 -6 6 9 -9 -10 10 11 -13 13 -15
leaf_value=-0.0027128462116487464 -0.0026323476276398539 0.014828461737311243 0.033404041088565636 0.041651532499362591 -0.023684515398690258 -0.0048395208546910254 0.033873799140495597 0.029134243120556898 -0.042976908979324414 -0.014798956854213584 -0.00029928928724041694 0.0048144856910850558 0.063658043735875539 0.018113696486621662
leaf_weight=7551 1883 368 54 92 59 404 134 103 79 101 54 518 65 69
leaf_count=7551 1883 368 54 92 59 404 134 103 79 101 54 518 65 69
internal_value=-0.000623021 0.00333888 0.00216927 0.020675 0.00359674 0.00105675 0.00560592 -0.00400941 -0.0110773 0.0115938 0.00789426 0.0111407 0.0285716 0.0402061
internal_weight=11534 3983 3615 205 113 3410 1527 586 483 941 807 706 188 134
internal_count=11534 3983 3615 205 113 3410 1527 586 483 941 807 706 188 134
is_linear=0
shrinkage=0.02


Tree=206
num_leaves=15
num_cat=0
split_feature=8 3 3 4 2 3 8 3 4 1 4 1 2 7
split_gain=229.291 186.544 195.134 252.345 204.774 154.732 268.943 147.631 140.448 135.72 169.034 200.093 217.342 132.22
threshold=0.4596610032851644 67.400140044928989 65.6616693153303 -0.041938729955650067 0.48011169889160593 68.491936883722275 0.75759748427672968 68.024228109764223 -0.041265995547811789 0.16109531555331139 -0.088639591674192553 0.44927000355793595 0.58690059169403808 1.5000000000000002
decision_type=2 10 8 2 8 10 2 10 2 8 2 8 8 2
left_child=-1 2 13 9 -5 6 7 8 -3 -4 11 12 -11 -2
right_child=1 5 3 4 -6 -7 -8 -9 -10 10 -12 -13 -14 -15
leaf_value=-0.0026585893031416175 -0.017757088256697369 -0.0053325252680434402 -0.002281312883722705 0.030011727606256804 -0.012622766584075618 0.0013990384188118338 -0.04973317495801232 -0.021623898060796294 0.035931892335414883 0.014755280436504455 0.043806390672811849 0.0049647120937394602 0.063677207815635489 0.0046219858345343664
leaf_weight=7551 117 97 77 60 181 1645 66 114 50 84 152 192 64 1084
leaf_count=7551 117 97 77 60 181 1645 66 114 50 84 152 192 64 1084
internal_value=-0.000610561 0.00327211 0.00755821 0.0151443 -0.00200837 -0.00109876 -0.0136641 -0.00454324 0.00870299 0.0224093 0.0262735 0.0184353 0.0359107 0.00244184
internal_weight=11534 3983 2011 810 241 1972 327 261 147 569 492 340 148 1201
internal_count=11534 3983 2011 810 241 1972 327 261 147 569 492 340 148 1201
is_linear=0
shrinkage=0.02


Tree=207
num_leaves=15
num_cat=0
split_feature=8 9 9 9 4 7 2 9 1 12 1 11 4 4
split_gain=220.211 122.765 113.111 150.304 256.016 173.182 153.412 170.917 129.833 112.194 133.778 222.491 201.005 583.615
threshold=0.4596610032851644 0.023456790123456795 0.38904979912174165 0.41910464784716289 -0.099346042306032681 3.5000000000000004 0.70685917826677014 0.45352014233066468 0.36280677250193466 1.0000000180025095e-35 0.79778023410098897 72.880514705882362 -0.061541477285723629 -0.088639591674192553
decision_type=2 2 2 2 2 2 8 2 10 8 8 2 2 2
left_child=1 -1 -3 4 -4 -5 7 -7 -9 10 11 -2 13 -12
right_child=9 2 3 5 -6 6 -8 8 -10 -11 12 -13 -14 -15
leaf_value=0.015749295873867048 0.0019957892634621171 -0.0037170868240137584 0.057580978542014404 0.018607070243050312 0.00077989393046924054 -0.024224736427005969 -0.039055238583913215 0.02921471048692862 -0.0034773634255364323 -0.0050750034248035437 0.0090428873181745816 0.025024972247912058 -0.0042512507430088201 0.087494832043554266
leaf_weight=143 2931 6772 54 145 77 95 52 75 138 562 148 178 113 51
leaf_count=143 2931 6772 54 145 77 95 52 75 138 562 148 178 113 51
internal_value=-0.00059835 -0.00260542 -0.00295973 0.00510449 0.0241941 0.000152535 -0.00728054 -0.00191598 0.00803393 0.00320666 0.00456717 0.00331428 0.0170519 0.0291487
internal_weight=11534 7551 7408 636 131 505 360 308 213 3983 3421 3109 312 199
internal_count=11534 7551 7408 636 131 505 360 308 213 3983 3421 3109 312 199
is_linear=0
shrinkage=0.02


Tree=208
num_leaves=15
num_cat=0
split_feature=8 3 0 7 7 4 11 0 1 1 3 11 12 7
split_gain=211.49 178.06 221.943 247.712 243.827 204.531 179.375 176.213 175.882 296.774 159.503 155.305 152.733 222.493
threshold=0.4596610032851644 67.400140044928989 0.61508042023461307 13.500000000000002 14.500000000000002 -0.041938729955650067 69.24264705882355 0.5870814384663402 0.39397290645029243 0.48366343326416411 65.6616693153303 71.281250000000014 1.0000000180025095e-35 13.500000000000002
decision_type=2 10 8 2 2 2 2 10 10 10 10 2 10 2
left_child=-1 2 7 5 -5 8 -7 10 11 -10 -2 -4 13 -3
right_child=1 12 3 4 -6 6 -8 -9 9 -11 -12 -13 -14 -15
leaf_value=-0.0025533091441410334 -0.0032942687190532323 0.0024487827571346606 0.026094236340565437 0.069365215139873954 0.01210633483156562 -0.014726219949498773 0.019675245119751186 -0.031116630071226288 -0.023351688862971537 0.022943676480670173 0.016169478693241333 -0.0098136893356287926 -0.025868566905197343 -0.020274440574091081
leaf_weight=7551 576 1685 447 59 60 200 87 68 106 116 238 54 95 192
leaf_count=7551 576 1685 447 59 60 200 87 68 106 116 238 54 95 192
internal_value=-0.000586383 0.00314253 0.00733004 0.0132027 0.0404952 0.009987 -0.0042979 -0.000187181 0.0156575 0.000838682 0.00239661 0.0222239 -0.00112779 0.000124404
internal_weight=11534 3983 2011 1129 119 1010 287 882 723 222 814 501 1972 1877
internal_count=11534 3983 2011 1129 119 1010 287 882 723 222 814 501 1972 1877
is_linear=0
shrinkage=0.02


Tree=209
num_leaves=15
num_cat=0
split_feature=8 3 9 2 8 11 13 12 0 17 3 3 2 2
split_gain=206.001 275.623 297.885 298.278 245.143 213.58 275.887 168.027 159.282 187.85 184.015 220.974 186.21 159.397
threshold=0.24474000126366338 61.547120652666671 0.38425082026977769 0.65064011992295001 0.74646464646464661 65.312500000000014 2.5000000000000004 1.0000000180025095e-35 0.63091815171068744 0.49802334496327216 67.400140044928989 67.037466365532552 0.39381403347933286 0.48259206142427885
decision_type=2 10 2 10 2 2 8 8 10 10 10 10 10 10
left_child=-1 2 3 4 5 7 -7 -2 9 -3 11 -10 -12 -14
right_child=1 8 -4 -5 -6 6 -8 -9 10 -11 12 -13 13 -15
leaf_value=-0.0038139393212313984 0.035915255107633444 -0.0031225172105698857 0.030191550364425362 -0.031128585296796591 0.047782470350464186 -0.037505334885655967 0.0049339251964943829 -0.0068778297662734989 0.0093989468781851739 0.024508563684354914 0.032620385459491183 0.051112273573875433 -0.033367280168458822 -0.00067150046636422751
leaf_weight=4672 138 3850 242 82 60 69 547 50 665 101 63 55 64 876
leaf_count=4672 138 3850 242 82 60 69 547 50 665 101 63 55 64 876
internal_value=-0.000574655 0.00163082 0.0103907 0.00532538 0.00878513 0.00587488 0.000180177 0.0245341 -0.000203297 -0.00241618 0.00487105 0.0125854 -0.000666656 -0.0028976
internal_weight=11534 6862 1188 946 864 804 616 188 5674 3951 1723 720 1003 940
internal_count=11534 6862 1188 946 864 804 616 188 5674 3951 1723 720 1003 940
is_linear=0
shrinkage=0.02


Tree=210
num_leaves=15
num_cat=0
split_feature=9 8 18 0 4 13 9 8 17 8 9 0 0 4
split_gain=195.886 204.938 177.916 143.679 226.304 184.363 162.975 208.309 154.762 150.72 143.748 171.096 158.882 142.942
threshold=0.55718954248366026 0.53334156742420313 0.63680231054921566 0.69252932904164666 0.071041784689516038 1.0000000180025095e-35 0.31951603665521194 0.79149668536461004 0.71768572973858669 0.83845809555779349 0.47297077922077929 0.5546736227946566 0.15197592230181747 -0.16721582195901458
decision_type=2 2 10 10 2 8 2 2 10 2 2 8 10 2
left_child=2 -2 3 5 6 -1 7 13 9 10 -7 12 -12 -5
right_child=1 -3 -4 4 -6 8 -8 -9 -10 -11 11 -13 -14 -15
leaf_value=-0.037696279340969592 -0.011487474468932755 0.02434273899230175 0.015208993577641617 -0.0090124705177027208 0.040333427569883708 -0.0024262008526890022 -0.0057116764877523695 0.046973644683383546 0.023884253612031107 -0.032769359189551324 0.030808377617597582 0.031050879839247307 -0.010572777874767781 0.011152289053743667
leaf_weight=58 87 240 268 190 68 9128 525 53 92 64 50 113 144 541
leaf_count=58 87 240 268 190 68 9128 525 53 92 64 50 113 144 541
internal_value=-0.000450256 0.0148099 -0.00089209 -0.00128345 0.00476011 -0.00214592 0.00291214 0.00868702 -0.00193093 -0.00218096 -0.00197347 0.0114876 9.24684e-05 0.00591111
internal_weight=11621 327 11294 11026 1377 9649 1309 784 9591 9499 9435 307 194 731
internal_count=11621 327 11294 11026 1377 9649 1309 784 9591 9499 9435 307 194 731
is_linear=0
shrinkage=0.02


Tree=211
num_leaves=15
num_cat=0
split_feature=9 7 3 18 0 4 17 3 7 10 10 0 11 0
split_gain=188.129 181.186 171.357 170.87 138.413 229.059 150.227 148.384 127.026 207.505 195.682 181.362 167.788 307.84
threshold=0.55718954248366026 5.5000000000000009 67.703127501554661 0.63680231054921566 0.59044595090827789 0.073164083291676715 0.71768572973858669 57.022351797862008 3.5000000000000004 0.75435897435897448 0.52901785714285732 0.86083675579425012 68.093750000000014 0.75007087507087522
decision_type=2 2 10 10 10 2 10 10 2 2 2 10 2 10
left_child=3 -2 -3 4 6 7 -1 -6 12 10 -10 -12 13 -9
right_child=1 2 -4 -5 5 -7 -8 8 9 -11 11 -13 -14 -15
leaf_value=-0.0026506078118237368 0.032608331328427255 0.021698973588645459 -0.015821912273912147 0.014904813634565296 -0.030581321092830464 0.03342530014924705 0.023040921483998715 0.022309980524969953 0.0097539451544645713 0.039889011793967449 -0.0079899629465014239 0.024967461015780765 -0.022483127960387397 -0.024941321428005515
leaf_weight=8716 132 94 101 268 55 96 92 140 915 66 610 75 170 91
leaf_count=8716 132 94 101 268 55 96 92 140 915 66 610 75 170 91
internal_value=-0.000441251 0.0145137 0.00226508 -0.000874249 -0.00125778 0.0032077 -0.00238226 0.00184065 0.00270335 0.00513578 0.00370221 -0.00438149 -0.00740248 0.00369583
internal_weight=11621 327 195 11294 11026 2218 8808 2122 2067 1666 1600 685 401 231
internal_count=11621 327 195 11294 11026 2218 8808 2122 2067 1666 1600 685 401 231
is_linear=0
shrinkage=0.02


Tree=212
num_leaves=15
num_cat=0
split_feature=9 1 7 18 1 3 10 4 10 10 5 10 5 4
split_gain=180.679 178.858 271.377 164.104 159.037 291.425 239.156 199.74 173.389 162.443 144.253 124.085 161.239 234.165
threshold=0.55718954248366026 0.53773006131836298 5.5000000000000009 0.63680231054921566 0.58260980236903437 64.79886658909119 0.44961538461538469 -0.11201892603658131 0.79843750000000013 0.75435897435897448 2.5000000000000004 0.73083333333333345 3.5000000000000004 -0.24678186526697829
decision_type=2 10 2 10 10 10 2 2 2 2 2 2 2 2
left_child=3 10 -3 4 8 -6 7 -7 9 11 -2 12 -1 -14
right_child=1 2 -4 -5 5 6 -8 -9 -10 -11 -12 -13 13 -15
leaf_value=-0.0030992951554693407 -0.0028197349008976247 0.028500754035878598 -0.029911968376901417 0.014606717149093928 -0.025933597863225612 0.074095843613147735 0.0024860860295941897 0.021100861769113126 -0.03369520466719101 0.030858500027848828 0.036217656477677579 -0.022271158705263035 0.021773661613758457 0.00079013566699464612
leaf_weight=7096 51 57 72 268 59 50 107 66 67 62 147 115 228 3176
leaf_count=7096 51 57 72 268 59 50 107 66 67 62 147 115 228 3176
internal_value=-0.000432426 0.0142235 -0.0041017 -0.000856764 -0.00123262 0.0135935 0.0240514 0.0439435 -0.00162177 -0.0014205 0.0261626 -0.00160904 -0.00138274 0.00219561
internal_weight=11621 327 129 11294 11026 282 223 116 10744 10677 198 10615 10500 3404
internal_count=11621 327 129 11294 11026 282 223 116 10744 10677 198 10615 10500 3404
is_linear=0
shrinkage=0.02


Tree=213
num_leaves=15
num_cat=0
split_feature=9 8 18 1 3 10 10 10 0 17 11 0 10 5
split_gain=173.524 193.44 157.605 152.739 280.516 197.334 166.523 156.01 136.792 123.791 133.358 244.074 113.589 145.483
threshold=0.55718954248366026 0.53334156742420313 0.63680231054921566 0.58260980236903437 65.000422157096381 0.4455520833333334 0.79843750000000013 0.75435897435897448 0.64520053889874585 0.71768572973858669 74.500000000000014 0.38644180243860793 0.73083333333333345 3.5000000000000004
decision_type=2 2 10 10 10 2 2 2 10 10 2 10 2 2
left_child=2 -2 3 6 -5 8 7 9 -6 10 12 -12 13 -1
right_child=1 -3 -4 4 5 -7 -8 -9 -10 -11 11 -13 -14 -15
leaf_value=-0.0035003053575353637 -0.011610069497563373 0.02320052060391754 0.014314582727766081 -0.0227643458545208 0.018949914619326592 0.0050538120899244997 -0.033021300822051604 0.030241329189269774 0.063913622972697523 0.021521978041400082 -0.00024350779483447207 0.052974286186695106 -0.021825735553491699 0.0015779552276137989
leaf_weight=6892 87 240 268 66 50 107 67 62 59 92 111 50 115 3355
leaf_count=6892 87 240 268 66 50 107 67 62 59 92 111 50 115 3355
internal_value=-0.000423777 0.013939 -0.000839628 -0.00120797 0.0133217 0.024348 -0.00158933 -0.00139209 0.0432881 -0.00157686 -0.0017788 0.0162838 -0.00205945 -0.00183762
internal_weight=11621 327 11294 11026 282 216 10744 10677 109 10615 10523 161 10362 10247
internal_count=11621 327 11294 11026 282 216 10744 10677 109 10615 10523 161 10362 10247
is_linear=0
shrinkage=0.02


Tree=214
num_leaves=15
num_cat=0
split_feature=5 8 10 1 11 1 11 8 3 12 8 3 8 1
split_gain=159.835 162.428 244.921 165.638 151.241 195.188 172.555 154.244 142.049 115.911 162.997 113.232 120.847 259.686
threshold=3.5000000000000004 0.77618447027856996 0.71616666666666673 0.29290821009378204 71.281250000000014 0.48889455540208759 61.500000000000007 0.67770469839529868 68.961821325590151 1.0000000180025095e-35 0.17737962815827113 59.036428534112154 0.56191914498141282 0.30599320522995194
decision_type=2 2 2 10 2 10 2 2 10 8 2 8 2 8
left_child=4 2 11 -3 6 -6 9 -8 -5 10 -1 -2 -13 -14
right_child=1 3 -4 8 5 -7 7 -9 -10 -11 -12 12 13 -15
leaf_value=0.0061823715170224508 0.018201472485481308 0.028892704534665338 -0.022275950323153815 -0.0055856826011429304 0.0021122028305591827 0.033710282461141196 -0.0034439189510367873 -0.022138067570573825 0.020465568438906904 -0.0028280026538342962 0.054814157836577469 -0.0012125914868642651 -0.0029057846578007395 0.016374776181633729
leaf_weight=60 172 177 169 204 1132 84 5891 182 142 82 51 2157 550 568
leaf_count=60 172 177 169 204 1132 84 5891 182 142 82 51 2157 550 568
internal_value=-0.000415302 0.00273829 0.00123151 0.0131561 -0.00215985 0.00429496 -0.00341249 -0.00400416 0.00510587 0.015205 0.0285267 0.00238404 0.00155332 0.00688971
internal_weight=11621 4139 3616 523 7482 1216 6266 6073 346 193 111 3447 3275 1118
internal_count=11621 4139 3616 523 7482 1216 6266 6073 346 193 111 3447 3275 1118
is_linear=0
shrinkage=0.02


Tree=215
num_leaves=15
num_cat=0
split_feature=3 12 8 8 8 7 10 6 5 3 4 9 10 3
split_gain=179.345 147.839 123.863 183.361 153.964 300.21 174.818 124.571 212.76 205.166 380.049 379.787 281.902 194.129
threshold=54.135135135135144 1.0000000180025095e-35 0.87889278116058989 0.83845809555779349 0.80929730840353409 8.5000000000000018 0.79843750000000013 1.0000000180025095e-35 4.5000000000000009 59.519496748294948 -0.15634644948240237 0.37325492445974379 0.40961538461538466 71.068084417937214
decision_type=8 8 2 2 2 2 2 2 2 10 2 2 2 10
left_child=-1 2 3 4 6 -6 7 9 13 10 12 -12 -2 -9
right_child=1 -3 -4 -5 5 -7 -8 8 -10 -11 11 -13 -14 -15
leaf_value=-0.027182631411196031 0.080562870483100416 -0.0029909785089882422 0.019966456004621169 -0.026479580576221146 0.053529078962747008 -0.011877271246910095 -0.033166803880755248 0.00022015738793606119 0.028482780990735538 -0.0011266327027862038 -0.0067394535698343154 0.034331391492217291 0.013403118389844895 0.017275784420257474
leaf_weight=97 50 3966 147 93 64 50 58 1157 159 4800 344 122 50 347
leaf_count=97 50 3966 147 93 64 50 58 1157 159 4800 344 122 50 347
internal_value=-0.000102525 0.000127752 0.00179001 0.00142369 0.00178406 0.0248421 0.00141315 0.00169849 0.00648117 0.000216273 0.0116049 0.004013 0.046983 0.0041552
internal_weight=11504 11407 7441 7294 7201 114 7087 7029 1663 5366 566 466 100 1504
internal_count=11504 11407 7441 7294 7201 114 7087 7029 1663 5366 566 466 100 1504
is_linear=0
shrinkage=0.02


Tree=216
num_leaves=15
num_cat=0
split_feature=14 3 9 11 11 10 3 12 7 9 11 9 4 4
split_gain=198.871 180.153 154.405 254.499 340.243 223.847 213.788 142.317 159.514 148.936 128.478 128.889 198.343 189.537
threshold=1.0000000180025095e-35 54.135135135135144 0.079627799736495405 66.500000000000014 71.343750000000014 0.26320512820512826 71.656206943370861 1.0000000180025095e-35 15.500000000000002 0.41690476190476194 74.500000000000014 0.18835874270656883 -0.11505556274905802 -0.23134890450157433
decision_type=8 8 2 2 2 2 8 10 2 2 2 2 2 2
left_child=1 -1 3 -3 5 6 -5 8 10 -9 11 12 13 -4
right_child=-2 2 7 4 -6 -7 -8 9 -10 -11 -12 -13 -14 -15
leaf_value=-0.032537178361819963 -0.0030429984178024323 -0.013166970720887183 -0.015198180327433666 0.032925229788749316 -0.011235954110942237 0.0041186866945316716 0.0822108043730259 -0.0051126034717257742 -0.029781395913880376 -0.04373771689101761 0.028060874774863451 0.0043151871382098687 -0.0081222797381666576 0.011788359344468492
leaf_weight=59 5108 100 131 109 82 62 52 184 61 51 79 3953 966 507
leaf_count=59 5108 100 131 109 82 62 52 184 61 51 79 3953 966 507
internal_value=-0.000100474 0.0022495 0.00257337 0.0145213 0.0235994 0.0364088 0.0488436 0.00175765 0.00238682 -0.0134951 0.00273498 0.00237494 -0.00240672 0.00624724
internal_weight=11504 6396 6337 405 305 223 161 5932 5697 235 5636 5557 1604 638
internal_count=11504 6396 6337 405 305 223 161 5932 5697 235 5636 5557 1604 638
is_linear=0
shrinkage=0.02


Tree=217
num_leaves=15
num_cat=0
split_feature=14 3 9 11 11 10 3 12 9 11 9 4 2 4
split_gain=190.996 173.019 148.291 244.421 326.77 214.982 205.322 136.681 143.038 126.786 136.115 197.196 175.438 192.017
threshold=1.0000000180025095e-35 54.135135135135144 0.079627799736495405 66.500000000000014 71.343750000000014 0.26320512820512826 71.656206943370861 1.0000000180025095e-35 0.41690476190476194 74.500000000000014 0.18835874270656883 -0.11505556274905802 0.13692018618887605 -0.23134890450157433
decision_type=8 8 2 2 2 2 8 10 2 2 2 2 10 2
left_child=1 -1 3 -3 5 6 -5 9 -9 10 11 12 -4 -14
right_child=-2 2 7 4 -6 -7 -8 8 -10 -11 -12 -13 13 -15
leaf_value=-0.031886434277235448 -0.002982138466849262 -0.012903630965948105 -0.011292478699384436 0.032266724870429128 -0.011011235295999341 0.00403631170791003 0.080566587975391984 -0.0050103514103988266 -0.042862963173903673 0.027499656765898571 0.0039763844165564303 -0.00852830163904514 -0.011348943995242869 0.019028090099552673
leaf_weight=59 5108 100 177 109 82 62 52 184 51 79 3987 983 108 363
leaf_count=59 5108 100 177 109 82 62 52 184 51 79 3987 983 108 363
internal_value=-9.84646e-05 0.00220451 0.00252191 0.0142309 0.0231274 0.0356807 0.0478667 0.00172249 -0.0132252 0.00233908 0.00198527 -0.00288202 0.00568324 0.0120627
internal_weight=11504 6396 6337 405 305 223 161 5932 235 5697 5618 1631 648 471
internal_count=11504 6396 6337 405 305 223 161 5932 235 5697 5618 1631 648 471
is_linear=0
shrinkage=0.02


Tree=218
num_leaves=15
num_cat=0
split_feature=15 3 9 11 11 10 3 12 7 1 3 11 3 2
split_gain=183.432 166.168 142.419 234.742 313.83 206.469 197.191 131.269 153.028 157.109 199.449 235.298 167.628 162.511
threshold=1.0000000180025095e-35 54.135135135135144 0.079627799736495405 66.500000000000014 71.343750000000014 0.26320512820512826 71.656206943370861 1.0000000180025095e-35 15.500000000000002 0.18063960879608346 72.449041172535033 67.906250000000014 74.342155295928592 0.34124294508924286
decision_type=8 8 2 2 2 2 8 10 2 8 10 2 10 8
left_child=1 -1 3 -3 5 6 -5 8 9 10 -4 12 -12 -13
right_child=-2 2 7 4 -6 -7 -8 -9 -10 -11 11 13 -14 -15
leaf_value=-0.031248706124596674 -0.0029224957071363961 -0.012645558434724809 -0.0066746532245003298 0.031621390716471805 -0.010791010565874053 0.0039555868386260927 0.078955255769766294 -0.012960669631495121 -0.029215123168513425 0.0045949623025381423 0.014151345360279084 0.041068204148249195 -0.037136699714912819 0.0013710356119907264
leaf_weight=59 5108 100 1168 109 82 62 52 235 61 4190 50 110 52 66
leaf_count=59 5108 100 1168 109 82 62 52 235 61 4190 50 110 52 66
internal_value=-9.64953e-05 0.00216042 0.00247147 0.0139463 0.0226649 0.034967 0.0469093 0.00168804 0.0022923 0.00263331 -0.00305086 0.0121743 -0.0119955 0.0261818
internal_weight=11504 6396 6337 405 305 223 161 5932 5697 5636 1446 278 102 176
internal_count=11504 6396 6337 405 305 223 161 5932 5697 5636 1446 278 102 176
is_linear=0
shrinkage=0.02


Tree=219
num_leaves=15
num_cat=0
split_feature=14 3 9 11 11 10 3 12 7 9 11 9 4 4
split_gain=176.168 159.588 136.779 225.446 301.402 198.293 189.383 126.071 146.968 137.374 118.263 117.041 182.935 175.84
threshold=1.0000000180025095e-35 54.135135135135144 0.079627799736495405 66.500000000000014 71.343750000000014 0.26320512820512826 71.656206943370861 1.0000000180025095e-35 15.500000000000002 0.41690476190476194 74.500000000000014 0.18835874270656883 -0.11505556274905802 -0.23134890450157433
decision_type=8 8 2 2 2 2 8 10 2 2 2 2 2 2
left_child=1 -1 3 -3 5 6 -5 8 10 -9 11 12 13 -4
right_child=-2 2 7 4 -6 -7 -8 9 -10 -11 -12 -13 -14 -15
leaf_value=-0.030623731375750848 -0.0028640457859172392 -0.012392646971344947 -0.014666412536993282 0.030988962933284427 -0.010575190102908669 0.0038764741187614781 0.077376150855651263 -0.0046509308963204208 -0.028630820791252325 -0.041746489522503871 0.026878977594307709 0.0040841287103098277 -0.0078104261968354261 0.011326807693411142
leaf_weight=59 5108 100 131 109 82 62 52 184 61 51 79 3953 966 507
leaf_count=59 5108 100 131 109 82 62 52 184 61 51 79 3953 966 507
internal_value=-9.45654e-05 0.00211721 0.00242204 0.0136673 0.0222116 0.0342677 0.0459712 0.00165428 0.00224645 -0.0127015 0.00258065 0.00223521 -0.00232137 0.00598964
internal_weight=11504 6396 6337 405 305 223 161 5932 5697 235 5636 5557 1604 638
internal_count=11504 6396 6337 405 305 223 161 5932 5697 235 5636 5557 1604 638
is_linear=0
shrinkage=0.02


Tree=220
num_leaves=15
num_cat=0
split_feature=14 18 16 17 4 8 8 10 4 4 7 9 9 7
split_gain=306.131 247.216 183.812 169.405 170.908 151.319 109.956 191.515 148.541 145.428 126.088 156.104 154.576 180.912
threshold=1.0000000180025095e-35 0.54546791504538727 0.59925034486684681 0.71768572973858669 0.073164083291676715 0.32060588463027495 0.77618447027856996 0.75045673076923081 0.01199516982154945 -0.040219005184381422 10.500000000000002 0.06795444051100509 0.4827654360028461 7.5000000000000009
decision_type=8 10 10 10 2 2 2 2 2 2 2 2 2 2
left_child=1 2 3 4 6 -6 7 10 9 -8 12 -12 -1 -14
right_child=-2 -3 -4 -5 5 -7 8 -9 -10 -11 11 -13 13 -15
leaf_value=-0.0019461556720433352 -0.0026931571369695688 0.025969951492449152 0.034927058222496678 0.037727319462732833 -0.0025305253435527124 0.029040091244663512 0.01198765143003098 -0.037290130492586358 0.042695023820090751 -0.018846721846151025 0.030898525511964842 0.0043555476106607203 0.022868512484272668 -0.018342301886942653
leaf_weight=3363 5152 196 72 55 93 175 378 52 52 73 94 1551 202 54
leaf_count=3363 5152 196 72 55 93 175 378 52 52 73 94 1551 202 54
internal_value=0.000936855 0.00385446 0.0031569 0.00278447 0.00246874 0.0180846 0.00174953 0.000903849 0.0106872 0.00699672 0.00128115 0.00587229 -0.000805738 0.0141756
internal_weight=11562 6410 6214 6142 6087 268 5819 5316 503 451 5264 1645 3619 256
internal_count=11562 6410 6214 6142 6087 268 5819 5316 503 451 5264 1645 3619 256
is_linear=0
shrinkage=0.02


Tree=221
num_leaves=15
num_cat=0
split_feature=15 18 0 11 16 17 8 11 1 0 12 3 1 1
split_gain=294.008 237.426 200.319 254.722 176.533 162.696 140.756 128.688 176.918 140.398 131.394 173.486 132.796 131.28
threshold=1.0000000180025095e-35 0.54546791504538727 0.19770877442733506 67.468750000000014 0.59925034486684681 0.71768572973858669 0.87889278116058989 61.500000000000007 0.1986592159941267 0.92463552353347023 1.0000000180025095e-35 71.001119853854462 0.26347446925927559 0.38523054063048606
decision_type=8 10 10 2 10 10 2 2 10 10 10 10 8 10
left_child=1 4 -3 -4 5 6 7 8 -1 10 13 12 -12 -9
right_child=-2 2 3 -5 -6 -7 -8 9 -10 -11 11 -13 -14 -15
leaf_value=0.046441863567614164 -0.0026392939890947163 -0.0069230815603143793 0.067564124031923717 0.013571089279638338 0.034228517088211244 0.03697277293963866 0.022846876197692118 -0.00012842007707418009 0.003305083731060276 0.026989687372656432 -0.0023203459312207998 0.016460826461965387 -0.039436185598834272 0.0069355189606778375
leaf_weight=61 5152 55 64 77 72 55 132 4073 101 85 64 55 97 1419
leaf_count=61 5152 55 64 77 72 55 132 4073 101 85 64 55 97 1419
internal_value=0.000918118 0.00377737 0.0254506 0.0380786 0.00309376 0.00272878 0.00241936 0.00196656 0.0195479 0.0014749 0.00109495 -0.0142059 -0.0246821 0.00169673
internal_weight=11562 6410 196 141 6214 6142 6087 5955 162 5793 5708 216 161 5492
internal_count=11562 6410 196 141 6214 6142 6087 5955 162 5793 5708 216 161 5492
is_linear=0
shrinkage=0.02


Tree=222
num_leaves=15
num_cat=0
split_feature=14 18 0 11 16 17 4 11 11 1 0 12 3 0
split_gain=282.365 228.024 192.387 244.635 169.542 156.254 164.047 129.833 183.527 167.636 158.377 158.638 182.809 115.589
threshold=1.0000000180025095e-35 0.54546791504538727 0.19770877442733506 67.468750000000014 0.59925034486684681 0.71768572973858669 0.073164083291676715 61.500000000000007 62.330882352941181 0.1986592159941267 0.92463552353347023 1.0000000180025095e-35 71.001119853854462 0.6233292817240047
decision_type=8 10 10 2 10 10 2 2 2 10 10 10 10 8
left_child=1 4 -3 -4 5 6 7 9 -9 -1 11 -10 -13 -8
right_child=-2 2 3 -5 -6 -7 13 8 10 -11 -12 12 -14 -15
leaf_value=0.04551302728105764 -0.0025865081089199611 -0.0067846199020066044 0.066212842370441644 0.013299667584383255 0.033543946877535848 0.036233316015113488 0.0074555307414806531 -0.029302219084347599 0.0018334603735764804 0.0033636359825278774 0.027613702306280966 -0.026905192293895361 0.015500677865337242 0.034559780790074039
leaf_weight=61 5152 55 64 77 72 55 167 78 5278 99 92 156 55 101
leaf_count=61 5152 55 64 77 72 55 167 78 5278 99 92 156 55 101
internal_value=0.000899756 0.00370182 0.0249415 0.037317 0.00303188 0.0026742 0.00237097 0.00166635 0.00116403 0.0194331 0.00158982 0.00115364 -0.0158515 0.0176702
internal_weight=11562 6410 196 141 6214 6142 6087 5819 5659 160 5581 5489 211 268
internal_count=11562 6410 196 141 6214 6142 6087 5819 5659 160 5581 5489 211 268
is_linear=0
shrinkage=0.02


Tree=223
num_leaves=15
num_cat=0
split_feature=15 18 0 16 1 17 4 8 3 0 3 7 0 9
split_gain=271.184 218.994 186.6 162.828 154.653 150.066 157.551 143.08 114.511 122.251 117.308 178.761 248.101 239.868
threshold=1.0000000180025095e-35 0.54546791504538727 0.24147072625038665 0.59925034486684681 0.26145464815111263 0.71768572973858669 0.073164083291676715 0.32060588463027495 78.661596006612967 0.92463552353347023 71.801227643701182 12.500000000000002 0.45760296090720287 0.16963652362486661
decision_type=8 10 10 10 10 10 2 2 10 10 8 2 10 2
left_child=1 3 -3 5 -4 6 8 -8 9 10 11 -1 13 -13
right_child=-2 2 4 -5 -6 -7 7 -9 -10 -11 -12 12 -14 -15
leaf_value=-0.0023103726674544769 -0.002534778002873168 -0.0014503820395280779 0.058550858091379346 0.032873067194725283 0.013641435658490216 0.035508650050921874 -0.0027292956059337941 0.027969849394261836 -0.014841926826061908 0.025365787617276224 0.0064188680808546306 0.017536065120782172 0.017107732207227357 -0.015639939140896553
leaf_weight=3130 5152 71 71 72 54 55 93 175 164 89 1547 133 503 253
leaf_count=3130 5152 71 71 72 54 55 93 175 164 89 1547 133 503 253
internal_value=0.00088176 0.00362778 0.0244427 0.00297125 0.03915 0.00262072 0.00232356 0.0173168 0.00163303 0.00211082 0.00173897 -6.24248e-05 0.00785217 -0.00420883
internal_weight=11562 6410 196 6214 125 6142 6087 268 5819 5655 5566 4019 889 386
internal_count=11562 6410 196 6214 125 6142 6087 268 5819 5655 5566 4019 889 386
is_linear=0
shrinkage=0.02


Tree=224
num_leaves=15
num_cat=0
split_feature=14 18 0 11 17 3 11 1 0 3 7 9 0 3
split_gain=260.445 210.322 179.211 316.683 141.053 131.013 142.303 151.337 149.891 143.275 148.49 207.163 252.126 131.073
threshold=1.0000000180025095e-35 0.54546791504538727 0.24147072625038665 67.468750000000014 0.71768572973858669 78.661596006612967 61.500000000000007 0.19997202471936246 0.92463552353347023 71.801227643701182 12.500000000000002 0.06795444051100509 0.49141147587570644 73.276711758549752
decision_type=8 10 10 2 10 10 2 10 10 8 2 2 10 8
left_child=1 4 -3 -4 5 6 7 -1 9 10 -8 -12 -13 -11
right_child=-2 2 3 -5 -6 -7 8 -9 -10 13 11 12 -14 -15
leaf_value=0.046193747977095266 -0.0024840824075041349 -0.0014213746311274214 0.075470583805779243 0.011054618956728116 0.034798477075486021 -0.014634267108961506 -0.0017427722823252936 0.0061882191045766642 0.02822124493784375 0.017193558012038025 0.046561905916999366 -0.006479146401838061 0.015236086343115509 0.003971813085704259
leaf_weight=62 5152 71 53 72 55 171 3246 97 90 402 51 402 457 1181
leaf_count=62 5152 71 53 72 55 171 3246 97 90 402 51 402 457 1181
internal_value=0.000864125 0.00355523 0.0239539 0.038367 0.00291182 0.00262707 0.00312001 0.0217879 0.0026108 0.00220917 0.000258877 0.00739883 0.00507366 0.00732945
internal_weight=11562 6410 196 125 6214 6159 5988 159 5829 5739 4156 910 859 1583
internal_count=11562 6410 196 125 6214 6159 5988 159 5829 5739 4156 910 859 1583
is_linear=0
shrinkage=0.02


Tree=225
num_leaves=15
num_cat=0
split_feature=0 18 5 4 10 2 11 17 11 18 18 18 1 2
split_gain=211.05 159.675 149.959 244.422 204.737 145.74 208.697 151.036 115.921 157.991 133.027 131.992 172.074 117.451
threshold=0.16061054173023759 0.79163381265476362 3.5000000000000004 -0.18221075488362856 0.65450000000000019 0.68391722583566983 60.812500000000007 0.61201624597851023 66.281250000000014 0.27217111697903412 0.4282610469485823 0.47474838293708338 0.23700126246319167 0.67108639305943407
decision_type=10 10 2 2 2 8 2 10 2 10 10 10 10 10
left_child=2 5 -1 -4 -5 6 -2 8 10 13 -8 -11 -13 -10
right_child=1 -3 3 4 -6 -7 7 -9 9 11 -12 12 -14 -15
leaf_value=-0.0050078195631952371 0.029026021335010577 0.033311039071816664 -0.022745146452867928 0.0056035087213677417 0.041687847380067262 0.0071423593709675839 -0.0065490782647764237 0.028091544889517733 0.002753544890385659 -0.039915796523132631 0.024867798873622504 0.013497036529340962 -0.027991171910150631 -0.023789364544893887
leaf_weight=3812 99 65 109 551 71 1590 1445 74 3445 62 56 87 74 68
leaf_count=3812 99 65 109 551 71 1590 1445 74 3445 62 56 87 74 68
internal_value=-5.35975e-05 0.00210892 -0.00341661 0.00488119 0.00972246 0.00181918 0.000254701 -0.000281613 -0.000682532 0.00120353 -0.00537696 -0.0151206 -0.00557208 0.00223976
internal_weight=11608 7065 4543 731 622 7000 5410 5311 5237 3736 1501 223 161 3513
internal_count=11608 7065 4543 731 622 7000 5410 5311 5237 3736 1501 223 161 3513
is_linear=0
shrinkage=0.02


Tree=226
num_leaves=15
num_cat=0
split_feature=0 18 10 17 14 13 9 9 9 18 18 1 7 0
split_gain=202.692 153.351 141.757 130.532 129.432 157.106 140.96 173.916 173.957 140.69 263.042 139.245 108.036 107.435
threshold=0.16061054173023759 0.79163381265476362 0.65450000000000019 0.61201624597851023 1.0000000180025095e-35 1.5000000000000002 0.46503325508607202 0.19806650476368395 0.13356807511737093 0.54666410475345961 0.27476773841554303 0.10336835432937265 10.500000000000002 0.29660430351369232
decision_type=10 10 2 10 10 10 2 2 2 10 10 10 2 10
left_child=2 3 -1 4 9 -6 7 8 11 10 -2 -7 13 -10
right_child=1 -3 -4 -5 5 6 -8 -9 12 -11 -12 -13 -14 -15
leaf_value=-0.0038618052499628888 0.0026488460615323533 0.032644817755772521 0.020956877295244883 0.025987492647360669 0.019959977714551821 0.0088537646550685169 0.0210881317229498 -0.01831334737755274 0.00096317900551689997 0.024896247311755344 -0.035300808959716073 -0.028187678246884732 -0.0077112605699471062 0.037293429080575771
leaf_weight=4449 5740 65 94 88 90 64 63 453 54 111 74 111 70 82
leaf_count=4449 5740 65 94 88 90 64 63 453 54 111 74 111 70 82
internal_value=-5.25254e-05 0.00206674 -0.00334828 0.0017828 0.00147464 -0.0052309 -0.00775842 -0.00993747 2.12422e-05 0.00259166 0.00216583 -0.0146411 0.0124771 0.0228682
internal_weight=11608 7065 4543 7000 6912 987 897 834 381 5925 5814 175 206 136
internal_count=11608 7065 4543 7000 6912 987 897 834 381 5925 5814 175 206 136
is_linear=0
shrinkage=0.02


Tree=227
num_leaves=15
num_cat=0
split_feature=0 18 5 9 9 4 2 11 11 9 14 18 9 8
split_gain=194.666 147.279 142.345 284.574 192.55 147.576 139.397 200.084 117.632 162.891 187.71 184.709 138.543 138.067
threshold=0.16061054173023759 0.79163381265476362 3.5000000000000004 0.47297077922077929 0.4316457129912788 -0.19758735588372758 0.68391722583566983 60.812500000000007 66.281250000000014 0.073119511263841169 1.0000000180025095e-35 0.27217111697903412 0.094899826623001352 0.25085034013605451
decision_type=10 10 2 2 2 2 8 2 2 2 8 10 2 2
left_child=2 6 -1 4 5 -4 7 -2 -9 10 13 12 -11 -10
right_child=1 -3 3 -5 -6 -7 -8 8 9 11 -12 -13 -14 -15
leaf_value=-0.0048315989316804172 0.028388460315387661 0.031991922020912174 -0.023023405322538958 0.049895332195849802 -0.036425447243452078 0.0077806939554529034 0.0069531842781078513 -0.0050065506565281082 0.05640417417883873 -0.01901117020977601 -0.0047491515889952459 -0.017507438116689335 0.0025280894369027148 0.013498510373135408
leaf_weight=3812 99 65 70 52 50 559 1590 1521 60 124 79 212 3255 60
leaf_count=3812 99 65 70 52 50 559 1590 1521 60 124 79 212 3255 60
internal_value=-5.1475e-05 0.0020254 -0.00328131 0.00480308 0.00134977 0.00435257 0.00174714 0.000217087 -0.000308043 0.00157756 0.0191908 0.000601495 0.00173766 0.0349513
internal_weight=11608 7065 4543 731 679 629 7000 5410 5311 3790 199 3591 3379 120
internal_count=11608 7065 4543 731 679 629 7000 5410 5311 3790 199 3591 3379 120
is_linear=0
shrinkage=0.02


Tree=228
num_leaves=15
num_cat=0
split_feature=0 18 5 9 9 2 11 3 2 11 18 18 11 0
split_gain=186.957 141.447 136.708 273.305 184.925 133.877 192.161 159.61 263.36 255.647 188.829 149.535 140.149 455.347
threshold=0.16061054173023759 0.79163381265476362 3.5000000000000004 0.47297077922077929 0.4316457129912788 0.68391722583566983 60.812500000000007 61.769122199733395 0.36510203301388205 66.281250000000014 0.27217111697903412 0.56146987930586745 66.031250000000014 0.52897081826313619
decision_type=10 10 2 2 2 8 2 10 10 2 10 8 2 10
left_child=2 5 -1 4 -4 6 -2 8 -8 11 -11 -9 -10 -14
right_child=1 -3 3 -5 -6 -7 7 9 12 10 -12 -13 13 -15
leaf_value=-0.0047349670001570546 0.027820691778089365 0.03135208328870627 0.0042655234554684791 0.048897425546669045 -0.035696938696503637 0.0068141206088212303 -0.0075162192246188289 -0.012106140696070657 0.035505617503409408 0.002493325563046185 -0.017124527693507776 0.0068821913482887409 0.041085811672855244 -0.014669573565728195
leaf_weight=3812 99 65 629 52 50 1590 230 1080 140 3219 209 196 106 131
leaf_count=3812 99 65 629 52 50 1590 230 1080 140 3219 209 196 106 131
internal_value=-5.04455e-05 0.0019849 -0.00321569 0.00470702 0.00132278 0.0017122 0.000212745 -0.000301882 0.00934998 -0.00154735 0.00129725 -0.00918944 0.0196397 0.0102674
internal_weight=11608 7065 4543 731 679 7000 5410 5311 607 4704 3428 1276 377 237
internal_count=11608 7065 4543 731 679 7000 5410 5311 607 4704 3428 1276 377 237
is_linear=0
shrinkage=0.02


Tree=229
num_leaves=15
num_cat=0
split_feature=0 5 9 9 4 17 2 3 2 11 11 9 14 3
split_gain=179.553 131.295 262.482 177.602 141.732 122.383 128.532 147.598 242.423 217.253 265.099 159.059 159.552 157.327
threshold=0.16061054173023759 3.5000000000000004 0.47297077922077929 0.4316457129912788 -0.19758735588372758 0.61201624597851023 0.70685917826677014 61.769122199733395 0.37010837050731321 60.812500000000007 64.757352941176478 0.073119511263841169 1.0000000180025095e-35 57.6877933999763
decision_type=10 2 2 2 2 10 8 10 10 2 2 2 8 10
left_child=1 -1 3 4 -3 6 7 8 -2 -9 -11 12 -12 -10
right_child=5 2 -4 -5 -6 -7 -8 9 13 10 11 -13 -14 -15
leaf_value=-0.0046402676268288935 -0.0066044879272705373 -0.022648247710296086 0.047919476485023135 -0.034983000010252001 0.0075397698674184383 0.025383549416437747 0.0070315180697244706 0.030435259230434896 -0.0046687852403953338 -0.012576603225463039 0.034130595453561993 -0.00033176895358772053 -0.0039213884521175071 0.025642597875964727
leaf_weight=3812 238 70 52 50 559 88 1415 87 88 728 109 3929 74 309
leaf_count=3812 238 70 52 50 559 88 1415 87 88 728 109 3929 74 309
internal_value=-4.94365e-05 -0.00315137 0.00461288 0.00129632 0.00418021 0.0019452 0.00164957 0.00028038 0.00935566 -0.000889257 -0.00145232 0.000517153 0.0187435 0.0189237
internal_weight=11608 4543 731 679 629 7065 6977 5562 635 4927 4840 4112 183 397
internal_count=11608 4543 731 679 629 7065 6977 5562 635 4927 4840 4112 183 397
is_linear=0
shrinkage=0.02


Tree=230
num_leaves=15
num_cat=0
split_feature=17 3 3 5 16 9 3 3 9 2 7 2 2 13
split_gain=214.248 294.705 191.685 169.297 203.731 141.328 161.517 124.73 175.723 358.737 177.583 158.018 133.388 124.244
threshold=0.36352759361974468 64.861639486266014 54.135135135135144 1.5000000000000002 0.59925034486684681 0.31951603665521194 76.132641164203022 62.491925086917178 0.56663640032284113 0.71144680943172312 5.5000000000000009 0.61259177493044115 0.061067882357019258 2.5000000000000004
decision_type=10 10 8 2 10 2 8 10 2 10 2 10 10 10
left_child=2 -2 -1 5 7 -4 -7 8 9 11 -11 13 -9 -5
right_child=1 -3 3 4 -6 6 -8 12 -10 10 -12 -13 -14 -15
leaf_value=-0.027445336486240035 -0.017143367923223057 0.032967469564269811 -0.0054229681342516821 -0.0012437626362688759 0.034344350486993788 0.0022875914557055257 0.039676970206903965 -0.010474332850601188 0.041753912325258609 -0.0051104202939599164 -0.058152584242820743 0.032564319778135731 0.00078693504101291485 0.011229767692426371
leaf_weight=103 65 169 2880 562 75 361 53 453 54 51 50 95 5906 740
leaf_count=103 65 169 2880 562 75 361 53 453 54 51 50 95 5906 740
internal_value=0.000104205 0.0190478 -0.000285218 -3.72129e-05 0.0015364 -0.00385229 0.00707415 0.00122536 0.00630869 0.00503096 -0.0313689 0.00766259 -1.52908e-05 0.00584565
internal_weight=11617 234 11383 11280 7986 3294 414 7911 1552 1498 101 1397 6359 1302
internal_count=11617 234 11383 11280 7986 3294 414 7911 1552 1498 101 1397 6359 1302
is_linear=0
shrinkage=0.02


end of trees

feature_importances:
wt_carry_share=552
baseline_carry_share=326
wt_snap_share=296
baseline_target_share=214
wt_target_share=208
wt_team_total_plays=204
baseline_team_total_plays=180
baseline_snap_share=159
above_new_out_share=156
def_rush_epa_adj=155
above_long_out_share=149
weeks_missed=119
games_played_so_far=110
draft_tier_int=109
above_q_share=108
own_q_int=83
own_practice_int=57
is_cold_start_int=34
return_from_absence=15

parameters:
[boosting: gbdt]
[objective: regression]
[metric: rmse]
[tree_learner: serial]
[device_type: cpu]
[data_sample_strategy: bagging]
[data: ]
[valid: ]
[num_iterations: 231]
[learning_rate: 0.02]
[num_leaves: 15]
[num_threads: 1]
[seed: 42]
[deterministic: 0]
[force_col_wise: 0]
[force_row_wise: 0]
[histogram_pool_size: -1]
[max_depth: -1]
[min_data_in_leaf: 50]
[min_sum_hessian_in_leaf: 0.001]
[bagging_fraction: 0.8]
[pos_bagging_fraction: 1]
[neg_bagging_fraction: 1]
[bagging_freq: 5]
[bagging_seed: 400]
[bagging_by_query: 0]
[feature_fraction: 0.8]
[feature_fraction_bynode: 1]
[feature_fraction_seed: 30056]
[extra_trees: 0]
[extra_seed: 12879]
[early_stopping_round: 0]
[early_stopping_min_delta: 0]
[first_metric_only: 0]
[max_delta_step: 0]
[lambda_l1: 0]
[lambda_l2: 0]
[linear_lambda: 0]
[min_gain_to_split: 0]
[drop_rate: 0.1]
[max_drop: 50]
[skip_drop: 0.5]
[xgboost_dart_mode: 0]
[uniform_drop: 0]
[drop_seed: 17869]
[top_rate: 0.2]
[other_rate: 0.1]
[min_data_per_group: 100]
[max_cat_threshold: 32]
[cat_l2: 10]
[cat_smooth: 10]
[max_cat_to_onehot: 4]
[top_k: 20]
[monotone_constraints: ]
[monotone_constraints_method: basic]
[monotone_penalty: 0]
[feature_contri: ]
[forcedsplits_filename: ]
[refit_decay_rate: 0.9]
[cegb_tradeoff: 1]
[cegb_penalty_split: 0]
[cegb_penalty_feature_lazy: ]
[cegb_penalty_feature_coupled: ]
[path_smooth: 0]
[interaction_constraints: ]
[verbosity: -1]
[saved_feature_importance_type: 0]
[use_quantized_grad: 0]
[num_grad_quant_bins: 4]
[quant_train_renew_leaf: 0]
[stochastic_rounding: 1]
[linear_tree: 0]
[max_bin: 255]
[max_bin_by_feature: ]
[min_data_in_bin: 3]
[bin_construct_sample_cnt: 200000]
[data_random_seed: 175]
[is_enable_sparse: 1]
[enable_bundle: 1]
[use_missing: 1]
[zero_as_missing: 0]
[feature_pre_filter: 0]
[pre_partition: 0]
[two_round: 0]
[header: 0]
[label_column: ]
[weight_column: ]
[group_column: ]
[ignore_column: ]
[categorical_feature: ]
[forcedbins_filename: ]
[precise_float_parser: 0]
[parser_config_file: ]
[objective_seed: 16083]
[num_class: 1]
[is_unbalance: 0]
[scale_pos_weight: 1]
[sigmoid: 1]
[boost_from_average: 1]
[reg_sqrt: 0]
[alpha: 0.9]
[fair_c: 1]
[poisson_max_delta_step: 0.7]
[tweedie_variance_power: 1.5]
[lambdarank_truncation_level: 30]
[lambdarank_norm: 1]
[label_gain: ]
[lambdarank_position_bias_regularization: 0]
[eval_at: ]
[multi_error_top_k: 1]
[auc_mu_weights: ]
[num_machines: 1]
[local_listen_port: 12400]
[time_out: 120]
[machine_list_filename: ]
[machines: ]
[gpu_platform_id: -1]
[gpu_device_id: -1]
[gpu_use_dp: 0]
[num_gpu: 1]

end of parameters
