tree
version=v4
num_class=1
num_tree_per_iteration=1
label_index=0
max_feature_idx=20
objective=regression
feature_names=prior_epa_per_opp baseline_epa_per_opp rolling_epa_per_opp form_residual is_cold_start_int draft_tier_int def_short_pass_epa_adj def_deep_pass_epa_adj wt_air_yards_per_target wt_snap_share games_played_so_far def_used_fallback_int team_spread implied_total wt_target_share wt_air_yards_share wt_team_total_plays baseline_target_share baseline_air_yards_share baseline_snap_share baseline_team_total_plays
feature_infos=[-1.190114082110493:1.5626637372082437] [-1.190114082110493:1.5626637372082437] [-3.9271849622018635:5.4421632811427116] [-4.1447192190406437:5.5649277863618209] [0:1] [1:5] [-1.1976773517205141:0.51766782491140417] [-0.90098094100757076:1.9256437549098133] [-7:56] [0:1] [0:16] [0:1] [-20.5:20.5] [11.5:35.75] [0.016666666666666666:0.44444444444444442] [-0.11079802267631861:0.75152783262587475] [48:102] [0.027459954233409609:0.31418312387791741] [-0.024441132637853951:0.52051109616677871] [0:0.98999999999999999] [58.5:75.875]
tree_sizes=745 781 782 780 776 782 784 781 779 784 780 779 782 781 780 779 781 780 779 778 784 780 785 786 785 782 781 785 783 784 779 778 778 782 784 784 777 786 786 776 781 782 783 784 789 787 781 774 782 783 782 788 787 785 786 787 779 786 781 783 779 788 778 780 779 785 781 786 789 787 777 779 780 776 783 786 783 776 790 785 783 776 777 782 780 779 776 783 788 780 773 778 784 775 785 795 781 790 790 788 788 787 789 789 785 781 787 785 772 781 780 783 782 784 786 782 781 790 789 786 783 789 784 768 779 782 790 789 776 788 781 777 781 782 779 784 780 786 776 777 784 782 788 787 785 777 780 777 772 772 784 777 774 780 782 770 787 778 790 769 785 782 787 787 783 782 785 782 773 785 780 783 784 783 781 778 779 783 779 779 774 774 786 774 774 780 773 788 775 778 775 784 774 783 778 780 781 782 792 783 784 782 782 790 788 781 786 782 787 792 770 775 785 773 784 783 780 781 777 788 777 782 776 787 780 770 781 779 773 782 790 779 780 793 778 779 776 783 775 784 780 780 774 777 772 780 786 779 783 786

Tree=0
num_leaves=7
num_cat=0
split_feature=14 17 17 13 14 14
split_gain=65504 12274.5 8724.89 5616.29 3959.51 3666.81
threshold=0.17819214959024801 0.16365459593447199 0.19441960082846924 23.875000000000004 0.11372574699356132 0.11960447929253751
decision_type=10 2 2 10 10 8
left_child=1 4 -2 -4 -1 -3
right_child=2 5 3 -5 -6 -7
leaf_value=11.236528930568033 11.334284531065668 11.257872886737843 11.364627292671962 11.428805433483856 11.271313246499011 11.323653530224806
leaf_weight=3232 1938 436 1263 960 2200 1523
leaf_count=3232 1938 436 1263 960 2200 1523
internal_value=11.3018 11.2661 11.3653 11.3923 11.2506 11.309
internal_weight=11552 7391 4161 2223 5432 1959
internal_count=11552 7391 4161 2223 5432 1959
is_linear=0
shrinkage=1


Tree=1
num_leaves=7
num_cat=0
split_feature=14 17 17 13 14 14
split_gain=62910 11788.4 8379.38 5393.88 3802.71 3521.6
threshold=0.17819214959024801 0.16365459593447199 0.19441960082846924 23.875000000000004 0.11372574699356132 0.11960447929253751
decision_type=10 2 2 10 10 8
left_child=1 4 -2 -4 -1 -3
right_child=2 5 3 -5 -6 -7
leaf_value=-0.064634167649437413 0.031166323214477185 -0.043717091435891232 0.060902228621339767 0.12379680600048353 -0.030545537907088343 0.020747940046021755
leaf_weight=3232 1938 436 1263 960 2200 1523
leaf_count=3232 1938 436 1263 960 2200 1523
internal_value=-0.000640112 -0.0356595 0.0615633 0.0880632 -0.050828 0.00640044
internal_weight=11552 7391 4161 2223 5432 1959
internal_count=11552 7391 4161 2223 5432 1959
is_linear=0
shrinkage=0.02


Tree=2
num_leaves=7
num_cat=0
split_feature=14 19 13 18 14 14
split_gain=60418.8 11112.4 7799.75 5134.4 3270.35 3176.18
threshold=0.17819214959024801 0.69607692307692315 22.625000000000004 0.32617451392847069 0.11372574699356132 0.11556998979448595
decision_type=10 2 10 2 10 8
left_child=1 4 -2 -4 -1 -3
right_child=2 5 3 -5 -6 -7
leaf_value=-0.06583676098410865 0.031565632388345082 -0.043106761586031966 0.064901786597669528 0.13016474608399276 -0.031863345740467515 0.010341827238153635
leaf_weight=2980 1978 571 1464 719 1829 2011
leaf_count=2980 1978 571 1464 719 1829 2011
internal_value=-0.000627308 -0.0349463 0.060332 0.086397 -0.0529157 -0.00147814
internal_weight=11552 7391 4161 2183 4809 2582
internal_count=11552 7391 4161 2183 4809 2582
is_linear=0
shrinkage=0.02


Tree=3
num_leaves=7
num_cat=0
split_feature=14 19 13 14 18 18
split_gain=58093.3 11434 6641.22 5249.36 4585.89 2440.61
threshold=0.18255447790944893 0.60468750000000016 22.625000000000004 0.11372574699356132 0.32243258680480014 0.30185883165807209
decision_type=10 2 10 8 2 2
left_child=1 -1 -2 -3 -4 -5
right_child=2 3 4 5 -6 -7
leaf_value=-0.057097157223745011 0.034712574338415111 -0.050051057289764118 0.064683228251704597 -0.0051020067035730246 0.12704147580316683 0.038376576671960642
leaf_weight=3820 1843 914 1317 2253 735 670
leaf_count=3820 1843 914 1317 2253 735 670
internal_value=-0.000614764 -0.0326029 0.0622692 -0.00821714 0.0870192 0.004864
internal_weight=11552 7657 3895 3837 2052 2923
internal_count=11552 7657 3895 3837 2052 2923
is_linear=0
shrinkage=0.02


Tree=4
num_leaves=7
num_cat=0
split_feature=14 19 13 14 14 13
split_gain=55792.8 10981.2 6424.8 5041.48 3299.85 2382.76
threshold=0.18255447790944893 0.60468750000000016 23.875000000000004 0.11372574699356132 0.24575980226752381 25.375000000000004
decision_type=10 2 10 8 10 10
left_child=1 -1 -2 -3 -4 -5
right_child=2 3 4 5 -6 -7
leaf_value=-0.055955213078127015 0.03975792973924127 -0.049050035244974775 0.069750018445399381 -0.0054328216798372386 0.129417580973508 0.036735883402200797
leaf_weight=3820 2311 914 992 2216 592 707
leaf_count=3820 2311 914 992 2216 592 707
internal_value=-0.000602468 -0.0319508 0.0610238 -0.0080528 0.09205 0.00476672
internal_weight=11552 7657 3895 3837 1584 2923
internal_count=11552 7657 3895 3837 1584 2923
is_linear=0
shrinkage=0.02


Tree=5
num_leaves=7
num_cat=0
split_feature=14 19 17 14 17 9
split_gain=52470.5 10797.8 7569.99 4664.15 3174.58 2991.7
threshold=0.17949179052974226 0.60468750000000016 0.25460891492535026 0.11960447929253751 0.23499880070358725 0.71874530866340525
decision_type=10 2 2 8 2 10
left_child=1 -1 5 -3 -5 -2
right_child=2 3 -4 4 -6 -7
leaf_value=-0.056052512117041681 0.0028045176237501694 -0.043250959103216274 0.12024643315072611 0.00082438840995151675 0.09330171067220501 0.053338504100373961
leaf_weight=3775 559 1064 636 2465 158 2898
leaf_count=3775 559 1064 636 2465 158 2898
internal_value=-0.000711729 -0.032276 0.0568335 -0.00793199 0.00639489 0.0451671
internal_weight=11555 7462 4093 3687 2623 3457
internal_count=11555 7462 4093 3687 2623 3457
is_linear=0
shrinkage=0.02


Tree=6
num_leaves=7
num_cat=0
split_feature=14 19 17 14 13 17
split_gain=50392.6 10370.2 7270.22 4479.45 4084.27 3052.15
threshold=0.17949179052974226 0.60468750000000016 0.25460891492535026 0.11960447929253751 22.625000000000004 0.23710560625814867
decision_type=10 2 2 8 10 2
left_child=1 -1 4 -3 -2 -5
right_child=2 3 -4 5 -6 -7
leaf_value=-0.054931462550597478 0.022618984586112889 -0.042385939301789868 0.1178415043568883 0.0011248667132973185 0.066097211928054359 0.096782926823019144
leaf_weight=3775 1736 1064 636 2482 1721 141
leaf_count=3775 1736 1064 636 2482 1721 141
internal_value=-0.000697494 -0.0316305 0.0556968 -0.00777335 0.0442638 0.00626699
internal_weight=11555 7462 4093 3687 3457 2623
internal_count=11555 7462 4093 3687 3457 2623
is_linear=0
shrinkage=0.02


Tree=7
num_leaves=7
num_cat=0
split_feature=14 19 13 14 9 0
split_gain=48397.1 9959.55 6211.07 4302.06 3751.45 2785.3
threshold=0.17949179052974226 0.60468750000000016 22.625000000000004 0.11960447929253751 0.75232750242954338 0.37518478624795154
decision_type=10 2 10 8 10 10
left_child=1 -1 -2 -3 -4 -6
right_child=2 3 4 -5 5 -7
leaf_value=-0.053832831649482257 0.029156488860171668 -0.041538219683264425 0.02398484713571402 0.006141648936008888 0.070318671300122051 0.12238366207228853
leaf_weight=3775 1982 1064 408 2623 1010 693
leaf_count=3775 1982 1064 408 2623 1010 693
internal_value=-0.000683544 -0.0309979 0.0545829 -0.00761788 0.0784555 0.0915054
internal_weight=11555 7462 4093 3687 2111 1703
internal_count=11555 7462 4093 3687 2111 1703
is_linear=0
shrinkage=0.02


Tree=8
num_leaves=7
num_cat=0
split_feature=14 19 17 14 13 17
split_gain=46535.3 10057 6512.3 4325.07 3413.38 2913.76
threshold=0.18356859791903027 0.60468750000000016 0.25460891492535026 0.11960447929253751 23.625000000000004 0.21212150168561231
decision_type=10 2 2 8 10 2
left_child=1 -1 4 -3 -2 -5
right_child=2 3 -4 5 -6 -7
leaf_value=-0.052167800604720219 0.02746844090092088 -0.040707455139145032 0.1145111049675805 -0.00200017655387187 0.069283852473861804 0.054763571903615561
leaf_weight=3823 1931 1064 633 2366 1311 427
leaf_count=3823 1931 1064 633 2366 1311 427
internal_value=-0.000669873 -0.0291795 0.0558344 -0.00639386 0.0443778 0.00667799
internal_weight=11555 7680 3875 3857 3242 2793
internal_count=11555 7680 3875 3857 3242 2793
is_linear=0
shrinkage=0.02


Tree=9
num_leaves=7
num_cat=0
split_feature=14 19 17 14 13 17
split_gain=44692.5 9658.76 6254.41 4181.48 3278.21 3054.65
threshold=0.18356859791903027 0.60468750000000016 0.25460891492535026 0.10253973833159231 23.625000000000004 0.21212150168561231
decision_type=10 2 2 8 10 2
left_child=1 -1 4 -3 -2 -5
right_child=2 3 -4 5 -6 -7
leaf_value=-0.051124443874550431 0.026919072220817686 -0.051358078229089978 0.11222088474094703 -0.0045790884420166605 0.067898176511015082 0.051818715816142842
leaf_weight=3823 1931 678 633 2732 1311 447
leaf_count=3823 1931 678 633 2732 1311 447
internal_value=-0.000656475 -0.0285959 0.0547177 -0.00626598 0.0434902 0.00335102
internal_weight=11555 7680 3875 3857 3242 3179
internal_count=11555 7680 3875 3857 3242 3179
is_linear=0
shrinkage=0.02


Tree=10
num_leaves=7
num_cat=0
split_feature=14 14 17 17 13 9
split_gain=43469.4 8412.68 8312.02 5971.95 2776.11 2157.42
threshold=0.17374140152625786 0.11372574699356132 0.19441960082846924 0.16815811127083888 21.875000000000004 0.92238411883964211
decision_type=10 8 2 2 10 10
left_child=1 -1 -2 -3 -4 -6
right_child=2 3 4 -5 5 -7
leaf_value=-0.055625042666595563 0.020771746805911987 -0.028179106521717283 0.047631771021002384 0.022926856487398665 0.07727875848338879 0.13193939380681338
leaf_weight=3032 2147 2881 888 1340 1026 402
leaf_count=3032 2147 2881 888 1340 1026 402
internal_value=8.91499e-06 -0.0302106 0.0491198 -0.011955 0.0753992 0.0926664
internal_weight=11716 7253 4463 4221 2316 1428
internal_count=11716 7253 4463 4221 2316 1428
is_linear=0
shrinkage=0.02


Tree=11
num_leaves=7
num_cat=0
split_feature=14 14 17 17 13 14
split_gain=41786.4 8651.8 7352.86 5904.11 2636.08 2165.17
threshold=0.17731798984045979 0.11372574699356132 0.19441960082846924 0.16815811127083888 19.625000000000004 0.23157187122515271
decision_type=10 8 2 2 10 10
left_child=1 -1 -2 -3 -4 -6
right_child=2 3 4 -5 5 -7
leaf_value=-0.054512542094801865 0.022006330812403871 -0.026679265003254887 0.02858783554304116 0.022586937767545914 0.0590800183049498 0.10295703496114103
leaf_weight=3032 1985 2996 406 1441 766 1090
leaf_count=3032 1985 2996 406 1441 766 1090
internal_value=8.73692e-06 -0.0284731 0.0500983 -0.0106791 0.0747503 0.0848483
internal_weight=11716 7469 4247 4437 2262 1856
internal_count=11716 7469 4247 4437 2262 1856
is_linear=0
shrinkage=0.02


Tree=12
num_leaves=7
num_cat=0
split_feature=17 9 15 13 0 13
split_gain=38311.2 11032.8 6805.93 2820.76 2657.18 2446.25
threshold=0.18255910067779801 0.67332290720464594 0.30947197345060651 22.375000000000004 0.043767423798538145 22.375000000000004
decision_type=2 10 8 10 10 8
left_child=1 -1 4 -4 -2 -3
right_child=2 5 3 -5 -6 -7
leaf_value=-0.045267628696944298 -0.031937501490522976 -0.015494782473195886 0.04924390729769592 0.096554153740448914 0.033741419361155718 0.019587993028796255
leaf_weight=4626 293 1502 884 1173 1549 1689
leaf_count=4626 293 1502 884 1173 1549 1689
internal_value=8.56211e-06 -0.0255337 0.0512176 0.0762225 0.0232941 0.00307457
internal_weight=11716 7817 3899 2057 1842 3191
internal_count=11716 7817 3899 2057 1842 3191
is_linear=0
shrinkage=0.02


Tree=13
num_leaves=7
num_cat=0
split_feature=14 17 17 14 13 9
split_gain=39076 8517.57 6697.75 3257.44 2919.05 2400.62
threshold=0.16542964592994316 0.19441960082846924 0.16365459593447199 0.11372574699356132 21.875000000000004 0.44547572047922535
decision_type=10 2 2 8 10 10
left_child=2 -2 5 -4 -3 -1
right_child=1 4 3 -5 -6 -7
leaf_value=-0.056656324588502879 0.017018229354015008 0.041956180454051098 -0.04786402527738283 0.019117377066640271 0.087023627089391389 -0.029270093326884052
leaf_weight=2465 2512 938 376 1276 1485 2664
leaf_count=2465 2512 938 376 1276 1485 2664
internal_value=8.39079e-06 0.0428237 -0.0311512 0.00387222 0.069577 -0.0424319
internal_weight=11716 4935 6781 1652 2423 5129
internal_count=11716 4935 6781 1652 2423 5129
is_linear=0
shrinkage=0.02


Tree=14
num_leaves=7
num_cat=0
split_feature=14 14 17 17 13 13
split_gain=37567.5 7844.14 6495.48 5188.87 2453.73 2071.24
threshold=0.17731798984045979 0.11372574699356132 0.19441960082846924 0.16815811127083888 24.875000000000004 23.375000000000004
decision_type=10 8 2 2 10 10
left_child=1 -1 5 -3 -4 -2
right_child=2 3 4 -5 -6 -7
leaf_value=-0.051791813080409477 0.0035999834949240156 -0.025054190686733854 0.056409290644969162 0.021131578174314353 0.1010941605658949 0.04495070694914708
leaf_weight=3032 1145 2996 1540 1441 722 840
leaf_count=3032 1145 2996 1540 1441 722 840
internal_value=8.22278e-06 -0.0269975 0.047502 -0.0100545 0.0706721 0.0210985
internal_weight=11716 7469 4247 4437 2262 1985
internal_count=11716 7469 4247 4437 2262 1985
is_linear=0
shrinkage=0.02


Tree=15
num_leaves=7
num_cat=0
split_feature=17 9 17 15 13 0
split_gain=33243.2 8212.18 7484.22 4060.24 2923.94 2244.02
threshold=0.16929121725731897 0.67332290720464594 0.24453002781157659 0.28274019251934229 21.625000000000004 0.39730099993607387
decision_type=2 10 2 10 10 10
left_child=1 -1 3 5 -4 -2
right_child=2 -3 4 -5 -6 -7
leaf_value=-0.044453746991825187 -0.001325182994558218 0.0002533593337417295 0.04434189093376581 0.051149335288230006 0.11907063077859334 0.050753096598747681
leaf_weight=4387 1604 2628 325 1732 589 417
leaf_count=4387 1604 2628 325 1732 589 417
internal_value=-0.000186607 -0.0277053 0.0411769 0.0286781 0.0924986 0.00942031
internal_weight=11682 7015 4667 3753 914 2021
internal_count=11682 7015 4667 3753 914 2021
is_linear=0
shrinkage=0.02


Tree=16
num_leaves=7
num_cat=0
split_feature=17 9 17 15 13 13
split_gain=31926.8 7886.98 7187.85 3899.46 2808.15 2222.97
threshold=0.16929121725731897 0.67332290720464594 0.24453002781157659 0.28274019251934229 21.625000000000004 25.375000000000004
decision_type=2 10 2 10 10 10
left_child=1 -1 3 5 -4 -2
right_child=2 -3 4 -5 -6 -7
leaf_value=-0.043564671269444001 -0.0034819372811673538 0.00024829216237341891 0.043455053473063388 0.050126348562742895 0.11668921731349163 0.043837904231982999
leaf_weight=4387 1478 2628 325 1732 589 543
leaf_count=4387 1478 2628 325 1732 589 543
internal_value=-0.000182875 -0.0271512 0.0403534 0.0281046 0.0906486 0.0092319
internal_weight=11682 7015 4667 3753 914 2021
internal_count=11682 7015 4667 3753 914 2021
is_linear=0
shrinkage=0.02


Tree=17
num_leaves=7
num_cat=0
split_feature=14 17 18 13 17 13
split_gain=34378.2 6550.81 5019.45 2832.3 2813.6 2543.24
threshold=0.17819214959024801 0.15519370494816351 0.32056245008405942 25.375000000000004 0.24453002781157659 19.625000000000004
decision_type=10 2 2 10 2 10
left_child=1 -1 3 -2 -3 -4
right_child=2 4 5 -5 -6 -7
leaf_value=-0.038914360645872267 0.018224331278439004 -0.0038388583573955182 0.012264296616294555 0.064083077731904831 0.095491502766186995 0.08774748059302169
leaf_weight=5046 2080 2307 210 727 120 1192
leaf_count=5046 2080 2307 210 727 120 1192
internal_value=-0.000179218 -0.0259279 0.0455371 0.0301015 0.00107241 0.0764412
internal_weight=11682 7473 4209 2807 2427 1402
internal_count=11682 7473 4209 2807 2427 1402
is_linear=0
shrinkage=0.02


Tree=18
num_leaves=7
num_cat=0
split_feature=14 19 18 9 13 0
split_gain=33016.8 6768.41 4820.68 3355.69 2720.14 2484.32
threshold=0.17819214959024801 0.58031250000000012 0.32056245008405942 0.88394243249438575 25.375000000000004 0.36890215892140282
decision_type=10 2 2 8 10 10
left_child=1 -1 4 -3 -2 -4
right_child=2 3 5 -5 -6 -7
leaf_value=-0.044722821656605377 0.017859845236046775 -0.017463409214182515 0.052317971122822514 0.026095859037096613 0.062801416118099557 0.10628269580410227
leaf_weight=3682 2080 2850 815 941 727 587
leaf_count=3682 2080 2850 815 941 727 587
internal_value=-0.000175633 -0.0254093 0.0446263 -0.00665115 0.0294995 0.0749123
internal_weight=11682 7473 4209 3791 2807 1402
internal_count=11682 7473 4209 3791 2807 1402
is_linear=0
shrinkage=0.02


Tree=19
num_leaves=7
num_cat=0
split_feature=14 19 13 9 17 1
split_gain=31709.3 6525.26 4716.06 3153.39 3126.94 2159.87
threshold=0.17819214959024801 0.69607692307692315 22.625000000000004 0.92077717351920607 0.25460891492535026 0.35217435122102236
decision_type=10 2 10 8 2 2
left_child=1 -1 -2 -3 -4 -5
right_child=2 3 4 5 -6 -7
leaf_value=-0.038467874904695068 0.021632508243098411 -0.011174832303105049 0.053334216816117101 0.013913740266778671 0.11737540392581719 0.094726296013258215
leaf_weight=4894 2014 1991 1829 387 366 201
leaf_count=4894 2014 1991 1829 387 366 201
internal_value=-0.000172121 -0.0249011 0.0437338 0.000843549 0.0640126 0.0415384
internal_weight=11682 7473 4209 2579 2195 588
internal_count=11682 7473 4209 2579 2195 588
is_linear=0
shrinkage=0.02


Tree=20
num_leaves=7
num_cat=0
split_feature=14 19 14 13 9 14
split_gain=30764.2 5971.42 4472.14 2573.68 2570.6 2370.25
threshold=0.17819214959024801 0.70710416666666676 0.26633236404288912 18.375000000000004 0.86891814620541197 0.099864571574855926
decision_type=10 2 10 8 8 10
left_child=1 5 3 -2 -3 -1
right_child=2 4 -4 -5 -6 -7
leaf_value=-0.050260347605064926 -0.020027266003417248 -0.012766549432691805 0.085380097872918781 0.038733990389971905 0.031596257404591717 -0.022900001741751951
leaf_weight=2568 330 1612 808 3089 773 2499
leaf_count=2568 330 1612 808 3089 773 2499
internal_value=-3.63071e-05 -0.0244836 0.043063 0.0330624 0.00161184 -0.0367665
internal_weight=11679 7452 4227 3419 2385 5067
internal_count=11679 7452 4227 3419 2385 5067
is_linear=0
shrinkage=0.02


Tree=21
num_leaves=7
num_cat=0
split_feature=17 9 0 17 2 17
split_gain=27754.2 11269.8 4063.16 3055.2 2847.06 2389.35
threshold=0.19441960082846924 0.67332290720464594 0.37518478624795154 0.25993999817324659 0.03596403117233913 0.13263508846501251
decision_type=2 10 10 2 8 2
left_child=1 -1 -2 -4 -3 -6
right_child=2 4 3 -5 5 -7
leaf_value=-0.038857780860195819 0.034653795548860569 -0.020404835610452175 0.062062054972354473 0.13852962711066633 -0.0099968800765845439 0.031034561571881576
leaf_weight=4827 2075 1052 769 287 819 1850
leaf_count=4827 2075 1052 769 287 819 1850
internal_value=-3.55811e-05 -0.0186951 0.0509072 0.0828444 0.00746052 0.0184438
internal_weight=11679 8548 3131 1056 3721 2669
internal_count=11679 8548 3131 1056 3721 2669
is_linear=0
shrinkage=0.02


Tree=22
num_leaves=7
num_cat=0
split_feature=14 14 13 18 14 13
split_gain=28664.2 5527.6 4226.74 3532.59 3126.77 2262.86
threshold=0.17819214959024801 0.11372574699356132 24.125000000000004 0.21657623533094403 0.26633236404288912 18.375000000000004
decision_type=10 8 10 2 10 8
left_child=1 -1 5 -3 -4 -2
right_child=2 3 4 -5 -6 -7
leaf_value=-0.044499867650667914 -0.019088686768970405 -0.025993781168246643 0.052294762630740392 0.0098158311261659307 0.11966779408871497 0.033658670529619468
leaf_weight=3020 380 2380 1231 2052 355 2261
leaf_count=3020 380 2380 1231 2052 355 2261
internal_value=-3.48695e-05 -0.0236329 0.0415674 -0.00941406 0.0673751 0.0260691
internal_weight=11679 7452 4227 4432 1586 2641
internal_count=11679 7452 4227 4432 1586 2641
is_linear=0
shrinkage=0.02


Tree=23
num_leaves=7
num_cat=0
split_feature=14 17 17 14 9 14
split_gain=27529.1 5565.78 4409.17 2395.12 2164.49 2138.22
threshold=0.17819214959024801 0.15519370494816351 0.19441960082846924 0.26633236404288912 0.86891814620541197 0.099864571574855926
decision_type=10 2 2 10 8 10
left_child=1 5 -2 -4 -3 -1
right_child=2 4 3 -5 -6 -7
leaf_value=-0.048156879820049889 0.018462627643607423 -0.01183048222520355 0.04670091250478129 0.092150112082445348 0.028058954338222128 -0.022066603316013497
leaf_weight=2524 1931 1602 1651 645 824 2502
leaf_count=2524 1931 1602 1651 645 824 2502
internal_value=-3.41722e-05 -0.0231603 0.0407361 0.0594687 0.00171811 -0.0351688
internal_weight=11679 7452 4227 2296 2426 5026
internal_count=11679 7452 4227 2296 2426 5026
is_linear=0
shrinkage=0.02


Tree=24
num_leaves=7
num_cat=0
split_feature=14 17 17 13 9 14
split_gain=26438.9 5345.38 4234.57 2701.9 2078.77 2053.54
threshold=0.17819214959024801 0.15519370494816351 0.19441960082846924 24.875000000000004 0.86891814620541197 0.099864571574855926
decision_type=10 2 2 10 8 10
left_child=1 5 -2 -4 -3 -1
right_child=2 4 3 -5 -6 -7
leaf_value=-0.047193741497800284 0.018093375259217458 -0.011593872208366829 0.04309301162731461 0.089275360159773318 0.027497775120574764 -0.021625271098240684
leaf_weight=2524 1931 1602 1541 755 824 2502
leaf_count=2524 1931 1602 1541 755 824 2502
internal_value=-3.34886e-05 -0.0226971 0.0399213 0.0582793 0.00168375 -0.0344655
internal_weight=11679 7452 4227 2296 2426 5026
internal_count=11679 7452 4227 2296 2426 5026
is_linear=0
shrinkage=0.02


Tree=25
num_leaves=7
num_cat=0
split_feature=14 14 13 17 17 13
split_gain=24567.7 6179.92 3816.49 3570.68 3359.22 2201.88
threshold=0.18255447790944893 0.11372574699356132 19.625000000000004 0.13798762308019946 0.25460891492535026 25.375000000000004
decision_type=10 8 8 2 2 10
left_child=1 -1 -2 -3 -4 -5
right_child=2 3 4 5 -6 -7
leaf_value=-0.043669739816925075 -0.002215147246846131 -0.027430305514057573 0.040088240572771994 -0.0020664761910165886 0.094270764431846885 0.040242470740976963
leaf_weight=2991 700 1967 2703 2085 551 644
leaf_count=2991 700 1967 2703 2085 551 644
internal_value=-0.000361906 -0.0212 0.0401495 -0.00688839 0.049263 0.00791775
internal_weight=11641 7687 3954 4696 3254 2729
internal_count=11641 7687 3954 4696 3254 2729
is_linear=0
shrinkage=0.02


Tree=26
num_leaves=7
num_cat=0
split_feature=14 14 13 18 17 9
split_gain=23594.8 5935.2 3665.36 3443.77 3226.2 1770.08
threshold=0.18255447790944893 0.11372574699356132 19.625000000000004 0.21657623533094403 0.25460891492535026 0.74554057474587965
decision_type=10 8 8 2 2 10
left_child=1 -1 -2 -3 5 -4
right_child=2 3 4 -5 -6 -7
leaf_value=-0.04279634517823265 -0.0021708442313330516 -0.023086282245950863 0.0067061399460952974 0.011206196644100925 0.092385349407345871 0.047326365015555406
leaf_weight=2991 700 2459 535 2237 551 2168
leaf_count=2991 700 2459 535 2237 551 2168
internal_value=-0.000354668 -0.020776 0.0393465 -0.00675062 0.0482777 0.0392865
internal_weight=11641 7687 3954 4696 3254 2703
internal_count=11641 7687 3954 4696 3254 2703
is_linear=0
shrinkage=0.02


Tree=27
num_leaves=7
num_cat=0
split_feature=14 19 13 14 13 17
split_gain=22667.4 6371.49 3142.13 2959.59 2644.77 2515.33
threshold=0.18960183640841169 0.58031250000000012 23.625000000000004 0.11372574699356132 22.125000000000004 0.25460891492535026
decision_type=10 2 8 8 10 2
left_child=1 -1 -2 -3 -5 -4
right_child=2 3 5 4 -6 -7
leaf_value=-0.037927591524388994 0.023962740039386046 -0.032937210457330217 0.049713622741988824 -0.013253247697060478 0.022979116078370297 0.11316587061761252
leaf_weight=3790 1950 968 1363 1450 1814 306
leaf_count=3790 1950 968 1363 1450 1814 306
internal_value=-0.000347575 -0.0190927 0.0412036 -0.00222503 0.00688324 0.0613472
internal_weight=11641 8022 3619 4232 3264 1669
internal_count=11641 8022 3619 4232 3264 1669
is_linear=0
shrinkage=0.02


Tree=28
num_leaves=7
num_cat=0
split_feature=14 14 13 17 17 20
split_gain=21788.4 5526.93 3453.44 3252.38 3008.31 1996.85
threshold=0.18255447790944893 0.11372574699356132 19.625000000000004 0.16365459593447199 0.25460891492535026 69.031250000000014
decision_type=10 8 8 2 2 2
left_child=1 -1 -2 -3 -4 -5
right_child=2 3 4 5 -6 -7
leaf_value=-0.041214167383576979 -0.0024887478973051268 -0.01901430758042947 0.037797425125108475 0.0013168552499968841 0.089071868877932281 0.048361307122676299
leaf_weight=2991 700 2988 2703 1190 551 518
leaf_count=2991 700 2988 2703 1190 551 518
internal_value=-0.000340623 -0.0199646 0.0378106 -0.00643027 0.0464797 0.0155844
internal_weight=11641 7687 3954 4696 3254 1708
internal_count=11641 7687 3954 4696 3254 1708
is_linear=0
shrinkage=0.02


Tree=29
num_leaves=7
num_cat=0
split_feature=14 19 9 14 0 17
split_gain=20980.4 6191.64 3143.16 2615.29 2329.67 1649.68
threshold=0.1945854741672125 0.60468750000000016 0.72357307530911863 0.26633236404288912 0.48810437491632214 0.24453002781157659
decision_type=10 2 8 10 10 2
left_child=1 -1 -3 -2 5 -4
right_child=3 2 4 -5 -6 -7
leaf_value=-0.035439973727869167 0.031920954848561001 -0.021066382416782263 0.0033605922684682727 0.073428042974810981 0.075073858090407314 0.075953986378092517
leaf_weight=3983 2581 1785 2140 794 225 133
leaf_count=3983 2581 1785 2140 794 225 133
internal_value=-0.000333811 -0.0174904 -0.000798115 0.0416859 0.013685 0.00760825
internal_weight=11641 8266 4283 3375 2498 2273
internal_count=11641 8266 4283 3375 2498 2273
is_linear=0
shrinkage=0.02


Tree=30
num_leaves=7
num_cat=0
split_feature=17 19 13 17 13 15
split_gain=19966.8 5677.48 3502.73 2847.2 2303.87 1735.42
threshold=0.19441960082846924 0.58031250000000012 22.125000000000004 0.25460891492535026 22.375000000000004 0.15747090905777045
decision_type=2 2 8 2 10 8
left_child=1 -1 -2 -4 -3 -6
right_child=2 4 3 -5 5 -7
leaf_value=-0.031883693202214548 0.017386148926816163 -0.014676974803057052 0.04746549820852658 0.10467228036878151 -0.015207151537868493 0.023909451195623786
leaf_weight=4096 1182 2092 1449 458 607 1796
leaf_count=4096 1182 2092 1449 458 607 1796
internal_value=0.00082865 -0.0148515 0.0444376 0.0612047 0.000668832 0.0140286
internal_weight=11680 8591 3089 1907 4495 2403
internal_count=11680 8591 3089 1907 4495 2403
is_linear=0
shrinkage=0.02


Tree=31
num_leaves=7
num_cat=0
split_feature=19 13 9 9 0 18
split_gain=18362.5 5281.21 4236.11 3720.3 2147.76 2074.4
threshold=0.70710416666666676 21.625000000000004 0.84142352889627414 0.62340792846417414 0.36751948077924806 0.37074286341108559
decision_type=2 10 8 10 10 2
left_child=3 -2 5 -1 -4 -3
right_child=1 2 4 -5 -6 -7
leaf_value=-0.035433647001544152 0.0020276204498009161 0.012986294902863483 0.044472553547835907 -0.0031759994783926481 0.089203646707180742 0.087933181394405799
leaf_weight=3784 2115 1576 977 2299 766 163
leaf_count=3784 2115 1576 977 2299 766 163
internal_value=0.000812077 0.0269551 0.0420963 -0.0232422 0.0641306 0.0200112
internal_weight=11680 5597 3482 6083 1743 1739
internal_count=11680 5597 3482 6083 1743 1739
is_linear=0
shrinkage=0.02


Tree=32
num_leaves=7
num_cat=0
split_feature=14 17 19 14 17 17
split_gain=20048.6 4671.1 3434.76 2528.52 2075.59 1722.69
threshold=0.16004008948740742 0.19441960082846924 0.56656862745098058 0.27039491609131677 0.23710560625814867 0.13263508846501251
decision_type=10 2 2 10 2 2
left_child=2 5 -1 -3 -4 -2
right_child=1 3 4 -5 -6 -7
leaf_value=-0.03707794531440211 -0.014011522021337661 0.0389334112751843 -0.01082593934489484 0.08722543532291091 0.081762969771027566 0.021641012308979756
leaf_weight=3289 743 1911 3071 561 100 2005
leaf_count=3289 743 1911 3071 561 100 2005
internal_value=0.000795836 0.0299454 -0.0227584 0.0498929 -0.00790607 0.0120013
internal_weight=11680 5220 6460 2472 3171 2748
internal_count=11680 5220 6460 2472 3171 2748
is_linear=0
shrinkage=0.02


Tree=33
num_leaves=7
num_cat=0
split_feature=14 13 9 19 17 17
split_gain=19254.7 5083.79 3817.45 3298.74 2425.35 1993.4
threshold=0.16004008948740742 22.125000000000004 0.74359116419397187 0.56656862745098058 0.13328343313373256 0.23710560625814867
decision_type=10 8 10 2 2 2
left_child=3 -2 -3 -1 -4 -5
right_child=1 2 4 5 -6 -7
leaf_value=-0.036336386896874878 0.0054887590487608367 0.0055073131145588284 -0.0021980975092199336 -0.010609420780778043 0.06473692993485651 0.080127710300683982
leaf_weight=3289 2121 725 241 3071 2133 100
leaf_count=3289 2121 725 241 3071 2133 100
internal_value=0.000779919 0.0293465 0.045675 -0.0223033 0.0579419 -0.00774795
internal_weight=11680 5220 3099 6460 2374 3171
internal_count=11680 5220 3099 6460 2374 3171
is_linear=0
shrinkage=0.02


Tree=34
num_leaves=7
num_cat=0
split_feature=14 13 9 19 9 19
split_gain=18492.2 4882.47 3666.28 3168.11 1940.67 1845.29
threshold=0.16004008948740742 22.125000000000004 0.74359116419397187 0.56656862745098058 0.54740918566654484 0.62839583333333349
decision_type=10 8 10 2 8 2
left_child=3 -2 -3 -1 -5 -4
right_child=1 2 5 4 -6 -7
leaf_value=-0.035609659000151776 0.0053789839134250807 0.0053971670375976321 0.0042039000668252511 -0.03682875185540057 0.00078041139434981502 0.062696397043965346
leaf_weight=3289 2121 725 240 706 2465 2134
leaf_count=3289 2121 725 240 706 2465 2134
internal_value=0.000764321 0.0287595 0.0447615 -0.0218572 -0.00759299 0.0567831
internal_weight=11680 5220 3099 6460 3171 2374
internal_count=11680 5220 3099 6460 3171 2374
is_linear=0
shrinkage=0.02


Tree=35
num_leaves=7
num_cat=0
split_feature=14 14 17 1 17 2
split_gain=19319.3 4724.95 2934.83 2423.49 2481.58 2035.5
threshold=0.1945854741672125 0.11372574699356132 0.13798762308019946 0.19429765599085277 0.25460891492535026 0.55683190639542035
decision_type=10 8 2 2 2 8
left_child=1 -1 -3 -2 -5 -4
right_child=3 2 5 4 -6 -7
leaf_value=-0.036527570739287113 0.01505966879573859 -0.023611967964126807 -0.0049405670582413283 0.040949539617652429 0.091753609296654964 0.028519858797290795
leaf_weight=3014 1059 2071 2037 1843 486 1131
leaf_count=3014 1059 2071 2037 1843 486 1131
internal_value=-6.80366e-05 -0.0165761 -0.00509799 0.0401448 0.051551 0.00700506
internal_weight=11641 8253 5239 3388 2329 3168
internal_count=11641 8253 5239 3388 2329 3168
is_linear=0
shrinkage=0.02


Tree=36
num_leaves=7
num_cat=0
split_feature=17 9 0 17 13 9
split_gain=16938.8 6472.79 3329.33 2358.16 2181.3 2115.27
threshold=0.19441960082846924 0.70750507683933261 0.3519333781329349 0.25460891492535026 23.625000000000004 0.89723557882709437
decision_type=2 10 10 2 8 10
left_child=1 -1 5 -4 -3 -2
right_child=2 4 3 -5 -6 -7
leaf_value=-0.028494977038960798 0.010866002272032891 -0.0065060605113160634 0.047761685055733291 0.10987955593427501 0.026519326058278662 0.056569276130275375
leaf_weight=5231 1406 1911 795 353 1376 569
leaf_count=5231 1406 1911 795 353 1376 569
internal_value=-6.66759e-05 -0.0146748 0.039777 0.0668624 0.00731899 0.0240332
internal_weight=11641 8518 3123 1148 3287 1975
internal_count=11641 8518 3123 1148 3287 1975
is_linear=0
shrinkage=0.02


Tree=37
num_leaves=7
num_cat=0
split_feature=14 14 17 13 13 17
split_gain=18010.6 4433.48 2752.26 2439.21 2135.96 2122.22
threshold=0.1945854741672125 0.11372574699356132 0.13798762308019946 24.125000000000004 25.375000000000004 0.25460891492535026
decision_type=10 8 2 10 10 2
left_child=1 -1 -3 -2 -4 -5
right_child=3 2 4 5 -6 -7
leaf_value=-0.035330770827916975 0.025463028372379206 -0.022814886530853166 -0.0024074230015117999 0.047145223887133589 0.036015803074803975 0.11003879650276811
leaf_weight=3014 2099 2071 2406 1017 762 272
leaf_count=3014 2099 2071 2406 1017 762 272
internal_value=-6.53423e-05 -0.0160045 -0.00488602 0.0387616 0.00683453 0.0604168
internal_weight=11641 8253 5239 3388 3168 1289
internal_count=11641 8253 5239 3388 3168 1289
is_linear=0
shrinkage=0.02


Tree=38
num_leaves=7
num_cat=0
split_feature=14 14 17 13 17 0
split_gain=17297.3 4271.48 2601.65 2342.62 2038.18 1944.07
threshold=0.1945854741672125 0.12759345467562935 0.13263508846501251 24.125000000000004 0.25460891492535026 0.34791141331088665
decision_type=10 8 2 10 2 10
left_child=1 -1 -3 -2 -5 -4
right_child=3 2 5 4 -6 -7
leaf_value=-0.031505395048380208 0.024953767723204651 -0.024018264274489113 -0.0018715720969643746 0.046202319177598372 0.10783802012091175 0.033943697010585042
leaf_weight=3736 2099 1510 2165 1017 272 842
leaf_count=3736 2099 1510 2165 1017 272 842
internal_value=-6.40355e-05 -0.0156844 -0.00259884 0.0379863 0.0592085 0.00815718
internal_weight=11641 8253 4517 3388 1289 3007
internal_count=11641 8253 4517 3388 1289 3007
is_linear=0
shrinkage=0.02


Tree=39
num_leaves=7
num_cat=0
split_feature=17 9 0 17 13 9
split_gain=15332.1 5859.17 3075.46 2161.25 2030.71 1971.73
threshold=0.19441960082846924 0.70750507683933261 0.3519333781329349 0.25460891492535026 23.625000000000004 0.89723557882709437
decision_type=2 10 10 2 8 10
left_child=1 -1 5 -4 -3 -2
right_child=2 4 3 -5 -6 -7
leaf_value=-0.02710960639763714 0.01000000086235105 -0.0063747831721254547 0.045590601726306169 0.1050584635923672 0.025490227208092409 0.054125330445793686
leaf_weight=5231 1406 1911 795 353 1376 569
leaf_count=5231 1406 1911 795 353 1376 569
internal_value=-6.27548e-05 -0.0139608 0.0378442 0.0638765 0.00696451 0.0227126
internal_weight=11641 8518 3123 1148 3287 1975
internal_count=11641 8518 3123 1148 3287 1975
is_linear=0
shrinkage=0.02


Tree=40
num_leaves=7
num_cat=0
split_feature=14 19 0 13 9 17
split_gain=14260.8 4067.16 2552.21 2500.29 2650.56 1949.4
threshold=0.19298518001791062 0.69607692307692315 0.48810437491632214 23.875000000000004 0.90649441084227511 0.24453002781157659
decision_type=10 2 10 10 10 2
left_child=1 -1 5 -2 -5 -3
right_child=3 2 -4 4 -6 -7
leaf_value=-0.024848609899055529 0.020581894904892678 -0.0045516234412096316 0.07049732764113556 0.037404170897098007 0.098058359752886182 0.071455709421613695
leaf_weight=5139 2044 2728 216 970 410 142
leaf_count=5139 2044 2728 216 970 410 142
internal_value=0.000327553 -0.0139501 0.00419874 0.0346248 0.0554246 -0.000790982
internal_weight=11649 8225 3086 3424 1380 2870
internal_count=11649 8225 3086 3424 1380 2870
is_linear=0
shrinkage=0.02


Tree=41
num_leaves=7
num_cat=0
split_feature=14 19 0 13 17 17
split_gain=13696.1 3906.1 2451.14 2401.28 1909.78 1872.21
threshold=0.19298518001791062 0.69607692307692315 0.48810437491632214 23.875000000000004 0.25460891492535026 0.24453002781157659
decision_type=10 2 10 10 2 2
left_child=1 -1 5 -2 -5 -3
right_child=3 2 -4 4 -6 -7
leaf_value=-0.024351637436063042 0.020170256896801075 -0.0044605909714193967 0.069087381661628131 0.042100896610490289 0.099633376387434108 0.0700265955914494
leaf_weight=5139 2044 2728 216 1087 293 142
leaf_count=5139 2044 2728 216 1087 293 142
internal_value=0.000321002 -0.0136711 0.00411476 0.0339323 0.0543161 -0.000775162
internal_weight=11649 8225 3086 3424 1380 2870
internal_count=11649 8225 3086 3424 1380 2870
is_linear=0
shrinkage=0.02


Tree=42
num_leaves=7
num_cat=0
split_feature=14 19 0 13 9 17
split_gain=13153.8 3751.42 2354.08 2306.19 2529.91 1798.07
threshold=0.19298518001791062 0.69607692307692315 0.48810437491632214 23.875000000000004 0.90649441084227511 0.24453002781157659
decision_type=10 2 10 10 10 2
left_child=1 -1 5 -2 -5 -3
right_child=3 2 -4 4 -6 -7
leaf_value=-0.023864604731663585 0.019766851855205454 -0.0043713791910318257 0.067705633268363916 0.035624271673640025 0.094881915525124386 0.068626062712619007
leaf_weight=5139 2044 2728 216 970 410 142
leaf_count=5139 2044 2728 216 970 410 142
internal_value=0.000314582 -0.0133977 0.00403247 0.0332537 0.0532298 -0.000759659
internal_weight=11649 8225 3086 3424 1380 2870
internal_count=11649 8225 3086 3424 1380 2870
is_linear=0
shrinkage=0.02


Tree=43
num_leaves=7
num_cat=0
split_feature=14 19 13 9 17 9
split_gain=12632.9 3627.45 2251.72 2253.01 1921.6 1648.97
threshold=0.19298518001791062 0.58031250000000012 19.625000000000004 0.91645412704283491 0.24453002781157659 0.4517454129159944
decision_type=10 2 10 10 2 8
left_child=1 -1 -2 -4 5 -3
right_child=2 4 3 -5 -6 -7
leaf_value=-0.027406468009830022 -5.1783976614870858e-05 -0.042314863731046669 0.029461337366852049 0.069985928079644835 0.068630214851688257 0.00068660802869437891
leaf_weight=3816 678 393 1988 758 154 3862
leaf_count=3816 678 393 1988 758 154 3862
internal_value=0.00030829 -0.0131297 0.0325886 0.0406477 -0.000773193 -0.00328509
internal_weight=11649 8225 3424 2746 4409 4255
internal_count=11649 8225 3424 2746 4409 4255
is_linear=0
shrinkage=0.02


Tree=44
num_leaves=7
num_cat=0
split_feature=14 14 17 1 17 0
split_gain=12132.6 3548.42 2245.92 2152.02 2176.84 1902.62
threshold=0.19298518001791062 0.12667522335041101 0.13263508846501251 0.19429765599085277 0.25460891492535026 0.34791141331088665
decision_type=10 8 2 2 2 10
left_child=1 -1 -3 -2 -5 -4
right_child=3 2 5 4 -6 -7
leaf_value=-0.027337585405012507 0.0093454126762638322 -0.020637564733295758 -0.00056854951215223372 0.033215120511734066 0.081600327940390502 0.035396015641384539
leaf_weight=3716 1130 1530 2172 1827 467 807
leaf_count=3716 1130 1530 2172 1827 467 807
internal_value=0.000302125 -0.0128671 -0.000941623 0.0319368 0.0430651 0.00917412
internal_weight=11649 8225 4509 3424 2294 2979
internal_count=11649 8225 4509 3424 2294 2979
is_linear=0
shrinkage=0.02


Tree=45
num_leaves=7
num_cat=0
split_feature=14 14 13 13 9 14
split_gain=12278.9 3390.01 2484.6 1750.63 1342.57 1275.63
threshold=0.20000082808624622 0.12967980949069061 22.125000000000004 23.625000000000004 0.41083275309601236 0.29160047841770759
decision_type=10 8 10 10 10 10
left_child=1 4 -3 -2 -1 -5
right_child=3 2 -4 5 -6 -7
leaf_value=-0.040353033920657685 0.020733664772182438 -0.016942304809992634 0.012329896799975757 0.043441315025409523 -0.016503734988806008 0.10129923697666858
leaf_weight=1654 1774 2182 2476 1138 2200 176
leaf_count=1654 1774 2182 2476 1138 2200 176
internal_value=-0.000469398 -0.0128632 -0.00138241 0.0336938 -0.026739 0.0511909
internal_weight=11600 8512 4658 3088 3854 1314
internal_count=11600 8512 4658 3088 3854 1314
is_linear=0
shrinkage=0.02


Tree=46
num_leaves=7
num_cat=0
split_feature=17 14 13 2 14 1
split_gain=12502.8 3670.88 2514.88 2173.76 1996.45 1175.53
threshold=0.19441960082846924 0.12967980949069061 21.625000000000004 0.03596403117233913 0.21212257630324863 0.28716985286564073
decision_type=2 10 8 10 8 2
left_child=1 -1 -2 -3 -4 -6
right_child=2 3 4 -5 5 -7
leaf_value=-0.025662136856879438 0.0088724423626661015 -0.023396463381696375 0.020133433163738383 0.0095826644269695442 0.038921889433361945 0.077184140196528542
leaf_weight=4422 1068 1095 729 2962 548 776
leaf_count=4422 1068 1095 729 2962 548 776
internal_value=-0.00046001 -0.0130573 0.0337639 0.00068147 0.0467128 0.0613475
internal_weight=11600 8479 3121 4057 2053 1324
internal_count=11600 8479 3121 4057 2053 1324
is_linear=0
shrinkage=0.02


Tree=47
num_leaves=7
num_cat=0
split_feature=17 9 14 1 0 17
split_gain=12007.7 4134.49 2391.82 1365.04 1314.13 1560.91
threshold=0.19441960082846924 0.72357307530911863 0.20000082808624622 0.14771630181236092 0.188067549049552 0.25993999817324659
decision_type=2 10 8 2 10 2
left_child=1 -1 -2 -3 -4 -6
right_child=2 3 4 -5 5 -7
leaf_value=-0.023304309236438957 0.0069183588273668854 -0.013457496171310888 0.01948161790909415 0.015032724654385878 0.042661425333921719 0.088393125638588158
leaf_weight=5414 965 997 594 2068 1160 402
leaf_count=5414 965 997 594 2068 1160 402
internal_value=-0.00045081 -0.0127962 0.0330886 0.00576527 0.0448021 0.054431
internal_weight=11600 8479 3121 3065 2156 1562
internal_count=11600 8479 3121 3065 2156 1562
is_linear=0
shrinkage=0.02


Tree=48
num_leaves=7
num_cat=0
split_feature=17 9 13 17 13 2
split_gain=11532.2 3970.76 2394.22 1834.1 1805.98 1393.23
threshold=0.19441960082846924 0.72357307530911863 21.625000000000004 0.25586707038989204 25.375000000000004 -0.1393149532228071
decision_type=2 10 8 2 10 8
left_child=1 5 -2 -4 -3 -1
right_child=2 4 3 -5 -6 -7
leaf_value=-0.042299291833272482 0.008139854080500674 -0.0029031537363425936 0.03507397837947468 0.080841731327964225 0.033206083630583673 -0.017548945351608364
leaf_weight=1157 1068 2339 1605 448 726 4257
leaf_count=1157 1068 2339 1605 448 726 4257
internal_value=-0.000441794 -0.0125403 0.0324268 0.0450613 0.00564996 -0.0228382
internal_weight=11600 8479 3121 2053 3065 5414
internal_count=11600 8479 3121 2053 3065 5414
is_linear=0
shrinkage=0.02


Tree=49
num_leaves=7
num_cat=0
split_feature=17 9 13 14 13 2
split_gain=11075.5 3813.52 2299.41 1829.2 1734.46 1338.05
threshold=0.19441960082846924 0.72357307530911863 21.625000000000004 0.21212257630324863 25.375000000000004 -0.1393149532228071
decision_type=2 10 8 8 10 8
left_child=1 5 -2 -4 -3 -1
right_child=2 4 3 -5 -6 -7
leaf_value=-0.041453305130732691 0.0079770570935259397 -0.0028450907242258227 0.018718326952364629 0.058168394253758027 0.03254196193828645 -0.017197966350935245
leaf_weight=1157 1068 2339 729 1324 726 4257
leaf_count=1157 1068 2339 729 1324 726 4257
internal_value=-0.000432958 -0.0122895 0.0317783 0.0441601 0.00553696 -0.0223815
internal_weight=11600 8479 3121 2053 3065 5414
internal_count=11600 8479 3121 2053 3065 5414
is_linear=0
shrinkage=0.02


Tree=50
num_leaves=7
num_cat=0
split_feature=14 13 9 18 2 9
split_gain=9481.87 4212.12 3174 1524.54 1402.78 1302.53
threshold=0.13499045711055749 22.125000000000004 0.91989913731649653 0.32617451392847069 0.011069908380018836 0.44547572047922535
decision_type=8 10 10 2 10 10
left_child=5 4 3 -3 -2 -1
right_child=1 2 -4 -5 -6 -7
leaf_value=-0.036908078450731664 -0.019798106736020928 0.012631121647213101 0.067245950915703345 0.045782101669156042 0.0068141720718433987 -0.01433748595457838
leaf_weight=1856 1291 2817 651 691 2051 2278
leaf_count=1856 1291 2817 651 691 2051 2278
internal_value=-0.000150517 0.013253 0.0266878 0.0191611 -0.00346603 -0.0244708
internal_weight=11635 7501 4159 3508 3342 4134
internal_count=11635 7501 4159 3508 3342 4134
is_linear=0
shrinkage=0.02


Tree=51
num_leaves=7
num_cat=0
split_feature=17 1 14 14 19 2
split_gain=9675.37 3410.77 2561.76 2258.73 1339.28 1141.27
threshold=0.16365459593447199 0.37668364206069638 0.13499045711055749 0.21212257630324863 0.71643750000000017 0.031548986092222335
decision_type=2 2 10 8 2 10
left_child=2 3 -1 -2 -3 -4
right_child=1 4 5 -5 -6 -7
leaf_value=-0.025859077711215428 -0.0041958965989726078 -0.0052615981962428329 -0.02233438563246028 0.027740704679092971 0.052901409398672446 0.00838479755948442
leaf_weight=4109 1997 180 665 1592 1317 1775
leaf_count=4109 1997 180 665 1592 1317 1775
internal_value=-0.000147506 0.0205482 -0.0162199 0.00997046 0.0459079 1.25612e-05
internal_weight=11635 5086 6549 3589 1497 2440
internal_count=11635 5086 6549 3589 1497 2440
is_linear=0
shrinkage=0.02


Tree=52
num_leaves=7
num_cat=0
split_feature=17 0 14 17 14 13
split_gain=9292.23 3424.91 2460.32 1530.12 1525.21 1382.79
threshold=0.16365459593447199 0.25137460384361648 0.13499045711055749 0.25460891492535026 0.21427995973503175 25.375000000000004
decision_type=2 10 10 2 8 10
left_child=2 4 -1 5 -2 -3
right_child=1 3 -4 -5 -6 -7
leaf_value=-0.025341895909186195 -0.0079270158749136146 0.017236159622469653 1.2309998525764611e-05 0.068949681115002048 0.023106097699779397 0.052766983782141806
leaf_weight=4109 1597 1288 2440 487 1050 664
leaf_count=4109 1597 1288 2440 487 1050 664
internal_value=-0.000144556 0.0201372 -0.0158955 0.0372349 0.00438306 0.0293225
internal_weight=11635 5086 6549 2439 2647 1952
internal_count=11635 5086 6549 2439 2647 1952
is_linear=0
shrinkage=0.02


Tree=53
num_leaves=7
num_cat=0
split_feature=17 0 14 17 14 13
split_gain=8924.25 3289.28 2362.89 1469.52 1464.82 1328.03
threshold=0.16365459593447199 0.25137460384361648 0.13499045711055749 0.25460891492535026 0.21427995973503175 25.375000000000004
decision_type=2 10 10 2 8 10
left_child=2 4 -1 5 -2 -3
right_child=1 3 -4 -5 -6 -7
leaf_value=-0.024835058203437694 -0.0077684756343613937 0.016891436419686191 1.2063724530830247e-05 0.067570687923260084 0.022643976014178425 0.051711644505947285
leaf_weight=4109 1597 1288 2440 487 1050 664
leaf_count=4109 1597 1288 2440 487 1050 664
internal_value=-0.000141665 0.0197345 -0.0155776 0.0364902 0.0042954 0.028736
internal_weight=11635 5086 6549 2439 2647 1952
internal_count=11635 5086 6549 2439 2647 1952
is_linear=0
shrinkage=0.02


Tree=54
num_leaves=7
num_cat=0
split_feature=14 2 0 14 9 9
split_gain=8160.81 3540.25 2075.97 1833.11 1211.12 1140.28
threshold=0.13423769206245786 0.24310282082136034 0.10255102171374093 0.26633236404288912 0.41083275309601236 0.94805950982589604
decision_type=8 10 10 10 10 10
left_child=4 2 -2 -3 -1 -4
right_child=1 3 5 -5 -6 -7
leaf_value=-0.035973614959612168 -0.01895247930918724 0.020975088390227766 0.0066042472306067157 0.062257574453682782 -0.013837449628069695 0.055942282474362379
leaf_weight=1672 1529 3010 2299 502 2419 204
leaf_count=1672 1529 3010 2299 502 2419 204
internal_value=-0.000138832 0.0121958 -0.00059101 0.0268759 -0.0228845 0.0106254
internal_weight=11635 7544 4032 3512 4091 2503
internal_count=11635 7544 4032 3512 4091 2503
is_linear=0
shrinkage=0.02


Tree=55
num_leaves=7
num_cat=0
split_feature=14 14 2 13 13 17
split_gain=8768.44 3369.71 2041.37 1758.2 1584.49 1462.95
threshold=0.2082526732036277 0.11960447929253751 0.55171284816713362 25.875000000000004 22.125000000000004 0.13263508846501251
decision_type=10 8 10 10 10 2
left_child=1 -1 4 -2 -3 -6
right_child=3 2 -4 -5 5 -7
leaf_value=-0.02578984414703207 0.022461123200254934 -0.018490462516988708 0.023993142894153142 0.060769048399678241 -0.018286955411724738 0.016051031199056084
leaf_weight=3320 2088 2198 1105 622 724 1578
leaf_count=3320 2088 2198 1105 622 724 1578
internal_value=-0.000254916 -0.0098222 -0.000364111 0.0312536 -0.00634517 0.00525142
internal_weight=11635 8925 5605 2710 4500 2302
internal_count=11635 8925 5605 2710 4500 2302
is_linear=0
shrinkage=0.02


Tree=56
num_leaves=7
num_cat=0
split_feature=17 14 9 13 13 13
split_gain=8462.78 3213.7 2365.14 1599.61 1554.91 1242
threshold=0.17339103273247872 0.2082526732036277 0.43946796409052541 17.875000000000004 25.375000000000004 25.375000000000004
decision_type=2 8 10 8 10 10
left_child=2 5 -1 -4 -3 -2
right_child=1 4 3 -5 -6 -7
leaf_value=-0.028807468479683105 -0.006492622354184914 0.026839829088412055 -0.04339839156820282 -0.0014418029325418511 0.062043134858874457 0.031181590334876726
leaf_weight=2583 1464 1718 397 4304 709 460
leaf_count=2583 1464 1718 397 4304 709 460
internal_value=-0.000249818 0.0218198 -0.0134328 -0.00498504 0.0371238 0.00251473
internal_weight=11635 4351 7284 4701 2427 1924
internal_count=11635 4351 7284 4701 2427 1924
is_linear=0
shrinkage=0.02


Tree=57
num_leaves=7
num_cat=0
split_feature=17 14 14 2 0 2
split_gain=8127.66 3086.44 2292.52 1584.85 1438.97 1224.17
threshold=0.17339103273247872 0.2082526732036277 0.099864571574855926 0.23242639726442274 0.26003052049213399 0.066268513895205536
decision_type=2 8 10 10 8 10
left_child=2 3 -1 -2 -3 -4
right_child=1 4 5 -5 -6 -7
leaf_value=-0.02738366740064992 -0.016656763959234874 0.017555758894094768 -0.019523639799418221 0.019696180435641128 0.048979138158312382 0.002859671995105873
leaf_weight=2795 912 973 1438 1012 1454 3051
leaf_count=2795 912 973 1438 1012 1454 3051
internal_value=-0.000244822 0.0213834 -0.0131641 0.00246443 0.0363813 -0.00431057
internal_weight=11635 4351 7284 1924 2427 4489
internal_count=11635 4351 7284 1924 2427 4489
is_linear=0
shrinkage=0.02


Tree=58
num_leaves=7
num_cat=0
split_feature=9 2 18 13 9 13
split_gain=7183.18 2914.93 2857.49 1890.2 1726.44 1066.09
threshold=0.88564427408359903 -0.010666714196177592 0.32617451392847069 24.375000000000004 0.43946796409052541 18.125000000000004
decision_type=10 8 2 8 8 10
left_child=1 -1 4 5 -3 -2
right_child=3 2 -4 -5 -6 -7
leaf_value=-0.026574141884129807 -0.02282784259407827 -0.03118181101679527 0.033117250033255288 0.059526614577034301 -0.0014706454482716078 0.027166681356120766
leaf_weight=2398 202 914 859 735 5429 1098
leaf_count=2398 202 914 859 735 5429 1098
internal_value=-0.000239925 -0.00747514 -0.00111588 0.0338918 -0.0057519 0.0193983
internal_weight=11635 9600 7202 2035 6343 1300
internal_count=11635 9600 7202 2035 6343 1300
is_linear=0
shrinkage=0.02


Tree=59
num_leaves=7
num_cat=0
split_feature=14 14 13 17 13 13
split_gain=7631.23 3009.37 1807.7 1761.41 1594.98 958.661
threshold=0.2082526732036277 0.11960447929253751 22.125000000000004 0.13263508846501251 25.875000000000004 17.875000000000004
decision_type=10 8 10 2 10 8
left_child=1 -1 -3 -4 5 -2
right_child=4 2 3 -5 -6 -7
leaf_value=-0.02425021964963631 -0.025028657897242478 -0.012472591108929133 -0.013198414976317768 0.020252997115825157 0.057271278968044945 0.024793502237503463
leaf_weight=3320 168 2591 896 2118 622 1920
leaf_count=3320 168 2591 896 2118 622 1920
internal_value=-0.000235127 -0.00916046 -0.000222376 0.0103086 0.0291592 0.0207848
internal_weight=11635 8925 5605 3014 2710 2088
internal_count=11635 8925 5605 3014 2710 2088
is_linear=0
shrinkage=0.02


Tree=60
num_leaves=7
num_cat=0
split_feature=9 13 9 16 9 14
split_gain=7510.06 3197.21 2317.2 1749.61 1496.19 1122.41
threshold=0.70750507683933261 21.875000000000004 0.92077717351920607 79.973200186726572 0.41083275309601236 0.1945854741672125
decision_type=10 8 10 8 10 8
left_child=3 5 -3 4 -1 -2
right_child=1 2 -4 -5 -6 -7
leaf_value=-0.032481366096153957 -0.015314850284818323 0.020242286123273213 0.06037461362080649 0.011397465889452894 -0.010450098680924868 0.013052117307493356
leaf_weight=2185 1188 2747 728 824 2830 1052
leaf_count=2185 1188 2747 728 824 2830 1052
internal_value=0.000341095 0.0166396 0.0286499 -0.0156112 -0.020049 -0.00199251
internal_weight=11554 5715 3475 5839 5015 2240
internal_count=11554 5715 3475 5839 5015 2240
is_linear=0
shrinkage=0.02


Tree=61
num_leaves=7
num_cat=0
split_feature=14 19 0 14 14 13
split_gain=7129.42 2517.9 1989.03 1293.37 1105.05 1041.17
threshold=0.1945854741672125 0.69607692307692315 0.48810437491632214 0.27039491609131677 0.095147143898144423 21.875000000000004
decision_type=10 2 10 10 10 10
left_child=1 4 5 -2 -1 -3
right_child=3 2 -4 -5 -6 -7
leaf_value=-0.028303629031584548 0.01869958982434931 -0.013545389946503492 0.060101979738179628 0.0493065567128095 -0.0096626669574025603 0.010582677523063926
leaf_weight=2353 2589 1278 238 702 2769 1625
leaf_count=2353 2589 1278 238 702 2769 1625
internal_value=0.000334273 -0.00958057 0.00451771 0.0252283 -0.0182262 -3.93239e-05
internal_weight=11554 8263 3141 3291 5122 2903
internal_count=11554 8263 3141 3291 5122 2903
is_linear=0
shrinkage=0.02


Tree=62
num_leaves=7
num_cat=0
split_feature=9 13 17 9 13 14
split_gain=6992.35 3025.67 2899.16 2202.88 1072.13 1115.02
threshold=0.70750507683933261 21.875000000000004 0.21953089836131165 0.92077717351920607 16.875000000000004 0.18468384357032586
decision_type=10 8 2 10 10 8
left_child=2 4 -1 -3 -2 -6
right_child=1 3 -4 -5 5 -7
leaf_value=-0.01832753013454172 -0.042391341605807764 0.019540376707392434 0.045811723840959148 0.058670171140948989 -0.014047077808168357 0.015984677029306261
leaf_weight=5542 236 2747 297 728 888 1116
leaf_count=5542 236 2747 297 728 888 1116
internal_value=0.000327588 0.0160542 -0.0150651 0.0277379 -0.0020711 0.00267719
internal_weight=11554 5715 5839 3475 2240 2004
internal_count=11554 5715 5839 3475 2240 2004
is_linear=0
shrinkage=0.02


Tree=63
num_leaves=7
num_cat=0
split_feature=9 17 9 12 2 17
split_gain=6717 2605.55 2149.34 1358.97 1086.7 1056.71
threshold=0.71874530866340525 0.21953089836131165 0.92077717351920607 -7.2499999999999991 -0.13011713858586829 0.13263508846501251
decision_type=10 2 10 8 8 2
left_child=1 4 3 -2 -1 -5
right_child=2 -3 -4 5 -6 -7
leaf_value=-0.034117952849867343 -0.022512392098224292 0.041199404395350782 0.040317602681008778 -0.0074392628938135677 -0.012823961837408462 0.018836908380072695
leaf_weight=1218 465 321 1172 762 4502 3114
leaf_count=1218 465 321 1172 762 4502 3114
internal_value=0.000321036 -0.0142467 0.0162839 0.00979524 -0.0173582 0.0136712
internal_weight=11554 6041 5513 4341 5720 3876
internal_count=11554 6041 5513 4341 5720 3876
is_linear=0
shrinkage=0.02


Tree=64
num_leaves=7
num_cat=0
split_feature=9 13 17 9 13 15
split_gain=6456.36 2875.62 2681.58 2054.68 1012.92 1070.4
threshold=0.70750507683933261 21.875000000000004 0.21953089836131165 0.92077717351920607 16.875000000000004 0.35091844253493298
decision_type=10 8 2 10 10 8
left_child=2 4 -1 -3 -2 -6
right_child=1 3 -4 -5 5 -7
leaf_value=-0.017613975915910615 -0.04143471717866043 0.018899779411201974 0.044071501262410724 0.056690415594020632 -0.0067647865026126729 0.025756333958519683
leaf_weight=5542 236 2747 297 728 1441 563
leaf_count=5542 236 2747 297 728 1441 563
internal_value=0.000314615 0.0154265 -0.0144764 0.0268168 -0.00224368 0.00237164
internal_weight=11554 5715 5839 3475 2240 2004
internal_count=11554 5715 5839 3475 2240 2004
is_linear=0
shrinkage=0.02


Tree=65
num_leaves=7
num_cat=0
split_feature=14 18 9 13 14 2
split_gain=6054.84 2132.06 1441.03 1330.25 1215.86 1064.06
threshold=0.2041143801563797 0.2195142699522715 0.85183886912455919 19.625000000000004 0.26633236404288912 -0.010666714196177592
decision_type=10 2 8 8 10 10
left_child=1 5 -3 -2 -5 -1
right_child=3 2 -4 4 -6 -7
leaf_value=-0.028290016888168928 -0.0073704714650415695 -0.007353400870755992 0.018862106150346482 0.021222013825387246 0.05264963343400008 -0.0099093885421808799
leaf_weight=2092 453 2148 1376 1778 681 3167
leaf_count=2092 453 2148 1376 1778 681 3167
internal_value=-0.0008686 -0.0091548 0.00288285 0.0241237 0.0299256 -0.0172211
internal_weight=11695 8783 3524 2912 2459 5259
internal_count=11695 8783 3524 2912 2459 5259
is_linear=0
shrinkage=0.02


Tree=66
num_leaves=7
num_cat=0
split_feature=19 9 13 18 13 0
split_gain=5049.4 2459.41 2040.68 1111.82 1091.26 891.993
threshold=0.62062500000000009 0.91816227685079244 25.375000000000004 0.3496013829570877 20.875000000000004 0.069108556395647655
decision_type=2 8 10 2 8 8
left_child=-1 2 3 -2 -3 -4
right_child=1 4 5 -5 -6 -7
leaf_value=-0.017310507239355767 -0.0080438926169239585 0.0048077114458936147 -0.023612238307103094 0.023565993229391999 0.040743355691683955 0.029261222349377874
leaf_weight=4553 3545 468 142 509 1217 1261
leaf_count=4553 3545 468 142 509 1217 1261
internal_value=-0.000851228 0.0096415 0.00311984 -0.00407511 0.0307624 0.0239098
internal_weight=11695 7142 5457 4054 1685 1403
internal_count=11695 7142 5457 4054 1685 1403
is_linear=0
shrinkage=0.02


Tree=67
num_leaves=7
num_cat=0
split_feature=14 19 2 0 13 14
split_gain=5701.16 1956.86 1453.46 1283.74 1256.22 1152.52
threshold=0.2041143801563797 0.58031250000000012 0.57321640371943838 0.34662183020275145 19.625000000000004 0.26633236404288912
decision_type=10 2 8 10 8 10
left_child=1 -1 -3 -4 -2 -6
right_child=4 2 3 -5 5 -7
leaf_value=-0.019283547841643777 -0.0071881844621423064 -0.0078436566701897501 0.0037438163384518729 0.043560900638929971 0.020581514580831083 0.051179534142095695
leaf_weight=3964 453 3278 1078 463 1778 681
leaf_count=3964 453 3278 1078 463 1778 681
internal_value=-0.000834204 -0.00887475 -0.000312715 0.015707 0.0234172 0.0290554
internal_weight=11695 8783 4819 1541 2912 2459
internal_count=11695 8783 4819 1541 2912 2459
is_linear=0
shrinkage=0.02


Tree=68
num_leaves=7
num_cat=0
split_feature=14 18 9 13 14 13
split_gain=5478.56 1960.09 1412.23 1242.21 1176.05 1025.22
threshold=0.20000082808624622 0.2195142699522715 0.85183886912455919 19.625000000000004 0.26633236404288912 24.375000000000004
decision_type=10 2 8 8 10 10
left_child=1 5 -3 -2 -5 -1
right_child=3 2 -4 4 -6 -7
leaf_value=-0.022884469674284601 -0.0073159338911025487 -0.0074242748040015561 0.019009620020256485 0.019546366388892948 0.050155943735979945 -0.0039619494778138364
leaf_weight=3510 484 2091 1318 1911 681 1700
leaf_count=3510 484 2091 1318 1911 681 1700
internal_value=-0.000817519 -0.00899516 0.00279569 0.0220964 0.0275885 -0.0167101
internal_weight=11695 8619 3409 3076 2592 5210
internal_count=11695 8619 3409 3076 2592 5210
is_linear=0
shrinkage=0.02


Tree=69
num_leaves=7
num_cat=0
split_feature=14 14 17 13 13 14
split_gain=5262.39 1863.81 1643.94 1394.64 1158.94 1062.14
threshold=0.2041143801563797 0.099864571574855926 0.25993999817324659 20.875000000000004 19.625000000000004 0.26633236404288912
decision_type=10 8 2 10 8 10
left_child=1 -1 3 -3 -2 -6
right_child=4 2 -4 -5 5 -7
leaf_value=-0.023598703111264802 -0.0068981023035762593 -0.01698713815411626 0.076754606089682556 0.002740149200831668 0.019778957051377957 0.049152824582310503
leaf_weight=2389 453 2209 102 4083 1778 681
leaf_count=2389 453 2209 102 4083 1778 681
internal_value=-0.000801169 -0.00852612 -0.00289452 -0.00418572 0.0224984 0.0279138
internal_weight=11695 8783 6394 6292 2912 2459
internal_count=11695 8783 6394 6292 2912 2459
is_linear=0
shrinkage=0.02


Tree=70
num_leaves=7
num_cat=0
split_feature=17 2 9 2 9 17
split_gain=6346.89 2411.86 2273.72 1307.15 1000.71 1009.39
threshold=0.19441960082846924 0.28433144337009597 0.70408403706893219 0.0067930228381219296 0.92598999630928536 0.25205254515599346
decision_type=2 8 10 8 10 2
left_child=2 -2 -1 -4 5 -3
right_child=1 4 3 -5 -6 -7
leaf_value=-0.015885649878536849 0.006696795096304089 0.025690634251976225 -0.016457727394769722 0.01248911573272497 0.074737208305486164 0.067290578681210481
leaf_weight=5241 1458 1088 832 2496 303 297
leaf_count=5241 1458 1088 832 2496 303 297
internal_value=0.00124365 0.0255391 -0.00767612 0.0052524 0.041814 0.0346113
internal_weight=11715 3146 8569 3328 1688 1385
internal_count=11715 3146 8569 3328 1688 1385
is_linear=0
shrinkage=0.02


Tree=71
num_leaves=7
num_cat=0
split_feature=17 2 9 13 13 9
split_gain=6095.55 2316.35 2183.68 1607.69 1085.14 993.302
threshold=0.19441960082846924 0.28433144337009597 0.70408403706893219 20.875000000000004 18.625000000000004 0.81034800575009991
decision_type=2 8 10 8 10 10
left_child=2 4 -1 -4 -2 -6
right_child=1 -3 3 -5 5 -7
leaf_value=-0.015567936918500471 -0.032306895696868503 0.040977751653353461 -0.014976690474464449 0.014749376575581339 -0.011039976568223493 0.02713495510357615
leaf_weight=5241 240 1688 1075 2253 412 806
leaf_count=5241 240 1688 1075 2253 412 806
internal_value=0.00121877 0.0250283 -0.0075226 0.00514736 0.00656286 0.0142219
internal_weight=11715 3146 8569 3328 1458 1218
internal_count=11715 3146 8569 3328 1458 1218
is_linear=0
shrinkage=0.02


Tree=72
num_leaves=7
num_cat=0
split_feature=17 2 9 2 8 9
split_gain=5854.17 2224.62 2097.21 1248.55 1154.57 937.046
threshold=0.19441960082846924 0.28433144337009597 0.70408403706893219 0.0067930228381219296 14.991298381646869 0.95185386791959969
decision_type=2 8 10 8 10 10
left_child=2 5 -1 -4 -3 -2
right_child=1 4 3 -5 -6 -7
leaf_value=-0.015256578210882154 0.00013150266941669246 0.045132508808716852 -0.01617346117467745 0.012117033307144877 -0.014843486118529522 0.047236861395912294
leaf_weight=5241 1263 1548 832 2496 140 195
leaf_count=5241 1263 1548 832 2496 140 195
internal_value=0.0011944 0.0245278 -0.00737215 0.00504441 0.0401582 0.0064316
internal_weight=11715 3146 8569 3328 1688 1458
internal_count=11715 3146 8569 3328 1688 1458
is_linear=0
shrinkage=0.02


Tree=73
num_leaves=7
num_cat=0
split_feature=17 9 13 1 17 3
split_gain=5622.34 2020.78 1591.7 1409.27 1296.41 1105.66
threshold=0.19441960082846924 0.67332290720464594 22.375000000000004 0.37668364206069638 0.25993999817324659 0.12197828964951186
decision_type=2 10 8 2 2 10
left_child=1 -1 -3 5 -5 -2
right_child=3 2 -4 4 -6 -7
leaf_value=-0.015701302219870407 0.0025640793906126064 -0.010171388326048254 0.016112702194664201 0.029649209488118146 0.07977643514494244 0.032495622443949428
leaf_weight=4864 1252 1721 1984 801 278 815
leaf_count=4864 1252 1721 1984 801 278 815
internal_value=0.00117051 -0.0072247 0.00390355 0.0240372 0.0425643 0.0143658
internal_weight=11715 8569 3705 3146 1079 2067
internal_count=11715 8569 3705 3146 1079 2067
is_linear=0
shrinkage=0.02


Tree=74
num_leaves=7
num_cat=0
split_feature=19 13 0 9 14 18
split_gain=4614.26 2185.88 1825.37 1267.75 1217.86 1191.98
threshold=0.70933333333333348 20.875000000000004 0.36890215892140282 0.94805950982589604 0.097868399056300903 0.29850417666058454
decision_type=2 10 10 10 10 2
left_child=4 -2 3 -3 -1 -4
right_child=1 2 5 -5 -6 -7
leaf_value=-0.021343284998968617 -0.0044912964234206298 0.0082264590652587517 0.020728636232570454 0.061475455595045976 -0.0032754609417256324 0.058016226610801226
leaf_weight=2563 1714 2289 629 194 3572 754
leaf_count=2563 1714 2289 629 194 3572 754
internal_value=0.0011471 0.0143084 0.0226433 0.0123869 -0.0108236 0.0410575
internal_weight=11715 5580 3866 2483 6135 1383
internal_count=11715 5580 3866 2483 6135 1383
is_linear=0
shrinkage=0.02


Tree=75
num_leaves=7
num_cat=0
split_feature=17 0 9 9 13 2
split_gain=5288.8 2741.75 1649.13 1351.78 1275.51 1258.53
threshold=0.18255910067779801 0.3519333781329349 0.95185386791959969 0.47255543550536233 18.375000000000004 0.25576887678140275
decision_type=2 10 10 10 8 8
left_child=3 2 5 -1 -5 -2
right_child=1 -3 -4 4 -6 -7
leaf_value=-0.020568457687165493 -0.014669037220413697 0.041603318304296331 0.057721195883294031 -0.032285128077919334 0.00016133269574599606 0.015136753840411956
leaf_weight=2943 1065 1359 227 545 4375 1211
leaf_count=2943 1065 1359 227 545 4375 1211
internal_value=-0.000432651 0.0187337 0.00631674 -0.00984644 -0.00343284 0.00118984
internal_weight=11725 3862 2503 7863 4920 2276
internal_count=11725 3862 2503 7863 4920 2276
is_linear=0
shrinkage=0.02


Tree=76
num_leaves=7
num_cat=0
split_feature=17 1 9 9 13 2
split_gain=5079.37 2626.85 1583.41 1298.25 1225 1210.13
threshold=0.18255910067779801 0.35056385848701271 0.95185386791959969 0.47255543550536233 18.375000000000004 0.25576887678140275
decision_type=2 2 10 10 8 8
left_child=3 2 5 -1 -5 -2
right_child=1 -3 -4 4 -6 -7
leaf_value=-0.020157088542903288 -0.01437565660924419 0.040731629818787474 0.056566772024713392 -0.031639425553244734 0.00015810610847733915 0.014857116902789702
leaf_weight=2943 1065 1360 227 545 4375 1210
leaf_count=2943 1065 1360 227 545 4375 1210
internal_value=-0.000423998 0.0183591 0.00619812 -0.00964951 -0.00336418 0.00117232
internal_weight=11725 3862 2502 7863 4920 2275
internal_count=11725 3862 2502 7863 4920 2275
is_linear=0
shrinkage=0.02


Tree=77
num_leaves=7
num_cat=0
split_feature=14 1 13 18 20 20
split_gain=4373.97 1823.82 1434.4 1196.73 1152.71 1057.26
threshold=0.22907362117999416 0.34514894813548253 25.375000000000004 0.30496645407580131 68.27389705882355 71.093750000000014
decision_type=10 2 10 2 2 2
left_child=1 2 -1 -3 -2 -6
right_child=4 3 -4 -5 5 -7
leaf_value=-0.015212202222500327 0.012307756254892077 0.0020768319828217839 0.0063415640933067565 0.036762184239149391 0.058242806464349817 0.012375296415002257
leaf_weight=5872 989 1876 1564 505 622 297
leaf_count=5872 989 1876 1564 505 622 297
internal_value=-0.000415518 -0.00580084 -0.0106788 0.00943345 0.0272929 0.0434195
internal_weight=11725 9817 7436 2381 1908 919
internal_count=11725 9817 7436 2381 1908 919
is_linear=0
shrinkage=0.02


Tree=78
num_leaves=7
num_cat=0
split_feature=17 0 14 14 2 3
split_gain=4765.05 2469.11 1313.45 1202.92 969.25 952.561
threshold=0.18255910067779801 0.3519333781329349 0.23951318674798042 0.078533205647345852 0.041351752982810921 0.12197828964951186
decision_type=2 10 10 10 10 8
left_child=3 2 5 -1 -5 -2
right_child=1 -3 -4 4 -6 -7
leaf_value=-0.022255474381768225 -0.017283127820962269 0.039488176219645038 0.028580667709344868 -0.016902732493784173 0.00087662598697746473 0.012068252125699846
leaf_weight=2111 928 1359 730 1773 3979 845
leaf_count=2111 928 1359 730 1773 3979 845
internal_value=-0.000407207 0.0177854 0.00600192 -0.00934271 -0.00460369 -0.00329446
internal_weight=11725 3862 2503 7863 5752 1773
internal_count=11725 3862 2503 7863 5752 1773
is_linear=0
shrinkage=0.02


Tree=79
num_leaves=7
num_cat=0
split_feature=14 14 13 1 9 1
split_gain=4057.06 1701.16 1528.39 1110.56 933.478 831.109
threshold=0.22907362117999416 0.14102310882378796 22.125000000000004 0.19429765599085277 0.73403128849760957 0.48810437491632214
decision_type=10 8 8 2 10 2
left_child=1 -1 -3 -2 -4 -6
right_child=3 2 4 -5 5 -7
leaf_value=-0.014530343555824424 0.0024626854688499693 -0.010417780781664093 -1.7459647193298502e-06 0.036059285859747374 0.016591679834512464 0.06026113298870623
leaf_weight=4557 555 2227 1475 1353 1358 200
leaf_count=4557 555 2227 1475 1353 1358 200
internal_value=-0.000399063 -0.00558562 0.00216364 0.0262867 0.0114016 0.0221975
internal_weight=11725 9817 5260 1908 3033 1558
internal_count=11725 9817 5260 1908 3033 1558
is_linear=0
shrinkage=0.02


Tree=80
num_leaves=7
num_cat=0
split_feature=14 13 17 14 18 9
split_gain=4231.73 1838.44 1327.54 1162.65 978.759 929.08
threshold=0.15470539774823314 24.625000000000004 0.23710560625814867 0.22662388924705387 0.36598286948142367 0.90150399995955388
decision_type=10 8 2 10 2 10
left_child=2 3 -1 4 -2 -3
right_child=1 5 -4 -5 -6 -7
leaf_value=-0.012945934309294834 -0.0081332498399529617 0.019837672766482087 0.055065580648489487 0.019945283058066907 0.037792483609481689 0.051339877951004649
leaf_weight=6106 2168 1417 117 1202 203 509
leaf_count=6106 2168 1417 117 1202 203 509
internal_value=-0.000371097 0.0124123 -0.0116672 0.00392198 -0.00420119 0.028163
internal_weight=11722 5499 6223 3573 2371 1926
internal_count=11722 5499 6223 3573 2371 1926
is_linear=0
shrinkage=0.02


Tree=81
num_leaves=7
num_cat=0
split_feature=9 13 17 14 13 17
split_gain=4098 2012.33 1991.77 1184.89 960.046 1025.26
threshold=0.73109577151947913 24.125000000000004 0.21464364415733392 0.24575980226752381 17.125000000000004 0.13263508846501251
decision_type=10 8 2 10 10 2
left_child=2 4 -1 -3 -2 -6
right_child=1 3 -4 -5 5 -7
leaf_value=-0.014229993633257408 -0.0343447076903243 0.018764371468032233 0.031938210897396242 0.052950252629690227 -0.018747151217251911 0.011297431783721145
leaf_weight=5913 257 1521 399 553 554 2525
leaf_count=5913 257 1521 399 553 554 2525
internal_value=-0.000363675 0.0124095 -0.0113116 0.0278795 0.00279182 0.00589155
internal_weight=11722 5410 6312 2074 3336 3079
internal_count=11722 5410 6312 2074 3336 3079
is_linear=0
shrinkage=0.02


Tree=82
num_leaves=7
num_cat=0
split_feature=14 17 13 9 2 17
split_gain=3955.45 2520.24 1730.36 1545.57 1415.64 1252.76
threshold=0.14102310882378796 0.13263508846501251 29.125000000000004 0.94805950982589604 0.0067930228381219296 0.25460891492535026
decision_type=8 2 10 10 8 2
left_child=-1 -2 3 4 -3 -6
right_child=1 2 -4 -5 5 -7
leaf_value=-0.015010924899070972 -0.014124242263854432 -0.013122067484266952 0.06254146652386107 0.045851327230124 0.010302851176824649 0.046645981458180094
leaf_weight=4524 1509 938 290 501 3535 425
leaf_count=4524 1509 938 290 501 3535 425
internal_value=-0.000356402 0.00885408 0.0149491 0.0123927 0.00897032 0.0142033
internal_weight=11722 7198 5689 5399 4898 3960
internal_count=11722 7198 5689 5399 4898 3960
is_linear=0
shrinkage=0.02


Tree=83
num_leaves=7
num_cat=0
split_feature=9 13 17 2 14 13
split_gain=3822.38 1903.82 1871.8 1266.48 1112.38 920.3
threshold=0.73109577151947913 24.125000000000004 0.21464364415733392 -0.010666714196177592 0.24575980226752381 17.125000000000004
decision_type=10 8 2 8 10 10
left_child=2 5 3 -1 -3 -2
right_child=1 4 -4 -5 -6 -7
leaf_value=-0.028942126500861504 -0.033727583735021639 0.018202175427861334 0.031004411108175613 -0.0081117380584483454 0.051325561532137708 0.0056669880302829198
leaf_weight=1601 257 1521 399 4312 553 3079
leaf_count=1601 257 1521 399 4312 553 3079
internal_value=-0.000349274 0.0119869 -0.0109226 -0.0137518 0.027034 0.00263209
internal_weight=11722 5410 6312 5913 2074 3336
internal_count=11722 5410 6312 5913 2074 3336
is_linear=0
shrinkage=0.02


Tree=84
num_leaves=7
num_cat=0
split_feature=14 17 13 9 2 17
split_gain=3689.27 2381.61 1642.18 1473.73 1341.36 1180.21
threshold=0.14102310882378796 0.13263508846501251 29.125000000000004 0.94805950982589604 0.0067930228381219296 0.25460891492535026
decision_type=8 2 10 10 8 2
left_child=-1 -2 3 4 -3 -6
right_child=1 2 -4 -5 5 -7
leaf_value=-0.014495142539162835 -0.013784527996255022 -0.012859383632015907 0.06084175758744622 0.044659276215616099 0.0099536231059602128 0.045228727812100855
leaf_weight=4524 1509 938 290 501 3535 425
leaf_count=4524 1509 938 290 501 3535 425
internal_value=-0.000342288 0.00855289 0.0144779 0.0119875 0.0086456 0.0137395
internal_weight=11722 7198 5689 5399 4898 3960
internal_count=11722 7198 5689 5399 4898 3960
is_linear=0
shrinkage=0.02


Tree=85
num_leaves=7
num_cat=0
split_feature=14 13 9 17 2 16
split_gain=3192.94 2506.87 1918.94 1447.75 1179.35 1065.88
threshold=0.13661711441968641 18.125000000000004 0.94628889364506119 0.25586707038989204 0.045500287941795892 66.649060526419035
decision_type=8 8 10 2 10 10
left_child=-1 -2 3 4 -3 -5
right_child=1 2 -4 5 -6 -7
leaf_value=-0.013574352998158318 -0.030483770367692467 -0.0061985294328853382 0.047815383854579889 0.074525576447515188 0.012628988772807246 0.014477644267017276
leaf_weight=4229 614 2086 542 219 3676 257
leaf_count=4229 614 2086 542 219 3676 257
internal_value=0.000286402 0.00821406 0.0117186 0.00858222 0.00581292 0.0421047
internal_weight=11623 7394 6780 6238 5762 476
internal_count=11623 7394 6780 6238 5762 476
is_linear=0
shrinkage=0.02


Tree=86
num_leaves=7
num_cat=0
split_feature=14 13 9 17 0 13
split_gain=3066.5 2407.6 1842.95 1390.42 1027.46 906.331
threshold=0.13661711441968641 18.125000000000004 0.94628889364506119 0.25586707038989204 0.23060560107649355 23.375000000000004
decision_type=8 8 10 2 10 10
left_child=-1 -2 3 5 -5 -3
right_child=1 2 -4 4 -6 -7
leaf_value=-0.013302865975066672 -0.029874094935461684 -0.0017934262292200367 0.04685907583147618 -0.0051974284421542997 0.059846673656474149 0.01409680620071899
leaf_weight=4229 614 3046 542 136 340 2716
leaf_count=4229 614 3046 542 136 340 2716
internal_value=0.000280674 0.00804978 0.0114842 0.00841058 0.0412626 0.00569666
internal_weight=11623 7394 6780 6238 476 5762
internal_count=11623 7394 6780 6238 476 5762
is_linear=0
shrinkage=0.02


Tree=87
num_leaves=7
num_cat=0
split_feature=9 17 16 2 0 14
split_gain=2965.03 1547.75 1247.95 1165.01 911.273 826.517
threshold=0.84142352889627414 0.24571204547682055 66.695824436576189 -0.24477121143106415 0.40312250158398583 0.067432424538991856
decision_type=10 2 10 8 10 8
left_child=1 3 -3 -1 -2 -5
right_child=4 2 -4 5 -6 -7
leaf_value=-0.026077560269348307 0.010582308628881805 0.078658179168577314 -0.0048082339096425187 -0.02446994761119551 0.035243164067735422 -0.0020363636014956339
leaf_weight=1144 2235 154 134 732 819 6405
leaf_count=1144 2235 154 134 732 819 6405
internal_value=0.00027506 -0.00575547 0.0398231 -0.00734062 0.0171957 -0.00433724
internal_weight=11623 8569 288 8281 3054 7137
internal_count=11623 8569 288 8281 3054 7137
is_linear=0
shrinkage=0.02


Tree=88
num_leaves=7
num_cat=0
split_feature=14 13 13 9 12 2
split_gain=2864.12 2109.72 1271.18 1178.37 1091.19 941.835
threshold=0.12667522335041101 23.875000000000004 17.375000000000004 0.94628889364506119 -1.0000000180025095e-35 0.075341802031408306
decision_type=8 10 8 10 10 10
left_child=-1 2 -2 4 -3 -4
right_child=1 3 5 -5 -6 -7
leaf_value=-0.014313496335026741 -0.034478622677583746 0.05065620178969258 -0.0087282222636666362 0.064462326664828401 0.01207378931209825 0.0097919803038027005
leaf_weight=3681 416 333 1886 223 2454 2630
leaf_count=3681 416 333 1886 223 2454 2630
internal_value=0.000269559 0.00702859 -0.00102426 0.0202235 0.0166837 0.00205746
internal_weight=11623 7942 4932 3010 2787 4516
internal_count=11623 7942 4932 3010 2787 4516
is_linear=0
shrinkage=0.02


Tree=89
num_leaves=7
num_cat=0
split_feature=9 17 13 13 14 20
split_gain=2789.93 1472.64 1449.23 1164.6 1013.64 872.842
threshold=0.84142352889627414 0.24571204547682055 18.125000000000004 23.375000000000004 0.13661711441968641 72.545955882352956
decision_type=10 2 8 10 8 2
left_child=1 3 -2 -1 -5 -6
right_child=2 -3 -4 4 5 -7
leaf_value=-0.013644831387188623 -0.0258562259241489 0.038873249503473442 0.02114020606591676 -0.0095140931688671264 0.0068747021340699764 0.050111237406836588
leaf_weight=4721 290 288 2764 1723 1626 211
leaf_count=4721 290 288 2764 1723 1626 211
internal_value=0.000264168 -0.00558558 0.0166775 -0.00713178 0.00150532 0.0118409
internal_weight=11623 8569 3054 8281 3560 1837
internal_count=11623 8569 3054 8281 3560 1837
is_linear=0
shrinkage=0.02


Tree=90
num_leaves=7
num_cat=0
split_feature=17 0 9 13 14 9
split_gain=4187.67 1528.89 1166.82 1156.18 982.635 804.983
threshold=0.19441960082846924 0.085160313528718459 0.66003026723134051 19.125000000000004 0.26783667902379255 0.9316574835709539
decision_type=2 10 10 8 8 10
left_child=2 -2 -1 -3 -5 -6
right_child=1 3 -4 4 5 -7
leaf_value=-0.013267139955971492 -0.01346101565825163 -0.01070519544010361 0.0015754862081253217 0.02263158480762479 0.039373586637043559 0.090930774981776874
leaf_weight=4693 453 300 3862 1667 542 156
leaf_count=4693 453 300 3862 1667 542 156
internal_value=0.000665208 0.0205077 -0.0065667 0.0262818 0.0309736 0.0508964
internal_weight=11673 3118 8555 2665 2365 698
internal_count=11673 3118 8555 2665 2365 698
is_linear=0
shrinkage=0.02


Tree=91
num_leaves=7
num_cat=0
split_feature=14 13 1 19 9 3
split_gain=3251.88 1615.32 1558.73 1284.03 1043.3 849.256
threshold=0.1507993358189838 18.375000000000004 0.090406680578824519 0.7360477941176472 0.93737621359632362 -0.31021406519589118
decision_type=8 8 2 2 8 10
left_child=-1 -2 -3 5 -5 -4
right_child=1 2 3 4 -6 -7
leaf_value=-0.011596564239898145 -0.020364224736742178 -0.0098071039739399749 -0.012246317242482497 0.018366758208494021 0.04438462296582029 0.015275992077888313
leaf_weight=4975 644 1004 744 2340 837 1129
leaf_count=4975 644 1004 744 2340 837 1129
internal_value=0.000651904 0.00974956 0.0129529 0.0174779 0.0252213 0.00434348
internal_weight=11673 6698 6054 5050 3177 1873
internal_count=11673 6698 6054 5050 3177 1873
is_linear=0
shrinkage=0.02


Tree=92
num_leaves=7
num_cat=0
split_feature=17 13 2 14 15 1
split_gain=3912.55 1122.81 1105.17 1172.27 1037.7 1165.8
threshold=0.19441960082846924 19.625000000000004 -0.010666714196177592 0.11372574699356132 0.28274019251934229 0.22632580309356568
decision_type=2 8 10 10 8 2
left_child=2 -2 -1 -4 -3 -6
right_child=1 4 3 -5 5 -7
leaf_value=-0.0161558095358749 -0.0076116419416627371 0.0068640028829372972 -0.014194278726697762 0.0053457190162573562 0.0099848209977070421 0.044852879614529162
leaf_weight=2991 501 847 1830 3734 562 1208
leaf_count=2991 501 847 1830 3734 562 1208
internal_value=0.000638866 0.0198185 -0.00635145 -0.00108099 0.0250698 0.0337818
internal_weight=11673 3118 8555 5564 2617 1770
internal_count=11673 3118 8555 5564 2617 1770
is_linear=0
shrinkage=0.02


Tree=93
num_leaves=7
num_cat=0
split_feature=17 0 13 9 14 9
split_gain=3757.61 1402.49 1068.22 1065.44 876.594 892.215
threshold=0.19441960082846924 0.085160313528718459 17.875000000000004 0.67332290720464594 0.27039491609131677 0.9316574835709539
decision_type=2 10 8 10 8 10
left_child=3 -2 -3 -1 -4 -6
right_child=1 2 4 -5 5 -7
leaf_value=-0.012396263692170407 -0.013112194448232519 -0.0284212956692971 0.020629589612831126 0.0018470939097494903 0.035040968516909264 0.089643824914701631
leaf_weight=4848 453 142 1820 3707 550 153
leaf_count=4848 453 142 1820 3707 550 153
internal_value=0.000626089 0.0194221 0.0249524 -0.00622442 0.0279564 0.0469247
internal_weight=11673 3118 2665 8555 2523 703
internal_count=11673 3118 2665 8555 2523 703
is_linear=0
shrinkage=0.02


Tree=94
num_leaves=7
num_cat=0
split_feature=17 0 13 14 13 17
split_gain=3608.81 1346.96 1054.05 1088.8 1025.92 889.5
threshold=0.19441960082846924 0.085160313528718459 25.375000000000004 0.083296547764090345 17.875000000000004 0.13781224162553557
decision_type=2 10 10 8 8 2
left_child=2 -2 3 -1 -3 -4
right_child=1 4 5 -5 -6 -7
leaf_value=-0.027791829208413256 -0.012849950579552199 -0.027852869567159617 -0.0065867372434586296 -0.006273314155695665 0.02739723096606279 0.019700523094356683
leaf_weight=1141 453 142 1045 5354 2523 1015
leaf_count=1141 453 142 1045 5354 2523 1015
internal_value=0.000613567 0.0190337 -0.00609993 -0.0100535 0.0244533 0.00636548
internal_weight=11673 3118 8555 6495 2665 2060
internal_count=11673 3118 8555 6495 2665 2060
is_linear=0
shrinkage=0.02


Tree=95
num_leaves=7
num_cat=0
split_feature=9 2 14 18 0 3
split_gain=2662.36 2297.89 1582.51 914.399 845.084 804.408
threshold=0.94628889364506119 -0.0063968174567244204 0.11372574699356132 0.23374368533952386 0.34054888882734163 -0.15081840786072784
decision_type=10 8 8 2 8 10
left_child=1 -1 -3 5 -5 -4
right_child=-2 2 3 4 -6 -7
leaf_value=-0.018254435856486499 0.040334406338140831 -0.013270107106584906 -0.015423212849786861 0.0053203951110703182 0.025234893622561309 0.0067342297053815401
leaf_weight=2726 618 1871 969 1810 1611 2025
leaf_count=2726 618 1871 969 1810 1611 2025
internal_value=-5.91787e-05 -0.00232609 0.00291415 0.00763446 0.0146984 -0.000436967
internal_weight=11630 11012 8286 6415 3421 2994
internal_count=11630 11012 8286 6415 3421 2994
is_linear=0
shrinkage=0.02


Tree=96
num_leaves=7
num_cat=0
split_feature=17 9 0 9 17 13
split_gain=2582.95 1252.93 1180.91 881.606 800.911 662.31
threshold=0.19441960082846924 0.70750507683933261 0.085160313528718459 0.95185386791959969 0.13263508846501251 17.125000000000004
decision_type=2 10 10 8 2 8
left_child=1 -1 -2 -4 -3 -6
right_child=2 4 3 -5 5 -7
leaf_value=-0.011807824536330478 -0.014696282298733654 -0.010792397300269707 0.015010023307951146 0.044069662318402286 -0.033801560239808168 0.013007962266550096
leaf_weight=5227 438 1030 2104 521 128 2182
leaf_count=5227 438 1030 2104 521 128 2182
internal_value=-5.79951e-05 -0.00569381 0.015705 0.0207777 0.00387443 0.0104142
internal_weight=11630 8567 3063 2625 3340 2310
internal_count=11630 8567 3063 2625 3340 2310
is_linear=0
shrinkage=0.02


Tree=97
num_leaves=7
num_cat=0
split_feature=9 2 14 18 1 1
split_gain=2502.13 2189.39 1483.44 847.216 774.885 788.437
threshold=0.94628889364506119 -0.0063968174567244204 0.11372574699356132 0.23374368533952386 0.34054888882734163 0.59683744737641498
decision_type=10 8 8 2 2 2
left_child=1 -1 -3 -4 -5 -6
right_child=-2 2 3 4 5 -7
leaf_value=-0.017802221964599234 0.039102349806649304 -0.012808883385986632 -0.00033853954543485869 0.006989347732260163 0.032113095662891868 -0.020089379372869351
leaf_weight=2726 618 1871 2994 2167 1125 129
leaf_count=2726 618 1871 2994 2167 1125 129
internal_value=-5.68352e-05 -0.00225447 0.00286056 0.00743071 0.0142302 0.026743
internal_weight=11630 11012 8286 6415 3421 1254
internal_count=11630 11012 8286 6415 3421 1254
is_linear=0
shrinkage=0.02


Tree=98
num_leaves=7
num_cat=0
split_feature=17 2 0 9 0 3
split_gain=2406.94 1434.51 1123.83 1048.69 1164.56 827.228
threshold=0.19441960082846924 0.0067930228381219296 0.085160313528718459 0.43946796409052541 0.34468668973143701 0.15021843401984483
decision_type=2 10 10 10 8 8
left_child=1 -1 -2 -3 -5 -4
right_child=2 3 5 4 -6 -7
leaf_value=-0.016323335756881673 -0.014496663243565114 -0.014962155449819549 0.011855163118286067 -0.0050030819996221111 0.016188761640625271 0.035380862751383087
leaf_weight=3115 438 1303 1704 2072 2077 921
leaf_count=3115 438 1303 1704 2072 2077 921
internal_value=-5.56985e-05 -0.00549611 0.0151608 0.000690019 0.00560561 0.0201093
internal_weight=11630 8567 3063 5452 4149 2625
internal_count=11630 8567 3063 5452 4149 2625
is_linear=0
shrinkage=0.02


Tree=99
num_leaves=7
num_cat=0
split_feature=9 2 19 13 18 16
split_gain=2380.56 2038.59 1274.48 1240.69 835.857 635.748
threshold=0.94628889364506119 -0.0063968174567244204 0.62839583333333349 25.375000000000004 0.40549237421105194 69.364887584972081
decision_type=10 8 2 10 2 10
left_child=1 -1 -3 4 -4 -2
right_child=5 2 3 -5 -6 -7
leaf_value=-0.017200951815597502 0.021082841380041361 -0.0071385216962763318 0.00060328277440777555 0.024867060160215702 0.043899685773056342 0.06226342621004733
leaf_weight=2726 362 3205 3477 1416 188 256
leaf_count=2726 362 3205 3477 1416 188 256
internal_value=-5.45846e-05 -0.00219817 0.00273758 0.00896723 0.00282422 0.0381415
internal_weight=11630 11012 8286 5081 3665 618
internal_count=11630 11012 8286 5081 3665 618
is_linear=0
shrinkage=0.02


Tree=100
num_leaves=7
num_cat=0
split_feature=9 2 0 14 14 13
split_gain=2358.15 1386.4 1358.43 1148.81 1007.69 906.767
threshold=0.92077717351920607 -0.0063968174567244204 0.38370880139790903 0.11372574699356132 0.26633236404288912 24.125000000000004
decision_type=10 8 10 10 10 10
left_child=1 -1 3 -3 -2 -6
right_child=4 2 -4 -5 5 -7
leaf_value=-0.016579732622457707 0.014772830438453618 -0.015007473925285359 0.015717669678389192 0.0027436329746282364 0.030382713980295441 0.10042297511787737
leaf_weight=2587 860 2388 1771 3746 198 118
leaf_count=2587 860 2388 1771 3746 198 118
internal_value=-0.000860957 -0.00387114 0.000287893 -0.00416697 0.0259952 0.056537
internal_weight=11668 10492 7905 6134 1176 316
internal_count=11668 10492 7905 6134 1176 316
is_linear=0
shrinkage=0.02


Tree=101
num_leaves=7
num_cat=0
split_feature=9 2 0 14 14 12
split_gain=2264.77 1331.5 1304.63 1103.32 967.783 872.267
threshold=0.92077717351920607 -0.0063968174567244204 0.38370880139790903 0.11372574699356132 0.26633236404288912 3.2500000000000004
decision_type=10 8 10 10 10 10
left_child=1 -1 3 -3 -2 -6
right_child=4 2 -4 -5 5 -7
leaf_value=-0.01624813790096508 0.014477373690033052 -0.014707324299890155 0.015403316163892828 0.0026887602613441118 0.031124844765200197 0.1008786967288364
leaf_weight=2587 860 2388 1771 3746 206 110
leaf_count=2587 860 2388 1771 3746 206 110
internal_value=-0.000843738 -0.00379371 0.000282135 -0.00408363 0.0254753 0.0554062
internal_weight=11668 10492 7905 6134 1176 316
internal_count=11668 10492 7905 6134 1176 316
is_linear=0
shrinkage=0.02


Tree=102
num_leaves=7
num_cat=0
split_feature=9 2 0 14 14 12
split_gain=2175.09 1278.77 1252.97 1059.63 929.458 837.725
threshold=0.92077717351920607 -0.0063968174567244204 0.38370880139790903 0.11372574699356132 0.26633236404288912 3.2500000000000004
decision_type=10 8 10 10 10 10
left_child=1 -1 3 -3 -2 -6
right_child=4 2 -4 -5 5 -7
leaf_value=-0.015923175339738773 0.014187826367398335 -0.01441317793575396 0.015095249953493583 0.0026349851391919642 0.030502347020992956 0.09886112229051916
leaf_weight=2587 860 2388 1771 3746 206 110
leaf_count=2587 860 2388 1771 3746 206 110
internal_value=-0.000826864 -0.00371784 0.000276492 -0.00400196 0.0249658 0.0542981
internal_weight=11668 10492 7905 6134 1176 316
internal_count=11668 10492 7905 6134 1176 316
is_linear=0
shrinkage=0.02


Tree=103
num_leaves=7
num_cat=0
split_feature=9 13 14 13 12 0
split_gain=2088.95 1281.46 1081.95 1010.01 893.463 1195.34
threshold=0.92077717351920607 27.875000000000004 0.099864571574855926 16.875000000000004 -1.0000000180025095e-35 0.48810437491632214
decision_type=10 10 8 8 10 10
left_child=1 2 -1 -4 -2 -6
right_child=4 -3 3 -5 5 -7
leaf_value=-0.018586559533590601 0.0073568777764878414 0.019010153160432534 -0.038099159876267052 -0.0007648831353255747 0.028888823472360447 0.10434884135629617
leaf_weight=2074 599 912 302 7204 475 102
leaf_count=2074 599 912 302 7204 475 102
internal_value=-0.000810326 -0.00364348 -0.00580007 -0.00226701 0.0244664 0.0422284
internal_weight=11668 10492 9580 7506 1176 577
internal_count=11668 10492 9580 7506 1176 577
is_linear=0
shrinkage=0.02


Tree=104
num_leaves=7
num_cat=0
split_feature=9 13 0 12 0 19
split_gain=2006.23 1238.8 964.54 858.082 1148.01 770.745
threshold=0.92077717351920607 25.375000000000004 0.3856506986752733 -1.0000000180025095e-35 0.48810437491632214 0.32641025641025651
decision_type=10 10 10 10 10 2
left_child=1 2 -1 -2 -5 -3
right_child=3 5 -4 4 -6 -7
leaf_value=-0.010782287721832018 0.0072097403222760297 -0.016037600643776514 0.0073714260953009923 0.028311046878547456 0.10226186511453753 0.013314955508619558
leaf_weight=6477 599 429 1429 475 102 2157
leaf_count=6477 599 429 1429 475 102 2157
internal_value=-0.00079412 -0.00357061 -0.00750103 0.0239771 0.0413838 0.00844556
internal_weight=11668 10492 7906 1176 577 2586
internal_count=11668 10492 7906 1176 577 2586
is_linear=0
shrinkage=0.02


Tree=105
num_leaves=7
num_cat=0
split_feature=17 13 9 10 17 14
split_gain=2126.42 1866.54 1102.16 1047.66 931.719 897.5
threshold=0.13622886536714876 25.375000000000004 0.95185386791959969 2.5000000000000004 0.24571204547682055 0.29160047841770759
decision_type=2 10 10 2 2 10
left_child=-1 2 3 4 -2 -3
right_child=1 5 -4 -5 -6 -7
leaf_value=-0.010080984939597235 0.010787413595459682 0.021003705023138732 0.036952357002078218 -0.0054096535267500068 0.073448174089755652 0.075526312575890472
leaf_weight=4510 908 1700 329 4023 106 130
leaf_count=4510 908 1700 329 4023 106 130
internal_value=0.000686336 0.00743461 0.00148617 -0.000830367 0.0173377 0.0248769
internal_weight=11706 7196 5366 5037 1014 1830
internal_count=11706 7196 5366 5037 1014 1830
is_linear=0
shrinkage=0.02


Tree=106
num_leaves=7
num_cat=0
split_feature=14 13 14 13 16 9
split_gain=2001.78 1164.68 817.518 809.682 757.198 878.184
threshold=0.15470539774823314 25.375000000000004 0.29160047841770759 16.875000000000004 78.875224768409268 0.24569412401138566
decision_type=10 10 10 8 8 10
left_child=4 3 -3 -2 5 -1
right_child=1 2 -4 -5 -6 -7
leaf_value=-0.024343000614961866 -0.035073516058921811 0.020453766209769419 0.072982963787690369 0.0061940096461498909 0.0098350398373975544 -0.005360547210619496
leaf_weight=1282 200 1243 131 3872 909 4069
leaf_count=1282 200 1243 131 3872 909 4069
internal_value=0.000672609 0.00953972 0.025462 0.00416712 -0.00704149 -0.00990839
internal_weight=11706 5446 1374 4072 6260 5351
internal_count=11706 5446 1374 4072 6260 5351
is_linear=0
shrinkage=0.02


Tree=107
num_leaves=7
num_cat=0
split_feature=17 13 9 10 0 14
split_gain=1991.33 1746.14 1055.06 999.953 1116.07 822.813
threshold=0.13622886536714876 25.375000000000004 0.95185386791959969 2.5000000000000004 0.34468668973143701 0.29160047841770759
decision_type=2 10 10 2 10 10
left_child=-1 2 3 4 -2 -3
right_child=1 5 -4 -5 -6 -7
leaf_value=-0.0097605350312996667 0.0052353037190587485 0.020351379750249907 0.036136370988047506 -0.0053041501926183437 0.054600269352706773 0.072556127593207814
leaf_weight=4510 774 1700 329 4023 240 130
leaf_count=4510 774 1700 329 4023 240 130
internal_value=0.000659157 0.00718956 0.00143616 -0.000830337 0.0169193 0.0240599
internal_weight=11706 7196 5366 5037 1014 1830
internal_count=11706 7196 5366 5037 1014 1830
is_linear=0
shrinkage=0.02


Tree=108
num_leaves=7
num_cat=0
split_feature=14 13 14 7 7 16
split_gain=1884.68 1078.41 986.63 957.412 949.654 709.862
threshold=0.15470539774823314 19.625000000000004 0.26633236404288912 0.08141054877604921 0.2458213369234353 78.875224768409268
decision_type=10 8 10 2 2 8
left_child=5 -2 -3 -4 -5 -1
right_child=1 2 3 4 -6 -7
leaf_value=-0.0096149479677702949 -0.009666772760515004 0.009308670882372758 -0.018022530249927355 0.097216008925332428 0.032922265752317097 0.0095013911651813197
leaf_weight=5351 987 3739 115 113 492 909
leaf_count=5351 987 3739 115 113 492 909
internal_value=0.000645974 0.00924983 0.013437 0.0348758 0.0449308 -0.00683911
internal_weight=11706 5446 4459 720 605 6260
internal_count=11706 5446 4459 720 605 6260
is_linear=0
shrinkage=0.02


Tree=109
num_leaves=7
num_cat=0
split_feature=17 13 9 10 1 18
split_gain=1870.61 1659.57 1003.59 953.241 1068.49 775.03
threshold=0.13622886536714876 25.375000000000004 0.95185386791959969 2.5000000000000004 0.34514894813548253 0.32617451392847069
decision_type=2 10 10 2 2 2
left_child=-1 2 3 4 -2 -3
right_child=1 5 -4 -5 -6 -7
leaf_value=-0.0094658601262085015 0.005040798380499277 0.015954894658005071 0.035196578279816995 -0.0052251228585035048 0.053342094241719068 0.046135022443846964
leaf_weight=4510 774 1378 329 4023 240 452
leaf_count=4510 774 1378 329 4023 240 452
internal_value=0.000633054 0.00696242 0.00135346 -0.000857056 0.0164731 0.0234092
internal_weight=11706 7196 5366 5037 1014 1830
internal_count=11706 7196 5366 5037 1014 1830
is_linear=0
shrinkage=0.02


Tree=110
num_leaves=7
num_cat=0
split_feature=14 13 2 9 7 0
split_gain=1978.39 1406.58 1189.42 1043.4 810.585 656.939
threshold=0.12967980949069061 16.875000000000004 0.066268513895205536 0.7114175378045472 -0.13092129249033832 0.08214755035047093
decision_type=8 8 10 8 2 8
left_child=-1 -2 3 -3 -4 -6
right_child=1 2 4 -5 5 -7
leaf_value=-0.011014021907960582 -0.036891786747922505 -0.028795156590678481 -0.015679283476239592 0.00339322901104182 -0.0028316056196308931 0.019459017135919323
leaf_weight=3857 288 491 339 2243 613 3853
leaf_count=3857 288 491 339 2243 613 3853
internal_value=0.000709621 0.00648681 0.00814394 -0.00238749 0.0141362 0.0163994
internal_weight=11684 7827 7539 2734 4805 4466
internal_count=11684 7827 7539 2734 4805 4466
is_linear=0
shrinkage=0.02


Tree=111
num_leaves=7
num_cat=0
split_feature=14 13 2 9 7 0
split_gain=1900.04 1350.88 1142.31 1002.08 778.486 630.924
threshold=0.12967980949069061 16.875000000000004 0.066268513895205536 0.7114175378045472 -0.13092129249033832 0.08214755035047093
decision_type=8 8 10 8 2 8
left_child=-1 -2 3 -3 -4 -6
right_child=1 2 4 -5 5 -7
leaf_value=-0.010793741450829508 -0.036153951142914593 -0.028219253491845491 -0.015365697794585629 0.0033253642999680443 -0.0027749733545712604 0.019069836838915968
leaf_weight=3857 288 491 339 2243 613 3853
leaf_count=3857 288 491 339 2243 613 3853
internal_value=0.000695429 0.00635708 0.00798106 -0.00233974 0.0138535 0.0160714
internal_weight=11684 7827 7539 2734 4805 4466
internal_count=11684 7827 7539 2734 4805 4466
is_linear=0
shrinkage=0.02


Tree=112
num_leaves=7
num_cat=0
split_feature=9 13 17 13 9 16
split_gain=1806.26 1740.29 1056.58 926.266 812.808 746.388
threshold=0.72357307530911863 22.375000000000004 0.21953089836131165 16.875000000000004 0.94805950982589604 61.435034151750735
decision_type=10 8 2 10 10 10
left_child=2 3 -1 -2 -3 -4
right_child=1 4 5 -5 -6 -7
leaf_value=-0.0087746250933412873 -0.042548024491952344 0.01536688495477383 0.060398294148491884 0.0002761472678035896 0.048319195481467646 -0.00015893383850825243
leaf_weight=5803 222 2750 153 2246 336 174
leaf_count=5803 222 2750 153 2246 336 174
internal_value=0.00068152 0.00894288 -0.00680357 -0.00357595 0.0189547 0.0281752
internal_weight=11684 5554 6130 2468 3086 327
internal_count=11684 5554 6130 2468 3086 327
is_linear=0
shrinkage=0.02


Tree=113
num_leaves=7
num_cat=0
split_feature=14 13 18 7 9 0
split_gain=1779.52 1256.75 1034.44 894.049 790.376 924.931
threshold=0.12967980949069061 22.375000000000004 0.32617451392847069 0.17632205098877649 0.71874530866340525 0.57990493859305448
decision_type=8 8 2 2 10 8
left_child=-1 3 4 -2 -3 -6
right_child=1 2 -4 -5 5 -7
leaf_value=-0.010450914167827547 -0.018240203147433656 -0.0033006554109465455 0.031484898056403018 0.0038942713924812605 0.0090332695300263111 0.04196087796658534
leaf_weight=3857 1058 1431 966 2354 1583 435
leaf_count=3857 1058 1431 966 2354 1583 435
internal_value=0.00066789 0.00614703 0.0131923 -0.00296923 0.00806883 0.0161311
internal_weight=11684 7827 4415 3412 3449 2018
internal_count=11684 7827 4415 3412 3449 2018
is_linear=0
shrinkage=0.02


Tree=114
num_leaves=7
num_cat=0
split_feature=9 13 13 1 13 8
split_gain=1672.72 1607.34 888.87 839.881 727.699 710.243
threshold=0.72357307530911863 22.375000000000004 16.875000000000004 0.19429765599085277 25.375000000000004 17.874661950312021
decision_type=10 8 10 2 10 10
left_child=4 2 -2 -3 -1 -6
right_child=1 3 -4 -5 5 -7
leaf_value=-0.010417082970686688 -0.041603755253526539 0.0021547644636059392 0.00034704813793511399 0.025000036137837849 0.0097788366431420595 -0.041992102995595852
leaf_weight=4661 222 915 2246 2171 1354 115
leaf_count=4661 222 915 2246 2171 1354 115
internal_value=0.000654532 0.00860463 -0.00342648 0.0182264 -0.00654854 0.00572597
internal_weight=11684 5554 2468 3086 6130 1469
internal_count=11684 5554 2468 3086 6130 1469
is_linear=0
shrinkage=0.02


Tree=115
num_leaves=7
num_cat=0
split_feature=18 2 14 0 15 18
split_gain=1744.62 1177.79 818.406 651.841 1047.39 755.222
threshold=0.34854571737603746 0.0067930228381219296 0.10253973833159231 0.34662183020275145 0.41430069994034446 0.39115333124546153
decision_type=2 8 8 10 10 2
left_child=1 -1 -3 -2 5 -5
right_child=3 2 -4 4 -6 -7
leaf_value=-0.013299323474953773 0.011446727863084816 -0.011293107537597477 0.0051596701824521184 0.088632662183912109 -0.0057129974596535982 0.029221779192547974
leaf_weight=2721 707 1498 6276 179 134 164
leaf_count=2721 707 1498 6276 179 134 164
internal_value=0.00062184 -0.00197451 0.00198933 0.0236359 0.0417025 0.0602263
internal_weight=11679 10495 7774 1184 477 343
internal_count=11679 10495 7774 1184 477 343
is_linear=0
shrinkage=0.02


Tree=116
num_leaves=7
num_cat=0
split_feature=18 13 2 14 13 8
split_gain=1675.54 1200.44 1039.97 893.919 713.562 771.09
threshold=0.34854571737603746 17.875000000000004 -0.01529268839880025 0.10253973833159231 26.875000000000004 8.1956912230870067
decision_type=2 8 8 8 10 8
left_child=1 -1 -3 -4 -5 -6
right_child=-2 2 3 4 5 -7
leaf_value=-0.025062331006200051 0.023163188538872764 -0.011754301669443435 -0.010564870033249322 0.0040286572823234872 0.055879340626367735 0.01319106488889071
leaf_weight=827 1184 2283 1421 4989 218 757
leaf_count=827 1184 2283 1421 4989 218 757
internal_value=0.000609403 -0.00193502 4.32926e-05 0.0036904 0.00708691 0.0227357
internal_weight=11679 10495 9668 7385 5964 975
internal_count=11679 10495 9668 7385 5964 975
is_linear=0
shrinkage=0.02


Tree=117
num_leaves=7
num_cat=0
split_feature=18 12 1 3 14 0
split_gain=1609.18 1015.3 811.105 793.22 700.869 626.028
threshold=0.34854571737603746 -7.7499999999999991 0.076508056284290984 -0.15916789446848095 0.10345254238168737 0.34662183020275145
decision_type=2 8 2 8 10 10
left_child=1 -1 -3 -4 -5 -2
right_child=5 2 3 4 -6 -7
leaf_value=-0.022574162081426093 0.010754529721376287 -0.011979129866463177 -0.005882786681372966 -0.0032840098198070084 0.012639816029280561 0.040405153416043962
leaf_weight=871 707 1837 2734 1634 3419 477
leaf_count=871 707 1837 2734 1634 3419 477
internal_value=0.000597215 -0.00189632 -2.49108e-05 0.00279516 0.00749049 0.0226999
internal_weight=11679 10495 9624 7787 5053 1184
internal_count=11679 10495 9624 7787 5053 1184
is_linear=0
shrinkage=0.02


Tree=118
num_leaves=7
num_cat=0
split_feature=13 9 14 1 3 13
split_gain=1244.85 1191.23 775.054 696.808 685.069 674.191
threshold=16.875000000000004 0.90478889617294811 0.057903499442470967 0.076508056284290984 -0.32236433626476974 24.375000000000004
decision_type=8 10 8 2 8 10
left_child=-1 2 -2 -4 -5 -3
right_child=1 5 3 4 -6 -7
leaf_value=-0.031337602971427479 -0.02034872579090095 0.0090551166496758255 -0.01040730927125548 -0.0075946686612329596 0.0070529526435616956 0.037589068864537799
leaf_weight=469 737 993 1733 1655 5595 497
leaf_count=469 737 993 1733 1655 5595 497
internal_value=0.000585271 0.00192085 -0.000631768 0.000985887 0.00370925 0.0185728
internal_weight=11679 11210 9720 8983 7250 1490
internal_count=11679 11210 9720 8983 7250 1490
is_linear=0
shrinkage=0.02


Tree=119
num_leaves=7
num_cat=0
split_feature=18 13 9 1 0 15
split_gain=1526.53 1092.81 884.269 684.319 597.841 1004.64
threshold=0.34854571737603746 17.875000000000004 0.90478889617294811 0.076508056284290984 0.34662183020275145 0.41430069994034446
decision_type=2 8 10 2 10 10
left_child=1 -1 3 -3 -2 -6
right_child=4 2 -4 -5 5 -7
leaf_value=-0.023921227580830755 0.010427797640228574 -0.013420622102307458 0.017625290169353266 0.0007365018658955087 0.057545103143056199 -0.0070345461546485102
leaf_weight=827 707 1700 1022 6946 343 134
leaf_count=827 707 1700 1022 6946 343 134
internal_value=0.000573565 -0.00185509 3.24504e-05 -0.00204711 0.0221012 0.0394032
internal_weight=11679 10495 9668 8646 1184 477
internal_count=11679 10495 9668 8646 1184 477
is_linear=0
shrinkage=0.02


Tree=120
num_leaves=7
num_cat=0
split_feature=17 9 20 13 14 14
split_gain=1861.86 1148.1 1003.97 892.867 660.384 653.977
threshold=0.24453002781157659 0.94805950982589604 70.909926470588246 25.375000000000004 0.070041187867187424 0.25805241762526915
decision_type=2 10 2 10 8 8
left_child=1 3 5 4 -1 -2
right_child=2 -3 -4 -5 -6 -7
leaf_value=-0.024216464482831275 0.015311244814980248 0.03158255076599685 -0.021182966472259885 0.0060930081698984517 -0.0055619859382520622 0.052942603712090461
leaf_weight=850 331 370 145 2526 7097 418
leaf_count=850 331 370 145 2526 7097 418
internal_value=-0.000754403 -0.00304168 0.0269871 -0.00426492 -0.00755724 0.0363125
internal_weight=11737 10843 894 10473 7947 749
internal_count=11737 10843 894 10473 7947 749
is_linear=0
shrinkage=0.02


Tree=121
num_leaves=7
num_cat=0
split_feature=17 9 20 2 17 9
split_gain=1788.13 1102.64 964.209 843.549 798.766 668.884
threshold=0.24453002781157659 0.94805950982589604 70.909926470588246 0.0067930228381219296 0.13263508846501251 0.58346426663475925
decision_type=2 10 2 8 2 8
left_child=1 3 -2 -1 -5 -6
right_child=2 -3 -4 4 5 -7
leaf_value=-0.013656662756826386 0.035586208137658705 0.030950899222412627 -0.02075930728686267 -0.0090929470931076697 -0.015458480815626372 0.0070302703828802318
leaf_weight=2765 749 370 145 2890 605 4213
leaf_count=2765 749 370 145 2890 605 4213
internal_value=-0.000739315 -0.00298085 0.0264474 -0.00417962 -0.00078003 0.00420634
internal_weight=11737 10843 894 10473 7708 4818
internal_count=11737 10843 894 10473 7708 4818
is_linear=0
shrinkage=0.02


Tree=122
num_leaves=7
num_cat=0
split_feature=17 9 20 13 3 14
split_gain=1717.32 1058.97 926.026 854.052 642.842 623.512
threshold=0.24453002781157659 0.94805950982589604 70.909926470588246 25.375000000000004 -0.49928972946288247 0.070041187867187424
decision_type=2 10 2 10 10 8
left_child=1 3 4 5 -2 -1
right_child=2 -3 -4 -5 -6 -7
leaf_value=-0.023503459024045836 0.082076825131103398 0.030331881873127124 -0.020344121587687527 0.0060342583155175798 0.027601395462896496 -0.0053772402692204837
leaf_weight=850 100 370 145 2526 649 7097
leaf_count=850 100 370 145 2526 649 7097
internal_value=-0.000724529 -0.00292123 0.0259184 -0.00409603 0.0348745 -0.007316
internal_weight=11737 10843 894 10473 749 7947
internal_count=11737 10843 894 10473 749 7947
is_linear=0
shrinkage=0.02


Tree=123
num_leaves=7
num_cat=0
split_feature=17 9 19 7 0 8
split_gain=1664.24 924.962 759.22 836.258 825.324 873.77
threshold=0.15715038361487046 0.92077717351920607 0.7360477941176472 0.36664241584022711 0.5039217003930242 11.053045873418606
decision_type=2 8 2 2 8 10
left_child=-1 -2 -3 -4 5 -5
right_child=1 2 3 4 -6 -7
leaf_value=-0.0080191996746466088 0.0020947804653482687 -0.0086687381718483919 0.010168684330034745 0.015133501150406124 0.094647738126590317 0.068755447071987205
leaf_weight=6044 4132 296 614 366 103 182
leaf_count=6044 4132 296 614 366 103 182
internal_value=-0.000710038 0.00704977 0.0201657 0.0269128 0.0427052 0.0329422
internal_weight=11737 5693 1561 1265 651 548
internal_count=11737 5693 1561 1265 651 548
is_linear=0
shrinkage=0.02


Tree=124
num_leaves=7
num_cat=0
split_feature=17 9 13 2 16 2
split_gain=1611.49 993.387 819.201 749.768 629.459 615.893
threshold=0.24453002781157659 0.94805950982589604 25.375000000000004 0.23617456691717512 63.173879851225443 -0.05875022179213097
decision_type=2 10 10 8 10 8
left_child=1 2 5 -2 -5 -1
right_child=3 -3 -4 4 -6 -7
leaf_value=-0.01704805633274457 0.0023322859644210577 0.02938314597207952 0.0059598195580035582 0.079216386537551892 0.0280634428109332 -0.003994245480306937
leaf_weight=1900 351 370 2526 125 418 6047
leaf_count=1900 351 370 2526 125 418 6047
internal_value=-0.000695837 -0.00282378 -0.00396162 0.0251132 0.039839 -0.0071152
internal_weight=11737 10843 10473 894 543 7947
internal_count=11737 10843 10473 894 543 7947
is_linear=0
shrinkage=0.02


Tree=125
num_leaves=7
num_cat=0
split_feature=17 9 2 16 9 7
split_gain=1311.82 993.052 939.517 881.57 696.986 622.529
threshold=0.13263508846501251 0.94628889364506119 -0.0063968174567244204 69.364887584972081 0.59544983745687852 0.15728761616446083
decision_type=2 10 8 10 8 2
left_child=-1 2 5 -3 -4 -2
right_child=1 3 4 -5 -6 -7
leaf_value=-0.0090940886645361329 -0.032624494826439955 0.0084776709961948121 -0.012488615874913579 0.059272944726173053 0.00938244038100218 -0.0034938017481449743
leaf_weight=4196 396 314 664 242 4768 1133
leaf_count=4196 396 314 664 242 4768 1133
internal_value=-0.000135533 0.00486515 0.0028107 0.0305864 0.00670895 -0.0110384
internal_weight=11713 7517 6961 556 5432 1529
internal_count=11713 7517 6961 556 5432 1529
is_linear=0
shrinkage=0.02


Tree=126
num_leaves=7
num_cat=0
split_feature=14 13 19 6 15 14
split_gain=1268.29 932.733 623.708 590.022 782.033 727.796
threshold=0.19830155127763846 25.375000000000004 0.31561553030303041 -0.3464861552589002 0.44808570416136789 0.27039491609131677
decision_type=10 10 2 2 10 10
left_child=1 -1 -3 4 5 -2
right_child=3 2 -4 -5 -6 -7
leaf_value=-0.0077846608499884942 -0.0018523050751430648 -0.01558797899522594 0.013233545960274514 0.017482602402174724 -0.041903530798947354 0.041055636651177015
leaf_weight=6553 875 369 1614 1952 157 193
leaf_count=6553 875 369 1614 1952 157 193
internal_value=-0.000132822 -0.00414783 0.00787039 0.0106548 -0.000225211 0.00590166
internal_weight=11713 8536 1983 3177 1225 1068
internal_count=11713 8536 1983 3177 1225 1068
is_linear=0
shrinkage=0.02


Tree=127
num_leaves=7
num_cat=0
split_feature=17 14 13 9 18 2
split_gain=1237.27 1050.65 814.757 562.54 522.577 493.58
threshold=0.13263508846501251 0.11960447929253751 23.875000000000004 0.93737621359632362 0.11178932310594612 0.27176933768330641
decision_type=2 8 10 8 2 10
left_child=4 -2 5 -4 -1 -3
right_child=1 2 3 -5 -6 -7
leaf_value=0.0016051079019983338 -0.012506027599533912 -0.0035760090466585527 0.011889561809237963 0.034975671666748205 -0.013604186529068186 0.010992388958403945
leaf_weight=1317 1191 2322 1910 542 2879 1552
leaf_count=1317 1191 2322 1910 542 2879 1552
internal_value=-0.000130166 0.00472634 0.00797069 0.0169926 -0.00883044 0.00226038
internal_weight=11713 7517 6326 2452 4196 3874
internal_count=11713 7517 6326 2452 4196 3874
is_linear=0
shrinkage=0.02


Tree=128
num_leaves=7
num_cat=0
split_feature=0 17 10 2 2 2
split_gain=1191.81 888.803 582.951 636.529 603.883 658.773
threshold=0.075017738608440604 0.19401668904156469 2.5000000000000004 0.14782549904645512 0.54018497772290008 0.61972871538890817
decision_type=10 2 2 8 8 8
left_child=-1 -2 3 -3 -4 -6
right_child=1 2 4 -5 5 -7
leaf_value=-0.0081987427574568752 -0.00055295212936870032 0.071276539817105897 0.0037059015521541477 0.020382264291926244 0.064543512374009585 0.013660209578838909
leaf_weight=4504 4488 129 1697 413 146 336
leaf_count=4504 4488 129 1697 413 146 336
internal_value=-0.000127563 0.00491511 0.0139341 0.0324955 0.00931716 0.029073
internal_weight=11713 7209 2721 542 2179 482
internal_count=11713 7209 2721 542 2179 482
is_linear=0
shrinkage=0.02


Tree=129
num_leaves=7
num_cat=0
split_feature=17 14 9 16 2 13
split_gain=1164.01 996.053 785.276 755.592 702.064 559.498
threshold=0.13263508846501251 0.11960447929253751 0.94805950982589604 69.364887584972081 -0.0063968174567244204 25.375000000000004
decision_type=2 8 10 10 8 10
left_child=-1 -2 4 -4 -3 -6
right_child=1 2 3 -5 5 -7
leaf_value=-0.008563763082395438 -0.012193166060153455 -0.0089011969973540137 0.010295992512383485 0.05924989203486155 0.0047304138216979997 0.020125979985841657
leaf_weight=4196 1191 1080 292 222 3429 1303
leaf_count=4196 1191 1080 292 222 3429 1303
internal_value=-0.000125011 0.00458551 0.00774444 0.0314395 0.00564891 0.00896973
internal_weight=11713 7517 6326 514 5812 4732
internal_count=11713 7517 6326 514 5812 4732
is_linear=0
shrinkage=0.02


Tree=130
num_leaves=7
num_cat=0
split_feature=2 17 13 9 7 13
split_gain=1280.97 1301.04 1054.16 776.749 882.193 705.405
threshold=0.24310282082136034 0.13263508846501251 27.875000000000004 0.53734157312081121 -0.18954763464566043 18.375000000000004
decision_type=8 2 10 8 2 10
left_child=5 -2 3 -3 -5 -1
right_child=1 2 -4 4 -6 -7
leaf_value=-0.021956897634351928 -0.0053247976676607271 -0.020356397495244049 0.041786123299774741 -0.033285417686440527 0.015111680996705701 -0.0027836048765477635
leaf_weight=930 2191 307 474 158 3241 4394
leaf_count=930 2191 307 474 158 3241 4394
internal_value=0.00110794 0.00715876 0.0137022 0.0101102 0.012862 -0.00613281
internal_weight=11695 6371 4180 3706 3399 5324
internal_count=11695 6371 4180 3706 3399 5324
is_linear=0
shrinkage=0.02


Tree=131
num_leaves=7
num_cat=0
split_feature=2 9 17 0 14 15
split_gain=1231.66 1183.17 1267.8 644.43 559.747 509.861
threshold=0.2048845704283645 0.47255543550536233 0.23229021466406471 0.40312250158398583 0.22789293105401606 0.49730667510962512
decision_type=8 10 2 10 10 8
left_child=3 2 -2 -1 -5 -3
right_child=1 5 -4 4 -6 -7
leaf_value=-0.0098097963237070551 -0.0090631447344555211 0.013345227180932133 0.0612285049142385 0.00081681490800981449 0.04068666624759442 -0.030429295691054896
leaf_weight=4079 2067 4516 108 635 181 109
leaf_count=4079 2067 4516 108 635 181 109
internal_value=0.00108578 0.00659256 -0.0055728 -0.00656408 0.0096605 0.0123136
internal_weight=11695 6800 2175 4895 816 4625
internal_count=11695 6800 2175 4895 816 4625
is_linear=0
shrinkage=0.02


Tree=132
num_leaves=7
num_cat=0
split_feature=1 2 18 9 7 15
split_gain=1194.77 1126.8 888.948 816.121 776.817 760.653
threshold=0.37668364206069638 0.2290188312207562 0.28383085410054049 0.47255543550536233 -0.18954763464566043 0.41430069994034446
decision_type=2 10 2 10 2 10
left_child=1 -1 -2 -3 -5 -4
right_child=2 3 5 4 -6 -7
leaf_value=-0.0089297368888172097 0.0036328302981192355 -0.010880362404434074 0.035641133636425126 -0.030161105832657333 0.01275772518819946 -0.0066854004117664605
leaf_weight=4897 1688 952 838 179 2928 213
leaf_count=4897 1688 952 838 179 2928 213
internal_value=0.00106407 -0.00247111 0.0126234 0.00532094 0.0102851 0.0270631
internal_weight=11695 8956 2739 4059 3107 1051
internal_count=11695 8956 2739 4059 3107 1051
is_linear=0
shrinkage=0.02


Tree=133
num_leaves=7
num_cat=0
split_feature=2 19 7 9 13 13
split_gain=1148.54 1140.42 853.921 758.562 717.133 673.31
threshold=0.24310282082136034 0.71643750000000017 -0.18954763464566043 0.47255543550536233 29.125000000000004 18.375000000000004
decision_type=8 2 2 10 10 10
left_child=5 3 -3 -2 -4 -1
right_child=1 2 4 -5 -6 -7
leaf_value=-0.02127338121641147 -0.011124678772340349 -0.034517777672180762 0.015026355925694502 0.007968397189802065 0.05250561136246671 -0.0025413454320382632
leaf_weight=930 1619 130 2688 1713 221 4394
leaf_count=930 1619 130 2688 1713 221 4394
internal_value=0.00104278 0.00677229 0.0156325 -0.00130882 0.0178737 -0.00581347
internal_weight=11695 6371 3039 3332 2909 5324
internal_count=11695 6371 3039 3332 2909 5324
is_linear=0
shrinkage=0.02


Tree=134
num_leaves=7
num_cat=0
split_feature=0 2 18 9 16 7
split_gain=1109.66 1065.63 917.284 747.691 699.806 697.822
threshold=0.36751948077924806 0.2290188312207562 0.28383085410054049 0.47255543550536233 78.875224768409268 -0.15249204383864592
decision_type=10 10 2 10 8 2
left_child=1 -1 -2 -3 -4 -5
right_child=2 3 4 5 -6 -7
leaf_value=-0.00884139109598636 0.0029475579339803921 -0.010547449882632943 0.021053780169095045 -0.024881704799552391 0.076291027998570168 0.0125740951856851
leaf_weight=4818 1800 930 1001 214 101 2831
leaf_count=4818 1800 930 1001 214 101 2831
internal_value=0.00102193 -0.00251727 0.0117456 0.00514804 0.0261164 0.00994173
internal_weight=11695 8793 2902 3975 1102 3045
internal_count=11695 8793 2902 3975 1102 3045
is_linear=0
shrinkage=0.02


Tree=135
num_leaves=7
num_cat=0
split_feature=0 18 8 9 2 7
split_gain=1132.65 1144.99 825.355 586.755 658.178 644.528
threshold=0.34054888882734163 0.3008574074698952 12.928211575714821 0.47255543550536233 0.2290188312207562 -0.23947918745140773
decision_type=10 2 10 10 8 2
left_child=3 -2 -3 -1 -5 -6
right_child=1 2 -4 4 5 -7
leaf_value=-0.012278518601424322 0.0013574262714702461 0.039083410435982825 0.00085990180163546368 -0.00765085973899313 -0.040751759258768797 0.007769795198732673
leaf_weight=2633 2233 703 333 2881 114 2777
leaf_count=2633 2233 703 333 2881 114 2777
internal_value=-0.000569413 0.00941974 0.0267973 -0.00445454 -0.0008855 0.00585646
internal_weight=11674 3269 1036 8405 5772 2891
internal_count=11674 3269 1036 8405 5772 2891
is_linear=0
shrinkage=0.02


Tree=136
num_leaves=7
num_cat=0
split_feature=13 12 9 5 14 14
split_gain=942.224 1297.05 895.065 648.437 634.347 591.334
threshold=23.875000000000004 1.7500000000000002 0.93044148261597193 2.5000000000000004 0.083296547764090345 0.26146021610387987
decision_type=8 8 10 2 8 10
left_child=4 3 -3 -2 -1 -4
right_child=1 2 5 -5 -6 -7
leaf_value=-0.020710863821071696 -0.0016732207050716337 -0.00083797745833000703 0.013687478820392989 0.042750640383173277 -0.0029134659120556108 0.068986350117611284
leaf_weight=926 176 3775 221 519 5938 119
leaf_count=926 176 3775 221 519 5938 119
internal_value=-0.000558025 0.00622953 0.00196135 0.0315009 -0.00531446 0.0330421
internal_weight=11674 4810 4115 695 6864 340
internal_count=11674 4810 4115 695 6864 340
is_linear=0
shrinkage=0.02


Tree=137
num_leaves=7
num_cat=0
split_feature=1 18 8 9 2 7
split_gain=1075.96 1090.91 790.013 553.623 628.34 618.276
threshold=0.34054888882734163 0.3008574074698952 12.928211575714821 0.47255543550536233 0.2290188312207562 -0.15249204383864592
decision_type=2 2 10 10 8 2
left_child=3 -2 -3 -1 -5 -6
right_child=1 2 -4 4 5 -7
leaf_value=-0.011933391641127212 0.0013194966584067014 0.038171490193642729 0.00077530445416343287 -0.0074769419395545522 -0.028575723359589369 0.0082149416197953989
leaf_weight=2633 2233 703 333 2881 196 2695
leaf_count=2633 2233 703 333 2881 196 2695
internal_value=-0.000546864 0.0091891 0.0261513 -0.00433352 -0.000866709 0.00572066
internal_weight=11674 3269 1036 8405 5772 2891
internal_count=11674 3269 1036 8405 5772 2891
is_linear=0
shrinkage=0.02


Tree=138
num_leaves=7
num_cat=0
split_feature=0 18 13 6 17 6
split_gain=1033.35 1047.71 643.365 528.899 554.809 694.896
threshold=0.34054888882734163 0.3008574074698952 27.875000000000004 -0.24831994181263636 0.26214439305106513 -0.4545107732424839
decision_type=10 2 10 2 2 2
left_child=2 -2 -1 4 5 -3
right_child=1 3 -4 -5 -6 -7
leaf_value=-0.0057337051643082896 0.0012931068522974087 -0.0076233344713721096 0.016345788451510582 0.0085622783506832216 0.069303576195681546 0.044540117098595372
leaf_weight=7839 2233 158 566 427 162 289
leaf_count=7839 2233 158 566 427 162 289
internal_value=-0.000535927 0.00900532 -0.00424685 0.0256283 0.0375941 0.026102
internal_weight=11674 3269 8405 1036 609 447
internal_count=11674 3269 8405 1036 609 447
is_linear=0
shrinkage=0.02


Tree=139
num_leaves=7
num_cat=0
split_feature=13 12 9 5 14 14
split_gain=883.008 1246.01 843.385 616.784 595.82 562.397
threshold=23.875000000000004 1.7500000000000002 0.93044148261597193 2.5000000000000004 0.082108785170009677 0.26146021610387987
decision_type=8 8 10 2 8 10
left_child=4 3 -3 -2 -1 -4
right_child=1 2 5 -5 -6 -7
leaf_value=-0.020337306269175317 -0.0015395339536057276 -0.00085507656361611675 0.013157244278160157 0.041786484269493461 -0.002846576827568103 0.067086128243440846
leaf_weight=896 176 3775 221 519 5968 119
leaf_count=896 176 3775 221 519 5968 119
internal_value=-0.000525208 0.0060456 0.00186223 0.0308147 -0.00512975 0.0320324
internal_weight=11674 4810 4115 695 6864 340
internal_count=11674 4810 4115 695 6864 340
is_linear=0
shrinkage=0.02


Tree=140
num_leaves=7
num_cat=0
split_feature=2 9 0 16 19 7
split_gain=1049.41 949.841 854.744 636.81 619.328 618.953
threshold=0.066268513895205536 0.44547572047922535 0.077851478070728536 78.349771057718414 0.9364583333333335 -0.014626674695057733
decision_type=8 10 8 8 2 2
left_child=4 3 -3 -2 -1 -4
right_child=1 2 5 -5 -6 -7
leaf_value=-0.011408506018622507 -0.015398457043440877 -0.010997565446232413 -0.0079915585259023383 0.006801633499586378 0.039092447084188457 0.013312213278710237
leaf_weight=3392 1502 857 624 788 100 4337
leaf_count=3392 1502 857 624 788 100 4337
internal_value=-0.000796016 0.00315178 0.00744645 -0.0077593 -0.00996232 0.0106326
internal_weight=11600 8108 5818 2290 3492 4961
internal_count=11600 8108 5818 2290 3492 4961
is_linear=0
shrinkage=0.02


Tree=141
num_leaves=7
num_cat=0
split_feature=13 18 5 9 2 19
split_gain=1248.56 960.636 1343.7 648.588 577.57 527.616
threshold=25.375000000000004 0.32617451392847069 4.5000000000000009 0.91816227685079244 0.011069908380018836 0.31561553030303041
decision_type=10 2 2 10 8 2
left_child=3 5 -3 4 -1 -2
right_child=1 2 -4 -5 -6 -7
leaf_value=-0.014956630955741379 -0.015180159895680846 0.068740728399697457 -0.0023245270231509593 0.011155770658861426 -0.0029508124830560567 0.0099695829119325931
leaf_weight=2252 400 247 187 942 5560 2012
leaf_count=2252 400 247 187 942 5560 2012
internal_value=-0.000780095 0.0107277 0.0381204 -0.00452137 -0.00641178 0.00579881
internal_weight=11600 2846 434 8754 7812 2412
internal_count=11600 2846 434 8754 7812 2412
is_linear=0
shrinkage=0.02


Tree=142
num_leaves=7
num_cat=0
split_feature=9 1 7 2 2 7
split_gain=983.656 698.623 730.028 582.749 554.649 543.531
threshold=0.83047039760288932 0.39813328032754008 -0.014626674695057733 0.070351783275783938 0.027195707168681572 -0.18954763464566043
decision_type=10 2 2 10 8 2
left_child=4 3 -3 -2 -1 -6
right_child=1 2 -4 -5 5 -7
leaf_value=-0.012738234360979737 -0.011863334297071955 -0.024146735327872069 0.030743567575920002 0.0094092099547693868 -0.029162507263621441 8.5889644755318976e-05
leaf_weight=2322 740 111 764 1695 266 5702
leaf_count=2322 740 111 764 1695 266 5702
internal_value=-0.000764493 0.00845243 0.0237803 0.00294445 -0.00444459 -0.00121774
internal_weight=11600 3310 875 2435 8290 5968
internal_count=11600 3310 875 2435 8290 5968
is_linear=0
shrinkage=0.02


Tree=143
num_leaves=7
num_cat=0
split_feature=13 18 5 14 10 7
split_gain=1188.63 914.766 1292.19 744.647 620.246 521.116
threshold=25.375000000000004 0.32617451392847069 4.5000000000000009 0.19298518001791062 7.5000000000000009 -0.081334393237470562
decision_type=10 2 2 10 2 2
left_child=3 5 -3 4 -1 -2
right_child=1 2 -4 -5 -6 -7
leaf_value=-0.0018855582991613173 -0.033279594072355673 0.067237415713812365 -0.0024523917396358629 0.0048057300710407378 -0.014491869366951293 0.0078880754411716925
leaf_weight=3169 130 247 187 2508 3077 2282
leaf_count=3169 130 247 187 2508 3077 2282
internal_value=-0.000749203 0.010479 0.0372098 -0.00439959 -0.00809587 0.00566925
internal_weight=11600 2846 434 8754 6246 2412
internal_count=11600 2846 434 8754 6246 2412
is_linear=0
shrinkage=0.02


Tree=144
num_leaves=7
num_cat=0
split_feature=13 18 5 14 10 19
split_gain=1141.56 878.541 1241.02 715.159 595.684 502.898
threshold=25.375000000000004 0.32617451392847069 4.5000000000000009 0.19298518001791062 7.5000000000000009 0.31561553030303041
decision_type=10 2 2 10 2 2
left_child=3 5 -3 4 -1 -2
right_child=1 2 -4 -5 -6 -7
leaf_value=-0.0018478471718601584 -0.014925791431241668 0.065892667718503162 -0.0024033441814907733 0.0047096154325342952 -0.014202031954209786 0.009627769785835065
leaf_weight=3169 400 247 187 2508 3077 2012
leaf_count=3169 400 247 187 2508 3077 2012
internal_value=-0.000734219 0.0102694 0.0364656 -0.0043116 -0.00793395 0.00555587
internal_weight=11600 2846 434 8754 6246 2412
internal_count=11600 2846 434 8754 6246 2412
is_linear=0
shrinkage=0.02


Tree=145
num_leaves=7
num_cat=0
split_feature=13 17 8 8 17 1
split_gain=882.447 727.746 833.792 873.552 957.41 508.853
threshold=25.375000000000004 0.15715038361487046 6.8946981079448602 8.0052767881569071 0.20853359395960294 0.25369945148320433
decision_type=10 2 8 10 2 2
left_child=5 -2 -3 4 -4 -1
right_child=1 2 3 -5 -6 -7
leaf_value=-0.006063314603442789 -1.6159722824812109e-05 -0.022971632472239434 0.023209642150402072 0.017908885652861341 0.10491997519683725 0.0038841881378507991
leaf_weight=5480 1378 160 125 1096 106 3293
leaf_count=5480 1378 160 125 1096 106 3293
internal_value=0.000817735 0.0104548 0.0201583 0.0253586 0.0607044 -0.00232946
internal_weight=11638 2865 1487 1327 231 8773
internal_count=11638 2865 1487 1327 231 8773
is_linear=0
shrinkage=0.02


Tree=146
num_leaves=7
num_cat=0
split_feature=13 17 8 8 17 14
split_gain=847.502 698.927 800.774 838.959 919.496 496.844
threshold=25.375000000000004 0.15715038361487046 6.8946981079448602 8.0052767881569071 0.20853359395960294 0.20190822508769463
decision_type=10 2 8 10 2 10
left_child=5 -2 -3 4 -4 -1
right_child=1 2 3 -5 -6 -7
leaf_value=-0.0050372711064463893 -1.5836558419621733e-05 -0.022512200049124659 0.022745449304580691 0.017550707924244315 0.10282157547912509 0.0059415447479764507
leaf_weight=6572 1378 160 125 1096 106 2201
leaf_count=6572 1378 160 125 1096 106 2201
internal_value=0.00080138 0.0102457 0.0197551 0.0248514 0.0594903 -0.00228287
internal_weight=11638 2865 1487 1327 231 8773
internal_count=11638 2865 1487 1327 231 8773
is_linear=0
shrinkage=0.02


Tree=147
num_leaves=7
num_cat=0
split_feature=13 17 8 8 17 1
split_gain=813.941 671.249 769.063 805.736 883.084 486.139
threshold=25.375000000000004 0.15715038361487046 6.8946981079448602 8.0052767881569071 0.20853359395960294 0.25369945148320433
decision_type=10 2 8 10 2 2
left_child=5 -2 -3 4 -4 -1
right_child=1 2 3 -5 -6 -7
leaf_value=-0.0058867807936926675 -1.5519661369296912e-05 -0.022061955595854669 0.022290540287494661 0.017199693662853722 0.10076514468721623 0.0038361692659312514
leaf_weight=5480 1378 160 125 1096 106 3293
leaf_count=5480 1378 160 125 1096 106 3293
internal_value=0.000785353 0.0100408 0.01936 0.0243544 0.0583005 -0.00223721
internal_weight=11638 2865 1487 1327 231 8773
internal_count=11638 2865 1487 1327 231 8773
is_linear=0
shrinkage=0.02


Tree=148
num_leaves=7
num_cat=0
split_feature=13 17 16 16 8 6
split_gain=781.709 644.668 745.478 1584.86 598.528 587.432
threshold=25.375000000000004 0.15715038361487046 68.644236165296846 67.751535691233812 6.8946981079448602 -0.36247156279359066
decision_type=10 2 10 8 10 2
left_child=-1 -2 3 5 -4 -3
right_child=1 2 4 -5 -6 -7
leaf_value=-0.0021924669422370173 -1.5209389428766269e-05 -0.016738728872747927 -0.04001430979631479 0.08240845710396226 0.011960725618159678 0.028841474530610006
leaf_weight=8773 1378 158 103 193 635 398
leaf_count=8773 1378 158 103 193 635 398
internal_value=0.000769646 0.00984002 0.0189728 0.0330294 0.00470676 0.0158888
internal_weight=11638 2865 1487 749 738 556
internal_count=11638 2865 1487 749 738 556
is_linear=0
shrinkage=0.02


Tree=149
num_leaves=7
num_cat=0
split_feature=13 17 16 16 9 8
split_gain=750.753 619.139 715.957 1522.1 667.346 574.826
threshold=25.375000000000004 0.15715038361487046 68.644236165296846 67.751535691233812 0.88564427408359903 6.8946981079448602
decision_type=10 2 10 8 10 10
left_child=-1 -2 3 4 -3 -4
right_child=1 2 5 -5 -6 -7
leaf_value=-0.0021486175965302157 -1.4905276720470198e-05 0.001459796595086199 -0.039214023357456169 0.080760287286549645 0.049593888603756485 0.011721510862531948
leaf_weight=8773 1378 393 103 193 163 635
leaf_count=8773 1378 393 103 193 163 635
internal_value=0.000754253 0.00964322 0.0185934 0.0323688 0.0155711 0.00461262
internal_weight=11638 2865 1487 749 556 738
internal_count=11638 2865 1487 749 556 738
is_linear=0
shrinkage=0.02


Tree=150
num_leaves=7
num_cat=0
split_feature=13 9 17 14 0 0
split_gain=969.222 1002.52 579.229 525.646 461.499 423.033
threshold=17.875000000000004 0.62340792846417414 0.23658314132104458 0.29477502307898862 0.48549143797168376 0.38693711282333876
decision_type=8 10 2 10 10 10
left_child=-1 2 5 4 -3 -2
right_child=1 3 -4 -5 -6 -7
leaf_value=-0.020126564856173642 -0.0097259099227355091 0.0034708826322851286 0.039380853972691407 0.031455494517500335 0.021037335578728618 0.0073298788647911638
leaf_weight=879 3516 5384 111 327 673 697
leaf_count=879 3516 5384 111 327 673 697
internal_value=6.248e-05 0.00171976 -0.00571603 0.00675616 0.00542271 -0.0069042
internal_weight=11587 10708 4324 6384 6057 4213
internal_count=11587 10708 4324 6384 6057 4213
is_linear=0
shrinkage=0.02


Tree=151
num_leaves=7
num_cat=0
split_feature=13 9 0 16 13 10
split_gain=930.84 962.825 535.925 575.796 520.383 735.464
threshold=17.875000000000004 0.62340792846417414 0.34662183020275145 79.521257743684188 28.375000000000004 11.500000000000002
decision_type=8 10 10 8 8 2
left_child=-1 2 -2 -4 -3 -6
right_child=1 4 3 -5 5 -7
leaf_value=-0.01972403382965119 -0.009284920877034657 0.0045787960941119235 -0.00086018299259528334 0.036294124920536346 0.033924545715038071 -0.013251759214647885
leaf_weight=879 3395 5660 711 218 550 174
leaf_count=879 3395 5660 711 218 550 174
internal_value=6.12304e-05 0.00168537 -0.00560171 0.00785848 0.00662103 0.0225866
internal_weight=11587 10708 4324 929 6384 724
internal_count=11587 10708 4324 929 6384 724
is_linear=0
shrinkage=0.02


Tree=152
num_leaves=7
num_cat=0
split_feature=13 15 16 8 9 19
split_gain=893.979 930.867 741.046 572.874 479.345 676.562
threshold=17.875000000000004 0.2880352580613032 70.660937913414841 8.5196853758174544 0.91816227685079244 0.86703296703296717
decision_type=8 10 10 10 10 2
left_child=-1 -2 3 -3 -4 -6
right_child=1 2 4 -5 5 -7
leaf_value=-0.019329553030821175 -0.0021543857072837008 0.04166336534129586 0.017222106143832207 0.0020718483083216398 0.088916422128677369 0.021572568751871586
leaf_weight=879 7559 157 625 2123 104 140
leaf_count=879 7559 157 625 2123 104 140
internal_value=6.00058e-05 0.00165166 0.0107879 0.00479811 0.0265032 0.0502765
internal_weight=11587 10708 3149 2280 869 244
internal_count=11587 10708 3149 2280 869 244
is_linear=0
shrinkage=0.02


Tree=153
num_leaves=7
num_cat=0
split_feature=13 9 17 13 10 15
split_gain=858.578 907.202 550.2 500.419 705.231 532.463
threshold=17.875000000000004 0.62340792846417414 0.23658314132104458 28.375000000000004 11.500000000000002 0.30645544867007418
decision_type=8 10 2 8 2 8
left_child=-1 2 -2 5 -5 -3
right_child=1 3 -4 4 -6 -7
leaf_value=-0.018942961846547153 -0.0066128389202628644 -0.00057779436864354426 0.03849749779882463 0.033168378284709019 -0.013028111939115086 0.011955974485012708
leaf_weight=879 4213 3409 111 550 174 2251
leaf_count=879 4213 3409 111 550 174 2251
internal_value=5.88058e-05 0.00161863 -0.00545483 0.0064096 0.0220659 0.00440693
internal_weight=11587 10708 4324 6384 724 5660
internal_count=11587 10708 4324 6384 724 5660
is_linear=0
shrinkage=0.02


Tree=154
num_leaves=7
num_cat=0
split_feature=13 0 14 18 19 14
split_gain=829.955 690.463 693.602 541.993 528.29 611.141
threshold=16.875000000000004 0.48549143797168376 0.29477502307898862 0.44850549033392967 0.71643750000000017 0.22197112060517499
decision_type=8 10 10 2 2 10
left_child=-1 2 3 -2 -3 -6
right_child=1 4 -4 -5 5 -7
leaf_value=-0.026509679949721858 -0.0019415189513065356 0.0011021817149420021 0.030526142603580882 0.044861985249817375 0.047579651253303767 0.0081151987740040593
leaf_weight=452 9594 534 279 100 319 309
leaf_count=452 9594 534 279 100 319 309
internal_value=5.76296e-05 0.00113607 -0.000563917 -0.00145871 0.0157264 0.0281616
internal_weight=11587 11135 9973 9694 1162 628
internal_count=11587 11135 9973 9694 1162 628
is_linear=0
shrinkage=0.02


Tree=155
num_leaves=7
num_cat=0
split_feature=17 13 13 16 16 7
split_gain=577.127 773.763 619.643 565.621 658.459 558.684
threshold=0.1561301150895141 18.125000000000004 27.875000000000004 68.597908107094156 67.196581117359685 0.42961305120327403
decision_type=2 8 8 10 8 2
left_child=-1 -2 -3 4 -4 -5
right_child=1 2 3 5 -6 -7
leaf_value=-0.0035845308122225104 -0.021107132650929936 0.0047516196957293833 0.024908504422221867 -0.021062168490577054 0.085511512264895909 0.030504231289431853
leaf_weight=5995 411 4576 231 154 104 185
leaf_count=5995 411 4576 231 154 104 185
internal_value=0.000740038 0.00531976 0.00738861 0.0252919 0.0437226 0.00707879
internal_weight=11656 5661 5250 674 335 339
internal_count=11656 5661 5250 674 335 339
is_linear=0
shrinkage=0.02


Tree=156
num_leaves=7
num_cat=0
split_feature=14 15 9 2 18 0
split_gain=763.462 618.64 553.137 591.346 587.017 531.266
threshold=0.22907362117999416 0.49730667510962512 0.24569412401138566 0.57843514346596137 0.33414503340486973 0.19119725998470855
decision_type=10 10 8 10 2 8
left_child=2 5 -1 -4 -5 -2
right_child=1 -3 3 4 -6 -7
leaf_value=-0.020789470285163977 -0.0037046963059818826 -0.027638195424855173 -0.0028827158663554675 0.0067855344970246265 0.052189928222386557 0.021916870202239355
leaf_weight=562 429 143 7366 1715 122 1319
leaf_count=562 429 143 7366 1715 122 1319
internal_value=0.000725238 0.0123568 -0.00152723 -0.000350942 0.00980096 0.0156287
internal_weight=11656 1891 9765 9203 1837 1748
internal_count=11656 1891 9765 9203 1837 1748
is_linear=0
shrinkage=0.02


Tree=157
num_leaves=7
num_cat=0
split_feature=14 14 7 15 13 9
split_gain=738.812 502.34 634.201 651.886 480.869 589.623
threshold=0.093046545330395275 0.28792685129052492 0.1876722312380619 0.39946536289881424 22.125000000000004 0.90030126512308295
decision_type=8 10 2 10 8 10
left_child=-1 4 -3 -4 -2 -6
right_child=1 2 3 -5 5 -7
leaf_value=-0.010166490769632231 -0.0033647831459250061 -0.017340619021707828 0.072309393416243525 0.014754069371435505 0.0031076844963207752 0.021627726131537989
leaf_weight=2057 3830 111 132 195 4520 811
leaf_count=2057 3830 111 132 195 4520 811
internal_value=0.000710733 0.00304165 0.0239659 0.0379874 0.00204123 0.00592512
internal_weight=11656 9599 438 327 9161 5331
internal_count=11656 9599 438 327 9161 5331
is_linear=0
shrinkage=0.02


Tree=158
num_leaves=7
num_cat=0
split_feature=14 9 2 17 13 18
split_gain=710.773 523.517 567.824 571.115 504.372 500.789
threshold=0.22907362117999416 0.24569412401138566 0.57843514346596137 0.067580481570292047 20.875000000000004 0.43069708800477102
decision_type=10 8 10 2 8 2
left_child=1 -1 4 -4 -3 -2
right_child=5 2 3 -5 -6 -7
leaf_value=-0.020216247330807496 0.014907685564211442 -0.010362504036827945 -0.03353690641166885 0.012497306209799599 0.00081474718595363541 -0.023531240884746826
leaf_weight=562 1744 2391 115 1722 4975 147
leaf_count=562 1744 2391 115 1722 4975 147
internal_value=0.000696518 -0.00147684 -0.000332475 0.00961547 -0.00281338 0.0119196
internal_weight=11656 9765 9203 1837 7366 1891
internal_count=11656 9765 9203 1837 7366 1891
is_linear=0
shrinkage=0.02


Tree=159
num_leaves=7
num_cat=0
split_feature=9 13 18 20 10 1
split_gain=627.024 536.331 515.315 586.187 567.639 470.56
threshold=0.41083275309601236 27.875000000000004 0.17780806709720134 66.343750000000014 7.5000000000000009 0.27557867980179857
decision_type=8 10 2 2 2 2
left_child=-1 -2 -3 -4 5 -5
right_child=1 2 3 4 -6 -7
leaf_value=-0.012484099642600119 0.00090430405512706208 -0.0064643674007707971 0.065314474893467769 0.067886839507714555 -0.0047353128853597137 0.014707665865934347
leaf_weight=1287 9457 266 126 115 247 158
leaf_count=1287 9457 266 126 115 247 158
internal_value=0.000682588 0.00231684 0.0169641 0.0266111 0.017233 0.0371091
internal_weight=11656 10369 912 646 520 273
internal_count=11656 10369 912 646 520 273
is_linear=0
shrinkage=0.02


Tree=160
num_leaves=7
num_cat=0
split_feature=1 13 9 17 20 13
split_gain=896.965 629.454 523.753 810.469 588.753 544.449
threshold=0.076508056284290984 17.875000000000004 0.66272464066089087 0.23658314132104458 68.27389705882355 28.375000000000004
decision_type=2 8 10 2 2 10
left_child=-1 -2 3 -3 5 -4
right_child=1 2 4 -5 -6 -7
leaf_value=-0.010855048620864911 -0.015914423631115275 -0.0025136548808857412 2.0774724636006701e-05 0.05050865597835108 0.016507740957141713 0.033053494609446024
leaf_weight=2216 637 3722 2487 119 2257 217
leaf_count=2216 637 3722 2487 119 2257 217
internal_value=0.000595854 0.00328419 0.00467359 -0.000870943 0.00896639 0.0026717
internal_weight=11655 9439 8802 3841 4961 2704
internal_count=11655 9439 8802 3841 4961 2704
is_linear=0
shrinkage=0.02


Tree=161
num_leaves=7
num_cat=0
split_feature=1 13 20 13 14 16
split_gain=861.445 604.527 485.028 647.765 525.682 423.254
threshold=0.076508056284290984 17.875000000000004 68.968750000000014 29.375000000000004 0.090476209631750112 69.00028396595107
decision_type=2 8 2 10 8 10
left_child=-1 -2 3 -3 -4 -5
right_child=1 2 4 5 -6 -7
leaf_value=-0.010637947521928955 -0.015596135288617301 -0.00035426186345033226 -0.0087286515055472122 0.056242197058061612 0.014286973050907783 0.0030165803544926198
leaf_weight=2216 637 5414 466 137 2679 106
leaf_count=2216 637 5414 466 137 2679 106
internal_value=0.000583937 0.00321851 0.00458012 0.00107954 0.0108767 0.0330244
internal_weight=11655 9439 8802 5657 3145 243
internal_count=11655 9439 8802 5657 3145 243
is_linear=0
shrinkage=0.02


Tree=162
num_leaves=7
num_cat=0
split_feature=1 13 14 3 17 3
split_gain=827.332 580.588 470.349 440.922 521.238 887.724
threshold=0.076508056284290984 17.875000000000004 0.16004008948740742 -0.022869160249620071 0.25993999817324659 -0.23935228619753243
decision_type=2 8 8 10 2 8
left_child=-1 -2 -3 4 -4 -6
right_child=1 2 3 -5 5 -7
leaf_value=-0.010425188747795284 -0.015284212609004446 -0.00074154340689801647 0.00054117348645549355 0.015436039151986203 -0.011813706145700762 0.060887374229824695
leaf_weight=2216 637 3861 2536 2131 118 156
leaf_count=2216 637 3861 2536 2131 118 156
internal_value=0.000572258 0.00315414 0.00448852 0.0085754 0.00337254 0.0295781
internal_weight=11655 9439 8802 4941 2810 274
internal_count=11655 9439 8802 4941 2810 274
is_linear=0
shrinkage=0.02


Tree=163
num_leaves=7
num_cat=0
split_feature=13 9 2 20 13 12
split_gain=682.981 650.696 717.469 582.457 669.065 740.226
threshold=17.125000000000004 0.71874530866340525 -0.24477121143106415 68.27389705882355 21.875000000000004 1.7500000000000002
decision_type=8 10 8 2 10 10
left_child=-1 2 -2 -3 -5 -6
right_child=1 3 -4 4 5 -7
leaf_value=-0.021340706186784124 -0.019838009227557289 0.00074944826870830864 -5.1265515518613628e-05 -0.00060322274098928907 0.042198925358386125 0.012426076611535768
leaf_weight=543 859 2904 4998 808 489 1054
leaf_count=543 859 2904 4998 808 489 1054
internal_value=0.000560813 0.00163105 -0.00295323 0.0067405 0.0141408 0.0218615
internal_weight=11655 11112 5857 5255 2351 1543
internal_count=11655 11112 5857 5255 2351 1543
is_linear=0
shrinkage=0.02


Tree=164
num_leaves=7
num_cat=0
split_feature=1 13 9 17 20 2
split_gain=789.23 539.168 465.86 761.195 526.988 514.516
threshold=0.076508056284290984 17.875000000000004 0.66272464066089087 0.23658314132104458 68.27389705882355 0.5201903695656912
decision_type=2 8 10 2 2 10
left_child=-1 -2 3 -3 5 -4
right_child=1 2 4 -5 -6 -7
leaf_value=-0.010191625974915202 -0.014697146779481831 -0.002463901597465509 -0.0029046896152300737 0.048921342875276295 0.015540648252235112 0.016663303397344172
leaf_weight=2216 637 3722 1964 119 2257 740
leaf_count=2216 637 3722 1964 119 2257 740
internal_value=0.000549597 0.00307132 0.00435722 -0.000871909 0.00840582 0.00245046
internal_weight=11655 9439 8802 3841 4961 2704
internal_count=11655 9439 8802 3841 4961 2704
is_linear=0
shrinkage=0.02


Tree=165
num_leaves=7
num_cat=0
split_feature=9 0 7 2 7 15
split_gain=650.901 630.839 579.21 772.822 869.703 629.61
threshold=0.41083275309601236 0.08214755035047093 0.15728761616446083 0.28433144337009597 -0.21940346320189744 0.45813576132645972
decision_type=10 8 2 10 2 8
left_child=-1 -2 3 -3 -5 -4
right_child=1 2 5 4 -6 -7
leaf_value=-0.008006304590595521 -0.0090705543264286009 -0.016975962519640796 0.0099023953929134982 -0.032152886027930143 0.019494166944533733 -0.023981549407327021
leaf_weight=3007 1488 951 5207 162 669 229
leaf_count=3007 1488 951 5207 162 669 229
internal_value=1.59434e-05 0.00278678 0.00523118 -0.00466403 0.00942579 0.00847498
internal_weight=11713 8706 7218 1782 831 5436
internal_count=11713 8706 7218 1782 831 5436
is_linear=0
shrinkage=0.02


Tree=166
num_leaves=7
num_cat=0
split_feature=1 20 2 17 19 17
split_gain=566.279 579.888 619.415 700.177 621.625 546.721
threshold=0.076508056284290984 69.343750000000014 0.56139753939560411 0.25993999817324659 0.35787946428571432 0.27566257761623508
decision_type=2 2 10 2 2 2
left_child=-1 2 3 -2 -4 -5
right_child=1 -3 4 5 -6 -7
leaf_value=-0.0092115644427923655 -0.006277331325739338 0.0094157959959773104 -0.016122789739996406 0.048311227523221104 0.016974124512192653 -0.0073826905358739259
leaf_weight=2168 4836 2987 283 173 1147 119
leaf_count=2168 4836 2987 283 173 1147 119
internal_value=1.56245e-05 0.00211144 -0.00121551 -0.00446136 0.0104242 0.025614
internal_weight=11713 9545 6558 5128 1430 292
internal_count=11713 9545 6558 5128 1430 292
is_linear=0
shrinkage=0.02


Tree=167
num_leaves=7
num_cat=0
split_feature=14 20 20 17 2 0
split_gain=623.372 632.889 762.457 572.43 563.102 658.076
threshold=0.13057335268960876 68.27389705882355 68.029411764705898 0.23658314132104458 0.51562665102165395 0.50903707273394749
decision_type=10 2 2 2 10 8
left_child=3 2 4 -1 -2 -6
right_child=1 -3 -4 -5 5 -7
leaf_value=-0.0063795819341851837 -0.0039031196336082844 0.010905706824109089 -0.036638004361809078 0.041964452976733443 0.0043614299909889619 0.042590089227416826
leaf_weight=4828 2647 2953 231 100 713 241
leaf_count=4828 2647 2953 231 100 713 241
internal_value=1.53121e-05 0.00394746 -0.00141467 -0.00539857 0.000844863 0.0140188
internal_weight=11713 6785 3832 4928 3601 954
internal_count=11713 6785 3832 4928 3601 954
is_linear=0
shrinkage=0.02


Tree=168
num_leaves=7
num_cat=0
split_feature=9 13 10 8 16 3
split_gain=605.539 573.744 550.754 530.944 503.062 494.543
threshold=0.41083275309601236 27.875000000000004 11.500000000000002 15.053675021773936 78.875224768409268 0.017538001075285446
decision_type=10 8 2 10 8 10
left_child=4 -2 3 -3 -1 -4
right_child=1 2 5 -5 -6 -7
leaf_value=-0.012647786300804924 0.00076561151659787876 0.031401033701766119 -0.034815659523010252 -0.014362219887621262 0.00586455620888155 0.019875031437754164
leaf_weight=2207 7636 686 138 119 800 127
leaf_count=2207 7636 686 138 119 800 127
internal_value=1.50058e-05 0.00268755 0.0164033 0.024636 -0.00772265 -0.0086054
internal_weight=11713 8706 1070 805 3007 265
internal_count=11713 8706 1070 805 3007 265
is_linear=0
shrinkage=0.02


Tree=169
num_leaves=7
num_cat=0
split_feature=14 20 20 7 17 2
split_gain=586.841 606.122 731.622 712.085 546.417 538.173
threshold=0.13057335268960876 68.27389705882355 68.029411764705898 0.08141054877604921 0.23658314132104458 0.51562665102165395
decision_type=10 2 2 2 2 10
left_child=4 2 5 -3 -1 -2
right_child=1 3 -4 -5 -6 -7
leaf_value=-0.0061966121374735922 -0.0038459394623560272 -0.0098662969285449841 -0.035921350662390904 0.015343261129815258 0.041036197688430552 0.013674759912642356
leaf_weight=4828 2647 551 231 2402 100 954
leaf_count=4828 2647 551 231 2402 100 954
internal_value=1.47056e-05 0.0038299 -0.00141762 0.0106394 -0.00523815 0.000795757
internal_weight=11713 6785 3832 2953 4928 3601
internal_count=11713 6785 3832 2953 4928 3601
is_linear=0
shrinkage=0.02


Tree=170
num_leaves=7
num_cat=0
split_feature=1 13 18 13 15 9
split_gain=647.049 519.098 517.344 499.934 635.057 458.814
threshold=0.076508056284290984 23.875000000000004 0.27422836796114747 17.875000000000004 0.29738001488849147 0.832774148641242
decision_type=2 8 2 8 8 10
left_child=1 -1 -3 4 -2 -5
right_child=3 2 -4 5 -6 -7
leaf_value=-0.016959082508496634 -0.0014562020843221818 0.011710326150059701 -0.033094085253477096 0.00017281965152268926 -0.044723561687907205 0.010083935897334985
leaf_weight=1462 422 588 125 6153 200 2683
leaf_count=1462 422 588 125 6153 200 2683
internal_value=-0.000299659 -0.0101358 0.00385542 0.00196229 -0.0153685 0.00318227
internal_weight=11633 2175 713 9458 622 8836
internal_count=11633 2175 713 9458 622 8836
is_linear=0
shrinkage=0.02


Tree=171
num_leaves=7
num_cat=0
split_feature=1 13 13 15 2 9
split_gain=621.426 498.542 480.136 609.909 444.237 440.645
threshold=0.076508056284290984 23.875000000000004 17.875000000000004 0.29738001488849147 0.3810957784422862 0.832774148641242
decision_type=2 8 8 8 10 10
left_child=1 4 3 -2 -1 -4
right_child=2 -3 5 -5 -6 -7
leaf_value=-0.02357245999079885 -0.0014270781952075626 0.0037783072086712043 0.0001693633094688948 -0.043829090345650912 0.00086177394174648302 0.0098822571296818314
leaf_weight=1046 422 713 6153 200 416 2683
leaf_count=1046 422 713 6153 200 416 2683
internal_value=-0.000293666 -0.00993304 0.00192304 -0.0150612 -0.0166199 0.00311863
internal_weight=11633 2175 9458 622 1462 8836
internal_count=11633 2175 9458 622 1462 8836
is_linear=0
shrinkage=0.02


Tree=172
num_leaves=7
num_cat=0
split_feature=13 9 13 17 16 17
split_gain=493.233 438.867 460.41 476.845 483.797 427.28
threshold=17.875000000000004 0.832774148641242 24.125000000000004 0.26756681297561236 65.272169145961882 0.2664508110936683
decision_type=8 10 10 2 10 2
left_child=-1 5 3 4 -3 -2
right_child=1 2 -4 -5 -6 -7
leaf_value=-0.014790779100258918 -0.0022405547822272123 -0.010966460065611383 0.017277629497578849 -0.030319386070658424 0.011859225675189327 0.035186093967528115
leaf_weight=868 7619 550 1154 174 1144 124
leaf_count=868 7619 550 1154 174 1144 124
internal_value=-0.000287793 0.000881607 0.00734554 0.00120976 0.00444829 -0.00164119
internal_weight=11633 10765 3022 1868 1694 7743
internal_count=11633 10765 3022 1868 1694 7743
is_linear=0
shrinkage=0.02


Tree=173
num_leaves=7
num_cat=0
split_feature=1 13 13 15 9 17
split_gain=592.117 474.85 444.725 585.757 407.026 586.335
threshold=0.076508056284290984 23.875000000000004 17.875000000000004 0.29738001488849147 0.832774148641242 0.2664508110936683
decision_type=2 8 8 8 10 2
left_child=1 -1 3 -2 5 -4
right_child=2 -3 4 -5 -6 -7
leaf_value=-0.016217387188289686 -0.001102720639432264 0.0036902265056176992 -0.00061952303872999423 -0.042656693197414282 0.0095329146968958223 0.046829094017311085
leaf_weight=1462 422 713 6047 200 2683 106
leaf_count=1462 422 713 6047 200 2683 106
internal_value=-0.000282037 -0.00969135 0.00188177 -0.0144641 0.00303242 0.000197892
internal_weight=11633 2175 9458 622 8836 6153
internal_count=11633 2175 9458 622 8836 6153
is_linear=0
shrinkage=0.02


Tree=174
num_leaves=7
num_cat=0
split_feature=1 13 13 15 2 14
split_gain=568.669 456.046 427.114 562.561 426.12 371.694
threshold=0.076508056284290984 23.875000000000004 17.875000000000004 0.29738001488849147 0.3810957784422862 0.068983448876730843
decision_type=2 8 8 8 10 8
left_child=1 4 3 -2 -1 -4
right_child=2 -3 5 -5 -6 -7
leaf_value=-0.02270235185074241 -0.0010806662953730178 0.0036164219090701988 -0.010174077789296814 -0.041803559184074406 0.0012284526067266527 0.0042517419610815614
leaf_weight=1046 422 713 784 200 416 8052
leaf_count=1046 422 713 784 200 416 8052
internal_value=-0.000276396 -0.00949752 0.00184413 -0.0141748 -0.015893 0.00297177
internal_weight=11633 2175 9458 622 1462 8836
internal_count=11633 2175 9458 622 1462 8836
is_linear=0
shrinkage=0.02


Tree=175
num_leaves=7
num_cat=0
split_feature=2 9 12 9 7 14
split_gain=553.646 659.86 517.025 506.999 538.563 432.636
threshold=0.54018497772290008 0.24569412401138566 -7.7499999999999991 0.90337753306485091 0.36107584866496162 0.28231593481419254
decision_type=8 8 8 10 2 10
left_child=2 -2 -1 -3 -5 -4
right_child=1 3 5 4 -6 -7
leaf_value=-0.018860823263369395 -0.027552983380785774 0.0056528658861778325 -0.0027199185762404664 0.0034147431387531535 0.052312543873716456 0.019948937766632792
leaf_weight=769 218 3016 6916 162 203 354
leaf_count=769 218 3016 6916 162 203 354
internal_value=-0.000346956 0.00617258 -0.00326571 0.00834714 0.03061 -0.0016161
internal_weight=11638 3599 8039 3381 365 7270
internal_count=11638 3599 8039 3381 365 7270
is_linear=0
shrinkage=0.02


Tree=176
num_leaves=7
num_cat=0
split_feature=2 9 8 9 12 13
split_gain=531.721 633.729 552.214 659.14 496.551 421.936
threshold=0.54018497772290008 0.24569412401138566 15.205869914735002 0.93737621359632362 -7.7499999999999991 29.375000000000004
decision_type=8 8 10 10 8 10
left_child=4 -2 3 -3 -1 -6
right_child=1 2 -4 -5 5 -7
leaf_value=-0.01848360685634055 -0.027001923855838425 0.0090071292374592389 -0.012581321091276038 0.050037255758442076 -0.0025373102540786176 0.022762663906073049
leaf_weight=769 218 2770 445 166 6996 274
leaf_count=769 218 2770 445 166 6996 274
internal_value=-0.000340017 0.00604913 0.0081802 0.011327 -0.00320039 -0.00158378
internal_weight=11638 3599 3381 2936 8039 7270
internal_count=11638 3599 3381 2936 8039 7270
is_linear=0
shrinkage=0.02


Tree=177
num_leaves=7
num_cat=0
split_feature=2 9 8 9 12 14
split_gain=510.665 608.634 530.346 633.038 476.887 415.355
threshold=0.54018497772290008 0.24569412401138566 15.205869914735002 0.93737621359632362 -7.7499999999999991 0.28231593481419254
decision_type=8 8 10 10 8 10
left_child=4 -2 3 -3 -1 -6
right_child=1 2 -4 -5 5 -7
leaf_value=-0.018113934700080572 -0.026461885466599205 0.0088269867605129636 -0.012329694602533841 0.049036510306191688 -0.0026336502490443715 0.019577835239996174
leaf_weight=769 218 2770 445 166 6916 354
leaf_count=769 218 2770 445 166 6916 354
internal_value=-0.000333217 0.00592815 0.00801659 0.0111004 -0.00313638 -0.0015521
internal_weight=11638 3599 3381 2936 8039 7270
internal_count=11638 3599 3381 2936 8039 7270
is_linear=0
shrinkage=0.02


Tree=178
num_leaves=7
num_cat=0
split_feature=1 7 17 13 15 0
split_gain=454.961 573.73 606.219 547.18 425.472 475.794
threshold=0.37668364206069638 -0.118560670786624 0.15715038361487046 29.375000000000004 0.44808570416136789 0.64539054948803953
decision_type=2 2 2 10 10 10
left_child=-1 -2 -3 4 5 -4
right_child=1 2 3 -5 -6 -7
leaf_value=-0.0024816033179019298 -0.026754191211484212 -0.0026196926905803627 0.021012417329030621 0.056440890240624098 -0.023371768535765926 -0.022740372527356542
leaf_weight=8973 188 992 1131 132 113 109
leaf_count=8973 188 992 1131 132 113 109
internal_value=-0.000326553 0.00692946 0.00948599 0.0175727 0.0137807 0.0171664
internal_weight=11638 2665 2477 1485 1353 1240
internal_count=11638 2665 2477 1485 1353 1240
is_linear=0
shrinkage=0.02


Tree=179
num_leaves=7
num_cat=0
split_feature=2 9 12 9 7 14
split_gain=488.535 582.453 455.582 454.623 516.305 397.633
threshold=0.54018497772290008 0.24569412401138566 -7.7499999999999991 0.90337753306485091 0.36107584866496162 0.28231593481419254
decision_type=8 8 8 10 2 10
left_child=2 -2 -1 -3 -5 -4
right_child=1 3 5 4 -6 -7
leaf_value=-0.017700945802895239 -0.02588156337584924 0.0052958897723500136 -0.0025715117838050298 0.0023014416255309812 0.050178113721054178 0.01916095808620458
leaf_weight=769 218 3016 6916 162 203 354
leaf_count=769 218 3016 6916 162 203 354
internal_value=-0.000320022 0.00580417 -0.00306178 0.0078472 0.0289287 -0.00151329
internal_weight=11638 3599 8039 3381 365 7270
internal_count=11638 3599 8039 3381 365 7270
is_linear=0
shrinkage=0.02


Tree=180
num_leaves=7
num_cat=0
split_feature=9 7 17 18 1 8
split_gain=506.954 559.006 453.97 553.697 436.555 417.746
threshold=0.94628889364506119 0.092773720396510356 0.2664508110936683 0.31555296625478724 0.07741674024213184 4.1245383886893334
decision_type=10 2 2 2 2 8
left_child=4 -2 3 -3 5 -1
right_child=1 2 -4 -5 -6 -7
leaf_value=0.029292301743804851 -0.026217046709358694 0.016143361061370671 -0.012205253037122579 0.062574653598265015 0.00077570452666837774 -0.011238945298929907
leaf_weight=107 100 262 104 169 8871 2060
leaf_count=107 100 262 104 169 8871 2060
internal_value=-0.000190444 0.0171868 0.0252997 0.0343496 -0.00119013 -0.00923763
internal_weight=11673 635 535 431 11038 2167
internal_count=11673 635 535 431 11038 2167
is_linear=0
shrinkage=0.02


Tree=181
num_leaves=7
num_cat=0
split_feature=9 7 17 1 8 19
split_gain=486.878 536.87 435.992 419.267 401.203 339.19
threshold=0.94628889364506119 0.092773720396510356 0.2664508110936683 0.07741674024213184 4.1245383886893334 0.17543269230769235
decision_type=10 2 2 2 8 2
left_child=3 -2 -3 4 -1 -5
right_child=1 2 -4 5 -6 -7
leaf_value=0.028706455741808794 -0.025692706019431355 0.03366260700301632 -0.011961147223527615 -0.014039601348034897 -0.01101416629303735 0.0017936055683238567
leaf_weight=107 100 431 104 579 2060 8292
leaf_count=107 100 431 104 579 2060 8292
internal_value=-0.000186635 0.0168431 0.0247937 -0.00116633 -0.00905288 0.00076019
internal_weight=11673 635 535 11038 2167 8871
internal_count=11673 635 535 11038 2167 8871
is_linear=0
shrinkage=0.02


Tree=182
num_leaves=7
num_cat=0
split_feature=2 9 17 8 9 13
split_gain=571.874 445.138 411.268 469.271 451.921 456.398
threshold=-0.010666714196177592 0.94805950982589604 0.13263508846501251 4.8957845962776192 0.59144528557537235 19.125000000000004
decision_type=8 10 2 8 8 8
left_child=1 -1 3 -2 -4 -6
right_child=2 -3 4 -5 5 -7
leaf_value=-0.0097378950479561095 0.02681494913836743 0.029018361030687251 -0.010373615577626108 -0.0058361161977925277 -0.0083951642713365783 0.0095338147030807185
leaf_weight=2693 188 124 649 2775 648 4596
leaf_count=2693 188 124 649 2775 648 4596
internal_value=-0.000182902 -0.0080319 0.00231378 -0.00376443 0.00536991 0.00731833
internal_weight=11673 2817 8856 2963 5893 5244
internal_count=11673 2817 8856 2963 5893 5244
is_linear=0
shrinkage=0.02


Tree=183
num_leaves=7
num_cat=0
split_feature=9 16 16 9 1 8
split_gain=455.516 471.729 675.309 483.758 398.689 381.927
threshold=0.94628889364506119 69.364887584972081 71.324403622539236 0.9661291697025236 0.07741674024213184 4.1245383886893334
decision_type=10 10 10 10 2 8
left_child=4 3 -3 -2 5 -1
right_child=1 2 -4 -5 -6 -7
leaf_value=0.028023661315162606 0.021724565146808945 0.076278204837670685 0.011356344420217468 -0.024761144688481809 0.00075178802619449783 -0.010731027710405223
leaf_weight=107 205 104 167 159 8871 2060
leaf_count=107 205 104 167 159 8871 2060
internal_value=-0.000179244 0.0162928 0.036271 0.00141899 -0.00112686 -0.00881744
internal_weight=11673 635 271 364 11038 2167
internal_count=11673 635 271 364 11038 2167
is_linear=0
shrinkage=0.02


Tree=184
num_leaves=7
num_cat=0
split_feature=9 7 17 18 9 19
split_gain=437.477 514.96 416.359 532.12 385.011 349.028
threshold=0.94628889364506119 0.092773720396510356 0.2664508110936683 0.31555296625478724 0.95821639890727894 0.19416666666666668
decision_type=10 2 2 2 10 2
left_child=5 -2 3 4 -3 -1
right_child=1 2 -4 -5 -6 -7
leaf_value=-0.014073332590847204 -0.025691803953796628 0.043296863864594644 -0.012164070354058192 0.060090239721201581 -0.0058910285466916715 -0.00012905671812619157
leaf_weight=772 100 109 104 169 153 10266
leaf_count=772 100 109 104 169 153 10266
internal_value=-0.000175659 0.015967 0.0237537 0.0324206 0.0145726 -0.00110432
internal_weight=11673 635 535 431 262 11038
internal_count=11673 635 535 431 262 11038
is_linear=0
shrinkage=0.02


Tree=185
num_leaves=7
num_cat=0
split_feature=15 14 20 1 16 14
split_gain=511.753 877.254 698.185 602.418 458.159 638.641
threshold=0.486123742279573 0.27039491609131677 68.393382352941188 0.27881151674080423 78.875224768409268 0.057903499442470967
decision_type=10 10 2 2 8 10
left_child=1 4 3 -3 5 -1
right_child=-2 2 -4 -5 -6 -7
leaf_value=-0.016558569815366918 -0.030472034631735263 -0.034979972661098591 0.04585384568954156 0.025877563619021191 0.013096217544531668 0.000570322092163862
leaf_weight=965 204 107 311 166 1001 8908
leaf_count=965 204 107 311 166 1001 8908
internal_value=0.000926753 0.00148578 0.0253654 0.00202498 0.000203304 -0.00110388
internal_weight=11662 11458 584 273 10874 9873
internal_count=11662 11458 584 273 10874 9873
is_linear=0
shrinkage=0.02


Tree=186
num_leaves=7
num_cat=0
split_feature=0 2 13 20 10 9
split_gain=494.411 388.846 418.605 409.037 383.604 379.719
threshold=0.47939580571222346 0.14399733621547481 20.625000000000004 69.656250000000014 9.5000000000000018 0.24569412401138566
decision_type=10 10 8 2 2 8
left_child=5 3 -3 -2 -4 -1
right_child=1 2 4 -5 -6 -7
leaf_value=-0.016978180769914659 0.01652037384170715 -0.033557540299822983 -0.0019942518641712864 0.059877324699048405 0.028010921437656405 0.00033933904302190524
leaf_weight=534 368 103 443 114 277 9823
leaf_count=534 368 103 443 114 277 9823
internal_value=0.000908218 0.0125093 0.00415449 0.0267749 0.00954941 -0.000553541
internal_weight=11662 1305 823 482 720 10357
internal_count=11662 1305 823 482 720 10357
is_linear=0
shrinkage=0.02


Tree=187
num_leaves=7
num_cat=0
split_feature=15 14 16 0 16 6
split_gain=491.496 840.034 441.896 544.503 505.875 503.237
threshold=0.486123742279573 0.27039491609131677 68.515590320552903 0.34662183020275145 67.639692710080041 -0.14527562027020893
decision_type=10 10 10 10 8 2
left_child=1 2 3 5 -5 -1
right_child=-2 -3 -4 4 -6 -7
leaf_value=-0.0036130105831425796 -0.029881032321821238 0.024805406626722176 -0.0046172761884027257 0.0072518461772442958 0.0333665654891699 0.01129961326711426
leaf_weight=3558 204 584 4498 1211 393 1214
leaf_count=3558 204 584 4498 1211 393 1214
internal_value=0.000890053 0.00143791 0.00018293 0.00356927 0.0136503 0.000180771
internal_weight=11662 11458 10874 6376 1604 4772
internal_count=11662 11458 10874 6376 1604 4772
is_linear=0
shrinkage=0.02


Tree=188
num_leaves=7
num_cat=0
split_feature=7 18 20 20 14 16
split_gain=478.374 670.633 566.322 635.139 542.792 523.238
threshold=0.15728761616446083 0.34854571737603746 70.909926470588246 68.757352941176478 0.28531631237651134 78.875224768409268
decision_type=2 2 2 2 10 8
left_child=-1 4 3 -3 5 -2
right_child=1 2 -4 -5 -6 -7
leaf_value=-0.0064354257093741131 -0.0012932494214843054 0.014794632494501334 -0.018881800651998449 0.055234160637002039 0.033382372955541785 0.016144208499104723
leaf_weight=2741 7033 574 133 213 205 763
leaf_count=2741 7033 574 133 213 205 763
internal_value=0.000872252 0.00311756 0.0192888 0.0257395 0.00125809 0.000413367
internal_weight=11662 8921 920 787 8001 7796
internal_count=11662 8921 920 787 8001 7796
is_linear=0
shrinkage=0.02


Tree=189
num_leaves=7
num_cat=0
split_feature=15 14 20 1 0 16
split_gain=478.45 784.345 667.167 577.663 428.995 339.755
threshold=0.486123742279573 0.27039491609131677 68.393382352941188 0.27881151674080423 0.48549143797168376 78.875224768409268
decision_type=10 10 2 2 10 8
left_child=1 4 3 -3 5 -1
right_child=-2 2 -4 -5 -6 -7
leaf_value=-0.0023223544075908036 -0.029505129789604859 -0.035077667620694523 0.044003194711407664 0.024516348130103338 0.012072181584289632 0.010651588763303316
leaf_weight=8894 204 107 311 166 1092 888
leaf_count=8894 204 107 311 166 1092 888
internal_value=0.000854807 0.00139534 0.023975 0.00115899 0.000182675 -0.00114459
internal_weight=11662 11458 584 273 10874 9782
internal_count=11662 11458 584 273 10874 9782
is_linear=0
shrinkage=0.02


Tree=190
num_leaves=7
num_cat=0
split_feature=9 13 16 15 20 13
split_gain=578.876 437.77 480.065 540.663 397.359 377.665
threshold=0.94805950982589604 29.375000000000004 68.220861470117867 0.20647124059146094 69.152573529411782 22.125000000000004
decision_type=10 10 10 10 2 10
left_child=1 -1 3 -3 -2 -6
right_child=4 2 -4 -5 5 -7
leaf_value=-0.0011696182269310196 0.0057025981484702584 0.0097991988527665452 0.00040050812745502244 0.073703400931746058 0.0087271490603685383 0.058707340266190323
leaf_weight=10693 333 109 263 103 100 153
leaf_count=10693 333 109 263 103 100 153
internal_value=0.000681646 -0.000335049 0.0184524 0.040847 0.0200579 0.0389523
internal_weight=11754 11168 475 212 586 253
internal_count=11754 11168 475 212 586 253
is_linear=0
shrinkage=0.02


Tree=191
num_leaves=7
num_cat=0
split_feature=19 19 9 5 2 13
split_gain=558.655 592.129 528.938 553.93 423.275 399.185
threshold=0.94097285067873315 0.91696691176470602 0.89723557882709437 1.5000000000000002 0.2290188312207562 29.375000000000004
decision_type=2 2 10 2 8 10
left_child=1 2 5 -4 -3 -1
right_child=-2 4 3 -5 -6 -7
leaf_value=-0.0017094265253217228 0.028377695398234672 -0.048500844636809329 -0.027470791484229266 0.016148695227257925 -0.0054659706365206449 0.018575255879649411
leaf_weight=9277 284 167 128 1291 202 405
leaf_count=9277 284 167 128 1291 202 405
internal_value=0.000668014 -1.80849e-05 0.000810407 0.012214 -0.0249425 -0.000860914
internal_weight=11754 11470 11101 1419 369 9682
internal_count=11754 11470 11101 1419 369 9682
is_linear=0
shrinkage=0.02


Tree=192
num_leaves=7
num_cat=0
split_feature=9 13 16 16 16 13
split_gain=542.524 405.125 460.831 364.53 487.462 450.395
threshold=0.94805950982589604 29.375000000000004 68.220861470117867 69.364887584972081 72.565693037020068 23.875000000000004
decision_type=10 10 10 10 10 10
left_child=1 -1 -3 5 -5 -2
right_child=3 2 -4 4 -6 -7
leaf_value=-0.0011324503176545749 -0.01012799609844622 0.039685176120684396 5.7198530197596822e-05 0.060317837756546526 0.0033868638575077058 0.03961017099217834
leaf_weight=10693 228 212 263 151 100 107
leaf_count=10693 228 212 263 151 100 107
internal_value=0.000654653 -0.000329602 0.0177438 0.0194126 0.0376362 0.00575852
internal_weight=11754 11168 475 586 251 335
internal_count=11754 11168 475 586 251 335
is_linear=0
shrinkage=0.02


Tree=193
num_leaves=7
num_cat=0
split_feature=19 19 9 5 2 15
split_gain=528.656 570.62 499.243 530.633 405.924 381.857
threshold=0.94097285067873315 0.91696691176470602 0.89723557882709437 1.5000000000000002 0.2290188312207562 0.21582278780210809
decision_type=2 2 10 2 8 10
left_child=1 2 -1 -4 -3 -5
right_child=-2 4 3 5 -6 -7
leaf_value=-0.00083628566670327232 0.027596988572778418 -0.047563843092250972 -0.026974999878439123 0.042482032920310248 -0.0054202562537376247 0.011296853317579908
leaf_weight=9682 284 167 128 183 202 1108
leaf_count=9682 284 167 128 183 202 1108
internal_value=0.00064156 -2.58628e-05 0.000787443 0.0118663 -0.0244934 0.0157174
internal_weight=11754 11470 11101 1419 369 1291
internal_count=11754 11470 11101 1419 369 1291
is_linear=0
shrinkage=0.02


Tree=194
num_leaves=7
num_cat=0
split_feature=9 13 16 15 16 16
split_gain=508.492 388.663 441.832 518.545 347.638 468.984
threshold=0.94805950982589604 29.375000000000004 68.220861470117867 0.20647124059146094 69.364887584972081 72.565693037020068
decision_type=10 10 10 10 10 10
left_child=1 -1 3 -3 -2 -6
right_child=4 2 -4 -5 5 -7
leaf_value=-0.0011105236432685881 0.0054548684989116081 0.0084564626449291861 6.0068012070009917e-05 0.071039883939965257 0.058832774588603851 0.0029912063777446747
leaf_weight=10693 335 109 263 103 151 100
leaf_count=10693 335 109 263 103 151 100
internal_value=0.000628729 -0.000324156 0.0173782 0.0388626 0.0187888 0.0365851
internal_weight=11754 11168 475 212 586 251
internal_count=11754 11168 475 212 586 251
is_linear=0
shrinkage=0.02


Tree=195
num_leaves=7
num_cat=0
split_feature=1 9 16 14 18 8
split_gain=512.064 524.292 541.949 439 412.221 423.398
threshold=0.076508056284290984 0.41083275309601236 78.875224768409268 0.3251680109725163 0.34491317164344132 13.516604243912669
decision_type=2 10 8 8 2 10
left_child=-1 2 -2 4 5 -3
right_child=1 3 -4 -5 -6 -7
leaf_value=-0.009527283974300433 -0.012885946940081222 0.005354401499443542 0.0084415312280013127 -0.035293132014838711 0.01616036248542085 -0.00766314470549444
leaf_weight=2149 1695 4691 663 112 1052 1270
leaf_count=2149 1695 4691 663 112 1052 1270
internal_value=-0.000712337 0.00128527 -0.00688929 0.00399062 0.004618 0.00258099
internal_weight=11632 9483 2358 7125 7013 5961
internal_count=11632 9483 2358 7125 7013 5961
is_linear=0
shrinkage=0.02


Tree=196
num_leaves=7
num_cat=0
split_feature=1 9 16 2 2 14
split_gain=491.787 503.53 520.488 481.513 586.12 421.616
threshold=0.076508056284290984 0.41083275309601236 78.875224768409268 0.3810957784422862 0.48878314657464844 0.3251680109725163
decision_type=2 10 8 10 10 8
left_child=3 2 -2 -1 -5 -3
right_child=1 5 -4 4 -6 -7
leaf_value=-0.015667216661502215 -0.012628227880255151 0.0045256360463472225 0.0082727006322185909 0.038729542450119669 -0.0055918156166054958 -0.034587269453331827
leaf_weight=1485 1695 7013 663 156 508 112
leaf_count=1485 1695 7013 663 156 508 112
internal_value=-0.00069809 0.00125957 -0.0067515 -0.00933674 0.00482103 0.00391081
internal_weight=11632 9483 2358 2149 664 7125
internal_count=11632 9483 2358 2149 664 7125
is_linear=0
shrinkage=0.02


Tree=197
num_leaves=7
num_cat=0
split_feature=1 9 16 2 2 13
split_gain=472.312 483.591 499.877 462.445 562.909 414.521
threshold=0.076508056284290984 0.41083275309601236 78.875224768409268 0.3810957784422862 0.48878314657464844 17.875000000000004
decision_type=2 10 8 10 10 8
left_child=3 2 -2 -1 -5 -3
right_child=1 5 -4 4 -6 -7
leaf_value=-0.015353872495844511 -0.012375663438559151 -0.014487367508634604 0.0081072463739668976 0.037954951641030417 -0.0054799796758571596 0.0051028643193054106
leaf_weight=1485 1695 462 663 156 508 6663
leaf_count=1485 1695 462 663 156 508 6663
internal_value=-0.000684128 0.00123437 -0.00661647 -0.00915 0.00472461 0.00383259
internal_weight=11632 9483 2358 2149 664 7125
internal_count=11632 9483 2358 2149 664 7125
is_linear=0
shrinkage=0.02


Tree=198
num_leaves=7
num_cat=0
split_feature=13 0 9 16 7 12
split_gain=432.268 399.913 530.524 503.357 451.984 406.106
threshold=17.875000000000004 0.075017738608440604 0.41083275309601236 78.875224768409268 -0.13092129249033832 -3.2499999999999996
decision_type=8 8 10 8 2 8
left_child=-1 -2 3 -3 -4 -6
right_child=1 2 4 -5 5 -7
leaf_value=-0.014180370816178449 -0.0083879757753115517 -0.012295215797280823 -0.014443039159890678 0.0084609576969863973 0.015572014263216598 0.0035269946303849711
leaf_weight=876 1727 1607 450 659 1455 4858
leaf_count=876 1727 1607 450 659 1455 4858
internal_value=-0.000670446 0.000429842 0.00211645 -0.00625889 0.00492268 0.00630309
internal_weight=11632 10756 9029 2266 6763 6313
internal_count=11632 10756 9029 2266 6763 6313
is_linear=0
shrinkage=0.02


Tree=199
num_leaves=7
num_cat=0
split_feature=13 14 18 5 14 14
split_gain=415.151 401.244 556.281 523.556 942.036 549.469
threshold=17.875000000000004 0.3251680109725163 0.32617451392847069 3.5000000000000004 0.26633236404288912 0.25213368604388942
decision_type=8 10 2 2 8 8
left_child=-1 2 -2 4 -4 -5
right_child=1 -3 3 5 -6 -7
leaf_value=-0.013896763340493485 -0.0011088152110486312 -0.036901040177204109 0.0086843529413454228 0.016961129017728421 0.077042213669490253 -0.0097801800586604717
leaf_weight=876 9033 114 224 726 126 533
leaf_count=876 9033 114 224 726 126 533
internal_value=-0.000657037 0.000421245 0.000821051 0.0116554 0.0332932 0.00564015
internal_weight=11632 10756 10642 1609 350 1259
internal_count=11632 10756 10642 1609 350 1259
is_linear=0
shrinkage=0.02


Tree=200
num_leaves=7
num_cat=0
split_feature=7 2 2 8 15 19
split_gain=446.97 412.941 543.601 733.549 647.462 634.806
threshold=-0.20121941700298393 0.24310282082136034 0.34310462630628552 14.991298381646869 0.16597939867933101 0.66418750000000004
decision_type=2 8 8 10 10 2
left_child=-1 -2 4 -4 -3 -5
right_child=1 2 3 5 -6 -7
leaf_value=-0.018987723064274733 -0.0043287428741747092 -0.012549204267894052 0.0037896085573513516 0.00075128071634522218 0.026290755987167361 -0.037313694099850289
leaf_weight=524 5056 224 4517 352 735 349
leaf_count=524 5056 224 4517 352 735 349
internal_value=-0.000932498 -9.02525e-05 0.00337904 0.000835499 0.0172186 -0.0181998
internal_weight=11757 11233 6177 5218 959 701
internal_count=11757 11233 6177 5218 959 701
is_linear=0
shrinkage=0.02


Tree=201
num_leaves=7
num_cat=0
split_feature=7 2 2 8 15 19
split_gain=429.27 396.588 522.074 704.501 623.339 609.668
threshold=-0.20121941700298393 0.24310282082136034 0.34310462630628552 14.991298381646869 0.39295558002229974 0.66418750000000004
decision_type=2 8 8 10 10 2
left_child=-1 -2 4 -4 -3 -5
right_child=1 2 3 5 -6 -7
leaf_value=-0.018607968774745028 -0.0042421680174125473 0.011070305477998914 0.0037138163414304403 0.0007362551656181248 0.061670372876253994 -0.036567420125605384
leaf_weight=524 5056 849 4517 352 110 349
leaf_count=524 5056 849 4517 352 110 349
internal_value=-0.000913848 -8.84475e-05 0.00331146 0.000818789 0.0168743 -0.0178358
internal_weight=11757 11233 6177 5218 959 701
internal_count=11757 11233 6177 5218 959 701
is_linear=0
shrinkage=0.02


Tree=202
num_leaves=7
num_cat=0
split_feature=15 2 8 9 5 9
split_gain=348.475 375.173 443.114 413.548 350.213 344.247
threshold=0.486123742279573 0.0067930228381219296 2.8835650277719957 0.47255543550536233 3.5000000000000004 0.94805950982589604
decision_type=10 8 8 8 2 10
left_child=1 5 -3 4 -4 -1
right_child=-2 2 3 -5 -6 -7
leaf_value=-0.0079850588408076871 -0.02680749462844402 0.038307185301413908 -0.0024261809609692621 0.0027038230713184487 -0.027459255501469517 0.027923304070760539
leaf_weight=2817 204 130 649 7505 341 111
leaf_count=2817 204 130 649 7505 341 111
internal_value=-0.000895571 -0.000438024 0.0016619 0.00110112 -0.0110487 -0.00662378
internal_weight=11757 11553 8625 8495 990 2928
internal_count=11757 11553 8625 8495 990 2928
is_linear=0
shrinkage=0.02


Tree=203
num_leaves=7
num_cat=0
split_feature=15 14 5 2 8 5
split_gain=334.675 618.069 405.499 341.292 486.275 385.535
threshold=0.486123742279573 0.28792685129052492 4.5000000000000009 0.0067930228381219296 2.8835650277719957 4.5000000000000009
decision_type=10 10 2 8 8 2
left_child=1 3 -3 -1 -5 -6
right_child=-2 2 -4 4 5 -7
leaf_value=-0.0071948343716566332 -0.026271344263690946 0.042393332806896396 -0.0019848351236997227 0.039482773819472641 -0.0021315170632374798 0.0082691260123454041
leaf_weight=2871 204 219 132 128 6366 1837
leaf_count=2871 204 219 132 128 6366 1837
internal_value=-0.000877659 -0.000429264 0.0257041 -0.00124812 0.000801217 0.000197629
internal_weight=11757 11553 351 11202 8331 8203
internal_count=11757 11553 351 11202 8331 8203
is_linear=0
shrinkage=0.02


Tree=204
num_leaves=7
num_cat=0
split_feature=7 13 2 2 8 15
split_gain=411.558 383.927 307.648 519.831 711.116 572.719
threshold=-0.20121941700298393 15.875000000000002 0.24310282082136034 0.34310462630628552 14.991298381646869 0.16597939867933101
decision_type=2 8 8 8 10 10
left_child=-1 -2 -3 5 -5 -4
right_child=1 2 3 4 -6 -7
leaf_value=-0.018185350733012928 -0.025625864228476649 -0.0032503078244877459 -0.011369764952471963 0.0039216294639314022 -0.017810677433361021 0.025761995718723889
leaf_weight=524 230 4899 216 4472 696 720
leaf_count=524 230 4899 216 4472 696 720
internal_value=-0.000860106 -5.19134e-05 0.000482669 0.00347871 0.000994833 0.0171931
internal_weight=11757 11233 11003 6104 5168 936
internal_count=11757 11233 11003 6104 5168 936
is_linear=0
shrinkage=0.02


Tree=205
num_leaves=7
num_cat=0
split_feature=13 7 19 2 19 3
split_gain=482.712 480.837 413.233 857.032 589.555 541.57
threshold=29.375000000000004 0.76167763382260179 0.93781250000000005 0.43931727893965083 0.91696691176470602 -0.075398308264945507
decision_type=10 2 2 8 2 8
left_child=2 -2 4 -4 -1 -6
right_child=1 -3 3 -5 5 -7
leaf_value=-0.0014802902304129762 0.028158212612097215 -0.020250522509958704 0.044460572282998607 -0.026083165120731278 -0.057657267709230554 -0.0048258437205128332
leaf_weight=10484 404 103 208 103 145 167
leaf_count=10484 404 103 208 103 145 167
internal_value=-0.000760654 0.0183237 -0.0016318 0.0210972 -0.00228655 -0.0293789
internal_weight=11614 507 11107 311 10796 312
internal_count=11614 507 11107 311 10796 312
is_linear=0
shrinkage=0.02


Tree=206
num_leaves=7
num_cat=0
split_feature=13 7 14 2 19 19
split_gain=463.596 461.796 407.662 498.039 425.1 605.467
threshold=29.375000000000004 0.76167763382260179 0.062335192035398973 0.86539521339272085 0.93781250000000005 0.91696691176470602
decision_type=10 2 8 10 2 2
left_child=2 -2 -1 4 5 -4
right_child=1 -3 3 -5 -6 -7
leaf_value=-0.015029428883179418 0.027595048358866781 -0.019845511975146612 -0.0015231630863799595 0.015879590230067988 0.021742052746315799 -0.030690245421818731
leaf_weight=836 404 103 8985 692 300 294
leaf_count=836 404 103 8985 692 300 294
internal_value=-0.000745441 0.0179572 -0.00159916 -0.000506013 -0.00168973 -0.00244731
internal_weight=11614 507 11107 10271 9579 9279
internal_count=11614 507 11107 10271 9579 9279
is_linear=0
shrinkage=0.02


Tree=207
num_leaves=7
num_cat=0
split_feature=13 7 14 2 19 2
split_gain=445.238 443.509 391.518 478.317 408.266 593.724
threshold=29.375000000000004 0.76167763382260179 0.062335192035398973 0.86539521339272085 0.93781250000000005 0.3885820412756078
decision_type=10 2 8 10 2 8
left_child=2 -2 -1 4 -4 -6
right_child=1 -3 3 -5 5 -7
leaf_value=-0.014728840285016483 0.027043147691534739 -0.019448602574253546 -0.0023983599902251606 0.015561998416755042 0.043023804610872525 -0.015145641804805822
leaf_weight=836 404 103 9279 692 188 112
leaf_count=836 404 103 9279 692 188 112
internal_value=-0.000730532 0.0175981 -0.00156718 -0.000495893 -0.00165594 0.0213072
internal_weight=11614 507 11107 10271 9579 300
internal_count=11614 507 11107 10271 9579 300
is_linear=0
shrinkage=0.02


Tree=208
num_leaves=7
num_cat=0
split_feature=13 7 14 8 2 19
split_gain=427.606 425.946 380.378 489.374 463.67 720.717
threshold=29.375000000000004 0.76167763382260179 0.046564903589108628 2.8835650277719957 0.55171284816713362 0.93781250000000005
decision_type=10 2 8 8 10 2
left_child=2 -2 -1 -4 5 -5
right_child=1 -3 3 4 -6 -7
leaf_value=-0.019846273285738372 0.026502284699691334 -0.019059629660208247 0.03181821133817922 -0.0045480178169854963 0.0068783109975484773 0.029538333756499925
leaf_weight=436 404 103 181 8062 2172 256
leaf_count=436 404 103 181 8062 2172 256
internal_value=-0.000715922 0.0172461 -0.00153583 -0.000787697 -0.0013503 -0.00349895
internal_weight=11614 507 11107 10671 10490 8318
internal_count=11614 507 11107 10671 10490 8318
is_linear=0
shrinkage=0.02


Tree=209
num_leaves=7
num_cat=0
split_feature=13 7 16 14 2 15
split_gain=410.673 409.079 377.054 389.395 438.262 523.077
threshold=29.375000000000004 0.76167763382260179 58.003619933904197 0.057903499442470967 0.55171284816713362 0.059610817438545224
decision_type=10 2 8 8 10 8
left_child=2 -2 -1 -4 5 -5
right_child=1 -3 3 4 -6 -7
leaf_value=-0.02119122266512825 0.025972238787366906 -0.018678437778093283 -0.015248455038728547 0.028710323770515501 0.0084821845526659046 -0.0027711610611111624
leaf_weight=376 404 103 699 217 2033 7782
leaf_count=376 404 103 699 217 2033 7782
internal_value=-0.000701603 0.0169012 -0.00150512 -0.000815341 0.000190316 -0.00191712
internal_weight=11614 507 11107 10731 10032 7999
internal_count=11614 507 11107 10731 10032 7999
is_linear=0
shrinkage=0.02


Tree=210
num_leaves=7
num_cat=0
split_feature=0 18 12 14 17 18
split_gain=535.105 389.715 399.235 398.248 361.6 358.327
threshold=0.48810437491632214 0.26582168896593589 -3.7499999999999996 0.21212257630324863 0.2268997590203797 0.32129106716792261
decision_type=10 2 10 10 2 2
left_child=-1 2 -2 5 -5 -3
right_child=1 3 -4 4 -6 -7
leaf_value=-0.0018461165523873159 -0.028569096293526167 0.069413902720107751 0.01002466739126809 -0.012449844196333106 0.034575580182622689 0.018723476548989617
leaf_weight=10511 132 119 571 141 122 105
leaf_count=10511 132 119 571 141 122 105
internal_value=-0.000407021 0.0123042 0.00277804 0.0260555 0.00936423 0.0456528
internal_weight=11701 1190 703 487 263 224
internal_count=11701 1190 703 487 263 224
is_linear=0
shrinkage=0.02


Tree=211
num_leaves=7
num_cat=0
split_feature=0 20 16 14 13 0
split_gain=513.915 391.634 459.625 437.653 319.038 300.221
threshold=0.48810437491632214 68.718750000000014 70.660937913414841 0.21212257630324863 15.625000000000002 0.66428895495184614
decision_type=10 2 10 8 8 10
left_child=4 5 3 -3 -1 -2
right_child=1 2 -4 -5 -6 -7
leaf_value=-0.027021338243585859 0.010701996781480134 0.034403068407573414 0.054854358136653902 -0.01496652981280598 -0.0013276359406538837 -0.018270002658734668
leaf_weight=197 553 159 154 131 10314 193
leaf_count=197 553 159 154 131 10314 193
internal_value=-0.000398881 0.0120581 0.0269303 0.0121016 -0.00180919 0.00320656
internal_weight=11701 1190 444 290 10511 746
internal_count=11701 1190 444 290 10511 746
is_linear=0
shrinkage=0.02


Tree=212
num_leaves=7
num_cat=0
split_feature=0 18 12 3 17 18
split_gain=493.564 372.924 383.046 354.873 312.269 301.781
threshold=0.48810437491632214 0.26582168896593589 -3.7499999999999996 -0.36237026130771172 0.053025074764205204 0.10476490909254906
decision_type=10 2 10 10 2 2
left_child=4 2 -2 -3 -1 -6
right_child=1 3 -4 -5 5 -7
leaf_value=-0.030043242272267769 -0.028206723564106861 0.048269563683367878 0.0095964534302452505 0.012596282497356842 0.010568702272975902 -0.0023303263281029378
leaf_weight=154 132 173 571 314 785 9572
leaf_count=154 132 173 571 314 785 9572
internal_value=-0.000390903 0.0118169 0.00249828 0.0252687 -0.00177301 -0.00135266
internal_weight=11701 1190 703 487 10511 10357
internal_count=11701 1190 703 487 10511 10357
is_linear=0
shrinkage=0.02


Tree=213
num_leaves=7
num_cat=0
split_feature=1 19 14 16 16 15
split_gain=474.019 362.331 659.302 485.096 462.585 324.356
threshold=0.48810437491632214 0.73968750000000016 0.21212257630324863 68.700627421504905 70.368348497845417 0.37069520415115742
decision_type=2 2 10 8 10 10
left_child=-1 -2 3 -3 5 -4
right_child=1 2 4 -5 -6 -7
leaf_value=-0.0017375501175714517 0.00069206344057955659 0.078156896111156254 -0.035324677510534301 0.022488679496545188 0.036709251644818683 0.013633803351409733
leaf_weight=10511 603 112 118 142 115 100
leaf_count=10511 603 112 118 142 115 100
internal_value=-0.000383085 0.0115806 0.0227659 0.0470353 0.00425415 -0.0128667
internal_weight=11701 1190 587 254 333 218
internal_count=11701 1190 587 254 333 218
is_linear=0
shrinkage=0.02


Tree=214
num_leaves=7
num_cat=0
split_feature=0 20 9 13 20 19
split_gain=455.248 371.468 316.898 306.044 298.147 358.902
threshold=0.48810437491632214 68.718750000000014 0.54740918566654484 15.625000000000002 73.718750000000014 0.19416666666666668
decision_type=10 2 10 8 2 2
left_child=3 -2 -3 -1 5 -5
right_child=1 2 -4 4 -6 -7
leaf_value=-0.026396156713593428 0.0027283518860958039 -0.0053043420111188802 0.035001986098038604 -0.014983209719790731 -0.018984292140153989 0.00042198721379333441
leaf_weight=197 746 101 343 647 365 9302
leaf_count=197 746 101 343 647 365 9302
internal_value=-0.000375423 0.011349 0.0258332 -0.0017028 -0.00123115 -0.000579838
internal_weight=11701 1190 444 10511 10314 9949
internal_count=11701 1190 444 10511 10314 9949
is_linear=0
shrinkage=0.02


Tree=215
num_leaves=7
num_cat=0
split_feature=13 7 2 9 2 17
split_gain=451.401 395.748 660.024 687.711 367.252 467.74
threshold=16.875000000000004 -0.18954763464566043 0.36417362409681603 0.78190817087043518 0.2048845704283645 0.1781525224237997
decision_type=8 2 10 10 8 2
left_child=-1 2 3 -2 -3 -6
right_child=1 4 -4 -5 5 -7
leaf_value=-0.019829201088725837 -0.021389974668911359 -0.0027624623956325808 -0.045545394400445124 0.038074607892036434 0.00070205050819522653 0.011976648602712511
leaf_weight=435 206 4265 192 125 4023 2321
leaf_count=435 206 4265 192 125 4023 2321
internal_value=0.000157588 0.000938603 -0.0160454 0.00106644 0.00177587 0.00482695
internal_weight=11567 11132 523 331 10609 6344
internal_count=11567 11132 523 331 10609 6344
is_linear=0
shrinkage=0.02


Tree=216
num_leaves=7
num_cat=0
split_feature=13 7 2 9 14 15
split_gain=433.526 380.076 637.887 535.422 363.767 621.973
threshold=16.875000000000004 -0.18954763464566043 0.27176933768330641 0.77069728165531726 0.26633236404288912 0.43807550180920801
decision_type=8 2 10 10 10 10
left_child=-1 2 3 -2 -3 -6
right_child=1 4 -4 -5 5 -7
leaf_value=-0.019432617277592081 -0.016778459645981011 0.00071232380824775773 -0.039252738200888343 0.040367225030401972 0.027131563076667999 -0.012120808321391053
leaf_weight=435 172 9850 245 106 526 233
leaf_count=435 172 9850 245 106 526 233
internal_value=0.000154436 0.000919831 -0.0157245 0.0050109 0.00174036 0.0150818
internal_weight=11567 11132 523 278 10609 759
internal_count=11567 11132 523 278 10609 759
is_linear=0
shrinkage=0.02


Tree=217
num_leaves=7
num_cat=0
split_feature=13 7 2 9 2 17
split_gain=416.358 365.025 613.42 642.216 352.384 445.423
threshold=16.875000000000004 -0.18954763464566043 0.36417362409681603 0.78190817087043518 0.2048845704283645 0.1781525224237997
decision_type=8 2 10 10 8 2
left_child=-1 2 3 -2 -3 -6
right_child=1 4 -4 -5 5 -7
leaf_value=-0.019043964497059928 -0.020614259551885058 -0.0027399717342130119 -0.043849432030498674 0.036849728895425801 0.00066893360584121446 0.011671277246711225
leaf_weight=435 206 4265 192 125 4023 2321
leaf_count=435 206 4265 192 125 4023 2321
internal_value=0.000151348 0.000901434 -0.01541 0.00108664 0.00170555 0.00469422
internal_weight=11567 11132 523 331 10609 6344
internal_count=11567 11132 523 331 10609 6344
is_linear=0
shrinkage=0.02


Tree=218
num_leaves=7
num_cat=0
split_feature=13 7 2 9 14 18
split_gain=399.87 350.57 594.608 494.892 344.725 597.347
threshold=16.875000000000004 -0.18954763464566043 0.27176933768330641 0.77069728165531726 0.26633236404288912 0.41443078979843689
decision_type=8 2 10 10 10 2
left_child=-1 2 3 -2 -3 -6
right_child=1 4 -4 -5 5 -7
leaf_value=-0.018663085367958777 -0.016030605152942416 0.00067067436407737405 -0.037817877894153404 0.038909624079857374 0.021610327168597093 -0.030628179134708819
leaf_weight=435 172 9850 245 106 658 101
leaf_count=435 172 9850 245 106 658 101
internal_value=0.000148321 0.000883405 -0.0151018 0.00491783 0.00167144 0.014659
internal_weight=11567 11132 523 278 10609 759
internal_count=11567 11132 523 278 10609 759
is_linear=0
shrinkage=0.02


Tree=219
num_leaves=7
num_cat=0
split_feature=13 7 2 2 17 16
split_gain=385.104 381.753 586.736 355.881 448.547 535.765
threshold=15.625000000000002 -0.18954763464566043 0.36417362409681603 0.2048845704283645 0.1781525224237997 77.583747319934702
decision_type=8 2 10 8 2 10
left_child=-1 2 -2 -3 5 -5
right_child=1 3 -4 4 -6 -7
leaf_value=-0.0274365350851162 -6.9955461027814602e-05 -0.0029396548367526601 -0.043286777264273102 -0.00088508735936930971 0.011421181162606302 0.039777977358125875
leaf_weight=199 347 4391 197 3955 2344 134
leaf_count=199 347 4391 197 3955 2344 134
internal_value=0.000145354 0.000628183 -0.0157202 0.00144983 0.00444598 0.000447476
internal_weight=11567 11368 544 10824 6433 4089
internal_count=11567 11368 544 10824 6433 4089
is_linear=0
shrinkage=0.02


Tree=220
num_leaves=7
num_cat=0
split_feature=7 9 7 19 13 8
split_gain=401.748 521.369 577.114 492.82 512.823 483.159
threshold=0.15728761616446083 0.92077717351920607 0.78091391993544035 0.2695833333333334 29.125000000000004 7.1795814961175841
decision_type=2 10 2 2 10 10
left_child=-1 2 3 -2 -5 -4
right_child=1 -3 5 4 -6 -7
leaf_value=-0.006817805849115989 -0.012231288387435478 0.016249157225608629 0.013506157063028735 0.003146828719459433 0.029854383710587379 -0.018748192394935134
leaf_weight=2777 798 909 230 5651 303 966
leaf_count=2777 798 909 230 5651 303 966
internal_value=-0.000180408 0.00190066 0.00025965 0.00252785 0.00450598 -0.0125454
internal_weight=11634 8857 7948 6752 5954 1196
internal_count=11634 8857 7948 6752 5954 1196
is_linear=0
shrinkage=0.02


Tree=221
num_leaves=7
num_cat=0
split_feature=7 9 7 6 19 13
split_gain=385.839 500.723 554.26 1189.17 473.305 492.515
threshold=0.15728761616446083 0.92077717351920607 0.78091391993544035 -0.52109643893669266 0.2695833333333334 29.125000000000004
decision_type=2 10 2 2 2 10
left_child=-1 2 4 -4 -2 -6
right_child=1 -3 3 -5 5 -7
leaf_value=-0.0066814496926747438 -0.011986662633588684 0.015924174116905963 0.040368625961057843 -0.019846601420603908 0.003083892101945214 0.029257295975590698
leaf_weight=2777 798 909 150 1046 5651 303
leaf_count=2777 798 909 150 1046 5651 303
internal_value=-0.000176799 0.00186265 0.000254457 -0.0122945 0.00247729 0.00441586
internal_weight=11634 8857 7948 1196 6752 5954
internal_count=11634 8857 7948 1196 6752 5954
is_linear=0
shrinkage=0.02


Tree=222
num_leaves=7
num_cat=0
split_feature=7 9 7 6 17 0
split_gain=370.56 480.894 532.311 1142.08 426.836 439.914
threshold=0.15728761616446083 0.92077717351920607 0.78091391993544035 -0.52109643893669266 0.16365459593447199 0.47939580571222346
decision_type=2 10 2 2 2 10
left_child=-1 2 -2 -4 -3 -6
right_child=1 4 3 -5 5 -7
leaf_value=-0.0065478207167307756 0.0024277466285621851 -0.010791437564118538 0.03956125297298034 -0.019449669328777754 0.015792653093577823 0.058192487227706577
leaf_weight=2777 6752 193 150 1046 599 117
leaf_count=2777 6752 193 150 1046 599 117
internal_value=-0.000173263 0.0018254 0.000249368 -0.0120486 0.0156057 0.0227211
internal_weight=11634 8857 7948 1196 909 716
internal_count=11634 8857 7948 1196 909 716
is_linear=0
shrinkage=0.02


Tree=223
num_leaves=7
num_cat=0
split_feature=7 9 0 12 7 13
split_gain=355.886 470.217 436.826 494.861 528.568 424.046
threshold=0.15728761616446083 0.66830886058030181 0.48810437491632214 1.7500000000000002 0.86892537180817886 25.125000000000004
decision_type=2 10 8 10 2 8
left_child=-1 -2 3 -3 -5 -4
right_child=1 2 5 4 -6 -7
leaf_value=-0.006416864284452724 -0.0031669829642213742 0.0092509278835447226 0.0078284350093815302 -0.0011272457769739069 -0.035038220356657816 0.033498933118069542
leaf_weight=2777 4107 2031 722 1385 212 400
leaf_count=2777 4107 2031 722 1385 212 400
internal_value=-0.000169798 0.00178889 0.00607389 0.00270102 -0.00562889 0.0169801
internal_weight=11634 8857 4750 3628 1597 1122
internal_count=11634 8857 4750 3628 1597 1122
is_linear=0
shrinkage=0.02


Tree=224
num_leaves=7
num_cat=0
split_feature=7 9 7 8 19 13
split_gain=341.793 456.282 504.531 462.517 451.202 470.925
threshold=0.15728761616446083 0.92077717351920607 0.78091391993544035 7.1795814961175841 0.2695833333333334 29.125000000000004
decision_type=2 10 2 10 2 10
left_child=-1 2 4 -4 -2 -6
right_child=1 -3 3 -5 5 -7
leaf_value=-0.0062885269444372706 -0.011783479689737142 0.01517612910249585 0.013734157400084254 -0.017823666590159878 0.0029290335364636462 0.028522342338162192
leaf_weight=2777 798 909 230 966 5651 303
leaf_count=2777 798 909 230 966 5651 303
internal_value=-0.000166402 0.00175311 0.000217944 -0.0117549 0.00233872 0.00423148
internal_weight=11634 8857 7948 1196 6752 5954
internal_count=11634 8857 7948 1196 6752 5954
is_linear=0
shrinkage=0.02


Tree=225
num_leaves=7
num_cat=0
split_feature=9 15 14 17 16 13
split_gain=478.573 468.586 426.862 329.796 436.02 295.8
threshold=0.94628889364506119 0.41430069994034446 0.26470360789055963 0.22368588609833748 67.78524961652414 29.375000000000004
decision_type=10 10 10 2 10 8
left_child=5 2 3 4 -2 -1
right_child=1 -3 -4 -5 -6 -7
leaf_value=-0.0014860618293228039 0.0040021572324658644 -0.013860089468205867 0.063259487540698517 -0.0073591726728909311 0.05770097586682172 0.010520025731428358
leaf_weight=10157 119 147 102 139 123 893
leaf_count=10157 119 147 102 139 123 893
internal_value=0.00045086 0.0174057 0.0269214 0.017193 0.0312954 -0.000515796
internal_weight=11680 630 483 381 242 11050
internal_count=11680 630 483 381 242 11050
is_linear=0
shrinkage=0.02


Tree=226
num_leaves=7
num_cat=0
split_feature=9 15 15 13 19 19
split_gain=460.184 471.084 519.944 318.272 314.075 497.723
threshold=0.94805950982589604 0.41096622401516741 0.33196374931428213 24.125000000000004 0.85604779411764709 0.84438541666666678
decision_type=10 10 10 8 2 2
left_child=4 2 3 -2 5 -1
right_child=1 -3 -4 -5 -6 -7
leaf_value=5.9914807782139209e-05 -0.0074884473782333531 -0.013027060500035683 0.054048652001425043 0.037801928349060591 -0.0085640780064297258 0.025284660899620733
leaf_weight=9126 161 150 181 101 1637 324
leaf_count=9126 161 150 181 101 1637 324
internal_value=0.000441842 0.0176073 0.02798 0.00997082 -0.000476268 0.000924763
internal_weight=11680 593 443 262 11087 9450
internal_count=11680 593 443 262 11087 9450
is_linear=0
shrinkage=0.02


Tree=227
num_leaves=7
num_cat=0
split_feature=9 15 14 19 19 19
split_gain=442.195 433.111 404.396 343.641 299.064 479.6
threshold=0.94628889364506119 0.41430069994034446 0.26470360789055963 0.86612500000000014 0.85604779411764709 0.84438541666666678
decision_type=10 10 10 2 2 2
left_child=4 2 3 -2 5 -1
right_child=1 -3 -4 -5 -6 -7
leaf_value=1.6767349472163458e-05 0.035554547059157539 -0.01332829464911198 0.06124805755474988 -0.0024349561939015986 -0.0084345097895467333 0.024778967601718542
leaf_weight=9106 189 147 102 192 1620 324
leaf_count=9106 189 147 102 192 1620 324
internal_value=0.000433005 0.0167307 0.0258791 0.0164102 -0.000496184 0.000867558
internal_weight=11680 630 483 381 11050 9430
internal_count=11680 630 483 381 11050 9430
is_linear=0
shrinkage=0.02


Tree=228
num_leaves=7
num_cat=0
split_feature=9 16 13 8 0 19
split_gain=425.568 368.136 532.567 371.627 362.673 289.952
threshold=0.94805950982589604 69.364887584972081 23.875000000000004 10.877238125192216 0.2880102732223157 0.85604779411764709
decision_type=10 10 10 10 8 2
left_child=5 2 4 -3 -2 -1
right_child=1 3 -4 -5 -6 -7
leaf_value=0.00088759579394633568 0.011876610187364037 0.009850015699349601 0.039459687986996325 0.059274749020114544 -0.037716797689596814 -0.008229573739171438
leaf_weight=9450 116 116 113 128 120 1637
leaf_count=9450 116 116 113 128 120 1637
internal_value=0.000424345 0.0169315 0.00375535 0.0357777 -0.0133404 -0.000458558
internal_weight=11680 593 349 244 236 11087
internal_count=11680 593 349 244 236 11087
is_linear=0
shrinkage=0.02


Tree=229
num_leaves=7
num_cat=0
split_feature=9 15 15 13 19 19
split_gain=408.715 437.324 490.202 297.254 278.47 459.105
threshold=0.94805950982589604 0.41096622401516741 0.33196374931428213 24.125000000000004 0.85604779411764709 0.84438541666666678
decision_type=10 10 10 8 2 2
left_child=4 2 3 -2 5 -1
right_child=1 -3 -4 -5 -6 -7
leaf_value=3.9223986692798328e-05 -0.0077724384858926633 -0.012923327639574806 0.051899118215174962 0.035997025432563064 -0.0080649823083831871 0.024265636626033135
leaf_weight=9126 161 150 181 101 1637 324
leaf_count=9126 161 150 181 101 1637 324
internal_value=0.000415858 0.0165929 0.0265871 0.00910052 -0.000449387 0.000869844
internal_weight=11680 593 443 262 11087 9450
internal_count=11680 593 443 262 11087 9450
is_linear=0
shrinkage=0.02


Tree=230
num_leaves=7
num_cat=0
split_feature=15 14 18 12 13 12
split_gain=303.734 457.832 498.259 430.983 312.187 471.804
threshold=0.486123742279573 0.28792685129052492 0.33910920426822594 -1.0000000180025095e-35 23.625000000000004 1.7500000000000002
decision_type=10 10 2 8 8 8
left_child=1 4 -3 -2 -1 -6
right_child=3 2 -4 -5 5 -7
leaf_value=-0.0034052185903837772 0.0039759214707421808 0.045525683637688073 -0.0032930417080158855 -0.053758106618234429 0.017387576171115506 0.0005934043562809383
leaf_weight=6252 106 183 154 101 800 4090
leaf_count=6252 106 183 154 101 800 4090
internal_value=-0.000182816 0.000250172 0.0232168 -0.0241938 -0.000444475 0.00334092
internal_weight=11686 11479 337 207 11142 4890
internal_count=11686 11479 337 207 11142 4890
is_linear=0
shrinkage=0.02


Tree=231
num_leaves=7
num_cat=0
split_feature=0 3 13 17 16 19
split_gain=385.723 447.139 427.792 391.882 605.376 456.74
threshold=0.34791141331088665 1.0296609161069628 24.125000000000004 0.25460891492535026 66.695824436576189 0.87775000000000014
decision_type=8 10 8 2 10 2
left_child=1 2 -1 5 -5 -2
right_child=3 -3 -4 4 -6 -7
leaf_value=-0.0088148630968113064 0.0039692956047276476 0.02268951122094745 0.0024922223204764753 0.05229752804272654 7.3202415918692561e-05 -0.01772848786711163
leaf_weight=3754 4825 247 2080 163 195 422
leaf_count=3754 4825 247 2080 163 195 422
internal_value=-0.00017916 -0.00366763 -0.00478354 0.00360557 0.0238513 0.00222421
internal_weight=11686 6081 5834 5605 358 5247
internal_count=11686 6081 5834 5605 358 5247
is_linear=0
shrinkage=0.02


Tree=232
num_leaves=7
num_cat=0
split_feature=0 20 3 20 12 2
split_gain=370.448 505.207 558.254 499.739 438.92 594.514
threshold=0.34791141331088665 69.343750000000014 1.0296609161069628 69.656250000000014 5.2500000000000009 0.10163807027600431
decision_type=8 2 10 2 8 10
left_child=1 2 4 -3 -1 -6
right_child=-2 3 -4 -5 5 -7
leaf_value=-0.012478230248417177 0.0035334552928660379 0.046092838057062845 0.027750026205914064 0.0022376592483109642 0.024876825934835922 -0.010707889142158205
leaf_weight=3146 5605 110 171 1885 326 443
leaf_count=3146 5605 110 171 1885 326 443
internal_value=-0.000175577 -0.00359428 -0.00762237 0.00465574 -0.00916737 0.00437744
internal_weight=11686 6081 4086 1995 3915 769
internal_count=11686 6081 4086 1995 3915 769
is_linear=0
shrinkage=0.02


Tree=233
num_leaves=7
num_cat=0
split_feature=15 14 18 12 19 18
split_gain=290.95 434.038 479.429 416.206 305.143 415.826
threshold=0.486123742279573 0.28792685129052492 0.33910920426822594 -1.0000000180025095e-35 0.91696691176470602 0.3656781991724844
decision_type=10 10 2 8 2 2
left_child=1 4 -3 -2 5 -1
right_child=3 2 -4 -5 -6 -7
leaf_value=-0.00055179261107362221 0.0040102445235792195 0.044496853689871767 -0.003390531646837662 -0.052725385197318425 -0.014894104032409093 0.018098317630796796
leaf_weight=10086 106 183 154 101 554 502
leaf_count=10086 106 183 154 101 554 502
internal_value=-0.000172065 0.000251714 0.0226136 -0.0236724 -0.000424642 0.000332449
internal_weight=11686 11479 337 207 11142 10588
internal_count=11686 11479 337 207 11142 10588
is_linear=0
shrinkage=0.02


Tree=234
num_leaves=7
num_cat=0
split_feature=0 20 3 20 17 16
split_gain=354.496 485.511 536.237 478.078 374.086 580.76
threshold=0.34791141331088665 69.343750000000014 1.0296609161069628 69.656250000000014 0.25460891492535026 66.741537752032556
decision_type=8 2 10 2 2 10
left_child=1 2 -1 -3 -2 -6
right_child=4 3 -4 -5 5 -7
leaf_value=-0.0089759243700693759 0.002110038933434975 0.045103803274306388 0.02720616779655044 0.0022096007510807258 0.050482796330205693 -0.00057888558163692819
leaf_weight=3915 5247 110 171 1885 167 191
leaf_count=3915 5247 110 171 1885 167 191
internal_value=-0.000168624 -0.0035129 -0.0074617 0.00457469 0.00345967 0.0232404
internal_weight=11686 6081 4086 1995 5605 358
internal_count=11686 6081 4086 1995 5605 358
is_linear=0
shrinkage=0.02


Tree=235
num_leaves=7
num_cat=0
split_feature=13 7 3 14 5 19
split_gain=419.193 285.847 512.781 459.496 546.518 392.356
threshold=15.875000000000002 0.15728761616446083 -0.26209722418497822 0.29477502307898862 4.5000000000000009 0.83291666666666686
decision_type=8 2 8 10 2 2
left_child=-1 2 5 -3 -5 -2
right_child=1 3 -4 4 -6 -7
leaf_value=-0.024889481439536742 -0.011501805006857511 0.0018114513553846164 0.0004665172898386958 0.050577055513858798 -0.005797400761251177 -0.04738198674205811
leaf_weight=258 571 8440 1996 169 116 155
leaf_count=258 571 8440 1996 169 116 155
internal_value=0.000321368 0.000889587 -0.00476876 0.00265486 0.0276317 -0.0191622
internal_weight=11705 11447 2722 8725 285 726
internal_count=11705 11447 2722 8725 285 726
is_linear=0
shrinkage=0.02


Tree=236
num_leaves=7
num_cat=0
split_feature=10 17 12 15 17 2
split_gain=300.553 630.136 793.782 580.681 442.836 353.086
threshold=2.5000000000000004 0.19727575982209047 2.2500000000000004 0.38743893245440214 0.23658314132104458 0.56139753939560411
decision_type=2 2 10 8 2 10
left_child=1 -1 3 -3 -4 -2
right_child=5 2 4 -5 -6 -7
leaf_value=0.00047847568396974371 -0.0032605331479169937 0.07185765504837037 0.020632660282938274 0.019395715515528406 -0.03227420725453306 0.0061195770398593998
leaf_weight=1624 7437 163 149 175 110 2047
leaf_count=1624 7437 163 149 175 110 2047
internal_value=0.000314941 0.0069375 0.0245078 0.0446954 -0.00183744 -0.00123596
internal_weight=11705 2221 597 338 259 9484
internal_count=11705 2221 597 338 259 9484
is_linear=0
shrinkage=0.02


Tree=237
num_leaves=7
num_cat=0
split_feature=7 3 14 15 5 7
split_gain=294.134 556.256 412.694 1155.12 379.165 526.531
threshold=0.15728761616446083 -0.26209722418497822 0.29160047841770759 0.39946536289881424 3.5000000000000004 0.19720086594368461
decision_type=2 8 10 10 2 2
left_child=1 -1 4 -4 -2 -6
right_child=2 -3 3 -5 5 -7
leaf_value=-0.019863729307789103 -0.0036215272152330092 0.00010360372048582526 0.070063535665581364 -0.0070479085456326375 0.033591366567852075 0.0033945973974618465
leaf_weight=766 3651 2056 131 191 243 4667
leaf_count=766 3651 2056 131 191 243 4667
internal_value=0.000308642 -0.0053163 0.00209561 0.0243235 0.00125956 0.00488906
internal_weight=11705 2822 8883 322 8561 4910
internal_count=11705 2822 8883 322 8561 4910
is_linear=0
shrinkage=0.02


Tree=238
num_leaves=7
num_cat=0
split_feature=13 10 17 12 13 17
split_gain=399.746 269.488 579.964 773.868 571.603 424.576
threshold=15.875000000000002 2.5000000000000004 0.19727575982209047 2.2500000000000004 20.625000000000004 0.23658314132104458
decision_type=8 2 2 10 8 2
left_child=-1 2 -2 4 -4 -5
right_child=1 -3 3 5 -6 -7
leaf_value=-0.024316643630497362 0.00088992495764014194 -0.00063397666776521863 0.012410852522761733 0.020114247542399689 0.06572678953371755 -0.031690341928127135
leaf_weight=258 1594 9260 135 149 199 110
leaf_count=258 1594 9260 135 149 199 110
internal_value=0.000302469 0.000857351 0.0071718 0.0240576 0.0441769 -0.0018877
internal_weight=11705 11447 2187 593 334 259
internal_count=11705 11447 2187 593 334 259
is_linear=0
shrinkage=0.02


Tree=239
num_leaves=7
num_cat=0
split_feature=13 7 3 19 14 15
split_gain=383.916 261.389 471.753 423.381 423.222 695.304
threshold=15.875000000000002 0.15728761616446083 -0.26209722418497822 0.83483455882352953 0.29477502307898862 0.39946536289881424
decision_type=8 2 10 2 10 10
left_child=-1 2 3 -2 -3 -6
right_child=1 4 -4 -5 5 -7
leaf_value=-0.023830310471586943 -0.0095949629861363725 0.0017188336946083918 0.0012326451663757006 -0.044008521434731322 0.065039664589989499 0.0011785787471765004
leaf_weight=258 711 8440 1832 179 113 172
leaf_count=258 711 8440 1832 179 113 172
internal_value=0.00029642 0.000840204 -0.00457066 -0.0165163 0.00252827 0.0264989
internal_weight=11705 11447 2722 890 8725 285
internal_count=11705 11447 2722 890 8725 285
is_linear=0
shrinkage=0.02


Tree=240
num_leaves=7
num_cat=0
split_feature=17 6 9 20 18 2
split_gain=302.878 719.65 726.408 640.338 348.796 511.105
threshold=0.25993999817324659 -0.48177053952726939 0.80750404040574286 69.303308823529434 0.11155871203269838 0.57843514346596137
decision_type=2 2 10 2 2 10
left_child=4 -2 -3 -4 -1 -6
right_child=1 2 3 -5 5 -7
leaf_value=0.0085308755418031929 0.059329213188575196 0.047369969619209307 0.0085245727925154606 -0.0458151827087259 -0.0047783133503508076 0.0066841188451250292
leaf_weight=1299 111 114 253 132 7829 1942
leaf_count=1299 111 114 253 132 7829 1942
internal_value=-0.000449693 0.0132702 0.00302463 -0.0101062 -0.00120571 -0.00250014
internal_weight=11680 610 499 385 11070 9771
internal_count=11680 610 499 385 11070 9771
is_linear=0
shrinkage=0.02


Tree=241
num_leaves=7
num_cat=0
split_feature=17 17 16 16 18 2
split_gain=290.884 691.23 582.167 489.788 334.984 490.865
threshold=0.25993999817324659 0.27566257761623508 66.741537752032556 69.406122710366546 0.11155871203269838 0.57843514346596137
decision_type=2 2 10 8 2 10
left_child=4 2 -2 -3 -1 -6
right_child=1 3 -4 -5 5 -7
leaf_value=0.0083602578709406749 0.060512213570749554 -0.031570373991326915 0.0067985934899611909 0.021462691420955315 -0.0046827471502774365 0.006550436471037405
leaf_weight=1299 158 168 165 119 7829 1942
leaf_count=1299 158 168 165 119 7829 1942
internal_value=-0.000440699 0.0130048 0.0330734 -0.00958105 -0.0011816 -0.00245014
internal_weight=11680 610 323 287 11070 9771
internal_count=11680 610 323 287 11070 9771
is_linear=0
shrinkage=0.02


Tree=242
num_leaves=7
num_cat=0
split_feature=17 6 9 20 2 18
split_gain=279.365 689.725 688.263 611.158 343.884 321.718
threshold=0.25993999817324659 -0.48177053952726939 0.80750404040574286 69.303308823529434 0.39749819974636419 0.11155871203269838
decision_type=2 2 10 2 10 2
left_child=5 -2 -3 4 -4 -1
right_child=1 2 3 -5 -6 -7
leaf_value=0.0081930525946051595 0.05783593466689995 0.045879722752101851 0.029419891328915308 -0.044952905095662132 -0.017408366489021675 -0.0024011332951809944
leaf_weight=1299 111 114 138 132 115 9771
leaf_count=1299 111 114 138 132 115 9771
internal_value=-0.000431885 0.0127447 0.0027144 -0.010067 0.00813432 -0.00115797
internal_weight=11680 610 499 385 253 11070
internal_count=11680 610 499 385 253 11070
is_linear=0
shrinkage=0.02


Tree=243
num_leaves=7
num_cat=0
split_feature=17 6 8 19 16 18
split_gain=268.302 662.412 670.927 319.725 345.399 308.978
threshold=0.25993999817324659 -0.48177053952726939 8.3334556349044533 0.88088888888888894 68.174241339038517 0.11155871203269838
decision_type=2 2 10 2 10 2
left_child=5 -2 -3 -4 -5 -1
right_child=1 2 3 4 -6 -7
leaf_value=0.0080291915589831182 0.056679215682250962 0.042989564373969065 0.011325788272003975 -0.052642570318510898 -0.0024480834564772143 -0.002353110734772778
leaf_weight=1299 111 124 155 104 116 9771
leaf_count=1299 111 124 155 104 116 9771
internal_value=-0.000423248 0.0124898 0.00266012 -0.0106755 -0.0261764 -0.00113481
internal_weight=11680 610 499 375 220 11070
internal_count=11680 610 499 375 220 11070
is_linear=0
shrinkage=0.02


Tree=244
num_leaves=7
num_cat=0
split_feature=17 17 18 12 8 18
split_gain=257.677 649.594 511.901 425.352 382.819 296.743
threshold=0.25993999817324659 0.27566257761623508 0.39586496333922766 -1.2499999999999998 9.4204475707441002 0.11155871203269838
decision_type=2 2 2 10 10 2
left_child=5 2 4 -3 -2 -1
right_child=1 3 -4 -5 -6 -7
leaf_value=0.0078686079391750794 0.041236186047227917 0.019694064073583002 0.066973716777945877 -0.029854144882629902 -0.012284401775083758 -0.0023060485128324
leaf_weight=1299 104 117 109 170 110 9771
leaf_count=1299 104 117 109 170 110 9771
internal_value=-0.000414783 0.01224 0.0316948 -0.00965505 0.0137256 -0.00111211
internal_weight=11680 610 323 287 214 11070
internal_count=11680 610 323 287 214 11070
is_linear=0
shrinkage=0.02


Tree=245
num_leaves=7
num_cat=0
split_feature=8 2 7 3 15 10
split_gain=382.95 420.644 413.798 324.819 321.349 294.395
threshold=3.9767777338419137 -0.58019907381090474 0.41757341482808291 0.99087185321468529 0.13208336938977264 4.5000000000000009
decision_type=8 8 2 10 10 2
left_child=2 -2 -1 -3 -5 -6
right_child=1 3 -4 4 5 -7
leaf_value=0.0365842942779823 -0.019455095195312744 -0.00077727186437629922 -0.0032433372630654828 -0.0051915694638186649 0.055088756278414149 0.010675496700091092
leaf_weight=230 469 10396 191 149 116 123
leaf_count=230 469 10396 191 149 116 123
internal_value=-0.000212456 -0.000913101 0.0185152 -0.000106703 0.0178604 0.0322317
internal_weight=11674 11253 421 10784 388 239
internal_count=11674 11253 421 10784 388 239
is_linear=0
shrinkage=0.02


Tree=246
num_leaves=7
num_cat=0
split_feature=8 6 3 19 9 12
split_gain=367.785 486.773 350.799 310.186 396.527 372.347
threshold=3.9767777338419137 -0.38916990468126633 -0.52537936584754663 0.87033333333333351 0.92238411883964211 -10.249999999999998
decision_type=8 2 8 2 8 8
left_child=1 -1 -2 5 -5 -4
right_child=2 -3 3 4 -6 -7
leaf_value=0.055217633808277683 -0.010970497498365164 0.0056696601690694928 -0.02077730827462853 -0.016665715876243645 0.0041918125500830664 0.0025943249401159168
leaf_weight=106 1231 315 282 881 622 8237
leaf_count=106 1231 315 282 881 622 8237
internal_value=-0.000208207 0.0181449 -0.000894838 0.000342752 -0.00803406 0.00182067
internal_weight=11674 421 11253 10022 1503 8519
internal_count=11674 421 11253 10022 1503 8519
is_linear=0
shrinkage=0.02


Tree=247
num_leaves=7
num_cat=0
split_feature=2 19 9 9 5 13
split_gain=335.375 322.622 453.273 412.23 406.744 311.634
threshold=-0.58019907381090474 0.87033333333333351 0.92238411883964211 0.90832769333699603 2.5000000000000004 17.875000000000004
decision_type=8 2 8 10 2 8
left_child=-1 5 3 -3 -4 -2
right_child=1 2 4 -5 -6 -7
leaf_value=-0.015935724976780002 -0.010918835116217711 -0.011778777044976041 0.041057878989548914 -0.052626666790539664 -0.0018377321424361851 0.0029440332444969851
leaf_weight=518 700 840 105 112 560 8839
leaf_count=518 700 840 105 112 560 8839
internal_value=-0.000204043 0.000526417 -0.00773433 -0.0165844 0.00493526 0.00192674
internal_weight=11674 11156 1617 952 665 9539
internal_count=11674 11156 1617 952 665 9539
is_linear=0
shrinkage=0.02


Tree=248
num_leaves=7
num_cat=0
split_feature=8 6 2 13 6 3
split_gain=353.422 467.497 381.725 310.824 280.129 291.37
threshold=3.9767777338419137 -0.38916990468126633 -0.58019907381090474 17.875000000000004 -0.46276444852573262 0.082071652041127915
decision_type=8 2 8 8 2 8
left_child=1 -1 -2 4 -4 -6
right_child=2 -3 3 -5 5 -7
leaf_value=0.054122519673041582 -0.018536463406230851 0.0055654717721340674 -0.030752674492793682 0.00084127567311543334 -0.017418209257919121 0.012018049634139365
leaf_weight=106 469 315 231 10007 306 240
leaf_count=106 469 315 231 10007 306 240
internal_value=-0.000199962 0.0177912 -0.000873053 -0.000104865 -0.0122902 -0.00447919
internal_weight=11674 421 11253 10784 777 546
internal_count=11674 421 11253 10784 777 546
is_linear=0
shrinkage=0.02


Tree=249
num_leaves=7
num_cat=0
split_feature=19 19 13 13 12 9
split_gain=297.415 479.139 381.425 351.364 570.686 540.218
threshold=0.87033333333333351 0.93781250000000005 28.625000000000004 25.375000000000004 3.7500000000000004 0.53314812068468664
decision_type=2 2 8 10 8 10
left_child=3 2 -2 -1 5 -5
right_child=1 -3 -4 4 -6 -7
leaf_value=-0.0010140741627197344 -0.010054405959051669 0.013590361650851441 -0.047727534183482564 -0.0016250135685349331 0.0016390621390459487 0.035903978364883404
leaf_weight=7597 1208 328 118 232 1738 453
leaf_count=7597 1208 328 118 232 1738 453
internal_value=-0.000195962 -0.00805316 -0.0134069 0.00110102 0.00773264 0.0231934
internal_weight=11674 1654 1326 10020 2423 685
internal_count=11674 1654 1326 10020 2423 685
is_linear=0
shrinkage=0.02


end of trees

feature_importances:
implied_total=231
wt_target_share=211
wt_snap_share=191
baseline_target_share=180
rolling_epa_per_opp=113
prior_epa_per_opp=77
baseline_snap_share=76
baseline_air_yards_share=59
def_deep_pass_epa_adj=58
wt_team_total_plays=53
wt_air_yards_share=47
baseline_epa_per_opp=45
wt_air_yards_per_target=37
baseline_team_total_plays=32
team_spread=27
form_residual=22
draft_tier_int=14
games_played_so_far=14
def_short_pass_epa_adj=13

parameters:
[boosting: gbdt]
[objective: regression]
[metric: rmse]
[tree_learner: serial]
[device_type: cpu]
[data_sample_strategy: bagging]
[data: ]
[valid: ]
[num_iterations: 250]
[learning_rate: 0.02]
[num_leaves: 7]
[num_threads: 1]
[seed: 42]
[deterministic: 0]
[force_col_wise: 0]
[force_row_wise: 0]
[histogram_pool_size: -1]
[max_depth: -1]
[min_data_in_leaf: 100]
[min_sum_hessian_in_leaf: 0.001]
[bagging_fraction: 0.8]
[pos_bagging_fraction: 1]
[neg_bagging_fraction: 1]
[bagging_freq: 5]
[bagging_seed: 400]
[bagging_by_query: 0]
[feature_fraction: 0.8]
[feature_fraction_bynode: 1]
[feature_fraction_seed: 30056]
[extra_trees: 0]
[extra_seed: 12879]
[early_stopping_round: 0]
[early_stopping_min_delta: 0]
[first_metric_only: 0]
[max_delta_step: 0]
[lambda_l1: 0]
[lambda_l2: 0]
[linear_lambda: 0]
[min_gain_to_split: 0]
[drop_rate: 0.1]
[max_drop: 50]
[skip_drop: 0.5]
[xgboost_dart_mode: 0]
[uniform_drop: 0]
[drop_seed: 17869]
[top_rate: 0.2]
[other_rate: 0.1]
[min_data_per_group: 100]
[max_cat_threshold: 32]
[cat_l2: 10]
[cat_smooth: 10]
[max_cat_to_onehot: 4]
[top_k: 20]
[monotone_constraints: ]
[monotone_constraints_method: basic]
[monotone_penalty: 0]
[feature_contri: ]
[forcedsplits_filename: ]
[refit_decay_rate: 0.9]
[cegb_tradeoff: 1]
[cegb_penalty_split: 0]
[cegb_penalty_feature_lazy: ]
[cegb_penalty_feature_coupled: ]
[path_smooth: 0]
[interaction_constraints: ]
[verbosity: -1]
[saved_feature_importance_type: 0]
[use_quantized_grad: 0]
[num_grad_quant_bins: 4]
[quant_train_renew_leaf: 0]
[stochastic_rounding: 1]
[linear_tree: 0]
[max_bin: 255]
[max_bin_by_feature: ]
[min_data_in_bin: 3]
[bin_construct_sample_cnt: 200000]
[data_random_seed: 175]
[is_enable_sparse: 1]
[enable_bundle: 1]
[use_missing: 1]
[zero_as_missing: 0]
[feature_pre_filter: 0]
[pre_partition: 0]
[two_round: 0]
[header: 0]
[label_column: ]
[weight_column: ]
[group_column: ]
[ignore_column: ]
[categorical_feature: ]
[forcedbins_filename: ]
[precise_float_parser: 0]
[parser_config_file: ]
[objective_seed: 16083]
[num_class: 1]
[is_unbalance: 0]
[scale_pos_weight: 1]
[sigmoid: 1]
[boost_from_average: 1]
[reg_sqrt: 0]
[alpha: 0.9]
[fair_c: 1]
[poisson_max_delta_step: 0.7]
[tweedie_variance_power: 1.5]
[lambdarank_truncation_level: 30]
[lambdarank_norm: 1]
[label_gain: ]
[lambdarank_position_bias_regularization: 0]
[eval_at: ]
[multi_error_top_k: 1]
[auc_mu_weights: ]
[num_machines: 1]
[local_listen_port: 12400]
[time_out: 120]
[machine_list_filename: ]
[machines: ]
[gpu_platform_id: -1]
[gpu_device_id: -1]
[gpu_use_dp: 0]
[num_gpu: 1]

end of parameters
