tree
version=v4
num_class=1
num_tree_per_iteration=1
label_index=0
max_feature_idx=12
objective=regression
feature_names=wt_target_share wt_air_yards_share wt_snap_share wt_team_total_plays def_short_pass_epa_adj def_deep_pass_epa_adj draft_tier_int is_cold_start_int games_played_so_far baseline_target_share baseline_air_yards_share baseline_snap_share baseline_team_total_plays
feature_infos=[0.016666666666666666:0.44444444444444442] [-0.11079802267631861:0.75152783262587475] [0:1] [48:102] [-1.197732501789543:0.5176126748423755] [-0.90140661980954362:1.9252180761078406] [1:5] [0:1] [0:16] [0.027459954233409609:0.31418312387791741] [-0.024441132637853951:0.52051109616677871] [0:0.98999999999999999] [58.5:75.875]
tree_sizes=2721 2884 2879 2887 2883 2885 2879 2886 2883 2896 2899 2895 2886 2895 2890 2890 2896 2882 2874 2885 2880 2885 2873 2884 2877 2879 2890 2881 2882 2900 2897 2893 2875 2898 2884 2897 2882 2892 2900 2899 2893 2897 2895 2894 2891 2882 2894 2906 2891 2888 2897 2900 2904 2876 2890 2901 2904 2895 2910 2900 2904 2897 2899 2916 2905 2916 2916 2909 2903 2906 2898 2911 2917 2893 2903 2933 2916 2910 2919 2923 2904 2917 2923 2889 2939 2906 2913 2924 2907 2914 2928 2925 2911 2907 2919 2939 2904 2906 2921 2910 2905 2927 2924 2911 2907 2915 2906 2913 2908 2924 2890 2933 2927 2918 2922 2919 2909 2920 2919 2919 2905 2908 2916 2906 2903 2926 2927 2905 2909 2906 2934 2927 2909 2941 2909 2934 2929 2901 2926 2918 2916 2911 2915 2927 2941 2920 2920 2925 2925 2924 2925 2912 2925 2927

Tree=0
num_leaves=31
num_cat=0
split_feature=11 1 2 10 2 2 2 1 10 1 12 10 3 2 2 12 2 1 3 1 2 2 5 11 10 10 5 3 1 11
split_gain=12426.8 2782.95 2535.12 1437.08 770.926 710.527 508.971 356.922 321.837 219.835 205.065 193.655 181.654 164.294 136.015 134.109 130.334 122.961 115.906 111.833 111.563 97.5321 97.4182 97.4161 94.2928 92.905 92.2083 82.3482 78.677 75.3275
threshold=0.71433333333333338 0.22284845705372558 0.67729635109107722 0.34678297305875455 0.85332718775963512 0.44002745851802461 0.72613772601414606 0.28309132946616716 0.20643694254636222 0.20601695486151611 68.27389705882355 0.23819200278071151 65.361090934829406 0.74102744273915089 0.9147934690931544 67.696691176470594 0.90005174584289016 0.33680946929569128 70.69582527920511 0.090963827503894742 0.48798291485571671 0.91165143277388194 0.16473958926362076 0.88088888888888894 0.31978426049651432 0.37876350089201866 0.54155124814185218 73.679431618207147 0.20101295841195085 0.62839583333333349
decision_type=2 8 10 2 10 8 10 8 2 10 2 2 10 10 10 2 10 10 10 8 10 10 2 2 2 2 2 8 10 2
left_child=2 6 5 4 11 -1 20 13 9 19 14 -3 -6 -4 23 -13 28 22 -12 -7 -2 -15 -14 25 26 -5 -17 -10 -8 -9
right_child=1 3 7 10 12 8 16 29 27 -11 18 15 17 21 -16 24 -18 -19 -20 -21 -22 -23 -24 -25 -26 -27 -28 -29 -30 -31
leaf_value=6.546914013313895 6.556425132134855 6.5903402598062728 6.5697344282296681 6.6190288007678779 6.6108332087170032 6.5487033913394042 6.5871145111482701 6.5919681947524262 6.5722779588293916 6.5744182998014766 6.6408906400088901 6.5980231802612588 6.6370742556294173 6.5829254003384703 6.6438725015550695 6.6132346527752324 6.611335596839365 6.6369953086444182 6.6623331211016898 6.5605438439909651 6.576276957891797 6.6032783054272333 6.6163639170164883 6.6114833464481979 6.6245976475712522 6.6425401923241196 6.5939995426911411 6.5879576848872734 6.6034396799625688 6.6054511324400664
leaf_weight=1297 152 453 385 132 363 413 443 330 594 389 354 496 120 786 190 319 169 342 141 1403 444 107 374 165 171 137 145 173 161 333
leaf_count=1297 152 453 385 132 363 413 443 330 594 389 354 496 120 786 190 319 169 342 141 1403 444 107 374 165 171 137 145 173 161 333
internal_value=6.58705 6.60964 6.56788 6.61824 6.61055 6.55927 6.5851 6.58683 6.56466 6.56077 6.63739 6.60139 6.62265 6.58066 6.62976 6.60582 6.59581 6.62778 6.647 6.55785 6.57121 6.58536 6.62139 6.62358 6.6119 6.631 6.60722 6.57581 6.59147 6.59874
internal_weight=11481 5271 6210 3902 2783 4269 1369 1941 2972 2205 1119 1584 1199 1278 624 1131 773 836 495 1816 596 893 494 434 635 269 464 767 604 663
internal_count=11481 5271 6210 3902 2783 4269 1369 1941 2972 2205 1119 1584 1199 1278 624 1131 773 836 495 1816 596 893 494 434 635 269 464 767 604 663
is_linear=0
shrinkage=1


Tree=1
num_leaves=31
num_cat=0
split_feature=11 1 2 10 2 2 2 1 10 1 10 12 2 2 12 2 2 1 11 1 11 2 10 10 10 5 11 10 6 1
split_gain=11934.7 2672.92 2434.73 1349.53 686.088 682.39 561.25 342.788 309.092 211.13 194.585 186.188 176.409 157.923 145.161 124.199 119.72 134.163 131.196 107.404 101.64 90.7221 84.6568 84.2293 86.8069 84.1537 79.4979 77.1924 75.1745 80.0041
threshold=0.71433333333333338 0.22999453478796941 0.67729635109107722 0.34678297305875455 0.85332718775963512 0.44002745851802461 0.66985057148143157 0.28309132946616716 0.20643694254636222 0.20601695486151611 0.23819200278071151 68.27389705882355 0.81387747501183905 0.74777784735885278 67.696691176470594 0.9147934690931544 0.92244355581758553 0.40484896414153265 0.84806250000000005 0.090963827503894742 0.88088888888888894 0.91165143277388194 0.31978426049651432 0.40549237421105194 0.36584087807920346 0.53458021745221085 0.79253846153846175 0.37876350089201866 3.5000000000000004 0.29965635229544202
decision_type=2 8 10 2 10 8 10 8 2 10 2 2 10 10 2 10 10 10 2 8 2 10 2 2 2 2 2 2 2 8
left_child=2 6 5 4 10 -1 -2 13 9 19 -3 15 -8 -4 28 20 18 -18 25 -7 27 -15 -16 24 -13 -6 -14 -5 -12 -30
right_child=1 3 7 11 16 8 12 -9 -10 -11 14 23 26 21 22 -17 17 -19 -20 -21 -22 -23 -24 -25 -26 -27 -28 -29 29 -31
leaf_value=-0.039265189621204032 -0.019334062582134933 0.0032509308433973211 -0.016193801797309948 0.032890742102334662 0.042328430014828645 -0.037511598645341884 -0.0010731777313983803 0.011524442322833147 -0.010942628414721036 -0.012310987904016647 -0.0040359356718243297 0.063404924434685858 0.0038015396185219286 -0.0037173309348483776 0.020931590003892778 0.055754127828698409 0.037167874309208877 0.063105392981978023 0.018038851695987377 -0.025907954153467395 0.024012756607749246 0.015971817106844109 0.037508048078593086 0.070295025620631821 0.042757819905252514 0.023697842669983708 0.020702067931167415 0.054448467227664311 0.0019105038335246426 0.021559535560607909
leaf_weight=1297 449 433 423 129 297 413 495 663 767 389 106 159 160 748 448 190 366 102 247 1403 165 107 170 167 167 144 366 137 124 250
leaf_count=1297 449 433 423 129 297 413 495 663 767 389 106 159 160 748 448 190 366 102 247 1403 165 107 170 167 167 144 366 137 124 250
internal_value=6.9783e-05 0.022203 -0.0187167 0.03106 0.0233867 -0.0271609 -0.000698649 -0.000144694 -0.0218786 -0.0256826 0.0146051 0.0495682 0.00749655 -0.0061984 0.0190826 0.042283 0.0350171 0.0428209 0.0297088 -0.0285469 0.0363444 -0.00125331 0.0254915 0.0587448 0.052828 0.036245 0.0155612 0.0439938 0.0108312 0.0150449
internal_weight=11481 5271 6210 3801 2687 4269 1470 1941 2972 2205 1531 1114 1021 1278 1098 621 1156 468 688 1816 431 855 618 493 326 441 526 266 480 374
internal_count=11481 5271 6210 3801 2687 4269 1470 1941 2972 2205 1531 1114 1021 1278 1098 621 1156 468 688 1816 431 855 618 493 326 441 526 266 480 374
is_linear=0
shrinkage=0.02


Tree=2
num_leaves=31
num_cat=0
split_feature=2 10 10 1 1 2 10 2 2 2 10 1 6 2 1 3 6 12 5 12 1 10 2 10 3 2 2 10 2 6
split_gain=11196.6 2481.04 2087.05 920.903 742.1 595.133 509.733 366.066 357.213 263.558 263.149 240.954 218.065 188.732 151.918 142.443 128.921 120.009 127.721 110.647 110.607 100.685 100.347 86.5584 82.908 82.5074 76.5083 71.826 70.8249 70.293
threshold=0.7186028116842299 0.32056245008405942 0.22799095171054665 0.23456589981747697 0.28309132946616716 0.45450653120464451 0.34165273687282766 0.85332718775963512 0.9063618821633993 0.92244355581758553 0.41437173263629584 0.22999453478796941 3.5000000000000004 0.44719277327720308 0.090963827503894742 70.568204071245972 1.5000000000000002 67.156250000000014 0.57446402315973077 66.156250000000014 0.28433068715000048 0.20177832127135945 0.57364039293472502 0.06748630414167589 65.84281589810702 0.67729635109107722 0.49883104369269493 0.25120794649283745 0.28747260192018287 4.5000000000000009
decision_type=10 2 2 8 8 8 2 10 10 10 2 10 2 8 8 8 2 2 2 2 10 2 10 2 10 8 10 2 10 2
left_child=2 4 5 13 7 28 15 16 10 17 20 14 -9 -4 26 22 -2 24 21 -10 -3 -19 -5 -16 -6 -13 -7 -11 -1 -24
right_child=1 8 3 6 9 11 -8 12 19 27 -12 25 -14 -15 23 -17 -18 18 -20 -21 -22 -23 29 -25 -26 -27 -28 -29 -30 -31
leaf_value=-0.042702408506881499 -0.016720372015009814 0.014976863019606646 -0.034189245940550513 -0.021770638370513917 0.001950416740249185 -0.042106484125671077 0.040924738910125227 9.7179696354526721e-05 0.036561580557341967 0.027534589277286279 0.060479783742516134 -0.015966604668569761 0.021659274690691527 -0.011360702452505563 -0.037268512574109167 0.012189777300908016 0.0012559723137088462 0.012506053678127897 0.010641763174423464 0.058849188770915641 0.034030231373735981 0.033287752711855897 0.012508351278881873 -0.020494606576301977 0.017838000007617622 0.001339984075189224 -0.025883843682272017 0.045677463400654678 -0.033332666062069229 -0.0093502350364412581
leaf_weight=637 183 153 184 100 221 243 196 267 109 152 135 241 631 681 132 455 1247 119 216 488 599 431 124 1816 324 203 223 205 654 112
leaf_count=637 183 153 184 100 221 243 196 267 109 152 135 241 631 681 132 455 1247 119 216 488 599 431 124 1816 324 203 223 205 654 112
internal_value=6.83875e-05 0.0207366 -0.0188055 -0.00115179 0.0125358 -0.0266856 0.012051 0.00524026 0.0428194 0.022718 0.0347693 -0.0215947 0.0152483 -0.0162167 -0.0240852 0.00489645 -0.0010445 0.0185693 0.0236734 0.0547799 0.0301537 0.0287913 -0.00497992 -0.0216312 0.0113955 -0.00805391 -0.0343433 0.0379528 -0.0379558 0.00213478
internal_weight=11481 5480 6001 1852 3996 4149 987 2328 1484 1668 887 2858 898 865 2414 791 1430 1311 766 597 752 550 336 1948 545 444 466 357 1291 236
internal_count=11481 5480 6001 1852 3996 4149 987 2328 1484 1668 887 2858 898 865 2414 791 1430 1311 766 597 752 550 336 1948 545 444 466 357 1291 236
is_linear=0
shrinkage=0.02


Tree=3
num_leaves=31
num_cat=0
split_feature=0 0 0 11 10 10 0 0 0 3 11 3 12 11 1 3 10 10 1 10 11 11 0 12 1 3 3 12 0 10
split_gain=14865.9 3450.39 1355.18 1190.81 563.479 350.425 303.682 265.47 222.616 212.641 194.521 170.926 154.252 122.125 136.78 116.834 114.286 100.52 133.517 94.5367 91.9843 94.1688 90.8021 89.3664 76.2247 73.806 78.2242 71.055 68.0634 66.9019
threshold=0.18255447790944893 0.12086206642334026 0.23429410968847028 0.71643750000000017 0.34819042378274373 0.36639561877397248 0.26912223356231596 0.066338619608320007 0.14286233418886482 65.399968991255221 0.73968750000000016 76.000727188770796 65.849264705882362 0.79332417582417591 0.45771001461413158 74.099174897746991 0.40549237421105194 0.20643694254636222 0.14853898303136071 0.32056245008405942 0.78029411764705892 0.74211397058823536 0.1573407961764329 71.205882352941188 0.37022773192176256 66.95541232286574 70.69582527920511 68.968750000000014 0.099169990182057619 0.2892046614430413
decision_type=10 8 10 2 2 2 10 10 10 10 2 8 2 2 10 10 2 2 8 2 2 2 10 2 10 10 10 2 10 2
left_child=1 7 4 8 9 11 15 -1 17 -2 25 20 -8 -14 -15 19 -6 18 -3 -4 21 -5 27 -10 -21 -11 -27 -22 -9 -13
right_child=2 3 6 5 16 -7 12 28 23 10 -12 29 13 14 -16 -17 -18 -19 -20 24 22 -23 -24 -25 -26 26 -28 -29 -30 -31
leaf_value=-0.039998576430056457 0.0068284671854623516 -0.0068847194087081759 0.02948170594498515 0.00898361063825673 0.037917093291878701 0.038629429741300271 0.03688298239232668 -0.030852386685177955 -0.0089331636750986394 0.028442710947990418 0.02827075394240065 0.010688106132003496 0.044850040361823808 0.07214281504725012 0.046960558362305165 0.058017545587876265 0.063847834126463207 -0.0088995498586446047 -0.025166682812339025 0.053626595314471955 -0.0066261225053105485 -0.010060880228144225 0.013650123011897988 0.007398798049260409 0.035383114273260748 0.0010332587625073121 0.017331840441963536 0.012004819644279168 -0.023969967576600752 0.02747501053922885
leaf_weight=1014 546 197 480 145 200 139 153 1267 951 100 761 265 166 307 120 102 103 320 846 155 249 366 355 156 224 226 246 122 1052 148
leaf_count=1014 546 197 480 145 200 139 153 1267 951 100 761 265 166 307 120 102 103 320 846 155 249 366 355 156 224 226 246 122 1052 148
internal_value=6.70196e-05 -0.0162213 0.0318647 -0.00429383 0.0214223 0.00813245 0.0452128 -0.0314626 -0.0132941 0.017341 0.021647 0.00556331 0.0547873 0.0594068 0.0650658 0.0377804 0.0467318 -0.0187052 -0.0217136 0.0353774 0.00184383 -0.00465687 0.00641939 -0.00663164 0.0428442 0.0128347 0.00952786 -0.000499505 -0.0277302 0.0167038
internal_weight=11481 7592 3889 4259 2182 1789 1707 3333 2470 1879 1333 1650 746 593 427 961 303 1363 1043 859 1237 511 726 1107 379 572 472 371 2319 413
internal_count=11481 7592 3889 4259 2182 1789 1707 3333 2470 1879 1333 1650 746 593 427 961 303 1363 1043 859 1237 511 726 1107 379 572 472 371 2319 413
is_linear=0
shrinkage=0.02


Tree=4
num_leaves=31
num_cat=0
split_feature=0 0 9 9 9 9 2 2 0 2 0 2 12 2 10 12 0 0 4 9 2 3 9 3 3 5 4 9 5 2
split_gain=14277.2 3313.75 1770.8 1517.98 815.876 572.74 329.406 267.061 241.024 227.969 183.917 142.926 122.703 105.952 105.101 99.2167 98.2619 97.7049 95.0639 90.7207 90.1777 89.7147 88.9203 134.87 75.2479 75.0002 73.7611 78.1938 102.089 66.3043
threshold=0.18255447790944893 0.12086206642334026 0.19809042019870571 0.16419763404688031 0.23710560625814867 0.25460891492535026 0.89896241200847349 0.44719277327720308 0.23429410968847028 0.74777784735885278 0.26686262215144446 0.48156587420224112 69.031250000000014 0.81185399659131552 0.2255705511027386 66.281250000000014 0.066338619608320007 0.16065607355345912 -0.44189491716806051 0.20666712785308231 0.88752240877480926 65.620129394099251 0.14148611534940497 65.399968991255221 66.603709605924777 0.61674106664611206 -0.46138819987100538 0.22775532331739159 0.32415841060333755 0.71109715570169729
decision_type=10 8 2 2 2 2 10 10 10 10 10 8 2 10 2 2 10 8 2 2 10 10 2 10 8 2 2 2 2 10
left_child=1 7 8 9 12 6 10 16 22 11 29 -3 24 -9 -13 -7 -1 -11 -17 -14 -10 -19 -2 -24 -5 -25 -8 28 -28 -4
right_child=2 3 5 4 -6 15 26 13 20 17 -12 14 19 -15 -16 18 -18 21 -20 -21 -22 -23 23 25 -26 -27 27 -29 -30 -31
leaf_value=-0.041049538884207468 0.0043149103532971632 -0.032537930416404653 0.011834520700231064 -0.0043877960075723371 0.054054767634719614 0.046037560277971734 0.036090240753999282 -0.026737683517176931 0.021883109840462885 -0.010211554271418875 0.048911953796768749 -0.017917904519035986 0.010065491131094634 -0.010551553319712154 -0.0054750123412110087 0.081223613546653223 -0.031584407740169101 -0.010153032137000043 0.059849033555266454 0.031395765451921361 0.039072431459039603 0.011917405361082496 0.003451914244381956 0.02432474308477375 0.0068626289942533558 0.0085513453401109708 0.075541111394899704 0.043196049491811238 0.049476105639738817 0.028414328860514093
leaf_weight=856 391 218 113 376 160 145 119 1394 321 492 171 1289 305 183 344 110 900 115 342 108 197 205 258 499 647 159 109 161 134 660
leaf_count=856 391 218 113 376 160 145 119 1394 321 492 171 1289 305 183 344 110 900 115 342 108 197 205 258 499 647 159 109 161 134 660
internal_value=6.56793e-05 -0.0158969 0.0312274 -0.00420795 0.0112154 0.0439177 0.0371969 -0.0308334 0.0168752 -0.0134515 0.0301427 -0.0173273 0.00644222 -0.0248594 -0.0152967 0.0604329 -0.0361984 -0.00461652 0.0650508 0.0156434 0.0284204 0.00398584 0.0122995 0.0157078 0.00272758 0.0205132 0.0499294 0.0540058 0.0611678 0.0259906
internal_weight=11481 7592 3889 4259 1596 2064 1467 3333 1825 2663 944 1851 1436 1577 1633 597 1756 812 452 413 518 320 1307 916 1023 658 523 404 243 773
internal_count=11481 7592 3889 4259 1596 2064 1467 3333 1825 2663 944 1851 1436 1577 1633 597 1756 812 452 413 518 320 1307 916 1023 658 523 404 243 773
is_linear=0
shrinkage=0.02


Tree=5
num_leaves=31
num_cat=0
split_feature=0 0 9 9 9 9 1 0 0 0 12 12 9 9 0 12 9 0 11 9 8 8 4 9 4 4 5 0 9 12
split_gain=13654.8 3038.47 1910.36 1480.43 703.274 600.047 258.692 249.711 240.282 217.03 205.417 187.632 160.366 119.786 118.606 112.063 125.887 111.885 109.815 99.6976 97.0284 91.2655 91.1836 90.9047 90.7604 84.439 84.3666 78.8202 77.304 76.9445
threshold=0.18255447790944893 0.12001402018234594 0.19441960082846924 0.16568743985962534 0.24187454294304059 0.25460891492535026 0.066906835932621464 0.22796945624854767 0.066338619608320007 0.24298329459537085 67.906250000000014 69.031250000000014 0.21170562156011111 0.15801713586291313 0.25862097400460976 70.393382352941188 0.14592386900566548 0.17435373549538288 0.70710416666666676 0.28157274395055404 4.5000000000000009 7.5000000000000009 -0.12963354056359511 0.12796892029012744 -0.39561291130663284 -0.2563591125553169 0.34967293041372355 0.16360844647945263 0.15340336129385571 68.468750000000014
decision_type=10 8 2 2 2 2 10 10 10 10 2 2 2 2 10 2 2 8 2 2 2 2 2 2 2 2 2 10 2 2
left_child=1 8 9 6 11 7 23 21 28 13 22 17 -13 20 25 16 -8 24 -10 -16 -2 -4 -9 -3 -5 -7 -22 -17 -1 -11
right_child=2 3 5 4 -6 14 15 10 18 29 -12 12 -14 -15 19 27 -18 -19 -20 -21 26 -23 -24 -25 -26 -27 -28 -29 -30 -31
leaf_value=-0.040067550385463779 -0.0089866640151671645 -0.030215513473035069 0.03518046108278923 0.0090509230428965307 0.055913800837006422 0.059064653243418717 -0.015541329942022269 0.038702426709360999 -0.028769818548721487 0.019028898165187734 0.052985354019414399 0.011047896460531661 0.039510704755783083 0.016586698313757756 0.074027744164927994 -0.0062053299360646467 -0.0025875568253739835 0.011677501929130439 -0.017914932506858924 0.05122042182966003 0.00040692299981660482 0.020857552208753356 0.016685118663429033 -0.014689849864488864 -0.007303945658557705 0.036832508686160254 0.016997631954865193 0.012750869528586124 -0.022744072932621529 0.037270935615880893
leaf_weight=922 159 409 328 191 128 157 1259 295 1788 187 436 322 105 683 243 334 394 331 471 112 237 389 101 239 469 121 254 119 116 183
leaf_count=922 159 409 328 191 128 157 1259 295 1788 187 436 322 105 683 243 334 394 331 471 112 237 389 101 239 469 121 254 119 116 183
internal_value=-0.000124806 -0.0157217 0.0303745 -0.00464624 0.0110165 0.0427645 -0.0134387 0.0360599 -0.0301665 0.0144995 0.0435145 0.00696366 0.0180469 0.0107379 0.0591711 -0.0100386 -0.0124537 0.00218812 -0.0265066 0.0668322 0.00459225 0.0274097 0.0330869 -0.0244892 -0.00257095 0.0493881 0.00898949 -0.00122567 -0.0381316 0.0280513
internal_weight=11482 7597 3885 4300 1546 2182 2754 1549 3297 1703 832 1418 427 1333 633 2106 1653 991 2259 355 650 717 396 648 660 278 491 453 1038 370
internal_count=11482 7597 3885 4300 1546 2182 2754 1549 3297 1703 832 1418 427 1333 633 2106 1653 991 2259 355 650 717 396 648 660 278 491 453 1038 370
is_linear=0
shrinkage=0.02


Tree=6
num_leaves=31
num_cat=0
split_feature=0 0 9 9 9 9 0 0 0 0 12 12 9 9 9 0 8 12 9 8 8 8 4 0 4 4 9 12 12 0
split_gain=13114.1 2918.63 1834.71 1444.75 644.734 576.285 245.313 239.822 222.053 208.436 200.624 197.283 142.016 136.229 115.042 113.909 108.019 102.451 95.7495 93.1861 92.1613 87.6514 87.5727 82.9887 81.0952 74.9924 74.2427 73.9221 72.0028 66.6257
threshold=0.18255447790944893 0.11904784237517686 0.19441960082846924 0.16929121725731897 0.24187454294304059 0.25460891492535026 0.13590263901922231 0.22796945624854767 0.066338619608320007 0.24298329459537085 69.031250000000014 67.906250000000014 0.14674407085041183 0.21212150168561231 0.15801713586291313 0.25862097400460976 3.5000000000000004 67.343750000000014 0.28157274395055404 4.5000000000000009 2.5000000000000004 7.5000000000000009 -0.12963354056359511 0.1573407961764329 -0.2563591125553169 -0.32276264421735562 0.15340336129385571 68.343750000000014 66.545955882352956 0.097340829550948374
decision_type=10 8 2 2 2 2 10 10 10 10 2 2 2 2 2 10 2 2 2 2 2 2 2 10 2 2 2 2 2 10
left_child=1 8 9 6 10 7 12 21 26 14 20 22 -3 -12 19 24 -10 -8 -17 -2 -5 -4 25 -22 -7 -9 -1 -11 -21 -18
right_child=2 3 5 4 -6 15 17 11 16 27 13 -13 -14 -15 -16 18 29 -19 -20 28 23 -23 -24 -25 -26 -27 -28 -29 -30 -31
leaf_value=-0.039266199502536375 -0.0088069304805131841 -0.022390235696440546 0.034476851987220891 0.012053733763863164 0.054296805878249255 0.057883360421486722 -0.013068495085328731 0.02940099110696898 -0.01680731946731558 0.018205822994200031 0.012390840371060217 0.051925647176733807 -0.0065465612818555131 0.038982587448022903 0.016254964319015491 0.072547189173324103 -0.031940641644409795 -0.0026979899773230918 0.050196013030862172 -0.00083015119715740813 -0.0090596518087090912 0.020440400972924072 0.01635141627623303 0.0053218431826680904 0.036095857953976011 0.049852854610700915 -0.022289191422791316 0.036097754882648589 0.014894655015183446 -0.024260867645217687
leaf_weight=922 159 1070 328 269 129 157 694 172 404 178 306 436 287 103 683 243 939 845 112 190 322 389 101 320 121 123 116 192 301 871
leaf_count=922 159 1070 328 269 129 157 694 172 404 178 306 436 287 103 683 243 939 845 112 190 322 389 101 320 121 123 116 192 301 871
internal_value=-0.00012231 -0.0154073 0.029767 -0.00468272 0.0116213 0.0419092 -0.0128404 0.0353387 -0.0297364 0.0142095 0.00745079 0.0426442 -0.0190394 0.0190875 0.0105232 0.0579877 -0.0261579 -0.00737449 0.0654956 0.0045004 0.00222638 0.0268615 0.0324252 -0.00189131 0.0484003 0.0379284 -0.037369 0.0274903 0.0088097 -0.028245
internal_weight=11482 7597 3885 4345 1449 2182 2896 1549 3252 1703 1320 832 1357 409 1333 633 2214 1539 355 650 911 717 396 642 278 295 1038 370 491 1810
internal_count=11482 7597 3885 4345 1449 2182 2896 1549 3252 1703 1320 832 1357 409 1333 633 2214 1539 355 650 911 717 396 642 278 295 1038 370 491 1810
is_linear=0
shrinkage=0.02


Tree=7
num_leaves=31
num_cat=0
split_feature=0 0 0 11 11 12 2 2 0 12 11 2 0 1 0 2 5 4 11 0 11 11 11 11 0 5 0 2 1 0
split_gain=12594.7 2803.06 1225.57 1068.18 429.49 403.178 339.626 254.219 228.344 226.025 146.748 126.762 120.423 160.754 115.573 107.987 103.009 88.6773 88.5374 84.153 95.5277 84.0705 80.5914 77.1407 76.349 78.5636 75.5739 75.3511 74.404 73.04
threshold=0.18255447790944893 0.11904784237517686 0.23429410968847028 0.71643750000000017 0.76332720588235314 68.27389705882355 0.91996759249116511 0.44719277327720308 0.14286233418886482 71.031250000000014 0.73811764705882366 0.31358887240227762 0.26373973409912338 0.41419801350424196 0.19567327506892615 0.74777784735885278 0.56511253502485803 -0.20873405940133272 0.88900000000000012 0.16150880894025796 0.79332417582417591 0.75700892857142865 0.84572916666666675 0.62062500000000009 0.25862097400460976 0.44562976468837096 0.07023677714223038 0.82683254425717545 0.29517599908177511 0.22560343104116773
decision_type=10 8 10 2 2 2 8 10 10 2 2 8 10 10 10 8 2 2 2 10 2 2 2 2 10 2 10 10 8 10
left_child=1 7 4 8 -2 10 19 26 11 12 -4 -3 -7 -14 -6 -10 29 24 -11 -5 21 -21 -8 28 -12 -26 -1 -9 -13 -16
right_child=2 3 5 6 14 9 22 27 15 18 17 23 13 -15 16 -17 -18 -19 -20 20 -22 -23 -24 -25 25 -27 -28 -29 -30 -31
leaf_value=-0.038101923457657297 0.0094935899148916019 -0.039102342808358025 0.015558579825303134 -0.0026868567638147888 0.016322350622827397 0.048560468192328232 0.013331016086564776 -0.024583549346342659 -0.012593860525710909 0.028198072196937155 0.032425021909121145 -0.015087666952819155 0.081056439389825374 0.052469768797449183 0.031966613535075745 0.00017122001427671184 0.020255906931681982 0.026711321169164994 0.051121609329838648 0.011659888882894773 0.01575815452088555 -0.011720426937808162 0.028973543578872874 -0.0092461721010324432 0.039494338490042857 0.062404155210383894 -0.029735436747028571 -0.0094179746858004867 -0.026567638930789929 0.049345431108685105
leaf_weight=960 991 107 170 765 288 249 285 1362 510 174 199 570 162 153 517 552 259 248 110 111 278 138 245 410 143 103 785 145 374 119
leaf_count=960 991 107 170 765 288 249 285 1362 510 174 199 570 162 153 517 552 259 248 110 111 278 138 245 410 143 103 785 145 374 119
internal_value=-0.000119863 -0.0150991 0.0291716 -0.00458907 0.0192061 0.0418338 0.00708014 -0.0291416 -0.0130161 0.0516278 0.03221 -0.0181459 0.0589549 0.0671715 0.0273423 -0.0059589 0.0308884 0.0362948 0.0370769 0.00154965 0.00769942 -0.00129788 0.020562 -0.0164898 0.0416357 0.0490867 -0.0343382 -0.0231244 -0.0196359 0.0352183
internal_weight=11482 7597 3885 4345 2174 1711 1822 3252 2523 848 863 1461 564 315 1183 1062 895 693 284 1292 527 249 530 1354 445 246 1745 1507 944 636
internal_count=11482 7597 3885 4345 2174 1711 1822 3252 2523 848 863 1461 564 315 1183 1062 895 693 284 1292 527 249 530 1354 445 246 1745 1507 944 636
is_linear=0
shrinkage=0.02


Tree=8
num_leaves=31
num_cat=0
split_feature=0 0 9 9 9 9 2 2 2 0 12 9 0 11 2 2 9 0 0 1 8 0 9 12 9 9 12 4 9 9
split_gain=12096 2692.24 1718.61 1331.89 640.514 543.082 297.949 270.727 247.189 190.788 170.772 146.416 132.631 131.064 120.522 114.372 114.179 104.908 101.329 99.0675 97.666 94.2474 93.3053 92.4203 91.4965 88.3315 87.9776 86.7828 79.946 143.297
threshold=0.18255447790944893 0.12001402018234594 0.19441960082846924 0.16568743985962534 0.24187454294304059 0.25460891492535026 0.89551552880864083 0.44719277327720308 0.66411654762829209 0.24298329459537085 69.031250000000014 0.21170562156011111 0.26553691660835571 0.87033333333333351 0.68255590421668377 0.48156587420224112 0.16031520333471447 0.25862097400460976 0.17435373549538288 0.33487376010383879 3.5000000000000004 0.19838773236826115 0.12796892029012744 70.312500000000014 0.28157274395055404 0.14592386900566548 66.406250000000014 -0.39561291130663284 0.21525478292862402 0.22846481876332625
decision_type=10 8 2 2 2 2 10 10 10 10 2 2 10 2 8 8 2 10 8 10 2 10 2 2 2 2 2 2 2 2
left_child=1 7 9 8 10 6 12 -1 15 14 18 -12 13 21 -2 -3 26 -7 27 -15 -9 -4 -17 25 -19 -10 -16 -5 -23 -30
right_child=2 3 5 4 -6 17 -8 20 23 -11 11 -13 -14 19 16 22 -18 24 -20 -21 -22 28 -24 -25 -26 -27 -28 -29 29 -31
leaf_value=-0.033766123319962767 -0.0068212685166605261 -0.031281904351763326 0.013440159619823705 0.0088960821107420002 0.053331625755818096 0.046747593247539382 0.045377732025135467 -0.012780166134326417 -0.012881768523484551 0.026237134020070774 0.010502584894991809 0.037699210321619402 0.043215120482906613 0.022544943652762713 -0.0042558282890985183 -0.020589142623299188 0.018390785792687551 0.070046751552219261 0.011091341962446979 -0.0038892403483390811 -0.024946854155622051 0.023346944205855067 -0.0095108632491707132 0.0033305539029543519 0.04819761878681935 0.00080134743358939887 0.011768446046681631 -0.0070963926381393799 0.055362368471304116 0.025609300608818348
leaf_weight=1755 151 229 123 191 128 278 575 338 718 370 322 105 171 131 215 719 589 243 331 100 1204 190 527 305 112 256 378 469 129 130
leaf_count=1755 151 229 123 191 128 278 575 338 718 370 322 105 171 131 215 719 589 243 331 100 1204 190 527 305 112 256 378 469 129 130
internal_value=-0.000117466 -0.0147971 0.0285882 -0.00437178 0.0104844 0.04034 0.0339616 -0.0283941 -0.0127115 0.013531 0.00661666 0.0171903 0.027222 0.0238163 0.0100042 -0.0182911 0.0121537 0.0559484 0.00206072 0.0111016 -0.02228 0.0289511 -0.0159035 -0.00627689 0.0631535 -0.00928538 0.00595863 -0.00246827 0.0332002 0.0404284
internal_weight=11482 7597 3885 4300 1546 2182 1549 3297 2754 1703 1418 427 974 803 1333 1475 1182 633 991 231 1542 572 1246 1279 355 974 593 660 449 259
internal_count=11482 7597 3885 4300 1546 2182 1549 3297 2754 1703 1418 427 974 803 1333 1475 1182 633 991 231 1542 572 1246 1279 355 974 593 660 449 259
is_linear=0
shrinkage=0.02


Tree=9
num_leaves=31
num_cat=0
split_feature=0 0 0 10 10 12 10 1 12 0 3 10 10 3 0 0 1 10 8 12 0 0 5 1 0 12 12 0 1 10
split_gain=11617 2586.47 1132.4 860.727 463.664 384.318 304.044 215.286 213.632 201.816 177.759 165.358 134.288 115.41 114.649 112.483 155.387 108.381 99.5104 92.8908 90.458 86.9033 96.6073 83.6369 68.4275 66.9217 62.6785 62.2036 61.7222 60.2398
threshold=0.18255447790944893 0.11904784237517686 0.23429410968847028 0.21506188953531227 0.34575024169578494 68.27389705882355 0.36639561877397248 0.083751361609878283 71.031250000000014 0.066338619608320007 74.235578758772974 0.15896694827330668 0.28806265523691338 61.342189925191413 0.16150880894025796 0.26373973409912338 0.41419801350424196 0.39735125585313663 3.5000000000000004 70.393382352941188 0.26912223356231596 0.21738909192350006 0.52002581165677164 0.14982920993482138 0.15135512201231785 69.090073529411782 67.156250000000014 0.098074542837290293 0.3117468292782033 0.2268893885679272
decision_type=10 8 10 2 2 2 2 10 2 10 8 2 2 10 10 10 10 2 2 2 10 10 2 10 10 2 2 10 10 2
left_child=1 9 4 7 11 12 10 -3 15 29 14 -2 -4 -13 25 -7 -17 -6 -11 23 -14 -15 26 -9 -21 -5 -23 -20 -16 -1
right_child=2 3 5 6 17 8 -8 19 -10 18 -12 13 20 21 28 16 -18 -19 27 24 -22 22 -24 -25 -26 -27 -28 -29 -30 -31
leaf_value=-0.037025121782934822 0.00029643233945901446 -0.023433585786292344 0.021101246146745113 -0.0091678128866737076 0.031812331261121873 0.046827431170056652 0.031824373008151143 -0.0030264033262546249 0.035603580011290985 -0.01560401738870262 0.012599635607641163 0.0017313611779894147 0.030165008131572947 0.016010718499866936 0.0095664047567467943 0.078465581911926471 0.050360195171696688 0.055760335985828066 -0.03000934839431868 -0.0087009910612158431 0.047104054768095482 0.022779774700105188 0.012888494385175468 -0.014744802290709633 0.0089491377215413642 0.0031627799986827711 0.043573780072232088 -0.022571126117551927 -0.006039141782305457 -0.022064730292949523
leaf_weight=916 278 588 344 613 217 249 154 325 284 404 524 175 303 1029 437 162 153 116 976 183 216 100 121 973 169 247 138 834 132 122
leaf_count=916 278 588 344 613 217 249 154 325 284 404 524 175 303 1029 437 162 153 116 976 183 216 100 121 973 169 247 138 834 132 122
internal_value=-0.000115117 -0.0145012 0.0280164 -0.00440535 0.0184372 0.0401878 0.0047688 -0.0130425 0.04975 -0.0279903 0.00263538 0.014509 0.0307918 0.0170369 -0.00101841 0.0568733 0.0648144 0.0401546 -0.0245788 -0.00933949 0.0372148 0.0189666 0.0274392 -0.0118107 -0.000226924 -0.00562635 0.0348368 -0.026582 0.00594614 -0.0352668
internal_weight=11482 7597 3885 4345 2174 1711 2107 2238 848 3252 1953 1841 863 1563 1429 564 315 333 2214 1650 519 1388 359 1298 352 860 238 1810 569 1038
internal_count=11482 7597 3885 4345 2174 1711 2107 2238 848 3252 1953 1841 863 1563 1429 564 315 333 2214 1650 519 1388 359 1298 352 860 238 1810 569 1038
is_linear=0
shrinkage=0.02


Tree=10
num_leaves=31
num_cat=0
split_feature=0 0 9 9 9 9 2 2 2 0 11 11 0 2 2 0 2 9 10 11 2 2 11 11 5 0 12 2 5 0
split_gain=11668.2 2373.61 1703.62 1058.65 523.808 514.142 318.414 306.694 253.681 220.162 120.657 117.568 106.476 97.4375 96.1317 91.326 87.2109 96.9522 100.064 84.2341 147.098 95.2654 93.3757 83.2539 82.8756 80.6306 78.4203 68.8448 66.4038 95.9635
threshold=0.17949179052974226 0.11904784237517686 0.19523313045340213 0.16419763404688031 0.24187454294304059 0.25460891492535026 0.54941670540835419 0.92244355581758553 0.44719277327720308 0.19567327506892615 0.6130000000000001 0.62581730769230781 0.16150880894025796 0.68255590421668377 0.48156587420224112 0.090577226954283885 0.79898062121975599 0.13328343313373256 0.25984564252013803 0.86775000000000013 0.83580657284274362 0.81744389355237213 0.81118055555555568 0.73139204545454561 0.062549994860234312 0.16065607355345912 69.24264705882355 0.83249275760430497 0.50546031296819083 0.21738909192350006
decision_type=10 8 2 2 2 2 10 10 10 10 2 2 8 10 8 10 10 2 2 2 10 8 2 2 2 8 2 10 2 10
left_child=1 8 9 6 11 7 14 19 15 13 -10 -5 26 -2 -3 -1 -11 -18 28 20 21 -4 -22 -15 -14 -8 -13 -27 29 -19
right_child=2 3 5 4 -6 -7 25 -9 10 16 -12 12 24 23 -16 -17 17 18 -20 -21 22 -23 -24 -25 -26 27 -28 -29 -30 -31
leaf_value=-0.034956144378235167 -0.012637207835185817 -0.031996399453345765 0.029665851772722924 -0.013498095765113832 0.048189221212762548 0.054993306603267643 -0.0094884936846300373 0.049083476492203702 -0.026564766546923246 0.011015489781736046 -0.015461372843914472 -0.0033936280005707827 0.028452711230232602 -0.00049951136746305099 -0.017525549451510112 -0.024095736809315219 0.007055978422363599 0.020515584634108977 0.014837188435520865 0.020766528109772628 0.052232840002980084 0.0077007773262905144 0.031087506947183759 0.017128651491579067 0.009215734711313834 -0.0045481133008075702 0.013117700774295658 0.012368937980602771 0.019687739153328183 0.043711464966239018
leaf_weight=1338 123 235 350 125 122 619 1135 379 835 465 737 464 105 235 840 403 150 110 264 388 176 102 159 197 610 329 153 136 159 203
leaf_count=1338 123 235 350 125 122 619 1135 379 835 465 737 464 105 235 840 403 150 110 264 388 176 102 159 197 610 329 153 136 159 203
internal_value=0.000207506 -0.0144905 0.0274739 -0.00460529 0.00838082 0.0395791 -0.0122707 0.0334392 -0.0271834 0.013673 -0.0213592 0.00504752 0.00678791 0.00306772 -0.0206889 -0.0324422 0.0180297 0.021711 0.0246977 0.0283931 0.032153 0.0247091 0.0421967 0.00753926 0.0120407 -0.00661475 0.000700753 0.000399669 0.0302129 0.0355596
internal_weight=11646 7567 4079 4254 1579 2173 2675 1554 3313 1906 1572 1457 1332 555 1075 1741 1351 886 736 1175 787 452 335 432 715 1600 617 465 472 313
internal_count=11646 7567 4079 4254 1579 2173 2675 1554 3313 1906 1572 1457 1332 555 1075 1741 1351 886 736 1175 787 452 335 432 715 1600 617 465 472 313
is_linear=0
shrinkage=0.02


Tree=11
num_leaves=31
num_cat=0
split_feature=11 1 2 2 2 10 10 2 1 3 6 2 1 11 2 2 2 11 11 1 2 8 11 11 3 1 3 1 2 3
split_gain=8749.45 1890.55 1720.46 757.61 524.704 518.635 268.146 247.663 244.254 200.231 189.426 177.314 157.636 143.611 133.359 128.831 122.744 106.582 106.173 95.9335 87.7334 85.1701 83.2657 82.7141 78.2338 77.7095 77.6726 90.732 76.8267 73.2654
threshold=0.71433333333333338 0.28309132946616716 0.67729635109107722 0.67436989893508559 0.44002745851802461 0.34678297305875455 0.36639561877397248 0.84037136320925321 0.16868470788621184 67.30504852700038 1.5000000000000002 0.85332718775963512 0.27916086134775769 0.62062500000000009 0.44002745851802461 0.92986849090213541 0.48156587420224112 0.88088888888888894 0.60468750000000016 0.39570011808367994 0.56600281269538466 5.5000000000000009 0.6696875000000001 0.83656862745098048 71.990987331380111 0.090963827503894742 68.515590320552903 0.21015274460937333 0.87352095870949709 61.563690950670825
decision_type=2 10 10 8 8 2 2 10 10 10 2 10 8 2 10 10 10 2 2 10 8 2 2 2 8 8 10 10 10 10
left_child=2 3 4 16 -1 7 10 19 13 29 -5 24 18 25 -10 17 -2 23 28 -3 -15 -11 -22 -7 -12 -6 27 -13 -4 -9
right_child=1 5 12 6 8 15 -8 9 14 21 11 26 -14 20 -16 -17 -18 -19 -20 -21 22 -23 -24 -25 -26 -27 -28 -29 -30 -31
leaf_value=-0.033491411101067306 -0.028102990795606339 0.010837876824069918 -0.012445565117410866 -0.010141525429398198 -0.032842703835463824 0.036826670017331205 0.038967761280464717 0.0083620557707035914 -0.00054772656516166736 0.028796913891447465 0.004320624080852516 0.015080599603362572 0.0077008993836796338 -0.025897531727798115 -0.015592768604028308 0.053461794517331525 -0.0074157843949472146 0.027575693938777266 0.0020293589561552437 0.029546292869427761 0.0068019521387956902 0.045427126267045009 -0.014791320012419262 0.055684877853181408 0.01429039166112963 -0.022641499853563642 0.014356832172974185 0.037655048091834474 0.0065333525430411104 0.025953692116827069
leaf_weight=1302 159 519 581 159 405 235 145 128 354 198 761 117 669 131 705 309 412 251 572 139 118 326 181 154 537 1138 295 182 100 364
leaf_count=1302 159 519 581 159 405 235 145 128 354 198 761 117 669 131 705 309 412 251 572 139 118 326 181 154 537 1138 295 182 100 364
internal_value=0.000203356 0.0188795 -0.0158875 0.00734694 -0.022872 0.0310451 0.0126834 0.0243491 -0.0183118 0.0305399 0.0108251 0.0125871 -0.000137796 -0.0224706 -0.0105635 0.0428566 -0.0131763 0.0377363 -0.00432302 0.01479 -0.0122492 0.0391432 -0.00626956 0.0442924 0.00844525 -0.0253191 0.0216379 0.0288216 -0.00965865 0.021377
internal_weight=11646 5390 6256 2767 4334 2623 2196 1674 3032 1016 2051 1892 1922 1973 1059 949 571 640 1253 658 430 524 299 389 1298 1543 594 299 681 492
internal_count=11646 5390 6256 2767 4334 2623 2196 1674 3032 1016 2051 1892 1922 1973 1059 949 571 640 1253 658 430 524 299 389 1298 1543 594 299 681 492
is_linear=0
shrinkage=0.02


Tree=12
num_leaves=31
num_cat=0
split_feature=0 0 9 9 9 9 0 0 0 0 8 9 11 3 0 11 0 9 12 0 0 5 10 6 10 12 10 3 8 4
split_gain=10860.6 2198.85 1588.8 982.886 493.644 481.501 266.469 224.993 206.681 171.457 113.481 106.487 95.3029 94.3697 94.1759 80.8406 78.2753 86.1475 76.9697 107.551 76.1403 75.2569 72.2779 67.4331 89.5028 61.0254 59.2278 81.857 57.7493 57.0606
threshold=0.17949179052974226 0.11904784237517686 0.19523313045340213 0.16419763404688031 0.24187454294304059 0.25460891492535026 0.14286233418886482 0.07023677714223038 0.19567327506892615 0.26034486873753454 2.5000000000000004 0.19002650171429256 0.66418750000000004 62.415567738097444 0.1573407961764329 0.72612500000000002 0.1391876590953334 0.10772139014104989 68.27389705882355 0.21543192014353349 0.23819020844911362 0.062549994860234312 0.15896694827330668 3.5000000000000004 0.21657623533094403 69.406250000000014 0.27852399744818707 64.565244758426729 7.5000000000000009 -0.21675609285655026
decision_type=10 8 2 2 2 2 10 10 10 10 2 2 2 10 10 2 8 2 2 10 10 2 2 2 2 2 2 10 2 2
left_child=1 7 8 6 10 9 16 -1 15 13 11 -5 -9 -4 -12 -2 29 -18 -15 -20 22 -16 -10 -22 -25 -11 27 -24 -26 -3
right_child=2 3 5 4 -6 -7 -8 12 20 25 14 -13 -14 18 21 -17 17 -19 19 -21 23 -23 26 24 28 -27 -28 -29 -30 -31
leaf_value=-0.033427324082508404 -0.0033536786334701328 -0.017020199558581691 0.013732242968430121 0.0022650425136089324 0.046691348284070733 0.05311229836340145 -0.0043342868560692716 -0.025219754791922039 0.0025139873474836348 0.037609870259194877 -0.0047605211482467978 0.021738700080449459 -0.016148920167616741 0.025820249219003905 0.022103318665005745 0.012215645615295445 -0.029166153963915135 -0.015638194541231946 0.026025840661859194 0.045439375811620268 0.011433625024172568 0.0031653780643254108 0.0063658900001576837 0.041755937309285937 0.0097200501186422792 0.054292242682314126 0.0068147866754384523 0.024537209145834342 0.030952635169602356 -0.0061013285178463566
leaf_weight=1133 332 498 150 202 122 619 1106 1512 176 222 528 253 668 575 109 223 344 416 206 256 124 365 131 129 101 145 178 408 104 311
leaf_count=1133 332 498 150 202 122 619 1106 1512 176 222 528 253 668 575 109 223 344 416 206 256 124 365 131 129 101 145 178 408 104 311
internal_value=0.000199289 -0.013981 0.0265053 -0.00446664 0.00804613 0.0381954 -0.0118527 -0.0261977 0.0131775 0.0322536 0.00481023 0.0130933 -0.0224403 0.0285596 0.00104897 0.0029021 -0.0171525 -0.0217614 0.0307044 0.0367831 0.0173987 0.00752031 0.0139984 0.0240286 0.0287045 0.044201 0.0168175 0.0201208 0.0204917 -0.0128227
internal_weight=11646 7567 4079 4254 1579 2173 2675 3313 1906 1554 1457 455 2180 1187 1002 555 1569 760 1037 462 1351 474 893 458 334 367 717 539 205 809
internal_count=11646 7567 4079 4254 1579 2173 2675 3313 1906 1554 1457 455 2180 1187 1002 555 1569 760 1037 462 1351 474 893 458 334 367 717 539 205 809
is_linear=0
shrinkage=0.02


Tree=13
num_leaves=31
num_cat=0
split_feature=0 0 9 9 9 9 2 2 2 0 8 11 9 0 2 2 1 0 11 2 2 11 2 0 4 11 0 5 2 2
split_gain=10430.6 2111.78 1525.88 943.964 474.096 462.434 287.234 282.824 222.962 198.496 108.987 106.482 102.27 90.4465 89.7133 88.1955 90.601 85.0923 80.7615 134.687 90.7584 90.7061 78.9899 76.5002 79.443 74.5508 73.9341 72.2768 64.089 61.4358
threshold=0.17949179052974226 0.11904784237517686 0.19523313045340213 0.16419763404688031 0.24187454294304059 0.25460891492535026 0.54941670540835419 0.92244355581758553 0.44719277327720308 0.19567327506892615 2.5000000000000004 0.6130000000000001 0.19002650171429256 0.1573407961764329 0.68255590421668377 0.48156587420224112 0.19844459723105012 0.099169990182057619 0.86775000000000013 0.83580657284274362 0.81744389355237213 0.81118055555555568 0.79898062121975599 0.23690059724423548 -0.26301725910459234 0.73139204545454561 0.16065607355345912 0.062549994860234312 0.83249275760430497 0.8155248651372391
decision_type=10 8 2 2 2 2 10 10 10 10 2 2 2 10 10 8 10 10 2 10 8 2 8 10 2 2 8 2 10 10
left_child=1 8 9 6 10 7 15 18 17 14 12 -10 -5 -12 -2 -3 -17 -1 19 20 -4 -21 -11 -24 -25 -16 -8 -15 -28 -13
right_child=2 3 5 4 -6 -7 26 -9 11 22 13 29 -14 27 25 16 -18 -19 -20 21 -22 -23 23 24 -26 -27 28 -29 -30 -31
leaf_value=-0.032414422259184436 -0.012225522146961555 -0.030441720078600212 0.028159470571151802 0.0022197414905127913 0.04575752149824603 0.052050052444406927 -0.0089955277752771252 0.046631694613737215 -0.025103797756983137 0.0096466596135039735 -0.0046653106817128986 -0.017117433117389679 0.021303926410794021 0.021661252297392679 -0.0004722954072850816 -0.01958125152605043 -0.0022008524845386376 -0.019805858016014099 0.019295058173425111 0.049946651361692185 0.0067202773752311866 0.029105785950526313 0.015677626080978307 0.019144385921170459 0.03787635805374532 0.016209050733123335 -0.0043007092725904517 0.0031020705797900894 0.012021573455456425 -0.0010322659249816623
leaf_weight=1491 123 235 350 202 122 619 1135 379 835 404 528 625 253 109 235 695 145 250 388 176 102 159 579 207 161 197 329 365 136 112
leaf_count=1491 123 235 350 202 122 619 1135 379 835 404 528 625 253 109 235 695 145 250 388 176 102 159 579 207 161 197 329 365 136 112
internal_value=0.000195303 -0.0137014 0.0259751 -0.00437731 0.00788521 0.0374315 -0.0116156 0.0316085 -0.0256737 0.012914 0.00471402 -0.0202135 0.0128314 0.00102799 0.00284406 -0.0196111 -0.0165811 -0.0306039 0.0267627 0.0304444 0.0233214 0.040055 0.0170508 0.0202094 0.0273396 0.00713471 -0.0062437 0.0073699 0.00047312 -0.014673
internal_weight=11646 7567 4079 4254 1579 2173 2675 1554 3313 1906 1457 1572 455 1002 555 1075 840 1741 1175 787 452 335 1351 947 368 432 1600 474 465 737
internal_count=11646 7567 4079 4254 1579 2173 2675 1554 3313 1906 1457 1572 455 1002 555 1075 840 1741 1175 787 452 335 1351 947 368 432 1600 474 465 737
is_linear=0
shrinkage=0.02


Tree=14
num_leaves=31
num_cat=0
split_feature=0 0 0 10 10 2 10 0 2 2 2 0 10 10 3 2 3 10 0 5 2 0 0 10 6 2 1 1 3 0
split_gain=10017.5 2028.15 974.805 623.789 320.432 301.854 244.99 234.714 216.331 215.503 162.119 133.73 127.867 107.516 120.113 106.46 90.3143 85.9919 83.9696 82.9085 107.876 79.1305 78.1748 75.275 74.8886 92.2416 66.6771 66.3451 66.0389 56.3981
threshold=0.17949179052974226 0.11904784237517686 0.22560343104116773 0.21506188953531227 0.32056245008405942 0.92091037630122985 0.36639561877397248 0.14794550999873107 0.6928088024389053 0.70080244396096281 0.72072042491708699 0.07023677714223038 0.34819042378274373 0.15907608962102274 61.342189925191413 0.53003818794332824 72.998589439163041 0.33057696245974139 0.26034486873753454 0.59027386448500729 0.78110225133598832 0.27336554178501221 0.16065607355345912 0.37876350089201866 3.5000000000000004 0.83249275760430497 0.18357682639563008 0.29142964914537933 73.432676635407276 0.26553691660835571
decision_type=10 8 10 2 2 10 2 10 10 10 8 10 2 2 10 10 10 2 10 2 8 10 8 2 2 10 10 10 8 10
left_child=1 8 4 7 9 12 10 15 11 -2 -5 -1 19 -11 -15 -3 17 29 -14 20 -4 -22 -12 -19 28 -26 -17 -6 -24 -7
right_child=2 3 5 6 27 16 -8 -9 -10 13 22 -13 18 14 -16 26 -18 23 -20 -21 21 -23 24 -25 25 -27 -28 -29 -30 -31
leaf_value=-0.032678234211325104 -0.0030824693857104913 -0.02127943472759242 0.014332503019769988 -0.0077654166296265842 0.044088390371200215 0.027561114977432202 0.028219224933286508 -0.0022427961987964177 -0.012590737365027692 0.00053663572372748835 -0.00049059342918336495 -0.023779523656955383 0.02970547720048558 -0.00043196784388838393 0.019836365661618335 -0.0043690481978364525 0.063284861904534473 0.063585102194756798 0.04751135464491589 0.015576930828570843 0.02945163081959775 0.04798329293143825 -0.01234886833244846 0.042317508086562157 0.0079529539229198625 0.025330562444315072 -0.016740832613117394 0.026418381127230123 0.010190837931575127 0.046065692890979414
leaf_weight=1105 314 787 150 527 116 158 150 708 470 171 561 1738 201 132 1026 349 108 114 224 235 421 118 105 160 448 168 348 318 103 113
leaf_count=1105 314 787 150 527 116 158 150 708 470 171 561 1738 201 132 1026 349 108 114 224 235 421 118 105 160 448 168 348 318 103 113
internal_value=0.000191397 -0.0134273 0.0254556 -0.00428976 0.0158566 0.0354142 0.00360658 -0.0117178 -0.0251602 0.0118192 0.00167567 -0.0272382 0.0300111 0.01534 0.017526 -0.0162382 0.0465763 0.0432653 0.0390902 0.0258351 0.0293339 0.0335087 0.00526806 0.0511661 0.00918869 0.0126923 -0.0105461 0.0311412 -0.00118738 0.035277
internal_weight=11646 7567 4079 4254 2077 2002 2062 2192 3313 1643 1912 2843 1349 1329 1158 1484 653 545 425 924 689 539 1385 274 824 616 697 434 208 271
internal_count=11646 7567 4079 4254 2077 2002 2062 2192 3313 1643 1912 2843 1349 1329 1158 1484 653 545 425 924 689 539 1385 274 824 616 697 434 208 271
is_linear=0
shrinkage=0.02


Tree=15
num_leaves=31
num_cat=0
split_feature=0 0 0 11 2 11 2 0 10 2 2 2 11 2 0 10 10 1 8 0 1 10 1 8 10 0 10 1 1 0
split_gain=9366.2 2172.6 1026.8 781.271 401.004 321.34 320.516 210.614 206.241 174.865 152.217 104.484 97.6893 94.0571 93.2773 92.7837 90.5131 87.1232 84.8422 82.9176 82.8499 75.4028 72.3222 71.1708 68.8038 66.6599 61.8039 62.4837 60.7749 58.2318
threshold=0.18255447790944893 0.11904784237517686 0.22796945624854767 0.71643750000000017 0.91996759249116511 0.84438541666666678 0.70080244396096281 0.14286233418886482 0.35410537553056526 0.44719277327720308 0.92091037630122985 0.3237614685994803 0.7360477941176472 0.74777784735885278 0.24837439306266218 0.15907608962102274 0.34901353965183762 0.34256502190147803 3.5000000000000004 0.26034486873753454 0.41419801350424196 0.2195142699522715 0.33892326377004434 2.5000000000000004 0.2309215038692651 0.19307334815447069 0.34901353965183762 0.4082542231874467 0.16469525152487402 0.14794550999873107
decision_type=10 8 10 2 8 2 10 10 2 10 10 8 2 10 10 2 2 10 2 10 10 2 10 2 2 10 2 10 8 10
left_child=1 9 6 7 21 12 -2 11 15 -1 26 -3 24 -9 -14 -8 -6 -10 -11 -12 -21 28 25 -23 -4 -17 -7 -28 -5 -25
right_child=2 3 5 4 16 10 8 13 17 18 19 -13 14 -15 -16 22 -18 -19 -20 20 -22 23 -24 29 -26 -27 27 -29 -30 -31
leaf_value=-0.029166536317993989 -0.0024664571033005257 -0.035015449224455847 0.027018170051662058 0.0017505183611207337 0.016775487698783162 0.029045723526998683 0.0025019505620002746 -0.0087147050158560106 0.051127177767353572 -0.011169422228030492 0.042892858458943264 -0.014116451713734634 0.023152154568739074 0.0031980488638583254 0.038625679667894625 0.012730722771723853 0.03719963571677605 0.024857718120190768 -0.022465625382406085 0.070815640075930525 0.04806566681397164 0.017989390545186744 0.010240115180716937 -0.0059309448993283944 0.0087542554598449059 0.024294265979455946 0.054264743869241912 0.03282733157420388 -0.016470834336366997 0.0048301401761879281
leaf_weight=1769 332 103 203 131 442 222 169 674 101 343 186 1348 251 437 411 279 108 101 1184 140 118 113 336 306 139 699 114 104 166 587
leaf_count=1769 332 103 203 131 442 222 169 674 101 343 186 1348 251 437 411 279 108 101 1184 140 118 113 336 306 139 699 114 104 166 587
internal_value=0.000180433 -0.0125998 0.0254169 -0.00342719 0.00646557 0.0360171 0.0154946 -0.0105823 0.0190336 -0.0248865 0.0448104 -0.0156 0.0282748 -0.00402895 0.0327588 0.0164512 0.020786 0.0379924 -0.0199282 0.0530721 0.0604106 0.000420862 0.0182452 0.00303501 0.0195951 0.0209955 0.0364736 0.0440377 -0.00843381 0.00114269
internal_weight=11616 7711 3905 4415 1853 1888 2017 2562 1685 3296 884 1451 1004 1111 662 1483 550 202 1527 444 258 1303 1314 1006 342 978 440 218 297 893
internal_count=11616 7711 3905 4415 1853 1888 2017 2562 1685 3296 884 1451 1004 1111 662 1483 550 202 1527 444 258 1303 1314 1006 342 978 440 218 297 893
is_linear=0
shrinkage=0.02


Tree=16
num_leaves=31
num_cat=0
split_feature=0 0 0 11 2 11 2 12 0 10 2 3 0 11 8 10 2 2 10 10 3 2 10 3 8 12 12 2 0 10
split_gain=8995.3 2086.57 986.137 750.333 385.124 308.615 307.824 205.818 202.273 198.074 167.941 147.606 138.59 125.797 108.196 104.682 100.347 90.3325 89.1095 86.9287 84.2128 83.9048 72.4169 71.271 68.3524 67.5688 68.298 63.7901 58.0889 56.785
threshold=0.18255447790944893 0.11904784237517686 0.22796945624854767 0.71643750000000017 0.91996759249116511 0.84438541666666678 0.70080244396096281 66.878676470588246 0.14286233418886482 0.35410537553056526 0.44719277327720308 74.099174897746991 0.26235014289051706 0.67604166666666676 10.500000000000002 0.32129106716792261 0.3237614685994803 0.74777784735885278 0.15907608962102274 0.34901353965183762 64.311254489105664 0.85863061320111689 0.2195142699522715 61.342189925191413 2.5000000000000004 71.031250000000014 68.718750000000014 0.92091037630122985 0.07162491008061718 0.27422836796114747
decision_type=10 8 10 2 8 2 10 2 10 2 10 10 10 2 2 2 8 10 2 2 10 10 2 10 2 2 2 10 10 2
left_child=1 10 6 8 22 7 -2 15 16 18 28 12 27 -9 -14 -4 -3 -10 -8 -6 -19 -12 -5 -20 -24 26 -15 -7 -1 -26
right_child=2 3 5 4 19 11 9 13 17 -11 21 -13 14 25 -16 -17 -18 20 23 -21 -22 -23 24 -25 29 -27 -28 -29 -30 -31
leaf_value=-0.031861234791691721 -0.0024171280069837727 -0.03431514079275641 0.0078658348796184826 -0.0082651305770633197 0.016439978282527822 0.024006552493325822 0.0024519115368995441 0.017279461322283304 -0.0085404109548036719 0.037232598780889505 -0.020842272968657611 0.065370481199850991 0.042082808030675087 0.034483310756634696 0.064687675958285576 0.030775961122165123 -0.013834122865507795 -0.011732514205232133 0.0047563575091613391 0.036455643196348794 0.0083190449667565614 -0.0027850930862598588 0.017629602804648137 0.01953348136279132 0.0067443131749405898 0.025414971292484552 0.051075476401517939 0.040555524598827677 -0.024576267402937363 -0.0034024685018818187
leaf_weight=973 332 103 238 297 442 192 169 135 674 202 1416 112 277 196 122 120 1348 113 147 108 324 111 113 1167 398 114 201 181 796 495
leaf_count=973 332 103 238 297 442 192 169 135 674 202 1416 112 277 196 122 120 1348 113 147 108 324 111 113 1167 398 114 201 181 796 495
internal_value=0.000176824 -0.0123478 0.0249085 -0.00335864 0.00633626 0.0352967 0.0151847 0.0277093 -0.0103706 0.0186529 -0.0243888 0.0439142 0.0408014 0.0344504 0.0489946 0.0155452 -0.015288 -0.00394837 0.0161221 0.0203703 0.00313409 -0.0195297 0.000412445 0.0178803 0.00297431 0.0389867 0.0428839 0.032037 -0.0285832 0.00111984
internal_weight=11616 7711 3905 4415 1853 1888 2017 1004 2562 1685 3296 884 772 646 399 358 1451 1111 1483 550 437 1527 1303 1314 1006 511 397 373 1769 893
internal_count=11616 7711 3905 4415 1853 1888 2017 1004 2562 1685 3296 884 772 646 399 358 1451 1111 1483 550 437 1527 1303 1314 1006 511 397 373 1769 893
is_linear=0
shrinkage=0.02


Tree=17
num_leaves=31
num_cat=0
split_feature=0 0 9 9 9 0 9 8 2 2 2 12 3 9 2 8 8 2 0 2 3 12 9 5 0 5 10 12 2 9
split_gain=8639.09 2003.94 1206.59 975.565 417.405 417.072 276.907 276.546 263.89 224.356 161.29 149.814 131.166 95.2922 87.7382 107.371 80.8825 80.7965 69.3301 69.7581 81.7232 68.8878 91.3358 75.72 68.3553 67.0134 66.819 72.5794 63.6703 63.2642
threshold=0.18255447790944893 0.11904784237517686 0.24187454294304059 0.22197083961789846 0.16419763404688031 0.22796945624854767 0.19727575982209047 2.5000000000000004 0.70080244396096281 0.54941670540835419 0.44719277327720308 66.968750000000014 73.896463031717431 0.12310004754674152 0.91823978186022137 2.5000000000000004 3.5000000000000004 0.3237614685994803 0.14286233418886482 0.74777784735885278 68.100962113717841 65.968750000000014 0.2592072782290174 0.44562976468837096 0.26912223356231596 0.79431845754362251 0.21099411311416019 69.849264705882362 0.83404660635295769 0.18932390606576707
decision_type=10 8 2 2 2 10 2 2 10 10 10 2 10 2 10 2 2 8 8 10 10 2 2 2 10 2 2 2 10 2
left_child=1 10 5 4 9 8 26 -5 -2 17 -1 -8 21 -10 15 29 -12 -3 -11 -20 -21 -4 23 -23 -13 -15 28 -28 -7 -6
right_child=2 3 12 7 14 6 11 -9 13 18 16 24 -14 25 -16 -17 -18 -19 19 20 -22 22 -24 -25 -26 -27 27 -29 -30 -31
leaf_value=-0.028011541604403979 -0.0038104192096671445 -0.033798855245790696 0.030279463834803681 0.048296421550711573 0.0025474591187711034 0.01533033339340889 0.024225457632797293 0.011933778851788297 0.0023034480046690183 -0.010662658197849697 -0.010587097583202858 0.037363205532155309 0.066938482261364271 0.019432601966592623 0.021022059763781728 -0.0018439476790813065 -0.021616548514874601 -0.015695874384386469 -0.0083029019206566686 -0.0044135513458448119 0.011104082539051522 0.025908368227164483 0.052212821010001367 0.047996470926929324 0.054208158138005634 0.0047532326530450751 0.0065446180822618773 0.026031840284346443 0.036709218657608227 0.020122813255300184
leaf_weight=1769 326 110 145 162 159 109 243 173 178 713 343 240 101 1184 104 861 1184 953 457 316 238 131 351 118 161 139 256 109 114 169
leaf_count=1769 326 110 145 162 159 109 243 173 178 713 343 240 101 1184 104 861 1184 953 457 316 238 131 351 118 161 139 256 109 114 169
internal_value=0.000173287 -0.0121008 0.0244104 -0.00329147 -0.00598539 0.0185639 0.027557 0.0295181 0.0124996 -0.0103426 -0.023901 0.0366172 0.0455503 0.0160419 0.00340639 0.00186557 -0.0191391 -0.0175692 -0.00588678 -0.00251863 0.00225287 0.0426507 0.0456405 0.0363758 0.0441264 0.0178903 0.0176339 0.0123641 0.0262594 0.0116031
internal_weight=11616 7711 3905 4415 4080 3059 1232 335 1827 2787 3296 644 846 1501 1293 1189 1527 1063 1724 1011 554 745 600 249 401 1323 588 365 223 328
internal_count=11616 7711 3905 4415 4080 3059 1232 335 1827 2787 3296 644 846 1501 1293 1189 1527 1063 1724 1011 554 745 600 249 401 1323 588 365 223 328
is_linear=0
shrinkage=0.02


Tree=18
num_leaves=31
num_cat=0
split_feature=9 1 9 11 11 1 3 9 1 9 10 1 11 10 9 11 10 8 1 11 9 1 9 8 3 9 3 3 9 1
split_gain=7610.95 1910.3 1096.24 552.297 269.81 259.892 209.24 198.001 172.985 134 125.179 114.875 94.77 91.5238 112.12 82.8323 81.9947 76.2616 75.5064 74.5314 69.6213 69.3731 66.1179 68.7445 79.9746 67.9239 64.0668 63.6138 62.3267 62.547
threshold=0.19441960082846924 0.21640173299076856 0.24187454294304059 0.62062500000000009 0.62581730769230781 0.30421933977210841 75.294794211111892 0.16568743985962534 0.090963827503894742 0.14312848762340824 0.28591300667154895 0.16075498290019377 0.86775000000000013 0.24232630141896913 0.17948942010398708 0.93781250000000005 0.25526382789220403 6.5000000000000009 0.27916086134775769 0.84343750000000017 0.21525478292862402 0.13122536341106181 0.1781525224237997 12.500000000000002 66.745322145468108 0.1845250989582308 64.413567337006086 74.499255958650522 0.064596175122490926 0.14387046243315718
decision_type=2 10 2 2 2 10 8 2 10 2 2 8 2 2 2 2 2 2 10 2 2 8 2 2 10 2 10 8 2 10
left_child=1 3 5 8 18 11 15 21 -1 17 22 -2 19 14 -9 -4 -13 -6 -3 20 -7 -5 23 24 26 -24 -11 -18 -10 -30
right_child=2 4 6 7 9 12 -8 13 28 10 -12 16 -14 -15 -16 -17 27 -19 -20 -21 -22 -23 25 -25 -26 -27 -28 -29 29 -31
leaf_value=-0.027124474816243516 -0.0011595715131482989 -0.010268922245329628 0.037693600204558537 -0.019183110400259242 -0.015171248398464302 0.019740043656348284 0.067458666625031596 0.023017090833562563 -0.0278711743457285 0.0065517114815097192 0.00096864748691704368 0.024568633361515112 0.018624164358742101 -0.00566418315344189 -0.0031619245189207575 0.053191119839862591 0.0077808955935449601 0.0034285657968786028 0.00018685376972265308 0.047465082580603446 0.035471084598347573 -0.0097604973804289868 0.030870380990931558 0.021119979777316139 0.012499226883680015 0.012441607415055235 -0.013578817315399647 0.020817606616124446 -0.020768147700706927 -0.0130078866354586
leaf_weight=1419 197 569 681 471 145 199 137 127 221 159 496 287 333 402 135 173 478 225 537 103 259 929 144 179 435 180 105 218 768 905
leaf_count=1419 197 569 681 471 145 199 137 127 221 159 496 287 333 402 135 173 478 225 537 103 259 929 144 179 435 180 105 218 768 905
internal_value=0.000169822 -0.0095225 0.0272103 -0.0167853 0.00278128 0.0189423 0.0445139 -0.00866446 -0.0218446 0.00704568 0.00942218 0.0127799 0.0270761 0.000330285 0.0095279 0.040833 0.0155735 -0.00386055 -0.00519229 0.032093 0.028636 -0.0129305 0.0129105 0.010061 0.00722906 0.0206322 -0.00145475 0.0118642 -0.0178889 -0.0165703
internal_weight=11616 8551 3065 5377 3174 2074 991 2064 3313 2068 1698 1180 894 664 262 854 983 370 1106 561 458 1400 1202 878 699 324 264 696 1894 1673
internal_count=11616 8551 3065 5377 3174 2074 991 2064 3313 2068 1698 1180 894 664 262 854 983 370 1106 561 458 1400 1202 878 699 324 264 696 1894 1673
is_linear=0
shrinkage=0.02


Tree=19
num_leaves=31
num_cat=0
split_feature=0 0 9 9 9 9 8 0 2 2 2 2 12 2 11 6 2 8 1 2 0 1 2 8 0 2 9 8 8 5
split_gain=8037.01 1869.68 1107.66 896.871 396.235 381.541 259.661 244.635 207.57 149.679 147.719 142.559 105.005 89.4645 106.442 85.0906 84.0238 102.278 80.5369 78.5571 76.5203 87.0326 76.3978 66.0526 64.7424 66.3085 58.7344 58.0566 58.0297 57.9092
threshold=0.18255447790944893 0.11904784237517686 0.24453002781157659 0.22197083961789846 0.19441960082846924 0.16419763404688031 2.5000000000000004 0.26686262215144446 0.54941670540835419 0.44719277327720308 0.70912202278131597 0.68807089374280617 65.968750000000014 0.94611334033277106 0.87033333333333351 3.5000000000000004 0.91823978186022137 2.5000000000000004 0.37277245187519886 0.85863061320111689 0.22456085507013543 0.41419801350424196 0.3237614685994803 5.5000000000000009 0.14286233418886482 0.74777784735885278 0.18932390606576707 9.5000000000000018 6.5000000000000009 0.18364436504483919
decision_type=10 8 2 2 2 2 2 10 10 10 10 8 2 10 2 2 10 2 10 10 10 10 8 2 8 10 2 2 2 2
left_child=1 9 4 5 11 8 -5 10 22 -1 -6 -2 -4 14 27 -13 17 26 -16 -11 -14 -22 -3 -9 -10 -26 -7 -12 -17 -30
right_child=2 3 12 6 7 16 -8 23 24 19 13 15 20 -15 18 28 -18 -19 -20 -21 21 -23 -24 -25 25 -27 -28 -29 29 -31
leaf_value=-0.02703009166331008 -0.0049417200441683193 -0.032644632315771145 0.029137678948086752 0.046491343142855683 0.00075838775965182681 0.0025036594290403454 0.011256279213450893 0.03207624375539006 -0.010241205831480226 -0.019753051353013407 0.032587636935990302 0.0066130397156118279 0.03386187485907776 0.041536997111314644 0.020597423642097854 0.01121483390107582 0.020471894139638888 -0.0018951945015500786 -0.00071552676123079906 -0.002280792346945754 0.057603528362637511 0.040677284571824901 -0.015041321663015913 0.052848083660520358 -0.0080106760271268559 0.0022807852681793464 0.019438110855380459 0.019565074888829193 0.010947805283210391 0.024226911973941192
leaf_weight=1769 181 110 142 162 115 159 173 106 713 1416 360 463 122 112 203 441 104 861 109 111 334 191 953 145 457 554 169 221 181 479
leaf_count=1769 181 110 142 162 115 159 173 106 713 1416 360 463 122 112 203 441 104 861 109 111 334 191 953 145 457 554 169 221 181 479
internal_value=0.000166425 -0.0116723 0.0235437 -0.00316313 0.0181837 -0.00574612 0.0282953 0.0262299 -0.00991195 -0.0230703 0.0222304 0.0118621 0.0447118 0.0246874 0.0225741 0.0138068 0.00323313 0.00172528 0.0131516 -0.018483 0.04813 0.0514456 -0.0168629 0.0440759 -0.00562605 -0.00237124 0.011229 0.0276341 0.016832 0.0205852
internal_weight=11616 7711 3905 4415 3116 4080 335 1371 2787 3296 1120 1745 789 1005 893 1564 1293 1189 312 1527 647 525 1063 251 1724 1011 328 581 1101 660
internal_count=11616 7711 3905 4415 3116 4080 335 1371 2787 3296 1120 1745 789 1005 893 1564 1293 1189 312 1527 647 525 1063 251 1724 1011 328 581 1101 660
is_linear=0
shrinkage=0.02


Tree=20
num_leaves=31
num_cat=0
split_feature=9 9 2 2 2 9 1 12 3 1 3 9 2 1 1 2 9 12 9 11 9 1 11 2 2 9 12 11 9 12
split_gain=7063.77 1613.55 1290.38 777.772 366.571 230.157 194.25 186.048 166.523 133.973 127.902 123.706 119.139 114.36 92.1269 91.613 88.574 84.1234 136.809 99.105 131.46 78.7317 76.4167 73.4513 70.4284 68.5129 65.1982 60.0638 77.3111 72.8557
threshold=0.16929121725731897 0.24453002781157659 0.67729635109107722 0.79215409660909286 0.44719277327720308 0.12956490331184708 0.1820509681411604 69.031250000000014 70.917803255435416 0.087432760114186422 62.952875134188666 0.21301297894066984 0.93917518424081659 0.35247724142266462 0.23779691761663871 0.95001653237970218 0.25998405103668271 71.406250000000014 0.20511937642845979 0.85058823529411776 0.19523313045340213 0.26406183663317112 0.7360477941176472 0.67436989893508559 0.71109715570169729 0.27620708275210376 69.593750000000014 0.86775000000000013 0.19809042019870571 67.24264705882355
decision_type=2 2 10 10 8 2 8 2 8 8 10 2 10 8 10 10 2 2 2 2 2 10 2 10 8 2 2 2 2 2
left_child=2 3 4 6 -1 22 23 10 16 -6 -5 24 21 -10 -11 27 -3 19 -19 20 -9 -7 -4 -2 -8 -18 -16 28 29 -12
right_child=1 8 5 7 9 12 11 17 13 14 15 -13 -14 -15 26 -17 25 18 -20 -21 -22 -23 -24 -25 -26 -27 -28 -29 -30 -31
leaf_value=-0.027890128234702782 -0.013751779682297516 0.026624399299255096 -0.0063982738484766807 0.0033193229508961175 -0.025883776712303998 -0.0023069638080608795 -0.0053065686651638582 0.028831309374715938 0.039234291156318699 -0.015561318366242928 0.021644610661062765 0.016168536217639889 0.024499806531955701 0.065657543019782855 -0.010847813740549004 0.037058320989112624 0.0489173975868488 0.0085791201578302775 0.038363935886370021 0.023995402252705422 0.055794054723304252 0.0074912589131513755 -0.023217350403385715 0.0027853372072180111 0.0070154717418619171 0.033178384047077625 0.0048878307358112211 0.010135568097696154 0.028791375552577627 0.0012098782210516821
leaf_weight=1377 298 222 1010 231 423 703 280 152 107 2114 194 421 104 169 338 110 254 161 100 226 138 615 121 168 550 196 153 284 286 109
leaf_count=1377 298 222 1010 231 423 703 280 152 107 2114 194 421 104 169 338 110 254 161 100 226 138 615 121 168 550 196 153 284 286 109
internal_value=-1.85416e-05 0.0190489 -0.0127777 0.0130957 -0.0193346 -0.00146426 0.00323211 0.0216019 0.0423342 -0.0154439 0.0167108 0.00733783 0.00389122 0.0554137 -0.0137487 0.0198578 0.0369622 0.0292439 0.0199909 0.0339242 0.0416619 0.00226504 -0.00819766 -0.0077899 0.00285864 0.0420622 -0.00594445 0.0176905 0.0213332 0.0142935
internal_weight=11614 4656 6958 3708 4405 2553 1717 1991 948 3028 1214 1251 1422 276 2605 983 672 777 261 516 290 1318 1131 466 830 450 491 873 589 303
internal_count=11614 4656 6958 3708 4405 2553 1717 1991 948 3028 1214 1251 1422 276 2605 983 672 777 261 516 290 1318 1131 466 830 450 491 873 589 303
is_linear=0
shrinkage=0.02


Tree=21
num_leaves=31
num_cat=0
split_feature=0 0 9 9 9 9 2 0 11 0 12 4 11 12 2 10 3 0 3 9 2 2 0 4 2 4 0 2 6 0
split_gain=7605.7 1684.94 1004.42 848.6 454.099 372.724 200.853 197.077 161.709 149.368 114.884 98.4732 93.9306 89.8027 84.759 81.4041 71.6873 67.7008 100.009 67.567 64.1772 63.9749 65.9065 65.4909 63.9734 63.5476 84.3766 61.8223 60.8484 71.4333
threshold=0.18255447790944893 0.11904784237517686 0.19441960082846924 0.16365459593447199 0.24006578947368423 0.25460891492535026 0.89896241200847349 0.18106412652261553 0.64392857142857152 0.0941293040627324 69.757352941176478 -0.44639286755301782 0.86612500000000014 69.031250000000014 0.54941670540835419 0.23819200278071151 62.415567738097444 0.24199604939549821 70.000288179095733 0.20871295772251264 0.6928088024389053 0.92091037630122985 0.19567327506892615 -0.18628197030487076 0.48156587420224112 -0.4868137031521596 0.21738909192350006 0.74777784735885278 3.5000000000000004 0.16150880894025796
decision_type=10 8 2 2 2 2 10 8 2 10 2 2 2 2 8 2 10 10 10 2 8 10 10 2 10 2 10 8 2 8
left_child=1 9 21 7 8 6 16 14 -5 24 12 -7 -8 15 -3 -10 -4 -13 -19 -15 -11 22 -2 -24 -1 -18 -27 -9 -17 -30
right_child=2 3 5 4 -6 11 10 27 13 20 -12 17 -14 19 -16 28 25 18 -20 -21 -22 -23 23 -25 -26 26 -28 -29 29 -31
leaf_value=-0.02804236188862809 0.0023281719938349661 -0.017975013258622628 0.0083293305375557007 -0.0154110214580484 0.041570792190987485 0.058857048370805728 0.042131121406952542 -0.032590772718671827 0.014361252235894156 -0.020472223052367657 0.051737062444923619 0.028497739091832588 0.022494586754975648 0.0095529772632820444 -0.0058453401755031113 -0.0099667180068994474 0.011383093972061132 0.038117429930115902 0.061810024088621143 0.02759828221220691 -0.010944878837092671 0.019710979590166326 0.0087015615218032638 0.019571090733254096 -0.020167961820919553 0.01790736517779672 0.031646590309029971 -0.016917578361301779 -0.0043313384234320886 0.010215509308807111
leaf_weight=1462 382 263 149 147 145 147 168 124 202 767 141 141 232 329 1861 183 148 248 100 111 448 292 722 320 575 313 417 535 255 287
leaf_count=1462 382 263 149 147 145 147 168 124 202 767 141 141 232 329 1861 183 148 248 100 111 448 292 722 320 575 313 417 535 255 287
internal_value=-1.81708e-05 -0.0115707 0.0226565 -0.00356251 0.00775956 0.0315896 0.0263515 -0.0103118 0.00452136 -0.0225092 0.0362139 0.0445036 0.0307419 0.00666479 -0.00734727 0.00313314 0.0211562 0.0401888 0.0449256 0.0141053 -0.0169593 0.0111831 0.00943444 0.0120396 -0.0258196 0.023333 0.0257557 -0.0198667 4.75928e-06 0.00337151
internal_weight=11614 7694 3920 4442 1659 2204 1568 2783 1514 3252 541 636 400 1367 2124 927 1027 489 348 440 1215 1716 1424 1042 2037 878 730 659 725 542
internal_count=11614 7694 3920 4442 1659 2204 1568 2783 1514 3252 541 636 400 1367 2124 927 1027 489 348 440 1215 1716 1424 1042 2037 878 730 659 725 542
is_linear=0
shrinkage=0.02


Tree=22
num_leaves=31
num_cat=0
split_feature=0 0 9 9 9 9 1 2 11 0 12 4 11 8 12 9 2 2 3 8 3 8 12 2 3 5 2 0 0 3
split_gain=7304.51 1618.22 964.649 814.996 436.117 357.964 207.478 192.899 155.353 143.453 110.334 94.5736 90.2109 81.681 109.726 93.4536 71.7184 70.9205 68.8485 88.8723 99.958 66.7524 115.035 89.0515 83.4605 85.1095 81.2757 78.2751 65.0199 96.0483
threshold=0.18255447790944893 0.11904784237517686 0.19441960082846924 0.16365459593447199 0.24006578947368423 0.25460891492535026 0.066906835932621464 0.89896241200847349 0.65612500000000018 0.0941293040627324 69.757352941176478 -0.44639286755301782 0.86612500000000014 6.5000000000000009 69.031250000000014 0.1781525224237997 0.79898062121975599 0.8500194394495274 62.415567738097444 8.5000000000000018 67.629071372356051 8.5000000000000018 68.968750000000014 0.70912202278131597 70.649622909887412 0.14547062568980076 0.89708594478084069 0.19474439909945071 0.24199604939549821 70.000288179095733
decision_type=10 8 2 2 2 2 10 10 2 10 2 2 2 2 2 2 8 10 10 2 10 2 2 10 10 2 8 10 10 10
left_child=1 9 21 6 8 7 16 18 -5 -1 12 -7 -9 14 -10 -15 -3 -17 -4 -20 -21 22 23 -2 25 -23 -24 -27 -13 -30
right_child=2 3 5 4 -6 11 -8 10 13 -11 -12 28 -14 15 -16 17 -18 -19 19 20 -22 24 26 -25 -26 27 -28 -29 29 -31
leaf_value=-0.025303201223554353 -0.01423231156962412 -0.032786906201972804 0.0081627438058639139 -0.012740386402284778 0.040739376409300442 0.05767990707337451 -0.0070880128307474208 0.041288498498144602 0.0060915607750736261 -0.016620074672647464 0.050702321241933399 0.027927784245487648 0.022044694854653088 0.012371017313068776 0.023182301387056573 -0.0087661277148330091 -0.016544980330076831 0.009573989920318127 0.02850237021277606 0.026513840109109878 0.0061191880328626174 -0.00058609898153104282 0.0087837001233736969 0.0056930124379782022 0.026020428762318897 0.0012804723346484042 0.029222122588759569 0.021025172635805878 0.037355081372924391 0.060573823812603955
leaf_weight=2037 111 138 149 185 145 147 2132 168 465 1215 141 141 232 217 222 309 513 116 492 181 205 171 201 468 209 107 127 322 248 100
leaf_count=2037 111 138 149 185 145 147 2132 168 465 1215 141 141 232 217 222 309 513 116 492 181 205 171 201 468 209 107 127 322 248 100
internal_value=-1.78073e-05 -0.0113392 0.0222034 -0.00349126 0.00760437 0.0309578 -0.0101056 0.0258244 0.00443093 -0.022059 0.0354896 0.0436135 0.0301271 0.00682122 0.0116143 0.00169215 -0.019988 -0.00376035 0.0207331 0.0228663 0.0156825 0.0109595 0.00723404 0.00187313 0.0151362 0.0113448 0.0166974 0.0161005 0.039385 0.0440271
internal_weight=11614 7694 3920 4442 1659 2204 2783 1568 1514 3252 541 636 400 1329 687 642 651 425 1027 878 386 1716 907 579 809 600 328 429 489 348
internal_count=11614 7694 3920 4442 1659 2204 2783 1568 1514 3252 541 636 400 1329 687 642 651 425 1027 878 386 1716 907 579 809 600 328 429 489 348
is_linear=0
shrinkage=0.02


Tree=23
num_leaves=31
num_cat=0
split_feature=9 9 2 2 2 9 9 12 2 10 9 2 4 9 2 10 8 4 8 12 11 11 11 12 4 2 11 11 4 11
split_gain=6280.08 1428.14 1150.24 699.777 328.052 213.69 171.591 170.2 142.973 111.898 122.112 110.868 109.551 98.2292 159.724 85.4861 80.7893 76.9438 73.7618 82.5306 154.157 73.5495 72.292 70.3345 67.398 66.6545 63.4506 61.7498 61.3767 59.7795
threshold=0.16929121725731897 0.24453002781157659 0.67729635109107722 0.79215409660909286 0.44719277327720308 0.12956490331184708 0.21993572846325918 69.031250000000014 0.70644668071175987 0.2195142699522715 0.17948942010398708 0.93917518424081659 -0.44639286755301782 0.19809042019870571 0.8892210485337414 0.28834498707174311 8.5000000000000018 -0.33527464876079266 11.500000000000002 71.343750000000014 0.85058823529411776 0.69607692307692315 0.7360477941176472 67.424632352941188 -0.14533077033923766 0.83001353312674075 0.88391544117647081 0.85357142857142876 -0.23479928147402904 0.47035714285714292
decision_type=2 2 10 10 8 2 2 2 8 2 2 10 2 2 10 2 2 2 2 2 2 2 2 2 2 10 2 2 2 2
left_child=2 3 4 6 -1 22 8 13 -2 -9 -11 -7 -3 15 17 23 26 -15 19 20 -12 -6 24 -5 29 -26 28 -16 -14 -4
right_child=1 12 5 7 21 11 -8 9 -10 10 18 -13 16 14 27 -17 -18 -19 -20 -21 -22 -23 -24 -25 25 -27 -28 -29 -30 -31
leaf_value=-0.026332200170821288 -0.0078039561999563977 0.052731273861394985 -0.0046372749456605371 0.020888672156826309 -0.015929329481329565 0.0022250676142812845 0.015323061324479111 0.046136399905766005 0.0053232990190301135 0.0044749130765158757 0.05419240682532913 0.023674108706987822 0.043619536281593388 0.00021936943614217518 0.041969970894808119 -0.0030592803865590176 0.028062190500014426 0.018721609855564231 0.014713437054902315 0.020113826861480871 0.024797905065336981 -0.007472710377572753 -0.022463336642369752 0.0012607895645582786 -0.0053134345395558667 0.015339653698155787 0.049161973008927745 0.024108987786049068 0.022730656766775742 -0.016242238221154229
leaf_weight=1377 576 207 453 230 2537 1318 358 113 783 102 133 104 124 146 121 161 291 234 125 150 154 491 121 107 164 101 223 215 103 292
leaf_count=1377 576 207 453 230 2537 1318 358 113 783 102 133 104 124 146 121 161 291 234 125 150 154 491 121 107 164 101 223 215 103 292
internal_value=-1.74512e-05 0.0179612 -0.012048 0.0123605 -0.0182386 -0.00136656 0.0030045 0.0204289 -0.000240571 0.0277382 0.0246072 0.00379377 0.0398678 0.0157508 0.0204954 0.00892923 0.0362744 0.0116129 0.0282611 0.0321363 0.0384197 -0.0145581 -0.00785463 0.0146567 -0.00610447 0.00255812 0.0415849 0.0305411 0.0341413 -0.0091858
internal_weight=11614 4656 6958 3708 4405 2553 1717 1991 1359 777 664 1422 948 1214 716 498 741 380 562 437 287 3028 1131 337 1010 265 450 336 227 745
internal_count=11614 4656 6958 3708 4405 2553 1717 1991 1359 777 664 1422 948 1214 716 498 741 380 562 437 287 3028 1131 337 1010 265 450 336 227 745
is_linear=0
shrinkage=0.02


Tree=24
num_leaves=31
num_cat=0
split_feature=9 9 2 2 2 9 1 12 3 1 3 9 10 9 2 1 10 2 9 1 11 8 12 11 11 1 9 2 12 5
split_gain=6031.39 1371.59 1104.69 672.066 315.061 205.228 167.294 163.46 155.145 119.712 116.803 107.79 107.467 117.276 106.477 105.929 91.3517 83.3099 81.7968 80.8345 74.9631 70.8409 79.2624 148.052 69.4293 69.3905 65.2925 64.4982 60.5658 57.59
threshold=0.16929121725731897 0.24453002781157659 0.67729635109107722 0.79215409660909286 0.44719277327720308 0.12956490331184708 0.1820509681411604 69.031250000000014 70.917803255435416 0.087432760114186422 62.952875134188666 0.21301297894066984 0.2195142699522715 0.17948942010398708 0.93917518424081659 0.35247724142266462 0.25526382789220403 0.95001653237970218 0.25998405103668271 0.23779691761663871 0.71643750000000017 11.500000000000002 71.343750000000014 0.85058823529411776 0.7360477941176472 0.26406183663317112 0.27620708275210376 0.67436989893508559 69.593750000000014 0.3820300373129733
decision_type=2 2 10 10 8 2 8 2 8 8 10 2 2 2 10 8 2 10 2 10 2 2 2 2 2 10 2 10 2 2
left_child=2 3 4 6 -1 24 27 10 18 -6 -5 16 -9 -14 25 -10 -8 -12 29 -11 -18 22 23 -15 -4 -7 -20 -2 -21 -3
right_child=1 8 5 7 9 14 11 12 15 19 17 -13 13 21 -16 -17 20 -19 26 28 -22 -23 -24 -25 -26 -27 -28 -29 -30 -31
leaf_value=-0.025805556148790449 -0.012871014645398162 0.012699394461512565 -0.0059823831479516951 0.0026384450669412491 -0.024135489781688783 -0.0021116572480177134 0.011462122681315499 0.045213671860705434 0.036123651519557029 -0.014362340467332623 0.016376297192209729 0.014997679469509676 0.0043854147244664823 0.05310855884973268 0.02320062666021001 0.06155419961235227 -0.016679234211859496 0.034845648570155555 0.045478403741515828 -0.010080084486825932 0.0015546957177497698 0.014419168070033192 0.019711550163974367 0.02430194699036127 -0.022014069996835774 0.0070869615573125582 0.030113740610433936 0.0026254997180686114 0.0050862441207069195 0.033173280327779352
leaf_weight=1377 298 100 1010 231 423 703 297 113 107 2114 873 421 102 133 104 169 115 110 254 338 418 125 150 154 121 615 196 168 153 122
leaf_count=1377 298 100 1010 231 423 703 297 113 107 2114 873 421 102 133 104 169 115 110 254 338 418 125 150 154 121 615 196 168 153 122
internal_value=-1.71022e-05 0.017602 -0.0118071 0.0121133 -0.0178739 -0.00133923 0.00294441 0.0200204 0.0390704 -0.0142669 0.0154358 0.00675462 0.0271834 0.024115 0.0037179 0.0516953 0.0025735 0.0184431 0.0338852 -0.0126644 -0.00237945 0.0276958 0.0314935 0.0376514 -0.00769753 0.00218057 0.0387862 -0.00728429 -0.00535412 0.0239508
internal_weight=11614 4656 6958 3708 4405 2553 1717 1991 948 3028 1214 1251 777 664 1422 276 830 983 672 2605 533 562 437 287 1131 1318 450 466 491 222
internal_count=11614 4656 6958 3708 4405 2553 1717 1991 948 3028 1214 1251 777 664 1422 276 830 983 672 2605 533 562 437 287 1131 1318 450 466 491 222
is_linear=0
shrinkage=0.02


Tree=25
num_leaves=31
num_cat=0
split_feature=0 0 9 9 0 9 0 0 0 9 8 4 12 5 8 9 12 4 12 9 11 0 10 11 9 12 4 10 5 5
split_gain=6286.77 1292.76 1079.6 769.537 359.94 358.983 145.557 126.858 125.43 115.183 101.701 107.685 90.8212 116.243 84.3978 78.6229 75.5036 72.0745 68.3113 65.728 63.832 79.8946 60.5026 57.843 53.6928 51.8251 50.2877 48.81 52.0205 77.1615
threshold=0.17949179052974226 0.11904784237517686 0.19727575982209047 0.24325980392156865 0.26034486873753454 0.16419763404688031 0.12001402018234594 0.07023677714223038 0.19567327506892615 0.25998405103668271 2.5000000000000004 -0.2770712381980992 68.656250000000014 0.26750051277748438 13.500000000000002 0.18313831789774868 69.593750000000014 -0.16644988295686627 68.093750000000014 0.25460891492535026 0.86207142857142871 0.2041256384620713 0.29250001934067105 0.34738636363636372 0.16568743985962534 66.093750000000014 -0.26412528455211909 0.12974014500401845 0.16902239511763531 -0.057931871263093335
decision_type=10 8 2 2 10 2 10 10 10 2 2 2 2 2 2 2 2 2 2 2 2 10 2 2 2 2 2 2 2 2
left_child=1 7 8 5 9 6 -3 -1 24 14 15 22 17 -14 20 -7 -13 19 -17 -6 21 -4 -12 -9 -2 -23 -11 -10 29 -29
right_child=2 3 4 -5 12 10 -8 23 27 26 11 16 13 -15 -16 18 -18 -19 -20 -21 -22 25 -24 -25 -26 -27 -28 28 -30 -31
leaf_value=-0.025678087375167413 -0.0033998134542894626 -0.017507278977156232 0.015227318966255482 0.045759266239356222 0.030482092456541203 -0.001256717565793095 -0.0066525478430716567 -0.022468463148329138 0.001793376720492162 0.044713220914204918 0.012236329243912816 -0.011553649268536867 0.063797597214579588 0.039660786566728688 0.0073004576597973147 0.0077925312595907605 0.0067790051659240447 0.020959607113723286 0.026745710932489099 0.050261176079440556 0.017930590662635641 0.020034523075101555 -0.002516706368035596 -0.015227704222429207 0.0092744201125208089 0.035972246396952047 0.026000886848568917 0.0189644633568164 0.01606918354936045 -0.0024614440588594743
leaf_weight=1146 362 652 151 123 138 141 2041 631 153 135 281 367 128 212 148 160 119 111 145 131 472 108 184 1468 212 334 100 113 925 166
leaf_count=1146 362 652 151 123 138 141 2041 631 153 135 281 367 128 212 148 160 119 111 145 131 472 108 184 1468 212 334 100 113 925 166
internal_value=9.72511e-05 -0.0108385 0.0199945 -0.00353065 0.0296814 -0.00501296 -0.00928058 -0.0203263 0.0091187 0.023935 0.00321373 -0.000481759 0.0412381 0.0487476 0.0214522 0.0110936 -0.00706479 0.0345191 0.0168031 0.0401143 0.0234188 0.0277872 0.00639857 -0.0174044 0.00128126 0.032078 0.0367505 0.0124339 0.013786 0.00621643
internal_weight=11557 7458 4099 4213 2168 4090 2693 3245 1931 1448 1397 951 720 340 1213 446 486 380 305 269 1065 593 465 2099 574 442 235 1357 1204 279
internal_count=11557 7458 4099 4213 2168 4090 2693 3245 1931 1448 1397 951 720 340 1213 446 486 380 305 269 1065 593 465 2099 574 442 235 1357 1204 279
is_linear=0
shrinkage=0.02


Tree=26
num_leaves=31
num_cat=0
split_feature=0 0 9 9 9 0 1 0 0 9 12 4 9 12 5 8 11 1 1 8 4 9 11 12 0 8 5 9 12 12
split_gain=6037.81 1241.57 1037.78 739.063 344.767 344.455 174.166 121.835 117.314 112.386 98.0599 92.9063 90.8495 90.4811 103.238 82.6867 64.4827 105.178 83.6967 63.4634 63.205 72.6632 55.5525 51.4852 54.3874 48.4922 70.7118 63.3625 56.1161 55.3016
threshold=0.17949179052974226 0.11904784237517686 0.19441960082846924 0.24325980392156865 0.16419763404688031 0.26034486873753454 0.066906835932621464 0.07023677714223038 0.19567327506892615 0.25998405103668271 69.031250000000014 -0.25277243376491682 0.20987433647492149 68.656250000000014 0.26750051277748438 13.500000000000002 0.86207142857142871 0.29667034263234621 0.27746523603809276 1.0000000180025095e-35 -0.16644988295686627 0.25460891492535026 0.34738636363636372 70.000000000000014 0.1307653263536678 7.5000000000000009 0.17224093149427874 0.15143325143325145 68.968750000000014 65.849264705882362
decision_type=10 8 2 2 2 10 10 10 10 2 2 2 2 2 2 2 2 10 10 2 2 2 2 2 10 2 2 2 2 2
left_child=1 7 8 4 6 9 19 -1 -2 15 11 -6 -12 20 -15 16 18 -18 -4 -3 21 -7 -9 -8 -25 28 -27 -28 29 -10
right_child=2 3 5 -5 10 13 23 22 25 -11 12 -13 -14 14 -16 -17 17 -19 -20 -21 -22 -23 -24 24 -26 26 27 -29 -30 -31
leaf_value=-0.025164525935663654 0.00087779739339436812 -0.013187639183757312 0.01643518822507398 0.044844080876044148 0.0051775216863563589 0.028532022963677135 -0.0079927068482845646 -0.022019094267997318 0.011284487405222737 0.036015515077621379 0.0059226715776745913 -0.0072046947052642222 0.02759435259312102 0.061520627970502784 0.038982720281413759 0.0074709270104953334 0.028732580119600663 0.009724024944490782 0.032019659356055309 -0.026042767460027854 0.020688625469670763 0.04925595235598508 -0.0149231501918142 -0.012594565798185374 0.0032101666765807445 0.0050556243522473241 0.010899960124865174 0.025553577067952978 0.015586765400166142 -0.00383942790162353
leaf_weight=1146 560 401 202 123 549 140 1560 631 180 235 311 434 103 130 217 159 195 289 434 249 112 131 1468 114 369 186 200 288 232 209
leaf_count=1146 560 401 202 123 549 140 1560 631 180 235 311 434 103 130 217 159 195 289 434 249 112 131 1468 114 369 186 200 288 232 209
internal_value=9.5306e-05 -0.0106217 0.0195946 -0.00346004 -0.0049127 0.0287443 -0.00909497 -0.0199198 0.00852627 0.0233032 0.00314946 -0.000289296 0.0113144 0.0400289 0.0474263 0.0209675 0.0228835 0.0173824 0.0270699 -0.0181121 0.0333267 0.0385499 -0.0170563 -0.00622607 -0.000520143 0.0118337 0.0155486 0.019548 0.00780177 0.00315878
internal_weight=11557 7458 4099 4213 4090 2244 2693 3245 1855 1514 1397 983 414 730 347 1279 1120 484 636 650 383 271 2099 2043 483 1295 674 488 621 389
internal_count=11557 7458 4099 4213 4090 2244 2693 3245 1855 1514 1397 983 414 730 347 1279 1120 484 636 650 383 271 2099 2043 483 1295 674 488 621 389
is_linear=0
shrinkage=0.02


Tree=27
num_leaves=31
num_cat=0
split_feature=0 0 9 9 9 0 2 2 0 2 11 8 4 9 12 3 11 9 12 10 9 10 2 11 0 3 12 0 4 9
split_gain=5798.71 1192.4 996.683 709.796 331.115 330.814 144.517 142.42 134.141 122.773 101.549 97.1079 100.914 95.9699 86.8981 86.5078 85.0846 74.8696 70.1692 69.0813 68.7524 77.9343 67.3907 67.1908 66.3477 77.9319 64.0147 62.9961 60.7021 69.7857
threshold=0.17949179052974226 0.11904784237517686 0.19441960082846924 0.24325980392156865 0.16419763404688031 0.26034486873753454 0.90323259423540703 0.70352707619556409 0.12001402018234594 0.67436989893508559 0.86612500000000014 2.5000000000000004 -0.2770712381980992 0.25998405103668271 68.656250000000014 70.987543416455878 0.6976562500000002 0.18313831789774868 69.593750000000014 0.34901353965183762 0.16929121725731897 0.21657623533094403 0.5151973942542819 0.86775000000000013 0.1922539221321786 65.361090934829406 68.093750000000014 0.20000082808624622 -0.16644988295686627 0.25460891492535026
decision_type=10 8 2 2 2 10 10 8 10 10 2 2 2 2 2 10 2 2 2 2 2 2 8 2 10 10 2 10 2 2
left_child=1 9 7 4 8 6 13 -2 22 16 -8 17 -13 23 28 19 -1 -6 -14 -16 24 -22 -3 27 -9 -26 -19 -4 29 -7
right_child=2 3 5 -5 11 14 10 20 -10 -11 -12 12 18 -15 15 -17 -18 26 -20 -21 21 -23 -24 -25 25 -27 -28 -29 -30 -31
leaf_value=-0.022614988554188073 -0.005308978810963285 -0.030853637036232825 0.0091633652858896016 0.043947199852001378 -0.0012655950336327368 0.027961382476346833 0.044059342004615684 -0.0017499964653837439 -0.0063901930418739797 -0.010543922640829843 0.025000974846224242 0.0061359135109570716 -0.011224709107497408 0.034857493616699237 0.050653331426950964 0.061333038534654341 -0.012358462082520128 0.0076352833809796719 0.0064484836455403266 0.029146546008727278 0.030778223775426109 0.012449593306599843 -0.013866501517027119 0.0080255357475176349 0.00083779458767977257 0.014905158817001012 0.025982743561781686 0.023649664827811147 0.020274852961675999 0.048270833267481959
leaf_weight=2357 262 113 162 123 141 140 174 245 2041 513 313 465 367 127 118 108 375 160 119 121 113 519 539 274 234 482 145 464 112 131
leaf_count=2357 262 113 162 123 141 140 174 245 2041 513 313 465 367 127 118 108 375 160 119 121 113 519 539 274 234 482 145 464 112 131
internal_value=9.34e-05 -0.0104093 0.0192027 -0.00339084 -0.00481445 0.0281694 0.0228371 0.00835575 -0.00891307 -0.0195214 0.0318103 0.00308647 -0.000524605 0.0185821 0.0392283 0.0464778 -0.0212072 0.0107863 -0.00689732 0.039765 0.0106032 0.0157267 -0.0168106 0.0162855 0.0072337 0.0103077 0.0163578 0.0199008 0.0326602 0.0377789
internal_weight=11557 7458 4099 4213 4090 2244 1514 1855 2693 3245 487 1397 951 1027 730 347 2732 446 486 239 1593 632 652 900 961 716 305 626 383 271
internal_count=11557 7458 4099 4213 4090 2244 1514 1855 2693 3245 487 1397 951 1027 730 347 2732 446 486 239 1593 632 652 900 961 716 305 626 383 271
is_linear=0
shrinkage=0.02


Tree=28
num_leaves=31
num_cat=0
split_feature=0 0 9 9 9 0 2 2 2 1 9 0 12 5 9 4 5 0 3 2 12 9 2 9 3 3 3 10 9 9
split_gain=5569.08 1145.19 957.673 681.688 319.863 319.432 148.453 144.049 117.911 115.798 94.7237 83.8653 81.082 78.131 76.7829 75.5514 74.1895 63.7204 74.8458 61.6373 68.6448 108.659 60.7372 58.4499 65.7238 56.9378 72.0219 51.5428 57.6069 51.2864
threshold=0.17949179052974226 0.11904784237517686 0.19727575982209047 0.24325980392156865 0.14821987772144352 0.26034486873753454 0.90323259423540703 0.70352707619556409 0.67436989893508559 0.066906835932621464 0.25998405103668271 0.07023677714223038 65.727941176470594 0.25715075494357637 0.16929121725731897 -0.50086951753541975 0.091952829516141713 0.1922539221321786 65.361090934829406 0.5441918083736309 69.031250000000014 0.20987433647492149 0.79898062121975599 0.24453002781157659 68.473145415845821 65.889685547734089 68.515590320552903 0.21657623533094403 0.1781525224237997 0.059108436550595937
decision_type=10 8 2 2 2 10 10 8 10 10 2 10 2 2 2 2 2 10 10 8 2 2 8 2 10 10 10 2 2 2
left_child=1 8 7 4 9 6 10 -2 11 22 -4 -1 -7 16 17 -16 -14 -9 -19 -6 -21 -22 -3 -15 -25 -8 -27 -17 -29 -13
right_child=2 3 5 -5 19 12 25 14 -10 -11 -12 29 13 23 15 27 -18 18 -20 20 21 -23 -24 24 -26 26 -28 28 -30 -31
leaf_value=-0.025031787295763466 -0.00506146993195073 -0.030538132945696513 0.015636606880848409 0.043068255797876577 -0.013537523362233683 0.023746076041535173 0.020353758033624915 -0.0017149965714435189 -0.010333044218157235 -0.0073153431321398279 0.034160344046870558 -0.03101547878336262 0.040433162155336343 0.027442189808710511 -3.7898333037941207e-05 0.030875172717073424 0.063816167691302508 0.00082103855038502278 0.014607055682490417 -0.00068506568938084495 0.0037333197476427833 0.026472881459953763 -0.014450059373865204 0.033032967446324155 0.05511445102989674 0.04868799358861059 0.02939988831172018 0.0058314840765611364 0.020478623797765331 -0.016931562635274958
leaf_weight=1106 267 120 846 123 108 119 129 245 513 1591 127 111 116 166 103 110 102 234 482 1238 501 101 431 117 100 117 229 159 331 1515
leaf_count=1106 267 120 846 123 108 119 129 245 513 1591 127 111 116 166 103 110 102 234 482 1238 501 101 431 117 100 117 229 159 331 1515
internal_value=9.1532e-05 -0.0102011 0.0188187 -0.00332302 -0.00471816 0.0279422 0.0225288 0.00857542 -0.019131 -0.0100519 0.0180544 -0.020783 0.0388291 0.0418156 0.0107635 0.0157866 0.0513738 0.00708902 0.0101016 0.00114681 0.00200872 0.00754843 -0.0179538 0.0363752 0.0432088 0.0316941 0.0359222 0.0185032 0.0157258 -0.017893
internal_weight=11557 7458 4099 4213 4090 2168 1448 1931 3245 2142 973 2732 720 601 1664 703 218 961 716 1948 1840 602 551 383 217 475 346 600 490 1626
internal_count=11557 7458 4099 4213 4090 2168 1448 1931 3245 2142 973 2732 720 601 1664 703 218 961 716 1948 1840 602 551 383 217 475 346 600 490 1626
is_linear=0
shrinkage=0.02


Tree=29
num_leaves=31
num_cat=0
split_feature=0 0 9 9 0 9 2 2 2 1 9 9 0 4 9 3 3 0 3 2 2 3 3 9 10 9 1 1 0 4
split_gain=5348.55 1100.04 919.749 662.014 306.782 299.969 142.574 138.345 129.006 111.731 90.9726 73.7423 72.8696 72.5596 64.6474 120.634 88.6496 61.197 71.8819 56.6181 56.3035 54.6831 69.1698 50.0137 49.5017 55.3257 45.941 45.8425 45.3495 44.6935
threshold=0.17949179052974226 0.12001402018234594 0.19727575982209047 0.24325980392156865 0.26034486873753454 0.14821987772144352 0.90323259423540703 0.70352707619556409 0.70080244396096281 0.066906835932621464 0.25998405103668271 0.16929121725731897 0.07023677714223038 -0.50086951753541975 0.25460891492535026 69.716778090299499 66.058785165012026 0.1922539221321786 65.361090934829406 0.5441918083736309 0.79898062121975599 65.889685547734089 68.515590320552903 0.059108436550595937 0.21657623533094403 0.1781525224237997 0.38166505362839936 0.12288811058416406 0.28673688560099481 -0.28808078231997808
decision_type=10 8 2 2 10 2 10 8 10 10 2 2 10 2 2 10 10 10 10 8 8 10 10 2 2 2 10 10 10 2
left_child=1 8 7 5 6 9 10 -2 12 20 26 17 -1 -13 28 16 -16 -9 -19 -7 -3 -8 -23 -14 -15 -26 -4 -11 -6 -21
right_child=2 3 4 -5 14 19 21 11 -10 27 -12 13 23 24 15 -17 -18 18 -20 29 -22 22 -24 -25 25 -27 -28 -29 -30 -31
leaf_value=-0.024200029128627676 -0.0049602401948600225 -0.029701626704019657 0.017643858307276206 0.042722532649020685 0.026475545527183848 -0.013083304261683294 0.019946682947406244 -0.0016806965494642453 -0.0085203203243639208 0.0037500397518433477 0.033477137149971595 -3.7140173530115665e-05 -0.030272279207984733 0.030257669365541504 0.048262965101898925 0.062732725780973636 0.023715613904475633 0.00080461790410574913 0.014314914586213786 0.0053435432793838633 -0.014161058159916728 0.047714234181703667 0.028811890694869918 -0.016732397539622135 0.0057148543576586918 0.020069051505547591 0.0059610839973070796 -0.0081296108520763997 0.040383773860408034 -0.00093012282284423028
leaf_weight=1112 267 119 678 122 219 106 129 245 436 143 127 103 117 110 124 101 112 234 482 840 431 117 229 1621 159 331 168 1422 164 989
leaf_count=1112 267 119 678 122 219 106 129 245 436 143 127 103 117 110 124 101 112 234 482 840 431 117 229 1621 159 331 168 1422 164 989
internal_value=8.97014e-05 -0.00999709 0.0184423 -0.00318024 0.0273833 -0.00456299 0.0220782 0.00840391 -0.018652 -0.00976925 0.0176933 0.0105483 -0.0202019 0.0154709 0.0380526 0.0444414 0.0366134 0.00694724 0.00989954 0.00112757 -0.0175235 0.0310602 0.0352037 -0.0176439 0.0181331 0.0154113 0.0153239 -0.00704412 0.032431 0.00195117
internal_weight=11557 7458 4099 4172 2168 4050 1448 1931 3286 2115 973 1664 2850 703 720 337 236 961 716 1935 550 475 346 1738 600 490 846 1565 383 1829
internal_count=11557 7458 4099 4172 2168 4050 1448 1931 3286 2115 973 1664 2850 703 720 337 236 961 716 1935 550 475 346 1738 600 490 846 1565 383 1829
is_linear=0
shrinkage=0.02


Tree=30
num_leaves=31
num_cat=0
split_feature=9 9 2 2 2 2 2 3 9 9 10 3 9 4 2 3 10 10 9 11 4 11 2 11 2 9 5 5 11 9
split_gain=4763.43 1144.15 1050.72 586.385 282.845 139.894 134.684 131.527 124.729 122.56 114.48 89.333 85.2989 78.5804 72.1442 68.135 64.7083 101.76 61.5485 61.3531 58.753 88.5351 74.447 58.4285 78.9889 56.6957 54.5907 52.2893 53.8441 79.0695
threshold=0.16929121725731897 0.23885994997292351 0.67729635109107722 0.80000168525786985 0.4110321867400541 0.70352707619556409 0.92091037630122985 76.569488237742704 0.12701664875577923 0.18427623732856294 0.2195142699522715 62.315550661800366 0.064596175122490926 -0.45056271300393896 0.92467050270832341 71.414007189310084 0.32613392841329725 0.3650183353453072 0.15340336129385571 0.7360477941176472 -0.32476363515524814 0.8716666666666667 0.82832751229159352 0.86207142857142871 0.92467050270832341 0.068522798136532059 0.47999907914702628 0.81269509183146293 0.88088888888888894 0.22350048075364889
decision_type=2 2 10 10 8 8 10 8 2 2 2 10 2 2 10 10 2 2 2 2 2 2 10 2 10 2 2 2 2 2
left_child=2 3 4 5 -1 15 10 13 19 -8 -5 -12 -6 -3 -10 26 -15 -18 25 -4 21 -13 -22 -19 -25 -14 -2 28 29 -7
right_child=1 7 8 6 12 27 9 -9 14 -11 11 20 18 16 -16 -17 17 23 -20 -21 22 -23 -24 24 -26 -27 -28 -29 -30 -31
leaf_value=-0.02463549626910469 -0.003370422450162597 0.042273084462280029 -0.0038961955236009567 0.030841003848100523 -0.02432965798626005 0.0069461269207730823 0.0071699752843025887 0.053115883974678584 0.0017801420771703816 0.031759967754103266 -0.00013187544570492755 0.014779223733487362 0.0012016196025535465 0.017658117448620371 0.015397025076249108 0.006787564027142692 0.04769056639899083 0.035830401483446711 -0.0055169176818294962 -0.019215494172047761 0.031976049529103032 -0.0065409736159556323 0.015192710964684776 0.0076731860454914702 0.030855758350949284 -0.014171465561747563 -0.016826348616667409 -0.0069523280407258557 -0.0031715693344282949 0.023112884374616081
leaf_weight=1212 295 208 919 158 257 707 101 128 1345 411 183 294 100 173 176 143 123 172 451 118 137 106 463 106 132 2375 204 107 153 146
leaf_count=1212 295 208 919 158 257 707 101 128 1345 411 183 294 100 173 176 143 123 172 451 118 137 106 463 106 132 2375 204 107 153 146
internal_value=-2.19455e-06 0.0156676 -0.0104818 0.0103362 -0.0164132 0.00205129 0.0181829 0.0341282 -0.000290799 0.0269092 0.0148512 0.0127156 -0.0132824 0.0314691 0.0033558 -0.00538353 0.028286 0.0317356 -0.0123121 -0.00563938 0.0150667 0.00912937 0.0190249 0.0269491 0.0205307 -0.0135503 -0.00887144 0.00633984 0.00775362 0.00971324
internal_weight=11603 4650 6953 3608 4395 1755 1853 1042 2558 512 1341 1183 3183 914 1521 642 706 533 2926 1037 1000 400 600 410 238 2475 499 1113 1006 853
internal_count=11603 4650 6953 3608 4395 1755 1853 1042 2558 512 1341 1183 3183 914 1521 642 706 533 2926 1037 1000 400 600 410 238 2475 499 1113 1006 853
is_linear=0
shrinkage=0.02


Tree=31
num_leaves=31
num_cat=0
split_feature=9 9 2 2 2 1 1 2 2 9 10 1 12 10 12 11 5 4 2 9 2 1 5 10 1 2 11 11 12 12
split_gain=4574.8 1098.84 1009.11 564.301 272.168 156.889 130.867 125.002 119.368 105.126 99.0564 111.975 94.5255 93.6003 98.3709 86.3716 104.881 82.575 82.4591 71.0126 77.974 67.9166 67.4429 64.889 83.1985 63.704 61.7905 69.6606 61.2326 60.1186
threshold=0.16929121725731897 0.23885994997292351 0.67729635109107722 0.81003351977902915 0.48156587420224112 0.1820509681411604 0.27916086134775769 0.98095503563477771 0.93759080532807137 0.12956490331184708 0.21183096414294875 0.089175915803824959 69.303308823529434 0.27422836796114747 71.406250000000014 0.75575367647058833 0.51027363056889274 -0.20734312775391664 0.71109715570169729 0.21525478292862402 0.95825279649037054 0.22999453478796941 0.33291001622759869 0.32440036415183182 0.44207432967056498 0.86353203085370123 0.88088888888888894 0.6130000000000001 67.343750000000014 69.406250000000014
decision_type=2 2 10 10 8 8 8 8 10 2 2 10 2 2 2 2 2 2 8 2 10 10 2 2 10 10 2 2 2 2
left_child=2 3 4 5 -1 -2 25 17 12 -8 11 -6 -5 -14 -15 16 22 23 21 20 -10 -7 -11 -3 -25 28 27 -20 -4 -12
right_child=1 7 6 8 10 18 9 -9 19 15 29 -13 13 14 -16 -17 -18 -19 26 -21 -22 -23 -24 24 -26 -27 -28 -29 -30 -31
leaf_value=-0.02277440085308775 -0.0071807853071232525 0.023259537449749786 -0.010937949738364473 0.011826105226624669 -0.020699449851945297 -0.013360827285382482 -0.0034463682027664659 0.050674907737250988 0.032917112376890142 0.015470256147527835 -0.0095263144766633417 -0.011130927542232215 0.031916545283399586 0.024071751394125068 -0.00085588368240232572 -0.0003291491722353758 0.0025222287310287354 0.022492310626324279 -0.0036877982254055414 0.041883455899305047 0.0094767805013586497 0.0043318636598134478 0.036407758435606959 0.043943251708409549 0.023789785772288612 0.0038077750117135453 -0.0024500718729207351 0.013386564243221414 -0.0020537249624648281 0.0035752365190351411
leaf_weight=1566 493 139 536 893 754 135 327 145 128 160 485 1393 234 167 102 195 150 319 110 113 102 243 100 330 109 353 159 729 737 197
leaf_count=1566 493 139 536 893 754 135 327 145 128 160 485 1393 234 167 102 195 150 319 110 113 102 243 100 330 109 353 159 729 737 197
internal_value=-2.15068e-06 0.0153543 -0.0102722 0.0101295 -0.016085 0.00249994 -0.000284983 0.0334456 0.0183293 0.00569013 -0.012382 -0.0144913 0.015732 0.0226663 0.0146196 0.0106284 0.0158399 0.0306605 0.0059684 0.0289004 0.0225218 -0.00198695 0.0235231 0.0351686 0.0389393 -0.00370984 0.00898155 0.011148 -0.00579445 -0.00574185
internal_weight=11603 4650 6953 3608 4395 1869 2558 1042 1739 932 2829 2147 1396 503 269 605 410 897 1376 343 230 378 260 578 439 1626 998 839 1273 682
internal_count=11603 4650 6953 3608 4395 1869 2558 1042 1739 932 2829 2147 1396 503 269 605 410 897 1376 343 230 378 260 578 439 1626 998 839 1273 682
is_linear=0
shrinkage=0.02


Tree=32
num_leaves=31
num_cat=0
split_feature=0 0 0 11 12 3 2 1 11 2 2 1 11 11 11 12 0 12 5 5 6 5 12 4 2 5 0 5 6 11
split_gain=5355.37 1022.65 603.727 331.61 248.937 205.075 167.488 120.698 113.836 104.365 104.14 82.2738 109.837 74.8688 73.2692 71.8929 70.9507 64.9648 68.2757 64.9567 61.3921 80.4872 56.3403 68.5678 52.4462 74.8672 52.1861 52.0293 49.856 49.8962
threshold=0.17821576903491917 0.12616858404039746 0.21738909192350006 0.71806250000000016 68.27389705882355 73.896463031717431 0.49883104369269493 0.081847797567170685 0.77354166666666679 0.78110225133598832 0.92091037630122985 0.37925185072892048 0.80187500000000012 0.84438541666666678 0.89181985294117661 67.843750000000014 0.26686262215144446 69.406250000000014 0.47400529899838095 0.192362165366918 3.5000000000000004 0.67605835086225241 67.24264705882355 -0.41669199500111498 0.85332718775963512 0.28883510941607832 0.25724307338431762 0.26454962803032528 3.5000000000000004 0.86775000000000013
decision_type=10 8 10 2 2 8 10 10 2 8 10 10 2 2 2 2 10 2 2 2 2 2 2 2 10 2 10 2 2 2
left_child=1 6 8 7 10 22 -1 -3 19 -6 26 16 -13 -12 -7 -9 17 -11 -19 -2 -21 -22 23 -5 -10 -26 28 -14 -4 -30
right_child=2 3 4 5 9 14 -8 15 24 11 13 12 27 -15 -16 -17 -18 18 -20 20 21 -23 -24 -25 25 -27 -28 -29 29 -31
leaf_value=-0.02161031566279234 -0.0033967974062647614 -0.015300122606494822 0.0012580894047381187 0.0074114191809705656 0.01698441937431926 0.010442630508564215 -0.012982718879601425 -0.0087613691516160701 0.0098440222242771516 0.049391348351538182 0.015802983046638044 0.01040946769528091 0.045116950657770591 0.035384027134261538 0.028815665494481273 -8.7035635319400302e-05 0.052746047000400725 0.038676481847182885 0.018594566023191518 0.00042786702113050334 0.017517016317317797 -0.0012438995636999608 0.0026469760396641141 -0.011507952923511531 0.0089800397649858928 0.025930431329319416 0.021666730921657291 0.027890236166957766 0.018850191028508718 0.0031650731979903802
leaf_weight=2019 268 636 141 102 160 412 1624 871 419 100 123 107 108 214 110 681 128 169 113 265 341 125 657 308 165 283 320 200 326 108
leaf_count=2019 268 636 141 102 160 412 1624 871 419 100 123 107 108 214 110 681 128 169 113 265 341 125 657 308 165 283 320 200 326 108
internal_value=-2.10767e-06 -0.010204 0.0180945 -0.002912 0.0249132 0.00404195 -0.0177643 -0.0079622 0.00962783 0.0318987 0.0187611 0.0344785 0.0278662 0.0282372 0.0143143 -0.00495517 0.0398591 0.035541 0.0306295 0.00502588 0.00811382 0.0124846 -0.000983525 -0.00680118 0.0149304 0.0196875 0.015193 0.0339308 0.0115902 0.014947
internal_weight=11603 7420 4183 3777 2317 1589 3643 2188 1866 1085 1232 925 415 337 522 1552 510 382 282 999 731 466 1067 410 867 448 895 308 575 434
internal_count=11603 7420 4183 3777 2317 1589 3643 2188 1866 1085 1232 925 415 337 522 1552 510 382 282 999 731 466 1067 410 867 448 895 308 575 434
is_linear=0
shrinkage=0.02


Tree=33
num_leaves=31
num_cat=0
split_feature=0 0 9 9 9 0 2 0 0 8 9 4 2 11 8 12 12 12 12 8 9 9 1 2 3 11 2 9 8 12
split_gain=5143.29 982.152 728.615 564.845 290.641 233.976 160.855 132.686 130.275 117.994 116.275 94.9157 87.5533 112.797 114.605 85.5489 84.6672 81.6187 81.051 81.0742 72.3767 66.3514 62.3317 60.2903 60.2714 56.2836 68.1006 53.8434 52.6179 52.5369
threshold=0.17821576903491917 0.12616858404039746 0.19523313045340213 0.24006578947368423 0.14592386900566548 0.26034486873753454 0.49883104369269493 0.19567327506892615 0.1330348566479472 8.5000000000000018 0.26307501036054709 -0.32869235907671418 0.85863061320111689 0.85604779411764709 8.5000000000000018 65.727941176470594 68.968750000000014 67.424632352941188 69.031250000000014 6.5000000000000009 0.1781525224237997 0.094743890190826921 0.31449024625549987 0.90323259423540703 70.404862137479981 0.88088888888888894 0.70912202278131597 0.11904058860878225 3.5000000000000004 65.093750000000014
decision_type=10 8 2 2 2 10 10 10 10 2 2 2 10 2 2 2 2 2 2 2 2 2 10 10 10 2 8 2 2 2
left_child=1 6 7 4 8 10 -1 23 -3 16 12 -12 29 14 -14 -7 24 -10 25 20 -20 -8 -15 -2 -9 26 -6 -11 -23 -4
right_child=2 3 5 -5 18 15 21 9 17 27 11 -13 13 22 -16 -17 -18 -19 19 -21 -22 28 -24 -25 -26 -27 -28 -29 -30 -31
leaf_value=-0.021178109395415062 -0.0014922822734173317 -0.016576335979625583 0.00049854281146337494 0.037473475255294528 -0.0078427557898358043 0.019308814658092914 -0.019668053090436396 -0.0028669214002381683 -0.01123844020054693 0.0059489495250976314 0.048854198668262745 0.022172952800561866 0.046149603574440395 0.025795991175704535 0.01840014948223782 0.038073786813672475 0.015655755362847711 -0.00031448887329077127 0.0041342568816895974 -0.00074617076239783876 0.022439802924389612 -0.0029720640928828962 0.0094548220405374292 0.014799951691857794 0.013612272840787152 -0.012811914433958009 0.0033409214210332319 0.021619916450503599 -0.012715357455039947 0.016169960256499638
leaf_weight=2019 522 724 101 134 313 116 411 326 534 106 101 113 145 180 101 599 279 561 167 289 179 292 194 110 122 160 716 508 921 560
leaf_count=2019 522 724 101 134 313 116 411 326 534 106 101 113 145 180 101 599 279 561 167 289 179 292 194 110 122 160 716 508 921 560
internal_value=-2.06555e-06 -0.00999994 0.0177326 -0.00285376 -0.00433711 0.0256195 -0.017409 0.00889841 -0.00999397 0.012459 0.021119 0.0347655 0.0188393 0.0242381 0.0347565 0.0350294 0.00700693 -0.00564179 0.00130423 0.00707323 0.0136045 -0.0127231 0.0173196 0.00134339 0.00162072 -0.00177678 -6.09163e-05 0.0189145 -0.0103699 0.0137754
internal_weight=11603 7420 4183 3777 3643 2210 3643 1973 1819 1341 1495 214 1281 620 246 715 727 1095 1824 635 346 1624 374 632 448 1189 1029 614 1213 661
internal_count=11603 7420 4183 3777 3643 2210 3643 1973 1819 1341 1495 214 1281 620 246 715 727 1095 1824 635 346 1624 374 632 448 1189 1029 614 1213 661
is_linear=0
shrinkage=0.02


Tree=34
num_leaves=31
num_cat=0
split_feature=0 0 9 9 9 0 0 0 0 9 5 4 12 10 5 9 12 12 8 8 4 0 11 1 1 9 4 5 4 12
split_gain=4939.62 943.259 699.762 542.478 279.131 224.711 142.322 128.16 125.116 111.67 92.88 91.1571 82.8239 78.8254 105.113 85.0262 78.3866 77.8414 77.8637 76.6559 106.003 107.827 85.2096 76.6579 75.7559 69.5106 64.5621 58.69 63.1538 56.4687
threshold=0.17821576903491917 0.12616858404039746 0.19523313045340213 0.24006578947368423 0.14592386900566548 0.26034486873753454 0.086480685336658869 0.21738909192350006 0.1330348566479472 0.26307501036054709 0.15369607353880865 -0.32869235907671418 67.156250000000014 0.27966179563768839 0.45231884568828135 0.13328343313373256 67.424632352941188 69.031250000000014 6.5000000000000009 7.5000000000000009 -0.37332741825906873 0.21543192014353349 0.85839583333333347 0.31449024625549987 0.37022773192176256 0.1781525224237997 -0.50086951753541975 0.21784107701101538 -0.19668095268989264 67.156250000000014
decision_type=10 8 2 2 2 10 10 10 10 2 2 2 2 2 2 2 2 2 2 2 2 10 2 10 10 2 2 2 2 2
left_child=1 6 7 4 8 9 -1 10 -3 19 -2 -11 -7 14 15 -9 -10 -6 25 22 26 -22 -4 -24 -17 -19 -21 -14 -29 -23
right_child=2 3 5 -5 17 12 -8 13 16 11 -12 -13 27 -15 -16 24 -18 18 -20 20 21 29 23 -25 -26 -27 -28 28 -30 -31
leaf_value=-0.021199441433629538 -0.0052048023541768395 -0.01624480928814049 0.030684794419045959 0.036724005897821328 -0.0017412424756329948 0.024016888035731689 -0.013284941124366512 0.0094884972730390378 -0.011013671425537448 0.047877115043673188 0.0077775497653094364 0.021729493681835917 0.048940858989953998 0.00038972261611644812 0.0082780337710622494 0.039522639715195269 -0.00030819919836871766 0.0040515717632042441 -0.00073124746511654876 0.013465752748674469 0.0091645769220885156 0.017499399812748801 0.025825724931699889 0.0046225942590070847 0.018238502844670337 0.021991006742809072 -0.0077733040400173349 0.027780271032655783 0.045769101586346783 0.03701515443029179
leaf_weight=1738 291 724 322 134 1189 217 1905 107 534 101 909 113 157 123 269 158 561 167 289 114 215 104 140 133 116 179 115 220 121 138
leaf_count=1738 291 724 322 134 1189 217 1905 107 534 101 909 113 157 123 269 158 561 167 289 114 215 104 140 133 116 179 115 220 121 138
internal_value=-2.0242e-06 -0.00979994 0.017378 -0.00279669 -0.00425037 0.0251071 -0.0170608 0.00872044 -0.00979409 0.0206967 0.00462933 0.0340702 0.0343288 0.0150715 0.0178497 0.0246076 -0.00552895 0.00127814 0.00693177 0.0184625 0.0139061 0.0194714 0.0237158 0.015496 0.0305118 0.0133324 0.00279985 0.0388222 0.0341634 0.0286282
internal_weight=11603 7420 4183 3777 3643 2210 3643 1973 1819 1495 1200 214 715 773 650 381 1095 1824 635 1281 686 457 595 273 274 346 229 498 341 242
internal_count=11603 7420 4183 3777 3643 2210 3643 1973 1819 1495 1200 214 715 773 650 381 1095 1824 635 1281 686 457 595 273 274 346 229 498 341 242
is_linear=0
shrinkage=0.02


Tree=35
num_leaves=31
num_cat=0
split_feature=0 0 9 9 3 1 2 11 2 3 4 9 1 5 2 1 9 11 9 0 4 0 11 10 9 4 2 3 3 1
split_gain=4721.17 1257.27 537.129 490.414 180.603 161.751 130.399 124.63 113.631 109.07 107.758 123.537 83.3712 131.828 83.3604 82.5471 82.1154 73.0805 72.5576 69.9625 70.9002 66.2307 62.3515 60.5485 69.534 85.9818 62.7413 57.6423 55.7157 55.5054
threshold=0.19474439909945071 0.12001402018234594 0.16568743985962534 0.21525478292862402 57.717482632191917 0.066906835932621464 0.80215157101949564 0.93781250000000005 0.6928088024389053 61.342189925191413 -0.071534940151286849 0.13328343313373256 0.41419801350424196 0.59027386448500729 0.88752240877480926 0.28433068715000048 0.21464364415733392 0.71643750000000017 0.15340336129385571 0.26034486873753454 -0.32276264421735562 0.26034486873753454 0.78710416666666683 0.20201402047818037 0.18255910067779801 -0.47132665417578862 0.89708594478084069 65.156314408449219 67.967890816910639 0.30108743550613143
decision_type=10 8 2 2 10 10 10 2 10 10 2 2 10 2 10 10 2 2 2 10 2 10 2 2 2 2 10 10 10 10
left_child=1 8 5 6 16 -3 29 12 18 -8 11 -11 13 15 -15 -5 22 -6 -1 20 -17 -14 -4 -13 -25 -26 -27 -7 -9 -2
right_child=3 2 4 7 17 27 9 28 -10 10 -12 23 21 14 -16 19 -18 -19 -20 -21 -22 -23 -24 24 25 26 -28 -29 -30 -31
leaf_value=-0.020635316872141606 3.4289651672346907e-05 -0.015778651079546839 0.021708908282151378 0.021665083122399689 -0.0043136650963325075 -0.0094772121836189868 -0.00084753437418124235 0.032609578061702789 -0.0085767706561710247 -0.0024977964786812661 0.033892184875425911 0.033319439425502181 0.0061533961418213526 0.0063121343136125652 0.029986274433452809 0.042999523132065544 0.029270436238674893 0.005951688756416983 -0.011918879585837682 0.048632089478259317 0.024728176830365711 0.024786351127040324 0.00059169440939701317 0.0096708754195062915 0.0057497763484716411 0.018416519823871304 0.035305112112185053 -0.0025691505334175684 0.053315630392083584 0.011782027415852443
leaf_weight=2354 313 652 108 163 366 675 122 102 468 120 167 106 123 134 107 153 168 1146 456 167 191 201 116 298 100 178 174 1700 106 331
leaf_count=2354 313 652 108 163 366 675 122 102 468 120 167 106 123 134 107 153 168 1146 456 167 191 201 116 298 100 178 174 1700 106 331
internal_value=6.90845e-05 -0.0081014 -0.00171971 0.0200546 0.00660319 -0.00695486 0.0133983 0.0288361 -0.0177012 0.0171279 0.0190466 0.0165064 0.0264312 0.0295184 0.0168231 0.0340578 0.0187006 0.00346682 -0.0192208 0.0380109 0.0328547 0.0177127 0.0107732 0.0191705 0.0171708 0.0221155 0.0267649 -0.00453249 0.0431617 0.00607233
internal_weight=11565 8209 4931 3356 1904 3027 1909 1447 3278 1265 1143 976 1239 915 241 674 392 1512 2810 511 344 324 224 856 750 452 352 2375 208 644
internal_count=11565 8209 4931 3356 1904 3027 1909 1447 3278 1265 1143 976 1239 915 241 674 392 1512 2810 511 344 324 224 856 750 452 352 2375 208 644
is_linear=0
shrinkage=0.02


Tree=36
num_leaves=31
num_cat=0
split_feature=0 0 9 9 8 9 1 2 11 2 4 9 1 5 5 4 2 9 0 10 9 0 4 8 0 12 12 1 8 10
split_gain=4534.21 1207.48 515.858 470.994 245.263 203.408 155.346 125.236 119.695 109.132 103.085 113.412 80.0697 126.607 81.1082 82.7549 80.0594 69.6843 69.4125 77.7209 65.6385 63.608 57.1036 57.0048 89.6417 89.2637 64.2414 53.3074 51.7279 51.5573
threshold=0.19474439909945071 0.12001402018234594 0.16568743985962534 0.21525478292862402 2.5000000000000004 0.19914839384885472 0.066906835932621464 0.80215157101949564 0.93781250000000005 0.6928088024389053 -0.071534940151286849 0.13328343313373256 0.41419801350424196 0.59027386448500729 0.45552565002097589 -0.21675609285655026 0.88752240877480926 0.15340336129385571 0.1573407961764329 0.24232630141896913 0.2592072782290174 0.26034486873753454 -0.37332741825906873 7.5000000000000009 0.25566771427573876 67.343750000000014 69.152573529411782 0.30108743550613143 8.5000000000000018 0.21183096414294875
decision_type=10 8 2 2 2 2 10 10 2 10 2 2 10 2 2 2 10 2 8 2 2 10 2 2 10 2 2 10 2 2
left_child=1 9 6 7 5 -4 29 27 12 17 11 -9 13 14 15 20 -15 -1 19 -6 22 -14 -5 26 25 -25 -13 -2 -20 -3
right_child=3 2 4 8 18 -7 -8 10 -10 -11 -12 23 21 16 -16 -17 -18 -19 28 -21 -22 -23 -24 24 -26 -27 -28 -29 -30 -31
leaf_value=-0.020222610684939381 3.3603700981758083e-05 -0.018563980073258282 0.0044340738594265926 0.020970312290227233 0.010459712320888364 0.028789324027848156 -0.0044418445053853494 -0.0026842409289126994 0.042298466993603283 -0.0084052352718559931 0.030365703279936783 0.0055810591822826883 0.006030328206460529 0.0061858918348938899 0.048208758489898411 0.018993947244165206 0.029386548420118397 -0.011680501840182522 0.010391270839823953 -0.0086216356089791734 0.048648049320887642 0.02429062392838318 0.03953965906594091 0.027106328981517016 0.036451650413333397 0.0072680816737314066 0.020943717859931047 0.01154638681977177 0.00062405445192486567 -0.005262741901372609
leaf_weight=2354 313 500 252 134 111 301 2375 136 208 468 190 271 123 134 121 180 107 456 412 370 108 201 131 172 122 192 182 331 458 152
leaf_count=2354 313 500 252 134 111 301 2375 136 208 468 190 271 123 134 121 180 107 456 412 370 108 201 131 172 122 192 182 331 458 152
internal_value=6.77028e-05 -0.00793937 -0.00168532 0.0196535 0.00647112 0.0176907 -0.00681576 0.0131304 0.0282594 -0.0173472 0.0167854 0.0143851 0.0259026 0.028928 0.0333767 0.0301313 0.0164866 -0.0188364 0.00187864 -0.00421825 0.0355059 0.0173585 0.0301499 0.0168574 0.0216149 0.0166422 0.0117533 0.00595089 0.00524945 -0.0154631
internal_weight=11565 8209 4931 3356 1904 553 3027 1909 1447 3278 1265 1075 1239 915 674 553 241 2810 1351 481 373 324 265 939 486 364 453 644 870 652
internal_count=11565 8209 4931 3356 1904 553 3027 1909 1447 3278 1265 1075 1239 915 674 553 241 2810 1351 481 373 324 265 939 486 364 453 644 870 652
is_linear=0
shrinkage=0.02


Tree=37
num_leaves=31
num_cat=0
split_feature=0 0 9 9 9 1 2 2 3 9 4 9 4 3 9 2 1 10 10 9 4 2 5 12 5 5 3 5 0 1
split_gain=4354.65 1159.66 495.43 452.343 170.825 149.194 120.276 104.81 104.565 104.503 99.6858 114.291 81.9811 78.4682 66.9248 60.2218 59.9532 82.7008 58.4364 66.6093 82.4341 59.9468 57.4687 57.2176 64.711 62.6067 55.3597 53.7106 52.8043 51.1964
threshold=0.19474439909945071 0.12001402018234594 0.16568743985962534 0.21525478292862402 0.24187454294304059 0.066906835932621464 0.80215157101949564 0.6928088024389053 61.342189925191413 0.25460891492535026 -0.071534940151286849 0.13328343313373256 -0.4794900567143951 57.717482632191917 0.15340336129385571 0.94611334033277106 0.37277245187519886 0.35494235322656742 0.20201402047818037 0.18255910067779801 -0.47132665417578862 0.89708594478084069 0.49512127980938742 68.968750000000014 0.51027363056889274 0.31298057354644565 65.156314408449219 0.36820390866694408 0.1307653263536678 0.30108743550613143
decision_type=10 8 2 2 2 10 10 10 10 2 2 2 2 10 2 10 10 2 2 2 2 10 2 2 2 2 10 2 10 10
left_child=1 7 5 6 13 -3 29 14 -8 15 11 -10 -11 22 -1 -5 17 -14 -13 27 -21 -22 -4 -15 25 -25 28 -20 -7 -2
right_child=3 2 4 9 -6 26 8 -9 10 12 -12 18 16 23 -16 -17 -18 -19 19 20 21 -23 -24 24 -26 -27 -28 -29 -30 -31
leaf_value=-0.019818158498715956 3.2931642916303474e-05 -0.015153816378463997 0.0077504854429253315 0.020801791914534868 0.02625606085161997 -0.021607977801672461 -0.0011506421544940258 -0.0082371306236037074 -0.0023941557027574163 0.049144834788708847 0.032607027513538292 0.032347526472909727 0.024427398008108142 -0.00016705066622049378 -0.011446891948223325 0.035425004519299787 0.023974020820354453 0.048786086738109587 0.00018286672361353612 0.0052980980709195135 0.017714761443687287 0.034222956595664052 0.026102414721995593 0.0070147507892390085 -0.002090800910033044 0.026123843995906483 -0.0024289306592579713 0.017189119012112831 -0.0066771861811877366 0.011315459089798238
leaf_weight=2354 313 652 215 707 158 114 122 468 120 116 167 106 100 979 456 134 264 126 141 100 178 174 100 191 154 107 1700 157 561 331
leaf_count=2354 313 652 215 707 158 114 122 468 120 116 167 106 100 979 456 134 264 126 141 100 178 174 100 191 154 107 1700 157 561 331
internal_value=6.63487e-05 -0.00778058 -0.00165161 0.0192605 0.0063417 -0.00667945 0.0128678 -0.0170002 0.0164497 0.0276942 0.0183283 0.0158851 0.034026 0.0045396 -0.0184597 0.0231318 0.0304468 0.0380079 0.0184476 0.0164831 0.0213226 0.0258751 0.0135765 0.00255034 0.00843603 0.0138761 -0.00435301 0.00914254 -0.00919883 0.00583187
internal_weight=11565 8209 4931 3356 1904 3027 1909 3278 1265 1447 1143 976 606 1746 2810 841 490 226 856 750 452 352 315 1431 452 298 2375 298 675 644
internal_count=11565 8209 4931 3356 1904 3027 1909 3278 1265 1447 1143 976 606 1746 2810 841 490 226 856 750 452 352 315 1431 452 298 2375 298 675 644
is_linear=0
shrinkage=0.02


Tree=38
num_leaves=31
num_cat=0
split_feature=0 0 9 9 8 9 1 2 11 9 2 1 1 8 0 2 11 12 2 0 0 2 0 1 12 12 2 0 9 1
split_gain=4182.21 1113.74 475.811 434.43 230.544 193.389 143.286 115.934 113.236 104.639 100.659 76.3648 82.2005 71.9683 98.4378 79.5209 66.589 66.1862 75.351 62.549 60.972 58.0009 60.1931 56.8355 52.4217 50.6585 51.1983 49.5278 54.4079 49.3742
threshold=0.19474439909945071 0.12001402018234594 0.16568743985962534 0.21525478292862402 2.5000000000000004 0.19914839384885472 0.066906835932621464 0.77998178236242832 0.93781250000000005 0.13328343313373256 0.6928088024389053 0.41419801350424196 0.35450746658354154 7.5000000000000009 0.23429410968847028 0.9063618821633993 0.69607692307692315 70.454044117647072 0.91996759249116511 0.24987415467404298 0.26034486873753454 0.89048767149605401 0.1573407961764329 0.30108743550613143 69.152573529411782 70.312500000000014 0.48798291485571671 0.06085197309313068 0.058349046721139754 0.34042637631068823
decision_type=10 8 2 2 2 2 10 10 2 2 10 10 10 2 10 10 2 2 10 10 10 8 10 10 2 2 8 10 2 10
left_child=1 10 6 7 5 -4 -3 23 11 -9 16 12 -5 24 -15 -16 27 18 21 -14 -13 22 -6 -2 -11 26 -8 -1 -29 -26
right_child=3 2 4 8 17 -7 25 9 -10 13 -12 20 19 14 15 -17 -18 -19 -20 -21 -22 -23 -24 -25 29 -27 -28 28 -30 -31
leaf_value=-0.02367027711431563 -0.0017787001087056771 -0.014850740144429213 0.0041665486741574512 0.023300296047559153 -0.0065301417780062321 0.027914428667620172 -0.018956903990417363 0.00052688333923170654 0.040795327926126237 0.0081494066949893817 -0.0080723880401326938 0.0054129563553667647 0.025384425666073667 0.015538705317116741 0.022804221257848561 0.045231645189225678 -0.0105771160439708 0.010702780311851923 0.016021622967454466 0.043074389037858582 0.023290880911830649 -0.01361288289695778 0.0043944639975378513 0.011283766318193748 0.030222305914508963 0.0011056823671084048 -0.0050015872885743112 -0.029716905609781578 -0.016382679130062267 0.011608897228954269
leaf_weight=737 269 652 252 585 341 301 112 161 208 373 468 123 136 349 159 105 404 266 101 194 201 149 494 264 107 542 1721 133 1536 122
leaf_count=737 269 652 252 585 341 301 112 161 208 373 468 123 136 349 159 105 404 266 101 194 201 149 494 264 107 542 1721 133 1536 122
internal_value=6.50218e-05 -0.00762497 -0.00161858 0.0188753 0.00621487 0.0170926 -0.00654586 0.0126104 0.0271403 0.0156779 -0.0166602 0.024848 0.0278026 0.0176856 0.0225093 0.0317242 -0.0180905 0.00176232 -0.000429538 0.035784 0.0165039 -0.00211812 -6.69618e-05 0.00469126 0.0127738 -0.00426595 -0.00585429 -0.0193521 -0.0174453 0.020306
internal_weight=11565 8209 4931 3356 1904 553 3027 1909 1447 1376 3278 1239 915 1215 613 264 2810 1351 1085 330 324 984 835 533 602 2375 1833 2406 1669 229
internal_count=11565 8209 4931 3356 1904 553 3027 1909 1447 1376 3278 1239 915 1215 613 264 2810 1351 1085 330 324 984 835 533 602 2375 1833 2406 1669 229
is_linear=0
shrinkage=0.02


Tree=39
num_leaves=31
num_cat=0
split_feature=0 0 9 9 9 1 2 9 9 2 3 10 9 4 4 3 9 9 1 10 2 5 5 1 3 0 10 0 9 2
split_gain=4016.59 1069.64 456.969 417.226 160.194 137.612 111.343 100.495 98.7524 96.6734 92.6234 78.6774 96.7402 90.9412 78.6616 71.9194 62.7011 59.944 57.6168 79.0312 57.2106 55.4325 55.0079 54.5848 52.9212 50.657 49.5156 48.5813 52.1971 48.5372
threshold=0.19474439909945071 0.12001402018234594 0.16568743985962534 0.21525478292862402 0.24187454294304059 0.066906835932621464 0.77998178236242832 0.13328343313373256 0.25460891492535026 0.6928088024389053 61.342189925191413 0.20681739178356293 0.18255910067779801 -0.43954514471281231 -0.4794900567143951 57.717482632191917 0.15340336129385571 0.20575859548845937 0.37277245187519886 0.35494235322656742 0.94611334033277106 0.49512127980938742 0.37558682177214314 0.30108743550613143 65.156314408449219 0.1307653263536678 0.21183096414294875 0.06085197309313068 0.058349046721139754 0.92091037630122985
decision_type=10 8 2 2 2 10 10 2 2 10 10 2 2 2 2 10 2 2 10 2 10 2 2 10 10 10 2 10 2 10
left_child=1 9 5 6 15 26 23 -8 20 16 -9 22 -13 -14 -10 21 27 -15 19 -16 -5 -4 -12 -2 25 -7 -3 -1 -29 -17
right_child=3 2 4 8 -6 24 7 10 14 -11 11 12 13 17 18 29 -18 -19 -20 -21 -22 -23 -24 -25 -26 -27 -28 28 -30 -31
leaf_value=-0.023329005930929968 -0.0017431264146331518 -0.017592609322071077 0.0072751568981208083 0.019891411823397067 0.025375300140320502 -0.02107273281527389 0.00051634579221573396 0.00072767635499519753 0.047562205548687224 -0.0079109402614820773 0.040996873175399379 0.0082134841118766139 0.0067577496534585958 0.030838100778289721 0.023383167542517187 0.0012668409778107766 -0.01094078812652202 0.014273469435875532 0.022901229904117911 0.047195290021953128 0.034144342791587949 0.02529903555077035 0.020019185410439972 0.011058091130319305 -0.0022994053173152839 -0.0064486847415154737 -0.0045573959842716396 -0.029122568135871028 -0.016046366082525628 0.013995879190607052
leaf_weight=730 269 500 215 707 158 114 161 121 116 468 100 339 125 308 100 1299 456 122 264 126 134 100 100 264 1700 561 152 133 1491 132
leaf_count=730 269 500 215 707 158 114 161 121 116 468 100 339 125 308 100 1299 456 122 264 126 134 100 100 264 1700 561 152 133 1491 132
internal_value=6.37213e-05 -0.00747247 -0.00158621 0.0184977 0.00609057 -0.00641494 0.0123582 0.0153644 0.0265975 -0.016327 0.0173319 0.0191684 0.0166315 0.0217734 0.0327526 0.00434544 -0.0177287 0.0261384 0.0292466 0.036659 0.0221624 0.012997 0.030508 0.00459744 -0.00418063 -0.00891852 -0.0145537 -0.0190436 -0.0171173 0.00244101
internal_weight=11565 8209 4931 3356 1904 3027 1909 1376 1447 3278 1215 1094 894 555 606 1746 2810 430 490 226 841 315 200 533 2375 675 652 2354 1624 1431
internal_count=11565 8209 4931 3356 1904 3027 1909 1376 1447 3278 1215 1094 894 555 606 1746 2810 430 490 226 841 315 200 533 2375 675 652 2354 1624 1431
is_linear=0
shrinkage=0.02


Tree=40
num_leaves=31
num_cat=0
split_feature=0 0 0 9 9 9 1 11 9 12 11 2 2 12 1 11 12 2 10 0 11 2 11 3 9 9 3 3 0 12
split_gain=3703.03 797.273 483.298 399.123 254.762 189.166 154.756 149.787 133.895 107.706 96.5021 94.7292 82.7555 71.2565 76.41 68.9467 84.9341 67.5511 80.3398 74.4682 64.3292 63.7176 65.294 62.3082 59.6588 57.5201 54.2348 49.367 48.402 45.4936
threshold=0.18255447790944893 0.12001402018234594 0.26034486873753454 0.24006578947368423 0.14592386900566548 0.27166581665179146 0.47264077997574533 0.84438541666666678 0.1781525224237997 66.968750000000014 0.67815625000000013 0.5395596084134815 0.68255590421668377 67.343750000000014 0.22431813707393281 0.71806250000000016 69.031250000000014 0.70352707619556409 0.24232630141896913 0.17002158793864461 0.91696691176470602 0.90466365623435874 0.87775000000000014 65.432736462061641 0.19727575982209047 0.20871295772251264 70.987543416455878 68.270349272426373 0.19307334815447069 63.060661764705891
decision_type=10 8 10 2 2 2 10 2 2 2 2 8 8 2 8 2 2 8 2 10 2 10 2 10 2 2 10 10 10 2
left_child=1 10 5 4 13 8 7 9 12 -4 -1 -6 -2 29 -15 -13 17 -17 -19 -20 21 22 28 -14 -23 -18 -9 -22 -10 -3
right_child=2 3 6 -5 11 -7 -8 26 20 -11 -12 15 23 14 -16 16 25 18 19 -21 27 24 -24 -25 -26 -27 -28 -29 -30 -31
leaf_value=-0.017194891454523964 -0.0091946622912700369 0.00048845096230506894 0.0075970132092964687 0.029832673162821958 -0.01638258475078536 0.037417587079437431 0.011412215806129906 0.035613413260395362 0.0044813055378287586 0.03090221750058441 -0.0091052801450276777 -0.0029448947612273446 -3.7065622140497172e-06 0.00064629519616290782 -0.0097081027639468898 -0.010771759001465587 0.0080948655823174908 0.015578620556954827 -0.0043462603278219322 0.01378691937300866 0.013200281129395666 0.010263966407697157 0.0010226685522307813 0.010815001748172671 0.02783003118807463 0.02468718862934214 0.051177855931774333 -0.0057908883638679983 0.017484551241794148 -0.013746354506519136
leaf_weight=2565 130 100 120 149 112 113 171 266 134 234 766 627 298 527 621 154 395 175 390 118 121 106 142 746 286 106 135 100 787 881
leaf_count=2565 130 100 120 149 112 113 171 266 134 234 766 627 298 527 621 154 395 175 390 118 121 106 142 746 286 106 135 100 787 881
internal_value=7.73826e-05 -0.0079693 0.0159804 -0.00233583 -0.00347541 0.0120389 0.0285923 0.0324834 0.0110327 0.0230021 -0.0153346 0.00150806 0.00585314 -0.00833717 -0.00495482 0.00252778 0.00509233 0.00119381 0.00389176 -0.000134223 0.0146608 0.0161879 0.0136463 0.0077269 0.02308 0.0116054 0.0408533 0.00460699 0.0155927 -0.0122953
internal_weight=11575 7686 3889 4355 4206 2963 926 755 2850 354 3331 2077 1174 2129 1148 1965 1338 837 683 508 1676 1455 1063 1044 392 501 401 221 921 981
internal_count=11575 7686 3889 4355 4206 2963 926 755 2850 354 3331 2077 1174 2129 1148 1965 1338 837 683 508 1676 1455 1063 1044 392 501 401 221 921 981
is_linear=0
shrinkage=0.02


Tree=41
num_leaves=31
num_cat=0
split_feature=9 1 9 9 9 1 3 8 10 10 12 12 4 5 1 1 3 1 10 1 5 9 3 10 5 12 9 12 4 9
split_gain=3066.11 737.926 363.795 225.445 170.941 140.345 120.998 114.233 97.4417 77.6707 181.784 128.481 77.1245 77.4274 75.5486 69.3755 80.5554 59.1369 58.4223 59.751 55.8823 55.1579 87.8469 54.312 49.8418 46.5478 62.9784 46.0853 50.548 45.3679
threshold=0.19523313045340213 0.21015274460937333 0.24453002781157659 0.14821987772144352 0.15729406949921873 0.21015274460937333 72.010521064880749 8.5000000000000018 0.28591300667154895 0.27422836796114747 68.156250000000014 71.406250000000014 -0.41669199500111498 0.22437091988689947 0.089175915803824959 0.28309132946616716 64.738358659950364 0.34821156555521449 0.25646420044375057 0.29517599908177511 0.36820390866694408 0.23038845726970036 69.320288313916365 0.19277426020143534 0.40677694276610116 67.303308823529434 0.061152791972498378 71.906250000000014 -0.11958829528462554 0.12956490331184708
decision_type=2 10 2 2 2 10 8 2 2 2 2 2 2 2 8 10 10 10 2 10 2 2 10 2 2 2 2 2 2 2
left_child=1 3 5 14 15 7 12 -2 18 10 -7 17 -4 -14 -1 27 -17 -11 23 -20 -21 22 -19 -6 -15 -16 -27 28 -3 -18
right_child=2 4 6 -5 8 9 -8 -9 -10 11 -12 -13 13 24 25 16 29 21 19 20 -22 -23 -24 -25 -26 26 -28 -29 -30 -31
leaf_value=-0.017796683970611869 0.011038839305273473 -0.010575359907254753 0.034841415455574717 -0.003779100866298039 0.019728303563594819 0.009335913612477242 0.041089792577894746 -0.0076137809591193505 -0.0010594824193623032 0.011614154500940813 0.039588437246864353 -0.0048102478184422152 0.0076439784452015042 0.036787835234167558 -0.014494632517078254 -0.0074329015430272885 0.00014138799317955198 0.031992387921997795 0.0064925370201468473 0.012426078802063352 0.032735307547929034 0.0089973201016839751 0.012235628795269488 0.0036821542655428251 0.020196534268834512 -0.02199339603407454 -0.0079785844213457243 0.0056058950453348778 0.00035054896752127502 0.011144444037464842
leaf_weight=1063 372 676 189 1358 100 155 216 203 487 569 163 133 147 101 1192 284 308 243 150 105 112 117 143 540 256 141 1419 115 226 292
leaf_count=1063 372 676 189 1358 100 155 216 203 487 569 163 133 147 101 1192 284 308 243 150 105 112 117 143 540 256 141 1419 115 226 292
internal_value=7.58349e-05 -0.0060222 0.0174513 -0.0107771 0.00122296 0.0128723 0.0280198 0.00445365 0.00628527 0.0160507 0.0248427 0.0137305 0.023946 0.0198602 -0.0132682 -0.00275553 0.00134251 0.0160308 0.00983731 0.0161988 0.0229083 0.0210269 0.0246732 0.00618937 0.0248904 -0.011519 -0.00924531 -0.00631764 -0.00783783 0.00549621
internal_weight=11575 8568 3007 5173 3395 2098 909 575 1494 1523 318 1205 693 504 3815 1901 884 1072 1007 367 217 503 386 640 357 2752 1560 1017 902 600
internal_count=11575 8568 3007 5173 3395 2098 909 575 1494 1523 318 1205 693 504 3815 1901 884 1072 1007 367 217 503 386 640 357 2752 1560 1017 902 600
is_linear=0
shrinkage=0.02


Tree=42
num_leaves=31
num_cat=0
split_feature=0 0 0 9 9 9 1 11 9 12 2 11 2 12 1 11 12 2 10 0 11 3 2 3 9 2 11 0 10 10
split_gain=3445.9 745.57 451.374 368.241 233.905 176.566 148.652 140.727 120.583 102.55 90.4711 88.9944 78.8492 67.2881 74.2155 65.2012 81.1183 64.6865 78.3094 71.078 62.318 60.8961 73.9573 58.5874 54.0998 51.6115 50.8298 50.6147 48.0377 50.7552
threshold=0.18255447790944893 0.12001402018234594 0.26034486873753454 0.24006578947368423 0.14592386900566548 0.27166581665179146 0.47264077997574533 0.84438541666666678 0.1781525224237997 66.968750000000014 0.5395596084134815 0.67815625000000013 0.68255590421668377 67.343750000000014 0.22431813707393281 0.71806250000000016 69.031250000000014 0.70352707619556409 0.24232630141896913 0.17002158793864461 0.91696691176470602 61.563690950670825 0.84742337259802392 70.917803255435416 0.20871295772251264 0.92091037630122985 0.62839583333333349 0.21216609102400516 0.32613392841329725 0.25984564252013803
decision_type=10 8 10 2 2 2 10 2 2 2 8 2 8 2 8 2 2 8 2 10 2 10 10 10 2 10 2 10 2 2
left_child=1 11 5 4 13 8 7 9 12 -4 -6 -1 -2 -3 -15 -12 17 -17 -19 -20 21 -10 28 26 -18 -9 27 -14 29 -23
right_child=2 3 6 -5 10 -7 -8 25 20 -11 15 -13 23 14 -16 16 24 18 19 -21 -22 22 -24 -25 -26 -27 -28 -29 -30 -31
leaf_value=-0.0165969115283057 -0.008969647714151787 -0.011839663201988608 0.0071951532141926386 0.028658722812097345 -0.01604363590345851 0.036125086723472428 0.01076564882299182 0.031854266737672415 0.003234519829663138 0.029935718205813162 -0.0028851271450424498 -0.0088283494873186361 -0.0088500035732810255 0.00081358631679159105 -0.0093910409896462051 -0.01058830308836776 0.0078912640805297272 0.015299166761817678 -0.0043289008546196737 0.013386713026280878 0.0041816968578693558 0.015840622278061722 0.021741142733838915 0.015549503094636976 0.02398271923990182 0.046237202422153727 0.0085427913422657098 0.0088970788591767411 0.019577644566908994 0.0020515321420063659
leaf_weight=2565 130 981 120 149 112 113 171 187 144 234 627 766 171 527 621 154 395 175 390 118 221 195 648 271 106 214 499 103 232 236
leaf_count=2565 130 981 120 149 112 113 171 187 144 234 627 766 171 527 621 154 395 175 390 118 221 195 648 271 106 214 499 103 232 236
internal_value=7.43182e-05 -0.00768797 0.0154153 -0.00224022 -0.00333483 0.0116062 0.0276035 0.0314171 0.0106341 0.0222271 0.00144028 -0.0148104 0.00571871 -0.00799332 -0.00470651 0.00243682 0.00493074 0.00112081 0.00376093 -0.000213857 0.0140771 0.0155802 0.0169362 0.00754772 0.0112958 0.0395299 0.00474243 -0.00217866 0.01224 0.00829022
internal_weight=11575 7686 3889 4355 4206 2963 926 755 2850 354 2077 3331 1174 2129 1148 1965 1338 837 683 508 1676 1455 1311 1044 501 401 773 274 663 431
internal_count=11575 7686 3889 4355 4206 2963 926 755 2850 354 2077 3331 1174 2129 1148 1965 1338 837 683 508 1676 1455 1311 1044 501 401 773 274 663 431
is_linear=0
shrinkage=0.02


Tree=43
num_leaves=31
num_cat=0
split_feature=9 2 9 9 2 2 3 1 10 9 3 2 4 9 1 12 1 2 12 10 10 9 12 1 8 9 4 11 10 10
split_gain=2833.02 861.695 336.201 280.434 240.871 231.656 115.199 114.814 91.3991 74.0504 72.9513 94.7237 72.2166 71.8667 72.7814 71.3193 70.6195 67.3044 65.3611 77.1012 70.3906 84.1514 67.7702 95.5278 59.6723 54.7041 51.5047 47.4665 47.0964 55.8926
threshold=0.19523313045340213 0.70352707619556409 0.24453002781157659 0.13328343313373256 0.89896241200847349 0.5395596084134815 72.010521064880749 0.090963827503894742 0.31106203618117828 0.25998405103668271 59.915840749872352 0.93917518424081659 -0.45056271300393896 0.1662191642893103 0.25423561489442276 67.727941176470594 0.15761380926739385 0.88001792271744472 68.718750000000014 0.27163752248318895 0.32440036415183182 0.21525478292862402 66.343750000000014 0.32198265211259608 9.5000000000000018 0.064596175122490926 -0.30326600170117113 0.53048076923076937 0.12590429968601755 0.10556510338229302
decision_type=2 10 2 2 10 8 8 8 2 2 10 10 2 2 10 2 8 10 2 2 2 2 2 10 2 2 2 2 2 2
left_child=1 5 4 17 16 -1 9 27 10 -4 -5 13 -11 14 -12 -10 -2 28 22 -20 -21 -22 23 -18 -19 -9 -14 -7 29 -3
right_child=2 3 6 8 -6 7 -8 25 15 12 11 -13 26 -15 -16 -17 18 24 19 20 21 -23 -24 -25 -26 -27 -28 -29 -30 -31
leaf_value=-0.01614700667199236 -0.0032284684445937919 -0.01032347341055994 0.013683719585285239 -0.0068007890262851744 0.024584051104609358 -0.021647431587002108 0.039687549221432875 -0.017353101913232982 -0.016644842973599833 0.041717205264351583 -0.0028853817294622144 0.022469604883646205 0.012646006084978581 0.011169379233426991 0.008308578451871872 0.0061626991225720044 0.0042596198846849634 0.01152239156158074 0.027702078251480657 0.002518842771430226 0.0056896141431864019 0.030528665421659062 0.0016577975267417129 0.024804293861541944 -0.0081752869750263985 -0.005337592420761191 0.028710045250560041 -0.0060365612657283839 -0.012498908951675349 0.0078832379356026643
leaf_weight=2044 179 154 230 137 494 294 216 161 120 110 434 172 122 840 500 101 212 138 149 204 103 116 483 158 111 2586 231 106 550 120
leaf_count=2044 179 154 230 137 494 294 216 161 120 110 434 172 122 840 500 101 212 138 149 204 103 116 483 158 111 2586 231 106 550 120
internal_value=7.28319e-05 -0.00578883 0.0167748 0.00207487 0.0123729 -0.0109046 0.0269345 -0.00749955 0.006008 0.0229596 0.00730551 0.0082986 0.0275674 0.00692464 0.0031071 -0.00622149 0.00861206 -0.00637054 0.0100994 0.0153301 0.0109721 0.0188464 0.00659183 0.0130328 0.0027415 -0.00604181 0.0231582 -0.0175106 -0.00912406 -0.00234973
internal_weight=11575 8568 3007 3377 2098 5191 909 3147 2304 693 2083 1946 463 1774 934 221 1604 1073 1425 572 423 219 853 370 249 2747 353 400 824 274
internal_count=11575 8568 3007 3377 2098 5191 909 3147 2304 693 2083 1946 463 1774 934 221 1604 1073 1425 572 423 219 853 370 249 2747 353 400 824 274
is_linear=0
shrinkage=0.02


Tree=44
num_leaves=31
num_cat=0
split_feature=0 0 0 11 10 1 11 2 8 3 12 11 12 12 3 8 8 2 11 2 11 1 11 5 3 11 3 5 1 10
split_gain=3204.14 692.578 422.2 265.149 144.346 142.475 133.27 120.089 118.62 114.401 83.8617 82.8096 79.1794 79.0327 77.1076 75.9566 73.4865 67.1434 101.511 64.1137 61.9939 56.3244 48.7649 47.7686 45.7042 54.7242 45.8842 45.4092 44.996 44.8962
threshold=0.18255447790944893 0.12001402018234594 0.26034486873753454 0.71643750000000017 0.32243258680480014 0.47264077997574533 0.8728125000000001 0.68532667038546913 6.5000000000000009 65.361090934829406 72.818014705882362 0.67815625000000013 68.393382352941188 69.031250000000014 66.902640124978731 4.5000000000000009 5.5000000000000009 0.9444728092069008 0.8716666666666667 0.30534956832030385 0.82129166666666686 0.38166505362839936 0.75464285714285728 0.20652094489538725 65.432736462061641 0.62581730769230781 66.000043816704633 0.40371318794358596 0.32735023530211688 0.23449775596396313
decision_type=10 8 10 2 2 10 2 8 2 10 2 2 2 2 10 2 2 10 2 8 2 10 2 2 10 2 10 2 10 2
left_child=1 11 4 19 7 6 12 -2 13 28 14 -1 16 -5 -11 22 -4 18 23 -3 27 -14 -16 -6 25 -21 -26 -10 -9 -15
right_child=2 3 5 8 17 -7 -8 9 20 10 -12 -13 21 29 15 -17 -18 -19 -20 24 -22 -23 -24 -25 26 -27 -28 -29 -30 -31
leaf_value=-0.016001626067805752 -0.0066109318006783721 -0.021427907711929747 0.0029195150944576103 0.0040125143860709599 0.011973165994584561 0.010167885350488258 0.04087841701052957 0.0066989108840414717 -0.011647175200362229 0.021788268756847515 0.028297271175742798 -0.0085078698135523361 0.04205337473436406 0.004917256604427489 -0.010061419273734884 0.012328264497682491 0.025349902569695756 0.030947133141523558 0.0062480624136688713 -0.012179123880162812 0.0043434992356486219 0.02189801342923332 0.0072864313315796226 0.026927352005305393 0.0093920482999573524 -0.0020329311260532949 -0.0044009309836935085 0.00084914690573808507 -0.0049092149200538797 0.020335219824969303
leaf_weight=2565 192 108 103 606 125 171 295 367 284 236 131 766 114 107 113 758 135 141 268 677 372 108 152 270 104 310 1333 197 210 257
leaf_count=2565 192 108 103 606 125 171 295 367 284 236 131 766 114 107 113 758 135 141 268 677 372 108 152 270 104 310 1333 197 210 257
internal_value=7.13753e-05 -0.00741366 0.0148644 -0.00216308 0.0111805 0.0266521 0.0303856 0.00848664 0.00365285 0.00996033 0.0130679 -0.0142784 0.0236566 0.00843699 0.0114833 0.00910598 0.0156426 0.0184143 0.0157489 -0.00635046 -0.0017875 0.0322481 -0.000110954 0.022195 -0.00567869 -0.00899238 -0.00340269 -0.00652914 0.00247412 0.015803
internal_weight=11575 7686 3889 4355 2963 926 755 2159 1823 1967 1390 3331 460 970 1259 1023 238 804 663 2532 853 222 265 395 2424 987 1437 481 577 364
internal_count=11575 7686 3889 4355 2963 926 755 2159 1823 1967 1390 3331 460 970 1259 1023 238 804 663 2532 853 222 265 395 2424 987 1437 481 577 364
is_linear=0
shrinkage=0.02


Tree=45
num_leaves=31
num_cat=0
split_feature=0 11 9 0 3 9 9 0 3 11 4 5 0 4 12 11 5 0 3 12 5 8 12 3 6 0 3 3 8 0
split_gain=3081.8 614.029 407.034 246.494 209.179 180.028 120.469 101.743 96.2651 78.3812 72.2668 93.1574 80.4787 68.0846 73.2813 62.3798 58.9617 79.2681 53.6102 64.7835 53.5453 53.3194 52.8715 48.868 48.5702 47.1816 44.6982 71.1745 77.9429 48.2957
threshold=0.18255447790944893 0.70062500000000016 0.25460891492535026 0.097340829550948374 76.000727188770796 0.16929121725731897 0.21464364415733392 0.11648029609616926 61.563690950670825 0.80905982905982909 -0.50086951753541975 0.59027386448500729 0.28673688560099481 -0.21201653767007914 68.093750000000014 0.77759615384615388 0.67605835086225241 0.2455845629883909 70.649622909887412 66.909926470588246 -0.10989045470637741 10.500000000000002 69.303308823529434 74.342155295928592 3.5000000000000004 0.21635682996753364 67.967890816910639 66.7018192631989 8.5000000000000018 0.22796945624854767
decision_type=10 2 2 10 8 2 2 10 10 2 2 2 10 2 2 2 2 10 10 2 2 2 2 10 2 10 10 10 2 10
left_child=1 3 5 -1 7 18 15 -3 9 -7 22 12 20 -4 -15 -6 -13 -18 19 21 -12 -2 -10 26 -9 -21 27 28 -22 -28
right_child=2 4 13 -5 6 8 -8 24 10 -11 11 16 -14 14 -16 -17 17 -19 -20 25 23 -23 -24 -25 -26 -27 29 -29 -30 -31
leaf_value=-0.016188996623433184 -0.010512594484655751 -0.010300201806801476 0.034338960453997529 -0.0073365147155148311 0.014244430650223317 0.01526107246448335 0.026616936464483543 -0.0058101287309240404 0.001031347927141008 -0.0071860266640020988 0.006736671655289829 0.00022973866084048265 0.037307296156320932 0.0084621571897054611 0.031764739492738787 -0.0017724802167517759 0.0082388582587558431 0.029696209026391016 0.011699872956333322 0.0010762609953669858 0.02937906348903974 0.0051051569538675757 0.018770925703586318 0.032317784511744975 0.0021857330875528496 0.015036121581852769 0.0085864811328218923 0.037780039020559208 0.0095992053821682931 0.021838137013229293
leaf_weight=2463 218 514 388 2572 179 114 150 419 197 137 125 158 106 106 110 213 212 102 310 211 150 146 102 125 1106 179 246 106 170 199
leaf_count=2463 218 514 388 2572 179 114 150 419 197 137 125 158 106 106 110 213 212 102 310 211 150 146 102 125 1106 179 246 106 170 199
internal_value=-0.000186677 -0.00760105 0.0142294 -0.0116669 0.000330658 0.0114766 0.0113741 -0.00260487 0.0146834 0.00300907 0.01615 0.0177456 0.0206502 0.0293289 0.0203292 0.00554136 0.0101948 0.0152091 0.00469843 0.00181985 0.0190752 -0.00424833 0.00708298 0.0206237 -1.11627e-05 0.00748348 0.0189454 0.0235761 0.018871 0.0145125
internal_weight=11533 7616 3917 5035 2581 3313 542 2039 2249 251 1998 1699 1227 604 216 392 472 314 1064 754 1121 364 299 996 1525 390 871 426 320 445
internal_count=11533 7616 3917 5035 2581 3313 542 2039 2249 251 1998 1699 1227 604 216 392 472 314 1064 754 1121 364 299 996 1525 390 871 426 320 445
is_linear=0
shrinkage=0.02


Tree=46
num_leaves=31
num_cat=0
split_feature=0 0 9 9 9 9 3 3 0 0 8 12 10 4 4 12 1 8 0 5 3 7 12 4 9 1 4 12 4 3
split_gain=2959.76 592.452 391.751 303.102 173.394 142.929 84.2356 75.1779 71.096 66.6796 114.873 107.901 99.8842 79.5144 65.3885 70.3793 64.0481 58.2109 58.0488 56.0316 55.8518 76.5079 63.62 52.9772 56.2652 70.4685 52.5445 51.0867 48.0543 47.4914
threshold=0.18255447790944893 0.12001402018234594 0.19523313045340213 0.14592386900566548 0.25460891492535026 0.23710560625814867 60.872986300134734 71.651613773046904 0.096473971447905163 0.21842143942943007 8.5000000000000018 68.718750000000014 0.29360368348661509 -0.42147477588520144 -0.21201653767007914 68.093750000000014 0.37925185072892048 4.5000000000000009 0.17949179052974226 0.37798420364217256 70.649622909887412 1.0000000180025095e-35 66.909926470588246 -0.083666074482757855 0.1781525224237997 0.32198265211259608 -0.36759959504554018 67.968750000000014 -0.030010861181372344 68.000096059698578
decision_type=10 8 2 2 2 2 10 8 10 10 2 2 2 2 2 2 10 2 8 2 10 2 2 2 2 8 2 2 2 10
left_child=1 8 20 18 6 7 -4 -5 -1 10 19 13 -13 -11 -6 -16 -14 -15 27 -8 22 26 -2 24 25 -9 -22 28 -3 -12
right_child=2 3 4 5 14 -7 9 23 -10 11 29 12 16 17 15 -17 -18 -19 -20 -21 21 -23 -24 -25 -26 -27 -28 -29 -30 -31
leaf_value=-0.015983710665809354 -0.00051740435235977835 -0.0110406086319306 0.0010808620078708319 -0.0017150691468254659 0.033652181176171088 0.020629753652546139 0.030905006907316818 0.011877506079152228 -0.0098166041272597388 0.0025305644597858191 0.0093037440488809974 0.041866481025606909 0.032193444784697108 0.0074026359052204336 0.0082929141229053718 0.031129444365474313 0.011685489150109115 0.024517760156387732 -0.013510518953799939 0.012080521857779887 0.018333120881140027 0.026907016425676968 0.0085708603287217733 -0.0070783071755205545 0.014356460830707938 -0.0068641058025846937 0.0028160395204591066 -0.0017868705040356074 0.0028951808235101535 -0.0088580355756353625
leaf_weight=2148 538 751 136 1333 388 162 119 160 1147 150 134 145 111 111 106 110 135 280 569 135 135 115 721 103 317 161 247 651 114 101
leaf_count=2148 538 751 136 1333 388 162 119 160 1147 150 134 145 111 111 106 110 135 280 569 135 135 115 721 103 317 161 247 651 114 101
internal_value=-0.000182943 -0.00744903 0.0139448 -0.00257791 0.0196464 0.00253714 0.0161179 0.00112393 -0.0138369 0.017557 0.0115759 0.0206952 0.0286999 0.0149099 0.0287423 0.0199226 0.0209391 0.019659 -0.0080634 0.0208999 0.00692828 0.0126053 0.00468723 0.00623106 0.00837975 0.00247751 0.00829982 -0.00601893 -0.00920398 0.00149804
internal_weight=11533 7616 3917 4321 2161 2236 1557 2074 3295 1421 489 932 391 541 604 216 246 391 2085 254 1756 497 1259 741 638 321 382 1516 865 235
internal_count=11533 7616 3917 4321 2161 2236 1557 2074 3295 1421 489 932 391 541 604 216 246 391 2085 254 1756 497 1259 741 638 321 382 1516 865 235
is_linear=0
shrinkage=0.02


Tree=47
num_leaves=31
num_cat=0
split_feature=0 11 9 0 2 9 9 0 2 2 11 11 4 4 12 2 9 6 2 12 4 10 2 12 4 2 4 0 9 11
split_gain=2842.55 572.582 376.238 227.361 183.619 166.527 127.737 91.0948 86.0961 80.5211 87.9992 80.3764 65.4767 62.7991 67.5923 55.6722 52.2056 49.6919 46.52 45.2023 52.0037 44.8133 42.589 41.6482 58.1053 41.2828 40.8794 38.1921 39.7921 37.5627
threshold=0.18255447790944893 0.70062500000000016 0.19523313045340213 0.097340829550948374 0.91996759249116511 0.25460891492535026 0.17786016173887589 0.12232491928243314 0.67436989893508559 0.89174468006221985 0.85604779411764709 0.86775000000000013 -0.23648299680227816 -0.21201653767007914 68.093750000000014 0.5259369238614523 0.21103009286749166 1.5000000000000002 0.70644668071175987 68.718750000000014 -0.33527464876079266 0.29850417666058454 0.92244355581758553 69.090073529411782 -0.46919832621914298 0.94789957042776918 -0.31167982579022208 0.067727944714140537 0.059858223270786944 0.4389903846153847
decision_type=10 2 2 10 8 2 2 10 8 10 2 2 2 2 2 8 2 2 10 2 2 2 10 2 2 8 2 8 2 2
left_child=1 3 8 27 7 9 -6 -3 -2 11 -11 18 16 -7 -15 29 -8 25 -4 20 -20 -19 -12 24 -9 -10 -24 -1 -29 -5
right_child=2 4 5 15 6 13 12 23 17 10 22 -13 -14 14 -16 -17 -18 21 19 -21 -22 -23 26 -25 -26 -27 -28 28 -30 -31
leaf_value=-0.018733966992475929 -0.0075962775470198775 -0.0090204581727685272 0.0041076568178832528 -0.0079892874192119684 -0.0012865632304768543 0.032979137403602456 0.013566356688263077 0.0078492865922263552 -0.0097071153656491695 0.031999233624942246 0.0053154779012836171 0.0034023912854260641 0.006049552758254844 0.0081270556517367108 0.030506855474954301 -0.0057397822496534842 0.032813695431465194 0.010635550301609946 0.0032688434695404382 0.024882965804197483 0.019754020193591716 -0.001914578520655632 0.012538196797549193 0.0050741513410512999 -0.0047163321912281073 0.0081163894582320668 0.027992196684953438 -0.023974603587830511 -0.012599777042654761 -0.019757231168802108
leaf_weight=942 152 602 110 228 231 388 102 184 106 210 109 289 122 106 110 2137 126 1271 124 241 200 125 140 478 736 102 134 135 1386 207
leaf_count=942 152 602 110 228 231 388 102 184 106 210 109 289 122 106 110 2137 126 1271 124 241 200 125 140 478 736 102 134 135 1386 207
internal_value=-0.000179285 -0.00730005 0.0136659 -0.0112263 0.000359287 0.0192535 0.0102567 -0.00251591 0.00678972 0.0157955 0.0215945 0.0122283 0.0178753 0.0281674 0.0195242 -0.00706735 0.024203 0.00815298 0.0160071 0.0183238 0.0134449 0.00951179 0.0158895 0.000285045 -0.00220321 -0.000966743 0.020096 -0.0155693 -0.0136094 -0.0135892
internal_weight=11533 7616 3917 5035 2581 2161 581 2000 1756 1557 593 964 350 604 216 2572 228 1604 675 565 324 1396 383 1398 920 208 274 2463 1521 435
internal_count=11533 7616 3917 5035 2581 2161 581 2000 1756 1557 593 964 350 604 216 2572 228 1604 675 565 324 1396 383 1398 920 208 274 2463 1521 435
is_linear=0
shrinkage=0.02


Tree=48
num_leaves=31
num_cat=0
split_feature=0 11 9 0 3 9 9 0 3 0 8 12 10 4 11 1 11 8 11 3 7 12 4 1 0 4 8 3 9 4
split_gain=2729.99 549.908 361.339 218.358 190.787 159.933 107.865 89.9019 80.2538 62.9046 110.373 101.647 95.5157 75.292 61.4327 61.4003 60.9972 56.0224 54.7708 53.7121 73.4141 61.0039 52.3142 69.9825 51.8993 50.5427 47.1763 45.8403 45.3431 39.2659
threshold=0.18255447790944893 0.70062500000000016 0.19523313045340213 0.097340829550948374 76.000727188770796 0.25460891492535026 0.21464364415733392 0.11648029609616926 60.872986300134734 0.21842143942943007 8.5000000000000018 68.718750000000014 0.29360368348661509 -0.42147477588520144 0.77759615384615388 0.37925185072892048 0.84572916666666675 4.5000000000000009 0.87033333333333351 70.649622909887412 1.0000000180025095e-35 66.909926470588246 -0.43204385642294313 0.41419801350424196 0.25566771427573876 -0.36759959504554018 8.5000000000000018 68.000096059698578 0.16658415841584159 -0.27402992312078628
decision_type=10 2 2 10 8 2 2 10 10 10 2 2 2 2 2 10 2 2 2 10 2 2 2 10 10 2 2 10 2 2
left_child=1 3 19 -1 7 8 14 -3 -4 10 18 13 -13 -11 -6 -14 -7 -15 -10 21 25 26 -18 24 -24 -21 28 -12 -2 -23
right_child=2 4 5 -5 6 16 -8 -9 9 11 27 12 15 17 -16 -17 22 -19 -20 20 -22 29 23 -25 -26 -27 -28 -29 -30 -31
leaf_value=-0.015257943197797457 -0.012876831306827931 -0.0096850783043225738 0.00080229793839594905 -0.0069260010410552488 0.014016454535791412 0.017061291623930015 0.025322242531180383 -1.3297087705281914e-05 0.028010808748564989 0.002271073990315199 0.0088653044430400015 0.040577071759207495 0.031131702234616154 0.0069147693285265491 -0.0018784029278554406 0.011052135295338102 0.043321923763902336 0.023705078051159425 0.0091511617444810407 0.017843921589078725 0.026230702959972877 0.0037634390459600139 0.024779881094977006 0.014327698623368499 0.044109697634265539 0.0026252989359350819 0.0053042170905104992 -0.0089779796532475122 0.0040612110525074571 0.013104689341382009
leaf_weight=2463 169 514 136 2572 179 161 150 1525 149 150 134 145 111 111 213 135 111 280 105 135 115 374 118 109 105 247 268 101 101 347
leaf_count=2463 169 514 136 2572 179 161 150 1525 149 150 134 145 111 111 213 135 111 280 105 135 115 374 118 109 105 247 268 101 101 347
internal_value=-0.000175699 -0.00715405 0.0133926 -0.0110018 0.000352101 0.0188684 0.0108989 -0.0024514 0.0154796 0.0168843 0.011075 0.0199324 0.0277016 0.0143172 0.00537971 0.0201124 0.0276041 0.0189385 0.0202145 0.00665392 0.0122211 0.00445622 0.0314357 0.0274616 0.0338814 0.00800361 -0.000640283 0.00119649 -0.00654075 0.00825916
internal_weight=11533 7616 3917 5035 2581 2161 542 2039 1557 1421 489 932 391 541 392 246 604 391 254 1756 497 1259 443 332 223 382 538 235 270 721
internal_count=11533 7616 3917 5035 2581 2161 542 2039 1557 1421 489 932 391 541 392 246 604 391 254 1756 497 1259 443 332 223 382 538 235 270 721
is_linear=0
shrinkage=0.02


Tree=49
num_leaves=31
num_cat=0
split_feature=0 0 9 9 9 9 2 2 11 11 3 2 3 0 12 4 12 11 2 5 8 11 12 5 4 12 8 2 3 4
split_gain=2621.88 532.39 347.03 274.624 153.6 130.29 82.9101 77.3935 83.5512 75.6008 69.3735 65.3401 64.0772 62.0037 61.7288 59.6641 64.7792 57.1559 54.1462 50.7211 64.272 50.3169 47.1019 43.4991 43.4461 41.9622 41.0421 40.6174 39.6707 38.717
threshold=0.18255447790944893 0.12001402018234594 0.19523313045340213 0.14592386900566548 0.25460891492535026 0.23710560625814867 0.67436989893508559 0.89174468006221985 0.85604779411764709 0.86775000000000013 71.651613773046904 0.78879949239181524 70.649622909887412 0.096473971447905163 66.909926470588246 -0.21201653767007914 68.093750000000014 0.71643750000000017 0.5259369238614523 0.60832683849333502 9.5000000000000018 0.76593750000000005 67.343750000000014 0.56511253502485803 -0.26301725910459234 67.343750000000014 8.5000000000000018 0.92244355581758553 71.156516639393587 -0.31167982579022208
decision_type=10 8 2 2 2 2 8 10 2 2 8 10 10 10 2 2 2 2 10 2 2 2 2 2 2 2 2 10 10 2
left_child=1 13 6 18 7 10 -2 9 -9 19 11 -5 14 -1 26 23 -17 -12 -3 20 -4 -19 -14 -6 -16 28 -8 -10 -20 -29
right_child=2 3 4 5 15 -7 12 8 27 -11 17 -13 22 -15 24 16 -18 21 25 -21 -22 -23 -24 -25 -26 -27 -28 29 -30 -31
leaf_value=-0.015071230041850845 -0.007596465047252806 -0.011570046430537191 0.024252566464257413 -0.0050590939462580829 0.036088391015981582 0.019749608586231867 -0.0057333479764369822 0.030993631903259527 0.0049699463394530328 0.0031130675053720244 -0.0022996790893375875 0.0040688720000446729 0.023228872763533744 -0.0093119576740108671 0.0046518403058742989 0.0074698150551544039 0.029378952363675295 0.022156719876668202 -0.0064092037428230778 0.0061766058080986643 0.00943718025115905 0.006576732852825529 0.0095383624899220629 0.021424274587112928 0.01487094836847784 -0.0014745115498909329 0.0058078827108900112 0.012049092693919584 -0.019841399953883385 0.027088809199909223
leaf_weight=2148 152 832 308 828 273 162 247 210 109 289 228 505 155 1147 362 106 110 104 494 178 189 409 286 115 308 652 246 140 107 134
leaf_count=2148 152 832 308 828 273 162 247 210 109 289 228 505 155 1147 362 106 110 104 494 178 189 409 286 115 308 652 246 140 107 134
internal_value=-0.000172185 -0.00701097 0.0131248 -0.00239336 0.018491 0.00247547 0.00652085 0.01517 0.0208552 0.0116727 0.00112618 -0.00160101 0.00785865 -0.0130664 0.00539709 0.027052 0.0186272 0.00603219 -0.00761479 0.0153376 0.0186185 0.00973525 0.0143502 0.0317421 0.00934958 -0.00498847 2.55623e-05 0.0152963 -0.00880063 0.0194043
internal_weight=11533 7616 3917 4321 2161 2236 1756 1557 593 964 2074 1333 1604 3295 1163 604 216 741 2085 675 497 513 441 388 670 1253 493 383 601 274
internal_count=11533 7616 3917 4321 2161 2236 1756 1557 593 964 2074 1333 1604 3295 1163 604 216 741 2085 675 497 513 441 388 670 1253 493 383 601 274
is_linear=0
shrinkage=0.02


Tree=50
num_leaves=31
num_cat=0
split_feature=0 0 0 9 10 9 9 9 8 9 8 1 3 7 11 11 3 8 10 11 3 3 0 0 9 8 4 10 1 4
split_gain=2582.13 428.218 425.93 270.219 126.121 116.639 111.844 88.8997 79.0883 75.4981 69.0982 68.5201 74.7281 67.903 63.4708 73.497 65.8009 63.5052 75.5389 68.6461 58.5609 72.6289 57.2001 53.849 83.3248 50.5574 47.7149 40.3339 94.2153 62.7077
threshold=0.16065607355345912 0.10781923636184194 0.22560343104116773 0.23746584906805904 0.39735125585313663 0.19727575982209047 0.15446722699424281 0.16568743985962534 2.5000000000000004 0.20275993145130014 4.5000000000000009 0.29965635229544202 60.872986300134734 1.0000000180025095e-35 0.93781250000000005 0.91696691176470602 62.415567738097444 4.5000000000000009 0.26859346132069856 0.83483455882352953 65.520067208083859 68.406331682342383 0.15906909038334585 0.12616858404039746 0.18586658269983361 12.500000000000002 -0.27236667877611909 0.25591641070334537 0.2361129979772795 -0.30890225379546005
decision_type=10 8 10 2 2 2 2 2 2 2 2 10 10 2 2 2 10 2 2 2 10 10 8 10 2 2 2 2 10 2
left_child=1 -1 4 6 7 13 22 10 9 -8 -2 12 -9 26 15 16 -7 19 -19 -18 -13 -22 -3 -10 -25 -20 -4 28 29 -14
right_child=2 3 5 -5 -6 14 8 11 23 -11 -12 20 27 -15 -16 -17 17 18 25 -21 21 -23 -24 24 -26 -27 -28 -29 -30 -31
leaf_value=-0.014564392616391654 -0.0067093126699778608 -0.005852205002183042 0.00056812154357226531 0.027648011251137805 0.027809111765115566 0.0059864999695655409 0.00057349178129462175 -0.0050800150122014007 -0.012232340247354518 0.017582506903193212 0.0038422939411432728 -0.0057703325159595784 0.013867358115812143 0.021977279893328233 0.030993646619043181 0.0038698576199619667 0.003485896876925148 0.038235367004503341 0.025652076966833554 0.023690488618779017 0.017675255322147435 0.00089295698292955435 -0.013058098045115669 0.0051714064641894143 -0.0096780049039273883 0.011336659391531508 0.01332462409792675 0.0096015199812271405 0.0050428277411511246 0.034345156232551702
leaf_weight=2741 331 1659 245 104 101 109 324 101 236 154 993 207 105 154 210 115 127 149 400 143 164 278 600 363 259 131 225 563 142 139
leaf_count=2741 331 1659 245 104 101 109 324 101 236 154 993 207 105 154 210 115 127 149 400 143 164 278 600 363 259 131 225 563 142 139
internal_value=-0.000139647 -0.00857329 0.0104435 -0.00413381 0.00582412 0.0176302 -0.00505323 0.00508959 -0.000466091 0.00605338 0.00120439 0.00811726 0.011275 0.0104515 0.0208668 0.0190554 0.0207044 0.0223931 0.0256515 0.0141868 0.00300851 0.00711987 -0.00776612 -0.00409815 -0.00101187 0.0221204 0.00667496 0.0130156 0.0179952 0.025533
internal_weight=11572 6440 5132 3699 3124 2008 3595 3023 1336 478 1324 1699 1050 624 1384 1174 1059 950 680 270 649 442 2259 858 622 531 470 949 386 244
internal_count=11572 6440 5132 3699 3124 2008 3595 3023 1336 478 1324 1699 1050 624 1384 1174 1059 950 680 270 649 442 2259 858 622 531 470 949 386 244
is_linear=0
shrinkage=0.02


Tree=51
num_leaves=31
num_cat=0
split_feature=0 0 0 9 2 12 9 8 9 2 11 2 8 8 9 2 12 0 0 0 9 2 9 11 12 12 12 4 12 11
split_gain=2479.88 411.26 409.063 259.519 148.099 131.632 107.415 98.4039 78.5031 78.0897 81.0409 89.0591 82.2144 75.9564 72.5084 58.8349 58.5294 54.935 52.481 51.7165 80.0252 45.4286 43.6487 87.1049 60.744 43.5969 42.9319 56.2376 49.6961 85.4368
threshold=0.16065607355345912 0.10781923636184194 0.22560343104116773 0.23746584906805904 0.70352707619556409 68.27389705882355 0.15446722699424281 3.5000000000000004 0.19523313045340213 0.93917518424081659 0.64665178571428583 0.91165143277388194 2.5000000000000004 2.5000000000000004 0.20275993145130014 0.87352095870949709 71.031250000000014 0.15906909038334585 0.25862097400460976 0.12616858404039746 0.18586658269983361 0.28747260192018287 0.18821717207417357 0.67863920454545468 68.531250000000014 64.909926470588246 65.454044117647072 -0.2655132788456645 69.593750000000014 0.74849264705882368
decision_type=10 8 10 2 10 2 2 2 2 10 2 10 2 2 2 10 2 8 10 10 2 10 2 2 2 2 2 2 2 2
left_child=1 21 4 6 22 7 17 18 -7 10 -6 12 -12 14 -8 -9 -10 -3 -4 -15 -21 -1 23 24 -2 -17 -14 28 29 -28
right_child=2 3 5 -5 9 8 13 15 16 -11 11 -13 26 19 -16 25 -18 -19 -20 20 -22 -23 -24 -25 -26 -27 27 -29 -30 -31
leaf_value=-0.017560886370300562 -0.00518351316637518 -0.005735160899410046 -0.0076189177906513215 0.02709505101092733 -0.001089321427464195 0.013826232063649158 0.00056202197763608928 0.010119894369580858 0.030063719846717862 0.018705485543906688 0.024862645415367781 -0.0038630029512805686 0.015821625766642911 -0.011987693381685196 0.017230857046345225 0.010448531487158366 0.017077867341347232 -0.012796935875123988 0.010302248511218677 0.0050679783238298153 -0.0094844449865793563 -0.012256702067564785 0.0063791048213593902 -0.016025134146955604 0.011864793219137937 0.025064928451262142 0.02208252455352001 0.0021565846238618853 0.018427331391167135 0.00059449264531806392
leaf_weight=1042 241 1659 125 104 411 286 324 370 482 250 143 197 287 236 154 112 195 600 137 363 259 1699 182 187 128 301 103 497 235 263
leaf_count=1042 241 1659 125 104 411 286 324 370 482 250 143 197 287 236 154 112 195 600 137 363 259 1699 182 187 128 301 103 497 235 263
internal_value=-0.000136854 -0.00840182 0.0102346 -0.00405114 0.00570764 0.0172776 -0.00495217 0.0123619 0.0226118 0.00812947 0.00689164 0.00879319 0.0104249 -0.000456769 0.00593232 0.0159121 0.0263233 -0.0076108 0.00175207 -0.00401619 -0.000991632 -0.0142731 -0.00212227 -0.0049051 0.000730262 0.0211012 0.00893423 0.00713397 0.01125 0.00664167
internal_weight=11572 6440 5132 3699 3124 2008 3595 1045 963 2386 2136 1725 1528 1336 478 783 677 2259 262 858 622 2741 738 556 369 413 1385 1098 601 366
internal_count=11572 6440 5132 3699 3124 2008 3595 1045 963 2386 2136 1725 1528 1336 478 783 677 2259 262 858 622 2741 738 556 369 413 1385 1098 601 366
is_linear=0
shrinkage=0.02


Tree=52
num_leaves=31
num_cat=0
split_feature=2 2 11 11 3 2 1 3 3 6 3 2 8 11 11 12 2 8 5 1 2 11 5 11 2 3 1 1 5 2
split_gain=1830.41 349.829 280.703 216.327 134.3 131.66 107.465 98.1086 81.8325 74.9814 74.567 88.0871 75.3191 83.9306 68.7682 67.0552 66.4337 62.0871 78.5989 59.2181 101.304 54.9819 60.9786 54.1113 54.1756 50.8451 49.0211 47.2494 55.0316 45.062
threshold=0.70352707619556409 0.92091037630122985 0.70710416666666676 0.70062500000000016 1.0000000180025095e-35 0.4110321867400541 0.35247724142266462 67.196581117359685 63.962743160826001 1.5000000000000002 68.367489858960781 0.8500194394495274 6.5000000000000009 0.7589487179487181 0.87033333333333351 69.303308823529434 0.81185399659131552 7.5000000000000009 0.42994371546631632 0.16868470788621184 0.69552913726593879 0.893798076923077 0.15369607353880865 0.62062500000000009 0.61239978837105091 62.526558676822738 0.28168182354455251 0.24192287477732058 0.37558682177214314 0.73363573319671516
decision_type=10 10 2 2 10 8 10 10 10 2 10 10 2 2 2 2 10 2 2 10 8 2 2 2 8 10 8 10 2 10
left_child=2 3 5 26 -4 -1 9 14 -8 -5 11 12 -11 -14 -3 -12 -15 18 -9 23 -21 22 -10 -7 -25 -13 27 29 -29 -2
right_child=1 7 4 6 -6 19 8 17 21 10 15 25 13 16 -16 -17 -18 -19 -20 20 -22 -23 -24 24 -26 -27 -28 28 -30 -31
leaf_value=-0.016301893371770463 -0.011482466086538301 0.004479657466224282 0.0095862949117971347 -0.0076205126705922582 -0.0041367439010995327 -0.012139071960328656 0.0023272844118040962 0.025979180037156567 0.0084114965413593576 0.014867385344749146 -0.0015879058845967582 0.0068774860204497646 0.015097776542901993 -0.01059646611643392 0.019549466551532252 0.0087792245693029767 0.0088117409776009258 0.028724562393525534 0.0073402694601099943 -0.0089378218133649694 0.0035407102542457641 0.0044366831119571418 0.023384712159283085 -0.011795201680500701 0.0025048223641504974 0.022280724457762885 0.0039942008605914651 -0.0017492111741318867 -0.02063375410843744 0.00144358822399511
leaf_weight=1159 135 290 398 152 1007 1646 185 182 144 253 565 121 125 215 208 447 105 328 180 803 385 112 445 198 228 294 478 121 126 537
leaf_count=1159 135 290 398 152 1007 1646 185 182 144 253 565 121 125 215 208 447 105 328 180 803 385 112 445 198 228 294 478 121 126 537
internal_value=-0.000134117 0.00787255 -0.0080363 0.00535415 -0.000249364 -0.0105121 0.00824917 0.0175391 0.014159 0.00594958 0.00692024 0.0104927 0.00615425 0.00120048 0.0107739 0.00299125 -0.00422815 0.0224219 0.0167112 -0.00845373 -0.00489385 0.0172815 0.019724 -0.0104948 -0.00414167 0.0177897 -0.00120058 -0.00390254 -0.0113826 -0.00115316
internal_weight=11572 5748 5824 4560 1405 4419 3163 1188 886 2277 2125 1113 698 445 498 1012 320 690 362 3260 1188 701 589 2072 426 415 1397 919 247 672
internal_count=11572 5748 5824 4560 1405 4419 3163 1188 886 2277 2125 1113 698 445 498 1012 320 690 362 3260 1188 701 589 2072 426 415 1397 919 247 672
is_linear=0
shrinkage=0.02


Tree=53
num_leaves=31
num_cat=0
split_feature=9 2 2 11 3 2 9 9 10 6 11 3 2 9 10 2 8 11 9 3 3 11 8 2 10 2 3 8 10 9
split_gain=1930.25 602.176 348.877 143.821 175.126 133.551 107.397 98.1336 95.4209 86.3451 109.871 82.9728 78.3065 78.1099 72.6284 71.209 60.9861 81.7946 65.1915 58.0411 56.7602 54.5447 54.9837 54.1083 72.5776 50.1786 53.5964 58.0153 57.2475 51.8077
threshold=0.18255910067779801 0.67729635109107722 0.81003351977902915 0.93781250000000005 62.315550661800366 0.28747260192018287 0.22197083961789846 0.13328343313373256 0.28834498707174311 1.5000000000000002 0.91696691176470602 68.700627421504905 0.9133133012347886 0.23247173521219075 0.28591300667154895 0.69827342006277637 12.500000000000002 0.84806250000000005 0.20223462519336097 73.104225866093898 66.336481956786628 0.8716666666666667 7.5000000000000009 0.87352095870949709 0.18535613322847369 0.81387747501183905 65.673928723703668 8.5000000000000018 0.23624417907173831 0.15801713586291313
decision_type=2 10 8 2 8 8 2 2 2 2 2 8 10 2 2 10 2 2 2 10 8 2 2 10 2 10 10 2 2 2
left_child=1 5 6 4 -4 -1 14 23 25 -6 11 16 13 -13 15 -2 17 18 -11 -14 -5 22 -8 24 -3 29 -27 -28 -29 -9
right_child=2 7 3 20 9 -7 21 8 -10 10 -12 12 19 -15 -16 -17 -18 -19 -20 -21 -22 -23 -24 -25 -26 26 27 28 -30 -31
leaf_value=-0.018394097989263322 -0.0052086147618672207 -0.0027275341859806746 -0.0012158126533031463 0.017508946987951527 0.0014804797367503244 -0.0089930051244018865 0.023911139325183978 -0.00280763313705709 -0.0070906501987116621 0.022158759408376433 0.0031277427188863005 0.0071191710598328085 0.017046113559603691 0.021951441896421398 -0.0078111110382656857 0.010976901076483046 0.013053970325137339 0.01890080541490095 0.041562551986724934 0.035968783239752632 0.036299167719894443 0.00059011210581200234 0.0073616070328996735 0.004126411631414798 -0.015998340614174527 0.0020487735496693585 0.0066089472631332882 0.030134848842168584 0.011305264889593894 0.0078245696783246967
leaf_weight=714 189 696 265 102 150 3939 153 414 273 110 197 484 175 201 379 256 155 253 187 103 174 149 169 284 216 292 301 114 149 329
leaf_count=714 189 696 265 102 150 3939 153 414 273 110 197 484 175 201 379 256 155 253 187 103 174 149 169 284 216 292 301 114 149 329
internal_value=-0.000131435 -0.00590019 0.0114345 0.0157194 0.0140688 -0.0104356 0.00297737 0.000978313 0.00383738 0.0160789 0.017253 0.0189213 0.0151046 0.0114714 -0.00137713 0.0041026 0.0241347 0.0272574 0.034376 0.024057 0.029355 0.0105954 0.0152252 -0.00349674 -0.00587062 0.00570314 0.00900396 0.0126049 0.0194671 0.0019003
internal_weight=11572 7721 3851 2556 2280 4653 1295 3068 1872 2015 1865 1668 963 685 824 445 705 550 297 278 276 471 322 1196 912 1599 856 564 263 743
internal_count=11572 7721 3851 2556 2280 4653 1295 3068 1872 2015 1865 1668 963 685 824 445 705 550 297 278 276 471 322 1196 912 1599 856 564 263 743
is_linear=0
shrinkage=0.02


Tree=54
num_leaves=31
num_cat=0
split_feature=9 9 9 11 11 9 11 4 10 11 10 4 12 11 6 10 5 6 3 10 5 8 5 4 11 11 3 3 10 4
split_gain=1855.46 316.23 181.735 148.214 84.685 99.4755 96.4289 83.7204 84.3977 83.2818 81.8847 75.4229 69.6719 69.6226 78.024 81.2774 82.2166 57.8039 72.2566 57.3887 54.8851 55.6494 67.7747 56.0437 90.1011 53.166 59.7137 52.9289 45.285 44.7982
threshold=0.16929121725731897 0.24453002781157659 0.13328343313373256 0.62581730769230781 0.66449519230769238 0.19523313045340213 0.73811764705882366 -0.4868137031521596 0.25526382789220403 0.93781250000000005 0.29676146801791542 -0.20873405940133272 68.156250000000014 0.62839583333333349 4.5000000000000009 0.27966179563768839 0.26454962803032528 4.5000000000000009 66.745322145468108 0.40306422092383359 0.5829470712630842 7.5000000000000009 0.43777100425071347 -0.24989443833378075 0.84343750000000017 0.88088888888888894 66.788657708959349 68.367489858960781 0.24957482402312461 -0.30710460964613168
decision_type=2 2 2 2 2 2 2 2 2 2 2 2 2 2 2 2 2 2 10 2 2 2 2 2 2 2 10 8 2 2
left_child=2 3 -1 28 -5 6 -6 -7 -9 11 -8 17 -13 -4 -15 16 -16 18 -3 -19 21 23 -23 -10 -25 26 -22 -11 -2 -18
right_child=1 9 13 4 5 7 10 8 20 27 -12 12 -14 14 15 -17 29 19 -20 -21 25 22 -24 24 -26 -27 -28 -29 -30 -31
leaf_value=-0.0092630770628909197 0.0018180165474021106 0.039222237962829185 -0.0082346577771116921 0.026172090892744537 -0.0076914389600141308 0.0010277106352853326 0.0088935715146795449 0.021736201465923765 0.023969605162198985 0.021823087337816884 -0.004108627511560917 -0.0026960521942377092 0.019235531744305735 -0.0029446959625551469 -0.0029721233585606448 -0.0083991513237879987 0.026545394119517556 0.0033638001337217599 0.01660518265838893 0.02277734550400352 -0.0029936984098619885 0.0037058473152276924 0.021947908042571865 0.022253700643777848 -0.00098419566751655309 -0.0081113632511008865 0.016352468207120323 0.041638969173654915 -0.015374107986422523 0.0094168798573488408
leaf_weight=4232 109 121 667 101 254 318 861 305 248 117 250 125 108 1564 115 114 116 104 106 147 108 376 104 135 132 110 156 100 140 129
leaf_count=4232 109 121 667 101 254 318 861 305 248 117 250 125 108 1564 115 114 116 104 106 147 108 376 104 135 132 110 156 100 140 129
internal_value=-0.000128806 0.00966862 -0.00667502 0.00705484 0.00812797 0.00758509 0.00342607 0.010435 0.0122221 0.0201097 0.00596778 0.0167997 0.00746966 -0.00262598 -0.000790362 0.00631803 0.0109785 0.0213476 0.028661 0.0147335 0.0101024 0.0125576 0.00765829 0.0171239 0.0107653 0.00357063 0.00843813 0.0309548 -0.00784824 0.0175267
internal_weight=11572 4635 6937 3707 3458 3357 1365 1992 1674 928 1111 711 233 2705 2038 474 360 478 227 251 1369 995 480 515 267 374 264 217 249 245
internal_count=11572 4635 6937 3707 3458 3357 1365 1992 1674 928 1111 711 233 2705 2038 474 360 478 227 251 1369 995 480 515 267 374 264 217 249 245
is_linear=0
shrinkage=0.02


Tree=55
num_leaves=31
num_cat=0
split_feature=0 0 9 9 9 0 3 1 0 3 0 5 1 9 8 3 0 0 4 4 9 8 5 1 11 5 4 5 8 1
split_gain=2069.42 483.236 348.842 258.634 140.725 117.241 97.2363 81.9757 66.103 61.3627 61.1518 101.615 74.442 57.2923 62.8392 57.6059 89.188 54.9959 45.835 44.4321 43.2155 42.3114 66.5414 95.1883 40.9762 40.6717 40.0236 37.9949 37.2958 37.1981
threshold=0.18255447790944893 0.12789639137031414 0.23710560625814867 0.25460891492535026 0.14592386900566548 0.26553691660835571 61.342189925191413 0.42165428812435984 0.18106412652261553 76.000727188770796 0.25862097400460976 0.54542157054247198 0.41419801350424196 0.18255910067779801 7.5000000000000009 70.69582527920511 0.21738909192350006 0.06085197309313068 -0.48899410374866981 -0.20873405940133272 0.058349046721139754 8.5000000000000018 0.52630432440171315 0.34821156555521449 0.65612500000000018 0.31298057354644565 -0.2563591125553169 0.40371318794358596 3.5000000000000004 0.30722376525402689
decision_type=10 8 2 2 2 10 10 10 8 10 10 2 10 2 2 10 10 10 2 2 2 2 2 10 2 2 2 2 2 10
left_child=1 17 4 5 8 6 25 19 -3 29 26 12 -12 14 -8 16 27 -1 -15 -7 -19 22 23 -20 -10 -2 -5 -16 -22 -6
right_child=3 2 -4 10 9 7 13 -9 24 -11 11 -13 -14 18 15 -17 -18 20 21 -21 28 -23 -24 -25 -26 -27 -28 -29 -30 -31
leaf_value=-0.016090052595077935 -0.01204417704497693 -0.004206066702545877 0.026897421396556258 0.023067228713500424 0.0012166206671706801 0.030285638472573324 0.00028019400240267598 0.0083548559318634055 -0.015105441049641411 0.015923798654760634 0.047716537530223528 0.013591838268613494 0.024538208973928565 0.0035114625174066296 -0.0075175842647973029 0.01983230366238526 0.017786264920663653 -0.020112208984569162 0.029245259785046988 0.014385470782081947 -0.0047963885842629743 0.0089018779295959513 0.0086329836725781203 0.0092314436163272399 -0.0011126432638362195 0.0030901531105696719 0.0076931681054628496 0.0071794107870575587 -0.010765769719795705 -0.0078477049482000225
leaf_weight=826 122 1292 166 159 1613 198 496 207 447 105 120 111 103 230 152 168 165 167 251 109 517 501 256 153 103 170 118 131 2201 204
leaf_count=826 122 1292 166 159 1613 198 496 207 447 105 120 111 103 230 152 168 165 167 251 109 517 501 256 153 103 170 118 131 2201 204
internal_value=-0.000303211 -0.00636394 -0.00147647 0.0115106 -0.00272782 0.00930306 0.00768866 0.0180818 -0.00667805 0.001058 0.0234658 0.0292279 0.0370109 0.00896279 0.00557857 0.00984479 0.00609947 -0.0115398 0.0116682 0.0246403 -0.0102371 0.0132841 0.0166106 0.0216658 -0.012485 -0.00323309 0.016518 -0.000714382 -0.00963031 0.000198942
internal_weight=11561 7641 3930 3920 3764 3309 2795 514 1842 1922 611 334 223 2503 1112 616 448 3711 1391 307 2885 1161 660 404 550 292 277 283 2718 1817
internal_count=11561 7641 3930 3920 3764 3309 2795 514 1842 1922 611 334 223 2503 1112 616 448 3711 1391 307 2885 1161 660 404 550 292 277 283 2718 1817
is_linear=0
shrinkage=0.02


Tree=56
num_leaves=31
num_cat=0
split_feature=0 0 9 9 9 9 2 2 3 2 3 2 12 8 0 5 1 5 10 0 3 1 10 2 8 9 5 8 5 2
split_gain=1987.47 464.1 335.028 248.392 135.153 112.956 87.3603 78.1009 72.3355 65.5613 78.9227 65.1133 59.896 59.5779 58.7302 97.5912 71.4941 52.8777 51.7079 48.4215 72.622 70.7758 47.5341 46.9027 55.323 44.9697 44.5071 44.492 43.7233 51.932
threshold=0.18255447790944893 0.12789639137031414 0.23710560625814867 0.25460891492535026 0.14592386900566548 0.18255910067779801 0.89896241200847349 0.44719277327720308 60.783800294756155 0.74777784735885278 64.700175700008998 0.92091037630122985 72.452205882352956 3.5000000000000004 0.25862097400460976 0.54542157054247198 0.41419801350424196 -0.10989045470637741 0.12731532965206946 0.21738909192350006 70.917803255435416 0.3613850936321526 0.2892046614430413 0.77807579556583162 8.5000000000000018 0.10181640058780604 0.3398458424663004 3.5000000000000004 0.36291393052847815 0.8500194394495274
decision_type=10 8 2 2 2 2 10 10 10 10 10 10 2 2 10 2 10 2 2 10 10 10 2 10 2 2 2 2 2 10
left_child=1 7 4 5 9 8 17 -1 -2 -3 -11 12 22 25 -5 16 -16 -7 -12 20 28 23 -6 -21 -25 -9 -23 -24 -10 -30
right_child=3 2 -4 14 11 6 -8 13 19 10 18 -13 -14 -15 15 -17 -18 -19 -20 21 -22 26 27 24 -26 -27 -28 -29 29 -31
leaf_value=-0.014332660556869806 -0.01039803235759509 -0.0089426609620408635 0.026359472933887358 0.016187629902244476 0.0013168660078141518 -0.0043231407594736494 0.018047602828900423 -0.013553417617082595 -0.0075229034361560358 -0.012835009783901126 0.016602913661301136 0.015365727606440794 0.013168089453417521 -0.010373089531393011 0.046762206978475059 0.013320001495985296 0.024047443917907269 0.010368511105161096 -0.00015909273938466143 0.0052851896019652494 0.012385925598188557 0.010986113689281048 0.0014961449556736923 0.012430572244298893 0.032582280414507669 0.0018175598493153902 -0.0077906366810202602 -0.010625790802189752 -0.0030547437149703316 0.014917100683820468
leaf_weight=1779 116 1312 166 277 1160 107 672 100 242 151 100 119 130 1513 120 111 103 1164 279 100 220 100 196 117 102 319 102 317 159 108
leaf_count=1779 116 1312 166 277 1160 107 672 100 242 151 100 119 130 1513 120 111 103 1164 279 100 220 100 196 117 102 319 102 317 159 108
internal_value=-0.000297146 -0.00623666 -0.00144694 0.0112804 -0.00267326 0.009117 0.0122153 -0.011309 0.00470995 -0.00654449 -0.000607891 0.00103684 9.11175e-05 -0.00852486 0.0229965 0.0286433 0.0362706 0.00913168 0.0042636 0.00611197 0.00278423 0.0107682 -0.000925025 0.0166341 0.0218163 -0.00185093 0.00150478 -0.00599441 -0.00136582 0.00421477
internal_weight=11561 7641 3930 3920 3764 3309 1943 3711 1366 1842 530 1922 1803 1932 611 334 223 1271 379 1250 729 521 1673 319 219 419 202 513 509 267
internal_count=11561 7641 3930 3920 3764 3309 1943 3711 1366 1842 530 1922 1803 1932 611 334 223 1271 379 1250 729 521 1673 319 219 419 202 513 509 267
is_linear=0
shrinkage=0.02


Tree=57
num_leaves=31
num_cat=0
split_feature=0 0 9 9 0 9 3 2 8 3 8 2 2 3 2 0 12 8 12 1 9 2 0 7 3 5 2 3 11 9
split_gain=1908.77 445.722 321.761 238.789 147.784 129.801 90.764 75.0081 66.2349 64.8428 70.229 64.645 62.965 75.7974 62.5348 58.4766 57.5241 57.2186 53.574 58.6632 63.2965 55.3483 51.1429 55.3364 53.2458 50.7816 44.9371 43.6879 63.021 43.1889
threshold=0.18255447790944893 0.12789639137031414 0.23710560625814867 0.19441960082846924 0.26034486873753454 0.14592386900566548 60.345193215057051 0.44719277327720308 8.5000000000000018 62.146489355068674 4.5000000000000009 0.85332718775963512 0.74777784735885278 64.700175700008998 0.92091037630122985 0.19838773236826115 72.452205882352956 3.5000000000000004 65.781250000000014 0.45771001461413158 0.25460891492535026 0.92244355581758553 0.21738909192350006 1.0000000180025095e-35 69.00028396595107 0.52781130186199621 0.80215157101949564 71.271496728071853 0.70577083333333346 0.10181640058780604
decision_type=10 8 2 2 10 2 10 10 2 10 2 10 10 10 10 10 2 2 2 10 2 10 10 2 10 2 10 10 2 2
left_child=1 7 5 6 8 12 -2 -1 9 -5 11 -11 -3 -14 16 -10 -7 29 -6 20 21 -20 27 24 -24 -12 -15 -8 -29 -9
right_child=3 2 -4 4 18 14 22 17 15 10 25 -13 13 26 -16 -17 -18 -19 19 -21 -22 -23 23 -25 -26 -27 -28 28 -30 -31
leaf_value=-0.014046007391370172 -0.0099647086201335427 -0.0087638077515737496 0.025832283140485544 0.00044588598310947423 0.010835538960397245 -0.00090652445186201192 0.00096274915611289024 -0.013282349178194999 -0.0065263873460554636 -0.00027378100386032689 0.02845094145955266 0.018170949685097228 -0.012578309548414306 0.013490337696093231 0.015058413375826443 0.0096526241678455884 0.012904727589052456 -0.010165627667322135 0.015404622891961983 0.013362175897474736 0.037006482223132207 0.034017483894597959 0.013377516386609474 0.020955199203481843 0.00047972583783823143 0.01376507042579957 -0.00091477061656056625 0.021657106650426337 0.0012949416099130645 0.0017812088082200003
leaf_weight=1779 140 1312 166 100 125 1673 648 100 107 130 259 183 151 134 119 542 130 1513 174 131 201 101 292 167 228 148 245 115 129 319
leaf_count=1779 140 1312 166 100 125 1673 648 100 107 130 259 183 151 134 119 542 130 1513 174 131 201 101 292 167 228 148 245 115 129 319
internal_value=-0.000291204 -0.00611192 -0.001418 0.0110547 0.0154171 -0.00261979 0.0054692 -0.0110829 0.0117588 0.015537 0.0176329 0.0105102 -0.0064136 -0.000595733 0.0010161 0.00698521 8.92952e-05 -0.00835436 0.0227587 0.025214 0.0284758 0.0222406 0.00683762 0.0109391 0.00772233 0.0231106 0.00417833 0.00367878 0.0108919 -0.00181391
internal_weight=11561 7641 3930 3920 2201 3764 1719 3711 1469 820 720 313 1842 530 1922 649 1803 1932 732 607 476 275 1579 687 520 407 379 892 244 419
internal_count=11561 7641 3930 3920 2201 3764 1719 3711 1469 820 720 313 1842 530 1922 649 1803 1932 732 607 476 275 1579 687 520 407 379 892 244 419
is_linear=0
shrinkage=0.02


Tree=58
num_leaves=31
num_cat=0
split_feature=0 0 9 9 9 0 3 10 1 0 3 10 11 9 0 9 0 12 10 4 12 12 6 10 11 12 10 10 4 8
split_gain=1833.18 428.071 309.019 230.816 124.66 107.701 88.0226 82.9873 77.5034 61.6112 58.7203 56.051 66.4055 54.0779 53.7138 60.0988 51.4998 51.1294 44.967 42.8475 41.1567 86.2913 40.165 39.439 45.2732 49.3666 46.4556 88.4526 118.956 40.8526
threshold=0.18255447790944893 0.12789639137031414 0.23710560625814867 0.25460891492535026 0.14592386900566548 0.26553691660835571 61.342189925191413 0.15896694827330668 0.42165428812435984 0.18106412652261553 76.000727188770796 0.12731532965206946 0.50892045454545476 0.074119288454830845 0.25862097400460976 0.27620708275210376 0.096473971447905163 72.452205882352956 0.26593134981191419 -0.20873405940133272 71.281250000000014 72.818014705882362 1.5000000000000002 0.19436982489948251 0.65968750000000009 70.547794117647072 0.25931889056889063 0.25169474301473616 -0.31167982579022208 11.500000000000002
decision_type=10 8 2 2 2 10 10 2 10 8 10 2 2 2 10 2 10 2 2 2 2 2 2 2 2 2 2 2 2 2
left_child=1 16 4 5 9 6 18 -8 19 11 17 12 13 -3 -5 -16 -1 -6 -2 -7 23 -22 -11 -9 -25 26 27 28 -26 -28
right_child=3 2 -4 14 10 8 7 20 -10 22 -12 -13 -14 -15 15 -17 -18 -19 -20 -21 21 -23 -24 24 25 -27 29 -29 -30 -31
leaf_value=-0.012882111436235253 -0.0092034769992587039 -0.0022328241103866569 0.025315637838948205 0.015616082007112486 -0.0007603786256834028 0.029083105527297266 -0.0018686605161423113 0.020663816655593876 0.0077043618839504058 -0.019514097958479242 0.015537987798807168 -0.0068461303079109231 -0.010649139649234711 0.014510148424509164 0.034515598872068093 0.017227684031620071 -0.0081143976350390255 0.012446055024389238 0.00705378713293208 0.013469027819778394 -0.0049595304465518122 0.014795045725280238 -0.0080593496653164828 4.1428536386796982e-05 -0.0018418603813385261 0.024005800983445211 0.0099624525603198306 0.030568062713402403 0.021047177505942108 0.00045731015903644325
leaf_weight=2138 184 142 166 277 1691 198 279 152 207 184 105 861 120 169 199 135 1573 126 108 109 206 155 366 164 170 110 716 114 195 242
leaf_count=2138 184 142 166 277 1691 198 279 152 207 184 105 861 120 169 199 135 1573 126 108 109 206 155 366 164 170 110 716 114 195 242
internal_value=-0.000285379 -0.00598969 -0.00138964 0.0108337 -0.0025674 0.00874824 0.00720091 0.00841317 0.0171622 -0.00628533 0.000995781 -0.00389881 0.001989 0.00686545 0.0221277 0.027528 -0.0108612 0.000155422 -0.00319052 0.0235393 0.00970303 0.00352235 -0.0118915 0.0109007 0.0100333 0.0110926 0.0101041 0.0151897 0.0103865 0.00756136
internal_weight=11561 7641 3930 3920 3764 3309 2795 2503 514 1842 1922 1292 431 311 611 334 3711 1817 292 307 2224 361 550 1863 1711 1547 1437 479 365 958
internal_count=11561 7641 3930 3920 3764 3309 2795 2503 514 1842 1922 1292 431 311 611 334 3711 1817 292 307 2224 361 550 1863 1711 1547 1437 479 365 958
is_linear=0
shrinkage=0.02


Tree=59
num_leaves=31
num_cat=0
split_feature=0 0 9 9 0 9 1 3 12 10 0 3 1 1 10 0 0 7 3 12 0 3 1 9 9 3 8 9 10 10
split_gain=1760.59 411.12 297.379 223.459 136.511 124.203 85.158 84.726 83.4461 80.6458 59.1714 55.4694 54.6004 54.3877 53.8314 49.8858 48.175 52.4914 51.1514 46.3944 44.5186 43.8187 53.7118 54.3905 72.2237 41.57 46.8032 40.8821 40.1416 38.9863
threshold=0.18255447790944893 0.12789639137031414 0.24006578947368423 0.19441960082846924 0.26912223356231596 0.14592386900566548 0.40484896414153265 60.345193215057051 65.968750000000014 0.39735125585313663 0.18106412652261553 76.000727188770796 0.46501142659607481 0.35247724142266462 0.12731532965206946 0.06085197309313068 0.21738909192350006 1.0000000180025095e-35 69.00028396595107 72.452205882352956 0.29011748173660112 61.563690950670825 0.36758460809495869 0.23499880070358725 0.21170562156011111 71.271496728071853 7.5000000000000009 0.058349046721139754 0.10556510338229302 0.14330091873187259
decision_type=10 8 2 2 10 2 10 10 2 2 8 10 10 10 2 10 10 2 10 2 10 10 10 2 2 10 2 2 2 2
left_child=1 15 5 7 6 10 9 -2 -6 21 14 19 13 -10 28 -1 25 18 -18 -7 -15 -5 23 24 -23 -9 -27 -17 -3 -16
right_child=3 2 -4 4 8 11 -8 16 12 -11 -12 -13 -14 20 29 27 17 -19 -20 -21 -22 22 -24 -25 -26 26 -28 -29 -30 -31
leaf_value=-0.014977644593533823 -0.0096980246678493656 -0.0032195640149696981 0.026746657236896714 0.00036763813440539257 0.0073303605021413313 -0.00058450322828736221 0.00076553135780216774 0.0008206198475521955 0.018498548266512375 0.026347388935375346 -0.011653654016283425 0.01522722794097804 0.014300787246961216 0.045597858828248329 -0.017494537946768106 -0.019008046700925884 0.012926372766290627 0.020271737536716607 0.00028478945491083879 0.011944270023386779 0.028655654977147397 0.018536374719437296 0.0018249502783191617 0.021859538330892589 0.0050289828502302503 0.0020986267120951391 0.019632097900741632 -0.0088130631610888899 0.0091567929850684265 -0.0050298811113774376
leaf_weight=826 140 251 145 119 109 1711 237 648 108 177 550 105 109 103 116 167 292 167 228 127 156 307 145 304 327 127 117 2718 180 745
leaf_count=826 140 251 145 119 109 1711 237 648 108 177 550 105 109 103 116 167 292 167 228 127 156 307 145 304 327 127 117 2718 180 745
internal_value=-0.000279672 -0.00586989 -0.00136185 0.010617 0.014837 -0.00243866 0.0118402 0.00521369 0.0231154 0.0137435 -0.00615962 0.00108888 0.02673 0.0304215 -0.00382083 -0.010644 0.00653582 0.0105165 0.00738352 0.000281195 0.0353933 0.0118875 0.0131533 0.0149045 0.0115696 0.00347 0.0105061 -0.00940321 0.00194922 -0.00670921
internal_weight=11561 7641 3930 3920 2201 3785 1616 1719 585 1379 1842 1943 476 367 1292 3711 1579 687 520 1838 259 1202 1083 938 634 892 244 2885 431 861
internal_count=11561 7641 3930 3920 2201 3785 1616 1719 585 1379 1842 1943 476 367 1292 3711 1579 687 520 1838 259 1202 1083 938 634 892 244 2885 431 861
is_linear=0
shrinkage=0.02


Tree=60
num_leaves=31
num_cat=0
split_feature=0 0 9 2 9 0 2 2 0 2 1 11 11 9 12 12 4 2 1 11 1 0 3 12 12 1 1 3 2 11
split_gain=1631.57 385.026 235.528 151.08 125.545 117.849 110.145 101.663 73.9267 71.4291 67.0978 64.2295 56.5156 68.5984 51.6641 68.5184 60.2329 49.1594 47.6093 45.4662 49.6467 49.0036 43.9771 80.1465 56.3215 52.7739 49.4173 43.697 40.5626 36.0133
threshold=0.1573407961764329 0.21738909192350006 0.14821987772144352 0.92091037630122985 0.23499880070358725 0.065305903854985053 0.68807089374280617 0.9063618821633993 0.28673688560099481 0.28747260192018287 0.39904959711269289 0.35787946428571432 0.42606617647058825 0.17948942010398708 68.27389705882355 69.090073529411782 -0.37332741825906873 0.30534956832030385 0.15761380926739385 0.93895833333333345 0.43798693182444104 0.26912223356231596 63.441406954385137 67.060661764705898 66.343750000000014 0.31299862485930879 0.3752890518669198 62.315550661800366 0.94001163670559063 0.67863920454545468
decision_type=10 10 2 8 2 8 8 10 10 8 10 2 2 2 2 2 2 10 10 2 10 10 10 2 2 10 10 10 8 2
left_child=2 6 5 17 18 -1 12 8 14 -7 -10 -8 -2 29 27 -16 -17 -4 -5 20 21 -9 25 24 -24 -13 28 -3 -25 -14
right_child=1 7 3 4 -6 9 11 19 10 -11 -12 22 13 -15 15 16 -18 -19 -20 -21 -22 -23 23 26 -26 -27 -28 -29 -30 -31
leaf_value=-0.016214322118297562 0.0080229319114060622 -0.0064206918988230768 -0.018225585862551585 0.00014199245063697591 0.027412179106532941 -0.018547511863967647 -0.0052323414349670049 0.016481087186000297 0.033686316312082763 -0.006998141139699863 0.011885242007374763 0.0056978174057116526 -0.0063253926771182217 0.0039634475190469549 0.028913330042362215 -0.0010099741738054931 0.015489136244055549 -0.0037583931923311489 0.015479717965051532 0.029053915607214164 0.0064516405030735774 0.029605828392319383 0.010385785349766523 0.0045335093402306664 0.024995817293538086 -0.0088999685388527171 -0.0087156677067206055 0.0077966750266266543 0.016775169209004608 -0.02107726731822944
leaf_weight=829 105 102 101 425 101 230 209 394 103 3118 125 288 124 121 100 127 292 1346 100 177 128 160 497 962 134 151 101 568 122 142
leaf_count=829 105 102 101 425 101 230 209 394 103 3118 125 288 124 121 100 127 292 1346 100 177 128 160 497 962 134 151 101 568 122 142
internal_value=0.000169841 0.00840989 -0.00672807 -0.0012169 0.00699193 -0.0094632 0.00364915 0.014593 0.0113019 -0.00779156 0.021734 0.00537428 -0.00499052 -0.0085213 0.00930151 0.0140383 0.0104882 -0.0047682 0.00306346 0.0200219 0.0176778 0.0202716 0.00635733 0.00773056 0.0134884 0.000676711 0.00466458 0.00563224 0.00591126 -0.0142005
internal_weight=11482 5232 6250 2073 626 4177 2956 2276 1417 3348 228 2464 492 387 1189 519 419 1447 525 859 682 554 2255 1816 631 439 1185 670 1084 266
internal_count=11482 5232 6250 2073 626 4177 2956 2276 1417 3348 228 2464 492 387 1189 519 419 1447 525 859 682 554 2255 1816 631 439 1185 670 1084 266
is_linear=0
shrinkage=0.02


Tree=61
num_leaves=31
num_cat=0
split_feature=0 0 9 2 9 0 2 2 0 5 2 8 8 5 2 1 8 9 2 9 0 12 2 8 9 2 9 8 5 3
split_gain=1566.96 369.779 226.201 145.097 120.573 113.182 105.783 97.6371 70.9992 69.7068 69.2367 68.6688 64.5121 94.747 78.023 64.4407 63.7758 68.3279 51.5073 49.6875 49.1701 48.1826 57.8858 55.7805 50.3223 45.8957 69.578 51.4452 45.7298 42.254
threshold=0.1573407961764329 0.21738909192350006 0.14821987772144352 0.92091037630122985 0.23499880070358725 0.065305903854985053 0.68807089374280617 0.9063618821633993 0.28673688560099481 0.51282494433644243 0.22156809874262912 3.5000000000000004 12.500000000000002 0.58645938308656043 0.94001163670559063 0.39904959711269289 2.5000000000000004 0.17948942010398708 0.82223788763037586 0.20362551000848875 0.093139305557696256 67.156250000000014 0.84941783609519028 11.500000000000002 0.21525478292862402 0.91165143277388194 0.15801713586291313 5.5000000000000009 0.62285217585658836 66.248567952125214
decision_type=10 10 2 8 2 8 8 10 10 2 8 2 2 2 10 10 2 2 8 2 10 2 10 2 2 8 2 2 2 10
left_child=2 6 5 16 9 -1 28 8 11 -5 -7 -3 14 18 25 -10 17 -4 -14 20 -18 -13 23 24 -23 26 -8 -27 -2 -20
right_child=1 7 3 4 -6 10 12 -9 15 -11 -12 21 13 -15 -16 -17 19 -19 29 -21 -22 22 -24 -25 -26 27 -28 -29 -30 -31
leaf_value=-0.015890035661627215 -0.0014848668370892604 -0.00027084659649292953 -0.0046415482854354198 -0.0019097797522047879 0.026863935818471529 -0.02135228881810574 0.001271423532514052 0.019621486877317827 0.033012589878465948 0.013814528688515832 -0.0070326587358706854 0.0061835635913377943 0.0027437460705124102 0.015443701919972559 0.019712890121529155 0.011647537016868593 -0.01322637771189745 0.0174228136241436 -0.020956917791363768 -0.016802836572866381 -0.0026710503019385786 0.016950057800346557 0.0072571306645566993 0.0095801902537544573 0.03616821654824489 -0.010687132415018584 0.010423142112815689 0.0055844940896081254 -0.015806870694853301 -0.0038224933277224266
leaf_weight=829 375 247 128 361 101 141 514 859 103 164 3207 389 174 110 174 125 224 100 106 162 833 109 215 120 109 133 940 187 117 126
leaf_count=829 375 247 128 361 101 141 514 859 103 164 3207 389 174 110 174 125 224 100 106 162 833 109 215 120 109 133 940 187 117 126
internal_value=0.000166444 0.00824169 -0.00659351 -0.00119256 0.00685209 -0.00927394 0.00357616 0.0143011 0.0110759 0.00300219 -0.00763573 0.00911548 0.00526679 -0.00102102 0.00693235 0.0212993 -0.00467283 0.0050358 -0.00548191 -0.00648872 -0.00490794 0.0115766 0.0153703 0.0205311 0.0265591 0.00567879 0.00718794 -0.0011784 -0.00489071 -0.0116512
internal_weight=11482 5232 6250 2073 626 4177 2956 2276 1417 525 3348 1189 2464 516 1948 228 1447 228 406 1219 1057 942 553 338 218 1774 1454 320 492 232
internal_count=11482 5232 6250 2073 626 4177 2956 2276 1417 525 3348 1189 2464 516 1948 228 1447 228 406 1219 1057 942 553 338 218 1774 1454 320 492 232
is_linear=0
shrinkage=0.02


Tree=62
num_leaves=31
num_cat=0
split_feature=0 0 0 2 2 11 8 2 0 8 8 5 2 1 11 2 2 11 0 11 1 0 8 2 8 4 5 2 5 3
split_gain=1504.91 355.135 202.046 119.509 101.594 97.8426 122.218 93.7707 68.1876 65.9495 61.9574 90.995 74.9333 61.8889 54.441 49.4676 44.0782 62.0964 49.7043 43.6658 47.6807 47.0631 52.9593 43.0588 50.9391 46.9231 42.6995 46.9547 41.5337 40.5807
threshold=0.1573407961764329 0.21738909192350006 0.093139305557696256 0.28747260192018287 0.68807089374280617 0.6130000000000001 2.5000000000000004 0.9063618821633993 0.28673688560099481 3.5000000000000004 12.500000000000002 0.58645938308656043 0.94001163670559063 0.39904959711269289 0.42606617647058825 0.82223788763037586 0.91165143277388194 0.81118055555555568 0.19307334815447069 0.93895833333333345 0.43798693182444104 0.26912223356231596 3.5000000000000004 0.84941783609519028 11.500000000000002 -0.16928870563698703 0.36291393052847815 0.45450653120464451 0.28596829125758189 66.248567952125214
decision_type=10 10 8 8 8 2 2 10 10 2 2 2 10 10 2 8 8 2 10 2 10 10 2 10 2 2 2 10 2 10
left_child=2 4 26 -4 14 -5 -7 8 9 -3 12 15 16 -10 -2 -12 18 -18 -6 20 21 22 -9 24 25 28 27 -1 -11 -17
right_child=1 7 3 5 10 6 -8 19 13 23 11 -13 -14 -15 -16 29 17 -19 -20 -21 -22 -23 -24 -25 -26 -27 -28 -29 -30 -31
leaf_value=-0.011587746726274491 0.0079794663056021644 -0.00026542968112930115 -0.022477808345247197 -0.0067022466294286631 0.0040620000408190674 0.0059805742564561096 -0.0039224058223184931 0.0032700796823690432 0.032352338488964204 0.023861703510085742 0.0026888713030808276 0.015134827907451175 0.019318632538451803 0.011414586524963379 -0.0082582643697828601 -0.020537779484436199 0.004871596861972448 -0.014034848995141538 0.011629350563916776 0.028080407903440255 0.0059301780737587252 0.02862128244468477 0.020064102312352877 0.005896044719813801 0.0061981648032210382 0.02887110265710997 -0.014285270439963065 -0.0019618811835845312 0.0077131531806087783 -0.0037460437996519936
leaf_weight=625 105 247 135 1880 881 763 1438 101 103 105 174 110 174 125 387 106 218 102 573 177 128 160 293 359 190 126 1109 300 162 126
leaf_count=625 105 247 135 1880 881 763 1438 101 103 105 174 110 174 125 387 106 218 102 573 177 128 160 293 359 190 126 1109 300 162 126
internal_value=0.000163116 0.00807686 -0.00646164 -0.00396394 0.00350464 -0.0033515 -0.000489433 0.0140151 0.0108544 0.00893317 0.00516145 -0.0010006 0.0067937 0.0208733 -0.0047929 -0.00537227 0.00556522 -0.00115483 0.00704418 0.0192291 0.0169319 0.0194738 0.015759 0.0113451 0.0147005 0.0188111 -0.0116388 -0.00846584 0.0140637 -0.0114181
internal_weight=11482 5232 6250 4216 2956 4081 2201 2276 1417 1189 2464 516 1948 228 492 406 1774 320 1454 859 682 554 394 942 583 393 2034 925 267 232
internal_count=11482 5232 6250 4216 2956 4081 2201 2276 1417 1189 2464 516 1948 228 492 406 1774 320 1454 859 682 554 394 942 583 393 2034 925 267 232
is_linear=0
shrinkage=0.02


Tree=63
num_leaves=31
num_cat=0
split_feature=0 0 0 10 8 0 12 3 3 10 10 3 1 10 12 10 1 4 1 8 5 0 0 5 1 4 8 3 3 4
split_gain=1445.31 341.072 194.045 115.808 138.82 84.5928 79.7676 78.1949 66.5057 66.1419 60.2018 59.2505 66.1062 86.3444 55.0337 68.571 49.6073 43.599 42.1363 41.0214 41.0086 40.8693 40.5818 39.8548 36.7377 43.5843 39.3045 38.6736 36.6107 35.8261
threshold=0.1573407961764329 0.21738909192350006 0.093139305557696256 0.21506188953531227 2.5000000000000004 0.26912223356231596 65.968750000000014 61.000764915859257 67.629071372356051 0.34901353965183762 0.35565737552894799 64.700175700008998 0.34042637631068823 0.24340011894401906 67.156250000000014 0.16425224577487751 0.45771001461413158 -0.24989443833378075 0.28596638748713282 3.5000000000000004 0.36291393052847815 0.14553864951320925 0.065305903854985053 0.25715075494357637 0.14853898303136071 -0.30326600170117113 11.500000000000002 68.644236165296846 68.644236165296846 -0.42147477588520144
decision_type=10 10 8 2 2 10 2 10 10 2 2 10 10 2 2 2 10 2 10 2 2 10 10 2 8 2 2 10 10 2
left_child=2 10 20 21 9 7 -7 -3 -9 -5 11 12 13 -2 15 -13 23 -12 -15 -10 22 24 -1 -8 -4 -26 27 -27 -24 -21
right_child=1 5 3 4 -6 6 16 8 19 -11 17 14 -14 18 -16 -17 -18 -19 -20 29 -22 -23 28 -25 25 26 -28 -29 -30 -31
leaf_value=-0.012563374918856809 -0.005615142672176757 -0.0037684316852918038 -0.0039614655991035445 0.0048084021655211999 -0.0041654213934206345 0.0066838413915911304 0.034679627175131386 0.017534780266133424 0.00079048234458804745 0.022314743822297225 0.021475181851963527 -0.0044056422398315647 -0.014619935626430172 0.017402269135423892 0.0019588976625030743 0.011827283234850373 0.013086428592522299 0.0036610523920506239 0.00034294407668651323 0.0033444596932989041 -0.013999565221651435 0.00027296315545362294 -0.0088093287655315947 0.021799487583866059 -0.013168915522738352 -0.00067366129593350566 -0.01450862930327987 -0.011585659583443372 0.0025379525606210036 0.014178475325405065
leaf_weight=454 351 130 763 508 1067 157 148 594 197 104 122 127 140 134 1303 577 155 100 102 167 1109 306 279 274 663 442 179 184 192 454
leaf_count=454 351 130 763 508 1067 157 148 594 197 104 122 127 140 134 1303 577 155 100 102 167 1109 306 279 274 663 442 179 184 192 454
internal_value=0.000159853 0.00791532 -0.00633241 -0.00388466 0.000189933 0.0137348 0.0193234 0.0110746 0.0124412 0.00778334 0.00343455 0.00262123 -0.00227073 0.000674564 0.00439326 0.0088989 0.0227626 0.0134508 0.0100292 0.00874239 -0.011406 -0.00658125 -0.00829653 0.0263167 -0.00752136 -0.00937163 -0.00624418 -0.00388102 -0.00418369 0.011265
internal_weight=11482 5232 6250 4216 1679 2276 734 1542 1412 612 2956 2734 727 587 2007 704 577 222 236 818 2034 2537 925 422 2231 1468 805 626 471 621
internal_count=11482 5232 6250 4216 1679 2276 734 1542 1412 612 2956 2734 727 587 2007 704 577 222 236 818 2034 2537 925 422 2231 1468 805 626 471 621
is_linear=0
shrinkage=0.02


Tree=64
num_leaves=31
num_cat=0
split_feature=0 0 9 9 0 2 2 2 0 8 8 5 2 1 5 8 11 9 9 0 2 2 9 11 10 10 11 9 11 1
split_gain=1388.08 327.566 204.881 129.041 103.092 96.8864 89.2748 66.4387 64.3908 61.7551 59.2905 87.5081 71.903 58.8576 56.9125 54.4179 52.8867 67.302 52.797 56.695 47.5276 42.2071 65.4965 59.9661 58.2743 52.2613 55.0159 43.9601 41.4496 45.7393
threshold=0.1573407961764329 0.21738909192350006 0.15340336129385571 0.24325980392156865 0.065305903854985053 0.68807089374280617 0.9063618821633993 0.28747260192018287 0.28673688560099481 3.5000000000000004 12.500000000000002 0.58645938308656043 0.94001163670559063 0.39904959711269289 0.78558094456220651 6.5000000000000009 0.4389903846153847 0.17948942010398708 0.16929121725731897 0.12398678748418349 0.82223788763037586 0.91165143277388194 0.15801713586291313 0.81118055555555568 0.28834498707174311 0.3650183353453072 0.84806250000000005 0.16998560663787995 0.93895833333333345 0.43798693182444104
decision_type=10 10 2 2 8 8 10 8 10 2 2 2 10 10 2 2 2 2 2 10 8 8 2 2 2 2 2 2 2 10
left_child=2 5 4 14 -1 16 8 -6 9 -3 12 20 21 -10 15 18 -2 -18 -4 -20 -12 22 -7 -23 27 26 -26 -24 29 -8
right_child=1 6 3 -5 7 10 28 -9 13 -11 11 -13 -14 -15 -16 -17 17 -19 19 -21 -22 23 24 -25 25 -27 -28 -29 -30 -31
leaf_value=-0.014862452453527242 0.0074113099673041348 -0.00039215383561033956 -0.0040091435946804756 0.021332549719822288 -0.017325725859757196 0.0010840484035357196 0.018799006318108647 -0.0063420239604135807 0.031306466177756925 0.010843114445661739 0.0025702542508684702 0.014779105142245747 0.018849626587601458 0.010887910087108613 -0.012407284833500287 -0.0048006165096678346 -0.014010877357845087 0.0040453568689740637 0.0024637096490458415 0.016784873674269025 -0.011257360469116349 0.0047234559395786272 0.025668451399416536 -0.01385585381567259 0.0071381247574415227 0.01636015457948586 -0.0098523573955846214 0.011438728001267464 0.027171340167027828 0.0055340059060108616
leaf_weight=841 111 247 307 101 236 514 554 3308 103 942 174 110 174 125 185 708 260 121 413 151 232 218 111 102 193 111 126 399 177 128
leaf_count=841 111 247 307 101 236 514 554 3308 103 942 174 110 174 125 185 708 260 121 413 151 232 218 111 102 193 111 126 399 177 128
internal_value=0.000156656 0.00775702 -0.00620576 -0.000653285 -0.0085673 0.00336586 0.0134601 -0.00707344 0.0103761 0.00850913 0.00498383 -0.00104415 0.00658057 0.0201121 -0.00191211 -0.000682467 -0.00473716 -0.00827648 0.00266501 0.00629792 -0.00533124 0.00537717 0.00682441 -0.0011987 0.00996329 0.00454009 0.000427151 0.0145358 0.0185475 0.0163094
internal_weight=11482 5232 6250 1865 4385 2956 2276 3544 1417 1189 2464 516 1948 228 1764 1579 492 381 871 564 406 1774 1454 320 940 430 319 510 859 682
internal_count=11482 5232 6250 1865 4385 2956 2276 3544 1417 1189 2464 516 1948 228 1764 1579 492 381 871 564 406 1774 1454 320 940 430 319 510 859 682
is_linear=0
shrinkage=0.02


Tree=65
num_leaves=31
num_cat=0
split_feature=0 9 9 2 0 4 3 0 2 2 2 2 3 9 2 9 11 1 2 5 10 4 3 0 1 11 4 4 4 4
split_gain=1377.61 318.756 271.753 153.825 116.889 91.2348 90.3224 104.978 100.431 89.1928 76.1721 74.6892 72.8875 69.1302 68.0399 60.4381 54.3308 53.4292 50.2529 48.3035 44.3039 67.7261 136.202 74.5938 61.2118 61.1744 41.1234 37.8812 36.8473 54.7859
threshold=0.14794550999873107 0.25460891492535026 0.20036935228636912 0.73920875457758173 0.090577226954283885 -0.20734312775391664 65.889685547734089 0.2538952778363423 0.94611334033277106 0.28747260192018287 0.95825279649037054 0.8500194394495274 66.902640124978731 0.20299351731283519 0.87708956808526073 0.23147486716904317 0.6130000000000001 0.32198265211259608 0.91645412704283491 0.30630750665314638 0.32902127933279052 -0.19285945196807677 74.771137921711457 0.20502576567663972 0.3613850936321526 0.8716666666666667 -0.088954891511393006 0.004730184487815454 -0.13440359775469099 -0.25277243376491682
decision_type=10 2 2 8 8 2 10 10 10 8 10 8 10 2 10 2 2 10 10 2 2 2 10 10 10 2 2 2 2 2
left_child=2 3 4 13 -1 14 7 17 12 -6 -10 -4 19 -2 -3 -13 -11 28 -7 -8 21 24 23 -23 -14 -22 -25 -18 29 -5
right_child=1 5 11 6 9 18 8 -9 10 16 -12 15 20 -15 -16 -17 27 -19 -20 -21 25 22 -24 26 -26 -27 -28 -29 -30 -31
leaf_value=-0.012137822344525666 -0.0034709298854584086 0.035802608102024673 -0.001286919509169414 0.0049190643333314639 -0.021347565622165283 0.00096640874342671752 0.0078246278027000356 0.01476942707833491 0.034704399743661435 -0.007664171936397051 0.012494045273406701 0.0068234691702629491 0.0027993198212129728 0.0088568868557612097 0.019135124480846939 0.02647275813889724 -0.0017222796527626503 -0.0054497933683289902 0.020211041666129054 0.023935467386618257 0.0065980948281028993 0.0010037311039960539 0.034403003450772428 0.025649657254725435 0.015216748637636912 -0.010362092028234016 0.0089695497542139034 -0.013695249173202013 0.011625618793921811 -0.0094963219272904097
leaf_weight=1895 951 167 197 394 145 116 129 247 101 1837 159 149 875 225 237 108 1452 404 102 176 230 234 103 113 194 135 124 114 175 144
leaf_count=1895 951 167 197 394 145 116 129 247 101 1837 159 149 875 225 237 108 1452 404 102 176 230 234 103 113 194 135 124 114 175 144
internal_value=-9.98514e-05 0.0068795 -0.00688747 0.00523494 -0.00812744 0.0203982 0.00713089 0.00297028 0.00933652 -0.00598548 0.0211219 0.00797848 0.00801175 -0.00111229 0.0260249 0.0150808 -0.00533091 0.000361153 0.00997078 0.0171214 0.00662806 0.00802828 0.0135697 0.00901382 0.00505281 0.000325149 0.0169225 -0.00259388 0.00365375 0.00106067
internal_weight=11632 5735 5897 5113 5443 622 3937 1364 2573 3548 260 454 2313 1176 404 257 3403 1117 218 305 2008 1643 574 471 1069 365 237 1566 713 538
internal_count=11632 5735 5897 5113 5443 622 3937 1364 2573 3548 260 454 2313 1176 404 257 3403 1117 218 305 2008 1643 574 471 1069 365 237 1566 713 538
is_linear=0
shrinkage=0.02


Tree=66
num_leaves=31
num_cat=0
split_feature=0 9 9 2 0 4 3 0 2 2 2 2 3 9 2 9 11 1 2 5 10 4 3 0 1 11 4 4 4 4
split_gain=1323.06 306.133 260.992 147.734 112.261 87.6219 86.7456 100.821 96.4535 85.6608 73.1557 71.7315 70.0012 66.6008 65.3455 58.0447 52.1793 51.3134 48.2629 46.3907 42.5494 65.0441 130.808 71.6399 58.7879 58.7519 39.495 36.3811 35.3881 52.6873
threshold=0.14794550999873107 0.25460891492535026 0.20036935228636912 0.73920875457758173 0.090577226954283885 -0.20734312775391664 65.889685547734089 0.2538952778363423 0.94611334033277106 0.28747260192018287 0.95825279649037054 0.8500194394495274 66.902640124978731 0.19523313045340213 0.87708956808526073 0.23147486716904317 0.6130000000000001 0.32198265211259608 0.91645412704283491 0.30630750665314638 0.32902127933279052 -0.19285945196807677 74.771137921711457 0.20502576567663972 0.3613850936321526 0.8716666666666667 -0.088954891511393006 0.004730184487815454 -0.13440359775469099 -0.2770712381980992
decision_type=10 2 2 8 8 2 10 10 10 8 10 8 10 2 10 2 2 10 10 2 2 2 10 10 10 2 2 2 2 2
left_child=2 3 4 13 -1 14 7 17 12 -6 -10 -4 19 -2 -3 -13 -11 28 -7 -8 21 24 23 -23 -14 -22 -25 -18 29 -5
right_child=1 5 11 6 9 18 8 -9 10 16 -12 15 20 -15 -16 -17 27 -19 -20 -21 25 22 -24 26 -26 -27 -28 -29 -30 -31
leaf_value=-0.011895065825009881 -0.0036257880317315657 0.035086556070757488 -0.0012611813328895472 0.0054589363142931021 -0.020920614443976304 0.00094708062194544696 0.0076681355268571729 0.014474038544793422 0.034010311902897196 -0.0075108884892192088 0.012244164391227488 0.0066869997751942828 0.0027433332174564046 0.0078435699679315664 0.018752422326515559 0.025943303092434589 -0.0016878340875394143 -0.0053407975545816935 0.019806821068347084 0.023456758361479101 0.0064661329262282541 0.00098365638954326122 0.033714943504304561 0.025136664258851877 0.014912413433962261 -0.010154850009414884 0.0087901585657269715 -0.013421344195672296 0.011393106859603099 -0.0078241896022152799
leaf_weight=1895 916 167 197 359 145 116 129 247 101 1837 159 149 875 260 237 108 1452 404 102 176 230 234 103 113 194 135 124 114 175 179
leaf_count=1895 916 167 197 359 145 116 129 247 101 1837 159 149 875 260 237 108 1452 404 102 176 230 234 103 113 194 135 124 114 175 179
internal_value=-9.78544e-05 0.00674191 -0.00674972 0.00513025 -0.00796489 0.0199903 0.00698827 0.00291087 0.00914979 -0.00586577 0.0206995 0.00781891 0.00785151 -0.00109005 0.0255044 0.0147791 -0.00522429 0.00035393 0.00977136 0.0167789 0.0064955 0.00786772 0.0132983 0.00883354 0.00495175 0.000318646 0.0165841 -0.002542 0.00358068 0.00103946
internal_weight=11632 5735 5897 5113 5443 622 3937 1364 2573 3548 260 454 2313 1176 404 257 3403 1117 218 305 2008 1643 574 471 1069 365 237 1566 713 538
internal_count=11632 5735 5897 5113 5443 622 3937 1364 2573 3548 260 454 2313 1176 404 257 3403 1117 218 305 2008 1643 574 471 1069 365 237 1566 713 538
is_linear=0
shrinkage=0.02


Tree=67
num_leaves=31
num_cat=0
split_feature=0 9 9 2 8 0 4 4 2 12 9 2 2 2 12 12 4 12 11 9 1 12 2 11 9 1 4 4 12 4
split_gain=1270.67 294.01 250.656 141.883 128.686 107.815 89.7418 84.1521 82.2686 73.3197 63.9865 63.0971 71.68 62.7578 52.7357 89.5451 62.2976 63.1499 57.8508 86.9519 88.5068 60.863 50.814 50.113 43.1751 46.6544 42.9997 55.0006 52.2447 68.3014
threshold=0.14794550999873107 0.25460891492535026 0.20036935228636912 0.73920875457758173 3.5000000000000004 0.090577226954283885 -0.23479928147402904 -0.20734312775391664 0.28747260192018287 68.393382352941188 0.20299351731283519 0.94611334033277106 0.9544875690605451 0.87708956808526073 69.406250000000014 69.788602941176478 0.034613927752764943 69.090073529411782 0.8716666666666667 0.18313831789774868 0.3564100833998774 68.27389705882355 0.86000763421815007 0.6130000000000001 0.20795741417326194 0.25575061597326226 -0.19054836593433089 -0.0088205872306986004 71.406250000000014 -0.32276264421735562
decision_type=10 2 2 8 2 8 2 2 8 2 2 10 10 10 2 2 2 2 2 2 10 2 10 2 2 10 2 2 2 2
left_child=2 3 5 10 6 -1 -4 13 -7 -9 -2 14 -13 -3 16 -16 17 18 19 21 24 -5 -22 -10 25 -21 28 -28 29 -17
right_child=1 7 4 11 -6 8 -8 9 23 -11 -12 12 -14 -15 15 26 -18 -19 -20 20 22 -23 -24 -25 -26 -27 27 -29 -30 -31
leaf_value=-0.011657164514666831 -0.0033374377570166936 0.034384824954820967 0.024418447919354581 0.0004619655269864761 -0.0059080320153105468 -0.020502202222059514 0.00081141743846237669 -0.0017078825415280466 -0.0073606707387305712 0.021498460114564539 0.0085228777289390566 0.027031436590704977 0.0088298514466222423 0.018377373482371812 0.025176399411347049 0.018054504770704586 0.015804662317889077 -0.011155078072859124 -0.0029951415290502274 0.021476509743327394 0.011978603108089512 0.016725275504092377 0.030580332385183408 -0.0024911576069387136 -0.00082335706121228604 0.0044449650095241848 0.018158930673543364 0.00060889958441257474 -0.0010494605704859548 -0.0014393757804596829
leaf_weight=1895 951 167 181 943 173 145 100 112 1837 106 225 123 292 237 130 184 175 113 370 109 119 102 116 1566 203 157 250 100 333 118
leaf_count=1895 951 167 181 943 173 145 100 112 1837 106 225 123 292 237 130 184 175 113 370 109 119 102 116 1566 203 157 250 100 333 118
internal_value=-9.58973e-05 0.00660708 -0.00661473 0.00502764 0.00766254 -0.00780559 0.0160174 0.0195904 -0.00574846 0.00957594 -0.00106824 0.00684851 0.0142245 0.0249943 0.00597939 0.00957513 0.00431372 0.00341278 0.00418964 0.00570957 0.0111427 0.00204939 0.0211607 -0.00511981 0.00612294 0.0114241 0.00751608 0.0131446 0.00441372 0.0104377
internal_weight=11632 5735 5897 5113 454 5443 281 622 3548 218 1176 3937 415 404 3522 1115 2407 2232 2119 1749 704 1045 235 3403 469 266 985 350 635 302
internal_count=11632 5735 5897 5113 454 5443 281 622 3548 218 1176 3937 415 404 3522 1115 2407 2232 2119 1749 704 1045 235 3403 469 266 985 350 635 302
is_linear=0
shrinkage=0.02


Tree=68
num_leaves=31
num_cat=0
split_feature=0 9 9 2 8 0 4 4 2 12 9 2 2 2 12 12 5 8 4 12 5 5 12 2 10 4 10 12 0 10
split_gain=1220.35 282.368 240.73 136.265 123.59 103.546 86.1881 80.8197 79.0108 70.4163 61.6485 60.5984 68.8415 60.2726 50.6474 85.9992 60.2507 74.0229 59.8906 56.034 54.6643 49.267 48.274 50.1908 49.8428 47.6724 43.6733 43.1451 41.7519 38.8217
threshold=0.14794550999873107 0.25460891492535026 0.20036935228636912 0.73920875457758173 3.5000000000000004 0.090577226954283885 -0.23479928147402904 -0.20734312775391664 0.28747260192018287 68.393382352941188 0.19523313045340213 0.94611334033277106 0.9544875690605451 0.87708956808526073 69.406250000000014 69.788602941176478 0.51027363056889274 11.500000000000002 -0.013965658982863546 69.090073529411782 0.64649232115479027 0.33509878675135735 68.27389705882355 0.75801866001858154 0.26136735067186051 -0.21201653767007914 0.21183096414294875 69.24264705882355 0.21322785093095015 0.29006020586252695
decision_type=10 2 2 8 2 8 2 2 8 2 2 10 10 10 2 2 2 2 2 2 2 2 2 8 2 2 2 2 10 2
left_child=2 3 5 10 6 -1 -4 13 -7 -9 27 14 -13 -3 18 -16 17 25 19 22 -18 -14 23 -5 -24 28 -10 -2 -17 -28
right_child=1 7 4 11 -6 8 -8 9 26 -11 -12 12 21 -15 15 16 20 -19 -20 -21 -22 -23 24 -25 -26 -27 29 -29 -30 -31
leaf_value=-0.011424021113870633 -0.006381386285500854 0.033697128297459938 0.023930079047259415 0.015629416362637968 -0.0057898714617325387 -0.020092157984602038 0.00079518939238041643 -0.001673725157701743 -0.0066542534045750633 0.021068491076804557 0.0075481728118880157 0.026490807391899997 -0.0005812922894030578 0.018009826039761808 0.024672871750421252 0.0036736659357839889 -0.0088317171913282616 -0.00020710633628154071 0.013293133395437438 -0.010642909615167551 0.0077103205444814448 0.015961576590965861 0.019660214746039208 0.0018566770459006645 0.0016423919719626319 0.02251803543093877 0.00013942144177322174 0.0030217848621731532 0.019277135241094843 -0.0084665830627110982
leaf_weight=1895 634 167 181 113 173 145 100 112 2236 106 260 123 129 237 130 177 145 178 260 112 178 163 146 1670 106 195 893 282 112 274
leaf_count=1895 634 167 181 113 173 145 100 112 2236 106 260 123 129 237 130 177 145 178 260 112 178 163 146 1670 106 195 893 282 112 274
internal_value=-9.39793e-05 0.00647493 -0.00648243 0.00492709 0.00750929 -0.00764948 0.015697 0.0191986 -0.00563349 0.00938442 -0.00104688 0.00671154 0.01394 0.0244944 0.0058598 0.00938362 0.00736575 0.0108209 0.00422745 0.0031296 0.000284328 0.00865325 0.0038876 0.00272954 0.0120813 0.0148766 -0.00501741 -0.00348652 0.00972069 -0.00188118
internal_weight=11632 5735 5897 5113 454 5443 281 622 3548 218 1176 3937 415 404 3522 1115 985 662 2407 2147 323 292 2035 1783 252 484 3403 916 289 1167
internal_count=11632 5735 5897 5113 454 5443 281 622 3548 218 1176 3937 415 404 3522 1115 985 662 2407 2147 323 292 2035 1783 252 484 3403 916 289 1167
is_linear=0
shrinkage=0.02


Tree=69
num_leaves=31
num_cat=0
split_feature=0 0 11 2 8 8 11 2 1 3 3 5 5 3 8 0 5 1 11 0 4 0 3 4 3 3 5 4 0 2
split_gain=1172.02 217.401 195.032 102.651 111.529 97.7553 80.764 70.8007 65.2845 59.7318 56.6865 53.1426 52.041 56.89 49.1407 55.3443 52.6414 54.6781 46.1731 43.523 42.8008 42.4233 86.4415 75.3269 92.7327 40.0349 40.6698 36.9441 36.3845 39.1403
threshold=0.14794550999873107 0.21738909192350006 0.70710416666666676 0.73920875457758173 11.500000000000002 1.5000000000000002 0.93781250000000005 0.5395596084134815 0.24313119715956097 66.248567952125214 65.673928723703668 0.10906728949075616 0.41151238165523796 68.100962113717841 4.5000000000000009 0.26912223356231596 0.26008752153466047 0.41419801350424196 0.84806250000000005 0.23947637556268772 -0.15327413876059495 0.24079191705770542 64.000511475763474 -0.39561291130663284 67.687796710713698 65.620129394099251 0.36291393052847815 -0.15851088570145275 0.065305903854985053 0.25489593574995739
decision_type=10 10 2 8 2 2 2 10 10 10 10 2 2 10 2 10 2 10 2 10 2 10 10 2 10 10 2 2 8 8
left_child=2 3 7 -2 8 -4 14 28 -5 -6 27 -12 13 -13 19 21 -17 -18 -14 -3 -11 22 -16 -24 -25 -21 -27 -10 -1 -30
right_child=1 6 5 4 9 -7 -8 -9 10 20 11 12 18 -15 15 16 17 -19 -20 25 -22 -23 23 24 -26 26 -28 -29 29 -31
leaf_value=-0.013929699687410726 -0.0022299138754217425 -0.002620728998920139 0.006976936245784702 0.013389729553142523 -0.0080187688466131449 -0.003736674739597014 0.022776058939585862 -0.0049769772483324063 -0.0056168899665695118 0.0084678741002082829 -0.0028319753911281069 0.029280619743466376 0.010125256286517823 0.010370450398751667 -0.0022188788373833121 0.029074348961710933 0.021294494804811395 0.0026708272893216697 -0.0055349455698608212 0.017091538170228401 -0.0069590387445422688 0.0054172942985946581 0.0056618456286834738 0.038435815681940787 0.015173477101892803 -0.0042132135367393495 0.011054568381249151 0.0084350335822989033 -0.017252338050006359 -0.0080180036833089798
leaf_weight=820 1006 196 502 597 310 1060 214 1475 249 250 143 100 273 175 115 125 146 111 104 150 101 516 153 102 209 125 158 107 204 1836
leaf_count=820 1006 196 502 597 310 1060 214 1475 249 250 143 100 273 175 115 125 146 111 104 150 101 516 153 102 209 125 158 107 204 1836
internal_value=-9.20998e-05 0.00634544 -0.00635279 0.0031359 0.00537666 -0.000293504 0.0110698 -0.00853608 0.00802294 -0.00162135 0.00523929 0.00820941 0.0106311 0.0172469 0.0098803 0.011874 0.0184287 0.0132508 0.0058052 0.00519879 0.00402879 0.00958733 0.0133036 0.0171508 0.0228029 0.00873834 0.00431085 -0.00139342 -0.0103716 -0.00894144
internal_weight=11632 5735 5897 3415 2409 1562 2320 4335 1748 661 1151 795 652 275 2106 1477 382 257 377 629 351 1095 579 464 311 433 283 356 2860 2040
internal_count=11632 5735 5897 3415 2409 1562 2320 4335 1748 661 1151 795 652 275 2106 1477 382 257 377 629 351 1095 579 464 311 433 283 356 2860 2040
is_linear=0
shrinkage=0.02


Tree=70
num_leaves=31
num_cat=0
split_feature=0 0 9 9 0 8 2 2 1 10 2 5 9 5 2 4 1 0 9 7 0 8 1 9 9 10 1 9 4 2
split_gain=1244.33 245.513 234.122 120.983 110.473 105.698 73.3011 67.9938 64.3001 61.5186 57.1396 56.9649 50.5878 50.1545 48.6273 44.5987 64.9866 47.9821 51.2848 44.1336 70.9099 46.1776 43.1141 66.098 43.6921 43.7981 42.9496 88.6716 44.1216 47.8209
threshold=0.17363672863950338 0.12001402018234594 0.19727575982209047 0.24006578947368423 0.27137270439802647 8.5000000000000018 0.9063618821633993 0.62523162184161618 0.33316982092763087 0.35812174829350873 0.5395596084134815 0.398884835259185 0.12747003901895207 0.25715075494357637 0.25489593574995739 -0.52206070110775238 0.41080994953754296 0.21543192014353349 0.23710560625814867 1.0000000180025095e-35 0.22560343104116773 2.5000000000000004 0.090963827503894742 0.11630870040043685 0.087371067658240334 0.12590429968601755 0.25977002939812016 0.16520846013390142 -0.36759959504554018 0.83249275760430497
decision_type=10 8 2 2 10 2 8 8 10 2 8 2 2 2 8 2 10 10 2 2 10 2 10 2 2 2 10 2 2 8
left_child=1 14 7 10 5 6 8 -2 -4 -10 -3 -8 22 -6 -1 -7 17 -17 -19 21 -21 -9 -12 24 -24 -26 27 -23 29 -28
right_child=2 3 4 -5 13 15 11 19 9 -11 12 -13 -14 -15 -16 16 -18 18 -20 20 -22 26 23 -25 25 -27 28 -29 -30 -31
leaf_value=-0.014844114797895436 -0.011578838516704061 -0.0097734192545052435 0.016164687698173304 0.017891058713364286 0.02883635848914225 0.016229981687405835 0.031047837765852238 -0.0051091331369631614 -0.0057138956495573828 0.014367628846770135 -0.01098683114958964 0.014441081329443774 0.00031301045605688476 0.01627533858005957 -0.0080299634740742913 -0.0010755915107749741 -0.0120170960346661 0.017939153218122072 0.00081859289810566572 0.0048304834029998982 0.021756383089322439 0.0010280890171436986 -0.0057581028110525083 -0.012753779932697256 0.014234861935439862 -7.1399792395381315e-07 0.017328487231518874 0.019369174824934453 -0.0013023756547166664 0.0020667449551102896
leaf_weight=491 110 366 356 123 194 115 159 240 142 107 328 172 2217 369 2853 243 101 172 118 327 142 223 252 190 133 247 129 200 593 226
leaf_count=491 110 366 356 123 194 115 159 240 142 107 328 172 2217 369 2853 243 101 172 118 327 142 223 252 190 133 247 129 200 593 226
internal_value=6.97203e-05 -0.00506463 0.00839945 -0.00162537 0.0129335 0.0103706 0.0148516 0.00374537 0.0107117 0.00291551 -0.00226842 0.0224183 -0.00145261 0.0206036 -0.00903049 0.004771 0.00269248 0.00547985 0.0109729 0.00455578 0.00995517 0.0029839 -0.00485642 -0.00241022 0.000699396 0.00498174 0.00440062 0.0097 0.00203602 0.00761256
internal_weight=11638 7200 4438 3856 2248 1685 936 2190 605 249 3733 331 3367 563 3344 749 634 533 290 2080 469 1611 1150 822 632 380 1371 423 948 355
internal_count=11638 7200 4438 3856 2248 1685 936 2190 605 249 3733 331 3367 563 3344 749 634 533 290 2080 469 1611 1150 822 632 380 1371 423 948 355
is_linear=0
shrinkage=0.02


Tree=71
num_leaves=31
num_cat=0
split_feature=0 0 10 2 10 3 1 3 5 1 5 3 2 5 10 3 5 2 5 12 10 2 8 2 12 1 8 10 12 3
split_gain=1195.05 235.791 160.496 105.765 79.025 94.3652 75.9522 75.7109 69.7947 69.3735 62.9079 61.4579 56.7654 52.3282 49.2587 52.8726 56.7607 62.5619 74.7588 59.318 50.3226 46.7017 43.3553 49.5816 42.3507 42.2319 44.4249 56.8213 48.2306 40.6976
threshold=0.17363672863950338 0.12001402018234594 0.34819042378274373 0.91001600994976262 0.21506188953531227 74.771137921711457 0.089175915803824959 66.7018192631989 -0.19918353176261713 0.41419801350424196 -0.040761523007221204 70.176124614707931 0.95194804855564974 0.18724655243608915 0.17035370196403996 76.338925580697733 0.59027386448500729 0.85332718775963512 0.32656085712215505 70.424632352941188 0.27083232414318209 0.25489593574995739 5.5000000000000009 0.76347666170639117 66.843750000000014 0.29965635229544202 4.5000000000000009 0.29250001934067105 68.21139705882355 64.948538123060914
decision_type=10 8 2 10 2 8 10 10 2 10 2 10 10 2 2 10 2 10 2 2 2 8 2 10 2 8 2 2 2 10
left_child=1 21 3 8 6 25 -3 -5 -2 12 -10 -11 13 -4 22 16 17 24 20 -18 -19 -1 -12 -24 -16 26 28 -28 -6 -8
right_child=2 4 9 7 5 -7 29 -9 10 11 14 -13 -14 -15 15 -17 19 18 -20 -21 -22 -23 23 -25 -26 -27 27 -29 -30 -31
leaf_value=-0.014547232427328916 -0.010723839960757549 -0.010219732668688844 0.0065284078209902853 0.005216977790441342 0.00023598552719779212 0.008444521067699641 -0.0070835894968171243 0.01766568263870591 0.016736254386890394 0.0025311444807520583 -0.010867476445879333 0.020977137326850623 0.03174683454151974 0.02033823771160876 -0.002198372569202156 0.018139120346404674 0.0024937095519504777 0.015298769920267298 0.024007206607472013 -0.013997990501309754 -0.0041610957375344112 -0.0078693642168718107 0.010836279831351119 -0.0062872736763495661 0.007101115149732635 -0.0086325191480792918 0.0018529566076097969 -0.009737185610265443 0.018058476957599993 0.00035271347874502946
leaf_weight=491 119 607 154 333 146 541 413 473 169 242 147 103 117 382 293 123 437 111 162 109 102 2853 141 130 591 265 499 256 104 1025
leaf_count=491 119 607 154 333 146 541 413 473 169 242 147 103 117 382 293 123 437 111 162 109 102 2853 141 130 591 265 499 256 104 1025
internal_value=6.83258e-05 -0.00496334 0.00823146 0.00618287 -0.00159286 0.00144965 -0.00428722 0.0125225 0.00424296 0.0152927 0.00495113 0.00803821 0.0191255 0.0163705 0.00410216 0.00545156 0.00458698 0.00692259 0.0137677 -0.00079859 0.00597996 -0.00884988 -0.00212189 0.00262203 0.00401882 -0.00153006 0.000342728 -0.00207695 0.00765014 -0.00178303
internal_weight=11638 7200 4438 3440 3856 1811 2045 806 2634 998 2515 345 653 536 2346 1928 1805 1259 375 546 213 3344 418 271 884 1270 1005 755 250 1438
internal_count=11638 7200 4438 3440 3856 1811 2045 806 2634 998 2515 345 653 536 2346 1928 1805 1259 375 546 213 3344 418 271 884 1270 1005 755 250 1438
is_linear=0
shrinkage=0.02


Tree=72
num_leaves=31
num_cat=0
split_feature=9 2 8 9 5 2 2 6 2 4 9 11 12 4 4 2 2 4 2 5 7 10 10 11 9 10 10 12 4 6
split_gain=936.553 378.291 159.826 134.541 91.8887 85.2091 82.7846 80.8769 85.6571 65.3947 53.3419 51.3814 50.3617 45.1727 44.5931 51.9186 39.645 44.3222 43.7581 68.1575 37.1216 36.1598 34.2606 34.0432 102.187 36.6916 58.5557 51.7688 39.3658 33.6168
threshold=0.19523313045340213 0.67729635109107722 8.5000000000000018 0.24453002781157659 0.85822254121090158 0.68013802261953127 0.28747260192018287 3.5000000000000004 0.94001163670559063 -0.60040923577041494 0.15729406949921873 0.36700000000000005 69.818014705882362 -0.080588022776976548 -0.49392618769886637 0.91645412704283491 0.98628869528565521 -0.52683418667496817 0.89365200436144743 0.33291001622759869 1.0000000180025095e-35 0.25931889056889063 0.28591300667154895 0.47512500000000008 0.11904058860878225 0.28082404858173654 0.2556580686366885 66.343750000000014 -0.041220803215587076 3.5000000000000004
decision_type=2 10 2 2 2 8 8 2 10 2 2 2 2 2 2 10 8 2 10 2 2 2 2 2 2 2 2 2 2 2
left_child=1 6 3 4 16 -4 29 20 11 -7 -8 -9 -5 22 -11 -16 17 -2 21 -20 -3 -19 -12 -13 -25 26 28 -27 -26 -1
right_child=2 7 5 12 -6 9 10 8 -10 14 13 23 -14 -15 15 -17 -18 18 19 -21 -22 -23 -24 24 25 27 -28 -29 -30 -31
leaf_value=-0.010261971014640504 0.00063996320571934825 -0.0043457200019300013 -0.01293107520374987 0.025113157465319783 -0.0075674383834536587 0.020855366037887277 -0.0070920697935957025 -0.010470741122382983 0.016244269817084225 -0.0078932104286822402 0.0027984853255738234 0.012803914752161211 0.011438692755333773 -0.012039356886161317 0.0026674431348568933 0.013279679512209075 0.0034884172259573489 0.021198692865436897 0.03317859285239097 0.011825968702947061 0.0045161278473908814 0.0092108480516038121 -0.0071748703838950337 -0.014976915194839241 0.0014618458249289912 -0.012279832385182382 0.012353538095438718 0.0030099354580191795 0.012449757287753684 -0.019579463704320569
leaf_weight=466 101 1003 108 411 112 103 3290 116 197 110 567 138 146 139 673 254 207 128 113 127 233 471 182 125 957 125 349 304 151 232
leaf_count=466 101 1003 108 411 112 103 3290 116 197 110 567 138 146 139 673 254 207 128 113 127 233 471 182 125 957 125 349 304 151 232
internal_value=6.69593e-05 -0.00332468 0.0095578 0.0133445 0.0097236 0.00404769 -0.00698318 0.00149923 0.00359491 0.00565621 -0.00591801 0.00249472 0.0215288 -0.00156819 0.00414655 0.00557522 0.011412 0.0131569 0.0146637 0.0218795 -0.00267516 0.0117725 0.000375053 0.00319458 0.00253516 0.00369582 0.00520953 -0.00144513 0.0029593 -0.0133589
internal_weight=11638 8574 3064 1816 1259 1248 4876 3698 2462 1140 4178 2265 557 888 1037 927 1147 940 839 240 1236 599 749 2149 2011 1886 1457 429 1108 698
internal_count=11638 8574 3064 1816 1259 1248 4876 3698 2462 1140 4178 2265 557 888 1037 927 1147 940 839 240 1236 599 749 2149 2011 1886 1457 429 1108 698
is_linear=0
shrinkage=0.02


Tree=73
num_leaves=31
num_cat=0
split_feature=0 0 9 9 0 8 1 12 8 9 9 9 3 0 12 5 8 3 0 2 0 9 2 3 2 9 9 2 1 8
split_gain=1112.4 258.745 175.78 97.6282 90.4662 111.375 84.4917 84.5392 79.4893 112.56 110.56 72.4926 62.2095 77.2272 56.2926 78.0427 49.8792 59.8391 53.0725 46.0996 48.5523 51.5306 43.6986 42.2992 58.0806 73.0988 41.1589 41.017 46.726 36.7541
threshold=0.18255447790944893 0.12001402018234594 0.19914839384885472 0.15729406949921873 0.27137270439802647 8.5000000000000018 0.33892326377004434 68.424632352941188 2.5000000000000004 0.1845250989582308 0.20036935228636912 0.21170562156011111 64.738358659950364 0.18106412652261553 68.656250000000014 0.25715075494357637 5.5000000000000009 65.399968991255221 0.23947637556268772 0.74318296146677221 0.16065607355345912 0.11075207676967917 0.82683254425717545 73.037145611335731 0.89174468006221985 0.15801713586291313 0.23499880070358725 0.9063618821633993 0.33092658717190793 5.5000000000000009
decision_type=10 8 2 2 10 2 10 2 2 2 2 2 10 8 2 2 2 10 10 8 10 2 10 10 8 2 2 8 10 2
left_child=1 22 16 12 5 6 11 -8 10 -10 -5 -4 -3 19 29 -16 18 -18 23 -14 21 -21 -1 24 25 -2 -13 -19 -29 -6
right_child=2 3 4 8 14 -7 7 -9 9 -11 -12 26 13 -15 15 -17 17 27 -20 20 -22 -23 -24 -25 -26 -27 -28 28 -30 -31
leaf_value=-0.0090538585764571231 -0.013498774125761944 -0.0078954967683692832 0.034321700777696529 0.00044017875783923847 0.0041914751359985935 0.0041314642283435078 0.01573445737439879 -0.0038674096791573719 0.0053924092916174098 -0.0063874516335937831 0.017501599117024744 0.009197002001776455 -0.0034209117950295253 -0.013850871191357382 0.039960565666357674 0.017903932489325546 -3.3525848415401445e-05 0.0067360794013245151 0.0082734182352504262 0.0081268964866666425 0.011523207962381684 -0.0055427411382755858 0.0016576398420147598 0.0068135051884186957 -0.019908973215121743 0.0096638002554211046 0.02244996487906184 0.0082298972781832888 0.025699873681949537 0.019253915062427154
leaf_weight=3184 109 921 115 335 108 672 215 149 642 656 278 178 669 174 102 173 380 616 196 190 227 263 160 104 107 109 198 131 115 162
leaf_count=3184 109 921 115 335 108 672 215 149 642 656 278 178 669 174 102 173 380 616 196 190 227 263 160 104 107 109 198 131 115 162
internal_value=6.56201e-05 -0.00435717 0.00871022 -0.00114434 0.0127207 0.0102241 0.0150127 0.00771062 0.00224211 -0.000561049 0.00817766 0.020426 -0.00379225 -0.0013109 0.0197159 0.0260849 0.00425935 0.00657833 -0.000348924 0.000306559 0.00397373 0.000190661 -0.00854135 -0.00428827 -0.00784084 -0.00191749 0.016176 0.00949307 0.0163968 0.0132289
internal_weight=11638 7699 3939 4355 2072 1527 855 364 1911 1298 613 491 2444 1523 545 275 1867 1242 625 1349 680 453 3344 429 325 218 376 862 246 270
internal_count=11638 7699 3939 4355 2072 1527 855 364 1911 1298 613 491 2444 1523 545 275 1867 1242 625 1349 680 453 3344 429 325 218 376 862 246 270
is_linear=0
shrinkage=0.02


Tree=74
num_leaves=31
num_cat=0
split_feature=0 0 9 9 0 1 5 12 5 9 3 1 3 12 5 5 7 1 3 11 5 0 3 3 3 6 5 3 4 4
split_gain=1068.54 211.045 202.586 107.991 100.217 87.3288 65.9123 61.9818 66.1817 47.407 47.7517 57.122 49.5391 53.9104 43.6987 68.635 41.6848 69.6148 101.332 41.5333 40.7406 38.6038 45.7248 64.8233 55.2202 45.8191 38.248 37.4675 76.8343 72.7618
threshold=0.17363672863950338 0.12001402018234594 0.19727575982209047 0.24006578947368423 0.27137270439802647 0.40484896414153265 0.34670027156374533 68.656250000000014 0.25715075494357637 0.15729406949921873 65.000422157096381 0.083751361609878283 66.098082008018466 68.093750000000014 0.59027386448500729 0.67204064251326523 1.0000000180025095e-35 0.27302350938696945 70.302170601163212 0.88693181818181832 0.8895503058598504 0.18654226038975652 68.700627421504905 62.952875134188666 72.839515466499662 4.5000000000000009 0.35979563378038187 65.399968991255221 -0.1243939025162978 -0.36759959504554018
decision_type=10 8 2 2 10 10 2 2 2 2 10 10 10 2 2 2 2 10 10 2 2 10 10 10 10 2 2 10 2 2
left_child=1 -1 16 9 5 14 -7 19 -9 10 -3 -12 -13 26 21 -16 27 -18 -19 -6 -17 -4 23 -23 -24 -25 -14 28 -2 -29
right_child=2 3 4 -5 7 6 -8 8 -10 -11 11 12 13 -15 15 20 17 18 -20 -21 -22 22 24 25 -26 -27 -28 29 -30 -31
leaf_value=-0.0083705198303004012 -0.0067810391647244181 -0.0075698111180513552 0.0023567534409132656 0.016933927575383728 0.018514329806097189 -0.011518188351837889 0.0083637000904972121 0.038394825046636022 0.018433238898581835 0.00062529048464935399 -0.012344569971941975 0.011639524968770834 -0.011736917026693562 0.0032499594232846662 -0.006729998654375474 0.017216908182602908 -0.0022454507079991428 0.0066577524784693174 0.030520483600348234 0.0025240815756390395 0.0012142989933490752 0.0062351046088312215 0.0037771160093908931 0.018502510931814112 0.018153693696141851 0.033589545144687774 -0.00099661048795160381 0.010727430458105463 0.01101643403802882 0.00021594020924149427
leaf_weight=3344 401 886 107 123 176 125 143 106 178 1508 172 130 243 502 120 175 165 247 100 103 100 116 235 249 196 119 292 409 128 740
leaf_count=3344 401 886 107 123 176 125 143 106 178 1508 172 130 243 502 120 175 165 247 100 103 100 116 235 249 196 119 292 409 128 740
internal_value=6.43077e-05 -0.00469358 0.00778328 -0.00150487 0.0120009 0.00955994 -0.000909569 0.0193063 0.0258837 -0.00211241 -0.0039679 -0.00158456 1.31686e-06 -0.00145767 0.0115401 0.00589061 0.00345399 0.00844925 0.0135346 0.0126111 0.0113978 0.0137236 0.0150528 0.0192718 0.010315 0.0233812 -0.00587492 0.00192981 -0.00247466 0.00395763
internal_weight=11638 7200 4438 3856 2248 1685 268 563 284 3733 2225 1339 1167 1037 1417 395 2190 512 347 279 275 1022 915 484 431 368 535 1678 529 1149
internal_count=11638 7200 4438 3856 2248 1685 268 563 284 3733 2225 1339 1167 1037 1417 395 2190 512 347 279 275 1022 915 484 431 368 535 1678 529 1149
is_linear=0
shrinkage=0.02


Tree=75
num_leaves=31
num_cat=0
split_feature=0 0 9 10 11 12 0 1 3 11 1 3 4 11 11 4 2 11 9 4 12 2 2 3 3 4 0 4 12 0
split_gain=1031.58 227.761 149.221 144.8 75.7235 87.8711 69.3719 60.339 70.0727 67.8025 53.8353 55.7252 67.3014 53.6525 58.4034 51.4107 51.4923 47.7916 50.3929 46.5424 51.225 43.9753 43.7261 53.8509 47.6064 55.0321 42.8234 42.5278 38.0184 42.4754
threshold=0.18255447790944893 0.10781923636184194 0.24325980392156865 0.34819042378274373 0.70062500000000016 70.187500000000014 0.29374750631640317 0.37277245187519886 70.366036324048139 0.90806250000000011 0.14982920993482138 65.889685547734089 -0.13440359775469099 0.91696691176470602 0.7360477941176472 -0.18628197030487076 0.80857805524612358 0.68211397058823542 0.059108436550595937 -0.19668095268989264 67.468750000000014 0.8892210485337414 0.74777784735885278 66.487873590355818 62.315550661800366 -0.26004584396522229 0.22212929928807137 -0.2655132788456645 68.27389705882355 0.063833157759692241
decision_type=10 8 2 2 2 2 10 10 10 2 8 8 2 2 2 2 8 2 2 2 2 8 10 10 8 2 10 2 2 10
left_child=1 28 4 6 17 10 13 9 21 26 -6 12 27 14 15 -2 -17 18 -3 -13 -21 -9 24 -24 -20 -26 -5 -12 -1 -30
right_child=3 2 -4 7 5 -7 -8 8 -10 -11 11 19 -14 -15 -16 16 -18 -19 22 20 -22 -23 23 -25 25 -27 -28 -29 29 -31
leaf_value=-0.010618663911968973 -0.0006464335347475175 -0.014688755619210124 0.019243173310326205 0.0051657587261154103 0.0072471158822509842 0.0084254806115232565 0.018209879969957696 0.012945928817492618 0.022089974230375162 0.032215794595475827 -0.0084173090865410742 0.0031090981246662997 0.0047148496545284888 -0.0059593894958839214 0.0086372721466383105 -0.00063957824199287986 0.01533044977762287 -0.013398480193955557 0.0046356136214941047 0.00054558411240577696 -0.015748371948529759 -0.00057826492935419082 -0.0048369484579513884 0.0078068742480153505 -0.0088594208516807847 -0.0015998820508343501 0.021692079167482975 -0.023799794055166697 -0.011193837401172628 -0.0029521509373609633
leaf_weight=1629 681 151 135 104 244 470 186 198 161 144 228 604 111 152 1606 135 201 210 215 182 134 187 242 304 867 806 158 105 383 721
leaf_count=1629 681 151 135 104 244 470 186 198 161 144 228 604 111 152 1606 135 201 210 215 182 134 187 242 304 867 806 158 105 383 721
internal_value=0.000197754 -0.00403284 -0.00149854 0.00856704 -0.00207316 0.000818289 0.00638552 0.0153522 0.0110103 0.0211913 -0.00140521 -0.00295298 -0.00877202 0.00559297 0.00626242 0.00251215 0.00891392 -0.00422286 -0.00347745 -0.000144663 -0.00636388 0.00637703 -0.00278193 0.00220284 -0.0042235 -0.005362 0.015132 -0.0132676 -0.00867674 -0.00581136
internal_weight=11654 7741 5008 3913 4873 2078 2961 952 546 406 1608 1364 444 2775 2623 1017 336 2795 2585 920 316 385 2434 546 1888 1673 262 333 2733 1104
internal_count=11654 7741 5008 3913 4873 2078 2961 952 546 406 1608 1364 444 2775 2623 1017 336 2795 2585 920 316 385 2434 546 1888 1673 262 333 2733 1104
is_linear=0
shrinkage=0.02


Tree=76
num_leaves=31
num_cat=0
split_feature=0 0 10 11 8 12 0 3 1 10 8 6 10 10 10 12 12 1 4 11 1 1 0 0 10 11 3 8 4 0
split_gain=990.734 218.742 139.066 107.971 100.94 70.107 66.6248 59.0505 89.4509 86.8886 58.13 57.1324 56.6866 58.6024 48.8861 48.5501 48.3339 47.9273 51.6671 46.4899 44.9396 65.1943 64.8523 50.9685 44.7688 43.546 47.0728 40.4786 38.2621 44.7812
threshold=0.18255447790944893 0.10781923636184194 0.34819042378274373 0.70062500000000016 2.5000000000000004 70.187500000000014 0.29374750631640317 73.263037537707319 0.37022773192176256 0.37876350089201866 4.5000000000000009 4.5000000000000009 0.25363862818500282 0.2892046614430413 0.32129106716792261 72.125000000000014 65.906250000000014 0.14748255115460576 -0.46919832621914298 0.68211397058823542 0.32039492984549073 0.28309132946616716 0.19052162367632361 0.22796945624854767 0.05919813347625031 0.91033333333333344 67.741248877196952 13.500000000000002 -0.35060212545205799 0.055189202761504415
decision_type=10 8 2 2 2 2 10 10 10 2 2 2 2 2 2 2 2 8 2 2 10 10 10 10 2 2 10 2 2 10
left_child=1 27 6 19 11 17 10 8 9 -4 12 14 -2 -14 -5 -7 -12 -6 -19 24 21 22 -18 -22 -3 26 -10 28 29 -1
right_child=2 3 7 4 5 15 -8 -9 25 -11 16 -13 13 -15 -16 -17 20 18 -20 -21 23 -23 -24 -25 -26 -27 -28 -29 -30 -31
leaf_value=-0.014627353534298509 -0.0049072392854321882 -0.015488575362953647 0.031512218550146548 0.00029962485144943094 0.006248237087869841 0.01350805071022404 0.017845682342091114 0.027352034432062907 0.0053050645395523047 0.011043135163100326 0.0019834223927526306 0.016696343757984785 0.015868389735485884 -0.0004831622399284806 0.016277558531722813 -0.0010345132531988067 -0.0050262773982366598 0.0041129684569360002 -0.0071596579816053489 -0.013130510658203136 -0.0006436850265731165 0.019745615562872125 0.01161144399377697 0.010408914632749344 -0.0027753861757624058 -0.0006737563433125615 0.020873179015048121 -0.0026844458986778519 -0.011440983445926724 -0.0035798450894509405
leaf_weight=190 367 116 162 317 181 197 186 134 183 170 526 223 149 213 101 172 119 203 818 210 319 291 441 350 2470 168 135 407 1491 645
leaf_count=190 367 116 162 317 181 197 186 134 183 170 526 223 149 213 101 172 119 203 818 210 319 291 441 350 2470 168 135 407 1491 645
internal_value=0.000193799 -0.00395218 0.0083957 -0.00146857 0.00183305 -0.000895982 0.00625781 0.0150452 0.0130291 0.0210311 0.00548111 0.00852153 0.000631714 0.00624717 0.00416032 0.0067294 0.00720897 -0.00323689 -0.00491838 -0.00408057 0.00901729 0.0120664 0.00807593 0.00513869 -0.00334566 0.00756279 0.0119142 -0.00850321 -0.00952137 -0.00609365
internal_weight=11654 7741 3913 5008 2212 1571 2961 952 818 332 2775 641 729 362 418 369 2046 1202 1021 2796 1520 851 560 669 2586 486 318 2733 2326 835
internal_count=11654 7741 3913 5008 2212 1571 2961 952 818 332 2775 641 729 362 418 369 2046 1202 1021 2796 1520 851 560 669 2586 486 318 2733 2326 835
is_linear=0
shrinkage=0.02


Tree=77
num_leaves=31
num_cat=0
split_feature=0 0 10 11 8 5 8 3 3 0 3 1 10 3 3 3 3 11 1 12 12 11 3 0 11 4 12 12 5 1
split_gain=951.501 210.137 133.559 92.0695 88.3513 72.9365 66.4372 64.683 64.9338 66.5002 56.7121 85.9087 83.4478 55.6994 52.1959 56.3769 49.4079 108.87 45.3968 51.216 41.9345 41.8216 45.2087 41.4596 40.3581 40.0905 40.8497 39.9892 55.184 43.1837
threshold=0.18255447790944893 0.11904784237517686 0.34819042378274373 0.70062500000000016 6.5000000000000009 -0.21757726608446623 5.5000000000000009 75.224050820636336 72.839515466499662 0.27137270439802647 73.263037537707319 0.37022773192176256 0.37876350089201866 65.000422157096381 75.412711613889272 67.000600794430582 70.302170601163212 0.76593750000000005 0.083751361609878283 71.205882352941188 69.031250000000014 0.91033333333333344 67.741248877196952 0.19567327506892615 0.74849264705882368 -0.24837509188166512 67.781250000000014 66.218750000000014 0.36291393052847815 0.31755346351366848
decision_type=10 8 2 2 2 2 2 10 10 10 10 10 2 10 10 10 10 2 10 2 2 2 10 10 2 2 2 2 2 10
left_child=1 -1 5 18 20 -2 14 8 9 23 11 12 -4 -6 15 -7 17 -15 25 -20 -5 22 -13 -8 -17 -3 -27 28 -25 -29
right_child=2 3 10 4 13 6 7 -9 -10 -11 -12 21 -14 16 -16 24 -18 -19 19 -21 -22 -23 -24 27 -26 26 -28 29 -30 -31
leaf_value=-0.0076947900943257199 -0.008515450585490237 -0.012691130629924845 0.030881973924488978 0.0031591647869470721 -0.0092666102111833865 0.0063478584925644099 0.00095754808353149912 -0.0060573370371745016 0.021981482109043497 0.020311914804624395 0.02680499370557381 0.0051989632611585367 0.010822272320332773 0.020499836928317791 0.014839240034248254 -0.01218889893175891 -0.0052044282400338518 -0.0019623915108266791 -0.0034321775269033463 0.0064015903689224668 0.011484738547684521 -0.00066028130628789465 0.020455715229113897 -0.0049728356531740714 0.00033149615089983833 0.005613663944509603 -0.010212031002297546 0.016480188465603677 0.010915324606393512 0.0067503993547497658
leaf_weight=3301 130 359 162 689 309 400 321 107 163 176 134 183 170 131 122 156 293 253 1526 246 373 168 135 162 303 129 132 380 190 351
leaf_count=3301 130 359 162 689 309 400 321 107 163 176 134 183 170 131 122 156 293 253 1526 246 373 168 135 162 303 129 132 380 190 351
internal_value=0.000189923 -0.00387314 0.00822779 -0.00103186 0.00208066 0.00613265 0.0068053 0.00903637 0.00996295 0.00872307 0.0147443 0.0127685 0.0206104 -0.00223051 0.00259787 0.000859276 0.00098094 0.0057005 -0.00369676 -0.00206699 0.00608331 0.00741153 0.0116759 0.00727033 -0.0039238 -0.00835474 -0.00239014 0.00914143 0.00360316 0.0118083
internal_weight=11654 7741 3913 4440 2048 2961 2831 1850 1743 1580 952 818 332 986 981 859 677 384 2392 1772 1062 486 318 1404 459 620 261 1083 352 731
internal_count=11654 7741 3913 4440 2048 2961 2831 1850 1743 1580 952 818 332 986 981 859 677 384 2392 1772 1062 486 318 1404 459 620 261 1083 352 731
is_linear=0
shrinkage=0.02


Tree=78
num_leaves=31
num_cat=0
split_feature=0 0 9 10 5 11 12 8 0 11 9 5 9 4 8 9 10 4 5 5 9 8 5 5 10 6 10 10 9 8
split_gain=913.821 202.941 139.32 128.27 70.0482 66.3767 80.4608 63.8063 51.8012 44.1576 47.3532 43.9077 57.7052 40.72 40.5151 57.7365 46.6442 63.658 38.9019 61.871 45.1543 38.8757 39.4824 43.8127 38.6682 56.9272 35.4647 34.8451 41.0244 33.9031
threshold=0.18255447790944893 0.10781923636184194 0.24325980392156865 0.34819042378274373 -0.21757726608446623 0.70062500000000016 70.187500000000014 5.5000000000000009 0.27137270439802647 0.68211397058823542 0.059108436550595937 0.85822254121090158 0.15801713586291313 -0.11958829528462554 6.5000000000000009 0.16568743985962534 0.24585219175049858 -0.24133847635658398 0.40371318794358596 0.098657919598108934 0.16769449715370022 13.500000000000002 0.066953200088223322 -0.020398162954569837 0.3650183353453072 4.5000000000000009 0.37581149945574627 0.29676146801791542 0.19809042019870571 12.500000000000002
decision_type=10 8 2 2 2 2 2 2 10 2 2 2 2 2 2 2 2 2 2 2 2 2 2 2 2 2 2 2 2 2
left_child=1 21 5 4 -2 9 14 11 -9 10 -3 12 -6 27 15 -7 -17 -18 19 -16 -20 22 23 -1 -5 26 -26 28 -14 -24
right_child=3 2 -4 24 7 6 -8 8 -10 -11 -12 -13 13 -15 18 16 17 -19 20 -21 -22 -23 29 -25 25 -27 -28 -29 -30 -31
leaf_value=-0.0079834692618514155 -0.0083451418151649151 -0.014122738926023837 0.018638345748738006 0.022167720079933312 -0.004644917248334322 -0.0051653830006570126 0.0080278128040558155 0.0077035878685966334 0.018577603408116469 -0.012791214080616122 -0.0025806085231386612 -0.0091810778600979696 0.0017444972565461849 0.01679562626202611 0.0008691201073782785 0.017979424316801277 0.0092048117013361595 -0.0070197338753221726 0.0089282069685677565 -0.014321792196509317 -0.0056858134881329183 -0.0024768612256012767 -0.0095351819172622022 0.0066868137732948654 0.015401610804595125 0.016998936539786479 0.0010514085413888096 -0.0025895413147628971 0.015941754118874184 -0.019254493293030046
leaf_weight=249 130 151 135 204 225 301 470 1654 196 210 2434 113 174 137 175 102 247 159 146 277 201 407 1800 121 103 437 208 179 153 156
leaf_count=249 130 151 135 204 225 301 470 1654 196 210 2434 113 174 137 175 102 247 159 146 277 201 407 1800 121 103 437 208 179 153 156
internal_value=0.000186124 -0.00379568 -0.00140344 0.00806323 0.00601 -0.00195867 0.000748447 0.00666919 0.00885565 -0.00397134 -0.00325483 0.00254591 0.00407258 0.00712302 -0.00137923 0.00177574 0.00588849 0.00285086 -0.00457368 -0.00844035 0.000463025 -0.00817925 -0.00917705 -0.00318589 0.0144494 0.0123444 0.00580405 0.00450416 0.00838725 -0.0103103
internal_weight=11654 7741 5008 3913 2961 4873 2078 2831 1850 2795 2585 981 868 643 1608 809 508 406 799 452 347 2733 2326 370 952 748 311 506 327 1956
internal_count=11654 7741 5008 3913 2961 4873 2078 2831 1850 2795 2585 981 868 643 1608 809 508 406 799 452 347 2733 2326 370 952 748 311 506 327 1956
is_linear=0
shrinkage=0.02


Tree=79
num_leaves=31
num_cat=0
split_feature=0 0 10 11 8 5 12 8 6 1 11 0 6 12 10 1 4 2 11 10 0 5 10 10 8 2 5 12 2 0
split_gain=877.634 194.904 123.191 95.6787 92.1948 67.2743 63.551 61.2796 54.2941 52.7567 64.7111 49.7499 49.6271 46.7702 46.48 46.0591 48.9238 44.1154 42.9758 41.8604 41.4705 39.3358 56.3258 49.6719 37.3362 39.6298 49.0286 49.2199 46.0626 33.7048
threshold=0.18255447790944893 0.10781923636184194 0.34819042378274373 0.70062500000000016 2.5000000000000004 -0.21757726608446623 70.187500000000014 5.5000000000000009 4.5000000000000009 0.37277245187519886 0.90806250000000011 0.27137270439802647 4.5000000000000009 72.125000000000014 0.32129106716792261 0.14748255115460576 -0.46919832621914298 0.68255590421668377 0.68211397058823542 0.05919813347625031 0.22212929928807137 0.398884835259185 0.27422836796114747 0.23374368533952386 13.500000000000002 0.44719277327720308 0.35205937931784675 68.27389705882355 0.61239978837105091 0.1802542315053953
decision_type=10 8 2 2 2 2 2 2 2 10 2 10 2 2 2 8 2 10 2 2 10 2 2 2 2 10 2 2 10 8
left_child=1 24 5 18 8 -2 15 17 14 10 20 -9 -11 -8 -5 -6 -17 -7 19 -3 -4 23 -23 -18 25 -1 -27 -28 -29 -21
right_child=2 3 9 4 6 7 13 11 -10 12 -12 -13 -14 -15 -16 16 21 -19 -20 29 -22 22 -24 -25 -26 26 27 28 -30 -31
leaf_value=-0.011207330260497524 -0.0081782387298209441 -0.014869479254401963 0.0038931930351715823 0.00010883759166634045 0.0061941379253129935 -0.0096904591681822288 0.013037805338839286 0.0075495162064169044 0.016093987661075566 0.0023238082097434415 0.030390523984096945 0.018206051301843086 0.014775599766825805 -0.0012356870566213201 0.015688601825755127 0.0040356477704174415 -0.021257617869379377 0.0039711698659988387 -0.012535389833329689 -0.0013433130604275706 0.020156362036300553 0.0050334765779929446 -0.010216908630003586 -0.0065509133384584984 -0.0024273238767451018 -0.0010044807653125736 -0.014879459201323766 0.0070814280645939906 -0.011833313149445267 -0.0070034865919002048
leaf_weight=1353 130 116 104 317 181 106 197 1654 223 205 144 196 341 172 101 203 133 875 210 1932 158 201 187 297 407 443 324 103 103 538
leaf_count=1353 130 116 104 317 181 106 197 1654 223 205 144 196 341 172 101 203 133 875 210 1932 158 201 187 297 407 443 324 103 103 538
internal_value=0.000182402 -0.00371976 0.00790197 -0.00137537 0.00173263 0.0058898 -0.000875514 0.00653581 0.00812482 0.0141604 0.0196203 0.00867853 0.0101005 0.00638458 0.00387333 -0.00310428 -0.00475267 0.00249499 -0.00383421 -0.00312762 0.0137008 -0.00693364 -0.00231658 -0.0110997 -0.00801567 -0.0089935 -0.00591508 -0.0100196 -0.00237594 -0.00257618
internal_weight=11654 7741 3913 5008 2212 2961 1571 2831 641 952 406 1850 546 369 418 1202 1021 981 2796 2586 262 818 388 430 2733 2326 973 530 206 2470
internal_count=11654 7741 3913 5008 2212 2961 1571 2831 641 952 406 1850 546 369 418 1202 1021 981 2796 2586 262 818 388 430 2733 2326 973 530 206 2470
is_linear=0
shrinkage=0.02


Tree=80
num_leaves=31
num_cat=0
split_feature=0 11 0 2 11 1 3 6 5 8 10 1 3 0 11 2 10 5 1 2 11 2 11 8 5 1 3 12 12 12
split_gain=754.063 216.546 124.281 122.463 70.7375 91.2283 77.9206 65.331 69.5557 63.1452 127.665 66.4427 59.6553 57.9661 56.204 59.049 54.6853 52.0674 51.3303 50.9823 48.9974 44.3397 50.9884 44.0178 43.2014 41.8335 50.6505 38.9767 87.6435 41.8483
threshold=0.1922539221321786 0.62581730769230781 0.26553691660835571 0.8500194394495274 0.84572916666666675 0.45771001461413158 70.987543416455878 4.5000000000000009 0.13694949732126269 4.5000000000000009 0.32129106716792261 0.24471897273852009 65.965099152146777 0.067727944714140537 0.90693750000000006 0.93759080532807137 0.22799095171054665 0.18364436504483919 0.33892326377004434 0.48798291485571671 0.64222527472527491 0.73363573319671516 0.9093541666666668 5.5000000000000009 -0.18694841477307647 0.33316982092763087 66.788657708959349 70.187500000000014 68.424632352941188 67.156250000000014
decision_type=10 2 10 8 2 10 10 2 2 2 2 10 10 10 2 10 2 2 10 10 2 10 2 2 2 10 10 2 2 2
left_child=1 13 7 19 16 6 12 9 -9 10 -2 -11 -6 -1 15 -5 -4 18 -13 -3 -21 -10 25 -18 -22 -23 -27 28 29 -19
right_child=2 3 4 14 5 -7 -8 8 21 11 -12 17 -14 -15 -16 -17 23 27 -20 20 24 22 -24 -25 -26 26 -28 -29 -30 -31
leaf_value=-0.0098371522520483753 -0.0087664886061156449 -0.0085821181299774851 0.021182670437686499 0.0020127618018486175 0.030171043701397563 0.0047835953550280207 0.040290760635075591 -0.00066601741235904597 0.0014368826750327242 0.014832490084049441 0.016529704850310318 0.0038325336171764431 0.0092995097811341808 -0.0047377871067707487 0.015919746059423302 0.016749639252170188 -0.0046078132595571263 0.0086410085426492471 -0.012341430929583917 0.012035182561862087 -0.012412396049077857 0.011178987240814165 0.0023750956378438891 0.01082276672749213 -0.00097171962579237193 0.012056819245079968 0.029487017146653711 -0.0024067386604894867 0.023272045161292859 -0.005278734724785461
leaf_weight=1301 343 426 105 1002 103 112 101 185 110 262 104 182 117 2834 171 122 126 296 138 109 141 212 102 179 2074 107 177 151 132 122
leaf_count=1301 343 426 105 1002 103 112 101 185 110 262 104 182 117 2834 171 122 126 296 138 109 141 212 102 179 2074 107 177 151 132 122
internal_value=0.000188972 -0.00312373 0.00800719 0.000166348 0.0146876 0.0203251 0.0257477 0.00586018 0.0102534 0.00359244 -0.00288102 0.00584781 0.0190712 -0.00634221 0.00523747 0.00361232 0.00873383 0.00354224 -0.00314249 -0.00222169 -0.00105579 0.0131067 0.0152533 0.00444817 -0.0017 0.0179017 0.02292 0.00659376 0.00906481 0.00457831
internal_weight=11646 8180 3466 4045 843 433 321 2623 893 1730 447 1283 220 4135 1295 1124 410 1021 320 2750 2324 708 598 305 2215 496 284 701 550 418
internal_count=11646 8180 3466 4045 843 433 321 2623 893 1730 447 1283 220 4135 1295 1124 410 1021 320 2750 2324 708 598 305 2215 496 284 701 550 418
is_linear=0
shrinkage=0.02


Tree=81
num_leaves=31
num_cat=0
split_feature=9 0 0 3 0 8 3 12 8 0 5 12 9 5 1 3 11 3 1 4 4 11 11 5 11 4 4 11 0 3
split_gain=758.606 249.772 138.863 70.1828 86.6687 71.0016 68.4148 64.9602 64.2476 103.356 87.33 52.5405 51.3239 51.227 51.1228 50.8897 49.6989 59.4163 51.2786 44.7426 52.4271 42.1276 48.1414 45.0581 53.5202 43.8238 42.0702 39.517 37.1053 65.1369
threshold=0.19523313045340213 0.11904784237517686 0.26553691660835571 58.003619933904197 0.1922539221321786 5.5000000000000009 64.700175700008998 73.281250000000014 8.5000000000000018 0.18815547509427141 0.85822254121090158 71.343750000000014 0.10181640058780604 0.18724655243608915 0.31299862485930879 73.037145611335731 0.90424632352941192 70.917803255435416 0.53344530368862142 -0.35060212545205799 -0.15327413876059495 0.72466666666666679 0.76332720588235314 0.90909708009183665 0.67863920454545468 -0.030010861181372344 -0.29332723012599898 0.78805555555555562 0.18815547509427141 62.952875134188666
decision_type=2 10 8 10 10 2 10 2 2 10 2 2 2 2 10 10 2 8 8 2 2 2 2 2 2 2 2 2 10 10
left_child=1 12 8 -3 6 15 -5 14 10 -10 11 28 -1 -11 21 -6 18 -18 -4 -15 -21 23 -23 24 25 -8 -16 -24 -2 -30
right_child=2 3 16 4 5 -7 7 -9 9 13 -12 -13 -14 19 26 -17 17 -19 -20 20 -22 22 27 -25 -26 -27 -28 -29 29 -31
leaf_value=-0.0092643780688866136 0.019051487201817988 -0.01282459227759747 0.016112762220679606 -0.0066242481895464724 -0.0048460956132444352 0.0081722785592903847 -0.0018189430359475476 0.014984160747568488 -0.0069774266407123687 -0.001701867661154049 -0.0078158263421250034 0.00070669704300914697 -0.0046405841222385827 0.0024245588687183553 -0.00015359052288250661 0.011180696561194883 0.014776312950741274 0.032879471938964747 0.0034662934363124866 0.023048453013754532 0.0058644081536651585 0.013350215099137468 -0.0070482026586762151 0.011658560356014583 -0.010826681684861157 0.010706712369847082 -0.016077462568771926 0.0054073786647813758 -0.0045675011247396473 0.01309139463704952
leaf_weight=1612 274 157 399 692 368 917 879 118 324 197 109 167 2375 172 127 101 181 121 189 158 129 194 148 101 235 128 139 327 100 508
leaf_count=1612 274 157 399 692 368 917 879 118 324 197 109 167 2375 172 127 101 181 121 189 158 129 194 148 101 235 128 139 327 100 508
internal_value=0.000185193 -0.0028405 0.00879662 0.000318756 0.000779977 0.00493497 -0.00108493 0.000514913 0.00603326 0.00226452 0.00922269 0.0109931 -0.00651005 0.00682915 -0.000234592 -0.0013947 0.0154349 0.0220296 0.0120478 0.0104906 0.0153246 0.000854808 0.00495519 -0.00118775 -0.00223242 -0.000226804 -0.00847471 0.00152648 0.0129408 0.010187
internal_weight=11646 8618 3028 4631 4474 1386 3088 2396 2138 980 1158 1049 3987 656 2278 469 890 302 588 459 287 2012 669 1343 1242 1007 266 475 882 608
internal_count=11646 8618 3028 4631 4474 1386 3088 2396 2138 980 1158 1049 3987 656 2278 469 890 302 588 459 287 2012 669 1343 1242 1007 266 475 882 608
is_linear=0
shrinkage=0.02


Tree=82
num_leaves=31
num_cat=0
split_feature=11 2 2 11 1 5 11 11 2 10 11 1 10 12 1 10 12 12 8 2 6 2 12 10 6 7 2 12 4 8
split_gain=632.6 173.35 134.832 96.2291 60.4324 77.4484 57.9486 56.6688 81.3412 55.3423 55.9302 48.5663 46.2033 41.1168 40.8089 39.3707 37.5469 44.829 78.3409 44.847 37.5396 37.1414 37.8734 35.6345 40.8085 35.3301 43.9534 33.3894 68.0218 66.8167
threshold=0.71433333333333338 0.81003351977902915 0.73363573319671516 0.94097285067873315 0.20740544137912451 0.16197723414889317 0.75167832167832183 0.77531250000000018 0.87178887931545612 0.34678297305875455 0.88088888888888894 0.38166505362839936 0.21506188953531227 66.406250000000014 0.18755942773872811 0.06748630414167589 71.343750000000014 68.849264705882362 6.5000000000000009 0.89174468006221985 3.5000000000000004 0.4110321867400541 62.781250000000007 0.10313481488303204 1.5000000000000002 1.0000000180025095e-35 0.78110225133598832 67.727941176470594 -0.15327413876059495 6.5000000000000009
decision_type=2 8 10 2 10 2 2 2 10 2 2 10 2 2 10 2 2 2 2 10 2 8 2 2 2 2 10 2 2 2
left_child=2 9 15 4 14 7 -7 -6 -9 13 -11 20 -8 -2 -3 -1 17 27 -19 -20 25 -17 -23 24 -24 26 -4 28 -14 -29
right_child=1 3 11 -5 5 6 12 8 -10 10 -12 -13 16 -15 -16 21 -18 18 19 -21 -22 22 23 -25 -26 -27 -28 29 -30 -31
leaf_value=-0.012187369052310196 -0.0052410315176689608 0.0041046579481077055 0.0039531064422970467 0.019793441911307417 -0.0098596675312068293 0.022294835998960167 -0.002806578319519758 0.017180976447329157 -0.00034909262931861058 0.015859819503022093 -0.0020022826350461214 -0.010222715340929925 0.016384704140613653 0.00137699665070011 -0.0090560395019975565 -0.0085557007991584576 0.0023203985430696543 0.028281650335993617 0.018976080410887497 0.00070718517457997356 0.0048710667727433392 0.0062243790518408428 0.0068710972376550749 -0.0054398596169200741 -0.0061502048309293716 0.0053320551325340528 -0.010373338098011789 -0.0078044734231363499 0.0013902445592479233 0.012273306251576573
leaf_weight=354 548 658 132 258 119 161 110 160 313 175 117 139 420 1193 110 1042 188 160 107 108 832 133 214 2851 175 185 244 117 170 153
leaf_count=354 548 658 132 258 119 161 110 160 313 175 117 139 420 1193 110 1042 188 160 107 108 832 133 214 2851 175 185 244 117 170 153
internal_value=0.000181489 0.0052425 -0.00411165 0.00806439 0.00707353 0.00870423 0.0108804 0.00247701 0.00558074 0.000645289 0.00870274 0.00105021 0.00968167 -0.000706105 0.00221966 -0.00576985 0.010647 0.0119146 0.017685 0.00979915 0.00217507 -0.00525529 -0.00423572 -0.0046651 0.00101318 -0.00182327 -0.00534384 0.00939838 0.0120643 0.00357294
internal_weight=11646 5345 6301 3312 3054 2286 1694 592 473 2033 292 1532 1533 1741 768 4769 1423 1235 375 215 1393 4415 3373 3240 389 561 376 860 590 270
internal_count=11646 5345 6301 3312 3054 2286 1694 592 473 2033 292 1532 1533 1741 768 4769 1423 1235 375 215 1393 4415 3373 3240 389 561 376 860 590 270
is_linear=0
shrinkage=0.02


Tree=83
num_leaves=31
num_cat=0
split_feature=9 9 10 11 8 1 12 1 3 10 5 6 9 9 10 12 10 6 10 3 5 10 12 12 5 9 1 8 5 10
split_gain=706.34 166.63 90.9027 93.1318 82.0172 79.9255 72.8279 97.5481 64.6216 68.4129 71.5474 62.8846 58.8707 56.7554 54.7854 61.2682 54.3719 54.0116 105.432 66.3753 53.7996 56.0786 52.4082 54.0797 48.8565 46.7929 42.4405 54.3503 52.8499 41.2568
threshold=0.19523313045340213 0.14250098010389103 0.29676146801791542 0.71643750000000017 2.5000000000000004 0.28433068715000048 70.878676470588246 0.39904959711269289 66.788657708959349 0.34819042378274373 0.30158512124768799 4.5000000000000009 0.15037799080352274 0.23499880070358725 0.25526382789220403 65.093750000000014 0.27852399744818707 4.5000000000000009 0.35812174829350873 69.130615068564722 0.14918503705753264 0.27966179563768839 61.500000000000007 64.909926470588246 0.3730877271774547 0.23885994997292351 0.27441860699630666 5.5000000000000009 0.35979563378038187 0.2396090562669197
decision_type=2 2 2 2 2 8 2 8 10 2 2 2 2 2 2 2 2 2 2 10 2 2 2 2 2 2 10 2 2 2
left_child=1 22 3 12 6 14 7 -2 9 13 -11 -5 -3 -7 -6 -16 -10 18 -18 -19 -13 29 -1 -24 -21 -9 -25 -28 -29 -22
right_child=4 2 -4 11 5 8 -8 25 16 10 -12 20 -14 -15 15 -17 17 19 -20 24 21 -23 23 26 -26 -27 27 28 -30 -31
leaf_value=0.0057095028308415145 0.028360832586291837 0.0039193651729519134 -0.0067704397076083648 0.0019626924465902802 0.0085691803906811411 -0.0072252192908932866 0.0010514238301445457 0.0027545724329474854 0.026618343299398054 -0.00071257630224562873 0.018845939336496653 -0.00046430700958169846 -0.0046564340721089127 0.010615730836199454 -0.015828376159930199 0.0013463523835941617 0.01493242086557251 0.029308960463246728 -0.005080215460290023 0.019374114300555259 0.0094824729069930922 0.0029230154333198632 -0.010359294869044085 -0.0054073986647445397 0.0017654839674590016 0.01961210286865632 -0.0084624265061084471 -0.0027145383386976193 0.01248743936915191 0.0234940935716033
leaf_weight=172 220 477 581 993 320 227 119 146 104 121 196 151 974 104 102 448 248 117 183 134 145 149 776 3456 119 120 178 180 186 200
leaf_count=172 220 477 581 993 320 227 119 146 104 121 196 151 974 104 102 448 248 117 183 134 145 149 776 3456 119 120 178 180 186 200
internal_value=0.000177859 -0.00274174 0.000487383 0.00185248 0.00848734 0.00684257 0.0150746 0.0185082 0.00956132 0.00473996 0.0113804 0.00512097 -0.00183724 -0.0016196 0.00198944 -0.00183878 0.0130135 0.0112471 0.00643518 0.0168524 0.00998325 0.0131767 -0.00513683 -0.00552744 0.0110918 0.0103595 -0.00459006 0.000602454 0.00501106 0.0176052
internal_weight=11646 8618 3670 3089 3028 2423 605 486 1553 648 317 1638 1451 331 870 550 905 801 431 370 645 494 4948 4776 253 266 4000 544 366 345
internal_count=11646 8618 3670 3089 3028 2423 605 486 1553 648 317 1638 1451 331 870 550 905 801 431 370 645 494 4948 4776 253 266 4000 544 366 345
is_linear=0
shrinkage=0.02


Tree=84
num_leaves=31
num_cat=0
split_feature=0 11 2 0 11 1 4 10 0 0 11 2 2 2 11 11 10 5 2 11 8 8 1 5 11 11 11 8 11 1
split_gain=653.792 187.969 111.747 110.343 64.4503 87.4252 59.7569 55.4901 53.8213 52.9167 50.0457 56.0746 48.1337 46.6329 47.5395 46.1305 64.3466 57.9428 48.9468 47.0148 42.5346 41.8549 41.043 40.8824 36.1629 38.633 67.0606 37.1044 34.6989 51.1429
threshold=0.1922539221321786 0.62581730769230781 0.8500194394495274 0.26553691660835571 0.84572916666666675 0.45771001461413158 0.034613927752764943 0.22799095171054665 0.28115400815294606 0.067727944714140537 0.90693750000000006 0.93759080532807137 0.68532667038546913 0.48798291485571671 0.64222527472527491 0.87775000000000014 0.17105028748289328 -0.098877652476858452 0.93405846214207122 0.65968750000000009 6.5000000000000009 5.5000000000000009 0.29000792018214161 -0.18694841477307647 0.88088888888888894 0.71643750000000017 0.74849264705882368 8.5000000000000018 0.85357142857142876 0.30257233114300597
decision_type=10 2 8 10 2 10 2 2 10 10 2 10 10 10 2 2 2 2 10 2 2 2 8 2 2 2 2 2 2 8
left_child=1 9 13 6 7 8 12 -5 -6 -1 11 28 20 -3 -15 16 -14 -18 22 -19 -2 -9 -17 -16 25 -25 -27 -26 -4 -30
right_child=3 2 10 4 5 -7 -8 21 -10 -11 -12 -13 15 14 23 18 17 19 -20 -21 -22 -23 -24 24 27 26 -28 -29 29 -31
leaf_value=-0.0092481540791120535 -0.013178154518741563 -0.008209230116144382 0.0040471288397324438 0.0206059145288808 0.034693196667224986 0.0039158639360851212 0.016264283196438873 -0.0050819594347997323 0.017898327016214629 -0.0043759488911754522 0.015079273234682474 0.016267841789321821 -0.0032893740376772514 0.011883644286966071 -0.012066570324162749 0.0056237843033990686 -0.0035660683946248067 -0.0026634365381724245 0.0087763888466219284 0.011047748616975743 0.0034505384545643015 0.0099647462576128252 -0.0092378441244785198 -0.0035816986122979878 -0.00023946900903764698 0.01310775295953164 9.2038234100389439e-05 -0.016669301536998579 0.0035638735361019336 -0.014671781049907073
leaf_weight=1301 108 426 753 105 125 112 189 126 196 2834 171 122 207 109 141 112 141 109 177 1216 143 179 221 737 108 191 926 112 138 111
leaf_count=1301 108 426 753 105 125 112 189 126 196 2834 171 122 207 109 141 112 141 109 177 1216 143 179 221 737 108 191 926 112 138 111
internal_value=0.000174302 -0.0029103 0.000155016 0.00745418 0.0137489 0.01913 0.00543114 0.00806581 0.0244384 -0.0059089 0.0049992 0.00346567 0.00458995 -0.00212616 -0.0010111 0.00554363 0.00714885 0.00862274 0.000277885 0.00991981 -0.00370444 0.00374873 -0.00423934 -0.00164565 -0.000937188 -2.74561e-05 0.00231764 -0.00860375 0.00190692 -0.00456527
internal_weight=11646 8180 4045 3466 843 433 2623 410 321 4135 1295 1124 2434 2750 2324 2183 1673 1466 510 1325 251 305 333 2215 2074 1854 1117 220 1002 249
internal_count=11646 8180 4045 3466 843 433 2623 410 321 4135 1295 1124 2434 2750 2324 2183 1673 1466 510 1325 251 305 333 2215 2074 1854 1117 220 1002 249
is_linear=0
shrinkage=0.02


Tree=85
num_leaves=31
num_cat=0
split_feature=9 2 2 4 9 5 11 12 12 11 6 10 2 4 10 2 6 8 5 8 12 2 12 11 9 8 8 4 11 9
split_gain=592.105 192.862 94.2014 87.3963 100.793 112.836 86.9598 72.4059 60.9486 58.7262 57.5533 54.4325 53.0772 45.7664 56.5642 42.5827 41.4977 39.7663 64.6055 41.1752 44.8472 38.8465 45.3959 47.2066 36.6355 36.3975 36.2889 47.0403 33.9511 33.8632
threshold=0.19523313045340213 0.67729635109107722 0.9444728092069008 -0.16928870563698703 0.25460891492535026 0.23688735062571314 0.89566964285714301 69.24264705882355 73.187500000000014 0.80905982905982909 2.5000000000000004 0.31106203618117828 0.85184229019803481 0.023048052224564217 0.25789521549869548 0.28747260192018287 1.5000000000000002 13.500000000000002 0.37558682177214314 11.500000000000002 68.757352941176478 0.71332578899560317 71.343750000000014 0.83160416666666681 0.14605350984536658 8.5000000000000018 9.5000000000000018 -0.37332741825906873 0.80531250000000021 0.15143325143325145
decision_type=2 10 10 2 2 2 2 2 2 2 2 2 10 2 2 8 2 2 2 2 2 10 2 2 2 2 2 2 2 2
left_child=1 15 3 4 5 9 -4 -6 10 -2 -3 17 -11 14 -5 16 -1 19 29 26 24 -7 23 25 -21 -23 -12 -28 -16 -19
right_child=2 8 6 13 7 21 -8 -9 -10 12 11 -13 -14 -15 28 -17 -18 18 -20 20 -22 22 -24 -25 -26 -27 27 -29 -30 -31
leaf_value=-0.0023061269857568446 0.02197856167528164 -0.005787275427240667 0.0042866763443206298 0.010673240825976475 0.02315829476241309 -0.0049489476928630703 0.022703125366985773 0.0047827102814335378 0.011540672180217666 0.00087838511704728839 0.0006288247077484814 -0.0088803637253407099 0.01792219724385969 0.0083851685276293622 0.0021486073155721572 -0.0049586371536360849 -0.013154315091918388 -0.0074425329673058786 0.017890025518205486 -0.0087015867015706894 -0.016493518253167468 0.020481714627991511 -0.0073568342470339146 0.001597897602848303 0.0069270394877953972 0.0050538503688018202 0.018666254217061428 0.0027373814269306203 -0.0094956518696813746 0.0087361733117499035
leaf_weight=193 194 615 165 101 260 260 271 128 185 178 1565 208 124 193 146 4179 524 103 151 119 105 127 116 349 121 118 109 232 319 104
leaf_count=193 194 615 165 101 260 260 271 128 185 178 1565 208 124 193 146 4179 524 103 151 119 105 127 116 349 121 118 109 232 319 104
internal_value=-0.000435182 -0.00314382 0.0071275 0.0056915 0.00803181 0.00563276 0.0157336 0.0170962 0.000358523 0.0133922 -0.000244244 0.000965896 0.00787651 -2.51402e-05 -0.00289297 -0.00573123 -0.0102342 0.00175088 0.00794239 0.000766179 -0.0055917 0.00166503 0.00408705 0.00632188 -0.000822154 0.0130512 0.001917 0.00782902 -0.0058396 0.000685899
internal_weight=11562 8513 3049 2613 1854 1466 436 388 3617 496 3432 2817 302 759 566 4896 717 2609 358 2251 345 970 710 594 240 245 1906 341 465 207
internal_count=11562 8513 3049 2613 1854 1466 436 388 3617 496 3432 2817 302 759 566 4896 717 2609 358 2251 345 970 710 594 240 245 1906 341 465 207
is_linear=0
shrinkage=0.02


Tree=86
num_leaves=31
num_cat=0
split_feature=0 0 3 2 0 10 1 1 10 5 5 4 2 3 3 2 5 1 12 3 12 1 3 1 5 12 10 10 3 2
split_gain=563 133.287 97.5642 91.89 85.8511 53.2242 61.2324 77.4266 50.4721 49.056 80.6661 48.7925 56.3639 46.6908 68.0968 50.6691 57.3222 46.1292 44.0164 68.9093 57.8964 47.4726 47.683 45.2327 43.4613 39.0843 39.0271 74.6528 71.5926 51.3757
threshold=0.16065607355345912 0.24987415467404298 62.952875134188666 0.83001353312674075 0.11904784237517686 0.39735125585313663 0.23918437603141871 0.21015274460937333 0.36639561877397248 1.0000000180025095e-35 -0.14690023297581298 0.023048052224564217 0.67729635109107722 65.773097253955015 66.95541232286574 0.77998178236242832 0.48754042139861903 0.34435163819625431 69.788602941176478 68.515590320552903 71.031250000000014 0.29517599908177511 66.098082008018466 0.32525254001100917 0.53757178735192068 73.187500000000014 0.31331007318544302 0.3650183353453072 70.774247068915273 0.85332718775963512
decision_type=10 10 10 10 8 2 10 10 2 2 2 2 8 10 10 8 2 10 2 10 2 10 10 10 2 2 2 2 10 10
left_child=4 2 17 9 25 6 7 -5 -6 10 -4 12 -11 24 -15 16 -16 -2 19 21 -20 -8 -23 -21 -14 -1 -3 29 -29 -28
right_child=1 26 3 5 8 -7 18 -9 -10 11 -12 -13 13 14 15 -17 -18 -19 20 23 -22 22 -24 -25 -26 -27 27 28 -30 -31
leaf_value=-0.0061303997665109909 -0.00097579364516509049 0.0061805149340150925 -0.0018576499784276599 0.0057078474649425708 -0.0024666520104307042 0.020092624891549348 0.023154164836291343 0.02648197523193566 0.011906202299760121 -0.0092777584097348161 0.021054563800338655 0.011458907108320746 -0.015189946059753576 0.017174175926402472 0.012554904954377995 -0.0046642380022511249 -0.0029106383322808093 -0.012706086487374842 -0.01363534040885781 -0.0045387628228114596 0.0043007166890146314 -0.00035481352641275436 0.016612853129163271 0.0096708291082655724 0.0023887401258591381 -0.016117548188025303 0.032776997434347865 0.0028143041991515439 0.022036177988563263 0.015034033780957157
leaf_weight=3131 474 523 126 165 3018 128 124 127 101 288 120 129 127 114 215 373 173 187 109 232 212 132 133 146 101 165 100 296 105 188
leaf_count=3131 474 523 126 165 3018 128 124 127 101 288 120 129 127 114 215 373 173 187 109 232 212 132 133 146 101 165 100 296 105 188
internal_value=-0.000426478 0.0045006 0.00271442 0.00412944 -0.00437966 0.00775537 0.00661105 0.0147432 -0.00200123 0.00103323 0.00931904 -0.000307761 -0.00139899 0.000658204 0.0027587 0.000599216 0.00565919 -0.00429435 0.00442853 0.00703095 -0.00178972 0.0129403 0.00816103 0.000949598 -0.0074029 -0.00663036 0.0102998 0.0134266 0.00784746 0.0211948
internal_weight=11562 5147 3935 3274 6415 1508 1380 292 3119 1766 246 1520 1391 1103 875 761 388 661 1088 767 321 389 265 378 228 3296 1212 689 401 288
internal_count=11562 5147 3935 3274 6415 1508 1380 292 3119 1766 246 1520 1391 1103 875 761 388 661 1088 767 321 389 265 378 228 3296 1212 689 401 288
is_linear=0
shrinkage=0.02


Tree=87
num_leaves=31
num_cat=0
split_feature=9 0 0 4 0 12 1 7 4 5 9 5 10 11 1 9 11 12 0 4 4 5 5 4 10 5 5 11 4 0
split_gain=551.593 209.917 137.847 70.9349 60.5727 60.3879 62.5528 58.5051 57.963 71.0609 67.0002 57.6012 70.576 60.8484 53.1362 73.8429 52.757 51.1659 74.2931 43.9308 40.0346 42.3257 43.4612 40.2085 45.1204 39.8196 83.2404 39.4295 45.5938 38.4767
threshold=0.19523313045340213 0.14286233418886482 0.19838773236826115 -0.68825550024530779 0.26912223356231596 65.849264705882362 0.45232880397529568 1.0000000180025095e-35 -0.15598086254812535 0.4179255683212697 0.26307501036054709 0.31539282342551761 0.26859346132069856 0.86612500000000014 0.3613850936321526 0.25998405103668271 0.69607692307692315 66.909926470588246 0.22796945624854767 -0.063168359413793715 -0.37512698100645531 0.16197723414889317 0.015807851915342987 -0.0044294855988353489 0.21323973622633485 0.36291393052847815 0.47029714764236896 0.85357142857142876 -0.063168359413793715 0.067727944714140537
decision_type=2 10 8 2 10 2 10 2 2 2 2 2 2 2 10 2 2 2 8 2 2 2 2 2 2 2 2 2 2 10
left_child=1 16 19 -3 8 -6 14 20 10 -10 11 12 -4 -14 -7 -16 29 -13 -19 -2 21 22 -5 -22 -25 -9 -27 28 -18 -1
right_child=2 3 4 7 5 6 -8 25 9 -11 -12 17 13 -15 15 -17 27 18 -20 -21 23 -23 -24 24 -26 26 -28 -29 -30 -31
leaf_value=-0.0092875231956087347 0.0022525001148580447 0.015942504516638378 0.026061100860642009 0.0030923120459169151 0.0010395897476758698 0.012334624845390172 0.0066757842049123255 0.00013747879863831768 -0.0071392277460002786 0.009316965988967741 0.020170645958267185 0.012151562784524526 0.016034186263420399 -0.0027516843233166672 0.03899801090821501 0.015771290601789952 0.0015879690766051485 -0.012408014048313629 0.0065095813166682085 -0.0099196481549713236 -0.0041115144861961677 0.0054547540501012756 -0.014548536306892585 0.014693895480685948 -0.0026177966469449216 0.024846293975427314 0.0041266799687888402 -0.0099440536086419316 -0.011474281890030072 -0.0051944530231299883
leaf_weight=1468 776 119 121 125 101 129 139 356 206 214 209 170 157 123 121 100 816 141 202 140 1524 563 101 103 145 103 314 198 123 2455
leaf_count=1468 776 119 121 125 101 129 139 356 206 214 209 170 157 123 121 100 816 141 202 140 1524 563 101 103 145 103 314 198 123 2455
internal_value=-0.000417949 -0.00303228 0.00688143 0.00076952 0.0096682 0.0151186 0.0180266 0.000227953 0.00758411 0.00124559 0.00995471 0.00761868 0.0132975 0.00778182 0.0225344 0.0284882 -0.00562667 0.00317967 -0.00126704 0.000392128 -0.0012276 0.00251985 -0.00479143 -0.00289619 0.00457214 0.00505031 0.00924447 -0.00183331 -0.000123061 -0.00672609
internal_weight=11562 8513 3049 3453 2133 590 489 3334 1543 420 1123 914 401 280 350 221 5060 513 343 916 2561 789 226 1772 248 773 417 1137 939 3923
internal_count=11562 8513 3049 3453 2133 590 489 3334 1543 420 1123 914 401 280 350 221 5060 513 343 916 2561 789 226 1772 248 773 417 1137 939 3923
is_linear=0
shrinkage=0.02


Tree=88
num_leaves=31
num_cat=0
split_feature=9 0 0 4 2 12 7 10 2 3 4 3 12 9 5 3 3 3 2 9 10 5 1 2 12 2 10 0 10 2
split_gain=529.75 201.604 132.388 68.1259 62.674 66.2754 62.1912 60.8337 60.2084 94.7546 60.1892 73.1894 74.28 71.4264 93.915 69.0233 61.9332 51.572 47.9169 74.9756 47.7058 43.3789 41.5458 41.9598 41.8131 40.5466 36.7927 34.3147 33.9252 33.3049
threshold=0.19523313045340213 0.14286233418886482 0.19838773236826115 -0.68825550024530779 0.70352707619556409 69.272058823529434 1.0000000180025095e-35 0.22905629594586174 0.96000457547511642 69.364887584972081 -0.15598086254812535 69.920122170264165 68.21139705882355 0.25460891492535026 0.23221531509986595 63.168994288661075 67.836205574495992 70.649622909887412 0.8500194394495274 0.20987433647492149 0.32243258680480014 0.6909488801837933 0.35450746658354154 0.94001163670559063 63.483455882352949 0.28747260192018287 0.27163752248318895 0.15470539774823314 0.26654863282947355 0.90005174584289016
decision_type=2 10 8 2 8 2 2 2 10 10 2 8 2 2 2 10 10 10 10 2 2 2 10 10 2 8 2 10 2 10
left_child=1 25 18 -3 5 7 22 27 10 -10 13 20 -13 14 26 -15 -17 -8 21 -20 -12 -2 23 24 -6 -1 -4 -5 -24 -26
right_child=2 3 8 4 6 -7 17 -9 9 -11 11 12 -14 15 -16 16 -18 -19 19 -21 -22 -23 28 -25 29 -27 -28 -29 -30 -31
leaf_value=-0.0099601793783867243 -0.00021762438567349214 0.01562365451686773 0.026067062237371621 0.005705755867642685 0.012874442121873681 0.0043095964133230543 0.0043619258122211228 -0.018666994198146894 0.0073849697707114902 0.033387350024094861 -0.00079211993631525123 -0.016848023402038961 0.0064912062108516688 0.031739916354056125 0.0031455600358568847 0.0035757892110661882 0.021841895959321286 0.01902821738511324 -0.005891745061957214 0.015855122768545917 0.015353694091108245 -0.014001436541703613 -0.010213250009823711 0.012972059419570381 0.0010502189469991348 -0.0047932101639407603 0.01175112366032032 -0.0078418889913909259 0.0018111482894183784 -0.0074535598299987271
leaf_weight=706 538 119 104 103 104 226 412 166 123 103 122 120 100 103 646 148 149 125 103 165 183 110 248 119 1189 4354 232 273 151 218
leaf_count=706 538 119 104 103 104 226 412 166 123 103 122 120 100 103 646 148 149 125 103 165 183 110 248 119 1189 4354 232 273 151 218
internal_value=-0.00040959 -0.00297163 0.0067438 0.000754129 0.000223394 -0.00478893 0.00172357 -0.00858277 0.00947484 0.0192356 0.00831808 0.00255323 -0.00623928 0.0105081 0.00760618 0.0176322 0.0127396 0.00777587 0.000384286 0.00749718 0.00889537 -0.00255747 0.000121759 0.0015377 0.000637178 -0.00551414 0.0161822 -0.0041307 -0.00566266 -0.000267353
internal_weight=11562 8513 3049 3453 3334 768 2566 542 2133 226 1907 525 220 1382 982 400 297 537 916 268 305 648 2029 1630 1511 5060 336 376 399 1407
internal_count=11562 8513 3049 3453 3334 768 2566 542 2133 226 1907 525 220 1382 982 400 297 537 916 268 305 648 2029 1630 1511 5060 336 376 399 1407
is_linear=0
shrinkage=0.02


Tree=89
num_leaves=31
num_cat=0
split_feature=9 0 0 8 4 0 12 1 4 5 9 8 0 12 9 1 11 8 0 1 10 4 10 4 11 11 11 9 0 1
split_gain=508.772 194.853 127.146 130.141 86.1248 56.9236 57.285 60.0497 53.5379 68.2026 62.4699 58.7927 59.4659 53.1485 51.239 106.063 47.7402 42.6528 56.5763 48.7418 41.815 57.7749 55.3481 93.9801 83.1304 43.5288 62.5685 41.1898 46.1134 41.0654
threshold=0.19523313045340213 0.11904784237517686 0.19838773236826115 2.5000000000000004 -0.72668405218101628 0.26912223356231596 65.849264705882362 0.45232880397529568 -0.15598086254812535 0.4179255683212697 0.26498818520905348 13.500000000000002 0.21021371116712331 73.187500000000014 0.26806687982946981 0.36344328041450352 0.69607692307692315 12.500000000000002 0.14715169248430426 0.24617156843800361 0.27163752248318895 -0.12211979572510778 0.25526382789220403 -0.12963354056359511 0.72466666666666679 0.75167832167832183 0.73811764705882366 0.16419763404688031 0.16604345034534454 0.40484896414153265
decision_type=2 10 8 2 2 10 2 10 2 2 2 2 8 2 2 10 2 2 10 10 2 2 2 2 2 2 2 2 10 10
left_child=1 16 3 -2 -3 8 -7 14 10 -10 11 12 -4 20 15 -8 -1 18 -5 -20 22 -22 25 24 -24 26 -6 -27 -29 -14
right_child=2 4 5 17 13 6 7 -9 9 -11 -12 -13 29 -15 -16 -17 -18 -19 19 -21 21 -23 23 -25 -26 27 -28 28 -30 -31
leaf_value=-0.0072700327690549205 0.018587863772773921 0.016398055150620337 0.022042649447647555 -0.009267287386359329 -0.00058972452013209096 0.00085648773533135349 0.011491194950434769 0.0062799239499668636 -0.0070412192866206175 0.0090806197963446099 0.020340112604304319 -0.0065504250218564606 0.0090533089076196491 0.0091346991038772953 0.010285976665599324 0.038229460138295382 -0.0017160236090451913 -0.011673558503527947 0.011799850915111392 -0.001986219670688428 -0.0087082354086968645 0.004486566406822848 -0.0035542872008823214 -0.010415791620328589 0.017728726428734961 -0.011466487902314993 0.015485401780086356 0.0095723334296580857 -0.006254236563908896 -0.0043862374071205893
leaf_weight=3158 134 123 124 193 2358 101 103 139 206 214 180 106 606 215 107 140 770 168 177 244 540 176 105 103 244 284 101 109 227 107
leaf_count=3158 134 123 124 193 2358 101 103 139 206 214 180 106 606 215 107 140 770 168 177 244 540 176 105 103 244 284 101 109 227 107
internal_value=-0.000401398 -0.0029122 0.00660892 0.0003766 -0.000111551 0.00928534 0.014569 0.0174013 0.00726501 0.00117324 0.00954331 0.00748242 0.00925958 -0.000566657 0.021818 0.026896 -0.00618129 -0.002744 -0.000300734 0.00380982 -0.00105778 -0.00546482 -0.000164138 0.0063712 0.0113255 -0.00112353 7.05389e-05 -0.00585937 -0.00112002 0.00703643
internal_weight=11562 8513 3049 916 4585 2133 590 489 1543 420 1123 943 837 4462 350 243 3928 782 614 421 4247 716 3531 452 349 3079 2459 620 336 713
internal_count=11562 8513 3049 916 4585 2133 590 489 1543 420 1123 943 837 4462 350 243 3928 782 614 421 4247 716 3531 452 349 3079 2459 620 336 713
is_linear=0
shrinkage=0.02


Tree=90
num_leaves=31
num_cat=0
split_feature=9 2 2 9 2 2 11 5 2 6 10 8 8 5 4 6 8 2 12 5 2 9 9 11 5 9 11 9 10 11
split_gain=540.105 142.213 127.333 96.8139 54.3108 70.3755 63.7559 68.8266 56.6919 48.7175 56.6657 51.5978 46.4841 46.1819 89.4722 44.6902 44.1275 45.8527 43.5676 42.6251 42.6105 42.1159 42.0883 39.8611 39.4243 38.5805 39.4957 54.9113 64.7636 37.2581
threshold=0.18255910067779801 0.5395596084134815 0.81003351977902915 0.22350048075364889 0.82061693131905111 0.93054390559057898 0.88781250000000012 0.5829470712630842 0.84037136320925321 2.5000000000000004 0.31281161257606499 8.5000000000000018 11.500000000000002 0.42364501921173137 -0.20873405940133272 1.5000000000000002 9.5000000000000018 0.67175217103345075 71.281250000000014 0.36291393052847815 0.95642875319567033 0.25460891492535026 0.14312848762340824 0.91696691176470602 0.39394012537227258 0.076105761997893803 0.41937500000000005 0.12310004754674152 0.18400142955785478 0.82390756302521018
decision_type=2 8 10 2 10 10 2 2 10 2 2 2 2 2 2 2 2 8 2 2 10 2 2 2 2 2 2 2 2 2
left_child=1 15 3 16 -4 6 8 23 -6 -3 11 25 -13 14 -5 -1 -2 -18 21 -14 -7 29 -21 -8 -22 -11 -27 -28 -29 -10
right_child=2 9 4 13 5 20 7 -9 18 10 -12 12 19 -15 -16 -17 17 -19 -20 22 24 -23 -24 -25 -26 26 27 28 -30 -31
leaf_value=-0.0027578410302696722 0.0013614790875953239 -0.0041533241244676167 0.023168749212515802 0.02143853669797165 -0.0018984545584310563 0.01883616087212053 0.011358172241788434 -0.014964718538001902 0.015661594299494094 -0.012011162356888181 -0.010864945078922035 0.0069535385687927703 -0.0042650793504358129 0.0021014877498453976 -0.00075237964013857503 -0.0095123411600627379 -0.016183666005837833 -0.0018445799770544333 -0.0015028619357183868 -0.002182993921742309 0.0021467118960816342 0.022227895081462994 0.01065874691505771 -0.0036086310883579049 0.016035359154545493 0.0063890623483248057 -0.0095997345870868726 0.0092436402086329104 -0.0023592558283055806 0.0055573997332499583
leaf_weight=532 732 1924 106 207 171 337 147 103 265 137 191 687 451 245 112 1487 139 249 102 192 173 142 218 138 155 250 319 232 1128 325
leaf_count=532 732 1924 106 207 171 337 147 103 265 137 191 687 451 245 112 1487 139 249 102 192 173 142 218 138 155 250 319 232 1128 325
internal_value=-0.000126391 -0.00316824 0.00599841 0.0018742 0.00920783 0.00848875 0.00593338 -0.00095285 0.00859195 -0.0015597 -0.000248225 0.000312869 0.00307364 0.00863187 0.0136474 -0.00773255 -0.00152877 -0.00698152 0.0107429 -2.21589e-05 0.0138416 0.0124492 0.00464505 0.00411109 0.00870994 -0.00175571 -0.00102735 -0.00213164 -0.000379938 0.0100957
internal_weight=11596 7748 3848 1684 2164 2058 1393 388 1005 5729 3805 3614 1548 564 319 2019 1120 388 834 861 665 732 410 285 328 2066 1929 1679 1360 590
internal_count=11596 7748 3848 1684 2164 2058 1393 388 1005 5729 3805 3614 1548 564 319 2019 1120 388 834 861 665 732 410 285 328 2066 1929 1679 1360 590
is_linear=0
shrinkage=0.02


Tree=91
num_leaves=31
num_cat=0
split_feature=0 9 9 8 2 2 10 10 4 2 11 11 2 2 4 8 11 10 11 0 10 5 6 9 2 11 4 6 11 4
split_gain=592.44 148.622 94.2128 66.0805 65.8897 64.9386 49.3379 93.0489 69.1848 55.5528 67.2087 46.0777 45.6035 96.423 51.9617 53.8372 57.0548 106.13 51.3693 46.1371 42.8147 40.6419 84.2211 54.4812 41.0605 39.6611 49.0611 72.0391 48.8196 42.7323
threshold=0.1573407961764329 0.21525478292862402 0.23710560625814867 14.500000000000002 0.70352707619556409 0.50996077354567937 0.32056245008405942 0.36584087807920346 -0.43871454974719898 0.8041433611247143 0.83483455882352953 0.68906250000000002 0.94611334033277106 0.95825279649037054 -0.11958829528462554 7.5000000000000009 0.78029411764705892 0.26654863282947355 0.69129166666666675 0.25566771427573876 0.25526382789220403 0.25123537226726028 3.5000000000000004 0.19061860974711789 0.82381508676550153 0.6130000000000001 -0.37074871287225697 3.5000000000000004 0.76332720588235314 -0.29089158875107629
decision_type=10 2 2 2 8 8 2 2 2 10 2 2 10 10 2 2 2 2 2 10 2 2 2 2 10 2 2 2 2 2
left_child=2 4 5 6 11 -1 9 -8 -9 -3 -11 -2 14 -14 15 16 18 -18 -6 21 -20 24 -23 -24 -17 -7 -27 28 -28 -29
right_child=1 3 -4 -5 12 25 7 8 -10 10 -12 -13 13 -15 -16 19 17 -19 20 -21 -22 22 23 -25 -26 26 27 29 -30 -31
leaf_value=-0.0077823055166271688 0.001903084042607778 -0.0059243000471483802 0.01422945303566478 -0.0051422047975938764 -0.00024257006070137709 -0.0051792245450664257 0.020903071246675266 0.019709776278181247 0.0047188826912108114 0.022887472623821209 0.0044718800906846674 -0.0088758091753933423 0.024303382605910299 -0.00084944382247303723 0.0080994196158099812 0.0047267686718931567 0.017379775076804545 -0.0050145641776105886 -0.019598415841481517 0.016315609590087276 -0.0042687743010097427 -0.0044742568899411705 0.015954572313030563 0.00065531831389913965 -0.008062708924394011 -0.0057711427448569929 -0.00038184510418194255 0.010811330710442699 -0.014219833571859247 0.0012732929375863845
leaf_weight=1822 326 124 108 112 348 2189 397 166 477 108 298 309 125 119 623 195 149 196 140 118 152 200 300 135 207 686 237 245 179 806
leaf_count=1822 326 124 108 112 348 2189 397 166 477 108 298 309 125 119 623 195 149 196 140 118 152 200 300 135 207 686 237 245 179 806
internal_value=-0.000123863 0.00478276 -0.00428886 0.00969987 0.00251187 -0.00461332 0.0107587 0.0132897 0.008589 0.00579218 0.00937061 -0.00334208 0.00374807 0.0120362 0.00301614 0.00153629 -0.0018988 0.00465719 -0.00543288 0.00446577 -0.0116186 0.00311738 0.0062677 0.0112065 -0.00185886 -0.00328354 -0.00135615 0.000708386 -0.00633617 0.00349672
internal_weight=11596 5324 6272 1682 3642 6164 1570 1040 643 530 406 635 3007 244 2763 2140 985 345 640 1155 292 1037 635 435 402 4342 2153 1467 416 1051
internal_count=11596 5324 6272 1682 3642 6164 1570 1040 643 530 406 635 3007 244 2763 2140 985 345 640 1155 292 1037 635 435 402 4342 2153 1467 416 1051
is_linear=0
shrinkage=0.02


Tree=92
num_leaves=31
num_cat=0
split_feature=0 9 9 2 12 8 2 1 2 2 12 0 9 4 8 9 4 12 12 5 2 11 11 1 7 0 4 9 11 2
split_gain=568.98 142.737 90.482 63.8146 73.574 63.4637 62.367 57.0685 47.3515 72.8605 46.5034 59.5261 44.1473 42.9021 46.9682 59.5072 66.8308 40.9969 76.8786 68.3929 70.7791 39.8022 57.4661 38.3657 42.9549 36.6051 36.117 41.718 72.0686 61.437
threshold=0.1573407961764329 0.21525478292862402 0.23710560625814867 0.67729635109107722 73.187500000000014 14.500000000000002 0.50996077354567937 0.17137043803865729 0.94611334033277106 0.96000457547511642 65.424632352941188 0.14637069452028348 0.08779301676026964 -0.11958829528462554 7.5000000000000009 0.19002650171429256 -0.34333617527126742 71.406250000000014 69.656250000000014 0.34211909285653747 0.90466365623435874 0.66418750000000004 0.75167832167832183 0.22431813707393281 1.0000000180025095e-35 0.17949179052974226 -0.6176145314656355 0.22846481876332625 0.86775000000000013 0.84742337259802392
decision_type=10 2 2 8 2 2 8 10 10 10 2 8 2 2 2 2 2 2 2 2 8 2 2 10 2 10 2 2 2 10
left_child=2 3 6 7 8 25 -1 -2 13 -10 11 -8 -12 14 15 -5 -17 18 19 20 -16 -21 -23 -15 -25 -3 -27 28 29 -28
right_child=1 5 -4 4 -6 -7 10 -9 9 -11 12 -13 -14 23 17 16 -18 -19 -20 21 -22 22 -24 24 -26 26 27 -29 -30 -31
leaf_value=-0.0076266594051758365 0.0089648285314440721 -0.0001202902673673229 0.013944864237887994 -0.0056800157090219983 0.016160525434106759 -0.0050393608013733424 -0.010376504904749468 -0.0080735097012897637 0.021026901000860465 -0.0015327015928924084 -0.0071497388731081371 0.00042855141887841779 -0.0010744423432669993 0.016671632656247402 -0.0074422330560366713 0.015279645838993876 -0.0043371104611687255 -0.0084697519446600162 0.016171051689434147 -0.0027557648168605509 0.011600972723960877 0.022557738119444292 0.0047513243426231941 0.0011866002238879157 0.015445640135869803 0.022328266011817113 0.013706391085671564 0.0084053859217290156 0.0048473315859647618 0.035055605725944045
leaf_weight=1822 100 119 108 699 173 112 671 368 134 100 577 293 2801 122 356 136 142 106 188 103 100 118 188 402 107 112 117 989 133 100
leaf_count=1822 100 119 108 699 173 112 671 368 134 100 577 293 2801 122 356 136 142 106 188 103 100 118 188 402 107 112 117 989 133 100
internal_value=-0.000121386 0.0046871 -0.00420308 0.00246163 0.0034782 0.00950587 -0.00452105 -0.00443284 0.0027471 0.011386 -0.00321787 -0.0070924 -0.00211217 0.00201652 0.000662957 -0.00256721 0.00525958 0.00338589 0.00457933 0.00205998 -0.00326609 0.00799809 0.0116178 0.00659847 0.00418408 0.0105435 0.0114181 0.0105055 0.0164397 0.0235447
internal_weight=11596 5324 6272 3642 3174 1682 6164 468 3001 234 4342 964 3378 2767 2136 977 278 1159 1053 865 456 409 306 631 509 1570 1451 1339 350 217
internal_count=11596 5324 6272 3642 3174 1682 6164 468 3001 234 4342 964 3378 2767 2136 977 278 1159 1053 865 456 409 306 631 509 1570 1451 1339 350 217
is_linear=0
shrinkage=0.02


Tree=93
num_leaves=31
num_cat=0
split_feature=0 0 3 12 2 3 8 3 10 0 8 5 10 8 2 2 2 4 4 3 5 4 10 12 12 0 12 10 3 10
split_gain=546.448 133.326 117.536 75.799 72.8258 70.4746 67.149 94.8077 64.5726 61.4204 60.8704 63.8856 68.6592 60.0805 58.9251 71.4415 54.4709 49.9943 49.5212 54.1985 45.9935 45.7399 44.6927 41.274 40.9455 69.9665 35.8432 37.8729 47.5067 35.5853
threshold=0.1573407961764329 0.25566771427573876 65.32390909044949 66.968750000000014 0.50996077354567937 66.845971888082275 4.5000000000000009 73.037145611335731 0.32833484306800742 0.19413207389576589 3.5000000000000004 0.67921335714493236 0.21506188953531227 9.5000000000000018 0.79000315143221667 0.84941783609519028 0.94611334033277106 -0.13440359775469099 -0.25277243376491682 61.802055509023724 0.41151238165523796 -0.19497938624241476 0.31818789128111163 66.500000000000014 65.424632352941188 0.14637069452028348 71.24264705882355 0.28082404858173654 68.174241339038517 0.25169474301473616
decision_type=10 10 10 2 8 10 2 10 2 10 2 2 2 2 10 10 10 2 2 10 2 2 2 2 2 8 2 2 10 2
left_child=4 2 8 21 -1 9 7 23 17 -4 11 12 -6 -10 -5 -16 -8 18 19 -2 -19 22 -3 -7 25 -12 27 -17 -29 -9
right_child=1 3 5 14 10 6 16 29 13 -11 24 -13 -14 -15 15 26 -18 20 -20 -21 -22 -23 -24 -25 -26 -27 -28 28 -30 -31
leaf_value=-0.0074831397426100956 0.0036150549922751474 -0.0010215855443531329 0.0050013883416368454 0.00063573125430515837 -0.0023626478538362494 0.00090100826543868722 0.0047396452062985492 -0.00061966518018426013 0.01660398782696575 0.018529461185528097 -0.011921794292915129 -0.010898246141842434 0.0066198094186742454 -0.0039160991817694703 0.031624828851609318 0.026058050354236157 0.01818082027710401 -0.0063212307871851536 -0.014919556096698485 -0.0089865920262307119 0.010666097570714113 -0.0074382290411908348 0.016516616909352484 -0.012913765657054949 -0.003197678938753108 0.0061831188755219471 0.0031195608979346706 0.003605959307204819 0.019577389522673485 0.014184173718615845
leaf_weight=1825 237 111 270 105 711 132 1668 119 128 267 524 175 653 103 108 116 130 112 216 322 148 111 122 251 2282 102 102 132 171 143
leaf_count=1825 237 111 270 105 711 132 1668 119 128 267 524 175 653 103 108 116 130 112 216 322 148 111 122 251 2282 102 102 132 171 143
internal_value=-0.000118958 0.00459336 0.00299863 0.0108746 -0.00411902 0.0051675 0.00372551 -0.00181058 -0.00210662 0.0117276 -0.00273842 0.000478038 0.0019376 0.00745434 0.0145053 0.0168206 0.00571148 -0.00424052 -0.0067865 -0.00364385 0.00334848 0.00312787 0.00816151 -0.00815254 -0.00444066 -0.00897179 0.0137517 0.01634 0.0126195 0.00746029
internal_weight=11596 5324 4246 1078 6272 2980 2443 645 1266 537 4447 1539 1364 231 734 629 1798 1035 775 559 260 344 233 383 2908 626 521 419 303 262
internal_count=11596 5324 4246 1078 6272 2980 2443 645 1266 537 4447 1539 1364 231 734 629 1798 1035 775 559 260 344 233 383 2908 626 521 419 303 262
is_linear=0
shrinkage=0.02


Tree=94
num_leaves=31
num_cat=0
split_feature=9 2 2 9 3 9 3 8 6 8 2 2 11 4 3 9 10 2 3 1 1 4 1 4 10 1 2 1 3 4
split_gain=466.035 121.505 111.971 86.2223 61.6308 74.1187 57.8465 52.5927 55.6136 55.5793 52.2171 65.0126 60.4322 54.5705 60.2267 60.5264 46.6761 58.9986 43.865 42.4203 41.6195 41.1819 50.367 49.083 40.5112 43.436 40.4744 39.854 61.7174 39.7188
threshold=0.18255910067779801 0.5395596084134815 0.81003351977902915 0.22350048075364889 75.907564448474105 0.2062486697540605 65.272169145961882 8.5000000000000018 2.5000000000000004 11.500000000000002 0.82061693131905111 0.93054390559057898 0.88781250000000012 -0.088954891511393006 62.315550661800366 0.20036935228636912 0.27596905685906947 0.73920875457758173 67.30504852700038 0.26262977498177248 0.32365035972178907 -0.11958829528462554 0.20866567647995266 -0.52206070110775238 0.28591300667154895 0.18755942773872811 0.95642875319567033 0.2979609223217245 68.406331682342383 -0.43204385642294313
decision_type=2 10 10 2 8 2 10 2 2 2 10 10 2 2 10 2 2 10 10 10 10 2 10 2 2 10 10 10 10 2
left_child=1 -1 3 4 5 24 21 16 -9 18 -4 12 13 14 -12 -16 17 -8 -10 -20 -14 23 -23 -3 25 -2 -13 -17 -29 -5
right_child=2 6 10 29 -6 -7 7 8 9 -11 11 26 20 -15 15 27 -18 -19 19 -21 -22 22 -24 -25 -26 -27 -28 28 -30 -31
leaf_value=-0.0057960807774378939 -0.004093944615105519 0.0032529646956051391 0.022271544090296441 0.017637009004453072 0.0080643825035559419 -0.012533288592120002 -0.0045592337692013669 -0.0037056876972363971 -0.00054991291852992611 0.0015912733582754423 -0.0039557936114187429 0.017889890004507646 0.0049378111865371463 -0.0016426915557760941 0.0026761588316998987 0.0081515055288702756 -0.010350447199415675 0.0035046503323292923 0.0082707800185023179 0.021668113016563916 -0.0081802693306994821 -0.0090568765927580928 0.0083341845769124723 -0.0082740077566468354 -0.0059995075675114149 0.0099450653225424852 0.008020754710674604 0.028809968718086131 0.011838480221148541 0.0051343308441911383
leaf_weight=3371 148 180 106 133 217 272 698 322 109 588 104 337 204 190 190 177 215 756 229 161 184 102 192 825 265 218 328 162 182 431
leaf_count=3371 148 180 106 133 217 272 698 322 109 588 104 337 204 190 190 177 215 756 229 161 184 102 192 825 265 218 328 162 182 431
internal_value=-0.000116579 -0.00294216 0.00557277 0.00170534 -0.0015061 -0.00380598 -0.000744177 0.000749479 0.0035948 0.00575741 0.00858236 0.00787728 0.0054212 0.00800954 0.0102598 0.0123391 -0.00165259 -0.000366458 0.0106666 0.0138015 -0.00128313 -0.00428342 0.00230055 -0.00620948 -4.39763e-05 0.00426809 0.0130221 0.015863 0.0198309 0.00808266
internal_weight=11596 7748 3848 1684 1120 903 4377 3078 1409 1087 2164 2058 1393 1005 815 711 1669 1454 499 390 388 1299 294 1005 631 366 665 521 344 564
internal_count=11596 7748 3848 1684 1120 903 4377 3078 1409 1087 2164 2058 1393 1005 815 711 1669 1454 499 390 388 1299 294 1005 631 366 665 521 344 564
is_linear=0
shrinkage=0.02


Tree=95
num_leaves=31
num_cat=0
split_feature=0 0 2 9 9 4 2 11 11 1 0 0 9 1 12 7 11 12 1 2 0 0 2 2 1 4 11 6 1 9
split_gain=570.581 127.544 116.341 82.4406 73.5793 89.9922 50.7302 49.043 52.9983 58.5457 59.1609 71.5395 46.948 74.0709 41.198 62.7796 51.5122 40.0308 38.2968 33.6217 33.9511 34.9546 33.7246 78.1145 33.3414 33.1052 53.347 69.3512 45.6825 45.5509
threshold=0.17363672863950338 0.096473971447905163 0.92091037630122985 0.24325980392156865 0.25460891492535026 -0.20660079197681799 0.70912202278131597 0.93895833333333345 0.91696691176470602 0.43343956363336061 0.2291473056790477 0.19655484999061015 0.1456013769468969 0.31299862485930879 69.593750000000014 1.0000000180025095e-35 0.88088888888888894 69.272058823529434 0.32198265211259608 0.88001792271744472 0.1330348566479472 0.12398678748418349 0.80215157101949564 0.74777784735885278 0.27746523603809276 0.034613927752764943 0.84453125000000007 1.5000000000000002 0.23310582444684985 0.16929121725731897
decision_type=10 8 10 2 2 2 8 2 2 10 10 10 2 10 2 2 2 2 10 10 10 10 10 10 10 2 2 2 10 2
left_child=1 -1 4 12 6 -6 17 8 9 10 11 -4 19 14 16 -16 24 -2 -12 20 21 -3 23 -22 -14 26 27 -8 -28 -29
right_child=2 3 7 -5 5 -7 25 -9 -10 -11 18 -13 13 -15 15 -17 -18 -19 -20 -21 22 -23 -24 -25 -26 -27 28 29 -30 -31
leaf_value=-0.0072726496206939285 -0.0071032528105231321 -0.0046074705552337615 0.020909700889286457 0.015508100830816798 0.020126676222857427 -0.0010349945439313485 -0.0046580272392373707 0.021693091163989049 -0.0032065088839801116 -0.002165070980349008 0.011230505412723135 7.1343054862621713e-06 4.9766970435118776e-05 -0.013286417690506638 0.0094072578161938213 -0.005698287516117913 -0.0092902749033824533 0.0055886667533492553 0.025168485413305464 0.0060149073436417998 -0.0023129037268333897 -0.012509039747061339 -0.0089191554446305544 0.014637896541728456 0.011600585965388413 0.012785855234162334 0.0097531155484099682 0.0027918301853730831 -0.0041562741647797581 0.0097308733114992736
leaf_weight=2157 307 1337 102 112 232 123 239 171 107 102 127 183 1205 151 447 146 228 147 208 136 577 269 175 134 109 170 117 638 490 930
leaf_count=2157 307 1337 102 112 232 123 239 171 107 102 127 183 1205 151 447 146 228 147 208 136 577 269 175 134 109 170 117 638 490 930
internal_value=0.000267931 -0.00320453 0.00594575 -0.00145862 0.00417881 0.0127946 0.00317202 0.011941 0.00992941 0.0118761 0.0141862 0.00748805 -0.00184532 0.000250698 0.00120812 0.00568819 -0.000514753 -0.00299375 0.0198845 -0.00366857 -0.00419705 -0.00593096 -0.00105409 0.000881762 0.00100794 0.00425533 0.00365459 0.00537777 -0.00147522 0.00690746
internal_weight=11576 7183 4393 5026 3393 355 3038 1000 829 722 620 285 4914 2286 2135 593 1542 454 335 2628 2492 1606 886 711 1314 2584 2414 1807 607 1568
internal_count=11576 7183 4393 5026 3393 355 3038 1000 829 722 620 285 4914 2286 2135 593 1542 454 335 2628 2492 1606 886 711 1314 2584 2414 1807 607 1568
is_linear=0
shrinkage=0.02


Tree=96
num_leaves=31
num_cat=0
split_feature=0 0 2 3 9 9 3 2 2 3 3 3 12 9 12 10 2 12 3 11 7 10 11 2 2 12 11 3 5 11
split_gain=547.986 122.494 111.734 93.184 79.1759 70.6655 66.0467 56.0601 64.9159 50.0391 59.9348 64.7397 58.738 45.0889 51.91 62.0602 47.8191 45.1357 51.2985 42.9696 42.2814 43.6208 48.1614 41.1787 40.0564 39.7255 36.8083 34.234 34.414 32.5589
threshold=0.17363672863950338 0.096473971447905163 0.92091037630122985 72.998589439163041 0.24325980392156865 0.25460891492535026 63.962743160826001 0.86353203085370123 0.8155248651372391 66.95541232286574 65.432736462061641 64.948538123060914 69.303308823529434 0.1456013769468969 69.031250000000014 0.29360368348661509 0.65935033099695806 64.909926470588246 67.776616270430381 0.893798076923077 1.0000000180025095e-35 0.21183096414294875 0.84031250000000013 0.88557001319556916 0.73078168158400769 71.281250000000014 0.85159663865546231 70.366036324048139 0.18364436504483919 0.77275000000000005
decision_type=10 8 10 10 2 2 10 10 10 10 10 10 2 2 2 2 8 2 10 2 2 2 2 10 8 2 2 10 2 2
left_child=1 -1 5 26 13 6 -2 8 -7 10 11 -8 19 -3 15 16 17 -15 -19 24 21 -16 29 -18 -11 -14 -4 28 -26 -23
right_child=2 4 3 -5 -6 7 9 -9 -10 12 -12 -13 25 14 20 -17 23 18 -20 -21 -22 22 -24 -25 27 -27 -28 -29 -30 -31
leaf_value=-0.0071271966630312295 -0.0025271350167018532 -0.00359520229907774 0.0040317937613650089 0.025587797926416918 0.015197938655370049 0.0085092376404114663 0.0099248655461243 0.0028616714338166316 0.0306683014377509 -0.0066905968971164419 0.014705895961302777 -0.0089672779599125063 0.01276489045741337 0.0041076512087786952 -0.0041807574533427568 -0.0081718552940722861 0.005199616721892444 -0.020090297086621987 -0.00093604057751320031 -0.010956969057011792 -0.0040517931807407008 0.0099193058228283591 0.0015378273834376047 -0.0082509245503516425 -0.010918379922956228 0.0027870531554551837 0.012541595864092623 0.0075878160284728116 0.0029173591951985145 0.024068335083268937
leaf_weight=2157 653 2628 347 162 112 111 191 143 101 193 368 117 310 126 104 438 685 116 108 127 167 171 161 105 100 329 491 394 256 105
leaf_count=2157 653 2628 347 162 112 111 191 143 101 193 368 117 310 126 104 438 685 116 108 127 167 171 161 105 100 329 491 394 256 105
internal_value=0.000262573 -0.00314044 0.00582684 0.0117022 -0.00142944 0.00409523 0.00310858 0.0125387 0.0190662 0.00465161 0.00925776 0.0027483 0.00282963 -0.00180842 0.000245684 -0.00177306 0.000685428 -0.00546858 -0.0108552 -3.57148e-05 0.00474508 0.00746057 0.010231 0.00341189 0.00143512 0.00762763 0.00901785 0.00352614 -0.000969084 0.0153021
internal_weight=11576 7183 4393 1000 5026 3393 3038 355 212 2385 676 308 1709 4914 2286 1578 1140 350 224 1070 708 541 437 790 943 639 838 750 356 276
internal_count=11576 7183 4393 1000 5026 3393 3038 355 212 2385 676 308 1709 4914 2286 1578 1140 350 224 1070 708 541 437 790 943 639 838 750 356 276
is_linear=0
shrinkage=0.02


Tree=97
num_leaves=31
num_cat=0
split_feature=0 0 2 3 3 2 5 5 2 3 1 0 10 1 10 1 8 0 5 12 3 5 5 2 0 10 5 5 10 2
split_gain=526.286 117.643 107.45 94.3007 68.6789 50.9887 70.0959 91.0109 49.9595 55.6465 60.7836 59.1454 56.8288 46.0994 45.7146 45.6743 49.9167 41.0558 43.9206 62.2367 51.8955 38.52 38.0749 37.4292 36.5578 62.0849 72.1528 35.9374 35.3834 38.0268
threshold=0.17363672863950338 0.096473971447905163 0.93759080532807137 73.263037537707319 62.315550661800366 0.73920875457758173 0.59027386448500729 0.64401033477929703 0.91996759249116511 74.499255958650522 0.3117468292782033 0.14286233418886482 0.21657623533094403 0.3564100833998774 0.24183484982143896 0.36758460809495869 6.5000000000000009 0.1922539221321786 0.45968492226609786 67.24264705882355 66.195628946663291 0.64401033477929703 0.28883510941607832 0.72613772601414606 0.24298329459537085 0.29850417666058454 0.80162409684154234 0.52781130186199621 0.29360368348661509 0.62156154308951594
decision_type=10 8 10 10 10 10 2 2 10 8 8 10 2 10 2 10 2 10 2 2 10 2 2 10 10 2 2 2 2 10
left_child=1 -1 4 15 -2 13 17 -8 9 10 11 -3 -11 -6 -14 16 -4 22 19 -19 -21 28 -7 -23 25 26 -9 -20 29 -13
right_child=2 8 3 -5 5 6 7 24 -10 12 -12 21 14 -15 -16 -17 -18 18 27 20 -22 23 -24 -25 -26 -27 -28 -29 -30 -31
leaf_value=-0.0069846526819891588 -0.0023882602943333586 -0.0040991547091202458 0.025214020258436602 0.030803387623169635 -0.00203604158930002 -0.0035425089132441307 -0.014965830048951119 0.018026054061698812 0.0088570641612257459 -0.0023843935312213914 -0.0098525975310214935 -0.0023677624290373493 0.018434561895600592 0.010452038048464337 0.0038139380582635335 0.0038706424522816259 0.0088823306550220322 0.0029666851719262481 0.0236555521401032 0.021144098812214955 0.0090662653649518834 0.0012034924408847777 0.0096553848715442599 -0.014455752734727455 0.012050913867718551 -0.010292700996079783 -0.0040446510099632254 0.0090874302892361668 -0.0054850079703067127 0.0077335754215097511
leaf_weight=2157 519 2035 120 101 545 186 115 119 183 590 454 201 104 151 482 272 199 473 159 194 534 144 165 106 178 127 118 118 150 577
leaf_count=2157 519 2035 120 101 545 186 115 119 183 590 454 201 104 151 482 272 199 473 159 194 534 144 165 106 178 127 118 118 150 577
internal_value=0.000257321 -0.00307763 0.0057103 0.012944 0.00435777 0.00545809 0.00679767 0.00119429 -0.00140086 -0.00178847 -0.00300253 -0.0020346 0.00199721 0.000673298 0.00640872 0.00989185 0.0150259 0.00881048 0.0102707 0.00861497 0.0122848 0.00153191 0.00266163 -0.00543603 0.0046231 0.00099082 0.00703726 0.0174496 0.00340905 0.00512385
internal_weight=11576 7183 4393 692 3701 3182 2486 657 5026 4843 3667 3213 1176 696 586 591 319 1829 1478 1201 728 1178 351 250 542 364 237 277 928 778
internal_count=11576 7183 4393 692 3701 3182 2486 657 5026 4843 3667 3213 1176 696 586 591 319 1829 1478 1201 728 1178 351 250 542 364 237 277 928 778
is_linear=0
shrinkage=0.02


Tree=98
num_leaves=31
num_cat=0
split_feature=0 0 4 3 9 3 9 8 4 12 10 10 4 4 1 10 4 12 3 9 1 1 12 8 12 1 10 9 3 10
split_gain=505.445 112.984 112.532 97.339 75.4812 72.9131 66.1037 71.0954 66.9619 61.1742 52.2553 66.372 94.3457 75.336 68.7729 50.4047 46.5924 51.3534 44.0665 42.1811 69.7396 42.0762 53.3913 39.4044 38.9017 40.1797 59.5734 36.26 32.1739 31.557
threshold=0.17363672863950338 0.096473971447905163 -0.72668405218101628 76.338925580697733 0.24325980392156865 61.435034151750735 0.19441960082846924 5.5000000000000009 -0.49392618769886637 67.60477941176471 0.27596905685906947 0.32243258680480014 -0.046108638641158169 -0.18392449410215564 0.40484896414153265 0.28806265523691338 -0.16331384665775289 66.454044117647072 65.47128741904443 0.1456013769468969 0.31299862485930879 0.20740544137912451 68.156250000000014 8.5000000000000018 72.452205882352956 0.29277612538691949 0.29676146801791542 0.14148611534940497 63.370264636043295 0.18535613322847369
decision_type=10 8 2 10 2 10 2 2 2 2 2 2 2 2 10 2 2 2 10 2 10 10 2 2 2 10 2 2 10 2
left_child=1 -1 -2 5 19 -4 7 27 9 -8 21 13 14 -12 16 -5 17 -13 28 29 24 -10 -23 -19 25 26 -21 -7 -9 -3
right_child=2 4 3 15 -6 6 8 18 10 -11 11 12 -14 -15 -16 -17 -18 23 -20 20 -22 22 -24 -25 -26 -27 -28 -29 -30 -31
leaf_value=-0.0068449596056086859 0.02595299544621189 -0.0021054435769418635 -0.0033041018112215715 0.0095254700865064351 0.014861952385732107 -0.011360097282218286 -0.012825403293764049 0.0063264786033676223 0.0053600798210906757 0.0066504429730300154 0.0075827944788683967 0.026939860600275249 0.025170918444895909 -0.011639621143539747 -0.00064290648653370032 0.027906914758854189 -0.00013136234207480562 0.017044532437730266 0.007476466174732228 0.0017656824088149469 -0.012891466301304616 0.010850071189540232 0.029144783781358489 0.0021428036467442593 0.011211430415860377 0.012801888498663903 -0.0065961352776268273 -9.5379617831565703e-05 -0.0067007425227867705 -0.0069882711282247033
leaf_weight=2157 106 1893 443 140 112 166 110 130 103 156 206 106 144 135 268 104 102 166 879 1445 151 121 135 124 144 100 446 367 182 735
leaf_count=2157 106 1893 443 140 112 166 110 130 103 156 206 106 144 135 268 104 102 166 879 1445 151 121 135 124 144 100 446 367 182 735
internal_value=0.000252175 -0.00301607 0.00559609 0.00509275 -0.00137284 0.0043524 0.00529457 0.00246748 0.0078926 -0.00140348 0.00942847 0.00749828 0.0103183 -2.72528e-05 0.00752615 0.0173602 0.0119223 0.0150271 0.00518448 -0.00174286 0.000243901 0.0161546 0.0204977 0.0106728 0.00117291 0.000446873 -0.000206486 -0.00360372 -0.00127273 -0.00347107
internal_weight=11576 7183 4393 4287 5026 4043 3600 1724 1876 266 1610 1251 910 341 766 244 498 396 1191 4914 2286 359 256 290 2135 1991 1891 533 312 2628
internal_count=11576 7183 4393 4287 5026 4043 3600 1724 1876 266 1610 1251 910 341 766 244 498 396 1191 4914 2286 359 256 290 2135 1991 1891 533 312 2628
is_linear=0
shrinkage=0.02


Tree=99
num_leaves=31
num_cat=0
split_feature=0 2 11 0 8 8 8 2 2 8 10 0 11 12 2 2 0 10 2 0 2 10 6 0 12 0 10 0 1 10
split_gain=486.538 125.491 94.5188 73.422 61.4029 52.38 48.3254 62.1233 60.4972 57.3893 47.2626 46.7795 43.7831 41.156 39.8939 41.6164 37.3706 36.9706 37.7651 40.9602 41.5515 36.933 46.4539 36.0475 34.7622 34.2746 31.9043 39.9891 31.4521 30.6857
threshold=0.16065607355345912 0.93759080532807137 0.70710416666666676 0.2041256384620713 4.5000000000000009 8.5000000000000018 5.5000000000000009 0.91645412704283491 0.91823978186022137 13.500000000000002 0.30185883165807209 0.097340829550948374 0.79332417582417591 69.152573529411782 0.76720418247298128 0.87708956808526073 0.27137270439802647 0.29676146801791542 0.67729635109107722 0.16908145034967195 0.79898062121975599 0.29676146801791542 2.5000000000000004 0.25258694133613308 68.27389705882355 0.17895020441073189 0.35812174829350873 0.21738909192350006 0.24471897273852009 0.25169474301473616
decision_type=10 10 2 10 2 2 2 8 8 2 2 8 2 2 10 10 10 2 8 10 10 2 2 10 2 10 2 10 8 2
left_child=2 3 11 17 -4 10 8 9 14 16 -3 -1 -9 -12 -5 24 23 18 -2 20 -20 22 -6 -8 -16 -19 27 -7 29 -24
right_child=1 5 4 6 21 26 7 12 -10 -11 13 -13 -14 -15 15 -17 -18 25 19 -21 -22 -23 28 -25 -26 -27 -28 -29 -30 -31
leaf_value=-0.007319942072780296 -0.0042366235367953774 0.010015813460897492 0.0043317496556261074 -0.0043035327187842792 -0.010052105653466601 0.0015214931824723782 0.0084655864437402657 0.0073140616080723713 -0.010974996642263469 -0.0026089494119802006 0.015505692075405801 -0.0032295851281528786 0.024615491934860428 0.033111932155224358 0.005504095161652697 -0.0003155178775036119 0.016772624943405392 -0.011299490829308827 0.018020939626893797 0.0018979209880556234 0.0023015630849468429 -0.0094089606321836258 0.00030435333820211577 -0.0025890870029040688 0.018572160413337719 0.00011951543404396636 -0.0026319063396430483 0.018262560743605719 -0.0081195155867174566 0.01081735038926461
leaf_weight=1924 295 184 857 162 165 103 723 100 121 233 112 2671 141 101 181 193 176 171 143 1056 127 262 307 141 148 273 102 128 102 174
leaf_count=1924 295 184 857 162 165 103 723 100 121 233 112 2671 141 101 181 193 176 171 143 1056 127 262 307 141 148 273 102 128 102 174
internal_value=0.000247131 0.00485619 -0.00340046 0.00357774 0.000394231 0.0125339 0.00602015 0.00812539 0.00206072 0.00636265 0.0174404 -0.00494228 0.0174365 0.0238542 0.00436675 0.00705752 0.00837263 0.000834919 0.00223547 0.00367534 0.010627 -0.00294681 -0.000683332 0.00666153 0.0113827 -0.00427835 0.00668429 0.0107979 0.00196821 0.00410739
internal_weight=11576 5114 6462 4384 1867 730 2319 1514 805 1273 397 4595 241 213 684 522 1040 2065 1621 1326 270 1010 748 864 329 444 333 231 583 481
internal_count=11576 5114 6462 4384 1867 730 2319 1514 805 1273 397 4595 241 213 684 522 1040 2065 1621 1326 270 1010 748 864 329 444 333 231 583 481
is_linear=0
shrinkage=0.02


Tree=100
num_leaves=31
num_cat=0
split_feature=0 0 11 2 11 11 12 8 12 2 0 4 6 2 12 12 4 4 2 12 3 4 3 3 6 10 4 12 11 3
split_gain=395.227 151.234 65.9706 61.1925 49.2378 48.8825 41.1808 38.6683 49.2044 44.8222 44.2937 82.4598 49.2138 38.4423 38.4232 37.3801 63.9413 42.9784 34.346 31.9824 50.5747 32.351 30.0611 40.1 51.342 39.4957 30.2197 27.9955 27.5639 27.407
threshold=0.19474439909945071 0.12616858404039746 0.94097285067873315 0.48156587420224112 0.9319375000000002 0.96225000000000016 72.880514705882362 1.5000000000000002 64.281250000000014 0.88752240877480926 0.2291473056790477 -0.36311102514587063 3.5000000000000004 0.93759080532807137 68.531250000000014 68.531250000000014 -0.2770712381980992 -0.13440359775469099 0.86916222483553607 73.281250000000014 72.176307465186795 0.12026805525303942 62.526558676822738 65.156314408449219 4.5000000000000009 0.34165273687282766 -0.17483123948419693 70.781250000000014 0.80187500000000012 66.000043816704633
decision_type=10 8 2 8 2 2 2 2 2 8 10 2 2 10 2 2 2 2 10 2 8 2 10 10 2 2 2 2 2 10
left_child=1 6 7 -3 13 -4 18 -2 9 -9 12 -12 14 19 -10 17 28 29 -1 21 -21 -5 -13 -24 25 -25 -26 -18 -17 -14
right_child=2 3 5 4 -6 -7 -8 8 10 -11 11 22 15 -15 -16 16 27 -19 -20 20 -22 -23 23 24 26 -27 -28 -29 -30 -31
leaf_value=-0.0053273303664819272 -0.0029543561947515664 -0.0098329806276616413 0.025846190968562568 -0.00089730590410167454 0.01373097043416717 0.0064834521230310209 -0.014279465442152686 0.0036347286293715664 0.0053107521616165406 -0.012065349630675876 0.0025580461634185296 0.0025287231588019777 -0.0054121258906530637 0.010156115659875106 0.020382803209891942 0.012424659471400082 -0.017829158979408236 0.015340173712711994 0.0060813274781364914 -0.0026226823765784502 0.017297577002587227 0.010305564366456755 0.024069729903499593 0.011450025708281568 0.025470387806782308 -0.0025143485655344357 0.011712155148738111 -0.0031758949518203732 -0.0023881460113985703 0.0057994175454756866
leaf_weight=3337 228 241 109 3778 110 100 201 211 184 111 514 104 137 149 107 100 109 123 109 100 104 106 131 280 134 114 122 100 101 240
leaf_count=3337 228 241 109 3778 110 100 201 211 184 111 514 104 137 149 107 100 109 123 109 100 104 106 131 280 134 114 122 100 101 240
internal_value=-8.14269e-05 -0.00243979 0.00570038 -2.33288e-05 0.000520524 0.0165817 -0.00547974 0.00497841 0.0055974 -0.00177741 0.00651074 0.00892941 0.00369332 0.000177557 0.0108527 0.00140389 -0.00307245 0.00507448 -0.00496646 -0.000186143 0.00753274 -0.000591563 0.0126298 0.0139749 0.0119404 0.00740957 0.0189137 -0.010818 0.00498141 0.0017252
internal_weight=11594 8235 3359 4588 4347 209 3647 3150 2922 322 2600 1399 1201 4237 291 910 410 500 3446 4088 204 3884 885 781 650 394 256 209 201 377
internal_count=11594 8235 3359 4588 4347 209 3647 3150 2922 322 2600 1399 1201 4237 291 910 410 500 3446 4088 204 3884 885 781 650 394 256 209 201 377
is_linear=0
shrinkage=0.02


Tree=101
num_leaves=31
num_cat=0
split_feature=0 0 9 3 11 11 11 11 2 12 2 11 9 9 2 9 9 1 2 12 3 1 3 2 2 12 10 1 1 1
split_gain=379.576 145.245 72.4589 64.7347 63.3582 53.1013 51.5158 46.9468 46.2177 39.7613 37.97 36.3151 52.678 64.7462 52.7337 49.8751 50.8614 32.9812 32.3292 30.8354 35.0719 60.9736 48.9269 42.7565 62.4602 28.9441 28.8166 33.9172 63.3057 38.914
threshold=0.19474439909945071 0.12616858404039746 0.16929121725731897 81.862186397992247 0.94097285067873315 0.78029411764705892 0.8716666666666667 0.96225000000000016 0.48156587420224112 72.218750000000014 0.5151973942542819 0.91696691176470602 0.21525478292862402 0.22197083961789846 0.95001653237970218 0.20795741417326194 0.20299351731283519 0.22563519717127886 0.86916222483553607 71.281250000000014 70.262662606318727 0.32525254001100917 68.86246517090747 0.79432500198672928 0.90818345211592566 72.818014705882362 0.28591300667154895 0.21429950397962252 0.24471897273852009 0.17137043803865729
decision_type=10 8 2 8 2 2 2 2 8 2 10 2 2 2 8 2 2 10 10 2 10 10 10 8 10 2 2 10 10 8
left_child=1 9 8 10 11 -5 -7 -6 -3 18 -4 12 15 -14 -15 16 17 -2 -1 20 22 -22 23 -19 -25 -21 27 29 -29 -12
right_child=4 2 3 5 7 6 -8 -9 -10 -11 26 -13 13 14 -16 -17 -18 19 -20 25 21 -23 -24 24 -26 -27 -28 28 -30 -31
leaf_value=-0.0051138299095573637 0.011089669309630252 -0.010694582835257453 -0.0099546212698121313 0.022581533062348672 0.025329266514184826 -0.0029544519544357347 0.016113937052048163 0.0063537831002846356 -0.0012168031849323694 -0.012448741571327084 0.0069896223234002198 -0.0029389050173071712 0.022758990857934903 0.0088576257321278853 -0.0062865751439217226 -0.0070438669713954608 0.017857386857130616 -0.0044166235598438073 0.0059597010879751744 -0.011793839075274903 -0.00038463409597586313 0.01732351614534855 -0.0099170654746890061 0.011668280841931042 -0.0030723484528475792 0.0024778274117658538 -0.00079538883941150662 0.022717187853816611 0.0036516573011733909 -0.0070116529713979813
leaf_weight=3246 202 223 110 109 109 126 103 100 2669 292 177 221 121 859 103 166 106 191 109 108 140 175 125 339 174 120 612 104 211 144
leaf_count=3246 202 223 110 109 109 126 103 100 2669 292 177 221 121 859 103 166 106 191 109 108 140 175 125 339 174 120 612 104 211 144
internal_value=-7.97983e-05 -0.00239099 -2.28622e-05 0.00325923 0.00558637 0.0110913 0.00562216 0.0162501 -0.00194763 -0.00537014 0.00130986 0.00487884 0.00546871 0.00897047 0.00723616 0.00341432 0.00444769 0.00354462 -0.00475406 0.00243376 0.0037723 0.00945323 0.00161369 0.00366106 0.00666854 -0.00428244 0.00230272 0.00528392 0.00994631 0.000708676
internal_weight=11594 8235 4588 1696 3359 338 229 209 2892 3647 1358 3150 2929 1083 962 1846 1680 1574 3355 1372 1144 315 829 704 513 228 1248 636 315 321
internal_count=11594 8235 4588 1696 3359 338 229 209 2892 3647 1358 3150 2929 1083 962 1846 1680 1574 3355 1372 1144 315 829 704 513 228 1248 636 315 321
is_linear=0
shrinkage=0.02


Tree=102
num_leaves=31
num_cat=0
split_feature=11 11 2 10 10 2 11 8 5 8 11 11 5 4 12 12 11 2 5 6 10 10 1 6 2 5 2 8 10 10
split_gain=299.799 124.767 106.931 59.4894 81.6946 74.1249 78.2995 57.5458 50.5081 49.2765 45.9995 51.4313 61.7728 43.2872 56.9641 61.3848 59.7586 51.2366 60.0398 48.695 46.9404 50.927 43.17 39.1052 40.5973 63.6546 62.971 37.8188 40.1276 60.5465
threshold=0.71433333333333338 0.94097285067873315 0.5259369238614523 0.32129106716792261 0.30917180325838411 0.84609787697966377 0.75700892857142865 8.5000000000000018 0.26454962803032528 8.5000000000000018 0.90066666666666684 0.82129166666666686 0.22437091988689947 -0.14533077033923766 68.849264705882362 64.545955882352956 0.34738636363636372 0.82544295875854645 0.3653215037549028 1.5000000000000002 0.11402717858599562 0.21183096414294875 0.17982795608052846 3.5000000000000004 0.93575463319519836 0.60832683849333502 0.92091037630122985 13.500000000000002 0.10556510338229302 0.13147028327071889
decision_type=2 2 8 2 2 8 2 2 2 2 2 2 2 2 2 2 2 8 2 2 2 2 10 2 10 2 8 2 2 2
left_child=2 3 -1 4 5 6 9 23 -3 -2 11 -9 -13 19 15 -15 -16 -17 -19 20 22 -22 -4 -5 25 26 -25 28 -21 -30
right_child=1 8 13 7 -6 -7 -8 10 -10 -11 -12 12 -14 14 16 17 -18 18 -20 27 21 -23 -24 24 -26 -27 -28 -29 29 -31
leaf_value=-0.0072215908952478064 0.011339497718252631 0.027819245880842211 -0.0044729215934562186 0.017080312784581546 -0.010550220326470232 0.0052642421492014504 -0.0034276902617172917 -0.0031842433072573118 0.010037937631020271 -0.00081932414102416681 -0.0085136339425632406 -0.0025616230137646199 0.017143357938208752 -0.0052667337349169173 -0.017532961276719477 0.0025331320971678441 0.00049125998112548323 0.0021855444202918818 0.021510767974696084 -0.0090334035740146108 -0.012346433339344496 -0.00021134643687339372 0.010273228238716171 0.012904138375240475 0.017657599855652625 -0.0063964181303977968 -0.0049770464393699056 0.00630833577050674 0.0090223842868830881 -0.0021382810177663389
leaf_weight=1771 287 100 300 197 220 1534 1267 209 177 249 146 100 175 173 101 296 271 101 177 265 516 189 108 335 119 150 103 261 224 1473
leaf_count=1771 287 100 300 197 220 1534 1267 209 177 249 146 100 175 173 101 296 271 101 177 265 516 189 108 335 119 150 103 261 224 1473
internal_value=-7.82024e-05 0.00338539 -0.00306448 0.00267416 0.00125438 0.00203263 -0.000716838 0.00596629 0.0164572 0.00569109 0.00132608 0.00429425 0.00997791 -0.0014119 0.00199206 0.00517645 -0.00440241 0.00832396 0.0144897 -0.00255369 -0.00596862 -0.0090932 -0.000569529 0.00920007 0.0070043 0.00484828 0.0086992 -0.000843927 -0.00179538 -0.0006651
internal_weight=11594 5368 6226 5091 3557 3337 1803 1534 277 536 630 484 275 4455 1119 747 372 574 278 3336 1113 705 408 904 707 588 438 2223 1962 1697
internal_count=11594 5368 6226 5091 3557 3337 1803 1534 277 536 630 484 275 4455 1119 747 372 574 278 3336 1113 705 408 904 707 588 438 2223 1962 1697
is_linear=0
shrinkage=0.02


Tree=103
num_leaves=31
num_cat=0
split_feature=0 2 9 8 0 4 1 10 4 10 9 12 1 4 12 12 8 10 10 4 3 12 9 10 2 9 12 0 3 12
split_gain=353.937 135.667 78.2205 167.623 55.7807 49.2483 51.5872 51.2007 49.5938 47.8735 47.5041 59.2947 46.1121 45.6845 45.517 85.0667 48.3288 58.4122 79.4836 42.7443 42.2995 62.6166 56.7362 44.9034 47.0503 41.4212 58.8862 40.0257 36.1629 35.0831
threshold=0.19474439909945071 0.44002745851802461 0.16929121725731897 6.5000000000000009 0.27137270439802647 -0.67889132478724301 0.34256502190147803 0.32243258680480014 -0.49392618769886637 0.24232630141896913 0.19727575982209047 65.968750000000014 0.23918437603141871 -0.20298931224397901 65.818014705882362 64.281250000000014 11.500000000000002 0.34575024169578494 0.25984564252013803 -0.33339295193182 66.902640124978731 67.156250000000014 0.15544310208215914 0.27083232414318209 0.82061693131905111 0.23247173521219075 70.000000000000014 0.067727944714140537 68.597908107094156 65.24264705882355
decision_type=10 8 2 2 10 2 10 2 2 2 2 2 8 2 2 2 2 2 2 2 10 2 2 2 10 2 2 8 10 2
left_child=1 -1 27 9 5 -2 7 8 -7 12 -6 -12 -4 19 15 -8 17 18 -16 -13 23 -22 -23 24 -10 26 -11 -3 -19 -29
right_child=4 2 3 -5 10 6 14 -9 20 25 11 13 -14 -15 16 -17 -18 28 -20 -21 21 22 -24 -25 -26 -27 -28 29 -30 -31
leaf_value=-0.0079059523102065262 0.017778170991061937 -0.0089102520686727797 0.026176485749147833 -0.0035551139887183155 -0.00015362679903559826 -0.0062662797092052644 -0.006309963682982719 0.013411766215145183 0.0056736286228797469 0.00010349947202133701 -0.00083954605356891562 0.016880987185598072 0.0078561271598074044 0.024157998736080682 0.0079220246878163574 0.017001043112790274 -0.010617116711290526 0.017431855370940746 -0.010704561349745076 0.00062038404345512391 -0.0060892121961155718 -0.0051681107132961713 0.011440234690183593 0.00039563093081874365 0.022096913148609044 0.014628040862189216 0.014955707627403385 -0.0054117786238166068 0.00070812231796507793 -0.0010706537887771683
leaf_weight=1431 101 364 100 1028 136 160 106 294 122 497 101 183 122 174 145 153 203 106 249 100 222 112 310 118 163 162 136 950 101 3445
leaf_count=1431 101 364 100 1028 136 160 106 294 122 497 101 183 122 174 145 153 203 106 249 100 222 112 310 118 163 162 136 950 101 3445
internal_value=-7.66383e-05 -0.00230841 -0.00113115 0.00214015 0.00539482 0.0040796 0.00353999 0.00592735 0.00410431 0.00789701 0.0104453 0.0130286 0.0161085 0.0160935 0.00016894 0.00746063 -0.00218 0.000669808 -0.0038496 0.0111352 0.00568911 0.00250907 0.00703233 0.0107709 0.0150666 0.00560397 0.0032945 -0.00253686 0.00927197 -0.00200901
internal_weight=11594 8235 6804 2045 3359 2665 2564 1501 1207 1017 694 558 222 457 1063 259 804 601 394 283 1047 644 422 403 285 795 633 4759 207 4395
internal_count=11594 8235 6804 2045 3359 2665 2564 1501 1207 1017 694 558 222 457 1063 259 804 601 394 283 1047 644 422 403 285 795 633 4759 207 4395
is_linear=0
shrinkage=0.02


Tree=104
num_leaves=31
num_cat=0
split_feature=9 11 8 1 4 4 1 5 12 10 11 5 5 1 4 1 9 11 10 11 10 3 4 8 5 5 4 5 5 12
split_gain=331.921 104.301 97.8517 68.6265 73.4492 87.4717 68.5165 65.4334 63.0797 54.2971 56.2089 64.9808 53.7365 52.0548 51.1284 65.9821 63.9437 65.4717 56.3808 55.7377 51.2102 65.7091 62.8893 49.4499 48.5288 44.7597 52.2056 46.3892 91.2944 43.3896
threshold=0.16929121725731897 0.94097285067873315 8.5000000000000018 0.25423561489442276 -0.1243939025162978 -0.30326600170117113 0.20740544137912451 0.79431845754362251 66.593750000000014 0.22799095171054665 0.8387083333333335 0.3653215037549028 0.066953200088223322 0.28433068715000048 -0.52206070110775238 0.26091028495072799 0.1781525224237997 0.77069047619047626 0.28204895634441424 0.7360477941176472 0.24340011894401906 66.902640124978731 -0.22957346204162482 3.5000000000000004 0.26454962803032528 0.33291001622759869 -0.095889111176572367 0.44855437379838581 0.55237409904243517 67.21139705882355
decision_type=2 2 2 10 2 2 10 2 2 2 2 2 2 10 2 8 2 2 2 2 2 10 2 2 2 2 2 2 2 2
left_child=3 2 7 -1 5 23 -4 14 -6 -8 -11 12 -12 -9 18 20 -17 19 -2 -18 -16 -22 -23 -5 -3 -19 27 -27 -29 -13
right_child=1 24 6 4 8 -7 9 13 -10 10 11 29 -14 -15 15 16 17 25 -20 -21 21 22 -24 -25 -26 26 -28 28 -30 -31
leaf_value=-0.0039579506994178613 -0.01283619121982924 0.027077732181921603 -0.0069685398937260681 -0.0083787953066848109 -0.0014729145088220959 -0.0083225574097605878 0.016183673990145326 -0.010929177727741308 0.015095419862814118 -0.0029181031490164533 0.0090872983279017116 0.021306319759861265 -0.0082296824102614363 0.0056867638158879866 0.0215490745458948 -0.0067870461293873755 0.0063787116921123332 0.0094365969765140435 0.0063551607688531178 0.026729381456317609 0.020035286920393504 0.012063196218566391 -0.0074246974886095123 0.0050272513337451486 0.0096483139030761628 -0.0068597338310684318 -0.01077073875783106 0.021169101200648584 -0.0012800438726644316 0.0058415772004794054
leaf_weight=5303 103 100 452 134 154 477 100 156 228 710 120 119 178 146 209 148 102 471 151 114 150 151 118 616 177 108 118 128 167 186
leaf_count=5303 103 100 452 134 154 477 100 156 228 710 120 119 178 146 209 148 102 471 151 114 150 151 118 616 177 108 118 128 167 186
internal_value=-7.51055e-05 0.00403655 0.003288 -0.00286023 0.000757673 -0.00162659 -0.000190717 0.00584225 0.00841604 0.00197742 0.000895449 0.0053857 -0.0012564 -0.00289631 0.00702144 0.00810307 0.00562095 0.00714114 -0.00142716 0.0171193 0.0134625 0.00942893 0.0035146 0.00263204 0.0159405 0.00496846 0.000929135 0.0043549 0.0084606 0.0118754
internal_weight=11594 4682 4405 6912 1609 1227 1865 2540 382 1413 1313 603 298 302 2238 1984 1356 1208 254 216 628 419 269 750 277 992 521 403 295 305
internal_count=11594 4682 4405 6912 1609 1227 1865 2540 382 1413 1313 603 298 302 2238 1984 1356 1208 254 216 628 419 269 750 277 992 521 403 295 305
is_linear=0
shrinkage=0.02


Tree=105
num_leaves=31
num_cat=0
split_feature=0 9 4 4 4 2 9 10 0 9 9 3 1 3 2 2 0 4 4 5 0 12 5 1 5 5 0 9 5 9
split_gain=351.154 124.351 80.7963 64.0278 53.2081 52.5638 50.1224 56.6302 53.1436 49.0403 87.1201 61.1308 69.6891 59.9986 52.1364 51.6199 48.7251 47.8914 72.9996 47.1092 55.4765 45.8079 40.2024 37.8612 46.3752 64.9676 34.5727 34.4217 39.3663 36.8379
threshold=0.19567327506892615 0.16419763404688031 -0.66580835822719664 -0.071534940151286849 -0.62741494949276244 0.73920875457758173 0.24325980392156865 0.28591300667154895 0.12931820819409065 0.21525478292862402 0.22520802564749112 72.010521064880749 0.39904959711269289 69.130615068564722 0.9544875690605451 0.94611334033277106 0.16604345034534454 -0.37512698100645531 -0.25134963127689897 0.61094371587349017 0.26034486873753454 67.906250000000014 0.34967293041372355 0.16469525152487402 0.33509878675135735 0.47999907914702628 0.17949179052974226 0.20795741417326194 0.74303114348681742 0.19441960082846924
decision_type=10 2 2 2 2 10 2 2 8 2 2 10 10 10 10 8 8 2 2 2 10 2 2 10 2 2 8 2 2 2
left_child=1 5 -2 9 -3 -1 7 8 -6 14 -11 12 13 17 15 27 21 -12 -19 20 22 -10 -5 -7 -25 -26 -18 28 29 -4
right_child=2 4 3 19 6 23 -8 -9 16 10 11 -13 -14 -15 -16 -17 26 18 -20 -21 -22 -23 -24 24 25 -27 -28 -29 -30 -31
leaf_value=-0.0049616251773885551 0.020272399523443934 -0.010915189961140806 0.0013264981604488664 0.0033525302582958928 -0.003368257694223335 0.0065546972056229917 0.012461354256361381 -0.0022115184890595693 0.0065914964814329418 0.018335855238275921 0.00086535459314297921 0.013328975428328957 -0.0067780074534978529 -0.0063747933217220831 -0.012555632283822411 0.015208242692730642 -0.0046655300099683822 0.028180915282189269 0.0044267375953495501 0.0018057084558469967 0.027594374138861896 0.022049127033008546 0.019511169998396964 -0.0067842648948432619 0.012044309966963285 -0.0026518957497634614 0.0064767378768933719 -0.0084281717814239012 -0.0076798300523439359 0.010252648399521906
leaf_weight=4628 138 132 774 147 269 252 174 982 183 205 133 215 274 117 105 110 159 103 104 151 102 132 106 465 171 406 372 140 145 243
leaf_count=4628 138 132 774 147 269 252 174 982 183 205 133 215 274 117 105 110 159 103 104 151 102 132 106 465 171 406 372 140 145 243
internal_value=-0.000216872 -0.00240822 0.00529127 0.00463992 0.00142903 -0.00396528 0.00214653 0.00129065 0.00437506 0.00340285 0.00651578 0.00395435 0.0011971 0.00597868 0.00104097 0.00205205 0.00683718 0.0102297 0.0162464 0.0111626 0.0151426 0.013069 0.0101226 -0.000401849 -0.00208424 0.00170348 0.00314035 0.00094054 0.0020693 0.0034593
internal_weight=11637 8325 3312 3174 2403 5922 2271 2097 1115 2668 1151 946 731 457 1517 1412 846 340 207 506 355 315 253 1294 1042 577 531 1302 1162 1017
internal_count=11637 8325 3312 3174 2403 5922 2271 2097 1115 2668 1151 946 731 457 1517 1412 846 340 207 506 355 315 253 1294 1042 577 531 1302 1162 1017
is_linear=0
shrinkage=0.02


Tree=106
num_leaves=31
num_cat=0
split_feature=9 2 4 12 10 12 10 10 6 10 6 1 5 8 2 1 4 4 10 9 4 5 5 4 5 5 6 9 3 1
split_gain=325.625 122.939 85.3473 67.5864 106.481 65.5468 93.6896 71.2582 63.0424 47.8372 69.432 54.9535 72.7251 46.1903 60.4047 59.8108 39.7009 37.9244 36.8547 41.4867 45.2366 36.8291 36.7598 52.783 50.8158 54.9305 54.6477 44.549 36.6178 46.5755
threshold=0.19441960082846924 0.70080244396096281 -0.076395135034663469 71.968750000000014 0.28591300667154895 68.718750000000014 0.40549237421105194 0.37581149945574627 3.5000000000000004 0.33855144311724444 4.5000000000000009 0.25155066276632593 0.41151238165523796 2.5000000000000004 0.88385999888772981 0.35913172339722249 0.060740343623234834 -0.74750032232107355 0.31106203618117828 0.12646941680764395 -0.12963354056359511 0.3653215037549028 0.16473958926362076 -0.39884666937126312 0.47999907914702628 0.33051330305820664 4.5000000000000009 0.16342774718069766 70.176124614707931 0.32735023530211688
decision_type=2 10 2 2 2 2 2 2 2 2 2 10 2 2 10 8 2 2 2 2 2 2 2 2 2 2 2 2 10 10
left_child=1 17 8 5 -5 13 7 9 -3 10 11 -7 -13 15 -15 -2 -4 -1 19 -10 22 -6 -21 27 25 -25 -26 -24 29 -16
right_child=3 2 16 4 21 6 -8 -9 18 -11 -12 12 -14 14 28 -17 -18 -19 -20 20 -22 -23 23 24 26 -27 -28 -29 -30 -31
leaf_value=0.0079094868029157325 0.020129536803379724 -0.0048676552259538357 0.011799997991206099 0.013644327786099166 -0.0023518622517585755 0.0036637593491259451 0.026681319249253117 -0.0069462234658951103 -0.0044841193766688983 0.019450344348911727 -0.0023241618570561209 0.030127200019109037 0.0073859038237216214 -0.00066744642449242193 0.0030364926366866392 0.0037780583683135254 7.5044077120173009e-05 -0.0044073622918051067 -0.0091156238317489629 -0.00083483384448974842 -0.0077987404128909109 -0.01884915682029421 0.020295360191828676 0.0010294054380192617 -0.010122405710842284 0.018069490440399714 0.0071255002728161897 0.0060209354774911975 -0.0002457152184429048 0.017381914285415748
leaf_weight=102 149 936 365 100 100 167 124 110 301 175 192 113 112 923 158 224 169 5088 122 341 125 118 171 162 169 142 130 179 158 212
leaf_count=102 149 936 365 100 100 167 124 110 301 175 192 113 112 923 158 224 169 5088 122 341 125 118 171 162 169 142 130 179 158 212
internal_value=-0.000212535 -0.00224408 0.000766523 0.00529694 -0.00344325 0.00628358 0.0104183 0.00809773 -0.000641094 0.010278 0.00752946 0.0123557 0.0188071 0.00403259 0.00241892 0.0103099 0.00808929 -0.0041653 0.00150661 0.00226004 0.00369062 -0.0112816 0.00480049 0.00681691 0.00323094 0.00898892 -0.00262332 0.012995 0.00781422 0.011256
internal_weight=11637 8502 3312 3135 318 2817 993 869 2778 759 584 392 225 1824 1451 373 534 5190 1842 1720 1419 218 1294 953 603 304 299 350 528 370
internal_count=11637 8502 3312 3135 318 2817 993 869 2778 759 584 392 225 1824 1451 373 534 5190 1842 1720 1419 218 1294 953 603 304 299 350 528 370
is_linear=0
shrinkage=0.02


Tree=107
num_leaves=31
num_cat=0
split_feature=0 9 4 8 9 1 4 0 12 9 9 11 8 3 1 3 4 4 10 9 3 3 3 0 1 1 1 4 3 1
split_gain=325.862 117.168 77.3439 62.0606 72.4094 65.9972 60.9973 55.7737 61.5221 45.0966 83.2872 62.6803 61.2556 58.2715 67.4455 57.7668 46.0411 70.1362 43.8249 53.5251 42.9095 61.7754 55.2079 51.5532 41.2726 47.0069 48.1899 39.2136 38.0535 34.9909
threshold=0.19567327506892615 0.15729406949921873 -0.66580835822719664 6.5000000000000009 0.24006578947368423 0.27119211470568844 -0.071534940151286849 0.12484501675785473 69.031250000000014 0.21525478292862402 0.22520802564749112 0.86397321428571439 12.500000000000002 72.010521064880749 0.39904959711269289 69.130615068564722 -0.37512698100645531 -0.25134963127689897 0.32243258680480014 0.17427736939289903 65.84281589810702 68.515590320552903 69.5081414807687 0.14637069452028348 0.44803388646706915 0.38922091312883028 0.36344328041450352 -0.11458852844772525 64.948538123060914 0.28309132946616716
decision_type=10 2 2 2 2 8 2 10 2 2 2 2 2 10 10 10 2 2 2 2 10 10 10 10 10 10 10 2 10 10
left_child=1 -1 -2 4 5 7 9 -3 -9 12 11 -11 24 14 15 16 -12 -18 19 -8 -5 23 -23 -22 25 26 29 -24 -7 -4
right_child=2 3 6 20 -6 28 18 8 -10 10 13 -13 -14 -15 -16 -17 17 -19 -20 -21 21 22 27 -25 -26 -27 -28 -29 -30 -31
leaf_value=-0.004051253148603327 0.019755351931342615 -0.00018968583131883887 -0.004391841824063554 -0.0062513390274125894 0.017842653059297137 0.0011745855173956794 0.016653097042860079 0.0057789871926391114 0.02219078262682472 0.028800592343458564 0.0007352830788918904 0.0066821836159728911 0.0090659488478298002 0.012886514126561409 -0.0068039193625024849 -0.0063757933139339338 0.027514381508514721 0.004230740694329143 0.01835411451019657 -0.00031378987529966497 -0.0010814323872053886 -0.016299507633864303 0.0031050096876533546 0.015460823454271407 -0.012412269739839046 0.0092284213888802029 -0.013517735029784187 -0.0098266256613922971 -0.0094529439427366302 0.0040373130374632424
leaf_weight=5431 138 276 371 569 135 409 121 263 140 103 133 102 301 215 274 117 103 104 192 193 136 103 367 169 115 190 120 126 201 420
leaf_count=5431 138 276 371 569 135 409 121 263 140 103 133 102 301 215 274 117 103 104 192 193 136 103 367 169 115 190 120 126 201 420
internal_value=-0.000208284 -0.00231924 0.00509779 0.000931126 0.00390685 0.00244732 0.0044605 0.00673672 0.0114804 0.00325307 0.0062382 0.0177953 0.000988141 0.00373375 0.00104176 0.00574574 0.00991697 0.0158163 0.010827 0.00622441 -0.00195148 0.000763972 -0.00298232 0.0080846 -0.00101138 0.000179446 -0.00170783 -0.000200033 -0.00232727 8.38156e-05
internal_weight=11637 8325 3312 2894 1424 1289 3174 679 403 2668 1151 205 1517 946 731 457 340 207 506 314 1470 901 596 305 1216 1101 911 493 610 791
internal_count=11637 8325 3312 2894 1424 1289 3174 679 403 2668 1151 205 1517 946 731 457 340 207 506 314 1470 901 596 305 1216 1101 911 493 610 791
is_linear=0
shrinkage=0.02


Tree=108
num_leaves=31
num_cat=0
split_feature=0 10 0 8 10 1 12 3 11 8 2 5 11 5 2 5 12 5 12 6 8 1 5 0 5 0 5 0 3 3
split_gain=312.958 97.9879 57.8241 56.9096 46.716 53.4504 58.4987 44.6049 86.0641 73.2803 73.1178 67.3076 62.3536 59.8527 78.5206 42.3947 44.5975 46.4098 87.8127 63.5364 54.5234 98.2759 52.906 41.3063 38.755 37.9823 43.8945 36.1307 46.409 49.5493
threshold=0.19567327506892615 0.21506188953531227 0.13513720897644946 2.5000000000000004 0.28834498707174311 0.31299862485930879 71.150735294117666 72.839515466499662 0.83656862745098048 5.5000000000000009 0.76720418247298128 0.40371318794358596 0.89909926470588253 0.54750183995215951 0.89048767149605401 -0.18694841477307647 64.696691176470594 0.59027386448500729 67.029411764705898 3.5000000000000004 8.5000000000000018 0.33680946929569128 0.73768624737129629 0.24695687089120238 0.30630750665314638 0.17895020441073189 0.71678397374707903 0.11904784237517686 66.487873590355818 68.367489858960781
decision_type=10 2 10 2 2 8 2 10 2 2 10 2 2 2 10 2 2 2 2 2 2 10 2 10 2 8 2 10 10 10
left_child=1 2 -1 -3 5 6 27 9 11 10 -2 -9 -10 14 23 -11 -17 19 -19 24 21 -21 -20 -12 -18 26 -6 -5 -29 -30
right_child=7 3 -4 4 25 -7 -8 8 12 15 13 -13 -14 -15 -16 16 17 18 22 20 -22 -23 -24 -25 -26 -27 -28 28 29 -31
leaf_value=-0.0053669319704967031 -0.013039987980388107 0.0048277727680777135 -0.00055999739801973123 -0.004535501288369422 -0.004596126342791578 -0.009099997458679062 0.013342775235823272 0.011436895784541701 0.025991382062798593 -0.0063294685915039452 0.0067491058036025647 -0.0071025789069802791 0.0065805641891485134 -0.0059702056048165555 -0.0012730418683122133 -0.0008202177777945288 0.01207774812259056 0.015670141136940957 -0.01409979230716449 0.0030033946453451037 0.0046803439020770485 0.029677613960833033 0.0038117851651701573 0.024350414544639022 0.027952735776131134 0.0028023014144827295 -0.017505122160777275 -0.0025024891249303305 0.017843597087683898 0.0032712159165077738
leaf_weight=3624 160 858 1383 359 575 186 169 169 164 102 113 146 111 253 262 253 135 134 119 111 608 110 148 101 113 206 129 350 126 360
leaf_count=3624 160 858 1383 359 575 186 169 169 164 102 113 146 111 253 262 253 135 134 119 111 608 110 148 101 113 206 129 350 126 360
internal_value=-0.000204118 -0.00227286 -0.00403919 0.00039262 -0.00115427 0.000957512 0.00232899 0.00499583 0.00998117 0.00391525 -0.000796801 0.002844 0.0181565 0.00189032 0.00606829 0.00620058 0.00693892 0.00826711 0.00245902 0.0104296 0.00777269 0.0162802 -0.00417128 0.0150563 0.0193111 -0.00475127 -0.00696155 0.000771393 0.00305031 0.00704924
internal_weight=11637 8325 5007 3318 2460 1550 1364 3312 590 2722 889 315 275 729 476 1833 1731 1478 401 1077 829 221 267 214 248 910 704 1195 836 486
internal_count=11637 8325 5007 3318 2460 1550 1364 3312 590 2722 889 315 275 729 476 1833 1731 1478 401 1077 829 221 267 214 248 910 704 1195 836 486
is_linear=0
shrinkage=0.02


Tree=109
num_leaves=31
num_cat=0
split_feature=0 10 0 8 10 1 0 5 3 11 8 2 5 11 5 2 8 3 5 5 0 2 0 5 10 2 2 0 10 2
split_gain=300.565 94.1076 55.5343 54.656 44.866 51.3338 44.8786 46.0898 42.8386 82.6559 70.3784 70.2223 64.6422 59.8844 57.4826 75.4112 42.1484 49.1556 40.7158 44.2581 39.6705 37.7107 36.4782 42.1562 33.7708 33.0058 86.7335 31.0203 73.9341 37.5955
threshold=0.19567327506892615 0.21506188953531227 0.13513720897644946 2.5000000000000004 0.28834498707174311 0.31299862485930879 0.12616858404039746 0.55237409904243517 72.839515466499662 0.83656862745098048 5.5000000000000009 0.76720418247298128 0.40371318794358596 0.89909926470588253 0.54750183995215951 0.89048767149605401 6.5000000000000009 65.84281589810702 -0.18694841477307647 0.015807851915342987 0.24695687089120238 0.83580657284274362 0.17895020441073189 0.71678397374707903 0.25931889056889063 0.70080244396096281 0.76347666170639117 0.27137270439802647 0.34901353965183762 0.81003351977902915
decision_type=10 2 10 2 2 8 10 2 10 2 2 10 2 2 2 10 2 10 2 2 10 10 8 2 2 8 10 10 2 10
left_child=1 2 -1 -3 5 6 7 -5 10 12 11 -2 -10 -11 15 20 24 -18 -12 -20 -13 -19 23 -6 -8 -21 -27 29 -29 -28
right_child=8 3 -4 4 22 -7 16 -9 9 13 18 14 -14 -15 -16 -17 17 21 19 25 -22 -23 -24 -25 -26 26 27 28 -30 -31
leaf_value=-0.0052595933410355122 -0.012779188218526543 0.0047312173109674187 -0.00054879748789743075 -0.0072014594887206598 -0.0045042038204553339 -0.008917997457407496 0.0059276707319972609 0.0059814227958967592 0.011208158028725337 0.02547155441284725 -0.0062028790725504645 0.0066141237119064387 -0.0069605270844616306 0.006448953059409652 -0.0058508016893515005 -0.0012475811491030773 -0.0052131718954355538 0.0024211914124060065 0.015383525774659703 -0.0047908336504370761 0.023863406274283287 0.016614644828296842 0.0027462554678718732 -0.017155019704454627 0.020044977605446348 0.019450000862684624 -0.0066030544607201596 0.019652769293035232 -0.00084236925655557207 0.0044978277903956042
leaf_weight=3624 160 858 1383 311 575 186 182 161 169 164 102 113 146 111 253 262 236 261 211 113 101 105 206 129 108 179 144 155 129 800
leaf_count=3624 160 858 1383 311 575 186 182 161 169 164 102 113 146 111 253 262 236 261 211 113 101 105 206 129 108 179 144 155 129 800
internal_value=-0.000200036 -0.0022274 -0.00395841 0.000384768 -0.00113119 0.000938362 0.00228241 -0.00270476 0.00489592 0.00978154 0.00383694 -0.000780865 0.00278712 0.0177933 0.00185251 0.00594692 0.00492136 0.00190392 0.00607657 0.00680014 0.0147551 0.00649308 -0.00465625 -0.00682232 0.0111852 0.00560863 0.00644384 0.00454799 0.0103434 0.00280447
internal_weight=11637 8325 5007 3318 2460 1550 1364 472 3312 590 2722 889 315 275 729 476 892 602 1833 1731 214 366 910 704 290 1520 1407 1228 284 944
internal_count=11637 8325 5007 3318 2460 1550 1364 472 3312 590 2722 889 315 275 729 476 892 602 1833 1731 214 366 910 704 290 1520 1407 1228 284 944
is_linear=0
shrinkage=0.02


Tree=110
num_leaves=31
num_cat=0
split_feature=9 9 3 5 12 3 6 4 5 5 12 10 3 5 3 9 11 5 9 1 10 1 12 11 3 10 3 3 4 10
split_gain=265.297 78.0389 89.5552 67.4697 77.3549 60.2629 52.9374 51.2742 65.5565 62.3431 49.4263 97.7759 48.081 46.2467 57.7922 64.483 53.2377 47.431 47.102 59.1382 45.5296 56.982 40.2626 40.1691 39.778 36.9858 35.4351 35.2644 32.9006 32.7001
threshold=0.16929121725731897 0.24187454294304059 72.361010042451667 0.22264216457753744 68.393382352941188 63.275711272423152 1.5000000000000002 -0.56103856135061003 0.84160320321101889 -0.14690023297581298 68.968750000000014 0.39217020680390663 78.875224768409268 0.35205937931784675 68.515590320552903 0.22520802564749112 0.79718750000000005 0.43777100425071347 0.21908368121840191 0.28596638748713282 0.25931889056889063 0.34603640087511062 66.545955882352956 0.82571428571428573 66.000043816704633 0.24447304549137569 66.403041102482959 63.856213798554386 -0.74750032232107355 0.31331007318544302
decision_type=2 2 8 2 2 10 2 2 2 2 2 2 10 2 10 2 2 2 2 10 2 8 2 2 10 2 10 8 2 2
left_child=12 6 3 4 -3 -5 25 -8 9 -9 11 -7 28 18 15 16 27 -16 20 -20 23 29 -18 -11 -24 -2 -23 -15 -1 -22
right_child=1 2 -4 5 -6 10 7 8 -10 13 -12 -13 -14 14 17 -17 22 -19 19 -21 21 26 24 -25 -26 -27 -28 -29 -30 -31
leaf_value=0.0066374998159116983 0.0024252324142763691 -0.01452178459909309 0.020035286057009653 0.022020201938307806 0.0084085372183471917 0.021515226904668058 -0.0046268093392475328 -0.0066839658673251839 -0.0060514095986573613 0.016610510722211189 -0.0032283645892029356 -0.0023809918653099767 0.0081003786003566343 -0.00699271139133414 -0.014371446448688706 -0.0080313323198684637 0.023959696299387413 0.00059537069350013244 0.0047098132261946318 0.022965496416955469 0.0029638505112690562 -0.0144209390421315 0.0040778885801167532 0.003337223043077086 0.019582973174050007 -0.011818801653966055 0.0019507076149923844 0.0069613192536807792 -0.0031943158732906014 0.015858492000359978
leaf_weight=139 124 124 209 115 112 153 335 186 257 228 157 124 160 109 105 112 103 438 124 166 236 101 192 152 101 177 111 216 6624 118
leaf_count=139 124 124 209 115 112 153 335 186 257 228 157 124 160 109 105 112 103 438 124 166 236 101 192 152 101 177 111 216 6624 118
internal_value=-0.000248595 0.00342685 0.00840089 0.00530333 -0.0036396 0.00914764 0.00208732 0.00280103 0.00361554 0.00450346 0.00573671 0.010818 -0.00273588 0.00530012 0.0027779 0.00608717 0.00828034 -0.00229877 0.00810803 0.0151596 0.00594634 0.00235121 0.0132037 0.0113012 0.00942264 -0.00595083 -0.00584899 0.00228135 -0.00299224 0.00726206
internal_weight=11608 4685 994 785 236 549 3691 3390 3055 2798 434 277 6923 2612 1376 833 721 543 1236 290 946 566 396 380 293 301 212 325 6763 354
internal_count=11608 4685 994 785 236 549 3691 3390 3055 2798 434 277 6923 2612 1376 833 721 543 1236 290 946 566 396 380 293 301 212 325 6763 354
is_linear=0
shrinkage=0.02


Tree=111
num_leaves=31
num_cat=0
split_feature=9 0 9 2 2 2 10 6 2 11 11 11 7 11 12 7 0 12 11 8 11 12 2 5 5 8 2 10 2 10
split_gain=254.791 81.108 75.2113 71.257 74.8192 65.2278 63.0573 53.1849 50.2038 47.3081 64.504 59.1155 54.5996 58.299 54.7825 42.7649 60.1419 51.1392 52.223 46.4528 47.3386 40.8792 43.4895 39.5876 66.0497 50.74 39.1133 37.2741 41.9862 35.5211
threshold=0.16929121725731897 0.099169990182057619 0.25205254515599346 0.85675857592430604 0.82683254425717545 0.9147934690931544 0.37876350089201866 1.5000000000000002 0.81003351977902915 0.93781250000000005 0.85357142857142876 0.8387083333333335 1.0000000180025095e-35 0.81118055555555568 67.906250000000014 1.0000000180025095e-35 0.22560343104116773 70.781250000000014 0.23238095238095241 5.5000000000000009 0.75790865384615402 64.545955882352956 0.94789957042776918 -0.098877652476858452 0.33509878675135735 6.5000000000000009 0.67729635109107722 0.25931889056889063 0.9444728092069008 0.24447304549137569
decision_type=2 10 2 10 8 10 2 2 8 2 2 2 2 2 2 2 10 2 2 2 2 2 8 2 2 2 8 2 10 2
left_child=1 -1 7 4 -4 -5 -7 29 23 10 11 12 13 14 -10 19 17 18 -17 20 26 -21 -23 -9 25 -25 -3 -12 -29 -2
right_child=2 15 3 5 -6 6 -8 8 9 -11 27 -13 -14 -15 -16 16 -18 -19 -20 21 -22 22 -24 24 -26 -27 -28 28 -30 -31
leaf_value=-0.0053786650392323131 0.0023767278481635354 -0.0092499696601343866 0.0080067764282569127 -0.0070768178681602017 0.028018120968614824 0.018085792621102516 -1.9216954708099368e-05 -0.010311531834304333 0.003499765544057344 0.017185384168520442 0.0069911149735245003 0.016824388680487953 -0.0085805641657040865 -0.0024444783303058811 0.014686861509512162 -0.01267405613127983 0.016781623988359605 0.010901164204183527 0.001070974729763735 -0.0063544736359704371 -0.013897207909073957 -0.00024520167261637467 0.0096446176509068591 0.015092979185995671 -0.002596481263312357 0.0019553576034598485 -0.00021584056173999083 -0.0050947771901574627 0.0078784781015448033 -0.0115824254233348
leaf_weight=2712 124 296 174 143 131 158 150 135 330 117 220 206 105 216 373 132 106 170 681 376 216 1488 202 183 779 329 544 511 124 177
leaf_count=2712 124 296 174 143 131 158 150 135 330 117 220 206 105 216 373 132 106 170 681 376 216 1488 202 183 779 329 544 511 124 177
internal_value=-0.000243623 -0.00268116 0.00335831 0.00913524 0.0166018 0.00408578 0.00926842 0.00224674 0.00291699 0.00481027 0.00411584 0.00704876 0.00508218 0.00664322 0.00943545 -0.000943891 0.00246869 0.000925286 -0.00116069 -0.00213425 -0.0055466 -0.000390092 0.000936895 -6.58335e-06 0.00107101 0.00665103 -0.0033993 -0.000103456 -0.00256142 -0.00583181
internal_weight=11608 6923 4685 756 305 451 308 3929 3628 2202 2085 1230 1024 919 703 4211 1089 983 813 3122 1056 2066 1690 1426 1291 512 840 855 635 301
internal_count=11608 6923 4685 756 305 451 308 3929 3628 2202 2085 1230 1024 919 703 4211 1089 983 813 3122 1056 2066 1690 1426 1291 512 840 855 635 301
is_linear=0
shrinkage=0.02


Tree=112
num_leaves=31
num_cat=0
split_feature=9 0 9 2 2 2 10 6 2 4 11 10 11 11 9 7 0 12 11 12 12 10 1 10 4 12 10 11 9 9
split_gain=244.701 77.8961 72.2329 68.4353 71.8564 62.6448 60.5602 51.0788 48.2157 55.9556 52.549 67.523 60.6992 73.7763 41.9079 41.0714 57.7603 49.1141 50.155 41.6676 60.4968 45.5646 87.5137 81.3438 39.8281 38.8641 50.9837 37.2755 36.9914 36.5044
threshold=0.16929121725731897 0.099169990182057619 0.25205254515599346 0.85675857592430604 0.82683254425717545 0.9147934690931544 0.37876350089201866 1.5000000000000002 0.81003351977902915 -0.5443594099347181 0.93299107142857152 0.25931889056889063 0.85357142857142876 0.8387083333333335 0.18313831789774868 1.0000000180025095e-35 0.22560343104116773 70.781250000000014 0.23238095238095241 66.281250000000014 61.441176470588239 0.25526382789220403 0.26972320295495494 0.18535613322847369 -0.03409392382280161 67.531250000000014 0.14168226237755979 0.80613095238095245 0.21525478292862402 0.20795741417326194
decision_type=2 10 2 10 8 10 2 2 8 2 2 2 2 2 2 2 10 2 2 2 2 2 8 2 2 2 2 2 2 2
left_child=1 -1 7 4 -4 -5 -7 -2 -9 -10 11 28 13 14 -13 19 17 18 -17 20 -3 23 -23 25 -22 26 -21 -16 -11 -14
right_child=2 15 3 5 -6 6 -8 8 9 10 -12 12 29 -15 27 16 -18 -19 -20 21 24 22 -24 -25 -26 -27 -28 -29 -30 -31
leaf_value=-0.0052710917386493182 -0.005715174573114718 0.0089828676091773182 0.0078466408372182272 -0.0069352815586787011 0.027457758868468629 0.017724076879646961 -1.8832649787267049e-05 -6.4517548379617612e-06 -0.0047599133864111663 0.0078414307194772121 0.0181800509619643 -0.0069317339379035064 0.0042312639464516591 0.021852698907690142 0.010221204778556772 -0.012420574913196493 0.016445991242269302 0.010683140868485413 0.0010495552385195806 0.0013066376156864628 -0.008632253876505791 0.018880985032458952 -0.0015330289274846254 -0.008221804504906503 0.0038588959462622294 -0.00092818803157019344 0.01895764709662388 -0.0014836989286501545 0.019896654035497941 -0.0064641439093255926
leaf_weight=2712 301 105 174 143 131 158 150 1426 224 457 128 122 199 103 316 132 106 170 681 186 802 133 228 545 117 905 101 166 131 356
leaf_count=2712 301 105 174 143 131 158 150 1426 224 457 128 122 199 103 316 132 106 170 681 186 802 133 228 545 117 905 101 166 131 356
internal_value=-0.00023875 -0.00262754 0.00329115 0.00895253 0.0162698 0.00400407 0.00908305 0.00220181 0.00285865 0.00471406 0.00578695 0.00492948 0.00232135 0.00620759 0.00353963 -0.000925013 0.00241932 0.00090678 -0.00113748 -0.00209157 -0.0053988 -0.000477358 0.00598792 -0.00182103 -0.00704198 0.00110549 0.00751832 0.00619006 0.0105272 -0.00262921
internal_weight=11608 6923 4685 756 305 451 308 3929 3628 2202 1978 1850 1262 707 604 4211 1089 983 813 3122 1024 2098 361 1737 919 1192 287 482 588 555
internal_count=11608 6923 4685 756 305 451 308 3929 3628 2202 1978 1850 1262 707 604 4211 1089 983 813 3122 1024 2098 361 1737 919 1192 287 482 588 555
is_linear=0
shrinkage=0.02


Tree=113
num_leaves=31
num_cat=0
split_feature=9 0 9 3 2 11 9 3 8 5 3 11 2 3 1 2 3 2 8 5 5 4 2 4 2 9 3 11 11 0
split_gain=235.011 74.8114 69.3725 69.6909 51.1348 49.2247 46.0956 45.6205 62.9115 62.8851 52.7068 50.7498 44.7305 72.5177 64.1108 50.8313 48.1202 51.8443 46.8676 65.7836 63.0081 52.0243 43.9862 42.5849 39.9441 39.8262 39.8167 37.396 56.1468 48.1363
threshold=0.16929121725731897 0.099169990182057619 0.25205254515599346 72.361010042451667 0.86165836069865698 0.37022727272727279 0.17103335701136271 77.583747319934702 5.5000000000000009 0.34967293041372355 66.445900694494767 0.75790865384615402 0.85184229019803481 68.515590320552903 0.28596638748713282 0.88557001319556916 67.196581117359685 0.88557001319556916 7.5000000000000009 0.39394012537227258 0.14918503705753264 -0.26004584396522229 0.9147934690931544 -0.37332741825906873 0.7186028116842299 0.23499880070358725 66.7018192631989 0.85357142857142876 0.89909926470588253 0.21738909192350006
decision_type=2 10 2 8 8 2 2 10 2 2 10 2 8 10 8 10 10 8 2 2 2 2 10 2 10 2 10 2 2 10
left_child=1 -1 5 4 26 -2 -7 8 11 10 -10 24 18 14 15 -14 17 -16 19 20 -8 -22 -6 -20 -3 -15 -4 29 -29 -19
right_child=2 7 3 -5 22 6 12 -9 9 -11 -12 -13 13 25 16 -17 -18 27 23 -21 21 -23 -24 -25 -26 -27 -28 28 -30 -31
leaf_value=-0.0051656699100443007 -0.01067691009491682 -0.006788041939477212 0.022371662338574728 0.021185592166977386 -0.0084317333963249003 0.014747260939523887 0.00055003539261330541 0.010000600273897115 -0.0075755007266964051 0.0032026358898308766 0.00055466749059125762 -0.014135129942430878 0.026533737049861388 -0.0025458685564693851 -0.010107438422452946 0.0090239422551975281 0.01738207474851735 0.0043400182941999571 -0.0088370830822372577 -0.002030401359258712 0.024732604244398694 0.0057684343405694609 0.0060355738070846975 -9.5979574647592908e-05 0.00098956722783503253 0.010194478753285529 0.0055073566481781498 -0.0097990261966792429 0.009864446576063831 0.020127443740410464
leaf_weight=2712 116 580 105 146 124 120 192 148 544 1479 771 204 110 609 104 167 106 249 328 435 126 107 261 696 485 117 120 130 105 112
leaf_count=2712 116 580 105 146 124 120 192 148 544 1479 771 204 110 609 104 167 106 249 328 435 126 107 261 696 485 117 120 130 105 112
internal_value=-0.000233975 -0.00257499 0.00322532 0.00877348 0.00580272 0.00215777 0.00254823 -0.000906513 -0.00130382 0.000373398 -0.00280869 -0.0049966 0.00215184 0.00439811 0.0076767 0.0159773 0.00482402 0.00292237 -5.0171e-06 0.00343711 0.00903326 0.0160237 0.00137597 -0.00289586 -0.00324613 -0.000492672 0.0133774 0.00519603 -0.00101322 0.00923806
internal_weight=11608 6923 4685 756 610 3929 3813 4211 4063 2794 1315 1269 3693 1809 1083 277 806 700 1884 860 425 233 385 1024 1065 726 225 596 235 361
internal_count=11608 6923 4685 756 610 3929 3813 4211 4063 2794 1315 1269 3693 1809 1083 277 806 700 1884 860 425 233 385 1024 1065 726 225 596 235 361
is_linear=0
shrinkage=0.02


Tree=114
num_leaves=31
num_cat=0
split_feature=0 12 10 5 2 12 1 3 11 5 11 3 0 1 12 12 2 5 11 2 1 0 0 10 12 2 10 2 1 1
split_gain=222.09 93.7664 86.8273 64.0343 100.102 74.2708 73.3535 68.6661 62.7315 60.6424 56.537 46.7194 44.8959 44.8231 43.707 47.0851 51.3482 43.1625 37.2816 34.9871 38.2669 32.9031 31.2102 38.2678 43.2544 36.5718 35.471 29.4888 26.741 41.3536
threshold=0.21738909192350006 68.27389705882355 0.34678297305875455 0.59027386448500729 0.76914918913817598 69.818014705882362 0.41419801350424196 65.567798668462544 0.84343750000000017 0.26750051277748438 0.33900000000000008 64.520103441128057 0.17949179052974226 0.38429760506127048 67.727941176470594 64.21139705882355 0.89174468006221985 0.14547062568980076 0.31561553030303041 0.8500194394495274 0.35047551221747414 0.24695687089120238 0.093139305557696256 0.12289381870171755 67.968750000000014 0.79432500198672928 0.14089496050111558 0.92467050270832341 0.30908423241579625 0.28309132946616716
decision_type=10 2 2 2 10 2 10 10 2 2 2 8 10 8 2 2 10 2 2 8 10 10 8 2 2 8 2 10 10 10
left_child=2 14 10 4 -3 -5 7 -6 -9 -4 18 13 -11 -12 15 -2 17 -17 -1 20 -19 -18 -13 24 -24 -26 -25 -8 29 -28
right_child=1 3 9 5 6 -7 27 8 -10 12 11 22 -14 -15 -16 16 21 19 -20 -21 -22 -23 23 26 25 -27 28 -29 -30 -31
leaf_value=-0.0043674391267167689 -0.0047596825441705579 -0.0059716540603683543 -0.0029606285566704041 0.01325747551303357 0.03244282769008229 -0.0074748449266082585 0.012493655573543127 0.0064505989313795318 0.022812138761610094 0.0055463663949386066 -0.0033754741675804936 -0.0036716767464766392 0.021279972566971703 -0.016735103917480617 -0.0073140847035928777 -0.010565223904582215 0.017854885828153345 0.017450183621730727 -0.015102890244285976 -0.0050189522634381837 0.0017076454258750421 0.0057510703724055071 -0.00094009756475412355 -0.0093308451669123355 0.017902792929607031 0.0029188360024963605 5.2833052242823146e-05 -0.0022916119265414419 -0.0040220793091535947 0.0078342760585099966
leaf_weight=1708 238 104 163 120 120 163 111 178 198 171 1438 942 126 108 190 102 157 106 140 115 148 210 217 167 144 119 2956 105 543 301
leaf_count=1708 238 104 163 120 120 163 111 178 198 171 1438 942 126 108 190 102 157 106 140 115 148 210 217 167 144 119 2956 105 543 301
internal_value=-0.000229296 0.00523968 -0.00162864 0.0095139 0.012357 0.00131625 0.0150342 0.0192705 0.0150665 0.00684157 -0.00207226 -0.00124393 0.0122212 -0.00430875 0.00152929 0.00309085 0.00532048 0.000950358 -0.00518073 0.00413353 0.00827737 0.010929 -0.000364692 0.000335821 0.00566946 0.011123 -0.000309541 0.00530637 8.69217e-05 0.000771965
internal_weight=11608 2365 9243 1099 816 283 712 496 376 460 8783 6935 297 1546 1266 1076 838 471 1848 369 254 367 5389 4447 480 263 3967 216 3800 3257
internal_count=11608 2365 9243 1099 816 283 712 496 376 460 8783 6935 297 1546 1266 1076 838 471 1848 369 254 367 5389 4447 480 263 3967 216 3800 3257
is_linear=0
shrinkage=0.02


Tree=115
num_leaves=31
num_cat=0
split_feature=0 9 8 1 0 11 9 1 11 4 5 0 12 9 5 0 8 9 9 1 9 12 12 11 11 2 12 0 4 8
split_gain=214.511 81.2048 69.9289 63.3495 58.5935 56.3981 90.2381 77.8635 97.3562 59.5551 55.0525 47.7552 47.095 45.1557 55.9268 44.8839 44.3632 42.4063 38.5318 37.8702 37.7052 62.891 45.406 48.5945 43.673 63.6906 36.021 33.9339 32.7737 41.9461
threshold=0.12616858404039746 0.18255910067779801 2.5000000000000004 0.33892326377004434 0.22796945624854767 0.84438541666666678 0.22846481876332625 0.45232880397529568 0.86207142857142871 -0.2655132788456645 0.57797698290986099 0.18255447790944893 69.727941176470594 0.16342774718069766 0.36820390866694408 0.26235014289051706 14.500000000000002 0.19809042019870571 0.15544310208215914 0.36344328041450352 0.16365459593447199 69.303308823529434 64.125000000000014 0.85058823529411776 0.75167832167832183 0.89896241200847349 67.343750000000014 0.15217145395331866 -0.030010861181372344 13.500000000000002
decision_type=8 2 2 8 8 2 2 10 2 2 2 8 2 2 2 10 2 2 2 8 2 2 2 2 2 10 2 10 2 2
left_child=-1 3 11 20 16 6 9 8 -7 -6 12 -3 -10 18 -15 -8 -4 -13 19 -5 24 22 -22 -24 25 26 28 -26 29 -2
right_child=1 2 4 13 5 7 15 -9 10 -11 -12 17 -14 14 -16 -17 -18 -19 -20 -21 21 -23 23 -25 27 -27 -28 -29 -30 -31
leaf_value=-0.0040608724594163297 -0.0060907689277856303 0.022447630555927755 0.0010278533535232437 0.0066219147014662735 -0.00087446374605130994 0.028463306587068287 0.00029040320257170009 -0.0043557631475568724 0.0075867963429306438 0.016463948028162121 -0.0016158113709172687 -0.0027475406384960873 0.023878844748251141 -0.020416844248055264 -0.0023805880699663945 -0.017496335688128806 -0.011571813393538155 0.010237434336411467 0.0081447446357239689 -0.0049095066164453662 0.014141418444467526 0.016328017265935028 -0.0048716900452191745 0.010930185448200928 0.0014889505014500834 0.014094322583059203 0.0029912980898669488 -0.011589238879518893 0.0078481490876348252 0.0073529401961543138
leaf_weight=3679 626 100 1467 133 157 123 113 132 207 160 148 127 108 130 146 114 121 484 136 794 102 168 301 105 132 148 1018 199 105 109
leaf_count=3679 626 100 1467 133 157 123 113 132 207 160 148 127 108 130 146 114 121 484 136 794 102 168 301 105 132 148 1018 199 105 109
internal_value=-7.07976e-05 0.00178431 0.00402411 -4.83899e-05 0.00262425 0.00584108 0.000983776 0.00952126 0.0126471 0.00787679 0.00844545 0.00963536 0.0131726 -0.00366804 -0.0108759 -0.00864214 6.78032e-05 0.00753843 -0.00179656 -0.00325505 0.00156021 0.00572015 0.00221204 -0.000784998 0.000356906 0.0014675 0.000461704 -0.00637377 -0.00260392 -0.00409708
internal_weight=11592 7913 3561 4352 2850 1262 544 718 586 317 463 711 315 1339 276 227 1588 611 1063 927 3013 676 508 406 2337 2006 1858 331 840 735
internal_count=11592 7913 3561 4352 2850 1262 544 718 586 317 463 711 315 1339 276 227 1588 611 1063 927 3013 676 508 406 2337 2006 1858 331 840 735
is_linear=0
shrinkage=0.02


Tree=116
num_leaves=31
num_cat=0
split_feature=0 9 8 1 0 10 11 9 1 11 4 5 3 0 5 10 0 0 8 9 3 9 12 12 11 11 10 5 5 11
split_gain=206.016 77.9891 67.1597 60.8409 56.2732 54.9436 54.1647 86.6647 74.7801 93.5009 57.1967 52.8724 50.1387 49.1266 68.5147 47.2063 45.8641 43.1064 42.6064 40.727 41.6808 36.2121 60.4005 43.608 46.6701 41.9435 37.6223 32.1144 85.3967 47.7376
threshold=0.12616858404039746 0.18255910067779801 2.5000000000000004 0.33892326377004434 0.22796945624854767 0.28383085410054049 0.84438541666666678 0.22846481876332625 0.45232880397529568 0.86207142857142871 -0.2655132788456645 0.57797698290986099 65.432736462061641 0.24695687089120238 0.37798420364217256 0.35812174829350873 0.18255447790944893 0.26235014289051706 14.500000000000002 0.19809042019870571 65.620129394099251 0.16365459593447199 69.303308823529434 64.125000000000014 0.85058823529411776 0.75167832167832183 0.24957482402312461 0.33509878675135735 0.47999907914702628 0.70062500000000016
decision_type=8 2 2 8 8 2 2 2 10 2 2 2 8 8 2 2 8 10 2 2 10 2 2 2 2 2 2 2 2 2
left_child=-1 3 16 21 18 12 7 10 9 -8 -6 15 -5 14 -14 -11 -3 -9 -4 -18 -21 25 23 -23 -25 27 -27 -2 -29 -30
right_child=1 2 4 5 6 -7 8 17 -10 11 -12 -13 13 -15 -16 -17 19 -19 -20 20 -22 22 -24 24 -26 26 -28 28 29 -31
leaf_value=-0.003979655024425318 -0.001392672767634812 0.021998677806556226 0.0010072962739381078 -0.0094723599733230676 -0.00085697411885781664 -0.01436411685770355 0.027894040189562288 0.00028459509686294909 -0.00426864766628679 0.01983418858562197 0.016134669056162239 -0.0015834952105541486 -0.0021150324967249422 -0.0026331583579035046 0.019116087693599581 0.0042529387942382268 -0.0026925898745186689 -0.017146408753959758 -0.011340376998890529 0.014649322822652633 0.0025712019120519227 0.013858590187395322 0.016001456866395616 -0.0047742561372368297 0.010711581475677944 -0.010810258754976258 0.0037154426662108077 0.012273875431685777 -0.0019313667250324541 0.011914409952094923
leaf_weight=3679 891 100 1467 279 157 166 123 113 132 175 160 148 129 650 115 140 127 114 121 299 185 102 168 301 105 227 104 328 670 117
leaf_count=3679 891 100 1467 279 157 166 123 113 132 175 160 148 129 650 115 140 127 114 121 299 185 102 168 301 105 227 104 328 670 117
internal_value=-6.93816e-05 0.00174863 0.00394363 -4.7422e-05 0.00257177 -0.00359468 0.00572426 0.000964101 0.00933084 0.0123942 0.00771925 0.00827654 -0.00207061 0.000239327 0.00789144 0.0129092 0.00944266 -0.0084693 6.64471e-05 0.00738766 0.0100327 0.00152901 0.00560575 0.0021678 -0.000769298 0.000349768 -0.00624629 0.00143815 0.00370027 0.000127027
internal_weight=11592 7913 3561 4352 2850 1339 1262 544 718 586 317 463 1173 894 244 315 711 227 1588 611 484 3013 676 508 406 2337 331 2006 1115 787
internal_count=11592 7913 3561 4352 2850 1339 1262 544 718 586 317 463 1173 894 244 315 711 227 1588 611 484 3013 676 508 406 2337 331 2006 1115 787
is_linear=0
shrinkage=0.02


Tree=117
num_leaves=31
num_cat=0
split_feature=0 10 4 1 0 4 10 2 2 0 1 0 1 8 5 5 2 2 2 1 2 10 5 0 1 5 4 3 5 3
split_gain=197.858 62.9987 61.6123 69.7813 86.9944 56.3653 51.9133 47.3396 43.9918 47.3108 45.5358 41.5389 39.4751 39.4084 35.5586 47.7991 32.4947 41.148 38.5848 44.0755 44.3905 30.9676 30.5435 28.4267 26.7003 61.1412 35.0663 24.0982 23.9157 45.053
threshold=0.12616858404039746 0.32243258680480014 0.023048052224564217 0.41419801350424196 0.26686262215144446 -0.15327413876059495 0.30917180325838411 0.90141650979724675 0.5259369238614523 0.14981036948853879 0.11821681437614212 0.29374750631640317 0.45771001461413158 14.500000000000002 0.78558094456220651 0.73062262588312088 0.81003351977902915 0.74777784735885278 0.8550737457341232 0.30421933977210841 0.92244355581758553 0.30342006404008981 0.46820933139622617 0.17435373549538288 0.21181023090170539 0.96943112981570934 -0.29332723012599898 71.209046797038127 0.015807851915342987 65.716334867479773
decision_type=8 2 2 10 10 2 2 10 8 8 8 10 10 2 2 2 10 10 10 10 10 2 2 10 10 2 2 8 2 8
left_child=-1 6 3 4 5 16 8 12 9 -2 -10 13 -5 14 15 21 17 27 -18 -20 -21 28 -8 -15 -16 26 -26 -3 29 -12
right_child=1 2 -4 7 -6 -7 22 -9 10 -11 11 -13 -14 23 24 -17 18 -19 19 20 -22 -23 -24 -25 25 -27 -28 -29 -30 -31
leaf_value=-0.0039000619169838116 0.0033192897756369067 -0.00058274236424724654 0.018692426319804886 -0.018883522348850965 0.019678047462691403 -0.0056209188044808291 -0.0019562481231509875 0.0036025530779290765 0.011078621154937606 -0.01228920032979602 0.0128254514771172 0.012280468146659826 -0.0011567833060675328 -0.011413898151367903 0.0032736801981073189 0.013969229262895309 0.020580231502471076 -0.0073501110699821697 0.017705434001982212 -0.0063784876520060433 0.010975114197834679 0.011941445216275097 -0.015474334291031218 -5.2581290997888726e-05 -0.021509555885750875 0.0038228452308424589 -0.0058172788421529554 0.012196953532246637 0.00072077847092488355 0.0013932564155611402
leaf_weight=3679 130 101 124 100 172 187 156 210 195 193 199 133 101 169 166 130 108 122 104 121 115 114 117 184 102 145 129 142 3495 449
leaf_count=3679 130 101 124 100 172 187 156 210 195 193 199 133 101 169 166 130 108 122 104 121 115 114 117 184 102 145 129 142 3495 449
internal_value=-6.79939e-05 0.00171365 0.00511628 0.00405283 0.00653949 0.00427966 0.00077774 -0.00303808 0.00117012 -0.00600715 0.00158336 0.00124142 -0.00997606 0.00096346 0.00142577 0.00202286 0.00655691 0.00212711 0.010166 0.00685796 0.00207772 0.00165804 -0.00774971 -0.00549185 -0.00340712 -0.00635663 -0.0127463 0.00688523 0.00137508 0.00490407
internal_weight=11592 7913 1707 1583 1172 1000 6206 411 5933 323 5610 5415 201 5282 4929 4387 813 365 448 340 236 4257 273 353 542 376 231 243 4143 648
internal_count=11592 7913 1707 1583 1172 1000 6206 411 5933 323 5610 5415 201 5282 4929 4387 813 365 448 340 236 4257 273 353 542 376 231 243 4143 648
is_linear=0
shrinkage=0.02


Tree=118
num_leaves=31
num_cat=0
split_feature=0 2 3 1 12 4 2 8 5 11 0 1 8 1 4 0 5 5 4 0 0 1 1 3 6 1 3 1 5 1
split_gain=190.023 59.0453 48.3511 59.9921 66.9671 48.5952 43.9196 55.5966 56.0263 52.1011 46.6122 46.2163 44.7367 40.4114 40.3401 81.0764 45.8382 38.5615 35.1944 38.3469 41.5681 36.4486 73.4975 41.1389 39.1812 48.8661 55.967 61.3226 47.3348 44.8934
threshold=0.12616858404039746 0.92091037630122985 66.336481956786628 0.41080994953754296 68.906250000000014 -0.19054836593433089 0.5259369238614523 14.500000000000002 0.78558094456220651 0.62062500000000009 0.14981036948853879 0.17137043803865729 4.5000000000000009 0.38166505362839936 0.023048052224564217 0.20000082808624622 0.71080282883201285 0.21784107701101538 -0.080588022776976548 0.16908145034967195 0.20502576567663972 0.3564100833998774 0.33092658717190793 63.856213798554386 2.5000000000000004 0.22741013113943964 68.100962113717841 0.17416299841787183 0.27148840702550309 0.24471897273852009
decision_type=8 10 10 10 2 2 8 2 2 2 8 10 2 8 2 10 2 2 2 8 10 8 10 8 2 10 10 10 2 10
left_child=-1 6 3 4 -3 -4 10 8 9 13 -2 -10 -13 -8 16 -16 18 -9 21 -20 -21 22 24 -23 -11 26 27 -26 -28 -27
right_child=1 2 5 -5 -6 -7 7 17 11 14 -12 12 -14 -15 15 -17 -18 -19 19 20 -22 23 -24 -25 25 29 28 -29 -30 -31
leaf_value=-0.0038220606721604388 0.002830620073456911 -0.002861786736955856 0.0054601655490543752 -0.01287489838167733 0.01644808164758918 0.016594778123549571 0.0013123883338361656 -0.013745815138651156 0.0086272990054369544 -0.0054425344369033492 -0.012326955085402817 -0.015000834260254531 -0.0023936738258920347 -0.0062374247538710603 0.0015448561826577553 0.023411340388469398 0.012884758316652208 -0.0011178772178779643 0.006578936804002981 -0.017437115439346857 -0.00017214200138544834 -0.0029701534739750273 -0.010816537015829129 0.0076900642967883959 0.014125281309754384 0.017279331332861182 -0.015099801718656505 -0.00256805698887298 0.00036870665213727691 0.0049463296349790712
leaf_weight=3679 138 179 488 102 120 231 1012 152 103 205 197 157 398 394 156 120 183 266 101 105 119 170 173 977 164 137 140 190 182 854
leaf_count=3679 138 179 488 102 120 231 1012 152 103 205 197 157 398 394 156 120 183 266 101 105 119 170 173 977 164 137 140 190 182 854
internal_value=-6.66341e-05 0.00167938 0.00593413 0.000369751 0.00488799 0.00903749 0.000977876 0.00134415 0.00183232 0.00250584 -0.00608294 -0.0036766 -0.00596002 -0.000803278 0.00367601 0.011052 0.0031258 -0.00570985 0.00261801 -0.00365203 -0.0082651 0.00325641 0.00165584 0.00611008 0.00280847 0.00382314 -0.000322858 0.00516558 -0.00635673 0.0066513
internal_weight=11592 7913 1120 401 299 719 6793 6458 6040 5382 335 658 555 1406 3976 276 3700 418 3517 325 224 3192 2045 1147 1872 1667 676 354 322 991
internal_count=11592 7913 1120 401 299 719 6793 6458 6040 5382 335 658 555 1406 3976 276 3700 418 3517 325 224 3192 2045 1147 1872 1667 676 354 322 991
is_linear=0
shrinkage=0.02


Tree=119
num_leaves=31
num_cat=0
split_feature=0 10 12 1 0 3 2 1 0 12 12 12 2 0 2 12 3 2 11 12 1 1 12 0 11 3 1 5 5 1
split_gain=182.498 59.1793 61.6889 49.9857 58.9229 51.0295 40.6632 44.1749 44.1648 36.7413 30.9356 38.6023 42.6606 44.2725 35.6491 91.1961 53.3147 33.9373 51.0545 57.5899 33.7909 30.7967 37.9436 54.7886 30.704 33.338 30.6482 30.1694 34.6467 42.5223
threshold=0.12616858404039746 0.34819042378274373 64.406250000000014 0.41419801350424196 0.26686262215144446 70.523076236010269 0.5259369238614523 0.11821681437614212 0.14981036948853879 74.250000000000014 61.500000000000007 64.788602941176478 0.8789945352180728 0.18750216111032542 0.89896241200847349 67.21139705882355 66.000043816704633 0.95642875319567033 0.82129166666666686 69.152573529411782 0.24471897273852009 0.21640173299076856 64.406250000000014 0.17733648216248302 0.93372549019607853 66.7018192631989 0.22431813707393281 -0.32293365537568858 0.5829470712630842 0.31038147543135758
decision_type=8 2 2 10 10 10 8 8 8 2 2 2 10 10 8 2 10 10 2 2 10 8 2 8 2 8 8 2 2 10
left_child=-1 6 -3 4 5 24 8 -8 -2 10 -9 12 13 21 27 16 20 18 26 -20 -16 -12 23 -23 25 -4 -17 -13 -29 -30
right_child=1 2 3 -5 -6 -7 7 9 -10 -11 11 14 -14 -15 15 17 -18 -19 19 -21 -22 22 -24 -25 -26 -27 -28 28 29 -31
leaf_value=-0.0037456194360161537 0.0027740079943137921 -0.0056581940451710666 0.022081635957035949 0.00087914732253902982 0.023132552051496124 -0.0020036472350751099 0.010632555750388729 0.0086063891761960134 -0.012011396349622654 0.011679569878541525 -0.012403265467308314 -0.010844301031810222 -0.01333500154187075 0.0055805972505252642 0.0095282378448663576 0.0080685729003053593 0.016997849858469433 -0.0096420890136311461 -0.00058161257631810642 0.015300486241225019 -0.0045661446335725489 0.013318744389289016 -0.011389181434664697 -0.0065558832015149898 0.0019877839877324947 0.0089615146061146848 -0.0029841428333629706 0.0015631897550151691 -0.0002364405504647531 -0.0099279571738468061
leaf_weight=3679 138 161 136 301 124 152 196 195 195 126 151 101 144 241 190 118 252 120 175 191 106 109 105 113 102 180 671 2259 602 259
leaf_count=3679 138 161 136 301 124 152 196 195 195 126 151 101 144 241 190 118 252 120 175 191 106 109 105 113 102 180 671 2259 602 259
internal_value=-6.53014e-05 0.00164579 0.00582739 0.00768586 0.0106381 0.00791996 0.000930397 0.00128364 -0.00588411 0.000989423 0.000768682 0.000509946 -0.00339878 -0.00140877 0.00117871 0.00341366 0.0102369 0.000481013 0.00153276 0.00770659 0.00448093 -0.0049327 -0.00148298 0.00320238 0.0115285 0.0146081 -0.00133114 -8.62176e-05 0.000262041 -0.00315177
internal_weight=11592 7913 1156 995 694 570 6757 6424 333 6228 6102 5907 863 719 5044 1823 548 1275 1155 366 296 478 327 222 418 316 789 3221 3120 861
internal_count=11592 7913 1156 995 694 570 6757 6424 333 6228 6102 5907 863 719 5044 1823 548 1275 1155 366 296 478 327 222 418 316 789 3221 3120 861
is_linear=0
shrinkage=0.02


Tree=120
num_leaves=31
num_cat=0
split_feature=9 2 12 9 11 5 3 3 3 5 4 2 1 4 5 1 11 4 3 3 5 4 1 4 5 5 3 1 2 9
split_gain=152.987 80.6053 60.9074 41.5474 52.043 46.1599 52.9786 45.8507 43.675 44.2952 41.1532 40.6028 40.1645 66.837 60.1479 42.2479 38.812 40.3703 37.773 35.2582 43.7969 46.3402 34.6793 33.6311 58.0008 68.8568 68.585 71.573 36.3584 33.3819
threshold=0.21464364415733392 0.73363573319671516 65.696691176470594 0.14148611534940497 0.47035714285714292 0.53458021745221085 67.000600794430582 60.198107118360717 66.95541232286574 0.4338598514089208 -0.34153924562864524 0.72072042491708699 0.28309132946616716 -0.56103856135061003 0.54750183995215951 0.31449024625549987 0.69572727272727286 -0.022113287218032986 64.000511475763474 71.801227643701182 0.398884835259185 -0.29089158875107629 0.3564100833998774 -0.15598086254812535 0.59027386448500729 0.45968492226609786 70.917803255435416 0.38707415916052451 0.93193411989935648 0.25998405103668271
decision_type=2 10 2 2 2 2 10 10 10 2 2 8 8 2 2 8 2 2 10 10 2 2 10 2 2 2 8 10 8 2
left_child=1 22 29 4 8 7 18 -5 -3 -10 -8 -4 14 -14 -13 -15 -9 -18 -7 20 -6 -22 -1 24 25 26 27 -17 -25 -2
right_child=2 3 11 5 19 6 10 16 9 -11 -12 12 13 15 -16 23 17 -19 -20 -21 21 -23 -24 28 -26 -27 -28 -29 -30 -31
leaf_value=-0.002642030144221469 -0.0063266644304245711 -0.003196705348314123 0.017223162613061331 -0.0065081996779356686 -0.0089669888831275402 -0.0019696433610168467 -0.013297360011975715 0.012033576343004426 0.0020209658776338285 0.018970431213577589 -0.00098913466177461017 -0.0058489795266770022 0.021819431620235204 0.015043608252348942 0.012370563033081237 0.010454617607174442 0.0029869295841998961 0.015260629076988271 0.011304472578083013 -0.014902109440702659 0.011780548557764342 -0.005460745279058701 0.0069449194149384576 -0.0088092988130817427 -0.003990676317049505 0.024782398903723992 0.016173915084770833 -0.012898480916079485 0.0068695477186476138 0.0068945314149287621
leaf_weight=5745 250 235 137 140 261 171 176 292 156 102 284 234 119 172 105 104 1279 117 172 130 119 131 155 139 154 101 156 106 103 110
leaf_count=5745 250 235 137 140 261 171 176 292 156 102 284 234 119 172 105 104 1279 117 172 130 119 131 155 139 154 101 156 106 103 110
internal_value=0.000108615 -0.000931129 0.00515843 0.00135528 -0.00184489 0.0027346 -0.00126238 0.00449039 0.00304063 0.00872192 -0.00569837 0.00680278 0.00584659 0.00762454 -0.000205758 0.00599247 0.0054026 0.0040156 0.00468676 -0.00560239 -0.00323651 0.00274611 -0.00239017 0.00418853 0.00665319 0.0101632 0.00612889 -0.00133314 -0.00213607 -0.00228685
internal_weight=11655 9665 1990 3765 1134 2631 803 1828 493 258 460 1630 1493 1154 339 1035 1688 1396 343 641 511 250 5900 863 621 467 366 210 242 360
internal_count=11655 9665 1990 3765 1134 2631 803 1828 493 258 460 1630 1493 1154 339 1035 1688 1396 343 641 511 250 5900 863 621 467 366 210 242 360
is_linear=0
shrinkage=0.02


Tree=121
num_leaves=31
num_cat=0
split_feature=0 4 2 10 3 2 9 2 12 5 3 5 3 11 11 9 9 0 0 10 2 2 12 12 3 11 9 0 0 3
split_gain=191.385 63.0769 59.9753 92.5849 90.1763 57.3031 51.2527 45.9556 37.4493 39.9871 59.8884 56.0886 58.0158 49.4102 49.2892 46.3469 63.4117 34.6509 39.0312 65.951 64.4178 37.8488 72.6201 38.7243 31.9621 31.0987 35.8511 34.162 43.2849 37.2552
threshold=0.14553864951320925 -0.74750032232107355 0.9444728092069008 0.42025674810504299 66.403041102482959 0.9544875690605451 0.21464364415733392 0.97412173669866164 67.531250000000014 0.71678397374707903 67.145939118374201 0.30158512124768799 60.872986300134734 0.50892045454545476 0.65075000000000016 0.22846481876332625 0.15143325143325145 0.23429410968847028 0.28428780284351379 0.32613392841329725 0.89551552880864083 0.89365200436144743 68.79411764705884 70.849264705882362 63.370264636043295 0.70062500000000016 0.15885655159153814 0.22330224240846624 0.17895020441073189 66.555640473827125
decision_type=10 2 10 2 10 10 2 10 2 2 10 2 10 2 2 2 2 10 10 2 10 10 2 2 10 2 2 10 10 10
left_child=6 -2 3 8 24 -6 -1 -7 9 11 -11 12 -3 -13 -15 16 -14 21 19 20 -19 -10 -23 -24 -4 -16 -27 28 -28 -30
right_child=1 2 4 -5 5 7 -8 -9 17 10 -12 13 15 14 25 -17 -18 18 -20 -21 -22 22 23 -25 -26 26 27 -29 29 -31
leaf_value=-0.0029018765766956039 0.015850881381184921 -0.01663117599340954 0.0057895802484976278 0.016494905158509442 0.02637266955389218 0.0027675507815476666 0.0062025003841427312 0.019754057426765129 0.0026396689401760815 0.0014030280580617867 -0.014958237362601047 0.013085836597851343 -0.0073876700688398026 -0.0115125795545997 0.013193799110976132 -0.013335611158058987 0.0049606431458265546 -0.0018324777673719064 -0.00099319811712237109 0.020227297588717191 0.017510786823490089 0.0079653380968068774 -0.020275364462460314 -0.0029646398171782498 -0.0093540403340011836 -0.0089405809838395082 -0.0019866210749154693 -0.0023092347570625995 0.022226994721032681 0.0050059060020243174
leaf_weight=5489 141 112 111 162 110 167 259 103 1686 177 181 182 259 101 110 111 465 212 188 160 102 114 107 100 112 106 111 216 100 101
leaf_count=5489 141 112 111 162 110 167 259 103 1686 177 181 182 259 101 110 111 465 212 188 160 102 114 107 100 112 106 111 216 100 101
internal_value=0.000106443 0.00263459 0.00231141 0.00161432 0.00827999 0.0142048 -0.00249164 0.00924759 0.00113229 -0.000719255 -0.00686901 0.00039605 -0.00311473 0.00363335 0.00159743 -0.00130175 0.000543222 0.00275004 0.00671792 0.00977633 0.004451 0.00144126 -0.00485321 -0.0119127 -0.00181618 0.00337715 0.00167395 0.0038049 0.00803776 0.0135736
internal_weight=11655 5907 5766 5163 603 380 5748 270 5001 2332 358 1974 947 1027 845 835 724 2669 662 474 314 2007 321 207 223 744 634 528 312 201
internal_count=11655 5907 5766 5163 603 380 5748 270 5001 2332 358 1974 947 1027 845 835 724 2669 662 474 314 2007 321 207 223 744 634 528 312 201
is_linear=0
shrinkage=0.02


Tree=122
num_leaves=31
num_cat=0
split_feature=0 4 2 1 10 11 9 8 8 11 0 8 0 5 1 10 0 5 1 8 9 4 4 0 5 0 0 1 5 4
split_gain=183.906 59.2876 58.3271 91.9265 87.0928 62.3116 54.6643 46.6066 45.9579 28.2339 42.4074 42.0373 72.3102 61.5294 37.1538 52.9626 30.3906 33.5657 79.5159 53.5894 51.59 50.591 71.5686 57.526 55.6342 50.4397 49.2365 46.0864 48.8094 43.9132
threshold=0.14286233418886482 -0.74750032232107355 0.9444728092069008 0.36758460809495869 0.42025674810504299 0.91533333333333344 0.21464364415733392 10.500000000000002 4.5000000000000009 0.91696691176470602 0.23429410968847028 5.5000000000000009 0.24079191705770542 0.20981618211293382 0.35450746658354154 0.30185883165807209 0.2291473056790477 0.30158512124768799 0.34603640087511062 7.5000000000000009 0.16520846013390142 -0.59485023956193717 -0.38401557463585606 0.20580921868381488 0.46820933139622617 0.17949179052974226 0.15999237760390314 0.26972320295495494 0.37798420364217256 -0.17239285665599849
decision_type=10 2 10 10 2 2 2 2 2 2 10 2 10 2 10 2 10 2 10 2 2 2 2 10 2 10 10 10 2 2
left_child=6 -2 4 7 9 -5 -1 8 -4 10 16 13 -13 -12 15 -11 17 18 20 -20 25 -19 23 -23 27 -3 -22 28 -24 -29
right_child=1 2 3 5 -6 -7 -8 -9 -10 14 11 12 -14 -15 -16 -17 -18 21 19 -21 26 22 24 -25 -26 -27 -28 29 -30 -31
leaf_value=-0.0029255827901686995 0.015298887362677448 0.000804223340038461 0.011665343745581565 -0.0087075864962196051 0.015941534186342012 0.011227578045083926 0.0066236080545412591 0.0040989371333961131 0.029467150890225665 -0.0096851515901971216 -0.013472584771733839 0.023630210801009275 0.0052789897155965824 0.0044134141020109189 -0.013507502740327301 0.010500056591771898 -0.0093520149310714878 -0.010939189427428775 -0.0019476238876870535 -0.021613472655105093 -0.007481715889381511 0.013834411750184973 -0.007402742791815963 -0.0032618065823865412 -0.0015904335883541712 -0.010963987295125795 0.0071679749868546186 0.0048063360666161159 0.0095243787959587711 0.021614340960834949
leaf_weight=5369 142 386 124 158 163 104 251 108 109 103 103 101 574 304 119 105 122 108 103 120 112 357 142 101 1044 234 508 134 131 116
leaf_count=5369 142 386 124 158 163 104 251 108 109 103 103 101 574 304 119 105 122 108 103 120 112 357 142 101 1044 234 508 134 131 116
internal_value=0.000104314 0.0025287 0.00222099 0.00811439 0.0015492 -0.000794391 -0.0024991 0.0149593 0.0199932 0.00109164 0.00147902 0.00496376 0.00802488 -0.000113018 -0.00459467 0.000504497 0.000464896 0.00079795 -0.00153519 -0.0125301 0.000442126 0.00239823 0.00310955 0.0100643 0.00107684 -0.00363733 0.00452158 0.00640118 0.000719795 0.0126053
internal_weight=11655 6035 5893 603 5290 262 5620 341 233 5127 4800 1082 675 407 327 208 3718 3596 1463 223 1240 2133 2025 458 1567 620 620 523 273 250
internal_count=11655 6035 5893 603 5290 262 5620 341 233 5127 4800 1082 675 407 327 208 3718 3596 1463 223 1240 2133 2025 458 1567 620 620 523 273 250
is_linear=0
shrinkage=0.02


Tree=123
num_leaves=31
num_cat=0
split_feature=0 4 2 1 11 9 8 8 12 0 12 12 0 4 1 4 8 12 4 2 4 12 4 2 1 8 9 4 0 2
split_gain=176.624 56.9398 56.0174 88.2862 59.844 52.4996 44.761 44.138 42.1948 37.0962 49.0477 59.4713 36.457 53.2288 49.222 57.5776 41.4137 48.8692 47.1193 44.7543 39.6587 35.9545 33.6232 33.1225 37.3349 68.5808 41.4739 40.409 47.8855 33.8949
threshold=0.14286233418886482 -0.74750032232107355 0.9444728092069008 0.36758460809495869 0.91533333333333344 0.21464364415733392 10.500000000000002 4.5000000000000009 67.531250000000014 0.23429410968847028 71.205882352941188 68.393382352941188 0.1922539221321786 -0.35399598653060999 0.33316982092763087 -0.45555613272287682 5.5000000000000009 64.968750000000014 -0.095889111176572367 0.81003351977902915 -0.39561291130663284 67.424632352941188 -0.19668095268989264 0.94211370940424455 0.33892326377004434 5.5000000000000009 0.20666712785308231 -0.28623756836774755 0.18902091718731451 0.82683254425717545
decision_type=10 2 10 10 2 2 2 2 2 10 2 2 10 2 10 2 2 2 2 8 2 2 2 8 10 2 2 2 10 10
left_child=5 -2 8 6 -5 -1 7 -4 12 23 11 -11 20 14 -14 -16 17 -15 19 -18 -3 -7 -13 24 26 -26 27 -10 -29 -27
right_child=1 2 3 4 -6 21 -8 -9 9 10 -12 22 13 16 15 -17 18 -19 -20 -21 -22 -23 -24 -25 25 29 -28 28 -30 -31
leaf_value=-0.0028670711237139069 0.014992909603555439 0.0032485014287541663 0.01143203686442106 -0.0085334346801797054 0.011003026234415861 -0.0025825145818944117 0.0040169582847091887 0.028877808267096863 0.0045196405890849814 0.00022553381192066323 -0.0012119296511921747 0.010211808090825183 -0.010095598468661824 0.0085014564687965304 0.011520447640943883 -0.0083661287053696173 0.0030524127303267557 -0.0082920912563441748 -0.00058826498029622854 0.0173355096542206 -0.0052556194948016957 0.012805905951489066 0.022837750173479547 0.012115540994978431 0.0073770121410489092 -0.0035743736072972017 0.0080711710169201808 0.0008278530742774513 -0.010819603128469375 -0.019204086230413333
leaf_weight=5369 142 297 124 158 104 103 108 109 583 164 208 237 231 119 134 103 139 166 171 238 839 148 131 118 120 111 399 469 202 111
leaf_count=5369 142 297 124 158 104 103 108 109 583 164 208 237 231 119 134 103 139 166 171 238 839 148 131 118 120 111 399 469 202 111
internal_value=0.000102228 0.00247813 0.00217657 0.0079521 -0.000778504 -0.00244912 0.0146601 0.0195934 0.00151822 0.00316907 0.00702277 0.0102424 -0.000414438 0.00187139 -0.00352576 0.00287776 0.00490364 -0.00128005 0.0081196 0.0120693 -0.00303227 0.00649114 0.0147064 0.00181946 0.00121047 -0.00480458 0.00245496 0.000667985 -0.00267853 -0.0113892
internal_weight=11655 6035 5893 603 262 5620 341 233 5290 2853 740 532 2437 1301 468 237 833 285 548 377 1136 251 368 2113 1995 342 1653 1254 671 222
internal_count=11655 6035 5893 603 262 5620 341 233 5290 2853 740 532 2437 1301 468 237 833 285 548 377 1136 251 368 2113 1995 342 1653 1254 671 222
is_linear=0
shrinkage=0.02


Tree=124
num_leaves=31
num_cat=0
split_feature=0 4 9 10 10 8 5 4 8 1 5 9 0 5 9 3 3 5 1 11 1 3 5 4 4 3 4 11 4 3
split_gain=169.629 54.685 50.4206 42.3349 68.818 65.8247 80.6343 75.701 65.3068 51.9998 91.9218 40.212 51.528 32.3255 53.3607 61.696 54.7544 51.7142 53.086 50.0046 58.8234 57.9657 46.2498 55.9507 44.2704 42.8759 53.8833 38.4425 37.0506 31.8985
threshold=0.14286233418886482 -0.74750032232107355 0.21464364415733392 0.32243258680480014 0.30917180325838411 8.5000000000000018 0.72117193088777831 -0.14974695908961805 7.5000000000000009 0.34435163819625431 0.30158512124768799 0.21525478292862402 0.29011748173660112 0.33509878675135735 0.16929121725731897 61.663136332305896 66.403041102482959 0.60832683849333502 0.26819298476167042 0.75167832167832183 0.3117468292782033 64.629090752821554 0.45231884568828135 -0.36759959504554018 -0.23890706896689767 64.311254489105664 -0.2655132788456645 0.62581730769230781 -0.12211979572510778 71.271496728071853
decision_type=10 2 2 2 2 2 2 2 2 10 2 2 10 2 2 10 10 2 10 2 10 10 2 2 2 10 2 2 2 10
left_child=2 -2 -1 4 13 8 7 9 11 -7 -11 -5 29 14 -3 -16 -17 19 25 22 21 -21 27 -24 -18 -19 -27 -15 -26 -13
right_child=1 3 -4 5 -6 6 -8 -9 -10 10 -12 12 -14 17 15 16 24 18 -20 20 -22 -23 23 -25 28 26 -28 -29 -30 -31
leaf_value=-0.0028097297266120647 0.014693051611768529 -0.0034430210180599508 0.0063613129751497058 -0.0007018098757367268 -0.0098923380213767984 0.011808521344991668 0.016353982899677461 -0.014494955743152287 0.022608564028761081 -0.016315873884421309 0.0069672260700892174 0.0096031091824018717 -0.0030382762074765593 0.0071030128087928822 -0.010407743640897566 0.01368357219034806 -0.0024230522612586273 -0.0059343097420517079 -0.0046197142684012071 0.0096214104862883693 0.010816424190146582 -0.0082962023264800122 0.01648538803312281 0.00040495941991378607 0.018023488717898727 0.014671116019543171 -0.00014440510562190446 0.021054830549926056 0.00089166850874236982 0.022665801523345533
leaf_weight=5369 142 986 251 214 215 140 107 155 118 120 156 288 101 139 114 224 344 121 511 100 175 260 121 304 100 208 186 183 102 101
leaf_count=5369 142 986 251 214 215 140 107 155 118 120 156 288 101 139 114 224 344 121 511 100 175 260 121 304 100 208 186 183 102 101
internal_value=0.000100183 0.00242856 -0.00240013 0.00213303 0.00114249 0.00503402 0.000420846 -0.00256487 0.00883905 0.00188023 -0.00315586 0.00653109 0.00968995 0.00171034 -0.000244071 0.00332399 0.005357 0.00329385 -5.26245e-05 0.00597207 0.00130468 -0.00331909 0.00931485 0.00498315 0.00194097 0.00447899 0.00767699 0.0150322 0.00937277 0.0129947
internal_weight=11655 6035 5620 5893 4393 1500 678 571 822 416 276 704 490 4178 1870 884 770 2308 1026 1282 535 360 747 425 546 515 394 322 202 389
internal_count=11655 6035 5620 5893 4393 1500 678 571 822 416 276 704 490 4178 1870 884 770 2308 1026 1282 535 360 747 425 546 515 394 322 202 389
is_linear=0
shrinkage=0.02


Tree=125
num_leaves=31
num_cat=0
split_feature=9 2 5 4 4 4 2 11 9 10 5 5 2 4 11 11 5 10 10 11 1 11 2 2 10 9 9 11 1 12
split_gain=184.456 78.298 68.185 52.7042 52.6685 66.1532 51.4387 56.7702 52.0178 50.8449 39.8321 48.1038 37.8418 38.4577 35.8292 58.5351 40.8429 67.4172 43.454 33.5781 31.5787 30.591 29.0962 45.7252 29.0082 50.357 51.9545 38.9804 51.2332 34.7189
threshold=0.19809042019870571 0.9147934690931544 0.5829470712630842 -0.74750032232107355 0.023048052224564217 -0.076395135034663469 0.93193411989935648 0.89757352941176471 0.20575859548845937 0.06748630414167589 0.49812811691652809 0.53458021745221085 0.48156587420224112 -0.57376866834739537 0.85357142857142876 0.83656862745098048 0.35205937931784675 0.34819042378274373 0.28443342756234918 0.85159663865546231 0.34821156555521449 0.31561553030303041 0.8550737457341232 0.92244355581758553 0.26791497833778238 0.16419763404688031 0.16998560663787995 0.75167832167832183 0.17416299841787183 65.393382352941188
decision_type=2 10 2 2 2 2 10 2 2 2 2 2 8 2 2 2 2 2 2 2 8 2 8 8 2 2 2 2 8 2
left_child=1 3 4 -1 5 10 7 8 -4 21 14 -12 -11 -14 15 -2 18 -18 -16 20 -10 -5 -20 -24 25 27 -27 -15 -29 -26
right_child=2 -3 6 9 -6 -7 -8 -9 19 12 11 -13 13 24 16 -17 17 -19 22 -21 -22 -23 23 -25 29 26 -28 28 -30 -31
leaf_value=0.0093304792336042393 0.0059939472734671616 0.0057341716345201636 0.013307913632318378 -0.0052303047154326834 0.01822927661286667 -0.0066288734340994825 0.010219078107553275 -0.013447430886328221 -0.011382405784426499 -0.0045798607461343885 0.023174661209185918 0.0050326770557123316 -0.0069436599685657576 -0.00025770043502310795 0.014964911423623562 0.020314840471787415 -0.01575940067804343 0.0068225304052086161 0.009544791867573784 0.0067087683442083228 0.0022413802320510583 -0.017454346851786463 -0.011545930314171423 0.0045643979018563739 -0.011749514520252491 0.014167579132314215 0.0019611411270517246 0.0035583053135871891 -0.012022663618008106 -0.0019517875235786309
leaf_weight=166 639 588 100 245 140 164 147 155 184 1475 120 114 408 3485 140 139 111 101 146 108 108 123 111 193 177 174 703 125 260 792
leaf_count=166 639 588 100 245 140 164 147 155 184 1475 120 114 408 3485 140 139 111 101 146 108 108 123 111 193 177 174 703 125 260 792
internal_value=0.000143054 -0.00131371 0.0044939 -0.00182326 0.00637454 0.00553548 -0.000472696 -0.00287222 0.000406089 -0.00205566 0.00663524 0.0143363 -0.00170406 -0.0010114 0.00549471 0.00855256 0.00252835 -0.00500103 0.00523383 -0.00281937 -0.00634347 -0.00931606 0.00220638 -0.00131799 -0.000587969 5.57511e-05 0.00438294 -0.000924855 -0.00696391 -0.00374147
internal_weight=11641 8721 2920 8133 2118 1978 802 655 500 7967 1814 234 7599 6124 1580 778 802 212 590 400 292 368 450 304 5716 4747 877 3870 385 969
internal_count=11641 8721 2920 8133 2118 1978 802 655 500 7967 1814 234 7599 6124 1580 778 802 212 590 400 292 368 450 304 5716 4747 877 3870 385 969
is_linear=0
shrinkage=0.02


Tree=126
num_leaves=31
num_cat=0
split_feature=0 2 5 5 11 5 1 8 10 10 10 2 5 11 10 11 0 2 5 3 12 0 1 5 3 2 11 11 3 2
split_gain=192.848 70.5249 58.5817 76.1268 86.987 68.1766 53.425 47.7803 86.0438 62.5922 43.8312 43.4393 43.3885 43.9083 61.3375 51.4903 40.8691 47.1153 39.4611 39.4511 42.534 42.0546 37.5566 60.8532 74.7721 118.235 47.1059 46.6728 39.8933 49.6363
threshold=0.19474439909945071 0.93759080532807137 0.53458021745221085 0.15369607353880865 0.62839583333333349 0.062549994860234312 0.34042637631068823 7.5000000000000009 0.21183096414294875 0.37341278929444133 0.06748630414167589 0.79432500198672928 0.48176716513655465 0.75167832167832183 0.32056245008405942 0.71433333333333338 0.22111004973412079 0.9063618821633993 0.26008752153466047 74.342155295928592 72.818014705882362 0.062498105800776284 0.17416299841787183 0.64076289742313952 66.445900694494767 0.71332578899560317 0.70577083333333346 0.74849264705882368 64.811647154189316 0.5699675335071398
decision_type=10 10 2 2 2 2 10 2 2 2 2 8 2 2 2 2 10 8 2 8 2 10 10 2 10 10 2 2 10 10
left_child=1 10 3 5 -5 11 -7 8 -4 -10 -1 -2 13 15 18 -6 -13 -18 -15 21 -21 -12 26 -24 25 -25 28 -28 -23 -30
right_child=2 -3 7 4 12 6 -8 -9 9 -11 19 16 -14 14 -16 -17 17 -19 -20 20 -22 22 23 24 -26 -27 27 -29 29 -31
leaf_value=-0.0086347820472066142 -0.0057719978630542757 0.010268547855429912 0.012211604812823304 -0.0041395813955322786 0.008391926612800164 0.00189197993828255 -0.017939849583998971 0.004769893674816162 -0.011609469722480052 0.0063436356245540086 -0.0061351502258085236 -0.0017766312045546678 0.018941209737596842 0.0094121953366389753 0.011911997834167076 0.027056772526926717 0.0043473868728501766 0.02014392754009792 -0.0033182238681075068 0.00048630528312918538 0.013199834332131503 -0.0062741619620640624 -0.0014195952361589865 -0.013962170088334995 -0.013835428589746774 0.011746833316784427 0.013935647411675682 0.0017313437096692706 -0.0023354890603921093 0.0060189367618047815
leaf_weight=357 125 199 109 187 137 103 115 505 348 100 911 130 203 153 453 104 164 140 268 1373 114 470 2304 136 397 151 173 455 822 435
leaf_count=357 125 199 109 187 137 103 115 505 348 100 911 130 203 153 453 104 164 140 268 1373 114 470 2304 136 397 151 173 455 822 435
internal_value=0.000140193 -0.00149404 0.00419499 0.00600085 0.00862557 0.000916925 -0.00856976 0.000314623 -0.00372472 -0.00760208 -0.0017831 0.00461656 0.0104367 0.00888835 0.00680425 0.0164465 0.00760866 0.0116221 0.00130827 -0.00146711 0.00146098 -0.00216332 -0.0014861 -0.00297473 -0.00821308 -0.00043583 0.000402649 0.00509336 -0.00130306 0.000555661
internal_weight=11641 8297 3344 2282 1505 777 218 1062 557 448 8098 559 1318 1115 874 241 434 304 421 7741 1487 6254 5343 2988 684 287 2355 628 1727 1257
internal_count=11641 8297 3344 2282 1505 777 218 1062 557 448 8098 559 1318 1115 874 241 434 304 421 7741 1487 6254 5343 2988 684 287 2355 628 1727 1257
is_linear=0
shrinkage=0.02


Tree=127
num_leaves=31
num_cat=0
split_feature=9 8 5 2 3 10 8 8 8 8 5 5 1 11 2 10 9 12 12 12 10 3 2 6 10 10 10 5 9 12
split_gain=171.861 78.7002 112.156 72.9277 55.0492 44.4105 41.7226 41.7935 40.9619 44.7151 48.1748 41.4523 40.462 42.4669 46.6556 42.2793 54.8123 45.3584 41.6334 62.3584 71.079 57.9126 37.2735 36.659 54.4901 34.376 33.1582 48.1638 43.3664 35.3043
threshold=0.19809042019870571 2.5000000000000004 0.192362165366918 0.9147934690931544 65.399968991255221 0.06748630414167589 5.5000000000000009 9.5000000000000018 14.500000000000002 4.5000000000000009 0.79431845754362251 0.45968492226609786 0.20241632302175963 0.91696691176470602 0.9444728092069008 0.27422836796114747 0.21525478292862402 67.968750000000014 65.093750000000014 69.727941176470594 0.39008259428630737 68.061504418661812 0.48156587420224112 4.5000000000000009 0.32129106716792261 0.25789521549869548 0.28443342756234918 0.74303114348681742 0.15729406949921873 71.656250000000014
decision_type=2 2 2 10 8 2 2 2 2 2 2 2 10 2 10 2 2 2 2 2 2 10 8 2 2 2 2 2 2 2
left_child=3 2 -2 5 -4 -1 -5 -8 9 10 11 -3 25 15 -15 17 -17 -14 -18 20 21 -20 -7 24 -6 -11 28 -28 -24 -30
right_child=1 8 4 6 23 22 7 -9 -10 12 -12 -13 13 14 -16 16 18 -19 19 -21 -22 -23 26 -25 -26 -27 27 -29 29 -31
leaf_value=-0.0084920664640133568 0.02791257379576564 -0.004441973537035372 0.019058005387294238 -0.00070479679498681254 -0.0017537608589710935 -0.0042641611422904093 0.018995313677077109 0.0045660974518174219 -0.0066640103241193231 0.0051694756486113111 -0.014736271757632494 0.011665784920943846 0.0062357084606295436 -0.0069493478176857184 0.0095624172181711289 -0.0013634810584664267 -0.0016085532610493948 0.024366240631217107 0.031654113637361057 1.8906732266013686e-05 0.004371167444594347 0.013040868011087376 -0.0013291704462645359 -0.0048116116542931929 0.018203917695818663 -0.0092058846618689547 -0.0026553243820903183 -0.017228066045613517 0.0016540445479688685 0.012050001037358824
leaf_weight=374 122 174 107 248 112 1503 130 210 174 126 100 101 107 184 109 292 123 114 120 148 157 151 3929 151 107 141 667 105 1411 144
leaf_count=374 122 174 107 248 112 1503 130 210 174 126 100 101 107 184 109 292 123 114 120 148 157 151 3929 151 107 141 667 105 1411 144
internal_value=0.000137389 0.00433706 0.0108003 -0.00126876 0.00642359 -0.00176053 0.00553313 0.0100832 0.00266904 0.00342542 -0.00284876 0.00147397 0.0047532 0.00602614 -0.000806746 0.00767799 0.00591397 0.0155881 0.00895405 0.0112096 0.0150793 0.0212829 -0.00143605 0.00276985 0.00799725 -0.00242201 -0.000756602 -0.00463737 -0.000210294 0.00261676
internal_weight=11641 2920 599 8721 477 8133 588 340 2321 2147 375 275 1772 1505 293 1212 991 221 699 576 428 271 7759 370 219 267 6256 772 5484 1555
internal_count=11641 2920 599 8721 477 8133 588 340 2321 2147 375 275 1772 1505 293 1212 991 221 699 576 428 271 7759 370 219 267 6256 772 5484 1555
is_linear=0
shrinkage=0.02


Tree=128
num_leaves=31
num_cat=0
split_feature=0 2 5 9 5 4 8 5 5 4 10 8 9 5 8 9 10 11 12 10 10 10 0 2 9 10 12 2 12 8
split_gain=179.229 66.4268 55.6957 86.7902 89.5254 65.0156 59.9744 49.8585 49.8485 48.012 44.2897 61.039 41.2355 58.6142 63.6827 82.8512 72.6021 46.0681 45.642 67.6724 40.9875 40.1121 46.5508 48.1858 39.2071 37.8994 39.352 36.7245 35.1923 34.3917
threshold=0.19474439909945071 0.93759080532807137 0.53458021745221085 0.21908368121840191 0.15369607353880865 -0.19054836593433089 7.5000000000000009 0.31141503454097624 0.31539282342551761 -0.10025848022182694 0.22876523379365724 3.5000000000000004 0.16419763404688031 0.78558094456220651 9.5000000000000018 0.17669544631666903 0.24232630141896913 0.71643750000000017 65.24264705882355 0.25801865620420045 0.25646420044375057 0.27596905685906947 0.23819020844911362 0.88557001319556916 0.23499880070358725 0.34165273687282766 68.27389705882355 0.83001353312674075 67.029411764705898 7.5000000000000009
decision_type=10 10 2 2 2 2 2 2 2 2 2 2 2 2 2 2 2 2 2 2 2 2 10 10 2 2 2 10 2 2
left_child=1 12 3 21 -5 10 8 -8 -6 -7 -4 -12 18 14 16 -16 17 -14 19 -1 -20 22 -2 -24 -18 26 -23 -13 -29 -11
right_child=2 -3 5 4 6 9 7 -9 -10 29 11 27 13 -15 15 -17 24 -19 20 -21 -22 25 23 -25 -26 -27 -28 28 -30 -31
leaf_value=-0.0044715126182089887 0.0019550335556871626 0.0099748861731671218 0.0057168374233591704 0.0017744181390436417 0.03315763482749462 0.01676170269278093 -0.00046873615152435381 0.016164879506510316 0.015712342745967604 -0.0048392232397584606 -0.020131658159342466 -0.011027957179166119 0.0021195631553060736 -0.0086084097393425603 0.0078812765024545393 -0.0074096199028281266 0.00011433116932030637 0.018573266060309023 -0.0021837302628008688 -0.020104601369125813 0.0056488756526000142 -0.012367132082358449 0.0044211905296202862 0.0202667326523342 0.011175675928468505 0.0075802838566099732 0.00097392311478231811 0.010375949209120786 -0.0042989076846528668 0.010166672167193077
leaf_weight=1113 614 199 162 296 100 130 128 165 190 139 102 145 104 249 196 512 881 197 4288 123 285 167 173 138 150 123 188 107 168 109
leaf_count=1113 614 199 162 296 100 130 128 165 190 139 102 145 104 249 196 512 881 197 4288 123 285 167 173 138 150 123 188 107 168 109
internal_value=0.000134641 -0.00144083 0.00404365 0.00580446 0.0107321 0.000260067 0.0152801 0.00889832 0.021728 0.00691676 -0.00341863 -0.00625378 -0.00172136 0.000552187 0.00167032 -0.00317655 0.00424658 0.0128883 -0.00261724 -0.00602723 -0.00169558 0.0027172 0.00514818 0.0114523 0.00172364 -0.00198711 -0.00530201 -0.00288344 0.00141095 0.00175611
internal_weight=11641 8297 3344 2282 879 1062 583 293 290 378 684 522 8098 2289 2040 708 1332 301 5809 1236 4573 1403 925 311 1031 478 355 420 275 248
internal_count=11641 8297 3344 2282 879 1062 583 293 290 378 684 522 8098 2289 2040 708 1332 301 5809 1236 4573 1403 925 311 1031 478 355 420 275 248
is_linear=0
shrinkage=0.02


Tree=129
num_leaves=31
num_cat=0
split_feature=0 0 3 4 10 3 2 12 9 2 3 3 3 0 2 5 2 12 12 5 9 2 5 12 0 12 6 1 1 2
split_gain=172.394 71.4341 57.4675 59.3284 55.0956 49.314 63.2309 79.1132 42.3926 58.8547 53.295 42.369 40.6195 50.7618 44.1626 43.3541 43.4535 36.6138 69.8663 60.9362 50.4116 38.0854 37.3233 61.8916 65.5888 46.9453 42.8571 62.8057 30.2763 29.9237
threshold=0.14637069452028348 0.25566771427573876 63.275711272423152 -0.046108638641158169 0.24792557830948117 65.32390909044949 0.94611334033277106 67.727941176470594 0.20362551000848875 0.8789945352180728 68.406331682342383 78.875224768409268 67.000600794430582 0.19413207389576589 0.87538745433777598 0.48176716513655465 0.80000168525786985 69.272058823529434 69.788602941176478 0.3730877271774547 0.1781525224237997 0.75590583301742775 0.67204064251326523 67.424632352941188 0.19655484999061015 68.393382352941188 4.5000000000000009 0.16469525152487402 0.26551906721026625 0.25489593574995739
decision_type=10 10 10 2 2 10 10 2 2 8 10 8 10 10 10 2 10 2 2 2 2 10 2 2 10 2 2 10 10 10
left_child=11 5 -3 4 -4 -2 12 -8 -6 -10 -11 29 13 15 -15 16 -7 22 -19 20 28 -21 25 24 -24 26 27 -14 -20 -1
right_child=1 2 3 -5 8 6 7 -9 9 10 -12 -13 17 14 -16 -17 -18 18 19 21 -22 -23 23 -25 -26 -27 -28 -29 -30 -31
leaf_value=-0.0056261051963721652 -0.001579736387206746 0.016971890776975071 0.014181434307973964 0.018843512388843079 -0.011324281512687986 -0.011766965510853664 0.025644803198585989 0.0024440003505371739 0.011053736416064204 -0.013685269480603827 0.0040317470370514674 0.0017457998175472278 0.013896294814228761 0.019400468542290158 0.0033338519464368404 0.010718899622474236 0.0058416512760433182 0.017815471886278827 0.0082827930524945262 0.0042951027500741888 0.015123995895289706 -0.0081491531780018486 -0.025162552359080551 0.004139498640522361 -0.0023696675217977844 -0.009884575416377727 0.0083727152497354903 -0.0025606492993243473 -0.0071299548589624463 -0.002099818882021388
leaf_weight=1317 1440 199 141 108 104 123 106 132 200 114 168 868 107 169 115 131 103 128 104 159 186 258 101 125 101 149 311 697 100 3577
leaf_count=1317 1440 199 141 108 104 123 106 132 200 114 168 868 107 169 115 131 103 128 104 159 186 258 101 125 101 149 311 697 100 3577
internal_value=0.000131948 0.00254147 0.00731366 0.00501188 0.00295711 0.00152301 0.00283518 0.0127771 0.000256373 0.0027551 -0.00313045 -0.0023265 0.00208804 0.0065844 0.0128946 0.00156451 -0.0037418 0.000947041 0.00408802 0.00191068 0.00759353 -0.00340422 -0.000898852 -0.00692146 -0.0137661 0.000659212 0.0020682 -0.000370484 0.000727524 -0.00304876
internal_weight=11641 5879 1034 835 727 4845 3405 238 586 482 282 5762 3167 641 284 357 226 2526 935 807 390 417 1591 327 202 1264 1115 804 204 4894
internal_count=11641 5879 1034 835 727 4845 3405 238 586 482 282 5762 3167 641 284 357 226 2526 935 807 390 417 1591 327 202 1264 1115 804 204 4894
is_linear=0
shrinkage=0.02


Tree=130
num_leaves=31
num_cat=0
split_feature=9 11 5 4 9 1 9 3 12 4 4 12 3 9 4 4 12 1 9 11 5 4 1 4 1 12 4 12 12 10
split_gain=158.367 69.3215 71.9539 46.3825 43.5073 55.2934 56.1322 52.5227 48.8653 42.6792 46.4661 100.702 47.4695 39.4055 40.783 41.5712 57.9463 47.0681 77.7059 66.4194 50.1015 46.6857 69.2843 54.5088 50.2445 38.3853 38.0897 40.6718 41.8177 42.056
threshold=0.15678023161863724 0.46380952380952384 -0.19918353176261713 -0.29089158875107629 0.21464364415733392 0.41419801350424196 0.25460891492535026 59.745419890424536 63.718750000000007 -0.52683418667496817 -0.43596337550367009 69.656250000000014 68.746138891200459 0.21170562156011111 0.092156188103710027 -0.23122804491684582 71.968750000000014 0.30722376525402689 0.1757373812168333 0.79138095238095252 0.41151238165523796 -0.31850802240138215 0.23177320901853724 -0.34153924562864524 0.32525254001100917 67.272058823529434 -0.74750032232107355 61.500000000000007 65.312500000000014 0.25526382789220403
decision_type=2 2 2 2 2 10 2 8 2 2 2 2 8 2 2 2 2 8 2 2 2 2 8 2 8 2 2 2 2 2
left_child=26 -2 3 -3 7 8 -7 -4 -6 -9 11 12 -11 14 15 16 21 18 -17 -19 -21 23 -23 -12 -24 -20 -1 -28 -29 -30
right_child=1 2 4 -5 5 6 -8 9 -10 10 13 -13 -14 -15 -16 17 -18 19 25 20 -22 22 24 -25 -26 -27 27 28 29 -31
leaf_value=0.0083723633483168674 -0.0084318337320897704 -0.00055804217627770469 -0.0086496966753607796 -0.018287902933978799 -0.0045422012025117878 -0.0083407642043613148 0.0066259846680284942 -0.0041162596528996152 0.0085270290405713399 0.010849003266041669 0.0032946253383980494 0.026479743060256754 -0.0074282501564167519 -0.009336799136824437 -0.0087491577060326287 0.010177878602034195 -0.010737875430771197 0.0035209173263220368 0.0069412226605983013 0.0095720120525918904 0.029398856908082964 0.0084156845866030523 -0.016638259997857469 0.01929422713816166 0.00018802527441746659 -0.0073786078617547671 0.0061163873818940399 -0.0065724459555080708 -0.00262561109398201 0.0055534754255402849
leaf_weight=128 233 142 181 101 125 203 198 353 1354 130 403 105 101 111 115 324 152 203 105 100 104 158 140 108 144 261 204 1051 4322 267
leaf_count=128 233 142 181 101 125 203 198 353 1354 130 403 105 101 111 115 324 152 203 105 100 104 158 140 108 144 261 204 1051 4322 267
internal_value=-0.000148938 0.00225005 0.00270917 -0.00792724 0.00320833 0.00563649 -0.000950699 0.00182418 0.00742246 0.00243238 0.00326873 0.0102396 0.00285765 0.00230407 0.00286175 0.00346813 0.000730091 0.00622614 0.00304441 0.0116202 0.0196798 0.00255919 -0.00220046 0.00667615 -0.00810662 -0.00327046 -0.00242019 -0.00265657 -0.00297389 -0.00214973
internal_weight=11626 5654 5421 243 5178 1880 401 3298 1479 3117 2764 336 231 2428 2317 2202 1105 1097 690 407 204 953 442 511 284 366 5972 5844 5640 4589
internal_count=11626 5654 5421 243 5178 1880 401 3298 1479 3117 2764 336 231 2428 2317 2202 1105 1097 690 407 204 953 442 511 284 366 5972 5844 5640 4589
is_linear=0
shrinkage=0.02


Tree=131
num_leaves=31
num_cat=0
split_feature=9 2 5 9 12 3 1 9 6 3 0 5 4 4 4 1 2 3 4 2 0 10 1 9 4 10 3 9 2 12
split_gain=152.095 61.7855 60.0028 50.2106 55.9398 52.7182 49.5742 64.1707 56.9673 45.7718 45.2937 51.2483 53.9666 38.8377 38.0341 36.9248 38.8598 51.5292 67.2509 74.7185 145.485 51.2665 37.7955 33.484 36.2051 33.0812 36.3285 58.9211 53.2277 32.9828
threshold=0.15678023161863724 0.94789957042776918 -0.19918353176261713 0.21464364415733392 63.718750000000007 59.745419890424536 0.41419801350424196 0.25460891492535026 4.5000000000000009 61.000764915859257 0.16065607355345912 -0.040761523007221204 -0.51526398399543749 -0.74750032232107355 -0.29089158875107629 0.38922091312883028 0.74777784735885278 68.700627421504905 -0.092720385175431033 0.85184229019803481 0.24837439306266218 0.29676146801791542 0.32525254001100917 0.21103009286749166 0.053687660800703176 0.209783996837304 68.918716237490528 0.19139277709929814 0.90141650979724675 61.500000000000007
decision_type=2 10 2 2 2 8 10 2 2 8 10 2 2 2 2 10 8 10 2 10 8 2 10 2 2 2 10 2 8 2
left_child=1 13 14 5 -5 -4 15 8 -8 -7 -11 -12 -13 -1 -2 16 -6 18 19 20 -18 -19 -21 24 25 -14 27 28 -27 -15
right_child=2 -3 3 4 6 9 7 -9 -10 10 11 12 23 29 -16 -17 17 21 -20 22 -22 -23 -24 -25 -26 26 -28 -29 -30 -31
leaf_value=0.008391574188619853 -0.00068110954326887926 0.013216794248484076 -0.0088009347020697806 -0.0057672522042412312 0.015944167567594422 0.01456872296186352 -0.018531362267956139 0.0089095448917110593 0.0028166691735386851 -0.0013238093154305422 0.015681138322397602 -0.0070079364040911488 0.013019678537167756 0.0051861223422599084 -0.016466395145739027 0.018161671450859264 -0.011577976354781319 0.0092321247662905427 -0.0055172474784593965 0.027127241612338336 0.017782898385029954 -0.0046968396005400443 0.011314090814824415 -0.007267273382842541 -0.0067987361992939864 0.0074330095481127505 0.00014209847336159591 0.015479339654201552 -0.0097305269919189755 -0.003161842468105071
leaf_weight=125 144 100 198 168 168 109 100 168 100 1389 128 207 204 196 106 131 119 168 102 139 156 285 107 100 101 248 478 229 102 5551
leaf_count=125 144 100 198 168 168 109 100 168 100 1389 128 207 204 196 106 131 119 168 102 139 156 285 107 100 101 248 478 229 102 5551
internal_value=-0.000145959 -0.00237178 0.00220505 0.0026482 0.00525459 0.00122226 0.00631694 -0.000202896 -0.00785735 0.00182457 0.00138856 0.0034851 0.00254975 -0.00263725 -0.00737407 0.00806188 0.00699832 0.00560157 0.00933369 0.0122412 0.00507765 0.000468869 0.0202492 0.003903 0.00472313 0.00564598 0.00422286 0.00759178 0.00243106 -0.00287714
internal_weight=11626 5972 5654 5404 1911 3493 1743 368 200 3295 3186 1797 1669 5872 250 1375 1244 1076 623 521 275 453 246 1462 1362 1261 1057 579 350 5747
internal_count=11626 5972 5654 5404 1911 3493 1743 368 200 3295 3186 1797 1669 5872 250 1375 1244 1076 623 521 275 453 246 1462 1362 1261 1057 579 350 5747
is_linear=0
shrinkage=0.02


Tree=132
num_leaves=31
num_cat=0
split_feature=9 11 5 4 9 1 9 3 8 3 5 1 4 8 3 4 10 3 4 4 10 9 4 4 1 9 11 5 4 4
split_gain=146.072 65.679 66.5824 42.9417 39.9752 51.1758 51.8906 48.4723 45.402 53.5394 51.8989 53.5969 42.9742 42.6971 85.2046 45.5487 40.4119 39.8765 39.7654 44.5547 46.1322 37.0334 38.2344 39.9845 44.8299 74.8765 63.8966 48.1849 44.6165 63.4417
threshold=0.15678023161863724 0.46380952380952384 -0.19918353176261713 -0.29089158875107629 0.21464364415733392 0.41419801350424196 0.25205254515599346 59.745419890424536 8.5000000000000018 64.125555081810859 0.11429721740713485 0.37022773192176256 -0.28623756836774755 5.5000000000000009 70.774247068915273 -0.20660079197681799 0.34901353965183762 65.889685547734089 -0.52683418667496817 -0.43596337550367009 0.28834498707174311 0.21170562156011111 0.092156188103710027 -0.23122804491684582 0.30722376525402689 0.1757373812168333 0.79138095238095252 0.41151238165523796 -0.31850802240138215 -0.33970219302841242
decision_type=2 2 2 2 2 10 2 8 2 8 2 10 2 2 8 2 2 10 2 2 2 2 2 2 8 2 2 2 2 2
left_child=-1 -2 3 -3 7 8 -7 -4 9 -6 -10 17 -8 14 -11 -16 -15 -12 -9 20 -20 22 23 28 25 -25 -26 -28 29 -21
right_child=1 2 4 -5 5 6 12 18 10 13 11 -13 -14 16 15 -17 -18 -19 19 21 -22 -23 -24 24 26 -27 27 -29 -30 -31
leaf_value=-0.0023243462498831096 -0.0082365049658540065 -0.00053325921506948881 -0.0083006841524694511 -0.01759281679692835 0.020444945345322291 -0.0081341431706503497 -0.0029468945043143071 -0.003975632236136002 0.015390842201454298 -0.0057562274448573593 -0.013078630492498161 0.012459623993446047 0.015548826263472438 0.0071081324816045779 0.01618827735522118 0.00010547902825332822 0.023822323331679 0.00096653867670792653 0.015359964785631746 0.001264922007716991 -0.00022700210069787915 -0.0090768705190973249 -0.0084934421019709633 0.0099380573000252981 0.0033610983428733394 -0.0032631702589817715 0.009297551265172661 0.028741484181865905 -0.0036586372597788097 0.018101055770435116
leaf_weight=5972 233 142 181 101 159 200 101 353 105 200 123 104 100 126 214 105 107 236 220 481 116 111 115 324 203 366 100 104 514 110
leaf_count=5972 233 142 181 101 159 200 101 353 105 200 123 104 100 126 214 105 107 236 220 481 116 111 115 324 203 366 100 104 514 110
internal_value=-0.00014304 0.00216095 0.00260784 -0.00762386 0.00308801 0.00541552 -0.000921652 0.00176123 0.00713371 0.00990064 0.0026959 -0.000183083 0.00625496 0.00767119 0.00447808 0.0108946 0.0147837 -0.00384559 0.00234551 0.00315281 0.00997875 0.0022082 0.00274883 0.00333596 0.00604082 0.00293567 0.0113051 0.0192101 0.000650682 0.00439855
internal_weight=11626 5654 5421 243 5178 1880 401 3298 1479 911 568 463 201 752 519 319 233 359 3117 2764 336 2428 2317 2202 1097 690 407 204 1105 591
internal_count=11626 5654 5421 243 5178 1880 401 3298 1479 911 568 463 201 752 519 319 233 359 3117 2764 336 2428 2317 2202 1097 690 407 204 1105 591
is_linear=0
shrinkage=0.02


Tree=133
num_leaves=31
num_cat=0
split_feature=9 11 5 2 4 9 1 9 3 4 1 11 4 4 3 3 5 1 4 4 10 4 2 9 4 4 2 4 4 1
split_gain=140.288 63.0781 63.9457 59.3388 41.2412 38.3922 49.1492 49.8358 46.5528 41.2724 39.3383 40.0705 42.7435 110.448 43.1159 41.9517 40.061 45.7556 38.1907 42.7903 44.3054 37.2997 35.8618 35.5669 36.7204 38.4011 47.3934 42.8497 60.9294 70.2994
threshold=0.15678023161863724 0.46380952380952384 -0.19918353176261713 0.94789957042776918 -0.29089158875107629 0.21464364415733392 0.41419801350424196 0.25205254515599346 59.745419890424536 -0.28623756836774755 0.38922091312883028 0.77069047619047626 -0.20660079197681799 -0.37332741825906873 63.601129796875874 63.856213798554386 0.54750183995215951 0.24044962968092323 -0.52683418667496817 -0.43596337550367009 0.28834498707174311 -0.74750032232107355 0.80000168525786985 0.21170562156011111 0.092156188103710027 -0.23122804491684582 0.67729635109107722 -0.31850802240138215 -0.33970219302841242 0.32039492984549073
decision_type=2 2 2 10 2 2 10 2 8 2 10 2 2 2 10 10 2 10 2 2 2 2 10 2 2 2 8 2 2 8
left_child=3 -2 4 21 -3 8 10 -8 -4 -9 11 -7 13 15 -14 -13 17 -15 22 20 -20 -1 -10 24 25 27 -27 28 29 -21
right_child=1 2 5 -5 -6 6 7 9 18 -11 -12 12 14 16 -16 -17 -18 -19 19 23 -22 -23 -24 -25 -26 26 -28 -29 -30 -31
leaf_value=0.0082702295638620842 -0.0080717750008781584 -0.00052259406730742529 -0.0081346704975479335 0.012998945433739573 -0.017240960618647019 0.015559817052452395 -0.0079714603352826086 -0.0028879564519197045 -0.010472642021765659 0.015237849935889246 0.016999678198825304 0.010371804454616298 -0.011500592538288661 0.0082835689085618697 0.0032522237490020668 -0.0044576910510659221 0.0044922400430704541 0.025136817373084219 0.015052765538280999 0.0067901217255090908 -0.00022246218864516967 -0.0027731075627373649 0.002282920516208633 -0.0088953328350777038 -0.0083235733068507661 -0.0017916319276458823 0.0081609177024048914 -0.0035854645639545636 0.017739034564657644 -0.0092929483577609065
leaf_weight=125 233 142 181 100 101 153 200 101 171 100 142 107 105 101 323 266 104 178 220 315 116 5747 182 111 115 247 850 514 110 166
leaf_count=125 233 142 181 100 101 153 200 101 171 100 142 107 105 101 323 266 104 178 220 315 116 5747 182 111 115 247 850 514 110 166
internal_value=-0.000140179 0.00211773 0.00255569 -0.00227786 -0.00747138 0.00302625 0.00530721 -0.000903219 0.00172601 0.00612986 0.00699103 0.00592803 0.00468339 0.00754262 -0.000367042 -0.000203653 0.0150866 0.0190358 0.0022986 0.00308975 0.00977918 -0.00253802 -0.00389612 0.00216404 0.00269385 0.00326924 0.00592001 0.000637669 0.00431058 0.00123962
internal_weight=11626 5654 5421 5972 243 5178 1880 401 3298 201 1479 1337 1184 756 428 373 383 279 3117 2764 336 5872 353 2428 2317 2202 1097 1105 591 481
internal_count=11626 5654 5421 5972 243 5178 1880 401 3298 201 1479 1337 1184 756 428 373 383 279 3117 2764 336 5872 353 2428 2317 2202 1097 1105 591 481
is_linear=0
shrinkage=0.02


Tree=134
num_leaves=31
num_cat=0
split_feature=0 4 9 2 5 3 9 1 2 8 4 3 1 1 2 1 0 2 10 10 3 8 10 4 1 5 9 3 2 5
split_gain=138.968 69.6746 69.1343 64.753 61.7083 65.8074 55.8789 50.6585 65.159 58.7139 63.5616 56.9972 52.9355 45.1304 45.0957 43.6246 41.7938 44.8727 44.5527 81.4056 55.648 70.4027 45.3819 39.186 36.6627 33.36 38.8231 29.6628 29.5256 29.5214
threshold=0.16065607355345912 -0.74750032232107355 0.24006578947368423 0.70352707619556409 -0.19918353176261713 77.310765105942821 0.21464364415733392 0.24313119715956097 0.95825279649037054 5.5000000000000009 -0.083666074482757855 67.535026289629116 0.21640173299076856 0.32525254001100917 0.74318296146677221 0.17717700242469367 0.27137270439802647 0.8654080303084063 0.25037925504667385 0.27422836796114747 69.088050510548882 12.500000000000002 0.35812174829350873 -0.14305677917322479 0.3752890518669198 0.62790731418712975 0.18020944288934579 65.773097253955015 0.84609787697966377 0.54542157054247198
decision_type=10 2 2 8 2 10 2 10 8 2 2 10 10 10 10 10 10 10 2 2 10 2 2 2 10 2 2 10 8 2
left_child=2 -2 -1 6 28 7 15 12 9 11 14 23 -6 -12 -11 -3 18 -18 29 -20 21 22 -21 -9 -10 26 -13 -14 -5 -16
right_child=1 3 -4 4 5 -7 -8 8 24 10 13 25 27 -15 16 -17 17 -19 19 20 -22 -23 -24 -25 -26 -27 -28 -29 -30 -31
leaf_value=-0.0023543664183568454 0.01737260172019402 0.0046095153622861419 0.014084808759821148 -0.015300732396689116 0.0035566347331168007 0.015833017193466609 0.0096897728121516733 -0.00041669400979299097 -0.0010237921259937909 0.019171733603413618 -0.010565285393173194 -0.013448303457602714 0.0056447727518660999 0.0037555242161217491 0.0018966272291812032 -0.0094008091390737937 0.0026790694865398107 0.019998265662161795 0.0189490774550546 0.0065181833910144338 -0.0053596545988927836 -0.0057585824352010331 0.022229081029948007 0.012499774979021317 -0.013516937427996817 -0.016331239371137184 0.0016651197213679552 0.018835717703195962 -0.00085149820791337425 -0.010443492770643421
leaf_weight=6364 120 112 104 102 552 163 101 320 241 105 164 103 107 190 275 431 100 149 171 198 199 118 117 133 154 110 200 188 127 108
leaf_count=6364 120 112 104 102 552 163 101 320 241 105 164 103 107 190 275 431 100 149 171 198 199 118 117 133 154 110 200 188 127 108
internal_value=-0.000137376 0.00231121 -0.00209004 0.00195247 0.00282051 0.00337627 -0.00397021 0.00286891 0.00170301 0.00279034 0.00476284 -0.00152363 0.00721177 -0.00287898 0.00651946 -0.00651102 0.00559368 0.0130428 0.00402975 0.00670686 0.00339449 0.00741776 0.0123537 0.00337556 -0.00589454 -0.00689731 -0.00347245 0.0140512 -0.0072874 -0.00158309
internal_weight=11626 5158 6468 5038 4394 4165 644 4002 3155 2760 1894 866 847 354 1540 543 1435 249 1186 803 632 433 315 453 395 413 303 295 229 383
internal_count=11626 5158 6468 5038 4394 4165 644 4002 3155 2760 1894 866 847 354 1540 543 1435 249 1186 803 632 433 315 453 395 413 303 295 229 383
is_linear=0
shrinkage=0.02


Tree=135
num_leaves=31
num_cat=0
split_feature=0 4 0 4 5 12 4 2 11 11 0 4 11 11 11 10 0 9 4 4 10 5 10 9 5 11 10 5 10 12
split_gain=157.21 44.4811 44.0871 47.6378 84.0447 50.7731 47.2962 44.4164 40.4313 91.7943 50.4662 79.717 38.5427 34.9267 30.5295 41.1053 52.2588 38.7393 86.6877 43.8718 46.9697 58.4478 46.7466 35.4406 35.0527 34.9658 34.2967 54.3804 31.2607 30.5553
threshold=0.19474439909945071 -0.66580835822719664 0.26034486873753454 -0.36311102514587063 0.25715075494357637 67.968750000000014 -0.25277243376491682 0.92798842564895068 0.8716666666666667 0.84343750000000017 0.2455845629883909 -0.39268372330975082 0.85604779411764709 0.91696691176470602 0.62062500000000009 0.15327278647144563 0.12170802467945703 0.12646941680764395 -0.17697671039421006 -0.080588022776976548 0.17785184920407973 0.33051330305820664 0.29676146801791542 0.16365459593447199 0.21516729514361999 0.64222527472527491 0.12731532965206946 0.19677518714171188 0.14907965972281864 69.656250000000014
decision_type=10 2 10 2 2 2 2 8 2 2 10 2 2 2 2 2 10 2 2 2 2 2 2 2 2 2 2 2 2 2
left_child=14 -2 8 5 -5 -4 -6 -8 9 -3 11 -10 -11 -13 15 16 28 18 -16 20 21 -19 23 -21 -17 -22 27 -18 -1 -27
right_child=1 2 3 4 6 -7 7 -9 10 12 -12 13 -14 -15 17 24 26 19 -20 22 25 -23 -24 -25 -26 29 -28 -29 -30 -31
leaf_value=-0.0036655800220937091 0.015154163232535295 0.0013670790445935975 -0.0090640165545339667 0.0214981946184023 0.015846774611121214 0.0076090884754477549 -0.0050027079816806963 0.011384069141253686 -0.013144392619530361 0.021741934195994888 -0.013874990108401278 0.011942030066076447 0.0062372588705483494 -0.0018292111261532856 -0.012734024717999656 -0.00075632344263026408 -0.00377118968312314 -0.0014949765755999378 0.0072571867311647699 -0.0063684903124987848 0.01173839909491276 0.016627169160817107 -0.014110149965915633 0.0047463018493283365 -0.0073377888091673386 -0.0011889994971294683 -0.0031698421576822344 0.010552068191627564 0.0056283587087653112 0.0034685147233392455
leaf_weight=1728 131 1472 127 185 119 172 185 103 123 134 129 170 123 130 265 471 151 123 129 253 108 169 152 210 1035 1977 220 356 158 788
leaf_count=1728 131 1472 127 185 119 172 185 103 123 134 129 170 123 130 265 471 151 123 129 253 108 169 152 210 1035 1977 220 356 158 788
internal_value=4.3491e-05 0.00373342 0.00326175 0.00703437 0.0103209 0.000527201 0.00524035 0.000857841 0.0017881 0.00329262 -0.00292443 0.0004151 0.0143214 0.00597449 -0.00142616 -0.00264772 -0.00113093 -0.000220698 -0.00618868 0.000401362 0.00135115 0.00899353 -0.00448658 -0.00132722 -0.00527944 0.000574412 0.00342465 0.00628617 -0.00288698 0.00013835
internal_weight=11596 3303 3172 891 592 299 407 288 2281 1729 552 423 257 300 8293 4119 2613 4174 394 3780 3165 292 615 463 1506 2873 727 507 1886 2765
internal_count=11596 3303 3172 891 592 299 407 288 2281 1729 552 423 257 300 8293 4119 2613 4174 394 3780 3165 292 615 463 1506 2873 727 507 1886 2765
is_linear=0
shrinkage=0.02


Tree=136
num_leaves=31
num_cat=0
split_feature=0 4 0 4 5 2 4 2 11 11 1 12 11 11 12 11 10 0 8 5 2 11 12 10 5 12 11 5 4 10
split_gain=150.985 42.7197 42.3412 45.7513 80.7165 50.2545 45.4233 42.6575 38.8302 88.1593 74.1556 48.2036 37.0164 30.1109 35.8919 29.3206 39.4775 50.1894 34.3726 34.3272 34.033 45.2271 34.8871 32.9385 52.227 32.1202 31.0628 30.4311 30.2983 32.9208
threshold=0.19474439909945071 -0.66580835822719664 0.26034486873753454 -0.36311102514587063 0.25715075494357637 0.89896241200847349 -0.25277243376491682 0.92798842564895068 0.8716666666666667 0.84343750000000017 0.33892326377004434 68.27389705882355 0.85604779411764709 0.8124285714285715 64.696691176470594 0.62062500000000009 0.15327278647144563 0.12170802467945703 12.500000000000002 0.21516729514361999 0.8500194394495274 0.91395833333333343 63.424632352941181 0.12731532965206946 0.19677518714171188 67.156250000000014 0.31958333333333339 0.398884835259185 -0.17239285665599849 0.10556510338229302
decision_type=10 2 10 2 2 8 2 8 2 2 10 2 2 2 2 2 2 10 2 2 8 2 2 2 2 2 2 2 2 2
left_child=15 -2 8 5 -5 -4 -6 -8 9 13 11 -10 -11 14 -3 16 17 -1 19 25 21 22 -17 24 -19 -18 -20 -25 29 -26
right_child=1 2 3 4 6 -7 7 -9 10 12 -12 -13 -14 -15 -16 20 18 23 26 -21 -22 -23 -24 27 28 -27 -28 -29 -30 -31
leaf_value=-0.0028292390103890779 0.01485107991062389 -0.0052450228671020848 -0.0082214314224464558 0.021068230609535363 0.015529839096418698 0.0082105711908460419 -0.0049026539871418803 0.011156387637975147 -0.0039136254710610959 0.021307095429180679 -0.011071701006469679 0.011950653980986601 0.0061125136875524759 -0.0061817235301839567 0.0038826307024510372 -0.008832123800104735 0.0089095672464870896 -0.0036957656192463757 -0.0033847944193133497 -0.0058230633879885587 0.0024599345649778345 -0.014580656366035489 -0.00031485553844327831 0.0043319256224415518 0.00048332747236705154 -0.0034036916296463458 -0.016381489317100803 -0.010544816110113805 0.019423369719073748 0.015145961055620796
leaf_weight=1886 131 205 140 185 119 159 185 103 160 134 245 147 123 186 1081 208 143 151 123 849 1306 101 2559 110 147 208 183 110 104 105
leaf_count=1886 131 205 140 185 119 159 185 103 160 134 245 147 123 186 1081 208 143 151 123 849 1306 101 2559 110 147 208 183 110 104 105
internal_value=4.26212e-05 0.00365875 0.00319652 0.00689368 0.0101145 0.000516657 0.00513555 0.000840684 0.00175234 0.00322677 -0.00286594 0.00368263 0.014035 0.00133974 0.0024276 -0.00139764 -0.00259477 -0.00110831 -0.00517385 -0.00364807 -0.000216284 -0.00143495 -0.000955113 0.00335616 0.00616044 0.00161282 -0.0111573 -0.00310645 0.010341 0.00659276
internal_weight=11596 3303 3172 891 592 299 407 288 2281 1729 552 307 257 1472 1286 8293 4119 2613 1506 1200 4174 2868 2767 727 507 351 306 220 356 252
internal_count=11596 3303 3172 891 592 299 407 288 2281 1729 552 307 257 1472 1286 8293 4119 2613 1506 1200 4174 2868 2767 727 507 351 306 220 356 252
is_linear=0
shrinkage=0.02


Tree=137
num_leaves=31
num_cat=0
split_feature=0 4 0 4 12 8 8 11 11 0 4 12 11 2 8 2 9 2 8 4 12 2 9 8 10 12 9 9 12 2
split_gain=145.006 41.028 40.6645 43.9396 48.614 37.5124 41.5677 37.2926 84.6682 48.0729 76.4158 36.4483 33.4177 29.2086 31.1854 51.4268 45.7343 51.9464 39.6193 52.3244 39.8616 65.8435 28.2823 62.7047 41.8281 39.8397 39.8053 33.8215 30.8791 30.1655
threshold=0.19474439909945071 -0.66580835822719664 0.26034486873753454 -0.36311102514587063 67.968750000000014 5.5000000000000009 2.5000000000000004 0.8716666666666667 0.84343750000000017 0.2455845629883909 -0.39268372330975082 68.656250000000014 0.91696691176470602 0.93054390559057898 7.5000000000000009 0.9063618821633993 0.19523313045340213 0.8789945352180728 13.500000000000002 -0.38587223941451598 69.24264705882355 0.81003351977902915 0.16568743985962534 7.5000000000000009 0.24232630141896913 69.500000000000014 0.1781525224237997 0.23247173521219075 67.272058823529434 0.92986849090213541
decision_type=10 2 10 2 2 2 2 2 2 10 2 2 2 10 2 8 2 8 2 2 2 10 2 2 2 2 2 2 2 8
left_child=22 -2 7 4 -4 6 -5 8 13 10 -9 -10 -12 14 16 18 17 -3 19 -16 21 -21 -1 24 -24 27 -25 28 -26 -27
right_child=1 2 3 5 -6 -7 -8 9 11 -11 12 -13 -14 -15 15 -17 -18 -19 -20 20 -22 -23 23 26 25 29 -28 -29 -30 -31
leaf_value=-0.0021008656973196815 0.014554058256210716 -0.00066429020638795609 -0.0088787459370892816 0.012694234890924369 0.0074359977817119553 0.014352236766865976 -0.0033573485935365199 -0.01282500284686079 0.01991399519574865 -0.013496363867045374 0.011731022733428022 0.0045446109641524195 -0.0017394475082938487 -0.007481576128706445 -0.0047621770115968375 0.017579349342330887 0.0060227114832757615 -0.016868575514717536 -0.0069175312615874594 0.0035157774950970305 -0.00034563626074010417 0.025159517301165536 0.010608910758352835 0.0027728268406712092 0.0015339941587477069 0.0025817974128348881 -0.0056154488370872583 0.0090929587538305084 -0.0075586078402243165 0.015745469527542952
leaf_weight=5958 131 282 127 122 172 333 137 123 154 129 170 103 130 137 140 111 230 110 132 110 105 115 263 325 314 172 745 114 285 117
leaf_count=5958 131 282 127 122 172 333 137 123 154 129 170 103 130 137 140 111 230 110 132 110 105 115 263 325 314 172 745 114 285 117
internal_value=4.17688e-05 0.00358557 0.00313259 0.00675581 0.000506324 0.00991222 0.00420363 0.00171729 0.00316223 -0.00280862 0.000450757 0.0137543 0.00589382 0.00131294 0.00221545 0.00507051 -0.00105731 -0.00521141 0.00276407 0.00548316 0.00982966 0.0145781 -0.00136968 0.000496 0.00351028 0.00164706 -0.00306761 -0.00089191 -0.0027922 0.00791103
internal_weight=11596 3303 3172 891 299 592 259 2281 1729 552 423 257 300 1472 1335 713 622 392 602 470 330 225 8293 2335 1265 1002 1070 713 599 289
internal_count=11596 3303 3172 891 299 592 259 2281 1729 552 423 257 300 1472 1335 713 622 392 602 470 330 225 8293 2335 1265 1002 1070 713 599 289
is_linear=0
shrinkage=0.02


Tree=138
num_leaves=31
num_cat=0
split_feature=0 12 0 12 10 12 11 0 5 4 4 4 12 0 12 9 11 11 4 11 5 10 5 11 10 0 9 4 4 10
split_gain=139.263 39.4336 61.17 47.9682 75.1132 50.8851 46.8471 44.115 40.6424 37.9178 78.3323 76.5322 95.7386 50.0802 38.1651 42.6111 36.1749 34.3481 43.8395 52.0105 30.9447 37.0275 28.9247 27.6373 38.067 48.2187 36.9587 83.2989 41.7918 45.2517
threshold=0.19474439909945071 68.27389705882355 0.21738909192350006 70.727941176470594 0.27966179563768839 71.906250000000014 0.92459821428571443 0.20731996833832991 0.44562976468837096 -0.022113287218032986 -0.15851088570145275 -0.35399598653060999 67.468750000000014 0.26373973409912338 65.424632352941188 0.24187454294304059 0.80613095238095245 0.73811764705882366 -0.38746981073350478 0.84928205128205148 0.15369607353880865 0.25984564252013803 0.45552565002097589 0.62062500000000009 0.15327278647144563 0.12170802467945703 0.12646941680764395 -0.17697671039421006 -0.080588022776976548 0.17785184920407973
decision_type=10 2 10 2 2 2 2 8 2 2 2 2 2 10 2 2 2 2 2 2 2 2 2 2 2 10 2 2 2 2
left_child=23 7 20 6 5 -5 17 8 -2 10 11 14 13 -13 -9 16 -16 -4 -19 -20 -3 -22 -12 24 25 -1 27 -25 29 -28
right_child=1 2 3 4 -6 -7 -8 9 -10 -11 22 12 -14 -15 15 -17 -18 18 19 -21 21 -23 -24 26 -26 -27 28 -29 -30 -31
leaf_value=-0.0027316923127514593 0.0019735374054371639 -0.010234704940824188 0.019409788105741285 0.0010080900056094958 -0.0057696093766018757 0.019132757454382299 0.023144787826594741 -0.010609801912335988 0.016482534013199112 0.0091735953621474315 -0.017644468513664916 0.0071536020237472978 -0.010116174076859542 0.023355613037140347 0.0024185068313534379 0.01104218482532922 -0.012884066318923778 -0.0032078858423233033 0.018473099916259204 0.0015484471181194291 0.0094497345556887099 -0.0041210053208093327 -0.0034303579159080983 -0.012440697695075904 -0.0050371413135509649 0.0033310521690361012 0.0088405503691110308 0.0071558643802422887 -0.0043584176445364709 0.00057684459638155565
leaf_weight=1886 177 101 107 116 200 133 120 211 137 162 134 303 106 102 141 102 110 125 163 131 156 166 100 265 1506 727 292 129 615 2873
leaf_count=1886 177 101 107 116 200 133 120 211 137 162 134 303 106 102 141 102 110 125 163 131 156 166 100 265 1506 727 292 129 615 2873
internal_value=4.09334e-05 0.00351386 0.00588356 0.00837888 0.00335785 0.0106891 0.0118687 0.00149863 0.0083039 4.59716e-05 -0.00108365 0.00119897 0.00680528 0.0112341 -0.0038805 0.000141827 -0.0042878 0.00929624 0.00671355 0.0109318 -0.000575966 0.00245364 -0.0115701 -0.00134229 -0.00250455 -0.00104489 -0.00019535 -0.00602456 0.000412246 0.00133925
internal_weight=11596 3303 1518 1095 449 249 646 1785 314 1471 1309 1075 511 405 564 353 251 526 419 294 423 322 234 8293 4119 2613 4174 394 3780 3165
internal_count=11596 3303 1518 1095 449 249 646 1785 314 1471 1309 1075 511 405 564 353 251 526 419 294 423 322 234 8293 4119 2613 4174 394 3780 3165
is_linear=0
shrinkage=0.02


Tree=139
num_leaves=31
num_cat=0
split_feature=9 3 9 11 11 12 6 9 10 8 9 4 10 12 5 3 11 4 9 8 3 3 4 9 12 3 4 10 10 8
split_gain=106.855 55.4448 55.1222 52.6201 61.2079 55.978 50.2304 42.7287 48.519 56.1535 40.8058 65.9411 49.6365 88.913 68.4688 67.3526 37.8527 35.3031 33.8995 48.1427 45.0558 76.6266 52.8958 42.8069 39.0129 38.4524 36.8642 33.4011 72.7967 36.5623
threshold=0.24187454294304059 63.275711272423152 0.26413527236256512 0.62581730769230781 0.91696691176470602 73.187500000000014 4.5000000000000009 0.27408530876680531 0.4114278386972206 8.5000000000000018 0.12646941680764395 -0.19830588368410176 0.18700290756820057 65.727941176470594 0.51282494433644243 75.907564448474105 0.69129166666666675 -0.26412528455211909 0.16568743985962534 5.5000000000000009 68.406331682342383 67.932929264671444 0.023048052224564217 0.23038845726970036 64.406250000000014 69.364887584972081 -0.44639286755301782 0.24855061825961103 0.22799095171054665 12.500000000000002
decision_type=2 10 2 2 2 2 2 2 2 2 2 2 2 2 2 10 2 2 2 2 8 10 2 2 2 8 2 2 2 2
left_child=3 2 -2 6 5 10 -1 8 9 17 11 -5 13 -12 16 18 -15 -3 19 -14 21 22 23 27 -22 -26 -21 28 -20 -29
right_child=1 7 -4 4 -6 -7 -8 -9 -10 -11 12 -13 15 14 -16 -17 -18 -19 20 26 24 -23 -24 -25 25 -27 -28 29 -30 -31
leaf_value=-0.0015432956063518152 0.0062006078650221584 0.0021278764924832754 0.025997552460815646 -0.011726687080338598 -0.0077442371921716347 0.0095474308456891394 -0.0091761580151208527 -0.0028730413767879531 0.01712887403302427 -0.0055547511438775515 -0.009796323262084768 0.0052265477334630904 -0.0073430290359317221 0.014289265435777212 0.0214591180299427 0.010321884375936228 -0.00019088267239973631 0.018732104426063597 0.0078124626703037501 0.0079532594376586271 0.0088415411709583999 0.01997733288364751 0.01590361998833361 -0.011097523966005871 -0.011727042916889599 -0.0012801896260578199 -0.0019410586783542968 0.0061104016227440704 -0.013580065887524851 -0.0035940152145169601
leaf_weight=4165 127 105 101 250 327 301 376 259 140 161 106 145 543 114 153 261 197 100 114 193 129 105 105 105 164 1002 686 720 144 198
leaf_count=4165 127 105 101 250 327 301 376 259 140 161 106 145 543 114 153 261 197 100 114 193 129 105 105 105 164 1002 686 720 144 198
internal_value=4.01147e-05 0.00631367 0.0149703 -0.000547421 0.000672015 0.0011519 -0.00217531 0.00373366 0.00711535 0.00328503 0.00068685 -0.00550335 0.00117209 0.00673019 0.0105056 0.000463182 0.00511695 0.0102275 -0.000148302 -0.00266094 0.00113417 0.00350451 0.00225657 0.00113796 -0.00159492 -0.00274956 0.000231414 0.00223041 -0.00412755 0.00401729
internal_weight=11596 993 228 10603 6062 5735 4541 765 506 366 5434 395 5039 570 464 4469 311 205 4208 1422 2786 1491 1386 1281 1295 1166 879 1176 258 918
internal_count=11596 993 228 10603 6062 5735 4541 765 506 366 5434 395 5039 570 464 4469 311 205 4208 1422 2786 1491 1386 1281 1295 1166 879 1176 258 918
is_linear=0
shrinkage=0.02


Tree=140
num_leaves=31
num_cat=0
split_feature=0 5 12 1 10 12 12 2 2 5 9 2 3 2 1 1 9 10 0 9 12 8 10 1 3 5 12 2 9 0
split_gain=138.796 43.333 66.8699 64.7026 63.3227 59.6327 48.0282 55.5946 67.175 70.9828 40.2766 39.8569 39.5984 40.8248 48.3501 63.9038 43.7036 51.5705 37.5879 37.4936 45.4609 54.8338 44.5242 36.6936 51.2708 50.1263 36.9406 35.8027 37.5627 35.4347
threshold=0.2041256384620713 0.53458021745221085 71.24264705882355 0.36758460809495869 0.32056245008405942 68.343750000000014 69.500000000000014 0.93575463319519836 0.9063618821633993 0.14547062568980076 0.12747003901895207 0.82061693131905111 71.317792447011286 0.5441918083736309 0.14853898303136071 0.16347567543470812 0.17948942010398708 0.18794435926574352 0.14378852404995662 0.26498818520905348 68.27389705882355 7.5000000000000009 0.27083232414318209 0.26666697321355121 72.361010042451667 0.071022914352393357 69.727941176470594 0.79667908837720169 0.1625631455241966 0.23947637556268772
decision_type=10 2 2 10 2 2 2 10 8 2 2 10 8 10 10 10 2 2 8 2 2 2 2 10 8 2 2 10 2 10
left_child=10 3 19 4 27 -6 7 8 9 -5 -1 -11 13 18 16 -16 17 -15 -12 20 21 -3 -23 24 -14 -26 -25 -2 -29 -22
right_child=1 2 -4 6 5 -7 -8 -9 -10 11 12 -13 23 14 15 -17 -18 -19 -20 -21 29 22 -24 26 25 -27 -28 28 -30 -31
leaf_value=-0.0031637562903773799 -0.001132040576871912 -0.0073891846916828109 -0.012954451157643959 -0.017679931694108423 0.0079192548330873254 0.025263057993660715 0.0075697654653145872 -0.015096401260899646 0.014309860853427048 -0.006886962238126077 -0.0031812738404044605 0.0097528393160869441 0.014587976843433222 0.0021469301744223095 -0.015474178431805553 -0.00077593168560924114 -0.0035925842951852961 0.018525902579486785 -0.013362217763292683 -0.0090328134180834661 0.0015615845830091891 -0.0019551536778234088 0.016601498568854709 -0.0097226654805365152 0.013232850373218146 0.00061891252204509986 0.0048206459117674195 0.016775215385858071 0.0050546030039736716 0.01660671172480957
leaf_weight=3684 244 211 138 102 175 145 287 112 109 104 635 129 151 165 126 1941 143 144 188 104 106 106 101 183 144 1009 113 146 436 153
leaf_count=3684 244 211 138 102 175 145 287 112 109 104 635 129 151 165 126 1941 143 144 188 104 106 106 101 183 144 1009 113 146 436 153
internal_value=-0.000307038 0.0034716 -0.000120114 0.00513112 0.00822494 0.0157782 0.00092529 -0.0025045 0.000671833 -0.00376561 -0.00158089 0.00232563 -0.000400955 -0.00163968 -0.000376179 -0.00167191 0.00554919 0.00977985 -0.00550693 0.00214767 0.0038652 -0.000214385 0.00709906 0.00218643 0.00362945 0.00219429 -0.00417066 0.00529875 0.00799483 0.0104492
internal_weight=11534 2908 919 1989 1146 320 843 556 444 335 8626 233 4942 3342 2519 2067 452 309 823 781 677 418 207 1600 1304 1153 296 826 582 259
internal_count=11534 2908 919 1989 1146 320 843 556 444 335 8626 233 4942 3342 2519 2067 452 309 823 781 677 418 207 1600 1304 1153 296 826 582 259
is_linear=0
shrinkage=0.02


Tree=141
num_leaves=31
num_cat=0
split_feature=0 5 12 1 1 4 4 0 8 5 12 2 2 0 9 5 9 0 3 4 12 5 2 11 3 2 1 1 9 11
split_gain=133.299 41.617 64.2218 62.1404 53.9957 47.619 47.4067 79.0508 48.0458 46.4326 46.1263 53.4387 60.6037 42.4803 42.4624 41.3802 38.6816 38.512 38.0303 53.1535 69.8143 45.0606 39.503 43.5259 40.8838 39.2081 46.4354 61.3732 41.9729 38.3586
threshold=0.2041256384620713 0.53458021745221085 71.24264705882355 0.36758460809495869 0.30908423241579625 -0.45925789404279216 -0.32476363515524814 0.26686262215144446 5.5000000000000009 0.30158512124768799 69.500000000000014 0.93759080532807137 0.8155248651372391 0.21543192014353349 0.22350048075364889 0.14067735187120231 0.12747003901895207 0.26686262215144446 71.317792447011286 -0.19497938624241476 66.781250000000014 0.05109388025528195 0.56600281269538466 0.75029411764705889 74.771137921711457 0.5441918083736309 0.14853898303136071 0.16347567543470812 0.17948942010398708 0.7896875000000001
decision_type=10 2 2 10 10 2 2 10 2 2 2 10 8 10 2 2 2 10 8 2 2 2 8 2 10 10 10 10 2 2
left_child=16 3 6 4 5 -2 -3 8 -8 14 11 12 -5 -7 -6 -15 -1 -14 25 21 -21 -20 -23 -24 29 -18 28 -28 -27 -25
right_child=1 2 -4 10 9 13 7 -9 -10 -11 -12 -13 17 15 -16 -17 18 -19 19 20 -22 22 23 24 -26 26 27 -29 -30 -31
leaf_value=-0.003100481153375178 -0.0067281728590181632 -0.0038252202127140519 -0.012695362208195138 -0.010761843996483889 0.0026635877110371461 -0.0025151019124989059 0.0020187787758925604 -0.0063474057045366083 0.017848463054670364 0.020348861734869321 0.0074183701367510112 -0.015380681042487805 -0.00036465029271009065 0.020305000756922952 0.017876811231314939 0.0058083998767419478 -0.0053967942186220483 0.013865379639088163 0.015226041052147006 -0.016123697891533374 0.0010050849180509871 0.014845133814960719 -0.0035434058000213021 0.018163521401892025 -0.0047474240629296555 0.0095842523613046491 -0.015164694803367769 -0.00076041298836857342 -0.0035207326637607039 0.0043036244074080854
leaf_weight=3684 129 319 138 134 206 138 126 140 196 201 287 104 192 117 114 241 823 126 141 125 399 102 363 121 114 309 126 1941 143 235
leaf_count=3684 129 319 138 134 206 138 126 140 196 201 287 104 192 117 114 241 823 126 141 125 399 102 363 121 114 309 126 1941 143 235
internal_value=-0.000300897 0.00340217 -0.000117712 0.0050285 0.00806044 0.00409679 0.00210472 0.00619919 0.0116542 0.0128153 0.000906784 -0.00245441 0.000519774 0.00691215 0.0080833 0.0105461 -0.00154928 0.00527366 -0.000392936 0.0021427 -0.00308098 0.00468657 0.0030972 0.00165867 0.00567645 -0.00160688 -0.000368656 -0.00163847 0.00543821 0.00901443
internal_weight=11534 2908 919 1989 1146 625 781 462 322 521 843 556 452 496 320 358 8626 318 4942 1600 524 1076 935 833 470 3342 2519 2067 452 356
internal_count=11534 2908 919 1989 1146 625 781 462 322 521 843 556 452 496 320 358 8626 318 4942 1600 524 1076 935 833 470 3342 2519 2067 452 356
is_linear=0
shrinkage=0.02


Tree=142
num_leaves=31
num_cat=0
split_feature=0 5 12 1 10 4 12 9 4 0 5 12 12 4 3 9 9 0 3 0 4 4 10 12 3 1 10 12 12 10
split_gain=128.021 39.969 61.6786 59.6796 59.5608 62.0146 57.1404 53.5452 45.5294 75.9204 46.2462 44.2997 38.8941 76.6033 67.6804 37.8601 37.1498 36.9086 36.7856 35.4342 34.5639 33.3955 45.1045 31.9483 30.746 40.4726 25.07 23.6393 44.0223 24.4567
threshold=0.2041256384620713 0.53458021745221085 71.24264705882355 0.36758460809495869 0.32056245008405942 -0.52206070110775238 68.343750000000014 0.14148611534940497 -0.32476363515524814 0.26686262215144446 0.65379037851038868 69.500000000000014 67.727941176470594 -0.19054836593433089 67.582635563819352 0.16212308828640951 0.12747003901895207 0.25566771427573876 73.805122678346649 0.048692772237225436 -0.11776835188405996 -0.42903700535275829 0.33165269088098254 70.454044117647072 68.700627421504905 0.28724645231262597 0.17527489976578939 62.781250000000007 65.24264705882355 0.16425224577487751
decision_type=10 2 2 10 2 2 2 2 2 10 2 2 2 2 10 2 2 10 8 10 2 2 2 2 10 10 2 2 2 2
left_child=16 3 8 4 5 -2 -6 -7 17 10 -10 12 13 14 -5 -9 26 -3 19 -18 24 -20 -23 -13 25 -17 27 -1 -29 -30
right_child=1 2 -4 11 6 7 -8 15 9 -11 -12 23 -14 -15 -16 20 18 -19 21 -21 -22 22 -24 -25 -26 -27 -28 28 29 -31
leaf_value=0.0059451252129639831 -0.0087042233459981144 -0.0089611605224917783 -0.012441455026737588 -0.0025250798611650394 0.0075317373432219024 -0.0054532685031050019 0.024509227563081114 0.020646666684052319 0.0017803296313537815 -0.0062204577220587197 0.01738005547742149 0.016188737179324463 -0.0095461556135776077 -0.012206556968657035 0.018417581209897501 0.023506773470102677 -0.010772888233493035 0.0051301096285046154 0.010097054574927948 -0.00091940685662491326 -0.0023442644635705569 0.0029226250448452962 -0.010299766286581505 0.0022774496883579084 0.0036422840024276475 0.0063474076014460512 -0.0071311224759420724 -0.0082087642538580825 -0.0021339243351505203 0.0066756314677851539
leaf_weight=131 113 201 138 126 175 112 145 103 123 140 199 103 197 112 121 112 152 118 206 3688 114 777 119 184 164 108 515 492 2413 133
leaf_count=131 113 201 138 126 175 112 145 103 123 140 199 103 197 112 121 112 152 118 206 3688 114 777 119 184 164 108 515 492 2413 133
internal_value=-0.00029488 0.00333413 -0.000115358 0.00492793 0.00789923 0.0050613 0.0152247 0.00724293 0.00206262 0.00607521 0.0114212 0.000888649 -0.00240532 0.00151318 0.00773428 0.00960894 -0.00151829 -0.00374872 -0.000385077 -0.00130944 0.00732604 0.00283594 0.00116653 0.00727 0.0101969 0.0150831 -0.00303847 -0.00237337 -0.00273206 -0.00167372
internal_weight=11534 2908 919 1989 1146 826 320 713 781 462 322 843 556 359 247 601 8626 319 4942 3840 498 1102 896 287 384 220 3684 3169 3038 2546
internal_count=11534 2908 919 1989 1146 826 320 713 781 462 322 843 556 359 247 601 8626 319 4942 3840 498 1102 896 287 384 220 3684 3169 3038 2546
is_linear=0
shrinkage=0.02


Tree=143
num_leaves=31
num_cat=0
split_feature=0 5 1 10 4 9 4 4 3 5 10 5 9 4 8 0 3 4 5 5 1 4 0 3 10 9 0 0 0 9
split_gain=122.951 38.3862 57.3163 57.2022 59.5589 51.4248 36.9402 107.697 60.0525 64.4179 36.6862 66.9294 35.6787 35.5752 87.5578 64.1732 35.3883 50.5326 43.148 32.9613 37.9377 35.096 31.9543 31.2943 29.7784 29.4297 27.3955 26.7628 26.2689 24.4275
threshold=0.2041256384620713 0.53458021745221085 0.36758460809495869 0.32056245008405942 -0.52206070110775238 0.14148611534940497 -0.16928870563698703 -0.071534940151286849 70.109686953277375 0.16197723414889317 0.209783996837304 0.3653215037549028 0.12747003901895207 -0.32476363515524814 4.5000000000000009 0.25566771427573876 71.317792447011286 -0.19497938624241476 0.05109388025528195 -0.098877652476858452 0.41419801350424196 0.10585227643638147 0.17573848652203175 72.557069572500652 0.25169474301473616 0.13016289248705928 0.26553691660835571 0.24987415467404298 0.15135512201231785 0.21464364415733392
decision_type=10 2 10 2 2 2 2 2 10 2 2 2 2 2 2 10 8 2 2 2 8 2 10 8 2 2 10 10 10 2
left_child=12 2 3 4 -2 -6 8 -8 9 -4 -7 -12 -1 26 -15 -16 19 18 -18 24 21 25 23 -20 -14 -21 -3 -11 -19 -25
right_child=1 13 6 -5 5 10 7 -9 -10 27 11 -13 16 14 15 -17 17 28 22 20 -22 -23 -24 29 -26 -27 -28 -29 -30 -31
leaf_value=-0.0029777020933435499 -0.0085301389861687088 -0.0082701109032799949 -0.011614498922717757 0.014920169127261034 -0.0053442030443277746 0.018553710205151754 -0.020011571958311835 0.0073692374521771731 0.012811350260402948 -0.0031972258595319896 0.0017134452118731506 0.018188217489416122 -0.013366433294599547 -0.0080775140978070221 0.015556383993443069 -0.0018898757795721075 0.014862329689983994 -0.0064440726876692153 0.014790082689947808 0.0096388064716748968 -0.012999025879815074 0.010499032031375546 -0.0057076026338080945 0.0013661511209139689 -8.4185742556915758e-05 -0.0013538521695026873 0.0035835210376165129 0.0095995935840024194 0.0028396898236878487 0.011611199046040441
leaf_weight=3684 113 268 144 320 112 136 112 118 189 104 323 142 170 183 222 136 141 331 104 101 101 111 143 577 112 2747 110 176 193 111
leaf_count=3684 113 268 144 320 112 136 112 118 189 104 323 142 170 183 222 136 141 331 104 101 101 111 143 577 112 2747 110 176 193 111
internal_value=-0.000288982 0.00326744 0.00482937 0.00774125 0.00496007 0.00709807 0.000870876 -0.00596403 0.00343536 -0.000744035 0.00941676 0.00674445 -0.00148793 -0.00011305 0.00317617 0.00892875 -0.000377375 0.0020686 0.00454896 -0.0015484 -0.000945432 -0.000534005 0.00299368 0.00456475 -0.00809121 -0.000964014 -0.00482064 0.00484649 -0.00302467 0.00301906
internal_weight=11534 2908 1989 1146 826 713 843 230 613 424 601 465 8626 919 541 358 4942 1600 1076 3342 3060 2959 935 792 282 2848 378 280 524 688
internal_count=11534 2908 1989 1146 826 713 843 230 613 424 601 465 8626 919 541 358 4942 1600 1076 3342 3060 2959 935 792 282 2848 378 280 524 688
is_linear=0
shrinkage=0.02


Tree=144
num_leaves=31
num_cat=0
split_feature=0 5 1 10 4 9 11 10 0 5 0 9 3 4 0 5 5 0 11 4 10 11 4 0 4 3 0 9 9 11
split_gain=118.082 36.8661 55.0466 54.937 57.2003 49.3884 73.519 36.4373 54.4186 60.2161 42.104 34.2658 34.6003 34.1664 52.8635 49.2846 45.0129 33.367 32.7964 31.5025 43.7405 29.5942 27.6397 26.3106 24.6861 22.7203 27.531 23.9553 41.8575 30.6051
threshold=0.2041256384620713 0.53458021745221085 0.36758460809495869 0.32056245008405942 -0.52206070110775238 0.14148611534940497 0.74849264705882368 0.25801865620420045 0.26686262215144446 0.36820390866694408 0.29011748173660112 0.12747003901895207 73.805122678346649 -0.32476363515524814 0.26686262215144446 0.65379037851038868 0.81269509183146293 0.048692772237225436 0.68211397058823542 -0.42903700535275829 0.33165269088098254 0.91395833333333343 -0.34554479098994995 0.26553691660835571 -0.17697671039421006 62.146489355068674 0.16526764840142966 0.23147486716904317 0.21525478292862402 0.78029411764705892
decision_type=10 2 10 2 2 2 2 2 10 2 10 2 8 2 10 2 2 10 2 2 2 2 2 10 2 10 10 2 2 2
left_child=11 2 3 4 -2 -6 -7 -4 9 22 -10 18 17 23 15 -15 -17 -13 -1 -14 -21 25 -9 -3 -8 26 -19 28 29 -27
right_child=1 13 7 -5 5 6 24 8 10 -11 -12 12 19 14 -16 16 -18 21 -20 20 -22 -23 -24 -25 -26 27 -28 -29 -30 -31
leaf_value=-0.0023832368827520533 -0.0083595361936408871 -0.0081047087679825616 0.0086413578489884964 0.014621765964198858 -0.0052373189745204786 0.020142286044784956 0.0082215879765738329 -0.0032977216766000941 0.014533506753651993 0.006804264092072845 -0.0010986649546079164 -0.010449574574656588 0.0098063705668070371 -0.0016105866205218611 -0.0063662558818458181 0.021838775230892775 0.003980994931676171 -0.00066286624329267465 -0.0095752543753461691 0.0028619836167968148 -0.010158948268772673 -0.0084704629441556076 -0.01646251432326707 0.0035118507966399194 -0.0019223277977578443 -0.00093662706100206244 -0.010016983984174525 0.0084490930018601591 -0.012269503310322763 0.0039147806712446177
leaf_weight=3410 113 268 187 320 112 175 280 104 115 100 172 152 206 151 164 116 110 326 274 777 119 195 165 110 146 2016 205 135 110 701
leaf_count=3410 113 268 187 320 112 175 280 104 115 100 172 152 206 151 164 116 110 326 274 777 119 195 165 110 146 2016 205 135 110 701
internal_value=-0.000283202 0.0032021 0.00473278 0.00758642 0.00486087 0.00695611 0.00922843 0.000853458 -0.00136657 -0.00644675 0.0051651 -0.00145817 -0.000369828 -0.000110789 0.00311265 0.0072361 0.0131469 -0.00126631 -0.00291815 0.00275405 0.00113264 -0.000887829 -0.0113728 -0.00472423 0.00474503 -0.000464521 -0.00427415 0.000218435 -0.000174611 0.000315061
internal_weight=11534 2908 1989 1146 826 713 601 843 656 369 287 8626 4942 919 541 377 226 3840 3684 1102 896 3688 269 378 426 3493 531 2962 2827 2717
internal_count=11534 2908 1989 1146 826 713 601 843 656 369 287 8626 4942 919 541 377 226 3840 3684 1102 896 3688 269 378 426 3493 531 2962 2827 2717
is_linear=0
shrinkage=0.02


Tree=145
num_leaves=31
num_cat=0
split_feature=9 12 12 11 11 1 9 4 10 3 12 4 4 12 12 4 1 5 12 5 12 12 12 11 6 11 10 4 12 11
split_gain=124.724 46.9726 38.1357 49.4746 50.7503 58.1109 71.9896 55.3835 37.0923 41.1715 33.9386 47.3324 36.9544 33.9571 37.3471 35.5849 32.4274 46.4793 41.0238 30.7784 28.8479 31.9868 24.7279 52.2354 36.8198 28.2573 26.249 24.2676 23.3147 23.1198
threshold=0.20036935228636912 64.343750000000014 73.281250000000014 0.94097285067873315 0.91533333333333344 0.43798693182444104 0.23499880070358725 -0.28225677871921551 0.22876523379365724 74.099174897746991 61.500000000000007 -0.20298931224397901 -0.74750032232107355 70.393382352941188 71.406250000000014 0.14943039279315742 0.19606188952490414 0.5829470712630842 73.849264705882362 -0.34244556779941554 71.150735294117666 70.63602941176471 66.781250000000014 0.76718750000000002 4.5000000000000009 0.83483455882352953 0.28834498707174311 -0.24133847635658398 73.849264705882362 0.84572916666666675
decision_type=2 2 2 2 2 10 2 2 2 10 2 2 2 2 2 2 8 2 2 2 2 2 2 2 2 2 2 2 2 2
left_child=10 -2 3 4 5 6 8 -6 -3 22 11 -1 -12 15 20 19 28 18 27 -14 21 -15 25 -24 26 -10 -25 -18 -16 -8
right_child=1 2 -4 -5 7 -7 29 -9 9 -11 12 -13 13 14 16 -17 17 -19 -20 -21 -22 -23 23 24 -26 -27 -28 -29 -30 -31
leaf_value=0.011884146013281532 -0.0038711459895827954 0.013949889927621811 -0.0057576930029865567 0.014076588230340609 -0.012078468629640321 -0.0049030254861896798 0.0077627079420874989 0.0049979979770798837 0.00080196550696111119 0.0127439507489441 0.0078278835818788705 -0.0047858458503403445 -0.01207850085938293 0.011275832072548245 -0.0028722352194699508 0.0077805462697806372 -0.0030768919330696727 -0.0079726795495078436 0.015226422407064453 -0.002318392266299043 0.011443746951356361 -0.00077767261777362943 0.010361147359279651 -0.0014974311956789642 0.0033865528418288997 0.014022925166413187 -0.013822338986262847 0.0068470412975299979 -0.013133650632705867 0.015967930040838366
leaf_weight=179 297 124 136 224 149 194 239 155 183 131 169 110 132 115 397 137 215 157 111 6181 178 376 112 113 142 100 178 182 114 323
leaf_count=179 297 124 136 224 149 194 239 155 183 131 169 110 132 115 397 137 215 157 111 6181 178 376 112 113 142 100 178 182 114 323
internal_value=-2.51597e-05 0.00364899 0.00454131 0.00513306 0.00419822 0.00544959 0.0066705 -0.00337172 0.00365655 0.00232561 -0.00120048 0.00553917 -0.00143061 -0.00161924 0.000773356 -0.00230363 -0.00137284 0.00153842 0.00447788 -0.00252247 0.00454604 0.00204545 0.000677301 -0.0018133 -0.00496235 0.00547368 -0.00903638 0.00147262 -0.00516147 0.0124785
internal_weight=11553 2800 2503 2367 2143 1839 1645 304 1083 959 8753 289 8464 8295 1845 6450 1176 665 508 6313 669 491 828 545 433 283 291 397 511 562
internal_count=11553 2800 2503 2367 2143 1839 1645 304 1083 959 8753 289 8464 8295 1845 6450 1176 665 508 6313 669 491 828 545 433 283 291 397 511 562
is_linear=0
shrinkage=0.02


Tree=146
num_leaves=31
num_cat=0
split_feature=9 12 0 12 9 2 4 3 10 12 12 3 4 5 10 5 5 3 3 3 10 4 2 0 3 3 4 2 10 9
split_gain=119.785 45.1125 44.2675 36.6255 41.4561 84.3318 55.03 39.1061 39.041 33.0797 39.9419 50.934 48.454 43.2961 40.06 36.4585 32.8056 58.6187 52.9325 76.4604 42.541 44.2879 62.1845 37.2876 59.9499 54.3997 32.689 29.2974 27.7154 26.8804
threshold=0.20036935228636912 64.343750000000014 0.13513720897644946 73.281250000000014 0.2592072782290174 0.86165836069865698 -0.40241762505822448 76.122108861217882 0.37876350089201866 61.500000000000007 69.24264705882355 58.69865735505519 -0.022113287218032986 0.76433852597476537 0.24447304549137569 0.31298057354644565 0.079657280191556309 74.771137921711457 70.568204071245972 66.7018192631989 0.2892046614430413 -0.29089158875107629 0.85332718775963512 0.1562877504309568 65.889685547734089 63.370264636043295 -0.18392449410215564 0.73363573319671516 0.23238809753249043 0.24625474648047263
decision_type=2 2 10 2 2 8 2 10 2 2 2 10 2 2 2 2 2 10 10 10 2 2 8 10 10 10 2 10 2 2
left_child=2 -2 -1 4 7 -6 -7 29 -8 -4 11 -11 16 14 -12 -16 18 20 19 -13 21 23 -23 -18 25 -25 -24 -26 -14 -3
right_child=1 3 9 -5 5 6 8 -9 -10 10 13 12 28 -15 15 -17 17 -19 -20 -21 -22 22 26 24 27 -27 -28 -29 -30 -31
leaf_value=-0.002493021155605644 -0.0037937230639385456 0.0037064040609762626 0.010056345266810453 -0.0056425395328551535 0.02263219852222512 0.017015668485580393 0.0070077307906114697 0.014070081188162761 -0.008970127687381025 -0.013659437673902788 0.0013437926912320108 0.0076142828895520145 0.012612555562341704 -0.0066545572122895568 0.0034806275380265821 0.015135994255542755 0.010185902876779437 -0.016717043724553338 0.015218734285290088 -0.011797587769106031 -0.010460653471438071 -0.0088303300969502212 -0.0042451184520534441 0.0014415022626949046 -0.0033635711663713057 -0.019166117106186282 0.011125464029302281 0.0086508863649342165 -0.0002612965372551618 -0.0044380452102101642
leaf_weight=4714 297 1552 136 136 151 103 132 134 114 129 704 186 158 166 223 207 190 116 109 144 208 448 102 104 120 101 121 251 116 181
leaf_count=4714 297 1552 136 136 151 103 132 134 114 129 704 186 158 166 223 207 190 116 109 144 208 448 102 104 120 101 121 251 116 181
internal_value=-2.46565e-05 0.00357601 -0.00117647 0.00445048 0.0050304 0.010145 0.00474223 0.00366066 -0.000396643 0.000360094 2.22286e-05 -0.00140759 -0.000768746 0.00288516 0.00428162 0.00909147 -0.00175652 -0.00297592 0.00313496 -0.000856352 -0.00200694 -0.000783302 -0.00453474 0.00250288 -3.14543e-05 -0.00871152 0.00409497 0.00476481 0.00716231 0.00285577
internal_weight=11553 2800 8753 2503 2367 500 349 1867 246 4039 3903 2603 2474 1300 1134 430 2200 1761 439 330 1645 1437 671 766 576 205 223 371 274 1733
internal_count=11553 2800 8753 2503 2367 500 349 1867 246 4039 3903 2603 2474 1300 1134 430 2200 1761 439 330 1645 1437 671 766 576 205 223 371 274 1733
is_linear=0
shrinkage=0.02


Tree=147
num_leaves=31
num_cat=0
split_feature=9 0 11 11 11 11 4 4 1 0 0 5 5 1 11 3 4 1 5 5 3 3 3 5 9 11 9 11 5 4
split_gain=115.041 42.5145 40.0768 36.1484 68.1796 48.6081 63.9232 49.0293 35.9884 43.3175 41.0886 45.8762 72.6926 52.4861 45.6658 40.1962 38.2689 41.8216 36.2802 34.7918 29.9608 29.7815 40.0666 51.9127 44.3611 66.0237 44.9592 42.7609 41.613 34.5967
threshold=0.20036935228636912 0.13513720897644946 0.87775000000000014 0.93781250000000005 0.95281250000000017 0.77703296703296709 -0.19285945196807677 -0.40722765906718389 0.44207432967056498 0.25862097400460976 0.23947637556268772 0.61674106664611206 0.51282494433644243 0.29277612538691949 0.86207142857142871 73.432676635407276 -0.20298931224397901 0.3117468292782033 0.34967293041372355 0.11429721740713485 65.965099152146777 65.432736462061641 66.788657708959349 0.76433852597476537 0.14312848762340824 0.41937500000000005 0.16998560663787995 0.73139204545454561 0.87975025804757212 -0.53297990050211974
decision_type=2 10 2 2 2 2 2 2 10 10 10 2 2 8 2 10 2 10 2 2 10 10 10 2 2 2 2 2 2 2
left_child=1 2 -1 5 -5 6 7 -2 9 10 11 12 15 -13 -12 16 17 19 -10 -7 -11 29 -23 24 25 -24 -26 -28 -25 -3
right_child=3 21 -4 4 -6 8 -8 -9 18 20 14 13 -14 -15 -16 -17 -18 -19 -20 -21 -22 22 23 28 26 -27 27 -29 -30 -31
leaf_value=-0.0021515532418442348 0.012895566368533765 0.0065525182560906281 -0.014104926032581082 0.020987002893995781 0.0020872950900245359 0.0094289840769808779 0.018571058448426929 -0.002971628459647822 -0.015161740228091136 0.017576151163721423 0.0013119480748638862 0.0027604254617887946 0.01823108244715756 -0.014201729005967926 -0.01629165962744843 0.013952952180758562 -0.006271018019028257 0.013519262083344103 0.0015508446285379268 -0.0042420304276524707 0.0045937539164528805 0.0071526694198878402 0.0050577509703278612 -0.016299796467336515 0.0079192333532214186 -0.0070592133453328343 -0.0094900275466682244 0.0029802963373373199 -0.0014161764307698207 -0.0034192437704716806
leaf_weight=4599 128 159 115 130 185 109 163 199 101 106 127 168 131 129 110 101 228 127 107 235 216 427 301 120 602 447 139 527 201 1116
leaf_count=4599 128 159 115 130 185 109 163 199 101 106 127 168 131 129 110 101 228 127 107 235 216 427 301 120 602 447 139 527 201 1116
internal_value=-2.41634e-05 -0.00115294 -0.00244316 0.00350449 0.00988717 0.00269542 0.00833951 0.00323938 0.00130915 0.0022256 0.000765747 0.0022372 0.00442058 -0.00460697 -0.0068585 0.00215911 0.000454988 0.00371089 -0.0065644 8.97736e-05 0.00886746 0.000352892 0.0015193 0.000490016 0.00167946 -0.00218327 0.00395811 0.000377631 -0.00698015 -0.00217571
internal_weight=11553 8753 4714 2800 315 2485 490 327 1995 1787 1465 1228 931 297 237 800 699 471 208 344 322 4039 2764 2337 2016 748 1268 666 321 1275
internal_count=11553 8753 4714 2800 315 2485 490 327 1995 1787 1465 1228 931 297 237 800 699 471 208 344 322 4039 2764 2337 2016 748 1268 666 321 1275
is_linear=0
shrinkage=0.02


Tree=148
num_leaves=31
num_cat=0
split_feature=9 8 1 4 8 11 11 4 2 5 10 10 10 9 4 10 4 9 9 11 11 2 5 5 4 1 1 4 1 2
split_gain=110.486 85.1672 67.8337 57.2234 52.6583 40.1308 33.8486 67.1215 33.272 35.9042 50.8204 38.9354 37.4502 33.4727 32.8526 41.2285 54.4226 37.3957 41.0802 38.7033 39.5043 33.3428 32.1791 27.6607 30.2637 27.4723 29.266 33.823 26.5818 26.5425
threshold=0.20036935228636912 2.5000000000000004 0.39236654399623944 -0.25134963127689897 14.500000000000002 0.88693181818181832 0.76718750000000002 -0.19285945196807677 0.48156587420224112 0.54750183995215951 0.24232630141896913 0.10313481488303204 0.083251961639058417 0.14239009896846819 -0.15327413876059495 0.28204895634441424 -0.046108638641158169 0.2592072782290174 0.27408530876680531 0.93299107142857152 0.86207142857142871 0.85675857592430604 0.76433852597476537 0.96943112981570934 -0.12211979572510778 0.40484896414153265 0.092798156801453965 -0.36134120387772123 0.43798693182444104 0.72321032355265846
decision_type=2 2 8 2 2 2 2 2 10 2 2 2 2 2 2 2 2 2 2 2 2 8 2 2 2 10 8 2 10 10
left_child=8 2 3 -2 6 -4 7 -3 9 11 13 12 -1 -11 17 -16 -17 19 -19 20 21 -8 25 24 29 26 27 -10 -27 -24
right_child=1 4 5 -5 -6 -7 14 -9 22 10 -12 -13 -14 -15 15 16 -18 18 -20 -21 -22 -23 23 -25 -26 28 -28 -29 -30 -31
leaf_value=-0.0023448889939546853 0.010433530391504367 0.0017017864555719509 -0.0018602437702582672 0.029814456250704825 -0.0092488351701958786 0.013136987288792928 -0.00031819821524550209 0.021113047057380981 0.014492904144946648 0.00058122811151875391 -0.012135122479484962 -0.0053174743446068387 0.012375043217837811 0.012044711084105075 0.0076037202088226532 -0.013536888540450794 0.0015021680565831406 0.016254118063137864 0.0022706555722460235 0.01239516339575251 -0.0046661046885481056 0.011507290945829529 -0.0034651501001212465 0.0012451143207555079 0.0013485319336706942 0.013055093590026864 -0.00044554010015481361 0.00099957927507126612 0.00047396912473997624 -0.015052775621223145
leaf_weight=224 156 199 183 100 163 117 256 111 115 675 111 1850 100 120 116 192 193 160 177 108 417 152 133 237 121 130 4393 210 139 195
leaf_count=224 156 199 183 100 163 117 256 111 115 675 111 1850 100 120 116 192 193 160 177 108 417 152 133 237 121 130 4393 210 139 195
internal_value=-2.36801e-05 0.0034344 0.0104419 0.0180042 0.00169814 0.00398868 0.0025556 0.00865227 -0.00112989 -0.00280337 0.000541607 -0.00419737 0.0021983 0.00231157 0.00148842 -0.00284857 -0.00599783 0.00319931 0.00890969 0.00113672 -0.000337111 0.00408738 -0.000221313 -0.00428264 -0.00720041 0.000337353 -1.70967e-05 0.00577414 0.00655407 -0.0103541
internal_weight=11553 2800 556 256 2244 300 2081 310 8753 3080 906 2174 324 795 1771 501 385 1270 337 933 825 408 5673 686 449 4987 4718 325 269 328
internal_count=11553 2800 556 256 2244 300 2081 310 8753 3080 906 2174 324 795 1771 501 385 1270 337 933 825 408 5673 686 449 4987 4718 325 269 328
is_linear=0
shrinkage=0.02


Tree=149
num_leaves=31
num_cat=0
split_feature=9 8 2 8 12 12 11 9 5 5 10 2 5 5 2 2 5 10 10 10 9 4 7 1 1 12 12 12 12 1
split_gain=106.11 81.7946 66.4061 50.5731 36.4078 44.5221 62.3359 64.4444 48.2379 61.9064 64.1349 47.603 60.7588 47.2858 32.2936 31.9544 34.4824 48.808 37.3936 35.9672 32.1472 31.7926 41.2172 58.1357 54.8891 45.1018 49.2802 56.8339 47.0221 39.9356
threshold=0.20036935228636912 2.5000000000000004 0.83959784158362794 14.500000000000002 73.281250000000014 67.531250000000014 0.7589487179487181 0.2592072782290174 0.74303114348681742 0.59027386448500729 0.35812174829350873 0.84742337259802392 0.49512127980938742 0.25715075494357637 0.79898062121975599 0.48156587420224112 0.54750183995215951 0.24232630141896913 0.10313481488303204 0.083251961639058417 0.14239009896846819 -0.72668405218101628 1.0000000180025095e-35 0.35047551221747414 0.19177606190118648 61.218750000000007 70.393382352941188 71.406250000000014 71.031250000000014 0.1259729778934747
decision_type=2 2 8 2 2 2 2 2 2 2 2 10 2 2 10 10 2 2 2 2 2 2 2 10 10 2 2 2 2 8
left_child=15 2 -2 4 5 11 -7 8 9 10 -8 14 13 -13 -3 16 18 20 19 -1 -18 -17 25 24 -24 -23 29 28 -28 -27
right_child=1 3 -4 -5 -6 6 7 -9 -10 -11 -12 12 -14 -15 -16 21 17 -19 -20 -21 -22 22 23 -25 -26 26 27 -29 -30 -31
leaf_value=-0.0022979912509409977 0.023768301839089911 -0.0014047502700683719 0.0067034261786038923 -0.0090638583909971576 -0.0092697646770626314 0.019492925168883245 0.0053614012640175058 0.013119424093607427 0.012693170855442684 -0.015018694187913621 -0.011931858040172503 0.0062848846802726057 0.013843232344329005 -0.011395962751126506 -0.013221611896630868 0.0091273615902788211 0.00056960363015532496 -0.011892420148795791 -0.0052111248771527889 0.012127542449533939 0.011803816918283701 0.011877831946313382 0.0061808163993452726 0.013825743855204343 -0.0028449374544815449 0.002461932006902492 0.0027787376372587114 -0.0012167871996700283 0.018370292613297021 -0.0038119662685192584
leaf_weight=224 115 327 441 163 100 118 417 241 123 105 108 133 169 111 129 142 675 111 1850 100 120 100 475 164 623 476 189 620 131 2753
leaf_count=224 115 327 441 163 100 118 417 241 123 105 108 133 169 111 129 142 675 111 1850 100 120 100 475 164 623 476 189 620 131 2753
internal_value=-2.32065e-05 0.00336571 0.010233 0.00166418 0.00250449 0.00309884 0.00574938 0.00411785 0.00123687 -0.00099984 0.00180393 -0.000292862 0.00462577 -0.00175845 -0.00474768 -0.00110729 -0.0027473 0.000530775 -0.00411342 0.00215433 0.00226533 -0.000216887 -0.000456786 0.00271863 0.00105965 -0.0013955 -0.00171388 0.00231626 0.00916153 -0.00288711
internal_weight=11553 2800 556 2244 2081 1981 1112 994 753 630 525 869 413 244 456 8753 3080 906 2174 324 795 5673 5531 1262 1098 4269 4169 940 320 3229
internal_count=11553 2800 556 2244 2081 1981 1112 994 753 630 525 869 413 244 456 8753 3080 906 2174 324 795 5673 5531 1262 1098 4269 4169 940 320 3229
is_linear=0
shrinkage=0.02


Tree=150
num_leaves=31
num_cat=0
split_feature=2 9 9 11 6 12 12 11 11 2 8 2 11 4 1 11 11 12 6 11 2 4 5 9 5 1 12 4 8 11
split_gain=89.3756 40.0856 38.2404 42.4281 35.7312 35.5604 53.8609 39.2114 51.5605 50.2607 76.144 51.5935 70.446 42.3923 38.0501 61.2745 36.1015 35.9866 102.96 73.2211 58.4252 34.6094 28.4083 27.9272 63.5237 31.7724 30.9103 27.6071 38.2969 30.4017
threshold=0.83249275760430497 0.27893827985739755 0.24571204547682055 0.91935661764705889 4.5000000000000009 61.441176470588239 64.21139705882355 0.91696691176470602 0.94097285067873315 0.91645412704283491 12.500000000000002 0.8654080303084063 0.85357142857142876 -0.24837509188166512 0.24044962968092323 0.74849264705882368 0.88900000000000012 68.531250000000014 4.5000000000000009 0.85159663865546231 0.95642875319567033 -0.74750032232107355 0.4179255683212697 0.14592386900566548 0.81269509183146293 0.21291980043434419 65.24264705882355 -0.5371038904275689 14.500000000000002 0.6130000000000001
decision_type=10 2 2 2 2 2 2 2 2 10 2 10 2 2 10 2 2 2 2 2 10 2 2 2 2 8 2 2 2 2
left_child=2 5 3 21 -4 -2 -7 9 -9 10 11 -8 14 -12 -13 -16 -14 18 19 -11 22 -1 -19 26 27 -26 -23 -25 29 -29
right_child=1 -3 4 -5 -6 6 7 8 -10 17 13 12 16 -15 15 -17 -18 20 -20 -21 -22 23 -24 24 25 -27 -28 28 -30 -31
leaf_value=0.0080823795846218516 0.01238054384138774 0.012195303110515371 0.015690265869961518 -0.012244263017996096 0.0004597584837222401 -0.0088639785651138375 0.0083913370913159639 -0.011264447069130419 0.0054167329789850662 -0.0018703380294821479 -0.0016049641541515788 0.012246649808403622 -0.01701086817516221 -0.016464072869275696 -0.0085421261541983665 0.0069837268759964013 -0.00089701808215874549 0.013837300094929958 0.027079883985794508 0.015879175338072715 -0.0096331526427197132 -0.0057594366246693039 0.00077872973677585835 -0.0052094458749712405 -0.0012544645972387947 -0.013994532717566793 -0.0015962836937859124 -0.0033445108191295387 -0.0075514100756945788 0.003032374080291402
leaf_weight=157 132 170 101 142 158 179 499 178 127 220 192 158 117 128 170 253 106 139 117 161 112 896 128 268 138 181 3500 347 174 2164
leaf_count=157 132 170 101 142 158 179 499 178 127 220 192 158 117 128 170 253 106 139 117 161 112 896 128 268 138 181 3500 347 174 2164
internal_value=-5.01451e-05 0.00273806 -0.00116394 -0.0014098 0.00639907 0.0022221 0.00177273 0.00245151 -0.00431851 0.00327745 0.00119289 0.00333969 0.000204399 -0.00754861 0.0038721 0.000744022 -0.00935137 0.0071352 0.0106695 0.00563011 0.00249116 -0.00121319 0.00757701 -0.00140351 -4.48995e-06 -0.00848316 -0.00244482 0.000911424 0.00152237 0.00215114
internal_weight=11512 3286 8226 7967 259 3116 2984 2805 305 2500 1623 1303 804 320 581 423 223 877 498 381 379 7825 267 7668 3272 319 4396 2953 2685 2511
internal_count=11512 3286 8226 7967 259 3116 2984 2805 305 2500 1623 1303 804 320 581 423 223 877 498 381 379 7825 267 7668 3272 319 4396 2953 2685 2511
is_linear=0
shrinkage=0.02


Tree=151
num_leaves=31
num_cat=0
split_feature=2 12 12 10 5 8 2 3 2 10 1 5 8 4 12 12 5 5 4 2 10 12 8 3 10 11 4 12 2 4
split_gain=85.8363 30.7008 61.0449 37.4797 54.5981 47.8601 45.2812 50.6917 58.2869 76.8497 42.7936 46.4248 42.9499 35.8873 51.0135 50.3973 47.3083 64.107 57.987 45.124 42.781 34.9781 31.947 27.8751 48.0359 85.5223 58.2054 41.5777 40.5272 43.5935
threshold=0.83249275760430497 61.441176470588239 64.21139705882355 0.3008574074698952 0.83335361136413078 2.5000000000000004 0.86353203085370123 66.336481956786628 0.91001600994976262 0.37876350089201866 0.18494997119791792 0.31141503454097624 1.5000000000000002 -0.48899410374866981 67.968750000000014 68.27389705882355 0.42750261032383746 0.2282731207994696 -0.22698828547456562 0.92467050270832341 0.27852399744818707 68.531250000000014 9.5000000000000018 75.907564448474105 0.21657623533094403 0.77118055555555565 -0.25829087509226867 69.656250000000014 0.5259369238614523 -0.72668405218101628
decision_type=10 2 2 2 2 2 10 10 10 2 10 2 2 2 2 2 2 2 2 10 2 2 2 8 2 2 2 2 10 2
left_child=23 -2 -3 10 5 -5 -7 21 -9 -10 11 -4 -12 14 -14 19 17 -17 -18 20 22 -8 -15 28 -25 26 -26 -27 -1 -30
right_child=1 2 3 4 -6 6 7 8 9 -11 12 -13 13 15 -16 16 18 -19 -20 -21 -22 -23 -24 24 25 27 -28 -29 29 -31
leaf_value=-0.0035268621363738267 0.012132932995587136 -0.0087018967170856502 0.018334608412949385 0.013850466305084821 0.019011401700811972 0.011688276876421535 0.00021029840782284739 -0.0063893754631025746 0.016940608197261418 -0.0033213607914325213 -0.012117966329509563 0.0013600710932165382 0.0036707177577773109 0.0040920529260189947 -0.013518035003542902 0.0041958784277950009 0.0084844192989029978 0.022862478758347786 -0.0100208576067777 0.0082546382092863989 -0.016315543524699636 -0.015191248137632321 -0.0082021313641340507 -0.0022956706469840315 0.023762938594806566 -0.0061833188085968502 0.0050762349809857386 0.008176593070365782 0.01104115412216778 -0.00076583121741640619
leaf_weight=2740 132 190 113 177 113 170 120 146 189 124 110 150 128 186 150 175 159 127 118 137 101 116 155 621 129 221 138 127 129 4121
leaf_count=2740 132 190 113 177 113 170 120 146 189 124 110 150 128 186 150 175 159 127 118 137 101 116 155 621 129 221 138 127 129 4121
internal_value=-4.91422e-05 0.0026833 0.00228782 0.00299228 0.00580689 0.00437492 0.00243599 0.000172847 0.00404592 0.0089135 0.00119523 0.00865331 -7.35108e-05 0.000849115 -0.00560379 0.00239826 0.0065706 0.0120457 0.000601305 -0.00177408 -0.00488253 -0.00735995 -0.00149621 -0.00114066 0.00162803 0.00559001 0.0141046 -0.000942776 -0.00163023 -0.000407454
internal_weight=11512 3286 3154 2964 1155 1042 865 695 459 313 1809 263 1546 1436 278 1158 579 302 277 579 442 236 341 8226 1236 615 267 348 6990 4250
internal_count=11512 3286 3154 2964 1155 1042 865 695 459 313 1809 263 1546 1436 278 1158 579 302 277 579 442 236 341 8226 1236 615 267 348 6990 4250
is_linear=0
shrinkage=0.02


Tree=152
num_leaves=31
num_cat=0
split_feature=2 0 11 1 3 8 4 12 11 2 12 11 11 1 6 8 1 1 11 0 12 12 4 2 2 12 12 12 8 2
split_gain=82.4372 39.022 39.5317 37.224 57.4566 40.5237 46.068 45.8958 35.6519 85.6376 65.8995 35.6178 32.8824 42.0014 37.4165 32.6225 32.2368 64.674 29.7522 29.2048 43.9412 40.916 38.1317 35.7193 30.6566 28.7637 40.871 36.2852 42.5304 28.7509
threshold=0.83249275760430497 0.26553691660835571 0.91696691176470602 0.31597827638324538 62.146489355068674 4.5000000000000009 -0.15327413876059495 67.343750000000014 0.78121323529411779 0.87178887931545612 70.393382352941188 0.94097285067873315 0.57330357142857158 0.24313119715956097 4.5000000000000009 10.500000000000002 0.35047551221747414 0.41419801350424196 0.66449519230769238 0.14794550999873107 65.57536764705884 72.218750000000014 -0.72668405218101628 0.67729635109107722 0.5259369238614523 68.27389705882355 68.393382352941188 67.424632352941188 10.500000000000002 0.14170529513032901
decision_type=10 8 2 10 10 2 2 2 2 10 2 2 2 10 2 2 8 10 2 8 2 2 2 8 8 2 2 2 2 10
left_child=19 2 3 8 -5 -6 7 -7 12 -10 -11 -4 13 -2 18 16 -3 -18 -14 20 23 25 -21 -1 -24 27 -27 -22 -29 -28
right_child=1 15 11 4 5 6 -8 -9 9 10 -12 -13 14 -15 -16 -17 17 -19 -20 22 21 -23 24 -25 -26 26 29 28 -30 -31
leaf_value=-0.0035210491957646112 0.016396456552115645 -0.0051431093881626356 -0.010361977193813406 -0.013251013630439366 0.0087972560150645918 0.0098946600463349008 -0.010814900522108203 -0.0034406251169275493 0.018436085529049528 0.0067203773831905327 -0.011090355087252497 0.0042495499763126462 -0.01400808724365561 -0.00077768809392920926 0.0071981488060472269 0.014276455449439139 0.01918588064165197 0.00032201523038869107 -0.0013298182588085126 0.012212999779000587 0.00039344546721449617 -0.0076084217437189716 -0.0082815525021529609 -0.011794267310664573 0.00022185403011533216 0.013225433753918759 -0.0055841017205674384 -0.0094774890803747038 0.0012259750289067759 0.0020825097182173495
leaf_weight=745 111 110 193 126 211 173 154 256 207 430 103 102 104 117 140 183 117 192 257 102 884 348 178 290 3589 113 239 433 226 1079
leaf_count=745 111 110 193 126 211 173 154 256 207 430 103 102 104 117 140 183 117 192 257 102 884 348 178 290 3589 113 239 433 226 1079
internal_value=-4.81594e-05 0.00262963 0.00159745 0.00245038 -0.000704267 0.00128678 -0.00143142 0.00193701 0.00442606 0.00751855 0.00327853 -0.00530986 0.0012869 0.00758341 -0.00157857 0.0072316 0.00415473 0.00746464 -0.00498228 -0.00111784 -0.00224081 -0.00111972 0.000146768 -0.00583915 -0.000179953 -0.000360449 0.00168197 -0.00225462 -0.0058068 0.000692282
internal_weight=11512 3286 2684 2389 920 794 583 429 1469 740 533 295 729 228 501 602 419 309 361 8226 4357 3322 3869 1035 3767 2974 1431 1543 659 1318
internal_count=11512 3286 2684 2389 920 794 583 429 1469 740 533 295 729 228 501 602 419 309 361 8226 4357 3322 3869 1035 3767 2974 1431 1543 659 1318
is_linear=0
shrinkage=0.02


Tree=153
num_leaves=31
num_cat=0
split_feature=2 9 9 11 10 10 5 2 2 9 6 4 3 6 11 3 11 3 4 12 5 3 12 12 9 5 10 12 10 9
split_gain=79.1727 37.8119 36.194 40.8755 35.9716 56.5038 38.8622 35.3232 37.339 42.4113 34.3151 31.4146 30.4405 45.5839 55.8326 46.0445 86.9295 36.9804 47.2961 40.646 52.4744 41.2308 36.773 31.8922 25.6749 60.7325 34.617 52.4546 39.6927 35.2087
threshold=0.83249275760430497 0.27893827985739755 0.24571204547682055 0.91935661764705889 0.39735125585313663 0.37876350089201866 0.34967293041372355 0.94611334033277106 0.9544875690605451 0.21730621968859018 4.5000000000000009 -0.74750032232107355 68.406331682342383 1.5000000000000002 0.91696691176470602 63.962743160826001 0.6696875000000001 69.364887584972081 -0.4794900567143951 69.303308823529434 0.38903906780758918 73.805122678346649 69.152573529411782 65.968750000000014 0.14592386900566548 0.81269509183146293 0.17892053823960266 65.24264705882355 0.16783914381637385 0.11467198379829792
decision_type=10 2 2 2 2 2 2 10 10 2 2 2 10 2 2 10 2 10 2 2 2 10 2 2 2 2 2 2 2 2
left_child=2 4 3 11 5 7 -6 12 -9 -10 -4 -1 13 -2 15 -15 -17 -14 -19 21 -21 -20 23 -18 26 -26 27 -13 -29 -28
right_child=1 -3 10 -5 6 -7 -8 8 9 -11 -12 24 17 14 -16 16 22 18 19 20 -22 -23 -24 -25 25 -27 29 28 -30 -31
leaf_value=0.0077144449161496136 -0.0079945646771299311 0.011762162406435784 0.015367602027657599 -0.011969059335303978 0.00070091556534171114 -0.012641174409094208 0.017614767721721106 0.016688892026239438 -0.0014630853924467119 0.013946381311898477 0.00044194034925555881 -0.0064481411820614901 -0.010202658746730198 0.00041618023263780696 -0.0099907501470297578 -0.0047134365181939128 0.0093805750668661241 -0.0099037065245694937 0.0024827976524829866 0.017693927746731789 0.00020663465750781266 -0.011137110730485312 0.0052795421829352441 0.021675293911434711 0.00091395936383513498 -0.008271909920808198 -0.013832431157192071 -0.00056932805435963921 0.011444707175939466 -0.0038738964087399975
leaf_weight=157 134 170 101 142 100 109 119 121 215 107 158 635 165 418 100 147 146 154 302 128 148 126 177 200 2953 319 167 2530 115 949
leaf_count=157 134 170 101 142 100 109 119 121 215 107 158 635 165 418 100 147 146 154 302 128 148 126 177 200 2953 319 167 2530 115 949
internal_value=-4.71962e-05 0.00257704 -0.00109549 -0.00133468 0.00207593 0.0014851 0.00989155 0.00203738 0.00721683 0.00365745 0.00626237 -0.0011417 0.00105892 0.00306342 0.0043107 0.00562517 0.00887496 -0.00153145 0.000136087 0.00233229 0.00831668 -0.0015268 0.0126943 0.0164873 -0.00132303 1.83933e-05 -0.00232147 -0.00128623 -4.69787e-05 -0.00536411
internal_weight=11512 3286 8226 7967 3116 2897 219 2788 443 322 259 7825 2345 1322 1188 1088 670 1023 858 704 276 428 523 346 7668 3272 4396 3280 2645 1116
internal_count=11512 3286 8226 7967 3116 2897 219 2788 443 322 259 7825 2345 1322 1188 1088 670 1023 858 704 276 428 523 346 7668 3272 4396 3280 2645 1116
is_linear=0
shrinkage=0.02


end of trees

feature_importances:
wt_snap_share=584
wt_target_share=561
baseline_target_share=561
baseline_snap_share=407
baseline_team_total_plays=395
baseline_air_yards_share=369
def_short_pass_epa_adj=364
wt_air_yards_share=360
wt_team_total_plays=359
def_deep_pass_epa_adj=337
games_played_so_far=244
draft_tier_int=61
is_cold_start_int=18

parameters:
[boosting: gbdt]
[objective: regression]
[metric: rmse]
[tree_learner: serial]
[device_type: cpu]
[data_sample_strategy: bagging]
[data: ]
[valid: ]
[num_iterations: 154]
[learning_rate: 0.02]
[num_leaves: 31]
[num_threads: 1]
[seed: 42]
[deterministic: 0]
[force_col_wise: 0]
[force_row_wise: 0]
[histogram_pool_size: -1]
[max_depth: -1]
[min_data_in_leaf: 100]
[min_sum_hessian_in_leaf: 0.001]
[bagging_fraction: 0.8]
[pos_bagging_fraction: 1]
[neg_bagging_fraction: 1]
[bagging_freq: 5]
[bagging_seed: 400]
[bagging_by_query: 0]
[feature_fraction: 0.8]
[feature_fraction_bynode: 1]
[feature_fraction_seed: 30056]
[extra_trees: 0]
[extra_seed: 12879]
[early_stopping_round: 0]
[early_stopping_min_delta: 0]
[first_metric_only: 0]
[max_delta_step: 0]
[lambda_l1: 0]
[lambda_l2: 0]
[linear_lambda: 0]
[min_gain_to_split: 0]
[drop_rate: 0.1]
[max_drop: 50]
[skip_drop: 0.5]
[xgboost_dart_mode: 0]
[uniform_drop: 0]
[drop_seed: 17869]
[top_rate: 0.2]
[other_rate: 0.1]
[min_data_per_group: 100]
[max_cat_threshold: 32]
[cat_l2: 10]
[cat_smooth: 10]
[max_cat_to_onehot: 4]
[top_k: 20]
[monotone_constraints: ]
[monotone_constraints_method: basic]
[monotone_penalty: 0]
[feature_contri: ]
[forcedsplits_filename: ]
[refit_decay_rate: 0.9]
[cegb_tradeoff: 1]
[cegb_penalty_split: 0]
[cegb_penalty_feature_lazy: ]
[cegb_penalty_feature_coupled: ]
[path_smooth: 0]
[interaction_constraints: ]
[verbosity: -1]
[saved_feature_importance_type: 0]
[use_quantized_grad: 0]
[num_grad_quant_bins: 4]
[quant_train_renew_leaf: 0]
[stochastic_rounding: 1]
[linear_tree: 0]
[max_bin: 255]
[max_bin_by_feature: ]
[min_data_in_bin: 3]
[bin_construct_sample_cnt: 200000]
[data_random_seed: 175]
[is_enable_sparse: 1]
[enable_bundle: 1]
[use_missing: 1]
[zero_as_missing: 0]
[feature_pre_filter: 0]
[pre_partition: 0]
[two_round: 0]
[header: 0]
[label_column: ]
[weight_column: ]
[group_column: ]
[ignore_column: ]
[categorical_feature: ]
[forcedbins_filename: ]
[precise_float_parser: 0]
[parser_config_file: ]
[objective_seed: 16083]
[num_class: 1]
[is_unbalance: 0]
[scale_pos_weight: 1]
[sigmoid: 1]
[boost_from_average: 1]
[reg_sqrt: 0]
[alpha: 0.9]
[fair_c: 1]
[poisson_max_delta_step: 0.7]
[tweedie_variance_power: 1.5]
[lambdarank_truncation_level: 30]
[lambdarank_norm: 1]
[label_gain: ]
[lambdarank_position_bias_regularization: 0]
[eval_at: ]
[multi_error_top_k: 1]
[auc_mu_weights: ]
[num_machines: 1]
[local_listen_port: 12400]
[time_out: 120]
[machine_list_filename: ]
[machines: ]
[gpu_platform_id: -1]
[gpu_device_id: -1]
[gpu_use_dp: 0]
[num_gpu: 1]

end of parameters
